/**
 * generated by fontconvert.py
 * name: literatamono_14_bolditalic
 * size: 14
 * mode: 2-bit  compressed: true
 * Command used: fontconvert.py literatamono_14_bolditalic 14 ../builtinFonts/source/Literata/Literata-BoldItalic.ttf --2bit --compress --pnum --zopfli --mono
 */
#pragma once
#include "EpdFontData.h"

static const uint8_t literatamono_14_bolditalicBitmaps[14507] = {
    0xA5, 0xD8, 0x4B, 0x8A, 0xEB, 0xDC, 0x0E, 0xC5, 0xF1, 0x05, 0xEA, 0x16, 0x68, 0x2A, 0x05, 0xA7,
    0x6B, 0xD0, 0xD4, 0x05, 0x19, 0xC0, 0x99, 0x8A, 0x20, 0x5D, 0xC1, 0xFF, 0xEE, 0x87, 0x9D, 0xA4,
    0x2A, 0xE7, 0xF5, 0x71, 0x6D, 0xAD, 0x9F, 0xA8, 0x78, 0x97, 0xBD, 0xED, 0xBC, 0x23, 0x2F, 0xEF,
    0x91, 0xBD, 0xE6, 0x63, 0xD5, 0x5E, 0xA5, 0xC8, 0x28, 0x6A, 0xE8, 0x22, 0xB2, 0x43, 0xC7, 0x28,
    0x5F, 0xF5, 0x21, 0x79, 0xC6, 0x40, 0x87, 0x14, 0x6A, 0x39, 0x50, 0x8B, 0xCF, 0x43, 0x2D, 0x1D,
    0x2A, 0xA9, 0xED, 0x95, 0x00, 0x92, 0x89, 0x95, 0xA5, 0xAC, 0xFC, 0x15, 0xD9, 0x4B, 0x02, 0x19,
    0xA4, 0xDF, 0x7F, 0x56, 0xDC, 0x6E, 0x23, 0x3F, 0x67, 0x32, 0xEE, 0xA9, 0x20, 0xE5, 0x94, 0x0C,
    0x24, 0x48, 0x19, 0x25, 0x8B, 0x11, 0xEF, 0x30, 0x2F, 0x7E, 0x8E, 0xF8, 0xEC, 0x64, 0xC0, 0xDA,
    0x2C, 0xD7, 0x8A, 0xB7, 0xBC, 0x04, 0x0A, 0xA9, 0x23, 0xA7, 0x9E, 0xBD, 0xAC, 0xE9, 0x6D, 0x1A,
    0x9E, 0x12, 0x4C, 0xBD, 0xC2, 0x91, 0xD4, 0x41, 0x0E, 0x59, 0x73, 0xED, 0xA1, 0xE7, 0xD3, 0x10,
    0xC3, 0x56, 0x20, 0x6B, 0x79, 0x4B, 0x4E, 0x4A, 0x06, 0x2D, 0x39, 0x86, 0x14, 0xA5, 0xA5, 0xF5,
    0x54, 0xDA, 0x86, 0xA2, 0x87, 0x69, 0xF4, 0x50, 0xDE, 0x41, 0x1A, 0x3A, 0x90, 0x97, 0x62, 0x8D,
    0xF1, 0x14, 0xF9, 0xC5, 0x18, 0xEE, 0xAD, 0x6D, 0x48, 0x0E, 0x25, 0x09, 0x06, 0x41, 0x1F, 0x63,
    0xD1, 0xBA, 0xB6, 0x5A, 0x33, 0x13, 0x52, 0xAF, 0x69, 0xD5, 0x59, 0xB1, 0x2B, 0x67, 0xF1, 0x52,
    0xF1, 0xA8, 0x92, 0x5F, 0x65, 0x2D, 0xED, 0x0A, 0xC9, 0x65, 0x83, 0x9C, 0x65, 0x73, 0xD3, 0x2C,
    0xF1, 0xA8, 0x54, 0xFC, 0xA6, 0xD8, 0x25, 0x21, 0x1B, 0xF5, 0x98, 0xCF, 0xDE, 0x2E, 0xB5, 0xA4,
    0x63, 0xD6, 0x71, 0x7C, 0xC6, 0xD1, 0x41, 0x0B, 0x05, 0xC9, 0x8F, 0xFA, 0xAC, 0x56, 0x4B, 0x25,
    0x45, 0x8E, 0xE8, 0x4B, 0x02, 0xF2, 0x4A, 0x7E, 0xDB, 0xE6, 0x19, 0x35, 0x57, 0x2B, 0x4B, 0x4F,
    0x74, 0x88, 0xB5, 0x9C, 0x0F, 0xE9, 0x8A, 0x94, 0xAC, 0x24, 0xCF, 0x9D, 0xD7, 0xDD, 0xF7, 0x8E,
    0xCD, 0xD4, 0xDF, 0x87, 0x5D, 0x43, 0x5E, 0x87, 0x69, 0x87, 0x11, 0x39, 0x29, 0x41, 0xC9, 0xF0,
    0xD6, 0x28, 0xE4, 0x25, 0x32, 0x16, 0x79, 0xC1, 0x1F, 0x89, 0x81, 0xA2, 0x6C, 0xD1, 0xF2, 0xF6,
    0x92, 0x41, 0x4A, 0xD1, 0x23, 0xE4, 0x28, 0x48, 0xFD, 0xA5, 0xF4, 0x5A, 0xAC, 0x45, 0x94, 0x1C,
    0x14, 0x49, 0x0E, 0x6B, 0x25, 0xA3, 0x8E, 0xD1, 0xB5, 0x42, 0x8E, 0x48, 0xD6, 0xFB, 0x24, 0xE3,
    0xF1, 0x67, 0x79, 0x59, 0x85, 0xBC, 0x80, 0x2B, 0x29, 0x5A, 0x0E, 0x19, 0x39, 0xA2, 0xA8, 0xC8,
    0x11, 0xC5, 0xF3, 0x1F, 0xBD, 0x25, 0x4A, 0xDA, 0xB3, 0xAF, 0x33, 0xFD, 0x39, 0x82, 0xA2, 0x5A,
    0x14, 0x46, 0x42, 0xCB, 0x49, 0xED, 0x7F, 0x50, 0x3C, 0x60, 0x60, 0x13, 0xFF, 0x59, 0x52, 0xF8,
    0x45, 0x0F, 0xAC, 0x06, 0x9E, 0x17, 0x68, 0x10, 0x40, 0x2E, 0xF6, 0xFC, 0x15, 0x9B, 0x54, 0x80,
    0x16, 0x06, 0xE5, 0x3B, 0xE9, 0x29, 0xB9, 0x5E, 0x12, 0xAD, 0x7D, 0x3B, 0xE7, 0x5C, 0xFD, 0xCA,
    0xBA, 0x46, 0xAC, 0x90, 0x18, 0x8A, 0x6B, 0xCE, 0x36, 0x08, 0x5A, 0xDC, 0xDA, 0x86, 0x5E, 0xD6,
    0xD7, 0xA5, 0x8B, 0x1B, 0x19, 0x50, 0xB4, 0x37, 0x65, 0x4D, 0xAE, 0x30, 0x7B, 0x5C, 0x29, 0x2F,
    0x1F, 0x1A, 0xA4, 0xA2, 0x15, 0xD0, 0x57, 0x90, 0xBA, 0x65, 0xD5, 0x6F, 0x0F, 0x4C, 0xB4, 0x62,
    0xBD, 0xE3, 0x33, 0xAF, 0x77, 0x61, 0xCA, 0xD0, 0xCC, 0xF3, 0xF5, 0xB5, 0x7D, 0xDF, 0x87, 0xB9,
    0xB3, 0x8E, 0x4B, 0xA4, 0xD3, 0x12, 0xE7, 0x98, 0xA4, 0x42, 0xDE, 0xAC, 0xD8, 0xD9, 0xBD, 0x62,
    0x8E, 0x06, 0x89, 0x96, 0xA2, 0xCF, 0xFD, 0xAD, 0x5B, 0xD7, 0x39, 0xF0, 0x9A, 0xBD, 0xA5, 0x83,
    0x7B, 0x1B, 0xB7, 0x2F, 0x13, 0xFC, 0xDC, 0xD7, 0x31, 0xB9, 0x21, 0xA7, 0xF7, 0xA5, 0x4B, 0x6A,
    0xAE, 0x91, 0x7A, 0x59, 0x42, 0xE4, 0x5C, 0x43, 0x5E, 0xD1, 0x73, 0xF5, 0xD2, 0x97, 0xE5, 0xFD,
    0x59, 0xAF, 0x19, 0xE4, 0x88, 0x1A, 0x44, 0x89, 0x9C, 0xE5, 0xE7, 0x81, 0x4A, 0x8E, 0xD4, 0xD2,
    0x07, 0xD7, 0xA2, 0x6B, 0xE1, 0x5A, 0x0E, 0xE9, 0x39, 0x96, 0xDA, 0xFF, 0xAC, 0xB5, 0x3B, 0x23,
    0xA3, 0xD7, 0x56, 0xE9, 0xF3, 0x79, 0xBF, 0xB7, 0xA1, 0xD6, 0x4A, 0xF2, 0x78, 0x02, 0x71, 0x5E,
    0xA8, 0x1A, 0x49, 0xA9, 0x25, 0xD5, 0x48, 0x9F, 0xD1, 0xEE, 0xC6, 0xCE, 0xBE, 0x0D, 0x6A, 0xE8,
    0x40, 0x5E, 0xB3, 0xB0, 0xD6, 0x8C, 0x97, 0x24, 0xE4, 0x19, 0xFD, 0x11, 0x0A, 0x41, 0x8F, 0x66,
    0x6D, 0xE5, 0xC9, 0x6E, 0xED, 0xE5, 0xBB, 0x7D, 0x7C, 0x69, 0x51, 0xA1, 0xD1, 0x7E, 0xEC, 0x76,
    0xAF, 0x16, 0xC6, 0x8D, 0x52, 0x08, 0x91, 0x3A, 0xAF, 0xBB, 0x97, 0x94, 0x92, 0x71, 0x1E, 0x0B,
    0x52, 0x92, 0x73, 0x4E, 0xF6, 0x73, 0x12, 0x35, 0x65, 0xDB, 0xD3, 0xFB, 0xD4, 0x4E, 0x99, 0xDE,
    0xA6, 0xBE, 0xCD, 0x69, 0x88, 0xBC, 0x3C, 0x96, 0x40, 0x5D, 0xD6, 0x3A, 0xC9, 0x4B, 0x6F, 0x59,
    0x4E, 0x41, 0x90, 0xDB, 0x80, 0xD2, 0x00, 0x19, 0x46, 0x1A, 0x5A, 0xC4, 0x03, 0x74, 0xE2, 0x35,
    0x08, 0x4D, 0xD0, 0x63, 0x5C, 0x59, 0x7F, 0x87, 0xB4, 0x36, 0x12, 0xE8, 0xF3, 0x4C, 0x7D, 0x00,
    0x6D, 0x08, 0x2F, 0x11, 0x23, 0xE4, 0xCA, 0xC7, 0x88, 0xD0, 0x7B, 0xC8, 0x95, 0x0F, 0x4A, 0x11,
    0xAD, 0x76, 0x78, 0x7D, 0x12, 0x97, 0xA6, 0xA4, 0x0C, 0xA3, 0x86, 0xF2, 0x9E, 0xBE, 0x97, 0xC8,
    0xDF, 0x28, 0x6B, 0xD9, 0x8B, 0xDE, 0x4F, 0xA9, 0xE1, 0x9E, 0x36, 0xAD, 0xA9, 0xF6, 0x11, 0x67,
    0x0C, 0xCD, 0xC4, 0x19, 0x1F, 0xD1, 0x33, 0xD4, 0x4A, 0x4B, 0x2F, 0xF1, 0x91, 0x98, 0xF1, 0x16,
    0xD7, 0xF2, 0xBE, 0x3F, 0xF9, 0xC8, 0xC7, 0x9F, 0xF7, 0xF7, 0x1E, 0xE8, 0x15, 0x39, 0x25, 0xC1,
    0x79, 0xF7, 0x78, 0x2B, 0x32, 0x6A, 0x92, 0x03, 0x52, 0xAE, 0x81, 0x84, 0xBE, 0xE1, 0xE4, 0x26,
    0x15, 0x2F, 0x44, 0x0D, 0x7C, 0x3F, 0x2C, 0x40, 0x0A, 0x72, 0xA4, 0x1E, 0x65, 0xE8, 0xAC, 0x7E,
    0xF7, 0x6B, 0x01, 0x0F, 0x5B, 0xFE, 0x7B, 0x5F, 0x0B, 0x12, 0x6A, 0x99, 0xCF, 0x23, 0xBE, 0x57,
    0xFF, 0xBA, 0xBC, 0x05, 0xB5, 0xAA, 0x79, 0xFF, 0xDF, 0x7F, 0xDB, 0x95, 0x8F, 0xAA, 0x59, 0x91,
    0x42, 0x6A, 0xE9, 0x53, 0xFB, 0x22, 0xE4, 0xD6, 0x90, 0x95, 0x86, 0x9E, 0xD3, 0xD0, 0xB4, 0xA7,
    0x56, 0x53, 0xCF, 0x61, 0x87, 0xA6, 0x6C, 0x6B, 0xEA, 0x3D, 0x35, 0xBE, 0xEA, 0x2D, 0xF2, 0x69,
    0xDC, 0xC5, 0x3A, 0xCA, 0xD0, 0x51, 0xD0, 0x2B, 0x86, 0x7E, 0x9D, 0xFE, 0x6D, 0x7C, 0x24, 0xFC,
    0xED, 0x01, 0x58, 0x32, 0x7A, 0x36, 0xA7, 0xB5, 0x5A, 0x8A, 0x96, 0x47, 0xEA, 0xDE, 0x8A, 0x47,
    0xB3, 0x3B, 0x3A, 0x46, 0x2B, 0xD4, 0x5F, 0x5A, 0xAD, 0x96, 0xAB, 0xC5, 0xED, 0xA5, 0x65, 0xDC,
    0x73, 0x35, 0x56, 0xF3, 0xAB, 0xE9, 0xD1, 0xC0, 0x30, 0x00, 0x6B, 0x83, 0x60, 0x8E, 0xD9, 0x1A,
    0xA5, 0x96, 0xFD, 0xDC, 0xF6, 0xF4, 0xB6, 0x65, 0x9A, 0xA7, 0x39, 0x8D, 0x6D, 0x4D, 0xBD, 0xEA,
    0x69, 0x97, 0x3C, 0x6D, 0xCB, 0x54, 0x0F, 0x41, 0x31, 0xEC, 0xA9, 0x8C, 0x41, 0x40, 0x8A, 0xE4,
    0xFC, 0x48, 0x38, 0x89, 0x92, 0x2D, 0xD8, 0xE4, 0x05, 0x93, 0x78, 0x70, 0x8D, 0xF3, 0x45, 0x79,
    0x2B, 0xCA, 0x10, 0x79, 0x3D, 0x27, 0x53, 0xEF, 0x2F, 0xB2, 0xD4, 0x20, 0xDE, 0x11, 0x79, 0x0E,
    0x09, 0xAE, 0x23, 0x4B, 0xB2, 0xFE, 0x0D, 0xD0, 0x27, 0xD7, 0xA7, 0xE3, 0xDE, 0xC7, 0xF0, 0xEB,
    0x79, 0x5F, 0xA4, 0x7C, 0xD1, 0xE8, 0x0F, 0x14, 0xA9, 0xD8, 0x44, 0x89, 0xF4, 0x36, 0x64, 0xE7,
    0xFE, 0x53, 0xF2, 0x11, 0x03, 0x49, 0x15, 0x75, 0x48, 0x46, 0x48, 0x82, 0x41, 0x4C, 0xAC, 0x7F,
    0xF7, 0x56, 0x52, 0x0F, 0xAE, 0xDB, 0xEC, 0x71, 0x6E, 0xE8, 0xBA, 0x82, 0xBE, 0xE8, 0x81, 0x2D,
    0x18, 0x88, 0x9C, 0xDC, 0xA1, 0x82, 0x81, 0xF7, 0xEB, 0xE7, 0xAD, 0x48, 0x1B, 0xF1, 0x9D, 0x92,
    0x02, 0x7D, 0xFD, 0x3E, 0xEB, 0x8F, 0xCF, 0x99, 0x1D, 0xEB, 0x04, 0x47, 0x56, 0x7F, 0x7E, 0x9F,
    0x0D, 0xAE, 0x7D, 0x63, 0x78, 0xB5, 0x61, 0x13, 0xF5, 0x42, 0x03, 0xBD, 0xD1, 0xFF, 0x84, 0x41,
    0x6D, 0x82, 0x1A, 0xC5, 0xF2, 0xF5, 0xD5, 0xD1, 0xBF, 0xFA, 0x5E, 0x1F, 0xCB, 0x63, 0x19, 0x2F,
    0xDE, 0x9F, 0xDA, 0x6D, 0xEA, 0x43, 0x03, 0x9B, 0xB6, 0x91, 0xA2, 0x86, 0x31, 0x2D, 0x28, 0xA7,
    0x0C, 0x29, 0x34, 0xED, 0x53, 0x0D, 0x6B, 0x98, 0xF6, 0x6A, 0x4A, 0x51, 0xBE, 0xD5, 0x34, 0x86,
    0xBE, 0xED, 0x63, 0xD9, 0x43, 0x3B, 0xAD, 0x29, 0x53, 0x91, 0x97, 0x41, 0x79, 0x89, 0x86, 0x8A,
    0xD9, 0xAF, 0x2F, 0xA9, 0xE7, 0x69, 0xCA, 0x78, 0xED, 0x21, 0xBD, 0x74, 0x74, 0x48, 0xA4, 0xA3,
    0x9E, 0x3D, 0x56, 0x8F, 0x3C, 0x50, 0xED, 0x7E, 0x9B, 0xBD, 0x7A, 0x75, 0xAF, 0x8A, 0x5B, 0x4A,
    0x7E, 0x3F, 0x3B, 0x15, 0xAC, 0x9E, 0x3E, 0xBB, 0xCD, 0xAE, 0xD7, 0xAE, 0xD9, 0x83, 0x76, 0x72,
    0x7B, 0x5D, 0x8B, 0xB4, 0x7A, 0x9E, 0xF9, 0xF3, 0x6C, 0x8D, 0x7E, 0x3B, 0xC3, 0x5A, 0xF6, 0x63,
    0xAB, 0xDF, 0x9E, 0x1F, 0xC4, 0x7A, 0xFB, 0xFC, 0xC0, 0x05, 0x06, 0xB9, 0x0D, 0xCA, 0x49, 0x96,
    0xD6, 0xE7, 0x3D, 0x61, 0x25, 0x9D, 0xE6, 0x3A, 0x7A, 0xBE, 0x5E, 0xF7, 0x9E, 0xBE, 0x5C, 0x65,
    0x3B, 0xE7, 0xF0, 0xAE, 0xBE, 0x19, 0xF4, 0xA5, 0x03, 0xB9, 0x49, 0x91, 0x21, 0x43, 0x21, 0xEF,
    0x41, 0xAC, 0x41, 0x75, 0xEE, 0xC6, 0xD0, 0x89, 0x3F, 0x6F, 0x7F, 0xD9, 0xE8, 0xE9, 0xBD, 0x89,
    0x8C, 0x32, 0x12, 0x40, 0x0B, 0x27, 0x67, 0x95, 0x76, 0xC5, 0xB7, 0xCA, 0xFF, 0x5E, 0x08, 0xD4,
    0x12, 0x52, 0xEC, 0x4A, 0xF9, 0xAE, 0x92, 0xAD, 0x52, 0x5F, 0x15, 0x57, 0x79, 0x9E, 0x65, 0xDF,
    0x06, 0x21, 0x45, 0x10, 0x18, 0x7A, 0x5B, 0xED, 0x5A, 0xFB, 0x57, 0x2B, 0x4D, 0xCB, 0x52, 0xF2,
    0x92, 0xA2, 0x25, 0x46, 0x1A, 0xED, 0x17, 0x1F, 0xCF, 0x69, 0xC8, 0xBA, 0xA5, 0x3E, 0xA4, 0x02,
    0x56, 0x0E, 0x21, 0x14, 0x69, 0xA5, 0x56, 0xF4, 0x21, 0x83, 0xEB, 0xCD, 0xA5, 0x06, 0x91, 0x17,
    0x64, 0x7C, 0xE5, 0xC7, 0xE4, 0x7E, 0x12, 0xB7, 0x5B, 0x67, 0x70, 0x23, 0xAD, 0x85, 0x68, 0x69,
    0xE3, 0x13, 0xFB, 0x46, 0x0D, 0xBC, 0xBC, 0x06, 0xC1, 0xA0, 0x06, 0xF7, 0x24, 0x2F, 0x22, 0x1D,
    0xF1, 0x4A, 0x0B, 0x9D, 0x18, 0xE7, 0xFC, 0xA0, 0xA4, 0x40, 0x83, 0x96, 0x81, 0xBC, 0x23, 0xA3,
    0x3C, 0x87, 0xC9, 0x8A, 0xF4, 0x3D, 0x91, 0xA6, 0xA8, 0x48, 0x07, 0x89, 0x92, 0x14, 0x7D, 0x61,
    0xBF, 0x21, 0xE8, 0x97, 0xEB, 0x12, 0xFF, 0xF9, 0xBA, 0x38, 0x37, 0xCA, 0x5A, 0xBC, 0xCC, 0x94,
    0x8C, 0x8A, 0xE7, 0x4C, 0x6F, 0x08, 0x4A, 0xF4, 0xCB, 0x4C, 0xCB, 0x15, 0x90, 0x4E, 0x4B, 0x94,
    0x16, 0x46, 0xCB, 0x0B, 0x45, 0xCE, 0xF4, 0x35, 0xD8, 0x21, 0x67, 0xDE, 0x4E, 0x17, 0xFD, 0x3D,
    0xBD, 0x93, 0xF5, 0xFC, 0xB7, 0x96, 0xA4, 0xE8, 0xC3, 0xA0, 0x7D, 0xAE, 0xE5, 0x1D, 0x33, 0xE9,
    0xCD, 0x4A, 0x9C, 0xF9, 0x31, 0x72, 0x5F, 0x99, 0xA7, 0x1A, 0xDC, 0xCE, 0xDF, 0x3E, 0xBC, 0x22,
    0x67, 0x22, 0xC9, 0xE7, 0x2F, 0x25, 0xB4, 0xB4, 0xB1, 0xDF, 0xE3, 0x3D, 0x08, 0x1E, 0x0F, 0x8E,
    0x8B, 0xFB, 0x22, 0xBF, 0x80, 0x7D, 0xA1, 0x8D, 0xCF, 0x49, 0x79, 0x8B, 0x54, 0xCB, 0x38, 0x4B,
    0xAD, 0xBD, 0x44, 0x89, 0xD6, 0xAD, 0x65, 0xBF, 0x2F, 0xEF, 0x34, 0xCA, 0x90, 0xCE, 0xCA, 0xA5,
    0xF6, 0x62, 0xC8, 0x67, 0xA5, 0xE2, 0xCF, 0x3F, 0xB9, 0xAD, 0xEA, 0x59, 0x59, 0xA2, 0xF6, 0xF6,
    0x7F, 0xBA, 0x06, 0x65, 0x35, 0x69, 0x79, 0xF9, 0x44, 0x13, 0xAB, 0x41, 0xA4, 0x9C, 0xD6, 0xC9,
    0x9D, 0x41, 0x6D, 0x72, 0x10, 0x13, 0xAF, 0x1C, 0x30, 0x30, 0x44, 0x8B, 0x3F, 0x9D, 0xE8, 0x55,
    0xF5, 0x56, 0xE4, 0x28, 0x43, 0x51, 0xE7, 0x8E, 0xA2, 0xFD, 0x6A, 0x69, 0x5D, 0x1C, 0x31, 0x5B,
    0xCF, 0x56, 0xD5, 0x35, 0xDA, 0x3D, 0x1F, 0x8D, 0xAB, 0xF9, 0x5D, 0xEC, 0x7B, 0xEA, 0xB5, 0xB5,
    0x21, 0x3E, 0x76, 0xEB, 0xD5, 0xA2, 0xA2, 0xAC, 0x45, 0x07, 0x8A, 0x89, 0x75, 0x4F, 0x6A, 0x50,
    0x93, 0x7B, 0xBE, 0xE2, 0x0B, 0xF4, 0x60, 0xDD, 0xF3, 0xA2, 0x27, 0xF9, 0xED, 0x17, 0xAA, 0x7A,
    0x3C, 0x6E, 0xDF, 0x53, 0x31, 0xF3, 0xF2, 0x8A, 0x10, 0xE5, 0xE7, 0x34, 0x6E, 0xDD, 0xEB, 0x4C,
    0x63, 0x90, 0x83, 0xFB, 0x57, 0xD0, 0x82, 0xF4, 0x45, 0x1B, 0x72, 0xCE, 0x17, 0xA6, 0xEB, 0xAE,
    0xD1, 0x3B, 0xE4, 0x89, 0xA2, 0x8F, 0xFF, 0xE3, 0x75, 0xA5, 0x14, 0x0C, 0xAC, 0xED, 0x8F, 0x47,
    0x39, 0xEF, 0x41, 0x3A, 0xEA, 0x67, 0x53, 0xD6, 0x35, 0x92, 0xF3, 0x14, 0xB4, 0x82, 0xE4, 0x33,
    0xFD, 0x2D, 0xB5, 0x23, 0xCA, 0x21, 0x8A, 0x50, 0x44, 0x46, 0x94, 0x82, 0x74, 0x5A, 0x20, 0xE3,
    0x98, 0x2D, 0x30, 0x82, 0x76, 0x52, 0x2D, 0x1B, 0x55, 0xB3, 0xBC, 0x04, 0x35, 0xCA, 0x4B, 0xBF,
    0xAB, 0xA8, 0x0F, 0xAF, 0xC3, 0x69, 0x23, 0xBD, 0x84, 0x68, 0x43, 0xB7, 0x89, 0x6D, 0x3C, 0x1E,
    0x20, 0xEF, 0xE3, 0xA2, 0x16, 0x75, 0x41, 0xF1, 0x69, 0x24, 0x25, 0x14, 0x19, 0x65, 0x45, 0x7B,
    0xC7, 0x88, 0xB5, 0xBE, 0xC4, 0x77, 0xCA, 0xDB, 0x66, 0xD2, 0xDB, 0xD3, 0x41, 0x46, 0x5F, 0x3F,
    0xB8, 0xB5, 0x15, 0x6D, 0xED, 0x1D, 0x4B, 0x7B, 0xAC, 0x7A, 0xB7, 0xFC, 0xA1, 0x0D, 0xCF, 0x3D,
    0xB6, 0xA7, 0x75, 0x74, 0xC8, 0xE8, 0xBD, 0xDF, 0x48, 0x5D, 0xB3, 0xFA, 0x39, 0xC7, 0x62, 0x65,
    0x78, 0x0A, 0xA4, 0xE8, 0x91, 0x92, 0x28, 0x39, 0xAD, 0xF0, 0x56, 0x1B, 0x33, 0x8D, 0xE8, 0xEB,
    0xA9, 0x41, 0xCF, 0xBC, 0x9D, 0x51, 0x59, 0xDB, 0x4C, 0x5A, 0xFB, 0x8C, 0x0C, 0x97, 0x38, 0x46,
    0xCE, 0xFD, 0x6A, 0xC4, 0x52, 0x31, 0x83, 0x56, 0xBC, 0x66, 0x27, 0xAF, 0x1C, 0x0A, 0x1D, 0x6A,
    0x1D, 0xD7, 0x8F, 0xCC, 0x21, 0xA9, 0xA5, 0xFD, 0xCB, 0xEA, 0x88, 0x7C, 0x8D, 0x63, 0x8F, 0x97,
    0xA2, 0x8C, 0xB4, 0xD6, 0x9F, 0xCB, 0x1F, 0xBF, 0xBF, 0xD6, 0xF7, 0xDB, 0x7F, 0x51, 0xC8, 0xC8,
    0xB8, 0x96, 0xE3, 0xE8, 0xAF, 0x4B, 0x94, 0xA2, 0x67, 0xD9, 0x9F, 0x0B, 0xED, 0x83, 0xBE, 0x1F,
    0xE7, 0xFD, 0xC5, 0x8F, 0x12, 0xA9, 0x68, 0x2B, 0x20, 0x67, 0xCA, 0xD1, 0xFF, 0x00, 0x74, 0x92,
    0x41, 0x6A, 0xEC, 0x48, 0x10, 0x44, 0x1F, 0xE4, 0xD6, 0x90, 0x57, 0x31, 0xCC, 0x56, 0x90, 0x57,
    0x4F, 0xD0, 0x01, 0xFA, 0x2A, 0x09, 0xDE, 0x06, 0xC4, 0x94, 0x24, 0xB9, 0x7F, 0x8B, 0x99, 0xAF,
    0x8C, 0x17, 0xCF, 0x14, 0x86, 0xAA, 0x2E, 0x89, 0xEC, 0x9A, 0x63, 0xB2, 0x21, 0xFB, 0x73, 0xEA,
    0x1E, 0x9F, 0x53, 0xC0, 0xFC, 0xA1, 0x44, 0xD8, 0xA4, 0x5F, 0x5D, 0x3F, 0x8B, 0xDD, 0x8B, 0x57,
    0x7B, 0x6F, 0xBC, 0x83, 0x5F, 0xBF, 0x04, 0xE5, 0xEC, 0xB2, 0x3B, 0x6D, 0xF0, 0xC0, 0xC6, 0x45,
    0xBA, 0xC1, 0x16, 0xE1, 0xDD, 0x84, 0x30, 0x79, 0x55, 0x68, 0x15, 0x5C, 0x65, 0xFB, 0xAE, 0x10,
    0x77, 0x71, 0x96, 0xD9, 0xA0, 0xF0, 0x51, 0xD9, 0xE4, 0xAA, 0xB4, 0xCE, 0xDD, 0xCC, 0x17, 0x21,
    0x36, 0x62, 0x6C, 0xCF, 0xB9, 0xFF, 0x98, 0xEA, 0xFF, 0x0C, 0xE7, 0xBA, 0xDD, 0xF6, 0x6B, 0x44,
    0x34, 0xD0, 0xE5, 0x49, 0xB7, 0xCF, 0x0E, 0x81, 0x08, 0x13, 0x03, 0x77, 0x77, 0x36, 0x54, 0x27,
    0x50, 0x53, 0x90, 0x96, 0x75, 0x37, 0xE1, 0x01, 0x70, 0x43, 0xDA, 0xD6, 0xD5, 0xF7, 0x0A, 0x18,
    0x9E, 0x5D, 0xD6, 0x6F, 0xD7, 0xFB, 0xD9, 0x00, 0xF4, 0xE7, 0x79, 0xDF, 0xF8, 0xD4, 0xC7, 0xFB,
    0x49, 0x52, 0x90, 0x86, 0xB0, 0xC0, 0x46, 0xE9, 0x11, 0x1E, 0x93, 0xF2, 0xC4, 0xD8, 0x4C, 0x79,
    0xBE, 0xC3, 0x82, 0x32, 0xE0, 0xCE, 0xC7, 0x3D, 0x98, 0xB4, 0x08, 0x0F, 0x85, 0xBC, 0xDB, 0xBB,
    0x2A, 0x74, 0x2E, 0x82, 0xED, 0x26, 0x44, 0x0E, 0xD9, 0x6E, 0x51, 0xE1, 0x29, 0xB6, 0x1C, 0x15,
    0x3A, 0xFE, 0xE8, 0xD5, 0x93, 0x3D, 0x05, 0xCF, 0xD6, 0xD5, 0xD9, 0x5B, 0xB2, 0xA5, 0xA7, 0xA8,
    0x70, 0x8B, 0x6C, 0x42, 0x84, 0xA9, 0x01, 0xDB, 0x40, 0x7A, 0xCE, 0xAA, 0x95, 0x18, 0xAD, 0xE4,
    0xE8, 0xEB, 0x4C, 0x8D, 0xFE, 0xF9, 0xF1, 0x8F, 0xAB, 0xC5, 0x17, 0xDF, 0x14, 0x83, 0x62, 0x42,
    0xD5, 0x35, 0xA6, 0x76, 0xE3, 0x5D, 0xD4, 0xCF, 0x75, 0x35, 0xA1, 0x6C, 0xB6, 0x18, 0x92, 0xE1,
    0x8B, 0xB6, 0xFD, 0x06, 0xEA, 0x17, 0x4E, 0xC2, 0x5D, 0x9E, 0x41, 0xDA, 0xA4, 0x6F, 0xE9, 0xE5,
    0xD5, 0x2B, 0xF3, 0xB5, 0x95, 0x27, 0xCC, 0x6A, 0xBB, 0x57, 0x52, 0x94, 0xCF, 0x1F, 0x9B, 0x5D,
    0x2B, 0x26, 0x05, 0xC5, 0x83, 0xC7, 0x5E, 0x05, 0x0F, 0xEE, 0xC7, 0xF6, 0x9B, 0x6B, 0xFB, 0x4A,
    0x29, 0x54, 0x21, 0x62, 0xC8, 0xA6, 0x40, 0xCB, 0x5B, 0x59, 0x57, 0xAE, 0x7F, 0xDB, 0x42, 0x15,
    0xC3, 0x4A, 0x35, 0x1E, 0x42, 0x1C, 0x2B, 0x52, 0xC8, 0x9E, 0x34, 0x4C, 0x28, 0x95, 0x53, 0x88,
    0x68, 0xA6, 0xBA, 0xDE, 0xB8, 0xAB, 0x1F, 0xF0, 0x89, 0xDB, 0xFB, 0xC2, 0x2F, 0xBB, 0x42, 0x06,
    0x1E, 0xF4, 0x05, 0xF5, 0x72, 0xF8, 0xE5, 0xF2, 0x6B, 0x0E, 0xEC, 0xFC, 0xA4, 0x3F, 0x29, 0xD7,
    0x49, 0x2E, 0x38, 0xE0, 0x7F, 0xE1, 0xE4, 0x7B, 0x83, 0xD2, 0x62, 0x16, 0x4D, 0xE1, 0x3E, 0x87,
    0x3C, 0x66, 0x10, 0xF2, 0xB8, 0x4B, 0xAC, 0xC4, 0xDF, 0x32, 0xDC, 0x6F, 0xCA, 0x94, 0xDB, 0x31,
    0x7A, 0xC6, 0x39, 0xE5, 0x4E, 0xF1, 0x1D, 0x30, 0xF7, 0x47, 0x52, 0xBB, 0xC8, 0x31, 0xA9, 0x9A,
    0x58, 0xE4, 0xEF, 0x57, 0x15, 0x42, 0xD1, 0x4C, 0x42, 0x07, 0x94, 0x20, 0xE7, 0x52, 0x83, 0xA0,
    0x20, 0x04, 0xBE, 0xA4, 0x53, 0x71, 0x6B, 0x4E, 0x65, 0x67, 0x2F, 0x55, 0xD7, 0x29, 0x7C, 0xC8,
    0xF1, 0xEA, 0x72, 0x6B, 0xC9, 0xDE, 0x27, 0xB3, 0x21, 0x67, 0x3B, 0xD5, 0x73, 0xA8, 0x6E, 0x85,
    0x2D, 0xD0, 0xA9, 0xB8, 0xF6, 0x8D, 0x39, 0xF4, 0x71, 0x96, 0x6A, 0xE2, 0xD0, 0xE7, 0x21, 0x78,
    0x1E, 0xE2, 0x56, 0x7B, 0x96, 0x2A, 0xAD, 0x53, 0xFB, 0x21, 0x15, 0xB6, 0x77, 0x65, 0x1F, 0x9A,
    0x7F, 0x9B, 0x35, 0xA3, 0x15, 0xC7, 0xD1, 0x1D, 0x08, 0x17, 0xE8, 0xB6, 0x41, 0xAF, 0x12, 0xD8,
    0xDB, 0x80, 0x5E, 0x5D, 0xE0, 0x07, 0xE8, 0x57, 0x11, 0xE4, 0x56, 0x50, 0xC7, 0xF5, 0x2B, 0x8E,
    0xD3, 0x3B, 0x39, 0x87, 0xB3, 0x3B, 0x9D, 0x99, 0xF1, 0x5A, 0x9F, 0x1D, 0xFD, 0xFD, 0xAB, 0xCA,
    0x71, 0xE4, 0xD8, 0xD9, 0x01, 0x9E, 0x55, 0xB4, 0x22, 0xE6, 0x3A, 0x4D, 0x58, 0xB9, 0x86, 0x9D,
    0xD4, 0x70, 0x90, 0x2A, 0xEC, 0xA4, 0x31, 0x57, 0x79, 0xD6, 0xCA, 0x2F, 0xA5, 0x63, 0xB3, 0x32,
    0x58, 0x26, 0xA9, 0x22, 0x85, 0xB9, 0x7A, 0x5B, 0xC9, 0xD4, 0xDA, 0x04, 0xD4, 0x4E, 0xD5, 0x6A,
    0xE6, 0xDB, 0x34, 0xFF, 0x56, 0x4E, 0xB4, 0xC9, 0x0E, 0xDA, 0xAD, 0x54, 0xE6, 0xAA, 0x8D, 0x57,
    0x8D, 0x33, 0x92, 0x72, 0x36, 0x1B, 0xE5, 0xC7, 0x78, 0x49, 0x08, 0x7C, 0xC4, 0xD9, 0x75, 0x7E,
    0x44, 0x4E, 0x30, 0xE1, 0x7B, 0x84, 0xE6, 0xD7, 0xFD, 0xCF, 0x11, 0x8A, 0x64, 0xFA, 0x1E, 0x81,
    0x60, 0xC3, 0xB8, 0xC4, 0xB1, 0x4C, 0x2F, 0x52, 0x44, 0x4C, 0x4A, 0x3C, 0x96, 0xCB, 0x99, 0xE7,
    0xB0, 0xC5, 0x9B, 0x68, 0x77, 0x52, 0xDC, 0x44, 0x1F, 0xA6, 0x18, 0x60, 0x1E, 0xBC, 0x2E, 0x92,
    0xAC, 0x83, 0xA5, 0xA2, 0x76, 0xD0, 0xD5, 0xD7, 0x22, 0x09, 0x32, 0x87, 0xD0, 0x3C, 0x2D, 0x3C,
    0x2D, 0x7A, 0x89, 0x31, 0xD6, 0x7E, 0xBF, 0x43, 0xE5, 0x4E, 0x57, 0x2D, 0x36, 0x57, 0x22, 0xA4,
    0xA8, 0xE1, 0xDF, 0xED, 0xB0, 0x4D, 0x95, 0xB9, 0x25, 0xE0, 0xBE, 0x54, 0xD0, 0x7F, 0xC8, 0xF9,
    0xB5, 0x0A, 0xB9, 0x6A, 0x1E, 0x54, 0xE6, 0x0F, 0xF1, 0x86, 0x78, 0x52, 0xEC, 0xAB, 0x58, 0x8B,
    0xDD, 0x67, 0x3E, 0xEA, 0x0F, 0xF0, 0x49, 0x12, 0xC7, 0x46, 0xCA, 0x1C, 0xE9, 0x00, 0xEC, 0xDC,
    0xF8, 0xA1, 0x3E, 0xC2, 0xE7, 0x06, 0x94, 0xD9, 0x98, 0xCD, 0x15, 0x91, 0xC7, 0x8D, 0xD1, 0x61,
    0x62, 0x5C, 0x5C, 0xC7, 0x46, 0xCB, 0x87, 0x36, 0x32, 0xE2, 0xBD, 0x3C, 0xB0, 0xEE, 0x1B, 0x38,
    0x53, 0x75, 0x8C, 0xA0, 0x17, 0x18, 0x25, 0x87, 0x2B, 0x3E, 0x54, 0x90, 0x78, 0x11, 0xCA, 0x6B,
    0xBC, 0x10, 0xD1, 0x68, 0x27, 0xCB, 0x34, 0xC3, 0x6B, 0x9A, 0xCB, 0xFB, 0xDE, 0xEF, 0x7C, 0xFA,
    0x26, 0x55, 0x2A, 0xD7, 0xFE, 0x39, 0x3E, 0x4B, 0x90, 0x54, 0x18, 0xA1, 0x88, 0x7B, 0xF8, 0x1E,
    0x38, 0x83, 0xB5, 0xA2, 0x81, 0xA7, 0xF0, 0x3D, 0x42, 0xE1, 0x0D, 0x1E, 0xCB, 0x98, 0x88, 0x71,
    0x69, 0xC4, 0xF8, 0x7A, 0x97, 0xD6, 0x0C, 0xC2, 0xA9, 0xE2, 0x89, 0xB6, 0x42, 0xA1, 0xDE, 0xA2,
    0x45, 0x2B, 0xD0, 0xDB, 0xF6, 0x90, 0xCE, 0xBB, 0xDE, 0x3F, 0x9F, 0xFB, 0x9E, 0x5E, 0x13, 0xE3,
    0x21, 0x52, 0xA1, 0x12, 0x78, 0xB1, 0xF6, 0xEB, 0x75, 0xD5, 0x2C, 0x72, 0x3A, 0xA1, 0x10, 0x05,
    0x6A, 0xD7, 0x7E, 0xBE, 0xE0, 0x15, 0x2A, 0xC5, 0x74, 0x16, 0xAD, 0x2F, 0xB8, 0xFC, 0x64, 0xC1,
    0xB0, 0xE6, 0xA6, 0x35, 0xAC, 0x7E, 0xFE, 0x78, 0x63, 0x8F, 0x39, 0x2D, 0x09, 0xA3, 0xB1, 0x76,
    0x6A, 0xF4, 0x65, 0x35, 0x30, 0x87, 0x24, 0x0F, 0xAE, 0xCC, 0x08, 0x3D, 0xD1, 0xFB, 0x24, 0x6B,
    0xE7, 0xF4, 0x2E, 0x1B, 0x22, 0xE6, 0x6E, 0x66, 0xA7, 0xCF, 0x17, 0x47, 0x28, 0xF5, 0x61, 0x8D,
    0x2F, 0x4B, 0x30, 0x9D, 0x39, 0x94, 0xB3, 0x86, 0x7D, 0x0E, 0x5B, 0xDC, 0x86, 0x14, 0xF3, 0xCE,
    0x14, 0x63, 0x58, 0xA2, 0x57, 0x9D, 0xEC, 0x82, 0xA7, 0x0D, 0x29, 0xE2, 0x41, 0x12, 0xB1, 0xB3,
    0xC5, 0xD5, 0x93, 0x32, 0x7F, 0xDC, 0x15, 0x70, 0xBD, 0x2E, 0x3C, 0x2D, 0x76, 0x7F, 0xDB, 0x12,
    0x4C, 0xD6, 0x3A, 0x56, 0x17, 0xA2, 0x60, 0x0B, 0x1C, 0xE4, 0x01, 0x0A, 0x71, 0xE2, 0xFE, 0x77,
    0xBE, 0x50, 0x2E, 0x61, 0xA3, 0x94, 0xC8, 0x06, 0x7C, 0x49, 0x62, 0x59, 0x10, 0x5C, 0x88, 0xBA,
    0xA7, 0x90, 0xBF, 0xD4, 0x86, 0x43, 0xE2, 0xDA, 0x93, 0x9A, 0xAD, 0x81, 0x0C, 0xE0, 0x03, 0xFE,
    0x0B, 0x6D, 0x58, 0x99, 0xF6, 0x1C, 0xB8, 0x06, 0xCF, 0x4F, 0xCB, 0xAF, 0x73, 0x30, 0x07, 0x1D,
    0xC5, 0x3B, 0x3C, 0xF9, 0x8B, 0x1D, 0x7C, 0xE8, 0x81, 0xAF, 0x68, 0x1D, 0x9F, 0xB5, 0x7A, 0x02,
    0x46, 0x0D, 0xC4, 0xA7, 0x92, 0x57, 0xAB, 0x0B, 0x54, 0xA9, 0x22, 0x11, 0xD3, 0x6B, 0xC9, 0xA3,
    0x11, 0x55, 0x6F, 0x67, 0x89, 0x51, 0x20, 0x55, 0xFE, 0xB6, 0x33, 0x7D, 0x13, 0xC3, 0x0E, 0x32,
    0x5B, 0xFB, 0x5B, 0x89, 0x4C, 0xEB, 0x9D, 0xE7, 0xF4, 0xE5, 0x4B, 0xA2, 0x7C, 0x88, 0xC8, 0xDA,
    0xCB, 0xFB, 0x7D, 0xE6, 0xDF, 0xEF, 0xF7, 0xCF, 0xCB, 0x15, 0x17, 0xCF, 0xCB, 0xC6, 0x72, 0x78,
    0xF2, 0xD5, 0xFA, 0xB1, 0x78, 0x5D, 0x8C, 0x27, 0xDE, 0x4E, 0xDA, 0x26, 0xFA, 0x4E, 0x23, 0x4D,
    0x6C, 0x63, 0x82, 0x65, 0xAF, 0xEF, 0xF7, 0xA3, 0x44, 0x0A, 0xB8, 0xFC, 0x01, 0x0E, 0x3D, 0x9F,
    0x5C, 0x4D, 0xF7, 0x8B, 0x5E, 0x91, 0x80, 0xC1, 0x7E, 0xBB, 0x43, 0xAB, 0xC0, 0xE3, 0x9E, 0xBA,
    0x86, 0xF1, 0xC7, 0x9E, 0xDF, 0x17, 0xCF, 0x73, 0x5A, 0xFE, 0xE9, 0x4F, 0x94, 0xF0, 0x6A, 0xB1,
    0x6B, 0x15, 0x16, 0x47, 0x0F, 0x27, 0xFF, 0x9F, 0x9F, 0x28, 0x4F, 0x18, 0xF1, 0x00, 0x4B, 0xE0,
    0x0E, 0x5B, 0x3D, 0xBD, 0x10, 0xF5, 0x23, 0x34, 0x60, 0x02, 0x65, 0x98, 0x09, 0x79, 0x1F, 0x28,
    0x35, 0x00, 0x9C, 0x79, 0x64, 0xAC, 0x35, 0xEA, 0x25, 0x27, 0x51, 0x90, 0x7A, 0x0E, 0xAD, 0x44,
    0x4F, 0x31, 0x20, 0xF6, 0xC9, 0x8D, 0x62, 0xB2, 0x16, 0x29, 0x06, 0x53, 0xB3, 0x16, 0x55, 0x2A,
    0xB6, 0xF2, 0x44, 0x7C, 0xDE, 0xA9, 0xE4, 0xB6, 0xFE, 0x12, 0xAC, 0xE3, 0xF0, 0x5B, 0xB8, 0x2C,
    0xB2, 0x16, 0xF3, 0x3C, 0x1B, 0xB8, 0x0A, 0x14, 0x22, 0x8F, 0x33, 0x65, 0x7D, 0x8C, 0x9C, 0x4B,
    0xF4, 0x15, 0x46, 0x1E, 0xD7, 0xD3, 0xDA, 0x11, 0x79, 0x80, 0x19, 0x5F, 0xF1, 0x97, 0x70, 0xBB,
    0x23, 0xB6, 0xAD, 0x33, 0xB8, 0xAD, 0xB3, 0x4C, 0x89, 0x3C, 0xF4, 0x79, 0xA8, 0x59, 0x4D, 0xFE,
    0x4D, 0x92, 0x53, 0xBE, 0x05, 0xAA, 0xB2, 0xC4, 0xDB, 0xD5, 0x47, 0x56, 0x6F, 0x92, 0x0C, 0x24,
    0xC0, 0x2A, 0xD8, 0x27, 0x13, 0xC8, 0xC0, 0x7B, 0x84, 0xE6, 0x38, 0x18, 0x35, 0xD0, 0xCB, 0x37,
    0x09, 0xF9, 0x74, 0x90, 0xE0, 0x3B, 0xAE, 0x42, 0xC4, 0x91, 0xD3, 0xE8, 0x7B, 0x74, 0xE3, 0x76,
    0xA3, 0x6A, 0x91, 0xA9, 0x62, 0x51, 0xBE, 0xFE, 0x8B, 0x1C, 0x2A, 0x98, 0x7B, 0x88, 0x6C, 0x88,
    0x10, 0x53, 0x64, 0x2D, 0xB6, 0xE5, 0x5E, 0x96, 0xAC, 0x60, 0x92, 0xB0, 0x46, 0x3C, 0xFD, 0x3F,
    0xA0, 0x8E, 0x8C, 0xF2, 0x8C, 0x3C, 0x2A, 0x01, 0x5F, 0xC3, 0xB0, 0xC6, 0x49, 0x38, 0x7B, 0x92,
    0x57, 0x60, 0xD5, 0xB0, 0x7B, 0xB0, 0x60, 0x47, 0xBE, 0xF7, 0x98, 0xE6, 0x9D, 0x31, 0x28, 0x66,
    0x39, 0x35, 0x99, 0x51, 0x71, 0x6A, 0x6E, 0x04, 0x59, 0x38, 0xCA, 0x2B, 0xA2, 0x1C, 0x41, 0xE6,
    0x68, 0x16, 0xA6, 0x38, 0x01, 0x53, 0x34, 0x8E, 0x9F, 0x38, 0xBF, 0xA5, 0xB6, 0xE5, 0x74, 0x7F,
    0xE8, 0x35, 0x61, 0x15, 0xB0, 0xB4, 0xFC, 0x8E, 0xDA, 0x56, 0x9E, 0xDE, 0xB1, 0xC2, 0x2A, 0xBE,
    0xA5, 0xE6, 0x75, 0xE7, 0x1A, 0x09, 0xD5, 0x3F, 0xAF, 0x56, 0xB1, 0xA6, 0xFD, 0xD5, 0xFF, 0xEB,
    0x99, 0x6B, 0x1E, 0x64, 0x8C, 0x40, 0xAC, 0x95, 0x2B, 0x5F, 0x70, 0xFC, 0xAB, 0x22, 0xC7, 0x63,
    0x9A, 0x7F, 0x66, 0x58, 0x15, 0x7A, 0x8A, 0x78, 0x23, 0x88, 0x0F, 0x02, 0xAF, 0xD7, 0x99, 0xB5,
    0x94, 0xA8, 0x89, 0xFC, 0x6C, 0x7A, 0xD3, 0xEA, 0x5F, 0x4C, 0x37, 0x20, 0x4D, 0x53, 0x83, 0xA9,
    0x01, 0x4D, 0xC5, 0x35, 0xE6, 0x94, 0x2A, 0xB8, 0x95, 0xF1, 0xD6, 0x5E, 0xD1, 0x51, 0x73, 0x2E,
    0xF8, 0x63, 0x94, 0x22, 0x14, 0x22, 0x25, 0xA3, 0xE9, 0x79, 0x99, 0x7E, 0x46, 0xE9, 0xE5, 0xC5,
    0x13, 0xE7, 0x12, 0x65, 0x0D, 0x76, 0x10, 0x21, 0x58, 0xB7, 0x50, 0x3B, 0x4A, 0xB8, 0xE5, 0x33,
    0x7C, 0x81, 0x78, 0xC0, 0x78, 0x71, 0x4D, 0x17, 0xF2, 0xF8, 0x74, 0x7F, 0x6D, 0x9D, 0xFE, 0xDB,
    0xC7, 0x5B, 0x56, 0xA3, 0x62, 0x5A, 0xBF, 0xF9, 0x22, 0x5E, 0x1E, 0xC4, 0x59, 0xFC, 0xB9, 0x75,
    0xBE, 0xA7, 0xB6, 0xD5, 0x97, 0xD6, 0x41, 0x7B, 0xAA, 0x75, 0xBE, 0xA5, 0x36, 0x91, 0xC6, 0x5B,
    0xD9, 0x27, 0xD3, 0xC0, 0x6F, 0xF1, 0x6B, 0xF2, 0x37, 0x1F, 0x83, 0xB2, 0xF2, 0xEF, 0xF1, 0x19,
    0xF9, 0x14, 0x53, 0x8E, 0x64, 0x1E, 0x71, 0x6A, 0xE0, 0xDE, 0xD3, 0xF7, 0x7D, 0x67, 0x24, 0x48,
    0xC2, 0xE8, 0xEA, 0x2B, 0xDB, 0x51, 0x4E, 0x44, 0x85, 0x40, 0xEA, 0xF2, 0x2F, 0x6C, 0x3B, 0xB8,
    0xB0, 0xFA, 0x6F, 0x41, 0x3D, 0xAB, 0xE2, 0x8C, 0xFE, 0xF2, 0x80, 0x7C, 0xDE, 0xCA, 0xA0, 0x47,
    0xF4, 0x5C, 0x94, 0x27, 0xD8, 0x46, 0x6C, 0x82, 0x0D, 0x3C, 0x1E, 0x20, 0xBC, 0xAF, 0x07, 0x6A,
    0xA1, 0x0E, 0xB0, 0x78, 0x31, 0x26, 0x55, 0x23, 0xF2, 0x07, 0x4D, 0x3E, 0x6E, 0x65, 0xF2, 0x6D,
    0x92, 0x2D, 0x8D, 0xF3, 0x56, 0x86, 0xB9, 0x43, 0x9A, 0x85, 0x7A, 0x93, 0x24, 0x55, 0x9E, 0xDE,
    0x30, 0x01, 0xED, 0xF5, 0xCE, 0xB7, 0x53, 0x5B, 0x2A, 0xEE, 0x8D, 0xF5, 0xF5, 0x5A, 0xC3, 0x56,
    0xF8, 0x4E, 0x3C, 0x47, 0x59, 0x9B, 0x22, 0xAD, 0x5D, 0x21, 0xAB, 0x00, 0xAF, 0x7B, 0xB4, 0x26,
    0x02, 0x98, 0xEF, 0xB8, 0x50, 0x10, 0x2B, 0xBC, 0x66, 0x78, 0x60, 0xFF, 0x1D, 0xDE, 0x3B, 0x82,
    0x3B, 0xC6, 0x79, 0xA4, 0xDF, 0xF2, 0x0B, 0x88, 0x05, 0x0E, 0x8E, 0x7F, 0x04, 0x22, 0x78, 0xC3,
    0xC9, 0x12, 0x46, 0xF1, 0x07, 0xF0, 0x00, 0xDA, 0xCB, 0x38, 0xA1, 0xFD, 0x77, 0x1E, 0xF7, 0x7F,
    0x00, 0xCD, 0x9A, 0xD1, 0x8A, 0xE3, 0xC8, 0xCF, 0xC5, 0x0F, 0xE8, 0x76, 0x40, 0xAF, 0x12, 0xD8,
    0x5B, 0x83, 0x5E, 0x5D, 0xD0, 0xB7, 0x1F, 0xF4, 0xAB, 0x08, 0x72, 0x2B, 0x38, 0x5F, 0x49, 0x55,
    0xB6, 0x93, 0xCE, 0xA6, 0x77, 0x67, 0xA7, 0xD3, 0xFD, 0xAF, 0xD4, 0xF9, 0xD5, 0x4C, 0x39, 0xB6,
    0x75, 0x64, 0xC5, 0xEE, 0xD8, 0x81, 0x90, 0xC0, 0x1D, 0xEF, 0xDB, 0xA5, 0x60, 0x51, 0xE4, 0x64,
    0x16, 0xAF, 0x45, 0x59, 0x64, 0xF1, 0xAD, 0xA8, 0x93, 0x5E, 0x34, 0xD0, 0x77, 0x6E, 0x4D, 0x92,
    0xB1, 0x33, 0x60, 0x01, 0xD9, 0xA9, 0x09, 0xF1, 0x22, 0x09, 0xD2, 0x27, 0x5B, 0x27, 0x3E, 0x36,
    0xCB, 0x0D, 0x42, 0x26, 0x34, 0x75, 0x20, 0x06, 0xCC, 0x77, 0xD0, 0xED, 0x1E, 0x7F, 0x15, 0xAE,
    0x0B, 0xF6, 0xF6, 0x96, 0x6E, 0x7C, 0xA3, 0x4B, 0x82, 0x80, 0x40, 0x30, 0xE8, 0xE2, 0x83, 0xA1,
    0x67, 0x2A, 0x98, 0x45, 0x8B, 0x1F, 0x4F, 0x85, 0x23, 0x80, 0x90, 0x81, 0xD4, 0x3D, 0x1F, 0xD6,
    0x3B, 0xC8, 0x57, 0x25, 0x05, 0x16, 0x1F, 0x0D, 0x5F, 0x1F, 0x0C, 0x3F, 0x58, 0x55, 0x10, 0xF7,
    0x56, 0x8D, 0xC5, 0xD3, 0xEA, 0x69, 0x58, 0x27, 0x73, 0xF2, 0xDE, 0x30, 0x20, 0x05, 0x58, 0x01,
    0x9C, 0xDC, 0xCE, 0x50, 0xCC, 0xBF, 0xD0, 0xAC, 0xA3, 0x82, 0x05, 0x24, 0xDA, 0x47, 0xE1, 0x3A,
    0xA8, 0xAC, 0xB9, 0x5C, 0xB1, 0x68, 0xCC, 0x64, 0x70, 0xFE, 0x53, 0x30, 0x9B, 0xD2, 0x41, 0xA6,
    0x10, 0xD4, 0x00, 0x2D, 0x8E, 0xD2, 0xFD, 0xD5, 0xBE, 0xF1, 0xA8, 0x9E, 0xAF, 0xE5, 0x01, 0xB3,
    0x44, 0x2A, 0x19, 0x42, 0x3A, 0x2C, 0x57, 0x20, 0x04, 0x64, 0xED, 0x47, 0x3B, 0x91, 0x67, 0xB3,
    0x84, 0x90, 0xD0, 0x34, 0xB7, 0x50, 0x1F, 0x74, 0xB6, 0x80, 0x8F, 0x32, 0x17, 0x58, 0x98, 0x2B,
    0xB9, 0xD2, 0x96, 0x6B, 0xBB, 0x74, 0xE8, 0xBB, 0x83, 0x12, 0xB8, 0x60, 0x7B, 0x89, 0x0F, 0xDD,
    0x53, 0x96, 0x40, 0x26, 0x24, 0x0C, 0xE2, 0xE2, 0x5F, 0xE8, 0xE3, 0x14, 0x12, 0xD5, 0x5E, 0xE6,
    0xC3, 0xE2, 0x94, 0x3A, 0xBE, 0xC4, 0xC3, 0x65, 0xBC, 0x28, 0xD9, 0xC7, 0x41, 0x77, 0x1F, 0xF1,
    0x12, 0x0F, 0xEA, 0xEA, 0x12, 0x06, 0x64, 0x7E, 0xBD, 0x8F, 0x5F, 0xE3, 0x55, 0xD3, 0xEC, 0x4F,
    0x4D, 0x0C, 0x0A, 0xFD, 0xFC, 0xCC, 0x9E, 0xA5, 0x6B, 0x64, 0x34, 0xE9, 0x10, 0x0A, 0x63, 0x10,
    0x9A, 0xC5, 0xC7, 0x0E, 0xFA, 0x13, 0x42, 0x12, 0x72, 0x43, 0xCD, 0x93, 0x8C, 0xC1, 0x99, 0x3C,
    0x26, 0x8A, 0xCB, 0x9E, 0x4D, 0x3A, 0x20, 0x8B, 0x3A, 0x89, 0xA2, 0x35, 0x37, 0xC0, 0x98, 0x01,
    0xE9, 0x75, 0x35, 0xB5, 0x93, 0xD5, 0xF4, 0x93, 0x74, 0x7B, 0xE0, 0x5F, 0xCD, 0xEB, 0xC1, 0x3E,
    0xB9, 0x40, 0xF9, 0xD6, 0xF1, 0x80, 0xFF, 0xD5, 0x3B, 0xC9, 0xC9, 0x3F, 0xF2, 0xBE, 0x43, 0x76,
    0x08, 0x19, 0xD0, 0x02, 0x24, 0xDB, 0xF4, 0xCD, 0x59, 0xD4, 0x7E, 0xFB, 0x2C, 0xDA, 0x3E, 0x77,
    0x9B, 0xD1, 0xE2, 0xD0, 0xD9, 0xDA, 0x77, 0x49, 0x88, 0x92, 0x2D, 0xE9, 0x10, 0x4E, 0x31, 0x5A,
    0x09, 0xDC, 0x48, 0x87, 0xAC, 0xA4, 0x09, 0xEE, 0x4D, 0x48, 0xEC, 0xAA, 0xF6, 0x58, 0xC7, 0x74,
    0x0B, 0x3B, 0xEB, 0xF8, 0x8D, 0x1D, 0x12, 0xF3, 0xA6, 0x8E, 0x43, 0x61, 0xA4, 0x2B, 0x73, 0xFF,
    0x3C, 0x3A, 0x02, 0x81, 0x94, 0xF2, 0xE0, 0x2D, 0xC9, 0xD7, 0xC4, 0xEF, 0xEB, 0x15, 0xEA, 0x20,
    0xD1, 0x81, 0x59, 0x7C, 0x89, 0x8F, 0x73, 0xE7, 0x5C, 0x63, 0xBE, 0xEC, 0x38, 0x3C, 0x39, 0x37,
    0xFE, 0xA9, 0x87, 0xBB, 0x38, 0x7F, 0x23, 0xC6, 0x67, 0x71, 0x26, 0x80, 0x00, 0x14, 0x80, 0x0D,
    0x71, 0x5B, 0x09, 0xF7, 0xBF, 0x8B, 0xD1, 0xFE, 0x31, 0x46, 0xAE, 0x3C, 0x2F, 0xBF, 0x56, 0x7A,
    0x6F, 0xBF, 0xD0, 0x00, 0x02, 0x97, 0xA3, 0x86, 0x94, 0x2B, 0xFF, 0xF1, 0xBA, 0x3A, 0x0A, 0x5B,
    0x76, 0x86, 0xF4, 0xEB, 0x8E, 0xC1, 0x3A, 0x73, 0x73, 0x3F, 0x9F, 0x6B, 0xCD, 0x51, 0x12, 0xC7,
    0x1F, 0x0C, 0xFB, 0x1C, 0x09, 0x21, 0x38, 0x4F, 0x19, 0x16, 0x05, 0x1F, 0x28, 0xFB, 0x18, 0x00,
    0x88, 0x0F, 0x50, 0xFA, 0x84, 0xC3, 0x4E, 0xCC, 0x75, 0x95, 0x42, 0x17, 0x92, 0x80, 0xD1, 0x57,
    0x9A, 0x73, 0xCA, 0x0C, 0x48, 0x75, 0x09, 0x89, 0x1B, 0x8B, 0x9B, 0x90, 0xA9, 0xF5, 0x0A, 0x4D,
    0x2B, 0xB9, 0x26, 0x5B, 0xB6, 0xF4, 0xD7, 0xD0, 0xB5, 0x55, 0x67, 0x2C, 0xE3, 0x5B, 0x48, 0x76,
    0xAE, 0xC2, 0xBC, 0x54, 0x01, 0x10, 0xC6, 0x84, 0xD2, 0xE7, 0xA5, 0x19, 0x5B, 0xD9, 0x34, 0xE4,
    0x00, 0x03, 0x73, 0x81, 0x10, 0xDF, 0x68, 0xDD, 0x11, 0x08, 0xF1, 0xB2, 0x0C, 0xD2, 0x61, 0xEC,
    0x34, 0xBC, 0xD4, 0x3A, 0x12, 0xCB, 0xE6, 0x09, 0x24, 0xBA, 0xFD, 0xD0, 0x51, 0x2F, 0x49, 0xBC,
    0xD6, 0xF6, 0x77, 0x78, 0x3A, 0x9B, 0xE4, 0x0E, 0x2D, 0xC8, 0x01, 0x5C, 0x86, 0x62, 0x7D, 0xDD,
    0x28, 0xC5, 0x69, 0xFF, 0x55, 0xD6, 0x21, 0x05, 0x68, 0x14, 0x2D, 0x8B, 0x49, 0xCC, 0xB7, 0x03,
    0x02, 0x39, 0xF2, 0xCE, 0x38, 0xBA, 0x10, 0xAB, 0xE7, 0x23, 0xEF, 0x3B, 0xC9, 0x83, 0x09, 0x7D,
    0xC6, 0xFB, 0x4E, 0x3A, 0x19, 0x4D, 0x47, 0x1C, 0xD9, 0x22, 0x56, 0x2E, 0x53, 0x02, 0xE8, 0x25,
    0x46, 0x2C, 0xE0, 0x39, 0x84, 0x03, 0x4A, 0x97, 0x6C, 0x6C, 0xB6, 0x23, 0x0B, 0x71, 0x07, 0x3A,
    0xEF, 0x00, 0xFE, 0x5F, 0x21, 0x07, 0x2C, 0x3E, 0xCF, 0x01, 0xAB, 0xC5, 0xA4, 0xF0, 0x0F, 0x73,
    0x70, 0x21, 0xFD, 0xEC, 0x09, 0x80, 0xF7, 0x15, 0x43, 0xE6, 0x82, 0x24, 0x0A, 0xBD, 0x15, 0x23,
    0x24, 0x06, 0x34, 0x62, 0xC7, 0xB5, 0xE1, 0x77, 0xA0, 0xDC, 0x21, 0x85, 0x97, 0x42, 0x68, 0x82,
    0xAE, 0x7E, 0xB1, 0xDC, 0x82, 0x71, 0x51, 0x47, 0xB7, 0xD3, 0xF1, 0x63, 0xCF, 0xC7, 0xBE, 0xDC,
    0x74, 0x32, 0x62, 0x6E, 0xED, 0xCA, 0xB8, 0x98, 0xA3, 0x9B, 0x26, 0x8C, 0xF8, 0x45, 0xE0, 0x49,
    0x97, 0xEA, 0x01, 0x26, 0xE8, 0x47, 0xBE, 0x01, 0xFC, 0x79, 0x30, 0x47, 0x46, 0xCF, 0xAD, 0xF5,
    0x7E, 0xFE, 0xCA, 0xCF, 0xD6, 0x55, 0xBA, 0xF4, 0x1E, 0x2F, 0xB8, 0x6C, 0xD8, 0x0C, 0x15, 0x40,
    0x4F, 0xFE, 0x69, 0x3C, 0x81, 0x6D, 0x43, 0x98, 0x9C, 0x1B, 0xFC, 0x2F, 0x29, 0xFA, 0x83, 0x00,
    0x10, 0x10, 0x87, 0x3A, 0xEC, 0x1D, 0x5D, 0x36, 0x40, 0x9E, 0x15, 0x8D, 0xBC, 0xCB, 0xD2, 0xDB,
    0xF3, 0xAD, 0x55, 0xA7, 0x6B, 0x87, 0x81, 0x0D, 0x12, 0xD5, 0xF5, 0xEA, 0x4A, 0xEF, 0xED, 0x9C,
    0x21, 0x21, 0xBF, 0xE0, 0x38, 0xFE, 0xD6, 0x51, 0xB3, 0x5E, 0xA5, 0xF8, 0x7C, 0x77, 0x8F, 0xFC,
    0xBC, 0x3F, 0xFB, 0xEC, 0x92, 0x71, 0x10, 0xC0, 0x62, 0x14, 0xCD, 0x0F, 0xAE, 0xE3, 0x1C, 0xCD,
    0x9A, 0x48, 0x58, 0x4D, 0xD2, 0x4F, 0xF4, 0x1C, 0xEE, 0xEA, 0x14, 0x4C, 0xA5, 0xBF, 0xA5, 0x74,
    0x52, 0x2D, 0x0A, 0xFE, 0x2F, 0xA0, 0xE9, 0xE6, 0xC2, 0x28, 0xCC, 0x00, 0x0C, 0x0B, 0x97, 0x9C,
    0xDB, 0x06, 0x18, 0x6B, 0x6A, 0x9B, 0xF5, 0xE5, 0xCA, 0x30, 0xE4, 0xFC, 0x73, 0x8F, 0xCC, 0x33,
    0x79, 0x9F, 0xF5, 0x27, 0x87, 0x22, 0xAA, 0x9B, 0x63, 0x1E, 0xFE, 0x0B, 0xCE, 0x8A, 0xD0, 0x77,
    0x37, 0x89, 0x44, 0x1E, 0xD7, 0x46, 0x23, 0x94, 0x00, 0xBD, 0x3B, 0x3E, 0xEB, 0x59, 0xDD, 0x03,
    0x8C, 0x4E, 0xD8, 0xAA, 0x29, 0x9F, 0x14, 0x42, 0x02, 0x83, 0xEA, 0x45, 0x43, 0x31, 0x8B, 0x12,
    0x45, 0xF5, 0xF3, 0xCB, 0x3F, 0x27, 0xA3, 0xA8, 0x59, 0x14, 0xDE, 0x53, 0x13, 0xF4, 0x93, 0x76,
    0x05, 0x7B, 0x2F, 0x83, 0x4A, 0xDC, 0x37, 0x3E, 0xD0, 0x6E, 0x98, 0xC7, 0xB1, 0x67, 0xEE, 0x90,
    0xA7, 0x08, 0x89, 0x42, 0x42, 0x43, 0x0B, 0x28, 0x48, 0x0C, 0x98, 0x43, 0x99, 0x58, 0xB8, 0x72,
    0x20, 0x26, 0x7C, 0xC0, 0x0A, 0x1A, 0x3E, 0xC0, 0x01, 0xB9, 0x8B, 0x51, 0x7D, 0xC0, 0x62, 0x87,
    0x34, 0x8E, 0xBA, 0xF8, 0x35, 0xE7, 0x13, 0x4C, 0x59, 0x18, 0xBD, 0x20, 0x31, 0x60, 0x0E, 0x39,
    0xF7, 0x1B, 0x3C, 0x60, 0x5E, 0x88, 0x87, 0xFD, 0x4A, 0xDC, 0xDC, 0x3D, 0x75, 0x74, 0xF6, 0x31,
    0x9B, 0x31, 0x5B, 0x42, 0xFC, 0xBD, 0xF2, 0xA9, 0x74, 0xC8, 0x74, 0x8A, 0x7B, 0x83, 0xAD, 0x93,
    0x63, 0x2D, 0xE8, 0x42, 0x63, 0x82, 0x9F, 0x9F, 0x26, 0x66, 0x8F, 0x87, 0x4E, 0x1F, 0x5D, 0xF8,
    0xF5, 0x31, 0xEE, 0x4D, 0xE3, 0x94, 0x2C, 0xA9, 0x0F, 0x7D, 0x45, 0xD4, 0xB3, 0x49, 0xAC, 0x55,
    0x90, 0x40, 0xBF, 0x41, 0x8E, 0x4A, 0x64, 0xC9, 0x98, 0x56, 0x12, 0x62, 0x1B, 0xCA, 0xA1, 0xF8,
    0x13, 0x73, 0x4C, 0x63, 0x52, 0xAA, 0x5B, 0xF7, 0x4D, 0x32, 0x25, 0x2F, 0x5F, 0x96, 0xEE, 0x94,
    0x14, 0x9E, 0x42, 0xFE, 0x73, 0x44, 0x40, 0x49, 0x9E, 0xCA, 0x86, 0xE8, 0xDA, 0x32, 0x68, 0x57,
    0xF5, 0x13, 0xD1, 0x5B, 0xC2, 0xA7, 0xA5, 0xEB, 0x42, 0x85, 0x90, 0x4B, 0x65, 0x0C, 0x60, 0x4E,
    0xBD, 0x7D, 0x12, 0xA7, 0x25, 0xEC, 0xE1, 0x48, 0x57, 0xE6, 0x18, 0x32, 0xCF, 0x6A, 0xF9, 0xE4,
    0x1A, 0x4C, 0x17, 0x06, 0x78, 0xDC, 0x6E, 0x95, 0x2C, 0x6A, 0xD3, 0xA2, 0xC8, 0x02, 0x2E, 0xD8,
    0x9B, 0x75, 0xB2, 0x9B, 0xBD, 0x6E, 0x42, 0xDE, 0x27, 0xB3, 0xF8, 0x36, 0xC9, 0xA2, 0x2F, 0x7A,
    0xD1, 0x26, 0xA3, 0xA8, 0x11, 0x27, 0x33, 0xA0, 0x2E, 0x93, 0x2C, 0xE2, 0x20, 0x09, 0x1B, 0xCC,
    0x22, 0x20, 0xBE, 0x0A, 0x1F, 0xD6, 0xF0, 0x81, 0x5C, 0xF3, 0x67, 0xB3, 0x90, 0x32, 0x6B, 0x84,
    0x15, 0x24, 0xB3, 0x10, 0x03, 0x51, 0xB8, 0xFA, 0x2D, 0xB4, 0x41, 0x1C, 0x10, 0x5E, 0x34, 0xC1,
    0x2C, 0xF8, 0x4F, 0x59, 0xBD, 0x6F, 0xF9, 0xE4, 0x8A, 0xB0, 0x35, 0xB3, 0x19, 0x5F, 0x6B, 0x1C,
    0x67, 0x93, 0x18, 0xD0, 0xDC, 0x81, 0x46, 0xCF, 0x15, 0x64, 0x08, 0x0A, 0x29, 0xBA, 0x0D, 0x0A,
    0xF3, 0xFE, 0x41, 0x1B, 0xA0, 0x3F, 0x5F, 0x3A, 0xF3, 0x86, 0x8C, 0x9C, 0xF7, 0x62, 0x1A, 0x6D,
    0xE7, 0x55, 0xA5, 0xE3, 0x67, 0x02, 0x18, 0x45, 0x6D, 0x8A, 0x17, 0xB5, 0x69, 0x05, 0xA4, 0x85,
    0x26, 0xC0, 0x30, 0x02, 0xEF, 0x59, 0x94, 0x8C, 0x62, 0x14, 0x75, 0xF2, 0xEA, 0x1F, 0x49, 0x34,
    0xE5, 0x64, 0x0A, 0x2F, 0xCD, 0xC0, 0xB3, 0xF2, 0xE5, 0xEF, 0xA7, 0xBB, 0x99, 0x8B, 0xFF, 0xB6,
    0x7C, 0x17, 0xFD, 0x24, 0x0B, 0x92, 0xCD, 0x28, 0xC2, 0x67, 0xC2, 0x99, 0xC6, 0x92, 0x64, 0x0E,
    0x05, 0x25, 0x86, 0xAE, 0x7E, 0x48, 0x4B, 0xC4, 0x92, 0x50, 0x53, 0xB2, 0x04, 0xB4, 0xA2, 0x25,
    0xF4, 0xE3, 0x92, 0xA3, 0x64, 0x21, 0x27, 0x3E, 0x36, 0x61, 0xAC, 0xE7, 0xCA, 0x74, 0x86, 0x24,
    0x34, 0xB5, 0x60, 0x01, 0x69, 0x70, 0xC2, 0x77, 0xB0, 0x60, 0x27, 0xD6, 0xFB, 0xB4, 0x11, 0x9A,
    0x65, 0x82, 0xA0, 0x83, 0xCC, 0x55, 0x5F, 0xA4, 0x1F, 0x7A, 0x7C, 0xC6, 0xE0, 0xB5, 0xAA, 0x85,
    0xC6, 0x79, 0xFF, 0xE5, 0x41, 0x61, 0xA5, 0xDB, 0x67, 0x65, 0x82, 0x5F, 0x80, 0x42, 0x07, 0xDC,
    0x96, 0x35, 0x29, 0x80, 0xFE, 0x7D, 0xD6, 0x1E, 0x1E, 0x3F, 0x94, 0x34, 0xBE, 0xC6, 0xE2, 0x3A,
    0x9B, 0x78, 0x3F, 0x06, 0x1B, 0xE0, 0xBC, 0x2B, 0xE1, 0x35, 0xF5, 0xDD, 0x87, 0x50, 0x62, 0x1B,
    0x22, 0x34, 0xD8, 0xC1, 0x98, 0x3A, 0xC2, 0xBE, 0xC6, 0xA7, 0x92, 0x64, 0xA2, 0xC8, 0x14, 0x0A,
    0x5D, 0x52, 0x03, 0xE6, 0xA8, 0x80, 0x46, 0x4F, 0x7A, 0x27, 0xB5, 0x86, 0x04, 0x88, 0x63, 0x20,
    0xFD, 0x1C, 0x3E, 0x2C, 0x0B, 0xE0, 0x5C, 0xCF, 0x02, 0x1B, 0x7D, 0xDF, 0x26, 0x1D, 0xA9, 0x54,
    0x42, 0x53, 0x58, 0x2D, 0x61, 0x35, 0x04, 0xAA, 0xBB, 0x30, 0x95, 0xA1, 0x69, 0xF6, 0x9E, 0x16,
    0x4A, 0xC9, 0xF2, 0x23, 0xC9, 0x83, 0x16, 0x83, 0x24, 0x8A, 0x5E, 0x4C, 0x2C, 0x96, 0x2F, 0x94,
    0x3F, 0x32, 0x95, 0x69, 0x8C, 0x7E, 0xD3, 0xE3, 0xE5, 0xBA, 0xA7, 0xA2, 0x70, 0xFB, 0x54, 0xB7,
    0x40, 0xCC, 0x24, 0x10, 0x0D, 0x8B, 0x03, 0xFB, 0x9C, 0x70, 0x3F, 0xA8, 0xC4, 0x7E, 0x00, 0xB5,
    0x91, 0x03, 0xD2, 0xE0, 0x00, 0xE8, 0x85, 0x2B, 0x19, 0xC6, 0x01, 0xCD, 0x7F, 0xFA, 0x4D, 0x84,
    0x85, 0x06, 0xD3, 0xE2, 0x3D, 0x19, 0x92, 0x31, 0xE4, 0x2E, 0x57, 0x47, 0x8B, 0x80, 0x96, 0xF2,
    0x83, 0xA2, 0xF4, 0x5D, 0xF1, 0x9F, 0x2D, 0x0B, 0x3C, 0x60, 0x85, 0xED, 0x38, 0xAB, 0xFA, 0x9F,
    0x99, 0xD9, 0xDB, 0x79, 0xFB, 0xFC, 0xE1, 0x8B, 0xC5, 0x7A, 0xBA, 0x41, 0xA9, 0xC5, 0xEF, 0x7E,
    0xF7, 0x60, 0x23, 0xBF, 0xF1, 0x98, 0xAA, 0xCB, 0x27, 0xBF, 0x49, 0xF8, 0xD3, 0x34, 0xE8, 0x59,
    0x2F, 0xB3, 0xBE, 0x81, 0x5F, 0x87, 0xB9, 0xF5, 0xA1, 0xD7, 0x30, 0x97, 0x21, 0x9D, 0x8A, 0x5E,
    0x04, 0xE5, 0x72, 0x43, 0x3A, 0x94, 0x7B, 0x60, 0x69, 0xD0, 0xA0, 0x0F, 0xF5, 0x48, 0xB7, 0xCE,
    0x4E, 0x00, 0x88, 0xF3, 0x1E, 0x87, 0x01, 0x81, 0xD5, 0x18, 0x4A, 0x5A, 0xD0, 0x60, 0xE6, 0x66,
    0x01, 0xA3, 0x2B, 0x13, 0xBD, 0xDE, 0x56, 0x83, 0x51, 0x68, 0x4C, 0xA5, 0x9F, 0xDF, 0x90, 0x13,
    0xFD, 0x86, 0xE8, 0xF4, 0xF8, 0x4B, 0x02, 0xD6, 0xCE, 0x07, 0x43, 0x18, 0xEA, 0xA9, 0xD0, 0xFF,
    0x10, 0xF0, 0xD7, 0x06, 0xB5, 0x2A, 0xD3, 0x6E, 0x9E, 0x5E, 0x33, 0x86, 0xFC, 0x69, 0x50, 0x42,
    0x42, 0x89, 0x19, 0xD4, 0xE0, 0x0C, 0xEA, 0x02, 0x0C, 0x6A, 0x75, 0xA1, 0x2B, 0x21, 0x8E, 0xF3,
    0x2A, 0x67, 0xAB, 0x42, 0xC4, 0x5F, 0x52, 0x08, 0x0A, 0x55, 0x4F, 0xD9, 0x4F, 0xC7, 0xB0, 0xFF,
    0x52, 0x08, 0x46, 0x32, 0x1A, 0x14, 0x6A, 0xA4, 0x50, 0x0A, 0xC8, 0x06, 0x06, 0xF0, 0x80, 0xFC,
    0x57, 0x10, 0x32, 0x26, 0x00, 0xDF, 0x17, 0xC0, 0x76, 0x28, 0x07, 0x6C, 0x26, 0x5F, 0x62, 0x75,
    0x8D, 0xFD, 0x16, 0x7E, 0xE0, 0x59, 0xB7, 0xD8, 0x94, 0xA9, 0x0C, 0x10, 0x88, 0x8F, 0x07, 0x00,
    0x97, 0xE3, 0x29, 0xAA, 0x32, 0x30, 0x8F, 0x35, 0xEE, 0x4E, 0x36, 0xDF, 0x63, 0xD9, 0xD0, 0xA1,
    0xC1, 0x66, 0xAD, 0xA5, 0x42, 0x72, 0x83, 0x44, 0x0E, 0x5D, 0xCA, 0x07, 0xC8, 0x68, 0x69, 0xE0,
    0x1F, 0x65, 0xF1, 0x0B, 0x1A, 0x1B, 0x94, 0xD9, 0x96, 0x1E, 0x3D, 0x20, 0x9F, 0x7A, 0x50, 0x92,
    0x8D, 0xDF, 0xF4, 0x60, 0xE7, 0x1D, 0x4F, 0x49, 0x18, 0x73, 0x74, 0x49, 0xCC, 0x4E, 0x26, 0x6F,
    0xFE, 0xAB, 0x45, 0x91, 0x34, 0x21, 0xC1, 0x00, 0x52, 0x7A, 0xEF, 0x6F, 0x65, 0xDF, 0x3A, 0x12,
    0x49, 0x1C, 0xED, 0xBC, 0x1B, 0xCF, 0xE6, 0xED, 0x3D, 0x70, 0xBD, 0xE7, 0x63, 0xFF, 0xD5, 0xDC,
    0x9A, 0x76, 0xC3, 0xEB, 0x49, 0x79, 0x2B, 0xEA, 0xA0, 0x90, 0x52, 0x4C, 0xA1, 0x83, 0x51, 0xB4,
    0x79, 0x97, 0x2E, 0x81, 0x2B, 0x03, 0x70, 0x73, 0x9C, 0x4D, 0x03, 0xEB, 0xE1, 0xDB, 0x5B, 0x41,
    0x26, 0xD4, 0x0E, 0x10, 0x9A, 0xDB, 0x8E, 0x68, 0xC4, 0x0E, 0x06, 0x2F, 0x42, 0x67, 0x80, 0x30,
    0xFF, 0xEC, 0xA7, 0xCE, 0x3F, 0x9F, 0x04, 0x06, 0x26, 0xC8, 0xE9, 0xFF, 0x55, 0x49, 0x58, 0xDF,
    0xF3, 0xD5, 0x01, 0x71, 0x7B, 0xFC, 0xA9, 0xF3, 0x8F, 0xA7, 0x22, 0x10, 0x98, 0x48, 0x19, 0x30,
    0xFA, 0x82, 0xE4, 0xAB, 0x92, 0x02, 0x8B, 0x33, 0x05, 0x31, 0xB9, 0x15, 0x33, 0xCF, 0x79, 0xF3,
    0x1F, 0x4F, 0x8D, 0x10, 0x80, 0x76, 0x42, 0xF4, 0x0E, 0x4A, 0xBC, 0x34, 0x3F, 0x82, 0x6A, 0xEA,
    0xDB, 0xA0, 0x45, 0x16, 0xDF, 0x8A, 0xA9, 0xD1, 0x65, 0xF4, 0x3F, 0xF2, 0x29, 0x42, 0x2A, 0x06,
    0xCC, 0x21, 0x05, 0x0D, 0x02, 0xFA, 0x16, 0xC0, 0xA6, 0x2F, 0x3A, 0xA9, 0xFC, 0x9C, 0x55, 0xE0,
    0xF1, 0x5E, 0xD4, 0x7B, 0x93, 0x45, 0x8D, 0xAF, 0xB3, 0xD9, 0xBB, 0xD3, 0xFD, 0xA2, 0x2D, 0x51,
    0xC8, 0xFB, 0xAB, 0xB9, 0xC4, 0x91, 0xDA, 0x6E, 0x96, 0x73, 0x24, 0x8B, 0x90, 0x50, 0xEF, 0xD1,
    0xC5, 0xEF, 0xEA, 0x44, 0x03, 0xCC, 0xFD, 0x79, 0xAE, 0x64, 0x87, 0xED, 0x2B, 0x67, 0x10, 0xDE,
    0x8E, 0x06, 0xDC, 0x8C, 0xC4, 0x06, 0xD0, 0x95, 0xC8, 0x1A, 0xAD, 0x47, 0xF3, 0x8D, 0x88, 0x39,
    0xBE, 0xD5, 0x18, 0xD9, 0xA3, 0x46, 0x58, 0x5F, 0xFA, 0xAE, 0x6B, 0x64, 0x18, 0x7B, 0x74, 0xAD,
    0x51, 0x6A, 0xC4, 0xED, 0x08, 0xBD, 0xB1, 0x25, 0x59, 0x9C, 0x33, 0x66, 0xC5, 0x6C, 0x3B, 0x81,
    0xC0, 0x6D, 0xB3, 0x40, 0x4A, 0x94, 0x0F, 0x4D, 0x6B, 0xCA, 0xF1, 0xC2, 0x23, 0x43, 0x0F, 0xCA,
    0xE0, 0x18, 0xBD, 0x58, 0xFE, 0x2D, 0x0D, 0xC2, 0xE4, 0xF4, 0xF6, 0xF7, 0xBF, 0xD2, 0x21, 0x7B,
    0xC2, 0x06, 0xA5, 0x16, 0x9F, 0x39, 0xA5, 0xB3, 0x79, 0x3E, 0x78, 0x0F, 0x60, 0xD1, 0xD5, 0x01,
    0x73, 0xC5, 0x60, 0xAF, 0xAB, 0x91, 0xC5, 0x8C, 0xF6, 0x3D, 0xE9, 0x83, 0x78, 0x24, 0xF1, 0x81,
    0xC6, 0x3C, 0x88, 0xD8, 0xEF, 0xDC, 0xD5, 0x4C, 0xA7, 0xE8, 0x4C, 0xD0, 0x7E, 0x97, 0xB0, 0xD4,
    0xAE, 0x6F, 0x15, 0x92, 0x52, 0x72, 0x49, 0x2D, 0x41, 0xA8, 0x37, 0x3F, 0xD3, 0x8C, 0xB5, 0x6D,
    0x87, 0x95, 0x88, 0x96, 0x76, 0xA4, 0x61, 0x0E, 0x68, 0x4E, 0xD2, 0x7B, 0x06, 0xB3, 0xFD, 0x6C,
    0x3E, 0xEE, 0x6F, 0x9D, 0x74, 0x89, 0x9D, 0xB7, 0xDB, 0x57, 0x53, 0x92, 0x3E, 0xE1, 0xA0, 0x1B,
    0x84, 0xB0, 0x59, 0xE1, 0x76, 0x3E, 0x95, 0xDF, 0xD7, 0x6D, 0xE8, 0x39, 0x7F, 0xB3, 0x50, 0x5D,
    0x73, 0xC2, 0xDC, 0x42, 0xE8, 0x24, 0x89, 0x06, 0x90, 0x80, 0x2C, 0x69, 0x00, 0x36, 0xA7, 0xCE,
    0xF4, 0xD0, 0x77, 0x6D, 0x30, 0x6C, 0x48, 0x6C, 0xC7, 0x4F, 0x5B, 0xD7, 0xEA, 0x21, 0xAE, 0x3E,
    0x04, 0xED, 0xF7, 0x71, 0xBE, 0xFF, 0xF3, 0x1F, 0x0B, 0x7E, 0xA3, 0x45, 0xF3, 0xA5, 0x38, 0xFF,
    0xFD, 0x15, 0xF6, 0xCE, 0x1B, 0x25, 0xC6, 0xFB, 0x6B, 0x6C, 0x7C, 0xA3, 0x3D, 0x85, 0x42, 0x7C,
    0x83, 0x30, 0x01, 0x2E, 0x8B, 0x8A, 0x2F, 0xB1, 0xF8, 0xFF, 0x8C, 0xD5, 0x81, 0x86, 0x64, 0x59,
    0x0C, 0xC6, 0xF1, 0x8F, 0x00, 0x2C, 0x79, 0x95, 0x65, 0x01, 0x8A, 0xBC, 0x7A, 0xB8, 0x0F, 0xD0,
    0xAF, 0x12, 0x1A, 0x20, 0x7C, 0x7B, 0x6E, 0x92, 0x73, 0xEB, 0x74, 0x61, 0xA6, 0x8F, 0xDD, 0xEF,
    0xF7, 0x67, 0xD0, 0x95, 0xD2, 0x66, 0x70, 0x3F, 0xAB, 0x05, 0x01, 0x61, 0x80, 0x0E, 0x23, 0x7D,
    0xB1, 0x26, 0x14, 0x92, 0xD0, 0x54, 0xE8, 0xCD, 0x0B, 0x16, 0x10, 0x46, 0x83, 0x07, 0x3F, 0x61,
    0x63, 0x3F, 0x09, 0x48, 0x16, 0x3A, 0x04, 0xEE, 0xB4, 0x85, 0x10, 0x74, 0x00, 0x64, 0x02, 0x80,
    0xD2, 0xD1, 0xEF, 0x56, 0xE3, 0x99, 0x04, 0x20, 0x01, 0x4B, 0x84, 0x90, 0x57, 0x68, 0x1A, 0xDD,
    0x42, 0x09, 0x73, 0x4D, 0xF0, 0x0F, 0x13, 0xB0, 0x9A, 0x30, 0x87, 0x92, 0x00, 0x18, 0xE8, 0xA7,
    0x5E, 0x98, 0x1B, 0xDD, 0xD2, 0x82, 0x8D, 0x24, 0x24, 0xC5, 0xF5, 0x60, 0xBE, 0x04, 0x16, 0x8C,
    0x22, 0x01, 0x8D, 0xCD, 0xAB, 0xB1, 0x21, 0x0A, 0x36, 0xDF, 0x85, 0x9C, 0xA4, 0x5E, 0x37, 0xA4,
    0x2C, 0x64, 0x41, 0x07, 0x18, 0x4A, 0xD4, 0x13, 0x60, 0x9F, 0x0E, 0x3B, 0x56, 0x42, 0x03, 0x94,
    0x60, 0x0A, 0xC5, 0xAF, 0xB5, 0x06, 0x59, 0x5B, 0x1F, 0xD1, 0xF0, 0x5E, 0x02, 0x9A, 0xAF, 0xF7,
    0x46, 0x6F, 0xBC, 0x97, 0xC1, 0x7F, 0x21, 0x74, 0x06, 0x40, 0x98, 0xA3, 0x9F, 0x42, 0x77, 0xB9,
    0x4D, 0x09, 0x73, 0x0A, 0x8C, 0x5D, 0xE6, 0xBB, 0x14, 0xC7, 0x33, 0x32, 0x20, 0x24, 0x73, 0x15,
    0xBD, 0x4A, 0x28, 0x0C, 0x49, 0x58, 0x08, 0xA1, 0x29, 0xD1, 0x25, 0x5C, 0x45, 0xEF, 0x2A, 0xEA,
    0x3F, 0x68, 0x43, 0x87, 0xE6, 0x2E, 0x8B, 0x5D, 0xF4, 0xCF, 0xAA, 0x95, 0xBC, 0xD1, 0xDC, 0x65,
    0x55, 0xF3, 0x6B, 0x96, 0x5D, 0x74, 0x84, 0x2C, 0xEA, 0x87, 0xAF, 0xD2, 0xFA, 0xE1, 0x16, 0x24,
    0x13, 0xBA, 0xF6, 0x2E, 0x74, 0xA1, 0x5E, 0x60, 0xC2, 0x64, 0x07, 0xBD, 0x4E, 0x84, 0x12, 0x75,
    0x61, 0xFF, 0x3C, 0x61, 0x00, 0xB1, 0x3F, 0x02, 0xF6, 0x29, 0x13, 0x42, 0xE6, 0x19, 0xE0, 0xF5,
    0x44, 0x48, 0x74, 0xB8, 0xFA, 0x84, 0xA1, 0x02, 0xC8, 0x39, 0x46, 0x62, 0x42, 0x7D, 0x1F, 0x85,
    0x57, 0xC7, 0xAB, 0x82, 0x81, 0x40, 0xCE, 0x45, 0xCC, 0x39, 0xA8, 0x02, 0x90, 0x7D, 0x4E, 0x22,
    0x01, 0x4B, 0x98, 0x44, 0xA9, 0x5F, 0x0E, 0xC8, 0x92, 0x28, 0x65, 0x44, 0x8E, 0x78, 0x6B, 0x4C,
    0xE1, 0xF3, 0x3F, 0x35, 0xB5, 0xDA, 0x62, 0x19, 0x12, 0xE6, 0x4B, 0x57, 0x6F, 0x0D, 0x74, 0x4B,
    0x20, 0xC7, 0x68, 0xE5, 0xF6, 0xBF, 0x84, 0xBA, 0xD1, 0xBF, 0xEB, 0x88, 0x32, 0xF1, 0xB2, 0xEB,
    0xCA, 0x8B, 0x4C, 0xE5, 0xDA, 0xA5, 0x24, 0x28, 0x4B, 0xEB, 0x43, 0x06, 0x21, 0x00, 0xF3, 0xDF,
    0x90, 0x0B, 0xFE, 0x12, 0x6D, 0x6C, 0xA1, 0x0F, 0x5C, 0x90, 0x3C, 0xC0, 0xFD, 0x58, 0x2B, 0x43,
    0x16, 0x1A, 0x85, 0x79, 0xA1, 0xB5, 0xF8, 0xA7, 0x41, 0xD6, 0x0A, 0x61, 0xCC, 0x03, 0x21, 0x80,
    0x6C, 0x70, 0x22, 0x59, 0x18, 0x0B, 0x5D, 0x9C, 0x1F, 0x17, 0x7F, 0x41, 0x1B, 0x5B, 0xE8, 0x03,
    0x41, 0x90, 0x3C, 0xA8, 0x97, 0x27, 0x57, 0x14, 0x7D, 0xA5, 0x34, 0x48, 0x80, 0x09, 0xF6, 0xC8,
    0x1A, 0x97, 0xA9, 0x1A, 0xEC, 0x11, 0xAE, 0xD1, 0x9E, 0xFA, 0x0A, 0x7F, 0xFE, 0xFD, 0xFB, 0x39,
    0x38, 0x86, 0x3E, 0x23, 0xF3, 0xB9, 0x72, 0x8F, 0x07, 0x00, 0xD6, 0xF8, 0x3D, 0x80, 0xD1, 0xEB,
    0xF7, 0xC3, 0x9F, 0x10, 0x06, 0x12, 0x1A, 0x90, 0xAF, 0x27, 0x72, 0xE2, 0x7A, 0x82, 0x13, 0x7E,
    0x87, 0x55, 0xF8, 0x84, 0x3D, 0x11, 0x13, 0x1A, 0xF1, 0x19, 0x59, 0xA1, 0x2E, 0x4F, 0x70, 0x02,
    0x1F, 0x41, 0xC2, 0x3A, 0xB2, 0xC2, 0xD1, 0xEF, 0x09, 0x3E, 0x31, 0x4A, 0x4E, 0x68, 0x4C, 0x88,
    0xEF, 0x18, 0x01, 0x1B, 0xE7, 0x72, 0x7F, 0x9C, 0x2F, 0xC0, 0xE6, 0x7E, 0x2C, 0xB3, 0xAC, 0xEB,
    0x85, 0x7D, 0xBC, 0xD2, 0xC5, 0xC7, 0x3E, 0x7D, 0x69, 0xDB, 0x68, 0xEB, 0xDC, 0xD3, 0x0C, 0xD0,
    0xD5, 0x65, 0xCB, 0x16, 0xA7, 0x75, 0x70, 0x99, 0x6D, 0xBD, 0xC7, 0x6C, 0x7C, 0x64, 0x8C, 0x3E,
    0x7E, 0xFC, 0x33, 0x1C, 0x9F, 0xCC, 0x9F, 0x9D, 0xCF, 0x42, 0x12, 0x74, 0xA6, 0x51, 0x18, 0xD6,
    0x48, 0x26, 0xA1, 0x8B, 0x28, 0xA2, 0xF9, 0xF6, 0x4F, 0x2C, 0x74, 0x20, 0x7E, 0x20, 0xFC, 0xBF,
    0x3A, 0x33, 0x4A, 0x6D, 0x5D, 0x89, 0xC1, 0xB0, 0x40, 0xAF, 0x01, 0x6D, 0x25, 0x70, 0x5F, 0x0D,
    0xDA, 0xBA, 0x20, 0x0B, 0x38, 0x5B, 0x11, 0xE4, 0x75, 0xE0, 0xBF, 0xFE, 0x25, 0xDB, 0x13, 0xDF,
    0xA4, 0xE5, 0x1E, 0xDA, 0x9E, 0x70, 0x9C, 0xE8, 0x33, 0x4D, 0xDD, 0xF1, 0x8C, 0x34, 0x92, 0x7E,
    0xA7, 0xD7, 0xDE, 0xB3, 0xA3, 0x4F, 0xB1, 0x05, 0x6C, 0x3F, 0x15, 0xAF, 0x7D, 0xF2, 0xD1, 0xA7,
    0x99, 0xF4, 0x5A, 0xA1, 0xB2, 0xAC, 0xAB, 0x47, 0xAD, 0x0A, 0x63, 0x5E, 0xB3, 0x2D, 0xE1, 0x3A,
    0x3F, 0x41, 0x73, 0x90, 0x77, 0x52, 0x37, 0x82, 0xBC, 0x91, 0xD6, 0x0C, 0xD2, 0xCB, 0x63, 0xCD,
    0xA5, 0xD8, 0x1D, 0xAA, 0xD9, 0xBB, 0x74, 0x27, 0x5B, 0x66, 0x90, 0x80, 0x00, 0xD1, 0xD4, 0x64,
    0xC5, 0x1F, 0xC6, 0x51, 0xBC, 0x97, 0x30, 0x35, 0xD5, 0xE3, 0xE1, 0x63, 0x11, 0x05, 0x4A, 0xF6,
    0xAD, 0xC8, 0x3D, 0x97, 0x77, 0xAF, 0x9C, 0xF1, 0x0F, 0x71, 0xDF, 0xC0, 0x0A, 0x1E, 0x8E, 0xDB,
    0x56, 0x23, 0xAE, 0xB2, 0x80, 0xE5, 0x20, 0x15, 0x55, 0x93, 0xDB, 0x1F, 0x48, 0xEF, 0xEE, 0xFB,
    0xFC, 0x1E, 0x2F, 0xDF, 0xBD, 0x92, 0x04, 0x32, 0x25, 0x5D, 0xD3, 0x10, 0x5D, 0x12, 0x7B, 0xC0,
    0x5E, 0x86, 0x43, 0x2E, 0x10, 0x79, 0xFD, 0xEE, 0xF1, 0x2B, 0x23, 0x11, 0x2D, 0x6F, 0x2C, 0x7C,
    0x17, 0x35, 0xC8, 0x8E, 0xE1, 0xCC, 0xB1, 0xBA, 0x58, 0x1C, 0x9B, 0x08, 0x6E, 0x09, 0x4C, 0xD0,
    0xBF, 0x05, 0x34, 0x62, 0x07, 0x08, 0x9F, 0xD8, 0xAE, 0x33, 0xA2, 0x5D, 0x98, 0x2D, 0x73, 0x81,
    0xD1, 0x12, 0x57, 0x43, 0x43, 0xD2, 0x18, 0xC1, 0x0E, 0x86, 0x65, 0xE7, 0xFD, 0x8C, 0x43, 0x8D,
    0xCB, 0x21, 0x3C, 0xAD, 0xBA, 0x2B, 0x5E, 0x5B, 0x3A, 0x8D, 0xE4, 0x58, 0xC8, 0xF3, 0x6E, 0xD4,
    0x31, 0xE6, 0x7E, 0xF3, 0x98, 0xED, 0x69, 0x46, 0x03, 0x45, 0x1D, 0x33, 0x08, 0x76, 0xE6, 0xF3,
    0xFB, 0x52, 0x5C, 0x8A, 0xFE, 0xC0, 0xFB, 0xA4, 0xDE, 0x48, 0x5B, 0xA9, 0x80, 0x92, 0x43, 0xE9,
    0x81, 0x24, 0x53, 0x8E, 0xDD, 0x88, 0x15, 0x86, 0xA3, 0x0E, 0xA6, 0xCC, 0xA3, 0x1B, 0x44, 0xC9,
    0xA4, 0x1B, 0xA1, 0x0D, 0xF3, 0x03, 0x68, 0x75, 0xDB, 0xC8, 0x42, 0x36, 0x5A, 0xDE, 0xB6, 0xBA,
    0x85, 0x74, 0x94, 0x44, 0x4E, 0x7C, 0x3E, 0x34, 0xBD, 0xF6, 0x53, 0xCD, 0x29, 0x9B, 0xBD, 0x2B,
    0xDE, 0xEF, 0x32, 0x47, 0xCA, 0xC4, 0x7F, 0x0F, 0x68, 0xAE, 0xE0, 0xED, 0x09, 0x19, 0x96, 0x3F,
    0xE4, 0x46, 0x91, 0x65, 0x16, 0x76, 0x2B, 0x7A, 0xCE, 0x52, 0x7E, 0xFD, 0x3B, 0x9C, 0xD9, 0xA9,
    0x66, 0x44, 0xFD, 0x84, 0xBD, 0xFD, 0xEA, 0x9B, 0xDC, 0x7A, 0x6A, 0x20, 0xBD, 0x3B, 0xFD, 0xDC,
    0x40, 0xFE, 0x06, 0xB7, 0x5E, 0x19, 0x7F, 0x7E, 0xFA, 0x9C, 0xD6, 0x6F, 0x72, 0x6B, 0x4E, 0x85,
    0xA5, 0x78, 0xD4, 0xB7, 0xF9, 0x37, 0xA5, 0xFE, 0x51, 0xBB, 0x3D, 0x8F, 0x85, 0xB8, 0xBC, 0xAD,
    0x08, 0xB0, 0xB5, 0x73, 0x02, 0xD5, 0xCB, 0xD8, 0x6F, 0x8E, 0x1C, 0x3A, 0x7A, 0x72, 0xFF, 0x02,
    0x68, 0x55, 0xDF, 0x02, 0xC2, 0x93, 0x88, 0x15, 0x6C, 0xC3, 0x87, 0xA6, 0x3F, 0xC3, 0x10, 0x8D,
    0x10, 0x9F, 0xE8, 0xBF, 0x35, 0x94, 0x94, 0xA8, 0x96, 0xD9, 0x3D, 0x34, 0xAB, 0x89, 0xB8, 0x3F,
    0xF4, 0xD0, 0x3C, 0x69, 0x19, 0x05, 0x86, 0xF1, 0x95, 0x36, 0x9C, 0x76, 0xF4, 0x4D, 0xDF, 0xEC,
    0x9F, 0xD5, 0xEE, 0x65, 0xD4, 0x2F, 0x8E, 0x5B, 0xEA, 0xB0, 0xEC, 0x5C, 0xA4, 0x71, 0x02, 0x90,
    0x7E, 0xFC, 0x8C, 0xCF, 0xB5, 0x01, 0xBE, 0x47, 0x1B, 0xAC, 0x3C, 0x5C, 0x49, 0xE8, 0xC8, 0xED,
    0xBE, 0x82, 0xAF, 0x2A, 0x83, 0xE8, 0x5A, 0xE2, 0x1C, 0xC7, 0xDA, 0x6B, 0x9E, 0x72, 0x54, 0x75,
    0x10, 0xFA, 0xAA, 0xAA, 0xCF, 0x4F, 0x7A, 0x5E, 0x0B, 0x99, 0xCD, 0x31, 0x3F, 0xF7, 0x8F, 0x74,
    0xED, 0x78, 0xA9, 0x6B, 0xED, 0x95, 0xAE, 0x8D, 0xDF, 0xD0, 0xB5, 0x9B, 0xAF, 0xFC, 0x28, 0xE2,
    0x63, 0x4F, 0x95, 0x8B, 0x1C, 0x3F, 0x82, 0x30, 0x2E, 0x92, 0x70, 0x27, 0xFA, 0xE2, 0x1F, 0x92,
    0xBE, 0xA7, 0x6F, 0x16, 0x1F, 0xAB, 0xCE, 0x78, 0xFC, 0xD5, 0xE5, 0x5C, 0x5C, 0x80, 0x79, 0x42,
    0x8F, 0xC2, 0x91, 0x45, 0x74, 0x9E, 0xAC, 0x9C, 0xD8, 0x63, 0x9C, 0x4E, 0xBD, 0x7B, 0xBC, 0x4F,
    0x4B, 0xDF, 0xB5, 0x5D, 0xB9, 0xF9, 0xB2, 0x9D, 0xB9, 0xB4, 0x37, 0x07, 0xDD, 0xC9, 0x53, 0xD4,
    0x5A, 0x81, 0xBA, 0x68, 0x3B, 0x1D, 0x0A, 0xD1, 0x63, 0x12, 0x84, 0x9E, 0x7A, 0xD1, 0x71, 0xF8,
    0xFD, 0x0E, 0x3A, 0xAE, 0x36, 0x65, 0xA5, 0x59, 0xBD, 0x3C, 0x9A, 0x34, 0x04, 0x6D, 0x25, 0x86,
    0x90, 0x42, 0x06, 0x89, 0x2C, 0x0E, 0x8D, 0xD5, 0x87, 0x55, 0x5B, 0x03, 0x55, 0x58, 0x3D, 0x8F,
    0x24, 0xD0, 0x27, 0xB1, 0xD1, 0x7E, 0x0C, 0xE2, 0x90, 0xEC, 0x1E, 0xF4, 0xDE, 0xE8, 0xE1, 0x66,
    0x2D, 0xF6, 0x95, 0x49, 0xEE, 0x0F, 0xE7, 0x7A, 0x5F, 0x19, 0x76, 0x23, 0x5D, 0x77, 0x22, 0xC6,
    0x4A, 0xBF, 0x25, 0x59, 0x61, 0x74, 0xCC, 0x3F, 0xAF, 0x34, 0xAD, 0xB2, 0x74, 0xDC, 0xA4, 0x33,
    0x75, 0x6E, 0xBF, 0x06, 0xDA, 0x4D, 0x4F, 0x5E, 0x32, 0x78, 0x6C, 0xE5, 0xB0, 0xA6, 0xA5, 0xB5,
    0xC1, 0x38, 0x1D, 0x27, 0x00, 0x7A, 0x91, 0xE0, 0xB4, 0x50, 0xA8, 0x15, 0x14, 0x38, 0x81, 0xAA,
    0x38, 0xDE, 0x8E, 0x38, 0xDA, 0x95, 0x8E, 0xDE, 0xF8, 0x55, 0xE8, 0xFD, 0xD6, 0x8F, 0x73, 0x8B,
    0xF4, 0xF1, 0xE6, 0x27, 0x4E, 0x57, 0xFE, 0xBD, 0xE5, 0x36, 0x31, 0xCB, 0x51, 0xF3, 0xED, 0x2C,
    0xFC, 0xA9, 0xB4, 0xF3, 0xB9, 0x48, 0x05, 0x66, 0x5B, 0x0F, 0x23, 0x45, 0xE3, 0xCD, 0x4E, 0x99,
    0x05, 0xA9, 0x7E, 0xAA, 0xEE, 0xA5, 0xC9, 0x69, 0x85, 0xC4, 0xF7, 0xFB, 0x43, 0x43, 0x16, 0x6E,
    0x7E, 0xE5, 0xAF, 0x38, 0x96, 0xF7, 0x2D, 0x1F, 0x6A, 0x0E, 0x4D, 0x21, 0x34, 0xDF, 0xCC, 0x56,
    0x93, 0x69, 0xC8, 0x32, 0x86, 0x6F, 0x9A, 0x71, 0x48, 0x5A, 0x2D, 0x70, 0x3B, 0x16, 0x0B, 0x01,
    0xED, 0x57, 0xD6, 0xFD, 0x34, 0x4B, 0x85, 0xFC, 0xF7, 0xA1, 0x56, 0xAA, 0xFD, 0xA6, 0x07, 0x5F,
    0xA0, 0xDD, 0x20, 0xF4, 0x60, 0x27, 0x6F, 0x9B, 0xA7, 0x55, 0x9B, 0x35, 0x8C, 0xAD, 0x75, 0x75,
    0xD7, 0x2F, 0x63, 0xFD, 0xE2, 0xEB, 0x2A, 0xF1, 0x13, 0xEB, 0x10, 0xAB, 0x98, 0x96, 0x69, 0x5A,
    0x3D, 0xAC, 0xAB, 0xE8, 0x37, 0xAC, 0x21, 0xA4, 0x7D, 0x94, 0x82, 0x8A, 0x07, 0xCE, 0xFE, 0x01,
    0xE2, 0xD8, 0x25, 0x1F, 0x5A, 0x7E, 0x6E, 0x9E, 0x25, 0x0F, 0x68, 0x1C, 0x7A, 0x78, 0xC7, 0xC4,
    0x6F, 0xD9, 0x39, 0xF8, 0x58, 0x1F, 0x10, 0xAD, 0x2B, 0x7E, 0xE5, 0xFF, 0x19, 0xB7, 0x37, 0xAE,
    0xF5, 0xFC, 0xB4, 0x54, 0x9A, 0x23, 0x9D, 0x23, 0x2E, 0x8C, 0xC5, 0xD7, 0xBE, 0xDD, 0x39, 0x06,
    0x5C, 0x34, 0x53, 0xF2, 0x2A, 0xD7, 0xDF, 0xFE, 0x6A, 0x47, 0x16, 0xBA, 0x18, 0x52, 0x8E, 0xED,
    0xE2, 0xD8, 0x9A, 0xD8, 0xA2, 0x32, 0xFC, 0x0F, 0x7E, 0xBF, 0xF3, 0xB9, 0xEB, 0xBF, 0xA4, 0xE2,
    0x0E, 0xB9, 0x93, 0xC4, 0xE0, 0xEA, 0x96, 0x15, 0xE2, 0x04, 0x05, 0x82, 0x5C, 0xFE, 0xD8, 0x3A,
    0x7B, 0x5B, 0xA0, 0x53, 0x42, 0xD3, 0xAB, 0xD2, 0xAA, 0xE8, 0x37, 0xAC, 0x91, 0x63, 0xEB, 0xDE,
    0x3D, 0x7C, 0x06, 0xD4, 0x35, 0xCE, 0xB2, 0x29, 0x09, 0x88, 0xF6, 0xC3, 0x81, 0x14, 0x3C, 0x0F,
    0xEC, 0x9F, 0x29, 0xF6, 0xF5, 0x42, 0xF6, 0xB5, 0x59, 0x61, 0xAC, 0xD0, 0xC2, 0xC3, 0xBF, 0x38,
    0xEE, 0xA5, 0x45, 0x56, 0xD8, 0x60, 0xBF, 0x42, 0xA7, 0x6D, 0xC5, 0x52, 0x2B, 0x96, 0x3E, 0xE7,
    0x90, 0x96, 0x18, 0x9E, 0xBF, 0x06, 0x9D, 0x9C, 0xAB, 0x45, 0xE8, 0x3D, 0xA4, 0xAC, 0x32, 0xE6,
    0xE3, 0x2C, 0xE6, 0x05, 0xBB, 0x27, 0x91, 0x52, 0x02, 0xAD, 0x4A, 0x1B, 0x9F, 0xB1, 0xFE, 0xDC,
    0x12, 0xC5, 0x66, 0x18, 0xBB, 0xE2, 0x75, 0x20, 0xBF, 0xBC, 0x3C, 0xB9, 0x7C, 0x24, 0x56, 0x72,
    0x8A, 0x95, 0xF7, 0x3F, 0x62, 0x5B, 0x24, 0x3B, 0xFD, 0x98, 0xA5, 0x43, 0x3A, 0xE6, 0x62, 0x1A,
    0x3F, 0xF3, 0x10, 0xFD, 0x4A, 0xAC, 0x84, 0x1F, 0xFF, 0x7F, 0x57, 0xD1, 0x77, 0x3B, 0x45, 0x74,
    0x1C, 0x7B, 0x93, 0x18, 0xBD, 0x37, 0x0B, 0xF1, 0xFD, 0xFE, 0x70, 0x6C, 0xD5, 0x82, 0xD5, 0x40,
    0x57, 0xB3, 0xB2, 0xD9, 0x77, 0x7A, 0x63, 0x77, 0x83, 0x44, 0xB6, 0xFF, 0x6C, 0x38, 0x43, 0x16,
    0xAB, 0xD5, 0x19, 0xE1, 0xE8, 0x96, 0x70, 0x1C, 0x4E, 0xDB, 0x3A, 0xB2, 0xD1, 0x36, 0x99, 0x7E,
    0xE5, 0x39, 0x0D, 0xF0, 0x84, 0x8B, 0x7B, 0xB8, 0xA7, 0x78, 0x77, 0xEB, 0x1A, 0x63, 0xE1, 0xC9,
    0xA1, 0x70, 0x0C, 0x7A, 0xA1, 0x8F, 0x0E, 0x00, 0x6A, 0xDC, 0xA5, 0xB4, 0x7E, 0x54, 0x76, 0x66,
    0x01, 0x0A, 0xCB, 0xA1, 0x50, 0x42, 0x46, 0xA1, 0xAE, 0x7E, 0xC2, 0xF8, 0x5F, 0x50, 0x20, 0x1B,
    0xF3, 0xD8, 0x1E, 0x30, 0xC6, 0x0E, 0x29, 0x1C, 0x0F, 0x1D, 0xDA, 0x1F, 0x31, 0x98, 0x2D, 0x44,
    0x73, 0xEB, 0xB0, 0x96, 0xF2, 0xD1, 0xDB, 0xF3, 0x62, 0xB9, 0x18, 0x86, 0x7E, 0xBA, 0xCE, 0x7F,
    0x01, 0x55, 0x90, 0x87, 0x89, 0x44, 0x41, 0x0C, 0x43, 0x05, 0x2E, 0xC0, 0xAD, 0xFC, 0x02, 0x06,
    0xD4, 0xBA, 0x61, 0x0B, 0xD8, 0x56, 0x04, 0x4B, 0x46, 0xA0, 0x5B, 0xFF, 0xCB, 0x93, 0xF3, 0xBC,
    0xE7, 0x83, 0x20, 0x43, 0x95, 0x70, 0xA0, 0x52, 0x9B, 0x43, 0x08, 0x30, 0x2A, 0x5B, 0xFA, 0x39,
    0x2C, 0x19, 0xEE, 0xB9, 0xE8, 0xF3, 0x8A, 0x2E, 0x4E, 0xF2, 0x55, 0x84, 0x73, 0x20, 0x96, 0x18,
    0x75, 0xA6, 0x02, 0x22, 0xB3, 0x99, 0x60, 0x29, 0x4F, 0xBF, 0xCB, 0x6E, 0x1B, 0x09, 0xCC, 0x31,
    0x81, 0xA0, 0x8C, 0x12, 0xA8, 0xD8, 0xD6, 0xB1, 0x63, 0xAA, 0xE6, 0xB4, 0xDC, 0x2F, 0x73, 0xBB,
    0xD1, 0x81, 0xB1, 0x57, 0xDF, 0x00, 0x7D, 0x93, 0x60, 0x21, 0x60, 0x4E, 0x5A, 0x7C, 0xA8, 0x65,
    0xE8, 0x2C, 0x61, 0x86, 0xD1, 0x0D, 0x29, 0xE1, 0x2A, 0x34, 0xF6, 0xEE, 0xED, 0x85, 0x35, 0x6A,
    0x97, 0x6F, 0xB7, 0x35, 0xFB, 0x07, 0xE8, 0x3C, 0xBE, 0x01, 0xEF, 0xD5, 0x9E, 0x86, 0x71, 0xA1,
    0x76, 0x64, 0x2C, 0xB1, 0xF3, 0x75, 0x93, 0xC8, 0x89, 0x39, 0x83, 0x11, 0xE4, 0x5A, 0x7D, 0x06,
    0x6D, 0xFC, 0x44, 0xE3, 0x03, 0xCD, 0x9A, 0xCB, 0x6A, 0x3B, 0xBB, 0xD2, 0xC5, 0x17, 0xD4, 0x34,
    0x50, 0xAF, 0x62, 0xD8, 0x53, 0x43, 0xBD, 0x7A, 0x81, 0xA7, 0x07, 0xF2, 0x2A, 0x05, 0x9E, 0x16,
    0xAC, 0x4F, 0x55, 0x52, 0xCB, 0x76, 0xE3, 0x9D, 0x64, 0xFF, 0x77, 0xF8, 0xCE, 0x91, 0x7B, 0xFD,
    0x56, 0xD3, 0xE9, 0xB4, 0x2E, 0xD6, 0xAD, 0x25, 0x83, 0x12, 0xA0, 0x66, 0x2B, 0x25, 0xB0, 0x82,
    0x91, 0x2C, 0x09, 0x51, 0xB2, 0x25, 0x1D, 0xC2, 0x43, 0x8C, 0x56, 0x02, 0x4F, 0xD2, 0x21, 0x2B,
    0x69, 0x82, 0x47, 0x30, 0x92, 0x01, 0x4E, 0x4A, 0x6A, 0x20, 0x25, 0x91, 0x4F, 0x0C, 0x40, 0x13,
    0x78, 0xD0, 0x38, 0x48, 0xD2, 0x07, 0x61, 0x51, 0xD7, 0xF5, 0x07, 0x34, 0x17, 0xD2, 0x27, 0x89,
    0x0A, 0x59, 0x90, 0x68, 0xFA, 0x82, 0x0D, 0xD1, 0x3B, 0x1B, 0x1A, 0xC0, 0xC7, 0x8F, 0x73, 0xFD,
    0x5E, 0xF9, 0x2A, 0x32, 0x5B, 0x10, 0x46, 0x3F, 0x15, 0xA0, 0xD3, 0x25, 0x61, 0xAE, 0x31, 0x60,
    0x0B, 0x18, 0x56, 0x20, 0x03, 0x6C, 0x38, 0x30, 0x61, 0x8D, 0x98, 0x10, 0x58, 0x42, 0x5D, 0x09,
    0x83, 0x90, 0x1D, 0x45, 0x00, 0xCA, 0xFE, 0x67, 0x08, 0xE9, 0x9A, 0x1A, 0xE6, 0x32, 0xA4, 0x53,
    0x01, 0xCC, 0x22, 0x0C, 0x08, 0x09, 0xCC, 0x92, 0x8C, 0xF9, 0x50, 0x4D, 0x83, 0x06, 0x7D, 0xA8,
    0x9D, 0x6E, 0x64, 0x27, 0xD7, 0x18, 0xC6, 0x10, 0xE2, 0xCD, 0x91, 0xEF, 0x0F, 0x4D, 0x90, 0x41,
    0x86, 0x49, 0xF2, 0x56, 0x87, 0x49, 0xA2, 0xC3, 0xBF, 0x79, 0x1A, 0x99, 0x7C, 0xFF, 0xBF, 0xDF,
    0x3F, 0x6A, 0x55, 0x87, 0x80, 0x39, 0x08, 0x24, 0x70, 0x59, 0xDF, 0x6F, 0x3C, 0x39, 0x42, 0x12,
    0x5F, 0xB8, 0x6C, 0xD7, 0xED, 0x8C, 0xE1, 0x3E, 0x3C, 0xA7, 0x0B, 0xA7, 0x83, 0x0E, 0x3D, 0x3B,
    0xDA, 0xAF, 0xD3, 0x41, 0x43, 0xDF, 0xCF, 0x1C, 0xAE, 0x09, 0x86, 0x90, 0x0C, 0x98, 0x97, 0x1F,
    0x85, 0xB5, 0x7D, 0xE5, 0xEC, 0xC7, 0x5E, 0xE8, 0xF4, 0x09, 0xC9, 0x64, 0x4E, 0x17, 0x1E, 0x85,
    0xEA, 0xDF, 0xF9, 0x40, 0xA7, 0xAF, 0x5D, 0x09, 0xD2, 0x49, 0xE6, 0xF2, 0x5D, 0x6C, 0x5C, 0x26,
    0x29, 0x81, 0xD9, 0x82, 0xB7, 0x85, 0x26, 0x7C, 0x35, 0xE2, 0x36, 0x63, 0x19, 0x49, 0x2F, 0xF3,
    0x59, 0xF7, 0xA0, 0xAF, 0x96, 0x2F, 0x16, 0xEF, 0x4D, 0xC8, 0x1B, 0xE9, 0xCB, 0x00, 0x5C, 0x51,
    0x81, 0xD8, 0xD1, 0x59, 0xEC, 0x0B, 0xB8, 0xE0, 0x08, 0xC6, 0x94, 0x1C, 0x0C, 0x25, 0x84, 0x98,
    0xBC, 0x5E, 0x8B, 0x79, 0x29, 0x06, 0x06, 0xA5, 0xA9, 0x5E, 0x24, 0x9A, 0x31, 0x98, 0x9A, 0x45,
    0xE1, 0x83, 0x58, 0xF4, 0x07, 0x2D, 0x9A, 0x74, 0x32, 0xB4, 0x29, 0x04, 0x30, 0xBB, 0x9C, 0x6C,
    0xD2, 0x1F, 0x29, 0x94, 0xE6, 0x23, 0x18, 0x63, 0x1F, 0x6F, 0x6A, 0x36, 0xA1, 0x4D, 0x6B, 0x72,
    0x30, 0xE5, 0x5E, 0xD4, 0x5B, 0xD1, 0xA4, 0x98, 0x7D, 0x4F, 0x34, 0xBD, 0x89, 0x62, 0x16, 0x9F,
    0x0F, 0x76, 0xF2, 0x9A, 0x0E, 0xE9, 0xB2, 0xF3, 0x8F, 0x81, 0xB0, 0x81, 0x55, 0xE9, 0x9E, 0x42,
    0xDF, 0x58, 0x48, 0x4D, 0xA8, 0x37, 0x84, 0x50, 0x0C, 0x18, 0x40, 0xBF, 0x16, 0x12, 0x30, 0x8F,
    0x81, 0x18, 0xD0, 0xBB, 0x0F, 0x70, 0x40, 0x26, 0x56, 0x1F, 0x2C, 0x3E, 0xA0, 0x1E, 0x03, 0x8C,
    0xE3, 0x8E, 0xFC, 0x3E, 0xFB, 0x67, 0xBE, 0x3F, 0xF4, 0x3B, 0xCE, 0x83, 0x15, 0xA2, 0xE9, 0x80,
    0x01, 0x78, 0x47, 0x5C, 0x9E, 0xAA, 0xD3, 0x64, 0x16, 0xEF, 0x45, 0x59, 0x64, 0xF1, 0x56, 0xD4,
    0x49, 0x2F, 0x1A, 0xE8, 0x07, 0xAF, 0x4D, 0x92, 0x71, 0x30, 0xBA, 0xAA, 0x2C, 0x76, 0xDA, 0xBC,
    0x48, 0x82, 0xF4, 0x49, 0x23, 0x89, 0x86, 0x10, 0x0D, 0x2B, 0xE8, 0x06, 0x0E, 0x30, 0x0A, 0x1C,
    0x90, 0x39, 0xB6, 0x34, 0xE2, 0x15, 0x3E, 0xC0, 0x01, 0x21, 0x48, 0x66, 0xC1, 0x61, 0x64, 0x0C,
    0xEC, 0xFF, 0x25, 0x1A, 0xB6, 0x41, 0x2C, 0x68, 0x0C, 0x18, 0x0A, 0xC4, 0xBE, 0x2F, 0x24, 0xCF,
    0x98, 0x71, 0xF8, 0x8E, 0xE3, 0xF7, 0xC7, 0x52, 0x92, 0xF4, 0x45, 0x75, 0x0D, 0x6C, 0xDA, 0x99,
    0x78, 0x4F, 0x7B, 0xE2, 0xF5, 0x89, 0xF9, 0xA0, 0x44, 0xD1, 0x3A, 0x16, 0x4E, 0xF6, 0x58, 0x9C,
    0x9B, 0x8A, 0x67, 0xFE, 0xF6, 0x3C, 0x09, 0x09, 0x32, 0x34, 0x84, 0xE5, 0x96, 0xB3, 0x31, 0x33,
    0xE5, 0x56, 0x1E, 0xD1, 0x43, 0x90, 0x84, 0x03, 0xE5, 0xC3, 0x90, 0x9A, 0x5A, 0x6E, 0x9A, 0x36,
    0x0C, 0x4A, 0x66, 0xF9, 0xAA, 0xE2, 0x42, 0xCD, 0xD9, 0xE9, 0xD6, 0x67, 0x78, 0x4C, 0xB7, 0xE1,
    0x52, 0xEE, 0x1D, 0x19, 0xF8, 0xE4, 0x03, 0xC6, 0xD5, 0x5A, 0x52, 0x48, 0x37, 0x6A, 0x94, 0x6B,
    0xAE, 0xD9, 0x46, 0x68, 0x58, 0x18, 0x34, 0x3F, 0x30, 0x1F, 0x3A, 0x5B, 0x0B, 0x1D, 0xB3, 0x52,
    0xFA, 0x31, 0xCB, 0x28, 0xF1, 0x45, 0x16, 0x74, 0xC6, 0x9A, 0x6D, 0xFC, 0xF7, 0xBA, 0xBE, 0xD9,
    0xC4, 0x25, 0xE1, 0xC5, 0x47, 0xBF, 0x0F, 0xFE, 0x8F, 0x74, 0xCE, 0xFF, 0xB5, 0x61, 0xCB, 0x48,
    0xC6, 0x22, 0xFA, 0xCA, 0x66, 0x02, 0xF2, 0x77, 0xF4, 0x33, 0xD5, 0xF5, 0x41, 0x0C, 0x5E, 0xAD,
    0xC8, 0xC9, 0x6C, 0x06, 0xC8, 0x30, 0x47, 0xE7, 0x37, 0x20, 0xCC, 0x32, 0x65, 0xA2, 0xCD, 0xFB,
    0x3E, 0x73, 0xDC, 0x13, 0xB6, 0x4D, 0xEE, 0xC4, 0x75, 0x58, 0x10, 0xF9, 0x62, 0xD1, 0xE6, 0x6D,
    0x76, 0x7B, 0x32, 0xB7, 0xBB, 0xB7, 0xB1, 0x4D, 0x0F, 0xC3, 0x36, 0x52, 0x28, 0xE4, 0xB0, 0x1C,
    0x76, 0xFE, 0xCE, 0x7F, 0x38, 0x16, 0x91, 0xDC, 0x4C, 0xE8, 0x99, 0xDF, 0x7F, 0xE7, 0xFB, 0x7D,
    0xC1, 0x41, 0x67, 0xF4, 0xCD, 0x5A, 0xB0, 0x80, 0x34, 0x38, 0xE1, 0x07, 0x58, 0xB0, 0x8D, 0xE3,
    0x3E, 0x6D, 0x84, 0x76, 0xE7, 0x4C, 0xD0, 0x41, 0x26, 0xA0, 0xAB, 0x5F, 0x66, 0x34, 0xBF, 0xCB,
    0x5B, 0xF3, 0x7C, 0xFC, 0x69, 0xDE, 0xDE, 0x8C, 0x39, 0x31, 0x60, 0x6F, 0x40, 0x5F, 0xB7, 0x18,
    0x8F, 0x1C, 0xCF, 0xB6, 0xFA, 0x1E, 0x64, 0x2E, 0x40, 0x67, 0x4E, 0x85, 0xA0, 0x06, 0x68, 0x43,
    0xF4, 0xD6, 0xC7, 0x10, 0x88, 0x37, 0xF2, 0xD6, 0x07, 0x03, 0x66, 0x89, 0x54, 0x32, 0xBA, 0x5C,
    0x2D, 0x67, 0x23, 0x68, 0x50, 0xA8, 0x91, 0x42, 0x29, 0x20, 0x1B, 0x33, 0x59, 0x67, 0xE4, 0x8F,
    0x20, 0x64, 0x34, 0xFE, 0x5F, 0x66, 0x58, 0x10, 0xD2, 0x0F, 0x82, 0x1C, 0x80, 0x46, 0x9F, 0x92,
    0x90, 0xA2, 0x6B, 0x5A, 0xD4, 0x47, 0x43, 0xB3, 0x07, 0x85, 0xE4, 0xA2, 0xBD, 0xA1, 0xA6, 0x15,
    0x63, 0xFD, 0xCF, 0x1E, 0x9B, 0x73, 0xCF, 0x9B, 0x9A, 0x3B, 0x5E, 0xC0, 0x98, 0x4A, 0x9F, 0x14,
    0x76, 0x7A, 0xE9, 0xD2, 0x59, 0x52, 0x2F, 0x1A, 0x00, 0xCD, 0xEB, 0xA0, 0x30, 0x9B, 0x31, 0x08,
    0xFA, 0x69, 0x16, 0x26, 0x4D, 0xBD, 0x3D, 0x66, 0x5B, 0xB9, 0xB8, 0x67, 0x55, 0xA4, 0x90, 0x3E,
    0xB9, 0x1B, 0xF2, 0xAA, 0xEF, 0xF9, 0xCF, 0xEA, 0xBB, 0xFE, 0xE1, 0xEC, 0x32, 0x76, 0x19, 0x43,
    0xDE, 0x90, 0xF4, 0x7D, 0x68, 0xE2, 0x67, 0xC7, 0x1E, 0x67, 0xFA, 0xF1, 0x93, 0x96, 0x33, 0x92,
    0xF7, 0x3C, 0x7F, 0x0D, 0x6E, 0x0C, 0xF2, 0x46, 0x1E, 0x3E, 0x47, 0x22, 0x8B, 0x1F, 0x7B, 0xB6,
    0x7B, 0x79, 0xFC, 0x99, 0x5B, 0x80, 0xAE, 0xCB, 0xF9, 0x1A, 0xF2, 0x48, 0x17, 0xF6, 0xC9, 0x11,
    0xF3, 0x3F, 0x3C, 0x59, 0xE9, 0xEC, 0x93, 0xF8, 0x57, 0x27, 0x9D, 0x4E, 0xE8, 0x71, 0xC2, 0x15,
    0x7C, 0x9F, 0x60, 0x06, 0xDB, 0x27, 0x38, 0x9F, 0xE8, 0xE3, 0xC4, 0xC8, 0xC0, 0x22, 0xBB, 0x71,
    0xE6, 0x13, 0x43, 0x8B, 0x78, 0x25, 0xA3, 0x99, 0x45, 0x61, 0x11, 0xF4, 0x2F, 0x38, 0xEF, 0x51,
    0xCE, 0x8A, 0xD2, 0x04, 0xE6, 0xB8, 0xCA, 0x65, 0xC2, 0x4E, 0x70, 0x1B, 0xBF, 0x31, 0x8B, 0x69,
    0x6C, 0xBB, 0xD1, 0xCB, 0xB0, 0xCC, 0xCA, 0xF2, 0x64, 0x7C, 0xB6, 0x79, 0x2F, 0x99, 0xC6, 0x24,
    0xE9, 0xD6, 0x67, 0xC0, 0xB1, 0xC2, 0xF1, 0x25, 0x2C, 0x4E, 0x6F, 0x1E, 0x8D, 0x58, 0xF8, 0xEA,
    0x15, 0x07, 0x96, 0xAB, 0xC2, 0x33, 0x08, 0xCB, 0x6B, 0x17, 0xA7, 0xF0, 0x90, 0x90, 0xAD, 0xE7,
    0x6B, 0x6C, 0x69, 0x4E, 0xD9, 0x69, 0x59, 0xAC, 0x84, 0x72, 0x21, 0x57, 0x4D, 0xB3, 0xC4, 0x4A,
    0x4A, 0x39, 0x1D, 0xD3, 0x67, 0xB9, 0xC9, 0xC9, 0xF9, 0xEA, 0x29, 0xDF, 0x38, 0xCA, 0x31, 0xF3,
    0xC6, 0xDD, 0xEA, 0xCA, 0x63, 0x8E, 0x6B, 0x7A, 0x8C, 0x6D, 0x7B, 0xC2, 0x1F, 0x50, 0xCE, 0xA1,
    0x4B, 0x13, 0xA0, 0x7F, 0x45, 0x8B, 0xA2, 0xF0, 0x73, 0x10, 0x56, 0x14, 0xEA, 0xE0, 0x7E, 0x3D,
    0x28, 0xBA, 0x06, 0xC0, 0x49, 0x0C, 0x5A, 0x73, 0xBD, 0x14, 0x44, 0xB1, 0x8B, 0x56, 0xC8, 0x63,
    0xAA, 0x12, 0x9D, 0xD0, 0x03, 0x74, 0x7B, 0xC5, 0x5F, 0x85, 0xFB, 0x82, 0xDD, 0x6E, 0xE9, 0xC6,
    0x5B, 0xE7, 0x76, 0x0F, 0x62, 0xB1, 0xCB, 0x9B, 0x74, 0xA1, 0x63, 0xBE, 0xE4, 0x01, 0x26, 0x74,
    0x53, 0x86, 0x99, 0x06, 0xAF, 0x9A, 0xBC, 0x0C, 0xC5, 0x92, 0xB7, 0xC2, 0xDC, 0x4A, 0x83, 0x74,
    0x65, 0x02, 0xB3, 0x8F, 0x3C, 0xBE, 0xD8, 0xE3, 0xAF, 0x30, 0x27, 0x78, 0x73, 0x90, 0xE5, 0x74,
    0xBA, 0xB5, 0xE6, 0x87, 0x50, 0x66, 0x27, 0x03, 0x0C, 0x63, 0x9A, 0xF2, 0x22, 0x44, 0xE7, 0x6F,
    0x55, 0xC4, 0xEE, 0x1D, 0x58, 0xC7, 0x95, 0xA4, 0x31, 0x94, 0x3B, 0x22, 0x71, 0x73, 0x40, 0xE3,
    0x45, 0x9C, 0x15, 0x67, 0x0E, 0xB3, 0x95, 0xD0, 0x29, 0x6E, 0x99, 0x2F, 0x15, 0x61, 0x91, 0x73,
    0x14, 0xA7, 0xBF, 0xCB, 0xC0, 0xBC, 0xF7, 0x46, 0x90, 0x81, 0xCE, 0xA7, 0x4F, 0x59, 0x28, 0x8C,
    0x8F, 0xCC, 0xEB, 0xBC, 0x3B, 0x4A, 0x93, 0xB7, 0x1C, 0xE5, 0xEE, 0x92, 0xA6, 0x0E, 0x0C, 0x02,
    0x20, 0xCD, 0x0F, 0x26, 0x19, 0xD0, 0x28, 0x56, 0x0C, 0x09, 0x03, 0x6F, 0xBC, 0x10, 0x04, 0x93,
    0x9D, 0x32, 0xC3, 0x20, 0xC0, 0x50, 0xA6, 0xDD, 0x78, 0xC5, 0x1C, 0x38, 0x43, 0x8F, 0x72, 0x03,
    0xC8, 0x59, 0x4B, 0x24, 0x8D, 0x7D, 0x3D, 0x30, 0xAF, 0xE0, 0x56, 0x90, 0x09, 0xB5, 0x0D, 0x42,
    0xF3, 0x7A, 0x20, 0x1A, 0x71, 0x80, 0x51, 0xC5, 0xEF, 0x0C, 0x10, 0xE6, 0x73, 0xB1, 0xDE, 0x10,
    0x00, 0x65, 0xC0, 0xB8, 0xFB, 0x4A, 0xE0, 0x37, 0x23, 0xD2, 0x40, 0xCE, 0x47, 0x59, 0x2A, 0x21,
    0x69, 0xD7, 0x81, 0xEB, 0x65, 0x20, 0x00, 0x89, 0x1C, 0xB8, 0x73, 0x41, 0x49, 0x1F, 0xB0, 0x81,
    0xD4, 0x7B, 0x81, 0xAE, 0x29, 0x9D, 0xF3, 0x35, 0xF3, 0x16, 0x32, 0x81, 0x4F, 0x1D, 0x50, 0x79,
    0x81, 0x15, 0xAE, 0x0D, 0x5D, 0xB8, 0xE4, 0xC0, 0x35, 0x06, 0x18, 0x4A, 0x6F, 0x98, 0xCB, 0x31,
    0x1E, 0xF6, 0xD3, 0xF1, 0x61, 0x6E, 0x09, 0x70, 0x91, 0x09, 0xF9, 0x8C, 0x41, 0xFD, 0xBC, 0x17,
    0xF5, 0xFE, 0x99, 0x30, 0xE5, 0xE0, 0x55, 0xA8, 0x81, 0x5C, 0xCC, 0x41, 0xDE, 0x52, 0xE9, 0xF4,
    0x7E, 0x30, 0x62, 0xD6, 0x69, 0x82, 0x39, 0xF0, 0x57, 0x41, 0x26, 0xE4, 0x00, 0x99, 0x4F, 0xD0,
    0x94, 0x03, 0xB1, 0x70, 0x19, 0x60, 0x74, 0x0B, 0x39, 0x7A, 0xDF, 0xA7, 0xDA, 0x9E, 0x7C, 0xAF,
    0xB0, 0x52, 0x91, 0x04, 0x18, 0x6B, 0x39, 0x29, 0x8D, 0xB0, 0x82, 0x64, 0x16, 0x62, 0x20, 0x0A,
    0x77, 0x7F, 0x86, 0x36, 0x88, 0x0D, 0xE1, 0x45, 0x13, 0xCC, 0x82, 0x5B, 0xE8, 0x7A, 0xD4, 0x2D,
    0x93, 0x2E, 0x19, 0x36, 0xE0, 0x03, 0xF7, 0x57, 0x10, 0x0D, 0xBA, 0x36, 0xFA, 0x7B, 0xA3, 0xE6,
    0x00, 0x03, 0x7A, 0xE7, 0x9A, 0x4D, 0x9D, 0x41, 0x5F, 0x78, 0xB4, 0x50, 0x73, 0x8B, 0xD5, 0xE6,
    0x5A, 0xC0, 0x59, 0xE6, 0x82, 0xD7, 0xFC, 0x6A, 0x08, 0xC1, 0xB4, 0xD4, 0x65, 0x9D, 0x54, 0x5E,
    0xAD, 0x2C, 0xCB, 0x22, 0x32, 0x3A, 0xAD, 0xDB, 0x78, 0x98, 0xDE, 0x41, 0xEF, 0x9C, 0x3F, 0x5B,
    0x0A, 0xC1, 0x8F, 0x69, 0xD9, 0x66, 0x61, 0x21, 0xC9, 0x2C, 0xE9, 0x20, 0x9E, 0x15, 0x92, 0x52,
    0x72, 0x49, 0x2D, 0x41, 0xA8, 0x00, 0xAF, 0x43, 0xB9, 0xE6, 0x90, 0x43, 0xE2, 0xB0, 0x12, 0xD1,
    0xEA, 0x32, 0x10, 0x9E, 0x09, 0xFD, 0x8A, 0xFC, 0x0C, 0xBA, 0x90, 0x77, 0x86, 0xA6, 0x52, 0xC3,
    0x42, 0xFF, 0x23, 0x69, 0xAE, 0xD9, 0x3C, 0xBF, 0x6B, 0xC0, 0x42, 0x27, 0x83, 0xA0, 0xAF, 0xBD,
    0xAA, 0xB0, 0x5B, 0xB9, 0xD2, 0xD8, 0x0D, 0x93, 0x6B, 0x2B, 0xED, 0x3D, 0x79, 0xD0, 0x42, 0x82,
    0xA9, 0xF9, 0x99, 0x92, 0x42, 0x09, 0xA1, 0x3A, 0x48, 0xC0, 0x56, 0x2E, 0xD7, 0xE2, 0x83, 0x69,
    0x22, 0x85, 0xA5, 0x24, 0x4A, 0x16, 0x3F, 0xE8, 0x58, 0x64, 0x75, 0x2C, 0x8D, 0x73, 0xC7, 0x42,
    0xA1, 0x33, 0xC1, 0x35, 0x5A, 0x6F, 0x48, 0x14, 0xBC, 0xB1, 0x2A, 0x82, 0x24, 0x24, 0x75, 0x41,
    0xF3, 0x3A, 0x10, 0x56, 0xB8, 0x0F, 0xB0, 0x71, 0x4B, 0x08, 0x25, 0xDF, 0x57, 0xC7, 0x35, 0x7D,
    0x25, 0xE8, 0x4C, 0x29, 0xFB, 0x6B, 0x5A, 0xE7, 0xBA, 0x4C, 0x6D, 0x1A, 0x0F, 0xB3, 0x61, 0x57,
    0x6A, 0x5B, 0x0E, 0xD3, 0x65, 0x5D, 0xFF, 0xB6, 0x31, 0x98, 0xF6, 0x1F, 0xA1, 0x33, 0x2C, 0x41,
    0x74, 0x65, 0xFF, 0xFD, 0x88, 0xD0, 0x11, 0x91, 0x33, 0x22, 0xCE, 0x88, 0x0C, 0x1D, 0x96, 0x5D,
    0xA7, 0xE5, 0xB4, 0x68, 0x4A, 0x18, 0x13, 0x64, 0x80, 0x9F, 0x8E, 0xB0, 0x21, 0x02, 0x91, 0x74,
    0x21, 0x43, 0xA8, 0xA1, 0xA1, 0x39, 0xB5, 0x3E, 0x69, 0x2E, 0x24, 0x60, 0x51, 0x07, 0x08, 0x66,
    0xF1, 0xD6, 0x94, 0x17, 0xB2, 0x48, 0xDE, 0xBA, 0x91, 0xDF, 0x07, 0x43, 0xEF, 0xF9, 0xE0, 0xAD,
    0x68, 0x4D, 0x0A, 0x43, 0x98, 0x83, 0x60, 0x1C, 0x73, 0xAE, 0xA1, 0xBF, 0x86, 0x64, 0x8B, 0x7E,
    0x4C, 0x07, 0x74, 0x7F, 0x4E, 0xA9, 0x62, 0x40, 0xE8, 0x50, 0x26, 0x28, 0xC4, 0xE5, 0x69, 0xBD,
    0x42, 0x38, 0x05, 0x4C, 0x11, 0xEB, 0x23, 0xB9, 0xA6, 0xFA, 0x80, 0xB6, 0x31, 0x41, 0xBA, 0xA5,
    0xD0, 0x42, 0x52, 0x53, 0x73, 0x30, 0x8A, 0x16, 0x92, 0x42, 0x9E, 0xD8, 0x29, 0x4A, 0x0D, 0x3B,
    0x95, 0x93, 0x86, 0x90, 0xD0, 0x55, 0x50, 0x9F, 0xAE, 0xFD, 0xD4, 0x39, 0xDF, 0xDA, 0x9F, 0xB0,
    0xBE, 0x0E, 0xA3, 0xCB, 0x9A, 0xD2, 0x10, 0xAD, 0x1C, 0x4C, 0xEB, 0x16, 0xA8, 0xAE, 0x69, 0x2D,
    0x89, 0xFD, 0xD2, 0xF4, 0xAF, 0x26, 0x39, 0x8C, 0xD5, 0x51, 0x9D, 0xF6, 0x0C, 0x1E, 0xA5, 0xDD,
    0xF9, 0xA5, 0x46, 0x29, 0xA6, 0xEE, 0x25, 0x7F, 0x88, 0x18, 0x92, 0xA9, 0x94, 0x3C, 0x04, 0xB4,
    0xA2, 0x25, 0xF4, 0xC7, 0x26, 0x85, 0x3F, 0xB6, 0x98, 0x73, 0xEF, 0xE9, 0xFD, 0xC1, 0x8C, 0xF1,
    0x34, 0x6E, 0xCC, 0xA9, 0x58, 0x4C, 0x39, 0x96, 0x04, 0x16, 0x43, 0xB9, 0xC7, 0x8D, 0x92, 0x92,
    0x16, 0x34, 0x98, 0xB9, 0x59, 0xC0, 0x66, 0x89, 0x90, 0x10, 0x5E, 0xCB, 0x8C, 0x42, 0x63, 0x2A,
    0x3B, 0x85, 0x5C, 0x07, 0x12, 0x33, 0x58, 0x97, 0xEA, 0x2D, 0x21, 0x7F, 0x7F, 0x68, 0x7A, 0x57,
    0x67, 0x98, 0x04, 0x3F, 0x93, 0x9A, 0x3C, 0xB2, 0x3A, 0x77, 0x03, 0x3E, 0x08, 0xBC, 0x3F, 0x66,
    0x74, 0x1D, 0x07, 0x7D, 0x5D, 0xDC, 0x27, 0x1D, 0x84, 0xD0, 0x3A, 0xBC, 0x8B, 0xE6, 0x74, 0xE0,
    0x7C, 0x64, 0x1D, 0xBE, 0x1A, 0x15, 0x88, 0xBD, 0x06, 0xC6, 0x04, 0xF0, 0x29, 0x45, 0x7D, 0x25,
    0x1D, 0xA6, 0x64, 0xE0, 0xAA, 0xB4, 0x62, 0xE8, 0xE2, 0x25, 0x8B, 0xD7, 0x28, 0xB2, 0x2B, 0x38,
    0x5D, 0x48, 0xD8, 0x1A, 0x93, 0x3B, 0xCE, 0x2C, 0xDE, 0x8E, 0x65, 0xF4, 0x7C, 0x66, 0xDF, 0x4D,
    0x66, 0x51, 0x07, 0xA5, 0xAB, 0x4B, 0x33, 0x86, 0x26, 0xA3, 0xD8, 0x13, 0xC9, 0xD5, 0x74, 0x72,
    0x8E, 0xA5, 0xCC, 0xC6, 0xDB, 0x55, 0xCC, 0x7D, 0x4D, 0x73, 0xC0, 0xB8, 0xB0, 0x27, 0x40, 0xDA,
    0xB8, 0xFB, 0x0B, 0x88, 0x82, 0x1C, 0xC8, 0x35, 0x0B, 0x8A, 0x82, 0xAF, 0xE1, 0x45, 0x0B, 0x56,
    0xE0, 0x8E, 0xD8, 0xF1, 0x14, 0x7E, 0x75, 0xBE, 0xBB, 0x87, 0xDF, 0x86, 0xC6, 0xEE, 0xAD, 0x0D,
    0x8F, 0xF0, 0xEB, 0xAF, 0x05, 0x44, 0x60, 0x8F, 0xE9, 0x81, 0x0A, 0xBF, 0x3F, 0xEB, 0xF9, 0xDD,
    0x64, 0xCF, 0x02, 0x79, 0x33, 0x27, 0x50, 0x1F, 0x90, 0x21, 0x90, 0xB1, 0xA9, 0xC4, 0xF1, 0xED,
    0x9D, 0x7E, 0x53, 0x25, 0x81, 0xD4, 0xC4, 0x64, 0xE2, 0x72, 0x5A, 0x3E, 0x62, 0x51, 0xBE, 0x5C,
    0x38, 0xC2, 0xF3, 0xC2, 0x51, 0x36, 0xBD, 0xCB, 0x0F, 0x60, 0x76, 0xFE, 0x9B, 0x92, 0xD9, 0x8C,
    0x62, 0xF7, 0xA6, 0x72, 0x77, 0x32, 0x1F, 0x14, 0x0A, 0x6F, 0x4D, 0xA1, 0xA4, 0x2E, 0x82, 0x1A,
    0x9A, 0xD8, 0x2B, 0x9E, 0xD0, 0x99, 0xF6, 0xED, 0xA0, 0x23, 0x57, 0xC5, 0x89, 0xF6, 0x90, 0xF6,
    0xB5, 0xC5, 0x09, 0xA1, 0xA1, 0x03, 0xAF, 0xCB, 0xB3, 0xCD, 0xB8, 0xE6, 0x9F, 0x24, 0xFB, 0x76,
    0x8B, 0x39, 0x4C, 0x3C, 0xDC, 0x62, 0xB8, 0x4F, 0xE7, 0x74, 0xE1, 0x5A, 0xA9, 0x68, 0xE7, 0x85,
    0xA9, 0xA4, 0x30, 0x2C, 0x86, 0x83, 0x3E, 0x4B, 0x41, 0x9B, 0xA0, 0xAB, 0xF7, 0x13, 0x30, 0x18,
    0x39, 0xA8, 0x4D, 0x61, 0x51, 0xC9, 0x41, 0x92, 0x5E, 0x97, 0xCD, 0x61, 0x92, 0xB6, 0xDE, 0xB4,
    0x9C, 0x73, 0x67, 0xBC, 0xAB, 0x0A, 0x25, 0x67, 0x16, 0x75, 0xC8, 0x96, 0x68, 0x64, 0x96, 0xCE,
    0x7B, 0xE1, 0x7F, 0xBC, 0x57, 0x0E, 0x5C, 0x97, 0xB2, 0x53, 0x68, 0xA5, 0xB8, 0xC0, 0x1C, 0x3F,
    0x16, 0x31, 0x95, 0xC0, 0x65, 0x68, 0xAF, 0x45, 0xFC, 0xF0, 0x77, 0x72, 0x24, 0x5B, 0x3F, 0x49,
    0xEF, 0x1E, 0x33, 0xF7, 0x02, 0x2E, 0x3B, 0xE8, 0xD3, 0x98, 0x69, 0x7B, 0xCC, 0x5C, 0x5B, 0xE4,
    0x38, 0xF6, 0xC8, 0x71, 0x6C, 0x92, 0x63, 0xEF, 0x92, 0xEF, 0x6D, 0xF2, 0xBD, 0x4F, 0xBE, 0x37,
    0xCA, 0xF7, 0x4E, 0xF9, 0xDE, 0x2A, 0xDF, 0x7B, 0xE5, 0x7B, 0xB3, 0x7C, 0xEF, 0x96, 0xEF, 0xED,
    0xF2, 0xBD, 0x5F, 0xBE, 0x37, 0xCC, 0xC1, 0xE7, 0x93, 0x01, 0x1C, 0x7B, 0xE6, 0x7E, 0x6C, 0x9A,
    0x43, 0x63, 0x9D, 0xAC, 0x60, 0x5F, 0x9D, 0x9C, 0x56, 0x6A, 0x6E, 0xFF, 0x7C, 0xA5, 0x86, 0xE0,
    0x8D, 0x45, 0x90, 0x74, 0xC2, 0xD2, 0x50, 0x44, 0x85, 0x67, 0x46, 0x41, 0x26, 0x7F, 0x7F, 0xA3,
    0x99, 0x7E, 0x66, 0x37, 0xB6, 0xD3, 0x46, 0xB3, 0x03, 0x80, 0xBE, 0xE1, 0x7A, 0xFF, 0xD7, 0x2F,
    0x87, 0xA1, 0x7C, 0x37, 0x0C, 0x85, 0x0F, 0x30, 0x34, 0xF7, 0x32, 0x04, 0xA0, 0x0F, 0xEC, 0xF2,
    0xBE, 0xFE, 0xE9, 0x4F, 0x8E, 0x48, 0x6E, 0xF6, 0xF1, 0xF5, 0x76, 0x50, 0x67, 0x38, 0x59, 0x8C,
    0xE6, 0x2E, 0xF7, 0x33, 0xFF, 0xED, 0xD2, 0x4B, 0x0E, 0x70, 0x00, 0x79, 0x0C, 0x1F, 0x1B, 0x3B,
    0xF7, 0x36, 0xCB, 0xBE, 0x29, 0x09, 0xCC, 0xBC, 0x05, 0xD0, 0xDC, 0x1D, 0x9C, 0x62, 0x6F, 0xC6,
    0x45, 0x16, 0xF3, 0xF9, 0x05, 0xDF, 0x07, 0xF1, 0x86, 0x38, 0xD1, 0x98, 0x07, 0x2D, 0x24, 0x18,
    0xA7, 0x01, 0x98, 0xC8, 0x39, 0x58, 0x4B, 0xC9, 0xFB, 0x8D, 0xCD, 0x3E, 0x01, 0x7B, 0x7A, 0x19,
    0xDF, 0xEB, 0xBE, 0x0F, 0x09, 0xB3, 0xF5, 0x9C, 0x17, 0x7D, 0xCA, 0x8B, 0x7C, 0x97, 0x97, 0x7C,
    0x9F, 0x97, 0x73, 0x9A, 0xBF, 0xCC, 0x4B, 0xFE, 0x34, 0x2F, 0xF9, 0x92, 0x17, 0x25, 0xBD, 0x74,
    0xCE, 0xCB, 0x73, 0xB4, 0x42, 0x7C, 0x49, 0x65, 0x91, 0x8C, 0xE6, 0xD1, 0xF3, 0xFD, 0x7C, 0xEB,
    0x9E, 0x8C, 0xE3, 0xF0, 0x77, 0x93, 0xD0, 0x33, 0xF6, 0x24, 0x54, 0xA3, 0x11, 0x07, 0xEE, 0xEF,
    0x26, 0xA1, 0xF2, 0x66, 0x12, 0x2A, 0xC7, 0x24, 0x54, 0x87, 0xB0, 0xEA, 0xF0, 0xEC, 0x19, 0xDD,
    0x56, 0xF1, 0x5B, 0x9C, 0x60, 0x24, 0x83, 0x0D, 0x87, 0x3D, 0xE0, 0xE6, 0x60, 0xE3, 0xD8, 0x92,
    0xEC, 0xDC, 0x33, 0x66, 0x41, 0x0B, 0x1D, 0xC6, 0xF3, 0xCB, 0xB2, 0x39, 0x6C, 0x96, 0xBC, 0x85,
    0x39, 0xEB, 0x83, 0xF5, 0xB9, 0xED, 0x97, 0xE5, 0xD3, 0x4F, 0xB5, 0x67, 0xBB, 0xD2, 0x78, 0xFD,
    0xE9, 0x85, 0x17, 0xB8, 0xC3, 0xE9, 0xF7, 0x17, 0x7D, 0xF3, 0xF9, 0xA7, 0x17, 0xF2, 0xFC, 0xD3,
    0x8B, 0xBF, 0x5D, 0x15, 0x25, 0x5B, 0x5F, 0xAD, 0x8A, 0xFE, 0x1F, 0xD5, 0x9A, 0x51, 0x8A, 0xE3,
    0xCA, 0x0E, 0x86, 0x7F, 0xD0, 0xEB, 0x80, 0xB6, 0xD2, 0x70, 0x5E, 0x03, 0xDA, 0xBA, 0xC0, 0x0B,
    0x98, 0xAD, 0x08, 0xF2, 0x2A, 0xF8, 0x2F, 0x92, 0xE2, 0xD4, 0x38, 0xF4, 0x9C, 0x1B, 0xCE, 0xB4,
    0x3B, 0x19, 0x4F, 0xEA, 0xD3, 0xB8, 0x63, 0x5C, 0xAA, 0xAF, 0xCB, 0x2E, 0xC5, 0x1D, 0x00, 0x1F,
    0x00, 0x60, 0x51, 0xE4, 0x30, 0x8B, 0xD7, 0xA2, 0xDC, 0xC8, 0xE2, 0x56, 0xD4, 0xA1, 0x17, 0x0D,
    0xF4, 0x9D, 0x97, 0x26, 0xC9, 0xD8, 0x19, 0xB0, 0x80, 0xEC, 0xD4, 0x84, 0x78, 0x91, 0x04, 0xE9,
    0x43, 0x1C, 0xB6, 0x2C, 0x08, 0x1F, 0x89, 0x2C, 0x58, 0x5E, 0x20, 0x64, 0x42, 0x53, 0x13, 0x1A,
    0x9A, 0x30, 0xDF, 0x41, 0xB7, 0x23, 0xFE, 0x29, 0x5C, 0x6F, 0xB0, 0x6D, 0x4B, 0x37, 0x6E, 0x74,
    0x49, 0x10, 0x6B, 0x83, 0xFA, 0x3E, 0xF4, 0x05, 0xF5, 0xE9, 0xAE, 0xFB, 0x6F, 0x06, 0xEF, 0x84,
    0x64, 0x51, 0xA3, 0xE9, 0xC0, 0x8B, 0xFD, 0x75, 0x9A, 0x24, 0x80, 0x34, 0x2F, 0x74, 0xFF, 0x7B,
    0x9E, 0x12, 0x58, 0xDB, 0x17, 0x2B, 0xBC, 0x60, 0xD9, 0xC8, 0x65, 0x60, 0xF4, 0x3A, 0xD6, 0x26,
    0xBE, 0x8C, 0x59, 0x16, 0xB3, 0x0D, 0x84, 0x01, 0x10, 0x88, 0xBF, 0xDA, 0x21, 0x96, 0x34, 0xEE,
    0xA3, 0xB1, 0x3D, 0xA9, 0x71, 0xA8, 0x59, 0xE8, 0xEE, 0x0C, 0x40, 0xAA, 0x43, 0x42, 0xE2, 0x2C,
    0xB9, 0x17, 0x2C, 0x95, 0xF4, 0xA5, 0x18, 0xC3, 0xBF, 0x49, 0xAE, 0x4E, 0xDF, 0xEB, 0x8A, 0xEA,
    0x7D, 0x2F, 0xBE, 0x48, 0x2E, 0xB4, 0xC9, 0x66, 0x9A, 0xDF, 0x89, 0x75, 0x81, 0xCB, 0x16, 0x6F,
    0xAD, 0x75, 0xF7, 0xD5, 0xA7, 0xD1, 0x28, 0xF8, 0x78, 0x95, 0x60, 0x19, 0xCD, 0xEF, 0x34, 0x9A,
    0x70, 0x40, 0x78, 0x0D, 0x40, 0x7E, 0xD2, 0x01, 0x01, 0xFF, 0xA2, 0x29, 0x6A, 0xD5, 0x3B, 0x33,
    0x80, 0x2B, 0x03, 0xF0, 0xD7, 0xCD, 0xCE, 0x13, 0x6D, 0xBD, 0x60, 0xC5, 0x7E, 0x85, 0xBE, 0x27,
    0x56, 0x76, 0x58, 0x73, 0x4F, 0x77, 0xAD, 0x5F, 0x18, 0xB5, 0xB3, 0x8D, 0xED, 0xA2, 0x97, 0x73,
    0x09, 0xED, 0xC3, 0xB9, 0x6C, 0x5B, 0xE0, 0xF5, 0x77, 0x81, 0xFB, 0xDD, 0xB4, 0xF6, 0x24, 0xF7,
    0x41, 0xFE, 0x98, 0x45, 0x38, 0x80, 0x90, 0x18, 0xEB, 0x60, 0xF7, 0xC6, 0x19, 0xEF, 0x59, 0xFE,
    0x73, 0x59, 0x05, 0x1D, 0x4B, 0x53, 0x36, 0xFF, 0x26, 0xB9, 0x97, 0xFB, 0x18, 0x2C, 0xEE, 0xD2,
    0x58, 0x78, 0x95, 0x5C, 0x9B, 0x14, 0xF8, 0x7F, 0x6B, 0xD2, 0xF7, 0x97, 0xAB, 0x3C, 0xD4, 0xAD,
    0x8D, 0x55, 0xB7, 0x6E, 0xF1, 0x82, 0x99, 0xDB, 0xCA, 0xB8, 0x39, 0xA0, 0xFA, 0xB8, 0x88, 0xBD,
    0xBF, 0x50, 0x83, 0x03, 0x8C, 0x80, 0x6C, 0x6B, 0x11, 0x7B, 0xC9, 0x44, 0x3D, 0xC1, 0xD6, 0x8B,
    0x16, 0xB1, 0xD7, 0xE8, 0x7B, 0x62, 0x11, 0x33, 0x92, 0xD5, 0x84, 0xA8, 0x66, 0xB7, 0xA6, 0x42,
    0x60, 0x35, 0x46, 0xB7, 0x04, 0x56, 0x83, 0x4A, 0xC2, 0xAA, 0xB5, 0x92, 0xD9, 0x56, 0x9F, 0x12,
    0x33, 0xB0, 0x69, 0xB3, 0x6F, 0x09, 0x21, 0xA1, 0x49, 0xB7, 0x30, 0xAF, 0x7F, 0xAC, 0xB6, 0x11,
    0xE5, 0x9B, 0x09, 0xD0, 0xA7, 0x59, 0x28, 0x8C, 0x74, 0xED, 0x1F, 0x06, 0x96, 0x1D, 0xAC, 0x83,
    0xE8, 0xB3, 0xAF, 0x9C, 0x02, 0xF6, 0xA2, 0x0E, 0xEB, 0x51, 0xB5, 0xF3, 0x69, 0x27, 0x8C, 0xD1,
    0x12, 0x20, 0x21, 0x31, 0xAD, 0x0F, 0xD6, 0x18, 0xA1, 0xB3, 0xFD, 0xD9, 0x58, 0x0D, 0x1F, 0x60,
    0x26, 0xAE, 0x8C, 0x75, 0xF9, 0x9D, 0x30, 0x8E, 0x84, 0x0B, 0x37, 0x57, 0xA5, 0x0B, 0xF8, 0x35,
    0xB9, 0xA3, 0xFD, 0xCF, 0xBB, 0xC2, 0xD9, 0xFD, 0x81, 0xDB, 0xD6, 0xC9, 0xAC, 0xDF, 0x57, 0x4A,
    0x20, 0x10, 0xA7, 0x8C, 0x0D, 0x17, 0x00, 0xC4, 0xE4, 0xD0, 0x4E, 0xE7, 0x3E, 0x21, 0xDE, 0xFB,
    0xEB, 0x77, 0x68, 0x7D, 0x7B, 0xF9, 0x92, 0xB1, 0x2B, 0x00, 0xAB, 0x98, 0xD3, 0x6F, 0x7B, 0x78,
    0xC1, 0xD8, 0x0D, 0x7B, 0x82, 0x58, 0xCF, 0x20, 0x4E, 0x1E, 0x3B, 0x84, 0x0E, 0x68, 0x6B, 0x90,
    0xC2, 0xB6, 0x4F, 0x86, 0xB9, 0x1A, 0x6D, 0x72, 0x5E, 0x9F, 0x36, 0xDB, 0xC0, 0xAE, 0x60, 0x24,
    0x0C, 0x84, 0x68, 0xD8, 0x1D, 0x5A, 0xC0, 0x01, 0x8C, 0x1B, 0x12, 0x38, 0x42, 0x0B, 0x36, 0x28,
    0x2B, 0xED, 0x65, 0xB0, 0x7A, 0x7F, 0x2C, 0x16, 0x64, 0x4B, 0x40, 0xAF, 0xE3, 0xA6, 0xE5, 0xB4,
    0x9D, 0xA5, 0x67, 0x19, 0x6A, 0x45, 0xED, 0x08, 0x25, 0x09, 0x65, 0x09, 0x6C, 0x6C, 0x44, 0x8B,
    0x6A, 0x53, 0xA0, 0x0F, 0x46, 0x56, 0xDB, 0x82, 0xCE, 0x3B, 0xA3, 0xE6, 0xA3, 0x6F, 0xF5, 0xC1,
    0xC0, 0x87, 0xFA, 0x0B, 0x26, 0x89, 0x83, 0x11, 0xFD, 0x31, 0xDB, 0x79, 0xFE, 0x04, 0x39, 0x7F,
    0x6C, 0xCF, 0x2D, 0x42, 0x67, 0x8C, 0xF1, 0x89, 0x45, 0x4A, 0xEA, 0xB0, 0x30, 0xAD, 0x17, 0xCC,
    0x41, 0x20, 0x67, 0xEC, 0x61, 0x0C, 0x21, 0x3E, 0x79, 0xE5, 0xE7, 0xAF, 0x1E, 0x6A, 0x90, 0x61,
    0x09, 0x12, 0x61, 0x48, 0x03, 0xE6, 0xF8, 0xD8, 0x33, 0xE8, 0x4C, 0xFF, 0xC9, 0x7F, 0x3B, 0x89,
    0xD2, 0xA5, 0xBB, 0xFE, 0x93, 0x1C, 0xEE, 0xA2, 0x75, 0xCE, 0x39, 0x39, 0xE4, 0x3A, 0x03, 0xF2,
    0x90, 0xD2, 0x96, 0x90, 0x7F, 0xCB, 0xEA, 0x96, 0xD2, 0xE7, 0xA7, 0x15, 0x06, 0xDA, 0x38, 0xE8,
    0x8C, 0x3E, 0x5E, 0x0B, 0x16, 0x90, 0x06, 0x07, 0xBE, 0x83, 0x7E, 0xD8, 0xDD, 0x8F, 0xD3, 0x46,
    0x57, 0x56, 0x21, 0x04, 0x1D, 0x64, 0xA2, 0x84, 0xE0, 0xB1, 0x9C, 0x13, 0x1E, 0x80, 0xBC, 0x4F,
    0x11, 0xAF, 0xB3, 0x58, 0x68, 0x98, 0x6B, 0xF2, 0xF3, 0x16, 0x56, 0xAD, 0x48, 0x3E, 0x4C, 0x11,
    0x9F, 0xC6, 0x58, 0xFF, 0xEF, 0x1D, 0xE9, 0x4C, 0xB6, 0xDC, 0x4B, 0x57, 0x3D, 0xDC, 0x47, 0x7B,
    0x3B, 0x5F, 0xC3, 0xE1, 0xF2, 0x40, 0xDA, 0x0C, 0x5C, 0xA2, 0xD3, 0x99, 0xED, 0x8F, 0x3D, 0x14,
    0xB4, 0x60, 0xB1, 0x9E, 0x3A, 0x1C, 0x9E, 0xF8, 0x6B, 0xE1, 0x41, 0x8C, 0x1B, 0xF0, 0x03, 0xFA,
    0x8D, 0x26, 0x56, 0x25, 0x31, 0xA9, 0x72, 0xAF, 0x24, 0xE2, 0x70, 0x23, 0x41, 0xAA, 0x8B, 0x8B,
    0x7F, 0x8D, 0x9D, 0x6A, 0x92, 0x85, 0xF5, 0xDC, 0x60, 0xF4, 0xBC, 0x99, 0x9D, 0xCB, 0x63, 0xAD,
    0x41, 0x00, 0x27, 0xDB, 0x39, 0xAC, 0xD2, 0x04, 0x90, 0x87, 0xBF, 0x53, 0xA9, 0xFA, 0x1B, 0x88,
    0x79, 0xAC, 0x35, 0xAC, 0x80, 0x4E, 0xF9, 0xB1, 0xD6, 0x68, 0x3B, 0xBF, 0xAB, 0x35, 0x7C, 0x7A,
    0x29, 0x49, 0xFB, 0x47, 0xC0, 0xDF, 0x23, 0x60, 0x8D, 0x30, 0x47, 0xEB, 0x1A, 0x5F, 0x92, 0x72,
    0x7B, 0x22, 0xA1, 0x46, 0xE0, 0x87, 0xE4, 0x7B, 0x4D, 0xA2, 0x43, 0x2D, 0x62, 0xE7, 0x4F, 0xA0,
    0x93, 0x86, 0x7D, 0xC2, 0x52, 0x73, 0x8E, 0x85, 0x27, 0x96, 0x22, 0x5C, 0x80, 0x75, 0xCF, 0xD1,
    0x09, 0xC7, 0x27, 0xB0, 0x7E, 0x5F, 0x92, 0x38, 0xBE, 0xE8, 0x6D, 0xEC, 0xE6, 0x4C, 0x31, 0xD6,
    0xD0, 0xDE, 0x2E, 0x68, 0x5F, 0x31, 0x01, 0xF7, 0xE0, 0xBF, 0x06, 0xAE, 0xBD, 0x15, 0xDA, 0x64,
    0x07, 0xBD, 0x85, 0x00, 0xDA, 0x27, 0x30, 0x46, 0x31, 0x4E, 0x97, 0xD5, 0xCE, 0x9D, 0x3B, 0x24,
    0xE1, 0xD0, 0xBE, 0x2E, 0x6E, 0xAB, 0xE9, 0x98, 0x2D, 0x79, 0x21, 0xE4, 0x16, 0x9A, 0x46, 0xB7,
    0x50, 0xFE, 0xF7, 0x2B, 0x2C, 0x7E, 0xF5, 0x24, 0xEC, 0xD0, 0xB9, 0xAD, 0x37, 0xF1, 0xAE, 0xBE,
    0x8E, 0xBA, 0x60, 0x0E, 0x87, 0x84, 0x06, 0x90, 0x27, 0xF9, 0xDA, 0x29, 0xB7, 0x3C, 0xB6, 0x0E,
    0x72, 0xED, 0x00, 0x8D, 0x09, 0x3E, 0xCE, 0xDE, 0x55, 0xDB, 0xF1, 0xA3, 0x22, 0xB2, 0x80, 0xDC,
    0xDD, 0x69, 0x9C, 0x37, 0xD7, 0x64, 0xB2, 0xF8, 0xD9, 0xC1, 0x08, 0x1C, 0xEE, 0xE9, 0xEF, 0x69,
    0x8B, 0x25, 0x86, 0xD7, 0x70, 0xF9, 0xC9, 0x9F, 0x21, 0xE0, 0x59, 0x7A, 0xDE, 0x57, 0xC1, 0xC3,
    0xB6, 0xEE, 0x15, 0xC7, 0xB0, 0xDE, 0x03, 0xE0, 0xFB, 0xF5, 0x70, 0xA6, 0xAE, 0xB5, 0x0E, 0x0C,
    0x18, 0x6B, 0x77, 0xFF, 0x88, 0xCA, 0xA6, 0xE4, 0xFA, 0x54, 0xA8, 0x07, 0x7E, 0xF2, 0xFA, 0xD1,
    0xBC, 0x34, 0x6D, 0x11, 0xD7, 0x45, 0xD9, 0x8A, 0xBA, 0x25, 0x84, 0x94, 0x62, 0x0A, 0x1D, 0x8C,
    0xE2, 0x27, 0xB6, 0x88, 0x25, 0x69, 0x51, 0x03, 0x04, 0x53, 0x88, 0xAD, 0x20, 0x03, 0xB5, 0x3B,
    0x08, 0xCD, 0xCB, 0x8E, 0x68, 0xC4, 0x0E, 0x06, 0x3F, 0x84, 0xCE, 0x40, 0x49, 0x7C, 0x66, 0x51,
    0x1E, 0x3F, 0xC7, 0xAF, 0x74, 0xE5, 0x6F, 0xBE, 0xD2, 0x85, 0xD7, 0xF9, 0x7B, 0xAC, 0x40, 0x2F,
    0x05, 0x1C, 0x4A, 0x8B, 0xB5, 0x7D, 0xAD, 0xC2, 0x7C, 0xA2, 0x78, 0xD8, 0x0D, 0x99, 0x1B, 0xDD,
    0xD2, 0x82, 0x13, 0x5A, 0x8E, 0xB8, 0xAE, 0xB0, 0x5F, 0xAB, 0xEC, 0xC0, 0x98, 0x3D, 0x40, 0x63,
    0x0F, 0x97, 0x09, 0x76, 0x0B, 0xD1, 0x81, 0x13, 0xAE, 0x1D, 0x64, 0x85, 0x16, 0x56, 0x81, 0x94,
    0x40, 0x8B, 0xA3, 0x03, 0x8C, 0xF6, 0x05, 0xBD, 0x65, 0xB5, 0x48, 0x48, 0xE9, 0xEA, 0xFE, 0x7C,
    0xC6, 0x31, 0x9C, 0x3B, 0x3D, 0x25, 0x4A, 0x9C, 0x78, 0x99, 0xB3, 0x56, 0x97, 0xA3, 0x6D, 0x91,
    0x28, 0x73, 0x8B, 0x31, 0x8C, 0xC5, 0x72, 0x88, 0x91, 0xD8, 0x16, 0x9F, 0xAE, 0x29, 0xDE, 0x50,
    0xE3, 0xA7, 0x16, 0x35, 0x20, 0x00, 0x72, 0xEA, 0xD9, 0xEF, 0xD3, 0x78, 0x2C, 0x35, 0xC4, 0x27,
    0x44, 0x62, 0xE2, 0xD1, 0xE1, 0x9B, 0xDA, 0x6C, 0xC0, 0xB8, 0xBE, 0x62, 0x76, 0x69, 0x82, 0xCB,
    0xA9, 0xC4, 0xF7, 0x39, 0x3D, 0x96, 0x20, 0xF6, 0x58, 0x82, 0xBC, 0xA9, 0x45, 0xC3, 0x07, 0x00,
    0x66, 0x0A, 0x70, 0x65, 0xF9, 0x71, 0xF3, 0x6F, 0x73, 0xF6, 0xBE, 0x5E, 0xFE, 0x4B, 0x5D, 0x22,
    0x58, 0x4B, 0xDD, 0xB7, 0x29, 0x7C, 0xFE, 0x8F, 0xED, 0x98, 0x64, 0xD6, 0x31, 0x2B, 0x3F, 0x1C,
    0x36, 0x2B, 0x07, 0xCE, 0xA6, 0xE4, 0xFE, 0xE4, 0x3A, 0x80, 0x1B, 0x7D, 0x1E, 0x26, 0x69, 0x9F,
    0xC0, 0x7A, 0xC8, 0x59, 0xCC, 0xE8, 0x33, 0x0F, 0x3B, 0xB5, 0x4F, 0x88, 0x07, 0x1A, 0x73, 0x71,
    0x6F, 0x3E, 0x1A, 0x3B, 0xD7, 0xCB, 0xCA, 0x2B, 0x24, 0x99, 0xD5, 0x34, 0x25, 0xF1, 0x6B, 0x0B,
    0x49, 0xA9, 0xE6, 0x92, 0x5A, 0x0D, 0x42, 0x05, 0x78, 0x01, 0x98, 0xB7, 0x61, 0x06, 0x20, 0x0E,
    0xAB, 0x46, 0x74, 0xD3, 0x78, 0xDD, 0x58, 0x9F, 0x2B, 0xE4, 0xF2, 0x8B, 0x46, 0xAD, 0xB2, 0x85,
    0x51, 0xB3, 0x9A, 0x86, 0xC6, 0xF3, 0xDF, 0x76, 0x7A, 0xF1, 0x8C, 0x50, 0x4E, 0x92, 0x69, 0xDE,
    0x0D, 0x9C, 0x14, 0x25, 0x4E, 0x9D, 0x15, 0x8F, 0x5F, 0x58, 0x02, 0x20, 0xC8, 0xB7, 0xB9, 0x4A,
    0xE6, 0xC9, 0xE0, 0x46, 0x87, 0xDB, 0xA9, 0x1E, 0xFE, 0x07, 0x75, 0x8E, 0xD1, 0x09, 0x23, 0x31,
    0x0C, 0x44, 0x1F, 0xE8, 0x37, 0xA0, 0x56, 0x52, 0x80, 0x41, 0xAD, 0x0B, 0xB6, 0x80, 0xB4, 0x32,
    0x90, 0x5F, 0x81, 0xCE, 0xC6, 0xDE, 0xE4, 0x2E, 0x70, 0x62, 0xEC, 0x59, 0xCF, 0x1B, 0xD6, 0x66,
    0x4D, 0xDF, 0xA3, 0xBF, 0x57, 0xEC, 0x2C, 0xFB, 0xF8, 0xEF, 0xD9, 0xE4, 0x19, 0x14, 0xCD, 0xCC,
    0x32, 0x88, 0xED, 0xE9, 0xE9, 0x14, 0x62, 0x52, 0x85, 0x5C, 0x26, 0x5B, 0x3D, 0x4C, 0xE1, 0x59,
    0x61, 0x2A, 0xCB, 0x76, 0xF5, 0xAB, 0xA6, 0x62, 0xA6, 0x56, 0x7D, 0xCD, 0xEF, 0x8E, 0x2C, 0x9F,
    0xA2, 0xCA, 0x24, 0x67, 0x95, 0xDF, 0x3D, 0xE5, 0xEA, 0xD5, 0xCA, 0x11, 0x0B, 0x25, 0x0D, 0xB1,
    0xC4, 0xE0, 0x39, 0xEE, 0x57, 0x8D, 0x95, 0xD0, 0xB7, 0x4E, 0xE1, 0x3F, 0x32, 0xE8, 0x4F, 0xC1,
    0xA2, 0x7A, 0xCD, 0x08, 0x7E, 0x7F, 0xB2, 0xAF, 0xF0, 0x7D, 0x85, 0x86, 0x7D, 0x0B, 0xC2, 0x8B,
    0x68, 0xBA, 0xF3, 0xA3, 0x68, 0x56, 0x98, 0x56, 0x04, 0x21, 0x2F, 0x66, 0x2C, 0xEF, 0x69, 0xE7,
    0x74, 0x98, 0x17, 0x2E, 0xA0, 0x9B, 0x00, 0xA8, 0xC8, 0xED, 0x9E, 0x75, 0x5C, 0xDB, 0xAF, 0xED,
    0xE1, 0xB9, 0xBC, 0x7B, 0xBB, 0x2B, 0xBC, 0x09, 0x2D, 0xD2, 0x57, 0x17, 0x54, 0xCF, 0x6A, 0x63,
    0xAA, 0xE9, 0x81, 0xE7, 0xBF, 0x1E, 0x2C, 0x5E, 0xEC, 0x27, 0x97, 0xD5, 0x7E, 0xE8, 0xE8, 0x2A,
    0x49, 0xC3, 0xE9, 0xC8, 0x0A, 0xA6, 0x34, 0x8E, 0x78, 0x10, 0x94, 0x55, 0x28, 0xB2, 0x33, 0xE4,
    0xB2, 0x62, 0xE0, 0x3C, 0x9E, 0x88, 0x41, 0xA4, 0xCB, 0x27, 0xF7, 0xD5, 0xA0, 0x10, 0x09, 0x98,
    0xF8, 0xEC, 0x57, 0x26, 0xD8, 0xFB, 0xB5, 0xF2, 0xEA, 0x0F, 0xB5, 0x2E, 0x56, 0xDE, 0x8B, 0x5E,
    0xD7, 0xCA, 0x3D, 0x59, 0x51, 0x72, 0x4F, 0x41, 0x9C, 0xFD, 0xA9, 0xE7, 0x63, 0x3C, 0xEA, 0xAD,
    0x18, 0x15, 0x21, 0x7F, 0xD5, 0xCE, 0xBB, 0x89, 0xCE, 0x9D, 0x4B, 0x1A, 0x63, 0x20, 0x18, 0x98,
    0xA0, 0x00, 0xAB, 0x7D, 0x9F, 0xE7, 0x5E, 0x01, 0x34, 0x70, 0xE2, 0x1B, 0xC5, 0x41, 0xF5, 0x45,
    0x7E, 0x23, 0xBE, 0xE8, 0x0F, 0x65, 0x91, 0x51, 0xAA, 0xC3, 0x58, 0x0C, 0x43, 0x05, 0xFE, 0x7D,
    0xE0, 0xAD, 0x14, 0xE6, 0x37, 0xA0, 0xAD, 0x1B, 0xBA, 0x80, 0x6E, 0x45, 0xF0, 0x7E, 0x05, 0x9A,
    0x9A, 0x9B, 0x3E, 0xCA, 0x4C, 0x7C, 0x2E, 0x08, 0xA3, 0xDC, 0xC4, 0x56, 0x05, 0x1D, 0xF1, 0xE9,
    0x94, 0x8D, 0x6F, 0xB6, 0x93, 0x16, 0x33, 0x1D, 0xA0, 0xB5, 0x50, 0xF8, 0x55, 0x3D, 0x97, 0x2E,
    0x5D, 0x2D, 0xB5, 0xB2, 0x4F, 0x8E, 0xA1, 0xB3, 0xFC, 0x00, 0x4B, 0x86, 0x6F, 0xDD, 0x42, 0x19,
    0xA5, 0x94, 0xBC, 0xE6, 0x69, 0x03, 0x6B, 0x33, 0x9F, 0x26, 0x60, 0x4E, 0xA2, 0xBC, 0xE4, 0xB2,
    0x17, 0xDD, 0x1F, 0x35, 0x18, 0xBF, 0xB9, 0xA0, 0x47, 0xCD, 0xF4, 0xA0, 0x01, 0x02, 0x5E, 0xEA,
    0xA0, 0xE5, 0xDC, 0xD6, 0x32, 0xE7, 0xEA, 0x71, 0x6B, 0xB6, 0xF3, 0xF2, 0x85, 0x18, 0x49, 0x99,
    0x6B, 0x98, 0x0A, 0x98, 0x49, 0xCB, 0xB5, 0xB8, 0x95, 0x88, 0xBF, 0xC2, 0x6A, 0xA9, 0x27, 0x01,
    0x05, 0x3C, 0xA0, 0x9A, 0x1E, 0x82, 0x08, 0x02, 0x63, 0x6B, 0xD5, 0x76, 0x1A, 0x35, 0x98, 0x07,
    0x2E, 0x34, 0x7A, 0xDE, 0xA5, 0xFA, 0xAB, 0x56, 0xDF, 0xEF, 0x19, 0x42, 0xCA, 0xC8, 0xCB, 0xE8,
    0x57, 0xD0, 0x17, 0xC1, 0x2B, 0xE0, 0xC3, 0xA0, 0xEE, 0x33, 0x7B, 0x32, 0x1C, 0x02, 0x99, 0x13,
    0x02, 0xE1, 0x20, 0x5F, 0x38, 0xD8, 0x3D, 0x75, 0x54, 0x41, 0x14, 0xD5, 0x7F, 0xEA, 0xEC, 0xBF,
    0x03, 0x46, 0x9F, 0xD9, 0x4E, 0x54, 0x83, 0x60, 0x25, 0xC4, 0x28, 0x59, 0x8E, 0xCD, 0xBD, 0x4E,
    0xF4, 0x80, 0xA8, 0xCC, 0x9A, 0xCB, 0xFE, 0xC4, 0x43, 0x03, 0x65, 0xB4, 0x41, 0xE1, 0x9F, 0x3B,
    0xEF, 0xAE, 0xE5, 0x2A, 0x25, 0x61, 0x72, 0x16, 0xCF, 0xBC, 0x99, 0x0B, 0x58, 0x82, 0xD5, 0x7B,
    0xED, 0xBD, 0x50, 0x9F, 0x85, 0x1A, 0xA0, 0x2A, 0xEE, 0x31, 0x01, 0x72, 0x1C, 0xE5, 0xE9, 0xC0,
    0x3E, 0xC3, 0x95, 0x78, 0x86, 0x8B, 0xDE, 0x18, 0x52, 0xFD, 0x2F, 0x69, 0x2D, 0xF7, 0xDD, 0x5F,
    0xAB, 0x22, 0xD4, 0xBF, 0x53, 0x11, 0x69, 0x97, 0x0D, 0xA7, 0x7D, 0xC6, 0xAC, 0x80, 0x11, 0x4B,
    0x77, 0xBF, 0x1C, 0x9B, 0x32, 0x76, 0x8A, 0xAF, 0x7F, 0x9B, 0xDA, 0xB0, 0x71, 0xC2, 0xF6, 0x5F,
    0x7D, 0xC2, 0xEE, 0xA9, 0xF9, 0xF9, 0x28, 0x6D, 0x95, 0xB7, 0x8E, 0x3E, 0x71, 0x5F, 0x10, 0xFE,
    0x05, 0x8D, 0xD3, 0x4D, 0x8A, 0x23, 0x4B, 0x0C, 0xC4, 0xF1, 0x00, 0x6D, 0x1B, 0x74, 0x95, 0x86,
    0xD9, 0x16, 0xE8, 0xEA, 0x02, 0x6F, 0x07, 0x7C, 0x15, 0x81, 0xB7, 0x82, 0xFF, 0x4B, 0x4D, 0x7D,
    0xD9, 0x34, 0x33, 0xBC, 0x6A, 0xE2, 0xA7, 0x50, 0x75, 0x82, 0xC1, 0xA4, 0x65, 0x4F, 0xE9, 0x80,
    0x45, 0x3C, 0x5B, 0x86, 0x23, 0xC7, 0x43, 0xF1, 0xF2, 0xC8, 0x78, 0x7E, 0x21, 0x9E, 0x5B, 0x08,
    0xDF, 0xF4, 0x4F, 0x5A, 0xFC, 0x0E, 0x16, 0x1B, 0x8A, 0xFE, 0x5E, 0xF0, 0xAB, 0xE5, 0xD0, 0x32,
    0x28, 0x69, 0x6B, 0x2D, 0xEA, 0x20, 0x80, 0x89, 0xA1, 0x49, 0xAC, 0xF8, 0xCA, 0xD7, 0x8A, 0xEE,
    0x50, 0x93, 0x73, 0x07, 0x72, 0x62, 0x2D, 0x9D, 0x81, 0xD6, 0x44, 0x46, 0x4A, 0x41, 0x4F, 0x41,
    0xD6, 0x42, 0xDE, 0x36, 0xA8, 0x07, 0x09, 0xD8, 0xD9, 0x57, 0xFB, 0x7C, 0xA7, 0xD6, 0x26, 0x85,
    0x18, 0x3C, 0xE5, 0x0B, 0xA3, 0x3D, 0x03, 0xC8, 0x2F, 0x19, 0x0A, 0xD2, 0xA9, 0xA0, 0x96, 0xA2,
    0xB4, 0xC9, 0xE8, 0xF1, 0xB5, 0xCB, 0x58, 0x23, 0x00, 0xB5, 0x6B, 0x15, 0xB9, 0x69, 0x59, 0xAD,
    0xCF, 0xF7, 0xD6, 0xAD, 0x25, 0xA3, 0x6E, 0x53, 0xD1, 0x0A, 0x46, 0x90, 0x4F, 0xA7, 0x64, 0x25,
    0x69, 0x2A, 0x47, 0x35, 0x8C, 0xF4, 0xA3, 0x8A, 0xBA, 0x6A, 0xBC, 0xD5, 0x17, 0x94, 0xA8, 0xB3,
    0x3A, 0x4C, 0xAD, 0xA8, 0xC5, 0x54, 0x72, 0xAA, 0xC2, 0xB0, 0xA3, 0x6E, 0x46, 0xA0, 0xA9, 0x25,
    0x63, 0x66, 0x2A, 0x48, 0x43, 0x9A, 0xEA, 0xB4, 0xF5, 0x5E, 0x05, 0x57, 0xB5, 0xAB, 0x6E, 0x3A,
    0xEB, 0x37, 0x67, 0xAD, 0x5A, 0x05, 0x5A, 0x72, 0x1A, 0xF6, 0x6A, 0xC8, 0xC9, 0xA0, 0xA2, 0x44,
    0x73, 0x4C, 0x6F, 0x79, 0xC9, 0xD3, 0x5A, 0x53, 0x65, 0xCC, 0x8C, 0x6B, 0xB2, 0x3F, 0x7D, 0x4E,
    0x91, 0x81, 0x5A, 0x22, 0x37, 0x54, 0x52, 0xEC, 0xF3, 0xC7, 0xB9, 0xA8, 0x8A, 0x47, 0x4A, 0xFE,
    0xAA, 0x78, 0x1E, 0x93, 0x99, 0xA4, 0xA3, 0x7B, 0x1A, 0xBA, 0x66, 0x4B, 0x52, 0xF4, 0x89, 0x9D,
    0x18, 0x94, 0x7C, 0x98, 0xF5, 0xB8, 0x75, 0x0B, 0x6F, 0x6F, 0x45, 0x0D, 0x79, 0x42, 0xC6, 0x27,
    0xBF, 0x86, 0xD7, 0x41, 0x3C, 0x1E, 0x9D, 0xCE, 0x83, 0xB2, 0x16, 0x7A, 0x7B, 0xE0, 0xC0, 0x06,
    0xC9, 0xB9, 0x3E, 0xD7, 0x5A, 0x51, 0x42, 0xA4, 0x06, 0x43, 0x48, 0x02, 0x72, 0xC7, 0x7E, 0xAE,
    0x83, 0xB5, 0xC8, 0x93, 0xA8, 0xA1, 0xBD, 0x64, 0x90, 0x52, 0x20, 0xA7, 0x9D, 0x0C, 0x3A, 0x48,
    0x21, 0xB5, 0x96, 0x5E, 0x63, 0xE4, 0xD8, 0x5A, 0x5A, 0x8D, 0x9E, 0x0B, 0x80, 0xDC, 0x15, 0xDE,
    0x92, 0x61, 0x8C, 0x3A, 0xCC, 0xDB, 0xD8, 0x2D, 0x8D, 0x9D, 0x41, 0x39, 0xA3, 0xF1, 0x1D, 0x40,
    0xFD, 0x01, 0xC3, 0xAB, 0x0D, 0x1B, 0xD4, 0x7F, 0xD0, 0x42, 0x27, 0xC8, 0x61, 0xE8, 0x59, 0x1B,
    0xE9, 0x5A, 0xBF, 0x6C, 0xA1, 0x4F, 0x0C, 0x6A, 0xC7, 0xA1, 0x35, 0x92, 0x12, 0x0F, 0x4A, 0xC7,
    0xD5, 0x07, 0xC8, 0x5D, 0x21, 0x6F, 0x01, 0x70, 0x28, 0x44, 0x2E, 0x03, 0x8D, 0x3D, 0x4A, 0xA7,
    0xF6, 0x17, 0x83, 0xBE, 0x94, 0xEA, 0x03, 0x67, 0x09, 0xC8, 0x28, 0xD2, 0xBB, 0x22, 0xA3, 0x86,
    0x5C, 0x90, 0xE5, 0x5A, 0x48, 0xE8, 0x06, 0xF2, 0xE0, 0xB5, 0x98, 0x73, 0x37, 0x51, 0x0B, 0x07,
    0xD2, 0xA0, 0xA5, 0x20, 0x8F, 0x0F, 0xB2, 0x29, 0xC1, 0x02, 0x4A, 0xD6, 0xD6, 0xB2, 0x12, 0xAB,
    0x2D, 0x54, 0x83, 0x0C, 0x01, 0x14, 0x83, 0x62, 0xE5, 0x5E, 0x8D, 0xB7, 0x2F, 0x32, 0x06, 0x72,
    0x5A, 0x8A, 0x24, 0x15, 0x20, 0x19, 0x25, 0xE9, 0x2D, 0x4E, 0x0A, 0xDA, 0x28, 0xBC, 0x8B, 0xA8,
    0x95, 0x2C, 0xC8, 0x8A, 0x15, 0xA1, 0x9F, 0x21, 0x27, 0xAF, 0x5E, 0xD9, 0xCF, 0x77, 0xB5, 0x43,
    0x1B, 0x94, 0xBC, 0x25, 0xCB, 0x89, 0xEE, 0x4B, 0xA2, 0xEB, 0xB9, 0xDF, 0x71, 0xDE, 0x99, 0xBF,
    0x5C, 0x9C, 0xFE, 0x17, 0xD7, 0x25, 0x61, 0x7F, 0x5A, 0x8E, 0x64, 0x68, 0xFA, 0x44, 0xC6, 0x7E,
    0x34, 0x4A, 0xA0, 0xC9, 0xF4, 0x3D, 0xDE, 0x6F, 0x41, 0x32, 0x7E, 0xAF, 0xB4, 0x44, 0x1B, 0xD2,
    0x47, 0x7A, 0x66, 0x8B, 0x49, 0x4B, 0x8F, 0x63, 0x8F, 0x7D, 0xDF, 0x66, 0xF8, 0x9E, 0xB8, 0xE3,
    0x0D, 0x14, 0xB4, 0xA4, 0x48, 0x9D, 0x3A, 0x2C, 0x81, 0x92, 0x01, 0x2D, 0x27, 0x9E, 0x28, 0x2A,
    0x1E, 0x8C, 0xB9, 0xCC, 0x65, 0x72, 0xFB, 0x7F, 0xFE, 0xEE, 0x5F, 0xEA, 0x61, 0x2B, 0xA0, 0x06,
    0x64, 0x18, 0x69, 0x88, 0x21, 0xEA, 0x93, 0xF3, 0x1F, 0x33, 0xA0, 0x87, 0x3C, 0xBF, 0x61, 0xF2,
    0x5E, 0x77, 0x7C, 0x80, 0x3E, 0xF8, 0x0F, 0x75, 0x8D, 0x01, 0x06, 0xC0, 0x40, 0x0C, 0x04, 0x87,
    0x7B, 0xC0, 0x3D, 0x29, 0x5F, 0x5F, 0xEE, 0x01, 0xFD, 0xCA, 0x51, 0x80, 0xB0, 0x4D, 0x50, 0x6D,
    0x51, 0x66, 0x90, 0x95, 0xB5, 0x63, 0xC3, 0x10, 0x4C, 0x20, 0x5A, 0x3B, 0x5D, 0x06, 0x9D, 0x95,
    0x02, 0xC4, 0x4C, 0x6C, 0x9D, 0x87, 0x96, 0x54, 0xEF, 0x7F, 0xC0, 0xBB, 0x37, 0xB6, 0xED, 0xF6,
    0xDE, 0x28, 0xA3, 0xD2, 0x2F, 0x7A, 0x58, 0xEA, 0x09, 0x9B, 0xC8, 0x3E, 0x2F, 0x95, 0x91, 0x61,
    0x8A, 0xDE, 0x30, 0x0C, 0x44, 0x1F, 0xE8, 0x6F, 0x40, 0x57, 0xC9, 0x01, 0x02, 0xBA, 0xBA, 0xA0,
    0x17, 0x12, 0xF4, 0xAF, 0x60, 0x1A, 0x39, 0x5F, 0x30, 0xCB, 0xD2, 0x96, 0xB5, 0x79, 0x2F, 0x21,
    0x83, 0x06, 0x13, 0x13, 0x85, 0x49, 0x78, 0x45, 0x7A, 0x7A, 0xCD, 0xB6, 0xB4, 0x02, 0xEB, 0x85,
    0xAC, 0x5D, 0xBF, 0x3B, 0x6E, 0x54, 0xD1, 0xCA, 0x28, 0xF1, 0x85, 0xBC, 0x41, 0x63, 0x4D, 0x57,
    0x02, 0x50, 0xA3, 0xC4, 0xF4, 0x0B, 0x2E, 0x02, 0x4B, 0x1C, 0x87, 0x33, 0x0F, 0xA8, 0xF3, 0x84,
    0xBC, 0x4E, 0x8C, 0xA3, 0x70, 0x8E, 0xE4, 0x18, 0x9D, 0xA3, 0xE4, 0x38, 0x97, 0x8C, 0x5B, 0x07,
    0x9C, 0xC7, 0xC8, 0x67, 0xC4, 0x12, 0xC3, 0x9A, 0x0B, 0x33, 0xCD, 0x10, 0x80, 0xF7, 0x48, 0xAF,
    0x62, 0x74, 0x29, 0xA1, 0xE3, 0x55, 0x45, 0x61, 0x4B, 0xE9, 0x85, 0xA7, 0xF7, 0x47, 0xDC, 0x0A,
    0x6C, 0x49, 0xF4, 0x23, 0x84, 0x24, 0xE5, 0x56, 0x8C, 0xFB, 0xB1, 0x09, 0xC4, 0x0F, 0xDC, 0xD8,
    0x4F, 0xEC, 0x7F, 0xF1, 0x3A, 0x46, 0xDD, 0xD6, 0xF8, 0x59, 0x51, 0x28, 0x9A, 0xF0, 0xC6, 0x5D,
    0xB8, 0x09, 0x50, 0x82, 0x0A, 0x62, 0x68, 0xF0, 0x1B, 0x2B, 0xF0, 0x9B, 0x98, 0x0C, 0x68, 0xB0,
    0x89, 0x0A, 0x8F, 0x24, 0x02, 0x42, 0xB8, 0xF6, 0x52, 0x7E, 0x00, 0xEC, 0x2D, 0xC8, 0x87, 0x60,
    0x97, 0xD4, 0x8E, 0x62, 0x00, 0x7A, 0x47, 0xFE, 0x46, 0xEC, 0x28, 0x50, 0xAE, 0x0D, 0x3B, 0xB8,
    0xF6, 0x1C, 0xAB, 0xF2, 0x45, 0xE5, 0x39, 0x78, 0x2F, 0x30, 0xC5, 0x82, 0x45, 0x3F, 0xC4, 0x50,
    0xE0, 0x0F, 0xDE, 0xD6, 0x84, 0x5C, 0x48, 0xED, 0xD9, 0x51, 0xB7, 0x6C, 0xBD, 0x49, 0x19, 0xB7,
    0xF1, 0xF2, 0x06, 0x96, 0x42, 0x40, 0x47, 0x62, 0xF5, 0x68, 0x95, 0xFC, 0x57, 0xFD, 0x5D, 0xF6,
    0x2F, 0x85, 0x15, 0xC8, 0x97, 0x12, 0x42, 0x7B, 0xD4, 0x32, 0x3E, 0x3F, 0xBB, 0xBC, 0x79, 0x57,
    0x7C, 0xFB, 0x9E, 0xFB, 0xE6, 0xAC, 0x08, 0xE9, 0xCD, 0x93, 0x80, 0x17, 0x49, 0x2F, 0x5F, 0xEE,
    0x87, 0x01, 0x03, 0x22, 0xB1, 0x99, 0xD1, 0xF3, 0x68, 0x88, 0xCF, 0x89, 0x4C, 0x05, 0xA1, 0xC9,
    0x81, 0x00, 0xBE, 0xF6, 0x1D, 0x40, 0x0C, 0x0D, 0xAE, 0x04, 0x35, 0xAB, 0x84, 0x1B, 0xD7, 0x9A,
    0x97, 0x20, 0x0A, 0x2E, 0xF8, 0x36, 0xFF, 0x07, 0xA5, 0xCE, 0x81, 0x05, 0x05, 0x41, 0x0C, 0x84,
    0xE1, 0x9F, 0x2D, 0x20, 0xAD, 0xBC, 0x0E, 0xD2, 0x7A, 0x4A, 0x4A, 0x01, 0xCB, 0x3C, 0xB9, 0x0D,
    0x81, 0xB3, 0x70, 0xF0, 0x61, 0x60, 0x7E, 0xF0, 0x0D, 0x2C, 0x29, 0xC0, 0xD2, 0x13, 0x3C, 0xEC,
    0xD1, 0x03, 0x6A, 0x6D, 0x4D, 0x52, 0xB6, 0x28, 0xEC, 0x5D, 0xEE, 0xFA, 0x51, 0xA5, 0x29, 0xCA,
    0x0D, 0x1B, 0x68, 0x23, 0xFB, 0x70, 0x2C, 0x00, 0xE5, 0xE9, 0xFC, 0x4D, 0xE7, 0x38, 0x0D, 0x55,
    0xD8, 0x7E, 0xE8, 0x6C, 0xA7, 0x93, 0x75, 0xEF, 0xEC, 0x99, 0x3F,
};

static const EpdGlyph literatamono_14_bolditalicGlyphs[] = {
    { 1, 1, 96, 0, 1, 1, 0 }, // U+0020
    { 7, 20, 176, 2, 20, 35, 1 }, // !
    { 9, 7, 208, 3, 22, 16, 36 }, // "
    { 18, 16, 320, 1, 16, 72, 52 }, // #
    { 15, 25, 256, 1, 23, 94, 124 }, // $
    { 21, 17, 384, 2, 17, 90, 218 }, // %
    { 21, 20, 368, 2, 20, 105, 308 }, // &
    { 4, 7, 128, 3, 22, 7, 413 }, // '
    { 10, 30, 192, 2, 24, 75, 420 }, // (
    { 9, 30, 192, 0, 24, 68, 495 }, // )
    { 11, 11, 224, 2, 23, 31, 563 }, // *
    { 13, 12, 272, 2, 15, 39, 594 }, // +
    { 6, 9, 160, 2, 4, 14, 633 }, // ,
    { 8, 3, 176, 2, 9, 6, 647 }, // -
    { 6, 5, 160, 2, 5, 8, 653 }, // .
    { 14, 26, 224, 0, 23, 91, 661 }, // /
    { 17, 20, 304, 1, 20, 85, 752 }, // 0
    { 12, 20, 208, 1, 20, 60, 837 }, // 1
    { 14, 20, 256, 1, 20, 70, 897 }, // 2
    { 15, 20, 272, 1, 20, 75, 967 }, // 3
    { 17, 20, 288, 0, 20, 85, 1042 }, // 4
    { 14, 20, 272, 1, 20, 70, 1127 }, // 5
    { 16, 20, 272, 1, 20, 80, 1197 }, // 6
    { 15, 20, 256, 1, 20, 75, 1277 }, // 7
    { 15, 20, 272, 1, 20, 75, 1352 }, // 8
    { 15, 20, 272, 1, 20, 75, 1427 }, // 9
    { 6, 16, 176, 3, 16, 24, 1502 }, // :
    { 7, 21, 176, 2, 16, 37, 1526 }, // ;
    { 12, 14, 272, 2, 15, 42, 1563 }, // <
    { 12, 9, 272, 3, 13, 27, 1605 }, // =
    { 12, 14, 272, 3, 15, 42, 1632 }, // >
    { 13, 20, 256, 2, 20, 65, 1674 }, // ?
    { 25, 22, 448, 2, 17, 138, 1739 }, // @
    { 21, 21, 336, 0, 21, 111, 1877 }, // A
    { 18, 20, 320, 1, 20, 90, 1988 }, // B
    { 16, 20, 304, 2, 20, 80, 2078 }, // C
    { 21, 20, 368, 1, 20, 105, 2158 }, // D
    { 16, 20, 288, 1, 20, 80, 2263 }, // E
    { 16, 20, 272, 1, 20, 80, 2343 }, // F
    { 17, 20, 320, 2, 20, 85, 2423 }, // G
    { 22, 20, 368, 1, 20, 110, 2508 }, // H
    { 10, 20, 192, 1, 20, 50, 2618 }, // I
    { 11, 27, 192, 1, 20, 75, 2668 }, // J
    { 21, 20, 352, 1, 20, 105, 2743 }, // K
    { 16, 20, 288, 1, 20, 80, 2848 }, // L
    { 28, 20, 464, 1, 20, 140, 2928 }, // M
    { 21, 20, 352, 1, 20, 105, 3068 }, // N
    { 20, 20, 352, 1, 20, 100, 3173 }, // O
    { 18, 20, 304, 1, 20, 90, 3273 }, // P
    { 20, 26, 352, 2, 20, 130, 3363 }, // Q
    { 20, 20, 352, 1, 20, 100, 3493 }, // R
    { 15, 20, 256, 1, 20, 75, 3593 }, // S
    { 19, 20, 320, 1, 20, 95, 3668 }, // T
    { 22, 20, 368, 1, 20, 110, 3763 }, // U
    { 22, 20, 336, 0, 20, 110, 3873 }, // V
    { 31, 20, 480, 0, 20, 155, 3983 }, // W
    { 21, 20, 352, 0, 20, 105, 4138 }, // X
    { 21, 20, 336, 0, 20, 105, 4243 }, // Y
    { 17, 20, 304, 1, 20, 85, 4348 }, // Z
    { 9, 29, 176, 2, 23, 66, 4433 }, // [
    { 12, 26, 224, 1, 23, 78, 4499 }, // <backslash>
    { 8, 29, 176, 1, 23, 58, 4577 }, // ]
    { 15, 11, 304, 2, 20, 42, 4635 }, // ^
    { 14, 2, 240, 0, -1, 7, 4677 }, // _
    { 7, 6, 224, 4, 23, 11, 4684 }, // `
    { 17, 15, 288, 1, 15, 64, 4695 }, // a
    { 17, 22, 288, 0, 22, 94, 4759 }, // b
    { 13, 15, 240, 1, 15, 49, 4853 }, // c
    { 18, 22, 288, 1, 22, 99, 4902 }, // d
    { 13, 15, 240, 1, 15, 49, 5001 }, // e
    { 16, 28, 192, -1, 22, 112, 5050 }, // f
    { 15, 21, 288, 1, 15, 79, 5162 }, // g
    { 18, 22, 288, 0, 22, 99, 5241 }, // h
    { 10, 22, 160, 0, 22, 55, 5340 }, // i
    { 9, 28, 160, -1, 22, 63, 5395 }, // j
    { 17, 22, 272, 0, 22, 94, 5458 }, // k
    { 9, 22, 144, 0, 22, 50, 5552 }, // l
    { 27, 15, 432, 0, 15, 102, 5602 }, // m
    { 19, 15, 304, 0, 15, 72, 5704 }, // n
    { 15, 15, 272, 1, 15, 57, 5776 }, // o
    { 17, 21, 304, 0, 15, 90, 5833 }, // p
    { 17, 21, 288, 1, 15, 90, 5923 }, // q
    { 14, 15, 240, 0, 15, 53, 6013 }, // r
    { 12, 15, 224, 1, 15, 45, 6066 }, // s
    { 11, 20, 192, 1, 20, 55, 6111 }, // t
    { 18, 15, 288, 0, 15, 68, 6166 }, // u
    { 15, 15, 256, 0, 15, 57, 6234 }, // v
    { 23, 15, 384, 0, 15, 87, 6291 }, // w
    { 15, 15, 272, 1, 15, 57, 6378 }, // x
    { 15, 21, 256, 0, 15, 79, 6435 }, // y
    { 13, 15, 240, 1, 15, 49, 6514 }, // z
    { 10, 30, 192, 2, 24, 75, 6563 }, // {
    { 4, 26, 208, 5, 23, 26, 6638 }, // |
    { 9, 30, 192, 1, 24, 68, 6664 }, // }
    { 14, 4, 288, 3, 11, 14, 6732 }, // ~
    { 1, 1, 96, 0, 1, 1, 0 }, // U+00A0
    { 6, 21, 160, 2, 15, 32, 1 }, // U+00A1
    { 13, 20, 240, 1, 19, 65, 33 }, // U+00A2
    { 17, 20, 304, 1, 20, 85, 98 }, // U+00A3
    { 14, 14, 272, 2, 16, 49, 183 }, // U+00A4
    { 21, 20, 336, 0, 20, 105, 232 }, // U+00A5
    { 4, 26, 208, 5, 23, 26, 337 }, // U+00A6
    { 15, 25, 320, 3, 20, 94, 363 }, // U+00A7
    { 12, 4, 240, 2, 21, 12, 457 }, // U+00A8
    { 21, 19, 400, 2, 19, 100, 469 }, // U+00A9
    { 12, 11, 224, 2, 22, 33, 569 }, // U+00AA
    { 14, 13, 272, 1, 14, 46, 602 }, // U+00AB
    { 13, 7, 272, 2, 11, 23, 648 }, // U+00AC
    { 1, 1, 0, 0, 1, 1, 671 }, // U+00AD
    { 12, 11, 240, 2, 22, 33, 672 }, // U+00AE
    { 10, 3, 240, 3, 21, 8, 705 }, // U+00AF
    { 9, 7, 160, 1, 23, 16, 713 }, // U+00B0
    { 13, 16, 272, 2, 16, 52, 729 }, // U+00B1
    { 11, 13, 192, 1, 24, 36, 781 }, // U+00B2
    { 11, 13, 208, 1, 24, 36, 817 }, // U+00B3
    { 7, 6, 240, 5, 23, 11, 853 }, // U+00B4
    { 16, 21, 288, 1, 15, 84, 864 }, // U+00B5
    { 16, 26, 304, 2, 20, 104, 948 }, // U+00B6
    { 5, 5, 176, 3, 11, 7, 1052 }, // U+00B7
    { 7, 7, 240, 4, 0, 13, 1059 }, // U+00B8
    { 9, 13, 160, 1, 24, 30, 1072 }, // U+00B9
    { 10, 11, 208, 2, 22, 28, 1102 }, // U+00BA
    { 14, 13, 272, 2, 14, 46, 1130 }, // U+00BB
    { 27, 20, 464, 1, 20, 135, 1176 }, // U+00BC
    { 28, 20, 480, 1, 20, 140, 1311 }, // U+00BD
    { 28, 20, 480, 1, 20, 140, 1451 }, // U+00BE
    { 13, 21, 256, 2, 15, 69, 1591 }, // U+00BF
    { 21, 27, 336, 0, 27, 142, 1660 }, // U+00C0
    { 21, 27, 336, 0, 27, 142, 1802 }, // U+00C1
    { 21, 27, 336, 0, 27, 142, 1944 }, // U+00C2
    { 21, 26, 336, 0, 26, 137, 2086 }, // U+00C3
    { 21, 26, 336, 0, 26, 137, 2223 }, // U+00C4
    { 21, 28, 336, 0, 28, 147, 2360 }, // U+00C5
    { 27, 20, 448, 0, 20, 135, 2507 }, // U+00C6
    { 16, 26, 304, 2, 20, 104, 2642 }, // U+00C7
    { 16, 27, 288, 1, 27, 108, 2746 }, // U+00C8
    { 16, 27, 288, 1, 27, 108, 2854 }, // U+00C9
    { 16, 27, 288, 1, 27, 108, 2962 }, // U+00CA
    { 16, 26, 288, 1, 26, 104, 3070 }, // U+00CB
    { 10, 27, 192, 1, 27, 68, 3174 }, // U+00CC
    { 10, 27, 192, 1, 27, 68, 3242 }, // U+00CD
    { 11, 27, 192, 1, 27, 75, 3310 }, // U+00CE
    { 11, 26, 192, 1, 26, 72, 3385 }, // U+00CF
    { 21, 20, 368, 1, 20, 105, 3457 }, // U+00D0
    { 21, 26, 352, 1, 26, 137, 3562 }, // U+00D1
    { 20, 27, 352, 1, 27, 135, 3699 }, // U+00D2
    { 20, 27, 352, 1, 27, 135, 3834 }, // U+00D3
    { 20, 27, 352, 1, 27, 135, 3969 }, // U+00D4
    { 20, 26, 352, 1, 26, 130, 4104 }, // U+00D5
    { 20, 26, 352, 1, 26, 130, 4234 }, // U+00D6
    { 11, 12, 272, 3, 15, 33, 4364 }, // U+00D7
    { 21, 20, 352, 1, 20, 105, 4397 }, // U+00D8
    { 22, 27, 368, 1, 27, 149, 4502 }, // U+00D9
    { 22, 27, 368, 1, 27, 149, 4651 }, // U+00DA
    { 22, 27, 368, 1, 27, 149, 4800 }, // U+00DB
    { 22, 26, 368, 1, 26, 143, 4949 }, // U+00DC
    { 21, 27, 336, 0, 27, 142, 5092 }, // U+00DD
    { 18, 20, 320, 1, 20, 90, 5234 }, // U+00DE
    { 22, 28, 336, -2, 22, 154, 5324 }, // U+00DF
    { 17, 23, 288, 1, 23, 98, 5478 }, // U+00E0
    { 17, 23, 288, 1, 23, 98, 5576 }, // U+00E1
    { 17, 23, 288, 1, 23, 98, 5674 }, // U+00E2
    { 17, 21, 288, 1, 21, 90, 5772 }, // U+00E3
    { 17, 21, 288, 1, 21, 90, 5862 }, // U+00E4
    { 17, 24, 288, 1, 24, 102, 5952 }, // U+00E5
    { 22, 15, 384, 1, 15, 83, 6054 }, // U+00E6
    { 13, 21, 240, 1, 15, 69, 6137 }, // U+00E7
    { 13, 23, 240, 1, 23, 75, 6206 }, // U+00E8
    { 13, 23, 240, 1, 23, 75, 6281 }, // U+00E9
    { 13, 23, 240, 1, 23, 75, 6356 }, // U+00EA
    { 13, 21, 240, 1, 21, 69, 6431 }, // U+00EB
    { 10, 23, 160, 0, 23, 58, 6500 }, // U+00EC
    { 10, 23, 160, 0, 23, 58, 6558 }, // U+00ED
    { 11, 23, 160, -1, 23, 64, 6616 }, // U+00EE
    { 11, 21, 160, -1, 21, 58, 6680 }, // U+00EF
    { 15, 23, 272, 1, 23, 87, 6738 }, // U+00F0
    { 19, 21, 304, 0, 21, 100, 6825 }, // U+00F1
    { 15, 23, 272, 1, 23, 87, 6925 }, // U+00F2
    { 15, 23, 272, 1, 23, 87, 7012 }, // U+00F3
    { 15, 23, 272, 1, 23, 87, 7099 }, // U+00F4
    { 15, 21, 272, 1, 21, 79, 7186 }, // U+00F5
    { 15, 21, 272, 1, 21, 79, 7265 }, // U+00F6
    { 13, 14, 272, 2, 15, 46, 7344 }, // U+00F7
    { 17, 15, 272, 0, 15, 64, 7390 }, // U+00F8
    { 18, 23, 288, 0, 23, 104, 7454 }, // U+00F9
    { 18, 23, 288, 0, 23, 104, 7558 }, // U+00FA
    { 18, 23, 288, 0, 23, 104, 7662 }, // U+00FB
    { 18, 21, 288, 0, 21, 95, 7766 }, // U+00FC
    { 15, 29, 256, 0, 23, 109, 7861 }, // U+00FD
    { 17, 28, 288, 0, 22, 119, 7970 }, // U+00FE
    { 15, 27, 256, 0, 21, 102, 8089 }, // U+00FF
    { 21, 26, 336, 0, 26, 137, 0 }, // U+0100
    { 17, 21, 288, 1, 21, 90, 137 }, // U+0101
    { 21, 27, 336, 0, 27, 142, 227 }, // U+0102
    { 17, 23, 288, 1, 23, 98, 369 }, // U+0103
    { 21, 27, 336, 0, 21, 142, 467 }, // U+0104
    { 17, 21, 288, 1, 15, 90, 609 }, // U+0105
    { 16, 27, 304, 2, 27, 108, 699 }, // U+0106
    { 13, 23, 240, 1, 23, 75, 807 }, // U+0107
    { 16, 27, 304, 2, 27, 108, 882 }, // U+0108
    { 13, 23, 240, 1, 23, 75, 990 }, // U+0109
    { 16, 27, 304, 2, 27, 108, 1065 }, // U+010A
    { 13, 22, 240, 1, 22, 72, 1173 }, // U+010B
    { 16, 27, 304, 2, 27, 108, 1245 }, // U+010C
    { 13, 23, 240, 1, 23, 75, 1353 }, // U+010D
    { 21, 27, 368, 1, 27, 142, 1428 }, // U+010E
    { 21, 22, 368, 1, 22, 116, 1570 }, // U+010F
    { 21, 20, 368, 1, 20, 105, 1686 }, // U+0110
    { 18, 22, 288, 1, 22, 99, 1791 }, // U+0111
    { 16, 26, 288, 1, 26, 104, 1890 }, // U+0112
    { 13, 21, 240, 1, 21, 69, 1994 }, // U+0113
    { 16, 27, 288, 1, 27, 108, 2063 }, // U+0114
    { 13, 23, 240, 1, 23, 75, 2171 }, // U+0115
    { 16, 27, 288, 1, 27, 108, 2246 }, // U+0116
    { 13, 22, 240, 1, 22, 72, 2354 }, // U+0117
    { 16, 26, 288, 1, 20, 104, 2426 }, // U+0118
    { 13, 21, 240, 1, 15, 69, 2530 }, // U+0119
    { 16, 27, 288, 1, 27, 108, 2599 }, // U+011A
    { 13, 23, 240, 1, 23, 75, 2707 }, // U+011B
    { 17, 27, 320, 2, 27, 115, 2782 }, // U+011C
    { 15, 29, 288, 1, 23, 109, 2897 }, // U+011D
    { 17, 27, 320, 2, 27, 115, 3006 }, // U+011E
    { 15, 29, 288, 1, 23, 109, 3121 }, // U+011F
    { 17, 27, 320, 2, 27, 115, 3230 }, // U+0120
    { 15, 28, 288, 1, 22, 105, 3345 }, // U+0121
    { 17, 27, 320, 2, 20, 115, 3450 }, // U+0122
    { 15, 29, 288, 1, 23, 109, 3565 }, // U+0123
    { 22, 27, 368, 1, 27, 149, 3674 }, // U+0124
    { 19, 28, 288, -1, 28, 133, 3823 }, // U+0125
    { 22, 20, 368, 1, 20, 110, 3956 }, // U+0126
    { 18, 22, 288, 0, 22, 99, 4066 }, // U+0127
    { 11, 26, 192, 1, 26, 72, 4165 }, // U+0128
    { 11, 21, 160, -1, 21, 58, 4237 }, // U+0129
    { 10, 26, 192, 1, 26, 65, 4295 }, // U+012A
    { 10, 21, 160, 0, 21, 53, 4360 }, // U+012B
    { 11, 27, 192, 1, 27, 75, 4413 }, // U+012C
    { 11, 23, 160, -1, 23, 64, 4488 }, // U+012D
    { 10, 26, 192, 1, 20, 65, 4552 }, // U+012E
    { 10, 28, 160, 0, 22, 70, 4617 }, // U+012F
    { 10, 27, 192, 1, 27, 68, 4687 }, // U+0130
    { 10, 15, 160, 0, 15, 38, 4755 }, // U+0131
    { 22, 27, 384, 1, 20, 149, 4793 }, // U+0132
    { 18, 28, 304, 0, 22, 126, 4942 }, // U+0133
    { 11, 34, 192, 1, 27, 94, 5068 }, // U+0134
    { 11, 29, 160, -1, 23, 80, 5162 }, // U+0135
    { 21, 29, 352, 1, 20, 153, 5242 }, // U+0136
    { 17, 31, 272, 0, 22, 132, 5395 }, // U+0137
    { 17, 15, 272, 0, 15, 64, 5527 }, // U+0138
    { 16, 27, 288, 1, 27, 108, 5591 }, // U+0139
    { 9, 28, 144, 0, 28, 63, 5699 }, // U+013A
    { 16, 29, 288, 1, 20, 116, 5762 }, // U+013B
    { 9, 31, 144, 0, 22, 70, 5878 }, // U+013C
    { 16, 23, 288, 1, 23, 92, 5948 }, // U+013D
    { 12, 22, 208, 0, 22, 66, 6040 }, // U+013E
    { 16, 20, 288, 1, 20, 80, 6106 }, // U+013F
    { 13, 22, 192, 0, 22, 72, 6186 }, // U+0140
    { 16, 20, 288, 1, 20, 80, 6258 }, // U+0141
    { 10, 22, 160, 0, 22, 55, 6338 }, // U+0142
    { 21, 27, 352, 1, 27, 142, 6393 }, // U+0143
    { 19, 23, 304, 0, 23, 110, 6535 }, // U+0144
    { 21, 29, 352, 1, 20, 153, 6645 }, // U+0145
    { 19, 24, 304, 0, 15, 114, 6798 }, // U+0146
    { 21, 27, 352, 1, 27, 142, 6912 }, // U+0147
    { 19, 23, 304, 0, 23, 110, 7054 }, // U+0148
    { 22, 22, 352, 0, 22, 121, 7164 }, // U+0149
    { 21, 27, 352, 1, 20, 142, 7285 }, // U+014A
    { 16, 21, 288, 0, 15, 84, 7427 }, // U+014B
    { 20, 26, 352, 1, 26, 130, 7511 }, // U+014C
    { 15, 21, 272, 1, 21, 79, 7641 }, // U+014D
    { 20, 27, 352, 1, 27, 135, 7720 }, // U+014E
    { 15, 23, 272, 1, 23, 87, 7855 }, // U+014F
    { 20, 28, 352, 1, 28, 140, 7942 }, // U+0150
    { 16, 23, 272, 1, 23, 92, 8082 }, // U+0151
    { 27, 20, 480, 2, 20, 135, 8174 }, // U+0152
    { 23, 15, 400, 1, 15, 87, 8309 }, // U+0153
    { 20, 27, 352, 1, 27, 135, 8396 }, // U+0154
    { 14, 23, 240, 0, 23, 81, 8531 }, // U+0155
    { 20, 29, 352, 1, 20, 145, 8612 }, // U+0156
    { 14, 24, 240, 0, 15, 84, 8757 }, // U+0157
    { 20, 27, 352, 1, 27, 135, 8841 }, // U+0158
    { 14, 23, 240, 0, 23, 81, 8976 }, // U+0159
    { 15, 27, 256, 1, 27, 102, 9057 }, // U+015A
    { 12, 23, 224, 1, 23, 69, 9159 }, // U+015B
    { 15, 27, 256, 1, 27, 102, 9228 }, // U+015C
    { 12, 23, 224, 1, 23, 69, 9330 }, // U+015D
    { 15, 26, 256, 1, 20, 98, 9399 }, // U+015E
    { 12, 21, 224, 1, 15, 63, 9497 }, // U+015F
    { 15, 27, 256, 1, 27, 102, 9560 }, // U+0160
    { 12, 23, 224, 1, 23, 69, 9662 }, // U+0161
    { 19, 26, 320, 1, 20, 124, 9731 }, // U+0162
    { 11, 26, 192, 1, 20, 72, 9855 }, // U+0163
    { 19, 27, 320, 1, 27, 129, 9927 }, // U+0164
    { 13, 24, 208, 1, 24, 78, 10056 }, // U+0165
    { 19, 20, 320, 1, 20, 95, 10134 }, // U+0166
    { 12, 20, 192, 0, 20, 60, 10229 }, // U+0167
    { 22, 26, 368, 1, 26, 143, 10289 }, // U+0168
    { 18, 21, 288, 0, 21, 95, 10432 }, // U+0169
    { 22, 26, 368, 1, 26, 143, 10527 }, // U+016A
    { 18, 21, 288, 0, 21, 95, 10670 }, // U+016B
    { 22, 27, 368, 1, 27, 149, 10765 }, // U+016C
    { 18, 23, 288, 0, 23, 104, 10914 }, // U+016D
    { 22, 28, 368, 1, 28, 154, 11018 }, // U+016E
    { 18, 24, 288, 0, 24, 108, 11172 }, // U+016F
    { 22, 28, 368, 1, 28, 154, 11280 }, // U+0170
    { 18, 23, 288, 0, 23, 104, 11434 }, // U+0171
    { 22, 26, 368, 1, 20, 143, 11538 }, // U+0172
    { 18, 21, 288, 0, 15, 95, 11681 }, // U+0173
    { 31, 27, 480, 0, 27, 210, 11776 }, // U+0174
    { 23, 23, 384, 0, 23, 133, 11986 }, // U+0175
    { 21, 27, 336, 0, 27, 142, 12119 }, // U+0176
    { 15, 29, 256, 0, 23, 109, 12261 }, // U+0177
    { 21, 26, 336, 0, 26, 137, 12370 }, // U+0178
    { 17, 27, 304, 1, 27, 115, 12507 }, // U+0179
    { 13, 23, 240, 1, 23, 75, 12622 }, // U+017A
    { 17, 27, 304, 1, 27, 115, 12697 }, // U+017B
    { 13, 22, 240, 1, 22, 72, 12812 }, // U+017C
    { 17, 27, 304, 1, 27, 115, 12884 }, // U+017D
    { 13, 23, 240, 1, 23, 75, 12999 }, // U+017E
    { 25, 22, 400, 1, 22, 138, 0 }, // U+01A0
    { 19, 20, 304, 1, 20, 95, 138 }, // U+01A1
    { 26, 22, 416, 1, 22, 143, 233 }, // U+01AF
    { 22, 20, 352, 0, 20, 110, 376 }, // U+01B0
    { 39, 27, 656, 1, 27, 264, 486 }, // U+01C4
    { 35, 23, 592, 1, 23, 202, 750 }, // U+01C5
    { 32, 23, 528, 1, 23, 184, 952 }, // U+01C6
    { 28, 27, 464, 1, 20, 189, 1136 }, // U+01C7
    { 25, 28, 432, 1, 22, 175, 1325 }, // U+01C8
    { 17, 28, 304, 0, 22, 119, 1500 }, // U+01C9
    { 33, 27, 544, 1, 20, 223, 1619 }, // U+01CA
    { 29, 28, 512, 1, 22, 203, 1842 }, // U+01CB
    { 26, 28, 448, 0, 22, 182, 2045 }, // U+01CC
    { 21, 27, 336, 0, 27, 142, 2227 }, // U+01CD
    { 17, 23, 288, 1, 23, 98, 2369 }, // U+01CE
    { 11, 27, 192, 1, 27, 75, 2467 }, // U+01CF
    { 11, 23, 160, -1, 23, 64, 2542 }, // U+01D0
    { 20, 27, 352, 1, 27, 135, 2606 }, // U+01D1
    { 15, 23, 272, 1, 23, 87, 2741 }, // U+01D2
    { 22, 27, 368, 1, 27, 149, 2828 }, // U+01D3
    { 18, 23, 288, 0, 23, 104, 2977 }, // U+01D4
    { 22, 32, 368, 1, 32, 176, 3081 }, // U+01D5
    { 18, 27, 288, 0, 27, 122, 3257 }, // U+01D6
    { 22, 33, 368, 1, 33, 182, 3379 }, // U+01D7
    { 18, 29, 288, 0, 29, 131, 3561 }, // U+01D8
    { 22, 33, 368, 1, 33, 182, 3692 }, // U+01D9
    { 18, 29, 288, 0, 29, 131, 3874 }, // U+01DA
    { 22, 33, 368, 1, 33, 182, 4005 }, // U+01DB
    { 18, 29, 288, 0, 29, 131, 4187 }, // U+01DC
    { 17, 27, 320, 2, 27, 115, 4318 }, // U+01E6
    { 15, 29, 288, 1, 23, 109, 4433 }, // U+01E7
    { 20, 26, 352, 1, 20, 130, 4542 }, // U+01EA
    { 15, 21, 272, 1, 15, 79, 4672 }, // U+01EB
    { 21, 31, 336, 0, 31, 163, 4751 }, // U+01FA
    { 17, 30, 288, 1, 30, 128, 4914 }, // U+01FB
    { 27, 27, 448, 0, 27, 183, 5042 }, // U+01FC
    { 22, 23, 384, 1, 23, 127, 5225 }, // U+01FD
    { 21, 27, 352, 1, 27, 142, 5352 }, // U+01FE
    { 17, 23, 272, 0, 23, 98, 5494 }, // U+01FF
    { 21, 28, 336, 0, 28, 147, 5592 }, // U+0200
    { 17, 23, 288, 1, 23, 98, 5739 }, // U+0201
    { 21, 27, 336, 0, 27, 142, 5837 }, // U+0202
    { 17, 22, 288, 1, 22, 94, 5979 }, // U+0203
    { 16, 28, 288, 1, 28, 112, 6073 }, // U+0204
    { 13, 23, 240, 1, 23, 75, 6185 }, // U+0205
    { 16, 27, 288, 1, 27, 108, 6260 }, // U+0206
    { 13, 22, 240, 1, 22, 72, 6368 }, // U+0207
    { 13, 28, 192, -2, 28, 91, 6440 }, // U+0208
    { 13, 23, 160, -3, 23, 75, 6531 }, // U+0209
    { 11, 27, 192, 1, 27, 75, 6606 }, // U+020A
    { 11, 22, 160, -1, 22, 61, 6681 }, // U+020B
    { 20, 28, 352, 1, 28, 140, 6742 }, // U+020C
    { 15, 23, 272, 1, 23, 87, 6882 }, // U+020D
    { 20, 28, 352, 1, 28, 140, 6969 }, // U+020E
    { 15, 22, 272, 1, 22, 83, 7109 }, // U+020F
    { 20, 28, 352, 1, 28, 140, 7192 }, // U+0210
    { 14, 23, 240, 0, 23, 81, 7332 }, // U+0211
    { 20, 27, 352, 1, 27, 135, 7413 }, // U+0212
    { 14, 22, 240, 0, 22, 77, 7548 }, // U+0213
    { 22, 28, 368, 1, 28, 154, 7625 }, // U+0214
    { 18, 23, 288, 0, 23, 104, 7779 }, // U+0215
    { 22, 27, 368, 1, 27, 149, 7883 }, // U+0216
    { 18, 22, 288, 0, 22, 99, 8032 }, // U+0217
    { 15, 29, 256, 1, 20, 109, 8131 }, // U+0218
    { 12, 24, 224, 1, 15, 72, 8240 }, // U+0219
    { 19, 29, 320, 1, 20, 138, 8312 }, // U+021A
    { 11, 29, 192, 1, 20, 80, 8450 }, // U+021B
    { 7, 6, 0, -4, 23, 11, 0 }, // U+0300
    { 7, 6, 0, -2, 23, 11, 11 }, // U+0301
    { 11, 6, 0, -5, 23, 17, 22 }, // U+0302
    { 11, 4, 0, -5, 21, 11, 39 }, // U+0303
    { 9, 3, 0, -4, 21, 7, 50 }, // U+0304
    { 11, 6, 0, -5, 23, 17, 57 }, // U+0306
    { 5, 5, 0, -2, 22, 7, 74 }, // U+0307
    { 11, 4, 0, -5, 21, 11, 81 }, // U+0308
    { 9, 7, 0, -4, 24, 16, 92 }, // U+0309
    { 7, 7, 0, -3, 24, 13, 108 }, // U+030A
    { 11, 6, 0, -3, 23, 17, 121 }, // U+030B
    { 11, 6, 0, -5, 23, 17, 138 }, // U+030C
    { 11, 6, 0, -7, 23, 17, 155 }, // U+030F
    { 10, 6, 0, -5, 22, 15, 172 }, // U+0311
    { 5, 7, 0, -2, 23, 9, 187 }, // U+0312
    { 7, 9, 0, -3, 19, 16, 196 }, // U+031B
    { 5, 5, 0, -3, -2, 7, 212 }, // U+0323
    { 11, 4, 0, -6, -3, 11, 219 }, // U+0324
    { 5, 7, 0, -3, -2, 9, 230 }, // U+0326
    { 8, 7, 0, -4, 0, 14, 239 }, // U+0327
    { 7, 7, 0, -4, 0, 13, 253 }, // U+0328
    { 10, 6, 0, -5, -2, 15, 266 }, // U+032E
    { 9, 3, 0, -5, -2, 7, 281 }, // U+0331
    { 16, 26, 288, 1, 26, 104, 0 }, // U+0401
    { 22, 23, 384, 1, 20, 127, 104 }, // U+0402
    { 16, 27, 288, 1, 27, 108, 231 }, // U+0403
    { 17, 20, 304, 1, 20, 85, 339 }, // U+0404
    { 15, 20, 256, 1, 20, 75, 424 }, // U+0405
    { 10, 20, 192, 1, 20, 50, 499 }, // U+0406
    { 11, 26, 192, 1, 26, 72, 549 }, // U+0407
    { 11, 27, 192, 1, 20, 75, 621 }, // U+0408
    { 29, 20, 464, 0, 20, 145, 696 }, // U+0409
    { 29, 20, 480, 1, 20, 145, 841 }, // U+040A
    { 25, 20, 416, 1, 20, 125, 986 }, // U+040B
    { 21, 27, 352, 1, 27, 142, 1111 }, // U+040C
    { 22, 27, 368, 1, 27, 149, 1253 }, // U+040D
    { 20, 27, 320, 1, 27, 135, 1402 }, // U+040E
    { 22, 24, 368, 1, 20, 132, 1537 }, // U+040F
    { 21, 21, 336, 0, 21, 111, 1669 }, // U+0410
    { 18, 20, 304, 1, 20, 90, 1780 }, // U+0411
    { 18, 20, 320, 1, 20, 90, 1870 }, // U+0412
    { 16, 20, 288, 1, 20, 80, 1960 }, // U+0413
    { 21, 25, 352, 0, 20, 132, 2040 }, // U+0414
    { 16, 20, 288, 1, 20, 80, 2172 }, // U+0415
    { 32, 20, 512, 0, 20, 160, 2252 }, // U+0416
    { 15, 20, 272, 1, 20, 75, 2412 }, // U+0417
    { 22, 20, 368, 1, 20, 110, 2487 }, // U+0418
    { 22, 27, 368, 1, 27, 149, 2597 }, // U+0419
    { 21, 20, 352, 1, 20, 105, 2746 }, // U+041A
    { 22, 20, 352, 0, 20, 110, 2851 }, // U+041B
    { 28, 20, 464, 1, 20, 140, 2961 }, // U+041C
    { 22, 20, 368, 1, 20, 110, 3101 }, // U+041D
    { 20, 20, 352, 1, 20, 100, 3211 }, // U+041E
    { 22, 20, 368, 1, 20, 110, 3311 }, // U+041F
    { 18, 20, 304, 1, 20, 90, 3421 }, // U+0420
    { 16, 20, 304, 2, 20, 80, 3511 }, // U+0421
    { 19, 20, 320, 1, 20, 95, 3591 }, // U+0422
    { 20, 20, 320, 1, 20, 100, 3686 }, // U+0423
    { 23, 22, 400, 1, 22, 127, 3786 }, // U+0424
    { 21, 20, 352, 0, 20, 105, 3913 }, // U+0425
    { 22, 25, 384, 1, 20, 138, 4018 }, // U+0426
    { 21, 20, 368, 1, 20, 105, 4156 }, // U+0427
    { 32, 20, 544, 1, 20, 160, 4261 }, // U+0428
    { 33, 25, 544, 1, 20, 207, 4421 }, // U+0429
    { 21, 20, 352, 1, 20, 105, 4628 }, // U+042A
    { 28, 20, 464, 1, 20, 140, 4733 }, // U+042B
    { 18, 20, 304, 1, 20, 90, 4873 }, // U+042C
    { 16, 20, 304, 2, 20, 80, 4963 }, // U+042D
    { 29, 20, 496, 1, 20, 145, 5043 }, // U+042E
    { 22, 20, 352, 0, 20, 110, 5188 }, // U+042F
    { 17, 15, 288, 1, 15, 64, 5298 }, // U+0430
    { 15, 22, 272, 1, 22, 83, 5362 }, // U+0431
    { 13, 15, 240, 1, 15, 49, 5445 }, // U+0432
    { 12, 15, 208, 1, 15, 45, 5494 }, // U+0433
    { 14, 22, 256, 1, 22, 77, 5539 }, // U+0434
    { 13, 15, 240, 1, 15, 49, 5616 }, // U+0435
    { 23, 15, 384, 1, 15, 87, 5665 }, // U+0436
    { 12, 15, 224, 1, 15, 45, 5752 }, // U+0437
    { 18, 15, 288, 0, 15, 68, 5797 }, // U+0438
    { 18, 21, 288, 0, 21, 95, 5865 }, // U+0439
    { 17, 15, 272, 0, 15, 64, 5960 }, // U+043A
    { 17, 15, 272, 0, 15, 64, 6024 }, // U+043B
    { 21, 15, 352, 1, 15, 79, 6088 }, // U+043C
    { 18, 15, 288, 0, 15, 68, 6167 }, // U+043D
    { 15, 15, 272, 1, 15, 57, 6235 }, // U+043E
    { 19, 15, 304, 0, 15, 72, 6292 }, // U+043F
    { 17, 21, 304, 0, 15, 90, 6364 }, // U+0440
    { 13, 15, 240, 1, 15, 49, 6454 }, // U+0441
    { 27, 15, 432, 0, 15, 102, 6503 }, // U+0442
    { 15, 21, 256, 0, 15, 79, 6605 }, // U+0443
    { 23, 29, 400, 1, 23, 167, 6684 }, // U+0444
    { 15, 15, 272, 1, 15, 57, 6851 }, // U+0445
    { 20, 20, 304, 0, 15, 100, 6908 }, // U+0446
    { 17, 15, 272, 0, 15, 64, 7008 }, // U+0447
    { 27, 15, 432, 0, 15, 102, 7072 }, // U+0448
    { 28, 20, 448, 0, 15, 140, 7174 }, // U+0449
    { 15, 15, 256, 1, 15, 57, 7314 }, // U+044A
    { 22, 15, 352, 0, 15, 83, 7371 }, // U+044B
    { 14, 15, 240, 0, 15, 53, 7454 }, // U+044C
    { 13, 15, 240, 1, 15, 49, 7507 }, // U+044D
    { 23, 15, 384, 0, 15, 87, 7556 }, // U+044E
    { 15, 15, 256, 1, 15, 57, 7643 }, // U+044F
    { 13, 21, 240, 1, 21, 69, 7700 }, // U+0451
    { 16, 29, 288, 0, 23, 116, 7769 }, // U+0452
    { 12, 23, 208, 1, 23, 69, 7885 }, // U+0453
    { 13, 15, 240, 1, 15, 49, 7954 }, // U+0454
    { 12, 15, 224, 1, 15, 45, 8003 }, // U+0455
    { 10, 22, 160, 0, 22, 55, 8048 }, // U+0456
    { 11, 21, 160, -1, 21, 58, 8103 }, // U+0457
    { 9, 28, 160, -1, 22, 63, 8161 }, // U+0458
    { 22, 15, 368, 0, 15, 83, 8224 }, // U+0459
    { 23, 15, 384, 0, 15, 87, 8307 }, // U+045A
    { 18, 23, 304, 0, 23, 104, 8394 }, // U+045B
    { 17, 23, 272, 0, 23, 98, 8498 }, // U+045C
    { 18, 23, 288, 0, 23, 104, 8596 }, // U+045D
    { 15, 27, 256, 0, 21, 102, 8700 }, // U+045E
    { 18, 22, 304, 0, 15, 99, 8802 }, // U+045F
    { 21, 21, 368, 1, 21, 111, 8901 }, // U+0462
    { 24, 15, 384, 0, 15, 90, 9012 }, // U+0463
    { 30, 20, 480, 0, 20, 150, 9102 }, // U+046A
    { 21, 15, 352, 1, 15, 79, 9252 }, // U+046B
    { 16, 24, 256, 1, 24, 96, 9331 }, // U+0490
    { 15, 24, 224, -2, 18, 90, 9427 }, // U+0491
    { 16, 20, 288, 1, 20, 80, 9517 }, // U+0492
    { 12, 15, 224, 1, 15, 45, 9597 }, // U+0493
    { 33, 24, 528, 0, 20, 198, 9642 }, // U+0496
    { 24, 20, 384, 1, 15, 120, 9840 }, // U+0497
    { 21, 24, 352, 1, 20, 126, 9960 }, // U+049A
    { 18, 20, 288, 0, 15, 90, 10086 }, // U+049B
    { 23, 24, 384, 1, 20, 138, 10176 }, // U+04A2
    { 19, 20, 304, 0, 15, 95, 10314 }, // U+04A3
    { 21, 20, 336, 0, 20, 105, 10409 }, // U+04AE
    { 15, 21, 256, 0, 15, 79, 10514 }, // U+04AF
    { 21, 20, 320, 0, 20, 105, 10593 }, // U+04B0
    { 15, 21, 256, 0, 15, 79, 10698 }, // U+04B1
    { 22, 20, 368, 1, 20, 110, 10777 }, // U+04BA
    { 18, 22, 288, 0, 22, 99, 10887 }, // U+04BB
    { 18, 20, 320, 1, 20, 90, 10986 }, // U+04D8
    { 13, 15, 240, 1, 15, 49, 11076 }, // U+04D9
    { 20, 20, 352, 1, 20, 100, 11125 }, // U+04E8
    { 15, 15, 272, 1, 15, 57, 11225 }, // U+04E9
    { 21, 28, 336, 0, 21, 147, 0 }, // U+1EA0
    { 17, 22, 288, 1, 15, 94, 147 }, // U+1EA1
    { 21, 28, 336, 0, 28, 147, 241 }, // U+1EA2
    { 17, 24, 288, 1, 24, 102, 388 }, // U+1EA3
    { 21, 34, 320, 0, 34, 179, 490 }, // U+1EA4
    { 17, 29, 288, 1, 29, 124, 669 }, // U+1EA5
    { 21, 34, 336, 0, 34, 179, 793 }, // U+1EA6
    { 17, 29, 288, 1, 29, 124, 972 }, // U+1EA7
    { 21, 33, 336, 0, 33, 174, 1096 }, // U+1EA8
    { 18, 28, 288, 1, 28, 126, 1270 }, // U+1EA9
    { 21, 32, 336, 0, 32, 168, 1396 }, // U+1EAA
    { 17, 28, 288, 1, 28, 119, 1564 }, // U+1EAB
    { 21, 34, 336, 0, 27, 179, 1683 }, // U+1EAC
    { 17, 30, 288, 1, 23, 128, 1862 }, // U+1EAD
    { 21, 34, 336, 0, 34, 179, 1990 }, // U+1EAE
    { 17, 29, 288, 1, 29, 124, 2169 }, // U+1EAF
    { 21, 34, 336, 0, 34, 179, 2293 }, // U+1EB0
    { 17, 29, 288, 1, 29, 124, 2472 }, // U+1EB1
    { 21, 34, 336, 0, 34, 179, 2596 }, // U+1EB2
    { 17, 29, 288, 1, 29, 124, 2775 }, // U+1EB3
    { 21, 32, 320, 0, 32, 168, 2899 }, // U+1EB4
    { 17, 28, 288, 1, 28, 119, 3067 }, // U+1EB5
    { 21, 34, 336, 0, 27, 179, 3186 }, // U+1EB6
    { 17, 30, 288, 1, 23, 128, 3365 }, // U+1EB7
    { 16, 27, 288, 1, 20, 108, 3493 }, // U+1EB8
    { 13, 22, 240, 1, 15, 72, 3601 }, // U+1EB9
    { 16, 28, 288, 1, 28, 112, 3673 }, // U+1EBA
    { 13, 24, 240, 1, 24, 78, 3785 }, // U+1EBB
    { 16, 26, 288, 1, 26, 104, 3863 }, // U+1EBC
    { 13, 21, 240, 1, 21, 69, 3967 }, // U+1EBD
    { 16, 34, 288, 1, 34, 136, 4036 }, // U+1EBE
    { 13, 29, 240, 1, 29, 95, 4172 }, // U+1EBF
    { 16, 34, 288, 1, 34, 136, 4267 }, // U+1EC0
    { 13, 29, 240, 1, 29, 95, 4403 }, // U+1EC1
    { 18, 33, 288, 1, 33, 149, 4498 }, // U+1EC2
    { 17, 28, 240, 1, 28, 119, 4647 }, // U+1EC3
    { 16, 32, 288, 1, 32, 128, 4766 }, // U+1EC4
    { 14, 28, 240, 1, 28, 98, 4894 }, // U+1EC5
    { 16, 34, 288, 1, 27, 136, 4992 }, // U+1EC6
    { 13, 30, 240, 1, 23, 98, 5128 }, // U+1EC7
    { 10, 28, 192, 1, 28, 70, 5226 }, // U+1EC8
    { 10, 24, 160, 0, 24, 60, 5296 }, // U+1EC9
    { 10, 27, 192, 1, 20, 68, 5356 }, // U+1ECA
    { 10, 29, 160, 0, 22, 73, 5424 }, // U+1ECB
    { 20, 27, 352, 1, 20, 135, 5497 }, // U+1ECC
    { 15, 22, 272, 1, 15, 83, 5632 }, // U+1ECD
    { 20, 28, 352, 1, 28, 140, 5715 }, // U+1ECE
    { 15, 24, 272, 1, 24, 90, 5855 }, // U+1ECF
    { 20, 34, 352, 1, 34, 170, 5945 }, // U+1ED0
    { 15, 29, 272, 1, 29, 109, 6115 }, // U+1ED1
    { 20, 34, 352, 1, 34, 170, 6224 }, // U+1ED2
    { 15, 29, 272, 1, 29, 109, 6394 }, // U+1ED3
    { 20, 33, 352, 1, 33, 165, 6503 }, // U+1ED4
    { 17, 28, 272, 1, 28, 119, 6668 }, // U+1ED5
    { 20, 32, 352, 1, 32, 160, 6787 }, // U+1ED6
    { 15, 28, 272, 1, 28, 105, 6947 }, // U+1ED7
    { 20, 34, 352, 1, 27, 170, 7052 }, // U+1ED8
    { 15, 30, 272, 1, 23, 113, 7222 }, // U+1ED9
    { 25, 27, 400, 1, 27, 169, 7335 }, // U+1EDA
    { 19, 23, 304, 1, 23, 110, 7504 }, // U+1EDB
    { 25, 27, 400, 1, 27, 169, 7614 }, // U+1EDC
    { 19, 23, 304, 1, 23, 110, 7783 }, // U+1EDD
    { 25, 28, 400, 1, 28, 175, 7893 }, // U+1EDE
    { 19, 24, 304, 1, 24, 114, 8068 }, // U+1EDF
    { 25, 26, 400, 1, 26, 163, 8182 }, // U+1EE0
    { 19, 21, 304, 1, 21, 100, 8345 }, // U+1EE1
    { 25, 29, 400, 1, 22, 182, 8445 }, // U+1EE2
    { 19, 27, 304, 1, 20, 129, 8627 }, // U+1EE3
    { 22, 27, 368, 1, 20, 149, 8756 }, // U+1EE4
    { 18, 22, 288, 0, 15, 99, 8905 }, // U+1EE5
    { 22, 28, 368, 1, 28, 154, 9004 }, // U+1EE6
    { 18, 24, 288, 0, 24, 108, 9158 }, // U+1EE7
    { 26, 27, 416, 1, 27, 176, 9266 }, // U+1EE8
    { 22, 23, 352, 0, 23, 127, 9442 }, // U+1EE9
    { 26, 27, 416, 1, 27, 176, 9569 }, // U+1EEA
    { 22, 23, 352, 0, 23, 127, 9745 }, // U+1EEB
    { 26, 28, 416, 1, 28, 182, 9872 }, // U+1EEC
    { 22, 24, 352, 0, 24, 132, 10054 }, // U+1EED
    { 26, 26, 416, 1, 26, 169, 10186 }, // U+1EEE
    { 22, 21, 352, 0, 21, 116, 10355 }, // U+1EEF
    { 26, 29, 416, 1, 22, 189, 10471 }, // U+1EF0
    { 22, 27, 352, 0, 20, 149, 10660 }, // U+1EF1
    { 21, 27, 336, 0, 27, 142, 10809 }, // U+1EF2
    { 15, 29, 256, 0, 23, 109, 10951 }, // U+1EF3
    { 21, 27, 336, 0, 20, 142, 11060 }, // U+1EF4
    { 15, 21, 256, 0, 15, 79, 11202 }, // U+1EF5
    { 21, 28, 336, 0, 28, 147, 11281 }, // U+1EF6
    { 15, 30, 256, 0, 24, 113, 11428 }, // U+1EF7
    { 21, 26, 336, 0, 26, 137, 11541 }, // U+1EF8
    { 15, 27, 256, 0, 21, 102, 11678 }, // U+1EF9
    { 1, 1, 272, 0, 1, 1, 0 }, // U+2007
    { 1, 1, 144, 0, 1, 1, 1 }, // U+2008
    { 1, 1, 64, 0, 1, 1, 2 }, // U+2009
    { 1, 1, 32, 0, 1, 1, 3 }, // U+200A
    { 1, 1, 0, 0, 1, 1, 4 }, // U+200B
    { 8, 3, 160, 1, 9, 6, 5 }, // U+2010
    { 14, 2, 240, 1, 9, 7, 11 }, // U+2012
    { 14, 2, 240, 1, 9, 7, 18 }, // U+2013
    { 29, 2, 464, 0, 9, 15, 25 }, // U+2014
    { 29, 2, 464, 0, 9, 15, 40 }, // U+2015
    { 6, 8, 128, 2, 22, 12, 55 }, // U+2018
    { 5, 8, 128, 2, 22, 10, 67 }, // U+2019
    { 6, 8, 144, 1, 4, 12, 77 }, // U+201A
    { 12, 8, 224, 2, 22, 24, 89 }, // U+201C
    { 12, 8, 240, 2, 22, 24, 113 }, // U+201D
    { 12, 8, 240, 1, 4, 24, 137 }, // U+201E
    { 12, 22, 256, 2, 21, 66, 161 }, // U+2020
    { 12, 23, 256, 2, 22, 69, 227 }, // U+2021
    { 9, 8, 208, 2, 13, 18, 296 }, // U+2022
    { 25, 5, 464, 2, 5, 32, 314 }, // U+2026
    { 32, 17, 560, 2, 17, 136, 346 }, // U+2030
    { 4, 7, 96, 2, 23, 7, 482 }, // U+2032
    { 9, 7, 176, 2, 23, 16, 489 }, // U+2033
    { 8, 13, 160, 1, 14, 26, 505 }, // U+2039
    { 7, 13, 160, 2, 14, 23, 531 }, // U+203A
    { 23, 23, 432, 2, 23, 133, 554 }, // U+2042
    { 15, 20, 144, -3, 20, 75, 687 }, // U+2044
    { 11, 13, 224, 2, 24, 36, 0 }, // U+2070
    { 12, 13, 208, 1, 24, 39, 36 }, // U+2074
    { 11, 13, 192, 1, 24, 36, 75 }, // U+2075
    { 11, 13, 208, 2, 24, 36, 111 }, // U+2076
    { 11, 13, 176, 1, 24, 36, 147 }, // U+2077
    { 12, 13, 208, 1, 24, 39, 183 }, // U+2078
    { 10, 13, 208, 2, 24, 33, 222 }, // U+2079
    { 6, 18, 128, 2, 26, 27, 255 }, // U+207D
    { 6, 18, 128, 1, 26, 27, 282 }, // U+207E
    { 13, 11, 240, 2, 22, 36, 309 }, // U+207F
    { 12, 13, 224, 1, 9, 39, 345 }, // U+2080
    { 8, 13, 160, 1, 9, 26, 384 }, // U+2081
    { 10, 13, 192, 1, 9, 33, 410 }, // U+2082
    { 11, 13, 208, 1, 9, 36, 443 }, // U+2083
    { 12, 13, 208, 0, 9, 39, 479 }, // U+2084
    { 10, 13, 192, 1, 9, 33, 518 }, // U+2085
    { 11, 13, 208, 1, 9, 36, 551 }, // U+2086
    { 10, 13, 176, 1, 9, 33, 587 }, // U+2087
    { 11, 13, 208, 1, 9, 36, 620 }, // U+2088
    { 11, 13, 208, 1, 9, 36, 656 }, // U+2089
    { 6, 18, 128, 2, 11, 27, 692 }, // U+208D
    { 7, 18, 128, 0, 11, 32, 719 }, // U+208E
    { 17, 25, 304, 2, 22, 107, 0 }, // U+20A1
    { 16, 20, 288, 1, 20, 80, 107 }, // U+20A3
    { 17, 20, 304, 1, 20, 85, 187 }, // U+20A4
    { 22, 20, 384, 1, 20, 110, 272 }, // U+20A6
    { 44, 20, 736, 1, 20, 220, 382 }, // U+20A7
    { 31, 20, 512, 1, 20, 155, 602 }, // U+20A9
    { 18, 27, 288, 1, 22, 122, 757 }, // U+20AB
    { 20, 20, 352, 1, 20, 100, 879 }, // U+20AC
    { 22, 20, 368, 1, 20, 110, 979 }, // U+20AD
    { 19, 20, 320, 1, 20, 95, 1089 }, // U+20AE
    { 21, 20, 352, 1, 20, 105, 1184 }, // U+20B1
    { 17, 25, 320, 2, 23, 107, 1289 }, // U+20B2
    { 18, 20, 320, 1, 20, 90, 1396 }, // U+20B4
    { 16, 26, 304, 2, 23, 104, 1486 }, // U+20B5
    { 19, 20, 320, 1, 20, 95, 1590 }, // U+20B8
    { 16, 20, 288, 2, 20, 80, 1685 }, // U+20B9
    { 16, 20, 304, 2, 20, 80, 1765 }, // U+20BA
    { 21, 20, 368, 1, 20, 105, 1845 }, // U+20BC
    { 18, 20, 320, 2, 20, 90, 1950 }, // U+20BD
    { 15, 9, 272, 1, 13, 34, 0 }, // U+2190
    { 9, 14, 272, 4, 15, 32, 34 }, // U+2191
    { 14, 9, 272, 1, 13, 32, 66 }, // U+2192
    { 9, 14, 272, 4, 15, 32, 98 }, // U+2193
    { 15, 21, 272, 1, 21, 79, 0 }, // U+2202
    { 19, 22, 352, 1, 20, 105, 79 }, // U+2205
    { 17, 20, 288, 1, 20, 85, 184 }, // U+2206
    { 23, 24, 384, 1, 20, 138, 269 }, // U+220F
    { 16, 24, 288, 1, 20, 96, 407 }, // U+2211
    { 13, 3, 272, 2, 10, 10, 503 }, // U+2212
    { 15, 20, 144, -3, 20, 75, 513 }, // U+2215
    { 5, 5, 176, 3, 11, 7, 588 }, // U+2219
    { 16, 22, 272, 1, 22, 88, 595 }, // U+221A
    { 17, 8, 304, 1, 11, 34, 683 }, // U+221E
    { 17, 27, 240, -1, 21, 115, 717 }, // U+222B
    { 13, 10, 272, 2, 13, 33, 832 }, // U+2248
    { 13, 17, 272, 2, 17, 56, 865 }, // U+2260
    { 13, 16, 272, 2, 16, 52, 921 }, // U+2264
    { 13, 16, 272, 2, 16, 52, 973 }, // U+2265
    { 21, 28, 320, -1, 22, 147, 0 }, // U+FB01
    { 21, 28, 320, -1, 22, 147, 147 }, // U+FB02
};

static const EpdUnicodeInterval literatamono_14_bolditalicIntervals[] = {
    { 0x20, 0x7E, 0x0 },
    { 0xA0, 0x17E, 0x5F },
    { 0x1A0, 0x1A1, 0x13E },
    { 0x1AF, 0x1B0, 0x140 },
    { 0x1C4, 0x1DC, 0x142 },
    { 0x1E6, 0x1E7, 0x15B },
    { 0x1EA, 0x1EB, 0x15D },
    { 0x1FA, 0x21B, 0x15F },
    { 0x300, 0x304, 0x181 },
    { 0x306, 0x30C, 0x186 },
    { 0x30F, 0x30F, 0x18D },
    { 0x311, 0x312, 0x18E },
    { 0x31B, 0x31B, 0x190 },
    { 0x323, 0x324, 0x191 },
    { 0x326, 0x328, 0x193 },
    { 0x32E, 0x32E, 0x196 },
    { 0x331, 0x331, 0x197 },
    { 0x401, 0x44F, 0x198 },
    { 0x451, 0x45F, 0x1E7 },
    { 0x462, 0x463, 0x1F6 },
    { 0x46A, 0x46B, 0x1F8 },
    { 0x490, 0x493, 0x1FA },
    { 0x496, 0x497, 0x1FE },
    { 0x49A, 0x49B, 0x200 },
    { 0x4A2, 0x4A3, 0x202 },
    { 0x4AE, 0x4B1, 0x204 },
    { 0x4BA, 0x4BB, 0x208 },
    { 0x4D8, 0x4D9, 0x20A },
    { 0x4E8, 0x4E9, 0x20C },
    { 0x1EA0, 0x1EF9, 0x20E },
    { 0x2007, 0x200B, 0x268 },
    { 0x2010, 0x2010, 0x26D },
    { 0x2012, 0x2015, 0x26E },
    { 0x2018, 0x201A, 0x272 },
    { 0x201C, 0x201E, 0x275 },
    { 0x2020, 0x2022, 0x278 },
    { 0x2026, 0x2026, 0x27B },
    { 0x2030, 0x2030, 0x27C },
    { 0x2032, 0x2033, 0x27D },
    { 0x2039, 0x203A, 0x27F },
    { 0x2042, 0x2042, 0x281 },
    { 0x2044, 0x2044, 0x282 },
    { 0x2070, 0x2070, 0x283 },
    { 0x2074, 0x2079, 0x284 },
    { 0x207D, 0x2089, 0x28A },
    { 0x208D, 0x208E, 0x297 },
    { 0x20A1, 0x20A1, 0x299 },
    { 0x20A3, 0x20A4, 0x29A },
    { 0x20A6, 0x20A7, 0x29C },
    { 0x20A9, 0x20A9, 0x29E },
    { 0x20AB, 0x20AE, 0x29F },
    { 0x20B1, 0x20B2, 0x2A3 },
    { 0x20B4, 0x20B5, 0x2A5 },
    { 0x20B8, 0x20BA, 0x2A7 },
    { 0x20BC, 0x20BD, 0x2AA },
    { 0x2190, 0x2193, 0x2AC },
    { 0x2202, 0x2202, 0x2B0 },
    { 0x2205, 0x2206, 0x2B1 },
    { 0x220F, 0x220F, 0x2B3 },
    { 0x2211, 0x2212, 0x2B4 },
    { 0x2215, 0x2215, 0x2B6 },
    { 0x2219, 0x221A, 0x2B7 },
    { 0x221E, 0x221E, 0x2B9 },
    { 0x222B, 0x222B, 0x2BA },
    { 0x2248, 0x2248, 0x2BB },
    { 0x2260, 0x2260, 0x2BC },
    { 0x2264, 0x2265, 0x2BD },
    { 0xFB01, 0xFB02, 0x2BF },
};

static const EpdFontGroup literatamono_14_bolditalicGroups[] = {
    { 0, 2030, 7466, 95, 0 },
    { 2030, 1891, 9015, 96, 95 },
    { 3921, 2489, 14334, 127, 191 },
    { 6410, 1895, 9265, 67, 318 },
    { 8305, 164, 333, 23, 385 },
    { 8469, 2790, 12201, 118, 408 },
    { 11259, 1487, 12992, 90, 526 },
    { 12746, 299, 807, 27, 616 },
    { 13045, 332, 838, 22, 643 },
    { 13377, 646, 2189, 19, 665 },
    { 14023, 70, 156, 4, 684 },
    { 14093, 331, 1135, 15, 688 },
    { 14424, 83, 336, 2, 703 },
};

static const uint16_t literatamono_14_bolditalicKernLeftCodepoints[] = {
    0x0022, 0x0026, 0x0027, 0x0028, 0x002A, 0x002C, 0x002D, 0x002E, 0x002F, 0x0030, 0x0031, 0x0032,
    0x0033, 0x0034, 0x0035, 0x0036, 0x0037, 0x0038, 0x0039, 0x003A, 0x003B, 0x003D, 0x0040, 0x0041,
    0x0042, 0x0043, 0x0044, 0x0045, 0x0046, 0x0047, 0x0048, 0x0049, 0x004A, 0x004B, 0x004C, 0x004D,
    0x004E, 0x004F, 0x0050, 0x0051, 0x0052, 0x0053, 0x0054, 0x0055, 0x0056, 0x0057, 0x0058, 0x0059,
    0x005A, 0x005B, 0x005C, 0x0061, 0x0062, 0x0063, 0x0064, 0x0065, 0x0066, 0x0067, 0x0068, 0x0069,
    0x006A, 0x006B, 0x006C, 0x006D, 0x006E, 0x006F, 0x0070, 0x0071, 0x0072, 0x0073, 0x0074, 0x0075,
    0x0076, 0x0077, 0x0078, 0x0079, 0x007A, 0x00A1, 0x00AB, 0x00AD, 0x00B7, 0x00BB, 0x00BF, 0x00C0,
    0x00C1, 0x00C2, 0x00C3, 0x00C4, 0x00C5, 0x00C6, 0x00C7, 0x00C8, 0x00C9, 0x00CA, 0x00CB, 0x00CC,
    0x00CD, 0x00CE, 0x00CF, 0x00D0, 0x00D1, 0x00D2, 0x00D3, 0x00D4, 0x00D5, 0x00D6, 0x00D7, 0x00D8,
    0x00DD, 0x00DE, 0x00DF, 0x00E0, 0x00E1, 0x00E2, 0x00E3, 0x00E4, 0x00E5, 0x00E6, 0x00E7, 0x00E8,
    0x00E9, 0x00EA, 0x00EB, 0x00EC, 0x00ED, 0x00EE, 0x00EF, 0x00F1, 0x00F2, 0x00F3, 0x00F4, 0x00F5,
    0x00F6, 0x00F8, 0x00F9, 0x00FA, 0x00FB, 0x00FC, 0x00FD, 0x00FE, 0x00FF, 0x0100, 0x0101, 0x0102,
    0x0103, 0x0104, 0x0105, 0x0106, 0x0107, 0x0108, 0x0109, 0x010A, 0x010B, 0x010C, 0x010D, 0x010E,
    0x010F, 0x0110, 0x0111, 0x0112, 0x0113, 0x0114, 0x0115, 0x0116, 0x0117, 0x0118, 0x0119, 0x011A,
    0x011B, 0x011C, 0x011D, 0x011E, 0x011F, 0x0120, 0x0121, 0x0122, 0x0123, 0x0124, 0x0125, 0x0126,
    0x0127, 0x0128, 0x0129, 0x012A, 0x012B, 0x012C, 0x012D, 0x012E, 0x012F, 0x0130, 0x0131, 0x0132,
    0x0134, 0x0135, 0x0136, 0x0137, 0x0138, 0x0139, 0x013A, 0x013B, 0x013C, 0x013D, 0x013E, 0x013F,
    0x0140, 0x0141, 0x0142, 0x0143, 0x0144, 0x0145, 0x0146, 0x0147, 0x0148, 0x0149, 0x014A, 0x014B,
    0x014C, 0x014D, 0x014E, 0x014F, 0x0150, 0x0151, 0x0152, 0x0153, 0x0154, 0x0155, 0x0156, 0x0157,
    0x0158, 0x0159, 0x015A, 0x015B, 0x015C, 0x015D, 0x015E, 0x015F, 0x0160, 0x0161, 0x0162, 0x0163,
    0x0164, 0x0165, 0x0166, 0x0169, 0x016B, 0x016D, 0x016F, 0x0171, 0x0173, 0x0174, 0x0175, 0x0176,
    0x0177, 0x0178, 0x0179, 0x017A, 0x017B, 0x017C, 0x017D, 0x017E, 0x01A0, 0x01A1, 0x01AF, 0x01B0,
    0x01C6, 0x01C7, 0x01C9, 0x01CA, 0x01CC, 0x01CD, 0x01CE, 0x01CF, 0x01D0, 0x01D1, 0x01D2, 0x01D4,
    0x01D6, 0x01D8, 0x01DA, 0x01DC, 0x01E6, 0x01E7, 0x01EA, 0x01EB, 0x01FA, 0x01FB, 0x01FC, 0x01FD,
    0x01FE, 0x01FF, 0x0200, 0x0201, 0x0202, 0x0203, 0x0204, 0x0205, 0x0206, 0x0207, 0x0208, 0x0209,
    0x020A, 0x020B, 0x020C, 0x020D, 0x020E, 0x020F, 0x0210, 0x0211, 0x0212, 0x0213, 0x0215, 0x0217,
    0x0218, 0x0219, 0x021A, 0x021B, 0x0402, 0x0403, 0x0404, 0x0406, 0x0407, 0x0408, 0x0409, 0x040A,
    0x040B, 0x040C, 0x040D, 0x040E, 0x040F, 0x0410, 0x0411, 0x0412, 0x0413, 0x0414, 0x0416, 0x0417,
    0x0418, 0x0419, 0x041A, 0x041B, 0x041C, 0x041D, 0x041E, 0x041F, 0x0420, 0x0422, 0x0423, 0x0424,
    0x0425, 0x0427, 0x0428, 0x042A, 0x042B, 0x042C, 0x042D, 0x042E, 0x042F, 0x0430, 0x0431, 0x0432,
    0x0433, 0x0434, 0x0435, 0x0436, 0x0437, 0x0438, 0x0439, 0x043A, 0x043B, 0x043C, 0x043D, 0x043E,
    0x043F, 0x0440, 0x0441, 0x0442, 0x0443, 0x0444, 0x0445, 0x0447, 0x0448, 0x044A, 0x044B, 0x044C,
    0x044D, 0x044E, 0x044F, 0x0451, 0x0452, 0x0453, 0x0454, 0x0455, 0x0456, 0x0457, 0x0458, 0x0459,
    0x045A, 0x045B, 0x045C, 0x045D, 0x045E, 0x045F, 0x0462, 0x0463, 0x046A, 0x046B, 0x0490, 0x0491,
    0x0492, 0x0493, 0x0496, 0x0497, 0x049A, 0x049B, 0x04AE, 0x04B0, 0x04BA, 0x04BB, 0x04D8, 0x04D9,
    0x04E8, 0x04E9, 0x1EA0, 0x1EA1, 0x1EA2, 0x1EA3, 0x1EA4, 0x1EA5, 0x1EA6, 0x1EA7, 0x1EA8, 0x1EA9,
    0x1EAA, 0x1EAB, 0x1EAC, 0x1EAD, 0x1EAE, 0x1EAF, 0x1EB0, 0x1EB1, 0x1EB2, 0x1EB3, 0x1EB4, 0x1EB5,
    0x1EB6, 0x1EB7, 0x1EB8, 0x1EB9, 0x1EBA, 0x1EBB, 0x1EBC, 0x1EBD, 0x1EBE, 0x1EBF, 0x1EC0, 0x1EC1,
    0x1EC2, 0x1EC3, 0x1EC4, 0x1EC5, 0x1EC6, 0x1EC7, 0x1EC8, 0x1EC9, 0x1ECA, 0x1ECB, 0x1ECC, 0x1ECD,
    0x1ECE, 0x1ECF, 0x1ED0, 0x1ED1, 0x1ED2, 0x1ED3, 0x1ED4, 0x1ED5, 0x1ED6, 0x1ED7, 0x1ED8, 0x1ED9,
    0x1EDA, 0x1EDB, 0x1EDC, 0x1EDD, 0x1EDE, 0x1EDF, 0x1EE0, 0x1EE1, 0x1EE2, 0x1EE3, 0x1EE5, 0x1EE7,
    0x1EE8, 0x1EE9, 0x1EEA, 0x1EEB, 0x1EEC, 0x1EED, 0x1EEE, 0x1EEF, 0x1EF0, 0x1EF1, 0x1EF2, 0x1EF3,
    0x1EF4, 0x1EF5, 0x1EF6, 0x1EF7, 0x1EF8, 0x1EF9, 0x2010, 0x2012, 0x2013, 0x2014, 0x2015, 0x2018,
    0x2019, 0x201A, 0x201C, 0x201D, 0x201E, 0x2026, 0x2039, 0x203A, 0x2206, 0x2212, 0xFB01, 0xFB02,
};

static const uint8_t literatamono_14_bolditalicKernLeftClassIds[] = {
      1,   2,   1,   3,   4,   5,   6,   5,   7,   8,   9,  10,  11,  12,  13,  14,
     15,  16,  17,  18,  18,  19,  20,  21,  22,  23,  24,  25,  26,  27,  28,  28,
     29,  30,  31,  32,  33,  34,  35,  36,  37,  38,  39,  28,  40,  41,  42,  43,
     44,  45,  46,  47,  48,  49,  50,  51,  52,  53,  47,  54,  55,  56,  50,  47,
     47,  48,  48,  57,  58,  59,  60,  47,  61,  61,  62,  63,  64,  65,  66,   6,
     67,  68,  69,  21,  21,  21,  21,  21,  21,  70,  23,  25,  25,  25,  25,  28,
     28,  28,  28,  71,  33,  72,  72,  72,  72,  72,  73,  72,  43,  74,  75,  76,
     77,  77,  77,  77,  77,  78,  49,  79,  79,  79,  79,  54,  54,  54,  54,  47,
     48,  48,  48,  48,  48,  48,  47,  47,  47,  47,  63,  48,  63,  21,  77,  21,
     77,  21,  77,  23,  49,  23,  49,  23,  49,  23,  49,  80,  81,  80,  50,  25,
     79,  25,  79,  25,  79,  25,  79,  25,  79,  27,  53,  27,  53,  27,  53,  27,
     53,  28,  47,  28,  47,  28,  54,  28,  54,  28,  54,  28,  54,  28,  54,  29,
     29,  55,  30,  56,  56,  82,  50,  82,  50,  83,  84,  82,  50,  82,  85,  33,
     47,  33,  47,  33,  47,  47,  29,  55,  72,  48,  72,  48,  72,  48,  25,  78,
     37,  58,  37,  58,  37,  58,  86,  59,  86,  59,  86,  59,  86,  59,  39,  60,
     39,  87,  39,  47,  47,  47,  47,  47,  47,  41,  61,  43,  63,  43,  44,  64,
     44,  64,  44,  64,  88,  89,  90,  91,  47,  29,  55,  29,  55,  21,  47,  28,
     54,  72,  48,  47,  47,  47,  47,  47,  27,  53,  72,  48,  21,  47,  92,  48,
     72,  48,  21,  47,  21,  47,  25,  48,  25,  48,  28,  54,  28,  54,  72,  48,
     72,  48,  37,  58,  37,  58,  47,  47,  86,  59,  39,  60,  93,  94,  95,  96,
     96,  97,  98,  98,  99, 100,  96, 101,  96, 102, 103, 104,  94, 105, 106, 107,
     96,  96, 100,  96, 108,  96, 109,  96, 110, 111, 101, 112, 113,  96,  96, 114,
     96,  98, 115, 115,  96, 116, 117, 118, 119, 120, 121, 122, 123, 124, 125, 126,
    127, 128, 125, 129, 125, 130,  78, 131, 132, 129, 133, 134, 125, 135, 125, 136,
    129, 129, 137, 138, 139, 119,  78, 140, 125, 125, 141, 136, 136, 142, 126, 125,
    132, 125,  98, 136, 143, 144, 145, 146,  94, 147, 100, 126, 100, 126, 148, 149,
    150, 142, 115, 129, 115, 129,  21,  47,  21,  47,  21,  47,  21,  47,  21,  47,
     21,  47,  21,  47,  21,  47,  21,  47,  21,  47,  21,  47,  21,  47,  25,  48,
     25,  48,  25,  48,  25,  48,  25,  48,  25,  48,  25,  48,  25,  48,  28,  54,
     28,  54,  72,  48,  72,  48,  72,  48,  72,  48,  72,  48,  72,  48,  72,  48,
     88,  48,  88,  48,  88,  48,  88,  48,  88,  48,  47,  47,  90,  91,  90,  91,
     90,  91,  90,  91,  90,  91,  43,  63,  43,  63,  43,  63,  43,  63,   6,   6,
      6,   6,   6, 151, 152, 153, 151, 152, 153,   5,  66,  68, 154, 155,  54,  50,
};

static const uint16_t literatamono_14_bolditalicKernRightCodepoints[] = {
    0x0020, 0x0021, 0x0022, 0x0025, 0x0026, 0x0027, 0x0029, 0x002A, 0x002B, 0x002C, 0x002D, 0x002E,
    0x002F, 0x0030, 0x0031, 0x0032, 0x0033, 0x0034, 0x0035, 0x0036, 0x0037, 0x0038, 0x0039, 0x003A,
    0x003B, 0x003D, 0x003F, 0x0040, 0x0041, 0x0043, 0x0047, 0x0048, 0x0049, 0x004A, 0x004D, 0x004E,
    0x004F, 0x0050, 0x0051, 0x0053, 0x0054, 0x0055, 0x0056, 0x0057, 0x0058, 0x0059, 0x005A, 0x005C,
    0x005D, 0x0061, 0x0062, 0x0063, 0x0064, 0x0065, 0x0066, 0x0067, 0x0068, 0x0069, 0x006A, 0x006B,
    0x006C, 0x006D, 0x006E, 0x006F, 0x0070, 0x0071, 0x0072, 0x0073, 0x0074, 0x0075, 0x0076, 0x0077,
    0x0078, 0x0079, 0x007A, 0x00AB, 0x00AD, 0x00B0, 0x00B2, 0x00B3, 0x00B7, 0x00B9, 0x00BB, 0x00BF,
    0x00C0, 0x00C1, 0x00C2, 0x00C3, 0x00C4, 0x00C5, 0x00C6, 0x00C7, 0x00CC, 0x00CD, 0x00CE, 0x00CF,
    0x00D1, 0x00D2, 0x00D3, 0x00D4, 0x00D5, 0x00D6, 0x00D7, 0x00D8, 0x00D9, 0x00DA, 0x00DB, 0x00DC,
    0x00DD, 0x00DE, 0x00DF, 0x00E0, 0x00E1, 0x00E2, 0x00E3, 0x00E4, 0x00E5, 0x00E6, 0x00E7, 0x00E8,
    0x00E9, 0x00EA, 0x00EB, 0x00EC, 0x00ED, 0x00EE, 0x00EF, 0x00F0, 0x00F1, 0x00F2, 0x00F3, 0x00F4,
    0x00F5, 0x00F6, 0x00F8, 0x00F9, 0x00FA, 0x00FB, 0x00FC, 0x00FD, 0x00FE, 0x00FF, 0x0100, 0x0101,
    0x0102, 0x0103, 0x0104, 0x0105, 0x0106, 0x0107, 0x0108, 0x0109, 0x010A, 0x010B, 0x010C, 0x010D,
    0x010F, 0x0111, 0x0113, 0x0115, 0x0117, 0x0119, 0x011B, 0x011C, 0x011D, 0x011E, 0x011F, 0x0120,
    0x0121, 0x0122, 0x0123, 0x0124, 0x0125, 0x0126, 0x0127, 0x0128, 0x0129, 0x012A, 0x012B, 0x012C,
    0x012D, 0x012E, 0x012F, 0x0130, 0x0131, 0x0132, 0x0134, 0x0135, 0x0137, 0x0138, 0x013A, 0x013C,
    0x013E, 0x0140, 0x0142, 0x0143, 0x0144, 0x0145, 0x0146, 0x0147, 0x0148, 0x0149, 0x014A, 0x014B,
    0x014C, 0x014D, 0x014E, 0x014F, 0x0150, 0x0151, 0x0152, 0x0153, 0x0155, 0x0157, 0x0159, 0x015A,
    0x015B, 0x015C, 0x015D, 0x015E, 0x015F, 0x0160, 0x0161, 0x0162, 0x0163, 0x0164, 0x0165, 0x0166,
    0x0168, 0x0169, 0x016A, 0x016B, 0x016C, 0x016D, 0x016E, 0x016F, 0x0170, 0x0171, 0x0172, 0x0173,
    0x0174, 0x0175, 0x0176, 0x0177, 0x0178, 0x0179, 0x017A, 0x017B, 0x017C, 0x017D, 0x017E, 0x01A0,
    0x01A1, 0x01AF, 0x01B0, 0x01C6, 0x01C9, 0x01CA, 0x01CC, 0x01CD, 0x01CE, 0x01CF, 0x01D0, 0x01D1,
    0x01D2, 0x01D3, 0x01D4, 0x01D5, 0x01D6, 0x01D7, 0x01D8, 0x01D9, 0x01DA, 0x01DB, 0x01DC, 0x01E6,
    0x01E7, 0x01EA, 0x01EB, 0x01FA, 0x01FB, 0x01FC, 0x01FD, 0x01FE, 0x01FF, 0x0200, 0x0201, 0x0202,
    0x0203, 0x0205, 0x0207, 0x0208, 0x0209, 0x020A, 0x020B, 0x020C, 0x020D, 0x020E, 0x020F, 0x0211,
    0x0213, 0x0214, 0x0215, 0x0216, 0x0217, 0x0218, 0x0219, 0x021A, 0x021B, 0x0402, 0x0404, 0x0408,
    0x0409, 0x040B, 0x040E, 0x0410, 0x0414, 0x0416, 0x0417, 0x041B, 0x041C, 0x041E, 0x0421, 0x0422,
    0x0423, 0x0424, 0x0425, 0x0427, 0x042A, 0x042D, 0x042F, 0x0430, 0x0431, 0x0432, 0x0433, 0x0434,
    0x0435, 0x0436, 0x0437, 0x0438, 0x0439, 0x043A, 0x043B, 0x043C, 0x043D, 0x043E, 0x043F, 0x0440,
    0x0441, 0x0442, 0x0443, 0x0444, 0x0445, 0x0446, 0x0447, 0x0448, 0x0449, 0x044A, 0x044B, 0x044C,
    0x044D, 0x044E, 0x044F, 0x0451, 0x0452, 0x0453, 0x0454, 0x0455, 0x0456, 0x0457, 0x0458, 0x0459,
    0x045A, 0x045B, 0x045C, 0x045D, 0x045E, 0x045F, 0x0462, 0x046A, 0x046B, 0x0491, 0x0493, 0x0496,
    0x0497, 0x049B, 0x04A3, 0x04AE, 0x04AF, 0x04B0, 0x04B1, 0x04BB, 0x04D8, 0x04D9, 0x04E8, 0x04E9,
    0x1EA0, 0x1EA1, 0x1EA2, 0x1EA3, 0x1EA4, 0x1EA5, 0x1EA6, 0x1EA7, 0x1EA8, 0x1EA9, 0x1EAA, 0x1EAB,
    0x1EAC, 0x1EAD, 0x1EAE, 0x1EAF, 0x1EB0, 0x1EB1, 0x1EB2, 0x1EB3, 0x1EB4, 0x1EB5, 0x1EB6, 0x1EB7,
    0x1EB9, 0x1EBB, 0x1EBD, 0x1EBF, 0x1EC1, 0x1EC3, 0x1EC5, 0x1EC7, 0x1EC8, 0x1EC9, 0x1ECA, 0x1ECB,
    0x1ECC, 0x1ECD, 0x1ECE, 0x1ECF, 0x1ED0, 0x1ED1, 0x1ED2, 0x1ED3, 0x1ED4, 0x1ED5, 0x1ED6, 0x1ED7,
    0x1ED8, 0x1ED9, 0x1EDA, 0x1EDB, 0x1EDC, 0x1EDD, 0x1EDE, 0x1EDF, 0x1EE0, 0x1EE1, 0x1EE2, 0x1EE3,
    0x1EE4, 0x1EE5, 0x1EE6, 0x1EE7, 0x1EE8, 0x1EE9, 0x1EEA, 0x1EEB, 0x1EEC, 0x1EED, 0x1EEE, 0x1EEF,
    0x1EF0, 0x1EF1, 0x1EF2, 0x1EF3, 0x1EF4, 0x1EF5, 0x1EF6, 0x1EF7, 0x1EF8, 0x1EF9, 0x2010, 0x2012,
    0x2013, 0x2014, 0x2015, 0x2018, 0x2019, 0x201A, 0x201C, 0x201D, 0x201E, 0x2022, 0x2026, 0x2039,
    0x203A, 0x2070, 0x2074, 0x2075, 0x2076, 0x2077, 0x2078, 0x2079, 0x2206, 0x2212, 0xFB01, 0xFB02,
};

static const uint8_t literatamono_14_bolditalicKernRightClassIds[] = {
      1,   2,   3,   4,   5,   3,   6,   7,   8,   9,  10,  11,  12,  13,  14,  15,
     16,  17,  18,  19,  20,  21,  22,  23,  23,  24,  25,  26,  27,  28,  28,  29,
     29,  30,  31,  32,  28,  29,  28,  33,  34,  35,  36,  37,  38,  39,  40,  41,
     42,  43,  44,  45,  46,  46,  47,  48,  49,  50,  51,  49,  49,  52,  52,  53,
     54,  55,  56,  57,  58,  59,  60,  61,  62,  63,  64,  65,  10,  66,  67,  67,
     68,  67,  69,  70,  27,  71,  27,  27,  27,  27,  27,  28,  29,  29,  29,  29,
     32,  28,  28,  28,  28,  28,  72,  28,  35,  35,  35,  35,  39,  29,  73,  74,
     75,  76,  77,  78,  75,  53,  53,  79,  53,  80,  81,  82,  50,  83,  84,  85,
     52,  86,  53,  87,  88,  89,  53,  59,  59,  59,  59,  63,  90,  63,  27,  91,
     27,  92,  27,  93,  28,  53,  28,  53,  28,  53,  28,  94,  53,  53,  95,  96,
     53,  53,  97,  28,  98,  28,  98,  28,  98,  28,  98,  29,  49,  29,  49,  29,
     99,  29, 100,  29, 101,  29,  50,  29,  52,  29, 102, 103,  49,  52,  49,  49,
     49,  49, 104,  32,  52,  32,  52,  32,  52,  52,  32,  52,  28, 105,  28,  53,
     28,  53,  28,  53,  52,  52,  52,  33,  57,  33, 106,  33,  57,  33, 107, 108,
     58, 108,  58, 108,  35,  59,  35,  59,  35,  59,  35,  59,  35,  59,  35,  59,
     37,  60,  39,  63,  39,  40,  64,  40,  64,  40, 109,  28,  53,  35,  59,  53,
     49,  32,  52,  27,  53,  29, 110,  28,  53,  35,  59,  35,  59,  35,  59,  35,
     59,  35,  59,  28,  98,  28,  53,  27,  53,  27,  53,  28,  53,  27,  53,  27,
     53, 111,  53,  29, 112,  29, 113,  28, 114,  28, 115, 116,  52,  35,  59,  35,
     59,  33,  57, 108,  58, 117, 118, 119, 120, 117, 121, 122, 123, 124, 125, 120,
    126, 127, 127, 128, 121, 129, 130, 131, 132, 133, 134, 135, 136, 137, 138, 139,
    140, 141, 142, 138, 138, 143, 144, 145, 138, 146, 147, 148, 146, 149, 150, 151,
    152, 138, 153, 154, 138, 155, 138, 138, 156, 138, 157, 158, 159, 138, 160, 161,
    162, 163, 164, 165, 138, 166, 138, 138, 150, 138, 167, 168, 169, 170, 171, 124,
    172, 138, 138, 173, 174, 175, 176, 177, 127, 178, 127, 146,  27,  53,  27,  53,
     27,  79,  27,  79,  27,  79,  27,  79,  27,  79,  27,  53,  27,  53,  27,  53,
     27,  53,  27,  53,  53,  53,  53, 179, 179, 179, 179, 179,  29, 180,  29,  50,
     28,  53,  28,  53,  28, 181,  28,  85,  28, 181,  28, 182,  28, 181,  28,  53,
     28,  53,  28,  79,  28, 181,  28,  53,  35,  59,  35,  59,  35,  59,  35,  59,
     35,  59,  35,  59,  35,  59,  39,  63,  39,  63,  39,  63,  39,  63,  10,  10,
    183, 183,  10, 184, 185, 186, 187, 188, 186,   8, 189,  65,  69, 190,  67,  67,
     67,  67, 190,  67, 191, 192,  47,  47,
};

static const uint16_t literatamono_14_bolditalicKernRowOffsets[] = {
        0,    53,   105,   141,   187,   241,   266,   348,   354,   364,   370,   383,   390,   405,   411,   431,
      435,   441,   445,   449,   490,   571,   602,   664,   740,   800,   875,   900,   955,  1039,  1107,  1193,
     1261,  1340,  1417,  1502,  1579,  1671,  1726,  1811,  1895,  1978,  2045,  2129,  2199,  2206,  2262,  2322,
     2407,  2469,  2532,  2594,  2656,  2711,  2770,  2845,  2920,  2974,  3041,  3095,  3150,  3220,  3277,  3345,
     3399,  3441,  3454,  3479,  3501,  3562,  3572,  3648,  3724,  3733,  3794,  3808,  3868,  3928,  3990,  4075,
     4151,  4238,  4324,  4410,  4497,  4564,  4619,  4688,  4758,  4833,  4902,  4960,  4970,  4974,  5027,  5029,
     5030,  5033,  5043,  5048,  5063,  5108,  5146,  5161,  5178,  5214,  5231,  5247,  5256,  5282,  5316,  5362,
     5380,  5412,  5423,  5447,  5454,  5471,  5474,  5495,  5519,  5545,  5547,  5555,  5581,  5607,  5609,  5635,
     5661,  5695,  5729,  5730,  5758,  5775,  5801,  5809,  5817,  5843,  5869,  5884,  5897,  5917,  5932,  5947,
     5949,  6001,  6029,  6051,  6096,  6141,  6152,  6223,  6299,  6364,  6374,  6380,
};

static const uint8_t literatamono_14_bolditalicKernSparseCols[] = {
      8,  10,  26,  27,  30,  32,  42,  43,  44,  45,  46,  47,  48,  52,  54,  56,
     63,  70,  73,  74,  75,  76,  77,  78,  79,  80,  84,  85,  86,  87,  88,  89,
     90,  91,  92,  93,  94,  95,  96,  97, 103, 104, 105, 106, 108, 110, 113, 114,
    178, 180, 181, 188, 190,  26,  28,  29,  30,  31,  32,  33,  34,  35,  36,  37,
     38,  39,  42,  44,  45,  52,  54,  61,  63,  70,  73,  74,  75,  76,  77,  78,
     79,  80,  84,  85,  86,  87,  88,  90,  91,  92,  93,  94,  95,  96, 101, 104,
    107, 108, 110, 113, 114, 178, 180, 181, 190,  16,  42,  44,  45,  46,  50,  52,
     54,  73,  74,  75,  76,  77,  78,  79,  80,  84,  85,  86,  87,  88,  90,  91,
     92,  93,  94,  95,  96, 102, 104, 110, 113, 114, 178, 180, 181,  16,  18,  26,
     27,  29,  32,  42,  44,  45,  47,  52,  54,  56,  70,  73,  74,  75,  76,  77,
     78,  79,  80,  84,  85,  86,  87,  88,  90,  91,  92,  93,  94,  95,  96,  97,
    101, 104, 105, 106, 110, 113, 114, 178, 180, 181, 190,   2,  16,  19,  24,  27,
     33,  34,  35,  36,  38,  42,  44,  45,  52,  54,  57,  58,  59,  60,  62,  66,
     73,  74,  75,  76,  77,  78,  79,  80,  84,  85,  86,  87,  88,  90,  91,  92,
     93,  94,  95,  96, 104, 107, 110, 113, 114, 178, 180, 181, 183, 184, 186, 187,
    189,  14,  15,  16,  19,  26,  30,  32,  33,  35,  36,  37,  38,  39,  59,  60,
     61,  70, 107, 120, 127, 129, 154, 172, 174, 190,   8,  10,  11,  15,  16,  17,
     18,  21,  25,  26,  27,  29,  32,  42,  43,  44,  45,  47,  48,  49,  51,  52,
     53,  54,  55,  56,  57,  58,  59,  60,  61,  62,  63,  70,  73,  74,  75,  76,
     77,  78,  79,  80,  81,  82,  83,  84,  85,  86,  87,  88,  89,  90,  91,  92,
     93,  94,  95,  96,  97,  98,  99, 100, 101, 103, 104, 105, 106, 108, 109, 110,
    111, 112, 113, 114, 115, 178, 179, 180, 181, 185, 188, 190,  13,  14,  17,  19,
     20,  40,   2,   3,   6,  12,  15,  16,  18,  19,  40,  65,  16,  17,  18,  19,
     22,  40,   2,   9,  11,  13,  17,  18,  19,  21,  22,  40,  41,  65, 182,   2,
      3,   6,  19,  21,  40,  65,   2,   3,   8,  10,  11,  13,  14,  16,  17,  19,
     21,  22,  40,  71, 188,   6,  13,  16,  17,  19,  40,   3,   8,   9,  10,  11,
     12,  14,  15,  16,  17,  18,  20,  22,  23,  65,  67,  71, 182, 188, 191,   3,
     13,  19,  40,  13,  14,  15,  17,  19,  22,  13,  14,  16,  19,  14,  15,  17,
     19,  11,  26,  27,  29,  33,  34,  35,  36,  37,  38,  39,  40,  43,  46,  48,
     49,  50,  57,  58,  59,  60,  61,  62,  63,  70,  81,  82,  83,  89,  98,  99,
    100, 101, 102, 103, 107, 108, 109, 111, 112, 179,   2,   4,   6,   9,  24,  27,
     29,  33,  34,  35,  36,  38,  40,  42,  43,  44,  45,  46,  48,  49,  50,  51,
     52,  53,  54,  55,  57,  58,  59,  60,  62,  64,  67,  73,  74,  75,  76,  77,
     78,  79,  80,  81,  82,  83,  84,  85,  86,  87,  88,  89,  90,  91,  92,  93,
     94,  95,  96,  98,  99, 100, 101, 102, 103, 104, 107, 109, 110, 111, 112, 113,
    114, 115, 178, 179, 180, 181, 182, 183, 184, 186, 187,  26,  29,  33,  34,  35,
     36,  37,  38,  39,  40,  43,  46,  48,  50,  51,  53,  55,  57,  58,  59,  60,
     61,  63,  70,  89, 101, 102, 103, 107, 108, 115,  25,  26,  27,  29,  30,  32,
     33,  34,  35,  36,  38,  39,  42,  43,  44,  45,  46,  48,  50,  52,  54,  56,
     57,  58,  61,  63,  70,  73,  74,  75,  76,  77,  78,  79,  80,  84,  85,  86,
     87,  88,  89,  90,  91,  92,  93,  94,  95,  96, 101, 102, 103, 104, 105, 106,
    107, 108, 110, 113, 114, 178, 180, 181,   2,   4,   5,   6,   8,  10,  11,  24,
     25,  26,  29,  30,  31,  32,  33,  34,  35,  36,  37,  38,  39,  40,  42,  43,
     44,  45,  46,  47,  48,  50,  52,  54,  56,  61,  63,  70,  73,  74,  75,  76,
     77,  78,  79,  80,  84,  85,  86,  87,  88,  90,  91,  92,  93,  94,  95,  96,
     97, 101, 102, 103, 104, 105, 106, 107, 108, 110, 113, 114, 178, 180, 181, 183,
    184, 186, 187, 188,  27,  29,  33,  34,  35,  36,  38,  39,  42,  44,  45,  46,
     50,  52,  54,  56,  57,  58,  59,  60,  61,  63,  73,  74,  75,  76,  77,  78,
     79,  80,  83,  84,  85,  86,  87,  88,  90,  91,  92,  93,  94,  95,  96, 101,
    102, 104, 105, 106, 107, 108, 110, 113, 114, 178, 180, 181, 183, 184, 186, 187,
      4,   8,   9,  10,  11,  22,  25,  26,  27,  30,  32,  39,  42,  44,  45,  47,
     49,  51,  52,  53,  54,  55,  56,  57,  58,  63,  64,  67,  68,  70,  73,  74,
     75,  76,  77,  78,  79,  80,  81,  82,  83,  84,  85,  86,  87,  88,  90,  91,
     92,  93,  94,  95,  96,  97,  98,  99, 100, 102, 104, 105, 106, 108, 109, 110,
    111, 112, 113, 114, 115, 178, 179, 180, 181, 182, 188,   2,   4,   6,  29,  32,
     33,  34,  35,  36,  37,  38,  39,  40,  46,  56,  61,  62,  63, 101, 105, 106,
    107, 108, 184, 187,  42,  43,  44,  45,  46,  47,  48,  50,  52,  54,  56,  57,
     58,  59,  60,  62,  63,  73,  74,  75,  76,  77,  78,  79,  80,  82,  83,  84,
     85,  86,  87,  88,  89,  90,  91,  92,  93,  94,  95,  96,  97,  98, 100, 102,
    103, 104, 105, 106, 108, 110, 113, 114, 178, 180, 181,   4,   8,   9,  10,  11,
     25,  26,  27,  30,  32,  39,  42,  43,  44,  45,  46,  47,  48,  49,  50,  51,
     52,  53,  54,  55,  56,  57,  58,  59,  60,  61,  62,  63,  64,  67,  68,  70,
     73,  74,  75,  76,  77,  78,  79,  80,  81,  82,  83,  84,  85,  86,  87,  88,
     89,  90,  91,  92,  93,  94,  95,  96,  97,  98,  99, 100, 102, 103, 104, 105,
    106, 108, 109, 110, 111, 112, 113, 114, 115, 178, 179, 180, 181, 182, 188,   4,
      6,   9,  24,  27,  33,  34,  42,  44,  45,  46,  49,  50,  51,  52,  53,  54,
     55,  57,  58,  59,  60,  62,  64,  67,  73,  74,  75,  76,  77,  78,  79,  80,
     81,  82,  83,  84,  85,  86,  87,  88,  90,  91,  92,  93,  94,  95,  96,  98,
     99, 102, 104, 107, 109, 110, 111, 112, 113, 114, 115, 178, 180, 181, 182, 183,
    184, 186, 187,   2,   6,  24,  27,  29,  30,  32,  33,  34,  35,  36,  38,  39,
     40,  42,  43,  44,  45,  46,  48,  49,  50,  51,  52,  53,  54,  55,  56,  57,
     58,  59,  60,  61,  62,  63,  67,  73,  74,  75,  76,  77,  78,  79,  80,  81,
     82,  83,  84,  85,  86,  87,  88,  89,  90,  91,  92,  93,  94,  95,  96,  98,
     99, 100, 101, 102, 103, 104, 105, 106, 107, 108, 109, 110, 111, 112, 113, 114,
    115, 178, 179, 180, 181, 183, 184, 186, 187,   2,   4,   6,  24,  27,  29,  33,
     34,  35,  36,  38,  42,  44,  45,  46,  49,  50,  52,  54,  57,  58,  59,  60,
     62,  67,  73,  74,  75,  76,  77,  78,  79,  80,  81,  82,  83,  84,  85,  86,
     87,  88,  89,  90,  91,  92,  93,  94,  95,  96,  98,  99, 100, 101, 102, 104,
    107, 109, 110, 111, 112, 113, 114, 178, 179, 180, 181, 183, 186,   4,   8,  10,
     11,  25,  26,  27,  32,  39,  42,  43,  44,  45,  46,  47,  48,  49,  50,  51,
     52,  53,  54,  55,  56,  57,  58,  59,  60,  61,  62,  63,  68,  70,  73,  74,
     75,  76,  77,  78,  79,  80,  81,  82,  83,  84,  85,  86,  87,  88,  89,  90,
     91,  92,  93,  94,  95,  96,  97,  98,  99, 100, 102, 103, 104, 105, 106, 108,
    109, 110, 111, 112, 113, 114, 115, 178, 179, 180, 181, 188,   2,   4,   5,   6,
      8,  10,  11,  24,  25,  26,  29,  30,  31,  32,  33,  34,  35,  36,  37,  38,
     39,  40,  42,  43,  44,  45,  46,  47,  48,  50,  52,  54,  56,  61,  63,  70,
     73,  74,  75,  76,  77,  78,  79,  80,  84,  85,  86,  87,  88,  89,  90,  91,
     92,  93,  94,  95,  96,  97, 101, 102, 103, 104, 105, 106, 107, 108, 110, 113,
    114, 178, 180, 181, 183, 184, 186, 187, 188,   4,   8,   9,  10,  11,  25,  26,
     27,  28,  29,  30,  32,  35,  37,  38,  39,  42,  43,  44,  45,  47,  48,  49,
     51,  52,  53,  54,  55,  56,  57,  58,  59,  60,  61,  62,  63,  64,  70,  73,
     74,  75,  76,  77,  78,  79,  80,  81,  82,  83,  84,  85,  86,  87,  88,  89,
     90,  91,  92,  93,  94,  95,  96,  97,  98,  99, 100, 101, 103, 104, 105, 106,
    108, 109, 110, 111, 112, 113, 114, 115, 178, 179, 180, 181, 182, 188,   2,   4,
      5,   6,   8,  10,  11,  24,  25,  26,  29,  30,  31,  32,  33,  34,  35,  36,
     37,  38,  39,  40,  41,  42,  43,  44,  45,  46,  47,  48,  50,  52,  54,  56,
     61,  63,  70,  73,  74,  75,  76,  77,  78,  79,  80,  84,  85,  86,  87,  88,
     90,  91,  92,  93,  94,  95,  96,  97, 101, 102, 103, 104, 105, 106, 107, 108,
    110, 113, 114, 178, 180, 181, 183, 184, 186, 187, 188,   2,   4,   6,   9,  24,
     25,  27,  29,  32,  33,  34,  35,  36,  38,  39,  40,  41,  42,  43,  44,  45,
     46,  47,  48,  49,  50,  51,  52,  53,  54,  55,  56,  57,  58,  59,  60,  62,
     63,  64,  67,  73,  74,  75,  76,  77,  78,  79,  80,  81,  82,  83,  84,  85,
     86,  87,  88,  89,  90,  91,  92,  93,  94,  95,  96,  97,  98,  99, 100, 101,
    102, 103, 104, 105, 106, 107, 108, 109, 110, 111, 112, 113, 114, 115, 178, 179,
    180, 181, 182, 183, 184, 186, 187,   2,   4,   6,   8,  10,  11,  26,  28,  29,
     30,  32,  33,  34,  35,  36,  37,  38,  39,  43,  46,  48,  49,  50,  51,  53,
     55,  56,  57,  58,  59,  60,  61,  62,  63,  70,  81,  82,  83,  89,  98,  99,
    100, 101, 102, 103, 105, 106, 107, 108, 109, 111, 112, 115, 179, 188,   4,   8,
      9,  10,  11,  22,  25,  26,  27,  30,  32,  39,  42,  43,  44,  45,  46,  47,
     48,  49,  50,  51,  52,  53,  54,  55,  56,  57,  58,  59,  60,  61,  62,  63,
     64,  67,  68,  70,  73,  74,  75,  76,  77,  78,  79,  80,  81,  82,  83,  84,
     85,  86,  87,  88,  89,  90,  91,  92,  93,  94,  95,  96,  97,  98,  99, 100,
    102, 103, 104, 105, 106, 108, 109, 110, 111, 112, 113, 114, 115, 178, 179, 180,
    181, 182, 188,   4,   8,   9,  10,  11,  22,  25,  26,  27,  30,  32,  39,  42,
     43,  44,  45,  46,  47,  48,  49,  51,  52,  53,  54,  55,  56,  57,  58,  59,
     60,  61,  62,  63,  64,  67,  68,  70,  73,  74,  75,  76,  77,  78,  79,  80,
     81,  82,  83,  84,  85,  86,  87,  88,  89,  90,  91,  92,  93,  94,  95,  96,
     97,  98,  99, 100, 102, 103, 104, 105, 106, 108, 109, 110, 111, 112, 113, 114,
    115, 178, 179, 180, 181, 182, 188,   4,   8,   9,  10,  11,  22,  25,  26,  27,
     32,  42,  43,  44,  45,  46,  47,  48,  49,  50,  51,  52,  53,  54,  55,  56,
     57,  58,  59,  60,  61,  62,  63,  64,  67,  68,  70,  73,  74,  75,  76,  77,
     78,  79,  80,  81,  82,  83,  84,  85,  86,  87,  88,  89,  90,  91,  92,  93,
     94,  95,  96,  97,  98,  99, 100, 102, 103, 104, 105, 106, 108, 109, 110, 111,
    112, 113, 114, 115, 178, 179, 180, 181, 182, 188,   4,   6,   9,  25,  27,  33,
     34,  42,  44,  45,  47,  49,  50,  51,  52,  53,  54,  55,  57,  58,  59,  60,
     62,  64,  67,  73,  74,  75,  76,  77,  78,  79,  80,  81,  82,  83,  84,  85,
     86,  87,  88,  90,  91,  92,  93,  94,  95,  96,  97,  98,  99, 100, 102, 104,
    107, 109, 110, 111, 112, 113, 114, 115, 178, 179, 180, 181, 182,   4,   8,   9,
     10,  11,  22,  25,  26,  27,  30,  32,  42,  43,  44,  45,  46,  47,  48,  49,
     50,  51,  52,  53,  54,  55,  56,  57,  58,  59,  60,  61,  62,  63,  64,  67,
     68,  70,  73,  74,  75,  76,  77,  78,  79,  80,  81,  82,  83,  84,  85,  86,
     87,  88,  89,  90,  91,  92,  93,  94,  95,  96,  97,  98,  99, 100, 102, 103,
    104, 105, 106, 108, 109, 110, 111, 112, 113, 114, 115, 178, 179, 180, 181, 182,
    188,   4,   6,  27,  29,  32,  33,  34,  35,  36,  38,  39,  42,  44,  45,  46,
     49,  50,  51,  52,  53,  54,  55,  57,  58,  59,  60,  61,  62,  64,  73,  74,
     75,  76,  77,  78,  79,  80,  81,  82,  83,  84,  85,  86,  87,  88,  90,  91,
     92,  93,  94,  95,  96,  98,  99, 100, 101, 102, 104, 107, 109, 110, 111, 112,
    113, 114, 115, 178, 179, 180, 181,  43,  46,  48,  50,  89, 102, 103,  12,  16,
     18,  19,  21,  27,  32,  33,  34,  35,  36,  38,  40,  42,  43,  44,  45,  46,
     48,  50,  52,  54,  58,  59,  60,  73,  74,  75,  76,  77,  78,  79,  80,  84,
     85,  86,  87,  88,  89,  90,  91,  92,  93,  94,  95,  96, 102, 103, 104, 107,
    110, 113, 114, 178, 180, 181,   0,   2,   4,   6,  24,  33,  40,  42,  43,  44,
     45,  46,  48,  50,  52,  53,  54,  57,  58,  59,  60,  62,  63,  64,  73,  74,
     75,  76,  77,  78,  79,  80,  84,  85,  86,  87,  88,  89,  90,  91,  92,  93,
     94,  95,  96, 102, 103, 104, 107, 108, 110, 113, 114, 178, 180, 181, 183, 184,
    186, 187,   2,   4,   5,   6,   8,  10,  11,  24,  25,  33,  40,  42,  43,  44,
     45,  46,  47,  48,  49,  50,  51,  52,  53,  54,  55,  56,  57,  58,  59,  60,
     61,  62,  63,  72,  73,  74,  75,  76,  77,  78,  79,  80,  81,  82,  83,  84,
     85,  86,  87,  88,  89,  90,  91,  92,  93,  94,  95,  96,  97,  98,  99, 100,
    102, 103, 104, 105, 106, 107, 108, 109, 110, 111, 112, 113, 114, 115, 178, 179,
    180, 181, 183, 184, 186, 187, 188,   2,   4,   6,   8,  10,  11,  24,  25,  40,
     42,  43,  44,  45,  46,  47,  48,  52,  54,  56,  57,  59,  60,  61,  63,  73,
     74,  75,  76,  77,  78,  79,  80,  84,  85,  86,  87,  88,  89,  90,  91,  92,
     93,  94,  95,  96,  97, 103, 104, 105, 106, 108, 110, 113, 114, 178, 180, 181,
    183, 184, 186, 187, 188,   2,   4,   6,   7,   8,   9,  10,  22,  23,  24,  42,
     43,  44,  45,  46,  48,  50,  52,  54,  57,  58,  59,  60,  62,  64,  67,  68,
     73,  74,  75,  76,  77,  78,  79,  80,  84,  85,  86,  87,  88,  89,  90,  91,
     92,  93,  94,  95,  96, 102, 103, 104, 110, 113, 114, 178, 180, 181, 182, 183,
    184, 186, 187, 188,   2,   4,   6,   8,  10,  11,  24,  25,  33,  40,  42,  43,
     44,  45,  46,  47,  48,  52,  54,  56,  57,  61,  63,  73,  74,  75,  76,  77,
     78,  79,  80,  84,  85,  86,  87,  88,  89,  90,  91,  92,  93,  94,  95,  96,
     97, 103, 104, 105, 106, 107, 108, 110, 113, 114, 178, 180, 181, 183, 184, 186,
    187, 188,   1,   2,   4,   5,   6,   8,   9,  10,  11,  24,  25,  40,  41,  42,
     44,  45,  47,  52,  54,  56,  61,  63,  64,  67,  68,  73,  74,  75,  76,  77,
     78,  79,  80,  84,  85,  86,  87,  88,  90,  91,  92,  93,  94,  95,  96,  97,
    104, 105, 106, 108, 110, 113, 114, 178, 180, 181, 182, 183, 184, 186, 187, 188,
      2,   4,   6,  24,  25,  40,  42,  43,  44,  45,  46,  48,  52,  54,  56,  57,
     58,  61,  63,  73,  74,  75,  76,  77,  78,  79,  80,  84,  85,  86,  87,  88,
     89,  90,  91,  92,  93,  94,  95,  96, 103, 104, 105, 106, 108, 110, 113, 114,
    178, 180, 181, 183, 184, 186, 187,   2,   6,  24,  27,  29,  33,  34,  35,  36,
     38,  40,  42,  43,  44,  45,  46,  48,  52,  54,  57,  58,  59,  60,  62,  73,
     74,  75,  76,  77,  78,  79,  80,  84,  85,  86,  87,  88,  89,  90,  91,  92,
     93,  94,  95,  96, 101, 103, 104, 107, 110, 113, 114, 178, 180, 181, 183, 184,
    186, 187,   4,   6,  24,  25,  40,  42,  43,  44,  45,  46,  47,  48,  49,  51,
     52,  53,  54,  55,  56,  57,  58,  59,  60,  61,  62,  63,  72,  73,  74,  75,
     76,  77,  78,  79,  80,  81,  82,  83,  84,  85,  86,  87,  88,  89,  90,  91,
     92,  93,  94,  95,  96,  97,  98,  99, 100, 103, 104, 105, 106, 108, 109, 110,
    111, 112, 113, 114, 115, 178, 179, 180, 181, 183, 184, 186, 187,   2,   4,   6,
      9,  24,  25,  40,  42,  43,  44,  45,  46,  47,  48,  49,  50,  51,  52,  53,
     54,  55,  57,  58,  59,  60,  62,  64,  67,  73,  74,  75,  76,  77,  78,  79,
     80,  81,  82,  83,  84,  85,  86,  87,  88,  89,  90,  91,  92,  93,  94,  95,
     96,  97,  98,  99, 100, 102, 103, 104, 109, 110, 111, 112, 113, 114, 115, 178,
    179, 180, 181, 182, 183, 184, 186, 187,   2,   4,   5,   6,  24,  40,  41,  42,
     43,  44,  45,  48,  52,  54,  56,  58,  59,  60,  61,  63,  73,  74,  75,  76,
     77,  78,  79,  80,  84,  85,  86,  87,  88,  89,  90,  91,  92,  93,  94,  95,
     96, 103, 104, 105, 106, 108, 110, 113, 114, 178, 180, 181, 184, 187,   2,   4,
      5,   8,   9,  10,  11,  22,  25,  40,  41,  42,  43,  44,  45,  46,  47,  48,
     52,  54,  56,  57,  61,  63,  64,  67,  68,  72,  73,  74,  75,  76,  77,  78,
     79,  80,  84,  85,  86,  87,  88,  89,  90,  91,  92,  93,  94,  95,  96,  97,
    103, 104, 105, 106, 108, 110, 113, 114, 178, 180, 181, 182, 183, 184, 186, 187,
    188,   2,   4,   6,  24,  25,  40,  42,  43,  44,  45,  46,  48,  52,  54,  56,
     57,  61,  63,  73,  74,  75,  76,  77,  78,  79,  80,  84,  85,  86,  87,  88,
     89,  90,  91,  92,  93,  94,  95,  96, 103, 104, 105, 106, 108, 110, 113, 114,
    178, 180, 181, 183, 184, 186, 187,   4,  24,  25,  42,  43,  44,  45,  46,  47,
     48,  50,  52,  54,  57,  58,  59,  60,  63,  67,  73,  74,  75,  76,  77,  78,
     79,  80,  84,  85,  86,  87,  88,  89,  90,  91,  92,  93,  94,  95,  96,  97,
    102, 103, 104, 108, 110, 113, 114, 178, 180, 181, 183, 184, 186, 187,   2,   4,
      5,   6,   8,   9,  10,  11,  22,  24,  25,  40,  41,  42,  43,  44,  45,  46,
     47,  48,  50,  52,  54,  56,  57,  59,  60,  61,  63,  64,  68,  72,  73,  74,
     75,  76,  77,  78,  79,  80,  84,  85,  86,  87,  88,  89,  90,  91,  92,  93,
     94,  95,  96,  97, 102, 103, 104, 105, 106, 108, 110, 113, 114, 178, 180, 181,
    182, 183, 186, 188,   2,   4,   6,   9,  11,  25,  40,  42,  43,  44,  45,  46,
     47,  48,  52,  54,  57,  58,  63,  64,  67,  73,  74,  75,  76,  77,  78,  79,
     80,  84,  85,  86,  87,  88,  89,  90,  91,  92,  93,  94,  95,  96,  97, 103,
    104, 108, 110, 113, 114, 178, 180, 181, 182, 183, 184, 186, 187,   2,   4,   5,
      6,   8,   9,  10,  11,  22,  25,  40,  41,  42,  43,  44,  45,  46,  47,  48,
     50,  52,  54,  56,  58,  61,  63,  64,  67,  68,  72,  73,  74,  75,  76,  77,
     78,  79,  80,  84,  85,  86,  87,  88,  89,  90,  91,  92,  93,  94,  95,  96,
     97, 102, 103, 104, 105, 106, 108, 110, 113, 114, 178, 180, 181, 182, 183, 186,
    188,   2,   4,   6,  40,  42,  43,  44,  45,  46,  47,  48,  52,  54,  56,  59,
     60,  61,  63,  72,  73,  74,  75,  76,  77,  78,  79,  80,  84,  85,  86,  87,
     88,  89,  90,  91,  92,  93,  94,  95,  96,  97, 103, 104, 105, 106, 108, 110,
    113, 114, 178, 180, 181, 183, 186,  27,  33,  35,  36,  38,  42,  43,  44,  45,
     48,  52,  54,  73,  74,  75,  76,  77,  78,  79,  80,  84,  85,  86,  87,  88,
     89,  90,  91,  92,  93,  94,  95,  96, 103, 104, 107, 110, 113, 114, 178, 180,
    181,  33,  34,  35,  36,  38,  61, 107, 120, 122, 127, 130, 172, 174,  14,  15,
     16,  17,  19,  21,  26,  30,  33,  35,  36,  37,  38,  39,  43,  46,  48,  61,
     63,  70,  72,  89, 103, 107, 108,   8,  10,  26,  29,  32,  33,  34,  35,  36,
     37,  38,  39,  57,  59,  60,  61,  62,  69,  70, 101, 107, 188,  27,  32,  33,
     34,  35,  36,  38,  42,  43,  44,  45,  48,  51,  52,  53,  54,  55,  56,  57,
     58,  59,  60,  64,  68,  73,  74,  75,  76,  77,  78,  79,  80,  84,  85,  86,
     87,  88,  89,  90,  91,  92,  93,  94,  95,  96, 103, 104, 105, 106, 107, 110,
    113, 114, 115, 178, 180, 181, 183, 184, 186, 187,   6,  27,  29,  33,  34,  35,
     36,  38, 101, 107,   2,   4,   5,   6,   8,  10,  11,  24,  25,  26,  29,  30,
     31,  32,  33,  34,  35,  36,  37,  38,  39,  40,  42,  43,  44,  45,  46,  47,
     48,  50,  52,  54,  56,  61,  63,  70,  73,  74,  75,  76,  77,  78,  79,  80,
     84,  85,  86,  87,  88,  90,  91,  92,  93,  94,  95,  96,  97, 101, 102, 103,
    104, 105, 106, 107, 108, 110, 113, 114, 178, 180, 181, 183, 184, 186, 187, 188,
      2,   4,   5,   6,   8,  10,  11,  24,  25,  26,  29,  30,  31,  32,  33,  34,
     35,  36,  37,  38,  39,  40,  42,  43,  44,  45,  46,  47,  48,  50,  52,  54,
     56,  61,  63,  70,  73,  74,  75,  76,  77,  78,  79,  80,  84,  85,  86,  87,
     88,  90,  91,  92,  93,  94,  95,  96,  97, 101, 102, 103, 104, 105, 106, 107,
    108, 110, 113, 114, 178, 180, 181, 183, 184, 186, 187, 188,  13,  14,  15,  16,
     17,  18,  19,  20,  21,   6,  11,  26,  27,  29,  33,  34,  35,  36,  37,  38,
     39,  42,  43,  44,  45,  47,  48,  52,  54,  56,  61,  63,  70,  73,  74,  75,
     76,  77,  78,  79,  80,  84,  85,  86,  87,  88,  89,  90,  91,  92,  93,  94,
     95,  96,  97, 101, 103, 104, 105, 106, 107, 108, 110, 113, 114, 178, 180, 181,
    184, 187,  46,  50,  56,  57,  58,  59,  60,  61,  62,  63, 102, 105, 106, 108,
      0,   2,   4,   6,  24,  33,  40,  42,  43,  44,  45,  46,  48,  50,  52,  53,
     54,  57,  58,  59,  60,  62,  63,  64,  73,  74,  75,  76,  77,  78,  79,  80,
     84,  85,  86,  87,  88,  89,  90,  91,  92,  93,  94,  95,  96, 102, 103, 104,
    107, 108, 110, 113, 114, 178, 180, 181, 183, 184, 186, 187,   0,   2,   4,   6,
     24,  33,  40,  42,  43,  44,  45,  46,  48,  50,  52,  53,  54,  57,  58,  59,
     60,  62,  63,  64,  73,  74,  75,  76,  77,  78,  79,  80,  84,  85,  86,  87,
     88,  89,  90,  91,  92,  93,  94,  95,  96, 102, 103, 104, 107, 108, 110, 113,
    114, 178, 180, 181, 183, 184, 186, 187,   2,   4,   6,   8,  10,  11,  24,  25,
     33,  40,  42,  43,  44,  45,  46,  47,  48,  52,  54,  56,  57,  61,  63,  73,
     74,  75,  76,  77,  78,  79,  80,  84,  85,  86,  87,  88,  89,  90,  91,  92,
     93,  94,  95,  96,  97, 103, 104, 105, 106, 107, 108, 110, 113, 114, 178, 180,
    181, 183, 184, 186, 187, 188,   2,   4,   5,   6,   8,  10,  11,  24,  25,  33,
     40,  42,  43,  44,  45,  46,  47,  48,  49,  50,  51,  52,  53,  54,  55,  56,
     57,  58,  59,  60,  61,  62,  63,  72,  73,  74,  75,  76,  77,  78,  79,  80,
     81,  82,  83,  84,  85,  86,  87,  88,  89,  90,  91,  92,  93,  94,  95,  96,
     97,  98,  99, 100, 102, 103, 104, 105, 106, 107, 108, 109, 110, 111, 112, 113,
    114, 115, 178, 179, 180, 181, 183, 184, 186, 187, 188,   2,   4,   5,   6,   8,
     10,  11,  24,  25,  26,  29,  30,  31,  32,  33,  34,  35,  36,  37,  38,  39,
     40,  42,  43,  44,  45,  46,  47,  48,  50,  52,  54,  56,  61,  63,  70,  73,
     74,  75,  76,  77,  78,  79,  80,  84,  85,  86,  87,  88,  90,  91,  92,  93,
     94,  95,  96,  97, 101, 102, 103, 104, 105, 106, 107, 108, 110, 113, 114, 178,
    180, 181, 183, 184, 186, 187, 188,   2,   4,   6,   7,   8,   9,  10,  11,  22,
     23,  24,  42,  43,  44,  45,  46,  47,  48,  49,  50,  51,  52,  53,  54,  55,
     56,  57,  58,  59,  60,  61,  62,  63,  64,  67,  68,  73,  74,  75,  76,  77,
     78,  79,  80,  81,  82,  83,  84,  85,  86,  87,  88,  89,  90,  91,  92,  93,
     94,  95,  96,  97,  98,  99, 100, 102, 103, 104, 105, 106, 108, 109, 110, 111,
    112, 113, 114, 115, 178, 179, 180, 181, 182, 183, 184, 186, 187, 188,   2,   6,
     24,  27,  29,  30,  32,  33,  34,  35,  36,  38,  39,  40,  42,  43,  44,  45,
     46,  48,  49,  50,  51,  52,  53,  54,  55,  56,  57,  58,  59,  60,  61,  62,
     63,  67,  73,  74,  75,  76,  77,  78,  79,  80,  81,  82,  83,  84,  85,  86,
     87,  88,  89,  90,  91,  92,  93,  94,  95,  96,  98,  99, 100, 101, 102, 103,
    104, 105, 106, 107, 108, 109, 110, 111, 112, 113, 114, 115, 178, 179, 180, 181,
    183, 184, 186, 187,   2,   6,  24,  27,  29,  30,  32,  33,  34,  35,  36,  38,
     39,  40,  42,  43,  44,  45,  46,  48,  49,  50,  51,  52,  53,  54,  55,  56,
     57,  58,  59,  60,  61,  62,  63,  67,  73,  74,  75,  76,  77,  78,  79,  80,
     81,  82,  83,  84,  85,  86,  87,  88,  89,  90,  91,  92,  93,  94,  95,  96,
     98,  99, 100, 101, 102, 103, 104, 105, 106, 107, 108, 109, 110, 111, 112, 113,
    114, 115, 178, 179, 180, 181, 183, 184, 186, 187,   2,   4,   6,   7,   8,   9,
     10,  11,  22,  23,  24,  42,  43,  44,  45,  46,  47,  48,  49,  50,  51,  52,
     53,  54,  55,  56,  57,  58,  59,  60,  61,  62,  63,  64,  67,  68,  73,  74,
     75,  76,  77,  78,  79,  80,  81,  82,  83,  84,  85,  86,  87,  88,  89,  90,
     91,  92,  93,  94,  95,  96,  97,  98,  99, 100, 102, 103, 104, 105, 106, 108,
    109, 110, 111, 112, 113, 114, 115, 178, 179, 180, 181, 182, 183, 184, 186, 187,
    188,   2,   4,   6,   7,   8,   9,  10,  22,  23,  24,  42,  43,  44,  45,  46,
     48,  50,  51,  52,  53,  54,  55,  57,  58,  59,  60,  62,  64,  67,  68,  73,
     74,  75,  76,  77,  78,  79,  80,  84,  85,  86,  87,  88,  89,  90,  91,  92,
     93,  94,  95,  96, 102, 103, 104, 110, 113, 114, 115, 178, 180, 181, 182, 183,
    184, 186, 187, 188,   2,   4,   6,   8,  10,  11,  26,  28,  29,  30,  32,  33,
     34,  35,  36,  37,  38,  39,  43,  46,  48,  49,  50,  51,  53,  55,  56,  57,
     58,  59,  60,  61,  62,  63,  70,  81,  82,  83,  89,  98,  99, 100, 101, 102,
    103, 105, 106, 107, 108, 109, 111, 112, 115, 179, 188,   4,   6,   8,   9,  10,
     11,  24,  25,  42,  43,  44,  45,  46,  47,  48,  51,  52,  53,  54,  55,  56,
     57,  58,  59,  60,  63,  64,  67,  68,  73,  74,  75,  76,  77,  78,  79,  80,
     84,  85,  86,  87,  88,  89,  90,  91,  92,  93,  94,  95,  96,  97, 103, 104,
    105, 106, 108, 110, 113, 114, 115, 178, 180, 181, 182, 183, 184, 186, 187, 188,
      8,   9,  10,  11,  26,  27,  30,  32,  35,  38,  39,  42,  43,  44,  45,  46,
     47,  48,  51,  52,  53,  54,  55,  56,  57,  58,  59,  60,  61,  62,  63,  64,
     68,  70,  73,  74,  75,  76,  77,  78,  79,  80,  84,  85,  86,  87,  88,  89,
     90,  91,  92,  93,  94,  95,  96,  97, 103, 104, 105, 106, 108, 110, 113, 114,
    115, 178, 180, 181, 182, 188,   8,   9,  10,  11,  22,  24,  25,  40,  42,  44,
     45,  47,  49,  51,  52,  53,  54,  55,  56,  58,  59,  60,  61,  62,  63,  64,
     68,  73,  74,  75,  76,  77,  78,  79,  80,  81,  82,  83,  84,  85,  86,  87,
     88,  90,  91,  92,  93,  94,  95,  96,  97,  98,  99, 100, 104, 105, 106, 108,
    109, 110, 111, 112, 113, 114, 115, 178, 179, 180, 181, 182, 183, 184, 186, 187,
    188,   6,   8,   9,  10,  11,  22,  24,  26,  27,  30,  32,  35,  39,  42,  44,
     45,  46,  47,  51,  52,  53,  54,  55,  56,  57,  58,  59,  60,  61,  62,  63,
     64,  65,  68,  70,  73,  74,  75,  76,  77,  78,  79,  80,  84,  85,  86,  87,
     88,  90,  91,  92,  93,  94,  95,  96,  97, 104, 105, 106, 108, 110, 113, 114,
    115, 178, 180, 181, 182, 188,   4,   8,   9,  10,  11,  22,  24,  25,  42,  44,
     45,  47,  51,  52,  53,  54,  55,  56,  58,  59,  60,  63,  64,  68,  73,  74,
     75,  76,  77,  78,  79,  80,  84,  85,  86,  87,  88,  90,  91,  92,  93,  94,
     95,  96,  97, 104, 105, 106, 108, 110, 113, 114, 115, 178, 180, 181, 182, 188,
      6,  27,  29,  33,  34,  35,  36,  38, 101, 107, 120, 130, 172, 174,   8,   9,
     10,  22,  68, 117, 119, 121, 122, 123, 124, 125, 126, 128, 130, 132, 133, 134,
    135, 136, 137, 138, 139, 141, 142, 143, 144, 145, 146, 147, 148, 149, 150, 151,
    152, 153, 154, 155, 156, 157, 159, 160, 161, 162, 164, 167, 169, 170, 173, 175,
    177, 182, 188, 121, 125, 132, 119, 121, 124,   9, 116, 120, 127, 130, 131, 166,
    172, 174, 182, 120, 128, 130, 172, 174, 117, 120, 121, 126, 127, 128, 130, 131,
    134, 135, 149, 152, 154, 172, 174,   8,  10,  22,  68, 116, 117, 119, 121, 122,
    123, 126, 127, 128, 131, 132, 133, 134, 136, 137, 138, 140, 141, 142, 143, 144,
    146, 147, 149, 151, 152, 153, 154, 155, 156, 160, 161, 162, 164, 166, 167, 168,
    169, 170, 171, 188, 116, 117, 118, 119, 120, 123, 126, 127, 128, 130, 131, 132,
    133, 134, 136, 137, 138, 141, 142, 144, 146, 149, 152, 153, 154, 155, 156, 158,
    161, 162, 165, 166, 167, 169, 170, 172, 174, 176,   8,  10, 116, 120, 121, 122,
    127, 129, 130, 131, 154, 166, 172, 174, 188,   8,  10, 120, 130, 136, 137, 142,
    144, 146, 153, 161, 162, 169, 170, 172, 174, 188,  68, 116, 117, 120, 121, 124,
    125, 126, 127, 128, 130, 131, 134, 136, 137, 138, 140, 142, 144, 146, 149, 151,
    152, 153, 154, 155, 156, 161, 162, 166, 168, 169, 170, 171, 172, 174, 116, 117,
    120, 121, 126, 127, 128, 130, 131, 134, 135, 149, 152, 154, 166, 172, 174,   8,
     10, 116, 118, 120, 121, 122, 123, 129, 130, 131, 166, 167, 172, 174, 188, 116,
    120, 127, 128, 130, 131, 166, 172, 174,   8,  10, 116, 119, 120, 121, 122, 123,
    124, 127, 129, 130, 131, 132, 133, 143, 144, 149, 152, 156, 164, 166, 167, 172,
    174, 188,   8,  10,  68, 116, 119, 120, 121, 122, 123, 127, 131, 133, 134, 136,
    137, 138, 141, 142, 143, 144, 146, 153, 155, 156, 161, 162, 164, 166, 167, 169,
    170, 172, 174, 188,   8,   9,  10,  22,  68, 117, 119, 121, 122, 123, 125, 126,
    133, 134, 135, 136, 137, 138, 139, 140, 141, 142, 143, 144, 145, 146, 150, 151,
    153, 154, 155, 156, 157, 159, 160, 161, 162, 164, 167, 168, 169, 170, 171, 177,
    182, 188, 116, 117, 119, 120, 121, 122, 123, 124, 126, 129, 131, 133, 143, 164,
    166, 167, 172, 174,   9, 116, 117, 120, 124, 126, 128, 130, 131, 134, 135, 136,
    137, 138, 141, 142, 144, 146, 149, 152, 153, 154, 155, 156, 161, 162, 166, 169,
    170, 172, 174, 182,   9, 116, 119, 120, 127, 130, 131, 166, 172, 174, 182, 116,
    119, 120, 121, 122, 123, 124, 127, 129, 130, 131, 132, 133, 143, 144, 149, 152,
    156, 164, 166, 167, 172, 174, 188, 149, 152, 154, 158, 163, 165, 176,   8,  10,
     68, 136, 137, 142, 143, 144, 146, 153, 156, 161, 162, 164, 169, 170, 188,  68,
    141, 155,   8,  10, 134, 135, 136, 138, 140, 141, 143, 155, 156, 158, 160, 164,
    165, 168, 169, 170, 171, 176, 188,   8,  10,  68, 134, 136, 137, 140, 141, 142,
    143, 144, 146, 153, 155, 156, 160, 161, 162, 164, 168, 169, 170, 171, 188,   8,
     10, 134, 136, 137, 140, 141, 142, 143, 144, 146, 153, 155, 156, 158, 160, 161,
    162, 164, 165, 168, 169, 170, 171, 176, 188, 138, 152,   8,  10,  68, 156, 158,
    165, 176, 188,   8,  10, 136, 137, 139, 142, 144, 145, 146, 149, 150, 152, 153,
    154, 157, 158, 159, 161, 162, 163, 165, 169, 170, 176, 177, 188,   8,  10, 136,
    137, 139, 142, 144, 145, 146, 149, 150, 152, 153, 154, 157, 158, 159, 161, 162,
    163, 165, 169, 170, 176, 177, 188, 138, 152,   8,  10, 136, 137, 139, 142, 144,
    145, 146, 149, 150, 152, 153, 154, 157, 158, 159, 161, 162, 163, 165, 169, 170,
    176, 177, 188,   8,  10, 136, 137, 139, 142, 144, 145, 146, 149, 150, 152, 153,
    154, 157, 158, 159, 161, 162, 163, 165, 169, 170, 176, 177, 188,   8,  10, 136,
    137, 139, 140, 141, 142, 143, 144, 145, 146, 150, 151, 153, 155, 156, 157, 158,
    159, 160, 161, 162, 164, 165, 168, 169, 170, 171, 173, 175, 176, 177, 188,   8,
     10, 136, 137, 139, 140, 141, 142, 143, 144, 145, 146, 150, 151, 153, 155, 156,
    157, 158, 159, 160, 161, 162, 164, 165, 168, 169, 170, 171, 173, 175, 176, 177,
    188, 149,   8,  10,  68, 134, 136, 137, 138, 140, 141, 142, 143, 144, 146, 153,
    155, 156, 158, 160, 161, 162, 164, 165, 168, 169, 170, 171, 176, 188, 134, 136,
    137, 138, 142, 144, 146, 152, 153, 156, 158, 161, 162, 165, 169, 170, 176,   8,
     10, 136, 137, 139, 142, 144, 145, 146, 149, 150, 152, 153, 154, 157, 158, 159,
    161, 162, 163, 165, 169, 170, 176, 177, 188,   8,  10, 149, 152, 156, 173, 175,
    188,   8,  10, 149, 152, 156, 173, 175, 188,   8,  10, 136, 137, 139, 142, 144,
    145, 146, 149, 150, 152, 153, 154, 157, 158, 159, 161, 162, 163, 165, 169, 170,
    176, 177, 188,   8,  10, 134, 136, 137, 140, 141, 142, 143, 144, 146, 153, 155,
    156, 158, 160, 161, 162, 164, 165, 168, 169, 170, 171, 176, 188, 134, 136, 137,
    141, 142, 143, 144, 146, 153, 155, 161, 162, 164, 169, 170, 134, 136, 137, 141,
    142, 144, 146, 153, 155, 161, 162, 169, 170, 134, 136, 137, 138, 140, 141, 142,
    143, 144, 146, 151, 153, 155, 161, 162, 164, 168, 169, 170, 171, 134, 136, 137,
    141, 142, 143, 144, 146, 153, 155, 161, 162, 164, 169, 170, 117, 120, 121, 126,
    127, 128, 130, 131, 134, 135, 149, 152, 154, 172, 174, 138, 152,   8,   9,  10,
     22,  68, 117, 119, 121, 122, 123, 124, 125, 126, 128, 130, 132, 133, 134, 135,
    136, 137, 138, 139, 141, 142, 143, 144, 145, 146, 147, 148, 149, 150, 151, 152,
    153, 154, 155, 156, 157, 159, 160, 161, 164, 167, 169, 170, 173, 175, 177, 182,
    188,   8,  10, 134, 135, 136, 137, 138, 140, 141, 142, 143, 144, 146, 153, 155,
    156, 158, 160, 161, 162, 164, 165, 168, 169, 170, 171, 176, 188,   8,  10, 134,
    135, 136, 138, 140, 141, 143, 144, 155, 156, 158, 160, 164, 165, 168, 169, 170,
    171, 176, 188,   8,  10,  22,  68, 116, 117, 119, 121, 122, 123, 126, 127, 128,
    131, 132, 133, 134, 136, 137, 138, 140, 141, 142, 143, 144, 146, 147, 149, 151,
    152, 153, 154, 155, 156, 160, 161, 162, 164, 166, 167, 168, 169, 170, 171, 188,
      8,  10,  22,  68, 116, 117, 119, 121, 122, 123, 126, 127, 128, 131, 132, 133,
    134, 136, 137, 138, 140, 141, 142, 143, 144, 146, 147, 149, 151, 152, 153, 154,
    155, 156, 160, 161, 162, 164, 166, 167, 168, 169, 170, 171, 188, 116, 117, 120,
    126, 127, 128, 130, 131, 166, 172, 174,   8,  10,  26,  27,  29,  30,  32,  42,
     43,  44,  45,  46,  47,  48,  49,  52,  54,  56,  57,  61,  63,  69,  70,  73,
     74,  75,  76,  77,  78,  79,  80,  81,  82,  83,  84,  85,  86,  87,  88,  89,
     90,  91,  92,  93,  94,  95,  96,  97,  98,  99, 100, 101, 102, 103, 104, 105,
    106, 108, 109, 110, 111, 112, 113, 114, 178, 179, 180, 181, 185, 188, 190,   8,
     10,  16,  26,  27,  32,  39,  42,  43,  44,  45,  46,  47,  48,  49,  51,  52,
     53,  54,  55,  56,  57,  58,  59,  60,  61,  63,  69,  70,  73,  74,  75,  76,
     77,  78,  79,  80,  81,  82,  83,  84,  85,  86,  87,  88,  89,  90,  91,  92,
     93,  94,  95,  96,  97,  98,  99, 100, 102, 103, 104, 105, 106, 108, 109, 110,
    111, 112, 113, 114, 115, 178, 179, 180, 181, 188, 190,  19,  24,  27,  33,  34,
     35,  36,  38,  42,  43,  44,  45,  48,  49,  51,  52,  53,  54,  55,  57,  58,
     59,  60,  62,  73,  74,  75,  76,  77,  78,  79,  80,  81,  82,  83,  84,  85,
     86,  87,  88,  89,  90,  91,  92,  93,  94,  95,  96,  98,  99, 100, 103, 104,
    107, 109, 110, 111, 112, 113, 114, 115, 178, 179, 180, 181,   2,   6,   9,  24,
     40, 182, 183, 184, 186, 187,  13,  14,  15,  17,  19,  21,
};

static const int8_t literatamono_14_bolditalicKernSparseValues[] = {
     -46,  -46,  -44,  -14,   -5,   -1,  -22,    9,  -22,  -22,  -14,  -28,    9,  -22,  -22,  -26,
      -7,  -44,  -22,  -22,  -22,  -22,  -22,  -22,  -22,  -22,  -22,  -22,  -22,  -22,  -22,    9,
     -22,  -22,  -22,  -22,  -22,  -22,  -22,  -28,    9,  -22,  -26,  -26,   -7,  -22,  -22,  -22,
     -22,  -22,  -22,  -46,  -21,  -28,   -5,   -7,   -8,   -3,   -2,  -15,   -1,  -29,  -21,  -26,
     -32,  -26,   -5,   -5,   -5,   -5,   -5,   -5,   -5,  -28,   -5,   -5,   -5,   -5,   -5,   -5,
      -5,   -5,   -5,   -5,   -5,   -5,   -5,   -5,   -5,   -5,   -5,   -5,   -5,   -5,   -7,   -5,
     -15,   -5,   -5,   -5,   -5,   -5,   -5,   -5,  -14,   -9,   -5,   -5,   -5,   19,   21,   -5,
      -5,   -5,   -5,   -5,   -5,   -5,   -5,   -5,   -5,   -5,   -5,   -5,   -5,   -5,   -5,   -5,
      -5,   -5,   -5,   -5,   -5,   21,   -5,   -5,   -5,   -5,   -5,   -5,   -5,  -32,   -5,  -49,
      -5,  -23,   -1,  -19,  -19,  -19,  -28,  -19,  -19,  -19,  -49,  -19,  -19,  -19,  -19,  -19,
     -19,  -19,  -19,  -19,  -19,  -19,  -19,  -19,  -19,  -19,  -19,  -19,  -19,  -19,  -19,  -28,
     -23,  -19,  -19,  -19,  -19,  -19,  -19,  -19,  -19,  -19,  -23,  -46,   -5,  -31,  -17,  -16,
     -37,  -12,  -49,  -29,  -46,   -5,   -5,   -5,   -5,   -5,  -12,   -9,  -21,  -21,  -12,  -46,
      -5,   -5,   -5,   -5,   -5,   -5,   -5,   -5,   -5,   -5,   -5,   -5,   -5,   -5,   -5,   -5,
      -5,   -5,   -5,   -5,   -5,  -37,   -5,   -5,   -5,   -5,   -5,   -5,  -46,  -42,  -46,  -42,
     -42,  -10,   -5,    7,  -42,  -16,   -1,   -7,  -30,  -21,  -16,  -21,  -36,  -14,   -5,   -5,
      -2,  -16,  -30,  -12,   -7,   -7,    7,  -12,  -12,   -7,  -60,  -60,  -88,   -5,  -35,   -8,
      -9,   -8,  -21,  -45,  -19,  -14,   -7,  -42,    9,  -42,  -42,  -28,    9,   -2,   -9,  -42,
      -9,  -42,   -9,  -16,  -12,  -12,   -9,   -9,  -19,   -5,  -21,  -45,  -42,  -42,  -42,  -42,
     -42,  -42,  -42,  -42,   -2,   -2,   -2,  -42,  -42,  -42,  -42,  -42,    9,  -42,  -42,  -42,
     -42,  -42,  -42,  -42,  -28,   -2,   -2,   -2,  -14,    9,  -42,  -16,  -16,  -21,   -2,  -42,
      -2,   -2,  -42,  -42,   -9,  -42,   -2,  -42,  -42,  -46,  -60,  -23,   -5,   -1,   -2,   -5,
      -1,   -6,   -5,  -19,  -23,   -2,    1,   -5,   -2,  -17,   -9,  -14,   -5,   -3,   -3,  -13,
      -5,  -12,   -9,   -2,   -5,  -10,   -2,   -2,  -17,   -8,   -9,  -14,   -5,   -2,   -2,  -14,
     -14,  -28,  -26,   -1,  -21,  -22,   -9,   -7,   -6,   -6,   -2,   -7,   -5,   -2,   -5,  -21,
      -7,  -14,   -3,   -6,   -6,   -5,   -2,    1,   -2,   -5,   -2,   -5,  -40,  -19,  -40,  -36,
      -1,    4,    2,  -22,   -8,  -10,   -5,  -15,  -12,    8,  -19,  -21,  -19,  -40,  -23,   -2,
      -3,  -10,   -9,   -5,   -3,   -2,   -7,   -7,   -7,   -1,   -6,   -2,   -8,   -5,   -3,   -5,
     -35,   -9,   -9,   -2,   -9,  -12,   -9,  -42,  -30,  -14,  -42,  -16,  -16,   -3,   -8,   -3,
      -5,   -5,   -2,   -2,   -6,   -6,  -12,   -9,  -15,   -9,   -5,   -5,   -5,   -3,   -5,   -5,
      -5,   -9,   -5,   -3,  -12,  -15,   -5,   -5,   -5,   -5,  -56,   -5,  -56,  -16,  -28,  -15,
      -7,  -36,  -20,  -48,  -43,  -50,  -56,   -5,  -16,   -5,   -5,   -6,   -8,   -5,   -8,   -1,
      -5,   -4,   -5,   -1,  -13,   -6,   -8,   -8,  -19,   -9,  -16,   -5,   -5,   -5,   -5,   -5,
      -5,   -5,   -5,   -5,   -5,   -5,   -5,   -5,   -5,   -5,   -5,   -8,   -5,   -5,   -5,   -5,
      -5,   -5,   -5,   -5,   -5,   -5,   -7,   -8,   -8,   -5,  -36,   -5,   -5,   -5,   -5,   -5,
      -5,   -1,   -5,   -5,   -5,   -5,  -16,  -44,  -42,  -44,  -42,   -3,   -8,  -14,   -5,  -16,
     -10,   -2,  -15,   -7,   -5,   -1,   -7,   -1,   -2,   -1,   -1,   -1,   -6,   -2,   -3,   -3,
      -6,   -2,   -3,   -1,   -8,   -2,    4,  -14,   -2,   -1,   -5,   -6,   -5,   -2,   -2,   -2,
      -3,   -3,   -3,   -2,   -5,   -5,   -3,   -9,   -3,   -3,   -2,   -5,   -1,   -3,   -3,   -6,
      -2,   -3,   -2,   -8,   -6,   -3,   -3,   -3,   -3,   -3,   -3,   -3,   -3,   -3,   -3,   -3,
      -3,   -3,   -5,   -3,   -3,   -3,   -3,   -3,   -3,   -3,   -2,   -1,   -5,   -3,   -6,   -6,
      -3,   -8,   -3,   -3,   -3,   -3,   -3,   -3,  -19,   -7,    5,   -5,  -26,  -26,  -16,   -6,
      -9,  -18,  -16,  -23,   -2,   -6,   -9,   -4,  -31,  -10,  -21,  -18,  -31,  -23,   -2,   -2,
      -2,   -2,   -3,   -2,   -2,   -2,   -2,   -2,   -1,   -3,  -10,  -44,   -2,   -2,   -2,   -2,
      -2,   -2,   -2,   -2,   -2,   -2,   -2,   -2,   -2,   -2,   -2,   -2,   -2,   -2,   -2,   -2,
      -2,   -7,   -2,   -2,   -2,   -1,   -1,   -9,  -10,   -2,   -2,   -2,   -2,   -2,   -2,   -9,
      -9,   -9,   -9,  -26,   -1,   -5,   -8,   -3,   -5,   -3,   -3,   -5,   -2,   -2,   -2,   -5,
      -2,   -2,   -2,   -3,   -5,   -3,   -3,   -3,   -1,   -3,   -2,   -2,   -2,   -2,   -2,   -2,
      -2,   -2,    5,   -2,   -2,   -2,   -2,   -2,   -2,   -2,   -2,   -2,   -2,   -2,   -2,   -5,
      -2,   -2,   -3,   -3,   -8,   -3,   -2,   -2,   -2,   -2,   -2,   -2,   -2,   -7,   -2,   -7,
      -7,  -38,  -19,  -38,  -32,  -10,  -12,  -44,   -5,   -5,   -5,   -7,  -26,  -26,  -26,  -19,
       4,    2,  -26,    2,  -26,    2,  -23,   -2,    2,  -12,  -16,  -16,   -5,  -44,  -26,  -26,
     -26,  -26,  -26,  -26,  -26,  -26,   13,   15,   26,  -26,  -26,  -26,  -26,  -26,  -26,  -26,
     -26,  -26,  -26,  -26,  -26,  -19,   19,   12,   16,   16,  -26,  -23,  -23,  -12,    4,  -26,
      28,   19,  -14,  -26,    2,  -26,    8,  -26,  -26,  -19,  -38,   -5,   -2,  -13,   -5,    4,
      -5,   -3,   -6,   -7,   -2,  -11,   -6,   -9,   -1,   -1,   -2,   -1,   -1,   -5,   -1,   -1,
      -5,   -1,   -3,   -3,   -3,    5,   -3,   -3,   -2,   -1,    5,   -1,   -3,   -3,   -1,   -6,
      -5,   -5,   -5,   -5,   -2,   -3,   -3,   -3,   -3,   -3,   -3,   -3,   -3,    5,   11,   -3,
      -3,   -3,   -3,   -3,    5,   -3,   -3,   -3,   -3,   -3,   -3,   -3,   -1,    6,    5,   -1,
       5,   -3,   -1,   -1,   -2,   -3,   -3,   -3,   -3,   -3,   -3,  -10,  -21,   -2,  -21,  -19,
     -14,  -25,  -13,   -3,   -9,   -8,  -19,    4,  -19,  -19,  -14,  -12,    4,   -3,   -2,  -10,
     -19,  -10,  -19,  -10,  -21,  -14,   -9,  -12,  -12,  -16,   -8,  -19,   -7,   -5,   -7,  -25,
     -19,  -19,  -19,  -19,  -19,  -19,  -19,  -19,   -3,   -3,   -3,  -19,  -19,  -19,  -19,  -19,
       4,  -19,  -19,  -19,  -19,  -19,  -19,  -19,  -12,   -3,   -3,   -3,   -2,    4,  -19,  -21,
     -21,  -19,   -3,  -19,   -3,   -3,  -19,  -19,  -10,  -19,   -3,  -19,  -19,   -2,  -21,   -6,
      -9,  -19,   -7,  -16,   -7,   -6,   -9,   -9,   -9,   -7,   -5,   -7,   -8,   -9,   -8,   -9,
      -8,  -15,   -9,  -10,  -10,  -17,  -14,  -28,   -9,   -9,   -9,   -9,   -9,   -9,   -9,   -9,
      -5,    7,   23,   -9,   -9,   -9,   -9,   -9,   -9,   -9,   -9,   -9,   -9,   -9,   -9,    5,
       9,   -1,   -9,   -7,   -5,   -9,   29,    5,   -9,   -9,   -8,   -9,   -9,   -9,  -19,   -7,
      -5,   -7,   -5,  -44,  -46,  -30,   -6,  -11,   -5,   -1,  -38,  -14,  -43,  -40,  -46,   -6,
     -44,   -1,  -12,   -1,   -1,   -8,  -12,   -6,   -6,   -7,   -1,   -7,   -1,   -7,   -2,   -9,
      -7,   -8,   -8,   -1,  -16,   -6,   -3,   -1,   -1,   -1,   -1,   -1,   -1,   -1,   -1,   -6,
      -6,   -6,   -1,   -1,   -1,   -1,   -1,  -12,   -1,   -1,   -1,   -1,   -1,   -1,   -1,   -6,
      -6,   -6,  -11,   -6,  -12,   -1,   -2,   -2,  -38,   -6,   -6,   -1,   -6,   -6,   -1,   -1,
      -7,   -1,   -6,   -1,   -1,  -53,  -44,  -53,  -78,   -5,   -3,   -5,   -7,   -6,   -6,  -20,
     -23,  -23,  -14,  -16,   -7,   -7,   -7,  -12,   -1,   -9,   -7,   -7,  -19,   -8,   -9,   -9,
     -19,   -2,   -7,   -7,   -7,   -7,   -7,   -7,   -7,   -7,   -1,   -1,    5,   -7,   -7,   -7,
      -7,   -7,   -2,   -7,   -7,   -7,   -7,   -7,   -7,   -7,   -1,   -1,   -1,   -6,   -9,   -7,
     -20,   -1,   -7,   -1,   -1,   -7,   -7,   -7,   -1,   -7,   -7,  -14,  -14,   -7,  -14,  -14,
      -5,  -16,  -12,   -2,   -2,   -1,  -12,    6,  -12,  -12,   -8,   -7,    6,   -1,   -2,   -2,
     -12,   -2,  -12,   -2,  -14,   -7,   -6,  -10,  -10,  -17,  -14,  -14,   -5,  -12,  -12,  -12,
     -12,  -12,  -12,  -12,  -12,  -12,   -1,   -1,   -1,  -12,  -12,  -12,  -12,  -12,    6,  -12,
     -12,  -12,  -12,  -12,  -12,  -12,   -7,   -1,   -1,   -1,   -2,    6,  -12,  -14,  -14,  -14,
      -1,  -12,   -1,   -1,  -12,  -12,   -2,  -12,   -1,  -12,  -12,  -14,  -19,   -7,    5,   -5,
     -26,  -26,  -16,   -6,   -9,  -42,  -16,  -23,   -2,   -6,   -9,   -4,  -14,  -10,  -21,  -18,
     -14,  -23,   -2,   -3,   -2,   -2,   -3,   -2,   -3,   -2,   -2,   -2,   -1,   -3,  -10,  -42,
      -2,   -2,   -2,   -2,   -2,   -2,   -2,   -2,   -2,   -2,   -2,   -2,   -2,   -3,   -2,   -2,
      -2,   -2,   -2,   -2,   -2,   -2,   -7,   -2,   -3,   -2,   -1,   -1,   -9,  -10,   -2,   -2,
      -2,   -2,   -2,   -2,   -9,   -9,   -9,   -9,  -26,   -6,  -37,   -3,  -37,  -26,  -14,  -46,
      -1,   -2,   -1,   -7,   -1,   -3,   -8,   -4,   -3,  -29,   -2,  -15,  -15,  -16,   -2,    4,
       4,  -15,    4,  -15,    4,   -6,    1,    4,    4,    4,   -1,    7,   -8,   -5,  -46,  -15,
     -15,  -15,  -15,  -29,  -15,  -15,  -15,    4,    4,    4,  -15,  -15,  -15,  -15,  -15,   -2,
     -29,  -29,  -29,  -15,  -15,  -15,  -15,  -16,    4,    4,    4,   -1,   -2,  -15,   -6,   -6,
      -8,    4,  -15,    4,    4,  -15,  -15,    4,  -15,    4,  -15,  -15,   -3,  -37,  -19,   -7,
      23,   -5,  -39,  -54,   30,   -6,   -9,  -18,  -16,  -23,   -2,   -6,   -9,   -4,  -14,  -10,
     -21,  -18,  -14,  -23,   14,   -2,   -2,   -2,   -2,   15,   -2,   -2,   16,   -2,   -2,   -1,
      -3,  -10,  -44,   -2,   -2,   -2,   -2,   -2,   -2,   -2,   -2,   -2,   -2,   -2,   -2,   -2,
      -2,   -2,   -2,   -2,   -2,   -2,   -2,   -2,   -7,   16,   -2,   -2,   -1,   -1,   -9,  -10,
      -2,   -2,   -2,   -2,   -2,   -2,   -9,   -9,   -9,   -9,  -39,  -30,   -2,  -29,  -12,  -12,
      -9,  -19,  -12,   -1,  -26,  -20,  -30,  -28,  -32,   -1,  -35,   -5,  -10,  -16,  -10,  -10,
     -12,   -7,   -5,   -6,  -15,   -5,  -10,   -5,  -10,   -5,   -2,  -14,  -10,  -13,  -13,  -16,
      -1,  -14,   -9,  -10,  -10,  -10,  -10,  -10,  -10,  -10,  -10,   -6,   -6,   -6,  -10,  -10,
     -10,  -10,  -10,   -5,  -10,  -10,  -10,  -10,  -10,  -10,  -10,   -7,   -6,   -6,   -6,  -12,
     -15,   -5,  -10,   -2,   -2,  -26,   -1,   -6,  -10,   -6,   -6,  -10,  -10,   -5,  -10,   -6,
     -10,  -10,  -12,  -26,  -23,  -26,  -23,   -9,   -5,   -7,   -9,   -9,   -5,   -8,   -1,   -6,
     -17,   -2,   -8,   -3,   -7,   -3,   -5,   -8,   -7,   -1,   -8,   -1,   -2,   -2,   -2,   -2,
      -2,   -1,   -6,   -1,   -6,   -6,   -8,   -3,   -7,   -8,   -2,    2,   -2,   -1,   -2,   -2,
      -2,   -6,   -2,   -1,   -1,   -1,   -8,   -7,   -2,   -2,   -2,   -2,   -2,   -9,    2,  -40,
     -26,  -40,  -32,   -5,  -28,  -35,   -6,  -13,   -2,   -4,  -31,   -2,  -31,  -31,   -5,  -37,
      -2,    6,    2,    2,  -31,    2,  -31,    2,  -23,   -3,    4,    2,    2,   -3,    5,  -10,
     -23,  -19,   -2,  -35,  -31,  -31,  -31,  -31,  -31,  -31,  -31,  -31,   19,   25,   41,  -31,
     -31,  -31,  -31,  -31,   -2,  -31,  -31,  -31,  -31,  -31,  -31,  -31,  -37,   30,   24,   27,
      23,   -2,  -31,  -23,  -23,  -10,   20,  -53,   32,   28,  -45,  -31,    2,  -31,   20,  -31,
     -31,  -26,  -40,  -19,  -44,  -21,  -44,  -49,  -16,  -49,  -55,  -13,  -12,   -5,   -1,  -44,
      12,  -44,  -44,  -22,  -49,   12,   -1,  -17,  -44,  -17,  -44,  -17,  -43,  -16,  -19,  -19,
     -19,  -26,  -14,  -35,  -28,  -23,  -15,  -55,  -44,  -44,  -44,  -81,  -74,  -44,  -84,  -70,
      19,   25,   45,  -84,  -44,  -84,  -77,  -72,   12,  -84,  -44,  -44,  -44,  -86,  -44,  -44,
     -49,   34,   32,   27,   26,   12,  -44,  -43,  -82,  -35,   20,  -64,   27,   34,  -49,  -74,
      -9,  -84,   22,  -84,  -84,  -21,  -44,  -15,  -42,  -17,  -42,  -39,   -7,  -44,  -44,  -10,
      -6,  -36,   12,  -36,  -36,  -14,  -38,   12,   -7,   -1,  -16,  -36,  -16,  -36,  -16,  -35,
      -9,  -14,  -13,  -13,  -21,  -12,  -29,  -22,  -19,   -7,  -44,  -36,  -36,  -36,  -36,  -36,
     -36,  -36,  -60,    6,   21,   33,  -67,  -36,  -36,  -36,  -60,   12,  -36,  -36,  -36,  -36,
     -36,  -36,  -36,  -38,   28,   19,   19,   23,   12,  -36,  -35,  -66,  -29,    8,  -44,   26,
      22,  -43,  -36,   -8,  -36,   17,  -36,  -36,  -17,  -42,  -10,   -9,  -21,   -5,  -22,   -6,
      -5,   -9,   -9,   -9,   -1,   -5,   -7,   -1,   -9,   -1,   -9,   -1,  -12,   -9,  -16,  -16,
     -23,  -19,  -28,   -9,   -9,   -9,   -9,   -9,   -9,   -9,   -9,   -5,   -5,   -5,   -9,   -9,
      -9,   -9,   -9,   -9,   -9,   -9,   -9,   -9,   -9,   -9,   -1,   -5,   -5,   -5,   -7,   -9,
      -6,   -5,   -9,   -5,   -5,   -9,   -9,   -1,   -9,   -5,   -9,   -9,  -21,  -21,  -47,  -38,
     -47,  -42,  -19,  -53,  -52,  -16,   -5,   -7,  -51,   11,  -51,  -51,  -17,  -53,   11,   -6,
      -2,  -22,  -51,  -22,  -51,  -22,  -51,  -19,  -26,  -26,  -26,  -33,  -26,  -40,  -31,  -35,
     -24,  -52,  -51,  -51,  -97,  -86,  -82,  -97,  -88,  -76,   15,   25,   45,  -93, -100,  -89,
     -81,  -72,   11,  -96,  -51,  -51, -100,  -96,  -96,  -51,  -53,   35,   28,   21,   26,   11,
     -95,  -94,  -94,  -74,   13,  -64,   18,   28,  -72,  -82,  -12,  -95,   20,  -93,  -90,  -38,
     -47,   -5,  -14,   -6,   -1,   -5,   -9,   -8,   -3,   -5,   -5,   -3,   -2,   -2,   -2,   -7,
      -3,   -2,   -3,   -2,   -3,   -2,   -3,   -6,   -3,   -7,   -7,   -2,   -8,   -1,   -2,   -2,
      -2,   -2,   -2,   -2,   -2,   -2,   -3,   -2,    3,   -2,   -2,   -2,   -2,   -2,   -2,   -2,
      -2,   -2,   -2,   -2,   -2,   -3,   -3,   -3,   -1,   -2,   -2,   -9,   -3,   -2,   -3,   -3,
      -2,   -2,   -3,   -2,   -3,   -2,   -2,    5,   21,    5,   19,    5,   19,    5,   -9,  -13,
      -7,  -38,  -10,  -21,  -14,  -44,  -26,  -49,  -46,  -49, -102,   -5,   -9,   -5,   -5,   19,
      -9,   14,   -5,   -5,   -7,  -13,  -13,   -5,   -5,   -5,   -5,   -5,   -5,   -5,   -5,   -5,
      -5,   -5,   -5,   -5,   -9,   -5,   -5,   -5,   -5,   -5,   -5,   -5,   14,   -9,   -5,  -44,
      -5,   -5,   -5,   -5,   -5,   -5,    2,  -28,   -8,  -26,  -21,  -19,  -36,   -1,   -8,   -1,
      -1,   -6,   -3,   -6,   -1,   -2,   -1,   -8,   -1,   -3,   -3,   -6,   -1,   -6,   -1,   -1,
      -1,   -1,   -1,   -1,   -1,   -1,   -1,   -1,   -1,   -1,   -1,   -3,   -1,   -1,   -1,   -1,
      -1,   -1,   -1,   -6,   -6,   -1,  -19,   -1,   -1,   -1,   -1,   -1,   -1,   -1,  -63,  -19,
     -32,  -19,  -37,  -12,   -5,  -32,   -6,   -6,  -19,  -19,   -5,  -12,  -37,   -6,  -22,   -1,
      -1,   -7,   -2,   -9,   -5,   -8,   -2,   -1,   -7,   -1,   -2,   -7,   -8,   -5,   -5,   -5,
     -13,   -6,  -14,   -9,   -1,   -1,   -1,   -1,   -1,   -1,   -1,   -1,   -5,   -5,   -5,   -1,
      -1,   -1,   -1,   -1,   -9,   -1,   -1,   -1,   -1,   -1,   -1,   -1,   -2,   -5,   -5,   -5,
      -8,   -9,   -1,   -7,   -7,  -12,  -14,   -5,   -1,   -5,   -5,   -1,   -1,   -2,   -1,   -5,
      -1,   -1,  -31,  -19,  -31,  -19,   -6,  -14,   -7,  -19,   -3,   -3,   -5,   -5,   -9,  -32,
     -19,  -26,   -9,   -9,   -2,   -9,  -14,   -9,   -9,   -9,   -3,   -1,   -1,   -3,   -8,  -19,
     -19,  -19,  -19,  -19,   -9,   -9,   -9,   -9,   -9,   -9,   -9,   -9,  -14,  -19,  -19,  -19,
      -9,   -9,   -9,   -9,   -9,  -14,   -9,   -9,   -9,   -8,   -9,   -9,   -9,   -9,   -9,   -9,
     -14,   -6,  -14,   -6,   -3,  -16,   -3,   -5,  -21,  -21,  -21,  -21,  -21,  -21,   -5,   -3,
      -1,   -3,   -3,   -3,   -1,   -3,   -3,   -3,   -5,   -2,   -6,   -6,   -2,   -5,  -21,    1,
      -3,   -3,   -3,   -3,   -3,   -3,   -3,   -3,   -3,   -3,   -3,   -3,   -3,   -1,   -3,   -3,
      -3,   -3,   -3,   -3,   -3,   -3,    5,   -3,   -3,   -3,   -3,   -3,   -3,   -3,  -21,  -19,
     -15,  -19,  -15,  -21,  -26,   -9,  -23,   -5,   -5,   -5,   -3,   -8,  -16,  -33,  -15,   -8,
     -14,  -14,   -2,   -6,   -8,  -14,  -14,   -3,   -2,   -2,   -8,  -14,  -14,  -14,  -14,  -14,
     -14,  -14,  -14,  -14,  -14,  -14,  -14,  -14,   -8,  -14,  -14,  -14,  -14,  -14,  -14,  -14,
      -6,   -9,  -14,   -3,   -3,  -16,   -8,  -14,  -14,  -14,  -14,  -14,  -14,  -21,  -14,  -21,
     -14,   -5,   15,   30,    5,   26,   39,  -32,   -5,  -32,  -14,   26,  -21,   44,   23,  -33,
     -16,  -16,  -24,  -16,  -16,  -14,   -2,  -12,  -19,   -9,   -2,  -16,  -31,  -31,  -31,  -27,
     -16,  -16,  -16,  -16,  -16,  -16,  -16,  -26,  -31,  -31,  -33,  -16,  -16,  -16,  -16,  -24,
     -16,  -14,  -14,  -12,  -16,  -16,  -16,  -16,  -16,  -16,   -5,   35,   43,   35,   43,  -32,
     -23,   -5,  -21,   -6,   -3,  -44,   -7,  -17,   -7,   -7,   -1,   -9,   -7,   -7,   -7,   -5,
      -2,   -6,  -10,   -7,   -7,   -7,   -7,   -7,   -7,   -7,   -7,   -7,   -7,   -7,   -7,   -7,
      -9,   -7,   -7,   -7,   -7,   -7,   -7,   -7,   -9,   -7,   -7,   -7,  -10,   -7,   -7,   -7,
      -7,   -7,   -7,  -19,   -9,  -19,   -9,  -14,   -9,   -5,   -2,   -5,  -10,   -8,   -8,   -8,
     -12,   -9,   -3,   -2,   -3,   -3,   -2,   -2,   -3,   -3,   -5,   -2,   -5,   -5,   -5,   -3,
      -3,   -3,   -3,   -3,   -3,   -3,   -3,   -3,   -3,   -3,   -3,   -3,   -2,   -3,   -3,   -3,
      -3,   -3,   -3,   -3,   -5,   -2,   -3,  -10,   -3,   -3,   -3,   -3,   -3,   -3,  -14,   -2,
     -14,   -2,  -14,  -19,   -6,   -9,   -9,   -5,  -15,   -5,   -5,   -3,   -5,   -7,   -3,   -2,
      -5,   -2,  -10,   -6,   -9,   -5,   -6,   -3,   -3,   -9,   -2,  -14,   -1,   -5,   -5,   -5,
      -5,   -5,   -5,   -5,   -5,   -3,   -3,   -3,   -5,   -5,   -5,   -5,   -5,   -7,   -5,   -5,
      -5,   -5,   -5,   -5,   -5,   -5,   -3,   -3,   -3,   -7,   -5,   -9,   -9,  -14,   -3,   -5,
      -3,   -3,   -5,   -5,   -2,   -5,   -3,   -5,   -5,   -3,   -5,   -3,   -5,  -30,  -10,  -23,
     -15,   -9,   -2,  -26,  -10,   -8,  -10,  -10,   -6,   -3,   -5,   -3,   -5,   -2,  -10,   -2,
     -10,   -2,   -7,   -6,   -9,   -9,   -8,  -10,   -7,  -10,  -10,  -10,  -10,  -10,  -10,  -10,
     -10,   -3,   -3,   -3,  -10,  -10,  -10,  -10,  -10,   -5,  -10,  -10,  -10,  -10,  -10,  -10,
     -10,   -3,   -3,   -3,   -3,   -5,   -5,  -10,   -3,  -10,   -3,   -3,  -10,  -10,   -2,  -10,
      -3,  -10,  -10,  -15,  -28,  -16,  -28,  -16,  -14,   -5,   12,  -14,   -2,  -14,    7,   -5,
      -8,   -5,   -5,   -6,   -5,   -5,   -2,   -2,   -5,   -5,   -2,   -2,   -5,   -5,   -5,   -5,
      -5,   -5,   -5,   -5,   -5,   -5,   -5,   -5,   -5,   -6,   -5,   -5,   -5,   -5,   -5,   -5,
      -5,   -6,   -5,   -2,   -2,   -2,   -5,   -5,   -5,   -5,   -5,   -5,   -5,   -5,  -19,  -21,
      -9,  -50,   -8,  -50,  -26,   -5,  -32,  -37,  -23,  -45,  -35,  -21,  -44,   -2,  -46,  -19,
     -21,  -44,  -17,   -3,   -2,  -16,   -6,   -7,  -14,  -19,  -45,  -45,  -45,  -45,  -45,  -21,
     -21,  -21,  -21,  -21,  -21,  -21,  -21,  -19,  -45,  -45,  -45,  -21,  -21,  -21,  -21,  -23,
     -28,  -21,  -17,  -17,  -16,  -21,  -21,  -21,  -21,  -21,  -21,   -8,   -2,   -2,   -2,   -2,
     -50,  -24,   -7,  -19,  -15,   -3,  -39,   -2,  -15,   -2,   -2,   -3,   -7,   -2,   -2,   -2,
      -2,   -2,   -6,   -2,   -2,   -2,   -2,   -2,   -2,   -2,   -2,   -2,   -2,   -2,   -2,   -2,
      -7,   -2,   -2,   -2,   -2,   -2,   -2,   -2,  -10,   -2,   -2,   -2,   -6,   -2,   -2,   -2,
      -2,   -2,   -2,  -16,   -5,  -16,   -5,   -9,   -7,   -1,  -13,  -15,   -7,   -7,   -3,   -1,
      -8,   -1,   -7,   -7,   -6,   -2,   -1,   -1,   -2,   -5,   -7,   -7,   -7,   -7,   -7,   -7,
      -7,   -7,   -7,   -7,   -7,   -7,   -7,   -8,   -7,   -7,   -7,   -7,   -7,   -7,   -7,   -1,
      -1,   -8,   -7,   -2,   -7,   -7,   -7,   -7,   -7,   -7,  -10,   -5,  -10,   -5,  -24,  -16,
      -5,  -19,  -32,   -5,  -32,  -24,   -6,  -13,  -16,  -37,   -7,   -5,  -26,   -5,   -5,   -3,
      -9,  -14,   -1,   -5,   -5,   -9,   -3,   -1,   -1,   -8,  -16,   -5,  -17,   -9,   -5,   -5,
      -5,   -5,   -5,   -5,   -5,   -5,   -5,   -5,   -5,   -5,   -5,  -14,   -5,   -5,   -5,   -5,
      -5,   -5,   -5,   -9,   -1,  -19,   -5,   -9,   -9,  -16,   -5,   -5,   -5,   -5,   -5,   -5,
      -5,  -12,  -12,  -32,  -22,  -13,  -12,  -12,   -1,   -5,  -28,  -10,   -6,  -10,  -10,   -1,
      -6,   -8,  -10,  -10,   -3,   -2,   -2,  -15,   -5,  -10,  -10,  -10,  -10,  -10,  -10,  -10,
     -10,  -10,  -10,  -10,  -10,  -10,   -8,  -10,  -10,  -10,  -10,  -10,  -10,  -10,   -6,   -8,
     -10,   -2,  -10,  -10,  -10,  -10,  -10,  -10,  -12,  -10,   -3,  -10,   -3,  -14,  -21,   -5,
      -7,  -33,   -5,  -33,  -28,   -9,  -19,  -28,  -10,  -13,  -27,  -13,  -13,   -5,  -15,  -14,
      -1,  -13,  -26,  -14,   -2,   -6,  -17,   -7,   -7,  -14,   -9,  -13,  -13,  -13,  -13,  -13,
     -13,  -13,  -13,  -13,  -13,  -13,  -13,  -13,  -14,  -13,  -13,  -13,  -13,  -13,  -13,  -13,
     -15,   -1,  -21,  -13,  -14,  -14,  -17,  -13,  -13,  -13,  -13,  -13,  -13,   -5,  -12,  -12,
     -33,  -10,  -12,   -5,  -28,   -3,  -11,   -3,   -3,   -2,   -1,   -6,   -3,   -3,   -5,   -1,
      -1,   -1,   -3,   -2,   -3,   -3,   -3,   -3,   -3,   -3,   -3,   -3,   -3,   -3,   -3,   -3,
      -3,   -6,   -3,   -3,   -3,   -3,   -3,   -3,   -3,   -1,   -8,   -3,   -5,   -5,   -3,   -3,
      -3,   -3,   -3,   -3,   -3,   -9,   -9,   -5,   -9,  -14,  -14,  -14,   -6,   -1,   -6,   -6,
      -1,   -6,   -6,   -6,   -6,   -6,   -6,   -6,   -6,   -6,   -6,   -6,   -6,   -6,   -6,   -6,
      -1,   -6,   -6,   -6,   -6,   -6,   -6,   -6,   -1,   -6,   -9,   -6,   -6,   -6,   -6,   -6,
      -6,   -5,   -5,  -14,   -2,  -23,   -2,   -5,  -12,   -2,   -7,  -12,  -12,  -12,  -19,  -15,
      -6,  -12,  -43,   -9,  -19,   -6,  -23,  -28,  -19,  -28,  -32,  -14,   -2,   -6,   -2,   -9,
      -5,  -19,   -9,   -2,   -2,  -23,   -5,  -37,  -37,   -9,   -1,   -2,  -26,   -5,  -28,  -21,
     -17,  -30,   -5,   -2,   -5,   -5,  -17,   -2,   -9,   -9,   -1,  -26,  -37,   -9,   -5,  -14,
     -14,  -23,  -21,  -26,   -6,   -6,   -6,   -6,   -6,   -5,   -6,   -5,   -6,   -5,   -5,   -8,
      -6,   -5,   -5,   -7,   -5,   -6,   -6,   -6,   -6,   -6,   -6,   -6,   -6,   -6,   -6,   -6,
      -6,   -6,   -6,   -6,   -6,   -6,   -6,   -6,   -6,   -6,   -6,   -6,   -5,   -5,  -14,   -6,
      -6,   -6,   -5,   -6,   -6,   -6,  -22,  -19,  -22,  -19,  -23,   -6,   -8,  -65,   -7,  -71,
     -70,  -67,   -8,  -65,  -19,   -7,    5,   -5,  -26,  -26,  -16,   -6,   -9,  -44,  -16,  -23,
      -2,   -6,  -21,   -4,  -31,  -10,  -21,  -18,  -14,  -23,   -2,   -2,   -2,   -2,   -3,   -2,
      -2,   -2,   -2,   -2,   -1,   -3,  -10,  -44,   -2,   -2,   -2,   -2,   -2,   -2,   -2,   -2,
      -2,   -2,   -2,   -2,   -2,   -2,   -2,   -2,   -2,   -2,   -2,   -2,   -2,   -7,   -2,   -2,
      -2,   -1,   -1,  -21,  -10,   -2,   -2,   -2,   -2,   -2,   -2,   -9,   -9,   -9,   -9,  -26,
     -19,   -7,    5,   -5,  -26,  -26,  -16,   -6,   -9,  -18,  -16,  -23,   -2,   -6,   -9,   -4,
     -14,  -10,  -21,  -18,  -14,  -23,   -2,   -2,   -2,   -2,   -3,   -2,   -2,   -2,   -2,   -2,
      -1,   -3,  -10,  -44,   -2,   -2,   -2,   -2,   -2,   -2,   -2,   -2,   -2,   -2,   -2,   -2,
      -2,   -2,   -2,   -2,   -2,   -2,   -2,   -2,   -2,   -7,   -2,   -2,   -2,   -1,   -1,   -9,
     -10,   -2,   -2,   -2,   -2,   -2,   -2,   -9,   -9,   -9,   -9,  -26,  -12,  -26,  -28,  -23,
     -23,   -5,  -42,   -2,  -14,  -14,  -19,  -49,   15,   -9,   -9,   -3,  -50,  -39,  -26,  -65,
     -26,   -3,   -3,   -3,   -3,   -2,   -3,   -3,   -3,   -2,   -3,   -6,  -49,   -3,   -3,   -3,
      -3,   -3,   -3,   -3,   -3,   -3,   -3,   -3,   -3,   -3,   -3,   -3,   -3,   -3,   -3,   -3,
      -3,   -3,   -2,   -9,   -3,   -3,   -2,   -2,   -9,   -6,   -3,   -3,   -3,   -3,   -3,   -3,
      -9,   -9,   -7,   -7,   -2,   -7,   -5,   -8,   -8,   -2,  -14,   -9,   -7,   -2,   -2,   -9,
       2,  -28,   -8,  -26,  -21,  -19,  -36,   -1,   -8,   -1,   -1,  -17,   -3,   -6,   -1,   -2,
      -1,   -8,   -1,  -16,  -16,   -6,   -1,   -6,   -1,   -1,   -1,   -1,   -1,   -1,   -1,   -1,
      -1,   -1,   -1,   -1,   -1,   -3,   -1,   -1,   -1,   -1,   -1,   -1,   -1,   -6,   -6,   -1,
     -19,   -1,   -1,   -1,   -1,   -1,   -1,   -1,  -63,  -19,  -32,  -19,    2,  -28,   -8,  -26,
     -21,  -19,  -36,   -1,   -8,   -1,   -1,   -6,   -3,   -6,   -1,   -2,   -1,   -8,   -1,  -15,
     -15,   -6,   -1,   -6,   -1,   -1,   -1,   -1,   -1,   -1,   -1,   -1,   -1,   -1,   -1,   -1,
      -1,   -3,   -1,   -1,   -1,   -1,   -1,   -1,   -1,   -6,   -6,   -1,  -19,   -1,   -1,   -1,
      -1,   -1,   -1,   -1,  -63,  -19,  -32,  -19,  -26,   -9,  -23,   -5,   -5,   -5,   -3,   -8,
     -16,  -33,  -15,   -8,   -7,   -7,   -2,   -6,   -8,   -7,   -7,   -3,   -2,   -2,   -8,   -7,
      -7,   -7,   -7,   -7,   -7,   -7,   -7,   -7,   -7,   -7,   -7,   -7,   -8,   -7,   -7,   -7,
      -7,   -7,   -7,   -7,   -6,   -9,   -7,   -3,   -3,  -16,   -8,   -7,   -7,   -7,   -7,   -7,
      -7,  -21,  -14,  -21,  -14,   -5,  -37,  -12,   -5,  -32,   -6,   -6,  -19,  -19,   -5,  -12,
     -37,   -6,  -22,   -4,   -4,   -7,   -2,   -9,   -5,   -8,   -2,   -4,   -7,   -4,   -2,   -7,
      -8,   -5,   -5,   -5,  -13,   -6,  -14,   -9,   -4,   -4,   -4,   -4,   -4,   -4,   -4,   -4,
      -5,   -5,   -5,   -4,   -4,   -4,   -4,   -4,   -9,   -4,   -4,   -4,   -4,   -4,   -4,   -4,
      -2,   -5,   -5,   -5,   -8,   -9,   -4,   -7,   -7,  -12,  -14,   -5,   -4,   -5,   -5,   -4,
      -4,   -2,   -4,   -5,   -4,   -4,  -31,  -19,  -31,  -19,   -6,  -19,   -7,    5,   -5,  -26,
     -26,  -16,   -6,   -9,  -18,  -16,  -23,   -2,   -6,  -21,   -4,  -31,  -10,  -21,  -18,  -14,
     -23,   -2,   -2,   -2,   -2,   -3,   -2,   -2,   -2,   -2,   -2,   -1,   -3,  -10,  -44,   -2,
      -2,   -2,   -2,   -2,   -2,   -2,   -2,   -2,   -2,   -2,   -2,   -2,   -2,   -2,   -2,   -2,
      -2,   -2,   -2,   -2,   -7,   -2,   -2,   -2,   -1,   -1,  -21,  -10,   -2,   -2,   -2,   -2,
      -2,   -2,   -9,   -9,   -9,   -9,  -26,  -16,   -3,   -5,  -21, -122, -122, -122,  -40,  -93,
     -21,  -19,  -58,   -1,  -58,  -58,   -3, -102,   -1,  -25,  -31,  -28,  -58,  -67, -115,  -58,
     -54,  -24,  -31,  -32,  -32,  -35,  -23,  -83,  -88,  -21,  -63,  -58,  -58,  -58,  -58,  -58,
     -58,  -58,  -58,  -25,  -25,  -25,  -58,  -58,  -58,  -58,  -58,   -1,  -58,  -58,  -58, -110,
     -58,  -58, -110,  -40,  -25,  -25,  -25,  -31,    5,  -58,  -54, -102,  -83,  -25,  -58,  -25,
     -25,  -58,  -58,  -28,  -58,  -25,  -58,  -58, -122,  -44,  -20,  -44,  -20, -122,  -44,  -46,
     -30,   -6,  -11,   -5,   -1,  -38,  -14,  -43,  -40,  -46,   -6,  -44,   -1,  -16,   -1,   -1,
      -8,   -7,   -6,   -6,   -7,   -1,   -7,   -1,   -7,   -2,   -9,   -7,   -8,   -8,   -1,  -16,
      -6,   -3,   -1,   -1,   -1,   -1,   -1,   -1,   -1,   -1,   -6,   -6,   -6,   -1,   -1,   -1,
      -1,   -1,  -14,   -1,   -1,   -1,   -1,   -1,   -1,   -1,   -6,   -6,   -6,  -11,   -6,   -7,
      -1,   -2,   -2,  -38,   -6,   -6,   -1,   -6,   -6,   -1,   -1,   -7,   -1,   -6,   -1,   -1,
     -53,  -44,  -53,  -78,  -44,  -46,   -7,   -6,  -11,   -5,   -1,  -50,  -14,  -50,  -43,  -53,
      -6,  -44,   -1,  -16,   -1,   -1,   -8,   -7,   -6,   -6,   -7,   -1,   -7,   -1,   -7,   -2,
      -9,   -7,   -8,   -8,   -1,  -16,   -6,   -3,   -1,   -1,   -1,   -1,   -1,   -1,   -1,   -1,
      -6,   -6,   -6,   -1,   -1,   -1,   -1,   -1,  -14,   -1,   -1,   -1,   -1,   -1,   -1,   -1,
      -6,   -6,   -6,  -11,   -6,   -7,   -1,   -2,   -2,  -52,   -6,   -6,   -1,   -6,   -6,   -1,
      -1,   -7,   -1,   -6,   -1,   -1,  -72,  -69,  -70,  -69,  -16,   -3,   -5,  -19, -121, -121,
    -121,  -40,  -91,  -19,  -19,  -58,   -1, -114, -114,   -3, -100,   -1,  -26,  -32,  -28,  -58,
     -66, -114,  -57,  -54,  -24,  -31,  -72,  -73,  -33,  -57,  -82,  -86,  -19,  -62,  -58,  -58,
     -58,  -58,  -58,  -58,  -58,  -58,  -26,  -26,  -26,  -58,  -58,  -58,  -58,  -58,   -1,  -58,
     -58,  -58, -110,  -58,  -58, -110,  -40,  -26,  -26,  -26,  -32,    5,  -58,  -54, -102,  -82,
     -26,  -58,  -26,  -26,  -58,  -58,  -28,  -58,  -26,  -58,  -58, -121,  -42,  -20,  -42,  -20,
    -121,  -16,   -3,   -5,  -21,  -21,  -21,  -21,  -21,  -21,   -5,   -3,   -1,   -3,   -3,   -3,
      -1,   -3,   14,   -3,   14,   -3,   14,   -2,   -2,   -3,   -3,   12,   -5,  -21,    1,   -3,
      -3,   -3,   -3,   -3,   -3,   -3,   -3,   -3,   -3,   -3,   -3,   -3,   -1,   -3,   -3,   -3,
      -3,   -3,   -3,   -3,   -3,    5,   -3,   -3,   -3,   -3,   14,   -3,   -3,   -3,  -21,  -19,
     -15,  -19,  -15,  -21,   -9,   -5,   -7,   -9,   -9,   -5,   -8,   -1,   -6,  -17,   -2,   -8,
      -3,   -7,   -3,   -5,   -8,   -7,   -2,   -8,   -2,   -2,   -2,   -2,   -2,   -2,   -1,   -6,
      -1,   -6,   -6,   -8,   -3,   -7,   -8,   -2,    2,   -2,   -2,   -2,   -2,   -2,   -6,   -2,
      -2,   -1,   -1,   -8,   -7,   -2,   -2,   -2,   -2,   -2,   -9,   -9,  -14,  -14,  -26,  -14,
     -26,  -30,   -1,  -12,   13,  -12,  -12,   -3,   -1,    6,   -6,  -12,   -6,  -12,   -6,   -8,
      -8,  -10,   -1,   -1,   -5,  -15,   -5,   -2,  -12,  -12,  -12,  -12,  -12,  -12,  -12,  -12,
     -12,  -12,  -12,  -12,  -12,    6,  -12,  -12,  -12,  -21,  -12,  -12,  -12,   -1,    6,  -12,
      -8,  -11,   -5,  -12,  -12,  -12,   -6,  -12,  -12,  -12,  -26,  -10,  -14,  -10,  -14,  -14,
     -70,  -52,  -70,  -37,  -64,  -24,   -3,  -13,    2,    2,  -14,  -51,    2,  -51,  -51,  -19,
     -53,    2,  -14,  -51,  -14,  -51,  -14,  -50,  -14,  -15,  -10,  -10,  -22,  -10,  -31,  -43,
     -32,  -64,  -51,  -51,  -51,  -51,  -51,  -51,  -51,  -51,  -51,  -51,  -51,  -51,  -51,    2,
     -51,  -51,  -51,  -51,  -51,  -51,  -51,  -53,    2,  -51,  -50,  -50,  -31,  -51,  -51,  -51,
     -14,  -51,  -51,  -51,  -52,  -70,  -51,   -9,  -51,  -35,  -17,    1,   -8,   -2,  -26,  -26,
     -26,  -12,    4,    1,  -26,    1,  -26,    1,  -17,    5,    2,    2,   -1,    5,   -7,  -28,
     -10,  -26,  -26,  -26,  -26,  -26,  -26,  -26,  -26,    4,    4,    4,  -26,  -26,  -26,  -26,
     -26,  -26,  -26,  -26,  -26,  -26,  -26,  -26,  -12,    4,    4,    4,  -26,  -17,  -17,   -7,
       4,  -26,    4,    4,  -26,  -26,    1,  -26,    4,  -26,  -26,   -9,    1,    2,    1,    2,
     -51,    1,  -65,  -51,  -65,  -42,  -26,    2,  -49,  -17,   -7,  -10,    5,   -6,  -50,  -50,
     -50,  -14,  -56,   -3,  -50,   -3,  -50,   -3,  -42,  -10,   -9,   -3,   -3,  -14,   -2,  -26,
     -46,    5,  -23,  -49,  -50,  -50,  -50,  -50,  -50,  -50,  -50,  -50,  -50,  -50,  -50,  -50,
     -50,  -50,  -50,  -50,  -50,  -50,  -50,  -50,  -56,  -50,  -42,  -42,  -26,  -50,  -50,  -50,
      -3,  -50,  -50,  -50,  -51,  -65,   -6,  -46,  -37,  -46,  -28,  -21,    1,  -46,  -28,  -28,
     -28,  -14,    5,  -28,    5,  -28,    5,  -19,    5,    1,    1,  -16,  -42,  -16,  -28,  -28,
     -28,  -28,  -28,  -28,  -28,  -28,  -28,  -28,  -28,  -28,  -28,  -28,  -28,  -28,  -28,  -28,
     -28,  -28,  -14,  -28,  -19,  -19,  -16,  -28,  -28,  -28,    5,  -28,  -28,  -28,  -37,  -46,
     -23,   -6,   -8,  -32,   -7,  -36,  -35,  -33,   -8,  -32,  -20,  -24,  -20,  -20,  -65,  -32,
     -65,  -28,   -9,  -21,  -32,  -37,  -26,  -19,   -7,   -9,   -9,   -9,   -6,   -9,  -28,  -30,
     -12,  -49,  -19,  -23,  -72,  -56,  -19,  -35,  -46,  -32,  -30,   -2,   -9,    2,  -32,   -2,
      -5,  -37,   -7,  -32,  -23,  -32,  -32,  -28,  -30,   -5,  -35,  -63,  -49,  -19,   -7,   -7,
     -32,  -32,  -65,   -9,   -5,   -5,  -19,  -19,   -5,   28,  -23,  -19,  -23,  -28,  -23,  -32,
     -51,  -46,   56,  -27,   -9,  -49,  -27,  -27,   -9,  -14,    9,   -9,  -28,  -19,  -19,  -14,
      -2,   -5,   -5,   -9,   -9,  -14,  -14,  -60,  -60,  -19,  -19,    9,  -12,  -37,  -51,  -26,
      -7,  -12,    9,  -19,    9,   -9,  -32,  -39,  -42,   -9,  -23,  -26,  -56,   -9,  -46,  -46,
      -9,  -16,  -12,  -23,  -19,   -9,  -14,  -19,  -35,  -32,   -9,   -9,  -46,    9,  -58,  -26,
     -51,   -9,  -26,  -60,  -32,  -15,   -9,    9,  -28,    5,  -15,  -28,  -19,  -49,  -32,   -5,
       9,   -5,  -12,  -12,   -9,   -9,  -12,  -12,  -12,  -16,  -23,  -12,  -16,   -5,   -5,  -28,
     -12,  -12,  -28,  -60,    5,  -12,  -12,  -84,  -81,  -14,   -9,   -9,   -7,   -9,   -9,   -3,
      -5,   -5,  -16,   -7,    5,   -7,  -14,  -10,   -9,   -9,   -9,  -12,  -12,    4,    4,    4,
      -2,    4,    4,    4,    4,    4,    4,  -12,  -12,   -9,   -9,   -5,   -5,  -12,   -3,   -1,
      -5,   -5,   -7,   -9,  -15,   -5,   -5,   -5,   -5,  -10,   -5,   -5,   -5,   -5,   -2,   -5,
     -14,   -5,   -9,   -5,   -5,   -5,   -5,   -5,   -5,   -5,   -5,   -5,  -12,  -12,   -9,  -21,
     -28,   14,  -21,  -17,  -16,  -19,  -19,   -7,  -12,  -21,  -23,  -23,   -9,  -28,  -28,  -19,
     -19,   -5,   -5,   -5,   -7,   -5,   -3,   -5,   -9,   -5,   -5,   -3,   -5,   -5,  -19,   -5,
     -15,   -9,   -7,  -14,  -19,   -5,  -15,  -15,  -21,  -21,   -5,  -17,  -19,  -19,  -21,  -14,
      -6,   -9,  -21,  -14,   -5,   -6,  -35,  -22,  -12,    9,    5,  -16,  -22,   -5,  -39,  -19,
     -19,  -21,  -65,  -65,   -9,    9,  -37,  -12,  -42,  -30,  -19,    9,    9,  -23,  -19,  -12,
     -12,  -10,  -12,  -12,  -28,  -16,  -12,  -12,   -5,  -16,  -12,  -12,  -28,    9,  -42,  -12,
     -12,  -12,  -12,  -65,  -56,  -16,  -56,  -12,  -14,   -3,  -30,  -28,  -20,  -32,  -10,   -3,
     -26,  -29,   -9,  -27,  -17,  -16,  -21,   -9,  -16,  -17,  -26,  -21,  -21,  -17,  -21,   -5,
     -17,   -1,  -14,  -19,  -21,  -21,  -23,  -17,  -17,  -26,  -34,   -9,  -23,  -17,   -9,  -21,
     -16,  -56,   -5,    5,  -16,  -21,  -26,  -21,  -16,   -5,    5,  -16,   -7,  -21,  -14,  -14,
      -5,  -28,  -21,  -21,  -19,  -14,  -24,  -14,   -2,  -24,  -19,  -13,  -16,  -11,  -14,  -13,
     -13,  -16,   -9,  -13,   -6,  -13,  -19,  -32,  -13,  -23,   -9,   -7,  -13,  -13,  -14,  -13,
     -13,  -14,  -14,  -19,   56,  -23,    5,  -19,  -23,  -28,  -23,  -32,  -51,  -46,   56,   -5,
     -17,  -19,  -19,  -21,  -14,   -6,   -9,  -14,  -14,   -5,   -6,  -14,   -5,  -12,    9,    5,
     -16,   -5,   -5,  -28,  -19,  -19,  -14,   -9,   -9,   -9,   -9,   -7,   -9,   -9,  -23,  -23,
      -9,   -5,   -5,   -5,   -9,   -7,   -5,   -5,   -5,   -5,   -5,   -9,   -7,   -5,  -23,   -9,
      -5,   -5,  -56,  -28,   -7,   -5,  -14,  -12,  -12,  -16,  -18,   -5,   -5,   -9,   -5,  -18,
      -9,  -12,   -9,  -12,  -12,  -17,  -28,  -35,  -35,   -9,   -6,   -3,   -3,   -9,   -9,   -3,
     -15,   -9,   -3,   -3,   -9,   -9,   -5,   -3,   -3,  -15,  -17,   -7,   -5,   -9,  -35,   -9,
      -9,   -9,   -8,   -2,   -7,  -19,   -2,   -7,  -10,   -2,   -2,   -9,   -9,  -14,   -8,   -2,
      -2,  -14,  -14,  -16,  -13,  -12,   -7,  -15,   -9,   -6,   -9,   -9,   -9,   -5,   -5,   -5,
      -5,   -5,   -9,   -9,   -9,   -5,   -5,   -5,   -5,   -5,   -5,   -5,   -9,   -5,   -5,   -5,
      -5,   -5,   -5,   -5,   -5,   -5,   -5,   -5,   -5,   -5,   -5,   -5,   -9,   -9,   -9,   -5,
      -5,   -5,   -5,   -5,   -5,   -5,   -5,   -5,   -5,   -5,   -5,   -5,   -5,   -5,   -5,   -5,
      -5,   -5,   -5,   -5,   -5,   -5,   -9,   -2,   -9,   -9,   -9,   -5,   -5,   -5,   -5,   -5,
      -5,   -5,   -9,   -5,   -5,   -5,   -9,   -5,   -5,   -5,   -5,   -5,   -5,   -5,   -9,   -5,
      -5,   -5,   -9,   -9,   -9,   -5,   -5,   -5,   -5,   -5,   -9,   -5,   -9,   -5,   -7,   -5,
      -9,   -5,   -9,  -12,   -5,   -5,   -5,   -9,   -5,   -5,   -9,   -5,   -9,   -9,   -9,   -2,
      -2,   -5,   -5,  -17,   -2,  -12,   -8,   -5,   -2,   -5,  -14,   -2,   -7,   -6,   -5,   -6,
      -5,   -7,   -2,   -2,  -12,   -6,  -21,   -2,   -2,  -12,  -18,   -6,  -14,   -9,   -9,  -28,
     -28,   -2,   -2,   -5,   -5,  -17,   -2,  -12,   -8,   -5,   -2,   -5,  -14,   -2,   -7,   -6,
      -5,   -6,   -5,   -7,   -2,   -2,  -12,   -6,  -21,   -2,   -2,  -12,  -18,   -6,  -14,   -9,
     -28,   -3,  -37,  -37,  -14,  -14,  -17,   -6,  -13,   -9,  -18,   -6,  -24,  -20,   -6,   -6,
      -9,  -12,  -17,  -12,   -6,   -6,  -24,  -19,  -43,   -6,  -19,   -9,  -19,  -37,   -8,   -3,
      -3,   -9,   -3,   -3,   -3,   -5,   -3,   -5,   -8,   -3,   -3,   -5,   -3,   -3,   -9,   -9,
      -9,   -5,   -5,   -5,   -5,   -5,   -5,   -5,   -5,   -5,   -6,   -5,   -5,   -5,   -5,   -5,
      -5,   -5,   -5,   -5,   -5,   -5,   -5,   -5,   -9,  -14,  -14,   -8,   -7,  -12,  -27,  -10,
     -14,  -14,  -14,   -8,   -7,   -5,  -27,  -10,  -14,  -19,  -19,   -5,   -5,   -5,   -5,   -5,
      -5,   -5,   -5,   -5,   -5,   -5,   -5,   -5,   -5,   -5,   -5,   -5,   -5,   -5,   -5,   -5,
      -5,   -5,  -19,   -9,   -9,   -9,   -8,   -2,   -7,  -19,   -2,  -13,  -10,   -2,   -2,   -9,
      -9,  -14,   -8,   -2,   -2,  -13,  -14,  -16,  -13,  -12,   -7,  -15,   -9,  -12,   -3,   -3,
     -15,   -3,  -16,  -10,   -3,   -3,   -5,   -3,   -3,  -16,   -3,   -3,   -5,   -3,   -3,   -5,
      -3,   -3,   -3,   -3,   -5,   -3,   -3,   -3,   -3,   -5,   -5,   -5,   -5,   -9,   -9,   -5,
      -6,   -6,   -5,   -6,   -5,   -9,   -5,   -5,   -6,   -9,   -5,   -5,   -9,   -5,   -3,   -3,
      -5,   -3,   -5,   -3,   -3,   -3,   -5,   -3,   -3,   -5,   -3,   -3,  -28,  -44,    9,  -28,
     -30,  -21,  -52,  -14,   -2,   -5,   -5,   -9,   -9,  -44,  -44,   -2,  -10, -128,  -32,  -65,
     -28,   -9,  -28,  -32,  -37,  -26,  -19,   -7,   -9,  -23,  -21,   -6,   -9,  -28,  -30,  -28,
     -65,  -65,  -23,  -77,  -67,  -42,  -77,  -60,  -32,  -46,  -19,  -23,  -19,  -65,  -32,  -28,
     -58,  -35,  -32,  -60,  -32,  -32,  -28,  -44,  -77,  -63,  -56,  -65,   -7,   -7,  -32,  -32,
     -65,  -74,  -74,  -30,   -9,  -21,   -6,  -16,  -12,  -23,   -6,  -51,  -26,   -6,   -6,   -5,
     -21,   -9,  -15,   -6,   -6,  -51,   -9,  -46,   -6,  -19,  -12,  -17,  -74,  -56,  -28,   -7,
      -5,  -14,  -12,  -12,  -16,  -18,   -6,   -5,   -5,   -9,   -5,  -18,   -9,  -12,   -9,  -12,
     -12,  -17,  -28,  -60,  -60,  -19,  -19,    9,  -26,  -37,  -51,  -26,   -7,  -26,    9,  -19,
       9,   -9,  -32,  -39,  -42,   -9,  -23,  -26,  -56,   -9,  -46,  -46,   -9,  -16,  -12,  -23,
     -19,   -9,  -14,  -19,  -35,  -32,   -9,   -9,  -46,    9,  -58,  -26,  -51,   -9,  -26,  -60,
     -60,  -60,  -19,  -19,    9,  -28,  -37,  -51,  -26,   -7,  -28,    9,  -19,    9,   -9,  -32,
     -39,  -42,   -9,  -23,  -26,  -56,   -9,  -46,  -46,   -9,  -16,  -12,  -23,  -19,   -9,  -14,
     -19,  -35,  -32,   -9,   -9,  -46,    9,  -58,  -26,  -51,   -9,  -26,  -60,  -37,   -6,  -28,
      -6,  -35,  -12,  -53,  -38,  -37,  -28,  -28,  -51,  -51,  -44,   -7,   -4,   -9,   -2,  -19,
      16,  -19,  -19,   -2,  -26,   16,    7,  -19,  -19,  -23,   -2,   -2,   -5,  -23,  -44,  -19,
     -19,  -19,  -19,  -19,  -19,  -19,  -19,   30,   30,   45,  -19,  -19,  -19,  -19,  -19,   16,
     -19,  -19,  -19,  -19,  -19,  -19,  -19,  -26,   28,   35,   37,   -4,   14,   16,  -19,  -23,
     -23,   -5,   37,  -22,   68,   26,  -12,  -19,  -19,   32,  -19,  -19,  -16,  -51,  -23,  -51,
     -51,  -23,  -46,  -28,  -14,  -13,  -47,    5,  -47,  -47,  -16,  -47,    5,    4,   -9,  -47,
      -9,  -47,   -9,  -43,   -9,  -19,  -16,  -16,  -19,  -28,  -28,  -46,  -47,  -47,  -47,  -47,
     -47,  -47,  -47,  -47,    4,   18,   36,  -47,  -47,  -47,  -47,  -47,    5,  -47,  -47,  -47,
     -47,  -47,  -47,  -47,  -47,   16,   20,   16,   14,    5,  -47,  -43,  -43,  -28,   18,  -61,
      60,   19,  -55,  -47,   -5,  -47,   17,  -47,  -47,  -51,  -23,  -32,  -14,  -10,  -43,   -2,
     -46,  -35,  -46,   -2,  -14,   -2,   -2,   -2,   -7,   -2,   -2,   -2,   -2,   -2,  -12,   -9,
     -14,  -14,   -7,   -2,   -2,   -2,   -2,   -2,   -2,   -2,   -2,   -7,   -7,   -7,   -2,   -2,
      -2,   -2,   -2,   -2,   -2,   -2,   -2,   -2,   -2,   -2,   -2,   -7,   -7,   -7,   -2,   -2,
     -43,   -7,   -2,   -7,   -7,   -2,   -2,   -2,   -2,   -7,   -2,   -2,  -23,  -30,   -7,  -14,
     -23,   -7,  -26,  -28,  -26,  -28,   -9,  -26,  -23,   -9,  -50,  -12,
};

static const EpdLigaturePair literatamono_14_bolditalicLigaturePairs[] = {
    { 0x00660069, 0xFB01 }, // f i -> U+FB01
    { 0x0066006C, 0xFB02 }, // f l -> U+FB02
};

static const EpdFontData literatamono_14_bolditalic = {
    literatamono_14_bolditalicBitmaps,
    literatamono_14_bolditalicGlyphs,
    literatamono_14_bolditalicIntervals,
    68,
    43,
    35,
    -9,
    true,
    literatamono_14_bolditalicGroups,
    13,
    nullptr,
    nullptr,  // kernLeftClasses: built-in fonts use the split arrays below
    nullptr,  // kernRightClasses
    literatamono_14_bolditalicKernLeftCodepoints,
    literatamono_14_bolditalicKernLeftClassIds,
    literatamono_14_bolditalicKernRightCodepoints,
    literatamono_14_bolditalicKernRightClassIds,
    nullptr,  // kernMatrix: built-in fonts use the sparse form below
    literatamono_14_bolditalicKernRowOffsets,
    literatamono_14_bolditalicKernSparseCols,
    literatamono_14_bolditalicKernSparseValues,
    528,
    504,
    155,
    192,
    literatamono_14_bolditalicLigaturePairs,
    2,
};
