/**
 * generated by fontconvert.py
 * name: literatamono_12_italic
 * size: 12
 * mode: 2-bit  compressed: true
 * Command used: fontconvert.py literatamono_12_italic 12 ../builtinFonts/source/Literata/Literata-Italic.ttf --2bit --compress --pnum --zopfli --mono
 */
#pragma once
#include "EpdFontData.h"

static const uint8_t literatamono_12_italicBitmaps[11040] = {
    0x95, 0x97, 0xD1, 0x8A, 0xE3, 0x3E, 0x0F, 0x47, 0x0F, 0xE8, 0x36, 0xA0, 0x57, 0x09, 0xCC, 0xAD,
    0x40, 0xAF, 0x2E, 0xE8, 0xED, 0x42, 0x5F, 0x45, 0xD0, 0x5B, 0x81, 0x3E, 0xDB, 0x49, 0x32, 0x9D,
    0x9D, 0x2D, 0x7C, 0xFF, 0xE8, 0x77, 0x4E, 0xB6, 0xD8, 0xB5, 0x53, 0xD7, 0xD9, 0x74, 0xD0, 0x50,
    0xAE, 0xDA, 0x7E, 0x14, 0x38, 0x3D, 0xC8, 0x7C, 0xE5, 0x2B, 0x8E, 0x03, 0x93, 0x09, 0xEC, 0x07,
    0xDE, 0x5D, 0xA4, 0xB2, 0x88, 0x6D, 0xD1, 0xDD, 0x29, 0x61, 0x2C, 0xD8, 0x17, 0x6C, 0x57, 0x3A,
    0xB4, 0xD3, 0xAC, 0x66, 0xF6, 0xDD, 0x76, 0x3C, 0xD1, 0x82, 0x06, 0x4F, 0xBE, 0x8A, 0xDD, 0x6C,
    0xB7, 0x9A, 0x49, 0x9F, 0x9D, 0x61, 0x47, 0x13, 0xC3, 0x8C, 0x24, 0x95, 0x18, 0x92, 0x29, 0x65,
    0x68, 0x03, 0x33, 0x03, 0xCD, 0xEC, 0x80, 0x7C, 0x25, 0xF2, 0x88, 0x44, 0xE5, 0x92, 0x4D, 0xED,
    0xF2, 0x0A, 0x92, 0x86, 0x4E, 0xB4, 0x0B, 0xC7, 0x31, 0x8C, 0x82, 0x89, 0x1B, 0xA8, 0x37, 0x4E,
    0x69, 0x29, 0x8A, 0x21, 0x24, 0x12, 0x07, 0xCA, 0x7A, 0xC7, 0xA3, 0xD0, 0x0E, 0x32, 0x33, 0x22,
    0xD8, 0x09, 0x09, 0x61, 0xF5, 0x5E, 0x55, 0x14, 0x79, 0x56, 0x51, 0xD8, 0x2A, 0x5D, 0x25, 0x41,
    0xD8, 0xF9, 0xAF, 0x59, 0xEF, 0x1D, 0xDF, 0xDF, 0x78, 0xB4, 0x2A, 0x1B, 0x46, 0x42, 0x10, 0xF9,
    0xB0, 0x96, 0xB0, 0xCA, 0xA7, 0x3C, 0x24, 0xD8, 0xB9, 0xD3, 0x5D, 0x23, 0xEC, 0x90, 0xDF, 0x71,
    0x77, 0x55, 0xCB, 0x2E, 0xEF, 0x76, 0x48, 0x08, 0xE4, 0x08, 0xE8, 0xCA, 0x06, 0xC6, 0xF7, 0xDB,
    0xFE, 0xD5, 0x68, 0xDF, 0x8D, 0xE0, 0x89, 0xBC, 0x0A, 0xC5, 0x07, 0x8A, 0x1D, 0xC4, 0xA4, 0x7E,
    0xC2, 0xC4, 0x16, 0x86, 0x0F, 0xF4, 0x95, 0x48, 0x83, 0x66, 0xA7, 0xCC, 0x8A, 0x0F, 0x95, 0xDD,
    0xD2, 0x78, 0x47, 0x4A, 0x16, 0x33, 0x1C, 0x91, 0x40, 0x47, 0xC0, 0x8E, 0x57, 0x9B, 0xB2, 0x19,
    0x76, 0x7C, 0x76, 0xE9, 0x70, 0x49, 0x23, 0x9D, 0x32, 0xEA, 0xEC, 0xEF, 0x48, 0x07, 0x14, 0xD8,
    0x91, 0xA2, 0x92, 0x2C, 0x0D, 0x2F, 0xC0, 0x80, 0x02, 0x39, 0x51, 0x03, 0x1B, 0xE4, 0x81, 0x84,
    0xA1, 0x2C, 0x56, 0x75, 0x1F, 0x63, 0xDD, 0x48, 0xC3, 0xDA, 0x99, 0xA5, 0x9D, 0x0A, 0xDB, 0x15,
    0x5D, 0x17, 0xF3, 0x3E, 0x2F, 0x54, 0x51, 0x29, 0x59, 0xBE, 0xA6, 0xD6, 0xA2, 0x5B, 0xC2, 0x95,
    0x91, 0xD5, 0xC3, 0xD3, 0xB2, 0x1A, 0x2B, 0xFC, 0x88, 0x61, 0x23, 0xCE, 0x1C, 0x7C, 0x2D, 0xC8,
    0x3C, 0x92, 0x2D, 0xB1, 0xC0, 0xBE, 0xD7, 0xE4, 0x5E, 0x16, 0x3F, 0xE6, 0x99, 0x91, 0x9C, 0xA1,
    0x43, 0x5F, 0xE9, 0xD8, 0x35, 0x94, 0x69, 0xA4, 0x74, 0x88, 0xC6, 0x46, 0x19, 0x96, 0xF8, 0x48,
    0x61, 0x46, 0xF9, 0x9A, 0xE5, 0xB8, 0x2B, 0x7D, 0xB5, 0xD6, 0x75, 0x31, 0x46, 0xBB, 0xB4, 0x96,
    0xC1, 0x9D, 0x4C, 0x49, 0xF7, 0xD0, 0xC2, 0xC7, 0x01, 0x00, 0xDE, 0x6D, 0x8E, 0xC7, 0x28, 0x7E,
    0x1E, 0x46, 0xD3, 0xDC, 0x7B, 0xF9, 0xFE, 0x72, 0x12, 0x87, 0x5A, 0xD1, 0x40, 0x12, 0x9C, 0x75,
    0xCA, 0xEE, 0xE2, 0xED, 0xE8, 0xAE, 0xA3, 0x51, 0xE3, 0xBB, 0xF7, 0x8C, 0x4F, 0x69, 0x50, 0x10,
    0xE7, 0xB2, 0x92, 0x12, 0x23, 0x75, 0xAF, 0x4D, 0xA3, 0x89, 0xB0, 0x12, 0x00, 0xB0, 0x5A, 0x72,
    0x1A, 0xEF, 0x40, 0x4A, 0x0A, 0x0D, 0x14, 0x03, 0x09, 0x93, 0x8A, 0x4C, 0xD7, 0x21, 0x93, 0xD8,
    0x23, 0x97, 0xF4, 0x4D, 0x19, 0xF9, 0x15, 0x91, 0xF6, 0xEA, 0x48, 0x8F, 0xC2, 0x00, 0x14, 0x76,
    0x24, 0xA5, 0xA0, 0x3B, 0x00, 0x03, 0x28, 0x40, 0x96, 0x7A, 0xCA, 0x01, 0xD5, 0x4B, 0x9B, 0x06,
    0x98, 0x5C, 0xDA, 0xA7, 0xBA, 0x13, 0x82, 0x53, 0x12, 0x14, 0x02, 0x85, 0x82, 0xD1, 0xA9, 0x1D,
    0xDE, 0x85, 0x3E, 0x1A, 0x09, 0x0D, 0xB9, 0x4B, 0x27, 0x48, 0x24, 0xF2, 0xAC, 0xAB, 0x2D, 0x7F,
    0xA2, 0xA1, 0x8F, 0x3E, 0x66, 0xD0, 0x82, 0xF6, 0xD5, 0x47, 0x91, 0xF4, 0x81, 0x01, 0x17, 0x75,
    0x62, 0x6F, 0x38, 0xE4, 0x1A, 0xB5, 0x1A, 0x3C, 0xF1, 0x6E, 0x34, 0x3A, 0x25, 0xA8, 0x81, 0x0D,
    0x7C, 0xA0, 0x1F, 0xF0, 0x81, 0x1D, 0x7D, 0x35, 0xF5, 0xD9, 0x74, 0x1F, 0x63, 0x48, 0x78, 0xC8,
    0x5D, 0x70, 0xD3, 0xB5, 0xCE, 0x3F, 0xF9, 0x2E, 0x0D, 0xA7, 0xBB, 0xF1, 0x81, 0x7E, 0x18, 0xE3,
    0xF3, 0x38, 0x07, 0x3A, 0xE8, 0x06, 0xB4, 0xA1, 0x3B, 0x24, 0x48, 0x85, 0x0F, 0xEB, 0xA1, 0x69,
    0xB0, 0xF0, 0x81, 0x4E, 0x82, 0x94, 0xF5, 0x41, 0x0A, 0x6F, 0xE9, 0x3C, 0x36, 0x65, 0x60, 0xFF,
    0x56, 0x77, 0x9D, 0x0A, 0xEC, 0xB3, 0x74, 0xAA, 0x6B, 0x7D, 0xD9, 0x92, 0x12, 0x9F, 0x4A, 0xA3,
    0xCB, 0xEB, 0x91, 0x9F, 0xDB, 0x57, 0x31, 0xCB, 0x48, 0x02, 0x6F, 0x6D, 0xCD, 0x6B, 0x4C, 0x45,
    0xC2, 0x06, 0xEB, 0x61, 0x89, 0x3C, 0x19, 0xC4, 0xF1, 0x3A, 0xEA, 0x6C, 0xF3, 0x81, 0x4E, 0xC2,
    0x4B, 0xBA, 0x4B, 0xCA, 0x1B, 0x24, 0xFE, 0x0B, 0x77, 0x71, 0x7F, 0x69, 0x05, 0x1D, 0x32, 0x8D,
    0xD4, 0x4A, 0x2F, 0x3F, 0x11, 0x9B, 0xD6, 0xE9, 0x98, 0x7E, 0xC4, 0xB6, 0x6C, 0xC3, 0x12, 0xFB,
    0x74, 0x4E, 0x93, 0xE9, 0xD3, 0x31, 0x5D, 0xC3, 0x8A, 0x1F, 0xC6, 0xE9, 0x74, 0x19, 0xA4, 0xAC,
    0x49, 0x9C, 0x21, 0x43, 0x7A, 0xEA, 0xB9, 0x14, 0x6B, 0xCC, 0x35, 0xD8, 0x10, 0x4B, 0x35, 0x65,
    0x53, 0x3E, 0xA5, 0x4B, 0x85, 0x22, 0x43, 0xDB, 0x50, 0x27, 0x05, 0xDA, 0x6F, 0xF7, 0x0E, 0xE5,
    0x60, 0x06, 0x7E, 0x51, 0x27, 0x76, 0x60, 0x3E, 0x38, 0xF6, 0x8A, 0xA4, 0x74, 0xC7, 0xB1, 0x57,
    0xF2, 0xF7, 0x3D, 0x7C, 0x97, 0x0E, 0x1C, 0x79, 0x7E, 0xDE, 0xB7, 0xF7, 0x9E, 0xA5, 0x3D, 0x90,
    0x90, 0x44, 0xA1, 0x70, 0x30, 0x0C, 0xFC, 0x4D, 0x35, 0x65, 0xEF, 0x32, 0x1C, 0x0A, 0x0D, 0x49,
    0x24, 0x35, 0xC0, 0x13, 0xE8, 0x02, 0xC2, 0x1F, 0x01, 0xD2, 0x01, 0x2C, 0xF9, 0x87, 0xFF, 0x70,
    0xEE, 0xFD, 0x73, 0xEC, 0x99, 0xC7, 0xAF, 0x7D, 0xB3, 0xF0, 0xD2, 0xEE, 0x96, 0x3A, 0x9E, 0x46,
    0x46, 0xAD, 0xEC, 0x06, 0x1E, 0x68, 0x41, 0x83, 0x26, 0x52, 0x60, 0xD7, 0x53, 0xE7, 0xFC, 0xC1,
    0xD7, 0xDD, 0xD9, 0x2A, 0x99, 0x8A, 0x4D, 0x76, 0x65, 0x47, 0xE1, 0xFF, 0x45, 0xBA, 0xE8, 0xD4,
    0x76, 0xC8, 0x9F, 0x48, 0xDA, 0x2F, 0xB6, 0x49, 0x18, 0x36, 0xD8, 0xC3, 0x79, 0x85, 0x3E, 0x1F,
    0x21, 0x2D, 0xD5, 0x29, 0x1D, 0x0E, 0x86, 0xC2, 0x3E, 0x95, 0x68, 0x90, 0x6B, 0x5F, 0x9F, 0x4A,
    0x61, 0x48, 0x81, 0x43, 0x1B, 0x50, 0x06, 0xD8, 0xD2, 0x0E, 0x78, 0x02, 0xBA, 0x14, 0x53, 0x40,
    0xA7, 0xC6, 0x1A, 0x5B, 0x63, 0x2B, 0x14, 0x09, 0xF2, 0x3E, 0x85, 0xE4, 0x75, 0x5A, 0xB3, 0xE4,
    0x9A, 0x4C, 0xD7, 0x29, 0xB5, 0xD6, 0x84, 0x66, 0x0A, 0x5C, 0xA7, 0xDD, 0x37, 0x20, 0xD3, 0x0D,
    0xA8, 0x54, 0x03, 0x3C, 0x74, 0x3F, 0x4E, 0x09, 0x38, 0x72, 0x9E, 0x02, 0xBC, 0xA5, 0x43, 0x12,
    0x63, 0x28, 0xA1, 0xEE, 0x07, 0x91, 0x2B, 0xA0, 0x05, 0x48, 0xDE, 0x2A, 0x40, 0x0D, 0x30, 0x07,
    0x76, 0x0D, 0x48, 0x79, 0xDF, 0x7B, 0x9D, 0xDA, 0x31, 0xE5, 0x50, 0xBA, 0x5A, 0x57, 0x41, 0x2A,
    0xD4, 0x06, 0x66, 0xE0, 0x3B, 0x68, 0x7C, 0x00, 0xE8, 0x42, 0x7B, 0x2D, 0x4C, 0x18, 0x3A, 0x70,
    0xB6, 0xFB, 0xA7, 0x5A, 0x7E, 0xF7, 0x73, 0xA0, 0x80, 0x04, 0x49, 0x42, 0x83, 0x70, 0x8E, 0xF7,
    0x74, 0x77, 0x78, 0x7A, 0x1A, 0x9F, 0xEB, 0xF7, 0x2F, 0xF5, 0x8E, 0x84, 0x84, 0x1D, 0x6C, 0x65,
    0x03, 0x5D, 0x11, 0x90, 0x98, 0x21, 0xE0, 0xEE, 0xF4, 0xA1, 0x9F, 0x8F, 0x92, 0xFF, 0xAB, 0x74,
    0x16, 0x4A, 0x7F, 0x7F, 0xA0, 0xAF, 0x80, 0x4C, 0x24, 0x12, 0xC5, 0x06, 0xDB, 0x72, 0x22, 0xD1,
    0xDD, 0x49, 0xE1, 0x28, 0x04, 0x6D, 0xE8, 0xAB, 0x50, 0x0C, 0xA3, 0x16, 0x57, 0xA5, 0x4C, 0x8C,
    0x1A, 0xD8, 0x66, 0xB8, 0x79, 0x68, 0x3A, 0x1D, 0xE0, 0xFF, 0x78, 0xFC, 0xE9, 0xA3, 0x50, 0x6D,
    0x74, 0xD3, 0x50, 0x93, 0xD0, 0xFD, 0x24, 0x07, 0x47, 0xB1, 0xC0, 0xD7, 0x9C, 0xD2, 0x01, 0x8D,
    0x76, 0x3A, 0x69, 0x92, 0x46, 0x14, 0xE4, 0x4A, 0xAD, 0x18, 0xA9, 0xCF, 0x90, 0x82, 0x09, 0x13,
    0xFB, 0x49, 0xD7, 0x1A, 0xCA, 0xFF, 0xBA, 0xFC, 0xFC, 0xFB, 0xF2, 0xF5, 0xFB, 0xF2, 0x69, 0xF4,
    0xFA, 0x95, 0x6F, 0x92, 0xA5, 0xF1, 0x6A, 0xFA, 0xAF, 0x29, 0x1B, 0x26, 0xAE, 0x81, 0x0D, 0x4A,
    0x21, 0x59, 0x68, 0x27, 0x24, 0xFF, 0x9D, 0x38, 0x78, 0x0D, 0x1A, 0x30, 0x80, 0x2E, 0x7D, 0x95,
    0x62, 0x36, 0x53, 0xB5, 0x92, 0x32, 0x62, 0x25, 0x66, 0x6A, 0x3E, 0x94, 0x09, 0x69, 0x64, 0xC9,
    0x48, 0xB4, 0xA3, 0x45, 0x07, 0xE8, 0x40, 0x7E, 0xD1, 0xC8, 0xA3, 0xD1, 0xA7, 0xA2, 0xDB, 0x89,
    0x0D, 0xF6, 0x93, 0x1C, 0xC4, 0xCD, 0x3E, 0x7D, 0x7C, 0x41, 0x00, 0xD0, 0xE1, 0xFF, 0x7A, 0xEC,
    0x97, 0xE4, 0xB1, 0x9C, 0x00, 0xA0, 0xB9, 0x25, 0x9F, 0x2A, 0x24, 0x5E, 0xD1, 0x18, 0x9F, 0xAF,
    0xD1, 0xD0, 0x68, 0x14, 0x1F, 0x18, 0x2A, 0x89, 0x36, 0x07, 0x3A, 0x90, 0x18, 0x24, 0xCA, 0xA4,
    0x43, 0xF1, 0xF4, 0xE8, 0xDF, 0x57, 0x15, 0xCA, 0x5B, 0x95, 0xA4, 0x53, 0x52, 0xF4, 0xA3, 0xD7,
    0x23, 0x5F, 0x37, 0x47, 0xFE, 0xA8, 0xDD, 0x2E, 0xDD, 0x0D, 0xD9, 0x35, 0x97, 0xC3, 0xD0, 0x7D,
    0x9B, 0x0E, 0x3D, 0xCC, 0xB4, 0x63, 0x31, 0xED, 0xE9, 0x34, 0xFD, 0x78, 0x22, 0x0F, 0x0D, 0x79,
    0x0E, 0xFE, 0x2C, 0x10, 0x1B, 0xFC, 0x5E, 0x4F, 0x1B, 0xE4, 0xF7, 0x76, 0xC6, 0xEA, 0x67, 0x8C,
    0xBA, 0xF7, 0x96, 0xB3, 0x2E, 0x13, 0x79, 0xCA, 0x18, 0x72, 0x50, 0x83, 0xFD, 0x24, 0xEF, 0x0F,
    0x89, 0x86, 0xA3, 0x5D, 0xA8, 0x27, 0x0A, 0x3F, 0xC9, 0xC5, 0x7F, 0xB8, 0x05, 0x76, 0xDC, 0x76,
    0x34, 0x13, 0xF8, 0x9B, 0x0E, 0x70, 0x5C, 0xB2, 0x1F, 0x25, 0x4F, 0x93, 0x3F, 0x48, 0x21, 0x3B,
    0x92, 0x68, 0x5C, 0xE1, 0x8C, 0x34, 0xDA, 0x61, 0x12, 0xA6, 0x38, 0x78, 0x20, 0x05, 0x0E, 0x1A,
    0xBB, 0x44, 0x0A, 0xED, 0x78, 0x22, 0xCC, 0xE8, 0x4A, 0x37, 0xCA, 0xE7, 0x08, 0xDA, 0x21, 0x85,
    0x87, 0xF2, 0x1A, 0x48, 0xF8, 0xC9, 0xD7, 0xA0, 0x17, 0x1A, 0x4F, 0xF4, 0x31, 0x90, 0x79, 0x56,
    0xA4, 0x35, 0xA5, 0xB4, 0x3A, 0x34, 0xBE, 0xD6, 0x1E, 0x96, 0x01, 0x83, 0xAB, 0x14, 0x49, 0x85,
    0xB4, 0x93, 0x1D, 0x3C, 0x41, 0x83, 0x5E, 0xAD, 0x5F, 0xC3, 0x7E, 0xEE, 0x27, 0x59, 0x2C, 0x33,
    0xAD, 0x97, 0x53, 0xC3, 0xE0, 0xB4, 0x47, 0x42, 0x7D, 0x65, 0x82, 0x67, 0x07, 0x68, 0x7A, 0xD0,
    0xE7, 0x7E, 0xE1, 0x9A, 0xAD, 0x12, 0x3C, 0x06, 0x40, 0x83, 0x3C, 0x83, 0x4D, 0x02, 0x93, 0xC4,
    0x57, 0xEF, 0x55, 0x1D, 0x2E, 0xA1, 0x6F, 0xB1, 0x95, 0x1C, 0x21, 0x83, 0x0E, 0xFC, 0x5A, 0xF4,
    0x0D, 0x33, 0x3C, 0xF1, 0xC0, 0x3B, 0x9D, 0xDC, 0x25, 0x76, 0x25, 0x14, 0xEC, 0xED, 0xEF, 0x77,
    0x76, 0x23, 0x4D, 0xB2, 0x3B, 0xA5, 0xF4, 0x8F, 0xF2, 0x77, 0x39, 0x89, 0xFD, 0x78, 0xED, 0xD8,
    0x2A, 0x4F, 0x4D, 0xDB, 0xDF, 0x8E, 0xBC, 0x8F, 0xE6, 0x19, 0xF2, 0x8F, 0xC2, 0x24, 0xEF, 0x9B,
    0x30, 0x8E, 0x92, 0x41, 0x53, 0x78, 0x5A, 0x76, 0xFE, 0x0F, 0xBD, 0x97, 0xC1, 0x8A, 0xE3, 0x6A,
    0xCF, 0x84, 0x1F, 0xD0, 0xD6, 0xA0, 0x5B, 0x79, 0x61, 0xB6, 0x02, 0xDD, 0xBA, 0x20, 0xDB, 0x03,
    0xB9, 0x95, 0x82, 0x6C, 0x05, 0xFA, 0xED, 0xC4, 0xE9, 0x49, 0xA6, 0x39, 0x87, 0xFE, 0x67, 0x7A,
    0x3E, 0xA9, 0x9E, 0x72, 0x16, 0x56, 0xBD, 0xB6, 0x1D, 0xBB, 0xD3, 0x64, 0x26, 0xB0, 0x1D, 0x15,
    0xF7, 0xEA, 0xC6, 0x61, 0xC3, 0xA6, 0x7C, 0x53, 0x6E, 0x8A, 0x1F, 0xEA, 0x55, 0xBD, 0x38, 0x25,
    0xA2, 0x56, 0x96, 0x7C, 0xCA, 0x1A, 0x2B, 0x48, 0x61, 0x3D, 0x78, 0x39, 0x4E, 0x92, 0xF0, 0xC1,
    0x8C, 0x70, 0xB8, 0x63, 0x75, 0xB0, 0x41, 0x79, 0x21, 0x2B, 0xDF, 0x49, 0x9F, 0x5A, 0x0C, 0x8B,
    0x2D, 0x26, 0x7C, 0xE4, 0x68, 0x43, 0x71, 0x77, 0xDF, 0x65, 0xCA, 0x91, 0x88, 0x91, 0x8F, 0x83,
    0xBC, 0x28, 0x3B, 0x5A, 0x0E, 0xDA, 0x20, 0x82, 0xEC, 0x14, 0x2E, 0xF0, 0x22, 0xEF, 0x2B, 0x16,
    0x9F, 0x98, 0x26, 0xD6, 0x59, 0x00, 0xFA, 0x28, 0x1B, 0xFC, 0x5A, 0x69, 0x8A, 0x43, 0x95, 0xE0,
    0xE0, 0xE2, 0xD2, 0x54, 0x96, 0x4C, 0x8D, 0xB2, 0xC2, 0xB5, 0x18, 0x48, 0xF0, 0xC2, 0x6A, 0xAC,
    0x7A, 0x97, 0x93, 0x4D, 0xE7, 0xD1, 0xE4, 0x14, 0xB4, 0x09, 0x2B, 0x02, 0xB7, 0x76, 0xC2, 0xDD,
    0x6A, 0x85, 0x5D, 0x6A, 0x2D, 0xA3, 0x24, 0x4E, 0x5B, 0xEB, 0xB0, 0x30, 0xAB, 0x48, 0xBB, 0x54,
    0x78, 0x3B, 0x0E, 0x81, 0xC9, 0xC4, 0x3D, 0xCA, 0x06, 0x77, 0xE2, 0xAE, 0xE5, 0x68, 0xF7, 0x1F,
    0x87, 0xE2, 0xB6, 0xFC, 0x22, 0x56, 0xA0, 0x65, 0x25, 0xB7, 0xEA, 0xA4, 0x83, 0x74, 0xDC, 0xCA,
    0x4A, 0x28, 0xA8, 0x35, 0xD3, 0x10, 0xB0, 0x4E, 0xD9, 0x10, 0x5E, 0x71, 0xDB, 0xA5, 0x1E, 0xF5,
    0x55, 0xFB, 0xE7, 0xB5, 0xCA, 0x87, 0xE9, 0xAC, 0x90, 0x96, 0xD6, 0x52, 0xD6, 0xC7, 0x04, 0xE2,
    0x08, 0x11, 0x6F, 0x02, 0x60, 0x46, 0xAE, 0x95, 0x7A, 0x1C, 0x76, 0x10, 0xC8, 0x6A, 0xB3, 0x9C,
    0x19, 0xEF, 0xC8, 0xF0, 0x70, 0xC2, 0x44, 0xE2, 0x78, 0xBB, 0x22, 0x65, 0xE5, 0x95, 0x88, 0x22,
    0xD0, 0xAE, 0x7E, 0xC8, 0xA4, 0x43, 0xF5, 0x53, 0x5E, 0xD3, 0xB7, 0xD1, 0xBC, 0x2E, 0xDA, 0x60,
    0xB7, 0xC9, 0x5B, 0xCD, 0x43, 0x97, 0x37, 0xE5, 0xA5, 0xFC, 0x52, 0xD8, 0x67, 0x81, 0x1F, 0xB2,
    0x2B, 0xD6, 0x98, 0xC8, 0x99, 0xDC, 0x08, 0xB2, 0x6C, 0xEF, 0x61, 0x30, 0x0C, 0x7F, 0xEB, 0x91,
    0x2B, 0x42, 0x7E, 0xF6, 0xA6, 0x48, 0xAD, 0x8D, 0x70, 0xDC, 0xF0, 0x4B, 0x99, 0x1A, 0x85, 0x49,
    0x6E, 0x15, 0x8E, 0x82, 0xB5, 0xC8, 0xE7, 0x92, 0xCE, 0x4F, 0x8F, 0xBB, 0x2F, 0x30, 0xD0, 0xE1,
    0x56, 0xF9, 0xE1, 0xCE, 0x15, 0x63, 0xB3, 0x2B, 0xA3, 0x70, 0x07, 0xB4, 0xDD, 0x3D, 0xEE, 0xC3,
    0x3A, 0x9C, 0x99, 0xC2, 0x61, 0x83, 0x38, 0x94, 0x85, 0xD7, 0x7B, 0x3E, 0x6F, 0xF9, 0x97, 0x39,
    0xFC, 0xEA, 0xE5, 0x78, 0x58, 0x39, 0x5B, 0x1E, 0x1E, 0x58, 0x8D, 0x84, 0x01, 0x7A, 0x1B, 0x16,
    0x38, 0x56, 0x45, 0xE0, 0x53, 0x88, 0x9C, 0x72, 0x01, 0x44, 0x60, 0x45, 0x3B, 0x06, 0x6B, 0xC3,
    0x81, 0x60, 0x7B, 0x8E, 0x92, 0x08, 0x70, 0x2A, 0xC1, 0xAD, 0x1A, 0xB9, 0xF3, 0x0F, 0x0A, 0xB7,
    0x8D, 0x54, 0x78, 0x00, 0x2B, 0x0E, 0xD7, 0x0A, 0xB0, 0xD2, 0xDD, 0xCF, 0x33, 0x8A, 0xA7, 0x1A,
    0xEB, 0xC3, 0xCF, 0x12, 0xAC, 0xBB, 0x02, 0x6B, 0x5C, 0x24, 0x34, 0x08, 0x64, 0xDA, 0xD5, 0x54,
    0x7A, 0x79, 0x83, 0x03, 0x78, 0x01, 0x26, 0x80, 0xE0, 0x59, 0x01, 0xD0, 0x80, 0xDD, 0x6D, 0x0E,
    0x4B, 0xC0, 0xFD, 0x69, 0x9B, 0x17, 0x84, 0x3D, 0x6D, 0x1D, 0x36, 0x23, 0x28, 0x4E, 0xB3, 0xA2,
    0x31, 0x68, 0x1C, 0x82, 0x91, 0x4F, 0x81, 0xD5, 0x73, 0xCD, 0x04, 0x4C, 0x7F, 0x7D, 0xC9, 0xD7,
    0xE4, 0x2B, 0xE0, 0x26, 0xD8, 0xA8, 0xBF, 0xB9, 0xA4, 0x4B, 0x10, 0x53, 0xB0, 0x65, 0x01, 0xFC,
    0xFD, 0xB3, 0x74, 0x2B, 0xC8, 0xAB, 0xC0, 0xAD, 0xFE, 0xF6, 0x6A, 0x2F, 0x97, 0xD3, 0xEC, 0xE3,
    0x53, 0xF3, 0xF7, 0xD7, 0x9D, 0x69, 0xA0, 0x69, 0xB0, 0x66, 0x03, 0x4B, 0xFC, 0xCC, 0x3C, 0xFC,
    0x19, 0x4D, 0xF8, 0xF4, 0x19, 0xCE, 0x32, 0x71, 0xC6, 0x53, 0x3C, 0x7D, 0x59, 0xD1, 0xC8, 0x38,
    0xDC, 0x21, 0x5C, 0xC7, 0x22, 0x23, 0xBC, 0x61, 0xF2, 0xFC, 0x13, 0x69, 0xCA, 0x9D, 0x00, 0x9E,
    0xF4, 0x49, 0xBC, 0x90, 0x20, 0x3F, 0x26, 0x7A, 0x60, 0x04, 0x06, 0x78, 0x81, 0x09, 0x10, 0xFC,
    0x10, 0x64, 0xC1, 0x02, 0xFA, 0xF3, 0xB7, 0x3F, 0x67, 0xB0, 0xCA, 0xB2, 0x8F, 0x86, 0x0F, 0xA6,
    0xEF, 0xDB, 0x77, 0x7E, 0xB6, 0x57, 0x32, 0x33, 0x3F, 0x8F, 0xCE, 0x04, 0xCE, 0xF7, 0x66, 0x5B,
    0x81, 0x17, 0x84, 0x40, 0x09, 0xB5, 0x7D, 0x5F, 0xB6, 0x02, 0xFA, 0xDC, 0x7E, 0xE3, 0x31, 0x07,
    0x89, 0x17, 0x7A, 0xE4, 0x99, 0xAC, 0xFE, 0xAD, 0xBD, 0xA6, 0xD9, 0x18, 0x93, 0xF3, 0xB5, 0xBD,
    0xAD, 0x4C, 0xDE, 0xE1, 0x65, 0x5F, 0xD9, 0x3B, 0xBC, 0x33, 0xFC, 0x6B, 0xC9, 0x39, 0x83, 0xD7,
    0xC8, 0x8A, 0xDE, 0x89, 0x9D, 0xDC, 0xF1, 0x83, 0x19, 0x1D, 0xDB, 0x57, 0x72, 0x27, 0x1E, 0xFB,
    0xBA, 0xFC, 0x3A, 0xCC, 0x08, 0xBC, 0x0A, 0x72, 0x0A, 0x56, 0xF2, 0x6B, 0xA5, 0x6C, 0xCA, 0x9A,
    0x64, 0xB7, 0xC0, 0xE6, 0xB0, 0xEB, 0xDD, 0x6A, 0xB7, 0xCB, 0x61, 0xA6, 0xDD, 0xB8, 0x5B, 0x1F,
    0x16, 0x87, 0xE5, 0x61, 0x7E, 0xB7, 0xC6, 0xB1, 0xDD, 0xB6, 0xDD, 0x46, 0x34, 0x6C, 0x40, 0x02,
    0x2E, 0x20, 0xF8, 0x28, 0x9F, 0x97, 0x87, 0x89, 0x4E, 0x88, 0x80, 0x7C, 0xD2, 0x27, 0xF1, 0x20,
    0x72, 0xC7, 0x41, 0x5E, 0x26, 0x9B, 0x29, 0xB2, 0x01, 0x3F, 0xC3, 0x1B, 0xAC, 0xBE, 0x39, 0x5B,
    0x60, 0x0D, 0x1E, 0x10, 0x0E, 0x8B, 0xFA, 0xB6, 0x6C, 0xAF, 0xE2, 0xC7, 0x14, 0x6B, 0x00, 0xBE,
    0xF7, 0xB8, 0xC3, 0x21, 0xBD, 0x08, 0xFF, 0xD6, 0x5C, 0x59, 0xB5, 0x13, 0x81, 0x0B, 0xAB, 0xC3,
    0x23, 0x90, 0x57, 0x19, 0xF8, 0x38, 0x93, 0xFD, 0x33, 0xDE, 0x3A, 0xF0, 0x0C, 0x62, 0x47, 0xD9,
    0x54, 0xB6, 0x91, 0xE1, 0x3B, 0x41, 0xC4, 0x22, 0xB2, 0x1E, 0xF1, 0x3E, 0x53, 0x9D, 0x0D, 0x01,
    0x24, 0xE0, 0x05, 0x88, 0x67, 0x8D, 0x7C, 0x12, 0xF4, 0x8E, 0x29, 0x3E, 0xB1, 0x1D, 0x54, 0x10,
    0x3B, 0xAB, 0x92, 0x5B, 0xF9, 0xF5, 0x52, 0x36, 0xD6, 0x9F, 0xDF, 0x7F, 0xDF, 0x98, 0x6D, 0x05,
    0x2E, 0xC8, 0x06, 0x39, 0x94, 0x7D, 0x5F, 0x76, 0x27, 0x27, 0xFF, 0xCB, 0xEB, 0xD1, 0x0E, 0xCF,
    0x77, 0x11, 0xC8, 0xA1, 0x37, 0x88, 0x80, 0x5C, 0xE0, 0xF5, 0x2F, 0x00, 0xD3, 0xE4, 0xBC, 0xBE,
    0x8F, 0x85, 0xD5, 0xEC, 0xF8, 0xA7, 0xF7, 0xD9, 0x83, 0xFC, 0xF4, 0xCE, 0x9E, 0x01, 0x6C, 0x0A,
    0xBF, 0x88, 0x40, 0x2F, 0x5D, 0xC8, 0x40, 0x1B, 0x28, 0x4E, 0xF2, 0xA0, 0x90, 0x35, 0xE2, 0xC0,
    0x51, 0x39, 0x37, 0x6D, 0xDC, 0xBA, 0x4D, 0xA9, 0xB7, 0x6C, 0x1E, 0x34, 0x80, 0x4E, 0x02, 0x70,
    0xC0, 0x78, 0xD4, 0x04, 0x7E, 0x6B, 0x9C, 0x20, 0xE8, 0x83, 0x8F, 0x96, 0x1D, 0x04, 0xBD, 0x13,
    0x5B, 0x90, 0x91, 0xE5, 0x4A, 0xB0, 0x97, 0x6B, 0x10, 0x80, 0xFE, 0x20, 0x6B, 0x03, 0x12, 0xB8,
    0x15, 0x56, 0xC2, 0x58, 0xBF, 0x9B, 0x75, 0x3E, 0x85, 0xC2, 0x5C, 0x9C, 0xF5, 0xFB, 0x59, 0x25,
    0xFC, 0xA6, 0x63, 0xFB, 0x47, 0x39, 0xCF, 0x73, 0xA3, 0xEA, 0xB1, 0x1D, 0xFE, 0x2C, 0x6F, 0x7A,
    0xF0, 0x99, 0x6B, 0x39, 0x61, 0x15, 0x0F, 0x93, 0x55, 0x23, 0xA7, 0x99, 0x63, 0x6C, 0x40, 0x26,
    0xE8, 0xC3, 0xC2, 0x83, 0xCA, 0xC8, 0xC1, 0xE5, 0x0D, 0xC7, 0xB8, 0x1C, 0x85, 0x29, 0x50, 0x83,
    0xEE, 0xEA, 0xBB, 0x02, 0xA5, 0x95, 0x0F, 0x08, 0x0A, 0x06, 0x1C, 0x4B, 0xAC, 0xB1, 0xC2, 0x74,
    0xEE, 0x84, 0x01, 0x8F, 0xA8, 0x4A, 0x53, 0xDC, 0xD3, 0xDA, 0xEB, 0x36, 0xCC, 0x4B, 0x94, 0x5F,
    0xCB, 0x06, 0xAC, 0xF0, 0x22, 0x9F, 0x99, 0x5F, 0x1F, 0x0C, 0x18, 0x6C, 0x97, 0xD5, 0x86, 0xBE,
    0x3E, 0xE8, 0x17, 0x3D, 0x04, 0x7C, 0x7D, 0x6A, 0xD1, 0x24, 0x56, 0x14, 0x4C, 0xE5, 0xFB, 0x03,
    0xFC, 0xE8, 0x36, 0x21, 0x93, 0x95, 0xB3, 0xF8, 0xAF, 0xBD, 0xCE, 0x9F, 0x45, 0x9B, 0x0C, 0x52,
    0x2E, 0x5E, 0xDA, 0x1E, 0x3D, 0x3C, 0x7E, 0x0E, 0x25, 0xFC, 0xD7, 0x3E, 0xA6, 0x20, 0x45, 0x16,
    0x37, 0x81, 0xA0, 0xAD, 0xDB, 0xAF, 0x91, 0x74, 0xD0, 0x4D, 0xBC, 0x2A, 0xD0, 0xC7, 0xE9, 0x30,
    0x06, 0xD7, 0xC6, 0x2E, 0xCD, 0x6B, 0x25, 0xC3, 0x5C, 0xAE, 0xD8, 0xC5, 0xCB, 0xAE, 0x3B, 0xFF,
    0xDC, 0xC1, 0x62, 0x67, 0x39, 0x7E, 0xA0, 0x9D, 0xBA, 0x13, 0x3B, 0xE2, 0xE3, 0xDE, 0xFB, 0xEB,
    0xBD, 0x57, 0xA2, 0x20, 0x3E, 0x1D, 0x44, 0x7F, 0xBE, 0xF7, 0x04, 0xD4, 0xFF, 0x67, 0x30, 0x20,
    0x61, 0xCA, 0xAA, 0x9C, 0xF5, 0xF5, 0x41, 0xD3, 0xF2, 0xD1, 0xE6, 0xC5, 0x59, 0x5F, 0x1E, 0x7C,
    0xF9, 0xD2, 0x7C, 0x7D, 0x8A, 0x7E, 0x0A, 0x80, 0x99, 0xE7, 0x27, 0x41, 0xDF, 0x3D, 0x2F, 0x65,
    0x33, 0x78, 0x05, 0xCE, 0x90, 0x07, 0x76, 0x25, 0xDD, 0xC9, 0xD8, 0x91, 0xE3, 0x95, 0x38, 0x81,
    0xDF, 0x44, 0xCF, 0xAF, 0xFF, 0x1C, 0x15, 0x70, 0x00, 0x59, 0xCE, 0x6D, 0xC7, 0x2A, 0x4F, 0x7E,
    0xEC, 0xCC, 0x1D, 0xAF, 0x2B, 0x7E, 0xD9, 0xB1, 0x63, 0xEB, 0xD8, 0xB8, 0xAC, 0xBD, 0x41, 0x60,
    0x07, 0x05, 0x0E, 0x2C, 0x7E, 0x3F, 0xCB, 0x01, 0x2F, 0x48, 0x81, 0x16, 0xD4, 0xF6, 0xFB, 0x59,
    0x0A, 0x4C, 0x0D, 0x0A, 0x80, 0x3F, 0x3A, 0x3F, 0x13, 0x5E, 0x6C, 0xB0, 0x00, 0x92, 0x9C, 0x4A,
    0x2B, 0x7F, 0x51, 0xDC, 0xA5, 0x5D, 0xA8, 0x98, 0x22, 0x0B, 0xE7, 0xD0, 0x46, 0x3C, 0x1F, 0xB0,
    0x29, 0xF0, 0x02, 0xFB, 0x95, 0x4B, 0x63, 0xD7, 0xE1, 0x78, 0x52, 0x3C, 0xAC, 0x7C, 0xBD, 0x50,
    0x07, 0x47, 0x9F, 0xB7, 0x71, 0x7A, 0xA7, 0x70, 0x78, 0xA7, 0xC0, 0x05, 0xA6, 0x7E, 0x08, 0xFE,
    0xE8, 0x58, 0xFF, 0x0F, 0xB5, 0x9A, 0xDD, 0x6A, 0xE3, 0xDE, 0x0E, 0x47, 0x17, 0xE8, 0xD6, 0xA0,
    0x57, 0x31, 0xFC, 0x6F, 0x05, 0x7A, 0xF5, 0x1F, 0xE4, 0x76, 0x20, 0xAF, 0x22, 0xE8, 0xAD, 0x40,
    0x27, 0xDD, 0xE3, 0x34, 0x09, 0x3D, 0x9D, 0x49, 0x67, 0x32, 0x7B, 0x6B, 0xC9, 0xD8, 0x49, 0xB7,
    0x16, 0xB2, 0xF3, 0x65, 0x8A, 0x8F, 0xB8, 0x1F, 0x01, 0xD0, 0x80, 0xAD, 0x34, 0x80, 0x25, 0xE0,
    0x7E, 0x4D, 0x9B, 0x0B, 0xC2, 0xAE, 0x69, 0x37, 0xC1, 0x4C, 0x81, 0x38, 0x92, 0x89, 0xC6, 0xA0,
    0x71, 0x08, 0xA6, 0x7C, 0x64, 0x53, 0x3C, 0x8C, 0x09, 0xFC, 0xAD, 0x71, 0x82, 0xA0, 0x17, 0xD7,
    0x59, 0xF6, 0x4E, 0xD0, 0x17, 0x62, 0x0B, 0x32, 0x52, 0x5E, 0x09, 0x1B, 0x05, 0x1B, 0x02, 0x37,
    0x81, 0xCD, 0xBF, 0xD7, 0x66, 0x67, 0xA1, 0x82, 0xD1, 0xDF, 0xE9, 0xB3, 0x3D, 0x5A, 0xF6, 0x4B,
    0x2C, 0x6D, 0x04, 0xDB, 0x0E, 0x50, 0x80, 0xE9, 0x23, 0x9D, 0x01, 0x2B, 0x98, 0x7E, 0xCE, 0xD5,
    0xEF, 0x5D, 0x1D, 0x08, 0xA0, 0x0E, 0x46, 0x30, 0xC0, 0x06, 0x24, 0x58, 0x81, 0x73, 0x1B, 0xDE,
    0x30, 0x29, 0x93, 0x95, 0x63, 0x95, 0x17, 0x02, 0xB8, 0xD2, 0x07, 0x71, 0x47, 0x42, 0xB9, 0x4C,
    0xD6, 0x03, 0x59, 0x60, 0xC2, 0x45, 0x42, 0x81, 0x00, 0x18, 0x7C, 0x2A, 0xA9, 0xB0, 0x0A, 0xD4,
    0x50, 0x2B, 0x7A, 0x45, 0x50, 0x7E, 0x96, 0x35, 0xA0, 0x43, 0x28, 0x20, 0x1C, 0x64, 0xAF, 0x93,
    0x0A, 0x18, 0x18, 0xCC, 0xB4, 0x51, 0xDF, 0x90, 0xB2, 0xBA, 0x01, 0xAF, 0x16, 0x0A, 0x80, 0x6F,
    0xD8, 0xC8, 0x20, 0x1C, 0x3C, 0xC0, 0x0B, 0x4C, 0x2F, 0xB5, 0xDA, 0xD8, 0xED, 0x24, 0x9B, 0xC3,
    0xED, 0x9B, 0x62, 0xBB, 0x43, 0xF6, 0x27, 0xB1, 0x9C, 0xC1, 0x35, 0x65, 0xA2, 0x2F, 0xC4, 0x85,
    0xBC, 0xE0, 0x5F, 0x90, 0xC7, 0x73, 0xDA, 0xE4, 0xE5, 0xE7, 0x61, 0xA6, 0xC0, 0x3A, 0xA0, 0x13,
    0xC2, 0x21, 0x36, 0x88, 0x7D, 0x71, 0xBC, 0x28, 0x92, 0xC7, 0x17, 0x45, 0x7D, 0xFD, 0xA2, 0xF8,
    0xA5, 0xCF, 0x4C, 0x3D, 0xEB, 0x03, 0x04, 0x8B, 0x1C, 0x41, 0xB0, 0xF8, 0x03, 0x1F, 0xA6, 0x01,
    0x1E, 0xFA, 0x65, 0x4A, 0xD9, 0xC7, 0x84, 0x0F, 0xA6, 0xD7, 0xF6, 0x91, 0xDB, 0x74, 0x25, 0x33,
    0xF3, 0xF8, 0x79, 0xB0, 0x76, 0xD3, 0x2A, 0xA8, 0xB0, 0x6A, 0xD7, 0xDB, 0x30, 0x3C, 0x9E, 0xC2,
    0x01, 0x39, 0x68, 0x83, 0x0A, 0xC8, 0x7A, 0xA9, 0x8E, 0xB1, 0x3B, 0x65, 0x27, 0x31, 0xDF, 0x94,
    0x72, 0x5D, 0x79, 0xA9, 0x10, 0x71, 0xD4, 0xF9, 0x96, 0x4D, 0xCE, 0xE0, 0x0F, 0x95, 0x8D, 0x67,
    0xAB, 0xBB, 0x52, 0xAB, 0x32, 0x0E, 0x34, 0x50, 0xD7, 0x3F, 0x02, 0xFA, 0xF9, 0x86, 0x40, 0xAC,
    0x28, 0x18, 0x91, 0xC7, 0x39, 0x4B, 0x88, 0x3A, 0x5A, 0xC5, 0x4B, 0x5B, 0xB5, 0x51, 0x66, 0xB2,
    0x39, 0x3C, 0xE0, 0x69, 0x55, 0xEA, 0xFE, 0xFD, 0x5C, 0xEC, 0x06, 0x00, 0x3E, 0x30, 0x23, 0x13,
    0xE5, 0xF0, 0xC5, 0x1B, 0x95, 0x57, 0xC0, 0x22, 0xA1, 0xFC, 0x1D, 0x51, 0x36, 0x53, 0x64, 0x43,
    0x40, 0xC2, 0xC8, 0x24, 0x63, 0x07, 0x98, 0xF6, 0xB7, 0x76, 0x22, 0xDE, 0xA3, 0x7B, 0x45, 0xD9,
    0x25, 0xA2, 0x2D, 0xC2, 0x23, 0x2F, 0xA9, 0x0A, 0x2A, 0xA8, 0xB6, 0x4B, 0x68, 0x12, 0x6F, 0xD8,
    0x6D, 0xA9, 0x11, 0xCE, 0xDA, 0x87, 0x97, 0x69, 0x1A, 0xFB, 0x7B, 0x48, 0x8C, 0x80, 0xBF, 0xD2,
    0xB4, 0xBA, 0x01, 0xAF, 0xEE, 0x64, 0xF2, 0xB7, 0x7E, 0x2F, 0x70, 0x79, 0x18, 0x26, 0x70, 0x1D,
    0x5B, 0x88, 0xAB, 0x69, 0xFC, 0x9D, 0x26, 0x3B, 0x87, 0x8D, 0x9D, 0x01, 0x37, 0xC1, 0x8E, 0x00,
    0x20, 0xC7, 0xA6, 0xAC, 0x48, 0x4C, 0xC4, 0xFF, 0x4F, 0x33, 0x7D, 0x24, 0x11, 0x5F, 0x27, 0x17,
    0xC1, 0xB4, 0xAF, 0x8E, 0xE0, 0x05, 0xD9, 0x50, 0x0E, 0x32, 0xC8, 0xEB, 0x89, 0xFC, 0x44, 0x8A,
    0x1A, 0xD9, 0xDB, 0x49, 0x76, 0xB2, 0x9F, 0x9C, 0x2F, 0xFC, 0x38, 0xE8, 0x0B, 0x75, 0x65, 0x1D,
    0xA9, 0x25, 0x7D, 0x2B, 0x3C, 0x97, 0x51, 0x8F, 0x32, 0xCF, 0xF8, 0x5E, 0xA5, 0x9B, 0x25, 0x3D,
    0x02, 0x3B, 0x98, 0x11, 0x26, 0x0E, 0x06, 0x3B, 0x0D, 0x7E, 0x76, 0x7C, 0x3B, 0x88, 0x0B, 0xFB,
    0x41, 0x5D, 0xD0, 0x95, 0x75, 0x44, 0x69, 0x33, 0x9A, 0x8F, 0x0E, 0x97, 0xE9, 0xAB, 0xE9, 0x9A,
    0x5E, 0xCF, 0x6E, 0x00, 0xC8, 0xF2, 0xE2, 0x6E, 0xDA, 0xCF, 0x39, 0x74, 0x3E, 0xBD, 0xDE, 0x34,
    0x00, 0x8C, 0xF2, 0xF1, 0xB1, 0x9F, 0xB3, 0xAD, 0xCA, 0x76, 0x0B, 0xF7, 0x7E, 0x6E, 0x3D, 0x6D,
    0xDA, 0x6A, 0x4F, 0xFD, 0x7A, 0xCD, 0xDF, 0xAF, 0x63, 0x38, 0x41, 0x90, 0x95, 0x32, 0x79, 0x99,
    0x7E, 0xE7, 0x89, 0x4C, 0x8E, 0xE3, 0xED, 0x47, 0x27, 0x9E, 0x33, 0xFE, 0x95, 0xA5, 0x8F, 0xD5,
    0x7F, 0x6D, 0xA2, 0x9E, 0xC7, 0x16, 0x7E, 0x61, 0xDA, 0x0A, 0x4C, 0x37, 0x1C, 0x08, 0x60, 0x67,
    0xD5, 0x29, 0x5F, 0xF5, 0xB8, 0x1B, 0xA3, 0x24, 0x35, 0xFF, 0xCF, 0x75, 0x71, 0x4C, 0x16, 0xED,
    0x58, 0x39, 0x70, 0x65, 0x03, 0x0B, 0xB0, 0x06, 0x2B, 0x96, 0x47, 0x87, 0xCB, 0x20, 0xFB, 0xF4,
    0x55, 0x1F, 0x6E, 0x6B, 0xE2, 0x04, 0x85, 0xAE, 0x7F, 0xB9, 0xED, 0x06, 0x5E, 0x5B, 0xF1, 0xD5,
    0x94, 0xE9, 0x4D, 0x43, 0x90, 0xE3, 0xE3, 0x75, 0xED, 0xB5, 0x63, 0x8A, 0x0B, 0x85, 0x9D, 0x84,
    0x9D, 0xB9, 0x20, 0xD6, 0xBE, 0xFA, 0x78, 0x2C, 0x2F, 0xF8, 0x3B, 0xCA, 0xB6, 0x99, 0xB6, 0x06,
    0xC0, 0x05, 0xFE, 0xD8, 0xB2, 0xB9, 0x1E, 0xFA, 0x44, 0xE0, 0x1A, 0x9C, 0xC4, 0x09, 0xDC, 0x0A,
    0x1F, 0x58, 0x38, 0xB8, 0x89, 0x75, 0x8C, 0x77, 0x46, 0x4E, 0x16, 0x00, 0x79, 0xE0, 0x07, 0x01,
    0x49, 0x30, 0x9A, 0xC3, 0x2B, 0xB0, 0x53, 0x61, 0x1F, 0x6B, 0xE9, 0x71, 0x2D, 0xB2, 0x2E, 0x08,
    0x07, 0x12, 0x68, 0x70, 0x6E, 0x23, 0x07, 0x4C, 0xDF, 0xE1, 0x63, 0xF2, 0xF1, 0x15, 0xAC, 0xAC,
    0x5C, 0x01, 0x3C, 0x5E, 0x0D, 0x7E, 0x9D, 0xDC, 0xCD, 0xB6, 0x7A, 0x49, 0x4D, 0x00, 0xFF, 0xD4,
    0x9B, 0x27, 0x0D, 0xC0, 0x64, 0x45, 0x21, 0xFB, 0x58, 0x26, 0xC7, 0x31, 0xBD, 0xB3, 0x5D, 0xD8,
    0xFF, 0xC8, 0x2A, 0x4F, 0x9A, 0xB3, 0xEC, 0xF4, 0x33, 0xB0, 0x1F, 0x98, 0xF0, 0xFB, 0xE0, 0x53,
    0x34, 0x56, 0xBF, 0x39, 0x0D, 0x7E, 0xBD, 0x04, 0x7F, 0x5D, 0x5C, 0x8C, 0xB0, 0xC7, 0x70, 0xE1,
    0xA7, 0x3A, 0xE2, 0xE9, 0xE2, 0xDB, 0xED, 0xF5, 0x30, 0x60, 0x05, 0x29, 0x78, 0x13, 0x9C, 0xBE,
    0x28, 0x3E, 0x24, 0x7E, 0x9D, 0x9B, 0x87, 0x57, 0x32, 0x9C, 0xF1, 0xDB, 0x0C, 0x17, 0x38, 0x40,
    0x02, 0x34, 0x60, 0xE2, 0x6E, 0x64, 0xD9, 0xC8, 0x9A, 0xC4, 0x9A, 0xC0, 0x86, 0xC0, 0xCE, 0x2B,
    0xAD, 0xAB, 0xFC, 0x3D, 0x59, 0x05, 0xC6, 0x4A, 0x1D, 0x18, 0x11, 0x18, 0x19, 0x18, 0xBE, 0x52,
    0xE3, 0x58, 0xE3, 0x9B, 0x35, 0x53, 0x34, 0x50, 0x0B, 0xEC, 0xA8, 0xBE, 0x01, 0x40, 0x32, 0xCC,
    0xE9, 0x8C, 0x9D, 0x5C, 0x76, 0xBE, 0xF0, 0x63, 0x81, 0xC5, 0x85, 0xCF, 0x1F, 0x81, 0x71, 0xA1,
    0xFE, 0x91, 0x20, 0x80, 0x09, 0xB0, 0x02, 0x58, 0x49, 0x80, 0xFD, 0xA1, 0xE6, 0xE7, 0xF7, 0x26,
    0xC0, 0x81, 0x1D, 0x41, 0x98, 0xC0, 0x07, 0xB0, 0x06, 0xA8, 0x7F, 0x7F, 0x0A, 0xAE, 0xBF, 0x45,
    0xA3, 0x0E, 0xA7, 0x3F, 0x3F, 0x05, 0x01, 0x30, 0x00, 0x09, 0xE0, 0x00, 0x01, 0x50, 0x00, 0xA7,
    0xB6, 0x86, 0xF1, 0x04, 0xDF, 0x1C, 0x3C, 0x1C, 0x7C, 0xCF, 0x6B, 0xAA, 0x84, 0x4D, 0x71, 0x24,
    0x5F, 0x89, 0x9F, 0xA9, 0x48, 0x52, 0xFF, 0xEA, 0x0C, 0xD7, 0x35, 0xD9, 0x4A, 0xBA, 0xAA, 0x6F,
    0xDF, 0xEE, 0xC2, 0xE2, 0x76, 0x25, 0x07, 0xF8, 0x3B, 0x47, 0x67, 0x73, 0x78, 0x18, 0x3E, 0x77,
    0x77, 0x92, 0xE8, 0x84, 0x08, 0xC8, 0x2B, 0x7D, 0x10, 0x2C, 0x22, 0x21, 0x1C, 0xCA, 0x65, 0x65,
    0x33, 0x22, 0x1B, 0x9B, 0x82, 0x4F, 0x37, 0xB7, 0x88, 0x7E, 0x8C, 0xA0, 0x6F, 0xBF, 0x17, 0x77,
    0x7B, 0x47, 0x84, 0x83, 0xF7, 0x6B, 0x75, 0x6E, 0x3F, 0xC4, 0xBE, 0x29, 0x45, 0xED, 0xD8, 0x5B,
    0x73, 0xD9, 0x25, 0xE2, 0xA5, 0x52, 0xF8, 0x46, 0x26, 0xD1, 0x94, 0x38, 0x7D, 0x47, 0xCA, 0x67,
    0xA6, 0x98, 0x2C, 0x6B, 0x93, 0x15, 0xE1, 0xD0, 0xAC, 0x22, 0x2B, 0xF2, 0x3E, 0x8F, 0x1A, 0x12,
    0x56, 0x26, 0xEE, 0x62, 0xED, 0x46, 0x42, 0x11, 0xBE, 0xD6, 0xB1, 0x49, 0x59, 0x91, 0x3F, 0xD7,
    0x27, 0xE5, 0x73, 0x7A, 0xAB, 0x64, 0xA8, 0x20, 0xA9, 0x26, 0x56, 0x32, 0x35, 0x39, 0x34, 0x29,
    0x9A, 0x80, 0xA0, 0x21, 0x18, 0x76, 0x3F, 0x9F, 0xA7, 0x6C, 0xB8, 0xBF, 0x01, 0x20, 0x08, 0x3E,
    0x46, 0x4E, 0xE3, 0xA7, 0xC1, 0xE4, 0xB2, 0x87, 0xE9, 0x98, 0xD6, 0xAB, 0x06, 0x3B, 0x7D, 0xFA,
    0x36, 0xB5, 0xC8, 0xF6, 0x99, 0xB1, 0xBE, 0xDD, 0x65, 0xDE, 0x41, 0x00, 0x69, 0x35, 0xA7, 0xB6,
    0x73, 0xD8, 0x0F, 0xAC, 0xB1, 0x1D, 0xAB, 0xCF, 0x1F, 0xA1, 0x2F, 0x29, 0xFE, 0xC5, 0x5B, 0xE5,
    0xB3, 0x0A, 0x80, 0x73, 0x3B, 0xB2, 0x81, 0xB1, 0x41, 0x05, 0x4C, 0x41, 0x0A, 0xFC, 0xB5, 0xDD,
    0xF2, 0x8F, 0x6B, 0x7F, 0x20, 0xE0, 0x1B, 0xAA, 0xC2, 0x8A, 0x84, 0xE2, 0x18, 0x23, 0x7F, 0xAB,
    0xA0, 0x57, 0xEC, 0x01, 0x29, 0xBC, 0x61, 0xC0, 0x0B, 0x6B, 0x88, 0xEB, 0xD5, 0x5B, 0x39, 0xF2,
    0x01, 0x87, 0x84, 0x06, 0x61, 0x00, 0xD8, 0xE0, 0xA3, 0x30, 0x85, 0x93, 0x90, 0xC2, 0x1A, 0x12,
    0x5C, 0xBB, 0xA9, 0x8C, 0x49, 0xB2, 0x60, 0x83, 0x84, 0x37, 0x99, 0x6A, 0x63, 0xFF, 0xC3, 0xEA,
    0xEB, 0xB0, 0x0D, 0xEE, 0xEC, 0xE8, 0xE9, 0xEA, 0x5F, 0xD4, 0xAA, 0x8F, 0x5A, 0xF5, 0x58, 0xAB,
    0x56, 0xAD, 0x15, 0x09, 0x8E, 0xC5, 0x47, 0xDD, 0xDF, 0xD5, 0x6A, 0x4C, 0x58, 0x41, 0x43, 0xB0,
    0x35, 0x5E, 0x6C, 0xEC, 0xA6, 0xE2, 0x4D, 0x0C, 0xC4, 0x9F, 0x37, 0x7F, 0x47, 0x6E, 0xCB, 0xA4,
    0xA1, 0xBE, 0xD1, 0xFC, 0x99, 0xA9, 0x71, 0xAB, 0x72, 0xE2, 0x9D, 0xDD, 0xD9, 0x71, 0x78, 0x16,
    0x9B, 0x86, 0x0D, 0x16, 0x29, 0x30, 0xC1, 0x49, 0x30, 0x60, 0x2B, 0x7C, 0xC5, 0x0C, 0xCE, 0xD7,
    0x61, 0xB8, 0xCB, 0x07, 0x04, 0xBA, 0x76, 0x28, 0xF0, 0xFA, 0x7C, 0xE3, 0xD3, 0xB8, 0x8E, 0xD7,
    0xC8, 0xBB, 0x70, 0x61, 0x32, 0xC3, 0x1C, 0xDF, 0x9E, 0xB3, 0x1D, 0x59, 0x7F, 0xAA, 0x8F, 0xC3,
    0x3D, 0x3E, 0xF3, 0xFB, 0xFA, 0x02, 0x61, 0x2B, 0x72, 0x64, 0xC2, 0xEE, 0x76, 0x4F, 0xC2, 0x6E,
    0x21, 0x9B, 0x62, 0x20, 0x0D, 0xCE, 0x03, 0x6A, 0xEE, 0xC7, 0x94, 0x4F, 0x42, 0x3D, 0x62, 0x15,
    0x9F, 0xD8, 0xDE, 0x51, 0x10, 0x17, 0x76, 0x25, 0x6F, 0xF2, 0xF3, 0x49, 0x36, 0xD6, 0xF4, 0xB6,
    0xB4, 0xCC, 0x8A, 0xFB, 0x91, 0x72, 0xDE, 0x2E, 0x98, 0xF2, 0xE0, 0xBF, 0x0B, 0xB3, 0x70, 0x9D,
    0xF1, 0xD3, 0x05, 0x7B, 0xDF, 0x3A, 0x36, 0x5E, 0xD6, 0xDE, 0xCC, 0xBC, 0xDE, 0x6F, 0xFA, 0xEF,
    0xBD, 0x76, 0x83, 0x32, 0x88, 0x0D, 0xB2, 0x5E, 0xEB, 0xA7, 0x8D, 0x45, 0xED, 0x90, 0xF5, 0x77,
    0x9E, 0x5E, 0x2C, 0x22, 0x20, 0x76, 0xF0, 0x17, 0xBB, 0xBA, 0x20, 0x0A, 0xF6, 0x83, 0xD4, 0xDF,
    0xF9, 0x9A, 0x0A, 0x3F, 0x15, 0xE9, 0xA2, 0xE2, 0xB5, 0xAE, 0x76, 0x02, 0x3F, 0x0B, 0x4F, 0x88,
    0x1D, 0x76, 0xFD, 0xB1, 0xE7, 0x4B, 0x7C, 0x1E, 0x7E, 0x37, 0x2E, 0x1A, 0xBC, 0x5C, 0xCE, 0x2C,
    0x1F, 0xBF, 0xF3, 0xC9, 0xAB, 0xCF, 0xE1, 0x74, 0xF8, 0x9C, 0x7F, 0xFA, 0x3C, 0xAE, 0x93, 0xDC,
    0xBE, 0xB2, 0x9B, 0xE0, 0xD8, 0x05, 0xB2, 0x01, 0x28, 0x07, 0x40, 0xC6, 0x7D, 0x87, 0x65, 0xA3,
    0xC4, 0xB5, 0x35, 0x8E, 0x89, 0xFA, 0xD8, 0xC8, 0xEA, 0xBA, 0x11, 0x26, 0x2B, 0x13, 0x26, 0x5F,
    0x9B, 0xF2, 0x36, 0xB0, 0x8A, 0x70, 0xE0, 0xBA, 0xD9, 0x73, 0x03, 0xAA, 0x32, 0x80, 0x2E, 0x0F,
    0x20, 0xE5, 0x3B, 0x6B, 0x53, 0x40, 0x62, 0xC7, 0x46, 0xC0, 0x91, 0x5D, 0x00, 0x51, 0x00, 0x7B,
    0x00, 0x68, 0xFB, 0x30, 0x94, 0xC9, 0xF9, 0x4F, 0xA6, 0x3C, 0xEE, 0xBD, 0xD8, 0x62, 0x65, 0xD6,
    0x91, 0x6B, 0x2E, 0x57, 0xC0, 0x91, 0x53, 0x05, 0xFD, 0x5F, 0x15, 0x64, 0x8D, 0xC0, 0x2B, 0x05,
    0xA6, 0xA3, 0x49, 0x0D, 0xBB, 0x83, 0xEC, 0xFE, 0x4A, 0x6B, 0x87, 0x32, 0xAD, 0x09, 0xE5, 0xD0,
    0x1B, 0x44, 0x40, 0xEE, 0xE0, 0xFA, 0x02, 0x60, 0x1A, 0x1C, 0x52, 0x64, 0x51, 0x65, 0x6C, 0x40,
    0x92, 0xA3, 0x34, 0xF9, 0x5D, 0xC4, 0x8A, 0xBA, 0x04, 0x25, 0x46, 0xE4, 0xED, 0x8B, 0x5E, 0x04,
    0x59, 0xA4, 0x20, 0xAE, 0x3F, 0x1A, 0x12, 0xE0, 0x75, 0x8A, 0x04, 0xD0, 0x9F, 0xFE, 0xB1, 0xC3,
    0x67, 0x5D, 0x08, 0x0A, 0xFC, 0x42, 0xB2, 0x3D, 0x3C, 0x4F, 0xDC, 0xDF, 0xE8, 0xA3, 0xC0, 0x0A,
    0xB9, 0x50, 0x5E, 0x6F, 0x41, 0xCE, 0x08, 0x07, 0x87, 0x80, 0xC2, 0x04, 0x90, 0x53, 0x49, 0xED,
    0xA6, 0xDD, 0xD1, 0xDD, 0x43, 0x26, 0x9C, 0x3D, 0xA8, 0xB0, 0x9A, 0xA9, 0x07, 0xD1, 0x57, 0x0A,
    0x35, 0x47, 0xF0, 0x1D, 0x9B, 0xC7, 0xAF, 0x0D, 0x2F, 0x6F, 0xD3, 0x86, 0xDC, 0x64, 0x67, 0x68,
    0xA8, 0x6F, 0x88, 0xFD, 0x0F, 0xB5, 0x97, 0xC1, 0x8A, 0xDB, 0xCE, 0xB3, 0x85, 0x3F, 0x38, 0x5B,
    0x43, 0xBD, 0x8A, 0x20, 0xDB, 0x82, 0x7A, 0xF5, 0x02, 0x6F, 0x7F, 0xE0, 0x57, 0x29, 0xF0, 0xB6,
    0xA0, 0x2E, 0x6A, 0x49, 0x63, 0x3C, 0x24, 0x61, 0xEE, 0xFC, 0x27, 0xEA, 0x3E, 0xDF, 0x49, 0x62,
    0x4D, 0xE7, 0xD4, 0xB4, 0xBA, 0xD5, 0x06, 0xE8, 0x03, 0xD6, 0x34, 0x13, 0x79, 0x53, 0xAA, 0xDC,
    0xA0, 0xB7, 0x80, 0x48, 0x87, 0xE0, 0x85, 0xFE, 0x80, 0x83, 0x1F, 0x88, 0x1D, 0x06, 0x85, 0xA5,
    0x12, 0xCD, 0x00, 0xD1, 0x00, 0x4A, 0xB0, 0x02, 0x15, 0x50, 0x0C, 0x69, 0xF3, 0xCC, 0x60, 0x70,
    0x9C, 0xFE, 0x8D, 0x0E, 0x16, 0xF6, 0x48, 0x34, 0x00, 0x50, 0x80, 0x7A, 0xCA, 0x9E, 0x1D, 0x50,
    0xDB, 0x07, 0x32, 0x60, 0x08, 0xD4, 0x38, 0xAA, 0x37, 0xD8, 0x8E, 0xDB, 0x42, 0xE2, 0xF8, 0x8E,
    0x2D, 0x09, 0x9E, 0x89, 0x3D, 0xEE, 0x89, 0x46, 0x0D, 0x60, 0x00, 0x91, 0x17, 0xC4, 0xA4, 0x19,
    0xBF, 0xD2, 0x6E, 0x28, 0xA3, 0x76, 0x24, 0xCA, 0x5F, 0xA0, 0x9C, 0x13, 0x96, 0x0F, 0xB0, 0xFB,
    0x0E, 0xAD, 0x3F, 0x19, 0x68, 0xAC, 0x50, 0x5B, 0x03, 0xC0, 0x46, 0x02, 0xE0, 0x3A, 0xDC, 0x06,
    0x00, 0xD4, 0x87, 0x53, 0x7C, 0xBE, 0x62, 0x06, 0xCD, 0xB4, 0xE5, 0x94, 0x8A, 0x56, 0x2E, 0x95,
    0x12, 0x17, 0x4A, 0x25, 0x21, 0x6C, 0x77, 0x83, 0xE0, 0x70, 0x3F, 0xBD, 0x0F, 0x57, 0x9D, 0x9E,
    0x87, 0x1B, 0xBB, 0x07, 0xB1, 0xDC, 0xE9, 0x95, 0xA8, 0xA9, 0xDD, 0xAD, 0x54, 0xB8, 0x3D, 0x06,
    0x4B, 0xD5, 0x4C, 0x61, 0x3B, 0x00, 0xF2, 0x06, 0x40, 0xF9, 0x9E, 0x0A, 0x2F, 0xCB, 0x39, 0x27,
    0xB8, 0xB1, 0x63, 0x28, 0x58, 0x89, 0x66, 0x94, 0x98, 0xCA, 0x96, 0xE1, 0xBB, 0x19, 0xB5, 0x1B,
    0xA7, 0x29, 0x97, 0xD9, 0x11, 0xC5, 0x77, 0xF3, 0xC3, 0x9A, 0xD2, 0xCA, 0x91, 0xB6, 0x62, 0x10,
    0x47, 0x8A, 0x46, 0x4D, 0x1A, 0xD0, 0x6C, 0x0E, 0x38, 0x51, 0xCB, 0x2C, 0x97, 0xE9, 0x30, 0x80,
    0x69, 0xCD, 0xA4, 0x3D, 0x5B, 0x65, 0x04, 0xAE, 0x0C, 0x9C, 0x16, 0xBE, 0x1B, 0x14, 0x4D, 0xA3,
    0xA4, 0x4E, 0x53, 0x1F, 0xD1, 0x1C, 0x87, 0x96, 0x53, 0xC2, 0x6D, 0x59, 0x78, 0xDC, 0xD3, 0xB0,
    0x0A, 0x9B, 0x21, 0x06, 0x4D, 0x29, 0x21, 0xF8, 0x3D, 0xFD, 0x8B, 0x54, 0xBE, 0x28, 0x1C, 0x5B,
    0x19, 0x67, 0x06, 0x07, 0x38, 0xD9, 0x8B, 0xF5, 0xA2, 0x12, 0xC0, 0x78, 0x7D, 0xDA, 0x31, 0xD0,
    0x4A, 0xE0, 0x0D, 0x2A, 0x25, 0xB6, 0x3E, 0xF0, 0xBF, 0x40, 0xD9, 0x17, 0x68, 0xCB, 0xA0, 0xF6,
    0x0C, 0x05, 0x7C, 0xC2, 0x96, 0x40, 0x2C, 0x10, 0x69, 0x4C, 0x46, 0x2A, 0x0D, 0x25, 0xBC, 0x34,
    0x6B, 0x29, 0x58, 0xDA, 0x4B, 0x7F, 0x6A, 0x6D, 0xA8, 0x0C, 0xD8, 0x75, 0x3B, 0x24, 0x07, 0x2B,
    0x50, 0x12, 0xA5, 0xB9, 0x4F, 0xA9, 0x89, 0x6B, 0x45, 0x1B, 0x9A, 0xC3, 0x1E, 0xA7, 0xE5, 0xB2,
    0x7B, 0x3A, 0x81, 0x54, 0xCB, 0x38, 0xAD, 0x0F, 0xF3, 0xC3, 0xC2, 0x71, 0x84, 0x9D, 0x76, 0x0E,
    0xB7, 0xEC, 0xB6, 0x6C, 0x8A, 0xDD, 0x00, 0x3E, 0x59, 0x1F, 0x56, 0xBC, 0x26, 0x00, 0x5B, 0x84,
    0x3E, 0xB8, 0x87, 0xCD, 0x5E, 0x59, 0x8F, 0x41, 0x8F, 0xA4, 0x2B, 0xA8, 0x7A, 0xCF, 0x69, 0xBD,
    0x62, 0xBA, 0x54, 0x3B, 0x39, 0xD8, 0x8B, 0xBE, 0x18, 0x8B, 0x76, 0xB0, 0xF1, 0x15, 0xAF, 0x57,
    0xBA, 0x5E, 0xE1, 0x0A, 0xE0, 0x13, 0xAF, 0x89, 0x21, 0x0E, 0x72, 0xF1, 0xC2, 0xFB, 0x15, 0x8C,
    0x66, 0xEE, 0x0F, 0x46, 0x77, 0x4B, 0xD3, 0x63, 0xC7, 0x7F, 0x07, 0x30, 0xF9, 0x8E, 0xCD, 0x30,
    0x5B, 0xA8, 0x1D, 0x79, 0xC0, 0x77, 0x94, 0x03, 0xBC, 0xC3, 0xB6, 0x1D, 0xB5, 0x23, 0xB9, 0x91,
    0x10, 0xCA, 0x55, 0x39, 0xD0, 0xAF, 0xAC, 0xD7, 0xFD, 0x34, 0xA0, 0x85, 0xD9, 0x11, 0x80, 0xD9,
    0x85, 0x9B, 0xBD, 0x3D, 0xA0, 0xDB, 0x8E, 0x99, 0x82, 0xE4, 0x84, 0x92, 0x46, 0xD0, 0x18, 0x38,
    0x53, 0x36, 0x29, 0x36, 0x94, 0x05, 0xCF, 0x84, 0x78, 0xCD, 0x1C, 0xE3, 0xD8, 0xB3, 0xB1, 0xD7,
    0xEB, 0xE5, 0xA3, 0x95, 0x76, 0x39, 0x2D, 0xC7, 0x6F, 0x4E, 0x78, 0xA4, 0x55, 0x90, 0x72, 0xB3,
    0xB6, 0x52, 0x02, 0xC4, 0xA8, 0x94, 0x7F, 0x6A, 0x96, 0xD3, 0x25, 0xBF, 0x5D, 0xF7, 0x47, 0x59,
    0xF1, 0x6A, 0xA5, 0xA3, 0x0D, 0xCD, 0x46, 0xE2, 0x06, 0xD6, 0xA0, 0x7A, 0xDF, 0xEE, 0x6D, 0x60,
    0x22, 0x95, 0x2A, 0x83, 0x0E, 0x70, 0x87, 0xB8, 0xD4, 0xA7, 0xFC, 0x90, 0x07, 0xB8, 0x41, 0x59,
    0xEE, 0x63, 0x4F, 0x12, 0x8D, 0xB1, 0x29, 0x93, 0x49, 0x06, 0x1C, 0x80, 0xC1, 0xA6, 0x82, 0x72,
    0xBC, 0xDF, 0xBB, 0xD3, 0x4E, 0xD9, 0x23, 0x35, 0x90, 0x82, 0x32, 0x88, 0xFE, 0x58, 0x7A, 0xD7,
    0x35, 0x65, 0x13, 0x50, 0xEF, 0x52, 0x39, 0x9F, 0x75, 0xDB, 0x95, 0x8E, 0xA7, 0xB3, 0x65, 0xF0,
    0xCC, 0xFD, 0x95, 0xAA, 0x51, 0x2B, 0x6F, 0x50, 0x1B, 0x44, 0x41, 0x24, 0x18, 0x00, 0x44, 0xDA,
    0x7E, 0x17, 0xCA, 0x38, 0xF5, 0x0B, 0xE5, 0xBC, 0xB6, 0x90, 0xFB, 0x03, 0xD3, 0xEE, 0x86, 0xC6,
    0x4A, 0x6D, 0x4D, 0x0C, 0x5C, 0xF1, 0x3A, 0x2E, 0xFD, 0x68, 0x5E, 0xA6, 0x79, 0xBB, 0xD6, 0x4F,
    0xF4, 0x72, 0xE0, 0xFB, 0xD9, 0x71, 0xE0, 0x9C, 0x7C, 0x03, 0xF8, 0xC7, 0x75, 0xBC, 0xFF, 0x7F,
    0x3F, 0x5F, 0x4F, 0x0A, 0xB6, 0xF7, 0xE7, 0xE6, 0x9F, 0xD7, 0x94, 0x37, 0x54, 0x01, 0x5E, 0x60,
    0xF9, 0x6F, 0xEA, 0x72, 0x20, 0x00, 0x4B, 0xA0, 0xFE, 0x7D, 0x4D, 0x1B, 0xD0, 0x40, 0x24, 0x50,
    0x3F, 0x5F, 0xCF, 0x26, 0x70, 0x4B, 0xCC, 0x41, 0x9F, 0xE6, 0xC9, 0x06, 0x66, 0x52, 0x49, 0xD9,
    0x47, 0x76, 0xB8, 0xD4, 0x4B, 0x56, 0x0E, 0x4B, 0x01, 0x65, 0xBB, 0x92, 0xD2, 0x4C, 0xFD, 0x69,
    0xE3, 0x69, 0x7B, 0xB6, 0xE1, 0xBE, 0xF7, 0xEE, 0xD5, 0x4B, 0x5D, 0xF2, 0x96, 0xBB, 0x79, 0xB8,
    0x5B, 0x15, 0x94, 0x53, 0xAD, 0x6A, 0xE5, 0x04, 0xD6, 0xEC, 0xFA, 0xC6, 0x3E, 0xD8, 0xAF, 0x7D,
    0x70, 0x80, 0x02, 0xE5, 0x21, 0xE3, 0xDA, 0x6F, 0xBF, 0xB2, 0x1B, 0x96, 0x26, 0x09, 0x68, 0xA8,
    0xD5, 0x9F, 0x49, 0x03, 0x02, 0xB0, 0x04, 0x02, 0x50, 0x71, 0x5D, 0x0D, 0xE8, 0xB1, 0xC3, 0x76,
    0xE8, 0xFA, 0x2B, 0x7D, 0x41, 0x0B, 0xB1, 0xE3, 0xD3, 0x1B, 0xCE, 0xFE, 0x9F, 0x6F, 0x38, 0x28,
    0x50, 0x81, 0x25, 0x5C, 0x11, 0x82, 0x15, 0x92, 0xCC, 0xC3, 0x07, 0xE0, 0xFB, 0x6F, 0xBE, 0xD7,
    0xF1, 0x72, 0x31, 0x7E, 0xFF, 0xAD, 0x64, 0xA6, 0x81, 0xA6, 0x41, 0xCD, 0x0D, 0x14, 0x18, 0x98,
    0xC1, 0xC5, 0x55, 0x22, 0x6E, 0xD3, 0x67, 0x91, 0x6C, 0x2A, 0xCE, 0x32, 0x49, 0x2E, 0x6E, 0xCA,
    0x15, 0x87, 0x9D, 0x06, 0x6E, 0x35, 0x65, 0xEB, 0x2E, 0x25, 0x27, 0x0C, 0xC0, 0x01, 0xB6, 0x8F,
    0x08, 0x3D, 0xD8, 0xCC, 0x23, 0x0D, 0x57, 0xFA, 0x81, 0x52, 0xAE, 0x51, 0x9A, 0x69, 0x4A, 0x03,
    0xA5, 0x82, 0xDE, 0xE1, 0xE6, 0x64, 0x78, 0x0C, 0x56, 0xD6, 0x80, 0x01, 0x01, 0xF4, 0xE7, 0xF5,
    0x60, 0x4C, 0xF4, 0xEB, 0x01, 0x54, 0x3B, 0x16, 0x8E, 0x87, 0x53, 0xD1, 0x64, 0xB4, 0x08, 0x37,
    0xC2, 0x1D, 0xF7, 0x0D, 0x8F, 0xA4, 0x2C, 0xB5, 0xC7, 0xCE, 0x8E, 0xE6, 0x6D, 0xA2, 0x8C, 0x57,
    0xEA, 0xD8, 0xD7, 0xFB, 0x60, 0xE9, 0x18, 0x43, 0xEC, 0xD2, 0x83, 0x30, 0x3B, 0x06, 0x2C, 0xC3,
    0x32, 0x30, 0x1C, 0x7B, 0x16, 0x3D, 0x89, 0x72, 0x8D, 0xD5, 0x40, 0x07, 0x60, 0xFA, 0xE7, 0x27,
    0x29, 0x77, 0x88, 0x00, 0x33, 0xD0, 0xF1, 0x6C, 0x7D, 0xFF, 0x79, 0xD2, 0x00, 0xA6, 0x84, 0x1B,
    0x09, 0x4E, 0xBE, 0xE2, 0xFF, 0x75, 0x85, 0x2C, 0xBC, 0x92, 0x7F, 0x3D, 0xFE, 0xB5, 0x24, 0x44,
    0x21, 0xB6, 0xFF, 0x69, 0x39, 0xB8, 0x41, 0x58, 0x62, 0xF7, 0x82, 0xDA, 0xDE, 0xBF, 0x95, 0x67,
    0xA4, 0x3E, 0x1A, 0x7C, 0x68, 0x7A, 0xF9, 0xBB, 0x5E, 0xCD, 0x32, 0x98, 0x19, 0xB6, 0xA2, 0x9B,
    0x08, 0x74, 0x4F, 0xEE, 0x00, 0x0C, 0x36, 0x19, 0x2A, 0xA7, 0x5C, 0xD5, 0x96, 0xCF, 0x61, 0xA0,
    0x57, 0x7F, 0x1D, 0xD7, 0xA2, 0xC0, 0x1B, 0xF2, 0x76, 0xEA, 0xE7, 0x42, 0x31, 0x68, 0xD2, 0xC8,
    0x1B, 0x09, 0xDB, 0xD7, 0x43, 0x55, 0xD3, 0x41, 0x18, 0xCA, 0x04, 0x00, 0x4D, 0x11, 0xE0, 0x5F,
    0xEB, 0x8D, 0x4D, 0x56, 0xD1, 0x85, 0x3B, 0x66, 0x48, 0x00, 0xD6, 0xA8, 0x7F, 0x7B, 0xFF, 0xD5,
    0x27, 0x09, 0xAC, 0xDD, 0x37, 0x2B, 0x6D, 0x5F, 0x3A, 0xAE, 0xAB, 0xA2, 0xF7, 0xBB, 0xE1, 0x6F,
    0xC7, 0x75, 0xD3, 0x31, 0xEF, 0xAA, 0x06, 0xB7, 0x1F, 0x3D, 0xAA, 0xBB, 0x13, 0x47, 0x95, 0xF7,
    0x24, 0xF3, 0xEB, 0x47, 0x75, 0xD4, 0x60, 0x06, 0x2E, 0xD8, 0x96, 0xF2, 0xA7, 0x42, 0x11, 0xF0,
    0x4C, 0x51, 0x62, 0xBB, 0xC1, 0xD7, 0x43, 0x79, 0x5C, 0xAB, 0x24, 0xA1, 0x8A, 0xD7, 0x2A, 0x69,
    0xEC, 0x3E, 0x28, 0xED, 0xF3, 0x2C, 0xA0, 0x74, 0xF4, 0x48, 0x74, 0x4F, 0x94, 0x85, 0xB2, 0x8F,
    0x7F, 0xCB, 0x58, 0x8A, 0xB6, 0x99, 0x51, 0x7B, 0xE3, 0xEF, 0xBF, 0xA9, 0x50, 0xCD, 0xBD, 0xF5,
    0x70, 0xFD, 0x87, 0x1A, 0x6D, 0xA8, 0xB0, 0xBC, 0x3A, 0x67, 0x27, 0xCE, 0x30, 0xE9, 0x88, 0x1B,
    0xE4, 0xCF, 0x85, 0x3A, 0x56, 0x89, 0x48, 0xA3, 0x80, 0xAF, 0x87, 0xBA, 0xED, 0xF6, 0x48, 0x54,
    0x05, 0xEE, 0x3F, 0x7A, 0x8A, 0xBC, 0x82, 0x73, 0x8D, 0x7D, 0xBB, 0x7D, 0xFF, 0xC4, 0x68, 0xE7,
    0x18, 0x65, 0x90, 0x82, 0xFC, 0xB9, 0x9C, 0x58, 0x42, 0x9F, 0x13, 0x93, 0x37, 0x80, 0xEF, 0xE7,
    0x9C, 0xB4, 0x67, 0x39, 0xBD, 0xFA, 0xE6, 0x10, 0x89, 0x35, 0x0C, 0x58, 0xA1, 0x06, 0xBF, 0x9E,
    0xDD, 0x8A, 0x49, 0x1B, 0x00, 0x8E, 0x4F, 0x0A, 0x0A, 0x25, 0x1A, 0x6C, 0xD2, 0x95, 0x6E, 0x04,
    0x44, 0xA2, 0x86, 0x00, 0xCB, 0x4D, 0x59, 0x62, 0x82, 0x28, 0x00, 0x25, 0xFA, 0xF8, 0x29, 0x98,
    0x99, 0x1A, 0x53, 0x95, 0xE1, 0xBB, 0x36, 0x63, 0xC3, 0xE0, 0xAB, 0xD2, 0x34, 0x00, 0xC4, 0x29,
    0x03, 0x6E, 0x80, 0x83, 0x56, 0xB7, 0xD5, 0x67, 0x30, 0xFE, 0xDC, 0x85, 0x4D, 0xAA, 0xAF, 0xCA,
    0xEA, 0x55, 0xD9, 0xFF, 0x01, 0x1D, 0xCA, 0x01, 0x86, 0x80, 0x41, 0x14, 0x02, 0xE0, 0x18, 0x80,
    0xA1, 0xAB, 0xEC, 0x01, 0xE2, 0x5D, 0x3D, 0xF6, 0x42, 0xF1, 0x03, 0xC4, 0xEC, 0xB3, 0x12, 0xD1,
    0xF7, 0x83, 0x62, 0x70, 0x0C, 0x13, 0x84, 0x10, 0x18, 0x07, 0xB4, 0x12, 0xF9, 0xCE, 0xF1, 0xF7,
    0xE0, 0x87, 0x57, 0x5F, 0xDF, 0x68, 0xD2, 0x56, 0xEC, 0x88, 0xCF, 0x5F, 0x12, 0x9A, 0xB8, 0x18,
    0x7C, 0xB6, 0x7F, 0x17, 0x92, 0x1C, 0x29, 0xB1, 0xBD, 0x5C, 0xFF, 0x7F, 0xD2, 0x4A, 0xE4, 0x39,
    0x93, 0xC4, 0xF2, 0x5D, 0xD0, 0xCC, 0x0C, 0x77, 0xB5, 0x8D, 0x3A, 0x8B, 0x17, 0x85, 0xB8, 0xA0,
    0xE1, 0xE3, 0xB7, 0x25, 0xB4, 0xA9, 0xC7, 0xBE, 0x66, 0x34, 0x79, 0xFD, 0x03, 0xC5, 0x99, 0xCF,
    0x8A, 0xE3, 0xBC, 0xD3, 0x46, 0x0F, 0xD4, 0x36, 0x50, 0xB7, 0x62, 0x98, 0x6D, 0x41, 0xDD, 0x7A,
    0x41, 0xB6, 0x03, 0xB9, 0x95, 0x82, 0xDE, 0x16, 0x3C, 0x9F, 0x65, 0x27, 0x99, 0xE4, 0xED, 0xEE,
    0xF9, 0xDE, 0xBF, 0xFC, 0x5A, 0xCF, 0x39, 0x4A, 0x67, 0x8C, 0xAC, 0x4C, 0x2C, 0xC9, 0x56, 0xD3,
    0x01, 0x93, 0xAC, 0xFA, 0xF5, 0x27, 0x25, 0xAC, 0xB2, 0xEC, 0x59, 0xE0, 0x89, 0xE6, 0xA8, 0xDF,
    0xF9, 0x55, 0xBC, 0x12, 0x49, 0x8B, 0x46, 0x6E, 0x4D, 0x3B, 0x41, 0x2D, 0xE1, 0xF0, 0x50, 0x0E,
    0xE4, 0x08, 0x12, 0x2F, 0x12, 0xBB, 0x2B, 0xFE, 0x28, 0x3F, 0x84, 0xA9, 0x13, 0x20, 0x00, 0x6B,
    0x80, 0x02, 0x1A, 0xEB, 0xF3, 0x88, 0x67, 0xCF, 0xBD, 0xD2, 0xCA, 0xAD, 0xEC, 0x08, 0xBF, 0x89,
    0x17, 0x12, 0xF8, 0x80, 0x8E, 0x0F, 0xDB, 0x8E, 0x75, 0x00, 0x0F, 0x52, 0xC3, 0x00, 0xF3, 0xFA,
    0xDE, 0x49, 0x7B, 0x59, 0xD9, 0x08, 0xB2, 0x41, 0xE5, 0x1F, 0x1D, 0xCC, 0x91, 0x2D, 0x20, 0xEB,
    0x6C, 0x17, 0xBC, 0xB1, 0x81, 0x08, 0x62, 0x56, 0x3A, 0x55, 0x2E, 0x52, 0xD6, 0x56, 0xDF, 0x15,
    0x2F, 0x4D, 0xF8, 0x64, 0x38, 0x00, 0x7F, 0xE2, 0xE8, 0x9C, 0xEB, 0xB7, 0x47, 0xF8, 0x59, 0x58,
    0x25, 0x68, 0x0A, 0x52, 0x2A, 0x70, 0x12, 0x30, 0xE2, 0xDD, 0xF8, 0xBB, 0x55, 0x38, 0x69, 0xCD,
    0x85, 0x60, 0x96, 0x5F, 0xCA, 0x10, 0xDB, 0xC6, 0x30, 0xD1, 0x0C, 0xAD, 0x62, 0xB2, 0x12, 0x97,
    0x48, 0x99, 0x0A, 0x6B, 0x06, 0xAC, 0x88, 0xDF, 0x58, 0x9A, 0x39, 0xAC, 0x3E, 0xDE, 0x99, 0xDD,
    0x43, 0x7C, 0xF2, 0x1C, 0x6E, 0x2F, 0x3A, 0x4B, 0xE3, 0x9A, 0xDF, 0x5C, 0x69, 0x79, 0xC8, 0x05,
    0x29, 0x2F, 0xB2, 0x9E, 0x17, 0xD9, 0x77, 0x4A, 0xAC, 0x4D, 0x95, 0xF3, 0xDA, 0xC2, 0x00, 0x56,
    0xEF, 0x03, 0x84, 0xC1, 0xDB, 0x06, 0x2B, 0x8B, 0x5D, 0x17, 0x1E, 0xDA, 0x96, 0x1A, 0xEC, 0x5A,
    0x60, 0xB7, 0xA5, 0x9A, 0xA5, 0x7C, 0xCA, 0x0F, 0xD5, 0x2E, 0x2B, 0xBC, 0x4D, 0xA5, 0x41, 0xE0,
    0x00, 0x5E, 0x80, 0x35, 0x40, 0xBC, 0x9F, 0xD2, 0xD4, 0xD6, 0x7F, 0xEC, 0xFF, 0xEC, 0xB2, 0x25,
    0x8F, 0x5D, 0xB1, 0xD4, 0xBB, 0xAE, 0xB5, 0xEB, 0xC6, 0xAE, 0x59, 0xEA, 0xCF, 0x23, 0x4A, 0xE3,
    0x2A, 0x2E, 0xC0, 0x58, 0x21, 0x41, 0x36, 0x8F, 0x1F, 0xB5, 0xCB, 0xCB, 0xDA, 0xA1, 0xBC, 0x6C,
    0x15, 0x16, 0xB4, 0x43, 0x5F, 0x20, 0x62, 0x67, 0x03, 0x6F, 0xF0, 0x3A, 0xB8, 0xF8, 0xF9, 0x76,
    0x0E, 0x78, 0xAD, 0xDA, 0x54, 0x56, 0x04, 0xFF, 0x58, 0xBE, 0x24, 0x49, 0x05, 0x0D, 0xAF, 0xAA,
    0xA5, 0x78, 0x7E, 0x4B, 0x87, 0xB4, 0x94, 0x80, 0xFB, 0x43, 0x17, 0x2F, 0x08, 0x7B, 0x68, 0x5B,
    0x92, 0x1A, 0x8A, 0xBB, 0xAC, 0x18, 0x0C, 0x06, 0x87, 0x40, 0xED, 0xAA, 0xFB, 0x3C, 0xB8, 0x63,
    0x7C, 0x9A, 0x07, 0x6F, 0xC2, 0x7E, 0x3E, 0xE7, 0xC8, 0x7E, 0xF0, 0x1C, 0x71, 0x57, 0x21, 0x35,
    0xA9, 0x61, 0xBD, 0xB6, 0xF2, 0xD7, 0x11, 0xB9, 0xC0, 0xAA, 0xB1, 0xDB, 0x3C, 0xFE, 0xAD, 0xDF,
    0x79, 0xB6, 0xF1, 0xB7, 0x66, 0x35, 0x49, 0x45, 0x12, 0xE0, 0xCC, 0x5D, 0x97, 0x17, 0x35, 0xC4,
    0x17, 0xDA, 0x96, 0xFA, 0x21, 0xAB, 0x87, 0x52, 0x52, 0xC5, 0xE3, 0x02, 0xE7, 0x50, 0x2F, 0xFD,
    0x1B, 0x6B, 0x85, 0xB5, 0x3F, 0x07, 0x94, 0xB0, 0xA0, 0xED, 0x27, 0x5C, 0x68, 0x03, 0x9C, 0xBE,
    0x00, 0x46, 0x07, 0x40, 0x77, 0x03, 0xA4, 0x0A, 0xB0, 0xEE, 0x00, 0xBC, 0xDA, 0x81, 0xA4, 0xBD,
    0x20, 0x68, 0x2B, 0x18, 0xDA, 0xFA, 0x51, 0xD9, 0x52, 0xA3, 0xB2, 0x61, 0x2A, 0x49, 0x91, 0xA0,
    0xF6, 0x8F, 0x49, 0xF2, 0x42, 0xB2, 0x12, 0xD0, 0x26, 0x4C, 0x0D, 0x79, 0xC4, 0x03, 0x1F, 0x72,
    0x98, 0xBC, 0xB5, 0xEB, 0x3F, 0x1A, 0x85, 0x06, 0xE0, 0x34, 0xB8, 0x0A, 0x6C, 0xFE, 0xF3, 0x81,
    0xFF, 0xDF, 0x4C, 0x60, 0x29, 0x35, 0x4E, 0x80, 0x3D, 0xE5, 0xDF, 0xE9, 0xB2, 0x14, 0xEF, 0xDA,
    0x56, 0xD5, 0xBB, 0x54, 0x88, 0xC4, 0x55, 0x39, 0xA0, 0xB2, 0x65, 0x76, 0xAF, 0xE8, 0xF0, 0x0D,
    0x8B, 0x65, 0x5F, 0xAE, 0xE5, 0x6B, 0x5D, 0x0E, 0xC7, 0x6E, 0xAB, 0x6D, 0xB9, 0x97, 0xE9, 0xCE,
    0xE5, 0x5A, 0x9E, 0xDD, 0x4E, 0x9E, 0x26, 0x51, 0xA7, 0xA9, 0x3F, 0xFF, 0x27, 0x7F, 0x96, 0x34,
    0x87, 0xBE, 0x3B, 0xE4, 0xF3, 0xF7, 0xEA, 0x7A, 0xB9, 0xB3, 0x60, 0x12, 0x22, 0x20, 0x1F, 0xCC,
    0x9D, 0x38, 0x89, 0xDC, 0x71, 0x68, 0x2F, 0x6B, 0x93, 0x8A, 0x1C, 0x52, 0x52, 0x3F, 0x97, 0xAD,
    0xBF, 0xA9, 0xCF, 0xDF, 0x7E, 0x7F, 0x9A, 0x93, 0xDE, 0xE7, 0xA6, 0xBC, 0xCF, 0x4B, 0x7C, 0x89,
    0xC4, 0xA7, 0xDB, 0xA6, 0xE4, 0xFD, 0xD6, 0x69, 0xEE, 0xC4, 0x93, 0xCF, 0xB7, 0x4D, 0x92, 0x5A,
    0x6E, 0xDD, 0x4E, 0x2C, 0x36, 0x67, 0xC3, 0xE1, 0xCF, 0x62, 0x9A, 0x7F, 0x65, 0xA9, 0xC2, 0x55,
    0x77, 0xD1, 0x9C, 0x32, 0x69, 0xF0, 0x9A, 0x24, 0x68, 0xAB, 0xA5, 0x9E, 0xCF, 0xAA, 0x58, 0x4A,
    0x3A, 0x71, 0x69, 0x80, 0xE6, 0x55, 0xA9, 0x85, 0xA9, 0xAC, 0x09, 0x76, 0x35, 0xCC, 0x73, 0x1D,
    0x4A, 0x07, 0x7C, 0x00, 0xEB, 0xA7, 0x06, 0xF0, 0x00, 0x22, 0x81, 0xCD, 0x0B, 0xDA, 0x0A, 0x2B,
    0x6B, 0x1C, 0xCE, 0x8F, 0x5C, 0xFF, 0xC5, 0xF2, 0xFA, 0xEC, 0x03, 0xF5, 0x4B, 0x1A, 0x57, 0x79,
    0x31, 0x38, 0xF4, 0x37, 0xB2, 0x5D, 0xE5, 0x8D, 0xA9, 0x1B, 0x2E, 0x34, 0xF0, 0xAD, 0x52, 0xE4,
    0xB8, 0xAE, 0x6A, 0x3B, 0x9B, 0xFD, 0x55, 0xF5, 0xA3, 0xCA, 0x3F, 0x5D, 0xC5, 0x6F, 0x2B, 0x3F,
    0x2B, 0x1D, 0x3F, 0xF5, 0xBF, 0x39, 0xED, 0x00, 0x40, 0x7F, 0x59, 0xA5, 0x9A, 0xF4, 0xA2, 0x9D,
    0x03, 0x1E, 0xE4, 0x42, 0x4D, 0x32, 0xE4, 0x51, 0x9C, 0x78, 0x92, 0x3B, 0xC1, 0x78, 0x9B, 0x44,
    0x8A, 0xF3, 0x62, 0x20, 0xF8, 0x7F, 0x7C, 0x9B, 0xE5, 0x9F, 0xB9, 0x5C, 0x56, 0xF3, 0xCB, 0x7D,
    0xB8, 0x4E, 0xF7, 0x6E, 0xAF, 0x73, 0x96, 0x18, 0xA4, 0x76, 0x95, 0x06, 0xBC, 0xBE, 0x00, 0xF0,
    0x1C, 0x7C, 0x4B, 0x1C, 0xAF, 0x13, 0x3B, 0xEA, 0x93, 0x24, 0x7D, 0x90, 0x0A, 0x76, 0x5C, 0xC3,
    0x90, 0xAF, 0x43, 0xBD, 0x16, 0x2E, 0x7D, 0x6A, 0x79, 0x0E, 0x62, 0x67, 0xC8, 0x5B, 0xE3, 0x82,
    0x14, 0x2E, 0x72, 0x50, 0x3E, 0xEF, 0xBD, 0xBC, 0x98, 0xDD, 0x10, 0x56, 0x09, 0x69, 0x15, 0xCB,
    0x9A, 0xE7, 0xEB, 0x77, 0xE7, 0x71, 0xA4, 0x9F, 0x2E, 0xFA, 0x6C, 0xC7, 0x0B, 0x65, 0x69, 0xC8,
    0x01, 0xA4, 0xC2, 0xE7, 0xB1, 0x34, 0xCD, 0x52, 0x9F, 0x1A, 0x98, 0xA5, 0xB4, 0x01, 0x9F, 0x01,
    0xBA, 0xC1, 0x69, 0xC8, 0xA5, 0x58, 0x9A, 0xA5, 0xE7, 0x5D, 0x47, 0xE2, 0x2A, 0x14, 0xF8, 0xC7,
    0xE0, 0x04, 0xC1, 0x2C, 0x9E, 0xA5, 0x6D, 0x11, 0xCC, 0x4E, 0x5C, 0x82, 0x8C, 0x2C, 0xEF, 0x04,
    0x2E, 0xD8, 0xA0, 0xDE, 0xE5, 0x10, 0x10, 0x59, 0x9B, 0xFA, 0x47, 0xF5, 0x07, 0x23, 0x62, 0x56,
    0xE6, 0x48, 0xC7, 0x1E, 0x2B, 0x17, 0x36, 0x20, 0xFC, 0x56, 0x6E, 0xEB, 0x9D, 0x3D, 0x13, 0x48,
    0xD5, 0xD6, 0x4D, 0xCF, 0x71, 0x58, 0x7A, 0xF9, 0x60, 0xA3, 0xDC, 0x1C, 0xE7, 0x3E, 0x93, 0x05,
    0x4D, 0x5B, 0xCA, 0x1B, 0x95, 0x5F, 0x1B, 0xCE, 0x0C, 0x8C, 0x69, 0xFC, 0x36, 0xC9, 0x04, 0x33,
    0xF4, 0x9E, 0x3E, 0x63, 0x3D, 0xC7, 0x49, 0xF2, 0x79, 0x66, 0x55, 0xDA, 0xD9, 0x9D, 0x1E, 0xAF,
    0x0F, 0x21, 0x98, 0x23, 0x41, 0xFB, 0xAD, 0x4C, 0xC7, 0x8B, 0x12, 0x9D, 0x75, 0xB3, 0xFA, 0x28,
    0xBB, 0x5E, 0x8B, 0x53, 0xBA, 0x01, 0x1F, 0xB7, 0xF5, 0xAB, 0x0A, 0xB7, 0x6E, 0xE2, 0x31, 0xDF,
    0x6E, 0x63, 0x95, 0xBD, 0xCB, 0xCB, 0x84, 0xAB, 0x36, 0x2B, 0xF6, 0x38, 0xDE, 0xB8, 0xE0, 0xF8,
    0x75, 0xAC, 0xDA, 0x4B, 0x22, 0x9B, 0x2C, 0xE7, 0x63, 0xC7, 0x2A, 0xEF, 0xFC, 0xD8, 0xD1, 0x81,
    0xD7, 0x0D, 0xBF, 0xEE, 0xD8, 0xAA, 0x1D, 0x93, 0xB7, 0x8D, 0x0F, 0x7D, 0x81, 0x6E, 0x50, 0x01,
    0xFC, 0xAD, 0x36, 0x92, 0x44, 0xA5, 0xB2, 0xBA, 0x62, 0xC7, 0x67, 0x03, 0xBB, 0x9D, 0x78, 0x16,
    0xFE, 0xA3, 0xF1, 0xDE, 0xA9, 0xD9, 0xC9, 0x72, 0x1C, 0x34, 0xD8, 0x0E, 0x11, 0x27, 0xDB, 0x0B,
    0x7D, 0xA7, 0x82, 0x1F, 0x3B, 0xAA, 0xAC, 0x24, 0xCB, 0x9B, 0x26, 0x96, 0x18, 0x6B, 0xEC, 0x50,
    0x78, 0xE3, 0x71, 0x69, 0x2E, 0x19, 0x4D, 0xF8, 0xD6, 0x6C, 0x4B, 0xED, 0x75, 0x97, 0x8C, 0xA9,
    0x30, 0x12, 0xE1, 0xFC, 0x28, 0xC7, 0x5E, 0x91, 0x0E, 0xBC, 0x12, 0x27, 0x5E, 0xC8, 0x76, 0xBC,
    0x10, 0xAE, 0x4E, 0x3A, 0x88, 0x79, 0x4F, 0x30, 0xCF, 0xEF, 0x38, 0x11, 0xBA, 0xDE, 0xB0, 0xAB,
    0x97, 0xDD, 0x76, 0x7E, 0x1E, 0x60, 0xB1, 0xB3, 0x39, 0xBE, 0xE8, 0x9D, 0x3A, 0x88, 0x9D, 0x4E,
    0x06, 0x5D, 0x85, 0xDD, 0x6C, 0x3F, 0x76, 0x67, 0x76, 0xB6, 0xC5, 0xDB, 0x03, 0xD6, 0xD9, 0x35,
    0x0D, 0x9E, 0x8D, 0xC3, 0x3B, 0x7D, 0xF2, 0xAB, 0x9B, 0xD6, 0x41, 0x0D, 0xF4, 0xCA, 0xFB, 0xA5,
    0x38, 0x24, 0x63, 0xC7, 0x49, 0x3D, 0xB0, 0x9B, 0x5F, 0x12, 0xFB, 0xE9, 0xF1, 0xF4, 0xF8, 0x16,
    0xD8, 0xE6, 0x7D, 0xB8, 0x02, 0xDF, 0x2E, 0xCB, 0xE5, 0xA7, 0x59, 0x4E, 0xA2, 0x96, 0xB3, 0x77,
    0x54, 0x69, 0xE5, 0x2F, 0x89, 0x23, 0xBD, 0x87, 0x2E, 0x54, 0x64, 0xE1, 0xAC, 0x5C, 0x88, 0x20,
    0x9B, 0x2C, 0xF0, 0x01, 0x6C, 0x89, 0x43, 0xFD, 0x2A, 0x53, 0x27, 0xAE, 0x56, 0x25, 0x1F, 0x74,
    0x9C, 0x1A, 0x7A, 0x96, 0x9A, 0x7E, 0xC8, 0x76, 0x8D, 0xB5, 0x55, 0x5C, 0x76, 0x65, 0x28, 0xF1,
    0xD6, 0x00, 0xCD, 0x67, 0xCD, 0x92, 0x40, 0xF7, 0xBE, 0xD3, 0x0E, 0x1D, 0x30, 0x0D, 0x59, 0x90,
    0x80, 0xC0, 0x6E, 0xC5, 0xC5, 0x8A, 0xB0, 0x26, 0xCF, 0xA3, 0xF1, 0xE7, 0xB0, 0xF0, 0xDF, 0x0F,
    0x0B, 0x73, 0x5C, 0x3E, 0x36, 0x1E, 0x40, 0xDF, 0x29, 0xB0, 0x05, 0x49, 0xA2, 0x0A, 0xAC, 0x06,
    0x5F, 0xD8, 0x22, 0x70, 0x0F, 0x6C, 0x02, 0x58, 0xF4, 0x1D, 0x15, 0x24, 0x59, 0x5E, 0x89, 0xCA,
    0x49, 0xAC, 0x92, 0x38, 0x3C, 0x87, 0x7F, 0xEE, 0xD6, 0xE1, 0x9B, 0x0D, 0xBE, 0x3B, 0xF0, 0xEB,
    0x61, 0x73, 0xDF, 0xED, 0x87, 0xE5, 0x93, 0x6D, 0x63, 0xED, 0xF5, 0xAB, 0xB5, 0xF8, 0x3B, 0xAD,
    0x5D, 0x5E, 0x5B, 0xCB, 0x06, 0xE0, 0xB0, 0xD5, 0x2F, 0xFB, 0x12, 0x86, 0x84, 0x6E, 0x54, 0x50,
    0xCD, 0x31, 0xDD, 0xB5, 0x7F, 0xB4, 0x33, 0x47, 0x7A, 0xE5, 0x5A, 0x26, 0x54, 0x04, 0xB9, 0x64,
    0xEF, 0xF2, 0xEC, 0x5D, 0x1F, 0x3D, 0x38, 0xD3, 0x0F, 0xF5, 0x43, 0x2A, 0x95, 0x89, 0x24, 0x0B,
    0x15, 0xF6, 0x88, 0xAB, 0xBD, 0xC7, 0x89, 0x47, 0xDA, 0xAE, 0x8D, 0xB0, 0x21, 0x93, 0xB6, 0xC2,
    0x1A, 0xDA, 0xD5, 0xD8, 0x99, 0xF7, 0x69, 0x14, 0x13, 0xAA, 0x54, 0x59, 0x85, 0xED, 0x6A, 0xEB,
    0x5D, 0xB4, 0x69, 0x97, 0x1F, 0xB2, 0x53, 0xD6, 0x4E, 0x5B, 0xED, 0xF2, 0x5D, 0x99, 0x38, 0x3E,
    0x98, 0xDA, 0x6F, 0x9D, 0xDC, 0x97, 0x85, 0xB4, 0x76, 0x15, 0x1F, 0xE5, 0xD7, 0x63, 0x7D, 0x5A,
    0x51, 0xD8, 0xF8, 0xB5, 0xCF, 0x00, 0xF0, 0x67, 0x17, 0x13, 0xBD, 0x7C, 0x56, 0xA9, 0xBC, 0x70,
    0xC6, 0x4D, 0xEE, 0xEE, 0x17, 0xF7, 0x38, 0xB2, 0xB9, 0xF7, 0x91, 0xDA, 0x93, 0x4E, 0xEC, 0xE1,
    0x19, 0xEF, 0x23, 0x85, 0x93, 0x8C, 0x95, 0xC1, 0x6F, 0x57, 0x47, 0x5C, 0xED, 0x2F, 0x33, 0x8B,
    0x44, 0xC3, 0x40, 0xBC, 0xCC, 0x2C, 0x26, 0x5C, 0xC7, 0xE8, 0x77, 0x12, 0xB2, 0xB0, 0x81, 0x04,
    0xAF, 0xCD, 0xAA, 0x0D, 0x25, 0xD9, 0x58, 0x79, 0x5B, 0x01, 0x80, 0x2A, 0xBF, 0xDA, 0xBE, 0x1D,
    0xEB, 0xF0, 0xC9, 0x48, 0x80, 0x6C, 0x6F, 0x5E, 0x8A, 0x9D, 0x45, 0x8F, 0x1B, 0x09, 0x00, 0xF0,
    0xBE, 0x34, 0xDF, 0x95, 0x5A, 0x8B, 0xAE, 0x08, 0xC8, 0x01, 0xD3, 0x00, 0x11, 0xC0, 0xF6, 0x22,
    0x41, 0xA7, 0x17, 0x1D, 0x56, 0xD4, 0x43, 0x3F, 0x2A, 0xBC, 0x44, 0x26, 0x89, 0x37, 0x2A, 0x87,
    0x5C, 0xB2, 0x53, 0xB9, 0x14, 0x60, 0x92, 0xCA, 0x2A, 0x6F, 0xE5, 0x84, 0xF5, 0x53, 0x75, 0x97,
    0x27, 0x8E, 0x0D, 0x09, 0xE8, 0xED, 0x01, 0xB3, 0x8E, 0xFA, 0xE4, 0xDC, 0x40, 0xF3, 0x9B, 0xE3,
    0x97, 0x3B, 0xB1, 0xF3, 0x79, 0xF5, 0x58, 0x6C, 0xCB, 0xB0, 0x01, 0x0D, 0x56, 0xE0, 0xC0, 0x05,
    0x00, 0xFE, 0xD6, 0x8A, 0xBC, 0x01, 0x03, 0x24, 0x60, 0x05, 0x2C, 0xF8, 0xBB, 0x77, 0x15, 0xD6,
    0x8D, 0x0A, 0xF8, 0xBB, 0x8B, 0xC4, 0xDF, 0x3B, 0xB1, 0x15, 0x4F, 0x1C, 0x48, 0xE0, 0x02, 0xA8,
    0x4F, 0x9C, 0x03, 0x49, 0x3D, 0x6E, 0xDD, 0x49, 0xD7, 0xCE, 0xAF, 0xA7, 0x10, 0x1B, 0x82, 0x24,
    0xBE, 0x7A, 0x0A, 0xC9, 0x36, 0x89, 0x44, 0xA0, 0xAB, 0xC0, 0x6E, 0xFE, 0xD0, 0xCF, 0xA5, 0xF1,
    0x2C, 0x0B, 0xBF, 0xB6, 0x6D, 0x4E, 0x7B, 0x3F, 0x55, 0x6E, 0x4B, 0xB7, 0xF2, 0x32, 0x81, 0x24,
    0x81, 0x17, 0x0D, 0x56, 0x14, 0xD0, 0x06, 0x10, 0x97, 0xE5, 0x8C, 0x65, 0x6F, 0xC0, 0xA4, 0x02,
    0xBF, 0x5E, 0x1B, 0xD2, 0xAA, 0x21, 0xAC, 0x06, 0xC6, 0x2A, 0xA0, 0xAD, 0x12, 0x3B, 0x5D, 0x56,
    0xCE, 0xAD, 0xBC, 0x7D, 0x84, 0xC6, 0xC6, 0xA5, 0xFE, 0xB5, 0x41, 0x10, 0x10, 0xDB, 0x4E, 0x83,
    0x06, 0xBB, 0x25, 0xE1, 0x4E, 0xBB, 0x57, 0xBB, 0x7D, 0x8C, 0x33, 0x3B, 0xFD, 0x58, 0xA6, 0xC0,
    0x49, 0x09, 0x2F, 0xB0, 0xBF, 0x81, 0x17, 0x48, 0xF0, 0xF6, 0xAE, 0x0B, 0x52, 0x10, 0xC0, 0x7C,
    0x41, 0xFF, 0x86, 0x82, 0x1F, 0x05, 0x02, 0xE2, 0xD3, 0x9F, 0xBF, 0x38, 0x93, 0xAA, 0xDF, 0x6C,
    0x14, 0xDB, 0x90, 0x62, 0x73, 0x70, 0x48, 0x98, 0xFB, 0xEC, 0x99, 0x10, 0x10, 0x46, 0xAA, 0xBC,
    0xFF, 0xCA, 0x16, 0xAD, 0xFD, 0xD5, 0x2D, 0xDA, 0xFE, 0xBC, 0x45, 0xDB, 0x49, 0x8A, 0x2C, 0x00,
    0xEC, 0xEB, 0x2A, 0xFF, 0xE2, 0xE3, 0x43, 0xD3, 0x56, 0xC1, 0x58, 0xE5, 0xEC, 0xF2, 0x06, 0x78,
    0xCA, 0x6A, 0x89, 0x43, 0xFF, 0x70, 0x77, 0xB4, 0x1E, 0xB2, 0x46, 0xF3, 0xDC, 0x1D, 0x05, 0x5B,
    0xF2, 0x43, 0xDF, 0x4F, 0x45, 0xFE, 0xE5, 0x54, 0xD4, 0x8E, 0x37, 0xD0, 0xEF, 0xC3, 0xD8, 0xEE,
    0xDB, 0xC3, 0x45, 0xF0, 0xBD, 0xA4, 0xF9, 0x4B, 0x1B, 0x84, 0x5F, 0xFD, 0x8D, 0xA5, 0x84, 0x93,
    0xE5, 0xD8, 0x3B, 0xDF, 0x3E, 0x24, 0x2C, 0x80, 0xC5, 0x5B, 0x87, 0xD5, 0xAE, 0x84, 0x71, 0x68,
    0xAB, 0xA3, 0x40, 0x3B, 0xCC, 0x7D, 0xB3, 0x2E, 0x37, 0xF0, 0xFA, 0x06, 0x40, 0x83, 0x08, 0x21,
    0xAF, 0xF4, 0xE7, 0xDC, 0xD9, 0x17, 0x3A, 0xE8, 0x8D, 0x6E, 0x54, 0x24, 0x2B, 0xF1, 0x16, 0x53,
    0x69, 0x76, 0xF9, 0xFD, 0x13, 0x6F, 0x58, 0xD3, 0xD0, 0xBC, 0xEF, 0xC7, 0x5D, 0x3E, 0x6F, 0xCA,
    0x1D, 0x4A, 0x01, 0x56, 0x6F, 0x4A, 0xF1, 0xEC, 0x8D, 0x3F, 0x7A, 0x73, 0xB1, 0x0E, 0x56, 0x9A,
    0xAE, 0xD7, 0xDE, 0xB8, 0x7A, 0xF7, 0xCA, 0x60, 0xAA, 0x1C, 0xC0, 0xEA, 0x3B, 0x5D, 0x55, 0x98,
    0xAE, 0x8D, 0x35, 0x7F, 0x62, 0xD7, 0x79, 0xD0, 0xB8, 0x4A, 0xC5, 0x37, 0xF3, 0x93, 0xB0, 0xBF,
    0xBA, 0x8E, 0xE6, 0x60, 0x23, 0x12, 0xAF, 0x0B, 0xD6, 0xC0, 0x1B, 0x29, 0x75, 0x40, 0x0F, 0x74,
    0x1C, 0xD8, 0xA2, 0x1C, 0xC7, 0x35, 0xA0, 0xC2, 0x9F, 0x77, 0x97, 0x2B, 0x8D, 0xB7, 0xAB, 0xD3,
    0x7A, 0xCE, 0x85, 0xCE, 0x91, 0xC8, 0xE6, 0x8F, 0x9B, 0xE5, 0xF1, 0xB2, 0x59, 0x9E, 0x92, 0x3E,
    0x6F, 0x96, 0x2F, 0xDE, 0x37, 0xCB, 0x11, 0xAE, 0x8E, 0xC7, 0x33, 0xA9, 0x34, 0x5F, 0x3E, 0x93,
    0xFE, 0x1F, 0xC5, 0xD8, 0x51, 0x6A, 0x23, 0x4B, 0xB3, 0xC4, 0xF1, 0x1F, 0xE4, 0x6B, 0x43, 0x6E,
    0x45, 0x30, 0xAF, 0x05, 0xB5, 0xF5, 0x04, 0x2F, 0xC0, 0x5B, 0x49, 0xF0, 0x6B, 0x41, 0x5D, 0xD4,
    0xD8, 0x23, 0x84, 0xF0, 0xFD, 0xCE, 0x19, 0x4B, 0x67, 0xAA, 0x3A, 0x42, 0x0C, 0x34, 0x22, 0xFE,
    0x5D, 0x49, 0x68, 0xDC, 0x0C, 0x58, 0x88, 0xD3, 0x36, 0x62, 0x22, 0xF3, 0xCB, 0x8E, 0x2C, 0x46,
    0x7C, 0xD9, 0x25, 0x8A, 0xBD, 0x9B, 0xF2, 0x69, 0x51, 0x96, 0x60, 0x49, 0x86, 0xDD, 0xB1, 0x8B,
    0xC3, 0x6D, 0x11, 0x7D, 0x67, 0x7B, 0xC8, 0x8F, 0x25, 0x0D, 0xC3, 0x3A, 0xF5, 0xB5, 0x3B, 0xAE,
    0x1A, 0x56, 0x0C, 0xE3, 0x18, 0xE6, 0x98, 0x95, 0x3D, 0xDD, 0xAD, 0x81, 0x8D, 0xF1, 0x3B, 0xF4,
    0x3B, 0xE2, 0xAD, 0x90, 0x30, 0xE0, 0xC2, 0x8B, 0x08, 0x73, 0x97, 0x5D, 0xBC, 0x95, 0xF8, 0x28,
    0xF2, 0x2A, 0x0C, 0xF8, 0x53, 0xBE, 0x80, 0x59, 0x5F, 0x71, 0x0B, 0xDC, 0x23, 0xBC, 0x23, 0xA3,
    0x39, 0xD4, 0x2B, 0xD9, 0xE2, 0x93, 0x69, 0xA2, 0x01, 0x07, 0x26, 0x3E, 0x4A, 0x54, 0x0B, 0x97,
    0x3F, 0x67, 0x8D, 0x42, 0x34, 0x2C, 0xC8, 0xBF, 0xC8, 0xDA, 0x58, 0x98, 0x88, 0x7A, 0x3E, 0xEB,
    0x67, 0xD6, 0x44, 0xBE, 0x43, 0x62, 0x0C, 0xAC, 0xFE, 0x0F, 0x31, 0xED, 0x12, 0x6F, 0x57, 0xDD,
    0xCE, 0xF6, 0x18, 0x4F, 0x3C, 0xD2, 0xBE, 0x70, 0xEC, 0xFE, 0x0C, 0xC8, 0x5F, 0x3C, 0xD2, 0x75,
    0x88, 0xB9, 0x44, 0x34, 0x9E, 0x3E, 0xBE, 0x4F, 0x40, 0x7A, 0x6A, 0x9F, 0x7E, 0x07, 0xF7, 0xE4,
    0x9E, 0x15, 0x85, 0x2C, 0x4C, 0x68, 0x80, 0xC3, 0x17, 0x7E, 0x46, 0x11, 0x1B, 0x78, 0xE9, 0x30,
    0x17, 0xD1, 0xCC, 0xA2, 0xC1, 0xC9, 0x7C, 0xAA, 0x9A, 0x5D, 0xF0, 0x83, 0x61, 0xF6, 0xD0, 0x4F,
    0x4F, 0x60, 0x7D, 0x46, 0x3F, 0x3D, 0x9F, 0xD5, 0x46, 0xBC, 0xD7, 0xC3, 0xEF, 0xE7, 0x71, 0xF9,
    0xCF, 0x59, 0x67, 0xF1, 0xD1, 0x74, 0x13, 0x45, 0x12, 0xC7, 0xB3, 0x58, 0xEF, 0x4B, 0x6A, 0xD6,
    0xDF, 0x3A, 0xD2, 0x5B, 0x3F, 0x65, 0xE3, 0xE9, 0xE3, 0xFB, 0x04, 0xA4, 0x27, 0xF7, 0xD3, 0x23,
    0x9C, 0xA7, 0xF7, 0xD3, 0xDC, 0x5B, 0xD4, 0xAC, 0xF8, 0xBD, 0xF9, 0xAD, 0xBD, 0x44, 0x71, 0xAF,
    0xDB, 0xCE, 0x9A, 0xF6, 0xDE, 0xEE, 0xD6, 0x74, 0xD3, 0x96, 0xBB, 0x66, 0xF4, 0xD0, 0x23, 0x7A,
    0x65, 0x7D, 0x6C, 0x9B, 0xC5, 0x62, 0xE8, 0x7C, 0xAF, 0xD8, 0x6E, 0xAB, 0xC5, 0xA2, 0x99, 0xCD,
    0xB8, 0x6A, 0xA0, 0x89, 0x22, 0xE0, 0x49, 0x81, 0xB7, 0x78, 0xAB, 0x78, 0x2B, 0xC9, 0x60, 0xF0,
    0xCF, 0xD3, 0xEE, 0x10, 0xEF, 0x8B, 0xB7, 0x05, 0x78, 0x5E, 0xAE, 0xE8, 0xCB, 0xB1, 0xFB, 0xC8,
    0x02, 0xFF, 0x26, 0x94, 0x81, 0x45, 0x34, 0x03, 0x10, 0x45, 0x16, 0xA3, 0xE9, 0x49, 0x1D, 0x4F,
    0x0B, 0x2A, 0x4A, 0x96, 0x49, 0x83, 0xC1, 0x16, 0x5B, 0x44, 0x1D, 0xFA, 0x5F, 0xE4, 0x1E, 0x98,
    0xC8, 0x42, 0xBF, 0x3E, 0x77, 0x89, 0xE6, 0x04, 0xF8, 0x49, 0xEE, 0x87, 0x09, 0x3D, 0x67, 0xE9,
    0xED, 0x35, 0x99, 0x6D, 0xE2, 0xFD, 0xEB, 0xBF, 0xA0, 0x18, 0x8C, 0x0B, 0x9B, 0xB8, 0x2A, 0xCA,
    0x67, 0x78, 0x36, 0xB9, 0xCB, 0x8C, 0x36, 0xB4, 0x11, 0x6D, 0x65, 0xF9, 0xD8, 0x6C, 0xAC, 0x4F,
    0x0D, 0x2D, 0xDF, 0x4B, 0x6C, 0xCC, 0xE0, 0x7D, 0x53, 0xEB, 0xE5, 0xCF, 0x3F, 0xFA, 0x92, 0xBB,
    0x8F, 0x6C, 0x7E, 0x32, 0x37, 0x2F, 0xCD, 0xF8, 0x4D, 0x9B, 0xFD, 0x20, 0xEC, 0x43, 0xBF, 0xE5,
    0x1A, 0x63, 0x0C, 0x2B, 0x3A, 0x8A, 0xB9, 0xAF, 0x9F, 0xDF, 0xED, 0xAC, 0xBD, 0x66, 0x5F, 0x57,
    0x54, 0x4A, 0xEC, 0x9A, 0x75, 0x7F, 0xC7, 0xB9, 0x57, 0xF4, 0xFF, 0xFE, 0x26, 0xE0, 0xBC, 0xBF,
    0xA2, 0xB2, 0xA3, 0xF0, 0xFF, 0x7E, 0x27, 0xF0, 0x79, 0x6F, 0x6E, 0xF6, 0x79, 0x67, 0x27, 0x6B,
    0x32, 0x06, 0xF3, 0x4B, 0xEB, 0x53, 0xC3, 0xA9, 0x31, 0x19, 0x49, 0x67, 0x45, 0xC7, 0xDE, 0x65,
    0x2E, 0x77, 0x2B, 0xEB, 0xA6, 0x2D, 0x77, 0x4F, 0x3D, 0x8C, 0x75, 0x7F, 0x0D, 0xEB, 0xF1, 0x61,
    0x5A, 0x5F, 0x57, 0x2C, 0x72, 0x92, 0x89, 0x81, 0x46, 0x81, 0xA7, 0x04, 0xDE, 0xF5, 0xF8, 0x63,
    0xF1, 0x8F, 0xD3, 0x1E, 0x98, 0x9F, 0x19, 0x01, 0xFA, 0xF3, 0xDF, 0x83, 0x91, 0x5C, 0xD4, 0xD3,
    0xB2, 0x3E, 0xF6, 0xF2, 0x3C, 0x01, 0xAA, 0xD2, 0xE5, 0x5F, 0xE4, 0x4E, 0x64, 0x11, 0x8D, 0xF1,
    0xFA, 0xDC, 0xC5, 0x62, 0x12, 0xF5, 0xA3, 0xDC, 0x72, 0x71, 0x0C, 0xC6, 0xC0, 0xA2, 0x5B, 0xEC,
    0x7A, 0x49, 0xE6, 0xEF, 0x7A, 0x79, 0x62, 0x97, 0xA8, 0x92, 0x2E, 0x6E, 0xBD, 0xDC, 0xA6, 0x36,
    0x0C, 0xEB, 0x51, 0xA7, 0xDF, 0xF5, 0x72, 0x56, 0xF9, 0xB5, 0xCB, 0x65, 0xE2, 0xF5, 0xB3, 0x13,
    0x6B, 0xE4, 0xEC, 0xC8, 0xE6, 0x67, 0xB3, 0xF3, 0xC2, 0x8C, 0xDF, 0x94, 0xC7, 0x63, 0xD8, 0x1F,
    0xD4, 0x89, 0x84, 0xC9, 0xFD, 0x0B, 0xC5, 0x05, 0x4B, 0x2E, 0xCB, 0x9E, 0x75, 0x5C, 0x31, 0x46,
    0xB2, 0x2E, 0x93, 0x59, 0x83, 0xE9, 0x66, 0xEB, 0xB7, 0x0D, 0x86, 0xD3, 0x26, 0x43, 0xD2, 0xB2,
    0xA2, 0xC4, 0xDE, 0x98, 0x8B, 0xDB, 0x7B, 0xC3, 0x28, 0x23, 0x5B, 0x45, 0xA3, 0x6D, 0x95, 0xFB,
    0xA3, 0xA6, 0xFD, 0xCF, 0xA7, 0xE6, 0x80, 0x09, 0xD9, 0x30, 0x5E, 0x1F, 0xBF, 0x88, 0xC6, 0x8A,
    0x92, 0xD9, 0xE2, 0x07, 0xF1, 0x63, 0x21, 0x27, 0x32, 0x61, 0x40, 0x43, 0xBD, 0x92, 0xE1, 0xFE,
    0x35, 0xDF, 0xE7, 0x31, 0x8C, 0x1F, 0x70, 0x64, 0x15, 0xBF, 0x76, 0x71, 0xD9, 0xE0, 0xE5, 0xC7,
    0x10, 0x7D, 0x91, 0xBB, 0x1D, 0x79, 0x32, 0x34, 0x3F, 0x88, 0xFF, 0xD2, 0xA8, 0x0F, 0x2B, 0xEB,
    0xCE, 0xC4, 0x53, 0x00, 0x00, 0xAC, 0x9B, 0x76, 0xE7, 0x9E, 0xF4, 0xBD, 0xA2, 0xC7, 0x83, 0x8E,
    0xAB, 0x6A, 0x18, 0x35, 0x5C, 0x6A, 0xFA, 0xA8, 0x7C, 0x7F, 0xAB, 0xD8, 0x71, 0x9F, 0x7F, 0xDE,
    0x34, 0x2B, 0xAF, 0x77, 0x89, 0x9A, 0x9F, 0xFA, 0x25, 0x6A, 0x9F, 0xCA, 0x7A, 0x97, 0x6F, 0xEF,
    0x32, 0xAE, 0x9F, 0x29, 0x76, 0x76, 0xAC, 0x5C, 0xDF, 0x16, 0x5A, 0x36, 0x63, 0xB8, 0xFF, 0x0B,
    0xB8, 0xF0, 0x24, 0x86, 0xD9, 0xF4, 0xA7, 0xA2, 0x49, 0x4E, 0xF9, 0x53, 0x8E, 0x01, 0x0B, 0xD1,
    0x48, 0x40, 0x23, 0xD6, 0xEE, 0xFC, 0x58, 0x93, 0xBE, 0xFC, 0xB6, 0x9A, 0x6C, 0x53, 0x2C, 0x43,
    0xF4, 0x9D, 0x65, 0x1B, 0x8E, 0xD3, 0xCA, 0x30, 0xCA, 0x35, 0xBE, 0x6B, 0x7E, 0x57, 0x00, 0x27,
    0x01, 0x8D, 0x38, 0xAD, 0x92, 0x34, 0xCB, 0xC5, 0x2C, 0x84, 0x5D, 0x99, 0x7E, 0x55, 0x1E, 0xA2,
    0x66, 0x5F, 0xAD, 0x4E, 0x90, 0x93, 0xE2, 0xB4, 0x93, 0xE5, 0x84, 0x39, 0x69, 0x4E, 0x9C, 0x93,
    0xC7, 0x0D, 0xC8, 0x84, 0x2C, 0xE8, 0xD7, 0x13, 0x5D, 0x60, 0xC1, 0x94, 0x9C, 0xA1, 0xD5, 0xD3,
    0x88, 0xB2, 0x31, 0xC6, 0x97, 0x69, 0x44, 0x9D, 0xF6, 0x52, 0xAC, 0xD9, 0xE8, 0xDF, 0x16, 0xFD,
    0x75, 0x5A, 0xE9, 0x69, 0x6C, 0x33, 0xF0, 0xBE, 0x51, 0x0B, 0xBC, 0xFE, 0xB4, 0xD6, 0x41, 0xEC,
    0x45, 0x9C, 0x44, 0xCC, 0xE2, 0x79, 0x44, 0x2F, 0x4E, 0xEF, 0x7E, 0xCD, 0x7B, 0xE3, 0x35, 0x44,
    0xBE, 0x6F, 0xFD, 0xC7, 0x57, 0x41, 0xDC, 0xDA, 0x6E, 0x25, 0x1D, 0x75, 0x6E, 0x3A, 0x59, 0x07,
    0x63, 0x30, 0x2F, 0x64, 0x7D, 0x23, 0xEC, 0x45, 0xB3, 0x98, 0x04, 0x0A, 0xD3, 0xDC, 0x35, 0xA3,
    0xF2, 0x76, 0xD5, 0x38, 0xAF, 0x8E, 0x6A, 0x5D, 0x76, 0x99, 0x25, 0x49, 0x0E, 0x63, 0x98, 0x6D,
    0xD6, 0x53, 0xE2, 0xDC, 0xAD, 0x44, 0x16, 0xF9, 0x27, 0xA1, 0xD6, 0xEC, 0x35, 0x6B, 0xC9, 0xC5,
    0x18, 0x4E, 0x59, 0x44, 0x13, 0xF5, 0xBC, 0xE7, 0x37, 0x4B, 0xB7, 0x6E, 0x51, 0x92, 0xF4, 0x93,
    0x47, 0x68, 0x06, 0x7B, 0x53, 0x0B, 0x9E, 0x7B, 0xD2, 0xEB, 0x88, 0xB9, 0x22, 0x1A, 0xFC, 0x28,
    0xE6, 0xFF, 0x01, 0x75, 0x8C, 0x81, 0xC6, 0x04, 0x31, 0x0C, 0x84, 0x3F, 0x02, 0xB0, 0xE4, 0x55,
    0xFA, 0x00, 0xA1, 0xAF, 0x1E, 0x0E, 0xE0, 0xB8, 0x57, 0x19, 0x16, 0xA0, 0xE4, 0x6F, 0x6C, 0x71,
    0x87, 0x7F, 0x67, 0xCC, 0xD7, 0x4C, 0x37, 0x05, 0xA0, 0x56, 0xED, 0xEF, 0x64, 0xE5, 0x81, 0x79,
    0x68, 0x55, 0xEC, 0xF6, 0x0A, 0xE5, 0x81, 0x91, 0x6E, 0x19, 0x8E, 0x82, 0x35, 0xA9, 0xD9, 0xE7,
    0x35, 0x6B, 0xEB, 0xF2, 0x70, 0x45, 0x8E, 0xDF, 0x89, 0x81, 0x09, 0xB2, 0x9D, 0x99, 0x55, 0x3B,
    0xD2, 0xB2, 0xCB, 0xE3, 0x84, 0xFF, 0xFC, 0x75, 0xAB, 0xCF, 0xB3, 0x8B, 0xB5, 0x7F, 0x76, 0xF3,
    0x75, 0x9E, 0x25, 0xE1, 0xB9, 0x82, 0x49, 0x65, 0x6B, 0x32, 0x09, 0x66, 0xB1, 0xD5, 0x51, 0xC1,
    0x96, 0x8B, 0x00, 0x22, 0x10, 0x20, 0x27, 0x69, 0xD8, 0x03, 0x87, 0xC6, 0xD5, 0x88, 0x88, 0x86,
    0x4B, 0x95, 0x53, 0xA0, 0x5B, 0x6B, 0x61, 0xAF, 0x94, 0x02, 0xB7, 0x6F, 0xC4, 0x83, 0x61, 0x77,
    0x2E, 0x21, 0x8A, 0x99, 0x11, 0x92, 0x76, 0x6E, 0x0E, 0xF5, 0x31, 0x19, 0xC8, 0xD2, 0x59, 0x5B,
    0x13, 0xC7, 0x12, 0x91, 0x83, 0xC0, 0xF1, 0x34, 0x21, 0x93, 0x13, 0x88, 0x01, 0x9B, 0x27, 0x3C,
    0xB4, 0xE3, 0x16, 0x67, 0xAC, 0xDC, 0x31, 0x04, 0x44, 0x9E, 0x0E, 0xC0, 0x12, 0x7F, 0xE2, 0xFE,
    0xD8, 0x27, 0x6A, 0xDA, 0x5A, 0x3D, 0x52, 0x61, 0x4B, 0xB7, 0xDB, 0x3B, 0xEC, 0x8D, 0x8F, 0xEE,
    0x00, 0x87, 0xA0, 0x2D, 0x48, 0x9E, 0xF2, 0x82, 0x80, 0x01, 0xEA, 0xC2, 0x7E, 0x7F, 0xFA, 0x03,
    0x65, 0x90, 0x01, 0x86, 0x25, 0x41, 0x10, 0x44, 0x1F, 0x09, 0x50, 0xC4, 0x55, 0x8A, 0x05, 0x08,
    0xEA, 0xEA, 0x79, 0x80, 0x65, 0xAE, 0x12, 0x0C, 0x40, 0x51, 0x5B, 0x5A, 0x8F, 0x1D, 0x7E, 0xBC,
    0xA7, 0x91, 0x64, 0x67, 0x56, 0xD6, 0x46, 0x6A, 0x57, 0x9B, 0x6B, 0xF2, 0xFA, 0x54, 0xAA, 0x25,
    0x6A, 0xC3, 0x82, 0x03, 0x5F, 0xD4, 0x40, 0x83, 0x31, 0x98, 0x26, 0xE6, 0x9C, 0xC6, 0x5C, 0xD7,
    0x31, 0xF3, 0xF2, 0x67, 0x7B, 0x21, 0x64, 0x45, 0xF1, 0x4A, 0x6D, 0xC9, 0x0A, 0xDF, 0xFB, 0xEF,
    0x8A, 0x1E, 0x64, 0x2B, 0xB7, 0x31, 0x45, 0x0F, 0x30, 0xE4, 0x4A, 0xF5, 0x7F, 0xF5, 0x58, 0xE7,
    0x5D, 0xEC, 0xAA, 0x3B, 0x7A, 0xA3, 0x85, 0xAB, 0xF3, 0xB8, 0x84, 0xF6, 0x53, 0x14, 0x2E, 0xE6,
    0x53, 0xBC, 0x5F, 0xAF, 0xD6, 0x77, 0x53, 0x58, 0x6C, 0xB3, 0x42, 0x0D, 0xCF, 0xBC, 0x99, 0x1E,
    0xF1, 0xD0, 0x1B, 0x7B, 0xF6, 0x51, 0x6B, 0x44, 0xF3, 0x31, 0x51, 0x3F, 0xB2, 0xAF, 0x3F, 0x3F,
    0xEF, 0x7C, 0x38, 0x85, 0x85, 0xC2, 0x41, 0x1F, 0x9C, 0xAC, 0xC4, 0xED, 0x08, 0x5F, 0x52, 0x2D,
    0x5C, 0xE7, 0x46, 0x89, 0xF7, 0x98, 0x03, 0xAB, 0x31, 0x42, 0x51, 0xF6, 0x6A, 0xF4, 0xEB, 0xC4,
    0x42, 0xC2, 0x62, 0x8A, 0x73, 0x82, 0xB8, 0xAE, 0x33, 0xB9, 0xB0, 0x32, 0x7F, 0xDA, 0xFC, 0x34,
    0x1E, 0x54, 0x6D, 0xB5, 0x21, 0x9B, 0x23, 0xF6, 0xBB, 0x22, 0x53, 0xD8, 0xCF, 0x8A, 0xA7, 0xD5,
    0x66, 0x12, 0xBA, 0x2E, 0xE2, 0x65, 0x63, 0xF1, 0xDC, 0x97, 0x25, 0x14, 0x74, 0x88, 0xDE, 0x17,
    0x6E, 0xA1, 0x8D, 0xE2, 0x31, 0x15, 0xA5, 0xA2, 0xBD, 0xD6, 0x17, 0xCA, 0x88, 0x57, 0x97, 0xEC,
    0xBC, 0xF1, 0xD0, 0x64, 0xA0, 0x4B, 0x51, 0x5D, 0xBF, 0x86, 0xF8, 0x12, 0xFE, 0x01, 0x7D, 0x94,
    0x81, 0xA6, 0x03, 0x5B, 0x0F, 0x46, 0x17, 0x01, 0x18, 0xF2, 0x2A, 0xE5, 0x07, 0xD8, 0xE4, 0xD5,
    0xC3, 0x00, 0xFC, 0xF4, 0x55, 0xC2, 0x01, 0x08, 0xDF, 0xCD, 0xEC, 0x4E, 0x7B, 0x4E, 0x5D, 0xEE,
    0xCE, 0xAC, 0x2F, 0x2B, 0x85, 0x8E, 0xDD, 0x28, 0xC7, 0x83, 0xCD, 0x5A, 0x20, 0xA5, 0x29, 0xD2,
    0xFF, 0xFF, 0xBF, 0x8A, 0x63, 0x93, 0x6B, 0x15, 0x17, 0x7D, 0xF1, 0x48, 0xD6, 0x17, 0xCF, 0xF4,
    0xC7, 0xB9, 0x31, 0x09, 0xD4, 0xF0, 0x93, 0x84, 0x94, 0x9E, 0x91, 0xF6, 0x29, 0xF8, 0x42, 0xFD,
    0x71, 0xBD, 0xFC, 0x0B, 0x09, 0x88, 0xC2, 0x5A, 0x78, 0x3A, 0x4E, 0x0C, 0x10, 0x83, 0x54, 0xDB,
    0xFD, 0x76, 0x4B, 0x86, 0x03, 0xD2, 0x93, 0xB2, 0x4D, 0x48, 0xB9, 0x10, 0x51, 0xA6, 0xB4, 0xE6,
    0x60, 0x62, 0x61, 0xCF, 0x1D, 0x39, 0x71, 0x4E, 0x68, 0x4E, 0x99, 0xD5, 0xC2, 0xE8, 0xF7, 0xC8,
    0xBA, 0x46, 0xFF, 0x8D, 0xC6, 0xB1, 0x89, 0x63, 0x42, 0x45, 0x13, 0x93, 0x07, 0x80, 0x9F, 0x62,
    0x01, 0x58, 0x7A, 0xDE, 0x62, 0x1F, 0x39, 0xD5, 0xE8, 0xFE, 0xC4, 0x55, 0xB7, 0xD8, 0x88, 0x5F,
    0xC2, 0xCC, 0x41, 0xE3, 0x60, 0xCF, 0xBE, 0xA4, 0xB0, 0x64, 0x04, 0xBD, 0xC5, 0xF3, 0x16, 0xDB,
    0x52, 0x1C, 0x6C, 0xE9, 0x63, 0xD9, 0x96, 0xE8, 0x50, 0x4A, 0x10, 0xE5, 0x3D, 0x93, 0x15, 0xAA,
    0x67, 0x5A, 0x59, 0x60, 0x49, 0xB1, 0x3E, 0xAD, 0x68, 0x1E, 0xAF, 0x56, 0x68, 0x9F, 0xA2, 0x4C,
    0x14, 0xD3, 0x82, 0x84, 0x76, 0xB7, 0x44, 0xFB, 0x24, 0xEB, 0x70, 0x03, 0xD6, 0xF2, 0x13, 0x88,
    0x65, 0x4F, 0xC0, 0x1F, 0xAF, 0x56, 0xD6, 0x80, 0xE7, 0xDD, 0x68, 0x60, 0xFB, 0x7A, 0x11, 0xCA,
    0x8F, 0xAB, 0xF1, 0x9F, 0x26, 0xC6, 0x17, 0x7D, 0xB1, 0xAB, 0x2E, 0xEC, 0x62, 0xD1, 0xC3, 0xF2,
    0x45, 0xAC, 0x48, 0xAF, 0xE0, 0x7D, 0x4C, 0x05, 0x4C, 0xB8, 0x44, 0xE0, 0x34, 0x41, 0xE1, 0x56,
    0xDF, 0x7B, 0xF3, 0xD9, 0x83, 0x02, 0x8A, 0xA0, 0x87, 0xA9, 0xFD, 0xC5, 0xA6, 0x74, 0x4D, 0x50,
    0x2C, 0x28, 0x4B, 0x28, 0x07, 0x6A, 0x5D, 0x51, 0x60, 0x3F, 0x09, 0x9A, 0x33, 0xD6, 0x60, 0xB5,
    0xC0, 0x32, 0xAE, 0xF0, 0xDF, 0xC8, 0x09, 0x4B, 0x42, 0xA6, 0x0C, 0x31, 0x25, 0x95, 0xDC, 0xAA,
    0x9C, 0x75, 0xF1, 0x70, 0x1E, 0x38, 0x0C, 0x69, 0x52, 0xC6, 0xBE, 0xA9, 0xC8, 0x50, 0xF1, 0x70,
    0xE0, 0x1B, 0x4C, 0x8D, 0x0F, 0x56, 0x7A, 0x2F, 0xAD, 0xA6, 0xD7, 0xC5, 0x68, 0x4F, 0x4F, 0xAB,
    0xD8, 0x2F, 0x65, 0xC5, 0x8B, 0xFC, 0x26, 0x94, 0xC0, 0x1F, 0x5C, 0x20, 0xA5, 0x9D, 0x59, 0x6E,
    0x59, 0x61, 0x67, 0x2D, 0x4B, 0xDE, 0xF4, 0xE6, 0x59, 0xE3, 0x03, 0x9B, 0x18, 0xFC, 0xA4, 0x4C,
    0x51, 0x44, 0x83, 0xBD, 0xEF, 0xBC, 0xF1, 0x74, 0x6C, 0x80, 0x38, 0x24, 0x15, 0xD6, 0x10, 0x05,
    0xCA, 0x3D, 0x5B, 0x81, 0xE7, 0x80, 0x0D, 0x9E, 0xFB, 0x9E, 0x14, 0x89, 0x37, 0x90, 0xDF, 0x44,
    0x43, 0x2B, 0xED, 0x3C, 0xCB, 0xED, 0xBC, 0xDE, 0x2D, 0xFF, 0xF5, 0x6E, 0xDB, 0xB9, 0xF1, 0x0C,
    0xB3, 0xF4, 0xD3, 0x7E, 0xFF, 0x5C, 0x8C, 0x4D, 0x48, 0xC5, 0x7D, 0x34, 0xDE, 0xAF, 0xDF, 0xE1,
    0x31, 0x2C, 0x1C, 0xFE, 0x9B, 0x03, 0x53, 0x21, 0x29, 0x89, 0x04, 0xAB, 0xCD, 0x9E, 0xB7, 0x27,
    0x38, 0xA8, 0x80, 0x1E, 0xE2, 0xC6, 0xF3, 0x17, 0xAB, 0x41, 0x09, 0xC2, 0xF3, 0xFD, 0x80, 0x1B,
    0x2E, 0xB4, 0x25, 0x5E, 0x42, 0xEC, 0xC7, 0xF7, 0xB3, 0x3C, 0x4A, 0x7A, 0x2F, 0x2D, 0x26, 0xA5,
    0x9F, 0x67, 0x85, 0x65, 0xAF, 0x17, 0xAB, 0x5F, 0xC4, 0x1F, 0xD6, 0x07, 0xCF, 0x5E, 0x43, 0x40,
    0x85, 0x1A, 0xFB, 0x11, 0x56, 0x9E, 0x56, 0x36, 0xDC, 0x95, 0x57, 0xF9, 0x10, 0x84, 0xFA, 0xCF,
    0xAA, 0x14, 0xE7, 0xD7, 0xEA, 0xC0, 0x3F, 0x5D, 0xCA, 0x81, 0x05, 0x40, 0x61, 0x08, 0x45, 0xE1,
    0x43, 0x03, 0xB4, 0x50, 0xB4, 0x7A, 0xB4, 0x50, 0x03, 0xC4, 0x7D, 0x04, 0xBC, 0xFF, 0x5C, 0xB8,
    0xF8, 0xBC, 0x70, 0x08, 0xD0, 0x15, 0x90, 0xE0, 0x85, 0x4D, 0xAE, 0xD4, 0x6D, 0xF5, 0x1F, 0xCC,
    0xF1, 0xD0, 0x75, 0x7F, 0xB1, 0x79, 0x5D, 0xB7, 0x94, 0x6B, 0xF5, 0x01, 0x95, 0x90, 0x81, 0x86,
    0x26, 0x41, 0x0C, 0x06, 0x8B, 0x00, 0x34, 0x79, 0x95, 0x61, 0x01, 0x42, 0x5E, 0xFD, 0xE3, 0x5E,
    0x28, 0x1C, 0x40, 0xC8, 0x75, 0x9B, 0x5E, 0xEC, 0x7F, 0x60, 0xA9, 0x2A, 0x33, 0xA3, 0xC9, 0xA4,
    0x6D, 0x70, 0xAB, 0x64, 0x13, 0x70, 0xB1, 0x09, 0xFF, 0xD3, 0x49, 0x07, 0xDD, 0x97, 0xDA, 0x84,
    0x29, 0x5C, 0xDE, 0x00, 0x0B, 0xBC, 0x1F, 0x28, 0x13, 0x0E, 0xC5, 0xC2, 0x16, 0x0F, 0xCB, 0xDE,
    0x88, 0xE7, 0x44, 0xB6, 0x11, 0x92, 0x61, 0x68, 0x61, 0x3C, 0x71, 0xF2, 0xE0, 0x2C, 0xB1, 0x30,
    0xF1, 0x60, 0x65, 0x62, 0x79, 0x43, 0x00, 0xE0, 0x40, 0x0A, 0xBE, 0xB6, 0x7F, 0x8F, 0x05, 0x2A,
    0xEC, 0x48, 0xE3, 0x1C, 0x83, 0xB5, 0x0D, 0x92, 0x63, 0xE1, 0x47, 0x1D, 0x67, 0x46, 0xB9, 0xD3,
    0x79, 0x62, 0xC2, 0xF4, 0x7F, 0xFC, 0x23, 0xFC, 0x2A, 0x7E, 0x32, 0xCD, 0x54, 0x9E, 0x61, 0xB8,
    0x5C, 0xB6, 0x45, 0x56, 0xD4, 0x16, 0xFA, 0x9A, 0x80, 0xEB, 0x0A, 0xC4, 0xB5, 0xC0, 0xDE, 0xCF,
    0x72, 0x50, 0x60, 0xEA, 0xF7, 0xE7, 0xB7, 0xBD, 0x01, 0x87, 0xE0, 0x50, 0xA0, 0x77, 0x30, 0x0B,
    0x02, 0x1E, 0x28, 0x4C, 0xD8, 0xCF, 0x43, 0x39, 0x93, 0x80, 0xC0, 0xBE, 0xE5, 0xD5, 0xAF, 0x8B,
    0x21, 0x70, 0x1D, 0x1F, 0xEC, 0x58, 0x75, 0x84, 0x12, 0xCC, 0x36, 0xBF, 0x05, 0x57, 0x2A, 0xBB,
    0xAA, 0x92, 0x2A, 0x57, 0xD5, 0xD7, 0x28, 0x35, 0xC2, 0x1A, 0x77, 0x22, 0x89, 0x5D, 0x3E, 0xC9,
    0x9F, 0xF8, 0x65, 0x39, 0xB3, 0xE8, 0x20, 0x8B, 0x54, 0xCC, 0x54, 0x65, 0x01, 0x70, 0x5F, 0x95,
    0x77, 0xCB, 0xCD, 0xBD, 0x83, 0x80, 0xBA, 0xCF, 0x77, 0x5D, 0x80, 0xC0, 0x8A, 0x7C, 0x43, 0x83,
    0x0B, 0x1A, 0x52, 0x58, 0xC1, 0x33, 0x53, 0x9B, 0x07, 0x06, 0xAC, 0x20, 0xC1, 0x1A, 0x0A, 0x17,
    0xFD, 0x06, 0xC1, 0x7B, 0xEC, 0x1F, 0x95, 0xCD, 0x31, 0x0A, 0x42, 0x41, 0x10, 0x44, 0xC1, 0x82,
    0x49, 0x85, 0xBD, 0xD0, 0x82, 0x57, 0xDF, 0x23, 0x0D, 0x98, 0x7E, 0x18, 0x5B, 0xD1, 0x5C, 0x69,
    0x5E, 0xA5, 0xAD, 0xE6, 0x58, 0xAB, 0xED, 0x6A, 0x57, 0x6A, 0xA4, 0x35, 0xD3, 0x7E, 0x5E, 0x4D,
    0xBC, 0x12, 0x87, 0x4A, 0xF3, 0x0A, 0x1B, 0x6A, 0x6E, 0xDC, 0x57, 0xB3, 0x85, 0xDC, 0xD0, 0x3E,
    0xAC, 0xE9, 0xA6, 0xFD, 0xCF, 0xE3, 0x84, 0x11, 0x70, 0x50, 0xC1, 0xBC, 0xF1, 0xFD, 0x7E, 0x02,
};

static const EpdGlyph literatamono_12_italicGlyphs[] = {
    { 1, 1, 80, 0, 1, 1, 0 }, // U+0020
    { 5, 17, 128, 2, 17, 22, 1 }, // !
    { 6, 6, 160, 3, 20, 9, 23 }, // "
    { 15, 14, 272, 1, 14, 53, 32 }, // #
    { 11, 21, 192, 1, 20, 58, 85 }, // $
    { 18, 15, 336, 1, 15, 68, 143 }, // %
    { 16, 17, 288, 2, 17, 68, 211 }, // &
    { 2, 6, 96, 3, 20, 3, 279 }, // '
    { 6, 25, 128, 2, 20, 38, 282 }, // (
    { 7, 25, 128, 0, 20, 44, 320 }, // )
    { 8, 9, 192, 2, 19, 18, 364 }, // *
    { 11, 11, 240, 2, 13, 31, 382 }, // +
    { 4, 7, 128, 2, 3, 7, 413 }, // ,
    { 7, 1, 144, 1, 8, 2, 420 }, // -
    { 4, 4, 128, 2, 4, 4, 422 }, // .
    { 10, 23, 176, 1, 20, 58, 426 }, // /
    { 13, 17, 224, 1, 17, 56, 484 }, // 0
    { 8, 18, 160, 1, 18, 36, 540 }, // 1
    { 11, 17, 208, 1, 17, 47, 576 }, // 2
    { 11, 17, 208, 1, 17, 47, 623 }, // 3
    { 13, 18, 224, 0, 18, 59, 670 }, // 4
    { 11, 17, 208, 1, 17, 47, 729 }, // 5
    { 12, 17, 208, 1, 17, 51, 776 }, // 6
    { 12, 17, 208, 1, 17, 51, 827 }, // 7
    { 12, 17, 208, 1, 17, 51, 878 }, // 8
    { 12, 17, 208, 1, 17, 51, 929 }, // 9
    { 4, 14, 128, 2, 14, 14, 980 }, // :
    { 5, 18, 128, 2, 14, 23, 994 }, // ;
    { 10, 12, 240, 2, 13, 30, 1017 }, // <
    { 11, 6, 240, 2, 11, 17, 1047 }, // =
    { 10, 12, 240, 3, 13, 30, 1064 }, // >
    { 9, 17, 208, 2, 17, 39, 1094 }, // ?
    { 18, 18, 352, 2, 14, 81, 1133 }, // @
    { 17, 18, 272, 0, 18, 77, 1214 }, // A
    { 14, 17, 240, 1, 17, 60, 1291 }, // B
    { 14, 17, 240, 1, 17, 60, 1351 }, // C
    { 16, 17, 288, 1, 17, 68, 1411 }, // D
    { 13, 17, 240, 1, 17, 56, 1479 }, // E
    { 13, 17, 224, 1, 17, 56, 1535 }, // F
    { 14, 17, 256, 1, 17, 60, 1591 }, // G
    { 18, 17, 304, 1, 17, 77, 1651 }, // H
    { 8, 17, 144, 1, 17, 34, 1728 }, // I
    { 7, 23, 144, 1, 17, 41, 1762 }, // J
    { 16, 17, 272, 1, 17, 68, 1803 }, // K
    { 13, 17, 240, 1, 17, 56, 1871 }, // L
    { 22, 17, 368, 1, 17, 94, 1927 }, // M
    { 17, 17, 304, 1, 17, 73, 2021 }, // N
    { 16, 17, 288, 1, 17, 68, 2094 }, // O
    { 13, 17, 240, 1, 17, 56, 2162 }, // P
    { 17, 21, 288, 1, 17, 90, 2218 }, // Q
    { 16, 17, 272, 1, 17, 68, 2308 }, // R
    { 11, 17, 192, 1, 17, 47, 2376 }, // S
    { 15, 17, 256, 1, 17, 64, 2423 }, // T
    { 16, 17, 304, 2, 17, 68, 2487 }, // U
    { 17, 18, 272, 1, 17, 77, 2555 }, // V
    { 25, 18, 400, 1, 17, 113, 2632 }, // W
    { 17, 17, 272, 0, 17, 73, 2745 }, // X
    { 16, 17, 272, 1, 17, 68, 2818 }, // Y
    { 14, 17, 240, 1, 17, 60, 2886 }, // Z
    { 6, 26, 128, 2, 20, 39, 2946 }, // [
    { 9, 23, 160, 1, 20, 52, 2985 }, // <backslash>
    { 5, 26, 128, 1, 20, 33, 3037 }, // ]
    { 13, 9, 240, 1, 18, 30, 3070 }, // ^
    { 12, 1, 192, 0, -1, 3, 3100 }, // _
    { 5, 5, 192, 4, 19, 7, 3103 }, // `
    { 13, 13, 224, 1, 13, 43, 3110 }, // a
    { 13, 19, 224, 0, 19, 62, 3153 }, // b
    { 10, 13, 192, 1, 13, 33, 3215 }, // c
    { 13, 19, 224, 1, 19, 62, 3248 }, // d
    { 10, 13, 192, 1, 13, 33, 3310 }, // e
    { 13, 25, 160, -1, 19, 82, 3343 }, // f
    { 11, 19, 224, 1, 13, 53, 3425 }, // g
    { 14, 19, 240, 0, 19, 67, 3478 }, // h
    { 7, 19, 112, 0, 19, 34, 3545 }, // i
    { 7, 25, 112, -1, 19, 44, 3579 }, // j
    { 14, 19, 224, 0, 19, 67, 3623 }, // k
    { 7, 19, 112, 0, 19, 34, 3690 }, // l
    { 22, 13, 352, 0, 13, 72, 3724 }, // m
    { 15, 13, 240, 0, 13, 49, 3796 }, // n
    { 11, 13, 208, 1, 13, 36, 3845 }, // o
    { 13, 19, 224, 0, 13, 62, 3881 }, // p
    { 13, 19, 224, 1, 13, 62, 3943 }, // q
    { 11, 13, 192, 0, 13, 36, 4005 }, // r
    { 9, 13, 176, 1, 13, 30, 4041 }, // s
    { 9, 17, 160, 1, 17, 39, 4071 }, // t
    { 15, 13, 240, 0, 13, 49, 4110 }, // u
    { 14, 13, 240, 0, 13, 46, 4159 }, // v
    { 21, 13, 352, 0, 13, 69, 4205 }, // w
    { 13, 13, 208, 0, 13, 43, 4274 }, // x
    { 12, 19, 208, 0, 13, 57, 4317 }, // y
    { 10, 13, 192, 1, 13, 33, 4374 }, // z
    { 7, 26, 144, 2, 20, 46, 4407 }, // {
    { 3, 23, 160, 4, 20, 18, 4453 }, // |
    { 7, 26, 144, 1, 20, 46, 4471 }, // }
    { 11, 2, 240, 3, 8, 6, 4517 }, // ~
    { 1, 1, 80, 0, 1, 1, 0 }, // U+00A0
    { 4, 19, 128, 2, 13, 19, 1 }, // U+00A1
    { 10, 16, 192, 1, 16, 40, 20 }, // U+00A2
    { 13, 17, 240, 1, 17, 56, 60 }, // U+00A3
    { 11, 11, 208, 1, 14, 31, 116 }, // U+00A4
    { 16, 17, 272, 1, 17, 68, 147 }, // U+00A5
    { 3, 23, 160, 4, 20, 18, 215 }, // U+00A6
    { 11, 22, 240, 3, 17, 61, 233 }, // U+00A7
    { 8, 3, 208, 3, 18, 6, 294 }, // U+00A8
    { 17, 16, 320, 1, 16, 68, 300 }, // U+00A9
    { 10, 10, 176, 1, 19, 25, 368 }, // U+00AA
    { 11, 11, 192, 1, 12, 31, 393 }, // U+00AB
    { 11, 5, 240, 2, 9, 14, 424 }, // U+00AC
    { 1, 1, 0, 0, 1, 1, 438 }, // U+00AD
    { 10, 9, 192, 1, 19, 23, 439 }, // U+00AE
    { 7, 1, 208, 3, 17, 2, 462 }, // U+00AF
    { 6, 6, 128, 1, 20, 9, 464 }, // U+00B0
    { 11, 13, 240, 2, 13, 36, 473 }, // U+00B1
    { 8, 12, 160, 1, 21, 24, 509 }, // U+00B2
    { 8, 12, 160, 1, 21, 24, 533 }, // U+00B3
    { 5, 5, 208, 5, 19, 7, 557 }, // U+00B4
    { 12, 18, 224, 1, 13, 54, 564 }, // U+00B5
    { 12, 23, 240, 2, 17, 69, 618 }, // U+00B6
    { 4, 4, 128, 2, 10, 4, 687 }, // U+00B7
    { 5, 6, 208, 4, 1, 8, 691 }, // U+00B8
    { 6, 11, 112, 1, 20, 17, 699 }, // U+00B9
    { 8, 9, 176, 2, 18, 18, 716 }, // U+00BA
    { 11, 11, 208, 1, 12, 31, 734 }, // U+00BB
    { 21, 17, 384, 1, 17, 90, 765 }, // U+00BC
    { 21, 17, 368, 1, 17, 90, 855 }, // U+00BD
    { 21, 18, 384, 2, 18, 95, 945 }, // U+00BE
    { 10, 19, 208, 2, 13, 48, 1040 }, // U+00BF
    { 17, 23, 272, 0, 23, 98, 1088 }, // U+00C0
    { 17, 23, 272, 0, 23, 98, 1186 }, // U+00C1
    { 17, 23, 272, 0, 23, 98, 1284 }, // U+00C2
    { 17, 23, 272, 0, 23, 98, 1382 }, // U+00C3
    { 17, 22, 272, 0, 22, 94, 1480 }, // U+00C4
    { 17, 24, 272, 0, 24, 102, 1574 }, // U+00C5
    { 22, 17, 368, 0, 17, 94, 1676 }, // U+00C6
    { 14, 23, 240, 1, 17, 81, 1770 }, // U+00C7
    { 13, 23, 240, 1, 23, 75, 1851 }, // U+00C8
    { 13, 23, 240, 1, 23, 75, 1926 }, // U+00C9
    { 13, 23, 240, 1, 23, 75, 2001 }, // U+00CA
    { 13, 22, 240, 1, 22, 72, 2076 }, // U+00CB
    { 8, 23, 144, 1, 23, 46, 2148 }, // U+00CC
    { 8, 23, 144, 1, 23, 46, 2194 }, // U+00CD
    { 8, 23, 144, 1, 23, 46, 2240 }, // U+00CE
    { 8, 22, 144, 1, 22, 44, 2286 }, // U+00CF
    { 16, 17, 288, 1, 17, 68, 2330 }, // U+00D0
    { 17, 23, 304, 1, 23, 98, 2398 }, // U+00D1
    { 16, 23, 288, 1, 23, 92, 2496 }, // U+00D2
    { 16, 23, 288, 1, 23, 92, 2588 }, // U+00D3
    { 16, 23, 288, 1, 23, 92, 2680 }, // U+00D4
    { 16, 23, 288, 1, 23, 92, 2772 }, // U+00D5
    { 16, 22, 288, 1, 22, 88, 2864 }, // U+00D6
    { 9, 9, 224, 3, 12, 21, 2952 }, // U+00D7
    { 16, 17, 288, 1, 17, 68, 2973 }, // U+00D8
    { 16, 23, 304, 2, 23, 92, 3041 }, // U+00D9
    { 16, 23, 304, 2, 23, 92, 3133 }, // U+00DA
    { 16, 23, 304, 2, 23, 92, 3225 }, // U+00DB
    { 16, 22, 304, 2, 22, 88, 3317 }, // U+00DC
    { 16, 23, 272, 1, 23, 92, 3405 }, // U+00DD
    { 13, 17, 240, 1, 17, 56, 3497 }, // U+00DE
    { 16, 25, 256, -1, 19, 100, 3553 }, // U+00DF
    { 13, 19, 224, 1, 19, 62, 3653 }, // U+00E0
    { 13, 19, 224, 1, 19, 62, 3715 }, // U+00E1
    { 13, 19, 224, 1, 19, 62, 3777 }, // U+00E2
    { 13, 19, 224, 1, 19, 62, 3839 }, // U+00E3
    { 13, 18, 224, 1, 18, 59, 3901 }, // U+00E4
    { 13, 20, 224, 1, 20, 65, 3960 }, // U+00E5
    { 17, 13, 304, 1, 13, 56, 4025 }, // U+00E6
    { 10, 19, 192, 1, 13, 48, 4081 }, // U+00E7
    { 10, 19, 192, 1, 19, 48, 4129 }, // U+00E8
    { 10, 19, 192, 1, 19, 48, 4177 }, // U+00E9
    { 10, 19, 192, 1, 19, 48, 4225 }, // U+00EA
    { 10, 18, 192, 1, 18, 45, 4273 }, // U+00EB
    { 7, 19, 112, 0, 19, 34, 4318 }, // U+00EC
    { 7, 19, 112, 0, 19, 34, 4352 }, // U+00ED
    { 8, 19, 112, -1, 19, 38, 4386 }, // U+00EE
    { 8, 18, 112, -1, 18, 36, 4424 }, // U+00EF
    { 11, 19, 224, 1, 19, 53, 4460 }, // U+00F0
    { 15, 19, 240, 0, 19, 72, 4513 }, // U+00F1
    { 11, 19, 208, 1, 19, 53, 4585 }, // U+00F2
    { 11, 19, 208, 1, 19, 53, 4638 }, // U+00F3
    { 11, 19, 208, 1, 19, 53, 4691 }, // U+00F4
    { 11, 19, 208, 1, 19, 53, 4744 }, // U+00F5
    { 11, 18, 208, 1, 18, 50, 4797 }, // U+00F6
    { 11, 11, 240, 2, 13, 31, 4847 }, // U+00F7
    { 13, 13, 208, 0, 13, 43, 4878 }, // U+00F8
    { 15, 19, 240, 0, 19, 72, 4921 }, // U+00F9
    { 15, 19, 240, 0, 19, 72, 4993 }, // U+00FA
    { 15, 19, 240, 0, 19, 72, 5065 }, // U+00FB
    { 15, 18, 240, 0, 18, 68, 5137 }, // U+00FC
    { 12, 25, 208, 0, 19, 75, 5205 }, // U+00FD
    { 13, 25, 224, 0, 19, 82, 5280 }, // U+00FE
    { 12, 24, 208, 0, 18, 72, 5362 }, // U+00FF
    { 17, 21, 272, 0, 21, 90, 0 }, // U+0100
    { 13, 17, 224, 1, 17, 56, 90 }, // U+0101
    { 17, 23, 272, 0, 23, 98, 146 }, // U+0102
    { 13, 19, 224, 1, 19, 62, 244 }, // U+0103
    { 17, 24, 272, 0, 18, 102, 306 }, // U+0104
    { 13, 19, 224, 1, 13, 62, 408 }, // U+0105
    { 14, 23, 240, 1, 23, 81, 470 }, // U+0106
    { 10, 19, 192, 1, 19, 48, 551 }, // U+0107
    { 14, 23, 240, 1, 23, 81, 599 }, // U+0108
    { 10, 19, 192, 1, 19, 48, 680 }, // U+0109
    { 14, 22, 240, 1, 22, 77, 728 }, // U+010A
    { 10, 18, 192, 1, 18, 45, 805 }, // U+010B
    { 14, 24, 240, 1, 24, 84, 850 }, // U+010C
    { 10, 19, 192, 1, 19, 48, 934 }, // U+010D
    { 16, 24, 288, 1, 24, 96, 982 }, // U+010E
    { 16, 19, 272, 1, 19, 76, 1078 }, // U+010F
    { 16, 17, 288, 1, 17, 68, 1154 }, // U+0110
    { 13, 19, 224, 1, 19, 62, 1222 }, // U+0111
    { 13, 21, 240, 1, 21, 69, 1284 }, // U+0112
    { 10, 17, 192, 1, 17, 43, 1353 }, // U+0113
    { 13, 23, 240, 1, 23, 75, 1396 }, // U+0114
    { 10, 19, 192, 1, 19, 48, 1471 }, // U+0115
    { 13, 22, 240, 1, 22, 72, 1519 }, // U+0116
    { 10, 18, 192, 1, 18, 45, 1591 }, // U+0117
    { 13, 23, 240, 1, 17, 75, 1636 }, // U+0118
    { 10, 19, 192, 1, 13, 48, 1711 }, // U+0119
    { 13, 24, 240, 1, 24, 78, 1759 }, // U+011A
    { 10, 19, 192, 1, 19, 48, 1837 }, // U+011B
    { 14, 23, 256, 1, 23, 81, 1885 }, // U+011C
    { 11, 25, 224, 1, 19, 69, 1966 }, // U+011D
    { 14, 23, 256, 1, 23, 81, 2035 }, // U+011E
    { 11, 25, 224, 1, 19, 69, 2116 }, // U+011F
    { 14, 22, 256, 1, 22, 77, 2185 }, // U+0120
    { 11, 24, 224, 1, 18, 66, 2262 }, // U+0121
    { 14, 23, 256, 1, 17, 81, 2328 }, // U+0122
    { 11, 25, 224, 1, 19, 69, 2409 }, // U+0123
    { 18, 23, 304, 1, 23, 104, 2478 }, // U+0124
    { 15, 24, 240, -1, 24, 90, 2582 }, // U+0125
    { 18, 17, 304, 1, 17, 77, 2672 }, // U+0126
    { 14, 19, 240, 0, 19, 67, 2749 }, // U+0127
    { 8, 23, 144, 1, 23, 46, 2816 }, // U+0128
    { 8, 19, 112, -1, 19, 38, 2862 }, // U+0129
    { 8, 21, 144, 1, 21, 42, 2900 }, // U+012A
    { 7, 17, 112, 0, 17, 30, 2942 }, // U+012B
    { 8, 23, 144, 1, 23, 46, 2972 }, // U+012C
    { 7, 19, 112, 0, 19, 34, 3018 }, // U+012D
    { 8, 23, 144, 1, 17, 46, 3052 }, // U+012E
    { 7, 25, 112, 0, 19, 44, 3098 }, // U+012F
    { 8, 22, 144, 1, 22, 44, 3142 }, // U+0130
    { 7, 13, 112, 0, 13, 23, 3186 }, // U+0131
    { 16, 23, 288, 1, 17, 92, 3209 }, // U+0132
    { 13, 25, 240, 0, 19, 82, 3301 }, // U+0133
    { 8, 29, 144, 1, 23, 58, 3383 }, // U+0134
    { 8, 25, 112, -1, 19, 50, 3441 }, // U+0135
    { 16, 23, 272, 1, 17, 92, 3491 }, // U+0136
    { 14, 25, 224, 0, 19, 88, 3583 }, // U+0137
    { 14, 13, 224, 0, 13, 46, 3671 }, // U+0138
    { 13, 23, 240, 1, 23, 75, 3717 }, // U+0139
    { 7, 24, 112, 0, 24, 42, 3792 }, // U+013A
    { 13, 23, 240, 1, 17, 75, 3834 }, // U+013B
    { 7, 25, 112, 0, 19, 44, 3909 }, // U+013C
    { 13, 19, 240, 1, 19, 62, 3953 }, // U+013D
    { 9, 19, 160, 0, 19, 43, 4015 }, // U+013E
    { 13, 17, 240, 1, 17, 56, 4058 }, // U+013F
    { 10, 19, 160, 0, 19, 48, 4114 }, // U+0140
    { 13, 17, 240, 1, 17, 56, 4162 }, // U+0141
    { 7, 19, 128, 1, 19, 34, 4218 }, // U+0142
    { 17, 23, 304, 1, 23, 98, 4252 }, // U+0143
    { 15, 19, 240, 0, 19, 72, 4350 }, // U+0144
    { 17, 23, 304, 1, 17, 98, 4422 }, // U+0145
    { 15, 19, 240, 0, 13, 72, 4520 }, // U+0146
    { 17, 24, 304, 1, 24, 102, 4592 }, // U+0147
    { 15, 19, 240, 0, 19, 72, 4694 }, // U+0148
    { 18, 19, 288, 0, 19, 86, 4766 }, // U+0149
    { 17, 23, 304, 1, 17, 98, 4852 }, // U+014A
    { 13, 19, 240, 0, 13, 62, 4950 }, // U+014B
    { 16, 21, 288, 1, 21, 84, 5012 }, // U+014C
    { 11, 17, 208, 1, 17, 47, 5096 }, // U+014D
    { 16, 23, 288, 1, 23, 92, 5143 }, // U+014E
    { 11, 19, 208, 1, 19, 53, 5235 }, // U+014F
    { 16, 23, 288, 1, 23, 92, 5288 }, // U+0150
    { 12, 19, 208, 1, 19, 57, 5380 }, // U+0151
    { 23, 17, 400, 1, 17, 98, 5437 }, // U+0152
    { 18, 13, 336, 1, 13, 59, 5535 }, // U+0153
    { 16, 23, 272, 1, 23, 92, 5594 }, // U+0154
    { 11, 19, 192, 0, 19, 53, 5686 }, // U+0155
    { 16, 23, 272, 1, 17, 92, 5739 }, // U+0156
    { 11, 19, 192, 0, 13, 53, 5831 }, // U+0157
    { 16, 24, 272, 1, 24, 96, 5884 }, // U+0158
    { 11, 19, 192, 0, 19, 53, 5980 }, // U+0159
    { 11, 23, 192, 1, 23, 64, 6033 }, // U+015A
    { 9, 19, 176, 1, 19, 43, 6097 }, // U+015B
    { 11, 23, 192, 1, 23, 64, 6140 }, // U+015C
    { 9, 19, 176, 1, 19, 43, 6204 }, // U+015D
    { 11, 23, 192, 1, 17, 64, 6247 }, // U+015E
    { 9, 19, 176, 1, 13, 43, 6311 }, // U+015F
    { 11, 24, 192, 1, 24, 66, 6354 }, // U+0160
    { 9, 19, 176, 1, 19, 43, 6420 }, // U+0161
    { 15, 23, 256, 1, 17, 87, 6463 }, // U+0162
    { 9, 23, 160, 1, 17, 52, 6550 }, // U+0163
    { 15, 24, 256, 1, 24, 90, 6602 }, // U+0164
    { 9, 20, 176, 1, 20, 45, 6692 }, // U+0165
    { 15, 17, 256, 1, 17, 64, 6737 }, // U+0166
    { 10, 17, 160, 0, 17, 43, 6801 }, // U+0167
    { 16, 23, 304, 2, 23, 92, 6844 }, // U+0168
    { 15, 19, 240, 0, 19, 72, 6936 }, // U+0169
    { 16, 21, 304, 2, 21, 84, 7008 }, // U+016A
    { 15, 17, 240, 0, 17, 64, 7092 }, // U+016B
    { 16, 23, 304, 2, 23, 92, 7156 }, // U+016C
    { 15, 19, 240, 0, 19, 72, 7248 }, // U+016D
    { 16, 24, 304, 2, 24, 96, 7320 }, // U+016E
    { 15, 20, 240, 0, 20, 75, 7416 }, // U+016F
    { 16, 23, 304, 2, 23, 92, 7491 }, // U+0170
    { 15, 19, 240, 0, 19, 72, 7583 }, // U+0171
    { 16, 23, 304, 2, 17, 92, 7655 }, // U+0172
    { 15, 19, 240, 0, 13, 72, 7747 }, // U+0173
    { 25, 24, 400, 1, 23, 150, 7819 }, // U+0174
    { 21, 19, 352, 0, 19, 100, 7969 }, // U+0175
    { 16, 23, 272, 1, 23, 92, 8069 }, // U+0176
    { 12, 25, 208, 0, 19, 75, 8161 }, // U+0177
    { 16, 22, 272, 1, 22, 88, 8236 }, // U+0178
    { 14, 23, 240, 1, 23, 81, 8324 }, // U+0179
    { 10, 19, 192, 1, 19, 48, 8405 }, // U+017A
    { 14, 22, 240, 1, 22, 77, 8453 }, // U+017B
    { 10, 18, 192, 1, 18, 45, 8530 }, // U+017C
    { 14, 24, 240, 1, 24, 84, 8575 }, // U+017D
    { 10, 19, 192, 1, 19, 48, 8659 }, // U+017E
    { 19, 19, 320, 1, 19, 91, 0 }, // U+01A0
    { 14, 17, 240, 1, 17, 60, 91 }, // U+01A1
    { 19, 19, 320, 2, 19, 91, 151 }, // U+01AF
    { 17, 17, 256, 0, 17, 73, 242 }, // U+01B0
    { 31, 24, 528, 1, 24, 186, 315 }, // U+01C4
    { 28, 19, 480, 1, 19, 133, 501 }, // U+01C5
    { 25, 19, 416, 1, 19, 119, 634 }, // U+01C6
    { 22, 23, 384, 1, 17, 127, 753 }, // U+01C7
    { 19, 25, 352, 1, 19, 119, 880 }, // U+01C8
    { 13, 25, 224, 0, 19, 82, 999 }, // U+01C9
    { 26, 23, 448, 1, 17, 150, 1081 }, // U+01CA
    { 23, 25, 416, 1, 19, 144, 1231 }, // U+01CB
    { 20, 25, 352, 0, 19, 125, 1375 }, // U+01CC
    { 17, 24, 272, 0, 24, 102, 1500 }, // U+01CD
    { 13, 19, 224, 1, 19, 62, 1602 }, // U+01CE
    { 8, 24, 144, 1, 24, 48, 1664 }, // U+01CF
    { 8, 19, 112, -1, 19, 38, 1712 }, // U+01D0
    { 16, 24, 288, 1, 24, 96, 1750 }, // U+01D1
    { 11, 19, 208, 1, 19, 53, 1846 }, // U+01D2
    { 16, 24, 304, 2, 24, 96, 1899 }, // U+01D3
    { 15, 19, 240, 0, 19, 72, 1995 }, // U+01D4
    { 16, 25, 304, 2, 25, 100, 2067 }, // U+01D5
    { 15, 22, 240, 0, 22, 83, 2167 }, // U+01D6
    { 16, 28, 304, 2, 28, 112, 2250 }, // U+01D7
    { 15, 24, 240, 0, 24, 90, 2362 }, // U+01D8
    { 16, 29, 304, 2, 29, 116, 2452 }, // U+01D9
    { 15, 25, 240, 0, 25, 94, 2568 }, // U+01DA
    { 16, 28, 304, 2, 28, 112, 2662 }, // U+01DB
    { 15, 24, 240, 0, 24, 90, 2774 }, // U+01DC
    { 14, 24, 256, 1, 24, 84, 2864 }, // U+01E6
    { 11, 25, 224, 1, 19, 69, 2948 }, // U+01E7
    { 16, 23, 288, 1, 17, 92, 3017 }, // U+01EA
    { 11, 19, 208, 1, 13, 53, 3109 }, // U+01EB
    { 17, 27, 272, 0, 27, 115, 3162 }, // U+01FA
    { 13, 25, 224, 1, 25, 82, 3277 }, // U+01FB
    { 22, 23, 368, 0, 23, 127, 3359 }, // U+01FC
    { 17, 19, 304, 1, 19, 81, 3486 }, // U+01FD
    { 16, 23, 288, 1, 23, 92, 3567 }, // U+01FE
    { 13, 19, 208, 0, 19, 62, 3659 }, // U+01FF
    { 17, 23, 272, 0, 23, 98, 3721 }, // U+0200
    { 13, 19, 224, 1, 19, 62, 3819 }, // U+0201
    { 17, 23, 272, 0, 23, 98, 3881 }, // U+0202
    { 13, 19, 224, 1, 19, 62, 3979 }, // U+0203
    { 13, 23, 240, 1, 23, 75, 4041 }, // U+0204
    { 10, 19, 192, 1, 19, 48, 4116 }, // U+0205
    { 13, 23, 240, 1, 23, 75, 4164 }, // U+0206
    { 10, 19, 192, 1, 19, 48, 4239 }, // U+0207
    { 10, 23, 144, -1, 23, 58, 4287 }, // U+0208
    { 9, 19, 112, -2, 19, 43, 4345 }, // U+0209
    { 8, 23, 144, 1, 23, 46, 4388 }, // U+020A
    { 8, 19, 112, -1, 19, 38, 4434 }, // U+020B
    { 16, 23, 288, 1, 23, 92, 4472 }, // U+020C
    { 11, 19, 208, 1, 19, 53, 4564 }, // U+020D
    { 16, 23, 288, 1, 23, 92, 4617 }, // U+020E
    { 11, 19, 208, 1, 19, 53, 4709 }, // U+020F
    { 16, 23, 272, 1, 23, 92, 4762 }, // U+0210
    { 11, 19, 192, 0, 19, 53, 4854 }, // U+0211
    { 16, 23, 272, 1, 23, 92, 4907 }, // U+0212
    { 11, 19, 192, 0, 19, 53, 4999 }, // U+0213
    { 16, 23, 304, 2, 23, 92, 5052 }, // U+0214
    { 15, 19, 240, 0, 19, 72, 5144 }, // U+0215
    { 16, 23, 304, 2, 23, 92, 5216 }, // U+0216
    { 15, 19, 240, 0, 19, 72, 5308 }, // U+0217
    { 11, 23, 192, 1, 17, 64, 5380 }, // U+0218
    { 9, 19, 176, 1, 13, 43, 5444 }, // U+0219
    { 15, 23, 256, 1, 17, 87, 5487 }, // U+021A
    { 9, 23, 160, 1, 17, 52, 5574 }, // U+021B
    { 5, 5, 0, -3, 19, 7, 0 }, // U+0300
    { 5, 5, 0, -1, 19, 7, 7 }, // U+0301
    { 7, 5, 0, -3, 19, 9, 14 }, // U+0302
    { 9, 3, 0, -4, 19, 7, 23 }, // U+0303
    { 7, 1, 0, -3, 17, 2, 30 }, // U+0304
    { 7, 4, 0, -3, 19, 7, 32 }, // U+0306
    { 3, 3, 0, -1, 18, 3, 39 }, // U+0307
    { 8, 3, 0, -4, 18, 6, 42 }, // U+0308
    { 6, 6, 0, -2, 20, 9, 48 }, // U+0309
    { 5, 5, 0, -2, 20, 7, 57 }, // U+030A
    { 8, 5, 0, -2, 19, 10, 64 }, // U+030B
    { 7, 5, 0, -3, 19, 9, 74 }, // U+030C
    { 8, 5, 0, -5, 19, 10, 83 }, // U+030F
    { 7, 4, 0, -3, 19, 7, 93 }, // U+0311
    { 3, 5, 0, -1, 19, 4, 100 }, // U+0312
    { 4, 7, 0, -2, 17, 7, 104 }, // U+031B
    { 3, 3, 0, -2, -3, 3, 111 }, // U+0323
    { 8, 3, 0, -4, -2, 6, 114 }, // U+0324
    { 3, 5, 0, -2, -1, 4, 120 }, // U+0326
    { 5, 6, 0, -3, 1, 8, 124 }, // U+0327
    { 5, 6, 0, -3, 1, 8, 132 }, // U+0328
    { 8, 4, 0, -4, -1, 8, 140 }, // U+032E
    { 7, 1, 0, -4, -3, 2, 148 }, // U+0331
    { 13, 23, 240, 1, 23, 75, 0 }, // U+0401
    { 17, 20, 304, 1, 17, 85, 75 }, // U+0402
    { 12, 23, 224, 1, 23, 69, 160 }, // U+0403
    { 14, 17, 240, 1, 17, 60, 229 }, // U+0404
    { 11, 17, 192, 1, 17, 47, 289 }, // U+0405
    { 8, 17, 144, 1, 17, 34, 336 }, // U+0406
    { 8, 23, 144, 1, 23, 46, 370 }, // U+0407
    { 7, 23, 144, 1, 17, 41, 416 }, // U+0408
    { 23, 17, 384, 0, 17, 98, 457 }, // U+0409
    { 23, 17, 400, 1, 17, 98, 555 }, // U+040A
    { 19, 17, 336, 1, 17, 81, 653 }, // U+040B
    { 17, 23, 288, 1, 23, 98, 734 }, // U+040C
    { 18, 23, 304, 1, 23, 104, 832 }, // U+040D
    { 16, 23, 256, 1, 23, 92, 936 }, // U+040E
    { 17, 21, 304, 1, 17, 90, 1028 }, // U+040F
    { 17, 18, 272, 0, 18, 77, 1118 }, // U+0410
    { 14, 17, 256, 1, 17, 60, 1195 }, // U+0411
    { 14, 17, 240, 1, 17, 60, 1255 }, // U+0412
    { 12, 17, 224, 1, 17, 51, 1315 }, // U+0413
    { 17, 21, 288, 0, 17, 90, 1366 }, // U+0414
    { 13, 17, 240, 1, 17, 56, 1456 }, // U+0415
    { 25, 17, 400, 0, 17, 107, 1512 }, // U+0416
    { 12, 17, 224, 1, 17, 51, 1619 }, // U+0417
    { 18, 17, 304, 1, 17, 77, 1670 }, // U+0418
    { 18, 23, 304, 1, 23, 104, 1747 }, // U+0419
    { 17, 17, 288, 1, 17, 73, 1851 }, // U+041A
    { 18, 17, 288, 0, 17, 77, 1924 }, // U+041B
    { 22, 17, 368, 1, 17, 94, 2001 }, // U+041C
    { 18, 17, 304, 1, 17, 77, 2095 }, // U+041D
    { 16, 17, 288, 1, 17, 68, 2172 }, // U+041E
    { 18, 17, 304, 1, 17, 77, 2240 }, // U+041F
    { 13, 17, 240, 1, 17, 56, 2317 }, // U+0420
    { 14, 17, 240, 1, 17, 60, 2373 }, // U+0421
    { 15, 17, 256, 1, 17, 64, 2433 }, // U+0422
    { 16, 17, 256, 1, 17, 68, 2497 }, // U+0423
    { 18, 19, 304, 1, 19, 86, 2565 }, // U+0424
    { 17, 17, 272, 0, 17, 73, 2651 }, // U+0425
    { 18, 21, 304, 1, 17, 95, 2724 }, // U+0426
    { 17, 17, 288, 1, 17, 73, 2819 }, // U+0427
    { 26, 17, 448, 1, 17, 111, 2892 }, // U+0428
    { 27, 21, 448, 1, 17, 142, 3003 }, // U+0429
    { 16, 17, 288, 1, 17, 68, 3145 }, // U+042A
    { 21, 17, 368, 1, 17, 90, 3213 }, // U+042B
    { 13, 17, 256, 2, 17, 56, 3303 }, // U+042C
    { 13, 17, 256, 2, 17, 56, 3359 }, // U+042D
    { 24, 17, 416, 1, 17, 102, 3415 }, // U+042E
    { 17, 17, 288, 0, 17, 73, 3517 }, // U+042F
    { 13, 13, 224, 1, 13, 43, 3590 }, // U+0430
    { 11, 19, 208, 1, 19, 53, 3633 }, // U+0431
    { 10, 13, 192, 1, 13, 33, 3686 }, // U+0432
    { 8, 13, 160, 1, 13, 26, 3719 }, // U+0433
    { 11, 19, 208, 1, 19, 53, 3745 }, // U+0434
    { 10, 13, 192, 1, 13, 33, 3798 }, // U+0435
    { 18, 13, 304, 1, 13, 59, 3831 }, // U+0436
    { 9, 13, 176, 1, 13, 30, 3890 }, // U+0437
    { 15, 13, 240, 0, 13, 49, 3920 }, // U+0438
    { 15, 17, 240, 0, 17, 64, 3969 }, // U+0439
    { 13, 13, 224, 0, 13, 43, 4033 }, // U+043A
    { 13, 13, 224, 0, 13, 43, 4076 }, // U+043B
    { 17, 13, 288, 1, 13, 56, 4119 }, // U+043C
    { 14, 13, 224, 0, 13, 46, 4175 }, // U+043D
    { 11, 13, 208, 1, 13, 36, 4221 }, // U+043E
    { 15, 13, 240, 0, 13, 49, 4257 }, // U+043F
    { 13, 19, 224, 0, 13, 62, 4306 }, // U+0440
    { 10, 13, 192, 1, 13, 33, 4368 }, // U+0441
    { 22, 13, 352, 0, 13, 72, 4401 }, // U+0442
    { 12, 19, 208, 0, 13, 57, 4473 }, // U+0443
    { 18, 25, 320, 1, 19, 113, 4530 }, // U+0444
    { 13, 13, 208, 0, 13, 43, 4643 }, // U+0445
    { 15, 18, 240, 0, 13, 68, 4686 }, // U+0446
    { 13, 13, 208, 0, 13, 43, 4754 }, // U+0447
    { 22, 13, 352, 0, 13, 72, 4797 }, // U+0448
    { 22, 18, 352, 0, 13, 99, 4869 }, // U+0449
    { 11, 13, 208, 1, 13, 36, 4968 }, // U+044A
    { 17, 13, 288, 0, 13, 56, 5004 }, // U+044B
    { 11, 13, 192, 0, 13, 36, 5060 }, // U+044C
    { 10, 13, 192, 1, 13, 33, 5096 }, // U+044D
    { 18, 13, 304, 0, 13, 59, 5129 }, // U+044E
    { 12, 13, 208, 1, 13, 39, 5188 }, // U+044F
    { 10, 18, 192, 1, 18, 45, 5227 }, // U+0451
    { 12, 25, 224, 0, 19, 75, 5272 }, // U+0452
    { 8, 19, 160, 1, 19, 38, 5347 }, // U+0453
    { 10, 13, 192, 1, 13, 33, 5385 }, // U+0454
    { 9, 13, 176, 1, 13, 30, 5418 }, // U+0455
    { 7, 19, 112, 0, 19, 34, 5448 }, // U+0456
    { 8, 18, 112, -1, 18, 36, 5482 }, // U+0457
    { 7, 25, 112, -1, 19, 44, 5518 }, // U+0458
    { 17, 13, 288, 0, 13, 56, 5562 }, // U+0459
    { 18, 13, 288, 0, 13, 59, 5618 }, // U+045A
    { 14, 20, 240, 0, 20, 70, 5677 }, // U+045B
    { 13, 19, 224, 0, 19, 62, 5747 }, // U+045C
    { 15, 19, 240, 0, 19, 72, 5809 }, // U+045D
    { 12, 23, 208, 0, 17, 69, 5881 }, // U+045E
    { 15, 19, 240, 0, 13, 72, 5950 }, // U+045F
    { 16, 19, 288, 1, 19, 76, 6022 }, // U+0462
    { 18, 13, 304, 0, 13, 59, 6098 }, // U+0463
    { 23, 17, 368, 0, 17, 98, 6157 }, // U+046A
    { 16, 13, 272, 1, 13, 52, 6255 }, // U+046B
    { 13, 20, 208, 1, 20, 65, 6307 }, // U+0490
    { 13, 22, 176, -2, 16, 72, 6372 }, // U+0491
    { 12, 17, 224, 1, 17, 51, 6444 }, // U+0492
    { 9, 13, 176, 1, 13, 30, 6495 }, // U+0493
    { 26, 21, 416, 0, 17, 137, 6525 }, // U+0496
    { 19, 18, 320, 1, 13, 86, 6662 }, // U+0497
    { 17, 20, 288, 1, 17, 85, 6748 }, // U+049A
    { 14, 18, 224, 0, 13, 63, 6833 }, // U+049B
    { 18, 21, 304, 1, 17, 95, 6896 }, // U+04A2
    { 14, 18, 240, 0, 13, 63, 6991 }, // U+04A3
    { 16, 17, 272, 1, 17, 68, 7054 }, // U+04AE
    { 12, 19, 208, 0, 13, 57, 7122 }, // U+04AF
    { 17, 17, 272, 0, 17, 73, 7179 }, // U+04B0
    { 12, 19, 208, 0, 13, 57, 7252 }, // U+04B1
    { 17, 17, 304, 1, 17, 73, 7309 }, // U+04BA
    { 14, 19, 240, 0, 19, 67, 7382 }, // U+04BB
    { 14, 17, 272, 1, 17, 60, 7449 }, // U+04D8
    { 10, 13, 192, 1, 13, 33, 7509 }, // U+04D9
    { 16, 17, 288, 1, 17, 68, 7542 }, // U+04E8
    { 11, 13, 208, 1, 13, 36, 7610 }, // U+04E9
    { 17, 24, 272, 0, 18, 102, 0 }, // U+1EA0
    { 13, 19, 224, 1, 13, 62, 102 }, // U+1EA1
    { 17, 24, 272, 0, 24, 102, 164 }, // U+1EA2
    { 13, 20, 224, 1, 20, 65, 266 }, // U+1EA3
    { 17, 28, 272, 0, 28, 119, 331 }, // U+1EA4
    { 13, 24, 224, 1, 24, 78, 450 }, // U+1EA5
    { 17, 28, 272, 0, 28, 119, 528 }, // U+1EA6
    { 13, 24, 224, 1, 24, 78, 647 }, // U+1EA7
    { 17, 27, 272, 0, 27, 115, 725 }, // U+1EA8
    { 13, 24, 224, 1, 24, 78, 840 }, // U+1EA9
    { 17, 28, 272, 0, 28, 119, 918 }, // U+1EAA
    { 13, 24, 224, 1, 24, 78, 1037 }, // U+1EAB
    { 17, 29, 272, 0, 23, 124, 1115 }, // U+1EAC
    { 13, 25, 224, 1, 19, 82, 1239 }, // U+1EAD
    { 17, 28, 272, 0, 28, 119, 1321 }, // U+1EAE
    { 13, 24, 224, 1, 24, 78, 1440 }, // U+1EAF
    { 17, 28, 272, 0, 28, 119, 1518 }, // U+1EB0
    { 13, 24, 224, 1, 24, 78, 1637 }, // U+1EB1
    { 17, 28, 272, 0, 28, 119, 1715 }, // U+1EB2
    { 13, 24, 224, 1, 24, 78, 1834 }, // U+1EB3
    { 17, 27, 272, 0, 27, 115, 1912 }, // U+1EB4
    { 13, 24, 224, 1, 24, 78, 2027 }, // U+1EB5
    { 17, 29, 272, 0, 23, 124, 2105 }, // U+1EB6
    { 13, 25, 224, 1, 19, 82, 2229 }, // U+1EB7
    { 13, 23, 240, 1, 17, 75, 2311 }, // U+1EB8
    { 10, 19, 192, 1, 13, 48, 2386 }, // U+1EB9
    { 13, 24, 240, 1, 24, 78, 2434 }, // U+1EBA
    { 10, 20, 192, 1, 20, 50, 2512 }, // U+1EBB
    { 13, 23, 240, 1, 23, 75, 2562 }, // U+1EBC
    { 10, 19, 192, 1, 19, 48, 2637 }, // U+1EBD
    { 13, 28, 240, 1, 28, 91, 2685 }, // U+1EBE
    { 10, 24, 192, 1, 24, 60, 2776 }, // U+1EBF
    { 13, 28, 240, 1, 28, 91, 2836 }, // U+1EC0
    { 10, 24, 192, 1, 24, 60, 2927 }, // U+1EC1
    { 15, 27, 240, 1, 27, 102, 2987 }, // U+1EC2
    { 13, 24, 192, 1, 24, 78, 3089 }, // U+1EC3
    { 13, 27, 240, 1, 27, 88, 3167 }, // U+1EC4
    { 10, 24, 192, 1, 24, 60, 3255 }, // U+1EC5
    { 13, 29, 240, 1, 23, 95, 3315 }, // U+1EC6
    { 10, 25, 192, 1, 19, 63, 3410 }, // U+1EC7
    { 8, 24, 144, 1, 24, 48, 3473 }, // U+1EC8
    { 7, 20, 112, 0, 20, 35, 3521 }, // U+1EC9
    { 8, 23, 144, 1, 17, 46, 3556 }, // U+1ECA
    { 7, 25, 112, 0, 19, 44, 3602 }, // U+1ECB
    { 16, 23, 288, 1, 17, 92, 3646 }, // U+1ECC
    { 11, 19, 208, 1, 13, 53, 3738 }, // U+1ECD
    { 16, 24, 288, 1, 24, 96, 3791 }, // U+1ECE
    { 11, 20, 208, 1, 20, 55, 3887 }, // U+1ECF
    { 16, 28, 288, 1, 28, 112, 3942 }, // U+1ED0
    { 11, 24, 208, 1, 24, 66, 4054 }, // U+1ED1
    { 16, 28, 288, 1, 28, 112, 4120 }, // U+1ED2
    { 11, 24, 208, 1, 24, 66, 4232 }, // U+1ED3
    { 16, 27, 288, 1, 27, 108, 4298 }, // U+1ED4
    { 13, 24, 208, 1, 24, 78, 4406 }, // U+1ED5
    { 16, 28, 288, 1, 28, 112, 4484 }, // U+1ED6
    { 11, 24, 208, 1, 24, 66, 4596 }, // U+1ED7
    { 16, 29, 288, 1, 23, 116, 4662 }, // U+1ED8
    { 11, 25, 208, 1, 19, 69, 4778 }, // U+1ED9
    { 19, 23, 320, 1, 23, 110, 4847 }, // U+1EDA
    { 14, 19, 240, 1, 19, 67, 4957 }, // U+1EDB
    { 19, 23, 320, 1, 23, 110, 5024 }, // U+1EDC
    { 14, 19, 240, 1, 19, 67, 5134 }, // U+1EDD
    { 19, 24, 320, 1, 24, 114, 5201 }, // U+1EDE
    { 14, 20, 240, 1, 20, 70, 5315 }, // U+1EDF
    { 19, 23, 320, 1, 23, 110, 5385 }, // U+1EE0
    { 14, 19, 240, 1, 19, 67, 5495 }, // U+1EE1
    { 19, 25, 320, 1, 19, 119, 5562 }, // U+1EE2
    { 14, 23, 240, 1, 17, 81, 5681 }, // U+1EE3
    { 16, 23, 304, 2, 17, 92, 5762 }, // U+1EE4
    { 15, 19, 240, 0, 13, 72, 5854 }, // U+1EE5
    { 16, 24, 304, 2, 24, 96, 5926 }, // U+1EE6
    { 15, 20, 240, 0, 20, 75, 6022 }, // U+1EE7
    { 19, 23, 320, 2, 23, 110, 6097 }, // U+1EE8
    { 17, 19, 256, 0, 19, 81, 6207 }, // U+1EE9
    { 19, 23, 320, 2, 23, 110, 6288 }, // U+1EEA
    { 17, 19, 256, 0, 19, 81, 6398 }, // U+1EEB
    { 19, 24, 320, 2, 24, 114, 6479 }, // U+1EEC
    { 17, 20, 256, 0, 20, 85, 6593 }, // U+1EED
    { 19, 23, 320, 2, 23, 110, 6678 }, // U+1EEE
    { 17, 19, 256, 0, 19, 81, 6788 }, // U+1EEF
    { 19, 25, 320, 2, 19, 119, 6869 }, // U+1EF0
    { 17, 23, 256, 0, 17, 98, 6988 }, // U+1EF1
    { 16, 23, 272, 1, 23, 92, 7086 }, // U+1EF2
    { 12, 25, 208, 0, 19, 75, 7178 }, // U+1EF3
    { 16, 23, 272, 1, 17, 92, 7253 }, // U+1EF4
    { 12, 19, 208, 0, 13, 57, 7345 }, // U+1EF5
    { 16, 24, 272, 1, 24, 96, 7402 }, // U+1EF6
    { 12, 26, 208, 0, 20, 78, 7498 }, // U+1EF7
    { 16, 23, 272, 1, 23, 92, 7576 }, // U+1EF8
    { 12, 25, 208, 0, 19, 75, 7668 }, // U+1EF9
    { 1, 1, 240, 0, 1, 1, 0 }, // U+2007
    { 1, 1, 128, 0, 1, 1, 1 }, // U+2008
    { 1, 1, 48, 0, 1, 1, 2 }, // U+2009
    { 1, 1, 32, 0, 1, 1, 3 }, // U+200A
    { 1, 1, 0, 0, 1, 1, 4 }, // U+200B
    { 7, 1, 144, 1, 8, 2, 5 }, // U+2010
    { 12, 1, 208, 0, 8, 3, 7 }, // U+2012
    { 11, 1, 208, 1, 8, 3, 10 }, // U+2013
    { 25, 1, 400, 0, 8, 7, 13 }, // U+2014
    { 25, 1, 400, 0, 8, 7, 20 }, // U+2015
    { 4, 7, 112, 2, 20, 7, 27 }, // U+2018
    { 4, 7, 112, 2, 19, 7, 34 }, // U+2019
    { 4, 7, 112, 2, 3, 7, 41 }, // U+201A
    { 9, 7, 192, 2, 20, 16, 48 }, // U+201C
    { 8, 7, 192, 2, 19, 14, 64 }, // U+201D
    { 8, 7, 192, 2, 3, 14, 78 }, // U+201E
    { 9, 20, 208, 2, 19, 45, 92 }, // U+2020
    { 9, 20, 208, 2, 19, 45, 137 }, // U+2021
    { 5, 5, 144, 2, 10, 7, 182 }, // U+2022
    { 20, 4, 384, 2, 4, 20, 189 }, // U+2026
    { 27, 15, 480, 1, 15, 102, 209 }, // U+2030
    { 3, 6, 80, 1, 20, 5, 311 }, // U+2032
    { 7, 6, 144, 1, 20, 11, 316 }, // U+2033
    { 6, 11, 128, 1, 12, 17, 327 }, // U+2039
    { 6, 11, 128, 1, 12, 17, 344 }, // U+203A
    { 19, 19, 368, 2, 19, 91, 361 }, // U+2042
    { 12, 17, 96, -3, 17, 51, 452 }, // U+2044
    { 10, 12, 176, 1, 21, 30, 0 }, // U+2070
    { 9, 11, 160, 1, 20, 25, 30 }, // U+2074
    { 8, 12, 160, 1, 21, 24, 55 }, // U+2075
    { 8, 12, 176, 2, 21, 24, 79 }, // U+2076
    { 9, 12, 160, 1, 21, 27, 103 }, // U+2077
    { 9, 12, 176, 1, 21, 27, 130 }, // U+2078
    { 9, 12, 160, 1, 21, 27, 157 }, // U+2079
    { 4, 15, 96, 2, 22, 15, 184 }, // U+207D
    { 4, 15, 96, 1, 22, 15, 199 }, // U+207E
    { 11, 9, 208, 1, 18, 25, 214 }, // U+207F
    { 9, 12, 176, 1, 8, 27, 239 }, // U+2080
    { 6, 11, 112, 1, 7, 17, 266 }, // U+2081
    { 8, 12, 160, 1, 8, 24, 283 }, // U+2082
    { 8, 12, 160, 1, 8, 24, 307 }, // U+2083
    { 10, 11, 160, 0, 7, 28, 331 }, // U+2084
    { 8, 12, 160, 1, 8, 24, 359 }, // U+2085
    { 9, 12, 176, 1, 8, 27, 383 }, // U+2086
    { 8, 12, 160, 1, 8, 24, 410 }, // U+2087
    { 9, 12, 176, 1, 8, 27, 434 }, // U+2088
    { 8, 12, 160, 1, 8, 24, 461 }, // U+2089
    { 4, 15, 96, 2, 9, 15, 485 }, // U+208D
    { 5, 15, 96, 0, 9, 19, 500 }, // U+208E
    { 14, 21, 240, 1, 20, 74, 0 }, // U+20A1
    { 13, 17, 224, 1, 17, 56, 74 }, // U+20A3
    { 13, 17, 240, 1, 17, 56, 130 }, // U+20A4
    { 18, 17, 304, 1, 17, 77, 186 }, // U+20A6
    { 34, 17, 576, 1, 17, 145, 263 }, // U+20A7
    { 26, 18, 432, 1, 17, 117, 408 }, // U+20A9
    { 13, 22, 224, 1, 19, 72, 525 }, // U+20AB
    { 16, 17, 288, 1, 17, 68, 597 }, // U+20AC
    { 17, 17, 288, 1, 17, 73, 665 }, // U+20AD
    { 15, 17, 256, 1, 17, 64, 738 }, // U+20AE
    { 16, 17, 272, 1, 17, 68, 802 }, // U+20B1
    { 14, 21, 256, 1, 20, 74, 870 }, // U+20B2
    { 15, 17, 256, 1, 17, 64, 944 }, // U+20B4
    { 14, 23, 240, 1, 21, 81, 1008 }, // U+20B5
    { 15, 17, 256, 1, 17, 64, 1089 }, // U+20B8
    { 13, 18, 240, 2, 18, 59, 1153 }, // U+20B9
    { 12, 17, 240, 2, 17, 51, 1212 }, // U+20BA
    { 16, 17, 288, 1, 17, 68, 1263 }, // U+20BC
    { 14, 17, 240, 1, 17, 60, 1331 }, // U+20BD
    { 12, 8, 224, 1, 11, 24, 0 }, // U+2190
    { 8, 12, 224, 3, 13, 24, 24 }, // U+2191
    { 12, 8, 224, 1, 11, 24, 48 }, // U+2192
    { 8, 12, 224, 3, 13, 24, 72 }, // U+2193
    { 11, 18, 224, 1, 18, 50, 0 }, // U+2202
    { 17, 19, 304, 1, 17, 81, 50 }, // U+2205
    { 13, 17, 224, 1, 17, 56, 131 }, // U+2206
    { 19, 21, 336, 1, 18, 100, 187 }, // U+220F
    { 14, 21, 224, 1, 18, 74, 287 }, // U+2211
    { 11, 2, 240, 2, 9, 6, 361 }, // U+2212
    { 12, 17, 96, -3, 17, 51, 367 }, // U+2215
    { 4, 4, 128, 2, 10, 4, 418 }, // U+2219
    { 13, 19, 240, 1, 19, 62, 422 }, // U+221A
    { 14, 6, 256, 1, 9, 21, 484 }, // U+221E
    { 12, 22, 176, -1, 17, 66, 505 }, // U+222B
    { 11, 8, 240, 2, 12, 22, 571 }, // U+2248
    { 11, 12, 240, 2, 14, 33, 593 }, // U+2260
    { 11, 13, 240, 2, 13, 36, 626 }, // U+2264
    { 11, 13, 240, 2, 13, 36, 662 }, // U+2265
    { 16, 25, 256, -1, 19, 100, 0 }, // U+FB01
    { 17, 25, 256, -1, 19, 107, 100 }, // U+FB02
};

static const EpdUnicodeInterval literatamono_12_italicIntervals[] = {
    { 0x20, 0x7E, 0x0 },
    { 0xA0, 0x17E, 0x5F },
    { 0x1A0, 0x1A1, 0x13E },
    { 0x1AF, 0x1B0, 0x140 },
    { 0x1C4, 0x1DC, 0x142 },
    { 0x1E6, 0x1E7, 0x15B },
    { 0x1EA, 0x1EB, 0x15D },
    { 0x1FA, 0x21B, 0x15F },
    { 0x300, 0x304, 0x181 },
    { 0x306, 0x30C, 0x186 },
    { 0x30F, 0x30F, 0x18D },
    { 0x311, 0x312, 0x18E },
    { 0x31B, 0x31B, 0x190 },
    { 0x323, 0x324, 0x191 },
    { 0x326, 0x328, 0x193 },
    { 0x32E, 0x32E, 0x196 },
    { 0x331, 0x331, 0x197 },
    { 0x401, 0x44F, 0x198 },
    { 0x451, 0x45F, 0x1E7 },
    { 0x462, 0x463, 0x1F6 },
    { 0x46A, 0x46B, 0x1F8 },
    { 0x490, 0x493, 0x1FA },
    { 0x496, 0x497, 0x1FE },
    { 0x49A, 0x49B, 0x200 },
    { 0x4A2, 0x4A3, 0x202 },
    { 0x4AE, 0x4B1, 0x204 },
    { 0x4BA, 0x4BB, 0x208 },
    { 0x4D8, 0x4D9, 0x20A },
    { 0x4E8, 0x4E9, 0x20C },
    { 0x1EA0, 0x1EF9, 0x20E },
    { 0x2007, 0x200B, 0x268 },
    { 0x2010, 0x2010, 0x26D },
    { 0x2012, 0x2015, 0x26E },
    { 0x2018, 0x201A, 0x272 },
    { 0x201C, 0x201E, 0x275 },
    { 0x2020, 0x2022, 0x278 },
    { 0x2026, 0x2026, 0x27B },
    { 0x2030, 0x2030, 0x27C },
    { 0x2032, 0x2033, 0x27D },
    { 0x2039, 0x203A, 0x27F },
    { 0x2042, 0x2042, 0x281 },
    { 0x2044, 0x2044, 0x282 },
    { 0x2070, 0x2070, 0x283 },
    { 0x2074, 0x2079, 0x284 },
    { 0x207D, 0x2089, 0x28A },
    { 0x208D, 0x208E, 0x297 },
    { 0x20A1, 0x20A1, 0x299 },
    { 0x20A3, 0x20A4, 0x29A },
    { 0x20A6, 0x20A7, 0x29C },
    { 0x20A9, 0x20A9, 0x29E },
    { 0x20AB, 0x20AE, 0x29F },
    { 0x20B1, 0x20B2, 0x2A3 },
    { 0x20B4, 0x20B5, 0x2A5 },
    { 0x20B8, 0x20BA, 0x2A7 },
    { 0x20BC, 0x20BD, 0x2AA },
    { 0x2190, 0x2193, 0x2AC },
    { 0x2202, 0x2202, 0x2B0 },
    { 0x2205, 0x2206, 0x2B1 },
    { 0x220F, 0x220F, 0x2B3 },
    { 0x2211, 0x2212, 0x2B4 },
    { 0x2215, 0x2215, 0x2B6 },
    { 0x2219, 0x221A, 0x2B7 },
    { 0x221E, 0x221E, 0x2B9 },
    { 0x222B, 0x222B, 0x2BA },
    { 0x2248, 0x2248, 0x2BB },
    { 0x2260, 0x2260, 0x2BC },
    { 0x2264, 0x2265, 0x2BD },
    { 0xFB01, 0xFB02, 0x2BF },
};

static const EpdFontGroup literatamono_12_italicGroups[] = {
    { 0, 1578, 5133, 95, 0 },
    { 1578, 1402, 5998, 96, 95 },
    { 2980, 1841, 9669, 127, 191 },
    { 4821, 1424, 6092, 67, 318 },
    { 6245, 104, 178, 23, 385 },
    { 6349, 2181, 8439, 118, 408 },
    { 8530, 1105, 8678, 90, 526 },
    { 9635, 221, 560, 27, 616 },
    { 9856, 254, 610, 22, 643 },
    { 10110, 537, 1532, 19, 665 },
    { 10647, 53, 96, 4, 684 },
    { 10700, 266, 771, 15, 688 },
    { 10966, 74, 225, 2, 703 },
};

static const uint16_t literatamono_12_italicKernLeftCodepoints[] = {
    0x0022, 0x0026, 0x0027, 0x0028, 0x002A, 0x002C, 0x002D, 0x002E, 0x002F, 0x0031, 0x0032, 0x0033,
    0x0034, 0x0035, 0x0037, 0x0038, 0x0039, 0x003A, 0x003B, 0x003D, 0x0040, 0x0041, 0x0042, 0x0043,
    0x0044, 0x0045, 0x0046, 0x0047, 0x0048, 0x0049, 0x004A, 0x004B, 0x004C, 0x004D, 0x004E, 0x004F,
    0x0050, 0x0051, 0x0052, 0x0053, 0x0054, 0x0055, 0x0056, 0x0057, 0x0058, 0x0059, 0x005A, 0x005B,
    0x005C, 0x0061, 0x0062, 0x0063, 0x0064, 0x0065, 0x0066, 0x0067, 0x0068, 0x0069, 0x006A, 0x006B,
    0x006C, 0x006D, 0x006E, 0x006F, 0x0070, 0x0071, 0x0072, 0x0073, 0x0074, 0x0075, 0x0076, 0x0077,
    0x0078, 0x0079, 0x007A, 0x00A1, 0x00AB, 0x00AD, 0x00B7, 0x00BB, 0x00BF, 0x00C0, 0x00C1, 0x00C2,
    0x00C3, 0x00C4, 0x00C5, 0x00C6, 0x00C7, 0x00C8, 0x00C9, 0x00CA, 0x00CB, 0x00CC, 0x00CD, 0x00CE,
    0x00CF, 0x00D0, 0x00D1, 0x00D2, 0x00D3, 0x00D4, 0x00D5, 0x00D6, 0x00D7, 0x00D8, 0x00DD, 0x00DE,
    0x00DF, 0x00E0, 0x00E1, 0x00E2, 0x00E3, 0x00E4, 0x00E5, 0x00E6, 0x00E7, 0x00E8, 0x00E9, 0x00EA,
    0x00EB, 0x00EC, 0x00ED, 0x00EE, 0x00EF, 0x00F1, 0x00F2, 0x00F3, 0x00F4, 0x00F5, 0x00F6, 0x00F8,
    0x00F9, 0x00FA, 0x00FB, 0x00FC, 0x00FD, 0x00FE, 0x00FF, 0x0100, 0x0101, 0x0102, 0x0103, 0x0104,
    0x0105, 0x0106, 0x0107, 0x0108, 0x0109, 0x010A, 0x010B, 0x010C, 0x010D, 0x010E, 0x010F, 0x0110,
    0x0111, 0x0112, 0x0113, 0x0114, 0x0115, 0x0116, 0x0117, 0x0118, 0x0119, 0x011A, 0x011B, 0x011C,
    0x011D, 0x011E, 0x011F, 0x0120, 0x0121, 0x0122, 0x0123, 0x0124, 0x0125, 0x0126, 0x0127, 0x0128,
    0x0129, 0x012A, 0x012B, 0x012C, 0x012D, 0x012E, 0x012F, 0x0130, 0x0131, 0x0132, 0x0134, 0x0135,
    0x0136, 0x0137, 0x0138, 0x0139, 0x013A, 0x013B, 0x013C, 0x013D, 0x013E, 0x013F, 0x0140, 0x0141,
    0x0142, 0x0143, 0x0144, 0x0145, 0x0146, 0x0147, 0x0148, 0x0149, 0x014A, 0x014B, 0x014C, 0x014D,
    0x014E, 0x014F, 0x0150, 0x0151, 0x0152, 0x0153, 0x0154, 0x0155, 0x0156, 0x0157, 0x0158, 0x0159,
    0x015A, 0x015B, 0x015C, 0x015D, 0x015E, 0x015F, 0x0160, 0x0161, 0x0162, 0x0163, 0x0164, 0x0165,
    0x0166, 0x0169, 0x016B, 0x016D, 0x016F, 0x0171, 0x0173, 0x0174, 0x0175, 0x0176, 0x0177, 0x0178,
    0x0179, 0x017A, 0x017B, 0x017C, 0x017D, 0x017E, 0x01A0, 0x01A1, 0x01AF, 0x01B0, 0x01C6, 0x01C7,
    0x01C9, 0x01CA, 0x01CC, 0x01CD, 0x01CE, 0x01CF, 0x01D0, 0x01D1, 0x01D2, 0x01D4, 0x01D6, 0x01D8,
    0x01DA, 0x01DC, 0x01E6, 0x01E7, 0x01EA, 0x01EB, 0x01FA, 0x01FB, 0x01FC, 0x01FD, 0x01FE, 0x01FF,
    0x0200, 0x0201, 0x0202, 0x0203, 0x0204, 0x0205, 0x0206, 0x0207, 0x0208, 0x0209, 0x020A, 0x020B,
    0x020C, 0x020D, 0x020E, 0x020F, 0x0210, 0x0211, 0x0212, 0x0213, 0x0215, 0x0217, 0x0218, 0x0219,
    0x021A, 0x021B, 0x0402, 0x0403, 0x0404, 0x0406, 0x0407, 0x0408, 0x0409, 0x040A, 0x040B, 0x040C,
    0x040D, 0x040E, 0x040F, 0x0410, 0x0411, 0x0412, 0x0413, 0x0414, 0x0416, 0x0417, 0x0418, 0x0419,
    0x041A, 0x041B, 0x041C, 0x041D, 0x041E, 0x041F, 0x0420, 0x0422, 0x0423, 0x0424, 0x0425, 0x0427,
    0x0428, 0x042A, 0x042B, 0x042C, 0x042D, 0x042E, 0x042F, 0x0430, 0x0431, 0x0432, 0x0433, 0x0434,
    0x0435, 0x0436, 0x0437, 0x0438, 0x0439, 0x043A, 0x043B, 0x043C, 0x043D, 0x043E, 0x043F, 0x0440,
    0x0441, 0x0442, 0x0443, 0x0444, 0x0445, 0x0447, 0x0448, 0x044A, 0x044B, 0x044C, 0x044D, 0x044E,
    0x044F, 0x0451, 0x0452, 0x0453, 0x0454, 0x0455, 0x0456, 0x0457, 0x0458, 0x0459, 0x045A, 0x045B,
    0x045C, 0x045D, 0x045E, 0x045F, 0x0462, 0x0463, 0x046A, 0x046B, 0x0490, 0x0491, 0x0492, 0x0493,
    0x0496, 0x0497, 0x049A, 0x049B, 0x04AE, 0x04B0, 0x04BA, 0x04BB, 0x04D8, 0x04D9, 0x04E8, 0x04E9,
    0x1EA0, 0x1EA1, 0x1EA2, 0x1EA3, 0x1EA4, 0x1EA5, 0x1EA6, 0x1EA7, 0x1EA8, 0x1EA9, 0x1EAA, 0x1EAB,
    0x1EAC, 0x1EAD, 0x1EAE, 0x1EAF, 0x1EB0, 0x1EB1, 0x1EB2, 0x1EB3, 0x1EB4, 0x1EB5, 0x1EB6, 0x1EB7,
    0x1EB8, 0x1EB9, 0x1EBA, 0x1EBB, 0x1EBC, 0x1EBD, 0x1EBE, 0x1EBF, 0x1EC0, 0x1EC1, 0x1EC2, 0x1EC3,
    0x1EC4, 0x1EC5, 0x1EC6, 0x1EC7, 0x1EC8, 0x1EC9, 0x1ECA, 0x1ECB, 0x1ECC, 0x1ECD, 0x1ECE, 0x1ECF,
    0x1ED0, 0x1ED1, 0x1ED2, 0x1ED3, 0x1ED4, 0x1ED5, 0x1ED6, 0x1ED7, 0x1ED8, 0x1ED9, 0x1EDA, 0x1EDB,
    0x1EDC, 0x1EDD, 0x1EDE, 0x1EDF, 0x1EE0, 0x1EE1, 0x1EE2, 0x1EE3, 0x1EE5, 0x1EE7, 0x1EE8, 0x1EE9,
    0x1EEA, 0x1EEB, 0x1EEC, 0x1EED, 0x1EEE, 0x1EEF, 0x1EF0, 0x1EF1, 0x1EF2, 0x1EF3, 0x1EF4, 0x1EF5,
    0x1EF6, 0x1EF7, 0x1EF8, 0x1EF9, 0x2010, 0x2012, 0x2013, 0x2014, 0x2015, 0x2018, 0x2019, 0x201A,
    0x201C, 0x201D, 0x201E, 0x2026, 0x2039, 0x203A, 0x2206, 0x2212, 0xFB01, 0xFB02,
};

static const uint8_t literatamono_12_italicKernLeftClassIds[] = {
      1,   2,   1,   3,   4,   5,   6,   5,   7,   8,   9,  10,  11,  12,  13,  14,
     15,  16,  16,  17,  18,  19,  20,  21,  22,  23,  24,  25,  26,  26,  27,  28,
     29,  30,  31,  32,  33,  34,  35,  36,  37,  26,  38,  39,  40,  41,  42,  43,
     44,  45,  46,  47,  48,  49,  50,  51,  45,  52,  53,  54,  48,  45,  45,  46,
     46,  55,  56,  57,  58,  45,  59,  59,  60,  61,  62,  63,  64,   6,  65,  66,
     67,  19,  19,  19,  19,  19,  19,  68,  21,  23,  23,  23,  23,  26,  26,  26,
     26,  69,  31,  70,  70,  70,  70,  70,  71,  70,  41,  72,  73,  74,  75,  75,
     75,  75,  75,  76,  47,  77,  77,  77,  77,  52,  52,  52,  52,  45,  46,  46,
     46,  46,  46,  46,  45,  45,  45,  45,  61,  46,  61,  19,  75,  19,  75,  19,
     75,  21,  47,  21,  47,  21,  47,  21,  47,  78,  79,  78,  48,  23,  77,  23,
     77,  23,  77,  23,  77,  23,  77,  25,  51,  25,  51,  25,  51,  25,  51,  26,
     45,  26,  45,  26,  52,  26,  52,  26,  52,  26,  52,  26,  52,  27,  27,  53,
     28,  54,  54,  29,  48,  29,  48,  80,  81,  29,  48,  29,  82,  31,  45,  31,
     45,  31,  45,  45,  27,  53,  70,  46,  70,  46,  70,  46,  23,  76,  35,  56,
     35,  56,  35,  56,  36,  57,  36,  57,  36,  57,  36,  57,  37,  58,  37,  83,
     37,  45,  45,  45,  45,  45,  45,  39,  59,  41,  61,  41,  42,  62,  42,  62,
     42,  62,  84,  85,  86,  87,  45,  27,  53,  27,  53,  19,  45,  26,  52,  70,
     46,  45,  45,  45,  45,  45,  25,  51,  70,  46,  19,  45,  88,  46,  70,  46,
     19,  45,  19,  45,  23,  46,  23,  46,  26,  52,  26,  52,  70,  46,  70,  46,
     35,  56,  35,  56,  45,  45,  36,  57,  37,  58,  89,  90,  91,  92,  92,  93,
     94,  94,  95,  96,  92,  97,  92,  98,  99, 100,  90, 101, 102, 103,  92,  92,
     96,  92, 104,  92, 105,  92, 106, 107,  97, 108, 109,  92,  92, 110,  92,  94,
    111, 111,  92, 112, 113, 114, 115, 116, 117, 118, 119, 120, 121, 118, 122, 123,
    121, 124, 121, 125,  76, 126, 127, 124, 128, 121, 121, 129, 121, 130, 124, 124,
    131, 132, 133, 115,  76, 134, 121, 121, 135, 130, 130, 136, 118, 121, 127, 121,
     94, 130, 137, 118, 138, 139,  90, 140,  96, 118,  96, 118, 141, 141, 142, 136,
    111, 124, 111, 124,  19,  45,  19,  45,  19,  45,  19,  45,  19,  45,  19,  45,
     19,  45,  19,  45,  19,  45,  19,  45,  19,  45,  19,  45,  23,  46,  23,  46,
     23,  46,  23,  46,  23,  46,  23,  46,  23,  46,  23,  46,  26,  52,  26,  52,
     70,  46,  70,  46,  70,  46,  70,  46,  70,  46,  70,  46,  70,  46,  84,  46,
     84,  46,  84,  46,  84,  46,  84,  46,  45,  45,  86,  87,  86,  87,  86,  87,
     86,  87,  86,  87,  41,  61,  41,  61,  41,  61,  41,  61,   6,   6,   6,   6,
      6, 143, 144, 145, 143, 144, 145,   5,  64,  66, 146, 147,  52,  48,
};

static const uint16_t literatamono_12_italicKernRightCodepoints[] = {
    0x0021, 0x0022, 0x0025, 0x0026, 0x0027, 0x0029, 0x002A, 0x002B, 0x002C, 0x002D, 0x002E, 0x002F,
    0x0032, 0x0033, 0x0034, 0x0035, 0x0036, 0x0037, 0x0038, 0x0039, 0x003A, 0x003B, 0x003D, 0x003F,
    0x0040, 0x0041, 0x0043, 0x0047, 0x0048, 0x0049, 0x004A, 0x004D, 0x004E, 0x004F, 0x0050, 0x0051,
    0x0053, 0x0054, 0x0055, 0x0056, 0x0057, 0x0058, 0x0059, 0x005A, 0x005C, 0x005D, 0x0061, 0x0062,
    0x0063, 0x0064, 0x0065, 0x0066, 0x0067, 0x0068, 0x0069, 0x006A, 0x006B, 0x006C, 0x006D, 0x006E,
    0x006F, 0x0070, 0x0071, 0x0072, 0x0073, 0x0074, 0x0075, 0x0076, 0x0077, 0x0078, 0x0079, 0x007A,
    0x00AB, 0x00AD, 0x00B0, 0x00B2, 0x00B3, 0x00B7, 0x00B9, 0x00BB, 0x00BF, 0x00C0, 0x00C1, 0x00C2,
    0x00C3, 0x00C4, 0x00C5, 0x00C6, 0x00C7, 0x00CC, 0x00CD, 0x00CE, 0x00CF, 0x00D1, 0x00D2, 0x00D3,
    0x00D4, 0x00D5, 0x00D6, 0x00D7, 0x00D8, 0x00D9, 0x00DA, 0x00DB, 0x00DC, 0x00DD, 0x00DE, 0x00DF,
    0x00E0, 0x00E1, 0x00E2, 0x00E3, 0x00E4, 0x00E5, 0x00E6, 0x00E7, 0x00E8, 0x00E9, 0x00EA, 0x00EB,
    0x00EC, 0x00ED, 0x00EE, 0x00EF, 0x00F0, 0x00F1, 0x00F2, 0x00F3, 0x00F4, 0x00F5, 0x00F6, 0x00F8,
    0x00F9, 0x00FA, 0x00FB, 0x00FC, 0x00FD, 0x00FE, 0x00FF, 0x0100, 0x0101, 0x0102, 0x0103, 0x0104,
    0x0105, 0x0106, 0x0107, 0x0108, 0x0109, 0x010A, 0x010B, 0x010C, 0x010D, 0x010F, 0x0111, 0x0113,
    0x0115, 0x0117, 0x0119, 0x011B, 0x011C, 0x011D, 0x011E, 0x011F, 0x0120, 0x0121, 0x0122, 0x0123,
    0x0124, 0x0125, 0x0126, 0x0127, 0x0128, 0x0129, 0x012A, 0x012B, 0x012C, 0x012D, 0x012E, 0x012F,
    0x0130, 0x0131, 0x0132, 0x0134, 0x0135, 0x0137, 0x0138, 0x013A, 0x013C, 0x013E, 0x0140, 0x0142,
    0x0143, 0x0144, 0x0145, 0x0146, 0x0147, 0x0148, 0x0149, 0x014A, 0x014B, 0x014C, 0x014D, 0x014E,
    0x014F, 0x0150, 0x0151, 0x0152, 0x0153, 0x0155, 0x0157, 0x0159, 0x015A, 0x015B, 0x015C, 0x015D,
    0x015E, 0x015F, 0x0160, 0x0161, 0x0162, 0x0163, 0x0164, 0x0165, 0x0166, 0x0168, 0x0169, 0x016A,
    0x016B, 0x016C, 0x016D, 0x016E, 0x016F, 0x0170, 0x0171, 0x0172, 0x0173, 0x0174, 0x0175, 0x0176,
    0x0177, 0x0178, 0x0179, 0x017A, 0x017B, 0x017C, 0x017D, 0x017E, 0x01A0, 0x01A1, 0x01AF, 0x01B0,
    0x01C6, 0x01C9, 0x01CA, 0x01CC, 0x01CD, 0x01CE, 0x01CF, 0x01D0, 0x01D1, 0x01D2, 0x01D3, 0x01D4,
    0x01D5, 0x01D6, 0x01D7, 0x01D8, 0x01D9, 0x01DA, 0x01DB, 0x01DC, 0x01E6, 0x01E7, 0x01EA, 0x01EB,
    0x01FA, 0x01FB, 0x01FC, 0x01FD, 0x01FE, 0x01FF, 0x0200, 0x0201, 0x0202, 0x0203, 0x0205, 0x0207,
    0x0208, 0x0209, 0x020A, 0x020B, 0x020C, 0x020D, 0x020E, 0x020F, 0x0211, 0x0213, 0x0214, 0x0215,
    0x0216, 0x0217, 0x0218, 0x0219, 0x021A, 0x021B, 0x0402, 0x0404, 0x0408, 0x0409, 0x040B, 0x040E,
    0x0410, 0x0414, 0x0416, 0x0417, 0x041B, 0x041C, 0x041E, 0x0421, 0x0422, 0x0423, 0x0424, 0x0425,
    0x0427, 0x042A, 0x042D, 0x042F, 0x0430, 0x0431, 0x0432, 0x0433, 0x0434, 0x0435, 0x0436, 0x0437,
    0x0438, 0x0439, 0x043A, 0x043B, 0x043C, 0x043D, 0x043E, 0x043F, 0x0440, 0x0441, 0x0442, 0x0443,
    0x0444, 0x0445, 0x0446, 0x0447, 0x0448, 0x0449, 0x044A, 0x044B, 0x044C, 0x044D, 0x044E, 0x044F,
    0x0451, 0x0452, 0x0453, 0x0454, 0x0455, 0x0456, 0x0457, 0x0458, 0x0459, 0x045A, 0x045B, 0x045C,
    0x045D, 0x045E, 0x045F, 0x0462, 0x046A, 0x046B, 0x0491, 0x0493, 0x0496, 0x0497, 0x049B, 0x04A3,
    0x04AE, 0x04AF, 0x04B0, 0x04B1, 0x04BB, 0x04D8, 0x04D9, 0x04E8, 0x04E9, 0x1EA0, 0x1EA1, 0x1EA2,
    0x1EA3, 0x1EA4, 0x1EA5, 0x1EA6, 0x1EA7, 0x1EA8, 0x1EA9, 0x1EAA, 0x1EAB, 0x1EAC, 0x1EAD, 0x1EAE,
    0x1EAF, 0x1EB0, 0x1EB1, 0x1EB2, 0x1EB3, 0x1EB4, 0x1EB5, 0x1EB6, 0x1EB7, 0x1EB9, 0x1EBB, 0x1EBD,
    0x1EBF, 0x1EC1, 0x1EC3, 0x1EC5, 0x1EC7, 0x1EC8, 0x1EC9, 0x1ECA, 0x1ECB, 0x1ECC, 0x1ECD, 0x1ECE,
    0x1ECF, 0x1ED0, 0x1ED1, 0x1ED2, 0x1ED3, 0x1ED4, 0x1ED5, 0x1ED6, 0x1ED7, 0x1ED8, 0x1ED9, 0x1EDA,
    0x1EDB, 0x1EDC, 0x1EDD, 0x1EDE, 0x1EDF, 0x1EE0, 0x1EE1, 0x1EE2, 0x1EE3, 0x1EE4, 0x1EE5, 0x1EE6,
    0x1EE7, 0x1EE8, 0x1EE9, 0x1EEA, 0x1EEB, 0x1EEC, 0x1EED, 0x1EEE, 0x1EEF, 0x1EF0, 0x1EF1, 0x1EF2,
    0x1EF3, 0x1EF4, 0x1EF5, 0x1EF6, 0x1EF7, 0x1EF8, 0x1EF9, 0x2010, 0x2012, 0x2013, 0x2014, 0x2015,
    0x2018, 0x2019, 0x201A, 0x201C, 0x201D, 0x201E, 0x2022, 0x2026, 0x2039, 0x203A, 0x2070, 0x2074,
    0x2075, 0x2076, 0x2077, 0x2078, 0x2079, 0x2206, 0x2212, 0xFB01, 0xFB02,
};

static const uint8_t literatamono_12_italicKernRightClassIds[] = {
      1,   2,   3,   4,   2,   5,   6,   7,   8,   9,  10,  11,  12,  13,  14,  15,
     16,  17,  18,  19,  20,  20,  21,  22,  23,  24,  25,  25,  26,  26,  27,  28,
     29,  25,  26,  25,  30,  31,  32,  33,  34,  35,  36,  37,  38,  39,  40,  41,
     42,  43,  43,  44,  45,  46,  47,  48,  46,  46,  49,  49,  50,  51,  52,  53,
     54,  55,  56,  57,  58,  59,  60,  61,  62,   9,  63,  64,  64,  65,  64,  66,
     67,  24,  68,  24,  24,  24,  24,  24,  25,  26,  26,  26,  26,  29,  25,  25,
     25,  25,  25,  69,  25,  32,  32,  32,  32,  36,  26,  70,  71,  72,  73,  74,
     75,  73,  50,  50,  76,  50,  77,  78,  79,  47,  80,  81,  50,  49,  50,  50,
     82,  83,  84,  50,  56,  56,  56,  56,  60,  85,  60,  24,  86,  24,  87,  24,
     88,  25,  50,  25,  50,  25,  50,  25,  76,  50,  50,  89,  90,  50,  50,  50,
     25,  91,  25,  91,  25,  91,  25,  91,  26,  46,  26,  46,  26,  92,  26,  93,
     26,  94,  26,  47,  26,  49,  26,  95,  96,  46,  49,  46,  46,  46,  46,  46,
     29,  49,  29,  49,  29,  49,  49,  29,  49,  25,  97,  25,  50,  25,  50,  25,
     50,  49,  49,  49,  30,  54,  30,  98,  30,  54,  30,  99, 100,  55, 100,  55,
    100,  32,  56,  32,  56,  32,  56,  32,  56,  32,  56,  32,  56,  34,  57,  36,
     60,  36,  37,  61,  37,  61,  37, 101,  25,  50,  32,  56,  50,  46,  29,  49,
     24,  50,  26, 102,  25,  50,  32,  56,  32,  56,  32,  56,  32,  56,  32,  56,
     25,  91,  25,  50,  24,  50,  24,  50,  25,  50,  24,  50,  24,  50, 103,  50,
     26, 104,  26, 105,  25, 106,  25,  50, 107,  49,  32,  56,  32,  56,  30,  54,
    100,  55, 108, 109, 110, 111, 108, 112, 113, 114, 115, 116, 111, 117, 118, 118,
    119, 112, 120, 121, 122, 123, 124, 125, 126, 127, 128, 129, 130, 131, 132, 133,
    129, 129, 134, 135, 136, 129, 137, 138, 139, 137, 140, 141, 142, 143, 129, 144,
    145, 129, 146, 129, 129, 147, 129, 148, 149, 150, 129, 137, 151, 138, 152, 153,
    154, 129, 150, 129, 129, 141, 129, 155, 156, 157, 158, 159, 115, 160, 129, 129,
    161, 162, 161, 163, 164, 118, 165, 118, 137,  24,  50,  24,  50,  24,  50,  24,
     50,  24,  50,  24,  50,  24,  50,  24,  50,  24,  50,  24,  50,  24,  50,  24,
     50,  50,  50,  50,  50,  50,  50,  50,  50,  26, 166,  26,  47,  25,  50,  25,
     50,  25,  50,  25,  50,  25,  50,  25,  50,  25,  50,  25,  50,  25,  50,  25,
     50,  25,  50,  25,  50,  32,  56,  32,  56,  32,  56,  32,  56,  32,  56,  32,
     56,  32,  56,  36,  60,  36,  60,  36,  60,  36,  60,   9,   9, 167, 167,   9,
    168, 169, 170, 168, 169, 170,   7, 171,  62,  66, 172,  64,  64,  64,  64,  64,
     64, 173, 174,  44,  44,
};

static const uint16_t literatamono_12_italicKernRowOffsets[] = {
        0,    37,    52,    55,    90,   134,   155,   215,   221,   223,   226,   231,   233,   249,   250,   251,
      253,   255,   274,   336,   346,   363,   388,   399,   451,   459,   494,   546,   595,   640,   682,   727,
      752,   791,   818,   895,   908,   977,  1048,  1118,  1156,  1228,  1236,  1239,  1254,  1277,  1309,  1349,
     1393,  1438,  1486,  1528,  1548,  1607,  1666,  1701,  1750,  1793,  1827,  1853,  1894,  1941,  1970,  2003,
     2011,  2022,  2036,  2086,  2091,  2116,  2141,  2148,  2162,  2175,  2198,  2221,  2266,  2321,  2346,  2414,
     2459,  2527,  2575,  2618,  2677,  2714,  2772,  2815,  2820,  2823,  2874,  2876,  2877,  2880,  2889,  2893,
     2907,  2950,  2985,  2999,  3016,  3051,  3067,  3082,  3090,  3115,  3147,  3191,  3208,  3238,  3248,  3271,
     3277,  3293,  3296,  3322,  3345,  3369,  3371,  3378,  3401,  3424,  3447,  3470,  3501,  3532,  3533,  3559,
     3575,  3583,  3591,  3614,  3638,  3652,  3664,  3683,  3697,  3711,  3762,  3788,  3814,  3857,  3867,  3923,
     3985,  4015,  4023,  4028,
};

static const uint8_t literatamono_12_italicKernSparseCols[] = {
      7,   9,  23,  24,  27,  39,  41,  42,  44,  49,  51,  53,  67,  70,  71,  72,
     73,  74,  75,  76,  77,  81,  82,  83,  85,  86,  87,  88,  89,  90,  96,  97,
     98, 102, 105, 170, 172,  23,  25,  26,  27,  28,  30,  32,  33,  34,  35,  36,
     67,  94,  99, 172,  43,  47,  95,  13,  23,  26,  39,  41,  42,  44,  49,  51,
     53,  67,  70,  71,  72,  73,  74,  75,  76,  77,  81,  82,  83,  85,  86,  87,
     88,  89,  90,  94,  96,  97,  98, 102, 105, 172,   1,  13,  16,  21,  24,  30,
     31,  32,  33,  35,  39,  41,  42,  49,  51,  54,  55,  56,  57,  59,  63,  70,
     71,  72,  73,  74,  75,  76,  77,  81,  82,  83,  85,  86,  87,  88,  89,  96,
     99, 102, 105, 167, 168, 171,  11,  12,  16,  23,  29,  30,  32,  33,  34,  35,
     36,  56,  57,  67,  99, 111, 118, 120, 145, 160, 172,   7,   9,  10,  12,  13,
     14,  18,  22,  23,  24,  26,  29,  39,  41,  42,  46,  49,  51,  53,  54,  55,
     58,  60,  67,  70,  71,  72,  73,  74,  75,  76,  77,  78,  79,  80,  81,  82,
     83,  85,  86,  87,  88,  89,  91,  92,  93,  94,  96,  97,  98, 100, 101, 102,
    103, 104, 105, 165, 169, 170, 172,   2,   5,  13,  16,  37,  62,  16,  37,  16,
     18,  37,   2,   5,  16,  37,  62,  11,  16,   2,   7,   8,   9,  10,  13,  14,
     15,  17,  19,  20,  64,  68, 166, 170, 173,  16,  16,  13,  16,  14,  16,  10,
     30,  31,  32,  33,  34,  35,  36,  37,  40,  45,  54,  56,  57,  59,  60,  84,
     99, 100,   1,   5,   8,  21,  24,  26,  30,  31,  32,  33,  35,  37,  39,  40,
     41,  42,  45,  46,  49,  50,  51,  54,  55,  56,  57,  59,  64,  70,  71,  72,
     73,  74,  75,  76,  77,  78,  79,  80,  81,  82,  83,  84,  85,  86,  87,  88,
     89,  91,  92,  93,  94,  96,  99, 101, 102, 103, 104, 105, 165, 166, 167, 168,
     26,  30,  31,  32,  33,  35,  36,  54,  94,  99,  23,  24,  30,  31,  32,  33,
     35,  36,  40,  45,  54,  55,  60,  67,  84,  99, 100,   1,   7,   9,  10,  21,
     23,  26,  27,  28,  30,  31,  32,  33,  34,  35,  36,  37,  60,  67,  84,  99,
    100, 167, 168, 170,  30,  31,  32,  35,  54,  55,  56,  57,  99, 167, 168,   7,
      8,   9,  10,  22,  23,  29,  36,  39,  41,  42,  49,  51,  53,  54,  60,  64,
     67,  70,  71,  72,  73,  74,  75,  76,  77,  78,  79,  80,  81,  82,  83,  85,
     86,  87,  88,  89,  91,  92,  93,  95,  96,  97,  98, 100, 102, 103, 104, 105,
    165, 166, 170,   1,   5,  29,  32,  33,  35,  36, 168,  39,  41,  42,  49,  51,
     54,  55,  56,  57,  59,  60,  70,  71,  72,  73,  74,  75,  76,  77,  79,  80,
     81,  82,  83,  85,  86,  87,  88,  89,  91,  93,  96, 100, 102, 105,   3,   7,
      9,  10,  23,  24,  27,  29,  36,  39,  41,  42,  43,  48,  49,  50,  51,  52,
     53,  54,  55,  56,  57,  58,  59,  60,  61,  67,  70,  71,  72,  73,  74,  75,
     76,  77,  81,  82,  83,  85,  86,  87,  88,  89,  96,  97,  98, 100, 102, 105,
    106, 170,   3,   8,  21,  24,  30,  31,  39,  41,  42,  48,  49,  50,  51,  52,
     54,  55,  56,  57,  59,  61,  64,  70,  71,  72,  73,  74,  75,  76,  77,  79,
     80,  81,  82,  83,  85,  86,  87,  88,  89,  92,  96,  99, 102, 103, 105, 106,
    166, 167, 168,   1,   5,  21,  24,  26,  27,  29,  30,  31,  32,  33,  35,  36,
     37,  40,  43,  45,  46,  48,  50,  52,  54,  55,  56,  57,  59,  60,  64,  78,
     79,  80,  84,  91,  92,  93,  94,  99, 100, 101, 103, 104, 106, 165, 167, 168,
      1,  21,  30,  31,  32,  33,  35,  39,  41,  42,  43,  47,  49,  51,  54,  55,
     56,  57,  59,  70,  71,  72,  73,  74,  75,  76,  77,  81,  82,  83,  84,  85,
     86,  87,  88,  89,  95,  96,  99, 102, 105, 167,   3,   7,   9,  10,  22,  23,
     39,  41,  42,  43,  49,  51,  53,  54,  55,  56,  57,  58,  59,  60,  65,  67,
     70,  71,  72,  73,  74,  75,  76,  77,  81,  82,  83,  85,  86,  87,  88,  89,
     96,  97,  98, 100, 102, 105, 170,   1,   7,   9,  10,  21,  23,  26,  27,  28,
     30,  31,  32,  33,  34,  35,  36,  37,  60,  67,  84,  99, 100, 167, 168, 170,
      7,   9,  10,  23,  34,  35,  39,  41,  42,  44,  49,  51,  56,  57,  59,  60,
     67,  70,  71,  72,  73,  74,  75,  76,  77,  81,  82,  83,  85,  86,  87,  88,
     89,  90,  96, 100, 102, 105, 170,   1,   4,   7,   9,  10,  21,  23,  26,  27,
     28,  30,  31,  32,  33,  34,  35,  36,  37,  38,  60,  67,  84,  99, 100, 167,
    168, 170,   1,   5,   8,  21,  24,  26,  29,  30,  31,  32,  33,  35,  36,  37,
     39,  40,  41,  42,  43,  44,  45,  46,  47,  48,  49,  50,  51,  52,  53,  54,
     55,  56,  57,  59,  60,  61,  70,  71,  72,  73,  74,  75,  76,  77,  78,  79,
     80,  81,  82,  83,  84,  85,  86,  87,  88,  89,  90,  91,  92,  93,  94,  95,
     96,  97,  98,  99, 100, 101, 102, 103, 104, 105, 106, 165, 166, 167, 168,  23,
     27,  30,  32,  35,  36,  54,  56,  57,  59,  67,  79,  99,   3,   7,   8,   9,
     10,  19,  22,  23,  24,  27,  36,  39,  40,  41,  42,  43,  44,  45,  48,  49,
     50,  51,  52,  53,  54,  55,  58,  60,  61,  64,  67,  70,  71,  72,  73,  74,
     75,  76,  77,  78,  79,  80,  81,  82,  83,  84,  85,  86,  87,  88,  89,  90,
     91,  92,  93,  95,  96,  97,  98, 100, 101, 102, 103, 104, 105, 106, 165, 166,
    170,   3,   7,   8,   9,  10,  19,  22,  23,  24,  27,  29,  36,  39,  41,  42,
     43,  44,  48,  49,  50,  51,  52,  53,  54,  55,  56,  57,  58,  59,  60,  61,
     64,  65,  67,  70,  71,  72,  73,  74,  75,  76,  77,  78,  79,  80,  81,  82,
     83,  85,  86,  87,  88,  89,  90,  91,  92,  93,  95,  96,  97,  98, 100, 101,
    102, 103, 104, 105, 106, 165, 166, 170,   3,   7,   8,   9,  10,  19,  22,  23,
     24,  29,  39,  41,  42,  43,  44,  46,  48,  49,  50,  51,  52,  53,  54,  55,
     56,  57,  58,  59,  60,  61,  64,  65,  67,  70,  71,  72,  73,  74,  75,  76,
     77,  78,  79,  80,  81,  82,  83,  85,  86,  87,  88,  89,  90,  91,  92,  93,
     95,  96,  97,  98, 100, 101, 102, 103, 104, 105, 106, 165, 166, 170,   3,   8,
     24,  31,  39,  41,  42,  44,  49,  51,  54,  55,  56,  57,  59,  61,  64,  70,
     71,  72,  73,  74,  75,  76,  77,  81,  82,  83,  85,  86,  87,  88,  89,  90,
     96, 102, 105, 166,   3,   7,   8,   9,  10,  19,  22,  23,  24,  27,  29,  39,
     41,  42,  43,  44,  46,  47,  48,  49,  50,  51,  52,  53,  54,  55,  56,  57,
     58,  59,  60,  61,  64,  65,  67,  70,  71,  72,  73,  74,  75,  76,  77,  78,
     79,  80,  81,  82,  83,  85,  86,  87,  88,  89,  90,  91,  92,  93,  95,  96,
     97,  98, 100, 101, 102, 103, 104, 105, 106, 165, 166, 170,  29,  30,  54,  55,
     56,  57,  59,  99,  43,  47,  95,  16,  24,  30,  31,  32,  33,  35,  37,  40,
     45,  55,  56,  57,  84,  99,   1,   5,  21,  30,  37,  40,  43,  45,  47,  50,
     54,  55,  56,  57,  59,  60,  61,  84,  95,  99, 100, 167, 168,   1,   3,   5,
      7,   9,  10,  21,  30,  37,  39,  40,  44,  45,  50,  53,  54,  55,  56,  57,
     58,  59,  60,  69,  84,  90,  97,  98,  99, 100, 167, 168, 170,   5,  21,  22,
     37,  39,  40,  41,  42,  44,  45,  49,  51,  53,  54,  60,  70,  71,  72,  73,
     74,  75,  76,  77,  81,  82,  83,  84,  85,  86,  87,  88,  89,  90,  96,  97,
     98, 100, 102, 105, 167,   1,   6,   7,   8,   9,  19,  20,  21,  39,  41,  42,
     49,  51,  54,  55,  56,  57,  59,  61,  64,  65,  70,  71,  72,  73,  74,  75,
     76,  77,  81,  82,  83,  85,  86,  87,  88,  89,  96, 102, 105, 166, 167, 168,
    170,   1,   5,  21,  22,  30,  37,  39,  40,  41,  42,  43,  44,  45,  49,  51,
     53,  54,  60,  70,  71,  72,  73,  74,  75,  76,  77,  81,  82,  83,  84,  85,
     86,  87,  88,  89,  90,  96,  97,  98,  99, 100, 102, 105, 167, 168,   0,   1,
      3,   4,   5,   7,   8,   9,  21,  22,  37,  38,  39,  41,  42,  44,  49,  51,
     53,  60,  61,  70,  71,  72,  73,  74,  75,  76,  77,  81,  82,  83,  85,  86,
     87,  88,  89,  90,  96,  97,  98, 100, 102, 105, 166, 167, 168, 170,   1,   5,
     21,  37,  39,  40,  41,  42,  43,  45,  49,  51,  53,  54,  55,  58,  60,  70,
     71,  72,  73,  74,  75,  76,  77,  81,  82,  83,  84,  85,  86,  87,  88,  89,
     96,  97,  98, 100, 102, 105, 167, 168,  21,  24,  26,  30,  31,  32,  33,  35,
     37,  40,  45,  54,  55,  56,  57,  84,  94,  99, 167, 168,   3,   5,  21,  22,
     39,  40,  41,  42,  44,  45,  46,  48,  49,  50,  51,  52,  53,  54,  55,  56,
     57,  58,  60,  70,  71,  72,  73,  74,  75,  76,  77,  78,  79,  80,  81,  82,
     83,  84,  85,  86,  87,  88,  89,  90,  91,  92,  93,  96,  97,  98, 100, 101,
    102, 103, 104, 105, 106, 165, 168,   1,   3,   5,   8,  21,  37,  39,  40,  41,
     42,  44,  45,  46,  48,  49,  50,  51,  52,  54,  55,  56,  57,  59,  61,  70,
     71,  72,  73,  74,  75,  76,  77,  78,  79,  80,  81,  82,  83,  84,  85,  86,
     87,  88,  89,  90,  91,  92,  93,  96, 101, 102, 103, 104, 105, 106, 165, 166,
    167, 168,   1,   5,  21,  37,  39,  40,  41,  42,  45,  49,  51,  55,  56,  57,
     70,  71,  72,  73,  74,  75,  76,  77,  81,  82,  83,  84,  85,  86,  87,  88,
     89,  96, 102, 105, 168,   3,   7,   8,   9,  22,  37,  38,  39,  40,  41,  42,
     43,  44,  45,  49,  51,  53,  54,  60,  64,  65,  69,  70,  71,  72,  73,  74,
     75,  76,  77,  81,  82,  83,  84,  85,  86,  87,  88,  89,  90,  96,  97,  98,
    100, 102, 105, 166, 168, 170,   1,   3,   5,  21,  22,  37,  39,  40,  41,  42,
     43,  45,  49,  51,  53,  54,  58,  60,  70,  71,  72,  73,  74,  75,  76,  77,
     81,  82,  83,  84,  85,  86,  87,  88,  89,  96,  97,  98, 100, 102, 105, 167,
    168,  21,  39,  40,  41,  42,  45,  49,  51,  54,  55,  60,  70,  71,  72,  73,
     74,  75,  76,  77,  81,  82,  83,  84,  85,  86,  87,  88,  89,  96, 100, 102,
    105, 167, 168,   1,   3,   5,   7,   8,   9,  10,  21,  22,  37,  40,  44,  45,
     53,  54,  60,  61,  65,  84,  90,  97,  98, 100, 166, 167, 170,   1,   3,   5,
     22,  37,  39,  40,  41,  42,  44,  45,  49,  51,  54,  55,  60,  61,  70,  71,
     72,  73,  74,  75,  76,  77,  81,  82,  83,  84,  85,  86,  87,  88,  89,  90,
     96, 100, 102, 105, 167, 168,   3,   4,   5,   7,   9,  10,  22,  37,  38,  39,
     40,  41,  42,  44,  45,  49,  51,  53,  55,  60,  65,  70,  71,  72,  73,  74,
     75,  76,  77,  81,  82,  83,  84,  85,  86,  87,  88,  89,  90,  96,  97,  98,
    100, 102, 105, 167, 170,  37,  39,  40,  41,  42,  45,  49,  51,  70,  71,  72,
     73,  74,  75,  76,  77,  81,  82,  83,  84,  85,  86,  87,  88,  89,  96, 102,
    105, 167,  24,  30,  32,  33,  35,  39,  40,  41,  42,  45,  49,  51,  70,  71,
     72,  73,  74,  75,  76,  77,  81,  82,  83,  84,  85,  86,  87,  88,  89,  96,
     99, 102, 105,  32,  33,  35, 111, 113, 118, 121, 160,  11,  12,  16,  23,  30,
     32,  33,  34,  35,  67,  99,   7,   9,  30,  32,  33,  34,  35,  54,  56,  57,
     58,  66,  99, 170,  24,  29,  30,  31,  32,  33,  35,  39,  40,  41,  42,  45,
     48,  49,  50,  51,  52,  53,  54,  55,  56,  57,  61,  65,  70,  71,  72,  73,
     74,  75,  76,  77,  81,  82,  83,  84,  85,  86,  87,  88,  89,  96,  97,  98,
     99, 102, 105, 106, 167, 168,  30,  32,  33,  35,  99,   1,   7,   9,  10,  21,
     23,  26,  27,  28,  30,  31,  32,  33,  34,  35,  36,  37,  60,  67,  84,  99,
    100, 167, 168, 170,   1,   7,   9,  10,  21,  23,  26,  27,  28,  30,  31,  32,
     33,  34,  35,  36,  37,  60,  67,  84,  99, 100, 167, 168, 170,  11,  12,  13,
     14,  15,  16,  18,  10,  23,  24,  30,  32,  33,  34,  35,  36,  60,  67,  99,
    100, 168,  43,  47,  53,  54,  55,  56,  57,  59,  60,  95,  97,  98, 100,   1,
      5,  21,  30,  37,  40,  43,  45,  47,  50,  54,  55,  56,  57,  59,  60,  61,
     84,  95,  99, 100, 167, 168,   1,   5,  21,  30,  37,  40,  43,  45,  47,  50,
     54,  55,  56,  57,  59,  60,  61,  84,  95,  99, 100, 167, 168,   1,   5,  21,
     22,  30,  37,  39,  40,  41,  42,  43,  44,  45,  49,  51,  53,  54,  60,  70,
     71,  72,  73,  74,  75,  76,  77,  81,  82,  83,  84,  85,  86,  87,  88,  89,
     90,  96,  97,  98,  99, 100, 102, 105, 167, 168,   1,   3,   5,   7,   9,  10,
     21,  30,  37,  39,  40,  41,  42,  44,  45,  49,  50,  51,  53,  54,  55,  56,
     57,  58,  59,  60,  69,  70,  71,  72,  73,  74,  75,  76,  77,  81,  82,  83,
     84,  85,  86,  87,  88,  89,  90,  96,  97,  98,  99, 100, 102, 105, 167, 168,
    170,   1,   7,   9,  10,  21,  23,  26,  27,  28,  30,  31,  32,  33,  34,  35,
     36,  37,  60,  67,  84,  99, 100, 167, 168, 170,   1,   6,   7,   8,   9,  19,
     20,  21,  39,  41,  42,  44,  46,  47,  48,  49,  50,  51,  52,  53,  54,  55,
     56,  57,  58,  59,  60,  61,  64,  65,  70,  71,  72,  73,  74,  75,  76,  77,
     78,  79,  80,  81,  82,  83,  85,  86,  87,  88,  89,  91,  92,  93,  95,  96,
     97,  98, 100, 101, 102, 103, 104, 105, 106, 165, 166, 167, 168, 170,   1,   5,
     21,  24,  26,  27,  29,  30,  31,  32,  33,  35,  36,  37,  40,  43,  45,  46,
     48,  50,  52,  54,  55,  56,  57,  59,  60,  64,  78,  79,  80,  84,  91,  92,
     93,  94,  99, 100, 101, 103, 104, 106, 165, 167, 168,   1,   6,   7,   8,   9,
     19,  20,  21,  39,  41,  42,  44,  46,  47,  48,  49,  50,  51,  52,  53,  54,
     55,  56,  57,  58,  59,  60,  61,  64,  65,  70,  71,  72,  73,  74,  75,  76,
     77,  78,  79,  80,  81,  82,  83,  85,  86,  87,  88,  89,  91,  92,  93,  95,
     96,  97,  98, 100, 101, 102, 103, 104, 105, 106, 165, 166, 167, 168, 170,   1,
      6,   7,   8,   9,  19,  20,  21,  39,  41,  42,  48,  49,  50,  51,  52,  54,
     55,  56,  57,  59,  61,  64,  65,  70,  71,  72,  73,  74,  75,  76,  77,  81,
     82,  83,  85,  86,  87,  88,  89,  96, 102, 105, 106, 166, 167, 168, 170,  21,
     39,  40,  41,  42,  45,  48,  49,  50,  51,  52,  53,  54,  55,  60,  61,  65,
     70,  71,  72,  73,  74,  75,  76,  77,  81,  82,  83,  84,  85,  86,  87,  88,
     89,  96,  97,  98, 100, 102, 105, 106, 167, 168,   7,   8,   9,  23,  24,  29,
     32,  35,  36,  39,  40,  41,  42,  43,  44,  45,  48,  49,  50,  51,  52,  53,
     54,  55,  56,  57,  58,  59,  60,  61,  65,  67,  70,  71,  72,  73,  74,  75,
     76,  77,  81,  82,  83,  84,  85,  86,  87,  88,  89,  90,  96,  97,  98, 100,
    102, 105, 106, 166, 170,   7,   8,   9,  10,  19,  22,  39,  41,  42,  49,  51,
     53,  61,  65,  70,  71,  72,  73,  74,  75,  76,  77,  81,  82,  83,  85,  86,
     87,  88,  89,  96,  97,  98, 102, 105, 166, 170,   7,   8,   9,  10,  19,  23,
     24,  27,  29,  32,  36,  39,  41,  42,  43,  44,  48,  49,  50,  51,  52,  53,
     54,  55,  56,  57,  58,  59,  60,  61,  65,  67,  70,  71,  72,  73,  74,  75,
     76,  77,  81,  82,  83,  85,  86,  87,  88,  89,  90,  96,  97,  98, 100, 102,
    105, 106, 166, 170,   7,   8,   9,  10,  19,  22,  39,  41,  42,  48,  49,  50,
     51,  52,  53,  60,  61,  65,  70,  71,  72,  73,  74,  75,  76,  77,  81,  82,
     83,  85,  86,  87,  88,  89,  96,  97,  98, 100, 102, 105, 106, 166, 170,  30,
     32,  33,  35,  99, 111, 121, 160,   7,   8,   9,  19,  65, 108, 110, 112, 113,
    114, 115, 116, 117, 119, 121, 123, 124, 125, 126, 127, 128, 129, 130, 132, 133,
    134, 135, 136, 137, 138, 139, 140, 141, 142, 143, 144, 145, 146, 147, 148, 150,
    151, 153, 155, 157, 158, 161, 162, 164, 166, 170, 112, 116, 123, 110, 112, 115,
      8, 107, 111, 118, 121, 122, 154, 160, 166, 111, 119, 121, 160, 108, 111, 112,
    117, 118, 119, 121, 122, 125, 126, 140, 143, 145, 160,   7,   9,  19,  65, 107,
    108, 110, 112, 113, 117, 118, 119, 122, 123, 124, 125, 127, 128, 129, 131, 132,
    133, 134, 135, 137, 138, 140, 142, 143, 144, 145, 146, 147, 150, 151, 153, 154,
    155, 156, 157, 158, 159, 170, 107, 108, 109, 110, 111, 114, 117, 118, 119, 121,
    122, 123, 124, 125, 127, 128, 129, 132, 133, 135, 137, 140, 143, 144, 145, 146,
    147, 149, 151, 154, 155, 157, 158, 160, 163,   7,   9, 107, 111, 112, 113, 118,
    120, 121, 122, 145, 154, 160, 170,   7,   9, 111, 121, 127, 128, 129, 133, 135,
    137, 144, 145, 151, 157, 158, 160, 170,  65, 107, 108, 111, 112, 115, 116, 117,
    118, 119, 121, 122, 125, 127, 128, 129, 131, 132, 133, 135, 137, 140, 142, 143,
    144, 145, 146, 147, 151, 154, 156, 157, 158, 159, 160, 107, 108, 111, 112, 117,
    118, 119, 121, 122, 125, 126, 140, 143, 145, 154, 160,   7,   9, 107, 109, 111,
    112, 113, 114, 120, 121, 122, 154, 155, 160, 170, 107, 111, 118, 119, 121, 122,
    154, 160,   7,   9, 107, 110, 111, 112, 113, 114, 115, 118, 120, 121, 122, 123,
    124, 134, 135, 140, 143, 147, 153, 154, 155, 160, 170,   7,   9,  65, 107, 110,
    111, 112, 113, 114, 118, 122, 124, 125, 127, 128, 129, 132, 133, 134, 135, 137,
    144, 146, 147, 151, 153, 154, 155, 157, 158, 160, 170,   7,   8,   9,  19,  65,
    108, 110, 112, 113, 114, 116, 117, 124, 125, 126, 127, 128, 129, 130, 131, 132,
    133, 134, 135, 136, 137, 141, 142, 144, 145, 146, 147, 148, 150, 151, 153, 155,
    156, 157, 158, 159, 164, 166, 170, 107, 108, 110, 111, 112, 113, 114, 115, 117,
    120, 122, 124, 134, 153, 154, 155, 160,   8, 107, 108, 111, 115, 117, 119, 121,
    122, 125, 126, 127, 128, 129, 132, 133, 135, 137, 140, 143, 144, 145, 146, 147,
    151, 154, 157, 158, 160, 166,   8, 107, 110, 111, 118, 121, 122, 154, 160, 166,
    107, 110, 111, 112, 113, 114, 115, 118, 120, 121, 122, 123, 124, 134, 135, 140,
    143, 147, 153, 154, 155, 160, 170, 140, 143, 145, 149, 152, 163,   7,   9,  65,
    127, 128, 133, 134, 135, 137, 144, 147, 151, 153, 157, 158, 170,  65, 132, 146,
      7,   9, 125, 126, 127, 128, 129, 131, 132, 133, 134, 135, 137, 144, 146, 147,
    149, 150, 151, 153, 156, 157, 158, 159, 163, 170,   7,   9,  65, 125, 127, 128,
    131, 132, 133, 134, 135, 137, 144, 146, 147, 150, 151, 153, 156, 157, 158, 159,
    170,   7,   9, 125, 127, 128, 131, 132, 133, 134, 135, 137, 144, 146, 147, 149,
    150, 151, 153, 156, 157, 158, 159, 163, 170, 129, 143,   7,   9,  65, 147, 149,
    163, 170,   7,   9, 127, 128, 130, 133, 135, 136, 137, 140, 141, 143, 144, 145,
    148, 149, 151, 152, 157, 158, 163, 164, 170,   7,   9, 127, 128, 130, 133, 135,
    136, 137, 140, 141, 143, 144, 145, 148, 149, 151, 152, 157, 158, 163, 164, 170,
      7,   9, 127, 128, 130, 133, 135, 136, 137, 140, 141, 143, 144, 145, 148, 149,
    151, 152, 157, 158, 163, 164, 170,   7,   9, 127, 128, 130, 133, 135, 136, 137,
    140, 141, 143, 144, 145, 148, 149, 151, 152, 157, 158, 163, 164, 170,   7,   9,
    127, 128, 130, 131, 132, 133, 134, 135, 136, 137, 141, 142, 144, 146, 147, 148,
    149, 150, 151, 153, 156, 157, 158, 159, 161, 162, 163, 164, 170,   7,   9, 127,
    128, 130, 131, 132, 133, 134, 135, 136, 137, 141, 142, 144, 146, 147, 148, 149,
    150, 151, 153, 156, 157, 158, 159, 161, 162, 163, 164, 170, 140,   7,   9,  65,
    125, 127, 128, 129, 131, 132, 133, 134, 135, 137, 144, 146, 147, 149, 150, 151,
    153, 156, 157, 158, 159, 163, 170, 125, 127, 128, 129, 133, 135, 137, 140, 143,
    144, 147, 149, 151, 157, 158, 163,   7,   9, 140, 143, 147, 161, 162, 170,   7,
      9, 140, 143, 147, 161, 162, 170,   7,   9, 127, 128, 130, 133, 135, 136, 137,
    140, 141, 143, 144, 145, 148, 149, 151, 152, 157, 158, 163, 164, 170,   7,   9,
    125, 127, 128, 131, 132, 133, 134, 135, 137, 144, 146, 147, 149, 150, 151, 153,
    156, 157, 158, 159, 163, 170, 125, 127, 128, 132, 133, 134, 135, 137, 144, 146,
    151, 153, 157, 158, 125, 127, 128, 132, 133, 135, 137, 144, 146, 151, 157, 158,
    125, 127, 128, 129, 131, 132, 133, 134, 135, 137, 142, 144, 146, 151, 153, 156,
    157, 158, 159, 125, 127, 128, 132, 133, 134, 135, 137, 144, 146, 151, 153, 157,
    158, 108, 111, 112, 117, 118, 119, 121, 122, 125, 126, 140, 143, 145, 160,   7,
      8,   9,  19,  65, 108, 110, 112, 113, 114, 115, 116, 117, 119, 121, 123, 124,
    125, 126, 127, 128, 129, 130, 132, 133, 134, 135, 136, 137, 138, 139, 140, 141,
    142, 143, 144, 145, 146, 147, 148, 150, 151, 153, 155, 157, 158, 161, 162, 164,
    166, 170,   7,   9, 125, 126, 127, 128, 129, 131, 132, 133, 134, 135, 137, 144,
    146, 147, 149, 150, 151, 153, 156, 157, 158, 159, 163, 170,   7,   9, 125, 126,
    127, 128, 129, 131, 132, 133, 134, 135, 137, 144, 146, 147, 149, 150, 151, 153,
    156, 157, 158, 159, 163, 170,   7,   9,  19,  65, 107, 108, 110, 112, 113, 117,
    118, 119, 122, 123, 124, 125, 127, 128, 129, 131, 132, 133, 134, 135, 137, 138,
    140, 142, 143, 144, 145, 146, 147, 150, 151, 153, 154, 155, 156, 157, 158, 159,
    170, 107, 108, 111, 117, 118, 119, 121, 122, 154, 160,   7,   9,  23,  24,  26,
     27,  39,  40,  41,  42,  44,  45,  46,  49,  51,  53,  54,  66,  67,  70,  71,
     72,  73,  74,  75,  76,  77,  78,  79,  80,  81,  82,  83,  84,  85,  86,  87,
     88,  89,  90,  91,  92,  93,  94,  96,  97,  98, 101, 102, 103, 104, 105, 165,
    169, 170, 172,   7,   9,  23,  24,  29,  36,  39,  41,  42,  43,  44,  46,  48,
     49,  50,  51,  52,  53,  54,  55,  56,  57,  58,  60,  66,  67,  70,  71,  72,
     73,  74,  75,  76,  77,  78,  79,  80,  81,  82,  83,  85,  86,  87,  88,  89,
     90,  91,  92,  93,  96,  97,  98, 100, 101, 102, 103, 104, 105, 106, 165, 170,
    172,  16,  21,  24,  30,  32,  33,  35,  40,  45,  46,  48,  50,  52,  54,  55,
     56,  57,  78,  79,  80,  84,  91,  92,  93,  99, 101, 103, 104, 106, 165,   1,
      5,   8,  21,  37, 166, 167, 168,  11,  12,  14,  16,  18,
};

static const int8_t literatamono_12_italicKernSparseValues[] = {
     -40,  -40,  -36,   -8,   -8,  -12,  -12,  -12,  -16,  -12,  -12,  -24,  -36,  -12,  -12,  -12,
     -12,  -12,  -12,  -12,  -12,  -12,  -12,  -12,  -12,  -12,  -12,  -12,  -12,  -16,  -12,  -24,
     -24,  -12,  -12,  -40,  -36,  -24,   -8,   -4,   -8,   -6,  -16,  -26,  -18,  -22,  -30,  -28,
     -24,   -4,  -16,  -24,   10,   12,   12,  -24,  -40,  -40,  -16,  -16,  -16,  -24,  -16,  -16,
      -8,  -40,  -16,  -16,  -16,  -16,  -16,  -16,  -16,  -16,  -16,  -16,  -16,  -16,  -16,  -16,
     -16,  -16,  -24,  -40,  -16,   -8,   -8,  -16,  -16,  -40,  -40,   -8,  -24,  -30,  -12,  -40,
     -12,  -52,  -32,  -48,   -4,   -4,   -4,   -4,   -4,  -16,  -16,  -36,  -36,  -12,  -40,   -4,
      -4,   -4,   -4,   -4,   -4,   -4,   -4,   -4,   -4,   -4,   -4,   -4,   -4,   -4,   -4,   -4,
     -40,   -4,   -4,  -40,  -40,  -32,   -8,   -8,  -40,  -12,  -12,  -36,  -20,  -16,  -20,  -32,
     -16,   -8,   -8,  -12,  -36,  -20,  -12,  -12,   12,  -20,  -12,  -56,  -56,  -80,   -8,  -32,
     -14,  -14,  -36,  -40,  -16,  -24,  -12,  -32,  -32,  -32,   -4,  -32,  -32,  -28,  -12,   -8,
      -8,  -12,  -40,  -32,  -32,  -32,  -32,  -32,  -32,  -32,  -32,   -4,   -4,   -4,  -32,  -32,
     -32,  -32,  -32,  -32,  -32,  -32,   -4,   -4,   -4,  -24,  -32,  -28,  -28,  -12,   -4,  -32,
      -4,   -4,  -32,   -4,  -48,  -56,  -40,  -18,  -16,   -8,  -18,  -16,   -8,  -16,   -8,  -14,
      -4,   -8,  -12,  -16,  -24,  -16,  -14,   -4,  -14,   -8,  -40,  -16,  -40,  -40,  -24,   -6,
     -14,   -6,  -16,  -20,  -20,  -20,  -16,  -40,  -16,   -8,   -4,   -4,   -6,   -8,  -36,  -16,
     -20,  -16,  -32,  -20,   -8,  -32,  -12,  -28,   -4,   -4,   -4,   -4,   -4,   -8,  -12,   -4,
     -20,  -12,  -40,  -52,  -12,  -24,  -10,   -5,  -26,  -16,  -35,  -26,  -42,  -40,   -2,  -16,
      -2,   -2,   -8,   -2,   -2,   -4,   -2,  -14,   -8,   -8,   -8,  -16,  -16,   -2,   -2,   -2,
      -2,   -2,   -2,   -2,   -2,   -2,   -2,   -2,   -2,   -2,   -2,   -8,   -2,   -2,   -2,   -2,
      -2,   -2,   -2,   -2,   -5,   -2,  -26,   -2,   -2,   -2,   -2,   -2,   -2,  -12,  -44,  -40,
      -2,   -8,   -4,  -12,   -8,  -12,   -4,   -4,   -2,   -8,   -3,   -3,   -4,   -3,   -5,   -4,
      -5,   -3,   -8,   -4,   -4,   -6,   -4,   -3,   -4,   -4,   -4,   -8,  -12,  -12,   -4,  -10,
      -8,   -4,   -6,   -4,   -8,   -3,  -19,   -5,  -14,  -13,  -26,  -16,   -8,  -28,    8,   -8,
      -8,  -12,  -16,  -12,   -8,   -5,   -3,   -4,   -4,   -4,   -2,   -2,   -8,   -4,  -12,  -28,
     -16,  -28,  -32,  -20,  -34,   -2,   -4,  -12,  -12,  -12,  -12,  -12,  -16,   -4,   -6,  -12,
     -34,  -12,  -12,  -12,  -12,  -12,  -12,  -12,  -12,   16,   12,   20,  -12,  -12,  -12,  -12,
     -12,  -12,  -12,  -12,   16,   10,   14,   14,  -12,  -16,  -16,   -6,  -12,   24,   16,  -12,
       8,  -16,  -28,   -8,   -8,    6,   -4,   -6,   -8,   -3,   -4,   -2,   -2,   -2,   -2,   -2,
      -8,   -8,   -4,   -4,   -4,   -4,   -2,   -2,   -2,   -2,   -2,   -2,   -2,   -2,    8,   18,
      -2,   -2,   -2,   -2,   -2,   -2,   -2,   -2,   10,    8,   -2,   -4,   -2,   -2,   -8,  -12,
     -12,  -16,  -18,   -8,   -2,   -8,  -10,  -12,  -12,  -12,   -8,   -4,  -12,   -4,  -12,   -4,
     -16,  -14,   -8,   -8,   -8,   -8,   -8,  -14,   -8,  -18,  -12,  -12,  -12,  -12,  -12,  -12,
     -12,  -12,  -12,  -12,  -12,  -12,  -12,  -12,  -12,  -12,  -12,  -16,  -16,  -14,  -12,  -12,
      -4,  -12,   -2,  -20,  -12,  -14,   -2,   -4,   -8,   -8,   -8,   -8,   -8,   -8,   -8,   -8,
     -16,   -8,   -8,   -8,  -16,   -8,  -32,   -8,   -8,   -8,   -8,   -8,   -8,   -8,   -8,    8,
      24,   -8,   -8,   -8,   -8,   -8,   -8,   -8,   -8,   20,   -8,   -2,   -8,   36,   -8,   -8,
     -20,  -12,   -8,  -36,  -40,  -20,   -4,   -3,   -8,   -3,  -23,  -13,  -30,  -23,  -36,   -5,
     -36,  -20,   -4,   -8,   -4,   -8,   -8,   -8,  -12,   -8,   -8,   -8,  -16,   -8,   -6,   -4,
      -4,   -4,  -16,   -4,   -4,   -4,   -3,  -23,   -8,   -4,   -4,   -4,   -8,   -4,  -52,  -43,
      -8,  -12,   -8,  -16,  -24,   -8,   -8,   -4,   -4,   -4,   -4,   -8,   -4,   -4,  -24,  -14,
      -8,   -8,  -16,   -4,   -4,   -4,   -4,   -4,   -4,   -4,   -4,   -4,   -4,   -4,   -4,   -4,
      -4,   -4,   -4,   -4,   -8,   -4,   -8,   -4,   -4,  -24,   -4,   -8,   -8,   -8,  -16,   -9,
     -10,  -10,  -10,   -8,  -10,  -10,  -12,   -8,   -8,   -6,   -6,  -10,  -12,  -12,   -8,   -9,
     -10,  -10,  -10,  -10,  -10,  -10,  -10,  -10,  -10,  -10,  -10,  -10,  -10,  -10,  -10,  -10,
     -10,  -12,  -12,  -12,  -10,  -10,   -8,   -8,  -12,  -12,   -4,  -10,  -25,   -4,   -6,   -4,
      -8,   -3,   -8,   -5,  -14,  -13,  -11,  -16,   -8,  -25,    8,   -8,   -8,  -12,  -16,  -12,
     -28,  -28,  -12,  -34,   -4,   -3,  -10,   -6,   -6,  -10,   -6,   -6,    4,    4,    4,   -4,
     -34,   -6,   -6,   -6,   -6,  -10,   -6,   -6,   -6,   -6,   -6,   -6,  -10,  -10,  -10,   -6,
      -6,  -10,   -6,   -4,   -6,   -6,  -28,   -8,   24,  -12,  -12,   36,  -10,   -8,   -4,   -6,
      -4,   -8,   -3,   -8,   -5,  -14,  -13,  -11,  -16,   24,   -8,  -28,    8,   -8,   -8,  -12,
     -16,  -12,  -20,  -24,  -20,  -20,  -14,   -5,   -3,  -18,  -16,  -24,  -23,  -28,   -3,  -36,
     -10,  -20,  -10,  -10,   -6,   -4,   -4,   -6,  -12,   -4,  -10,   -4,  -10,   -4,   -4,  -16,
     -14,  -14,  -14,  -16,   -2,   -8,  -10,  -10,  -10,  -10,  -10,  -10,  -10,  -10,   -6,   -6,
      -6,  -10,  -10,  -10,   -4,  -10,  -10,  -10,  -10,  -10,   -4,   -6,   -6,   -6,   -5,  -12,
     -10,   -4,   -4,  -18,   -2,   -6,  -10,   -6,   -6,  -10,   -4,   -6,  -20,  -24,  -24,   -3,
      -6,   -3,   -3,   -4,   -3,   -4,   -2,   -2,   -2,   -3,   12,   -3,    4,  -40,  -28,  -40,
     -32,   -8,  -24,  -24,   -2,   -6,   -3,  -28,   -4,  -28,  -28,   -8,  -30,   -4,   -6,  -28,
      -6,  -28,   -6,  -20,   -8,   -4,   -4,   -8,  -20,  -16,  -24,  -28,  -28,  -28,  -28,  -28,
     -28,  -28,  -28,   12,   20,   32,  -28,  -28,  -28,   -4,  -28,  -28,  -28,  -28,  -28,  -30,
      24,   20,   20,   20,  -28,  -20,  -20,   -8,   14,  -40,   28,   22,  -50,   -6,    8,  -28,
     -40,  -12,  -40,  -20,  -40,  -36,  -12,  -36,  -44,   -7,  -21,   -5,   -3,  -36,  -36,  -36,
     -24,  -40,  -16,  -36,  -16,  -36,  -16,  -34,  -14,  -20,  -12,  -12,  -20,  -12,  -28,  -20,
     -16,  -10,  -44,  -36,  -36,  -36,  -60,  -56,  -36,  -36,  -56,   16,   16,   36,  -36,  -64,
     -60,  -64,  -36,  -36,  -68,  -36,  -40,   28,   28,   22,   12,  -36,  -34,  -62,  -28,   18,
     -48,    8,   24,  -60,  -22,   10,  -20,  -40,  -16,  -32,  -16,  -32,  -28,   -4,  -28,  -34,
      -5,   -5,  -28,  -28,  -28,  -12,  -32,   -8,  -16,  -28,  -16,  -28,  -16,  -24,  -12,  -12,
     -10,  -10,  -12,   -8,  -20,  -16,   -8,  -12,  -34,  -28,  -28,  -28,  -28,  -28,  -28,  -28,
     -48,   -2,   10,   22,  -28,  -28,  -48,  -28,  -28,  -28,  -28,  -28,  -32,   20,   14,   12,
      14,  -28,  -24,  -42,  -20,    6,  -50,   16,   10,  -48,  -18,    2,  -16,  -32,   -2,  -20,
     -16,   -8,   -8,   -8,   -8,   -2,   -8,   -8,  -12,  -12,  -16,  -16,  -24,   -8,  -16,   -8,
      -8,   -8,   -8,   -8,   -8,   -8,   -8,   -8,   -8,   -8,   -8,   -8,   -8,   -8,   -8,   -2,
      -8,   -8,   -8,  -20,  -20,  -44,  -32,  -44,  -40,  -16,  -36,  -38,  -10,   -8,   -5,  -38,
     -38,  -38,  -16,  -38,   -8,   -4,  -22,  -38,  -22,  -38,  -22,  -38,  -20,  -28,  -20,  -20,
     -26,  -24,  -32,  -20,  -20,  -20,  -38,  -38,  -38,  -38,  -61,  -58,  -72,  -68,  -59,    4,
      12,   32,  -70,  -64,  -56,  -65,  -38,  -38,  -66,  -65,  -38,   24,   22,   14,   16,  -64,
     -62,  -62,  -52,    8,  -60,    8,   16,  -60,  -28,    4,  -32,  -44,   -3,   -5,   -8,   -4,
      -8,   -8,   -8,   -5,   20,   16,   16,  -32,  -12,  -36,  -20,  -36,  -36,  -36,  -80,   -8,
      -8,  -12,  -16,  -16,   -8,  -36,  -16,  -28,  -12,  -32,  -32,  -10,   -2,   -4,   -2,   -4,
     -10,   -2,   -2,   -2,   -6,   -2,  -10,   -4,   -2,  -32,   -2,  -24,  -16,  -20,   -4,  -32,
      -4,   -4,   -8,  -16,  -20,  -24,   -6,  -18,   -4,   -6,   -4,   -8,   -8,   -4,   -2,   -2,
      -6,   -4,  -12,   -8,   -6,   -4,   -8,   -8,  -20,  -12,  -34,  -20,   -4,  -16,   -8,   -8,
     -32,  -12,  -20,   -6,   -6,   -4,  -12,   -6,   -6,   -6,   -6,   -6,  -12,  -12,  -12,  -12,
     -12,   -6,   -6,   -6,   -6,   -6,   -6,  -12,  -12,  -12,  -12,   -6,   -6,   -4,   -6,   -6,
      -6,   -6,   -6,   -6,  -12,  -12,  -36,  -36,  -36,  -36,  -36,  -36,   -8,   -4,   -4,   -4,
      -4,   -4,   -4,   -4,   -4,   -4,   -4,   -8,  -36,    2,   -4,   -4,   -4,   -4,   -4,   -4,
      -4,   -4,   -4,   -4,   -4,   -4,   -4,   -4,   -4,   -4,   -4,   -4,   -4,  -36,  -32,  -26,
     -36,  -12,  -16,   -6,   -6,  -28,  -32,  -10,   -6,   -8,   -8,   -2,   -2,   -6,   -8,   -8,
      -4,   -4,   -8,   -8,   -8,   -8,   -8,   -8,   -8,   -8,   -8,   -8,   -8,   -8,   -6,   -8,
      -8,   -8,   -8,   -8,   -2,   -8,   -4,   -4,  -28,   -8,   -8,   -8,  -20,   -8,   16,   28,
       8,   29,   36,  -24,   -8,  -24,   24,  -12,   36,   24,  -22,  -10,  -10,  -18,  -10,  -10,
     -12,   -6,  -16,  -10,  -18,  -18,  -18,  -12,  -10,  -10,  -10,  -10,  -10,   -8,  -18,  -18,
     -22,  -10,  -10,  -18,  -10,  -12,  -12,   -6,  -10,  -10,   -8,   20,   32,  -24,   -8,  -20,
     -10,  -36,   -8,  -18,   -8,   -8,   -2,  -10,   -8,   -8,   -8,   -8,   -4,   -4,  -12,   -8,
      -8,   -8,   -8,   -8,   -8,   -8,   -8,   -8,   -8,   -8,  -10,   -8,   -8,   -8,   -8,   -8,
      -8,   -8,   -8,  -12,   -8,   -8,  -16,  -12,   -8,   -4,   -8,  -18,  -14,  -14,  -14,  -20,
     -16,   -4,   -4,   -8,   -4,   -4,   -4,   -4,   -8,  -18,  -20,   -4,   -8,   -8,  -10,  -12,
      -4,  -18,   -4,   -4,   -4,   -8,   -6,   -2,   -4,   -2,  -10,   -6,   -8,   -4,   -8,   -4,
      -4,   -8,  -14,   -4,   -4,   -4,   -4,   -4,   -4,   -4,   -4,   -6,   -6,   -6,   -4,   -4,
      -4,   -8,   -4,   -4,   -4,   -4,   -4,   -4,   -6,   -6,   -6,   -4,   -8,   -8,  -14,   -6,
      -4,   -6,   -6,   -4,   -2,   -6,   -8,  -12,   -6,  -16,  -18,  -16,  -12,  -10,   -7,  -10,
     -10,   -4,   -4,   -6,   -4,  -10,   -4,  -10,   -4,  -10,  -10,  -12,  -12,  -12,   -8,  -10,
     -10,  -10,  -10,  -10,  -10,  -10,  -10,   -6,   -6,   -6,  -10,  -10,  -10,   -4,  -10,  -10,
     -10,  -10,  -10,   -4,   -6,   -6,   -6,  -10,   -6,  -10,   -6,   -6,  -10,   -4,   -6,  -18,
     -24,  -20,  -16,   -8,   -4,  -16,   -4,  -12,   -4,   -4,   -9,   -4,   -4,   -4,   -6,   -6,
      -4,   -4,   -4,   -4,   -4,   -4,   -4,   -4,   -4,   -4,   -4,   -9,   -4,   -4,   -4,   -4,
      -4,   -4,   -4,   -4,   -8,  -16,  -46,   -6,  -46,  -24,  -40,  -20,  -38,  -28,  -16,  -36,
      -4,  -40,  -16,  -16,  -36,  -18,   -6,  -14,  -12,  -16,  -16,  -38,  -38,  -37,  -37,  -37,
     -16,  -16,  -16,  -16,  -16,  -16,  -16,  -37,  -38,  -37,  -16,  -16,  -20,  -16,  -18,  -18,
     -14,  -16,  -16,   -6,   -4,  -46,  -12,   -4,   -8,  -10,   -6,  -36,   -4,  -14,   -4,   -4,
      -4,   -6,   -4,   -4,   -4,   -4,   -2,   -6,   -4,   -4,   -4,   -4,   -4,   -4,   -4,   -4,
      -4,   -4,   -4,   -6,   -4,   -4,   -4,   -4,   -4,   -4,   -4,   -4,   -6,   -4,   -4,  -12,
      -8,  -12,  -11,  -14,   -6,   -6,   -8,   -6,   -6,   -4,   -4,   -4,   -6,   -6,   -6,   -6,
      -6,   -6,   -6,   -6,   -6,   -6,   -6,   -8,   -6,   -6,   -6,   -6,   -6,   -6,   -4,   -6,
      -6,  -12,   -8,   -8,  -12,  -16,  -36,   -8,  -36,  -16,   -6,   -8,  -32,  -14,   -6,   -8,
      -6,   -4,  -10,   -8,  -14,   -8,   -6,   -6,   -6,  -10,   -8,  -12,  -36,   -8,   -6,   -4,
      -4,  -32,   -8,   -4,   -8,   -8,   -2,   -8,   -8,   -8,   -6,   -4,   -4,  -12,   -8,   -8,
      -8,   -8,   -8,   -8,   -8,   -8,   -8,   -8,   -8,   -8,   -8,   -8,   -8,   -8,   -8,   -2,
      -8,   -4,   -8,   -8,   -8,   -6,  -12,   -8,   -4,  -28,  -28,  -16,   -8,  -24,   -8,   -6,
     -15,   -6,   -6,  -10,   -8,   -6,  -14,  -10,   -4,  -14,  -12,   -6,   -6,   -6,   -6,   -6,
      -6,   -6,   -6,   -6,   -6,   -6,   -8,   -6,   -6,   -6,   -6,   -6,  -10,   -6,  -10,  -10,
     -14,   -6,   -6,   -8,  -28,  -16,   -2,   -8,   -2,   -2,   -4,   -2,   -2,   -2,   -2,   -2,
      -2,   -2,   -2,   -2,   -2,   -2,   -2,   -2,   -4,   -2,   -2,   -2,   -2,   -2,   -2,   -2,
      -2,   -4,   -8,  -16,  -24,  -24,  -24,  -10,   -2,  -10,  -10,   -2,  -10,  -10,  -10,  -10,
     -10,  -10,  -10,  -10,  -10,  -10,  -10,  -10,  -10,   -2,  -10,  -10,  -10,  -10,  -10,  -10,
     -16,  -10,  -10,   -8,   -4,  -16,  -20,   -4,  -12,  -20,  -20,  -16,  -10,  -36,  -16,  -16,
     -16,   -8,  -16,  -16,  -16,  -16,  -24,  -24,  -20,  -20,  -12,   -8,  -20,   -4,   -8,   -8,
     -12,  -16,  -20,  -24,  -16,   -8,  -24,  -16,  -40,  -36,  -44,  -10,  -10,  -10,  -10,  -10,
      -8,  -10,   -8,  -10,   -8,   -8,  -14,  -10,   -8,   -8,  -12,   -8,  -10,  -10,  -10,  -10,
     -10,  -10,  -10,  -10,  -10,  -10,  -10,  -10,  -10,  -10,  -10,  -10,  -10,  -10,   -8,   -8,
     -24,  -10,  -10,   -8,  -38,  -32,  -48,  -56,  -48,  -52,  -48,   -8,  -12,  -12,   -4,  -10,
     -28,   -4,   -6,   -4,  -20,   -3,  -19,   -5,  -14,  -13,  -11,  -16,   -8,  -28,    8,  -20,
      -8,  -12,  -16,  -12,   -8,  -12,  -12,   -4,  -10,   -8,   -4,   -6,   -4,   -8,   -3,   -8,
      -5,  -14,  -13,  -11,  -16,   -8,  -28,    8,   -8,   -8,  -12,  -16,  -12,  -24,  -24,  -24,
     -24,   -8,  -42,  -16,   -8,  -28,   26,   -6,  -26,  -16,   -6,  -40,  -12,   -4,  -28,   -6,
      -4,  -16,  -12,   -8,   -4,   -8,   -8,   -8,   -8,  -16,   -8,   -8,   -4,   -4,   -8,  -16,
     -28,  -12,  -32,  -32,  -10,  -14,   -4,   -2,   -4,  -10,   -2,  -20,  -20,   -6,   -2,  -10,
      -4,   -2,  -32,   -2,  -24,  -16,  -16,  -28,  -12,  -32,  -32,  -10,   -2,   -4,   -2,   -4,
     -10,   -2,  -18,  -18,   -6,   -2,  -10,   -4,   -2,  -32,   -2,  -24,  -16,  -12,  -16,   -6,
      -6,  -28,  -32,  -10,   -6,   -4,   -4,   -2,   -2,   -6,   -4,   -4,   -4,   -4,   -8,   -4,
      -4,   -4,   -4,   -4,   -4,   -4,   -4,   -4,   -4,   -4,   -6,   -4,   -4,   -4,   -4,   -4,
      -2,   -4,   -4,   -4,  -28,   -8,   -4,   -4,  -20,   -8,  -20,   -4,  -32,   -4,   -4,   -8,
     -16,  -20,  -24,   -6,  -18,   -4,   -4,   -4,   -6,   -4,   -4,   -4,   -8,   -8,   -4,   -2,
      -2,   -6,   -4,  -12,   -8,   -4,   -4,   -4,   -4,   -4,   -4,   -4,   -4,   -4,   -4,   -4,
      -6,   -4,   -4,   -4,   -4,   -4,   -4,   -4,   -8,   -8,  -20,  -12,   -4,   -4,  -34,  -20,
      -4,   -8,  -12,  -12,   -4,  -10,   -8,   -4,   -6,   -4,  -20,   -3,  -19,   -5,  -14,  -13,
     -11,  -16,   -8,  -28,    8,  -20,   -8,  -12,  -16,  -12,  -12,  -36,  -72,  -72,  -72,  -72,
     -36,   -8,  -36,  -36,  -36,  -36,  -12,   -9,  -16,  -36,  -52,  -72,  -36,  -36,  -12,  -24,
     -20,  -20,  -36,  -20,  -36,  -44,  -36,  -34,  -36,  -36,  -36,  -36,  -36,  -36,  -36,  -36,
     -12,  -12,  -12,  -36,  -36,  -36,  -36,  -36,  -36,  -36,  -36,  -12,  -12,  -12,   -9,  -36,
     -36,  -36,  -36,  -12,  -36,  -12,  -12,  -36,  -16,  -12,  -72,  -44,  -26,  -72,  -36,  -40,
     -20,   -4,   -3,   -8,   -3,  -39,  -13,  -46,  -31,  -52,   -5,  -36,  -20,   -4,   -8,   -4,
      -8,   -8,   -8,  -12,   -8,   -8,   -8,  -16,   -8,   -6,   -4,   -4,   -4,  -16,   -4,   -4,
      -4,   -3,  -43,   -8,   -4,   -4,   -4,   -8,   -4,  -81,  -43,  -12,  -34,  -70,  -70,  -70,
     -70,  -34,   -8,  -36,  -70,  -70,  -34,  -14,  -11,  -16,  -36,  -50,  -70,  -34,  -36,  -12,
     -24,  -52,  -54,  -34,  -58,  -34,  -42,  -34,  -32,  -36,  -36,  -36,  -36,  -36,  -36,  -36,
     -36,  -14,  -14,  -14,  -36,  -36,  -36,  -36,  -36,  -36,  -36,  -36,  -14,  -14,  -14,  -11,
     -36,  -36,  -36,  -34,  -14,  -36,  -14,  -14,  -36,  -16,  -14,  -70,  -40,  -26,  -70,  -12,
     -36,  -36,  -36,  -36,  -36,  -36,   -8,   -4,   -4,   -4,   10,   -4,   10,   -4,   10,   -4,
      -4,   -4,   -4,    8,   -8,  -36,    2,   -4,   -4,   -4,   -4,   -4,   -4,   -4,   -4,   -4,
      -4,   -4,   -4,   -4,   -4,   -4,   -4,   -4,   -4,   -4,   10,  -36,  -32,  -26,  -36,  -12,
     -16,  -14,  -16,  -16,   -8,  -12,  -16,  -12,  -16,  -12,  -12,  -12,  -16,   -8,  -12,  -10,
     -16,  -16,  -16,  -16,  -16,  -16,  -16,  -16,  -16,  -16,  -16,   -8,  -16,  -16,  -16,  -16,
     -16,  -16,  -12,  -12,   -8,  -16,  -16,  -12,  -12,  -12,  -40,  -34,  -40,  -48,  -18,   -6,
       4,    4,  -12,  -40,    4,  -40,  -40,  -18,  -40,    4,  -10,  -40,  -10,  -40,  -10,  -36,
     -14,  -12,   -4,   -4,  -14,   -8,  -24,  -16,  -24,  -48,  -40,  -40,  -40,  -40,  -40,  -40,
     -40,  -40,  -40,  -40,  -40,    4,  -40,  -40,  -40,  -40,  -40,  -40,  -40,  -36,  -36,  -24,
     -40,  -40,  -10,  -34,  -40,  -40,  -16,  -40,  -20,  -16,  -14,  -18,  -18,  -18,  -18,  -18,
     -12,  -16,   -8,  -18,  -18,  -18,  -18,  -18,  -18,  -18,  -18,  -18,  -18,  -18,  -18,  -18,
     -18,  -18,  -18,  -18,  -12,  -12,  -18,  -18,  -16,  -40,  -40,  -24,  -40,  -24,  -16,  -24,
     -14,   -4,   -4,    2,   -6,  -32,  -32,  -32,  -16,  -40,   -6,  -32,   -6,  -32,   -6,  -30,
     -14,  -16,   -6,   -6,  -12,   -4,  -24,  -32,  -24,  -24,  -32,  -32,  -32,  -32,  -32,  -32,
     -32,  -32,  -32,  -32,  -32,  -32,  -32,  -32,  -32,  -32,  -40,  -32,  -30,  -30,  -24,  -32,
     -32,   -6,  -24,  -40,  -24,  -18,  -24,   -8,  -16,  -24,  -16,  -16,  -16,    8,  -16,    8,
     -16,    8,   -8,  -12,  -24,  -16,  -16,  -16,  -16,  -16,  -16,  -16,  -16,  -16,  -16,  -16,
     -16,  -16,  -16,  -16,  -16,  -16,  -16,   -8,   -8,  -12,  -16,  -16,    8,  -18,  -24,  -24,
     -28,  -24,  -26,  -24,  -15,  -20,  -15,  -56,  -28,  -56,  -24,  -12,  -24,  -24,  -32,  -18,
     -16,   -8,   -8,   -8,   -8,   -8,   -8,  -24,  -24,   -8,  -40,  -16,  -16,  -60,  -48,  -16,
     -24,  -40,  -28,  -40,   -8,  -20,   -4,  -28,   -8,  -12,  -52,   -8,  -28,  -20,  -28,  -24,
     -12,  -24,  -48,  -36,  -16,  -16,  -16,  -28,  -28,  -56,   -4,   -4,   -4,   -8,  -16,   -4,
      24,  -20,  -12,  -20,  -22,  -20,  -28,  -36,   48,  -16,   -4,  -36,  -16,   -8,  -12,    8,
      -8,  -24,  -16,  -16,  -12,   -2,   -4,   -4,   -8,   -8,  -12,  -52,  -52,  -16,  -16,    8,
      -4,  -24,  -40,  -16,   -4,    8,   -4,    8,   -8,  -24,  -16,  -20,   -8,   -4,  -12,  -32,
      -8,  -20,  -24,   -8,   -4,   -8,  -16,   -8,   -8,   -2,  -16,  -16,  -16,   -8,  -20,    8,
     -28,  -12,  -28,   -8,  -12,  -52,  -28,  -10,   -8,    8,  -16,    8,  -10,  -24,  -16,  -36,
     -28,   -4,    8,   -4,   -8,   -8,   -4,   -8,   -8,   -8,   -8,  -12,  -16,   -8,   -4,   -4,
      -4,  -24,   -8,  -48,    8,   -8,   -8,  -64,  -12,   -8,   -8,   -6,   -4,   -4,   -2,   -4,
      -2,  -12,   -6,    4,   -6,   -8,   -8,   -8,   -8,   -4,   -4,    4,    4,    4,    4,    4,
       4,    4,    8,    4,    4,    4,   -4,   -8,   -8,   -4,   -4,   -8,   -2,   -6,   -4,   -4,
      -6,   -8,  -16,   -4,   -4,   -4,   -4,   -8,   -4,   -4,   -4,   -4,   -4,   -2,   -4,  -12,
      -4,   -8,   -4,   -4,   -4,   -4,   -4,   -4,   -4,   -4,   -8,   -8,  -12,  -20,   16,  -12,
     -12,  -12,  -16,  -12,   -6,   -4,  -12,  -12,  -12,   -8,  -20,  -16,  -16,   -4,   -4,   -4,
      -4,   -4,   -3,   -2,   -6,   -4,   -4,   -3,   -4,  -16,   -4,   -8,   -8,   -4,   -8,  -12,
      -4,   -8,  -12,  -12,   -4,   -5,   -8,  -12,  -12,   -4,   -4,   -8,  -12,   -8,   -4,   -4,
     -24,   -8,   -2,    8,    4,  -12,   -8,   -4,  -16,   -8,  -12,  -56,  -56,   -8,    8,  -18,
      -4,  -24,  -20,   -8,    8,    8,  -14,   -6,   -4,   -4,   -2,   -4,   -4,  -12,   -4,   -4,
      -4,   -4,  -12,   -4,  -12,   12,  -20,   -4,   -4,   -4,  -56,  -48,  -12,  -48,   -8,  -16,
      -2,  -16,  -20,  -18,  -28,   -8,   -2,  -20,  -24,   -4,  -20,  -15,   -8,  -16,   -8,  -12,
     -15,  -16,  -15,  -16,  -15,  -16,   -4,  -15,   -1,  -12,  -16,  -16,  -20,  -15,  -16,  -28,
      -8,  -12,  -15,   -8,  -16,  -12,  -48,   -4,    4,   -8,  -12,  -20,  -10,  -12,   -4,    4,
      -8,   -4,   -8,   -4,   -4,   -4,  -16,  -12,  -16,  -12,  -14,  -12,   -2,  -14,  -12,  -16,
     -12,  -11,  -12,   -8,   -8,  -12,  -12,   -8,   -8,   -8,  -16,  -24,   -8,  -12,  -12,   -8,
      -8,  -12,   -8,   -8,  -12,  -16,   48,  -20,    4,  -12,  -20,  -22,  -20,  -28,  -36,   48,
      -4,   -5,   -8,  -12,  -12,   -4,   -4,   -8,  -12,   -8,   -4,   -4,  -12,   -4,   -2,    8,
       4,  -12,   -4,   -4,  -16,   -8,  -12,   -8,   -6,   -8,   -8,   -4,   -8,  -20,  -20,   -8,
      -4,   -4,   -4,   -4,   -4,   -4,   -4,   -4,   -4,   -4,   -2,   -4,  -20,   -8,   -4,   -4,
     -48,  -24,   -4,   -4,  -16,   -4,  -10,  -16,  -18,   -4,  -27,   -4,   -4,   -4,   -4,   -4,
      -6,   -4,   -4,  -27,  -16,   -8,  -20,  -16,  -12,  -24,  -28,  -28,   -8,   -4,   -6,   -6,
     -10,   -8,   -6,  -10,   -6,   -6,   -6,   -8,   -8,   -4,   -6,  -10,  -10,   -4,   -4,  -10,
     -28,   -8,   -8,   -4,   -6,   -2,   -4,  -16,   -2,   -4,   -4,   -2,   -2,   -8,   -8,   -8,
      -6,   -2,  -10,   -8,   -8,   -6,   -4,  -10,   -8,   -2,   -8,   -8,   -8,   -4,   -4,   -4,
      -4,   -8,   -8,   -8,   -4,   -4,   -4,   -4,   -4,   -4,   -4,   -8,   -4,   -4,   -4,   -4,
      -4,   -4,   -4,   -4,   -4,   -4,   -4,   -4,   -8,   -8,   -8,   -4,   -4,   -4,   -4,   -4,
      -4,   -4,   -4,   -4,   -4,   -4,   -4,   -4,   -4,   -4,   -4,   -4,   -4,   -4,   -4,   -8,
      -8,   -8,   -4,   -4,   -4,   -4,   -4,   -4,   -4,   -8,   -4,   -4,   -4,   -8,   -4,   -4,
      -4,   -4,   -8,   -4,   -4,   -4,   -8,   -8,   -8,   -4,   -4,   -4,   -4,   -4,   -8,   -4,
      -8,   -4,   -6,   -4,   -8,   -4,   -8,   -4,   -4,   -4,   -4,   -8,   -4,   -8,   -8,   -8,
      -2,   -2,   -4,   -4,  -12,   -2,   -4,   -4,   -4,   -2,   -4,   -4,   -2,   -6,   -4,   -4,
      -6,   -6,   -2,   -4,  -10,   -2,   -2,   -8,  -11,   -6,  -11,   -8,   -8,  -24,  -24,   -2,
      -2,   -4,   -4,  -12,   -2,   -4,   -4,   -4,   -2,   -4,   -4,   -2,   -6,   -4,   -4,   -6,
      -6,   -2,   -4,  -10,   -2,   -2,   -8,  -11,   -6,  -11,   -8,  -24,   -3,  -32,  -32,  -12,
      -6,   -9,   -5,   -4,   -4,  -11,   -5,  -14,  -10,   -5,   -5,   -2,   -6,   -8,   -6,   -5,
     -14,  -18,   -5,  -11,   -4,   -8,  -32,   -7,   -2,   -2,   -4,   -2,   -2,   -2,   -2,   -4,
      -2,   -4,   -4,   -2,   -2,   -2,   -8,  -12,  -12,   -5,   -4,   -8,  -18,   -9,  -12,  -12,
     -12,   -5,   -4,   -4,  -18,   -9,  -12,  -16,  -16,   -4,   -4,   -4,   -4,   -4,   -4,   -4,
      -4,   -4,   -4,   -4,   -4,   -4,   -4,   -4,   -4,   -4,   -4,   -4,   -4,  -16,   -8,   -8,
      -4,   -6,   -2,   -4,  -16,   -2,   -8,   -4,   -2,   -2,   -8,   -8,   -8,   -6,   -2,   -8,
      -8,   -8,   -6,   -4,  -10,   -8,   -8,   -4,   -4,   -8,   -4,   -8,   -8,   -4,   -4,   -4,
      -4,   -8,   -4,   -4,   -4,   -2,   -2,   -4,   -2,   -2,   -2,   -2,   -4,   -2,   -2,   -2,
      -4,   -4,   -4,   -4,   -8,   -8,   -4,   -4,   -4,   -4,   -4,   -4,   -8,   -4,   -4,   -8,
      -4,   -4,   -8,   -4,   -4,   -4,   -4,   -4,   -4,   -4,   -4,   -4,   -4,   -4,   -4,   -4,
      -4,  -20,  -32,    8,  -20,  -24,  -16,  -31,  -12,   -2,   -4,   -4,   -8,   -8,  -32, -112,
     -28,  -56,  -24,  -12,  -24,  -24,  -32,  -18,  -16,   -8,   -8,  -20,  -14,   -8,   -8,  -24,
     -24,  -16,  -52,  -52,  -16,  -60,  -56,  -32,  -60,  -52,  -28,  -40,  -16,  -20,  -20,  -56,
     -28,  -24,  -52,  -28,  -28,  -52,  -28,  -24,  -12,  -60,  -48,  -44,  -52,  -16,  -16,  -28,
     -28,  -56,  -64,  -64,  -20,   -4,  -16,  -20,  -10,  -16,  -18,  -20,  -54,  -20,  -20,  -20,
      -4,  -16,   -6,  -10,  -20,  -54,  -32,  -20,  -20,  -16,  -12,  -64,  -48,  -24,   -4,   -4,
     -16,   -4,  -10,  -16,  -18,   -4,  -27,   -8,   -4,   -4,   -4,   -4,   -6,   -4,   -4,  -27,
     -16,   -8,  -20,  -16,  -12,  -24,  -52,  -52,  -16,  -16,    8,   -8,  -24,  -40,  -16,   -8,
       8,   -4,    8,   -8,  -24,  -16,  -20,   -8,   -4,  -12,  -32,   -8,  -20,  -24,   -8,   -4,
      -8,  -16,   -8,   -8,   -2,  -16,  -16,  -16,   -8,  -20,    8,  -28,  -12,  -28,   -8,  -12,
     -52,  -32,   -4,  -20,   -4,  -28,   -8,  -36,  -32,  -32,  -20,  -40,  -40,  -48,   -8,   -7,
     -16,  -10,    4,  -10,  -10,  -12,    4,   12,  -10,  -10,  -20,   -4,  -40,  -48,  -10,  -10,
     -10,  -10,  -10,  -10,  -10,  -10,   12,   28,   38,  -10,  -10,  -10,    4,  -10,  -10,  -10,
     -10,  -10,  -12,   12,   28,   12,   -7,  -10,  -20,  -20,   12,  -10,   52,   22,  -10,   12,
     -28,  -40,  -40,  -40,  -40,  -48,  -20,   -8,   -8,  -42,  -42,  -42,  -20,  -32,    6,   -8,
     -42,   -8,  -42,   -8,  -32,   -8,  -20,  -16,  -16,   -8,  -14,  -48,  -48,  -42,  -42,  -42,
     -42,  -42,  -42,  -42,  -42,    6,   14,   22,  -42,  -42,  -42,  -42,  -42,  -42,  -42,  -42,
     -32,    6,   18,    6,  -42,  -32,  -32,  -14,    6,  -65,   40,    6,  -71,   -8,    6,  -40,
     -40,  -32,  -24,  -12,  -44,  -40,  -36,  -48,  -24,   -4,  -12,   -4,   -4,   -4,  -20,  -12,
     -16,  -16,  -12,  -12,  -12,   -4,  -12,  -12,  -12,  -44,  -12,  -12,  -12,   -4,  -12,  -40,
     -52,  -12,  -24,  -40,  -12,  -44,  -48,  -28,  -24,  -16,  -54,  -10,
};

static const EpdLigaturePair literatamono_12_italicLigaturePairs[] = {
    { 0x00660069, 0xFB01 }, // f i -> U+FB01
    { 0x0066006C, 0xFB02 }, // f l -> U+FB02
};

static const EpdFontData literatamono_12_italic = {
    literatamono_12_italicBitmaps,
    literatamono_12_italicGlyphs,
    literatamono_12_italicIntervals,
    68,
    37,
    30,
    -8,
    true,
    literatamono_12_italicGroups,
    13,
    nullptr,
    nullptr,  // kernLeftClasses: built-in fonts use the split arrays below
    nullptr,  // kernRightClasses
    literatamono_12_italicKernLeftCodepoints,
    literatamono_12_italicKernLeftClassIds,
    literatamono_12_italicKernRightCodepoints,
    literatamono_12_italicKernRightClassIds,
    nullptr,  // kernMatrix: built-in fonts use the sparse form below
    literatamono_12_italicKernRowOffsets,
    literatamono_12_italicKernSparseCols,
    literatamono_12_italicKernSparseValues,
    526,
    501,
    147,
    174,
    literatamono_12_italicLigaturePairs,
    2,
};
