/**
 * generated by fontconvert.py
 * name: literatamono_12_bold
 * size: 12
 * mode: 2-bit  compressed: true
 * Command used: fontconvert.py literatamono_12_bold 12 ../builtinFonts/source/Literata/Literata-Bold.ttf --2bit --compress --pnum --zopfli --mono
 */
#pragma once
#include "EpdFontData.h"

static const uint8_t literatamono_12_boldBitmaps[11494] = {
    0x9D, 0x97, 0x5D, 0x6E, 0x23, 0x3B, 0x0E, 0x46, 0x3F, 0x80, 0xAF, 0x0D, 0x70, 0x2B, 0x59, 0x40,
    0x01, 0xDC, 0x3A, 0x01, 0x2F, 0xC0, 0x5B, 0x21, 0x90, 0x57, 0x02, 0x67, 0xF4, 0x57, 0xF1, 0x75,
    0xA6, 0x73, 0xBB, 0x67, 0xFC, 0xE9, 0x1C, 0xA1, 0x24, 0x59, 0xA5, 0xC8, 0xAA, 0xC4, 0x51, 0x88,
    0x1C, 0xD1, 0x4C, 0x8C, 0x5C, 0x27, 0x52, 0x9C, 0xB6, 0x3E, 0xAF, 0xBA, 0x46, 0x3E, 0xD4, 0x9E,
    0x07, 0x05, 0x30, 0x68, 0x55, 0x68, 0x62, 0x07, 0xA0, 0x27, 0x96, 0x97, 0x2C, 0x5B, 0x3E, 0x50,
    0xE8, 0x0B, 0x03, 0x79, 0xA2, 0x90, 0x4F, 0x92, 0x34, 0xD1, 0x52, 0x90, 0x83, 0x96, 0x83, 0x0C,
    0x52, 0x4E, 0x7E, 0x88, 0x2C, 0x45, 0xF6, 0x00, 0x21, 0x40, 0x45, 0xBD, 0xCD, 0xE7, 0xB3, 0x53,
    0x81, 0x90, 0x3A, 0xB2, 0xA7, 0x1F, 0xF5, 0xB2, 0xA7, 0x04, 0x31, 0xEC, 0x1D, 0x2A, 0xCD, 0x36,
    0x24, 0xEB, 0xD9, 0x66, 0xD5, 0x9E, 0xF2, 0xED, 0x9C, 0x2D, 0xA1, 0x40, 0x42, 0xDE, 0x12, 0x25,
    0x19, 0x2D, 0x79, 0x31, 0x94, 0x31, 0x75, 0x59, 0x79, 0x7D, 0x78, 0x5B, 0xE5, 0xD5, 0x46, 0x56,
    0x07, 0x55, 0x0A, 0xEF, 0x14, 0xC6, 0x90, 0x5E, 0x8A, 0x1A, 0x25, 0xFA, 0x57, 0xD0, 0xCC, 0xC1,
    0x91, 0x6B, 0x33, 0xAB, 0xF4, 0xA1, 0x4B, 0x35, 0xA7, 0xF2, 0x8C, 0x15, 0xF4, 0x9E, 0xDD, 0xEA,
    0xE9, 0x65, 0x23, 0x6A, 0x5D, 0xF3, 0x2D, 0x21, 0xBF, 0xDB, 0xFA, 0x04, 0x21, 0x8C, 0xAF, 0xEB,
    0xF2, 0x3D, 0xAB, 0x42, 0x2D, 0x95, 0xAC, 0x54, 0x9F, 0xC9, 0x33, 0x1D, 0x79, 0xAB, 0x9F, 0x39,
    0x2E, 0x6D, 0xB5, 0xAB, 0x5F, 0x05, 0x1A, 0x5A, 0xFD, 0xDE, 0x38, 0x93, 0xC8, 0xD7, 0x64, 0x25,
    0x9A, 0xBE, 0xDB, 0xA4, 0x38, 0xA3, 0xAC, 0x4E, 0xF1, 0x3C, 0x25, 0x4E, 0xE7, 0x6F, 0xFB, 0x43,
    0xAF, 0x7E, 0x51, 0x72, 0x5A, 0x51, 0x68, 0xEF, 0xC2, 0x17, 0xF5, 0xCE, 0x69, 0xCF, 0xD8, 0x29,
    0xE4, 0xB4, 0x44, 0x4A, 0x1F, 0xA2, 0x67, 0xF1, 0xBF, 0x2B, 0x90, 0x90, 0x76, 0xDF, 0xD9, 0xEE,
    0xFD, 0x46, 0x97, 0x90, 0x26, 0xD6, 0x1B, 0x2F, 0x29, 0xF2, 0x34, 0x79, 0xAE, 0x7D, 0x05, 0x1D,
    0xCE, 0xEA, 0x51, 0x3C, 0xEE, 0xF5, 0x85, 0x7E, 0x09, 0x49, 0x2D, 0x45, 0x49, 0x0C, 0x02, 0xED,
    0x65, 0xC6, 0xE2, 0x12, 0x09, 0xF7, 0xEA, 0xEB, 0xDC, 0x6F, 0xE0, 0x87, 0x6B, 0xD0, 0x83, 0x42,
    0x96, 0xF7, 0xB3, 0xB2, 0xD7, 0x06, 0xF4, 0x44, 0x42, 0x8B, 0xA0, 0x26, 0x0E, 0xFA, 0x42, 0x7A,
    0xB1, 0xBA, 0x91, 0xEB, 0x7D, 0x0D, 0x1F, 0x22, 0xCF, 0x7C, 0x72, 0x5A, 0xB6, 0xBA, 0x66, 0x8D,
    0xBC, 0x22, 0x77, 0xCE, 0xBB, 0xA2, 0x05, 0x88, 0x3C, 0xBB, 0xF4, 0xC6, 0xF4, 0x6B, 0x8E, 0x80,
    0xBC, 0xB9, 0xE4, 0xBA, 0x14, 0x4A, 0xB5, 0x64, 0xB5, 0xF1, 0xDC, 0xC4, 0x8D, 0x24, 0xBE, 0x91,
    0x03, 0xFE, 0xB9, 0x16, 0xDF, 0xD4, 0x70, 0x87, 0x8C, 0x92, 0x40, 0xFE, 0x49, 0xC6, 0x6C, 0x95,
    0xD7, 0x1E, 0x39, 0x98, 0x06, 0x19, 0x75, 0xD6, 0xD3, 0xE2, 0x31, 0x78, 0x4F, 0x4E, 0x02, 0xD2,
    0x07, 0x12, 0xBA, 0xF9, 0x30, 0x04, 0xAD, 0xA0, 0xE4, 0xE8, 0x6B, 0xF4, 0xFD, 0x7A, 0xB5, 0x9C,
    0xBC, 0xF5, 0xBC, 0x3F, 0x2A, 0xB2, 0x94, 0x97, 0x48, 0x6B, 0x45, 0x09, 0xCD, 0x12, 0x25, 0xDB,
    0x95, 0x97, 0x94, 0xE7, 0x99, 0xBB, 0x5F, 0xFB, 0xF2, 0x92, 0xC8, 0xD7, 0x48, 0xD9, 0x3E, 0xB4,
    0x69, 0x88, 0x52, 0x48, 0x97, 0x64, 0x64, 0xD0, 0x78, 0xB7, 0x81, 0xB5, 0xCE, 0x3D, 0x52, 0x48,
    0x7D, 0x17, 0x4D, 0xCF, 0xCE, 0x73, 0x09, 0x43, 0x01, 0x25, 0x91, 0xDE, 0xB2, 0x92, 0xE2, 0x7C,
    0x24, 0x2E, 0x1E, 0x9E, 0x61, 0x60, 0x79, 0x79, 0xC5, 0x74, 0x0E, 0x77, 0x24, 0xD3, 0x5A, 0x36,
    0x7C, 0xF8, 0x19, 0xA1, 0xCB, 0x89, 0x56, 0x58, 0xFB, 0x5A, 0x92, 0x24, 0x4F, 0xFD, 0x92, 0xAC,
    0x0D, 0x49, 0xD0, 0xC3, 0x4E, 0x0E, 0x1B, 0x2F, 0xE5, 0x69, 0xF4, 0x18, 0x0A, 0xAF, 0xA3, 0x6B,
    0xAA, 0xAD, 0x8F, 0xA0, 0x65, 0x80, 0xAC, 0x84, 0x3C, 0x45, 0x2E, 0xD1, 0x46, 0x6F, 0x81, 0x06,
    0xEB, 0x23, 0xF7, 0xB7, 0xEC, 0x03, 0xE0, 0xBB, 0xAF, 0xBD, 0xEC, 0x1B, 0xD1, 0x40, 0x0D, 0xA4,
    0xE8, 0xCB, 0xA0, 0x7D, 0x24, 0x4A, 0x1D, 0xA9, 0x8B, 0x8D, 0xD0, 0x0B, 0x72, 0x13, 0xA5, 0x5F,
    0xD1, 0xC2, 0xA1, 0x0D, 0x4A, 0x81, 0x00, 0x4D, 0x95, 0xBC, 0x9C, 0x21, 0x6D, 0xE5, 0x50, 0xFC,
    0x59, 0xC8, 0xCB, 0xA6, 0xBC, 0xF7, 0x2C, 0xD0, 0x7B, 0xBE, 0x89, 0x97, 0x1D, 0x34, 0xB8, 0xB4,
    0xA0, 0x37, 0x75, 0x1D, 0x34, 0xE9, 0xC1, 0x1A, 0x0B, 0xBC, 0xE1, 0x2B, 0xF7, 0x1C, 0xD2, 0x1F,
    0xE6, 0x59, 0x40, 0x2E, 0x14, 0x5C, 0x32, 0x68, 0x79, 0xEF, 0x03, 0x36, 0x94, 0x8A, 0xA9, 0x5F,
    0x22, 0x25, 0xA1, 0x25, 0xA7, 0xC8, 0xA5, 0xD7, 0x1F, 0xBE, 0xA9, 0x5E, 0x7D, 0x20, 0x3B, 0x1B,
    0x1E, 0x02, 0xA3, 0x97, 0x7E, 0xDE, 0x18, 0x60, 0xEA, 0x4F, 0xBB, 0xF8, 0x9A, 0x0A, 0xC0, 0xEB,
    0xA7, 0x00, 0x08, 0x72, 0x61, 0xAD, 0x3F, 0xD1, 0x03, 0x06, 0xED, 0x93, 0x12, 0xA4, 0x1C, 0x09,
    0x9C, 0x5C, 0xF2, 0x52, 0xCB, 0xCB, 0x6A, 0xC8, 0x73, 0x28, 0x34, 0xD4, 0x43, 0x9F, 0x53, 0x70,
    0xAB, 0x59, 0xBD, 0x75, 0xCB, 0xD7, 0x5E, 0x52, 0xB0, 0xA4, 0x98, 0xD2, 0xC4, 0xEB, 0xAF, 0x78,
    0x1D, 0x8A, 0x11, 0x60, 0x11, 0xC8, 0x6E, 0x3B, 0x72, 0x64, 0xE4, 0xB0, 0x6F, 0x3F, 0x2B, 0x96,
    0xAF, 0xE5, 0x1E, 0x7E, 0x74, 0x7D, 0x39, 0x19, 0x99, 0x8E, 0xE1, 0xD8, 0xD6, 0xB4, 0x86, 0x69,
    0x19, 0xFD, 0xE5, 0x21, 0x86, 0x1C, 0x79, 0x3A, 0xF9, 0xA5, 0x1A, 0x7A, 0xF6, 0xD0, 0x63, 0x89,
    0xA1, 0xE4, 0x79, 0x2B, 0xCE, 0xC8, 0x23, 0x23, 0x69, 0x1D, 0xC9, 0x91, 0x04, 0x25, 0x6F, 0x6F,
    0x79, 0x09, 0x45, 0x8A, 0x1C, 0x8A, 0x64, 0x49, 0xEF, 0xCA, 0x5B, 0x71, 0x1F, 0xB4, 0xFD, 0x5E,
    0xE3, 0xFE, 0x6B, 0xFB, 0xED, 0xB7, 0xC3, 0x79, 0xF2, 0xFD, 0x10, 0xE5, 0x90, 0x83, 0xDF, 0xEE,
    0x31, 0xE4, 0x42, 0x8E, 0xCE, 0xCA, 0xE4, 0xED, 0xAC, 0x5E, 0xA4, 0xC8, 0x57, 0x61, 0x5B, 0x8A,
    0x7A, 0x37, 0x35, 0xDB, 0xE9, 0xE1, 0x28, 0x98, 0x0E, 0xB4, 0x97, 0x79, 0xD6, 0xA9, 0xA0, 0x87,
    0x65, 0x28, 0x25, 0xDD, 0x6D, 0x39, 0xEC, 0xFD, 0xF6, 0x7B, 0x25, 0x7A, 0xC8, 0xDF, 0x15, 0x75,
    0x9F, 0xB2, 0x1E, 0x2A, 0xA6, 0xE2, 0xDB, 0x51, 0x5B, 0x6A, 0x81, 0x91, 0x20, 0x52, 0x3C, 0xE4,
    0x9C, 0x6F, 0x51, 0xF2, 0x64, 0x92, 0x52, 0xF4, 0x80, 0x33, 0x23, 0xA4, 0x8C, 0xFC, 0x50, 0x64,
    0x1F, 0x98, 0x01, 0x15, 0x25, 0x80, 0xA5, 0xC4, 0x2B, 0xB2, 0xBD, 0x3C, 0xEB, 0xC8, 0x24, 0x2F,
    0xFD, 0x9D, 0x7A, 0x08, 0x72, 0x0B, 0x44, 0x2D, 0x79, 0x29, 0xF4, 0x7F, 0xA8, 0xD5, 0x32, 0x68,
    0xE9, 0x75, 0x08, 0x48, 0x7A, 0xC9, 0x5B, 0x9E, 0x53, 0xB2, 0x25, 0x14, 0x12, 0xBA, 0xA6, 0x5A,
    0x22, 0x87, 0x22, 0x6B, 0xE8, 0x31, 0xF5, 0x39, 0xE4, 0x9F, 0x39, 0xC4, 0x92, 0x24, 0xBB, 0x05,
    0x49, 0x06, 0xA7, 0xF2, 0x16, 0x69, 0x35, 0xAB, 0xB2, 0xB4, 0x36, 0xCA, 0xFF, 0x51, 0x3D, 0xCB,
    0x65, 0xD8, 0xB3, 0x5D, 0xC2, 0x1F, 0xBB, 0xB2, 0x8E, 0x55, 0x71, 0x49, 0x3C, 0x35, 0xAB, 0x60,
    0x57, 0x2D, 0x7A, 0x57, 0xB5, 0xAA, 0x28, 0xC9, 0x57, 0x05, 0x49, 0x2D, 0xCD, 0x6B, 0xD9, 0x5E,
    0xF7, 0x59, 0xF2, 0x6F, 0x16, 0x9A, 0xA7, 0x2D, 0xBC, 0xA4, 0xF6, 0x1E, 0x32, 0x64, 0x25, 0x92,
    0x76, 0x7A, 0x8B, 0x07, 0xB5, 0xE4, 0xAD, 0x48, 0x7B, 0xCD, 0xBC, 0x74, 0x36, 0xE3, 0x4C, 0x75,
    0x66, 0xEE, 0x1F, 0x14, 0xD4, 0x56, 0x40, 0x2F, 0xE4, 0x85, 0xA2, 0x5A, 0x64, 0x1B, 0x7B, 0x98,
    0x0F, 0xA2, 0x24, 0x72, 0xB0, 0xA6, 0xBC, 0xBC, 0x75, 0xFE, 0xF8, 0x5A, 0x03, 0x9B, 0x5A, 0xD1,
    0x5F, 0xA7, 0xA8, 0x96, 0xE2, 0x2E, 0x9E, 0xA7, 0x7C, 0xFB, 0x27, 0xE7, 0xFB, 0x08, 0xAB, 0xF7,
    0x11, 0x50, 0x33, 0xFE, 0xD7, 0x61, 0x44, 0xA1, 0xF3, 0xC3, 0xE4, 0xA0, 0xE4, 0x9F, 0xE7, 0x1F,
    0x56, 0x21, 0x14, 0x79, 0xC9, 0xC5, 0x7A, 0x95, 0x7A, 0xB5, 0x58, 0x2A, 0x8D, 0x54, 0xCC, 0x16,
    0x6F, 0x61, 0x2D, 0x0D, 0x9C, 0x7E, 0x7D, 0x61, 0xB5, 0xC3, 0xB3, 0x15, 0x4D, 0x7A, 0x91, 0x94,
    0x34, 0xF1, 0xFF, 0x82, 0xF4, 0x4F, 0xCA, 0x7B, 0xA4, 0xEC, 0x67, 0x86, 0x1D, 0xD2, 0x9F, 0x48,
    0x94, 0xD3, 0x51, 0x44, 0x82, 0x40, 0x7A, 0x95, 0xFC, 0x15, 0xE0, 0xB4, 0x91, 0xBA, 0x51, 0xBC,
    0x61, 0x90, 0x3E, 0x88, 0x1A, 0x8C, 0xA0, 0xDF, 0x90, 0x91, 0xCB, 0x3C, 0xDB, 0xF0, 0x16, 0xE9,
    0x74, 0x3C, 0x08, 0x81, 0x38, 0xAF, 0x73, 0x4B, 0x7F, 0xDD, 0x92, 0x32, 0xDA, 0x2B, 0xBC, 0x86,
    0x3F, 0xBC, 0x04, 0x09, 0xE9, 0xA5, 0x9F, 0x0A, 0xCC, 0x22, 0xA9, 0x25, 0xDB, 0x80, 0x7C, 0x70,
    0xD6, 0x77, 0xC2, 0xD7, 0xFF, 0x06, 0x2E, 0x29, 0x26, 0xAC, 0xB6, 0x9A, 0x84, 0xBC, 0x91, 0x17,
    0x19, 0x35, 0xDB, 0x8D, 0x16, 0xA5, 0x45, 0x7C, 0xDF, 0xF2, 0x4F, 0xE4, 0x90, 0xDE, 0x51, 0xFE,
    0x2F, 0x89, 0x01, 0x1D, 0x4C, 0x3C, 0x63, 0x5E, 0xA7, 0x24, 0x51, 0xAC, 0xBE, 0xF7, 0x00, 0xF8,
    0xF9, 0x18, 0x25, 0x29, 0x3A, 0xDA, 0xDB, 0xBE, 0xE7, 0x1E, 0x9F, 0xE8, 0xFA, 0x79, 0x85, 0x45,
    0x6F, 0x3C, 0xBD, 0x42, 0x5E, 0xBD, 0x8E, 0xA6, 0x33, 0xF8, 0xEC, 0x01, 0xF2, 0x62, 0xF6, 0xCD,
    0x51, 0xD0, 0xD6, 0xF7, 0xAA, 0x7E, 0x0E, 0x3D, 0xF2, 0xC0, 0x10, 0xCF, 0x91, 0xF4, 0x8E, 0x8E,
    0xF4, 0xFA, 0xDF, 0x42, 0xF3, 0xCA, 0x03, 0x9D, 0x99, 0xFE, 0xE2, 0x7D, 0xC1, 0x44, 0x94, 0x1C,
    0x5E, 0x67, 0x4C, 0x51, 0xEF, 0x9C, 0x9E, 0x42, 0xF7, 0x27, 0x7E, 0xDF, 0x27, 0x3A, 0xD6, 0xCF,
    0x18, 0xB9, 0xE8, 0x43, 0x7D, 0xD1, 0x64, 0x30, 0x78, 0xF6, 0xDB, 0x99, 0x87, 0x8D, 0xF1, 0xF8,
    0xFB, 0x93, 0x0F, 0x69, 0xDC, 0x33, 0x1C, 0x8C, 0x9E, 0xF0, 0x68, 0x9E, 0x44, 0x87, 0x17, 0x5E,
    0xF1, 0xD3, 0xA1, 0xF6, 0xAE, 0x60, 0x8E, 0x68, 0x15, 0x52, 0xA0, 0xA0, 0x44, 0xCB, 0xBA, 0xAC,
    0xB1, 0x82, 0xFA, 0x44, 0x96, 0xB3, 0xF8, 0x2A, 0x90, 0x90, 0x91, 0xFA, 0x4D, 0x99, 0x33, 0xA7,
    0x53, 0x86, 0xC8, 0x9D, 0xF8, 0xB7, 0x54, 0xEC, 0xC7, 0xE3, 0x3C, 0xC2, 0x2C, 0xA2, 0xCF, 0x77,
    0xD0, 0xB4, 0x9E, 0xF8, 0x44, 0x62, 0x72, 0x49, 0xD1, 0x9B, 0x73, 0x22, 0xE9, 0x73, 0xC4, 0xFA,
    0x7C, 0x17, 0x5B, 0x9B, 0xEC, 0xF2, 0xBA, 0x86, 0xAD, 0x2F, 0xB6, 0xAF, 0xE1, 0x1A, 0x16, 0x15,
    0xDB, 0xBD, 0x5C, 0x52, 0xE4, 0xB6, 0x97, 0x20, 0xCE, 0x0A, 0xE6, 0x5D, 0x43, 0x46, 0xBF, 0xCE,
    0x7F, 0xB4, 0x44, 0xCB, 0x0A, 0x79, 0x46, 0xF2, 0x49, 0x4F, 0xDE, 0x57, 0xFD, 0xBB, 0x15, 0x4F,
    0xEE, 0x15, 0x4F, 0x72, 0x71, 0xB9, 0x44, 0x0C, 0x4E, 0x17, 0x34, 0x74, 0x5B, 0x97, 0x57, 0x45,
    0x8A, 0x14, 0xB2, 0x96, 0x97, 0x47, 0x45, 0x64, 0xEC, 0x01, 0xD6, 0xDE, 0x91, 0x91, 0x7E, 0xA7,
    0x66, 0x22, 0x11, 0x3A, 0x57, 0xA7, 0x27, 0x56, 0xBC, 0xAD, 0x7F, 0x78, 0x91, 0xA4, 0xD7, 0x49,
    0x7E, 0xA5, 0xAC, 0xAD, 0xDF, 0x5B, 0x76, 0x48, 0xE4, 0xED, 0x01, 0xE5, 0xFD, 0x1F, 0xB5, 0x98,
    0x59, 0x8A, 0x23, 0x5B, 0x0C, 0x44, 0x0F, 0xE8, 0xD7, 0xA0, 0xAD, 0x78, 0x01, 0x09, 0xB1, 0x75,
    0x81, 0x17, 0xE0, 0xAD, 0x08, 0xEA, 0x57, 0x10, 0x2F, 0xF3, 0x3A, 0x5D, 0xC6, 0xFD, 0xA6, 0xEE,
    0xEA, 0xAE, 0xBC, 0x8A, 0x73, 0x73, 0x92, 0x22, 0x87, 0x1A, 0x64, 0x23, 0x8C, 0x11, 0x00, 0xDB,
    0x39, 0x84, 0xF0, 0x63, 0x94, 0xCB, 0x90, 0x45, 0x56, 0xB8, 0xD3, 0xA3, 0x92, 0xB0, 0x8F, 0xE0,
    0x15, 0x75, 0x91, 0x9D, 0x9E, 0x70, 0x31, 0xD0, 0x20, 0x13, 0x76, 0xE5, 0x64, 0x9F, 0xA3, 0xB2,
    0x21, 0x07, 0x64, 0x2F, 0x95, 0x81, 0x97, 0x3A, 0x26, 0x3A, 0xEC, 0xD6, 0xA9, 0x2B, 0x97, 0xB1,
    0xE5, 0xD1, 0x6D, 0x14, 0x23, 0x16, 0x63, 0x6D, 0x7A, 0x6C, 0x35, 0x17, 0x3B, 0xDC, 0x0B, 0x6A,
    0x44, 0x36, 0x43, 0x0C, 0x4D, 0x38, 0x1A, 0x1C, 0x85, 0x7C, 0x1F, 0x64, 0xCF, 0xA7, 0xFB, 0x73,
    0x33, 0x86, 0x13, 0x79, 0xC0, 0xAE, 0x07, 0xE6, 0x73, 0x01, 0x5E, 0x1B, 0xA8, 0x09, 0x0F, 0xD1,
    0x43, 0xB6, 0xC9, 0x35, 0x3F, 0xAB, 0x16, 0xE3, 0x66, 0xD2, 0x38, 0x5C, 0xC7, 0x50, 0x67, 0xA7,
    0xB3, 0xC3, 0xB7, 0x42, 0x2E, 0xD2, 0xCB, 0x2E, 0x6B, 0x1E, 0xB9, 0xB7, 0x5D, 0x6E, 0xC2, 0x85,
    0xA2, 0x7D, 0x6F, 0x67, 0x2B, 0x9A, 0x74, 0x81, 0x97, 0x13, 0x3A, 0x4E, 0xBB, 0x97, 0xD2, 0xB7,
    0xDE, 0x74, 0xAB, 0x1D, 0xF4, 0x01, 0x7A, 0x0E, 0x6C, 0x2F, 0xA8, 0xBA, 0xD7, 0x79, 0x19, 0x8E,
    0x5A, 0xB9, 0xD8, 0xC3, 0xAA, 0x97, 0x8D, 0x4C, 0x8B, 0x11, 0x08, 0x99, 0xD1, 0x11, 0x76, 0xEB,
    0xDE, 0x4C, 0x46, 0x6F, 0x59, 0xA3, 0x5B, 0x3B, 0xDB, 0xAA, 0x9D, 0xBA, 0x75, 0xF6, 0xC4, 0x88,
    0xEB, 0xC5, 0x1E, 0x7B, 0xE0, 0x19, 0x61, 0xE4, 0xBA, 0x66, 0xCF, 0xC7, 0x8A, 0x3C, 0xB8, 0x5D,
    0x4B, 0xAE, 0x18, 0x6C, 0x5B, 0xED, 0xE9, 0x6D, 0x36, 0x8F, 0xFA, 0x33, 0xED, 0x2C, 0x33, 0xBC,
    0x02, 0xE0, 0xDC, 0x9F, 0x83, 0x5C, 0x93, 0xB5, 0x65, 0x91, 0x85, 0xC0, 0x44, 0x93, 0xD5, 0x8A,
    0x96, 0x6B, 0x8F, 0x1C, 0xFC, 0xBA, 0x0F, 0x72, 0x8E, 0xC0, 0xA0, 0x2A, 0x61, 0xA3, 0x21, 0x2A,
    0x3B, 0x4B, 0x0C, 0x57, 0xFC, 0xB3, 0x23, 0xCC, 0xE3, 0xA2, 0x77, 0x01, 0x3F, 0x2A, 0x46, 0x9D,
    0xBB, 0x34, 0xC2, 0xFF, 0x20, 0xED, 0xCA, 0x5D, 0xB1, 0x0B, 0xFE, 0x47, 0xE9, 0xA5, 0x35, 0xCA,
    0x24, 0xAA, 0xE8, 0x5B, 0xBB, 0x55, 0x94, 0xCB, 0x95, 0x6F, 0xC3, 0xE3, 0x89, 0x46, 0xC6, 0x59,
    0x93, 0x3D, 0xB1, 0x22, 0xF7, 0x38, 0x1F, 0x49, 0x6F, 0x4C, 0xA2, 0x2C, 0xDD, 0xD6, 0xEE, 0x76,
    0x7E, 0x8C, 0x6E, 0xAD, 0xAC, 0x11, 0x7D, 0x81, 0x02, 0x70, 0x11, 0x7D, 0x30, 0x9B, 0xAC, 0x33,
    0xC4, 0x8B, 0x43, 0x67, 0x45, 0xE7, 0xA2, 0x76, 0x66, 0xA9, 0x3D, 0x59, 0x1F, 0x3B, 0x15, 0xB7,
    0x86, 0x79, 0x30, 0xA3, 0x89, 0x96, 0x4D, 0x76, 0x1E, 0x5C, 0xA5, 0xC5, 0xC1, 0xE2, 0x65, 0x76,
    0xBA, 0x9D, 0x5E, 0xA7, 0x13, 0xAF, 0x69, 0xD4, 0x1C, 0x66, 0xF6, 0x9A, 0x5A, 0x64, 0xE5, 0xAD,
    0xC5, 0xE1, 0xCA, 0x31, 0x09, 0x0C, 0x0C, 0x31, 0x6B, 0xCA, 0x66, 0x59, 0xC5, 0x2A, 0x3C, 0x8F,
    0xC2, 0x36, 0x08, 0x6C, 0x72, 0x00, 0xB0, 0xC1, 0xD0, 0x82, 0x81, 0x11, 0xD1, 0x80, 0xC8, 0x82,
    0x9C, 0xE7, 0x24, 0x36, 0x30, 0x8E, 0x01, 0xD5, 0xE4, 0x50, 0x8A, 0xCE, 0xC1, 0x8E, 0xDE, 0x06,
    0x4D, 0x56, 0x0F, 0x20, 0x1E, 0x53, 0xD4, 0x00, 0x93, 0x76, 0xC1, 0x84, 0xCF, 0x9B, 0x1C, 0xC8,
    0x5A, 0x93, 0x40, 0xB5, 0x82, 0x73, 0xD1, 0x19, 0xE1, 0xE5, 0xD8, 0xA8, 0x2E, 0x2E, 0x1B, 0xAB,
    0x24, 0x4F, 0xB8, 0x48, 0x80, 0xAC, 0x03, 0x03, 0x60, 0x80, 0xE4, 0x5C, 0xC2, 0x2F, 0x14, 0xE4,
    0x82, 0x0A, 0x94, 0x7D, 0x62, 0x3B, 0x30, 0x31, 0x27, 0xEC, 0x21, 0x6C, 0x13, 0x8D, 0xC9, 0xC2,
    0xB5, 0xE0, 0x09, 0xCF, 0x02, 0x44, 0x3D, 0x3D, 0x5D, 0x10, 0x03, 0x44, 0x7D, 0xAF, 0xE5, 0xBC,
    0x17, 0xBD, 0x17, 0x6C, 0x34, 0xC0, 0xB7, 0xFA, 0x66, 0x15, 0x68, 0x1A, 0xAE, 0x3E, 0x90, 0xF5,
    0xED, 0x96, 0x8A, 0x06, 0xDF, 0x07, 0x74, 0x6F, 0xD6, 0xE6, 0x77, 0x5B, 0x86, 0x39, 0x9F, 0x69,
    0x46, 0x9D, 0x6B, 0x61, 0xBE, 0xDD, 0x37, 0x6D, 0x9B, 0xE7, 0xC4, 0xB8, 0x04, 0xD1, 0xAE, 0x3C,
    0xA7, 0x22, 0xCB, 0x05, 0x6B, 0x2A, 0x48, 0x7C, 0x2B, 0x90, 0xED, 0xD7, 0x34, 0x8F, 0x9D, 0x8D,
    0xAB, 0x88, 0x63, 0x8A, 0x8A, 0x65, 0xF7, 0x30, 0xD4, 0xB2, 0xB4, 0xCF, 0x09, 0x34, 0x5B, 0xD8,
    0x93, 0x13, 0xA3, 0x66, 0x54, 0x6C, 0x2E, 0xAE, 0x06, 0x3E, 0x55, 0x0F, 0xA9, 0xB9, 0x68, 0x70,
    0x7A, 0x25, 0x37, 0x39, 0x10, 0x05, 0x31, 0x80, 0xE0, 0x22, 0xD0, 0x40, 0x36, 0x34, 0x30, 0x67,
    0x81, 0x2C, 0xA0, 0x01, 0xB0, 0xDD, 0x87, 0xB2, 0xE3, 0x14, 0xBB, 0x36, 0x96, 0x3C, 0x4B, 0x9F,
    0xDB, 0xCD, 0xA1, 0xD9, 0xB5, 0xCE, 0x7D, 0xE6, 0xC2, 0x40, 0x3C, 0xFB, 0x90, 0x82, 0x8D, 0x3F,
    0x57, 0x3B, 0x0B, 0xD4, 0xB0, 0x6C, 0x86, 0xA8, 0x04, 0xFE, 0x5C, 0xFD, 0x68, 0x91, 0xE3, 0xA5,
    0x68, 0xFD, 0xD1, 0xDA, 0x1B, 0x42, 0x95, 0xCD, 0x06, 0xB6, 0x9D, 0xFD, 0x6F, 0xC3, 0xB6, 0xD9,
    0x70, 0x38, 0x3B, 0xF9, 0x99, 0xB3, 0xA3, 0xC8, 0x46, 0x83, 0x45, 0x67, 0x01, 0x80, 0x7D, 0x44,
    0xF6, 0x4F, 0x85, 0x7D, 0x84, 0xA2, 0x9D, 0xCF, 0x06, 0x0D, 0x00, 0xF9, 0xEC, 0x76, 0x7E, 0x26,
    0xE4, 0x5A, 0xE1, 0x62, 0xC7, 0x10, 0x13, 0x2B, 0x57, 0x0B, 0xBD, 0x23, 0x1F, 0x90, 0x27, 0xDB,
    0x07, 0x62, 0x78, 0xC3, 0x79, 0xB2, 0x77, 0x84, 0x3F, 0xDB, 0x58, 0xF8, 0xEF, 0x3F, 0x6F, 0x1E,
    0x3C, 0x36, 0x9E, 0x34, 0x59, 0xE9, 0xFA, 0x44, 0xEF, 0xB8, 0xCF, 0x8E, 0xDB, 0x82, 0x77, 0x94,
    0xEF, 0x4F, 0xE8, 0x3C, 0xF3, 0x44, 0xB8, 0x3C, 0x9C, 0x20, 0x01, 0x54, 0x07, 0x1A, 0x88, 0x01,
    0xD8, 0x38, 0x97, 0x34, 0x60, 0x37, 0x39, 0x39, 0x64, 0x63, 0x54, 0xB8, 0x76, 0xA8, 0xBC, 0xC0,
    0x3B, 0xEA, 0x09, 0x15, 0x46, 0x8D, 0x1F, 0xB9, 0x61, 0x37, 0xC8, 0xC0, 0xE9, 0x09, 0xE0, 0xA7,
    0x65, 0xF2, 0xBD, 0x96, 0xFD, 0x69, 0x64, 0x40, 0x2A, 0x98, 0x28, 0xE0, 0x7B, 0x7D, 0x45, 0x81,
    0xBA, 0xE1, 0xC3, 0x05, 0x57, 0xF1, 0xED, 0x96, 0x93, 0x05, 0x56, 0x83, 0xB3, 0xD7, 0xE6, 0xB7,
    0x5B, 0x52, 0x5B, 0x94, 0xB3, 0xE5, 0x4A, 0x13, 0x43, 0x1A, 0xB9, 0x9C, 0x7D, 0x89, 0x22, 0x9D,
    0x8D, 0xBD, 0xD2, 0x4C, 0x76, 0x18, 0x55, 0x1C, 0x96, 0xE9, 0x72, 0x49, 0x65, 0xE6, 0x40, 0xEF,
    0x88, 0xDA, 0x71, 0x67, 0x87, 0x77, 0x68, 0xDE, 0x2C, 0x65, 0x37, 0x23, 0xC3, 0x7F, 0xB7, 0x59,
    0x36, 0xEE, 0x85, 0x6C, 0xC4, 0x17, 0x30, 0x0C, 0x61, 0x0F, 0xBC, 0xEE, 0x92, 0x28, 0x40, 0x3F,
    0xB4, 0x59, 0xDF, 0x69, 0xF9, 0xD6, 0x66, 0xF1, 0xDE, 0x66, 0x7D, 0xAB, 0xEF, 0xAB, 0xE7, 0xF1,
    0x7B, 0xCF, 0xF3, 0xDD, 0x4F, 0x37, 0xFB, 0xF3, 0x11, 0xBF, 0x3F, 0xDD, 0x9B, 0x7B, 0x21, 0x9F,
    0x7F, 0x68, 0x09, 0x33, 0xB0, 0xA0, 0x5B, 0x83, 0x3E, 0x0A, 0xD2, 0xF5, 0x7C, 0x60, 0xF3, 0x2F,
    0x90, 0xFB, 0x01, 0xBB, 0x96, 0xB2, 0x21, 0xED, 0x43, 0x9D, 0x8F, 0x31, 0xD9, 0x71, 0x2A, 0x77,
    0xA9, 0xD3, 0xAE, 0x5D, 0x64, 0xB3, 0xF4, 0xCC, 0x7D, 0xFD, 0x3E, 0xC5, 0xE4, 0xEB, 0x0F, 0x7C,
    0x3F, 0x91, 0x85, 0x3B, 0xC1, 0x2D, 0xC8, 0xF6, 0x42, 0xEF, 0x90, 0x77, 0xA4, 0x2B, 0x9B, 0x85,
    0xEC, 0xFC, 0xA8, 0x2C, 0x7D, 0x4C, 0x96, 0x3F, 0x6C, 0xFC, 0x71, 0x1F, 0xA2, 0x1E, 0x76, 0xD1,
    0xC0, 0x00, 0x02, 0x02, 0x00, 0xC2, 0x85, 0xDC, 0x4C, 0x0E, 0x8E, 0x81, 0x5D, 0xE9, 0x41, 0x1E,
    0x7C, 0x1B, 0x1C, 0xA7, 0xEE, 0x83, 0xE6, 0x30, 0x71, 0x3D, 0x0A, 0x16, 0xE8, 0x10, 0xD0, 0x40,
    0xFD, 0x46, 0xBD, 0x0D, 0xF0, 0x23, 0x37, 0xEF, 0x85, 0x68, 0x2E, 0x5C, 0xBF, 0x5C, 0x2F, 0xFB,
    0x4A, 0xCE, 0xC6, 0xE6, 0xE6, 0x92, 0x05, 0xF0, 0xF5, 0x5A, 0xB7, 0x46, 0xB7, 0x59, 0x3A, 0xD6,
    0x7F, 0xA7, 0x16, 0x86, 0xB8, 0x15, 0x79, 0x2A, 0xCC, 0x6F, 0xD5, 0x0B, 0xE3, 0x92, 0xEF, 0xEE,
    0x49, 0xDF, 0xC6, 0xE1, 0x98, 0x6B, 0x4C, 0x4C, 0xDA, 0x1E, 0x1D, 0x38, 0x52, 0x71, 0xF8, 0x81,
    0xCD, 0x77, 0xDB, 0xB2, 0xDC, 0x39, 0x61, 0x70, 0xA5, 0x47, 0x6D, 0x95, 0x8D, 0xCD, 0x66, 0x38,
    0xA3, 0x50, 0x2B, 0xED, 0x70, 0xB3, 0x81, 0x8A, 0x5B, 0x87, 0x1B, 0x17, 0x4D, 0xEC, 0x31, 0x20,
    0xC8, 0x22, 0x80, 0x67, 0xA9, 0x9B, 0x85, 0x8D, 0xCF, 0xE5, 0x2C, 0x95, 0xAF, 0x2F, 0x03, 0xA3,
    0x8F, 0xC8, 0x46, 0xC5, 0xC0, 0xF5, 0x57, 0x72, 0x05, 0x2E, 0x5C, 0xF1, 0xD1, 0x59, 0x13, 0x5C,
    0x7F, 0x3E, 0x37, 0x6B, 0xF2, 0xC3, 0x47, 0xD4, 0xC0, 0x2F, 0x98, 0x6E, 0xE0, 0xCF, 0x1B, 0x6D,
    0x28, 0x00, 0xCD, 0x11, 0xF9, 0x7F, 0xDD, 0x1D, 0x1D, 0x9D, 0x9D, 0xB5, 0x71, 0x05, 0xDC, 0x6E,
    0xFD, 0x73, 0x03, 0xDB, 0xC4, 0x90, 0x46, 0x62, 0xA2, 0xAE, 0x14, 0x90, 0x3E, 0x22, 0x0C, 0xFF,
    0x12, 0xE9, 0xDE, 0x43, 0x59, 0x67, 0x1B, 0x9A, 0x05, 0xFC, 0x7C, 0x22, 0x5C, 0xC8, 0x16, 0x6B,
    0x55, 0x4D, 0x78, 0xA0, 0x0C, 0x88, 0xB0, 0x2A, 0xED, 0x52, 0xB9, 0x16, 0xF9, 0x07, 0x95, 0x0E,
    0x92, 0x1E, 0xC2, 0x05, 0x0E, 0xF0, 0xAD, 0xE2, 0x6E, 0xA8, 0xE1, 0xB9, 0xF8, 0x66, 0x7C, 0x77,
    0xE5, 0xA8, 0xF3, 0x7F, 0x86, 0x47, 0x3E, 0x44, 0x43, 0x0C, 0x70, 0x48, 0x40, 0x16, 0x70, 0x08,
    0x70, 0x93, 0x3E, 0xAF, 0xA0, 0x76, 0xA2, 0x7E, 0xD7, 0x79, 0xA4, 0x4D, 0xDA, 0x84, 0x1B, 0x68,
    0x88, 0x86, 0x3C, 0x54, 0xB0, 0x01, 0x57, 0xBE, 0x5E, 0x2F, 0x01, 0x15, 0xB8, 0x89, 0x8F, 0x26,
    0x6B, 0x23, 0xB8, 0x7C, 0xB9, 0x5E, 0xCC, 0x85, 0x70, 0x92, 0x1A, 0x22, 0x1A, 0xE0, 0xEB, 0xB5,
    0x7A, 0xC8, 0xF6, 0x52, 0xF4, 0xFC, 0x56, 0x2D, 0x86, 0x58, 0xF1, 0xC3, 0xF7, 0xB2, 0xF0, 0x7E,
    0xC8, 0x1F, 0xFD, 0x2A, 0xED, 0x72, 0xB8, 0x9D, 0x87, 0xD4, 0xDE, 0x76, 0xF5, 0xAB, 0xB4, 0x6C,
    0xDA, 0xEF, 0x1F, 0xAB, 0x7F, 0x7C, 0xC5, 0xAE, 0xC7, 0xD0, 0x7F, 0x8D, 0x56, 0xA5, 0xDD, 0xE9,
    0xFB, 0x84, 0x73, 0xFE, 0xE5, 0x15, 0x7F, 0xB9, 0xDE, 0xDB, 0x2B, 0xEE, 0x21, 0x4B, 0x04, 0x97,
    0x2F, 0xD7, 0xFB, 0x97, 0xD7, 0xF2, 0xC5, 0x7B, 0xDD, 0x00, 0x03, 0x73, 0xDE, 0x73, 0x41, 0x9C,
    0xF5, 0x9C, 0x63, 0x6B, 0xCE, 0x8F, 0xDF, 0x15, 0x93, 0x87, 0xC0, 0x87, 0x36, 0xD0, 0xA1, 0x01,
    0xBD, 0x9E, 0xD5, 0xA1, 0x2D, 0xC1, 0x02, 0x9F, 0x87, 0x7C, 0x2A, 0xFF, 0x26, 0x3F, 0xAE, 0x65,
    0xF2, 0xF0, 0xF8, 0x17, 0xAD, 0xA3, 0x3F, 0xB6, 0x3B, 0xEF, 0x2D, 0xCF, 0x64, 0x85, 0xB5, 0xC4,
    0x64, 0xC1, 0x9F, 0xBD, 0xFE, 0xBF, 0x00, 0xBD, 0x9A, 0x5B, 0x8A, 0xF3, 0xBA, 0x12, 0x85, 0x3F,
    0xA8, 0xD7, 0x86, 0x9A, 0x4A, 0x06, 0x60, 0xA8, 0xA9, 0x17, 0x64, 0x00, 0x99, 0x4A, 0x41, 0x5E,
    0x0B, 0xD6, 0xF9, 0x25, 0xCB, 0x98, 0x64, 0xEF, 0xEC, 0xBE, 0xFC, 0x9D, 0x23, 0x6B, 0x7D, 0xC2,
    0x97, 0xB6, 0x56, 0xC9, 0x2D, 0x47, 0x96, 0x4D, 0xA8, 0x98, 0x78, 0x4E, 0xA6, 0x13, 0x09, 0x3E,
    0x11, 0x09, 0xE1, 0xB5, 0xB0, 0x0D, 0xB4, 0xF5, 0x82, 0xD4, 0x98, 0x24, 0xAC, 0x10, 0x9E, 0x28,
    0x27, 0xD4, 0xA6, 0x9E, 0x70, 0x15, 0x43, 0x67, 0x1D, 0x39, 0xEB, 0x6E, 0x6F, 0x64, 0x0D, 0xD6,
    0xB8, 0x9A, 0x50, 0xA3, 0x6B, 0x23, 0x5B, 0xBA, 0x35, 0xD1, 0x4A, 0x2F, 0x25, 0x1F, 0x24, 0x6C,
    0x14, 0x84, 0xD5, 0x32, 0x66, 0x7A, 0xBB, 0xF7, 0x8D, 0x0B, 0x4E, 0xE1, 0xD7, 0xC2, 0x95, 0xA0,
    0xBF, 0x88, 0xE1, 0xD9, 0x60, 0x2C, 0x9C, 0xDE, 0x26, 0x4E, 0x6F, 0x1C, 0xDE, 0xB0, 0x7C, 0x61,
    0x10, 0x08, 0x80, 0x06, 0x6C, 0x42, 0x09, 0xE8, 0x27, 0x0E, 0x81, 0x0D, 0xAC, 0x96, 0x8E, 0x70,
    0x83, 0x59, 0x9A, 0xC0, 0x0B, 0x9C, 0x3D, 0x45, 0x6F, 0x26, 0xB5, 0xB7, 0x77, 0x14, 0x1D, 0xC9,
    0xA6, 0x5D, 0x08, 0x4E, 0xE5, 0xAE, 0x28, 0x3E, 0xA2, 0x91, 0x4B, 0x6D, 0x52, 0x11, 0x02, 0xAB,
    0x91, 0xBD, 0x88, 0xA4, 0xE1, 0x02, 0x80, 0xCA, 0xD5, 0x51, 0x8A, 0x94, 0x90, 0xE0, 0xCC, 0xF9,
    0x11, 0x92, 0xAB, 0x4D, 0x89, 0xD5, 0xEE, 0x27, 0x1A, 0x22, 0xA0, 0x2C, 0xE1, 0x17, 0xBD, 0x05,
    0x28, 0x51, 0xDA, 0xBD, 0x3C, 0xDB, 0xB8, 0x7C, 0xD7, 0x5B, 0xEF, 0xB2, 0xE2, 0x2D, 0xBE, 0x08,
    0x80, 0x6F, 0x98, 0x2A, 0x4B, 0x14, 0x10, 0x0D, 0x5E, 0xBF, 0x6E, 0xCC, 0xB8, 0x78, 0xB6, 0xDD,
    0xEB, 0xB4, 0xF7, 0x65, 0x6F, 0x56, 0x9E, 0xA0, 0x60, 0x77, 0x87, 0x17, 0x60, 0xC9, 0x99, 0x90,
    0x34, 0x51, 0x78, 0xB9, 0xF0, 0x62, 0x47, 0x7A, 0x11, 0x9F, 0x43, 0x78, 0xD9, 0x80, 0x37, 0x92,
    0x0A, 0xA9, 0x01, 0xD3, 0x35, 0x31, 0xDD, 0x0A, 0xE2, 0x7A, 0x22, 0x27, 0x4C, 0xBA, 0xE1, 0x52,
    0x12, 0x35, 0x90, 0x91, 0x88, 0x57, 0xC8, 0x48, 0x22, 0x95, 0x84, 0x6E, 0x8D, 0xC9, 0x9B, 0x90,
    0x72, 0xA0, 0xB1, 0x19, 0x65, 0x13, 0x13, 0x65, 0x8D, 0xEF, 0x08, 0xB5, 0x97, 0x06, 0xAC, 0x79,
    0xC2, 0x3C, 0x58, 0x7F, 0x60, 0x9A, 0x67, 0x19, 0x00, 0x88, 0x9C, 0x5A, 0xBD, 0xF9, 0x58, 0x37,
    0x29, 0x5D, 0xCA, 0xE1, 0x75, 0x58, 0x15, 0xFF, 0xD4, 0xDA, 0x93, 0xC3, 0xA2, 0xC9, 0xFF, 0xA8,
    0x19, 0x7A, 0x6A, 0xE8, 0x1A, 0xF2, 0xB2, 0x25, 0xFE, 0x68, 0x63, 0x4A, 0xBD, 0xEB, 0x58, 0x2F,
    0x86, 0x7A, 0x3F, 0xC6, 0x4A, 0xD2, 0x94, 0xA9, 0xCF, 0xD3, 0x2A, 0x5D, 0x1D, 0x57, 0x05, 0x12,
    0x5A, 0x09, 0x34, 0xF7, 0x9C, 0xFF, 0x9E, 0xF9, 0x81, 0xA5, 0x63, 0xB5, 0x81, 0x1A, 0xA2, 0x7E,
    0xD7, 0x12, 0x9B, 0xB3, 0x59, 0x96, 0xA9, 0x50, 0x7E, 0xC3, 0x98, 0x27, 0x44, 0xED, 0xF2, 0xFC,
    0x55, 0x53, 0x4F, 0x9D, 0xF9, 0xEB, 0xA6, 0x1E, 0x2B, 0x67, 0xE8, 0xB3, 0x8A, 0x9F, 0x2B, 0x4F,
    0x70, 0x60, 0x03, 0x1A, 0x50, 0x41, 0xE4, 0xEA, 0xAF, 0xA9, 0x78, 0xAE, 0xFB, 0xA9, 0x4D, 0x20,
    0xF6, 0xDC, 0x44, 0xCD, 0xEB, 0xD6, 0x0D, 0x7A, 0x4F, 0x33, 0xBD, 0xB8, 0xB5, 0x7C, 0xED, 0xF2,
    0x51, 0x80, 0x35, 0xE0, 0x02, 0x22, 0x12, 0xDA, 0x92, 0x33, 0x11, 0xDA, 0x30, 0xA9, 0xF1, 0x9E,
    0xDD, 0x93, 0x26, 0x92, 0x18, 0xF8, 0x40, 0x09, 0x88, 0x09, 0x57, 0x29, 0x27, 0x10, 0x13, 0x51,
    0x03, 0x3D, 0xF7, 0x49, 0xD8, 0x00, 0xD1, 0x01, 0x1F, 0x40, 0x00, 0x4A, 0x50, 0x61, 0xD9, 0x38,
    0x97, 0x06, 0xDB, 0x25, 0xE1, 0x12, 0xAB, 0xBB, 0xAE, 0x45, 0xE9, 0x12, 0xA6, 0xC2, 0x81, 0x18,
    0xD2, 0xDC, 0x56, 0x43, 0x81, 0xB7, 0xF0, 0x52, 0x46, 0x85, 0x94, 0xA6, 0x86, 0x8B, 0x01, 0x65,
    0x09, 0x9B, 0x27, 0x84, 0x00, 0x6F, 0xDE, 0x1D, 0x9F, 0xF1, 0x81, 0xE5, 0x86, 0x55, 0x83, 0xAA,
    0x89, 0xEB, 0xEF, 0xC6, 0x65, 0x05, 0x78, 0x1F, 0xB0, 0x7A, 0x7B, 0x48, 0x44, 0xC2, 0xA9, 0xDF,
    0xBE, 0x54, 0x6F, 0x32, 0x3D, 0x93, 0xD5, 0x40, 0x1F, 0x60, 0xAE, 0x4E, 0xE4, 0x00, 0xE0, 0x09,
    0xC1, 0x52, 0x36, 0xFE, 0xCB, 0xB1, 0xD1, 0x8F, 0x83, 0xDB, 0xDB, 0x1A, 0xAF, 0x9F, 0x49, 0x32,
    0xF5, 0xC4, 0xEB, 0x1F, 0x6A, 0x49, 0x0B, 0x45, 0xBC, 0xC6, 0x79, 0xAA, 0xFF, 0xEE, 0xDD, 0xAE,
    0x03, 0x36, 0xC0, 0x33, 0xA2, 0x40, 0x6A, 0xD0, 0x55, 0x20, 0x3E, 0x83, 0x0D, 0xB8, 0xAE, 0xAA,
    0x09, 0xC9, 0x16, 0xBC, 0x50, 0x4E, 0x48, 0x52, 0x4F, 0x9C, 0xDB, 0x1E, 0xC2, 0xFA, 0x77, 0x9C,
    0xA7, 0x3A, 0xAF, 0x62, 0xA8, 0x40, 0xAA, 0xB5, 0xBA, 0xA0, 0xC4, 0xA4, 0xC2, 0xE4, 0x8D, 0xB5,
    0x7D, 0x06, 0x1F, 0x08, 0xB9, 0x72, 0xC2, 0x33, 0xA3, 0xAB, 0x94, 0x97, 0x48, 0x66, 0x0A, 0x65,
    0x28, 0xAD, 0xF9, 0x42, 0x5E, 0x07, 0x47, 0x66, 0x54, 0xDD, 0xC7, 0x49, 0xCE, 0x96, 0x76, 0x61,
    0x82, 0x17, 0xD9, 0x55, 0xAE, 0x92, 0x24, 0x66, 0x92, 0x24, 0xAF, 0x57, 0x8B, 0x66, 0xE2, 0x38,
    0x98, 0xE8, 0x91, 0xFD, 0x33, 0x5F, 0x17, 0xA3, 0x2C, 0xDB, 0x09, 0xE1, 0xC5, 0x51, 0x13, 0x12,
    0x5E, 0x5F, 0xC9, 0xEB, 0xE0, 0x22, 0x2F, 0x96, 0xE1, 0x19, 0xC2, 0xFB, 0x7B, 0xF1, 0x7D, 0x12,
    0x95, 0xA5, 0x13, 0x44, 0x7B, 0x79, 0x46, 0xC5, 0x1F, 0x02, 0xA8, 0x54, 0xF1, 0xE2, 0xF8, 0x40,
    0xA8, 0x23, 0xBD, 0xBC, 0xBD, 0xBD, 0xBE, 0xD6, 0x7A, 0xAF, 0xCF, 0x28, 0x61, 0xEA, 0x9D, 0x5E,
    0x10, 0xF9, 0x7D, 0x5A, 0x0D, 0xFA, 0x03, 0x85, 0x64, 0x1A, 0x44, 0x85, 0xA7, 0x55, 0x94, 0xF7,
    0x90, 0xA7, 0x17, 0x2B, 0xA9, 0xA2, 0x87, 0xE6, 0xF6, 0xB2, 0xFF, 0x94, 0x34, 0x55, 0xE0, 0x87,
    0x12, 0x22, 0xCF, 0xE7, 0xD4, 0x06, 0xD7, 0x3F, 0x9F, 0xFF, 0xA4, 0x9C, 0xB2, 0xE6, 0x33, 0xB5,
    0x35, 0x1A, 0xA5, 0x0F, 0x15, 0x52, 0xE2, 0x02, 0x0A, 0x6B, 0x5C, 0x44, 0xD0, 0x96, 0x17, 0xF2,
    0x2B, 0xFF, 0x05, 0x34, 0xD6, 0x47, 0x2E, 0x22, 0x71, 0x90, 0x5C, 0x39, 0xE1, 0x45, 0xE3, 0x65,
    0x85, 0x97, 0x27, 0x5E, 0x01, 0x5E, 0x0D, 0x7E, 0x1F, 0x90, 0x0E, 0xB4, 0xE6, 0xDE, 0x3A, 0xE0,
    0x8D, 0xB7, 0xA9, 0xA4, 0x09, 0xA2, 0xFE, 0xFD, 0xBE, 0x7F, 0xDE, 0xFC, 0x13, 0x54, 0x9C, 0x23,
    0xB2, 0x07, 0xA9, 0x77, 0x79, 0x7A, 0xC5, 0x74, 0xE0, 0xF7, 0xC2, 0x55, 0xD3, 0x88, 0xDF, 0x85,
    0x97, 0xC6, 0xBE, 0x52, 0xBB, 0xD4, 0xD6, 0x00, 0xC4, 0x50, 0xEE, 0xF2, 0x73, 0xFC, 0xA8, 0x52,
    0x0F, 0xC5, 0x77, 0xCE, 0xB7, 0x01, 0x02, 0xEB, 0xE5, 0xEF, 0xEC, 0xAC, 0x53, 0x5E, 0x5F, 0x52,
    0x79, 0xD9, 0x92, 0x9F, 0xA3, 0xEA, 0xB9, 0x1E, 0x59, 0x67, 0xB7, 0x7A, 0xB9, 0xA8, 0xD5, 0xBF,
    0x52, 0x27, 0xC7, 0x6F, 0xEC, 0x92, 0x9D, 0xED, 0xF3, 0x35, 0x17, 0xE0, 0xB3, 0x1B, 0x59, 0x7A,
    0x3A, 0xE0, 0x79, 0x48, 0xB2, 0x29, 0x2F, 0xC7, 0xEB, 0xE3, 0x47, 0xFE, 0x74, 0x1F, 0x39, 0xEE,
    0xE5, 0x35, 0xF3, 0x3D, 0xFD, 0xFE, 0xD9, 0xAD, 0xB0, 0x51, 0xBF, 0xB8, 0x20, 0x73, 0xE9, 0x55,
    0xD6, 0xA7, 0x95, 0x17, 0x2A, 0xE2, 0xA9, 0x86, 0x7B, 0x9F, 0xF9, 0x45, 0xE5, 0xA1, 0x9C, 0x7A,
    0xEC, 0xB3, 0x1B, 0xA6, 0xC6, 0x54, 0x84, 0x40, 0x0D, 0xF7, 0x7D, 0xDF, 0x66, 0x4D, 0xEF, 0xB2,
    0x0E, 0x69, 0xEA, 0xA1, 0xF5, 0xEF, 0x2E, 0x9F, 0x86, 0x6E, 0x4F, 0x37, 0x45, 0xF0, 0x04, 0x62,
    0x40, 0x79, 0xF4, 0xA9, 0x64, 0xA6, 0xDD, 0x8D, 0x84, 0xDA, 0x85, 0xA7, 0x2B, 0x0F, 0xA8, 0xFE,
    0xE0, 0xD6, 0x7F, 0x70, 0x9D, 0xD0, 0x1F, 0xA4, 0x6E, 0x07, 0x62, 0x1D, 0xB9, 0x60, 0x4A, 0x35,
    0x0B, 0xB0, 0x01, 0x47, 0x54, 0x05, 0x0E, 0x7C, 0x30, 0x93, 0xAE, 0x42, 0x37, 0xA5, 0x77, 0x94,
    0x7F, 0xB2, 0x68, 0x85, 0xFA, 0x26, 0x93, 0x9C, 0xD3, 0x8B, 0x07, 0xD8, 0xCE, 0xDB, 0xCC, 0xCF,
    0xBC, 0x72, 0x74, 0x17, 0xAF, 0x5D, 0x56, 0x70, 0x76, 0x99, 0x82, 0xB8, 0xE5, 0xC3, 0xD0, 0xAD,
    0x01, 0x78, 0xEB, 0xF5, 0x48, 0xC3, 0xCA, 0xA1, 0x9B, 0x73, 0x92, 0x2C, 0x7F, 0x7C, 0x3D, 0x02,
    0x80, 0x48, 0x00, 0x4D, 0xC6, 0xA4, 0xEF, 0x04, 0x60, 0x8B, 0x52, 0x72, 0x89, 0xBB, 0x0A, 0x5C,
    0xDE, 0x60, 0x6D, 0x5F, 0xA4, 0x4F, 0x86, 0x42, 0xB9, 0xF3, 0x27, 0xCD, 0x12, 0x8F, 0xCD, 0x62,
    0x4F, 0xCD, 0x12, 0x67, 0xAF, 0x60, 0xC1, 0xCE, 0xC7, 0xB1, 0xFC, 0x66, 0xC3, 0x4C, 0x3D, 0xFD,
    0x94, 0x07, 0xD0, 0xC0, 0x05, 0x42, 0xB9, 0xF0, 0x94, 0x5C, 0x80, 0x54, 0x78, 0x7B, 0xE3, 0xF5,
    0x38, 0xE5, 0x36, 0xC1, 0x23, 0xF2, 0x40, 0x1C, 0x4F, 0x4F, 0xFB, 0xDF, 0x9A, 0x54, 0x10, 0x82,
    0xE7, 0xB9, 0x2F, 0x54, 0xB8, 0xCE, 0x59, 0x32, 0x11, 0xF5, 0xA8, 0xB5, 0xA7, 0xC4, 0x7A, 0x3A,
    0x7A, 0xFD, 0xF0, 0xFD, 0x66, 0xEF, 0xCE, 0x07, 0xC6, 0x86, 0x55, 0xEF, 0x3E, 0x22, 0x7F, 0x1E,
    0x03, 0x17, 0x80, 0x0E, 0xB0, 0x16, 0xF8, 0x5D, 0x10, 0xB7, 0x82, 0x0F, 0x7F, 0x67, 0x0C, 0xB8,
    0x25, 0x7E, 0x4B, 0x22, 0x92, 0x0E, 0xA8, 0x82, 0xFC, 0x8B, 0x38, 0xA2, 0x43, 0xC2, 0x34, 0x12,
    0xAE, 0x50, 0x2A, 0xA3, 0x4C, 0xE9, 0xD3, 0x44, 0xDA, 0x6E, 0xB7, 0xD0, 0x2A, 0x20, 0xF4, 0x50,
    0x9C, 0xFB, 0x66, 0xC1, 0xE5, 0xF8, 0xBB, 0x9A, 0x85, 0xF7, 0xEA, 0x1D, 0x23, 0xE5, 0x5E, 0x5F,
    0xA2, 0xF4, 0xC6, 0xD5, 0xD2, 0xB0, 0xD3, 0x31, 0x6D, 0x79, 0x89, 0x45, 0xA9, 0x84, 0x4F, 0x46,
    0xC1, 0x62, 0x46, 0x93, 0x51, 0x92, 0x6A, 0xFF, 0x5B, 0x9B, 0x9B, 0x60, 0x03, 0x68, 0xC0, 0x07,
    0x22, 0x8F, 0x4D, 0xCF, 0x73, 0xE0, 0xD1, 0x78, 0xF9, 0x23, 0xA2, 0x8E, 0x31, 0x64, 0x83, 0x97,
    0x06, 0xE2, 0x69, 0x20, 0x39, 0xD1, 0x48, 0xA6, 0x94, 0x50, 0x62, 0x79, 0xBC, 0x84, 0x81, 0xE3,
    0x25, 0x8C, 0xAE, 0xAD, 0x9B, 0xA2, 0xC3, 0x4B, 0x5E, 0xF1, 0xEA, 0x39, 0xE9, 0x3D, 0x86, 0xCE,
    0x91, 0xAD, 0x1F, 0x38, 0x7F, 0x6D, 0xF0, 0xAF, 0xDB, 0x03, 0x3C, 0xD7, 0x16, 0x2B, 0x2C, 0x71,
    0xB0, 0x1C, 0xE8, 0x06, 0x54, 0x47, 0x13, 0xFB, 0x00, 0x6F, 0x6D, 0xE7, 0x8F, 0x87, 0x49, 0x4C,
    0x08, 0xBE, 0x13, 0x48, 0x71, 0xBE, 0xF0, 0x4A, 0xA8, 0xC3, 0xE9, 0xF5, 0xEC, 0x27, 0x78, 0x6A,
    0x28, 0x21, 0x1A, 0x42, 0xCB, 0xA5, 0x94, 0x98, 0xF2, 0x42, 0x64, 0x2F, 0x69, 0x2C, 0x12, 0xA5,
    0x02, 0x87, 0x48, 0x02, 0x1A, 0x2B, 0x48, 0x00, 0xEF, 0x0A, 0x95, 0xBC, 0x9A, 0x12, 0x84, 0x08,
    0x15, 0x6A, 0xAC, 0xCB, 0x5A, 0x56, 0x52, 0xDD, 0x05, 0xCE, 0xEE, 0x47, 0x85, 0xDD, 0x1B, 0xCF,
    0x0D, 0xF8, 0x45, 0x6F, 0x8D, 0x35, 0x2E, 0xFC, 0x96, 0x9B, 0xD5, 0x85, 0xFC, 0xB2, 0xB7, 0xDF,
    0xA9, 0x7F, 0x03, 0x62, 0xB5, 0xBD, 0x0A, 0x22, 0x5F, 0x55, 0x5F, 0xCF, 0xD5, 0x17, 0x88, 0x0F,
    0x4F, 0x17, 0x26, 0x3C, 0xB7, 0xD9, 0x42, 0xC7, 0x59, 0x70, 0x7E, 0xB5, 0xA5, 0x2E, 0x8C, 0x06,
    0xF2, 0xDB, 0xAC, 0xAE, 0xA1, 0xBF, 0x71, 0x15, 0x25, 0xED, 0x48, 0x79, 0x45, 0xB6, 0x97, 0x67,
    0x2D, 0x18, 0x78, 0xF1, 0x35, 0x34, 0xD3, 0xE6, 0x82, 0xE5, 0xB1, 0x8D, 0x18, 0xEA, 0xB5, 0x6A,
    0x39, 0xB2, 0xCF, 0x2C, 0xA5, 0x94, 0x91, 0xFC, 0x4B, 0xAE, 0x74, 0x95, 0x2B, 0x29, 0x68, 0x10,
    0x78, 0x9A, 0x70, 0x41, 0xD9, 0x27, 0x6F, 0x0B, 0xDF, 0x15, 0x52, 0xCD, 0xDC, 0xD3, 0x41, 0xD9,
    0x35, 0xFD, 0xFA, 0x69, 0x14, 0xF8, 0x0C, 0xC4, 0x3E, 0x69, 0xE6, 0x3C, 0x6B, 0x35, 0xA9, 0x26,
    0xBE, 0xE4, 0xA9, 0xA0, 0x96, 0xB1, 0x50, 0x85, 0xEA, 0xBC, 0x75, 0xA8, 0xA4, 0x63, 0xB5, 0xB1,
    0xBE, 0x98, 0x1A, 0x25, 0x9E, 0x09, 0xD1, 0x05, 0x9B, 0x0A, 0x2E, 0x9E, 0x9C, 0x49, 0x42, 0x35,
    0xE1, 0x45, 0xF0, 0x03, 0x34, 0x8D, 0x49, 0x0D, 0xE7, 0x6F, 0x7D, 0x7F, 0x60, 0x72, 0xDC, 0x1B,
    0xB3, 0x3A, 0x2B, 0xCB, 0x7D, 0x89, 0xFF, 0x5A, 0x2A, 0xD2, 0xA5, 0xF2, 0xF5, 0xCE, 0xF2, 0xF1,
    0xE3, 0x95, 0x77, 0x3B, 0x37, 0xF5, 0xD4, 0xDF, 0x38, 0x7E, 0xF8, 0x78, 0x25, 0xCF, 0x8F, 0x57,
    0xDE, 0xEE, 0xFD, 0xF1, 0x15, 0x0D, 0x44, 0xFE, 0x3C, 0x06, 0x13, 0x6B, 0x56, 0xDF, 0x6D, 0xE0,
    0xF6, 0xFF, 0x89, 0x61, 0x7A, 0xAE, 0xC2, 0xAA, 0x67, 0x89, 0xF2, 0xEF, 0xAE, 0x05, 0x1F, 0x00,
    0x9B, 0x03, 0x8A, 0x5C, 0x43, 0xDE, 0x6B, 0x83, 0xD9, 0x3B, 0xE3, 0x58, 0xA3, 0xDD, 0x22, 0x7C,
    0x8D, 0x76, 0x1B, 0xF2, 0xF2, 0xE3, 0x38, 0x7E, 0xD7, 0x64, 0x42, 0x9C, 0x53, 0x87, 0x27, 0x94,
    0x03, 0x5F, 0x74, 0x98, 0x8F, 0x0E, 0xCF, 0xE7, 0xF9, 0xE0, 0x7C, 0x9E, 0x26, 0x00, 0xCE, 0x7F,
    0xC5, 0x02, 0xB0, 0xFB, 0x2C, 0x9C, 0x8D, 0xA7, 0xA4, 0x59, 0xAB, 0x56, 0xE1, 0x8D, 0xD2, 0x6A,
    0x14, 0x65, 0x69, 0x6D, 0x2A, 0xCF, 0xB3, 0xB8, 0x95, 0x63, 0xB2, 0x5B, 0x3B, 0xC8, 0xAF, 0x7B,
    0x61, 0x1D, 0xB3, 0xD0, 0x06, 0xBA, 0x31, 0x8A, 0xD0, 0x5E, 0x34, 0xEA, 0xBD, 0xA8, 0x59, 0x44,
    0x81, 0xCF, 0x62, 0xC5, 0x8F, 0x4F, 0x46, 0x4F, 0x06, 0x40, 0x79, 0x02, 0x69, 0xAC, 0xA4, 0x5E,
    0xB3, 0x9A, 0x1D, 0xE5, 0x6B, 0xAA, 0x3B, 0xDA, 0xF1, 0xDA, 0xDA, 0xB1, 0xDE, 0xB4, 0x73, 0xC3,
    0xBA, 0xA6, 0x87, 0x8A, 0x9D, 0x3D, 0x59, 0x10, 0xB9, 0xD3, 0x0B, 0xD8, 0x00, 0x74, 0xBE, 0x45,
    0x2B, 0x08, 0x8A, 0x33, 0x49, 0x57, 0xD5, 0x84, 0x1F, 0x9F, 0x93, 0x60, 0xA2, 0x61, 0x22, 0xAE,
    0x05, 0x71, 0x7F, 0xB8, 0xCB, 0x58, 0xBF, 0x40, 0xA8, 0x16, 0xFE, 0xF1, 0x31, 0x95, 0xE7, 0x11,
    0xA4, 0xE4, 0x2D, 0x45, 0xAF, 0x89, 0xBD, 0xB4, 0xF6, 0x21, 0xD0, 0xD0, 0x06, 0x31, 0xD4, 0x9C,
    0xD3, 0xCC, 0x39, 0xB5, 0x39, 0x28, 0x40, 0x6B, 0x17, 0x3E, 0xAD, 0x5D, 0x9B, 0x03, 0xEF, 0x0F,
    0xEB, 0x98, 0x61, 0xF3, 0x86, 0xC8, 0x7D, 0x15, 0x08, 0xA9, 0xA7, 0xF0, 0x12, 0x51, 0x8D, 0xB2,
    0x4D, 0x60, 0xC7, 0xB1, 0x05, 0x4A, 0x10, 0x98, 0xD8, 0xBC, 0xE9, 0x28, 0x7A, 0xF8, 0x92, 0x34,
    0xB5, 0x06, 0x31, 0x91, 0x08, 0x0A, 0x12, 0x60, 0xEE, 0xEB, 0xB6, 0x2E, 0xAF, 0x8A, 0x44, 0x89,
    0xB0, 0xC6, 0xCB, 0xA3, 0x22, 0x32, 0xF6, 0x03, 0x5E, 0x7C, 0x52, 0xF2, 0x3B, 0xBE, 0x1A, 0xD3,
    0xC8, 0x34, 0xF0, 0x0D, 0x53, 0x96, 0x0E, 0xDD, 0xA0, 0x7E, 0x8B, 0xB1, 0x0F, 0x2E, 0x41, 0xF9,
    0x2D, 0x6D, 0x1A, 0xA0, 0xBF, 0xE1, 0xED, 0x7F, 0xC5, 0x99, 0x51, 0x8A, 0x5B, 0x3D, 0x0F, 0x86,
    0x1F, 0xD0, 0xED, 0x80, 0xB6, 0x92, 0x05, 0x1C, 0xD0, 0xD6, 0x05, 0x59, 0x40, 0xB6, 0x22, 0x98,
    0x5B, 0xC1, 0xFB, 0x63, 0xDB, 0xC9, 0x69, 0xDA, 0xF4, 0xFB, 0xA7, 0xA1, 0x43, 0x7D, 0x8E, 0x9E,
    0x57, 0x49, 0x5A, 0x2C, 0x51, 0xD9, 0x96, 0x29, 0x40, 0x30, 0x99, 0xB8, 0x06, 0xA5, 0xF2, 0xF4,
    0x76, 0x39, 0x51, 0x28, 0xE6, 0x77, 0x3D, 0x38, 0x9C, 0x45, 0x7E, 0x61, 0x9E, 0xDC, 0x5F, 0xD6,
    0xA0, 0xB7, 0x37, 0x98, 0x54, 0x40, 0x08, 0xEE, 0x13, 0xEA, 0x61, 0x2A, 0x77, 0x29, 0x22, 0xD5,
    0x91, 0x91, 0x22, 0xEA, 0x27, 0x4B, 0x65, 0xE4, 0xF0, 0x5C, 0xC2, 0x54, 0x00, 0xF8, 0x8E, 0x5A,
    0x42, 0xE3, 0x57, 0xC2, 0xD2, 0x8B, 0xF0, 0xC9, 0x60, 0xB0, 0x27, 0xF9, 0x13, 0x36, 0x2B, 0xDE,
    0x06, 0x9E, 0xA3, 0xB6, 0x02, 0xFC, 0x01, 0x2B, 0xA5, 0x72, 0xE0, 0x5A, 0x91, 0x31, 0x43, 0x6C,
    0x46, 0x06, 0xAF, 0x51, 0x91, 0xB8, 0x54, 0xB8, 0x6E, 0x8D, 0xC9, 0x9B, 0x9D, 0xC7, 0xB1, 0x9D,
    0xCF, 0xDA, 0x13, 0x29, 0x59, 0xE3, 0xE1, 0x04, 0x2F, 0x86, 0x24, 0x4C, 0x52, 0x0D, 0x9B, 0x8E,
    0x97, 0xCB, 0x9A, 0x48, 0x2F, 0x64, 0x85, 0xA6, 0x73, 0x2D, 0xD3, 0x4C, 0xEF, 0x5A, 0xDE, 0xD3,
    0xC9, 0xC1, 0xE5, 0xC4, 0xDD, 0x51, 0x2E, 0xC7, 0xC4, 0x72, 0xBC, 0xEF, 0x4E, 0x59, 0x79, 0x21,
    0x62, 0x3A, 0x26, 0x94, 0xC3, 0xF1, 0x36, 0x11, 0xE7, 0xEC, 0x52, 0x63, 0xD2, 0x0E, 0xFA, 0xC2,
    0xD2, 0xC3, 0x6A, 0x6A, 0x78, 0x4A, 0x02, 0x17, 0x92, 0x0A, 0x6B, 0xBC, 0x5C, 0x30, 0x03, 0x10,
    0x30, 0x35, 0xA5, 0x9E, 0xB1, 0xDE, 0xB5, 0xBC, 0x96, 0x46, 0x4E, 0x4D, 0x4D, 0x4D, 0xB4, 0xE3,
    0xED, 0x7B, 0x94, 0xEC, 0x20, 0x8F, 0x19, 0x63, 0xE4, 0x31, 0x42, 0x44, 0xF4, 0x8E, 0xB0, 0x77,
    0x80, 0x0D, 0xF0, 0xC1, 0x05, 0x53, 0x3A, 0x3D, 0xE5, 0xB3, 0x98, 0xB9, 0xE7, 0x10, 0xC4, 0x94,
    0x63, 0x09, 0x98, 0x94, 0x21, 0xF9, 0x92, 0x28, 0x65, 0xD8, 0x2C, 0xD6, 0xF6, 0x12, 0x0F, 0x21,
    0x72, 0x8A, 0x18, 0x62, 0x5B, 0xDA, 0x95, 0x23, 0x3C, 0xDF, 0x75, 0x1C, 0xBA, 0xB5, 0x24, 0x93,
    0x0F, 0x91, 0x00, 0x29, 0xEF, 0xBA, 0x6A, 0xAB, 0xF9, 0x0B, 0x5A, 0xC7, 0x54, 0x2B, 0x6D, 0x6D,
    0x1F, 0xEA, 0xD5, 0x5E, 0x48, 0x2A, 0x29, 0xA7, 0xBA, 0x98, 0xC3, 0x73, 0x30, 0x4A, 0xBA, 0xD3,
    0x57, 0x3C, 0x9C, 0x54, 0x9D, 0x8C, 0x49, 0x7F, 0xCD, 0x1A, 0xB4, 0x93, 0xF3, 0x91, 0xF4, 0x20,
    0xE7, 0x8C, 0x8B, 0x03, 0x68, 0xB2, 0xE6, 0x0C, 0xAA, 0x98, 0x8F, 0xCF, 0x07, 0x96, 0xA9, 0xA6,
    0x7D, 0xE1, 0x51, 0x2F, 0x83, 0x69, 0xB9, 0x66, 0x12, 0x70, 0xA0, 0x1E, 0x6F, 0x28, 0xA5, 0xED,
    0xB8, 0xF0, 0xC4, 0x1A, 0x57, 0xFE, 0xE2, 0xD4, 0x76, 0x6E, 0xBD, 0x9D, 0xEB, 0xC3, 0xD1, 0x76,
    0x52, 0xB7, 0x9F, 0x9D, 0x50, 0xC6, 0x74, 0x5C, 0xA9, 0x67, 0xC7, 0x94, 0xF2, 0x42, 0x8D, 0x32,
    0x94, 0xCB, 0x71, 0xB1, 0x86, 0xD7, 0x92, 0x9E, 0x61, 0x7A, 0x4B, 0x43, 0x6A, 0x85, 0x88, 0x2B,
    0x1F, 0x12, 0xED, 0xAA, 0x29, 0x23, 0x34, 0xEF, 0x19, 0x98, 0xB5, 0x5F, 0x35, 0x25, 0x75, 0xFB,
    0x51, 0x42, 0x53, 0xFC, 0x49, 0x6C, 0x88, 0x9A, 0x53, 0xF6, 0xEC, 0xCF, 0x92, 0x53, 0x62, 0x92,
    0xE3, 0xDC, 0x12, 0xF1, 0xE6, 0x64, 0x71, 0x0E, 0x74, 0x15, 0xD1, 0xBA, 0x69, 0xC4, 0xD7, 0x51,
    0xDE, 0xB3, 0x1C, 0xFE, 0x80, 0xEA, 0xD0, 0xE6, 0x73, 0x21, 0xFE, 0x54, 0x3C, 0xC7, 0x78, 0x0B,
    0xFC, 0x96, 0xE0, 0x4A, 0x30, 0x01, 0x34, 0x3F, 0x0E, 0xD3, 0x89, 0x04, 0x9F, 0x88, 0x84, 0xF0,
    0xDA, 0x38, 0x06, 0xDA, 0x7A, 0xE3, 0xBE, 0xA7, 0x61, 0x85, 0xF0, 0x44, 0x39, 0xA1, 0x36, 0xF5,
    0xC4, 0xD8, 0x48, 0x82, 0x9A, 0x33, 0x9B, 0x12, 0x74, 0x4E, 0x6B, 0x4A, 0x42, 0x45, 0x7B, 0x23,
    0x6B, 0x56, 0x2D, 0x35, 0xA1, 0x46, 0xD7, 0x46, 0xB6, 0xED, 0xD6, 0x44, 0x2B, 0xBD, 0x94, 0x65,
    0xA9, 0xD8, 0x47, 0x97, 0x25, 0x6B, 0x48, 0x48, 0x78, 0x7D, 0xE9, 0x95, 0x90, 0xB8, 0x90, 0x6D,
    0x19, 0x81, 0x0B, 0xEB, 0xFB, 0x3F, 0x95, 0xE6, 0x47, 0xC1, 0x6F, 0x5E, 0x57, 0xB9, 0x8A, 0xB6,
    0x84, 0x88, 0x04, 0x17, 0x33, 0x6C, 0xA0, 0x38, 0xC7, 0xFE, 0x41, 0x2A, 0x7C, 0x6D, 0x2B, 0x88,
    0x48, 0xB4, 0x0E, 0x3C, 0x4D, 0xF0, 0x8C, 0xBC, 0x23, 0x12, 0x11, 0x85, 0xD6, 0xDF, 0x35, 0xA9,
    0x20, 0x04, 0xC6, 0x07, 0x9E, 0x07, 0xF6, 0x59, 0xA0, 0x82, 0x19, 0x01, 0x6B, 0xA8, 0x70, 0x89,
    0x48, 0xE5, 0x97, 0xFB, 0x84, 0x59, 0x13, 0xF1, 0x5F, 0x35, 0x21, 0xA1, 0x9A, 0xF0, 0x22, 0x78,
    0x03, 0xCD, 0xFD, 0x54, 0xF9, 0x29, 0x8F, 0xC0, 0xAA, 0x7F, 0xC9, 0x43, 0xB9, 0x9E, 0xF8, 0xAF,
    0xA7, 0x22, 0x5D, 0x2A, 0xD7, 0xAD, 0x4D, 0xDE, 0x84, 0x8A, 0x85, 0x73, 0x84, 0x15, 0xE8, 0xD6,
    0x03, 0x35, 0x3F, 0x7E, 0x7B, 0x5A, 0xEA, 0x69, 0x7B, 0xCC, 0xF4, 0xBC, 0x34, 0x6C, 0xFA, 0xF0,
    0x7E, 0x8A, 0xE0, 0x8F, 0xD5, 0xAC, 0xDC, 0x25, 0x67, 0xF9, 0xEF, 0x92, 0x85, 0x5A, 0x51, 0x78,
    0xAD, 0x88, 0x2E, 0x7F, 0x3F, 0xE9, 0xA7, 0xFA, 0xE4, 0xAC, 0xCF, 0x7F, 0x96, 0xF4, 0xEB, 0xA2,
    0xFD, 0x86, 0xC4, 0xFD, 0xB1, 0x81, 0x7B, 0x3D, 0x36, 0x18, 0xFF, 0x27, 0x39, 0x53, 0x7B, 0x7E,
    0x01, 0x51, 0x40, 0xFE, 0xFD, 0x7C, 0xEB, 0x79, 0x43, 0xF5, 0x06, 0x9E, 0x52, 0x83, 0xD0, 0xB1,
    0x42, 0xF3, 0xB6, 0x26, 0x8A, 0x26, 0x92, 0x18, 0xF8, 0x40, 0x09, 0x88, 0x09, 0x57, 0x29, 0x27,
    0x10, 0x13, 0x51, 0x03, 0x8D, 0x70, 0x49, 0xD8, 0x00, 0xD1, 0xF1, 0x6A, 0x23, 0x6A, 0x7C, 0x9F,
    0x44, 0x12, 0x2E, 0x11, 0xF5, 0x63, 0x2E, 0xCA, 0xFB, 0xE6, 0xE9, 0x40, 0x0C, 0x93, 0x76, 0x2E,
    0xAA, 0xC0, 0x5B, 0x78, 0x69, 0x64, 0x28, 0xA5, 0xA9, 0xFF, 0xF2, 0x49, 0x90, 0x10, 0x0D, 0x50,
    0xCF, 0x57, 0x2E, 0x01, 0xD6, 0x7F, 0x7A, 0x0C, 0xF4, 0x3E, 0xE8, 0x77, 0xC7, 0xD2, 0x9C, 0x95,
    0xFD, 0xF3, 0x7E, 0xA3, 0xA7, 0xFD, 0xC6, 0xC4, 0xBD, 0x99, 0xB8, 0xE6, 0xF6, 0x4C, 0x9C, 0x78,
    0xA3, 0x7B, 0xB0, 0x17, 0xDD, 0xC3, 0xD9, 0x95, 0x26, 0xD6, 0x3B, 0x02, 0x81, 0x5D, 0x73, 0xCE,
    0x6C, 0xC3, 0x04, 0xF0, 0x7E, 0x47, 0x71, 0xF6, 0x6B, 0xE8, 0x4C, 0xEE, 0x6C, 0xEC, 0x38, 0x87,
    0x4B, 0xD2, 0x43, 0x68, 0x65, 0x80, 0x95, 0xD2, 0xB7, 0x24, 0x9E, 0x4A, 0x98, 0x92, 0xE0, 0xE8,
    0x9A, 0x10, 0x92, 0x4E, 0xE9, 0xF5, 0x65, 0xA1, 0x4C, 0x6C, 0x88, 0xE5, 0x4E, 0xDE, 0x87, 0x44,
    0xAA, 0x4D, 0xD2, 0x16, 0x76, 0xDA, 0x3E, 0x10, 0x13, 0x8F, 0x6D, 0x30, 0x1F, 0x79, 0xA3, 0x0C,
    0xDD, 0x54, 0xED, 0xBA, 0xB6, 0x4C, 0xD6, 0x17, 0x6B, 0x6B, 0x97, 0xD4, 0x31, 0x30, 0xD2, 0x47,
    0xA6, 0x85, 0x43, 0x37, 0x49, 0xA1, 0x50, 0x79, 0x9B, 0xEE, 0x79, 0xC6, 0xC0, 0xA3, 0x96, 0x9C,
    0x33, 0x71, 0x2F, 0xA4, 0x59, 0x87, 0x62, 0x5F, 0x20, 0x4D, 0x19, 0xE9, 0x4A, 0x65, 0x44, 0x8A,
    0x1E, 0xA8, 0x48, 0x59, 0x46, 0xEA, 0x46, 0xA4, 0x44, 0x64, 0xF4, 0x53, 0x0D, 0x87, 0x54, 0xF4,
    0x79, 0x82, 0x9C, 0xB7, 0x0F, 0x0E, 0x1E, 0xA7, 0x08, 0xFA, 0xAC, 0xB3, 0x8C, 0x95, 0x32, 0x95,
    0x7C, 0x58, 0x94, 0x8E, 0x28, 0xD5, 0x59, 0xC6, 0x21, 0x51, 0x2A, 0x20, 0xC1, 0xB2, 0xC0, 0x3F,
    0x1B, 0xAC, 0x05, 0xC8, 0x13, 0xCC, 0xBE, 0xB3, 0xC3, 0x3D, 0x0E, 0x50, 0x40, 0xC4, 0xAE, 0xC9,
    0x2A, 0xC8, 0x9D, 0x88, 0x6A, 0xD5, 0x9F, 0xCD, 0x5C, 0x00, 0x61, 0xE7, 0xC6, 0x42, 0xE4, 0xB6,
    0x4F, 0xE1, 0x8A, 0xB2, 0x8E, 0x3A, 0x97, 0x0F, 0x61, 0xBB, 0x49, 0xFB, 0xE6, 0x26, 0xDD, 0x04,
    0xAE, 0xC4, 0xAD, 0xF8, 0xA0, 0x38, 0xC8, 0xF7, 0x97, 0xD3, 0x07, 0x1C, 0x01, 0x8A, 0x24, 0x6E,
    0x85, 0x57, 0x43, 0x5D, 0x00, 0x90, 0x54, 0xC3, 0xBC, 0x6C, 0x1B, 0xE5, 0x75, 0x30, 0x4D, 0x3D,
    0x6D, 0xFA, 0xD3, 0x18, 0xD6, 0xEB, 0xCF, 0x58, 0x49, 0x9A, 0x56, 0x07, 0x1D, 0x28, 0x88, 0x5B,
    0x5A, 0x16, 0x99, 0x00, 0x4A, 0x57, 0xC7, 0x55, 0x81, 0x84, 0xF6, 0x00, 0xCD, 0x5F, 0x42, 0x72,
    0xF5, 0x4C, 0xA6, 0x40, 0x8D, 0xD5, 0x81, 0xA5, 0x03, 0xFC, 0xB5, 0xB8, 0x50, 0x9A, 0xCA, 0xB2,
    0x9D, 0xC3, 0xB8, 0xFC, 0x41, 0x50, 0x1F, 0x2B, 0xA1, 0xD4, 0xAD, 0x46, 0xE5, 0xD6, 0x05, 0xB0,
    0xB5, 0xFD, 0x45, 0x7E, 0xE5, 0xB5, 0x7B, 0x1D, 0x76, 0x10, 0x91, 0x7E, 0x4B, 0xAB, 0xDA, 0x25,
    0xA8, 0x1A, 0x6F, 0xFC, 0x9F, 0xEB, 0x90, 0x37, 0x21, 0xCA, 0x29, 0xCB, 0xB7, 0xAF, 0x54, 0xDE,
    0x84, 0x38, 0x3C, 0x2F, 0x96, 0x65, 0x7F, 0x72, 0x9F, 0x22, 0xC1, 0xAD, 0xC0, 0xAF, 0xF7, 0xE5,
    0x4B, 0x07, 0xF0, 0x61, 0xDF, 0x79, 0x9F, 0xFA, 0xCD, 0xCA, 0x7D, 0xFF, 0x3E, 0xE5, 0x0D, 0x84,
    0x80, 0xC3, 0x12, 0x6A, 0x00, 0xBE, 0x33, 0x05, 0x94, 0x73, 0x6A, 0xCB, 0xC6, 0x38, 0x70, 0xDE,
    0x0F, 0x9F, 0x0F, 0xD6, 0xD2, 0x45, 0x91, 0xCC, 0xC5, 0x8B, 0x57, 0xF3, 0x58, 0xBE, 0x20, 0x69,
    0xA2, 0xF0, 0x8A, 0xC6, 0xCB, 0x9F, 0x11, 0x6B, 0x56, 0x5C, 0x0D, 0x5E, 0x1A, 0x88, 0x1C, 0xA8,
    0x3B, 0x7C, 0xA2, 0x91, 0x4C, 0x29, 0xA1, 0x3C, 0x57, 0xB4, 0xA7, 0x5D, 0xF7, 0x8A, 0xD6, 0xB5,
    0x75, 0x53, 0x74, 0x78, 0xC9, 0x2B, 0x7E, 0x57, 0x73, 0x44, 0x01, 0x6A, 0xE6, 0x9A, 0x3E, 0x17,
    0xF5, 0x37, 0x86, 0xBB, 0x16, 0xBA, 0x67, 0xED, 0x85, 0xFE, 0xF5, 0x58, 0x49, 0xB0, 0xEB, 0x8B,
    0x03, 0xCA, 0xED, 0x3B, 0x3B, 0xF8, 0x23, 0x76, 0x99, 0x7B, 0xCE, 0x05, 0xB6, 0xCB, 0xFC, 0xFD,
    0x6E, 0xFD, 0xF5, 0x01, 0xF5, 0x9D, 0x29, 0x10, 0x05, 0xB3, 0xCC, 0x0F, 0x8C, 0x0F, 0xC8, 0x8F,
    0xF7, 0xC3, 0xD7, 0xF5, 0x5C, 0x1A, 0x78, 0x6A, 0xD8, 0xEE, 0xAB, 0x43, 0xBB, 0x22, 0xA4, 0xC4,
    0x94, 0x17, 0x22, 0x7B, 0x9B, 0xC6, 0xF3, 0xE8, 0x35, 0x80, 0x18, 0x96, 0xCB, 0xFC, 0x6C, 0xA3,
    0xBD, 0x2B, 0x54, 0xF2, 0x6A, 0x4A, 0x10, 0x22, 0x54, 0xA8, 0xB1, 0x2E, 0x6B, 0x59, 0x49, 0xF5,
    0x29, 0x00, 0x1A, 0xEB, 0x41, 0x8E, 0xC9, 0x42, 0x92, 0x26, 0x52, 0x5E, 0x91, 0xED, 0xE5, 0x59,
    0x1B, 0x06, 0x5E, 0x7C, 0x0D, 0x0D, 0x48, 0xB9, 0xF1, 0xEA, 0xFF, 0x67, 0xA8, 0x47, 0x5F, 0x39,
    0x9D, 0xF1, 0xFA, 0x7C, 0xA5, 0x94, 0xF2, 0xF5, 0x51, 0x53, 0x78, 0xA5, 0xAB, 0xEC, 0x37, 0xF1,
    0xFF, 0x0F, 0x5D, 0x8E, 0x01, 0x86, 0x05, 0x61, 0x0C, 0x83, 0x43, 0x01, 0x96, 0x5E, 0xE5, 0x3F,
    0xC0, 0x90, 0xAB, 0x87, 0x39, 0xC0, 0x5C, 0x25, 0x07, 0x08, 0xDD, 0xA9, 0xC5, 0x3E, 0x2F, 0x85,
    0x94, 0xAF, 0x4D, 0x8C, 0x60, 0x40, 0x94, 0xA0, 0x52, 0xBB, 0x45, 0x04, 0x07, 0xEB, 0x99, 0xD0,
    0xAD, 0x6A, 0x89, 0xB6, 0x47, 0x87, 0x98, 0x57, 0x2A, 0x77, 0xC8, 0xB4, 0x77, 0x63, 0x6B, 0x5E,
    0xD7, 0x66, 0x2F, 0x96, 0x04, 0x29, 0x97, 0x28, 0x7B, 0x35, 0xEA, 0x5B, 0xFD, 0x98, 0x8F, 0x42,
    0x38, 0xD0, 0xC1, 0xFF, 0x87, 0x92, 0x2F, 0xEC, 0x09, 0xC1, 0x5E, 0xB2, 0xA0, 0x0E, 0x67, 0x73,
    0x4F, 0xFD, 0x30, 0x33, 0x57, 0x83, 0xDA, 0x29, 0xFD, 0xB5, 0xFB, 0x4E, 0x7D, 0x19, 0x5E, 0x5E,
    0xAA, 0x7C, 0x7B, 0xBC, 0xE4, 0x72, 0xC1, 0xFA, 0xCF, 0xAE, 0xBF, 0xBD, 0x99, 0x51, 0xAE, 0xE3,
    0x2A, 0x12, 0x86, 0x7F, 0x89, 0xD7, 0x96, 0xD8, 0x4A, 0x2F, 0xC0, 0x52, 0x6D, 0x1D, 0x29, 0xAF,
    0x23, 0x9D, 0xAD, 0x94, 0x74, 0x5E, 0x4B, 0xFA, 0x86, 0x2A, 0x88, 0x4F, 0x8E, 0x6F, 0x32, 0x9D,
    0xDB, 0xEA, 0x1E, 0xCC, 0xFF, 0x95, 0x83, 0x6D, 0x00, 0x6C, 0x17, 0x98, 0x34, 0x37, 0xF5, 0xA0,
    0x94, 0xFB, 0xF7, 0x00, 0x78, 0xAA, 0x7B, 0xDB, 0xD2, 0xD4, 0xA1, 0x12, 0x51, 0xAA, 0xFD, 0x92,
    0x52, 0x31, 0x55, 0xE7, 0x02, 0x25, 0x03, 0x86, 0x92, 0x2E, 0x6B, 0x79, 0x38, 0x5A, 0xB4, 0x07,
    0x4A, 0xD2, 0x9D, 0xC4, 0x24, 0x90, 0x14, 0x23, 0xD3, 0x6D, 0xD1, 0x8B, 0xE3, 0x1B, 0x8D, 0xB1,
    0x88, 0x32, 0x44, 0xA2, 0x7B, 0xB2, 0x8D, 0xF5, 0xBB, 0x4D, 0xF5, 0x29, 0x1B, 0xD2, 0x71, 0xB6,
    0x69, 0xA4, 0xBA, 0xE7, 0xD6, 0xEE, 0xAA, 0x0B, 0x7F, 0x25, 0x58, 0x92, 0xC5, 0xD1, 0x20, 0x7A,
    0x6E, 0xAE, 0xB0, 0xA1, 0x63, 0xEA, 0x27, 0xE3, 0x2B, 0xFF, 0xDC, 0x4F, 0x59, 0xCA, 0xF5, 0xC3,
    0x42, 0x74, 0x88, 0x06, 0x2E, 0x43, 0xE2, 0xA6, 0x0E, 0xB2, 0xC1, 0x30, 0xF5, 0x41, 0x2A, 0xCF,
    0x8D, 0x29, 0xBC, 0x8E, 0x09, 0x86, 0x1A, 0xE3, 0xA7, 0x6C, 0xC4, 0x16, 0xB9, 0x81, 0x1C, 0x17,
    0x40, 0xF7, 0x57, 0x1B, 0x80, 0x35, 0xA7, 0x67, 0xB4, 0xE6, 0xAA, 0x60, 0x8C, 0x19, 0x5B, 0xE8,
    0x9D, 0xB8, 0x4E, 0x16, 0x5B, 0x2D, 0xF4, 0x2B, 0xC5, 0x14, 0x69, 0x7B, 0xCA, 0xEB, 0xB2, 0xCE,
    0xBA, 0xAB, 0x2E, 0x69, 0x1B, 0x6B, 0xE8, 0xB5, 0x81, 0x21, 0x55, 0x0F, 0x97, 0x69, 0x94, 0xD1,
    0xDD, 0x8C, 0xBB, 0x89, 0x4A, 0x0C, 0x2F, 0xC3, 0x34, 0x95, 0xDC, 0x21, 0x84, 0xFA, 0xAA, 0x75,
    0x23, 0x74, 0x37, 0xDD, 0xC5, 0x28, 0x63, 0x2F, 0x0D, 0x80, 0x2F, 0xC3, 0x4A, 0x64, 0x94, 0xB1,
    0x97, 0x66, 0xDD, 0x92, 0x06, 0xA8, 0x8C, 0xCB, 0x78, 0xE0, 0x2D, 0xFA, 0xE4, 0xF9, 0xB8, 0xBB,
    0x7E, 0xDC, 0x1F, 0x77, 0x8B, 0x49, 0xF6, 0x4D, 0xE6, 0xE1, 0x41, 0xEF, 0xAF, 0x69, 0x0C, 0x58,
    0xDC, 0xCF, 0x79, 0x4F, 0x58, 0x22, 0x54, 0x49, 0x2B, 0xAC, 0x67, 0xAB, 0x3A, 0xC4, 0x5B, 0xE1,
    0x63, 0xA2, 0x0F, 0x4D, 0x68, 0xC2, 0x26, 0x88, 0x04, 0xF5, 0x73, 0x24, 0x7C, 0xA2, 0x17, 0x62,
    0xA2, 0x15, 0x10, 0x08, 0xAF, 0xFC, 0x56, 0x61, 0xDD, 0x13, 0x31, 0x21, 0x12, 0xFD, 0x2C, 0xB2,
    0x11, 0x85, 0xEA, 0x9C, 0x47, 0x34, 0x26, 0x7A, 0xC2, 0x6C, 0x22, 0x26, 0x3E, 0x7D, 0x82, 0x91,
    0xD0, 0x44, 0x7C, 0xBB, 0xE2, 0x2B, 0x2B, 0x1D, 0x72, 0x89, 0x16, 0x1B, 0x47, 0x73, 0xA9, 0x53,
    0xCD, 0x7C, 0x28, 0x77, 0x14, 0x7A, 0x9E, 0xDE, 0x42, 0x91, 0x70, 0x89, 0x42, 0x9B, 0xB0, 0xDB,
    0x90, 0xFA, 0x47, 0x02, 0x49, 0xAD, 0x10, 0x13, 0x4A, 0xB8, 0x67, 0x52, 0x61, 0x48, 0xE2, 0x79,
    0x63, 0x7E, 0x17, 0x00, 0x51, 0xA8, 0xD2, 0x36, 0x8E, 0xB3, 0x1A, 0x0B, 0x59, 0xB5, 0x82, 0x4D,
    0x58, 0xF7, 0x8D, 0x23, 0x11, 0x2D, 0x36, 0x20, 0x96, 0x8B, 0x6C, 0x2E, 0xD4, 0x87, 0x18, 0x05,
    0xA2, 0x11, 0x0B, 0xE0, 0xA9, 0x2F, 0x0F, 0xA7, 0x94, 0x4A, 0x90, 0xCA, 0x23, 0xD1, 0xBD, 0x5D,
    0x64, 0xFB, 0xDA, 0x10, 0x90, 0x1A, 0xDD, 0xED, 0xE2, 0x55, 0x6C, 0xAC, 0x3C, 0xEA, 0xD8, 0xEB,
    0x3C, 0xE0, 0x8F, 0x78, 0xDA, 0x06, 0x8C, 0x42, 0xBD, 0xF3, 0xAF, 0x11, 0xDF, 0xE1, 0x77, 0xB4,
    0x13, 0x00, 0x5E, 0x08, 0xA9, 0x25, 0xF4, 0x80, 0x3F, 0x31, 0xD4, 0x75, 0xEF, 0x09, 0x8B, 0xCE,
    0x84, 0x85, 0x10, 0xD1, 0x2D, 0x8D, 0x2B, 0x4D, 0x5E, 0x27, 0x5A, 0x1A, 0xA7, 0xDE, 0x24, 0x60,
    0xB2, 0x03, 0x35, 0x4C, 0x50, 0x77, 0x7D, 0xAC, 0x87, 0x5D, 0x34, 0xCA, 0x08, 0xB5, 0x6D, 0x22,
    0xCD, 0x60, 0x97, 0xB0, 0xCA, 0x3B, 0xCC, 0x65, 0x20, 0xBB, 0x31, 0x0E, 0x59, 0x49, 0xA9, 0xC6,
    0x8C, 0x69, 0x90, 0xB4, 0x0A, 0x48, 0xF9, 0x54, 0xC8, 0x86, 0x89, 0x61, 0xA0, 0x86, 0xFF, 0x7F,
    0xDE, 0x5C, 0x53, 0x5C, 0xDF, 0xDC, 0xBF, 0x52, 0xEE, 0xDF, 0xF1, 0x7C, 0x80, 0x2F, 0x74, 0x31,
    0xDE, 0x81, 0x25, 0x8E, 0x3B, 0x8E, 0x04, 0x5E, 0x68, 0xB8, 0x8D, 0x04, 0x3A, 0xD9, 0x51, 0xAF,
    0x1B, 0x56, 0x3B, 0xC5, 0x0F, 0xB7, 0xE2, 0x51, 0x8C, 0xC9, 0x5B, 0xF8, 0xC9, 0xC1, 0xDC, 0x92,
    0x36, 0x69, 0x8B, 0x4A, 0x6A, 0x92, 0x50, 0x23, 0x16, 0xDF, 0xF1, 0x64, 0x40, 0xE1, 0xF9, 0xD1,
    0x67, 0x37, 0xB7, 0x23, 0xA9, 0xBA, 0x23, 0xAA, 0xCB, 0xB4, 0x7A, 0x69, 0x4C, 0xD8, 0xA0, 0xA0,
    0xEF, 0x18, 0x77, 0xE4, 0x79, 0x32, 0x17, 0xEB, 0xDA, 0x06, 0x2E, 0x19, 0xD2, 0xE9, 0x28, 0xFF,
    0x80, 0xCF, 0x3D, 0x6B, 0x7A, 0xF1, 0x65, 0xDB, 0x4F, 0xF5, 0x52, 0xA5, 0xAD, 0xA6, 0xBF, 0xF0,
    0x43, 0xA3, 0xF4, 0x38, 0xE3, 0xB3, 0x3D, 0xE3, 0x63, 0x49, 0xE8, 0x41, 0xA3, 0xF4, 0x74, 0xC6,
    0x07, 0x2C, 0x0C, 0xBA, 0xDB, 0xC8, 0xF2, 0x87, 0x6F, 0xB4, 0x2A, 0xEE, 0x3D, 0xC4, 0x04, 0x8C,
    0xC2, 0xDF, 0x19, 0xFA, 0xD4, 0xF1, 0x47, 0xE8, 0xEE, 0x89, 0x3B, 0xE0, 0xE5, 0x9F, 0x10, 0xE2,
    0x25, 0xCC, 0x69, 0x51, 0x27, 0x6F, 0x0F, 0xC7, 0x63, 0xA6, 0x30, 0xF0, 0x42, 0x0F, 0x99, 0x1A,
    0x0A, 0x89, 0x51, 0x35, 0xF5, 0xFB, 0x20, 0xF8, 0x64, 0x60, 0xB4, 0x1A, 0x09, 0x7B, 0x4C, 0x94,
    0x53, 0xDF, 0x9E, 0x30, 0x0A, 0x7F, 0x78, 0xB8, 0x5E, 0x41, 0x92, 0xEC, 0x3B, 0x7E, 0x3C, 0x14,
    0x14, 0x4F, 0x32, 0x88, 0x05, 0x46, 0x83, 0x0D, 0x59, 0xD8, 0x90, 0x74, 0xC1, 0x6A, 0x57, 0x14,
    0xA0, 0xE3, 0xA7, 0x59, 0x2F, 0x93, 0xFF, 0x0D, 0x43, 0x85, 0x28, 0x9E, 0xE5, 0xE9, 0x6E, 0xF7,
    0x49, 0x7F, 0xDD, 0xB2, 0xC2, 0xB8, 0x5B, 0x55, 0xB0, 0x6D, 0xFB, 0xD5, 0xCA, 0x40, 0x1B, 0x3D,
    0xEE, 0x53, 0xA2, 0x44, 0xED, 0x69, 0x01, 0x0A, 0x17, 0x1F, 0xFE, 0x1D, 0x3D, 0x4E, 0x3F, 0x3E,
    0xA5, 0x46, 0x14, 0x2B, 0x2F, 0xF3, 0xE2, 0x78, 0x42, 0x58, 0xF4, 0x49, 0xEF, 0x91, 0x6C, 0x57,
    0xEE, 0x74, 0x9B, 0x1B, 0x70, 0x23, 0x80, 0x96, 0x94, 0x52, 0xDD, 0x1F, 0xF4, 0xD6, 0x6C, 0xAC,
    0x9F, 0x33, 0xA9, 0xB0, 0x90, 0xC1, 0xB0, 0xC1, 0x9E, 0x82, 0xB4, 0x48, 0x69, 0xAA, 0x41, 0x49,
    0x6A, 0xA7, 0x7E, 0xAA, 0x7B, 0xC8, 0xDC, 0x06, 0x55, 0x77, 0xE1, 0xAB, 0xB5, 0x23, 0x8D, 0x51,
    0xDD, 0x41, 0x23, 0x4D, 0x68, 0xCD, 0xD0, 0x64, 0xDB, 0x4C, 0x58, 0x99, 0xEA, 0xCA, 0xD3, 0xB8,
    0x2D, 0xD3, 0x4F, 0x63, 0xDB, 0x54, 0x07, 0x2C, 0xC3, 0x8D, 0x7B, 0x09, 0x70, 0x7F, 0x91, 0x27,
    0x99, 0xA8, 0x02, 0x5B, 0xFC, 0x13, 0x22, 0x61, 0x4C, 0xF4, 0x84, 0xDD, 0x76, 0xDA, 0xD7, 0x15,
    0x3D, 0x81, 0x1B, 0xC3, 0xC6, 0x44, 0x63, 0xC8, 0xF0, 0xF2, 0x05, 0xEC, 0x66, 0x77, 0x62, 0x95,
    0x7B, 0x5B, 0x69, 0xA5, 0x8F, 0x90, 0x45, 0xB6, 0x8F, 0x21, 0xB5, 0x25, 0x43, 0x0D, 0xD6, 0xF9,
    0x92, 0x0E, 0x73, 0x1D, 0x20, 0x1C, 0x55, 0x0F, 0xEB, 0x9F, 0x9A, 0x9B, 0xCC, 0xD7, 0x35, 0xAA,
    0xE6, 0xC4, 0x14, 0x2B, 0xCD, 0x6D, 0x8A, 0x25, 0x7C, 0xAA, 0xF6, 0x47, 0x77, 0x1B, 0x36, 0x2D,
    0xB0, 0xCF, 0x0F, 0x08, 0xF3, 0xE8, 0x6E, 0x15, 0x75, 0x89, 0x90, 0xB1, 0x43, 0xA4, 0x9A, 0xDB,
    0xD0, 0x56, 0xBB, 0x6A, 0x8F, 0xF8, 0x40, 0xA4, 0x42, 0x4A, 0x1D, 0x29, 0x9F, 0x12, 0xA3, 0x13,
    0x76, 0xC3, 0x04, 0x62, 0x07, 0x29, 0xE3, 0xE8, 0x06, 0x9D, 0x68, 0x35, 0x75, 0x88, 0x3E, 0xCC,
    0x09, 0x73, 0x9B, 0xC2, 0xFB, 0xD1, 0xFD, 0x73, 0xC8, 0xFA, 0xA7, 0xEF, 0x1B, 0x27, 0x03, 0x97,
    0xE8, 0x9F, 0xA1, 0x16, 0xDD, 0xD9, 0xEC, 0x79, 0xCD, 0x20, 0xAF, 0x0D, 0xCB, 0x7C, 0xFC, 0x60,
    0x18, 0x61, 0x3D, 0x8E, 0x16, 0x3F, 0x5B, 0x4D, 0xDC, 0x70, 0xB5, 0xFC, 0x49, 0x8B, 0x68, 0x61,
    0x64, 0x22, 0xD3, 0xA6, 0x1E, 0x3E, 0x28, 0xA6, 0xF2, 0xD0, 0xC7, 0xD4, 0x1E, 0x96, 0xF7, 0x76,
    0x3F, 0xB7, 0x79, 0x1F, 0x2D, 0xA6, 0xA6, 0x95, 0xA1, 0x7B, 0xF8, 0x9D, 0xBC, 0x88, 0xDA, 0xDF,
    0xE7, 0x7E, 0x4E, 0xB9, 0x3A, 0x63, 0xCA, 0x95, 0x8D, 0xEC, 0xCE, 0x96, 0x0D, 0xC2, 0x22, 0xCF,
    0x6F, 0x40, 0xAA, 0xBC, 0xCD, 0x33, 0x65, 0xF3, 0xB3, 0x8C, 0x12, 0x98, 0x00, 0x6F, 0x38, 0x31,
    0xD1, 0xA3, 0xA3, 0x05, 0x6C, 0xC2, 0x8E, 0x13, 0x3E, 0xD1, 0x4F, 0x48, 0xA8, 0x7A, 0xAD, 0x70,
    0x6D, 0x5C, 0x6D, 0xB0, 0x74, 0xD9, 0xEE, 0xE7, 0x0A, 0xFF, 0x5A, 0x53, 0x5A, 0xCF, 0xB2, 0x5F,
    0x54, 0x47, 0xAA, 0xE0, 0x73, 0xE6, 0x0F, 0xAF, 0xD7, 0x91, 0x9E, 0x97, 0xC3, 0x0D, 0xF1, 0xC1,
    0xB0, 0xB0, 0xEA, 0x46, 0x1B, 0xA5, 0xD8, 0xF2, 0x53, 0xC1, 0x30, 0xA6, 0xF2, 0x3D, 0x1C, 0x3A,
    0x05, 0x4B, 0xC2, 0x3B, 0x61, 0x8E, 0x0D, 0x58, 0xA9, 0x67, 0x1C, 0x3F, 0xCE, 0x07, 0x15, 0x96,
    0xC2, 0x3E, 0xDC, 0xED, 0x56, 0xAA, 0x7C, 0x9E, 0xA8, 0x11, 0x25, 0xE8, 0x01, 0x16, 0xFB, 0x7B,
    0x2E, 0x9F, 0x9F, 0x94, 0x44, 0xEA, 0x90, 0x2C, 0x15, 0x53, 0x77, 0x5F, 0x3C, 0x4A, 0x47, 0x1E,
    0xB6, 0xA9, 0x7D, 0x48, 0x3D, 0x12, 0xDC, 0xA1, 0x7F, 0xA2, 0xC5, 0x39, 0x33, 0xBA, 0xD1, 0x03,
    0xD1, 0xBE, 0x43, 0x5C, 0xD2, 0xEA, 0x3C, 0x03, 0xBC, 0x05, 0x5C, 0xF3, 0x7B, 0x9C, 0x28, 0xD9,
    0x6E, 0x44, 0x56, 0xDE, 0xAA, 0x61, 0xC2, 0x25, 0x4B, 0x45, 0xD5, 0xB2, 0x39, 0x2A, 0x67, 0xF0,
    0x49, 0x94, 0xC2, 0x10, 0x01, 0xE5, 0xA6, 0xDF, 0xC6, 0x39, 0x1C, 0x9F, 0xD3, 0x93, 0xFE, 0x80,
    0x67, 0x0F, 0x63, 0x6D, 0x61, 0xDE, 0xC0, 0xC5, 0xC7, 0xC3, 0xB0, 0x66, 0xA4, 0x88, 0xAF, 0xAD,
    0x86, 0xC5, 0xBD, 0x7C, 0xF0, 0x3E, 0xC9, 0x10, 0x8B, 0x7F, 0x28, 0xB7, 0x1D, 0x94, 0xC1, 0x8A,
    0xFD, 0x91, 0x46, 0x48, 0x0B, 0xE6, 0xAA, 0x45, 0x5D, 0x45, 0x62, 0x27, 0x82, 0xCE, 0x6F, 0x98,
    0x13, 0x48, 0x50, 0xF0, 0x29, 0x19, 0x85, 0x5A, 0xB0, 0x7B, 0x00, 0x91, 0x60, 0xC2, 0xB9, 0x4D,
    0xD8, 0x86, 0x39, 0x3D, 0x00, 0x03, 0xDC, 0x78, 0x3A, 0x5D, 0x20, 0xA6, 0xD0, 0x7E, 0xA9, 0x2E,
    0x43, 0x8B, 0xAB, 0x5C, 0xAF, 0x5B, 0x8B, 0x43, 0xCC, 0xD8, 0xC9, 0xA8, 0xDA, 0x47, 0xA7, 0xEB,
    0x15, 0x21, 0xC6, 0x64, 0x8D, 0x7C, 0xB3, 0xE8, 0xE5, 0xE8, 0x36, 0xCF, 0x39, 0x4E, 0xD1, 0xEF,
    0x24, 0x39, 0x58, 0xE7, 0xEF, 0x6B, 0x89, 0xB6, 0x46, 0x86, 0xCC, 0x39, 0x1E, 0x2B, 0xD5, 0xC2,
    0x86, 0x60, 0xC8, 0xA6, 0x62, 0xFD, 0x6E, 0xAB, 0xB2, 0x41, 0x8D, 0x36, 0xD1, 0x3F, 0xC9, 0x38,
    0x42, 0x15, 0xDE, 0x1C, 0xAA, 0xF0, 0xAF, 0xE7, 0xBE, 0x4F, 0x81, 0x97, 0xFA, 0xE7, 0x5E, 0x8A,
    0x0A, 0x7B, 0xC3, 0x79, 0x95, 0x1E, 0x5E, 0x77, 0x4B, 0xED, 0xAF, 0xA0, 0x9F, 0x52, 0x1B, 0x99,
    0x6A, 0x33, 0x56, 0xD2, 0x90, 0xF4, 0xEE, 0xA8, 0xBD, 0x1D, 0xD9, 0x30, 0x5B, 0xBF, 0x18, 0x19,
    0x4F, 0x47, 0xE6, 0xB6, 0x47, 0xDC, 0x70, 0xC3, 0xE9, 0x1E, 0x72, 0x24, 0x43, 0x86, 0x8B, 0x50,
    0x0B, 0x6F, 0x41, 0x73, 0xF0, 0x6C, 0xD1, 0xA8, 0xE7, 0x7B, 0x55, 0xC0, 0x71, 0x7B, 0xBE, 0xB4,
    0xDF, 0xC7, 0x5E, 0xDA, 0x3F, 0xE7, 0xC9, 0x64, 0x6C, 0x48, 0x2F, 0x62, 0xC7, 0x33, 0xFA, 0xFE,
    0xDF, 0x42, 0x92, 0x85, 0x45, 0x8F, 0x76, 0xDD, 0xEE, 0x05, 0x0D, 0x74, 0xA8, 0x41, 0x68, 0xB3,
    0x86, 0xBB, 0x2B, 0x89, 0x22, 0x49, 0x67, 0xA8, 0x9E, 0x89, 0xC3, 0x93, 0xB8, 0x39, 0x93, 0x80,
    0x4C, 0x54, 0x6B, 0x0D, 0x4D, 0x32, 0x99, 0x65, 0x5C, 0x08, 0x44, 0x91, 0x27, 0xAF, 0xB0, 0x4D,
    0xEE, 0x29, 0x84, 0x92, 0x5E, 0xF3, 0xDD, 0x85, 0xFC, 0x25, 0x12, 0x3B, 0xAD, 0xC0, 0x50, 0x03,
    0x9F, 0xE8, 0xA1, 0x16, 0xED, 0x57, 0xE8, 0x09, 0xA3, 0x33, 0x0A, 0xD2, 0xF1, 0xF0, 0x47, 0x92,
    0x4F, 0x49, 0xFA, 0xA1, 0x0A, 0xBF, 0x33, 0x93, 0xA8, 0xEC, 0x2C, 0x35, 0xB6, 0x6F, 0xF5, 0xA9,
    0x9F, 0xBF, 0x3D, 0x9B, 0xD9, 0xA3, 0xDA, 0xD0, 0x65, 0x66, 0xF4, 0x67, 0x46, 0xBF, 0x4B, 0x9D,
    0x7E, 0xB1, 0xB1, 0x43, 0xE5, 0xD5, 0x1E, 0x04, 0xDA, 0xB0, 0xC4, 0x1A, 0x21, 0x60, 0xA3, 0xBB,
    0x29, 0x5B, 0x96, 0xF8, 0x9D, 0xAF, 0xB8, 0xC6, 0x28, 0x29, 0x65, 0xA7, 0xEA, 0x84, 0x54, 0xD4,
    0x84, 0x61, 0xA4, 0x24, 0x63, 0x4C, 0x45, 0x7D, 0x62, 0xD8, 0x58, 0xE2, 0xC6, 0xFE, 0x86, 0xAA,
    0x8B, 0x70, 0xDD, 0x4D, 0x96, 0x25, 0x49, 0xE8, 0x58, 0x26, 0xD2, 0xD8, 0xF0, 0x34, 0xFD, 0x73,
    0x4C, 0xB6, 0xEF, 0x0B, 0xB8, 0x9F, 0x54, 0xAF, 0xE5, 0xF0, 0x2E, 0xD1, 0x68, 0xA1, 0x89, 0xF3,
    0x33, 0x06, 0x7D, 0x94, 0xF9, 0x0F, 0x6E, 0x33, 0x86, 0x0D, 0x63, 0x0F, 0xBE, 0xA1, 0xCD, 0xEE,
    0xD5, 0x6F, 0xD1, 0x95, 0x5C, 0x05, 0xEF, 0x8E, 0x19, 0x12, 0x7C, 0x84, 0x72, 0x02, 0x51, 0x1C,
    0xA8, 0x7B, 0x12, 0x67, 0x4D, 0xC8, 0xAB, 0x13, 0x9B, 0xA6, 0xCE, 0x9B, 0x0A, 0x94, 0xF2, 0xC8,
    0xBF, 0x15, 0x2C, 0x49, 0x47, 0xC5, 0xB8, 0xFB, 0x43, 0xF5, 0x17, 0x11, 0xF4, 0x72, 0xE9, 0xFF,
    0xE2, 0xBB, 0x7F, 0x51, 0xE6, 0x2A, 0x6A, 0x79, 0xB8, 0x8A, 0x2B, 0xE3, 0x6B, 0x51, 0x4F, 0x16,
    0xDD, 0x6D, 0x2D, 0xBA, 0x87, 0xAB, 0x0B, 0x55, 0x47, 0xD0, 0xA6, 0x69, 0xD7, 0x45, 0xF7, 0x35,
    0xA4, 0xD0, 0xE3, 0x7F, 0x2D, 0xBA, 0x8F, 0x56, 0x79, 0x0E, 0xAA, 0x04, 0xAC, 0xCA, 0x43, 0x15,
    0xAC, 0xA8, 0xFE, 0xCD, 0xFC, 0xE8, 0x75, 0x1F, 0xF6, 0x87, 0x55, 0x6A, 0x7D, 0x58, 0xB9, 0x26,
    0xFF, 0xF5, 0x87, 0xD5, 0xA1, 0x0C, 0x4F, 0xF8, 0xD6, 0x2A, 0xB7, 0xBF, 0xBF, 0xCA, 0x5D, 0x90,
    0xA4, 0x0B, 0xC6, 0x53, 0x47, 0xF7, 0xF9, 0xD2, 0xD1, 0x41, 0x54, 0xF7, 0xD8, 0xA3, 0xFE, 0xF0,
    0x12, 0x34, 0x85, 0x27, 0xAB, 0x73, 0x3F, 0x09, 0x43, 0x85, 0xEB, 0x2C, 0x17, 0x0A, 0x2F, 0xA6,
    0xBF, 0x61, 0x8C, 0x82, 0xA4, 0x7E, 0xA2, 0x2D, 0xC0, 0x0D, 0x2F, 0xD4, 0xF2, 0x5E, 0x7B, 0x58,
    0xB5, 0x4C, 0xD8, 0xCD, 0x27, 0x3E, 0xF7, 0x32, 0xE5, 0xB9, 0xBE, 0xFA, 0x1C, 0x86, 0x2F, 0x10,
    0x3D, 0x88, 0x2F, 0x1F, 0xDD, 0xB7, 0x8F, 0x4E, 0x09, 0x9B, 0x3A, 0x96, 0xCC, 0x97, 0xFA, 0x45,
    0x44, 0xE9, 0x7B, 0xE5, 0xD4, 0x12, 0xBA, 0x2C, 0xA9, 0xDA, 0xE3, 0x92, 0xEA, 0xB5, 0x22, 0xCF,
    0x2B, 0x67, 0x6F, 0x54, 0x2E, 0xBE, 0x55, 0xAE, 0x41, 0xEA, 0x52, 0x39, 0x69, 0xA1, 0xFB, 0x13,
    0x7C, 0xAE, 0x7B, 0xC2, 0x84, 0xDE, 0xFF, 0xEB, 0xE1, 0x3A, 0x1B, 0xDC, 0x7A, 0x7B, 0x36, 0x68,
    0x0F, 0x23, 0xA8, 0x9D, 0x4B, 0x6B, 0xE6, 0xA6, 0xD5, 0xC4, 0x1F, 0xAB, 0x97, 0x38, 0x83, 0xB4,
    0xD5, 0xB0, 0xF2, 0xBB, 0x5F, 0x7F, 0x1C, 0x88, 0x50, 0x63, 0x18, 0x0E, 0xE1, 0xF7, 0xB9, 0xD7,
    0x0E, 0xAA, 0x78, 0x0B, 0xA3, 0x8E, 0x3C, 0xFE, 0x63, 0xC2, 0xF3, 0x7F, 0x4C, 0x80, 0x8D, 0x33,
    0xCD, 0x36, 0x18, 0xE6, 0x42, 0x9D, 0xF6, 0xF8, 0x8F, 0xC9, 0xB7, 0x4F, 0xFE, 0xA4, 0xCC, 0x81,
    0xD2, 0xE5, 0x93, 0x7F, 0xDC, 0x3F, 0xF9, 0xFF, 0x0B, 0xC5, 0x9A, 0x51, 0x6A, 0xEB, 0xDC, 0x0E,
    0x85, 0x3F, 0xD0, 0x6B, 0x40, 0x53, 0xF1, 0x00, 0x0C, 0x9A, 0xBA, 0x20, 0x03, 0xC8, 0x54, 0x04,
    0x7D, 0x15, 0xAC, 0x8B, 0x37, 0x9B, 0x4D, 0xDA, 0x9E, 0xDC, 0xFF, 0x9C, 0xD4, 0x69, 0xEC, 0x6A,
    0x41, 0x9D, 0xD8, 0xD6, 0x27, 0x29, 0x2B, 0xAE, 0x5D, 0x4C, 0xC0, 0x94, 0x04, 0x1F, 0x12, 0x09,
    0xE1, 0x35, 0x65, 0x3F, 0xA4, 0xAD, 0xA7, 0x48, 0x8D, 0x49, 0xC2, 0x0A, 0xE1, 0x89, 0x72, 0x88,
    0xDA, 0xD4, 0x43, 0x58, 0x0B, 0xD6, 0xEB, 0xF0, 0x3D, 0xC5, 0x94, 0x84, 0x8A, 0xF6, 0x46, 0x63,
    0x43, 0xE3, 0x6A, 0x42, 0x8D, 0xAE, 0x8D, 0x6C, 0xC6, 0xAD, 0x89, 0x56, 0x7A, 0x29, 0x99, 0x0B,
    0xFA, 0x12, 0x26, 0xC0, 0x3D, 0x21, 0x0E, 0x21, 0x00, 0x7A, 0x09, 0xF0, 0x12, 0x42, 0x13, 0xE3,
    0xAC, 0x7E, 0x4B, 0x88, 0x23, 0x80, 0x1D, 0xE0, 0x59, 0x3E, 0x07, 0x88, 0x04, 0x56, 0xB1, 0x1C,
    0x80, 0xFE, 0x9C, 0xFD, 0x2D, 0x61, 0xA7, 0x00, 0x5E, 0x09, 0x88, 0xCF, 0x74, 0x04, 0xDE, 0x60,
    0x39, 0x01, 0x05, 0xA6, 0x01, 0x4E, 0x50, 0x5C, 0xD8, 0x9E, 0x87, 0xB6, 0x04, 0xBC, 0x98, 0xBC,
    0x08, 0xC0, 0xF2, 0x6D, 0xD0, 0x96, 0x60, 0x35, 0xB3, 0x11, 0x60, 0x79, 0x3E, 0xF4, 0x1A, 0xD9,
    0x29, 0x44, 0xC2, 0x16, 0x40, 0xEF, 0x60, 0x62, 0xF2, 0x86, 0x15, 0x6C, 0x6C, 0x2F, 0xE4, 0xE5,
    0xEB, 0x18, 0xEF, 0x01, 0xDA, 0xCF, 0x63, 0xF5, 0xDC, 0xC0, 0x7B, 0x83, 0x5D, 0x05, 0x17, 0x7F,
    0x63, 0x6F, 0x6B, 0xC3, 0x7B, 0x67, 0x8F, 0x9A, 0x79, 0x9C, 0x3F, 0xD0, 0x67, 0xB0, 0x9D, 0xEF,
    0xB7, 0x8F, 0x29, 0x4F, 0xF6, 0x62, 0xD6, 0x38, 0xA3, 0x64, 0x26, 0x90, 0xC0, 0x85, 0x59, 0x07,
    0xC2, 0x6A, 0x32, 0x9B, 0x78, 0x79, 0x59, 0x2C, 0xC1, 0x73, 0xF9, 0x98, 0xAD, 0xAE, 0x6F, 0x38,
    0x85, 0x5F, 0x0B, 0x57, 0x82, 0xF8, 0xC1, 0x88, 0x03, 0x78, 0x01, 0xDE, 0xAC, 0x42, 0xBC, 0x0F,
    0x7A, 0x30, 0xD7, 0xCC, 0x46, 0x80, 0x9F, 0x0F, 0xFD, 0xF8, 0x5B, 0xF7, 0xD2, 0x6F, 0x81, 0x5E,
    0x3E, 0xE6, 0xF7, 0x5F, 0xC7, 0xA7, 0x42, 0x4F, 0x33, 0x8B, 0xAE, 0x69, 0x66, 0x9B, 0xE7, 0xDB,
    0x9A, 0xEC, 0x39, 0xCD, 0x4C, 0xCB, 0xCC, 0x4E, 0x65, 0x3D, 0x81, 0xEB, 0x74, 0x23, 0x7B, 0x40,
    0x78, 0xB2, 0x89, 0x49, 0xAA, 0x23, 0xBC, 0x6C, 0x06, 0xE5, 0xB5, 0x33, 0x42, 0x3D, 0x62, 0xFD,
    0x5E, 0x1C, 0xD1, 0x5E, 0x8C, 0xF7, 0x6A, 0xEE, 0x0B, 0x00, 0x4C, 0xEF, 0xA9, 0x11, 0x78, 0x82,
    0xD2, 0xD5, 0x71, 0x55, 0x20, 0xA1, 0xB9, 0x80, 0xC6, 0x2B, 0x21, 0xB9, 0xDA, 0x56, 0x6A, 0x01,
    0x4A, 0x94, 0x04, 0x44, 0x61, 0xD5, 0x23, 0xB0, 0x02, 0xCF, 0x11, 0x70, 0x52, 0xC2, 0x4A, 0xBB,
    0x96, 0x5D, 0x0B, 0x2F, 0x22, 0x09, 0xE0, 0xAF, 0xB3, 0xED, 0x0B, 0xA6, 0x1B, 0xE6, 0xC2, 0x68,
    0x80, 0xD3, 0xF2, 0xB2, 0xBA, 0xB8, 0x76, 0x8F, 0x36, 0x2B, 0xF8, 0x97, 0xA4, 0xA8, 0x59, 0xA8,
    0x82, 0x48, 0xA8, 0xBB, 0x6E, 0xA8, 0xA0, 0x1B, 0x4B, 0x3F, 0x35, 0x59, 0x2C, 0x19, 0xE5, 0x33,
    0x41, 0xB2, 0xFA, 0x67, 0x1F, 0xE5, 0xD9, 0xC6, 0xF6, 0x0F, 0xE9, 0xEF, 0x80, 0x00, 0x4D, 0x33,
    0xA7, 0x5E, 0x9F, 0x7E, 0x61, 0x0D, 0x9A, 0xF5, 0xFA, 0x51, 0xFA, 0x44, 0x41, 0xF5, 0x08, 0xAC,
    0x31, 0x2F, 0xC6, 0x95, 0x47, 0x81, 0x1A, 0xAB, 0xC0, 0xB8, 0x9C, 0x97, 0x3A, 0x4A, 0xEC, 0x5A,
    0x23, 0xF0, 0x22, 0x22, 0x91, 0x18, 0x9B, 0x3F, 0x0A, 0xCF, 0x66, 0x02, 0x80, 0x12, 0x57, 0x13,
    0x57, 0x11, 0x88, 0xB1, 0x6A, 0xC6, 0xAA, 0xBA, 0x13, 0x12, 0xAE, 0x66, 0xE0, 0xB4, 0x31, 0x46,
    0xFC, 0x26, 0xC8, 0x7E, 0x79, 0x2B, 0xAC, 0x2F, 0x26, 0x9F, 0x63, 0xFF, 0x93, 0x3E, 0x3C, 0xCC,
    0xF3, 0xB5, 0x3E, 0xF7, 0x20, 0xE7, 0x27, 0xCD, 0x2F, 0xAA, 0xBA, 0x45, 0x5B, 0x59, 0x31, 0x76,
    0xF4, 0x7A, 0xB4, 0x4A, 0x52, 0x14, 0xD5, 0x03, 0xB7, 0xB1, 0xC2, 0x12, 0x20, 0x9A, 0x68, 0xBC,
    0xB1, 0x07, 0x3F, 0xA1, 0x0C, 0xE5, 0x7F, 0x1F, 0x1D, 0xC0, 0xCB, 0xDB, 0xDB, 0xCB, 0x33, 0x2A,
    0xCA, 0x13, 0x40, 0xA5, 0x8A, 0x87, 0x7B, 0xAC, 0x77, 0xBA, 0x00, 0xA9, 0xF0, 0xF6, 0xC6, 0x0B,
    0x11, 0x89, 0x32, 0x92, 0x48, 0x0D, 0xE1, 0xB3, 0x24, 0x53, 0x22, 0x11, 0x51, 0x68, 0xEC, 0x8B,
    0x49, 0x05, 0x21, 0xEE, 0x17, 0x2B, 0xC0, 0x7B, 0x0A, 0x56, 0x80, 0x0A, 0x97, 0xC6, 0x51, 0x22,
    0x23, 0x45, 0xD4, 0x7D, 0xAC, 0x57, 0x4A, 0xB8, 0x84, 0xA9, 0x58, 0x4B, 0x24, 0x68, 0x46, 0xE4,
    0x3C, 0xEA, 0x1E, 0x53, 0x40, 0x80, 0xAD, 0x33, 0x01, 0xBC, 0x84, 0x70, 0x7D, 0xBE, 0x3F, 0x0A,
    0x7C, 0x0E, 0x99, 0x03, 0x3C, 0xCB, 0xB7, 0xAF, 0xEC, 0xB5, 0x2E, 0xDF, 0x01, 0xA8, 0x49, 0x84,
    0x0B, 0x88, 0x48, 0x68, 0x4B, 0x80, 0x97, 0x02, 0xDA, 0x34, 0xFA, 0x28, 0x10, 0x50, 0x80, 0x33,
    0x1B, 0x50, 0xD3, 0xC5, 0x76, 0x8C, 0xCB, 0xF3, 0xD0, 0x0E, 0xE0, 0x5F, 0x6E, 0xB9, 0xF8, 0x1B,
    0xA1, 0x0B, 0x68, 0x40, 0x13, 0x94, 0x3A, 0x1D, 0xFA, 0x7E, 0x64, 0x63, 0x8D, 0x6C, 0x35, 0x58,
    0x17, 0x93, 0x57, 0x40, 0x7B, 0xC2, 0x46, 0xBE, 0x92, 0xF7, 0xEB, 0x18, 0xBB, 0x27, 0x71, 0x3B,
    0xB1, 0xC1, 0x99, 0x10, 0x55, 0xF0, 0xA1, 0x84, 0x2D, 0xDE, 0xD8, 0xDB, 0xBE, 0x60, 0x72, 0x3C,
    0x1A, 0xB3, 0x02, 0xCE, 0x1F, 0xE8, 0xF3, 0xD9, 0x4E, 0xF1, 0xDB, 0xD3, 0x29, 0x1F, 0x78, 0x31,
    0x0E, 0x40, 0x00, 0x20, 0x00, 0xAF, 0xA1, 0x10, 0x73, 0x07, 0x7C, 0xE0, 0x4A, 0xE5, 0xE9, 0xED,
    0xF2, 0xC1, 0x13, 0x63, 0x5B, 0x33, 0x6A, 0x80, 0x86, 0x8A, 0x6F, 0x9A, 0x4B, 0x99, 0x1B, 0x0B,
    0x31, 0x8A, 0xC1, 0xAC, 0x06, 0x21, 0x00, 0x0A, 0x6C, 0x39, 0x73, 0xB0, 0x23, 0x36, 0x04, 0x08,
    0x95, 0xBB, 0x14, 0x91, 0xEA, 0xBF, 0x26, 0xDE, 0x17, 0x2F, 0x44, 0xB1, 0xBC, 0x8A, 0xFD, 0xB7,
    0xC9, 0x6A, 0x9E, 0xBA, 0x81, 0x20, 0xF0, 0x14, 0xF6, 0x03, 0x32, 0x6F, 0xA6, 0x1B, 0x41, 0xDF,
    0x75, 0xCE, 0x6A, 0xEA, 0x2F, 0xF3, 0x7D, 0x36, 0xA4, 0xC1, 0x87, 0xFF, 0x80, 0x2F, 0x48, 0x40,
    0x95, 0x4C, 0x0F, 0x9A, 0x26, 0x04, 0xBF, 0x4C, 0x66, 0xCB, 0x7F, 0x3A, 0xCC, 0x4A, 0xF0, 0x34,
    0xD5, 0x1B, 0xB2, 0xFF, 0xEE, 0x31, 0x78, 0x4F, 0x5D, 0x5B, 0x20, 0x80, 0x9F, 0x91, 0x3D, 0xF0,
    0x16, 0x09, 0xD5, 0x10, 0x2F, 0x82, 0x27, 0xA4, 0x69, 0x4C, 0x6A, 0xF8, 0xA3, 0x6D, 0xF6, 0x67,
    0xDB, 0x6C, 0x50, 0x6A, 0xAC, 0xF1, 0xFF, 0xD6, 0x8A, 0x74, 0xA9, 0x5C, 0xB7, 0x36, 0x79, 0x3F,
    0xFC, 0xFB, 0xC3, 0x04, 0xC4, 0xE3, 0x87, 0x82, 0xBC, 0x88, 0xF0, 0xFE, 0xE3, 0x64, 0xF7, 0x97,
    0xA9, 0xCF, 0xF2, 0x59, 0x4E, 0x3C, 0x20, 0x72, 0x19, 0xA1, 0x25, 0x3E, 0xFB, 0x26, 0xA1, 0x63,
    0x4F, 0xC2, 0xD2, 0x8B, 0xF0, 0xA1, 0xC1, 0xA1, 0x3D, 0x94, 0x7F, 0xD1, 0xA6, 0x99, 0x58, 0x7C,
    0xB5, 0xF8, 0xBB, 0x2B, 0x7D, 0x4F, 0x9B, 0x95, 0xB8, 0x1C, 0x02, 0x56, 0x07, 0xDC, 0x21, 0xD7,
    0x8A, 0x8C, 0xC1, 0xD9, 0x1C, 0x50, 0x7F, 0x96, 0x8A, 0xE4, 0x40, 0xE5, 0x60, 0x65, 0xC0, 0x4E,
    0x24, 0xBF, 0x1B, 0x77, 0x04, 0x80, 0xFF, 0x36, 0x6D, 0x01, 0xF4, 0x4A, 0x20, 0xB0, 0x62, 0x9C,
    0x90, 0x3C, 0x8D, 0xD6, 0x04, 0xEB, 0x09, 0xE0, 0x5D, 0x87, 0x69, 0x86, 0xFE, 0x36, 0x73, 0x24,
    0x63, 0x78, 0xB1, 0x6A, 0x0E, 0xB5, 0x62, 0x9C, 0xCA, 0xCF, 0x63, 0xF6, 0xDC, 0x80, 0xE8, 0x43,
    0x77, 0x15, 0xAC, 0x9B, 0xD7, 0xBF, 0x4D, 0xDB, 0x17, 0x30, 0xDD, 0xC0, 0xBD, 0xAD, 0xCC, 0xCA,
    0x0B, 0x38, 0x09, 0xF4, 0x0D, 0x40, 0x9F, 0x97, 0x06, 0x30, 0xDD, 0x69, 0x03, 0x80, 0x15, 0x70,
    0x3A, 0x2A, 0x4C, 0x56, 0x20, 0x6A, 0x49, 0xC2, 0xF7, 0x27, 0xFC, 0x09, 0xF8, 0x32, 0xE1, 0xAB,
    0x6A, 0x88, 0x37, 0x91, 0xD6, 0x04, 0x26, 0x1A, 0x86, 0xC4, 0xB5, 0x20, 0x3E, 0xF2, 0xFE, 0xF1,
    0x83, 0xF5, 0x03, 0x09, 0xD5, 0x94, 0x1D, 0x88, 0x79, 0x7E, 0x4F, 0xA0, 0x80, 0x0D, 0x00, 0xC9,
    0x5B, 0x8A, 0x9E, 0x37, 0xBD, 0xD2, 0xDA, 0x8F, 0x00, 0x1D, 0xB1, 0x43, 0x1C, 0xD1, 0x10, 0xEB,
    0x6A, 0x76, 0xC4, 0xEE, 0xA0, 0x00, 0xCD, 0x97, 0x5E, 0x92, 0xF8, 0xF7, 0x67, 0x1F, 0x4B, 0xFA,
    0x27, 0xA9, 0x7B, 0x2A, 0xBC, 0xBA, 0xA3, 0xA2, 0xFC, 0xFE, 0xD1, 0x9D, 0xDF, 0x72, 0x75, 0x0D,
    0x60, 0x7F, 0x69, 0x5B, 0xBC, 0xA1, 0x77, 0xE8, 0x00, 0x1A, 0xAC, 0x46, 0x9C, 0xD9, 0x16, 0xAC,
    0x36, 0xF0, 0xDE, 0x3F, 0xFD, 0xBB, 0x01, 0x2F, 0xC5, 0x0A, 0x03, 0x7D, 0xA4, 0x5D, 0x05, 0x29,
    0x80, 0x53, 0x91, 0xFE, 0x07, 0x6D, 0x8B, 0xD1, 0x09, 0x23, 0x31, 0x0C, 0x44, 0x1F, 0xF8, 0x37,
    0xA0, 0x56, 0x5C, 0x80, 0x40, 0xAD, 0x0B, 0x52, 0xC0, 0xB6, 0x22, 0xC8, 0xEF, 0x80, 0xCE, 0xC6,
    0x98, 0xCB, 0x71, 0x59, 0xCD, 0xCE, 0xD8, 0x6F, 0x64, 0x00, 0x5A, 0x6B, 0xFE, 0xFB, 0xF2, 0x67,
    0xBC, 0xC2, 0x6B, 0xA5, 0xB4, 0xCC, 0xBC, 0xF2, 0xE6, 0x8B, 0x8C, 0x51, 0x6E, 0x94, 0xD1, 0x91,
    0x1D, 0xB5, 0x24, 0xCB, 0xA5, 0x73, 0x6E, 0x2B, 0x1B, 0xE9, 0x23, 0x2B, 0x58, 0xDB, 0xB1, 0xB8,
    0x5D, 0x4E, 0x2D, 0x2E, 0x63, 0xBE, 0x40, 0xD0, 0xA0, 0x2D, 0xB9, 0x77, 0x6B, 0x69, 0xFA, 0x3C,
    0xFC, 0x56, 0xE0, 0xBF, 0xD4, 0x3F, 0xDF, 0x3A, 0xE2, 0x5B, 0xF3, 0x56, 0x72, 0x7D, 0x73, 0xAB,
    0x50, 0x2B, 0xD6, 0xAC, 0x13, 0x7B, 0x3A, 0xFF, 0xCE, 0x21, 0x26, 0x22, 0x81, 0x68, 0x1A, 0x40,
    0x91, 0x3A, 0xF9, 0xAE, 0x7F, 0xD3, 0x12, 0xA0, 0x3B, 0x76, 0x62, 0x0A, 0x8A, 0x60, 0x37, 0x3D,
    0xBA, 0x18, 0xEA, 0x78, 0xDE, 0x62, 0x94, 0xEC, 0x49, 0x61, 0x37, 0x53, 0x9B, 0x13, 0x9C, 0xBD,
    0xC6, 0x44, 0xA7, 0x47, 0x4B, 0x35, 0xDD, 0x88, 0xC8, 0x0E, 0xB4, 0xE4, 0x94, 0x33, 0x27, 0xD4,
    0x28, 0xCB, 0x85, 0xD9, 0x13, 0x69, 0xEB, 0x4E, 0x15, 0x22, 0xD8, 0xB7, 0x3D, 0x91, 0x81, 0x28,
    0xC0, 0x01, 0x08, 0x00, 0x73, 0xDF, 0xFE, 0x08, 0x18, 0x9D, 0xD7, 0xB1, 0xD6, 0x76, 0x9F, 0x9C,
    0xFD, 0xEB, 0xC5, 0x48, 0xC6, 0x76, 0xEA, 0x93, 0x9F, 0x87, 0x7E, 0xDE, 0xDD, 0x69, 0x4D, 0x08,
    0xD3, 0x76, 0x6D, 0x72, 0xDA, 0xB3, 0x79, 0x1C, 0xB0, 0x84, 0x00, 0x1A, 0x10, 0x1B, 0xEF, 0xFF,
    0xE0, 0x53, 0xA1, 0xF3, 0x5F, 0x7C, 0x5F, 0xDC, 0xEA, 0x0F, 0x8C, 0x90, 0x01, 0x66, 0x85, 0x41,
    0x10, 0x83, 0xC3, 0x02, 0x94, 0x5C, 0xA5, 0x07, 0x58, 0x72, 0xF5, 0xD0, 0x03, 0xBC, 0xAB, 0x2C,
    0x05, 0x18, 0xD2, 0xD9, 0xDD, 0xF6, 0xD5, 0x2B, 0xA8, 0x7C, 0xF8, 0xE7, 0x9F, 0x35, 0x91, 0x8C,
    0x40, 0x71, 0xB8, 0x6A, 0xFC, 0x25, 0xB4, 0x62, 0x16, 0x30, 0x0C, 0x19, 0xF1, 0x78, 0x6C, 0x48,
    0xCF, 0x43, 0xB2, 0x1A, 0xD0, 0x0D, 0xD3, 0x40, 0xC0, 0x6C, 0x0A, 0x0A, 0xDE, 0xE4, 0xBB, 0x7A,
    0x97, 0x13, 0xB0, 0x70, 0xBD, 0x44, 0xD7, 0x40, 0x15, 0x12, 0x14, 0xFD, 0x44, 0xE7, 0x8D, 0xE2,
    0xC4, 0x8B, 0x5E, 0xF7, 0x56, 0x6D, 0xC6, 0x7A, 0x25, 0x60, 0xAC, 0xB1, 0x36, 0x31, 0xEF, 0x78,
    0x22, 0xCC, 0xE7, 0x9F, 0x7B, 0x5F, 0x3F, 0x16, 0x72, 0x62, 0x3E, 0x0C, 0xC1, 0x42, 0x0A, 0xEA,
    0x3B, 0x26, 0xD4, 0xAA, 0x17, 0xA9, 0xC5, 0xDE, 0x2D, 0x14, 0x26, 0x74, 0x67, 0xD3, 0xF2, 0xFD,
    0x9E, 0x58, 0x30, 0xA2, 0x9D, 0x5D, 0x1F, 0x25, 0xFC, 0xD2, 0x63, 0x3E, 0xF3, 0xAF, 0x4A, 0x9D,
    0x16, 0x5F, 0x94, 0x4A, 0xDD, 0x06, 0xEA, 0xD4, 0x8B, 0x46, 0x40, 0x76, 0x64, 0xFA, 0x3B, 0x6C,
    0x73, 0xA3, 0xAD, 0x63, 0x09, 0x81, 0xB5, 0x41, 0xF0, 0x35, 0x60, 0x1C, 0x81, 0xBC, 0x06, 0xB4,
    0x1D, 0x5B, 0x94, 0x8D, 0x46, 0x19, 0x00, 0x85, 0x93, 0x41, 0x8A, 0xF4, 0x46, 0x0C, 0x46, 0x3F,
    0xD0, 0xF6, 0x07, 0x5D, 0x25, 0x90, 0xAD, 0x41, 0x57, 0x17, 0xF8, 0x00, 0x7D, 0x15, 0xC1, 0x6C,
    0x05, 0x2F, 0xAA, 0xB2, 0xDB, 0x4C, 0x67, 0x26, 0xA4, 0xCD, 0x7B, 0xFA, 0x4A, 0x88, 0x6A, 0xB0,
    0xB0, 0x8E, 0x43, 0x3A, 0x7A, 0x63, 0x54, 0x3A, 0x64, 0xD4, 0x3C, 0x69, 0xC5, 0x42, 0xD2, 0xAF,
    0xA4, 0x72, 0xCD, 0x44, 0x79, 0x3A, 0xA4, 0x6D, 0xCE, 0xB4, 0x33, 0x65, 0xAF, 0x54, 0x40, 0x2F,
    0xAC, 0xB5, 0x38, 0x6E, 0xD2, 0xDA, 0x65, 0x70, 0xD1, 0xDA, 0x00, 0x8B, 0xE7, 0x1C, 0xD4, 0x66,
    0x24, 0x83, 0xF4, 0xF6, 0xBA, 0x9F, 0xF4, 0xDD, 0x7E, 0xE6, 0x9F, 0x2C, 0xB4, 0x28, 0xB5, 0x95,
    0x41, 0xC5, 0x0D, 0x2D, 0x1A, 0x46, 0x8E, 0x3C, 0x9D, 0xBC, 0xC5, 0xAB, 0xBC, 0x79, 0xB5, 0xB7,
    0x9F, 0x3D, 0xBD, 0x13, 0x4F, 0x12, 0x6F, 0x32, 0xA6, 0x9B, 0xB1, 0x27, 0x1F, 0x19, 0x49, 0xEB,
    0x2D, 0x90, 0x95, 0x24, 0x01, 0x79, 0x25, 0xAF, 0xA8, 0x77, 0xF2, 0xF6, 0x3B, 0x59, 0x43, 0xC6,
    0x57, 0xAE, 0x1E, 0x24, 0xEC, 0xB4, 0xFA, 0x31, 0x29, 0x6A, 0x52, 0x59, 0x3A, 0xE4, 0xEA, 0x49,
    0x0E, 0x9A, 0x44, 0x8F, 0xB5, 0x80, 0xBC, 0x93, 0x3D, 0x69, 0xB8, 0x6C, 0xF9, 0x4E, 0x7F, 0xB7,
    0x27, 0xA4, 0x9C, 0x2F, 0xD8, 0xC9, 0x38, 0x5F, 0x2D, 0xC8, 0xC8, 0x00, 0x92, 0x29, 0xDE, 0x22,
    0x2D, 0x6D, 0x4A, 0x3D, 0x25, 0xDA, 0x28, 0xEF, 0xC0, 0xCE, 0xF6, 0xD6, 0x2E, 0x12, 0xBE, 0x4A,
    0xAC, 0x12, 0x0D, 0x2F, 0x11, 0xAD, 0x98, 0x72, 0x48, 0xC1, 0x53, 0x5A, 0x5A, 0xFD, 0x29, 0x3E,
    0xA5, 0x9E, 0xA2, 0xC8, 0x8D, 0x33, 0xE7, 0xE1, 0x3E, 0xEF, 0x6D, 0x0E, 0x51, 0xC3, 0x3C, 0xE8,
    0x17, 0xA6, 0xBF, 0xCD, 0xAB, 0x0D, 0x6F, 0xDD, 0x3F, 0xA3, 0x37, 0xA3, 0x3F, 0xD7, 0xDA, 0x85,
    0xB5, 0x62, 0x10, 0xF4, 0xC6, 0xEB, 0x5B, 0x5E, 0xA3, 0x17, 0x6E, 0x28, 0x44, 0x8E, 0xF7, 0x25,
    0x47, 0x90, 0xF4, 0xD6, 0xBA, 0x41, 0xA3, 0x1E, 0x59, 0x8D, 0x3C, 0x15, 0x40, 0x0D, 0xEC, 0x35,
    0x69, 0x54, 0x23, 0xDF, 0x23, 0x5B, 0x8C, 0x34, 0x42, 0x54, 0x90, 0xC1, 0xC8, 0x3B, 0x80, 0xBC,
    0xB4, 0xAE, 0x39, 0x96, 0x7A, 0xDD, 0x7A, 0x8C, 0xD6, 0x35, 0x87, 0xAE, 0xFF, 0x1F, 0xF4, 0xE3,
    0xF8, 0x29, 0xA8, 0x4B, 0x01, 0x39, 0xDA, 0x73, 0x8E, 0x02, 0xA3, 0x40, 0x94, 0x8D, 0x14, 0x2B,
    0xED, 0xDE, 0x89, 0xAF, 0x11, 0x6A, 0x49, 0x23, 0xFD, 0x50, 0x50, 0xB7, 0x64, 0x9F, 0x8A, 0x3E,
    0x64, 0xD7, 0x3B, 0xB3, 0xBD, 0xBF, 0x51, 0x2A, 0x44, 0xEA, 0x8F, 0x90, 0xF4, 0x96, 0x53, 0x97,
    0x52, 0x68, 0x2B, 0x6A, 0xA9, 0x0D, 0x39, 0x20, 0x5B, 0x12, 0x1D, 0xCF, 0xF5, 0xC3, 0x8B, 0x11,
    0xA4, 0xAC, 0xBD, 0x64, 0x65, 0x2D, 0xCB, 0x91, 0xAE, 0x1D, 0x51, 0x0A, 0x20, 0x59, 0x32, 0x5A,
    0x72, 0x34, 0x2A, 0x1D, 0x8F, 0xFA, 0x5A, 0x80, 0x60, 0xE4, 0x7D, 0x8C, 0xF2, 0x93, 0x20, 0xAD,
    0xBC, 0x7C, 0x1C, 0xA9, 0x85, 0x58, 0xE8, 0x1B, 0xF9, 0xB0, 0x3F, 0xD6, 0x68, 0x2F, 0x87, 0x32,
    0x48, 0xC5, 0x57, 0xBE, 0xEF, 0x7A, 0x16, 0x99, 0x5A, 0xBF, 0xCF, 0xBD, 0xD6, 0x5E, 0xE9, 0xD6,
    0x5E, 0xD5, 0xFF, 0xE8, 0x59, 0x24, 0x90, 0x8B, 0xF7, 0x57, 0xF2, 0x9C, 0xBD, 0xA4, 0x48, 0x81,
    0x44, 0x6B, 0x94, 0x52, 0x2C, 0xEA, 0xC2, 0x17, 0x9D, 0x32, 0x52, 0xE2, 0x3A, 0x3E, 0xFC, 0x25,
    0xA7, 0x04, 0xD2, 0x94, 0x3B, 0x0F, 0xA5, 0xF2, 0xB2, 0x45, 0x7B, 0x69, 0x31, 0xD9, 0x0B, 0x48,
    0xE8, 0x7B, 0x37, 0x90, 0xF7, 0xD6, 0x01, 0xC5, 0x59, 0x24, 0x67, 0x47, 0x62, 0x97, 0xBC, 0xFE,
    0x5B, 0xBE, 0x46, 0xA4, 0xC8, 0xC8, 0xB7, 0x00, 0x0D, 0xE5, 0xFB, 0xBD, 0xDA, 0xBF, 0x88, 0x06,
    0x6A, 0xF8, 0xFC, 0x46, 0xAF, 0x77, 0x21, 0xC8, 0xCD, 0x3F, 0x5D, 0xCA, 0x81, 0x05, 0x00, 0x41,
    0x0C, 0x44, 0xD1, 0x4F, 0x0A, 0x48, 0x43, 0x61, 0x5B, 0x1F, 0xD2, 0xD0, 0x16, 0x10, 0xE6, 0x08,
    0x70, 0xFB, 0x06, 0x0C, 0x3F, 0x45, 0x42, 0x81, 0x57, 0x41, 0x42, 0x8A, 0xD0, 0x19, 0xBB, 0x3B,
    0xF4, 0x1F, 0x5C, 0x18, 0x28, 0x2F, 0xA8, 0xBD, 0xF7, 0xED, 0xBA, 0xED, 0x33, 0xA1, 0x0F, 0xAD,
    0xD0, 0x01, 0xA6, 0x25, 0x41, 0x0C, 0x85, 0xE1, 0x9F, 0x00, 0x34, 0xD9, 0x4A, 0x2F, 0xA0, 0xC9,
    0xD6, 0xC3, 0xDB, 0xD0, 0x61, 0x00, 0xC2, 0x99, 0xB8, 0xE5, 0x69, 0xDE, 0x3C, 0xC0, 0xDC, 0xCA,
    0x97, 0x7B, 0xAA, 0xD2, 0x05, 0x15, 0x16, 0xF9, 0x35, 0x54, 0x7B, 0x15, 0xB9, 0xD8, 0xC4, 0xA6,
    0x70, 0x76, 0xDA, 0x5D, 0x5F, 0x6E, 0xF3, 0xC1, 0xBB, 0x06, 0xC7, 0x50, 0x21, 0xD2, 0x0D, 0x70,
    0x41, 0xCE, 0x0D, 0x8A, 0x26, 0x41, 0x5C, 0xC4, 0xC5, 0xCD, 0x15, 0xA7, 0x35, 0xF7, 0x36, 0x3A,
    0xB6, 0x9A, 0xEE, 0x60, 0xD3, 0xC5, 0x4E, 0x1F, 0xB6, 0xDD, 0x24, 0x57, 0xB3, 0x07, 0xCD, 0x4D,
    0x28, 0x36, 0xE7, 0xC0, 0x03, 0x40, 0xCE, 0x51, 0xAB, 0x0C, 0xCF, 0x9A, 0x6A, 0x74, 0x84, 0x52,
    0xD1, 0xA9, 0xEC, 0x9C, 0xEC, 0x98, 0x24, 0xA6, 0x08, 0x97, 0xCF, 0xEF, 0xFB, 0x7F, 0x36, 0x58,
    0x29, 0xAA, 0xFF, 0x63, 0xAB, 0xC1, 0xB2, 0xC3, 0x63, 0x5B, 0x1F, 0x3B, 0x28, 0xC5, 0x47, 0x0E,
    0x0A, 0xC3, 0x02, 0xF7, 0x51, 0x5A, 0xBD, 0x80, 0x81, 0x58, 0x29, 0x94, 0x1D, 0x2A, 0x42, 0x26,
    0x65, 0xFB, 0xF0, 0x9C, 0x82, 0x3C, 0x37, 0xDE, 0x5B, 0x4B, 0x90, 0xFD, 0x63, 0x74, 0x84, 0xFE,
    0x1D, 0x7B, 0x55, 0xBB, 0x6B, 0x17, 0xC4, 0x41, 0x7E, 0xE3, 0x55, 0xB8, 0x1F, 0xAC, 0x87, 0xFC,
    0x18, 0x62, 0x74, 0x58, 0xF0, 0xD1, 0x50, 0x47, 0xAA, 0xDA, 0x63, 0xD9, 0xAD, 0x8D, 0x6B, 0xF3,
    0x1F, 0x6F, 0xAC, 0x26, 0x0C, 0xE9, 0xA6, 0xF2, 0x70, 0x82, 0xF9, 0x5D, 0xF5, 0xEF, 0xB2, 0x79,
    0x96, 0x37, 0x4F, 0x81, 0xE7, 0xFB, 0x0D, 0x1F, 0x7B, 0x6C, 0xA9, 0xC4, 0x8F, 0x6D, 0x42, 0x36,
    0xC9, 0xFB, 0x80, 0x03, 0xF3, 0x6E, 0xB3, 0xCF, 0x1C, 0xB8, 0x09, 0x51, 0x0A, 0x6F, 0xC3, 0xE0,
    0x26, 0x0D, 0x16, 0x29, 0xB8, 0x01, 0x5B, 0x5B, 0x9B, 0x9E, 0x73, 0x7C, 0xA6, 0x31, 0xD4, 0x84,
    0x7B, 0x63, 0x9D, 0xEF, 0xA0, 0x3C, 0x5B, 0x7F, 0x01, 0x95, 0xCC, 0x01, 0x06, 0xC4, 0x50, 0x0C,
    0x00, 0xD1, 0x21, 0x00, 0xCB, 0x3F, 0x52, 0xAE, 0xFE, 0xD9, 0x0B, 0xE5, 0x00, 0x61, 0xDA, 0x36,
    0x80, 0x42, 0x0B, 0x8F, 0x81, 0x21, 0x05, 0xB4, 0x88, 0x8E, 0x62, 0xD5, 0xB0, 0x4F, 0x00, 0xB5,
    0x87, 0x55, 0xEB, 0x22, 0x5E, 0xA1, 0xE9, 0xBE, 0x21, 0xFB, 0x47, 0x68, 0x13, 0xFD, 0x1C, 0xE8,
    0x7F, 0x98, 0xFC, 0xBE, 0x3F, 0x00,
};

static const EpdGlyph literatamono_12_boldGlyphs[] = {
    { 1, 1, 80, 0, 1, 1, 0 }, // U+0020
    { 5, 17, 128, 2, 17, 22, 1 }, // !
    { 7, 7, 176, 2, 20, 13, 23 }, // "
    { 16, 14, 272, 1, 14, 56, 36 }, // #
    { 13, 23, 240, 1, 20, 75, 92 }, // $
    { 21, 15, 368, 1, 15, 79, 167 }, // %
    { 19, 17, 336, 1, 17, 81, 246 }, // &
    { 3, 7, 96, 2, 20, 6, 327 }, // '
    { 7, 26, 144, 1, 21, 46, 333 }, // (
    { 8, 26, 144, 0, 21, 52, 379 }, // )
    { 9, 10, 176, 1, 19, 23, 431 }, // *
    { 11, 11, 240, 2, 13, 31, 454 }, // +
    { 5, 8, 128, 2, 4, 10, 485 }, // ,
    { 7, 2, 128, 1, 8, 4, 495 }, // -
    { 5, 4, 128, 2, 4, 5, 499 }, // .
    { 12, 23, 192, 0, 20, 69, 504 }, // /
    { 14, 17, 240, 1, 17, 60, 573 }, // 0
    { 9, 18, 160, 1, 18, 41, 633 }, // 1
    { 13, 17, 208, 0, 17, 56, 674 }, // 2
    { 13, 17, 224, 0, 17, 56, 730 }, // 3
    { 15, 17, 240, 0, 17, 64, 786 }, // 4
    { 13, 17, 224, 0, 17, 56, 850 }, // 5
    { 13, 17, 240, 1, 17, 56, 906 }, // 6
    { 13, 18, 224, 0, 17, 59, 962 }, // 7
    { 14, 17, 240, 0, 17, 60, 1021 }, // 8
    { 13, 17, 224, 1, 17, 56, 1081 }, // 9
    { 5, 13, 128, 2, 13, 17, 1137 }, // :
    { 5, 17, 128, 2, 13, 22, 1154 }, // ;
    { 10, 12, 240, 2, 13, 30, 1176 }, // <
    { 11, 7, 240, 2, 11, 20, 1206 }, // =
    { 11, 12, 240, 2, 13, 33, 1226 }, // >
    { 12, 17, 224, 1, 17, 51, 1259 }, // ?
    { 21, 20, 384, 1, 15, 105, 1310 }, // @
    { 19, 17, 304, 0, 17, 81, 1415 }, // A
    { 15, 17, 272, 1, 17, 64, 1496 }, // B
    { 16, 17, 288, 1, 17, 68, 1560 }, // C
    { 17, 17, 304, 1, 17, 73, 1628 }, // D
    { 15, 17, 272, 1, 17, 64, 1701 }, // E
    { 14, 17, 256, 1, 17, 60, 1765 }, // F
    { 18, 17, 304, 1, 17, 77, 1825 }, // G
    { 19, 17, 336, 1, 17, 81, 1902 }, // H
    { 8, 17, 160, 1, 17, 34, 1983 }, // I
    { 13, 17, 224, 1, 17, 56, 2017 }, // J
    { 18, 17, 320, 1, 17, 77, 2073 }, // K
    { 14, 17, 256, 1, 17, 60, 2150 }, // L
    { 23, 17, 400, 1, 17, 98, 2210 }, // M
    { 19, 17, 336, 1, 17, 81, 2308 }, // N
    { 17, 17, 304, 1, 17, 73, 2389 }, // O
    { 15, 17, 256, 1, 17, 64, 2462 }, // P
    { 22, 21, 320, 1, 17, 116, 2526 }, // Q
    { 17, 17, 304, 1, 17, 73, 2642 }, // R
    { 13, 17, 240, 1, 17, 56, 2715 }, // S
    { 17, 17, 304, 1, 17, 73, 2771 }, // T
    { 18, 17, 320, 1, 17, 77, 2844 }, // U
    { 19, 17, 304, 0, 17, 81, 2921 }, // V
    { 28, 17, 448, 0, 17, 119, 3002 }, // W
    { 19, 17, 304, 0, 17, 81, 3121 }, // X
    { 18, 17, 304, 0, 17, 77, 3202 }, // Y
    { 15, 17, 272, 1, 17, 64, 3279 }, // Z
    { 6, 26, 144, 2, 21, 39, 3343 }, // [
    { 12, 23, 192, 0, 20, 69, 3382 }, // <backslash>
    { 6, 26, 144, 1, 21, 39, 3451 }, // ]
    { 13, 9, 240, 1, 18, 30, 3490 }, // ^
    { 12, 2, 192, 0, -1, 6, 3520 }, // _
    { 5, 6, 208, 3, 20, 8, 3526 }, // `
    { 13, 13, 224, 1, 13, 43, 3534 }, // a
    { 15, 19, 256, 0, 19, 72, 3577 }, // b
    { 12, 13, 224, 1, 13, 39, 3649 }, // c
    { 15, 19, 256, 1, 19, 72, 3688 }, // d
    { 12, 13, 224, 1, 13, 39, 3760 }, // e
    { 12, 19, 176, 1, 19, 57, 3799 }, // f
    { 15, 21, 240, 0, 16, 79, 3856 }, // g
    { 16, 19, 272, 1, 19, 76, 3935 }, // h
    { 8, 19, 144, 1, 19, 38, 4011 }, // i
    { 7, 24, 128, 0, 19, 42, 4049 }, // j
    { 16, 19, 272, 1, 19, 76, 4091 }, // k
    { 7, 19, 144, 1, 19, 34, 4167 }, // l
    { 23, 13, 400, 1, 13, 75, 4201 }, // m
    { 16, 13, 272, 1, 13, 52, 4276 }, // n
    { 14, 13, 256, 1, 13, 46, 4328 }, // o
    { 15, 18, 272, 1, 13, 68, 4374 }, // p
    { 15, 18, 256, 1, 13, 68, 4442 }, // q
    { 12, 13, 224, 1, 13, 39, 4510 }, // r
    { 11, 13, 192, 1, 13, 36, 4549 }, // s
    { 10, 17, 176, 1, 17, 43, 4585 }, // t
    { 15, 13, 272, 1, 13, 49, 4628 }, // u
    { 15, 13, 256, 0, 13, 49, 4677 }, // v
    { 22, 13, 368, 0, 13, 72, 4726 }, // w
    { 15, 13, 240, 0, 13, 49, 4798 }, // x
    { 15, 18, 240, 0, 13, 68, 4847 }, // y
    { 12, 13, 208, 1, 13, 39, 4915 }, // z
    { 7, 26, 144, 1, 21, 46, 4954 }, // {
    { 3, 23, 176, 4, 20, 18, 5000 }, // |
    { 7, 26, 144, 1, 21, 46, 5018 }, // }
    { 12, 3, 240, 1, 9, 9, 5064 }, // ~
    { 1, 1, 80, 0, 1, 1, 0 }, // U+00A0
    { 5, 18, 144, 2, 13, 23, 1 }, // U+00A1
    { 12, 17, 224, 1, 16, 51, 24 }, // U+00A2
    { 14, 17, 240, 0, 17, 60, 75 }, // U+00A3
    { 12, 12, 224, 1, 14, 36, 135 }, // U+00A4
    { 18, 17, 304, 1, 17, 77, 171 }, // U+00A5
    { 3, 23, 176, 4, 20, 18, 248 }, // U+00A6
    { 14, 23, 256, 1, 17, 81, 266 }, // U+00A7
    { 10, 4, 208, 1, 19, 10, 347 }, // U+00A8
    { 18, 17, 336, 1, 17, 77, 357 }, // U+00A9
    { 10, 10, 176, 1, 19, 25, 434 }, // U+00AA
    { 12, 11, 224, 1, 12, 33, 459 }, // U+00AB
    { 11, 5, 240, 2, 9, 14, 492 }, // U+00AC
    { 1, 1, 0, 0, 1, 1, 506 }, // U+00AD
    { 10, 10, 192, 1, 20, 25, 507 }, // U+00AE
    { 8, 2, 208, 2, 17, 4, 532 }, // U+00AF
    { 7, 6, 144, 1, 19, 11, 536 }, // U+00B0
    { 11, 13, 240, 2, 13, 36, 547 }, // U+00B1
    { 10, 12, 160, 0, 21, 30, 583 }, // U+00B2
    { 9, 12, 176, 1, 21, 27, 613 }, // U+00B3
    { 6, 6, 208, 4, 20, 9, 640 }, // U+00B4
    { 14, 18, 272, 2, 13, 63, 649 }, // U+00B5
    { 14, 21, 256, 1, 17, 74, 712 }, // U+00B6
    { 5, 4, 128, 2, 10, 5, 786 }, // U+00B7
    { 6, 6, 208, 3, 0, 9, 791 }, // U+00B8
    { 7, 12, 128, 1, 21, 21, 800 }, // U+00B9
    { 10, 10, 176, 1, 19, 25, 821 }, // U+00BA
    { 12, 11, 224, 1, 12, 33, 846 }, // U+00BB
    { 24, 18, 400, 1, 18, 108, 879 }, // U+00BC
    { 25, 18, 416, 1, 18, 113, 987 }, // U+00BD
    { 25, 18, 416, 1, 18, 113, 1100 }, // U+00BE
    { 12, 18, 224, 1, 13, 54, 1213 }, // U+00BF
    { 19, 23, 304, 0, 23, 110, 1267 }, // U+00C0
    { 19, 23, 304, 0, 23, 110, 1377 }, // U+00C1
    { 19, 24, 304, 0, 24, 114, 1487 }, // U+00C2
    { 19, 23, 304, 0, 23, 110, 1601 }, // U+00C3
    { 19, 23, 304, 0, 23, 110, 1711 }, // U+00C4
    { 19, 24, 304, 0, 24, 114, 1821 }, // U+00C5
    { 25, 17, 416, 0, 17, 107, 1935 }, // U+00C6
    { 16, 22, 288, 1, 17, 88, 2042 }, // U+00C7
    { 15, 23, 272, 1, 23, 87, 2130 }, // U+00C8
    { 15, 23, 272, 1, 23, 87, 2217 }, // U+00C9
    { 15, 24, 272, 1, 24, 90, 2304 }, // U+00CA
    { 15, 23, 272, 1, 23, 87, 2394 }, // U+00CB
    { 8, 23, 160, 1, 23, 46, 2481 }, // U+00CC
    { 8, 23, 160, 1, 23, 46, 2527 }, // U+00CD
    { 9, 24, 160, 1, 24, 54, 2573 }, // U+00CE
    { 10, 23, 160, 0, 23, 58, 2627 }, // U+00CF
    { 18, 17, 304, 0, 17, 77, 2685 }, // U+00D0
    { 19, 23, 336, 1, 23, 110, 2762 }, // U+00D1
    { 17, 23, 304, 1, 23, 98, 2872 }, // U+00D2
    { 17, 23, 304, 1, 23, 98, 2970 }, // U+00D3
    { 17, 24, 304, 1, 24, 102, 3068 }, // U+00D4
    { 17, 23, 304, 1, 23, 98, 3170 }, // U+00D5
    { 17, 23, 304, 1, 23, 98, 3268 }, // U+00D6
    { 10, 10, 240, 2, 13, 25, 3366 }, // U+00D7
    { 18, 17, 304, 1, 17, 77, 3391 }, // U+00D8
    { 18, 23, 320, 1, 23, 104, 3468 }, // U+00D9
    { 18, 23, 320, 1, 23, 104, 3572 }, // U+00DA
    { 18, 24, 320, 1, 24, 108, 3676 }, // U+00DB
    { 18, 23, 320, 1, 23, 104, 3784 }, // U+00DC
    { 18, 23, 304, 0, 23, 104, 3888 }, // U+00DD
    { 15, 17, 256, 1, 17, 64, 3992 }, // U+00DE
    { 18, 19, 304, 1, 19, 86, 4056 }, // U+00DF
    { 13, 20, 224, 1, 20, 65, 4142 }, // U+00E0
    { 13, 20, 224, 1, 20, 65, 4207 }, // U+00E1
    { 13, 20, 224, 1, 20, 65, 4272 }, // U+00E2
    { 13, 19, 224, 1, 19, 62, 4337 }, // U+00E3
    { 13, 19, 224, 1, 19, 62, 4399 }, // U+00E4
    { 13, 20, 224, 1, 20, 65, 4461 }, // U+00E5
    { 20, 13, 336, 1, 13, 65, 4526 }, // U+00E6
    { 12, 18, 224, 1, 13, 54, 4591 }, // U+00E7
    { 12, 20, 224, 1, 20, 60, 4645 }, // U+00E8
    { 12, 20, 224, 1, 20, 60, 4705 }, // U+00E9
    { 12, 20, 224, 1, 20, 60, 4765 }, // U+00EA
    { 12, 19, 224, 1, 19, 57, 4825 }, // U+00EB
    { 9, 20, 144, 0, 20, 45, 4882 }, // U+00EC
    { 8, 20, 144, 1, 20, 40, 4927 }, // U+00ED
    { 10, 20, 144, -1, 20, 50, 4967 }, // U+00EE
    { 10, 19, 144, -1, 19, 48, 5017 }, // U+00EF
    { 13, 20, 240, 1, 20, 65, 5065 }, // U+00F0
    { 16, 19, 272, 1, 19, 76, 5130 }, // U+00F1
    { 14, 20, 256, 1, 20, 70, 5206 }, // U+00F2
    { 14, 20, 256, 1, 20, 70, 5276 }, // U+00F3
    { 14, 20, 256, 1, 20, 70, 5346 }, // U+00F4
    { 14, 19, 256, 1, 19, 67, 5416 }, // U+00F5
    { 14, 19, 256, 1, 19, 67, 5483 }, // U+00F6
    { 11, 13, 240, 2, 14, 36, 5550 }, // U+00F7
    { 14, 13, 256, 1, 13, 46, 5586 }, // U+00F8
    { 15, 20, 272, 1, 20, 75, 5632 }, // U+00F9
    { 15, 20, 272, 1, 20, 75, 5707 }, // U+00FA
    { 15, 20, 272, 1, 20, 75, 5782 }, // U+00FB
    { 15, 19, 272, 1, 19, 72, 5857 }, // U+00FC
    { 15, 25, 240, 0, 20, 94, 5929 }, // U+00FD
    { 15, 24, 256, 0, 19, 90, 6023 }, // U+00FE
    { 15, 24, 240, 0, 19, 90, 6113 }, // U+00FF
    { 19, 22, 304, 0, 22, 105, 0 }, // U+0100
    { 13, 17, 224, 1, 17, 56, 105 }, // U+0101
    { 19, 24, 304, 0, 24, 114, 161 }, // U+0102
    { 13, 19, 224, 1, 19, 62, 275 }, // U+0103
    { 19, 22, 304, 0, 17, 105, 337 }, // U+0104
    { 13, 18, 224, 1, 13, 59, 442 }, // U+0105
    { 16, 23, 288, 1, 23, 92, 501 }, // U+0106
    { 12, 20, 224, 1, 20, 60, 593 }, // U+0107
    { 16, 24, 288, 1, 24, 96, 653 }, // U+0108
    { 12, 20, 224, 1, 20, 60, 749 }, // U+0109
    { 16, 23, 288, 1, 23, 92, 809 }, // U+010A
    { 12, 19, 224, 1, 19, 57, 901 }, // U+010B
    { 16, 24, 288, 1, 24, 96, 958 }, // U+010C
    { 12, 20, 224, 1, 20, 60, 1054 }, // U+010D
    { 17, 24, 304, 1, 24, 102, 1114 }, // U+010E
    { 18, 19, 304, 1, 19, 86, 1216 }, // U+010F
    { 18, 17, 304, 0, 17, 77, 1302 }, // U+0110
    { 15, 19, 256, 1, 19, 72, 1379 }, // U+0111
    { 15, 22, 272, 1, 22, 83, 1451 }, // U+0112
    { 12, 17, 224, 1, 17, 51, 1534 }, // U+0113
    { 15, 24, 272, 1, 24, 90, 1585 }, // U+0114
    { 12, 19, 224, 1, 19, 57, 1675 }, // U+0115
    { 15, 23, 272, 1, 23, 87, 1732 }, // U+0116
    { 12, 19, 224, 1, 19, 57, 1819 }, // U+0117
    { 15, 22, 272, 1, 17, 83, 1876 }, // U+0118
    { 12, 18, 224, 1, 13, 54, 1959 }, // U+0119
    { 15, 24, 272, 1, 24, 90, 2013 }, // U+011A
    { 12, 20, 224, 1, 20, 60, 2103 }, // U+011B
    { 18, 24, 304, 1, 24, 108, 2163 }, // U+011C
    { 15, 26, 240, 0, 21, 98, 2271 }, // U+011D
    { 18, 24, 304, 1, 24, 108, 2369 }, // U+011E
    { 15, 24, 240, 0, 19, 90, 2477 }, // U+011F
    { 18, 23, 304, 1, 23, 104, 2567 }, // U+0120
    { 15, 24, 240, 0, 19, 90, 2671 }, // U+0121
    { 18, 24, 304, 1, 17, 108, 2761 }, // U+0122
    { 15, 25, 240, 0, 20, 94, 2869 }, // U+0123
    { 19, 24, 336, 1, 24, 114, 2963 }, // U+0124
    { 18, 25, 272, -1, 25, 113, 3077 }, // U+0125
    { 19, 17, 320, 1, 17, 81, 3190 }, // U+0126
    { 17, 19, 272, 0, 19, 81, 3271 }, // U+0127
    { 10, 23, 160, 0, 23, 58, 3352 }, // U+0128
    { 10, 19, 144, -1, 19, 48, 3410 }, // U+0129
    { 8, 22, 160, 1, 22, 44, 3458 }, // U+012A
    { 9, 17, 144, 0, 17, 39, 3502 }, // U+012B
    { 9, 24, 160, 1, 24, 54, 3541 }, // U+012C
    { 10, 19, 144, -1, 19, 48, 3595 }, // U+012D
    { 8, 22, 160, 1, 17, 44, 3643 }, // U+012E
    { 8, 24, 144, 1, 19, 48, 3687 }, // U+012F
    { 8, 23, 160, 1, 23, 46, 3735 }, // U+0130
    { 8, 13, 144, 1, 13, 26, 3781 }, // U+0131
    { 23, 17, 400, 1, 17, 98, 3807 }, // U+0132
    { 15, 24, 288, 1, 19, 90, 3905 }, // U+0133
    { 13, 24, 224, 1, 24, 78, 3995 }, // U+0134
    { 9, 25, 128, -1, 20, 57, 4073 }, // U+0135
    { 18, 24, 320, 1, 17, 108, 4130 }, // U+0136
    { 16, 26, 272, 1, 19, 104, 4238 }, // U+0137
    { 16, 13, 272, 1, 13, 52, 4342 }, // U+0138
    { 14, 23, 256, 1, 23, 81, 4394 }, // U+0139
    { 7, 24, 144, 1, 24, 42, 4475 }, // U+013A
    { 14, 24, 256, 1, 17, 84, 4517 }, // U+013B
    { 7, 26, 144, 1, 19, 46, 4601 }, // U+013C
    { 14, 20, 256, 1, 20, 70, 4647 }, // U+013D
    { 10, 19, 192, 1, 19, 48, 4717 }, // U+013E
    { 15, 17, 256, 1, 17, 64, 4765 }, // U+013F
    { 11, 19, 176, 1, 19, 53, 4829 }, // U+0140
    { 15, 17, 256, 0, 17, 64, 4882 }, // U+0141
    { 8, 19, 160, 1, 19, 38, 4946 }, // U+0142
    { 19, 23, 336, 1, 23, 110, 4984 }, // U+0143
    { 16, 20, 272, 1, 20, 80, 5094 }, // U+0144
    { 19, 24, 336, 1, 17, 114, 5174 }, // U+0145
    { 16, 20, 272, 1, 13, 80, 5288 }, // U+0146
    { 19, 24, 336, 1, 24, 114, 5368 }, // U+0147
    { 16, 20, 272, 1, 20, 80, 5482 }, // U+0148
    { 21, 19, 336, 0, 19, 100, 5562 }, // U+0149
    { 19, 23, 336, 1, 17, 110, 5662 }, // U+014A
    { 14, 19, 272, 1, 13, 67, 5772 }, // U+014B
    { 17, 22, 304, 1, 22, 94, 5839 }, // U+014C
    { 14, 17, 256, 1, 17, 60, 5933 }, // U+014D
    { 17, 24, 304, 1, 24, 102, 5993 }, // U+014E
    { 14, 19, 256, 1, 19, 67, 6095 }, // U+014F
    { 17, 24, 304, 1, 24, 102, 6162 }, // U+0150
    { 14, 20, 256, 1, 20, 70, 6264 }, // U+0151
    { 26, 17, 432, 1, 17, 111, 6334 }, // U+0152
    { 22, 13, 384, 1, 13, 72, 6445 }, // U+0153
    { 17, 23, 304, 1, 23, 98, 6517 }, // U+0154
    { 12, 20, 224, 1, 20, 60, 6615 }, // U+0155
    { 17, 24, 304, 1, 17, 102, 6675 }, // U+0156
    { 12, 20, 224, 1, 13, 60, 6777 }, // U+0157
    { 17, 24, 304, 1, 24, 102, 6837 }, // U+0158
    { 12, 20, 224, 1, 20, 60, 6939 }, // U+0159
    { 13, 23, 240, 1, 23, 75, 6999 }, // U+015A
    { 11, 20, 192, 1, 20, 55, 7074 }, // U+015B
    { 13, 24, 240, 1, 24, 78, 7129 }, // U+015C
    { 11, 20, 192, 1, 20, 55, 7207 }, // U+015D
    { 13, 22, 240, 1, 17, 72, 7262 }, // U+015E
    { 11, 18, 192, 1, 13, 50, 7334 }, // U+015F
    { 13, 24, 240, 1, 24, 78, 7384 }, // U+0160
    { 11, 20, 192, 1, 20, 55, 7462 }, // U+0161
    { 17, 22, 304, 1, 17, 94, 7517 }, // U+0162
    { 10, 22, 176, 1, 17, 55, 7611 }, // U+0163
    { 17, 24, 304, 1, 24, 102, 7666 }, // U+0164
    { 11, 21, 176, 1, 21, 58, 7768 }, // U+0165
    { 17, 17, 304, 1, 17, 73, 7826 }, // U+0166
    { 11, 17, 176, 0, 17, 47, 7899 }, // U+0167
    { 18, 23, 320, 1, 23, 104, 7946 }, // U+0168
    { 15, 19, 272, 1, 19, 72, 8050 }, // U+0169
    { 18, 22, 320, 1, 22, 99, 8122 }, // U+016A
    { 15, 17, 272, 1, 17, 64, 8221 }, // U+016B
    { 18, 24, 320, 1, 24, 108, 8285 }, // U+016C
    { 15, 19, 272, 1, 19, 72, 8393 }, // U+016D
    { 18, 24, 320, 1, 24, 108, 8465 }, // U+016E
    { 15, 20, 272, 1, 20, 75, 8573 }, // U+016F
    { 18, 24, 320, 1, 24, 108, 8648 }, // U+0170
    { 15, 20, 272, 1, 20, 75, 8756 }, // U+0171
    { 18, 22, 320, 1, 17, 99, 8831 }, // U+0172
    { 15, 18, 272, 1, 13, 68, 8930 }, // U+0173
    { 28, 24, 448, 0, 24, 168, 8998 }, // U+0174
    { 22, 20, 368, 0, 20, 110, 9166 }, // U+0175
    { 18, 24, 304, 0, 24, 108, 9276 }, // U+0176
    { 15, 25, 240, 0, 20, 94, 9384 }, // U+0177
    { 18, 23, 304, 0, 23, 104, 9478 }, // U+0178
    { 15, 23, 272, 1, 23, 87, 9582 }, // U+0179
    { 12, 20, 208, 1, 20, 60, 9669 }, // U+017A
    { 15, 23, 272, 1, 23, 87, 9729 }, // U+017B
    { 12, 19, 208, 1, 19, 57, 9816 }, // U+017C
    { 15, 24, 272, 1, 24, 90, 9873 }, // U+017D
    { 12, 20, 208, 1, 20, 60, 9963 }, // U+017E
    { 21, 19, 352, 1, 19, 100, 0 }, // U+01A0
    { 16, 17, 272, 1, 17, 68, 100 }, // U+01A1
    { 21, 19, 352, 1, 19, 100, 168 }, // U+01AF
    { 18, 17, 304, 1, 17, 77, 268 }, // U+01B0
    { 34, 24, 576, 1, 24, 204, 345 }, // U+01C4
    { 31, 20, 528, 1, 20, 155, 549 }, // U+01C5
    { 28, 20, 480, 1, 20, 140, 704 }, // U+01C6
    { 29, 17, 496, 1, 17, 124, 844 }, // U+01C7
    { 22, 24, 400, 1, 19, 132, 968 }, // U+01C8
    { 14, 24, 272, 1, 19, 84, 1100 }, // U+01C9
    { 33, 17, 560, 1, 17, 141, 1184 }, // U+01CA
    { 27, 24, 480, 1, 19, 162, 1325 }, // U+01CB
    { 23, 24, 416, 1, 19, 138, 1487 }, // U+01CC
    { 19, 24, 304, 0, 24, 114, 1625 }, // U+01CD
    { 13, 20, 224, 1, 20, 65, 1739 }, // U+01CE
    { 9, 24, 160, 1, 24, 54, 1804 }, // U+01CF
    { 10, 20, 144, -1, 20, 50, 1858 }, // U+01D0
    { 17, 24, 304, 1, 24, 102, 1908 }, // U+01D1
    { 14, 20, 256, 1, 20, 70, 2010 }, // U+01D2
    { 18, 24, 320, 1, 24, 108, 2080 }, // U+01D3
    { 15, 20, 272, 1, 20, 75, 2188 }, // U+01D4
    { 18, 27, 320, 1, 27, 122, 2263 }, // U+01D5
    { 15, 23, 272, 1, 23, 87, 2385 }, // U+01D6
    { 18, 29, 320, 1, 29, 131, 2472 }, // U+01D7
    { 15, 25, 272, 1, 25, 94, 2603 }, // U+01D8
    { 18, 29, 320, 1, 29, 131, 2697 }, // U+01D9
    { 15, 26, 272, 1, 26, 98, 2828 }, // U+01DA
    { 18, 28, 320, 1, 28, 126, 2926 }, // U+01DB
    { 15, 25, 272, 1, 25, 94, 3052 }, // U+01DC
    { 18, 24, 304, 1, 24, 108, 3146 }, // U+01E6
    { 15, 25, 240, 0, 20, 94, 3254 }, // U+01E7
    { 17, 22, 304, 1, 17, 94, 3348 }, // U+01EA
    { 14, 18, 256, 1, 13, 63, 3442 }, // U+01EB
    { 19, 27, 304, 0, 27, 129, 3505 }, // U+01FA
    { 13, 25, 224, 1, 25, 82, 3634 }, // U+01FB
    { 25, 23, 416, 0, 23, 144, 3716 }, // U+01FC
    { 20, 20, 336, 1, 20, 100, 3860 }, // U+01FD
    { 18, 23, 304, 1, 23, 104, 3960 }, // U+01FE
    { 14, 20, 256, 1, 20, 70, 4064 }, // U+01FF
    { 19, 24, 304, 0, 24, 114, 4134 }, // U+0200
    { 14, 20, 224, 0, 20, 70, 4248 }, // U+0201
    { 19, 23, 304, 0, 23, 110, 4318 }, // U+0202
    { 13, 19, 224, 1, 19, 62, 4428 }, // U+0203
    { 15, 24, 272, 1, 24, 90, 4490 }, // U+0204
    { 12, 20, 224, 1, 20, 60, 4580 }, // U+0205
    { 15, 23, 272, 1, 23, 87, 4640 }, // U+0206
    { 12, 19, 224, 1, 19, 57, 4727 }, // U+0207
    { 11, 24, 160, -2, 24, 66, 4784 }, // U+0208
    { 12, 20, 144, -3, 20, 60, 4850 }, // U+0209
    { 9, 23, 160, 1, 23, 52, 4910 }, // U+020A
    { 10, 19, 144, -1, 19, 48, 4962 }, // U+020B
    { 17, 24, 304, 1, 24, 102, 5010 }, // U+020C
    { 14, 20, 256, 1, 20, 70, 5112 }, // U+020D
    { 17, 23, 304, 1, 23, 98, 5182 }, // U+020E
    { 14, 19, 256, 1, 19, 67, 5280 }, // U+020F
    { 17, 24, 304, 1, 24, 102, 5347 }, // U+0210
    { 12, 20, 224, 1, 20, 60, 5449 }, // U+0211
    { 17, 23, 304, 1, 23, 98, 5509 }, // U+0212
    { 12, 19, 224, 1, 19, 57, 5607 }, // U+0213
    { 18, 24, 320, 1, 24, 108, 5664 }, // U+0214
    { 15, 20, 272, 1, 20, 75, 5772 }, // U+0215
    { 18, 23, 320, 1, 23, 104, 5847 }, // U+0216
    { 15, 19, 272, 1, 19, 72, 5951 }, // U+0217
    { 13, 24, 240, 1, 17, 78, 6023 }, // U+0218
    { 11, 20, 192, 1, 13, 55, 6101 }, // U+0219
    { 17, 24, 304, 1, 17, 102, 6156 }, // U+021A
    { 10, 24, 176, 1, 17, 60, 6258 }, // U+021B
    { 5, 6, 0, -3, 20, 8, 0 }, // U+0300
    { 6, 6, 0, -2, 20, 9, 8 }, // U+0301
    { 8, 6, 0, -4, 20, 12, 17 }, // U+0302
    { 10, 4, 0, -5, 19, 10, 29 }, // U+0303
    { 8, 2, 0, -4, 17, 4, 39 }, // U+0304
    { 8, 5, 0, -4, 19, 10, 43 }, // U+0306
    { 4, 4, 0, -2, 19, 4, 53 }, // U+0307
    { 10, 4, 0, -5, 19, 10, 57 }, // U+0308
    { 7, 6, 0, -4, 20, 11, 67 }, // U+0309
    { 6, 5, 0, -3, 20, 8, 78 }, // U+030A
    { 10, 6, 0, -3, 20, 15, 86 }, // U+030B
    { 8, 6, 0, -4, 20, 12, 101 }, // U+030C
    { 9, 6, 0, -6, 20, 14, 113 }, // U+030F
    { 8, 5, 0, -4, 19, 10, 127 }, // U+0311
    { 4, 6, 0, -2, 20, 6, 137 }, // U+0312
    { 5, 8, 0, -3, 17, 10, 143 }, // U+031B
    { 4, 4, 0, -2, -2, 4, 153 }, // U+0323
    { 10, 4, 0, -5, -2, 10, 157 }, // U+0324
    { 4, 6, 0, -2, -1, 6, 167 }, // U+0326
    { 6, 6, 0, -3, 0, 9, 173 }, // U+0327
    { 6, 6, 0, -3, 0, 9, 182 }, // U+0328
    { 8, 4, 0, -4, -2, 8, 191 }, // U+032E
    { 8, 2, 0, -4, -3, 4, 199 }, // U+0331
    { 15, 23, 272, 1, 23, 87, 0 }, // U+0401
    { 22, 20, 352, 0, 17, 110, 87 }, // U+0402
    { 14, 23, 256, 1, 23, 81, 197 }, // U+0403
    { 16, 17, 272, 1, 17, 68, 278 }, // U+0404
    { 13, 17, 240, 1, 17, 56, 346 }, // U+0405
    { 8, 17, 160, 1, 17, 34, 402 }, // U+0406
    { 10, 23, 160, 0, 23, 58, 436 }, // U+0407
    { 13, 17, 224, 1, 17, 56, 494 }, // U+0408
    { 25, 17, 416, 1, 17, 107, 550 }, // U+0409
    { 25, 17, 432, 1, 17, 107, 657 }, // U+040A
    { 24, 17, 384, 0, 17, 102, 764 }, // U+040B
    { 18, 23, 304, 1, 23, 104, 866 }, // U+040C
    { 19, 23, 336, 1, 23, 110, 970 }, // U+040D
    { 17, 24, 272, 0, 24, 102, 1080 }, // U+040E
    { 19, 20, 336, 1, 17, 95, 1182 }, // U+040F
    { 19, 17, 304, 0, 17, 81, 1277 }, // U+0410
    { 15, 17, 272, 1, 17, 64, 1358 }, // U+0411
    { 15, 17, 272, 1, 17, 64, 1422 }, // U+0412
    { 14, 17, 256, 1, 17, 60, 1486 }, // U+0413
    { 18, 21, 304, 0, 17, 95, 1546 }, // U+0414
    { 15, 17, 272, 1, 17, 64, 1641 }, // U+0415
    { 27, 17, 448, 0, 17, 115, 1705 }, // U+0416
    { 14, 17, 256, 1, 17, 60, 1820 }, // U+0417
    { 19, 17, 336, 1, 17, 81, 1880 }, // U+0418
    { 19, 24, 336, 1, 24, 114, 1961 }, // U+0419
    { 18, 17, 304, 1, 17, 77, 2075 }, // U+041A
    { 18, 17, 320, 0, 17, 77, 2152 }, // U+041B
    { 23, 17, 400, 1, 17, 98, 2229 }, // U+041C
    { 19, 17, 336, 1, 17, 81, 2327 }, // U+041D
    { 17, 17, 304, 1, 17, 73, 2408 }, // U+041E
    { 19, 17, 336, 1, 17, 81, 2481 }, // U+041F
    { 15, 17, 256, 1, 17, 64, 2562 }, // U+0420
    { 16, 17, 288, 1, 17, 68, 2626 }, // U+0421
    { 17, 17, 304, 1, 17, 73, 2694 }, // U+0422
    { 17, 17, 272, 0, 17, 73, 2767 }, // U+0423
    { 20, 19, 352, 1, 19, 95, 2840 }, // U+0424
    { 19, 17, 304, 0, 17, 81, 2935 }, // U+0425
    { 20, 21, 352, 1, 17, 105, 3016 }, // U+0426
    { 19, 17, 320, 0, 17, 81, 3121 }, // U+0427
    { 27, 17, 480, 1, 17, 115, 3202 }, // U+0428
    { 29, 21, 480, 1, 17, 153, 3317 }, // U+0429
    { 19, 17, 320, 0, 17, 81, 3470 }, // U+042A
    { 23, 17, 416, 1, 17, 98, 3551 }, // U+042B
    { 15, 17, 272, 1, 17, 64, 3649 }, // U+042C
    { 15, 17, 288, 1, 17, 64, 3713 }, // U+042D
    { 26, 17, 448, 1, 17, 111, 3777 }, // U+042E
    { 17, 17, 304, 0, 17, 73, 3888 }, // U+042F
    { 13, 13, 224, 1, 13, 43, 3961 }, // U+0430
    { 13, 19, 240, 1, 19, 62, 4004 }, // U+0431
    { 13, 13, 240, 1, 13, 43, 4066 }, // U+0432
    { 12, 13, 208, 1, 13, 39, 4109 }, // U+0433
    { 15, 17, 256, 0, 13, 64, 4148 }, // U+0434
    { 12, 13, 224, 1, 13, 39, 4212 }, // U+0435
    { 23, 13, 368, 0, 13, 75, 4251 }, // U+0436
    { 11, 13, 208, 1, 13, 36, 4326 }, // U+0437
    { 16, 13, 288, 1, 13, 52, 4362 }, // U+0438
    { 16, 19, 288, 1, 19, 76, 4414 }, // U+0439
    { 15, 13, 256, 1, 13, 49, 4490 }, // U+043A
    { 16, 13, 272, 0, 13, 52, 4539 }, // U+043B
    { 18, 13, 304, 1, 13, 59, 4591 }, // U+043C
    { 16, 13, 288, 1, 13, 52, 4650 }, // U+043D
    { 14, 13, 256, 1, 13, 46, 4702 }, // U+043E
    { 16, 13, 288, 1, 13, 52, 4748 }, // U+043F
    { 15, 18, 272, 1, 13, 68, 4800 }, // U+0440
    { 12, 13, 224, 1, 13, 39, 4868 }, // U+0441
    { 14, 13, 240, 1, 13, 46, 4907 }, // U+0442
    { 15, 18, 240, 0, 13, 68, 4953 }, // U+0443
    { 20, 25, 336, 1, 20, 125, 5021 }, // U+0444
    { 15, 13, 240, 0, 13, 49, 5146 }, // U+0445
    { 17, 17, 288, 1, 13, 73, 5195 }, // U+0446
    { 16, 13, 272, 0, 13, 52, 5268 }, // U+0447
    { 23, 13, 400, 1, 13, 75, 5320 }, // U+0448
    { 24, 17, 400, 1, 13, 102, 5395 }, // U+0449
    { 17, 13, 272, 0, 13, 56, 5497 }, // U+044A
    { 20, 13, 352, 1, 13, 65, 5553 }, // U+044B
    { 13, 13, 240, 1, 13, 43, 5618 }, // U+044C
    { 12, 13, 224, 1, 13, 39, 5661 }, // U+044D
    { 21, 13, 368, 1, 13, 69, 5700 }, // U+044E
    { 15, 13, 256, 0, 13, 49, 5769 }, // U+044F
    { 12, 19, 224, 1, 19, 57, 5818 }, // U+0451
    { 14, 25, 272, 1, 19, 88, 5875 }, // U+0452
    { 12, 20, 208, 1, 20, 60, 5963 }, // U+0453
    { 12, 13, 224, 1, 13, 39, 6023 }, // U+0454
    { 11, 13, 192, 1, 13, 36, 6062 }, // U+0455
    { 8, 19, 144, 1, 19, 38, 6098 }, // U+0456
    { 10, 19, 144, -1, 19, 48, 6136 }, // U+0457
    { 7, 24, 128, 0, 19, 42, 6184 }, // U+0458
    { 21, 13, 352, 0, 13, 69, 6226 }, // U+0459
    { 21, 13, 368, 1, 13, 69, 6295 }, // U+045A
    { 17, 19, 272, 0, 19, 81, 6364 }, // U+045B
    { 15, 20, 256, 1, 20, 75, 6445 }, // U+045C
    { 16, 20, 288, 1, 20, 80, 6520 }, // U+045D
    { 15, 24, 240, 0, 19, 90, 6600 }, // U+045E
    { 16, 17, 288, 1, 13, 68, 6690 }, // U+045F
    { 19, 19, 320, 0, 19, 91, 6758 }, // U+0462
    { 16, 19, 288, 1, 19, 76, 6849 }, // U+0463
    { 27, 17, 432, 0, 17, 115, 6925 }, // U+046A
    { 22, 13, 368, 0, 13, 72, 7040 }, // U+046B
    { 14, 21, 224, 1, 21, 74, 7112 }, // U+0490
    { 11, 16, 192, 1, 16, 44, 7186 }, // U+0491
    { 14, 17, 240, 1, 17, 60, 7230 }, // U+0492
    { 12, 13, 208, 1, 13, 39, 7290 }, // U+0493
    { 28, 21, 448, 0, 17, 147, 7329 }, // U+0496
    { 23, 17, 368, 0, 13, 98, 7476 }, // U+0497
    { 18, 21, 320, 1, 17, 95, 7574 }, // U+049A
    { 16, 17, 272, 1, 13, 68, 7669 }, // U+049B
    { 20, 21, 352, 1, 17, 105, 7737 }, // U+04A2
    { 17, 17, 288, 1, 13, 73, 7842 }, // U+04A3
    { 18, 17, 304, 0, 17, 77, 7915 }, // U+04AE
    { 15, 18, 240, 0, 13, 68, 7992 }, // U+04AF
    { 18, 17, 304, 0, 17, 77, 8060 }, // U+04B0
    { 15, 18, 240, 0, 13, 68, 8137 }, // U+04B1
    { 19, 17, 320, 1, 17, 81, 8205 }, // U+04BA
    { 16, 19, 272, 1, 19, 76, 8286 }, // U+04BB
    { 16, 17, 288, 1, 17, 68, 8362 }, // U+04D8
    { 12, 13, 224, 1, 13, 39, 8430 }, // U+04D9
    { 17, 17, 320, 1, 17, 73, 8469 }, // U+04E8
    { 14, 13, 256, 1, 13, 46, 8542 }, // U+04E9
    { 19, 23, 304, 0, 17, 110, 0 }, // U+1EA0
    { 13, 19, 224, 1, 13, 62, 110 }, // U+1EA1
    { 19, 24, 304, 0, 24, 114, 172 }, // U+1EA2
    { 13, 20, 224, 1, 20, 65, 286 }, // U+1EA3
    { 19, 29, 304, 0, 29, 138, 351 }, // U+1EA4
    { 13, 25, 224, 1, 25, 82, 489 }, // U+1EA5
    { 19, 29, 304, 0, 29, 138, 571 }, // U+1EA6
    { 13, 25, 224, 1, 25, 82, 709 }, // U+1EA7
    { 19, 28, 304, 0, 28, 133, 791 }, // U+1EA8
    { 13, 24, 224, 1, 24, 78, 924 }, // U+1EA9
    { 19, 28, 304, 0, 28, 133, 1002 }, // U+1EAA
    { 13, 25, 224, 1, 25, 82, 1135 }, // U+1EAB
    { 19, 30, 304, 0, 24, 143, 1217 }, // U+1EAC
    { 13, 26, 224, 1, 20, 85, 1360 }, // U+1EAD
    { 19, 29, 304, 0, 29, 138, 1445 }, // U+1EAE
    { 13, 25, 224, 1, 25, 82, 1583 }, // U+1EAF
    { 19, 29, 304, 0, 29, 138, 1665 }, // U+1EB0
    { 13, 25, 224, 1, 25, 82, 1803 }, // U+1EB1
    { 19, 29, 304, 0, 29, 138, 1885 }, // U+1EB2
    { 13, 25, 224, 1, 25, 82, 2023 }, // U+1EB3
    { 19, 28, 304, 0, 28, 133, 2105 }, // U+1EB4
    { 13, 24, 224, 1, 24, 78, 2238 }, // U+1EB5
    { 19, 30, 304, 0, 24, 143, 2316 }, // U+1EB6
    { 13, 25, 224, 1, 19, 82, 2459 }, // U+1EB7
    { 15, 23, 272, 1, 17, 87, 2541 }, // U+1EB8
    { 12, 19, 224, 1, 13, 57, 2628 }, // U+1EB9
    { 15, 24, 272, 1, 24, 90, 2685 }, // U+1EBA
    { 12, 20, 224, 1, 20, 60, 2775 }, // U+1EBB
    { 15, 23, 272, 1, 23, 87, 2835 }, // U+1EBC
    { 12, 19, 224, 1, 19, 57, 2922 }, // U+1EBD
    { 15, 29, 272, 1, 29, 109, 2979 }, // U+1EBE
    { 12, 25, 224, 1, 25, 75, 3088 }, // U+1EBF
    { 15, 29, 272, 1, 29, 109, 3163 }, // U+1EC0
    { 12, 25, 224, 1, 25, 75, 3272 }, // U+1EC1
    { 15, 28, 272, 1, 28, 105, 3347 }, // U+1EC2
    { 14, 24, 224, 1, 24, 84, 3452 }, // U+1EC3
    { 15, 28, 272, 1, 28, 105, 3536 }, // U+1EC4
    { 12, 24, 224, 1, 24, 72, 3641 }, // U+1EC5
    { 15, 30, 272, 1, 24, 113, 3713 }, // U+1EC6
    { 12, 26, 224, 1, 20, 78, 3826 }, // U+1EC7
    { 8, 24, 160, 1, 24, 48, 3904 }, // U+1EC8
    { 9, 20, 144, 0, 20, 45, 3952 }, // U+1EC9
    { 8, 23, 160, 1, 17, 46, 3997 }, // U+1ECA
    { 8, 25, 144, 1, 19, 50, 4043 }, // U+1ECB
    { 17, 23, 304, 1, 17, 98, 4093 }, // U+1ECC
    { 14, 19, 256, 1, 13, 67, 4191 }, // U+1ECD
    { 17, 24, 304, 1, 24, 102, 4258 }, // U+1ECE
    { 14, 20, 256, 1, 20, 70, 4360 }, // U+1ECF
    { 17, 29, 304, 1, 29, 124, 4430 }, // U+1ED0
    { 14, 25, 256, 1, 25, 88, 4554 }, // U+1ED1
    { 17, 29, 304, 1, 29, 124, 4642 }, // U+1ED2
    { 14, 25, 256, 1, 25, 88, 4766 }, // U+1ED3
    { 17, 28, 304, 1, 28, 119, 4854 }, // U+1ED4
    { 14, 24, 256, 1, 24, 84, 4973 }, // U+1ED5
    { 17, 28, 304, 1, 28, 119, 5057 }, // U+1ED6
    { 14, 25, 256, 1, 25, 88, 5176 }, // U+1ED7
    { 17, 30, 304, 1, 24, 128, 5264 }, // U+1ED8
    { 14, 26, 256, 1, 20, 91, 5392 }, // U+1ED9
    { 21, 23, 352, 1, 23, 121, 5483 }, // U+1EDA
    { 16, 20, 272, 1, 20, 80, 5604 }, // U+1EDB
    { 21, 23, 352, 1, 23, 121, 5684 }, // U+1EDC
    { 16, 20, 272, 1, 20, 80, 5805 }, // U+1EDD
    { 21, 24, 352, 1, 24, 126, 5885 }, // U+1EDE
    { 16, 20, 272, 1, 20, 80, 6011 }, // U+1EDF
    { 21, 23, 352, 1, 23, 121, 6091 }, // U+1EE0
    { 16, 19, 272, 1, 19, 76, 6212 }, // U+1EE1
    { 21, 25, 352, 1, 19, 132, 6288 }, // U+1EE2
    { 16, 23, 272, 1, 17, 92, 6420 }, // U+1EE3
    { 18, 23, 320, 1, 17, 104, 6512 }, // U+1EE4
    { 15, 19, 272, 1, 13, 72, 6616 }, // U+1EE5
    { 18, 24, 320, 1, 24, 108, 6688 }, // U+1EE6
    { 15, 20, 272, 1, 20, 75, 6796 }, // U+1EE7
    { 21, 23, 352, 1, 23, 121, 6871 }, // U+1EE8
    { 18, 20, 304, 1, 20, 90, 6992 }, // U+1EE9
    { 21, 23, 352, 1, 23, 121, 7082 }, // U+1EEA
    { 18, 20, 304, 1, 20, 90, 7203 }, // U+1EEB
    { 21, 24, 352, 1, 24, 126, 7293 }, // U+1EEC
    { 18, 20, 304, 1, 20, 90, 7419 }, // U+1EED
    { 21, 23, 352, 1, 23, 121, 7509 }, // U+1EEE
    { 18, 19, 304, 1, 19, 86, 7630 }, // U+1EEF
    { 21, 25, 352, 1, 19, 132, 7716 }, // U+1EF0
    { 18, 23, 304, 1, 17, 104, 7848 }, // U+1EF1
    { 18, 23, 304, 0, 23, 104, 7952 }, // U+1EF2
    { 15, 25, 240, 0, 20, 94, 8056 }, // U+1EF3
    { 18, 23, 304, 0, 17, 104, 8150 }, // U+1EF4
    { 15, 18, 240, 0, 13, 68, 8254 }, // U+1EF5
    { 18, 24, 304, 0, 24, 108, 8322 }, // U+1EF6
    { 15, 25, 240, 0, 20, 94, 8430 }, // U+1EF7
    { 18, 23, 304, 0, 23, 104, 8524 }, // U+1EF8
    { 15, 24, 240, 0, 19, 90, 8628 }, // U+1EF9
    { 1, 1, 240, 0, 1, 1, 0 }, // U+2007
    { 1, 1, 128, 0, 1, 1, 1 }, // U+2008
    { 1, 1, 48, 0, 1, 1, 2 }, // U+2009
    { 1, 1, 32, 0, 1, 1, 3 }, // U+200A
    { 1, 1, 0, 0, 1, 1, 4 }, // U+200B
    { 7, 2, 128, 1, 8, 4, 5 }, // U+2010
    { 12, 2, 208, 0, 8, 6, 9 }, // U+2012
    { 12, 2, 208, 0, 8, 6, 15 }, // U+2013
    { 25, 2, 400, 0, 8, 13, 21 }, // U+2014
    { 25, 2, 400, 0, 8, 13, 34 }, // U+2015
    { 4, 8, 128, 2, 20, 8, 47 }, // U+2018
    { 4, 8, 128, 2, 19, 8, 55 }, // U+2019
    { 4, 8, 128, 2, 4, 8, 63 }, // U+201A
    { 10, 8, 208, 2, 20, 20, 71 }, // U+201C
    { 10, 8, 208, 2, 19, 20, 91 }, // U+201D
    { 10, 8, 192, 1, 4, 20, 111 }, // U+201E
    { 11, 20, 208, 1, 19, 55, 131 }, // U+2020
    { 11, 21, 208, 1, 19, 58, 186 }, // U+2021
    { 7, 6, 160, 1, 11, 11, 244 }, // U+2022
    { 21, 4, 368, 1, 4, 21, 255 }, // U+2026
    { 31, 15, 528, 1, 15, 117, 276 }, // U+2030
    { 4, 7, 96, 1, 20, 7, 393 }, // U+2032
    { 9, 7, 176, 1, 20, 16, 400 }, // U+2033
    { 6, 11, 128, 1, 12, 17, 416 }, // U+2039
    { 6, 11, 128, 1, 12, 17, 433 }, // U+203A
    { 21, 20, 368, 1, 19, 105, 450 }, // U+2042
    { 13, 17, 144, -2, 17, 56, 555 }, // U+2044
    { 10, 12, 192, 1, 21, 30, 0 }, // U+2070
    { 10, 12, 176, 0, 21, 30, 30 }, // U+2074
    { 9, 12, 160, 0, 21, 27, 60 }, // U+2075
    { 9, 12, 176, 1, 21, 27, 87 }, // U+2076
    { 9, 12, 160, 0, 21, 27, 114 }, // U+2077
    { 10, 12, 176, 0, 21, 30, 141 }, // U+2078
    { 9, 12, 176, 1, 21, 27, 171 }, // U+2079
    { 5, 15, 112, 1, 22, 19, 198 }, // U+207D
    { 5, 15, 112, 1, 22, 19, 217 }, // U+207E
    { 12, 9, 224, 1, 18, 27, 236 }, // U+207F
    { 10, 12, 192, 1, 8, 30, 263 }, // U+2080
    { 7, 12, 128, 1, 8, 21, 293 }, // U+2081
    { 10, 12, 160, 0, 8, 30, 314 }, // U+2082
    { 9, 12, 176, 1, 8, 27, 344 }, // U+2083
    { 10, 12, 176, 0, 8, 30, 371 }, // U+2084
    { 9, 12, 160, 0, 8, 27, 401 }, // U+2085
    { 9, 12, 176, 1, 8, 27, 428 }, // U+2086
    { 9, 12, 160, 0, 8, 27, 455 }, // U+2087
    { 10, 12, 176, 0, 8, 30, 482 }, // U+2088
    { 9, 12, 176, 1, 8, 27, 512 }, // U+2089
    { 5, 15, 112, 1, 9, 19, 539 }, // U+208D
    { 5, 15, 112, 1, 9, 19, 558 }, // U+208E
    { 14, 22, 256, 1, 20, 77, 0 }, // U+20A1
    { 15, 17, 256, 0, 17, 64, 77 }, // U+20A3
    { 14, 17, 240, 0, 17, 60, 141 }, // U+20A4
    { 19, 17, 336, 1, 17, 81, 201 }, // U+20A6
    { 38, 17, 624, 1, 17, 162, 282 }, // U+20A7
    { 28, 17, 448, 0, 17, 119, 444 }, // U+20A9
    { 15, 23, 256, 1, 19, 87, 563 }, // U+20AB
    { 16, 17, 272, 0, 17, 68, 650 }, // U+20AC
    { 20, 17, 320, 0, 17, 85, 718 }, // U+20AD
    { 18, 17, 288, 0, 17, 77, 803 }, // U+20AE
    { 18, 17, 288, 0, 17, 77, 880 }, // U+20B1
    { 18, 22, 304, 1, 20, 99, 957 }, // U+20B2
    { 17, 17, 272, 0, 17, 73, 1056 }, // U+20B4
    { 14, 23, 256, 1, 21, 81, 1129 }, // U+20B5
    { 18, 17, 288, 0, 17, 77, 1210 }, // U+20B8
    { 13, 18, 240, 1, 18, 59, 1287 }, // U+20B9
    { 15, 17, 256, 1, 17, 64, 1346 }, // U+20BA
    { 18, 17, 320, 1, 17, 77, 1410 }, // U+20BC
    { 15, 17, 272, 1, 17, 64, 1487 }, // U+20BD
    { 12, 8, 224, 1, 11, 24, 0 }, // U+2190
    { 8, 12, 224, 3, 13, 24, 24 }, // U+2191
    { 12, 8, 224, 1, 11, 24, 48 }, // U+2192
    { 8, 12, 224, 3, 13, 24, 72 }, // U+2193
    { 13, 18, 240, 1, 18, 59, 0 }, // U+2202
    { 17, 19, 304, 1, 17, 81, 59 }, // U+2205
    { 16, 17, 272, 0, 17, 68, 140 }, // U+2206
    { 19, 20, 336, 1, 17, 95, 208 }, // U+220F
    { 14, 21, 256, 1, 17, 74, 303 }, // U+2211
    { 11, 3, 240, 2, 9, 9, 377 }, // U+2212
    { 13, 18, 240, 1, 18, 59, 386 }, // U+2215
    { 5, 4, 112, 1, 10, 5, 445 }, // U+2219
    { 13, 19, 240, 1, 19, 62, 450 }, // U+221A
    { 14, 7, 256, 1, 10, 25, 512 }, // U+221E
    { 13, 23, 192, -1, 18, 75, 537 }, // U+222B
    { 11, 9, 240, 2, 12, 25, 612 }, // U+2248
    { 11, 14, 240, 2, 15, 39, 637 }, // U+2260
    { 10, 14, 240, 2, 14, 35, 676 }, // U+2264
    { 11, 14, 240, 2, 14, 39, 711 }, // U+2265
    { 17, 19, 288, 1, 19, 81, 0 }, // U+FB01
    { 17, 19, 304, 1, 19, 81, 81 }, // U+FB02
};

static const EpdUnicodeInterval literatamono_12_boldIntervals[] = {
    { 0x20, 0x7E, 0x0 },
    { 0xA0, 0x17E, 0x5F },
    { 0x1A0, 0x1A1, 0x13E },
    { 0x1AF, 0x1B0, 0x140 },
    { 0x1C4, 0x1DC, 0x142 },
    { 0x1E6, 0x1E7, 0x15B },
    { 0x1EA, 0x1EB, 0x15D },
    { 0x1FA, 0x21B, 0x15F },
    { 0x300, 0x304, 0x181 },
    { 0x306, 0x30C, 0x186 },
    { 0x30F, 0x30F, 0x18D },
    { 0x311, 0x312, 0x18E },
    { 0x31B, 0x31B, 0x190 },
    { 0x323, 0x324, 0x191 },
    { 0x326, 0x328, 0x193 },
    { 0x32E, 0x32E, 0x196 },
    { 0x331, 0x331, 0x197 },
    { 0x401, 0x44F, 0x198 },
    { 0x451, 0x45F, 0x1E7 },
    { 0x462, 0x463, 0x1F6 },
    { 0x46A, 0x46B, 0x1F8 },
    { 0x490, 0x493, 0x1FA },
    { 0x496, 0x497, 0x1FE },
    { 0x49A, 0x49B, 0x200 },
    { 0x4A2, 0x4A3, 0x202 },
    { 0x4AE, 0x4B1, 0x204 },
    { 0x4BA, 0x4BB, 0x208 },
    { 0x4D8, 0x4D9, 0x20A },
    { 0x4E8, 0x4E9, 0x20C },
    { 0x1EA0, 0x1EF9, 0x20E },
    { 0x2007, 0x200B, 0x268 },
    { 0x2010, 0x2010, 0x26D },
    { 0x2012, 0x2015, 0x26E },
    { 0x2018, 0x201A, 0x272 },
    { 0x201C, 0x201E, 0x275 },
    { 0x2020, 0x2022, 0x278 },
    { 0x2026, 0x2026, 0x27B },
    { 0x2030, 0x2030, 0x27C },
    { 0x2032, 0x2033, 0x27D },
    { 0x2039, 0x203A, 0x27F },
    { 0x2042, 0x2042, 0x281 },
    { 0x2044, 0x2044, 0x282 },
    { 0x2070, 0x2070, 0x283 },
    { 0x2074, 0x2079, 0x284 },
    { 0x207D, 0x2089, 0x28A },
    { 0x208D, 0x208E, 0x297 },
    { 0x20A1, 0x20A1, 0x299 },
    { 0x20A3, 0x20A4, 0x29A },
    { 0x20A6, 0x20A7, 0x29C },
    { 0x20A9, 0x20A9, 0x29E },
    { 0x20AB, 0x20AE, 0x29F },
    { 0x20B1, 0x20B2, 0x2A3 },
    { 0x20B4, 0x20B5, 0x2A5 },
    { 0x20B8, 0x20BA, 0x2A7 },
    { 0x20BC, 0x20BD, 0x2AA },
    { 0x2190, 0x2193, 0x2AC },
    { 0x2202, 0x2202, 0x2B0 },
    { 0x2205, 0x2206, 0x2B1 },
    { 0x220F, 0x220F, 0x2B3 },
    { 0x2211, 0x2212, 0x2B4 },
    { 0x2215, 0x2215, 0x2B6 },
    { 0x2219, 0x221A, 0x2B7 },
    { 0x221E, 0x221E, 0x2B9 },
    { 0x222B, 0x222B, 0x2BA },
    { 0x2248, 0x2248, 0x2BB },
    { 0x2260, 0x2260, 0x2BC },
    { 0x2264, 0x2265, 0x2BD },
    { 0xFB01, 0xFB02, 0x2BF },
};

static const EpdFontGroup literatamono_12_boldGroups[] = {
    { 0, 1582, 5597, 95, 0 },
    { 1582, 1529, 6856, 96, 95 },
    { 3111, 2049, 10929, 127, 191 },
    { 5160, 1482, 6960, 67, 318 },
    { 6642, 121, 238, 23, 385 },
    { 6763, 2126, 9199, 118, 408 },
    { 8889, 1228, 9631, 90, 526 },
    { 10117, 245, 684, 27, 616 },
    { 10362, 189, 747, 22, 643 },
    { 10551, 547, 1678, 19, 665 },
    { 11098, 53, 96, 4, 684 },
    { 11151, 282, 857, 15, 688 },
    { 11433, 61, 190, 2, 703 },
};

static const uint16_t literatamono_12_boldKernLeftCodepoints[] = {
    0x0022, 0x0026, 0x0027, 0x002A, 0x002C, 0x002D, 0x002E, 0x002F, 0x0030, 0x0031, 0x0032, 0x0033,
    0x0034, 0x0035, 0x0036, 0x0037, 0x0038, 0x0039, 0x003A, 0x003B, 0x003D, 0x003F, 0x0040, 0x0041,
    0x0042, 0x0043, 0x0044, 0x0045, 0x0046, 0x0047, 0x0048, 0x0049, 0x004A, 0x004B, 0x004C, 0x004D,
    0x004E, 0x004F, 0x0050, 0x0051, 0x0052, 0x0053, 0x0054, 0x0055, 0x0056, 0x0057, 0x0058, 0x0059,
    0x005A, 0x005B, 0x005C, 0x0061, 0x0062, 0x0063, 0x0064, 0x0065, 0x0066, 0x0067, 0x0068, 0x0069,
    0x006A, 0x006B, 0x006C, 0x006D, 0x006E, 0x006F, 0x0070, 0x0071, 0x0072, 0x0073, 0x0074, 0x0075,
    0x0076, 0x0077, 0x0078, 0x0079, 0x007A, 0x00A1, 0x00AB, 0x00AD, 0x00B2, 0x00B3, 0x00B5, 0x00B7,
    0x00B9, 0x00BB, 0x00BF, 0x00C0, 0x00C1, 0x00C2, 0x00C3, 0x00C4, 0x00C5, 0x00C6, 0x00C7, 0x00C8,
    0x00C9, 0x00CA, 0x00CB, 0x00CC, 0x00CD, 0x00CE, 0x00CF, 0x00D0, 0x00D1, 0x00D2, 0x00D3, 0x00D4,
    0x00D5, 0x00D6, 0x00D7, 0x00D8, 0x00D9, 0x00DA, 0x00DB, 0x00DC, 0x00DD, 0x00DE, 0x00DF, 0x00E0,
    0x00E1, 0x00E2, 0x00E3, 0x00E4, 0x00E5, 0x00E6, 0x00E7, 0x00E8, 0x00E9, 0x00EA, 0x00EB, 0x00EC,
    0x00ED, 0x00EE, 0x00EF, 0x00F1, 0x00F2, 0x00F3, 0x00F4, 0x00F5, 0x00F6, 0x00F8, 0x00F9, 0x00FA,
    0x00FB, 0x00FC, 0x00FD, 0x00FE, 0x00FF, 0x0100, 0x0101, 0x0102, 0x0103, 0x0104, 0x0105, 0x0106,
    0x0107, 0x0108, 0x0109, 0x010A, 0x010B, 0x010C, 0x010D, 0x010E, 0x010F, 0x0110, 0x0111, 0x0112,
    0x0113, 0x0114, 0x0115, 0x0116, 0x0117, 0x0118, 0x0119, 0x011A, 0x011B, 0x011C, 0x011D, 0x011E,
    0x011F, 0x0120, 0x0121, 0x0122, 0x0123, 0x0124, 0x0125, 0x0126, 0x0127, 0x0128, 0x0129, 0x012A,
    0x012B, 0x012C, 0x012D, 0x012E, 0x012F, 0x0130, 0x0131, 0x0134, 0x0135, 0x0136, 0x0137, 0x0138,
    0x0139, 0x013A, 0x013B, 0x013C, 0x013D, 0x013E, 0x013F, 0x0140, 0x0141, 0x0142, 0x0143, 0x0144,
    0x0145, 0x0146, 0x0147, 0x0148, 0x0149, 0x014A, 0x014B, 0x014C, 0x014D, 0x014E, 0x014F, 0x0150,
    0x0151, 0x0152, 0x0153, 0x0154, 0x0155, 0x0156, 0x0157, 0x0158, 0x0159, 0x015A, 0x015B, 0x015C,
    0x015D, 0x015E, 0x015F, 0x0160, 0x0161, 0x0162, 0x0163, 0x0164, 0x0165, 0x0166, 0x0167, 0x0168,
    0x0169, 0x016A, 0x016B, 0x016C, 0x016D, 0x016E, 0x016F, 0x0170, 0x0171, 0x0172, 0x0173, 0x0174,
    0x0175, 0x0176, 0x0177, 0x0178, 0x0179, 0x017A, 0x017B, 0x017C, 0x017D, 0x017E, 0x01A0, 0x01A1,
    0x01AF, 0x01B0, 0x01C6, 0x01C7, 0x01C9, 0x01CA, 0x01CC, 0x01CD, 0x01CE, 0x01CF, 0x01D0, 0x01D1,
    0x01D2, 0x01D3, 0x01D4, 0x01D5, 0x01D6, 0x01D7, 0x01D8, 0x01D9, 0x01DA, 0x01DB, 0x01DC, 0x01E6,
    0x01E7, 0x01EA, 0x01EB, 0x01FA, 0x01FB, 0x01FC, 0x01FD, 0x01FE, 0x01FF, 0x0200, 0x0201, 0x0202,
    0x0203, 0x0204, 0x0205, 0x0206, 0x0207, 0x0208, 0x0209, 0x020A, 0x020B, 0x020C, 0x020D, 0x020E,
    0x020F, 0x0210, 0x0211, 0x0212, 0x0213, 0x0214, 0x0215, 0x0216, 0x0217, 0x0218, 0x0219, 0x021A,
    0x021B, 0x0401, 0x0402, 0x0403, 0x0404, 0x0405, 0x0406, 0x0407, 0x0408, 0x0409, 0x040A, 0x040B,
    0x040C, 0x040D, 0x040E, 0x040F, 0x0410, 0x0411, 0x0412, 0x0413, 0x0414, 0x0415, 0x0416, 0x0417,
    0x0418, 0x0419, 0x041A, 0x041B, 0x041C, 0x041D, 0x041E, 0x041F, 0x0420, 0x0421, 0x0422, 0x0423,
    0x0424, 0x0425, 0x0426, 0x0427, 0x0428, 0x0429, 0x042A, 0x042B, 0x042C, 0x042D, 0x042E, 0x042F,
    0x0430, 0x0431, 0x0432, 0x0433, 0x0434, 0x0435, 0x0436, 0x0437, 0x0438, 0x0439, 0x043A, 0x043B,
    0x043C, 0x043D, 0x043E, 0x043F, 0x0440, 0x0441, 0x0442, 0x0443, 0x0444, 0x0445, 0x0446, 0x0447,
    0x0448, 0x0449, 0x044A, 0x044B, 0x044C, 0x044D, 0x044E, 0x044F, 0x0451, 0x0452, 0x0453, 0x0454,
    0x0455, 0x0456, 0x0457, 0x0458, 0x0459, 0x045A, 0x045B, 0x045C, 0x045D, 0x045E, 0x045F, 0x0462,
    0x0463, 0x046A, 0x046B, 0x0490, 0x0491, 0x0492, 0x0493, 0x0496, 0x0497, 0x049A, 0x049B, 0x04A2,
    0x04A3, 0x04AE, 0x04AF, 0x04B0, 0x04B1, 0x04BA, 0x04BB, 0x04D8, 0x04D9, 0x04E8, 0x04E9, 0x1EA0,
    0x1EA1, 0x1EA2, 0x1EA3, 0x1EA4, 0x1EA5, 0x1EA6, 0x1EA7, 0x1EA8, 0x1EA9, 0x1EAA, 0x1EAB, 0x1EAC,
    0x1EAD, 0x1EAE, 0x1EAF, 0x1EB0, 0x1EB1, 0x1EB2, 0x1EB3, 0x1EB4, 0x1EB5, 0x1EB6, 0x1EB7, 0x1EB8,
    0x1EB9, 0x1EBA, 0x1EBB, 0x1EBC, 0x1EBD, 0x1EBE, 0x1EBF, 0x1EC0, 0x1EC1, 0x1EC2, 0x1EC3, 0x1EC4,
    0x1EC5, 0x1EC6, 0x1EC7, 0x1EC8, 0x1EC9, 0x1ECA, 0x1ECB, 0x1ECC, 0x1ECD, 0x1ECE, 0x1ECF, 0x1ED0,
    0x1ED1, 0x1ED2, 0x1ED3, 0x1ED4, 0x1ED5, 0x1ED6, 0x1ED7, 0x1ED8, 0x1ED9, 0x1EDA, 0x1EDB, 0x1EDC,
    0x1EDD, 0x1EDE, 0x1EDF, 0x1EE0, 0x1EE1, 0x1EE2, 0x1EE3, 0x1EE4, 0x1EE5, 0x1EE6, 0x1EE7, 0x1EE8,
    0x1EE9, 0x1EEA, 0x1EEB, 0x1EEC, 0x1EED, 0x1EEE, 0x1EEF, 0x1EF0, 0x1EF1, 0x1EF2, 0x1EF3, 0x1EF4,
    0x1EF5, 0x1EF6, 0x1EF7, 0x1EF8, 0x1EF9, 0x2010, 0x2012, 0x2013, 0x2014, 0x2015, 0x2018, 0x2019,
    0x201A, 0x201C, 0x201D, 0x201E, 0x2026, 0x2039, 0x203A, 0x2070, 0x2074, 0x2075, 0x2077, 0x2078,
    0x2079, 0x2206, 0x2212, 0xFB01, 0xFB02,
};

static const uint8_t literatamono_12_boldKernLeftClassIds[] = {
      1,   2,   1,   3,   4,   5,   4,   6,   7,   8,   9,  10,  11,  12,  13,  14,
     15,  16,  17,  17,  18,  19,  20,  21,  22,  23,  24,  25,  26,  27,  28,  28,
     29,  30,  31,  32,  33,  34,  35,  36,  37,  38,  39,  40,  41,  42,  43,  44,
     45,  46,  47,  48,  49,  50,  51,  52,  53,  54,  55,  56,  57,  58,  51,  55,
     55,  59,  59,  60,  61,  62,  63,  56,  64,  65,  66,  64,  67,  68,  69,   5,
     70,  71,  72,  73,  74,  75,  76,  21,  21,  21,  21,  21,  21,  25,  23,  25,
     25,  25,  25,  28,  28,  28,  28,  77,  33,  34,  34,  34,  34,  34,  78,  34,
     79,  79,  79,  79,  80,  81,  82,  83,  84,  84,  84,  84,  84,  59,  50,  85,
     85,  85,  85,  56,  56,  56,  86,  55,  59,  59,  59,  59,  59,  59,  56,  56,
     56,  56,  64,  59,  64,  21,  84,  21,  84,  21,  84,  23,  50,  23,  50,  23,
     50,  23,  50,  87,  88,  87,  51,  25,  85,  25,  85,  25,  85,  25,  85,  25,
     85,  27,  54,  27,  54,  27,  54,  27,  54,  28,  55,  28,  55,  28,  56,  28,
     56,  28,  56,  28,  56,  28,  56,  29,  57,  30,  58,  58,  31,  51,  31,  51,
     89,  90,  31,  51,  31,  91,  33,  55,  33,  55,  33,  55,  55,  29,  57,  34,
     59,  34,  59,  34,  59,  25,  59,  37,  61,  37,  61,  37,  61,  38,  62,  38,
     62,  38,  62,  38,  62,  92,  63,  39,  93,  39,  63,  79,  56,  79,  56,  79,
     56,  79,  56,  79,  56,  79,  56,  94,  65,  80,  64,  80,  45,  67,  45,  67,
     45,  67,  95,  96,  97,  98,  55,  29,  57,  29,  57,  21,  55,  28,  56,  34,
     59,  79,  56,  79,  56,  79,  56,  79,  56,  79,  56,  27,  54,  34,  59,  21,
     55,  25,  59,  34,  59,  21,  55,  21,  55,  25,  59,  25,  59,  28,  56,  28,
     56,  34,  59,  34,  59,  37,  61,  37,  61,  79,  56,  79,  56,  38,  62,  92,
     63,  99, 100, 101, 102, 103, 104, 104, 105, 106, 106, 107, 108, 104, 109, 104,
    110, 111, 112, 113, 114,  99, 115, 116, 104, 104, 117, 104, 118, 104, 119, 104,
    120, 121, 122, 109, 123, 124, 125, 104, 104, 125, 106, 104, 106, 126, 126, 104,
    127, 128, 129, 130, 131, 132, 133, 134, 135, 135, 133, 135, 135, 135, 136, 135,
    136, 137, 138, 139, 136, 140, 141, 135, 135, 141, 142, 135, 142, 136, 136, 135,
    132, 143, 130, 144, 145, 135, 146, 147, 142, 142, 143, 133, 135, 139, 135, 148,
    142, 149, 150, 151, 152, 113, 130, 117, 153, 154, 133, 125, 141, 155, 156, 109,
    156, 157, 143, 126, 136, 126, 136,  21,  55,  21,  55,  21,  55,  21,  55,  21,
     55,  21,  55,  21,  55,  21,  55,  21,  55,  21,  55,  21,  55,  21,  55,  25,
     59,  25,  59,  25,  59,  25,  59,  25,  59,  25,  59,  25,  59,  25,  59,  28,
     56,  28,  56,  34,  59,  34,  59,  34,  59,  34,  59,  34,  59,  34,  59,  34,
     59, 158, 159, 158, 159, 158, 159, 158, 159, 158, 159,  79,  56,  79,  56, 160,
     98, 160,  98, 160,  98, 160,  98, 160,  98,  80,  64, 161,  64, 161,  64, 161,
     64,   5,   5,   5,   5,   5, 162, 163, 164, 162, 163, 164,   4,  69,  75, 165,
    166, 167, 168, 169, 170, 171, 172, 173,  51,
};

static const uint16_t literatamono_12_boldKernRightCodepoints[] = {
    0x0021, 0x0022, 0x0025, 0x0026, 0x0027, 0x0029, 0x002A, 0x002B, 0x002C, 0x002D, 0x002E, 0x002F,
    0x0030, 0x0031, 0x0032, 0x0033, 0x0034, 0x0035, 0x0036, 0x0037, 0x0038, 0x0039, 0x003A, 0x003B,
    0x003D, 0x003F, 0x0040, 0x0041, 0x0043, 0x0047, 0x004A, 0x004D, 0x004E, 0x004F, 0x0051, 0x0053,
    0x0054, 0x0055, 0x0056, 0x0057, 0x0058, 0x0059, 0x005A, 0x005C, 0x005D, 0x0061, 0x0062, 0x0063,
    0x0064, 0x0065, 0x0066, 0x0067, 0x0068, 0x0069, 0x006A, 0x006B, 0x006C, 0x006D, 0x006E, 0x006F,
    0x0070, 0x0071, 0x0072, 0x0073, 0x0074, 0x0075, 0x0076, 0x0077, 0x0078, 0x0079, 0x007A, 0x00AB,
    0x00AD, 0x00B0, 0x00B2, 0x00B3, 0x00B7, 0x00B9, 0x00BB, 0x00BF, 0x00C0, 0x00C1, 0x00C2, 0x00C3,
    0x00C4, 0x00C5, 0x00C6, 0x00C7, 0x00D1, 0x00D2, 0x00D3, 0x00D4, 0x00D5, 0x00D6, 0x00D7, 0x00D8,
    0x00D9, 0x00DA, 0x00DB, 0x00DC, 0x00DD, 0x00E0, 0x00E1, 0x00E2, 0x00E3, 0x00E4, 0x00E5, 0x00E6,
    0x00E7, 0x00E8, 0x00E9, 0x00EA, 0x00EB, 0x00EC, 0x00ED, 0x00EE, 0x00EF, 0x00F0, 0x00F1, 0x00F2,
    0x00F3, 0x00F4, 0x00F5, 0x00F6, 0x00F8, 0x00F9, 0x00FA, 0x00FB, 0x00FC, 0x00FD, 0x00FE, 0x00FF,
    0x0100, 0x0101, 0x0102, 0x0103, 0x0104, 0x0105, 0x0106, 0x0107, 0x0108, 0x0109, 0x010A, 0x010B,
    0x010C, 0x010D, 0x010F, 0x0111, 0x0113, 0x0115, 0x0117, 0x0119, 0x011B, 0x011C, 0x011D, 0x011E,
    0x011F, 0x0120, 0x0121, 0x0122, 0x0123, 0x0125, 0x0127, 0x0129, 0x012B, 0x012D, 0x012F, 0x0131,
    0x0134, 0x0135, 0x0137, 0x0138, 0x013A, 0x013C, 0x013E, 0x0140, 0x0142, 0x0143, 0x0144, 0x0145,
    0x0146, 0x0147, 0x0148, 0x0149, 0x014A, 0x014B, 0x014C, 0x014D, 0x014E, 0x014F, 0x0150, 0x0151,
    0x0152, 0x0153, 0x0155, 0x0157, 0x0159, 0x015A, 0x015B, 0x015C, 0x015D, 0x015E, 0x015F, 0x0160,
    0x0161, 0x0162, 0x0163, 0x0164, 0x0165, 0x0166, 0x0167, 0x0168, 0x0169, 0x016A, 0x016B, 0x016C,
    0x016D, 0x016E, 0x016F, 0x0170, 0x0171, 0x0172, 0x0173, 0x0174, 0x0175, 0x0176, 0x0177, 0x0178,
    0x0179, 0x017A, 0x017B, 0x017C, 0x017D, 0x017E, 0x01A0, 0x01A1, 0x01AF, 0x01B0, 0x01C6, 0x01C9,
    0x01CA, 0x01CC, 0x01CD, 0x01CE, 0x01D0, 0x01D1, 0x01D2, 0x01D3, 0x01D4, 0x01D5, 0x01D6, 0x01D7,
    0x01D8, 0x01D9, 0x01DA, 0x01DB, 0x01DC, 0x01E6, 0x01E7, 0x01EA, 0x01EB, 0x01FA, 0x01FB, 0x01FC,
    0x01FD, 0x01FE, 0x01FF, 0x0200, 0x0201, 0x0202, 0x0203, 0x0205, 0x0207, 0x0209, 0x020B, 0x020C,
    0x020D, 0x020E, 0x020F, 0x0211, 0x0213, 0x0214, 0x0215, 0x0216, 0x0217, 0x0218, 0x0219, 0x021A,
    0x021B, 0x0401, 0x0402, 0x0403, 0x0404, 0x0405, 0x0406, 0x0407, 0x0408, 0x0409, 0x040A, 0x040B,
    0x040C, 0x040D, 0x040E, 0x040F, 0x0410, 0x0411, 0x0412, 0x0413, 0x0414, 0x0415, 0x0416, 0x0417,
    0x0418, 0x0419, 0x041A, 0x041B, 0x041C, 0x041D, 0x041E, 0x041F, 0x0420, 0x0421, 0x0422, 0x0423,
    0x0424, 0x0425, 0x0426, 0x0427, 0x0428, 0x0429, 0x042A, 0x042B, 0x042C, 0x042D, 0x042E, 0x042F,
    0x0430, 0x0431, 0x0432, 0x0433, 0x0434, 0x0435, 0x0436, 0x0437, 0x0438, 0x0439, 0x043A, 0x043B,
    0x043C, 0x043D, 0x043E, 0x043F, 0x0440, 0x0441, 0x0442, 0x0443, 0x0444, 0x0445, 0x0446, 0x0447,
    0x0448, 0x0449, 0x044A, 0x044B, 0x044C, 0x044D, 0x044E, 0x044F, 0x0451, 0x0452, 0x0453, 0x0454,
    0x0455, 0x0456, 0x0457, 0x0458, 0x0459, 0x045A, 0x045B, 0x045C, 0x045D, 0x045E, 0x045F, 0x0462,
    0x0463, 0x046A, 0x046B, 0x0490, 0x0491, 0x0492, 0x0493, 0x0496, 0x0497, 0x049A, 0x049B, 0x04A2,
    0x04A3, 0x04AE, 0x04AF, 0x04B0, 0x04B1, 0x04BA, 0x04BB, 0x04D8, 0x04D9, 0x04E8, 0x04E9, 0x1EA0,
    0x1EA1, 0x1EA2, 0x1EA3, 0x1EA4, 0x1EA5, 0x1EA6, 0x1EA7, 0x1EA8, 0x1EA9, 0x1EAA, 0x1EAB, 0x1EAC,
    0x1EAD, 0x1EAE, 0x1EAF, 0x1EB0, 0x1EB1, 0x1EB2, 0x1EB3, 0x1EB4, 0x1EB5, 0x1EB6, 0x1EB7, 0x1EB9,
    0x1EBB, 0x1EBD, 0x1EBF, 0x1EC1, 0x1EC3, 0x1EC5, 0x1EC7, 0x1EC9, 0x1ECB, 0x1ECC, 0x1ECD, 0x1ECE,
    0x1ECF, 0x1ED0, 0x1ED1, 0x1ED2, 0x1ED3, 0x1ED4, 0x1ED5, 0x1ED6, 0x1ED7, 0x1ED8, 0x1ED9, 0x1EDA,
    0x1EDB, 0x1EDC, 0x1EDD, 0x1EDE, 0x1EDF, 0x1EE0, 0x1EE1, 0x1EE2, 0x1EE3, 0x1EE4, 0x1EE5, 0x1EE6,
    0x1EE7, 0x1EE8, 0x1EE9, 0x1EEA, 0x1EEB, 0x1EEC, 0x1EED, 0x1EEE, 0x1EEF, 0x1EF0, 0x1EF1, 0x1EF2,
    0x1EF3, 0x1EF4, 0x1EF5, 0x1EF6, 0x1EF7, 0x1EF8, 0x1EF9, 0x2010, 0x2012, 0x2013, 0x2014, 0x2015,
    0x2018, 0x2019, 0x201A, 0x201C, 0x201D, 0x201E, 0x2022, 0x2026, 0x2030, 0x2039, 0x203A, 0x2070,
    0x2074, 0x2075, 0x2076, 0x2077, 0x2078, 0x2079, 0x2206, 0x2212, 0xFB01, 0xFB02,
};

static const uint8_t literatamono_12_boldKernRightClassIds[] = {
      1,   2,   3,   4,   2,   5,   6,   7,   8,   9,  10,  11,  12,  13,  14,  15,
     16,  17,  18,  19,  20,  21,  22,  23,  24,  25,  26,  27,  28,  28,  29,  30,
     31,  32,  28,  33,  34,  35,  36,  37,  38,  39,  40,  41,  42,  43,  44,  45,
     46,  45,  47,  48,  49,  50,  51,  49,  49,  52,  53,  54,  55,  45,  53,  56,
     57,  58,  59,  60,  61,  62,  63,  64,  65,  66,  67,  68,  69,  70,  71,  72,
     73,  74,  73,  73,  73,  73,  75,  28,  31,  28,  28,  28,  28,  28,  76,  28,
     77,  77,  77,  77,  78,  79,  79,  80,  81,  82,  83,  79,  84,  84,  84,  85,
     86,  87,  50,  88,  89,  90,  91,  84,  84,  92,  93,  94,  84,  95,  95,  95,
     96,  97,  98,  97,  73,  99,  73, 100,  73, 101,  28,  84,  28,  84,  28,  84,
     28, 102,  84,  84,  84, 103,  84,  84,  84,  28, 104,  28, 105,  28, 104,  28,
    104,  49,  49, 106, 107, 108,  50, 109,  29, 110,  49,  91,  49,  49,  49,  49,
    111,  31,  91,  31,  91,  31,  91, 112,  31,  91,  28,  84,  28,  84,  28,  84,
     28,  84, 113, 112, 113,  33, 114,  33, 115,  33, 114,  33, 116, 117, 118, 119,
    118, 119, 118,  77,  95,  77,  95,  77,  95,  77,  95,  77,  95,  77,  95, 120,
    121,  78,  97,  78,  40, 122,  40, 122,  40, 123,  28, 124,  77,  95,  84,  49,
     31, 109, 125, 101, 126,  28,  84,  77,  95,  77,  95,  77,  95,  77,  95,  77,
     95,  28, 104,  28,  84,  73, 127,  73, 127,  28, 124, 125, 128, 125, 129, 130,
     84, 131, 132,  28, 133,  28,  84, 134, 109,  77,  95,  77,  95,  33, 114, 117,
    118, 135, 136, 135, 137, 138, 135, 135, 139, 140, 135, 141, 135, 135, 142, 135,
    143, 135, 135, 135, 144, 135, 145, 146, 135, 135, 135, 140, 147, 135, 148, 135,
    135, 148, 149, 142, 150, 151, 135, 152, 135, 135, 153, 135, 135, 154, 135, 155,
    156, 157, 158, 158, 159, 160, 161, 162, 163, 158, 163, 164, 165, 163, 166, 163,
    167, 168, 169, 170, 171, 172, 163, 173, 163, 163, 174, 158, 175, 176, 177, 178,
    179, 180, 158, 181, 182, 183, 184, 185, 164, 158, 180, 158, 158, 170, 158, 186,
    187, 188, 189, 135, 158, 135, 158, 145, 161, 135, 158, 135, 158, 190, 191, 192,
    191, 135, 180, 148, 166, 148, 166, 125, 101, 125, 101, 125, 193, 125, 194, 125,
    193, 125, 193, 125, 193, 125, 101, 125, 101, 125, 101, 125, 101, 125, 101,  84,
     84, 195,  84,  84,  84,  84,  84, 196,  50,  28,  84,  28,  84,  28,  84,  28,
     84,  28,  84,  28,  84,  28,  84,  28,  84,  28,  84,  28,  84,  28,  84,  28,
     84,  77,  95,  77,  95,  77,  95,  77,  95,  77,  95,  77,  95,  77,  95,  78,
     97, 197, 198, 197, 198, 197, 198,  65,  65,  65,  65,  65, 199, 200, 201, 202,
    203, 201,   7, 204,   3, 205, 206, 207, 208, 209, 207, 210, 211, 212, 213, 214,
     47,  47,
};

static const uint16_t literatamono_12_boldKernRowOffsets[] = {
        0,    72,    89,   132,   216,   259,   398,   403,   413,   416,   427,   437,   449,   454,   480,   489,
      500,   504,   508,   510,   549,   611,   648,   735,   794,   831,   931,   966,  1000,  1088,  1157,  1199,
     1294,  1389,  1435,  1494,  1540,  1632,  1695,  1792,  1883,  1983,  2083,  2122,  2221,  2254,  2263,  2352,
     2406,  2454,  2484,  2529,  2577,  2630,  2679,  2733,  2784,  2823,  2872,  2920,  2979,  3024,  3048,  3120,
     3176,  3227,  3252,  3284,  3348,  3366,  3367,  3370,  3381,  3404,  3405,  3431,  3495,  3541,  3548,  3639,
     3738,  3760,  3789,  3843,  3897,  3945,  3996,  4055,  4140,  4182,  4267,  4312,  4409,  4489,  4589,  4683,
     4739,  4842,  4892,  4898,  4915,  4984,  4986,  4988,  4989,  4998,  5011,  5019,  5054,  5106,  5150,  5179,
     5208,  5277,  5302,  5337,  5347,  5382,  5406,  5445,  5481,  5527,  5581,  5606,  5636,  5643,  5682,  5694,
     5703,  5710,  5731,  5734,  5738,  5754,  5761,  5763,  5782,  5794,  5807,  5839,  5850,  5857,  5867,  5874,
     5886,  5887,  5889,  5890,  5903,  5938,  5954,  6023,  6044,  6060,  6095,  6147,  6158,  6170,  6264,  6320,
     6423,  6522,  6632,  6728,  6773,  6774,  6776,  6779,  6783,  6785,  6790,  6800,  6805,  6829,
};

static const uint8_t literatamono_12_boldKernSparseCols[] = {
      7,   9,  15,  17,  26,  27,  28,  29,  31,  32,  42,  44,  45,  46,  47,  51,
     52,  53,  54,  55,  56,  58,  60,  61,  62,  72,  73,  74,  78,  79,  80,  81,
     82,  83,  84,  85,  89,  90,  91,  92,  93,  96,  98,  99, 100, 101, 102, 103,
    104, 108, 111, 112, 113, 114, 115, 117, 121, 122, 123, 124, 126, 127, 128, 129,
    132, 133, 192, 193, 194, 197, 203, 212,  29,  33,  34,  35,  36,  38,  39,  43,
     57,  76,  77,  94,  95, 116, 118, 119, 196,  15,  19,  26,  28,  42,  43,  44,
     45,  47,  53,  72,  73,  74,  78,  79,  80,  81,  82,  83,  84,  85,  89,  91,
     92,  93,  98,  99, 100, 101, 102, 103, 104, 123, 124, 126, 127, 128, 129, 132,
    192, 193, 194, 212,   1,  15,  18,  24,  27,  31,  33,  34,  35,  36,  38,  43,
     44,  45,  53,  56,  57,  58,  59,  61,  66,  67,  69,  76,  77,  83,  84,  85,
     89,  91,  92,  93,  94,  95,  96, 101, 102, 116, 117, 118, 119, 120, 123, 129,
    132, 135, 136, 140, 141, 147, 148, 149, 151, 152, 156, 159, 161, 165, 167, 168,
    169, 170, 172, 173, 175, 178, 180, 185, 189, 190, 191, 194, 196, 197, 198, 199,
    201, 202, 206, 207, 208, 209, 210, 211,  13,  14,  18,  20,  26,  28,  32,  33,
     35,  36,  37,  38,  39,  58,  59,  61,  72,  73,  74,  77,  96, 116, 118, 119,
    120, 124, 135, 139, 140, 141, 142, 146, 148, 150, 152, 154, 163, 185, 189, 191,
    196, 197, 212,   7,   9,  10,  11,  13,  14,  15,  16,  17,  18,  20,  25,  26,
     27,  28,  31,  32,  33,  42,  44,  45,  46,  47,  49,  51,  52,  53,  54,  55,
     56,  57,  58,  59,  60,  61,  62,  72,  73,  74,  78,  79,  80,  81,  82,  83,
     84,  85,  86,  87,  88,  89,  90,  91,  92,  93,  94,  95,  96,  98,  99, 100,
    101, 102, 103, 104, 105, 106, 107, 108, 111, 112, 113, 114, 115, 116, 117, 118,
    120, 121, 122, 123, 124, 125, 126, 127, 128, 129, 130, 131, 132, 133, 136, 137,
    138, 139, 142, 143, 144, 146, 147, 149, 154, 155, 156, 157, 158, 159, 160, 161,
    162, 163, 164, 165, 166, 167, 168, 169, 170, 171, 172, 173, 174, 175, 176, 177,
    178, 180, 181, 182, 183, 187, 188, 192, 193, 194, 195, 197, 203, 212,  13,  14,
     16,  18,  65,   1,   2,  15,  18,  40,  65, 198, 199, 201, 202,  16,  18,  75,
     10,  13,  14,  15,  16,  18,  20,  40,  75, 199, 202,   1,   2,   5,  18,  40,
     65, 198, 199, 201, 202,   1,   5,  13,  14,  18,  20,  40,  65, 198, 199, 201,
    202,  14,  16,  18,  20,  65,   2,   5,   7,   8,   9,  10,  12,  13,  14,  15,
     16,  17,  19,  21,  22,  23,  64,  65,  75, 198, 199, 200, 201, 202, 203, 213,
      5,  13,  14,  18,  20,  40,  65, 199, 202,   7,   9,  13,  14,  15,  16,  18,
     40,  65,  75, 203,  13,  14,  15,  18,  13,  14,  18,  20,  63, 204,  10,  26,
     32,  33,  34,  35,  36,  37,  38,  39,  40,  43,  48,  56,  57,  58,  59,  60,
     61,  62,  72,  73,  76,  77,  94,  95,  96,  97, 110, 116, 117, 118, 119, 120,
    121, 122, 124, 196, 197,   1,   5,   8,  24,  27,  31,  33,  34,  35,  36,  38,
     40,  43,  44,  45,  51,  52,  53,  54,  56,  57,  58,  59,  61,  63,  64,  68,
     76,  77,  83,  84,  85,  89,  90,  91,  92,  93,  94,  95,  96, 101, 102, 108,
    111, 112, 116, 117, 118, 119, 120, 123, 129, 132, 133, 194, 196, 197, 198, 199,
    201, 202, 204,   1,   5,  24,  26,  28,  33,  34,  35,  36,  37,  38,  39,  40,
     56,  57,  58,  59,  61,  72,  73,  76,  77,  94,  95,  96, 116, 117, 118, 119,
    120, 124, 196, 197, 198, 199, 201, 202,  26,  27,  31,  32,  33,  34,  35,  36,
     38,  39,  42,  43,  44,  45,  46,  47,  48,  51,  52,  53,  54,  55,  56,  57,
     58,  59,  60,  61,  62,  68,  72,  73,  74,  76,  77,  78,  79,  80,  81,  82,
     83,  84,  85,  88,  89,  90,  91,  92,  93,  94,  95,  96,  97,  98,  99, 100,
    101, 102, 103, 104, 108, 110, 111, 112, 113, 114, 115, 116, 117, 118, 119, 120,
    121, 122, 123, 124, 126, 127, 128, 129, 132, 133, 192, 193, 194, 196, 197,   1,
      7,   9,  10,  25,  26,  28,  29,  32,  33,  34,  35,  36,  37,  38,  39,  40,
     42,  46,  55,  58,  60,  61,  62,  72,  73,  74,  76,  77,  78,  79,  80,  81,
     82,  96,  98,  99, 100, 113, 114, 115, 116, 118, 119, 121, 122, 124, 126, 127,
    128, 192, 193, 196, 197, 198, 199, 201, 202, 203,  33,  34,  35,  38,  43,  48,
     51,  52,  54,  56,  57,  58,  59,  61,  76,  77,  88,  90,  94,  95,  96,  97,
    108, 110, 111, 112, 116, 117, 118, 120, 133, 196, 197, 198, 199, 201, 202,   3,
      5,   7,   8,   9,  10,  25,  26,  27,  28,  29,  31,  32,  34,  39,  42,  44,
     45,  47,  48,  49,  50,  51,  52,  53,  54,  55,  56,  57,  58,  59,  60,  61,
     62,  63,  64,  72,  73,  74,  76,  78,  79,  80,  81,  82,  83,  84,  85,  86,
     87,  88,  89,  90,  91,  92,  93,  94,  95,  96,  97,  98,  99, 100, 101, 102,
    103, 104, 105, 106, 107, 108, 109, 110, 111, 112, 113, 114, 115, 117, 120, 121,
    122, 123, 124, 125, 126, 127, 128, 129, 130, 131, 132, 133, 192, 193, 194, 195,
    197, 203, 204,   1,   5,   8,  24,  28,  33,  34,  35,  36,  37,  38,  39,  40,
     57,  58,  59,  60,  61,  64,  74,  76,  77,  94,  95,  96, 116, 118, 119, 120,
    196, 197, 198, 199, 201, 202,  44,  45,  50,  53,  56,  57,  58,  59,  61,  83,
     84,  85,  87,  88,  89,  91,  92,  93,  94,  95,  96, 101, 102, 105, 109, 117,
    120, 123, 129, 130, 131, 132, 194, 197,   3,   7,   9,  10,  25,  26,  28,  32,
     42,  44,  45,  46,  47,  49,  51,  52,  53,  54,  55,  56,  57,  58,  59,  60,
     61,  62,  63,  68,  72,  73,  74,  78,  79,  80,  81,  82,  83,  84,  85,  86,
     87,  88,  89,  90,  91,  92,  93,  94,  95,  96,  98,  99, 100, 101, 102, 103,
    104, 105, 106, 107, 108, 111, 112, 113, 114, 115, 117, 120, 121, 122, 123, 124,
    125, 126, 127, 128, 129, 130, 131, 132, 133, 192, 193, 194, 195, 197, 203, 204,
      8,  24,  27,  31,  33,  34,  35,  36,  38,  42,  43,  44,  45,  53,  54,  56,
     57,  58,  59,  61,  63,  64,  68,  76,  77,  78,  79,  80,  81,  82,  83,  84,
     85,  87,  88,  89,  91,  92,  93,  94,  95,  96,  98,  99, 100, 101, 102, 106,
    116, 117, 118, 119, 120, 123, 126, 127, 128, 129, 132, 192, 193, 194, 196, 197,
    198, 199, 201, 202, 204,   1,   5,  24,  27,  28,  29,  31,  32,  33,  34,  35,
     36,  38,  39,  40,  43,  48,  54,  56,  57,  58,  59,  61,  68,  76,  77,  94,
     95,  96,  97, 110, 116, 117, 118, 119, 120, 196, 197, 198, 199, 201, 202,   1,
     24,  27,  31,  33,  34,  35,  36,  38,  39,  42,  43,  44,  45,  46,  47,  48,
     49,  50,  51,  52,  53,  54,  55,  56,  57,  58,  59,  61,  62,  76,  77,  78,
     79,  80,  81,  82,  83,  84,  85,  86,  87,  88,  89,  90,  91,  92,  93,  94,
     95,  96,  97,  98,  99, 100, 101, 102, 103, 104, 105, 106, 107, 108, 109, 110,
    111, 112, 113, 114, 115, 116, 117, 118, 119, 120, 121, 122, 123, 125, 126, 127,
    128, 129, 130, 131, 132, 133, 192, 193, 194, 195, 196, 197, 198, 201,   3,   7,
      9,  10,  24,  25,  26,  27,  28,  29,  31,  32,  39,  42,  44,  45,  46,  47,
     48,  49,  50,  51,  52,  53,  54,  55,  56,  57,  58,  59,  60,  61,  62,  72,
     73,  74,  78,  79,  80,  81,  82,  83,  84,  85,  86,  87,  88,  89,  90,  91,
     92,  93,  94,  95,  96,  97,  98,  99, 100, 101, 102, 103, 104, 105, 106, 107,
    108, 109, 110, 111, 112, 113, 114, 115, 117, 120, 121, 122, 123, 124, 125, 126,
    127, 128, 129, 130, 131, 132, 133, 192, 193, 194, 195, 197, 203,   1,   3,   4,
      7,   9,  10,  24,  26,  28,  29,  32,  33,  34,  35,  36,  37,  38,  39,  40,
     41,  48,  58,  61,  62,  72,  73,  74,  76,  77,  96,  97, 110, 116, 118, 119,
    121, 122, 124, 196, 197, 198, 199, 200, 201, 202, 203,   1,   3,   7,   9,  10,
     25,  26,  28,  38,  39,  40,  42,  44,  45,  47,  53,  55,  62,  72,  73,  74,
     77,  78,  79,  80,  81,  82,  83,  84,  85,  88,  89,  91,  92,  93,  98,  99,
    100, 101, 102, 103, 104, 113, 114, 115, 121, 122, 123, 124, 126, 127, 128, 129,
    132, 192, 193, 194, 196, 203,   1,   3,   4,   7,   9,  10,  24,  26,  28,  29,
     32,  33,  34,  35,  36,  37,  38,  39,  40,  41,  48,  58,  61,  62,  72,  73,
     74,  76,  77,  96,  97, 110, 116, 118, 119, 121, 122, 124, 196, 197, 198, 199,
    200, 201, 202, 203,   1,   5,   8,  24,  27,  31,  32,  33,  34,  35,  36,  38,
     40,  42,  43,  44,  45,  47,  48,  50,  51,  52,  53,  54,  55,  56,  57,  58,
     59,  61,  62,  63,  64,  68,  76,  77,  78,  79,  80,  81,  82,  83,  84,  85,
     89,  90,  91,  92,  93,  94,  95,  96,  97,  98,  99, 100, 101, 102, 103, 104,
    108, 109, 110, 111, 112, 113, 114, 115, 116, 117, 118, 119, 120, 121, 122, 123,
    126, 127, 128, 129, 132, 133, 192, 193, 194, 196, 197, 198, 199, 201, 202, 204,
      5,  24,  26,  28,  29,  30,  33,  35,  36,  37,  38,  39,  42,  43,  46,  51,
     52,  54,  56,  57,  58,  59,  60,  61,  62,  72,  73,  74,  77,  78,  79,  80,
     81,  82,  88,  90,  94,  95,  96,  98,  99, 100, 108, 111, 112, 116, 117, 118,
    119, 120, 121, 122, 124, 126, 127, 128, 133, 192, 193, 196, 197, 198, 201,   3,
      7,   8,   9,  10,  21,  22,  25,  26,  27,  28,  29,  31,  32,  39,  42,  44,
     45,  46,  47,  48,  49,  50,  51,  52,  53,  54,  55,  56,  57,  58,  61,  62,
     63,  64,  68,  72,  73,  74,  78,  79,  80,  81,  82,  83,  84,  85,  86,  87,
     88,  89,  90,  91,  92,  93,  94,  95,  96,  97,  98,  99, 100, 101, 102, 103,
    104, 105, 107, 108, 109, 110, 111, 112, 113, 114, 115, 117, 121, 122, 123, 124,
    125, 126, 127, 128, 129, 130, 131, 132, 133, 192, 193, 194, 195, 197, 203, 204,
      3,   7,   9,  10,  25,  26,  27,  28,  29,  31,  32,  39,  42,  44,  45,  46,
     47,  49,  50,  51,  52,  53,  54,  55,  56,  57,  58,  59,  60,  61,  62,  72,
     73,  74,  78,  79,  80,  81,  82,  83,  84,  85,  86,  87,  88,  89,  90,  91,
     92,  93,  94,  95,  96,  98,  99, 100, 101, 102, 103, 104, 105, 106, 107, 108,
    109, 111, 112, 113, 114, 115, 117, 120, 121, 122, 123, 124, 125, 126, 127, 128,
    129, 130, 131, 132, 133, 192, 193, 194, 195, 197, 203,   3,   7,   8,   9,  10,
     21,  22,  25,  26,  27,  28,  29,  31,  32,  39,  42,  43,  44,  45,  46,  47,
     49,  50,  51,  52,  53,  54,  55,  56,  57,  58,  59,  60,  61,  62,  63,  64,
     68,  70,  72,  73,  74,  78,  79,  80,  81,  82,  83,  84,  85,  86,  87,  88,
     89,  90,  91,  92,  93,  94,  95,  96,  98,  99, 100, 101, 102, 103, 104, 105,
    106, 107, 108, 109, 111, 112, 113, 114, 115, 117, 120, 121, 122, 123, 124, 126,
    127, 128, 129, 130, 131, 132, 133, 192, 193, 194, 195, 197, 203, 204, 205,   3,
      7,   8,   9,  10,  21,  22,  25,  26,  27,  28,  29,  31,  32,  42,  43,  44,
     45,  46,  47,  49,  50,  51,  52,  53,  54,  55,  56,  57,  58,  59,  60,  61,
     62,  63,  64,  68,  70,  72,  73,  74,  78,  79,  80,  81,  82,  83,  84,  85,
     86,  87,  88,  89,  90,  91,  92,  93,  94,  95,  96,  98,  99, 100, 101, 102,
    103, 104, 105, 106, 107, 108, 109, 111, 112, 113, 114, 115, 117, 120, 121, 122,
    123, 124, 125, 126, 127, 128, 129, 130, 131, 132, 133, 192, 193, 194, 195, 197,
    203, 204, 205,   8,  27,  31,  33,  44,  45,  53,  56,  57,  58,  59,  61,  63,
     64,  68,  83,  84,  85,  88,  89,  91,  92,  93,  94,  95,  96, 101, 102, 116,
    117, 118, 120, 123, 129, 130, 132, 194, 197, 204,   3,   7,   8,   9,  10,  21,
     22,  25,  26,  27,  28,  29,  31,  32,  42,  44,  45,  46,  47,  49,  50,  51,
     52,  53,  54,  55,  56,  57,  58,  59,  60,  61,  62,  63,  64,  68,  70,  72,
     73,  74,  78,  79,  80,  81,  82,  83,  84,  85,  86,  87,  88,  89,  90,  91,
     92,  93,  94,  95,  96,  98,  99, 100, 101, 102, 103, 104, 105, 106, 107, 108,
    109, 111, 112, 113, 114, 115, 117, 120, 121, 122, 123, 124, 125, 126, 127, 128,
    129, 130, 131, 132, 133, 192, 193, 194, 195, 197, 203, 204, 205,  27,  28,  29,
     31,  32,  33,  34,  50,  51,  52,  54,  56,  57,  58,  59,  61,  76,  88,  90,
     94,  95,  96, 105, 108, 109, 111, 112, 116, 117, 118, 120, 133, 197,  47,  50,
     58,  61,  96, 103, 104, 109, 197,  11,  14,  15,  16,  17,  18,  19,  20,  27,
     28,  31,  32,  33,  34,  35,  36,  38,  40,  42,  44,  45,  53,  55,  56,  57,
     58,  59,  61,  62,  76,  77,  78,  79,  80,  81,  82,  83,  84,  85,  89,  91,
     92,  93,  94,  95,  96,  98,  99, 100, 101, 102, 113, 114, 115, 116, 117, 118,
    119, 120, 121, 122, 123, 126, 127, 128, 129, 132, 135, 136, 140, 141, 147, 148,
    149, 151, 152, 156, 168, 172, 173, 185, 189, 190, 191, 192, 193, 194, 196, 197,
      1,   5,  24,  25,  33,  40,  43,  44,  45,  50,  51,  52,  53,  54,  55,  56,
     57,  58,  59,  61,  83,  84,  85,  89,  90,  91,  92,  93,  94,  95,  96, 101,
    102, 108, 109, 111, 112, 113, 114, 115, 116, 117, 118, 120, 123, 129, 132, 133,
    194, 197, 198, 199, 201, 202,   0,   1,   5,   7,   9,  10,  24,  25,  33,  40,
     43,  48,  51,  52,  54,  55,  56,  57,  58,  59,  60,  61,  62,  90,  94,  95,
     96,  97, 108, 110, 111, 112, 113, 114, 115, 116, 117, 118, 120, 121, 122, 133,
    197, 198, 199, 201, 202, 203,   1,   5,  24,  40,  44,  45,  48,  53,  57,  83,
     84,  85,  89,  91,  92,  93,  94,  95,  97, 101, 102, 110, 123, 129, 132, 194,
    198, 199, 201, 202,   1,  24,  25,  44,  45,  47,  50,  51,  52,  53,  54,  56,
     57,  58,  59,  61,  83,  84,  85,  89,  90,  91,  92,  93,  94,  95,  96, 101,
    102, 103, 104, 108, 109, 111, 112, 117, 120, 123, 129, 132, 133, 194, 197, 199,
    202,   0,   1,   5,   7,   9,  10,  24,  25,  33,  40,  43,  48,  51,  52,  54,
     55,  56,  57,  58,  59,  60,  61,  62,  90,  94,  95,  96,  97, 108, 110, 111,
    112, 113, 114, 115, 116, 117, 118, 120, 121, 122, 133, 197, 198, 199, 201, 202,
    203,   0,   1,   4,   5,   7,   8,   9,  24,  40,  41,  42,  44,  45,  53,  55,
     63,  64,  68,  78,  79,  80,  81,  82,  83,  84,  85,  89,  91,  92,  93,  98,
     99, 100, 101, 102, 113, 114, 115, 123, 126, 127, 128, 129, 132, 192, 193, 194,
    198, 199, 201, 202, 203, 204,   1,   3,   5,  24,  25,  40,  42,  43,  44,  45,
     48,  53,  55,  63,  68,  78,  79,  80,  81,  82,  83,  84,  85,  89,  91,  92,
     93,  97,  98,  99, 100, 101, 102, 110, 113, 114, 115, 123, 126, 127, 128, 129,
    132, 192, 193, 194, 198, 201, 204,   1,   5,  24,  25,  33,  40,  43,  44,  45,
     50,  51,  52,  53,  54,  55,  56,  57,  58,  59,  61,  83,  84,  85,  89,  90,
     91,  92,  93,  94,  95,  96, 101, 102, 108, 109, 111, 112, 113, 114, 115, 116,
    117, 118, 120, 123, 129, 132, 133, 194, 197, 198, 199, 201, 202,   0,   1,   5,
     24,  33,  34,  35,  36,  38,  40,  43,  44,  45,  47,  53,  56,  57,  58,  59,
     61,  76,  77,  83,  84,  85,  89,  91,  92,  93,  94,  95,  96, 101, 102, 103,
    104, 116, 117, 118, 119, 120, 123, 129, 132, 194, 196, 197, 198, 199, 201, 202,
     24,  42,  43,  47,  48,  56,  57,  58,  59,  60,  61,  62,  78,  79,  80,  81,
     82,  94,  95,  96,  97,  98,  99, 100, 103, 104, 110, 117, 120, 121, 122, 126,
    127, 128, 192, 193, 197, 199, 202,   1,   5,   8,  25,  40,  43,  44,  45,  51,
     52,  53,  54,  56,  57,  58,  59,  61,  63,  64,  68,  83,  84,  85,  89,  90,
     91,  92,  93,  94,  95,  96, 101, 102, 108, 111, 112, 117, 120, 123, 129, 132,
    133, 194, 197, 198, 199, 201, 202, 204,   0,   1,   5,   7,   9,  10,  24,  25,
     33,  40,  43,  48,  51,  52,  54,  55,  56,  57,  58,  59,  60,  61,  62,  90,
     94,  95,  96,  97, 108, 110, 111, 112, 113, 114, 115, 116, 117, 118, 120, 121,
    122, 133, 197, 198, 199, 201, 202, 203,   0,   1,   5,  10,  24,  25,  40,  42,
     43,  44,  45,  46,  48,  53,  55,  56,  57,  58,  59,  61,  78,  79,  80,  81,
     82,  83,  84,  85,  89,  91,  92,  93,  94,  95,  96,  97,  98,  99, 100, 101,
    102, 110, 113, 114, 115, 117, 120, 123, 126, 127, 128, 129, 132, 192, 193, 194,
    197, 199, 202,   1,   3,   7,   9,  10,  25,  40,  42,  43,  44,  45,  48,  53,
     62,  78,  79,  80,  81,  82,  83,  84,  85,  89,  91,  92,  93,  97,  98,  99,
    100, 101, 102, 110, 121, 122, 123, 126, 127, 128, 129, 132, 192, 193, 194, 203,
      0,   1,  24,  25,  40,  43,  56,  57,  58,  59,  61,  62,  94,  95,  96, 117,
    120, 121, 122, 197, 198, 199, 201, 202,   1,  10,  24,  25,  40,  42,  43,  44,
     45,  47,  51,  52,  53,  54,  55,  56,  57,  58,  59,  60,  61,  62,  63,  70,
     78,  79,  80,  81,  82,  83,  84,  85,  89,  90,  91,  92,  93,  94,  95,  96,
     98,  99, 100, 101, 102, 103, 104, 108, 111, 112, 113, 114, 115, 117, 120, 121,
    122, 123, 126, 127, 128, 129, 132, 133, 192, 193, 194, 197, 199, 202, 204, 205,
      1,   3,   7,   8,   9,  10,  25,  40,  42,  43,  44,  45,  47,  48,  53,  55,
     63,  64,  68,  78,  79,  80,  81,  82,  83,  84,  85,  89,  91,  92,  93,  97,
     98,  99, 100, 101, 102, 103, 104, 110, 113, 114, 115, 123, 126, 127, 128, 129,
    132, 192, 193, 194, 199, 202, 203, 204,   3,   7,   8,   9,  10,  25,  40,  42,
     44,  45,  47,  48,  53,  55,  63,  64,  78,  79,  80,  81,  82,  83,  84,  85,
     89,  91,  92,  93,  97,  98,  99, 100, 101, 102, 103, 104, 110, 113, 114, 115,
    123, 126, 127, 128, 129, 132, 192, 193, 194, 203, 204,   1,  25,  40,  43,  44,
     45,  53,  56,  63,  68,  83,  84,  85,  89,  91,  92,  93, 101, 102, 117, 123,
    129, 132, 194, 204,   1,  24,  25,  40,  43,  44,  45,  53,  56,  58,  59,  61,
     83,  84,  85,  89,  91,  92,  93,  96, 101, 102, 110, 117, 120, 123, 129, 132,
    194, 197, 199, 202,  27,  31,  33,  34,  35,  36,  38,  39,  42,  43,  44,  45,
     53,  55,  56,  57,  58,  59,  61,  76,  77,  78,  79,  80,  81,  82,  83,  84,
     85,  89,  91,  92,  93,  94,  95,  96,  98,  99, 100, 101, 102, 113, 114, 115,
    116, 117, 118, 119, 120, 123, 126, 127, 128, 129, 132, 192, 193, 194, 196, 197,
    198, 199, 201, 202,  35,  36,  38,  77, 119, 134, 135, 140, 141, 142, 146, 148,
    151, 152, 185, 189, 191, 196, 209,  67, 208, 211,   5,   7,   8,   9,  40,  64,
    198, 199, 201, 202, 203,  26,  28,  33,  35,  36,  37,  38,  56,  58,  60,  61,
     72,  73,  74,  77,  96, 116, 117, 118, 119, 124, 196, 197, 209,   7,   9,  26,
     33,  35,  36,  37,  38,  56,  58,  59,  60,  61,  72,  73,  77,  96, 116, 117,
    118, 119, 120, 124, 196, 197, 203,  27,  28,  31,  33,  34,  35,  36,  38,  42,
     43,  44,  45,  53,  55,  56,  57,  58,  59,  61,  76,  77,  78,  79,  80,  81,
     82,  83,  84,  85,  89,  91,  92,  93,  94,  95,  96,  98,  99, 100, 101, 102,
    113, 114, 115, 116, 117, 118, 119, 120, 123, 126, 127, 128, 129, 132, 192, 193,
    194, 196, 197, 198, 199, 201, 202,   1,   3,   4,   7,   9,  10,  24,  26,  28,
     29,  32,  33,  34,  35,  36,  37,  38,  39,  40,  41,  48,  58,  61,  62,  72,
     73,  74,  76,  77,  96,  97, 110, 116, 118, 119, 121, 122, 124, 196, 197, 198,
    199, 200, 201, 202, 203,  12,  13,  14,  15,  16,  18,  20,   3,   7,   9,  10,
     25,  26,  27,  28,  29,  31,  32,  39,  42,  44,  45,  46,  47,  49,  50,  51,
     52,  53,  54,  55,  56,  57,  58,  59,  60,  61,  62,  72,  73,  74,  78,  79,
     80,  81,  82,  83,  84,  85,  86,  87,  88,  89,  90,  91,  92,  93,  94,  95,
     96,  98,  99, 100, 101, 102, 103, 104, 105, 106, 107, 108, 109, 111, 112, 113,
    114, 115, 117, 120, 121, 122, 123, 124, 125, 126, 127, 128, 129, 130, 131, 132,
    133, 192, 193, 194, 195, 197, 203,   3,   7,   8,   9,  10,  21,  22,  25,  26,
     27,  28,  29,  31,  32,  42,  44,  45,  46,  47,  49,  50,  51,  52,  53,  54,
     55,  56,  57,  58,  59,  60,  61,  62,  63,  64,  68,  70,  72,  73,  74,  78,
     79,  80,  81,  82,  83,  84,  85,  86,  87,  88,  89,  90,  91,  92,  93,  94,
     95,  96,  98,  99, 100, 101, 102, 103, 104, 105, 106, 107, 108, 109, 111, 112,
    113, 114, 115, 117, 120, 121, 122, 123, 124, 125, 126, 127, 128, 129, 130, 131,
    132, 133, 192, 193, 194, 195, 197, 203, 204, 205,  26,  27,  28,  31,  35,  36,
     37,  38,  39,  60,  62,  72,  73,  74,  77, 119, 121, 122, 124, 196, 199, 202,
     43,  47,  50,  51,  52,  54,  56,  57,  58,  59,  60,  61,  62,  90,  94,  95,
     96, 103, 104, 108, 109, 111, 112, 117, 120, 121, 122, 133, 197,   1,   5,  24,
     25,  33,  40,  43,  44,  45,  50,  51,  52,  53,  54,  55,  56,  57,  58,  59,
     61,  83,  84,  85,  89,  90,  91,  92,  93,  94,  95,  96, 101, 102, 108, 109,
    111, 112, 113, 114, 115, 116, 117, 118, 120, 123, 129, 132, 133, 194, 197, 198,
    199, 201, 202,   1,   5,  24,  25,  33,  40,  43,  44,  45,  50,  51,  52,  53,
     54,  55,  56,  57,  58,  59,  61,  83,  84,  85,  89,  90,  91,  92,  93,  94,
     95,  96, 101, 102, 108, 109, 111, 112, 113, 114, 115, 116, 117, 118, 120, 123,
    129, 132, 133, 194, 197, 198, 199, 201, 202,   0,   1,   5,   7,   9,  10,  24,
     25,  33,  40,  43,  48,  51,  52,  54,  55,  56,  57,  58,  59,  60,  61,  62,
     90,  94,  95,  96,  97, 108, 110, 111, 112, 113, 114, 115, 116, 117, 118, 120,
    121, 122, 133, 197, 198, 199, 201, 202, 203,   0,   1,   5,  24,  33,  34,  35,
     36,  38,  40,  43,  44,  45,  47,  53,  56,  57,  58,  59,  61,  76,  77,  83,
     84,  85,  89,  91,  92,  93,  94,  95,  96, 101, 102, 103, 104, 116, 117, 118,
    119, 120, 123, 129, 132, 194, 196, 197, 198, 199, 201, 202,   1,   7,   9,  10,
     25,  26,  28,  29,  32,  33,  34,  35,  36,  37,  38,  39,  40,  42,  46,  55,
     58,  60,  61,  62,  72,  73,  74,  76,  77,  78,  79,  80,  81,  82,  96,  98,
     99, 100, 113, 114, 115, 116, 118, 119, 121, 122, 124, 126, 127, 128, 192, 193,
    196, 197, 198, 199, 201, 202, 203,   0,   1,   6,   7,   8,   9,  10,  21,  22,
     23,  24,  25,  42,  44,  45,  47,  50,  51,  52,  53,  54,  55,  56,  57,  58,
     59,  60,  61,  62,  63,  64,  68,  70,  78,  79,  80,  81,  82,  83,  84,  85,
     89,  90,  91,  92,  93,  94,  95,  96,  98,  99, 100, 101, 102, 103, 104, 108,
    109, 111, 112, 113, 114, 115, 117, 120, 121, 122, 123, 126, 127, 128, 129, 132,
    133, 192, 193, 194, 197, 198, 199, 201, 202, 203, 204, 205,   1,   5,  24,  27,
     28,  29,  31,  32,  33,  34,  35,  36,  38,  39,  40,  43,  48,  54,  56,  57,
     58,  59,  61,  68,  76,  77,  94,  95,  96,  97, 110, 116, 117, 118, 119, 120,
    196, 197, 198, 199, 201, 202,   0,   1,   6,   7,   8,   9,  10,  21,  22,  23,
     24,  25,  42,  44,  45,  47,  50,  51,  52,  53,  54,  55,  56,  57,  58,  59,
     60,  61,  62,  63,  64,  68,  70,  78,  79,  80,  81,  82,  83,  84,  85,  89,
     90,  91,  92,  93,  94,  95,  96,  98,  99, 100, 101, 102, 103, 104, 108, 109,
    111, 112, 113, 114, 115, 117, 120, 121, 122, 123, 126, 127, 128, 129, 132, 133,
    192, 193, 194, 197, 198, 199, 201, 202, 203, 204, 205,   1,  24,  25,  44,  45,
     47,  50,  51,  52,  53,  54,  56,  57,  58,  59,  61,  83,  84,  85,  89,  90,
     91,  92,  93,  94,  95,  96, 101, 102, 103, 104, 108, 109, 111, 112, 117, 120,
    123, 129, 132, 133, 194, 197, 199, 202,   3,   7,   8,   9,  10,  21,  22,  25,
     26,  27,  28,  29,  31,  32,  39,  42,  44,  45,  46,  47,  48,  49,  50,  51,
     52,  53,  54,  55,  56,  57,  58,  61,  62,  63,  64,  68,  72,  73,  74,  78,
     79,  80,  81,  82,  83,  84,  85,  86,  87,  88,  89,  90,  91,  92,  93,  94,
     95,  96,  97,  98,  99, 100, 101, 102, 103, 104, 105, 107, 108, 109, 110, 111,
    112, 113, 114, 115, 117, 121, 122, 123, 124, 125, 126, 127, 128, 129, 130, 131,
    132, 133, 192, 193, 194, 195, 197, 203, 204,   1,   6,   7,   8,   9,  10,  21,
     22,  23,  24,  25,  40,  42,  43,  44,  45,  47,  51,  52,  53,  54,  55,  56,
     57,  58,  59,  60,  61,  62,  63,  64,  68,  78,  79,  80,  81,  82,  83,  84,
     85,  89,  90,  91,  92,  93,  94,  95,  96,  98,  99, 100, 101, 102, 103, 104,
    108, 111, 112, 113, 114, 115, 117, 120, 121, 122, 123, 126, 127, 128, 129, 132,
    133, 192, 193, 194, 197, 199, 202, 203, 204,   3,   7,   8,   9,  10,  21,  22,
     25,  26,  27,  28,  29,  31,  32,  42,  43,  44,  45,  46,  47,  49,  50,  51,
     52,  53,  54,  55,  56,  57,  58,  59,  60,  61,  62,  63,  64,  68,  70,  72,
     73,  74,  78,  79,  80,  81,  82,  83,  84,  85,  86,  87,  88,  89,  90,  91,
     92,  93,  94,  95,  96,  98,  99, 100, 101, 102, 103, 104, 105, 106, 107, 108,
    109, 111, 112, 113, 114, 115, 117, 120, 121, 122, 123, 124, 125, 126, 127, 128,
    129, 130, 131, 132, 133, 192, 193, 194, 195, 197, 203, 204, 205,   3,   7,   8,
      9,  10,  21,  22,  25,  26,  27,  28,  29,  31,  32,  34,  35,  36,  37,  38,
     42,  44,  45,  46,  47,  51,  52,  53,  54,  55,  56,  57,  58,  59,  60,  61,
     62,  63,  64,  70,  72,  73,  74,  76,  77,  78,  79,  80,  81,  82,  83,  84,
     85,  89,  90,  91,  92,  93,  94,  95,  96,  98,  99, 100, 101, 102, 103, 104,
    108, 111, 112, 113, 114, 115, 117, 119, 120, 121, 122, 123, 124, 126, 127, 128,
    129, 132, 133, 192, 193, 194, 196, 197, 203, 204, 205,   3,   7,   8,   9,  10,
     24,  25,  42,  44,  45,  51,  52,  53,  54,  55,  62,  63,  64,  78,  79,  80,
     81,  82,  83,  84,  85,  89,  90,  91,  92,  93,  98,  99, 100, 101, 102, 108,
    111, 112, 113, 114, 115, 121, 122, 123, 126, 127, 128, 129, 132, 133, 192, 193,
    194, 203, 204,   3,   7,   8,   9,  10,  25,  26,  27,  28,  29,  31,  32,  35,
     36,  37,  38,  39,  42,  44,  45,  46,  47,  49,  50,  51,  52,  53,  54,  55,
     56,  57,  58,  59,  60,  61,  62,  63,  64,  70,  72,  73,  77,  78,  79,  80,
     81,  82,  83,  84,  85,  86,  87,  88,  89,  90,  91,  92,  93,  94,  95,  96,
     98,  99, 100, 101, 102, 103, 104, 105, 106, 107, 108, 109, 111, 112, 113, 114,
    115, 117, 119, 120, 121, 122, 123, 124, 125, 126, 127, 128, 129, 130, 131, 132,
    133, 192, 193, 194, 195, 196, 197, 203, 204, 205,   3,   5,   7,   8,   9,  10,
     21,  22,  25,  42,  44,  45,  53,  55,  62,  63,  64,  78,  79,  80,  81,  82,
     83,  84,  85,  89,  91,  92,  93,  98,  99, 100, 101, 102, 113, 114, 115, 121,
    122, 123, 126, 127, 128, 129, 132, 192, 193, 194, 203, 204, 139, 141, 151, 189,
    190, 191,  40, 141, 148, 151, 157, 162, 164, 169, 171, 174, 176, 182, 183, 189,
    191, 199, 202,   7,   8,   9,  10,  21,  22,  26,  64,  70,  72,  73, 124, 135,
    136, 137, 138, 139, 140, 141, 142, 143, 144, 145, 146, 147, 148, 149, 151, 152,
    153, 154, 155, 156, 157, 158, 159, 160, 161, 162, 163, 164, 165, 166, 167, 168,
    169, 170, 171, 172, 173, 174, 175, 176, 177, 178, 180, 181, 182, 183, 184, 185,
    186, 187, 188, 189, 190, 191, 203, 205, 142, 146, 142, 154, 172,   7,   9,  10,
    142, 143, 144, 154, 187, 203,   8,  40,  64, 135, 140, 141, 146, 148, 151, 152,
    185, 189, 191,  40, 141, 148, 151, 189, 191, 199, 202,   8,  40,  64,  70, 135,
    136, 140, 141, 147, 148, 149, 150, 151, 152, 154, 155, 156, 159, 165, 167, 168,
    169, 170, 172, 173, 178, 180, 181, 185, 189, 190, 191, 199, 202, 205,   7,   8,
      9,  10,  21,  22,  64,  70, 136, 137, 138, 139, 142, 143, 144, 146, 147, 149,
    154, 155, 156, 157, 158, 159, 160, 161, 162, 163, 164, 165, 166, 167, 168, 169,
    170, 171, 172, 173, 174, 175, 176, 177, 178, 180, 181, 182, 183, 187, 188, 190,
    203, 205,   8,  40,  64, 135, 136, 139, 140, 141, 147, 148, 149, 151, 152, 154,
    155, 156, 157, 159, 161, 162, 164, 165, 166, 167, 168, 169, 170, 172, 173, 174,
    175, 176, 177, 178, 180, 182, 183, 185, 186, 189, 190, 191, 199, 202,  40, 135,
    138, 140, 141, 142, 146, 148, 150, 151, 152, 158, 160, 161, 163, 168, 169, 171,
    172, 173, 175, 177, 185, 188, 189, 190, 191, 199, 202,  40, 135, 138, 140, 141,
    144, 146, 148, 150, 151, 152, 154, 158, 160, 161, 163, 168, 169, 173, 175, 177,
    185, 187, 188, 189, 190, 191, 199, 202,   7,   8,   9,  10,  21,  22,  26,  64,
     70,  72,  73, 124, 135, 136, 137, 138, 139, 140, 141, 142, 143, 144, 145, 146,
    147, 148, 149, 151, 152, 153, 154, 155, 156, 157, 158, 159, 160, 161, 162, 163,
    164, 165, 166, 167, 168, 169, 170, 171, 172, 173, 174, 175, 176, 177, 178, 180,
    181, 182, 183, 184, 185, 186, 187, 188, 189, 190, 191, 203, 205, 136, 137, 138,
    141, 147, 148, 149, 156, 159, 160, 161, 165, 167, 168, 169, 170, 172, 173, 175,
    178, 180, 188, 189, 190, 191,   8,  40,  64,  70, 135, 136, 140, 141, 147, 148,
    149, 150, 151, 152, 154, 155, 156, 159, 165, 167, 168, 169, 170, 172, 173, 178,
    180, 181, 185, 189, 190, 191, 199, 202, 205,   7,   9, 141, 177, 189, 190, 191,
    199, 202, 203,   8,  40,  64,  70, 135, 136, 140, 141, 147, 148, 149, 150, 151,
    152, 154, 155, 156, 159, 165, 167, 168, 169, 170, 172, 173, 178, 180, 181, 185,
    189, 190, 191, 199, 202, 205,   8,  64, 135, 136, 138, 139, 140, 141, 144, 147,
    148, 149, 151, 152, 153, 155, 172, 185, 187, 189, 190, 191, 199, 202,   7,   9,
     10,  40, 138, 139, 141, 142, 143, 144, 146, 148, 150, 151, 154, 155, 157, 158,
    160, 161, 162, 163, 164, 169, 171, 172, 174, 175, 176, 177, 182, 183, 187, 188,
    189, 191, 199, 202, 203,   7,   9,  10, 136, 138, 139, 142, 143, 144, 146, 147,
    149, 154, 155, 157, 158, 159, 160, 161, 162, 163, 164, 165, 167, 170, 174, 175,
    176, 177, 178, 180, 182, 183, 187, 188, 203, 134, 136, 137, 138, 139, 141, 142,
    144, 146, 147, 148, 149, 151, 154, 155, 156, 157, 158, 159, 160, 161, 162, 163,
    164, 165, 167, 168, 169, 170, 172, 173, 174, 175, 176, 177, 178, 180, 181, 182,
    183, 186, 187, 188, 189, 190, 191,   7,   8,   9,  10,  21,  22,  64,  70, 136,
    137, 138, 139, 142, 143, 144, 145, 146, 147, 149, 150, 154, 155, 156, 157, 158,
    159, 160, 161, 162, 163, 164, 165, 166, 167, 168, 169, 170, 171, 172, 173, 174,
    175, 176, 177, 178, 180, 181, 182, 183, 186, 187, 188, 203, 205,   7,   9,  10,
     40, 138, 139, 141, 142, 144, 146, 148, 150, 151, 154, 158, 161, 163, 175, 177,
    187, 189, 191, 199, 202, 203,   8,  64, 135, 136, 140, 141, 145, 147, 148, 149,
    151, 152, 155, 156, 159, 161, 165, 167, 168, 169, 170, 172, 173, 175, 178, 180,
    185, 189, 190, 191, 136, 141, 147, 148, 189, 190, 191,   7,   9,  10,  40, 138,
    139, 141, 142, 143, 144, 146, 148, 150, 151, 154, 155, 157, 158, 160, 161, 162,
    163, 164, 169, 171, 172, 174, 175, 176, 177, 182, 183, 187, 188, 189, 191, 199,
    202, 203,  40, 156, 158, 163, 168, 169, 172, 173, 184, 190, 199, 202,   7,   9,
    158, 163, 169, 171, 177, 190, 203,  40, 168, 169, 172, 177, 199, 202,   7,   8,
      9,  10,  40,  64, 155, 158, 159, 160, 163, 165, 167, 169, 170, 177, 178, 180,
    181, 188, 203,  40, 199, 202,  40, 156, 163, 169,  40, 155, 156, 159, 165, 167,
    168, 169, 170, 172, 173, 178, 180, 186, 199, 202,   7,   9,  40, 169, 199, 202,
    203,  40, 169,   7,   9,  10,  40, 158, 160, 161, 163, 166, 169, 171, 172, 175,
    177, 188, 190, 199, 202, 203,  40, 159, 165, 167, 169, 170, 171, 172, 178, 180,
    199, 202,   7,   9,  10,  40, 158, 160, 163, 169, 177, 188, 199, 202, 203,   7,
      9,  10,  40, 155, 156, 157, 158, 159, 160, 161, 162, 163, 164, 165, 166, 167,
    168, 169, 170, 174, 175, 176, 177, 178, 179, 180, 181, 182, 183, 188, 203,  40,
    156, 159, 160, 163, 165, 167, 170, 178, 180, 188,  40, 159, 165, 167, 170, 178,
    180,   8,  40,  64, 168, 169, 172, 173, 190, 199, 202,  40, 161, 168, 169, 175,
    199, 202,  40, 159, 165, 167, 169, 170, 171, 172, 178, 180, 199, 202,  40,  40,
    169, 169,   8,  40,  64, 135, 140, 141, 146, 148, 151, 152, 185, 189, 191,   8,
     40,  64,  70, 135, 136, 140, 141, 147, 148, 149, 150, 151, 152, 154, 155, 156,
    159, 165, 167, 168, 169, 170, 172, 173, 178, 180, 181, 185, 189, 190, 191, 199,
    202, 205,  40, 155, 156, 159, 165, 167, 168, 169, 170, 172, 173, 178, 180, 186,
    199, 202,   7,   8,   9,  10,  21,  22,  26,  64,  70,  72,  73, 124, 135, 136,
    137, 138, 139, 140, 141, 142, 143, 144, 145, 146, 147, 148, 149, 151, 152, 153,
    154, 155, 156, 157, 158, 159, 160, 161, 162, 163, 164, 165, 166, 167, 168, 169,
    170, 171, 172, 173, 174, 175, 176, 177, 178, 180, 181, 182, 183, 184, 185, 186,
    187, 188, 189, 190, 191, 203, 205,   7,   8,   9,  10,  40,  64, 155, 158, 159,
    160, 163, 165, 167, 169, 170, 177, 178, 180, 181, 188, 203,  40, 155, 156, 159,
    165, 167, 168, 169, 170, 172, 173, 178, 180, 186, 199, 202,   8,  40,  64,  70,
    135, 136, 140, 141, 147, 148, 149, 150, 151, 152, 154, 155, 156, 159, 165, 167,
    168, 169, 170, 172, 173, 178, 180, 181, 185, 189, 190, 191, 199, 202, 205,   7,
      8,   9,  10,  21,  22,  64,  70, 136, 137, 138, 139, 142, 143, 144, 146, 147,
    149, 154, 155, 156, 157, 158, 159, 160, 161, 162, 163, 164, 165, 166, 167, 168,
    169, 170, 171, 172, 173, 174, 175, 176, 177, 178, 180, 181, 182, 183, 187, 188,
    190, 203, 205,   7,   9,  10, 159, 163, 165, 167, 170, 178, 180, 203,  40, 135,
    140, 141, 148, 151, 152, 185, 189, 191, 199, 202,   3,   7,   8,   9,  10,  21,
     22,  25,  26,  27,  28,  29,  31,  32,  34,  35,  36,  37,  38,  42,  44,  45,
     46,  47,  51,  52,  53,  54,  55,  56,  57,  58,  59,  60,  61,  62,  63,  64,
     70,  72,  73,  74,  76,  77,  78,  79,  80,  81,  82,  83,  84,  85,  89,  90,
     91,  92,  93,  94,  95,  96,  98,  99, 100, 101, 102, 103, 104, 108, 111, 112,
    113, 114, 115, 117, 119, 120, 121, 122, 123, 124, 126, 127, 128, 129, 132, 133,
    192, 193, 194, 196, 197, 203, 204, 205,   3,   7,   8,   9,  10,  24,  25,  42,
     44,  45,  51,  52,  53,  54,  55,  62,  63,  64,  78,  79,  80,  81,  82,  83,
     84,  85,  89,  90,  91,  92,  93,  98,  99, 100, 101, 102, 108, 111, 112, 113,
    114, 115, 121, 122, 123, 126, 127, 128, 129, 132, 133, 192, 193, 194, 203, 204,
      3,   7,   8,   9,  10,  25,  26,  27,  28,  29,  31,  32,  35,  36,  37,  38,
     39,  42,  44,  45,  46,  47,  49,  50,  51,  52,  53,  54,  55,  56,  57,  58,
     59,  60,  61,  62,  63,  64,  70,  72,  73,  77,  78,  79,  80,  81,  82,  83,
     84,  85,  86,  87,  88,  89,  90,  91,  92,  93,  94,  95,  96,  98,  99, 100,
    101, 102, 103, 104, 105, 106, 107, 108, 109, 111, 112, 113, 114, 115, 117, 119,
    120, 121, 122, 123, 124, 125, 126, 127, 128, 129, 130, 131, 132, 133, 192, 193,
    194, 195, 196, 197, 203, 204, 205,   3,   7,   8,   9,  10,  21,  22,  25,  26,
     27,  28,  29,  31,  32,  42,  44,  45,  46,  47,  49,  50,  51,  52,  53,  54,
     55,  56,  57,  58,  59,  60,  61,  62,  63,  64,  68,  70,  72,  73,  74,  78,
     79,  80,  81,  82,  83,  84,  85,  86,  87,  88,  89,  90,  91,  92,  93,  94,
     95,  96,  98,  99, 100, 101, 102, 103, 104, 105, 106, 107, 108, 109, 111, 112,
    113, 114, 115, 117, 120, 121, 122, 123, 124, 125, 126, 127, 128, 129, 130, 131,
    132, 133, 192, 193, 194, 195, 197, 203, 204, 205,   7,   9,  15,  18,  26,  27,
     28,  29,  31,  42,  44,  45,  46,  47,  48,  51,  52,  53,  54,  55,  56,  71,
     72,  73,  74,  78,  79,  80,  81,  82,  83,  84,  85,  87,  88,  89,  90,  91,
     92,  93,  97,  98,  99, 100, 101, 102, 103, 104, 105, 106, 108, 109, 110, 111,
    112, 113, 114, 115, 117, 123, 124, 126, 127, 128, 129, 130, 131, 132, 133, 136,
    137, 138, 139, 142, 143, 144, 146, 147, 149, 154, 155, 156, 157, 158, 159, 160,
    161, 162, 163, 164, 165, 167, 168, 170, 174, 175, 176, 177, 178, 180, 181, 182,
    183, 187, 188, 192, 193, 194, 203, 212,   7,   9,  11,  15,  16,  17,  19,  26,
     27,  28,  31,  32,  39,  42,  44,  45,  46,  47,  48,  49,  50,  51,  52,  53,
     54,  55,  56,  57,  58,  59,  60,  61,  62,  71,  72,  73,  74,  78,  79,  80,
     81,  82,  83,  84,  85,  86,  87,  88,  89,  90,  91,  92,  93,  94,  95,  96,
     97,  98,  99, 100, 101, 102, 103, 104, 105, 106, 107, 108, 109, 110, 111, 112,
    113, 114, 115, 117, 120, 121, 122, 123, 124, 125, 126, 127, 128, 129, 130, 131,
    132, 133, 192, 193, 194, 195, 197, 203,  15,  17,  18,  24,  27,  31,  33,  34,
     35,  36,  38,  43,  44,  45,  53,  56,  57,  58,  59,  61,  76,  77,  83,  84,
     85,  89,  91,  92,  93,  94,  95,  96, 101, 102, 116, 117, 118, 119, 120, 123,
    129, 132, 194, 196, 197,  67, 209, 211,  66,  67, 209, 206, 207, 208, 210,  67,
    209,  66,  67,  69, 207, 209,   1,   5,   8,  24,  40,  64, 198, 199, 201, 202,
     13,  14,  16,  18,  20,  47,  50,  51,  52,  54,  56,  57,  58,  59,  61,  90,
     94,  95,  96, 103, 104, 108, 109, 111, 112, 117, 120, 133, 197,
};

static const int8_t literatamono_12_boldKernSparseValues[] = {
     -44,  -44,   -4,   -3,  -38,  -12,  -34,   -4,  -12,   -6,  -14,  -16,  -16,  -12,  -21,   -2,
      -2,  -16,   -2,  -13,  -16,   -2,   -3,   -2,   -5,  -38,  -38,  -18,  -14,  -14,  -14,  -14,
     -14,  -16,  -16,  -16,  -16,   -2,  -16,  -16,  -16,   -2,  -14,  -14,  -14,  -16,  -16,  -21,
     -21,   -2,   -2,   -2,  -13,  -13,  -13,  -16,   -5,   -5,  -16,  -38,  -14,  -14,  -14,  -16,
     -16,   -2,  -14,  -14,  -16,   -2,  -44,  -18,   -4,  -10,   -5,  -30,  -26,  -34,   -2,   -2,
      -2,   -5,  -34,   -2,   -2,  -10,  -10,  -26,  -34,  -12,   -4,  -40,  -40,   -8,    4,  -20,
     -20,   -7,  -20,  -40,  -40,  -44,   -8,   -8,   -8,   -8,   -8,  -20,  -20,  -20,  -20,  -20,
     -20,  -20,   -8,   -8,   -8,  -20,  -20,   -7,   -7,  -20,  -40,   -8,   -8,   -8,  -20,  -20,
      -8,   -8,  -20,  -20,  -44,  -12,  -30,   -6,  -10,  -10,  -32,  -10,  -40,  -27,  -37,   -3,
      -2,   -2,   -2,   -8,  -12,  -30,  -27,  -30,  -36,  -36,  -36,  -10,  -37,   -2,   -2,   -2,
      -2,   -2,   -2,   -2,  -12,  -12,  -30,   -2,   -2,  -32,   -8,  -32,  -27,  -27,   -2,   -2,
      -2,   -8,   -7,   -8,  -15,   -7,  -15,   -8,  -16,  -17,   -6,   -4,   -4,   -4,   -4,  -10,
     -11,   -4,  -13,   -9,   -4,   -4,   -4,   -8,  -38,  -13,  -38,   -2,  -37,  -30,  -36,  -36,
     -36,  -36,  -36,  -40,  -36,  -36,  -36,  -36,  -16,  -12,  -28,   -3,  -12,   -4,   -6,  -26,
     -22,  -14,  -22,  -30,   -8,   -4,   -2,   -4,  -12,  -12,   -6,  -30,   -4,  -26,  -26,  -14,
      -2,  -12,   -4,   -4,  -20,   -6,   -6,   -4,  -10,   -6,   -8,   -4,   -4,   -4,   -6,   -6,
     -30,   -4,   -6,  -60,  -60,  -86,  -12,  -12,  -16,  -44,   -8,  -20,   -8,  -12,  -18,  -48,
     -24,  -36,  -24,  -15,   -4,  -44,  -38,  -38,  -12,  -40,   -2,  -20,  -20,  -38,  -20,  -38,
     -22,  -22,  -24,  -24,  -22,  -24,  -26,  -48,  -48,  -40,  -44,  -44,  -44,  -44,  -44,  -38,
     -38,  -38,   -2,   -2,   -2,  -38,  -20,  -38,  -38,  -38,  -22,  -22,  -24,  -44,  -44,  -44,
     -38,  -38,  -40,  -40,   -2,   -2,   -2,  -20,  -20,  -20,  -38,  -38,  -38,   -4,  -22,   -4,
     -24,  -26,  -26,  -38,  -48,   -2,  -44,  -44,  -44,  -38,   -2,   -2,  -38,  -20,  -14,  -10,
     -40,  -24,  -45,  -10,  -36,  -16,  -14,  -12,  -24,  -29,  -17,  -24,  -29,  -38,  -20,  -20,
     -24,  -31,  -24,  -38,   -9,  -38,  -12,  -15,  -38,   -7,  -14,  -20,  -24,  -20,  -24,  -29,
     -31,  -38,  -27,  -24,  -24,  -36,  -32,  -44,  -44,  -38,   -2,  -24,  -60,  -20,   -6,   -7,
      -2,   -3,   -5,   -8,  -16,  -15,  -12,   -4,   -8,   -8,   -8,   -8,   -8,   -1,   -5,   -2,
      -4,   -7,   -8,   -1,   -2,   -8,   -1,   -4,   -4,   -4,   -4,   -4,  -11,   -4,  -15,   -5,
     -16,  -12,  -12,  -12,  -12,   -2,   -3,   -4,   -4,   -8,   -4,   -1,   -8,   -4,   -4,   -4,
      -4,   -2,   -2,   -2,   -1,   -2,   -7,    3,  -41,  -24,  -41,  -40,    4,    4,   -2,  -30,
      -7,   -5,   -1,   -6,   -6,  -24,  -24,    4,  -33,    8,    4,  -20,    8,    4,  -41,  -24,
      -3,   -3,   -2,   -7,   -2,   -4,  -12,   -1,   -1,   -4,   -4,   -6,   -4,   -2,   -3,   -4,
      -4,   -8,   -4,   -4,   -2,   -3,   -7,   -5,   -4,   -6,  -18,   -4,  -14,  -14,   -8,   -8,
      -4,  -18,  -12,  -34,  -22,   -8,  -40,  -14,  -14,   -8,   -3,   -4,   -4,  -14,   -9,   -5,
     -14,   -8,   -8,   -8,  -12,  -40,   -4,   -4,  -14,   -3,   -3,  -18,   -4,  -18,  -22,   -9,
      -8,   -8,   -8,  -40,  -14,  -38,  -40,  -12,  -26,   -9,   -9,  -40,  -25,  -50,  -40,  -48,
     -44,   -4,   -1,   -1,   -6,   -6,   -1,  -12,  -15,  -12,  -36,  -29,  -36,   -9,  -12,  -16,
     -25,  -48,   -1,   -1,   -1,   -1,   -6,   -1,   -1,   -1,  -12,  -12,  -36,   -1,   -1,   -6,
      -6,   -6,  -40,  -15,  -40,  -40,  -29,   -1,   -1,   -1,   -6,   -1,  -48,  -36,  -42,  -40,
     -42,  -40,   -9,   -5,   -4,   -4,   -3,   -2,   -9,   -5,  -13,  -10,   -2,  -14,   -4,   -4,
      -6,   -4,   -9,   -8,   -9,   -3,   -3,   -5,  -14,   -4,   -4,   -9,   -9,   -6,   -9,  -10,
      -8,   -3,  -14,   -9,   -4,   -4,   -4,   -4,   -4,   -6,   -6,   -4,   -5,   -2,   -8,   -6,
      -7,   -5,   -2,   -2,   -4,   -4,   -1,   -4,   -2,   -2,   -2,   -4,   -2,   -5,   -3,   -5,
      -6,   -3,   -1,   -6,   -3,   -4,   -4,   -4,   -6,   -2,   -7,   -2,   -2,   -2,   -2,   -2,
      -4,   -4,   -4,    8,   -4,   -2,   -4,   -4,   -4,   -5,   -5,   -6,   -2,   -2,   -2,   -2,
      -4,   -4,   -4,   -4,   -2,   -2,   -2,   -2,   -5,   -5,   -5,   -5,   -3,   -5,   -6,   -3,
      -3,   -3,   -4,   -4,   -2,   -2,   -2,   -4,   -4,   -2,   -2,   -2,   -4,   -7,   -6,   -4,
     -12,  -12,   -2,   -8,  -36,   -9,   -9,   -2,  -10,   -4,  -15,  -12,  -17,  -21,  -10,  -20,
      -2,   -2,   -1,   -2,   -2,   -2,   -2,  -36,  -36,  -40,   -4,  -21,   -2,   -2,   -2,   -2,
      -2,   -2,   -2,   -2,   -2,   -1,   -1,   -1,  -10,  -10,  -12,   -2,   -2,  -36,   -2,   -2,
      -2,   -2,   -2,  -21,   -2,   -2,   -8,   -2,   -8,  -12,   -6,   -5,   -2,   -5,   -2,   -1,
      -1,   -1,   -1,   -4,   -3,   -7,   -5,   -7,   -5,   -5,    6,   -1,   -3,   -3,   -7,   -1,
      -1,   -1,   -1,   -1,   -6,   -4,   -6,   -5,   -1,   -5,   -7,   -2,   -6,   -2,   -6,  -15,
       3,  -42,  -20,  -42,  -36,  -26,  -38,   -7,  -41,   -3,   -7,   -7,   -1,   -3,  -17,  -20,
     -20,  -18,   -4,   -1,   -1,   -5,   -5,  -20,   -5,  -17,   -2,   -4,   -2,   -1,   -1,   -2,
      -7,  -16,  -20,  -38,  -38,  -42,   -1,  -17,  -17,  -17,  -17,  -17,  -20,  -20,  -20,   -1,
       9,   16,  -20,   -5,  -20,  -20,  -20,   -4,   -4,   -2,   -4,  -17,  -17,  -17,  -20,  -20,
     -18,  -18,    4,    2,    1,   -5,    8,   -4,   -5,   -5,  -17,  -17,  -17,   -2,   -1,   -7,
      -7,  -20,  -38,   -1,  -17,  -17,  -17,  -20,   15,    5,  -20,   -5,  -17,  -17,  -20,    1,
      -2,  -42,  -16,  -12,   -8,    2,  -12,   -3,  -15,   -3,  -16,  -12,   -1,  -17,   -4,   -8,
      -1,   -6,   -2,   -1,   -6,    2,  -12,   -3,  -17,   -1,   -1,   -6,  -15,  -15,  -12,   -2,
     -17,   -6,   -4,   -6,   -4,   -6,   -2,   -2,    3,   -2,   -7,   -8,  -14,   -8,  -14,   -2,
      -2,   -2,    5,   12,   -2,   -2,   -2,   -2,   -8,   -8,  -14,   -2,   -2,    4,    3,   -7,
      -8,   -2,   -2,   10,    5,   -2,   -2,  -14,   -7,  -20,  -20,  -20,   -8,  -22,  -12,   -4,
     -12,  -12,  -12,   -7,  -11,   -1,   -7,   -7,  -12,   -7,  -14,   -6,   -8,   -8,   -6,  -10,
      -8,   -8,   -4,   -4,  -22,  -22,  -22,  -12,  -12,  -12,  -12,  -12,  -12,  -12,  -12,   -1,
      -1,   10,  -12,   -7,  -12,  -12,  -12,   -8,   -8,   -8,  -12,  -12,  -12,  -12,  -12,  -11,
     -11,   -1,    3,   -1,   -7,   -7,   -7,  -14,  -14,  -14,   -6,   -6,   -8,   -8,  -12,  -22,
      -1,  -12,  -12,  -12,  -12,    6,   -1,  -12,   -7,  -12,  -12,  -12,   -1,   -8,  -20,   -4,
     -24,  -10,  -16,  -16,  -10,   -9,   -8,   -6,   -8,   -3,   -2,   -5,   -5,   -5,   -2,  -15,
     -14,  -34,  -29,  -34,  -10,  -24,  -20,   -9,   -8,   -3,   -3,   -3,   -3,   -3,   -5,   -5,
      -5,    6,   15,   -5,   -5,   -5,   -5,  -14,  -14,  -34,   -3,   -3,   -3,   -5,   -5,    6,
     -10,  -15,  -10,   -6,  -29,   -5,   -3,   -3,   -3,   -5,   -5,   -3,   -3,   -5,   -8,  -34,
      -6,   -8,   -6,   -8,  -10,  -46,  -40,  -26,   -3,   -2,   -7,   -3,   -2,  -46,  -18,  -42,
     -35,  -45,   -6,  -34,   -4,   -4,   -1,  -10,   -8,  -25,  -20,  -25,   -4,  -18,  -70,   -8,
      -8,  -25,   -8,   -4,  -46,  -10,  -75,  -54,  -20,  -45,  -25,  -48,  -46,  -48,  -46,   -4,
      -6,  -12,  -14,  -18,  -15,  -20,  -18,  -14,   -1,  -11,   -4,   -8,   -8,   -5,   -3,   -5,
      -2,   -6,   -5,   -5,   -8,   -5,   -9,  -26,  -28,  -44,  -29,  -44,   -2,  -16,  -14,  -11,
     -11,  -11,  -11,  -11,   -8,   -8,   -8,   -2,   -2,    4,   -8,   -5,   -8,   -8,   -8,  -25,
     -25,  -44,   -7,  -11,  -11,  -11,   -8,   -8,   -3,   -3,   -2,   -2,   -2,   -5,   -6,   -5,
      -5,   -5,   -9,   -9,   -9,  -18,  -26,  -18,  -18,  -29,   -2,   -2,   -8,   -2,  -11,  -11,
     -11,   -8,   -2,   -2,   -8,   -5,  -11,  -11,   -8,   -2,  -14,  -44,  -14,  -14,   -8,   -6,
      -6,   -4,   -4,  -14,  -16,   -5,  -12,   -3,   -5,   -2,   -1,  -14,  -15,  -15,  -10,  -14,
      -2,   -8,    2,   -9,   -9,  -15,   -9,  -12,   -7,  -12,  -15,  -14,  -10,  -15,   -9,  -16,
     -16,   -8,  -14,  -14,  -14,  -14,  -14,  -15,  -15,  -15,   -8,  -10,    5,  -15,   -9,  -15,
     -15,  -15,  -12,  -12,  -15,   -2,  -14,  -14,  -14,  -15,  -15,  -14,  -14,  -10,   -8,   -8,
      -9,    2,   -2,   -9,   -9,  -12,  -12,  -12,   -7,  -14,   -9,   -9,  -15,  -16,   -8,  -14,
     -14,  -14,  -15,   -3,   -9,  -15,   -9,  -14,  -14,  -15,   -8,  -15,   -6,  -12,   -1,   39,
     -10,  -16,  -10,   -6,  -32,   -8,  -10,   -1,  -10,   -2,  -14,  -11,  -14,  -20,   -8,  -16,
      12,   -2,   -2,   -2,   -2,  -32,  -32,  -38,   -2,  -20,   -2,   -2,   -2,   -4,  -10,  -11,
      -2,   -2,  -14,  -20,   -2,   -5,   -8,   26,   -5,   -8,  -10,   -8,   -8,  -30,  -30,  -18,
     -12,  -62,  -34,   -3,   -1,   -8,   -2,   -4,   -4,   -2,   -4,   -2,   -2,  -32,  -32,  -54,
      -3,   -2,   -2,   -2,   -2,   -2,   -4,   -4,   -4,    4,   -4,   -4,   -4,   -4,   -2,   -2,
      -2,   -4,   -4,   -2,   -2,   -2,   -2,   -2,   -2,   -2,   -4,  -32,   -2,   -2,   -2,   -4,
      -4,   -2,   -2,   -4,   -3,  -30,  -12,   -1,   78,   15,   15,   16,   -6,  -32,   -8,  -10,
      -1,  -10,   -2,  -14,  -11,  -14,  -20,   -8,  -16,   12,   -2,   -2,   -2,   -2,  -32,  -32,
     -38,   -2,  -20,   -2,    2,   -2,   -4,  -10,  -11,   -2,   -2,  -14,  -20,   -2,   -5,   -8,
      26,   -5,   -8,   15,  -20,  -16,  -16,  -14,  -15,  -15,   -2,  -23,  -21,  -29,  -24,  -31,
     -30,   -3,   -9,   -8,   -8,   -2,   -2,   -7,   -4,   -4,   -8,  -11,   -2,  -15,  -14,  -26,
     -21,  -26,   -1,  -10,  -16,  -20,  -21,  -31,   -3,   -3,   -3,   -3,   -3,   -8,   -8,   -8,
      -8,   -4,   -8,   -8,   -8,  -14,  -14,  -26,   -2,   -3,   -3,   -3,   -8,   -8,   -2,   -2,
      -4,   -7,   -2,   -4,   -4,   -2,   -2,   -2,  -23,  -15,  -23,  -24,  -21,   -1,   -1,   -8,
      -3,   -3,   -3,   -8,   -8,   -4,   -3,   -3,   -8,  -31,  -26,  -20,  -20,  -20,  -20,  -10,
     -12,   -2,   -7,   -1,   -4,   -1,   -7,   -4,   -2,   -1,   -6,   -2,   -2,   -3,   -2,   -1,
      -1,   -3,   -3,   -3,   -8,   -5,   -2,   -8,   -2,   -7,   -7,   -4,   -6,   -2,   -2,   -2,
      -2,   -2,    6,   -1,   -3,   -3,   -8,   -2,   -2,   -2,   -1,   -1,   -1,   -7,   -3,   -7,
      -2,   -5,   -2,   -2,   -7,   -2,   -2,   -2,   -1,   -2,   -2,   -6,   -8,   -2,   -2,  -16,
     -32,  -26,  -32,  -28,   -4,   -4,  -28,  -39,   -2,  -40,   -7,   -2,   -4,   -2,  -20,  -24,
     -24,   -4,  -20,   -2,   -2,    2,   -5,   -5,  -24,   -5,  -15,   -4,   -4,   -2,   -2,   -7,
     -22,  -26,  -16,  -39,  -39,  -36,  -20,  -20,  -20,  -35,  -20,  -24,  -24,  -24,   -2,   10,
      18,  -24,   -5,  -24,  -24,  -24,   -4,   -4,   -2,   -2,  -20,  -20,  -20,  -24,  -24,  -20,
     -20,    5,   -2,   -5,   11,   -2,   -5,   -5,  -15,  -15,  -15,   -4,   -7,   -7,  -24,  -39,
      -2,  -20,  -20,  -20,  -24,   16,    4,  -24,   -5,  -20,  -20,  -24,   -2,   -2,  -32,  -22,
      -9,  -12,  -12,  -18,  -18,  -28,   -3,  -18,   -6,   -3,   -4,   -4,  -12,  -13,  -13,  -10,
     -11,   -2,    5,  -10,  -10,  -13,  -10,  -14,  -12,  -10,  -15,  -13,  -12,  -15,  -11,  -28,
     -28,  -27,  -12,  -12,  -12,  -12,  -12,  -13,  -13,  -13,   -2,    2,    4,  -13,  -10,  -13,
     -13,  -13,  -10,  -10,  -15,  -12,  -12,  -12,  -13,  -13,  -11,  -11,    2,   -2,   -2,  -10,
       5,  -10,  -10,  -14,  -14,  -14,  -12,  -13,  -11,  -11,  -13,  -28,   -2,  -12,  -12,  -12,
     -13,   -2,    2,  -13,  -10,  -12,  -12,  -13,   -2,  -15,  -12,  -20,  -40,  -22,  -40,  -42,
     -12,  -12,  -46,  -50,  -13,  -44,   -9,  -13,  -11,   -2,  -62,    2,  -40,  -40,  -17,  -32,
      -3,   10,  -27,  -27,  -40,  -27,  -35,  -16,  -26,  -18,  -11,  -20,  -18,  -28,  -22,  -22,
     -21,  -14,  -50,  -50, -100,  -62,  -54,  -56,  -48,  -62,  -40,  -76,  -57,   -4,   20,   25,
     -40,  -27,  -76,  -76,  -61,  -26,  -26,  -18,  -62,  -56,  -62,  -40,  -74,  -32,  -60,   16,
      20,    8,  -27,   24,  -27,  -27,  -35,  -62,  -58,  -16,  -11,  -28,  -52,  -40,  -50,  -62,
     -62,  -62,  -57,   20,   12,  -61,  -37,  -62,  -62,  -40,    4,  -18,  -40,  -22,  -14,  -19,
     -27,  -14,  -27,  -34,   -8,   -8,  -38,  -44,  -12,  -39,   -7,  -12,   -8,  -42,    2,  -33,
     -33,  -12,  -31,   -5,   13,  -18,  -18,  -33,  -18,  -28,  -12,  -16,  -17,  -14,  -14,  -17,
     -20,  -16,  -14,   -8,   -7,  -44,  -44,  -42,  -42,  -50,  -45,  -34,  -42,  -33,  -62,  -56,
      -9,    4,   20,  -33,  -18,  -33,  -33,  -60,  -16,  -16,  -17,  -42,  -48,  -42,  -33,  -33,
     -31,  -31,   12,    9,    6,  -18,   28,  -18,  -18,  -28,  -28,  -28,  -12,  -14,  -20,  -20,
     -33,  -44,   -8,  -42,  -42,  -42,  -54,    7,    8,  -56,  -30,  -42,  -42,  -33,   -1,  -17,
     -27,  -16,   -7,  -22,  -14,  -14,   -3,   -4,   -4,   -4,  -12,  -12,  -29,  -26,  -29,   -8,
     -22,  -20,   -4,   -4,   -4,    8,   -4,   -4,   -4,   -4,  -12,  -12,  -29,   -4,   -4,   -3,
     -12,   -3,  -26,   -4,   -4,   12,   -4,   -4,  -29,   -8,  -20,  -37,  -30,  -37,  -40,  -16,
     -16,  -42,  -48,  -22,  -43,   -6,  -22,  -11,  -40,  -42,  -42,  -18,  -40,   -5,   -2,  -28,
     -28,  -42,  -28,  -34,  -16,  -28,  -24,  -18,  -26,  -24,  -30,  -30,  -30,  -24,  -14,  -48,
     -48,  -22,  -40,  -64,  -62,  -54,  -76,  -42,  -78,  -64,   -5,   11,   25,  -42,  -28,  -80,
     -76,  -68,  -28,  -54,  -24,  -70,  -72,  -40,  -42,  -42,  -40,  -40,   14,    8,    4,  -28,
      17,  -28,  -28,  -34,  -54,  -64,  -16,  -18,  -30,  -30,  -42,  -48,   -5,  -40,  -63,  -73,
     -67,   21,    9,  -69,  -41,  -72,  -74,  -80,   -1,  -24,  -37,  -30,  -14,   -1,   -2,   -2,
      -1,   -2,   -4,   -3,    4,   -2,   -2,   -2,   -6,   -6,  -14,  -14,  -14,   -3,   10,   -2,
      -6,   -6,  -14,    4,   -2,    4,   -2,   -2,   -4,   -6,   -4,  -14,   -2,  -14,    3,    6,
       4,    4,    4,    3,    3,    6,    4,   -8,   -8,  -16,   -8,  -12,  -36,   -8,  -12,  -26,
      -9,  -26,   -8,  -42,  -32,  -46,  -38,  -50,  -88,   -8,  -16,  -16,  -16,   -8,  -16,  -22,
     -36,  -28,  -11,   -7,  -32,  -50,   -8,   -8,   -8,   -8,   -8,  -16,  -16,  -16,  -16,  -16,
     -16,  -16,  -22,  -22,  -36,   -8,   -8,   -8,  -16,  -16,   -8,   -8,   -8,  -42,  -16,  -42,
     -38,  -28,   -7,   -7,  -16,   -8,   -8,   -8,  -16,  -16,  -22,   -9,  -22,  -24,   -9,  -29,
     -14,  -29,  -19,  -10,  -12,  -17,  -10,  -22,  -24,  -14,  -24,   -8,   -8,  -16,  -50,  -36,
     -17,  -30,  -18,   -2,  -14,  -36,   -9,   -2,   -4,   -4,   -8,   -8,   -2,   -8,   -4,  -11,
      -9,  -35,  -35,  -38,   -2,   -2,   -2,   -2,   -8,   -2,   -2,   -2,   -9,   -9,  -38,   -2,
      -2,   -8,   -4,   -8,   -8,   -4,   -4,   -4,  -14,  -11,  -14,  -36,   -2,   -2,   -2,   -8,
      -2,  -38,  -31,  -20,  -31,  -20,   -5,  -16,  -20,   -2,   -2,   -2,  -13,   -2,  -19,  -30,
      -8,   -3,   -4,   -4,   -8,   -3,   -5,   -4,  -15,   -6,   -6,  -15,   -4,   -4,   -4,   -4,
     -15,   -3,   -4,   -3,   -4,   -4,   -3,   -3,   -3,  -19,   -5,  -19,   -6,   -4,   -4,   -4,
      -8,  -13,  -18,  -13,  -18,   -2,  -12,   -4,   -6,  -20,   -1,   -1,   -1,   -1,   -1,   -1,
      -1,   -1,   -1,   -1,   -1,   -1,   -1,   -1,   -1,   -1,   -1,   -1,   -1,   -1,   -1,   -1,
      -4,   -6,   -4,   -6,   -4,  -12,   -4,   -2,   -2,   -1,   -6,   -1,   -1,   -2,   -2,   -6,
      -6,  -12,   -7,  -12,   -2,   -2,   -2,   -2,   -1,   -2,   -2,   -2,   -6,   -6,  -12,   -2,
      -2,   -1,   -1,   -1,   -6,   -1,   -1,   -6,   -7,   -2,   -2,   -2,   -1,   -2,  -12,  -13,
     -13,   -5,  -16,  -20,   -2,   -2,   -2,  -13,   -2,  -19,  -30,   -8,   -3,   -4,   -4,   -8,
      -3,   -5,   -4,  -15,   -6,   -3,  -15,   -4,   -4,   -4,   -4,  -15,   -3,   -4,   -3,   -4,
      -4,   -3,   -3,   -3,  -19,   -5,  -19,   -6,   -4,   -4,   -4,  -15,  -13,  -18,  -13,  -18,
      -2,   20,   60,   65,   40,   -4,   -3,   -4,   22,   41,   28,   -6,  -12,  -12,  -12,   -8,
      -4,   -3,   -4,   -6,   -6,   -6,    1,   -6,  -12,  -12,  -12,  -12,  -12,  -12,  -10,   -6,
      -6,   -6,  -12,  -12,   -8,   -8,   -8,  -12,   -6,   -6,   -6,  -12,  -12,   -6,   -6,  -12,
      58,   68,   64,   68,   -4,   -4,    1,   -4,    5,    3,   -4,   -6,   -2,   -3,  -11,  -11,
      -2,  -11,   -6,   -4,   -4,   -2,   -2,   -2,   -2,   -2,  -11,  -11,  -11,  -11,  -11,  -11,
     -11,   -2,   -2,   -2,   -2,  -11,  -11,   -2,   -6,   -6,   -6,  -11,   -2,   -2,   -2,  -11,
     -11,   -2,   -2,  -11,    3,    3,   -4,  -17,  -30,  -18,   -2,  -14,  -36,   -9,   -2,   -2,
      -4,   -3,   -3,   -2,   -6,   -2,  -11,   -9,  -35,  -35,  -38,   -2,   -2,   -2,   -2,   -3,
      -2,   -2,   -2,   -9,   -9,  -38,   -2,   -2,   -3,   -4,   -3,   -3,   -2,   -2,   -2,  -14,
     -11,  -14,  -36,   -2,   -2,   -2,   -3,   -2,  -17,  -31,  -20,  -31,  -20,   -3,  -15,  -14,
     -10,  -20,   -6,   -8,   -8,  -12,  -24,   -6,   -2,   -2,   -1,   -2,  -10,   -4,  -11,   -9,
     -11,   -6,  -12,   -2,   -2,   -2,   -2,   -2,   -2,   -2,   -4,   -4,  -11,   -2,   -2,   -1,
      -1,  -20,  -10,  -20,   -8,   -9,   -2,   -2,   -2,   -2,  -12,  -11,  -15,  -18,  -24,  -18,
      -4,   -3,   -1,   -1,   -4,   -4,   -2,   -4,   -2,   -1,   -4,   -2,   -3,   -3,   -3,   -3,
      -3,   -2,   -2,   -4,   -4,   -3,   -3,   -3,   -1,   -1,   -4,   -4,   -2,   -2,   -2,   -3,
      -3,   -3,   -3,   -3,   -4,   -4,   -4,  -10,   -5,   -8,   -4,  -18,   -2,   -6,   -6,   -1,
      -1,   -6,   -1,   -3,   -4,   -4,   -5,   -4,  -10,   -8,   -4,   -6,   -6,   -6,   -6,   -1,
      -6,   -6,   -6,   -4,   -4,   -4,   -6,   -6,   -1,   -1,   -1,   -3,   -5,   -6,   -6,   -6,
      -1,   -6,   -4,   -9,  -24,   -9,  -24,  -10,   -5,  -16,  -20,   -2,   -2,   -2,  -13,   -2,
     -19,  -30,   -8,   -3,   -4,   -4,   -8,   -3,   -5,   -4,  -15,   -6,   -7,  -15,   -4,   -4,
      -4,   -4,  -15,   -3,   -4,   -3,   -4,   -4,   -3,   -3,   -3,  -19,   -5,  -19,   -6,   -4,
      -4,   -4,   -8,  -13,  -18,  -13,  -18,   -2,   -4,  -24,   -4,    8,   -7,   -4,  -24,   -8,
      -7,   -8,   -8,   -1,   -2,   -8,   -6,   -6,   -6,  -12,   -9,  -12,   -8,   -8,   -8,   -8,
      -8,   -8,   -8,   -8,   -8,   -8,   -8,   -8,   -6,   -6,  -12,   -2,   -8,   -8,   -8,   -8,
      -8,   -2,   -6,   -6,   -6,   -6,   -9,   -8,   -8,   -8,   -8,   -8,   -8,   -8,   -8,   -8,
     -12,  -24,  -24,   -2,   -8,  -26,  -26,  -22,  -14,  -20,   -2,   -6,   -5,   -5,   -6,   -5,
      -1,   -2,   -2,   -2,   -2,   -2,   -5,   -5,   -5,   -5,   -5,   -5,   -5,   -6,   -2,   -2,
      -2,   -5,   -5,   -6,   -1,   -1,   -5,   -2,   -2,   -2,   -5,   -5,   -2,   -2,   -5,  -26,
      -4,   -4,   -2,   -8,  -18,   -5,   -3,   -4,   -4,   -1,   -4,   -2,   -4,   -4,   -4,   -3,
      -1,   -2,   -2,   -4,   -4,   -6,   -4,   -6,   -3,   -8,   -8,   -4,   -4,   -3,   -2,   -4,
      -4,   -2,   -6,   -6,   -4,   -6,   -6,   -3,   -6,   -4,   -5,   -2,   -4,   -1,   -9,    4,
      -3,   -3,   -3,   -3,   -3,   -4,   -4,   -4,   -4,   -6,   -4,   -4,   -4,   -6,   -6,   -4,
      -3,   -3,   -3,   -4,   -4,   -2,   -2,   -6,   -6,   -6,   -6,   -6,   -6,   -3,   -5,   -1,
      -1,   -4,   -3,   -3,   -3,   -4,   -4,   -6,   -3,   -3,   -4,   -4,   -6,   -6,   -9,    4,
      -2,  -15,  -30,   -4,  -30,  -20,  -21,  -12,   -6,   -5,  -10,  -19,   -6,   -7,  -10,   -8,
      -8,   -4,   -4,   -6,   -6,   -6,   -6,   -6,  -10,  -10,  -10,  -10,  -10,  -10,  -10,   -7,
      -6,   -6,   -6,  -10,  -10,   -6,   -6,   -7,   -8,   -8,   -8,  -10,   -6,   -6,   -6,  -10,
     -10,   -6,   -6,  -10,    4,    4,  -30,   -8,  -14,  -27,   -2,  -27,  -16,  -18,  -12,   -4,
      -8,   -8,   -4,   -4,   -8,   -1,   -5,   -2,   -4,   -4,   -4,   -4,   -4,   -8,   -8,   -8,
      -8,   -8,   -8,   -8,   -4,   -4,   -4,   -4,   -8,   -8,   -4,   -4,   -4,   -1,   -1,   -1,
      -8,   -4,   -4,   -4,   -8,   -8,   -4,   -4,   -8,  -27,   -5,   -2,   -1,  -20,   -3,   -6,
      -6,   -6,   -2,  -10,   -4,   -6,   -6,   -6,   -6,   -6,   -6,   -6,   -6,   -6,   -2,   -6,
      -6,   -6,   -6,  -10,   -3,   -4,   -5,  -16,   -1,   -2,   -2,   -2,   -4,   -3,   -3,   -3,
      -2,   -2,   -2,   -2,   -2,   -2,   -2,   -3,   -2,   -2,    2,   -4,   -3,   -2,   -2,   -2,
      -2,   -3,   -2,   -2,  -10,  -10,  -16,  -11,  -22,  -14,  -31,   -3,   -8,   -4,   -8,   -8,
      -8,   -4,   -6,   -8,   -8,   -6,   -8,  -11,  -31,   -8,   -8,   -8,   -8,   -8,   -8,   -8,
      -8,   -8,   -8,   -8,   -8,   -8,   -8,   -8,   -8,   -8,   -8,   -8,   -8,   -4,   -4,   -4,
     -16,   -6,  -16,  -14,   -6,   -8,   -8,   -8,   -8,   -8,   -8,   -8,   -8,   -8,  -31,   -8,
      -4,   -2,   -4,   -2,  -14,   -7,  -14,  -14,   -7,   -4,   -8,   -8,  -28,   -8,   -8,  -16,
     -12,  -16,   -8,  -28,  -28,  -14,   -2,   -2,   -1,   -1,   -8,   -4,   -4,   -4,   -8,   -4,
      -9,  -12,   -9,  -12,   -4,  -16,   -6,  -16,  -21,   -8,  -20,  -24,   -4,   -4,   -4,   -4,
     -16,  -16,  -16,  -24,   -4,  -16,   -4,  -16,   -8,  -16,  -24,   -4,   -6,  -19,  -19,   -9,
     -22,  -22,  -14,   -8,  -28,   -2,   -8,   -5,  -10,   -8,   -9,   -9,  -28,   -8,  -22,   -2,
     -22,  -14,   -5,   -9,  -28,   -8,  -19,  -24,   -6,  -24,  -32,  -29,  -40,  -32,  -44,   -8,
     -13,  -17,  -17,  -17,   -7,  -24,  -20,  -34,  -29,  -14,  -29,  -44,   -8,   -8,   -8,   -8,
      -8,  -17,  -17,  -17,  -17,  -17,  -17,  -17,  -20,  -20,  -34,   -8,   -8,   -8,  -17,  -17,
      -7,   -7,   -7,  -32,  -24,  -32,  -32,  -29,  -17,   -8,   -8,   -8,  -17,  -17,   -8,   -8,
     -17,  -44,  -34,  -20,  -32,  -20,  -32,  -12,   -1,   39,  -10,  -16,  -10,   -6,  -32,   -8,
     -10,   -1,  -10,   -2,  -14,  -11,  -14,  -20,   -8,  -16,   12,   -2,   -2,   -2,   -2,  -32,
     -32,  -36,   -2,  -20,   -2,   -2,   -2,  -10,  -10,  -11,   -2,   -2,  -32,  -20,   -2,   -5,
      -8,   26,   -5,   -8,  -10,   -6,  -24,  -27,  -14,  -18,  -25,   -8,   -9,  -12,  -12,  -18,
     -18,  -28,   -3,  -18,   -8,   -3,   -4,   -4,  -12,  -13,  -13,  -10,  -11,   -2,    5,  -10,
     -10,  -13,  -10,  -14,  -12,  -10,  -15,  -13,  -12,  -15,  -11,  -28,  -28,  -27,  -12,  -12,
     -12,  -12,  -12,  -13,  -13,  -13,   -2,    2,    4,  -13,  -10,  -13,  -13,  -13,  -10,  -10,
     -15,  -12,  -12,  -12,  -13,  -13,  -11,  -11,    2,   -2,   -2,  -10,    5,  -10,  -10,  -14,
     -14,  -14,  -12,  -13,  -11,  -11,  -13,  -28,   -2,  -12,  -12,  -12,  -13,   -2,    2,  -13,
     -10,  -12,  -12,  -13,   -2,  -15,  -12,  -20,  -37,  -30,  -37,  -40,  -16,  -16,  -42,  -48,
     -22,  -43,   -6,  -22,  -11,  -40,  -42,  -42,  -18,  -40,   -5,   -2,  -28,  -28,  -42,  -28,
     -34,  -16,  -28,  -24,  -18,  -26,  -24,  -30,  -30,  -30,  -24,  -14,  -48,  -48,  -22,  -40,
     -64,  -62,  -50,  -76,  -42,  -78,  -64,   -5,   13,   27,  -42,  -28,  -80,  -76,  -68,  -28,
     -54,  -24,  -70,  -72,  -40,  -42,  -42,  -40,  -40,   14,   12,    4,  -28,   17,  -28,  -28,
     -34,  -54,  -64,  -16,  -18,  -30,  -30,  -42,  -48,   -5,  -40,  -63,  -73,  -67,   21,    9,
     -69,  -41,  -72,  -74,  -80,   -1,  -24,  -37,  -30,  -14,  -12,   14,   -8,   14,   -4,   -8,
     -17,  -44,  -14,    1,    1,  -12,  -12,  -12,  -46,   -8,    1,    1,  -12,  -46,   -8,   -8,
      -2,   -2,   -5,   -2,   -2,   -2,   -9,   -8,  -26,  -16,   -4,  -26,   -4,   -2,   -4,   -4,
     -26,   -2,   -2,   -2,   -5,   -2,   -2,   -7,  -16,   -2,   -2,   -2,  -26,  -17,  -30,  -18,
      -2,  -14,  -36,   -9,   -2,   -2,   -4,   -3,   -3,   -2,   -6,   -2,  -11,   -9,  -36,  -36,
     -38,   -2,   -2,   -2,   -2,   -3,   -2,   -2,   -2,   -9,   -9,  -38,   -2,   -2,   -3,   -4,
      -3,   -3,   -2,   -2,   -2,  -14,  -11,  -14,  -36,   -2,   -2,   -2,   -3,   -2,  -38,  -31,
     -20,  -31,  -20,  -17,  -30,  -18,   -2,  -14,  -36,   -9,   -2,   -2,   -4,   -3,   -3,   -2,
      -6,   -2,  -11,   -9,  -35,  -36,  -38,   -2,   -2,   -2,   -2,   -3,   -2,   -2,   -2,   -9,
      -9,  -38,   -2,   -2,   -3,   -4,   -3,   -3,   -2,   -2,   -2,  -14,  -11,  -14,  -36,   -2,
      -2,   -2,   -3,   -2,  -38,  -31,  -20,  -31,  -20,   -5,  -16,  -20,   -2,   -2,   -2,  -13,
      -2,  -19,  -30,   -8,   -3,   -4,   -4,   -8,   -3,   -5,   -4,  -15,   -6,   -4,  -15,   -4,
      -4,   -4,   -4,  -15,   -3,   -4,   -3,   -4,   -4,   -3,   -3,   -3,  -19,   -5,  -19,   -6,
      -4,   -4,   -4,   -8,  -13,  -18,  -13,  -18,   -2,   -3,  -15,  -14,  -10,  -20,   -6,   -8,
      -8,  -12,  -24,   -6,   -2,   -2,   -1,   -2,  -10,   -4,  -11,   -9,  -11,   -6,  -12,   -2,
      -2,   -2,   -2,   -2,   -2,   -2,   -4,   -4,  -11,   -2,   -2,   -1,   -1,  -20,  -10,  -20,
      -8,   -9,   -2,   -2,   -2,   -2,  -12,  -11,  -18,  -23,  -18,  -23,   -4,  -12,  -12,   -2,
      -8,  -16,   -9,   -9,   -2,  -10,   -4,  -15,  -12,  -15,  -21,  -10,  -20,   -2,   -2,   -1,
      -2,   -2,   -2,   -2,  -16,  -36,  -42,   -4,  -21,   -2,   -2,   -2,   -2,   -2,   -2,   -2,
      -2,   -2,   -1,   -1,   -1,  -10,  -10,  -12,   -2,   -2,  -16,   -2,   -2,   -2,   -2,   -2,
     -21,   -2,   -2,   -8,   -2,   -8,  -12,   -4,   -4,  -13,  -98,  -87,  -87,  -40,  -57,  -57,
     -13,   -6,   -4,  -35,  -41,  -41,  -37,   -6,  -31,  -58,  -41,  -58,  -36,  -34,  -53,  -51,
     -24,  -13,  -51,  -29,  -77,  -98,  -13,  -49,  -72,  -72,  -35,  -72,  -35,  -41,  -41,  -41,
     -41,  -64,  -41,  -41,  -41,  -56,  -56,  -51,  -35,  -72,  -35,  -82,  -41,  -37,  -37,  -31,
      -6,  -64,  -31,  -36,  -36,  -36,  -34,  -34,  -29,  -29,  -90,  -72,  -35,  -35,  -41,  -41,
     -31,  -35,  -35,  -41,  -51,  -12,  -20,  -12,  -15,  -45,  -77,  -45,  -66,  -40,  -14,   -3,
      -2,   -7,   -3,   -2,  -55,  -18,  -44,  -34,  -46,   -6,  -34,   -4,   -4,   -1,  -10,   -8,
     -25,  -20,  -25,   -4,  -18,  -46,   -8,   -8,  -25,   -8,   -4,  -55,  -10,  -55,  -34,  -20,
     -46,  -25,  -59,  -56,  -59,  -56,   -4,   -4,  -11,  -96,  -86,  -86,  -40,  -55,  -55,  -11,
      -6,   -4,  -66,  -78,  -78,  -69,   -6,  -56,  -56,  -78,  -56,  -36,  -34,  -53,  -50,  -21,
      -7,  -48,  -29,  -40,  -96,  -11,  -43,  -74,  -74,  -74,  -74,  -74,  -88,  -88,  -88,  -88,
     -62,  -88,  -88,  -88,  -55,  -55,  -51,  -74,  -74,  -74,  -88,  -88,  -79,  -79,  -62,   -6,
     -62,  -62,  -77,  -77,  -77,  -34,  -35,  -57,  -57,  -88,  -74,  -74,  -74,  -88,  -88,  -62,
     -74,  -74,  -88,  -51,  -12,  -18,  -12,  -14,  -96,  -75,  -41,   -4,  -12,   -4,   -4,   -4,
      -1,   -6,   -1,   -1,   -3,   -2,   -6,   -6,  -18,   -7,  -18,   -4,   -4,   -4,   -4,   -1,
      -4,   -4,   -4,   -6,   -6,  -18,   -4,   -4,   -1,   -1,   -1,   -6,   -1,   -1,   -6,   -7,
      -4,   -4,   -4,   -1,   -4,  -18,  -13,  -13,  -16,  -32,  -26,  -32,  -28,   -4,   -4,  -28,
     -39,   -2,  -40,   -7,   -2,   -4,   -2,  -20,  -24,  -24,   -4,  -20,   -2,   -2,    2,   -5,
      -5,  -24,   -5,  -15,   -4,   -4,   -2,   -2,   -7,  -22,  -26,  -16,  -39,  -39,  -36,  -20,
     -20,  -20,  -35,  -20,  -24,  -24,  -24,   -2,   10,   15,  -24,   -5,  -24,  -24,  -24,   -4,
      -4,   -2,   -2,  -20,  -20,  -20,  -24,  -24,  -20,  -20,    5,   -2,   -5,   11,   -2,   -5,
      -5,  -15,  -15,  -15,   -4,   -7,   -7,  -24,  -39,   -2,  -20,  -20,  -20,  -24,   16,    4,
     -24,   -5,  -20,  -20,  -24,   -2,   -2,  -32,  -22,   -2,   -4,   -4,  -12,   -4,   -8,  -12,
     -12,   -4,  -10,   -4,   10,   -3,    4,   -4,   -4,   -2,   -6,   -6,   -4,   -6,   -6,  -14,
      -6,   -4,   -5,   -2,   -4,   -1,  -24,  -12,   -4,   -3,   -3,   -3,   -3,   -3,   -4,   -4,
      -4,  -12,   -6,   -4,   -4,   -4,   -6,   -6,   -4,   -3,   -3,   -3,   -4,   -4,   -2,   -2,
      -6,  -12,  -12,   -6,   -6,   -6,  -14,  -10,   -1,   -1,  -12,   -8,   -3,   -3,   -4,   -4,
      -6,   -3,   -3,   -4,   -4,    4,    4,   -4,  -24,  -19,  -27,  -14,  -27,  -34,   -8,   -8,
     -38,  -44,  -12,  -39,   -6,  -12,   -8,  -42,    2,  -33,  -33,  -12,  -31,   -5,   13,  -18,
     -18,  -33,  -18,  -28,  -12,  -16,  -17,  -14,  -14,  -17,  -20,  -16,  -14,   -8,   -7,  -44,
     -44,  -42,  -42,  -50,  -45,  -34,  -42,  -33,  -62,  -56,   -9,   14,   28,  -33,  -18,  -33,
     -33,  -60,  -16,  -16,  -17,  -42,  -48,  -42,  -33,  -33,  -31,  -31,   18,   10,    6,  -18,
      34,  -18,  -18,  -28,  -28,  -28,  -12,  -14,  -20,  -20,  -33,  -44,   -8,  -42,  -42,  -42,
     -54,    7,    8,  -56,  -30,  -42,  -42,  -33,   -1,  -17,  -27,  -16,   -7,  -16,  -47,  -29,
     -47,  -38,  -16,  -16,   -8,  -49,  -18,  -36,   -8,  -18,   -5,    1,    6,    4,    7,    7,
     -28,  -33,  -33,  -10,  -30,  -16,  -16,  -33,  -16,  -31,  -15,  -14,  -13,  -11,  -10,  -13,
     -19,  -33,  -29,  -12,  -49,  -49,  -24,    1,    7,  -28,  -28,  -28,  -28,  -28,  -33,  -33,
     -33,  -33,  -16,  -33,  -33,  -33,  -14,  -14,  -13,  -28,  -28,  -28,  -33,  -33,  -30,  -30,
     -16,  -16,  -16,  -31,  -31,  -31,  -15,    4,  -11,  -19,  -19,  -33,  -49,  -28,  -28,  -28,
     -33,  -33,  -16,  -28,  -28,  -33,    7,  -13,  -47,  -33,  -12,   -6,  -33,  -17,  -33,  -28,
       3,  -16,  -11,  -17,  -17,   -2,   -2,  -17,   -4,  -13,   -3,  -12,  -17,  -11,  -11,  -11,
     -11,  -11,  -17,  -17,  -17,  -17,   -2,  -17,  -17,  -17,  -11,  -11,  -11,  -17,  -17,   -2,
      -2,   -2,  -13,  -13,  -13,   -3,   -3,  -17,  -11,  -11,  -11,  -17,  -17,   -2,  -11,  -11,
     -17,  -33,  -12,  -21,  -64,  -37,  -64,  -28,  -48,  -58,  -16,  -20,   -8,  -16,   -9,    8,
       9,    4,    4,   -2,  -43,  -49,  -49,  -16,  -44,   -7,   -1,  -24,  -24,  -49,  -24,  -42,
     -17,  -19,  -16,  -12,  -15,  -16,  -24,  -46,  -37,  -16,  -58,  -58,    4,  -43,  -43,  -43,
     -43,  -43,  -49,  -49,  -49,   -7,   -7,   -7,  -49,  -24,  -49,  -49,  -49,  -19,  -19,  -16,
     -43,  -43,  -43,  -49,  -49,  -44,  -44,   -7,   -7,   -7,  -24,   -1,  -24,  -24,  -42,  -42,
     -42,  -17,    9,  -12,  -24,  -24,  -49,  -58,   -7,  -43,  -43,  -43,  -49,   -7,   -7,  -49,
     -24,  -43,  -43,  -49,   -7,    4,  -16,  -64,  -46,  -16,  -15,    2,  -40,  -17,  -40,  -25,
      -4,   -4,  -27,  -10,  -18,  -18,  -18,  -12,   -3,  -24,  -17,  -10,  -10,  -10,  -10,  -10,
     -18,  -18,  -18,  -18,  -18,  -18,  -18,  -10,  -10,  -10,  -18,  -18,  -12,  -12,  -12,   -3,
      -3,  -18,  -10,  -10,  -10,  -18,  -18,  -10,  -10,  -18,  -40,  -24,   -7,   -8,   -6,   -8,
     -12,   -8,  -20,  -20,  -20,  -16,   -4,   -4,   -4,  -16,   -8,   -4,   -4,   -4,   -4,  -20,
     -20,  -27,  -27,  -92,  -40,  -44,  -38,  -12,  -20,  -26,  -40,   -8,  -26,  -26,  -26,    4,
     -20,   -4,  -40,  -32,    4,    6,  -36,  -20,   -8,   -6,   -8,   -8,   -2,   -6,   12,    4,
      -4,  -16,  -22,  -14,  -26,  -24,  -64,  -12,  -20,  -26,  -44,  -26,  -28,   -8,  -68,  -16,
     -12,  -66,   -6,   -8,  -14,  -26,  -20,  -24,  -36,  -50,  -28,  -20,  -26,  -26,   -8,   16,
      -8,  -46,  -12,    6,   -6,    6,  -44,   -8,  -14,   -8,  -12,   -5,   -9,  -28,  -28,  -12,
     -24,  -14,   -4,  -14,   -4,  -28,   12,  -34,   12,  -12,  -12,  -24,   -4,  -22,  -18,  -36,
     -12,  -24,  -24,  -38,  -30,  -24,  -28,  -30,  -30,  -43,  -43,  -12,  -32,  -12,   -4,  -13,
     -10,  -13,  -14,  -10,   -8,  -12,    8,  -16,  -13,    4,   -2,   -8,   -8,   -8,   -8,  -12,
      -8,   -8,  -12,  -12,   -8,   -8,   -2,  -13,  -14,   -8,  -14,  -30,  -30,   -4, -110,  -16,
     -58,  -46,  -16,  -16,  -16,  -32,  -12,   -8,  -50,  -30,  -40,  -18,   -6,   -8,  -12,  -18,
     -24,  -36,  -20,  -23,  -28,  -37,  -30,  -28,  -23,  -46,  -49,  -37,  -24,  -37,  -26,  -20,
     -37,  -22,  -24,  -28,  -23,  -28,  -23,  -46,  -37,  -37,  -36,  -23,   -2,  -22,  -30,  -18,
     -58,  -32,  -12,  -44,  -12,  -22,   -9,    4,  -22,  -24,   -9,  -36,  -12,  -34,  -44,    6,
      -1,  -12,   -4,   -2,   -4,   -4,   -4,   -2,   -8,   -2,  -20,  -32,   -2,  -28,  -24,   -4,
      -8,   -4,    2,   -2,   -2,   -4,   -4,  -22,  -28,  -68,  -28,  -24,  -53,  -53,  -17,   -4,
      -8,   -4,   -8,   -5,   -4,   -8,   -4,   -6,   -4,   -4,   -6,   -4,   -6,   -8,  -10,   -8,
      -6,   -8,   -4,  -12,   -4,   -6,  -12,  -14,   -8,  -12,  -12,  -15,   -8,   -4,   -8,  -13,
      -8,   -6,  -10,   -6,   -8,   -8,   -7,   -6,   -8,   -6,   -7,   -6,  -13,   -6,   -6,  -10,
      -8,   -8,   -8,  -13,   -8,  -13,  -12,  -12,  -92,  -20,  -44,  -38,  -12,  -20,  -26,  -20,
      -8,  -26,  -26,  -26,    4,  -20,   -4,  -40,  -32,    4,    6,  -36,  -20,   -8,   -6,   -8,
      -8,   -2,   -6,   12,    4,   -4,  -16,  -22,  -14,  -10,  -24,  -64,  -12,  -20,  -24,  -44,
     -20,  -28,   -8,  -68,  -16,  -12,  -66,   -6,   -8,  -14,  -25,  -20,  -24,  -36,  -50,  -28,
     -20,  -25,    4,   -8,   16,   -8,  -46,  -12,    6,   -6,    6,  -44,   -8,   -2,   -4,   -2,
      -7,   -2,   -5,   -6,  -10,   -8,   -4,   -4,   -8,   -8,  -12,   -4,   -8,  -18,  -20,   -4,
      -8,   -8,   -4,   -7,  -16,   -7,  -24,  -32,  -24,   -4,   -7,  -18,   -7,  -14,  -18,   -4,
     -12,    8,  -16,  -19,    4,   -2,   -8,   -8,   -8,   -8,  -16,  -28,   -8,  -18,  -34,   -8,
      -8,   -2,  -11,  -14,  -30,  -14,  -30,  -30,   -4,   -7,   -7,  -10,   -8,  -10,   -8,  -10,
      -8,   -8,   -7,  -12,  -32,  -12,   -4,   -7,  -10,   -7,  -14,  -10,   -8,  -12,    8,  -16,
     -19,    4,   -2,   -8,   -8,   -8,   -8,  -12,   -8,   -8,  -12,  -12,   -8,   -8,   -2,  -11,
     -14,   -8,  -14,  -30,  -30,   -4,  -12,  -12,   -4,   -8,  -10,   -5,   -4,  -12,   -6,   -8,
      -8,   -8,  -14,   -7,   -8,   -4,  -14,   -4,   -6,  -12,  -16,  -12,  -17,  -17,  -20,  -20,
     -17,  -14,  -10,  -28,  -14,  -24,   -8,  -10,   -8,   -8,  -11,   -8,  -14,   -6,   -6,  -12,
     -10,   -8,   -6,  -21,  -12,   -8,   -4,   -4,   -6,   -8,   -6,  -14,   -6,   -6,  -10,  -10,
     -22,  -14,  -12,  -12,  -20,  -32,  -36,  -19,    8,  -36,  -16,  -26,  -14,   -6,   -4,    8,
      12,  -12,   -8,   -4,  -14,  -10,   -4,   -4,   -4,  -26,   -4,  -10,  -10,  -10,   -4,   -4,
      -4,  -20,  -10,  -10,   -4,   -4,  -27,   -4,  -36,   -4,   -4,   -4,  -14,  -10,  -12,   -4,
      -3,   -8,   -4,   -7,   -8,   -8,   -6,   -4,   -8,   -4,   -8,  -10,  -10,  -11,   -4,  -10,
      -4,  -10,  -10,  -14,  -12,  -10,  -10,  -18,   -4,  -11,   -4,  -14,  -10,  -10,   -8,   -4,
      -4,   -8,   -3,  -10,  -12,  -10,  -12,  -40,  -20,  -40,  -32,   -8,   -8,  -20,  -10,   -6,
      -6,  -40,  -22,  -36,  -16,   -4,   -4,  -10,   -6,   -4,   -5,  -16,  -26,   -8,  -12,  -24,
     -30,  -14,  -18,  -12,  -36,  -12,  -30,  -10,  -30,  -14,   -5,  -30,   -7,   -4,  -13,  -12,
     -18,  -12,  -32,  -30,  -30,  -20,  -12,   10,  -12,  -26,  -14,  -40,  -10,  -15,  -15,  -14,
     -14,  -20,  -17,  -16,  -16,  -12,   -8,   -4,  -11,   -8,  -13,  -14,  -10,  -26,  -10,  -20,
     -26,  -18,  -18,  -17,  -17,  -15,  -12,  -12,   -8,  -11,   -8,   -4,   -4,  -11,   -8,  -12,
      -6,   -8,   -6,  -12,   -6,   -4,   -6,   -6,  -24,  -24,   -6,  -24,  -22,   -4,   -6,   -6,
      -8,   -4,  -18,   -4,   -6,  -11,   -6,   -6,  -11,  -12,  -11,  -20,  -20,  -12,  -14,  -10,
     -14,  -14,   -8,   -8,  -10,   -8,   -4,  -11,   -8,  -14,   -6,   -6,  -12,  -10,   -8,   -6,
     -21,  -12,   -8,   -4,   -4,   -6,   -8,   -6,  -14,   -6,   -6,  -10,  -10,  -22,  -14,  -12,
     -12,  -20,  -29,   -2,    7,    4,   -8,  -16,  -13,   -6,   -2,  -10,  -29,  -29,   -8,   -8,
      -6,   -8,  -10,   -7,  -10,   -8,   -8,  -32,   -4,   -7,   -6,   -6,  -20,  -20,  -76,   -8,
     -32,  -19,  -17,   -8,   -2,   -8,   -4,  -20,  -23,   -4,   -4,   -4,   -4,  -14,   -4,   -9,
      -6,  -40,  -32,  -29,  -10,  -10,  -24,    4,   -4,   -4,  -26,    1,   -4,  -13,   -4,   -4,
      -3,   -6,   -4,  -16,   -2,   -4,   -4,  -10,  -14,  -14,   -6,   -6,  -31,   -7,  -17,  -17,
      -6,  -26,  -12,  -36,  -12,  -10,  -27,   -4,   -4,   -2,   -7,   -4,   -8,   -4,   -2,   -2,
      -8,   -4,   -4,  -14,  -14,  -12,  -19,   -5,   -5,   -5,   -8,   -5,    2,   -2,   -5,   -5,
      -6,   -6,  -44,  -36,  -24,  -18,  -13,  -16,  -25,   -5,  -17,  -20,   -8,   -8,  -36,  -38,
     -38,  -27,  -10,   -6,   -6,   -4,  -12,  -10,   -4,   -8,   -4,  -26,   -4,  -10,   -4,  -10,
      -4,   -4,  -10,   -4,   -8,   -4,  -20,  -10,   -4,  -10,   -8,   -4,   -4,  -32,  -38,  -22,
      -4,   -7,    6,    6,   -7,   -7,   -7,   -7,   -7,    6,  -19,   -2,   -2,   -2,   -2,   -2,
      -2,    8,  -43,    8,  -16,  -16,  -16,  -10,  -16,  -28,  -28,  -36,   -8,   -8,  -16,   -8,
     -29,  -29,  -11,   -2,   -2,   -2,   -4,   -2,    2,   -2,   -2,   -2,   -3,   -3,  -21,    7,
     -12,   -9,   12,  -34,   12,  -20,  -20,  -40,   -4,  -16,  -20,  -30,  -20,  -40,  -40,  -12,
     -32,  -12,   -4,   -7,  -22,   -7,  -28,  -22,  -33,  -20,    8,  -16,  -19,    4,   -2,   -8,
      -8,   -8,   -8,  -12,   -8,   -8,  -12,  -12,   -8,   -8,   -2,  -11,  -28,   -8,  -28,  -59,
     -59,   -4,  -50,    1,   -4,  -13,   -4,   -4,  -26,  -38,   -4,  -16,   -2,   -4,   -4,  -10,
     -46,  -46,  -92,  -60,  -44,  -38,  -40,  -40,  -26,  -60,   -8,  -26,  -26,  -26,    4,  -20,
      -4,  -40,  -32,    4,    6,  -76,  -20,  -18,   -6,  -14,  -24,   -2,  -20,   12,    4,   -4,
     -40,  -50,  -24,  -38,  -38,  -64,  -36,  -52,  -34,  -88,  -46,  -62,  -30,  -68,  -30,  -42,
     -66,  -28,  -20,  -42,  -35,  -52,  -36,  -80,  -62,  -62,  -20,  -25,    4,   -8,   16,   -8,
     -18,  -36,    6,   -6,    6,  -44,   -8,  -76,   -8,  -32,  -19,  -17,   -8,   -2,   -8,   -8,
     -20,  -23,   -8,   -8,   -4,   -8,  -14,   -8,   -9,   -6,  -40,  -32,  -26,    1,   -4,  -13,
      -4,   -4,   -3,    6,   -4,  -16,   -2,   -4,   -4,  -10,  -14,  -14,  -12,  -32,  -12,   -8,
      -7,  -10,   -7,  -14,  -10,   -8,  -12,    8,  -16,  -19,    4,   -2,   -8,   -8,   -8,   -8,
     -12,   -8,   -8,  -12,  -12,   -8,   -8,   -2,  -11,  -14,   -8,  -14,  -30,  -30,   -8, -110,
     -16,  -58,  -46,  -16,  -16,  -16,  -64,  -24,   -8,  -50,  -30,  -84,  -18,   -6,   -8,  -24,
     -18,  -24,  -36,  -20,  -23,  -28,  -37,  -30,  -28,  -23,  -46,  -49,  -37,  -24,  -37,  -26,
     -20,  -37,  -22,  -24,  -28,  -23,  -28,  -23,  -46,  -37,  -37,  -36,  -23,   -2,  -22,  -30,
     -18,  -58,  -64,  -31,  -31,  -14,   -4,  -16,   -4,   -4,   -4,   -4,   -4,  -31,  -33,  -24,
     -24,  -26,  -36,  -34,  -24,  -24,  -26,  -26,  -29,  -29,  -16,  -47,  -29,  -47,  -38,  -16,
     -16,   -8,  -49,  -18,  -36,   -4,  -18,   -5,    1,    6,    4,    7,    7,  -28,  -33,  -33,
     -10,  -30,  -16,  -16,  -33,  -16,  -31,  -15,  -14,  -13,  -11,  -10,  -13,  -19,  -33,  -29,
     -12,  -49,  -49,  -12,    1,    7,  -28,  -28,  -28,  -28,  -28,  -33,  -33,  -33,  -33,  -16,
     -33,  -33,  -33,  -14,  -14,  -13,  -28,  -28,  -28,  -33,  -33,  -30,  -30,  -16,  -16,  -16,
     -31,  -31,  -31,  -15,    4,  -11,  -19,  -19,  -33,  -49,  -28,  -28,  -28,  -33,  -33,  -16,
     -28,  -28,  -33,    7,  -13,  -47,  -33,  -12,   -6,  -33,  -17,  -33,  -28,    3,  -16,  -11,
     -17,  -17,   -2,   -2,  -17,   -2,  -13,   -3,  -12,  -17,  -11,  -11,  -11,  -11,  -11,  -17,
     -17,  -17,  -17,   -2,  -17,  -17,  -17,  -11,  -11,  -11,  -17,  -17,   -2,   -2,   -2,  -13,
     -13,  -13,   -3,   -3,  -17,  -11,  -11,  -11,  -17,  -17,   -2,  -11,  -11,  -17,  -33,  -12,
     -21,  -64,  -37,  -64,  -28,  -48,  -58,  -16,  -20,   -4,  -16,   -9,    8,    9,    4,    4,
      -2,  -43,  -49,  -49,  -16,  -44,   -7,   -1,  -24,  -24,  -49,  -24,  -42,  -17,  -19,  -16,
     -12,  -15,  -16,  -24,  -46,  -37,  -16,  -58,  -58,    4,  -43,  -43,  -43,  -43,  -43,  -49,
     -49,  -49,   -7,   -7,   -7,  -49,  -24,  -49,  -49,  -49,  -19,  -19,  -16,  -43,  -43,  -43,
     -49,  -49,  -44,  -44,   -7,   -7,   -7,  -24,   -1,  -24,  -24,  -42,  -42,  -42,  -17,    9,
     -12,  -24,  -24,  -49,  -58,   -7,  -43,  -43,  -43,  -49,   -7,   -7,  -49,  -24,  -43,  -43,
     -49,   -7,    4,  -16,  -64,  -46,  -16,  -20,  -37,  -30,  -37,  -40,  -16,  -16,  -42,  -48,
     -22,  -43,   -6,  -22,  -11,  -40,  -42,  -42,  -18,  -40,   -5,   -2,  -28,  -28,  -42,  -28,
     -34,  -16,  -28,  -24,  -18,  -26,  -24,  -30,  -30,  -30,  -24,  -14,  -48,  -48,  -22,  -40,
     -64,  -62,  -50,  -76,  -42,  -78,  -64,   -5,    9,   23,  -42,  -28,  -80,  -76,  -68,  -28,
     -54,  -24,  -70,  -72,  -40,  -42,  -42,  -40,  -40,   14,   12,    4,  -28,   17,  -28,  -28,
     -34,  -54,  -64,  -16,  -18,  -30,  -30,  -42,  -48,   -5,  -40,  -63,  -73,  -67,   21,    9,
     -69,  -41,  -72,  -74,  -80,   -1,  -24,  -37,  -30,  -14,  -40,  -40,  -21,    4,  -44,   -6,
     -40,   -8,   -6,  -10,  -18,  -18,  -12,  -22,   -2,   -4,   -4,  -18,   -4,  -18,   -6,  -52,
     -44,  -44,  -78,  -10,  -10,  -10,  -10,  -10,  -18,  -18,  -18,    7,   18,  -18,   -4,  -18,
     -18,  -18,   -2,  -10,  -10,  -10,  -18,  -18,  -22,  -22,    5,    4,   -4,    4,   -2,   -4,
      -4,  -18,  -18,  -18,   -6,  -18,  -44,  -10,  -10,  -10,  -18,    4,    4,  -18,   -4,  -17,
     -16,  -53,  -22,  -52,  -10,  -41,  -16,  -17,  -16,  -17,  -19,  -14,  -14,  -19,  -26,  -16,
     -10,  -14,  -22,  -14,  -26,  -26,  -10,  -26,  -14,  -10,  -14,  -24,  -26,  -26,  -17,  -14,
     -14,  -82,  -52,  -10,  -10,  -18,  -40,  -20,  -44,  -44,   -8,  -30,   -4,  -13,   -5,  -37,
     -22,  -36,  -22,   -8,   -4,  -31,  -40,  -40,  -22,  -32,   -9,    4,    8,   -8,   -8,  -40,
      -8,  -33,  -12,  -14,  -16,  -18,  -12,  -16,  -12,  -60,  -37,  -37,  -36,  -31,  -31,  -31,
     -31,  -31,  -40,  -40,  -40,    4,   10,   19,  -40,   -8,  -40,  -40,  -40,  -14,  -14,  -16,
      -9,  -31,  -31,  -31,  -40,  -40,  -32,  -32,   14,   10,    4,   -8,    8,   -9,   -8,   -8,
     -33,  -33,  -33,  -12,  -18,  -12,  -12,  -40,  -37,    4,  -31,  -31,  -31,  -64,   32,   12,
     -64,   -8,  -31,  -31,  -40,   12,  -16,  -44,   -8,   -4,  -28,  -24,  -16,  -16,  -38,  -20,
     -45,  -34,  -44,  -10,   -6,   -6,   -6,  -16,  -14,  -40,  -34,  -66,  -20,  -44,   -6,   -6,
      -6,   -6,   -6,   -6,   -6,  -14,  -14,  -40,   -6,   -6,  -38,  -16,  -38,  -34,  -34,   -6,
      -6,   -6,   -6,  -44,  -40,   -2,   -5,   -2,   -2,   -3,   -4,   -4,   -8,   -4,   -3,   -2,
      -4,   -1,   -5,   -1,   -3,   -1,  -18,  -20,   -6,  -12,  -20,   -6,  -22,  -20,  -22,  -32,
     -21,  -16,   -5,  -30,   -8,   -1,   -2,   -2,   -2,   -2,   -6,   -2,  -11,   -7,  -11,   -2,
      -2,   -2,  -11,   -1,   -1,   -2,   -2,   -2,   -2,   -6,   -7,   -2,  -11,
};

static const EpdLigaturePair literatamono_12_boldLigaturePairs[] = {
    { 0x00660069, 0xFB01 }, // f i -> U+FB01
    { 0x0066006C, 0xFB02 }, // f l -> U+FB02
};

static const EpdFontData literatamono_12_bold = {
    literatamono_12_boldBitmaps,
    literatamono_12_boldGlyphs,
    literatamono_12_boldIntervals,
    68,
    37,
    30,
    -8,
    true,
    literatamono_12_boldGroups,
    13,
    nullptr,
    nullptr,  // kernLeftClasses: built-in fonts use the split arrays below
    nullptr,  // kernRightClasses
    literatamono_12_boldKernLeftCodepoints,
    literatamono_12_boldKernLeftClassIds,
    literatamono_12_boldKernRightCodepoints,
    literatamono_12_boldKernRightClassIds,
    nullptr,  // kernMatrix: built-in fonts use the sparse form below
    literatamono_12_boldKernRowOffsets,
    literatamono_12_boldKernSparseCols,
    literatamono_12_boldKernSparseValues,
    569,
    514,
    173,
    214,
    literatamono_12_boldLigaturePairs,
    2,
};
