/**
 * generated by fontconvert.py
 * name: literatamono_10_regular
 * size: 10
 * mode: 2-bit  compressed: true
 * Command used: fontconvert.py literatamono_10_regular 10 ../builtinFonts/source/Literata/Literata-Regular.ttf --2bit --compress --pnum --zopfli --mono
 */
#pragma once
#include "EpdFontData.h"

static const uint8_t literatamono_10_regularBitmaps[8364] = {
    0x8D, 0x95, 0xD1, 0x8A, 0xEB, 0x3A, 0x0F, 0x85, 0x3F, 0xD0, 0x6D, 0x60, 0xBD, 0x4A, 0x60, 0xDF,
    0x0A, 0xFC, 0xEA, 0x82, 0xDE, 0x6E, 0x98, 0x57, 0x59, 0x30, 0xB7, 0x02, 0xFD, 0x4D, 0xD2, 0xCE,
    0x74, 0x9F, 0xE9, 0xD9, 0xE7, 0x97, 0xBE, 0xB5, 0xC0, 0x89, 0x62, 0xD7, 0xB1, 0xE3, 0xD2, 0xF7,
    0xB0, 0xF7, 0x23, 0x70, 0xF7, 0x6E, 0x7B, 0xAF, 0x23, 0xA9, 0xFD, 0x62, 0xCD, 0x04, 0xF5, 0xC5,
    0xCC, 0x88, 0xDA, 0x82, 0x3B, 0xEC, 0x07, 0xD1, 0xB5, 0x7E, 0x39, 0xF7, 0x0B, 0xD6, 0x1D, 0x13,
    0x03, 0xCB, 0xFC, 0x72, 0xED, 0xF6, 0xC9, 0xFC, 0xAA, 0xDB, 0x3C, 0x1E, 0x59, 0x15, 0xD8, 0xC2,
    0x7B, 0x72, 0x3C, 0xE3, 0xDD, 0xD8, 0xC5, 0xBA, 0xDD, 0x1A, 0x29, 0xD9, 0x52, 0x64, 0x8A, 0x3D,
    0x85, 0x95, 0x51, 0xE1, 0x18, 0x50, 0x1C, 0xAA, 0x87, 0xE8, 0xF8, 0x1D, 0x1D, 0x56, 0xAE, 0xDE,
    0xC8, 0xB5, 0x61, 0x35, 0x0E, 0x73, 0x64, 0xD3, 0xAC, 0x98, 0x2D, 0x26, 0xBC, 0x1F, 0x33, 0x0C,
    0x6D, 0x99, 0xFE, 0x8E, 0xCC, 0x4D, 0x51, 0xDE, 0x33, 0xF5, 0x1D, 0x99, 0xBB, 0x2B, 0x2A, 0xF8,
    0x4C, 0x59, 0xF5, 0x99, 0xB1, 0x05, 0x51, 0xDF, 0xCC, 0xD4, 0x6B, 0xD3, 0xDD, 0xDB, 0xEE, 0x1A,
    0x77, 0xF7, 0x79, 0x09, 0x04, 0xDB, 0x49, 0xC2, 0x7E, 0x62, 0xB8, 0xEA, 0x79, 0x73, 0xDF, 0x10,
    0x8D, 0x54, 0x19, 0x65, 0xFC, 0x6F, 0x64, 0x94, 0x44, 0x34, 0x8B, 0x41, 0xEF, 0xB3, 0xA6, 0x65,
    0xBC, 0xB0, 0xB0, 0x8A, 0x03, 0x0E, 0x12, 0x9A, 0x30, 0x51, 0x88, 0xCA, 0xA8, 0x99, 0x03, 0x35,
    0xB9, 0xB0, 0xAA, 0xA3, 0xF6, 0xA8, 0xAB, 0x32, 0x1A, 0x04, 0x51, 0x17, 0x15, 0xD5, 0x0B, 0x35,
    0x44, 0xA1, 0x62, 0x15, 0xBF, 0x8A, 0xCF, 0x8A, 0x5B, 0x45, 0x94, 0xA2, 0xF2, 0x7C, 0x76, 0xA6,
    0x5F, 0xDE, 0x51, 0x6B, 0xEA, 0xCE, 0x06, 0x5F, 0x68, 0x48, 0x15, 0x61, 0x78, 0xE0, 0xA8, 0x54,
    0xA9, 0x61, 0xD0, 0xAD, 0x32, 0x9C, 0x60, 0xF8, 0x6C, 0x5A, 0xE5, 0xB8, 0xF0, 0xE9, 0x07, 0x29,
    0xD4, 0xAC, 0xF1, 0x1D, 0x53, 0xFE, 0x7A, 0xDB, 0xF9, 0xC4, 0xDF, 0xC4, 0x89, 0x9A, 0xFC, 0xEE,
    0xAA, 0x56, 0xA0, 0x46, 0x73, 0x5D, 0xB4, 0x39, 0x89, 0x6A, 0x95, 0x9A, 0x18, 0x14, 0x95, 0xF8,
    0x4E, 0x1F, 0x7E, 0xB0, 0xC2, 0xEA, 0xEF, 0x4E, 0xF7, 0xE7, 0xCF, 0xE8, 0x6E, 0x00, 0xFA, 0x0C,
    0x80, 0xE7, 0x56, 0x20, 0x0A, 0x81, 0x51, 0x91, 0xD0, 0xA0, 0x02, 0x83, 0x20, 0x6A, 0xA6, 0x78,
    0xC6, 0x4C, 0x19, 0x16, 0x44, 0x41, 0x82, 0xEA, 0x20, 0x89, 0x62, 0x81, 0xE1, 0x5A, 0x9F, 0xD6,
    0x9D, 0x42, 0xB0, 0xA0, 0xC1, 0x50, 0x4F, 0x20, 0x8A, 0xF0, 0xE1, 0xAC, 0x21, 0x1C, 0x25, 0xD8,
    0x53, 0xB3, 0xED, 0xB9, 0x6D, 0xF6, 0x26, 0x3B, 0x5F, 0xF4, 0x7B, 0xDB, 0x3F, 0x7F, 0x67, 0x2E,
    0xD5, 0x06, 0xA8, 0xA2, 0x98, 0x86, 0x28, 0x50, 0xC1, 0x66, 0xC8, 0x43, 0x0D, 0x7B, 0x82, 0x0F,
    0x2D, 0x28, 0x11, 0x33, 0x04, 0xAA, 0x20, 0x4A, 0x97, 0x3C, 0xA5, 0x9E, 0x29, 0x85, 0x45, 0x3E,
    0xE9, 0xA3, 0x39, 0x25, 0x5A, 0x2C, 0xA1, 0x93, 0x25, 0x8E, 0x4A, 0xE6, 0x03, 0xD5, 0x20, 0x44,
    0x22, 0x9A, 0xC0, 0xF0, 0x87, 0x1A, 0xC8, 0x53, 0x81, 0x88, 0x0A, 0x27, 0x8C, 0x99, 0x31, 0x62,
    0x10, 0xFA, 0xFA, 0x01, 0x82, 0x37, 0x8A, 0xBA, 0x74, 0x64, 0x73, 0x0E, 0x3B, 0x16, 0x16, 0x29,
    0x36, 0x81, 0xA8, 0x83, 0x29, 0x71, 0x81, 0xD8, 0x4E, 0x72, 0xA6, 0xCF, 0xE2, 0x7E, 0x53, 0x1C,
    0xAF, 0xF5, 0x07, 0xD3, 0xFC, 0x39, 0xA3, 0x20, 0x7F, 0xCC, 0x68, 0x6C, 0x44, 0x23, 0x12, 0x5D,
    0xE9, 0x05, 0xF3, 0xC9, 0x58, 0xAD, 0x0A, 0x8B, 0xA8, 0x1F, 0x9A, 0x29, 0x11, 0xEF, 0xE4, 0xB1,
    0xFA, 0xAE, 0x12, 0xEF, 0x73, 0x7C, 0x20, 0xFE, 0x42, 0x0B, 0x8B, 0x4E, 0x96, 0x19, 0x4F, 0xE9,
    0x6B, 0x49, 0x8C, 0xA2, 0x90, 0x40, 0x09, 0x1A, 0xD0, 0x07, 0xD7, 0xB5, 0x30, 0xC2, 0x57, 0x5D,
    0x2D, 0xC6, 0xF2, 0x7F, 0x8D, 0xB3, 0x9D, 0xA4, 0xE8, 0x99, 0x5E, 0x66, 0x39, 0xCC, 0xAA, 0x48,
    0x86, 0xA7, 0x7D, 0x10, 0x8A, 0xD3, 0x74, 0x5A, 0xDD, 0x5B, 0x51, 0x8A, 0xDF, 0x4F, 0xA3, 0x0F,
    0xF3, 0x61, 0x44, 0x8D, 0x59, 0x3D, 0xA5, 0x96, 0xC3, 0x32, 0xA5, 0xA6, 0xB4, 0x28, 0xE9, 0x50,
    0x95, 0xE2, 0x90, 0x4B, 0x1C, 0xCA, 0x87, 0x74, 0x6A, 0x2A, 0x8A, 0x31, 0x51, 0x83, 0x50, 0x25,
    0x71, 0xC8, 0x3E, 0xC5, 0x8B, 0xC2, 0x7D, 0xDD, 0x2B, 0x21, 0xF4, 0xD8, 0x84, 0xCF, 0xDD, 0xDE,
    0xEF, 0x36, 0x3C, 0xAF, 0x4C, 0xC3, 0x18, 0xA2, 0x06, 0x84, 0x20, 0x89, 0x3A, 0xCC, 0x18, 0x7E,
    0x58, 0x77, 0x98, 0x51, 0x14, 0x19, 0xB7, 0x42, 0x0C, 0xC8, 0x0D, 0xCC, 0x61, 0x2C, 0x00, 0x55,
    0x41, 0x4C, 0x01, 0xCD, 0xCC, 0x73, 0x4D, 0xF2, 0x1F, 0x32, 0x9A, 0x42, 0x7A, 0xDE, 0x7F, 0xAA,
    0x11, 0x8B, 0x69, 0x39, 0xDA, 0x0A, 0x27, 0x17, 0xFB, 0x02, 0x99, 0x98, 0x42, 0x06, 0x17, 0x36,
    0x6E, 0x3C, 0x51, 0xBF, 0x86, 0x35, 0x53, 0xAD, 0x28, 0x8B, 0xAA, 0x4B, 0x46, 0xF0, 0x5F, 0x8A,
    0xF1, 0xB5, 0xC7, 0x89, 0x12, 0xFC, 0x1F, 0x8A, 0xBA, 0x27, 0xE1, 0x05, 0xEB, 0x7A, 0x76, 0x55,
    0x58, 0x50, 0x71, 0x25, 0x87, 0xB0, 0xC0, 0xDB, 0xA5, 0x4C, 0xC8, 0xFD, 0x92, 0x0C, 0xAA, 0x53,
    0x63, 0xD5, 0xF2, 0x2A, 0x55, 0x94, 0x38, 0xBD, 0xD2, 0x41, 0x3C, 0x7C, 0xB7, 0x0E, 0xCF, 0x0D,
    0xEC, 0x17, 0xAF, 0xCC, 0xC3, 0xB5, 0xC3, 0x7A, 0x75, 0xC2, 0xA7, 0x17, 0xE3, 0x65, 0xD5, 0x99,
    0x84, 0x13, 0xBC, 0x43, 0x1A, 0x56, 0x81, 0x00, 0xD5, 0xD5, 0x7E, 0x6E, 0x20, 0x74, 0x64, 0x4D,
    0xAD, 0x7E, 0xCC, 0xA8, 0x9E, 0xC7, 0x28, 0xDE, 0xA0, 0x1F, 0x33, 0x50, 0xFD, 0xBB, 0xC6, 0xAC,
    0xE9, 0x3C, 0xEA, 0xEC, 0xE7, 0x3F, 0x39, 0x0B, 0x12, 0xCC, 0x79, 0x21, 0xC4, 0xB6, 0xD8, 0xF2,
    0x3A, 0xC3, 0xFC, 0x26, 0xC6, 0xB0, 0x43, 0xC2, 0x76, 0x22, 0x88, 0x8B, 0x82, 0x02, 0xC3, 0xFE,
    0xB6, 0xA2, 0x46, 0x6F, 0x62, 0x30, 0x34, 0xF1, 0x1B, 0x89, 0x2D, 0x48, 0xCA, 0xB8, 0xD8, 0x67,
    0x6C, 0x67, 0xC8, 0xE4, 0xC2, 0x3A, 0x40, 0x68, 0x58, 0xC2, 0x27, 0xBD, 0x58, 0x37, 0x0F, 0xE8,
    0x15, 0x59, 0x6E, 0x55, 0x8A, 0x25, 0xF4, 0x24, 0x0F, 0xCA, 0xDB, 0x54, 0x34, 0xEB, 0x6A, 0xDC,
    0x81, 0x2F, 0x12, 0x56, 0x54, 0x34, 0xC8, 0x84, 0xE1, 0x41, 0xB4, 0x97, 0x9C, 0xD8, 0x7F, 0xD2,
    0xE1, 0x75, 0x8E, 0xF5, 0xE8, 0x30, 0xCA, 0x51, 0x33, 0xF5, 0xD2, 0x61, 0x3D, 0x3A, 0x1C, 0x14,
    0x25, 0x7D, 0x7F, 0xD3, 0xE2, 0x5F, 0x19, 0x03, 0xD6, 0xE4, 0x63, 0xD6, 0x51, 0x77, 0x5A, 0xA8,
    0xD9, 0xC1, 0x30, 0x53, 0x6B, 0xEC, 0xAF, 0xEF, 0x4B, 0xB5, 0x9A, 0x01, 0xBD, 0xB2, 0x4A, 0xF5,
    0x3C, 0x60, 0x7E, 0x30, 0xB7, 0x49, 0x16, 0x09, 0xC0, 0xB0, 0x7E, 0x1E, 0xFD, 0x95, 0x2B, 0x61,
    0x96, 0xAE, 0xD8, 0xB6, 0xCC, 0x74, 0xFD, 0x78, 0xD3, 0xAD, 0xB0, 0x02, 0x6D, 0xC8, 0xA8, 0x51,
    0x22, 0xA1, 0x28, 0x85, 0xA7, 0xE6, 0xD9, 0xF5, 0xFB, 0x1C, 0xF7, 0xAA, 0x21, 0xEB, 0x53, 0x2F,
    0x87, 0xF3, 0xDF, 0x6D, 0x6E, 0xA3, 0xEE, 0x55, 0xF9, 0xD7, 0xC9, 0xC5, 0xB0, 0x54, 0x19, 0x36,
    0x7F, 0x90, 0xF8, 0x5A, 0x90, 0xA3, 0x87, 0x9B, 0x17, 0x9D, 0xE4, 0x9F, 0x78, 0x85, 0x73, 0x48,
    0x1E, 0x2C, 0x98, 0x22, 0xE6, 0xEF, 0x5B, 0xC0, 0xF0, 0x24, 0x8C, 0xBA, 0x17, 0x3D, 0x25, 0xDD,
    0x79, 0xBF, 0xC2, 0xEA, 0x4C, 0x6F, 0x8E, 0x85, 0x9A, 0x55, 0xB2, 0x3A, 0x3F, 0xBC, 0x71, 0x64,
    0x32, 0x9D, 0xFC, 0x99, 0xDA, 0xE4, 0x96, 0x33, 0x9C, 0xBC, 0x41, 0x72, 0xF4, 0x4C, 0x8D, 0x48,
    0xB1, 0xDF, 0x89, 0x72, 0x54, 0x85, 0x8B, 0xCF, 0x3B, 0xB0, 0x20, 0x99, 0xEA, 0xE5, 0x45, 0x47,
    0x89, 0x0E, 0x14, 0xA7, 0x49, 0xC4, 0x4D, 0xDB, 0xC3, 0x3E, 0x22, 0xA1, 0xC3, 0x2F, 0x36, 0xB7,
    0x5E, 0x58, 0x55, 0x71, 0x83, 0x81, 0x3C, 0x3C, 0x3E, 0x2A, 0xA2, 0x36, 0x3C, 0x1F, 0x33, 0x9F,
    0xCF, 0x81, 0xAF, 0x51, 0xEB, 0x39, 0xEA, 0x40, 0x3E, 0xD9, 0x69, 0xD3, 0xC5, 0x82, 0x19, 0x2C,
    0x2A, 0xA9, 0x86, 0xE7, 0x29, 0xA4, 0xA8, 0x8C, 0xB2, 0x98, 0x21, 0x2C, 0xFE, 0x99, 0x26, 0xD1,
    0x8F, 0x0C, 0xD7, 0xCF, 0xE8, 0x37, 0x85, 0x58, 0xFC, 0xCC, 0x66, 0x95, 0x3D, 0xF5, 0x3F, 0xA5,
    0x95, 0xC1, 0x8A, 0xEB, 0xBE, 0xB3, 0x84, 0x3F, 0xE8, 0xAD, 0xA0, 0x5F, 0x45, 0x30, 0xDB, 0x06,
    0xBD, 0x7A, 0x81, 0xB7, 0x3F, 0xC8, 0xAB, 0x14, 0xCC, 0x56, 0xD0, 0x37, 0x31, 0x49, 0x98, 0x19,
    0xE6, 0xDC, 0x93, 0xF3, 0x8F, 0xF4, 0x15, 0xB6, 0xAD, 0xEA, 0x32, 0x16, 0xB2, 0xC5, 0xDE, 0x86,
    0x79, 0x6B, 0xF6, 0xDE, 0xDB, 0x4C, 0xAE, 0x64, 0x53, 0x87, 0xF6, 0x45, 0xBE, 0x22, 0x2C, 0x3E,
    0xA1, 0x61, 0xA1, 0xD5, 0xC4, 0x66, 0x40, 0x34, 0x19, 0xAA, 0x38, 0x81, 0x82, 0x05, 0xDD, 0x24,
    0xA4, 0x08, 0x91, 0xCC, 0xC4, 0xAB, 0xDD, 0x2D, 0xA1, 0x8F, 0xD6, 0x4A, 0x2A, 0x9E, 0x30, 0x92,
    0xD5, 0x18, 0xB5, 0x97, 0x17, 0xC9, 0xD9, 0x35, 0x08, 0x4D, 0xB0, 0xC1, 0x62, 0x75, 0x43, 0xF2,
    0x3C, 0x7E, 0x53, 0x1B, 0xDD, 0x1B, 0x3C, 0x4F, 0x69, 0xE2, 0x50, 0xA6, 0x32, 0x48, 0xB1, 0xCC,
    0xDC, 0x78, 0x69, 0x87, 0x0B, 0xA7, 0x2A, 0x3C, 0x59, 0x26, 0x45, 0x28, 0x6F, 0x90, 0x1B, 0x7B,
    0x6F, 0x9B, 0x65, 0x42, 0xC9, 0x20, 0x54, 0xCB, 0x9E, 0x9E, 0xD3, 0xAE, 0x69, 0xF1, 0xD4, 0xF4,
    0x4D, 0xE5, 0x5A, 0x56, 0x2A, 0xA1, 0x37, 0x4B, 0xB6, 0xBC, 0x7C, 0x36, 0xAF, 0xC5, 0xA1, 0x48,
    0x46, 0x51, 0xC6, 0xA6, 0x36, 0x59, 0x44, 0xC2, 0xA1, 0x6E, 0x11, 0x0F, 0xD2, 0xB3, 0xFA, 0xB2,
    0x57, 0x5F, 0xE6, 0x7F, 0xB9, 0xDB, 0x8B, 0x4F, 0x49, 0x87, 0xD6, 0xD3, 0x42, 0xB7, 0x42, 0x3C,
    0x01, 0x80, 0x6E, 0x2D, 0xC9, 0x9E, 0x18, 0x05, 0x63, 0x78, 0xB6, 0x97, 0x7C, 0xDE, 0x49, 0x61,
    0x4A, 0x5E, 0x1A, 0xCB, 0x72, 0x5E, 0xE1, 0x77, 0x3E, 0xD4, 0xC7, 0x36, 0x3C, 0x89, 0xC3, 0xEB,
    0xD0, 0x3A, 0xB8, 0xD2, 0x27, 0xEB, 0x24, 0x0F, 0xE2, 0x80, 0xF8, 0x8D, 0x66, 0xEF, 0x5D, 0x15,
    0x47, 0x0F, 0x36, 0xE3, 0x5B, 0x6F, 0xA5, 0x5D, 0x2E, 0x0D, 0x8D, 0xDB, 0x71, 0x49, 0xB2, 0xAB,
    0x32, 0xE3, 0x92, 0x59, 0x65, 0x4B, 0x03, 0x60, 0x83, 0x19, 0x84, 0x18, 0x04, 0x67, 0xED, 0x95,
    0x82, 0xC1, 0x4C, 0x06, 0x5E, 0x0C, 0xB4, 0xE8, 0x43, 0x17, 0x88, 0xB8, 0xC0, 0x88, 0x84, 0x1A,
    0x09, 0x33, 0xDB, 0x98, 0x24, 0x44, 0xF2, 0xD7, 0x3C, 0x18, 0xB8, 0x35, 0x38, 0xE4, 0x3E, 0x0E,
    0x99, 0x78, 0xBA, 0x8B, 0x84, 0x49, 0x4D, 0x8C, 0x1C, 0x8A, 0x36, 0x30, 0x59, 0xC2, 0xD8, 0x08,
    0xCF, 0x00, 0x9C, 0x90, 0x1A, 0x21, 0x5C, 0x29, 0x6A, 0xA6, 0x64, 0x7D, 0x68, 0x1D, 0xFA, 0x14,
    0xC1, 0x21, 0x32, 0x42, 0x8C, 0xE8, 0x4D, 0x11, 0xC2, 0x84, 0x42, 0xE1, 0x10, 0x20, 0x14, 0x0A,
    0x25, 0x8B, 0x8D, 0xF1, 0x72, 0xEE, 0x91, 0xA6, 0x80, 0x05, 0x84, 0x80, 0x09, 0x21, 0x48, 0xC1,
    0x30, 0xD4, 0x4D, 0x1B, 0x66, 0x81, 0x6F, 0x5A, 0xA0, 0x24, 0xBA, 0x09, 0x52, 0x41, 0x28, 0x39,
    0xE5, 0x56, 0xDE, 0x8C, 0x10, 0xBE, 0xD7, 0xF3, 0x5E, 0x56, 0x08, 0xF2, 0x5E, 0xE7, 0x01, 0xBC,
    0x99, 0xB7, 0x06, 0x1C, 0x1B, 0xE0, 0xFD, 0xAC, 0x2A, 0xD8, 0x05, 0x55, 0xEF, 0x67, 0xA5, 0x61,
    0x4C, 0xA8, 0x09, 0xE9, 0xF7, 0xF3, 0xA2, 0x7B, 0xC3, 0xA1, 0x22, 0x0E, 0x0D, 0x22, 0x34, 0xC8,
    0x10, 0x8C, 0xD0, 0xA4, 0x42, 0x66, 0x75, 0x1B, 0x87, 0x8C, 0x42, 0x0E, 0x85, 0x08, 0x42, 0x71,
    0xE6, 0x24, 0xA1, 0xD5, 0x57, 0x36, 0x7D, 0x21, 0xD5, 0x24, 0x49, 0x91, 0x6C, 0x02, 0xC3, 0x37,
    0x6D, 0xA0, 0x4E, 0x05, 0x49, 0x28, 0x5C, 0xD0, 0x86, 0x01, 0x24, 0x10, 0x82, 0x0F, 0x41, 0x43,
    0x88, 0x30, 0x14, 0x04, 0xDD, 0x4E, 0x9C, 0x54, 0x32, 0x12, 0x12, 0xDD, 0x68, 0x25, 0x27, 0x90,
    0x8C, 0x93, 0xEA, 0xDE, 0x24, 0x2C, 0xD8, 0xA0, 0x7F, 0x2C, 0x2C, 0xD8, 0xC4, 0x85, 0x81, 0xE0,
    0xDF, 0x6A, 0xE3, 0x50, 0x5E, 0x14, 0xC7, 0x3F, 0x17, 0x16, 0x8B, 0x14, 0x6A, 0xA7, 0x92, 0xDF,
    0x7B, 0x1B, 0x87, 0x93, 0xC9, 0xFF, 0xEF, 0x4A, 0x52, 0x65, 0x0D, 0xFE, 0xE2, 0xBB, 0x6F, 0x25,
    0x7F, 0x71, 0x75, 0x9B, 0xA4, 0x49, 0xF2, 0xB9, 0x66, 0x12, 0x4E, 0x75, 0xF3, 0x3C, 0xBF, 0x8F,
    0xDD, 0x93, 0x36, 0xDD, 0xE2, 0xE7, 0xF7, 0xD3, 0xCA, 0x9D, 0x0E, 0xA7, 0x51, 0x6E, 0x94, 0x0B,
    0x65, 0xDE, 0x24, 0x65, 0xDC, 0x64, 0x25, 0x37, 0xD5, 0x5D, 0x79, 0xAA, 0x15, 0x62, 0x02, 0x05,
    0x24, 0x80, 0xA0, 0x4D, 0xA8, 0x49, 0x52, 0x45, 0xDC, 0x64, 0x9F, 0xE2, 0x8B, 0xC2, 0x9B, 0x73,
    0x4C, 0x49, 0x92, 0x8F, 0x85, 0x86, 0x20, 0x0C, 0x09, 0x4C, 0xDE, 0xCB, 0x4A, 0x60, 0x09, 0x6C,
    0xD0, 0x04, 0xDE, 0xCC, 0xDB, 0x05, 0x17, 0x03, 0xBC, 0x9F, 0xE5, 0xA7, 0xDE, 0xCE, 0x72, 0x56,
    0xA5, 0x43, 0xE9, 0x2A, 0x27, 0x6D, 0x87, 0xFA, 0x74, 0xD4, 0x99, 0xF6, 0x61, 0xF3, 0x69, 0x87,
    0xEC, 0xC4, 0x2E, 0xEC, 0x19, 0xDE, 0x0A, 0x2D, 0x6E, 0x4A, 0x96, 0x0B, 0xB7, 0xF9, 0xB9, 0x7B,
    0xB4, 0x73, 0x27, 0xA1, 0x84, 0x17, 0x14, 0x0A, 0x05, 0xE1, 0x05, 0xCB, 0x80, 0xBF, 0xEE, 0x1E,
    0xEF, 0x65, 0x85, 0x20, 0x05, 0x65, 0xD0, 0x00, 0xDE, 0xCC, 0xAB, 0x82, 0xBD, 0xA1, 0xEA, 0xFD,
    0x2C, 0x26, 0xF0, 0xFD, 0x3D, 0x97, 0x42, 0x8F, 0x7F, 0x39, 0x1E, 0xB0, 0x0B, 0x6A, 0x42, 0xEA,
    0xCF, 0x6A, 0xD3, 0x9B, 0xE4, 0xA4, 0x95, 0xE1, 0x64, 0x27, 0xF5, 0x60, 0x67, 0x38, 0x5B, 0x09,
    0x09, 0xBD, 0xA1, 0x45, 0xC8, 0x24, 0xF3, 0x2E, 0x93, 0x21, 0x3A, 0x20, 0xF3, 0x26, 0x91, 0xF1,
    0xFC, 0x45, 0x90, 0x23, 0x94, 0x15, 0x5A, 0x2B, 0xE9, 0x8F, 0xC7, 0x93, 0x42, 0x30, 0x01, 0xD2,
    0xD4, 0xC2, 0x79, 0x83, 0x24, 0x9B, 0x95, 0xF8, 0x64, 0x2F, 0xD6, 0x61, 0x26, 0x6C, 0x42, 0x04,
    0x2F, 0xF9, 0x43, 0x84, 0xC9, 0x62, 0x8E, 0x97, 0xFC, 0xEB, 0xE0, 0x63, 0xC3, 0x6B, 0xE1, 0x35,
    0x58, 0x8B, 0x5A, 0xAF, 0xFA, 0xC3, 0x8C, 0x79, 0x23, 0xFD, 0x92, 0x3F, 0xBD, 0xE4, 0xB2, 0x9D,
    0x2A, 0x92, 0xAB, 0x7A, 0x67, 0xC3, 0x4A, 0xF0, 0x29, 0xB1, 0x97, 0x6B, 0xA9, 0x15, 0x9B, 0x95,
    0x54, 0xCA, 0x57, 0xE0, 0x49, 0xC1, 0x0A, 0xC5, 0x06, 0xDD, 0xAF, 0xE3, 0x8A, 0x09, 0x48, 0x3D,
    0x1C, 0x70, 0x2F, 0x0F, 0x39, 0xD4, 0xAD, 0x2F, 0xE5, 0xBA, 0x97, 0xD7, 0x89, 0x09, 0xBD, 0xE6,
    0x37, 0x71, 0xA5, 0x18, 0xF1, 0x92, 0x3F, 0xF3, 0x0E, 0xBC, 0xE4, 0x17, 0xA6, 0x48, 0xA0, 0x59,
    0xE4, 0x8F, 0xDE, 0x0A, 0x92, 0xC2, 0x7F, 0x1C, 0x4F, 0x16, 0x1F, 0xD2, 0x84, 0xA5, 0x54, 0xFC,
    0xE8, 0xCB, 0xB6, 0xB7, 0x0D, 0x7F, 0x1A, 0xCF, 0x43, 0x2C, 0x68, 0x38, 0x44, 0x38, 0xB6, 0x57,
    0xBA, 0xC2, 0xE6, 0x1B, 0x15, 0x5A, 0x49, 0xEC, 0x2B, 0x33, 0x96, 0x00, 0x60, 0x2F, 0x95, 0x9E,
    0x1F, 0xD6, 0x4F, 0xFA, 0xE8, 0x10, 0x57, 0x30, 0x0C, 0x80, 0x68, 0x56, 0xEA, 0x97, 0x70, 0x7C,
    0x9F, 0xEC, 0x01, 0x0B, 0x0C, 0x7A, 0xCD, 0x6F, 0xD8, 0xC4, 0x7F, 0x8C, 0x78, 0xC9, 0x9F, 0xD6,
    0x68, 0xE0, 0x35, 0x73, 0x90, 0x17, 0x65, 0xBE, 0xEA, 0x0F, 0xDD, 0x01, 0xBA, 0x05, 0xC0, 0x97,
    0x9B, 0x7D, 0xC9, 0xC3, 0xC9, 0xAE, 0xD8, 0x95, 0x75, 0x6B, 0xAE, 0xA5, 0x4A, 0x6A, 0xC9, 0x6E,
    0x7E, 0xCC, 0xD5, 0x4E, 0x57, 0xB8, 0xF8, 0x85, 0x4C, 0xC7, 0xEE, 0x2F, 0x73, 0xF5, 0x9A, 0xDF,
    0xB0, 0x89, 0x0B, 0x19, 0x2F, 0xF9, 0x1F, 0xAF, 0x2F, 0x78, 0x2D, 0x3F, 0x44, 0x8A, 0x84, 0x09,
    0xD0, 0x9F, 0x9D, 0x54, 0x32, 0x53, 0x0E, 0xE9, 0x0A, 0x9F, 0x57, 0xA0, 0xA1, 0x1E, 0x4C, 0xB6,
    0xD9, 0x62, 0x41, 0x43, 0x7E, 0x65, 0x39, 0xFD, 0x5C, 0x57, 0x2B, 0xC9, 0x64, 0xDD, 0x2F, 0xE5,
    0x6C, 0x25, 0x3C, 0x69, 0x83, 0x1D, 0x9F, 0xC6, 0x86, 0xFF, 0xE5, 0xE9, 0xFF, 0x07, 0xAD, 0x99,
    0x5B, 0x6A, 0x6B, 0xCD, 0x0E, 0x84, 0x3F, 0xD0, 0x6B, 0x43, 0x4D, 0xA5, 0xE1, 0x7F, 0x15, 0xF4,
    0xD4, 0x05, 0x19, 0x80, 0xA7, 0x52, 0xE0, 0xD7, 0x06, 0x1D, 0x6C, 0x2F, 0x8C, 0x93, 0x9D, 0xEC,
    0xD8, 0xDB, 0xC7, 0xAD, 0x12, 0x78, 0x5D, 0xEA, 0x93, 0xDA, 0x97, 0x75, 0x63, 0x6D, 0xEE, 0xAF,
    0x28, 0x50, 0xC1, 0x30, 0xE4, 0x45, 0x1B, 0x66, 0x82, 0x2F, 0x5A, 0x50, 0x22, 0xBA, 0x09, 0x54,
    0x41, 0x94, 0x6E, 0x72, 0x97, 0xF6, 0xA3, 0x8D, 0x4C, 0x2E, 0x2C, 0x2C, 0x10, 0x6A, 0x96, 0x8E,
    0xB7, 0x7B, 0xB1, 0x3E, 0x8C, 0xC7, 0xCD, 0x58, 0x7E, 0x1B, 0x3C, 0x07, 0x39, 0x90, 0x9F, 0x66,
    0xBF, 0xC1, 0x3A, 0x0A, 0xE5, 0x41, 0x7E, 0x02, 0x08, 0x82, 0x01, 0x02, 0xD5, 0x9D, 0xBF, 0x80,
    0x09, 0xF4, 0x09, 0x55, 0x23, 0x44, 0x22, 0x36, 0x81, 0xE1, 0x93, 0x36, 0x90, 0x57, 0x05, 0x22,
    0x2A, 0x9C, 0xD0, 0x86, 0x01, 0x09, 0x26, 0x0A, 0x20, 0x36, 0x4B, 0xA4, 0xCA, 0x2A, 0xC3, 0x3D,
    0x12, 0x56, 0x54, 0x6C, 0x18, 0xC0, 0x02, 0xCE, 0x45, 0x30, 0x81, 0x37, 0xF9, 0x26, 0x36, 0x91,
    0x8C, 0x78, 0x8E, 0xAF, 0x83, 0x2F, 0xDE, 0x67, 0xDF, 0x83, 0xA7, 0xD8, 0xC1, 0x84, 0x73, 0xFD,
    0xDF, 0xF8, 0x23, 0x88, 0x24, 0x36, 0xF8, 0x75, 0xFE, 0x38, 0xF0, 0x6D, 0xC4, 0x95, 0x7F, 0xFF,
    0x9E, 0x09, 0xBE, 0x51, 0xD4, 0x4D, 0x42, 0x6C, 0xBA, 0x0B, 0x74, 0x2E, 0xE2, 0x5C, 0xE0, 0x82,
    0x33, 0x17, 0xC5, 0x36, 0x4B, 0x26, 0xF1, 0xB7, 0x63, 0xC7, 0x6D, 0xBD, 0xBC, 0xFF, 0xCA, 0xEE,
    0xFE, 0x8D, 0x6D, 0xC2, 0x60, 0x7A, 0x83, 0x63, 0x7B, 0xC9, 0x89, 0xFD, 0x39, 0x76, 0x78, 0xC9,
    0xF2, 0x8E, 0xAE, 0x7B, 0xC3, 0xC2, 0x22, 0xC5, 0x10, 0x88, 0xBA, 0x44, 0x97, 0xB8, 0x05, 0x62,
    0x5C, 0x23, 0xBB, 0xB7, 0x1A, 0xF8, 0xFC, 0xF1, 0x46, 0x39, 0xAA, 0xBB, 0x1E, 0xA6, 0xB7, 0x6E,
    0xD3, 0x3B, 0xA8, 0x88, 0xA2, 0x5F, 0xA6, 0x8C, 0x40, 0x22, 0xF6, 0xB3, 0x20, 0x12, 0x6E, 0xF9,
    0x45, 0x10, 0xC7, 0x9C, 0x3D, 0x09, 0x7A, 0xD1, 0x1C, 0x13, 0xC5, 0x11, 0xFB, 0xD1, 0xFC, 0xF0,
    0x7F, 0xFC, 0x36, 0x36, 0x24, 0x18, 0x0A, 0x0C, 0xCD, 0xA0, 0xE2, 0xF4, 0x8F, 0x7D, 0x1D, 0x3F,
    0x04, 0x83, 0x9F, 0xE9, 0xEB, 0x89, 0x3F, 0xA1, 0xB8, 0xCA, 0xF0, 0xA0, 0xB6, 0x11, 0x1B, 0x91,
    0xE8, 0x36, 0xBC, 0xA0, 0xCF, 0x44, 0x21, 0xA3, 0xC9, 0x1C, 0x80, 0xD5, 0x99, 0x0B, 0x8B, 0x5B,
    0xEB, 0x5B, 0x68, 0x33, 0xC1, 0xD0, 0x5D, 0xAB, 0x6D, 0x5C, 0xD8, 0x78, 0xAB, 0xD6, 0xF1, 0xBB,
    0x2C, 0xC3, 0xAA, 0xB7, 0x4B, 0x99, 0xC1, 0x18, 0xC8, 0xC0, 0xEB, 0xA5, 0x7C, 0xFD, 0x7B, 0x7C,
    0x7B, 0x56, 0xC2, 0xC4, 0x3F, 0x96, 0xF2, 0x16, 0x1A, 0x80, 0x75, 0x28, 0x80, 0x01, 0x14, 0x01,
    0x61, 0xA2, 0xFE, 0xA9, 0x9C, 0x28, 0x90, 0x21, 0x0D, 0x1E, 0x00, 0xB4, 0xB5, 0x55, 0x61, 0x11,
    0xF5, 0x87, 0xBA, 0x4B, 0xC4, 0x77, 0xF2, 0x75, 0x3F, 0x60, 0x15, 0xD8, 0x50, 0x13, 0x38, 0xDE,
    0xC7, 0x57, 0x9D, 0x4C, 0x38, 0x89, 0x5A, 0x44, 0xE9, 0x47, 0x2D, 0x77, 0xB5, 0xD7, 0xD6, 0xB1,
    0xA4, 0xBB, 0xF7, 0x93, 0xF5, 0x5C, 0xF7, 0x5B, 0x05, 0x3A, 0x98, 0xBD, 0x5F, 0x67, 0xAF, 0x71,
    0x32, 0x40, 0x5B, 0x25, 0xBE, 0x1F, 0xED, 0x35, 0x3E, 0x36, 0x80, 0x1C, 0xE6, 0xCB, 0xD0, 0xEE,
    0x27, 0x1C, 0xDA, 0x00, 0xB0, 0x4A, 0x15, 0x5F, 0xC6, 0x72, 0x0D, 0xCF, 0x55, 0xBF, 0x79, 0xD4,
    0xB4, 0x57, 0xFD, 0xEC, 0xF2, 0xF7, 0xBD, 0x83, 0x41, 0x92, 0xA8, 0x92, 0x45, 0x02, 0xD0, 0xAC,
    0x3F, 0xB7, 0xAC, 0xC1, 0xC4, 0xF8, 0xB6, 0xAE, 0xF4, 0x6B, 0x6F, 0xDF, 0xBB, 0xB4, 0xE9, 0xAD,
    0xBA, 0x39, 0xC4, 0x0B, 0x29, 0x85, 0xD8, 0x42, 0xE4, 0xA2, 0x2D, 0x93, 0x78, 0xB1, 0x13, 0x03,
    0x40, 0xC7, 0x5E, 0x6C, 0x91, 0xDF, 0xC5, 0xEC, 0x9A, 0xE0, 0x23, 0xA2, 0x08, 0x10, 0xAC, 0xC2,
    0xA6, 0x26, 0x40, 0x1B, 0xF1, 0x97, 0xD8, 0xC2, 0x62, 0x27, 0xCB, 0x88, 0x55, 0xFF, 0x55, 0xCD,
    0x6F, 0xE7, 0x9C, 0x38, 0xBA, 0x4D, 0x26, 0xED, 0xAE, 0xE3, 0x1D, 0xC2, 0x28, 0x0A, 0x09, 0x94,
    0xA0, 0x06, 0x9D, 0xB8, 0x2D, 0x0B, 0x23, 0x2E, 0x4A, 0x54, 0x47, 0x87, 0x00, 0x3A, 0x14, 0xC0,
    0x80, 0x06, 0x3D, 0x86, 0xB6, 0xC2, 0x0A, 0x34, 0x90, 0xD1, 0x46, 0x89, 0x84, 0xA2, 0x14, 0xEE,
    0x6A, 0x80, 0x7D, 0x8D, 0x01, 0x93, 0xD6, 0x5E, 0x61, 0x45, 0x1D, 0xDB, 0xFB, 0x8F, 0xED, 0x4D,
    0x18, 0xC1, 0xFC, 0x7D, 0x46, 0xC6, 0x35, 0x52, 0xEC, 0xEE, 0x1D, 0xA8, 0x92, 0xA2, 0x59, 0xE8,
    0xC7, 0xD1, 0x7E, 0xC9, 0x14, 0x20, 0xAF, 0x31, 0x20, 0x7F, 0xF5, 0x86, 0xC5, 0x22, 0x18, 0x80,
    0xDB, 0x16, 0x16, 0xA5, 0xA8, 0x5F, 0x41, 0x9D, 0x2B, 0x35, 0x34, 0x35, 0x9F, 0xAC, 0x3A, 0xC5,
    0x16, 0xF9, 0xBD, 0xD9, 0x63, 0x99, 0xD2, 0x92, 0x3E, 0x9B, 0xAD, 0x4D, 0xD4, 0x3D, 0x2A, 0x4E,
    0x15, 0x1B, 0x15, 0x5D, 0x7C, 0x14, 0x51, 0x71, 0x0D, 0x45, 0xAD, 0xD5, 0xFD, 0x60, 0x36, 0x65,
    0x55, 0x73, 0xFA, 0xD2, 0xB3, 0x21, 0x0C, 0x2A, 0x18, 0xD0, 0xA5, 0x2D, 0x87, 0x65, 0x4A, 0x9B,
    0xD2, 0xA2, 0xA4, 0x8B, 0xAA, 0x14, 0x17, 0xB9, 0xC4, 0x45, 0x79, 0x48, 0x57, 0x75, 0xDD, 0x7F,
    0x15, 0x09, 0x06, 0xD8, 0xAB, 0xB2, 0xAC, 0x1F, 0x7E, 0x54, 0xFD, 0xD1, 0x6F, 0xB1, 0x00, 0x54,
    0x37, 0xC5, 0x45, 0x4F, 0x00, 0x01, 0x12, 0x16, 0x0C, 0x48, 0xA8, 0x01, 0xE9, 0xC3, 0x03, 0xE0,
    0xBD, 0xFE, 0x83, 0xE2, 0x0C, 0x0B, 0xF2, 0xA9, 0xFE, 0x0D, 0xEC, 0x43, 0x13, 0x30, 0xF0, 0xE1,
    0x86, 0xB3, 0x8A, 0x1D, 0x85, 0x7F, 0x56, 0xB4, 0xF6, 0x6B, 0xB5, 0xAE, 0xA3, 0xD6, 0x38, 0xE6,
    0xEF, 0x51, 0x0B, 0x18, 0xBF, 0x15, 0x5C, 0x09, 0xF3, 0xD3, 0x5F, 0x60, 0x9B, 0xFB, 0xAB, 0x4D,
    0x54, 0x23, 0x54, 0x49, 0x5C, 0x64, 0x5F, 0xC5, 0x83, 0xC2, 0xFB, 0xB6, 0xAE, 0x84, 0x90, 0x13,
    0xDA, 0x7C, 0xBA, 0xB2, 0x68, 0x96, 0x2A, 0xC3, 0xE6, 0x53, 0x24, 0x3E, 0xCE, 0x57, 0x6B, 0xDE,
    0xB4, 0xEA, 0x6D, 0xF0, 0x08, 0x14, 0xC4, 0x7E, 0x9A, 0x1D, 0x02, 0x09, 0x32, 0xA1, 0xDE, 0xE7,
    0x33, 0xCD, 0xB9, 0xE2, 0x44, 0x8C, 0xE7, 0xF8, 0xED, 0xDE, 0x84, 0xB7, 0x17, 0x42, 0x16, 0x49,
    0x38, 0xAE, 0x19, 0x4C, 0x78, 0x62, 0xB8, 0xE5, 0x36, 0x86, 0xFB, 0x92, 0x4D, 0x98, 0xDB, 0xF6,
    0x25, 0xE4, 0x40, 0x95, 0xD6, 0xD5, 0xB3, 0x89, 0x8E, 0xCD, 0xD2, 0xE9, 0x82, 0xDF, 0x51, 0xC6,
    0x97, 0xD4, 0x5D, 0xC6, 0x70, 0xA4, 0x0D, 0xC9, 0xA6, 0x56, 0x74, 0x54, 0xEC, 0x78, 0xB8, 0x01,
    0x93, 0x40, 0x41, 0x77, 0xA1, 0x30, 0x22, 0xBF, 0xC8, 0xA8, 0x0B, 0xE9, 0x58, 0xCF, 0x21, 0x36,
    0x62, 0xD1, 0x5B, 0x26, 0x21, 0xC1, 0x04, 0x00, 0x7B, 0xB1, 0xBB, 0xA4, 0x92, 0x10, 0x5F, 0xA3,
    0xFD, 0x1E, 0x0B, 0x40, 0x8F, 0xE7, 0xC4, 0x4F, 0x00, 0x01, 0x81, 0x20, 0x60, 0xC0, 0xA0, 0x88,
    0x13, 0xB0, 0x81, 0x04, 0x78, 0xAF, 0xFF, 0x11, 0xE8, 0xF8, 0x20, 0x9F, 0xEA, 0x1F, 0xC1, 0x02,
    0x13, 0x10, 0xDB, 0x0A, 0x27, 0xB7, 0x98, 0x0B, 0x64, 0xA2, 0x0B, 0x99, 0xFB, 0xA9, 0x3B, 0xEE,
    0xA8, 0xFF, 0x1A, 0x26, 0x8E, 0x12, 0xA0, 0x9D, 0xE9, 0xE1, 0x58, 0x68, 0xB3, 0x4A, 0xD6, 0xCE,
    0x93, 0x31, 0x6C, 0xE2, 0xC4, 0xA0, 0x78, 0xD1, 0x3B, 0x4A, 0x1E, 0x9E, 0xE3, 0x27, 0xEF, 0x57,
    0x0B, 0x65, 0x83, 0x88, 0x01, 0xFB, 0x27, 0x47, 0xC2, 0xCC, 0x61, 0xD5, 0xFD, 0xAA, 0x19, 0xF3,
    0x6A, 0xDD, 0x73, 0x0C, 0xCB, 0x51, 0xFC, 0x40, 0x59, 0xDD, 0xB5, 0x15, 0x65, 0x51, 0x75, 0x93,
    0x11, 0xFC, 0xA6, 0x68, 0xC3, 0x00, 0x04, 0x44, 0xC1, 0x7F, 0x05, 0x0B, 0xC6, 0x75, 0x24, 0xBD,
    0x93, 0xCF, 0x43, 0x43, 0x9B, 0x0A, 0x93, 0x63, 0x86, 0xBF, 0xBB, 0x4D, 0xF6, 0x56, 0x2D, 0x49,
    0x8E, 0x31, 0x72, 0xCC, 0x1F, 0xD8, 0x7F, 0xED, 0x54, 0xBD, 0xBF, 0x77, 0x5F, 0x37, 0xF7, 0xAF,
    0x5D, 0xF5, 0x7E, 0x74, 0x66, 0x0D, 0xF8, 0xD8, 0x00, 0xDC, 0xAF, 0x18, 0x89, 0x12, 0x3C, 0xA1,
    0xE3, 0xDC, 0xD8, 0x0B, 0x96, 0x09, 0xD7, 0x68, 0x00, 0x60, 0xCB, 0x19, 0x4E, 0xBE, 0x09, 0xC9,
    0xB1, 0x9B, 0xF5, 0xFF, 0x81, 0xAA, 0x81, 0xA7, 0xA1, 0x75, 0xBF, 0xA9, 0xFE, 0x36, 0x78, 0x04,
    0x11, 0xC4, 0x7E, 0x9A, 0xAD, 0x82, 0x9C, 0x37, 0xBD, 0xCF, 0x87, 0x4D, 0x0C, 0x42, 0xC4, 0x7E,
    0x8E, 0x1F, 0x1F, 0x85, 0x4E, 0x85, 0x12, 0xE6, 0x7C, 0x9F, 0x3F, 0xCD, 0xB9, 0xF8, 0x20, 0xC6,
    0x53, 0xFC, 0x7F, 0x60, 0xD5, 0x8D, 0xF5, 0xF5, 0x99, 0xC2, 0x04, 0xD5, 0xEF, 0x40, 0x98, 0x50,
    0xC4, 0x35, 0xD8, 0x10, 0x00, 0xA8, 0x00, 0xD2, 0x00, 0x35, 0x1E, 0xBE, 0x82, 0xB5, 0x7C, 0xBB,
    0xF2, 0x13, 0xD7, 0x5C, 0xE9, 0x20, 0x8E, 0x3C, 0xAD, 0x4B, 0xCE, 0x01, 0xF6, 0x43, 0xAE, 0x4C,
    0x70, 0x69, 0xC2, 0x7A, 0xCC, 0x84, 0xAF, 0xB9, 0x80, 0x09, 0xB0, 0x81, 0x38, 0x01, 0x8A, 0x3A,
    0x90, 0xB5, 0x97, 0x17, 0x3B, 0x4A, 0xEC, 0x40, 0x71, 0x4D, 0x12, 0xF1, 0xA1, 0x71, 0xA4, 0x53,
    0x24, 0xEC, 0xF0, 0x63, 0xBA, 0xDF, 0xE7, 0xC9, 0x4F, 0xF7, 0x79, 0xD6, 0xB5, 0xE6, 0x20, 0x4A,
    0xB7, 0xE5, 0x3B, 0x21, 0x27, 0xA8, 0x7E, 0x56, 0x1B, 0x06, 0x2C, 0x38, 0x57, 0x94, 0x81, 0x3E,
    0xB7, 0x48, 0x31, 0x55, 0x8E, 0xAA, 0xA8, 0xE2, 0x5C, 0x9C, 0xA1, 0x21, 0x8F, 0x60, 0xB2, 0xCD,
    0x2E, 0x16, 0x90, 0x79, 0xA0, 0xF2, 0xFD, 0x52, 0x02, 0x16, 0x6C, 0x28, 0x56, 0xEF, 0x24, 0x27,
    0x76, 0x98, 0x28, 0x04, 0x0B, 0x12, 0xCC, 0x75, 0x41, 0x88, 0xB1, 0x18, 0x49, 0x76, 0x6F, 0x26,
    0x6C, 0xA2, 0x08, 0x00, 0xBA, 0xB1, 0xA8, 0xA4, 0x36, 0x1C, 0x7B, 0xA3, 0xA8, 0x8C, 0xB2, 0xE8,
    0x7E, 0xBC, 0x41, 0xFD, 0x1A, 0x28, 0xEA, 0xB6, 0x10, 0x9E, 0x03, 0x89, 0x8A, 0x13, 0xF4, 0xBF,
    0xB0, 0xE6, 0x40, 0xF3, 0xC0, 0x3D, 0xC3, 0xFA, 0x1F, 0xAD, 0x96, 0xC1, 0xAA, 0xDC, 0xCC, 0x0E,
    0x84, 0x3F, 0xD0, 0xB6, 0xA1, 0x5E, 0xC5, 0x90, 0xAD, 0xA0, 0x5F, 0x5D, 0x30, 0xDB, 0x1F, 0xE6,
    0x55, 0x0A, 0xB2, 0x6D, 0xD0, 0xC5, 0x76, 0x33, 0x9C, 0x84, 0x24, 0x67, 0x72, 0x4F, 0x2C, 0x55,
    0xD5, 0xC2, 0xE3, 0x29, 0xD1, 0x6A, 0xCB, 0x0D, 0x88, 0xF6, 0x8C, 0x9A, 0x21, 0xF4, 0x48, 0xE2,
    0xBF, 0x24, 0xEC, 0x0B, 0x7C, 0x40, 0x78, 0x11, 0x95, 0x44, 0x4D, 0x84, 0x9C, 0xD0, 0x06, 0xE6,
    0x95, 0x11, 0x3D, 0xA6, 0x56, 0x86, 0xCD, 0x0F, 0x99, 0x78, 0x46, 0xC5, 0x02, 0x88, 0x6A, 0xEB,
    0x59, 0x82, 0x3A, 0xE9, 0x71, 0xD2, 0x13, 0xC1, 0x42, 0x50, 0x7F, 0xA2, 0x28, 0xA2, 0x02, 0xC2,
    0x13, 0x98, 0x06, 0x88, 0xBA, 0x41, 0x2D, 0xB9, 0x92, 0xEF, 0x24, 0x8B, 0xC4, 0xBF, 0x84, 0x64,
    0x62, 0x35, 0x00, 0x83, 0x02, 0x88, 0x27, 0x00, 0xAC, 0x5B, 0x0E, 0xF6, 0xD5, 0x6D, 0xBA, 0x97,
    0x68, 0x16, 0x4B, 0xA8, 0x8C, 0x45, 0x54, 0x45, 0x89, 0x30, 0x2A, 0x81, 0x11, 0x97, 0xE4, 0x2D,
    0xEB, 0x16, 0x5F, 0x12, 0x77, 0xD1, 0xDA, 0xC2, 0x10, 0x22, 0x49, 0xB1, 0xCE, 0xE8, 0xAE, 0xD3,
    0x01, 0xE0, 0x18, 0x97, 0x9F, 0x12, 0xD1, 0x84, 0x11, 0xAA, 0xFD, 0x38, 0x9C, 0xE2, 0x6E, 0x04,
    0xF6, 0xED, 0x57, 0x79, 0xCB, 0x9F, 0xFC, 0xA2, 0x2E, 0xBF, 0x53, 0x16, 0x56, 0xDD, 0x7E, 0x20,
    0x8F, 0x80, 0x70, 0x24, 0xE0, 0x58, 0x80, 0x31, 0x5C, 0x88, 0xE5, 0xD9, 0x35, 0xE5, 0x8C, 0x4A,
    0x7C, 0x08, 0xE3, 0x23, 0x4F, 0xE6, 0xE2, 0x3B, 0xA2, 0x4E, 0x56, 0x79, 0x85, 0xC5, 0xFE, 0xBD,
    0xBC, 0x66, 0x57, 0x1B, 0xE6, 0x12, 0x10, 0xF5, 0xF7, 0x3C, 0x6E, 0x9E, 0x27, 0xE7, 0xC5, 0x6B,
    0xEA, 0x6A, 0xC4, 0x6B, 0xF7, 0xA0, 0xD2, 0x7E, 0x04, 0x36, 0x31, 0x4B, 0x10, 0xBF, 0xA1, 0xF1,
    0xA2, 0x7B, 0x35, 0xA2, 0xBA, 0x57, 0x14, 0x70, 0x13, 0x80, 0x00, 0x12, 0xE0, 0xA0, 0xF1, 0x0C,
    0x0B, 0x0B, 0xCE, 0x94, 0xC5, 0x6F, 0xB3, 0x6D, 0x30, 0x14, 0x51, 0x08, 0x06, 0x5D, 0x5A, 0xF4,
    0x92, 0xEF, 0x5D, 0x62, 0x8A, 0x28, 0xAD, 0x5B, 0xE6, 0x2D, 0xDA, 0x52, 0x97, 0xC4, 0x16, 0x5F,
    0xC2, 0x96, 0xAC, 0x2D, 0x79, 0x8A, 0x2A, 0xC5, 0x25, 0x93, 0xAE, 0xEB, 0x0F, 0x01, 0x54, 0xA7,
    0x9D, 0xEA, 0x74, 0x8B, 0xDB, 0x0C, 0xAD, 0x8B, 0x27, 0x35, 0x2F, 0xA7, 0xDB, 0xE8, 0x34, 0xB8,
    0xD9, 0x27, 0x73, 0x73, 0x7E, 0x60, 0xBD, 0xF8, 0x34, 0x88, 0x02, 0xD8, 0x0C, 0x80, 0x00, 0x48,
    0x00, 0x8E, 0xD7, 0x4D, 0xED, 0x85, 0x7C, 0x5D, 0x6B, 0xD6, 0xAC, 0x2C, 0xEF, 0xB5, 0x16, 0xF9,
    0x19, 0xF5, 0xA3, 0xA3, 0x80, 0x4D, 0x3F, 0xB5, 0x03, 0x0F, 0x48, 0x83, 0xFC, 0x32, 0xBA, 0x54,
    0x05, 0xC3, 0x90, 0x27, 0x16, 0x1C, 0x09, 0x3E, 0x31, 0xA1, 0x44, 0x74, 0x13, 0xA8, 0x82, 0x28,
    0xDD, 0x70, 0x97, 0xD6, 0x31, 0x50, 0x12, 0x26, 0x0A, 0x40, 0x26, 0x27, 0xAF, 0x76, 0xAB, 0x99,
    0xBB, 0xB9, 0xAC, 0xC9, 0x7C, 0xB8, 0x46, 0x5A, 0x25, 0xA0, 0x2F, 0xFD, 0x75, 0xB4, 0xEB, 0xF8,
    0x56, 0x13, 0x01, 0xB3, 0x54, 0xF1, 0x53, 0x4C, 0x53, 0x07, 0xD8, 0x30, 0x0B, 0x04, 0x00, 0xB4,
    0x89, 0xEA, 0xBB, 0xB1, 0x44, 0x7D, 0x36, 0x77, 0xF5, 0x61, 0xEE, 0x8E, 0x20, 0xFE, 0x83, 0x05,
    0x06, 0x88, 0x66, 0xAA, 0xFE, 0x34, 0x7D, 0x6B, 0xAF, 0xA3, 0x0A, 0xA2, 0xB6, 0xBD, 0xD6, 0xBD,
    0x36, 0xBC, 0x81, 0xA8, 0xA8, 0x20, 0x3C, 0x61, 0x1A, 0x05, 0xF1, 0xE4, 0xE5, 0xBF, 0xE4, 0x0C,
    0x27, 0xBF, 0x48, 0xC9, 0xB1, 0x9A, 0xB9, 0x78, 0x5D, 0x99, 0xB0, 0xD6, 0xAD, 0x5F, 0xAD, 0xA3,
    0x01, 0x00, 0x05, 0x7A, 0x96, 0x54, 0xF0, 0x5E, 0x41, 0x18, 0xC2, 0x7B, 0x23, 0xFD, 0xDB, 0xA2,
    0x10, 0x4C, 0x30, 0xD4, 0xDF, 0xD7, 0xF5, 0x43, 0xA3, 0xFE, 0xFD, 0x82, 0x0D, 0x6A, 0x37, 0xEE,
    0xF8, 0xBF, 0x96, 0xED, 0x00, 0x26, 0xA0, 0x02, 0xEA, 0x9F, 0x96, 0x16, 0x45, 0x18, 0x16, 0x8C,
    0xBF, 0xAE, 0x2B, 0x38, 0xE0, 0x7B, 0xED, 0xDA, 0x00, 0x80, 0x7E, 0xA2, 0x6A, 0x84, 0x48, 0xE2,
    0x82, 0xE1, 0x03, 0xDA, 0x46, 0x2C, 0x44, 0xA2, 0x3B, 0x3C, 0xA1, 0xBF, 0x93, 0xDA, 0x73, 0x82,
    0x02, 0xAC, 0xCE, 0x3D, 0x27, 0xA2, 0x1C, 0xB5, 0x84, 0x16, 0x07, 0x18, 0xBA, 0x6B, 0xB6, 0x8D,
    0x8B, 0x93, 0x97, 0x6A, 0xAE, 0xFD, 0x6A, 0x2F, 0xB6, 0x75, 0x9D, 0xF8, 0xE4, 0xD5, 0xAE, 0xDB,
    0x7A, 0x41, 0x00, 0x02, 0x72, 0x43, 0xF5, 0xD9, 0xFB, 0xDD, 0x70, 0x40, 0x11, 0x57, 0xB2, 0x80,
    0x03, 0x5E, 0x3B, 0x1C, 0x00, 0x90, 0x61, 0x1C, 0x37, 0xE4, 0xD7, 0x08, 0xBD, 0x90, 0x7E, 0x7B,
    0x84, 0x72, 0x80, 0x89, 0x62, 0x40, 0x98, 0x71, 0x9C, 0x29, 0xBF, 0x35, 0x4E, 0x01, 0x01, 0x4C,
    0x80, 0x05, 0x50, 0x9C, 0x46, 0x0B, 0x1E, 0x95, 0xC4, 0xA3, 0x06, 0x11, 0x35, 0x50, 0x14, 0x8C,
    0xA8, 0x83, 0x8C, 0x32, 0xB3, 0xDB, 0x38, 0xCA, 0xD4, 0xD5, 0x80, 0x28, 0x82, 0xA8, 0x10, 0x51,
    0x3A, 0x69, 0x9E, 0x5D, 0x58, 0xAF, 0xDE, 0x46, 0x6D, 0x23, 0x90, 0x67, 0x39, 0x6D, 0xAB, 0x12,
    0x91, 0xA8, 0x97, 0x1A, 0xA6, 0xC0, 0x17, 0x8A, 0x35, 0x9D, 0xB3, 0xBA, 0xA0, 0x5E, 0x4B, 0xC6,
    0x01, 0xB4, 0x1D, 0xD5, 0xA5, 0xFB, 0xC1, 0x4A, 0xBE, 0xD9, 0x7C, 0xB7, 0xA3, 0x6C, 0x61, 0x27,
    0xF6, 0x11, 0x5E, 0x15, 0x35, 0x39, 0x21, 0xA6, 0x13, 0xB7, 0x21, 0x40, 0x45, 0xC2, 0xB1, 0x37,
    0xA3, 0x1E, 0x16, 0x2B, 0x63, 0xA5, 0xF2, 0xBC, 0x4E, 0xCF, 0x14, 0x39, 0xCB, 0x6E, 0x22, 0x20,
    0x9E, 0x05, 0x36, 0x8C, 0xF1, 0xE5, 0x2F, 0xDD, 0xA3, 0xF8, 0x5E, 0xA4, 0xD1, 0xF1, 0x5E, 0x6B,
    0x64, 0xC8, 0x04, 0x7F, 0xDD, 0x5B, 0x66, 0x24, 0xC7, 0x00, 0xDE, 0xF2, 0x3E, 0x4C, 0x2E, 0x24,
    0x78, 0x14, 0xD0, 0x7D, 0xDF, 0x4C, 0x31, 0x04, 0xA2, 0xCE, 0xEC, 0x12, 0x77, 0x22, 0xC6, 0x95,
    0xD9, 0xBD, 0x5C, 0xE4, 0x65, 0x17, 0x03, 0x20, 0x16, 0x53, 0x64, 0x94, 0xA3, 0xBA, 0xCB, 0x70,
    0x67, 0x52, 0xFB, 0x4B, 0xD8, 0xF7, 0x0E, 0xFB, 0x6B, 0xA3, 0x58, 0x48, 0x8C, 0x00, 0xDE, 0x32,
    0xB2, 0xD7, 0x52, 0x46, 0x80, 0x9A, 0x85, 0x7F, 0x1D, 0x6A, 0x57, 0x5A, 0x19, 0x03, 0x62, 0xB1,
    0xC8, 0x1F, 0x23, 0x7A, 0x96, 0x8F, 0x1A, 0x9F, 0x1D, 0x40, 0x66, 0xD9, 0x75, 0xF0, 0xDB, 0x03,
    0x88, 0x06, 0xE8, 0x09, 0xF1, 0x28, 0x38, 0x8E, 0x2F, 0x1F, 0x40, 0x0E, 0x93, 0x46, 0x49, 0x8C,
    0xF7, 0x0E, 0x20, 0xB3, 0xC0, 0x86, 0xFA, 0xBA, 0x77, 0x2C, 0x62, 0x77, 0xE2, 0x2D, 0xEF, 0x63,
    0xEF, 0x5E, 0x09, 0x78, 0x6C, 0xFB, 0x2E, 0x14, 0x46, 0xE4, 0x4F, 0x30, 0xEA, 0x42, 0xDA, 0xF7,
    0xD9, 0x60, 0x21, 0x26, 0xBD, 0xE4, 0xBD, 0xE5, 0x0E, 0x62, 0x00, 0xAC, 0xC9, 0xEA, 0x92, 0x4A,
    0x42, 0xFC, 0x9C, 0x6D, 0x68, 0x88, 0x28, 0x06, 0xF5, 0x65, 0xEF, 0x58, 0x68, 0x30, 0x02, 0x78,
    0xCB, 0x3B, 0xF4, 0x71, 0xAC, 0x7C, 0xFD, 0x23, 0x9D, 0xAF, 0xBE, 0x3F, 0xDF, 0x3B, 0x30, 0x68,
    0x7F, 0x59, 0x6A, 0x7C, 0xD9, 0x9B, 0x57, 0xDF, 0x79, 0xCB, 0x3B, 0x96, 0xF5, 0xFA, 0x01, 0xC7,
    0x04, 0x99, 0xE8, 0x3A, 0xE5, 0xF5, 0xBD, 0xC6, 0x1D, 0xF5, 0xAD, 0x01, 0x30, 0x2C, 0x38, 0xC0,
    0x68, 0x65, 0x7A, 0x38, 0x26, 0x5A, 0xCC, 0x92, 0xB5, 0xF2, 0x69, 0xAE, 0x8A, 0xA8, 0x60, 0x76,
    0xD7, 0x52, 0x94, 0x45, 0xD5, 0x0D, 0x23, 0xF8, 0x0C, 0xD1, 0x06, 0x00, 0x01, 0x13, 0x08, 0x60,
    0xC0, 0xB8, 0x22, 0xE9, 0x95, 0xFC, 0x18, 0x1A, 0xBA, 0x7D, 0x4D, 0x45, 0xFD, 0x0F, 0x45, 0x8C,
    0x01, 0x06, 0x03, 0x41, 0x10, 0x04, 0x97, 0x03, 0x58, 0xF6, 0x2B, 0x4D, 0x00, 0x86, 0xF9, 0x7A,
    0x33, 0x0F, 0xC8, 0x57, 0x8A, 0x03, 0x38, 0x26, 0x43, 0x44, 0x0A, 0xB4, 0xD2, 0xCA, 0xC4, 0x39,
    0xF9, 0xF8, 0xAC, 0x74, 0xD8, 0x7A, 0xF4, 0xA6, 0xB1, 0x20, 0xCD, 0x8F, 0x99, 0x96, 0xAF, 0x39,
    0x75, 0x55, 0x6F, 0x05, 0xB7, 0x6B, 0x59, 0x2F, 0xE7, 0xB8, 0x5A, 0xB7, 0x83, 0xAD, 0x34, 0x58,
    0x18, 0x22, 0xF6, 0xC6, 0xFC, 0xD1, 0xA8, 0xAB, 0xFA, 0x04, 0xF4, 0xB7, 0xDD, 0x7C, 0x00, 0xB5,
    0x98, 0xCB, 0x8A, 0xEB, 0x30, 0xB3, 0x85, 0x3F, 0xA8, 0x69, 0x60, 0xBD, 0x8A, 0x61, 0x4F, 0x05,
    0xF5, 0xEA, 0x05, 0x3D, 0x3C, 0x97, 0x7E, 0x95, 0x05, 0x3D, 0x15, 0xD4, 0x91, 0xED, 0xB8, 0x77,
    0x3A, 0x64, 0xDF, 0xCF, 0x1F, 0x7F, 0xDF, 0xEA, 0x5C, 0xD4, 0xB2, 0x72, 0x51, 0x59, 0x76, 0xBC,
    0x95, 0xDE, 0x6B, 0x25, 0xD0, 0x6D, 0xB1, 0x18, 0xE2, 0x26, 0x10, 0xB5, 0xD3, 0x2B, 0x4F, 0x10,
    0xB7, 0x83, 0xD1, 0x3D, 0xB3, 0xDB, 0x8C, 0x0C, 0xB3, 0x25, 0xC6, 0xC9, 0xC6, 0xB6, 0x07, 0x09,
    0x90, 0x69, 0x48, 0x27, 0x24, 0xFA, 0x1E, 0xF5, 0x19, 0x9C, 0xD1, 0x35, 0x00, 0x8E, 0x28, 0x08,
    0x50, 0x31, 0xA0, 0xCE, 0xD1, 0xCC, 0x87, 0xD1, 0xFC, 0x90, 0x9E, 0xCB, 0xFF, 0x8E, 0x6A, 0xA1,
    0xB1, 0x13, 0x13, 0x16, 0xDD, 0x3E, 0xEF, 0x8C, 0x9D, 0x10, 0x0A, 0x0F, 0xBA, 0x62, 0xFA, 0xB8,
    0x77, 0xB2, 0x25, 0xC8, 0x44, 0x17, 0x32, 0xB8, 0xB0, 0xF1, 0xC4, 0x1D, 0xF5, 0xAD, 0x69, 0xAB,
    0xC4, 0xEB, 0xAD, 0x6D, 0xCF, 0x69, 0xF3, 0x8B, 0x56, 0x3B, 0xE2, 0x27, 0x4C, 0xE1, 0x95, 0x83,
    0x34, 0xD1, 0x3D, 0xC1, 0x51, 0xB0, 0xBD, 0x8C, 0x36, 0x8E, 0x9A, 0x7B, 0xE4, 0x1E, 0xA2, 0xAE,
    0xF8, 0xB6, 0x22, 0x1B, 0xD5, 0x1C, 0x64, 0xBB, 0x9D, 0x13, 0x44, 0xD4, 0x4F, 0xB3, 0x8D, 0xBA,
    0xAB, 0x11, 0x51, 0x7A, 0xCC, 0x7A, 0x7E, 0x66, 0xD2, 0xCE, 0x36, 0xDD, 0x5D, 0xCC, 0x11, 0x85,
    0x07, 0x45, 0x0D, 0xBC, 0x07, 0x70, 0x46, 0x1A, 0xB2, 0x26, 0x0C, 0x72, 0x0F, 0xBD, 0x8C, 0xE8,
    0x6A, 0xC3, 0x06, 0x61, 0x50, 0xC1, 0xED, 0xFA, 0x28, 0x73, 0xF9, 0x6D, 0xB9, 0x21, 0xBC, 0x2C,
    0x14, 0xA0, 0xB9, 0x8C, 0xBA, 0x3F, 0x37, 0x97, 0x63, 0x99, 0xA8, 0xB4, 0xB5, 0x65, 0x6E, 0x40,
    0x02, 0x51, 0xC0, 0x46, 0x5B, 0x53, 0x15, 0x16, 0x51, 0xA7, 0x57, 0xDF, 0x1F, 0xA5, 0x78, 0x2B,
    0x29, 0x4A, 0x63, 0xE9, 0x65, 0x2D, 0x39, 0x74, 0x5B, 0x13, 0x0F, 0x0E, 0x73, 0x72, 0xDD, 0xDA,
    0xE9, 0xC7, 0x0F, 0x26, 0x7C, 0x3B, 0xDB, 0xCC, 0x0D, 0xC6, 0x32, 0x0D, 0x2A, 0x88, 0xDD, 0xC5,
    0xFB, 0x72, 0x2E, 0xCD, 0x39, 0x16, 0xCE, 0xB1, 0xFC, 0x81, 0xEE, 0xEE, 0x49, 0x14, 0x5F, 0xD4,
    0xF2, 0x66, 0x18, 0xBB, 0x13, 0xB6, 0x01, 0xDE, 0x4D, 0x28, 0x11, 0xDD, 0x04, 0xAA, 0x78, 0xEC,
    0xA7, 0x34, 0xBB, 0xE7, 0xF3, 0x9C, 0xBA, 0xCF, 0xB2, 0x14, 0xBA, 0x18, 0x62, 0x76, 0xD7, 0x42,
    0x61, 0x31, 0x2E, 0xA6, 0xC2, 0xEA, 0xFA, 0xDA, 0x3E, 0xCF, 0xC6, 0x7F, 0x34, 0x5B, 0xD5, 0x6D,
    0x4A, 0xFC, 0xCC, 0xB8, 0xE4, 0x54, 0x88, 0xEE, 0xB6, 0x61, 0x77, 0xAB, 0xBB, 0x7F, 0x56, 0xB4,
    0x68, 0x27, 0x59, 0xBB, 0xA3, 0x44, 0x83, 0x45, 0xC1, 0xA6, 0x38, 0x13, 0xB8, 0x49, 0x40, 0xF4,
    0x04, 0x86, 0x54, 0x60, 0xC5, 0x91, 0x98, 0x38, 0xB3, 0xC4, 0xE4, 0xBD, 0x92, 0x51, 0x67, 0x89,
    0xF8, 0x68, 0x52, 0x35, 0xC2, 0xDB, 0x01, 0x51, 0x08, 0x4D, 0x50, 0xC1, 0x55, 0x56, 0xC2, 0x43,
    0xA5, 0xF9, 0x8F, 0x3F, 0xCB, 0x04, 0xEB, 0xF1, 0x67, 0xF9, 0x4F, 0xFD, 0xFD, 0xCB, 0x74, 0x8B,
    0xEE, 0x89, 0xA3, 0xD8, 0x5E, 0xE8, 0x07, 0xEB, 0xF4, 0xDB, 0xB2, 0x89, 0x1A, 0xE4, 0x4C, 0x93,
    0x8E, 0x15, 0x15, 0x83, 0xE6, 0x8A, 0x77, 0x42, 0x71, 0x84, 0x8E, 0xA8, 0xF5, 0x28, 0x56, 0xFC,
    0xF7, 0x15, 0xCC, 0x3D, 0xBC, 0x07, 0x51, 0x6D, 0x72, 0x3E, 0xBF, 0xFD, 0x2F, 0x76, 0xFF, 0x78,
    0x66, 0x59, 0x93, 0x36, 0x51, 0x8D, 0x50, 0x0D, 0x62, 0xD7, 0x3E, 0xE4, 0xC1, 0xF0, 0x3C, 0x5F,
    0x2B, 0x21, 0xE4, 0x01, 0x67, 0x11, 0xFC, 0xBB, 0x19, 0x6D, 0xCD, 0x6B, 0x72, 0xCD, 0x17, 0xF3,
    0xEB, 0xC5, 0xD1, 0xED, 0x1D, 0x9D, 0x83, 0x64, 0x2C, 0x27, 0x81, 0xE1, 0x8B, 0x13, 0x18, 0x87,
    0x81, 0x88, 0x8A, 0xFB, 0x20, 0xB3, 0xBB, 0xA6, 0xA2, 0x2C, 0xAA, 0x4E, 0x8D, 0xE0, 0x57, 0x46,
    0xFB, 0x9F, 0xCA, 0x1D, 0x39, 0x3F, 0x5F, 0x8B, 0xEE, 0xCA, 0x28, 0xCF, 0xA8, 0xE1, 0x27, 0xE7,
    0x72, 0x7F, 0x4D, 0xDD, 0x45, 0x14, 0x87, 0x39, 0xCF, 0x7D, 0xD7, 0xB1, 0x11, 0x1E, 0xE0, 0x0D,
    0x86, 0x21, 0x0B, 0xC4, 0xB2, 0xCE, 0xC7, 0xD7, 0x57, 0x83, 0x10, 0xAA, 0xAE, 0x9C, 0x7F, 0x59,
    0x6A, 0xAB, 0xBB, 0x1B, 0xD0, 0xDD, 0x68, 0xE7, 0x7C, 0xD9, 0xB6, 0xA2, 0xC2, 0x59, 0xF4, 0x47,
    0x41, 0xBC, 0x30, 0x67, 0x7B, 0xDF, 0xC4, 0xFF, 0xE7, 0xD6, 0xFB, 0xCD, 0xFF, 0xB1, 0x9E, 0x27,
    0x00, 0xE3, 0x31, 0xB3, 0x6B, 0x05, 0x6C, 0x4B, 0x2F, 0xF9, 0xB4, 0x8B, 0x0C, 0x93, 0xCC, 0xE5,
    0x78, 0x70, 0x1E, 0xCF, 0x77, 0xD3, 0x5E, 0x08, 0xC4, 0xCB, 0xE8, 0x12, 0x62, 0xEE, 0x31, 0xF6,
    0xC8, 0xAF, 0x31, 0x84, 0x62, 0xAA, 0xBA, 0xAB, 0xFD, 0x62, 0xFD, 0xD4, 0xF5, 0xA3, 0xE3, 0xD6,
    0x47, 0x93, 0xE1, 0xC1, 0xDC, 0x18, 0x0B, 0xC8, 0x85, 0xBA, 0x21, 0x0F, 0x46, 0x31, 0x8C, 0x33,
    0x2A, 0xCE, 0x41, 0x16, 0x2A, 0xD5, 0x44, 0xDC, 0x48, 0xC4, 0x58, 0x8A, 0x0D, 0x95, 0x30, 0x71,
    0x65, 0x1F, 0xC9, 0x63, 0xCE, 0x95, 0x57, 0xFB, 0xE4, 0x86, 0x50, 0xCD, 0x7B, 0x9F, 0x64, 0x7F,
    0xD6, 0x24, 0xDD, 0x8D, 0x5D, 0x0B, 0xB2, 0x61, 0x08, 0x9E, 0x7E, 0xA2, 0x22, 0xE9, 0xE8, 0x92,
    0x19, 0x89, 0xB5, 0x83, 0x50, 0x93, 0xC2, 0x07, 0x33, 0xC9, 0x37, 0xDF, 0x17, 0x37, 0x5D, 0x37,
    0xD8, 0x16, 0x4D, 0xAB, 0x66, 0x78, 0x62, 0x5F, 0x8C, 0x45, 0x94, 0x54, 0x31, 0xE9, 0x26, 0x55,
    0x8A, 0x13, 0x34, 0x51, 0xD4, 0xD9, 0x65, 0x46, 0x75, 0x3F, 0x34, 0x60, 0xC1, 0x13, 0x6D, 0xB2,
    0x67, 0x94, 0x77, 0xF8, 0x82, 0xF0, 0x0D, 0x77, 0xB7, 0x91, 0xB9, 0x15, 0xB7, 0x98, 0xA4, 0x18,
    0x47, 0xEB, 0xEE, 0x32, 0x9C, 0x0C, 0x2A, 0xA3, 0x8E, 0x57, 0xA7, 0x2A, 0xCB, 0xDF, 0x6A, 0xEC,
    0x81, 0x6D, 0xD8, 0x7C, 0x7E, 0x64, 0x60, 0x9B, 0x28, 0x8F, 0x33, 0x84, 0x45, 0xAB, 0xE5, 0x8F,
    0x39, 0x72, 0xD3, 0x26, 0x86, 0xCC, 0xBA, 0x37, 0xE5, 0x4C, 0xF7, 0x5B, 0xE7, 0x67, 0xFD, 0xD4,
    0xD0, 0x18, 0xF2, 0x50, 0x0D, 0xB1, 0xB3, 0x5E, 0xBD, 0x8F, 0xBA, 0x0B, 0xF8, 0x65, 0xE3, 0x2E,
    0x67, 0x4C, 0x69, 0xD3, 0x0D, 0x0D, 0x64, 0x24, 0x74, 0xFF, 0xE4, 0xDC, 0x35, 0xD5, 0x4D, 0x4D,
    0xCA, 0x8F, 0x44, 0xF9, 0x1B, 0x6E, 0xE6, 0x88, 0x6E, 0xE4, 0x2C, 0x95, 0x2A, 0xB9, 0x79, 0xF7,
    0xFD, 0x34, 0x77, 0xC5, 0x4D, 0x4B, 0x54, 0x5D, 0xC7, 0xD8, 0xC5, 0xF8, 0x4E, 0xCF, 0x3D, 0x79,
    0x18, 0xFB, 0xB5, 0xAA, 0x30, 0x5F, 0x18, 0xF8, 0xFC, 0x28, 0xBB, 0x5B, 0x8C, 0x97, 0x9C, 0x3D,
    0xCC, 0xAC, 0xF1, 0xE6, 0x64, 0x0E, 0xC6, 0x57, 0x9C, 0xE1, 0xD1, 0x0C, 0xEE, 0x24, 0x74, 0x71,
    0xFF, 0xF2, 0x54, 0x5E, 0xC0, 0x27, 0x03, 0xAE, 0x3D, 0xDA, 0x76, 0x79, 0x2B, 0x0F, 0xCC, 0x13,
    0xD1, 0xF4, 0xC7, 0x39, 0xA4, 0x4D, 0xE5, 0xA8, 0x5A, 0xF0, 0xB1, 0x80, 0x86, 0x71, 0xB1, 0x31,
    0xCD, 0x2C, 0x12, 0x4E, 0xBF, 0xD6, 0x4F, 0x7D, 0x74, 0xA5, 0xEC, 0x11, 0x35, 0xFC, 0xC2, 0xB9,
    0x1C, 0xB2, 0xF7, 0x76, 0x3C, 0xAF, 0x8B, 0x73, 0xD2, 0x6F, 0x33, 0xB1, 0xAA, 0xE2, 0xED, 0xDA,
    0x6F, 0x13, 0xEF, 0x15, 0x51, 0x37, 0xDC, 0xEF, 0xDD, 0x6F, 0x8D, 0x18, 0xBF, 0xB4, 0xBB, 0x1F,
    0x7A, 0xA7, 0x9E, 0xBF, 0xB1, 0x9A, 0xD1, 0x03, 0x4E, 0x26, 0xB1, 0x77, 0x9C, 0x16, 0x8E, 0xFA,
    0xDD, 0xE8, 0xEE, 0xF6, 0xDF, 0xFD, 0xDB, 0xFC, 0xAC, 0xD4, 0xB7, 0x23, 0x7A, 0x62, 0x53, 0x07,
    0xB4, 0xF1, 0xC0, 0xD7, 0x24, 0xF7, 0x54, 0xBB, 0x4B, 0x53, 0xE0, 0x4F, 0x7B, 0x19, 0x75, 0xD7,
    0xCB, 0x72, 0xEA, 0xCD, 0xDD, 0x9A, 0x5D, 0x88, 0x8B, 0xFE, 0x5E, 0x2F, 0x14, 0x4E, 0x55, 0x37,
    0x3D, 0x99, 0xC9, 0x26, 0xB6, 0x28, 0xA2, 0xD4, 0x7B, 0x3A, 0x6A, 0x0A, 0x0F, 0xD2, 0x74, 0xA5,
    0x13, 0x4F, 0x45, 0xE5, 0x52, 0x12, 0x52, 0x2F, 0x55, 0x52, 0x9C, 0x26, 0x1E, 0x5D, 0x59, 0x74,
    0xAB, 0x2C, 0x0E, 0xCA, 0xB4, 0xB1, 0xA3, 0x76, 0x84, 0x5B, 0x2D, 0x71, 0x72, 0xDE, 0x7E, 0x59,
    0x64, 0x1A, 0xF2, 0xF3, 0x7C, 0x03, 0x94, 0xA5, 0xB2, 0x98, 0xAF, 0x27, 0x4A, 0x0D, 0xD8, 0xC0,
    0x3B, 0x51, 0x04, 0x8C, 0x9D, 0xF3, 0x11, 0xFC, 0xBA, 0x3C, 0x3E, 0xCD, 0x9B, 0x9E, 0xCF, 0xF3,
    0x46, 0x73, 0x0C, 0xDF, 0x1C, 0x89, 0x26, 0x59, 0xB2, 0xE6, 0x78, 0xF7, 0x20, 0x19, 0x00, 0x34,
    0x89, 0x9E, 0xB6, 0x2E, 0xDB, 0xD3, 0x06, 0xC8, 0x52, 0xC5, 0xD3, 0x96, 0x1E, 0x39, 0xA0, 0x53,
    0xE7, 0xED, 0x76, 0x1B, 0x63, 0xB8, 0xD4, 0x0D, 0xE5, 0x07, 0x7B, 0x52, 0xCE, 0xA5, 0x62, 0xF9,
    0x0D, 0xAB, 0x71, 0x8E, 0x38, 0x7E, 0x78, 0x90, 0x4C, 0x10, 0xE3, 0x4B, 0x74, 0x4F, 0xC4, 0xD0,
    0x1E, 0x51, 0x2B, 0x54, 0xC9, 0x4C, 0xF6, 0xA2, 0x42, 0xD6, 0xF7, 0x85, 0x5F, 0x4F, 0x88, 0x5A,
    0xBE, 0x9B, 0xF0, 0x20, 0x2A, 0x97, 0xFA, 0xA1, 0xE9, 0xAE, 0xEF, 0x17, 0x7A, 0x0C, 0xF0, 0xAB,
    0xB2, 0xFB, 0xF0, 0x69, 0x0A, 0xE0, 0x37, 0x8B, 0x3E, 0x5D, 0xF0, 0xC7, 0x05, 0xE9, 0x9A, 0xE3,
    0xAF, 0xE9, 0xBE, 0x6A, 0xE6, 0x0D, 0xBA, 0x4E, 0x73, 0xD1, 0xCD, 0xC8, 0xA8, 0x6D, 0xE9, 0xE7,
    0x55, 0xD2, 0xEB, 0x15, 0x52, 0xC9, 0xF0, 0xC0, 0x63, 0x69, 0xBD, 0x7E, 0x44, 0xF9, 0x39, 0x83,
    0xD5, 0x8E, 0xEE, 0x2E, 0x92, 0x1B, 0x88, 0x01, 0x51, 0x1B, 0x84, 0x0B, 0xF8, 0xD8, 0x23, 0x01,
    0xF5, 0x84, 0x39, 0x04, 0x1E, 0x51, 0x71, 0x44, 0x8D, 0xF0, 0x0A, 0xFC, 0x4E, 0x32, 0x33, 0xBA,
    0x96, 0x6D, 0x18, 0x51, 0x7B, 0x00, 0xBA, 0x01, 0x31, 0x81, 0xEE, 0x22, 0xEE, 0xC7, 0xE0, 0x89,
    0xF0, 0xD8, 0x23, 0x99, 0x9A, 0x2A, 0xB8, 0xC1, 0x58, 0x74, 0x5B, 0xF0, 0x6B, 0x3E, 0x7F, 0x1E,
    0xC1, 0xA2, 0x9B, 0xFC, 0x49, 0x4B, 0xF3, 0xE2, 0x02, 0x05, 0xF4, 0x7C, 0xDD, 0x6D, 0x77, 0x65,
    0x7C, 0x9F, 0x94, 0xED, 0xE7, 0xDE, 0xB4, 0x42, 0x64, 0xED, 0xDE, 0x2C, 0x3E, 0x60, 0x13, 0x75,
    0xE5, 0x50, 0x14, 0xDC, 0x14, 0x9F, 0xA7, 0xFB, 0x29, 0x15, 0x4C, 0x85, 0x79, 0x3E, 0xDD, 0x1F,
    0xE8, 0xC8, 0xA6, 0x2D, 0x03, 0xF0, 0x98, 0x5B, 0x6A, 0xAA, 0xC6, 0xE3, 0xA2, 0xA6, 0x1E, 0x16,
    0x35, 0xF1, 0xA3, 0x45, 0x0D, 0xC0, 0xF7, 0xD8, 0xFE, 0xFC, 0x6C, 0x7C, 0x57, 0xD7, 0x98, 0xB6,
    0xCB, 0xFB, 0x84, 0xBA, 0x1D, 0x13, 0x6A, 0x43, 0x13, 0x09, 0x45, 0x1D, 0xCC, 0xAE, 0x09, 0xB7,
    0x93, 0xB6, 0xA6, 0xF8, 0xE3, 0x93, 0xE7, 0x6A, 0xEB, 0xEB, 0xB9, 0xD2, 0xAB, 0x23, 0x6A, 0x4F,
    0x9E, 0x9F, 0x5B, 0xED, 0x0A, 0xF8, 0xB4, 0xAD, 0x99, 0x15, 0x75, 0x5D, 0xAC, 0xC2, 0x37, 0x98,
    0x03, 0xC6, 0x06, 0xAA, 0x1F, 0xDB, 0xFE, 0x2C, 0x03, 0x9B, 0xB0, 0xA8, 0xA8, 0x8A, 0xB7, 0x05,
    0x7C, 0xC0, 0x84, 0xF1, 0x85, 0xE8, 0x6A, 0xA7, 0xF5, 0xBC, 0x2F, 0xDF, 0xF7, 0x95, 0x57, 0xDF,
    0x9C, 0xB6, 0xAF, 0xFB, 0xBF, 0xBD, 0xAF, 0xE8, 0x7A, 0xD8, 0xD7, 0xD5, 0xDD, 0x93, 0x9A, 0x68,
    0x0A, 0xD5, 0x8F, 0x3E, 0xD7, 0x9C, 0x0D, 0xBA, 0xF8, 0xF5, 0xB1, 0xEB, 0xAD, 0x47, 0x57, 0x86,
    0x07, 0x63, 0x90, 0x03, 0x71, 0xD0, 0xDD, 0x46, 0x27, 0x83, 0xB1, 0x50, 0x38, 0x1A, 0x19, 0x27,
    0x08, 0xA2, 0x16, 0xDD, 0xE5, 0x38, 0x10, 0x63, 0x20, 0x43, 0x9A, 0x70, 0x7E, 0xB9, 0x24, 0x32,
    0xC1, 0x5E, 0x76, 0xB7, 0x27, 0x1C, 0x0E, 0x62, 0xB7, 0x84, 0x8E, 0x7B, 0xB4, 0x79, 0x5A, 0xB0,
    0x76, 0x3F, 0x2F, 0x58, 0xFF, 0x0F, 0xAD, 0xD8, 0x49, 0x8A, 0xF3, 0x4A, 0x13, 0x85, 0xE1, 0x07,
    0x62, 0x9A, 0x10, 0x5B, 0x11, 0x7C, 0xD3, 0x84, 0xDC, 0x7A, 0x80, 0x87, 0x7F, 0x53, 0x5B, 0x09,
    0xA8, 0xA9, 0x40, 0x17, 0xE3, 0x2A, 0x50, 0xDD, 0xD6, 0xBA, 0x36, 0x8A, 0x23, 0xF7, 0x3E, 0x6F,
    0x36, 0x91, 0x9D, 0x28, 0xB2, 0x18, 0xCD, 0xBC, 0x6B, 0x67, 0x9B, 0xF4, 0x5D, 0x8B, 0x4A, 0x71,
    0x1C, 0x42, 0x56, 0x88, 0xCA, 0x87, 0xFA, 0xA8, 0xDC, 0x41, 0x20, 0xCB, 0x5D, 0xD9, 0xE6, 0xD2,
    0x79, 0x0F, 0x29, 0x0F, 0x2B, 0xF5, 0x3D, 0xEC, 0xCB, 0xBA, 0x35, 0xA2, 0x44, 0x3F, 0x4C, 0xBF,
    0x0C, 0x47, 0x13, 0x45, 0xF0, 0x0A, 0x4C, 0xB6, 0x31, 0x8D, 0x8D, 0x16, 0x85, 0x67, 0x70, 0x9A,
    0x68, 0x12, 0xBF, 0x4E, 0x48, 0x3D, 0xF0, 0x1A, 0x8E, 0x4D, 0xB4, 0x2C, 0xE3, 0xBB, 0xCC, 0x39,
    0x6D, 0xE3, 0x39, 0xAE, 0x81, 0x85, 0x28, 0xA2, 0xDF, 0xCA, 0x95, 0x64, 0x89, 0x66, 0xBB, 0xCE,
    0x65, 0x15, 0x5D, 0x5F, 0x95, 0x45, 0x7C, 0x90, 0x4D, 0xCF, 0x97, 0xB9, 0xAC, 0xB2, 0xB5, 0xAD,
    0x44, 0xC5, 0xC7, 0x45, 0xAE, 0x15, 0xFC, 0xDA, 0xBF, 0x19, 0xDE, 0x5B, 0x5F, 0x37, 0xDB, 0x0E,
    0xAE, 0xB7, 0xE3, 0x25, 0x96, 0xEB, 0xF9, 0x76, 0x9D, 0xE7, 0x9C, 0x7E, 0x36, 0xF4, 0x17, 0x0B,
    0x7A, 0x3C, 0x38, 0xB2, 0xDF, 0xD1, 0xF7, 0xED, 0xA2, 0x0C, 0xB6, 0x61, 0x0E, 0xD9, 0x78, 0x8E,
    0x71, 0x62, 0xF1, 0xCD, 0xF8, 0x4E, 0xAE, 0x41, 0x12, 0xCD, 0x76, 0x9D, 0x2B, 0x9B, 0xB9, 0x9D,
    0x86, 0xAB, 0xBA, 0xC6, 0x76, 0x61, 0xF8, 0xFA, 0xF5, 0xDF, 0x8B, 0x6C, 0x6B, 0x70, 0xDB, 0x01,
    0xDE, 0xCA, 0xB5, 0x6E, 0x7E, 0xED, 0x5C, 0x6F, 0xC8, 0xAB, 0x10, 0x17, 0x3A, 0xFE, 0x75, 0x96,
    0x53, 0xC7, 0x3F, 0x8E, 0xC7, 0x27, 0x33, 0x8D, 0x24, 0xD5, 0x3D, 0x8E, 0x4A, 0x8F, 0x90, 0xC6,
    0x3D, 0xCC, 0xE3, 0xD8, 0x61, 0xB2, 0x33, 0xC5, 0x6E, 0xA5, 0x19, 0xD5, 0x51, 0xC7, 0x51, 0xCD,
    0x23, 0xA6, 0x5A, 0x51, 0xB1, 0x83, 0x16, 0x4D, 0x73, 0x88, 0x8F, 0x7B, 0x98, 0x6C, 0xD7, 0x4C,
    0x63, 0x97, 0x43, 0x0C, 0x9A, 0xC2, 0x3F, 0x5B, 0x47, 0xD7, 0x58, 0x05, 0xAE, 0x79, 0xE5, 0xCD,
    0x76, 0xE0, 0x29, 0x17, 0xC9, 0xA2, 0xC5, 0x64, 0x17, 0x1F, 0x86, 0xBA, 0xEA, 0xE8, 0xF1, 0xDB,
    0x16, 0x68, 0xD1, 0x62, 0x1A, 0xF1, 0x1C, 0x40, 0x89, 0x66, 0xB2, 0xFE, 0x3D, 0x40, 0x10, 0xC5,
    0xCE, 0xB8, 0x0E, 0xF0, 0xD5, 0x36, 0x93, 0xB6, 0x97, 0x43, 0xC6, 0x65, 0x00, 0xD9, 0xE6, 0x66,
    0xB4, 0x28, 0x9F, 0x27, 0x80, 0x4B, 0x0D, 0xFD, 0x42, 0x13, 0xE4, 0xAD, 0xC6, 0x01, 0xAE, 0x37,
    0xC1, 0x2B, 0xBE, 0xE7, 0x6C, 0xBA, 0xEA, 0x7B, 0x4E, 0xAE, 0x55, 0x5B, 0x6F, 0x15, 0x95, 0x8E,
    0xCE, 0x4A, 0x7F, 0x7E, 0x1D, 0xBD, 0xAA, 0x6B, 0xAB, 0x94, 0x58, 0x95, 0x15, 0xBF, 0xBB, 0x56,
    0xFF, 0xFD, 0xEF, 0x49, 0x59, 0x69, 0x5A, 0x26, 0x38, 0xAC, 0x3F, 0x7E, 0xAF, 0x48, 0x4B, 0x72,
    0xB4, 0xA8, 0x43, 0xCA, 0x9A, 0xE2, 0xAE, 0xEE, 0xBB, 0x38, 0x29, 0x7A, 0x7F, 0x7C, 0xF6, 0x70,
    0xEE, 0xC9, 0xD1, 0x40, 0x62, 0x21, 0x89, 0xC3, 0xCA, 0x9A, 0xD1, 0xED, 0x47, 0x4C, 0x7D, 0xAE,
    0x10, 0x3B, 0xA7, 0x75, 0xD9, 0x56, 0x24, 0xD2, 0x4B, 0x30, 0xB1, 0x8B, 0x14, 0x83, 0x49, 0xF3,
    0x0C, 0xCE, 0xF7, 0xF0, 0xBE, 0x7C, 0xA9, 0xE8, 0xA6, 0x36, 0xBC, 0x86, 0x63, 0x30, 0x7D, 0x0F,
    0x19, 0xEC, 0xE2, 0xBF, 0x46, 0x3C, 0xC7, 0xB5, 0x61, 0x22, 0xEB, 0xAE, 0xB7, 0x72, 0x05, 0xD1,
    0xEC, 0x8C, 0xEB, 0x5C, 0x0E, 0xDC, 0x8A, 0x1B, 0x06, 0x39, 0xBF, 0xD9, 0x5E, 0xE6, 0x72, 0x5E,
    0x4C, 0x7C, 0xD6, 0x35, 0xAE, 0x63, 0xF0, 0xD1, 0x40, 0x7A, 0x6F, 0x7D, 0xF5, 0x79, 0xDC, 0x71,
    0x8D, 0xEB, 0x3A, 0xCB, 0xA5, 0x7C, 0xBB, 0xCC, 0x73, 0x4E, 0x3F, 0x45, 0x14, 0x0B, 0xDB, 0x63,
    0xE8, 0x89, 0x5A, 0x91, 0xF2, 0x36, 0xC5, 0x7F, 0xFF, 0x89, 0x6B, 0x9D, 0xB9, 0x06, 0x8B, 0x5E,
    0x6A, 0x11, 0x71, 0x8C, 0x95, 0xFB, 0x3F, 0xF5, 0xEF, 0x1D, 0x09, 0xF5, 0x92, 0x77, 0xD4, 0x3D,
    0xF4, 0x32, 0x9F, 0xF3, 0xFE, 0xB9, 0x1D, 0x64, 0x78, 0xC5, 0xFF, 0x3C, 0xEC, 0x2C, 0xFD, 0x1C,
    0xC2, 0xBE, 0x89, 0x6C, 0xC0, 0x6B, 0xF6, 0xD9, 0x35, 0x8E, 0xC5, 0x33, 0xC6, 0x2F, 0x9B, 0x81,
    0x3C, 0xC9, 0x05, 0x67, 0xCD, 0x4E, 0x3B, 0x3A, 0xF7, 0x14, 0x95, 0x3C, 0xA1, 0xA8, 0xA8, 0x10,
    0xBD, 0x58, 0x67, 0x82, 0x72, 0xD7, 0x9E, 0x3D, 0xA3, 0xA7, 0x3F, 0x89, 0xCC, 0x8E, 0xFD, 0x70,
    0x9E, 0xBE, 0xB3, 0x99, 0x5F, 0x8A, 0x22, 0xBC, 0x02, 0xF3, 0xDD, 0xF4, 0xC9, 0x64, 0xC3, 0x33,
    0x38, 0x1B, 0xA2, 0x91, 0x85, 0x21, 0xEA, 0xE8, 0xFC, 0xA8, 0xA4, 0x2A, 0xB9, 0x55, 0xF2, 0x21,
    0xD9, 0x25, 0xF5, 0x77, 0xB7, 0x28, 0x51, 0xE1, 0xC1, 0x63, 0xF5, 0x69, 0x70, 0x98, 0x51, 0x2A,
    0x0A, 0xB5, 0x67, 0xD7, 0xF4, 0x69, 0xDA, 0x4D, 0xFD, 0xA7, 0xCA, 0x6C, 0x77, 0x3A, 0x13, 0x16,
    0x44, 0xC1, 0xF6, 0x56, 0xBC, 0xA8, 0x87, 0x74, 0x94, 0x71, 0x1D, 0x4F, 0x36, 0x66, 0x63, 0xF4,
    0x37, 0x63, 0x78, 0x2F, 0xE3, 0x4E, 0xE4, 0x43, 0x66, 0x94, 0xED, 0x3A, 0xA7, 0x35, 0x38, 0x6F,
    0x6E, 0xDF, 0x8C, 0xD8, 0x65, 0x1C, 0x51, 0x5C, 0x47, 0x7B, 0x37, 0x0B, 0x10, 0x85, 0xFC, 0xBE,
    0xF1, 0xAF, 0xD9, 0x68, 0xEC, 0x5F, 0x1A, 0x3F, 0x8F, 0x55, 0x8E, 0xCE, 0x7D, 0x55, 0xD4, 0xF7,
    0x5E, 0x5B, 0x0F, 0xF6, 0xC9, 0xDC, 0xC8, 0xFA, 0x6B, 0x1D, 0x4D, 0xB3, 0x33, 0x09, 0x38, 0x3E,
    0x8F, 0x34, 0xD3, 0x96, 0xD5, 0x51, 0x15, 0x55, 0x3E, 0xCB, 0x27, 0x07, 0xF3, 0x3B, 0x36, 0x7B,
    0xDB, 0xCB, 0xF2, 0x9A, 0xF5, 0xCF, 0x83, 0x80, 0x27, 0xBD, 0x7B, 0xFF, 0xEC, 0xFD, 0xD6, 0x8B,
    0x3F, 0x9E, 0xE2, 0xBC, 0xC8, 0xB3, 0xB8, 0xDD, 0x3D, 0x25, 0x83, 0xEB, 0xB5, 0xF1, 0xF3, 0xEC,
    0xE6, 0x45, 0x9A, 0x7D, 0x8B, 0x2C, 0xB8, 0xCE, 0xF1, 0x1B, 0x6D, 0x8C, 0x01, 0xA6, 0x04, 0x31,
    0x10, 0x44, 0x8B, 0x06, 0x08, 0x7D, 0x95, 0x1C, 0xA0, 0x98, 0xAB, 0x17, 0x73, 0x80, 0xB9, 0x4A,
    0xB1, 0x00, 0x61, 0x7E, 0xA7, 0x67, 0x58, 0xFC, 0x6D, 0xE5, 0xA5, 0xF2, 0x3A, 0x82, 0x3D, 0xB7,
    0xEF, 0x37, 0x35, 0x7A, 0x38, 0xA6, 0x56, 0x0F, 0xA7, 0xDC, 0x1C, 0x63, 0xEE, 0xDA, 0xEE, 0x5D,
    0x6D, 0x23, 0xB7, 0x9B, 0xDC, 0x3D, 0x0C, 0x68, 0xC7, 0x27, 0xEA, 0x13, 0x08, 0x51, 0xF1, 0x26,
    0x7E, 0xE5, 0xFF, 0xFB, 0x96, 0x5F, 0x5F, 0x72, 0x5D, 0xDF, 0x7F, 0xD6, 0x7D, 0xAF, 0x15, 0x4A,
    0xAC, 0xF0, 0xA1, 0x6E, 0x87, 0x02, 0x80, 0x9D, 0x9B, 0x93, 0x9B, 0x9C, 0xDD, 0xDD, 0x5E, 0xC5,
    0xE3, 0x3C, 0x57, 0x1A, 0x99, 0x24, 0x31, 0x98, 0x4C, 0xB0, 0x39, 0x8B, 0x03, 0x4E, 0x1E, 0x0C,
    0x85, 0xD3, 0xB4, 0xA5, 0xC2, 0x3E, 0x74, 0x02, 0x0A, 0x0C, 0x10, 0x06, 0x91, 0x08, 0x40, 0x32,
    0x33, 0x93, 0x16, 0x50, 0x79, 0xC0, 0xAB, 0x90, 0x7E, 0xF1, 0x5C, 0x71, 0xBE, 0xDB, 0x9E, 0x10,
    0x8C, 0x40, 0xE1, 0x43, 0x5E, 0x4A, 0xC7, 0x42, 0xAA, 0xF0, 0xE1, 0x71, 0x21, 0x06, 0x3E, 0xCF,
    0x16, 0x60, 0x1F, 0xDA, 0xD7, 0x04, 0x46, 0x8B, 0xF9, 0xC3, 0x19, 0xF8, 0x03, 0x64, 0x8E, 0x01,
    0x86, 0x00, 0x51, 0x0C, 0x43, 0xC3, 0x00, 0x94, 0x5E, 0x25, 0x07, 0x08, 0xBD, 0x7A, 0x8E, 0x14,
    0x16, 0xE0, 0xD3, 0xE5, 0x8F, 0xC5, 0xD8, 0xBE, 0x82, 0x36, 0xE4, 0x75, 0xA8, 0xF4, 0x1F, 0x52,
    0x07, 0xC2, 0x79, 0xCE, 0xA3, 0x92, 0x44, 0xED, 0x42, 0x50, 0x1F, 0x82, 0x98, 0x50, 0x28, 0x54,
    0xD4, 0xE9, 0x43, 0x6D, 0xA2, 0xC8, 0x8A, 0xC2, 0xF1, 0x6C, 0x0A, 0x44, 0xE0, 0xE7, 0xD2, 0x9E,
    0xFB, 0x3F, 0x9C, 0xBC, 0xA9, 0x49, 0x47, 0x95, 0x66, 0xCF, 0xA2, 0x51, 0xD4, 0xE4, 0x29, 0x31,
    0x77, 0xA8, 0xB6, 0x29, 0xBD, 0xC5, 0xF1, 0xCF, 0x81, 0xFA, 0xB3, 0x3B, 0xFE, 0xAF, 0x5B, 0x38,
    0xA8, 0x0F, 0xEB, 0xB1, 0x93, 0x57, 0x05, 0x55, 0xE1, 0x66, 0x9C, 0x7B, 0x69, 0x23, 0x90, 0x33,
    0xFE, 0xDD, 0x60, 0xF1, 0x26, 0x00, 0x75, 0x91, 0xCD, 0x6A, 0x34, 0x3B, 0x0C, 0x44, 0x0F, 0x68,
    0x6B, 0xA8, 0x57, 0x69, 0xC8, 0x56, 0xE0, 0x57, 0x17, 0x64, 0x1B, 0xC8, 0xAB, 0x08, 0xB2, 0x35,
    0xD4, 0xED, 0xB6, 0x67, 0xC8, 0xFD, 0xEE, 0x8F, 0x7D, 0xAA, 0x4A, 0x48, 0xCC, 0x40, 0x5B, 0x64,
    0xF1, 0x41, 0xB8, 0xF5, 0xD1, 0xF9, 0x91, 0xEB, 0x63, 0xF4, 0x37, 0xFD, 0xF5, 0xCB, 0x4F, 0xF2,
    0x73, 0x31, 0xAF, 0x31, 0xAF, 0x54, 0xF7, 0xF0, 0x35, 0x8A, 0xE9, 0x15, 0x35, 0xA3, 0x14, 0x15,
    0x51, 0x44, 0x5D, 0x0F, 0xEE, 0x5D, 0x33, 0xDD, 0x9F, 0xBB, 0x88, 0x66, 0x9A, 0x30, 0x8A, 0xCA,
    0x03, 0xDC, 0xD8, 0x4C, 0xD0, 0x2E, 0xA2, 0x08, 0x10, 0x3D, 0xDD, 0x76, 0xB9, 0xB4, 0xD4, 0xDC,
    0x7E, 0x2B, 0x6F, 0x4D, 0xCA, 0xF6, 0x92, 0xAA, 0x14, 0x75, 0x6A, 0xBA, 0x44, 0xBE, 0xA4, 0x2D,
    0x57, 0x94, 0x6F, 0x03, 0x50, 0xF4, 0x49, 0x96, 0x4E, 0xE6, 0x3B, 0xBD, 0xF4, 0xF3, 0xE4, 0x66,
    0xCF, 0x33, 0x50, 0xF4, 0x49, 0x97, 0x98, 0x85, 0x40, 0x84, 0x4F, 0x32, 0x4F, 0x5E, 0x51, 0xAF,
    0xE4, 0xC9, 0xCF, 0x29, 0xBC, 0x88, 0x35, 0x17, 0xB3, 0xA3, 0xB4, 0x54, 0xAA, 0xB8, 0xEF, 0xE8,
    0x97, 0x13, 0x95, 0xB7, 0x4F, 0xDB, 0x6E, 0xFA, 0x4A, 0xF1, 0xF8, 0xC0, 0xAF, 0x4E, 0x6B, 0x40,
    0x96, 0x72, 0xFB, 0x05, 0xB3, 0xA2, 0xDF, 0x2E, 0xB6, 0xF7, 0x8E, 0xC6, 0x0B, 0x3A, 0x56, 0x4F,
    0x75, 0xD2, 0xFD, 0x27, 0x2B, 0x9E, 0xBE, 0x7A, 0xB1, 0x4F, 0xB8, 0xD0, 0x0F, 0x2C, 0x55, 0xEC,
    0x4B, 0x09, 0xB0, 0x8B, 0x27, 0xFF, 0xA8, 0x0B, 0x9E, 0x79, 0xF4, 0xED, 0x4B, 0xFB, 0x77, 0x6E,
    0x97, 0x78, 0x6E, 0x22, 0x1A, 0x45, 0x21, 0x81, 0xED, 0x7A, 0x52, 0xAA, 0xD3, 0x8B, 0x3E, 0x73,
    0x12, 0xD5, 0xC4, 0xAD, 0x9E, 0x76, 0xA5, 0xA2, 0x2E, 0xD1, 0x7D, 0xF6, 0x74, 0x21, 0x0A, 0x1B,
    0x7D, 0x03, 0xF2, 0x03, 0xE8, 0x1F, 0xF2, 0xC2, 0xAE, 0xBD, 0x89, 0x65, 0x5B, 0xE4, 0xF6, 0xF5,
    0x74, 0x5C, 0x82, 0xBF, 0xE3, 0x86, 0xC1, 0x91, 0xBF, 0xD1, 0x97, 0xD1, 0x10, 0x39, 0x62, 0xAB,
    0x07, 0xFC, 0xCA, 0xDD, 0x43, 0xAC, 0x3D, 0x17, 0xF3, 0x96, 0xBE, 0x26, 0xF8, 0x07, 0xC6, 0x8D,
    0x0B, 0xD5, 0xF9, 0x88, 0x71, 0x0B, 0x16, 0xD3, 0xAE, 0x72, 0x13, 0x3E, 0x1F, 0x3D, 0xE1, 0x35,
    0x1D, 0xDB, 0xF5, 0xB9, 0xC0, 0x03, 0xF2, 0x8D, 0x2F, 0x65, 0xE7, 0x73, 0x46, 0x27, 0xFF, 0xE6,
    0xEE, 0xCF, 0x4C, 0xAD, 0x85, 0x2F, 0x92, 0x69, 0x37, 0xE7, 0xEC, 0x3A, 0xCF, 0x6B, 0x5D, 0xAF,
    0xD7, 0xE2, 0x7F, 0xE5, 0x85, 0xDD, 0x2C, 0x98, 0xA0, 0x5D, 0x0B, 0x12, 0x17, 0xD1, 0x70, 0x93,
    0x9B, 0x3D, 0x45, 0x4B, 0xF0, 0xCB, 0xE2, 0x2C, 0x7D, 0x2E, 0x0C, 0x22, 0x37, 0xE3, 0xF1, 0x68,
    0xBB, 0xDE, 0x4F, 0x1A, 0x6E, 0xF4, 0xB5, 0xC8, 0xA1, 0xAD, 0x1E, 0x51, 0xFF, 0xA9, 0x54, 0xE5,
    0x14, 0x89, 0xB0, 0x39, 0xBB, 0x13, 0xF9, 0xA6, 0xCF, 0xDF, 0xBE, 0x56, 0xE6, 0xDF, 0xDD, 0xFD,
    0x05, 0xE3, 0x67, 0x60, 0xB0, 0x61, 0x60, 0xF8, 0xFF, 0xFF, 0x03, 0x10, 0x01, 0x19, 0xF6, 0x0C,
    0x0C, 0xFC, 0x0C, 0xFF, 0x3F, 0x9C, 0x37, 0xE0, 0x67, 0x40, 0x86, 0x20, 0xC4, 0x7C, 0x00, 0xA2,
    0x0A, 0xC8, 0x60, 0xE0, 0x3F, 0x80, 0x2A, 0x7F, 0xDE, 0xE0, 0xFF, 0x07, 0x7E, 0x06, 0x00, 0x9D,
    0xCE, 0x01, 0x86, 0xAD, 0x31, 0x0C, 0xC5, 0xF1, 0x3F, 0x01, 0x28, 0xD9, 0x4A, 0x79, 0x00, 0xA1,
    0x5B, 0x3F, 0x7C, 0x0B, 0x78, 0x5B, 0x09, 0x03, 0x10, 0x32, 0x6D, 0xDD, 0x7B, 0xCD, 0x00, 0x4C,
    0xFD, 0x8E, 0xA6, 0x69, 0x10, 0x2B, 0xC2, 0x09, 0xD3, 0xC6, 0x86, 0x2C, 0x15, 0x7E, 0x9E, 0xF9,
    0xE1, 0x64, 0xE0, 0x09, 0x18, 0xF4, 0x83, 0x11, 0x0C, 0xFE, 0x31, 0x99, 0x12, 0x92, 0x8C, 0x79,
    0x33, 0x76, 0x5E, 0xCD, 0xB9, 0xE3, 0x18, 0x4E, 0x10, 0x2D, 0xA8, 0xEB, 0x3F, 0xB6, 0x39, 0x66,
    0x72, 0xD3, 0xB0, 0x1C, 0x64, 0x90, 0x93, 0x4A, 0x62, 0x13, 0xAB, 0xEF, 0x29, 0xC7, 0x72, 0x47,
    0x7F, 0x8A, 0x2C, 0x3B, 0x57, 0x75, 0x67, 0x51, 0x41, 0x2C, 0xC2, 0xC5, 0x66, 0x09, 0x5B, 0x41,
    0x40, 0x62, 0x3A, 0x1C, 0x06, 0x23, 0xEE, 0x02, 0xDD, 0xD5, 0x2D, 0x48, 0x10, 0xB6, 0xC1, 0x80,
    0x80, 0xF9, 0xAB, 0xE7, 0xEF, 0x76, 0x42, 0x55, 0xBD, 0x27, 0xAE, 0x3B, 0x57, 0xC8, 0x37, 0x93,
    0x3F, 0xD8, 0x45, 0x5F, 0x71, 0xAC, 0xA7, 0xBE, 0x7A, 0x28, 0x46, 0xF6, 0x58, 0x96, 0x34, 0xF6,
    0xC8, 0x5C, 0x66, 0x38, 0xBC, 0x56, 0xFD, 0x29, 0x0F, 0xDE, 0x52, 0x47, 0x43, 0x9B, 0x9E, 0x06,
    0xE0, 0x53, 0xCF, 0xD7, 0x2E, 0xDD, 0x42, 0x6C, 0xA6, 0x53, 0x3B, 0x8C, 0x0B, 0x63, 0x59, 0x2E,
    0x92, 0xC2, 0x45, 0xE1, 0xDC, 0x59, 0x0A, 0xFC, 0x73, 0x2D, 0x2C, 0x59, 0x90, 0xC0, 0xFD, 0xFF,
    0x06, 0x75, 0xC6, 0x81, 0x05, 0x00, 0x30, 0x0C, 0x05, 0xD1, 0x4F, 0x00, 0x4A, 0x16, 0xEA, 0xF0,
    0x21, 0x0B, 0x75, 0x80, 0x70, 0xFD, 0x0B, 0x84, 0xE7, 0x9C, 0xA8, 0xA8, 0x97, 0x32, 0x19, 0x78,
    0x56, 0x34, 0xE2, 0x44, 0x4F, 0xCA, 0xAE, 0x31, 0xEE, 0x8A, 0xE6, 0x03,
};

static const EpdGlyph literatamono_10_regularGlyphs[] = {
    { 1, 1, 64, 0, 1, 1, 0 }, // U+0020
    { 3, 15, 112, 2, 15, 12, 1 }, // !
    { 6, 5, 128, 1, 16, 8, 13 }, // "
    { 12, 12, 224, 1, 12, 36, 21 }, // #
    { 10, 19, 192, 1, 17, 48, 57 }, // $
    { 16, 13, 288, 1, 13, 52, 105 }, // %
    { 15, 15, 272, 1, 15, 57, 157 }, // &
    { 2, 5, 80, 1, 16, 3, 214 }, // '
    { 4, 21, 112, 2, 17, 21, 217 }, // (
    { 4, 21, 112, 1, 17, 21, 238 }, // )
    { 7, 8, 144, 1, 16, 14, 259 }, // *
    { 9, 9, 192, 2, 11, 21, 273 }, // +
    { 3, 7, 112, 2, 3, 6, 294 }, // ,
    { 6, 1, 112, 1, 7, 2, 300 }, // -
    { 3, 3, 112, 2, 3, 3, 302 }, // .
    { 9, 19, 144, 0, 17, 43, 305 }, // /
    { 10, 15, 192, 1, 15, 38, 348 }, // 0
    { 7, 15, 144, 1, 15, 27, 386 }, // 1
    { 9, 15, 176, 1, 15, 34, 413 }, // 2
    { 9, 15, 176, 1, 15, 34, 447 }, // 3
    { 11, 15, 192, 0, 15, 42, 481 }, // 4
    { 10, 15, 176, 0, 15, 38, 523 }, // 5
    { 10, 15, 176, 1, 15, 38, 561 }, // 6
    { 10, 15, 176, 0, 15, 38, 599 }, // 7
    { 10, 15, 192, 1, 15, 38, 637 }, // 8
    { 10, 15, 176, 0, 15, 38, 675 }, // 9
    { 3, 11, 112, 2, 11, 9, 713 }, // :
    { 3, 15, 112, 2, 11, 12, 722 }, // ;
    { 9, 10, 192, 1, 11, 23, 734 }, // <
    { 9, 5, 192, 2, 9, 12, 757 }, // =
    { 9, 10, 192, 2, 11, 23, 769 }, // >
    { 9, 15, 176, 1, 15, 34, 792 }, // ?
    { 16, 15, 288, 1, 12, 60, 826 }, // @
    { 15, 15, 240, 0, 15, 57, 886 }, // A
    { 12, 15, 224, 1, 15, 45, 943 }, // B
    { 13, 15, 240, 1, 15, 49, 988 }, // C
    { 14, 15, 256, 1, 15, 53, 1037 }, // D
    { 11, 15, 208, 1, 15, 42, 1090 }, // E
    { 11, 15, 208, 1, 15, 42, 1132 }, // F
    { 14, 15, 256, 1, 15, 53, 1174 }, // G
    { 15, 15, 288, 1, 15, 57, 1227 }, // H
    { 6, 15, 144, 1, 15, 23, 1284 }, // I
    { 10, 15, 192, 1, 15, 38, 1307 }, // J
    { 14, 15, 256, 1, 15, 53, 1345 }, // K
    { 11, 15, 208, 1, 15, 42, 1398 }, // L
    { 19, 15, 336, 1, 15, 72, 1440 }, // M
    { 15, 15, 288, 1, 15, 57, 1512 }, // N
    { 14, 15, 256, 1, 15, 53, 1569 }, // O
    { 11, 15, 208, 1, 15, 42, 1622 }, // P
    { 17, 19, 256, 1, 15, 81, 1664 }, // Q
    { 14, 15, 240, 1, 15, 53, 1745 }, // R
    { 10, 15, 208, 1, 15, 38, 1798 }, // S
    { 14, 15, 256, 1, 15, 53, 1836 }, // T
    { 15, 15, 272, 1, 15, 57, 1889 }, // U
    { 15, 15, 256, 0, 15, 57, 1946 }, // V
    { 22, 15, 368, 0, 15, 83, 2003 }, // W
    { 15, 15, 240, 0, 15, 57, 2086 }, // X
    { 15, 15, 240, 0, 15, 57, 2143 }, // Y
    { 12, 15, 224, 1, 15, 45, 2200 }, // Z
    { 4, 22, 112, 2, 17, 22, 2245 }, // [
    { 9, 19, 144, 0, 17, 43, 2267 }, // <backslash>
    { 4, 22, 112, 1, 17, 22, 2310 }, // ]
    { 10, 8, 192, 1, 15, 20, 2332 }, // ^
    { 10, 1, 160, 0, -1, 3, 2352 }, // _
    { 4, 4, 176, 3, 16, 4, 2355 }, // `
    { 10, 11, 176, 1, 11, 28, 2359 }, // a
    { 12, 16, 208, 0, 16, 48, 2387 }, // b
    { 9, 11, 160, 1, 11, 25, 2435 }, // c
    { 11, 16, 208, 1, 16, 44, 2460 }, // d
    { 9, 11, 176, 1, 11, 25, 2504 }, // e
    { 9, 16, 128, 1, 16, 36, 2529 }, // f
    { 11, 17, 192, 1, 12, 47, 2565 }, // g
    { 12, 16, 224, 1, 16, 48, 2612 }, // h
    { 5, 16, 112, 1, 16, 20, 2660 }, // i
    { 4, 21, 96, 1, 16, 21, 2680 }, // j
    { 12, 16, 208, 1, 16, 48, 2701 }, // k
    { 6, 16, 112, 1, 16, 24, 2749 }, // l
    { 19, 11, 320, 1, 11, 53, 2773 }, // m
    { 12, 11, 224, 1, 11, 33, 2826 }, // n
    { 10, 11, 192, 1, 11, 28, 2859 }, // o
    { 11, 16, 208, 1, 11, 44, 2887 }, // p
    { 11, 16, 208, 1, 11, 44, 2931 }, // q
    { 9, 11, 160, 1, 11, 25, 2975 }, // r
    { 8, 11, 144, 1, 11, 22, 3000 }, // s
    { 7, 15, 128, 1, 15, 27, 3022 }, // t
    { 12, 11, 208, 1, 11, 33, 3049 }, // u
    { 12, 11, 192, 0, 11, 33, 3082 }, // v
    { 18, 11, 288, 0, 11, 50, 3115 }, // w
    { 12, 11, 192, 0, 11, 33, 3165 }, // x
    { 12, 16, 192, 0, 11, 48, 3198 }, // y
    { 9, 11, 160, 1, 11, 25, 3246 }, // z
    { 6, 22, 128, 1, 17, 33, 3271 }, // {
    { 1, 19, 144, 4, 17, 5, 3304 }, // |
    { 6, 22, 128, 1, 17, 33, 3309 }, // }
    { 10, 2, 192, 1, 7, 5, 3342 }, // ~
    { 1, 1, 64, 0, 1, 1, 0 }, // U+00A0
    { 3, 16, 112, 2, 11, 12, 1 }, // U+00A1
    { 9, 14, 160, 1, 14, 32, 13 }, // U+00A2
    { 10, 15, 192, 1, 15, 38, 45 }, // U+00A3
    { 9, 10, 176, 1, 12, 23, 83 }, // U+00A4
    { 14, 15, 240, 1, 15, 53, 106 }, // U+00A5
    { 1, 19, 144, 4, 17, 5, 159 }, // U+00A6
    { 11, 18, 208, 1, 15, 50, 164 }, // U+00A7
    { 7, 3, 176, 2, 16, 6, 214 }, // U+00A8
    { 14, 14, 272, 1, 14, 49, 220 }, // U+00A9
    { 8, 8, 144, 1, 16, 16, 269 }, // U+00AA
    { 9, 9, 160, 1, 10, 21, 285 }, // U+00AB
    { 9, 4, 192, 2, 8, 9, 306 }, // U+00AC
    { 1, 1, 0, 0, 1, 1, 315 }, // U+00AD
    { 8, 7, 160, 1, 16, 14, 316 }, // U+00AE
    { 6, 1, 176, 2, 15, 2, 330 }, // U+00AF
    { 5, 5, 112, 1, 17, 7, 332 }, // U+00B0
    { 9, 11, 192, 2, 11, 25, 339 }, // U+00B1
    { 7, 9, 128, 1, 17, 16, 364 }, // U+00B2
    { 7, 9, 144, 1, 17, 16, 380 }, // U+00B3
    { 4, 4, 176, 4, 16, 4, 396 }, // U+00B4
    { 11, 15, 208, 2, 11, 42, 400 }, // U+00B5
    { 10, 18, 192, 1, 15, 45, 442 }, // U+00B6
    { 3, 3, 112, 2, 8, 3, 487 }, // U+00B7
    { 4, 5, 176, 3, 0, 5, 490 }, // U+00B8
    { 5, 10, 112, 1, 18, 13, 495 }, // U+00B9
    { 7, 8, 144, 1, 16, 14, 508 }, // U+00BA
    { 8, 9, 160, 1, 10, 18, 522 }, // U+00BB
    { 18, 16, 304, 1, 16, 72, 540 }, // U+00BC
    { 18, 16, 320, 1, 16, 72, 612 }, // U+00BD
    { 19, 15, 320, 1, 15, 72, 684 }, // U+00BE
    { 8, 16, 176, 2, 11, 32, 756 }, // U+00BF
    { 15, 19, 240, 0, 19, 72, 788 }, // U+00C0
    { 15, 19, 240, 0, 19, 72, 860 }, // U+00C1
    { 15, 20, 240, 0, 20, 75, 932 }, // U+00C2
    { 15, 19, 240, 0, 19, 72, 1007 }, // U+00C3
    { 15, 19, 240, 0, 19, 72, 1079 }, // U+00C4
    { 15, 20, 240, 0, 20, 75, 1151 }, // U+00C5
    { 20, 15, 336, 0, 15, 75, 1226 }, // U+00C6
    { 13, 20, 240, 1, 15, 65, 1301 }, // U+00C7
    { 11, 19, 208, 1, 19, 53, 1366 }, // U+00C8
    { 11, 19, 208, 1, 19, 53, 1419 }, // U+00C9
    { 11, 20, 208, 1, 20, 55, 1472 }, // U+00CA
    { 11, 19, 208, 1, 19, 53, 1527 }, // U+00CB
    { 6, 19, 144, 1, 19, 29, 1580 }, // U+00CC
    { 6, 19, 144, 1, 19, 29, 1609 }, // U+00CD
    { 7, 20, 144, 1, 20, 35, 1638 }, // U+00CE
    { 7, 19, 144, 1, 19, 34, 1673 }, // U+00CF
    { 14, 15, 256, 1, 15, 53, 1707 }, // U+00D0
    { 15, 19, 288, 1, 19, 72, 1760 }, // U+00D1
    { 14, 19, 256, 1, 19, 67, 1832 }, // U+00D2
    { 14, 19, 256, 1, 19, 67, 1899 }, // U+00D3
    { 14, 20, 256, 1, 20, 70, 1966 }, // U+00D4
    { 14, 19, 256, 1, 19, 67, 2036 }, // U+00D5
    { 14, 19, 256, 1, 19, 67, 2103 }, // U+00D6
    { 8, 7, 192, 2, 10, 14, 2170 }, // U+00D7
    { 14, 15, 256, 1, 15, 53, 2184 }, // U+00D8
    { 15, 19, 272, 1, 19, 72, 2237 }, // U+00D9
    { 15, 19, 272, 1, 19, 72, 2309 }, // U+00DA
    { 15, 20, 272, 1, 20, 75, 2381 }, // U+00DB
    { 15, 19, 272, 1, 19, 72, 2456 }, // U+00DC
    { 15, 19, 240, 0, 19, 72, 2528 }, // U+00DD
    { 11, 15, 208, 1, 15, 42, 2600 }, // U+00DE
    { 13, 16, 224, 1, 16, 52, 2642 }, // U+00DF
    { 10, 16, 176, 1, 16, 40, 2694 }, // U+00E0
    { 10, 16, 176, 1, 16, 40, 2734 }, // U+00E1
    { 10, 16, 176, 1, 16, 40, 2774 }, // U+00E2
    { 10, 15, 176, 1, 15, 38, 2814 }, // U+00E3
    { 10, 16, 176, 1, 16, 40, 2852 }, // U+00E4
    { 10, 16, 176, 1, 16, 40, 2892 }, // U+00E5
    { 15, 11, 272, 1, 11, 42, 2932 }, // U+00E6
    { 9, 16, 160, 1, 11, 36, 2974 }, // U+00E7
    { 9, 16, 176, 1, 16, 36, 3010 }, // U+00E8
    { 9, 16, 176, 1, 16, 36, 3046 }, // U+00E9
    { 9, 16, 176, 1, 16, 36, 3082 }, // U+00EA
    { 9, 16, 176, 1, 16, 36, 3118 }, // U+00EB
    { 5, 16, 112, 1, 16, 20, 3154 }, // U+00EC
    { 5, 16, 112, 1, 16, 20, 3174 }, // U+00ED
    { 6, 16, 112, 0, 16, 24, 3194 }, // U+00EE
    { 7, 16, 112, 0, 16, 28, 3218 }, // U+00EF
    { 10, 16, 192, 1, 16, 40, 3246 }, // U+00F0
    { 12, 15, 224, 1, 15, 45, 3286 }, // U+00F1
    { 10, 16, 192, 1, 16, 40, 3331 }, // U+00F2
    { 10, 16, 192, 1, 16, 40, 3371 }, // U+00F3
    { 10, 16, 192, 1, 16, 40, 3411 }, // U+00F4
    { 10, 15, 192, 1, 15, 38, 3451 }, // U+00F5
    { 10, 16, 192, 1, 16, 40, 3489 }, // U+00F6
    { 9, 10, 192, 2, 11, 23, 3529 }, // U+00F7
    { 12, 11, 192, 0, 11, 33, 3552 }, // U+00F8
    { 12, 16, 208, 1, 16, 48, 3585 }, // U+00F9
    { 12, 16, 208, 1, 16, 48, 3633 }, // U+00FA
    { 12, 16, 208, 1, 16, 48, 3681 }, // U+00FB
    { 12, 16, 208, 1, 16, 48, 3729 }, // U+00FC
    { 12, 21, 192, 0, 16, 63, 3777 }, // U+00FD
    { 12, 21, 208, 0, 16, 63, 3840 }, // U+00FE
    { 12, 21, 192, 0, 16, 63, 3903 }, // U+00FF
    { 15, 18, 240, 0, 18, 68, 0 }, // U+0100
    { 10, 15, 176, 1, 15, 38, 68 }, // U+0101
    { 15, 19, 240, 0, 19, 72, 106 }, // U+0102
    { 10, 16, 176, 1, 16, 40, 178 }, // U+0103
    { 15, 20, 240, 0, 15, 75, 218 }, // U+0104
    { 10, 16, 176, 1, 11, 40, 293 }, // U+0105
    { 13, 19, 240, 1, 19, 62, 333 }, // U+0106
    { 9, 16, 160, 1, 16, 36, 395 }, // U+0107
    { 13, 20, 240, 1, 20, 65, 431 }, // U+0108
    { 9, 16, 160, 1, 16, 36, 496 }, // U+0109
    { 13, 19, 240, 1, 19, 62, 532 }, // U+010A
    { 9, 16, 160, 1, 16, 36, 594 }, // U+010B
    { 13, 20, 240, 1, 20, 65, 630 }, // U+010C
    { 9, 16, 160, 1, 16, 36, 695 }, // U+010D
    { 14, 20, 256, 1, 20, 70, 731 }, // U+010E
    { 13, 16, 240, 1, 16, 52, 801 }, // U+010F
    { 14, 15, 256, 1, 15, 53, 853 }, // U+0110
    { 11, 16, 192, 1, 16, 44, 906 }, // U+0111
    { 11, 18, 208, 1, 18, 50, 950 }, // U+0112
    { 9, 15, 176, 1, 15, 34, 1000 }, // U+0113
    { 11, 19, 208, 1, 19, 53, 1034 }, // U+0114
    { 9, 16, 176, 1, 16, 36, 1087 }, // U+0115
    { 11, 19, 208, 1, 19, 53, 1123 }, // U+0116
    { 9, 16, 176, 1, 16, 36, 1176 }, // U+0117
    { 11, 20, 208, 1, 15, 55, 1212 }, // U+0118
    { 9, 16, 176, 1, 11, 36, 1267 }, // U+0119
    { 11, 20, 208, 1, 20, 55, 1303 }, // U+011A
    { 9, 16, 176, 1, 16, 36, 1358 }, // U+011B
    { 14, 20, 256, 1, 20, 70, 1394 }, // U+011C
    { 11, 21, 176, 1, 16, 58, 1464 }, // U+011D
    { 14, 19, 256, 1, 19, 67, 1522 }, // U+011E
    { 11, 21, 192, 1, 16, 58, 1589 }, // U+011F
    { 14, 19, 256, 1, 19, 67, 1647 }, // U+0120
    { 11, 21, 192, 1, 16, 58, 1714 }, // U+0121
    { 14, 20, 256, 1, 15, 70, 1772 }, // U+0122
    { 11, 21, 192, 1, 16, 58, 1842 }, // U+0123
    { 15, 20, 288, 1, 20, 75, 1900 }, // U+0124
    { 13, 21, 224, 0, 21, 69, 1975 }, // U+0125
    { 15, 15, 272, 1, 15, 57, 2044 }, // U+0126
    { 13, 16, 224, 0, 16, 52, 2101 }, // U+0127
    { 7, 19, 144, 1, 19, 34, 2153 }, // U+0128
    { 7, 15, 112, -1, 15, 27, 2187 }, // U+0129
    { 6, 18, 144, 1, 18, 27, 2214 }, // U+012A
    { 6, 15, 112, 0, 15, 23, 2241 }, // U+012B
    { 7, 19, 144, 1, 19, 34, 2264 }, // U+012C
    { 6, 16, 112, 0, 16, 24, 2298 }, // U+012D
    { 6, 20, 128, 1, 15, 30, 2322 }, // U+012E
    { 5, 21, 112, 1, 16, 27, 2352 }, // U+012F
    { 6, 19, 144, 1, 19, 29, 2379 }, // U+0130
    { 5, 11, 112, 1, 11, 14, 2408 }, // U+0131
    { 19, 15, 320, 1, 15, 72, 2422 }, // U+0132
    { 11, 21, 208, 1, 16, 58, 2494 }, // U+0133
    { 10, 20, 192, 1, 20, 50, 2552 }, // U+0134
    { 6, 21, 96, 0, 16, 32, 2602 }, // U+0135
    { 14, 20, 256, 1, 15, 70, 2634 }, // U+0136
    { 12, 21, 208, 1, 16, 63, 2704 }, // U+0137
    { 12, 11, 208, 1, 11, 33, 2767 }, // U+0138
    { 11, 19, 208, 1, 19, 53, 2800 }, // U+0139
    { 6, 20, 112, 1, 20, 30, 2853 }, // U+013A
    { 11, 20, 208, 1, 15, 55, 2883 }, // U+013B
    { 6, 21, 112, 1, 16, 32, 2938 }, // U+013C
    { 11, 16, 208, 1, 16, 44, 2970 }, // U+013D
    { 7, 16, 144, 1, 16, 28, 3014 }, // U+013E
    { 11, 15, 208, 1, 15, 42, 3042 }, // U+013F
    { 8, 16, 128, 1, 16, 32, 3084 }, // U+0140
    { 12, 15, 208, 0, 15, 45, 3116 }, // U+0141
    { 6, 16, 112, 1, 16, 24, 3161 }, // U+0142
    { 15, 19, 288, 1, 19, 72, 3185 }, // U+0143
    { 12, 16, 224, 1, 16, 48, 3257 }, // U+0144
    { 15, 20, 288, 1, 15, 75, 3305 }, // U+0145
    { 12, 16, 224, 1, 11, 48, 3380 }, // U+0146
    { 15, 20, 288, 1, 20, 75, 3428 }, // U+0147
    { 12, 16, 224, 1, 16, 48, 3503 }, // U+0148
    { 15, 16, 272, 1, 16, 60, 3551 }, // U+0149
    { 15, 20, 288, 1, 15, 75, 3611 }, // U+014A
    { 11, 16, 208, 1, 11, 44, 3686 }, // U+014B
    { 14, 18, 256, 1, 18, 63, 3730 }, // U+014C
    { 10, 15, 192, 1, 15, 38, 3793 }, // U+014D
    { 14, 19, 256, 1, 19, 67, 3831 }, // U+014E
    { 10, 16, 192, 1, 16, 40, 3898 }, // U+014F
    { 14, 20, 256, 1, 20, 70, 3938 }, // U+0150
    { 10, 16, 192, 1, 16, 40, 4008 }, // U+0151
    { 21, 15, 368, 1, 15, 79, 4048 }, // U+0152
    { 17, 11, 304, 1, 11, 47, 4127 }, // U+0153
    { 14, 19, 240, 1, 19, 67, 4174 }, // U+0154
    { 9, 16, 160, 1, 16, 36, 4241 }, // U+0155
    { 14, 20, 240, 1, 15, 70, 4277 }, // U+0156
    { 9, 16, 160, 1, 11, 36, 4347 }, // U+0157
    { 14, 20, 240, 1, 20, 70, 4383 }, // U+0158
    { 9, 16, 160, 1, 16, 36, 4453 }, // U+0159
    { 10, 19, 208, 1, 19, 48, 4489 }, // U+015A
    { 8, 16, 144, 1, 16, 32, 4537 }, // U+015B
    { 10, 20, 208, 1, 20, 50, 4569 }, // U+015C
    { 8, 16, 144, 1, 16, 32, 4619 }, // U+015D
    { 10, 20, 208, 1, 15, 50, 4651 }, // U+015E
    { 8, 16, 144, 1, 11, 32, 4701 }, // U+015F
    { 10, 20, 208, 1, 20, 50, 4733 }, // U+0160
    { 8, 16, 144, 1, 16, 32, 4783 }, // U+0161
    { 14, 20, 256, 1, 15, 70, 4815 }, // U+0162
    { 7, 20, 128, 1, 15, 35, 4885 }, // U+0163
    { 14, 20, 256, 1, 20, 70, 4920 }, // U+0164
    { 7, 17, 128, 1, 17, 30, 4990 }, // U+0165
    { 14, 15, 256, 1, 15, 53, 5020 }, // U+0166
    { 7, 15, 128, 1, 15, 27, 5073 }, // U+0167
    { 15, 19, 272, 1, 19, 72, 5100 }, // U+0168
    { 12, 15, 208, 1, 15, 45, 5172 }, // U+0169
    { 15, 18, 272, 1, 18, 68, 5217 }, // U+016A
    { 12, 15, 208, 1, 15, 45, 5285 }, // U+016B
    { 15, 19, 272, 1, 19, 72, 5330 }, // U+016C
    { 12, 16, 208, 1, 16, 48, 5402 }, // U+016D
    { 15, 20, 272, 1, 20, 75, 5450 }, // U+016E
    { 12, 16, 208, 1, 16, 48, 5525 }, // U+016F
    { 15, 20, 272, 1, 20, 75, 5573 }, // U+0170
    { 12, 16, 208, 1, 16, 48, 5648 }, // U+0171
    { 15, 20, 272, 1, 15, 75, 5696 }, // U+0172
    { 12, 16, 208, 1, 11, 48, 5771 }, // U+0173
    { 22, 20, 368, 0, 20, 110, 5819 }, // U+0174
    { 18, 16, 288, 0, 16, 72, 5929 }, // U+0175
    { 15, 20, 240, 0, 20, 75, 6001 }, // U+0176
    { 12, 21, 192, 0, 16, 63, 6076 }, // U+0177
    { 15, 19, 240, 0, 19, 72, 6139 }, // U+0178
    { 12, 19, 224, 1, 19, 57, 6211 }, // U+0179
    { 9, 16, 160, 1, 16, 36, 6268 }, // U+017A
    { 12, 19, 224, 1, 19, 57, 6304 }, // U+017B
    { 9, 16, 160, 1, 16, 36, 6361 }, // U+017C
    { 12, 20, 224, 1, 20, 60, 6397 }, // U+017D
    { 9, 16, 160, 1, 16, 36, 6457 }, // U+017E
    { 16, 16, 272, 1, 16, 64, 0 }, // U+01A0
    { 12, 14, 208, 1, 14, 42, 64 }, // U+01A1
    { 17, 16, 288, 1, 16, 68, 106 }, // U+01AF
    { 13, 14, 224, 1, 14, 46, 174 }, // U+01B0
    { 27, 20, 464, 1, 20, 135, 220 }, // U+01C4
    { 25, 16, 416, 1, 16, 100, 355 }, // U+01C5
    { 22, 16, 368, 1, 16, 88, 455 }, // U+01C6
    { 23, 15, 400, 1, 15, 87, 543 }, // U+01C7
    { 17, 21, 320, 1, 16, 90, 630 }, // U+01C8
    { 10, 21, 208, 1, 16, 53, 720 }, // U+01C9
    { 27, 15, 448, 1, 15, 102, 773 }, // U+01CA
    { 21, 21, 384, 1, 16, 111, 875 }, // U+01CB
    { 17, 21, 320, 1, 16, 90, 986 }, // U+01CC
    { 15, 20, 240, 0, 20, 75, 1076 }, // U+01CD
    { 10, 16, 176, 1, 16, 40, 1151 }, // U+01CE
    { 7, 20, 144, 1, 20, 35, 1191 }, // U+01CF
    { 6, 16, 112, 0, 16, 24, 1226 }, // U+01D0
    { 14, 20, 256, 1, 20, 70, 1250 }, // U+01D1
    { 10, 16, 192, 1, 16, 40, 1320 }, // U+01D2
    { 15, 20, 272, 1, 20, 75, 1360 }, // U+01D3
    { 12, 16, 208, 1, 16, 48, 1435 }, // U+01D4
    { 15, 22, 272, 1, 22, 83, 1483 }, // U+01D5
    { 12, 19, 208, 1, 19, 57, 1566 }, // U+01D6
    { 15, 23, 272, 1, 23, 87, 1623 }, // U+01D7
    { 12, 20, 208, 1, 20, 60, 1710 }, // U+01D8
    { 15, 24, 272, 1, 24, 90, 1770 }, // U+01D9
    { 12, 21, 208, 1, 21, 63, 1860 }, // U+01DA
    { 15, 23, 272, 1, 23, 87, 1923 }, // U+01DB
    { 12, 20, 208, 1, 20, 60, 2010 }, // U+01DC
    { 14, 20, 256, 1, 20, 70, 2070 }, // U+01E6
    { 11, 21, 192, 1, 16, 58, 2140 }, // U+01E7
    { 14, 20, 256, 1, 15, 70, 2198 }, // U+01EA
    { 10, 16, 192, 1, 11, 40, 2268 }, // U+01EB
    { 15, 23, 240, 0, 23, 87, 2308 }, // U+01FA
    { 10, 20, 176, 1, 20, 50, 2395 }, // U+01FB
    { 20, 19, 336, 0, 19, 95, 2445 }, // U+01FC
    { 15, 16, 272, 1, 16, 60, 2540 }, // U+01FD
    { 14, 19, 256, 1, 19, 67, 2600 }, // U+01FE
    { 12, 16, 192, 0, 16, 48, 2667 }, // U+01FF
    { 15, 20, 240, 0, 20, 75, 2715 }, // U+0200
    { 10, 16, 176, 1, 16, 40, 2790 }, // U+0201
    { 15, 19, 240, 0, 19, 72, 2830 }, // U+0202
    { 10, 16, 176, 1, 16, 40, 2902 }, // U+0203
    { 11, 20, 208, 1, 20, 55, 2942 }, // U+0204
    { 9, 16, 176, 1, 16, 36, 2997 }, // U+0205
    { 11, 19, 208, 1, 19, 53, 3033 }, // U+0206
    { 9, 16, 176, 1, 16, 36, 3086 }, // U+0207
    { 8, 20, 144, -1, 20, 40, 3122 }, // U+0208
    { 8, 16, 112, -2, 16, 32, 3162 }, // U+0209
    { 7, 19, 144, 1, 19, 34, 3194 }, // U+020A
    { 6, 16, 112, 0, 16, 24, 3228 }, // U+020B
    { 14, 20, 256, 1, 20, 70, 3252 }, // U+020C
    { 10, 16, 192, 1, 16, 40, 3322 }, // U+020D
    { 14, 19, 256, 1, 19, 67, 3362 }, // U+020E
    { 10, 16, 192, 1, 16, 40, 3429 }, // U+020F
    { 14, 20, 240, 1, 20, 70, 3469 }, // U+0210
    { 9, 16, 160, 1, 16, 36, 3539 }, // U+0211
    { 14, 19, 240, 1, 19, 67, 3575 }, // U+0212
    { 9, 16, 160, 1, 16, 36, 3642 }, // U+0213
    { 15, 20, 272, 1, 20, 75, 3678 }, // U+0214
    { 12, 16, 208, 1, 16, 48, 3753 }, // U+0215
    { 15, 19, 272, 1, 19, 72, 3801 }, // U+0216
    { 12, 16, 208, 1, 16, 48, 3873 }, // U+0217
    { 10, 20, 208, 1, 15, 50, 3921 }, // U+0218
    { 8, 16, 144, 1, 11, 32, 3971 }, // U+0219
    { 14, 20, 256, 1, 15, 70, 4003 }, // U+021A
    { 7, 20, 128, 1, 15, 35, 4073 }, // U+021B
    { 4, 4, 0, -2, 16, 4, 0 }, // U+0300
    { 4, 4, 0, -1, 16, 4, 4 }, // U+0301
    { 6, 4, 0, -3, 16, 6, 8 }, // U+0302
    { 6, 2, 0, -3, 15, 3, 14 }, // U+0303
    { 6, 1, 0, -3, 15, 2, 17 }, // U+0304
    { 6, 3, 0, -3, 16, 5, 19 }, // U+0306
    { 2, 3, 0, -1, 16, 2, 24 }, // U+0307
    { 6, 3, 0, -3, 16, 5, 26 }, // U+0308
    { 5, 5, 0, -3, 17, 7, 31 }, // U+0309
    { 4, 4, 0, -2, 16, 4, 38 }, // U+030A
    { 6, 4, 0, -2, 16, 6, 42 }, // U+030B
    { 6, 4, 0, -3, 16, 6, 48 }, // U+030C
    { 6, 4, 0, -4, 16, 6, 54 }, // U+030F
    { 6, 3, 0, -3, 16, 5, 60 }, // U+0311
    { 2, 4, 0, -1, 16, 2, 65 }, // U+0312
    { 3, 6, 0, -2, 14, 5, 67 }, // U+031B
    { 2, 3, 0, -1, -1, 2, 72 }, // U+0323
    { 6, 3, 0, -3, -1, 5, 74 }, // U+0324
    { 2, 4, 0, -1, -1, 2, 79 }, // U+0326
    { 4, 5, 0, -2, 0, 5, 81 }, // U+0327
    { 4, 5, 0, -2, 0, 5, 86 }, // U+0328
    { 6, 3, 0, -3, -1, 5, 91 }, // U+032E
    { 6, 1, 0, -3, -2, 2, 96 }, // U+0331
    { 11, 19, 208, 1, 19, 53, 0 }, // U+0401
    { 17, 17, 272, 0, 15, 73, 53 }, // U+0402
    { 11, 19, 208, 1, 19, 53, 126 }, // U+0403
    { 12, 15, 224, 1, 15, 45, 179 }, // U+0404
    { 10, 15, 208, 1, 15, 38, 224 }, // U+0405
    { 6, 15, 144, 1, 15, 23, 262 }, // U+0406
    { 7, 19, 144, 1, 19, 34, 285 }, // U+0407
    { 10, 15, 192, 1, 15, 38, 319 }, // U+0408
    { 20, 15, 336, 0, 15, 75, 357 }, // U+0409
    { 21, 15, 352, 1, 15, 79, 432 }, // U+040A
    { 18, 15, 320, 1, 15, 68, 511 }, // U+040B
    { 14, 19, 240, 1, 19, 67, 579 }, // U+040C
    { 15, 19, 288, 1, 19, 72, 646 }, // U+040D
    { 14, 20, 224, 0, 20, 70, 718 }, // U+040E
    { 15, 18, 288, 1, 15, 68, 788 }, // U+040F
    { 15, 15, 240, 0, 15, 57, 856 }, // U+0410
    { 12, 15, 224, 1, 15, 45, 913 }, // U+0411
    { 12, 15, 224, 1, 15, 45, 958 }, // U+0412
    { 11, 15, 208, 1, 15, 42, 1003 }, // U+0413
    { 14, 19, 240, 0, 15, 67, 1045 }, // U+0414
    { 11, 15, 208, 1, 15, 42, 1112 }, // U+0415
    { 21, 15, 352, 0, 15, 79, 1154 }, // U+0416
    { 10, 15, 192, 1, 15, 38, 1233 }, // U+0417
    { 15, 15, 288, 1, 15, 57, 1271 }, // U+0418
    { 15, 20, 288, 1, 20, 75, 1328 }, // U+0419
    { 14, 15, 240, 1, 15, 53, 1403 }, // U+041A
    { 15, 15, 256, 0, 15, 57, 1456 }, // U+041B
    { 19, 15, 336, 1, 15, 72, 1513 }, // U+041C
    { 15, 15, 288, 1, 15, 57, 1585 }, // U+041D
    { 14, 15, 256, 1, 15, 53, 1642 }, // U+041E
    { 15, 15, 288, 1, 15, 57, 1695 }, // U+041F
    { 11, 15, 208, 1, 15, 42, 1752 }, // U+0420
    { 13, 15, 240, 1, 15, 49, 1794 }, // U+0421
    { 14, 15, 256, 1, 15, 53, 1843 }, // U+0422
    { 14, 15, 224, 0, 15, 53, 1896 }, // U+0423
    { 15, 16, 272, 1, 16, 60, 1949 }, // U+0424
    { 15, 15, 240, 0, 15, 57, 2009 }, // U+0425
    { 16, 18, 288, 1, 15, 72, 2066 }, // U+0426
    { 15, 15, 256, 0, 15, 57, 2138 }, // U+0427
    { 22, 15, 384, 1, 15, 83, 2195 }, // U+0428
    { 23, 18, 400, 1, 15, 104, 2278 }, // U+0429
    { 15, 15, 256, 0, 15, 57, 2382 }, // U+042A
    { 18, 15, 336, 1, 15, 68, 2439 }, // U+042B
    { 12, 15, 224, 1, 15, 45, 2507 }, // U+042C
    { 12, 15, 224, 1, 15, 45, 2552 }, // U+042D
    { 21, 15, 368, 1, 15, 79, 2597 }, // U+042E
    { 13, 15, 240, 0, 15, 49, 2676 }, // U+042F
    { 10, 11, 176, 1, 11, 28, 2725 }, // U+0430
    { 10, 16, 192, 1, 16, 40, 2753 }, // U+0431
    { 10, 11, 192, 1, 11, 28, 2793 }, // U+0432
    { 9, 11, 176, 1, 11, 25, 2821 }, // U+0433
    { 12, 14, 208, 0, 11, 42, 2846 }, // U+0434
    { 9, 11, 176, 1, 11, 25, 2888 }, // U+0435
    { 18, 11, 288, 0, 11, 50, 2913 }, // U+0436
    { 8, 11, 160, 1, 11, 22, 2963 }, // U+0437
    { 12, 11, 224, 1, 11, 33, 2985 }, // U+0438
    { 12, 15, 224, 1, 15, 45, 3018 }, // U+0439
    { 11, 11, 192, 1, 11, 31, 3063 }, // U+043A
    { 12, 11, 208, 0, 11, 33, 3094 }, // U+043B
    { 14, 11, 256, 1, 11, 39, 3127 }, // U+043C
    { 12, 11, 224, 1, 11, 33, 3166 }, // U+043D
    { 10, 11, 192, 1, 11, 28, 3199 }, // U+043E
    { 12, 11, 224, 1, 11, 33, 3227 }, // U+043F
    { 11, 16, 208, 1, 11, 44, 3260 }, // U+0440
    { 9, 11, 160, 1, 11, 25, 3304 }, // U+0441
    { 11, 11, 192, 1, 11, 31, 3329 }, // U+0442
    { 12, 16, 192, 0, 11, 48, 3360 }, // U+0443
    { 15, 21, 272, 1, 16, 79, 3408 }, // U+0444
    { 12, 11, 192, 0, 11, 33, 3487 }, // U+0445
    { 13, 14, 224, 1, 11, 46, 3520 }, // U+0446
    { 12, 11, 208, 0, 11, 33, 3566 }, // U+0447
    { 18, 11, 320, 1, 11, 50, 3599 }, // U+0448
    { 19, 14, 336, 1, 11, 67, 3649 }, // U+0449
    { 12, 11, 208, 1, 11, 33, 3716 }, // U+044A
    { 15, 11, 272, 1, 11, 42, 3749 }, // U+044B
    { 10, 11, 176, 1, 11, 28, 3791 }, // U+044C
    { 9, 11, 176, 1, 11, 25, 3819 }, // U+044D
    { 16, 11, 288, 1, 11, 44, 3844 }, // U+044E
    { 12, 11, 208, 0, 11, 33, 3888 }, // U+044F
    { 9, 16, 176, 1, 16, 36, 3921 }, // U+0451
    { 11, 21, 224, 1, 16, 58, 3957 }, // U+0452
    { 9, 16, 176, 1, 16, 36, 4015 }, // U+0453
    { 9, 11, 176, 1, 11, 25, 4051 }, // U+0454
    { 8, 11, 144, 1, 11, 22, 4076 }, // U+0455
    { 5, 16, 112, 1, 16, 20, 4098 }, // U+0456
    { 7, 16, 112, 0, 16, 28, 4118 }, // U+0457
    { 4, 21, 96, 1, 16, 21, 4146 }, // U+0458
    { 16, 11, 272, 0, 11, 44, 4167 }, // U+0459
    { 17, 11, 288, 1, 11, 47, 4211 }, // U+045A
    { 13, 16, 224, 0, 16, 52, 4258 }, // U+045B
    { 11, 16, 192, 1, 16, 44, 4310 }, // U+045C
    { 12, 16, 224, 1, 16, 48, 4354 }, // U+045D
    { 12, 20, 192, 0, 15, 60, 4402 }, // U+045E
    { 12, 14, 224, 1, 11, 42, 4462 }, // U+045F
    { 15, 16, 256, 0, 16, 60, 4504 }, // U+0462
    { 12, 16, 224, 1, 16, 48, 4564 }, // U+0463
    { 20, 15, 336, 0, 15, 75, 4612 }, // U+046A
    { 17, 11, 272, 0, 11, 47, 4687 }, // U+046B
    { 11, 18, 192, 1, 18, 50, 4734 }, // U+0490
    { 9, 14, 160, 1, 14, 32, 4784 }, // U+0491
    { 11, 15, 208, 1, 15, 42, 4816 }, // U+0492
    { 9, 11, 176, 1, 11, 25, 4858 }, // U+0493
    { 22, 18, 352, 0, 15, 99, 4883 }, // U+0496
    { 18, 14, 288, 0, 11, 63, 4982 }, // U+0497
    { 14, 18, 256, 1, 15, 63, 5045 }, // U+049A
    { 11, 14, 208, 1, 11, 39, 5108 }, // U+049B
    { 16, 18, 288, 1, 15, 72, 5147 }, // U+04A2
    { 13, 14, 240, 1, 11, 46, 5219 }, // U+04A3
    { 15, 15, 240, 0, 15, 57, 5265 }, // U+04AE
    { 12, 16, 192, 0, 11, 48, 5322 }, // U+04AF
    { 14, 15, 240, 0, 15, 53, 5370 }, // U+04B0
    { 12, 16, 192, 0, 11, 48, 5423 }, // U+04B1
    { 15, 15, 256, 1, 15, 57, 5471 }, // U+04BA
    { 12, 16, 224, 1, 16, 48, 5528 }, // U+04BB
    { 12, 15, 240, 1, 15, 45, 5576 }, // U+04D8
    { 9, 11, 176, 1, 11, 25, 5621 }, // U+04D9
    { 14, 15, 256, 1, 15, 53, 5646 }, // U+04E8
    { 10, 11, 192, 1, 11, 28, 5699 }, // U+04E9
    { 15, 19, 240, 0, 15, 72, 0 }, // U+1EA0
    { 10, 15, 176, 1, 11, 38, 72 }, // U+1EA1
    { 15, 20, 240, 0, 20, 75, 110 }, // U+1EA2
    { 10, 17, 176, 1, 17, 43, 185 }, // U+1EA3
    { 15, 23, 240, 0, 23, 87, 228 }, // U+1EA4
    { 10, 20, 176, 1, 20, 50, 315 }, // U+1EA5
    { 15, 23, 240, 0, 23, 87, 365 }, // U+1EA6
    { 10, 20, 176, 1, 20, 50, 452 }, // U+1EA7
    { 15, 23, 240, 0, 23, 87, 502 }, // U+1EA8
    { 10, 20, 176, 1, 20, 50, 589 }, // U+1EA9
    { 15, 23, 240, 0, 23, 87, 639 }, // U+1EAA
    { 10, 20, 176, 1, 20, 50, 726 }, // U+1EAB
    { 15, 24, 240, 0, 20, 90, 776 }, // U+1EAC
    { 10, 20, 176, 1, 16, 50, 866 }, // U+1EAD
    { 15, 23, 240, 0, 23, 87, 916 }, // U+1EAE
    { 10, 20, 176, 1, 20, 50, 1003 }, // U+1EAF
    { 15, 23, 240, 0, 23, 87, 1053 }, // U+1EB0
    { 10, 20, 176, 1, 20, 50, 1140 }, // U+1EB1
    { 15, 24, 240, 0, 24, 90, 1190 }, // U+1EB2
    { 10, 20, 176, 1, 20, 50, 1280 }, // U+1EB3
    { 15, 23, 240, 0, 23, 87, 1330 }, // U+1EB4
    { 10, 19, 176, 1, 19, 48, 1417 }, // U+1EB5
    { 15, 23, 240, 0, 19, 87, 1465 }, // U+1EB6
    { 10, 20, 176, 1, 16, 50, 1552 }, // U+1EB7
    { 11, 19, 208, 1, 15, 53, 1602 }, // U+1EB8
    { 9, 15, 176, 1, 11, 34, 1655 }, // U+1EB9
    { 11, 20, 208, 1, 20, 55, 1689 }, // U+1EBA
    { 9, 17, 176, 1, 17, 39, 1744 }, // U+1EBB
    { 11, 19, 208, 1, 19, 53, 1783 }, // U+1EBC
    { 9, 15, 176, 1, 15, 34, 1836 }, // U+1EBD
    { 11, 23, 208, 1, 23, 64, 1870 }, // U+1EBE
    { 9, 20, 176, 1, 20, 45, 1934 }, // U+1EBF
    { 11, 23, 208, 1, 23, 64, 1979 }, // U+1EC0
    { 9, 20, 176, 1, 20, 45, 2043 }, // U+1EC1
    { 11, 23, 208, 1, 23, 64, 2088 }, // U+1EC2
    { 10, 20, 176, 1, 20, 50, 2152 }, // U+1EC3
    { 11, 23, 208, 1, 23, 64, 2202 }, // U+1EC4
    { 9, 20, 176, 1, 20, 45, 2266 }, // U+1EC5
    { 11, 24, 208, 1, 20, 66, 2311 }, // U+1EC6
    { 9, 20, 176, 1, 16, 45, 2377 }, // U+1EC7
    { 6, 20, 144, 1, 20, 30, 2422 }, // U+1EC8
    { 6, 17, 112, 0, 17, 26, 2452 }, // U+1EC9
    { 6, 19, 144, 1, 15, 29, 2478 }, // U+1ECA
    { 5, 20, 112, 1, 16, 25, 2507 }, // U+1ECB
    { 14, 19, 256, 1, 15, 67, 2532 }, // U+1ECC
    { 10, 15, 192, 1, 11, 38, 2599 }, // U+1ECD
    { 14, 20, 256, 1, 20, 70, 2637 }, // U+1ECE
    { 10, 17, 192, 1, 17, 43, 2707 }, // U+1ECF
    { 14, 23, 256, 1, 23, 81, 2750 }, // U+1ED0
    { 10, 20, 192, 1, 20, 50, 2831 }, // U+1ED1
    { 14, 23, 256, 1, 23, 81, 2881 }, // U+1ED2
    { 10, 20, 192, 1, 20, 50, 2962 }, // U+1ED3
    { 14, 23, 256, 1, 23, 81, 3012 }, // U+1ED4
    { 11, 20, 192, 1, 20, 55, 3093 }, // U+1ED5
    { 14, 23, 256, 1, 23, 81, 3148 }, // U+1ED6
    { 10, 20, 192, 1, 20, 50, 3229 }, // U+1ED7
    { 14, 24, 256, 1, 20, 84, 3279 }, // U+1ED8
    { 10, 20, 192, 1, 16, 50, 3363 }, // U+1ED9
    { 16, 19, 272, 1, 19, 76, 3413 }, // U+1EDA
    { 12, 16, 208, 1, 16, 48, 3489 }, // U+1EDB
    { 16, 19, 272, 1, 19, 76, 3537 }, // U+1EDC
    { 12, 16, 208, 1, 16, 48, 3613 }, // U+1EDD
    { 16, 20, 272, 1, 20, 80, 3661 }, // U+1EDE
    { 12, 17, 208, 1, 17, 51, 3741 }, // U+1EDF
    { 16, 19, 272, 1, 19, 76, 3792 }, // U+1EE0
    { 12, 15, 208, 1, 15, 45, 3868 }, // U+1EE1
    { 16, 20, 272, 1, 16, 80, 3913 }, // U+1EE2
    { 12, 18, 208, 1, 14, 54, 3993 }, // U+1EE3
    { 15, 19, 272, 1, 15, 72, 4047 }, // U+1EE4
    { 12, 15, 208, 1, 11, 45, 4119 }, // U+1EE5
    { 15, 20, 272, 1, 20, 75, 4164 }, // U+1EE6
    { 12, 17, 208, 1, 17, 51, 4239 }, // U+1EE7
    { 17, 19, 288, 1, 19, 81, 4290 }, // U+1EE8
    { 13, 16, 224, 1, 16, 52, 4371 }, // U+1EE9
    { 17, 19, 288, 1, 19, 81, 4423 }, // U+1EEA
    { 13, 16, 224, 1, 16, 52, 4504 }, // U+1EEB
    { 17, 20, 288, 1, 20, 85, 4556 }, // U+1EEC
    { 13, 17, 224, 1, 17, 56, 4641 }, // U+1EED
    { 17, 19, 288, 1, 19, 81, 4697 }, // U+1EEE
    { 13, 15, 224, 1, 15, 49, 4778 }, // U+1EEF
    { 17, 20, 288, 1, 16, 85, 4827 }, // U+1EF0
    { 13, 18, 224, 1, 14, 59, 4912 }, // U+1EF1
    { 15, 19, 240, 0, 19, 72, 4971 }, // U+1EF2
    { 12, 21, 192, 0, 16, 63, 5043 }, // U+1EF3
    { 15, 19, 240, 0, 15, 72, 5106 }, // U+1EF4
    { 12, 16, 192, 0, 11, 48, 5178 }, // U+1EF5
    { 15, 20, 240, 0, 20, 75, 5226 }, // U+1EF6
    { 12, 22, 192, 0, 17, 66, 5301 }, // U+1EF7
    { 15, 19, 240, 0, 19, 72, 5367 }, // U+1EF8
    { 12, 20, 192, 0, 15, 60, 5439 }, // U+1EF9
    { 1, 1, 192, 0, 1, 1, 0 }, // U+2007
    { 1, 1, 112, 0, 1, 1, 1 }, // U+2008
    { 1, 1, 48, 0, 1, 1, 2 }, // U+2009
    { 1, 1, 16, 0, 1, 1, 3 }, // U+200A
    { 1, 1, 0, 0, 1, 1, 4 }, // U+200B
    { 6, 1, 112, 1, 7, 2, 5 }, // U+2010
    { 10, 1, 176, 0, 6, 3, 7 }, // U+2012
    { 10, 1, 176, 0, 6, 3, 10 }, // U+2013
    { 21, 1, 336, 0, 6, 6, 13 }, // U+2014
    { 21, 1, 336, 0, 6, 6, 19 }, // U+2015
    { 3, 6, 112, 2, 17, 5, 25 }, // U+2018
    { 3, 6, 112, 2, 16, 5, 30 }, // U+2019
    { 3, 6, 112, 2, 3, 5, 35 }, // U+201A
    { 7, 6, 176, 2, 17, 11, 40 }, // U+201C
    { 7, 6, 176, 2, 16, 11, 51 }, // U+201D
    { 7, 6, 144, 1, 3, 11, 62 }, // U+201E
    { 9, 16, 176, 1, 16, 36, 73 }, // U+2020
    { 9, 16, 176, 1, 16, 36, 109 }, // U+2021
    { 4, 4, 128, 2, 8, 4, 145 }, // U+2022
    { 17, 3, 304, 1, 3, 13, 149 }, // U+2026
    { 24, 13, 416, 1, 13, 78, 162 }, // U+2030
    { 3, 5, 64, 1, 17, 4, 240 }, // U+2032
    { 6, 5, 128, 1, 17, 8, 244 }, // U+2033
    { 5, 9, 96, 1, 10, 12, 252 }, // U+2039
    { 4, 9, 96, 1, 10, 9, 264 }, // U+203A
    { 17, 17, 304, 1, 16, 73, 273 }, // U+2042
    { 11, 15, 80, -3, 15, 42, 346 }, // U+2044
    { 8, 9, 160, 1, 17, 18, 0 }, // U+2070
    { 8, 10, 144, 0, 18, 20, 18 }, // U+2074
    { 7, 9, 128, 0, 17, 16, 38 }, // U+2075
    { 7, 9, 144, 1, 17, 16, 54 }, // U+2076
    { 8, 9, 128, 0, 17, 18, 70 }, // U+2077
    { 7, 9, 144, 1, 17, 16, 88 }, // U+2078
    { 8, 9, 128, 0, 17, 18, 104 }, // U+2079
    { 4, 13, 80, 1, 19, 13, 122 }, // U+207D
    { 3, 13, 80, 1, 19, 10, 135 }, // U+207E
    { 9, 7, 176, 1, 15, 16, 145 }, // U+207F
    { 8, 9, 160, 1, 6, 18, 161 }, // U+2080
    { 5, 10, 112, 1, 7, 13, 179 }, // U+2081
    { 7, 9, 128, 1, 6, 16, 192 }, // U+2082
    { 7, 9, 144, 1, 6, 16, 208 }, // U+2083
    { 8, 10, 144, 0, 7, 20, 224 }, // U+2084
    { 7, 9, 128, 0, 6, 16, 244 }, // U+2085
    { 7, 9, 144, 1, 6, 16, 260 }, // U+2086
    { 8, 9, 128, 0, 6, 18, 276 }, // U+2087
    { 7, 9, 144, 1, 6, 16, 294 }, // U+2088
    { 8, 9, 128, 0, 6, 18, 310 }, // U+2089
    { 4, 13, 80, 1, 8, 13, 328 }, // U+208D
    { 3, 13, 80, 1, 8, 10, 341 }, // U+208E
    { 11, 18, 208, 1, 17, 50, 0 }, // U+20A1
    { 12, 15, 208, 0, 15, 45, 50 }, // U+20A3
    { 10, 15, 176, 1, 15, 38, 95 }, // U+20A4
    { 15, 15, 288, 1, 15, 57, 133 }, // U+20A6
    { 29, 15, 480, 1, 15, 109, 190 }, // U+20A7
    { 23, 15, 368, 0, 15, 87, 299 }, // U+20A9
    { 11, 19, 208, 1, 16, 53, 386 }, // U+20AB
    { 13, 15, 224, 0, 15, 49, 439 }, // U+20AC
    { 14, 15, 256, 1, 15, 53, 488 }, // U+20AD
    { 14, 15, 224, 0, 15, 53, 541 }, // U+20AE
    { 12, 15, 224, 1, 15, 45, 594 }, // U+20B1
    { 14, 18, 240, 1, 17, 63, 639 }, // U+20B2
    { 13, 15, 208, 0, 15, 49, 702 }, // U+20B4
    { 11, 19, 208, 1, 18, 53, 751 }, // U+20B5
    { 14, 15, 224, 0, 15, 53, 804 }, // U+20B8
    { 11, 15, 208, 1, 15, 42, 857 }, // U+20B9
    { 11, 15, 208, 1, 15, 42, 899 }, // U+20BA
    { 13, 15, 240, 1, 15, 49, 941 }, // U+20BC
    { 11, 15, 192, 1, 15, 42, 990 }, // U+20BD
    { 10, 6, 192, 1, 9, 15, 0 }, // U+2190
    { 6, 10, 192, 3, 10, 15, 15 }, // U+2191
    { 10, 6, 192, 1, 9, 15, 30 }, // U+2192
    { 6, 10, 192, 3, 11, 15, 45 }, // U+2193
    { 9, 15, 176, 1, 15, 34, 0 }, // U+2202
    { 14, 15, 256, 1, 14, 53, 34 }, // U+2205
    { 12, 15, 208, 1, 15, 45, 87 }, // U+2206
    { 15, 18, 288, 1, 15, 68, 132 }, // U+220F
    { 11, 18, 208, 1, 15, 50, 200 }, // U+2211
    { 9, 1, 192, 2, 7, 3, 250 }, // U+2212
    { 10, 15, 192, 1, 15, 38, 253 }, // U+2215
    { 3, 3, 112, 2, 9, 3, 291 }, // U+2219
    { 11, 16, 192, 1, 15, 44, 294 }, // U+221A
    { 11, 5, 224, 1, 8, 14, 338 }, // U+221E
    { 9, 19, 144, 0, 15, 43, 352 }, // U+222B
    { 9, 6, 192, 2, 9, 14, 395 }, // U+2248
    { 9, 11, 192, 2, 12, 25, 409 }, // U+2260
    { 8, 11, 192, 2, 11, 22, 434 }, // U+2264
    { 9, 11, 192, 2, 11, 25, 456 }, // U+2265
    { 12, 16, 208, 1, 16, 48, 0 }, // U+FB01
    { 12, 16, 224, 1, 16, 48, 48 }, // U+FB02
};

static const EpdUnicodeInterval literatamono_10_regularIntervals[] = {
    { 0x20, 0x7E, 0x0 },
    { 0xA0, 0x17E, 0x5F },
    { 0x1A0, 0x1A1, 0x13E },
    { 0x1AF, 0x1B0, 0x140 },
    { 0x1C4, 0x1DC, 0x142 },
    { 0x1E6, 0x1E7, 0x15B },
    { 0x1EA, 0x1EB, 0x15D },
    { 0x1FA, 0x21B, 0x15F },
    { 0x300, 0x304, 0x181 },
    { 0x306, 0x30C, 0x186 },
    { 0x30F, 0x30F, 0x18D },
    { 0x311, 0x312, 0x18E },
    { 0x31B, 0x31B, 0x190 },
    { 0x323, 0x324, 0x191 },
    { 0x326, 0x328, 0x193 },
    { 0x32E, 0x32E, 0x196 },
    { 0x331, 0x331, 0x197 },
    { 0x401, 0x44F, 0x198 },
    { 0x451, 0x45F, 0x1E7 },
    { 0x462, 0x463, 0x1F6 },
    { 0x46A, 0x46B, 0x1F8 },
    { 0x490, 0x493, 0x1FA },
    { 0x496, 0x497, 0x1FE },
    { 0x49A, 0x49B, 0x200 },
    { 0x4A2, 0x4A3, 0x202 },
    { 0x4AE, 0x4B1, 0x204 },
    { 0x4BA, 0x4BB, 0x208 },
    { 0x4D8, 0x4D9, 0x20A },
    { 0x4E8, 0x4E9, 0x20C },
    { 0x1EA0, 0x1EF9, 0x20E },
    { 0x2007, 0x200B, 0x268 },
    { 0x2010, 0x2010, 0x26D },
    { 0x2012, 0x2015, 0x26E },
    { 0x2018, 0x201A, 0x272 },
    { 0x201C, 0x201E, 0x275 },
    { 0x2020, 0x2022, 0x278 },
    { 0x2026, 0x2026, 0x27B },
    { 0x2030, 0x2030, 0x27C },
    { 0x2032, 0x2033, 0x27D },
    { 0x2039, 0x203A, 0x27F },
    { 0x2042, 0x2042, 0x281 },
    { 0x2044, 0x2044, 0x282 },
    { 0x2070, 0x2070, 0x283 },
    { 0x2074, 0x2079, 0x284 },
    { 0x207D, 0x2089, 0x28A },
    { 0x208D, 0x208E, 0x297 },
    { 0x20A1, 0x20A1, 0x299 },
    { 0x20A3, 0x20A4, 0x29A },
    { 0x20A6, 0x20A7, 0x29C },
    { 0x20A9, 0x20A9, 0x29E },
    { 0x20AB, 0x20AE, 0x29F },
    { 0x20B1, 0x20B2, 0x2A3 },
    { 0x20B4, 0x20B5, 0x2A5 },
    { 0x20B8, 0x20BA, 0x2A7 },
    { 0x20BC, 0x20BD, 0x2AA },
    { 0x2190, 0x2193, 0x2AC },
    { 0x2202, 0x2202, 0x2B0 },
    { 0x2205, 0x2206, 0x2B1 },
    { 0x220F, 0x220F, 0x2B3 },
    { 0x2211, 0x2212, 0x2B4 },
    { 0x2215, 0x2215, 0x2B6 },
    { 0x2219, 0x221A, 0x2B7 },
    { 0x221E, 0x221E, 0x2B9 },
    { 0x222B, 0x222B, 0x2BA },
    { 0x2248, 0x2248, 0x2BB },
    { 0x2260, 0x2260, 0x2BC },
    { 0x2264, 0x2265, 0x2BD },
    { 0xFB01, 0xFB02, 0x2BF },
};

static const EpdFontGroup literatamono_10_regularGroups[] = {
    { 0, 1183, 3778, 95, 0 },
    { 1183, 1087, 4474, 96, 95 },
    { 2270, 1419, 7335, 127, 191 },
    { 3689, 1077, 4529, 67, 318 },
    { 4766, 81, 122, 23, 385 },
    { 4847, 1639, 6256, 118, 408 },
    { 6486, 852, 6152, 90, 526 },
    { 7338, 179, 444, 27, 616 },
    { 7517, 121, 385, 22, 643 },
    { 7638, 427, 1140, 19, 665 },
    { 8065, 46, 76, 4, 684 },
    { 8111, 210, 553, 15, 688 },
    { 8321, 43, 96, 2, 703 },
};

static const uint16_t literatamono_10_regularKernLeftCodepoints[] = {
    0x0022, 0x0026, 0x0027, 0x002A, 0x002C, 0x002D, 0x002E, 0x002F, 0x0030, 0x0031, 0x0032, 0x0033,
    0x0034, 0x0035, 0x0037, 0x0038, 0x0039, 0x003A, 0x003B, 0x003D, 0x003F, 0x0040, 0x0041, 0x0042,
    0x0043, 0x0044, 0x0045, 0x0046, 0x0047, 0x0048, 0x0049, 0x004A, 0x004B, 0x004C, 0x004D, 0x004E,
    0x004F, 0x0050, 0x0051, 0x0052, 0x0053, 0x0054, 0x0055, 0x0056, 0x0057, 0x0058, 0x0059, 0x005A,
    0x005B, 0x005C, 0x0061, 0x0062, 0x0063, 0x0064, 0x0065, 0x0066, 0x0067, 0x0068, 0x0069, 0x006A,
    0x006B, 0x006C, 0x006D, 0x006E, 0x006F, 0x0070, 0x0071, 0x0072, 0x0073, 0x0074, 0x0075, 0x0076,
    0x0077, 0x0078, 0x0079, 0x007A, 0x00A1, 0x00AB, 0x00AD, 0x00B5, 0x00B7, 0x00BB, 0x00BF, 0x00C0,
    0x00C1, 0x00C2, 0x00C3, 0x00C4, 0x00C5, 0x00C6, 0x00C7, 0x00C8, 0x00C9, 0x00CA, 0x00CB, 0x00CC,
    0x00CD, 0x00CE, 0x00CF, 0x00D0, 0x00D1, 0x00D2, 0x00D3, 0x00D4, 0x00D5, 0x00D6, 0x00D7, 0x00D8,
    0x00D9, 0x00DA, 0x00DB, 0x00DC, 0x00DD, 0x00DE, 0x00DF, 0x00E0, 0x00E1, 0x00E2, 0x00E3, 0x00E4,
    0x00E5, 0x00E6, 0x00E7, 0x00E8, 0x00E9, 0x00EA, 0x00EB, 0x00EC, 0x00ED, 0x00EE, 0x00EF, 0x00F1,
    0x00F2, 0x00F3, 0x00F4, 0x00F5, 0x00F6, 0x00F8, 0x00F9, 0x00FA, 0x00FB, 0x00FC, 0x00FD, 0x00FE,
    0x00FF, 0x0100, 0x0101, 0x0102, 0x0103, 0x0104, 0x0105, 0x0106, 0x0107, 0x0108, 0x0109, 0x010A,
    0x010B, 0x010C, 0x010D, 0x010E, 0x010F, 0x0110, 0x0111, 0x0112, 0x0113, 0x0114, 0x0115, 0x0116,
    0x0117, 0x0118, 0x0119, 0x011A, 0x011B, 0x011C, 0x011D, 0x011E, 0x011F, 0x0120, 0x0121, 0x0122,
    0x0123, 0x0124, 0x0125, 0x0126, 0x0127, 0x0128, 0x0129, 0x012A, 0x012B, 0x012C, 0x012D, 0x012E,
    0x012F, 0x0130, 0x0131, 0x0134, 0x0135, 0x0136, 0x0137, 0x0138, 0x0139, 0x013A, 0x013B, 0x013C,
    0x013D, 0x013E, 0x013F, 0x0140, 0x0141, 0x0142, 0x0143, 0x0144, 0x0145, 0x0146, 0x0147, 0x0148,
    0x0149, 0x014A, 0x014B, 0x014C, 0x014D, 0x014E, 0x014F, 0x0150, 0x0151, 0x0152, 0x0153, 0x0154,
    0x0155, 0x0156, 0x0157, 0x0158, 0x0159, 0x015A, 0x015B, 0x015C, 0x015D, 0x015E, 0x015F, 0x0160,
    0x0161, 0x0162, 0x0163, 0x0164, 0x0165, 0x0166, 0x0167, 0x0168, 0x0169, 0x016A, 0x016B, 0x016C,
    0x016D, 0x016E, 0x016F, 0x0170, 0x0171, 0x0172, 0x0173, 0x0174, 0x0175, 0x0176, 0x0177, 0x0178,
    0x0179, 0x017A, 0x017B, 0x017C, 0x017D, 0x017E, 0x01A0, 0x01A1, 0x01AF, 0x01B0, 0x01C6, 0x01C7,
    0x01C9, 0x01CA, 0x01CC, 0x01CD, 0x01CE, 0x01CF, 0x01D0, 0x01D1, 0x01D2, 0x01D3, 0x01D4, 0x01D5,
    0x01D6, 0x01D7, 0x01D8, 0x01D9, 0x01DA, 0x01DB, 0x01DC, 0x01E6, 0x01E7, 0x01EA, 0x01EB, 0x01FA,
    0x01FB, 0x01FC, 0x01FD, 0x01FE, 0x01FF, 0x0200, 0x0201, 0x0202, 0x0203, 0x0204, 0x0205, 0x0206,
    0x0207, 0x0208, 0x0209, 0x020A, 0x020B, 0x020C, 0x020D, 0x020E, 0x020F, 0x0210, 0x0211, 0x0212,
    0x0213, 0x0214, 0x0215, 0x0216, 0x0217, 0x0218, 0x0219, 0x021A, 0x021B, 0x0401, 0x0402, 0x0403,
    0x0404, 0x0405, 0x0406, 0x0407, 0x0408, 0x0409, 0x040A, 0x040B, 0x040C, 0x040D, 0x040E, 0x040F,
    0x0410, 0x0411, 0x0412, 0x0413, 0x0414, 0x0415, 0x0416, 0x0417, 0x0418, 0x0419, 0x041A, 0x041B,
    0x041C, 0x041D, 0x041E, 0x041F, 0x0420, 0x0421, 0x0422, 0x0423, 0x0424, 0x0425, 0x0426, 0x0427,
    0x0428, 0x0429, 0x042A, 0x042B, 0x042C, 0x042D, 0x042E, 0x042F, 0x0430, 0x0431, 0x0432, 0x0433,
    0x0434, 0x0435, 0x0436, 0x0437, 0x0438, 0x0439, 0x043A, 0x043B, 0x043C, 0x043D, 0x043E, 0x043F,
    0x0440, 0x0441, 0x0442, 0x0443, 0x0444, 0x0445, 0x0446, 0x0447, 0x0448, 0x0449, 0x044A, 0x044B,
    0x044C, 0x044D, 0x044E, 0x044F, 0x0451, 0x0452, 0x0453, 0x0454, 0x0455, 0x0456, 0x0457, 0x0458,
    0x0459, 0x045A, 0x045B, 0x045C, 0x045D, 0x045E, 0x045F, 0x0462, 0x0463, 0x046A, 0x046B, 0x0490,
    0x0491, 0x0492, 0x0493, 0x0496, 0x0497, 0x049A, 0x049B, 0x04A2, 0x04A3, 0x04AE, 0x04AF, 0x04B0,
    0x04B1, 0x04BA, 0x04BB, 0x04D8, 0x04D9, 0x04E8, 0x04E9, 0x1EA0, 0x1EA1, 0x1EA2, 0x1EA3, 0x1EA4,
    0x1EA5, 0x1EA6, 0x1EA7, 0x1EA8, 0x1EA9, 0x1EAA, 0x1EAB, 0x1EAC, 0x1EAD, 0x1EAE, 0x1EAF, 0x1EB0,
    0x1EB1, 0x1EB2, 0x1EB3, 0x1EB4, 0x1EB5, 0x1EB6, 0x1EB7, 0x1EB8, 0x1EB9, 0x1EBA, 0x1EBB, 0x1EBC,
    0x1EBD, 0x1EBE, 0x1EBF, 0x1EC0, 0x1EC1, 0x1EC2, 0x1EC3, 0x1EC4, 0x1EC5, 0x1EC6, 0x1EC7, 0x1EC8,
    0x1EC9, 0x1ECA, 0x1ECB, 0x1ECC, 0x1ECD, 0x1ECE, 0x1ECF, 0x1ED0, 0x1ED1, 0x1ED2, 0x1ED3, 0x1ED4,
    0x1ED5, 0x1ED6, 0x1ED7, 0x1ED8, 0x1ED9, 0x1EDA, 0x1EDB, 0x1EDC, 0x1EDD, 0x1EDE, 0x1EDF, 0x1EE0,
    0x1EE1, 0x1EE2, 0x1EE3, 0x1EE4, 0x1EE5, 0x1EE6, 0x1EE7, 0x1EE8, 0x1EE9, 0x1EEA, 0x1EEB, 0x1EEC,
    0x1EED, 0x1EEE, 0x1EEF, 0x1EF0, 0x1EF1, 0x1EF2, 0x1EF3, 0x1EF4, 0x1EF5, 0x1EF6, 0x1EF7, 0x1EF8,
    0x1EF9, 0x2010, 0x2012, 0x2013, 0x2014, 0x2015, 0x2018, 0x2019, 0x201A, 0x201C, 0x201D, 0x201E,
    0x2026, 0x2039, 0x203A, 0x2206, 0x2212, 0xFB01, 0xFB02,
};

static const uint8_t literatamono_10_regularKernLeftClassIds[] = {
      1,   2,   1,   3,   4,   5,   4,   6,   7,   8,   9,  10,  11,  12,  13,  14,
     14,  15,  15,  16,  17,  18,  19,  20,  21,  22,  23,  24,  25,  26,  26,  27,
     28,  29,  30,  31,  32,  33,  34,  35,  36,  37,  38,  39,  40,  41,  42,  43,
     44,  45,  46,  47,  48,  49,  50,  51,  52,  53,  54,  55,  56,  49,  53,  53,
     57,  57,  58,  59,  60,  61,  54,  62,  63,  64,  62,  65,  66,  67,   5,  68,
     69,  70,  71,  19,  19,  19,  19,  19,  19,  23,  21,  23,  23,  23,  23,  26,
     26,  26,  26,  72,  31,  32,  32,  32,  32,  32,  73,  32,  74,  74,  74,  74,
     75,  76,  77,  78,  79,  79,  79,  79,  79,  57,  48,  80,  80,  80,  80,  54,
     54,  54,  81,  53,  57,  57,  57,  57,  57,  57,  54,  54,  54,  54,  62,  57,
     62,  19,  79,  19,  79,  19,  79,  21,  48,  21,  48,  21,  48,  21,  48,  82,
     83,  82,  49,  23,  80,  23,  80,  23,  80,  23,  80,  23,  80,  25,  52,  25,
     52,  25,  52,  25,  52,  26,  53,  26,  53,  26,  54,  26,  54,  26,  54,  26,
     54,  26,  54,  27,  55,  28,  56,  56,  29,  49,  29,  49,  84,  85,  29,  49,
     29,  86,  31,  53,  31,  53,  31,  53,  53,  27,  55,  32,  57,  32,  57,  32,
     57,  23,  57,  35,  59,  35,  59,  35,  59,  36,  60,  36,  60,  36,  60,  36,
     60,  87,  61,  37,  88,  37,  61,  74,  54,  74,  54,  74,  54,  74,  54,  74,
     54,  74,  54,  89,  63,  75,  62,  75,  43,  65,  43,  65,  43,  65,  90,  91,
     92,  93,  53,  27,  55,  27,  55,  19,  53,  26,  54,  32,  57,  74,  54,  74,
     54,  74,  54,  74,  54,  74,  54,  25,  52,  32,  57,  19,  53,  23,  57,  32,
     57,  19,  53,  19,  53,  23,  57,  23,  57,  26,  54,  26,  54,  32,  57,  32,
     57,  35,  59,  35,  59,  74,  54,  74,  54,  36,  60,  87,  61,  94,  95,  96,
     97,  98,  99,  99, 100, 101, 101, 102, 103,  99, 104,  99, 105, 106, 107, 108,
    109,  94, 110, 111,  99,  99, 112,  99, 113,  99, 114,  99, 115, 116, 117, 104,
    118, 119, 120,  99,  99, 120, 101,  99, 101, 121, 121,  99, 122, 123, 124, 125,
    126, 127, 128, 129, 130, 130, 128, 130, 130, 130, 131, 130, 131, 132, 133, 134,
    131, 135, 136, 130, 130, 136, 137, 130, 137, 131, 131, 130, 127, 138, 125, 139,
    140, 130, 141, 142, 137, 137, 138, 128, 130, 134, 130, 143, 137, 144, 145, 146,
    147, 108, 125, 112, 148, 149, 128, 120, 136, 150, 151, 104, 151, 152, 138, 121,
    131, 121, 131,  19,  53,  19,  53,  19,  53,  19,  53,  19,  53,  19,  53,  19,
     53,  19,  53,  19,  53,  19,  53,  19,  53,  19,  53,  23,  57,  23,  57,  23,
     57,  23,  57,  23,  57,  23,  57,  23,  57,  23,  57,  26,  54,  26,  54,  32,
     57,  32,  57,  32,  57,  32,  57,  32,  57,  32,  57,  32,  57, 153, 154, 153,
    154, 153, 154, 153, 154, 153, 154,  74,  54,  74,  54, 155,  93, 155,  93, 155,
     93, 155,  93, 155,  93,  75,  62, 156,  62, 156,  62, 156,  62,   5,   5,   5,
      5,   5, 157, 158, 159, 157, 158, 159,   4,  67,  70, 160, 161, 162,  49,
};

static const uint16_t literatamono_10_regularKernRightCodepoints[] = {
    0x0021, 0x0022, 0x0025, 0x0026, 0x0027, 0x0029, 0x002A, 0x002B, 0x002C, 0x002D, 0x002E, 0x002F,
    0x0031, 0x0032, 0x0033, 0x0034, 0x0035, 0x0036, 0x0037, 0x003A, 0x003B, 0x003D, 0x003F, 0x0040,
    0x0041, 0x0043, 0x0047, 0x004A, 0x004D, 0x004F, 0x0051, 0x0053, 0x0054, 0x0055, 0x0056, 0x0057,
    0x0058, 0x0059, 0x005A, 0x005C, 0x005D, 0x0061, 0x0062, 0x0063, 0x0064, 0x0065, 0x0066, 0x0067,
    0x0068, 0x0069, 0x006A, 0x006B, 0x006C, 0x006D, 0x006E, 0x006F, 0x0070, 0x0071, 0x0072, 0x0073,
    0x0074, 0x0075, 0x0076, 0x0077, 0x0078, 0x0079, 0x007A, 0x00AB, 0x00AD, 0x00B0, 0x00B2, 0x00B3,
    0x00B7, 0x00B9, 0x00BB, 0x00BF, 0x00C0, 0x00C1, 0x00C2, 0x00C3, 0x00C4, 0x00C5, 0x00C6, 0x00C7,
    0x00D2, 0x00D3, 0x00D4, 0x00D5, 0x00D6, 0x00D7, 0x00D8, 0x00D9, 0x00DA, 0x00DB, 0x00DC, 0x00DD,
    0x00E0, 0x00E1, 0x00E2, 0x00E3, 0x00E4, 0x00E5, 0x00E6, 0x00E7, 0x00E8, 0x00E9, 0x00EA, 0x00EB,
    0x00EC, 0x00ED, 0x00EE, 0x00EF, 0x00F0, 0x00F1, 0x00F2, 0x00F3, 0x00F4, 0x00F5, 0x00F6, 0x00F8,
    0x00F9, 0x00FA, 0x00FB, 0x00FC, 0x00FD, 0x00FE, 0x00FF, 0x0100, 0x0101, 0x0102, 0x0103, 0x0104,
    0x0105, 0x0106, 0x0107, 0x0108, 0x0109, 0x010A, 0x010B, 0x010C, 0x010D, 0x010F, 0x0111, 0x0113,
    0x0115, 0x0117, 0x0119, 0x011B, 0x011C, 0x011D, 0x011E, 0x011F, 0x0120, 0x0121, 0x0122, 0x0123,
    0x0125, 0x0127, 0x0129, 0x012B, 0x012D, 0x012F, 0x0131, 0x0134, 0x0135, 0x0137, 0x0138, 0x013A,
    0x013C, 0x013E, 0x0140, 0x0142, 0x0144, 0x0146, 0x0148, 0x0149, 0x014B, 0x014C, 0x014D, 0x014E,
    0x014F, 0x0150, 0x0151, 0x0152, 0x0153, 0x0155, 0x0157, 0x0159, 0x015A, 0x015B, 0x015C, 0x015D,
    0x015E, 0x015F, 0x0160, 0x0161, 0x0162, 0x0163, 0x0164, 0x0165, 0x0166, 0x0167, 0x0168, 0x0169,
    0x016A, 0x016B, 0x016C, 0x016D, 0x016E, 0x016F, 0x0170, 0x0171, 0x0172, 0x0173, 0x0174, 0x0175,
    0x0176, 0x0177, 0x0178, 0x0179, 0x017A, 0x017B, 0x017C, 0x017D, 0x017E, 0x01A0, 0x01A1, 0x01AF,
    0x01B0, 0x01C6, 0x01C9, 0x01CC, 0x01CD, 0x01CE, 0x01D0, 0x01D1, 0x01D2, 0x01D3, 0x01D4, 0x01D5,
    0x01D6, 0x01D7, 0x01D8, 0x01D9, 0x01DA, 0x01DB, 0x01DC, 0x01E6, 0x01E7, 0x01EA, 0x01EB, 0x01FA,
    0x01FB, 0x01FC, 0x01FD, 0x01FE, 0x01FF, 0x0200, 0x0201, 0x0202, 0x0203, 0x0205, 0x0207, 0x0209,
    0x020B, 0x020C, 0x020D, 0x020E, 0x020F, 0x0211, 0x0213, 0x0214, 0x0215, 0x0216, 0x0217, 0x0218,
    0x0219, 0x021A, 0x021B, 0x0401, 0x0402, 0x0403, 0x0404, 0x0405, 0x0406, 0x0407, 0x0408, 0x0409,
    0x040A, 0x040B, 0x040C, 0x040D, 0x040E, 0x040F, 0x0410, 0x0411, 0x0412, 0x0413, 0x0414, 0x0415,
    0x0416, 0x0417, 0x0418, 0x0419, 0x041A, 0x041B, 0x041C, 0x041D, 0x041E, 0x041F, 0x0420, 0x0421,
    0x0422, 0x0423, 0x0424, 0x0425, 0x0426, 0x0427, 0x0428, 0x0429, 0x042A, 0x042B, 0x042C, 0x042D,
    0x042E, 0x042F, 0x0430, 0x0431, 0x0432, 0x0433, 0x0434, 0x0435, 0x0436, 0x0437, 0x0438, 0x0439,
    0x043A, 0x043B, 0x043C, 0x043D, 0x043E, 0x043F, 0x0440, 0x0441, 0x0442, 0x0443, 0x0444, 0x0445,
    0x0446, 0x0447, 0x0448, 0x0449, 0x044A, 0x044B, 0x044C, 0x044D, 0x044E, 0x044F, 0x0451, 0x0452,
    0x0453, 0x0454, 0x0455, 0x0456, 0x0457, 0x0458, 0x0459, 0x045A, 0x045B, 0x045C, 0x045D, 0x045E,
    0x045F, 0x0462, 0x0463, 0x046A, 0x046B, 0x0490, 0x0491, 0x0492, 0x0493, 0x0496, 0x0497, 0x049A,
    0x049B, 0x04A2, 0x04A3, 0x04AE, 0x04AF, 0x04B0, 0x04B1, 0x04BA, 0x04BB, 0x04D8, 0x04D9, 0x04E8,
    0x04E9, 0x1EA0, 0x1EA1, 0x1EA2, 0x1EA3, 0x1EA4, 0x1EA5, 0x1EA6, 0x1EA7, 0x1EA8, 0x1EA9, 0x1EAA,
    0x1EAB, 0x1EAC, 0x1EAD, 0x1EAE, 0x1EAF, 0x1EB0, 0x1EB1, 0x1EB2, 0x1EB3, 0x1EB4, 0x1EB5, 0x1EB6,
    0x1EB7, 0x1EB9, 0x1EBB, 0x1EBD, 0x1EBF, 0x1EC1, 0x1EC3, 0x1EC5, 0x1EC7, 0x1EC9, 0x1ECB, 0x1ECC,
    0x1ECD, 0x1ECE, 0x1ECF, 0x1ED0, 0x1ED1, 0x1ED2, 0x1ED3, 0x1ED4, 0x1ED5, 0x1ED6, 0x1ED7, 0x1ED8,
    0x1ED9, 0x1EDA, 0x1EDB, 0x1EDC, 0x1EDD, 0x1EDE, 0x1EDF, 0x1EE0, 0x1EE1, 0x1EE2, 0x1EE3, 0x1EE4,
    0x1EE5, 0x1EE6, 0x1EE7, 0x1EE8, 0x1EE9, 0x1EEA, 0x1EEB, 0x1EEC, 0x1EED, 0x1EEE, 0x1EEF, 0x1EF0,
    0x1EF1, 0x1EF2, 0x1EF3, 0x1EF4, 0x1EF5, 0x1EF6, 0x1EF7, 0x1EF8, 0x1EF9, 0x2010, 0x2012, 0x2013,
    0x2014, 0x2015, 0x2018, 0x2019, 0x201A, 0x201C, 0x201D, 0x201E, 0x2022, 0x2026, 0x2030, 0x2039,
    0x203A, 0x2070, 0x2074, 0x2075, 0x2076, 0x2077, 0x2078, 0x2079, 0x2206, 0x2212, 0xFB01, 0xFB02,
};

static const uint8_t literatamono_10_regularKernRightClassIds[] = {
      1,   2,   3,   4,   2,   5,   6,   7,   8,   9,  10,  11,  12,  13,  14,  15,
     16,  17,  18,  19,  20,  21,  22,  23,  24,  25,  25,  26,  27,  28,  25,  29,
     30,  31,  32,  33,  34,  35,  36,  37,  38,  39,  40,  41,  42,  41,  43,  44,
     45,  46,  47,  45,  45,  48,  49,  50,  51,  41,  49,  52,  53,  54,  55,  56,
     57,  58,  59,  60,  61,  62,  63,  63,  64,  63,  65,  66,  24,  67,  24,  24,
     24,  24,  68,  25,  25,  25,  25,  25,  25,  69,  25,  70,  70,  70,  70,  71,
     72,  72,  73,  74,  75,  76,  72,  77,  77,  77,  78,  79,  80,  46,  81,  82,
     83,  84,  77,  77,  77,  85,  86,  77,  87,  87,  87,  87,  88,  89,  88,  24,
     90,  24,  91,  24,  76,  25,  77,  25,  77,  25,  77,  25,  77,  77,  77,  77,
     92,  77,  77,  77,  25,  93,  25,  94,  25,  93,  25,  93,  45,  45,  95,  96,
     97,  46,  98,  26,  99,  45,  84,  45,  45,  45,  45, 100,  84,  84,  84, 101,
     84,  25,  77,  25,  77,  25,  77,  25,  77, 102, 101, 102,  29, 103,  29, 104,
     29, 103,  29, 105, 106,  53, 107,  53, 107,  53,  70,  87,  70,  87,  70,  87,
     70,  87,  70,  87,  70,  87, 108, 109,  71,  88,  71,  36, 110,  36, 110,  36,
    111,  25, 112,  70,  87,  77,  45,  98, 113,  76, 114,  25,  77,  70,  87,  70,
     87,  70,  87,  70,  87,  70,  87,  25,  93,  25,  77,  24, 115,  24, 115,  25,
    112, 113, 116, 113,  76, 117,  77, 118, 119,  25, 120,  25,  77, 121,  98,  70,
     87,  70,  87,  29, 103, 106,  53, 122, 123, 122, 124, 125, 122, 122, 126, 127,
    122, 128, 122, 122, 129, 122, 130, 122, 122, 122, 131, 122, 132, 133, 122, 122,
    122, 127, 134, 122, 135, 122, 122, 135, 136, 129, 137, 138, 122, 139, 122, 122,
    140, 122, 122, 141, 122, 142, 143, 144, 145, 145, 146, 147, 148, 149, 150, 145,
    150, 151, 152, 150, 153, 150, 154, 155, 156, 157, 155, 158, 150, 159, 150, 150,
    160, 145, 150, 161, 162, 163, 164, 165, 145, 166, 167, 168, 169, 170, 151, 145,
    165, 145, 145, 157, 145, 171, 172, 173, 174, 122, 145, 122, 145, 132, 148, 122,
    145, 122, 145, 175, 176, 177, 176, 122, 165, 135, 153, 135, 153, 113,  76, 113,
     76, 113,  76, 113,  76, 113,  76, 113,  76, 113,  76, 113,  76, 113,  76, 113,
     76, 113,  76, 113,  76,  77,  77,  77,  77,  77,  77,  77,  77,  46,  46,  25,
     77,  25,  77,  25,  77,  25,  77,  25,  77,  25,  77,  25,  77,  25,  77,  25,
     77,  25,  77,  25,  77,  25,  77,  70,  87,  70,  87,  70,  87,  70,  87,  70,
     87,  70,  87,  70,  87,  71,  88, 178, 179, 178, 179, 178, 179,  61,  61,  61,
     61,  61, 180, 181, 182, 183, 184, 182,   7, 185,   3, 186, 187,  63, 188,  63,
     63,  63,  63,  63, 189, 190,  43,  43,
};

static const uint16_t literatamono_10_regularKernRowOffsets[] = {
        0,    44,    58,    77,   147,   188,   296,   298,   307,   308,   317,   324,   326,   341,   343,   347,
      348,   350,   372,   429,   452,   497,   530,   556,   644,   666,   690,   766,   826,   866,   951,  1034,
     1072,  1084,  1122,  1202,  1237,  1323,  1401,  1488,  1575,  1607,  1693,  1710,  1717,  1757,  1805,  1848,
     1867,  1902,  1944,  1984,  2016,  2064,  2091,  2117,  2158,  2201,  2247,  2270,  2286,  2337,  2382,  2426,
     2444,  2446,  2461,  2479,  2490,  2505,  2529,  2567,  2605,  2611,  2689,  2777,  2795,  2807,  2855,  2903,
     2946,  2973,  3006,  3079,  3119,  3192,  3227,  3313,  3372,  3459,  3538,  3579,  3669,  3698,  3704,  3720,
     3785,  3787,  3789,  3790,  3799,  3812,  3820,  3854,  3904,  3949,  3978,  4006,  4071,  4097,  4131,  4141,
     4175,  4199,  4241,  4275,  4319,  4372,  4397,  4426,  4433,  4475,  4487,  4497,  4504,  4524,  4527,  4531,
     4546,  4553,  4555,  4574,  4585,  4598,  4628,  4638,  4644,  4654,  4661,  4672,  4673,  4675,  4676,  4689,
     4723,  4738,  4803,  4823,  4838,  4872,  4922,  4932,  4944,  5023,  5064,  5154,  5242,  5335,  5403,  5441,
     5451,  5453,  5472,
};

static const uint8_t literatamono_10_regularKernSparseCols[] = {
      7,   9,  23,  24,  25,  26,  27,  38,  40,  41,  42,  43,  49,  51,  52,  66,
     67,  71,  72,  73,  74,  75,  76,  77,  78,  82,  84,  85,  89,  90,  91,  92,
     93, 102, 103, 104, 111, 112, 114, 115, 116, 119, 184, 188,  26,  29,  30,  31,
     32,  34,  53,  69,  70,  86, 105, 106, 107, 177,  23,  25,  40,  41,  49,  66,
     67,  76,  77,  78,  82,  84,  85,  91, 111, 112, 116, 119, 188,   1,  14,  17,
     21,  24,  27,  29,  30,  31,  32,  34,  40,  41,  49,  52,  53,  54,  55,  57,
     62,  69,  70,  76,  77,  78,  82,  84,  85,  86,  87,  91, 105, 106, 107, 108,
    111, 116, 119, 122, 123, 127, 128, 134, 135, 136, 138, 139, 143, 146, 148, 152,
    154, 155, 156, 158, 159, 160, 163, 165, 170, 174, 175, 176, 177, 178, 179, 180,
    182, 183, 187,  12,  13,  17,  23,  25,  28,  29,  31,  32,  33,  34,  35,  54,
     55,  57,  66,  67,  70,  87, 105, 106, 107, 108, 112, 122, 126, 127, 128, 129,
    133, 135, 137, 139, 141, 150, 170, 174, 176, 177, 178, 188,   7,   9,  10,  13,
     14,  22,  23,  24,  25,  27,  28,  38,  40,  41,  43,  45,  49,  51,  52,  53,
     54,  55,  56,  57,  58,  66,  67,  71,  72,  73,  74,  75,  76,  77,  78,  79,
     80,  81,  82,  84,  85,  86,  87,  89,  90,  91,  92,  93,  94,  95,  96, 102,
    103, 104, 108, 109, 110, 111, 112, 113, 114, 115, 116, 117, 118, 119, 123, 124,
    125, 126, 129, 130, 131, 133, 134, 136, 141, 142, 143, 144, 145, 146, 147, 148,
    149, 150, 151, 152, 153, 154, 155, 156, 157, 158, 159, 160, 161, 162, 163, 165,
    166, 167, 168, 172, 173, 178, 184, 188,  12,  13,   1,   2,  14,  17,  36, 179,
    180, 182, 183,  17,  10,  12,  13,  14,  15,  17,  36, 180, 183,   2,  17,  61,
    179, 180, 182, 183,  12,  17,   2,   7,   8,   9,  10,  13,  14,  15,  18,  19,
     20,  60,  68, 184, 189,  12,  17,  12,  13,  14,  17,  17,  59, 185,  10,  29,
     30,  31,  32,  34,  35,  36,  53,  54,  55,  57,  69,  70,  86,  87, 105, 106,
    107, 108, 177, 178,   1,   5,   8,  21,  24,  27,  29,  30,  31,  32,  34,  36,
     39,  40,  41,  47,  48,  49,  50,  52,  53,  54,  55,  57,  59,  60,  63,  69,
     70,  76,  77,  78,  82,  83,  84,  85,  86,  87,  91,  97, 100, 101, 105, 106,
    107, 108, 111, 116, 119, 120, 177, 178, 179, 180, 182, 183, 185,  23,  25,  29,
     30,  31,  32,  34,  35,  52,  54,  55,  57,  66,  69,  70,  87, 105, 106, 107,
    108, 112, 177, 178,  23,  24,  27,  28,  29,  31,  32,  34,  35,  38,  39,  42,
     44,  51,  52,  53,  54,  55,  57,  66,  67,  70,  71,  72,  73,  74,  75,  86,
     87,  88,  89,  90,  99, 102, 103, 104, 105, 106, 107, 108, 112, 114, 115, 177,
    178,   1,   7,   9,  10,  23,  25,  26,  29,  31,  32,  33,  34,  35,  36,  42,
     54,  56,  57,  66,  67,  70,  87, 105, 106, 107, 112, 177, 178, 179, 180, 182,
    183, 184,  29,  30,  31,  34,  39,  44,  52,  53,  54,  55,  57,  69,  70,  86,
     87,  88,  99, 105, 106, 108, 177, 178, 179, 180, 182, 183,   3,   7,   8,   9,
     10,  22,  23,  24,  25,  26,  27,  28,  30,  35,  38,  40,  41,  43,  44,  45,
     46,  47,  48,  49,  50,  51,  52,  53,  54,  55,  56,  57,  58,  59,  60,  66,
     67,  69,  71,  72,  73,  74,  75,  76,  77,  78,  79,  80,  81,  82,  83,  84,
     85,  86,  87,  88,  89,  90,  91,  92,  93,  94,  95,  96,  97,  98,  99, 100,
    101, 102, 103, 104, 108, 109, 110, 111, 112, 113, 114, 115, 116, 117, 118, 119,
    120, 178, 184, 185,   1,   5,  21,  25,  29,  31,  32,  33,  34,  35,  54,  57,
     67,  70,  87, 105, 106, 107, 177, 178, 180, 183,  40,  41,  46,  49,  52,  53,
     54,  55,  57,  76,  77,  78,  82,  84,  85,  86,  87,  91,  98, 108, 111, 116,
    119, 178,   3,   7,   9,  10,  23,  25,  28,  38,  40,  41,  42,  43,  45,  47,
     48,  49,  50,  51,  52,  53,  54,  55,  56,  57,  58,  59,  63,  66,  67,  71,
     72,  73,  74,  75,  76,  77,  78,  79,  80,  81,  82,  83,  84,  85,  86,  87,
     89,  90,  91,  92,  93,  94,  95,  96,  97, 100, 101, 102, 103, 104, 108, 109,
    110, 111, 112, 113, 114, 115, 116, 117, 118, 119, 120, 178, 184, 185,   8,  21,
     24,  27,  29,  30,  31,  32,  34,  38,  39,  40,  41,  49,  50,  52,  53,  54,
     55,  57,  59,  60,  63,  69,  70,  71,  72,  73,  74,  75,  76,  77,  78,  80,
     81,  82,  84,  85,  86,  87,  89,  90,  91,  95, 105, 106, 107, 108, 111, 114,
    115, 116, 119, 177, 178, 179, 180, 182, 183, 185,   1,   5,  21,  24,  25,  26,
     27,  28,  29,  30,  31,  32,  34,  35,  36,  39,  44,  50,  52,  53,  54,  55,
     57,  63,  69,  70,  86,  87,  88,  99, 105, 106, 107, 108, 177, 178, 179, 180,
    182, 183,   1,  21,  24,  27,  29,  30,  31,  32,  34,  35,  38,  39,  40,  41,
     42,  43,  44,  45,  46,  47,  48,  49,  50,  51,  52,  53,  54,  55,  57,  58,
     69,  70,  71,  72,  73,  74,  75,  76,  77,  78,  79,  80,  81,  82,  83,  84,
     85,  86,  87,  88,  89,  90,  91,  92,  93,  94,  95,  96,  97,  98,  99, 100,
    101, 102, 103, 104, 105, 106, 107, 108, 109, 110, 111, 113, 114, 115, 116, 117,
    118, 119, 120, 177, 178, 179, 182,   3,   7,   9,  10,  21,  22,  23,  24,  25,
     26,  27,  35,  38,  40,  41,  42,  43,  44,  45,  46,  47,  48,  49,  50,  51,
     52,  53,  54,  55,  56,  57,  58,  66,  67,  71,  72,  73,  74,  75,  76,  77,
     78,  79,  80,  81,  82,  83,  84,  85,  86,  87,  88,  89,  90,  91,  92,  93,
     94,  95,  96,  97,  98,  99, 100, 101, 102, 103, 104, 108, 109, 110, 111, 112,
    113, 114, 115, 116, 117, 118, 119, 120, 178, 184,   1,   4,   7,   9,  10,  21,
     23,  25,  26,  29,  31,  32,  33,  34,  35,  36,  37,  44,  54,  57,  66,  67,
     70,  87,  88,  99, 105, 106, 107, 112, 177, 178, 179, 180, 181, 182, 183, 184,
      7,   9,  10,  23,  25,  34,  66,  67,  70, 112, 177, 184,   1,   4,   7,   9,
     10,  21,  23,  25,  26,  29,  31,  32,  33,  34,  35,  36,  37,  44,  54,  57,
     66,  67,  70,  87,  88,  99, 105, 106, 107, 112, 177, 178, 179, 180, 181, 182,
    183, 184,   1,   5,   8,  21,  24,  27,  28,  29,  30,  31,  32,  34,  36,  38,
     39,  40,  41,  44,  46,  47,  48,  49,  50,  51,  52,  53,  54,  55,  57,  58,
     59,  60,  63,  69,  70,  71,  72,  73,  74,  75,  76,  77,  78,  82,  83,  84,
     85,  86,  87,  88,  89,  90,  91,  97,  98,  99, 100, 101, 102, 103, 104, 105,
    106, 107, 108, 109, 110, 111, 114, 115, 116, 119, 120, 177, 178, 179, 180, 182,
    183, 185,  23,  25,  26,  29,  31,  34,  38,  39,  42,  52,  53,  54,  55,  56,
     57,  66,  67,  70,  71,  72,  73,  74,  75,  86,  87,  89,  90, 105, 106, 108,
    112, 114, 115, 177, 178,   3,   7,   8,   9,  10,  18,  19,  22,  23,  24,  25,
     26,  27,  28,  35,  38,  40,  41,  42,  43,  44,  45,  47,  48,  49,  50,  51,
     52,  53,  54,  57,  58,  59,  60,  63,  66,  67,  71,  72,  73,  74,  75,  76,
     77,  78,  79,  80,  81,  82,  83,  84,  85,  86,  87,  88,  89,  90,  91,  92,
     93,  94,  95,  96,  97,  98,  99, 100, 101, 102, 103, 104, 109, 110, 111, 112,
    113, 114, 115, 116, 117, 118, 119, 120, 178, 184, 185,   3,   7,   9,  10,  22,
     23,  25,  26,  28,  35,  38,  40,  41,  42,  43,  45,  46,  47,  48,  49,  50,
     51,  52,  53,  54,  55,  56,  57,  58,  66,  67,  71,  72,  73,  74,  75,  76,
     77,  78,  79,  80,  81,  82,  83,  84,  85,  86,  87,  89,  90,  91,  92,  93,
     94,  95,  96,  97,  98, 100, 101, 102, 103, 104, 108, 109, 110, 111, 112, 113,
    114, 115, 116, 117, 118, 119, 120, 178, 184,   3,   7,   8,   9,  10,  18,  19,
     22,  23,  24,  25,  26,  27,  28,  35,  38,  40,  41,  42,  43,  45,  46,  47,
     48,  49,  50,  51,  52,  53,  54,  55,  56,  57,  58,  59,  60,  63,  64,  66,
     67,  71,  72,  73,  74,  75,  76,  77,  78,  79,  80,  81,  82,  83,  84,  85,
     86,  87,  89,  90,  91,  92,  93,  94,  95,  96,  97, 100, 101, 102, 103, 104,
    108, 109, 110, 111, 112, 113, 114, 115, 116, 118, 119, 120, 178, 184, 185, 186,
      3,   7,   8,   9,  10,  18,  19,  22,  23,  24,  25,  26,  27,  28,  38,  40,
     41,  42,  43,  45,  47,  48,  49,  50,  51,  52,  53,  54,  55,  56,  57,  58,
     59,  60,  63,  64,  66,  67,  71,  72,  73,  74,  75,  76,  77,  78,  79,  80,
     81,  82,  83,  84,  85,  86,  87,  89,  90,  91,  92,  93,  94,  95,  96,  97,
     98, 100, 101, 102, 103, 104, 108, 109, 110, 111, 112, 113, 114, 115, 116, 117,
    118, 119, 120, 178, 184, 185, 186,   8,  24,  27,  29,  40,  41,  49,  52,  53,
     54,  55,  57,  59,  60,  63,  76,  77,  78,  82,  84,  85,  86,  87,  91, 105,
    106, 108, 111, 116, 119, 178, 185,   3,   7,   8,   9,  10,  18,  19,  22,  23,
     24,  25,  26,  27,  28,  38,  40,  41,  42,  43,  45,  46,  47,  48,  49,  50,
     51,  52,  53,  54,  55,  56,  57,  58,  59,  60,  63,  64,  66,  67,  71,  72,
     73,  74,  75,  76,  77,  78,  79,  81,  82,  83,  84,  85,  86,  87,  89,  90,
     91,  92,  93,  94,  96,  97,  98, 100, 101, 102, 103, 104, 108, 109, 110, 111,
    112, 113, 114, 115, 116, 117, 118, 119, 120, 178, 184, 185, 186,  25,  26,  28,
     29,  30,  52,  53,  54,  55,  57,  69,  86,  87, 105, 106, 108, 178,  43,  54,
     57,  87,  92,  93, 178,  17,  24,  27,  29,  30,  31,  32,  34,  36,  53,  54,
     55,  57,  69,  70,  86,  87, 105, 106, 107, 108, 122, 123, 127, 128, 134, 135,
    136, 138, 139, 143, 155, 158, 159, 170, 174, 175, 176, 177, 178,   1,   5,  21,
     29,  36,  39,  40,  41,  46,  47,  48,  49,  50,  51,  52,  53,  54,  55,  57,
     76,  77,  78,  82,  83,  84,  85,  86,  87,  91,  97,  98, 100, 101, 102, 103,
    104, 105, 106, 108, 111, 116, 119, 120, 178, 179, 180, 182, 183,   1,   5,   7,
      9,  21,  29,  36,  39,  44,  47,  48,  50,  51,  52,  53,  54,  55,  56,  57,
     58,  83,  86,  87,  88,  97,  99, 100, 101, 102, 103, 104, 105, 106, 108, 109,
    110, 120, 178, 179, 180, 182, 183, 184,  36,  40,  41,  44,  49,  76,  77,  78,
     82,  84,  85,  88,  91,  99, 111, 116, 119, 180, 183,  21,  40,  41,  46,  47,
     48,  49,  50,  52,  53,  54,  55,  57,  76,  77,  78,  82,  83,  84,  85,  86,
     87,  91,  97,  98, 100, 101, 108, 111, 116, 119, 120, 178, 180, 183,   1,   5,
      7,   9,  21,  29,  36,  39,  44,  47,  48,  50,  51,  52,  53,  54,  55,  57,
     58,  83,  86,  87,  88,  97,  99, 100, 101, 102, 103, 104, 105, 106, 108, 109,
    110, 120, 178, 179, 180, 182, 183, 184,   0,   1,   4,   5,  21,  36,  37,  38,
     40,  41,  49,  51,  59,  71,  72,  73,  74,  75,  76,  77,  78,  82,  84,  85,
     89,  90,  91, 102, 103, 104, 111, 114, 115, 116, 119, 179, 180, 182, 183, 185,
     36,  38,  39,  40,  41,  44,  49,  51,  71,  72,  73,  74,  75,  76,  77,  78,
     82,  84,  85,  88,  89,  90,  91,  99, 102, 103, 104, 111, 114, 115, 116, 119,
      1,   5,  21,  29,  36,  39,  40,  41,  46,  47,  48,  49,  50,  51,  52,  53,
     54,  55,  57,  76,  77,  78,  82,  83,  84,  85,  86,  87,  91,  97,  98, 100,
    101, 102, 103, 104, 105, 106, 108, 111, 116, 119, 120, 178, 179, 180, 182, 183,
      1,   5,  21,  29,  30,  31,  32,  34,  36,  39,  52,  54,  55,  57,  69,  70,
     87, 105, 106, 107, 108, 177, 178, 179, 180, 182, 183,  21,  38,  39,  44,  52,
     53,  54,  55,  57,  71,  72,  73,  74,  75,  86,  87,  88,  89,  90,  99, 108,
    114, 115, 178, 180, 183,   1,   5,   8,  36,  40,  41,  47,  48,  49,  50,  52,
     53,  54,  55,  57,  59,  60,  76,  77,  78,  82,  83,  84,  85,  86,  87,  91,
     97, 100, 101, 108, 111, 116, 119, 120, 178, 179, 180, 182, 183, 185,   1,   5,
      7,   9,  21,  29,  36,  39,  44,  47,  48,  50,  51,  52,  53,  54,  55,  56,
     57,  58,  83,  86,  87,  88,  97,  99, 100, 101, 102, 103, 104, 105, 106, 108,
    109, 110, 120, 178, 179, 180, 182, 183, 184,   1,   5,  21,  36,  38,  39,  40,
     41,  44,  49,  51,  52,  53,  54,  55,  57,  71,  72,  73,  74,  75,  76,  77,
     78,  82,  84,  85,  86,  87,  88,  89,  90,  91,  99, 102, 103, 104, 108, 111,
    114, 115, 116, 119, 178, 180, 183,   7,   9,  10,  22,  36,  39,  40,  41,  44,
     49,  76,  77,  78,  82,  84,  85,  88,  91,  99, 111, 116, 119, 184,  36,  39,
     52,  53,  54,  57,  58,  86,  87, 109, 110, 178, 179, 180, 182, 183,  21,  38,
     40,  41,  47,  48,  49,  50,  51,  53,  54,  55,  56,  57,  59,  64,  71,  72,
     73,  74,  75,  76,  77,  78,  82,  83,  84,  85,  86,  87,  89,  90,  91,  97,
    100, 101, 102, 103, 104, 108, 111, 114, 115, 116, 119, 120, 178, 180, 183, 185,
    186,   3,   7,   8,   9,  10,  22,  36,  38,  39,  40,  41,  43,  44,  49,  51,
     59,  60,  71,  72,  73,  74,  75,  76,  77,  78,  82,  84,  85,  88,  89,  90,
     91,  92,  93,  99, 102, 103, 104, 111, 114, 115, 116, 119, 184, 185,   3,   7,
      8,   9,  10,  22,  36,  38,  40,  41,  43,  44,  49,  51,  59,  60,  71,  72,
     73,  74,  75,  76,  77,  78,  82,  84,  85,  88,  89,  90,  91,  92,  93,  99,
    102, 103, 104, 111, 114, 115, 116, 119, 184, 185,  36,  39,  40,  41,  49,  52,
     59,  76,  77,  78,  82,  84,  85,  91, 111, 116, 119, 185,  52,  99,  24,  27,
     29,  30,  31,  32,  34,  69,  70, 105, 106, 107, 177, 179, 182,  31,  32,  34,
     70, 107, 121, 122, 127, 128, 129, 133, 135, 138, 139, 170, 174, 176, 177,   5,
      7,   8,   9,  36,  60, 179, 180, 182, 183, 184,  23,  25,  29,  31,  32,  33,
     34,  66,  67,  70, 105, 106, 107, 112, 177,   7,   9,  23,  29,  31,  32,  33,
     34,  52,  54,  55,  56,  57,  66,  70,  87, 105, 106, 107, 108, 112, 177, 178,
    184,  24,  27,  29,  30,  31,  32,  34,  39,  40,  41,  49,  52,  53,  54,  55,
     57,  69,  70,  76,  77,  78,  82,  84,  85,  86,  87,  91, 105, 106, 107, 108,
    111, 116, 119, 177, 178, 180, 183,   1,   4,   7,   9,  10,  21,  23,  25,  26,
     29,  31,  32,  33,  34,  35,  36,  37,  44,  54,  57,  66,  67,  70,  87,  88,
     99, 105, 106, 107, 112, 177, 178, 179, 180, 181, 182, 183, 184,  11,  12,  13,
     14,  15,  17,   3,   7,   9,  10,  22,  23,  25,  26,  28,  35,  38,  40,  41,
     42,  43,  45,  46,  47,  48,  49,  50,  51,  52,  53,  54,  55,  56,  57,  58,
     66,  67,  71,  72,  73,  74,  75,  76,  77,  78,  79,  80,  81,  82,  83,  84,
     85,  86,  87,  89,  90,  91,  92,  93,  94,  95,  96,  97,  98, 100, 101, 102,
    103, 104, 108, 109, 110, 111, 112, 113, 114, 115, 116, 117, 118, 119, 120, 178,
    184,   3,   7,   8,   9,  10,  18,  19,  22,  23,  24,  25,  26,  27,  28,  38,
     40,  41,  42,  43,  45,  46,  47,  48,  49,  50,  51,  52,  53,  54,  55,  56,
     57,  58,  59,  60,  63,  64,  66,  67,  71,  72,  73,  74,  75,  76,  77,  78,
     79,  80,  81,  82,  83,  84,  85,  86,  87,  89,  90,  91,  92,  93,  94,  95,
     96,  97,  98, 100, 101, 102, 103, 104, 108, 109, 110, 111, 112, 113, 114, 115,
    116, 117, 118, 119, 120, 178, 184, 185, 186,  23,  24,  25,  27,  31,  34,  35,
     56,  58,  66,  67,  70, 109, 110, 112, 177, 180, 183,  46,  52,  53,  54,  55,
     56,  57,  86,  87,  98, 108, 178,   1,   5,  21,  29,  36,  39,  40,  41,  46,
     47,  48,  49,  50,  51,  52,  53,  54,  55,  57,  76,  77,  78,  82,  83,  84,
     85,  86,  87,  91,  97,  98, 100, 101, 102, 103, 104, 105, 106, 108, 111, 116,
    119, 120, 178, 179, 180, 182, 183,   1,   5,  21,  29,  36,  39,  40,  41,  46,
     47,  48,  49,  50,  51,  52,  53,  54,  55,  57,  76,  77,  78,  82,  83,  84,
     85,  86,  87,  91,  97,  98, 100, 101, 102, 103, 104, 105, 106, 108, 111, 116,
    119, 120, 178, 179, 180, 182, 183,   1,   5,   7,   9,  21,  29,  36,  39,  44,
     47,  48,  50,  51,  52,  53,  54,  55,  56,  57,  58,  83,  86,  87,  88,  97,
     99, 100, 101, 102, 103, 104, 105, 106, 108, 109, 110, 120, 178, 179, 180, 182,
    183, 184,   1,   5,  21,  29,  30,  31,  32,  34,  36,  39,  52,  54,  55,  57,
     69,  70,  87, 105, 106, 107, 108, 177, 178, 179, 180, 182, 183,   1,   7,   9,
     10,  23,  25,  26,  29,  31,  32,  33,  34,  35,  36,  42,  54,  56,  57,  66,
     67,  70,  87, 105, 106, 107, 112, 177, 178, 179, 180, 182, 183, 184,   6,   7,
      8,   9,  10,  18,  19,  20,  21,  38,  40,  41,  43,  46,  47,  48,  49,  50,
     51,  52,  53,  54,  55,  56,  57,  58,  59,  60,  63,  64,  71,  72,  73,  74,
     75,  76,  77,  78,  82,  83,  84,  85,  86,  87,  89,  90,  91,  92,  93,  97,
     98, 100, 101, 102, 103, 104, 108, 109, 110, 111, 114, 115, 116, 119, 120, 178,
    179, 180, 182, 183, 184, 185, 186,   1,   5,  21,  24,  25,  26,  27,  28,  29,
     30,  31,  32,  34,  35,  36,  39,  44,  50,  52,  53,  54,  55,  57,  63,  69,
     70,  86,  87,  88,  99, 105, 106, 107, 108, 177, 178, 179, 180, 182, 183,   6,
      7,   8,   9,  10,  18,  19,  20,  21,  38,  40,  41,  43,  46,  47,  48,  49,
     50,  51,  52,  53,  54,  55,  56,  57,  58,  59,  60,  63,  64,  71,  72,  73,
     74,  75,  76,  77,  78,  82,  83,  84,  85,  86,  87,  89,  90,  91,  92,  93,
     97,  98, 100, 101, 102, 103, 104, 108, 109, 110, 111, 114, 115, 116, 119, 120,
    178, 179, 180, 182, 183, 184, 185, 186,  21,  40,  41,  46,  47,  48,  49,  50,
     52,  53,  54,  55,  57,  76,  77,  78,  82,  83,  84,  85,  86,  87,  91,  97,
     98, 100, 101, 108, 111, 116, 119, 120, 178, 180, 183,   3,   7,   8,   9,  10,
     18,  19,  22,  23,  24,  25,  26,  27,  28,  35,  38,  40,  41,  42,  43,  44,
     45,  47,  48,  49,  50,  51,  52,  53,  54,  57,  58,  59,  60,  63,  66,  67,
     71,  72,  73,  74,  75,  76,  77,  78,  79,  80,  81,  82,  83,  84,  85,  86,
     87,  88,  89,  90,  91,  92,  93,  94,  95,  96,  97,  98,  99, 100, 101, 102,
    103, 104, 109, 110, 111, 112, 113, 114, 115, 116, 117, 118, 119, 120, 178, 184,
    185,   6,   7,   8,   9,  18,  19,  20,  21,  38,  40,  41,  47,  48,  49,  50,
     51,  53,  54,  55,  56,  57,  59,  60,  63,  71,  72,  73,  74,  75,  76,  77,
     78,  82,  83,  84,  85,  86,  87,  89,  90,  91,  97, 100, 101, 102, 103, 104,
    108, 111, 114, 115, 116, 119, 120, 178, 180, 183, 184, 185,   3,   7,   8,   9,
     10,  18,  19,  22,  23,  24,  25,  26,  27,  28,  38,  40,  41,  42,  43,  45,
     47,  48,  49,  50,  51,  52,  53,  54,  55,  56,  57,  58,  59,  60,  63,  64,
     66,  67,  71,  72,  73,  74,  75,  76,  77,  78,  79,  80,  81,  82,  83,  84,
     85,  86,  87,  89,  90,  91,  92,  93,  94,  95,  96,  97,  98, 100, 101, 102,
    103, 104, 108, 109, 110, 111, 112, 113, 114, 115, 116, 117, 118, 119, 120, 178,
    184, 185, 186,   3,   7,   8,   9,  10,  18,  19,  22,  23,  24,  25,  26,  27,
     31,  33,  34,  38,  40,  41,  42,  43,  47,  48,  49,  50,  51,  52,  53,  54,
     55,  56,  57,  58,  59,  60,  64,  66,  67,  70,  71,  72,  73,  74,  75,  76,
     77,  78,  82,  83,  84,  85,  86,  87,  89,  90,  91,  92,  93,  97, 100, 101,
    102, 103, 104, 108, 109, 110, 111, 112, 114, 115, 116, 119, 120, 177, 178, 184,
    185, 186,   7,   8,   9,  10,  38,  40,  41,  47,  48,  49,  50,  51,  60,  71,
     72,  73,  74,  75,  76,  77,  78,  82,  83,  84,  85,  89,  90,  91,  97, 100,
    101, 102, 103, 104, 111, 114, 115, 116, 119, 120, 184,   3,   7,   8,   9,  22,
     23,  24,  25,  26,  27,  28,  31,  32,  33,  34,  38,  40,  41,  42,  43,  45,
     46,  47,  48,  49,  50,  51,  52,  53,  54,  55,  56,  57,  58,  59,  60,  64,
     66,  70,  71,  72,  73,  74,  75,  76,  77,  78,  79,  80,  81,  82,  83,  84,
     85,  86,  87,  89,  90,  91,  92,  93,  94,  95,  96,  97,  98, 100, 101, 102,
    103, 104, 107, 108, 109, 110, 111, 112, 113, 114, 115, 116, 117, 118, 119, 120,
    177, 178, 184, 185, 186,   3,   7,   8,   9,  10,  18,  19,  22,  40,  41,  49,
     51,  59,  60,  76,  77,  78,  82,  84,  85,  91, 102, 103, 104, 111, 116, 119,
    184, 185, 126, 128, 138, 174, 175, 176,  36, 128, 135, 138, 144, 149, 151, 156,
    157, 161, 167, 168, 174, 176, 180, 183,   7,   8,   9,  10,  18,  19,  23,  60,
     64,  66, 112, 122, 123, 124, 125, 126, 127, 128, 129, 130, 131, 132, 133, 134,
    135, 136, 138, 140, 141, 142, 143, 144, 145, 146, 147, 148, 149, 150, 151, 152,
    153, 154, 155, 156, 157, 158, 159, 160, 161, 162, 163, 165, 166, 167, 168, 169,
    170, 171, 172, 173, 174, 175, 176, 184, 186, 129, 133, 129, 141, 158,   7,   9,
     10, 129, 130, 131, 141, 172, 184,   8,  36,  60, 122, 127, 128, 133, 135, 138,
    139, 170, 174, 176,  36, 128, 135, 138, 174, 176, 180, 183,   8,  36,  60,  64,
    122, 123, 127, 128, 134, 135, 136, 137, 138, 139, 141, 142, 143, 146, 152, 154,
    155, 156, 158, 159, 163, 165, 166, 170, 174, 175, 176, 180, 183, 186,   7,   8,
      9,  10,  18,  19,  60,  64, 123, 124, 125, 126, 129, 130, 131, 133, 134, 136,
    141, 142, 143, 144, 145, 146, 147, 148, 149, 150, 151, 152, 153, 154, 155, 156,
    157, 158, 159, 160, 161, 162, 163, 165, 166, 167, 168, 172, 173, 175, 184, 186,
      8,  36,  60, 122, 123, 126, 127, 128, 134, 135, 136, 138, 139, 141, 142, 143,
    144, 146, 147, 148, 149, 150, 151, 152, 153, 154, 155, 156, 158, 159, 160, 161,
    162, 163, 165, 167, 168, 170, 171, 173, 174, 175, 176, 180, 183,  36, 122, 125,
    127, 128, 129, 133, 135, 137, 138, 139, 145, 147, 148, 150, 155, 156, 157, 158,
    159, 160, 162, 170, 173, 174, 175, 176, 180, 183,  36, 122, 125, 127, 128, 131,
    133, 135, 137, 138, 139, 145, 147, 148, 150, 155, 156, 159, 160, 162, 170, 172,
    173, 174, 175, 176, 180, 183,   7,   8,   9,  10,  18,  19,  23,  60,  64,  66,
    112, 122, 123, 124, 125, 126, 127, 128, 129, 130, 131, 132, 133, 134, 135, 136,
    138, 140, 141, 142, 143, 144, 145, 146, 147, 148, 149, 150, 151, 152, 153, 154,
    155, 156, 157, 158, 159, 160, 161, 162, 163, 165, 166, 167, 168, 169, 170, 171,
    172, 173, 174, 175, 176, 184, 186, 123, 124, 125, 128, 133, 134, 135, 136, 143,
    146, 147, 148, 150, 152, 154, 155, 156, 158, 159, 160, 163, 165, 173, 174, 175,
    176,   8,  36,  60,  64, 122, 123, 127, 128, 134, 135, 136, 137, 138, 139, 141,
    142, 143, 146, 152, 154, 155, 156, 158, 159, 163, 165, 166, 170, 174, 175, 176,
    180, 183, 186,   7,   9, 128, 162, 174, 175, 176, 180, 183, 184,   8,  36,  60,
     64, 122, 123, 127, 128, 134, 135, 136, 137, 138, 139, 141, 142, 143, 146, 152,
    154, 155, 156, 158, 159, 163, 165, 166, 170, 174, 175, 176, 180, 183, 186,   8,
     60, 122, 123, 125, 126, 127, 128, 131, 134, 135, 136, 138, 139, 140, 142, 158,
    170, 172, 174, 175, 176, 180, 183,   7,   9,  10,  36, 122, 125, 126, 127, 128,
    129, 130, 131, 133, 135, 137, 138, 139, 141, 142, 144, 145, 147, 148, 149, 150,
    151, 156, 157, 158, 160, 161, 162, 167, 168, 170, 172, 173, 174, 176, 180, 183,
    184,   7,   9,  10, 123, 125, 126, 129, 130, 131, 133, 134, 136, 141, 142, 144,
    145, 146, 147, 148, 149, 150, 151, 152, 154, 160, 161, 162, 163, 165, 167, 168,
    172, 173, 184, 121, 123, 124, 125, 126, 128, 129, 131, 133, 134, 135, 136, 138,
    141, 142, 143, 144, 145, 146, 147, 148, 149, 150, 151, 152, 154, 155, 156, 158,
    159, 160, 161, 162, 163, 165, 166, 167, 168, 171, 172, 173, 174, 175, 176,   7,
      8,   9,  10,  18,  19,  60,  64, 123, 124, 125, 126, 129, 130, 131, 132, 133,
    134, 136, 137, 141, 142, 143, 144, 145, 146, 147, 148, 149, 150, 151, 152, 153,
    154, 155, 156, 157, 158, 159, 160, 161, 162, 163, 165, 166, 167, 168, 171, 172,
    173, 175, 184, 186,   7,   9,  10,  36, 125, 126, 128, 129, 131, 133, 135, 137,
    138, 141, 145, 148, 150, 160, 162, 172, 174, 176, 180, 183, 184,   8,  60, 122,
    123, 127, 128, 132, 134, 135, 136, 138, 139, 142, 143, 146, 148, 152, 154, 155,
    156, 158, 159, 160, 163, 165, 170, 174, 175, 176, 123, 128, 134, 135, 174, 175,
    176,   7,   9,  10,  36, 122, 125, 126, 127, 128, 129, 130, 131, 133, 135, 137,
    138, 139, 141, 142, 144, 145, 147, 148, 149, 150, 151, 156, 157, 158, 160, 161,
    162, 167, 168, 170, 172, 173, 174, 176, 180, 183, 184,  36, 143, 145, 150, 155,
    156, 158, 159, 169, 175, 180, 183,   7,   9, 142, 145, 150, 156, 157, 162, 175,
    184,  36, 155, 156, 158, 162, 180, 183,   7,   8,   9,  10,  36,  60, 142, 145,
    146, 147, 150, 152, 154, 156, 162, 163, 165, 166, 173, 184,  36, 180, 183,  36,
    143, 150, 156,  36, 142, 143, 146, 152, 154, 155, 156, 158, 159, 163, 165, 171,
    180, 183,   7,   9,  36, 156, 180, 183, 184,  36, 156,   7,   9,  10,  36, 145,
    147, 148, 150, 153, 156, 157, 158, 160, 162, 173, 175, 180, 183, 184,  36, 146,
    152, 154, 156, 157, 158, 163, 165, 180, 183,   7,   9,  10,  36, 145, 147, 150,
    156, 162, 173, 180, 183, 184,   7,   9,  10,  36, 142, 143, 144, 145, 146, 147,
    148, 149, 150, 151, 152, 153, 154, 155, 156, 160, 161, 162, 163, 164, 165, 166,
    167, 168, 173, 184,  36, 143, 146, 147, 150, 152, 154, 163, 165, 173,  36, 146,
    152, 154, 163, 165,   8,  36,  60, 155, 156, 158, 159, 175, 180, 183,  36, 148,
    155, 156, 160, 180, 183,  36, 146, 152, 154, 156, 157, 158, 163, 165, 180, 183,
     36,  36, 156, 156,   8,  36,  60, 122, 127, 128, 133, 135, 138, 139, 170, 174,
    176,   8,  36,  60,  64, 122, 123, 127, 128, 134, 135, 136, 137, 138, 139, 141,
    142, 143, 146, 152, 154, 155, 156, 158, 159, 163, 165, 166, 170, 174, 175, 176,
    180, 183, 186,  36, 142, 143, 146, 152, 154, 155, 156, 158, 159, 163, 165, 171,
    180, 183,   7,   8,   9,  10,  18,  19,  23,  60,  64,  66, 112, 122, 123, 124,
    125, 126, 127, 128, 129, 130, 131, 132, 133, 134, 135, 136, 138, 140, 141, 142,
    143, 144, 145, 146, 147, 148, 149, 150, 151, 152, 153, 154, 155, 156, 157, 158,
    159, 160, 161, 162, 163, 165, 166, 167, 168, 169, 170, 171, 172, 173, 174, 175,
    176, 184, 186,   7,   8,   9,  10,  36,  60, 142, 145, 146, 147, 150, 152, 154,
    156, 162, 163, 165, 166, 173, 184,  36, 142, 143, 146, 152, 154, 155, 156, 158,
    159, 163, 165, 171, 180, 183,   8,  36,  60,  64, 122, 123, 127, 128, 134, 135,
    136, 137, 138, 139, 141, 142, 143, 146, 152, 154, 155, 156, 158, 159, 163, 165,
    166, 170, 174, 175, 176, 180, 183, 186,   7,   8,   9,  10,  18,  19,  60,  64,
    123, 124, 125, 126, 129, 130, 131, 133, 134, 136, 141, 142, 143, 144, 145, 146,
    147, 148, 149, 150, 151, 152, 153, 154, 155, 156, 157, 158, 159, 160, 161, 162,
    163, 165, 166, 167, 168, 172, 173, 175, 184, 186,   7,   9,  10, 146, 150, 152,
    154, 163, 165, 184,  36, 122, 127, 128, 135, 138, 139, 170, 174, 176, 180, 183,
      3,   7,   8,   9,  10,  18,  19,  22,  23,  24,  25,  26,  27,  31,  33,  34,
     38,  40,  41,  42,  43,  47,  48,  49,  50,  51,  52,  53,  54,  55,  56,  57,
     58,  59,  60,  64,  66,  67,  70,  71,  72,  73,  74,  75,  76,  77,  78,  82,
     83,  84,  85,  86,  87,  89,  90,  91,  92,  93,  97, 100, 101, 102, 103, 104,
    108, 109, 110, 111, 112, 114, 115, 116, 119, 120, 177, 178, 184, 185, 186,   7,
      8,   9,  10,  38,  40,  41,  47,  48,  49,  50,  51,  60,  71,  72,  73,  74,
     75,  76,  77,  78,  82,  83,  84,  85,  89,  90,  91,  97, 100, 101, 102, 103,
    104, 111, 114, 115, 116, 119, 120, 184,   3,   7,   8,   9,  22,  23,  24,  25,
     26,  27,  28,  31,  32,  33,  34,  38,  40,  41,  42,  43,  45,  46,  47,  48,
     49,  50,  51,  52,  53,  54,  55,  56,  57,  58,  59,  60,  64,  66,  70,  71,
     72,  73,  74,  75,  76,  77,  78,  79,  80,  81,  82,  83,  84,  85,  86,  87,
     89,  90,  91,  92,  93,  94,  95,  96,  97,  98, 100, 101, 102, 103, 104, 107,
    108, 109, 110, 111, 112, 113, 114, 115, 116, 117, 118, 119, 120, 177, 178, 184,
    185, 186,   3,   7,   8,   9,  10,  18,  19,  22,  23,  24,  25,  26,  27,  28,
     38,  40,  41,  42,  43,  45,  46,  47,  48,  49,  50,  51,  52,  53,  54,  55,
     56,  57,  58,  59,  60,  63,  64,  66,  67,  71,  72,  73,  74,  75,  76,  77,
     78,  79,  80,  81,  82,  83,  84,  85,  86,  87,  89,  90,  91,  92,  93,  94,
     95,  96,  97,  98, 100, 101, 102, 103, 104, 108, 109, 110, 111, 112, 113, 114,
    115, 116, 117, 118, 119, 120, 178, 184, 185, 186,   7,   9,  14,  23,  24,  25,
     26,  27,  38,  40,  41,  42,  43,  44,  47,  48,  49,  50,  51,  52,  65,  66,
     67,  71,  72,  73,  74,  75,  76,  77,  78,  81,  82,  83,  84,  85,  88,  89,
     90,  91,  92,  93,  97,  99, 100, 101, 102, 103, 104, 111, 112, 114, 115, 116,
    117, 119, 120, 123, 124, 125, 126, 129, 130, 131, 133, 134, 136, 141, 142, 143,
    144, 145, 146, 147, 148, 149, 150, 151, 152, 154, 155, 160, 161, 162, 163, 165,
    166, 167, 168, 172, 173, 184, 188,   7,   9,  14,  15,  16,  23,  24,  25,  27,
     28,  35,  38,  40,  41,  42,  43,  44,  47,  48,  49,  50,  51,  52,  53,  54,
     55,  56,  57,  65,  66,  67,  71,  72,  73,  74,  75,  76,  77,  78,  82,  83,
     84,  85,  86,  87,  88,  89,  90,  91,  92,  93,  97,  99, 100, 101, 102, 103,
    104, 108, 111, 112, 114, 115, 116, 119, 120, 178, 184,  17,  21,  24,  27,  29,
     30,  31,  32,  34,  39,  40,  41,  49,  52,  53,  54,  55,  57,  69,  70,  76,
     77,  78,  82,  84,  85,  86,  87,  91, 105, 106, 107, 108, 111, 116, 119, 177,
    178,   1,   5,   8,  21,  36,  60, 179, 180, 182, 183,  12,  17,  46,  47,  48,
     50,  52,  53,  54,  55,  57,  83,  86,  87,  97,  98, 100, 101, 108, 120, 178,
};

static const int8_t literatamono_10_regularKernSparseValues[] = {
     -34,  -34,  -30,   -7,  -30,   -7,   -7,   -3,  -10,  -10,  -13,  -13,  -10,  -10,  -13,  -30,
     -30,   -3,   -3,   -3,   -3,   -3,  -10,  -10,  -10,  -10,  -10,  -10,   -3,   -3,  -10,  -13,
     -13,  -10,  -10,  -10,  -10,  -30,   -3,   -3,  -10,  -10,  -34,  -30,   -7,  -10,   -7,  -27,
     -24,  -30,   -3,   -7,  -30,   -3,  -10,  -10,  -24,  -30,  -34,  -34,  -13,  -13,  -13,  -34,
     -34,  -13,  -13,  -13,  -13,  -13,  -13,  -13,  -13,  -34,  -13,  -13,  -34,  -34,  -13,  -20,
     -10,  -10,  -10,  -34,  -10,  -34,  -27,  -34,   -3,   -3,   -3,  -13,  -13,  -30,  -27,  -30,
     -27,  -10,  -34,   -3,   -3,   -3,   -3,   -3,   -3,  -13,  -30,   -3,  -34,  -34,  -27,  -27,
      -3,   -3,   -3,  -14,  -11,  -14,  -26,  -11,  -26,  -13,  -28,  -29,  -10,   -7,   -7,   -7,
      -7,  -17,  -19,  -22,  -16,   -7,   -7,   -7,  -14,  -65,  -22,  -65,  -34,  -30,  -34,  -34,
     -34,  -34,  -34,  -13,  -20,  -20,  -10,   -7,  -10,  -24,  -17,  -13,  -17,  -27,  -13,   -7,
      -3,   -7,  -10,  -10,  -27,   -7,  -24,  -24,  -13,   -3,  -10,   -7,   -7,  -34,  -10,  -10,
      -7,  -17,  -10,  -13,   -7,   -7,   -7,  -10,  -10,  -27,   -7,  -10,  -34,  -34,  -67,   -7,
     -34,  -30,  -34,  -13,  -20,  -13,  -10,  -27,  -24,  -24,  -27,   -3,  -24,  -24,  -10,   -7,
     -13,  -13,   -7,  -13,  -13,  -34,  -34,  -27,  -27,  -27,  -27,  -27,  -24,  -24,  -24,   -3,
      -3,   -3,  -24,  -24,  -24,   -7,  -13,  -27,  -27,  -24,  -27,  -27,   -3,   -3,   -3,  -24,
     -24,  -24,  -13,  -13,  -13,  -24,  -34,   -3,  -27,  -27,  -24,   -3,   -3,  -24,  -11,   -9,
     -33,  -20,  -38,   -9,  -30,  -13,  -11,  -10,  -20,  -25,  -14,  -20,  -25,  -32,  -17,  -17,
     -20,  -26,  -20,  -32,  -16,  -32,  -20,  -13,  -11,  -11,  -17,  -17,  -20,  -25,  -20,  -32,
     -23,  -20,  -20,  -30,  -27,  -13,  -34,  -34,   -3,   -5,  -10,  -20,  -13,  -10,   -7,  -13,
     -13,  -13,  -13,   -3,   -7,  -10,  -10,   -2,   -2,  -10,   -7,   -7,   -7,  -13,  -12,   -7,
     -13,  -10,  -13,  -10,   -3,   -2,   -5,  -34,  -20,  -34,  -34,   -3,  -24,   -8,   -7,   -7,
     -20,  -20,  -27,  -34,  -20,   -5,   -3,   -3,   -3,   -7,   -3,  -13,  -13,  -13,  -13,  -17,
     -13,  -27,  -17,  -27,  -10,  -24,   -3,  -10,   -4,  -10,  -13,  -27,   -3,  -10,  -17,  -17,
     -17,   -4,  -27,  -10,  -30,  -34,  -10,  -20,   -7,   -7,  -34,  -22,  -37,  -30,  -37,  -34,
      -7,   -2,   -2,   -7,   -7,   -2,  -13,  -15,  -13,  -30,  -24,  -30,   -8,  -10,  -13,  -22,
     -37,   -2,   -2,   -2,   -2,   -7,   -2,   -2,  -13,  -30,   -2,   -7,   -7,   -7,  -34,  -34,
     -30,  -24,   -2,   -2,   -2,   -7,  -37,  -30,  -37,  -34,  -37,  -34,   -8,   -5,   -3,   -7,
      -3,  -10,   -7,  -12,   -3,   -7,   -7,   -7,   -7,   -5,   -3,  -12,   -7,   -7,   -7,   -7,
      -7,   -5,  -12,   -7,   -7,   -3,   -3,   -3,   -8,   -7,   -5,   -7,   -3,   -3,   -3,   -2,
      -3,   -3,   -3,   -5,   -5,   -3,   -5,   -7,  -10,   -7,   -3,   -3,   -3,   -3,   -3,   -5,
      -5,   -3,   -3,   -3,   -3,   -3,   -3,   -3,   -8,   -8,   -5,   -3,   -7,   -3,   -3,   -7,
      -5,   -7,  -10,  -10,   -3,  -27,   -9,  -15,  -17,  -12,   -7,   -9,  -17,   -7,  -13,   -3,
      -3,   -2,   -3,  -27,  -27,  -17,   -3,  -17,  -17,   -7,  -27,  -17,   -3,   -3,  -13,   -3,
     -13,  -10,  -10,   -7,   -3,   -7,   -3,   -2,   -5,   -3,   -8,   -5,   -8,   -7,   -7,   -3,
      -8,   -2,   -2,  -10,  -10,   -5,   -7,   -8,   -3,  -10,   -3,  -10,  -10,  -30,  -13,  -30,
     -27,  -17,  -30,   -3,  -35,   -3,   -3,   -5,   -2,   -3,  -13,  -13,  -13,  -17,   -7,   -2,
      -3,   -7,   -7,  -13,   -7,  -13,   -3,   -7,   -3,   -2,   -2,   -3,   -7,  -13,  -13,  -30,
     -37,   -2,  -13,  -13,  -13,  -13,  -13,  -13,  -13,  -13,   -2,    3,    3,  -13,   -7,  -13,
     -13,   -7,   -3,   -7,  -13,  -13,  -13,  -17,  -17,   -2,   -2,   -2,   -7,    3,   -7,   -7,
      -7,  -13,  -13,  -13,   -2,   -7,   -7,  -13,  -30,   -2,  -13,  -13,  -13,   -2,   -2,  -13,
      -7,   -3,  -30,  -13,   -7,   -7,   -7,   -5,  -13,  -13,   -8,   -2,  -13,   -3,   -5,   -5,
     -20,  -13,   -5,  -13,  -13,   -8,  -13,   -5,   -3,   -3,   -3,   -3,   -2,   -3,   -7,   -7,
     -13,   -7,  -13,   -3,   -3,   -3,   -3,   -3,   -3,   -7,  -13,   -3,   -2,   -7,   -3,   -3,
      -3,  -13,   -7,  -20,  -20,  -14,  -24,  -20,   -7,  -13,  -13,  -13,   -8,  -12,   -2,   -8,
      -8,  -13,   -8,  -13,   -7,  -10,   -8,   -5,  -10,   -8,   -8,   -7,   -7,  -24,  -24,  -13,
     -13,  -13,  -13,  -13,  -13,  -13,  -13,   -2,   -2,   -2,  -13,   -8,  -13,  -13,  -10,   -8,
     -13,  -13,  -13,  -12,  -12,   -2,   -2,   -2,   -8,   -8,   -8,  -13,  -13,  -13,   -5,   -8,
      -8,  -13,  -24,   -2,  -13,  -13,  -13,   -2,   -2,  -13,   -8,   -8,  -20,   -7,  -20,  -10,
     -13,  -13,   -8,   -8,   -7,   -3,   -7,   -5,   -3,   -7,   -7,   -7,   -3,  -13,  -15,  -30,
     -24,  -30,   -7,  -20,  -20,   -8,   -7,   -5,   -5,   -5,   -5,   -5,   -7,   -7,   -7,   10,
      10,   -7,   -7,   -7,  -15,  -30,   -5,   -5,   -7,   10,   -8,   -8,   -3,  -24,   -7,   -5,
      -5,   -7,   -7,   -7,  -30,  -10,   -7,  -10,   -7,   -7,  -50,  -34,  -17,   -5,   -3,  -12,
      -5,   -3,  -40,  -17,  -34,  -30,  -37,   -7,  -30,   -5,   -7,   -2,  -10,   -7,  -22,  -17,
     -22,   -7,  -17,  -40,   -7,  -22,  -13,   -7,  -40,  -52,  -34,  -17,  -37,  -22,  -54,  -50,
     -54,  -50,   -7,  -10,   -7,  -10,  -17,   -9,  -20,  -17,  -10,   -2,  -18,   -7,  -13,  -13,
      -8,   -5,   -8,   -3,  -10,   -8,   -8,  -13,   -8,  -15,  -30,  -34,  -50,  -32,  -50,   -3,
     -11,  -10,  -18,  -18,  -18,  -18,  -18,  -13,  -13,  -13,   -3,   -3,   -3,  -13,   -8,  -13,
     -13,  -29,  -50,  -12,  -18,  -18,  -13,   -5,   -5,   -3,   -3,   -3,   -8,  -10,   -8,   -8,
      -8,  -15,  -15,  -15,  -17,  -17,  -17,  -32,   -3,   -3,  -13,   -3,  -18,  -18,  -13,   -3,
      -3,  -13,   -8,  -10,  -50,  -13,  -13,   -7,   -7,   -7,   -7,   -7,  -10,  -17,   -3,  -13,
      -5,   -3,   -2,  -17,  -17,  -17,  -13,  -15,   -3,  -10,   -3,   -8,   -8,  -17,   -8,  -12,
      -7,  -13,  -18,  -17,  -12,  -18,  -10,  -17,  -13,  -17,  -17,  -17,  -17,  -17,  -17,  -17,
     -17,  -10,  -11,   -7,  -17,   -8,  -17,  -17,  -13,  -18,   -3,  -17,  -17,  -17,  -15,  -15,
     -10,  -10,  -10,   -8,   -3,   -3,   -8,   -8,  -12,  -12,  -12,  -17,  -10,  -10,  -17,  -17,
     -10,  -17,  -17,  -17,  -10,  -10,  -17,   -8,  -18,   -7,   -7,   30,  -10,  -24,   -3,   -7,
     -27,   -9,  -13,  -17,  -10,   -7,   -9,  -17,   -5,  -13,   20,   -3,   -3,   -3,  -27,  -30,
     -17,   -3,   -3,   -3,   -7,  -17,   -7,  -10,  -17,   -3,   -3,  -13,   15,   -3,  -13,  -10,
     -24,  -24,  -10,  -20,  -30,   -2,  -20,  -47,   -2,  -20,   -2,  -24,   -7,   60,    5,    5,
      40,   -7,  -27,   -9,  -13,  -17,  -10,   -7,   -9,  -17,   -5,  -13,   20,   -3,   -3,   -3,
     -27,  -30,  -17,   -3,    3,   -3,   -7,  -17,   -7,  -10,  -17,   -3,   -3,  -13,   15,   -3,
     -13,    5,  -13,  -20,  -17,  -10,  -12,  -12,   -3,  -27,  -20,  -30,  -24,  -32,  -30,   -5,
     -13,  -10,  -10,   -3,  -10,   -3,   -3,  -10,  -12,   -3,  -17,  -15,  -25,  -20,  -25,   -1,
      -7,  -17,  -20,  -20,  -32,   -5,   -5,   -5,   -5,   -5,  -10,  -10,  -10,  -10,   -3,  -10,
     -10,  -15,  -25,   -3,   -5,   -5,  -10,   -3,  -10,   -3,   -3,   -3,   -3,   -3,   -3,  -27,
     -27,  -24,  -20,   -1,   -1,  -10,   -5,   -5,  -10,  -10,   -3,  -32,  -25,  -20,  -20,  -20,
     -20,   -7,   -7,   -2,   -7,   -7,   -3,   -5,   -3,   -2,   -3,   -3,   -3,   -7,   -3,   -2,
      -7,   -7,   -7,   -5,   -3,   -3,   -3,   -3,   -3,   -3,   -7,   -3,   -3,   -7,   -7,   -3,
      -7,   -3,   -3,   -5,   -7,  -17,  -34,  -24,  -34,  -27,   -7,   -7,  -20,  -34,   -3,  -34,
     -12,   -3,   -7,   -3,  -24,  -24,  -24,   -7,  -24,   -3,   -3,   -8,   -8,  -24,   -8,  -17,
      -7,   -7,   -3,   -3,   -7,  -17,  -24,  -13,  -34,  -34,  -24,  -24,  -24,  -39,  -24,  -24,
     -24,  -24,   -3,    3,    7,  -24,   -8,  -24,  -24,   -7,   -3,   -3,  -24,  -24,  -24,  -24,
     -24,   -3,   -3,   -3,   -8,    3,   -3,   -8,   -8,  -17,  -17,  -17,   -7,   -7,  -24,  -34,
      -3,  -24,  -24,  -24,   -3,   -3,  -24,   -8,   -3,  -34,  -17,   -7,  -13,  -13,  -17,  -10,
     -25,  -20,  -10,   -3,   -3,  -13,  -13,  -13,  -13,  -12,   -3,   -3,   -7,   -7,  -13,   -7,
     -13,  -13,  -10,  -17,  -13,  -10,  -17,  -10,  -25,  -25,  -13,  -13,  -13,  -13,  -13,  -13,
     -13,  -13,   -3,   -3,   -3,  -13,   -7,  -13,  -13,  -10,  -17,  -13,  -13,  -13,  -12,  -12,
      -3,   -3,   -3,   -7,   -3,   -7,   -7,  -13,  -13,  -13,  -13,  -10,  -10,  -13,  -25,   -3,
     -13,  -13,  -13,   -3,   -3,  -13,   -7,  -17,  -13,  -17,  -34,  -17,  -34,  -30,  -10,  -10,
     -30,  -42,  -10,  -37,  -15,  -10,  -10,   -3,  -54,  -34,  -34,  -20,  -27,   -5,   -3,  -27,
     -27,  -34,  -27,  -32,  -17,  -27,  -18,  -18,  -20,  -18,  -24,  -17,  -17,  -15,  -10,  -42,
     -87,  -54,  -47,  -50,  -47,  -54,  -34,  -34,  -45,   -5,   12,    8,  -34,  -27,  -34,  -50,
     -27,  -18,  -54,  -45,  -57,  -27,  -48,    5,   18,    2,  -27,  -27,  -27,  -32,  -32,  -47,
     -18,  -24,  -40,  -34,  -42,   -7,  -54,  -54,  -54,   -2,  -59,  -47,  -18,  -34,  -17,  -10,
     -13,  -27,  -13,  -27,  -24,   -3,   -3,  -24,  -37,   -7,  -34,  -12,   -7,   -7,  -24,  -30,
     -30,  -17,  -27,   -7,  -17,  -17,  -30,  -17,  -24,  -13,  -13,  -13,  -10,  -10,  -13,  -17,
     -13,  -13,   -7,   -3,  -37,  -37,  -24,  -37,  -30,  -24,  -24,  -30,  -54,  -44,  -12,  -10,
       7,  -30,  -17,  -30,  -50,  -13,  -13,  -24,  -34,  -30,  -27,  -27,    3,    2,   -2,  -17,
       3,  -17,  -17,  -24,  -24,  -24,  -10,  -17,  -17,  -30,  -37,  -10,  -24,  -24,  -30,   -7,
      -5,  -30,  -17,  -13,  -27,  -13,   -3,  -17,   -9,   -9,   -5,   -3,   -3,   -3,  -10,  -10,
     -24,  -18,  -24,   -7,  -17,  -13,   -3,   -3,   -3,   -3,   -3,   -3,  -10,  -24,   -3,   -5,
      -5,  -18,   -3,   -3,   -3,  -24,   -7,  -17,  -34,  -27,  -34,  -34,  -13,  -13,  -30,  -37,
     -17,  -37,  -10,  -17,  -13,  -34,  -32,  -32,  -20,  -34,   -7,   -3,  -24,  -24,  -32,  -24,
     -27,  -13,  -27,  -24,  -17,  -20,  -24,  -27,  -24,  -27,  -20,  -10,  -37,  -37,  -34,  -50,
     -50,  -47,  -34,  -32,  -60,  -50,   -7,   10,  -32,  -24,  -57,  -54,  -27,  -24,  -50,  -54,
     -32,  -34,  -34,    3,   -3,  -24,    7,  -24,  -24,  -27,  -44,  -47,  -17,  -27,  -27,  -32,
     -37,   -7,  -34,  -52,  -50,   17,   -3,  -32,  -24,  -24,  -34,  -24,  -10,   -3,   -3,   -3,
      -7,   -2,   -7,   -3,  -13,  -13,  -13,   -2,   -3,  -13,   -7,   -7,  -13,  -13,    5,    7,
       7,    7,    5,    5,    7,  -13,  -10,  -10,  -30,  -20,  -30,  -24,  -30,  -67,  -10,  -13,
      -7,  -13,  -20,  -30,  -10,  -13,  -30,  -30,  -24,   -7,  -19,   -7,  -19,  -20,   -7,  -25,
     -12,  -25,  -16,   -9,  -10,  -14,   -9,  -19,  -20,  -11,  -20,  -30,  -13,  -13,  -24,  -10,
     -25,  -27,  -10,   -2,   -4,   -5,   -3,   -3,   -2,   -7,   -7,  -10,   -8,  -25,  -22,  -30,
      -2,   -2,   -2,   -2,   -3,   -2,   -2,   -8,  -30,   -2,   -3,   -5,   -3,   -3,   -7,   -7,
      -7,  -25,  -25,  -24,   -2,   -2,   -2,   -3,  -30,  -25,  -13,  -25,  -13,  -10,  -13,   -3,
      -3,   -8,  -17,  -20,  -10,   -5,   -3,   -3,   -7,   -5,   -5,   -2,  -12,   -3,   -5,  -12,
      -2,   -3,   -2,  -12,   -5,   -3,   -5,   -3,   -3,   -5,   -5,   -5,  -17,  -17,   -3,   -2,
      -2,   -3,   -7,  -13,  -10,  -13,  -10,   -3,  -13,   -2,   -2,   -2,   -2,   -2,   -2,   -2,
      -2,   -2,   -2,   -2,   -2,   -2,   -2,   -2,   -2,   -3,   -3,   -7,   -3,   -3,  -10,   -2,
      -2,   -3,   -3,   -3,   -5,  -11,   -5,  -11,   -3,   -3,   -3,   -3,   -2,   -3,   -3,   -5,
     -11,   -3,   -2,  -10,   -2,   -2,   -5,   -3,   -3,   -3,   -2,  -11,  -16,  -16,  -10,  -13,
      -3,   -3,   -8,  -17,  -20,  -10,   -5,   -3,   -3,   -7,   -5,   -5,   -2,  -12,   -3,  -12,
      -2,   -3,   -2,  -12,   -5,   -3,   -5,   -3,   -3,   -5,   -5,   -5,  -17,  -17,   -3,   -2,
      -2,   -3,  -12,  -13,  -10,  -13,  -10,   -3,   13,   47,   48,   30,   10,   30,   20,   -7,
      -7,   -7,   -7,   -7,   -7,   -7,   -7,   -7,    4,   -7,   -7,   -7,   -7,   -7,   -7,   -4,
      -7,   -7,   -7,   -7,   -7,   -7,   -7,   -7,   -7,   -7,   -7,   30,   47,   40,   47,   -7,
     -10,   -3,   -5,   -7,   -7,   -3,   -7,   -6,   -3,   -3,   -3,   -3,   -3,   -7,   -7,   -7,
      -7,   -7,   -7,   -3,   -3,   -3,   -7,   -3,   -6,   -6,   -6,   -7,   -3,   -3,   -7,   -7,
     -13,  -24,  -10,  -25,  -27,  -10,   -2,   -2,   -5,   -3,   -3,   -2,   -7,   -3,  -10,   -8,
     -25,  -22,  -30,   -2,   -2,   -2,   -2,   -3,   -2,   -2,   -8,  -30,   -2,   -3,   -5,   -3,
      -3,   -3,   -3,   -3,  -25,  -25,  -24,   -2,   -2,   -2,   -3,  -12,  -25,  -13,  -25,  -13,
     -10,  -13,   -7,  -20,  -10,  -13,  -13,  -20,  -13,   -7,  -10,  -10,   -7,  -10,  -10,  -20,
     -10,  -20,  -20,  -13,   -7,  -20,  -10,  -17,  -17,  -24,  -17,   -7,   -5,   -2,   -7,   -7,
      -3,   -7,   -3,   -7,   -5,   -5,   -5,   -5,   -5,   -3,   -7,   -7,   -5,   -5,   -7,   -3,
      -5,   -5,   -7,   -7,   -7,   -3,   -3,   -7,  -10,   -3,   -3,   -2,   -2,   -3,   -2,   -2,
      -3,   -2,   -5,   -2,   -7,   -7,   -3,   -3,   -3,   -3,   -2,   -3,   -3,   -3,   -2,   -3,
      -2,   -2,   -2,   -5,   -3,   -3,   -3,   -2,   -2,  -10,  -27,  -10,  -27,   -7,  -10,  -13,
      -3,   -3,   -8,  -17,  -20,  -10,   -5,   -3,   -3,   -7,   -5,   -5,   -2,  -12,   -3,   -7,
     -12,   -2,   -3,   -2,  -12,   -5,   -3,   -5,   -3,   -3,   -5,   -5,   -5,  -17,  -17,   -3,
      -2,   -2,   -3,   -7,  -13,  -10,  -13,  -10,   -3,  -27,   -7,   -4,  -14,   -7,  -10,   -7,
      -7,   -5,   -7,   -7,  -10,  -10,  -13,   -8,  -13,   -7,   -7,   -7,   -7,   -7,   -7,   -7,
      -7,   -7,   -7,   -7,  -10,  -13,   -5,   -7,   -7,   -7,   -5,   -7,   -7,   -7,   -8,   -7,
      -7,   -7,   -7,   -7,  -13,  -13,  -13,  -17,  -17,  -10,   -4,  -13,   -7,   -3,   -3,   -7,
      -3,   -3,   -3,   -3,   -3,   -3,   -3,   -7,   -3,   -7,   -3,   -3,   -3,  -17,  -10,   -7,
      -3,   -2,   -3,   -3,   -2,   -2,   -3,   -2,   -2,   -3,   -7,   -3,   -7,   -3,   -7,   -3,
      -2,   -2,   -7,   -7,   -2,   -7,   -7,   -3,   -2,   -7,   -4,   -2,  -10,    7,   -3,   -3,
      -3,   -3,   -3,   -2,   -2,   -2,   -2,   -7,   -2,   -2,   -3,   -2,   -3,   -3,   -2,   -7,
      -7,   -7,   -7,   -7,   -7,   -7,   -2,   -3,   -3,   -2,   -2,   -7,   -2,   -3,   -3,  -10,
       7,  -10,  -30,   -7,  -30,  -13,  -12,   -7,   -5,   -7,   -8,  -15,   -7,  -10,   -8,   -8,
      -7,   -7,   -5,   -5,   -5,   -5,   -5,   -8,   -8,   -8,   -8,   -8,   -8,  -10,   -5,   -5,
      -8,   -7,   -7,  -10,   -8,   -8,   -8,   -8,   -5,   -5,   -8,   -8,  -30,   -7,   -7,  -27,
      -3,  -27,   -7,  -10,   -7,   -3,   -5,   -5,   -3,   -7,   -5,   -2,   -3,   -3,   -3,   -3,
      -3,   -3,   -3,   -5,   -5,   -5,   -5,   -5,   -5,   -7,   -3,   -3,   -5,   -3,   -3,   -7,
      -2,   -2,   -2,   -5,   -3,   -3,   -5,   -5,  -27,   -3,  -13,   -3,   -5,   -5,   -5,   -3,
     -10,   -5,   -5,   -5,   -5,   -5,   -5,   -5,   -5,   -5,   -5,  -10,   -2,    2,   -3,   -3,
     -13,   -7,  -15,  -10,  -20,   -7,  -20,  -13,  -13,  -10,  -20,   -7,   -7,  -10,   -3,  -10,
     -10,   -3,   -3,   -7,   -7,  -24,   -7,   -7,  -13,  -10,  -13,   -7,  -24,  -24,  -10,  -13,
      -7,   -7,   -7,  -13,   -7,  -15,  -21,  -15,  -21,   -7,  -13,  -10,  -13,  -15,   -7,  -13,
     -20,  -13,  -13,  -20,  -13,  -13,   -7,  -13,  -20,  -20,  -20,   -8,  -17,  -17,  -10,   -7,
     -20,   -3,   -7,   -3,  -10,   -7,   -8,  -20,   -7,  -17,  -17,  -10,   -3,   -8,  -20,   -7,
     -20,   -7,   -7,  -20,  -15,  -27,  -13,  -27,   -7,   -8,   -8,   -8,  -13,  -13,  -20,  -20,
     -20,  -15,  -27,   -8,   -8,   -8,   -8,   -8,   -8,  -13,  -20,   -8,  -20,  -20,  -13,  -20,
      -8,   -8,   -8,  -27,  -20,  -27,  -27,   -7,   30,  -10,  -24,   -3,   -7,  -27,   -9,  -13,
     -17,  -10,   -7,   -9,  -17,   -5,  -13,   20,   -3,   -3,   -3,  -27,  -27,  -17,   -3,   -3,
      -3,  -17,  -17,   -7,  -27,  -17,   -3,   -3,  -13,   15,   -3,  -13,  -10,  -10,  -20,  -25,
     -10,  -13,  -17,   -7,  -13,  -13,  -17,  -10,  -25,  -20,  -13,   -3,   -3,  -13,  -13,  -13,
     -13,  -12,   -3,   -3,   -7,   -7,  -13,   -7,  -13,  -13,  -10,  -17,  -13,  -10,  -17,  -10,
     -25,  -25,  -13,  -13,  -13,  -13,  -13,  -13,  -13,  -13,   -3,   -3,   -3,  -13,   -7,  -13,
     -13,  -10,  -17,  -13,  -13,  -13,  -12,  -12,   -3,   -3,   -3,   -7,   -3,   -7,   -7,  -13,
     -13,  -13,  -13,  -10,  -10,  -13,  -25,   -3,  -13,  -13,  -13,   -3,   -3,  -13,   -7,  -17,
     -13,  -17,  -34,  -27,  -34,  -34,  -13,  -13,  -30,  -37,  -17,  -37,  -10,  -17,  -13,  -34,
     -32,  -32,  -20,  -34,   -7,   -3,  -24,  -24,  -32,  -24,  -27,  -13,  -27,  -24,  -17,  -20,
     -24,  -27,  -24,  -27,  -20,  -10,  -37,  -37,  -34,  -50,  -50,  -40,  -34,  -32,  -60,  -50,
      -7,    3,   13,  -32,  -24,  -57,  -54,  -27,  -24,  -50,  -54,  -32,  -34,  -34,    3,    7,
      -3,  -24,    7,  -24,  -24,  -27,  -44,  -47,  -17,  -27,  -27,  -32,  -37,   -7,  -34,  -52,
     -50,   17,   -3,  -32,  -24,  -24,  -34,  -24,  -10,  -20,   24,  -13,   24,   -7,  -24,   -7,
       2,    2,  -20,  -20,  -27,    2,    2,  -20,  -27,  -13,  -13,   -7,   -7,   -3,  -20,  -10,
      -3,  -20,   -3,  -20,   -7,  -10,  -20,  -13,  -24,  -10,  -25,  -27,  -10,   -2,   -2,   -5,
      -3,   -3,   -2,   -7,   -3,  -10,   -8,  -27,  -24,  -30,   -2,   -2,   -2,   -2,   -3,   -2,
      -2,   -8,  -30,   -2,   -3,   -5,   -3,   -3,   -3,   -3,   -3,  -25,  -25,  -24,   -2,   -2,
      -2,   -3,  -30,  -25,  -13,  -25,  -13,  -13,  -24,  -10,  -25,  -27,  -10,   -2,   -2,   -5,
      -3,   -3,   -2,   -7,   -3,  -10,   -8,  -25,  -24,  -30,   -2,   -2,   -2,   -2,   -3,   -2,
      -2,   -8,  -30,   -2,   -3,   -5,   -3,   -3,   -3,   -3,   -3,  -25,  -25,  -24,   -2,   -2,
      -2,   -3,  -30,  -25,  -13,  -25,  -13,  -10,  -13,   -3,   -3,   -8,  -17,  -20,  -10,   -5,
      -3,   -3,   -7,   -5,   -5,   -2,  -12,   -3,   -2,  -12,   -2,   -3,   -2,  -12,   -5,   -3,
      -5,   -3,   -3,   -5,   -5,   -5,  -17,  -17,   -3,   -2,   -2,   -3,   -7,  -13,  -10,  -13,
     -10,   -3,  -10,  -13,   -7,  -20,  -10,  -13,  -13,  -20,  -13,   -7,  -10,  -10,   -7,  -10,
     -10,  -20,  -10,  -20,  -20,  -13,   -7,  -20,  -10,  -24,  -17,  -24,  -17,   -7,  -10,  -10,
      -3,  -10,   -9,  -15,  -17,  -12,   -7,   -5,  -17,   -7,  -13,   -3,   -3,   -2,   -3,  -27,
     -30,  -17,   -3,  -17,  -17,   -7,  -10,  -17,   -3,   -3,  -13,   -3,  -13,  -10,  -22,  -67,
     -48,  -48,  -27,  -48,  -48,  -22,   -7,  -27,  -27,  -27,  -27,  -10,  -29,  -50,  -27,  -50,
     -27,  -20,  -48,  -53,  -27,  -22,  -53,  -24,  -48,  -67,  -22,  -48,  -56,  -56,  -27,  -56,
     -27,  -27,  -27,  -27,  -27,  -61,  -27,  -27,  -53,  -52,  -27,  -56,  -27,  -27,  -27,  -29,
     -10,  -61,  -29,  -27,  -27,  -27,  -45,  -24,  -24,  -67,  -56,  -27,  -27,  -27,  -29,  -52,
     -20,  -27,  -20,  -18,  -27,  -48,  -42,  -71,  -34,  -17,   -5,   -3,  -12,   -5,   -3,  -52,
     -17,  -37,  -34,  -40,   -7,  -30,   -5,   -7,   -2,  -10,   -7,  -22,  -17,  -22,   -7,  -17,
     -40,   -7,  -22,  -13,   -7,  -52,  -52,  -34,  -17,  -40,  -22,  -67,  -60,  -67,  -60,  -19,
     -62,  -46,  -46,  -27,  -46,  -46,  -19,   -7,  -46,  -46,  -46,  -46,  -10,  -47,  -47,  -46,
     -47,  -27,  -20,  -49,  -52,  -22,  -12,  -47,  -24,  -27,  -62,  -19,  -39,  -59,  -59,  -59,
     -59,  -59,  -62,  -62,  -62,  -62,  -57,  -62,  -62,  -52,  -52,  -59,  -59,  -62,  -62,  -62,
     -57,  -10,  -57,  -57,  -62,  -62,  -62,  -45,  -45,  -45,  -62,  -59,  -59,  -62,  -62,  -57,
     -52,  -20,  -25,  -20,  -17,  -62,  -46,  -36,   -7,   -7,   -7,  -10,   -2,   -2,   -5,   -3,
      -3,   -5,  -11,   -5,  -11,   -7,   -7,   -7,   -7,   -2,   -7,   -7,   -5,  -11,   -7,   -2,
     -10,   -2,   -2,   -5,   -7,   -7,   -7,   -2,  -11,  -16,  -16,  -17,  -34,  -24,  -34,  -27,
      -7,   -7,  -20,  -34,   -3,  -34,  -12,   -3,   -7,   -3,  -24,  -24,  -24,   -7,  -24,   -3,
      -3,   -8,   -8,  -24,   -8,  -17,   -7,   -7,   -3,   -3,   -7,  -17,  -24,  -13,  -34,  -34,
     -24,  -24,  -24,  -39,  -24,  -24,  -24,  -24,   -3,    3,    2,  -24,   -8,  -24,  -24,   -7,
      -3,   -3,  -24,  -24,  -24,  -24,  -24,   -3,   -3,   -3,   -8,    3,   -3,   -8,   -8,  -17,
     -17,  -17,   -7,   -7,  -24,  -34,   -3,  -24,  -24,  -24,   -3,   -3,  -24,   -8,   -3,  -34,
     -17,   -7,   -7,   -7,   -7,   -7,   -7,   -7,   -7,   -3,   -2,   -2,   -7,   -7,   -2,   -7,
      -7,   -3,   -2,   -7,   -4,   -2,  -17,   -7,   -7,   -3,   -3,   -3,   -3,   -3,   -2,   -2,
      -2,  -10,   -7,   -2,   -2,   -3,   -2,   -3,   -3,   -2,   -7,  -14,  -14,   -7,   -7,   -7,
     -14,  -10,  -10,   -3,   -2,   -2,   -7,   -2,   -7,   -7,   -7,  -17,  -13,  -27,  -13,  -27,
     -24,   -3,   -3,  -24,  -37,   -7,  -34,  -10,   -7,   -7,  -24,  -30,  -30,  -17,  -27,   -7,
     -17,  -17,  -30,  -17,  -24,  -13,  -13,  -13,  -10,  -10,  -13,  -17,  -13,  -13,   -7,   -3,
     -37,  -37,  -24,  -37,  -30,  -24,  -24,  -30,  -54,  -44,  -12,    7,   20,  -30,  -17,  -30,
     -50,  -13,  -13,  -24,  -34,  -30,  -27,  -27,   14,    3,   -2,  -17,   13,  -17,  -17,  -24,
     -24,  -24,  -10,  -17,  -17,  -30,  -37,  -10,  -24,  -24,  -30,   -7,   -5,  -30,  -17,  -13,
     -27,  -13,   -3,   -7,  -39,  -13,  -39,  -24,  -13,  -13,  -13,  -29,  -13,  -27,  -13,  -13,
       3,    7,    3,  -13,  -20,  -20,  -10,  -18,  -12,  -12,  -20,  -12,  -18,  -10,  -10,  -10,
      -7,   -7,  -10,  -13,  -22,  -13,  -10,  -29,  -40,    3,  -13,  -13,  -13,  -13,  -13,  -20,
     -20,  -20,  -20,  -12,  -20,  -20,  -10,  -10,  -13,  -13,  -20,  -18,  -18,  -12,  -12,  -12,
     -18,  -18,  -18,   -7,  -13,  -13,  -20,  -29,  -13,  -13,  -20,  -20,  -12,    3,  -10,  -39,
     -22,  -10,  -22,   -8,  -22,  -13,   -5,   -7,   -7,   -3,   -3,   -7,   -7,   -5,   -8,   -5,
      -5,   -5,   -5,   -5,   -7,   -7,   -7,   -7,   -3,   -7,   -7,   -5,   -5,   -7,   -3,   -3,
      -3,   -5,   -5,   -5,   -7,   -5,   -5,   -7,   -7,   -3,  -22,  -13,  -47,  -22,  -47,  -20,
     -42,   -7,  -34,  -13,   -7,   -3,    7,    7,    7,    7,  -30,  -34,  -34,  -15,  -34,   -5,
      -2,  -24,  -24,  -34,  -24,  -30,  -13,  -17,  -15,  -10,  -13,  -15,  -20,  -37,  -22,  -13,
     -42,    7,  -30,  -30,  -30,  -30,  -30,  -34,  -34,  -34,   -5,   -5,   -5,  -34,  -24,  -34,
     -34,  -17,  -15,  -30,  -30,  -34,  -34,  -34,   -5,   -5,   -5,  -24,   -2,  -24,  -24,  -30,
     -30,  -30,    7,  -10,  -20,  -20,  -34,  -42,   -5,  -30,  -30,  -34,   -5,   -5,  -34,  -24,
       7,  -15,  -47,  -37,  -13,   -7,  -27,  -13,  -27,   -7,   -7,   -7,  -12,  -10,  -10,  -10,
      -7,  -13,  -13,  -10,  -10,  -10,  -10,  -10,  -10,  -10,   -7,   -7,   -7,  -10,  -10,  -10,
     -27,  -13,   -6,   -7,   -3,   -7,  -13,   -7,  -17,  -17,  -17,  -13,   -3,   -3,   -3,  -13,
      -7,   -3,   -3,   -3,  -17,  -17,  -23,  -23,  -77,  -34,  -37,  -32,  -10,  -17,  -17,  -34,
      -7,  -17,  -17,    3,  -20,   -3,  -34,  -17,    3,    8,  -30,  -10,   -7,   -5,   -7,   -7,
      -7,   -5,   10,   -3,  -10,  -20,  -17,  -34,  -20,  -54,  -13,  -20,  -34,  -34,  -34,  -24,
     -10,  -60,  -13,  -13,   -7,  -10,  -17,  -20,  -34,  -30,  -42,  -24,  -17,  -34,  -34,  -10,
      13,   -7,  -34,  -13,    8,  -10,    8,  -37,   -7,  -13,   -7,  -10,   -1,   -7,  -23,  -23,
     -10,  -24,   -7,   -3,  -10,   -3,  -23,   10,  -29,   10,  -10,  -10,  -20,   -3,  -17,  -15,
     -27,  -10,  -20,  -20,  -32,  -24,  -20,  -20,  -24,  -24,  -36,  -36,  -10,  -35,  -10,   -3,
      -9,   -9,   -9,  -18,   -9,   -7,   -3,    7,  -20,   -9,    3,   -2,   -3,   -3,   -3,   -3,
     -10,   -7,  -10,  -10,   -3,   -3,   -2,   -9,  -18,   -7,  -18,  -33,  -33,   -3,  -91,  -13,
     -48,  -39,  -13,  -13,  -13,  -27,   -7,   -7,  -34,  -13,  -34,  -10,   -7,  -10,   -7,  -10,
     -10,  -24,  -13,  -18,  -17,  -22,  -20,  -13,  -18,  -27,  -40,  -22,  -18,  -22,  -17,  -17,
     -13,  -20,  -24,  -13,  -18,  -27,  -22,  -22,  -24,  -18,  -10,  -30,  -20,  -10,  -48,  -27,
     -10,  -37,  -10,  -17,   -5,    3,  -17,  -20,   -5,  -30,  -10,  -27,  -34,    7,   -3,  -13,
      -3,   -2,   -3,   -3,   -3,   -3,   -3,   -2,   -7,   -2,  -17,  -27,  -20,  -20,   -7,   -3,
      -3,   -2,   -2,   -3,   -3,  -17,  -24,   -3,  -57,  -24,  -20,  -45,  -45,  -14,   -3,  -10,
      -3,   -7,   -3,   -3,   -7,   -3,   -3,   -3,   -3,   -3,   -3,   -3,   -7,   -7,   -7,   -3,
      -7,   -3,   -7,   -3,   -3,  -10,  -13,   -7,  -10,  -10,  -13,   -3,   -3,   -3,   -7,   -3,
      -3,   -7,   -3,   -3,   -3,   -3,   -3,   -3,   -3,   -3,   -7,   -3,   -3,   -5,   -3,   -3,
      -3,   -7,   -3,   -7,  -10,  -10,  -77,  -17,  -37,  -32,  -10,  -17,  -17,  -17,   -7,  -17,
     -17,    3,  -20,   -3,  -34,  -17,    3,    8,  -30,  -10,   -7,   -5,   -7,   -7,   -7,   -5,
      10,   -3,  -10,  -20,  -17,  -13,  -20,  -54,  -13,  -20,  -34,  -34,  -24,  -24,  -10,  -60,
     -13,  -13,   -7,  -10,  -17,  -20,  -34,  -30,  -42,  -24,  -17,  -34,   -7,  -10,   13,   -7,
     -34,  -13,    8,  -10,    8,  -37,   -7,   -2,   -3,   -7,   -3,   -3,   -2,   -2,   -3,  -10,
      -7,  -10,   -3,   -3,   -7,   -7,  -10,   -3,  -13,  -17,   -3,   -7,   -7,  -10,   -3,  -13,
      -3,  -20,  -35,  -20,   -3,   -6,  -12,   -6,  -18,  -12,   -3,   -3,    7,  -20,  -16,    3,
      -2,   -3,   -3,   -3,   -3,  -13,  -20,  -13,  -27,   -3,   -3,   -2,   -9,  -18,  -24,  -18,
     -33,  -33,   -3,   -6,   -6,   -7,   -3,   -7,   -3,   -7,   -7,   -7,   -6,  -10,  -35,  -10,
      -3,   -6,   -9,   -6,  -18,   -9,   -7,   -3,    7,  -20,  -16,    3,   -2,   -3,   -3,   -3,
      -3,  -10,   -7,  -10,  -10,   -3,   -3,   -2,   -9,  -18,   -7,  -18,  -33,  -33,   -3,  -10,
     -10,   -3,   -7,  -13,   -7,   -3,  -13,   -7,   -7,   -7,   -7,  -13,   -5,   -7,   -3,  -10,
      -3,   -7,  -13,  -13,  -13,  -14,  -14,  -17,  -17,  -14,  -11,    3,   -9,   -6,    3,   -8,
     -17,   -2,   -7,   -7,   -7,   -5,   -3,    3,   -8,   -3,   -3,   -7,   -7,   -3,   -3,  -10,
      -7,   -7,   -3,   -3,   -3,   -3,   -7,   -3,   -3,    7,   -7,   -7,  -15,   -8,  -10,  -10,
     -17,  -24,  -30,  -16,    7,  -30,  -13,  -24,   -3,   -3,   -3,    7,   10,   -3,   -7,   -3,
      -7,   -7,   -3,   -3,   -3,  -13,   -3,   -7,   -7,   -3,   -3,  -13,   -7,   -7,   -3,   -3,
     -16,   -3,  -30,   -3,   -3,   -3,  -17,  -10,  -10,   -3,   -2,   -7,   -3,   -8,   -7,   -7,
      -3,   -3,   -7,   -3,   -7,   -7,   -7,   -8,   -3,  -10,   -3,   -7,   -7,  -10,  -10,  -10,
     -20,   -8,   -3,  -10,   -7,   -7,   -7,   -3,   -3,   -7,   -2,   -7,  -10,  -10,  -10,  -34,
     -17,  -34,  -27,   -7,   -7,  -17,  -13,   -3,   -7,  -34,  -10,  -30,   -7,   -3,   -3,  -10,
      -3,   -3,   -7,  -12,  -24,  -10,  -17,  -20,  -24,  -17,  -17,  -17,  -27,  -17,  -24,  -13,
     -24,  -17,   -7,  -10,  -10,  -17,  -17,  -17,  -27,  -24,  -24,  -17,  -17,   -3,  -17,  -17,
     -17,   -3,  -34,  -13,  -13,  -13,  -12,  -11,  -17,   -3,  -13,  -10,   -3,   -7,   -3,   -5,
      -3,   -5,   -7,   -7,  -13,   -7,  -17,  -10,  -10,  -10,  -14,  -14,  -13,  -10,  -10,   -7,
      -5,   -7,   -3,   -3,   -5,   -7,   -7,   -7,   -7,   -7,  -10,   -3,   -3,   -3,   -3,  -20,
     -20,  -20,  -17,   -3,   -3,   -3,   -7,   -3,  -10,   -3,   -3,   -7,   -3,   -5,   -7,   -7,
      -7,  -17,  -17,  -10,  -11,    3,   -9,   -3,    3,   -8,   -7,   -2,   -7,   -7,   -3,   -9,
      -3,    3,   -8,   -3,   -3,   -7,   -7,   -3,   -3,  -10,   -7,   -7,   -3,   -3,   -3,   -3,
      -7,   -3,   -3,    7,   -7,   -7,  -15,   -8,  -10,  -10,  -17,  -25,   -3,    3,    3,   -5,
     -13,   -7,   -3,   -2,   -7,  -25,  -25,   -7,   -7,    2,   -2,   -3,   -3,   -3,   -3,   -3,
      -7,  -27,   -3,   -5,   -5,   -5,  -17,  -17,  -67,  -17,  -27,  -16,  -14,  -17,   -2,   -3,
      -3,  -27,  -12,   -3,   -3,   -3,  -10,   -3,   -8,   -7,  -54,  -27,  -25,   -9,   -9,  -20,
       3,   -2,   -2,  -22,    3,   -3,  -10,   -3,   -3,   -2,   -3,  -24,   -2,   -3,   -3,  -10,
     -11,  -11,   -7,   -7,  -26,   -6,  -14,  -14,   -7,  -22,  -13,  -30,  -10,   -8,  -23,   -2,
      -3,   -2,   -2,   -3,   -7,   -3,   -2,   -2,   -3,   -3,   -3,  -11,  -11,  -10,  -16,   -8,
      -8,   -8,  -13,    3,   -3,   -8,   -8,  -11,  -11,  -37,  -30,  -20,  -12,   -5,  -17,  -12,
      -3,   -8,  -24,   -7,   -7,  -30,  -32,  -32,  -23,   -8,   -5,   -6,   -3,   -7,   -7,   -3,
      -7,   -3,  -10,   -3,   -7,   -3,   -7,   -3,   -3,   -7,   -3,  -13,   -7,   -5,   -7,   -7,
      -3,   -3,  -20,  -32,  -19,   -3,   -5,    7,    7,   -5,   -5,   -5,   -5,    7,  -16,   -2,
      -2,   -2,   -2,   -2,    7,  -36,    7,  -13,  -13,  -13,   -8,  -13,  -23,  -23,  -30,   -7,
      -7,  -15,   -7,  -25,  -25,  -19,   -4,   -4,   -4,   -7,    3,   -3,   -4,   -4,   -6,   -6,
     -17,    4,  -13,   -7,   10,  -29,   10,  -17,  -17,  -30,   -3,  -10,  -13,  -17,  -17,  -30,
     -30,  -10,  -35,  -10,   -3,   -6,  -19,   -6,  -37,  -19,  -25,  -13,    7,  -20,  -16,    3,
      -2,   -3,   -3,   -3,   -3,  -10,   -7,  -10,  -10,   -3,   -3,   -2,   -9,  -37,   -7,  -37,
     -67,  -67,   -3,  -42,    3,   -3,  -10,   -3,   -3,  -20,  -27,  -24,   -2,   -3,   -3,  -10,
     -39,  -39,  -77,  -50,  -37,  -32,  -34,  -34,  -17,  -50,   -7,  -17,  -17,    3,  -20,   -3,
     -34,  -17,    3,    8,  -67,  -10,  -17,   -5,  -17,  -17,   -7,  -10,   10,   -3,  -27,  -44,
     -24,  -37,  -37,  -54,  -34,  -47,  -50,  -67,  -50,  -50,  -30,  -60,  -27,  -40,  -27,  -17,
     -40,  -47,  -54,  -71,  -50,  -50,  -17,  -34,   -7,  -10,   13,   -7,  -17,  -34,    8,  -10,
       8,  -37,   -7,  -67,  -17,  -27,  -16,  -14,  -17,   -2,   -3,   -7,  -27,  -12,   -7,   -7,
      -3,  -10,   -7,   -8,   -7,  -54,  -27,  -22,    3,   -3,  -10,   -3,   -3,   -2,    7,  -24,
      -2,   -3,   -3,  -10,  -11,  -11,  -10,  -35,  -10,   -7,   -6,   -9,   -6,  -18,   -9,   -7,
      -3,    7,  -20,  -16,    3,   -2,   -3,   -3,   -3,   -3,  -10,   -7,  -10,  -10,   -3,   -3,
      -2,   -9,  -18,   -7,  -18,  -33,  -33,   -7,  -91,  -13,  -48,  -39,  -13,  -13,  -13,  -54,
     -17,   -7,  -34,  -13,  -71,  -10,   -7,  -10,  -17,  -10,  -10,  -24,  -13,  -18,  -17,  -22,
     -20,  -13,  -18,  -27,  -40,  -22,  -18,  -22,  -17,  -17,  -13,  -20,  -24,  -13,  -18,  -27,
     -22,  -22,  -24,  -18,  -10,  -30,  -20,  -10,  -48,  -54,  -26,  -26,  -11,   -2,   -7,   -2,
      -2,   -2,   -2,  -26,  -28,  -10,  -10,  -20,  -30,  -24,  -10,  -10,  -20,  -20,  -25,  -25,
      -7,  -39,  -13,  -39,  -24,  -13,  -13,  -13,  -29,  -13,  -27,   -7,  -13,    3,    7,    3,
     -13,  -20,  -20,  -10,  -18,  -12,  -12,  -20,  -12,  -18,  -10,  -10,  -10,   -7,   -7,  -10,
     -13,  -22,  -13,  -10,  -29,  -20,    3,  -13,  -13,  -13,  -13,  -13,  -20,  -20,  -20,  -20,
     -12,  -20,  -20,  -10,  -10,  -13,  -13,  -20,  -18,  -18,  -12,  -12,  -12,  -18,  -18,  -18,
      -7,  -13,  -13,  -20,  -29,  -13,  -13,  -20,  -20,  -12,    3,  -10,  -39,  -22,  -10,  -22,
      -8,  -22,  -13,   -5,   -7,   -7,   -3,   -3,   -7,   -3,   -5,   -8,   -5,   -5,   -5,   -5,
      -5,   -7,   -7,   -7,   -7,   -3,   -7,   -7,   -5,   -5,   -7,   -3,   -3,   -3,   -5,   -5,
      -5,   -7,   -5,   -5,   -7,   -7,   -3,  -22,  -13,  -47,  -22,  -47,  -20,  -42,   -7,  -34,
      -7,   -7,   -3,    7,    7,    7,    7,  -30,  -34,  -34,  -15,  -34,   -5,   -2,  -24,  -24,
     -34,  -24,  -30,  -13,  -17,  -15,  -10,  -13,  -15,  -20,  -37,  -22,  -13,  -42,    7,  -30,
     -30,  -30,  -30,  -30,  -34,  -34,  -34,   -5,   -5,   -5,  -34,  -24,  -34,  -34,  -17,  -15,
     -30,  -30,  -34,  -34,  -34,   -5,   -5,   -5,  -24,   -2,  -24,  -24,  -30,  -30,  -30,    7,
     -10,  -20,  -20,  -34,  -42,   -5,  -30,  -30,  -34,   -5,   -5,  -34,  -24,    7,  -15,  -47,
     -37,  -13,  -17,  -34,  -27,  -34,  -34,  -13,  -13,  -30,  -37,  -17,  -37,  -10,  -17,  -13,
     -34,  -32,  -32,  -20,  -34,   -7,   -3,  -24,  -24,  -32,  -24,  -27,  -13,  -27,  -24,  -17,
     -20,  -24,  -27,  -24,  -27,  -20,  -10,  -37,  -37,  -34,  -50,  -50,  -40,  -34,  -32,  -60,
     -50,   -7,   -3,    7,  -32,  -24,  -57,  -54,  -27,  -24,  -50,  -54,  -32,  -34,  -34,    3,
       7,   -3,  -24,    7,  -24,  -24,  -27,  -44,  -47,  -17,  -27,  -27,  -32,  -37,   -7,  -34,
     -52,  -50,   17,   -3,  -32,  -24,  -24,  -34,  -24,  -10,  -34,  -34,  -15,  -40,   -7,  -34,
     -13,   -7,   -7,  -17,  -17,  -20,  -10,   -3,   -7,   -7,  -17,   -7,  -17,  -10,  -40,  -40,
     -77,   -7,   -7,   -7,   -7,   -7,  -17,  -17,  -17,   13,  -17,   -7,  -17,  -17,   -3,   -7,
      -7,  -17,  -10,  -10,   -7,   -3,   -7,   -7,  -17,  -17,  -17,  -17,  -40,   -7,   -7,  -17,
       7,  -17,   -7,  -14,  -13,  -45,  -19,  -43,   -9,  -35,  -13,  -14,  -13,  -14,  -16,  -11,
     -11,  -16,  -22,  -13,   -9,  -11,  -19,  -11,  -22,  -22,   -9,   -9,  -11,  -20,  -22,  -22,
     -14,  -11,  -11,  -69,  -43,  -34,  -34,  -34,  -34,  -17,   -7,   -8,  -34,  -17,  -34,  -17,
      -7,   -7,  -32,  -40,  -40,  -30,  -27,  -15,   -7,   -7,  -40,   -7,  -27,  -20,  -17,  -13,
     -10,   -7,  -13,  -47,  -34,  -34,  -32,  -32,  -32,  -32,  -32,  -40,  -40,  -40,  -40,   -7,
     -40,  -40,  -17,  -13,  -15,  -32,  -32,  -40,  -27,  -27,   -7,  -15,   -7,   -7,  -27,  -27,
     -27,  -10,  -40,  -34,  -32,  -32,  -40,  -40,   -7,  -13,  -34,  -20,  -13,  -10,  -10,  -37,
     -17,  -34,  -30,  -40,  -17,   -7,   -7,   -7,  -17,  -17,  -34,  -30,  -34,  -17,  -40,   -7,
      -7,   -7,   -7,   -7,   -7,  -17,  -34,   -7,  -37,  -37,  -30,  -30,   -7,   -7,   -7,  -40,
     -34,  -30,  -34,  -10,  -20,  -34,  -10,  -37,  -34,  -37,  -54,  -12,  -24,   -3,   -3,   -3,
      -3,   -3,   -3,  -10,   -5,  -10,   -3,   -3,  -10,   -3,   -3,   -3,   -3,   -5,   -3,  -10,
};

static const EpdLigaturePair literatamono_10_regularLigaturePairs[] = {
    { 0x00660069, 0xFB01 }, // f i -> U+FB01
    { 0x0066006C, 0xFB02 }, // f l -> U+FB02
};

static const EpdFontData literatamono_10_regular = {
    literatamono_10_regularBitmaps,
    literatamono_10_regularGlyphs,
    literatamono_10_regularIntervals,
    68,
    31,
    25,
    -7,
    true,
    literatamono_10_regularGroups,
    13,
    nullptr,
    nullptr,  // kernLeftClasses: built-in fonts use the split arrays below
    nullptr,  // kernRightClasses
    literatamono_10_regularKernLeftCodepoints,
    literatamono_10_regularKernLeftClassIds,
    literatamono_10_regularKernRightCodepoints,
    literatamono_10_regularKernRightClassIds,
    nullptr,  // kernMatrix: built-in fonts use the sparse form below
    literatamono_10_regularKernRowOffsets,
    literatamono_10_regularKernSparseCols,
    literatamono_10_regularKernSparseValues,
    559,
    504,
    162,
    190,
    literatamono_10_regularLigaturePairs,
    2,
};
