/**
 * generated by fontconvert.py
 * name: literatamono_12_regular
 * size: 12
 * mode: 2-bit  compressed: true
 * Command used: fontconvert.py literatamono_12_regular 12 ../builtinFonts/source/Literata/Literata-Regular.ttf --2bit --compress --pnum --zopfli --mono
 */
#pragma once
#include "EpdFontData.h"

static const uint8_t literatamono_12_regularBitmaps[10542] = {
    0x95, 0x97, 0xC1, 0x6A, 0x23, 0x4B, 0x0F, 0x85, 0x3F, 0xD0, 0xB6, 0x41, 0xAF, 0xD2, 0xF0, 0x6F,
    0x05, 0x7A, 0x75, 0x41, 0xB6, 0x17, 0xF2, 0x2A, 0x82, 0x6C, 0x05, 0xE7, 0x9F, 0xAA, 0xEE, 0x36,
    0xC9, 0x90, 0xDC, 0x3B, 0xD3, 0x3A, 0xE7, 0xAB, 0xD8, 0x25, 0xCB, 0xEA, 0xB2, 0xC6, 0x78, 0x08,
    0x29, 0xE3, 0xB9, 0x08, 0x45, 0x3F, 0x57, 0x55, 0x71, 0x1A, 0xDB, 0xED, 0xA4, 0x34, 0xCB, 0xD4,
    0xC1, 0x63, 0xAB, 0x40, 0x52, 0x2F, 0x1B, 0x27, 0x8F, 0x39, 0x6E, 0x99, 0xFE, 0x71, 0x29, 0x8F,
    0x8C, 0xC3, 0x7F, 0x29, 0x0F, 0xF2, 0x1F, 0x5C, 0x98, 0x1A, 0x1F, 0x0E, 0x71, 0x64, 0x1F, 0xFE,
    0x4B, 0x73, 0x64, 0xFE, 0x33, 0xFF, 0x53, 0xDD, 0xAF, 0x2D, 0x82, 0x1C, 0x4E, 0x22, 0x69, 0xDA,
    0xAD, 0x1E, 0x38, 0xCC, 0x42, 0x4E, 0x80, 0x77, 0x67, 0x41, 0xAB, 0xB1, 0xB7, 0x8A, 0x0B, 0x6E,
    0x15, 0x1C, 0xD6, 0x41, 0xA0, 0xA6, 0xC9, 0x42, 0x05, 0xA6, 0x06, 0xAF, 0x00, 0x67, 0xE3, 0x04,
    0xAB, 0xF6, 0xB6, 0xAE, 0x6C, 0xC4, 0xD9, 0xAE, 0x6A, 0xD2, 0xBB, 0x08, 0x53, 0x31, 0x6C, 0x24,
    0x0C, 0x5E, 0x24, 0x3E, 0xA7, 0x6B, 0xD4, 0xA6, 0xF2, 0xBA, 0x8E, 0x89, 0xB6, 0x32, 0x1C, 0x27,
    0x08, 0x86, 0xA1, 0xBF, 0xC4, 0x10, 0x3B, 0x1C, 0xC7, 0xCA, 0x8A, 0x2E, 0xFA, 0xF5, 0x8C, 0x97,
    0x7D, 0x13, 0x5E, 0xFE, 0xAA, 0xD8, 0x14, 0x34, 0x14, 0xF3, 0x56, 0x29, 0x28, 0x52, 0xCC, 0x7B,
    0xF1, 0xC6, 0xB5, 0xF5, 0x92, 0x34, 0xD2, 0xD0, 0x7C, 0x56, 0x48, 0xEE, 0xD1, 0x1A, 0x4D, 0x48,
    0xF1, 0x6C, 0x14, 0x76, 0x09, 0x7C, 0xEB, 0x80, 0xD8, 0x3A, 0xFF, 0x63, 0xBF, 0x01, 0x15, 0xAE,
    0x26, 0x19, 0x62, 0xD3, 0xB7, 0x1B, 0xAF, 0xC7, 0x73, 0x99, 0xC7, 0x41, 0x92, 0x04, 0xAE, 0x06,
    0x15, 0x34, 0x6A, 0xBC, 0xB1, 0x3F, 0x93, 0x0F, 0x52, 0xB9, 0x48, 0x55, 0x5B, 0x0F, 0xDD, 0x34,
    0x5C, 0xDB, 0x85, 0x17, 0x09, 0x03, 0x8D, 0x55, 0x38, 0x11, 0x8C, 0xD4, 0x52, 0x9B, 0x48, 0xF5,
    0xB0, 0x14, 0x77, 0xC6, 0x35, 0x13, 0x60, 0x0D, 0x73, 0xA9, 0x98, 0x66, 0x52, 0xED, 0x02, 0x02,
    0x6C, 0x2E, 0xFB, 0x40, 0xDC, 0xEE, 0xC1, 0xEA, 0xB2, 0x33, 0xC4, 0x6D, 0x49, 0xB5, 0x0C, 0xC3,
    0xB6, 0x09, 0x52, 0xE5, 0x9A, 0xA5, 0xD7, 0x11, 0x1E, 0xB8, 0xDA, 0x19, 0x08, 0xC8, 0x97, 0x4E,
    0x62, 0x18, 0xDF, 0x63, 0x45, 0xB6, 0x69, 0x9C, 0x4C, 0x22, 0x60, 0x0E, 0xA4, 0x16, 0x33, 0x44,
    0x2F, 0x65, 0x13, 0xB3, 0x15, 0xF7, 0x4B, 0x48, 0x29, 0xA5, 0xC0, 0x77, 0x42, 0xC3, 0x73, 0x20,
    0xCE, 0x52, 0x42, 0x6C, 0xCD, 0x27, 0x35, 0xA6, 0x72, 0x75, 0x30, 0x4F, 0xB5, 0x48, 0xDA, 0x3F,
    0xCA, 0xD4, 0x69, 0x33, 0xA8, 0xC9, 0x4B, 0x43, 0xE4, 0xEE, 0xED, 0x75, 0x92, 0xCD, 0x34, 0xF1,
    0x68, 0xC6, 0x26, 0x15, 0xD4, 0xAB, 0x7A, 0x97, 0xB5, 0x54, 0x3E, 0x5C, 0x23, 0x07, 0xFB, 0x8F,
    0xD7, 0x83, 0x67, 0x28, 0xA1, 0xF1, 0x22, 0xB0, 0x26, 0xA1, 0x61, 0xC0, 0xC1, 0x1A, 0xF2, 0x5A,
    0xFA, 0x1E, 0x6A, 0x00, 0xAE, 0xBF, 0xEF, 0xB4, 0x82, 0xB9, 0xD3, 0x96, 0x72, 0xC1, 0x8B, 0x81,
    0x02, 0x1F, 0x52, 0xB4, 0xD5, 0x58, 0xF5, 0x6B, 0x3C, 0xF4, 0x9A, 0x97, 0x25, 0x00, 0x58, 0x9B,
    0xBD, 0x08, 0x27, 0x90, 0x1A, 0x18, 0xF2, 0xCA, 0x71, 0x4E, 0x3A, 0x4C, 0x7D, 0x86, 0xD3, 0x71,
    0x26, 0x1D, 0x1D, 0xF6, 0x15, 0x47, 0x9F, 0xE7, 0x2F, 0xF4, 0x99, 0xA3, 0x0A, 0x6F, 0xE1, 0x00,
    0x5E, 0x1C, 0x58, 0x33, 0x90, 0xEA, 0xBB, 0x3C, 0x03, 0xD8, 0x86, 0x16, 0x12, 0x70, 0xDF, 0x28,
    0x38, 0x16, 0xC2, 0x0A, 0x4E, 0x6B, 0x68, 0x1A, 0xA4, 0x86, 0x62, 0xB0, 0x22, 0x16, 0x12, 0x83,
    0xC4, 0x8B, 0x2C, 0xB5, 0xA9, 0xA5, 0x26, 0x25, 0x9C, 0xC4, 0x5F, 0x91, 0x38, 0x83, 0xAB, 0xF0,
    0xBD, 0xE7, 0x75, 0xD9, 0x6E, 0xFB, 0x76, 0x4A, 0x48, 0x0D, 0x39, 0x6D, 0x52, 0x7B, 0x59, 0x3B,
    0x74, 0x42, 0x04, 0xC4, 0x00, 0xBF, 0x3B, 0x80, 0x04, 0xBC, 0x08, 0x6F, 0xC6, 0xA4, 0x22, 0x85,
    0x34, 0xA4, 0x54, 0xCE, 0xAE, 0x31, 0xB7, 0xF3, 0x07, 0xC7, 0xBD, 0xDF, 0x9F, 0xFB, 0xD8, 0x35,
    0x18, 0xFC, 0x15, 0xE0, 0x9C, 0x38, 0x8D, 0xEB, 0x36, 0x7D, 0x3F, 0x07, 0xF7, 0xFD, 0xDC, 0x77,
    0x9C, 0x48, 0x5A, 0x4E, 0xC9, 0xF1, 0x2D, 0xF3, 0x5D, 0xC1, 0x69, 0xD7, 0x16, 0xBD, 0x1F, 0x72,
    0x29, 0x0B, 0x0D, 0xE4, 0x9C, 0x98, 0xD4, 0x78, 0xD1, 0x38, 0x04, 0xB9, 0x10, 0x70, 0x30, 0xC0,
    0x17, 0xB8, 0x6A, 0x60, 0x88, 0x85, 0x7C, 0xC1, 0x8B, 0xC1, 0x74, 0xD5, 0x3B, 0x50, 0x9B, 0x2A,
    0x0B, 0xE1, 0x10, 0xDF, 0x43, 0x9A, 0x1B, 0x10, 0x3F, 0x23, 0x0B, 0x5D, 0xF5, 0x34, 0x59, 0xCE,
    0x4F, 0x91, 0xA5, 0x21, 0xF5, 0x9F, 0x5F, 0xAB, 0x61, 0x3D, 0x56, 0xBF, 0x24, 0xE1, 0x83, 0x26,
    0x57, 0xD9, 0xBE, 0x4E, 0xF3, 0xC0, 0x69, 0xDC, 0x0A, 0x77, 0xF0, 0x04, 0x17, 0xF8, 0x7B, 0xE1,
    0xD6, 0x38, 0x73, 0x3B, 0x71, 0xBC, 0xD4, 0xBB, 0xFF, 0xE5, 0x2C, 0x9C, 0x7F, 0x97, 0x39, 0xEE,
    0x78, 0xA2, 0x75, 0x35, 0xA6, 0xF2, 0xC1, 0x07, 0x8B, 0x45, 0x0F, 0x8E, 0xC1, 0x93, 0x18, 0xDC,
    0x6F, 0x9E, 0x8B, 0xD5, 0x83, 0xDB, 0xC5, 0xAE, 0xC5, 0x8F, 0x0A, 0x9C, 0x0F, 0x16, 0xB5, 0x99,
    0x9B, 0x10, 0x24, 0x20, 0xAE, 0x79, 0x51, 0x99, 0x2A, 0x9B, 0xC4, 0x87, 0xB8, 0x91, 0x2F, 0x78,
    0x05, 0x6E, 0xFD, 0x80, 0x59, 0x88, 0x85, 0x5C, 0xF0, 0x79, 0x60, 0x43, 0xC2, 0xA0, 0x66, 0xC0,
    0x05, 0xDC, 0x03, 0x33, 0x38, 0x24, 0xB9, 0x10, 0xE0, 0x0C, 0x78, 0x7D, 0x87, 0xBD, 0x9B, 0x77,
    0x72, 0xBC, 0x06, 0xA6, 0x20, 0x07, 0xA4, 0x4A, 0x8D, 0x93, 0x8E, 0x3F, 0xCA, 0x25, 0x8D, 0xAB,
    0x1C, 0xB6, 0xBE, 0x0E, 0xAE, 0x8B, 0xBB, 0x91, 0xAB, 0x1A, 0x0E, 0xF9, 0x28, 0xC0, 0xB9, 0xBA,
    0xF9, 0x8E, 0xC7, 0x62, 0xA8, 0x76, 0xB5, 0xBE, 0xDA, 0x0F, 0xF0, 0xCA, 0xE1, 0x6E, 0x8B, 0xDC,
    0xC4, 0x1A, 0x80, 0xB1, 0xEB, 0x39, 0x00, 0x1F, 0xA4, 0x26, 0xF5, 0xCC, 0xC2, 0x8E, 0xDA, 0x24,
    0x71, 0x0D, 0x2E, 0x7E, 0x9B, 0x99, 0xC0, 0xC9, 0x6D, 0xB5, 0x8F, 0xC6, 0x06, 0xBD, 0xE3, 0x12,
    0xB9, 0xE3, 0xC9, 0x80, 0xAC, 0xE7, 0x90, 0x1B, 0x4C, 0x40, 0x02, 0x4E, 0xE3, 0xB5, 0x73, 0x56,
    0x68, 0x38, 0x55, 0xA4, 0xA4, 0xE5, 0xB0, 0xF2, 0xBE, 0x6C, 0x58, 0xF1, 0x47, 0xF6, 0x06, 0x09,
    0x0D, 0xEA, 0x6C, 0xB2, 0xBC, 0x70, 0xFE, 0x0A, 0x76, 0x23, 0xB0, 0x26, 0x9E, 0x8F, 0x43, 0xF0,
    0xFB, 0x57, 0x40, 0x71, 0x2E, 0x34, 0xB6, 0xD1, 0x56, 0x17, 0xD8, 0x18, 0xE7, 0x46, 0x1C, 0x40,
    0x06, 0xE0, 0x1B, 0xE7, 0x42, 0x03, 0xD6, 0xBB, 0x68, 0xA3, 0xCE, 0xB2, 0x21, 0x71, 0x6C, 0x38,
    0xF0, 0xF2, 0x20, 0x3E, 0x2D, 0x49, 0x60, 0x75, 0x38, 0x27, 0x56, 0xE1, 0x34, 0xD6, 0xE1, 0xB5,
    0x96, 0xD3, 0xAA, 0x61, 0x2D, 0x05, 0xDD, 0xD6, 0x05, 0xD3, 0xF6, 0x51, 0x10, 0xC5, 0x5A, 0xB2,
    0xF8, 0x60, 0x2F, 0xBA, 0x96, 0x04, 0x8D, 0xA9, 0xB2, 0x11, 0xD6, 0x4F, 0xF3, 0xCC, 0x42, 0x3A,
    0xE0, 0xF3, 0xB9, 0x47, 0x6C, 0x00, 0x4F, 0x20, 0x1C, 0x18, 0x2F, 0x68, 0x6B, 0xAC, 0x18, 0xFC,
    0xD3, 0xD7, 0x99, 0x2B, 0x6B, 0x6F, 0xB7, 0x97, 0xD5, 0xAE, 0x3A, 0x0E, 0x73, 0x40, 0x06, 0x78,
    0x83, 0xFF, 0xDB, 0x27, 0x37, 0xA4, 0xF6, 0x61, 0x74, 0xE0, 0x15, 0x24, 0x27, 0x01, 0x0C, 0x58,
    0x83, 0xD7, 0xE5, 0x04, 0x06, 0x68, 0xB0, 0xA6, 0xBD, 0xE8, 0xC4, 0x3A, 0xC9, 0x96, 0xD4, 0x52,
    0x7F, 0x7F, 0xA9, 0x21, 0xB6, 0x0E, 0xF0, 0x2D, 0x03, 0xAB, 0x25, 0x0A, 0x1A, 0xCE, 0xFF, 0xCC,
    0x68, 0x95, 0xCA, 0xFE, 0x22, 0xBC, 0x54, 0x04, 0x24, 0x7C, 0x60, 0x6F, 0x65, 0xD5, 0xCE, 0x19,
    0x44, 0xE0, 0x8D, 0x69, 0x5F, 0xE7, 0xF3, 0x3B, 0xA5, 0x4C, 0xA4, 0x6A, 0xAC, 0x7F, 0x89, 0x2D,
    0x57, 0xA7, 0xF5, 0x3C, 0xCA, 0x91, 0xB7, 0xB2, 0x40, 0xDF, 0x9D, 0xE5, 0xDB, 0x60, 0xD2, 0x3E,
    0x7C, 0xDB, 0xFC, 0xD6, 0xBB, 0x2F, 0x93, 0xB0, 0x1C, 0x50, 0xB9, 0x3A, 0x99, 0x60, 0x86, 0x1E,
    0x78, 0x29, 0x20, 0x39, 0x7D, 0xCF, 0x0B, 0x26, 0x60, 0x39, 0xBF, 0x5A, 0x7A, 0xFD, 0xAB, 0x0F,
    0x92, 0xF9, 0xC1, 0x89, 0x70, 0xBD, 0x63, 0xF2, 0xFE, 0xFA, 0x96, 0x23, 0x2D, 0x7D, 0x7A, 0xCB,
    0xF0, 0x3D, 0x52, 0x1C, 0xA0, 0xB6, 0x6A, 0x7B, 0x6B, 0x2F, 0x2E, 0x49, 0x4B, 0x5E, 0x3F, 0x2A,
    0x1B, 0x09, 0xC8, 0x32, 0x65, 0xA5, 0x3E, 0x18, 0xFA, 0x8B, 0x53, 0x8D, 0x0B, 0x82, 0xCB, 0x03,
    0xA4, 0x06, 0x97, 0x18, 0x92, 0xC6, 0x69, 0x12, 0x69, 0x48, 0x15, 0x2A, 0xC8, 0x02, 0xFF, 0xDD,
    0xEF, 0xD7, 0x6B, 0xBC, 0xFE, 0x2C, 0x34, 0x39, 0x4E, 0x96, 0x03, 0x00, 0x2A, 0x7D, 0x93, 0x95,
    0xA5, 0xAF, 0x59, 0x24, 0xFE, 0x63, 0x24, 0x41, 0xFF, 0xDC, 0x61, 0x69, 0x57, 0xF4, 0x0A, 0xBC,
    0x1A, 0x7F, 0x2F, 0x7C, 0x3E, 0xFD, 0x0C, 0x78, 0x6B, 0xBC, 0xE6, 0x76, 0xB6, 0xDA, 0x5B, 0xA5,
    0x3F, 0xB8, 0x13, 0xD9, 0xF8, 0x90, 0xA9, 0xBC, 0xEF, 0xFF, 0xC5, 0xBF, 0x0B, 0x75, 0x76, 0xB6,
    0x6C, 0xC8, 0xFC, 0xBB, 0x93, 0x44, 0x85, 0x6B, 0x3E, 0x0D, 0x9E, 0x3F, 0xAE, 0x9F, 0xFE, 0xAB,
    0x2A, 0x1F, 0xBE, 0x74, 0x8C, 0x7D, 0x63, 0x5F, 0xC6, 0x35, 0x78, 0x36, 0x0E, 0x2F, 0x67, 0x81,
    0x1A, 0xD0, 0xFB, 0x7F, 0x0E, 0x7D, 0xBC, 0x86, 0x5E, 0x98, 0x12, 0xF8, 0xCD, 0xA6, 0x96, 0xB7,
    0x72, 0xBC, 0xC7, 0xF7, 0x84, 0x7F, 0x2B, 0x0D, 0x3E, 0x95, 0xAA, 0xB0, 0x0A, 0x2A, 0x20, 0x1B,
    0x17, 0x64, 0x61, 0xDD, 0xD6, 0x63, 0x25, 0x55, 0x0E, 0x06, 0xFE, 0x48, 0x5A, 0x72, 0x7E, 0x96,
    0xCA, 0xC4, 0x13, 0xFE, 0xAF, 0x91, 0x97, 0xF5, 0x5E, 0x26, 0xEF, 0xD7, 0x6F, 0xCC, 0xB2, 0x7A,
    0x1D, 0x5B, 0x1F, 0xD0, 0x01, 0xB3, 0x7C, 0x42, 0x34, 0x64, 0xBF, 0x26, 0x51, 0xED, 0xA5, 0xCA,
    0x1D, 0xFE, 0xCB, 0x07, 0x8B, 0x81, 0xD5, 0xFF, 0x7A, 0xB1, 0xFB, 0xC4, 0x7A, 0x91, 0xAE, 0xEE,
    0xC5, 0x69, 0xF8, 0xA8, 0x28, 0xD0, 0x66, 0x92, 0x17, 0x41, 0xAD, 0xBE, 0x2A, 0x05, 0xD6, 0x27,
    0x4C, 0xDF, 0xF3, 0xCF, 0xB5, 0x7E, 0x34, 0xD4, 0x60, 0x95, 0xAC, 0x3C, 0x7D, 0xA8, 0x35, 0xD9,
    0xB9, 0x87, 0xC7, 0xBE, 0x76, 0xDC, 0x9F, 0x3B, 0x2E, 0xF0, 0x65, 0x5E, 0x3E, 0x9F, 0x9B, 0xBA,
    0xB7, 0xA5, 0x96, 0x75, 0x5B, 0xB5, 0x43, 0xC2, 0x40, 0x63, 0x8D, 0xD7, 0xE9, 0x2B, 0xB9, 0xC7,
    0x5A, 0x6A, 0x4E, 0x1B, 0xAF, 0x27, 0xEC, 0x15, 0xCE, 0x20, 0xFC, 0xF5, 0xF8, 0x53, 0xCE, 0x30,
    0xF5, 0xFD, 0x75, 0x22, 0xEC, 0xBB, 0x97, 0x14, 0x63, 0x63, 0xDF, 0xBC, 0x8D, 0x4A, 0x1C, 0x9C,
    0xD2, 0x54, 0xF6, 0xFF, 0x01, 0xBD, 0x98, 0x59, 0x8A, 0x1C, 0x5B, 0x0C, 0x44, 0x0F, 0xE8, 0xB7,
    0x20, 0xB6, 0x92, 0x0B, 0x10, 0x68, 0xEB, 0x82, 0x5E, 0x40, 0x6F, 0x45, 0xD0, 0xBF, 0x82, 0x78,
    0xCE, 0x74, 0x55, 0x51, 0x7E, 0x93, 0x67, 0x5F, 0x45, 0x9C, 0x9A, 0x74, 0x15, 0x39, 0xD8, 0x3D,
    0x91, 0x76, 0x92, 0x8F, 0x65, 0x3B, 0x11, 0xDC, 0x08, 0x8F, 0x72, 0x2A, 0x37, 0x8F, 0xDD, 0xE3,
    0xD8, 0x83, 0x9D, 0x4B, 0x4D, 0x9D, 0x4A, 0x79, 0xC2, 0x04, 0xE0, 0x96, 0x57, 0x6C, 0x9D, 0x3A,
    0x0A, 0x0A, 0x04, 0xF6, 0xD8, 0x13, 0xC3, 0xA9, 0x26, 0x5A, 0xA2, 0xCA, 0xB6, 0x77, 0xB8, 0xA5,
    0xCF, 0x09, 0x62, 0xF2, 0x21, 0x31, 0xF2, 0xD4, 0xF5, 0xA9, 0x37, 0xDC, 0xD5, 0x2C, 0x6A, 0x86,
    0x18, 0x1A, 0x26, 0x1A, 0x56, 0x40, 0xDD, 0xA0, 0x5C, 0x43, 0xD9, 0x03, 0xD1, 0x50, 0xF6, 0xEB,
    0xCB, 0x17, 0x68, 0x80, 0x32, 0xF4, 0x63, 0x01, 0xF4, 0x73, 0x61, 0xC2, 0xAD, 0x18, 0x45, 0x0B,
    0xD4, 0xD4, 0xF0, 0x61, 0xA6, 0x7A, 0x34, 0xCB, 0x9A, 0xAA, 0x96, 0x56, 0xF8, 0x46, 0x2D, 0xD1,
    0xC4, 0x88, 0xA9, 0xE8, 0x72, 0x6B, 0xC9, 0xDA, 0xCA, 0x42, 0x06, 0x36, 0x86, 0x68, 0x12, 0x85,
    0x45, 0xCA, 0xD1, 0x47, 0xC6, 0xDB, 0x27, 0xD0, 0x7D, 0x0C, 0xF4, 0x9C, 0x38, 0xF2, 0x81, 0xAC,
    0x78, 0xEB, 0x9B, 0x2C, 0x04, 0x22, 0x86, 0x81, 0x72, 0xA3, 0x61, 0x96, 0xC9, 0x53, 0x24, 0x5A,
    0xF6, 0x7A, 0xBE, 0xA6, 0xDE, 0x9B, 0x39, 0xE8, 0x89, 0xB7, 0x96, 0xC8, 0x62, 0x93, 0x2A, 0xA4,
    0x8E, 0xB7, 0x66, 0x86, 0x3E, 0xEC, 0xB5, 0x17, 0xF2, 0xAE, 0x58, 0xE4, 0xCE, 0x8F, 0x4F, 0x9A,
    0xD5, 0xE4, 0xC7, 0x27, 0x75, 0xB9, 0x63, 0xF1, 0x7A, 0xAB, 0x3D, 0x73, 0xCC, 0xE1, 0xA9, 0x66,
    0x78, 0xEA, 0x3E, 0x66, 0xE0, 0x29, 0xEE, 0x6F, 0xD6, 0xCC, 0x4E, 0x8D, 0x28, 0x92, 0x89, 0x56,
    0xA4, 0x6C, 0x5B, 0xB3, 0x39, 0x1A, 0x91, 0x31, 0xB1, 0x08, 0xB5, 0xB6, 0xEA, 0xEC, 0x68, 0x91,
    0x0C, 0xC3, 0x32, 0xDF, 0x52, 0x31, 0xD8, 0xD5, 0x1F, 0x53, 0x3D, 0xC0, 0xAB, 0x17, 0x88, 0x8F,
    0xAD, 0x8F, 0xF1, 0x47, 0xFF, 0x53, 0xF5, 0xD1, 0xF1, 0xD1, 0xC4, 0x7F, 0xC8, 0x9D, 0x76, 0x8A,
    0x1B, 0x6A, 0xC6, 0x53, 0x1D, 0x18, 0xFD, 0xA3, 0x3C, 0x5A, 0xB2, 0x18, 0x31, 0xD1, 0x4F, 0x8D,
    0x48, 0xA1, 0xA1, 0x87, 0x49, 0x52, 0x5C, 0x97, 0x7E, 0x62, 0x46, 0xE7, 0x2D, 0xE9, 0x2C, 0x66,
    0xE9, 0x83, 0x00, 0xC0, 0xA0, 0x4B, 0xB7, 0x8B, 0x79, 0x71, 0x9E, 0x24, 0x3A, 0x4F, 0xB2, 0x08,
    0xC5, 0xC9, 0x8C, 0x44, 0x1C, 0x4A, 0x3C, 0x93, 0x09, 0xF4, 0x91, 0x10, 0x3D, 0x09, 0xC2, 0x6E,
    0x6E, 0x90, 0x0F, 0x0D, 0xE4, 0xB7, 0x66, 0xBD, 0xF9, 0xA4, 0xD4, 0x42, 0x8A, 0x11, 0x79, 0xF1,
    0x20, 0xDA, 0x33, 0x44, 0x43, 0x23, 0x88, 0x7E, 0x6C, 0x3E, 0xB8, 0x11, 0x3D, 0x24, 0xF2, 0x30,
    0x27, 0x35, 0x00, 0x9B, 0x44, 0x33, 0x22, 0x38, 0x29, 0x20, 0xB9, 0x41, 0x0C, 0x09, 0xB1, 0x8C,
    0x40, 0x74, 0x81, 0xA2, 0x8B, 0x96, 0x78, 0x67, 0x4B, 0xF1, 0x4E, 0x4D, 0x4A, 0xC0, 0x71, 0x13,
    0x30, 0x29, 0x88, 0x2E, 0x0F, 0x01, 0x7A, 0x28, 0x2F, 0xEE, 0x43, 0x00, 0x70, 0x5C, 0x1A, 0x62,
    0xD0, 0xA0, 0xA6, 0x60, 0x61, 0x63, 0x4E, 0x31, 0xA5, 0xD6, 0x42, 0x00, 0xA8, 0x81, 0x58, 0x80,
    0xE2, 0x8B, 0xB5, 0x40, 0x5C, 0x30, 0x10, 0x05, 0x48, 0x17, 0x1A, 0x6E, 0x27, 0x32, 0x1A, 0x8E,
    0x18, 0x18, 0x06, 0xEC, 0x81, 0x66, 0x89, 0x26, 0x4F, 0x14, 0x01, 0x85, 0x9A, 0x6A, 0x4F, 0x78,
    0x40, 0x00, 0xF5, 0x1C, 0xDF, 0x7F, 0x20, 0x72, 0xBE, 0x18, 0xAA, 0x6B, 0x00, 0xFD, 0x3B, 0x23,
    0xD5, 0x03, 0xE5, 0x86, 0xE3, 0x0F, 0x5C, 0x53, 0x45, 0x43, 0xA9, 0x41, 0xD1, 0xBF, 0x3D, 0x8D,
    0xE3, 0x39, 0x4F, 0x4F, 0x18, 0x88, 0xE5, 0xF7, 0x87, 0xDB, 0x27, 0x33, 0xE3, 0x22, 0x09, 0x73,
    0xB1, 0x13, 0x88, 0xCF, 0x24, 0x69, 0x64, 0xFB, 0xC1, 0xBC, 0x92, 0x0E, 0x92, 0x66, 0x48, 0xA0,
    0x49, 0x14, 0x27, 0x6F, 0x17, 0x53, 0xCD, 0xB2, 0xDE, 0xB0, 0x97, 0xDA, 0x09, 0x7B, 0xD4, 0x31,
    0x82, 0x29, 0xC8, 0x84, 0x5C, 0xE0, 0xEF, 0x4E, 0xA0, 0x00, 0x35, 0xA9, 0xE1, 0xDC, 0xDF, 0x94,
    0x21, 0x80, 0x18, 0x20, 0xA1, 0x16, 0x34, 0x44, 0x43, 0x0C, 0xB0, 0x80, 0x78, 0xAE, 0x2B, 0x92,
    0x45, 0xCF, 0x02, 0x71, 0x20, 0x06, 0xF9, 0x6E, 0xE6, 0xFE, 0x1E, 0x88, 0x68, 0x11, 0x08, 0x51,
    0x14, 0xB6, 0x21, 0x1A, 0xD4, 0x50, 0xC0, 0xFC, 0xE2, 0xD9, 0x09, 0x18, 0xC2, 0x8D, 0x18, 0x6E,
    0x1C, 0xBF, 0x6C, 0xB6, 0xDE, 0xE6, 0xE9, 0x5F, 0x79, 0xCC, 0xC3, 0x52, 0x44, 0x03, 0x78, 0xAB,
    0xC5, 0x7F, 0x55, 0xB5, 0x97, 0x89, 0x51, 0x27, 0xDF, 0xD6, 0x1D, 0xAD, 0xA9, 0x1D, 0x75, 0x40,
    0x59, 0x13, 0xFD, 0x5F, 0xA5, 0x29, 0x6F, 0x9D, 0x05, 0xDF, 0xD2, 0x5B, 0x36, 0xC8, 0x1E, 0xA2,
    0xD9, 0x13, 0xF5, 0x84, 0xFA, 0x82, 0x3D, 0x77, 0x44, 0xF3, 0x82, 0x67, 0x5F, 0x12, 0x1D, 0x83,
    0xEC, 0xA6, 0xBC, 0x40, 0x05, 0x60, 0x03, 0xBD, 0xBC, 0x2C, 0x77, 0xB8, 0x6B, 0x28, 0xB4, 0xE4,
    0x1D, 0xF5, 0x84, 0x3A, 0x51, 0xCC, 0x03, 0xEC, 0x89, 0x3C, 0x51, 0x27, 0xB4, 0x0F, 0xC4, 0x52,
    0xB0, 0x78, 0x58, 0x10, 0x80, 0x1A, 0xD0, 0x00, 0x24, 0xAF, 0x4B, 0x06, 0xEC, 0x41, 0xCD, 0x22,
    0x28, 0x0A, 0x8A, 0x04, 0xB1, 0xA0, 0xFE, 0x37, 0x24, 0x88, 0xBA, 0x37, 0x27, 0x6A, 0x96, 0xB0,
    0x1B, 0x6A, 0x01, 0x6E, 0x00, 0x06, 0x62, 0x01, 0xF1, 0x07, 0x22, 0x1B, 0x88, 0x01, 0xB4, 0xC0,
    0xAA, 0xE1, 0x88, 0xDF, 0x18, 0xF9, 0xBC, 0x8D, 0x0D, 0x47, 0xFD, 0xFE, 0x13, 0x4C, 0x01, 0xAE,
    0x86, 0xD4, 0x6F, 0x4F, 0xEB, 0xE8, 0x11, 0x95, 0x68, 0x88, 0xE6, 0xF1, 0x13, 0x65, 0x77, 0x80,
    0x1C, 0x8D, 0xED, 0x67, 0x9E, 0x29, 0xC2, 0x24, 0x12, 0x4B, 0xAA, 0x97, 0xE3, 0xC4, 0xA8, 0x37,
    0x5A, 0xBD, 0x42, 0x9D, 0x89, 0xA8, 0xA1, 0xA8, 0x7E, 0xE4, 0x95, 0xDD, 0x4C, 0x2D, 0x10, 0x00,
    0x1A, 0x20, 0x16, 0x40, 0xBC, 0x2C, 0x2F, 0x9E, 0x1A, 0xAA, 0xD5, 0x88, 0xEF, 0x42, 0xDC, 0x91,
    0xC4, 0x90, 0x60, 0x0F, 0xC8, 0xCF, 0x8C, 0x02, 0x30, 0x10, 0xFD, 0x07, 0x22, 0x07, 0xE0, 0x9F,
    0x3F, 0xF9, 0xFC, 0xC6, 0x48, 0x45, 0x43, 0x69, 0x40, 0xD1, 0xBF, 0xFF, 0x04, 0x13, 0x58, 0x88,
    0x01, 0xBD, 0x86, 0xC9, 0xD5, 0xAC, 0x9A, 0x51, 0x47, 0xC7, 0x44, 0xB3, 0x82, 0xBD, 0x41, 0x25,
    0x68, 0x40, 0x0D, 0xF1, 0x4F, 0xA3, 0x01, 0xEF, 0xA9, 0x02, 0x81, 0xDC, 0xF2, 0x8A, 0x12, 0x7A,
    0x51, 0x89, 0x95, 0x47, 0x8B, 0xA0, 0x1A, 0x2F, 0xD4, 0x82, 0x4D, 0xB4, 0x4E, 0x9F, 0xC5, 0x67,
    0x27, 0xEE, 0x03, 0xF7, 0xA0, 0xA7, 0x8D, 0xBA, 0xCE, 0x9E, 0x55, 0x73, 0x3A, 0xF5, 0x7E, 0xBA,
    0xD3, 0xEF, 0x1E, 0xBF, 0xB9, 0x03, 0xD4, 0xC4, 0x40, 0xC2, 0x0D, 0x20, 0x4C, 0xB9, 0x37, 0xE6,
    0x93, 0xB8, 0x24, 0x4F, 0xC5, 0xEC, 0x43, 0xB5, 0xD6, 0x18, 0x41, 0x41, 0xC2, 0x10, 0x7C, 0xCF,
    0xC6, 0x81, 0x25, 0x8C, 0x44, 0xD2, 0xDF, 0xBE, 0x51, 0xDD, 0xE5, 0x3E, 0x0A, 0xE0, 0x3B, 0x76,
    0x45, 0xD7, 0xFB, 0x28, 0xFA, 0xBB, 0x76, 0x71, 0x10, 0x4B, 0x08, 0x89, 0x30, 0xB1, 0xDF, 0x17,
    0x1A, 0xBE, 0x1A, 0x7D, 0xB6, 0xDE, 0x9B, 0x87, 0xCF, 0xB0, 0x47, 0xF6, 0xB5, 0x09, 0xF6, 0x05,
    0xCB, 0x51, 0x2E, 0xB7, 0x46, 0x06, 0xF7, 0x39, 0x98, 0x4D, 0x76, 0x99, 0x85, 0xA7, 0x12, 0x8A,
    0x43, 0xDE, 0x70, 0x73, 0x80, 0x21, 0x08, 0x83, 0x89, 0x26, 0xE6, 0xD1, 0x14, 0xC0, 0x97, 0x73,
    0x58, 0xFB, 0xD4, 0xCB, 0x9C, 0x94, 0x27, 0xDC, 0x44, 0xA3, 0xA6, 0x20, 0xA1, 0xBF, 0x67, 0x63,
    0x82, 0xC1, 0xC4, 0x5B, 0xDF, 0x98, 0x6F, 0xDF, 0xA8, 0xB7, 0xF9, 0x2C, 0xF8, 0x8E, 0xB8, 0x61,
    0x58, 0x44, 0x00, 0x6E, 0xB7, 0xFE, 0x51, 0xD5, 0xDE, 0xE8, 0x68, 0x75, 0x72, 0xFC, 0x7F, 0x17,
    0xEA, 0x9C, 0xC9, 0xBE, 0x41, 0x4D, 0x4D, 0xFC, 0xA3, 0x34, 0xE5, 0xC9, 0xAD, 0x49, 0xF8, 0xBF,
    0x1E, 0x4D, 0x52, 0x83, 0x86, 0x5C, 0x8E, 0x84, 0x0A, 0x4B, 0x7E, 0x2F, 0x2A, 0xA9, 0x45, 0x2F,
    0xAA, 0x24, 0x8B, 0xBD, 0x5F, 0xBD, 0x15, 0xE1, 0x85, 0xB7, 0xE5, 0xB1, 0x1C, 0x4B, 0x95, 0x51,
    0x7F, 0x5B, 0x79, 0x6B, 0x19, 0xE0, 0xF5, 0x87, 0xFE, 0x00, 0x00, 0xDC, 0xC8, 0x4B, 0x51, 0x24,
    0xC5, 0xA2, 0x87, 0xFB, 0xF1, 0x3C, 0xEF, 0x9F, 0xCA, 0x03, 0x6E, 0x88, 0x06, 0x9D, 0x06, 0x12,
    0x98, 0x9F, 0x98, 0x95, 0x40, 0x01, 0x6E, 0xA2, 0x87, 0xE0, 0xF8, 0xE1, 0x59, 0x31, 0x07, 0xE1,
    0xE1, 0xA6, 0x06, 0xF8, 0xF1, 0x39, 0x3D, 0xE8, 0x63, 0x89, 0x9E, 0x9F, 0x9A, 0xC3, 0xC0, 0x7E,
    0xF1, 0x97, 0x38, 0x00, 0x5E, 0xDE, 0xAF, 0x99, 0xB0, 0x5B, 0x5D, 0x88, 0xEA, 0xE2, 0xA3, 0x2B,
    0xDE, 0xBA, 0x14, 0x53, 0x19, 0x5D, 0x13, 0x8F, 0x9B, 0x48, 0xD9, 0x4C, 0x0D, 0xFF, 0x75, 0x23,
    0x7D, 0x2F, 0xFD, 0x6F, 0x15, 0x97, 0xFD, 0xDE, 0x61, 0x0D, 0xF1, 0x72, 0x33, 0x13, 0x38, 0x7E,
    0x62, 0xD6, 0x0D, 0x28, 0xE0, 0xE3, 0x79, 0x23, 0x7F, 0x78, 0xD6, 0xB5, 0x7F, 0x9E, 0x37, 0xE0,
    0x87, 0xE7, 0xC0, 0xF1, 0xE5, 0x37, 0xE6, 0x1B, 0x00, 0x78, 0x6B, 0xAA, 0xD5, 0xEA, 0x20, 0x5A,
    0xC4, 0xDC, 0x60, 0x92, 0xCB, 0x7B, 0x40, 0x0E, 0x54, 0x83, 0x4E, 0xF3, 0xF4, 0x91, 0xB0, 0xA7,
    0xEF, 0x1F, 0xBB, 0x9F, 0x6D, 0x5F, 0xFA, 0x6D, 0x91, 0x8D, 0xE6, 0xCA, 0x98, 0xFF, 0x70, 0xEB,
    0x2C, 0x1B, 0x79, 0xFF, 0x31, 0xC3, 0x0B, 0x6C, 0xF1, 0x34, 0xBF, 0xF6, 0xD8, 0xFF, 0x02, 0xB5,
    0x9A, 0xDB, 0x6A, 0xE4, 0x3A, 0x13, 0x85, 0x3F, 0xA8, 0x5B, 0x43, 0xBD, 0x8A, 0xE1, 0xBF, 0x15,
    0xD4, 0xAB, 0x17, 0xE4, 0x76, 0x43, 0x5E, 0xA5, 0x60, 0x6E, 0x0B, 0xD6, 0xBF, 0x7D, 0x68, 0xF7,
    0x61, 0xE2, 0xD9, 0x9D, 0x4C, 0xB7, 0xA4, 0xB5, 0x34, 0x89, 0x35, 0xAA, 0x4F, 0x52, 0xDB, 0x51,
    0x14, 0xE3, 0x4A, 0x36, 0x7B, 0x4C, 0x0D, 0xD8, 0x6A, 0x02, 0x2C, 0x00, 0xF7, 0xD5, 0x12, 0xA6,
    0xC5, 0x86, 0x25, 0xCC, 0x56, 0x50, 0x14, 0x48, 0x05, 0x49, 0x63, 0xC9, 0x58, 0x2C, 0x30, 0x08,
    0x3C, 0x89, 0x54, 0x99, 0xCA, 0x95, 0xB7, 0xA1, 0x4C, 0x84, 0xB2, 0xAD, 0xDA, 0x8A, 0xB5, 0xB8,
    0x2A, 0xAC, 0xFA, 0x52, 0xA2, 0xE5, 0x25, 0x66, 0x12, 0x26, 0x2E, 0xA0, 0xD6, 0x6F, 0x07, 0x1D,
    0xE4, 0x64, 0xE9, 0xC2, 0xFA, 0x9B, 0xAC, 0x8F, 0x34, 0x1B, 0x08, 0x3B, 0xC8, 0x64, 0x07, 0xCD,
    0x1D, 0x08, 0xC9, 0x78, 0xA4, 0x89, 0x42, 0xB5, 0xD2, 0x00, 0x13, 0x40, 0x1D, 0xA6, 0xCD, 0xFC,
    0x02, 0x35, 0x56, 0x22, 0x53, 0x85, 0x6A, 0x7C, 0x01, 0x35, 0x63, 0xB9, 0x96, 0x5E, 0x0A, 0x03,
    0x68, 0xB0, 0x02, 0xE7, 0x9A, 0xA2, 0xCB, 0xA4, 0xF2, 0xB4, 0x72, 0xA8, 0x80, 0x31, 0x60, 0x34,
    0xF0, 0xA8, 0x01, 0x04, 0xE0, 0xC9, 0xF0, 0xA2, 0x4D, 0x4A, 0x42, 0x60, 0x89, 0x27, 0x01, 0x03,
    0x12, 0x00, 0xA5, 0xAB, 0x82, 0x1E, 0x74, 0x53, 0x0D, 0x47, 0x19, 0x10, 0xCC, 0xAE, 0x36, 0xAD,
    0x74, 0x78, 0x41, 0x34, 0x0C, 0x87, 0xB4, 0xD7, 0x41, 0x0D, 0x10, 0x28, 0xED, 0x23, 0x9D, 0xF9,
    0x07, 0x50, 0x96, 0x00, 0xAF, 0x06, 0x1A, 0x00, 0xDF, 0xA0, 0x49, 0x83, 0xE1, 0x10, 0xFD, 0x16,
    0x2A, 0x67, 0xB6, 0x8F, 0x44, 0x3B, 0xDB, 0xF3, 0x60, 0xC6, 0x84, 0xE5, 0x00, 0x15, 0x44, 0x82,
    0x73, 0x24, 0xA9, 0x09, 0x29, 0x9D, 0x15, 0xAC, 0x77, 0xC5, 0x89, 0xC6, 0x7E, 0xBD, 0x1C, 0xCF,
    0x90, 0x90, 0x0A, 0x4C, 0x03, 0x14, 0x7B, 0xB3, 0x09, 0x62, 0x40, 0xCC, 0x48, 0xB8, 0x44, 0x10,
    0x0C, 0x82, 0x3E, 0x51, 0x20, 0x5C, 0x9F, 0x98, 0xBC, 0x42, 0x02, 0x97, 0x0A, 0x4B, 0x7A, 0xB1,
    0x38, 0xCC, 0x73, 0x35, 0xA9, 0x76, 0xB3, 0xE4, 0xC6, 0x8E, 0x76, 0x03, 0x4B, 0x2B, 0x7C, 0x9B,
    0xB7, 0xE3, 0x5E, 0x8F, 0x4D, 0xA1, 0x3A, 0xFE, 0xFD, 0x03, 0x40, 0x57, 0xB1, 0x08, 0x1E, 0x26,
    0x91, 0xC6, 0x8F, 0x0C, 0xCE, 0x8C, 0x53, 0xB8, 0x76, 0x51, 0xFB, 0xF7, 0x58, 0x51, 0x1D, 0xC3,
    0xF1, 0xAD, 0x77, 0x89, 0xBB, 0x67, 0xEF, 0xE3, 0xD2, 0xB6, 0xB4, 0x94, 0x9B, 0xA5, 0x1D, 0xAE,
    0x32, 0xE5, 0xB4, 0x47, 0x31, 0x25, 0xE8, 0xB5, 0x44, 0x13, 0xB3, 0x91, 0xA6, 0x44, 0xDF, 0x83,
    0x62, 0x00, 0x02, 0xC6, 0x6B, 0x81, 0x18, 0xB0, 0xF8, 0xF7, 0x68, 0xF6, 0x4F, 0xF8, 0x63, 0xE4,
    0x93, 0xA8, 0x0F, 0x91, 0xA5, 0x2D, 0x32, 0x33, 0x50, 0x60, 0x09, 0x26, 0xA0, 0xEF, 0xC2, 0x1F,
    0xB1, 0x7F, 0x0F, 0x8F, 0xC3, 0x58, 0x8B, 0x92, 0xF8, 0x7D, 0xC1, 0xC6, 0xAB, 0x17, 0xAD, 0xEE,
    0x1E, 0x12, 0xCF, 0x2F, 0x9A, 0x25, 0xE0, 0x05, 0x44, 0x03, 0xC3, 0x81, 0x34, 0xF6, 0x14, 0x3D,
    0x63, 0x52, 0xE1, 0x49, 0xE1, 0x30, 0x88, 0xC5, 0x06, 0x4C, 0x34, 0x70, 0x67, 0xAE, 0x6C, 0x68,
    0x06, 0x34, 0x71, 0x98, 0x27, 0x8D, 0x49, 0x0D, 0xD1, 0x13, 0x14, 0x58, 0x6F, 0x72, 0x87, 0xC9,
    0x60, 0x26, 0x81, 0x48, 0x53, 0x64, 0xE8, 0x17, 0x4D, 0xDD, 0x29, 0x54, 0xB8, 0x60, 0xB0, 0xA9,
    0x81, 0x50, 0xE3, 0x12, 0x4D, 0x50, 0x38, 0x45, 0xB0, 0xAD, 0x7A, 0x42, 0x1A, 0x50, 0x76, 0x19,
    0x96, 0x17, 0x00, 0xEF, 0x1C, 0xD6, 0x44, 0xAE, 0x72, 0x01, 0x0D, 0xC0, 0x6B, 0x87, 0x74, 0x5D,
    0x29, 0xCB, 0xB7, 0x8F, 0x86, 0x06, 0xFA, 0x2D, 0x23, 0x79, 0x13, 0x30, 0x00, 0x96, 0x80, 0xD5,
    0xC5, 0xA8, 0xE3, 0x7B, 0x00, 0xD3, 0xF5, 0x8E, 0xA6, 0x0F, 0xBD, 0x76, 0x6C, 0x1C, 0x04, 0xDE,
    0x40, 0x7B, 0xC2, 0x6C, 0x00, 0x80, 0xCA, 0x94, 0x91, 0x08, 0x87, 0xF1, 0xB5, 0x49, 0xBD, 0x1B,
    0x8C, 0x73, 0x8B, 0x44, 0x5B, 0x7F, 0x96, 0xE0, 0x09, 0x51, 0x50, 0x03, 0xD2, 0x20, 0x0A, 0xBC,
    0xC0, 0x1E, 0xF5, 0x4B, 0x98, 0x94, 0x56, 0xCF, 0xE5, 0xD0, 0x82, 0x62, 0x2A, 0x4F, 0x82, 0xD5,
    0x24, 0x1D, 0x5F, 0x1E, 0x26, 0x69, 0xB7, 0x24, 0xCE, 0x2D, 0x16, 0x5B, 0xFB, 0x8B, 0x1B, 0x28,
    0x29, 0xFF, 0x0A, 0x30, 0x4C, 0xCA, 0x06, 0x08, 0x79, 0x59, 0x9E, 0x65, 0xAF, 0x50, 0x58, 0x4A,
    0xCC, 0x01, 0x00, 0x78, 0x2F, 0x85, 0xF3, 0x62, 0x8D, 0x2B, 0xD5, 0x6A, 0x00, 0x50, 0x47, 0x3A,
    0x67, 0x39, 0x52, 0x7D, 0x6D, 0x1B, 0x15, 0x5F, 0x10, 0x2F, 0x14, 0x69, 0xE5, 0xD1, 0x5E, 0xCF,
    0x31, 0xE7, 0x94, 0x93, 0x2A, 0xF2, 0xCF, 0x7D, 0xFE, 0x37, 0x99, 0x33, 0x18, 0x28, 0x23, 0x9D,
    0x45, 0x00, 0xA0, 0x54, 0xFA, 0x6F, 0xF9, 0xDA, 0x3E, 0x8E, 0xF6, 0xCF, 0x8D, 0xFF, 0xBC, 0x3F,
    0x35, 0xBE, 0x44, 0xC7, 0x84, 0x03, 0xFD, 0x63, 0xF7, 0xD5, 0x23, 0x57, 0xA7, 0x88, 0x74, 0x15,
    0x6A, 0x13, 0x3B, 0xC7, 0x46, 0x79, 0x9B, 0x94, 0x4B, 0x8E, 0xF4, 0x27, 0xF2, 0xD2, 0x4A, 0xED,
    0x09, 0xCE, 0x55, 0x03, 0x28, 0x20, 0xC1, 0x0A, 0xBC, 0xA1, 0x3D, 0x8F, 0xBB, 0x3B, 0x04, 0x5E,
    0x60, 0xCF, 0x69, 0x58, 0xD1, 0x96, 0xAB, 0x24, 0xF0, 0x06, 0xC3, 0x33, 0xAA, 0x46, 0x4E, 0xB0,
    0x30, 0xD8, 0x69, 0xF6, 0x74, 0x06, 0xEA, 0xE8, 0x48, 0x2F, 0xC7, 0xD2, 0x99, 0x70, 0x0A, 0xB7,
    0xC4, 0x1D, 0x3C, 0xC0, 0x05, 0xFE, 0x99, 0xB8, 0x15, 0x4E, 0xEF, 0x0A, 0x1C, 0x4F, 0x95, 0x4B,
    0x8D, 0x00, 0x70, 0xC0, 0x73, 0x93, 0x2D, 0x02, 0x26, 0x50, 0x42, 0x24, 0xF8, 0x6F, 0xD2, 0x3E,
    0x4B, 0x03, 0xCF, 0xDA, 0x62, 0xF4, 0x4D, 0xBC, 0x8F, 0xC2, 0xB3, 0x77, 0x45, 0xA9, 0xBC, 0x8E,
    0x38, 0xC1, 0x1E, 0x07, 0xF0, 0x4B, 0x1C, 0x65, 0x5C, 0xFA, 0xFB, 0x38, 0xE9, 0xEF, 0xE3, 0xA1,
    0xBF, 0xC2, 0x0A, 0x4F, 0x06, 0x7B, 0x52, 0x13, 0x89, 0xF3, 0xE7, 0x62, 0x8E, 0x3B, 0x1E, 0x48,
    0x12, 0x69, 0x15, 0xD9, 0xC7, 0x6D, 0xF0, 0xE7, 0xAC, 0xFE, 0x49, 0x08, 0x60, 0x40, 0xAC, 0xC5,
    0x61, 0x82, 0xF9, 0xC9, 0x68, 0xE0, 0xF8, 0xF6, 0x31, 0x60, 0x02, 0x1A, 0x5A, 0x3D, 0x22, 0x87,
    0x53, 0x4E, 0x3E, 0x49, 0xA0, 0x4F, 0xF4, 0x99, 0xFE, 0xF1, 0x6F, 0xC1, 0x3F, 0xF1, 0x7F, 0xF0,
    0xFC, 0xEF, 0xA2, 0x3E, 0x9B, 0xD0, 0xD8, 0xCB, 0x97, 0xB1, 0x12, 0x7D, 0xD5, 0xDB, 0x12, 0xFD,
    0xB3, 0x16, 0x3F, 0x89, 0xE5, 0x4A, 0xAC, 0x81, 0xBA, 0x68, 0x82, 0x1A, 0xF0, 0xAB, 0x40, 0x60,
    0x05, 0x51, 0x50, 0xC7, 0x75, 0x66, 0x6A, 0xCB, 0x56, 0x5E, 0x2E, 0xD5, 0xDD, 0xAC, 0xFE, 0xE3,
    0xED, 0x1D, 0xA9, 0xFC, 0xFC, 0x6D, 0x56, 0x07, 0x40, 0x03, 0x56, 0xF0, 0xDB, 0x63, 0xC2, 0x94,
    0x51, 0x04, 0xDE, 0x8C, 0xDD, 0xE2, 0x30, 0xCF, 0x81, 0x5B, 0x5D, 0x8C, 0x5E, 0x6C, 0x2C, 0x16,
    0x8B, 0x79, 0x5F, 0xCC, 0x9A, 0x80, 0x46, 0xC5, 0x3E, 0x2A, 0xDB, 0xE5, 0xEC, 0x04, 0x20, 0x6B,
    0x22, 0x84, 0xE7, 0x73, 0x59, 0x1D, 0xFD, 0x26, 0xC0, 0xB3, 0xDD, 0x13, 0x09, 0xD8, 0x0F, 0x59,
    0x01, 0xB0, 0xAF, 0x9F, 0x2D, 0xA4, 0x01, 0xC3, 0x01, 0xEF, 0xEB, 0xCE, 0xF6, 0xFD, 0x6B, 0x91,
    0xFB, 0x07, 0x2B, 0x6A, 0x67, 0xFA, 0xF9, 0x5A, 0x34, 0xC0, 0xD5, 0x26, 0x80, 0x01, 0x50, 0x00,
    0x1F, 0xED, 0x05, 0xAD, 0x86, 0xC8, 0x80, 0xC0, 0x9F, 0xB4, 0xC0, 0x54, 0xAA, 0xF3, 0xF1, 0xFB,
    0xE9, 0xF8, 0xE3, 0x7E, 0xFC, 0xF6, 0xD5, 0x52, 0x8F, 0x83, 0xB8, 0x2E, 0xE6, 0x09, 0xD8, 0x4F,
    0x66, 0xC1, 0x13, 0x56, 0xB1, 0x29, 0x80, 0x06, 0x66, 0x08, 0xB1, 0xDB, 0x43, 0x72, 0x01, 0x52,
    0xE1, 0x49, 0x5F, 0x86, 0x4C, 0x30, 0xC0, 0x69, 0xF0, 0xFC, 0xCA, 0x06, 0x38, 0xB1, 0x37, 0x1E,
    0xC7, 0x2F, 0x00, 0x09, 0xD1, 0x60, 0xAA, 0x55, 0x77, 0x49, 0x89, 0xAB, 0x6F, 0x4E, 0x7A, 0xFC,
    0xA2, 0xDC, 0x6B, 0xC6, 0x7E, 0xD5, 0x55, 0xA0, 0x84, 0xD9, 0x56, 0xBB, 0xA0, 0x7B, 0xBF, 0x1F,
    0x9D, 0x19, 0x3B, 0x4E, 0x07, 0xFE, 0x12, 0x9F, 0x9A, 0xC1, 0xAA, 0xC1, 0x3F, 0x0A, 0x86, 0xBF,
    0x1D, 0x1F, 0x9F, 0x20, 0x02, 0x46, 0x43, 0x25, 0x7C, 0xFC, 0x05, 0x7E, 0xB4, 0xAB, 0x41, 0xFA,
    0x94, 0xF0, 0x34, 0xE1, 0x38, 0xE8, 0x02, 0xC0, 0x86, 0x3A, 0xD3, 0xE0, 0xD4, 0x5A, 0xE9, 0xAE,
    0x62, 0xBE, 0x54, 0x03, 0x1C, 0x08, 0x08, 0x2C, 0xF7, 0xCA, 0x13, 0xE1, 0x98, 0xFC, 0x93, 0xD8,
    0xE2, 0x09, 0x94, 0x51, 0xB8, 0x5A, 0x22, 0x88, 0x5C, 0xC1, 0x72, 0x43, 0x5D, 0x61, 0x25, 0x0E,
    0x87, 0xC5, 0x93, 0xB5, 0x0D, 0x04, 0x51, 0x96, 0xAE, 0x92, 0xB0, 0xB5, 0x1F, 0x8E, 0x5F, 0xC9,
    0x80, 0xE2, 0x48, 0x52, 0x11, 0x3A, 0xB6, 0x60, 0x4B, 0xCE, 0xD5, 0x09, 0x5C, 0x8D, 0x8B, 0x87,
    0xAD, 0xDA, 0xC0, 0x89, 0x55, 0x2A, 0x6F, 0xB5, 0x35, 0x06, 0x9E, 0x04, 0x14, 0x24, 0x80, 0xBC,
    0x14, 0xED, 0xD5, 0xFE, 0x51, 0xE7, 0x3F, 0xCC, 0x5F, 0x12, 0xFC, 0xCB, 0xBD, 0xA2, 0x03, 0xD3,
    0xD3, 0x18, 0x80, 0x5D, 0xBE, 0xB4, 0xC4, 0xC0, 0xE1, 0xFC, 0x78, 0x8C, 0x97, 0x70, 0x6F, 0xC7,
    0x63, 0x26, 0x10, 0x0C, 0x78, 0x9E, 0xF6, 0x58, 0xC9, 0x84, 0xE2, 0x9A, 0xF4, 0x79, 0x1C, 0x21,
    0xC7, 0x11, 0x12, 0x22, 0xC1, 0x05, 0xA8, 0x6E, 0x8E, 0x9F, 0x9D, 0xC2, 0x73, 0x6B, 0x13, 0x84,
    0x9A, 0x59, 0x09, 0x13, 0x04, 0xF4, 0x3E, 0x0D, 0x80, 0x77, 0x86, 0x72, 0x58, 0x0E, 0x72, 0x40,
    0x14, 0x2E, 0x88, 0xC4, 0xAA, 0xAC, 0xDA, 0x52, 0xCA, 0x68, 0x98, 0x80, 0x00, 0x94, 0x78, 0x36,
    0xC6, 0xFC, 0x3A, 0xA8, 0xC2, 0x1A, 0x6F, 0xDC, 0x99, 0x2D, 0x9F, 0x86, 0x7A, 0xD9, 0x8C, 0x10,
    0x09, 0x96, 0xA0, 0x84, 0x78, 0x3E, 0x7C, 0x62, 0x0D, 0x13, 0xDE, 0xD8, 0x36, 0x25, 0x9E, 0x7D,
    0xF4, 0xC2, 0xF4, 0xDA, 0xB5, 0x9B, 0x2D, 0xDD, 0xF7, 0x58, 0x14, 0x3C, 0xCD, 0x19, 0x92, 0x16,
    0x0D, 0x4B, 0xAF, 0x4D, 0x86, 0x25, 0x4F, 0xC9, 0x0B, 0x24, 0x30, 0xC0, 0x0A, 0x18, 0xE0, 0x0D,
    0x5E, 0x18, 0xF8, 0xA5, 0x48, 0x4B, 0x71, 0x4E, 0x4A, 0xA6, 0x2B, 0x77, 0xEE, 0x06, 0xC7, 0x84,
    0x35, 0xE7, 0x7F, 0xC7, 0xE2, 0x25, 0xD4, 0xC7, 0x3D, 0x6F, 0x86, 0x3B, 0x3E, 0x3D, 0x81, 0x0A,
    0x0B, 0xAA, 0xFE, 0x18, 0xDF, 0xA4, 0x5C, 0x74, 0x1E, 0xBF, 0x41, 0x3A, 0x99, 0xA1, 0x33, 0x84,
    0x35, 0x2C, 0x9E, 0x09, 0xAE, 0x82, 0x39, 0x92, 0x6B, 0x52, 0xA3, 0x8A, 0x22, 0xD2, 0x13, 0xE7,
    0x5B, 0x66, 0xBB, 0x0D, 0xAC, 0x18, 0x20, 0x15, 0xB8, 0xC0, 0x6A, 0xE0, 0x2A, 0xCC, 0xEA, 0x1A,
    0x68, 0xCF, 0xFE, 0xC7, 0x1C, 0x9B, 0xF4, 0x99, 0x26, 0xAF, 0x93, 0x97, 0x07, 0xDE, 0x45, 0xAD,
    0x5A, 0x05, 0xFC, 0x1D, 0xF5, 0x38, 0x79, 0x9D, 0xE0, 0x8D, 0xE8, 0xCC, 0x9B, 0x94, 0xA0, 0xBF,
    0xC4, 0x67, 0xBE, 0x7B, 0xB9, 0xC0, 0xEC, 0xF2, 0x25, 0xEF, 0x1F, 0x08, 0x13, 0xA0, 0x84, 0x8F,
    0x84, 0x3C, 0x9E, 0x9D, 0x7F, 0x39, 0xA0, 0x31, 0x01, 0x1D, 0x97, 0xCD, 0xA4, 0xBD, 0xF9, 0x06,
    0x38, 0xD9, 0x47, 0xFE, 0x10, 0xFF, 0x3D, 0x80, 0xCC, 0xF7, 0x7F, 0x54, 0x10, 0x40, 0xFF, 0x8C,
    0x10, 0x0C, 0x98, 0x80, 0x01, 0x44, 0x82, 0x17, 0xB0, 0x08, 0xAC, 0x01, 0xF0, 0xAD, 0x1A, 0x0E,
    0xC0, 0x4C, 0x72, 0x49, 0x2A, 0x2B, 0x54, 0x91, 0xD6, 0x04, 0x8E, 0x35, 0x13, 0x9E, 0x3E, 0x18,
    0x37, 0x55, 0x30, 0xB0, 0x9C, 0x9C, 0x19, 0xCB, 0xE1, 0x14, 0x56, 0xC3, 0x73, 0xA9, 0x66, 0xCB,
    0x82, 0xA5, 0x4A, 0xA8, 0xB2, 0x4A, 0xE8, 0xB2, 0x5F, 0x09, 0x23, 0x59, 0xAA, 0x48, 0x7E, 0xB1,
    0x56, 0xDA, 0xAA, 0x00, 0x70, 0x56, 0x4F, 0x80, 0x28, 0x80, 0x2A, 0x58, 0xA2, 0x5C, 0xD1, 0x3C,
    0x95, 0xB1, 0x66, 0xCF, 0xC8, 0x89, 0xC5, 0x17, 0x90, 0xFF, 0xD5, 0xE2, 0x55, 0x33, 0x56, 0x8B,
    0x53, 0x59, 0xB5, 0x78, 0x17, 0xFC, 0xCA, 0x91, 0xA0, 0xD5, 0x83, 0xD8, 0x1C, 0xB0, 0xE3, 0xB8,
    0xF5, 0xEE, 0x0D, 0x14, 0xB5, 0x2B, 0x92, 0xF6, 0xA4, 0x3C, 0x2D, 0xAD, 0x2C, 0x69, 0x87, 0x9E,
    0x20, 0x06, 0x78, 0x81, 0x9F, 0xFF, 0x48, 0xBA, 0xDF, 0xDD, 0x15, 0xCC, 0x03, 0xAE, 0x87, 0xDC,
    0xB5, 0xB0, 0x7B, 0x1A, 0x96, 0x8E, 0xED, 0x67, 0x51, 0xAB, 0x7A, 0x86, 0x51, 0x37, 0xE7, 0xA2,
    0x1C, 0x9A, 0x07, 0xF4, 0xA2, 0xFD, 0x32, 0xC3, 0xA1, 0x23, 0xD7, 0x1A, 0x5E, 0xC7, 0x4D, 0x81,
    0xED, 0xED, 0x06, 0x47, 0x0A, 0xA9, 0x22, 0xAD, 0x06, 0x9E, 0x83, 0x60, 0xBE, 0x7B, 0xA5, 0x28,
    0x37, 0x05, 0x70, 0xED, 0xA2, 0x3C, 0xA9, 0xC0, 0x2A, 0x88, 0x92, 0x54, 0x38, 0x04, 0x34, 0x14,
    0x06, 0x80, 0x54, 0xB2, 0x2A, 0xCB, 0xBA, 0xBD, 0x54, 0x78, 0xCE, 0xCE, 0x3C, 0xA8, 0xB6, 0xDA,
    0xFF, 0x23, 0x91, 0xE0, 0x2F, 0x06, 0x2A, 0xAC, 0xA1, 0xE0, 0x3B, 0x34, 0x37, 0x2F, 0xBF, 0xBC,
    0x85, 0x6A, 0x90, 0x7E, 0xEC, 0x9C, 0xEA, 0x1B, 0x60, 0xFF, 0x07, 0xC5, 0x97, 0x59, 0x8A, 0x2B,
    0xCD, 0x0E, 0x84, 0x3F, 0xD0, 0xAB, 0x21, 0xB6, 0x52, 0x0B, 0x48, 0xD0, 0xD6, 0x05, 0xBD, 0x80,
    0xDE, 0x8A, 0xE0, 0x7F, 0x15, 0xC4, 0xC5, 0x55, 0x75, 0x0B, 0xF7, 0x78, 0x46, 0x73, 0x32, 0xA5,
    0x2F, 0x3C, 0x26, 0x92, 0xAD, 0x9C, 0x00, 0x16, 0x80, 0x91, 0x49, 0x3A, 0xFA, 0xA6, 0x62, 0x96,
    0x20, 0x7B, 0x41, 0xD6, 0x02, 0xD5, 0x7C, 0x01, 0x16, 0x88, 0x84, 0x24, 0x61, 0xA1, 0xA6, 0x09,
    0xBB, 0x20, 0x07, 0x80, 0x86, 0x38, 0x9D, 0x0D, 0x57, 0xCB, 0x53, 0xB9, 0x8F, 0x9B, 0x0C, 0xE2,
    0xF4, 0x3A, 0x95, 0x45, 0x92, 0x2C, 0xE4, 0x26, 0x5C, 0x00, 0x08, 0x80, 0x2C, 0x0F, 0x56, 0xA9,
    0x50, 0x70, 0xA7, 0x76, 0xAE, 0x9D, 0xBD, 0x93, 0x1F, 0x30, 0x1E, 0xD9, 0xAC, 0x93, 0x60, 0x37,
    0x20, 0x03, 0x40, 0x3E, 0xB8, 0x8C, 0xEF, 0xBE, 0x84, 0x5A, 0xA8, 0xC4, 0x67, 0x3D, 0x0F, 0xF7,
    0x6B, 0x85, 0xD5, 0x00, 0x6C, 0x14, 0x00, 0x4B, 0x00, 0xA0, 0x39, 0x34, 0x4E, 0xA5, 0x79, 0xDF,
    0xEC, 0x21, 0xEC, 0x49, 0xBB, 0xD4, 0x8C, 0x88, 0x56, 0xD1, 0xE2, 0x7C, 0xBC, 0xAB, 0x4A, 0x90,
    0x90, 0xBC, 0xD5, 0x39, 0x34, 0xFA, 0xD4, 0x3A, 0x54, 0xBB, 0x2E, 0x12, 0x04, 0xC3, 0x20, 0x41,
    0x33, 0xDC, 0x84, 0x2A, 0x9A, 0x95, 0x36, 0xAA, 0x18, 0xBB, 0x91, 0x3D, 0x00, 0x51, 0x37, 0x00,
    0xE8, 0x8D, 0xFD, 0xA5, 0x6C, 0xD2, 0xAE, 0x63, 0xBC, 0x68, 0x74, 0x8E, 0xC7, 0xA1, 0xB2, 0x11,
    0xA4, 0x3A, 0x0F, 0x65, 0x1D, 0xFA, 0x65, 0x5C, 0xBC, 0x8B, 0x2B, 0x4A, 0xD0, 0x74, 0xD4, 0x11,
    0x97, 0x38, 0xE2, 0x4A, 0xCE, 0xB8, 0x20, 0xCC, 0x16, 0x80, 0x59, 0x02, 0x12, 0x0D, 0xC7, 0xD8,
    0xBB, 0x50, 0x87, 0x00, 0x36, 0x76, 0xC9, 0x8E, 0x89, 0x4A, 0x32, 0x4A, 0xB5, 0xEE, 0x92, 0x0C,
    0x09, 0x73, 0x48, 0xEF, 0x12, 0x87, 0xA8, 0x0E, 0xA1, 0xEF, 0x92, 0x74, 0x62, 0x86, 0x96, 0x5F,
    0xA3, 0xD5, 0x61, 0xFD, 0x67, 0x97, 0x07, 0xC2, 0x93, 0x05, 0x64, 0x09, 0x40, 0xFC, 0xB1, 0x44,
    0xF4, 0x5D, 0x74, 0x49, 0x92, 0x38, 0x3C, 0xD8, 0xC6, 0x0D, 0xC0, 0xEC, 0xF0, 0xC0, 0x64, 0x01,
    0xE2, 0x01, 0x31, 0x02, 0x76, 0xAC, 0x6F, 0x10, 0x77, 0xE8, 0x44, 0x62, 0x96, 0x6D, 0x16, 0xF0,
    0x80, 0x3E, 0x41, 0x94, 0x2B, 0x5D, 0xA9, 0xBB, 0xF1, 0x7F, 0xF3, 0xFE, 0x54, 0xDF, 0x98, 0x47,
    0x20, 0x48, 0x58, 0x30, 0xFB, 0x38, 0xE1, 0xC2, 0x93, 0x4D, 0x42, 0x96, 0x86, 0x05, 0xBA, 0x54,
    0xF9, 0x4E, 0x55, 0x87, 0x46, 0xBF, 0x55, 0xE6, 0xD4, 0x75, 0x6A, 0x9E, 0xAA, 0xA1, 0x0F, 0x8D,
    0x16, 0x22, 0x76, 0x4D, 0x98, 0xF0, 0xE0, 0x66, 0xC8, 0x06, 0x80, 0x3C, 0xB8, 0xC7, 0x94, 0x47,
    0x44, 0x1A, 0xD6, 0xC5, 0x64, 0xE1, 0x9D, 0xB9, 0xC7, 0x21, 0x45, 0x5F, 0x14, 0xB3, 0x73, 0xED,
    0xCC, 0x9D, 0x9A, 0x8B, 0xC4, 0xA0, 0x84, 0x41, 0xEE, 0x3B, 0x01, 0x4E, 0x26, 0x00, 0x0B, 0x80,
    0x01, 0x88, 0x7A, 0x78, 0xF3, 0x7A, 0xFC, 0xBE, 0x39, 0x06, 0x57, 0xA6, 0xC9, 0xD2, 0xEF, 0x77,
    0x3C, 0x39, 0x02, 0xE0, 0x23, 0x17, 0x00, 0x0D, 0x1B, 0x05, 0x8A, 0x82, 0x30, 0xC0, 0x7C, 0x5C,
    0xAB, 0x18, 0x20, 0x76, 0x18, 0x88, 0x04, 0xA4, 0x1D, 0x05, 0xB7, 0x3B, 0x56, 0x14, 0x6C, 0xD1,
    0xD0, 0x34, 0xD8, 0x0D, 0xC5, 0x10, 0xC5, 0xBA, 0x23, 0x09, 0x48, 0x54, 0x64, 0xB9, 0xC3, 0xBD,
    0x28, 0x89, 0x30, 0x0C, 0x34, 0x40, 0x98, 0x74, 0x4D, 0xF4, 0x44, 0xB3, 0x9B, 0xDC, 0xB9, 0x3F,
    0x3D, 0x2C, 0xC7, 0x6A, 0x57, 0xB4, 0x72, 0xD4, 0x51, 0x00, 0xE9, 0xFB, 0xA3, 0xAF, 0xBA, 0x3A,
    0x5D, 0xB7, 0x5E, 0xD9, 0xAA, 0x00, 0xB2, 0xB3, 0xE3, 0x43, 0x57, 0xE7, 0xB9, 0xCE, 0x8C, 0x0A,
    0x34, 0x40, 0x34, 0x40, 0xF1, 0xD8, 0x64, 0x8E, 0xCC, 0x54, 0x0C, 0x82, 0x24, 0x21, 0x59, 0x20,
    0xBE, 0xDA, 0x34, 0xEB, 0xFD, 0xA6, 0x59, 0xCC, 0xC3, 0xA6, 0x19, 0x6C, 0x44, 0x35, 0xEC, 0x2F,
    0x00, 0x0B, 0x00, 0x70, 0x21, 0x0F, 0x49, 0xF2, 0x33, 0x9B, 0x27, 0xAE, 0x2F, 0xFE, 0xCA, 0x8D,
    0x87, 0xE6, 0xC1, 0x9D, 0x4D, 0x96, 0x0A, 0xF1, 0x4B, 0x88, 0x13, 0xEB, 0xDC, 0x45, 0xED, 0x06,
    0x99, 0x8F, 0x39, 0xDC, 0x00, 0xC0, 0x67, 0xD7, 0xD9, 0x7F, 0x6A, 0x2B, 0x95, 0x8B, 0x1D, 0x57,
    0x3B, 0x53, 0x4A, 0xF5, 0xFE, 0xE8, 0xE9, 0xD9, 0xB8, 0x77, 0x7F, 0x6C, 0x51, 0x4D, 0xF4, 0xEC,
    0x0A, 0x7F, 0x90, 0x1D, 0x02, 0x48, 0x00, 0x03, 0x51, 0xFC, 0xB3, 0x3C, 0xAF, 0xD3, 0x9A, 0x0A,
    0xE6, 0x09, 0xB9, 0xBE, 0xAB, 0xC6, 0x18, 0x80, 0xFE, 0x77, 0x09, 0x07, 0x1B, 0xAA, 0x79, 0x28,
    0xD3, 0x27, 0x24, 0x2D, 0x00, 0xD5, 0xB5, 0x82, 0xAC, 0x7F, 0x97, 0x2F, 0x05, 0x31, 0x57, 0xA5,
    0xFD, 0xFD, 0x5C, 0x2B, 0x80, 0x25, 0x20, 0x07, 0x50, 0x7F, 0xAC, 0xE8, 0x9C, 0x8D, 0x38, 0x97,
    0xCC, 0xBE, 0xCE, 0x7F, 0x8B, 0x05, 0x37, 0x06, 0xE0, 0x11, 0x72, 0x0D, 0x0C, 0x0B, 0x86, 0xE4,
    0xC4, 0xB5, 0x64, 0x0E, 0xE4, 0xDC, 0xB8, 0x51, 0x28, 0x8A, 0x30, 0x30, 0xC0, 0x06, 0x90, 0x15,
    0xCE, 0x4A, 0xFF, 0xC7, 0xD0, 0x3C, 0x7A, 0xBA, 0x91, 0x61, 0x71, 0xF8, 0x00, 0xE9, 0x41, 0x36,
    0x43, 0xD2, 0x88, 0x26, 0xB1, 0x87, 0x74, 0xFD, 0xB5, 0x75, 0xFE, 0xDD, 0xE5, 0xE8, 0xFA, 0x75,
    0xB4, 0x63, 0x80, 0x98, 0x5F, 0x5F, 0xE8, 0xC3, 0x05, 0xB7, 0x33, 0xEB, 0x86, 0xAB, 0x9A, 0x09,
    0x78, 0x5C, 0x5F, 0x1A, 0x08, 0x00, 0xB6, 0x6B, 0xF7, 0x16, 0x10, 0x71, 0x3D, 0x7A, 0xC2, 0xB6,
    0x7E, 0xDD, 0x4D, 0xA2, 0x00, 0x62, 0x08, 0x13, 0xDA, 0x39, 0xC0, 0x2F, 0x6C, 0xF4, 0xEF, 0x8F,
    0x4E, 0xFD, 0xE9, 0x71, 0xC9, 0x76, 0xC3, 0x5A, 0xB1, 0x93, 0x05, 0xBD, 0xB3, 0x16, 0x10, 0x07,
    0x59, 0x14, 0xB2, 0x7D, 0x92, 0xB5, 0x27, 0xB6, 0xB1, 0x28, 0x9A, 0x05, 0x14, 0x0B, 0xC5, 0x9D,
    0xB7, 0x9D, 0x4B, 0xC5, 0x30, 0x9E, 0xA3, 0xEE, 0xF4, 0xF1, 0xB7, 0xA5, 0xAE, 0x74, 0xF6, 0x84,
    0xEC, 0x9A, 0x38, 0x93, 0x6A, 0x0E, 0xD8, 0x2D, 0x7B, 0x4F, 0x0E, 0xE6, 0x01, 0xC3, 0x96, 0x4E,
    0x97, 0x5A, 0x06, 0x6E, 0x00, 0x06, 0x62, 0x3E, 0xE6, 0x28, 0x47, 0x61, 0xFB, 0x2A, 0x47, 0x93,
    0x84, 0x59, 0x48, 0x0C, 0x4B, 0x35, 0x6C, 0x77, 0xB4, 0x6A, 0xA2, 0x54, 0x23, 0x54, 0x6B, 0x21,
    0xB2, 0x49, 0xB2, 0x38, 0x8F, 0x1D, 0x69, 0x17, 0x9D, 0xF3, 0x78, 0x55, 0x2F, 0xD0, 0xC3, 0x3A,
    0x95, 0xDD, 0x61, 0x97, 0x2A, 0x11, 0x59, 0xC9, 0x7F, 0x95, 0xF1, 0x52, 0xA9, 0xE8, 0x5C, 0x51,
    0xD9, 0x51, 0x3A, 0x3A, 0x69, 0xD3, 0xD9, 0x44, 0xED, 0x63, 0x0D, 0x30, 0x09, 0x48, 0xF5, 0xEC,
    0xC3, 0x63, 0x37, 0xD3, 0xE7, 0x81, 0x3C, 0xE2, 0x97, 0x6A, 0x6A, 0xE3, 0x0C, 0x44, 0x51, 0xB0,
    0x78, 0x7A, 0xAC, 0x6C, 0x84, 0x51, 0x70, 0xA3, 0x16, 0xF5, 0xF3, 0xB1, 0xF6, 0x06, 0x33, 0x90,
    0x09, 0xF1, 0x52, 0x0F, 0x15, 0x3F, 0x24, 0x83, 0xAE, 0x0E, 0x62, 0x43, 0x34, 0xF2, 0xE9, 0xF4,
    0xF9, 0x1A, 0x88, 0x28, 0x11, 0x08, 0x91, 0x24, 0xB6, 0x59, 0x1B, 0x6B, 0xA1, 0x24, 0x5E, 0xA0,
    0x0A, 0xC0, 0x25, 0x77, 0x32, 0x8B, 0x19, 0xC6, 0xBE, 0xDB, 0xC0, 0xC0, 0x82, 0x64, 0xC9, 0x1D,
    0x2E, 0x6E, 0x70, 0x97, 0xA0, 0xB9, 0xB1, 0xFD, 0xD5, 0xA0, 0xB8, 0x81, 0x2B, 0xA2, 0x44, 0x07,
    0xBF, 0x10, 0x54, 0x6F, 0xCC, 0x90, 0xC9, 0xF5, 0x33, 0x85, 0x1B, 0xC3, 0xFA, 0x39, 0x33, 0x67,
    0x4D, 0x0D, 0x79, 0xD4, 0xD4, 0x0B, 0x40, 0xF8, 0x6E, 0xE4, 0xD7, 0x66, 0xC2, 0x4D, 0xE5, 0x6C,
    0xAA, 0xF8, 0xB9, 0xEB, 0x48, 0x90, 0xDD, 0xAB, 0x6E, 0x75, 0xFB, 0xEE, 0x3A, 0x12, 0x51, 0xA0,
    0x97, 0x6B, 0x62, 0x2D, 0x3D, 0xFD, 0x26, 0xB2, 0x16, 0xE4, 0x02, 0xE9, 0x2C, 0xB7, 0xAE, 0xDF,
    0xBF, 0x89, 0x50, 0x80, 0xAE, 0xC8, 0xB7, 0x00, 0xA0, 0x9E, 0x18, 0x3E, 0x37, 0xC0, 0x45, 0x54,
    0x13, 0x6C, 0xBB, 0xFF, 0x6E, 0xF8, 0x5F, 0xCF, 0xBC, 0x26, 0x3D, 0x88, 0x44, 0x47, 0xAF, 0x43,
    0x13, 0x79, 0x90, 0x41, 0xD1, 0x88, 0x6B, 0x64, 0x44, 0xEE, 0xEE, 0xD6, 0x78, 0x62, 0xD6, 0xC6,
    0x3A, 0x6A, 0xF5, 0x15, 0xF6, 0xB1, 0xAD, 0x76, 0x8E, 0x7A, 0xF4, 0xD2, 0x2A, 0x3E, 0x35, 0x0F,
    0xEF, 0x66, 0xDE, 0x5F, 0x0D, 0xEA, 0x58, 0xA3, 0x22, 0xEA, 0x46, 0x05, 0xFD, 0xD3, 0x41, 0x7D,
    0x5C, 0xFB, 0x9F, 0x7F, 0xAC, 0x5D, 0x0B, 0x32, 0x41, 0xAF, 0x57, 0x9D, 0xFE, 0xFE, 0x11, 0xF6,
    0xE3, 0x76, 0xF0, 0xDC, 0xF0, 0xBF, 0xAE, 0xD3, 0xDF, 0x0A, 0xDF, 0xAF, 0xC8, 0x26, 0xEF, 0xFD,
    0xFA, 0x63, 0x21, 0xAF, 0x43, 0x6C, 0x9F, 0xD9, 0x25, 0x20, 0x1A, 0xD5, 0x42, 0xE4, 0xBD, 0x7B,
    0xD8, 0x5C, 0xC0, 0x19, 0x53, 0x9E, 0xAE, 0xF3, 0xF9, 0x02, 0x4D, 0xA5, 0x6B, 0x45, 0x2D, 0x6A,
    0x41, 0x36, 0x32, 0x64, 0x11, 0xDD, 0xD1, 0x13, 0x65, 0x57, 0x0E, 0x00, 0x4D, 0xEC, 0xC6, 0x06,
    0x0D, 0x45, 0xDA, 0xBE, 0xFB, 0x8A, 0x52, 0x1F, 0x1E, 0x44, 0xF1, 0x53, 0xAE, 0x06, 0x1B, 0xE0,
    0x7C, 0xAD, 0x0F, 0xA7, 0x81, 0x82, 0xD8, 0x4D, 0xA7, 0x61, 0x63, 0x23, 0xBE, 0x36, 0x57, 0x18,
    0x80, 0x86, 0x6B, 0xFF, 0xD8, 0xA0, 0xF8, 0x1F, 0x3D, 0xCD, 0x01, 0x86, 0x86, 0x61, 0x08, 0x04,
    0xE0, 0x08, 0x20, 0xE6, 0x2A, 0xEF, 0x01, 0x86, 0xAE, 0x3E, 0x47, 0x9A, 0x03, 0x44, 0xDB, 0x67,
    0xF9, 0x9F, 0x21, 0x29, 0xCA, 0x31, 0xD1, 0x81, 0x08, 0xA5, 0x70, 0x61, 0x38, 0xAE, 0x33, 0x4C,
    0x2A, 0x3B, 0x77, 0x35, 0x7B, 0x94, 0xAF, 0x7A, 0x60, 0x2E, 0xA7, 0xBF, 0x54, 0xAC, 0x3F, 0x29,
    0x44, 0xAB, 0x65, 0x7F, 0x15, 0xA7, 0xF9, 0x2C, 0x29, 0x49, 0x18, 0x4E, 0x59, 0x36, 0x07, 0x95,
    0x19, 0xC2, 0x3C, 0x1A, 0xAF, 0x8A, 0x6F, 0x86, 0xDC, 0x46, 0xD1, 0xFA, 0x1D, 0xBD, 0xC1, 0x6D,
    0x10, 0x15, 0x50, 0x78, 0xDD, 0x02, 0xED, 0x5D, 0xE3, 0xFF, 0xFB, 0x9E, 0x3F, 0xBD, 0x98, 0xCD,
    0x8A, 0xE5, 0x38, 0x90, 0x46, 0x0F, 0xC4, 0xF6, 0x42, 0xBC, 0x8A, 0xA1, 0xB7, 0x82, 0x78, 0xF5,
    0x80, 0xDE, 0x0E, 0xE4, 0xAB, 0x04, 0xD4, 0x36, 0xE0, 0x1B, 0x49, 0xF6, 0x35, 0x37, 0x2B, 0x7F,
    0x26, 0xE9, 0xAE, 0x1E, 0x2B, 0xCE, 0x51, 0xDD, 0xB4, 0x2C, 0xCB, 0x3F, 0x25, 0xC9, 0xF2, 0xBF,
    0x8B, 0x27, 0xCF, 0x4D, 0x6A, 0x82, 0xC6, 0xEF, 0xC4, 0xE4, 0x98, 0x14, 0xAE, 0x0B, 0x16, 0xC7,
    0xB5, 0xCF, 0x72, 0x82, 0xE3, 0x04, 0x81, 0x24, 0xE2, 0xD6, 0xF0, 0xB4, 0xAC, 0x4B, 0x24, 0x53,
    0x4C, 0x3D, 0xC0, 0xDF, 0x54, 0x78, 0xD3, 0x78, 0x32, 0x96, 0xE2, 0x13, 0x0D, 0xBC, 0x68, 0xD4,
    0x14, 0x60, 0x4B, 0x0E, 0xF0, 0x00, 0xCB, 0x5D, 0x2A, 0xA9, 0xBB, 0xE5, 0x0A, 0xC9, 0xF1, 0x1D,
    0xE6, 0xF0, 0x4D, 0x44, 0xA2, 0x86, 0xE8, 0x42, 0x2A, 0x4F, 0x2B, 0x87, 0x0A, 0x38, 0x06, 0xB0,
    0x08, 0x09, 0x4D, 0xEE, 0xDF, 0x17, 0x9E, 0x0C, 0x2F, 0xCA, 0xA4, 0x24, 0x1A, 0xF4, 0x86, 0x4B,
    0xC4, 0x4E, 0xCE, 0xC0, 0xCF, 0xB2, 0x09, 0x2E, 0x40, 0x05, 0xA6, 0xE7, 0xD1, 0x14, 0x9E, 0xBB,
    0xCC, 0x4A, 0x6A, 0x0E, 0x25, 0xEA, 0x48, 0xE7, 0xAB, 0x14, 0xA9, 0xEE, 0x58, 0x09, 0x20, 0xE4,
    0x65, 0xF9, 0x55, 0xF2, 0x0A, 0x11, 0xC2, 0x0B, 0xFB, 0x2E, 0x86, 0x55, 0x5B, 0xCE, 0x90, 0xF0,
    0xC6, 0x24, 0x25, 0x84, 0x04, 0x0C, 0xC6, 0x17, 0x8E, 0xDA, 0x56, 0x4D, 0x0F, 0x7A, 0x3B, 0x2E,
    0x1F, 0x2F, 0xAE, 0xE5, 0xB1, 0xDC, 0x4A, 0xA4, 0x0E, 0x5C, 0x4A, 0x95, 0x2B, 0x89, 0x44, 0xE0,
    0xD0, 0xDF, 0x58, 0x92, 0x4E, 0x97, 0x43, 0xD3, 0xDB, 0xF1, 0xC1, 0x63, 0xBB, 0x23, 0x4D, 0x2A,
    0x95, 0x3F, 0x5F, 0x3C, 0xB4, 0x5D, 0x8E, 0x6F, 0x1B, 0xE4, 0x74, 0x82, 0x03, 0xE0, 0xA6, 0x04,
    0x0F, 0x15, 0x78, 0xBD, 0x3B, 0xFD, 0xF8, 0xDA, 0x91, 0x08, 0xD4, 0xAE, 0x84, 0x01, 0x34, 0xD8,
    0xC4, 0xB9, 0x37, 0xB5, 0x75, 0xA4, 0xB7, 0xF3, 0x98, 0x0C, 0x4E, 0x0A, 0xB7, 0xC4, 0x05, 0x6E,
    0x85, 0xD3, 0xF7, 0x8B, 0xE2, 0x67, 0xCA, 0x85, 0xCA, 0xA4, 0xA6, 0x71, 0x00, 0xCF, 0xA5, 0x02,
    0x18, 0xBC, 0x6C, 0xAB, 0x54, 0x46, 0x22, 0x1C, 0xC6, 0xAD, 0xC6, 0xB1, 0x25, 0xDF, 0x27, 0x9D,
    0xB2, 0x9A, 0xF2, 0x9C, 0x0A, 0xA6, 0x6A, 0x29, 0x97, 0x78, 0x2A, 0x12, 0x9D, 0xF5, 0x31, 0x2C,
    0xA1, 0xAD, 0x20, 0x94, 0xE0, 0xE2, 0xF7, 0x4D, 0x6D, 0xCA, 0x28, 0x84, 0x25, 0x07, 0x56, 0x14,
    0x6C, 0x35, 0xC9, 0x59, 0x41, 0x18, 0xE0, 0xBE, 0xF4, 0x06, 0xD8, 0xFF, 0x2C, 0x35, 0x40, 0x3D,
    0x55, 0x09, 0x68, 0xA9, 0x3F, 0x5C, 0xCC, 0xBF, 0x52, 0x48, 0x62, 0xA2, 0xC2, 0xEE, 0xB3, 0x91,
    0xB7, 0x1A, 0xB0, 0x2D, 0x2D, 0xC5, 0xDD, 0x52, 0x4F, 0x78, 0xF8, 0xF3, 0x12, 0x0E, 0x7B, 0x5E,
    0x96, 0x54, 0x90, 0x34, 0x96, 0x8C, 0xA5, 0xC0, 0xB8, 0x3A, 0xA7, 0x54, 0x99, 0xEA, 0xEA, 0xE7,
    0xF0, 0x9D, 0x6C, 0x91, 0x0E, 0x6C, 0x54, 0xF8, 0xB9, 0x2F, 0x4F, 0xEC, 0xC2, 0x37, 0x21, 0x21,
    0xD5, 0xE2, 0xAA, 0x23, 0xF0, 0x3B, 0xC5, 0xA4, 0x71, 0xE5, 0x8F, 0xEA, 0xF8, 0x07, 0x5D, 0x9F,
    0x4B, 0x02, 0xA9, 0xE1, 0xA0, 0x3E, 0xA8, 0xBE, 0x55, 0x52, 0xD8, 0x2D, 0x49, 0xCA, 0xAD, 0x02,
    0xFB, 0x5D, 0xB9, 0xF4, 0x27, 0x46, 0x15, 0xCF, 0x10, 0x41, 0x94, 0x35, 0x4A, 0x3F, 0x28, 0x7B,
    0x83, 0x41, 0x19, 0xF0, 0xA0, 0x1C, 0xF0, 0x33, 0xB3, 0xAC, 0x01, 0x20, 0x25, 0xE0, 0x59, 0x02,
    0xE2, 0xDC, 0x37, 0x28, 0x4F, 0x68, 0xCA, 0xAE, 0xAC, 0xB0, 0xBA, 0x33, 0x76, 0xE5, 0x4B, 0x41,
    0x88, 0xC8, 0x43, 0x19, 0xEA, 0x41, 0x9C, 0x01, 0x03, 0x2B, 0x13, 0xA6, 0x86, 0xD8, 0xE1, 0x89,
    0x17, 0xD1, 0x8C, 0x50, 0x99, 0xF2, 0xBF, 0xF9, 0x1F, 0xDA, 0x96, 0xD0, 0x9E, 0x20, 0x25, 0x78,
    0x03, 0xF0, 0x9F, 0xF7, 0x0C, 0x7F, 0xA2, 0x43, 0x9B, 0x56, 0x12, 0x12, 0x0C, 0xC6, 0xCF, 0x75,
    0xDC, 0xAA, 0xA9, 0xB1, 0xA4, 0x44, 0x04, 0xA6, 0x54, 0x2D, 0x7B, 0x33, 0xC3, 0xC6, 0xB2, 0x0F,
    0x1E, 0xD3, 0xC1, 0x98, 0xF6, 0xCB, 0xC7, 0x72, 0xD6, 0xB4, 0x9D, 0xAE, 0x5C, 0xFE, 0x95, 0x03,
    0xE7, 0x17, 0xCB, 0xDA, 0x8E, 0x6D, 0xA6, 0x03, 0x10, 0x2A, 0x5C, 0xF5, 0x93, 0x0E, 0x4A, 0xEA,
    0xAD, 0xAF, 0x8A, 0x7C, 0x7C, 0x96, 0x2E, 0x40, 0x2A, 0x3C, 0x69, 0x1C, 0x82, 0x58, 0x1A, 0xE0,
    0x34, 0x78, 0x7E, 0xA6, 0xBD, 0x37, 0xAE, 0xC2, 0xE3, 0x3C, 0xD6, 0xA4, 0x84, 0x68, 0x90, 0xA4,
    0x0C, 0xE9, 0x4F, 0x74, 0xA5, 0x77, 0x4B, 0x77, 0x95, 0xED, 0x84, 0xE3, 0xCF, 0x88, 0x15, 0x6A,
    0x57, 0x7E, 0x39, 0xA9, 0xB2, 0xF7, 0x93, 0xAA, 0x31, 0x26, 0x0D, 0xFC, 0xCE, 0x78, 0x3F, 0xA9,
    0x6A, 0x93, 0x92, 0x10, 0x21, 0x69, 0x31, 0x2C, 0xBD, 0x4E, 0x0C, 0x4B, 0x7E, 0x84, 0x17, 0x48,
    0xFF, 0xCD, 0x78, 0x85, 0x2B, 0x2F, 0xD1, 0x80, 0xD4, 0x78, 0x76, 0x64, 0xD0, 0x56, 0x4D, 0x73,
    0x8B, 0xBE, 0x55, 0x5B, 0xBB, 0x48, 0x64, 0x7B, 0x9A, 0x24, 0x78, 0xE8, 0xDD, 0xB0, 0xE4, 0xCA,
    0xD7, 0x36, 0x17, 0x35, 0x65, 0x09, 0xBD, 0x14, 0x0E, 0x78, 0x2F, 0x15, 0x60, 0x75, 0x1F, 0x16,
    0xC0, 0x70, 0xA0, 0x3D, 0x39, 0xFB, 0xB1, 0xA4, 0xF1, 0xFB, 0x19, 0xFE, 0xE1, 0x31, 0xB6, 0xB4,
    0x04, 0xF0, 0x9B, 0x0E, 0xB5, 0xA9, 0xFC, 0xBA, 0xE3, 0xE3, 0x73, 0xD5, 0x52, 0x5B, 0x83, 0x34,
    0xC0, 0x72, 0x0A, 0x3E, 0x93, 0x00, 0x57, 0xA9, 0x42, 0xBB, 0xFD, 0x56, 0x08, 0xDF, 0x35, 0xFC,
    0x27, 0x59, 0x68, 0x6D, 0x6C, 0x2B, 0xFF, 0x9F, 0x4F, 0x5B, 0xDB, 0x2A, 0x00, 0xF8, 0x34, 0x3B,
    0x42, 0x0D, 0xA1, 0x82, 0xE1, 0x09, 0xC7, 0x52, 0x2D, 0xF1, 0x22, 0xF5, 0x92, 0x12, 0x4F, 0x5F,
    0xB2, 0xFA, 0x28, 0x4F, 0x42, 0x02, 0xA9, 0x50, 0xE1, 0xCA, 0x48, 0x68, 0x9C, 0x6F, 0xAD, 0x5A,
    0x46, 0xDB, 0x9E, 0xDF, 0x39, 0x68, 0x42, 0x32, 0x21, 0x95, 0x2B, 0x55, 0x10, 0x09, 0xCE, 0x27,
    0xA8, 0x70, 0xFE, 0xEF, 0x49, 0xCE, 0x31, 0x09, 0x89, 0x81, 0xE7, 0xC0, 0xF2, 0xC0, 0x8A, 0x0B,
    0x93, 0x36, 0x60, 0x37, 0x85, 0x65, 0xED, 0xB2, 0x81, 0xAB, 0x41, 0x89, 0x0A, 0xEF, 0x65, 0x69,
    0x9F, 0xC3, 0xCA, 0x71, 0x68, 0x27, 0x20, 0x9E, 0x1E, 0xCB, 0x6A, 0xF0, 0xCB, 0x8C, 0xDB, 0xCF,
    0x32, 0x0E, 0x63, 0x3A, 0x97, 0xAD, 0xA8, 0xB3, 0xCE, 0xB3, 0x7E, 0x5C, 0x42, 0x6A, 0xAB, 0x2B,
    0xE5, 0xC9, 0x4A, 0xF4, 0xC4, 0x75, 0x32, 0xAC, 0xA8, 0xCD, 0x5D, 0x4E, 0x93, 0x20, 0x64, 0x9A,
    0xCA, 0xB6, 0x9A, 0xC1, 0x0E, 0x57, 0x85, 0x55, 0x3F, 0x23, 0x5A, 0x5E, 0x02, 0x03, 0xDB, 0xE5,
    0xDB, 0xE1, 0x01, 0x03, 0x46, 0xE4, 0x5F, 0xEA, 0x60, 0x34, 0xD1, 0xF8, 0x19, 0x63, 0x47, 0x10,
    0xCE, 0x70, 0x15, 0x4A, 0xA9, 0x42, 0xED, 0xCC, 0x18, 0xCB, 0xAA, 0x15, 0xB4, 0x13, 0x67, 0x84,
    0x5A, 0xAA, 0x5D, 0xAC, 0x3C, 0x67, 0x8C, 0x1D, 0x7C, 0x0C, 0x35, 0x7E, 0x3E, 0x82, 0x24, 0x83,
    0x57, 0xEC, 0x77, 0x08, 0x24, 0xD5, 0xA2, 0xB1, 0x2A, 0x78, 0x92, 0x28, 0x5D, 0x15, 0xF4, 0xA0,
    0x9B, 0x96, 0x56, 0x34, 0x34, 0x0C, 0x88, 0xDD, 0x70, 0x53, 0x7A, 0xAA, 0x82, 0xF8, 0x3B, 0x10,
    0xE3, 0x08, 0x7B, 0x83, 0x69, 0x60, 0x84, 0x03, 0x1E, 0x8F, 0x65, 0x35, 0xD0, 0x61, 0x09, 0x15,
    0xFB, 0x0E, 0x06, 0xD3, 0xB9, 0x1C, 0xD3, 0x4A, 0xA1, 0x0A, 0x0E, 0x11, 0xCA, 0x61, 0x75, 0xAC,
    0x48, 0x13, 0x26, 0xB0, 0x3A, 0xA8, 0x66, 0xDF, 0x69, 0xA5, 0xEF, 0xA2, 0x1D, 0xE9, 0x75, 0xBF,
    0x9A, 0xC4, 0xE4, 0x57, 0xBA, 0xFD, 0x9D, 0x1E, 0xD7, 0x38, 0x95, 0x13, 0x26, 0x67, 0x13, 0x9B,
    0x0A, 0x6C, 0x21, 0x41, 0x14, 0xD7, 0xF6, 0x8F, 0xEA, 0x9A, 0xE0, 0xA9, 0x74, 0xDE, 0x70, 0xCB,
    0x09, 0xB8, 0x4F, 0xB4, 0xF2, 0xC2, 0x79, 0x99, 0x87, 0x65, 0xA4, 0xCA, 0xCB, 0xA4, 0x42, 0x4A,
    0x0E, 0xE7, 0xA6, 0x7E, 0x23, 0x9D, 0x31, 0x51, 0x46, 0x06, 0x2A, 0x25, 0xD7, 0x10, 0xE4, 0x65,
    0x8D, 0xB7, 0x0D, 0x7C, 0xF8, 0xD2, 0x63, 0xCA, 0xC7, 0xD2, 0xB1, 0x54, 0x53, 0xB6, 0xC5, 0x14,
    0xF7, 0x70, 0xF3, 0x7A, 0x71, 0xAF, 0x48, 0xEF, 0x7F, 0xBF, 0xDE, 0x28, 0x25, 0xAE, 0x26, 0x08,
    0xC6, 0xA4, 0xF1, 0x27, 0x79, 0xE5, 0x8C, 0x6B, 0xAF, 0xAB, 0x40, 0x89, 0xA4, 0x0E, 0xA9, 0x3C,
    0x7F, 0x96, 0x54, 0xD1, 0xF2, 0x46, 0x21, 0x3C, 0xEF, 0xBE, 0xE6, 0x13, 0x7C, 0x81, 0xAB, 0xF1,
    0x28, 0x1C, 0x6E, 0x22, 0x41, 0x05, 0xEF, 0x5F, 0xD4, 0x6A, 0xB8, 0x63, 0x40, 0x70, 0xB8, 0xDA,
    0x94, 0x92, 0x58, 0xD4, 0xB0, 0x45, 0xE6, 0x84, 0x01, 0x9F, 0x12, 0x60, 0x4A, 0xD4, 0x51, 0xB1,
    0x1B, 0x6C, 0x67, 0x83, 0xEA, 0x01, 0x35, 0x4E, 0xFA, 0x80, 0xF1, 0xEC, 0x4B, 0x17, 0xDC, 0x1C,
    0x03, 0x7A, 0x71, 0xED, 0xC6, 0xEB, 0x29, 0xBE, 0x90, 0x75, 0x09, 0x97, 0x74, 0xCE, 0x5E, 0x06,
    0x45, 0xF5, 0x57, 0x1A, 0x94, 0xD5, 0x2A, 0x97, 0xFB, 0x08, 0xEB, 0x5F, 0xFD, 0xB1, 0xD2, 0x7B,
    0x1E, 0x53, 0xAA, 0xC8, 0x48, 0xCF, 0x81, 0xD5, 0x71, 0xB7, 0xEA, 0xBE, 0x89, 0xBF, 0x0A, 0xB2,
    0xB1, 0x0C, 0x56, 0x39, 0xFD, 0xDA, 0x47, 0x74, 0x54, 0xFC, 0xFC, 0x79, 0x4A, 0xF7, 0xAA, 0xDA,
    0xC5, 0x23, 0x5A, 0xF5, 0xF6, 0x49, 0x59, 0x5B, 0x48, 0x89, 0xDE, 0x12, 0xFC, 0x05, 0xB5, 0x6A,
    0xA5, 0xB8, 0xDA, 0xEB, 0x38, 0xFF, 0xC8, 0xA9, 0xB5, 0xD5, 0x1F, 0xAA, 0x0D, 0xAD, 0xAD, 0x01,
    0x18, 0x1F, 0xFC, 0x90, 0x12, 0x09, 0xAA, 0x21, 0x2F, 0x90, 0x16, 0x45, 0xDB, 0x84, 0x0B, 0x2B,
    0x93, 0xD2, 0xD4, 0xA8, 0x50, 0x79, 0x12, 0xE9, 0xE0, 0xBC, 0x48, 0xB5, 0xD4, 0x53, 0x8C, 0xA5,
    0x58, 0x1A, 0x97, 0x42, 0xAD, 0x92, 0x72, 0xAA, 0xF0, 0xC4, 0x79, 0x86, 0x6A, 0x1F, 0x14, 0xCF,
    0x18, 0xAB, 0xA8, 0xF2, 0xAF, 0xBB, 0x3F, 0x65, 0x46, 0x9B, 0x56, 0x40, 0x0F, 0xFA, 0xEE, 0x4F,
    0xBD, 0x51, 0x99, 0xA6, 0x7C, 0x46, 0x0E, 0xDA, 0xE9, 0xA5, 0x62, 0x2C, 0x85, 0x6B, 0x89, 0xAD,
    0x66, 0x9C, 0xCA, 0xA0, 0xA2, 0x42, 0xB5, 0x8F, 0x35, 0x29, 0x5D, 0x22, 0x18, 0x37, 0xFB, 0x7D,
    0x53, 0xC3, 0xC4, 0x72, 0xE0, 0x0B, 0x06, 0xA2, 0x69, 0x53, 0xFA, 0xDF, 0x75, 0x06, 0x00, 0xFC,
    0x70, 0xBC, 0xD1, 0xEB, 0xFB, 0xA2, 0x95, 0x5F, 0xBC, 0x35, 0x2E, 0xF1, 0xE3, 0x37, 0xB6, 0xEF,
    0x23, 0x39, 0x09, 0xA0, 0x81, 0xE3, 0x5E, 0xCF, 0x86, 0x86, 0x04, 0xF8, 0xE1, 0xB8, 0xFB, 0xFE,
    0x1A, 0x90, 0x90, 0x3E, 0x76, 0x45, 0x78, 0xE7, 0x7E, 0x2A, 0x39, 0x98, 0x41, 0x14, 0x2E, 0x88,
    0xC4, 0xAA, 0xAC, 0xDA, 0x52, 0xCA, 0x68, 0x9C, 0x48, 0xBF, 0x6F, 0x8E, 0x3E, 0xB9, 0x88, 0x48,
    0x75, 0x8D, 0x8E, 0x1A, 0x00, 0x51, 0x51, 0xF6, 0x21, 0x79, 0x85, 0xDE, 0xD5, 0x44, 0xE0, 0x5F,
    0xA6, 0x60, 0x50, 0x98, 0x54, 0xE7, 0x8B, 0xCD, 0xE1, 0x5C, 0xAA, 0x53, 0xAA, 0xA5, 0x9E, 0x62,
    0x2C, 0x05, 0xE9, 0x8C, 0x58, 0x52, 0x4A, 0x1D, 0xE8, 0x1C, 0x77, 0xF0, 0x7C, 0x4B, 0x1C, 0xFF,
    0x4D, 0x2A, 0x97, 0xB2, 0xD7, 0xCF, 0x78, 0x51, 0x4E, 0x45, 0x85, 0x5A, 0x53, 0x19, 0x05, 0x76,
    0x21, 0xE5, 0xCE, 0x37, 0xBF, 0x84, 0x49, 0x69, 0xF5, 0xB3, 0x14, 0x72, 0x41, 0xB1, 0xB1, 0xBA,
    0xBA, 0x26, 0x00, 0xF8, 0x27, 0xA3, 0x38, 0x03, 0x88, 0x0B, 0x4B, 0xA0, 0x00, 0xFE, 0xD5, 0x8C,
    0x04, 0x09, 0xA2, 0xB9, 0xB6, 0x3F, 0x36, 0xEA, 0x9C, 0x9D, 0xB8, 0xD7, 0x3A, 0xEF, 0x0F, 0x28,
    0x49, 0x8D, 0x27, 0xD8, 0x02, 0x50, 0x3F, 0xE5, 0x09, 0x21, 0xF5, 0xA9, 0xFD, 0xE6, 0x1E, 0x96,
    0x0F, 0xCA, 0x12, 0x8E, 0x25, 0xEC, 0xEF, 0x25, 0x89, 0x7D, 0x85, 0x53, 0x56, 0x1F, 0xE5, 0x49,
    0x48, 0x89, 0xD4, 0xD8, 0xBD, 0xF0, 0xF0, 0x9E, 0x97, 0x81, 0x3A, 0x17, 0xB9, 0xFF, 0x3E, 0x15,
    0x2A, 0x86, 0x4D, 0xE8, 0x8B, 0x32, 0x69, 0x01, 0xD2, 0xE5, 0x06, 0x2B, 0x0A, 0x28, 0x12, 0x68,
    0x03, 0x18, 0xBE, 0xEC, 0x8F, 0x65, 0x2B, 0xC0, 0xA5, 0x82, 0xB0, 0x6A, 0x68, 0xAB, 0xD8, 0xF6,
    0xA4, 0x96, 0x6D, 0xDA, 0x4E, 0x97, 0xD2, 0xCB, 0x14, 0x84, 0xD0, 0xCB, 0xD2, 0x99, 0xE7, 0x78,
    0xAE, 0xAA, 0x56, 0x02, 0x02, 0x42, 0x0D, 0x92, 0xD2, 0x56, 0xB3, 0x2D, 0x87, 0x95, 0x2F, 0x29,
    0x03, 0x85, 0xAD, 0x0C, 0xDB, 0xE1, 0x10, 0x92, 0x26, 0x0E, 0x3F, 0x89, 0x48, 0x74, 0xDD, 0xAA,
    0x03, 0xEE, 0xCF, 0x00, 0xBE, 0x09, 0x35, 0xDF, 0x2D, 0x89, 0xAB, 0x4F, 0x9C, 0xCF, 0x89, 0xBC,
    0xCA, 0x5C, 0xA7, 0x1A, 0xCF, 0x40, 0xBD, 0xE2, 0xFD, 0xA9, 0xA6, 0x43, 0x79, 0x2F, 0x08, 0xFB,
    0xE0, 0x5E, 0x10, 0x4E, 0x78, 0x50, 0xF6, 0xD9, 0x82, 0x70, 0x01, 0x5E, 0xF7, 0x82, 0x70, 0xDE,
    0xD9, 0x3A, 0xAE, 0xA0, 0xCF, 0xAC, 0x76, 0xB2, 0xA5, 0x3E, 0xCF, 0xD0, 0x87, 0xF6, 0xF9, 0x3E,
    0xFF, 0x44, 0xFF, 0xE6, 0x93, 0x64, 0xF9, 0xF1, 0xEE, 0x93, 0xC4, 0xBF, 0xFA, 0x24, 0xE9, 0x14,
    0xAA, 0x48, 0x00, 0x7B, 0x31, 0xDB, 0xC6, 0xBF, 0x59, 0x8B, 0x8D, 0xB4, 0x5F, 0x6A, 0x04, 0xF8,
    0x85, 0x7D, 0xDB, 0x1B, 0xD9, 0xFB, 0xDE, 0x28, 0x32, 0x0E, 0x95, 0x17, 0xF0, 0x4A, 0xFE, 0xE1,
    0x05, 0xD2, 0x52, 0xD9, 0xE7, 0xAB, 0x4B, 0xDF, 0x7E, 0x57, 0x48, 0xBF, 0x7F, 0x57, 0x48, 0x15,
    0xEF, 0x2E, 0x76, 0xA1, 0x76, 0x45, 0xD2, 0x9E, 0x94, 0xE7, 0xF9, 0x5D, 0x4E, 0x3B, 0xF4, 0x03,
    0x62, 0x80, 0xD7, 0xE4, 0xBB, 0x75, 0xC5, 0x46, 0x15, 0xF5, 0x3A, 0xB7, 0xB3, 0x7C, 0x4C, 0x06,
    0x56, 0x03, 0x9E, 0x73, 0xDD, 0x91, 0x10, 0x9B, 0x2F, 0x5E, 0xF3, 0x7A, 0xBF, 0xD6, 0x37, 0x96,
    0x0A, 0x9A, 0x84, 0xB8, 0x17, 0xFC, 0xFC, 0x5E, 0x90, 0xB4, 0xFB, 0x4E, 0x84, 0x9E, 0xA2, 0x9E,
    0xDA, 0x45, 0x42, 0x7C, 0xDE, 0xB8, 0xBA, 0x26, 0xE1, 0x55, 0xEF, 0x1B, 0xE7, 0x9C, 0xA8, 0xB1,
    0xFB, 0xDF, 0xCF, 0xC6, 0x71, 0x96, 0xC1, 0xF9, 0x44, 0x26, 0xF0, 0x50, 0xE1, 0xC5, 0x14, 0xF4,
    0xF7, 0x4F, 0x15, 0xB5, 0x2B, 0xF5, 0x3C, 0xEF, 0xE6, 0xDF, 0xCC, 0xA3, 0xA2, 0x1F, 0x71, 0x1D,
    0x83, 0xDF, 0xC3, 0x15, 0xD0, 0x8B, 0x90, 0x36, 0x0D, 0x9B, 0x01, 0xFB, 0x16, 0xC4, 0xC4, 0xF1,
    0x34, 0x09, 0x54, 0xB8, 0x08, 0x65, 0x5A, 0x41, 0x41, 0x43, 0x4B, 0x2B, 0x8A, 0x6E, 0x6A, 0x3C,
    0x67, 0xAA, 0xDC, 0xAB, 0xF5, 0xF6, 0xBA, 0x5A, 0xEF, 0x0C, 0xF0, 0xDC, 0x92, 0xA4, 0x53, 0x7D,
    0xFF, 0x2D, 0xEE, 0xD5, 0x7A, 0xCF, 0xA5, 0xA2, 0x41, 0x2A, 0x70, 0xC1, 0x67, 0x5F, 0xBC, 0x57,
    0x25, 0x5F, 0x7E, 0xF1, 0xFE, 0x2F, 0xC5, 0xD9, 0x5B, 0x6A, 0x6B, 0x3D, 0x12, 0xC5, 0xF1, 0x1F,
    0xD4, 0xAB, 0xA1, 0xA6, 0xB2, 0x07, 0x20, 0xD0, 0xD4, 0x0B, 0xCE, 0x00, 0xCE, 0x54, 0x0A, 0xFA,
    0x55, 0xA0, 0x26, 0x66, 0x83, 0x21, 0xFE, 0x2E, 0xE9, 0xB3, 0xED, 0x76, 0xA4, 0xAA, 0xDC, 0x93,
    0xF5, 0xD7, 0x92, 0x97, 0x84, 0xCD, 0x42, 0xDC, 0xDB, 0x46, 0x4C, 0x64, 0x22, 0xB3, 0xB8, 0x65,
    0x31, 0xA2, 0x38, 0xA2, 0x69, 0xCD, 0xDE, 0x4D, 0x59, 0xA2, 0x0C, 0x51, 0xA6, 0x60, 0xCA, 0x32,
    0x6B, 0x77, 0xEC, 0x06, 0x80, 0x46, 0x2C, 0x68, 0x62, 0x9B, 0xBB, 0x56, 0xF4, 0x8A, 0x76, 0x9F,
    0xB9, 0x7B, 0x7E, 0x7D, 0x7A, 0xCE, 0xB9, 0x76, 0xF6, 0x06, 0xAC, 0x73, 0x72, 0x20, 0xF6, 0x43,
    0x19, 0x0C, 0x68, 0x00, 0x78, 0x0F, 0xCB, 0x21, 0xB6, 0x4C, 0x99, 0x0C, 0x1A, 0xF8, 0x39, 0x4A,
    0xC2, 0x84, 0x85, 0xAC, 0xA7, 0x95, 0x39, 0xC9, 0xEE, 0xC2, 0xD4, 0x3B, 0x51, 0x6E, 0x4C, 0xB1,
    0x64, 0x81, 0x66, 0x9D, 0x70, 0x43, 0xF9, 0x39, 0x53, 0x40, 0x3E, 0x9C, 0xCD, 0xCF, 0x31, 0x05,
    0xD9, 0x62, 0x91, 0xD7, 0x98, 0x28, 0xE4, 0xF3, 0x26, 0xD3, 0x8D, 0xFF, 0x27, 0x13, 0x25, 0x97,
    0x5B, 0xCA, 0x64, 0xD1, 0x7F, 0x8E, 0x95, 0x75, 0x90, 0xBB, 0x18, 0x59, 0x1F, 0x73, 0x29, 0xAB,
    0x72, 0xF7, 0x91, 0x75, 0xC5, 0xA2, 0x0B, 0xBA, 0x5F, 0x1C, 0x64, 0x17, 0x20, 0xBE, 0x45, 0xDB,
    0xF7, 0x78, 0x88, 0x02, 0x4E, 0xB0, 0x9B, 0x3A, 0xDD, 0x8B, 0xF5, 0xFE, 0xA4, 0x4B, 0x26, 0x4B,
    0x14, 0x0C, 0x75, 0x8B, 0xCA, 0x2D, 0x16, 0xFC, 0x1C, 0x51, 0x42, 0x16, 0xA2, 0x61, 0x7C, 0x8E,
    0x29, 0xC9, 0x12, 0xCD, 0xBC, 0xC4, 0xF4, 0xFD, 0x08, 0x8A, 0x87, 0x6D, 0xC7, 0x47, 0xC0, 0x9E,
    0x8F, 0xA5, 0x0B, 0x7E, 0x55, 0x33, 0x77, 0x71, 0xCC, 0x0F, 0x5A, 0x55, 0x35, 0x77, 0x1D, 0xD7,
    0x7C, 0xBA, 0xA0, 0xFB, 0xC5, 0x19, 0x71, 0x01, 0xE2, 0x5B, 0x46, 0xEC, 0xBD, 0x4C, 0x4B, 0x3A,
    0x07, 0xD2, 0x21, 0xB5, 0xDC, 0x67, 0xE9, 0xF3, 0x6B, 0xA4, 0xA8, 0x14, 0x52, 0x9A, 0xA6, 0xBD,
    0x37, 0x00, 0xF3, 0x51, 0x76, 0xE5, 0xEE, 0x69, 0x0D, 0x6B, 0x59, 0x7B, 0x7F, 0xCD, 0xC5, 0x62,
    0x30, 0x8D, 0xFC, 0xE2, 0x2B, 0xC0, 0x60, 0x33, 0x38, 0x88, 0x5D, 0xE2, 0xD7, 0xBD, 0x48, 0x0C,
    0x00, 0xAF, 0x51, 0x7B, 0x88, 0x5D, 0xF1, 0xEB, 0x6B, 0x9A, 0x0C, 0xF0, 0x63, 0xC5, 0xD1, 0x87,
    0xDC, 0xED, 0x96, 0xF5, 0x52, 0x59, 0xD1, 0x47, 0xEE, 0x3E, 0xFF, 0xEA, 0x8F, 0xD5, 0x08, 0xCC,
    0x62, 0x13, 0x05, 0x18, 0xD8, 0xC4, 0x2E, 0xA9, 0xDD, 0x1C, 0x2F, 0x53, 0x29, 0xC8, 0x32, 0x45,
    0x7B, 0x18, 0xB7, 0xC5, 0xAF, 0xBA, 0xE9, 0x9F, 0xEB, 0x8E, 0x22, 0x1A, 0x0B, 0x59, 0x6F, 0xD7,
    0x1D, 0x25, 0x9A, 0x45, 0xD6, 0x15, 0xDD, 0xE7, 0x0E, 0x25, 0xA2, 0xC4, 0x6F, 0x4C, 0xC6, 0x78,
    0x9B, 0x6E, 0xCE, 0x28, 0x16, 0xBF, 0x99, 0x8C, 0x3F, 0x96, 0xFE, 0xD8, 0xB8, 0xEF, 0x5F, 0xEE,
    0x73, 0x33, 0x5F, 0x5C, 0xEB, 0x37, 0x0A, 0x7C, 0x8E, 0xAC, 0x0B, 0x42, 0xBF, 0x85, 0xD8, 0xCD,
    0xEE, 0xAF, 0xB7, 0xA8, 0x04, 0x7B, 0xCD, 0x4A, 0x7F, 0x37, 0x66, 0xED, 0x15, 0x66, 0x77, 0x1F,
    0x1D, 0x15, 0x60, 0xF6, 0xEC, 0x78, 0x1A, 0xD9, 0x73, 0xFF, 0xFB, 0xDF, 0x82, 0x34, 0x2B, 0xCF,
    0x0E, 0xEC, 0xDA, 0x95, 0x4F, 0xE3, 0xFC, 0x79, 0x79, 0xFF, 0x4C, 0x6E, 0xEC, 0xDD, 0xB2, 0x2C,
    0xC9, 0x34, 0x99, 0x06, 0x69, 0x91, 0xF5, 0x57, 0x6D, 0x90, 0x26, 0xD3, 0x64, 0xC8, 0xB2, 0xC4,
    0xDE, 0xC5, 0x5C, 0x00, 0x20, 0x1A, 0x8F, 0xB6, 0x4B, 0xEE, 0x65, 0x9A, 0xC6, 0xE9, 0xE7, 0x59,
    0x75, 0xBE, 0x37, 0xCE, 0xEF, 0xE6, 0x6E, 0x76, 0xFD, 0xB5, 0x6B, 0x0A, 0xB9, 0x30, 0x06, 0x72,
    0xC0, 0x82, 0x06, 0x80, 0xF7, 0xD0, 0xDD, 0x70, 0x9E, 0x57, 0x9E, 0xCF, 0xAB, 0x3F, 0x84, 0x3C,
    0x09, 0x88, 0x46, 0x02, 0x50, 0x9C, 0x5F, 0x5B, 0x58, 0x59, 0x1C, 0xF1, 0x56, 0xBE, 0x28, 0xB2,
    0x98, 0x68, 0xC0, 0xC0, 0x3C, 0xB9, 0xAB, 0x85, 0xE3, 0x8F, 0x59, 0x9F, 0x6F, 0xF3, 0x1F, 0x64,
    0x2D, 0xA2, 0xB1, 0x91, 0xF5, 0x6A, 0xD6, 0xE7, 0x9D, 0x7A, 0x6F, 0x1A, 0xBF, 0xEA, 0xC1, 0xCA,
    0xC8, 0xA2, 0xDF, 0xCB, 0xEA, 0x20, 0xB6, 0xA7, 0x8B, 0xD6, 0x4B, 0xBD, 0xAD, 0x62, 0xEE, 0xA2,
    0xE7, 0xE7, 0x6C, 0x8D, 0x3E, 0xE4, 0x5E, 0x22, 0xFA, 0xD5, 0x96, 0xBE, 0x01, 0xE7, 0x42, 0x9E,
    0xFE, 0x80, 0xEB, 0x5A, 0xCE, 0x3E, 0x62, 0x69, 0x21, 0x01, 0x03, 0xB6, 0xDC, 0xA6, 0x8E, 0xBE,
    0x65, 0x59, 0x23, 0x99, 0x3D, 0x98, 0x35, 0x1E, 0x70, 0xCF, 0xCD, 0x77, 0xD6, 0xD6, 0xCF, 0xE9,
    0x43, 0x6A, 0x23, 0x5A, 0x47, 0xE3, 0xB0, 0xAB, 0x73, 0xAF, 0x9A, 0x66, 0xFD, 0x04, 0x29, 0x76,
    0x71, 0x83, 0x59, 0xC8, 0x86, 0xF1, 0x7E, 0xF9, 0x8F, 0x3B, 0x6E, 0xCB, 0x68, 0x71, 0x41, 0xFE,
    0xB7, 0xEC, 0xB8, 0x0D, 0x68, 0x44, 0xBD, 0x1F, 0xE4, 0xE9, 0x94, 0x3B, 0xFD, 0x70, 0x01, 0x68,
    0x06, 0xE6, 0x2E, 0x6A, 0xBE, 0x9D, 0xE0, 0xBC, 0xFB, 0xF6, 0x2D, 0x7F, 0x5D, 0x53, 0xFD, 0x16,
    0x99, 0x3F, 0x78, 0x70, 0xD3, 0xC4, 0x65, 0xED, 0x60, 0x3E, 0x6A, 0x2F, 0xBB, 0x67, 0x9B, 0x95,
    0x25, 0xFD, 0x4F, 0x2D, 0xCE, 0x36, 0x44, 0x1B, 0xEC, 0xDD, 0xE4, 0xE6, 0x6F, 0x9F, 0xB3, 0xD8,
    0xE7, 0xC8, 0x7F, 0x1C, 0xD3, 0xBD, 0xF6, 0xEF, 0x8A, 0x9D, 0x0D, 0x20, 0x31, 0x8B, 0xE4, 0xF9,
    0xF9, 0xB2, 0xE7, 0x97, 0x6C, 0x78, 0x17, 0xDD, 0xF3, 0x83, 0x81, 0x1B, 0xC0, 0x9F, 0x42, 0x26,
    0x98, 0x60, 0x43, 0x14, 0x20, 0xC1, 0xAC, 0xBD, 0xEC, 0xBC, 0x83, 0x84, 0xAF, 0x9E, 0xF7, 0x3E,
    0xEE, 0xBD, 0xEF, 0xDD, 0xBF, 0xF4, 0x78, 0xF4, 0x13, 0xEA, 0xDE, 0x4F, 0x36, 0xB9, 0x21, 0xEA,
    0x5E, 0xB2, 0xA6, 0x61, 0x3A, 0x4C, 0xE4, 0xB6, 0xBF, 0x6A, 0xA4, 0xEC, 0x94, 0xF5, 0x23, 0xAA,
    0x00, 0xD1, 0x10, 0x0B, 0xE4, 0x67, 0xA8, 0xFA, 0xAC, 0x75, 0x4A, 0x8C, 0x0B, 0x54, 0x0E, 0x88,
    0x0D, 0x99, 0x10, 0x0F, 0xF7, 0x38, 0x3E, 0x43, 0xF8, 0xD8, 0x95, 0xFC, 0xA7, 0x48, 0xD3, 0xCD,
    0xE4, 0x02, 0x69, 0x56, 0x61, 0xEE, 0xC6, 0x2D, 0xEB, 0x13, 0x5C, 0xD1, 0x43, 0xEC, 0x9E, 0x19,
    0x7D, 0x89, 0xE5, 0x03, 0x8E, 0x3C, 0xE5, 0x20, 0x0B, 0x34, 0x30, 0x71, 0x95, 0xE9, 0xF9, 0x2F,
    0xDD, 0x30, 0x8B, 0x6C, 0x0C, 0x00, 0x7B, 0xE5, 0x9E, 0x65, 0x65, 0xE9, 0xAC, 0xA8, 0xE8, 0x28,
    0x2B, 0x59, 0x37, 0xE6, 0x20, 0x9B, 0x2C, 0xE2, 0xB9, 0x64, 0xB3, 0x17, 0x03, 0x13, 0x89, 0x28,
    0x1C, 0x60, 0xAF, 0xD9, 0xB3, 0xB2, 0xB2, 0x42, 0x54, 0x8A, 0xBE, 0xD1, 0xE3, 0x5E, 0xD6, 0xC1,
    0xE8, 0x53, 0x53, 0x91, 0xCE, 0xE2, 0x18, 0xAC, 0xAF, 0x6A, 0x66, 0xBD, 0x48, 0x23, 0xF0, 0xF8,
    0x5A, 0xD4, 0x45, 0x7D, 0xD3, 0xEA, 0x69, 0xD6, 0x44, 0x91, 0x8B, 0x31, 0xEE, 0x45, 0x13, 0xF5,
    0xDA, 0x35, 0x0E, 0xCC, 0xE6, 0x18, 0x8C, 0x26, 0x1E, 0xFF, 0xE3, 0x95, 0x6B, 0x6D, 0x46, 0x99,
    0x9B, 0xDA, 0xAF, 0xD5, 0x3F, 0x83, 0xBD, 0xA9, 0xF5, 0x72, 0xCD, 0xFF, 0x05, 0x75, 0x8B, 0xD9,
    0xA9, 0x45, 0x31, 0x08, 0x45, 0x17, 0xF8, 0x1B, 0xB0, 0x95, 0x14, 0x20, 0xD8, 0xBA, 0x90, 0x02,
    0x4E, 0x2B, 0xC2, 0xFB, 0x0D, 0xF8, 0x8E, 0x97, 0x3B, 0x0F, 0x71, 0xD8, 0x3B, 0x4B, 0x05, 0xA0,
    0xF6, 0x19, 0x1F, 0x2F, 0xBE, 0x8A, 0xA8, 0xCD, 0x2A, 0xB3, 0x72, 0x1D, 0x33, 0xAE, 0x22, 0x84,
    0x4A, 0x98, 0x32, 0x8D, 0xF2, 0x28, 0x6F, 0x6F, 0xDA, 0xDE, 0xBD, 0x47, 0x43, 0x98, 0x83, 0x98,
    0x6C, 0xDF, 0x5E, 0x3E, 0xC4, 0x34, 0x2D, 0xA6, 0x24, 0x67, 0x92, 0x10, 0xE4, 0x8A, 0xAA, 0x88,
    0x15, 0x34, 0xBC, 0x26, 0xF1, 0x33, 0x9F, 0x6F, 0xF7, 0xD1, 0xB7, 0x57, 0xFE, 0x7A, 0x5B, 0xF5,
    0x3E, 0x72, 0x2A, 0x3A, 0x1C, 0xEB, 0x28, 0xCE, 0xB8, 0x34, 0xA3, 0x23, 0x30, 0xC0, 0x37, 0x13,
    0x30, 0x27, 0x81, 0x54, 0x89, 0x67, 0x51, 0x80, 0xDD, 0xD2, 0x9B, 0xD6, 0xA2, 0x99, 0x1E, 0xBA,
    0x21, 0x2B, 0xBD, 0x90, 0x15, 0x66, 0x4A, 0x4B, 0x2A, 0x2A, 0x2D, 0x0C, 0xC9, 0x86, 0x46, 0xA5,
    0x6F, 0x12, 0x0F, 0x3D, 0x81, 0xCD, 0x8C, 0xB3, 0xB7, 0x99, 0x39, 0x23, 0x48, 0x42, 0x42, 0x31,
    0x36, 0x8E, 0x22, 0x4D, 0x1A, 0x63, 0x28, 0xDA, 0xB3, 0x70, 0xAC, 0x21, 0x60, 0x5C, 0x9B, 0x5A,
    0x82, 0x1E, 0x79, 0xFD, 0xCA, 0x11, 0x57, 0x86, 0xCD, 0x2B, 0x03, 0x20, 0x91, 0x20, 0x10, 0xF6,
    0x5A, 0x7F, 0xEA, 0x45, 0xED, 0xFE, 0x72, 0x71, 0xFB, 0x58, 0x7F, 0xCE, 0x42, 0x46, 0x33, 0x40,
    0xC1, 0x60, 0x42, 0xD2, 0x24, 0x1A, 0x8C, 0x66, 0x0D, 0xB2, 0x81, 0xBC, 0x2E, 0xFD, 0x03, 0x8C,
    0xD0, 0x01, 0x86, 0x04, 0x41, 0x0C, 0x85, 0xE1, 0x9F, 0x00, 0x34, 0xEF, 0x2A, 0x7D, 0x80, 0x90,
    0xAB, 0x87, 0x39, 0xC0, 0x5E, 0xE5, 0xB1, 0x00, 0xA1, 0xB6, 0x66, 0xA6, 0x77, 0x35, 0x0B, 0x93,
    0xFF, 0x43, 0x09, 0x28, 0x89, 0xA1, 0x44, 0x46, 0xFB, 0xC9, 0x37, 0xBD, 0x97, 0x25, 0x34, 0x50,
    0x2F, 0x8B, 0xF8, 0x22, 0x84, 0x44, 0x8A, 0x53, 0xAC, 0x65, 0xC4, 0x9B, 0x16, 0x07, 0x97, 0x84,
    0x1A, 0x0E, 0x41, 0xF4, 0x76, 0xAA, 0x47, 0x68, 0x88, 0x85, 0xD4, 0x29, 0x0C, 0xDF, 0xC3, 0x14,
    0x16, 0x8E, 0xB6, 0xD8, 0xB2, 0xD0, 0x50, 0xAB, 0xCF, 0xD7, 0x86, 0x2D, 0xC1, 0x97, 0xD8, 0xFA,
    0xA2, 0x21, 0x0B, 0x8B, 0x11, 0x25, 0x64, 0x72, 0x61, 0xB5, 0xE3, 0x69, 0x8A, 0x1A, 0xE4, 0x49,
    0xEB, 0xAA, 0x6A, 0x21, 0x0E, 0x4F, 0x39, 0x7A, 0x3F, 0xC8, 0x9D, 0xFF, 0xCA, 0xDD, 0x81, 0x08,
    0xFA, 0xCC, 0xD4, 0x7B, 0x32, 0xDD, 0x53, 0x5D, 0x0F, 0x17, 0xCE, 0x9B, 0xC2, 0xEB, 0x31, 0x9F,
    0xDC, 0x2D, 0x58, 0xE8, 0x5F, 0xCB, 0x65, 0x8F, 0xCB, 0xA2, 0x48, 0x1C, 0xAD, 0x48, 0xAD, 0x3D,
    0xBF, 0x7F, 0x26, 0xC3, 0x31, 0x08, 0xB5, 0xA6, 0xCA, 0x3F, 0x1B, 0xB1, 0xE1, 0x0F, 0x00, 0x8D,
    0x93, 0xC1, 0xAA, 0xEB, 0x3A, 0x0C, 0x45, 0x17, 0x68, 0x1A, 0xD0, 0xAF, 0x04, 0xDE, 0xD4, 0xA0,
    0x5F, 0x17, 0x74, 0x7A, 0x21, 0xBF, 0x22, 0xE8, 0x54, 0xB0, 0x9F, 0xE3, 0x26, 0x25, 0x07, 0xCE,
    0x85, 0x5B, 0x77, 0x2D, 0x6D, 0x19, 0xD1, 0x50, 0x1C, 0x63, 0x03, 0x6C, 0x07, 0xED, 0x58, 0x0B,
    0xDF, 0xDE, 0x19, 0x93, 0xB1, 0x65, 0xF6, 0x48, 0x7A, 0x9F, 0xFC, 0x77, 0x03, 0xFD, 0x9E, 0xBC,
    0x60, 0x1C, 0x8B, 0x8C, 0x3F, 0x96, 0xFE, 0xC7, 0xD3, 0xA4, 0xB4, 0x78, 0x63, 0x03, 0x42, 0x4A,
    0x9F, 0xD8, 0x5A, 0xDC, 0x60, 0xB9, 0x61, 0xEA, 0x0F, 0xC9, 0x42, 0x33, 0xEB, 0xD1, 0x7B, 0x41,
    0x08, 0x50, 0xBA, 0x3A, 0x38, 0xBF, 0x03, 0x02, 0xA4, 0x92, 0xCA, 0xF3, 0x0A, 0x56, 0x58, 0x62,
    0xE9, 0x4E, 0x84, 0x24, 0x75, 0x14, 0x2A, 0x6B, 0x1C, 0xD3, 0xA9, 0x63, 0x29, 0x1D, 0x49, 0xAA,
    0x25, 0xCB, 0x76, 0x96, 0x9E, 0x7B, 0x7E, 0x60, 0x69, 0xBA, 0x85, 0xF0, 0x24, 0x88, 0x9E, 0x92,
    0x92, 0x1D, 0x20, 0xD4, 0x14, 0x80, 0x13, 0x77, 0xF0, 0x6F, 0x70, 0x95, 0x2B, 0x3F, 0x21, 0x94,
    0x9F, 0x99, 0xB2, 0x47, 0x50, 0x53, 0x34, 0xB8, 0x92, 0x22, 0x0A, 0x07, 0xA6, 0x75, 0x05, 0x22,
    0xAF, 0x60, 0x57, 0xA8, 0x47, 0x88, 0x04, 0xB5, 0x34, 0x05, 0x51, 0x47, 0x13, 0x22, 0x88, 0xF6,
    0x42, 0x58, 0xD9, 0x2A, 0x39, 0xCB, 0x91, 0x06, 0x65, 0xAF, 0x74, 0x42, 0x92, 0xD4, 0x57, 0xA1,
    0xCD, 0x6A, 0x83, 0xE1, 0xCC, 0x72, 0x6D, 0xEA, 0x53, 0x88, 0x8D, 0xB1, 0x83, 0x8F, 0xBB, 0x44,
    0x81, 0xEF, 0x9F, 0x52, 0x78, 0x82, 0x5D, 0x45, 0x40, 0x7C, 0x08, 0xD5, 0x37, 0x4B, 0xF8, 0x24,
    0x08, 0xC6, 0xA4, 0xFF, 0x42, 0x20, 0x5C, 0x07, 0x26, 0x2F, 0xAE, 0x8F, 0xA9, 0x16, 0x53, 0x83,
    0x50, 0xD3, 0x0C, 0x2B, 0x36, 0x4B, 0x56, 0xAB, 0x89, 0x27, 0x48, 0xB5, 0xB0, 0xE4, 0x43, 0xE1,
    0xCC, 0x39, 0x9A, 0xB1, 0x06, 0x4D, 0x23, 0xE4, 0xC2, 0xCB, 0x1A, 0x4B, 0xCB, 0x29, 0x67, 0x6A,
    0x9C, 0xAA, 0xA9, 0x57, 0x1A, 0x92, 0x7A, 0xA6, 0xE2, 0x52, 0xF6, 0xA9, 0xF8, 0xCA, 0x73, 0xCA,
    0x8A, 0x68, 0x53, 0x86, 0x88, 0x29, 0x89, 0xA5, 0x61, 0xE5, 0xEC, 0x56, 0x46, 0x4D, 0x25, 0x56,
    0x30, 0xB5, 0x83, 0x54, 0xF8, 0x7B, 0xB5, 0x67, 0x52, 0xC3, 0x66, 0x05, 0xFC, 0x26, 0x29, 0x89,
    0x35, 0xA6, 0xF5, 0x40, 0x49, 0xFD, 0xE4, 0xDC, 0x33, 0x09, 0xBB, 0xFF, 0xED, 0x93, 0xE7, 0x2D,
    0x21, 0x7F, 0x28, 0x7A, 0xDD, 0xE2, 0xC2, 0x33, 0xA7, 0xC8, 0x41, 0x9C, 0x1A, 0xE4, 0x46, 0x93,
    0xFC, 0xD0, 0xA1, 0x9C, 0xA9, 0x19, 0xA7, 0xE2, 0x2B, 0xCF, 0x29, 0x93, 0x1A, 0x42, 0xDB, 0xE3,
    0xE7, 0x3D, 0x0A, 0x97, 0xF0, 0x9C, 0x6B, 0x9A, 0x49, 0x48, 0x7D, 0x82, 0x9A, 0x3B, 0x1F, 0x09,
    0x01, 0x35, 0x49, 0xC7, 0xD6, 0xAC, 0xA9, 0x13, 0x55, 0x62, 0xF0, 0x83, 0x78, 0x63, 0xEF, 0x48,
    0x37, 0xCB, 0x98, 0x0C, 0x23, 0xDB, 0xE0, 0x6F, 0x0C, 0x63, 0xCD, 0xF9, 0xCB, 0xD2, 0xA4, 0x24,
    0xDE, 0x60, 0x2C, 0xBE, 0xC7, 0xC4, 0x2F, 0x07, 0x96, 0xCF, 0x03, 0xFB, 0x07, 0x35, 0x10, 0x4A,
    0x24, 0x41, 0x7C, 0xDF, 0x38, 0x24, 0xAD, 0xBA, 0xFA, 0x00, 0x15, 0xB0, 0x86, 0x2F, 0x3C, 0x6F,
    0xAE, 0x39, 0x25, 0xE8, 0xF7, 0x63, 0x54, 0xA2, 0x95, 0x93, 0xF8, 0xE6, 0xB5, 0xCA, 0x92, 0x93,
    0xD5, 0xB9, 0x44, 0xE8, 0x7A, 0xA6, 0x1A, 0x93, 0xD2, 0x5F, 0xAF, 0x0A, 0xCB, 0x1E, 0x93, 0xB6,
    0x1C, 0x17, 0xF1, 0xE4, 0xDE, 0x1F, 0x27, 0x9E, 0x1D, 0x50, 0x52, 0x11, 0xD7, 0x6B, 0xF7, 0x0B,
    0x48, 0x7A, 0x5E, 0xB2, 0x95, 0xEF, 0xDE, 0x57, 0x0F, 0xFF, 0x03, 0x5D, 0xCA, 0x81, 0x05, 0x00,
    0x41, 0x0C, 0x44, 0xD1, 0x4F, 0x0A, 0x48, 0x43, 0x61, 0x5B, 0x1F, 0xD2, 0xD0, 0x16, 0x10, 0xE6,
    0x08, 0x70, 0xFB, 0x06, 0x0C, 0x3F, 0x45, 0x42, 0x81, 0x57, 0x41, 0x42, 0x8A, 0xD0, 0x19, 0xBB,
    0x3B, 0xF4, 0x1F, 0x5C, 0x18, 0x28, 0x2F, 0xA8, 0xBD, 0xF7, 0xED, 0xBA, 0xED, 0x33, 0xA1, 0x0F,
    0xB5, 0xD0, 0x01, 0xA6, 0x2C, 0x41, 0x0C, 0x46, 0xE1, 0x43, 0x00, 0x8A, 0x6C, 0xA5, 0x18, 0x80,
    0x50, 0x5B, 0xFF, 0x97, 0x14, 0x1E, 0x40, 0xA8, 0x97, 0xEA, 0xEE, 0xB9, 0xB7, 0x37, 0x70, 0xF9,
    0x4E, 0x32, 0x03, 0x69, 0x8A, 0x8D, 0x93, 0xEB, 0x08, 0xBE, 0xAC, 0xC2, 0x3B, 0x8E, 0xBA, 0x24,
    0x59, 0xCD, 0x14, 0x2E, 0x2F, 0x80, 0x01, 0x5E, 0x13, 0xD2, 0x84, 0x43, 0x32, 0xB0, 0xC1, 0x64,
    0xD8, 0x3D, 0xC4, 0x3C, 0x43, 0xD6, 0x84, 0x7A, 0x1B, 0x1A, 0x18, 0x33, 0xCE, 0x98, 0x38, 0x43,
    0x0C, 0x4C, 0x4C, 0x2C, 0x7B, 0x0D, 0x2F, 0x08, 0x00, 0x96, 0xEE, 0x3E, 0xDD, 0xBF, 0xBC, 0x53,
    0x62, 0xAA, 0x2E, 0x70, 0xD6, 0xD5, 0xC0, 0x09, 0x5C, 0xA7, 0xC4, 0x4E, 0xB9, 0xF7, 0xFE, 0xB6,
    0xEB, 0x1A, 0x26, 0x9C, 0x3F, 0x19, 0x7D, 0xFB, 0xFA, 0x86, 0x8A, 0xA5, 0x85, 0x69, 0xC9, 0xE4,
    0x9D, 0x25, 0x9C, 0x28, 0x60, 0x03, 0xEB, 0x55, 0x00, 0x79, 0x67, 0x02, 0x17, 0x72, 0x50, 0x60,
    0x2A, 0x5C, 0x7D, 0xAF, 0xAB, 0x06, 0x01, 0x79, 0x98, 0x0E, 0x87, 0x01, 0x01, 0x13, 0x12, 0x84,
    0x35, 0x70, 0x88, 0x4B, 0x5E, 0x62, 0xEF, 0x00, 0xD3, 0x2B, 0xC0, 0x5F, 0x0D, 0x36, 0x81, 0xEB,
    0xCE, 0x72, 0x5E, 0x91, 0x09, 0xD5, 0x85, 0x60, 0x3D, 0xB9, 0xDA, 0xD2, 0xAA, 0xCC, 0x5C, 0x64,
    0xBA, 0x32, 0x3F, 0x3B, 0x97, 0xB6, 0xF0, 0x24, 0x82, 0x19, 0x64, 0xE3, 0x51, 0x2F, 0x71, 0x59,
    0x2F, 0x4E, 0x38, 0x35, 0x88, 0x60, 0x25, 0x4B, 0xB1, 0x77, 0xE6, 0x4A, 0x00, 0x5E, 0x7F, 0x0D,
    0xFC, 0x78, 0x9E, 0x21, 0x20, 0x9F, 0xDF, 0x3F, 0x0F, 0x01, 0x89, 0x27, 0xFB, 0x8C, 0xE2, 0x70,
    0x61, 0x05, 0xAB, 0x57, 0xC2, 0xEC, 0x53, 0x2D, 0x61, 0x81, 0xFD, 0xAE, 0xC2, 0xF5, 0x1D, 0x88,
    0xE7, 0xEC, 0x7F, 0x8D, 0xCC, 0xB1, 0x09, 0xC0, 0x50, 0x0C, 0x03, 0x51, 0x81, 0x07, 0xD0, 0x48,
    0x5A, 0x5D, 0x1B, 0x64, 0x15, 0x0F, 0x60, 0x50, 0x82, 0x53, 0xA5, 0xCA, 0xE7, 0x78, 0xED, 0xA1,
    0x00, 0x24, 0xA8, 0x26, 0xCA, 0x02, 0xCD, 0x07, 0x56, 0x92, 0x45, 0xF3, 0x97, 0x2C, 0x67, 0xD2,
    0xEF, 0x6F, 0x5C, 0x2D, 0x97, 0xF9, 0x29, 0xB9, 0x16, 0xCF, 0xEA, 0x8C, 0xE6, 0x06,
};

static const EpdGlyph literatamono_12_regularGlyphs[] = {
    { 1, 1, 80, 0, 1, 1, 0 }, // U+0020
    { 4, 17, 128, 2, 17, 17, 1 }, // !
    { 6, 6, 160, 2, 20, 9, 18 }, // "
    { 15, 14, 272, 1, 14, 53, 27 }, // #
    { 12, 22, 224, 1, 20, 66, 80 }, // $
    { 19, 16, 336, 1, 16, 76, 146 }, // %
    { 18, 17, 320, 1, 17, 77, 222 }, // &
    { 2, 6, 96, 2, 20, 3, 299 }, // '
    { 6, 25, 128, 2, 20, 38, 302 }, // (
    { 5, 25, 128, 1, 20, 32, 340 }, // )
    { 9, 9, 176, 1, 19, 21, 372 }, // *
    { 11, 11, 240, 2, 13, 31, 393 }, // +
    { 4, 7, 128, 2, 3, 7, 424 }, // ,
    { 7, 2, 144, 1, 8, 4, 431 }, // -
    { 4, 4, 128, 2, 4, 4, 435 }, // .
    { 10, 23, 176, 0, 20, 58, 439 }, // /
    { 13, 17, 224, 1, 17, 56, 497 }, // 0
    { 9, 18, 160, 1, 18, 41, 553 }, // 1
    { 11, 17, 208, 1, 17, 47, 594 }, // 2
    { 11, 17, 224, 1, 17, 47, 641 }, // 3
    { 13, 18, 224, 0, 18, 59, 688 }, // 4
    { 12, 17, 208, 0, 17, 51, 747 }, // 5
    { 12, 17, 208, 1, 17, 51, 798 }, // 6
    { 12, 18, 208, 0, 17, 54, 849 }, // 7
    { 12, 17, 224, 1, 17, 51, 903 }, // 8
    { 11, 17, 208, 1, 17, 47, 954 }, // 9
    { 4, 13, 128, 2, 13, 13, 1001 }, // :
    { 4, 17, 128, 2, 13, 17, 1014 }, // ;
    { 10, 12, 240, 2, 13, 30, 1031 }, // <
    { 11, 6, 240, 2, 11, 17, 1061 }, // =
    { 10, 12, 240, 3, 13, 30, 1078 }, // >
    { 9, 17, 208, 2, 17, 39, 1108 }, // ?
    { 19, 20, 336, 1, 15, 95, 1147 }, // @
    { 18, 17, 288, 0, 17, 77, 1242 }, // A
    { 13, 17, 272, 2, 17, 56, 1319 }, // B
    { 15, 17, 272, 1, 17, 64, 1375 }, // C
    { 16, 17, 304, 2, 17, 68, 1439 }, // D
    { 13, 17, 256, 2, 17, 56, 1507 }, // E
    { 12, 17, 240, 2, 17, 51, 1563 }, // F
    { 17, 17, 304, 1, 17, 73, 1614 }, // G
    { 17, 17, 336, 2, 17, 73, 1687 }, // H
    { 7, 17, 160, 2, 17, 30, 1760 }, // I
    { 12, 17, 224, 1, 17, 51, 1790 }, // J
    { 16, 17, 304, 2, 17, 68, 1841 }, // K
    { 12, 17, 256, 2, 17, 51, 1909 }, // L
    { 22, 17, 400, 2, 17, 94, 1960 }, // M
    { 17, 17, 336, 2, 17, 73, 2054 }, // N
    { 17, 17, 304, 1, 17, 73, 2127 }, // O
    { 12, 17, 240, 2, 17, 51, 2200 }, // P
    { 21, 21, 304, 1, 17, 111, 2251 }, // Q
    { 15, 17, 288, 2, 17, 64, 2362 }, // R
    { 13, 17, 240, 1, 17, 56, 2426 }, // S
    { 16, 17, 288, 1, 17, 68, 2482 }, // T
    { 18, 17, 320, 1, 17, 77, 2550 }, // U
    { 17, 17, 288, 1, 17, 73, 2627 }, // V
    { 26, 17, 432, 1, 17, 111, 2700 }, // W
    { 17, 17, 288, 0, 17, 73, 2811 }, // X
    { 16, 17, 288, 1, 17, 68, 2884 }, // Y
    { 14, 17, 256, 1, 17, 60, 2952 }, // Z
    { 4, 26, 128, 3, 21, 26, 3012 }, // [
    { 10, 23, 176, 0, 20, 58, 3038 }, // <backslash>
    { 5, 26, 128, 1, 21, 33, 3096 }, // ]
    { 12, 9, 240, 1, 18, 27, 3129 }, // ^
    { 12, 2, 192, 0, -1, 6, 3156 }, // _
    { 5, 5, 208, 3, 19, 7, 3162 }, // `
    { 12, 13, 208, 1, 13, 39, 3169 }, // a
    { 14, 19, 240, 0, 19, 67, 3208 }, // b
    { 11, 13, 192, 1, 13, 36, 3275 }, // c
    { 14, 19, 240, 1, 19, 67, 3311 }, // d
    { 11, 13, 208, 1, 13, 36, 3378 }, // e
    { 10, 20, 160, 1, 20, 50, 3414 }, // f
    { 13, 19, 224, 1, 14, 62, 3464 }, // g
    { 15, 19, 272, 1, 19, 72, 3526 }, // h
    { 7, 19, 128, 1, 19, 34, 3598 }, // i
    { 5, 24, 128, 1, 19, 30, 3632 }, // j
    { 14, 19, 240, 1, 19, 67, 3662 }, // k
    { 7, 19, 128, 1, 19, 34, 3729 }, // l
    { 22, 13, 384, 1, 13, 72, 3763 }, // m
    { 15, 13, 272, 1, 13, 49, 3835 }, // n
    { 13, 13, 240, 1, 13, 43, 3884 }, // o
    { 13, 18, 240, 1, 13, 59, 3927 }, // p
    { 14, 18, 240, 1, 13, 63, 3986 }, // q
    { 11, 13, 192, 1, 13, 36, 4049 }, // r
    { 10, 13, 176, 1, 13, 33, 4085 }, // s
    { 9, 17, 160, 1, 17, 39, 4118 }, // t
    { 14, 13, 256, 1, 13, 46, 4157 }, // u
    { 15, 13, 240, 0, 13, 49, 4203 }, // v
    { 21, 13, 352, 0, 13, 69, 4252 }, // w
    { 14, 13, 224, 0, 13, 46, 4321 }, // x
    { 14, 18, 224, 0, 13, 63, 4367 }, // y
    { 10, 13, 192, 1, 13, 33, 4430 }, // z
    { 7, 27, 144, 1, 22, 48, 4463 }, // {
    { 1, 23, 176, 5, 20, 6, 4511 }, // |
    { 7, 27, 144, 1, 22, 48, 4517 }, // }
    { 11, 3, 240, 2, 9, 9, 4565 }, // ~
    { 1, 1, 80, 0, 1, 1, 0 }, // U+00A0
    { 4, 18, 128, 2, 13, 18, 1 }, // U+00A1
    { 11, 16, 192, 1, 16, 44, 19 }, // U+00A2
    { 12, 17, 224, 1, 17, 51, 63 }, // U+00A3
    { 11, 11, 208, 1, 14, 31, 114 }, // U+00A4
    { 17, 17, 288, 1, 17, 73, 145 }, // U+00A5
    { 1, 23, 176, 5, 20, 6, 218 }, // U+00A6
    { 12, 22, 240, 2, 17, 66, 224 }, // U+00A7
    { 8, 3, 208, 2, 18, 6, 290 }, // U+00A8
    { 17, 16, 320, 1, 16, 68, 296 }, // U+00A9
    { 9, 10, 176, 1, 19, 23, 364 }, // U+00AA
    { 10, 11, 192, 1, 12, 28, 387 }, // U+00AB
    { 11, 5, 240, 2, 10, 14, 415 }, // U+00AC
    { 1, 1, 0, 0, 1, 1, 429 }, // U+00AD
    { 10, 9, 192, 1, 19, 23, 430 }, // U+00AE
    { 7, 2, 208, 3, 18, 4, 453 }, // U+00AF
    { 6, 6, 128, 1, 20, 9, 457 }, // U+00B0
    { 11, 13, 240, 2, 13, 36, 466 }, // U+00B1
    { 8, 12, 160, 1, 21, 24, 502 }, // U+00B2
    { 8, 12, 176, 1, 21, 24, 526 }, // U+00B3
    { 5, 5, 208, 4, 19, 7, 550 }, // U+00B4
    { 13, 18, 240, 2, 13, 59, 557 }, // U+00B5
    { 11, 20, 224, 2, 17, 55, 616 }, // U+00B6
    { 4, 4, 128, 2, 10, 4, 671 }, // U+00B7
    { 6, 6, 208, 3, 0, 9, 675 }, // U+00B8
    { 6, 12, 128, 1, 21, 18, 684 }, // U+00B9
    { 9, 10, 176, 1, 19, 23, 702 }, // U+00BA
    { 10, 11, 192, 1, 12, 28, 725 }, // U+00BB
    { 21, 18, 368, 1, 18, 95, 753 }, // U+00BC
    { 22, 18, 384, 1, 18, 99, 848 }, // U+00BD
    { 22, 18, 384, 1, 18, 99, 947 }, // U+00BE
    { 10, 18, 208, 2, 13, 45, 1046 }, // U+00BF
    { 18, 23, 288, 0, 23, 104, 1091 }, // U+00C0
    { 18, 23, 288, 0, 23, 104, 1195 }, // U+00C1
    { 18, 23, 288, 0, 23, 104, 1299 }, // U+00C2
    { 18, 22, 288, 0, 22, 99, 1403 }, // U+00C3
    { 18, 22, 288, 0, 22, 99, 1502 }, // U+00C4
    { 18, 25, 288, 0, 25, 113, 1601 }, // U+00C5
    { 24, 17, 400, 0, 17, 102, 1714 }, // U+00C6
    { 15, 22, 272, 1, 17, 83, 1816 }, // U+00C7
    { 13, 23, 256, 2, 23, 75, 1899 }, // U+00C8
    { 13, 23, 256, 2, 23, 75, 1974 }, // U+00C9
    { 13, 23, 256, 2, 23, 75, 2049 }, // U+00CA
    { 13, 22, 256, 2, 22, 72, 2124 }, // U+00CB
    { 7, 23, 160, 2, 23, 41, 2196 }, // U+00CC
    { 7, 23, 160, 2, 23, 41, 2237 }, // U+00CD
    { 8, 23, 160, 1, 23, 46, 2278 }, // U+00CE
    { 8, 22, 160, 1, 22, 44, 2324 }, // U+00CF
    { 17, 17, 304, 1, 17, 73, 2368 }, // U+00D0
    { 17, 22, 336, 2, 22, 94, 2441 }, // U+00D1
    { 17, 23, 304, 1, 23, 98, 2535 }, // U+00D2
    { 17, 23, 304, 1, 23, 98, 2633 }, // U+00D3
    { 17, 23, 304, 1, 23, 98, 2731 }, // U+00D4
    { 17, 22, 304, 1, 22, 94, 2829 }, // U+00D5
    { 17, 22, 304, 1, 22, 94, 2923 }, // U+00D6
    { 9, 9, 240, 3, 12, 21, 3017 }, // U+00D7
    { 17, 17, 304, 1, 17, 73, 3038 }, // U+00D8
    { 18, 23, 320, 1, 23, 104, 3111 }, // U+00D9
    { 18, 23, 320, 1, 23, 104, 3215 }, // U+00DA
    { 18, 23, 320, 1, 23, 104, 3319 }, // U+00DB
    { 18, 22, 320, 1, 22, 99, 3423 }, // U+00DC
    { 16, 23, 288, 1, 23, 92, 3522 }, // U+00DD
    { 12, 17, 240, 2, 17, 51, 3614 }, // U+00DE
    { 15, 20, 272, 1, 20, 75, 3665 }, // U+00DF
    { 12, 19, 208, 1, 19, 57, 3740 }, // U+00E0
    { 12, 19, 208, 1, 19, 57, 3797 }, // U+00E1
    { 12, 19, 208, 1, 19, 57, 3854 }, // U+00E2
    { 12, 18, 208, 1, 18, 54, 3911 }, // U+00E3
    { 12, 18, 208, 1, 18, 54, 3965 }, // U+00E4
    { 12, 21, 208, 1, 21, 63, 4019 }, // U+00E5
    { 18, 13, 320, 1, 13, 59, 4082 }, // U+00E6
    { 11, 18, 192, 1, 13, 50, 4141 }, // U+00E7
    { 11, 19, 208, 1, 19, 53, 4191 }, // U+00E8
    { 11, 19, 208, 1, 19, 53, 4244 }, // U+00E9
    { 11, 19, 208, 1, 19, 53, 4297 }, // U+00EA
    { 11, 18, 208, 1, 18, 50, 4350 }, // U+00EB
    { 7, 19, 128, 1, 19, 34, 4400 }, // U+00EC
    { 7, 19, 128, 1, 19, 34, 4434 }, // U+00ED
    { 8, 19, 128, 0, 19, 38, 4468 }, // U+00EE
    { 8, 18, 128, 0, 18, 36, 4506 }, // U+00EF
    { 12, 19, 224, 1, 19, 57, 4542 }, // U+00F0
    { 15, 18, 272, 1, 18, 68, 4599 }, // U+00F1
    { 13, 19, 240, 1, 19, 62, 4667 }, // U+00F2
    { 13, 19, 240, 1, 19, 62, 4729 }, // U+00F3
    { 13, 19, 240, 1, 19, 62, 4791 }, // U+00F4
    { 13, 18, 240, 1, 18, 59, 4853 }, // U+00F5
    { 13, 18, 240, 1, 18, 59, 4912 }, // U+00F6
    { 11, 11, 240, 2, 13, 31, 4971 }, // U+00F7
    { 14, 13, 240, 0, 13, 46, 5002 }, // U+00F8
    { 14, 19, 256, 1, 19, 67, 5048 }, // U+00F9
    { 14, 19, 256, 1, 19, 67, 5115 }, // U+00FA
    { 14, 19, 256, 1, 19, 67, 5182 }, // U+00FB
    { 14, 18, 256, 1, 18, 63, 5249 }, // U+00FC
    { 14, 24, 224, 0, 19, 84, 5312 }, // U+00FD
    { 14, 24, 240, 0, 19, 84, 5396 }, // U+00FE
    { 14, 23, 224, 0, 18, 81, 5480 }, // U+00FF
    { 18, 22, 288, 0, 22, 99, 0 }, // U+0100
    { 12, 18, 208, 1, 18, 54, 99 }, // U+0101
    { 18, 23, 288, 0, 23, 104, 153 }, // U+0102
    { 12, 19, 208, 1, 19, 57, 257 }, // U+0103
    { 18, 22, 288, 0, 17, 99, 314 }, // U+0104
    { 12, 18, 208, 1, 13, 54, 413 }, // U+0105
    { 15, 23, 272, 1, 23, 87, 467 }, // U+0106
    { 11, 19, 192, 1, 19, 53, 554 }, // U+0107
    { 15, 23, 272, 1, 23, 87, 607 }, // U+0108
    { 11, 19, 192, 1, 19, 53, 694 }, // U+0109
    { 15, 22, 272, 1, 22, 83, 747 }, // U+010A
    { 11, 18, 192, 1, 18, 50, 830 }, // U+010B
    { 15, 24, 272, 1, 24, 90, 880 }, // U+010C
    { 11, 19, 192, 1, 19, 53, 970 }, // U+010D
    { 16, 24, 304, 2, 24, 96, 1023 }, // U+010E
    { 16, 19, 272, 1, 19, 76, 1119 }, // U+010F
    { 17, 17, 304, 1, 17, 73, 1195 }, // U+0110
    { 14, 19, 240, 1, 19, 67, 1268 }, // U+0111
    { 13, 22, 256, 2, 22, 72, 1335 }, // U+0112
    { 11, 18, 208, 1, 18, 50, 1407 }, // U+0113
    { 13, 23, 256, 2, 23, 75, 1457 }, // U+0114
    { 11, 19, 208, 1, 19, 53, 1532 }, // U+0115
    { 13, 22, 256, 2, 22, 72, 1585 }, // U+0116
    { 11, 18, 208, 1, 18, 50, 1657 }, // U+0117
    { 13, 22, 256, 2, 17, 72, 1707 }, // U+0118
    { 11, 18, 208, 1, 13, 50, 1779 }, // U+0119
    { 13, 24, 256, 2, 24, 78, 1829 }, // U+011A
    { 11, 19, 208, 1, 19, 53, 1907 }, // U+011B
    { 17, 23, 304, 1, 23, 98, 1960 }, // U+011C
    { 13, 25, 208, 1, 20, 82, 2058 }, // U+011D
    { 17, 23, 304, 1, 23, 98, 2140 }, // U+011E
    { 13, 24, 224, 1, 19, 78, 2238 }, // U+011F
    { 17, 22, 304, 1, 22, 94, 2316 }, // U+0120
    { 13, 23, 224, 1, 18, 75, 2410 }, // U+0121
    { 17, 24, 304, 1, 17, 102, 2485 }, // U+0122
    { 13, 25, 224, 1, 20, 82, 2587 }, // U+0123
    { 17, 23, 336, 2, 23, 98, 2669 }, // U+0124
    { 16, 24, 272, 0, 24, 96, 2767 }, // U+0125
    { 18, 17, 320, 1, 17, 77, 2863 }, // U+0126
    { 16, 19, 272, 0, 19, 76, 2940 }, // U+0127
    { 8, 22, 160, 1, 22, 44, 3016 }, // U+0128
    { 9, 18, 128, -1, 18, 41, 3060 }, // U+0129
    { 7, 22, 160, 2, 22, 39, 3101 }, // U+012A
    { 8, 18, 128, 0, 18, 36, 3140 }, // U+012B
    { 8, 23, 160, 1, 23, 46, 3176 }, // U+012C
    { 8, 19, 128, 0, 19, 38, 3222 }, // U+012D
    { 7, 22, 144, 2, 17, 39, 3260 }, // U+012E
    { 7, 24, 128, 1, 19, 42, 3299 }, // U+012F
    { 7, 22, 160, 2, 22, 39, 3341 }, // U+0130
    { 7, 13, 128, 1, 13, 23, 3380 }, // U+0131
    { 21, 17, 384, 2, 17, 90, 3403 }, // U+0132
    { 13, 24, 256, 1, 19, 78, 3493 }, // U+0133
    { 13, 23, 224, 1, 23, 75, 3571 }, // U+0134
    { 7, 24, 128, 0, 19, 42, 3646 }, // U+0135
    { 16, 24, 304, 2, 17, 96, 3688 }, // U+0136
    { 14, 26, 240, 1, 19, 91, 3784 }, // U+0137
    { 14, 13, 240, 1, 13, 46, 3875 }, // U+0138
    { 12, 23, 256, 2, 23, 69, 3921 }, // U+0139
    { 7, 24, 128, 1, 24, 42, 3990 }, // U+013A
    { 12, 24, 256, 2, 17, 72, 4032 }, // U+013B
    { 7, 26, 128, 1, 19, 46, 4104 }, // U+013C
    { 12, 19, 256, 2, 19, 57, 4150 }, // U+013D
    { 9, 19, 160, 1, 19, 43, 4207 }, // U+013E
    { 12, 17, 256, 2, 17, 51, 4250 }, // U+013F
    { 10, 19, 144, 1, 19, 48, 4301 }, // U+0140
    { 14, 17, 256, 0, 17, 60, 4349 }, // U+0141
    { 7, 19, 128, 1, 19, 34, 4409 }, // U+0142
    { 17, 23, 336, 2, 23, 98, 4443 }, // U+0143
    { 15, 19, 272, 1, 19, 72, 4541 }, // U+0144
    { 17, 24, 336, 2, 17, 102, 4613 }, // U+0145
    { 15, 20, 272, 1, 13, 75, 4715 }, // U+0146
    { 17, 24, 336, 2, 24, 102, 4790 }, // U+0147
    { 15, 19, 272, 1, 19, 72, 4892 }, // U+0148
    { 18, 19, 320, 1, 19, 86, 4964 }, // U+0149
    { 17, 23, 336, 2, 17, 98, 5050 }, // U+014A
    { 13, 19, 256, 1, 13, 62, 5148 }, // U+014B
    { 17, 22, 304, 1, 22, 94, 5210 }, // U+014C
    { 13, 18, 240, 1, 18, 59, 5304 }, // U+014D
    { 17, 23, 304, 1, 23, 98, 5363 }, // U+014E
    { 13, 19, 240, 1, 19, 62, 5461 }, // U+014F
    { 17, 23, 304, 1, 23, 98, 5523 }, // U+0150
    { 13, 19, 240, 1, 19, 62, 5621 }, // U+0151
    { 25, 17, 432, 1, 17, 107, 5683 }, // U+0152
    { 21, 13, 368, 1, 13, 69, 5790 }, // U+0153
    { 15, 23, 288, 2, 23, 87, 5859 }, // U+0154
    { 11, 19, 192, 1, 19, 53, 5946 }, // U+0155
    { 15, 24, 288, 2, 17, 90, 5999 }, // U+0156
    { 11, 20, 192, 1, 13, 55, 6089 }, // U+0157
    { 15, 24, 288, 2, 24, 90, 6144 }, // U+0158
    { 11, 19, 192, 1, 19, 53, 6234 }, // U+0159
    { 13, 23, 240, 1, 23, 75, 6287 }, // U+015A
    { 10, 19, 176, 1, 19, 48, 6362 }, // U+015B
    { 13, 23, 240, 1, 23, 75, 6410 }, // U+015C
    { 10, 19, 176, 1, 19, 48, 6485 }, // U+015D
    { 13, 22, 240, 1, 17, 72, 6533 }, // U+015E
    { 10, 18, 176, 1, 13, 45, 6605 }, // U+015F
    { 13, 24, 240, 1, 24, 78, 6650 }, // U+0160
    { 10, 19, 176, 1, 19, 48, 6728 }, // U+0161
    { 16, 22, 288, 1, 17, 88, 6776 }, // U+0162
    { 9, 22, 160, 1, 17, 50, 6864 }, // U+0163
    { 16, 24, 288, 1, 24, 96, 6914 }, // U+0164
    { 9, 20, 160, 1, 20, 45, 7010 }, // U+0165
    { 16, 17, 288, 1, 17, 68, 7055 }, // U+0166
    { 9, 17, 160, 1, 17, 39, 7123 }, // U+0167
    { 18, 22, 320, 1, 22, 99, 7162 }, // U+0168
    { 14, 18, 256, 1, 18, 63, 7261 }, // U+0169
    { 18, 22, 320, 1, 22, 99, 7324 }, // U+016A
    { 14, 18, 256, 1, 18, 63, 7423 }, // U+016B
    { 18, 23, 320, 1, 23, 104, 7486 }, // U+016C
    { 14, 19, 256, 1, 19, 67, 7590 }, // U+016D
    { 18, 25, 320, 1, 25, 113, 7657 }, // U+016E
    { 14, 21, 256, 1, 21, 74, 7770 }, // U+016F
    { 18, 23, 320, 1, 23, 104, 7844 }, // U+0170
    { 14, 19, 256, 1, 19, 67, 7948 }, // U+0171
    { 18, 22, 320, 1, 17, 99, 8015 }, // U+0172
    { 14, 18, 240, 1, 13, 63, 8114 }, // U+0173
    { 26, 23, 432, 1, 23, 150, 8177 }, // U+0174
    { 21, 19, 352, 0, 19, 100, 8327 }, // U+0175
    { 16, 23, 288, 1, 23, 92, 8427 }, // U+0176
    { 14, 24, 224, 0, 19, 84, 8519 }, // U+0177
    { 16, 22, 288, 1, 22, 88, 8603 }, // U+0178
    { 14, 23, 256, 1, 23, 81, 8691 }, // U+0179
    { 10, 19, 192, 1, 19, 48, 8772 }, // U+017A
    { 14, 22, 256, 1, 22, 77, 8820 }, // U+017B
    { 10, 18, 192, 1, 18, 45, 8897 }, // U+017C
    { 14, 24, 256, 1, 24, 84, 8942 }, // U+017D
    { 10, 19, 192, 1, 19, 48, 9026 }, // U+017E
    { 20, 19, 336, 1, 19, 95, 0 }, // U+01A0
    { 14, 17, 240, 1, 17, 60, 95 }, // U+01A1
    { 21, 19, 352, 1, 19, 100, 155 }, // U+01AF
    { 16, 17, 272, 1, 17, 68, 255 }, // U+01B0
    { 32, 24, 560, 2, 24, 192, 323 }, // U+01C4
    { 29, 19, 496, 2, 19, 138, 515 }, // U+01C5
    { 26, 19, 432, 1, 19, 124, 653 }, // U+01C6
    { 27, 17, 480, 2, 17, 115, 777 }, // U+01C7
    { 19, 24, 384, 2, 19, 114, 892 }, // U+01C8
    { 12, 24, 240, 1, 19, 72, 1006 }, // U+01C9
    { 31, 17, 544, 2, 17, 132, 1078 }, // U+01CA
    { 24, 24, 448, 2, 19, 144, 1210 }, // U+01CB
    { 21, 24, 384, 1, 19, 126, 1354 }, // U+01CC
    { 18, 24, 288, 0, 24, 108, 1480 }, // U+01CD
    { 12, 19, 208, 1, 19, 57, 1588 }, // U+01CE
    { 8, 24, 160, 1, 24, 48, 1645 }, // U+01CF
    { 8, 19, 128, 0, 19, 38, 1693 }, // U+01D0
    { 17, 24, 304, 1, 24, 102, 1731 }, // U+01D1
    { 13, 19, 240, 1, 19, 62, 1833 }, // U+01D2
    { 18, 24, 320, 1, 24, 108, 1895 }, // U+01D3
    { 14, 19, 256, 1, 19, 67, 2003 }, // U+01D4
    { 18, 26, 320, 1, 26, 117, 2070 }, // U+01D5
    { 14, 23, 256, 1, 23, 81, 2187 }, // U+01D6
    { 18, 28, 320, 1, 28, 126, 2268 }, // U+01D7
    { 14, 24, 256, 1, 24, 84, 2394 }, // U+01D8
    { 18, 29, 320, 1, 29, 131, 2478 }, // U+01D9
    { 14, 25, 256, 1, 25, 88, 2609 }, // U+01DA
    { 18, 28, 320, 1, 28, 126, 2697 }, // U+01DB
    { 14, 24, 256, 1, 24, 84, 2823 }, // U+01DC
    { 17, 24, 304, 1, 24, 102, 2907 }, // U+01E6
    { 13, 24, 224, 1, 19, 78, 3009 }, // U+01E7
    { 17, 22, 304, 1, 17, 94, 3087 }, // U+01EA
    { 13, 18, 240, 1, 13, 59, 3181 }, // U+01EB
    { 18, 27, 288, 0, 27, 122, 3240 }, // U+01FA
    { 12, 25, 208, 1, 25, 75, 3362 }, // U+01FB
    { 24, 23, 400, 0, 23, 138, 3437 }, // U+01FC
    { 18, 19, 320, 1, 19, 86, 3575 }, // U+01FD
    { 17, 23, 304, 1, 23, 98, 3661 }, // U+01FE
    { 14, 19, 240, 0, 19, 67, 3759 }, // U+01FF
    { 18, 23, 288, 0, 23, 104, 3826 }, // U+0200
    { 12, 19, 208, 1, 19, 57, 3930 }, // U+0201
    { 18, 23, 288, 0, 23, 104, 3987 }, // U+0202
    { 12, 19, 208, 1, 19, 57, 4091 }, // U+0203
    { 13, 23, 256, 2, 23, 75, 4148 }, // U+0204
    { 11, 19, 208, 1, 19, 53, 4223 }, // U+0205
    { 13, 23, 256, 2, 23, 75, 4276 }, // U+0206
    { 11, 19, 208, 1, 19, 53, 4351 }, // U+0207
    { 10, 23, 160, -1, 23, 58, 4404 }, // U+0208
    { 10, 19, 128, -2, 19, 48, 4462 }, // U+0209
    { 8, 23, 160, 1, 23, 46, 4510 }, // U+020A
    { 8, 19, 128, 0, 19, 38, 4556 }, // U+020B
    { 17, 23, 304, 1, 23, 98, 4594 }, // U+020C
    { 13, 19, 240, 1, 19, 62, 4692 }, // U+020D
    { 17, 23, 304, 1, 23, 98, 4754 }, // U+020E
    { 13, 19, 240, 1, 19, 62, 4852 }, // U+020F
    { 15, 23, 288, 2, 23, 87, 4914 }, // U+0210
    { 11, 19, 192, 1, 19, 53, 5001 }, // U+0211
    { 15, 23, 288, 2, 23, 87, 5054 }, // U+0212
    { 11, 19, 192, 1, 19, 53, 5141 }, // U+0213
    { 18, 23, 320, 1, 23, 104, 5194 }, // U+0214
    { 14, 19, 256, 1, 19, 67, 5298 }, // U+0215
    { 18, 23, 320, 1, 23, 104, 5365 }, // U+0216
    { 14, 19, 256, 1, 19, 67, 5469 }, // U+0217
    { 13, 24, 240, 1, 17, 78, 5536 }, // U+0218
    { 10, 20, 176, 1, 13, 50, 5614 }, // U+0219
    { 16, 24, 288, 1, 17, 96, 5664 }, // U+021A
    { 9, 24, 160, 1, 17, 54, 5760 }, // U+021B
    { 5, 5, 0, -3, 19, 7, 0 }, // U+0300
    { 5, 5, 0, -2, 19, 7, 7 }, // U+0301
    { 8, 5, 0, -4, 19, 10, 14 }, // U+0302
    { 8, 3, 0, -4, 18, 6, 24 }, // U+0303
    { 8, 2, 0, -4, 18, 4, 30 }, // U+0304
    { 8, 4, 0, -4, 19, 8, 34 }, // U+0306
    { 4, 3, 0, -2, 19, 3, 42 }, // U+0307
    { 8, 3, 0, -4, 18, 6, 45 }, // U+0308
    { 6, 6, 0, -3, 21, 9, 51 }, // U+0309
    { 6, 5, 0, -3, 20, 8, 60 }, // U+030A
    { 8, 5, 0, -3, 19, 10, 68 }, // U+030B
    { 8, 5, 0, -4, 19, 10, 78 }, // U+030C
    { 8, 5, 0, -5, 19, 10, 88 }, // U+030F
    { 8, 5, 0, -4, 19, 10, 98 }, // U+0311
    { 3, 6, 0, -2, 20, 5, 108 }, // U+0312
    { 4, 8, 0, -2, 17, 8, 113 }, // U+031B
    { 4, 3, 0, -2, -2, 3, 121 }, // U+0323
    { 8, 3, 0, -4, -2, 6, 124 }, // U+0324
    { 4, 6, 0, -2, -1, 6, 130 }, // U+0326
    { 6, 6, 0, -3, 0, 9, 136 }, // U+0327
    { 4, 6, 0, -2, 0, 6, 145 }, // U+0328
    { 8, 4, 0, -4, -2, 8, 151 }, // U+032E
    { 8, 2, 0, -4, -2, 4, 159 }, // U+0331
    { 13, 22, 256, 2, 22, 72, 0 }, // U+0401
    { 20, 20, 336, 0, 17, 100, 72 }, // U+0402
    { 12, 23, 240, 2, 23, 69, 172 }, // U+0403
    { 15, 17, 272, 1, 17, 64, 241 }, // U+0404
    { 13, 17, 240, 1, 17, 56, 305 }, // U+0405
    { 7, 17, 160, 2, 17, 30, 361 }, // U+0406
    { 8, 22, 160, 1, 22, 44, 391 }, // U+0407
    { 12, 17, 224, 1, 17, 51, 435 }, // U+0408
    { 24, 17, 400, 0, 17, 102, 486 }, // U+0409
    { 24, 17, 432, 2, 17, 102, 588 }, // U+040A
    { 21, 17, 368, 1, 17, 90, 690 }, // U+040B
    { 16, 23, 288, 2, 23, 92, 780 }, // U+040C
    { 17, 23, 336, 2, 23, 98, 872 }, // U+040D
    { 17, 24, 272, 0, 24, 102, 970 }, // U+040E
    { 18, 21, 336, 2, 17, 95, 1072 }, // U+040F
    { 18, 17, 288, 0, 17, 77, 1167 }, // U+0410
    { 13, 17, 272, 2, 17, 56, 1244 }, // U+0411
    { 13, 17, 272, 2, 17, 56, 1300 }, // U+0412
    { 12, 17, 240, 2, 17, 51, 1356 }, // U+0413
    { 17, 22, 288, 0, 17, 94, 1407 }, // U+0414
    { 13, 17, 256, 2, 17, 56, 1501 }, // U+0415
    { 25, 17, 416, 0, 17, 107, 1557 }, // U+0416
    { 12, 17, 224, 1, 17, 51, 1664 }, // U+0417
    { 17, 17, 336, 2, 17, 73, 1715 }, // U+0418
    { 17, 24, 336, 2, 24, 102, 1788 }, // U+0419
    { 16, 17, 288, 2, 17, 68, 1890 }, // U+041A
    { 17, 17, 304, 0, 17, 73, 1958 }, // U+041B
    { 22, 17, 400, 2, 17, 94, 2031 }, // U+041C
    { 17, 17, 336, 2, 17, 73, 2125 }, // U+041D
    { 17, 17, 304, 1, 17, 73, 2198 }, // U+041E
    { 17, 17, 336, 2, 17, 73, 2271 }, // U+041F
    { 12, 17, 240, 2, 17, 51, 2344 }, // U+0420
    { 15, 17, 272, 1, 17, 64, 2395 }, // U+0421
    { 16, 17, 288, 1, 17, 68, 2459 }, // U+0422
    { 17, 17, 272, 0, 17, 73, 2527 }, // U+0423
    { 19, 19, 336, 1, 19, 91, 2600 }, // U+0424
    { 17, 17, 288, 0, 17, 73, 2691 }, // U+0425
    { 18, 21, 336, 2, 17, 95, 2764 }, // U+0426
    { 18, 17, 304, 0, 17, 77, 2859 }, // U+0427
    { 25, 17, 464, 2, 17, 107, 2936 }, // U+0428
    { 26, 21, 464, 2, 17, 137, 3043 }, // U+0429
    { 18, 17, 304, 0, 17, 77, 3180 }, // U+042A
    { 21, 17, 400, 2, 17, 90, 3257 }, // U+042B
    { 13, 17, 256, 2, 17, 56, 3347 }, // U+042C
    { 14, 17, 272, 1, 17, 60, 3403 }, // U+042D
    { 24, 17, 448, 2, 17, 102, 3463 }, // U+042E
    { 16, 17, 288, 0, 17, 68, 3565 }, // U+042F
    { 12, 13, 208, 1, 13, 39, 3633 }, // U+0430
    { 12, 20, 224, 1, 20, 60, 3672 }, // U+0431
    { 12, 13, 224, 1, 13, 39, 3732 }, // U+0432
    { 11, 13, 208, 1, 13, 36, 3771 }, // U+0433
    { 14, 17, 240, 0, 13, 60, 3807 }, // U+0434
    { 11, 13, 208, 1, 13, 36, 3867 }, // U+0435
    { 21, 13, 336, 0, 13, 69, 3903 }, // U+0436
    { 10, 13, 192, 1, 13, 33, 3972 }, // U+0437
    { 15, 13, 272, 1, 13, 49, 4005 }, // U+0438
    { 15, 19, 272, 1, 19, 72, 4054 }, // U+0439
    { 14, 13, 240, 1, 13, 46, 4126 }, // U+043A
    { 14, 13, 256, 0, 13, 46, 4172 }, // U+043B
    { 17, 13, 304, 1, 13, 56, 4218 }, // U+043C
    { 15, 13, 272, 1, 13, 49, 4274 }, // U+043D
    { 13, 13, 240, 1, 13, 43, 4323 }, // U+043E
    { 15, 13, 272, 1, 13, 49, 4366 }, // U+043F
    { 13, 18, 240, 1, 13, 59, 4415 }, // U+0440
    { 11, 13, 192, 1, 13, 36, 4474 }, // U+0441
    { 13, 13, 240, 1, 13, 43, 4510 }, // U+0442
    { 14, 18, 224, 0, 13, 63, 4553 }, // U+0443
    { 18, 25, 336, 1, 20, 113, 4616 }, // U+0444
    { 14, 13, 224, 0, 13, 46, 4729 }, // U+0445
    { 16, 17, 272, 1, 13, 68, 4775 }, // U+0446
    { 15, 13, 256, 0, 13, 49, 4843 }, // U+0447
    { 22, 13, 384, 1, 13, 72, 4892 }, // U+0448
    { 23, 17, 384, 1, 13, 98, 4964 }, // U+0449
    { 14, 13, 256, 1, 13, 46, 5062 }, // U+044A
    { 18, 13, 320, 1, 13, 59, 5108 }, // U+044B
    { 12, 13, 224, 1, 13, 39, 5167 }, // U+044C
    { 11, 13, 208, 1, 13, 36, 5206 }, // U+044D
    { 20, 13, 352, 1, 13, 65, 5242 }, // U+044E
    { 13, 13, 240, 1, 13, 43, 5307 }, // U+044F
    { 11, 18, 208, 1, 18, 50, 5350 }, // U+0451
    { 13, 25, 256, 1, 19, 82, 5400 }, // U+0452
    { 11, 19, 208, 1, 19, 53, 5482 }, // U+0453
    { 11, 13, 208, 1, 13, 36, 5535 }, // U+0454
    { 10, 13, 176, 1, 13, 33, 5571 }, // U+0455
    { 7, 19, 128, 1, 19, 34, 5604 }, // U+0456
    { 8, 18, 128, 0, 18, 36, 5638 }, // U+0457
    { 5, 24, 128, 1, 19, 30, 5674 }, // U+0458
    { 20, 13, 320, 0, 13, 65, 5704 }, // U+0459
    { 20, 13, 352, 1, 13, 65, 5769 }, // U+045A
    { 16, 19, 272, 0, 19, 76, 5834 }, // U+045B
    { 14, 19, 240, 1, 19, 67, 5910 }, // U+045C
    { 15, 19, 272, 1, 19, 72, 5977 }, // U+045D
    { 14, 24, 224, 0, 19, 84, 6049 }, // U+045E
    { 15, 16, 272, 1, 13, 60, 6133 }, // U+045F
    { 18, 19, 304, 0, 19, 86, 6193 }, // U+0462
    { 15, 19, 256, 1, 19, 72, 6279 }, // U+0463
    { 24, 17, 400, 0, 17, 102, 6351 }, // U+046A
    { 20, 13, 320, 0, 13, 65, 6453 }, // U+046B
    { 12, 21, 224, 2, 21, 63, 6518 }, // U+0490
    { 11, 16, 176, 1, 16, 44, 6581 }, // U+0491
    { 13, 17, 240, 2, 17, 56, 6625 }, // U+0492
    { 11, 13, 208, 1, 13, 36, 6681 }, // U+0493
    { 26, 20, 416, 0, 17, 130, 6717 }, // U+0496
    { 21, 17, 336, 0, 13, 90, 6847 }, // U+0497
    { 16, 20, 304, 2, 17, 80, 6937 }, // U+049A
    { 14, 17, 240, 1, 13, 60, 7017 }, // U+049B
    { 18, 21, 336, 2, 17, 95, 7077 }, // U+04A2
    { 16, 17, 288, 1, 13, 68, 7172 }, // U+04A3
    { 16, 17, 288, 1, 17, 68, 7240 }, // U+04AE
    { 14, 18, 224, 0, 13, 63, 7308 }, // U+04AF
    { 17, 17, 288, 0, 17, 73, 7371 }, // U+04B0
    { 14, 18, 224, 0, 13, 63, 7444 }, // U+04B1
    { 17, 17, 320, 2, 17, 73, 7507 }, // U+04BA
    { 15, 19, 272, 1, 19, 72, 7580 }, // U+04BB
    { 15, 17, 272, 1, 17, 64, 7652 }, // U+04D8
    { 11, 13, 208, 1, 13, 36, 7716 }, // U+04D9
    { 17, 17, 304, 1, 17, 73, 7752 }, // U+04E8
    { 13, 13, 240, 1, 13, 43, 7825 }, // U+04E9
    { 18, 22, 288, 0, 17, 99, 0 }, // U+1EA0
    { 12, 18, 208, 1, 13, 54, 99 }, // U+1EA1
    { 18, 25, 288, 0, 25, 113, 153 }, // U+1EA2
    { 12, 21, 208, 1, 21, 63, 266 }, // U+1EA3
    { 18, 28, 288, 0, 28, 126, 329 }, // U+1EA4
    { 12, 24, 208, 1, 24, 72, 455 }, // U+1EA5
    { 18, 28, 288, 0, 28, 126, 527 }, // U+1EA6
    { 12, 24, 208, 1, 24, 72, 653 }, // U+1EA7
    { 18, 28, 288, 0, 28, 126, 725 }, // U+1EA8
    { 12, 25, 208, 1, 25, 75, 851 }, // U+1EA9
    { 18, 27, 288, 0, 27, 122, 926 }, // U+1EAA
    { 12, 23, 208, 1, 23, 69, 1048 }, // U+1EAB
    { 18, 28, 288, 0, 23, 126, 1117 }, // U+1EAC
    { 12, 24, 208, 1, 19, 72, 1243 }, // U+1EAD
    { 18, 28, 288, 0, 28, 126, 1315 }, // U+1EAE
    { 12, 24, 208, 1, 24, 72, 1441 }, // U+1EAF
    { 18, 28, 288, 0, 28, 126, 1513 }, // U+1EB0
    { 12, 24, 208, 1, 24, 72, 1639 }, // U+1EB1
    { 18, 29, 288, 0, 29, 131, 1711 }, // U+1EB2
    { 12, 25, 208, 1, 25, 75, 1842 }, // U+1EB3
    { 18, 27, 288, 0, 27, 122, 1917 }, // U+1EB4
    { 12, 23, 208, 1, 23, 69, 2039 }, // U+1EB5
    { 18, 28, 288, 0, 23, 126, 2108 }, // U+1EB6
    { 12, 24, 208, 1, 19, 72, 2234 }, // U+1EB7
    { 13, 22, 256, 2, 17, 72, 2306 }, // U+1EB8
    { 11, 18, 208, 1, 13, 50, 2378 }, // U+1EB9
    { 13, 25, 256, 2, 25, 82, 2428 }, // U+1EBA
    { 11, 21, 208, 1, 21, 58, 2510 }, // U+1EBB
    { 13, 22, 256, 2, 22, 72, 2568 }, // U+1EBC
    { 11, 18, 208, 1, 18, 50, 2640 }, // U+1EBD
    { 13, 28, 256, 2, 28, 91, 2690 }, // U+1EBE
    { 11, 24, 208, 1, 24, 66, 2781 }, // U+1EBF
    { 13, 28, 256, 2, 28, 91, 2847 }, // U+1EC0
    { 11, 24, 208, 1, 24, 66, 2938 }, // U+1EC1
    { 13, 28, 256, 2, 28, 91, 3004 }, // U+1EC2
    { 12, 25, 208, 1, 25, 75, 3095 }, // U+1EC3
    { 13, 27, 256, 2, 27, 88, 3170 }, // U+1EC4
    { 11, 23, 208, 1, 23, 64, 3258 }, // U+1EC5
    { 13, 28, 256, 2, 23, 91, 3322 }, // U+1EC6
    { 11, 24, 208, 1, 19, 66, 3413 }, // U+1EC7
    { 7, 25, 160, 2, 25, 44, 3479 }, // U+1EC8
    { 8, 21, 128, 0, 21, 42, 3523 }, // U+1EC9
    { 7, 22, 160, 2, 17, 39, 3565 }, // U+1ECA
    { 7, 24, 128, 1, 19, 42, 3604 }, // U+1ECB
    { 17, 22, 304, 1, 17, 94, 3646 }, // U+1ECC
    { 13, 18, 240, 1, 13, 59, 3740 }, // U+1ECD
    { 17, 25, 304, 1, 25, 107, 3799 }, // U+1ECE
    { 13, 21, 240, 1, 21, 69, 3906 }, // U+1ECF
    { 17, 28, 304, 1, 28, 119, 3975 }, // U+1ED0
    { 13, 24, 240, 1, 24, 78, 4094 }, // U+1ED1
    { 17, 28, 304, 1, 28, 119, 4172 }, // U+1ED2
    { 13, 24, 240, 1, 24, 78, 4291 }, // U+1ED3
    { 17, 28, 304, 1, 28, 119, 4369 }, // U+1ED4
    { 13, 25, 240, 1, 25, 82, 4488 }, // U+1ED5
    { 17, 27, 304, 1, 27, 115, 4570 }, // U+1ED6
    { 13, 23, 240, 1, 23, 75, 4685 }, // U+1ED7
    { 17, 28, 304, 1, 23, 119, 4760 }, // U+1ED8
    { 13, 24, 240, 1, 19, 78, 4879 }, // U+1ED9
    { 20, 23, 336, 1, 23, 115, 4957 }, // U+1EDA
    { 14, 19, 240, 1, 19, 67, 5072 }, // U+1EDB
    { 20, 23, 336, 1, 23, 115, 5139 }, // U+1EDC
    { 14, 19, 240, 1, 19, 67, 5254 }, // U+1EDD
    { 20, 25, 336, 1, 25, 125, 5321 }, // U+1EDE
    { 14, 21, 240, 1, 21, 74, 5446 }, // U+1EDF
    { 20, 22, 336, 1, 22, 110, 5520 }, // U+1EE0
    { 14, 18, 240, 1, 18, 63, 5630 }, // U+1EE1
    { 20, 24, 336, 1, 19, 120, 5693 }, // U+1EE2
    { 14, 22, 240, 1, 17, 77, 5813 }, // U+1EE3
    { 18, 22, 320, 1, 17, 99, 5890 }, // U+1EE4
    { 14, 18, 256, 1, 13, 63, 5989 }, // U+1EE5
    { 18, 25, 320, 1, 25, 113, 6052 }, // U+1EE6
    { 14, 21, 256, 1, 21, 74, 6165 }, // U+1EE7
    { 21, 23, 352, 1, 23, 121, 6239 }, // U+1EE8
    { 16, 19, 272, 1, 19, 76, 6360 }, // U+1EE9
    { 21, 23, 352, 1, 23, 121, 6436 }, // U+1EEA
    { 16, 19, 272, 1, 19, 76, 6557 }, // U+1EEB
    { 21, 25, 352, 1, 25, 132, 6633 }, // U+1EEC
    { 16, 21, 272, 1, 21, 84, 6765 }, // U+1EED
    { 21, 22, 352, 1, 22, 116, 6849 }, // U+1EEE
    { 16, 18, 272, 1, 18, 72, 6965 }, // U+1EEF
    { 21, 24, 352, 1, 19, 126, 7037 }, // U+1EF0
    { 16, 22, 272, 1, 17, 88, 7163 }, // U+1EF1
    { 16, 23, 288, 1, 23, 92, 7251 }, // U+1EF2
    { 14, 24, 224, 0, 19, 84, 7343 }, // U+1EF3
    { 16, 22, 288, 1, 17, 88, 7427 }, // U+1EF4
    { 14, 18, 224, 0, 13, 63, 7515 }, // U+1EF5
    { 16, 25, 288, 1, 25, 100, 7578 }, // U+1EF6
    { 14, 26, 224, 0, 21, 91, 7678 }, // U+1EF7
    { 16, 22, 288, 1, 22, 88, 7769 }, // U+1EF8
    { 14, 23, 224, 0, 18, 81, 7857 }, // U+1EF9
    { 1, 1, 240, 0, 1, 1, 0 }, // U+2007
    { 1, 1, 128, 0, 1, 1, 1 }, // U+2008
    { 1, 1, 48, 0, 1, 1, 2 }, // U+2009
    { 1, 1, 32, 0, 1, 1, 3 }, // U+200A
    { 1, 1, 0, 0, 1, 1, 4 }, // U+200B
    { 7, 2, 144, 1, 8, 4, 5 }, // U+2010
    { 12, 2, 208, 0, 8, 6, 9 }, // U+2012
    { 12, 2, 208, 0, 8, 6, 15 }, // U+2013
    { 25, 2, 400, 0, 8, 13, 21 }, // U+2014
    { 25, 2, 400, 0, 8, 13, 34 }, // U+2015
    { 4, 7, 128, 2, 20, 7, 47 }, // U+2018
    { 4, 7, 128, 2, 19, 7, 54 }, // U+2019
    { 4, 7, 128, 2, 3, 7, 61 }, // U+201A
    { 9, 7, 208, 2, 20, 16, 68 }, // U+201C
    { 9, 7, 208, 2, 19, 16, 84 }, // U+201D
    { 8, 7, 160, 1, 3, 14, 100 }, // U+201E
    { 9, 20, 208, 2, 19, 45, 114 }, // U+2020
    { 9, 19, 208, 2, 19, 43, 159 }, // U+2021
    { 5, 5, 144, 2, 10, 7, 202 }, // U+2022
    { 20, 4, 352, 1, 4, 20, 209 }, // U+2026
    { 28, 16, 480, 1, 16, 112, 229 }, // U+2030
    { 3, 6, 80, 1, 20, 5, 341 }, // U+2032
    { 7, 6, 144, 1, 20, 11, 346 }, // U+2033
    { 6, 11, 128, 1, 12, 17, 357 }, // U+2039
    { 5, 11, 128, 1, 12, 14, 374 }, // U+203A
    { 20, 19, 352, 1, 19, 95, 388 }, // U+2042
    { 12, 17, 96, -3, 17, 51, 483 }, // U+2044
    { 10, 12, 192, 1, 21, 30, 0 }, // U+2070
    { 10, 12, 160, 0, 21, 30, 30 }, // U+2074
    { 9, 12, 160, 0, 21, 27, 60 }, // U+2075
    { 9, 12, 160, 1, 21, 27, 87 }, // U+2076
    { 9, 12, 144, 0, 21, 27, 114 }, // U+2077
    { 9, 12, 176, 1, 21, 27, 141 }, // U+2078
    { 8, 12, 160, 1, 21, 24, 168 }, // U+2079
    { 5, 15, 96, 1, 22, 19, 192 }, // U+207D
    { 4, 15, 96, 1, 22, 15, 211 }, // U+207E
    { 11, 9, 208, 1, 18, 25, 226 }, // U+207F
    { 10, 12, 192, 1, 8, 30, 251 }, // U+2080
    { 6, 12, 128, 1, 8, 18, 281 }, // U+2081
    { 8, 12, 160, 1, 8, 24, 299 }, // U+2082
    { 8, 12, 176, 1, 8, 24, 323 }, // U+2083
    { 10, 12, 160, 0, 8, 30, 347 }, // U+2084
    { 9, 12, 160, 0, 8, 27, 377 }, // U+2085
    { 9, 12, 160, 1, 8, 27, 404 }, // U+2086
    { 9, 12, 144, 0, 8, 27, 431 }, // U+2087
    { 9, 12, 176, 1, 8, 27, 458 }, // U+2088
    { 8, 12, 160, 1, 8, 24, 485 }, // U+2089
    { 5, 15, 96, 1, 9, 19, 509 }, // U+208D
    { 4, 15, 96, 1, 9, 15, 528 }, // U+208E
    { 13, 21, 240, 1, 20, 69, 0 }, // U+20A1
    { 13, 17, 256, 1, 17, 56, 69 }, // U+20A3
    { 12, 17, 224, 1, 17, 51, 125 }, // U+20A4
    { 18, 17, 336, 1, 17, 77, 176 }, // U+20A6
    { 33, 17, 576, 2, 17, 141, 253 }, // U+20A7
    { 27, 17, 432, 0, 17, 115, 394 }, // U+20A9
    { 14, 23, 240, 1, 19, 81, 509 }, // U+20AB
    { 16, 17, 272, 0, 17, 68, 590 }, // U+20AC
    { 17, 17, 304, 1, 17, 73, 658 }, // U+20AD
    { 17, 17, 272, 0, 17, 73, 731 }, // U+20AE
    { 15, 17, 272, 1, 17, 64, 804 }, // U+20B1
    { 17, 22, 288, 1, 20, 94, 868 }, // U+20B2
    { 15, 17, 256, 0, 17, 64, 962 }, // U+20B4
    { 13, 23, 240, 1, 21, 75, 1026 }, // U+20B5
    { 17, 17, 272, 0, 17, 73, 1101 }, // U+20B8
    { 13, 18, 240, 1, 18, 59, 1174 }, // U+20B9
    { 14, 17, 256, 1, 17, 60, 1233 }, // U+20BA
    { 16, 17, 288, 1, 17, 68, 1293 }, // U+20BC
    { 13, 17, 240, 1, 17, 56, 1361 }, // U+20BD
    { 12, 8, 224, 1, 11, 24, 0 }, // U+2190
    { 8, 12, 224, 3, 13, 24, 24 }, // U+2191
    { 12, 8, 224, 1, 11, 24, 48 }, // U+2192
    { 8, 12, 224, 3, 13, 24, 72 }, // U+2193
    { 11, 18, 224, 1, 18, 50, 0 }, // U+2202
    { 17, 19, 304, 1, 17, 81, 50 }, // U+2205
    { 14, 17, 256, 1, 17, 60, 131 }, // U+2206
    { 19, 21, 336, 1, 18, 100, 191 }, // U+220F
    { 13, 21, 256, 1, 18, 69, 291 }, // U+2211
    { 11, 2, 240, 2, 9, 6, 360 }, // U+2212
    { 11, 18, 240, 2, 18, 50, 366 }, // U+2215
    { 4, 4, 128, 2, 11, 4, 416 }, // U+2219
    { 13, 19, 240, 1, 19, 62, 420 }, // U+221A
    { 14, 6, 256, 1, 9, 21, 482 }, // U+221E
    { 11, 22, 160, -1, 17, 61, 503 }, // U+222B
    { 11, 8, 240, 2, 12, 22, 564 }, // U+2248
    { 11, 12, 240, 2, 14, 33, 586 }, // U+2260
    { 10, 13, 240, 2, 13, 33, 619 }, // U+2264
    { 11, 13, 240, 2, 13, 36, 652 }, // U+2265
    { 14, 20, 256, 1, 20, 70, 0 }, // U+FB01
    { 15, 20, 272, 1, 20, 75, 70 }, // U+FB02
};

static const EpdUnicodeInterval literatamono_12_regularIntervals[] = {
    { 0x20, 0x7E, 0x0 },
    { 0xA0, 0x17E, 0x5F },
    { 0x1A0, 0x1A1, 0x13E },
    { 0x1AF, 0x1B0, 0x140 },
    { 0x1C4, 0x1DC, 0x142 },
    { 0x1E6, 0x1E7, 0x15B },
    { 0x1EA, 0x1EB, 0x15D },
    { 0x1FA, 0x21B, 0x15F },
    { 0x300, 0x304, 0x181 },
    { 0x306, 0x30C, 0x186 },
    { 0x30F, 0x30F, 0x18D },
    { 0x311, 0x312, 0x18E },
    { 0x31B, 0x31B, 0x190 },
    { 0x323, 0x324, 0x191 },
    { 0x326, 0x328, 0x193 },
    { 0x32E, 0x32E, 0x196 },
    { 0x331, 0x331, 0x197 },
    { 0x401, 0x44F, 0x198 },
    { 0x451, 0x45F, 0x1E7 },
    { 0x462, 0x463, 0x1F6 },
    { 0x46A, 0x46B, 0x1F8 },
    { 0x490, 0x493, 0x1FA },
    { 0x496, 0x497, 0x1FE },
    { 0x49A, 0x49B, 0x200 },
    { 0x4A2, 0x4A3, 0x202 },
    { 0x4AE, 0x4B1, 0x204 },
    { 0x4BA, 0x4BB, 0x208 },
    { 0x4D8, 0x4D9, 0x20A },
    { 0x4E8, 0x4E9, 0x20C },
    { 0x1EA0, 0x1EF9, 0x20E },
    { 0x2007, 0x200B, 0x268 },
    { 0x2010, 0x2010, 0x26D },
    { 0x2012, 0x2015, 0x26E },
    { 0x2018, 0x201A, 0x272 },
    { 0x201C, 0x201E, 0x275 },
    { 0x2020, 0x2022, 0x278 },
    { 0x2026, 0x2026, 0x27B },
    { 0x2030, 0x2030, 0x27C },
    { 0x2032, 0x2033, 0x27D },
    { 0x2039, 0x203A, 0x27F },
    { 0x2042, 0x2042, 0x281 },
    { 0x2044, 0x2044, 0x282 },
    { 0x2070, 0x2070, 0x283 },
    { 0x2074, 0x2079, 0x284 },
    { 0x207D, 0x2089, 0x28A },
    { 0x208D, 0x208E, 0x297 },
    { 0x20A1, 0x20A1, 0x299 },
    { 0x20A3, 0x20A4, 0x29A },
    { 0x20A6, 0x20A7, 0x29C },
    { 0x20A9, 0x20A9, 0x29E },
    { 0x20AB, 0x20AE, 0x29F },
    { 0x20B1, 0x20B2, 0x2A3 },
    { 0x20B4, 0x20B5, 0x2A5 },
    { 0x20B8, 0x20BA, 0x2A7 },
    { 0x20BC, 0x20BD, 0x2AA },
    { 0x2190, 0x2193, 0x2AC },
    { 0x2202, 0x2202, 0x2B0 },
    { 0x2205, 0x2206, 0x2B1 },
    { 0x220F, 0x220F, 0x2B3 },
    { 0x2211, 0x2212, 0x2B4 },
    { 0x2215, 0x2215, 0x2B6 },
    { 0x2219, 0x221A, 0x2B7 },
    { 0x221E, 0x221E, 0x2B9 },
    { 0x222B, 0x222B, 0x2BA },
    { 0x2248, 0x2248, 0x2BB },
    { 0x2260, 0x2260, 0x2BC },
    { 0x2264, 0x2265, 0x2BD },
    { 0xFB01, 0xFB02, 0x2BF },
};

static const EpdFontGroup literatamono_12_regularGroups[] = {
    { 0, 1525, 5148, 95, 0 },
    { 1525, 1370, 6225, 96, 95 },
    { 2895, 1852, 10203, 127, 191 },
    { 4747, 1309, 6421, 67, 318 },
    { 6056, 101, 178, 23, 385 },
    { 6157, 2073, 8624, 118, 408 },
    { 8230, 1015, 8782, 90, 526 },
    { 9245, 226, 593, 27, 616 },
    { 9471, 176, 669, 22, 643 },
    { 9647, 524, 1589, 19, 665 },
    { 10171, 53, 96, 4, 684 },
    { 10224, 259, 774, 15, 688 },
    { 10483, 59, 160, 2, 703 },
};

static const uint16_t literatamono_12_regularKernLeftCodepoints[] = {
    0x0022, 0x0026, 0x0027, 0x002A, 0x002C, 0x002D, 0x002E, 0x002F, 0x0030, 0x0031, 0x0032, 0x0033,
    0x0034, 0x0035, 0x0037, 0x0038, 0x0039, 0x003A, 0x003B, 0x003D, 0x003F, 0x0040, 0x0041, 0x0042,
    0x0043, 0x0044, 0x0045, 0x0046, 0x0047, 0x0048, 0x0049, 0x004A, 0x004B, 0x004C, 0x004D, 0x004E,
    0x004F, 0x0050, 0x0051, 0x0052, 0x0053, 0x0054, 0x0055, 0x0056, 0x0057, 0x0058, 0x0059, 0x005A,
    0x005B, 0x005C, 0x0061, 0x0062, 0x0063, 0x0064, 0x0065, 0x0066, 0x0067, 0x0068, 0x0069, 0x006A,
    0x006B, 0x006C, 0x006D, 0x006E, 0x006F, 0x0070, 0x0071, 0x0072, 0x0073, 0x0074, 0x0075, 0x0076,
    0x0077, 0x0078, 0x0079, 0x007A, 0x00A1, 0x00AB, 0x00AD, 0x00B5, 0x00B7, 0x00BB, 0x00BF, 0x00C0,
    0x00C1, 0x00C2, 0x00C3, 0x00C4, 0x00C5, 0x00C6, 0x00C7, 0x00C8, 0x00C9, 0x00CA, 0x00CB, 0x00CC,
    0x00CD, 0x00CE, 0x00CF, 0x00D0, 0x00D1, 0x00D2, 0x00D3, 0x00D4, 0x00D5, 0x00D6, 0x00D7, 0x00D8,
    0x00D9, 0x00DA, 0x00DB, 0x00DC, 0x00DD, 0x00DE, 0x00DF, 0x00E0, 0x00E1, 0x00E2, 0x00E3, 0x00E4,
    0x00E5, 0x00E6, 0x00E7, 0x00E8, 0x00E9, 0x00EA, 0x00EB, 0x00EC, 0x00ED, 0x00EE, 0x00EF, 0x00F1,
    0x00F2, 0x00F3, 0x00F4, 0x00F5, 0x00F6, 0x00F8, 0x00F9, 0x00FA, 0x00FB, 0x00FC, 0x00FD, 0x00FE,
    0x00FF, 0x0100, 0x0101, 0x0102, 0x0103, 0x0104, 0x0105, 0x0106, 0x0107, 0x0108, 0x0109, 0x010A,
    0x010B, 0x010C, 0x010D, 0x010E, 0x010F, 0x0110, 0x0111, 0x0112, 0x0113, 0x0114, 0x0115, 0x0116,
    0x0117, 0x0118, 0x0119, 0x011A, 0x011B, 0x011C, 0x011D, 0x011E, 0x011F, 0x0120, 0x0121, 0x0122,
    0x0123, 0x0124, 0x0125, 0x0126, 0x0127, 0x0128, 0x0129, 0x012A, 0x012B, 0x012C, 0x012D, 0x012E,
    0x012F, 0x0130, 0x0131, 0x0134, 0x0135, 0x0136, 0x0137, 0x0138, 0x0139, 0x013A, 0x013B, 0x013C,
    0x013D, 0x013E, 0x013F, 0x0140, 0x0141, 0x0142, 0x0143, 0x0144, 0x0145, 0x0146, 0x0147, 0x0148,
    0x0149, 0x014A, 0x014B, 0x014C, 0x014D, 0x014E, 0x014F, 0x0150, 0x0151, 0x0152, 0x0153, 0x0154,
    0x0155, 0x0156, 0x0157, 0x0158, 0x0159, 0x015A, 0x015B, 0x015C, 0x015D, 0x015E, 0x015F, 0x0160,
    0x0161, 0x0162, 0x0163, 0x0164, 0x0165, 0x0166, 0x0167, 0x0168, 0x0169, 0x016A, 0x016B, 0x016C,
    0x016D, 0x016E, 0x016F, 0x0170, 0x0171, 0x0172, 0x0173, 0x0174, 0x0175, 0x0176, 0x0177, 0x0178,
    0x0179, 0x017A, 0x017B, 0x017C, 0x017D, 0x017E, 0x01A0, 0x01A1, 0x01AF, 0x01B0, 0x01C6, 0x01C7,
    0x01C9, 0x01CA, 0x01CC, 0x01CD, 0x01CE, 0x01CF, 0x01D0, 0x01D1, 0x01D2, 0x01D3, 0x01D4, 0x01D5,
    0x01D6, 0x01D7, 0x01D8, 0x01D9, 0x01DA, 0x01DB, 0x01DC, 0x01E6, 0x01E7, 0x01EA, 0x01EB, 0x01FA,
    0x01FB, 0x01FC, 0x01FD, 0x01FE, 0x01FF, 0x0200, 0x0201, 0x0202, 0x0203, 0x0204, 0x0205, 0x0206,
    0x0207, 0x0208, 0x0209, 0x020A, 0x020B, 0x020C, 0x020D, 0x020E, 0x020F, 0x0210, 0x0211, 0x0212,
    0x0213, 0x0214, 0x0215, 0x0216, 0x0217, 0x0218, 0x0219, 0x021A, 0x021B, 0x0401, 0x0402, 0x0403,
    0x0404, 0x0405, 0x0406, 0x0407, 0x0408, 0x0409, 0x040A, 0x040B, 0x040C, 0x040D, 0x040E, 0x040F,
    0x0410, 0x0411, 0x0412, 0x0413, 0x0414, 0x0415, 0x0416, 0x0417, 0x0418, 0x0419, 0x041A, 0x041B,
    0x041C, 0x041D, 0x041E, 0x041F, 0x0420, 0x0421, 0x0422, 0x0423, 0x0424, 0x0425, 0x0426, 0x0427,
    0x0428, 0x0429, 0x042A, 0x042B, 0x042C, 0x042D, 0x042E, 0x042F, 0x0430, 0x0431, 0x0432, 0x0433,
    0x0434, 0x0435, 0x0436, 0x0437, 0x0438, 0x0439, 0x043A, 0x043B, 0x043C, 0x043D, 0x043E, 0x043F,
    0x0440, 0x0441, 0x0442, 0x0443, 0x0444, 0x0445, 0x0446, 0x0447, 0x0448, 0x0449, 0x044A, 0x044B,
    0x044C, 0x044D, 0x044E, 0x044F, 0x0451, 0x0452, 0x0453, 0x0454, 0x0455, 0x0456, 0x0457, 0x0458,
    0x0459, 0x045A, 0x045B, 0x045C, 0x045D, 0x045E, 0x045F, 0x0462, 0x0463, 0x046A, 0x046B, 0x0490,
    0x0491, 0x0492, 0x0493, 0x0496, 0x0497, 0x049A, 0x049B, 0x04A2, 0x04A3, 0x04AE, 0x04AF, 0x04B0,
    0x04B1, 0x04BA, 0x04BB, 0x04D8, 0x04D9, 0x04E8, 0x04E9, 0x1EA0, 0x1EA1, 0x1EA2, 0x1EA3, 0x1EA4,
    0x1EA5, 0x1EA6, 0x1EA7, 0x1EA8, 0x1EA9, 0x1EAA, 0x1EAB, 0x1EAC, 0x1EAD, 0x1EAE, 0x1EAF, 0x1EB0,
    0x1EB1, 0x1EB2, 0x1EB3, 0x1EB4, 0x1EB5, 0x1EB6, 0x1EB7, 0x1EB8, 0x1EB9, 0x1EBA, 0x1EBB, 0x1EBC,
    0x1EBD, 0x1EBE, 0x1EBF, 0x1EC0, 0x1EC1, 0x1EC2, 0x1EC3, 0x1EC4, 0x1EC5, 0x1EC6, 0x1EC7, 0x1EC8,
    0x1EC9, 0x1ECA, 0x1ECB, 0x1ECC, 0x1ECD, 0x1ECE, 0x1ECF, 0x1ED0, 0x1ED1, 0x1ED2, 0x1ED3, 0x1ED4,
    0x1ED5, 0x1ED6, 0x1ED7, 0x1ED8, 0x1ED9, 0x1EDA, 0x1EDB, 0x1EDC, 0x1EDD, 0x1EDE, 0x1EDF, 0x1EE0,
    0x1EE1, 0x1EE2, 0x1EE3, 0x1EE4, 0x1EE5, 0x1EE6, 0x1EE7, 0x1EE8, 0x1EE9, 0x1EEA, 0x1EEB, 0x1EEC,
    0x1EED, 0x1EEE, 0x1EEF, 0x1EF0, 0x1EF1, 0x1EF2, 0x1EF3, 0x1EF4, 0x1EF5, 0x1EF6, 0x1EF7, 0x1EF8,
    0x1EF9, 0x2010, 0x2012, 0x2013, 0x2014, 0x2015, 0x2018, 0x2019, 0x201A, 0x201C, 0x201D, 0x201E,
    0x2026, 0x2039, 0x203A, 0x2206, 0x2212, 0xFB01, 0xFB02,
};

static const uint8_t literatamono_12_regularKernLeftClassIds[] = {
      1,   2,   1,   3,   4,   5,   4,   6,   7,   8,   9,  10,  11,  12,  13,  14,
     14,  15,  15,  16,  17,  18,  19,  20,  21,  22,  23,  24,  25,  26,  26,  27,
     28,  29,  30,  31,  32,  33,  34,  35,  36,  37,  38,  39,  40,  41,  42,  43,
     44,  45,  46,  47,  48,  49,  50,  51,  52,  53,  54,  55,  56,  49,  53,  53,
     57,  57,  58,  59,  60,  61,  54,  62,  63,  64,  62,  65,  66,  67,   5,  68,
     69,  70,  71,  19,  19,  19,  19,  19,  19,  23,  21,  23,  23,  23,  23,  26,
     26,  26,  26,  72,  31,  32,  32,  32,  32,  32,  73,  32,  74,  74,  74,  74,
     75,  76,  77,  78,  79,  79,  79,  79,  79,  57,  48,  80,  80,  80,  80,  54,
     54,  54,  81,  53,  57,  57,  57,  57,  57,  57,  54,  54,  54,  54,  62,  57,
     62,  19,  79,  19,  79,  19,  79,  21,  48,  21,  48,  21,  48,  21,  48,  82,
     83,  82,  49,  23,  80,  23,  80,  23,  80,  23,  80,  23,  80,  25,  52,  25,
     52,  25,  52,  25,  52,  26,  53,  26,  53,  26,  54,  26,  54,  26,  54,  26,
     54,  26,  54,  27,  55,  28,  56,  56,  29,  49,  29,  49,  84,  85,  29,  49,
     29,  86,  31,  53,  31,  53,  31,  53,  53,  27,  55,  32,  57,  32,  57,  32,
     57,  23,  57,  35,  59,  35,  59,  35,  59,  36,  60,  36,  60,  36,  60,  36,
     60,  87,  61,  37,  88,  37,  61,  74,  54,  74,  54,  74,  54,  74,  54,  74,
     54,  74,  54,  89,  63,  75,  62,  75,  43,  65,  43,  65,  43,  65,  90,  91,
     92,  93,  53,  27,  55,  27,  55,  19,  53,  26,  54,  32,  57,  74,  54,  74,
     54,  74,  54,  74,  54,  74,  54,  25,  52,  32,  57,  19,  53,  23,  57,  32,
     57,  19,  53,  19,  53,  23,  57,  23,  57,  26,  54,  26,  54,  32,  57,  32,
     57,  35,  59,  35,  59,  74,  54,  74,  54,  36,  60,  87,  61,  94,  95,  96,
     97,  98,  99,  99, 100, 101, 101, 102, 103,  99, 104,  99, 105, 106, 107, 108,
    109,  94, 110, 111,  99,  99, 112,  99, 113,  99, 114,  99, 115, 116, 117, 104,
    118, 119, 120,  99,  99, 120, 101,  99, 101, 121, 121,  99, 122, 123, 124, 125,
    126, 127, 128, 129, 130, 130, 128, 130, 130, 130, 131, 130, 131, 132, 133, 134,
    131, 135, 136, 130, 130, 136, 137, 130, 137, 131, 131, 130, 127, 138, 125, 139,
    140, 130, 141, 142, 137, 137, 138, 128, 130, 134, 130, 143, 137, 144, 145, 146,
    147, 108, 125, 112, 148, 149, 128, 120, 136, 150, 151, 104, 151, 152, 138, 121,
    131, 121, 131,  19,  53,  19,  53,  19,  53,  19,  53,  19,  53,  19,  53,  19,
     53,  19,  53,  19,  53,  19,  53,  19,  53,  19,  53,  23,  57,  23,  57,  23,
     57,  23,  57,  23,  57,  23,  57,  23,  57,  23,  57,  26,  54,  26,  54,  32,
     57,  32,  57,  32,  57,  32,  57,  32,  57,  32,  57,  32,  57, 153, 154, 153,
    154, 153, 154, 153, 154, 153, 154,  74,  54,  74,  54, 155,  93, 155,  93, 155,
     93, 155,  93, 155,  93,  75,  62, 156,  62, 156,  62, 156,  62,   5,   5,   5,
      5,   5, 157, 158, 159, 157, 158, 159,   4,  67,  70, 160, 161, 162,  49,
};

static const uint16_t literatamono_12_regularKernRightCodepoints[] = {
    0x0021, 0x0022, 0x0025, 0x0026, 0x0027, 0x0029, 0x002A, 0x002B, 0x002C, 0x002D, 0x002E, 0x002F,
    0x0031, 0x0032, 0x0033, 0x0034, 0x0035, 0x0036, 0x0037, 0x003A, 0x003B, 0x003D, 0x003F, 0x0040,
    0x0041, 0x0043, 0x0047, 0x004A, 0x004D, 0x004F, 0x0051, 0x0053, 0x0054, 0x0055, 0x0056, 0x0057,
    0x0058, 0x0059, 0x005A, 0x005C, 0x005D, 0x0061, 0x0062, 0x0063, 0x0064, 0x0065, 0x0066, 0x0067,
    0x0068, 0x0069, 0x006A, 0x006B, 0x006C, 0x006D, 0x006E, 0x006F, 0x0070, 0x0071, 0x0072, 0x0073,
    0x0074, 0x0075, 0x0076, 0x0077, 0x0078, 0x0079, 0x007A, 0x00AB, 0x00AD, 0x00B0, 0x00B2, 0x00B3,
    0x00B7, 0x00B9, 0x00BB, 0x00BF, 0x00C0, 0x00C1, 0x00C2, 0x00C3, 0x00C4, 0x00C5, 0x00C6, 0x00C7,
    0x00D2, 0x00D3, 0x00D4, 0x00D5, 0x00D6, 0x00D7, 0x00D8, 0x00D9, 0x00DA, 0x00DB, 0x00DC, 0x00DD,
    0x00E0, 0x00E1, 0x00E2, 0x00E3, 0x00E4, 0x00E5, 0x00E6, 0x00E7, 0x00E8, 0x00E9, 0x00EA, 0x00EB,
    0x00EC, 0x00ED, 0x00EE, 0x00EF, 0x00F0, 0x00F1, 0x00F2, 0x00F3, 0x00F4, 0x00F5, 0x00F6, 0x00F8,
    0x00F9, 0x00FA, 0x00FB, 0x00FC, 0x00FD, 0x00FE, 0x00FF, 0x0100, 0x0101, 0x0102, 0x0103, 0x0104,
    0x0105, 0x0106, 0x0107, 0x0108, 0x0109, 0x010A, 0x010B, 0x010C, 0x010D, 0x010F, 0x0111, 0x0113,
    0x0115, 0x0117, 0x0119, 0x011B, 0x011C, 0x011D, 0x011E, 0x011F, 0x0120, 0x0121, 0x0122, 0x0123,
    0x0125, 0x0127, 0x0129, 0x012B, 0x012D, 0x012F, 0x0131, 0x0134, 0x0135, 0x0137, 0x0138, 0x013A,
    0x013C, 0x013E, 0x0140, 0x0142, 0x0144, 0x0146, 0x0148, 0x0149, 0x014B, 0x014C, 0x014D, 0x014E,
    0x014F, 0x0150, 0x0151, 0x0152, 0x0153, 0x0155, 0x0157, 0x0159, 0x015A, 0x015B, 0x015C, 0x015D,
    0x015E, 0x015F, 0x0160, 0x0161, 0x0162, 0x0163, 0x0164, 0x0165, 0x0166, 0x0167, 0x0168, 0x0169,
    0x016A, 0x016B, 0x016C, 0x016D, 0x016E, 0x016F, 0x0170, 0x0171, 0x0172, 0x0173, 0x0174, 0x0175,
    0x0176, 0x0177, 0x0178, 0x0179, 0x017A, 0x017B, 0x017C, 0x017D, 0x017E, 0x01A0, 0x01A1, 0x01AF,
    0x01B0, 0x01C6, 0x01C9, 0x01CC, 0x01CD, 0x01CE, 0x01D0, 0x01D1, 0x01D2, 0x01D3, 0x01D4, 0x01D5,
    0x01D6, 0x01D7, 0x01D8, 0x01D9, 0x01DA, 0x01DB, 0x01DC, 0x01E6, 0x01E7, 0x01EA, 0x01EB, 0x01FA,
    0x01FB, 0x01FC, 0x01FD, 0x01FE, 0x01FF, 0x0200, 0x0201, 0x0202, 0x0203, 0x0205, 0x0207, 0x0209,
    0x020B, 0x020C, 0x020D, 0x020E, 0x020F, 0x0211, 0x0213, 0x0214, 0x0215, 0x0216, 0x0217, 0x0218,
    0x0219, 0x021A, 0x021B, 0x0401, 0x0402, 0x0403, 0x0404, 0x0405, 0x0406, 0x0407, 0x0408, 0x0409,
    0x040A, 0x040B, 0x040C, 0x040D, 0x040E, 0x040F, 0x0410, 0x0411, 0x0412, 0x0413, 0x0414, 0x0415,
    0x0416, 0x0417, 0x0418, 0x0419, 0x041A, 0x041B, 0x041C, 0x041D, 0x041E, 0x041F, 0x0420, 0x0421,
    0x0422, 0x0423, 0x0424, 0x0425, 0x0426, 0x0427, 0x0428, 0x0429, 0x042A, 0x042B, 0x042C, 0x042D,
    0x042E, 0x042F, 0x0430, 0x0431, 0x0432, 0x0433, 0x0434, 0x0435, 0x0436, 0x0437, 0x0438, 0x0439,
    0x043A, 0x043B, 0x043C, 0x043D, 0x043E, 0x043F, 0x0440, 0x0441, 0x0442, 0x0443, 0x0444, 0x0445,
    0x0446, 0x0447, 0x0448, 0x0449, 0x044A, 0x044B, 0x044C, 0x044D, 0x044E, 0x044F, 0x0451, 0x0452,
    0x0453, 0x0454, 0x0455, 0x0456, 0x0457, 0x0458, 0x0459, 0x045A, 0x045B, 0x045C, 0x045D, 0x045E,
    0x045F, 0x0462, 0x0463, 0x046A, 0x046B, 0x0490, 0x0491, 0x0492, 0x0493, 0x0496, 0x0497, 0x049A,
    0x049B, 0x04A2, 0x04A3, 0x04AE, 0x04AF, 0x04B0, 0x04B1, 0x04BA, 0x04BB, 0x04D8, 0x04D9, 0x04E8,
    0x04E9, 0x1EA0, 0x1EA1, 0x1EA2, 0x1EA3, 0x1EA4, 0x1EA5, 0x1EA6, 0x1EA7, 0x1EA8, 0x1EA9, 0x1EAA,
    0x1EAB, 0x1EAC, 0x1EAD, 0x1EAE, 0x1EAF, 0x1EB0, 0x1EB1, 0x1EB2, 0x1EB3, 0x1EB4, 0x1EB5, 0x1EB6,
    0x1EB7, 0x1EB9, 0x1EBB, 0x1EBD, 0x1EBF, 0x1EC1, 0x1EC3, 0x1EC5, 0x1EC7, 0x1EC9, 0x1ECB, 0x1ECC,
    0x1ECD, 0x1ECE, 0x1ECF, 0x1ED0, 0x1ED1, 0x1ED2, 0x1ED3, 0x1ED4, 0x1ED5, 0x1ED6, 0x1ED7, 0x1ED8,
    0x1ED9, 0x1EDA, 0x1EDB, 0x1EDC, 0x1EDD, 0x1EDE, 0x1EDF, 0x1EE0, 0x1EE1, 0x1EE2, 0x1EE3, 0x1EE4,
    0x1EE5, 0x1EE6, 0x1EE7, 0x1EE8, 0x1EE9, 0x1EEA, 0x1EEB, 0x1EEC, 0x1EED, 0x1EEE, 0x1EEF, 0x1EF0,
    0x1EF1, 0x1EF2, 0x1EF3, 0x1EF4, 0x1EF5, 0x1EF6, 0x1EF7, 0x1EF8, 0x1EF9, 0x2010, 0x2012, 0x2013,
    0x2014, 0x2015, 0x2018, 0x2019, 0x201A, 0x201C, 0x201D, 0x201E, 0x2022, 0x2026, 0x2030, 0x2039,
    0x203A, 0x2070, 0x2074, 0x2075, 0x2076, 0x2077, 0x2078, 0x2079, 0x2206, 0x2212, 0xFB01, 0xFB02,
};

static const uint8_t literatamono_12_regularKernRightClassIds[] = {
      1,   2,   3,   4,   2,   5,   6,   7,   8,   9,  10,  11,  12,  13,  14,  15,
     16,  17,  18,  19,  20,  21,  22,  23,  24,  25,  25,  26,  27,  28,  25,  29,
     30,  31,  32,  33,  34,  35,  36,  37,  38,  39,  40,  41,  42,  41,  43,  44,
     45,  46,  47,  45,  45,  48,  49,  50,  51,  41,  49,  52,  53,  54,  55,  56,
     57,  58,  59,  60,  61,  62,  63,  63,  64,  63,  65,  66,  24,  67,  24,  24,
     24,  24,  68,  25,  25,  25,  25,  25,  25,  69,  25,  70,  70,  70,  70,  71,
     72,  72,  73,  74,  75,  76,  72,  77,  77,  77,  78,  79,  80,  46,  81,  82,
     83,  84,  77,  77,  77,  85,  86,  77,  87,  87,  87,  87,  88,  89,  88,  24,
     90,  24,  91,  24,  76,  25,  77,  25,  77,  25,  77,  25,  77,  77,  77,  77,
     92,  77,  77,  77,  25,  93,  25,  94,  25,  93,  25,  93,  45,  45,  95,  96,
     97,  46,  98,  26,  99,  45,  84,  45,  45,  45,  45, 100,  84,  84,  84, 101,
     84,  25,  77,  25,  77,  25,  77,  25,  77, 102, 101, 102,  29, 103,  29, 104,
     29, 103,  29, 105, 106,  53, 107,  53, 107,  53,  70,  87,  70,  87,  70,  87,
     70,  87,  70,  87,  70,  87, 108, 109,  71,  88,  71,  36, 110,  36, 110,  36,
    111,  25, 112,  70,  87,  77,  45,  98, 113,  76, 114,  25,  77,  70,  87,  70,
     87,  70,  87,  70,  87,  70,  87,  25,  93,  25,  77,  24, 115,  24, 115,  25,
    112, 113, 116, 113,  76, 117,  77, 118, 119,  25, 120,  25,  77, 121,  98,  70,
     87,  70,  87,  29, 103, 106,  53, 122, 123, 122, 124, 125, 122, 122, 126, 127,
    122, 128, 122, 122, 129, 122, 130, 122, 122, 122, 131, 122, 132, 133, 122, 122,
    122, 127, 134, 122, 135, 122, 122, 135, 136, 129, 137, 138, 122, 139, 122, 122,
    140, 122, 122, 141, 122, 142, 143, 144, 145, 145, 146, 147, 148, 149, 150, 145,
    150, 151, 152, 150, 153, 150, 154, 155, 156, 157, 155, 158, 150, 159, 150, 150,
    160, 145, 150, 161, 162, 163, 164, 165, 145, 166, 167, 168, 169, 170, 151, 145,
    165, 145, 145, 157, 145, 171, 172, 173, 174, 122, 145, 122, 145, 132, 148, 122,
    145, 122, 145, 175, 176, 177, 176, 122, 165, 135, 153, 135, 153, 113,  76, 113,
     76, 113,  76, 113,  76, 113,  76, 113,  76, 113,  76, 113,  76, 113,  76, 113,
     76, 113,  76, 113,  76,  77,  77,  77,  77,  77,  77,  77,  77,  46,  46,  25,
     77,  25,  77,  25,  77,  25,  77,  25,  77,  25,  77,  25,  77,  25,  77,  25,
     77,  25,  77,  25,  77,  25,  77,  70,  87,  70,  87,  70,  87,  70,  87,  70,
     87,  70,  87,  70,  87,  71,  88, 178, 179, 178, 179, 178, 179,  61,  61,  61,
     61,  61, 180, 181, 182, 183, 184, 182,   7, 185,   3, 186, 187,  63, 188,  63,
     63,  63,  63,  63, 189, 190,  43,  43,
};

static const uint16_t literatamono_12_regularKernRowOffsets[] = {
        0,    44,    58,    77,   147,   188,   296,   298,   307,   308,   317,   324,   326,   341,   343,   347,
      348,   350,   372,   429,   452,   497,   530,   556,   644,   666,   690,   766,   826,   866,   951,  1034,
     1072,  1084,  1122,  1202,  1237,  1323,  1401,  1488,  1575,  1607,  1693,  1710,  1717,  1757,  1805,  1848,
     1867,  1902,  1944,  1984,  2016,  2064,  2091,  2117,  2158,  2201,  2247,  2270,  2286,  2337,  2382,  2426,
     2444,  2446,  2461,  2479,  2490,  2505,  2529,  2567,  2605,  2611,  2689,  2777,  2795,  2807,  2855,  2903,
     2946,  2973,  3006,  3079,  3119,  3192,  3227,  3313,  3372,  3459,  3538,  3579,  3669,  3698,  3704,  3720,
     3785,  3787,  3789,  3790,  3799,  3812,  3820,  3854,  3904,  3949,  3978,  4006,  4071,  4097,  4131,  4141,
     4175,  4199,  4241,  4275,  4319,  4372,  4397,  4426,  4433,  4475,  4487,  4497,  4504,  4524,  4527,  4531,
     4546,  4553,  4555,  4574,  4585,  4598,  4628,  4638,  4644,  4654,  4661,  4672,  4673,  4675,  4676,  4689,
     4723,  4738,  4803,  4823,  4838,  4872,  4922,  4932,  4944,  5023,  5064,  5154,  5242,  5335,  5403,  5441,
     5451,  5453,  5472,
};

static const uint8_t literatamono_12_regularKernSparseCols[] = {
      7,   9,  23,  24,  25,  26,  27,  38,  40,  41,  42,  43,  49,  51,  52,  66,
     67,  71,  72,  73,  74,  75,  76,  77,  78,  82,  84,  85,  89,  90,  91,  92,
     93, 102, 103, 104, 111, 112, 114, 115, 116, 119, 184, 188,  26,  29,  30,  31,
     32,  34,  53,  69,  70,  86, 105, 106, 107, 177,  23,  25,  40,  41,  49,  66,
     67,  76,  77,  78,  82,  84,  85,  91, 111, 112, 116, 119, 188,   1,  14,  17,
     21,  24,  27,  29,  30,  31,  32,  34,  40,  41,  49,  52,  53,  54,  55,  57,
     62,  69,  70,  76,  77,  78,  82,  84,  85,  86,  87,  91, 105, 106, 107, 108,
    111, 116, 119, 122, 123, 127, 128, 134, 135, 136, 138, 139, 143, 146, 148, 152,
    154, 155, 156, 158, 159, 160, 163, 165, 170, 174, 175, 176, 177, 178, 179, 180,
    182, 183, 187,  12,  13,  17,  23,  25,  28,  29,  31,  32,  33,  34,  35,  54,
     55,  57,  66,  67,  70,  87, 105, 106, 107, 108, 112, 122, 126, 127, 128, 129,
    133, 135, 137, 139, 141, 150, 170, 174, 176, 177, 178, 188,   7,   9,  10,  13,
     14,  22,  23,  24,  25,  27,  28,  38,  40,  41,  43,  45,  49,  51,  52,  53,
     54,  55,  56,  57,  58,  66,  67,  71,  72,  73,  74,  75,  76,  77,  78,  79,
     80,  81,  82,  84,  85,  86,  87,  89,  90,  91,  92,  93,  94,  95,  96, 102,
    103, 104, 108, 109, 110, 111, 112, 113, 114, 115, 116, 117, 118, 119, 123, 124,
    125, 126, 129, 130, 131, 133, 134, 136, 141, 142, 143, 144, 145, 146, 147, 148,
    149, 150, 151, 152, 153, 154, 155, 156, 157, 158, 159, 160, 161, 162, 163, 165,
    166, 167, 168, 172, 173, 178, 184, 188,  12,  13,   1,   2,  14,  17,  36, 179,
    180, 182, 183,  17,  10,  12,  13,  14,  15,  17,  36, 180, 183,   2,  17,  61,
    179, 180, 182, 183,  12,  17,   2,   7,   8,   9,  10,  13,  14,  15,  18,  19,
     20,  60,  68, 184, 189,  12,  17,  12,  13,  14,  17,  17,  59, 185,  10,  29,
     30,  31,  32,  34,  35,  36,  53,  54,  55,  57,  69,  70,  86,  87, 105, 106,
    107, 108, 177, 178,   1,   5,   8,  21,  24,  27,  29,  30,  31,  32,  34,  36,
     39,  40,  41,  47,  48,  49,  50,  52,  53,  54,  55,  57,  59,  60,  63,  69,
     70,  76,  77,  78,  82,  83,  84,  85,  86,  87,  91,  97, 100, 101, 105, 106,
    107, 108, 111, 116, 119, 120, 177, 178, 179, 180, 182, 183, 185,  23,  25,  29,
     30,  31,  32,  34,  35,  52,  54,  55,  57,  66,  69,  70,  87, 105, 106, 107,
    108, 112, 177, 178,  23,  24,  27,  28,  29,  31,  32,  34,  35,  38,  39,  42,
     44,  51,  52,  53,  54,  55,  57,  66,  67,  70,  71,  72,  73,  74,  75,  86,
     87,  88,  89,  90,  99, 102, 103, 104, 105, 106, 107, 108, 112, 114, 115, 177,
    178,   1,   7,   9,  10,  23,  25,  26,  29,  31,  32,  33,  34,  35,  36,  42,
     54,  56,  57,  66,  67,  70,  87, 105, 106, 107, 112, 177, 178, 179, 180, 182,
    183, 184,  29,  30,  31,  34,  39,  44,  52,  53,  54,  55,  57,  69,  70,  86,
     87,  88,  99, 105, 106, 108, 177, 178, 179, 180, 182, 183,   3,   7,   8,   9,
     10,  22,  23,  24,  25,  26,  27,  28,  30,  35,  38,  40,  41,  43,  44,  45,
     46,  47,  48,  49,  50,  51,  52,  53,  54,  55,  56,  57,  58,  59,  60,  66,
     67,  69,  71,  72,  73,  74,  75,  76,  77,  78,  79,  80,  81,  82,  83,  84,
     85,  86,  87,  88,  89,  90,  91,  92,  93,  94,  95,  96,  97,  98,  99, 100,
    101, 102, 103, 104, 108, 109, 110, 111, 112, 113, 114, 115, 116, 117, 118, 119,
    120, 178, 184, 185,   1,   5,  21,  25,  29,  31,  32,  33,  34,  35,  54,  57,
     67,  70,  87, 105, 106, 107, 177, 178, 180, 183,  40,  41,  46,  49,  52,  53,
     54,  55,  57,  76,  77,  78,  82,  84,  85,  86,  87,  91,  98, 108, 111, 116,
    119, 178,   3,   7,   9,  10,  23,  25,  28,  38,  40,  41,  42,  43,  45,  47,
     48,  49,  50,  51,  52,  53,  54,  55,  56,  57,  58,  59,  63,  66,  67,  71,
     72,  73,  74,  75,  76,  77,  78,  79,  80,  81,  82,  83,  84,  85,  86,  87,
     89,  90,  91,  92,  93,  94,  95,  96,  97, 100, 101, 102, 103, 104, 108, 109,
    110, 111, 112, 113, 114, 115, 116, 117, 118, 119, 120, 178, 184, 185,   8,  21,
     24,  27,  29,  30,  31,  32,  34,  38,  39,  40,  41,  49,  50,  52,  53,  54,
     55,  57,  59,  60,  63,  69,  70,  71,  72,  73,  74,  75,  76,  77,  78,  80,
     81,  82,  84,  85,  86,  87,  89,  90,  91,  95, 105, 106, 107, 108, 111, 114,
    115, 116, 119, 177, 178, 179, 180, 182, 183, 185,   1,   5,  21,  24,  25,  26,
     27,  28,  29,  30,  31,  32,  34,  35,  36,  39,  44,  50,  52,  53,  54,  55,
     57,  63,  69,  70,  86,  87,  88,  99, 105, 106, 107, 108, 177, 178, 179, 180,
    182, 183,   1,  21,  24,  27,  29,  30,  31,  32,  34,  35,  38,  39,  40,  41,
     42,  43,  44,  45,  46,  47,  48,  49,  50,  51,  52,  53,  54,  55,  57,  58,
     69,  70,  71,  72,  73,  74,  75,  76,  77,  78,  79,  80,  81,  82,  83,  84,
     85,  86,  87,  88,  89,  90,  91,  92,  93,  94,  95,  96,  97,  98,  99, 100,
    101, 102, 103, 104, 105, 106, 107, 108, 109, 110, 111, 113, 114, 115, 116, 117,
    118, 119, 120, 177, 178, 179, 182,   3,   7,   9,  10,  21,  22,  23,  24,  25,
     26,  27,  35,  38,  40,  41,  42,  43,  44,  45,  46,  47,  48,  49,  50,  51,
     52,  53,  54,  55,  56,  57,  58,  66,  67,  71,  72,  73,  74,  75,  76,  77,
     78,  79,  80,  81,  82,  83,  84,  85,  86,  87,  88,  89,  90,  91,  92,  93,
     94,  95,  96,  97,  98,  99, 100, 101, 102, 103, 104, 108, 109, 110, 111, 112,
    113, 114, 115, 116, 117, 118, 119, 120, 178, 184,   1,   4,   7,   9,  10,  21,
     23,  25,  26,  29,  31,  32,  33,  34,  35,  36,  37,  44,  54,  57,  66,  67,
     70,  87,  88,  99, 105, 106, 107, 112, 177, 178, 179, 180, 181, 182, 183, 184,
      7,   9,  10,  23,  25,  34,  66,  67,  70, 112, 177, 184,   1,   4,   7,   9,
     10,  21,  23,  25,  26,  29,  31,  32,  33,  34,  35,  36,  37,  44,  54,  57,
     66,  67,  70,  87,  88,  99, 105, 106, 107, 112, 177, 178, 179, 180, 181, 182,
    183, 184,   1,   5,   8,  21,  24,  27,  28,  29,  30,  31,  32,  34,  36,  38,
     39,  40,  41,  44,  46,  47,  48,  49,  50,  51,  52,  53,  54,  55,  57,  58,
     59,  60,  63,  69,  70,  71,  72,  73,  74,  75,  76,  77,  78,  82,  83,  84,
     85,  86,  87,  88,  89,  90,  91,  97,  98,  99, 100, 101, 102, 103, 104, 105,
    106, 107, 108, 109, 110, 111, 114, 115, 116, 119, 120, 177, 178, 179, 180, 182,
    183, 185,  23,  25,  26,  29,  31,  34,  38,  39,  42,  52,  53,  54,  55,  56,
     57,  66,  67,  70,  71,  72,  73,  74,  75,  86,  87,  89,  90, 105, 106, 108,
    112, 114, 115, 177, 178,   3,   7,   8,   9,  10,  18,  19,  22,  23,  24,  25,
     26,  27,  28,  35,  38,  40,  41,  42,  43,  44,  45,  47,  48,  49,  50,  51,
     52,  53,  54,  57,  58,  59,  60,  63,  66,  67,  71,  72,  73,  74,  75,  76,
     77,  78,  79,  80,  81,  82,  83,  84,  85,  86,  87,  88,  89,  90,  91,  92,
     93,  94,  95,  96,  97,  98,  99, 100, 101, 102, 103, 104, 109, 110, 111, 112,
    113, 114, 115, 116, 117, 118, 119, 120, 178, 184, 185,   3,   7,   9,  10,  22,
     23,  25,  26,  28,  35,  38,  40,  41,  42,  43,  45,  46,  47,  48,  49,  50,
     51,  52,  53,  54,  55,  56,  57,  58,  66,  67,  71,  72,  73,  74,  75,  76,
     77,  78,  79,  80,  81,  82,  83,  84,  85,  86,  87,  89,  90,  91,  92,  93,
     94,  95,  96,  97,  98, 100, 101, 102, 103, 104, 108, 109, 110, 111, 112, 113,
    114, 115, 116, 117, 118, 119, 120, 178, 184,   3,   7,   8,   9,  10,  18,  19,
     22,  23,  24,  25,  26,  27,  28,  35,  38,  40,  41,  42,  43,  45,  46,  47,
     48,  49,  50,  51,  52,  53,  54,  55,  56,  57,  58,  59,  60,  63,  64,  66,
     67,  71,  72,  73,  74,  75,  76,  77,  78,  79,  80,  81,  82,  83,  84,  85,
     86,  87,  89,  90,  91,  92,  93,  94,  95,  96,  97, 100, 101, 102, 103, 104,
    108, 109, 110, 111, 112, 113, 114, 115, 116, 118, 119, 120, 178, 184, 185, 186,
      3,   7,   8,   9,  10,  18,  19,  22,  23,  24,  25,  26,  27,  28,  38,  40,
     41,  42,  43,  45,  47,  48,  49,  50,  51,  52,  53,  54,  55,  56,  57,  58,
     59,  60,  63,  64,  66,  67,  71,  72,  73,  74,  75,  76,  77,  78,  79,  80,
     81,  82,  83,  84,  85,  86,  87,  89,  90,  91,  92,  93,  94,  95,  96,  97,
     98, 100, 101, 102, 103, 104, 108, 109, 110, 111, 112, 113, 114, 115, 116, 117,
    118, 119, 120, 178, 184, 185, 186,   8,  24,  27,  29,  40,  41,  49,  52,  53,
     54,  55,  57,  59,  60,  63,  76,  77,  78,  82,  84,  85,  86,  87,  91, 105,
    106, 108, 111, 116, 119, 178, 185,   3,   7,   8,   9,  10,  18,  19,  22,  23,
     24,  25,  26,  27,  28,  38,  40,  41,  42,  43,  45,  46,  47,  48,  49,  50,
     51,  52,  53,  54,  55,  56,  57,  58,  59,  60,  63,  64,  66,  67,  71,  72,
     73,  74,  75,  76,  77,  78,  79,  81,  82,  83,  84,  85,  86,  87,  89,  90,
     91,  92,  93,  94,  96,  97,  98, 100, 101, 102, 103, 104, 108, 109, 110, 111,
    112, 113, 114, 115, 116, 117, 118, 119, 120, 178, 184, 185, 186,  25,  26,  28,
     29,  30,  52,  53,  54,  55,  57,  69,  86,  87, 105, 106, 108, 178,  43,  54,
     57,  87,  92,  93, 178,  17,  24,  27,  29,  30,  31,  32,  34,  36,  53,  54,
     55,  57,  69,  70,  86,  87, 105, 106, 107, 108, 122, 123, 127, 128, 134, 135,
    136, 138, 139, 143, 155, 158, 159, 170, 174, 175, 176, 177, 178,   1,   5,  21,
     29,  36,  39,  40,  41,  46,  47,  48,  49,  50,  51,  52,  53,  54,  55,  57,
     76,  77,  78,  82,  83,  84,  85,  86,  87,  91,  97,  98, 100, 101, 102, 103,
    104, 105, 106, 108, 111, 116, 119, 120, 178, 179, 180, 182, 183,   1,   5,   7,
      9,  21,  29,  36,  39,  44,  47,  48,  50,  51,  52,  53,  54,  55,  56,  57,
     58,  83,  86,  87,  88,  97,  99, 100, 101, 102, 103, 104, 105, 106, 108, 109,
    110, 120, 178, 179, 180, 182, 183, 184,  36,  40,  41,  44,  49,  76,  77,  78,
     82,  84,  85,  88,  91,  99, 111, 116, 119, 180, 183,  21,  40,  41,  46,  47,
     48,  49,  50,  52,  53,  54,  55,  57,  76,  77,  78,  82,  83,  84,  85,  86,
     87,  91,  97,  98, 100, 101, 108, 111, 116, 119, 120, 178, 180, 183,   1,   5,
      7,   9,  21,  29,  36,  39,  44,  47,  48,  50,  51,  52,  53,  54,  55,  57,
     58,  83,  86,  87,  88,  97,  99, 100, 101, 102, 103, 104, 105, 106, 108, 109,
    110, 120, 178, 179, 180, 182, 183, 184,   0,   1,   4,   5,  21,  36,  37,  38,
     40,  41,  49,  51,  59,  71,  72,  73,  74,  75,  76,  77,  78,  82,  84,  85,
     89,  90,  91, 102, 103, 104, 111, 114, 115, 116, 119, 179, 180, 182, 183, 185,
     36,  38,  39,  40,  41,  44,  49,  51,  71,  72,  73,  74,  75,  76,  77,  78,
     82,  84,  85,  88,  89,  90,  91,  99, 102, 103, 104, 111, 114, 115, 116, 119,
      1,   5,  21,  29,  36,  39,  40,  41,  46,  47,  48,  49,  50,  51,  52,  53,
     54,  55,  57,  76,  77,  78,  82,  83,  84,  85,  86,  87,  91,  97,  98, 100,
    101, 102, 103, 104, 105, 106, 108, 111, 116, 119, 120, 178, 179, 180, 182, 183,
      1,   5,  21,  29,  30,  31,  32,  34,  36,  39,  52,  54,  55,  57,  69,  70,
     87, 105, 106, 107, 108, 177, 178, 179, 180, 182, 183,  21,  38,  39,  44,  52,
     53,  54,  55,  57,  71,  72,  73,  74,  75,  86,  87,  88,  89,  90,  99, 108,
    114, 115, 178, 180, 183,   1,   5,   8,  36,  40,  41,  47,  48,  49,  50,  52,
     53,  54,  55,  57,  59,  60,  76,  77,  78,  82,  83,  84,  85,  86,  87,  91,
     97, 100, 101, 108, 111, 116, 119, 120, 178, 179, 180, 182, 183, 185,   1,   5,
      7,   9,  21,  29,  36,  39,  44,  47,  48,  50,  51,  52,  53,  54,  55,  56,
     57,  58,  83,  86,  87,  88,  97,  99, 100, 101, 102, 103, 104, 105, 106, 108,
    109, 110, 120, 178, 179, 180, 182, 183, 184,   1,   5,  21,  36,  38,  39,  40,
     41,  44,  49,  51,  52,  53,  54,  55,  57,  71,  72,  73,  74,  75,  76,  77,
     78,  82,  84,  85,  86,  87,  88,  89,  90,  91,  99, 102, 103, 104, 108, 111,
    114, 115, 116, 119, 178, 180, 183,   7,   9,  10,  22,  36,  39,  40,  41,  44,
     49,  76,  77,  78,  82,  84,  85,  88,  91,  99, 111, 116, 119, 184,  36,  39,
     52,  53,  54,  57,  58,  86,  87, 109, 110, 178, 179, 180, 182, 183,  21,  38,
     40,  41,  47,  48,  49,  50,  51,  53,  54,  55,  56,  57,  59,  64,  71,  72,
     73,  74,  75,  76,  77,  78,  82,  83,  84,  85,  86,  87,  89,  90,  91,  97,
    100, 101, 102, 103, 104, 108, 111, 114, 115, 116, 119, 120, 178, 180, 183, 185,
    186,   3,   7,   8,   9,  10,  22,  36,  38,  39,  40,  41,  43,  44,  49,  51,
     59,  60,  71,  72,  73,  74,  75,  76,  77,  78,  82,  84,  85,  88,  89,  90,
     91,  92,  93,  99, 102, 103, 104, 111, 114, 115, 116, 119, 184, 185,   3,   7,
      8,   9,  10,  22,  36,  38,  40,  41,  43,  44,  49,  51,  59,  60,  71,  72,
     73,  74,  75,  76,  77,  78,  82,  84,  85,  88,  89,  90,  91,  92,  93,  99,
    102, 103, 104, 111, 114, 115, 116, 119, 184, 185,  36,  39,  40,  41,  49,  52,
     59,  76,  77,  78,  82,  84,  85,  91, 111, 116, 119, 185,  52,  99,  24,  27,
     29,  30,  31,  32,  34,  69,  70, 105, 106, 107, 177, 179, 182,  31,  32,  34,
     70, 107, 121, 122, 127, 128, 129, 133, 135, 138, 139, 170, 174, 176, 177,   5,
      7,   8,   9,  36,  60, 179, 180, 182, 183, 184,  23,  25,  29,  31,  32,  33,
     34,  66,  67,  70, 105, 106, 107, 112, 177,   7,   9,  23,  29,  31,  32,  33,
     34,  52,  54,  55,  56,  57,  66,  70,  87, 105, 106, 107, 108, 112, 177, 178,
    184,  24,  27,  29,  30,  31,  32,  34,  39,  40,  41,  49,  52,  53,  54,  55,
     57,  69,  70,  76,  77,  78,  82,  84,  85,  86,  87,  91, 105, 106, 107, 108,
    111, 116, 119, 177, 178, 180, 183,   1,   4,   7,   9,  10,  21,  23,  25,  26,
     29,  31,  32,  33,  34,  35,  36,  37,  44,  54,  57,  66,  67,  70,  87,  88,
     99, 105, 106, 107, 112, 177, 178, 179, 180, 181, 182, 183, 184,  11,  12,  13,
     14,  15,  17,   3,   7,   9,  10,  22,  23,  25,  26,  28,  35,  38,  40,  41,
     42,  43,  45,  46,  47,  48,  49,  50,  51,  52,  53,  54,  55,  56,  57,  58,
     66,  67,  71,  72,  73,  74,  75,  76,  77,  78,  79,  80,  81,  82,  83,  84,
     85,  86,  87,  89,  90,  91,  92,  93,  94,  95,  96,  97,  98, 100, 101, 102,
    103, 104, 108, 109, 110, 111, 112, 113, 114, 115, 116, 117, 118, 119, 120, 178,
    184,   3,   7,   8,   9,  10,  18,  19,  22,  23,  24,  25,  26,  27,  28,  38,
     40,  41,  42,  43,  45,  46,  47,  48,  49,  50,  51,  52,  53,  54,  55,  56,
     57,  58,  59,  60,  63,  64,  66,  67,  71,  72,  73,  74,  75,  76,  77,  78,
     79,  80,  81,  82,  83,  84,  85,  86,  87,  89,  90,  91,  92,  93,  94,  95,
     96,  97,  98, 100, 101, 102, 103, 104, 108, 109, 110, 111, 112, 113, 114, 115,
    116, 117, 118, 119, 120, 178, 184, 185, 186,  23,  24,  25,  27,  31,  34,  35,
     56,  58,  66,  67,  70, 109, 110, 112, 177, 180, 183,  46,  52,  53,  54,  55,
     56,  57,  86,  87,  98, 108, 178,   1,   5,  21,  29,  36,  39,  40,  41,  46,
     47,  48,  49,  50,  51,  52,  53,  54,  55,  57,  76,  77,  78,  82,  83,  84,
     85,  86,  87,  91,  97,  98, 100, 101, 102, 103, 104, 105, 106, 108, 111, 116,
    119, 120, 178, 179, 180, 182, 183,   1,   5,  21,  29,  36,  39,  40,  41,  46,
     47,  48,  49,  50,  51,  52,  53,  54,  55,  57,  76,  77,  78,  82,  83,  84,
     85,  86,  87,  91,  97,  98, 100, 101, 102, 103, 104, 105, 106, 108, 111, 116,
    119, 120, 178, 179, 180, 182, 183,   1,   5,   7,   9,  21,  29,  36,  39,  44,
     47,  48,  50,  51,  52,  53,  54,  55,  56,  57,  58,  83,  86,  87,  88,  97,
     99, 100, 101, 102, 103, 104, 105, 106, 108, 109, 110, 120, 178, 179, 180, 182,
    183, 184,   1,   5,  21,  29,  30,  31,  32,  34,  36,  39,  52,  54,  55,  57,
     69,  70,  87, 105, 106, 107, 108, 177, 178, 179, 180, 182, 183,   1,   7,   9,
     10,  23,  25,  26,  29,  31,  32,  33,  34,  35,  36,  42,  54,  56,  57,  66,
     67,  70,  87, 105, 106, 107, 112, 177, 178, 179, 180, 182, 183, 184,   6,   7,
      8,   9,  10,  18,  19,  20,  21,  38,  40,  41,  43,  46,  47,  48,  49,  50,
     51,  52,  53,  54,  55,  56,  57,  58,  59,  60,  63,  64,  71,  72,  73,  74,
     75,  76,  77,  78,  82,  83,  84,  85,  86,  87,  89,  90,  91,  92,  93,  97,
     98, 100, 101, 102, 103, 104, 108, 109, 110, 111, 114, 115, 116, 119, 120, 178,
    179, 180, 182, 183, 184, 185, 186,   1,   5,  21,  24,  25,  26,  27,  28,  29,
     30,  31,  32,  34,  35,  36,  39,  44,  50,  52,  53,  54,  55,  57,  63,  69,
     70,  86,  87,  88,  99, 105, 106, 107, 108, 177, 178, 179, 180, 182, 183,   6,
      7,   8,   9,  10,  18,  19,  20,  21,  38,  40,  41,  43,  46,  47,  48,  49,
     50,  51,  52,  53,  54,  55,  56,  57,  58,  59,  60,  63,  64,  71,  72,  73,
     74,  75,  76,  77,  78,  82,  83,  84,  85,  86,  87,  89,  90,  91,  92,  93,
     97,  98, 100, 101, 102, 103, 104, 108, 109, 110, 111, 114, 115, 116, 119, 120,
    178, 179, 180, 182, 183, 184, 185, 186,  21,  40,  41,  46,  47,  48,  49,  50,
     52,  53,  54,  55,  57,  76,  77,  78,  82,  83,  84,  85,  86,  87,  91,  97,
     98, 100, 101, 108, 111, 116, 119, 120, 178, 180, 183,   3,   7,   8,   9,  10,
     18,  19,  22,  23,  24,  25,  26,  27,  28,  35,  38,  40,  41,  42,  43,  44,
     45,  47,  48,  49,  50,  51,  52,  53,  54,  57,  58,  59,  60,  63,  66,  67,
     71,  72,  73,  74,  75,  76,  77,  78,  79,  80,  81,  82,  83,  84,  85,  86,
     87,  88,  89,  90,  91,  92,  93,  94,  95,  96,  97,  98,  99, 100, 101, 102,
    103, 104, 109, 110, 111, 112, 113, 114, 115, 116, 117, 118, 119, 120, 178, 184,
    185,   6,   7,   8,   9,  18,  19,  20,  21,  38,  40,  41,  47,  48,  49,  50,
     51,  53,  54,  55,  56,  57,  59,  60,  63,  71,  72,  73,  74,  75,  76,  77,
     78,  82,  83,  84,  85,  86,  87,  89,  90,  91,  97, 100, 101, 102, 103, 104,
    108, 111, 114, 115, 116, 119, 120, 178, 180, 183, 184, 185,   3,   7,   8,   9,
     10,  18,  19,  22,  23,  24,  25,  26,  27,  28,  38,  40,  41,  42,  43,  45,
     47,  48,  49,  50,  51,  52,  53,  54,  55,  56,  57,  58,  59,  60,  63,  64,
     66,  67,  71,  72,  73,  74,  75,  76,  77,  78,  79,  80,  81,  82,  83,  84,
     85,  86,  87,  89,  90,  91,  92,  93,  94,  95,  96,  97,  98, 100, 101, 102,
    103, 104, 108, 109, 110, 111, 112, 113, 114, 115, 116, 117, 118, 119, 120, 178,
    184, 185, 186,   3,   7,   8,   9,  10,  18,  19,  22,  23,  24,  25,  26,  27,
     31,  33,  34,  38,  40,  41,  42,  43,  47,  48,  49,  50,  51,  52,  53,  54,
     55,  56,  57,  58,  59,  60,  64,  66,  67,  70,  71,  72,  73,  74,  75,  76,
     77,  78,  82,  83,  84,  85,  86,  87,  89,  90,  91,  92,  93,  97, 100, 101,
    102, 103, 104, 108, 109, 110, 111, 112, 114, 115, 116, 119, 120, 177, 178, 184,
    185, 186,   7,   8,   9,  10,  38,  40,  41,  47,  48,  49,  50,  51,  60,  71,
     72,  73,  74,  75,  76,  77,  78,  82,  83,  84,  85,  89,  90,  91,  97, 100,
    101, 102, 103, 104, 111, 114, 115, 116, 119, 120, 184,   3,   7,   8,   9,  22,
     23,  24,  25,  26,  27,  28,  31,  32,  33,  34,  38,  40,  41,  42,  43,  45,
     46,  47,  48,  49,  50,  51,  52,  53,  54,  55,  56,  57,  58,  59,  60,  64,
     66,  70,  71,  72,  73,  74,  75,  76,  77,  78,  79,  80,  81,  82,  83,  84,
     85,  86,  87,  89,  90,  91,  92,  93,  94,  95,  96,  97,  98, 100, 101, 102,
    103, 104, 107, 108, 109, 110, 111, 112, 113, 114, 115, 116, 117, 118, 119, 120,
    177, 178, 184, 185, 186,   3,   7,   8,   9,  10,  18,  19,  22,  40,  41,  49,
     51,  59,  60,  76,  77,  78,  82,  84,  85,  91, 102, 103, 104, 111, 116, 119,
    184, 185, 126, 128, 138, 174, 175, 176,  36, 128, 135, 138, 144, 149, 151, 156,
    157, 161, 167, 168, 174, 176, 180, 183,   7,   8,   9,  10,  18,  19,  23,  60,
     64,  66, 112, 122, 123, 124, 125, 126, 127, 128, 129, 130, 131, 132, 133, 134,
    135, 136, 138, 140, 141, 142, 143, 144, 145, 146, 147, 148, 149, 150, 151, 152,
    153, 154, 155, 156, 157, 158, 159, 160, 161, 162, 163, 165, 166, 167, 168, 169,
    170, 171, 172, 173, 174, 175, 176, 184, 186, 129, 133, 129, 141, 158,   7,   9,
     10, 129, 130, 131, 141, 172, 184,   8,  36,  60, 122, 127, 128, 133, 135, 138,
    139, 170, 174, 176,  36, 128, 135, 138, 174, 176, 180, 183,   8,  36,  60,  64,
    122, 123, 127, 128, 134, 135, 136, 137, 138, 139, 141, 142, 143, 146, 152, 154,
    155, 156, 158, 159, 163, 165, 166, 170, 174, 175, 176, 180, 183, 186,   7,   8,
      9,  10,  18,  19,  60,  64, 123, 124, 125, 126, 129, 130, 131, 133, 134, 136,
    141, 142, 143, 144, 145, 146, 147, 148, 149, 150, 151, 152, 153, 154, 155, 156,
    157, 158, 159, 160, 161, 162, 163, 165, 166, 167, 168, 172, 173, 175, 184, 186,
      8,  36,  60, 122, 123, 126, 127, 128, 134, 135, 136, 138, 139, 141, 142, 143,
    144, 146, 147, 148, 149, 150, 151, 152, 153, 154, 155, 156, 158, 159, 160, 161,
    162, 163, 165, 167, 168, 170, 171, 173, 174, 175, 176, 180, 183,  36, 122, 125,
    127, 128, 129, 133, 135, 137, 138, 139, 145, 147, 148, 150, 155, 156, 157, 158,
    159, 160, 162, 170, 173, 174, 175, 176, 180, 183,  36, 122, 125, 127, 128, 131,
    133, 135, 137, 138, 139, 145, 147, 148, 150, 155, 156, 159, 160, 162, 170, 172,
    173, 174, 175, 176, 180, 183,   7,   8,   9,  10,  18,  19,  23,  60,  64,  66,
    112, 122, 123, 124, 125, 126, 127, 128, 129, 130, 131, 132, 133, 134, 135, 136,
    138, 140, 141, 142, 143, 144, 145, 146, 147, 148, 149, 150, 151, 152, 153, 154,
    155, 156, 157, 158, 159, 160, 161, 162, 163, 165, 166, 167, 168, 169, 170, 171,
    172, 173, 174, 175, 176, 184, 186, 123, 124, 125, 128, 133, 134, 135, 136, 143,
    146, 147, 148, 150, 152, 154, 155, 156, 158, 159, 160, 163, 165, 173, 174, 175,
    176,   8,  36,  60,  64, 122, 123, 127, 128, 134, 135, 136, 137, 138, 139, 141,
    142, 143, 146, 152, 154, 155, 156, 158, 159, 163, 165, 166, 170, 174, 175, 176,
    180, 183, 186,   7,   9, 128, 162, 174, 175, 176, 180, 183, 184,   8,  36,  60,
     64, 122, 123, 127, 128, 134, 135, 136, 137, 138, 139, 141, 142, 143, 146, 152,
    154, 155, 156, 158, 159, 163, 165, 166, 170, 174, 175, 176, 180, 183, 186,   8,
     60, 122, 123, 125, 126, 127, 128, 131, 134, 135, 136, 138, 139, 140, 142, 158,
    170, 172, 174, 175, 176, 180, 183,   7,   9,  10,  36, 122, 125, 126, 127, 128,
    129, 130, 131, 133, 135, 137, 138, 139, 141, 142, 144, 145, 147, 148, 149, 150,
    151, 156, 157, 158, 160, 161, 162, 167, 168, 170, 172, 173, 174, 176, 180, 183,
    184,   7,   9,  10, 123, 125, 126, 129, 130, 131, 133, 134, 136, 141, 142, 144,
    145, 146, 147, 148, 149, 150, 151, 152, 154, 160, 161, 162, 163, 165, 167, 168,
    172, 173, 184, 121, 123, 124, 125, 126, 128, 129, 131, 133, 134, 135, 136, 138,
    141, 142, 143, 144, 145, 146, 147, 148, 149, 150, 151, 152, 154, 155, 156, 158,
    159, 160, 161, 162, 163, 165, 166, 167, 168, 171, 172, 173, 174, 175, 176,   7,
      8,   9,  10,  18,  19,  60,  64, 123, 124, 125, 126, 129, 130, 131, 132, 133,
    134, 136, 137, 141, 142, 143, 144, 145, 146, 147, 148, 149, 150, 151, 152, 153,
    154, 155, 156, 157, 158, 159, 160, 161, 162, 163, 165, 166, 167, 168, 171, 172,
    173, 175, 184, 186,   7,   9,  10,  36, 125, 126, 128, 129, 131, 133, 135, 137,
    138, 141, 145, 148, 150, 160, 162, 172, 174, 176, 180, 183, 184,   8,  60, 122,
    123, 127, 128, 132, 134, 135, 136, 138, 139, 142, 143, 146, 148, 152, 154, 155,
    156, 158, 159, 160, 163, 165, 170, 174, 175, 176, 123, 128, 134, 135, 174, 175,
    176,   7,   9,  10,  36, 122, 125, 126, 127, 128, 129, 130, 131, 133, 135, 137,
    138, 139, 141, 142, 144, 145, 147, 148, 149, 150, 151, 156, 157, 158, 160, 161,
    162, 167, 168, 170, 172, 173, 174, 176, 180, 183, 184,  36, 143, 145, 150, 155,
    156, 158, 159, 169, 175, 180, 183,   7,   9, 142, 145, 150, 156, 157, 162, 175,
    184,  36, 155, 156, 158, 162, 180, 183,   7,   8,   9,  10,  36,  60, 142, 145,
    146, 147, 150, 152, 154, 156, 162, 163, 165, 166, 173, 184,  36, 180, 183,  36,
    143, 150, 156,  36, 142, 143, 146, 152, 154, 155, 156, 158, 159, 163, 165, 171,
    180, 183,   7,   9,  36, 156, 180, 183, 184,  36, 156,   7,   9,  10,  36, 145,
    147, 148, 150, 153, 156, 157, 158, 160, 162, 173, 175, 180, 183, 184,  36, 146,
    152, 154, 156, 157, 158, 163, 165, 180, 183,   7,   9,  10,  36, 145, 147, 150,
    156, 162, 173, 180, 183, 184,   7,   9,  10,  36, 142, 143, 144, 145, 146, 147,
    148, 149, 150, 151, 152, 153, 154, 155, 156, 160, 161, 162, 163, 164, 165, 166,
    167, 168, 173, 184,  36, 143, 146, 147, 150, 152, 154, 163, 165, 173,  36, 146,
    152, 154, 163, 165,   8,  36,  60, 155, 156, 158, 159, 175, 180, 183,  36, 148,
    155, 156, 160, 180, 183,  36, 146, 152, 154, 156, 157, 158, 163, 165, 180, 183,
     36,  36, 156, 156,   8,  36,  60, 122, 127, 128, 133, 135, 138, 139, 170, 174,
    176,   8,  36,  60,  64, 122, 123, 127, 128, 134, 135, 136, 137, 138, 139, 141,
    142, 143, 146, 152, 154, 155, 156, 158, 159, 163, 165, 166, 170, 174, 175, 176,
    180, 183, 186,  36, 142, 143, 146, 152, 154, 155, 156, 158, 159, 163, 165, 171,
    180, 183,   7,   8,   9,  10,  18,  19,  23,  60,  64,  66, 112, 122, 123, 124,
    125, 126, 127, 128, 129, 130, 131, 132, 133, 134, 135, 136, 138, 140, 141, 142,
    143, 144, 145, 146, 147, 148, 149, 150, 151, 152, 153, 154, 155, 156, 157, 158,
    159, 160, 161, 162, 163, 165, 166, 167, 168, 169, 170, 171, 172, 173, 174, 175,
    176, 184, 186,   7,   8,   9,  10,  36,  60, 142, 145, 146, 147, 150, 152, 154,
    156, 162, 163, 165, 166, 173, 184,  36, 142, 143, 146, 152, 154, 155, 156, 158,
    159, 163, 165, 171, 180, 183,   8,  36,  60,  64, 122, 123, 127, 128, 134, 135,
    136, 137, 138, 139, 141, 142, 143, 146, 152, 154, 155, 156, 158, 159, 163, 165,
    166, 170, 174, 175, 176, 180, 183, 186,   7,   8,   9,  10,  18,  19,  60,  64,
    123, 124, 125, 126, 129, 130, 131, 133, 134, 136, 141, 142, 143, 144, 145, 146,
    147, 148, 149, 150, 151, 152, 153, 154, 155, 156, 157, 158, 159, 160, 161, 162,
    163, 165, 166, 167, 168, 172, 173, 175, 184, 186,   7,   9,  10, 146, 150, 152,
    154, 163, 165, 184,  36, 122, 127, 128, 135, 138, 139, 170, 174, 176, 180, 183,
      3,   7,   8,   9,  10,  18,  19,  22,  23,  24,  25,  26,  27,  31,  33,  34,
     38,  40,  41,  42,  43,  47,  48,  49,  50,  51,  52,  53,  54,  55,  56,  57,
     58,  59,  60,  64,  66,  67,  70,  71,  72,  73,  74,  75,  76,  77,  78,  82,
     83,  84,  85,  86,  87,  89,  90,  91,  92,  93,  97, 100, 101, 102, 103, 104,
    108, 109, 110, 111, 112, 114, 115, 116, 119, 120, 177, 178, 184, 185, 186,   7,
      8,   9,  10,  38,  40,  41,  47,  48,  49,  50,  51,  60,  71,  72,  73,  74,
     75,  76,  77,  78,  82,  83,  84,  85,  89,  90,  91,  97, 100, 101, 102, 103,
    104, 111, 114, 115, 116, 119, 120, 184,   3,   7,   8,   9,  22,  23,  24,  25,
     26,  27,  28,  31,  32,  33,  34,  38,  40,  41,  42,  43,  45,  46,  47,  48,
     49,  50,  51,  52,  53,  54,  55,  56,  57,  58,  59,  60,  64,  66,  70,  71,
     72,  73,  74,  75,  76,  77,  78,  79,  80,  81,  82,  83,  84,  85,  86,  87,
     89,  90,  91,  92,  93,  94,  95,  96,  97,  98, 100, 101, 102, 103, 104, 107,
    108, 109, 110, 111, 112, 113, 114, 115, 116, 117, 118, 119, 120, 177, 178, 184,
    185, 186,   3,   7,   8,   9,  10,  18,  19,  22,  23,  24,  25,  26,  27,  28,
     38,  40,  41,  42,  43,  45,  46,  47,  48,  49,  50,  51,  52,  53,  54,  55,
     56,  57,  58,  59,  60,  63,  64,  66,  67,  71,  72,  73,  74,  75,  76,  77,
     78,  79,  80,  81,  82,  83,  84,  85,  86,  87,  89,  90,  91,  92,  93,  94,
     95,  96,  97,  98, 100, 101, 102, 103, 104, 108, 109, 110, 111, 112, 113, 114,
    115, 116, 117, 118, 119, 120, 178, 184, 185, 186,   7,   9,  14,  23,  24,  25,
     26,  27,  38,  40,  41,  42,  43,  44,  47,  48,  49,  50,  51,  52,  65,  66,
     67,  71,  72,  73,  74,  75,  76,  77,  78,  81,  82,  83,  84,  85,  88,  89,
     90,  91,  92,  93,  97,  99, 100, 101, 102, 103, 104, 111, 112, 114, 115, 116,
    117, 119, 120, 123, 124, 125, 126, 129, 130, 131, 133, 134, 136, 141, 142, 143,
    144, 145, 146, 147, 148, 149, 150, 151, 152, 154, 155, 160, 161, 162, 163, 165,
    166, 167, 168, 172, 173, 184, 188,   7,   9,  14,  15,  16,  23,  24,  25,  27,
     28,  35,  38,  40,  41,  42,  43,  44,  47,  48,  49,  50,  51,  52,  53,  54,
     55,  56,  57,  65,  66,  67,  71,  72,  73,  74,  75,  76,  77,  78,  82,  83,
     84,  85,  86,  87,  88,  89,  90,  91,  92,  93,  97,  99, 100, 101, 102, 103,
    104, 108, 111, 112, 114, 115, 116, 119, 120, 178, 184,  17,  21,  24,  27,  29,
     30,  31,  32,  34,  39,  40,  41,  49,  52,  53,  54,  55,  57,  69,  70,  76,
     77,  78,  82,  84,  85,  86,  87,  91, 105, 106, 107, 108, 111, 116, 119, 177,
    178,   1,   5,   8,  21,  36,  60, 179, 180, 182, 183,  12,  17,  46,  47,  48,
     50,  52,  53,  54,  55,  57,  83,  86,  87,  97,  98, 100, 101, 108, 120, 178,
};

static const int8_t literatamono_12_regularKernSparseValues[] = {
     -40,  -40,  -36,   -8,  -36,   -8,   -8,   -4,  -12,  -12,  -16,  -16,  -12,  -12,  -16,  -36,
     -36,   -4,   -4,   -4,   -4,   -4,  -12,  -12,  -12,  -12,  -12,  -12,   -4,   -4,  -12,  -16,
     -16,  -12,  -12,  -12,  -12,  -36,   -4,   -4,  -12,  -12,  -40,  -36,   -8,  -12,   -8,  -32,
     -28,  -36,   -4,   -8,  -36,   -4,  -12,  -12,  -28,  -36,  -40,  -40,  -16,  -16,  -16,  -40,
     -40,  -16,  -16,  -16,  -16,  -16,  -16,  -16,  -16,  -40,  -16,  -16,  -40,  -40,  -16,  -24,
     -12,  -12,  -12,  -40,  -12,  -40,  -32,  -40,   -4,   -4,   -4,  -16,  -16,  -36,  -32,  -36,
     -32,  -12,  -40,   -4,   -4,   -4,   -4,   -4,   -4,  -16,  -36,   -4,  -40,  -40,  -32,  -32,
      -4,   -4,   -4,  -17,  -14,  -17,  -31,  -14,  -31,  -16,  -33,  -34,  -12,   -8,   -8,   -8,
      -8,  -20,  -22,  -26,  -19,   -8,   -8,   -8,  -17,  -77,  -26,  -77,  -40,  -36,  -40,  -40,
     -40,  -40,  -40,  -16,  -24,  -24,  -12,   -8,  -12,  -28,  -20,  -16,  -20,  -32,  -16,   -8,
      -4,   -8,  -12,  -12,  -32,   -8,  -28,  -28,  -16,   -4,  -12,   -8,   -8,  -40,  -12,  -12,
      -8,  -20,  -12,  -16,   -8,   -8,   -8,  -12,  -12,  -32,   -8,  -12,  -40,  -40,  -80,   -8,
     -40,  -36,  -40,  -16,  -24,  -16,  -12,  -32,  -28,  -28,  -32,   -4,  -28,  -28,  -12,   -8,
     -16,  -16,   -8,  -16,  -16,  -40,  -40,  -32,  -32,  -32,  -32,  -32,  -28,  -28,  -28,   -4,
      -4,   -4,  -28,  -28,  -28,   -8,  -16,  -32,  -32,  -28,  -32,  -32,   -4,   -4,   -4,  -28,
     -28,  -28,  -16,  -16,  -16,  -28,  -40,   -4,  -32,  -32,  -28,   -4,   -4,  -28,  -14,  -10,
     -40,  -24,  -45,  -10,  -36,  -16,  -14,  -12,  -24,  -29,  -17,  -24,  -29,  -38,  -20,  -20,
     -24,  -31,  -24,  -38,  -19,  -38,  -24,  -15,  -14,  -14,  -20,  -20,  -24,  -29,  -24,  -38,
     -27,  -24,  -24,  -36,  -32,  -16,  -40,  -40,   -4,   -6,  -12,  -24,  -16,  -12,   -8,  -16,
     -16,  -16,  -16,   -4,   -8,  -12,  -12,   -2,   -2,  -12,   -8,   -8,   -8,  -16,  -14,   -8,
     -16,  -12,  -16,  -12,   -4,   -2,   -6,  -40,  -24,  -40,  -40,   -4,  -28,  -10,   -8,   -8,
     -24,  -24,  -32,  -40,  -24,   -6,   -4,   -4,   -4,   -8,   -4,  -16,  -16,  -16,  -16,  -20,
     -16,  -32,  -20,  -32,  -12,  -28,   -4,  -12,   -4,  -12,  -16,  -32,   -4,  -12,  -20,  -20,
     -20,   -4,  -32,  -12,  -36,  -40,  -12,  -24,   -8,   -8,  -40,  -26,  -44,  -36,  -44,  -40,
      -8,   -2,   -2,   -8,   -8,   -2,  -16,  -18,  -16,  -36,  -28,  -36,  -10,  -12,  -16,  -26,
     -44,   -2,   -2,   -2,   -2,   -8,   -2,   -2,  -16,  -36,   -2,   -8,   -8,   -8,  -40,  -40,
     -36,  -28,   -2,   -2,   -2,   -8,  -44,  -36,  -44,  -40,  -44,  -40,  -10,   -6,   -4,   -8,
      -4,  -12,   -8,  -14,   -4,   -8,   -8,   -8,   -8,   -6,   -4,  -14,   -8,   -8,   -8,   -8,
      -8,   -6,  -14,   -8,   -8,   -4,   -4,   -4,  -10,   -8,   -6,   -8,   -4,   -4,   -4,   -2,
      -4,   -4,   -4,   -6,   -6,   -4,   -6,   -8,  -12,   -8,   -4,   -4,   -4,   -4,   -4,   -6,
      -6,   -4,   -4,   -4,   -4,   -4,   -4,   -4,  -10,  -10,   -6,   -4,   -8,   -4,   -4,   -8,
      -6,   -8,  -12,  -12,   -4,  -32,  -10,  -18,  -20,  -14,   -8,  -10,  -20,   -8,  -16,   -4,
      -4,   -2,   -4,  -32,  -32,  -20,   -4,  -20,  -20,   -8,  -32,  -20,   -4,   -4,  -16,   -4,
     -16,  -12,  -12,   -8,   -4,   -8,   -4,   -2,   -6,   -4,  -10,   -6,  -10,   -8,   -8,   -4,
     -10,   -2,   -2,  -12,  -12,   -6,   -8,  -10,   -4,  -12,   -4,  -12,  -12,  -36,  -16,  -36,
     -32,  -20,  -36,   -4,  -42,   -4,   -4,   -6,   -2,   -4,  -16,  -16,  -16,  -20,   -8,   -2,
      -4,   -8,   -8,  -16,   -8,  -16,   -4,   -8,   -4,   -2,   -2,   -4,   -8,  -16,  -16,  -36,
     -44,   -2,  -16,  -16,  -16,  -16,  -16,  -16,  -16,  -16,   -2,    4,    4,  -16,   -8,  -16,
     -16,   -8,   -4,   -8,  -16,  -16,  -16,  -20,  -20,   -2,   -2,   -2,   -8,    4,   -8,   -8,
      -8,  -16,  -16,  -16,   -2,   -8,   -8,  -16,  -36,   -2,  -16,  -16,  -16,   -2,   -2,  -16,
      -8,   -4,  -36,  -16,   -8,   -8,   -8,   -6,  -16,  -16,  -10,   -2,  -16,   -4,   -6,   -6,
     -24,  -16,   -6,  -16,  -16,  -10,  -16,   -6,   -4,   -4,   -4,   -4,   -2,   -4,   -8,   -8,
     -16,   -8,  -16,   -4,   -4,   -4,   -4,   -4,   -4,   -8,  -16,   -4,   -2,   -8,   -4,   -4,
      -4,  -16,   -8,  -24,  -24,  -16,  -28,  -24,   -8,  -16,  -16,  -16,  -10,  -14,   -2,  -10,
     -10,  -16,  -10,  -16,   -8,  -12,  -10,   -6,  -12,  -10,  -10,   -8,   -8,  -28,  -28,  -16,
     -16,  -16,  -16,  -16,  -16,  -16,  -16,   -2,   -2,   -2,  -16,  -10,  -16,  -16,  -12,  -10,
     -16,  -16,  -16,  -14,  -14,   -2,   -2,   -2,  -10,  -10,  -10,  -16,  -16,  -16,   -6,  -10,
     -10,  -16,  -28,   -2,  -16,  -16,  -16,   -2,   -2,  -16,  -10,  -10,  -24,   -8,  -24,  -12,
     -16,  -16,  -10,  -10,   -8,   -4,   -8,   -6,   -4,   -8,   -8,   -8,   -4,  -16,  -18,  -36,
     -28,  -36,   -8,  -24,  -24,  -10,   -8,   -6,   -6,   -6,   -6,   -6,   -8,   -8,   -8,   12,
      12,   -8,   -8,   -8,  -18,  -36,   -6,   -6,   -8,   12,  -10,  -10,   -4,  -28,   -8,   -6,
      -6,   -8,   -8,   -8,  -36,  -12,   -8,  -12,   -8,   -8,  -60,  -40,  -20,   -6,   -4,  -14,
      -6,   -4,  -48,  -20,  -40,  -36,  -44,   -8,  -36,   -6,   -8,   -2,  -12,   -8,  -26,  -20,
     -26,   -8,  -20,  -48,   -8,  -26,  -16,   -8,  -48,  -62,  -40,  -20,  -44,  -26,  -64,  -60,
     -64,  -60,   -8,  -12,   -8,  -12,  -20,  -10,  -24,  -20,  -12,   -2,  -22,   -8,  -16,  -16,
     -10,   -6,  -10,   -4,  -12,  -10,  -10,  -16,  -10,  -18,  -36,  -40,  -60,  -38,  -60,   -4,
     -13,  -12,  -22,  -22,  -22,  -22,  -22,  -16,  -16,  -16,   -4,   -4,   -4,  -16,  -10,  -16,
     -16,  -34,  -60,  -14,  -22,  -22,  -16,   -6,   -6,   -4,   -4,   -4,  -10,  -12,  -10,  -10,
     -10,  -18,  -18,  -18,  -20,  -20,  -20,  -38,   -4,   -4,  -16,   -4,  -22,  -22,  -16,   -4,
      -4,  -16,  -10,  -12,  -60,  -16,  -16,   -8,   -8,   -8,   -8,   -8,  -12,  -20,   -4,  -16,
      -6,   -4,   -2,  -20,  -20,  -20,  -16,  -18,   -4,  -12,   -4,  -10,  -10,  -20,  -10,  -14,
      -8,  -16,  -22,  -20,  -14,  -22,  -12,  -20,  -16,  -20,  -20,  -20,  -20,  -20,  -20,  -20,
     -20,  -12,  -13,   -8,  -20,  -10,  -20,  -20,  -16,  -22,   -4,  -20,  -20,  -20,  -18,  -18,
     -12,  -12,  -12,  -10,   -4,   -4,  -10,  -10,  -14,  -14,  -14,  -20,  -12,  -12,  -20,  -20,
     -12,  -20,  -20,  -20,  -12,  -12,  -20,  -10,  -22,   -8,   -8,   36,  -12,  -28,   -4,   -8,
     -32,  -10,  -16,  -20,  -12,   -8,  -10,  -20,   -6,  -16,   24,   -4,   -4,   -4,  -32,  -36,
     -20,   -4,   -4,   -4,   -8,  -20,   -8,  -12,  -20,   -4,   -4,  -16,   18,   -4,  -16,  -12,
     -28,  -28,  -12,  -24,  -36,   -2,  -24,  -56,   -2,  -24,   -2,  -28,   -8,   72,    6,    6,
      48,   -8,  -32,  -10,  -16,  -20,  -12,   -8,  -10,  -20,   -6,  -16,   24,   -4,   -4,   -4,
     -32,  -36,  -20,   -4,    4,   -4,   -8,  -20,   -8,  -12,  -20,   -4,   -4,  -16,   18,   -4,
     -16,    6,  -16,  -24,  -20,  -12,  -14,  -14,   -4,  -32,  -24,  -36,  -28,  -38,  -36,   -6,
     -16,  -12,  -12,   -4,  -12,   -4,   -4,  -12,  -14,   -4,  -20,  -18,  -30,  -24,  -30,   -2,
      -8,  -20,  -24,  -24,  -38,   -6,   -6,   -6,   -6,   -6,  -12,  -12,  -12,  -12,   -4,  -12,
     -12,  -18,  -30,   -4,   -6,   -6,  -12,   -4,  -12,   -4,   -4,   -4,   -4,   -4,   -4,  -32,
     -32,  -28,  -24,   -2,   -2,  -12,   -6,   -6,  -12,  -12,   -4,  -38,  -30,  -24,  -24,  -24,
     -24,   -8,   -8,   -2,   -8,   -8,   -4,   -6,   -4,   -2,   -4,   -4,   -4,   -8,   -4,   -2,
      -8,   -8,   -8,   -6,   -4,   -4,   -4,   -4,   -4,   -4,   -8,   -4,   -4,   -8,   -8,   -4,
      -8,   -4,   -4,   -6,   -8,  -20,  -40,  -28,  -40,  -32,   -8,   -8,  -24,  -40,   -4,  -40,
     -14,   -4,   -8,   -4,  -28,  -28,  -28,   -8,  -28,   -4,   -4,  -10,  -10,  -28,  -10,  -20,
      -8,   -8,   -4,   -4,   -8,  -20,  -28,  -16,  -40,  -40,  -28,  -28,  -28,  -46,  -28,  -28,
     -28,  -28,   -4,    4,    8,  -28,  -10,  -28,  -28,   -8,   -4,   -4,  -28,  -28,  -28,  -28,
     -28,   -4,   -4,   -4,  -10,    4,   -4,  -10,  -10,  -20,  -20,  -20,   -8,   -8,  -28,  -40,
      -4,  -28,  -28,  -28,   -4,   -4,  -28,  -10,   -4,  -40,  -20,   -8,  -16,  -16,  -20,  -12,
     -30,  -24,  -12,   -4,   -4,  -16,  -16,  -16,  -16,  -14,   -4,   -4,   -8,   -8,  -16,   -8,
     -16,  -16,  -12,  -20,  -16,  -12,  -20,  -12,  -30,  -30,  -16,  -16,  -16,  -16,  -16,  -16,
     -16,  -16,   -4,   -4,   -4,  -16,   -8,  -16,  -16,  -12,  -20,  -16,  -16,  -16,  -14,  -14,
      -4,   -4,   -4,   -8,   -4,   -8,   -8,  -16,  -16,  -16,  -16,  -12,  -12,  -16,  -30,   -4,
     -16,  -16,  -16,   -4,   -4,  -16,   -8,  -20,  -16,  -20,  -40,  -20,  -40,  -36,  -12,  -12,
     -36,  -50,  -12,  -44,  -18,  -12,  -12,   -4,  -64,  -40,  -40,  -24,  -32,   -6,   -4,  -32,
     -32,  -40,  -32,  -38,  -20,  -32,  -22,  -22,  -24,  -22,  -28,  -20,  -20,  -18,  -12,  -50,
    -104,  -64,  -56,  -60,  -56,  -64,  -40,  -40,  -54,   -6,   14,   10,  -40,  -32,  -40,  -60,
     -32,  -22,  -64,  -53,  -68,  -32,  -57,    6,   22,    2,  -32,  -32,  -32,  -38,  -38,  -56,
     -22,  -28,  -48,  -40,  -50,   -8,  -64,  -64,  -64,   -2,  -70,  -56,  -22,  -40,  -20,  -12,
     -16,  -32,  -16,  -32,  -28,   -4,   -4,  -28,  -44,   -8,  -40,  -14,   -8,   -8,  -28,  -36,
     -36,  -20,  -32,   -8,  -20,  -20,  -36,  -20,  -29,  -16,  -16,  -16,  -12,  -12,  -16,  -20,
     -16,  -16,   -8,   -4,  -44,  -44,  -28,  -44,  -36,  -28,  -28,  -36,  -64,  -52,  -14,  -12,
       8,  -36,  -20,  -36,  -60,  -16,  -16,  -28,  -40,  -36,  -32,  -32,    4,    2,   -2,  -20,
       4,  -20,  -20,  -29,  -29,  -29,  -12,  -20,  -20,  -36,  -44,  -12,  -28,  -28,  -36,   -8,
      -6,  -36,  -20,  -16,  -32,  -16,   -4,  -20,  -10,  -10,   -6,   -4,   -4,   -4,  -12,  -12,
     -28,  -22,  -28,   -8,  -20,  -16,   -4,   -4,   -4,   -4,   -4,   -4,  -12,  -28,   -4,   -6,
      -6,  -22,   -4,   -4,   -4,  -28,   -8,  -20,  -40,  -32,  -40,  -40,  -16,  -16,  -36,  -44,
     -20,  -44,  -12,  -20,  -16,  -40,  -38,  -38,  -24,  -40,   -8,   -4,  -28,  -28,  -38,  -28,
     -32,  -16,  -32,  -28,  -20,  -24,  -28,  -32,  -28,  -32,  -24,  -12,  -44,  -44,  -40,  -60,
     -60,  -56,  -40,  -38,  -72,  -59,   -8,   12,  -38,  -28,  -68,  -64,  -32,  -28,  -60,  -64,
     -38,  -40,  -40,    4,   -4,  -28,    8,  -28,  -28,  -32,  -52,  -56,  -20,  -32,  -32,  -38,
     -44,   -8,  -40,  -62,  -60,   20,   -4,  -38,  -28,  -28,  -40,  -28,  -12,   -4,   -4,   -4,
      -8,   -3,   -8,   -4,  -16,  -16,  -16,   -3,   -4,  -16,   -8,   -8,  -16,  -16,    6,    8,
       8,    8,    6,    6,    8,  -16,  -12,  -12,  -36,  -24,  -36,  -28,  -36,  -80,  -12,  -16,
      -8,  -16,  -24,  -36,  -12,  -16,  -36,  -36,  -28,   -8,  -22,   -9,  -22,  -24,   -9,  -29,
     -14,  -29,  -19,  -10,  -12,  -17,  -10,  -22,  -24,  -14,  -24,  -36,  -16,  -16,  -28,  -12,
     -29,  -32,  -12,   -2,   -5,   -6,   -4,   -4,   -2,   -8,   -8,  -12,  -10,  -30,  -26,  -36,
      -2,   -2,   -2,   -2,   -4,   -2,   -2,  -10,  -36,   -2,   -4,   -6,   -4,   -4,   -8,   -8,
      -8,  -29,  -29,  -29,   -2,   -2,   -2,   -4,  -36,  -30,  -16,  -30,  -16,  -12,  -16,   -4,
      -4,  -10,  -20,  -24,  -12,   -6,   -4,   -4,   -8,   -6,   -6,   -2,  -14,   -4,   -6,  -14,
      -2,   -4,   -2,  -14,   -6,   -4,   -6,   -4,   -4,   -6,   -6,   -6,  -20,  -20,   -4,   -2,
      -2,   -4,   -8,  -16,  -12,  -16,  -12,   -4,  -16,   -2,   -2,   -3,   -2,   -2,   -2,   -2,
      -2,   -2,   -2,   -3,   -2,   -3,   -2,   -2,   -2,   -4,   -4,   -8,   -4,   -4,  -12,   -2,
      -2,   -4,   -4,   -4,   -6,  -13,   -6,  -13,   -4,   -4,   -4,   -4,   -2,   -4,   -4,   -6,
     -13,   -4,   -2,  -12,   -2,   -2,   -6,   -4,   -4,   -4,   -2,  -13,  -19,  -19,  -12,  -16,
      -4,   -4,  -10,  -20,  -24,  -12,   -6,   -4,   -4,   -8,   -6,   -6,   -2,  -14,   -4,  -14,
      -2,   -4,   -2,  -14,   -6,   -4,   -6,   -4,   -4,   -6,   -6,   -6,  -20,  -20,   -4,   -2,
      -2,   -4,  -14,  -16,  -12,  -16,  -12,   -4,   16,   56,   58,   36,   12,   36,   24,   -8,
      -8,   -8,   -8,   -8,   -8,   -8,   -8,   -8,    5,   -8,   -8,   -8,   -8,   -8,   -8,   -5,
      -8,   -8,   -8,   -8,   -8,   -8,   -8,   -8,   -8,   -8,   -8,   36,   56,   48,   56,   -8,
     -12,   -4,   -6,   -8,   -8,   -4,   -8,   -8,   -4,   -4,   -4,   -4,   -4,   -8,   -8,   -8,
      -8,   -8,   -8,   -4,   -4,   -4,   -8,   -4,   -8,   -8,   -8,   -8,   -4,   -4,   -8,   -8,
     -16,  -28,  -12,  -29,  -32,  -12,   -2,   -2,   -6,   -4,   -4,   -2,   -8,   -4,  -12,  -10,
     -30,  -26,  -36,   -2,   -2,   -2,   -2,   -4,   -2,   -2,  -10,  -36,   -2,   -4,   -6,   -4,
      -4,   -4,   -4,   -4,  -29,  -29,  -29,   -2,   -2,   -2,   -4,  -14,  -30,  -16,  -30,  -16,
     -12,  -16,   -8,  -24,  -12,  -16,  -16,  -24,  -16,   -8,  -12,  -12,   -9,  -12,  -12,  -24,
     -12,  -24,  -24,  -16,   -9,  -24,  -12,  -20,  -20,  -28,  -20,   -8,   -6,   -2,   -8,   -8,
      -4,   -8,   -4,   -8,   -6,   -6,   -6,   -6,   -6,   -4,   -8,   -8,   -6,   -6,   -8,   -4,
      -6,   -6,   -8,   -8,   -8,   -4,   -4,   -8,  -12,   -4,   -4,   -2,   -2,   -4,   -2,   -2,
      -4,   -2,   -6,   -2,   -8,   -8,   -4,   -4,   -4,   -4,   -2,   -4,   -4,   -4,   -2,   -4,
      -2,   -2,   -2,   -6,   -4,   -4,   -4,   -2,   -2,  -12,  -32,  -12,  -32,   -8,  -12,  -16,
      -4,   -4,  -10,  -20,  -24,  -12,   -6,   -4,   -4,   -8,   -6,   -6,   -2,  -14,   -4,   -8,
     -14,   -2,   -4,   -2,  -14,   -6,   -4,   -6,   -4,   -4,   -6,   -6,   -6,  -20,  -20,   -4,
      -2,   -2,   -4,   -8,  -16,  -12,  -16,  -12,   -4,  -32,   -8,   -4,  -16,   -8,  -12,   -8,
      -8,   -6,   -8,   -8,  -12,  -12,  -16,  -10,  -16,   -8,   -8,   -8,   -8,   -8,   -8,   -8,
      -8,   -8,   -8,   -8,  -12,  -16,   -6,   -8,   -8,   -8,   -6,   -8,   -8,   -8,  -10,   -8,
      -8,   -8,   -8,   -8,  -16,  -16,  -16,  -20,  -20,  -12,   -4,  -16,   -8,   -4,   -4,   -8,
      -4,   -4,   -4,   -4,   -4,   -4,   -4,   -8,   -4,   -8,   -4,   -4,   -4,  -20,  -12,   -8,
      -4,   -2,   -4,   -4,   -2,   -2,   -4,   -2,   -2,   -4,   -8,   -4,   -8,   -4,   -8,   -4,
      -2,   -2,   -8,   -8,   -2,   -8,   -8,   -4,   -2,   -8,   -4,   -2,  -12,    8,   -4,   -4,
      -4,   -4,   -4,   -2,   -2,   -2,   -2,   -8,   -2,   -2,   -4,   -2,   -4,   -4,   -2,   -8,
      -8,   -8,   -8,   -8,   -8,   -8,   -2,   -4,   -4,   -2,   -2,   -8,   -2,   -4,   -4,  -12,
       8,  -12,  -36,   -8,  -36,  -16,  -14,   -8,   -6,   -8,  -10,  -18,   -8,  -12,  -10,  -10,
      -8,   -8,   -6,   -6,   -6,   -6,   -6,  -10,  -10,  -10,  -10,  -10,  -10,  -12,   -6,   -6,
     -10,   -8,   -8,  -12,  -10,  -10,  -10,  -10,   -6,   -6,  -10,  -10,  -36,   -8,   -8,  -32,
      -4,  -32,   -8,  -12,   -8,   -4,   -6,   -6,   -4,   -8,   -6,   -2,   -4,   -4,   -4,   -4,
      -4,   -4,   -4,   -6,   -6,   -6,   -6,   -6,   -6,   -8,   -4,   -4,   -6,   -4,   -4,   -8,
      -2,   -2,   -2,   -6,   -4,   -4,   -6,   -6,  -32,   -4,  -16,   -4,   -6,   -6,   -6,   -4,
     -12,   -6,   -6,   -6,   -6,   -6,   -6,   -6,   -6,   -6,   -6,  -12,   -2,    3,   -4,   -4,
     -16,   -8,  -18,  -12,  -24,   -8,  -24,  -16,  -16,  -12,  -24,   -8,   -8,  -12,   -4,  -12,
     -12,   -4,   -4,   -8,   -8,  -28,   -8,   -8,  -16,  -12,  -16,   -8,  -28,  -28,  -12,  -16,
      -8,   -8,   -8,  -16,   -8,  -18,  -25,  -18,  -25,   -8,  -16,  -12,  -16,  -18,   -8,  -16,
     -24,  -16,  -16,  -24,  -16,  -16,   -8,  -16,  -24,  -24,  -24,  -10,  -20,  -20,  -12,   -8,
     -24,   -4,   -8,   -4,  -12,   -8,  -10,  -24,   -8,  -20,  -20,  -12,   -4,  -10,  -24,   -8,
     -24,   -8,   -8,  -24,  -18,  -32,  -16,  -32,   -8,  -10,  -10,  -10,  -16,  -16,  -24,  -24,
     -24,  -18,  -32,  -10,  -10,  -10,  -10,  -10,  -10,  -16,  -24,  -10,  -24,  -24,  -16,  -24,
     -10,  -10,  -10,  -32,  -24,  -32,  -32,   -8,   36,  -12,  -28,   -4,   -8,  -32,  -10,  -16,
     -20,  -12,   -8,  -10,  -20,   -6,  -16,   24,   -4,   -4,   -4,  -32,  -32,  -20,   -4,   -4,
      -4,  -20,  -20,   -8,  -32,  -20,   -4,   -4,  -16,   18,   -4,  -16,  -12,  -12,  -24,  -30,
     -12,  -16,  -20,   -8,  -16,  -16,  -20,  -12,  -30,  -24,  -16,   -4,   -4,  -16,  -16,  -16,
     -16,  -14,   -4,   -4,   -8,   -8,  -16,   -8,  -16,  -16,  -12,  -20,  -16,  -12,  -20,  -12,
     -30,  -30,  -16,  -16,  -16,  -16,  -16,  -16,  -16,  -16,   -4,   -4,   -4,  -16,   -8,  -16,
     -16,  -12,  -20,  -16,  -16,  -16,  -14,  -14,   -4,   -4,   -4,   -8,   -4,   -8,   -8,  -16,
     -16,  -16,  -16,  -12,  -12,  -16,  -30,   -4,  -16,  -16,  -16,   -4,   -4,  -16,   -8,  -20,
     -16,  -20,  -40,  -32,  -40,  -40,  -16,  -16,  -36,  -44,  -20,  -44,  -12,  -20,  -16,  -40,
     -38,  -38,  -24,  -40,   -8,   -4,  -28,  -28,  -38,  -28,  -32,  -16,  -32,  -28,  -20,  -24,
     -28,  -32,  -28,  -32,  -24,  -12,  -44,  -44,  -40,  -60,  -60,  -48,  -40,  -38,  -72,  -59,
      -8,    4,   16,  -38,  -28,  -68,  -64,  -32,  -28,  -60,  -64,  -38,  -40,  -40,    4,    8,
      -4,  -28,    8,  -28,  -28,  -32,  -52,  -56,  -20,  -32,  -32,  -38,  -44,   -8,  -40,  -62,
     -60,   20,   -4,  -38,  -28,  -28,  -40,  -28,  -12,  -24,   28,  -16,   28,   -8,  -28,   -8,
       2,    2,  -24,  -24,  -32,    2,    2,  -24,  -32,  -16,  -16,   -8,   -8,   -4,  -24,  -12,
      -4,  -24,   -4,  -24,   -8,  -12,  -24,  -16,  -28,  -12,  -29,  -32,  -12,   -2,   -2,   -6,
      -4,   -4,   -2,   -8,   -4,  -12,  -10,  -32,  -29,  -36,   -2,   -2,   -2,   -2,   -4,   -2,
      -2,  -10,  -36,   -2,   -4,   -6,   -4,   -4,   -4,   -4,   -4,  -29,  -29,  -29,   -2,   -2,
      -2,   -4,  -36,  -30,  -16,  -30,  -16,  -16,  -28,  -12,  -29,  -32,  -12,   -2,   -2,   -6,
      -4,   -4,   -2,   -8,   -4,  -12,  -10,  -30,  -29,  -36,   -2,   -2,   -2,   -2,   -4,   -2,
      -2,  -10,  -36,   -2,   -4,   -6,   -4,   -4,   -4,   -4,   -4,  -29,  -29,  -29,   -2,   -2,
      -2,   -4,  -36,  -30,  -16,  -30,  -16,  -12,  -16,   -4,   -4,  -10,  -20,  -24,  -12,   -6,
      -4,   -4,   -8,   -6,   -6,   -2,  -14,   -4,   -2,  -14,   -2,   -4,   -2,  -14,   -6,   -4,
      -6,   -4,   -4,   -6,   -6,   -6,  -20,  -20,   -4,   -2,   -2,   -4,   -8,  -16,  -12,  -16,
     -12,   -4,  -12,  -16,   -8,  -24,  -12,  -16,  -16,  -24,  -16,   -8,  -12,  -12,   -9,  -12,
     -12,  -24,  -12,  -24,  -24,  -16,   -9,  -24,  -12,  -28,  -20,  -28,  -20,   -8,  -12,  -12,
      -4,  -12,  -10,  -18,  -20,  -14,   -8,   -6,  -20,   -8,  -16,   -4,   -4,   -2,   -4,  -32,
     -36,  -20,   -4,  -20,  -20,   -8,  -12,  -20,   -4,   -4,  -16,   -4,  -16,  -12,  -26,  -79,
     -58,  -58,  -32,  -58,  -58,  -26,   -8,  -32,  -32,  -32,  -32,  -12,  -34,  -60,  -32,  -60,
     -32,  -24,  -58,  -63,  -32,  -26,  -63,  -28,  -58,  -79,  -26,  -58,  -67,  -67,  -32,  -67,
     -32,  -32,  -32,  -32,  -32,  -73,  -32,  -32,  -63,  -62,  -32,  -67,  -32,  -32,  -32,  -34,
     -12,  -73,  -34,  -32,  -32,  -32,  -53,  -28,  -28,  -79,  -67,  -32,  -32,  -32,  -34,  -62,
     -24,  -32,  -24,  -22,  -32,  -58,  -50,  -84,  -40,  -20,   -6,   -4,  -14,   -6,   -4,  -62,
     -20,  -44,  -40,  -48,   -8,  -36,   -6,   -8,   -2,  -12,   -8,  -26,  -20,  -26,   -8,  -20,
     -48,   -8,  -26,  -16,   -8,  -62,  -62,  -40,  -20,  -48,  -26,  -80,  -72,  -80,  -72,  -22,
     -74,  -54,  -54,  -32,  -54,  -54,  -22,   -8,  -54,  -54,  -54,  -54,  -12,  -56,  -56,  -54,
     -56,  -32,  -24,  -58,  -62,  -26,  -14,  -56,  -28,  -32,  -74,  -22,  -46,  -70,  -70,  -70,
     -70,  -70,  -74,  -74,  -74,  -74,  -68,  -74,  -74,  -62,  -62,  -70,  -70,  -74,  -74,  -74,
     -68,  -12,  -68,  -68,  -74,  -74,  -74,  -54,  -54,  -54,  -74,  -70,  -70,  -74,  -74,  -68,
     -62,  -24,  -29,  -24,  -21,  -74,  -54,  -42,   -8,   -8,   -8,  -12,   -2,   -2,   -6,   -4,
      -4,   -6,  -13,   -6,  -13,   -8,   -8,   -8,   -8,   -2,   -8,   -8,   -6,  -13,   -8,   -2,
     -12,   -2,   -2,   -6,   -8,   -8,   -8,   -2,  -13,  -19,  -19,  -20,  -40,  -28,  -40,  -32,
      -8,   -8,  -24,  -40,   -4,  -40,  -14,   -4,   -8,   -4,  -28,  -28,  -28,   -8,  -28,   -4,
      -4,  -10,  -10,  -28,  -10,  -20,   -8,   -8,   -4,   -4,   -8,  -20,  -28,  -16,  -40,  -40,
     -28,  -28,  -28,  -46,  -28,  -28,  -28,  -28,   -4,    4,    2,  -28,  -10,  -28,  -28,   -8,
      -4,   -4,  -28,  -28,  -28,  -28,  -28,   -4,   -4,   -4,  -10,    4,   -4,  -10,  -10,  -20,
     -20,  -20,   -8,   -8,  -28,  -40,   -4,  -28,  -28,  -28,   -4,   -4,  -28,  -10,   -4,  -40,
     -20,   -8,   -8,   -8,   -8,   -8,   -8,   -8,   -8,   -4,   -2,   -2,   -8,   -8,   -2,   -8,
      -8,   -4,   -2,   -8,   -4,   -2,  -20,   -8,   -8,   -4,   -4,   -4,   -4,   -4,   -2,   -2,
      -2,  -12,   -8,   -2,   -2,   -4,   -2,   -4,   -4,   -2,   -8,  -17,  -17,   -8,   -8,   -8,
     -17,  -12,  -12,   -4,   -2,   -2,   -8,   -2,   -8,   -8,   -8,  -20,  -16,  -32,  -16,  -32,
     -28,   -4,   -4,  -28,  -44,   -8,  -40,  -12,   -8,   -8,  -28,  -36,  -36,  -20,  -32,   -8,
     -20,  -20,  -36,  -20,  -29,  -16,  -16,  -16,  -12,  -12,  -16,  -20,  -16,  -16,   -8,   -4,
     -44,  -44,  -28,  -44,  -36,  -28,  -28,  -36,  -64,  -52,  -14,    8,   24,  -36,  -20,  -36,
     -60,  -16,  -16,  -28,  -40,  -36,  -32,  -32,   16,    4,   -2,  -20,   16,  -20,  -20,  -29,
     -29,  -29,  -12,  -20,  -20,  -36,  -44,  -12,  -28,  -28,  -36,   -8,   -6,  -36,  -20,  -16,
     -32,  -16,   -4,   -8,  -46,  -16,  -46,  -28,  -16,  -16,  -16,  -34,  -16,  -32,  -16,  -16,
       4,    8,    4,  -16,  -24,  -24,  -12,  -22,  -14,  -14,  -24,  -14,  -22,  -12,  -12,  -12,
      -8,   -8,  -12,  -16,  -26,  -16,  -12,  -34,  -48,    4,  -16,  -16,  -16,  -16,  -16,  -24,
     -24,  -24,  -24,  -14,  -24,  -24,  -12,  -12,  -16,  -16,  -24,  -22,  -22,  -14,  -14,  -14,
     -22,  -22,  -22,   -8,  -16,  -16,  -24,  -34,  -16,  -16,  -24,  -24,  -14,    4,  -12,  -46,
     -26,  -12,  -26,  -10,  -26,  -16,   -6,   -8,   -8,   -4,   -4,   -8,   -8,   -6,  -10,   -6,
      -6,   -6,   -6,   -6,   -8,   -8,   -8,   -8,   -4,   -8,   -8,   -6,   -6,   -8,   -4,   -4,
      -4,   -6,   -6,   -6,   -8,   -6,   -6,   -8,   -8,   -4,  -26,  -16,  -56,  -26,  -56,  -24,
     -50,   -8,  -40,  -16,   -8,   -4,    8,    8,    8,    8,  -36,  -40,  -40,  -18,  -40,   -6,
      -2,  -28,  -28,  -40,  -28,  -36,  -16,  -20,  -18,  -12,  -16,  -18,  -24,  -44,  -26,  -16,
     -50,    8,  -36,  -36,  -36,  -36,  -36,  -40,  -40,  -40,   -6,   -6,   -6,  -40,  -28,  -40,
     -40,  -20,  -18,  -36,  -36,  -40,  -40,  -40,   -6,   -6,   -6,  -28,   -2,  -28,  -28,  -36,
     -36,  -36,    8,  -12,  -24,  -24,  -40,  -50,   -6,  -36,  -36,  -40,   -6,   -6,  -40,  -28,
       8,  -18,  -56,  -44,  -16,   -8,  -32,  -16,  -32,   -8,   -8,   -8,  -14,  -12,  -12,  -12,
      -8,  -16,  -16,  -12,  -12,  -12,  -12,  -12,  -12,  -12,   -8,   -8,   -8,  -12,  -12,  -12,
     -32,  -16,   -7,   -8,   -4,   -8,  -16,   -8,  -20,  -20,  -20,  -16,   -4,   -4,   -4,  -16,
      -8,   -4,   -4,   -4,  -20,  -20,  -27,  -27,  -92,  -40,  -44,  -38,  -12,  -20,  -20,  -40,
      -8,  -20,  -20,    4,  -24,   -4,  -40,  -20,    4,   10,  -36,  -12,   -8,   -6,   -8,   -8,
      -8,   -6,   12,   -4,  -12,  -24,  -20,  -40,  -24,  -64,  -16,  -24,  -40,  -40,  -40,  -28,
     -12,  -72,  -16,  -16,   -8,  -12,  -20,  -24,  -40,  -36,  -50,  -28,  -20,  -40,  -40,  -12,
      16,   -8,  -40,  -16,   10,  -12,   10,  -44,   -8,  -16,   -8,  -12,   -2,   -8,  -28,  -28,
     -12,  -28,   -8,   -4,  -12,   -4,  -28,   12,  -34,   12,  -12,  -12,  -24,   -4,  -20,  -18,
     -32,  -12,  -24,  -24,  -38,  -28,  -24,  -24,  -28,  -28,  -43,  -43,  -12,  -41,  -12,   -4,
     -11,  -10,  -11,  -22,  -10,   -8,   -4,    8,  -24,  -11,    4,   -2,   -4,   -4,   -4,   -4,
     -12,   -8,  -12,  -12,   -4,   -4,   -2,  -11,  -22,   -8,  -22,  -40,  -40,   -4, -109,  -16,
     -57,  -46,  -16,  -16,  -16,  -32,   -8,   -8,  -40,  -16,  -40,  -12,   -8,  -12,   -8,  -12,
     -12,  -28,  -16,  -22,  -20,  -26,  -24,  -16,  -22,  -32,  -48,  -26,  -22,  -26,  -20,  -20,
     -16,  -24,  -28,  -16,  -22,  -32,  -26,  -26,  -28,  -22,  -12,  -36,  -24,  -12,  -57,  -32,
     -12,  -44,  -12,  -20,   -6,    4,  -20,  -24,   -6,  -36,  -12,  -32,  -40,    8,   -4,  -16,
      -4,   -2,   -4,   -4,   -4,   -4,   -4,   -2,   -8,   -2,  -20,  -32,  -24,  -24,   -8,   -4,
      -4,   -2,   -2,   -4,   -4,  -20,  -28,   -4,  -68,  -28,  -24,  -53,  -53,  -17,   -4,  -12,
      -4,   -8,   -4,   -4,   -8,   -4,   -4,   -4,   -4,   -4,   -4,   -4,   -8,   -8,   -8,   -4,
      -8,   -4,   -8,   -4,   -4,  -12,  -16,   -8,  -12,  -12,  -15,   -4,   -4,   -4,   -8,   -4,
      -4,   -8,   -4,   -4,   -4,   -4,   -4,   -4,   -4,   -4,   -8,   -4,   -4,   -6,   -4,   -4,
      -4,   -8,   -4,   -8,  -12,  -12,  -92,  -20,  -44,  -38,  -12,  -20,  -20,  -20,   -8,  -20,
     -20,    4,  -24,   -4,  -40,  -20,    4,   10,  -36,  -12,   -8,   -6,   -8,   -8,   -8,   -6,
      12,   -4,  -12,  -24,  -20,  -16,  -24,  -64,  -16,  -24,  -40,  -40,  -28,  -28,  -12,  -72,
     -16,  -16,   -8,  -12,  -20,  -24,  -40,  -36,  -50,  -28,  -20,  -40,   -8,  -12,   16,   -8,
     -40,  -16,   10,  -12,   10,  -44,   -8,   -2,   -4,   -8,   -4,   -4,   -2,   -2,   -4,  -12,
      -8,  -12,   -4,   -4,   -8,   -8,  -12,   -4,  -16,  -20,   -4,   -8,   -8,  -12,   -4,  -16,
      -4,  -24,  -41,  -24,   -4,   -7,  -14,   -7,  -22,  -14,   -4,   -4,    8,  -24,  -19,    4,
      -2,   -4,   -4,   -4,   -4,  -16,  -24,  -16,  -32,   -4,   -4,   -2,  -11,  -22,  -28,  -22,
     -40,  -40,   -4,   -7,   -7,   -8,   -4,   -8,   -4,   -8,   -8,   -8,   -7,  -12,  -41,  -12,
      -4,   -7,  -10,   -7,  -22,  -10,   -8,   -4,    8,  -24,  -19,    4,   -2,   -4,   -4,   -4,
      -4,  -12,   -8,  -12,  -12,   -4,   -4,   -2,  -11,  -22,   -8,  -22,  -40,  -40,   -4,  -12,
     -12,   -4,   -8,  -16,   -8,   -4,  -16,   -8,   -8,   -8,   -8,  -16,   -6,   -8,   -4,  -12,
      -4,   -8,  -16,  -16,  -16,  -17,  -17,  -20,  -20,  -17,  -14,    4,  -10,   -8,    4,  -10,
     -20,   -2,   -8,   -8,   -8,   -6,   -4,    4,   -9,   -4,   -4,   -8,   -8,   -4,   -4,  -12,
      -8,   -8,   -4,   -4,   -4,   -4,   -8,   -4,   -4,    8,   -8,   -8,  -18,  -10,  -12,  -12,
     -20,  -28,  -36,  -19,    8,  -36,  -16,  -28,   -4,   -4,   -4,    8,   12,   -4,   -8,   -4,
      -8,   -8,   -4,   -4,   -4,  -16,   -4,   -8,   -8,   -4,   -4,  -16,   -8,   -8,   -4,   -4,
     -19,   -4,  -36,   -4,   -4,   -4,  -20,  -12,  -12,   -4,   -3,   -8,   -4,  -10,   -8,   -8,
      -4,   -4,   -8,   -4,   -8,   -8,   -8,  -10,   -4,  -12,   -4,   -8,   -8,  -12,  -12,  -12,
     -24,  -10,   -4,  -12,   -8,   -8,   -8,   -4,   -4,   -8,   -3,   -8,  -12,  -12,  -12,  -40,
     -20,  -40,  -32,   -8,   -8,  -20,  -16,   -4,   -8,  -40,  -12,  -36,   -8,   -4,   -4,  -12,
      -4,   -4,   -8,  -14,  -28,  -12,  -20,  -24,  -28,  -20,  -20,  -20,  -32,  -20,  -28,  -16,
     -28,  -20,   -8,  -12,  -12,  -20,  -20,  -20,  -32,  -28,  -28,  -20,  -20,   -4,  -20,  -20,
     -20,   -4,  -40,  -16,  -15,  -15,  -14,  -14,  -20,   -4,  -16,  -12,   -4,   -8,   -4,   -6,
      -4,   -6,   -8,   -8,  -16,   -8,  -20,  -12,  -12,  -12,  -17,  -17,  -15,  -12,  -12,   -8,
      -6,   -8,   -4,   -4,   -6,   -8,   -8,   -8,   -8,   -8,  -12,   -4,   -4,   -4,   -4,  -24,
     -24,  -24,  -20,   -4,   -4,   -4,   -8,   -4,  -12,   -4,   -4,   -8,   -4,   -6,   -8,   -8,
      -8,  -20,  -20,  -12,  -14,    4,  -10,   -4,    4,  -10,   -8,   -2,   -8,   -8,   -4,  -11,
      -4,    4,   -9,   -4,   -4,   -8,   -8,   -4,   -4,  -12,   -8,   -8,   -4,   -4,   -4,   -4,
      -8,   -4,   -4,    8,   -8,   -8,  -18,  -10,  -12,  -12,  -20,  -29,   -4,    4,    4,   -6,
     -16,   -8,   -4,   -2,   -8,  -29,  -29,   -8,   -8,    2,   -2,   -4,   -4,   -4,   -4,   -4,
      -8,  -32,   -4,   -6,   -6,   -6,  -20,  -20,  -80,  -20,  -32,  -19,  -17,  -20,   -2,   -4,
      -4,  -32,  -14,   -4,   -4,   -4,  -12,   -4,  -10,   -8,  -64,  -32,  -29,  -10,  -10,  -24,
       4,   -2,   -2,  -26,    4,   -4,  -12,   -4,   -4,   -3,   -4,  -28,   -2,   -4,   -4,  -12,
     -14,  -14,   -8,   -8,  -31,   -7,  -17,  -17,   -8,  -26,  -15,  -36,  -12,  -10,  -27,   -2,
      -4,   -2,   -2,   -4,   -8,   -4,   -2,   -2,   -4,   -4,   -4,  -14,  -14,  -12,  -19,  -10,
     -10,  -10,  -16,    4,   -4,  -10,  -10,  -14,  -14,  -44,  -36,  -24,  -14,   -6,  -20,  -14,
      -4,  -10,  -28,   -8,   -8,  -36,  -38,  -38,  -27,  -10,   -6,   -7,   -4,   -8,   -8,   -4,
      -8,   -4,  -12,   -4,   -8,   -4,   -8,   -4,   -4,   -8,   -4,  -16,   -8,   -6,   -8,   -8,
      -4,   -4,  -24,  -38,  -22,   -4,   -6,    8,    8,   -6,   -6,   -6,   -6,    8,  -19,   -2,
      -2,   -2,   -2,   -2,    8,  -43,    8,  -16,  -16,  -16,  -10,  -16,  -28,  -28,  -36,   -8,
      -8,  -18,   -8,  -29,  -29,  -22,   -5,   -5,   -5,   -8,    4,   -4,   -5,   -5,   -7,   -7,
     -21,    5,  -15,   -9,   12,  -34,   12,  -20,  -20,  -36,   -4,  -12,  -16,  -20,  -20,  -36,
     -36,  -12,  -41,  -12,   -4,   -7,  -22,   -7,  -44,  -22,  -30,  -16,    8,  -24,  -19,    4,
      -2,   -4,   -4,   -4,   -4,  -12,   -8,  -12,  -12,   -4,   -4,   -2,  -11,  -44,   -8,  -44,
     -79,  -79,   -4,  -50,    4,   -4,  -12,   -4,   -4,  -24,  -32,  -28,   -2,   -4,   -4,  -12,
     -46,  -46,  -92,  -60,  -44,  -38,  -40,  -40,  -20,  -60,   -8,  -20,  -20,    4,  -24,   -4,
     -40,  -20,    4,   10,  -80,  -12,  -20,   -6,  -20,  -20,   -8,  -12,   12,   -4,  -32,  -52,
     -28,  -44,  -44,  -64,  -40,  -56,  -60,  -80,  -60,  -60,  -36,  -72,  -32,  -48,  -32,  -20,
     -48,  -56,  -64,  -84,  -60,  -60,  -20,  -40,   -8,  -12,   16,   -8,  -20,  -40,   10,  -12,
      10,  -44,   -8,  -80,  -20,  -32,  -19,  -17,  -20,   -2,   -4,   -9,  -32,  -14,   -9,   -9,
      -4,  -12,   -9,  -10,   -8,  -64,  -32,  -26,    4,   -4,  -12,   -4,   -4,   -3,    8,  -28,
      -2,   -4,   -4,  -12,  -14,  -14,  -12,  -41,  -12,   -8,   -7,  -10,   -7,  -22,  -10,   -8,
      -4,    8,  -24,  -19,    4,   -2,   -4,   -4,   -4,   -4,  -12,   -8,  -12,  -12,   -4,   -4,
      -2,  -11,  -22,   -8,  -22,  -40,  -40,   -8, -109,  -16,  -57,  -46,  -16,  -16,  -16,  -64,
     -20,   -8,  -40,  -16,  -84,  -12,   -8,  -12,  -20,  -12,  -12,  -28,  -16,  -22,  -20,  -26,
     -24,  -16,  -22,  -32,  -48,  -26,  -22,  -26,  -20,  -20,  -16,  -24,  -28,  -16,  -22,  -32,
     -26,  -26,  -28,  -22,  -12,  -36,  -24,  -12,  -57,  -64,  -31,  -31,  -14,   -2,   -8,   -2,
      -2,   -2,   -2,  -31,  -33,  -12,  -12,  -24,  -36,  -28,  -12,  -12,  -24,  -24,  -29,  -29,
      -8,  -46,  -16,  -46,  -28,  -16,  -16,  -16,  -34,  -16,  -32,   -8,  -16,    4,    8,    4,
     -16,  -24,  -24,  -12,  -22,  -14,  -14,  -24,  -14,  -22,  -12,  -12,  -12,   -8,   -8,  -12,
     -16,  -26,  -16,  -12,  -34,  -24,    4,  -16,  -16,  -16,  -16,  -16,  -24,  -24,  -24,  -24,
     -14,  -24,  -24,  -12,  -12,  -16,  -16,  -24,  -22,  -22,  -14,  -14,  -14,  -22,  -22,  -22,
      -8,  -16,  -16,  -24,  -34,  -16,  -16,  -24,  -24,  -14,    4,  -12,  -46,  -26,  -12,  -26,
     -10,  -26,  -16,   -6,   -8,   -8,   -4,   -4,   -8,   -4,   -6,  -10,   -6,   -6,   -6,   -6,
      -6,   -8,   -8,   -8,   -8,   -4,   -8,   -8,   -6,   -6,   -8,   -4,   -4,   -4,   -6,   -6,
      -6,   -8,   -6,   -6,   -8,   -8,   -4,  -26,  -16,  -56,  -26,  -56,  -24,  -50,   -8,  -40,
      -8,   -8,   -4,    8,    8,    8,    8,  -36,  -40,  -40,  -18,  -40,   -6,   -2,  -28,  -28,
     -40,  -28,  -36,  -16,  -20,  -18,  -12,  -16,  -18,  -24,  -44,  -26,  -16,  -50,    8,  -36,
     -36,  -36,  -36,  -36,  -40,  -40,  -40,   -6,   -6,   -6,  -40,  -28,  -40,  -40,  -20,  -18,
     -36,  -36,  -40,  -40,  -40,   -6,   -6,   -6,  -28,   -2,  -28,  -28,  -36,  -36,  -36,    8,
     -12,  -24,  -24,  -40,  -50,   -6,  -36,  -36,  -40,   -6,   -6,  -40,  -28,    8,  -18,  -56,
     -44,  -16,  -20,  -40,  -32,  -40,  -40,  -16,  -16,  -36,  -44,  -20,  -44,  -12,  -20,  -16,
     -40,  -38,  -38,  -24,  -40,   -8,   -4,  -28,  -28,  -38,  -28,  -32,  -16,  -32,  -28,  -20,
     -24,  -28,  -32,  -28,  -32,  -24,  -12,  -44,  -44,  -40,  -60,  -60,  -48,  -40,  -38,  -72,
     -59,   -8,   -4,    8,  -38,  -28,  -68,  -64,  -32,  -28,  -60,  -64,  -38,  -40,  -40,    4,
       8,   -4,  -28,    8,  -28,  -28,  -32,  -52,  -56,  -20,  -32,  -32,  -38,  -44,   -8,  -40,
     -62,  -60,   20,   -4,  -38,  -28,  -28,  -40,  -28,  -12,  -40,  -40,  -18,  -48,   -8,  -40,
     -16,   -8,   -8,  -20,  -20,  -24,  -12,   -4,   -8,   -8,  -20,   -8,  -20,  -12,  -48,  -48,
     -92,   -8,   -8,   -8,   -8,   -8,  -20,  -20,  -20,   16,  -20,   -8,  -20,  -20,   -4,   -8,
      -8,  -20,  -12,  -12,   -8,   -4,   -8,   -8,  -20,  -20,  -20,  -20,  -48,   -8,   -8,  -20,
       8,  -20,   -8,  -17,  -16,  -53,  -22,  -52,  -10,  -41,  -16,  -17,  -16,  -17,  -19,  -14,
     -14,  -19,  -26,  -16,  -10,  -14,  -22,  -14,  -26,  -26,  -10,  -10,  -14,  -24,  -26,  -26,
     -17,  -14,  -14,  -82,  -52,  -40,  -40,  -40,  -40,  -20,   -8,  -10,  -40,  -20,  -40,  -20,
      -8,   -8,  -38,  -48,  -48,  -36,  -32,  -18,   -8,   -8,  -48,   -8,  -32,  -24,  -20,  -16,
     -12,   -8,  -16,  -56,  -40,  -40,  -38,  -38,  -38,  -38,  -38,  -48,  -48,  -48,  -48,   -8,
     -48,  -48,  -20,  -16,  -18,  -38,  -38,  -48,  -32,  -32,   -8,  -18,   -8,   -8,  -32,  -32,
     -32,  -12,  -48,  -40,  -38,  -38,  -48,  -48,   -8,  -16,  -40,  -24,  -16,  -12,  -12,  -44,
     -20,  -40,  -36,  -48,  -20,   -8,   -8,   -8,  -20,  -20,  -40,  -36,  -40,  -20,  -48,   -8,
      -8,   -8,   -8,   -8,   -8,  -20,  -40,   -8,  -44,  -44,  -36,  -36,   -8,   -8,   -8,  -48,
     -40,  -36,  -40,  -12,  -24,  -40,  -12,  -44,  -40,  -44,  -65,  -14,  -28,   -4,   -4,   -4,
      -4,   -4,   -4,  -12,   -6,  -12,   -4,   -4,  -12,   -4,   -4,   -4,   -4,   -6,   -4,  -12,
};

static const EpdLigaturePair literatamono_12_regularLigaturePairs[] = {
    { 0x00660069, 0xFB01 }, // f i -> U+FB01
    { 0x0066006C, 0xFB02 }, // f l -> U+FB02
};

static const EpdFontData literatamono_12_regular = {
    literatamono_12_regularBitmaps,
    literatamono_12_regularGlyphs,
    literatamono_12_regularIntervals,
    68,
    37,
    30,
    -8,
    true,
    literatamono_12_regularGroups,
    13,
    nullptr,
    nullptr,  // kernLeftClasses: built-in fonts use the split arrays below
    nullptr,  // kernRightClasses
    literatamono_12_regularKernLeftCodepoints,
    literatamono_12_regularKernLeftClassIds,
    literatamono_12_regularKernRightCodepoints,
    literatamono_12_regularKernRightClassIds,
    nullptr,  // kernMatrix: built-in fonts use the sparse form below
    literatamono_12_regularKernRowOffsets,
    literatamono_12_regularKernSparseCols,
    literatamono_12_regularKernSparseValues,
    559,
    504,
    162,
    190,
    literatamono_12_regularLigaturePairs,
    2,
};
