/**
 * generated by fontconvert.py
 * name: literatamono_18_italic
 * size: 18
 * mode: 2-bit  compressed: true
 * Command used: fontconvert.py literatamono_18_italic 18 ../builtinFonts/source/Literata/Literata-Italic.ttf --2bit --compress --pnum --zopfli --mono
 */
#pragma once
#include "EpdFontData.h"

static const uint8_t literatamono_18_italicBitmaps[19319] = {
    0x8C, 0x95, 0x5F, 0x8A, 0x24, 0x49, 0x08, 0x87, 0x3F, 0xF0, 0xB5, 0xC1, 0xAB, 0xF4, 0x01, 0x12,
    0xBC, 0xBA, 0x30, 0xAF, 0x0B, 0x75, 0x15, 0x0F, 0x20, 0xFC, 0xB6, 0x32, 0x8C, 0xFA, 0x93, 0xD3,
    0xB5, 0x3B, 0x13, 0xA1, 0x9F, 0x10, 0x2D, 0x6A, 0x18, 0x66, 0x17, 0x86, 0xD7, 0xDA, 0xF9, 0xDC,
    0xFC, 0xBE, 0xBF, 0xD6, 0x06, 0xEE, 0x54, 0xCE, 0xFE, 0xE2, 0xF0, 0x94, 0x67, 0xBF, 0x84, 0x5A,
    0xF2, 0xED, 0x40, 0x71, 0x80, 0x25, 0xF5, 0x93, 0x5F, 0x2E, 0x49, 0x35, 0xC4, 0xB1, 0xE4, 0x03,
    0x8F, 0x4D, 0x67, 0x53, 0xE7, 0xCA, 0x21, 0xCD, 0x24, 0x89, 0x9D, 0xEA, 0x4A, 0xEA, 0xAA, 0xA1,
    0x32, 0xA9, 0xBD, 0x52, 0x9E, 0xA9, 0xE0, 0xA1, 0xBF, 0x3A, 0x48, 0x22, 0x93, 0xA8, 0xC4, 0x3B,
    0x31, 0x25, 0xA8, 0x21, 0x04, 0xA6, 0xC2, 0xD4, 0xD8, 0xAD, 0xB1, 0xD4, 0xD6, 0xD0, 0xAF, 0xBB,
    0xDA, 0xD2, 0x1E, 0xBD, 0x55, 0x48, 0xE9, 0x12, 0x78, 0x82, 0x6D, 0x15, 0x58, 0xE1, 0x2A, 0x2C,
    0x09, 0x2B, 0x3C, 0x69, 0x9A, 0xE0, 0xDD, 0xF4, 0x98, 0x5A, 0xC6, 0xC6, 0x78, 0x8E, 0x01, 0xC2,
    0x2A, 0x00, 0x57, 0x1E, 0x08, 0x13, 0xED, 0x2A, 0xB0, 0x0A, 0x6B, 0xB0, 0x6C, 0x1A, 0x7C, 0x4C,
    0xD0, 0x1C, 0x70, 0xEC, 0xA8, 0x63, 0x6A, 0x19, 0x2B, 0xC2, 0x1A, 0x4F, 0x42, 0x85, 0xAF, 0x80,
    0x04, 0xF0, 0x0D, 0x18, 0x80, 0x4B, 0x80, 0xA4, 0xE4, 0x74, 0xAC, 0x2D, 0x91, 0x9B, 0x71, 0x27,
    0x78, 0x22, 0x80, 0x77, 0x2A, 0xF2, 0xC9, 0x70, 0xDD, 0x20, 0x90, 0x4E, 0x89, 0x32, 0xB5, 0x35,
    0x14, 0x73, 0xA5, 0xE0, 0xA4, 0x16, 0xFB, 0x07, 0x05, 0x36, 0x9C, 0x8C, 0x89, 0x4B, 0x02, 0x93,
    0x0A, 0x20, 0x81, 0x43, 0x7D, 0x5F, 0x55, 0xDF, 0x90, 0x58, 0xE2, 0x89, 0x43, 0x40, 0x33, 0xD7,
    0xB4, 0xA9, 0x3C, 0x4F, 0x89, 0x24, 0xD8, 0xA2, 0xFF, 0x96, 0x78, 0x4A, 0xE2, 0x5B, 0x76, 0x28,
    0x0A, 0x1A, 0x0E, 0x08, 0xE6, 0x33, 0x08, 0x70, 0x96, 0xC3, 0xD3, 0xA7, 0x97, 0x5C, 0x03, 0xFD,
    0x49, 0xD8, 0xA2, 0x4B, 0xE5, 0x56, 0xAF, 0x0B, 0x1D, 0x50, 0x4B, 0x70, 0x20, 0xC6, 0x1E, 0xEE,
    0x84, 0x47, 0xC6, 0x3F, 0x02, 0xE5, 0x64, 0xBD, 0x35, 0xFA, 0x0A, 0xFA, 0x70, 0x88, 0x29, 0x91,
    0x03, 0xB0, 0xFA, 0x2B, 0x48, 0x52, 0x2E, 0x60, 0x09, 0xFF, 0x0F, 0xCF, 0xA8, 0xE8, 0x68, 0x6F,
    0xAB, 0xFB, 0x4E, 0xA7, 0xF9, 0x46, 0xAA, 0x11, 0x23, 0x2A, 0x4A, 0xA5, 0x3B, 0x0D, 0x5E, 0xB5,
    0x34, 0x50, 0xA3, 0x56, 0x8F, 0x50, 0x5B, 0x5F, 0x6E, 0xE3, 0x7A, 0x75, 0xB3, 0x8B, 0xDB, 0x9F,
    0x23, 0x02, 0xFE, 0xC1, 0x0D, 0xBE, 0x00, 0x57, 0x41, 0x48, 0xD0, 0x68, 0xE6, 0x6C, 0xCD, 0xB9,
    0xE7, 0x1D, 0x91, 0x58, 0x05, 0x1B, 0xAD, 0xBF, 0x43, 0x5D, 0xE0, 0x0B, 0x19, 0x0B, 0x49, 0xE0,
    0x85, 0xF0, 0xB6, 0xC6, 0x34, 0xC9, 0x13, 0x48, 0x08, 0xE5, 0x08, 0x7E, 0x91, 0xBF, 0x1A, 0x9B,
    0xAB, 0x84, 0xCE, 0x85, 0x01, 0x26, 0x81, 0x4B, 0x3B, 0x75, 0x63, 0x3D, 0xD0, 0x80, 0xE6, 0x38,
    0x01, 0x76, 0x85, 0xD7, 0x89, 0x04, 0xE2, 0x84, 0x60, 0xBB, 0xBD, 0xCE, 0x01, 0x34, 0xFE, 0xBE,
    0xDA, 0x46, 0x24, 0x8E, 0x20, 0x90, 0xA4, 0x37, 0xC0, 0x37, 0x10, 0x2A, 0x4C, 0x3A, 0xDD, 0xD1,
    0x89, 0x98, 0x7B, 0xC4, 0xEE, 0x7B, 0x3C, 0xC3, 0xC6, 0x25, 0x5D, 0x24, 0xB8, 0x38, 0xB1, 0xCE,
    0xC4, 0x3E, 0x1C, 0x78, 0x5D, 0x91, 0x2B, 0xA8, 0x16, 0x40, 0x04, 0xD6, 0x84, 0x54, 0xB8, 0xB4,
    0x1F, 0x1E, 0xD0, 0xC6, 0xC4, 0xF3, 0x85, 0x00, 0xE2, 0x44, 0xEF, 0x77, 0x1F, 0x78, 0x0A, 0x82,
    0x8D, 0x3D, 0x2B, 0x73, 0x85, 0x1E, 0x04, 0x34, 0x7D, 0x42, 0x92, 0x7A, 0x01, 0x68, 0x3E, 0xC2,
    0x76, 0x31, 0x85, 0xA4, 0x3C, 0xC1, 0xE0, 0xD3, 0x27, 0x99, 0x57, 0xDC, 0x1E, 0x4D, 0xB4, 0xFA,
    0xD1, 0x88, 0x8F, 0xDD, 0xF8, 0x82, 0xD8, 0x2D, 0x01, 0xB1, 0xE1, 0x4D, 0x48, 0x79, 0x6D, 0x49,
    0x02, 0xAF, 0x81, 0xC9, 0x79, 0xA6, 0xB2, 0x3E, 0x51, 0x73, 0xE0, 0x27, 0xB8, 0x3C, 0x95, 0x8A,
    0x70, 0x35, 0x8A, 0x5F, 0xA2, 0x9B, 0x48, 0xD5, 0x89, 0x9C, 0xBE, 0x79, 0xF6, 0x09, 0xBD, 0x23,
    0x32, 0x1E, 0x20, 0x12, 0x3D, 0x66, 0xD3, 0x0B, 0xA4, 0x84, 0x68, 0x90, 0xA4, 0x7A, 0xA1, 0xC1,
    0xB2, 0xC0, 0x17, 0xA8, 0xCB, 0xA8, 0x2C, 0x5C, 0xFA, 0xE6, 0x0B, 0xD7, 0x5A, 0xC5, 0x65, 0x94,
    0xFB, 0xEA, 0x5B, 0x97, 0x66, 0x6A, 0x01, 0x7E, 0xCC, 0x6E, 0x5D, 0x67, 0x17, 0xFC, 0x79, 0x8F,
    0xC0, 0x5F, 0x1F, 0x9A, 0xEC, 0x79, 0x19, 0x01, 0x52, 0x61, 0x15, 0x8D, 0xA7, 0x89, 0x00, 0x4D,
    0x23, 0x1A, 0xFC, 0x8A, 0x48, 0x6D, 0x88, 0x48, 0x6B, 0x5C, 0x93, 0x3C, 0xC1, 0xF2, 0x55, 0x50,
    0xCE, 0x1C, 0xCD, 0x03, 0x25, 0x9A, 0x0A, 0xE2, 0x3D, 0x80, 0x7F, 0xC0, 0x44, 0xCE, 0xC0, 0xEE,
    0xC8, 0xB8, 0xA5, 0xAB, 0x3D, 0x4D, 0x97, 0x87, 0xBD, 0xA0, 0xF9, 0xC6, 0x9A, 0x9A, 0xA1, 0x8F,
    0x22, 0x24, 0x30, 0xF5, 0x9E, 0x1C, 0xC3, 0x2B, 0x7A, 0xED, 0x32, 0x7E, 0x5F, 0x46, 0x94, 0xD6,
    0x8E, 0x34, 0xC8, 0x87, 0xAF, 0x7F, 0xF0, 0x05, 0xCF, 0xA8, 0x73, 0xFB, 0xFC, 0x9C, 0x64, 0xAC,
    0xEC, 0xC0, 0x01, 0x08, 0xBC, 0x40, 0x89, 0x35, 0x44, 0x62, 0x8F, 0x13, 0xA0, 0x77, 0xF5, 0xDE,
    0x80, 0x72, 0xFE, 0x60, 0x02, 0xA2, 0xC0, 0x7A, 0xBB, 0x7C, 0x87, 0xA4, 0x5C, 0xE0, 0xF3, 0x7A,
    0xFF, 0x09, 0x9C, 0xAC, 0xEF, 0xB1, 0x12, 0xEC, 0x3D, 0x03, 0x1A, 0xF5, 0x5D, 0xD1, 0x69, 0xEA,
    0x55, 0x58, 0xEE, 0xAC, 0x00, 0x06, 0x48, 0xB8, 0x94, 0x81, 0x57, 0x60, 0x2D, 0x68, 0x25, 0x1D,
    0x49, 0x7F, 0x41, 0x4F, 0x70, 0xAF, 0x29, 0x5A, 0x49, 0x08, 0xA2, 0x21, 0x80, 0x83, 0xB1, 0xFE,
    0xD0, 0x4B, 0x97, 0xA7, 0x36, 0xD5, 0xE8, 0xAA, 0x93, 0xB7, 0xFF, 0x99, 0x8F, 0x49, 0x8C, 0xDE,
    0x25, 0xCF, 0x35, 0x3C, 0xBD, 0x00, 0x2B, 0x4F, 0x80, 0x0A, 0x4C, 0x37, 0xFA, 0x20, 0x24, 0x8E,
    0x46, 0xC4, 0xDD, 0x58, 0x13, 0x44, 0x59, 0x3D, 0x8C, 0x88, 0xF2, 0x6D, 0x72, 0x1B, 0x13, 0xC7,
    0x9B, 0x09, 0xBA, 0xBC, 0x3C, 0xA8, 0xB6, 0x8A, 0xB0, 0xBB, 0x51, 0x87, 0xF2, 0x40, 0xF5, 0x6F,
    0x6B, 0x66, 0x94, 0xE3, 0xBA, 0x0E, 0x82, 0x61, 0x24, 0x5E, 0x2B, 0xB1, 0x95, 0x59, 0x40, 0x24,
    0xB6, 0x8E, 0x34, 0x0B, 0x38, 0x5B, 0x41, 0xEA, 0x2B, 0x12, 0xB7, 0xF0, 0xDB, 0x71, 0xD2, 0x9C,
    0xCE, 0xB4, 0x57, 0xA7, 0xB2, 0xBF, 0x1F, 0xCD, 0xB4, 0x6D, 0x4C, 0x30, 0xC6, 0x8E, 0x74, 0x56,
    0x1E, 0x05, 0x1B, 0xCD, 0xC9, 0x07, 0xEF, 0x31, 0x46, 0x80, 0xA4, 0x9F, 0x49, 0x63, 0xEE, 0xCC,
    0x68, 0x84, 0xEB, 0x97, 0xF0, 0x9F, 0xB3, 0x78, 0x89, 0x08, 0x84, 0x8F, 0xB2, 0x71, 0xB4, 0x50,
    0x4B, 0x40, 0x9C, 0x72, 0x49, 0x8D, 0xAF, 0xC4, 0x20, 0xF0, 0x99, 0x0C, 0x99, 0xF5, 0x04, 0xEE,
    0x0E, 0x64, 0xDB, 0x85, 0x7D, 0xBF, 0x7B, 0xDE, 0xA2, 0xE9, 0xA8, 0x83, 0xAC, 0x44, 0x13, 0xDB,
    0x88, 0x44, 0x91, 0x96, 0x8E, 0x1B, 0xB0, 0x48, 0x17, 0xF2, 0x28, 0x04, 0x8B, 0x62, 0x7B, 0xA1,
    0xAC, 0xDE, 0x44, 0x60, 0x89, 0x17, 0x47, 0xCB, 0xA6, 0x1E, 0x69, 0xCB, 0xCE, 0x45, 0x7C, 0x33,
    0x56, 0x9F, 0xA4, 0xA2, 0xEF, 0xE9, 0x9F, 0xE7, 0x98, 0xF1, 0xF1, 0xF9, 0x9D, 0xDC, 0x21, 0x85,
    0x88, 0x16, 0x43, 0x66, 0xC2, 0x1D, 0x79, 0x66, 0xBE, 0x4D, 0x05, 0x6D, 0x12, 0x0E, 0xBE, 0x0D,
    0xFF, 0xF2, 0x18, 0x14, 0x7E, 0x7A, 0x5C, 0x55, 0xA0, 0x70, 0x83, 0x27, 0xC1, 0x20, 0x4E, 0x92,
    0x51, 0xBC, 0x5B, 0x51, 0xBC, 0xC8, 0xB1, 0x48, 0x39, 0x18, 0x3B, 0xF5, 0x47, 0xE6, 0x85, 0x51,
    0xE4, 0xA6, 0x78, 0x51, 0x9B, 0x69, 0xD4, 0x17, 0x40, 0xC1, 0x47, 0x7F, 0x1A, 0xAE, 0xCD, 0x71,
    0x81, 0x31, 0x3E, 0x78, 0xC6, 0x0A, 0xC4, 0x2B, 0x56, 0x59, 0x10, 0x44, 0xAF, 0xC1, 0x31, 0xA2,
    0x3A, 0x4E, 0x90, 0x58, 0xAB, 0xE6, 0xE9, 0x32, 0xE4, 0xA3, 0xCB, 0x58, 0xD7, 0x02, 0xBC, 0xBE,
    0x8C, 0x57, 0xC8, 0x0C, 0x60, 0x46, 0x17, 0x66, 0xF2, 0x8A, 0x2E, 0xA3, 0x2C, 0x83, 0x03, 0xD1,
    0xD5, 0xB4, 0xE2, 0x8A, 0x8A, 0x37, 0xA2, 0x4B, 0xD2, 0x76, 0x12, 0xA8, 0xA6, 0xA0, 0x2D, 0x0A,
    0x38, 0xA3, 0x6B, 0xED, 0x02, 0x31, 0x39, 0x11, 0xF9, 0x48, 0xA4, 0x19, 0x94, 0xE9, 0x90, 0x19,
    0x4D, 0x14, 0x1F, 0x89, 0x3F, 0x4B, 0x66, 0xE6, 0x12, 0xFC, 0xF1, 0x0D, 0xE1, 0xDF, 0x25, 0xFB,
    0x44, 0xC3, 0x21, 0xA6, 0x19, 0x9A, 0xA8, 0xED, 0x3F, 0x6E, 0x7C, 0x6E, 0xF8, 0x52, 0xCD, 0xD4,
    0x4C, 0x52, 0xFA, 0xA0, 0xE5, 0x8B, 0xF6, 0xF4, 0x5B, 0xBE, 0xB6, 0xE5, 0xD1, 0x8B, 0xA4, 0x66,
    0x70, 0x26, 0xD8, 0xB7, 0xF6, 0x90, 0xC1, 0x2E, 0xF9, 0x50, 0xD7, 0x61, 0x01, 0x7B, 0x51, 0xAC,
    0xA8, 0x54, 0x4C, 0x10, 0x7F, 0xC7, 0x7B, 0x9A, 0x94, 0x4D, 0x05, 0x0D, 0xEC, 0x3D, 0x0C, 0xE8,
    0xE0, 0xB3, 0x1F, 0xC6, 0x7D, 0xD3, 0x18, 0x25, 0x4D, 0x26, 0x01, 0xAB, 0x9E, 0xFC, 0xD7, 0xB8,
    0x4E, 0x6C, 0x46, 0x2D, 0xBE, 0x66, 0xB7, 0xA4, 0xA3, 0xA6, 0xD0, 0xF4, 0xB1, 0xD9, 0x83, 0x81,
    0x12, 0xFA, 0xC9, 0x88, 0xE8, 0x59, 0x02, 0xE7, 0x88, 0x2C, 0x03, 0x4E, 0xD3, 0x69, 0x6C, 0x30,
    0x6C, 0x19, 0xED, 0x59, 0x7F, 0xC0, 0x9F, 0x0C, 0x67, 0x18, 0x28, 0xD6, 0x4E, 0x46, 0xC8, 0x6E,
    0x8C, 0x03, 0x94, 0x65, 0xE8, 0x30, 0x72, 0x1B, 0x86, 0xEE, 0x46, 0x9C, 0x8C, 0x4C, 0x93, 0x8E,
    0xEA, 0xDD, 0xD0, 0x2E, 0x8A, 0xBC, 0x06, 0x5C, 0x7D, 0xCC, 0xA5, 0x8C, 0xA3, 0xC4, 0x10, 0xEC,
    0xA8, 0x5C, 0x87, 0x58, 0x8B, 0x0C, 0xF1, 0x16, 0x1E, 0x12, 0x2D, 0x34, 0x24, 0x4F, 0xA2, 0x76,
    0x14, 0x71, 0x1C, 0xCC, 0xDC, 0x5B, 0x78, 0x48, 0xB6, 0xD0, 0x59, 0xD4, 0x6B, 0x00, 0x53, 0xC4,
    0x57, 0x1A, 0x3C, 0x2E, 0xB2, 0x9C, 0x44, 0x30, 0x9C, 0x48, 0x5C, 0xC0, 0xAE, 0x33, 0x15, 0xA4,
    0x49, 0x02, 0x33, 0x7F, 0x62, 0x2C, 0xE2, 0x53, 0xE3, 0x7B, 0xBC, 0x89, 0xEF, 0x37, 0x70, 0xA6,
    0x41, 0x18, 0xB9, 0x07, 0xD1, 0x4C, 0x83, 0xE9, 0x85, 0x34, 0x94, 0x2C, 0x49, 0xB2, 0x0E, 0x0E,
    0x1A, 0x79, 0x40, 0x0C, 0xCC, 0xF5, 0x0E, 0xEB, 0xA4, 0x3E, 0xA0, 0x89, 0xBA, 0xE5, 0xA3, 0xE8,
    0xCF, 0x4C, 0x60, 0x3A, 0x0D, 0xBB, 0x9D, 0xE9, 0x36, 0xAC, 0x1D, 0x73, 0x1F, 0x00, 0xCF, 0x91,
    0x40, 0xE0, 0x3B, 0x52, 0x08, 0xFC, 0x36, 0x05, 0x7E, 0xFA, 0x41, 0x62, 0x0A, 0x3C, 0x37, 0x05,
    0xBE, 0x6B, 0x99, 0x3F, 0xB4, 0xEF, 0x42, 0x28, 0xC7, 0xDE, 0x60, 0xBF, 0xC0, 0x55, 0x9F, 0x8E,
    0xA2, 0x05, 0x15, 0x0C, 0xAA, 0x1B, 0x41, 0x08, 0x88, 0xE3, 0xEF, 0x2D, 0x02, 0xA1, 0xB4, 0xBF,
    0x56, 0x8A, 0x72, 0xA9, 0x14, 0x3F, 0xAD, 0x17, 0x69, 0xE5, 0x47, 0xF6, 0x43, 0x36, 0x7C, 0x95,
    0x13, 0x05, 0xF4, 0x66, 0x50, 0x66, 0x30, 0x0E, 0x35, 0x32, 0x66, 0x78, 0x7C, 0x1D, 0xCE, 0xD2,
    0x29, 0xC5, 0x28, 0x95, 0x66, 0x47, 0xE0, 0xA9, 0x61, 0x1F, 0x23, 0x41, 0xC7, 0xB3, 0x74, 0xEB,
    0xE9, 0x42, 0x1A, 0x73, 0xB3, 0x36, 0x3A, 0xA6, 0x36, 0x75, 0x0F, 0x74, 0x5E, 0x67, 0xE9, 0x37,
    0x78, 0x25, 0x7D, 0xD0, 0x2A, 0x88, 0xB5, 0x83, 0xB8, 0x93, 0x47, 0xC4, 0xE2, 0x46, 0x45, 0xFA,
    0xBF, 0xD4, 0x77, 0x48, 0xE0, 0xB8, 0xB7, 0xCD, 0x42, 0xCF, 0xF5, 0x84, 0xF4, 0x2E, 0x30, 0x5E,
    0xAC, 0xDD, 0xFE, 0x42, 0xE4, 0x77, 0xD1, 0xBF, 0xC9, 0x7D, 0x17, 0x29, 0xC1, 0x71, 0xF4, 0xF7,
    0x51, 0x84, 0x5B, 0x14, 0x91, 0xDB, 0xD1, 0xD0, 0x6B, 0x48, 0x7B, 0xBE, 0x04, 0xDB, 0xD4, 0x44,
    0x6A, 0x1D, 0x32, 0xE2, 0xA4, 0xC5, 0x5B, 0x8E, 0x35, 0xCD, 0x78, 0xB4, 0x01, 0xC7, 0xE9, 0x12,
    0xB8, 0x49, 0x21, 0x1B, 0x1C, 0x1B, 0x25, 0x3E, 0x05, 0xBB, 0x4E, 0x3E, 0x4A, 0xB0, 0xB5, 0xE0,
    0x26, 0x0C, 0x49, 0xA1, 0x96, 0xE1, 0xEF, 0x0D, 0x12, 0x27, 0xF1, 0x16, 0xF1, 0x71, 0xF1, 0xB8,
    0x0F, 0xCB, 0xC2, 0xBC, 0x99, 0xA3, 0xD0, 0x1E, 0xC8, 0x4A, 0x1C, 0xCB, 0x22, 0x58, 0x6B, 0x44,
    0x02, 0x4B, 0xFD, 0x68, 0xE1, 0xAE, 0xE7, 0xB0, 0x8C, 0x32, 0xE6, 0x38, 0xEF, 0xD3, 0xE2, 0x7B,
    0x8C, 0x41, 0xB3, 0x07, 0x06, 0x6C, 0x62, 0x09, 0xCB, 0xCB, 0x72, 0x58, 0xA4, 0xC3, 0x0F, 0x4A,
    0xCA, 0xBB, 0xF5, 0x0D, 0x37, 0x6C, 0xBB, 0x15, 0x24, 0xD8, 0xDE, 0x86, 0xC3, 0xC2, 0xEF, 0x27,
    0x3D, 0x59, 0x46, 0x0C, 0x4B, 0x6D, 0xEC, 0xEE, 0x51, 0x1A, 0x48, 0x17, 0xB2, 0xD6, 0x6F, 0xF0,
    0x53, 0xC2, 0x34, 0x08, 0x72, 0xDC, 0x06, 0x41, 0xD5, 0xDF, 0x97, 0xD3, 0x57, 0x50, 0x82, 0x1F,
    0x1D, 0xBF, 0xC3, 0x71, 0x92, 0x6C, 0x91, 0xC4, 0x3B, 0xB5, 0x65, 0x43, 0x76, 0x8B, 0x79, 0x7F,
    0xA3, 0xC4, 0x70, 0x94, 0x02, 0xD1, 0xBE, 0x0E, 0xEC, 0xA7, 0xA6, 0xAC, 0x3D, 0x33, 0x8F, 0x49,
    0xB4, 0xE4, 0x38, 0x7B, 0x56, 0xC8, 0xE5, 0x35, 0xD6, 0x56, 0x90, 0xAD, 0xB0, 0xBA, 0xC6, 0x93,
    0x2A, 0x24, 0x5A, 0x64, 0x88, 0x7F, 0x2A, 0x76, 0x10, 0xCE, 0x3C, 0xED, 0xA0, 0x33, 0x01, 0x27,
    0xCA, 0x9E, 0x72, 0xD2, 0xCB, 0x6F, 0x7D, 0x58, 0xD7, 0xB1, 0x3A, 0xC0, 0xB8, 0x60, 0xE0, 0xCD,
    0x7F, 0x4A, 0xC7, 0x2B, 0x17, 0xC4, 0x87, 0xE7, 0xA3, 0xEF, 0x7C, 0x66, 0x26, 0x20, 0x69, 0xA3,
    0x19, 0x5D, 0xDB, 0x1B, 0x8F, 0x13, 0x3E, 0x2F, 0xFB, 0x93, 0x32, 0x28, 0xAE, 0xC7, 0x55, 0x58,
    0x96, 0x67, 0x77, 0x74, 0xAA, 0x1E, 0xA3, 0x6F, 0x6F, 0x7C, 0x88, 0xD0, 0x2F, 0x1F, 0x58, 0x1F,
    0xB2, 0xE7, 0x0F, 0x4D, 0x1F, 0xFC, 0xA3, 0x31, 0xEA, 0xAB, 0x1D, 0xCD, 0x6A, 0xD9, 0x0D, 0xD7,
    0x86, 0x3B, 0xD8, 0xA8, 0x49, 0x24, 0xDF, 0x46, 0x98, 0xEB, 0x1B, 0xDE, 0xBB, 0xE1, 0xD4, 0x89,
    0xC7, 0xD1, 0x3A, 0x9B, 0xD6, 0x35, 0xB7, 0x4B, 0xEA, 0xE3, 0xAB, 0xD8, 0xEF, 0x27, 0xBE, 0x89,
    0x32, 0xB1, 0xE7, 0xAA, 0x11, 0x16, 0x1D, 0xCE, 0x42, 0xAC, 0x63, 0xE9, 0xC2, 0x73, 0x6D, 0xC6,
    0x4F, 0xD0, 0x07, 0x64, 0x20, 0x69, 0x1B, 0x50, 0x0A, 0xED, 0xEA, 0x3A, 0x24, 0x4D, 0xBD, 0xCE,
    0x7D, 0x31, 0x45, 0xB2, 0xC0, 0x6F, 0x95, 0x6E, 0x5F, 0x0F, 0x70, 0x1A, 0x9E, 0x4C, 0xC7, 0xC6,
    0xF1, 0x00, 0x3D, 0xD0, 0xC5, 0xF5, 0x03, 0xEC, 0x46, 0xC9, 0xF7, 0x33, 0xCA, 0x91, 0x13, 0x1C,
    0x1C, 0x00, 0xF6, 0x3B, 0x05, 0xB5, 0x1E, 0x25, 0xE9, 0xF2, 0x6B, 0x97, 0x1F, 0xF5, 0xE7, 0xB1,
    0x0B, 0xE1, 0x40, 0xD9, 0x21, 0x5D, 0xF6, 0x23, 0xA6, 0xAE, 0x3D, 0xD1, 0xBF, 0xD4, 0xC8, 0xCB,
    0x95, 0xD2, 0xC9, 0x26, 0xF6, 0xC3, 0xD2, 0x09, 0x6A, 0xE8, 0x4F, 0x30, 0x3D, 0xF8, 0x5F, 0xFC,
    0xFF, 0xFB, 0x3F, 0xAE, 0xFE, 0xCF, 0xF2, 0x7F, 0xB4, 0xFF, 0x89, 0xEC, 0x30, 0x52, 0xA9, 0x91,
    0xBA, 0x12, 0x7A, 0x76, 0xA8, 0xC8, 0xA3, 0xA7, 0x45, 0x27, 0xF9, 0x75, 0xE4, 0x9C, 0xA3, 0xF7,
    0x48, 0xFD, 0x79, 0xA4, 0x9C, 0xB3, 0xF8, 0x4C, 0xF6, 0xE5, 0x6D, 0x40, 0x8C, 0xB1, 0x36, 0x3C,
    0x81, 0x33, 0x03, 0xB8, 0xE1, 0x6F, 0x3F, 0x42, 0xDF, 0x00, 0xFD, 0x84, 0x6D, 0x22, 0x1D, 0x38,
    0x3D, 0x95, 0x21, 0xEB, 0x6D, 0x78, 0x79, 0x5F, 0xA2, 0x8B, 0x1A, 0xD5, 0xEA, 0x44, 0x99, 0xA3,
    0x07, 0xF1, 0xB1, 0x6B, 0x90, 0x74, 0x4F, 0xBA, 0x69, 0xF9, 0xBB, 0xDC, 0xAD, 0xE9, 0x9B, 0xA4,
    0x95, 0xAF, 0x31, 0xE9, 0x46, 0xDD, 0x89, 0x2E, 0x96, 0x96, 0xA4, 0xFD, 0x0D, 0x86, 0x4B, 0x18,
    0x94, 0x26, 0xBF, 0xC7, 0xAF, 0x22, 0xF7, 0xF2, 0x2B, 0xCD, 0x4D, 0xBC, 0xC8, 0x45, 0x07, 0x65,
    0xE7, 0xDD, 0x8A, 0xDF, 0xCD, 0x3F, 0x9D, 0xB9, 0xFF, 0xD0, 0x62, 0x36, 0xE3, 0x42, 0x27, 0xF9,
    0x6E, 0xA6, 0x15, 0xB1, 0xA2, 0xCD, 0x0A, 0x47, 0xE6, 0x79, 0xCB, 0xF1, 0xC5, 0x3D, 0x96, 0xBC,
    0x9E, 0xFC, 0xF8, 0xCB, 0x26, 0x6E, 0x9C, 0x3D, 0x92, 0xAF, 0xB9, 0x84, 0xCF, 0xBC, 0x7A, 0x7A,
    0xDD, 0x08, 0x29, 0xB7, 0xE2, 0x04, 0xED, 0xD3, 0xD5, 0x67, 0x1B, 0x2D, 0xBD, 0x9B, 0x51, 0x1E,
    0xE3, 0x40, 0x0A, 0xFC, 0x1B, 0x6E, 0x85, 0x84, 0xEB, 0xCB, 0x2A, 0x28, 0x01, 0x08, 0xF6, 0xF2,
    0xD4, 0x3D, 0x7B, 0xFF, 0x55, 0x58, 0x4F, 0x2A, 0xB5, 0xD1, 0x49, 0xB9, 0xE1, 0xBD, 0xD1, 0x68,
    0xD4, 0x98, 0x32, 0xC5, 0x90, 0x19, 0x19, 0x57, 0x88, 0xD2, 0xFC, 0x83, 0x26, 0x2F, 0x9B, 0x49,
    0x79, 0xB8, 0x13, 0x9C, 0xD1, 0xAD, 0x35, 0xA3, 0x46, 0x50, 0x9E, 0x0E, 0x4E, 0xC7, 0x19, 0x8E,
    0xB0, 0xAB, 0x38, 0x8C, 0x8D, 0xCB, 0xD8, 0x0E, 0x86, 0xCB, 0xC9, 0xF0, 0x65, 0xDC, 0x6D, 0x19,
    0x46, 0x94, 0x36, 0x8C, 0xBB, 0x71, 0xD2, 0x30, 0x3A, 0xD2, 0xB0, 0xA7, 0xBC, 0x18, 0x6B, 0x6B,
    0xA8, 0xDF, 0xC3, 0x90, 0xB4, 0x69, 0xD0, 0x78, 0x59, 0x35, 0xEE, 0x39, 0x98, 0xDE, 0x97, 0xDD,
    0x67, 0x58, 0x56, 0x14, 0x5A, 0xDC, 0x2E, 0xF4, 0x26, 0x8A, 0xF6, 0xE6, 0xDD, 0x16, 0xD3, 0xB0,
    0xED, 0x38, 0xF3, 0xAB, 0xD3, 0xAA, 0x37, 0xF7, 0x07, 0xA4, 0x65, 0xE4, 0xE9, 0x21, 0xA9, 0x1A,
    0xE5, 0x9E, 0x99, 0x75, 0xC1, 0x1A, 0x71, 0x02, 0xE5, 0x40, 0x02, 0x6A, 0x14, 0x58, 0x7B, 0x05,
    0x3B, 0xF3, 0xC4, 0x04, 0xC2, 0x3D, 0xCA, 0x60, 0x2C, 0x9A, 0x61, 0x3D, 0xAE, 0xD8, 0x28, 0x0B,
    0x4A, 0xE1, 0x67, 0xD8, 0x03, 0x59, 0xA8, 0x65, 0x0F, 0x48, 0x02, 0x82, 0xF2, 0x78, 0x70, 0x62,
    0xF3, 0x08, 0x04, 0xCE, 0x3A, 0x9E, 0xAD, 0xFB, 0x5F, 0x90, 0x3E, 0x40, 0x64, 0xB7, 0x7F, 0xB2,
    0x30, 0xD5, 0x18, 0xB6, 0x01, 0xB5, 0x1A, 0x4D, 0x7A, 0x50, 0xE7, 0xCA, 0x91, 0x2C, 0x7F, 0xC0,
    0xD7, 0x2C, 0x1A, 0xD4, 0xC8, 0xE8, 0xAB, 0x1C, 0x54, 0xFE, 0xA1, 0xEE, 0x9B, 0x3C, 0xFA, 0xAD,
    0x3C, 0xD2, 0x3D, 0x6D, 0x74, 0x5A, 0x3D, 0xCE, 0x9D, 0x7D, 0x75, 0x22, 0xF8, 0xFF, 0xB8, 0x20,
    0x8A, 0x95, 0x22, 0x2F, 0x48, 0xD2, 0x3A, 0x60, 0xC0, 0x3A, 0x37, 0xFE, 0xB3, 0x2F, 0x9C, 0x96,
    0x26, 0xA6, 0x99, 0x98, 0xF2, 0xB7, 0x5E, 0x66, 0x56, 0x8F, 0x73, 0xD7, 0x4C, 0xCB, 0xB1, 0x03,
    0xB9, 0x74, 0xFF, 0xB5, 0x1B, 0x07, 0x3B, 0xB6, 0x5F, 0x41, 0x73, 0x3D, 0x9F, 0xBB, 0xF6, 0xEC,
    0xBB, 0xFD, 0xDD, 0xE4, 0x49, 0x05, 0xF1, 0x86, 0xE6, 0x7D, 0x91, 0xC1, 0x6F, 0xDB, 0x29, 0x7F,
    0x9A, 0xB2, 0xA8, 0xCD, 0x10, 0xB3, 0x91, 0x2D, 0x90, 0xB2, 0x6F, 0x44, 0x86, 0x96, 0x41, 0x1C,
    0x39, 0x6E, 0xA6, 0xAC, 0xB3, 0x3B, 0x2D, 0xC4, 0x09, 0xEC, 0x13, 0x62, 0x94, 0x80, 0x12, 0x29,
    0xB0, 0x8D, 0xF9, 0x22, 0xD6, 0x8E, 0xC7, 0xD9, 0xF3, 0x9A, 0x80, 0x9D, 0x1E, 0x03, 0x23, 0x2B,
    0x75, 0xD2, 0xB0, 0xA1, 0xD4, 0xCA, 0x43, 0xE9, 0xAC, 0xD5, 0x4E, 0x2A, 0x76, 0x50, 0x71, 0xC4,
    0xB1, 0x44, 0xA9, 0x96, 0x6E, 0xA5, 0x1A, 0xD8, 0xC2, 0x6F, 0x41, 0x7D, 0x40, 0x17, 0xC9, 0xA5,
    0x1E, 0xCA, 0xD6, 0x31, 0xA1, 0xA8, 0x1F, 0x1C, 0x79, 0x0A, 0xFE, 0xE0, 0x32, 0x32, 0x48, 0xED,
    0x81, 0xC4, 0x18, 0x01, 0x35, 0x9D, 0xC3, 0xBB, 0xF7, 0xF0, 0xFA, 0x4B, 0xE6, 0x2C, 0xD4, 0x42,
    0x24, 0xA2, 0x0A, 0x8B, 0x85, 0xCE, 0xCB, 0x43, 0x56, 0xEA, 0x7A, 0x4B, 0xCB, 0xFB, 0x37, 0x9A,
    0xCE, 0xEF, 0x1B, 0xAE, 0xE3, 0x51, 0x1C, 0x9C, 0xB0, 0xFC, 0xED, 0x2F, 0xFC, 0x2D, 0x27, 0x7F,
    0x53, 0xBC, 0x70, 0x7A, 0x43, 0x2E, 0x35, 0x94, 0xE0, 0xCE, 0xFA, 0xD8, 0xCD, 0xB7, 0x0F, 0xA4,
    0x47, 0x90, 0x19, 0xDD, 0xAB, 0x14, 0xE9, 0x2A, 0x52, 0xCC, 0xFB, 0x63, 0x2B, 0xBA, 0xE7, 0x89,
    0x0E, 0xE5, 0x3E, 0x11, 0x37, 0xB1, 0x4E, 0x48, 0xA1, 0xD8, 0x9E, 0x74, 0xEF, 0x01, 0x4A, 0x0F,
    0xE9, 0xF5, 0xBE, 0xE8, 0xFA, 0x34, 0x68, 0xDC, 0xCC, 0xFD, 0x68, 0x22, 0x2E, 0xED, 0x75, 0x5D,
    0x82, 0x15, 0x82, 0xD4, 0x45, 0xD7, 0x6B, 0xBB, 0xBC, 0xA2, 0x5E, 0x1A, 0x38, 0x59, 0xA4, 0x5F,
    0x36, 0xBC, 0x39, 0x9B, 0x76, 0x13, 0xC3, 0x4F, 0xAF, 0x47, 0xE1, 0x6F, 0x0C, 0x0B, 0x69, 0x1C,
    0xC1, 0x24, 0x41, 0x6C, 0x9A, 0x21, 0x16, 0x92, 0x49, 0x5D, 0x97, 0xFD, 0x07, 0x8C, 0x94, 0x51,
    0x6A, 0x24, 0x3B, 0x12, 0x45, 0x0F, 0xC4, 0xAF, 0xE1, 0x6E, 0xA5, 0x16, 0x20, 0x88, 0xAD, 0x07,
    0xD4, 0x6F, 0x83, 0xB7, 0x12, 0xE0, 0xDF, 0x80, 0x3B, 0xA3, 0x4C, 0x51, 0xAE, 0x79, 0xE3, 0xEE,
    0x7E, 0x92, 0xEE, 0x39, 0xA6, 0x92, 0x10, 0x19, 0x99, 0x56, 0x42, 0xA9, 0x73, 0x72, 0xD4, 0x01,
    0x40, 0xD4, 0xF7, 0xD4, 0x3F, 0x66, 0x9E, 0xE9, 0x4A, 0x60, 0x9D, 0x3C, 0x20, 0x5D, 0x61, 0x77,
    0xF4, 0xD7, 0xA8, 0x7A, 0xB2, 0xBE, 0x26, 0xF9, 0x1C, 0xF3, 0x6C, 0x47, 0x31, 0xAF, 0x70, 0x47,
    0xE0, 0x93, 0xFC, 0xC5, 0xE4, 0xAF, 0x68, 0xF9, 0xDA, 0x03, 0xB2, 0x5F, 0xDB, 0x02, 0x05, 0x84,
    0x0D, 0xC8, 0x6E, 0xC8, 0x8A, 0x06, 0x13, 0x03, 0x43, 0x5C, 0x4B, 0x43, 0xF4, 0x59, 0xF0, 0x5B,
    0xDA, 0x9E, 0xC3, 0xAB, 0x1C, 0x78, 0x67, 0xBE, 0xF3, 0x2A, 0x51, 0xC5, 0x6C, 0x92, 0x10, 0x85,
    0x8A, 0xE8, 0x4D, 0x9B, 0xAC, 0xB4, 0x6D, 0x54, 0xE1, 0xE1, 0x03, 0xA2, 0x58, 0x9B, 0x29, 0x27,
    0xBA, 0x2E, 0xCD, 0x7D, 0x5F, 0x83, 0xEA, 0xCF, 0x88, 0x46, 0xA3, 0x46, 0xF6, 0x90, 0x39, 0xC9,
    0x80, 0x78, 0x40, 0x60, 0x37, 0x76, 0x1D, 0xC5, 0x40, 0x34, 0x97, 0x0A, 0x0C, 0x3A, 0x02, 0xB2,
    0xC8, 0x5B, 0x0B, 0x50, 0x33, 0x40, 0x74, 0xF4, 0xD6, 0x44, 0x01, 0x8C, 0x0A, 0x64, 0xCB, 0xBD,
    0x95, 0x6E, 0x20, 0x07, 0x00, 0x1D, 0xF5, 0x86, 0x6D, 0xF7, 0xD1, 0xF9, 0xF1, 0xB7, 0xAA, 0x37,
    0x85, 0x5D, 0x2F, 0x29, 0xBF, 0xC7, 0x5A, 0x00, 0xB0, 0x5E, 0x63, 0xF6, 0x80, 0x07, 0x90, 0x2E,
    0xB0, 0x87, 0xE8, 0xD8, 0xC0, 0xA8, 0xE2, 0xC2, 0xA0, 0xE2, 0x81, 0x1A, 0x38, 0xAD, 0x00, 0xB8,
    0x80, 0x6C, 0x68, 0x19, 0x06, 0x17, 0x43, 0x0E, 0x26, 0x4C, 0x16, 0x26, 0x9B, 0x2C, 0x19, 0x15,
    0x2E, 0x15, 0x39, 0x82, 0x30, 0xEF, 0xC5, 0xAF, 0x6D, 0x45, 0x0C, 0xD9, 0xB1, 0x6B, 0x5E, 0x68,
    0x15, 0xB2, 0x21, 0x3C, 0x90, 0x7B, 0x96, 0x71, 0x5D, 0x93, 0x24, 0x81, 0xF4, 0x79, 0x5C, 0x06,
    0xB2, 0xF7, 0x62, 0x20, 0xAE, 0x56, 0x8C, 0x51, 0xA5, 0x3B, 0x11, 0xA6, 0x55, 0x19, 0xCD, 0x44,
    0xAD, 0x5B, 0x13, 0x45, 0x47, 0x8F, 0x0A, 0x8E, 0xF8, 0x49, 0xD1, 0x13, 0x97, 0x76, 0x1D, 0x71,
    0xED, 0xB2, 0x54, 0xC9, 0x44, 0x0B, 0x55, 0xBA, 0x92, 0x68, 0x99, 0xE1, 0xFC, 0x8B, 0x90, 0x8D,
    0xEB, 0x75, 0x67, 0xE4, 0xDD, 0xF3, 0x93, 0xB0, 0x51, 0x25, 0x42, 0x24, 0xC9, 0x22, 0x99, 0x2B,
    0x3E, 0xF9, 0xBC, 0xB2, 0xE2, 0x93, 0x94, 0x48, 0x6B, 0x62, 0x54, 0x04, 0x1F, 0xA7, 0x64, 0x98,
    0xE8, 0xE8, 0xFB, 0x8B, 0x60, 0x8C, 0x63, 0xAE, 0x64, 0x19, 0x75, 0xD6, 0xBE, 0xC6, 0x44, 0xB3,
    0x18, 0x44, 0xEE, 0x5A, 0x9F, 0x01, 0xE4, 0xFF, 0xC7, 0x7D, 0xDF, 0x18, 0x59, 0xF9, 0xA9, 0xFF,
    0xE6, 0xB3, 0xFD, 0xA9, 0xF6, 0x2F, 0xB7, 0x3F, 0xB2, 0xAD, 0x1D, 0x75, 0x4A, 0xB5, 0xE2, 0x59,
    0xB2, 0xC1, 0x8D, 0x3D, 0xF6, 0xC8, 0xA4, 0x6B, 0x54, 0x1D, 0x67, 0x8D, 0x2A, 0x8D, 0x06, 0xA2,
    0xFF, 0x91, 0xBA, 0xE2, 0x33, 0x88, 0xE2, 0xC7, 0xA8, 0x78, 0x1F, 0x3E, 0x83, 0x07, 0x72, 0x3B,
    0xA6, 0x99, 0x21, 0x87, 0x7C, 0xB0, 0x60, 0x60, 0xCE, 0xC7, 0x21, 0xEF, 0x3F, 0x25, 0xB4, 0x38,
    0x55, 0x7C, 0x20, 0x77, 0xC6, 0x2C, 0x56, 0x92, 0x79, 0x97, 0x44, 0x63, 0xF0, 0x40, 0xDE, 0x6B,
    0xEE, 0x15, 0x63, 0xB7, 0x0C, 0x0B, 0x87, 0xA3, 0x55, 0xC9, 0xD9, 0x3A, 0x0B, 0xFF, 0x80, 0x21,
    0xF9, 0x33, 0xE2, 0x1D, 0x46, 0x07, 0xAE, 0x99, 0x0F, 0xBB, 0x3D, 0x93, 0x95, 0x6D, 0x80, 0xBF,
    0xA0, 0x00, 0xD4, 0x1E, 0xDC, 0xEE, 0x70, 0x1B, 0xB9, 0x87, 0xBC, 0x51, 0xEF, 0xF0, 0xFF, 0x22,
    0xDF, 0xF0, 0x3C, 0xD0, 0x46, 0x6C, 0x90, 0x1B, 0xC4, 0x4F, 0xE8, 0xBF, 0xA3, 0x38, 0x50, 0x81,
    0x0C, 0x07, 0xB3, 0xD1, 0x90, 0xB8, 0xDC, 0x2E, 0x57, 0x12, 0x25, 0x84, 0x5A, 0xC3, 0x90, 0x8C,
    0xC7, 0x45, 0xE3, 0x6B, 0xC5, 0xBF, 0x5B, 0x76, 0xD9, 0x45, 0x16, 0xE1, 0x41, 0x95, 0xDC, 0x53,
    0xB5, 0xB3, 0x50, 0xCD, 0xC9, 0xBA, 0x7F, 0xFB, 0xBE, 0xEA, 0x01, 0x17, 0x1F, 0x3C, 0xCE, 0x01,
    0x59, 0xA8, 0xC4, 0xEB, 0xD4, 0x18, 0x93, 0x75, 0xC7, 0xE1, 0x18, 0xB5, 0xEE, 0xD3, 0xC6, 0x39,
    0x7C, 0x3C, 0x28, 0xE0, 0xB4, 0x3C, 0x80, 0x8A, 0xBC, 0xCC, 0xED, 0x04, 0xE6, 0x2D, 0x7D, 0x3B,
    0xB6, 0x1B, 0xA2, 0x6E, 0xEB, 0x58, 0xDC, 0xCE, 0xE3, 0x41, 0xBD, 0xDD, 0x64, 0x5F, 0xFD, 0x1E,
    0x17, 0x5F, 0xDB, 0xAA, 0x78, 0xD6, 0x36, 0x7A, 0x96, 0x5D, 0x89, 0x62, 0x7B, 0xB1, 0xA2, 0x80,
    0xE1, 0x7C, 0xB7, 0xE8, 0xCB, 0x15, 0xB5, 0xAD, 0x12, 0x97, 0x91, 0x6D, 0xC8, 0xE3, 0x05, 0xE8,
    0xBB, 0x91, 0xE8, 0xDB, 0x1C, 0x9D, 0x7E, 0xBC, 0xBD, 0xC0, 0xFD, 0xD6, 0xD3, 0x49, 0xF4, 0xEF,
    0xFB, 0x89, 0x86, 0x75, 0x3C, 0x3C, 0x2E, 0xB7, 0x7C, 0xF7, 0xE5, 0x98, 0xAB, 0x9F, 0xE6, 0x32,
    0x43, 0x46, 0x93, 0xC7, 0x8B, 0x07, 0xCB, 0xAE, 0x01, 0xC6, 0xAE, 0xD7, 0x53, 0x3C, 0x29, 0xD0,
    0x49, 0x72, 0xE7, 0xDC, 0x64, 0xB4, 0x60, 0x40, 0x08, 0x1A, 0x16, 0xBE, 0x4A, 0x6C, 0xA3, 0xBA,
    0x0D, 0x40, 0xC3, 0x07, 0x10, 0x8D, 0x7C, 0x37, 0x90, 0x31, 0x20, 0x58, 0x24, 0xF7, 0x4A, 0x58,
    0x90, 0x1B, 0x03, 0x17, 0xFA, 0xAE, 0x89, 0x6D, 0x43, 0xD4, 0xF6, 0xA0, 0x82, 0xBB, 0x42, 0x7D,
    0x57, 0xE4, 0xE5, 0x21, 0x7B, 0x48, 0x9A, 0xAF, 0x36, 0x19, 0x1D, 0xCF, 0x9A, 0x98, 0xA8, 0xEB,
    0xFD, 0xB5, 0x4A, 0x51, 0x32, 0x79, 0xDE, 0xDF, 0x62, 0x2E, 0x0F, 0xAD, 0xED, 0x8E, 0xDA, 0x8E,
    0x16, 0x97, 0x4B, 0xB6, 0x41, 0xC7, 0xE2, 0x3C, 0x83, 0xE3, 0x39, 0xAE, 0x73, 0xF4, 0xE6, 0x8E,
    0x1A, 0xFE, 0xD3, 0xAE, 0x99, 0xA8, 0x48, 0xCE, 0xEB, 0x50, 0xF8, 0x80, 0xD8, 0x69, 0xD0, 0xAB,
    0xD4, 0x03, 0x04, 0xF4, 0xEA, 0x82, 0x62, 0xBF, 0x4B, 0xBF, 0x8A, 0xA0, 0xD9, 0x11, 0x9C, 0x8B,
    0x25, 0xC7, 0x49, 0xBA, 0xEA, 0xDF, 0x67, 0xA6, 0x17, 0xAE, 0x27, 0xFE, 0x4E, 0x3A, 0x55, 0xB1,
    0x75, 0xEC, 0xA1, 0xBC, 0x24, 0x82, 0x23, 0x89, 0xCF, 0xBC, 0x3A, 0xB0, 0x95, 0x01, 0x19, 0x5E,
    0x12, 0x1D, 0xBD, 0x03, 0x9C, 0xAE, 0xC7, 0xD5, 0x84, 0x24, 0x21, 0x69, 0x90, 0x30, 0xD7, 0x50,
    0xD2, 0xD1, 0xC3, 0x30, 0x2A, 0x99, 0x5F, 0xA6, 0x27, 0x59, 0x02, 0xFA, 0xAA, 0xF4, 0x21, 0xD9,
    0xFA, 0xCA, 0x21, 0xF2, 0x7A, 0x95, 0x18, 0xA2, 0xDA, 0x22, 0x67, 0xD9, 0x24, 0x4B, 0x50, 0x92,
    0x2D, 0x01, 0x1E, 0x22, 0x01, 0x1B, 0xE2, 0x2D, 0xEC, 0xD9, 0xD1, 0x14, 0x40, 0xA7, 0x04, 0x60,
    0x2D, 0xDB, 0x12, 0x59, 0x13, 0x0A, 0x44, 0x89, 0x31, 0x40, 0x06, 0xE9, 0x43, 0xBA, 0xE2, 0x4A,
    0x59, 0x94, 0x16, 0x8B, 0x12, 0x16, 0x25, 0x4A, 0xE0, 0xDF, 0xC7, 0xB4, 0x5E, 0x83, 0x8F, 0x41,
    0x69, 0x51, 0xCF, 0x21, 0x6C, 0x83, 0x37, 0x88, 0x7F, 0xAF, 0x0E, 0x9F, 0x7E, 0x8C, 0xE2, 0x25,
    0x5D, 0x6D, 0x4B, 0xDD, 0xD6, 0xE9, 0x7B, 0x99, 0xB6, 0x8E, 0xDE, 0x9C, 0x1D, 0x3B, 0xBD, 0xA5,
    0x7D, 0xD9, 0xB7, 0x34, 0xBD, 0xC2, 0x65, 0x94, 0xDC, 0x4B, 0xD4, 0x0F, 0x59, 0x17, 0x85, 0x25,
    0xE0, 0xF7, 0x6B, 0x82, 0x2E, 0xE7, 0x38, 0x11, 0x3A, 0xCC, 0x67, 0xEC, 0x1A, 0xF3, 0xA4, 0x62,
    0xD5, 0xD7, 0xE8, 0x93, 0x32, 0x12, 0x87, 0x07, 0xF4, 0xA0, 0xBA, 0xEC, 0x2C, 0x43, 0xCB, 0xD2,
    0x74, 0x43, 0xFA, 0x3A, 0x59, 0xC6, 0xDA, 0x9A, 0xE3, 0x30, 0xB7, 0xEC, 0x2D, 0x83, 0xCB, 0xE2,
    0x6E, 0x52, 0x62, 0xDA, 0x14, 0x2F, 0x87, 0xEB, 0x24, 0xA1, 0xBE, 0x9B, 0xF5, 0xB6, 0xDB, 0x73,
    0xC9, 0xE5, 0xF0, 0xB4, 0x80, 0x26, 0x13, 0x3D, 0xCD, 0xC7, 0x38, 0x29, 0x77, 0xE6, 0x1A, 0xE8,
    0x35, 0x2D, 0x38, 0xE3, 0x32, 0xBC, 0x27, 0xFF, 0x34, 0xAD, 0xE9, 0x8B, 0x65, 0xE8, 0x65, 0x76,
    0x98, 0x64, 0x55, 0xCD, 0xAE, 0x7A, 0x8F, 0xEA, 0xB8, 0x6F, 0x3B, 0xDF, 0x1D, 0x83, 0xC8, 0x83,
    0x12, 0x03, 0x1C, 0x04, 0x8F, 0x29, 0x7A, 0x0C, 0x64, 0x7D, 0xB4, 0xEE, 0x96, 0xC0, 0x91, 0x8C,
    0x64, 0x0C, 0x24, 0x12, 0x32, 0x80, 0x0B, 0x56, 0xF7, 0x3D, 0x03, 0x67, 0x63, 0xAE, 0x6B, 0xCF,
    0x21, 0xA3, 0x94, 0x81, 0xBC, 0x40, 0x93, 0x24, 0xA3, 0xB0, 0xBB, 0x64, 0x87, 0x3A, 0x83, 0x36,
    0xDF, 0x8B, 0xF1, 0xCF, 0x16, 0xAE, 0xAE, 0xE6, 0x64, 0xCC, 0x7D, 0x0B, 0x8D, 0x9E, 0x69, 0x3B,
    0x36, 0x88, 0x7F, 0xBE, 0x26, 0x56, 0x37, 0xC0, 0xDC, 0x1C, 0x16, 0xF4, 0x3A, 0xAB, 0x6B, 0x95,
    0x3E, 0x5D, 0xB8, 0x0A, 0x54, 0xA4, 0xD0, 0x5C, 0xFB, 0x6F, 0x1D, 0x5E, 0x1A, 0x13, 0x04, 0xF2,
    0x2F, 0x1F, 0x72, 0x3D, 0xAA, 0xAA, 0x98, 0x1F, 0x68, 0xC2, 0x02, 0x84, 0x04, 0xE4, 0x27, 0x55,
    0xB4, 0x01, 0x84, 0xD0, 0x95, 0x61, 0xF7, 0xCC, 0x32, 0xF7, 0x93, 0x4C, 0x19, 0x92, 0x4E, 0xDE,
    0x49, 0xD0, 0x90, 0x00, 0x7E, 0x56, 0x45, 0x24, 0x81, 0xC1, 0xEA, 0x26, 0xE5, 0x20, 0xE8, 0x83,
    0x1A, 0x83, 0x92, 0x07, 0xC1, 0xC9, 0x5C, 0xB4, 0x62, 0x17, 0x30, 0x79, 0xBA, 0xCE, 0x07, 0xE6,
    0xA0, 0x14, 0x35, 0x06, 0xAD, 0x48, 0x47, 0x42, 0x08, 0xA4, 0xCC, 0x5F, 0x7A, 0x0C, 0xFA, 0x79,
    0x58, 0x4E, 0x2D, 0x61, 0xD6, 0x70, 0xCE, 0xB5, 0xB7, 0xFA, 0x3C, 0x19, 0x1D, 0x36, 0x0C, 0xC6,
    0x10, 0x30, 0x50, 0xF5, 0xE4, 0x59, 0x72, 0x0A, 0x81, 0x00, 0xC2, 0xA6, 0x78, 0x89, 0x4E, 0x89,
    0x12, 0x99, 0x92, 0x25, 0x98, 0xC2, 0x8B, 0x98, 0x9F, 0x45, 0xA3, 0x06, 0x37, 0x7D, 0x2B, 0x91,
    0x29, 0x2C, 0xC1, 0x55, 0x2C, 0x40, 0xFA, 0x2E, 0x1A, 0x6B, 0x57, 0x3F, 0x8B, 0x5C, 0x83, 0xC6,
    0xB1, 0x6C, 0xC1, 0x91, 0x7C, 0xE0, 0x32, 0x0C, 0x0A, 0x81, 0x3E, 0x09, 0x40, 0x43, 0x9B, 0x0E,
    0x48, 0x5A, 0x13, 0x3B, 0xD1, 0x24, 0x7F, 0x8F, 0xB9, 0x58, 0x77, 0xAD, 0x72, 0xA2, 0x59, 0xE5,
    0x7B, 0x53, 0xB2, 0x82, 0x63, 0x9F, 0xF4, 0x3C, 0xBC, 0x0B, 0x11, 0xA0, 0xC4, 0x8F, 0x6E, 0xB3,
    0x22, 0x7D, 0xF9, 0xD2, 0x01, 0xBC, 0x7C, 0x45, 0x5F, 0x81, 0xC3, 0xC5, 0x69, 0x27, 0x39, 0xB5,
    0x17, 0xEB, 0x83, 0xC0, 0xF6, 0x45, 0x7B, 0xCD, 0x8A, 0x8C, 0xAD, 0xAE, 0x07, 0xA0, 0x32, 0xB8,
    0xB6, 0x10, 0xF0, 0x45, 0x7D, 0xA5, 0x8C, 0x2B, 0xA9, 0xF9, 0x8E, 0x21, 0xF1, 0x85, 0x7D, 0xDD,
    0x00, 0xDF, 0x20, 0xCE, 0x8A, 0xC7, 0x5C, 0x83, 0xA8, 0xFE, 0xA2, 0x77, 0x8F, 0x31, 0x20, 0x6F,
    0x09, 0x9D, 0x4F, 0x67, 0x12, 0x1A, 0x73, 0xF9, 0xEF, 0xB0, 0x72, 0x69, 0xE5, 0x32, 0xCB, 0x65,
    0xBC, 0x77, 0x69, 0xE5, 0x92, 0x69, 0x3E, 0x8A, 0x31, 0x40, 0xEF, 0x45, 0x1F, 0xB4, 0x72, 0x93,
    0x83, 0x12, 0x07, 0xD5, 0x07, 0xAD, 0xFC, 0xE5, 0xA4, 0xA4, 0x49, 0x0C, 0xD6, 0xBA, 0xC4, 0x58,
    0x2E, 0x59, 0x2E, 0xF3, 0x70, 0xA9, 0xE5, 0x52, 0x49, 0x06, 0x4C, 0xBB, 0x70, 0x39, 0x4D, 0xA9,
    0xC1, 0x29, 0x5E, 0x62, 0x71, 0x59, 0xDF, 0x1B, 0xDE, 0x27, 0xBB, 0x3E, 0x29, 0x24, 0xA0, 0xEB,
    0x69, 0xD0, 0x3B, 0x89, 0xDF, 0x10, 0xFD, 0x63, 0xB1, 0x67, 0xF2, 0xB6, 0x44, 0x87, 0x78, 0x95,
    0x77, 0x3F, 0x8B, 0x4A, 0x89, 0xA9, 0x43, 0xE6, 0xE6, 0x30, 0x59, 0x8D, 0x62, 0x74, 0xE5, 0x1A,
    0x18, 0x00, 0xB9, 0x8C, 0x7F, 0xD6, 0x42, 0x3F, 0x79, 0x57, 0x2F, 0x79, 0xF9, 0x7E, 0xDE, 0x13,
    0x67, 0x9B, 0x2C, 0xB1, 0xF6, 0xCE, 0x6E, 0x90, 0x40, 0xF6, 0x58, 0xF3, 0xF2, 0x3D, 0xBB, 0x3F,
    0xDB, 0x1F, 0xE5, 0x51, 0x90, 0x8F, 0x3F, 0x5E, 0xFF, 0xFF, 0xAF, 0xFF, 0x8F, 0x5F, 0x10, 0xD0,
    0x27, 0x2F, 0x08, 0x00, 0xD4, 0x8E, 0xC1, 0x80, 0xE7, 0x2F, 0x08, 0x5C, 0xE5, 0xEF, 0xBE, 0x20,
    0x60, 0xE4, 0x04, 0x88, 0x27, 0x60, 0x0E, 0x70, 0x3E, 0xCE, 0x27, 0xF4, 0xD9, 0xE2, 0x8F, 0xEB,
    0x6C, 0x7D, 0x5A, 0xDE, 0x2C, 0x30, 0xE7, 0xDB, 0xF1, 0x74, 0xB5, 0x47, 0x72, 0x02, 0x00, 0xAB,
    0x2D, 0x3A, 0xA8, 0xB0, 0xD8, 0x37, 0x3C, 0x72, 0xF0, 0xE9, 0xA1, 0x5E, 0x2C, 0x93, 0x5B, 0x31,
    0x06, 0xC5, 0x07, 0xF5, 0x91, 0x51, 0xCC, 0x41, 0xA1, 0x43, 0x1D, 0x8C, 0x41, 0xCB, 0x41, 0xE1,
    0x20, 0x9A, 0x56, 0x54, 0xA8, 0xE7, 0x38, 0xBF, 0x17, 0x9D, 0xC8, 0x41, 0x0E, 0x5A, 0x97, 0x70,
    0xEB, 0x7E, 0xDD, 0x69, 0x07, 0x2D, 0x97, 0x29, 0x5C, 0x66, 0x34, 0xBA, 0xCE, 0x0B, 0xDA, 0x7D,
    0xBF, 0xEE, 0x53, 0x3C, 0xA6, 0x7D, 0x97, 0x59, 0x38, 0x90, 0x1D, 0xA4, 0xC1, 0x0A, 0x00, 0xC1,
    0x85, 0x84, 0xBC, 0x43, 0x8D, 0xC2, 0x13, 0xC4, 0x36, 0x61, 0x48, 0x83, 0x31, 0x2C, 0x95, 0x6E,
    0x81, 0x1B, 0x64, 0xED, 0x0D, 0xAD, 0xD8, 0xB8, 0x96, 0xE5, 0x51, 0x91, 0x7D, 0x64, 0x68, 0x15,
    0x46, 0x81, 0x00, 0x94, 0x0E, 0x98, 0x06, 0xF6, 0xF5, 0xD2, 0x06, 0x38, 0x5E, 0x3E, 0x24, 0x34,
    0x5B, 0x6B, 0x48, 0x32, 0xF7, 0xF5, 0xA3, 0x0E, 0x7C, 0x64, 0x83, 0x65, 0xDD, 0x24, 0x67, 0x20,
    0xE5, 0xA3, 0xA3, 0x3A, 0x3A, 0x4F, 0xD5, 0x01, 0x93, 0x85, 0xF5, 0xD2, 0x80, 0xE4, 0xC7, 0x84,
    0x06, 0x17, 0x78, 0x55, 0x65, 0x5D, 0x59, 0xFF, 0x98, 0xD3, 0xD5, 0xAB, 0x42, 0x0D, 0x9B, 0x02,
    0x24, 0x34, 0x58, 0xE2, 0x25, 0xE6, 0x09, 0xE4, 0xAC, 0x97, 0xD1, 0x82, 0x12, 0x0C, 0xD1, 0x5C,
    0x32, 0x22, 0x98, 0x42, 0xC0, 0x47, 0x28, 0xAE, 0x61, 0x0C, 0x25, 0xA1, 0x74, 0x61, 0xD6, 0x78,
    0xF4, 0x82, 0xCB, 0x8B, 0x7D, 0x1A, 0x12, 0xEA, 0x92, 0x86, 0x91, 0x35, 0x09, 0x44, 0x02, 0x78,
    0x96, 0xD9, 0xF9, 0x66, 0x40, 0x98, 0x5F, 0x5F, 0xEC, 0x5B, 0x4F, 0x8A, 0x67, 0x48, 0xC0, 0xD6,
    0xCA, 0x91, 0xBD, 0xFF, 0xE4, 0xCC, 0xBD, 0x3C, 0x58, 0xDF, 0xBB, 0x26, 0x3F, 0xC5, 0xA6, 0x23,
    0xB6, 0x30, 0x74, 0x26, 0x24, 0x12, 0x1A, 0x09, 0x7A, 0x32, 0x41, 0x76, 0xD1, 0x79, 0x2D, 0x3A,
    0x2C, 0xF6, 0xD8, 0x12, 0x10, 0x60, 0x8D, 0x91, 0xFD, 0xED, 0xAE, 0x5B, 0x2B, 0xA6, 0x9F, 0x5F,
    0x77, 0xAF, 0xD7, 0xBA, 0x5D, 0x8C, 0x40, 0x9A, 0x23, 0xC4, 0x65, 0x10, 0xB8, 0xFD, 0xCC, 0xBA,
    0x25, 0x24, 0x24, 0x35, 0x34, 0xEB, 0x5F, 0xF4, 0x22, 0xF1, 0xE7, 0x7B, 0x8E, 0xEE, 0xF8, 0xFA,
    0xB0, 0x06, 0xD3, 0x4B, 0x4B, 0x0B, 0xC0, 0x00, 0x1F, 0x77, 0xF8, 0xE2, 0x37, 0x0F, 0x0D, 0x17,
    0x86, 0xB0, 0xC6, 0x45, 0xAB, 0x83, 0x90, 0x11, 0x1A, 0xB4, 0xCA, 0xFE, 0x51, 0x85, 0xAF, 0x1D,
    0x53, 0xA1, 0xEB, 0x3D, 0x0C, 0x19, 0xB0, 0xDB, 0xFA, 0xFD, 0xBF, 0x41, 0x09, 0x65, 0xB9, 0xB2,
    0xF3, 0x81, 0xDF, 0x3C, 0xF8, 0x02, 0x23, 0x2C, 0x21, 0x30, 0x24, 0x51, 0x5B, 0xA4, 0x72, 0xD9,
    0x22, 0xFD, 0xE7, 0x25, 0x23, 0xA1, 0xE0, 0x69, 0xCD, 0x3C, 0xDC, 0xD8, 0x6B, 0xE0, 0x45, 0x12,
    0x40, 0x67, 0x01, 0xC1, 0xA4, 0x90, 0xA6, 0x21, 0x34, 0x07, 0x0D, 0x20, 0x01, 0xDB, 0x73, 0x5E,
    0xF2, 0xBA, 0x9E, 0x23, 0x9B, 0xCB, 0xC8, 0xD5, 0xD1, 0x75, 0x97, 0x1C, 0x7B, 0x48, 0xF4, 0xD8,
    0xA7, 0x58, 0x9B, 0x0E, 0x02, 0xC4, 0x6F, 0x27, 0xAF, 0x6E, 0x4A, 0x30, 0x60, 0x29, 0xD5, 0x59,
    0xE2, 0x83, 0x8A, 0x83, 0xDB, 0x03, 0xA3, 0x39, 0x2C, 0xB1, 0xF8, 0xE6, 0x07, 0x39, 0xDF, 0x1E,
    0xBE, 0xF2, 0x36, 0x7C, 0x33, 0x8A, 0x15, 0x56, 0x77, 0x31, 0x60, 0xB8, 0xCE, 0x93, 0x06, 0x90,
    0xBF, 0x37, 0x4F, 0x62, 0x35, 0x2B, 0x03, 0x3A, 0xEA, 0x36, 0x07, 0xD7, 0x28, 0x61, 0x07, 0xBC,
    0x90, 0x17, 0x80, 0x13, 0x6C, 0x98, 0x63, 0x14, 0x20, 0x31, 0x9B, 0x8C, 0x5C, 0xBB, 0x3B, 0xFA,
    0x38, 0x4F, 0x92, 0x5C, 0xF3, 0x27, 0x7C, 0x64, 0x68, 0x6B, 0x3A, 0xA9, 0x9C, 0xE8, 0xB1, 0x35,
    0xD7, 0xF3, 0x4F, 0xC7, 0xED, 0x43, 0x42, 0xB3, 0x7D, 0xA7, 0x4F, 0xD6, 0x3C, 0x69, 0xB6, 0xDF,
    0x47, 0x36, 0x58, 0xB5, 0x4B, 0xD6, 0x14, 0xA9, 0x96, 0xAC, 0x9A, 0x75, 0xED, 0x63, 0xA3, 0x5A,
    0x2F, 0x6E, 0x69, 0xCE, 0x1C, 0x75, 0xED, 0xE1, 0x65, 0xD8, 0x3D, 0xE9, 0xFC, 0xBE, 0x45, 0x69,
    0xFD, 0x8D, 0x1B, 0x12, 0xC6, 0xB7, 0xC0, 0x31, 0x95, 0x09, 0x98, 0xAB, 0x83, 0x6E, 0x2E, 0x03,
    0xFA, 0x5A, 0x08, 0x73, 0xD3, 0x30, 0xA4, 0x86, 0x49, 0x68, 0x98, 0xBA, 0xBA, 0xBD, 0x42, 0xDD,
    0x08, 0x73, 0x4B, 0x58, 0xDD, 0x3B, 0x97, 0x75, 0x64, 0x60, 0x33, 0x3A, 0x12, 0x3E, 0x2B, 0x5F,
    0x3C, 0x3F, 0x4B, 0x60, 0x51, 0x8B, 0xE2, 0xBF, 0xD9, 0xA0, 0x73, 0x25, 0xCF, 0x1A, 0x28, 0xEE,
    0x45, 0xD9, 0x69, 0x8B, 0x01, 0x16, 0xDF, 0x0E, 0x4A, 0xF3, 0xEE, 0x8B, 0xFA, 0x5A, 0xD4, 0x83,
    0x56, 0x4C, 0x75, 0x17, 0x86, 0xD2, 0xD1, 0x63, 0xC8, 0xCB, 0xAC, 0xBA, 0xC3, 0x2D, 0x6A, 0xD1,
    0xFC, 0x88, 0x3C, 0x56, 0xE0, 0x9F, 0x2F, 0xF2, 0x0D, 0x2B, 0x4E, 0xA1, 0x17, 0x03, 0x80, 0xDE,
    0x07, 0x0D, 0x59, 0xE1, 0x1B, 0x80, 0x1A, 0x16, 0x3F, 0x51, 0xE4, 0x1D, 0x1B, 0x9D, 0x83, 0xF7,
    0x22, 0xB8, 0x62, 0x06, 0x3E, 0x65, 0x6B, 0x57, 0x6C, 0xB2, 0xA0, 0xDD, 0xC8, 0xF3, 0x3A, 0xE2,
    0x69, 0xBC, 0x5E, 0x81, 0x5A, 0xF6, 0x9E, 0x89, 0xBD, 0xDB, 0x38, 0xA9, 0xC1, 0x6E, 0x41, 0x1D,
    0x9C, 0x00, 0x0C, 0x36, 0xB0, 0x0D, 0xEC, 0xBF, 0x1D, 0xDA, 0x43, 0x77, 0xEC, 0xBD, 0xCD, 0x35,
    0xD2, 0xD8, 0xC2, 0x06, 0x68, 0xDD, 0x80, 0x00, 0xEC, 0xEE, 0x80, 0x71, 0x9F, 0xE9, 0x33, 0x0A,
    0x6B, 0x20, 0xFD, 0x23, 0xDC, 0x7A, 0xC7, 0x5C, 0xC2, 0xE8, 0x12, 0x35, 0x29, 0x8D, 0xD1, 0x90,
    0x2E, 0x79, 0xC2, 0x2B, 0x2E, 0xF8, 0xF7, 0xC0, 0x70, 0xA4, 0x13, 0x1A, 0x1A, 0x50, 0xD7, 0x80,
    0x0D, 0x10, 0x4A, 0xE6, 0xC0, 0xB8, 0x7A, 0x03, 0xD4, 0xF1, 0x7B, 0xE0, 0x8E, 0xFD, 0x15, 0x05,
    0xFA, 0x19, 0xED, 0xFA, 0xF3, 0xB7, 0xFD, 0xFF, 0x00, 0xDD, 0x9C, 0x51, 0x6E, 0xE3, 0x3A, 0x0F,
    0x85, 0x0F, 0xC0, 0xD7, 0x00, 0xDC, 0x4A, 0x16, 0x60, 0x80, 0x5B, 0x27, 0xD0, 0x05, 0xDC, 0xAD,
    0x10, 0xE8, 0x2B, 0x81, 0xF3, 0x5B, 0xA4, 0x12, 0x2B, 0x49, 0x3B, 0x6D, 0x8B, 0xE9, 0xDF, 0x76,
    0x74, 0xAD, 0xEF, 0x68, 0x5A, 0x27, 0x16, 0x0F, 0xA5, 0x4A, 0x71, 0x92, 0x0B, 0x18, 0x09, 0xB4,
    0xBC, 0x55, 0xAC, 0x85, 0xBE, 0x88, 0xFC, 0x77, 0x2B, 0x31, 0x44, 0xB5, 0x45, 0x56, 0xD9, 0x24,
    0x4B, 0x50, 0x92, 0x2D, 0x01, 0x1E, 0x22, 0x01, 0x1B, 0xE2, 0x2D, 0x24, 0x1D, 0xD0, 0x29, 0x80,
    0x4E, 0x09, 0xC0, 0x5A, 0xB6, 0xAB, 0x48, 0x00, 0x09, 0x48, 0x02, 0x51, 0x62, 0x0C, 0x90, 0x41,
    0x3A, 0x58, 0xCD, 0x44, 0xE3, 0xC5, 0xE2, 0xD3, 0x01, 0xE1, 0x40, 0x82, 0x50, 0x87, 0xC1, 0x0A,
    0x00, 0xC1, 0x2B, 0x12, 0x72, 0x07, 0xDB, 0xA1, 0x13, 0xC4, 0x36, 0x61, 0xC8, 0x1D, 0x0C, 0x4B,
    0xA5, 0x5B, 0xE0, 0x0C, 0x01, 0x06, 0xBD, 0xA5, 0xBD, 0xD0, 0x21, 0xD6, 0xCE, 0x2A, 0xB3, 0x25,
    0xA6, 0xBF, 0xFF, 0x56, 0x0A, 0x02, 0x27, 0xEC, 0xD8, 0x26, 0x36, 0x09, 0xD4, 0x29, 0x50, 0x3A,
    0x20, 0xFC, 0xCE, 0xB4, 0x80, 0x9F, 0xF3, 0xD5, 0x24, 0xBF, 0xD6, 0xD7, 0x7C, 0xDB, 0xD7, 0x51,
    0x9A, 0xE2, 0x25, 0x7A, 0x33, 0x54, 0x72, 0xCA, 0xA9, 0x84, 0xD6, 0x92, 0x25, 0xE6, 0xFF, 0x0F,
    0x93, 0x73, 0x98, 0x1C, 0xE8, 0x28, 0xBB, 0x5B, 0x79, 0x81, 0xE4, 0x79, 0x60, 0x03, 0xC0, 0xE8,
    0xDF, 0xCE, 0xF3, 0x60, 0x45, 0x0E, 0xF6, 0xE0, 0xD0, 0x38, 0xC2, 0x3A, 0x17, 0xD1, 0xBF, 0x9C,
    0x5E, 0x66, 0x3D, 0x86, 0xC0, 0x68, 0xD4, 0x15, 0xCD, 0x75, 0x27, 0x5D, 0x7D, 0xE7, 0x7C, 0x42,
    0xC3, 0x3D, 0xF9, 0x6E, 0x5A, 0xD3, 0x0F, 0xEA, 0xCE, 0xD3, 0xCC, 0x9B, 0x64, 0x5D, 0x9A, 0x7D,
    0xE9, 0xEE, 0x55, 0x1B, 0xDD, 0xDE, 0xEB, 0x7C, 0x14, 0x7D, 0xE6, 0xB5, 0x1F, 0xBE, 0x61, 0x2D,
    0x1D, 0x9B, 0xD1, 0x85, 0x0C, 0x0D, 0x09, 0x75, 0x49, 0xC3, 0xA8, 0x9A, 0x04, 0x22, 0x01, 0xBC,
    0x54, 0xD9, 0xF5, 0x6C, 0x8E, 0x30, 0x97, 0x50, 0xD2, 0x85, 0x89, 0x1E, 0xDF, 0x12, 0x8B, 0x83,
    0x39, 0x48, 0x0E, 0xA6, 0x39, 0x20, 0x5E, 0x7D, 0x99, 0xAE, 0xFE, 0x3E, 0x67, 0xA5, 0xE7, 0x05,
    0x34, 0x01, 0x63, 0x07, 0x15, 0xE2, 0x32, 0xD8, 0x41, 0x7D, 0xBD, 0xB3, 0x79, 0x4F, 0x09, 0x74,
    0xF9, 0xBD, 0x9E, 0x6A, 0x1E, 0xB5, 0xC3, 0xF9, 0xFA, 0x91, 0xDA, 0xA3, 0x50, 0xBC, 0x73, 0xAA,
    0x7E, 0x1D, 0xA9, 0x96, 0xC7, 0x08, 0x16, 0xFF, 0x9D, 0xAE, 0x4A, 0xF7, 0x3D, 0x10, 0x3B, 0x47,
    0x70, 0xC6, 0xE9, 0x70, 0x74, 0x50, 0x5F, 0xEC, 0x6C, 0xEC, 0x9C, 0xCE, 0xDA, 0x3B, 0x9C, 0x45,
    0x85, 0xC0, 0x66, 0x42, 0x08, 0x25, 0x30, 0x0E, 0x1F, 0xD4, 0x18, 0x94, 0x3C, 0x08, 0x4E, 0xE6,
    0x95, 0xF6, 0x47, 0xF2, 0x81, 0x39, 0x28, 0x45, 0x8D, 0x41, 0x2B, 0xD2, 0x51, 0x1D, 0x40, 0x0A,
    0x03, 0x24, 0x89, 0xC1, 0xF6, 0x9F, 0x88, 0x41, 0x49, 0x00, 0x4D, 0xC3, 0xCA, 0x18, 0x94, 0xA6,
    0x17, 0x01, 0xB8, 0x75, 0x78, 0xBD, 0x1A, 0xCF, 0x68, 0x7A, 0xE9, 0x83, 0x35, 0x01, 0xDE, 0x1E,
    0x09, 0x79, 0xA4, 0x0D, 0xEA, 0xC2, 0x6D, 0x27, 0x8B, 0x86, 0x1C, 0x64, 0x18, 0xD1, 0x2B, 0x21,
    0xCE, 0x90, 0x5B, 0x57, 0xF1, 0x79, 0x57, 0xFB, 0x09, 0x9A, 0x5F, 0xE1, 0xEA, 0x04, 0x6C, 0x85,
    0x90, 0x6C, 0x2C, 0xBF, 0x70, 0x5B, 0xF6, 0x10, 0x1A, 0x9F, 0xDF, 0x43, 0xE4, 0xE3, 0x1E, 0x82,
    0xD7, 0x3D, 0x04, 0xA0, 0xA4, 0x0F, 0xE0, 0xB1, 0xB4, 0x1D, 0xD1, 0x6E, 0xE4, 0x0C, 0xF6, 0x0E,
    0xDB, 0x00, 0x5E, 0x04, 0x49, 0x1F, 0xE8, 0x7F, 0xBE, 0x0A, 0xD9, 0xB1, 0x0D, 0xE4, 0x0D, 0x34,
    0x49, 0x32, 0x0A, 0x32, 0x2B, 0x1E, 0x8A, 0x2F, 0x93, 0x5A, 0x43, 0x5D, 0xC2, 0xD0, 0x95, 0x7B,
    0x4D, 0xE8, 0x5E, 0xE9, 0xC9, 0x9D, 0x3D, 0x1C, 0xD6, 0x49, 0x8D, 0x9A, 0xD4, 0x71, 0x37, 0xA9,
    0x4F, 0x83, 0x1B, 0xC4, 0x61, 0x03, 0xEA, 0x86, 0xF6, 0xA7, 0xCE, 0x00, 0xFD, 0x07, 0xFA, 0xE3,
    0x38, 0xEF, 0x35, 0x24, 0x10, 0x48, 0x75, 0x90, 0xC7, 0x1F, 0xC2, 0xAF, 0xF6, 0x0B, 0xE6, 0x2F,
    0xE1, 0x87, 0x0E, 0xA5, 0xB7, 0x57, 0xE1, 0xAF, 0xB1, 0xE9, 0x26, 0x7C, 0xFD, 0xBE, 0xF0, 0x67,
    0xC0, 0x76, 0x7D, 0x4C, 0x5C, 0xA0, 0xE1, 0x3B, 0x9E, 0x03, 0x10, 0xFA, 0xC0, 0x7B, 0x7C, 0xF0,
    0xC3, 0x07, 0x7F, 0xC3, 0x07, 0x02, 0xB2, 0xCD, 0xAB, 0xC6, 0xB1, 0x57, 0x57, 0xF7, 0xBA, 0xAA,
    0xD2, 0x3B, 0x80, 0x9E, 0x79, 0xEA, 0xD0, 0x38, 0x26, 0x5D, 0x5C, 0xC6, 0x94, 0xFE, 0xC0, 0x31,
    0xF5, 0xF6, 0x1E, 0xE4, 0x2B, 0xA7, 0x1F, 0x02, 0xDD, 0xCD, 0x63, 0x71, 0x29, 0xA6, 0x3A, 0x20,
    0x21, 0x51, 0xE7, 0x6D, 0x37, 0x9D, 0x00, 0xC8, 0x58, 0x77, 0x77, 0x0E, 0x8E, 0x86, 0xE4, 0xA0,
    0x46, 0xD1, 0x07, 0xD7, 0x5D, 0xD9, 0x9B, 0xBB, 0x3B, 0xA5, 0x5F, 0x89, 0xA6, 0xB9, 0x35, 0xFD,
    0xA0, 0x36, 0xE7, 0xEE, 0x6E, 0xD9, 0x15, 0x18, 0x99, 0x73, 0xE7, 0x79, 0x04, 0x57, 0xA7, 0x68,
    0x3F, 0x2F, 0x4C, 0x1D, 0x29, 0xE5, 0x33, 0xFC, 0xE6, 0xC5, 0x95, 0xC0, 0x48, 0x21, 0xA9, 0x59,
    0x67, 0x99, 0x8D, 0x0A, 0x90, 0xB3, 0x26, 0x64, 0xAD, 0x96, 0xD0, 0xAA, 0xC4, 0x69, 0xAF, 0x9B,
    0x19, 0xD2, 0x8C, 0xB1, 0x29, 0x3D, 0x71, 0xEE, 0x35, 0x7E, 0x03, 0x92, 0x90, 0xE8, 0xAA, 0x4E,
    0x27, 0x8C, 0x39, 0x67, 0xC8, 0xDC, 0x57, 0x63, 0x2B, 0xC6, 0xC5, 0x6D, 0x90, 0xC7, 0x4E, 0x50,
    0x13, 0xBF, 0xD3, 0xF9, 0x11, 0x56, 0x54, 0x0D, 0xA4, 0x04, 0x8C, 0x5E, 0x55, 0x3A, 0xA0, 0x6F,
    0x75, 0xFE, 0xED, 0x57, 0x88, 0xBF, 0x74, 0xB4, 0x27, 0x20, 0x77, 0x15, 0xF8, 0x7E, 0xBF, 0x7F,
    0x99, 0x8B, 0x5D, 0xB4, 0xAF, 0x1F, 0xF7, 0xEC, 0x9F, 0xAF, 0x2B, 0x91, 0x1F, 0xAF, 0xCD, 0x65,
    0xD4, 0xF8, 0x6E, 0xB7, 0x37, 0x2C, 0x1E, 0xCD, 0x9F, 0x29, 0xD7, 0xDB, 0xA3, 0xD9, 0xE7, 0x38,
    0xF4, 0x71, 0x9F, 0x95, 0x20, 0x63, 0x0A, 0xD8, 0x31, 0xE5, 0x87, 0x24, 0xEE, 0x85, 0x24, 0xA7,
    0x2C, 0xBF, 0x7B, 0x53, 0xE4, 0x6D, 0x99, 0x3B, 0xFB, 0x16, 0xBF, 0x0C, 0x14, 0xBF, 0x52, 0x2A,
    0x6C, 0xF5, 0x5E, 0x07, 0xED, 0xB8, 0xDF, 0xBF, 0x94, 0x76, 0xA8, 0x09, 0x2B, 0xEA, 0xFB, 0xE8,
    0x83, 0xCA, 0x41, 0x2B, 0x86, 0xF9, 0xA0, 0xEE, 0x7C, 0xF2, 0xA6, 0x5D, 0xF9, 0x1F, 0x06, 0xB5,
    0x68, 0x30, 0xC0, 0xB6, 0x85, 0x59, 0x8C, 0x07, 0x3A, 0xEC, 0x54, 0x64, 0xB1, 0x57, 0xEB, 0x0F,
    0xA4, 0x89, 0x55, 0x72, 0xCA, 0x8F, 0x48, 0x93, 0x25, 0x00, 0x34, 0xF1, 0x40, 0x92, 0xDE, 0x7C,
    0xF8, 0xED, 0xA9, 0x58, 0x9D, 0x93, 0xA2, 0x4A, 0x0E, 0x62, 0x70, 0x6B, 0xCA, 0xC1, 0x18, 0x8C,
    0xE2, 0x73, 0x48, 0x40, 0x9E, 0xFD, 0x20, 0x9B, 0xB8, 0x67, 0xEE, 0xF4, 0x41, 0x46, 0x71, 0xDE,
    0xFC, 0x51, 0x87, 0xA5, 0x90, 0x0C, 0x26, 0x34, 0xD6, 0xF9, 0x52, 0x49, 0x00, 0xF2, 0xC3, 0x87,
    0xDC, 0x1E, 0x6D, 0x50, 0x5D, 0x48, 0x1F, 0x2F, 0x34, 0xBB, 0x41, 0x28, 0xBD, 0x7A, 0xB3, 0x1E,
    0x78, 0xF5, 0xE0, 0xA9, 0x46, 0x4E, 0xD6, 0x98, 0xA1, 0x31, 0x01, 0x7C, 0x5D, 0xE7, 0x8D, 0x49,
    0xE6, 0x5F, 0xEC, 0xF3, 0x19, 0xA7, 0x80, 0xF6, 0x8D, 0x08, 0x63, 0x2A, 0x43, 0xE8, 0x5F, 0xD4,
    0xF9, 0x80, 0x9E, 0xA1, 0x1B, 0xB6, 0xBA, 0x56, 0x28, 0x5D, 0xF8, 0xB7, 0x02, 0xF9, 0xFB, 0xBD,
    0x45, 0x40, 0x02, 0xEA, 0xD0, 0xBE, 0x9A, 0xC0, 0x14, 0x46, 0x68, 0xCC, 0x61, 0xAC, 0x7D, 0x7E,
    0x60, 0x2D, 0x02, 0x30, 0xC0, 0xC7, 0xA7, 0x8D, 0x57, 0x0F, 0x8D, 0x90, 0xB6, 0xDD, 0x80, 0x3E,
    0xD3, 0xA1, 0xE3, 0x70, 0x7D, 0x72, 0xE5, 0xBA, 0x9E, 0xFA, 0xA0, 0x7D, 0xE1, 0x00, 0xFB, 0x54,
    0xFF, 0x7D, 0xF6, 0xFF, 0x8C, 0x1A, 0x42, 0x6C, 0xCE, 0x9B, 0x8B, 0xF9, 0x3E, 0xDA, 0x47, 0x89,
    0x95, 0xF2, 0x47, 0x92, 0x31, 0xF9, 0xB8, 0xD1, 0xC9, 0x01, 0x69, 0x2E, 0xFB, 0x8F, 0x3E, 0x71,
    0x2B, 0x9E, 0xD1, 0x91, 0x56, 0xCE, 0x75, 0xA0, 0x5A, 0x1D, 0xFD, 0x0B, 0x45, 0xC6, 0xC1, 0x00,
    0x83, 0x29, 0xBB, 0x26, 0x9E, 0x62, 0x58, 0xF8, 0x80, 0xF8, 0x00, 0x86, 0xCB, 0x21, 0x8C, 0x01,
    0xD7, 0xE1, 0xF5, 0x0E, 0x3C, 0x00, 0x80, 0x71, 0x20, 0x07, 0x7A, 0x6D, 0x5E, 0xDE, 0x87, 0x0B,
    0x08, 0x13, 0x1A, 0x84, 0x41, 0x7D, 0x5B, 0x96, 0x6A, 0x23, 0xAB, 0xC2, 0xF0, 0xF9, 0xCA, 0x37,
    0x6A, 0xDE, 0x56, 0x59, 0xDE, 0x13, 0xB4, 0x51, 0xE7, 0xAF, 0xCE, 0xD3, 0x7B, 0xD6, 0x2A, 0xC2,
    0xD0, 0xA7, 0x30, 0x64, 0xC0, 0xCE, 0x38, 0xA1, 0xCB, 0x69, 0xFE, 0xB1, 0x38, 0xA9, 0xE3, 0xF1,
    0xB0, 0x17, 0x0F, 0xDC, 0x1F, 0xDB, 0x38, 0x18, 0x75, 0xF4, 0xCC, 0x62, 0x0A, 0xD9, 0x3C, 0x86,
    0xAF, 0x2D, 0x73, 0x26, 0x06, 0xD5, 0x07, 0xBB, 0xB7, 0x39, 0x28, 0x31, 0xA8, 0x3E, 0x68, 0x18,
    0x64, 0xB3, 0x7F, 0xDE, 0xE7, 0x14, 0xC1, 0xA2, 0x35, 0x7D, 0x52, 0x12, 0xDA, 0x8C, 0xE6, 0xFD,
    0xCC, 0x04, 0x39, 0x68, 0x89, 0x9B, 0x5D, 0xB4, 0x3E, 0xBE, 0x33, 0xB3, 0x12, 0xB7, 0x23, 0x99,
    0x71, 0x81, 0x0E, 0xC8, 0x5B, 0x38, 0x0D, 0x70, 0x47, 0xAF, 0xE5, 0x05, 0x43, 0xA3, 0x47, 0xB0,
    0x06, 0xF4, 0x99, 0x80, 0x32, 0x06, 0x72, 0x87, 0x73, 0xC0, 0x0A, 0xBE, 0x43, 0x0B, 0xB1, 0x43,
    0xB2, 0x30, 0x32, 0x46, 0xEE, 0xB0, 0x5C, 0x63, 0xA9, 0x7F, 0x5C, 0x81, 0xC2, 0x36, 0x70, 0xF4,
    0xC8, 0x01, 0x38, 0x04, 0xB0, 0x32, 0x8D, 0x3B, 0x03, 0x5E, 0x44, 0x42, 0xEF, 0x53, 0xD3, 0x86,
    0x2F, 0xAF, 0xF5, 0x9B, 0x69, 0x3E, 0xA8, 0xCD, 0xB8, 0x9C, 0x29, 0x93, 0x20, 0x2A, 0x44, 0xF7,
    0x41, 0x0E, 0x2A, 0x31, 0x8A, 0x77, 0x8F, 0xBA, 0x83, 0x7A, 0x9D, 0x5F, 0xBC, 0xF6, 0x0F, 0xEB,
    0x5C, 0x6A, 0xA0, 0x2F, 0xF9, 0x05, 0x78, 0xB8, 0xE5, 0xD5, 0x39, 0xD1, 0x20, 0xC9, 0x46, 0xAF,
    0x5C, 0x42, 0x68, 0xF9, 0x95, 0x73, 0x62, 0xCD, 0x11, 0xAF, 0x01, 0xF9, 0xC8, 0xA1, 0xAF, 0x1E,
    0xAE, 0x0C, 0x21, 0x70, 0xFE, 0x31, 0x81, 0x2F, 0x25, 0x71, 0xC9, 0xD1, 0x00, 0x0A, 0x76, 0x3B,
    0xB8, 0xFC, 0x2B, 0x2D, 0xE9, 0x3E, 0xCC, 0x9D, 0x2E, 0x81, 0xED, 0x58, 0xE3, 0x01, 0xE8, 0xA0,
    0x86, 0x91, 0x85, 0x39, 0xDF, 0x90, 0x10, 0xDF, 0xA1, 0x03, 0x86, 0x1D, 0xA7, 0xAF, 0xF6, 0xAD,
    0x11, 0x86, 0xBD, 0xBA, 0xF6, 0x5B, 0xA9, 0x97, 0x3A, 0x6F, 0x81, 0xE6, 0x5E, 0xCF, 0x7B, 0xC5,
    0x9B, 0x55, 0xDF, 0xAC, 0x0E, 0x65, 0x74, 0x4A, 0xCE, 0x1F, 0x9F, 0x2F, 0xEA, 0x03, 0xB1, 0xC3,
    0x06, 0xB4, 0xE0, 0x7F, 0x21, 0x7C, 0x80, 0xB3, 0x8B, 0xF2, 0x66, 0x1D, 0xFF, 0xE9, 0xA8, 0xD9,
    0x2A, 0xF1, 0xD9, 0xF0, 0x95, 0xF4, 0xC6, 0x7C, 0x73, 0x06, 0x2F, 0x41, 0x06, 0x74, 0x80, 0x3B,
    0x34, 0x77, 0x98, 0x2F, 0x0B, 0xBD, 0x70, 0x34, 0x0A, 0x06, 0xE0, 0x3C, 0xE0, 0x03, 0x28, 0x70,
    0xE8, 0x0D, 0x72, 0x87, 0xA4, 0x91, 0x9C, 0x48, 0x30, 0xDB, 0xA7, 0x17, 0x8F, 0x13, 0x32, 0xC1,
    0x14, 0xBA, 0x12, 0xAC, 0x93, 0x9F, 0xFE, 0xB4, 0x3D, 0x3C, 0x5F, 0x77, 0x85, 0xA3, 0x44, 0x51,
    0x5B, 0xAC, 0x85, 0x7E, 0x6C, 0xBE, 0xA0, 0x5E, 0x72, 0xC2, 0x51, 0xFA, 0x9E, 0x66, 0x18, 0x63,
    0x08, 0xE6, 0x8B, 0x66, 0xE6, 0x2A, 0x39, 0x85, 0x75, 0x89, 0xB0, 0x29, 0x5E, 0xA2, 0x53, 0xA2,
    0x44, 0xA6, 0x64, 0x09, 0xA6, 0xF0, 0x46, 0xCC, 0x57, 0xD1, 0xE8, 0x79, 0xFE, 0x5C, 0x22, 0x53,
    0x58, 0x82, 0x5B, 0xB1, 0x00, 0xE9, 0x53, 0x66, 0x9C, 0xDB, 0x00, 0x78, 0x50, 0xF2, 0xE5, 0x1D,
    0xE6, 0x43, 0x71, 0x08, 0xCA, 0xE3, 0x80, 0xA5, 0x54, 0xA8, 0xE2, 0x83, 0x8A, 0x83, 0xDB, 0x03,
    0xA3, 0x29, 0x3B, 0x59, 0x7C, 0xF6, 0x83, 0xF4, 0xEA, 0x2E, 0x6E, 0x79, 0x46, 0x42, 0x18, 0xC5,
    0xEA, 0xD7, 0xF9, 0xB7, 0xDB, 0x7E, 0x5B, 0xD4, 0x5B, 0x62, 0x15, 0xB9, 0x15, 0xBF, 0x1D, 0x80,
    0xDF, 0x9E, 0x80, 0xD7, 0x6F, 0x91, 0x6A, 0x51, 0x1E, 0x36, 0x79, 0xDB, 0xFC, 0xF1, 0x69, 0xF9,
    0x34, 0xA6, 0x49, 0x94, 0xB0, 0xCF, 0x23, 0x96, 0xC9, 0x86, 0x68, 0xF9, 0x67, 0x26, 0x5B, 0x67,
    0x4D, 0xCB, 0x1A, 0x71, 0xAD, 0x48, 0x0D, 0x00, 0x98, 0x8B, 0x87, 0xD3, 0xB7, 0x9F, 0x34, 0xD9,
    0xB4, 0x14, 0x16, 0x0F, 0xF2, 0xDA, 0x30, 0x2D, 0x22, 0x5B, 0xCE, 0xF3, 0xE3, 0xBC, 0x46, 0x58,
    0x96, 0x54, 0xC0, 0x26, 0xCE, 0x16, 0x1B, 0xA2, 0x53, 0x30, 0x85, 0x43, 0xB6, 0x55, 0xB6, 0x29,
    0x81, 0x7C, 0x10, 0xF3, 0x12, 0xDE, 0x0A, 0x90, 0xE7, 0x12, 0x66, 0x4B, 0xF4, 0xF4, 0xF9, 0xFD,
    0x7F, 0x3E, 0xD4, 0x57, 0xB1, 0x5B, 0x59, 0xDD, 0xBF, 0x5D, 0xB9, 0x64, 0x8E, 0xA5, 0x1E, 0x4A,
    0x3D, 0x92, 0x6A, 0x20, 0xA5, 0xE2, 0x82, 0xED, 0x16, 0x31, 0xD1, 0x03, 0xE8, 0xD9, 0x27, 0x7A,
    0xF4, 0x10, 0x37, 0xC8, 0x2B, 0x30, 0xE1, 0x17, 0xE8, 0x05, 0xCA, 0xF5, 0xF5, 0x7F, 0xC5, 0x23,
    0xE4, 0x95, 0x2F, 0x15, 0x1F, 0xB8, 0xF9, 0x2C, 0xA1, 0x10, 0xE8, 0x46, 0x00, 0x1A, 0xDA, 0xF4,
    0x9A, 0x51, 0x4D, 0x5C, 0x88, 0x26, 0xF9, 0x27, 0xE6, 0x95, 0xC7, 0x63, 0x7D, 0x67, 0x14, 0xFB,
    0xF9, 0xBD, 0x79, 0xB9, 0xD3, 0xD5, 0x8D, 0x4B, 0xCF, 0xAF, 0xE6, 0x92, 0xF1, 0x87, 0x48, 0xE0,
    0x1D, 0x49, 0x9F, 0xA2, 0x21, 0xFD, 0x2A, 0xB1, 0x9E, 0xF0, 0x6E, 0xFB, 0xE3, 0x85, 0xBC, 0x01,
    0x38, 0xC1, 0x86, 0x39, 0xB2, 0x4D, 0x50, 0xD2, 0x67, 0x30, 0xD2, 0x17, 0x7A, 0x78, 0x63, 0x39,
    0x97, 0x37, 0x96, 0xAD, 0xA8, 0xF9, 0x3B, 0x4D, 0xEE, 0xB0, 0x0A, 0x81, 0x00, 0x52, 0x62, 0x76,
    0xDD, 0xD8, 0x61, 0x7D, 0xA3, 0xF1, 0x08, 0x29, 0x73, 0x2A, 0x90, 0x0A, 0xD0, 0xA2, 0x4E, 0x91,
    0x04, 0xA4, 0xFD, 0xC3, 0xE9, 0x97, 0x8E, 0x6E, 0x6C, 0xEA, 0x40, 0xAA, 0xF7, 0x53, 0x48, 0x10,
    0x50, 0xCF, 0xB9, 0x90, 0x6F, 0xF2, 0xAD, 0xC6, 0x7B, 0x0B, 0x58, 0xA5, 0xCE, 0xE8, 0x06, 0xCB,
    0x51, 0x0B, 0x49, 0xA0, 0x7A, 0xDD, 0xBE, 0xCE, 0xD0, 0x47, 0x9D, 0xEE, 0x02, 0x61, 0xB3, 0x01,
    0xC3, 0xD2, 0x98, 0xCB, 0x49, 0xE1, 0xA1, 0x41, 0xDE, 0x35, 0x12, 0x78, 0xA5, 0x71, 0xFB, 0xCC,
    0x6D, 0xFF, 0xD2, 0x98, 0xA9, 0x98, 0x8D, 0xEE, 0x6A, 0x27, 0x44, 0x62, 0xE6, 0x44, 0x03, 0x76,
    0x17, 0xA0, 0x03, 0xB2, 0xB8, 0x7D, 0x2E, 0x57, 0x74, 0xBE, 0xCD, 0xC6, 0xD4, 0x90, 0xC8, 0x4A,
    0x17, 0x03, 0x69, 0xBD, 0x3A, 0x12, 0xB0, 0x3B, 0x91, 0x18, 0x02, 0x8B, 0xDC, 0xC5, 0x88, 0x21,
    0xF4, 0x92, 0x40, 0xE7, 0xA1, 0x84, 0x7E, 0x95, 0x7E, 0xCE, 0xCD, 0x5C, 0x9E, 0x13, 0xA9, 0xA4,
    0x97, 0xDD, 0x84, 0x11, 0x90, 0x4B, 0x4A, 0xB6, 0xFB, 0x9B, 0xD8, 0x1A, 0x83, 0x5C, 0xF6, 0x0D,
    0xBE, 0xDE, 0x97, 0xCA, 0x62, 0x5F, 0x86, 0x31, 0xA8, 0x39, 0x28, 0x45, 0xBC, 0x42, 0x79, 0xB8,
    0xF9, 0x49, 0xEC, 0xB4, 0x28, 0xE2, 0xB8, 0x9F, 0x26, 0x51, 0xCC, 0x41, 0xBC, 0x76, 0xC3, 0x53,
    0x9B, 0x51, 0x4C, 0x90, 0x29, 0xE4, 0x4E, 0xB0, 0xE3, 0x18, 0xD5, 0x1F, 0xEE, 0x0A, 0xD7, 0xB8,
    0x7A, 0x18, 0xFF, 0x67, 0xA6, 0xD0, 0x52, 0x89, 0xAA, 0x9B, 0xEE, 0xF5, 0x84, 0x0C, 0x54, 0xA5,
    0x77, 0xFD, 0xD3, 0x3D, 0xE8, 0x38, 0xEA, 0xEF, 0xF1, 0xA7, 0x8B, 0xBD, 0xE3, 0xF6, 0xEF, 0x56,
    0x3C, 0x7F, 0x81, 0x5B, 0x5D, 0x6E, 0xBF, 0x37, 0x21, 0xB9, 0x7E, 0x6E, 0x63, 0xF6, 0x21, 0xAA,
    0x69, 0xB0, 0xEB, 0x27, 0x05, 0x84, 0x51, 0xAC, 0x7E, 0x72, 0xE9, 0x27, 0x7E, 0xDF, 0x58, 0xF5,
    0x8A, 0x70, 0x43, 0xEE, 0x34, 0x75, 0x28, 0x47, 0x9D, 0x56, 0xC4, 0x97, 0x8D, 0xD5, 0xA6, 0x06,
    0x60, 0xFD, 0x60, 0xC9, 0x4E, 0xFC, 0x69, 0xE6, 0xDB, 0x18, 0x42, 0xA6, 0x06, 0xA8, 0x0E, 0x1A,
    0x66, 0xED, 0x65, 0xAA, 0x67, 0x56, 0x67, 0xAE, 0x13, 0xD1, 0x76, 0x7B, 0xE7, 0xC6, 0x66, 0x3E,
    0xC1, 0xAE, 0x73, 0x53, 0x8F, 0xAA, 0xD9, 0x55, 0xC2, 0x48, 0x57, 0x72, 0x5E, 0x53, 0x8F, 0x37,
    0x81, 0xE4, 0x4F, 0x5F, 0xF6, 0xEA, 0x95, 0x65, 0xFD, 0x90, 0xA5, 0xFA, 0xD0, 0x8E, 0x46, 0x89,
    0xA3, 0x0B, 0xC2, 0xD9, 0x53, 0xAD, 0xA8, 0xAD, 0xAB, 0xD3, 0xD5, 0x8D, 0x84, 0x32, 0xE7, 0xB5,
    0x13, 0x1D, 0x3F, 0xBB, 0xA7, 0xD4, 0x40, 0x20, 0xFB, 0x05, 0xF1, 0x37, 0xF9, 0xD1, 0xE9, 0x59,
    0xBF, 0xA2, 0x05, 0x09, 0x3D, 0xBE, 0xA2, 0xF5, 0xA5, 0x7E, 0x7C, 0x3A, 0x5E, 0xBC, 0x3F, 0x5E,
    0x3D, 0xE2, 0x55, 0xCC, 0xEA, 0xFD, 0x50, 0x2C, 0x95, 0x73, 0x6C, 0xAF, 0x71, 0xBA, 0xCC, 0xAA,
    0xFE, 0x4A, 0x9C, 0x0E, 0xF0, 0xCF, 0x71, 0x1A, 0x3A, 0xD6, 0x0E, 0xE4, 0xE1, 0x9A, 0x42, 0x47,
    0xE5, 0x3F, 0x90, 0xA0, 0x04, 0xEC, 0x76, 0x5E, 0x7E, 0xD7, 0xB8, 0x98, 0xAB, 0x5B, 0x48, 0xEC,
    0x4C, 0x43, 0x9F, 0x9D, 0x33, 0x54, 0xFF, 0xD2, 0x79, 0x62, 0x24, 0x19, 0x93, 0xC3, 0xFB, 0x30,
    0xA8, 0x4B, 0x6E, 0x3B, 0x91, 0x79, 0x70, 0xC3, 0x20, 0x3E, 0x4B, 0x7B, 0x0F, 0x51, 0x2C, 0x90,
    0x5E, 0x3C, 0x6E, 0xBF, 0x6D, 0x58, 0xCE, 0x8C, 0xE5, 0xB5, 0x76, 0x51, 0x62, 0x80, 0xCD, 0x3E,
    0xFD, 0xA8, 0xB9, 0xD6, 0x7E, 0x72, 0xB2, 0xF7, 0x77, 0x0F, 0x35, 0xDE, 0xAC, 0x2E, 0x29, 0x21,
    0xA4, 0x83, 0x9C, 0xC6, 0x63, 0x6A, 0xAE, 0x6F, 0x7C, 0xCF, 0x71, 0x11, 0x9F, 0xFA, 0xD2, 0xD9,
    0xEF, 0xC8, 0x8C, 0xF8, 0x0C, 0xBC, 0x9D, 0xD9, 0xAA, 0x3A, 0x36, 0x75, 0xA4, 0x02, 0x79, 0xFA,
    0xAB, 0x9E, 0xA3, 0x3C, 0x4F, 0x40, 0xFE, 0xBA, 0x3B, 0x24, 0x13, 0x52, 0x5C, 0x7D, 0xF9, 0xBC,
    0x3B, 0x9F, 0x1F, 0x81, 0x24, 0xAB, 0xBE, 0xDF, 0x8D, 0xA3, 0x0F, 0x60, 0x6A, 0x49, 0xC5, 0x21,
    0x4F, 0x0C, 0xCC, 0x6E, 0xBE, 0x5C, 0x8C, 0xF5, 0x34, 0x6C, 0x11, 0x02, 0x9A, 0x33, 0x25, 0xF7,
    0x12, 0xAF, 0x88, 0xBE, 0x2D, 0xF6, 0x92, 0x3C, 0x5F, 0x45, 0x87, 0x78, 0x3D, 0xDF, 0xD3, 0x2A,
    0x2A, 0x25, 0xA6, 0xBB, 0x64, 0xEF, 0xD0, 0xC8, 0x98, 0xEB, 0xF9, 0x10, 0x9C, 0xB1, 0x0C, 0xE3,
    0x14, 0xB4, 0x79, 0x40, 0xF0, 0x98, 0x57, 0xAF, 0x15, 0x1F, 0xE8, 0xBE, 0x30, 0xA1, 0x81, 0xA7,
    0xA2, 0x5C, 0x68, 0xCD, 0x3E, 0xA1, 0xF8, 0x7C, 0x50, 0x9A, 0xD5, 0xCF, 0xA6, 0xFE, 0x57, 0xD4,
    0x83, 0x56, 0x4C, 0x75, 0x17, 0x86, 0xD2, 0xC1, 0x90, 0x9D, 0x27, 0xC0, 0x67, 0x86, 0xA6, 0x74,
    0xF9, 0x97, 0x33, 0x64, 0x64, 0x31, 0x7F, 0x6E, 0x3E, 0xAA, 0x31, 0xEF, 0x74, 0x01, 0xD1, 0x92,
    0x88, 0x4E, 0xD2, 0xED, 0xBB, 0x26, 0xFF, 0x60, 0x92, 0x8A, 0x0A, 0x60, 0x6B, 0x56, 0xFC, 0x86,
    0xAC, 0x78, 0xE3, 0x4A, 0xF0, 0x47, 0x26, 0x4F, 0x88, 0xCE, 0x4C, 0xF7, 0x43, 0x4B, 0x36, 0x59,
    0xC5, 0xF4, 0xF6, 0x2D, 0xAF, 0x7F, 0x33, 0x87, 0xE0, 0xF1, 0xE1, 0x7A, 0x7D, 0x8A, 0x41, 0x2C,
    0x7C, 0x5A, 0x5F, 0x62, 0xFF, 0xB0, 0x1C, 0xCE, 0x17, 0xDF, 0x92, 0x3A, 0x44, 0xD3, 0x86, 0x58,
    0xD0, 0x87, 0x54, 0xBE, 0x24, 0x3A, 0x87, 0x2E, 0xFF, 0x68, 0xF2, 0x74, 0xFD, 0x8E, 0xBE, 0xC6,
    0xF1, 0x85, 0x40, 0xC3, 0x4E, 0xCF, 0x3A, 0xC5, 0x7F, 0xDE, 0x04, 0xFC, 0xFD, 0xEE, 0xC7, 0xCD,
    0xBB, 0x7B, 0x1F, 0xFA, 0x3F, 0x07, 0xBD, 0xDF, 0xF9, 0xE6, 0x8D, 0xF3, 0x98, 0xCE, 0x2F, 0xFE,
    0xBF, 0xE2, 0xFC, 0x36, 0xC8, 0xD4, 0xE7, 0xC5, 0x79, 0xAE, 0x2F, 0x7F, 0x1E, 0xB6, 0xF5, 0x4F,
    0x4D, 0x07, 0xA0, 0x3C, 0xCE, 0x81, 0x16, 0x6F, 0xB7, 0x85, 0x8C, 0x56, 0x08, 0x73, 0xB6, 0xD4,
    0x2F, 0x2D, 0xEB, 0x87, 0x3C, 0x7E, 0x8F, 0x67, 0x2D, 0x64, 0xA0, 0x3C, 0x8D, 0xA3, 0x25, 0xD9,
    0x7D, 0xEC, 0xC1, 0x60, 0x00, 0xA2, 0x5B, 0x0E, 0x59, 0x5B, 0x98, 0x2D, 0x07, 0x58, 0xDD, 0xD7,
    0x6E, 0x59, 0xAC, 0xAD, 0x4E, 0x09, 0x67, 0xCB, 0xC1, 0x84, 0x75, 0xEB, 0xB9, 0x5B, 0x7D, 0x5B,
    0x7C, 0xAB, 0xBE, 0x4B, 0x24, 0xB2, 0x5A, 0xEA, 0xEC, 0x56, 0x8C, 0x56, 0x74, 0x0B, 0x56, 0x2D,
    0x09, 0x83, 0xC9, 0x6C, 0x4D, 0xAF, 0x24, 0xB7, 0x6B, 0x2B, 0x31, 0x26, 0x02, 0x80, 0x8C, 0x6E,
    0xF5, 0xF5, 0x89, 0xBB, 0x96, 0x43, 0x38, 0x1D, 0x3D, 0x96, 0x96, 0x68, 0x91, 0x6C, 0x55, 0xB6,
    0xDA, 0x45, 0xD5, 0x4B, 0xA3, 0xD3, 0x22, 0x8E, 0x56, 0xE0, 0xFC, 0xDA, 0xFC, 0x16, 0x30, 0x7B,
    0x60, 0x0D, 0x0D, 0x58, 0xFA, 0x54, 0x94, 0xCA, 0x54, 0xDC, 0xA9, 0xC4, 0xAD, 0xAA, 0x2F, 0xAA,
    0x51, 0xB6, 0x42, 0x73, 0xA8, 0x0D, 0xDD, 0x86, 0x5A, 0x76, 0x5A, 0xB6, 0x44, 0xD4, 0x68, 0xA0,
    0x0C, 0x8D, 0x34, 0x71, 0x40, 0x18, 0x46, 0x2F, 0x17, 0x3A, 0xB0, 0x13, 0xE0, 0x4B, 0xD8, 0x92,
    0x6B, 0xD0, 0x7D, 0x2A, 0xA8, 0x6D, 0x35, 0xF2, 0xD8, 0x6A, 0x3D, 0x0E, 0x22, 0xFA, 0x94, 0xF5,
    0x4F, 0xC7, 0x1C, 0x1A, 0x53, 0xDA, 0x69, 0x6B, 0xA9, 0x84, 0x07, 0xB2, 0x64, 0xAE, 0x21, 0xD2,
    0x59, 0xD3, 0x12, 0x6A, 0x77, 0xC2, 0x5A, 0x66, 0xCF, 0xA6, 0xC4, 0x47, 0xC5, 0x17, 0x11, 0xD2,
    0x0F, 0x81, 0x5E, 0x27, 0x15, 0xDB, 0xA2, 0x1D, 0x91, 0x80, 0xC2, 0xE6, 0xC6, 0xEA, 0x0C, 0xB9,
    0xCB, 0xAA, 0x33, 0xA1, 0x61, 0x3B, 0x12, 0x39, 0x33, 0x39, 0x80, 0xC2, 0x4C, 0xD8, 0x84, 0x3A,
    0x38, 0x51, 0x19, 0x1A, 0xD8, 0x06, 0x2A, 0x51, 0x3B, 0xD4, 0x63, 0x07, 0xE3, 0xB2, 0xC8, 0x17,
    0xBA, 0x57, 0x57, 0x6C, 0x80, 0xD6, 0x03, 0x10, 0xE8, 0x81, 0x6E, 0xF4, 0xF6, 0x63, 0x59, 0x84,
    0x25, 0x87, 0x50, 0xF3, 0xF8, 0x57, 0xFF, 0xAE, 0xCB, 0xBF, 0x95, 0x37, 0xD8, 0xCD, 0x07, 0x82,
    0x35, 0x2F, 0x69, 0xCC, 0xF5, 0xBD, 0x32, 0x25, 0xC9, 0x46, 0x00, 0xAC, 0xF5, 0x44, 0x01, 0x89,
    0x1D, 0x1A, 0x36, 0x1F, 0x42, 0x4C, 0x48, 0x07, 0xD6, 0x78, 0xE7, 0x2F, 0x3B, 0x31, 0x32, 0xA0,
    0xB1, 0xC3, 0x1C, 0xC8, 0x1D, 0x92, 0x24, 0xD9, 0xB8, 0xB9, 0xC1, 0x24, 0x79, 0xDC, 0x80, 0xDA,
    0xF0, 0x50, 0x8C, 0xCC, 0xAA, 0x90, 0xD8, 0xA0, 0x91, 0x35, 0x42, 0xEC, 0x85, 0x6F, 0x5A, 0xCC,
    0x7E, 0xD5, 0x8F, 0x8E, 0xDB, 0x37, 0x06, 0x04, 0xC9, 0xAA, 0xC7, 0x9D, 0xD5, 0x17, 0xD1, 0xE5,
    0x87, 0x59, 0xA5, 0x7E, 0xBC, 0x1D, 0xA2, 0x33, 0x54, 0x7C, 0xB9, 0x4D, 0x6F, 0xFF, 0x0F, 0x31,
    0x7E, 0xA0, 0x57, 0xD2, 0xFD, 0x0A, 0x09, 0xF5, 0x8A, 0x88, 0xB9, 0xFA, 0xF6, 0xA5, 0x7E, 0xFD,
    0x0F, 0xBC, 0xD6, 0x51, 0x8A, 0xF3, 0x46, 0x10, 0x04, 0xE0, 0x82, 0x7E, 0x0D, 0xF4, 0x55, 0x0C,
    0x79, 0x35, 0xF4, 0xD5, 0x1B, 0xF6, 0x00, 0xB9, 0x4A, 0xC3, 0xBE, 0x36, 0x54, 0xA6, 0x47, 0x3D,
    0x1A, 0xC9, 0xF6, 0xCF, 0x2E, 0x04, 0x32, 0x44, 0x55, 0x9F, 0x41, 0x6C, 0xA4, 0x32, 0x3F, 0x18,
    0xF3, 0x58, 0x85, 0x03, 0xAC, 0x8B, 0x5E, 0xAD, 0x64, 0x56, 0x9B, 0x0B, 0xA1, 0x8E, 0xC4, 0xA0,
    0x42, 0x02, 0xD0, 0x50, 0xE8, 0xEC, 0x27, 0xD4, 0x01, 0x61, 0xC2, 0x66, 0x07, 0x0C, 0xD5, 0x98,
    0x8D, 0xEC, 0x26, 0xC0, 0xDF, 0x74, 0xDE, 0x5B, 0x46, 0xDB, 0x6A, 0x1F, 0x1D, 0xBB, 0xF5, 0x7A,
    0xF9, 0xBE, 0x17, 0xF4, 0x22, 0x60, 0x64, 0x54, 0x0B, 0x09, 0x4C, 0x60, 0x9D, 0xC7, 0x4C, 0xEE,
    0x14, 0xFA, 0xF4, 0x4C, 0x05, 0xE0, 0x95, 0xA4, 0x1B, 0x84, 0xAC, 0xB7, 0x0C, 0xC9, 0x80, 0xF9,
    0x1C, 0xA4, 0x9F, 0xB7, 0xD1, 0xE9, 0x9D, 0xF9, 0x92, 0xFB, 0x9E, 0xFD, 0xDF, 0xBA, 0x61, 0xBE,
    0x07, 0xE9, 0x00, 0xC8, 0xFB, 0x23, 0xC2, 0xBA, 0xE9, 0xC6, 0x00, 0x83, 0xCE, 0x6E, 0x21, 0xA0,
    0x21, 0xF3, 0x35, 0xE5, 0x6C, 0x5D, 0x0D, 0x89, 0xEA, 0x3C, 0x9A, 0xD1, 0xED, 0x6B, 0xB5, 0x5F,
    0xB5, 0xBD, 0xF4, 0xDF, 0xDD, 0xDF, 0x97, 0xD6, 0x6A, 0x9F, 0x9F, 0xE5, 0xEB, 0xDE, 0x2A, 0x47,
    0x5B, 0x7F, 0x33, 0x59, 0x0D, 0x32, 0x94, 0x00, 0x8C, 0x3E, 0x1B, 0x0F, 0x7C, 0xFA, 0x4A, 0xE4,
    0x92, 0x38, 0x52, 0xE1, 0x00, 0xCC, 0x02, 0x12, 0x4F, 0x26, 0x34, 0xF2, 0x6B, 0xE4, 0x77, 0xC8,
    0x48, 0xFA, 0x48, 0x23, 0x2A, 0xE7, 0xDB, 0x72, 0xE6, 0xF7, 0x4E, 0x39, 0xF2, 0xCB, 0xCF, 0xD4,
    0x7F, 0x66, 0xEA, 0x4E, 0x9B, 0x99, 0xEA, 0x2E, 0x0C, 0xA5, 0x83, 0x21, 0x23, 0xFF, 0x02, 0x1C,
    0x7D, 0x64, 0x7E, 0xEC, 0x93, 0xE0, 0x69, 0x93, 0x38, 0xAD, 0xF4, 0x8B, 0x4F, 0x42, 0x2E, 0x46,
    0xE2, 0x8F, 0xC7, 0x48, 0x76, 0xE5, 0x8C, 0xB6, 0x10, 0xCA, 0x61, 0x87, 0x06, 0x08, 0xD0, 0x91,
    0x68, 0x6B, 0x94, 0xCD, 0xCB, 0x92, 0x65, 0xA2, 0x1D, 0xCB, 0xF3, 0x92, 0xDC, 0xD6, 0x00, 0xF2,
    0xC5, 0x56, 0x97, 0x6F, 0x13, 0x1F, 0x2D, 0xB9, 0xAD, 0xD1, 0xE6, 0xB0, 0x6F, 0xDB, 0xC5, 0x44,
    0x3B, 0x21, 0xD9, 0x96, 0xC3, 0xD1, 0x6F, 0xA1, 0xD1, 0xB6, 0x80, 0x79, 0x9B, 0x5E, 0x96, 0xB2,
    0x10, 0x20, 0xA6, 0x85, 0x01, 0x99, 0x77, 0x72, 0x6E, 0x25, 0x55, 0x65, 0x5F, 0xC6, 0x71, 0xF6,
    0x97, 0x05, 0x83, 0x78, 0x53, 0xDD, 0xD6, 0xC8, 0x12, 0x89, 0xDE, 0x18, 0x0C, 0xF4, 0xC4, 0xC5,
    0x5E, 0x18, 0xE6, 0xE8, 0x81, 0xA1, 0x58, 0x9B, 0x02, 0x6F, 0x04, 0xAF, 0x9C, 0xCF, 0x90, 0x77,
    0xDA, 0x48, 0x5D, 0x0C, 0xA8, 0x9F, 0x34, 0x9C, 0xCC, 0xA6, 0x40, 0x9A, 0xF3, 0x9D, 0x6F, 0x03,
    0x37, 0xED, 0x9C, 0x14, 0x5C, 0x8B, 0xCE, 0xEA, 0x41, 0x25, 0x80, 0xDE, 0x53, 0x7D, 0xCF, 0x09,
    0xAC, 0x35, 0xED, 0x1C, 0x13, 0x09, 0xB9, 0x6C, 0xE9, 0x75, 0x35, 0xB1, 0xCE, 0xA3, 0xDB, 0x67,
    0x2A, 0x81, 0xC0, 0xB3, 0xF5, 0x44, 0xA2, 0x1F, 0xEA, 0x2B, 0x4A, 0x06, 0x28, 0xBD, 0x25, 0x44,
    0x0B, 0xF9, 0x41, 0xB8, 0xCB, 0x97, 0x8C, 0x3C, 0x1E, 0xA1, 0x02, 0x5A, 0xD2, 0x00, 0x31, 0xC2,
    0xA0, 0x7E, 0x44, 0xC2, 0xA6, 0x20, 0x43, 0x00, 0x4B, 0x01, 0x96, 0x00, 0xF5, 0xA5, 0xB9, 0xB0,
    0xDC, 0x95, 0x4B, 0x12, 0x53, 0xB6, 0xD6, 0xD5, 0x9B, 0x0C, 0xE2, 0x89, 0xA7, 0xCD, 0xCF, 0x60,
    0x49, 0x62, 0xC8, 0x90, 0x53, 0x06, 0x63, 0x18, 0xF5, 0x78, 0x48, 0xB7, 0xB4, 0x12, 0x1E, 0x10,
    0x00, 0xE2, 0x30, 0x12, 0x50, 0xD2, 0x4F, 0x80, 0x40, 0xFF, 0x1F, 0xFE, 0x6F, 0xD8, 0xEF, 0x20,
    0x59, 0xFE, 0x13, 0x24, 0x1A, 0x3A, 0x00, 0x90, 0xE4, 0x0D, 0x7D, 0xDE, 0x91, 0xAF, 0x90, 0x68,
    0xA8, 0xBF, 0xE2, 0x89, 0xB7, 0x7F, 0xC3, 0xD6, 0x4D, 0x18, 0x59, 0xED, 0xDD, 0x40, 0x15, 0x6C,
    0xFD, 0xE1, 0x1F, 0xFA, 0x71, 0xB4, 0xF2, 0x68, 0xEB, 0x7E, 0xD8, 0xD1, 0xF8, 0xEF, 0xDD, 0x6B,
    0x7D, 0x6A, 0x09, 0xB0, 0xB7, 0x63, 0x2F, 0x96, 0xDD, 0x3F, 0x3D, 0x7C, 0xDC, 0x5A, 0xB8, 0xDA,
    0xBB, 0xF7, 0xED, 0x0C, 0xA8, 0x8F, 0xB0, 0xD0, 0x0A, 0xE9, 0x50, 0x1F, 0x01, 0xBC, 0x87, 0x8C,
    0x10, 0x7A, 0x45, 0x8C, 0x90, 0x11, 0x78, 0x09, 0x3D, 0x42, 0xDF, 0xC3, 0x3F, 0x87, 0x8F, 0x60,
    0x68, 0xFF, 0x76, 0x7C, 0x54, 0x00, 0x8A, 0x5B, 0x58, 0x5D, 0x09, 0x80, 0x33, 0x02, 0x80, 0x39,
    0x8C, 0x75, 0x85, 0x31, 0x47, 0xB6, 0x30, 0xB4, 0x7E, 0x4D, 0xE5, 0x14, 0xAF, 0xCA, 0x2D, 0x02,
    0x31, 0x15, 0xB6, 0xE5, 0x4B, 0xBA, 0x15, 0xA5, 0x1C, 0x92, 0xAD, 0x5C, 0xC2, 0x16, 0x3F, 0xC8,
    0xFC, 0x5D, 0x1A, 0x53, 0x32, 0xF4, 0xBD, 0x24, 0x5B, 0x5C, 0xC2, 0x27, 0xD9, 0x14, 0xE9, 0x17,
    0x69, 0x40, 0x12, 0x7D, 0x2E, 0x8A, 0x77, 0xA9, 0xBF, 0xCB, 0x16, 0x90, 0xA7, 0xE2, 0x94, 0xE3,
    0xED, 0xAF, 0x68, 0xF6, 0xF2, 0x85, 0x38, 0xB0, 0x1F, 0xB1, 0xC7, 0xC6, 0x46, 0x2E, 0xF4, 0xE6,
    0x6B, 0x72, 0xE9, 0xC5, 0x85, 0xD1, 0x83, 0x4F, 0xC4, 0xC0, 0x57, 0xF6, 0xDC, 0x92, 0xBD, 0xF6,
    0xFC, 0x74, 0x82, 0x6F, 0x30, 0x7F, 0x85, 0x46, 0xA1, 0x67, 0x9E, 0x90, 0x13, 0x6C, 0xE0, 0x1D,
    0x56, 0x20, 0x7D, 0x43, 0x0B, 0x7B, 0xB6, 0x9F, 0xD1, 0x6D, 0x5C, 0xC8, 0x57, 0xA8, 0xBF, 0x8C,
    0xAA, 0xF9, 0xB9, 0x25, 0xF0, 0xD3, 0x71, 0x08, 0x20, 0x60, 0x82, 0x35, 0xA5, 0xA5, 0x4C, 0x22,
    0xC5, 0xB3, 0x86, 0x4C, 0x45, 0x42, 0x2E, 0xFD, 0xBC, 0x76, 0xEC, 0x8E, 0xD5, 0x32, 0x9B, 0xDD,
    0xDF, 0x7E, 0x6F, 0xBA, 0xC4, 0x6C, 0xBC, 0xF7, 0xA3, 0x7F, 0x82, 0x45, 0xB7, 0x8F, 0x06, 0xF0,
    0x80, 0xF8, 0xFD, 0xC5, 0xFF, 0x6D, 0xCF, 0xEA, 0x72, 0xE4, 0x66, 0x42, 0x60, 0x49, 0xBC, 0x8E,
    0xC4, 0x55, 0xF6, 0x00, 0x96, 0xB8, 0x3A, 0xD2, 0x1E, 0x60, 0xAF, 0x82, 0x94, 0x57, 0xA4, 0xFA,
    0x64, 0xE8, 0x31, 0x9E, 0x9D, 0xDD, 0xFC, 0x27, 0xFB, 0xF3, 0xC5, 0x19, 0x0A, 0x2B, 0x4E, 0x6C,
    0x37, 0x45, 0x57, 0xD3, 0xF8, 0xCE, 0x2F, 0xC7, 0x73, 0xA0, 0xC6, 0xAB, 0x63, 0x65, 0x0C, 0x60,
    0xB0, 0xFE, 0xAB, 0x3C, 0xE4, 0x6D, 0xD4, 0x8D, 0xB3, 0x2A, 0xDC, 0x1D, 0xD6, 0x8E, 0x7E, 0x72,
    0xF2, 0x74, 0xEB, 0xEA, 0x66, 0xAA, 0xED, 0xE4, 0xEC, 0x36, 0xC9, 0x72, 0x28, 0x97, 0xED, 0x02,
    0x1C, 0x27, 0x6B, 0x4F, 0xEB, 0xED, 0xBA, 0x2A, 0xD2, 0xE5, 0x00, 0x5D, 0x2E, 0x00, 0x6B, 0xB7,
    0x1D, 0x4E, 0xE2, 0x28, 0xCC, 0xA2, 0x9C, 0x31, 0x40, 0x06, 0xE9, 0xBB, 0x83, 0xF7, 0x53, 0x36,
    0xB4, 0xDE, 0x58, 0xDD, 0x8B, 0x05, 0xC7, 0x9C, 0x8F, 0xE7, 0x69, 0x31, 0xA5, 0x11, 0x24, 0xC1,
    0xAE, 0x85, 0xAC, 0x00, 0x20, 0x78, 0x40, 0x42, 0x9E, 0x41, 0xD5, 0xA0, 0x0B, 0x88, 0x6D, 0x81,
    0x21, 0xBB, 0x8A, 0x49, 0xA5, 0x5B, 0x54, 0xED, 0x12, 0xD0, 0x84, 0xD9, 0x63, 0x6A, 0x6F, 0x83,
    0x38, 0xC1, 0x2F, 0x61, 0xCE, 0x12, 0xDB, 0x1F, 0xFE, 0xC9, 0xED, 0xAF, 0x42, 0x11, 0x0F, 0x25,
    0xA4, 0x86, 0xD4, 0xC7, 0x50, 0xFA, 0xAA, 0xF4, 0x73, 0x2A, 0x4F, 0x25, 0x94, 0x5E, 0x03, 0x3D,
    0xFF, 0xF0, 0xEA, 0x8F, 0x17, 0x18, 0x61, 0xD9, 0x53, 0x68, 0x31, 0x51, 0xF5, 0xB0, 0x76, 0xFC,
    0xFC, 0x48, 0x4A, 0xCD, 0xBB, 0xF9, 0xE8, 0x3B, 0x5C, 0x59, 0xEE, 0x7D, 0x3A, 0x71, 0xDA, 0xB0,
    0x87, 0x36, 0xD6, 0xD6, 0xD6, 0x1A, 0x71, 0x45, 0x34, 0x92, 0x5F, 0xC3, 0x1C, 0x5C, 0xFF, 0xB7,
    0xEF, 0x13, 0x8D, 0x75, 0x7F, 0x6F, 0x5C, 0x6D, 0x0D, 0xF6, 0x09, 0x19, 0x47, 0x43, 0x43, 0xAE,
    0xEF, 0x2A, 0x5E, 0xC1, 0x95, 0x6B, 0x06, 0x19, 0xAF, 0xE3, 0x92, 0x82, 0xFB, 0x0C, 0xAA, 0xD1,
    0x09, 0x59, 0xEB, 0x7A, 0xD5, 0x75, 0x3C, 0x92, 0xC7, 0x06, 0xBC, 0x20, 0xCF, 0x30, 0x57, 0xD9,
    0x60, 0x8E, 0xEC, 0xC0, 0x28, 0xE9, 0x6B, 0x80, 0x72, 0xDE, 0x2D, 0x47, 0x53, 0x49, 0x0D, 0x1C,
    0xB1, 0x87, 0xF2, 0x66, 0x59, 0xBB, 0x97, 0xC3, 0x9E, 0x29, 0xCE, 0x76, 0xC2, 0x1A, 0x51, 0x77,
    0x38, 0x9E, 0xBB, 0x78, 0xC5, 0xE9, 0xB7, 0x9D, 0xBD, 0xE4, 0xBE, 0x1C, 0x4E, 0x77, 0xE7, 0xDD,
    0xD8, 0x38, 0x3B, 0x95, 0x72, 0xA6, 0x7E, 0x34, 0x37, 0xC8, 0x50, 0x4E, 0x6B, 0xE3, 0x01, 0x38,
    0x30, 0xA1, 0x6B, 0xFF, 0x07, 0xE8, 0x63, 0xB4, 0xAC, 0x1D, 0x08, 0xBE, 0x2C, 0x6D, 0x75, 0xAD,
    0xDF, 0x88, 0x55, 0x2F, 0x3E, 0x16, 0xCA, 0x15, 0x2D, 0xFE, 0x68, 0xC3, 0x83, 0x4C, 0x8C, 0xBB,
    0x3B, 0x46, 0x2C, 0x85, 0x72, 0xEF, 0x90, 0x93, 0x75, 0x9F, 0x91, 0x58, 0x23, 0x0F, 0xBC, 0x3F,
    0x9A, 0x6A, 0x3A, 0x77, 0x7C, 0x2C, 0x04, 0xD7, 0xDF, 0xCF, 0xF1, 0xAE, 0x08, 0x9F, 0x49, 0xA8,
    0xED, 0x2C, 0xCE, 0xCB, 0x69, 0x9E, 0x57, 0xF5, 0xCB, 0xFF, 0x9C, 0xFE, 0x99, 0xAE, 0x9C, 0xE0,
    0x68, 0xA1, 0x9D, 0x02, 0xE9, 0x1F, 0x39, 0x21, 0x46, 0xBE, 0x13, 0x3C, 0xB5, 0x38, 0xF5, 0x2B,
    0xF2, 0xFD, 0x4F, 0x16, 0x02, 0x72, 0x54, 0xB2, 0xEA, 0x3D, 0xF0, 0xB8, 0x53, 0xFA, 0x8F, 0x2F,
    0x17, 0x33, 0x0A, 0x2E, 0xE7, 0x23, 0x1A, 0x93, 0x16, 0x5A, 0xF8, 0x2F, 0x2D, 0xA4, 0x50, 0xBD,
    0x30, 0x4F, 0xDD, 0x1A, 0x6B, 0x75, 0x8D, 0x4F, 0x90, 0x10, 0xBA, 0xCA, 0x6C, 0x39, 0x97, 0xD9,
    0xB3, 0xD7, 0xD3, 0x42, 0xF1, 0xFB, 0x32, 0x3B, 0xA6, 0xCC, 0x06, 0xBD, 0xEB, 0x4E, 0xC9, 0x1D,
    0x35, 0x0A, 0x7D, 0xC7, 0x8E, 0xD4, 0x42, 0x0C, 0xF2, 0x25, 0x54, 0xFA, 0x81, 0x68, 0x34, 0xB7,
    0x46, 0x1F, 0xD4, 0xC6, 0xB8, 0xB6, 0xEC, 0xE6, 0xBB, 0x5E, 0xBD, 0x8F, 0x90, 0x7E, 0x2A, 0xB3,
    0x25, 0xB0, 0x21, 0x17, 0xDD, 0x4A, 0x94, 0x49, 0x3E, 0x53, 0x3F, 0x17, 0x18, 0x29, 0x24, 0x35,
    0xEB, 0x5F, 0x9A, 0xED, 0x06, 0x90, 0xCB, 0x12, 0x72, 0x36, 0x4B, 0x68, 0x19, 0x71, 0x31, 0x62,
    0x33, 0x43, 0x9A, 0x31, 0x36, 0xA5, 0x27, 0x1E, 0x8A, 0xF1, 0xDC, 0x80, 0x24, 0x24, 0xDA, 0xD4,
    0xE9, 0x84, 0xD5, 0x1D, 0xFC, 0x6D, 0x37, 0x2C, 0x8D, 0xEB, 0xFE, 0xCF, 0x37, 0x2C, 0x77, 0x91,
    0xCC, 0xC9, 0x76, 0xF5, 0x41, 0x43, 0xA1, 0x14, 0x3E, 0x4D, 0xE6, 0x68, 0xBC, 0xBA, 0x5D, 0xC9,
    0x5F, 0xDD, 0xAE, 0x24, 0x94, 0x8C, 0x15, 0xB5, 0xD9, 0x26, 0xA9, 0x5F, 0xC1, 0x8E, 0x77, 0xAA,
    0x57, 0x32, 0x5E, 0x5F, 0x68, 0x8A, 0x80, 0x3C, 0x8B, 0x9D, 0xE6, 0x79, 0x46, 0xE7, 0xA4, 0xF8,
    0x1C, 0xF4, 0x73, 0x67, 0xC3, 0xCB, 0xE9, 0x8D, 0x93, 0xE5, 0xE8, 0x3F, 0xD5, 0xD2, 0x30, 0xC9,
    0x3F, 0xDB, 0xD2, 0xC8, 0x6F, 0xB7, 0x34, 0x80, 0xB8, 0x46, 0xCA, 0x76, 0x38, 0xE2, 0xAB, 0xC7,
    0x64, 0x9A, 0x7E, 0xB5, 0xD6, 0x03, 0x6B, 0x1E, 0xCA, 0x01, 0x3A, 0xFD, 0x8F, 0x37, 0x69, 0x7D,
    0x9C, 0x4B, 0x9A, 0xE1, 0x1C, 0x16, 0x43, 0xE3, 0x10, 0x3F, 0x59, 0x3C, 0x85, 0xF1, 0x1C, 0x24,
    0xE9, 0x73, 0xD2, 0xCC, 0x9A, 0x2F, 0x1A, 0x35, 0xD6, 0x49, 0xA7, 0xDE, 0x53, 0xF4, 0x49, 0x71,
    0x1A, 0xC3, 0xEA, 0xE2, 0xF5, 0x60, 0x76, 0xB8, 0x1D, 0x76, 0x8B, 0x58, 0xD2, 0xE7, 0x64, 0x71,
    0xBC, 0x58, 0x76, 0x0C, 0xCF, 0x07, 0xD3, 0x07, 0xD7, 0x07, 0xDB, 0x8B, 0xEF, 0xD6, 0xBA, 0x3A,
    0xF1, 0x22, 0xFB, 0x38, 0x49, 0xA8, 0x5F, 0x79, 0xF7, 0x66, 0x9E, 0xF4, 0xE6, 0x7E, 0xC7, 0xFB,
    0xC2, 0x00, 0xF7, 0xFB, 0x07, 0x7B, 0xBD, 0x99, 0x37, 0x2A, 0xEA, 0xC5, 0xB5, 0x35, 0xDB, 0xA4,
    0x4B, 0x82, 0xAE, 0x5E, 0x8C, 0x6B, 0xD8, 0x72, 0x40, 0x42, 0x83, 0xE5, 0xBC, 0x5C, 0x4D, 0xFB,
    0x5C, 0xC4, 0x33, 0xDA, 0x9D, 0x3E, 0xFA, 0x69, 0x8E, 0x23, 0xB6, 0xE5, 0x08, 0xB8, 0x21, 0xCD,
    0x35, 0x8C, 0xA1, 0x24, 0x94, 0x2E, 0xCC, 0x9A, 0xEB, 0x4D, 0xAB, 0xF8, 0xA4, 0x83, 0x15, 0x9E,
    0x44, 0x4D, 0xCF, 0xFC, 0x7B, 0x65, 0x23, 0xDD, 0x4A, 0x8E, 0x4B, 0x6E, 0x18, 0xCF, 0xE5, 0xD8,
    0x4A, 0x8E, 0x99, 0xE6, 0x90, 0x2F, 0x69, 0x80, 0x3E, 0x16, 0xFA, 0x8E, 0x86, 0x7A, 0xE7, 0x1D,
    0x25, 0x06, 0xD5, 0x77, 0xB4, 0x12, 0xE2, 0x5C, 0x28, 0x69, 0x12, 0x3B, 0x56, 0x1E, 0x19, 0x4B,
    0x8E, 0x09, 0xA8, 0x6B, 0x8E, 0x1C, 0x2B, 0x97, 0xE4, 0x31, 0x60, 0xBA, 0x02, 0x32, 0x9D, 0x68,
    0x99, 0x39, 0xEB, 0x57, 0xD2, 0xA2, 0xC7, 0x7C, 0x77, 0xD4, 0x9A, 0x64, 0xFC, 0x12, 0x18, 0x5A,
    0xA2, 0x57, 0x53, 0xBA, 0xB9, 0xEC, 0xA0, 0x4F, 0x05, 0x61, 0x6E, 0x1A, 0x86, 0xD4, 0x30, 0x09,
    0x0D, 0x53, 0x57, 0xB7, 0x27, 0xA8, 0x1B, 0x61, 0x6E, 0x59, 0xCB, 0x6F, 0x31, 0x59, 0xF7, 0x64,
    0x60, 0x33, 0x3A, 0x12, 0x3E, 0x39, 0x6E, 0x60, 0x39, 0xA7, 0x03, 0x4D, 0xFD, 0x54, 0x8C, 0x8A,
    0xED, 0x53, 0x75, 0x84, 0xEB, 0x15, 0xEC, 0xB1, 0x20, 0xD1, 0xA9, 0x2D, 0x69, 0x58, 0xDA, 0x78,
    0x81, 0xBF, 0x89, 0x22, 0xCE, 0xDA, 0xD5, 0xD9, 0xDE, 0xCE, 0x60, 0x1D, 0x28, 0xAD, 0xB4, 0x68,
    0x17, 0x90, 0x6F, 0x52, 0xC1, 0x8F, 0x40, 0xC5, 0xAC, 0x50, 0x75, 0xA1, 0x33, 0x2E, 0x50, 0xB0,
    0x41, 0x1C, 0xDB, 0x5B, 0x50, 0xA1, 0xC8, 0x6B, 0xA5, 0x13, 0xE6, 0xD0, 0xD4, 0xE8, 0x5B, 0x42,
    0xFD, 0xFC, 0x42, 0x46, 0x32, 0x76, 0x48, 0x24, 0x64, 0x07, 0xDC, 0xC2, 0x04, 0xF5, 0x1E, 0xB8,
    0x04, 0xFD, 0xC5, 0xAB, 0x03, 0x92, 0x8B, 0xA1, 0xBC, 0x01, 0x4D, 0x92, 0x8C, 0x82, 0x4D, 0x1D,
    0xD4, 0x28, 0xDB, 0x33, 0x5A, 0xC2, 0x7A, 0x77, 0xB0, 0xC9, 0x6D, 0xEC, 0x8C, 0x2E, 0x64, 0xE8,
    0xFE, 0xC7, 0x25, 0x0C, 0x6D, 0x84, 0x44, 0x42, 0x23, 0x41, 0x4F, 0x66, 0x57, 0xD0, 0xDE, 0x8F,
    0xE7, 0x32, 0x73, 0x84, 0x85, 0x84, 0x72, 0x49, 0xB6, 0xB4, 0x44, 0xAF, 0x74, 0x55, 0x96, 0x1A,
    0x5A, 0x25, 0xAA, 0x17, 0x75, 0xEF, 0x2E, 0x4C, 0xD0, 0xEC, 0x12, 0x93, 0x74, 0xA4, 0xBA, 0xB8,
    0x84, 0x38, 0x42, 0x80, 0xF8, 0x93, 0x61, 0xDA, 0x24, 0xC0, 0x92, 0x70, 0x56, 0x3E, 0x49, 0xED,
    0x6F, 0x4E, 0xCF, 0x34, 0x66, 0x59, 0xDD, 0x21, 0x7F, 0xDD, 0xE4, 0x05, 0x63, 0x4F, 0xBB, 0x50,
    0x20, 0xCD, 0x57, 0xAA, 0x04, 0xD4, 0xB3, 0xA5, 0xEF, 0x61, 0xCA, 0xAA, 0xA2, 0x96, 0x01, 0xF0,
    0xB5, 0xFB, 0xC5, 0xB7, 0x4D, 0xC3, 0xFB, 0x4B, 0x31, 0xBD, 0x96, 0x77, 0xBA, 0x32, 0x8C, 0x69,
    0xC8, 0x80, 0x06, 0xF4, 0x0F, 0x7D, 0xE6, 0x02, 0xA1, 0x0C, 0x65, 0x18, 0x72, 0xC3, 0x16, 0xFB,
    0xEF, 0xF2, 0x7B, 0xBE, 0x71, 0xAD, 0xAD, 0x9D, 0x56, 0xCE, 0xEB, 0x34, 0x0F, 0x34, 0xAC, 0xA4,
    0x52, 0xFC, 0x43, 0x7E, 0xDD, 0xDA, 0x7A, 0x3F, 0x30, 0xAB, 0x61, 0x31, 0x6C, 0x58, 0x9B, 0x84,
    0x8B, 0xBC, 0xCD, 0x87, 0x2D, 0x68, 0xCE, 0x97, 0xAC, 0x7E, 0xE7, 0x90, 0x1D, 0x1D, 0xD1, 0xD3,
    0xEA, 0x43, 0x46, 0xFB, 0x66, 0xC1, 0xF3, 0xD3, 0x82, 0x27, 0xDE, 0x5F, 0xFA, 0xB7, 0xB7, 0x88,
    0x76, 0xEB, 0xAF, 0x2D, 0x09, 0xA3, 0x1F, 0x25, 0x60, 0x4A, 0xBC, 0x54, 0x00, 0x1A, 0x99, 0x85,
    0x75, 0x97, 0x16, 0x8B, 0x22, 0x8C, 0x90, 0x42, 0xBC, 0x82, 0xD2, 0x33, 0x37, 0x76, 0x54, 0xDF,
    0x91, 0xC5, 0x40, 0x14, 0x62, 0x47, 0x5D, 0xCF, 0x2D, 0x6C, 0x05, 0x6A, 0x64, 0xA1, 0x35, 0xFA,
    0xDC, 0x41, 0xA3, 0x30, 0x41, 0xA6, 0x90, 0x64, 0x82, 0xD9, 0xF1, 0x56, 0x69, 0x99, 0xB3, 0xEA,
    0xD2, 0xB1, 0xB9, 0x33, 0xF1, 0x9B, 0x1A, 0xCF, 0xF1, 0xC0, 0x14, 0x5A, 0x2A, 0x51, 0xB6, 0x29,
    0x72, 0xBB, 0x20, 0x03, 0x65, 0xF4, 0x65, 0x18, 0xCB, 0x5B, 0x93, 0x18, 0x03, 0xE8, 0x47, 0x15,
    0xA7, 0x85, 0x06, 0x3B, 0x4A, 0xB8, 0x80, 0x7C, 0xCC, 0x58, 0x42, 0xD8, 0x89, 0x6B, 0x8C, 0xBA,
    0x67, 0xFF, 0xD9, 0x2A, 0x67, 0xFF, 0x54, 0x2C, 0xA3, 0xB0, 0x44, 0x77, 0x1A, 0xD9, 0x2D, 0xBB,
    0x3D, 0xA1, 0x7B, 0x7C, 0x9F, 0xF3, 0x3B, 0x87, 0x3D, 0x53, 0x1B, 0x50, 0x03, 0x6B, 0xE7, 0x02,
    0x89, 0x8A, 0xBA, 0x5F, 0xDE, 0x53, 0x83, 0x7A, 0x7A, 0xEE, 0x9C, 0xC6, 0xF3, 0xCA, 0xBD, 0xD5,
    0xEF, 0x28, 0x8D, 0xFB, 0x84, 0x7C, 0xCD, 0xBC, 0x2F, 0xC5, 0x2C, 0xB4, 0xCA, 0xE9, 0xAD, 0xC6,
    0x1B, 0x0B, 0xF5, 0x7D, 0xF1, 0xF5, 0x50, 0xC1, 0x17, 0x32, 0x35, 0x40, 0x75, 0xD0, 0xB0, 0x6C,
    0xE5, 0x9E, 0x79, 0xD7, 0xF9, 0x9A, 0x6B, 0x53, 0xD9, 0x72, 0xE5, 0x3D, 0x52, 0xCB, 0xBE, 0x32,
    0x15, 0x70, 0x29, 0x04, 0xCA, 0xB2, 0x4D, 0xC2, 0x48, 0x57, 0x72, 0x9A, 0x77, 0xEA, 0x80, 0x95,
    0xF5, 0xB9, 0xEC, 0x1E, 0x68, 0x9D, 0x5C, 0x61, 0x21, 0x71, 0x2E, 0xC3, 0xD5, 0x77, 0x5F, 0x64,
    0x42, 0x89, 0x79, 0xBC, 0xD4, 0x63, 0xD7, 0x95, 0xA3, 0x5C, 0x77, 0xBA, 0xBA, 0x91, 0x50, 0xE6,
    0x3C, 0xF7, 0x3A, 0x20, 0xF6, 0x73, 0xDB, 0xD6, 0x33, 0xA3, 0x55, 0x98, 0xB1, 0xD0, 0xD5, 0x35,
    0xAC, 0x56, 0xF4, 0xDA, 0xD4, 0x64, 0x0E, 0x6E, 0xFD, 0x5F, 0x7F, 0x16, 0xED, 0x7B, 0x10, 0x07,
    0x1A, 0xE9, 0x85, 0x2F, 0xF7, 0x60, 0xE8, 0x83, 0x56, 0xA8, 0xA7, 0xAB, 0x5B, 0x61, 0xF4, 0xE9,
    0x58, 0x9E, 0xAD, 0x1F, 0x41, 0xD2, 0xE5, 0xE7, 0xEA, 0xFD, 0xDE, 0xD4, 0x90, 0x5E, 0xD9, 0x21,
    0x67, 0x96, 0xA3, 0x4D, 0xA3, 0x59, 0x96, 0x89, 0xF8, 0x7F, 0x65, 0x90, 0x81, 0x05, 0x64, 0x01,
    0x0C, 0x44, 0x1F, 0x01, 0x58, 0xD2, 0x50, 0x48, 0xEB, 0x61, 0x0B, 0xB8, 0x56, 0xA6, 0x80, 0x61,
    0xCE, 0xBF, 0xFD, 0xC0, 0x79, 0x60, 0x12, 0x64, 0x5E, 0x86, 0x90, 0xDB, 0x2B, 0x61, 0x86, 0xC1,
    0xE5, 0xD6, 0xDE, 0x20, 0x18, 0x08, 0x15, 0x3A, 0xB7, 0xA5, 0xC1, 0x62, 0x8E, 0x4F, 0x1D, 0x6C,
    0xEA, 0x36, 0x41, 0x1B, 0x28, 0x93, 0x38, 0xB1, 0xF8, 0x88, 0x31, 0xB3, 0x78, 0xA3, 0xCE, 0x55,
    0x58, 0x72, 0x0F, 0xCB, 0x3F, 0xEE, 0x4D, 0xEF, 0xA4, 0xC3, 0xE6, 0xA6, 0x2F, 0xA5, 0xE9, 0x63,
    0x0F, 0x83, 0x28, 0xD1, 0x8A, 0x3D, 0x5A, 0xAD, 0x27, 0xDE, 0x43, 0x5B, 0xDA, 0x56, 0xFA, 0xEB,
    0x2D, 0xB9, 0xD1, 0x70, 0x20, 0x66, 0xD0, 0x7E, 0xDF, 0x7B, 0x65, 0x30, 0xD3, 0x47, 0x5A, 0xE4,
    0x8F, 0xD8, 0x33, 0xA5, 0x05, 0xF7, 0x53, 0x1F, 0x7E, 0x4A, 0xD1, 0x22, 0x31, 0x62, 0x8E, 0xA9,
    0x6B, 0x06, 0x13, 0x7E, 0x65, 0x4B, 0xED, 0x07, 0x1E, 0x54, 0xEA, 0x0B, 0xFA, 0x5F, 0xE6, 0xCD,
    0xF9, 0x65, 0x7E, 0x6A, 0x4D, 0x33, 0x88, 0xBA, 0xA2, 0x69, 0xB5, 0x7F, 0xCB, 0x78, 0x85, 0xEB,
    0x9A, 0xC5, 0xF8, 0x93, 0x7D, 0xBC, 0x8E, 0x8F, 0x68, 0x31, 0xC6, 0x1B, 0xED, 0x63, 0xF1, 0x3E,
    0xF4, 0x2F, 0xDC, 0x97, 0x07, 0xCA, 0x2B, 0x3B, 0x0C, 0x85, 0x0F, 0x88, 0xFE, 0x8A, 0xB6, 0xF2,
    0x2F, 0x60, 0x40, 0x5B, 0x17, 0xDC, 0x05, 0xBC, 0xAD, 0x08, 0x2E, 0x1D, 0xC1, 0x79, 0x91, 0x34,
    0xCE, 0x4C, 0xDA, 0xED, 0xDD, 0x38, 0xE7, 0xFB, 0xD2, 0x3C, 0x2E, 0x13, 0xE3, 0x40, 0xDD, 0x00,
    0x0B, 0xF3, 0x23, 0xE6, 0xB5, 0x27, 0xC5, 0x48, 0x46, 0x45, 0x22, 0x21, 0x15, 0xB8, 0x8B, 0xAD,
    0x02, 0x4F, 0x83, 0xA4, 0x57, 0xCC, 0xD3, 0x97, 0x21, 0xD5, 0x4A, 0x45, 0xDE, 0x84, 0x26, 0x49,
    0x46, 0x87, 0x75, 0x62, 0xC1, 0x0D, 0x7A, 0x01, 0x0C, 0x92, 0xD8, 0x60, 0xD3, 0x95, 0x03, 0x1B,
    0x50, 0xC0, 0x4B, 0x08, 0xB3, 0x60, 0x64, 0x21, 0x41, 0xBF, 0xC0, 0xA1, 0x71, 0x01, 0x16, 0x24,
    0x5F, 0x80, 0x07, 0xE2, 0x0C, 0xDD, 0xE1, 0x30, 0x26, 0xCC, 0xC1, 0x02, 0xBA, 0x64, 0xA7, 0x44,
    0x43, 0x7D, 0xD0, 0xB9, 0x61, 0x9A, 0x83, 0x56, 0x58, 0x00, 0xE0, 0xFA, 0xA8, 0x3C, 0xAC, 0x43,
    0x20, 0xA1, 0x15, 0x72, 0x0D, 0x1C, 0x81, 0xAF, 0x09, 0x79, 0x15, 0x64, 0x4E, 0x54, 0xF1, 0x0A,
    0xF2, 0x02, 0xED, 0x97, 0xCC, 0x85, 0x40, 0x49, 0x77, 0xD9, 0xBC, 0x67, 0xC1, 0xD5, 0x2B, 0xCD,
    0x01, 0x43, 0x65, 0xF1, 0x48, 0x9E, 0x93, 0xA4, 0x77, 0xDE, 0xBE, 0x3E, 0x69, 0xE7, 0xF4, 0x95,
    0x7F, 0xF7, 0x5C, 0x6B, 0xA7, 0x75, 0x27, 0xB3, 0x2F, 0x17, 0xC0, 0xAC, 0xA9, 0x30, 0x00, 0xE0,
    0x0D, 0x30, 0x86, 0x90, 0xA9, 0x01, 0xAA, 0x83, 0x86, 0xF5, 0x90, 0xB4, 0xBD, 0x35, 0x8B, 0x99,
    0x7C, 0xA1, 0x03, 0x3D, 0x26, 0xFA, 0xB4, 0x60, 0x39, 0xEF, 0x80, 0xF3, 0xE8, 0x77, 0x8C, 0x45,
    0x20, 0xE7, 0x21, 0x61, 0xA4, 0x2B, 0x59, 0xDD, 0x82, 0x31, 0x8D, 0x09, 0x02, 0xF9, 0xD9, 0x55,
    0x6E, 0x2B, 0x19, 0x64, 0x18, 0x8C, 0xCE, 0xA9, 0x86, 0xC4, 0xA9, 0x7C, 0xFB, 0x6B, 0x91, 0x46,
    0xC2, 0xF0, 0x19, 0x95, 0x2F, 0xEA, 0xDD, 0xB5, 0x02, 0xEA, 0x30, 0x87, 0x01, 0xD9, 0xEB, 0x02,
    0x25, 0x49, 0x3F, 0xCB, 0xDC, 0x42, 0x9F, 0x2A, 0x1B, 0xF4, 0xA3, 0x92, 0xD0, 0xF7, 0x8C, 0x25,
    0xDC, 0xA5, 0xD7, 0x39, 0x7A, 0x0B, 0x19, 0xE9, 0x5A, 0xE2, 0x25, 0xD2, 0x22, 0x67, 0xF1, 0xB3,
    0xF4, 0xE7, 0x77, 0x49, 0xC5, 0x38, 0xAD, 0xC5, 0x9C, 0x59, 0xA2, 0x04, 0x03, 0xBA, 0x6F, 0x57,
    0x2D, 0x80, 0xB1, 0x27, 0xFA, 0x24, 0x6B, 0x2B, 0x01, 0x12, 0x90, 0xF8, 0x96, 0x42, 0x92, 0xEF,
    0x99, 0x4B, 0xB8, 0xDE, 0x32, 0x1F, 0x99, 0x5D, 0xA4, 0x52, 0xAE, 0x92, 0x57, 0x91, 0x97, 0x12,
    0xBB, 0xE8, 0x12, 0xF3, 0x11, 0x21, 0xC8, 0x4B, 0x92, 0xB9, 0x04, 0x6B, 0xC7, 0x3E, 0x38, 0x5B,
    0xF7, 0xBE, 0x69, 0x1F, 0xCC, 0x33, 0x37, 0x00, 0x45, 0x3C, 0x27, 0xD9, 0x54, 0xD2, 0x8B, 0x74,
    0x8D, 0x62, 0x75, 0xB2, 0xE8, 0x40, 0x13, 0xCF, 0xC9, 0x2F, 0xE3, 0x5A, 0xB2, 0xC5, 0x63, 0x2F,
    0x1F, 0xD8, 0x80, 0x5E, 0x29, 0x79, 0xDE, 0xE6, 0xFF, 0xBE, 0xFD, 0xC9, 0x42, 0xBD, 0xD0, 0x1D,
    0xA6, 0x83, 0x01, 0x10, 0x8D, 0x84, 0xC4, 0xC0, 0xBD, 0xA0, 0x8E, 0x06, 0x1A, 0x36, 0xD8, 0x06,
    0xD1, 0xD0, 0x01, 0x31, 0x88, 0x86, 0xB0, 0x81, 0x1D, 0xE6, 0x0D, 0xDD, 0x11, 0x67, 0x48, 0x2E,
    0xF4, 0x63, 0x07, 0xAF, 0xD0, 0x0B, 0xEC, 0x9D, 0xCF, 0xC0, 0x67, 0x4C, 0x79, 0x8C, 0xC8, 0x7C,
    0x10, 0xC7, 0x3B, 0x00, 0x38, 0x50, 0xC7, 0x6D, 0x59, 0x53, 0xB7, 0x03, 0x3C, 0x5F, 0xF3, 0x25,
    0x74, 0x60, 0x8D, 0x35, 0x4B, 0xEF, 0x1B, 0xFA, 0xAE, 0x61, 0xD2, 0xC8, 0x86, 0x44, 0x43, 0xBD,
    0x61, 0x68, 0x64, 0x83, 0x31, 0xF0, 0x82, 0x10, 0x8D, 0x7C, 0x8D, 0xB9, 0x87, 0x63, 0xE0, 0xB3,
    0x67, 0x01, 0xC8, 0x1E, 0xBD, 0x24, 0x58, 0xE0, 0xAC, 0xC0, 0xDA, 0xBF, 0x12, 0x77, 0x65, 0x46,
    0x4A, 0x9F, 0x56, 0xBA, 0x57, 0xE2, 0x90, 0x9C, 0xF9, 0xD9, 0xC1, 0x0B, 0x30, 0xFB, 0x69, 0xC1,
    0xB1, 0x0D, 0x12, 0xFD, 0x7E, 0x14, 0xA2, 0x21, 0x21, 0x8D, 0x14, 0x9F, 0xF5, 0xDF, 0x51, 0x09,
    0x5A, 0xC3, 0xB6, 0x41, 0x36, 0x34, 0xCE, 0x98, 0xAF, 0xB9, 0x7A, 0xBB, 0xCD, 0x3B, 0xD9, 0xE0,
    0x8E, 0x28, 0x80, 0xAF, 0x57, 0x6C, 0x21, 0x3F, 0x0D, 0xF1, 0x8D, 0x20, 0x1F, 0x07, 0xBB, 0xC4,
    0xC0, 0xA7, 0x0B, 0x38, 0x10, 0x67, 0xE0, 0x16, 0x36, 0xA0, 0x9F, 0x20, 0xFF, 0xDD, 0x22, 0x0A,
    0xAA, 0x03, 0x39, 0x63, 0x93, 0x6C, 0xA0, 0x91, 0x83, 0x00, 0x0F, 0x48, 0xC0, 0x0A, 0x3E, 0x98,
    0xFE, 0xE9, 0x0E, 0x40, 0x77, 0x04, 0x60, 0x83, 0x6D, 0xC7, 0x31, 0x05, 0x09, 0x44, 0xC3, 0x18,
    0xE8, 0x61, 0x3A, 0xAE, 0x87, 0xC2, 0x49, 0x10, 0xDA, 0x29, 0x9D, 0x98, 0xCC, 0x53, 0x62, 0x65,
    0x3E, 0xA6, 0xD1, 0x3B, 0xE7, 0xC7, 0x95, 0x95, 0xE0, 0x29, 0x6D, 0xD2, 0x4F, 0x7E, 0xBC, 0x3B,
    0x55, 0x3A, 0x39, 0x4B, 0x01, 0xCC, 0xF8, 0x8C, 0xCC, 0x4E, 0x3A, 0x40, 0x70, 0x7A, 0x98, 0x47,
    0xE2, 0x21, 0xA7, 0x1D, 0x99, 0x9E, 0x78, 0x25, 0xBB, 0x87, 0x71, 0xF4, 0x13, 0x1A, 0x73, 0xD1,
    0x73, 0x0F, 0x5F, 0xF4, 0x93, 0x93, 0xCF, 0x7B, 0x18, 0xBF, 0xCE, 0xE9, 0xDA, 0x48, 0xD2, 0x17,
    0xE4, 0xD8, 0xAD, 0xFD, 0x01, 0xF1, 0x04, 0xF2, 0x09, 0xF0, 0x05, 0xBB, 0x40, 0x9F, 0x02, 0x0D,
    0xBB, 0xC1, 0x36, 0xC8, 0xC1, 0xDC, 0xA6, 0xEC, 0xE2, 0x83, 0x19, 0xA8, 0xDD, 0x21, 0x0A, 0x7A,
    0x03, 0xFB, 0x55, 0xFE, 0x53, 0xC2, 0x20, 0xA4, 0x23, 0x01, 0x7A, 0x99, 0x12, 0x60, 0x80, 0x89,
    0xDD, 0x34, 0x60, 0x04, 0xDE, 0xB2, 0x6C, 0xDB, 0xE6, 0x60, 0xE9, 0xFB, 0xD8, 0xCA, 0x62, 0x99,
    0xB4, 0xA9, 0x5F, 0xCC, 0xCB, 0xC4, 0x2F, 0x8E, 0xB6, 0x54, 0x67, 0x1B, 0x8C, 0x8C, 0x31, 0x92,
    0x6C, 0xD1, 0x50, 0xB7, 0x69, 0xA5, 0xBE, 0x7B, 0xD8, 0x8C, 0x15, 0xEA, 0x38, 0x8C, 0x33, 0xAE,
    0xB3, 0xCD, 0x82, 0xC5, 0x8D, 0x55, 0x85, 0x79, 0x55, 0x8D, 0x93, 0xBD, 0x11, 0x65, 0x92, 0x6F,
    0x3D, 0x42, 0x42, 0x98, 0x1A, 0x6D, 0xA0, 0x03, 0x7F, 0xEF, 0x1B, 0x3E, 0x48, 0x42, 0x02, 0xF4,
    0x6E, 0xD5, 0x70, 0x89, 0xBF, 0xD1, 0xAD, 0x4E, 0x58, 0xC7, 0x74, 0x0B, 0x73, 0x8D, 0x12, 0xD2,
    0x2B, 0x4A, 0xC1, 0xEB, 0xE7, 0x34, 0x8E, 0xD8, 0x2A, 0xB8, 0xC2, 0x09, 0x58, 0x05, 0x2F, 0xD0,
    0xEE, 0x52, 0x00, 0xCC, 0xDF, 0xFE, 0xA0, 0xB0, 0x4E, 0x47, 0x10, 0x60, 0x46, 0x57, 0x78, 0x37,
    0xB7, 0x0D, 0xA3, 0xA0, 0xC4, 0x1F, 0x75, 0x3A, 0xFA, 0x23, 0x8E, 0xB5, 0x4A, 0x92, 0xB1, 0x80,
    0x99, 0x9E, 0x3B, 0x6C, 0x1F, 0x47, 0x3E, 0x43, 0x40, 0x1F, 0x20, 0xB7, 0xF0, 0x33, 0x74, 0x07,
    0x0A, 0x5B, 0xC1, 0x41, 0x1B, 0xE4, 0x20, 0xD0, 0x33, 0xEF, 0x8D, 0x39, 0xB7, 0x91, 0xB0, 0x12,
    0x21, 0x81, 0x11, 0x07, 0x2C, 0xEF, 0x25, 0x13, 0xD0, 0x16, 0x02, 0xAA, 0x37, 0x62, 0x80, 0x2D,
    0xD9, 0x46, 0xFC, 0x90, 0x2C, 0x89, 0x4B, 0xC4, 0x9D, 0x84, 0x8C, 0x48, 0x88, 0xDF, 0x49, 0xEA,
    0x55, 0xF6, 0xBF, 0xD1, 0x87, 0xD8, 0x2E, 0xDC, 0x76, 0xB1, 0xAB, 0xE4, 0x8D, 0x90, 0xAE, 0x21,
    0xA4, 0x5F, 0xE5, 0xF5, 0x0F, 0xE6, 0x2B, 0x0E, 0xA7, 0x24, 0xB9, 0xF0, 0xAD, 0x0F, 0xA7, 0xB7,
    0xBB, 0xC4, 0xFF, 0xED, 0x9B, 0x5D, 0x8E, 0xEB, 0x38, 0x0E, 0x85, 0x09, 0xE8, 0xB5, 0x00, 0x6E,
    0x25, 0x0B, 0x30, 0xC0, 0xAD, 0x13, 0xF0, 0x02, 0xB2, 0x15, 0x02, 0x79, 0x25, 0x70, 0xC6, 0x22,
    0x29, 0xC9, 0x71, 0x92, 0x5B, 0xD5, 0xFF, 0xDD, 0xC0, 0x78, 0xA2, 0xEF, 0x70, 0xFA, 0x26, 0x65,
    0x59, 0xB2, 0x24, 0x92, 0xB2, 0x7F, 0x91, 0x48, 0x8B, 0xE1, 0xC9, 0xC6, 0xC9, 0x70, 0x64, 0x25,
    0x49, 0x83, 0x94, 0x04, 0x7E, 0x45, 0x9F, 0x5C, 0xBF, 0xD5, 0x83, 0x96, 0xCC, 0xFB, 0x2C, 0x59,
    0xD9, 0x4D, 0xA4, 0x81, 0x79, 0x13, 0x1D, 0x32, 0xFC, 0x12, 0x58, 0xC9, 0x6A, 0xC0, 0x7F, 0x6B,
    0x1C, 0x70, 0x99, 0x9B, 0xCA, 0x3F, 0xD6, 0x74, 0x3E, 0x41, 0xEC, 0x84, 0x8A, 0xE0, 0x02, 0x38,
    0xC1, 0x0B, 0xE5, 0x9B, 0x94, 0x3B, 0x28, 0x07, 0x04, 0x74, 0x20, 0xEB, 0xF1, 0x63, 0x00, 0x28,
    0x54, 0x8F, 0xB7, 0xA7, 0x1E, 0xA7, 0x8F, 0xA9, 0xD3, 0x4B, 0xD2, 0x74, 0x11, 0x3F, 0xA6, 0x24,
    0x75, 0x91, 0x0F, 0x7E, 0x5D, 0x92, 0xA6, 0x79, 0xEA, 0xAA, 0x95, 0x57, 0xBE, 0xA2, 0xF2, 0x35,
    0x45, 0x65, 0x65, 0x93, 0xB8, 0x4B, 0xD2, 0x01, 0xF2, 0xC5, 0x8D, 0x3A, 0xE9, 0xF7, 0x52, 0x7E,
    0x42, 0x2A, 0x66, 0x3D, 0x83, 0xFF, 0xF1, 0xC0, 0x3A, 0x97, 0xFB, 0x25, 0x94, 0x4C, 0xE1, 0x35,
    0x07, 0x39, 0xB1, 0x37, 0xE4, 0x3D, 0xE1, 0x24, 0x2A, 0x5D, 0xD8, 0x24, 0xD7, 0x15, 0x3C, 0x89,
    0x5F, 0xA4, 0x75, 0xC1, 0x49, 0xD8, 0x24, 0x44, 0x45, 0x0F, 0x11, 0x65, 0x3B, 0x04, 0xD4, 0xF2,
    0x44, 0xD4, 0x45, 0x3F, 0x85, 0xCB, 0x25, 0x80, 0x4D, 0xE1, 0x5C, 0x6D, 0x18, 0x4E, 0x80, 0x96,
    0xE7, 0x40, 0x92, 0x12, 0x9E, 0x68, 0x4A, 0xFE, 0xC9, 0x2D, 0x25, 0xBD, 0xD9, 0x72, 0x74, 0x77,
    0x0D, 0xB9, 0x87, 0x30, 0x56, 0xB0, 0xBE, 0x04, 0x21, 0x8C, 0xFC, 0xA6, 0x84, 0x6C, 0x5C, 0x0E,
    0x41, 0x75, 0x9C, 0x77, 0xD1, 0x74, 0x46, 0x53, 0x64, 0x46, 0x2B, 0x6C, 0x43, 0x56, 0xD4, 0xDC,
    0x00, 0xFD, 0x4F, 0x66, 0x36, 0x3C, 0x65, 0xF5, 0xC8, 0xB7, 0x52, 0xA3, 0xA3, 0x24, 0xDC, 0x1E,
    0xCB, 0xFE, 0xD1, 0x3F, 0x24, 0xA2, 0x71, 0x5F, 0xE1, 0x10, 0x90, 0x94, 0xE3, 0x2F, 0x87, 0x08,
    0xAC, 0x0B, 0x11, 0xFD, 0x06, 0xA1, 0x93, 0x30, 0x30, 0x44, 0xE0, 0xD5, 0x55, 0xCB, 0x5A, 0xDB,
    0x6C, 0x27, 0xCB, 0x3F, 0x58, 0xFA, 0x9D, 0xE5, 0x7F, 0x8B, 0xD5, 0xBE, 0xB5, 0xE4, 0x62, 0x61,
    0x1C, 0xB6, 0xAC, 0xFF, 0xB7, 0xC6, 0xF9, 0xA0, 0x71, 0x2C, 0x4B, 0xA6, 0xB5, 0xFD, 0xDA, 0x9A,
    0xF9, 0xA8, 0xB1, 0xD6, 0x93, 0x07, 0xED, 0x85, 0xF4, 0x1D, 0x01, 0x0D, 0x9E, 0x52, 0x66, 0xCD,
    0x5F, 0x32, 0x59, 0x12, 0xC4, 0x95, 0xF9, 0x61, 0xA3, 0x76, 0x4D, 0x99, 0x09, 0x32, 0x1C, 0x19,
    0x9A, 0x57, 0x29, 0x5A, 0x4A, 0xBF, 0x59, 0xFD, 0xAA, 0x82, 0xA1, 0x16, 0x4A, 0xEC, 0xA9, 0xAD,
    0x94, 0x40, 0xF8, 0x2D, 0xDA, 0x3C, 0x95, 0x4B, 0x61, 0x87, 0x02, 0x39, 0x8C, 0x01, 0x58, 0x57,
    0x06, 0xD6, 0x8A, 0x28, 0xF4, 0xDB, 0x88, 0x33, 0x05, 0x1A, 0xB4, 0xD5, 0xA2, 0xF5, 0x91, 0xA4,
    0x16, 0xFD, 0xC2, 0x6B, 0x26, 0x50, 0x6C, 0x6D, 0x40, 0x8F, 0x2D, 0x63, 0x92, 0x0C, 0xAE, 0x40,
    0x6C, 0x04, 0x95, 0x99, 0xBB, 0xB8, 0x9D, 0xF3, 0x76, 0x74, 0x01, 0x02, 0x0D, 0x40, 0xE2, 0x63,
    0x66, 0x4A, 0x0E, 0xBC, 0x4F, 0x83, 0x58, 0xA6, 0x41, 0x72, 0x17, 0xBA, 0x8E, 0xDB, 0xCC, 0xCA,
    0x58, 0x18, 0x0C, 0xF8, 0xE9, 0x12, 0xA7, 0x9D, 0x17, 0x54, 0xC9, 0xCB, 0x34, 0x3A, 0xCA, 0x89,
    0xD5, 0xAB, 0x51, 0xE1, 0x73, 0x19, 0x58, 0x06, 0x80, 0x8B, 0x71, 0xFD, 0x8E, 0x5F, 0x8D, 0xD3,
    0x5F, 0x6E, 0x75, 0x52, 0x5B, 0xC6, 0x18, 0xDE, 0x65, 0x88, 0x76, 0x62, 0x8E, 0x0D, 0x67, 0xA7,
    0x0A, 0xBB, 0x35, 0x8C, 0xBA, 0xF6, 0xEA, 0x10, 0x4E, 0x41, 0x2E, 0xF3, 0x18, 0x31, 0xFD, 0xDC,
    0x8D, 0xFC, 0x91, 0x34, 0x0F, 0x21, 0xA4, 0x08, 0xF6, 0x2E, 0x2D, 0xA5, 0xDC, 0x11, 0xB6, 0x10,
    0xD1, 0xF3, 0x37, 0x3D, 0x64, 0x5E, 0x4B, 0x08, 0x97, 0x68, 0xC8, 0xCC, 0xAD, 0x75, 0x81, 0x67,
    0x30, 0x6E, 0x94, 0x87, 0x52, 0x3A, 0xAB, 0x0D, 0x1D, 0x9E, 0x69, 0x3C, 0x21, 0x09, 0x5C, 0xE3,
    0x8E, 0x76, 0x81, 0x1C, 0xE0, 0x02, 0x68, 0x2B, 0x08, 0xF9, 0x01, 0x98, 0x38, 0x43, 0xC5, 0xE8,
    0x16, 0x01, 0x5A, 0x80, 0xB3, 0x08, 0x88, 0xC7, 0x16, 0xEC, 0x5C, 0xB4, 0xCB, 0x0F, 0x86, 0x0A,
    0xC3, 0x36, 0x69, 0xBE, 0x6D, 0xE4, 0x6E, 0x84, 0x5E, 0x60, 0x84, 0x87, 0x92, 0x54, 0x01, 0xE8,
    0xA9, 0x38, 0xA8, 0x45, 0x11, 0xE2, 0x0A, 0x06, 0x40, 0x0D, 0x9E, 0x69, 0x3E, 0x8E, 0x6F, 0x69,
    0x73, 0x36, 0xD6, 0x16, 0x45, 0xA8, 0x17, 0x56, 0x90, 0x28, 0xB8, 0xDC, 0xC3, 0x03, 0x20, 0x0E,
    0xBF, 0xF4, 0x5C, 0x90, 0xDF, 0x35, 0x51, 0x51, 0x46, 0x25, 0xB1, 0xC2, 0x94, 0xDD, 0x9D, 0x70,
    0x23, 0xAC, 0xF1, 0x9A, 0xBB, 0xCD, 0x48, 0x9D, 0xFF, 0x90, 0x2D, 0x26, 0xD8, 0x21, 0x30, 0xF6,
    0xF4, 0x1A, 0x01, 0xEB, 0x55, 0x6A, 0x39, 0x56, 0x47, 0xC1, 0x2C, 0xE2, 0x20, 0x00, 0xEC, 0x9C,
    0x8F, 0x85, 0xF4, 0x72, 0xBA, 0x64, 0x7F, 0x2A, 0x6D, 0x14, 0xEB, 0x05, 0xC4, 0xBD, 0xA8, 0x90,
    0xA8, 0x74, 0x6B, 0x34, 0x05, 0x85, 0x03, 0xA4, 0x0D, 0x30, 0x36, 0x5E, 0x4D, 0x91, 0x0E, 0xB8,
    0x79, 0x5C, 0x3E, 0xD4, 0xE1, 0x79, 0x22, 0x7D, 0xAE, 0x94, 0x28, 0x99, 0x58, 0x33, 0x06, 0x34,
    0x9A, 0xB7, 0x11, 0xB5, 0x1C, 0xC6, 0xD2, 0x45, 0x0C, 0x7E, 0x08, 0xCC, 0x0E, 0x69, 0x30, 0xC2,
    0x21, 0xAA, 0x24, 0x19, 0xAE, 0x48, 0x3D, 0xD0, 0x72, 0xF7, 0x2D, 0xE3, 0x0D, 0x4F, 0x41, 0x97,
    0xFD, 0xD1, 0x45, 0xDA, 0x23, 0x4E, 0xDA, 0x10, 0x7E, 0xDC, 0x21, 0x16, 0x03, 0xB3, 0x79, 0x84,
    0xA0, 0x25, 0x84, 0x2F, 0xD1, 0x2E, 0x80, 0x1D, 0x22, 0x1E, 0xFF, 0x8F, 0x4D, 0x2A, 0x6C, 0x13,
    0xA7, 0x86, 0x68, 0x04, 0x15, 0x62, 0x8D, 0x90, 0x30, 0x8A, 0x64, 0x2B, 0x8B, 0x11, 0x63, 0x78,
    0x72, 0x95, 0x96, 0x8E, 0x9F, 0xB3, 0x79, 0x16, 0xF5, 0x98, 0xF2, 0x50, 0x13, 0x9A, 0x46, 0xCB,
    0x0D, 0xDF, 0x14, 0xD1, 0xCF, 0x7B, 0xB0, 0x0D, 0xCA, 0xA4, 0x11, 0x82, 0x8F, 0xC5, 0x96, 0xDC,
    0x75, 0x92, 0xEF, 0x41, 0x5E, 0x94, 0xA0, 0xB3, 0x6A, 0x83, 0x31, 0x94, 0x72, 0x78, 0x7C, 0x11,
    0xCD, 0x8C, 0xAD, 0x10, 0x07, 0xB7, 0xCE, 0xDD, 0x3A, 0xA1, 0x6B, 0x63, 0x7B, 0x1D, 0xFF, 0x6C,
    0x6D, 0x39, 0xEE, 0x41, 0x27, 0xF1, 0x5B, 0x07, 0x39, 0xE1, 0x40, 0xB3, 0x0E, 0xBD, 0x91, 0xB3,
    0x56, 0xE0, 0xEA, 0x32, 0x01, 0x2D, 0x00, 0x46, 0xF4, 0xD8, 0x9D, 0x08, 0x01, 0x02, 0xB5, 0x80,
    0x93, 0xDC, 0x0F, 0x30, 0x3A, 0x9C, 0x32, 0xF8, 0x98, 0xBB, 0x01, 0x50, 0x64, 0x5C, 0x7B, 0x05,
    0x07, 0xE8, 0x03, 0xB6, 0x27, 0xF4, 0xEA, 0x92, 0x5B, 0x66, 0x61, 0xE4, 0x0B, 0x4A, 0xE2, 0xB1,
    0xB6, 0xCE, 0x87, 0xE6, 0xB4, 0xCB, 0xD7, 0xDC, 0xCC, 0x08, 0x11, 0x23, 0x2C, 0x79, 0x58, 0xEB,
    0x8D, 0x55, 0xB2, 0x7B, 0x17, 0x26, 0x67, 0x9E, 0xB2, 0x91, 0x6F, 0x21, 0xE8, 0xE2, 0x24, 0x76,
    0x88, 0x75, 0xB1, 0x2E, 0x7A, 0x88, 0x6B, 0x08, 0x42, 0x14, 0xCA, 0xD4, 0xA0, 0x42, 0x5D, 0x2A,
    0x9E, 0x47, 0x4C, 0xFC, 0x12, 0xA4, 0x9F, 0x10, 0xC0, 0xA4, 0x13, 0x27, 0xF5, 0x89, 0xED, 0x4C,
    0x1B, 0x84, 0x26, 0x87, 0x57, 0xA1, 0x95, 0x14, 0x6C, 0x40, 0x3D, 0x63, 0x23, 0x4A, 0x98, 0xAB,
    0x85, 0x2C, 0x68, 0xC0, 0x9F, 0x40, 0x28, 0x20, 0x21, 0xD1, 0x02, 0x79, 0x8A, 0xEC, 0xFE, 0x5A,
    0x2B, 0x48, 0xBB, 0xC0, 0xA3, 0x2B, 0x3C, 0x3A, 0xDA, 0x9B, 0x76, 0x32, 0x2D, 0x6E, 0x2F, 0xB4,
    0x64, 0x3B, 0x88, 0xE0, 0x43, 0x17, 0x33, 0x0D, 0x03, 0x7A, 0xE6, 0x2D, 0xE6, 0x67, 0x0B, 0x6A,
    0x79, 0x34, 0xFD, 0x56, 0x86, 0xB7, 0x5C, 0xC6, 0x5C, 0xE3, 0x74, 0xBE, 0x11, 0x3A, 0x84, 0xDC,
    0x9E, 0xA1, 0x07, 0xD0, 0xF1, 0x50, 0x42, 0x02, 0x94, 0x70, 0xC2, 0x39, 0x4D, 0xA7, 0x23, 0xE1,
    0x96, 0xD7, 0x90, 0x4D, 0x9A, 0xB0, 0x37, 0x80, 0x05, 0xB2, 0x52, 0x6B, 0xEA, 0x8E, 0x55, 0xCC,
    0x85, 0x7A, 0x61, 0x07, 0x51, 0x4C, 0xA5, 0xEF, 0x0A, 0xB2, 0xDC, 0x62, 0xEA, 0xD6, 0xE7, 0xA9,
    0x3B, 0x2E, 0x92, 0x6E, 0x14, 0x17, 0xAA, 0x2D, 0x6E, 0xF7, 0x1A, 0xCD, 0xE4, 0xDC, 0x4C, 0xD8,
    0xD2, 0xD8, 0x5A, 0x37, 0xB6, 0x93, 0x61, 0xFC, 0x64, 0xD8, 0x32, 0x1E, 0xBA, 0x0C, 0x25, 0x82,
    0x86, 0x11, 0x1D, 0x00, 0x2A, 0xE3, 0x1E, 0x46, 0xB4, 0xCB, 0x7B, 0x23, 0x17, 0xD2, 0xBD, 0x0C,
    0x86, 0x0E, 0x83, 0xEA, 0xD0, 0xFC, 0x20, 0x96, 0x9E, 0x03, 0xE1, 0xE8, 0x5D, 0x76, 0x6B, 0x9F,
    0x77, 0xC9, 0x59, 0x09, 0x05, 0x22, 0x21, 0xE9, 0xD8, 0x3A, 0xC6, 0xAD, 0xC9, 0x6A, 0x07, 0xE6,
    0x9E, 0x04, 0x05, 0x78, 0x25, 0xF6, 0x2A, 0x46, 0xE3, 0x74, 0xD2, 0xAD, 0xB2, 0x43, 0x02, 0x9D,
    0xF3, 0xAF, 0xE0, 0x2C, 0xF4, 0x2C, 0xFE, 0x9D, 0x88, 0x7B, 0xBA, 0x05, 0xCE, 0x88, 0x15, 0x4F,
    0xD8, 0xD8, 0xA2, 0x6D, 0x45, 0xBB, 0xB8, 0x44, 0xA5, 0x86, 0x94, 0x73, 0xE1, 0x57, 0xF1, 0x90,
    0x36, 0xA5, 0x2D, 0xC9, 0x89, 0xB9, 0x0B, 0x1F, 0xB2, 0x1D, 0xA2, 0xD2, 0x45, 0x54, 0x1E, 0x06,
    0x02, 0x31, 0x14, 0xE1, 0x22, 0x36, 0x40, 0xEB, 0x26, 0xFC, 0xA1, 0xC0, 0xA6, 0x34, 0x8A, 0xC1,
    0x43, 0xA2, 0x07, 0x90, 0xED, 0x9E, 0x10, 0x95, 0xD1, 0xDA, 0x0F, 0xAB, 0xAC, 0x59, 0xC3, 0x18,
    0x01, 0xD2, 0xE1, 0x20, 0x6A, 0x96, 0x13, 0xB7, 0x92, 0x10, 0x67, 0xDF, 0xE7, 0x40, 0x8D, 0x7B,
    0x57, 0x94, 0x60, 0x5F, 0x99, 0x27, 0x5E, 0x0B, 0xDC, 0x23, 0x48, 0xD7, 0x05, 0x2E, 0xB9, 0x16,
    0xB8, 0x62, 0x2C, 0x6D, 0xC9, 0x3D, 0x78, 0x7F, 0xB7, 0xCC, 0xB1, 0x49, 0xD8, 0x1B, 0xEF, 0xDA,
    0xE0, 0x0C, 0x8B, 0xE1, 0x61, 0x04, 0x6D, 0xF7, 0xD7, 0x4C, 0x31, 0x2D, 0x7A, 0xD0, 0x82, 0x37,
    0x62, 0xAB, 0xDB, 0x54, 0xAD, 0x83, 0x9C, 0x64, 0x02, 0x89, 0xE6, 0x74, 0x3F, 0xD0, 0x0E, 0x58,
    0x0B, 0x37, 0x55, 0xA8, 0xF9, 0x26, 0x44, 0xB0, 0x8E, 0xCC, 0xD8, 0x5E, 0x80, 0x40, 0x34, 0x1D,
    0x3A, 0xAC, 0x79, 0xB5, 0x00, 0x40, 0x2D, 0x8C, 0x6D, 0x18, 0x74, 0x32, 0xD8, 0x49, 0xCE, 0x86,
    0xD3, 0xD7, 0x30, 0xB6, 0x68, 0x9C, 0xB7, 0xC6, 0x23, 0xDA, 0x2A, 0x8D, 0x7B, 0x37, 0xDA, 0x34,
    0xF6, 0x30, 0x5A, 0x37, 0x98, 0xBB, 0xC1, 0xD3, 0x68, 0x56, 0x9B, 0x75, 0xCD, 0xB6, 0x6E, 0xC0,
    0xA3, 0x25, 0x35, 0xA7, 0xF6, 0x6E, 0x48, 0x3D, 0xA1, 0xF9, 0x6D, 0xE5, 0xE5, 0xB5, 0xF2, 0x1A,
    0x95, 0x37, 0x92, 0x0F, 0x75, 0x96, 0x1F, 0x55, 0x9E, 0x7F, 0x54, 0xF9, 0x5D, 0x47, 0xE5, 0x6D,
    0x54, 0xDE, 0xB2, 0xF2, 0xFD, 0xF7, 0x79, 0xF0, 0x34, 0x4A, 0x49, 0x5E, 0xF2, 0x3B, 0x3E, 0x0C,
    0x1B, 0x46, 0xF8, 0x19, 0x07, 0x80, 0x00, 0x11, 0xFA, 0xB7, 0x8D, 0xEC, 0x40, 0xEB, 0x60, 0x3D,
    0x90, 0xFD, 0xCE, 0xE5, 0xF1, 0x10, 0x14, 0x94, 0x6B, 0xE7, 0x82, 0x15, 0x66, 0x92, 0xC4, 0x89,
    0x10, 0x41, 0x6C, 0x46, 0xAA, 0x73, 0xAA, 0x02, 0x28, 0xDA, 0x29, 0x24, 0x2B, 0xF9, 0x5D, 0x06,
    0x59, 0xAC, 0x0B, 0xE0, 0x21, 0x8A, 0x96, 0x63, 0xAB, 0x8B, 0xBD, 0x17, 0xA4, 0x78, 0x17, 0x6F,
    0x1E, 0xFD, 0xC8, 0xE1, 0x26, 0xC6, 0x22, 0x64, 0x31, 0x1F, 0x45, 0xCF, 0x56, 0x85, 0xB6, 0x0E,
    0x5A, 0xF0, 0x0B, 0x9E, 0xAE, 0xFD, 0x7A, 0xD9, 0x03, 0x94, 0xC8, 0x75, 0xA0, 0xF9, 0x79, 0x8A,
    0xCE, 0x20, 0x9E, 0x44, 0xA1, 0xDB, 0xC1, 0x19, 0x2D, 0x53, 0x9B, 0x85, 0x81, 0x28, 0xE7, 0xFF,
    0x26, 0x2B, 0x26, 0xE8, 0x25, 0x5A, 0x54, 0x60, 0xB3, 0x3D, 0xC5, 0x47, 0x5C, 0x1D, 0x0F, 0xE2,
    0xD4, 0xD8, 0x66, 0xEB, 0x92, 0x15, 0x41, 0x8A, 0x13, 0x2D, 0x69, 0x21, 0xC0, 0x59, 0xBC, 0x5D,
    0xA5, 0x75, 0x2C, 0xB1, 0x66, 0x04, 0xE2, 0x2E, 0x42, 0x9C, 0x17, 0x8D, 0x74, 0xD3, 0x7C, 0x3E,
    0x18, 0x28, 0x6E, 0x44, 0x88, 0xF6, 0xE5, 0x03, 0x97, 0xA6, 0x59, 0xC8, 0xA0, 0x89, 0x8D, 0xF2,
    0x82, 0xF1, 0xB0, 0x0A, 0x2B, 0xF2, 0x67, 0x1C, 0xE7, 0x88, 0xF3, 0xE9, 0x5C, 0x40, 0x1F, 0x0A,
    0x65, 0xA8, 0x50, 0xCB, 0xDA, 0x44, 0x54, 0xED, 0xF1, 0x3F, 0x8B, 0xDA, 0x5D, 0x8E, 0xBF, 0x22,
    0xE4, 0x94, 0xF8, 0xC2, 0xFB, 0xBD, 0x4C, 0x0D, 0x3C, 0xFF, 0x03, 0x34, 0xA3, 0x51, 0xE7, 0xBD,
    0xA3, 0x57, 0x7A, 0x3B, 0x60, 0x5B, 0xF3, 0x66, 0xDE, 0x2D, 0x1B, 0x78, 0x04, 0x74, 0x00, 0x01,
    0x5A, 0x60, 0x6B, 0x5E, 0xD0, 0x44, 0x6E, 0x23, 0x9D, 0x41, 0x03, 0xD2, 0x8B, 0x4F, 0xD8, 0xF8,
    0xC6, 0x76, 0x4E, 0x16, 0xE4, 0x48, 0x5F, 0xC7, 0x1F, 0xCA, 0x2C, 0xAC, 0x64, 0x07, 0x5A, 0x38,
    0x0F, 0x9F, 0xDC, 0x44, 0x00, 0x51, 0x9C, 0x2E, 0xCD, 0x1D, 0xAE, 0x62, 0x73, 0x76, 0xD1, 0xF9,
    0x8C, 0x06, 0xA5, 0x5F, 0x7E, 0xEE, 0x42, 0xD6, 0xAE, 0x15, 0x38, 0x83, 0xD6, 0xBB, 0x28, 0xED,
    0x1C, 0x52, 0xCF, 0xAE, 0x56, 0x28, 0xAB, 0xA0, 0x32, 0x11, 0x5F, 0x63, 0xE3, 0x88, 0xBD, 0xF3,
    0x72, 0xD3, 0xB4, 0x38, 0x29, 0x5E, 0xDF, 0x01, 0xB1, 0x8F, 0x1F, 0x36, 0x6D, 0x19, 0x7F, 0xDE,
    0x48, 0xC8, 0x41, 0xC0, 0x0E, 0xB4, 0xCB, 0xDB, 0x28, 0xB1, 0x12, 0x83, 0x38, 0x83, 0x38, 0x39,
    0x7F, 0xE8, 0xE3, 0x07, 0x5F, 0x24, 0x88, 0x38, 0x6B, 0x6C, 0xDA, 0xA1, 0x7E, 0xF2, 0x74, 0x7C,
    0x11, 0xC7, 0xB8, 0xE8, 0xA1, 0xE1, 0xA7, 0x8F, 0xFC, 0xF2, 0xA4, 0x5B, 0x7D, 0x60, 0xF1, 0x89,
    0x2E, 0xCE, 0xF8, 0xB6, 0xE6, 0xBC, 0x8C, 0x71, 0xBB, 0xAA, 0xBC, 0x0A, 0x97, 0xD0, 0x10, 0xF6,
    0x10, 0x20, 0xC4, 0x44, 0x0F, 0xF1, 0xA8, 0x46, 0xCA, 0x76, 0x96, 0x9B, 0x87, 0x78, 0x17, 0x51,
    0x18, 0xA1, 0x62, 0xE0, 0xDD, 0xE3, 0x7A, 0xBB, 0x99, 0x7D, 0xCB, 0x15, 0x4D, 0xA6, 0xDC, 0x52,
    0xE8, 0x2A, 0xFC, 0x2C, 0x5A, 0x92, 0xA3, 0x13, 0xB0, 0x2E, 0xCE, 0x46, 0x39, 0x8C, 0xDE, 0x4A,
    0x0B, 0xB1, 0x21, 0x31, 0x21, 0x55, 0x96, 0xA7, 0x4B, 0xB5, 0x0C, 0x89, 0xE5, 0x2D, 0x5A, 0x6C,
    0x2F, 0x04, 0xA0, 0xC1, 0xD7, 0x7F, 0x45, 0x27, 0x63, 0xF9, 0x7C, 0x1B, 0x5B, 0x67, 0xEB, 0xB4,
    0x24, 0x4F, 0xEE, 0xFA, 0x44, 0x25, 0xBE, 0xD3, 0x95, 0xFE, 0x42, 0x2B, 0xCA, 0x1E, 0x46, 0x06,
    0x15, 0x76, 0xF1, 0xE0, 0xE6, 0xFB, 0x75, 0xBA, 0x02, 0x8D, 0xCB, 0xF1, 0x37, 0x26, 0x55, 0x98,
    0x4E, 0x9E, 0xAD, 0x9D, 0xF6, 0xBA, 0x93, 0x12, 0x6C, 0x1A, 0xF2, 0xAF, 0xCA, 0x3B, 0x51, 0xAB,
    0x09, 0xB4, 0x43, 0x34, 0xEE, 0xDE, 0x11, 0xD1, 0xD1, 0x3A, 0xFE, 0x7D, 0xA1, 0xE3, 0x4A, 0xE9,
    0x7C, 0xDF, 0x6C, 0xC5, 0xC7, 0x95, 0x6D, 0xB7, 0x6F, 0x9B, 0x6D, 0xEB, 0x84, 0x33, 0x66, 0xE3,
    0x69, 0xDE, 0x77, 0xDF, 0xC7, 0x32, 0xC9, 0x66, 0xAB, 0x97, 0x19, 0x78, 0x92, 0x75, 0x77, 0x9C,
    0xE5, 0xFA, 0xCC, 0x78, 0xB4, 0x1F, 0xA7, 0x34, 0xA5, 0xAD, 0x8B, 0x91, 0x87, 0xBC, 0xFE, 0x5C,
    0xA0, 0x29, 0xDE, 0xE5, 0xC6, 0xE8, 0x32, 0x57, 0x2B, 0xD1, 0x9F, 0x4A, 0xFE, 0xA0, 0xA5, 0x88,
    0x65, 0x9D, 0x34, 0xC4, 0x66, 0x1E, 0x0F, 0xE1, 0x24, 0x90, 0x7A, 0xDB, 0x9D, 0x62, 0x30, 0x9D,
    0x65, 0x6B, 0x25, 0x56, 0x22, 0x11, 0x9B, 0x03, 0x1E, 0xD2, 0x42, 0x8C, 0x40, 0xD0, 0x90, 0xC7,
    0x93, 0x80, 0x38, 0x24, 0x2E, 0x36, 0x24, 0xFD, 0xB9, 0x9C, 0x04, 0x09, 0xD0, 0x2E, 0xB9, 0x80,
    0xF6, 0x63, 0x19, 0xD5, 0x25, 0x5B, 0x8D, 0xC6, 0xD5, 0x0F, 0x35, 0x32, 0xC7, 0x48, 0x04, 0xB1,
    0xAE, 0x24, 0x71, 0x18, 0xBA, 0xA5, 0xC1, 0xEA, 0x65, 0x98, 0xA5, 0xD1, 0x43, 0xDF, 0x3C, 0xA0,
    0xA5, 0x40, 0x28, 0x03, 0xB0, 0xFC, 0x35, 0xC6, 0x33, 0xDE, 0x18, 0x33, 0x14, 0x48, 0xD2, 0xF0,
    0xB1, 0xC4, 0x2F, 0xA3, 0x83, 0x58, 0xCB, 0x90, 0x69, 0x8C, 0x8D, 0x4C, 0x94, 0xB1, 0x8F, 0xDD,
    0x67, 0x38, 0x09, 0xFC, 0x10, 0xD6, 0xAA, 0x5C, 0xCB, 0xB5, 0xA1, 0xA4, 0x7C, 0xA3, 0xF5, 0x18,
    0xD4, 0x78, 0x9A, 0x46, 0xBB, 0x78, 0x5E, 0xA4, 0x4B, 0x08, 0x4A, 0x72, 0xE0, 0xE5, 0x15, 0x08,
    0xDF, 0x2D, 0xBE, 0x18, 0xB3, 0x80, 0x46, 0x23, 0xC8, 0x7A, 0x9E, 0xBB, 0x92, 0x96, 0xB2, 0x47,
    0x6C, 0xCD, 0xD0, 0x72, 0x6A, 0x65, 0xDD, 0xE6, 0xDB, 0xC4, 0x4C, 0xC8, 0xB1, 0x09, 0x80, 0x80,
    0x7E, 0x7C, 0xA4, 0xEE, 0x6F, 0x7A, 0xCF, 0x99, 0xB4, 0xC3, 0x06, 0xDA, 0x40, 0xB5, 0xA1, 0x66,
    0x28, 0x12, 0xAD, 0xFB, 0x87, 0x21, 0x01, 0xFA, 0x80, 0x6D, 0x20, 0xEE, 0x2F, 0x04, 0xB4, 0xE3,
    0x8F, 0xBE, 0x18, 0x2E, 0x80, 0x25, 0xFE, 0x78, 0x83, 0x49, 0x3A, 0x0D, 0x62, 0xA0, 0x8D, 0x10,
    0x9E, 0x22, 0x11, 0xB2, 0xD4, 0x66, 0x6D, 0xA5, 0x67, 0xB5, 0x97, 0xD3, 0x7F, 0xAA, 0x6F, 0x76,
    0x65, 0x92, 0x1D, 0x2A, 0x08, 0xB7, 0x9B, 0xFE, 0xD8, 0x0B, 0x1A, 0x61, 0x59, 0xB7, 0xF8, 0x37,
    0xBF, 0xA0, 0xD1, 0x3E, 0xBC, 0xA0, 0xC1, 0x7F, 0xCF, 0x0B, 0x1A, 0xDB, 0x9B, 0x17, 0x34, 0x9C,
    0xF2, 0x38, 0xFB, 0xF3, 0xBF, 0xB4, 0xDA, 0xC9, 0x6A, 0x75, 0x73, 0xC8, 0xA1, 0x1D, 0xB5, 0x8F,
    0x48, 0x63, 0x23, 0x71, 0xEC, 0x24, 0xD6, 0x56, 0x62, 0xED, 0x25, 0xAE, 0xCD, 0xC4, 0xDC, 0x4D,
    0x4C, 0x05, 0xAD, 0xFD, 0xC4, 0xB1, 0xA1, 0x58, 0x3B, 0x8A, 0x63, 0x4B, 0x71, 0x78, 0x98, 0xB1,
    0xEC, 0x0C, 0xCD, 0xF5, 0xA2, 0xEB, 0x5D, 0x25, 0x22, 0x6C, 0xA8, 0x68, 0x68, 0xDE, 0xFF, 0x7C,
    0x7D, 0xD3, 0x77, 0x2B, 0xF5, 0x52, 0x4B, 0x69, 0x43, 0x35, 0x95, 0xF4, 0xDF, 0xF8, 0x56, 0x6D,
    0x9B, 0x42, 0x78, 0x96, 0x9D, 0x72, 0xD8, 0x69, 0x49, 0xB4, 0xE7, 0x9D, 0x28, 0xF4, 0x9D, 0xC8,
    0x10, 0x1E, 0x2E, 0x8C, 0x38, 0xDD, 0x82, 0xE4, 0x84, 0xCE, 0x66, 0x41, 0xBD, 0x51, 0x74, 0x60,
    0x27, 0x75, 0xCA, 0x89, 0xD0, 0x49, 0xC0, 0xA8, 0x3C, 0x56, 0x82, 0x06, 0xA3, 0x7A, 0x20, 0x89,
    0x4A, 0xCA, 0xAE, 0x07, 0x19, 0x9D, 0x0D, 0x1F, 0x1C, 0x97, 0xED, 0x8D, 0xE3, 0xF2, 0x9F, 0x7C,
    0x26, 0xDF, 0x53, 0xDE, 0xBD, 0x2C, 0x4A, 0xEF, 0xE5, 0xBC, 0x3D, 0x78, 0xFB, 0xDD, 0xDB, 0x83,
    0xDF, 0x6C, 0x12, 0xE6, 0xAE, 0x9D, 0x4D, 0xAE, 0x8E, 0x58, 0x7C, 0xDF, 0x1D, 0x74, 0x5B, 0x4F,
    0x47, 0x87, 0x9C, 0xAF, 0x5A, 0x89, 0xF0, 0xFC, 0x74, 0xB4, 0xAE, 0xA7, 0xA3, 0xD3, 0xD9, 0x08,
    0x79, 0xF7, 0x3C, 0x34, 0xEA, 0x84, 0x92, 0xE2, 0x21, 0x5C, 0x62, 0xBF, 0x55, 0xF4, 0x24, 0x0D,
    0xD0, 0x29, 0x6C, 0x19, 0x8C, 0xB1, 0x4B, 0x07, 0x81, 0x18, 0x84, 0x1A, 0xAD, 0xDB, 0xCA, 0xEE,
    0xE7, 0x0C, 0x9F, 0xB0, 0x16, 0x08, 0x9F, 0x3C, 0x30, 0xDE, 0x79, 0xF0, 0xAD, 0xE3, 0xB2, 0x72,
    0x7E, 0x5A, 0x6F, 0xAF, 0xEB, 0xA3, 0x05, 0xAE, 0xAD, 0x69, 0xAB, 0x35, 0x7F, 0xF1, 0xAC, 0xB9,
    0x7F, 0xF4, 0xAE, 0x7E, 0xF9, 0x74, 0xF9, 0xE7, 0x16, 0xAB, 0x36, 0xE2, 0x94, 0xD5, 0x7E, 0x7F,
    0x62, 0x6B, 0xFA, 0x37, 0xAD, 0xD9, 0x56, 0x6B, 0xFA, 0xFB, 0xD6, 0x3C, 0x67, 0x09, 0xB7, 0xF7,
    0xAD, 0xB9, 0x1E, 0x7D, 0xFF, 0x3D, 0x1B, 0x79, 0x4B, 0x1A, 0xBC, 0x8B, 0x00, 0x71, 0xDA, 0x8C,
    0x32, 0x72, 0x4D, 0xC5, 0x9F, 0x3E, 0x49, 0x68, 0xC9, 0x39, 0x1D, 0xC2, 0xC1, 0xF6, 0x33, 0xDE,
    0x3A, 0x1B, 0xA2, 0x35, 0xF1, 0x6D, 0x3A, 0xE4, 0x71, 0x4A, 0x87, 0xDC, 0x5F, 0xD2, 0x21, 0xF8,
    0x9C, 0x0E, 0xD9, 0x83, 0xD0, 0x4E, 0x5F, 0x6F, 0x9D, 0xAC, 0x58, 0x52, 0xC6, 0xAB, 0xC5, 0x35,
    0xD3, 0x94, 0xFB, 0xF5, 0xB5, 0x66, 0x77, 0xBD, 0x92, 0xDF, 0x30, 0xE3, 0x4D, 0x24, 0x89, 0x88,
    0x83, 0xF2, 0xCA, 0xFC, 0xFB, 0xC1, 0x39, 0xB7, 0x59, 0xFF, 0x34, 0x10, 0x74, 0xB8, 0x8F, 0x0C,
    0x1D, 0x3B, 0x08, 0x1E, 0xBF, 0xEC, 0xBC, 0x11, 0xEB, 0xF3, 0x0E, 0x02, 0xE7, 0x64, 0x08, 0x18,
    0x7B, 0x33, 0xD1, 0x7C, 0x18, 0xCB, 0x7F, 0xB1, 0x83, 0xF0, 0xE6, 0x45, 0x2B, 0x68, 0x03, 0xB5,
    0x1F, 0xBF, 0x68, 0x85, 0x4E, 0x14, 0xD7, 0xF1, 0xE6, 0x45, 0xAB, 0xFA, 0x95, 0x4E, 0x5A, 0x67,
    0xFD, 0x7D, 0xE5, 0x3C, 0x23, 0xCA, 0x31, 0x61, 0x9F, 0x43, 0xB9, 0x5A, 0xA0, 0x6A, 0xD9, 0x3C,
    0xBD, 0xC4, 0xF5, 0xE4, 0x87, 0x10, 0x9E, 0xA0, 0xB3, 0xED, 0xAF, 0x4F, 0x7E, 0x0C, 0x80, 0x64,
    0xEE, 0x5E, 0xB1, 0x47, 0x63, 0x8F, 0x17, 0x00, 0xFF, 0x07, 0xED, 0x9B, 0xDD, 0x6A, 0x2B, 0xC9,
    0x0E, 0x85, 0x05, 0xBA, 0x35, 0xE8, 0x55, 0x02, 0xE7, 0xB6, 0x40, 0xAF, 0x2E, 0xC8, 0x03, 0xCC,
    0xAB, 0x08, 0xF6, 0xAD, 0x40, 0x07, 0xA9, 0x54, 0xB6, 0x5C, 0xE3, 0x3D, 0x9E, 0xC0, 0xC9, 0x4E,
    0x25, 0x3E, 0x3D, 0xED, 0xB5, 0x3C, 0x54, 0xFF, 0x54, 0xAD, 0xAF, 0x7F, 0xD4, 0xBD, 0x1D, 0x00,
    0x60, 0xC8, 0xC9, 0xA5, 0x19, 0xFE, 0x75, 0x6F, 0x1A, 0x46, 0x34, 0x0D, 0xBB, 0x0D, 0xB4, 0x34,
    0x48, 0xB3, 0x69, 0x0A, 0x7E, 0x33, 0x54, 0xE0, 0x30, 0x99, 0xE6, 0x1E, 0xBB, 0xA0, 0x32, 0x00,
    0x2A, 0x53, 0x00, 0x9E, 0x36, 0xCA, 0x72, 0xD5, 0xD8, 0x60, 0xEC, 0x42, 0xD3, 0xD8, 0x15, 0xDC,
    0xD5, 0x5D, 0xC2, 0x60, 0x9B, 0x50, 0xD3, 0xC8, 0x36, 0x6B, 0x6D, 0x12, 0x03, 0x76, 0x07, 0xF4,
    0x10, 0x03, 0x07, 0x8A, 0x7E, 0x71, 0x0A, 0x80, 0x83, 0x5F, 0xC5, 0x00, 0x37, 0x61, 0x30, 0xA0,
    0x12, 0x87, 0x51, 0xC2, 0x60, 0x1C, 0x1D, 0x63, 0x23, 0x17, 0x56, 0x78, 0x03, 0xEC, 0xFD, 0x21,
    0xEB, 0xB2, 0xFA, 0xE1, 0x69, 0xE4, 0x96, 0x26, 0xDD, 0x10, 0xAB, 0xE3, 0x9A, 0xC6, 0x32, 0x0D,
    0xF6, 0xE9, 0x7B, 0xA3, 0x43, 0x4F, 0x12, 0x12, 0xDD, 0x88, 0xF5, 0x53, 0x48, 0xD7, 0x80, 0xA3,
    0x75, 0x75, 0x68, 0x4D, 0x7F, 0x1A, 0xA0, 0xA5, 0x2E, 0x1A, 0xD3, 0xB8, 0xF0, 0xF5, 0x63, 0x6A,
    0xE1, 0xA6, 0x4E, 0xA3, 0x08, 0xE3, 0xB4, 0x42, 0xEB, 0x99, 0x63, 0xEC, 0x40, 0x7E, 0x14, 0xCC,
    0x39, 0x9E, 0x49, 0x4F, 0xAB, 0xF3, 0x68, 0x2B, 0x92, 0xCB, 0x35, 0x4D, 0x4C, 0xF1, 0x68, 0x70,
    0x29, 0xDE, 0x06, 0x1A, 0x5B, 0x1D, 0x81, 0xF6, 0xF2, 0x35, 0xA8, 0x51, 0xEE, 0x70, 0x16, 0x77,
    0x97, 0x7E, 0x1A, 0x82, 0xA5, 0xBE, 0x3C, 0x6A, 0x9C, 0x63, 0x0C, 0xB9, 0xC2, 0x0C, 0x24, 0x15,
    0xDF, 0xE1, 0xA8, 0xB3, 0x3B, 0x69, 0x3E, 0x53, 0x37, 0xEA, 0xF6, 0xC6, 0x45, 0x64, 0xA6, 0x3D,
    0x41, 0xBE, 0xEB, 0x8B, 0x31, 0xAE, 0xD1, 0xA2, 0xC7, 0x32, 0xC2, 0xB1, 0x3C, 0x07, 0xA3, 0xC2,
    0x9A, 0x61, 0xA1, 0xD1, 0x89, 0x78, 0x51, 0x8B, 0xF1, 0xDA, 0x65, 0xD8, 0x60, 0x6F, 0x27, 0xF6,
    0xFF, 0x4F, 0x61, 0xCA, 0x6C, 0x02, 0x60, 0xE0, 0x00, 0x0D, 0xCE, 0x40, 0xE7, 0x9F, 0xBD, 0xE7,
    0x43, 0x3B, 0xAA, 0xD4, 0x3D, 0x95, 0xE3, 0xF3, 0xE2, 0x18, 0x06, 0xF4, 0x2A, 0xCB, 0xFB, 0xE0,
    0x58, 0x6A, 0x70, 0x49, 0x59, 0x92, 0x72, 0x6D, 0x74, 0x00, 0x4D, 0xC8, 0xDC, 0x6B, 0x6B, 0xD7,
    0x05, 0xFB, 0x87, 0x95, 0x5C, 0xFA, 0x9B, 0x92, 0x4B, 0x56, 0xC9, 0xA5, 0x61, 0x09, 0x3A, 0xA4,
    0xEA, 0x6C, 0xD7, 0x3A, 0x16, 0x2A, 0xD6, 0xAF, 0xA9, 0xAE, 0xF3, 0x53, 0xFD, 0x2F, 0xB6, 0x45,
    0xBA, 0x31, 0x46, 0x4D, 0xC6, 0xF0, 0xAA, 0x8C, 0x6B, 0xA8, 0x52, 0x88, 0x2B, 0x25, 0x87, 0x05,
    0xF9, 0x74, 0xC6, 0xEB, 0xFA, 0xFC, 0xF0, 0x21, 0x37, 0xAC, 0x1D, 0x00, 0x52, 0xAC, 0x5E, 0x9C,
    0x38, 0xBA, 0xD4, 0xE0, 0x18, 0x97, 0x5C, 0x70, 0x7F, 0x2A, 0x3E, 0x19, 0x7B, 0xAB, 0xC1, 0xB0,
    0x76, 0x99, 0x30, 0xB7, 0x1A, 0xEC, 0xC5, 0x41, 0xEF, 0x35, 0x98, 0xF4, 0x1A, 0xEC, 0x6C, 0xBC,
    0xE7, 0x43, 0x3B, 0xA7, 0x06, 0x3B, 0x93, 0xE3, 0xF3, 0x1A, 0x8C, 0xDD, 0x5D, 0x43, 0x22, 0x60,
    0x0C, 0x81, 0x4D, 0x0A, 0xC0, 0x23, 0x89, 0xA8, 0x43, 0xF6, 0x86, 0x4D, 0xD0, 0x8A, 0xA6, 0xDD,
    0x09, 0x99, 0x7B, 0x46, 0xBE, 0x05, 0x5E, 0x85, 0x6C, 0x17, 0xB0, 0x0A, 0x8C, 0x5D, 0xD0, 0x5D,
    0x29, 0xFE, 0x13, 0x54, 0x86, 0xF9, 0x71, 0x40, 0x35, 0x20, 0x35, 0x70, 0x31, 0x37, 0xF0, 0x48,
    0x4D, 0xE6, 0x6A, 0x5E, 0x1F, 0x16, 0x50, 0x56, 0x54, 0xF2, 0xD8, 0x86, 0xB5, 0x97, 0x79, 0xB1,
    0x5D, 0xBD, 0x7D, 0x48, 0xEE, 0x1F, 0x8B, 0xBD, 0x1E, 0x8B, 0x51, 0x2A, 0xB4, 0x5A, 0x84, 0xA0,
    0x4D, 0xA7, 0xE4, 0x48, 0x9E, 0x21, 0x81, 0xD1, 0xED, 0x03, 0x3E, 0xD7, 0x45, 0xCD, 0x4F, 0x4D,
    0x9F, 0x12, 0x68, 0xC5, 0xE3, 0x20, 0xF3, 0x76, 0x30, 0xD8, 0xFB, 0xAD, 0xE0, 0xB8, 0xB8, 0x2C,
    0x28, 0xEB, 0xC8, 0x08, 0xC8, 0x35, 0x07, 0x55, 0xD3, 0xA7, 0xC6, 0x14, 0xE3, 0xAB, 0x76, 0x0C,
    0x21, 0xCB, 0x25, 0xDB, 0x91, 0x0E, 0xAB, 0x26, 0xEC, 0x07, 0x23, 0x69, 0xE0, 0x05, 0x12, 0x18,
    0x80, 0x72, 0x5E, 0x9C, 0xD9, 0x29, 0x96, 0x0C, 0x01, 0xBD, 0xAE, 0xBD, 0x79, 0x0B, 0xA9, 0xA3,
    0xCF, 0xE6, 0x50, 0x39, 0x76, 0x16, 0xC1, 0xA0, 0x60, 0x68, 0x2E, 0xF1, 0x99, 0x71, 0x4B, 0x7F,
    0x42, 0x9E, 0x2B, 0x65, 0xE7, 0x6A, 0x7C, 0xDF, 0x34, 0xEE, 0x11, 0x7D, 0xA9, 0x5E, 0xD3, 0x0A,
    0x81, 0x04, 0xE0, 0xAB, 0xE3, 0x06, 0xF2, 0x50, 0xCE, 0x9C, 0x47, 0x06, 0xCD, 0xA8, 0xF9, 0x5D,
    0xB2, 0x21, 0xF3, 0xB6, 0x5C, 0x5F, 0x2B, 0xF1, 0x8C, 0xBC, 0x32, 0x9F, 0xA1, 0xF7, 0xD4, 0x5B,
    0xF0, 0xA9, 0x19, 0x34, 0xA6, 0x3E, 0x98, 0x47, 0x2A, 0x3C, 0xD6, 0x05, 0x21, 0x75, 0x6F, 0x7D,
    0xAC, 0x09, 0x23, 0xD5, 0x76, 0x25, 0x83, 0x84, 0x51, 0x0A, 0xAD, 0xB0, 0xA7, 0xCC, 0x5F, 0x42,
    0xEA, 0xAE, 0x51, 0x37, 0x12, 0x1B, 0xC5, 0x2B, 0xC0, 0x24, 0x99, 0x40, 0x03, 0xC1, 0x06, 0x1A,
    0x9C, 0xE2, 0x53, 0x41, 0x06, 0x21, 0x08, 0x44, 0x10, 0x8C, 0x80, 0x61, 0x89, 0x87, 0x18, 0x50,
    0x88, 0x0B, 0x04, 0xA9, 0x44, 0x95, 0xAC, 0xEA, 0x98, 0x2B, 0x99, 0xBC, 0x20, 0x80, 0x41, 0x10,
    0xAB, 0xCC, 0x27, 0x33, 0x4D, 0x6E, 0x52, 0x2D, 0x83, 0x72, 0x75, 0xFF, 0xC6, 0xA7, 0x07, 0x67,
    0x67, 0x2F, 0xE8, 0x6E, 0xF8, 0x1E, 0xBD, 0xE6, 0x03, 0x4E, 0x8D, 0xF3, 0x73, 0xFC, 0x70, 0x6D,
    0xF6, 0xD5, 0x91, 0x3E, 0xAE, 0xE1, 0xD0, 0x85, 0x5C, 0x09, 0x8D, 0xC4, 0x08, 0x75, 0x16, 0xD7,
    0x30, 0xAE, 0xD9, 0x1A, 0xBB, 0x41, 0xC6, 0xF3, 0xD1, 0x19, 0xEF, 0xE7, 0xCC, 0x49, 0xC9, 0x63,
    0x60, 0x83, 0xC4, 0x51, 0x47, 0xEC, 0x4B, 0x62, 0x61, 0x8D, 0x19, 0xD7, 0xD0, 0xD9, 0x80, 0x13,
    0x35, 0x78, 0x9B, 0xFF, 0x69, 0x47, 0x6F, 0x10, 0x9D, 0x54, 0xB8, 0xFC, 0xEF, 0x3B, 0x0C, 0xEB,
    0x5C, 0x48, 0xDC, 0xA1, 0xA8, 0xFB, 0xFF, 0xF6, 0x09, 0xF3, 0x88, 0xF5, 0xBF, 0x6F, 0x50, 0x7F,
    0x3B, 0x93, 0x0A, 0xBA, 0xA2, 0x4B, 0x1D, 0x01, 0x06, 0xE8, 0x35, 0xB7, 0x3A, 0x67, 0x3D, 0xB6,
    0x59, 0xF0, 0xCD, 0xA6, 0xFC, 0x12, 0x14, 0x95, 0x52, 0x83, 0x2E, 0x1A, 0x4F, 0x85, 0xA5, 0x30,
    0xD5, 0xFD, 0x9F, 0xD4, 0x4A, 0xD7, 0x5A, 0x6B, 0x3B, 0x9A, 0x3A, 0xB7, 0x2F, 0x53, 0xD1, 0x26,
    0x9A, 0xF9, 0x25, 0x13, 0x42, 0xF7, 0x1A, 0xFA, 0x75, 0xAA, 0x1B, 0xD8, 0x54, 0xBD, 0x7D, 0xA7,
    0xD4, 0x10, 0xBF, 0x5D, 0xAC, 0xD1, 0xA2, 0xD5, 0x27, 0xF1, 0x20, 0x7F, 0x13, 0x49, 0xB1, 0x26,
    0xAD, 0xD5, 0x53, 0xE6, 0x31, 0xC4, 0x52, 0x17, 0xEB, 0x1A, 0x12, 0xDE, 0x77, 0x85, 0xF5, 0x4E,
    0x48, 0xF6, 0xDB, 0xAF, 0xD1, 0x4D, 0x47, 0x2A, 0xCC, 0x41, 0x59, 0xEA, 0x82, 0xFC, 0xDD, 0x70,
    0x90, 0xCF, 0x11, 0xD6, 0xA0, 0x1C, 0xB5, 0xBE, 0xB5, 0x32, 0x5A, 0x4B, 0x3A, 0xC0, 0x3F, 0x47,
    0x08, 0xDB, 0x91, 0xE2, 0xA1, 0xE8, 0xD9, 0x71, 0xED, 0xEF, 0x3F, 0x73, 0xD2, 0xC5, 0x63, 0x27,
    0xA7, 0x09, 0x28, 0x14, 0x60, 0x7C, 0x4B, 0x4E, 0x15, 0xC3, 0xFD, 0xCF, 0x7D, 0x50, 0x57, 0x02,
    0x97, 0x1A, 0x7F, 0x0D, 0x9F, 0x7C, 0x09, 0x47, 0xE7, 0x0D, 0x35, 0x56, 0x37, 0x00, 0xC9, 0xA8,
    0xBE, 0x80, 0xE2, 0x48, 0xE5, 0xA9, 0xD2, 0x5E, 0xFB, 0x78, 0xBB, 0x1A, 0xFC, 0x7C, 0x8A, 0x97,
    0x27, 0xFF, 0x3E, 0x71, 0x38, 0xC5, 0xF5, 0xC4, 0xE7, 0x1A, 0x0A, 0x16, 0x2A, 0xA9, 0xC5, 0x4B,
    0xA3, 0xFF, 0x95, 0xF1, 0x0F, 0xE4, 0x57, 0xD5, 0x26, 0xB9, 0xE5, 0xC0, 0x4B, 0x70, 0xD2, 0xD2,
    0x39, 0x74, 0x34, 0x3E, 0x11, 0x1D, 0xA7, 0xBA, 0x51, 0x68, 0xF4, 0x3F, 0x4B, 0xF9, 0x68, 0x78,
    0x91, 0x53, 0x8F, 0x6B, 0xFC, 0x39, 0xFC, 0x18, 0x7D, 0x41, 0x3B, 0xFA, 0xAC, 0x3B, 0x00, 0xCB,
    0x01, 0xE5, 0xE0, 0xA9, 0x70, 0x9E, 0x17, 0x90, 0x80, 0x61, 0xED, 0x40, 0xE3, 0x72, 0xAF, 0x66,
    0xAB, 0xE6, 0x90, 0xBA, 0x3F, 0x70, 0xF5, 0x7F, 0xEE, 0x48, 0xC2, 0x03, 0x63, 0x78, 0x82, 0x24,
    0x99, 0x28, 0x09, 0x0A, 0x26, 0x50, 0xFA, 0x80, 0x04, 0xEA, 0x06, 0x9C, 0xAE, 0xC0, 0x10, 0x5E,
    0x5B, 0xB4, 0x72, 0xCF, 0xF9, 0xB9, 0xDB, 0xBD, 0x17, 0xC6, 0xF4, 0x09, 0xF9, 0xE6, 0xD4, 0x3F,
    0x72, 0x5B, 0xB6, 0xA0, 0x2F, 0xEC, 0x05, 0xBE, 0xA3, 0x27, 0xD9, 0xE1, 0x7B, 0xC5, 0xF2, 0x96,
    0xD9, 0x79, 0x46, 0xE3, 0xED, 0xD7, 0xA5, 0xA9, 0x99, 0x97, 0x84, 0xBA, 0x0B, 0x27, 0xE4, 0x91,
    0x94, 0x35, 0x31, 0xCB, 0xE4, 0x9C, 0x14, 0xBB, 0x4A, 0xA9, 0x75, 0xED, 0xCB, 0xB4, 0xB9, 0x9A,
    0x82, 0x79, 0x41, 0x87, 0xBB, 0xA3, 0x76, 0x1D, 0x6E, 0x56, 0xEE, 0xD2, 0x00, 0x37, 0xB2, 0xC0,
    0xE5, 0xAF, 0x45, 0xF6, 0x41, 0xBD, 0x37, 0x97, 0xD3, 0x4C, 0xCE, 0x72, 0xCF, 0x74, 0x24, 0x59,
    0xF2, 0xA2, 0x55, 0x48, 0x8D, 0xEE, 0x7D, 0x94, 0x83, 0xDF, 0x93, 0x46, 0x7D, 0x41, 0xD2, 0xFB,
    0x2B, 0xEA, 0x50, 0xBF, 0x7B, 0x45, 0x2D, 0x37, 0xDE, 0x3A, 0x35, 0x78, 0xE3, 0x39, 0xBC, 0xB9,
    0x98, 0xB9, 0x8E, 0x1A, 0x9F, 0x86, 0x13, 0xA6, 0xF7, 0x0A, 0xE9, 0x25, 0xF9, 0xF2, 0x2D, 0x1C,
    0xBC, 0x16, 0x8E, 0xC1, 0x94, 0x25, 0x17, 0x3C, 0xEC, 0x1C, 0x7E, 0x41, 0x46, 0x7B, 0x19, 0x95,
    0x6C, 0xCA, 0xB5, 0x5C, 0x5A, 0x7B, 0xBB, 0x7F, 0x9D, 0x4D, 0xB0, 0xBA, 0xCB, 0xBA, 0x69, 0x15,
    0x5C, 0xAE, 0xD1, 0x3D, 0x9F, 0x16, 0x7C, 0xC8, 0x32, 0x32, 0xD4, 0xDD, 0xF4, 0x37, 0x46, 0xCF,
    0x8D, 0x1F, 0xD9, 0xAF, 0xAB, 0x51, 0x98, 0xE4, 0xF6, 0xDE, 0xBB, 0x11, 0xA6, 0x31, 0x09, 0xA0,
    0xD5, 0xAF, 0x07, 0x5C, 0xEB, 0x57, 0x05, 0x61, 0x05, 0x60, 0x03, 0xC7, 0x65, 0x3A, 0x4D, 0x5A,
    0x5B, 0x48, 0xED, 0xDF, 0x2D, 0xF6, 0xFB, 0x9E, 0x8A, 0x4B, 0xB9, 0x34, 0x17, 0x48, 0xFD, 0x75,
    0x53, 0x4C, 0xCD, 0xBE, 0x95, 0xD2, 0x5F, 0xA9, 0x74, 0x53, 0x4E, 0x35, 0x12, 0xC1, 0xE8, 0xA9,
    0xC0, 0x7C, 0xE5, 0x7C, 0xA9, 0x5D, 0xF7, 0x8B, 0x81, 0xEC, 0xCA, 0xFD, 0xCE, 0x59, 0x37, 0xCE,
    0x81, 0x93, 0xD8, 0xB4, 0xCB, 0xFD, 0x08, 0x2D, 0x15, 0x14, 0xB6, 0xE9, 0x67, 0x50, 0xC5, 0xFE,
    0x9A, 0x04, 0xFB, 0x6B, 0x12, 0x6D, 0xAF, 0x2E, 0x5B, 0x72, 0x03, 0xDA, 0x74, 0x02, 0x6D, 0xD4,
    0x7F, 0xF7, 0xDC, 0x22, 0xDB, 0x73, 0x4B, 0x2E, 0x92, 0x0C, 0xB5, 0x20, 0x6A, 0x51, 0x54, 0x94,
    0x09, 0x6E, 0x39, 0x2D, 0x2F, 0x76, 0x36, 0xDD, 0xB5, 0x5C, 0x16, 0xB0, 0x7F, 0xE5, 0xBC, 0xF9,
    0x7F, 0xCA, 0x7F, 0x35, 0x2F, 0xAC, 0x05, 0xB4, 0x7B, 0x92, 0x5D, 0x68, 0x17, 0xDB, 0x05, 0x77,
    0xD1, 0xED, 0x27, 0xAD, 0x86, 0xFC, 0x9D, 0xA6, 0xE7, 0x22, 0x1A, 0x5F, 0x50, 0xE6, 0x8B, 0xEA,
    0x52, 0x98, 0x4A, 0x19, 0x2F, 0x27, 0xB8, 0x91, 0x64, 0x2D, 0xC8, 0xFE, 0xD2, 0x20, 0xEB, 0x12,
    0x4C, 0xFD, 0x53, 0xC9, 0x8E, 0x45, 0xE9, 0x03, 0xCF, 0x2D, 0x2F, 0x44, 0x96, 0xA4, 0xA9, 0xB6,
    0x40, 0x26, 0x59, 0xCA, 0x2F, 0x28, 0x27, 0x92, 0xDD, 0x9F, 0x5B, 0x06, 0x6A, 0x3A, 0x97, 0x5F,
    0xF6, 0xE2, 0x60, 0x91, 0xD6, 0x97, 0x24, 0xFD, 0xFC, 0x1A, 0xFD, 0x76, 0x2D, 0x69, 0x92, 0xF4,
    0x38, 0x8A, 0x77, 0x63, 0x65, 0x34, 0xDD, 0x2D, 0x0C, 0xDF, 0x1F, 0x3C, 0xB7, 0xBC, 0xEC, 0x99,
    0xCC, 0x86, 0xB9, 0x4C, 0xB4, 0xA8, 0x5B, 0x34, 0x92, 0x4E, 0x82, 0xC7, 0x9D, 0xC3, 0xAF, 0xC7,
    0xE8, 0xE3, 0xCF, 0x2D, 0xB5, 0xEA, 0xC9, 0x04, 0x9F, 0xD7, 0xC9, 0xA3, 0x00, 0x97, 0x49, 0x1F,
    0x32, 0x5A, 0xDF, 0x42, 0x9F, 0xAA, 0x24, 0x2E, 0xEB, 0xB5, 0xB0, 0xE4, 0xB6, 0xA8, 0x6C, 0xC6,
    0xC6, 0xD3, 0x06, 0x24, 0x2E, 0x4B, 0x43, 0xCD, 0x1D, 0x60, 0xFF, 0x03, 0x6E, 0xA7, 0xB9, 0x3B,
    0x9E, 0x66, 0x69, 0x54, 0xA6, 0x1F, 0x35, 0x69, 0x86, 0xEE, 0xD2, 0x2C, 0x84, 0x66, 0x07, 0x96,
    0x00, 0xF7, 0x57, 0xFC, 0x0F, 0x4A, 0x60, 0x49, 0x82, 0x6C, 0xD1, 0x21, 0x03, 0xDE, 0x7E, 0xBF,
    0x15, 0xC3, 0xC2, 0x25, 0xB1, 0x19, 0x2F, 0x89, 0x0D, 0x73, 0xC8, 0x08, 0x59, 0x6F, 0xF5, 0x49,
    0xB4, 0xAE, 0xF7, 0x98, 0x3D, 0x4A, 0xA1, 0xEC, 0x46, 0x4A, 0x91, 0xA1, 0x5C, 0x21, 0xFA, 0xC3,
    0xEF, 0x52, 0x77, 0x53, 0xB2, 0x6F, 0x9F, 0xFF, 0xE3, 0x13, 0x8E, 0xF5, 0x81, 0x91, 0x7C, 0x45,
    0xFC, 0xA1, 0xC3, 0x85, 0xC0, 0x5C, 0x18, 0xD4, 0x85, 0xDF, 0x85, 0x57, 0xFC, 0x8F, 0x1E, 0x2F,
    0xA9, 0x3F, 0x5E, 0x8E, 0x35, 0xA0, 0xBB, 0xD2, 0x46, 0x7F, 0xD6, 0x49, 0xD4, 0x7F, 0xEB, 0x28,
    0x25, 0xFB, 0x9F, 0x53, 0x54, 0x9A, 0xE7, 0x9E, 0x49, 0x1D, 0x93, 0xEB, 0x65, 0x0E, 0xCE, 0xAA,
    0x70, 0xD9, 0xEB, 0x96, 0x9F, 0x77, 0x05, 0x74, 0x14, 0x60, 0x77, 0x00, 0xDD, 0xFF, 0xA4, 0xE3,
    0x68, 0x64, 0xFF, 0x05, 0xAD, 0x8D, 0x41, 0xCA, 0x63, 0x41, 0x08, 0x84, 0x3F, 0x70, 0xFB, 0xC0,
    0xAB, 0xE4, 0x00, 0x0D, 0x5E, 0x5D, 0x98, 0xED, 0xC0, 0x5C, 0xC5, 0x03, 0x08, 0x35, 0xDD, 0x48,
    0xF2, 0x48, 0x08, 0xFF, 0x6C, 0x26, 0x5A, 0xA9, 0x7A, 0xA5, 0xD5, 0x02, 0x20, 0xD5, 0xB3, 0xBF,
    0xFE, 0xCD, 0x2F, 0x7F, 0x56, 0x94, 0x95, 0x67, 0xB0, 0x10, 0x2A, 0x55, 0xE4, 0x2E, 0x94, 0xBB,
    0xB6, 0x7F, 0x2A, 0x68, 0x8A, 0xDB, 0xB3, 0x97, 0x47, 0x91, 0x3B, 0x7D, 0xF2, 0x04, 0x8B, 0x45,
    0xA3, 0x83, 0x52, 0x1E, 0x44, 0x1E, 0x04, 0x81, 0x26, 0xFD, 0x6B, 0x7C, 0x9F, 0x62, 0x72, 0x4D,
    0x5B, 0x51, 0xE4, 0xD7, 0x3D, 0xFB, 0xB2, 0xC7, 0xE6, 0x6D, 0x0E, 0xEC, 0xC6, 0x32, 0xEB, 0x90,
    0x5A, 0x52, 0x3D, 0x6C, 0xE6, 0x83, 0x82, 0xA8, 0xE1, 0xF1, 0xDE, 0x61, 0xFF, 0x02, 0x03, 0xE6,
    0x8D, 0xCF, 0xCC, 0xC3, 0x38, 0x77, 0x0F, 0xAA, 0x2D, 0x2F, 0xE6, 0xF6, 0xCF, 0xF7, 0x27, 0xBB,
    0x26, 0xA7, 0x6E, 0xE3, 0x31, 0xDE, 0x67, 0x76, 0x77, 0x45, 0x4B, 0xF3, 0x8B, 0xF6, 0x32, 0x38,
    0x4D, 0xD4, 0xF4, 0x93, 0x55, 0xEC, 0x8E, 0x1E, 0xBE, 0x7D, 0x83, 0x69, 0x81, 0x15, 0x00, 0xAE,
    0xC2, 0x12, 0x80, 0xB0, 0xC2, 0x47, 0x36, 0x4D, 0xF0, 0x4D, 0xF6, 0x2D, 0xEB, 0x25, 0xED, 0x96,
    0x9E, 0xB7, 0x84, 0xE7, 0xBB, 0x01, 0xCC, 0xB5, 0x5C, 0x08, 0xA2, 0x30, 0xD1, 0xAE, 0x32, 0x35,
    0x60, 0x15, 0xD6, 0xB3, 0x66, 0x79, 0xA2, 0xE9, 0x80, 0xE7, 0x91, 0x9B, 0x20, 0x68, 0x56, 0x1C,
    0xC9, 0xA2, 0xE9, 0x91, 0xCD, 0x6B, 0xA1, 0x78, 0xC6, 0xAC, 0x08, 0xDB, 0x32, 0x38, 0x83, 0x98,
    0x13, 0x38, 0xE7, 0x38, 0x2A, 0x08, 0xE0, 0x01, 0x17, 0x84, 0xD4, 0x5D, 0x55, 0x19, 0x56, 0xDA,
    0xED, 0xB5, 0x73, 0xBB, 0xEB, 0x34, 0xBB, 0xF3, 0x02, 0xC3, 0x09, 0xDA, 0xB6, 0x29, 0x4E, 0x45,
    0x7A, 0x59, 0xD1, 0x2C, 0x1C, 0xBB, 0x60, 0xCD, 0xF3, 0x89, 0x15, 0x34, 0x08, 0x22, 0x4F, 0x0B,
    0x6B, 0xBC, 0xCE, 0x28, 0xA0, 0xE1, 0x01, 0x70, 0x3E, 0xDF, 0x79, 0x28, 0xDC, 0x12, 0x20, 0xFE,
    0xCC, 0xC0, 0xA5, 0x59, 0x50, 0x31, 0x3C, 0x9F, 0xA1, 0x66, 0xF6, 0x22, 0x01, 0x96, 0xCF, 0x3E,
    0x6E, 0xCC, 0x80, 0xB7, 0x77, 0xB9, 0x5D, 0xE7, 0xE6, 0x35, 0xDC, 0xCB, 0x59, 0xFB, 0xB2, 0x56,
    0x10, 0x1E, 0x19, 0x2D, 0x0E, 0x4C, 0x09, 0xAA, 0xCD, 0x73, 0x59, 0x2A, 0xE2, 0x77, 0xA3, 0x25,
    0x74, 0x05, 0xB5, 0x62, 0x2E, 0xAF, 0x0B, 0xC2, 0xA0, 0x81, 0x00, 0x16, 0xC3, 0x8C, 0x65, 0x05,
    0x58, 0x02, 0x9E, 0xCC, 0xE5, 0x19, 0xAF, 0xFF, 0xB9, 0x41, 0xCD, 0xDA, 0xE7, 0xC6, 0x0C, 0xFF,
    0x02, 0x75, 0x94, 0x41, 0x8A, 0xC3, 0x48, 0x0C, 0x45, 0x1F, 0x68, 0x6B, 0xD0, 0x55, 0x72, 0x80,
    0x02, 0x5D, 0x5D, 0x30, 0xDB, 0x81, 0xBE, 0x8A, 0xA0, 0xB7, 0x82, 0x3F, 0x65, 0xB5, 0x6D, 0x32,
    0xA1, 0x3B, 0xD2, 0x53, 0xA1, 0x60, 0x44, 0x59, 0xE1, 0x05, 0x03, 0xD4, 0x58, 0x0B, 0x4F, 0xCF,
    0xC0, 0xEA, 0x64, 0x6D, 0xFA, 0x0F, 0x02, 0xCF, 0xB8, 0x9F, 0x56, 0x83, 0x12, 0x08, 0x40, 0x60,
    0x1B, 0x3F, 0x09, 0x58, 0x9B, 0xBA, 0x26, 0x66, 0xE0, 0xC4, 0xC4, 0xDA, 0x48, 0xEA, 0x4D, 0xC1,
    0xE2, 0xC6, 0xA5, 0xC9, 0x5E, 0x70, 0x66, 0x64, 0xA8, 0x0F, 0x6B, 0x10, 0x04, 0xC4, 0x8B, 0xE8,
    0x33, 0xBB, 0xAD, 0xA5, 0x74, 0x01, 0x2F, 0x08, 0x25, 0xF2, 0xB4, 0xF2, 0x9C, 0x00, 0xC2, 0x8A,
    0x15, 0x62, 0x55, 0x64, 0xA4, 0xA7, 0xF0, 0xEC, 0xCD, 0xDA, 0x04, 0x03, 0xEF, 0xD7, 0x97, 0x94,
    0x27, 0x8D, 0x53, 0x2C, 0x92, 0x02, 0x3B, 0x49, 0xF0, 0x4D, 0xC0, 0xD0, 0xFF, 0xC7, 0x8A, 0x07,
    0x0C, 0x4C, 0xC2, 0x2B, 0xF2, 0x9A, 0x7E, 0xAD, 0xC9, 0xF1, 0x5E, 0xA0, 0xDA, 0x08, 0x4F, 0xCD,
    0xF7, 0x6F, 0x2B, 0x9D, 0x3E, 0x24, 0x4C, 0x05, 0x07, 0x73, 0x7A, 0xF6, 0xB5, 0x2E, 0xCF, 0xE6,
    0x9D, 0xC8, 0x40, 0xE9, 0xFA, 0x4A, 0x6B, 0x4F, 0x70, 0x66, 0xA5, 0x2C, 0x9A, 0x22, 0x94, 0x78,
    0x03, 0x07, 0x8B, 0xB2, 0xB2, 0xB9, 0x41, 0x5C, 0xD1, 0x13, 0x77, 0xE7, 0x78, 0x5A, 0x5A, 0x51,
    0xBC, 0x8E, 0xE9, 0xCF, 0x6E, 0xFA, 0xFE, 0x0C, 0x7B, 0x66, 0x2D, 0x9A, 0x17, 0x91, 0x5E, 0xA8,
    0xA2, 0xB0, 0x9A, 0x17, 0xC9, 0x5D, 0xBE, 0xCF, 0xF2, 0xCF, 0x59, 0xBE, 0xA8, 0xAB, 0xFC, 0x6B,
    0xBB, 0xF4, 0x53, 0xEA, 0xA7, 0x28, 0x2D, 0xD1, 0xF5, 0xB6, 0x8D, 0x97, 0x7E, 0x79, 0x5B, 0xCB,
    0x99, 0x3E, 0xA7, 0x0F, 0xFD, 0x10, 0x04, 0x8D, 0xAB, 0x30, 0x25, 0x34, 0xD1, 0xA8, 0xA1, 0x3E,
    0xD3, 0x7E, 0x4B, 0x29, 0x77, 0x72, 0xE0, 0xAA, 0xB0, 0x6E, 0xD4, 0x84, 0x88, 0x17, 0x01, 0x0B,
    0x7A, 0x9E, 0x4B, 0x7C, 0xBA, 0x32, 0x4F, 0x0F, 0xF4, 0xF3, 0xE1, 0x00, 0x57, 0x11, 0xD7, 0x2D,
    0x22, 0xA7, 0x02, 0x0B, 0xAC, 0x40, 0xB9, 0x69, 0x20, 0x2E, 0x3C, 0x17, 0x81, 0xAE, 0xFD, 0x87,
    0x0A, 0x17, 0xEF, 0xD2, 0x0C, 0x8F, 0x34, 0xBD, 0xB9, 0xA5, 0x39, 0x79, 0x93, 0x26, 0x36, 0x10,
    0xDC, 0xB8, 0x74, 0x25, 0x38, 0x1C, 0x23, 0x8D, 0x23, 0x88, 0x47, 0x1A, 0x11, 0xCD, 0x6A, 0x3A,
    0x54, 0x2E, 0x20, 0x41, 0xC2, 0x3A, 0x46, 0x98, 0x98, 0xF1, 0xD0, 0x9E, 0xB4, 0x1A, 0xE5, 0x7D,
    0x55, 0xCF, 0x0B, 0x9A, 0xE0, 0x73, 0xE5, 0x9F, 0xD2, 0x14, 0x0D, 0xBC, 0x49, 0xE3, 0xFC, 0x25,
    0xCE, 0x60, 0x1B, 0x0C, 0x90, 0xB0, 0x8A, 0xF4, 0xB4, 0x74, 0xAC, 0xE6, 0x3C, 0x6B, 0xC7, 0xA7,
    0x34, 0xF7, 0xFF, 0xD2, 0x9C, 0x23, 0xD7, 0x2D, 0x8D, 0x01, 0x6A, 0xBC, 0x02, 0xC7, 0x89, 0x4B,
    0xF4, 0x75, 0x11, 0xC4, 0xE6, 0x7B, 0xA4, 0xE1, 0x47, 0x9A, 0x3C, 0x70, 0x82, 0x40, 0x6F, 0x3F,
    0xC9, 0xA5, 0xCC, 0xB3, 0x95, 0xE6, 0x33, 0x16, 0xF1, 0x88, 0x42, 0x2E, 0x9C, 0x47, 0x9A, 0xFE,
    0x43, 0x9A, 0x1A, 0x01, 0x47, 0x9A, 0xFF, 0x00, 0x8D, 0xD6, 0x5D, 0x8A, 0xF3, 0x4A, 0x0E, 0xC6,
    0xF1, 0x3F, 0xE8, 0xF6, 0x05, 0x6D, 0xA5, 0x17, 0x10, 0xD0, 0xD6, 0x05, 0x59, 0xC0, 0xBB, 0x15,
    0xC1, 0xDC, 0x0A, 0x9E, 0x71, 0x55, 0xF9, 0x2B, 0x9E, 0x3E, 0x99, 0x53, 0xB8, 0x7F, 0x8F, 0x94,
    0x72, 0x1A, 0x47, 0x76, 0x20, 0xF0, 0x7A, 0xC1, 0xE1, 0x4F, 0x0F, 0xA5, 0x04, 0x97, 0x1A, 0xA2,
    0x42, 0xD0, 0xF5, 0x12, 0x56, 0xF5, 0x8A, 0xF4, 0x4D, 0xA5, 0x67, 0x95, 0x88, 0x4D, 0x08, 0x9E,
    0xCA, 0xF2, 0x5F, 0x1A, 0xF6, 0xCE, 0xCD, 0xF7, 0x3B, 0x7B, 0xF8, 0x16, 0xFE, 0x9F, 0xA9, 0xDE,
    0x29, 0x4C, 0xF6, 0x6E, 0xD0, 0xFB, 0xEF, 0x66, 0x48, 0x05, 0x2E, 0xB1, 0xE9, 0x39, 0xB4, 0xA9,
    0x0F, 0x24, 0xF5, 0x40, 0x44, 0xB2, 0x01, 0xF1, 0x89, 0x0F, 0xF8, 0x82, 0x94, 0x93, 0xC7, 0x86,
    0x24, 0xE5, 0x64, 0xB6, 0xE8, 0x7F, 0x09, 0x69, 0x07, 0xC8, 0xFB, 0x00, 0x0B, 0x22, 0xAD, 0x41,
    0x0C, 0x1B, 0x9B, 0x87, 0xAF, 0xA2, 0xC6, 0x01, 0x1F, 0x86, 0xD4, 0xA0, 0xA9, 0x35, 0x1C, 0x32,
    0xD5, 0x6D, 0x97, 0x80, 0x53, 0x87, 0xDA, 0x4C, 0x13, 0x58, 0x12, 0x9B, 0x85, 0x27, 0x4C, 0xA5,
    0x8C, 0x74, 0x49, 0x9A, 0x5D, 0xF3, 0x07, 0x48, 0x5C, 0x85, 0xAB, 0x5D, 0x3D, 0x82, 0x68, 0x08,
    0x08, 0x7D, 0x44, 0xEC, 0x91, 0xBC, 0xE0, 0xE5, 0x7B, 0xD4, 0x0C, 0x1B, 0x11, 0x9A, 0x6B, 0x0F,
    0x5E, 0x8C, 0xBF, 0x2B, 0x22, 0xCF, 0x53, 0x74, 0x9E, 0xE2, 0x35, 0xF7, 0x6C, 0x44, 0x63, 0xDD,
    0x23, 0xD8, 0x43, 0x2B, 0xE2, 0x23, 0xBC, 0x09, 0xD5, 0x11, 0x36, 0x42, 0xC5, 0xB1, 0x42, 0x52,
    0xE2, 0xB9, 0x3A, 0xA1, 0xBA, 0x35, 0xDE, 0xB7, 0xC6, 0x1A, 0xE7, 0x68, 0x68, 0xE2, 0x6A, 0xF4,
    0x4B, 0xF3, 0xB3, 0x1A, 0x97, 0x8A, 0x50, 0xD2, 0x47, 0x23, 0x15, 0x0D, 0xBD, 0x46, 0x6D, 0x4D,
    0x63, 0xF7, 0xC6, 0x8B, 0x00, 0x4F, 0x2B, 0x9A, 0x58, 0x4D, 0x01, 0xBD, 0xCF, 0xD5, 0x7A, 0x36,
    0xB5, 0x1A, 0x01, 0x0D, 0xB3, 0x41, 0xB5, 0x37, 0x02, 0x42, 0xB7, 0xC6, 0x94, 0x57, 0x43, 0xD4,
    0xAD, 0xB1, 0x7F, 0x68, 0x3C, 0x39, 0x9B, 0x9F, 0xC8, 0x63, 0x27, 0xE8, 0x48, 0x2F, 0x49, 0x40,
    0xA8, 0x5C, 0xCA, 0xD5, 0xB8, 0xD2, 0x66, 0xC1, 0xFE, 0xF9, 0x1D, 0x42, 0x22, 0x12, 0x57, 0x87,
    0x1A, 0x9F, 0x15, 0x02, 0x2F, 0x08, 0x6E, 0x55, 0x5C, 0x55, 0x62, 0x05, 0xAF, 0x55, 0x35, 0xF4,
    0xBD, 0xF2, 0x55, 0xD5, 0xAC, 0xBC, 0xB1, 0x42, 0xC7, 0xEA, 0xAB, 0xC2, 0x8A, 0x08, 0x2C, 0x19,
    0xD5, 0x2B, 0xD2, 0x47, 0xD5, 0xF3, 0xDA, 0xF9, 0xFD, 0x1D, 0xB4, 0x95, 0x57, 0x00, 0xC8, 0xD2,
    0xEB, 0x35, 0x2B, 0x4F, 0x5B, 0x55, 0x8C, 0xAA, 0x57, 0x85, 0x75, 0xCD, 0x2A, 0xCE, 0xAA, 0x41,
    0xB3, 0xF2, 0x51, 0xE5, 0xA3, 0xAA, 0xB3, 0xD2, 0x01, 0x71, 0xC7, 0x24, 0x4D, 0xEE, 0x1B, 0xB9,
    0x11, 0xC7, 0xEB, 0x5E, 0x6C, 0x24, 0x41, 0x4C, 0x40, 0xE8, 0xA4, 0xB1, 0x07, 0xB1, 0xE1, 0x27,
    0xAF, 0x40, 0x83, 0xA0, 0x37, 0x54, 0x21, 0x57, 0x46, 0xF3, 0x83, 0xF1, 0x58, 0x26, 0xD5, 0x02,
    0xE0, 0x67, 0x3A, 0xBB, 0xF3, 0xFA, 0x12, 0x25, 0x68, 0x56, 0xF4, 0x79, 0xC7, 0xA2, 0x56, 0x24,
    0x5E, 0x00, 0x78, 0x1E, 0x91, 0x10, 0x92, 0x38, 0x83, 0x48, 0x78, 0x86, 0xD6, 0x9E, 0x7E, 0x3D,
    0xC5, 0xF7, 0x28, 0xD0, 0x1E, 0x89, 0xF5, 0xDA, 0x17, 0x04, 0xA0, 0x44, 0x80, 0x4B, 0x0D, 0x98,
    0x94, 0x8C, 0xCC, 0x55, 0x87, 0x6A, 0x0F, 0xBC, 0xCE, 0x87, 0xA9, 0x66, 0x78, 0xCE, 0x08, 0x66,
    0xF4, 0x0C, 0xAB, 0x19, 0x9E, 0x33, 0x82, 0x19, 0x3D, 0xE3, 0x5D, 0x80, 0xE6, 0xCA, 0x3D, 0xF0,
    0xD4, 0x7E, 0xE6, 0x0A, 0xAF, 0xEB, 0xBF, 0x44, 0x5A, 0xDF, 0x83, 0x3D, 0xF4, 0x11, 0xB1, 0x47,
    0xE2, 0x12, 0xAE, 0x1A, 0x61, 0xCA, 0xFD, 0x46, 0x84, 0x24, 0xD5, 0x6E, 0x7A, 0x7A, 0x05, 0x9E,
    0xD6, 0xAF, 0x4D, 0xBA, 0x2F, 0x5F, 0x0C, 0x79, 0xF8, 0x56, 0x62, 0x92, 0xD2, 0xA5, 0x02, 0xAF,
    0x63, 0x37, 0x12, 0x62, 0xBD, 0x2E, 0x70, 0x8D, 0x1E, 0xFE, 0x8F, 0x9C, 0x86, 0x94, 0xD3, 0x35,
    0xF8, 0xE9, 0x7C, 0x25, 0xA3, 0x37, 0xB1, 0x29, 0x22, 0x24, 0xA9, 0x35, 0x25, 0x78, 0x1C, 0xFA,
    0xDC, 0x5D, 0xEF, 0xF2, 0xA1, 0x2B, 0x87, 0xCD, 0x26, 0xFC, 0xAA, 0xBE, 0x79, 0xBB, 0x40, 0xC0,
    0xF2, 0xA9, 0x54, 0xC7, 0xA5, 0xC7, 0x3B, 0x95, 0xC8, 0x32, 0xD2, 0x7A, 0xE8, 0x35, 0xCD, 0x61,
    0x6C, 0xC2, 0x2E, 0x97, 0xFA, 0xCD, 0xBF, 0xCA, 0x4D, 0x1F, 0xBA, 0x4D, 0x89, 0x8C, 0x65, 0x5E,
    0xFA, 0xB2, 0x36, 0xB1, 0x1E, 0x22, 0x47, 0x10, 0x92, 0xC0, 0xA4, 0xBC, 0xEE, 0x20, 0x97, 0x7F,
    0x06, 0xA6, 0x3E, 0x3F, 0x9E, 0xF0, 0x1A, 0xDA, 0x94, 0x3E, 0x8C, 0x1C, 0xC2, 0xD2, 0xA6, 0xDE,
    0xFB, 0xBD, 0x98, 0x16, 0xB8, 0x12, 0x50, 0xB3, 0xCA, 0xFB, 0xBD, 0x28, 0x94, 0xD7, 0x3C, 0xFB,
    0x70, 0x1E, 0x26, 0x58, 0x47, 0x4C, 0x3D, 0x87, 0x26, 0xF5, 0x31, 0x55, 0x98, 0x58, 0xFE, 0xAA,
    0xDD, 0x7E, 0x2D, 0xEA, 0x9D, 0x82, 0xB6, 0x0C, 0xAC, 0x8E, 0xC9, 0x6B, 0x4E, 0x5E, 0xD7, 0xCC,
    0xBF, 0x4F, 0x9E, 0x4B, 0x7F, 0x18, 0xCB, 0x74, 0x5E, 0x43, 0x13, 0x5E, 0xBB, 0x68, 0x4E, 0xBE,
    0x31, 0xFD, 0xF5, 0x86, 0x63, 0x24, 0xBA, 0x9E, 0x76, 0xE7, 0x53, 0x97, 0xA4, 0x5A, 0xF2, 0x5C,
    0x9F, 0xDF, 0x53, 0x3C, 0x6D, 0xCA, 0xC7, 0xF7, 0xF4, 0xCF, 0xF0, 0x87, 0x21, 0xFF, 0x6C, 0x7C,
    0x97, 0x87, 0x21, 0x2D, 0x27, 0xEA, 0x09, 0x44, 0x01, 0xDE, 0x80, 0xED, 0xCC, 0x0D, 0x0D, 0x66,
    0xBB, 0xE3, 0x05, 0x28, 0x91, 0x1A, 0xA4, 0x3C, 0xDF, 0x25, 0x80, 0x8B, 0xC8, 0x93, 0x02, 0x7C,
    0x71, 0x9D, 0x3D, 0x9C, 0x44, 0x11, 0x00, 0xDF, 0x11, 0x09, 0x52, 0x12, 0x12, 0x48, 0x00, 0x8B,
    0x48, 0x6C, 0x6D, 0x24, 0x74, 0xC3, 0x26, 0x56, 0x1B, 0xDE, 0x07, 0x3C, 0x98, 0xBB, 0x1B, 0xA6,
    0x0C, 0xA9, 0x91, 0x94, 0x8F, 0x67, 0xCF, 0xAF, 0x67, 0xEF, 0xFC, 0xCD, 0x2C, 0xAC, 0x3D, 0x95,
    0x5E, 0x9E, 0x91, 0xB1, 0xE9, 0x15, 0x79, 0x68, 0x2D, 0xBE, 0xD9, 0x5F, 0x15, 0xF1, 0xA1, 0xD7,
    0x21, 0x78, 0x45, 0x6E, 0xE6, 0x30, 0xD2, 0xA5, 0x66, 0x43, 0x89, 0x50, 0x11, 0x58, 0x6F, 0x20,
    0xBE, 0x23, 0x68, 0x84, 0x0D, 0xA2, 0x42, 0xDA, 0x3F, 0x7C, 0x0A, 0xE0, 0x44, 0x52, 0x2F, 0x68,
    0x78, 0x12, 0x12, 0x68, 0xF0, 0x5F, 0x85, 0x8E, 0x81, 0x05, 0xC0, 0x40, 0x0C, 0x45, 0x1F, 0x19,
    0xE0, 0x56, 0xE9, 0x00, 0x47, 0x56, 0xCF, 0x48, 0x19, 0xE0, 0x93, 0x56, 0xDA, 0x73, 0xB4, 0x68,
    0x3C, 0x1F, 0x3C, 0x4F, 0x4C, 0x80, 0x25, 0x30, 0x7A, 0x02, 0x70, 0x80, 0xBA, 0x2E, 0xF7, 0x38,
    0x80, 0xC7, 0x52, 0x5A, 0x66, 0x42, 0x31, 0x6E, 0x43, 0x95, 0xF2, 0x90, 0x21, 0xFE, 0x81, 0x02,
    0x78, 0x45, 0xED, 0x09, 0xAD, 0xD9, 0xAF, 0xC5, 0xF2, 0x0A, 0xFC, 0xC3, 0x6C, 0xB4, 0x09, 0x59,
    0xCA, 0x3B, 0xA2, 0x51, 0x69, 0x05, 0x07, 0x27, 0xAD, 0xCD, 0x07, 0x6A, 0x06, 0x49, 0x0E, 0x06,
    0xD0, 0x07, 0x45, 0xE6, 0x07, 0x5D, 0xC5, 0x07, 0x68, 0xD0, 0xD5, 0x05, 0x4B, 0xDE, 0x09, 0x57,
    0x11, 0x98, 0x4C, 0x81, 0x66, 0xBA, 0xDB, 0x76, 0x4F, 0xCE, 0x02, 0xBD, 0xAF, 0x72, 0x89, 0x8D,
    0x99, 0xB2, 0x3A, 0x5A, 0x94, 0x2D, 0x4F, 0xA2, 0xA5, 0x28, 0x89, 0x9F, 0x52, 0x88, 0x92, 0x1D,
    0xB5, 0x66, 0xB2, 0x62, 0xC7, 0xD4, 0x39, 0xAE, 0x2C, 0x3F, 0xC2, 0x98, 0x2F, 0x36, 0x0F, 0xDB,
    0xB6, 0xB6, 0xB1, 0xDA, 0x88, 0x96, 0x95, 0x25, 0x66, 0x58, 0xD3, 0x80, 0xC6, 0xCC, 0x2A, 0xA2,
    0xE3, 0x1D, 0x9B, 0x64, 0x15, 0x59, 0x02, 0x6F, 0xED, 0x85, 0x3A, 0x1C, 0xAC, 0x7A, 0x79, 0x23,
    0x84, 0xE6, 0x65, 0x29, 0x8E, 0x3B, 0xFA, 0x8E, 0xB2, 0xAA, 0xAC, 0x3B, 0xC2, 0x15, 0xAF, 0x33,
    0xDA, 0xC1, 0xD2, 0x9A, 0xE5, 0x4D, 0x11, 0x8E, 0x55, 0xBC, 0x44, 0xE0, 0x10, 0xDF, 0xA0, 0xAD,
    0xCD, 0x2A, 0x36, 0x81, 0xEF, 0x6B, 0x35, 0xAB, 0x66, 0x10, 0xC0, 0x0B, 0x20, 0xEB, 0x93, 0x69,
    0xBC, 0x7F, 0xB2, 0xDE, 0x37, 0xEB, 0x7F, 0x27, 0xB5, 0x09, 0x17, 0x43, 0x1A, 0x0E, 0x79, 0x51,
    0xF6, 0x49, 0x8B, 0x8B, 0x5E, 0x17, 0x25, 0x3A, 0xCA, 0xEA, 0x60, 0xED, 0x8B, 0xC4, 0x3E, 0x30,
    0x17, 0xBF, 0xA8, 0xBC, 0xA3, 0xE2, 0x4E, 0x12, 0x51, 0xBF, 0xCE, 0xF9, 0x0B, 0x99, 0xC5, 0xFE,
    0x3B, 0xE9, 0x5F, 0xE7, 0xFA, 0x2B, 0x39, 0xC4, 0xB0, 0xA6, 0xCC, 0xB4, 0x9C, 0x2D, 0x67, 0x66,
    0x6E, 0x9A, 0x89, 0x26, 0x63, 0x93, 0xEB, 0xC4, 0x10, 0xA6, 0x90, 0x17, 0x8D, 0xB8, 0xD8, 0x58,
    0x27, 0xE6, 0xE2, 0x39, 0x03, 0x03, 0x1B, 0xEB, 0xB9, 0xF1, 0xB5, 0xF9, 0x79, 0x35, 0x56, 0x93,
    0x51, 0x64, 0x5E, 0x60, 0x6F, 0xD6, 0x9E, 0x99, 0x79, 0x38, 0xEB, 0x79, 0xEF, 0xA4, 0x10, 0x17,
    0x90, 0x70, 0xFC, 0x97, 0x27, 0x34, 0x56, 0xFF, 0xFA, 0xC4, 0x86, 0x34, 0x35, 0x3D, 0x35, 0x95,
    0x20, 0xCA, 0xA3, 0xC7, 0x04, 0xC7, 0xA3, 0xFD, 0xA8, 0x1F, 0x57, 0x9B, 0x6D, 0xD5, 0xAD, 0x35,
    0xA2, 0xF8, 0x12, 0x59, 0xB7, 0x79, 0xDA, 0x07, 0xE2, 0xC3, 0x8D, 0xB5, 0x6F, 0xFB, 0x4B, 0x73,
    0x5B, 0x90, 0x5F, 0xC6, 0x88, 0x2D, 0xA7, 0x66, 0xEC, 0x78, 0xEF, 0xD4, 0x6B, 0x2A, 0xB4, 0x11,
    0xD5, 0xCE, 0xF1, 0x8E, 0xE9, 0x94, 0xB3, 0x66, 0x8B, 0x96, 0x0D, 0x83, 0x98, 0xE2, 0x88, 0xA6,
    0x3F, 0x59, 0x37, 0xFC, 0x19, 0xFB, 0x4F, 0xF1, 0x30, 0x7F, 0xC8, 0x26, 0x4F, 0xA6, 0x4E, 0x34,
    0xB3, 0x9A, 0x9C, 0x22, 0x36, 0x62, 0x44, 0xE5, 0xCC, 0x98, 0x99, 0xAD, 0x4D, 0xFB, 0x45, 0xC5,
    0x08, 0xBF, 0x3A, 0xB2, 0x10, 0x75, 0x77, 0x22, 0xCD, 0x47, 0xD1, 0xAC, 0xBB, 0xDD, 0x47, 0x9E,
    0xBD, 0x03, 0xFB, 0xEE, 0xD5, 0x68, 0x10, 0x18, 0x62, 0x33, 0xF5, 0x8B, 0x30, 0xC8, 0x66, 0xFD,
    0xF6, 0xE0, 0x00, 0x98, 0x99, 0x7D, 0xF6, 0x81, 0x2C, 0x62, 0x63, 0x8A, 0x68, 0x8C, 0x67, 0xF0,
    0xFB, 0x7F, 0x6D, 0x4F, 0xCD, 0x47, 0xFD, 0x00, 0x9D, 0xD0, 0x01, 0x06, 0x04, 0x31, 0x0C, 0x46,
    0xE1, 0x47, 0x00, 0x96, 0x5E, 0x68, 0xC9, 0xD5, 0xC3, 0x5E, 0xA8, 0x07, 0x08, 0xFF, 0xB6, 0x0D,
    0xA6, 0x30, 0x35, 0x26, 0xF0, 0x41, 0x82, 0x3C, 0x30, 0x75, 0x00, 0x57, 0x4E, 0x14, 0x9A, 0x24,
    0x1E, 0x60, 0x9D, 0x02, 0x0D, 0x5A, 0xE0, 0x2C, 0xB8, 0xC1, 0x34, 0x86, 0xA2, 0x0E, 0xDA, 0x1B,
    0x3C, 0xF0, 0x13, 0xB0, 0x63, 0x03, 0x70, 0xC5, 0x22, 0x99, 0x18, 0x0B, 0x2E, 0xBE, 0x3B, 0xCA,
    0xA2, 0x17, 0xB1, 0x2F, 0x82, 0x29, 0xA8, 0x20, 0x53, 0xA1, 0x81, 0xDD, 0x05, 0x39, 0xBF, 0x62,
    0x52, 0x5E, 0x7C, 0xDE, 0x94, 0x28, 0xF0, 0x87, 0x80, 0xFF, 0xF6, 0x20, 0x2D, 0x99, 0x10, 0xE7,
    0x20, 0x9D, 0x9D, 0x28, 0x00, 0xE0, 0x0F,
};

static const EpdGlyph literatamono_18_italicGlyphs[] = {
    { 1, 1, 112, 0, 1, 1, 0 }, // U+0020
    { 6, 29, 208, 4, 28, 44, 1 }, // !
    { 9, 9, 240, 4, 30, 21, 45 }, // "
    { 23, 21, 416, 2, 21, 121, 66 }, // #
    { 16, 34, 304, 2, 31, 136, 187 }, // $
    { 27, 24, 496, 2, 23, 162, 323 }, // %
    { 24, 29, 448, 3, 28, 174, 485 }, // &
    { 4, 9, 160, 4, 30, 9, 659 }, // '
    { 9, 39, 192, 3, 31, 88, 668 }, // (
    { 9, 39, 208, 1, 31, 88, 756 }, // )
    { 13, 14, 288, 3, 30, 46, 844 }, // *
    { 17, 17, 352, 3, 21, 73, 890 }, // +
    { 7, 11, 208, 3, 5, 20, 963 }, // ,
    { 10, 3, 208, 2, 12, 8, 983 }, // -
    { 6, 7, 192, 3, 6, 11, 991 }, // .
    { 16, 35, 272, 1, 31, 140, 1002 }, // /
    { 19, 29, 352, 2, 28, 138, 1142 }, // 0
    { 12, 27, 224, 1, 27, 81, 1280 }, // 1
    { 17, 28, 320, 2, 28, 119, 1361 }, // 2
    { 18, 29, 320, 1, 28, 131, 1480 }, // 3
    { 19, 27, 336, 1, 27, 129, 1611 }, // 4
    { 18, 28, 320, 1, 27, 126, 1740 }, // 5
    { 18, 29, 320, 2, 28, 131, 1866 }, // 6
    { 18, 27, 320, 2, 27, 122, 1997 }, // 7
    { 17, 29, 320, 2, 28, 124, 2119 }, // 8
    { 17, 29, 320, 2, 28, 124, 2243 }, // 9
    { 7, 22, 192, 3, 21, 39, 2367 }, // :
    { 7, 27, 208, 3, 21, 48, 2406 }, // ;
    { 16, 19, 352, 3, 20, 76, 2454 }, // <
    { 17, 9, 352, 3, 16, 39, 2530 }, // =
    { 16, 19, 352, 4, 20, 76, 2569 }, // >
    { 15, 29, 304, 2, 28, 109, 2645 }, // ?
    { 28, 29, 528, 3, 22, 203, 2754 }, // @
    { 26, 27, 416, 0, 27, 176, 2957 }, // A
    { 21, 27, 368, 2, 27, 142, 3133 }, // B
    { 21, 29, 384, 2, 28, 153, 3275 }, // C
    { 24, 27, 448, 2, 27, 162, 3428 }, // D
    { 19, 27, 368, 2, 27, 129, 3590 }, // E
    { 19, 27, 336, 2, 27, 129, 3719 }, // F
    { 21, 29, 384, 2, 28, 153, 3848 }, // G
    { 26, 27, 464, 2, 27, 176, 4001 }, // H
    { 11, 27, 224, 2, 27, 75, 4177 }, // I
    { 12, 36, 224, 1, 27, 108, 4252 }, // J
    { 24, 28, 416, 2, 27, 168, 4360 }, // K
    { 19, 27, 352, 2, 27, 129, 4528 }, // L
    { 33, 27, 560, 2, 27, 223, 4657 }, // M
    { 26, 27, 448, 2, 27, 176, 4880 }, // N
    { 24, 29, 432, 2, 28, 174, 5056 }, // O
    { 20, 27, 352, 2, 27, 135, 5230 }, // P
    { 26, 34, 432, 2, 28, 221, 5365 }, // Q
    { 24, 28, 416, 2, 27, 168, 5586 }, // R
    { 16, 29, 304, 2, 28, 116, 5754 }, // S
    { 23, 27, 384, 1, 27, 156, 5870 }, // T
    { 25, 28, 448, 2, 27, 175, 6026 }, // U
    { 26, 27, 416, 1, 27, 176, 6201 }, // V
    { 38, 27, 608, 1, 27, 257, 6377 }, // W
    { 26, 27, 416, 0, 27, 176, 6634 }, // X
    { 25, 27, 400, 1, 27, 169, 6810 }, // Y
    { 20, 27, 368, 2, 27, 135, 6979 }, // Z
    { 9, 40, 192, 3, 32, 90, 7114 }, // [
    { 14, 35, 256, 1, 31, 123, 7204 }, // <backslash>
    { 9, 40, 192, 1, 32, 90, 7327 }, // ]
    { 19, 14, 352, 2, 27, 67, 7417 }, // ^
    { 18, 2, 304, 1, -2, 9, 7484 }, // _
    { 7, 7, 304, 6, 30, 13, 7493 }, // `
    { 19, 21, 352, 2, 20, 100, 7506 }, // a
    { 20, 30, 352, 0, 29, 150, 7606 }, // b
    { 15, 21, 288, 2, 20, 79, 7756 }, // c
    { 20, 30, 352, 2, 29, 150, 7835 }, // d
    { 14, 21, 288, 2, 20, 74, 7985 }, // e
    { 19, 39, 240, -1, 30, 186, 8059 }, // f
    { 16, 29, 336, 2, 20, 116, 8245 }, // g
    { 21, 30, 352, 1, 29, 158, 8361 }, // h
    { 10, 30, 176, 1, 29, 75, 8519 }, // i
    { 9, 38, 176, -1, 29, 86, 8594 }, // j
    { 20, 30, 336, 1, 29, 150, 8680 }, // k
    { 10, 30, 176, 1, 29, 75, 8830 }, // l
    { 33, 21, 528, 0, 20, 174, 8905 }, // m
    { 22, 21, 368, 0, 20, 116, 9079 }, // n
    { 17, 21, 320, 2, 20, 90, 9195 }, // o
    { 20, 29, 352, 0, 20, 145, 9285 }, // p
    { 19, 29, 336, 2, 20, 138, 9430 }, // q
    { 16, 20, 288, 0, 20, 80, 9568 }, // r
    { 14, 21, 272, 1, 20, 74, 9648 }, // s
    { 14, 27, 240, 1, 26, 95, 9722 }, // t
    { 21, 21, 368, 1, 20, 111, 9817 }, // u
    { 20, 21, 368, 1, 20, 105, 9928 }, // v
    { 31, 21, 544, 1, 20, 163, 10033 }, // w
    { 19, 21, 320, 1, 20, 100, 10196 }, // x
    { 19, 29, 320, 0, 20, 138, 10296 }, // y
    { 15, 20, 288, 2, 19, 75, 10434 }, // z
    { 11, 40, 224, 2, 31, 110, 10509 }, // {
    { 4, 35, 256, 6, 31, 35, 10619 }, // |
    { 11, 40, 224, 1, 31, 110, 10654 }, // }
    { 17, 4, 352, 4, 13, 17, 10764 }, // ~
    { 1, 1, 112, 0, 1, 1, 0 }, // U+00A0
    { 7, 28, 208, 3, 20, 49, 1 }, // U+00A1
    { 15, 25, 288, 2, 24, 94, 50 }, // U+00A2
    { 21, 29, 352, 1, 28, 153, 144 }, // U+00A3
    { 17, 17, 320, 2, 20, 73, 297 }, // U+00A4
    { 25, 27, 400, 1, 27, 169, 370 }, // U+00A5
    { 4, 35, 256, 6, 31, 35, 539 }, // U+00A6
    { 17, 34, 368, 4, 28, 145, 574 }, // U+00A7
    { 13, 5, 304, 4, 29, 17, 719 }, // U+00A8
    { 26, 25, 480, 2, 25, 163, 736 }, // U+00A9
    { 15, 15, 272, 2, 29, 57, 899 }, // U+00AA
    { 16, 16, 304, 2, 18, 64, 956 }, // U+00AB
    { 16, 7, 352, 3, 14, 28, 1020 }, // U+00AC
    { 1, 1, 0, 0, 1, 1, 1048 }, // U+00AD
    { 14, 14, 288, 2, 29, 49, 1049 }, // U+00AE
    { 11, 2, 304, 5, 26, 6, 1098 }, // U+00AF
    { 9, 9, 176, 2, 30, 21, 1104 }, // U+00B0
    { 16, 20, 352, 3, 20, 80, 1125 }, // U+00B1
    { 12, 18, 240, 2, 32, 54, 1205 }, // U+00B2
    { 12, 18, 240, 2, 32, 54, 1259 }, // U+00B3
    { 8, 7, 304, 7, 30, 14, 1313 }, // U+00B4
    { 19, 28, 336, 1, 19, 133, 1327 }, // U+00B5
    { 19, 36, 352, 2, 27, 171, 1460 }, // U+00B6
    { 6, 6, 192, 4, 15, 9, 1631 }, // U+00B7
    { 8, 10, 304, 6, 1, 20, 1640 }, // U+00B8
    { 9, 18, 176, 2, 32, 41, 1660 }, // U+00B9
    { 13, 15, 256, 2, 29, 49, 1701 }, // U+00BA
    { 16, 16, 304, 2, 18, 64, 1750 }, // U+00BB
    { 32, 28, 576, 2, 28, 224, 1814 }, // U+00BC
    { 32, 28, 560, 2, 28, 224, 2038 }, // U+00BD
    { 32, 28, 592, 3, 28, 224, 2262 }, // U+00BE
    { 15, 28, 304, 3, 20, 105, 2486 }, // U+00BF
    { 26, 35, 416, 0, 35, 228, 2591 }, // U+00C0
    { 26, 35, 416, 0, 35, 228, 2819 }, // U+00C1
    { 26, 36, 416, 0, 36, 234, 3047 }, // U+00C2
    { 26, 35, 416, 0, 35, 228, 3281 }, // U+00C3
    { 26, 35, 416, 0, 35, 228, 3509 }, // U+00C4
    { 26, 37, 416, 0, 37, 241, 3737 }, // U+00C5
    { 34, 27, 560, 0, 27, 230, 3978 }, // U+00C6
    { 21, 37, 384, 2, 28, 195, 4208 }, // U+00C7
    { 19, 35, 368, 2, 35, 167, 4403 }, // U+00C8
    { 19, 35, 368, 2, 35, 167, 4570 }, // U+00C9
    { 19, 36, 368, 2, 36, 171, 4737 }, // U+00CA
    { 19, 35, 368, 2, 35, 167, 4908 }, // U+00CB
    { 11, 35, 224, 2, 35, 97, 5075 }, // U+00CC
    { 11, 35, 224, 2, 35, 97, 5172 }, // U+00CD
    { 12, 36, 224, 2, 36, 108, 5269 }, // U+00CE
    { 12, 35, 224, 2, 35, 105, 5377 }, // U+00CF
    { 24, 27, 448, 2, 27, 162, 5482 }, // U+00D0
    { 26, 35, 448, 2, 35, 228, 5644 }, // U+00D1
    { 24, 36, 432, 2, 35, 216, 5872 }, // U+00D2
    { 24, 36, 432, 2, 35, 216, 6088 }, // U+00D3
    { 24, 37, 432, 2, 36, 222, 6304 }, // U+00D4
    { 24, 36, 432, 2, 35, 216, 6526 }, // U+00D5
    { 24, 36, 432, 2, 35, 216, 6742 }, // U+00D6
    { 14, 14, 352, 4, 19, 49, 6958 }, // U+00D7
    { 24, 29, 432, 2, 28, 174, 7007 }, // U+00D8
    { 25, 36, 448, 2, 35, 225, 7181 }, // U+00D9
    { 25, 36, 448, 2, 35, 225, 7406 }, // U+00DA
    { 25, 37, 448, 2, 36, 232, 7631 }, // U+00DB
    { 25, 36, 448, 2, 35, 225, 7863 }, // U+00DC
    { 25, 35, 400, 1, 35, 219, 8088 }, // U+00DD
    { 20, 27, 368, 2, 27, 135, 8307 }, // U+00DE
    { 24, 39, 384, -2, 30, 234, 8442 }, // U+00DF
    { 19, 31, 352, 2, 30, 148, 8676 }, // U+00E0
    { 19, 31, 352, 2, 30, 148, 8824 }, // U+00E1
    { 19, 31, 352, 2, 30, 148, 8972 }, // U+00E2
    { 19, 30, 352, 2, 29, 143, 9120 }, // U+00E3
    { 19, 30, 352, 2, 29, 143, 9263 }, // U+00E4
    { 19, 31, 352, 2, 30, 148, 9406 }, // U+00E5
    { 26, 21, 464, 2, 20, 137, 9554 }, // U+00E6
    { 15, 29, 288, 2, 20, 109, 9691 }, // U+00E7
    { 14, 31, 288, 2, 30, 109, 9800 }, // U+00E8
    { 14, 31, 288, 2, 30, 109, 9909 }, // U+00E9
    { 14, 31, 288, 2, 30, 109, 10018 }, // U+00EA
    { 15, 30, 288, 2, 29, 113, 10127 }, // U+00EB
    { 10, 31, 176, 1, 30, 78, 10240 }, // U+00EC
    { 10, 31, 176, 1, 30, 78, 10318 }, // U+00ED
    { 12, 31, 176, -1, 30, 93, 10396 }, // U+00EE
    { 12, 30, 176, -1, 29, 90, 10489 }, // U+00EF
    { 16, 30, 336, 2, 29, 120, 10579 }, // U+00F0
    { 22, 30, 368, 0, 29, 165, 10699 }, // U+00F1
    { 17, 31, 320, 2, 30, 132, 10864 }, // U+00F2
    { 17, 31, 320, 2, 30, 132, 10996 }, // U+00F3
    { 17, 31, 320, 2, 30, 132, 11128 }, // U+00F4
    { 17, 30, 320, 2, 29, 128, 11260 }, // U+00F5
    { 17, 30, 320, 2, 29, 128, 11388 }, // U+00F6
    { 16, 17, 352, 3, 20, 68, 11516 }, // U+00F7
    { 19, 21, 320, 1, 20, 100, 11584 }, // U+00F8
    { 21, 31, 368, 1, 30, 163, 11684 }, // U+00F9
    { 21, 31, 368, 1, 30, 163, 11847 }, // U+00FA
    { 21, 31, 368, 1, 30, 163, 12010 }, // U+00FB
    { 21, 30, 368, 1, 29, 158, 12173 }, // U+00FC
    { 19, 39, 320, 0, 30, 186, 12331 }, // U+00FD
    { 19, 38, 352, 1, 29, 181, 12517 }, // U+00FE
    { 19, 38, 320, 0, 29, 181, 12698 }, // U+00FF
    { 26, 33, 416, 0, 33, 215, 0 }, // U+0100
    { 19, 27, 352, 2, 26, 129, 215 }, // U+0101
    { 26, 36, 416, 0, 36, 234, 344 }, // U+0102
    { 19, 31, 352, 2, 30, 148, 578 }, // U+0103
    { 26, 36, 416, 0, 27, 234, 726 }, // U+0104
    { 19, 29, 352, 2, 20, 138, 960 }, // U+0105
    { 21, 36, 384, 2, 35, 189, 1098 }, // U+0106
    { 15, 31, 288, 2, 30, 117, 1287 }, // U+0107
    { 21, 37, 384, 2, 36, 195, 1404 }, // U+0108
    { 15, 31, 288, 2, 30, 117, 1599 }, // U+0109
    { 21, 36, 384, 2, 35, 189, 1716 }, // U+010A
    { 15, 30, 288, 2, 29, 113, 1905 }, // U+010B
    { 21, 37, 384, 2, 36, 195, 2018 }, // U+010C
    { 15, 31, 288, 2, 30, 117, 2213 }, // U+010D
    { 24, 36, 448, 2, 36, 216, 2330 }, // U+010E
    { 23, 30, 416, 2, 29, 173, 2546 }, // U+010F
    { 24, 27, 448, 2, 27, 162, 2719 }, // U+0110
    { 20, 30, 352, 2, 29, 150, 2881 }, // U+0111
    { 19, 33, 368, 2, 33, 157, 3031 }, // U+0112
    { 14, 27, 288, 2, 26, 95, 3188 }, // U+0113
    { 19, 36, 368, 2, 36, 171, 3283 }, // U+0114
    { 14, 31, 288, 2, 30, 109, 3454 }, // U+0115
    { 19, 35, 368, 2, 35, 167, 3563 }, // U+0116
    { 14, 30, 288, 2, 29, 105, 3730 }, // U+0117
    { 19, 36, 368, 2, 27, 171, 3835 }, // U+0118
    { 14, 29, 288, 2, 20, 102, 4006 }, // U+0119
    { 19, 36, 368, 2, 36, 171, 4108 }, // U+011A
    { 14, 31, 288, 2, 30, 109, 4279 }, // U+011B
    { 21, 37, 384, 2, 36, 195, 4388 }, // U+011C
    { 16, 39, 336, 2, 30, 156, 4583 }, // U+011D
    { 21, 37, 384, 2, 36, 195, 4739 }, // U+011E
    { 16, 39, 336, 2, 30, 156, 4934 }, // U+011F
    { 21, 36, 384, 2, 35, 189, 5090 }, // U+0120
    { 16, 38, 336, 2, 29, 152, 5279 }, // U+0121
    { 21, 35, 384, 2, 28, 184, 5431 }, // U+0122
    { 16, 39, 336, 2, 30, 156, 5615 }, // U+0123
    { 26, 36, 464, 2, 36, 234, 5771 }, // U+0124
    { 24, 39, 352, -2, 38, 234, 6005 }, // U+0125
    { 27, 27, 464, 2, 27, 183, 6239 }, // U+0126
    { 22, 30, 352, 0, 29, 165, 6422 }, // U+0127
    { 12, 35, 224, 2, 35, 105, 6587 }, // U+0128
    { 12, 30, 176, -1, 29, 90, 6692 }, // U+0129
    { 12, 33, 224, 2, 33, 99, 6782 }, // U+012A
    { 12, 27, 176, -1, 26, 81, 6881 }, // U+012B
    { 12, 36, 224, 2, 36, 108, 6962 }, // U+012C
    { 12, 31, 176, -1, 30, 93, 7070 }, // U+012D
    { 11, 36, 224, 2, 27, 99, 7163 }, // U+012E
    { 10, 38, 176, 1, 29, 95, 7262 }, // U+012F
    { 11, 35, 224, 2, 35, 97, 7357 }, // U+0130
    { 10, 21, 176, 1, 20, 53, 7454 }, // U+0131
    { 24, 36, 448, 2, 27, 216, 7507 }, // U+0132
    { 19, 38, 368, 1, 29, 181, 7723 }, // U+0133
    { 13, 45, 224, 1, 36, 147, 7904 }, // U+0134
    { 12, 39, 176, -1, 30, 117, 8051 }, // U+0135
    { 24, 37, 416, 2, 27, 222, 8168 }, // U+0136
    { 20, 39, 336, 1, 29, 195, 8390 }, // U+0137
    { 21, 21, 336, 0, 20, 111, 8585 }, // U+0138
    { 19, 35, 352, 2, 35, 167, 8696 }, // U+0139
    { 10, 38, 176, 1, 37, 95, 8863 }, // U+013A
    { 19, 37, 352, 2, 27, 176, 8958 }, // U+013B
    { 10, 39, 176, 1, 29, 98, 9134 }, // U+013C
    { 19, 29, 352, 2, 29, 138, 9232 }, // U+013D
    { 13, 30, 240, 1, 29, 98, 9370 }, // U+013E
    { 19, 27, 352, 2, 27, 129, 9468 }, // U+013F
    { 15, 30, 256, 1, 29, 113, 9597 }, // U+0140
    { 20, 27, 352, 1, 27, 135, 9710 }, // U+0141
    { 11, 30, 192, 1, 29, 83, 9845 }, // U+0142
    { 26, 35, 448, 2, 35, 228, 9928 }, // U+0143
    { 22, 31, 368, 0, 30, 171, 10156 }, // U+0144
    { 26, 37, 448, 2, 27, 241, 10327 }, // U+0145
    { 22, 30, 368, 0, 20, 165, 10568 }, // U+0146
    { 26, 36, 448, 2, 36, 234, 10733 }, // U+0147
    { 22, 31, 368, 0, 30, 171, 10967 }, // U+0148
    { 27, 30, 432, 0, 29, 203, 11138 }, // U+0149
    { 26, 36, 448, 2, 27, 234, 11341 }, // U+014A
    { 19, 29, 352, 0, 20, 138, 11575 }, // U+014B
    { 24, 34, 432, 2, 33, 204, 11713 }, // U+014C
    { 17, 27, 320, 2, 26, 115, 11917 }, // U+014D
    { 24, 37, 432, 2, 36, 222, 12032 }, // U+014E
    { 17, 31, 320, 2, 30, 132, 12254 }, // U+014F
    { 24, 37, 432, 2, 36, 222, 12386 }, // U+0150
    { 17, 31, 320, 2, 30, 132, 12608 }, // U+0151
    { 34, 29, 608, 2, 28, 247, 12740 }, // U+0152
    { 27, 21, 496, 2, 20, 142, 12987 }, // U+0153
    { 24, 36, 416, 2, 35, 216, 13129 }, // U+0154
    { 16, 30, 288, 0, 30, 120, 13345 }, // U+0155
    { 24, 37, 416, 2, 27, 222, 13465 }, // U+0156
    { 16, 30, 288, 0, 20, 120, 13687 }, // U+0157
    { 24, 37, 416, 2, 36, 222, 13807 }, // U+0158
    { 16, 30, 288, 0, 30, 120, 14029 }, // U+0159
    { 16, 36, 304, 2, 35, 144, 14149 }, // U+015A
    { 14, 31, 272, 1, 30, 109, 14293 }, // U+015B
    { 16, 37, 304, 2, 36, 148, 14402 }, // U+015C
    { 14, 31, 272, 1, 30, 109, 14550 }, // U+015D
    { 16, 37, 304, 2, 28, 148, 14659 }, // U+015E
    { 14, 29, 272, 1, 20, 102, 14807 }, // U+015F
    { 16, 37, 304, 2, 36, 148, 14909 }, // U+0160
    { 14, 31, 272, 1, 30, 109, 15057 }, // U+0161
    { 23, 36, 384, 1, 27, 207, 15166 }, // U+0162
    { 14, 35, 240, 1, 26, 123, 15373 }, // U+0163
    { 23, 36, 384, 1, 36, 207, 15496 }, // U+0164
    { 14, 31, 256, 1, 30, 109, 15703 }, // U+0165
    { 23, 27, 384, 1, 27, 156, 15812 }, // U+0166
    { 14, 27, 240, 1, 26, 95, 15968 }, // U+0167
    { 25, 36, 448, 2, 35, 225, 16063 }, // U+0168
    { 21, 30, 368, 1, 29, 158, 16288 }, // U+0169
    { 25, 34, 448, 2, 33, 213, 16446 }, // U+016A
    { 21, 27, 368, 1, 26, 142, 16659 }, // U+016B
    { 25, 37, 448, 2, 36, 232, 16801 }, // U+016C
    { 21, 31, 368, 1, 30, 163, 17033 }, // U+016D
    { 25, 38, 448, 2, 37, 238, 17196 }, // U+016E
    { 21, 31, 368, 1, 30, 163, 17434 }, // U+016F
    { 25, 37, 448, 2, 36, 232, 17597 }, // U+0170
    { 21, 31, 368, 1, 30, 163, 17829 }, // U+0171
    { 25, 36, 448, 2, 27, 225, 17992 }, // U+0172
    { 21, 29, 368, 1, 20, 153, 18217 }, // U+0173
    { 38, 36, 608, 1, 36, 342, 18370 }, // U+0174
    { 31, 31, 544, 1, 30, 241, 18712 }, // U+0175
    { 25, 36, 400, 1, 36, 225, 18953 }, // U+0176
    { 19, 39, 320, 0, 30, 186, 19178 }, // U+0177
    { 25, 35, 400, 1, 35, 219, 19364 }, // U+0178
    { 20, 35, 368, 2, 35, 175, 19583 }, // U+0179
    { 15, 31, 288, 2, 30, 117, 19758 }, // U+017A
    { 20, 35, 368, 2, 35, 175, 19875 }, // U+017B
    { 15, 30, 288, 2, 29, 113, 20050 }, // U+017C
    { 20, 36, 368, 2, 36, 180, 20163 }, // U+017D
    { 15, 31, 288, 2, 30, 117, 20343 }, // U+017E
    { 29, 30, 480, 2, 29, 218, 0 }, // U+01A0
    { 21, 27, 352, 2, 26, 142, 218 }, // U+01A1
    { 29, 30, 496, 2, 29, 218, 360 }, // U+01AF
    { 24, 27, 400, 1, 26, 162, 578 }, // U+01B0
    { 47, 36, 800, 2, 36, 423, 740 }, // U+01C4
    { 42, 31, 720, 2, 30, 326, 1163 }, // U+01C5
    { 37, 31, 640, 2, 30, 287, 1489 }, // U+01C6
    { 33, 36, 576, 2, 27, 297, 1776 }, // U+01C7
    { 29, 38, 528, 2, 29, 276, 2073 }, // U+01C8
    { 18, 38, 352, 1, 29, 171, 2349 }, // U+01C9
    { 39, 36, 672, 2, 27, 351, 2520 }, // U+01CA
    { 35, 38, 640, 2, 29, 333, 2871 }, // U+01CB
    { 31, 38, 544, 0, 29, 295, 3204 }, // U+01CC
    { 26, 36, 416, 0, 36, 234, 3499 }, // U+01CD
    { 19, 31, 352, 2, 30, 148, 3733 }, // U+01CE
    { 12, 36, 224, 2, 36, 108, 3881 }, // U+01CF
    { 12, 31, 176, -1, 30, 93, 3989 }, // U+01D0
    { 24, 37, 432, 2, 36, 222, 4082 }, // U+01D1
    { 17, 31, 320, 2, 30, 132, 4304 }, // U+01D2
    { 25, 37, 448, 2, 36, 232, 4436 }, // U+01D3
    { 21, 31, 368, 1, 30, 163, 4668 }, // U+01D4
    { 25, 41, 448, 2, 40, 257, 4831 }, // U+01D5
    { 21, 35, 368, 1, 34, 184, 5088 }, // U+01D6
    { 25, 43, 448, 2, 42, 269, 5272 }, // U+01D7
    { 21, 38, 368, 1, 37, 200, 5541 }, // U+01D8
    { 25, 44, 448, 2, 43, 275, 5741 }, // U+01D9
    { 21, 39, 368, 1, 38, 205, 6016 }, // U+01DA
    { 25, 43, 448, 2, 42, 269, 6221 }, // U+01DB
    { 21, 38, 368, 1, 37, 200, 6490 }, // U+01DC
    { 21, 37, 384, 2, 36, 195, 6690 }, // U+01E6
    { 16, 39, 336, 2, 30, 156, 6885 }, // U+01E7
    { 24, 37, 432, 2, 28, 222, 7041 }, // U+01EA
    { 17, 29, 320, 2, 20, 124, 7263 }, // U+01EB
    { 26, 41, 416, 0, 41, 267, 7387 }, // U+01FA
    { 19, 39, 352, 2, 38, 186, 7654 }, // U+01FB
    { 34, 35, 560, 0, 35, 298, 7840 }, // U+01FC
    { 26, 31, 464, 2, 30, 202, 8138 }, // U+01FD
    { 24, 36, 432, 2, 35, 216, 8340 }, // U+01FE
    { 19, 31, 320, 1, 30, 148, 8556 }, // U+01FF
    { 26, 35, 416, 0, 35, 228, 8704 }, // U+0200
    { 19, 30, 352, 2, 29, 143, 8932 }, // U+0201
    { 26, 35, 416, 0, 35, 228, 9075 }, // U+0202
    { 19, 30, 352, 2, 29, 143, 9303 }, // U+0203
    { 19, 35, 368, 2, 35, 167, 9446 }, // U+0204
    { 14, 30, 288, 2, 29, 105, 9613 }, // U+0205
    { 19, 35, 368, 2, 35, 167, 9718 }, // U+0206
    { 14, 30, 288, 2, 29, 105, 9885 }, // U+0207
    { 15, 35, 224, -2, 35, 132, 9990 }, // U+0208
    { 14, 30, 176, -3, 29, 105, 10122 }, // U+0209
    { 12, 35, 224, 2, 35, 105, 10227 }, // U+020A
    { 12, 30, 176, -1, 29, 90, 10332 }, // U+020B
    { 24, 36, 432, 2, 35, 216, 10422 }, // U+020C
    { 17, 30, 320, 2, 29, 128, 10638 }, // U+020D
    { 24, 36, 432, 2, 35, 216, 10766 }, // U+020E
    { 17, 30, 320, 2, 29, 128, 10982 }, // U+020F
    { 24, 36, 416, 2, 35, 216, 11110 }, // U+0210
    { 16, 29, 288, 0, 29, 116, 11326 }, // U+0211
    { 24, 36, 416, 2, 35, 216, 11442 }, // U+0212
    { 16, 29, 288, 0, 29, 116, 11658 }, // U+0213
    { 25, 36, 448, 2, 35, 225, 11774 }, // U+0214
    { 21, 30, 368, 1, 29, 158, 11999 }, // U+0215
    { 25, 36, 448, 2, 35, 225, 12157 }, // U+0216
    { 21, 30, 368, 1, 29, 158, 12382 }, // U+0217
    { 16, 38, 304, 2, 28, 152, 12540 }, // U+0218
    { 14, 30, 272, 1, 20, 105, 12692 }, // U+0219
    { 23, 37, 384, 1, 27, 213, 12797 }, // U+021A
    { 14, 36, 240, 1, 26, 126, 13010 }, // U+021B
    { 7, 7, 0, -4, 30, 13, 0 }, // U+0300
    { 7, 7, 0, -2, 30, 13, 13 }, // U+0301
    { 11, 8, 0, -5, 30, 22, 26 }, // U+0302
    { 13, 5, 0, -6, 29, 17, 48 }, // U+0303
    { 11, 2, 0, -5, 26, 6, 65 }, // U+0304
    { 11, 7, 0, -5, 30, 20, 71 }, // U+0306
    { 5, 5, 0, -2, 29, 7, 91 }, // U+0307
    { 13, 5, 0, -6, 29, 17, 98 }, // U+0308
    { 10, 9, 0, -4, 31, 23, 115 }, // U+0309
    { 8, 8, 0, -3, 30, 16, 138 }, // U+030A
    { 12, 7, 0, -3, 30, 21, 154 }, // U+030B
    { 11, 8, 0, -5, 30, 22, 175 }, // U+030C
    { 13, 7, 0, -8, 29, 23, 197 }, // U+030F
    { 11, 7, 0, -5, 29, 20, 220 }, // U+0311
    { 5, 8, 0, -2, 30, 10, 240 }, // U+0312
    { 7, 11, 0, -4, 25, 20, 250 }, // U+031B
    { 5, 5, 0, -3, -2, 7, 270 }, // U+0323
    { 13, 5, 0, -7, -2, 17, 277 }, // U+0324
    { 5, 8, 0, -3, -2, 10, 294 }, // U+0326
    { 8, 10, 0, -4, 1, 20, 304 }, // U+0327
    { 8, 9, 0, -4, 0, 18, 324 }, // U+0328
    { 12, 7, 0, -6, -1, 21, 342 }, // U+032E
    { 11, 2, 0, -6, -4, 6, 363 }, // U+0331
    { 19, 36, 368, 2, 36, 171, 0 }, // U+0401
    { 27, 31, 464, 1, 27, 210, 171 }, // U+0402
    { 18, 35, 336, 2, 35, 158, 381 }, // U+0403
    { 21, 29, 384, 2, 28, 153, 539 }, // U+0404
    { 16, 29, 304, 2, 28, 116, 692 }, // U+0405
    { 11, 27, 224, 2, 27, 75, 808 }, // U+0406
    { 12, 36, 224, 2, 36, 108, 883 }, // U+0407
    { 12, 36, 224, 1, 27, 108, 991 }, // U+0408
    { 34, 27, 576, 1, 27, 230, 1099 }, // U+0409
    { 35, 27, 608, 2, 27, 237, 1329 }, // U+040A
    { 30, 27, 512, 1, 27, 203, 1566 }, // U+040B
    { 25, 36, 432, 2, 35, 225, 1769 }, // U+040C
    { 26, 35, 464, 2, 35, 228, 1994 }, // U+040D
    { 25, 35, 384, 1, 35, 219, 2222 }, // U+040E
    { 26, 33, 464, 2, 27, 215, 2441 }, // U+040F
    { 26, 27, 416, 0, 27, 176, 2656 }, // U+0410
    { 21, 27, 384, 2, 27, 142, 2832 }, // U+0411
    { 21, 27, 368, 2, 27, 142, 2974 }, // U+0412
    { 18, 27, 336, 2, 27, 122, 3116 }, // U+0413
    { 25, 33, 432, 1, 27, 207, 3238 }, // U+0414
    { 19, 27, 368, 2, 27, 129, 3445 }, // U+0415
    { 39, 27, 608, 0, 27, 264, 3574 }, // U+0416
    { 18, 28, 336, 2, 28, 126, 3838 }, // U+0417
    { 26, 27, 464, 2, 27, 176, 3964 }, // U+0418
    { 26, 35, 464, 2, 35, 228, 4140 }, // U+0419
    { 25, 28, 432, 2, 27, 175, 4368 }, // U+041A
    { 26, 27, 432, 1, 27, 176, 4543 }, // U+041B
    { 33, 27, 560, 2, 27, 223, 4719 }, // U+041C
    { 26, 27, 464, 2, 27, 176, 4942 }, // U+041D
    { 24, 29, 432, 2, 28, 174, 5118 }, // U+041E
    { 26, 27, 464, 2, 27, 176, 5292 }, // U+041F
    { 20, 27, 352, 2, 27, 135, 5468 }, // U+0420
    { 21, 29, 384, 2, 28, 153, 5603 }, // U+0421
    { 23, 27, 384, 1, 27, 156, 5756 }, // U+0422
    { 25, 27, 384, 1, 27, 169, 5912 }, // U+0423
    { 26, 28, 480, 2, 28, 182, 6081 }, // U+0424
    { 26, 27, 416, 0, 27, 176, 6263 }, // U+0425
    { 27, 33, 464, 2, 27, 223, 6439 }, // U+0426
    { 25, 27, 432, 2, 27, 169, 6662 }, // U+0427
    { 39, 27, 672, 2, 27, 264, 6831 }, // U+0428
    { 40, 33, 688, 2, 27, 330, 7095 }, // U+0429
    { 24, 27, 432, 2, 27, 162, 7425 }, // U+042A
    { 32, 27, 544, 2, 27, 216, 7587 }, // U+042B
    { 21, 27, 384, 2, 27, 142, 7803 }, // U+042C
    { 20, 28, 384, 3, 28, 140, 7945 }, // U+042D
    { 36, 28, 624, 2, 28, 252, 8085 }, // U+042E
    { 26, 28, 432, 0, 27, 182, 8337 }, // U+042F
    { 19, 21, 352, 2, 20, 100, 8519 }, // U+0430
    { 16, 31, 320, 2, 30, 124, 8619 }, // U+0431
    { 15, 21, 304, 2, 20, 79, 8743 }, // U+0432
    { 12, 21, 256, 2, 20, 63, 8822 }, // U+0433
    { 16, 30, 320, 2, 29, 120, 8885 }, // U+0434
    { 14, 21, 288, 2, 20, 74, 9005 }, // U+0435
    { 28, 21, 464, 1, 20, 147, 9079 }, // U+0436
    { 14, 21, 272, 2, 20, 74, 9226 }, // U+0437
    { 21, 21, 368, 1, 20, 111, 9300 }, // U+0438
    { 21, 29, 368, 1, 28, 153, 9411 }, // U+0439
    { 20, 21, 336, 0, 20, 105, 9564 }, // U+043A
    { 19, 21, 336, 1, 20, 100, 9669 }, // U+043B
    { 25, 20, 448, 2, 20, 125, 9769 }, // U+043C
    { 21, 21, 352, 0, 20, 111, 9894 }, // U+043D
    { 17, 21, 320, 2, 20, 90, 10005 }, // U+043E
    { 22, 21, 368, 0, 20, 116, 10095 }, // U+043F
    { 20, 29, 352, 0, 20, 145, 10211 }, // U+0440
    { 15, 21, 288, 2, 20, 79, 10356 }, // U+0441
    { 33, 21, 528, 0, 20, 174, 10435 }, // U+0442
    { 19, 29, 320, 0, 20, 138, 10609 }, // U+0443
    { 27, 38, 496, 2, 29, 257, 10747 }, // U+0444
    { 19, 21, 320, 1, 20, 100, 11004 }, // U+0445
    { 22, 28, 368, 1, 20, 154, 11104 }, // U+0446
    { 20, 21, 320, 0, 20, 105, 11258 }, // U+0447
    { 33, 21, 544, 0, 20, 174, 11363 }, // U+0448
    { 34, 28, 544, 0, 20, 238, 11537 }, // U+0449
    { 17, 21, 304, 1, 20, 90, 11775 }, // U+044A
    { 26, 21, 432, 0, 20, 137, 11865 }, // U+044B
    { 17, 21, 288, 0, 20, 90, 12002 }, // U+044C
    { 14, 21, 288, 2, 20, 74, 12092 }, // U+044D
    { 27, 21, 464, 0, 20, 142, 12166 }, // U+044E
    { 17, 21, 320, 2, 20, 90, 12308 }, // U+044F
    { 15, 30, 288, 2, 29, 113, 12398 }, // U+0451
    { 19, 38, 336, 0, 29, 181, 12511 }, // U+0452
    { 12, 31, 256, 2, 30, 93, 12692 }, // U+0453
    { 15, 21, 304, 2, 20, 79, 12785 }, // U+0454
    { 14, 21, 272, 1, 20, 74, 12864 }, // U+0455
    { 10, 30, 176, 1, 29, 75, 12938 }, // U+0456
    { 12, 30, 176, -1, 29, 90, 13013 }, // U+0457
    { 9, 38, 176, -1, 29, 86, 13103 }, // U+0458
    { 25, 21, 448, 1, 20, 132, 13189 }, // U+0459
    { 27, 21, 448, 0, 20, 142, 13321 }, // U+045A
    { 21, 30, 352, 1, 29, 158, 13463 }, // U+045B
    { 20, 31, 336, 0, 30, 155, 13621 }, // U+045C
    { 21, 31, 368, 1, 30, 163, 13776 }, // U+045D
    { 19, 37, 320, 0, 28, 176, 13939 }, // U+045E
    { 21, 30, 368, 1, 20, 158, 14115 }, // U+045F
    { 25, 29, 432, 1, 29, 182, 14273 }, // U+0462
    { 28, 20, 464, 0, 20, 140, 14455 }, // U+0463
    { 35, 28, 560, 0, 27, 245, 14595 }, // U+046A
    { 25, 20, 416, 1, 19, 125, 14840 }, // U+046B
    { 19, 32, 320, 2, 32, 152, 14965 }, // U+0490
    { 18, 34, 272, -2, 25, 153, 15117 }, // U+0491
    { 18, 27, 336, 2, 27, 122, 15270 }, // U+0492
    { 13, 21, 272, 2, 20, 69, 15392 }, // U+0493
    { 39, 33, 624, 0, 27, 322, 15461 }, // U+0496
    { 29, 28, 480, 1, 20, 203, 15783 }, // U+0497
    { 25, 33, 432, 2, 27, 207, 15986 }, // U+049A
    { 21, 27, 336, 0, 20, 142, 16193 }, // U+049B
    { 27, 33, 464, 2, 27, 223, 16335 }, // U+04A2
    { 22, 27, 352, 0, 20, 149, 16558 }, // U+04A3
    { 25, 27, 400, 1, 27, 169, 16707 }, // U+04AE
    { 20, 29, 320, -1, 20, 145, 16876 }, // U+04AF
    { 25, 27, 400, 1, 27, 169, 17021 }, // U+04B0
    { 20, 29, 320, -1, 20, 145, 17190 }, // U+04B1
    { 25, 27, 448, 2, 27, 169, 17335 }, // U+04BA
    { 21, 30, 352, 1, 29, 158, 17504 }, // U+04BB
    { 21, 28, 400, 2, 28, 147, 17662 }, // U+04D8
    { 14, 21, 288, 2, 20, 74, 17809 }, // U+04D9
    { 24, 28, 432, 2, 28, 168, 17883 }, // U+04E8
    { 17, 21, 320, 2, 20, 90, 18051 }, // U+04E9
    { 26, 34, 416, 0, 27, 221, 0 }, // U+1EA0
    { 19, 27, 352, 2, 20, 129, 221 }, // U+1EA1
    { 26, 37, 416, 0, 37, 241, 350 }, // U+1EA2
    { 19, 32, 352, 2, 31, 152, 591 }, // U+1EA3
    { 26, 43, 416, 0, 43, 280, 743 }, // U+1EA4
    { 19, 38, 352, 2, 37, 181, 1023 }, // U+1EA5
    { 26, 43, 416, 0, 43, 280, 1204 }, // U+1EA6
    { 19, 38, 352, 2, 37, 181, 1484 }, // U+1EA7
    { 26, 42, 416, 0, 42, 273, 1665 }, // U+1EA8
    { 20, 37, 352, 2, 36, 185, 1938 }, // U+1EA9
    { 26, 42, 416, 0, 42, 273, 2123 }, // U+1EAA
    { 19, 37, 352, 2, 36, 176, 2396 }, // U+1EAB
    { 26, 43, 416, 0, 36, 280, 2572 }, // U+1EAC
    { 19, 37, 352, 2, 30, 176, 2852 }, // U+1EAD
    { 26, 42, 416, 0, 42, 273, 3028 }, // U+1EAE
    { 19, 38, 352, 2, 37, 181, 3301 }, // U+1EAF
    { 26, 42, 416, 0, 42, 273, 3482 }, // U+1EB0
    { 19, 38, 352, 2, 37, 181, 3755 }, // U+1EB1
    { 26, 44, 416, 0, 44, 286, 3936 }, // U+1EB2
    { 19, 39, 352, 2, 38, 186, 4222 }, // U+1EB3
    { 26, 42, 416, 0, 42, 273, 4408 }, // U+1EB4
    { 19, 37, 352, 2, 36, 176, 4681 }, // U+1EB5
    { 26, 43, 416, 0, 36, 280, 4857 }, // U+1EB6
    { 19, 37, 352, 2, 30, 176, 5137 }, // U+1EB7
    { 19, 34, 368, 2, 27, 162, 5313 }, // U+1EB8
    { 14, 27, 288, 2, 20, 95, 5475 }, // U+1EB9
    { 19, 37, 368, 2, 37, 176, 5570 }, // U+1EBA
    { 14, 32, 288, 2, 31, 112, 5746 }, // U+1EBB
    { 19, 35, 368, 2, 35, 167, 5858 }, // U+1EBC
    { 15, 30, 288, 2, 29, 113, 6025 }, // U+1EBD
    { 19, 43, 368, 2, 43, 205, 6138 }, // U+1EBE
    { 14, 38, 288, 2, 37, 133, 6343 }, // U+1EBF
    { 19, 43, 368, 2, 43, 205, 6476 }, // U+1EC0
    { 14, 38, 288, 2, 37, 133, 6681 }, // U+1EC1
    { 22, 42, 368, 2, 42, 231, 6814 }, // U+1EC2
    { 19, 37, 288, 2, 36, 176, 7045 }, // U+1EC3
    { 19, 42, 368, 2, 42, 200, 7221 }, // U+1EC4
    { 15, 37, 288, 2, 36, 139, 7421 }, // U+1EC5
    { 19, 43, 368, 2, 36, 205, 7560 }, // U+1EC6
    { 14, 37, 288, 2, 30, 130, 7765 }, // U+1EC7
    { 11, 37, 224, 2, 37, 102, 7895 }, // U+1EC8
    { 11, 32, 176, 0, 31, 88, 7997 }, // U+1EC9
    { 11, 34, 224, 2, 27, 94, 8085 }, // U+1ECA
    { 10, 36, 176, 1, 29, 90, 8179 }, // U+1ECB
    { 24, 35, 432, 2, 28, 210, 8269 }, // U+1ECC
    { 17, 27, 320, 2, 20, 115, 8479 }, // U+1ECD
    { 24, 38, 432, 2, 37, 228, 8594 }, // U+1ECE
    { 17, 32, 320, 2, 31, 136, 8822 }, // U+1ECF
    { 24, 44, 432, 2, 43, 264, 8958 }, // U+1ED0
    { 17, 38, 320, 2, 37, 162, 9222 }, // U+1ED1
    { 24, 44, 432, 2, 43, 264, 9384 }, // U+1ED2
    { 17, 38, 320, 2, 37, 162, 9648 }, // U+1ED3
    { 24, 43, 432, 2, 42, 258, 9810 }, // U+1ED4
    { 19, 37, 320, 2, 36, 176, 10068 }, // U+1ED5
    { 24, 43, 432, 2, 42, 258, 10244 }, // U+1ED6
    { 17, 37, 320, 2, 36, 158, 10502 }, // U+1ED7
    { 24, 43, 432, 2, 36, 258, 10660 }, // U+1ED8
    { 17, 37, 320, 2, 30, 158, 10918 }, // U+1ED9
    { 29, 36, 480, 2, 35, 261, 11076 }, // U+1EDA
    { 21, 31, 352, 2, 30, 163, 11337 }, // U+1EDB
    { 29, 36, 480, 2, 35, 261, 11500 }, // U+1EDC
    { 21, 31, 352, 2, 30, 163, 11761 }, // U+1EDD
    { 29, 38, 480, 2, 37, 276, 11924 }, // U+1EDE
    { 21, 32, 352, 2, 31, 168, 12200 }, // U+1EDF
    { 29, 36, 480, 2, 35, 261, 12368 }, // U+1EE0
    { 21, 30, 352, 2, 29, 158, 12629 }, // U+1EE1
    { 29, 36, 480, 2, 29, 261, 12787 }, // U+1EE2
    { 21, 33, 352, 2, 26, 174, 13048 }, // U+1EE3
    { 25, 34, 448, 2, 27, 213, 13222 }, // U+1EE4
    { 21, 27, 368, 1, 20, 142, 13435 }, // U+1EE5
    { 25, 38, 448, 2, 37, 238, 13577 }, // U+1EE6
    { 21, 32, 368, 1, 31, 168, 13815 }, // U+1EE7
    { 29, 36, 496, 2, 35, 261, 13983 }, // U+1EE8
    { 24, 31, 400, 1, 30, 186, 14244 }, // U+1EE9
    { 29, 36, 496, 2, 35, 261, 14430 }, // U+1EEA
    { 24, 31, 400, 1, 30, 186, 14691 }, // U+1EEB
    { 29, 38, 496, 2, 37, 276, 14877 }, // U+1EEC
    { 24, 32, 400, 1, 31, 192, 15153 }, // U+1EED
    { 29, 36, 496, 2, 35, 261, 15345 }, // U+1EEE
    { 24, 30, 400, 1, 29, 180, 15606 }, // U+1EEF
    { 29, 36, 496, 2, 29, 261, 15786 }, // U+1EF0
    { 24, 33, 400, 1, 26, 198, 16047 }, // U+1EF1
    { 25, 35, 400, 1, 35, 219, 16245 }, // U+1EF2
    { 19, 39, 320, 0, 30, 186, 16464 }, // U+1EF3
    { 25, 34, 400, 1, 27, 213, 16650 }, // U+1EF4
    { 19, 29, 320, 0, 20, 138, 16863 }, // U+1EF5
    { 25, 37, 400, 1, 37, 232, 17001 }, // U+1EF6
    { 19, 40, 320, 0, 31, 190, 17233 }, // U+1EF7
    { 25, 35, 400, 1, 35, 219, 17423 }, // U+1EF8
    { 19, 38, 320, 0, 29, 181, 17642 }, // U+1EF9
    { 1, 1, 352, 0, 1, 1, 0 }, // U+2007
    { 1, 1, 192, 0, 1, 1, 1 }, // U+2008
    { 1, 1, 80, 0, 1, 1, 2 }, // U+2009
    { 1, 1, 32, 0, 1, 1, 3 }, // U+200A
    { 1, 1, 0, 0, 1, 1, 4 }, // U+200B
    { 10, 3, 208, 2, 12, 8, 5 }, // U+2010
    { 18, 2, 304, 1, 11, 9, 13 }, // U+2012
    { 18, 2, 304, 1, 11, 9, 22 }, // U+2013
    { 37, 2, 608, 1, 11, 19, 31 }, // U+2014
    { 37, 2, 608, 1, 11, 19, 50 }, // U+2015
    { 6, 10, 160, 3, 29, 15, 69 }, // U+2018
    { 6, 10, 160, 3, 29, 15, 84 }, // U+2019
    { 6, 10, 176, 3, 5, 15, 99 }, // U+201A
    { 14, 10, 288, 3, 29, 35, 114 }, // U+201C
    { 13, 10, 288, 3, 29, 33, 149 }, // U+201D
    { 13, 10, 288, 3, 5, 33, 182 }, // U+201E
    { 15, 30, 320, 2, 29, 113, 215 }, // U+2020
    { 15, 30, 320, 2, 29, 113, 328 }, // U+2021
    { 8, 8, 224, 3, 16, 16, 441 }, // U+2022
    { 31, 7, 576, 3, 6, 55, 457 }, // U+2026
    { 41, 24, 720, 2, 23, 246, 512 }, // U+2030
    { 4, 9, 128, 2, 31, 9, 758 }, // U+2032
    { 10, 9, 224, 2, 31, 23, 767 }, // U+2033
    { 8, 16, 192, 2, 18, 32, 790 }, // U+2039
    { 9, 16, 192, 2, 18, 36, 822 }, // U+203A
    { 29, 29, 560, 3, 30, 211, 858 }, // U+2042
    { 19, 28, 144, -5, 28, 133, 1069 }, // U+2044
    { 14, 18, 272, 2, 32, 63, 0 }, // U+2070
    { 15, 17, 256, 1, 31, 64, 63 }, // U+2074
    { 12, 17, 240, 2, 31, 51, 127 }, // U+2075
    { 13, 18, 256, 2, 32, 59, 178 }, // U+2076
    { 13, 17, 224, 2, 31, 56, 237 }, // U+2077
    { 14, 18, 256, 2, 32, 63, 293 }, // U+2078
    { 13, 18, 256, 2, 32, 59, 356 }, // U+2079
    { 7, 24, 160, 2, 34, 42, 415 }, // U+207D
    { 7, 24, 144, 1, 34, 42, 457 }, // U+207E
    { 17, 14, 320, 2, 28, 60, 499 }, // U+207F
    { 14, 18, 272, 2, 12, 63, 559 }, // U+2080
    { 9, 18, 176, 1, 12, 41, 622 }, // U+2081
    { 12, 18, 240, 1, 12, 54, 663 }, // U+2082
    { 13, 18, 240, 1, 12, 59, 717 }, // U+2083
    { 15, 17, 256, 0, 11, 64, 776 }, // U+2084
    { 12, 17, 240, 1, 11, 51, 840 }, // U+2085
    { 13, 18, 256, 2, 12, 59, 891 }, // U+2086
    { 13, 17, 224, 1, 11, 56, 950 }, // U+2087
    { 14, 18, 256, 1, 12, 63, 1006 }, // U+2088
    { 13, 18, 256, 1, 12, 59, 1069 }, // U+2089
    { 7, 24, 160, 3, 15, 42, 1128 }, // U+208D
    { 7, 24, 144, 0, 15, 42, 1170 }, // U+208E
    { 21, 33, 368, 2, 30, 174, 0 }, // U+20A1
    { 20, 27, 336, 1, 27, 135, 174 }, // U+20A3
    { 21, 29, 352, 1, 28, 153, 309 }, // U+20A4
    { 28, 27, 464, 1, 27, 189, 462 }, // U+20A6
    { 51, 28, 864, 2, 27, 357, 651 }, // U+20A7
    { 39, 27, 656, 1, 27, 264, 1008 }, // U+20A9
    { 20, 35, 352, 2, 29, 175, 1272 }, // U+20AB
    { 26, 29, 432, 1, 28, 189, 1447 }, // U+20AC
    { 26, 28, 432, 1, 27, 182, 1636 }, // U+20AD
    { 23, 27, 384, 1, 27, 156, 1818 }, // U+20AE
    { 23, 27, 400, 2, 27, 156, 1974 }, // U+20B1
    { 21, 33, 384, 2, 30, 174, 2130 }, // U+20B2
    { 23, 29, 384, 1, 28, 167, 2304 }, // U+20B4
    { 21, 35, 368, 2, 31, 184, 2471 }, // U+20B5
    { 23, 27, 384, 1, 27, 156, 2655 }, // U+20B8
    { 19, 27, 368, 3, 26, 129, 2811 }, // U+20B9
    { 19, 27, 352, 2, 27, 129, 2940 }, // U+20BA
    { 23, 28, 432, 2, 28, 161, 3069 }, // U+20BC
    { 20, 27, 352, 2, 27, 135, 3230 }, // U+20BD
    { 18, 12, 352, 2, 17, 54, 0 }, // U+2190
    { 12, 19, 352, 5, 20, 57, 54 }, // U+2191
    { 19, 12, 352, 1, 17, 57, 111 }, // U+2192
    { 12, 19, 352, 5, 20, 57, 168 }, // U+2193
    { 17, 28, 336, 2, 27, 119, 0 }, // U+2202
    { 25, 28, 448, 2, 24, 175, 119 }, // U+2205
    { 20, 27, 352, 1, 27, 135, 294 }, // U+2206
    { 29, 31, 512, 2, 26, 225, 429 }, // U+220F
    { 20, 32, 352, 2, 27, 160, 654 }, // U+2211
    { 16, 2, 352, 3, 12, 8, 814 }, // U+2212
    { 19, 28, 144, -5, 28, 133, 822 }, // U+2215
    { 6, 6, 192, 4, 15, 9, 955 }, // U+2219
    { 21, 29, 352, 1, 29, 153, 964 }, // U+221A
    { 21, 9, 384, 2, 13, 48, 1117 }, // U+221E
    { 18, 35, 256, -1, 28, 158, 1165 }, // U+222B
    { 17, 11, 352, 3, 16, 47, 1323 }, // U+2248
    { 16, 19, 352, 3, 21, 76, 1370 }, // U+2260
    { 16, 20, 352, 3, 20, 80, 1446 }, // U+2264
    { 16, 20, 352, 3, 20, 80, 1526 }, // U+2265
    { 25, 39, 384, -1, 30, 244, 0 }, // U+FB01
    { 25, 39, 384, -1, 30, 244, 244 }, // U+FB02
};

static const EpdUnicodeInterval literatamono_18_italicIntervals[] = {
    { 0x20, 0x7E, 0x0 },
    { 0xA0, 0x17E, 0x5F },
    { 0x1A0, 0x1A1, 0x13E },
    { 0x1AF, 0x1B0, 0x140 },
    { 0x1C4, 0x1DC, 0x142 },
    { 0x1E6, 0x1E7, 0x15B },
    { 0x1EA, 0x1EB, 0x15D },
    { 0x1FA, 0x21B, 0x15F },
    { 0x300, 0x304, 0x181 },
    { 0x306, 0x30C, 0x186 },
    { 0x30F, 0x30F, 0x18D },
    { 0x311, 0x312, 0x18E },
    { 0x31B, 0x31B, 0x190 },
    { 0x323, 0x324, 0x191 },
    { 0x326, 0x328, 0x193 },
    { 0x32E, 0x32E, 0x196 },
    { 0x331, 0x331, 0x197 },
    { 0x401, 0x44F, 0x198 },
    { 0x451, 0x45F, 0x1E7 },
    { 0x462, 0x463, 0x1F6 },
    { 0x46A, 0x46B, 0x1F8 },
    { 0x490, 0x493, 0x1FA },
    { 0x496, 0x497, 0x1FE },
    { 0x49A, 0x49B, 0x200 },
    { 0x4A2, 0x4A3, 0x202 },
    { 0x4AE, 0x4B1, 0x204 },
    { 0x4BA, 0x4BB, 0x208 },
    { 0x4D8, 0x4D9, 0x20A },
    { 0x4E8, 0x4E9, 0x20C },
    { 0x1EA0, 0x1EF9, 0x20E },
    { 0x2007, 0x200B, 0x268 },
    { 0x2010, 0x2010, 0x26D },
    { 0x2012, 0x2015, 0x26E },
    { 0x2018, 0x201A, 0x272 },
    { 0x201C, 0x201E, 0x275 },
    { 0x2020, 0x2022, 0x278 },
    { 0x2026, 0x2026, 0x27B },
    { 0x2030, 0x2030, 0x27C },
    { 0x2032, 0x2033, 0x27D },
    { 0x2039, 0x203A, 0x27F },
    { 0x2042, 0x2042, 0x281 },
    { 0x2044, 0x2044, 0x282 },
    { 0x2070, 0x2070, 0x283 },
    { 0x2074, 0x2079, 0x284 },
    { 0x207D, 0x2089, 0x28A },
    { 0x208D, 0x208E, 0x297 },
    { 0x20A1, 0x20A1, 0x299 },
    { 0x20A3, 0x20A4, 0x29A },
    { 0x20A6, 0x20A7, 0x29C },
    { 0x20A9, 0x20A9, 0x29E },
    { 0x20AB, 0x20AE, 0x29F },
    { 0x20B1, 0x20B2, 0x2A3 },
    { 0x20B4, 0x20B5, 0x2A5 },
    { 0x20B8, 0x20BA, 0x2A7 },
    { 0x20BC, 0x20BD, 0x2AA },
    { 0x2190, 0x2193, 0x2AC },
    { 0x2202, 0x2202, 0x2B0 },
    { 0x2205, 0x2206, 0x2B1 },
    { 0x220F, 0x220F, 0x2B3 },
    { 0x2211, 0x2212, 0x2B4 },
    { 0x2215, 0x2215, 0x2B6 },
    { 0x2219, 0x221A, 0x2B7 },
    { 0x221E, 0x221E, 0x2B9 },
    { 0x222B, 0x222B, 0x2BA },
    { 0x2248, 0x2248, 0x2BB },
    { 0x2260, 0x2260, 0x2BC },
    { 0x2264, 0x2265, 0x2BD },
    { 0xFB01, 0xFB02, 0x2BF },
};

static const EpdFontGroup literatamono_18_italicGroups[] = {
    { 0, 2845, 11622, 95, 0 },
    { 2845, 2524, 13794, 96, 95 },
    { 5369, 3176, 21887, 127, 191 },
    { 8545, 2441, 14101, 67, 318 },
    { 10986, 184, 415, 23, 385 },
    { 11170, 3928, 19455, 118, 408 },
    { 15098, 1850, 19190, 90, 526 },
    { 16948, 381, 1318, 27, 616 },
    { 17329, 455, 1392, 22, 643 },
    { 17784, 910, 3545, 19, 665 },
    { 18694, 82, 234, 4, 684 },
    { 18776, 432, 1733, 15, 688 },
    { 19208, 111, 546, 2, 703 },
};

static const uint16_t literatamono_18_italicKernLeftCodepoints[] = {
    0x0022, 0x0026, 0x0027, 0x0028, 0x002A, 0x002C, 0x002D, 0x002E, 0x002F, 0x0031, 0x0032, 0x0033,
    0x0034, 0x0035, 0x0037, 0x0038, 0x0039, 0x003A, 0x003B, 0x003D, 0x0040, 0x0041, 0x0042, 0x0043,
    0x0044, 0x0045, 0x0046, 0x0047, 0x0048, 0x0049, 0x004A, 0x004B, 0x004C, 0x004D, 0x004E, 0x004F,
    0x0050, 0x0051, 0x0052, 0x0053, 0x0054, 0x0055, 0x0056, 0x0057, 0x0058, 0x0059, 0x005A, 0x005B,
    0x005C, 0x0061, 0x0062, 0x0063, 0x0064, 0x0065, 0x0066, 0x0067, 0x0068, 0x0069, 0x006A, 0x006B,
    0x006C, 0x006D, 0x006E, 0x006F, 0x0070, 0x0071, 0x0072, 0x0073, 0x0074, 0x0075, 0x0076, 0x0077,
    0x0078, 0x0079, 0x007A, 0x00A1, 0x00AB, 0x00AD, 0x00B7, 0x00BB, 0x00BF, 0x00C0, 0x00C1, 0x00C2,
    0x00C3, 0x00C4, 0x00C5, 0x00C6, 0x00C7, 0x00C8, 0x00C9, 0x00CA, 0x00CB, 0x00CC, 0x00CD, 0x00CE,
    0x00CF, 0x00D0, 0x00D1, 0x00D2, 0x00D3, 0x00D4, 0x00D5, 0x00D6, 0x00D7, 0x00D8, 0x00DD, 0x00DE,
    0x00DF, 0x00E0, 0x00E1, 0x00E2, 0x00E3, 0x00E4, 0x00E5, 0x00E6, 0x00E7, 0x00E8, 0x00E9, 0x00EA,
    0x00EB, 0x00EC, 0x00ED, 0x00EE, 0x00EF, 0x00F1, 0x00F2, 0x00F3, 0x00F4, 0x00F5, 0x00F6, 0x00F8,
    0x00F9, 0x00FA, 0x00FB, 0x00FC, 0x00FD, 0x00FE, 0x00FF, 0x0100, 0x0101, 0x0102, 0x0103, 0x0104,
    0x0105, 0x0106, 0x0107, 0x0108, 0x0109, 0x010A, 0x010B, 0x010C, 0x010D, 0x010E, 0x010F, 0x0110,
    0x0111, 0x0112, 0x0113, 0x0114, 0x0115, 0x0116, 0x0117, 0x0118, 0x0119, 0x011A, 0x011B, 0x011C,
    0x011D, 0x011E, 0x011F, 0x0120, 0x0121, 0x0122, 0x0123, 0x0124, 0x0125, 0x0126, 0x0127, 0x0128,
    0x0129, 0x012A, 0x012B, 0x012C, 0x012D, 0x012E, 0x012F, 0x0130, 0x0131, 0x0132, 0x0134, 0x0135,
    0x0136, 0x0137, 0x0138, 0x0139, 0x013A, 0x013B, 0x013C, 0x013D, 0x013E, 0x013F, 0x0140, 0x0141,
    0x0142, 0x0143, 0x0144, 0x0145, 0x0146, 0x0147, 0x0148, 0x0149, 0x014A, 0x014B, 0x014C, 0x014D,
    0x014E, 0x014F, 0x0150, 0x0151, 0x0152, 0x0153, 0x0154, 0x0155, 0x0156, 0x0157, 0x0158, 0x0159,
    0x015A, 0x015B, 0x015C, 0x015D, 0x015E, 0x015F, 0x0160, 0x0161, 0x0162, 0x0163, 0x0164, 0x0165,
    0x0166, 0x0169, 0x016B, 0x016D, 0x016F, 0x0171, 0x0173, 0x0174, 0x0175, 0x0176, 0x0177, 0x0178,
    0x0179, 0x017A, 0x017B, 0x017C, 0x017D, 0x017E, 0x01A0, 0x01A1, 0x01AF, 0x01B0, 0x01C6, 0x01C7,
    0x01C9, 0x01CA, 0x01CC, 0x01CD, 0x01CE, 0x01CF, 0x01D0, 0x01D1, 0x01D2, 0x01D4, 0x01D6, 0x01D8,
    0x01DA, 0x01DC, 0x01E6, 0x01E7, 0x01EA, 0x01EB, 0x01FA, 0x01FB, 0x01FC, 0x01FD, 0x01FE, 0x01FF,
    0x0200, 0x0201, 0x0202, 0x0203, 0x0204, 0x0205, 0x0206, 0x0207, 0x0208, 0x0209, 0x020A, 0x020B,
    0x020C, 0x020D, 0x020E, 0x020F, 0x0210, 0x0211, 0x0212, 0x0213, 0x0215, 0x0217, 0x0218, 0x0219,
    0x021A, 0x021B, 0x0402, 0x0403, 0x0404, 0x0406, 0x0407, 0x0408, 0x0409, 0x040A, 0x040B, 0x040C,
    0x040D, 0x040E, 0x040F, 0x0410, 0x0411, 0x0412, 0x0413, 0x0414, 0x0416, 0x0417, 0x0418, 0x0419,
    0x041A, 0x041B, 0x041C, 0x041D, 0x041E, 0x041F, 0x0420, 0x0422, 0x0423, 0x0424, 0x0425, 0x0427,
    0x0428, 0x042A, 0x042B, 0x042C, 0x042D, 0x042E, 0x042F, 0x0430, 0x0431, 0x0432, 0x0433, 0x0434,
    0x0435, 0x0436, 0x0437, 0x0438, 0x0439, 0x043A, 0x043B, 0x043C, 0x043D, 0x043E, 0x043F, 0x0440,
    0x0441, 0x0442, 0x0443, 0x0444, 0x0445, 0x0447, 0x0448, 0x044A, 0x044B, 0x044C, 0x044D, 0x044E,
    0x044F, 0x0451, 0x0452, 0x0453, 0x0454, 0x0455, 0x0456, 0x0457, 0x0458, 0x0459, 0x045A, 0x045B,
    0x045C, 0x045D, 0x045E, 0x045F, 0x0462, 0x0463, 0x046A, 0x046B, 0x0490, 0x0491, 0x0492, 0x0493,
    0x0496, 0x0497, 0x049A, 0x049B, 0x04AE, 0x04B0, 0x04BA, 0x04BB, 0x04D8, 0x04D9, 0x04E8, 0x04E9,
    0x1EA0, 0x1EA1, 0x1EA2, 0x1EA3, 0x1EA4, 0x1EA5, 0x1EA6, 0x1EA7, 0x1EA8, 0x1EA9, 0x1EAA, 0x1EAB,
    0x1EAC, 0x1EAD, 0x1EAE, 0x1EAF, 0x1EB0, 0x1EB1, 0x1EB2, 0x1EB3, 0x1EB4, 0x1EB5, 0x1EB6, 0x1EB7,
    0x1EB8, 0x1EB9, 0x1EBA, 0x1EBB, 0x1EBC, 0x1EBD, 0x1EBE, 0x1EBF, 0x1EC0, 0x1EC1, 0x1EC2, 0x1EC3,
    0x1EC4, 0x1EC5, 0x1EC6, 0x1EC7, 0x1EC8, 0x1EC9, 0x1ECA, 0x1ECB, 0x1ECC, 0x1ECD, 0x1ECE, 0x1ECF,
    0x1ED0, 0x1ED1, 0x1ED2, 0x1ED3, 0x1ED4, 0x1ED5, 0x1ED6, 0x1ED7, 0x1ED8, 0x1ED9, 0x1EDA, 0x1EDB,
    0x1EDC, 0x1EDD, 0x1EDE, 0x1EDF, 0x1EE0, 0x1EE1, 0x1EE2, 0x1EE3, 0x1EE5, 0x1EE7, 0x1EE8, 0x1EE9,
    0x1EEA, 0x1EEB, 0x1EEC, 0x1EED, 0x1EEE, 0x1EEF, 0x1EF0, 0x1EF1, 0x1EF2, 0x1EF3, 0x1EF4, 0x1EF5,
    0x1EF6, 0x1EF7, 0x1EF8, 0x1EF9, 0x2010, 0x2012, 0x2013, 0x2014, 0x2015, 0x2018, 0x2019, 0x201A,
    0x201C, 0x201D, 0x201E, 0x2026, 0x2039, 0x203A, 0x2206, 0x2212, 0xFB01, 0xFB02,
};

static const uint8_t literatamono_18_italicKernLeftClassIds[] = {
      1,   2,   1,   3,   4,   5,   6,   5,   7,   8,   9,  10,  11,  12,  13,  14,
     15,  16,  16,  17,  18,  19,  20,  21,  22,  23,  24,  25,  26,  26,  27,  28,
     29,  30,  31,  32,  33,  34,  35,  36,  37,  26,  38,  39,  40,  41,  42,  43,
     44,  45,  46,  47,  48,  49,  50,  51,  45,  52,  53,  54,  48,  45,  45,  46,
     46,  55,  56,  57,  58,  45,  59,  59,  60,  61,  62,  63,  64,   6,  65,  66,
     67,  19,  19,  19,  19,  19,  19,  68,  21,  23,  23,  23,  23,  26,  26,  26,
     26,  69,  31,  70,  70,  70,  70,  70,  71,  70,  41,  72,  73,  74,  75,  75,
     75,  75,  75,  76,  47,  77,  77,  77,  77,  52,  52,  52,  52,  45,  46,  46,
     46,  46,  46,  46,  45,  45,  45,  45,  61,  46,  61,  19,  75,  19,  75,  19,
     75,  21,  47,  21,  47,  21,  47,  21,  47,  78,  79,  78,  48,  23,  77,  23,
     77,  23,  77,  23,  77,  23,  77,  25,  51,  25,  51,  25,  51,  25,  51,  26,
     45,  26,  45,  26,  52,  26,  52,  26,  52,  26,  52,  26,  52,  27,  27,  53,
     28,  54,  54,  29,  48,  29,  48,  80,  81,  29,  48,  29,  82,  31,  45,  31,
     45,  31,  45,  45,  27,  53,  70,  46,  70,  46,  70,  46,  23,  76,  35,  56,
     35,  56,  35,  56,  36,  57,  36,  57,  36,  57,  36,  57,  37,  58,  37,  83,
     37,  45,  45,  45,  45,  45,  45,  39,  59,  41,  61,  41,  42,  62,  42,  62,
     42,  62,  84,  85,  86,  87,  45,  27,  53,  27,  53,  19,  45,  26,  52,  70,
     46,  45,  45,  45,  45,  45,  25,  51,  70,  46,  19,  45,  88,  46,  70,  46,
     19,  45,  19,  45,  23,  46,  23,  46,  26,  52,  26,  52,  70,  46,  70,  46,
     35,  56,  35,  56,  45,  45,  36,  57,  37,  58,  89,  90,  91,  92,  92,  93,
     94,  94,  95,  96,  92,  97,  92,  98,  99, 100,  90, 101, 102, 103,  92,  92,
     96,  92, 104,  92, 105,  92, 106, 107,  97, 108, 109,  92,  92, 110,  92,  94,
    111, 111,  92, 112, 113, 114, 115, 116, 117, 118, 119, 120, 121, 118, 122, 123,
    121, 124, 121, 125,  76, 126, 127, 124, 128, 121, 121, 129, 121, 130, 124, 124,
    131, 132, 133, 115,  76, 134, 121, 121, 135, 130, 130, 136, 118, 121, 127, 121,
     94, 130, 137, 118, 138, 139,  90, 140,  96, 118,  96, 118, 141, 141, 142, 136,
    111, 124, 111, 124,  19,  45,  19,  45,  19,  45,  19,  45,  19,  45,  19,  45,
     19,  45,  19,  45,  19,  45,  19,  45,  19,  45,  19,  45,  23,  46,  23,  46,
     23,  46,  23,  46,  23,  46,  23,  46,  23,  46,  23,  46,  26,  52,  26,  52,
     70,  46,  70,  46,  70,  46,  70,  46,  70,  46,  70,  46,  70,  46,  84,  46,
     84,  46,  84,  46,  84,  46,  84,  46,  45,  45,  86,  87,  86,  87,  86,  87,
     86,  87,  86,  87,  41,  61,  41,  61,  41,  61,  41,  61,   6,   6,   6,   6,
      6, 143, 144, 145, 143, 144, 145,   5,  64,  66, 146, 147,  52,  48,
};

static const uint16_t literatamono_18_italicKernRightCodepoints[] = {
    0x0021, 0x0022, 0x0025, 0x0026, 0x0027, 0x0029, 0x002A, 0x002B, 0x002C, 0x002D, 0x002E, 0x002F,
    0x0032, 0x0033, 0x0034, 0x0035, 0x0036, 0x0037, 0x0038, 0x0039, 0x003A, 0x003B, 0x003D, 0x003F,
    0x0040, 0x0041, 0x0043, 0x0047, 0x0048, 0x0049, 0x004A, 0x004D, 0x004E, 0x004F, 0x0050, 0x0051,
    0x0053, 0x0054, 0x0055, 0x0056, 0x0057, 0x0058, 0x0059, 0x005A, 0x005C, 0x005D, 0x0061, 0x0062,
    0x0063, 0x0064, 0x0065, 0x0066, 0x0067, 0x0068, 0x0069, 0x006A, 0x006B, 0x006C, 0x006D, 0x006E,
    0x006F, 0x0070, 0x0071, 0x0072, 0x0073, 0x0074, 0x0075, 0x0076, 0x0077, 0x0078, 0x0079, 0x007A,
    0x00AB, 0x00AD, 0x00B0, 0x00B2, 0x00B3, 0x00B7, 0x00B9, 0x00BB, 0x00BF, 0x00C0, 0x00C1, 0x00C2,
    0x00C3, 0x00C4, 0x00C5, 0x00C6, 0x00C7, 0x00CC, 0x00CD, 0x00CE, 0x00CF, 0x00D1, 0x00D2, 0x00D3,
    0x00D4, 0x00D5, 0x00D6, 0x00D7, 0x00D8, 0x00D9, 0x00DA, 0x00DB, 0x00DC, 0x00DD, 0x00DE, 0x00DF,
    0x00E0, 0x00E1, 0x00E2, 0x00E3, 0x00E4, 0x00E5, 0x00E6, 0x00E7, 0x00E8, 0x00E9, 0x00EA, 0x00EB,
    0x00EC, 0x00ED, 0x00EE, 0x00EF, 0x00F0, 0x00F1, 0x00F2, 0x00F3, 0x00F4, 0x00F5, 0x00F6, 0x00F8,
    0x00F9, 0x00FA, 0x00FB, 0x00FC, 0x00FD, 0x00FE, 0x00FF, 0x0100, 0x0101, 0x0102, 0x0103, 0x0104,
    0x0105, 0x0106, 0x0107, 0x0108, 0x0109, 0x010A, 0x010B, 0x010C, 0x010D, 0x010F, 0x0111, 0x0113,
    0x0115, 0x0117, 0x0119, 0x011B, 0x011C, 0x011D, 0x011E, 0x011F, 0x0120, 0x0121, 0x0122, 0x0123,
    0x0124, 0x0125, 0x0126, 0x0127, 0x0128, 0x0129, 0x012A, 0x012B, 0x012C, 0x012D, 0x012E, 0x012F,
    0x0130, 0x0131, 0x0132, 0x0134, 0x0135, 0x0137, 0x0138, 0x013A, 0x013C, 0x013E, 0x0140, 0x0142,
    0x0143, 0x0144, 0x0145, 0x0146, 0x0147, 0x0148, 0x0149, 0x014A, 0x014B, 0x014C, 0x014D, 0x014E,
    0x014F, 0x0150, 0x0151, 0x0152, 0x0153, 0x0155, 0x0157, 0x0159, 0x015A, 0x015B, 0x015C, 0x015D,
    0x015E, 0x015F, 0x0160, 0x0161, 0x0162, 0x0163, 0x0164, 0x0165, 0x0166, 0x0168, 0x0169, 0x016A,
    0x016B, 0x016C, 0x016D, 0x016E, 0x016F, 0x0170, 0x0171, 0x0172, 0x0173, 0x0174, 0x0175, 0x0176,
    0x0177, 0x0178, 0x0179, 0x017A, 0x017B, 0x017C, 0x017D, 0x017E, 0x01A0, 0x01A1, 0x01AF, 0x01B0,
    0x01C6, 0x01C9, 0x01CA, 0x01CC, 0x01CD, 0x01CE, 0x01CF, 0x01D0, 0x01D1, 0x01D2, 0x01D3, 0x01D4,
    0x01D5, 0x01D6, 0x01D7, 0x01D8, 0x01D9, 0x01DA, 0x01DB, 0x01DC, 0x01E6, 0x01E7, 0x01EA, 0x01EB,
    0x01FA, 0x01FB, 0x01FC, 0x01FD, 0x01FE, 0x01FF, 0x0200, 0x0201, 0x0202, 0x0203, 0x0205, 0x0207,
    0x0208, 0x0209, 0x020A, 0x020B, 0x020C, 0x020D, 0x020E, 0x020F, 0x0211, 0x0213, 0x0214, 0x0215,
    0x0216, 0x0217, 0x0218, 0x0219, 0x021A, 0x021B, 0x0402, 0x0404, 0x0408, 0x0409, 0x040B, 0x040E,
    0x0410, 0x0414, 0x0416, 0x0417, 0x041B, 0x041C, 0x041E, 0x0421, 0x0422, 0x0423, 0x0424, 0x0425,
    0x0427, 0x042A, 0x042D, 0x042F, 0x0430, 0x0431, 0x0432, 0x0433, 0x0434, 0x0435, 0x0436, 0x0437,
    0x0438, 0x0439, 0x043A, 0x043B, 0x043C, 0x043D, 0x043E, 0x043F, 0x0440, 0x0441, 0x0442, 0x0443,
    0x0444, 0x0445, 0x0446, 0x0447, 0x0448, 0x0449, 0x044A, 0x044B, 0x044C, 0x044D, 0x044E, 0x044F,
    0x0451, 0x0452, 0x0453, 0x0454, 0x0455, 0x0456, 0x0457, 0x0458, 0x0459, 0x045A, 0x045B, 0x045C,
    0x045D, 0x045E, 0x045F, 0x0462, 0x046A, 0x046B, 0x0491, 0x0493, 0x0496, 0x0497, 0x049B, 0x04A3,
    0x04AE, 0x04AF, 0x04B0, 0x04B1, 0x04BB, 0x04D8, 0x04D9, 0x04E8, 0x04E9, 0x1EA0, 0x1EA1, 0x1EA2,
    0x1EA3, 0x1EA4, 0x1EA5, 0x1EA6, 0x1EA7, 0x1EA8, 0x1EA9, 0x1EAA, 0x1EAB, 0x1EAC, 0x1EAD, 0x1EAE,
    0x1EAF, 0x1EB0, 0x1EB1, 0x1EB2, 0x1EB3, 0x1EB4, 0x1EB5, 0x1EB6, 0x1EB7, 0x1EB9, 0x1EBB, 0x1EBD,
    0x1EBF, 0x1EC1, 0x1EC3, 0x1EC5, 0x1EC7, 0x1EC8, 0x1EC9, 0x1ECA, 0x1ECB, 0x1ECC, 0x1ECD, 0x1ECE,
    0x1ECF, 0x1ED0, 0x1ED1, 0x1ED2, 0x1ED3, 0x1ED4, 0x1ED5, 0x1ED6, 0x1ED7, 0x1ED8, 0x1ED9, 0x1EDA,
    0x1EDB, 0x1EDC, 0x1EDD, 0x1EDE, 0x1EDF, 0x1EE0, 0x1EE1, 0x1EE2, 0x1EE3, 0x1EE4, 0x1EE5, 0x1EE6,
    0x1EE7, 0x1EE8, 0x1EE9, 0x1EEA, 0x1EEB, 0x1EEC, 0x1EED, 0x1EEE, 0x1EEF, 0x1EF0, 0x1EF1, 0x1EF2,
    0x1EF3, 0x1EF4, 0x1EF5, 0x1EF6, 0x1EF7, 0x1EF8, 0x1EF9, 0x2010, 0x2012, 0x2013, 0x2014, 0x2015,
    0x2018, 0x2019, 0x201A, 0x201C, 0x201D, 0x201E, 0x2022, 0x2026, 0x2039, 0x203A, 0x2070, 0x2074,
    0x2075, 0x2076, 0x2077, 0x2078, 0x2079, 0x2206, 0x2212, 0xFB01, 0xFB02,
};

static const uint8_t literatamono_18_italicKernRightClassIds[] = {
      1,   2,   3,   4,   2,   5,   6,   7,   8,   9,  10,  11,  12,  13,  14,  15,
     16,  17,  18,  19,  20,  20,  21,  22,  23,  24,  25,  25,  26,  26,  27,  28,
     29,  25,  26,  25,  30,  31,  32,  33,  34,  35,  36,  37,  38,  39,  40,  41,
     42,  43,  43,  44,  45,  46,  47,  48,  46,  46,  49,  49,  50,  51,  52,  53,
     54,  55,  56,  57,  58,  59,  60,  61,  62,   9,  63,  64,  64,  65,  64,  66,
     67,  24,  68,  24,  24,  24,  24,  24,  25,  26,  26,  26,  26,  29,  25,  25,
     25,  25,  25,  69,  25,  32,  32,  32,  32,  36,  26,  70,  71,  72,  72,  73,
     74,  72,  50,  50,  75,  50,  76,  77,  78,  47,  79,  80,  50,  49,  50,  50,
     81,  82,  83,  50,  56,  56,  56,  56,  60,  84,  60,  24,  85,  24,  86,  24,
     87,  25,  50,  25,  50,  25,  50,  25,  75,  50,  50,  88,  89,  50,  50,  50,
     25,  90,  25,  90,  25,  90,  25,  90,  26,  46,  26,  46,  26,  91,  26,  92,
     26,  93,  26,  47,  26,  49,  26,  94,  95,  46,  49,  46,  46,  46,  46,  46,
     29,  49,  29,  49,  29,  49,  49,  29,  49,  25,  96,  25,  50,  25,  50,  25,
     50,  49,  49,  49,  30,  54,  30,  97,  30,  54,  30,  98,  99,  55,  99,  55,
     99,  32,  56,  32,  56,  32,  56,  32,  56,  32,  56,  32,  56,  34,  57,  36,
     60,  36,  37,  61,  37,  61,  37, 100,  25,  50,  32,  56,  50,  46,  29,  49,
     24,  50,  26, 101,  25,  50,  32,  56,  32,  56,  32,  56,  32,  56,  32,  56,
     25,  90,  25,  50,  24,  50,  24,  50,  25,  50,  24,  50,  24,  50, 102,  50,
     26, 103,  26, 104,  25, 105,  25,  50, 106,  49,  32,  56,  32,  56,  30,  54,
     99,  55, 107, 108, 109, 110, 107, 111, 112, 113, 114, 115, 110, 116, 117, 117,
    118, 111, 119, 120, 121, 122, 123, 124, 125, 126, 127, 128, 129, 130, 131, 132,
    128, 128, 133, 134, 135, 128, 136, 137, 138, 136, 139, 140, 141, 142, 128, 143,
    144, 128, 145, 128, 128, 146, 128, 147, 148, 149, 128, 136, 150, 137, 151, 152,
    153, 128, 149, 128, 128, 140, 128, 154, 155, 156, 157, 158, 114, 159, 128, 128,
    160, 161, 160, 162, 163, 117, 164, 117, 136,  24,  50,  24,  50,  24,  50,  24,
     50,  24,  50,  24,  50,  24,  50,  24,  50,  24,  50,  24,  50,  24,  50,  24,
     50,  50,  50,  50,  50,  50,  50,  50,  50,  26, 165,  26,  47,  25,  50,  25,
     50,  25,  50,  25,  50,  25,  50,  25,  50,  25,  50,  25,  50,  25,  50,  25,
     50,  25,  50,  25,  50,  32,  56,  32,  56,  32,  56,  32,  56,  32,  56,  32,
     56,  32,  56,  36,  60,  36,  60,  36,  60,  36,  60,   9,   9, 166, 166,   9,
    167, 168, 169, 167, 168, 169,   7, 170,  62,  66, 171,  64,  64,  64,  64,  64,
     64, 172, 173,  44,  44,
};

static const uint16_t literatamono_18_italicKernRowOffsets[] = {
        0,    36,    51,    54,    88,   131,   152,   211,   217,   219,   222,   227,   229,   245,   246,   247,
      249,   251,   270,   331,   341,   358,   383,   394,   445,   453,   487,   538,   586,   631,   672,   716,
      741,   779,   806,   882,   895,   963,  1033,  1102,  1139,  1210,  1218,  1221,  1236,  1259,  1291,  1330,
     1373,  1417,  1464,  1505,  1525,  1583,  1641,  1675,  1723,  1765,  1798,  1824,  1864,  1910,  1938,  1970,
     1978,  1989,  2003,  2052,  2057,  2082,  2107,  2114,  2128,  2141,  2164,  2187,  2231,  2285,  2310,  2377,
     2422,  2489,  2536,  2578,  2636,  2672,  2729,  2771,  2776,  2779,  2830,  2832,  2833,  2836,  2845,  2849,
     2863,  2906,  2941,  2955,  2972,  3007,  3023,  3038,  3046,  3071,  3103,  3147,  3164,  3194,  3204,  3227,
     3233,  3249,  3252,  3278,  3301,  3325,  3327,  3334,  3357,  3380,  3403,  3426,  3457,  3488,  3489,  3515,
     3531,  3539,  3547,  3570,  3594,  3608,  3620,  3639,  3653,  3667,  3718,  3744,  3770,  3813,  3823,  3878,
     3939,  3969,  3977,  3982,
};

static const uint8_t literatamono_18_italicKernSparseCols[] = {
      7,   9,  23,  24,  27,  39,  41,  42,  44,  49,  51,  53,  67,  70,  71,  72,
     73,  74,  75,  76,  80,  81,  82,  84,  85,  86,  87,  88,  89,  95,  96,  97,
    101, 104, 169, 171,  23,  25,  26,  27,  28,  30,  32,  33,  34,  35,  36,  67,
     93,  98, 171,  43,  47,  94,  13,  23,  26,  39,  41,  42,  44,  49,  51,  53,
     67,  70,  71,  72,  73,  74,  75,  76,  80,  81,  82,  84,  85,  86,  87,  88,
     89,  93,  95,  96,  97, 101, 104, 171,   1,  13,  16,  21,  24,  30,  31,  32,
     33,  35,  39,  41,  42,  49,  51,  54,  55,  56,  57,  59,  63,  70,  71,  72,
     73,  74,  75,  76,  80,  81,  82,  84,  85,  86,  87,  88,  95,  98, 101, 104,
    166, 167, 170,  11,  12,  16,  23,  29,  30,  32,  33,  34,  35,  36,  56,  57,
     67,  98, 110, 117, 119, 144, 159, 171,   7,   9,  10,  12,  13,  14,  18,  22,
     23,  24,  26,  29,  39,  41,  42,  46,  49,  51,  53,  54,  55,  58,  60,  67,
     70,  71,  72,  73,  74,  75,  76,  77,  78,  79,  80,  81,  82,  84,  85,  86,
     87,  88,  90,  91,  92,  93,  95,  96,  97,  99, 100, 101, 102, 103, 104, 164,
    168, 169, 171,   2,   5,  13,  16,  37,  62,  16,  37,  16,  18,  37,   2,   5,
     16,  37,  62,  11,  16,   2,   7,   8,   9,  10,  13,  14,  15,  17,  19,  20,
     64,  68, 165, 169, 172,  16,  16,  13,  16,  14,  16,  10,  30,  31,  32,  33,
     34,  35,  36,  37,  40,  45,  54,  56,  57,  59,  60,  83,  98,  99,   1,   5,
      8,  21,  24,  26,  30,  31,  32,  33,  35,  37,  39,  40,  41,  42,  45,  46,
     49,  50,  51,  54,  55,  56,  57,  59,  64,  70,  71,  72,  73,  74,  75,  76,
     77,  78,  79,  80,  81,  82,  83,  84,  85,  86,  87,  88,  90,  91,  92,  93,
     95,  98, 100, 101, 102, 103, 104, 164, 165, 166, 167,  26,  30,  31,  32,  33,
     35,  36,  54,  93,  98,  23,  24,  30,  31,  32,  33,  35,  36,  40,  45,  54,
     55,  60,  67,  83,  98,  99,   1,   7,   9,  10,  21,  23,  26,  27,  28,  30,
     31,  32,  33,  34,  35,  36,  37,  60,  67,  83,  98,  99, 166, 167, 169,  30,
     31,  32,  35,  54,  55,  56,  57,  98, 166, 167,   7,   8,   9,  10,  22,  23,
     29,  36,  39,  41,  42,  49,  51,  53,  54,  60,  64,  67,  70,  71,  72,  73,
     74,  75,  76,  77,  78,  79,  80,  81,  82,  84,  85,  86,  87,  88,  90,  91,
     92,  94,  95,  96,  97,  99, 101, 102, 103, 104, 164, 165, 169,   1,   5,  29,
     32,  33,  35,  36, 167,  39,  41,  42,  49,  51,  54,  55,  56,  57,  59,  60,
     70,  71,  72,  73,  74,  75,  76,  78,  79,  80,  81,  82,  84,  85,  86,  87,
     88,  90,  92,  95,  99, 101, 104,   3,   7,   9,  10,  23,  24,  27,  29,  36,
     39,  41,  42,  43,  48,  49,  50,  51,  52,  53,  54,  55,  56,  57,  58,  59,
     60,  61,  67,  70,  71,  72,  73,  74,  75,  76,  80,  81,  82,  84,  85,  86,
     87,  88,  95,  96,  97,  99, 101, 104, 105, 169,   3,   8,  21,  24,  30,  31,
     39,  41,  42,  48,  49,  50,  51,  52,  54,  55,  56,  57,  59,  61,  64,  70,
     71,  72,  73,  74,  75,  76,  78,  79,  80,  81,  82,  84,  85,  86,  87,  88,
     91,  95,  98, 101, 102, 104, 105, 165, 166, 167,   1,   5,  21,  24,  26,  27,
     29,  30,  31,  32,  33,  35,  36,  37,  40,  43,  45,  46,  48,  50,  52,  54,
     55,  56,  57,  59,  60,  64,  77,  78,  79,  83,  90,  91,  92,  93,  98,  99,
    100, 102, 103, 105, 164, 166, 167,   1,  21,  30,  31,  32,  33,  35,  39,  41,
     42,  43,  47,  49,  51,  54,  55,  56,  57,  59,  70,  71,  72,  73,  74,  75,
     76,  80,  81,  82,  83,  84,  85,  86,  87,  88,  94,  95,  98, 101, 104, 166,
      3,   7,   9,  10,  22,  23,  39,  41,  42,  43,  49,  51,  53,  54,  55,  56,
     57,  58,  59,  60,  65,  67,  70,  71,  72,  73,  74,  75,  76,  80,  81,  82,
     84,  85,  86,  87,  88,  95,  96,  97,  99, 101, 104, 169,   1,   7,   9,  10,
     21,  23,  26,  27,  28,  30,  31,  32,  33,  34,  35,  36,  37,  60,  67,  83,
     98,  99, 166, 167, 169,   7,   9,  10,  23,  34,  35,  39,  41,  42,  44,  49,
     51,  56,  57,  59,  60,  67,  70,  71,  72,  73,  74,  75,  76,  80,  81,  82,
     84,  85,  86,  87,  88,  89,  95,  99, 101, 104, 169,   1,   4,   7,   9,  10,
     21,  23,  26,  27,  28,  30,  31,  32,  33,  34,  35,  36,  37,  38,  60,  67,
     83,  98,  99, 166, 167, 169,   1,   5,   8,  21,  24,  26,  29,  30,  31,  32,
     33,  35,  36,  37,  39,  40,  41,  42,  43,  44,  45,  46,  47,  48,  49,  50,
     51,  52,  53,  54,  55,  56,  57,  59,  60,  61,  70,  71,  72,  73,  74,  75,
     76,  77,  78,  79,  80,  81,  82,  83,  84,  85,  86,  87,  88,  89,  90,  91,
     92,  93,  94,  95,  96,  97,  98,  99, 100, 101, 102, 103, 104, 105, 164, 165,
    166, 167,  23,  27,  30,  32,  35,  36,  54,  56,  57,  59,  67,  78,  98,   3,
      7,   8,   9,  10,  19,  22,  23,  24,  27,  36,  39,  40,  41,  42,  43,  44,
     45,  48,  49,  50,  51,  52,  53,  54,  55,  58,  60,  61,  64,  67,  70,  71,
     72,  73,  74,  75,  76,  77,  78,  79,  80,  81,  82,  83,  84,  85,  86,  87,
     88,  89,  90,  91,  92,  94,  95,  96,  97,  99, 100, 101, 102, 103, 104, 105,
    164, 165, 169,   3,   7,   8,   9,  10,  19,  22,  23,  24,  27,  29,  36,  39,
     41,  42,  43,  44,  48,  49,  50,  51,  52,  53,  54,  55,  56,  57,  58,  59,
     60,  61,  64,  65,  67,  70,  71,  72,  73,  74,  75,  76,  77,  78,  79,  80,
     81,  82,  84,  85,  86,  87,  88,  89,  90,  91,  92,  94,  95,  96,  97,  99,
    100, 101, 102, 103, 104, 105, 164, 165, 169,   3,   7,   8,   9,  10,  19,  22,
     23,  24,  29,  39,  41,  42,  43,  44,  46,  48,  49,  50,  51,  52,  53,  54,
     55,  56,  57,  58,  59,  60,  61,  64,  65,  67,  70,  71,  72,  73,  74,  75,
     76,  77,  78,  79,  80,  81,  82,  84,  85,  86,  87,  88,  89,  90,  91,  92,
     94,  95,  96,  97,  99, 100, 101, 102, 103, 104, 105, 164, 165, 169,   3,   8,
     24,  31,  39,  41,  42,  44,  49,  51,  54,  55,  56,  57,  59,  61,  64,  70,
     71,  72,  73,  74,  75,  76,  80,  81,  82,  84,  85,  86,  87,  88,  89,  95,
    101, 104, 165,   3,   7,   8,   9,  10,  19,  22,  23,  24,  27,  29,  39,  41,
     42,  43,  44,  46,  47,  48,  49,  50,  51,  52,  53,  54,  55,  56,  57,  58,
     59,  60,  61,  64,  65,  67,  70,  71,  72,  73,  74,  75,  76,  77,  78,  79,
     80,  81,  82,  84,  85,  86,  87,  88,  89,  90,  91,  92,  94,  95,  96,  97,
     99, 100, 101, 102, 103, 104, 105, 164, 165, 169,  29,  30,  54,  55,  56,  57,
     59,  98,  43,  47,  94,  16,  24,  30,  31,  32,  33,  35,  37,  40,  45,  55,
     56,  57,  83,  98,   1,   5,  21,  30,  37,  40,  43,  45,  47,  50,  54,  55,
     56,  57,  59,  60,  61,  83,  94,  98,  99, 166, 167,   1,   3,   5,   7,   9,
     10,  21,  30,  37,  39,  40,  44,  45,  50,  53,  54,  55,  56,  57,  58,  59,
     60,  69,  83,  89,  96,  97,  98,  99, 166, 167, 169,   5,  21,  22,  37,  39,
     40,  41,  42,  44,  45,  49,  51,  53,  54,  60,  70,  71,  72,  73,  74,  75,
     76,  80,  81,  82,  83,  84,  85,  86,  87,  88,  89,  95,  96,  97,  99, 101,
    104, 166,   1,   6,   7,   8,   9,  19,  20,  21,  39,  41,  42,  49,  51,  54,
     55,  56,  57,  59,  61,  64,  65,  70,  71,  72,  73,  74,  75,  76,  80,  81,
     82,  84,  85,  86,  87,  88,  95, 101, 104, 165, 166, 167, 169,   1,   5,  21,
     22,  30,  37,  39,  40,  41,  42,  43,  44,  45,  49,  51,  53,  54,  60,  70,
     71,  72,  73,  74,  75,  76,  80,  81,  82,  83,  84,  85,  86,  87,  88,  89,
     95,  96,  97,  98,  99, 101, 104, 166, 167,   0,   1,   3,   4,   5,   7,   8,
      9,  21,  22,  37,  38,  39,  41,  42,  44,  49,  51,  53,  60,  61,  70,  71,
     72,  73,  74,  75,  76,  80,  81,  82,  84,  85,  86,  87,  88,  89,  95,  96,
     97,  99, 101, 104, 165, 166, 167, 169,   1,   5,  21,  37,  39,  40,  41,  42,
     43,  45,  49,  51,  53,  54,  55,  58,  60,  70,  71,  72,  73,  74,  75,  76,
     80,  81,  82,  83,  84,  85,  86,  87,  88,  95,  96,  97,  99, 101, 104, 166,
    167,  21,  24,  26,  30,  31,  32,  33,  35,  37,  40,  45,  54,  55,  56,  57,
     83,  93,  98, 166, 167,   3,   5,  21,  22,  39,  40,  41,  42,  44,  45,  46,
     48,  49,  50,  51,  52,  53,  54,  55,  56,  57,  58,  60,  70,  71,  72,  73,
     74,  75,  76,  77,  78,  79,  80,  81,  82,  83,  84,  85,  86,  87,  88,  89,
     90,  91,  92,  95,  96,  97,  99, 100, 101, 102, 103, 104, 105, 164, 167,   1,
      3,   5,   8,  21,  37,  39,  40,  41,  42,  44,  45,  46,  48,  49,  50,  51,
     52,  54,  55,  56,  57,  59,  61,  70,  71,  72,  73,  74,  75,  76,  77,  78,
     79,  80,  81,  82,  83,  84,  85,  86,  87,  88,  89,  90,  91,  92,  95, 100,
    101, 102, 103, 104, 105, 164, 165, 166, 167,   1,   5,  21,  37,  39,  40,  41,
     42,  45,  49,  51,  55,  56,  57,  70,  71,  72,  73,  74,  75,  76,  80,  81,
     82,  83,  84,  85,  86,  87,  88,  95, 101, 104, 167,   3,   7,   8,   9,  22,
     37,  38,  39,  40,  41,  42,  43,  44,  45,  49,  51,  53,  54,  60,  64,  65,
     69,  70,  71,  72,  73,  74,  75,  76,  80,  81,  82,  83,  84,  85,  86,  87,
     88,  89,  95,  96,  97,  99, 101, 104, 165, 167, 169,   1,   3,   5,  21,  22,
     37,  39,  40,  41,  42,  43,  45,  49,  51,  53,  54,  58,  60,  70,  71,  72,
     73,  74,  75,  76,  80,  81,  82,  83,  84,  85,  86,  87,  88,  95,  96,  97,
     99, 101, 104, 166, 167,  21,  39,  40,  41,  42,  45,  49,  51,  54,  55,  60,
     70,  71,  72,  73,  74,  75,  76,  80,  81,  82,  83,  84,  85,  86,  87,  88,
     95,  99, 101, 104, 166, 167,   1,   3,   5,   7,   8,   9,  10,  21,  22,  37,
     40,  44,  45,  53,  54,  60,  61,  65,  83,  89,  96,  97,  99, 165, 166, 169,
      1,   3,   5,  22,  37,  39,  40,  41,  42,  44,  45,  49,  51,  54,  55,  60,
     61,  70,  71,  72,  73,  74,  75,  76,  80,  81,  82,  83,  84,  85,  86,  87,
     88,  89,  95,  99, 101, 104, 166, 167,   3,   4,   5,   7,   9,  10,  22,  37,
     38,  39,  40,  41,  42,  44,  45,  49,  51,  53,  55,  60,  65,  70,  71,  72,
     73,  74,  75,  76,  80,  81,  82,  83,  84,  85,  86,  87,  88,  89,  95,  96,
     97,  99, 101, 104, 166, 169,  37,  39,  40,  41,  42,  45,  49,  51,  70,  71,
     72,  73,  74,  75,  76,  80,  81,  82,  83,  84,  85,  86,  87,  88,  95, 101,
    104, 166,  24,  30,  32,  33,  35,  39,  40,  41,  42,  45,  49,  51,  70,  71,
     72,  73,  74,  75,  76,  80,  81,  82,  83,  84,  85,  86,  87,  88,  95,  98,
    101, 104,  32,  33,  35, 110, 112, 117, 120, 159,  11,  12,  16,  23,  30,  32,
     33,  34,  35,  67,  98,   7,   9,  30,  32,  33,  34,  35,  54,  56,  57,  58,
     66,  98, 169,  24,  29,  30,  31,  32,  33,  35,  39,  40,  41,  42,  45,  48,
     49,  50,  51,  52,  53,  54,  55,  56,  57,  61,  65,  70,  71,  72,  73,  74,
     75,  76,  80,  81,  82,  83,  84,  85,  86,  87,  88,  95,  96,  97,  98, 101,
    104, 105, 166, 167,  30,  32,  33,  35,  98,   1,   7,   9,  10,  21,  23,  26,
     27,  28,  30,  31,  32,  33,  34,  35,  36,  37,  60,  67,  83,  98,  99, 166,
    167, 169,   1,   7,   9,  10,  21,  23,  26,  27,  28,  30,  31,  32,  33,  34,
     35,  36,  37,  60,  67,  83,  98,  99, 166, 167, 169,  11,  12,  13,  14,  15,
     16,  18,  10,  23,  24,  30,  32,  33,  34,  35,  36,  60,  67,  98,  99, 167,
     43,  47,  53,  54,  55,  56,  57,  59,  60,  94,  96,  97,  99,   1,   5,  21,
     30,  37,  40,  43,  45,  47,  50,  54,  55,  56,  57,  59,  60,  61,  83,  94,
     98,  99, 166, 167,   1,   5,  21,  30,  37,  40,  43,  45,  47,  50,  54,  55,
     56,  57,  59,  60,  61,  83,  94,  98,  99, 166, 167,   1,   5,  21,  22,  30,
     37,  39,  40,  41,  42,  43,  44,  45,  49,  51,  53,  54,  60,  70,  71,  72,
     73,  74,  75,  76,  80,  81,  82,  83,  84,  85,  86,  87,  88,  89,  95,  96,
     97,  98,  99, 101, 104, 166, 167,   1,   3,   5,   7,   9,  10,  21,  30,  37,
     39,  40,  41,  42,  44,  45,  49,  50,  51,  53,  54,  55,  56,  57,  58,  59,
     60,  69,  70,  71,  72,  73,  74,  75,  76,  80,  81,  82,  83,  84,  85,  86,
     87,  88,  89,  95,  96,  97,  98,  99, 101, 104, 166, 167, 169,   1,   7,   9,
     10,  21,  23,  26,  27,  28,  30,  31,  32,  33,  34,  35,  36,  37,  60,  67,
     83,  98,  99, 166, 167, 169,   1,   6,   7,   8,   9,  19,  20,  21,  39,  41,
     42,  44,  46,  47,  48,  49,  50,  51,  52,  53,  54,  55,  56,  57,  58,  59,
     60,  61,  64,  65,  70,  71,  72,  73,  74,  75,  76,  77,  78,  79,  80,  81,
     82,  84,  85,  86,  87,  88,  90,  91,  92,  94,  95,  96,  97,  99, 100, 101,
    102, 103, 104, 105, 164, 165, 166, 167, 169,   1,   5,  21,  24,  26,  27,  29,
     30,  31,  32,  33,  35,  36,  37,  40,  43,  45,  46,  48,  50,  52,  54,  55,
     56,  57,  59,  60,  64,  77,  78,  79,  83,  90,  91,  92,  93,  98,  99, 100,
    102, 103, 105, 164, 166, 167,   1,   6,   7,   8,   9,  19,  20,  21,  39,  41,
     42,  44,  46,  47,  48,  49,  50,  51,  52,  53,  54,  55,  56,  57,  58,  59,
     60,  61,  64,  65,  70,  71,  72,  73,  74,  75,  76,  77,  78,  79,  80,  81,
     82,  84,  85,  86,  87,  88,  90,  91,  92,  94,  95,  96,  97,  99, 100, 101,
    102, 103, 104, 105, 164, 165, 166, 167, 169,   1,   6,   7,   8,   9,  19,  20,
     21,  39,  41,  42,  48,  49,  50,  51,  52,  54,  55,  56,  57,  59,  61,  64,
     65,  70,  71,  72,  73,  74,  75,  76,  80,  81,  82,  84,  85,  86,  87,  88,
     95, 101, 104, 105, 165, 166, 167, 169,  21,  39,  40,  41,  42,  45,  48,  49,
     50,  51,  52,  53,  54,  55,  60,  61,  65,  70,  71,  72,  73,  74,  75,  76,
     80,  81,  82,  83,  84,  85,  86,  87,  88,  95,  96,  97,  99, 101, 104, 105,
    166, 167,   7,   8,   9,  23,  24,  29,  32,  35,  36,  39,  40,  41,  42,  43,
     44,  45,  48,  49,  50,  51,  52,  53,  54,  55,  56,  57,  58,  59,  60,  61,
     65,  67,  70,  71,  72,  73,  74,  75,  76,  80,  81,  82,  83,  84,  85,  86,
     87,  88,  89,  95,  96,  97,  99, 101, 104, 105, 165, 169,   7,   8,   9,  10,
     19,  22,  39,  41,  42,  49,  51,  53,  61,  65,  70,  71,  72,  73,  74,  75,
     76,  80,  81,  82,  84,  85,  86,  87,  88,  95,  96,  97, 101, 104, 165, 169,
      7,   8,   9,  10,  19,  23,  24,  27,  29,  32,  36,  39,  41,  42,  43,  44,
     48,  49,  50,  51,  52,  53,  54,  55,  56,  57,  58,  59,  60,  61,  65,  67,
     70,  71,  72,  73,  74,  75,  76,  80,  81,  82,  84,  85,  86,  87,  88,  89,
     95,  96,  97,  99, 101, 104, 105, 165, 169,   7,   8,   9,  10,  19,  22,  39,
     41,  42,  48,  49,  50,  51,  52,  53,  60,  61,  65,  70,  71,  72,  73,  74,
     75,  76,  80,  81,  82,  84,  85,  86,  87,  88,  95,  96,  97,  99, 101, 104,
    105, 165, 169,  30,  32,  33,  35,  98, 110, 120, 159,   7,   8,   9,  19,  65,
    107, 109, 111, 112, 113, 114, 115, 116, 118, 120, 122, 123, 124, 125, 126, 127,
    128, 129, 131, 132, 133, 134, 135, 136, 137, 138, 139, 140, 141, 142, 143, 144,
    145, 146, 147, 149, 150, 152, 154, 156, 157, 160, 161, 163, 165, 169, 111, 115,
    122, 109, 111, 114,   8, 106, 110, 117, 120, 121, 153, 159, 165, 110, 118, 120,
    159, 107, 110, 111, 116, 117, 118, 120, 121, 124, 125, 139, 142, 144, 159,   7,
      9,  19,  65, 106, 107, 109, 111, 112, 116, 117, 118, 121, 122, 123, 124, 126,
    127, 128, 130, 131, 132, 133, 134, 136, 137, 139, 141, 142, 143, 144, 145, 146,
    149, 150, 152, 153, 154, 155, 156, 157, 158, 169, 106, 107, 108, 109, 110, 113,
    116, 117, 118, 120, 121, 122, 123, 124, 126, 127, 128, 131, 132, 134, 136, 139,
    142, 143, 144, 145, 146, 148, 150, 153, 154, 156, 157, 159, 162,   7,   9, 106,
    110, 111, 112, 117, 119, 120, 121, 144, 153, 159, 169,   7,   9, 110, 120, 126,
    127, 128, 132, 134, 136, 143, 144, 150, 156, 157, 159, 169,  65, 106, 107, 110,
    111, 114, 115, 116, 117, 118, 120, 121, 124, 126, 127, 128, 130, 131, 132, 134,
    136, 139, 141, 142, 143, 144, 145, 146, 150, 153, 155, 156, 157, 158, 159, 106,
    107, 110, 111, 116, 117, 118, 120, 121, 124, 125, 139, 142, 144, 153, 159,   7,
      9, 106, 108, 110, 111, 112, 113, 119, 120, 121, 153, 154, 159, 169, 106, 110,
    117, 118, 120, 121, 153, 159,   7,   9, 106, 109, 110, 111, 112, 113, 114, 117,
    119, 120, 121, 122, 123, 133, 134, 139, 142, 146, 152, 153, 154, 159, 169,   7,
      9,  65, 106, 109, 110, 111, 112, 113, 117, 121, 123, 124, 126, 127, 128, 131,
    132, 133, 134, 136, 143, 145, 146, 150, 152, 153, 154, 156, 157, 159, 169,   7,
      8,   9,  19,  65, 107, 109, 111, 112, 113, 115, 116, 123, 124, 125, 126, 127,
    128, 129, 130, 131, 132, 133, 134, 135, 136, 140, 141, 143, 144, 145, 146, 147,
    149, 150, 152, 154, 155, 156, 157, 158, 163, 165, 169, 106, 107, 109, 110, 111,
    112, 113, 114, 116, 119, 121, 123, 133, 152, 153, 154, 159,   8, 106, 107, 110,
    114, 116, 118, 120, 121, 124, 125, 126, 127, 128, 131, 132, 134, 136, 139, 142,
    143, 144, 145, 146, 150, 153, 156, 157, 159, 165,   8, 106, 109, 110, 117, 120,
    121, 153, 159, 165, 106, 109, 110, 111, 112, 113, 114, 117, 119, 120, 121, 122,
    123, 133, 134, 139, 142, 146, 152, 153, 154, 159, 169, 139, 142, 144, 148, 151,
    162,   7,   9,  65, 126, 127, 132, 133, 134, 136, 143, 146, 150, 152, 156, 157,
    169,  65, 131, 145,   7,   9, 124, 125, 126, 127, 128, 130, 131, 132, 133, 134,
    136, 143, 145, 146, 148, 149, 150, 152, 155, 156, 157, 158, 162, 169,   7,   9,
     65, 124, 126, 127, 130, 131, 132, 133, 134, 136, 143, 145, 146, 149, 150, 152,
    155, 156, 157, 158, 169,   7,   9, 124, 126, 127, 130, 131, 132, 133, 134, 136,
    143, 145, 146, 148, 149, 150, 152, 155, 156, 157, 158, 162, 169, 128, 142,   7,
      9,  65, 146, 148, 162, 169,   7,   9, 126, 127, 129, 132, 134, 135, 136, 139,
    140, 142, 143, 144, 147, 148, 150, 151, 156, 157, 162, 163, 169,   7,   9, 126,
    127, 129, 132, 134, 135, 136, 139, 140, 142, 143, 144, 147, 148, 150, 151, 156,
    157, 162, 163, 169,   7,   9, 126, 127, 129, 132, 134, 135, 136, 139, 140, 142,
    143, 144, 147, 148, 150, 151, 156, 157, 162, 163, 169,   7,   9, 126, 127, 129,
    132, 134, 135, 136, 139, 140, 142, 143, 144, 147, 148, 150, 151, 156, 157, 162,
    163, 169,   7,   9, 126, 127, 129, 130, 131, 132, 133, 134, 135, 136, 140, 141,
    143, 145, 146, 147, 148, 149, 150, 152, 155, 156, 157, 158, 160, 161, 162, 163,
    169,   7,   9, 126, 127, 129, 130, 131, 132, 133, 134, 135, 136, 140, 141, 143,
    145, 146, 147, 148, 149, 150, 152, 155, 156, 157, 158, 160, 161, 162, 163, 169,
    139,   7,   9,  65, 124, 126, 127, 128, 130, 131, 132, 133, 134, 136, 143, 145,
    146, 148, 149, 150, 152, 155, 156, 157, 158, 162, 169, 124, 126, 127, 128, 132,
    134, 136, 139, 142, 143, 146, 148, 150, 156, 157, 162,   7,   9, 139, 142, 146,
    160, 161, 169,   7,   9, 139, 142, 146, 160, 161, 169,   7,   9, 126, 127, 129,
    132, 134, 135, 136, 139, 140, 142, 143, 144, 147, 148, 150, 151, 156, 157, 162,
    163, 169,   7,   9, 124, 126, 127, 130, 131, 132, 133, 134, 136, 143, 145, 146,
    148, 149, 150, 152, 155, 156, 157, 158, 162, 169, 124, 126, 127, 131, 132, 133,
    134, 136, 143, 145, 150, 152, 156, 157, 124, 126, 127, 131, 132, 134, 136, 143,
    145, 150, 156, 157, 124, 126, 127, 128, 130, 131, 132, 133, 134, 136, 141, 143,
    145, 150, 152, 155, 156, 157, 158, 124, 126, 127, 131, 132, 133, 134, 136, 143,
    145, 150, 152, 156, 157, 107, 110, 111, 116, 117, 118, 120, 121, 124, 125, 139,
    142, 144, 159,   7,   8,   9,  19,  65, 107, 109, 111, 112, 113, 114, 115, 116,
    118, 120, 122, 123, 124, 125, 126, 127, 128, 129, 131, 132, 133, 134, 135, 136,
    137, 138, 139, 140, 141, 142, 143, 144, 145, 146, 147, 149, 150, 152, 154, 156,
    157, 160, 161, 163, 165, 169,   7,   9, 124, 125, 126, 127, 128, 130, 131, 132,
    133, 134, 136, 143, 145, 146, 148, 149, 150, 152, 155, 156, 157, 158, 162, 169,
      7,   9, 124, 125, 126, 127, 128, 130, 131, 132, 133, 134, 136, 143, 145, 146,
    148, 149, 150, 152, 155, 156, 157, 158, 162, 169,   7,   9,  19,  65, 106, 107,
    109, 111, 112, 116, 117, 118, 121, 122, 123, 124, 126, 127, 128, 130, 131, 132,
    133, 134, 136, 137, 139, 141, 142, 143, 144, 145, 146, 149, 150, 152, 153, 154,
    155, 156, 157, 158, 169, 106, 107, 110, 116, 117, 118, 120, 121, 153, 159,   7,
      9,  23,  24,  26,  27,  39,  40,  41,  42,  44,  45,  46,  49,  51,  53,  54,
     66,  67,  70,  71,  72,  73,  74,  75,  76,  77,  78,  79,  80,  81,  82,  83,
     84,  85,  86,  87,  88,  89,  90,  91,  92,  93,  95,  96,  97, 100, 101, 102,
    103, 104, 164, 168, 169, 171,   7,   9,  23,  24,  29,  36,  39,  41,  42,  43,
     44,  46,  48,  49,  50,  51,  52,  53,  54,  55,  56,  57,  58,  60,  66,  67,
     70,  71,  72,  73,  74,  75,  76,  77,  78,  79,  80,  81,  82,  84,  85,  86,
     87,  88,  89,  90,  91,  92,  95,  96,  97,  99, 100, 101, 102, 103, 104, 105,
    164, 169, 171,  16,  21,  24,  30,  32,  33,  35,  40,  45,  46,  48,  50,  52,
     54,  55,  56,  57,  77,  78,  79,  83,  90,  91,  92,  98, 100, 102, 103, 105,
    164,   1,   5,   8,  21,  37, 165, 166, 167,  11,  12,  14,  16,  18,
};

static const int8_t literatamono_18_italicKernSparseValues[] = {
     -61,  -61,  -55,  -12,  -12,  -18,  -18,  -18,  -24,  -18,  -18,  -36,  -55,  -18,  -18,  -18,
     -18,  -18,  -18,  -18,  -18,  -18,  -18,  -18,  -18,  -18,  -18,  -18,  -24,  -18,  -36,  -36,
     -18,  -18,  -61,  -55,  -36,  -12,   -6,  -12,   -9,  -24,  -40,  -28,  -33,  -46,  -43,  -36,
      -6,  -24,  -36,   15,   18,   18,  -36,  -61,  -61,  -24,  -24,  -24,  -36,  -24,  -24,  -12,
     -61,  -24,  -24,  -24,  -24,  -24,  -24,  -24,  -24,  -24,  -24,  -24,  -24,  -24,  -24,  -24,
     -36,  -61,  -24,  -12,  -12,  -24,  -24,  -61,  -61,  -12,  -36,  -45,  -18,  -61,  -18,  -79,
     -49,  -73,   -6,   -6,   -6,   -6,   -6,  -24,  -24,  -55,  -55,  -18,  -61,   -6,   -6,   -6,
      -6,   -6,   -6,   -6,   -6,   -6,   -6,   -6,   -6,   -6,   -6,   -6,   -6,  -61,   -6,   -6,
     -61,  -61,  -49,  -12,  -12,  -61,  -18,  -18,  -55,  -30,  -24,  -30,  -49,  -24,  -12,  -12,
     -18,  -55,  -30,  -18,  -18,   18,  -30,  -18,  -85,  -85, -122,  -12,  -49,  -21,  -21,  -55,
     -61,  -24,  -36,  -19,  -49,  -49,  -49,   -6,  -49,  -49,  -43,  -18,  -12,  -12,  -18,  -61,
     -49,  -49,  -49,  -49,  -49,  -49,  -49,   -6,   -6,   -6,  -49,  -49,  -49,  -49,  -49,  -49,
     -49,  -49,   -6,   -6,   -6,  -36,  -49,  -43,  -43,  -18,   -6,  -49,   -6,   -6,  -49,   -6,
     -73,  -85,  -61,  -27,  -24,  -12,  -27,  -24,  -12,  -24,  -12,  -21,   -6,  -12,  -18,  -24,
     -36,  -24,  -21,   -6,  -21,  -12,  -61,  -24,  -61,  -61,  -36,   -9,  -21,   -9,  -24,  -30,
     -30,  -30,  -24,  -61,  -24,  -12,   -6,   -6,   -9,  -12,  -55,  -24,  -30,  -24,  -49,  -30,
     -12,  -49,  -18,  -43,   -6,   -6,   -6,   -6,   -6,  -12,  -18,   -6,  -30,  -18,  -61,  -79,
     -19,  -36,  -16,   -8,  -39,  -25,  -53,  -39,  -64,  -61,   -3,  -24,   -3,   -3,  -12,   -3,
      -3,   -6,   -3,  -21,  -12,  -12,  -12,  -24,  -24,   -3,   -3,   -3,   -3,   -3,   -3,   -3,
      -3,   -3,   -3,   -3,   -3,   -3,  -12,   -3,   -3,   -3,   -3,   -3,   -3,   -3,   -3,   -8,
      -3,  -39,   -3,   -3,   -3,   -3,   -3,   -3,  -19,  -67,  -61,   -3,  -12,   -6,  -18,  -12,
     -18,   -6,   -6,   -3,  -12,   -4,   -4,   -5,   -4,   -8,   -5,   -8,   -4,  -12,   -6,   -6,
      -9,   -6,   -4,   -6,   -5,   -6,  -12,  -18,  -18,   -6,  -15,  -12,   -6,   -9,   -6,  -12,
      -4,  -29,   -8,  -22,  -19,  -39,  -24,  -12,  -42,   12,  -12,  -12,  -18,  -24,  -18,  -12,
      -8,   -4,   -5,   -6,   -6,   -3,   -3,  -12,   -6,  -18,  -43,  -24,  -43,  -49,  -31,  -52,
      -3,   -6,  -18,  -18,  -18,  -18,  -18,  -24,   -6,   -9,  -18,  -52,  -18,  -18,  -18,  -18,
     -18,  -18,  -18,   24,   18,   30,  -18,  -18,  -18,  -18,  -18,  -18,  -18,  -18,   24,   15,
      21,   21,  -18,  -24,  -24,   -9,  -18,   36,   24,  -18,   12,  -24,  -43,  -12,  -12,    9,
      -5,  -10,  -12,   -4,   -6,   -3,   -3,   -3,   -3,   -3,  -12,  -12,   -6,   -6,   -6,   -6,
      -3,   -3,   -3,   -3,   -3,   -3,   -3,   12,   27,   -3,   -3,   -3,   -3,   -3,   -3,   -3,
      -3,   15,   12,   -3,   -6,   -3,   -3,  -12,  -18,  -18,  -25,  -28,  -12,   -3,  -12,  -15,
     -18,  -18,  -18,  -12,   -6,  -18,   -6,  -18,   -6,  -24,  -21,  -12,  -12,  -12,  -12,  -12,
     -21,  -12,  -28,  -18,  -18,  -18,  -18,  -18,  -18,  -18,  -18,  -18,  -18,  -18,  -18,  -18,
     -18,  -18,  -18,  -24,  -24,  -21,  -18,  -18,   -6,  -18,   -3,  -30,  -18,  -21,   -4,   -5,
     -12,  -12,  -12,  -12,  -12,  -12,  -12,  -12,  -24,  -12,  -12,  -12,  -24,  -12,  -49,  -12,
     -12,  -12,  -12,  -12,  -12,  -12,   12,   36,  -12,  -12,  -12,  -12,  -12,  -12,  -12,  -12,
      30,  -12,   -4,  -12,   55,  -12,  -12,  -30,  -18,  -12,  -55,  -61,  -30,   -5,   -4,  -12,
      -4,  -35,  -19,  -45,  -35,  -55,   -8,  -55,  -30,   -6,  -12,   -6,  -12,  -12,  -12,  -18,
     -12,  -12,  -12,  -24,  -12,   -9,   -6,   -6,   -6,  -24,   -6,   -6,   -6,   -4,  -35,  -12,
      -6,   -6,   -6,  -12,   -6,  -80,  -66,  -12,  -18,  -12,  -24,  -36,  -12,  -12,   -6,   -6,
      -6,   -6,  -12,   -6,   -6,  -36,  -21,  -12,  -12,  -24,   -6,   -6,   -6,   -6,   -6,   -6,
      -6,   -6,   -6,   -6,   -6,   -6,   -6,   -6,   -6,   -6,  -12,   -6,  -12,   -6,   -6,  -36,
      -6,  -12,  -12,  -13,  -25,  -13,  -15,  -15,  -15,  -12,  -15,  -15,  -18,  -12,  -12,   -9,
      -9,  -15,  -18,  -18,  -12,  -13,  -15,  -15,  -15,  -15,  -15,  -15,  -15,  -15,  -15,  -15,
     -15,  -15,  -15,  -15,  -15,  -15,  -18,  -18,  -18,  -15,  -15,  -12,  -12,  -18,  -18,   -6,
     -15,  -38,   -6,   -9,   -6,  -12,   -4,  -12,   -8,  -22,  -19,  -16,  -24,  -12,  -38,   12,
     -12,  -12,  -18,  -24,  -18,  -43,  -43,  -19,  -51,   -6,   -4,  -15,   -9,   -9,  -15,   -9,
      -9,    6,    6,    6,   -6,  -51,   -9,   -9,   -9,  -15,   -9,   -9,   -9,   -9,   -9,   -9,
     -15,  -15,  -15,   -9,   -9,  -15,   -9,   -6,   -9,   -9,  -43,  -12,   36,  -18,  -18,   55,
     -15,  -12,   -6,   -9,   -6,  -12,   -4,  -12,   -8,  -22,  -19,  -16,  -24,   36,  -12,  -42,
      12,  -12,  -12,  -18,  -24,  -18,  -30,  -37,  -30,  -30,  -21,   -8,   -4,  -27,  -24,  -37,
     -35,  -43,   -4,  -55,  -15,  -30,  -15,  -15,   -9,   -6,   -6,   -9,  -18,   -6,  -15,   -6,
     -15,   -6,   -6,  -24,  -21,  -21,  -21,  -24,   -2,  -12,  -15,  -15,  -15,  -15,  -15,  -15,
     -15,   -9,   -9,   -9,  -15,  -15,  -15,   -6,  -15,  -15,  -15,  -15,  -15,   -6,   -9,   -9,
      -9,   -8,  -18,  -15,   -6,   -6,  -27,   -2,   -9,  -15,   -9,   -9,  -15,   -6,   -9,  -30,
     -36,  -36,   -4,   -9,   -4,   -4,   -5,   -4,   -6,   -3,   -3,   -3,   -4,   18,   -4,    6,
     -61,  -43,  -61,  -49,  -12,  -36,  -37,   -4,   -9,   -4,  -43,   -6,  -43,  -43,  -12,  -46,
      -6,   -9,  -43,   -9,  -43,   -9,  -30,  -12,   -6,   -6,  -12,  -30,  -24,  -37,  -43,  -43,
     -43,  -43,  -43,  -43,  -43,   18,   30,   49,  -43,  -43,  -43,   -6,  -43,  -43,  -43,  -43,
     -43,  -46,   36,   30,   30,   30,  -43,  -30,  -30,  -12,   21,  -61,   43,   33,  -76,   -9,
      12,  -43,  -61,  -18,  -61,  -30,  -61,  -55,  -18,  -55,  -67,  -11,  -32,   -8,   -4,  -55,
     -55,  -55,  -36,  -61,  -24,  -55,  -24,  -55,  -24,  -52,  -21,  -30,  -18,  -18,  -30,  -18,
     -43,  -30,  -24,  -15,  -67,  -55,  -55,  -91,  -85,  -55,  -55,  -85,   24,   24,   55,  -55,
     -97,  -91,  -97,  -55,  -55, -103,  -55,  -61,   43,   43,   33,   18,  -55,  -52,  -95,  -43,
      27,  -73,   12,   36,  -91,  -33,   15,  -30,  -61,  -24,  -49,  -24,  -49,  -43,   -6,  -43,
     -52,   -8,   -8,  -43,  -43,  -43,  -18,  -49,  -12,  -24,  -43,  -24,  -43,  -24,  -36,  -18,
     -18,  -15,  -15,  -18,  -12,  -30,  -24,  -12,  -18,  -52,  -43,  -43,  -43,  -43,  -43,  -43,
     -73,   -3,   15,   33,  -43,  -43,  -73,  -43,  -43,  -43,  -43,  -43,  -49,   30,   21,   18,
      21,  -43,  -36,  -64,  -30,    9,  -76,   24,   15,  -73,  -27,    3,  -24,  -49,   -3,  -30,
     -25,  -12,  -12,  -12,  -12,   -3,  -12,  -12,  -18,  -18,  -24,  -24,  -36,  -12,  -24,  -12,
     -12,  -12,  -12,  -12,  -12,  -12,  -12,  -12,  -12,  -12,  -12,  -12,  -12,  -12,   -3,  -12,
     -12,  -12,  -30,  -30,  -67,  -49,  -67,  -61,  -24,  -55,  -58,  -15,  -12,   -8,  -58,  -58,
     -58,  -24,  -58,  -12,   -6,  -33,  -58,  -33,  -58,  -33,  -58,  -30,  -43,  -30,  -30,  -40,
     -36,  -49,  -30,  -30,  -30,  -58,  -58,  -58,  -92,  -88, -109, -103,  -89,    6,   18,   49,
    -106,  -97,  -85,  -99,  -58,  -58, -100,  -99,  -58,   36,   33,   21,   24,  -97,  -94,  -94,
     -80,   12,  -91,   12,   24,  -91,  -43,    6,  -49,  -67,   -4,   -8,  -12,   -6,  -12,  -12,
     -12,   -8,   30,   24,   24,  -49,  -18,  -55,  -30,  -55,  -55,  -55, -122,  -12,  -12,  -18,
     -24,  -24,  -12,  -55,  -24,  -43,  -18,  -49,  -49,  -15,   -3,   -6,   -3,   -6,  -15,   -3,
      -3,   -3,   -9,   -3,  -15,   -6,   -3,  -49,   -3,  -36,  -24,  -30,   -6,  -49,   -6,   -6,
     -12,  -24,  -30,  -37,   -9,  -27,   -6,   -9,   -6,  -12,  -12,   -6,   -3,   -3,   -9,   -6,
     -18,  -12,   -9,   -6,  -12,  -12,  -30,  -18,  -52,  -30,   -6,  -24,  -12,  -12,  -49,  -18,
     -30,   -9,   -9,   -6,  -18,   -9,   -9,   -9,   -9,   -9,  -18,  -18,  -18,  -18,   -9,   -9,
      -9,   -9,   -9,   -9,  -18,  -18,  -18,  -18,   -9,   -9,   -6,   -9,   -9,   -9,   -9,   -9,
      -9,  -18,  -18,  -55,  -55,  -55,  -55,  -55,  -55,  -12,   -6,   -6,   -6,   -6,   -6,   -6,
      -6,   -6,   -6,   -6,  -12,  -55,    3,   -6,   -6,   -6,   -6,   -6,   -6,   -6,   -6,   -6,
      -6,   -6,   -6,   -6,   -6,   -6,   -6,   -6,   -6,  -55,  -49,  -40,  -55,  -18,  -24,   -9,
      -9,  -43,  -49,  -15,   -9,  -12,  -12,   -3,   -3,   -9,  -12,  -12,   -6,   -6,  -12,  -12,
     -12,  -12,  -12,  -12,  -12,  -12,  -12,  -12,  -12,   -9,  -12,  -12,  -12,  -12,  -12,   -3,
     -12,   -6,   -6,  -43,  -12,  -12,  -12,  -30,  -12,   24,   43,   12,   44,   55,  -36,  -12,
     -36,   36,  -18,   55,   36,  -33,  -15,  -15,  -27,  -15,  -15,  -18,   -9,  -24,  -15,  -27,
     -27,  -18,  -15,  -15,  -15,  -15,  -15,  -12,  -27,  -27,  -33,  -15,  -15,  -27,  -15,  -18,
     -18,   -9,  -15,  -15,  -12,   30,   49,  -36,  -12,  -30,  -15,  -55,  -12,  -27,  -12,  -12,
      -3,  -15,  -12,  -12,  -12,  -12,   -6,   -6,  -18,  -12,  -12,  -12,  -12,  -12,  -12,  -12,
     -12,  -12,  -12,  -15,  -12,  -12,  -12,  -12,  -12,  -12,  -12,  -12,  -18,  -12,  -12,  -24,
     -18,  -12,   -6,  -12,  -27,  -21,  -21,  -21,  -30,  -24,   -6,   -6,  -12,   -6,   -6,   -6,
      -6,  -12,  -27,  -30,   -6,  -12,  -12,  -15,  -18,   -6,  -27,   -6,   -6,   -6,  -12,   -9,
      -3,   -6,   -3,  -15,   -9,  -12,   -6,  -12,   -6,   -6,  -12,  -21,   -6,   -6,   -6,   -6,
      -6,   -6,   -6,   -9,   -9,   -9,   -6,   -6,   -6,  -12,   -6,   -6,   -6,   -6,   -6,   -6,
      -9,   -9,   -9,   -6,  -12,  -12,  -21,   -9,   -6,   -9,   -9,   -6,   -3,   -9,  -12,  -18,
      -9,  -24,  -27,  -24,  -18,  -15,  -10,  -15,  -15,   -6,   -6,   -9,   -6,  -15,   -6,  -15,
      -6,  -15,  -15,  -18,  -18,  -18,  -12,  -15,  -15,  -15,  -15,  -15,  -15,  -15,   -9,   -9,
      -9,  -15,  -15,  -15,   -6,  -15,  -15,  -15,  -15,  -15,   -6,   -9,   -9,   -9,  -15,   -9,
     -15,   -9,   -9,  -15,   -6,   -9,  -27,  -36,  -30,  -24,  -13,   -7,  -25,   -6,  -18,   -6,
      -6,  -13,   -6,   -6,   -6,   -9,   -9,   -6,   -6,   -6,   -6,   -6,   -6,   -6,   -6,   -6,
      -6,  -13,   -6,   -6,   -6,   -6,   -6,   -6,   -6,   -6,  -12,  -24,  -70,   -9,  -70,  -36,
     -61,  -30,  -58,  -43,  -24,  -55,   -6,  -61,  -24,  -24,  -55,  -27,   -9,  -21,  -18,  -24,
     -24,  -57,  -57,  -57,  -57,  -24,  -24,  -24,  -24,  -24,  -24,  -24,  -57,  -57,  -57,  -24,
     -24,  -30,  -24,  -27,  -27,  -21,  -24,  -24,   -9,   -6,  -70,  -18,   -6,  -12,  -15,   -9,
     -55,   -6,  -21,   -6,   -6,   -6,   -9,   -6,   -6,   -6,   -6,   -3,   -9,   -6,   -6,   -6,
      -6,   -6,   -6,   -6,   -6,   -6,   -6,   -9,   -6,   -6,   -6,   -6,   -6,   -6,   -6,   -6,
      -9,   -6,   -6,  -18,  -12,  -18,  -16,  -21,  -10,  -10,  -12,  -10,  -10,   -6,   -6,   -6,
     -10,  -10,  -10,  -10,  -10,  -10,  -10,  -10,  -10,  -10,  -12,  -10,  -10,  -10,  -10,  -10,
     -10,   -6,  -10,  -10,  -18,  -12,  -12,  -18,  -24,  -55,  -12,  -55,  -24,   -9,  -12,  -49,
     -21,   -9,  -12,   -9,   -6,  -15,  -12,  -21,  -12,   -9,   -9,   -9,  -15,  -12,  -18,  -55,
     -12,   -9,   -6,   -6,  -49,  -12,   -6,  -12,  -12,   -3,  -12,  -12,  -12,   -9,   -6,   -6,
     -18,  -12,  -12,  -12,  -12,  -12,  -12,  -12,  -12,  -12,  -12,  -12,  -12,  -12,  -12,  -12,
     -12,   -3,  -12,   -6,  -12,  -12,  -12,   -9,  -18,  -12,   -6,  -43,  -43,  -24,  -12,  -36,
     -12,   -9,  -22,   -9,   -9,  -15,  -12,   -9,  -21,  -15,   -6,  -21,  -18,   -9,   -9,   -9,
      -9,   -9,   -9,   -9,   -9,   -9,   -9,  -12,   -9,   -9,   -9,   -9,   -9,  -15,   -9,  -15,
     -15,  -21,   -9,   -9,  -12,  -43,  -24,   -3,  -12,   -3,   -3,   -6,   -3,   -3,   -3,   -3,
      -3,   -3,   -3,   -3,   -3,   -3,   -3,   -3,   -6,   -3,   -3,   -3,   -3,   -3,   -3,   -3,
      -3,   -6,  -12,  -24,  -36,  -36,  -36,  -15,   -3,  -15,  -15,   -3,  -15,  -15,  -15,  -15,
     -15,  -15,  -15,  -15,  -15,  -15,  -15,  -15,   -3,  -15,  -15,  -15,  -15,  -15,  -15,  -24,
     -15,  -15,  -12,   -6,  -24,  -30,   -6,  -18,  -30,  -30,  -24,  -15,  -55,  -24,  -24,  -24,
     -12,  -24,  -24,  -24,  -24,  -36,  -36,  -30,  -30,  -18,  -12,  -30,   -6,  -12,  -12,  -18,
     -24,  -30,  -36,  -24,  -12,  -36,  -24,  -61,  -55,  -67,  -15,  -15,  -15,  -15,  -15,  -12,
     -15,  -12,  -15,  -12,  -12,  -21,  -15,  -12,  -12,  -18,  -12,  -15,  -15,  -15,  -15,  -15,
     -15,  -15,  -15,  -15,  -15,  -15,  -15,  -15,  -15,  -15,  -15,  -15,  -12,  -12,  -36,  -15,
     -15,  -12,  -58,  -49,  -73,  -85,  -73,  -79,  -73,  -12,  -18,  -18,   -6,  -15,  -42,   -6,
      -9,   -6,  -30,   -4,  -29,   -8,  -22,  -19,  -16,  -24,  -12,  -42,   12,  -30,  -12,  -18,
     -24,  -18,  -12,  -18,  -18,   -6,  -15,  -12,   -6,   -9,   -6,  -12,   -4,  -12,   -8,  -22,
     -19,  -16,  -24,  -12,  -42,   12,  -12,  -12,  -18,  -24,  -18,  -36,  -36,  -36,  -36,  -12,
     -64,  -24,  -12,  -43,   39,   -9,  -40,  -24,   -9,  -61,  -18,   -6,  -43,   -9,   -6,  -24,
     -18,  -12,   -6,  -12,  -12,  -12,  -12,  -24,  -12,  -12,   -6,   -6,  -12,  -24,  -43,  -18,
     -49,  -49,  -15,  -21,   -6,   -3,   -6,  -15,   -3,  -30,  -30,   -9,   -3,  -15,   -6,   -3,
     -49,   -3,  -36,  -24,  -24,  -43,  -18,  -49,  -49,  -15,   -3,   -6,   -3,   -6,  -15,   -3,
     -27,  -27,   -9,   -3,  -15,   -6,   -3,  -49,   -3,  -36,  -24,  -18,  -24,   -9,   -9,  -43,
     -49,  -15,   -9,   -6,   -6,   -3,   -3,   -9,   -6,   -6,   -6,   -6,  -12,   -6,   -6,   -6,
      -6,   -6,   -6,   -6,   -6,   -6,   -6,   -9,   -6,   -6,   -6,   -6,   -6,   -3,   -6,   -6,
      -6,  -43,  -12,   -6,   -6,  -30,  -12,  -30,   -6,  -49,   -6,   -6,  -12,  -24,  -30,  -37,
      -9,  -27,   -6,   -6,   -6,   -9,   -6,   -6,   -6,  -12,  -12,   -6,   -3,   -3,   -9,   -6,
     -18,  -12,   -6,   -6,   -6,   -6,   -6,   -6,   -6,   -6,   -6,   -6,   -9,   -6,   -6,   -6,
      -6,   -6,   -6,   -6,  -12,  -12,  -30,  -18,   -6,   -6,  -52,  -30,   -6,  -12,  -18,  -18,
      -6,  -15,  -12,   -6,   -9,   -6,  -30,   -4,  -29,   -8,  -22,  -19,  -16,  -24,  -12,  -42,
      12,  -30,  -12,  -18,  -24,  -18,  -18,  -55, -109, -109, -109, -109,  -55,  -12,  -55,  -55,
     -55,  -55,  -18,  -14,  -24,  -55,  -79, -109,  -55,  -55,  -18,  -36,  -30,  -30,  -55,  -30,
     -55,  -67,  -55,  -52,  -55,  -55,  -55,  -55,  -55,  -55,  -55,  -18,  -18,  -18,  -55,  -55,
     -55,  -55,  -55,  -55,  -55,  -55,  -18,  -18,  -18,  -14,  -55,  -55,  -55,  -55,  -18,  -55,
     -18,  -18,  -55,  -24,  -18, -109,  -67,  -40, -109,  -55,  -61,  -30,   -5,   -4,  -12,   -4,
     -59,  -19,  -69,  -47,  -80,   -8,  -55,  -30,   -6,  -12,   -6,  -12,  -12,  -12,  -18,  -12,
     -12,  -12,  -24,  -12,   -9,   -6,   -6,   -6,  -24,   -6,   -6,   -6,   -4,  -65,  -12,   -6,
      -6,   -6,  -12,   -6, -123,  -66,  -18,  -52, -106, -106, -106, -106,  -52,  -12,  -55, -106,
    -106,  -52,  -21,  -17,  -24,  -55,  -76, -106,  -52,  -55,  -18,  -36,  -79,  -82,  -52,  -88,
     -52,  -64,  -52,  -49,  -55,  -55,  -55,  -55,  -55,  -55,  -55,  -21,  -21,  -21,  -55,  -55,
     -55,  -55,  -55,  -55,  -55,  -55,  -21,  -21,  -21,  -17,  -55,  -55,  -55,  -52,  -21,  -55,
     -21,  -21,  -55,  -24,  -21, -106,  -61,  -40, -106,  -18,  -55,  -55,  -55,  -55,  -55,  -55,
     -12,   -6,   -6,   -6,   15,   -6,   15,   -6,   15,   -6,   -6,   -6,   -6,   12,  -12,  -55,
       3,   -6,   -6,   -6,   -6,   -6,   -6,   -6,   -6,   -6,   -6,   -6,   -6,   -6,   -6,   -6,
      -6,   -6,   -6,   15,  -55,  -49,  -40,  -55,  -18,  -24,  -21,  -24,  -24,  -12,  -18,  -24,
     -18,  -24,  -18,  -18,  -18,  -24,  -12,  -18,  -15,  -24,  -24,  -24,  -24,  -24,  -24,  -24,
     -24,  -24,  -24,  -12,  -24,  -24,  -24,  -24,  -24,  -24,  -18,  -18,  -12,  -24,  -24,  -18,
     -18,  -18,  -61,  -52,  -61,  -73,  -27,   -9,    6,    6,  -18,  -61,    6,  -61,  -61,  -27,
     -61,    6,  -15,  -61,  -15,  -61,  -15,  -55,  -21,  -18,   -6,   -6,  -21,  -12,  -36,  -24,
     -36,  -73,  -61,  -61,  -61,  -61,  -61,  -61,  -61,  -61,  -61,  -61,    6,  -61,  -61,  -61,
     -61,  -61,  -61,  -61,  -55,  -55,  -36,  -61,  -61,  -15,  -52,  -61,  -61,  -24,  -61,  -30,
     -24,  -21,  -27,  -27,  -27,  -27,  -27,  -18,  -24,  -12,  -27,  -27,  -27,  -27,  -27,  -27,
     -27,  -27,  -27,  -27,  -27,  -27,  -27,  -27,  -27,  -27,  -18,  -18,  -27,  -27,  -24,  -61,
     -61,  -36,  -61,  -36,  -24,  -36,  -21,   -6,   -6,    3,   -9,  -49,  -49,  -49,  -24,  -61,
      -9,  -49,   -9,  -49,   -9,  -46,  -21,  -24,   -9,   -9,  -18,   -6,  -36,  -49,  -36,  -36,
     -49,  -49,  -49,  -49,  -49,  -49,  -49,  -49,  -49,  -49,  -49,  -49,  -49,  -49,  -49,  -61,
     -49,  -46,  -46,  -36,  -49,  -49,   -9,  -36,  -61,  -36,  -27,  -36,  -12,  -24,  -36,  -24,
     -24,  -24,   12,  -24,   12,  -24,   12,  -12,  -18,  -36,  -24,  -24,  -24,  -24,  -24,  -24,
     -24,  -24,  -24,  -24,  -24,  -24,  -24,  -24,  -24,  -24,  -24,  -12,  -12,  -18,  -24,  -24,
      12,  -27,  -36,  -36,  -43,  -36,  -40,  -36,  -23,  -30,  -23,  -85,  -43,  -85,  -36,  -18,
     -36,  -36,  -49,  -27,  -24,  -12,  -12,  -12,  -12,  -12,  -12,  -36,  -36,  -12,  -61,  -24,
     -24,  -91,  -73,  -24,  -36,  -61,  -43,  -61,  -12,  -30,   -6,  -43,  -12,  -18,  -79,  -12,
     -43,  -30,  -43,  -36,  -18,  -36,  -73,  -55,  -24,  -24,  -24,  -43,  -43,  -85,   -6,   -6,
      -6,  -12,  -24,   -6,   36,  -30,  -18,  -30,  -33,  -30,  -43,  -55,   73,  -24,   -6,  -55,
     -24,  -12,  -18,   12,  -12,  -36,  -24,  -24,  -18,   -3,   -6,   -6,  -12,  -12,  -18,  -79,
     -79,  -24,  -24,   12,   -6,  -36,  -61,  -24,   -6,   12,   -7,   12,  -12,  -36,  -24,  -30,
     -12,   -6,  -18,  -49,  -12,  -30,  -36,  -12,   -6,  -12,  -24,  -12,  -12,   -3,  -24,  -24,
     -24,  -12,  -30,   12,  -43,  -18,  -43,  -12,  -18,  -79,  -43,  -15,  -12,   12,  -24,   12,
     -15,  -36,  -24,  -55,  -43,   -6,   12,   -6,  -12,  -12,   -6,  -12,  -12,  -12,  -12,  -18,
     -24,  -12,   -6,   -6,   -6,  -36,  -12,  -73,   12,  -12,  -12,  -98,  -18,  -12,  -12,   -9,
      -6,   -6,   -4,   -6,   -4,  -18,   -9,    6,   -9,  -12,  -12,  -12,  -12,   -6,   -6,    6,
       6,    6,    6,    6,    6,    6,   12,    6,    6,    6,   -6,  -12,  -12,   -6,   -6,  -12,
      -4,   -9,   -6,   -6,  -10,  -12,  -24,   -6,   -6,   -6,   -6,  -12,   -6,   -6,   -6,   -6,
      -6,   -3,   -6,  -18,   -6,  -12,   -6,   -6,   -6,   -6,   -6,   -6,   -6,   -6,  -12,  -12,
     -18,  -30,   24,  -18,  -18,  -18,  -24,  -18,   -9,   -6,  -18,  -18,  -18,  -12,  -30,  -24,
     -24,   -6,   -6,   -6,   -6,   -6,   -4,   -3,   -9,   -6,   -6,   -4,   -6,  -24,   -6,  -12,
     -12,   -6,  -12,  -18,   -6,  -12,  -18,  -18,   -6,   -8,  -12,  -18,  -18,   -6,   -6,  -12,
     -18,  -12,   -6,   -6,  -36,  -12,   -3,   12,    6,  -18,  -12,   -6,  -24,  -12,  -18,  -85,
     -85,  -12,   12,  -27,   -6,  -36,  -30,  -12,   12,   12,  -21,   -9,   -6,   -6,   -3,   -6,
      -6,  -18,   -6,   -6,   -6,   -6,  -18,   -6,  -18,   18,  -30,   -6,   -6,   -6,  -85,  -73,
     -18,  -73,  -12,  -24,   -4,  -24,  -30,  -27,  -43,  -12,   -4,  -30,  -36,   -6,  -30,  -22,
     -12,  -24,  -12,  -18,  -22,  -24,  -22,  -24,  -22,  -24,   -6,  -22,   -2,  -18,  -24,  -24,
     -30,  -22,  -24,  -43,  -12,  -18,  -22,  -12,  -24,  -18,  -73,   -6,    6,  -12,  -18,  -30,
     -15,  -18,   -6,    6,  -12,   -6,  -12,   -6,   -6,   -6,  -24,  -18,  -24,  -18,  -21,  -18,
      -3,  -21,  -18,  -24,  -18,  -16,  -18,  -12,  -12,  -18,  -18,  -12,  -12,  -12,  -24,  -36,
     -12,  -18,  -18,  -12,  -12,  -18,  -12,  -12,  -18,  -24,   73,  -30,    6,  -18,  -30,  -33,
     -30,  -43,  -55,   73,   -6,   -8,  -12,  -18,  -18,   -6,   -6,  -12,  -18,  -12,   -6,   -6,
     -18,   -6,   -3,   12,    6,  -18,   -6,   -6,  -24,  -12,  -18,  -12,   -9,  -12,  -12,   -6,
     -12,  -30,  -30,  -12,   -6,   -6,   -6,   -6,   -6,   -6,   -6,   -6,   -6,   -6,   -3,   -6,
     -30,  -12,   -6,   -6,  -73,  -36,   -6,   -6,  -24,   -6,  -15,  -24,  -27,   -6,  -41,   -6,
      -6,   -6,   -6,   -6,   -9,   -6,   -6,  -41,  -24,  -12,  -30,  -24,  -18,  -36,  -43,  -43,
     -12,   -6,   -9,   -9,  -15,  -12,   -9,  -15,   -9,   -9,   -9,  -12,  -12,   -6,   -9,  -15,
     -15,   -6,   -6,  -15,  -43,  -12,  -12,   -6,   -9,   -3,   -6,  -24,   -3,   -6,   -6,   -3,
      -3,  -12,  -12,  -12,   -9,   -3,  -15,  -12,  -12,   -9,   -6,  -15,  -12,   -3,  -12,  -12,
     -12,   -6,   -6,   -6,   -6,  -12,  -12,  -12,   -6,   -6,   -6,   -6,   -6,   -6,   -6,  -12,
      -6,   -6,   -6,   -6,   -6,   -6,   -6,   -6,   -6,   -6,   -6,   -6,  -12,  -12,  -12,   -6,
      -6,   -6,   -6,   -6,   -6,   -6,   -6,   -6,   -6,   -6,   -6,   -6,   -6,   -6,   -6,   -6,
      -6,   -6,   -6,  -12,  -12,  -12,   -6,   -6,   -6,   -6,   -6,   -6,   -6,  -12,   -6,   -6,
      -6,  -12,   -6,   -6,   -6,   -6,  -12,   -6,   -6,   -6,  -12,  -12,  -12,   -6,   -6,   -6,
      -6,   -6,  -12,   -6,  -12,   -6,   -9,   -6,  -12,   -6,  -12,   -6,   -6,   -6,   -6,  -12,
      -6,  -12,  -12,  -12,   -3,   -3,   -6,   -6,  -18,   -3,   -6,   -6,   -6,   -3,   -6,   -6,
      -3,   -9,   -6,   -6,   -9,   -9,   -3,   -6,  -15,   -3,   -3,  -12,  -17,   -9,  -17,  -12,
     -12,  -36,  -36,   -3,   -3,   -6,   -6,  -18,   -3,   -6,   -6,   -6,   -3,   -6,   -6,   -3,
      -9,   -6,   -6,   -9,   -9,   -3,   -6,  -15,   -3,   -3,  -12,  -17,   -9,  -17,  -12,  -36,
      -4,  -49,  -49,  -18,   -9,  -13,   -7,   -6,   -6,  -17,   -7,  -21,  -15,   -7,   -7,   -4,
      -9,  -12,   -9,   -7,  -21,  -28,   -7,  -16,   -6,  -12,  -49,  -10,   -3,   -3,   -6,   -3,
      -3,   -3,   -3,   -6,   -3,   -6,   -6,   -3,   -3,   -3,  -12,  -18,  -18,   -7,   -6,  -12,
     -27,  -13,  -18,  -18,  -18,   -7,   -6,   -6,  -27,  -13,  -18,  -24,  -24,   -6,   -6,   -6,
      -6,   -6,   -6,   -6,   -6,   -6,   -6,   -6,   -6,   -6,   -6,   -6,   -6,   -6,   -6,   -6,
      -6,  -24,  -12,  -12,   -6,   -9,   -3,   -6,  -24,   -3,  -12,   -6,   -3,   -3,  -12,  -12,
     -12,   -9,   -3,  -12,  -12,  -12,   -9,   -6,  -15,  -12,  -12,   -6,   -6,  -12,   -6,  -12,
     -12,   -6,   -6,   -6,   -6,  -12,   -6,   -6,   -6,   -4,   -4,   -6,   -4,   -4,   -4,   -4,
      -6,   -4,   -4,   -4,   -6,   -6,   -6,   -6,  -12,  -12,   -6,   -6,   -6,   -6,   -6,   -6,
     -12,   -6,   -6,  -12,   -6,   -6,  -12,   -6,   -6,   -6,   -6,   -6,   -6,   -6,   -6,   -6,
      -6,   -6,   -6,   -6,   -6,  -30,  -49,   12,  -30,  -36,  -24,  -47,  -18,   -3,   -6,   -6,
     -12,  -12,  -49, -128,  -43,  -85,  -36,  -18,  -36,  -36,  -49,  -27,  -24,  -12,  -12,  -30,
     -21,  -12,  -12,  -36,  -36,  -24,  -79,  -79,  -24,  -91,  -85,  -49,  -91,  -79,  -43,  -61,
     -24,  -30,  -30,  -85,  -43,  -36,  -79,  -43,  -43,  -79,  -43,  -36,  -18,  -91,  -73,  -67,
     -79,  -24,  -24,  -43,  -43,  -85,  -97,  -97,  -30,   -6,  -24,  -30,  -15,  -24,  -27,  -30,
     -81,  -30,  -30,  -30,   -6,  -24,   -9,  -15,  -30,  -81,  -49,  -30,  -30,  -24,  -18,  -97,
     -73,  -36,   -6,   -6,  -24,   -6,  -15,  -24,  -27,   -6,  -41,  -12,   -6,   -6,   -6,   -6,
      -9,   -6,   -6,  -41,  -24,  -12,  -30,  -24,  -18,  -36,  -79,  -79,  -24,  -24,   12,  -12,
     -36,  -61,  -24,  -12,   12,   -7,   12,  -12,  -36,  -24,  -30,  -12,   -6,  -18,  -49,  -12,
     -30,  -36,  -12,   -6,  -12,  -24,  -12,  -12,   -3,  -24,  -24,  -24,  -12,  -30,   12,  -43,
     -18,  -43,  -12,  -18,  -79,  -49,   -6,  -30,   -6,  -43,  -12,  -55,  -49,  -49,  -30,  -61,
     -61,  -73,  -12,  -10,  -24,  -15,    6,  -15,  -15,  -18,    6,   18,  -15,  -15,  -30,   -6,
     -61,  -73,  -15,  -15,  -15,  -15,  -15,  -15,  -15,   18,   43,   58,  -15,  -15,  -15,    6,
     -15,  -15,  -15,  -15,  -15,  -18,   18,   43,   18,  -10,  -15,  -30,  -30,   18,  -15,   79,
      33,  -15,   18,  -43,  -61,  -61,  -61,  -61,  -73,  -30,  -12,  -12,  -63,  -63,  -63,  -30,
     -49,    9,  -12,  -63,  -12,  -63,  -12,  -49,  -12,  -30,  -24,  -24,  -12,  -21,  -73,  -73,
     -63,  -63,  -63,  -63,  -63,  -63,  -63,    9,   21,   33,  -63,  -63,  -63,  -63,  -63,  -63,
     -63,  -63,  -49,    9,   27,    9,  -63,  -49,  -49,  -21,    9,  -99,   61,    9, -108,  -12,
       9,  -61,  -61,  -49,  -36,  -18,  -67,  -61,  -55,  -73,  -36,   -6,  -18,   -6,   -6,   -6,
     -30,  -18,  -24,  -24,  -18,  -18,  -18,   -6,  -18,  -18,  -18,  -67,  -18,  -18,  -18,   -6,
     -18,  -61,  -79,  -19,  -36,  -61,  -19,  -67,  -73,  -43,  -36,  -24,  -82,  -15,
};

static const EpdLigaturePair literatamono_18_italicLigaturePairs[] = {
    { 0x00660069, 0xFB01 }, // f i -> U+FB01
    { 0x0066006C, 0xFB02 }, // f l -> U+FB02
};

static const EpdFontData literatamono_18_italic = {
    literatamono_18_italicBitmaps,
    literatamono_18_italicGlyphs,
    literatamono_18_italicIntervals,
    68,
    56,
    45,
    -12,
    true,
    literatamono_18_italicGroups,
    13,
    nullptr,
    nullptr,  // kernLeftClasses: built-in fonts use the split arrays below
    nullptr,  // kernRightClasses
    literatamono_18_italicKernLeftCodepoints,
    literatamono_18_italicKernLeftClassIds,
    literatamono_18_italicKernRightCodepoints,
    literatamono_18_italicKernRightClassIds,
    nullptr,  // kernMatrix: built-in fonts use the sparse form below
    literatamono_18_italicKernRowOffsets,
    literatamono_18_italicKernSparseCols,
    literatamono_18_italicKernSparseValues,
    526,
    501,
    147,
    173,
    literatamono_18_italicLigaturePairs,
    2,
};
