/**
 * generated by fontconvert.py
 * name: literatamono_18_bold
 * size: 18
 * mode: 2-bit  compressed: true
 * Command used: fontconvert.py literatamono_18_bold 18 ../builtinFonts/source/Literata/Literata-Bold.ttf --2bit --compress --pnum --zopfli --mono
 */
#pragma once
#include "EpdFontData.h"

static const uint8_t literatamono_18_boldBitmaps[19789] = {
    0xAC, 0x95, 0x5D, 0x8A, 0x23, 0x3B, 0x0C, 0x85, 0x0F, 0xE8, 0xB5, 0x41, 0x5B, 0x99, 0x05, 0x04,
    0xB4, 0x75, 0x41, 0x2F, 0x60, 0xB6, 0x22, 0x98, 0x57, 0xC1, 0x77, 0x63, 0xB9, 0xAA, 0x2B, 0xC9,
    0xA4, 0xEF, 0xBF, 0x23, 0x7F, 0x27, 0x38, 0xB6, 0x7C, 0x5C, 0xEE, 0x52, 0xCB, 0x14, 0x45, 0x5F,
    0x9F, 0xA8, 0xE3, 0x93, 0x91, 0xFE, 0xF0, 0x91, 0xF4, 0x30, 0x37, 0xCA, 0x14, 0x09, 0x9F, 0x2B,
    0xE2, 0x1E, 0xB9, 0xA3, 0x43, 0xED, 0x2B, 0x6E, 0xB2, 0x16, 0x7A, 0xCF, 0x96, 0xB3, 0xDA, 0x66,
    0x0C, 0xE5, 0x65, 0xAD, 0x8B, 0x75, 0x67, 0x6E, 0xFA, 0x9D, 0xB1, 0x38, 0x33, 0x9B, 0x07, 0x2A,
    0xC6, 0x5A, 0x28, 0xEE, 0xE4, 0x37, 0x0E, 0x5E, 0x79, 0xBB, 0x83, 0x6E, 0x69, 0x12, 0xD8, 0xD0,
    0xC9, 0xB8, 0x73, 0x22, 0xD6, 0xE0, 0xA2, 0xBE, 0xC8, 0xAC, 0xA4, 0x86, 0xA4, 0xE4, 0xD0, 0x43,
    0xF2, 0xC8, 0xA0, 0x18, 0x1A, 0x20, 0x29, 0x86, 0x02, 0x99, 0x14, 0x24, 0x9A, 0x2D, 0x16, 0x15,
    0x39, 0xAC, 0xE1, 0x6C, 0x11, 0x40, 0x29, 0x26, 0x75, 0x18, 0xBD, 0x7D, 0xBE, 0x65, 0x94, 0x44,
    0xC9, 0x41, 0x22, 0xC7, 0x8D, 0xB1, 0x86, 0xB7, 0x92, 0x51, 0xDE, 0xCF, 0x1A, 0xB5, 0x95, 0x1C,
    0x4D, 0x72, 0xE6, 0x7F, 0x1E, 0x3E, 0x6D, 0xA9, 0xD1, 0xDE, 0x6A, 0x29, 0x14, 0x75, 0x1C, 0xB4,
    0x18, 0x27, 0x7C, 0x62, 0x5C, 0x6A, 0xD8, 0xA8, 0xF7, 0xB3, 0x46, 0x3D, 0x2B, 0x29, 0x68, 0xD9,
    0x98, 0x2C, 0x4D, 0x8A, 0x1F, 0x92, 0x3E, 0x34, 0xCD, 0xE9, 0x51, 0x60, 0x89, 0xF1, 0x49, 0x8E,
    0x2A, 0x96, 0x7A, 0xBF, 0x28, 0xCF, 0x6A, 0x24, 0xF2, 0x96, 0xF1, 0xAB, 0x15, 0x48, 0x50, 0x02,
    0x29, 0x90, 0x6D, 0x4D, 0xAF, 0xF9, 0x5E, 0x9E, 0xB7, 0xB9, 0xAF, 0x38, 0x0E, 0xB5, 0x94, 0x0C,
    0x18, 0x75, 0x7A, 0xD4, 0x0E, 0xD5, 0xA9, 0x81, 0x8E, 0x47, 0x5D, 0x87, 0xB6, 0x0B, 0x14, 0x40,
    0x2E, 0x04, 0x4C, 0xDE, 0xC9, 0x30, 0xFB, 0xA7, 0xA4, 0xD5, 0xA5, 0x48, 0x92, 0x8C, 0xF3, 0x23,
    0x97, 0x4B, 0x56, 0xF2, 0x89, 0xC8, 0xD9, 0x50, 0x86, 0x9C, 0x39, 0xE3, 0x19, 0xD4, 0xDF, 0x8C,
    0x6B, 0x89, 0xDF, 0x03, 0xD9, 0x84, 0xC8, 0x15, 0x91, 0xF2, 0x92, 0xDD, 0x23, 0x6F, 0x12, 0x52,
    0x9C, 0x63, 0x3E, 0xF3, 0x8D, 0x1D, 0x79, 0x8F, 0x77, 0xD9, 0x7B, 0xE2, 0xAD, 0x9B, 0xB4, 0x89,
    0xC3, 0x7C, 0x4F, 0x94, 0x62, 0x9F, 0x49, 0x6A, 0xE9, 0x26, 0xC9, 0x73, 0xFA, 0x87, 0x67, 0x86,
    0x7F, 0x56, 0xFC, 0xFC, 0xD9, 0xF1, 0x2B, 0x6A, 0xDF, 0x4C, 0xC9, 0x21, 0x81, 0x35, 0x5E, 0xEB,
    0x77, 0x79, 0x8E, 0xC1, 0xBD, 0xAE, 0xDE, 0x76, 0x5E, 0xDA, 0x1E, 0x7F, 0xDF, 0x23, 0x39, 0xEB,
    0x54, 0x5B, 0x59, 0x79, 0x45, 0xA2, 0xD6, 0x0F, 0x41, 0x7D, 0xC5, 0x53, 0xE5, 0x2B, 0x93, 0xC6,
    0x9B, 0xC6, 0x88, 0xB8, 0x20, 0xC9, 0x06, 0x2D, 0xC9, 0x2F, 0xCC, 0xDC, 0x7A, 0xB3, 0x4A, 0x7F,
    0x6F, 0x55, 0xFE, 0xB6, 0xCA, 0xFE, 0xE6, 0x2A, 0x16, 0xA4, 0x8F, 0xEB, 0x45, 0x0A, 0x48, 0x09,
    0x28, 0xD9, 0x2E, 0x65, 0x68, 0x71, 0x7F, 0xB9, 0x98, 0x77, 0xDA, 0x49, 0xFE, 0x21, 0x63, 0xF3,
    0xCA, 0x76, 0xC5, 0x95, 0x76, 0x3C, 0x08, 0xC8, 0xF1, 0x76, 0xF9, 0x2C, 0xC1, 0xD5, 0x8D, 0x92,
    0xFE, 0xA7, 0x6E, 0xB4, 0x80, 0x3A, 0xBB, 0x94, 0xD2, 0xEC, 0xE2, 0xD0, 0x0A, 0x40, 0xA4, 0x93,
    0xA4, 0x91, 0x94, 0x51, 0x17, 0x62, 0x5B, 0x31, 0xF2, 0x80, 0x2F, 0x04, 0xBA, 0xA3, 0x25, 0xD1,
    0xDA, 0x33, 0x66, 0xDC, 0xAF, 0xF1, 0xB2, 0x32, 0xD2, 0xCB, 0x91, 0x57, 0xB4, 0xA2, 0x00, 0x5E,
    0x31, 0x45, 0xEF, 0x38, 0x31, 0xC8, 0x81, 0x8C, 0xB2, 0x05, 0x51, 0x2C, 0xC4, 0x17, 0x3C, 0x35,
    0x5E, 0x1E, 0x77, 0x3A, 0xF7, 0xAD, 0x05, 0x24, 0x83, 0x3C, 0x1C, 0x89, 0x7E, 0xC1, 0x6D, 0x21,
    0x64, 0x0F, 0x0E, 0xD2, 0x81, 0xED, 0x40, 0x5A, 0x7D, 0x26, 0x9F, 0xB4, 0xA1, 0x0F, 0xE3, 0x81,
    0x2C, 0x5A, 0x0F, 0x6B, 0xD1, 0x87, 0x91, 0x43, 0x2D, 0xB2, 0x68, 0x3D, 0xAC, 0x45, 0x1F, 0x46,
    0x2E, 0x32, 0xFB, 0xC7, 0xC5, 0xC3, 0xEE, 0x3B, 0x02, 0xF5, 0x48, 0xFB, 0x16, 0x2D, 0xE9, 0x15,
    0xA5, 0xC3, 0x9C, 0x9F, 0x87, 0xAD, 0x81, 0x95, 0x5D, 0x4F, 0x26, 0x06, 0x7C, 0xA1, 0x07, 0xBE,
    0x30, 0x7E, 0x4F, 0x9F, 0xD7, 0xD3, 0x6A, 0xED, 0x9B, 0x93, 0x72, 0x3F, 0xF3, 0xC7, 0xBF, 0xA5,
    0x32, 0x6C, 0x4D, 0x75, 0xB4, 0xD1, 0xD1, 0xB2, 0x3A, 0xD2, 0x0E, 0xA2, 0x27, 0x6D, 0x4E, 0x66,
    0xF8, 0x45, 0x83, 0xA2, 0xB7, 0xCF, 0x0B, 0x75, 0x47, 0xF4, 0x2B, 0xA2, 0x1D, 0xD1, 0x73, 0x68,
    0x01, 0x79, 0xDC, 0xCA, 0x4D, 0x02, 0xE8, 0x57, 0xA4, 0xBC, 0x90, 0x62, 0x81, 0xEC, 0x87, 0x3A,
    0xE2, 0xE3, 0xA6, 0x4E, 0x90, 0x07, 0xEC, 0xC2, 0x4C, 0x7B, 0x83, 0xF8, 0x0E, 0x9E, 0xE7, 0x4B,
    0x1D, 0xA0, 0xF1, 0x37, 0x4E, 0xC7, 0xF3, 0x72, 0xBF, 0xE0, 0x8F, 0x60, 0x8D, 0x51, 0x94, 0x9F,
    0x93, 0xA5, 0x41, 0x40, 0x6A, 0xAF, 0x8D, 0x59, 0x0B, 0x51, 0x0A, 0x28, 0xF9, 0x7B, 0x4C, 0x7A,
    0x38, 0x52, 0x1D, 0x17, 0x55, 0x3A, 0x6E, 0x2B, 0xE8, 0xC7, 0xF7, 0x0C, 0x71, 0xBC, 0x99, 0xA5,
    0xE8, 0x37, 0xE0, 0x01, 0xB3, 0x39, 0xB6, 0x00, 0x38, 0xC7, 0x48, 0x4B, 0x7A, 0x01, 0xF5, 0xB1,
    0x10, 0xB2, 0x3B, 0x38, 0x2E, 0x79, 0xA7, 0xB0, 0xAF, 0xF7, 0xEC, 0xCD, 0x7F, 0x97, 0x69, 0x6F,
    0x7E, 0xC9, 0x7D, 0x24, 0x08, 0xA2, 0x95, 0xBA, 0xDA, 0x54, 0x96, 0x60, 0x7D, 0x1C, 0xB5, 0xDA,
    0xDA, 0x2B, 0x32, 0xF4, 0xA1, 0x63, 0x97, 0x1A, 0x4F, 0xC6, 0x14, 0x77, 0x8D, 0x94, 0x82, 0x87,
    0xFA, 0xB8, 0x4B, 0xC8, 0x4C, 0x51, 0xCC, 0x97, 0x73, 0xF4, 0x7C, 0x74, 0x3F, 0x78, 0x69, 0x7A,
    0x68, 0xBC, 0xB4, 0x9B, 0xA4, 0xC8, 0x23, 0x37, 0x3B, 0xB7, 0x9E, 0x72, 0x47, 0xEF, 0x7E, 0x7A,
    0x62, 0x86, 0x83, 0x3D, 0x8D, 0x94, 0x6E, 0xC7, 0x75, 0x7D, 0x5F, 0xA8, 0x65, 0x24, 0x79, 0xC1,
    0xC9, 0x8F, 0xAB, 0x32, 0xDB, 0xD8, 0x7F, 0x2E, 0xCA, 0xD7, 0xFF, 0x49, 0xCF, 0x27, 0x5C, 0xCD,
    0x16, 0xE2, 0x4D, 0xE1, 0x8C, 0x3A, 0x7F, 0x1D, 0x37, 0x33, 0x8D, 0xA3, 0xCE, 0xC2, 0xDE, 0xAC,
    0x0D, 0xF6, 0xB9, 0x8C, 0x14, 0x39, 0xCB, 0x0C, 0xCD, 0xD6, 0xDE, 0x8A, 0x36, 0x6B, 0x2F, 0x03,
    0xAC, 0x23, 0xBD, 0x1D, 0x11, 0x39, 0x73, 0x2E, 0x15, 0xB9, 0x74, 0x8E, 0x79, 0x6A, 0x8F, 0xEA,
    0xD4, 0xDB, 0xA5, 0xBD, 0xD5, 0x96, 0x66, 0xB5, 0x57, 0xE8, 0x8F, 0x5E, 0xCD, 0x28, 0x35, 0x96,
    0x9C, 0x87, 0xC2, 0x02, 0xBD, 0x0E, 0x68, 0x2B, 0x59, 0xC0, 0x0F, 0xDA, 0xBA, 0xA0, 0x17, 0x70,
    0xB7, 0x22, 0xC8, 0xAB, 0xE0, 0xFC, 0x94, 0x74, 0x70, 0xB9, 0x2A, 0x7D, 0x9B, 0xA4, 0x99, 0x4C,
    0xC6, 0x7D, 0x3E, 0xCD, 0x4D, 0x77, 0xB5, 0xCB, 0xB2, 0x25, 0x5B, 0x15, 0x7C, 0x7E, 0x56, 0x1F,
    0xCE, 0x10, 0x40, 0x78, 0x5F, 0xA5, 0xC4, 0x53, 0x52, 0x94, 0x83, 0x20, 0xB2, 0x76, 0xDB, 0x8A,
    0x64, 0x08, 0x00, 0x70, 0x70, 0x56, 0xCD, 0x04, 0x78, 0xBE, 0x33, 0xBF, 0xC2, 0x50, 0x1B, 0xFC,
    0x0F, 0x76, 0x58, 0x03, 0x86, 0x38, 0xA0, 0x8D, 0x6A, 0x68, 0x29, 0xF2, 0x80, 0x34, 0xB2, 0xD1,
    0x59, 0xA1, 0xE1, 0x07, 0xD6, 0x59, 0x09, 0x58, 0xE8, 0x59, 0x44, 0x04, 0xA1, 0xE8, 0xDE, 0x10,
    0x8C, 0x83, 0x77, 0x00, 0x0C, 0x88, 0xAD, 0x10, 0x43, 0xA0, 0x27, 0x8C, 0xB5, 0xBE, 0x6E, 0x86,
    0xB5, 0xB3, 0x01, 0xA2, 0x75, 0x6C, 0xFE, 0x36, 0x15, 0x21, 0xD4, 0x7A, 0xA1, 0x8A, 0x34, 0x04,
    0xB3, 0x2D, 0x82, 0xFD, 0x01, 0xC7, 0x39, 0xB4, 0x2F, 0xFD, 0x48, 0xF1, 0xD5, 0xEF, 0x54, 0xA4,
    0xF4, 0xA7, 0xC4, 0xD3, 0x30, 0xAB, 0x5C, 0x44, 0x6B, 0x14, 0xA3, 0xED, 0x89, 0x6F, 0x69, 0xDD,
    0xD5, 0xB1, 0xF4, 0xC3, 0x11, 0x22, 0x65, 0x3D, 0x11, 0x74, 0xEF, 0x9C, 0x83, 0xDB, 0x89, 0xE4,
    0x42, 0x04, 0x00, 0x02, 0x44, 0xF4, 0x96, 0x91, 0xC7, 0x38, 0xA0, 0xE1, 0x03, 0x43, 0x6C, 0x50,
    0x02, 0xF9, 0x26, 0x62, 0x83, 0x11, 0x97, 0xEF, 0xE3, 0x21, 0x1D, 0xB9, 0x77, 0x30, 0x1B, 0x25,
    0x0D, 0xE0, 0xA2, 0x86, 0xE0, 0x85, 0x46, 0x7D, 0x53, 0x6B, 0xED, 0xA5, 0x6C, 0xAD, 0x7E, 0x2A,
    0x70, 0xD7, 0x18, 0xF5, 0xED, 0xFD, 0x32, 0x6A, 0x79, 0xAA, 0x8F, 0xC6, 0x7C, 0x2F, 0x00, 0x5C,
    0xF5, 0xDD, 0x1E, 0x52, 0x2D, 0x0E, 0xF5, 0x53, 0x81, 0xBB, 0x86, 0x6F, 0x6A, 0xAD, 0x22, 0x4F,
    0xD4, 0x5A, 0x01, 0xC4, 0x55, 0x7B, 0xBA, 0x66, 0xDF, 0xF7, 0x67, 0x0A, 0x27, 0xAC, 0xA0, 0xA1,
    0x48, 0xBA, 0x80, 0x87, 0x8A, 0x03, 0x33, 0x5F, 0x09, 0xC6, 0xD3, 0x41, 0x70, 0x6E, 0xFE, 0x15,
    0x0A, 0x24, 0x81, 0x22, 0x7A, 0xCA, 0x1E, 0xB0, 0x05, 0x07, 0x11, 0x07, 0x98, 0xDB, 0x94, 0x33,
    0x80, 0x70, 0xA0, 0xB8, 0x31, 0x06, 0xE3, 0xB8, 0x70, 0x90, 0xAF, 0xE8, 0x45, 0xB0, 0x26, 0xDC,
    0x1B, 0x00, 0x70, 0xC7, 0xBB, 0x17, 0xEB, 0x81, 0x44, 0x3E, 0xED, 0xE7, 0xFA, 0x99, 0xCE, 0xBE,
    0xD5, 0x38, 0x07, 0x79, 0x51, 0xBD, 0x08, 0x67, 0x80, 0xFE, 0x0B, 0x62, 0xA1, 0x3C, 0xCF, 0x60,
    0xC4, 0x10, 0x93, 0xDA, 0xC2, 0x21, 0xBE, 0x76, 0xB9, 0x3C, 0xB5, 0x2C, 0xCF, 0x04, 0x00, 0x3D,
    0x41, 0xC7, 0xCE, 0x62, 0x6A, 0x78, 0x34, 0x20, 0x07, 0xB4, 0x1A, 0x96, 0x0D, 0x8F, 0x06, 0xA6,
    0x6C, 0x54, 0x8D, 0x3F, 0x68, 0x00, 0x71, 0x41, 0x0E, 0xEA, 0x40, 0x0E, 0xC2, 0xB1, 0xC3, 0xE8,
    0x15, 0xE4, 0x06, 0x41, 0xB1, 0x9F, 0x75, 0xC0, 0xB9, 0x5C, 0x51, 0x3C, 0x76, 0xF7, 0x18, 0x5E,
    0xD4, 0x90, 0x5C, 0x5E, 0xBF, 0xA1, 0x1E, 0x77, 0xDD, 0xBC, 0x6C, 0xCF, 0x42, 0x8B, 0xB3, 0x16,
    0x19, 0x9B, 0xD1, 0x7E, 0x47, 0xE8, 0x18, 0x35, 0x3E, 0x71, 0xE4, 0x33, 0xA3, 0x90, 0x02, 0xD0,
    0x28, 0x1A, 0x3A, 0x86, 0x97, 0xE6, 0xD5, 0x30, 0xD8, 0x32, 0x02, 0xD5, 0x86, 0x8F, 0xA1, 0x80,
    0xF8, 0xC5, 0x90, 0xD3, 0xA8, 0xDD, 0xE8, 0x80, 0x92, 0x6D, 0xE4, 0x69, 0xD8, 0x18, 0xC5, 0x84,
    0xC6, 0xB2, 0x02, 0xF2, 0x99, 0x91, 0x07, 0x81, 0xDA, 0x30, 0x75, 0x52, 0x16, 0x9E, 0x42, 0x81,
    0xB8, 0x20, 0x07, 0x75, 0xA0, 0x08, 0xC7, 0x0E, 0x43, 0x0C, 0xF2, 0x80, 0x0E, 0x04, 0xB5, 0xC3,
    0x41, 0xE0, 0x80, 0x0D, 0xF4, 0x02, 0x01, 0xC2, 0x66, 0x93, 0x0C, 0x24, 0x21, 0xB6, 0xB0, 0x36,
    0xC4, 0xDB, 0x36, 0x6D, 0x0B, 0xBD, 0xCA, 0xD0, 0xEB, 0x10, 0x83, 0x1C, 0x60, 0x65, 0x80, 0x18,
    0x27, 0x13, 0x89, 0xFC, 0x21, 0xF8, 0xF1, 0x2B, 0x18, 0x7A, 0x89, 0xFE, 0xF6, 0x9A, 0x34, 0x90,
    0x6B, 0xAF, 0xE0, 0x00, 0x17, 0x5E, 0xAE, 0xED, 0xFC, 0x37, 0xB6, 0x65, 0xF9, 0x0D, 0x3D, 0xDF,
    0x0F, 0x6C, 0x9B, 0xB3, 0x3C, 0xB4, 0x2E, 0x4B, 0xE4, 0x8D, 0x3C, 0xC7, 0xC1, 0xE6, 0x68, 0x73,
    0xB8, 0xD7, 0x96, 0x82, 0xB9, 0x8E, 0x23, 0x7E, 0x90, 0x76, 0x9D, 0x64, 0x94, 0xE0, 0x80, 0x9C,
    0x94, 0x9F, 0xB0, 0x3C, 0x9A, 0x40, 0xE9, 0x10, 0x07, 0x1D, 0x0F, 0x3C, 0xE6, 0xBB, 0x81, 0x21,
    0x57, 0x6F, 0xB0, 0x04, 0x94, 0x86, 0x3A, 0xFB, 0x2B, 0xCE, 0xFE, 0x2B, 0x29, 0x12, 0xC8, 0x66,
    0xFB, 0x4C, 0x66, 0x2C, 0xBC, 0xB9, 0x0A, 0xEE, 0xAB, 0x00, 0x9F, 0x4D, 0x03, 0x3D, 0xD7, 0xA8,
    0x06, 0xBF, 0x14, 0x4C, 0x59, 0x8C, 0x91, 0x2F, 0xC1, 0x77, 0x36, 0x1C, 0x97, 0x28, 0x2C, 0x1B,
    0x1E, 0xAC, 0x73, 0xFD, 0x25, 0x26, 0x13, 0x71, 0x8B, 0xD0, 0x36, 0x38, 0x73, 0x87, 0x00, 0x79,
    0xC0, 0x79, 0xDB, 0xB3, 0x8E, 0x52, 0x1C, 0x9F, 0xA9, 0xAB, 0x14, 0xE4, 0xBD, 0x52, 0x53, 0xEC,
    0x10, 0x2D, 0x50, 0xA4, 0x66, 0x10, 0x39, 0x91, 0x5B, 0x26, 0x76, 0xB4, 0xA4, 0x60, 0x55, 0x6A,
    0xA4, 0x45, 0x01, 0xD6, 0x18, 0xE8, 0x8F, 0x96, 0x42, 0x4C, 0x61, 0x87, 0x45, 0xB7, 0x02, 0x10,
    0xE5, 0xA8, 0x4E, 0x15, 0x4C, 0x1E, 0x71, 0x41, 0x3A, 0x0C, 0x1D, 0x4B, 0x0C, 0xE2, 0x89, 0x03,
    0x96, 0x90, 0x2F, 0xD0, 0xE2, 0xE9, 0xF6, 0x97, 0x11, 0xAD, 0xC0, 0x1D, 0x1C, 0x8B, 0x2B, 0xA6,
    0x80, 0x10, 0x0D, 0xFF, 0xEF, 0x20, 0x07, 0x58, 0x44, 0x18, 0x28, 0xD6, 0xC1, 0xD6, 0xCE, 0x69,
    0x16, 0x2B, 0x29, 0x4F, 0xA1, 0x61, 0xDB, 0xAC, 0xD9, 0x82, 0xF5, 0x55, 0x6A, 0x5D, 0x9A, 0xA8,
    0x05, 0x88, 0x38, 0x01, 0x82, 0xDE, 0x20, 0x82, 0xE0, 0xA6, 0x64, 0x90, 0x07, 0x04, 0xE9, 0xB1,
    0xA1, 0x1A, 0x5E, 0x90, 0x0D, 0x0C, 0x3C, 0x57, 0x7C, 0x3D, 0x8B, 0x03, 0x3C, 0x20, 0x20, 0xC7,
    0x4C, 0x9A, 0x61, 0x63, 0xDA, 0x94, 0x7C, 0xBA, 0x5F, 0x8D, 0x14, 0x5D, 0xCF, 0xAB, 0xC4, 0xC6,
    0x74, 0xD0, 0xAC, 0xAB, 0x09, 0xB1, 0xE8, 0xFB, 0x74, 0x5F, 0x26, 0xF8, 0x88, 0xCD, 0x71, 0x33,
    0xC3, 0xA7, 0xD4, 0x52, 0x0C, 0x25, 0x06, 0x2D, 0x45, 0xE0, 0x6E, 0x3E, 0x4A, 0x91, 0x5C, 0xE5,
    0x29, 0x48, 0x6E, 0xD0, 0xAE, 0xE6, 0xE7, 0x98, 0x48, 0x86, 0x60, 0xE1, 0xCE, 0xE3, 0x9B, 0xE6,
    0x1A, 0x2B, 0xC7, 0x2A, 0xD8, 0xB7, 0x5F, 0x09, 0x0C, 0x94, 0xB5, 0xA7, 0x35, 0x57, 0x64, 0x39,
    0xAD, 0xE1, 0x4C, 0x7F, 0xE3, 0xA6, 0xE5, 0x98, 0x46, 0x3E, 0xF3, 0xC8, 0xD5, 0x5B, 0x2C, 0x8B,
    0xCC, 0xC7, 0xA7, 0xF4, 0x31, 0xB0, 0x9A, 0xA9, 0xC4, 0xAA, 0xD7, 0x76, 0xA2, 0x4D, 0x66, 0xC5,
    0x3B, 0x10, 0x7E, 0x87, 0x61, 0x4B, 0xB7, 0xFB, 0xA4, 0xD4, 0xBA, 0xDF, 0x8A, 0x12, 0x6B, 0xE2,
    0x41, 0xB6, 0x3B, 0x7A, 0x3E, 0xC7, 0xE2, 0xA7, 0xE0, 0xD0, 0x23, 0x6E, 0x00, 0x00, 0xE4, 0x55,
    0xB9, 0xB7, 0x30, 0x04, 0xD3, 0x98, 0x08, 0x46, 0x4B, 0xC0, 0x6B, 0x19, 0x62, 0xA9, 0x63, 0x7F,
    0x22, 0xD1, 0x9A, 0xF7, 0x5F, 0x8E, 0x96, 0x68, 0xF6, 0x44, 0x4F, 0xA3, 0x86, 0x78, 0xFA, 0x54,
    0xBF, 0x8B, 0x47, 0x2A, 0xDC, 0x35, 0xD8, 0x52, 0x7E, 0xBD, 0x21, 0xD8, 0x62, 0x7B, 0x64, 0x4F,
    0xB1, 0x96, 0xA2, 0x88, 0xB6, 0xF4, 0x7D, 0x8D, 0x44, 0xCB, 0xAB, 0xCF, 0xE9, 0x77, 0x3F, 0x67,
    0xCF, 0x3E, 0x87, 0x27, 0x9F, 0xF3, 0x16, 0x8E, 0x11, 0xA3, 0xCD, 0x6F, 0x36, 0x45, 0x00, 0x6C,
    0xD3, 0x8F, 0xFD, 0xD1, 0x5B, 0xF6, 0x7C, 0xA5, 0xE0, 0x81, 0xDE, 0x2A, 0x84, 0xB2, 0x4E, 0xEA,
    0x39, 0x8F, 0x17, 0x72, 0xB2, 0xAE, 0xC2, 0x42, 0xA4, 0x6B, 0xEB, 0x01, 0xBA, 0x9B, 0xE2, 0x13,
    0xC8, 0x83, 0x07, 0x09, 0x65, 0x79, 0x31, 0x44, 0xB9, 0xF9, 0x13, 0x20, 0x99, 0xE5, 0x8E, 0x2B,
    0x1E, 0x1A, 0xAB, 0x8A, 0x43, 0xB5, 0x7D, 0x37, 0x69, 0x67, 0xA5, 0xC5, 0x66, 0x77, 0x56, 0xE7,
    0x3B, 0xB1, 0xA9, 0x77, 0xB1, 0xCD, 0xB9, 0x8C, 0x6B, 0x42, 0xB5, 0xA3, 0x37, 0x03, 0xC1, 0x9D,
    0xCA, 0xAE, 0x7F, 0xBE, 0x77, 0x08, 0xD4, 0x56, 0xA0, 0x0F, 0xBB, 0xCC, 0x68, 0xA9, 0x28, 0x65,
    0x39, 0xB1, 0xA8, 0xEC, 0xD9, 0xF7, 0x14, 0xA3, 0xA9, 0x6C, 0x2B, 0x57, 0x8A, 0x96, 0x23, 0xD7,
    0x4E, 0xF9, 0x1F, 0x06, 0x90, 0xFD, 0x61, 0x4F, 0x74, 0xED, 0xD2, 0xCB, 0x8B, 0x92, 0x87, 0xC4,
    0x5E, 0x5A, 0x7F, 0xF6, 0xF8, 0x2D, 0x24, 0x0D, 0x78, 0xFA, 0x70, 0x6B, 0x2D, 0x73, 0xDD, 0x54,
    0xBC, 0xD5, 0x5E, 0xE9, 0xC7, 0xA1, 0xBE, 0xCE, 0x1D, 0xA2, 0xAD, 0xC6, 0x1A, 0x84, 0x74, 0x37,
    0xEF, 0x8A, 0xBF, 0xA8, 0xEF, 0x8A, 0xD1, 0x68, 0x83, 0xBD, 0xFE, 0x44, 0x09, 0xF0, 0x40, 0x89,
    0x84, 0xFC, 0x6D, 0x70, 0x04, 0x69, 0x33, 0x2E, 0x4B, 0x00, 0x14, 0x96, 0x3C, 0x19, 0x9C, 0x8F,
    0xEB, 0xE0, 0xD4, 0x97, 0xC1, 0x41, 0x71, 0x1A, 0x3A, 0xD6, 0x83, 0xE3, 0xA0, 0x74, 0x5D, 0xE4,
    0x56, 0x9F, 0x71, 0x5E, 0x84, 0xC2, 0x5F, 0xBC, 0x2F, 0x00, 0x62, 0x93, 0x1E, 0xFE, 0x86, 0x9F,
    0xD5, 0x68, 0x3D, 0xF4, 0xA3, 0x67, 0xD5, 0xBE, 0x60, 0xE6, 0xD0, 0xAB, 0x87, 0x96, 0x60, 0x6B,
    0x3E, 0x46, 0x8A, 0x8F, 0xF6, 0xC9, 0xC0, 0xF8, 0xD9, 0x75, 0xC3, 0xFC, 0x06, 0x2A, 0xC0, 0xF7,
    0xD0, 0xD3, 0x63, 0x87, 0x4F, 0xC2, 0xC9, 0x79, 0x76, 0x44, 0xED, 0x7F, 0xE1, 0x49, 0x0A, 0xB5,
    0x7D, 0x96, 0x0F, 0xD0, 0x04, 0x88, 0x9B, 0xFA, 0x0F, 0x16, 0xE4, 0x03, 0x35, 0x0B, 0x52, 0xB8,
    0x78, 0xA8, 0xB9, 0x1F, 0x66, 0xE5, 0x5D, 0x05, 0xCA, 0x81, 0x5D, 0x95, 0x55, 0x63, 0x36, 0x85,
    0xEC, 0x3F, 0xCE, 0xC0, 0xDA, 0xBF, 0xFA, 0x46, 0x03, 0xF8, 0xF3, 0xFA, 0xB2, 0xD8, 0x2F, 0xFB,
    0xE3, 0x36, 0xD5, 0x03, 0x56, 0x77, 0xA6, 0xA4, 0xF7, 0x3F, 0x0E, 0xF5, 0x1D, 0x3E, 0xD0, 0x9F,
    0xC0, 0x51, 0x5F, 0xA1, 0x3C, 0x41, 0x56, 0xC3, 0xB3, 0x81, 0x18, 0x8F, 0xCD, 0x26, 0xB4, 0x1A,
    0xE0, 0xFF, 0x21, 0xAE, 0xA7, 0x52, 0xE2, 0x5E, 0x29, 0x9C, 0xA5, 0x49, 0xC4, 0xAC, 0x2C, 0xE9,
    0x8E, 0xBC, 0x3B, 0x4A, 0xAF, 0x5D, 0xC3, 0xFE, 0x75, 0x73, 0x28, 0x97, 0x0C, 0x58, 0xD8, 0x02,
    0xB0, 0xD7, 0xA2, 0xAF, 0x13, 0x8F, 0xC6, 0xAF, 0xB5, 0x74, 0x54, 0x37, 0x7C, 0x35, 0x84, 0x1D,
    0x16, 0x60, 0x7A, 0x1B, 0x00, 0xB6, 0xA4, 0xC5, 0xC6, 0x79, 0xFE, 0xAE, 0x3A, 0xCA, 0x80, 0x5D,
    0x59, 0xFC, 0x6F, 0x4B, 0x00, 0x24, 0x0B, 0x47, 0xC6, 0x08, 0xFE, 0xB3, 0x3F, 0x83, 0x72, 0xEA,
    0xFA, 0x38, 0x8D, 0xBE, 0x26, 0xAF, 0x2F, 0x0E, 0x30, 0x07, 0x10, 0x18, 0x37, 0xC1, 0x81, 0xD1,
    0xB0, 0xE7, 0xD1, 0xA0, 0x5E, 0x6A, 0x5E, 0x95, 0x0E, 0xB5, 0x95, 0x9E, 0x97, 0x76, 0xB8, 0xCB,
    0xBF, 0x47, 0x2A, 0x00, 0xBB, 0xB2, 0xFA, 0xF5, 0xD1, 0x47, 0x9C, 0x5F, 0xCF, 0x97, 0xBC, 0xB2,
    0x00, 0x9D, 0xA7, 0xA3, 0x55, 0x9E, 0x69, 0xB0, 0x24, 0xB5, 0x69, 0x8F, 0xA7, 0xA3, 0xA7, 0x9A,
    0x31, 0x6D, 0x1A, 0x60, 0x5D, 0x85, 0xA5, 0x30, 0xF5, 0xE9, 0xB7, 0x73, 0x98, 0x03, 0xB1, 0x89,
    0xA8, 0x94, 0xA2, 0xCA, 0x81, 0xF2, 0xF4, 0x42, 0x68, 0x21, 0x64, 0x5E, 0xAC, 0xFB, 0x8C, 0x0F,
    0xDB, 0xA9, 0x35, 0x1D, 0xB3, 0x31, 0x8E, 0x57, 0x58, 0x01, 0x28, 0x16, 0x7E, 0xA2, 0x34, 0x26,
    0x29, 0x3A, 0x5F, 0x38, 0x5F, 0x4C, 0x8A, 0xC9, 0x57, 0xFB, 0xF6, 0x67, 0x2F, 0x94, 0xB2, 0x1F,
    0x13, 0x2A, 0x43, 0x80, 0x70, 0xC4, 0x52, 0xEC, 0x41, 0xFC, 0x1D, 0x6D, 0x83, 0x0A, 0x50, 0x59,
    0x66, 0x9B, 0xF4, 0x32, 0xBB, 0x1E, 0x07, 0x14, 0x35, 0x0A, 0xC0, 0x50, 0xC6, 0x9A, 0x7A, 0xB2,
    0x9E, 0xE2, 0x72, 0xE8, 0x1C, 0xF9, 0x4A, 0xC4, 0x4B, 0x97, 0x1A, 0x34, 0x0F, 0xB5, 0xD1, 0xE8,
    0x08, 0xDC, 0xCA, 0x19, 0x2B, 0x4B, 0x79, 0x1A, 0x9F, 0x13, 0x41, 0x2F, 0x80, 0xC4, 0x17, 0xA3,
    0xBB, 0xDD, 0x07, 0xCB, 0x31, 0xEA, 0x34, 0x04, 0x69, 0x7F, 0x6A, 0x2A, 0x22, 0xFE, 0x07, 0x17,
    0xC3, 0xCB, 0x15, 0x1A, 0x34, 0xAC, 0x0D, 0x4C, 0x4F, 0x6C, 0x19, 0x0C, 0xF1, 0xA7, 0xA1, 0x34,
    0x58, 0x58, 0xA0, 0xE1, 0xDD, 0x4F, 0x1A, 0x0E, 0x18, 0x12, 0x9B, 0x76, 0x08, 0xE8, 0x42, 0x7E,
    0x97, 0x9D, 0xAC, 0x03, 0xC7, 0xD4, 0x53, 0x70, 0x16, 0x16, 0xA8, 0x10, 0x0E, 0x85, 0xD8, 0x67,
    0x87, 0x98, 0xC7, 0xA1, 0x60, 0x15, 0xC3, 0xD1, 0xBB, 0x4F, 0xD4, 0xAE, 0x5F, 0xDD, 0xB1, 0x1E,
    0x15, 0x6D, 0x8E, 0xC8, 0x71, 0x84, 0x3C, 0x75, 0x84, 0xD2, 0x11, 0x18, 0x5D, 0x3D, 0xA1, 0x7A,
    0x9D, 0x6A, 0x49, 0x15, 0xE5, 0x3C, 0x6F, 0xED, 0xAA, 0x03, 0xA2, 0xB5, 0x1F, 0xCB, 0xF9, 0x76,
    0x88, 0x97, 0x8F, 0xB5, 0x75, 0x3B, 0x85, 0xDB, 0x56, 0x83, 0x78, 0x57, 0xA1, 0x04, 0x25, 0xCF,
    0xFE, 0x04, 0x52, 0x50, 0xDA, 0xD9, 0xA2, 0xD7, 0x3A, 0xFF, 0xE2, 0x12, 0x2C, 0xB8, 0x6E, 0x22,
    0x5E, 0x13, 0x7F, 0x15, 0x0F, 0x85, 0x5C, 0x5B, 0xDC, 0x9A, 0x80, 0xC6, 0x84, 0xB2, 0x55, 0x26,
    0x7A, 0x99, 0xF5, 0x6E, 0x17, 0x84, 0x02, 0x3D, 0x40, 0x81, 0x7F, 0xE7, 0xBF, 0x92, 0x59, 0x67,
    0x8F, 0xFD, 0xD0, 0xFC, 0xA2, 0x2B, 0xBC, 0x93, 0x64, 0xE8, 0x05, 0xE4, 0x45, 0xEF, 0x9F, 0x1F,
    0xC4, 0xFB, 0xB6, 0xBB, 0x42, 0xA0, 0x61, 0x28, 0x6D, 0xD7, 0x44, 0x4B, 0xDF, 0xDE, 0x3F, 0xC7,
    0xAF, 0xFE, 0x0F, 0xB4, 0x94, 0x5B, 0xAA, 0x2C, 0x4B, 0x0A, 0x40, 0x17, 0xF8, 0xBB, 0xC1, 0xA9,
    0xEC, 0x01, 0x6C, 0x70, 0xEA, 0xC2, 0xF9, 0x6D, 0x38, 0x53, 0x71, 0x00, 0xC2, 0x6A, 0x22, 0xAB,
    0xAA, 0xAB, 0x6E, 0x9D, 0x27, 0x34, 0x37, 0xD4, 0xA5, 0x66, 0xA8, 0x19, 0x90, 0x0F, 0x82, 0x1A,
    0xF7, 0x48, 0x4D, 0x70, 0x56, 0xF6, 0x53, 0xEA, 0xC8, 0x1C, 0x71, 0xDC, 0xA7, 0x54, 0x43, 0x0E,
    0x77, 0x9C, 0x2C, 0x5C, 0x28, 0xED, 0x50, 0x27, 0xED, 0x9A, 0x94, 0xDA, 0xDA, 0x3B, 0xE6, 0x82,
    0x0B, 0xBC, 0xA1, 0x9E, 0x10, 0x3A, 0xED, 0x98, 0x54, 0x37, 0xD4, 0x41, 0x85, 0x74, 0x20, 0xF6,
    0x71, 0x47, 0xE2, 0x20, 0xB5, 0xA1, 0x74, 0x40, 0x5D, 0xC2, 0x0E, 0x49, 0x3B, 0xE5, 0xA9, 0xFB,
    0x24, 0x3C, 0x68, 0x03, 0x71, 0x51, 0xB5, 0x5F, 0x79, 0x3B, 0xCD, 0x2F, 0x58, 0x4D, 0xCD, 0xA1,
    0x83, 0xCD, 0xFD, 0x8E, 0x2A, 0xF5, 0x03, 0x3F, 0x80, 0x2E, 0x88, 0xF1, 0x9B, 0xDF, 0xB7, 0xD4,
    0x49, 0xB5, 0xD3, 0xEF, 0x07, 0x61, 0xE7, 0xF2, 0x82, 0x79, 0x49, 0x0D, 0x1F, 0x75, 0xDA, 0xA5,
    0x8E, 0xDF, 0xCD, 0xBD, 0xE6, 0x5D, 0x93, 0x55, 0xCA, 0xFD, 0xA7, 0x4B, 0x87, 0xB0, 0xC3, 0x01,
    0xE1, 0x64, 0x0B, 0xEE, 0xE5, 0x4A, 0x72, 0x20, 0xA5, 0xFA, 0xB8, 0x3E, 0x2E, 0x6C, 0x21, 0x75,
    0xF4, 0x38, 0x9F, 0x0E, 0xCA, 0x81, 0xAB, 0xF4, 0x40, 0xDF, 0x4B, 0x1E, 0x7B, 0xBF, 0x75, 0xA1,
    0xBE, 0x3B, 0xFB, 0x77, 0xC2, 0x7D, 0xD9, 0x7F, 0xAA, 0x0B, 0x6E, 0x23, 0x9F, 0xEF, 0xC3, 0x38,
    0x60, 0xD7, 0x45, 0x5F, 0x58, 0x0D, 0x0E, 0x80, 0xFB, 0xDA, 0x34, 0x50, 0xDF, 0x5C, 0xA8, 0xD6,
    0xC6, 0x2E, 0x07, 0x27, 0x5D, 0x8E, 0x4A, 0x1D, 0xED, 0xB2, 0xF3, 0xE8, 0x60, 0x87, 0x62, 0xE3,
    0x35, 0x34, 0x1D, 0x9B, 0x70, 0x05, 0xCA, 0x05, 0xD2, 0x79, 0xBC, 0x5F, 0x1F, 0x3C, 0xCE, 0x70,
    0xF2, 0xBA, 0x78, 0x95, 0x63, 0x83, 0x3E, 0x9B, 0xAE, 0xF2, 0xEA, 0x1C, 0xA7, 0xF6, 0xD5, 0xCE,
    0xB5, 0xE7, 0x4C, 0x1F, 0xCF, 0x62, 0xE0, 0x36, 0x28, 0x16, 0xA8, 0x8E, 0xB9, 0x7F, 0xBE, 0xE1,
    0x7F, 0x62, 0xAA, 0x4B, 0x63, 0x0B, 0x5B, 0xB6, 0x42, 0x8A, 0x35, 0x96, 0xBC, 0x39, 0x70, 0x7F,
    0xE6, 0x0C, 0xE1, 0xD6, 0x10, 0x97, 0xEB, 0x62, 0xAB, 0xD5, 0xD8, 0xEC, 0x72, 0x63, 0x72, 0xD2,
    0xC9, 0xBE, 0xDF, 0xF6, 0x7E, 0x08, 0x4A, 0xDD, 0xC7, 0x01, 0x1F, 0x6F, 0x4E, 0x42, 0x2A, 0xA5,
    0x5D, 0xD8, 0xD5, 0xC7, 0x57, 0x73, 0x4C, 0x3B, 0xB5, 0x6B, 0xAE, 0xAB, 0xED, 0x11, 0xB5, 0xD4,
    0xDC, 0x5C, 0x68, 0x9A, 0x98, 0x58, 0x72, 0x72, 0xA8, 0xAE, 0xC1, 0xB6, 0xC3, 0x90, 0xDC, 0xC7,
    0xFF, 0xC5, 0xA9, 0x39, 0xD8, 0x5B, 0x9A, 0xA6, 0x84, 0x61, 0x5F, 0xC5, 0xD4, 0xD9, 0xBE, 0xE6,
    0xC5, 0x30, 0xD7, 0x50, 0xDF, 0x16, 0xF0, 0x13, 0x73, 0x08, 0x25, 0xB5, 0xBF, 0xA8, 0x31, 0x73,
    0xCC, 0x58, 0x33, 0x57, 0x3C, 0xFE, 0x6E, 0x31, 0x5F, 0xD1, 0x53, 0xDA, 0xE9, 0xAD, 0x4F, 0xED,
    0x57, 0x8B, 0xA5, 0x6C, 0x1D, 0x63, 0xF6, 0xE8, 0x1A, 0xA3, 0x53, 0x76, 0x0A, 0x39, 0x3F, 0x98,
    0x6F, 0xEB, 0x67, 0x35, 0xAF, 0xCB, 0xB7, 0xC5, 0x07, 0xA4, 0x4B, 0x29, 0x86, 0x2D, 0x4F, 0xE3,
    0xF1, 0xC4, 0x72, 0xA1, 0xE6, 0x25, 0x8D, 0xA9, 0xCE, 0x7F, 0x9C, 0xFC, 0x57, 0x73, 0xBE, 0x1E,
    0x4D, 0xCE, 0xDD, 0x04, 0x6C, 0xA8, 0xF9, 0xC4, 0x39, 0xFB, 0x6A, 0x97, 0x12, 0x0E, 0x14, 0x8F,
    0xDF, 0x65, 0xA7, 0xE4, 0x50, 0xCD, 0xC2, 0x27, 0x38, 0xFF, 0xB6, 0xC6, 0xE1, 0x96, 0x8B, 0x5A,
    0x8E, 0x9A, 0x87, 0x13, 0xE2, 0x00, 0x7F, 0xC7, 0x3D, 0xA4, 0xA6, 0xEC, 0xF0, 0x30, 0x2F, 0x96,
    0x53, 0xC3, 0x8D, 0xFE, 0x35, 0xEB, 0x85, 0x79, 0x31, 0x2E, 0x52, 0x17, 0xE1, 0xFF, 0xA7, 0x87,
    0xBE, 0x31, 0xA8, 0x71, 0xEF, 0x32, 0x41, 0x0C, 0xD9, 0xE4, 0x92, 0x36, 0x75, 0xF4, 0xD3, 0xF6,
    0x28, 0xB9, 0x10, 0xE8, 0x5D, 0xE3, 0x4F, 0x5A, 0x8E, 0xAE, 0x2E, 0x39, 0x84, 0x76, 0xEA, 0xD4,
    0x91, 0xCE, 0xF5, 0x17, 0x56, 0x93, 0x53, 0x3A, 0xA9, 0x8D, 0xCB, 0x27, 0x1F, 0xB0, 0x08, 0xDE,
    0x8E, 0xF3, 0xF8, 0x7A, 0xD3, 0x90, 0xF0, 0x9B, 0x8D, 0xE3, 0xE0, 0xD4, 0x81, 0x13, 0xB6, 0x73,
    0x6D, 0xE4, 0xA6, 0xD4, 0xE4, 0xDE, 0xDA, 0x44, 0xF8, 0xE2, 0x8B, 0xDB, 0x50, 0x82, 0xDB, 0xD2,
    0x8B, 0x7D, 0x0B, 0x42, 0xEE, 0xC1, 0xDE, 0x12, 0xF2, 0x7F, 0xC1, 0xDC, 0x83, 0x7A, 0x04, 0xF6,
    0x5B, 0x10, 0x72, 0x0F, 0x96, 0x98, 0xF0, 0xEA, 0xF6, 0x16, 0xCC, 0x3D, 0xA8, 0x09, 0xE7, 0xBF,
    0xDD, 0x5A, 0x61, 0x8A, 0x23, 0xBB, 0xEF, 0x34, 0xF8, 0xEB, 0x80, 0xAE, 0x92, 0x03, 0x3C, 0xD0,
    0xD5, 0x05, 0x39, 0xC0, 0x5E, 0x45, 0xB0, 0x5F, 0x05, 0xF5, 0xC7, 0x2A, 0x5B, 0xA8, 0x33, 0x19,
    0x76, 0xE7, 0xFD, 0xDF, 0x6F, 0xC9, 0xA6, 0x99, 0xAE, 0x12, 0x93, 0xB6, 0xBB, 0x24, 0x3B, 0xB6,
    0x6C, 0x67, 0x19, 0xBB, 0xC7, 0x38, 0x0D, 0x20, 0x56, 0xD0, 0x34, 0x8D, 0x18, 0x91, 0x8D, 0x26,
    0x34, 0xB2, 0x90, 0x6F, 0x43, 0x2C, 0x0D, 0x58, 0x19, 0x0A, 0xF0, 0xDD, 0xDB, 0x88, 0x6D, 0x48,
    0x64, 0x01, 0xDE, 0xDD, 0xA0, 0xE0, 0xCA, 0x9C, 0x2E, 0x51, 0xA8, 0x30, 0xB4, 0x38, 0x54, 0x20,
    0x5A, 0x24, 0x2A, 0x14, 0x15, 0x82, 0x07, 0x8B, 0x77, 0x85, 0xE3, 0x83, 0x96, 0x84, 0x20, 0xD2,
    0x52, 0x57, 0x60, 0x5B, 0x98, 0x30, 0x86, 0x04, 0x67, 0xC2, 0xCD, 0x06, 0x67, 0x50, 0x30, 0x90,
    0x56, 0xB0, 0xF2, 0x6A, 0x12, 0xBE, 0xBF, 0x59, 0x12, 0xC7, 0x09, 0x4D, 0xFF, 0x9A, 0x06, 0x8E,
    0x67, 0x74, 0x47, 0x5D, 0xF6, 0xC3, 0x00, 0x76, 0x54, 0xF4, 0xC1, 0xAA, 0xA4, 0xE3, 0xA3, 0x2A,
    0x47, 0x85, 0xB3, 0x46, 0x37, 0xCC, 0xC4, 0x7C, 0x15, 0x47, 0x40, 0x5A, 0x8C, 0x5A, 0x8E, 0x8A,
    0xD4, 0x34, 0xD1, 0xBE, 0x86, 0xCD, 0x82, 0x8D, 0x7F, 0x18, 0x68, 0x30, 0x17, 0xCD, 0x38, 0x28,
    0xD8, 0xE4, 0xB1, 0xAC, 0xDB, 0x4E, 0x04, 0x91, 0xF5, 0xA9, 0xCF, 0x9F, 0x18, 0xC0, 0xB6, 0x52,
    0x0B, 0x4C, 0xEE, 0x1C, 0x57, 0x31, 0xB4, 0x1C, 0x8E, 0x6D, 0x05, 0x2D, 0x06, 0xE0, 0xC4, 0x8A,
    0xC9, 0x74, 0xB7, 0x60, 0x65, 0xB1, 0x7C, 0x07, 0x89, 0x6E, 0xF1, 0xBA, 0xD5, 0x13, 0xB0, 0x9D,
    0xDA, 0x4D, 0x02, 0x3F, 0xBD, 0x5C, 0xB8, 0x00, 0x6B, 0x5A, 0xA0, 0xD8, 0x43, 0xE9, 0x5C, 0x20,
    0x19, 0x1C, 0xD8, 0x82, 0x95, 0x29, 0x05, 0x13, 0x25, 0x82, 0x23, 0xBF, 0xC8, 0x71, 0x3A, 0xFC,
    0x04, 0x98, 0xC3, 0x32, 0xAF, 0xA0, 0x5F, 0xA4, 0x20, 0x21, 0x49, 0x60, 0xC9, 0xF0, 0x24, 0x21,
    0x5D, 0x04, 0x4E, 0xF8, 0x67, 0x12, 0x44, 0x23, 0xFD, 0x81, 0x4E, 0x92, 0x04, 0xD6, 0x8D, 0x99,
    0x14, 0x49, 0x33, 0x26, 0xD8, 0xCF, 0x92, 0x3C, 0x49, 0x7C, 0x20, 0x92, 0x74, 0x11, 0xB6, 0x74,
    0x00, 0x45, 0x60, 0x44, 0x92, 0x6C, 0xD3, 0x44, 0xAA, 0xD9, 0x04, 0xA6, 0x12, 0x17, 0x4A, 0x19,
    0x41, 0x27, 0x8E, 0xBB, 0xDD, 0x79, 0x8A, 0x4F, 0x61, 0xD5, 0x76, 0x33, 0xF1, 0x3D, 0x7C, 0x57,
    0x3A, 0x01, 0xFB, 0x2C, 0x5E, 0x81, 0xA4, 0x9F, 0x49, 0xE0, 0x90, 0xE0, 0x63, 0xDA, 0x9B, 0xF8,
    0x2E, 0x3E, 0xE9, 0x66, 0x7A, 0x04, 0xA4, 0x88, 0x4D, 0x4E, 0xDF, 0x6D, 0xB2, 0xC5, 0xDF, 0xA7,
    0xC1, 0x31, 0xCE, 0x1A, 0xD5, 0x9F, 0x13, 0x1F, 0x79, 0x2F, 0xA7, 0x07, 0xAC, 0xEB, 0xBC, 0x93,
    0x0C, 0x4F, 0xE8, 0xDE, 0x3C, 0x62, 0xB9, 0x37, 0xE9, 0xEC, 0x00, 0xD2, 0xF8, 0x64, 0x95, 0xB8,
    0x26, 0x93, 0x12, 0x97, 0xA5, 0x17, 0x4B, 0xD2, 0x92, 0x9C, 0x05, 0xE8, 0xCE, 0xB6, 0xC4, 0x32,
    0x86, 0x17, 0x4B, 0xAD, 0x16, 0x52, 0x17, 0x6B, 0xA2, 0xAC, 0xE0, 0xEA, 0x3D, 0x7D, 0x66, 0xD9,
    0x66, 0x69, 0x5A, 0x6C, 0x9C, 0xB4, 0x56, 0x7C, 0xCA, 0xC2, 0xD8, 0xD6, 0xDC, 0x96, 0xBA, 0x30,
    0x1E, 0x02, 0x03, 0xD7, 0x26, 0x78, 0x6E, 0xE5, 0x17, 0x7B, 0x55, 0x84, 0xBB, 0x0F, 0xAD, 0x50,
    0x71, 0x5D, 0xE3, 0xC2, 0x45, 0x2E, 0x96, 0x14, 0x8D, 0x25, 0x92, 0x98, 0x2D, 0xEC, 0xBF, 0xBF,
    0xB2, 0xB9, 0x20, 0x6A, 0x4A, 0x71, 0xCD, 0xEC, 0x26, 0x17, 0x81, 0x31, 0x51, 0x6F, 0xB7, 0x93,
    0x7C, 0x02, 0x5E, 0xB3, 0xAC, 0x58, 0x22, 0x88, 0x3B, 0x16, 0x85, 0x27, 0xC2, 0x56, 0xA8, 0xA8,
    0x42, 0xEA, 0x89, 0x91, 0x58, 0x15, 0x94, 0xC6, 0x19, 0xD7, 0x49, 0x1C, 0x00, 0x70, 0x41, 0x46,
    0x72, 0x45, 0x96, 0xA8, 0x0D, 0x25, 0x31, 0xE3, 0x2E, 0x89, 0x5A, 0x08, 0xE0, 0x11, 0x8D, 0xA8,
    0xED, 0xF9, 0x51, 0xAD, 0x57, 0xA8, 0x44, 0x3B, 0x2D, 0x08, 0x5C, 0x31, 0xF3, 0xC1, 0xCA, 0x82,
    0x66, 0xA2, 0x26, 0xD6, 0x6E, 0x4F, 0xB9, 0x65, 0xE3, 0x6F, 0xF2, 0x4B, 0xA9, 0x94, 0x85, 0x3D,
    0x91, 0x9B, 0x5E, 0xCC, 0x62, 0x99, 0x21, 0xAB, 0x2F, 0xFF, 0xA7, 0xFD, 0x3D, 0x7E, 0x61, 0x7F,
    0x6F, 0x91, 0x6B, 0xF1, 0x86, 0x06, 0xEF, 0xB3, 0xCC, 0x5F, 0xE3, 0x91, 0x72, 0x9B, 0x2D, 0x87,
    0x67, 0xC5, 0x2E, 0xCE, 0xCE, 0x86, 0x73, 0x09, 0x56, 0x25, 0xFF, 0xEA, 0xAF, 0x5E, 0x8A, 0x54,
    0x9D, 0x5B, 0xCC, 0x12, 0xEB, 0x65, 0x88, 0x89, 0x1C, 0x18, 0xC7, 0xF8, 0x9F, 0xBC, 0x6B, 0x8F,
    0xB6, 0xDC, 0xA2, 0x0B, 0xEE, 0x30, 0x3A, 0x6C, 0xBD, 0xF3, 0x74, 0x39, 0x05, 0xEC, 0xDC, 0xD9,
    0x3D, 0xE1, 0xFF, 0xD9, 0x3D, 0xE1, 0x97, 0xFA, 0xC5, 0xC5, 0xD5, 0x35, 0x10, 0x8A, 0x75, 0x2F,
    0x5B, 0x4C, 0x6A, 0x87, 0x4E, 0x00, 0x3F, 0x77, 0x0E, 0xAD, 0x1A, 0xFF, 0xDD, 0x8D, 0xB8, 0xD4,
    0xAF, 0x7B, 0x85, 0x5B, 0x43, 0x34, 0x28, 0xF8, 0x6C, 0x4D, 0x2A, 0x6C, 0x91, 0x90, 0x26, 0xBC,
    0xD1, 0x38, 0x14, 0x57, 0x02, 0x10, 0x9F, 0xE8, 0xD9, 0x93, 0xDE, 0x68, 0x1E, 0xEA, 0xEF, 0x53,
    0x50, 0x4B, 0x74, 0x81, 0x41, 0xB9, 0x5C, 0xC5, 0xD8, 0x5C, 0x84, 0x90, 0x96, 0xDC, 0xF2, 0xC3,
    0x69, 0x9C, 0x9B, 0x18, 0xD8, 0xCB, 0x85, 0x7C, 0x03, 0x80, 0x68, 0xB4, 0x3D, 0x9E, 0x40, 0x56,
    0x0B, 0xD8, 0x85, 0x9C, 0x14, 0x8B, 0x62, 0x93, 0xA2, 0x93, 0xC0, 0x48, 0xBE, 0x68, 0x92, 0x06,
    0xA2, 0x93, 0x62, 0x13, 0x16, 0x09, 0x69, 0x5E, 0x68, 0x00, 0x26, 0xE9, 0xA3, 0x01, 0x7E, 0x48,
    0x8A, 0xDA, 0x72, 0x8E, 0x64, 0x24, 0x7A, 0x89, 0xE8, 0x8B, 0xBC, 0x33, 0x06, 0xCD, 0xBE, 0xA4,
    0x05, 0x47, 0x5F, 0x06, 0xAB, 0x1A, 0x7C, 0x62, 0xEF, 0xE9, 0x21, 0x0B, 0x2B, 0x76, 0x92, 0x66,
    0xA4, 0x0C, 0xE6, 0x3C, 0xE4, 0xF0, 0xEF, 0x52, 0x15, 0x6F, 0xA4, 0x48, 0xA5, 0x24, 0xBE, 0x3D,
    0xAA, 0x73, 0x81, 0x02, 0xB5, 0x4E, 0x81, 0xBC, 0x4F, 0x7D, 0x93, 0x2C, 0x9E, 0xA4, 0x24, 0x78,
    0x8B, 0x88, 0x46, 0x8F, 0xC0, 0xC7, 0x78, 0xB7, 0x10, 0x4C, 0x4F, 0x92, 0x4B, 0x83, 0x2B, 0x7D,
    0xE7, 0x93, 0x13, 0x12, 0x3B, 0x81, 0x65, 0xC4, 0xFE, 0x79, 0xB3, 0x10, 0x80, 0xFB, 0xB4, 0x08,
    0x4D, 0x02, 0xE8, 0x51, 0x2C, 0x9A, 0x0C, 0xC1, 0xE9, 0x1A, 0xEF, 0xD6, 0xFC, 0xE2, 0x3C, 0x4E,
    0x0B, 0xC1, 0x22, 0x5C, 0x28, 0x92, 0xF8, 0xC8, 0xFB, 0xF9, 0xFE, 0xB1, 0x5A, 0x75, 0x88, 0xC1,
    0xD4, 0xE1, 0xA8, 0x93, 0xB4, 0x89, 0xB8, 0x4E, 0xF1, 0x80, 0xC1, 0xE1, 0xEB, 0xB9, 0xF5, 0xFC,
    0x2A, 0xC7, 0xE2, 0xE9, 0x21, 0x24, 0xC6, 0x64, 0x00, 0x94, 0x6F, 0x43, 0x0C, 0x20, 0x15, 0x30,
    0x2D, 0x5B, 0xC4, 0x68, 0xF8, 0x22, 0xC0, 0xB5, 0x68, 0x06, 0xF2, 0xF4, 0xD0, 0x93, 0x94, 0x04,
    0x5B, 0x34, 0x31, 0x92, 0x22, 0x49, 0x7C, 0x11, 0x94, 0x04, 0x1B, 0x29, 0x78, 0x24, 0xA5, 0x5E,
    0xE1, 0xAC, 0xB7, 0x89, 0x6F, 0x4F, 0x1F, 0xB4, 0xF4, 0x09, 0xF5, 0xA9, 0x21, 0x8B, 0x8C, 0xC1,
    0x60, 0xC8, 0x75, 0x0C, 0x8C, 0x24, 0x79, 0xBA, 0xA9, 0x39, 0xE3, 0x71, 0x53, 0xB3, 0xCE, 0xE4,
    0x3B, 0xCD, 0x0C, 0xBD, 0x25, 0xE9, 0x9F, 0x23, 0xB6, 0x38, 0x27, 0x2F, 0x52, 0x3B, 0x20, 0x16,
    0x00, 0x5E, 0x93, 0x3B, 0x57, 0xFB, 0x5C, 0x2B, 0xD1, 0x6D, 0x12, 0x9E, 0x6D, 0x71, 0x46, 0x12,
    0xAC, 0x47, 0xC0, 0xC6, 0xBB, 0x85, 0x40, 0xEC, 0xD9, 0x1C, 0x18, 0x0C, 0x04, 0xF8, 0x11, 0xCB,
    0xB1, 0xAB, 0x30, 0xE5, 0x7D, 0xA7, 0x10, 0xE8, 0xDE, 0x29, 0xB0, 0x36, 0xDC, 0x24, 0xD5, 0x3F,
    0x87, 0xD6, 0x72, 0xEC, 0xDD, 0xBF, 0x01, 0xF6, 0x64, 0x93, 0xDF, 0xBF, 0xFE, 0x06, 0x98, 0x02,
    0x57, 0x12, 0xB4, 0x61, 0xD8, 0x8E, 0x24, 0x3D, 0x3F, 0x09, 0x4A, 0x12, 0x98, 0xA4, 0xA4, 0x4D,
    0xCE, 0x06, 0x70, 0x30, 0x07, 0x4D, 0xD2, 0xD3, 0x07, 0x49, 0x95, 0x9C, 0x7D, 0x97, 0xFC, 0x28,
    0xBD, 0x12, 0xA1, 0x63, 0xFF, 0x19, 0x4D, 0x21, 0x60, 0x89, 0x91, 0x98, 0xE3, 0x3A, 0x71, 0xC2,
    0x0B, 0xC7, 0x27, 0x9C, 0x89, 0x52, 0xCF, 0x03, 0x40, 0xD6, 0xE0, 0x89, 0xD7, 0xB7, 0x48, 0xD3,
    0xD6, 0xF1, 0xF9, 0x8F, 0x70, 0x14, 0xF7, 0x3D, 0x53, 0x69, 0xD1, 0x84, 0x15, 0x39, 0xC9, 0x3A,
    0x61, 0x8C, 0x5A, 0x1D, 0x30, 0xE4, 0x45, 0xBA, 0x09, 0xA4, 0x33, 0x9B, 0x60, 0x13, 0x5D, 0xA5,
    0x67, 0x8A, 0x48, 0xC1, 0x8B, 0xEE, 0x3E, 0x64, 0x51, 0x5C, 0x08, 0xA6, 0x01, 0xDC, 0x01, 0x38,
    0xC9, 0x00, 0xFB, 0xC9, 0x0E, 0xE7, 0xB3, 0x3A, 0x1B, 0xAC, 0x61, 0x6D, 0xC4, 0x55, 0x17, 0x43,
    0x1B, 0x97, 0xE6, 0x63, 0x06, 0x02, 0x38, 0x43, 0xB1, 0x0A, 0xE9, 0x42, 0xA3, 0xDB, 0xB3, 0x50,
    0x7A, 0x74, 0x85, 0x2D, 0xB8, 0x50, 0x70, 0xCF, 0x38, 0xCD, 0x7A, 0x12, 0x0D, 0x35, 0xA4, 0xE6,
    0x72, 0x45, 0x60, 0x1F, 0x9F, 0x67, 0xEE, 0x6F, 0x95, 0x30, 0x4B, 0x93, 0xAB, 0x5E, 0x0E, 0x4C,
    0x94, 0xFE, 0x12, 0xFE, 0x32, 0xCA, 0x19, 0xDB, 0xB6, 0xC9, 0xA9, 0xF0, 0x42, 0x48, 0xA4, 0x70,
    0xA4, 0x87, 0xAB, 0x7D, 0x8C, 0xAB, 0x9D, 0x97, 0xD1, 0xAF, 0xF6, 0x71, 0xD6, 0xE8, 0x7D, 0xDB,
    0x4A, 0x0C, 0xD1, 0xD7, 0xE7, 0xAF, 0xA4, 0x99, 0xF1, 0x14, 0x4C, 0xD8, 0x67, 0xE4, 0xA7, 0x2F,
    0xA7, 0x99, 0x3D, 0xA4, 0x7A, 0x45, 0xE2, 0x8C, 0x47, 0x14, 0xAF, 0x67, 0x26, 0x5E, 0x4B, 0xFF,
    0xB8, 0x51, 0x00, 0xE0, 0xCA, 0xAC, 0x37, 0x00, 0xA4, 0x86, 0x2C, 0x61, 0x13, 0x91, 0x03, 0x1E,
    0x67, 0xA7, 0xC3, 0x52, 0xB3, 0x55, 0xA5, 0xCB, 0xC9, 0x13, 0x64, 0x01, 0x40, 0xA7, 0x27, 0x39,
    0xC8, 0xF0, 0x64, 0xE3, 0xEA, 0x67, 0xDA, 0x52, 0x87, 0x7C, 0x37, 0x7E, 0x50, 0x21, 0x26, 0xC0,
    0x5C, 0x1C, 0xF0, 0x54, 0x99, 0x99, 0x77, 0x1A, 0x39, 0xAD, 0xE1, 0x57, 0xBF, 0x60, 0xB6, 0xAF,
    0x7F, 0xC1, 0x8C, 0x04, 0x1B, 0xA9, 0x2F, 0x52, 0x24, 0x63, 0xA8, 0xC0, 0x19, 0x43, 0xA3, 0x86,
    0xD9, 0x2C, 0x38, 0x0F, 0x7C, 0x2C, 0x10, 0x1C, 0x48, 0x3F, 0x78, 0x30, 0xE5, 0x05, 0x91, 0x22,
    0xAB, 0x02, 0xE5, 0x10, 0x58, 0x09, 0xC0, 0x57, 0x7E, 0xAC, 0x80, 0xD2, 0x85, 0x02, 0x00, 0x81,
    0x82, 0x27, 0x7E, 0xDC, 0xCA, 0x8F, 0xE0, 0x54, 0xBB, 0xFD, 0x88, 0xCA, 0x52, 0xE2, 0xF3, 0x0F,
    0x85, 0x34, 0xCA, 0xB7, 0xAE, 0xEC, 0x4F, 0x4B, 0x53, 0x46, 0x88, 0x41, 0x6C, 0x31, 0x55, 0x3B,
    0xA7, 0xC9, 0xB1, 0x42, 0x7B, 0xE3, 0x7C, 0xF0, 0xC7, 0xF5, 0x81, 0x5F, 0xBE, 0xEC, 0xAB, 0x0B,
    0x6C, 0x43, 0x9D, 0x2F, 0xFC, 0x79, 0x55, 0xF9, 0x87, 0x0C, 0x1A, 0xD3, 0x15, 0xD9, 0xD9, 0xEA,
    0xA8, 0x79, 0x47, 0x61, 0xC8, 0x3F, 0xF9, 0xAD, 0xDD, 0xFA, 0xEB, 0x56, 0xBD, 0xF8, 0xAA, 0x34,
    0xFD, 0xE4, 0xB1, 0x80, 0x70, 0x42, 0xFB, 0x7F, 0xD6, 0xAC, 0x6C, 0xE7, 0x79, 0x3D, 0x04, 0xC8,
    0x38, 0xC6, 0x10, 0x7F, 0x6C, 0x60, 0x3E, 0xC3, 0x7B, 0xE0, 0xFB, 0x1B, 0xED, 0x7D, 0x93, 0xBD,
    0x6D, 0xF8, 0xE7, 0x5D, 0x1B, 0xFE, 0x8F, 0x17, 0x30, 0x26, 0x6F, 0xB6, 0x83, 0x7C, 0xEF, 0x9E,
    0x40, 0x9C, 0xBB, 0xBE, 0x4E, 0x33, 0xD3, 0x78, 0x59, 0x08, 0x8D, 0xDA, 0x24, 0xE7, 0x13, 0x69,
    0x0B, 0x91, 0x9B, 0x35, 0xA6, 0xF9, 0x01, 0x91, 0xF5, 0x2E, 0x04, 0x7E, 0x64, 0xFD, 0x3F, 0x31,
    0x04, 0x8E, 0x85, 0x43, 0x41, 0x47, 0xAD, 0xE1, 0xC0, 0x17, 0xA8, 0x85, 0xD1, 0x0A, 0x72, 0xB0,
    0x7E, 0xF8, 0x61, 0x7B, 0x9D, 0x83, 0xDE, 0xB8, 0xB4, 0x48, 0x85, 0x71, 0x50, 0x67, 0xEA, 0xAC,
    0xEE, 0xFF, 0x78, 0xCD, 0x0C, 0x1D, 0x96, 0x3C, 0xA9, 0xA3, 0x2D, 0xCE, 0x0C, 0xF3, 0xFC, 0xB1,
    0x77, 0xFD, 0x6B, 0x54, 0x84, 0x00, 0x1D, 0xF7, 0x92, 0x5A, 0x3C, 0xB1, 0x62, 0x57, 0x73, 0x2C,
    0xDA, 0xC7, 0x33, 0x71, 0x58, 0x97, 0x5C, 0x6B, 0xF5, 0x5A, 0x61, 0x30, 0x3E, 0x19, 0x67, 0x69,
    0x71, 0x9E, 0x07, 0xF1, 0x05, 0x2A, 0xB1, 0x15, 0xA7, 0xC1, 0x3A, 0x47, 0x1D, 0xF7, 0xB4, 0x4D,
    0xF1, 0x48, 0x6C, 0x72, 0x85, 0xD8, 0x73, 0xE4, 0xF6, 0xE0, 0x6D, 0xBC, 0x8A, 0x72, 0x6D, 0x0B,
    0x90, 0x2F, 0x0E, 0x96, 0xB9, 0x35, 0x10, 0x19, 0xF4, 0x5B, 0x05, 0xFD, 0x35, 0xF4, 0x8B, 0x67,
    0x76, 0x8C, 0x3B, 0xFF, 0xEF, 0x67, 0xD9, 0xE8, 0xBA, 0xF0, 0x56, 0xE9, 0xD9, 0x2B, 0x69, 0x66,
    0x3C, 0xEB, 0xB8, 0x3B, 0xD2, 0x26, 0x3A, 0x3F, 0x7D, 0x3D, 0xCD, 0xE2, 0x9F, 0x47, 0xE8, 0x36,
    0xF8, 0xE2, 0x7A, 0x31, 0xEA, 0xBF, 0x28, 0x27, 0xB6, 0x87, 0x20, 0x01, 0x34, 0xAB, 0x88, 0xE6,
    0x53, 0x1B, 0x1D, 0x01, 0x3B, 0x38, 0x7F, 0xC2, 0x10, 0x92, 0xA8, 0xF7, 0x85, 0x98, 0x30, 0x30,
    0xA7, 0x85, 0x27, 0xDA, 0x53, 0x9F, 0x98, 0xC1, 0xEA, 0x8F, 0xA5, 0x0D, 0xF4, 0x69, 0xFA, 0x57,
    0xE3, 0x8D, 0xFD, 0x6A, 0xBC, 0xE1, 0x85, 0x7C, 0x5D, 0x21, 0x60, 0x72, 0xFE, 0xE6, 0xF7, 0xF1,
    0x5A, 0x10, 0xD8, 0x88, 0x01, 0x38, 0xC0, 0x59, 0xBB, 0x24, 0xF4, 0x9F, 0xB9, 0x10, 0x7F, 0x3D,
    0xDE, 0xBC, 0x84, 0x72, 0xB1, 0xA6, 0x30, 0x1E, 0xC6, 0x1B, 0xD9, 0xE3, 0x8D, 0xF8, 0xE3, 0x78,
    0xF3, 0x2A, 0xFA, 0xA9, 0x0D, 0xAE, 0xB1, 0x10, 0x0D, 0xD5, 0xF3, 0xD3, 0x52, 0xFB, 0x3A, 0x9A,
    0x2B, 0xE8, 0x3D, 0xF4, 0x6D, 0xE7, 0x2D, 0xDA, 0x9E, 0x4E, 0xA5, 0xC0, 0xFD, 0x52, 0x60, 0x22,
    0x88, 0x00, 0x04, 0xD1, 0x7E, 0x6A, 0x93, 0xD3, 0x06, 0x12, 0xF9, 0xFD, 0x4E, 0xE4, 0xE2, 0x6A,
    0xFA, 0x42, 0x6E, 0xB2, 0x89, 0x2D, 0x04, 0x31, 0x25, 0x34, 0xBC, 0x24, 0x4C, 0x9E, 0x58, 0x09,
    0x8A, 0x5A, 0xA2, 0x23, 0x65, 0x27, 0xDE, 0xA3, 0x16, 0xE0, 0x02, 0xAB, 0x0E, 0xAE, 0xB0, 0x42,
    0x34, 0x7B, 0xFE, 0x0A, 0xE7, 0xC2, 0x3B, 0x30, 0x26, 0x7E, 0xB4, 0x4C, 0x27, 0x4E, 0xA6, 0x13,
    0xC4, 0xF4, 0xF7, 0x37, 0x10, 0x1D, 0x2B, 0x63, 0xAA, 0x36, 0xAA, 0xBD, 0x54, 0xBB, 0x7D, 0xAD,
    0x4A, 0x01, 0xEB, 0x58, 0x87, 0x91, 0x3C, 0x99, 0x54, 0x24, 0x46, 0x21, 0x3F, 0xAD, 0xEB, 0x2F,
    0x6D, 0xC1, 0xFF, 0x03, 0xDD, 0x5C, 0x5F, 0x6E, 0xE3, 0x3E, 0x0F, 0x24, 0xC0, 0xD7, 0x05, 0x78,
    0x95, 0x1C, 0x60, 0x01, 0x5E, 0x9D, 0x40, 0x0E, 0xB0, 0x57, 0x21, 0xB0, 0xAF, 0x04, 0xE6, 0x83,
    0x39, 0xB2, 0x22, 0x3B, 0xCE, 0xF7, 0x6B, 0xF7, 0x7F, 0x2B, 0x44, 0x33, 0x6A, 0xED, 0xC4, 0xD4,
    0x90, 0x96, 0x65, 0x5A, 0x89, 0x08, 0x80, 0x90, 0x6B, 0xBA, 0x2E, 0x8A, 0x7C, 0x26, 0x43, 0x2D,
    0xE4, 0xDF, 0xB0, 0x92, 0x35, 0xC1, 0xF8, 0xD1, 0xDA, 0x54, 0x4D, 0x5A, 0x8A, 0xDC, 0x48, 0x9A,
    0xB2, 0xC9, 0x52, 0x50, 0x4D, 0xBE, 0x11, 0x80, 0x12, 0x71, 0x00, 0x98, 0x04, 0x11, 0xDB, 0x29,
    0x06, 0x29, 0xDA, 0x9A, 0x41, 0x40, 0x0A, 0x80, 0x23, 0x69, 0x7F, 0xD4, 0x33, 0xBE, 0x2E, 0xB7,
    0x0D, 0xD0, 0x56, 0xF1, 0xF8, 0xE5, 0x1B, 0x86, 0x22, 0xC4, 0xF3, 0x81, 0x26, 0x1B, 0x0A, 0xD1,
    0x80, 0x10, 0xC5, 0x86, 0x86, 0xFB, 0xB6, 0x4F, 0x3D, 0xF6, 0xC4, 0x82, 0x5E, 0x86, 0x64, 0x9F,
    0xC2, 0x51, 0x40, 0x18, 0xD2, 0x21, 0xF2, 0x45, 0x24, 0xFA, 0xE8, 0x2A, 0x22, 0x92, 0xA2, 0x2D,
    0x99, 0xD8, 0x46, 0x10, 0x6F, 0x02, 0xC5, 0x25, 0x0D, 0xE1, 0x15, 0xF1, 0xB9, 0x1C, 0x16, 0x62,
    0x7D, 0x18, 0x9F, 0x58, 0x52, 0xDD, 0x7B, 0x62, 0xB6, 0x04, 0x54, 0xFE, 0x1F, 0x73, 0xDE, 0x49,
    0xEF, 0xB7, 0xCB, 0xAE, 0x57, 0xB2, 0xCB, 0xA5, 0xEC, 0x27, 0xBD, 0x17, 0xD9, 0xE3, 0xAC, 0x37,
    0x49, 0x11, 0x5A, 0x1B, 0xE5, 0xB6, 0xD9, 0xAE, 0x65, 0xA7, 0x92, 0xDE, 0xA8, 0xD5, 0x64, 0xB9,
    0x92, 0x0F, 0x42, 0x2E, 0x64, 0x88, 0xA1, 0xFA, 0xB5, 0xF2, 0x71, 0xA1, 0xBC, 0xAE, 0xCA, 0xFB,
    0x43, 0x79, 0x87, 0xBE, 0x4B, 0x79, 0xDD, 0x95, 0x57, 0x5A, 0x14, 0x1B, 0x82, 0xF2, 0xAF, 0x58,
    0x8D, 0x94, 0x99, 0x8E, 0x90, 0xC6, 0x58, 0xDE, 0x95, 0xD3, 0x69, 0xEC, 0x91, 0xF7, 0x8E, 0x18,
    0x7D, 0xEB, 0x12, 0xDA, 0x86, 0xDE, 0x69, 0x04, 0x95, 0x4B, 0xDD, 0x1A, 0x69, 0x08, 0x71, 0x8A,
    0x9B, 0xBE, 0x29, 0x5D, 0x44, 0x34, 0x52, 0xA9, 0x37, 0x61, 0x9D, 0xD1, 0x31, 0xF1, 0xD6, 0x21,
    0xDF, 0x2A, 0x58, 0x29, 0xDA, 0xF3, 0x18, 0xC2, 0xA1, 0xBD, 0xCC, 0x0F, 0xA1, 0x43, 0x8A, 0x6E,
    0x1C, 0x2A, 0x58, 0xED, 0x7D, 0x42, 0x8C, 0x7E, 0xE9, 0xDC, 0x99, 0xE5, 0xCB, 0x1E, 0xA1, 0x68,
    0x69, 0xD1, 0xBD, 0xEA, 0x4E, 0x79, 0x79, 0x0D, 0xC8, 0x0D, 0xA2, 0x4D, 0x3B, 0x81, 0x37, 0xA0,
    0x21, 0x24, 0x3B, 0x3E, 0x95, 0x3A, 0xD1, 0xC4, 0x6D, 0xFB, 0x57, 0x99, 0x07, 0xB6, 0xA5, 0x7B,
    0xE8, 0x68, 0x6F, 0xB4, 0xF2, 0x94, 0xCD, 0xFB, 0xD5, 0x6E, 0xCA, 0x0F, 0x27, 0xBC, 0x6F, 0xC0,
    0xFE, 0x24, 0x05, 0x25, 0x78, 0x80, 0xA3, 0x38, 0x47, 0xF4, 0x31, 0xC8, 0xFF, 0x79, 0xF5, 0x2D,
    0xE5, 0x11, 0xDE, 0x78, 0xA0, 0xD7, 0xD8, 0xCA, 0xF2, 0xE1, 0x74, 0x1F, 0x92, 0x9F, 0x80, 0x1B,
    0x58, 0xFE, 0x82, 0xDA, 0xD6, 0x34, 0xA2, 0xB9, 0x3C, 0x47, 0x94, 0x4F, 0xCD, 0xF1, 0x38, 0x13,
    0xF4, 0x83, 0x2A, 0xCF, 0x48, 0x2E, 0xB1, 0x60, 0x74, 0xFB, 0x1D, 0x6B, 0xD8, 0x2F, 0x3E, 0xF0,
    0xBF, 0xE0, 0x03, 0xD6, 0xEC, 0x71, 0x5E, 0x4B, 0xE8, 0x85, 0x8D, 0xE8, 0x06, 0x05, 0x84, 0x02,
    0xAC, 0x57, 0x38, 0x0B, 0x39, 0x15, 0x76, 0x9E, 0x84, 0x41, 0x21, 0x86, 0x70, 0x54, 0x5F, 0xC6,
    0x80, 0x26, 0x27, 0x19, 0x62, 0x21, 0xDD, 0x29, 0x7F, 0x90, 0x62, 0x21, 0xDB, 0x69, 0x3D, 0x1E,
    0x8A, 0xB6, 0xE4, 0x6A, 0x60, 0x36, 0xD5, 0x6E, 0xBF, 0x32, 0xF8, 0xAC, 0x48, 0x2D, 0x1C, 0xC9,
    0xA0, 0x24, 0xA9, 0x95, 0x34, 0x27, 0xDD, 0x0C, 0x46, 0xD7, 0xAB, 0x08, 0x8F, 0xA0, 0x4D, 0x3C,
    0x6C, 0xFB, 0xC1, 0x36, 0xAA, 0x0B, 0xC2, 0x6B, 0x3A, 0xBF, 0x01, 0x24, 0x7E, 0xA6, 0x31, 0xEC,
    0x14, 0xF8, 0xCE, 0x28, 0xB9, 0xA3, 0xE6, 0x20, 0x0B, 0x20, 0x49, 0x08, 0x52, 0x72, 0x7A, 0x83,
    0x8E, 0x6F, 0x47, 0x6C, 0x64, 0x24, 0x45, 0x2E, 0x24, 0x3B, 0xD5, 0x91, 0x00, 0xD4, 0x13, 0x5D,
    0xED, 0x99, 0x0B, 0xE9, 0x4E, 0xEB, 0xF1, 0x1C, 0xB4, 0xA5, 0x56, 0x03, 0x4B, 0x9A, 0xA4, 0x8B,
    0xE1, 0x12, 0xB9, 0xC3, 0x8A, 0xEB, 0xD6, 0xDB, 0x86, 0x3E, 0xFD, 0x4B, 0x17, 0xD0, 0x03, 0x43,
    0x3A, 0xAF, 0x33, 0xE2, 0x05, 0xFA, 0x8A, 0x20, 0x86, 0x63, 0x88, 0x3E, 0x34, 0xA7, 0xE4, 0x53,
    0xF1, 0xB8, 0xC2, 0xCB, 0x33, 0x05, 0x07, 0x34, 0xC4, 0x88, 0x5A, 0xA2, 0x2F, 0x68, 0x31, 0xA7,
    0x82, 0xD6, 0xE8, 0x0F, 0x04, 0xCE, 0x18, 0x44, 0x5F, 0xF6, 0x17, 0xA2, 0xE5, 0x03, 0x9D, 0x18,
    0x3C, 0x2E, 0x00, 0x1C, 0x51, 0xAE, 0x80, 0xE5, 0x0D, 0x97, 0x09, 0x41, 0x1A, 0x47, 0xA7, 0x09,
    0x00, 0x0A, 0x13, 0x2E, 0x86, 0xA8, 0xDB, 0x71, 0x88, 0xAA, 0xF3, 0x10, 0x75, 0x13, 0xBD, 0x89,
    0x94, 0x68, 0xEC, 0xF7, 0x7B, 0x10, 0x5F, 0x85, 0x7E, 0xDC, 0x3C, 0x20, 0x3E, 0x9C, 0xDC, 0x29,
    0xCA, 0x49, 0x0F, 0x01, 0xE2, 0xEC, 0x13, 0x05, 0xB0, 0x71, 0x81, 0xF8, 0x2B, 0xC2, 0xCB, 0xE8,
    0x51, 0x3E, 0xE3, 0x07, 0x15, 0xFB, 0xFD, 0xF3, 0xA0, 0xDF, 0xAF, 0xF3, 0x3B, 0x75, 0x5B, 0x14,
    0xB0, 0x77, 0x2A, 0xF6, 0x65, 0x2A, 0xF6, 0x6E, 0xDD, 0x44, 0x6A, 0x03, 0x5B, 0x6F, 0x25, 0x57,
    0x6C, 0x22, 0x72, 0xA2, 0xA4, 0x31, 0x05, 0xC4, 0x51, 0x40, 0x2F, 0x3B, 0x6A, 0xE7, 0x27, 0xED,
    0xAE, 0x05, 0xD4, 0x7A, 0x9E, 0xC4, 0x60, 0x9F, 0x95, 0x58, 0xEC, 0x66, 0x61, 0x1A, 0x05, 0x34,
    0xC4, 0xB0, 0x48, 0x67, 0xD2, 0x08, 0xDD, 0x0D, 0xCF, 0x91, 0xD9, 0xA0, 0x93, 0xCF, 0x61, 0xED,
    0x1F, 0x6E, 0xE0, 0x7E, 0xC7, 0x54, 0xF3, 0xAF, 0x84, 0xF9, 0x9C, 0xC4, 0x5B, 0x35, 0x39, 0x9A,
    0x80, 0x20, 0x71, 0x64, 0xE9, 0x8D, 0x96, 0x4A, 0x97, 0xF1, 0x7D, 0x12, 0x63, 0x7A, 0xF6, 0x3D,
    0xE7, 0xE4, 0x66, 0x4E, 0x6A, 0xC6, 0xF4, 0x4E, 0x6C, 0x23, 0xD9, 0x88, 0x33, 0xFE, 0x9D, 0x68,
    0x28, 0x29, 0x84, 0x2E, 0x7E, 0x49, 0x0A, 0xE4, 0x4E, 0xB5, 0x93, 0x38, 0xDF, 0x6E, 0x93, 0x1C,
    0x83, 0x62, 0x23, 0x1B, 0x93, 0x9A, 0x75, 0xFA, 0xDB, 0x76, 0x16, 0x7D, 0x1C, 0xEC, 0x4B, 0x97,
    0x7A, 0x64, 0x5E, 0x8C, 0xBE, 0x20, 0xD2, 0x39, 0x36, 0x4C, 0xEE, 0x80, 0xFE, 0x6A, 0xA1, 0x22,
    0x5F, 0x3C, 0x8F, 0x19, 0x98, 0x5B, 0x47, 0xDC, 0x9A, 0x90, 0x43, 0x1F, 0x5F, 0x37, 0x2C, 0xC1,
    0xF2, 0x72, 0x36, 0x52, 0x9C, 0x88, 0x3B, 0x52, 0x6C, 0xBC, 0x97, 0x5D, 0x41, 0xF0, 0x0C, 0x9A,
    0x08, 0x8C, 0x7D, 0x46, 0x87, 0xD8, 0x0E, 0xEF, 0xE9, 0x1B, 0xE7, 0x72, 0x88, 0x81, 0xFC, 0x8F,
    0xF3, 0x84, 0xA8, 0xE5, 0xBD, 0x4C, 0xD0, 0xB2, 0xD7, 0xB7, 0xFD, 0x46, 0xAF, 0x3B, 0x35, 0xBC,
    0xBB, 0x91, 0x02, 0x39, 0x68, 0x89, 0x03, 0x2B, 0x19, 0xE5, 0x53, 0x79, 0xFE, 0x9C, 0xB4, 0xA5,
    0x65, 0x1B, 0xA2, 0x26, 0x3A, 0xD2, 0x42, 0x14, 0xF2, 0xA1, 0x7D, 0xBE, 0x9E, 0xDF, 0x57, 0xF4,
    0x89, 0xBD, 0xBC, 0x9E, 0xD9, 0x67, 0xE4, 0x56, 0xDB, 0xF8, 0xE3, 0xFA, 0xF7, 0x93, 0xB9, 0x8B,
    0xE5, 0x7C, 0x61, 0x32, 0x5C, 0x90, 0x70, 0x9B, 0x0E, 0x3A, 0xA4, 0x42, 0x74, 0x5C, 0x47, 0x1B,
    0x7D, 0x19, 0xE7, 0x89, 0xD9, 0x88, 0x15, 0xFB, 0x9D, 0xF5, 0xD1, 0xE3, 0xC0, 0x49, 0x88, 0x0D,
    0x95, 0x64, 0x18, 0xC7, 0xAA, 0x8D, 0x70, 0x07, 0x75, 0xF0, 0xE8, 0xB7, 0xD9, 0x3A, 0x9F, 0xDA,
    0xEA, 0x91, 0xAC, 0x8F, 0x31, 0xF3, 0x3A, 0xEF, 0x27, 0x00, 0x67, 0xFA, 0xD1, 0x0F, 0xB3, 0x16,
    0x21, 0x2F, 0xED, 0x5C, 0x7A, 0xDE, 0x34, 0x3C, 0x5C, 0x14, 0x00, 0x94, 0xBC, 0x37, 0x82, 0xDA,
    0x7F, 0x15, 0x0D, 0x99, 0xC5, 0x50, 0xCF, 0xA4, 0x24, 0xF1, 0x37, 0xD1, 0xAD, 0xC9, 0x11, 0x1B,
    0xCD, 0x6C, 0x4F, 0x2D, 0x24, 0x8E, 0xDE, 0x73, 0x90, 0xFD, 0x34, 0x19, 0x70, 0x07, 0xF2, 0x48,
    0x2D, 0x06, 0x10, 0x67, 0x56, 0xA4, 0x5C, 0x55, 0xB0, 0xC4, 0x99, 0xD7, 0x7D, 0xAE, 0x2B, 0x80,
    0x4B, 0xFE, 0xB9, 0xFA, 0xD2, 0xFE, 0xF6, 0xDE, 0x33, 0x02, 0xC8, 0x15, 0x9F, 0xF6, 0xD1, 0x0D,
    0xEF, 0x28, 0x51, 0x7C, 0x03, 0x68, 0x67, 0xEC, 0x98, 0xFD, 0x0A, 0xA2, 0xFC, 0x28, 0xF2, 0x96,
    0x69, 0x45, 0x4B, 0x09, 0x47, 0xA4, 0xB7, 0x47, 0xBA, 0x11, 0x37, 0x85, 0x8C, 0xD2, 0x3D, 0xDA,
    0x6B, 0xC7, 0x19, 0xF2, 0x97, 0x55, 0x45, 0x1E, 0x3E, 0x9F, 0xB6, 0x68, 0xE2, 0x61, 0x8B, 0xDC,
    0xB4, 0xE4, 0x5C, 0x14, 0x25, 0x36, 0xAA, 0x6C, 0xD5, 0xDF, 0x57, 0x0D, 0xC8, 0xBD, 0x62, 0x29,
    0xB2, 0x17, 0xEC, 0x85, 0x23, 0xCA, 0x8F, 0xBD, 0x0C, 0x81, 0xA5, 0xC8, 0x5A, 0xAF, 0x0A, 0x2F,
    0x3E, 0xAC, 0xFA, 0x03, 0x6A, 0xAE, 0x4A, 0xDE, 0x44, 0xA5, 0x44, 0xB3, 0xC4, 0xC2, 0xC3, 0xA9,
    0x2E, 0x30, 0x14, 0xCB, 0xBF, 0xE2, 0xDD, 0x14, 0x8D, 0xEA, 0x3A, 0x6D, 0x92, 0x87, 0x4D, 0xF1,
    0xDB, 0x3C, 0xFC, 0xCB, 0x9D, 0x29, 0xDE, 0xF7, 0xCA, 0xB9, 0xBD, 0xBC, 0xFD, 0xE5, 0x28, 0xE3,
    0x5D, 0x34, 0xC4, 0x10, 0xF3, 0xA5, 0x90, 0xB5, 0x38, 0x02, 0xFD, 0xB2, 0xB7, 0x1D, 0x74, 0x3D,
    0xA2, 0x9E, 0x8F, 0x98, 0x3C, 0xA2, 0x80, 0x57, 0x9C, 0x64, 0xEF, 0x04, 0xBF, 0x2B, 0x84, 0x7F,
    0xD8, 0xF8, 0xF1, 0x38, 0x03, 0xF5, 0xDC, 0xE0, 0x15, 0xDF, 0x31, 0xC6, 0x40, 0xFB, 0x8B, 0x0D,
    0x8C, 0x86, 0x22, 0x66, 0xC3, 0x67, 0xA3, 0xD8, 0xE8, 0xD0, 0xEA, 0x06, 0x53, 0x14, 0x33, 0xA3,
    0x34, 0xF3, 0xDD, 0x62, 0xC0, 0x92, 0x1B, 0x51, 0x08, 0xD3, 0x2E, 0xD2, 0x11, 0xA2, 0x0B, 0x0A,
    0x92, 0x5B, 0xE5, 0x45, 0x71, 0x84, 0xA1, 0xB0, 0x20, 0x3F, 0xA7, 0x53, 0x39, 0xBF, 0x00, 0x01,
    0x9C, 0x70, 0xBD, 0xBF, 0x58, 0x70, 0xBD, 0x48, 0x3D, 0xE6, 0xBA, 0x96, 0x33, 0x57, 0x27, 0xB5,
    0x6F, 0x33, 0xE6, 0xCC, 0x72, 0x83, 0xE2, 0x1C, 0x4E, 0x4B, 0xC0, 0x7B, 0xD8, 0x2E, 0x0A, 0x60,
    0x01, 0xBE, 0x43, 0x7F, 0x01, 0x58, 0x3B, 0x2A, 0x15, 0x01, 0x82, 0x21, 0xDA, 0x97, 0xE3, 0x31,
    0x0E, 0x38, 0x2A, 0x8C, 0xE7, 0xC4, 0xBA, 0x27, 0x23, 0x11, 0xBC, 0xA0, 0x73, 0xB3, 0x78, 0x42,
    0x5C, 0x3C, 0x4A, 0x2C, 0x6F, 0x22, 0x07, 0xE7, 0xD8, 0x4F, 0x0E, 0x4A, 0xCF, 0x75, 0x19, 0x30,
    0xDB, 0x0E, 0x6A, 0x6B, 0x49, 0x5D, 0x19, 0x57, 0x01, 0x40, 0x1F, 0x64, 0xC8, 0xF9, 0x30, 0x34,
    0x9B, 0x3C, 0x9A, 0xD6, 0xD5, 0x48, 0x61, 0xD9, 0xE4, 0xD1, 0x04, 0xD9, 0xE8, 0x5E, 0x4D, 0xDF,
    0xD0, 0x04, 0xC4, 0x81, 0x92, 0x54, 0x1B, 0x25, 0x29, 0x1C, 0x2B, 0xD9, 0x3E, 0xC7, 0xCD, 0x85,
    0x04, 0x35, 0xEC, 0x64, 0x0C, 0xED, 0xF9, 0xCD, 0x5A, 0x6E, 0x6B, 0x0E, 0x0B, 0x9F, 0xF0, 0x9A,
    0x64, 0xD0, 0xF1, 0x3E, 0x89, 0xA4, 0x33, 0xCF, 0x73, 0x26, 0x27, 0xE9, 0x7B, 0xC8, 0x51, 0xCF,
    0xA4, 0xA3, 0x9B, 0xA3, 0xEF, 0xD9, 0x44, 0x79, 0xEE, 0xA0, 0x74, 0xD5, 0x84, 0xF1, 0xD7, 0xBE,
    0x6D, 0xEC, 0x59, 0x83, 0xCE, 0x9A, 0x31, 0xA7, 0x39, 0x28, 0xD0, 0x82, 0xED, 0x7D, 0x9A, 0xC5,
    0xE3, 0xF5, 0xDD, 0xAC, 0x93, 0x6C, 0x50, 0x1C, 0xDE, 0xD0, 0x38, 0x1E, 0xB9, 0xB0, 0x2B, 0x47,
    0x5A, 0x1E, 0x95, 0xFF, 0xBF, 0x8E, 0x91, 0xFE, 0x6F, 0xC7, 0xF0, 0xBA, 0x63, 0x32, 0x3A, 0xE6,
    0x90, 0x39, 0x28, 0xE4, 0xC3, 0xEB, 0xD6, 0xE8, 0xB5, 0xAC, 0x04, 0x63, 0x87, 0xCE, 0x2A, 0x00,
    0x38, 0xA1, 0x21, 0xE9, 0xB2, 0xDF, 0x82, 0x1E, 0x67, 0x1C, 0x57, 0xAF, 0x35, 0x53, 0x2E, 0x2B,
    0x8A, 0xC6, 0xB8, 0x08, 0x23, 0x79, 0x61, 0xF0, 0x18, 0x61, 0x8E, 0x77, 0x5C, 0x20, 0xDF, 0x71,
    0xF9, 0xFC, 0x00, 0x9A, 0x1C, 0x0A, 0xE4, 0xF2, 0xA3, 0x85, 0xE8, 0x0B, 0x62, 0x39, 0xDB, 0x6F,
    0xBF, 0x4F, 0xC0, 0x69, 0xD7, 0xDC, 0x24, 0x1C, 0x35, 0x5D, 0x04, 0x1D, 0xA1, 0x71, 0x08, 0x55,
    0x00, 0x86, 0x0D, 0xB5, 0x51, 0xD0, 0x82, 0xF7, 0x10, 0x41, 0x54, 0x62, 0xF2, 0xAA, 0xD3, 0xED,
    0x3F, 0x2B, 0x38, 0x10, 0x05, 0xDC, 0xB1, 0x55, 0xC3, 0x1D, 0x8A, 0xD8, 0x6B, 0xB1, 0xDE, 0x53,
    0x71, 0x0F, 0x45, 0x6C, 0x55, 0x7E, 0xB4, 0x02, 0x98, 0xF5, 0x87, 0xC3, 0x70, 0x15, 0xDE, 0x90,
    0xC4, 0xC5, 0x15, 0xBF, 0x52, 0x15, 0x59, 0xC0, 0xDF, 0x3E, 0x75, 0x40, 0x8F, 0x76, 0xB1, 0x41,
    0x4E, 0x88, 0xB1, 0x21, 0xE4, 0xCD, 0x00, 0x60, 0x85, 0xE7, 0x35, 0x1D, 0x8A, 0x7A, 0xB5, 0x72,
    0x4C, 0x1B, 0x7D, 0xC3, 0xEF, 0xAB, 0xD2, 0x25, 0xA2, 0xFC, 0x84, 0x65, 0x89, 0x36, 0xB1, 0x1A,
    0x63, 0x7E, 0x8E, 0xE5, 0x19, 0xBD, 0x11, 0xA9, 0xFD, 0x72, 0x00, 0x88, 0x23, 0x86, 0xEC, 0xD5,
    0x5E, 0x07, 0x42, 0x28, 0xBE, 0x85, 0x02, 0x5D, 0x0D, 0xE8, 0xE3, 0x03, 0xD1, 0xF5, 0xFB, 0x7F,
    0x06, 0x52, 0x8A, 0x03, 0xB3, 0x6E, 0x25, 0x0F, 0x53, 0x02, 0x92, 0xD7, 0x61, 0x79, 0xF7, 0xE9,
    0xE2, 0x3F, 0xCB, 0xCC, 0x43, 0xD6, 0x42, 0x06, 0xB4, 0x86, 0x1B, 0x79, 0x5B, 0x79, 0xA0, 0x24,
    0xD5, 0x46, 0x35, 0xC8, 0xB1, 0x92, 0x21, 0x48, 0xB9, 0x91, 0x92, 0x04, 0xB5, 0x92, 0x63, 0x10,
    0x36, 0x32, 0x92, 0x1E, 0x48, 0xC0, 0xF9, 0x83, 0x23, 0x80, 0xDC, 0xC9, 0x26, 0x9D, 0xD6, 0x46,
    0xFB, 0x79, 0x7E, 0xBD, 0xCE, 0xAC, 0xFD, 0x34, 0x83, 0xA2, 0x0E, 0x0E, 0x69, 0x1D, 0x0D, 0x88,
    0x25, 0x57, 0x99, 0xBA, 0xBF, 0xE4, 0xE7, 0x12, 0x44, 0x8E, 0x32, 0x60, 0xC5, 0x8F, 0x2D, 0xF8,
    0xB9, 0x54, 0xA3, 0x62, 0x50, 0x3C, 0x93, 0xF8, 0xEB, 0xC9, 0xA8, 0xC4, 0x5F, 0x74, 0x84, 0xCC,
    0x72, 0xBD, 0xD6, 0x9B, 0x68, 0x75, 0x7E, 0x88, 0x60, 0xD9, 0x18, 0xB2, 0x3E, 0x50, 0x5C, 0x52,
    0xEB, 0xB8, 0x8F, 0xB7, 0xD7, 0xF3, 0xB7, 0x0F, 0xF4, 0xA0, 0x82, 0x7C, 0x9A, 0xF3, 0x90, 0x0F,
    0x97, 0x2D, 0xA4, 0xF6, 0x67, 0xCA, 0x5A, 0x9E, 0xEB, 0x6A, 0x94, 0xEB, 0x45, 0xC4, 0x7F, 0xFD,
    0x6C, 0xF4, 0x18, 0xF2, 0xE7, 0x89, 0xEB, 0xF8, 0xB7, 0x0F, 0xD6, 0xC1, 0xB6, 0x73, 0x90, 0x7D,
    0x4C, 0xBA, 0x5A, 0x6A, 0x84, 0xDC, 0xC6, 0x77, 0x57, 0xC4, 0xF0, 0x1D, 0xE3, 0x4A, 0x43, 0x76,
    0x50, 0x08, 0xAF, 0xC9, 0xF6, 0x0B, 0x79, 0x3C, 0x0C, 0x38, 0xF3, 0x68, 0x92, 0x7E, 0x75, 0x78,
    0xE9, 0x1B, 0xC2, 0xCB, 0xAE, 0xC2, 0x4B, 0x1E, 0x64, 0x90, 0x53, 0x5C, 0x91, 0xAE, 0x07, 0x15,
    0x83, 0x2C, 0xE4, 0xB5, 0xFA, 0xE8, 0x38, 0xEC, 0xDC, 0xD6, 0xD8, 0xAA, 0xDF, 0x1B, 0x5B, 0x2B,
    0xFE, 0x47, 0xCA, 0x87, 0xB8, 0x64, 0x88, 0x2C, 0x1E, 0x39, 0x2E, 0xD4, 0x2B, 0x3A, 0x17, 0xF6,
    0x8E, 0xDB, 0x0C, 0x40, 0x2C, 0x8F, 0x7F, 0x99, 0x82, 0x89, 0xC7, 0x62, 0xE5, 0xD6, 0xC9, 0x10,
    0xA4, 0xE3, 0x0D, 0x76, 0x22, 0xDF, 0x4B, 0xF5, 0xE2, 0x36, 0xDD, 0x20, 0x24, 0x1E, 0xBD, 0x1E,
    0xCB, 0x99, 0xB1, 0x4F, 0xDD, 0xB0, 0x2C, 0x36, 0x79, 0xDF, 0xAA, 0xDD, 0x59, 0xF4, 0xF1, 0x80,
    0x6F, 0x74, 0x18, 0xEC, 0x2F, 0xBB, 0x6B, 0xDD, 0x5B, 0x76, 0x56, 0x77, 0xC4, 0x0B, 0x74, 0xE2,
    0xF2, 0x76, 0x36, 0xF8, 0x99, 0x32, 0x97, 0x70, 0xD3, 0x43, 0xCB, 0x5A, 0x9A, 0x10, 0xBF, 0x5A,
    0x4B, 0x53, 0x17, 0x6B, 0x69, 0xF0, 0x39, 0xFD, 0x76, 0x13, 0xCD, 0x7D, 0x41, 0xB0, 0x8B, 0x6D,
    0x18, 0xCE, 0x9D, 0x77, 0xFF, 0xCC, 0x59, 0x7A, 0xFC, 0x4B, 0x3E, 0x9C, 0x4E, 0x10, 0x08, 0xFD,
    0xA5, 0xB4, 0xD8, 0x9A, 0x8A, 0x4B, 0xE9, 0x5A, 0x34, 0xE1, 0x26, 0x29, 0x0E, 0xFE, 0xA1, 0x9F,
    0xCC, 0x87, 0x62, 0xE1, 0x1B, 0xA6, 0xC7, 0xFE, 0xB0, 0x1C, 0xF7, 0xC6, 0x6F, 0x10, 0xD1, 0xB2,
    0xDC, 0x37, 0x72, 0x47, 0x95, 0x2F, 0xFF, 0x8C, 0x0F, 0x83, 0x24, 0x0A, 0xC4, 0xB2, 0xBA, 0xA4,
    0x7B, 0x8B, 0xE5, 0x89, 0xB6, 0xF6, 0x3F, 0x82, 0x3E, 0xE1, 0xD2, 0x4D, 0xA1, 0x46, 0xBB, 0x4B,
    0xC4, 0x72, 0xB6, 0x64, 0x48, 0xCA, 0x01, 0x9C, 0x79, 0x89, 0xE7, 0x96, 0xEF, 0x2D, 0xE0, 0xBA,
    0xB5, 0xEC, 0x57, 0xE3, 0xBD, 0xE7, 0x16, 0x8F, 0x31, 0x8E, 0xAB, 0xE9, 0x60, 0xCB, 0x96, 0xD6,
    0xB4, 0x39, 0x15, 0x50, 0x76, 0x47, 0xC0, 0x5E, 0xF2, 0x5E, 0x30, 0xD9, 0xDF, 0x5D, 0x83, 0xD8,
    0x1F, 0x23, 0xEC, 0x3A, 0xDD, 0x46, 0xB2, 0xDD, 0x47, 0x24, 0xDC, 0xD1, 0x7A, 0xB3, 0x50, 0xE3,
    0xD2, 0x21, 0x79, 0x0A, 0x3D, 0xB0, 0x37, 0xC6, 0xC5, 0x6D, 0xEC, 0x1F, 0xB8, 0x6E, 0xB0, 0x17,
    0x6C, 0xEC, 0x61, 0x37, 0x1B, 0xCA, 0xD3, 0xA0, 0xC4, 0xA2, 0x8F, 0xC5, 0xAB, 0x2E, 0x30, 0xBD,
    0xA4, 0xC3, 0x71, 0x25, 0x40, 0x8E, 0xEC, 0xEB, 0xF3, 0xBD, 0xC3, 0xE9, 0xDA, 0xEF, 0x24, 0x2C,
    0xC9, 0xA6, 0xE3, 0xF3, 0x05, 0x00, 0x18, 0x54, 0x24, 0x4A, 0x4A, 0xA9, 0xC2, 0xD6, 0xBC, 0xFB,
    0x2B, 0xE2, 0x9E, 0x24, 0xC7, 0x21, 0xB3, 0x2F, 0x0B, 0x9D, 0x52, 0xBB, 0x8E, 0x95, 0x6C, 0xA7,
    0x38, 0x65, 0xFD, 0x8D, 0xF4, 0x78, 0x1E, 0x21, 0x73, 0x15, 0x47, 0x3C, 0x7A, 0x53, 0x7B, 0xF7,
    0x6C, 0x82, 0xE7, 0xCB, 0xAF, 0xC7, 0xD2, 0xE5, 0x0E, 0x45, 0x3A, 0x8C, 0x31, 0x52, 0x06, 0x58,
    0xCF, 0xCE, 0x08, 0xFB, 0x73, 0x1D, 0x7D, 0x73, 0x22, 0xC6, 0x81, 0x58, 0xE0, 0x93, 0x28, 0x7B,
    0x98, 0xC9, 0x7B, 0x5D, 0x90, 0x5D, 0xAE, 0x34, 0x23, 0x79, 0x50, 0xEC, 0x3F, 0x25, 0xFA, 0x2C,
    0xE7, 0x6F, 0xEE, 0x0A, 0xE1, 0xB8, 0xF6, 0xDE, 0xE7, 0x5D, 0xE6, 0x6D, 0xF9, 0x89, 0x06, 0xD0,
    0x78, 0x4F, 0xC4, 0xC5, 0x6F, 0x33, 0x5C, 0x4D, 0x9F, 0xE5, 0xB3, 0x9D, 0x50, 0x21, 0x2A, 0xBA,
    0xAE, 0xCC, 0x3F, 0x7C, 0xBD, 0x47, 0xB1, 0x9E, 0x5A, 0x2C, 0x7F, 0xD0, 0xC1, 0x79, 0x38, 0xD7,
    0x51, 0xC3, 0x20, 0xC3, 0x1E, 0x76, 0x2A, 0x74, 0x69, 0x8A, 0xE3, 0x7B, 0xB6, 0x78, 0xB6, 0x81,
    0x97, 0xA0, 0x3C, 0xC5, 0x36, 0xD0, 0xC2, 0x00, 0xA9, 0xF6, 0x2D, 0xC6, 0xD1, 0x1A, 0x98, 0x5F,
    0x68, 0x48, 0xC1, 0xF8, 0xBB, 0x1E, 0xA9, 0x51, 0xA1, 0x1E, 0xDC, 0xDF, 0x1A, 0x8A, 0xCF, 0xB7,
    0x4B, 0x5A, 0x4D, 0x64, 0x01, 0x88, 0x72, 0xD4, 0x1E, 0xFF, 0x3E, 0x44, 0xA3, 0x2B, 0xDA, 0x5E,
    0x4B, 0x46, 0x62, 0xB5, 0xBD, 0x2C, 0x2A, 0xA5, 0xA8, 0x72, 0xA0, 0x3C, 0xBD, 0x10, 0x5A, 0x08,
    0x61, 0xA5, 0x05, 0xAD, 0x44, 0xDB, 0xB3, 0x55, 0xDD, 0xC0, 0xD8, 0xD8, 0x6A, 0x58, 0x01, 0xA8,
    0x61, 0x42, 0x94, 0xC6, 0xD3, 0xB3, 0x72, 0x7B, 0x7A, 0x56, 0x1E, 0x92, 0x62, 0xFF, 0x9E, 0x68,
    0x9C, 0x2B, 0x27, 0xBD, 0xCC, 0xEE, 0x6D, 0x86, 0x84, 0x87, 0xA5, 0x8B, 0x26, 0x7F, 0xA5, 0xE3,
    0x77, 0x0A, 0xF7, 0x46, 0x41, 0x4A, 0xA4, 0x78, 0xDE, 0x53, 0x5A, 0xC4, 0x43, 0x90, 0xD0, 0xB3,
    0x20, 0x3E, 0x76, 0xFD, 0x7A, 0x14, 0x84, 0x5A, 0xE4, 0x06, 0xB8, 0x53, 0x90, 0x28, 0x00, 0x9D,
    0x2F, 0x19, 0x4E, 0x94, 0xB9, 0xF6, 0x56, 0x6D, 0xBF, 0xE8, 0x7D, 0xD9, 0x5A, 0xC6, 0x0F, 0xE2,
    0x88, 0xF0, 0xEB, 0xC5, 0x68, 0x47, 0xB4, 0x03, 0x59, 0xF7, 0x48, 0xE6, 0xDE, 0x9C, 0xC5, 0x84,
    0xD8, 0xC8, 0xEF, 0xE1, 0x8E, 0xD9, 0xB5, 0x9C, 0xCB, 0x2D, 0xD6, 0x9C, 0xDE, 0x3F, 0x16, 0x6A,
    0xFD, 0x0A, 0x17, 0x4D, 0x0F, 0x4B, 0x2B, 0x8F, 0xA1, 0x03, 0x43, 0xCF, 0x93, 0xA1, 0xF8, 0x1B,
    0x43, 0xCD, 0xB1, 0x95, 0x58, 0x89, 0xE3, 0xA8, 0x62, 0xB3, 0x09, 0xE2, 0x89, 0x8D, 0x2C, 0x21,
    0x4F, 0xA4, 0x35, 0xC6, 0xBF, 0xDF, 0x4C, 0xD1, 0x08, 0x9C, 0x89, 0x97, 0x7D, 0xD2, 0x9A, 0xC8,
    0x3D, 0x2C, 0x22, 0xB8, 0x91, 0x1C, 0xA4, 0x75, 0x9E, 0xDA, 0xD1, 0x35, 0x2A, 0xF6, 0x3A, 0x1F,
    0x07, 0xE6, 0x5E, 0xDF, 0xFF, 0x38, 0x31, 0xBF, 0x2A, 0x50, 0x5B, 0x1D, 0xB9, 0x63, 0x9A, 0xC8,
    0x13, 0x66, 0x3F, 0x68, 0xCA, 0xCD, 0xB3, 0x0D, 0x02, 0xA2, 0xB5, 0xD4, 0x10, 0xA3, 0xDD, 0x78,
    0x7C, 0xC9, 0x4B, 0x30, 0x2D, 0x7F, 0x53, 0xB2, 0xFA, 0x83, 0x7B, 0x54, 0x6E, 0xEC, 0xDC, 0x5E,
    0x05, 0xC2, 0xEC, 0x05, 0xC4, 0xA3, 0xBA, 0xE2, 0x9E, 0x82, 0x88, 0x5F, 0xE3, 0xAA, 0xE9, 0xA6,
    0xA2, 0xC2, 0xAF, 0x4E, 0x89, 0xFA, 0x25, 0x02, 0x3A, 0x80, 0x3C, 0xD1, 0x2F, 0x15, 0x90, 0x71,
    0x36, 0xAA, 0x2F, 0x95, 0x77, 0xA3, 0xB5, 0xD7, 0x75, 0xF1, 0xEA, 0xBA, 0x0D, 0x17, 0xDB, 0x58,
    0x81, 0xAE, 0x0E, 0xF0, 0x42, 0x7E, 0x63, 0xA4, 0x06, 0x43, 0x33, 0x9B, 0xB0, 0x11, 0xD0, 0xD6,
    0xA5, 0x37, 0xDD, 0x14, 0x72, 0x2A, 0x63, 0x08, 0x3D, 0x92, 0xF6, 0x41, 0xA2, 0xC9, 0xFF, 0x1C,
    0xB1, 0x6F, 0x22, 0xA8, 0x9D, 0x14, 0x74, 0x4C, 0x51, 0xD2, 0x99, 0x30, 0xA0, 0xDD, 0x73, 0x01,
    0x92, 0x96, 0xC4, 0xDE, 0x73, 0x76, 0x9C, 0x7B, 0x95, 0x6F, 0x78, 0x13, 0xC8, 0xCB, 0xC2, 0x87,
    0xD1, 0x13, 0xB1, 0x2E, 0xA2, 0xFD, 0x11, 0x5C, 0xFF, 0x04, 0x88, 0xFB, 0xFC, 0x5A, 0xFA, 0x18,
    0xF3, 0x96, 0x1D, 0x88, 0x6B, 0x62, 0xF9, 0x84, 0x8E, 0x7A, 0x7F, 0xF6, 0xFA, 0xEF, 0xBA, 0xE8,
    0x26, 0xBA, 0x51, 0x89, 0x66, 0xD3, 0xB8, 0x6D, 0xF4, 0xC5, 0x53, 0x76, 0xB8, 0x37, 0x14, 0xE4,
    0xA7, 0xF4, 0x1B, 0x15, 0xF8, 0xDA, 0x78, 0xCA, 0x5E, 0xC7, 0x39, 0x7B, 0x9D, 0xFF, 0x96, 0x0F,
    0x4F, 0xDF, 0x74, 0x4A, 0x34, 0xC5, 0x20, 0x27, 0x61, 0xD9, 0xA6, 0xD3, 0x95, 0x9F, 0xCB, 0x87,
    0xEC, 0x90, 0x02, 0xEC, 0x6A, 0xA3, 0x3F, 0xE1, 0xBF, 0xEC, 0x49, 0x25, 0x59, 0xF2, 0x3C, 0x4C,
    0xCF, 0x26, 0x6C, 0xB4, 0x67, 0x42, 0x0C, 0xC1, 0xA7, 0x12, 0xC3, 0xBD, 0x4C, 0xC3, 0x7F, 0x32,
    0x4F, 0x6A, 0xD8, 0xE9, 0x39, 0x84, 0x7F, 0x1F, 0x4F, 0x23, 0xF6, 0xA9, 0xAA, 0x9E, 0x9F, 0x43,
    0xFC, 0x75, 0x1F, 0xFE, 0x5B, 0xEA, 0xCB, 0x85, 0xFA, 0x75, 0xA5, 0xFE, 0x32, 0xEB, 0x17, 0xBF,
    0x4A, 0xB6, 0x17, 0x09, 0x83, 0x4A, 0x9E, 0x7F, 0x85, 0xEC, 0xCB, 0x5F, 0xD3, 0x9C, 0x16, 0xE3,
    0x61, 0xA8, 0xAD, 0x88, 0x9A, 0xA8, 0x48, 0x5A, 0x7A, 0x4E, 0x6A, 0x22, 0xC8, 0x63, 0x17, 0x16,
    0x7B, 0x34, 0x1D, 0xD5, 0xCC, 0x73, 0x70, 0xEE, 0x3A, 0x8E, 0x7C, 0xFA, 0x06, 0x2D, 0x0B, 0xCD,
    0x0D, 0xDA, 0x4A, 0xCF, 0x8F, 0xA6, 0xB1, 0x69, 0xA8, 0x3E, 0x84, 0x41, 0xB4, 0x29, 0x45, 0x39,
    0xF5, 0xED, 0x2D, 0x6C, 0xFA, 0xDE, 0xAC, 0x63, 0x13, 0xBC, 0x3E, 0x95, 0xB8, 0xCF, 0x26, 0x8C,
    0x06, 0x39, 0x4E, 0xCD, 0xD8, 0x9A, 0x06, 0xA9, 0xAD, 0xD9, 0x1D, 0xD3, 0x52, 0x04, 0xCE, 0xCD,
    0x7B, 0x29, 0x72, 0xA4, 0x5C, 0x53, 0x90, 0x63, 0xDD, 0xFA, 0xB1, 0xF9, 0x9D, 0x4D, 0xA4, 0x80,
    0xA2, 0x30, 0x07, 0x94, 0x6F, 0x6C, 0x4E, 0x59, 0xBD, 0x9B, 0x71, 0x72, 0x05, 0xE2, 0xE4, 0x06,
    0x43, 0x9D, 0x1A, 0x1E, 0x60, 0x63, 0xCA, 0x5F, 0x62, 0x87, 0xA9, 0xCC, 0xEB, 0xE2, 0x28, 0x45,
    0x1A, 0x12, 0x4F, 0x8D, 0x0E, 0xB6, 0x12, 0x88, 0xB2, 0x51, 0x8F, 0x86, 0x20, 0xED, 0x5B, 0xD1,
    0x39, 0xFE, 0x0D, 0x87, 0x86, 0x97, 0x2B, 0x34, 0x46, 0x83, 0x9E, 0x80, 0xE2, 0xDB, 0xA6, 0xF8,
    0x6C, 0xA0, 0x04, 0x90, 0xA5, 0xA1, 0x8F, 0x46, 0xCA, 0x0C, 0x4D, 0xA7, 0x9E, 0x7B, 0x63, 0xEF,
    0x95, 0x67, 0x13, 0xEA, 0xF5, 0x97, 0x99, 0xC3, 0xCE, 0x5F, 0x66, 0x3E, 0xDD, 0x50, 0x92, 0x0C,
    0xCB, 0x33, 0xE0, 0xD8, 0x47, 0x05, 0xDF, 0x47, 0x85, 0x26, 0xE3, 0x87, 0xE9, 0x4E, 0xD9, 0x22,
    0x23, 0x41, 0x1B, 0x9A, 0x7C, 0x37, 0x62, 0x50, 0xD2, 0xB2, 0x78, 0x2F, 0xE5, 0x6E, 0xE9, 0x99,
    0xAE, 0x7F, 0x6C, 0x75, 0xE0, 0x7C, 0x08, 0xDD, 0xE6, 0x86, 0x14, 0x97, 0x60, 0x5C, 0xBA, 0x1B,
    0x8A, 0x22, 0xA2, 0xBB, 0xBF, 0x2C, 0x7B, 0x6E, 0xA5, 0xD1, 0x58, 0x2D, 0x42, 0x23, 0x25, 0xD0,
    0xDC, 0x90, 0x02, 0x58, 0x6C, 0x08, 0xE2, 0xF5, 0xCF, 0x8F, 0x12, 0x2D, 0x77, 0xD4, 0x91, 0xE4,
    0x69, 0x6C, 0xE5, 0x10, 0x8D, 0xF7, 0xDA, 0x13, 0x43, 0x8C, 0xFD, 0x69, 0xB6, 0x87, 0x51, 0x66,
    0x5F, 0x9E, 0xE9, 0x93, 0xC6, 0x3F, 0xF9, 0x71, 0x2C, 0x9F, 0xC4, 0xC9, 0xE2, 0xE7, 0xEF, 0x34,
    0x18, 0x16, 0x87, 0xC7, 0xE3, 0xC2, 0x13, 0x6B, 0x97, 0x81, 0x3C, 0x62, 0x2B, 0xC5, 0x25, 0x62,
    0x21, 0x8E, 0x76, 0x6A, 0x23, 0xCF, 0xE7, 0x45, 0x6E, 0xA2, 0x63, 0x9E, 0x4F, 0x3A, 0x30, 0xCF,
    0x1B, 0x89, 0x25, 0x9A, 0x3D, 0x38, 0xA7, 0x0D, 0x0C, 0xF1, 0x74, 0xB4, 0x5B, 0x4B, 0xEC, 0x6C,
    0xC9, 0xB8, 0xA2, 0xC6, 0x1E, 0x0D, 0x3E, 0x81, 0xF1, 0xB3, 0xF7, 0xC8, 0xBA, 0x6F, 0xE7, 0x58,
    0x45, 0x2E, 0x90, 0x8A, 0x60, 0xF2, 0xA7, 0x87, 0x79, 0x41, 0xC9, 0x5C, 0x43, 0x40, 0xA1, 0x18,
    0x76, 0x28, 0x4D, 0x41, 0xEA, 0xB6, 0xBF, 0xA6, 0x81, 0xAB, 0x05, 0x68, 0xCC, 0x02, 0xA7, 0x5F,
    0x8C, 0xAE, 0xF3, 0x0C, 0x98, 0x5B, 0xE5, 0x23, 0xE9, 0xAC, 0xB5, 0x7F, 0x98, 0x4F, 0xB0, 0x29,
    0x31, 0xCB, 0x1F, 0x95, 0xF8, 0xAB, 0xC8, 0xF3, 0xAF, 0x98, 0x9D, 0x85, 0x66, 0xE4, 0x9B, 0x7C,
    0x34, 0xB9, 0x75, 0x9B, 0x37, 0x59, 0xF2, 0xCB, 0xD2, 0x18, 0xBF, 0x89, 0x05, 0xE4, 0x14, 0x7E,
    0x09, 0xF0, 0x3F, 0x2C, 0xFC, 0xFF, 0x00, 0xCC, 0xD6, 0x41, 0x8A, 0xE4, 0x5A, 0x0E, 0x85, 0xE1,
    0x03, 0x9A, 0x36, 0x68, 0x2B, 0xB9, 0x80, 0x06, 0x6D, 0x5D, 0x10, 0x0B, 0xE8, 0xAD, 0x08, 0x7A,
    0x2A, 0xF8, 0x1B, 0xDB, 0xF7, 0x5A, 0x15, 0x91, 0x11, 0x59, 0x50, 0xFD, 0x1E, 0x3C, 0x51, 0x75,
    0xCF, 0x77, 0x06, 0x06, 0x5B, 0xA4, 0x9D, 0xA9, 0x73, 0xBC, 0x24, 0x7D, 0x49, 0xD1, 0x12, 0xF4,
    0x91, 0x0E, 0x64, 0xB4, 0x00, 0x2A, 0xDA, 0x28, 0xA3, 0xD5, 0x4E, 0x2A, 0xB0, 0x76, 0xA4, 0xC0,
    0x2B, 0x5A, 0x72, 0xD8, 0x99, 0xB4, 0x64, 0xB4, 0xAE, 0x2C, 0x51, 0x7F, 0x98, 0x7D, 0x64, 0x7E,
    0xCB, 0x40, 0x72, 0x74, 0xE7, 0x79, 0x3F, 0x3D, 0xD7, 0x0A, 0x20, 0x25, 0x05, 0x20, 0x49, 0x06,
    0xA5, 0x73, 0x52, 0x7B, 0x38, 0x4F, 0x23, 0xBF, 0x87, 0x56, 0x78, 0x4A, 0x76, 0x86, 0x83, 0x22,
    0x05, 0x54, 0xC8, 0x80, 0x46, 0x4E, 0x06, 0xAD, 0x38, 0x54, 0x8A, 0xDE, 0xB7, 0x61, 0x13, 0xFC,
    0x10, 0xB1, 0x62, 0x5D, 0xC7, 0x7E, 0x92, 0x40, 0x32, 0xA0, 0x25, 0x01, 0x25, 0x29, 0x40, 0xC7,
    0xFC, 0x4B, 0x33, 0xBD, 0xD2, 0x10, 0x20, 0xE7, 0x3F, 0xE4, 0x85, 0x07, 0x03, 0xA7, 0x25, 0x32,
    0xD2, 0x28, 0x29, 0x32, 0xB4, 0xC0, 0xC2, 0xA3, 0x17, 0xA8, 0x8D, 0x5C, 0x28, 0x2D, 0xE4, 0xDF,
    0x00, 0x1D, 0x40, 0x07, 0x7A, 0x60, 0x27, 0x02, 0xE8, 0x8D, 0x3A, 0x60, 0x40, 0x1E, 0x10, 0xA0,
    0x6B, 0xFE, 0xAD, 0x7B, 0xAC, 0xAF, 0x74, 0x5E, 0x33, 0xCF, 0xB4, 0x95, 0x0A, 0xED, 0x84, 0x0C,
    0x92, 0x95, 0x7D, 0x24, 0x3C, 0x5A, 0x4E, 0x3A, 0xD4, 0x91, 0x06, 0x79, 0x65, 0xE9, 0xCA, 0xFC,
    0xA3, 0xF4, 0x23, 0xED, 0x4E, 0xB8, 0x13, 0x49, 0x50, 0x67, 0x06, 0x09, 0xF3, 0x13, 0xAA, 0x79,
    0xCA, 0xBA, 0x0B, 0xE9, 0x7D, 0x17, 0xEF, 0xA8, 0x29, 0x30, 0xD7, 0x19, 0x68, 0x86, 0x1E, 0x2B,
    0x6A, 0x2C, 0x4F, 0xFD, 0x30, 0xEB, 0x46, 0x03, 0xA0, 0x01, 0x78, 0x2A, 0xB9, 0xCA, 0xBC, 0x05,
    0x46, 0x19, 0x29, 0x50, 0xD4, 0x2E, 0x71, 0x94, 0xB5, 0x8C, 0x23, 0x22, 0x15, 0x68, 0x0A, 0x57,
    0x31, 0x32, 0x24, 0x7A, 0x95, 0xD2, 0x71, 0x4C, 0x71, 0x72, 0x4A, 0x3C, 0x17, 0x4D, 0xA1, 0xA7,
    0x18, 0xF5, 0xA1, 0x38, 0xB9, 0x4B, 0x2A, 0xD0, 0x14, 0x90, 0xF5, 0xBA, 0x37, 0xD1, 0x77, 0xB9,
    0x2E, 0x3B, 0x4B, 0x20, 0x27, 0x57, 0xA1, 0x15, 0xA4, 0xE2, 0xDA, 0x41, 0x29, 0x90, 0xDF, 0xAB,
    0xE2, 0x5E, 0x55, 0xAD, 0x52, 0x40, 0x6B, 0x17, 0xAD, 0xC9, 0x79, 0xAB, 0xAD, 0x14, 0xB7, 0x5B,
    0x6C, 0x8B, 0x47, 0xCF, 0x27, 0x8D, 0x3A, 0xCD, 0x18, 0x52, 0xF2, 0xB5, 0xD3, 0x6B, 0x09, 0xDA,
    0x0F, 0x24, 0xB5, 0xE6, 0x49, 0xA5, 0xBD, 0xFB, 0xB7, 0x36, 0x32, 0x80, 0xBA, 0x5C, 0x1F, 0xDD,
    0x46, 0x6E, 0xA7, 0x8F, 0x15, 0x68, 0xDC, 0xDB, 0x12, 0xB5, 0xBC, 0x72, 0xFD, 0x77, 0xC6, 0xC1,
    0xDC, 0x4F, 0xB4, 0xF6, 0xEA, 0x45, 0xD9, 0xDE, 0xBC, 0x91, 0x97, 0xB9, 0xDE, 0xD3, 0x9A, 0xBD,
    0x53, 0xF3, 0x13, 0x7A, 0xB9, 0xC6, 0xAD, 0xE5, 0x7B, 0xE5, 0x36, 0x1B, 0xF7, 0x94, 0x04, 0x12,
    0xEB, 0x03, 0x85, 0x14, 0x0F, 0xB4, 0xB9, 0xBF, 0x44, 0x92, 0x53, 0xFB, 0xE3, 0x62, 0x43, 0x91,
    0x43, 0xDD, 0xD4, 0x0B, 0xBF, 0x6E, 0x06, 0x20, 0x07, 0x5A, 0xDC, 0xB4, 0xA1, 0x93, 0x81, 0xBC,
    0x45, 0x1D, 0x89, 0xBC, 0x8C, 0x8C, 0x3E, 0x99, 0x8E, 0x36, 0x63, 0xF3, 0xEB, 0x48, 0x4E, 0x4A,
    0xD4, 0xA6, 0x91, 0x9B, 0x8E, 0x36, 0x03, 0x75, 0x2C, 0xF6, 0x4D, 0x4A, 0x1D, 0xC8, 0xD7, 0x92,
    0x83, 0x3C, 0x5B, 0x46, 0x3B, 0x40, 0xC7, 0xBA, 0xC9, 0xFF, 0x2E, 0x0A, 0x1E, 0x9B, 0x4A, 0xAD,
    0x99, 0xDF, 0xB6, 0xFD, 0x9E, 0x6B, 0x85, 0xEB, 0x83, 0xF0, 0x0F, 0x66, 0x64, 0xE4, 0x4D, 0xCA,
    0xD1, 0x0B, 0x79, 0x90, 0x17, 0x6D, 0xD1, 0x8F, 0x33, 0xEF, 0x3F, 0x97, 0x10, 0xB0, 0x19, 0x50,
    0x8B, 0x06, 0xDA, 0xE3, 0xB7, 0xAC, 0x17, 0x9C, 0xB5, 0xC5, 0x20, 0x5F, 0xE0, 0xE8, 0xDA, 0x9F,
    0xB5, 0xF6, 0xED, 0xFE, 0x1E, 0x90, 0x9F, 0xE0, 0xFF, 0x0F, 0x22, 0x3F, 0x82, 0x05, 0x3B, 0x30,
    0xFF, 0x00, 0xD0, 0x00, 0xDD, 0x38, 0xE7, 0x47, 0xF4, 0x42, 0xDC, 0xA8, 0x97, 0xC7, 0xD5, 0xBC,
    0x6B, 0x12, 0xA4, 0x48, 0x48, 0xA3, 0xAE, 0xD3, 0xCF, 0xD3, 0xF6, 0xA9, 0xFD, 0x38, 0x6F, 0xCF,
    0xA0, 0x5E, 0xCE, 0x75, 0xD5, 0x5F, 0x71, 0x02, 0x2F, 0xA7, 0xA4, 0xA7, 0xF3, 0xE9, 0x66, 0x66,
    0x0F, 0xD1, 0xA7, 0xF3, 0x3C, 0x25, 0x28, 0x39, 0x48, 0x01, 0x05, 0xFD, 0xA1, 0x9C, 0xA0, 0x24,
    0xD1, 0xEB, 0x9B, 0x96, 0x77, 0xC9, 0x8F, 0xA5, 0xA6, 0x40, 0x4F, 0xE9, 0xA7, 0x12, 0x7C, 0x2A,
    0x4E, 0xFE, 0x5A, 0x6A, 0x8A, 0xFD, 0x5A, 0x44, 0x7F, 0x2A, 0xC1, 0x53, 0x21, 0xAD, 0x57, 0x71,
    0x48, 0x67, 0x15, 0x7B, 0x57, 0xEA, 0x28, 0x3A, 0x4A, 0x1F, 0xC5, 0x5B, 0x8A, 0xA3, 0x18, 0x25,
    0xA8, 0xB3, 0x00, 0xA9, 0xF9, 0x5B, 0x0F, 0xED, 0xA2, 0xA0, 0x34, 0xF3, 0x35, 0x94, 0xF7, 0x56,
    0xB0, 0xF6, 0x7F, 0xAA, 0xBF, 0x69, 0xAF, 0xDD, 0x7B, 0x76, 0x3E, 0x3B, 0x1E, 0xCD, 0xAA, 0xD7,
    0x9E, 0x0D, 0xAC, 0x47, 0xC1, 0x93, 0x14, 0xEC, 0xDD, 0xFA, 0xA9, 0x5A, 0xB2, 0x5B, 0xA2, 0xBF,
    0x2B, 0x18, 0xB1, 0xE4, 0xB7, 0xEC, 0x8D, 0x74, 0x69, 0xAD, 0x4E, 0x0E, 0x94, 0x46, 0xFE, 0x22,
    0xAD, 0x71, 0xDE, 0xEC, 0xEA, 0x9D, 0x6A, 0x8B, 0x5C, 0xB0, 0x51, 0x6B, 0x4F, 0x7D, 0xBB, 0x80,
    0xFE, 0x3D, 0xA2, 0xF4, 0xE3, 0xFC, 0xAF, 0x7D, 0xAB, 0x4D, 0x75, 0x23, 0x89, 0x81, 0x82, 0xFE,
    0xFB, 0x40, 0x57, 0xF1, 0x01, 0x1E, 0xE8, 0xEA, 0x82, 0x77, 0x80, 0x5C, 0x45, 0x90, 0xBF, 0x82,
    0x5A, 0xAC, 0xD2, 0x8C, 0x35, 0xF6, 0x78, 0xBF, 0x77, 0xE3, 0x98, 0x84, 0x9D, 0xAA, 0x76, 0x32,
    0x63, 0x77, 0xB7, 0xBE, 0xD5, 0xB3, 0xAB, 0x65, 0x28, 0xE5, 0x7F, 0xD2, 0x40, 0x95, 0x4A, 0x00,
    0x1C, 0x2C, 0xE6, 0x10, 0x60, 0xCD, 0x1B, 0x62, 0x54, 0x1D, 0x0E, 0xFC, 0x3F, 0x1A, 0x18, 0x52,
    0x81, 0xB3, 0xC1, 0x53, 0xF7, 0x27, 0x78, 0x1C, 0x38, 0x79, 0x3D, 0x38, 0x4F, 0x0D, 0xB2, 0xAC,
    0xEB, 0x2D, 0x51, 0xB4, 0xC0, 0xEF, 0x82, 0x6F, 0x15, 0x33, 0xA5, 0x98, 0xFC, 0x8A, 0x98, 0x5F,
    0x69, 0x67, 0x3B, 0x89, 0x78, 0x24, 0x45, 0x0E, 0xB2, 0x6F, 0x98, 0xA4, 0x45, 0x60, 0xE2, 0x89,
    0x55, 0x94, 0x45, 0xA5, 0xC5, 0x57, 0x92, 0xA2, 0x28, 0xD2, 0x10, 0x64, 0x51, 0xB7, 0x17, 0x90,
    0x5D, 0x88, 0xEC, 0xC4, 0x0C, 0x87, 0xE4, 0x4D, 0xCC, 0x81, 0xA3, 0xA9, 0xE3, 0xEF, 0x91, 0x98,
    0x7B, 0x6B, 0x88, 0xED, 0xF9, 0x36, 0x6A, 0xAF, 0xBA, 0xEA, 0x66, 0xB8, 0x2B, 0x5C, 0x98, 0x45,
    0xF7, 0xD1, 0x39, 0xF4, 0xFD, 0xCA, 0x19, 0xA5, 0x5D, 0x91, 0x01, 0x31, 0x6E, 0xA8, 0x33, 0xC4,
    0x28, 0xE0, 0xAC, 0x69, 0x59, 0xA5, 0x53, 0x07, 0xFA, 0x4E, 0x0C, 0xB4, 0x54, 0x04, 0x57, 0xE9,
    0x86, 0x2C, 0xD5, 0x0C, 0x43, 0x75, 0x02, 0x5C, 0x3E, 0x65, 0x39, 0x44, 0xC3, 0xA2, 0xBC, 0x99,
    0x2C, 0x64, 0xD7, 0xD5, 0x7E, 0x90, 0x95, 0x01, 0xBE, 0x5D, 0x7D, 0xCF, 0xBF, 0x76, 0x2D, 0xC4,
    0xE1, 0xFB, 0x2F, 0xB2, 0x24, 0x45, 0x03, 0x62, 0x6E, 0x01, 0xD9, 0xE6, 0xB5, 0x4E, 0xE6, 0x45,
    0x85, 0x49, 0x51, 0x5E, 0x34, 0x5F, 0xFB, 0x6B, 0x97, 0x02, 0xD1, 0x57, 0xE5, 0xF2, 0x9F, 0x54,
    0x73, 0xE6, 0xEF, 0x9A, 0x9B, 0x74, 0x28, 0x4E, 0xD2, 0xB4, 0x89, 0x15, 0x8F, 0xD2, 0x14, 0x56,
    0x0C, 0x8C, 0x0F, 0x6C, 0x7D, 0x51, 0x93, 0x0E, 0x9D, 0x1A, 0x43, 0xEB, 0xA3, 0x37, 0xB1, 0xF0,
    0x6A, 0x0A, 0xC4, 0x5F, 0x25, 0x3E, 0x7E, 0x24, 0xA3, 0x66, 0x37, 0x75, 0x69, 0xD4, 0x8E, 0x68,
    0x16, 0xE8, 0xB3, 0xC5, 0xE5, 0xB5, 0x90, 0xE2, 0xAC, 0xF5, 0x59, 0x05, 0x62, 0x8B, 0xD6, 0x3C,
    0x6E, 0xFA, 0x7D, 0xCA, 0x61, 0xE7, 0x2E, 0x92, 0xF7, 0xF7, 0x16, 0x80, 0x3B, 0xC0, 0x0D, 0x60,
    0x21, 0xC2, 0xE5, 0xAF, 0x0D, 0xF1, 0x04, 0x8D, 0x38, 0x1E, 0xE7, 0x80, 0xDF, 0x29, 0x7B, 0xB9,
    0x76, 0x6B, 0x72, 0x7D, 0xD2, 0x47, 0x81, 0x3E, 0x8B, 0x93, 0xEF, 0xD9, 0xC8, 0xFA, 0x93, 0xCE,
    0xA9, 0x4B, 0xAA, 0x23, 0xB5, 0x22, 0x16, 0xD9, 0xFF, 0x47, 0x94, 0x18, 0x55, 0x9C, 0xB4, 0xDA,
    0x7F, 0xB5, 0x53, 0x8B, 0x5B, 0x97, 0x0B, 0x00, 0xF7, 0xE0, 0x5C, 0x92, 0xFA, 0x4C, 0x92, 0x46,
    0x3C, 0xED, 0xEA, 0xB0, 0xCF, 0xB5, 0x23, 0x46, 0x5E, 0xBE, 0xFE, 0x0E, 0xCE, 0x8F, 0x40, 0x23,
    0xBA, 0x9B, 0xD5, 0xBD, 0x2C, 0xDF, 0xBD, 0xCF, 0x33, 0x3A, 0xFD, 0xC3, 0x55, 0x0A, 0x7C, 0x5A,
    0x06, 0xA9, 0xFF, 0x52, 0x4C, 0xCC, 0xDF, 0x51, 0xD8, 0xDC, 0x96, 0x7B, 0x3C, 0xDF, 0x24, 0x2D,
    0x07, 0x6C, 0x79, 0x45, 0x0C, 0xB4, 0x9A, 0x82, 0xF2, 0xA9, 0xD7, 0x52, 0x05, 0x91, 0x9C, 0x99,
    0x89, 0x92, 0x8C, 0x84, 0x9C, 0x8D, 0xF8, 0xBE, 0xB1, 0xF0, 0x97, 0x62, 0xEC, 0xEE, 0x0D, 0xB7,
    0x3D, 0xD2, 0x42, 0x6E, 0x1E, 0xE2, 0xB6, 0x67, 0xFE, 0x93, 0x2B, 0x49, 0xFE, 0x7D, 0xCF, 0xFF,
    0x4B, 0x57, 0x1A, 0x82, 0xFB, 0x77, 0x1A, 0xF5, 0x89, 0x8C, 0x15, 0xEA, 0xEF, 0xE0, 0x56, 0xF4,
    0x50, 0x12, 0x59, 0x92, 0x70, 0x38, 0x02, 0x42, 0x1C, 0x2A, 0xA0, 0xCB, 0x2F, 0x55, 0xD9, 0xEB,
    0xC0, 0xDE, 0x14, 0xCD, 0x42, 0x0C, 0x03, 0xB3, 0x1C, 0xBE, 0xF8, 0xF2, 0x06, 0xAA, 0xA2, 0xD2,
    0x05, 0xC2, 0xC2, 0x95, 0xA0, 0x39, 0x32, 0x67, 0xFC, 0x89, 0x02, 0xC1, 0x17, 0xB7, 0xF2, 0xFB,
    0x76, 0xBC, 0x30, 0x0A, 0x04, 0xE9, 0x02, 0x41, 0xBB, 0xE7, 0x9E, 0x3C, 0x93, 0xDE, 0x89, 0x0A,
    0x45, 0xF2, 0x56, 0xC8, 0xA7, 0xB4, 0x80, 0xD8, 0x28, 0x37, 0x12, 0xE3, 0xE3, 0xBA, 0x93, 0xA1,
    0xC9, 0xAF, 0xC4, 0x62, 0x71, 0x3F, 0x5B, 0x6C, 0x32, 0x20, 0xC1, 0x96, 0x13, 0xB6, 0x98, 0xCA,
    0xD2, 0x77, 0x1D, 0x4A, 0xDF, 0xAF, 0xE4, 0x91, 0x12, 0x71, 0x96, 0xBE, 0x5A, 0x19, 0xA8, 0xED,
    0xE5, 0x02, 0xF5, 0xE3, 0x52, 0x75, 0xEA, 0x2C, 0x65, 0xD9, 0x21, 0x62, 0xBB, 0x44, 0x30, 0xFE,
    0xEB, 0x8F, 0x21, 0x46, 0xC4, 0x17, 0x42, 0xB4, 0x9F, 0x6D, 0x25, 0x75, 0x5A, 0xF0, 0x8E, 0x40,
    0xDF, 0xD3, 0x0B, 0xE2, 0xD8, 0x79, 0x9C, 0xC8, 0x83, 0x24, 0x38, 0xB1, 0xFF, 0xC6, 0x50, 0x4B,
    0xCE, 0xF1, 0x2C, 0x3B, 0x48, 0x2F, 0x5F, 0xDB, 0xE5, 0xF3, 0xDA, 0xAE, 0x35, 0xB4, 0xBD, 0xD8,
    0xEC, 0x8E, 0x69, 0x4C, 0xB2, 0x26, 0x44, 0xD3, 0xF4, 0x7E, 0x97, 0x43, 0x45, 0xE7, 0xCF, 0x2A,
    0x3A, 0xFF, 0x5B, 0x15, 0x9D, 0x1C, 0x1F, 0xE7, 0x37, 0xF7, 0xF4, 0x93, 0x9E, 0xE2, 0x3E, 0x81,
    0xC9, 0x42, 0x10, 0xB1, 0xA3, 0x20, 0xDB, 0x4A, 0xE7, 0xAC, 0xF3, 0x79, 0xB2, 0x88, 0x98, 0xA6,
    0x7A, 0x74, 0x38, 0xC7, 0x4E, 0x54, 0x80, 0x33, 0x99, 0xA4, 0x4D, 0xC8, 0x3F, 0xEE, 0x60, 0xE5,
    0x6B, 0x76, 0xB0, 0xA6, 0x07, 0x1F, 0xA6, 0xD9, 0x82, 0xB7, 0xB1, 0xFD, 0xF3, 0xDD, 0x11, 0xFE,
    0x2B, 0x75, 0x04, 0x8B, 0x98, 0x37, 0xD4, 0xE9, 0x02, 0x5E, 0xAA, 0xE3, 0x25, 0x77, 0x82, 0xD6,
    0x38, 0x4A, 0x9B, 0xEB, 0x9F, 0xAB, 0xBC, 0xEF, 0x3A, 0x3B, 0xF9, 0x31, 0x9C, 0x75, 0x14, 0xC7,
    0xC9, 0x68, 0x17, 0xF3, 0x10, 0x38, 0x85, 0x5D, 0x33, 0x3E, 0x8C, 0xB4, 0x46, 0x5A, 0x73, 0xE3,
    0xFA, 0x39, 0x62, 0x38, 0x34, 0x9F, 0xA3, 0xCE, 0x3B, 0xEA, 0xCF, 0x61, 0xB4, 0x6E, 0xA3, 0xA4,
    0x87, 0xAB, 0xA5, 0xF2, 0xD9, 0x31, 0xB2, 0x1A, 0x71, 0x5D, 0x35, 0xD2, 0x10, 0xDC, 0x46, 0xD2,
    0xA3, 0xD5, 0x23, 0x0B, 0xA5, 0x66, 0x29, 0x7C, 0x3F, 0x9B, 0x3C, 0x1D, 0xD1, 0x5E, 0x8F, 0x5B,
    0x06, 0xF2, 0x6A, 0x56, 0x08, 0x39, 0xC7, 0x6D, 0xE3, 0xB1, 0x8F, 0x07, 0xAD, 0xB9, 0x50, 0x6F,
    0x8C, 0xAE, 0x39, 0xC1, 0x06, 0x37, 0x25, 0xED, 0x0B, 0xB9, 0xE0, 0x16, 0x74, 0x80, 0x1B, 0xAB,
    0x90, 0xB9, 0x25, 0xF5, 0x60, 0xF1, 0x02, 0x59, 0x81, 0x8E, 0x57, 0x8B, 0x9C, 0x64, 0x44, 0xB1,
    0xD3, 0xB3, 0xAF, 0xED, 0x18, 0x3B, 0x0C, 0xF8, 0x46, 0xCD, 0xC2, 0x62, 0x60, 0x49, 0xAA, 0xF2,
    0x47, 0xC7, 0x09, 0xD2, 0xF0, 0x3A, 0x24, 0xCB, 0x83, 0x4B, 0x99, 0xBA, 0xB7, 0xF6, 0xF5, 0x76,
    0xCE, 0xA5, 0xD9, 0x93, 0x6D, 0x2D, 0x16, 0xA4, 0xD4, 0x4F, 0xCD, 0xF7, 0x60, 0x18, 0x65, 0x42,
    0xC1, 0x2D, 0xD9, 0x69, 0x25, 0xEA, 0x48, 0x3E, 0x8A, 0x8C, 0x04, 0xBF, 0xD2, 0x82, 0x14, 0x65,
    0x91, 0xC6, 0x95, 0x60, 0x24, 0xB8, 0xD4, 0xE2, 0xA4, 0x28, 0xAF, 0xA4, 0x0C, 0x91, 0x4D, 0xFC,
    0xF5, 0x5A, 0xAF, 0xE5, 0xDC, 0x4C, 0x9E, 0x6A, 0xD7, 0x23, 0xFB, 0x0E, 0xE4, 0xF0, 0xD4, 0x85,
    0x4A, 0x1C, 0x85, 0x03, 0xFA, 0xC6, 0x16, 0xED, 0x78, 0x5B, 0xCE, 0x2A, 0x11, 0xB0, 0xD2, 0xE6,
    0xBC, 0x0F, 0x31, 0x0C, 0xAC, 0x80, 0x6F, 0xB8, 0xBE, 0xC3, 0x91, 0x5A, 0x68, 0x5F, 0x57, 0xC4,
    0x2A, 0x45, 0x1C, 0xC7, 0xAF, 0x7E, 0xDA, 0x34, 0xEC, 0x6C, 0xE3, 0x1B, 0xBD, 0xE7, 0xC7, 0x30,
    0xEA, 0xE4, 0xBC, 0xB0, 0x50, 0xF4, 0x45, 0xDB, 0x8A, 0x56, 0x10, 0xA3, 0x93, 0xFC, 0xE2, 0x62,
    0xC4, 0x28, 0xC3, 0x8F, 0xF7, 0x38, 0xD1, 0xC8, 0x47, 0x67, 0xFE, 0x05, 0xD9, 0xCB, 0xC0, 0xA4,
    0xAF, 0xA2, 0x7F, 0x97, 0x28, 0xAD, 0xBD, 0xBC, 0x8C, 0x67, 0x87, 0xCF, 0x1D, 0x06, 0x06, 0x81,
    0xEE, 0x25, 0x59, 0xB0, 0x06, 0xE9, 0x22, 0xEB, 0x3D, 0xA4, 0xD6, 0x56, 0xD6, 0xF1, 0x18, 0x49,
    0xAC, 0x69, 0xE4, 0x9E, 0xA4, 0x7B, 0xA3, 0xBE, 0x52, 0x3C, 0xE6, 0xAF, 0x7F, 0xB2, 0x7E, 0x20,
    0x3A, 0x7C, 0xB3, 0x36, 0x4B, 0xAD, 0x54, 0x77, 0x81, 0x55, 0xF6, 0xC1, 0xD2, 0xB8, 0xFE, 0x03,
    0xEE, 0x85, 0x9C, 0x10, 0x6D, 0xA0, 0xFA, 0x3E, 0x7B, 0x2D, 0xB4, 0x1B, 0x02, 0xF7, 0xE8, 0x44,
    0x1B, 0xF7, 0x0B, 0x51, 0xE3, 0x86, 0x46, 0x1C, 0xAF, 0xA7, 0x1C, 0xD1, 0x24, 0x99, 0x2B, 0x96,
    0xFD, 0x10, 0x34, 0x2B, 0xE8, 0x6A, 0xB4, 0x81, 0xA9, 0x7F, 0xCE, 0x55, 0xD5, 0xA0, 0xD4, 0xAD,
    0xEB, 0xD0, 0xF2, 0xF1, 0x88, 0x2A, 0x06, 0xED, 0x06, 0x00, 0x12, 0x3B, 0x94, 0xC8, 0x0B, 0xAC,
    0x00, 0x22, 0x17, 0x83, 0x4B, 0x94, 0x96, 0xD1, 0xDF, 0xD1, 0x55, 0x23, 0xB7, 0xD2, 0xBD, 0xD3,
    0x33, 0xDE, 0x0F, 0xA2, 0x6F, 0x96, 0x92, 0xA2, 0x85, 0xCB, 0xCB, 0x4C, 0x2E, 0x3F, 0xCD, 0x96,
    0x8B, 0xC0, 0x7B, 0x59, 0xDA, 0x86, 0xC5, 0x35, 0x71, 0x49, 0x41, 0x60, 0x02, 0xF8, 0xFF, 0x6E,
    0x39, 0x75, 0xDD, 0x04, 0xAD, 0xE3, 0x88, 0x2B, 0x24, 0x42, 0xAC, 0x42, 0x7E, 0x39, 0x5A, 0x75,
    0x9B, 0xDA, 0x60, 0x80, 0x0F, 0x58, 0xFC, 0xD1, 0xF8, 0x2F, 0x61, 0x21, 0xEE, 0x7F, 0xF7, 0x53,
    0x36, 0x65, 0xC5, 0x17, 0x08, 0x43, 0x97, 0x59, 0x00, 0x98, 0xE4, 0x5D, 0x30, 0xE8, 0xF7, 0x1D,
    0x6D, 0x87, 0xF5, 0x0F, 0xA7, 0x76, 0xBF, 0x1B, 0x88, 0x3E, 0xFC, 0x45, 0x7D, 0x36, 0x37, 0x4F,
    0x51, 0x4F, 0x59, 0xF1, 0x21, 0xCB, 0xFF, 0xE7, 0x83, 0xEB, 0xFB, 0xF9, 0xC8, 0x98, 0x8F, 0x53,
    0xE3, 0xFE, 0xA3, 0x43, 0x6B, 0x46, 0xB1, 0xE5, 0x5A, 0x06, 0x1D, 0xA4, 0xD4, 0xBC, 0x12, 0x14,
    0x34, 0x22, 0x16, 0x6C, 0xC1, 0xE4, 0x25, 0x57, 0x50, 0x1D, 0xFD, 0xAD, 0x0E, 0xAD, 0x55, 0x8C,
    0xB5, 0xF9, 0x9E, 0xB0, 0x58, 0x22, 0xA4, 0xD5, 0x74, 0x61, 0xE5, 0xFE, 0xCF, 0x3A, 0x82, 0xC9,
    0x4B, 0x1C, 0x57, 0x2B, 0x8A, 0x00, 0x27, 0x05, 0x17, 0x97, 0x14, 0x57, 0x32, 0x3B, 0x6E, 0xE2,
    0xD4, 0xE5, 0xF3, 0xAD, 0x84, 0xD7, 0x76, 0xBE, 0xB8, 0x90, 0x11, 0x90, 0xFA, 0xED, 0x83, 0x2D,
    0x20, 0x11, 0xE3, 0xA5, 0xDE, 0x35, 0xB8, 0xC8, 0x9E, 0xC4, 0x08, 0x9A, 0xFC, 0x58, 0x35, 0x68,
    0xB2, 0x6A, 0xC0, 0xB3, 0xAA, 0x01, 0x00, 0x9A, 0x92, 0x04, 0xCA, 0x08, 0x7E, 0x2C, 0xC3, 0x9E,
    0x53, 0xDF, 0x49, 0xB2, 0x0E, 0xAD, 0x41, 0x92, 0x41, 0x5F, 0x88, 0xA3, 0xC4, 0x26, 0x69, 0xD3,
    0xFC, 0x32, 0x56, 0x7F, 0x24, 0x00, 0x0B, 0xF0, 0xBD, 0x3D, 0x0E, 0x31, 0x38, 0xA5, 0xC8, 0x20,
    0x00, 0x9F, 0x31, 0x82, 0x05, 0xD3, 0xCA, 0x91, 0xEF, 0xA4, 0xC8, 0x1A, 0x81, 0xE2, 0x83, 0xC5,
    0xB7, 0x41, 0x3B, 0xB2, 0x2A, 0xA0, 0xB9, 0x10, 0x46, 0xE8, 0xAA, 0xDE, 0x17, 0x33, 0x82, 0x3F,
    0x01, 0x33, 0x4E, 0xB4, 0x14, 0x4E, 0x0B, 0x03, 0x3F, 0x29, 0x0C, 0x56, 0x17, 0x06, 0x97, 0xB7,
    0x12, 0xCC, 0xC8, 0x8A, 0x8C, 0x00, 0x6A, 0xEA, 0x49, 0x56, 0xF4, 0xFF, 0x09, 0x66, 0x5A, 0xCE,
    0x34, 0x19, 0x52, 0xD2, 0x72, 0x70, 0xB0, 0x1C, 0xF5, 0x61, 0x39, 0xEF, 0x73, 0x8E, 0xC6, 0x65,
    0x31, 0x66, 0x11, 0x19, 0xB3, 0x94, 0xAD, 0xD4, 0xC7, 0xC8, 0x25, 0xFE, 0xF1, 0x32, 0xEF, 0x64,
    0x20, 0xC6, 0xC9, 0xBA, 0x1E, 0xAC, 0xCB, 0x7C, 0x5A, 0x57, 0xFB, 0x6D, 0x26, 0x67, 0xEF, 0xF4,
    0x6E, 0x85, 0xDD, 0x47, 0x2E, 0x3D, 0x46, 0xAE, 0x10, 0xF9, 0xAC, 0xB5, 0xA7, 0x48, 0xBC, 0xD4,
    0xC9, 0xF7, 0x45, 0x42, 0x0C, 0xDF, 0x63, 0xED, 0xCD, 0x50, 0x4B, 0x41, 0x5A, 0x74, 0x9D, 0x9A,
    0x68, 0x90, 0x2E, 0x78, 0xDA, 0x8C, 0x0B, 0xD8, 0x43, 0xEB, 0xAD, 0x41, 0x7F, 0x4E, 0x91, 0x82,
    0x05, 0xC8, 0xF4, 0x36, 0x5A, 0x90, 0x15, 0x11, 0x90, 0x82, 0x00, 0x80, 0x48, 0x00, 0x9E, 0x75,
    0xD7, 0x34, 0x69, 0x39, 0xF7, 0x1F, 0x62, 0x05, 0xFB, 0x2D, 0xB9, 0x79, 0xB7, 0x25, 0xB9, 0x90,
    0x69, 0x40, 0x5A, 0x58, 0xC2, 0x57, 0xC2, 0x85, 0x57, 0x4F, 0xC8, 0x6A, 0x57, 0x91, 0xF5, 0x61,
    0x71, 0xB2, 0x35, 0xE0, 0x2B, 0xFF, 0x09, 0x20, 0x7B, 0x46, 0x9E, 0xAD, 0xA0, 0xFD, 0x06, 0xC4,
    0x31, 0xFD, 0x5E, 0xC1, 0xAB, 0xFA, 0xE7, 0x9C, 0xB6, 0xB1, 0xF6, 0x9C, 0x44, 0xBF, 0xD9, 0xFF,
    0x7F, 0x9B, 0x58, 0xE0, 0x4A, 0x1A, 0x90, 0x07, 0x5A, 0xD9, 0xD9, 0xDF, 0x7F, 0x4C, 0x5E, 0x08,
    0xDC, 0xD3, 0xFD, 0x9F, 0x95, 0xCF, 0xBF, 0x65, 0x91, 0xA4, 0x29, 0xE7, 0x03, 0xB3, 0x9D, 0xCD,
    0xCD, 0xE9, 0x0B, 0xB7, 0xAB, 0x0F, 0x7C, 0x83, 0x17, 0x1B, 0x44, 0x7F, 0xED, 0x42, 0x5E, 0xAF,
    0x96, 0xA8, 0xB7, 0x1A, 0xB7, 0x40, 0xB8, 0x91, 0xFB, 0x25, 0xC9, 0xB9, 0x51, 0x58, 0x35, 0xB3,
    0xDF, 0x00, 0x8D, 0x91, 0x01, 0x86, 0x58, 0x41, 0x10, 0x44, 0x1F, 0x03, 0xB0, 0xF4, 0x55, 0xFE,
    0x01, 0x96, 0xBA, 0x7A, 0x91, 0x0B, 0xF5, 0x01, 0x8A, 0xCA, 0x1F, 0x9B, 0xD8, 0x85, 0x90, 0xAE,
    0xF7, 0x30, 0x05, 0x5A, 0xCF, 0x27, 0xA5, 0xEE, 0x6A, 0x27, 0x14, 0xF1, 0xF1, 0x4A, 0x39, 0xF5,
    0x29, 0x53, 0xB4, 0xC8, 0x04, 0x1E, 0x60, 0xCC, 0x2D, 0xE8, 0x72, 0x1A, 0xA6, 0x65, 0xB6, 0x96,
    0xC7, 0xE1, 0xEC, 0x03, 0x9E, 0x60, 0xD5, 0xAB, 0x76, 0xDB, 0x3A, 0xAA, 0x9F, 0x53, 0xFA, 0x63,
    0x3E, 0x39, 0x9B, 0x57, 0x31, 0xD6, 0x4D, 0xEB, 0x69, 0x39, 0x0D, 0xD4, 0xCC, 0x2A, 0x6D, 0xAB,
    0xCC, 0xDE, 0x28, 0x4A, 0xA3, 0x5E, 0x95, 0x3F, 0x6D, 0xAD, 0x26, 0x27, 0x7D, 0x99, 0xA0, 0x97,
    0xA5, 0xE6, 0x6B, 0xEB, 0x6E, 0x67, 0x73, 0x2E, 0x9D, 0x55, 0x3D, 0x85, 0xB0, 0xF4, 0xE4, 0x74,
    0x32, 0x55, 0x26, 0x5A, 0xB9, 0xEE, 0x09, 0x39, 0xCB, 0x83, 0x5F, 0xF1, 0xDF, 0xD5, 0x66, 0xCB,
    0xF7, 0x5A, 0x0B, 0xF2, 0xEB, 0x25, 0xF4, 0xBC, 0xFE, 0x2A, 0xDD, 0x5A, 0xAF, 0x27, 0xB3, 0xDC,
    0x52, 0x84, 0x0F, 0x1E, 0xF4, 0x7D, 0x22, 0xB5, 0xD6, 0x0D, 0x5F, 0x67, 0x7A, 0x35, 0x9E, 0xBD,
    0x4D, 0xA9, 0xBB, 0x5D, 0xDD, 0x77, 0x6E, 0x26, 0xBC, 0x39, 0x3B, 0x5B, 0x87, 0xFF, 0x3B, 0x86,
    0xDC, 0xFD, 0xCA, 0xEC, 0x58, 0x2E, 0x0F, 0xE3, 0x8B, 0x82, 0x0A, 0x35, 0xF2, 0xD6, 0xBD, 0x30,
    0x81, 0x31, 0xE1, 0x84, 0x59, 0xE4, 0x4B, 0xD7, 0xEA, 0xAA, 0x9E, 0xF0, 0xEF, 0xCF, 0x59, 0xFA,
    0x63, 0x7E, 0x03, 0xAC, 0x95, 0x61, 0x8A, 0x1C, 0x39, 0x0C, 0x46, 0x3F, 0xF0, 0xDF, 0x80, 0xAE,
    0x92, 0x03, 0x04, 0x74, 0x75, 0xC1, 0x1C, 0x20, 0x57, 0x11, 0xE4, 0xAF, 0xE0, 0x2D, 0x96, 0xAA,
    0x4D, 0xD5, 0x4C, 0xB3, 0x64, 0x97, 0x31, 0xA9, 0xF7, 0x5E, 0x68, 0x93, 0xB6, 0xCB, 0xB4, 0x23,
    0xE4, 0xA1, 0x45, 0x90, 0x5A, 0xE4, 0x8D, 0x41, 0x6A, 0x3E, 0xBD, 0x0F, 0x00, 0x1E, 0x34, 0xC2,
    0x88, 0x45, 0x68, 0xE8, 0x37, 0x5A, 0x53, 0x5A, 0x84, 0x35, 0xFD, 0x10, 0xF8, 0xCC, 0x18, 0xFA,
    0x6D, 0xBE, 0x86, 0x96, 0x87, 0xF2, 0x61, 0xCC, 0xF7, 0x02, 0x3C, 0x69, 0xAD, 0x92, 0xFC, 0x4D,
    0x18, 0xD1, 0x91, 0x46, 0xD8, 0x8E, 0x5E, 0xFB, 0x3D, 0x7A, 0x43, 0xE2, 0x15, 0x21, 0xA9, 0x43,
    0x9F, 0xE2, 0x03, 0x26, 0x80, 0x7C, 0x45, 0x75, 0x94, 0xE0, 0x9A, 0xEC, 0xAF, 0xB0, 0x13, 0xC4,
    0x5F, 0x84, 0xDE, 0xC4, 0x82, 0x92, 0xD5, 0x15, 0x7E, 0x22, 0x35, 0x83, 0x18, 0x2F, 0xC6, 0x3D,
    0xB7, 0xC7, 0xCA, 0x57, 0x8C, 0x7E, 0x35, 0xE9, 0x39, 0x4D, 0x6F, 0x52, 0x3A, 0x2F, 0x7D, 0xA7,
    0x14, 0xFF, 0x7E, 0xEE, 0xCE, 0x9E, 0xBE, 0x9A, 0xBA, 0x78, 0x3B, 0xFD, 0x5F, 0xDA, 0xD4, 0x37,
    0xD3, 0x9A, 0xC0, 0x83, 0x3D, 0x62, 0x85, 0x16, 0x7C, 0xA4, 0x1C, 0x48, 0xB1, 0xB9, 0x76, 0xA4,
    0x11, 0x7D, 0xEA, 0x92, 0xA5, 0x0F, 0x4B, 0x5A, 0xC5, 0x66, 0x6E, 0x4A, 0x17, 0xB3, 0x09, 0xD4,
    0x93, 0x67, 0xCE, 0x93, 0xCE, 0x61, 0x18, 0xA1, 0x95, 0x46, 0xCA, 0x6A, 0x71, 0xD6, 0x10, 0x72,
    0x98, 0x13, 0xCC, 0xF3, 0x5A, 0x7F, 0x2A, 0xE5, 0xFC, 0xC9, 0x05, 0xA4, 0x6D, 0x78, 0x89, 0xF2,
    0x94, 0x6D, 0xAC, 0xE2, 0x82, 0x7A, 0x91, 0x82, 0x90, 0x1C, 0x1A, 0x25, 0x03, 0x1A, 0x29, 0xFA,
    0xEF, 0x1B, 0x6A, 0x2C, 0xE8, 0x15, 0xD5, 0x35, 0xDF, 0x1A, 0x45, 0xC8, 0x8B, 0x12, 0x09, 0x90,
    0x05, 0x44, 0xF5, 0x2C, 0xFD, 0x90, 0x78, 0x0D, 0x23, 0x17, 0xF1, 0xFF, 0xFE, 0x18, 0xC1, 0x6B,
    0x58, 0x5A, 0x7A, 0x7A, 0x51, 0xCE, 0x7E, 0x76, 0x5B, 0x58, 0xEA, 0x1A, 0x06, 0xF9, 0x7A, 0xD4,
    0xDB, 0xAA, 0xEF, 0x7B, 0xA8, 0xE7, 0xBF, 0xBF, 0x80, 0x1B, 0x64, 0x84, 0xB4, 0xBE, 0x01, 0x7D,
    0xC3, 0xF5, 0x95, 0xC4, 0xC0, 0x08, 0xC2, 0x10, 0xE1, 0x9C, 0x93, 0xEA, 0x05, 0xC4, 0xF5, 0xFB,
    0x73, 0x80, 0x7A, 0xD6, 0x3A, 0x25, 0x97, 0x11, 0xA7, 0xF4, 0x9F, 0x8A, 0xF7, 0x05, 0xC4, 0xA9,
    0x3A, 0xC5, 0x55, 0x72, 0x42, 0xAA, 0x5D, 0x76, 0x6A, 0x91, 0xB7, 0x5A, 0x5F, 0xEB, 0xC7, 0xCA,
    0xAB, 0xFC, 0xF7, 0x55, 0x01, 0x5D, 0xB6, 0x2B, 0xE4, 0x08, 0x04, 0x71, 0xED, 0x0E, 0xD4, 0x95,
    0xF2, 0xEA, 0x2A, 0x69, 0xDD, 0x6F, 0x98, 0x7E, 0xDE, 0x97, 0x91, 0xB2, 0x73, 0x0B, 0xAC, 0x6F,
    0x2A, 0x86, 0x3D, 0xEA, 0x14, 0x57, 0x85, 0x13, 0x3D, 0x6F, 0x2B, 0xBF, 0x94, 0xFE, 0xB2, 0xD6,
    0x29, 0x23, 0xAE, 0x7D, 0x40, 0xDC, 0xEF, 0xD3, 0xA9, 0x3C, 0x25, 0xF9, 0x16, 0xF9, 0x2E, 0x28,
    0x63, 0x75, 0x84, 0x21, 0xAB, 0x7B, 0xF4, 0x39, 0x9C, 0x78, 0x9D, 0x60, 0x8F, 0x7B, 0x2C, 0x6A,
    0x02, 0x88, 0x57, 0xE4, 0xC4, 0xA2, 0x9E, 0xFF, 0x79, 0x49, 0xF6, 0x0D, 0xE1, 0x84, 0x6C, 0x5E,
    0x77, 0xED, 0xE7, 0x4D, 0x48, 0x6A, 0x68, 0x8D, 0x8C, 0x96, 0x8F, 0x66, 0xC2, 0x9C, 0x9E, 0x2C,
    0x67, 0x62, 0x73, 0x6E, 0xD3, 0x39, 0xB7, 0xD8, 0x32, 0x72, 0xCB, 0x49, 0x23, 0xB7, 0xFA, 0x3C,
    0x2E, 0x79, 0x6C, 0xD5, 0x8F, 0x3E, 0x9A, 0x52, 0x2B, 0x5B, 0x36, 0xF2, 0xD6, 0x07, 0xB1, 0x05,
    0x7A, 0x68, 0xA6, 0x50, 0x2D, 0xA7, 0x65, 0xC4, 0x4D, 0xEB, 0xA5, 0xBC, 0x69, 0x2E, 0xA4, 0x14,
    0xFC, 0xBC, 0x56, 0x36, 0xAA, 0x6B, 0xB9, 0xD7, 0x1E, 0x24, 0xEB, 0x92, 0xC7, 0x28, 0x47, 0xF5,
    0x38, 0x40, 0xB2, 0x65, 0x23, 0xC5, 0xE7, 0x9F, 0xD0, 0x53, 0x46, 0xCA, 0x66, 0xEF, 0xEB, 0x9D,
    0xAC, 0xF5, 0x7C, 0x4B, 0x6B, 0x64, 0x23, 0xFF, 0xD3, 0xE2, 0x63, 0xEB, 0x83, 0xB5, 0xF5, 0xBB,
    0x5A, 0xE4, 0x28, 0x5A, 0xA5, 0x56, 0x8E, 0xE2, 0xAB, 0x6C, 0xF4, 0x76, 0x9D, 0x7B, 0xFF, 0xAB,
    0x0F, 0xBF, 0xB7, 0x6D, 0xBC, 0xD1, 0xF5, 0xD9, 0x4C, 0x9F, 0x4B, 0xE1, 0xD3, 0x00, 0x02, 0xF2,
    0xA9, 0x79, 0x05, 0x52, 0x5F, 0x5F, 0x47, 0x5E, 0x5A, 0xD9, 0xB2, 0xF9, 0x06, 0x8B, 0xA3, 0x45,
    0xF8, 0x25, 0x49, 0x22, 0x68, 0x65, 0x6D, 0xF9, 0x25, 0x5A, 0x46, 0xDE, 0xB4, 0x88, 0x9B, 0xC4,
    0xC6, 0x1A, 0x79, 0x54, 0xEB, 0xCF, 0x88, 0x1C, 0xC5, 0x68, 0x53, 0xFF, 0xB4, 0x6F, 0xAD, 0xB9,
    0x91, 0xF3, 0x30, 0x52, 0x80, 0xFE, 0x0E, 0xC0, 0xA3, 0xEC, 0xEB, 0x00, 0xBC, 0x3A, 0x81, 0x1C,
    0x20, 0x57, 0x21, 0x30, 0x7F, 0x09, 0xD4, 0xC2, 0x2C, 0xD1, 0x66, 0x1C, 0xA5, 0xB7, 0x3B, 0xDF,
    0x6B, 0xBE, 0xC1, 0x1A, 0xDD, 0x55, 0x95, 0xA0, 0x6D, 0xCB, 0xB2, 0xCD, 0x97, 0xA4, 0x61, 0x0F,
    0x6F, 0x63, 0xB7, 0x42, 0xFF, 0x3C, 0x39, 0x76, 0xDB, 0x15, 0x88, 0x62, 0x6C, 0x48, 0x13, 0x27,
    0xFC, 0x33, 0x09, 0xA2, 0x91, 0xBE, 0xA3, 0x93, 0x24, 0x61, 0x05, 0x7F, 0x33, 0x29, 0x92, 0x66,
    0x4C, 0xF0, 0xD1, 0x48, 0xF2, 0x24, 0xF1, 0x81, 0x48, 0xD2, 0x83, 0x5A, 0x1E, 0x70, 0x12, 0x0D,
    0x13, 0xC9, 0x16, 0x4D, 0x64, 0x6B, 0x16, 0x55, 0xF8, 0xD6, 0x89, 0x1B, 0x85, 0x11, 0x1F, 0x26,
    0x40, 0xBE, 0x0B, 0x63, 0xCB, 0xED, 0x44, 0x22, 0x8C, 0xE7, 0xBA, 0x5C, 0x05, 0xE2, 0x11, 0xD6,
    0x2F, 0x05, 0xAE, 0xAB, 0x0D, 0x2D, 0x50, 0x1D, 0x0D, 0xE3, 0x0A, 0xD5, 0xC1, 0xF8, 0xEC, 0xA9,
    0x18, 0x8E, 0x16, 0x6E, 0xDB, 0x4E, 0x5B, 0xD6, 0xE2, 0x89, 0x76, 0xF2, 0x75, 0x07, 0xBC, 0xFA,
    0xAA, 0xDA, 0x63, 0xFF, 0x82, 0x64, 0x62, 0x73, 0xDF, 0x69, 0x35, 0x14, 0xE3, 0xCF, 0x22, 0xEF,
    0x24, 0x0F, 0x48, 0x6D, 0x43, 0x18, 0x07, 0x61, 0xBB, 0xF1, 0xFA, 0x8A, 0xC6, 0xB1, 0x3D, 0xA6,
    0x5F, 0x3E, 0xA9, 0x1F, 0xFF, 0x39, 0xB8, 0xD1, 0xFE, 0xAC, 0x04, 0x58, 0xE0, 0x29, 0x81, 0x8F,
    0x32, 0x86, 0xC2, 0x26, 0x25, 0x23, 0x53, 0x8C, 0xE9, 0x29, 0xC5, 0x63, 0x0C, 0x03, 0xE5, 0x71,
    0x50, 0x4A, 0xA3, 0x81, 0x16, 0x0C, 0xBD, 0x4B, 0x71, 0xC1, 0xC0, 0x48, 0x09, 0x81, 0x52, 0x32,
    0xA4, 0xBD, 0x4B, 0xAD, 0xEE, 0x6F, 0x51, 0x1A, 0xFD, 0xDE, 0x58, 0xD2, 0x04, 0x8C, 0x64, 0x24,
    0xA5, 0xE2, 0x2E, 0xF9, 0xC9, 0x63, 0x51, 0x1A, 0x5D, 0xD4, 0x92, 0x75, 0x41, 0x0C, 0x6B, 0x18,
    0x39, 0x19, 0xCE, 0x8B, 0x77, 0xAD, 0xDE, 0xC1, 0x68, 0x7D, 0xA6, 0x36, 0x8F, 0x23, 0xBE, 0x55,
    0x2A, 0xEA, 0xCB, 0x24, 0x0A, 0x3B, 0xCC, 0xF3, 0x64, 0x36, 0x64, 0x87, 0x15, 0x7F, 0x9C, 0xCD,
    0x2E, 0xDF, 0xA5, 0xA0, 0xE6, 0xB5, 0x97, 0x47, 0xB6, 0xC2, 0xBC, 0x51, 0x89, 0x28, 0x14, 0x98,
    0x5A, 0x22, 0xCF, 0x0B, 0x20, 0x2A, 0xAA, 0x52, 0x1E, 0xE0, 0xC7, 0xEF, 0x1D, 0xC6, 0xC4, 0xE3,
    0x30, 0xE6, 0x77, 0x89, 0xE4, 0x7E, 0x9F, 0x80, 0x5C, 0x00, 0x00, 0x37, 0xA2, 0x21, 0x7C, 0x8E,
    0xC6, 0xB3, 0x84, 0x1D, 0x45, 0xA3, 0x39, 0x93, 0xF4, 0x8D, 0x04, 0xBF, 0x32, 0x6E, 0x5F, 0x5E,
    0x55, 0x31, 0x92, 0x22, 0x69, 0x65, 0x06, 0xCA, 0xCE, 0x81, 0x35, 0xC1, 0xAA, 0x90, 0x4D, 0x8A,
    0xA0, 0xB7, 0x50, 0xF8, 0x4E, 0x04, 0x7C, 0xA0, 0x44, 0x2C, 0x31, 0x29, 0x34, 0xA6, 0x7F, 0x14,
    0x02, 0x39, 0x85, 0x21, 0x52, 0x28, 0xC5, 0x04, 0x86, 0x7E, 0x10, 0xE3, 0x12, 0xD1, 0x05, 0x5F,
    0x94, 0x14, 0x7E, 0x09, 0xA1, 0xA8, 0xAA, 0x1B, 0x60, 0xAC, 0x22, 0xED, 0xC4, 0xFF, 0xF5, 0xFA,
    0xD8, 0x37, 0x08, 0xC0, 0x9D, 0xBE, 0x7B, 0x30, 0xD6, 0x74, 0xBF, 0x7C, 0x7D, 0x68, 0xB9, 0xAB,
    0x9E, 0x9C, 0x97, 0x05, 0xA0, 0x5E, 0xC7, 0xA8, 0xEC, 0x5C, 0x18, 0x04, 0x30, 0xC4, 0x35, 0x52,
    0xBD, 0x0A, 0x24, 0x87, 0xBF, 0x4A, 0xB5, 0x7B, 0x27, 0x65, 0xB0, 0x4C, 0xE2, 0xD9, 0x63, 0x4C,
    0x30, 0xD6, 0x06, 0x1B, 0xA8, 0xE7, 0x3B, 0xE9, 0x67, 0x2A, 0x83, 0xDD, 0x56, 0x86, 0xE4, 0x57,
    0x20, 0x81, 0x7F, 0x69, 0xC6, 0x9E, 0x88, 0xA3, 0xFD, 0x09, 0xBC, 0x7E, 0x0F, 0xB4, 0x68, 0xDA,
    0x0F, 0x8C, 0x17, 0xA3, 0x54, 0xEB, 0xF8, 0x4A, 0xC9, 0x9B, 0xC5, 0x6E, 0x22, 0x12, 0x79, 0x97,
    0x9E, 0xC2, 0x47, 0x25, 0xEF, 0xFF, 0x64, 0xED, 0xB0, 0x95, 0xBC, 0x63, 0x5F, 0xF2, 0x3E, 0x83,
    0xA3, 0x4E, 0x70, 0x45, 0x86, 0x49, 0x8C, 0xB7, 0x1C, 0x07, 0x89, 0x63, 0x7C, 0xA2, 0x19, 0x55,
    0xFF, 0xF8, 0x6B, 0xC9, 0x12, 0x81, 0x1B, 0xFD, 0x16, 0x75, 0x05, 0xDA, 0xC6, 0x1D, 0x0F, 0x54,
    0x7A, 0x7E, 0x55, 0xA3, 0x73, 0xEF, 0x5E, 0x17, 0xA5, 0x8D, 0x99, 0x30, 0x9A, 0x1C, 0xB8, 0xC6,
    0xC8, 0x4F, 0x31, 0xFC, 0x49, 0xFE, 0xB0, 0x1F, 0xA2, 0x8E, 0x27, 0x70, 0x0D, 0x86, 0xB5, 0x2D,
    0x4F, 0x8C, 0xD5, 0x1E, 0x6B, 0x95, 0xB0, 0x81, 0x78, 0x70, 0x3D, 0xCA, 0x51, 0xC0, 0x45, 0x20,
    0x4D, 0x30, 0x6C, 0xCE, 0xEB, 0x19, 0x43, 0xEB, 0x91, 0x32, 0xF1, 0x24, 0x5D, 0xE6, 0xCF, 0xF2,
    0xE8, 0x68, 0x37, 0x42, 0x6F, 0x37, 0x62, 0x11, 0x6F, 0x52, 0xD1, 0x2A, 0x56, 0x70, 0x77, 0x16,
    0x24, 0x48, 0xC2, 0x91, 0x23, 0x65, 0x2A, 0xC7, 0x22, 0xE8, 0x4C, 0xF2, 0x7A, 0x57, 0x6E, 0x84,
    0xB1, 0xFB, 0xF2, 0x59, 0x63, 0xEC, 0xF2, 0x2B, 0x7F, 0xC1, 0xCD, 0xEF, 0x3C, 0x72, 0xD3, 0x1B,
    0xCB, 0x57, 0x3C, 0x00, 0x4C, 0x20, 0x3E, 0x12, 0xFD, 0x1E, 0xBD, 0x67, 0xD1, 0x78, 0x82, 0xE6,
    0x8D, 0xD6, 0xCD, 0x80, 0x20, 0xA9, 0x97, 0x85, 0x06, 0xE2, 0x55, 0x7B, 0x31, 0x81, 0xE8, 0x74,
    0x36, 0x57, 0x01, 0xDB, 0x4B, 0xA9, 0x26, 0x30, 0xC0, 0x4B, 0xE9, 0xBF, 0x9B, 0x8C, 0xE6, 0xFF,
    0x6D, 0x2F, 0xFF, 0xBF, 0xA3, 0x28, 0x71, 0x6E, 0xB1, 0x97, 0xA3, 0x36, 0xB9, 0xE4, 0x7C, 0x41,
    0x0E, 0x93, 0x75, 0x98, 0x62, 0x3D, 0x79, 0x25, 0xF9, 0xBE, 0xD8, 0xF6, 0x8C, 0x41, 0x1E, 0x1B,
    0x06, 0x8A, 0x7D, 0x31, 0x92, 0x5B, 0x51, 0xC3, 0x92, 0xE7, 0xC9, 0xFE, 0x05, 0x5B, 0xE7, 0x2A,
    0x37, 0x4C, 0xA0, 0xEA, 0x2C, 0x8B, 0x9D, 0xCC, 0x44, 0x27, 0x75, 0x7C, 0x16, 0x34, 0xD9, 0x8A,
    0x0A, 0xA3, 0xBE, 0x2F, 0x00, 0x2B, 0x11, 0x25, 0xAA, 0x54, 0x2A, 0x25, 0x26, 0x9C, 0x62, 0xBC,
    0x22, 0x66, 0x17, 0x15, 0x63, 0xEA, 0x81, 0x97, 0xED, 0x43, 0x94, 0xB8, 0x2E, 0x70, 0x74, 0x14,
    0xF8, 0x8B, 0xD5, 0x4F, 0xC0, 0x12, 0xD1, 0x6A, 0xBB, 0xDF, 0xA9, 0x41, 0x1B, 0x76, 0x35, 0x68,
    0xB5, 0x61, 0xBD, 0xE0, 0x14, 0x89, 0x18, 0x12, 0xCB, 0xE5, 0x4E, 0xB8, 0xD8, 0x18, 0x0B, 0xE3,
    0x40, 0x0D, 0x39, 0x3D, 0xBC, 0xA2, 0xE3, 0xDA, 0xB9, 0xE3, 0xFD, 0x37, 0x41, 0x9C, 0xA7, 0xF7,
    0x86, 0x6B, 0x46, 0xF8, 0xEA, 0x74, 0x15, 0x00, 0xDA, 0x13, 0xE3, 0x63, 0x48, 0x15, 0x9C, 0xB8,
    0x51, 0x61, 0x65, 0xC6, 0x54, 0xFC, 0x25, 0x6F, 0x39, 0x2E, 0x0B, 0xA4, 0x48, 0x85, 0x28, 0x5F,
    0x5E, 0x95, 0x85, 0x1A, 0x18, 0x59, 0x6A, 0x9C, 0x8A, 0xBD, 0x26, 0x4D, 0x8D, 0xBB, 0x02, 0xF6,
    0x6A, 0xB3, 0x87, 0xED, 0xD5, 0xA7, 0xF3, 0x7A, 0x53, 0x49, 0xAB, 0xCD, 0xED, 0x3A, 0x70, 0x96,
    0xE1, 0xAA, 0x7F, 0x2C, 0x15, 0x63, 0x9F, 0x36, 0x5B, 0xA8, 0x6A, 0x2D, 0x48, 0x12, 0x92, 0x22,
    0x34, 0x7F, 0x5B, 0x26, 0xFA, 0x39, 0xAA, 0x1D, 0xA4, 0x0A, 0x36, 0x9B, 0x78, 0x7B, 0xC0, 0x15,
    0x3D, 0xF7, 0x6C, 0xA4, 0x8B, 0xFA, 0x31, 0xFF, 0x87, 0xA4, 0x9C, 0xEF, 0x01, 0x92, 0x82, 0x11,
    0xA1, 0xD7, 0x20, 0xF1, 0x01, 0x80, 0xD7, 0x49, 0x94, 0xCD, 0xB7, 0xAA, 0x40, 0x17, 0x4A, 0x7F,
    0x57, 0x04, 0xB0, 0xB2, 0x00, 0x59, 0x84, 0xD2, 0xB8, 0x7E, 0x89, 0x86, 0x1A, 0x74, 0x56, 0x60,
    0xA9, 0x05, 0x30, 0xE1, 0x45, 0xFC, 0xA8, 0xF8, 0xDB, 0x0F, 0x08, 0x1A, 0xE6, 0xC9, 0x0E, 0xA4,
    0xED, 0xBF, 0x26, 0x01, 0x99, 0xB0, 0xB6, 0x5D, 0x63, 0xC0, 0x48, 0xEF, 0x20, 0xC0, 0x80, 0x02,
    0x16, 0x78, 0x87, 0x47, 0x0C, 0x30, 0x98, 0x7E, 0x0E, 0x18, 0x69, 0xBB, 0x62, 0xAC, 0x73, 0xCC,
    0x75, 0x8B, 0x9D, 0x7D, 0xA2, 0x00, 0x12, 0x1C, 0x00, 0x82, 0x61, 0xFE, 0x02, 0x29, 0xB5, 0xC0,
    0x73, 0xDF, 0x59, 0x47, 0xE1, 0xC3, 0xF7, 0x19, 0x14, 0x0A, 0x7A, 0x70, 0xF8, 0x79, 0x78, 0x4B,
    0x00, 0xFF, 0x67, 0xAC, 0x4B, 0x7E, 0x84, 0xE9, 0x2F, 0xCD, 0xBF, 0x51, 0xC0, 0x1A, 0xD0, 0x31,
    0x74, 0xA4, 0xF3, 0xFA, 0x2E, 0x8E, 0x03, 0xD1, 0x30, 0x0E, 0xA4, 0x3F, 0xEE, 0x98, 0x4F, 0x49,
    0xE2, 0x0C, 0x8C, 0x0D, 0xE6, 0x9D, 0xFF, 0x51, 0xE9, 0x42, 0xF5, 0x1D, 0x47, 0x05, 0xA4, 0x32,
    0xA1, 0x05, 0x75, 0xD8, 0x05, 0x51, 0xC9, 0x8E, 0x26, 0x60, 0x65, 0xDC, 0x79, 0x1F, 0x83, 0xF6,
    0x0C, 0xEC, 0x80, 0xE0, 0xAB, 0x3A, 0x63, 0x00, 0xC1, 0x06, 0xF3, 0xFE, 0x28, 0x8C, 0xBE, 0x50,
    0xD3, 0x5E, 0x1F, 0xF8, 0x33, 0x85, 0xDA, 0x7C, 0x0B, 0x81, 0x41, 0xC6, 0x18, 0x87, 0x60, 0x8A,
    0x2F, 0x78, 0x4B, 0xA1, 0xB8, 0xB2, 0xAA, 0x72, 0x1A, 0xF5, 0x8A, 0xBE, 0xB3, 0x1C, 0x2B, 0x10,
    0x18, 0x68, 0xBB, 0x61, 0xF0, 0x26, 0x78, 0xAE, 0x18, 0x93, 0x02, 0xE3, 0x6C, 0x06, 0x96, 0x08,
    0x59, 0x4D, 0x35, 0xE4, 0xEB, 0xA3, 0x88, 0xF5, 0x28, 0xFA, 0x01, 0x43, 0x3A, 0xFC, 0x27, 0x03,
    0x1F, 0xF5, 0x51, 0xB1, 0x40, 0x2A, 0xB6, 0x86, 0x25, 0x54, 0xD8, 0x05, 0x02, 0xEB, 0x13, 0xB0,
    0x6A, 0xEE, 0x95, 0x22, 0x04, 0x30, 0x34, 0x6A, 0x16, 0xFC, 0x46, 0x93, 0xA4, 0x24, 0x24, 0xBD,
    0x91, 0xE0, 0x24, 0x23, 0x8D, 0xA4, 0x20, 0xD9, 0x67, 0xC2, 0xEE, 0xB4, 0x43, 0x7C, 0xF0, 0x92,
    0x26, 0x0E, 0x0A, 0x92, 0x27, 0x89, 0x0F, 0x54, 0x4A, 0x51, 0xD9, 0x7C, 0xDB, 0x7E, 0xB1, 0x4B,
    0xC9, 0x3B, 0x77, 0xE0, 0x84, 0xF3, 0x1E, 0xF3, 0x33, 0x61, 0x4A, 0x14, 0x3B, 0xC7, 0x81, 0xE2,
    0xC0, 0x77, 0xC6, 0x6F, 0x44, 0x54, 0x79, 0x7F, 0xC2, 0xE0, 0x89, 0x2C, 0x71, 0x13, 0x57, 0x90,
    0xC5, 0x2B, 0x0E, 0x45, 0xCC, 0xC4, 0x51, 0xC6, 0xB6, 0x63, 0xCD, 0x06, 0x48, 0x13, 0xDD, 0x71,
    0x3E, 0x46, 0x3F, 0x71, 0x26, 0xEA, 0x7B, 0x22, 0x6C, 0x56, 0x80, 0xA3, 0x60, 0x65, 0xFD, 0x2A,
    0xAC, 0x2B, 0x3D, 0xE0, 0x22, 0x20, 0x0E, 0xCA, 0xBE, 0x83, 0x9D, 0x84, 0x79, 0xD0, 0x4F, 0xCC,
    0x9F, 0x9D, 0xDE, 0x0F, 0x72, 0xBC, 0xBF, 0x25, 0x21, 0x49, 0x31, 0x3F, 0x93, 0x44, 0xA7, 0xE5,
    0x32, 0x6D, 0x00, 0x71, 0xA7, 0x10, 0x60, 0x2C, 0x02, 0xA9, 0xEE, 0xDC, 0x43, 0x02, 0x36, 0x64,
    0xE3, 0x29, 0xAA, 0x87, 0xB0, 0x51, 0xBD, 0x6A, 0x15, 0x5F, 0x9D, 0xC7, 0x8D, 0xE5, 0xEE, 0x25,
    0x3F, 0xCA, 0x3F, 0xDB, 0x6D, 0xC6, 0x17, 0xA8, 0xC4, 0xB6, 0x3B, 0x45, 0x8F, 0xE5, 0xFA, 0xE0,
    0xA1, 0x6E, 0xEB, 0xCD, 0xF0, 0x3F, 0x17, 0x79, 0xA9, 0x1D, 0x79, 0x7A, 0x80, 0x77, 0x5E, 0x01,
    0x22, 0x83, 0xEA, 0x1E, 0x57, 0x3F, 0x1B, 0x5D, 0x77, 0x9C, 0x70, 0xDA, 0xD1, 0x8A, 0xD8, 0x17,
    0xF2, 0x4E, 0xF8, 0xD7, 0x71, 0x3E, 0x80, 0x1B, 0xEE, 0x1D, 0x91, 0xA9, 0x0B, 0xBA, 0x23, 0xF2,
    0x03, 0xEC, 0x72, 0x3F, 0x1B, 0x47, 0x34, 0x3E, 0x3A, 0x22, 0xBF, 0x39, 0x22, 0x06, 0x42, 0x1D,
    0xE1, 0x70, 0x18, 0x06, 0x5C, 0x1B, 0x8A, 0xC5, 0x81, 0xCE, 0x72, 0xF3, 0xCB, 0xA8, 0x80, 0x75,
    0x3C, 0x60, 0x22, 0x88, 0x00, 0x04, 0xD1, 0x26, 0x30, 0xE4, 0x4E, 0x48, 0xCC, 0x4A, 0x2D, 0x91,
    0x95, 0x40, 0xBE, 0x5F, 0x1C, 0x73, 0x64, 0xAD, 0x16, 0xC4, 0x3C, 0x57, 0x43, 0x8D, 0x0B, 0xC5,
    0x0B, 0x67, 0x06, 0x6C, 0x6A, 0x89, 0x8E, 0xB3, 0xBA, 0x4B, 0x6F, 0xAA, 0x2B, 0x33, 0xB6, 0x8A,
    0x43, 0x2B, 0x69, 0x6B, 0xAC, 0x37, 0x1E, 0xAF, 0xB1, 0x04, 0xCB, 0x97, 0xB8, 0x57, 0x6D, 0xDF,
    0x00, 0x4D, 0x0B, 0x0A, 0xC6, 0x71, 0xD9, 0x07, 0x7E, 0x67, 0xF8, 0x63, 0xD6, 0xE2, 0xD8, 0xF0,
    0xBC, 0x8E, 0x2F, 0x6D, 0x0E, 0x6D, 0xBD, 0xA2, 0x3F, 0xB3, 0x85, 0x06, 0xFF, 0xCF, 0x67, 0xAE,
    0x47, 0x01, 0xBB, 0x73, 0xA2, 0xC0, 0x51, 0x58, 0x1E, 0x26, 0xF3, 0xAD, 0xC8, 0x1C, 0x32, 0x0D,
    0x81, 0x32, 0x64, 0xBF, 0x4A, 0xB4, 0x0B, 0x31, 0xEA, 0x8E, 0x4A, 0xB6, 0x46, 0xDF, 0x0E, 0x04,
    0x0B, 0x4B, 0x4C, 0x85, 0xDE, 0x80, 0x38, 0x71, 0x67, 0x54, 0x15, 0xE8, 0x43, 0xC8, 0x7F, 0x11,
    0x21, 0x37, 0xEF, 0x54, 0x1D, 0xF3, 0x81, 0x64, 0x4F, 0x9A, 0xED, 0x24, 0x22, 0xF1, 0x34, 0x3E,
    0x8F, 0x3E, 0x65, 0x97, 0x14, 0xD6, 0x06, 0x70, 0x8C, 0x9E, 0x79, 0x6B, 0x5B, 0x14, 0x68, 0xC8,
    0x33, 0x46, 0x17, 0x28, 0x31, 0x61, 0xFF, 0xE0, 0x07, 0x5F, 0x6D, 0xAD, 0xA9, 0xE3, 0x52, 0x38,
    0xD5, 0x79, 0x84, 0x5F, 0x40, 0xA1, 0x36, 0xDB, 0xA9, 0xB1, 0xB6, 0x4B, 0xE9, 0x43, 0x25, 0x4D,
    0x71, 0x9C, 0x8E, 0x08, 0xE2, 0x4F, 0x44, 0x4D, 0xB2, 0xEC, 0x18, 0x89, 0x3F, 0x56, 0xC4, 0xD6,
    0x3C, 0x7B, 0x8D, 0x6D, 0x9A, 0xEC, 0x50, 0x60, 0x40, 0xAB, 0x02, 0xF9, 0x50, 0xCA, 0x3C, 0x61,
    0x14, 0x63, 0xB1, 0x80, 0x71, 0x0E, 0xD3, 0xBC, 0x47, 0x0C, 0x14, 0xFB, 0xE2, 0x48, 0x36, 0x5D,
    0x2C, 0xD8, 0xB3, 0x82, 0x35, 0x93, 0x95, 0x15, 0x01, 0xC1, 0x76, 0xC0, 0xC8, 0x51, 0xED, 0xAA,
    0x46, 0x62, 0x19, 0xE9, 0x7D, 0x26, 0x5A, 0xBE, 0xB8, 0x5A, 0xC0, 0xC3, 0xDF, 0x41, 0x60, 0x68,
    0x59, 0x31, 0x4F, 0x23, 0x3C, 0x47, 0x75, 0x49, 0x25, 0x3E, 0xA6, 0x63, 0x2E, 0x28, 0xB3, 0xC8,
    0xC3, 0x37, 0xC8, 0xDB, 0xAD, 0x07, 0xC0, 0x26, 0x61, 0xD4, 0xCA, 0x93, 0xE0, 0x41, 0x69, 0x07,
    0x85, 0xD9, 0x42, 0xD6, 0x58, 0xAB, 0xE3, 0xB3, 0xA1, 0x8C, 0x4E, 0x04, 0x3F, 0x9B, 0xFD, 0xE6,
    0xCE, 0xC5, 0x20, 0x0B, 0x26, 0x80, 0x3D, 0x5B, 0xB1, 0x76, 0xEE, 0xC7, 0x01, 0x59, 0x60, 0x70,
    0x9E, 0x37, 0x79, 0x00, 0x58, 0xED, 0x89, 0xAB, 0xD0, 0x34, 0xD1, 0x47, 0xB1, 0x15, 0x5E, 0x47,
    0x1C, 0x37, 0xEC, 0xA1, 0xE1, 0xA0, 0xA3, 0x91, 0x86, 0x1A, 0xF9, 0x7F, 0x4F, 0xB4, 0xDB, 0xEF,
    0x81, 0x09, 0xF8, 0xC2, 0x38, 0x70, 0xB2, 0x05, 0x60, 0x9C, 0x90, 0xE7, 0x3E, 0xC0, 0x16, 0xD4,
    0x3A, 0xC8, 0xBE, 0xFD, 0x6D, 0x19, 0x3D, 0xDF, 0xEF, 0x8E, 0xF2, 0x31, 0xC2, 0x8B, 0x8E, 0xF5,
    0xFF, 0xBA, 0xDE, 0xB7, 0x56, 0xE1, 0x85, 0xD0, 0xD0, 0xFF, 0xA9, 0x71, 0xF0, 0x0D, 0x4F, 0x33,
    0x34, 0x3B, 0xF6, 0xB5, 0x86, 0x91, 0xE8, 0x97, 0x1D, 0xFA, 0x71, 0xAE, 0x51, 0x94, 0x28, 0xD0,
    0x38, 0x1F, 0xFC, 0x1A, 0xC8, 0x10, 0xEF, 0x2B, 0x3E, 0xFE, 0x8E, 0x82, 0xD2, 0x98, 0x67, 0x72,
    0x51, 0xD3, 0xB4, 0x5D, 0xC0, 0xE0, 0xB8, 0x81, 0xB1, 0xB1, 0x80, 0x37, 0xD0, 0x0F, 0xB7, 0x38,
    0x53, 0xC9, 0x6D, 0xAC, 0xCC, 0x68, 0x70, 0x8E, 0x98, 0x08, 0xAE, 0x94, 0x73, 0x0D, 0xD8, 0x0C,
    0xD8, 0xE0, 0x37, 0x46, 0xBD, 0xB6, 0x2C, 0x0E, 0xD6, 0x9A, 0x99, 0x21, 0x14, 0xC7, 0xD7, 0x24,
    0xD6, 0x13, 0xE6, 0x01, 0x58, 0x4C, 0x1B, 0x33, 0x2D, 0xEF, 0xF9, 0x99, 0xB8, 0x95, 0x0F, 0x0C,
    0xF9, 0x91, 0xD7, 0x9C, 0x68, 0x5B, 0xD6, 0xC7, 0xEF, 0x7D, 0x59, 0xDF, 0xB9, 0x01, 0xD5, 0x38,
    0x76, 0x81, 0xBC, 0xF6, 0x9D, 0x40, 0xD4, 0xF7, 0xF1, 0xA5, 0xA0, 0x5F, 0xCA, 0xAB, 0x9F, 0x4A,
    0x48, 0x39, 0xE1, 0x0C, 0x36, 0x40, 0x3B, 0x54, 0xA3, 0x63, 0x58, 0xAC, 0x8B, 0x67, 0x4C, 0x3A,
    0xD9, 0x1B, 0xCF, 0x0D, 0x03, 0xC5, 0xBE, 0x38, 0x58, 0x63, 0x00, 0xC8, 0x72, 0xF2, 0x14, 0xB2,
    0xBE, 0x2F, 0x66, 0xD9, 0x2E, 0x6A, 0xE2, 0x3C, 0xAB, 0x0F, 0x34, 0x5E, 0xD9, 0x10, 0xFB, 0x50,
    0x05, 0x6A, 0x02, 0x08, 0x4D, 0x21, 0x70, 0x46, 0xC0, 0x2B, 0xAC, 0x7C, 0x2C, 0x90, 0x9B, 0x95,
    0x88, 0x12, 0xD7, 0x58, 0x95, 0x51, 0xCC, 0xAF, 0x85, 0x2C, 0x7F, 0xE2, 0x5A, 0x41, 0x33, 0x4E,
    0xE1, 0x25, 0x1E, 0xE6, 0xAA, 0xDE, 0xF1, 0xD3, 0x6F, 0xE6, 0x81, 0x6F, 0xD9, 0xB6, 0xF7, 0x66,
    0xD5, 0x88, 0xDB, 0x2C, 0xFB, 0x65, 0x64, 0xEF, 0x35, 0x2C, 0x07, 0x5A, 0xD1, 0x13, 0x88, 0xCD,
    0xA8, 0xB5, 0x34, 0x50, 0x97, 0x5B, 0xA8, 0xED, 0x1F, 0xAB, 0x8B, 0x8D, 0x28, 0x7F, 0x46, 0xB2,
    0xA2, 0x9E, 0x3E, 0xF4, 0xB5, 0x76, 0x6C, 0x7B, 0x6B, 0xFC, 0x2F, 0x57, 0x2C, 0xB5, 0x19, 0xAC,
    0x8E, 0xDE, 0x91, 0xC9, 0x7B, 0x8D, 0xF4, 0x6E, 0xB6, 0x7F, 0x49, 0x41, 0x60, 0x5F, 0x4C, 0x63,
    0xA7, 0xFC, 0xF5, 0xE9, 0xA6, 0x7D, 0xA4, 0x7A, 0x3C, 0x8A, 0xA6, 0x7F, 0x49, 0x13, 0x88, 0x0D,
    0xF3, 0x6E, 0x90, 0x89, 0x00, 0x70, 0x67, 0xE3, 0xB8, 0xD4, 0xC1, 0x19, 0x28, 0x16, 0x8F, 0x01,
    0xE3, 0x7E, 0x68, 0xC7, 0x41, 0x2C, 0x86, 0x2F, 0x46, 0xF2, 0x5C, 0x3C, 0x04, 0x96, 0x3C, 0xF1,
    0x98, 0xA5, 0x33, 0x1E, 0x4E, 0x2F, 0xE0, 0x8D, 0xBA, 0xD3, 0x24, 0x8D, 0xC7, 0x54, 0x8D, 0x34,
    0x92, 0x17, 0xC1, 0xE1, 0x07, 0xB1, 0xEE, 0xD5, 0x68, 0x1E, 0xCE, 0xA7, 0x76, 0x47, 0x8B, 0xEF,
    0x32, 0xBC, 0x4A, 0x12, 0xD2, 0x84, 0x7D, 0xA6, 0x73, 0x56, 0xF1, 0xF2, 0x57, 0x24, 0x4F, 0x8A,
    0xCB, 0xCA, 0xFB, 0x97, 0x72, 0x08, 0xAC, 0x2C, 0x02, 0x17, 0xE7, 0x2C, 0xE9, 0x25, 0x47, 0x9A,
    0x34, 0x4A, 0x8D, 0x81, 0xB1, 0x24, 0x4E, 0xB9, 0x86, 0x8F, 0x28, 0xDF, 0x7D, 0xC9, 0x09, 0x78,
    0x73, 0xD8, 0x14, 0xD5, 0xD5, 0xD5, 0x4F, 0x48, 0xD9, 0xD7, 0x30, 0x85, 0x82, 0x5D, 0x4D, 0x83,
    0x97, 0x52, 0x28, 0x23, 0x65, 0xCD, 0x7F, 0x4E, 0xCE, 0x4F, 0x0D, 0x0C, 0xB3, 0xA3, 0x96, 0xB4,
    0x2E, 0xB5, 0xD6, 0x3B, 0x60, 0x70, 0xD4, 0x35, 0x26, 0xF2, 0x98, 0x2B, 0xBC, 0x1A, 0xC3, 0x57,
    0xFB, 0x6A, 0x32, 0x0B, 0xB6, 0x62, 0x20, 0xEA, 0x75, 0xC7, 0x10, 0x5B, 0x42, 0xAB, 0xF7, 0xCA,
    0x06, 0xFB, 0x12, 0xFA, 0xD3, 0xC9, 0x7D, 0x38, 0x2D, 0xD8, 0x4D, 0x60, 0xC3, 0x21, 0xE0, 0x23,
    0x1A, 0x4B, 0xAC, 0x94, 0xE2, 0x12, 0x33, 0x85, 0x06, 0x03, 0x38, 0x57, 0x78, 0x5D, 0x85, 0x4B,
    0x1C, 0x62, 0x85, 0x25, 0x09, 0xF8, 0x00, 0xF3, 0x6A, 0x7C, 0x5C, 0x90, 0x7D, 0x33, 0xFF, 0x5A,
    0x60, 0xFF, 0x03, 0x1D, 0xCA, 0xAF, 0x8A, 0x17, 0xA8, 0x25, 0xB4, 0xC0, 0x9E, 0xEA, 0xF1, 0xE1,
    0x5F, 0x0F, 0xEC, 0x5F, 0x59, 0x80, 0x38, 0xFA, 0x02, 0xC4, 0xD7, 0x43, 0x96, 0xEF, 0x2F, 0x40,
    0xA4, 0x31, 0xEE, 0xBD, 0xC0, 0xCA, 0xC5, 0x09, 0x0C, 0x18, 0xC7, 0xDC, 0x74, 0xED, 0x83, 0x5B,
    0x10, 0x1D, 0x36, 0x8B, 0xEA, 0xE4, 0x5A, 0x49, 0xA7, 0xB0, 0x92, 0x38, 0x64, 0xE4, 0x31, 0x4A,
    0x32, 0xEB, 0x98, 0x81, 0x43, 0x1E, 0x34, 0x8C, 0xB2, 0x2D, 0xAA, 0xA3, 0xC1, 0xB4, 0x2E, 0xFB,
    0xA2, 0xBA, 0x92, 0x10, 0xC8, 0xA7, 0x45, 0x75, 0xE3, 0xF1, 0xA2, 0xBA, 0x7A, 0x21, 0x68, 0xD5,
    0xF2, 0xB8, 0xDB, 0x45, 0x75, 0x42, 0xD9, 0xA6, 0x92, 0xB1, 0xE9, 0x4D, 0xFA, 0xA8, 0x99, 0x3C,
    0x0C, 0x52, 0xD7, 0x15, 0x07, 0xE0, 0x25, 0xE5, 0x5C, 0x54, 0x17, 0xD5, 0x67, 0xB3, 0x4F, 0xB3,
    0x7B, 0x49, 0x3E, 0x39, 0x40, 0x3F, 0x39, 0x40, 0x6F, 0xC1, 0x30, 0x71, 0x8C, 0x28, 0x93, 0x82,
    0x12, 0xFA, 0xF6, 0xF5, 0x00, 0xFD, 0x5B, 0x0D, 0xD0, 0xCF, 0x1A, 0x97, 0xEF, 0x42, 0x39, 0x35,
    0x68, 0x3F, 0x40, 0x1F, 0x9F, 0x06, 0xE8, 0xCF, 0xE6, 0xBF, 0x26, 0x9E, 0x5E, 0x07, 0x66, 0xFB,
    0x75, 0x60, 0xA4, 0xFB, 0x3A, 0xB0, 0xF7, 0x3F, 0x7F, 0x1D, 0x58, 0xD2, 0x5A, 0x07, 0x16, 0x8D,
    0x64, 0x5D, 0x79, 0x39, 0xB4, 0x87, 0x74, 0x0B, 0xF6, 0xE7, 0x17, 0xC1, 0xBE, 0x5E, 0xC1, 0xFE,
    0x9B, 0x57, 0x4C, 0xB9, 0x0D, 0xF6, 0x35, 0x2E, 0x14, 0x2C, 0x3C, 0x87, 0x1C, 0x67, 0x62, 0x4D,
    0xDC, 0x27, 0xEA, 0x57, 0xF8, 0xD7, 0x4F, 0x2A, 0x07, 0xB0, 0xE5, 0x3F, 0xF6, 0x65, 0xDB, 0xF8,
    0xD0, 0xE0, 0xCE, 0x2F, 0x4C, 0x2A, 0xFF, 0x47, 0x87, 0xC7, 0xBD, 0x13, 0x1E, 0x0C, 0xE1, 0xCC,
    0x1B, 0x95, 0x23, 0xEC, 0x04, 0x41, 0x5B, 0x79, 0x65, 0xF9, 0x6E, 0x82, 0x6B, 0x4E, 0xE2, 0xBE,
    0xAA, 0x61, 0x16, 0xB9, 0xB2, 0x8C, 0x8C, 0xF1, 0x69, 0x71, 0x83, 0x14, 0xD5, 0x2A, 0x93, 0x57,
    0xC9, 0x5B, 0xAC, 0xDA, 0x88, 0xA6, 0x2D, 0x80, 0x90, 0x42, 0xB9, 0x56, 0x93, 0xB3, 0x83, 0x3E,
    0xE6, 0x5E, 0x88, 0xC9, 0xDC, 0xCB, 0x4F, 0x84, 0x30, 0x03, 0x33, 0x62, 0xCF, 0xC0, 0x88, 0xF7,
    0x75, 0x49, 0x8F, 0xB0, 0x22, 0x46, 0xD8, 0x07, 0xDC, 0x76, 0xF2, 0x5C, 0xBD, 0x9B, 0xC4, 0x3D,
    0xD1, 0x7A, 0x77, 0xC8, 0x87, 0x4E, 0x56, 0x6B, 0x9D, 0x5C, 0xBD, 0x8B, 0xE7, 0x96, 0xF2, 0x4C,
    0x00, 0x76, 0xA7, 0xFE, 0x13, 0xEE, 0xB7, 0xF9, 0xE5, 0x3F, 0xD5, 0xC9, 0xAD, 0xAB, 0x15, 0x88,
    0xC2, 0xC7, 0x9D, 0xCC, 0xC3, 0x74, 0xFA, 0xD6, 0x33, 0xF7, 0x76, 0x1A, 0x97, 0x20, 0xE1, 0xA0,
    0xA1, 0x60, 0x8A, 0xD2, 0x6C, 0xFC, 0x9F, 0xBA, 0x0E, 0xF0, 0x5E, 0x7F, 0xD7, 0x6D, 0x30, 0xF7,
    0x6B, 0xD4, 0xAB, 0xFA, 0xCC, 0x6B, 0x79, 0xAF, 0xB9, 0xCB, 0x2C, 0x70, 0x3E, 0x98, 0x79, 0x6D,
    0xFB, 0x99, 0xD7, 0xC4, 0xCD, 0xE6, 0x63, 0x28, 0x31, 0xEE, 0x08, 0x67, 0x54, 0xC1, 0x6C, 0x4B,
    0xAE, 0xAB, 0xDE, 0xCC, 0xD6, 0x61, 0xC2, 0xB9, 0x5A, 0x59, 0x35, 0x4E, 0x13, 0xF8, 0x0F, 0xE6,
    0xCF, 0x7D, 0xA4, 0x24, 0xAF, 0xB1, 0x83, 0x0F, 0x2D, 0xC8, 0x93, 0x26, 0x4C, 0x9E, 0x92, 0x01,
    0xDB, 0x00, 0x9C, 0xC9, 0xD0, 0x6B, 0x8B, 0x6A, 0x65, 0xBF, 0xA8, 0xD6, 0xF7, 0x94, 0xDB, 0x8D,
    0x1E, 0xEC, 0x60, 0xFA, 0xFD, 0x45, 0xB5, 0x6D, 0xED, 0x99, 0xF2, 0x0A, 0xF8, 0x2A, 0xFC, 0x04,
    0xAE, 0x64, 0x58, 0x60, 0x9B, 0xF9, 0x55, 0x00, 0x3A, 0xF2, 0xFF, 0x1D, 0x9F, 0x9B, 0x5F, 0xF5,
    0xBF, 0xED, 0x5C, 0x61, 0x8E, 0xDB, 0xBC, 0x0E, 0x24, 0xA0, 0xBF, 0x0B, 0xF0, 0x2A, 0x39, 0x40,
    0x01, 0x5E, 0x9D, 0x40, 0x0E, 0xD0, 0xAB, 0x10, 0xE8, 0x5F, 0x02, 0xF3, 0x10, 0x8E, 0x29, 0x58,
    0xEB, 0xCD, 0x87, 0x36, 0xEF, 0xBD, 0x7E, 0x71, 0x36, 0x42, 0x77, 0x46, 0x68, 0xED, 0x58, 0xE4,
    0x8C, 0x25, 0x99, 0xCE, 0x56, 0x64, 0x20, 0x44, 0x3E, 0x93, 0x22, 0x77, 0x64, 0x3F, 0xB1, 0x27,
    0x2D, 0x82, 0xC2, 0x6F, 0x34, 0x8A, 0xB2, 0x68, 0xE4, 0x40, 0xDC, 0x48, 0x8A, 0xA2, 0x48, 0x43,
    0x90, 0x45, 0x76, 0x23, 0x00, 0x29, 0x62, 0x00, 0x30, 0x09, 0x22, 0xDA, 0xE4, 0x1B, 0x0D, 0xD4,
    0x68, 0x36, 0x02, 0x42, 0x00, 0xAC, 0x24, 0x77, 0x1A, 0x0A, 0x15, 0x7E, 0x97, 0x06, 0x0F, 0xB9,
    0xD4, 0xD1, 0x35, 0x48, 0x0E, 0x27, 0xED, 0x86, 0x3E, 0xE0, 0x62, 0x31, 0x51, 0x54, 0x2A, 0x3C,
    0xA2, 0x02, 0x2E, 0x03, 0x37, 0x54, 0x5C, 0xE1, 0x62, 0x39, 0x8F, 0x14, 0xEC, 0xD0, 0x52, 0x11,
    0x0C, 0xD1, 0x0D, 0x09, 0xB8, 0x22, 0x0C, 0x22, 0x1F, 0x22, 0x2E, 0x4B, 0x1B, 0xE8, 0xC1, 0x1D,
    0xB1, 0xFF, 0xB5, 0xB5, 0x31, 0x8A, 0x82, 0xB1, 0x11, 0x48, 0xC9, 0xA0, 0x49, 0x16, 0x45, 0x70,
    0x92, 0xCC, 0x76, 0x6E, 0xBD, 0xB7, 0x21, 0xF0, 0x9A, 0x9A, 0x8D, 0x52, 0xD8, 0x51, 0xC3, 0x0B,
    0x8F, 0x91, 0x3F, 0x85, 0xE4, 0xB1, 0xC8, 0x44, 0x42, 0x2E, 0x52, 0x48, 0x51, 0x14, 0x7D, 0xC8,
    0xD2, 0x8C, 0x04, 0x3F, 0x6A, 0x67, 0x40, 0xD1, 0xAF, 0x22, 0x88, 0x79, 0x5D, 0x6D, 0xF8, 0x6B,
    0x48, 0x2F, 0xEA, 0x3B, 0x89, 0x63, 0x8E, 0x5F, 0xE1, 0x33, 0x91, 0x7D, 0x53, 0x57, 0xCB, 0xCF,
    0xF7, 0x95, 0x21, 0x26, 0x82, 0xE6, 0x11, 0xD4, 0xD0, 0x4D, 0x44, 0x5C, 0x3E, 0x9E, 0xCA, 0x2A,
    0x2D, 0x9C, 0x2E, 0x86, 0xD1, 0x45, 0xF9, 0xF6, 0xCF, 0x20, 0x71, 0xC0, 0x6F, 0xAB, 0x28, 0xE3,
    0x6F, 0xBF, 0xCC, 0x3C, 0x29, 0x66, 0x46, 0x66, 0x5E, 0xFD, 0xFC, 0x56, 0xA1, 0xA2, 0x45, 0xE0,
    0x8D, 0x11, 0x56, 0x94, 0x4A, 0xEA, 0xC5, 0xA0, 0x68, 0x30, 0x40, 0x46, 0x8B, 0x6B, 0xDE, 0x33,
    0x07, 0x1C, 0xBE, 0x98, 0xE3, 0x35, 0x96, 0x90, 0x9E, 0x6D, 0xB5, 0xBA, 0xEA, 0xA5, 0x43, 0x34,
    0xB6, 0x0D, 0xB8, 0xB6, 0x40, 0x4B, 0xCF, 0x9F, 0x71, 0x3A, 0x43, 0x68, 0x14, 0x19, 0x46, 0x0D,
    0x18, 0xD8, 0xA8, 0xA4, 0xA4, 0x57, 0x2E, 0x9C, 0x34, 0xDE, 0xB3, 0x85, 0xF9, 0x28, 0x53, 0x28,
    0x53, 0x4F, 0x14, 0x19, 0x5E, 0xE3, 0x76, 0x8D, 0xD3, 0xCF, 0x10, 0x27, 0xD5, 0xF7, 0x09, 0x9E,
    0x11, 0x4E, 0x2D, 0xFD, 0x03, 0x4F, 0x19, 0x6C, 0xCB, 0xA6, 0x42, 0xB1, 0x2C, 0x30, 0xCC, 0xC6,
    0xB2, 0x84, 0x8E, 0x2D, 0xCA, 0xEA, 0xB4, 0x71, 0x52, 0xD4, 0xA7, 0x9B, 0x5A, 0x07, 0x23, 0xE9,
    0xF2, 0x29, 0x6C, 0x2F, 0xE1, 0xB4, 0xC1, 0xD1, 0x72, 0x94, 0x85, 0xC8, 0xDD, 0x46, 0x75, 0xEE,
    0x4A, 0xF6, 0x16, 0x19, 0x2E, 0x4A, 0xF3, 0x4C, 0xCC, 0x52, 0x00, 0x20, 0xD2, 0x6C, 0x2D, 0xD0,
    0x73, 0x2D, 0x33, 0x52, 0xCD, 0x82, 0x94, 0xA4, 0xE5, 0xCE, 0x12, 0x44, 0x91, 0x92, 0x38, 0xE0,
    0xB7, 0x55, 0x7E, 0xCC, 0xD9, 0xB8, 0x33, 0xD4, 0x73, 0x71, 0x87, 0x3B, 0xBD, 0x22, 0x7E, 0x7E,
    0xAB, 0x3C, 0x5E, 0xBB, 0xB8, 0xE0, 0xBB, 0x5B, 0x65, 0xAD, 0x79, 0x10, 0xB3, 0xFB, 0x9D, 0xAD,
    0x9D, 0xE8, 0x23, 0xCF, 0x3E, 0xAB, 0xC4, 0x90, 0x65, 0xF3, 0xEA, 0x93, 0xC6, 0xBA, 0x79, 0x7D,
    0xCF, 0x23, 0xE6, 0x1F, 0xDC, 0xBC, 0xCA, 0xB6, 0x6D, 0x55, 0xE2, 0x15, 0x29, 0x32, 0x44, 0xE3,
    0xFC, 0x73, 0xC7, 0x5B, 0xE6, 0xFF, 0x6A, 0x0F, 0x7B, 0x5E, 0xED, 0x1F, 0xD8, 0xBD, 0xE2, 0xD6,
    0x16, 0x54, 0xB8, 0xA2, 0xC6, 0x4A, 0xB4, 0x1D, 0xAA, 0xCF, 0x11, 0x6B, 0xA1, 0x4D, 0x04, 0xF0,
    0x19, 0x9D, 0x68, 0xBB, 0xE3, 0x85, 0xA8, 0xD1, 0x38, 0x33, 0xE2, 0xBC, 0x2E, 0x00, 0xAC, 0x28,
    0xC7, 0x46, 0x23, 0x77, 0x4D, 0x33, 0x27, 0x0A, 0x62, 0xD9, 0x31, 0xD2, 0xA5, 0x00, 0x7C, 0x00,
    0x08, 0x85, 0x20, 0x34, 0x6F, 0x7A, 0xE4, 0x04, 0x00, 0x89, 0x09, 0x94, 0xF7, 0x06, 0x56, 0x00,
    0x91, 0x8B, 0xC1, 0x25, 0xCA, 0x9C, 0xE3, 0x06, 0x9C, 0x58, 0xB9, 0x2C, 0xFF, 0x90, 0xA5, 0xC1,
    0xCB, 0x91, 0x07, 0xE8, 0x7F, 0x98, 0xCB, 0xB9, 0x31, 0xF7, 0x57, 0xCC, 0x7E, 0xEF, 0x81, 0x3B,
    0x80, 0x89, 0x72, 0x0A, 0x91, 0x18, 0x9D, 0x21, 0x19, 0x0F, 0x43, 0x63, 0x64, 0x9A, 0x1D, 0x97,
    0x39, 0xA1, 0xDB, 0xDF, 0x54, 0x49, 0x43, 0xBC, 0x57, 0x48, 0x00, 0x44, 0xEF, 0xDA, 0xCE, 0x2C,
    0xED, 0x9C, 0x25, 0xE3, 0x3C, 0x8C, 0x01, 0x55, 0x24, 0x05, 0x5C, 0xEC, 0x0F, 0xC1, 0xFC, 0xDD,
    0xBB, 0x21, 0xE6, 0x96, 0x4A, 0xF4, 0xEB, 0x27, 0x3A, 0xE5, 0x21, 0xC7, 0x62, 0x1A, 0x7C, 0x1E,
    0x39, 0x76, 0x35, 0x47, 0xAB, 0x3A, 0x23, 0xCA, 0x44, 0x3F, 0x64, 0xF8, 0x79, 0x34, 0x62, 0x36,
    0xC6, 0xCC, 0x20, 0x72, 0x8B, 0x4F, 0xD1, 0x79, 0x18, 0x33, 0xFE, 0x9E, 0x25, 0x28, 0x14, 0xC1,
    0x1C, 0x5C, 0xB8, 0xB9, 0x88, 0x73, 0x5D, 0xFF, 0xFB, 0xAA, 0x0E, 0x6F, 0x39, 0xA7, 0x86, 0x3B,
    0xAD, 0xC4, 0x92, 0x9A, 0x73, 0x4C, 0x2F, 0xAF, 0xEA, 0x70, 0x8A, 0xD7, 0x32, 0x4E, 0xDD, 0x98,
    0x88, 0xDE, 0x69, 0x3F, 0xBD, 0xAA, 0x72, 0x7C, 0x52, 0x22, 0x1E, 0x9F, 0x94, 0xEC, 0xCA, 0x05,
    0x2B, 0x3B, 0x52, 0x3D, 0x2A, 0x59, 0x29, 0xB9, 0x9C, 0x4A, 0x49, 0xE6, 0x49, 0x46, 0x3F, 0x2A,
    0x55, 0xEC, 0x13, 0x3B, 0xF6, 0xB1, 0x8B, 0xFD, 0x57, 0x6B, 0x48, 0xA4, 0x94, 0xD4, 0x92, 0x62,
    0x1E, 0xD4, 0xA4, 0xA0, 0x7D, 0xFC, 0xAC, 0x97, 0x87, 0x94, 0xA8, 0x52, 0xAA, 0xAE, 0x7F, 0x5A,
    0xAB, 0x46, 0xCA, 0x4A, 0xA4, 0xBA, 0x94, 0x57, 0x4A, 0xDF, 0x6D, 0xDF, 0x4C, 0x85, 0xF9, 0xF9,
    0xD4, 0x98, 0x22, 0xCF, 0x95, 0xCF, 0xE3, 0x86, 0xCB, 0xCA, 0x77, 0x1B, 0xED, 0xC0, 0xAB, 0xDF,
    0xAF, 0xCC, 0x80, 0xE1, 0x1A, 0x8C, 0x1F, 0x80, 0x33, 0x7A, 0x06, 0xFF, 0xCC, 0x77, 0xE9, 0x0B,
    0xAB, 0xF2, 0xC8, 0xB6, 0xFE, 0x04, 0x6A, 0xFD, 0xDE, 0xD3, 0x80, 0xC2, 0x0D, 0x91, 0x9A, 0x18,
    0x09, 0xCD, 0x9B, 0x7C, 0x7C, 0xBC, 0x45, 0xAB, 0x57, 0x4D, 0x11, 0x03, 0xFE, 0xD8, 0x1F, 0x66,
    0x9D, 0x4D, 0x6B, 0x8C, 0x21, 0xA9, 0x59, 0xB5, 0x43, 0x68, 0x72, 0x76, 0xA7, 0x79, 0xF8, 0xB3,
    0x6B, 0xF5, 0x84, 0xC9, 0x1F, 0x8E, 0xF9, 0x0F, 0x7F, 0x0C, 0xF0, 0xFE, 0xF9, 0x9F, 0x07, 0x23,
    0xB3, 0x6D, 0xAE, 0x8E, 0x42, 0x17, 0xC8, 0x68, 0x9F, 0xB7, 0xDB, 0x57, 0x7B, 0xC1, 0x51, 0x7F,
    0xF4, 0x77, 0x2E, 0x7A, 0xE7, 0x8A, 0x63, 0xBB, 0x62, 0xD9, 0x1B, 0xBD, 0xD2, 0x77, 0x65, 0x40,
    0x69, 0x6D, 0x00, 0xCC, 0xDC, 0x40, 0x0A, 0x93, 0x2F, 0x0A, 0xB9, 0x11, 0x2B, 0x1D, 0xBE, 0x51,
    0x6D, 0x08, 0x9B, 0x02, 0xF1, 0xA7, 0xC4, 0xD3, 0x57, 0x32, 0xD6, 0x4C, 0x48, 0xBC, 0x7A, 0x96,
    0x8A, 0x25, 0x4E, 0x2F, 0x10, 0xD8, 0x16, 0xBE, 0xFE, 0x52, 0xC7, 0xB1, 0x75, 0x71, 0x19, 0x77,
    0xA9, 0x0F, 0x19, 0x32, 0xE7, 0xA3, 0x2D, 0x70, 0x30, 0x6E, 0x86, 0xAD, 0x15, 0x35, 0x83, 0x1E,
    0x8D, 0xB8, 0x83, 0xD6, 0xD8, 0xA7, 0xB3, 0xB3, 0x5B, 0xDF, 0x62, 0x16, 0xAF, 0x3E, 0x1E, 0x9B,
    0x41, 0x20, 0xBD, 0xE6, 0xF7, 0xA2, 0x2F, 0x9A, 0x45, 0x83, 0x24, 0xB2, 0xBC, 0xCF, 0x1C, 0x39,
    0xE9, 0xA5, 0xF4, 0x1E, 0x88, 0xA9, 0x9B, 0x8D, 0x42, 0x2F, 0xBC, 0xA2, 0x04, 0x2D, 0xB4, 0x43,
    0x5D, 0xA2, 0xDB, 0x13, 0x28, 0xAF, 0xBE, 0x53, 0xBD, 0x45, 0x23, 0x29, 0x96, 0x57, 0x23, 0x7B,
    0xE9, 0xBA, 0x8D, 0xD8, 0x9B, 0xB8, 0x4F, 0xE0, 0xE9, 0xD8, 0x3C, 0xA4, 0xA5, 0x72, 0x74, 0x55,
    0xF0, 0xC7, 0x6B, 0x39, 0xA0, 0xDF, 0xD5, 0xE7, 0x9D, 0xB7, 0xB0, 0xEB, 0xD3, 0xFA, 0x7A, 0x7F,
    0xC9, 0x9D, 0xBD, 0x88, 0x39, 0xF7, 0xC2, 0x23, 0x2A, 0x51, 0xFE, 0x54, 0x8E, 0xB1, 0x5E, 0x9A,
    0x49, 0x41, 0x5A, 0x26, 0x3A, 0xFA, 0xA7, 0x9D, 0xB3, 0x06, 0xF0, 0x76, 0xCC, 0x88, 0xDF, 0xA9,
    0x04, 0xA0, 0xF7, 0x5C, 0xE7, 0x77, 0x4C, 0xDB, 0x43, 0x01, 0x86, 0xD3, 0xE4, 0x45, 0xED, 0x99,
    0xE9, 0x8B, 0x5E, 0x43, 0x14, 0x56, 0x47, 0xFC, 0x93, 0x47, 0x04, 0x0C, 0xEF, 0x95, 0x3C, 0xF2,
    0xBB, 0x75, 0x05, 0x66, 0x10, 0xBF, 0x20, 0x37, 0xCC, 0xD3, 0xF9, 0x02, 0xFE, 0x41, 0x33, 0x6B,
    0x11, 0xC0, 0xC1, 0xA4, 0xF4, 0xBB, 0xC4, 0xE5, 0x65, 0xE2, 0x7B, 0xEE, 0x60, 0xE8, 0x5F, 0x56,
    0x22, 0x92, 0x95, 0x08, 0xC1, 0xF9, 0xE7, 0x8B, 0xC7, 0x65, 0x7E, 0x3F, 0x46, 0x9C, 0x52, 0xFA,
    0xC7, 0x1F, 0x44, 0xA8, 0xFD, 0xB2, 0xD5, 0x00, 0x79, 0x90, 0x2B, 0xE7, 0xBD, 0xA8, 0xF6, 0x59,
    0xED, 0x14, 0x0D, 0x76, 0x2C, 0xE9, 0x19, 0x4B, 0x9A, 0xC6, 0x92, 0xAE, 0xB1, 0xDC, 0x6C, 0x93,
    0xF4, 0xCD, 0x48, 0x1A, 0x47, 0x83, 0x96, 0x41, 0xF3, 0x26, 0x77, 0x0A, 0x99, 0xF2, 0x3E, 0xC4,
    0xB4, 0xCD, 0x67, 0x6E, 0x03, 0x35, 0xB7, 0x93, 0xE6, 0xB9, 0xED, 0xA5, 0x36, 0x13, 0xDD, 0xB4,
    0xD8, 0x29, 0x49, 0xEB, 0x5A, 0x3B, 0xAD, 0x43, 0x77, 0x0C, 0x96, 0x32, 0x8A, 0x92, 0x74, 0x11,
    0x81, 0xCF, 0xE7, 0x84, 0x51, 0xA4, 0x80, 0x98, 0x97, 0x7A, 0x46, 0x29, 0x37, 0x5D, 0x93, 0x37,
    0x57, 0x6C, 0x0E, 0xA1, 0xD9, 0x27, 0xE1, 0x3E, 0xCD, 0x23, 0x97, 0x5B, 0x94, 0x5E, 0x69, 0xB3,
    0xD0, 0x2D, 0x6D, 0x97, 0xE9, 0x97, 0x24, 0x0D, 0x34, 0xFB, 0xA2, 0xBF, 0x20, 0xC9, 0x0A, 0x72,
    0x87, 0x23, 0xE3, 0xFB, 0x18, 0xE0, 0xEE, 0xEF, 0xF5, 0xB4, 0x1B, 0xE8, 0x0B, 0xB0, 0x84, 0xA9,
    0x51, 0x34, 0x48, 0xE2, 0x4F, 0x6E, 0x00, 0xEB, 0x20, 0xE0, 0x8C, 0xD0, 0x62, 0xCF, 0x83, 0x4C,
    0xE1, 0x17, 0xA7, 0x64, 0xF3, 0xF7, 0x32, 0x02, 0x62, 0xBF, 0x15, 0x1F, 0x24, 0x27, 0x5D, 0xD7,
    0x09, 0x21, 0xCB, 0x01, 0x16, 0x24, 0x2F, 0x92, 0x67, 0x9F, 0x10, 0x20, 0x97, 0x2D, 0x4E, 0xDB,
    0x02, 0xCD, 0xC9, 0x8C, 0x98, 0xBE, 0xD8, 0x57, 0x62, 0xBE, 0x91, 0xFE, 0xF3, 0x97, 0x74, 0xAE,
    0x51, 0xD4, 0x27, 0x39, 0x44, 0xC2, 0x70, 0xAD, 0x57, 0x3A, 0xB9, 0x49, 0x7D, 0x0E, 0xC5, 0xBF,
    0x99, 0x82, 0x87, 0xA6, 0x49, 0x36, 0xDC, 0xE5, 0x3E, 0xAE, 0xDB, 0x52, 0xA6, 0x39, 0x95, 0xD8,
    0x6B, 0xB3, 0x7D, 0x11, 0x6A, 0x20, 0x9B, 0xFA, 0x2F, 0xFB, 0x10, 0x00, 0xA2, 0xC0, 0x4A, 0x7C,
    0x2B, 0xE3, 0x45, 0xF6, 0xF7, 0x48, 0x6E, 0x04, 0x11, 0x64, 0xD3, 0x00, 0xD5, 0xA6, 0x03, 0x69,
    0x20, 0xA0, 0xC7, 0x2D, 0xC7, 0xD7, 0x62, 0x47, 0x11, 0x4B, 0x06, 0xD2, 0xA2, 0x65, 0x7D, 0x86,
    0x1B, 0x7C, 0x22, 0x96, 0x97, 0x3B, 0x0F, 0x20, 0x3B, 0x44, 0x60, 0x43, 0x08, 0x10, 0x80, 0xD4,
    0x35, 0xBE, 0x72, 0xAA, 0xEE, 0x6A, 0x5B, 0x40, 0x63, 0xFF, 0x8D, 0x1E, 0xBF, 0x1E, 0x7B, 0x77,
    0x6D, 0x2A, 0xB2, 0x16, 0x77, 0x4F, 0xF2, 0x32, 0x4A, 0xEF, 0xDF, 0x2A, 0xF8, 0x67, 0x94, 0x7B,
    0xDF, 0x76, 0x5C, 0xDB, 0xBF, 0xAB, 0xBC, 0xAD, 0x2E, 0xA5, 0x25, 0xD7, 0x9D, 0xB8, 0x75, 0x07,
    0xB1, 0x6E, 0xC9, 0xF8, 0x29, 0x39, 0x4F, 0xDC, 0x44, 0xFD, 0x09, 0x67, 0xE7, 0xBA, 0xEB, 0x94,
    0x59, 0xE0, 0x33, 0xE7, 0x26, 0x5B, 0x07, 0x5B, 0xE7, 0x9A, 0x5B, 0x07, 0xD1, 0x1D, 0xDF, 0x3A,
    0x21, 0x7D, 0xF0, 0xFF, 0xA1, 0xD3, 0xE2, 0x4F, 0xF9, 0xA7, 0x01, 0xDA, 0x02, 0xEC, 0x30, 0xF8,
    0xB6, 0x41, 0x1B, 0xA1, 0xAD, 0xB0, 0xE4, 0xF2, 0xF0, 0x8C, 0x33, 0x13, 0x3A, 0x92, 0x56, 0x50,
    0xBA, 0x84, 0x5C, 0x26, 0xE3, 0x33, 0xDC, 0x4C, 0xBE, 0xC9, 0xC6, 0x6D, 0x8E, 0x8D, 0xF3, 0xC6,
    0xC0, 0x35, 0xA5, 0x64, 0x46, 0x08, 0x55, 0x76, 0x72, 0x08, 0xD9, 0x1F, 0x62, 0xBD, 0xF1, 0x98,
    0x0C, 0x4C, 0x46, 0x05, 0x1C, 0xC5, 0x34, 0xD0, 0x6E, 0x99, 0xD3, 0xD9, 0x89, 0xEE, 0x64, 0x77,
    0x0E, 0xAE, 0x2A, 0x35, 0x17, 0x17, 0x55, 0xE0, 0x6F, 0x13, 0x91, 0x46, 0xAC, 0x19, 0x9C, 0xBC,
    0xF3, 0xD4, 0xC8, 0x9D, 0x79, 0x34, 0xC8, 0x92, 0x34, 0x91, 0x5C, 0xCE, 0x69, 0xA2, 0x81, 0x8E,
    0xBC, 0x53, 0x62, 0xA3, 0x3B, 0xDE, 0x9D, 0x2B, 0x3E, 0xFB, 0xCA, 0x72, 0xB5, 0x15, 0xE5, 0x78,
    0xBB, 0x69, 0x63, 0xE4, 0x92, 0x53, 0xF3, 0xC9, 0x4E, 0x9E, 0xB6, 0xA2, 0xAB, 0x34, 0x57, 0x57,
    0xA9, 0x6F, 0xAE, 0x3A, 0xEB, 0xD4, 0x94, 0xEC, 0xB2, 0x12, 0xCF, 0x0E, 0xD8, 0x99, 0x59, 0x4B,
    0x63, 0x87, 0x55, 0xF9, 0xD9, 0xDE, 0x1E, 0x22, 0x8D, 0x2D, 0x85, 0x0A, 0xEF, 0x73, 0xA2, 0x79,
    0xA4, 0x48, 0x96, 0x3A, 0x22, 0x1F, 0x82, 0xBE, 0x2D, 0x4F, 0xED, 0x19, 0xB6, 0xB7, 0xFA, 0x72,
    0xB7, 0xC1, 0xD7, 0x29, 0xFB, 0x7E, 0xA7, 0x0F, 0x66, 0x1B, 0xEB, 0x5A, 0xF6, 0x2A, 0x6E, 0x59,
    0x9B, 0x05, 0x19, 0x79, 0x8F, 0xD7, 0xE3, 0xF4, 0x1F, 0x0B, 0xBE, 0xDE, 0xC7, 0x7E, 0xFD, 0x1F,
    0x39, 0xA1, 0xF2, 0x82, 0x95, 0x14, 0xBB, 0x77, 0x57, 0xDE, 0x06, 0xB0, 0xAC, 0xF3, 0x0D, 0x45,
    0x0A, 0xD7, 0x32, 0xE0, 0x46, 0xB1, 0x99, 0x66, 0x73, 0x4A, 0x91, 0x75, 0x41, 0x8E, 0xD4, 0x56,
    0xF1, 0x3F, 0xA5, 0xE8, 0x91, 0x1E, 0x28, 0x79, 0xC0, 0x1E, 0x77, 0xAF, 0xC5, 0x34, 0x76, 0x41,
    0xDB, 0x57, 0xB5, 0x05, 0x03, 0x06, 0x92, 0x88, 0x0A, 0x7C, 0xF7, 0x6D, 0xDF, 0xFA, 0x18, 0x14,
    0x66, 0x85, 0x5F, 0xC8, 0xE0, 0x47, 0x59, 0x85, 0xA1, 0x2B, 0x65, 0x26, 0x7E, 0xFD, 0xD4, 0x4B,
    0xD4, 0x20, 0x76, 0x4D, 0xD2, 0xBC, 0x30, 0x50, 0x2E, 0xEF, 0xEF, 0xCD, 0xF3, 0x5E, 0x9F, 0xA6,
    0xBE, 0x9C, 0x5F, 0x26, 0xB6, 0x87, 0xAA, 0x1A, 0x4F, 0xA1, 0x11, 0xC4, 0x02, 0x03, 0x0E, 0x87,
    0xC2, 0x71, 0x4D, 0x7E, 0x21, 0x79, 0xBB, 0xD5, 0x41, 0x8D, 0x7E, 0xB7, 0xE2, 0x4E, 0xB2, 0xAF,
    0x8A, 0x1B, 0xE7, 0x57, 0xFA, 0xF8, 0x1B, 0x22, 0x9A, 0x16, 0xEC, 0x1F, 0xFF, 0x1F, 0x01, 0x22,
    0xDB, 0x29, 0x6F, 0xCB, 0xB9, 0x3D, 0x34, 0xF8, 0xA7, 0x22, 0x7B, 0x6F, 0x0B, 0xD7, 0x4D, 0xE1,
    0x6B, 0x88, 0x0C, 0xB9, 0xF0, 0xE2, 0xE5, 0xF5, 0x6C, 0xB4, 0x81, 0xCE, 0x21, 0xDB, 0x79, 0x85,
    0xFD, 0x0F, 0x9C, 0x91, 0x51, 0x6A, 0xEB, 0x6A, 0x0C, 0x84, 0x3F, 0xD0, 0x6B, 0x40, 0x5B, 0xC9,
    0x02, 0x0A, 0xDA, 0xBA, 0xC0, 0x0B, 0xC8, 0x56, 0x04, 0x7E, 0x15, 0xCC, 0xAD, 0x65, 0xFF, 0x98,
    0xF4, 0xA6, 0x1C, 0x68, 0x19, 0x8D, 0xA6, 0xC9, 0x68, 0x24, 0x3B, 0x00, 0x48, 0x75, 0x43, 0x52,
    0xFE, 0x4E, 0x7F, 0xFA, 0xE3, 0x49, 0x5B, 0x79, 0x46, 0x06, 0x51, 0x6A, 0x75, 0x74, 0xB4, 0x97,
    0x57, 0xF4, 0xFA, 0x6F, 0x1C, 0x75, 0x38, 0x1E, 0x18, 0x51, 0x71, 0x7D, 0x6E, 0x6D, 0xD7, 0xEC,
    0x17, 0x3C, 0x79, 0x30, 0x4E, 0x93, 0xA7, 0x55, 0xA4, 0x1F, 0x89, 0x79, 0xB9, 0x75, 0x54, 0x4C,
    0xF9, 0xA4, 0x9F, 0x1B, 0xFE, 0xF7, 0x9D, 0xCE, 0x0C, 0xDA, 0x6B, 0x32, 0x2A, 0x08, 0x1E, 0xB3,
    0x97, 0x8C, 0xF2, 0xFE, 0x39, 0x73, 0xDE, 0x30, 0x7B, 0xDB, 0xC7, 0x7F, 0x5C, 0xE3, 0xE0, 0xCD,
    0x45, 0xB1, 0x14, 0x5E, 0x17, 0x3D, 0xAD, 0x0C, 0x6D, 0x9B, 0x78, 0x7F, 0x7F, 0xC8, 0x2A, 0x96,
    0x6F, 0x66, 0xDF, 0x03, 0xDE, 0x53, 0xB0, 0xBF, 0xD0, 0xBF, 0x4F, 0xF3, 0x39, 0x2D, 0x7F, 0x9C,
    0x16, 0x96, 0xEB, 0xB4, 0x45, 0x6F, 0x29, 0xF5, 0x23, 0xE5, 0x81, 0xF6, 0xF7, 0x07, 0xDC, 0x5F,
    0xCA, 0xB6, 0x8A, 0x8F, 0x01, 0x77, 0x8A, 0x89, 0x50, 0x86, 0x4A, 0x07, 0x5A, 0xAA, 0x38, 0x90,
    0x26, 0x8C, 0x13, 0x51, 0x27, 0xD4, 0x0C, 0x7E, 0xEB, 0xCB, 0xB7, 0xE6, 0x88, 0x02, 0x15, 0x00,
    0x2E, 0x81, 0x72, 0x74, 0x68, 0xE2, 0x4F, 0x5D, 0xB7, 0xD6, 0xFC, 0xE6, 0x9F, 0x75, 0xD4, 0xAD,
    0x95, 0x2C, 0x9D, 0x4B, 0x47, 0x69, 0x13, 0xAC, 0x7C, 0x5B, 0xDA, 0xD4, 0xDE, 0x34, 0x50, 0x10,
    0x44, 0x85, 0x0A, 0x29, 0xCF, 0x11, 0xB5, 0x49, 0x05, 0x68, 0x93, 0xC9, 0xE5, 0xCD, 0xD2, 0x7D,
    0x68, 0x93, 0x9D, 0x5A, 0xE0, 0xFD, 0x41, 0x37, 0x44, 0x7D, 0xD6, 0x4A, 0x56, 0xBE, 0x29, 0x59,
    0x7B, 0x4D, 0xC0, 0x13, 0x48, 0x82, 0x48, 0x95, 0x52, 0x29, 0x44, 0xD3, 0x14, 0x41, 0x13, 0x29,
    0xB4, 0x2B, 0xB5, 0x89, 0x29, 0xEB, 0xA9, 0xB6, 0x9A, 0x2A, 0xCB, 0x99, 0xB7, 0xC2, 0x8B, 0x48,
    0x94, 0x26, 0xA2, 0x0F, 0xA8, 0x0E, 0x44, 0xE3, 0x9A, 0x55, 0xCA, 0xC3, 0xE0, 0x75, 0x98, 0xC9,
    0x07, 0x34, 0x08, 0xA2, 0xF0, 0xCB, 0x93, 0xA8, 0x4E, 0x98, 0xF2, 0x1B, 0xDE, 0xC4, 0x99, 0x0A,
    0x5F, 0xF0, 0x00, 0xC0, 0x6A, 0x1A, 0x5E, 0x67, 0xF3, 0x7A, 0x02, 0xC4, 0xB6, 0xF7, 0xF4, 0xFD,
    0x35, 0xDD, 0xA5, 0xE9, 0x48, 0x6F, 0x7E, 0x93, 0x72, 0x7C, 0xD2, 0xE5, 0xDF, 0x4E, 0xFF, 0xAB,
    0xA6, 0x33, 0x79, 0xB7, 0x1F, 0xCF, 0xC5, 0x56, 0x57, 0x6F, 0x1E, 0x9E, 0x69, 0x56, 0xCF, 0xF0,
    0xAD, 0xBE, 0xD1, 0xF1, 0x7A, 0xB5, 0x6B, 0x57, 0xEC, 0x51, 0x7E, 0xBE, 0x6B, 0x90, 0x92, 0x28,
    0xCE, 0xC7, 0x53, 0x9A, 0x54, 0x92, 0xCA, 0x5B, 0x87, 0xBF, 0x7C, 0xDF, 0x7B, 0xCD, 0xE3, 0x99,
    0x7C, 0xE7, 0x11, 0xF7, 0x9E, 0xE9, 0x80, 0x72, 0x18, 0xC0, 0x86, 0xBD, 0x6F, 0x8E, 0x1A, 0xCE,
    0xFF, 0x36, 0x20, 0x0A, 0x11, 0x4A, 0x00, 0xAC, 0xD2, 0x8B, 0xA9, 0x1C, 0x31, 0x0C, 0x85, 0xE1,
    0x03, 0xE2, 0xCD, 0x05, 0xB5, 0x32, 0x05, 0x2C, 0xA8, 0x75, 0x75, 0x90, 0x56, 0x54, 0x80, 0xE0,
    0x8F, 0x85, 0x66, 0x1F, 0x09, 0x09, 0x09, 0x70, 0xD7, 0xFE, 0xB4, 0x63, 0xE4, 0xB1, 0x84, 0x19,
    0x29, 0x25, 0x90, 0x43, 0x79, 0x47, 0x47, 0xF9, 0x80, 0xB4, 0x3F, 0x2B, 0x63, 0xF6, 0x0C, 0x9F,
    0x15, 0xA4, 0xA2, 0x25, 0x59, 0x4A, 0xA4, 0xEC, 0xF0, 0x5B, 0x1C, 0xBD, 0xAC, 0x48, 0xCF, 0x15,
    0x22, 0xB9, 0x7F, 0x71, 0x48, 0xE4, 0xDA, 0x2A, 0xFE, 0x94, 0xD2, 0x0B, 0x7D, 0x90, 0x43, 0xA2,
    0xA4, 0x18, 0xF5, 0x75, 0x84, 0x28, 0x36, 0xB7, 0x29, 0xA5, 0x74, 0x77, 0xEB, 0xED, 0x15, 0x75,
    0xA4, 0x29, 0xB2, 0x04, 0x8C, 0xA4, 0xA2, 0xC8, 0xE1, 0xB7, 0xA8, 0x18, 0x1F, 0xE7, 0x04, 0xD4,
    0x8B, 0x3C, 0x1F, 0x8A, 0x4C, 0x21, 0x59, 0x2F, 0xAF, 0x15, 0x4F, 0xB9, 0xF8, 0x60, 0x92, 0x81,
    0x02, 0xA6, 0xDA, 0xD4, 0x18, 0x1B, 0x41, 0x4E, 0xCB, 0x26, 0x07, 0x45, 0x1E, 0x8A, 0xC3, 0xF7,
    0x7F, 0x6B, 0xA7, 0x51, 0xD2, 0xD7, 0xDE, 0x41, 0x80, 0x28, 0x92, 0x8C, 0xDC, 0xBD, 0x47, 0x8E,
    0xED, 0xD3, 0x0F, 0x3D, 0xDE, 0xCD, 0x5C, 0x22, 0x01, 0xC1, 0xD4, 0x49, 0xE9, 0x52, 0x5B, 0xF9,
    0x54, 0x4F, 0x66, 0xE8, 0xB7, 0x91, 0x93, 0xF1, 0xF2, 0xB2, 0x56, 0x5F, 0x6A, 0x85, 0x76, 0xED,
    0xED, 0x6D, 0x3B, 0x30, 0xF6, 0xC9, 0xDB, 0xEF, 0xB3, 0x42, 0x2D, 0x3A, 0x26, 0x80, 0x02, 0x90,
    0x23, 0xD2, 0xFB, 0xFF, 0x02, 0xFC, 0xA0, 0x99, 0xF0, 0x6D, 0x5F, 0xA4, 0x09, 0xEE, 0x69, 0xFF,
    0x9A, 0x41, 0x41, 0x43, 0xFF, 0x72, 0xCF, 0x46, 0xA2, 0x37, 0x0D, 0x43, 0xF2, 0x96, 0xA2, 0x3E,
    0x96, 0x56, 0x91, 0x9E, 0xC0, 0xCB, 0xDF, 0xCE, 0x79, 0x3C, 0x5F, 0xA2, 0x6E, 0x48, 0x22, 0xA5,
    0xA8, 0x4B, 0xD4, 0xE4, 0x81, 0x0C, 0x90, 0x4D, 0xFE, 0xE7, 0x46, 0x7C, 0xBE, 0x1A, 0xCD, 0x57,
    0x00, 0xA5, 0x97, 0x51, 0x8A, 0xE3, 0x3A, 0x13, 0x46, 0x3F, 0xD0, 0xEB, 0x40, 0x6D, 0x65, 0x16,
    0x30, 0x50, 0x5B, 0x2F, 0xE8, 0x05, 0xCC, 0x56, 0x04, 0xFD, 0x2A, 0x38, 0xBF, 0x55, 0x65, 0x39,
    0x96, 0x3B, 0xFD, 0xDF, 0xBE, 0x5C, 0xE3, 0x9C, 0x53, 0x9F, 0x5D, 0x13, 0x2B, 0x8A, 0xA2, 0xA1,
    0x25, 0x2C, 0x24, 0x0D, 0x7F, 0x11, 0xB7, 0x43, 0x70, 0xD0, 0x80, 0x10, 0x93, 0x8D, 0xDE, 0x26,
    0x43, 0x84, 0x21, 0x79, 0xD2, 0xC2, 0xC7, 0xA2, 0x54, 0xE4, 0xC7, 0xF4, 0x3B, 0x91, 0xAC, 0x18,
    0x46, 0xC8, 0x4F, 0x36, 0x46, 0x5B, 0x63, 0x90, 0x27, 0x0D, 0x5C, 0xF2, 0xBF, 0xDD, 0x0E, 0x5A,
    0xD7, 0x8B, 0x71, 0x20, 0x3B, 0x17, 0xAF, 0x91, 0x77, 0xD1, 0xE5, 0x49, 0xBB, 0xB1, 0x25, 0xA5,
    0x83, 0xAD, 0xBF, 0x68, 0x93, 0xF0, 0x64, 0x97, 0x36, 0x02, 0xF4, 0x8B, 0xEF, 0x7B, 0x1C, 0xFA,
    0x4E, 0xA9, 0x4D, 0x18, 0xC4, 0xBA, 0x04, 0x0C, 0xE5, 0xF4, 0xCA, 0x08, 0x43, 0xAF, 0x73, 0xBC,
    0x28, 0x9D, 0x04, 0x88, 0x93, 0x6D, 0x7B, 0xE2, 0xD8, 0xEF, 0x5E, 0x93, 0xBB, 0xE8, 0x21, 0xEF,
    0x93, 0x74, 0x11, 0x79, 0xCA, 0x00, 0xE4, 0x6F, 0x38, 0xD4, 0x6A, 0x16, 0x37, 0xCF, 0x57, 0xBE,
    0xE3, 0x74, 0xCD, 0x54, 0x7F, 0x78, 0x9C, 0x66, 0x1A, 0xFC, 0x30, 0x1D, 0x8C, 0xB8, 0x59, 0xB4,
    0x9C, 0xE9, 0x65, 0x10, 0x23, 0xEF, 0xCB, 0xB9, 0x59, 0xC8, 0xF8, 0xDB, 0x25, 0xD4, 0x2E, 0x93,
    0xD6, 0xD3, 0x7E, 0xB8, 0x21, 0xD9, 0x61, 0x67, 0x5C, 0x6E, 0x37, 0x03, 0xE8, 0x3A, 0x32, 0x0E,
    0xC9, 0x6E, 0x11, 0xC9, 0xA3, 0xA2, 0x11, 0x10, 0xE2, 0x8C, 0x8D, 0xB0, 0x3D, 0x36, 0xFA, 0x23,
    0xB6, 0x3D, 0x5A, 0xC6, 0xF0, 0x33, 0x9E, 0x8B, 0xE5, 0x1E, 0x0D, 0xB8, 0x45, 0x1F, 0x56, 0x31,
    0x4F, 0x79, 0x57, 0x46, 0xBB, 0xA2, 0xCF, 0x08, 0xBA, 0x45, 0x18, 0x15, 0x91, 0x32, 0xF6, 0x33,
    0x92, 0x71, 0x28, 0xA3, 0xAD, 0xEB, 0x15, 0x1B, 0x70, 0x8B, 0xF2, 0x3D, 0x0A, 0xE2, 0x15, 0x5D,
    0x6D, 0x8F, 0xDA, 0x62, 0x6D, 0x0B, 0x15, 0x19, 0xDE, 0x1B, 0x02, 0xE2, 0x8C, 0xB0, 0xA2, 0x2A,
    0x8E, 0x15, 0x9D, 0x70, 0xA7, 0x6B, 0x1D, 0x21, 0xD7, 0x5A, 0x3A, 0xB5, 0xD4, 0xDE, 0x97, 0xF5,
    0xC5, 0x86, 0x6C, 0x7D, 0xD0, 0x5E, 0x65, 0xAF, 0x32, 0xAE, 0xD2, 0x43, 0x3A, 0x04, 0xE3, 0x51,
    0x32, 0x4B, 0x1F, 0x72, 0xF2, 0xCA, 0xB8, 0xCA, 0x36, 0xD2, 0x92, 0x1F, 0xA5, 0x21, 0x74, 0x95,
    0x43, 0x02, 0x5A, 0x37, 0x04, 0x02, 0xAC, 0x1B, 0x1F, 0xAB, 0x6C, 0x59, 0xCA, 0xAA, 0x1C, 0xCA,
    0x32, 0x1A, 0x9F, 0x3D, 0x4B, 0x56, 0xD9, 0x20, 0x04, 0x5F, 0x4B, 0x09, 0x62, 0x2F, 0x6B, 0x20,
    0x5F, 0xCB, 0x71, 0x95, 0x32, 0xDE, 0xD2, 0x81, 0x8D, 0xDB, 0xDD, 0xDF, 0x76, 0x5D, 0x66, 0xB2,
    0x25, 0x8D, 0x70, 0xE4, 0xB3, 0x90, 0x8F, 0x27, 0x79, 0xCF, 0xBD, 0x93, 0x62, 0x64, 0x01, 0x8C,
    0x06, 0x9F, 0x0C, 0xC1, 0xC7, 0x41, 0x85, 0x1E, 0x87, 0x43, 0xBC, 0xA3, 0xF4, 0x4B, 0x7F, 0x24,
    0x63, 0x8C, 0xE7, 0x10, 0xEB, 0x31, 0x8D, 0xDA, 0x84, 0x6A, 0x2E, 0x44, 0x97, 0xFE, 0x24, 0xE5,
    0x40, 0x14, 0xB7, 0x4D, 0xB2, 0xC8, 0x75, 0x5D, 0x27, 0xF5, 0xDC, 0x42, 0xFD, 0xA4, 0x23, 0x21,
    0xAF, 0x7D, 0xF9, 0x36, 0x06, 0x01, 0xA3, 0xC6, 0x56, 0xE3, 0x74, 0x08, 0x67, 0xE8, 0xE9, 0x96,
    0xAF, 0x5A, 0x76, 0x0D, 0xA5, 0x6D, 0x94, 0xBD, 0x97, 0x89, 0x74, 0x43, 0x69, 0x1B, 0xE5, 0xBA,
    0x9D, 0xC7, 0x38, 0xDD, 0x2F, 0x8B, 0xCE, 0xEA, 0x5B, 0xA6, 0x6C, 0xD7, 0xFB, 0xF5, 0xCD, 0x62,
    0x9C, 0xA6, 0xEC, 0xA7, 0x2D, 0x6B, 0xC2, 0x20, 0xA6, 0xDB, 0x69, 0x81, 0xF2, 0x68, 0x21, 0xAB,
    0xE7, 0xFA, 0x43, 0xC6, 0xC7, 0xA1, 0x6E, 0x84, 0x77, 0x8F, 0x43, 0x36, 0x4E, 0xA1, 0x43, 0x6D,
    0x49, 0x53, 0xD2, 0xD4, 0x47, 0x4F, 0x71, 0xC8, 0x59, 0x0A, 0x1D, 0xBA, 0x5A, 0xF6, 0xFF, 0x36,
    0x6F, 0x2B, 0x22, 0x56, 0xCB, 0xF7, 0x6A, 0x40, 0x3C, 0xE4, 0xC9, 0x14, 0xA5, 0x5A, 0x11, 0x5E,
    0x13, 0xA9, 0xA5, 0x21, 0x6A, 0xCF, 0xD8, 0xA5, 0xA9, 0xA1, 0x53, 0x1C, 0x82, 0xFE, 0x92, 0x55,
    0x09, 0xA1, 0x94, 0x52, 0x5D, 0x52, 0xE2, 0x67, 0x1A, 0x93, 0x4E, 0x7A, 0x97, 0xD4, 0xDE, 0x0A,
    0xCD, 0x02, 0xC6, 0x21, 0x23, 0x7B, 0xBD, 0xC4, 0x90, 0x93, 0x6B, 0xDD, 0xC8, 0x59, 0x69, 0x53,
    0x92, 0x90, 0x4F, 0xF9, 0xA5, 0x7A, 0xAB, 0x5D, 0xBC, 0x04, 0xC3, 0x77, 0x91, 0xD3, 0x3C, 0xD5,
    0x2E, 0x19, 0x51, 0xEA, 0x53, 0x0D, 0xE4, 0x29, 0x20, 0x74, 0xCA, 0x61, 0xF8, 0x6C, 0x23, 0x0E,
    0xED, 0x1F, 0x65, 0x57, 0x57, 0x4C, 0x42, 0x76, 0x33, 0x92, 0x1C, 0xEC, 0x36, 0xA9, 0x56, 0xCB,
    0xE9, 0x62, 0x6D, 0xF9, 0xBF, 0x93, 0xE7, 0x8E, 0xD8, 0x98, 0xE4, 0x20, 0x5F, 0x8E, 0x06, 0x64,
    0x47, 0x97, 0x8C, 0xA1, 0xC9, 0x38, 0x99, 0xBB, 0xBA, 0xEC, 0x64, 0x23, 0xE4, 0x07, 0xE7, 0x29,
    0xE0, 0xA0, 0x27, 0x1B, 0xB4, 0x2E, 0xB5, 0x9A, 0xB4, 0x78, 0x4F, 0x86, 0x4B, 0x06, 0x48, 0xB7,
    0xF1, 0x1B, 0x52, 0xD1, 0xC3, 0xC7, 0xA2, 0x69, 0xFD, 0x94, 0x7F, 0xCC, 0xF1, 0x8E, 0x1E, 0x4E,
    0x31, 0x44, 0x18, 0xFD, 0xB9, 0x69, 0x15, 0x1D, 0xBC, 0x36, 0x8C, 0xAF, 0x23, 0xAF, 0x7E, 0xFA,
    0x2E, 0x6D, 0x87, 0xBF, 0xDF, 0x0A, 0x1A, 0xC1, 0xF0, 0x38, 0x64, 0xA5, 0x36, 0x5C, 0x29, 0x4A,
    0x9A, 0x92, 0xFE, 0xB3, 0xBE, 0xFF, 0x9D, 0xC3, 0x54, 0x52, 0x45, 0x29, 0x21, 0x4F, 0xDA, 0x37,
    0x3D, 0x76, 0xF5, 0xAC, 0x75, 0x4F, 0x4C, 0x76, 0x65, 0xFD, 0x7A, 0x76, 0xFB, 0xFA, 0x25, 0x78,
    0x91, 0x3B, 0x6B, 0x41, 0x7D, 0x26, 0xD1, 0x5A, 0x90, 0x82, 0x7F, 0xFE, 0x76, 0x7F, 0x4D, 0x32,
    0x16, 0x6B, 0xF6, 0x13, 0x1A, 0xAB, 0xE7, 0xBA, 0x6B, 0x49, 0x07, 0x55, 0x8F, 0xF5, 0x38, 0xE8,
    0x6B, 0xC3, 0xBA, 0x68, 0xC9, 0x56, 0x75, 0xD7, 0xEA, 0x71, 0xC2, 0x01, 0x34, 0x39, 0x92, 0xB5,
    0x76, 0xA5, 0x2F, 0x82, 0x69, 0x5B, 0xE3, 0xB9, 0x16, 0x15, 0x61, 0x7C, 0x62, 0x53, 0x1F, 0xB4,
    0x5A, 0x07, 0x3A, 0x34, 0x1A, 0xE1, 0x63, 0x17, 0xA7, 0xFA, 0x14, 0xFF, 0x57, 0xDB, 0x3F, 0xF0,
    0x25, 0x2B, 0x49, 0x3A, 0x84, 0x24, 0xBA, 0x6D, 0xF2, 0xEB, 0x67, 0x4A, 0xB1, 0x37, 0xBA, 0x31,
    0x44, 0x57, 0xD1, 0x8B, 0x7C, 0xC3, 0x57, 0x67, 0xA3, 0x3F, 0x97, 0x4A, 0xFF, 0x57, 0x7F, 0xFA,
    0xAD, 0x2D, 0x7C, 0xE7, 0xFF, 0x00, 0x85, 0x8E, 0x05, 0x0D, 0x40, 0x61, 0x08, 0x84, 0xBF, 0x8D,
    0x00, 0x54, 0xF9, 0x1B, 0x50, 0x9D, 0x48, 0x04, 0xB8, 0xED, 0xB9, 0x2B, 0xEE, 0x9C, 0x09, 0xB0,
    0x02, 0x3C, 0x81, 0x98, 0x0C, 0x40, 0x37, 0x50, 0xED, 0x26, 0x58, 0xBB, 0xD3, 0x9C, 0x09, 0xA0,
    0x41, 0x87, 0x8F, 0x13, 0x1A, 0x67, 0x14, 0x29, 0x43, 0xFC, 0xCB, 0x62, 0x2E, 0x47, 0x7D, 0xFF,
    0xA7, 0x29, 0xBA, 0x43, 0xEB, 0x40, 0xFF, 0x92, 0x32, 0x29, 0xBA, 0x91, 0xE4, 0x5D, 0xD1, 0x41,
    0xA3, 0x07, 0xD5, 0xD1, 0x81, 0xC6, 0x63, 0x4D, 0x0C, 0xC6, 0xF1, 0x3F, 0x01, 0x28, 0xB9, 0x95,
    0x5E, 0x40, 0xC9, 0xAD, 0x87, 0x0F, 0xE0, 0x63, 0x6F, 0x25, 0x14, 0x20, 0x3C, 0x3B, 0x31, 0xA7,
    0xA7, 0xED, 0x5B, 0xEF, 0x6B, 0x17, 0xB0, 0x21, 0xBF, 0x30, 0xF3, 0x9C, 0xE0, 0x0C, 0xA6, 0x82,
    0x90, 0x30, 0x49, 0x69, 0x42, 0xE5, 0x22, 0x06, 0x6F, 0xD3, 0xD0, 0x58, 0x03, 0xA6, 0x17, 0x5C,
    0x0B, 0xE9, 0x2E, 0x93, 0x24, 0x57, 0x4A, 0x21, 0x16, 0x4D, 0x68, 0x68, 0xD5, 0x07, 0xB5, 0x50,
    0xC5, 0x22, 0xA3, 0x4D, 0xB8, 0xBC, 0x31, 0xA9, 0x20, 0xC4, 0xAE, 0x02, 0x24, 0x4B, 0xF0, 0xF2,
    0x3B, 0xD0, 0x10, 0x30, 0x07, 0x91, 0x38, 0x70, 0x2D, 0x2E, 0x40, 0xDE, 0xB8, 0xCD, 0xF9, 0x85,
    0x2B, 0x38, 0x4E, 0xC1, 0x05, 0x23, 0xE1, 0xB6, 0x47, 0xED, 0x91, 0x58, 0xAE, 0xDE, 0xC3, 0x99,
    0xC1, 0x65, 0x46, 0x31, 0x0B, 0x28, 0x6A, 0xC6, 0x95, 0x04, 0xE7, 0x66, 0x39, 0x7B, 0xDC, 0x99,
    0x3D, 0xFE, 0x3F, 0x50, 0x58, 0x4F, 0x1E, 0x1A, 0x1C, 0xF8, 0x95, 0x56, 0x73, 0x20, 0xB1, 0x0F,
    0x80, 0x0B, 0x47, 0x45, 0x8F, 0xD2, 0xA9, 0x3D, 0xCC, 0xE5, 0x7D, 0xF4, 0x6D, 0xA9, 0x96, 0x39,
    0xC6, 0x61, 0xF4, 0x92, 0x51, 0x84, 0x46, 0x17, 0xD6, 0xA7, 0xB9, 0x34, 0xA5, 0xD7, 0x69, 0x2D,
    0x51, 0x45, 0x82, 0x7A, 0x2B, 0x20, 0x5A, 0x7F, 0x53, 0x3E, 0xA8, 0x5C, 0x39, 0x8B, 0xFF, 0x95,
    0x11, 0x2A, 0x42, 0x2D, 0x09, 0x49, 0xCF, 0x21, 0xE5, 0xAB, 0xA1, 0x1D, 0x4E, 0xF6, 0x97, 0x51,
    0xAE, 0x5A, 0xDA, 0xD2, 0x0B, 0x35, 0xA3, 0x00, 0xE2, 0x30, 0x01, 0x1F, 0x99, 0xD0, 0xD8, 0x00,
    0xDB, 0xD8, 0xD6, 0x78, 0x64, 0x38, 0xF5, 0xF7, 0x4B, 0xAF, 0xAD, 0x89, 0xE5, 0x5C, 0xC6, 0xE3,
    0xC5, 0x0A, 0x57, 0x49, 0xD2, 0xA7, 0xAF, 0x05, 0x58, 0x3F, 0x16, 0x47, 0x3D, 0x50, 0x1E, 0xD8,
    0x7B, 0xC2, 0xEB, 0x8C, 0xE5, 0x19, 0xE3, 0x88, 0xF9, 0xB7, 0x8B, 0xF8, 0xA3, 0x45, 0x5E, 0xD1,
    0xD2, 0x54, 0xB4, 0x17, 0xFB, 0x6E, 0xE4, 0xA9, 0x5E, 0xEC, 0xAF, 0xDA, 0xB6, 0xDE, 0x94, 0xF0,
    0x31, 0x0F, 0x13, 0x3B, 0xAC, 0x48, 0x38, 0xEC, 0x00, 0x62, 0x2B, 0x01, 0x7E, 0xD8, 0x80, 0x7D,
    0x88, 0xEA, 0x69, 0xD4, 0xF9, 0x3C, 0x2A, 0x17, 0xA1, 0x0E, 0x65, 0x48, 0xED, 0x25, 0x53, 0x5A,
    0x09, 0xD5, 0x18, 0xF2, 0xA5, 0xA4, 0x0A, 0xDD, 0xC7, 0x89, 0xA5, 0xF5, 0xF1, 0xAE, 0x83, 0xAB,
    0x40, 0x6A, 0x90, 0x35, 0xD6, 0x2E, 0xBC, 0xBD, 0x1F, 0x58, 0x2E, 0xE0, 0x03, 0xFD, 0x84, 0x29,
    0x7F, 0x80, 0x6F, 0x88, 0x5C, 0xE8, 0x00, 0xF4, 0xDF, 0xA0, 0x86, 0x50, 0x3D, 0x17, 0x5B, 0xB9,
    0xA4, 0x8C, 0x07, 0x34, 0xD1, 0x3C, 0xCB, 0x84, 0xA5, 0xAB, 0xBD, 0xE2, 0xCC, 0xC9, 0x24, 0x2E,
    0x58, 0xC3, 0x1A, 0xE0, 0x05, 0x91, 0xBB, 0x95, 0xFA, 0x52, 0x78, 0xEF, 0xC8, 0xEA, 0x8F, 0x3B,
    0x81, 0x4D, 0xF7, 0x6E, 0xAE, 0x70, 0x2C, 0x6D, 0xF0, 0x06, 0x89, 0x50, 0x99, 0x66, 0x24, 0x6A,
    0x50, 0x82, 0x74, 0xFE, 0xE9, 0xC4, 0xD5, 0x20, 0xED, 0x3C, 0x37, 0x00, 0x49, 0xFD, 0xDA, 0xB3,
    0x36, 0xA6, 0xDF, 0x3F, 0x49, 0x4C, 0x0D, 0x21, 0x30, 0x81, 0x34, 0x17, 0x26, 0x21, 0x15, 0xA1,
    0x9D, 0x77, 0x76, 0x85, 0xA4, 0xD7, 0xFE, 0x0D, 0xB5, 0xCF, 0x81, 0x05, 0x03, 0x30, 0x10, 0x40,
    0xD1, 0x4F, 0x06, 0xC8, 0x48, 0xB7, 0x7A, 0xE8, 0x00, 0x5D, 0xE5, 0x06, 0x08, 0xBF, 0xA7, 0x47,
    0x34, 0x28, 0xD0, 0x82, 0x87, 0x0F, 0x3E, 0x4C, 0x13, 0x18, 0x6A, 0x31, 0x8B, 0x05, 0xB1, 0x89,
    0x04, 0xB3, 0x59, 0x1F, 0x8C, 0x62, 0xF0, 0x86, 0x43, 0xA8, 0x6E, 0xBC, 0xA8, 0x86, 0x4D, 0xFC,
    0x18, 0x75, 0x6A, 0xDE, 0x40, 0x48, 0xAF, 0xEC, 0xE8, 0x15, 0x21, 0x7C, 0x6A, 0xAF, 0x1C, 0x86,
    0xEB, 0x2B, 0xA1, 0xBB, 0xF0, 0xA2, 0xDB, 0x5F, 0x50, 0x1F, 0x9A, 0x37, 0x2F,
};

static const EpdGlyph literatamono_18_boldGlyphs[] = {
    { 1, 1, 128, 0, 1, 1, 0 }, // U+0020
    { 7, 29, 208, 3, 28, 51, 1 }, // !
    { 12, 10, 272, 2, 30, 30, 52 }, // "
    { 24, 22, 416, 1, 22, 132, 82 }, // #
    { 21, 35, 368, 1, 31, 184, 214 }, // $
    { 32, 24, 560, 1, 23, 192, 398 }, // %
    { 29, 29, 512, 2, 28, 211, 590 }, // &
    { 5, 10, 160, 2, 30, 13, 801 }, // '
    { 10, 39, 224, 2, 31, 98, 814 }, // (
    { 11, 39, 224, 1, 31, 108, 912 }, // )
    { 15, 15, 272, 1, 30, 57, 1020 }, // *
    { 16, 17, 352, 3, 19, 68, 1077 }, // +
    { 7, 13, 192, 3, 6, 23, 1145 }, // ,
    { 10, 4, 208, 1, 13, 10, 1168 }, // -
    { 7, 8, 208, 3, 7, 14, 1178 }, // .
    { 18, 35, 304, 0, 31, 158, 1192 }, // /
    { 21, 29, 368, 1, 28, 153, 1350 }, // 0
    { 14, 27, 256, 1, 27, 95, 1503 }, // 1
    { 18, 28, 320, 1, 28, 126, 1598 }, // 2
    { 19, 29, 336, 1, 28, 138, 1724 }, // 3
    { 22, 27, 368, 0, 27, 149, 1862 }, // 4
    { 20, 28, 336, 0, 27, 140, 2011 }, // 5
    { 20, 29, 352, 1, 28, 145, 2151 }, // 6
    { 19, 27, 336, 1, 27, 129, 2296 }, // 7
    { 20, 29, 352, 1, 28, 145, 2425 }, // 8
    { 20, 29, 352, 1, 28, 145, 2570 }, // 9
    { 7, 21, 208, 3, 20, 37, 2715 }, // :
    { 8, 27, 192, 2, 20, 54, 2752 }, // ;
    { 15, 19, 352, 3, 20, 72, 2806 }, // <
    { 16, 11, 352, 3, 17, 44, 2878 }, // =
    { 15, 19, 352, 4, 20, 72, 2922 }, // >
    { 17, 29, 336, 2, 28, 124, 2994 }, // ?
    { 32, 30, 576, 2, 23, 240, 3118 }, // @
    { 28, 27, 464, 0, 27, 189, 3358 }, // A
    { 23, 27, 416, 2, 27, 156, 3547 }, // B
    { 23, 29, 432, 2, 28, 167, 3703 }, // C
    { 26, 27, 480, 2, 27, 176, 3870 }, // D
    { 22, 27, 400, 2, 27, 149, 4046 }, // E
    { 21, 27, 384, 2, 27, 142, 4195 }, // F
    { 26, 29, 464, 2, 28, 189, 4337 }, // G
    { 28, 27, 512, 2, 27, 189, 4526 }, // H
    { 12, 27, 256, 2, 27, 81, 4715 }, // I
    { 20, 28, 352, 1, 27, 140, 4796 }, // J
    { 28, 28, 480, 2, 27, 196, 4936 }, // K
    { 21, 27, 400, 2, 27, 142, 5132 }, // L
    { 34, 27, 608, 2, 27, 230, 5274 }, // M
    { 28, 27, 512, 2, 27, 189, 5504 }, // N
    { 26, 29, 480, 2, 28, 189, 5693 }, // O
    { 22, 27, 400, 2, 27, 149, 5882 }, // P
    { 32, 35, 480, 2, 28, 280, 6031 }, // Q
    { 26, 28, 448, 2, 27, 182, 6311 }, // R
    { 20, 29, 368, 2, 28, 145, 6493 }, // S
    { 27, 27, 448, 1, 27, 183, 6638 }, // T
    { 28, 28, 480, 1, 27, 196, 6821 }, // U
    { 28, 27, 464, 0, 27, 189, 7017 }, // V
    { 42, 27, 672, 0, 27, 284, 7206 }, // W
    { 28, 27, 464, 0, 27, 189, 7490 }, // X
    { 28, 27, 448, 0, 27, 189, 7679 }, // Y
    { 22, 27, 416, 2, 27, 149, 7868 }, // Z
    { 9, 39, 208, 3, 31, 88, 8017 }, // [
    { 18, 35, 304, 0, 31, 158, 8105 }, // <backslash>
    { 9, 39, 208, 1, 31, 88, 8263 }, // ]
    { 20, 15, 352, 1, 27, 75, 8351 }, // ^
    { 18, 3, 288, 0, -2, 14, 8426 }, // _
    { 9, 9, 304, 4, 30, 21, 8440 }, // `
    { 21, 21, 352, 1, 20, 111, 8461 }, // a
    { 23, 30, 400, 0, 29, 173, 8572 }, // b
    { 19, 21, 336, 1, 20, 100, 8745 }, // c
    { 23, 30, 400, 1, 29, 173, 8845 }, // d
    { 19, 21, 352, 1, 20, 100, 9018 }, // e
    { 18, 29, 256, 1, 29, 131, 9118 }, // f
    { 22, 33, 368, 1, 24, 182, 9249 }, // g
    { 24, 29, 416, 1, 29, 174, 9431 }, // h
    { 12, 29, 224, 1, 29, 87, 9605 }, // i
    { 9, 38, 208, 1, 29, 86, 9692 }, // j
    { 25, 30, 416, 1, 29, 188, 9778 }, // k
    { 12, 29, 224, 1, 29, 87, 9966 }, // l
    { 36, 20, 608, 1, 20, 180, 10053 }, // m
    { 24, 20, 416, 1, 20, 120, 10233 }, // n
    { 21, 21, 384, 1, 20, 111, 10353 }, // o
    { 23, 28, 400, 1, 20, 161, 10464 }, // p
    { 23, 28, 384, 1, 20, 161, 10625 }, // q
    { 19, 20, 336, 1, 20, 95, 10786 }, // r
    { 16, 21, 304, 2, 20, 84, 10881 }, // s
    { 15, 27, 272, 1, 26, 102, 10965 }, // t
    { 24, 20, 416, 1, 19, 120, 11067 }, // u
    { 23, 19, 384, 0, 19, 110, 11187 }, // v
    { 34, 19, 544, 0, 19, 162, 11297 }, // w
    { 23, 19, 368, 0, 19, 110, 11459 }, // x
    { 23, 28, 368, 0, 19, 161, 11569 }, // y
    { 18, 19, 320, 1, 19, 86, 11730 }, // z
    { 12, 41, 224, 1, 32, 123, 11816 }, // {
    { 5, 35, 272, 6, 31, 44, 11939 }, // |
    { 12, 41, 224, 1, 32, 123, 11983 }, // }
    { 18, 6, 352, 2, 15, 27, 12106 }, // ~
    { 1, 1, 128, 0, 1, 1, 0 }, // U+00A0
    { 7, 28, 208, 3, 20, 49, 1 }, // U+00A1
    { 19, 25, 336, 1, 24, 119, 50 }, // U+00A2
    { 21, 28, 368, 1, 28, 147, 169 }, // U+00A3
    { 19, 19, 336, 1, 21, 91, 316 }, // U+00A4
    { 27, 27, 448, 1, 27, 183, 407 }, // U+00A5
    { 5, 35, 272, 6, 31, 44, 590 }, // U+00A6
    { 21, 35, 384, 1, 28, 184, 634 }, // U+00A7
    { 15, 6, 304, 2, 29, 23, 818 }, // U+00A8
    { 28, 26, 512, 2, 25, 182, 841 }, // U+00A9
    { 16, 15, 272, 1, 29, 60, 1023 }, // U+00AA
    { 19, 18, 336, 1, 19, 86, 1083 }, // U+00AB
    { 16, 9, 352, 3, 15, 36, 1169 }, // U+00AC
    { 1, 1, 0, 0, 1, 1, 1205 }, // U+00AD
    { 15, 15, 304, 2, 30, 57, 1206 }, // U+00AE
    { 13, 4, 304, 3, 28, 13, 1263 }, // U+00AF
    { 11, 10, 224, 2, 31, 28, 1276 }, // U+00B0
    { 16, 21, 352, 3, 21, 84, 1304 }, // U+00B1
    { 14, 18, 256, 1, 32, 63, 1388 }, // U+00B2
    { 14, 18, 256, 1, 32, 63, 1451 }, // U+00B3
    { 9, 9, 304, 6, 30, 21, 1514 }, // U+00B4
    { 22, 29, 400, 3, 20, 160, 1535 }, // U+00B5
    { 21, 32, 384, 2, 27, 168, 1695 }, // U+00B6
    { 7, 8, 208, 3, 16, 14, 1863 }, // U+00B7
    { 9, 10, 304, 5, 1, 23, 1877 }, // U+00B8
    { 11, 18, 208, 1, 32, 50, 1900 }, // U+00B9
    { 15, 15, 272, 1, 29, 57, 1950 }, // U+00BA
    { 18, 18, 336, 1, 19, 81, 2007 }, // U+00BB
    { 36, 29, 608, 1, 28, 261, 2088 }, // U+00BC
    { 38, 29, 640, 1, 28, 276, 2349 }, // U+00BD
    { 38, 28, 640, 1, 27, 266, 2625 }, // U+00BE
    { 18, 28, 336, 2, 20, 126, 2891 }, // U+00BF
    { 28, 36, 464, 0, 36, 252, 3017 }, // U+00C0
    { 28, 36, 464, 0, 36, 252, 3269 }, // U+00C1
    { 28, 36, 464, 0, 36, 252, 3521 }, // U+00C2
    { 28, 35, 448, 0, 35, 245, 3773 }, // U+00C3
    { 28, 35, 464, 0, 35, 245, 4018 }, // U+00C4
    { 28, 37, 464, 0, 37, 259, 4263 }, // U+00C5
    { 38, 27, 624, 0, 27, 257, 4522 }, // U+00C6
    { 23, 37, 432, 2, 28, 213, 4779 }, // U+00C7
    { 22, 36, 400, 2, 36, 198, 4992 }, // U+00C8
    { 22, 36, 400, 2, 36, 198, 5190 }, // U+00C9
    { 22, 36, 400, 2, 36, 198, 5388 }, // U+00CA
    { 22, 35, 400, 2, 35, 193, 5586 }, // U+00CB
    { 12, 36, 256, 2, 36, 108, 5779 }, // U+00CC
    { 12, 36, 256, 2, 36, 108, 5887 }, // U+00CD
    { 14, 36, 256, 1, 36, 126, 5995 }, // U+00CE
    { 16, 35, 256, 0, 35, 140, 6121 }, // U+00CF
    { 27, 27, 480, 1, 27, 183, 6261 }, // U+00D0
    { 28, 35, 512, 2, 35, 245, 6444 }, // U+00D1
    { 26, 37, 480, 2, 36, 241, 6689 }, // U+00D2
    { 26, 37, 480, 2, 36, 241, 6930 }, // U+00D3
    { 26, 37, 480, 2, 36, 241, 7171 }, // U+00D4
    { 26, 36, 480, 2, 35, 234, 7412 }, // U+00D5
    { 26, 36, 480, 2, 35, 234, 7646 }, // U+00D6
    { 14, 15, 352, 4, 19, 53, 7880 }, // U+00D7
    { 28, 29, 480, 1, 28, 203, 7933 }, // U+00D8
    { 28, 37, 480, 1, 36, 259, 8136 }, // U+00D9
    { 28, 37, 480, 1, 36, 259, 8395 }, // U+00DA
    { 28, 37, 480, 1, 36, 259, 8654 }, // U+00DB
    { 28, 36, 480, 1, 35, 252, 8913 }, // U+00DC
    { 28, 36, 448, 0, 36, 252, 9165 }, // U+00DD
    { 22, 27, 400, 2, 27, 149, 9417 }, // U+00DE
    { 27, 30, 464, 1, 29, 203, 9566 }, // U+00DF
    { 21, 31, 352, 1, 30, 163, 9769 }, // U+00E0
    { 21, 31, 352, 1, 30, 163, 9932 }, // U+00E1
    { 21, 32, 352, 1, 31, 168, 10095 }, // U+00E2
    { 21, 30, 352, 1, 29, 158, 10263 }, // U+00E3
    { 21, 30, 352, 1, 29, 158, 10421 }, // U+00E4
    { 21, 32, 352, 1, 31, 168, 10579 }, // U+00E5
    { 30, 21, 512, 1, 20, 158, 10747 }, // U+00E6
    { 19, 30, 336, 1, 20, 143, 10905 }, // U+00E7
    { 19, 31, 352, 1, 30, 148, 11048 }, // U+00E8
    { 19, 31, 352, 1, 30, 148, 11196 }, // U+00E9
    { 19, 32, 352, 1, 31, 152, 11344 }, // U+00EA
    { 19, 30, 352, 1, 29, 143, 11496 }, // U+00EB
    { 12, 30, 224, 1, 30, 90, 11639 }, // U+00EC
    { 12, 30, 224, 1, 30, 90, 11729 }, // U+00ED
    { 14, 31, 224, -1, 31, 109, 11819 }, // U+00EE
    { 15, 29, 224, -2, 29, 109, 11928 }, // U+00EF
    { 21, 32, 368, 1, 31, 168, 12037 }, // U+00F0
    { 24, 29, 416, 1, 29, 174, 12205 }, // U+00F1
    { 21, 31, 384, 1, 30, 163, 12379 }, // U+00F2
    { 21, 31, 384, 1, 30, 163, 12542 }, // U+00F3
    { 21, 32, 384, 1, 31, 168, 12705 }, // U+00F4
    { 21, 30, 384, 1, 29, 158, 12873 }, // U+00F5
    { 21, 30, 384, 1, 29, 158, 13031 }, // U+00F6
    { 16, 20, 352, 3, 22, 80, 13189 }, // U+00F7
    { 21, 22, 384, 1, 21, 116, 13269 }, // U+00F8
    { 24, 31, 416, 1, 30, 186, 13385 }, // U+00F9
    { 24, 31, 416, 1, 30, 186, 13571 }, // U+00FA
    { 24, 32, 416, 1, 31, 192, 13757 }, // U+00FB
    { 24, 30, 416, 1, 29, 180, 13949 }, // U+00FC
    { 23, 39, 368, 0, 30, 225, 14129 }, // U+00FD
    { 23, 37, 400, 0, 29, 213, 14354 }, // U+00FE
    { 23, 38, 368, 0, 29, 219, 14567 }, // U+00FF
    { 28, 34, 464, 0, 34, 238, 0 }, // U+0100
    { 21, 29, 352, 1, 28, 153, 238 }, // U+0101
    { 28, 37, 464, 0, 37, 259, 391 }, // U+0102
    { 21, 31, 352, 1, 30, 163, 650 }, // U+0103
    { 28, 36, 464, 0, 27, 252, 813 }, // U+0104
    { 21, 29, 352, 1, 20, 153, 1065 }, // U+0105
    { 23, 37, 432, 2, 36, 213, 1218 }, // U+0106
    { 19, 31, 336, 1, 30, 148, 1431 }, // U+0107
    { 23, 37, 432, 2, 36, 213, 1579 }, // U+0108
    { 19, 32, 336, 1, 31, 152, 1792 }, // U+0109
    { 23, 36, 432, 2, 35, 207, 1944 }, // U+010A
    { 19, 30, 336, 1, 29, 143, 2151 }, // U+010B
    { 23, 38, 432, 2, 37, 219, 2294 }, // U+010C
    { 19, 32, 336, 1, 31, 152, 2513 }, // U+010D
    { 26, 37, 480, 2, 37, 241, 2665 }, // U+010E
    { 28, 30, 464, 1, 29, 210, 2906 }, // U+010F
    { 27, 27, 480, 1, 27, 183, 3116 }, // U+0110
    { 24, 30, 400, 1, 29, 180, 3299 }, // U+0111
    { 22, 34, 400, 2, 34, 187, 3479 }, // U+0112
    { 19, 29, 352, 1, 28, 138, 3666 }, // U+0113
    { 22, 37, 400, 2, 37, 204, 3804 }, // U+0114
    { 19, 31, 352, 1, 30, 148, 4008 }, // U+0115
    { 22, 35, 400, 2, 35, 193, 4156 }, // U+0116
    { 19, 30, 352, 1, 29, 143, 4349 }, // U+0117
    { 22, 36, 400, 2, 27, 198, 4492 }, // U+0118
    { 19, 29, 352, 1, 20, 138, 4690 }, // U+0119
    { 22, 37, 400, 2, 37, 204, 4828 }, // U+011A
    { 19, 32, 352, 1, 31, 152, 5032 }, // U+011B
    { 26, 37, 464, 2, 36, 241, 5184 }, // U+011C
    { 22, 40, 352, 1, 31, 220, 5425 }, // U+011D
    { 26, 38, 464, 2, 37, 247, 5645 }, // U+011E
    { 22, 39, 368, 1, 30, 215, 5892 }, // U+011F
    { 26, 36, 464, 2, 35, 234, 6107 }, // U+0120
    { 22, 38, 368, 1, 29, 209, 6341 }, // U+0121
    { 26, 40, 464, 2, 28, 260, 6550 }, // U+0122
    { 22, 40, 368, 1, 31, 220, 6810 }, // U+0123
    { 28, 36, 512, 2, 36, 252, 7030 }, // U+0124
    { 26, 38, 416, -1, 38, 247, 7282 }, // U+0125
    { 29, 27, 496, 1, 27, 196, 7529 }, // U+0126
    { 24, 29, 416, 1, 29, 174, 7725 }, // U+0127
    { 14, 35, 256, 1, 35, 123, 7899 }, // U+0128
    { 14, 29, 224, -1, 29, 102, 8022 }, // U+0129
    { 12, 34, 256, 2, 34, 102, 8124 }, // U+012A
    { 13, 28, 224, 0, 28, 91, 8226 }, // U+012B
    { 14, 37, 256, 1, 37, 130, 8317 }, // U+012C
    { 14, 30, 224, -1, 30, 105, 8447 }, // U+012D
    { 12, 36, 240, 2, 27, 108, 8552 }, // U+012E
    { 12, 38, 224, 1, 29, 114, 8660 }, // U+012F
    { 12, 35, 256, 2, 35, 105, 8774 }, // U+0130
    { 12, 19, 224, 1, 19, 57, 8879 }, // U+0131
    { 35, 28, 608, 2, 27, 245, 8936 }, // U+0132
    { 23, 38, 432, 1, 29, 219, 9181 }, // U+0133
    { 20, 37, 352, 1, 36, 185, 9400 }, // U+0134
    { 14, 40, 208, -1, 31, 140, 9585 }, // U+0135
    { 28, 39, 480, 2, 27, 273, 9725 }, // U+0136
    { 25, 41, 416, 1, 29, 257, 9998 }, // U+0137
    { 25, 20, 416, 1, 19, 125, 10255 }, // U+0138
    { 21, 36, 400, 2, 36, 189, 10380 }, // U+0139
    { 12, 38, 224, 1, 38, 114, 10569 }, // U+013A
    { 21, 39, 400, 2, 27, 205, 10683 }, // U+013B
    { 12, 41, 224, 1, 29, 123, 10888 }, // U+013C
    { 21, 29, 400, 2, 29, 153, 11011 }, // U+013D
    { 16, 29, 288, 1, 29, 116, 11164 }, // U+013E
    { 22, 27, 400, 2, 27, 149, 11280 }, // U+013F
    { 18, 29, 256, 1, 29, 131, 11429 }, // U+0140
    { 22, 27, 400, 1, 27, 149, 11560 }, // U+0141
    { 13, 29, 224, 1, 29, 95, 11709 }, // U+0142
    { 28, 36, 512, 2, 36, 252, 11804 }, // U+0143
    { 24, 30, 416, 1, 30, 180, 12056 }, // U+0144
    { 28, 39, 512, 2, 27, 273, 12236 }, // U+0145
    { 24, 32, 416, 1, 20, 192, 12509 }, // U+0146
    { 28, 37, 512, 2, 37, 259, 12701 }, // U+0147
    { 24, 31, 416, 1, 31, 186, 12960 }, // U+0148
    { 30, 29, 512, 1, 29, 218, 13146 }, // U+0149
    { 28, 36, 512, 2, 27, 252, 13364 }, // U+014A
    { 22, 29, 416, 1, 20, 160, 13616 }, // U+014B
    { 26, 35, 480, 2, 34, 228, 13776 }, // U+014C
    { 21, 29, 384, 1, 28, 153, 14004 }, // U+014D
    { 26, 38, 480, 2, 37, 247, 14157 }, // U+014E
    { 21, 31, 384, 1, 30, 163, 14404 }, // U+014F
    { 26, 38, 480, 2, 37, 247, 14567 }, // U+0150
    { 21, 31, 384, 1, 30, 163, 14814 }, // U+0151
    { 38, 29, 672, 2, 28, 276, 14977 }, // U+0152
    { 34, 21, 576, 1, 20, 179, 15253 }, // U+0153
    { 26, 37, 448, 2, 36, 241, 15432 }, // U+0154
    { 19, 30, 336, 1, 30, 143, 15673 }, // U+0155
    { 26, 39, 448, 2, 27, 254, 15816 }, // U+0156
    { 19, 32, 336, 1, 20, 152, 16070 }, // U+0157
    { 26, 38, 448, 2, 37, 247, 16222 }, // U+0158
    { 19, 31, 336, 1, 31, 148, 16469 }, // U+0159
    { 20, 37, 368, 2, 36, 185, 16617 }, // U+015A
    { 16, 31, 304, 2, 30, 124, 16802 }, // U+015B
    { 20, 37, 368, 2, 36, 185, 16926 }, // U+015C
    { 16, 32, 304, 2, 31, 128, 17111 }, // U+015D
    { 20, 37, 368, 2, 28, 185, 17239 }, // U+015E
    { 16, 29, 304, 2, 20, 116, 17424 }, // U+015F
    { 20, 38, 368, 2, 37, 190, 17540 }, // U+0160
    { 16, 32, 304, 2, 31, 128, 17730 }, // U+0161
    { 27, 36, 448, 1, 27, 243, 17858 }, // U+0162
    { 15, 36, 272, 1, 26, 135, 18101 }, // U+0163
    { 27, 37, 448, 1, 37, 250, 18236 }, // U+0164
    { 16, 33, 272, 1, 32, 132, 18486 }, // U+0165
    { 27, 27, 448, 1, 27, 183, 18618 }, // U+0166
    { 16, 27, 272, 0, 26, 108, 18801 }, // U+0167
    { 28, 36, 480, 1, 35, 252, 18909 }, // U+0168
    { 24, 30, 416, 1, 29, 180, 19161 }, // U+0169
    { 28, 35, 480, 1, 34, 245, 19341 }, // U+016A
    { 24, 29, 416, 1, 28, 174, 19586 }, // U+016B
    { 28, 38, 480, 1, 37, 266, 19760 }, // U+016C
    { 24, 31, 416, 1, 30, 186, 20026 }, // U+016D
    { 28, 38, 480, 1, 37, 266, 20212 }, // U+016E
    { 24, 32, 416, 1, 31, 192, 20478 }, // U+016F
    { 28, 38, 480, 1, 37, 266, 20670 }, // U+0170
    { 24, 31, 416, 1, 30, 186, 20936 }, // U+0171
    { 28, 36, 480, 1, 27, 252, 21122 }, // U+0172
    { 24, 28, 400, 1, 19, 168, 21374 }, // U+0173
    { 42, 36, 672, 0, 36, 378, 21542 }, // U+0174
    { 34, 31, 544, 0, 31, 264, 21920 }, // U+0175
    { 28, 36, 448, 0, 36, 252, 22184 }, // U+0176
    { 23, 40, 368, 0, 31, 230, 22436 }, // U+0177
    { 28, 35, 448, 0, 35, 245, 22666 }, // U+0178
    { 22, 36, 416, 2, 36, 198, 22911 }, // U+0179
    { 18, 30, 320, 1, 30, 135, 23109 }, // U+017A
    { 22, 35, 416, 2, 35, 193, 23244 }, // U+017B
    { 18, 29, 320, 1, 29, 131, 23437 }, // U+017C
    { 22, 37, 416, 2, 37, 204, 23568 }, // U+017D
    { 18, 31, 320, 1, 31, 140, 23772 }, // U+017E
    { 31, 30, 528, 2, 29, 233, 0 }, // U+01A0
    { 25, 27, 416, 1, 26, 169, 233 }, // U+01A1
    { 33, 30, 544, 1, 29, 248, 402 }, // U+01AF
    { 29, 27, 480, 1, 26, 196, 650 }, // U+01B0
    { 51, 37, 880, 2, 37, 472, 846 }, // U+01C4
    { 47, 31, 800, 2, 31, 365, 1318 }, // U+01C5
    { 43, 32, 720, 1, 31, 344, 1683 }, // U+01C6
    { 43, 28, 736, 2, 27, 301, 2027 }, // U+01C7
    { 33, 38, 592, 2, 29, 314, 2328 }, // U+01C8
    { 22, 38, 416, 1, 29, 209, 2642 }, // U+01C9
    { 50, 28, 848, 2, 27, 350, 2851 }, // U+01CA
    { 40, 38, 720, 2, 29, 380, 3201 }, // U+01CB
    { 35, 38, 624, 1, 29, 333, 3581 }, // U+01CC
    { 28, 37, 464, 0, 37, 259, 3914 }, // U+01CD
    { 21, 32, 352, 1, 31, 168, 4173 }, // U+01CE
    { 14, 37, 256, 1, 37, 130, 4341 }, // U+01CF
    { 14, 31, 224, -1, 31, 109, 4471 }, // U+01D0
    { 26, 38, 480, 2, 37, 247, 4580 }, // U+01D1
    { 21, 32, 384, 1, 31, 168, 4827 }, // U+01D2
    { 28, 38, 480, 1, 37, 266, 4995 }, // U+01D3
    { 24, 32, 416, 1, 31, 192, 5261 }, // U+01D4
    { 28, 43, 480, 1, 42, 301, 5453 }, // U+01D5
    { 24, 37, 416, 1, 36, 222, 5754 }, // U+01D6
    { 28, 45, 480, 1, 44, 315, 5976 }, // U+01D7
    { 24, 39, 416, 1, 38, 234, 6291 }, // U+01D8
    { 28, 46, 480, 1, 45, 322, 6525 }, // U+01D9
    { 24, 40, 416, 1, 39, 240, 6847 }, // U+01DA
    { 28, 45, 480, 1, 44, 315, 7087 }, // U+01DB
    { 24, 40, 416, 1, 39, 240, 7402 }, // U+01DC
    { 26, 38, 464, 2, 37, 247, 7642 }, // U+01E6
    { 22, 40, 368, 1, 31, 220, 7889 }, // U+01E7
    { 26, 37, 480, 2, 28, 241, 8109 }, // U+01EA
    { 21, 29, 384, 1, 20, 153, 8350 }, // U+01EB
    { 28, 42, 464, 0, 42, 294, 8503 }, // U+01FA
    { 21, 40, 352, 1, 39, 210, 8797 }, // U+01FB
    { 38, 36, 624, 0, 36, 342, 9007 }, // U+01FC
    { 30, 31, 512, 1, 30, 233, 9349 }, // U+01FD
    { 28, 37, 480, 1, 36, 259, 9582 }, // U+01FE
    { 21, 31, 384, 1, 30, 163, 9841 }, // U+01FF
    { 28, 37, 464, 0, 37, 259, 10004 }, // U+0200
    { 21, 31, 352, 1, 30, 163, 10263 }, // U+0201
    { 28, 36, 464, 0, 36, 252, 10426 }, // U+0202
    { 21, 31, 352, 1, 30, 163, 10678 }, // U+0203
    { 22, 37, 400, 2, 37, 204, 10841 }, // U+0204
    { 19, 31, 352, 1, 30, 148, 11045 }, // U+0205
    { 22, 36, 400, 2, 36, 198, 11193 }, // U+0206
    { 19, 31, 352, 1, 30, 148, 11391 }, // U+0207
    { 17, 37, 256, -3, 37, 158, 11539 }, // U+0208
    { 17, 30, 224, -4, 30, 128, 11697 }, // U+0209
    { 14, 36, 256, 1, 36, 126, 11825 }, // U+020A
    { 14, 30, 224, -1, 30, 105, 11951 }, // U+020B
    { 26, 38, 480, 2, 37, 247, 12056 }, // U+020C
    { 21, 31, 384, 1, 30, 163, 12303 }, // U+020D
    { 26, 37, 480, 2, 36, 241, 12466 }, // U+020E
    { 21, 31, 384, 1, 30, 163, 12707 }, // U+020F
    { 26, 38, 448, 2, 37, 247, 12870 }, // U+0210
    { 19, 30, 336, 1, 30, 143, 13117 }, // U+0211
    { 26, 37, 448, 2, 36, 241, 13260 }, // U+0212
    { 19, 30, 336, 1, 30, 143, 13501 }, // U+0213
    { 28, 38, 480, 1, 37, 266, 13644 }, // U+0214
    { 24, 31, 416, 1, 30, 186, 13910 }, // U+0215
    { 28, 37, 480, 1, 36, 259, 14096 }, // U+0216
    { 24, 31, 416, 1, 30, 186, 14355 }, // U+0217
    { 20, 40, 368, 2, 28, 200, 14541 }, // U+0218
    { 16, 32, 304, 2, 20, 128, 14741 }, // U+0219
    { 27, 39, 448, 1, 27, 264, 14869 }, // U+021A
    { 15, 38, 272, 1, 26, 143, 15133 }, // U+021B
    { 8, 9, 0, -5, 30, 18, 0 }, // U+0300
    { 9, 9, 0, -3, 30, 21, 18 }, // U+0301
    { 14, 9, 0, -7, 31, 32, 39 }, // U+0302
    { 14, 6, 0, -7, 29, 21, 71 }, // U+0303
    { 12, 4, 0, -6, 28, 12, 92 }, // U+0304
    { 14, 8, 0, -7, 30, 28, 104 }, // U+0306
    { 8, 6, 0, -4, 29, 12, 132 }, // U+0307
    { 16, 6, 0, -8, 29, 24, 144 }, // U+0308
    { 11, 9, 0, -6, 31, 25, 168 }, // U+0309
    { 10, 8, 0, -5, 30, 20, 193 }, // U+030A
    { 15, 9, 0, -5, 30, 34, 213 }, // U+030B
    { 14, 9, 0, -7, 31, 32, 247 }, // U+030C
    { 15, 9, 0, -10, 30, 34, 279 }, // U+030F
    { 14, 8, 0, -7, 30, 28, 313 }, // U+0311
    { 6, 9, 0, -3, 31, 14, 341 }, // U+0312
    { 7, 12, 0, -4, 25, 21, 355 }, // U+031B
    { 8, 6, 0, -4, -3, 12, 376 }, // U+0323
    { 16, 6, 0, -8, -2, 24, 388 }, // U+0324
    { 6, 10, 0, -3, -2, 15, 412 }, // U+0326
    { 9, 10, 0, -4, 1, 23, 427 }, // U+0327
    { 10, 10, 0, -5, 1, 25, 450 }, // U+0328
    { 14, 7, 0, -7, -2, 25, 475 }, // U+032E
    { 12, 4, 0, -6, -3, 12, 500 }, // U+0331
    { 22, 35, 400, 2, 35, 193, 0 }, // U+0401
    { 33, 32, 544, 0, 27, 264, 193 }, // U+0402
    { 21, 36, 384, 2, 36, 189, 457 }, // U+0403
    { 23, 29, 432, 2, 28, 167, 646 }, // U+0404
    { 20, 29, 368, 2, 28, 145, 813 }, // U+0405
    { 12, 27, 256, 2, 27, 81, 958 }, // U+0406
    { 16, 35, 256, 0, 35, 140, 1039 }, // U+0407
    { 20, 28, 352, 1, 27, 140, 1179 }, // U+0408
    { 38, 28, 640, 1, 27, 266, 1319 }, // U+0409
    { 38, 27, 656, 2, 27, 257, 1585 }, // U+040A
    { 35, 27, 592, 1, 27, 237, 1842 }, // U+040B
    { 27, 37, 464, 2, 36, 250, 2079 }, // U+040C
    { 28, 36, 512, 2, 36, 252, 2329 }, // U+040D
    { 26, 38, 416, 0, 37, 247, 2581 }, // U+040E
    { 28, 32, 512, 2, 27, 224, 2828 }, // U+040F
    { 28, 27, 464, 0, 27, 189, 3052 }, // U+0410
    { 23, 27, 416, 2, 27, 156, 3241 }, // U+0411
    { 23, 27, 416, 2, 27, 156, 3397 }, // U+0412
    { 21, 27, 384, 2, 27, 142, 3553 }, // U+0413
    { 28, 34, 464, 0, 27, 238, 3695 }, // U+0414
    { 22, 27, 400, 2, 27, 149, 3933 }, // U+0415
    { 42, 29, 672, 0, 28, 305, 4082 }, // U+0416
    { 21, 29, 384, 1, 28, 153, 4387 }, // U+0417
    { 28, 27, 512, 2, 27, 189, 4540 }, // U+0418
    { 28, 37, 512, 2, 37, 259, 4729 }, // U+0419
    { 27, 29, 464, 2, 28, 196, 4988 }, // U+041A
    { 28, 28, 480, 0, 27, 196, 5184 }, // U+041B
    { 34, 27, 608, 2, 27, 230, 5380 }, // U+041C
    { 28, 27, 512, 2, 27, 189, 5610 }, // U+041D
    { 26, 29, 480, 2, 28, 189, 5799 }, // U+041E
    { 28, 27, 512, 2, 27, 189, 5988 }, // U+041F
    { 22, 27, 400, 2, 27, 149, 6177 }, // U+0420
    { 23, 29, 432, 2, 28, 167, 6326 }, // U+0421
    { 27, 27, 448, 1, 27, 183, 6493 }, // U+0422
    { 26, 28, 416, 0, 27, 182, 6676 }, // U+0423
    { 31, 29, 544, 1, 29, 225, 6858 }, // U+0424
    { 28, 27, 464, 0, 27, 189, 7083 }, // U+0425
    { 30, 33, 528, 2, 27, 248, 7272 }, // U+0426
    { 27, 27, 480, 1, 27, 183, 7520 }, // U+0427
    { 41, 27, 720, 2, 27, 277, 7703 }, // U+0428
    { 43, 33, 736, 2, 27, 355, 7980 }, // U+0429
    { 30, 27, 496, 0, 27, 203, 8335 }, // U+042A
    { 35, 27, 624, 2, 27, 237, 8538 }, // U+042B
    { 23, 27, 416, 2, 27, 156, 8775 }, // U+042C
    { 24, 29, 432, 1, 28, 174, 8931 }, // U+042D
    { 39, 29, 688, 2, 28, 283, 9105 }, // U+042E
    { 26, 28, 448, 0, 27, 182, 9388 }, // U+042F
    { 21, 21, 352, 1, 20, 111, 9570 }, // U+0430
    { 19, 31, 368, 2, 30, 148, 9681 }, // U+0431
    { 20, 20, 368, 1, 20, 100, 9829 }, // U+0432
    { 18, 20, 320, 1, 20, 90, 9929 }, // U+0433
    { 23, 26, 384, 0, 20, 150, 10019 }, // U+0434
    { 19, 21, 352, 1, 20, 100, 10169 }, // U+0435
    { 35, 20, 560, 0, 20, 175, 10269 }, // U+0436
    { 17, 21, 320, 2, 20, 90, 10444 }, // U+0437
    { 25, 20, 432, 1, 20, 125, 10534 }, // U+0438
    { 25, 29, 432, 1, 29, 182, 10659 }, // U+0439
    { 23, 20, 400, 1, 20, 115, 10841 }, // U+043A
    { 24, 21, 400, 0, 20, 126, 10956 }, // U+043B
    { 27, 20, 480, 1, 20, 135, 11082 }, // U+043C
    { 25, 20, 432, 1, 20, 125, 11217 }, // U+043D
    { 21, 21, 384, 1, 20, 111, 11342 }, // U+043E
    { 24, 20, 432, 1, 20, 120, 11453 }, // U+043F
    { 23, 28, 400, 1, 20, 161, 11573 }, // U+0440
    { 19, 21, 336, 1, 20, 100, 11734 }, // U+0441
    { 22, 20, 368, 1, 20, 110, 11834 }, // U+0442
    { 23, 28, 368, 0, 19, 161, 11944 }, // U+0443
    { 30, 38, 528, 1, 30, 285, 12105 }, // U+0444
    { 23, 19, 368, 0, 19, 110, 12390 }, // U+0445
    { 26, 26, 432, 1, 20, 169, 12500 }, // U+0446
    { 24, 20, 400, 0, 20, 120, 12669 }, // U+0447
    { 36, 20, 608, 1, 20, 180, 12789 }, // U+0448
    { 37, 26, 624, 1, 20, 241, 12969 }, // U+0449
    { 24, 20, 416, 1, 20, 120, 13210 }, // U+044A
    { 31, 20, 528, 1, 20, 155, 13330 }, // U+044B
    { 20, 20, 368, 1, 20, 100, 13485 }, // U+044C
    { 18, 21, 336, 2, 20, 95, 13585 }, // U+044D
    { 32, 21, 560, 1, 20, 168, 13680 }, // U+044E
    { 22, 21, 384, 1, 20, 116, 13848 }, // U+044F
    { 19, 30, 352, 1, 29, 143, 13964 }, // U+0451
    { 22, 38, 400, 1, 29, 209, 14107 }, // U+0452
    { 18, 30, 320, 1, 30, 135, 14316 }, // U+0453
    { 19, 21, 336, 1, 20, 100, 14451 }, // U+0454
    { 16, 21, 304, 2, 20, 84, 14551 }, // U+0455
    { 12, 29, 224, 1, 29, 87, 14635 }, // U+0456
    { 15, 29, 224, -2, 29, 109, 14722 }, // U+0457
    { 9, 38, 208, 1, 29, 86, 14831 }, // U+0458
    { 32, 21, 528, 0, 20, 168, 14917 }, // U+0459
    { 33, 20, 560, 1, 20, 165, 15085 }, // U+045A
    { 24, 29, 416, 1, 29, 174, 15250 }, // U+045B
    { 23, 30, 400, 1, 30, 173, 15424 }, // U+045C
    { 25, 30, 432, 1, 30, 188, 15597 }, // U+045D
    { 23, 38, 368, 0, 29, 219, 15785 }, // U+045E
    { 25, 26, 432, 1, 20, 163, 16004 }, // U+045F
    { 29, 28, 496, 0, 28, 203, 16167 }, // U+0462
    { 25, 29, 432, 1, 29, 182, 16370 }, // U+0463
    { 41, 28, 656, 0, 27, 287, 16552 }, // U+046A
    { 34, 20, 544, 0, 20, 170, 16839 }, // U+046B
    { 20, 33, 352, 2, 33, 165, 17009 }, // U+0490
    { 18, 25, 304, 1, 25, 113, 17174 }, // U+0491
    { 21, 27, 368, 2, 27, 142, 17287 }, // U+0492
    { 18, 20, 320, 2, 20, 90, 17429 }, // U+0493
    { 43, 34, 688, 0, 28, 366, 17519 }, // U+0496
    { 35, 26, 576, 0, 20, 228, 17885 }, // U+0497
    { 27, 34, 480, 2, 28, 230, 18113 }, // U+049A
    { 24, 26, 400, 1, 20, 156, 18343 }, // U+049B
    { 30, 32, 528, 2, 27, 240, 18499 }, // U+04A2
    { 26, 26, 448, 1, 20, 169, 18739 }, // U+04A3
    { 28, 27, 448, 0, 27, 189, 18908 }, // U+04AE
    { 23, 28, 368, 0, 20, 161, 19097 }, // U+04AF
    { 28, 27, 448, 0, 27, 189, 19258 }, // U+04B0
    { 23, 28, 368, 0, 20, 161, 19447 }, // U+04B1
    { 28, 27, 496, 2, 27, 189, 19608 }, // U+04BA
    { 24, 29, 416, 1, 29, 174, 19797 }, // U+04BB
    { 24, 29, 448, 2, 28, 174, 19971 }, // U+04D8
    { 19, 21, 352, 1, 20, 100, 20145 }, // U+04D9
    { 26, 29, 480, 2, 28, 189, 20245 }, // U+04E8
    { 21, 21, 384, 1, 20, 111, 20434 }, // U+04E9
    { 28, 36, 464, 0, 27, 252, 0 }, // U+1EA0
    { 21, 29, 352, 1, 20, 153, 252 }, // U+1EA1
    { 28, 37, 464, 0, 37, 259, 405 }, // U+1EA2
    { 21, 32, 352, 1, 31, 168, 664 }, // U+1EA3
    { 28, 45, 464, 0, 45, 315, 832 }, // U+1EA4
    { 21, 40, 352, 1, 39, 210, 1147 }, // U+1EA5
    { 28, 45, 464, 0, 45, 315, 1357 }, // U+1EA6
    { 21, 40, 352, 1, 39, 210, 1672 }, // U+1EA7
    { 28, 43, 464, 0, 43, 301, 1882 }, // U+1EA8
    { 21, 38, 352, 1, 37, 200, 2183 }, // U+1EA9
    { 28, 43, 464, 0, 43, 301, 2383 }, // U+1EAA
    { 21, 38, 352, 1, 37, 200, 2684 }, // U+1EAB
    { 28, 45, 464, 0, 36, 315, 2884 }, // U+1EAC
    { 21, 40, 352, 1, 31, 210, 3199 }, // U+1EAD
    { 28, 45, 464, 0, 45, 315, 3409 }, // U+1EAE
    { 21, 40, 352, 1, 39, 210, 3724 }, // U+1EAF
    { 28, 45, 464, 0, 45, 315, 3934 }, // U+1EB0
    { 21, 40, 352, 1, 39, 210, 4249 }, // U+1EB1
    { 28, 45, 464, 0, 45, 315, 4459 }, // U+1EB2
    { 21, 40, 352, 1, 39, 210, 4774 }, // U+1EB3
    { 28, 43, 464, 0, 43, 301, 4984 }, // U+1EB4
    { 21, 38, 352, 1, 37, 200, 5285 }, // U+1EB5
    { 28, 46, 464, 0, 37, 322, 5485 }, // U+1EB6
    { 21, 39, 352, 1, 30, 205, 5807 }, // U+1EB7
    { 22, 36, 400, 2, 27, 198, 6012 }, // U+1EB8
    { 19, 29, 352, 1, 20, 138, 6210 }, // U+1EB9
    { 22, 37, 400, 2, 37, 204, 6348 }, // U+1EBA
    { 19, 32, 352, 1, 31, 152, 6552 }, // U+1EBB
    { 22, 35, 400, 2, 35, 193, 6704 }, // U+1EBC
    { 19, 30, 352, 1, 29, 143, 6897 }, // U+1EBD
    { 22, 45, 400, 2, 45, 248, 7040 }, // U+1EBE
    { 19, 40, 352, 1, 39, 190, 7288 }, // U+1EBF
    { 22, 45, 400, 2, 45, 248, 7478 }, // U+1EC0
    { 19, 40, 352, 1, 39, 190, 7726 }, // U+1EC1
    { 22, 43, 400, 2, 43, 237, 7916 }, // U+1EC2
    { 22, 38, 352, 1, 37, 209, 8153 }, // U+1EC3
    { 22, 43, 400, 2, 43, 237, 8362 }, // U+1EC4
    { 19, 38, 352, 1, 37, 181, 8599 }, // U+1EC5
    { 22, 45, 400, 2, 36, 248, 8780 }, // U+1EC6
    { 19, 40, 352, 1, 31, 190, 9028 }, // U+1EC7
    { 12, 37, 256, 2, 37, 111, 9218 }, // U+1EC8
    { 13, 31, 224, 0, 31, 101, 9329 }, // U+1EC9
    { 12, 36, 256, 2, 27, 108, 9430 }, // U+1ECA
    { 12, 38, 224, 1, 29, 114, 9538 }, // U+1ECB
    { 26, 37, 464, 2, 28, 241, 9652 }, // U+1ECC
    { 21, 29, 384, 1, 20, 153, 9893 }, // U+1ECD
    { 26, 38, 480, 2, 37, 247, 10046 }, // U+1ECE
    { 21, 32, 384, 1, 31, 168, 10293 }, // U+1ECF
    { 26, 46, 480, 2, 45, 299, 10461 }, // U+1ED0
    { 21, 40, 384, 1, 39, 210, 10760 }, // U+1ED1
    { 26, 46, 480, 2, 45, 299, 10970 }, // U+1ED2
    { 21, 40, 384, 1, 39, 210, 11269 }, // U+1ED3
    { 26, 44, 480, 2, 43, 286, 11479 }, // U+1ED4
    { 22, 38, 384, 1, 37, 209, 11765 }, // U+1ED5
    { 26, 44, 480, 2, 43, 286, 11974 }, // U+1ED6
    { 21, 38, 384, 1, 37, 200, 12260 }, // U+1ED7
    { 26, 45, 464, 2, 36, 293, 12460 }, // U+1ED8
    { 21, 40, 384, 1, 31, 210, 12753 }, // U+1ED9
    { 31, 37, 528, 2, 36, 287, 12963 }, // U+1EDA
    { 25, 31, 416, 1, 30, 194, 13250 }, // U+1EDB
    { 31, 37, 528, 2, 36, 287, 13444 }, // U+1EDC
    { 25, 31, 416, 1, 30, 194, 13731 }, // U+1EDD
    { 31, 38, 528, 2, 37, 295, 13925 }, // U+1EDE
    { 25, 32, 416, 1, 31, 200, 14220 }, // U+1EDF
    { 31, 36, 528, 2, 35, 279, 14420 }, // U+1EE0
    { 25, 30, 416, 1, 29, 188, 14699 }, // U+1EE1
    { 31, 38, 528, 2, 29, 295, 14887 }, // U+1EE2
    { 25, 35, 416, 1, 26, 219, 15182 }, // U+1EE3
    { 28, 36, 480, 1, 27, 252, 15401 }, // U+1EE4
    { 24, 28, 416, 1, 19, 168, 15653 }, // U+1EE5
    { 28, 38, 480, 1, 37, 266, 15821 }, // U+1EE6
    { 24, 32, 416, 1, 31, 192, 16087 }, // U+1EE7
    { 33, 37, 544, 1, 36, 306, 16279 }, // U+1EE8
    { 29, 31, 480, 1, 30, 225, 16585 }, // U+1EE9
    { 33, 37, 544, 1, 36, 306, 16810 }, // U+1EEA
    { 29, 31, 480, 1, 30, 225, 17116 }, // U+1EEB
    { 33, 38, 544, 1, 37, 314, 17341 }, // U+1EEC
    { 29, 32, 480, 1, 31, 232, 17655 }, // U+1EED
    { 33, 36, 544, 1, 35, 297, 17887 }, // U+1EEE
    { 29, 30, 480, 1, 29, 218, 18184 }, // U+1EEF
    { 33, 38, 544, 1, 29, 314, 18402 }, // U+1EF0
    { 29, 35, 480, 1, 26, 254, 18716 }, // U+1EF1
    { 28, 36, 448, 0, 36, 252, 18970 }, // U+1EF2
    { 23, 39, 368, 0, 30, 225, 19222 }, // U+1EF3
    { 28, 36, 448, 0, 27, 252, 19447 }, // U+1EF4
    { 23, 28, 368, 0, 19, 161, 19699 }, // U+1EF5
    { 28, 37, 448, 0, 37, 259, 19860 }, // U+1EF6
    { 23, 40, 368, 0, 31, 230, 20119 }, // U+1EF7
    { 28, 35, 448, 0, 35, 245, 20349 }, // U+1EF8
    { 23, 38, 368, 0, 29, 219, 20594 }, // U+1EF9
    { 1, 1, 352, 0, 1, 1, 0 }, // U+2007
    { 1, 1, 192, 0, 1, 1, 1 }, // U+2008
    { 1, 1, 80, 0, 1, 1, 2 }, // U+2009
    { 1, 1, 32, 0, 1, 1, 3 }, // U+200A
    { 1, 1, 0, 0, 1, 1, 4 }, // U+200B
    { 10, 4, 208, 1, 13, 10, 5 }, // U+2010
    { 17, 3, 304, 1, 12, 13, 15 }, // U+2012
    { 17, 3, 304, 1, 12, 13, 28 }, // U+2013
    { 36, 3, 608, 1, 12, 27, 41 }, // U+2014
    { 36, 3, 608, 1, 12, 27, 68 }, // U+2015
    { 7, 12, 192, 2, 31, 21, 95 }, // U+2018
    { 7, 12, 192, 2, 29, 21, 116 }, // U+2019
    { 7, 12, 192, 2, 6, 21, 137 }, // U+201A
    { 16, 12, 320, 2, 31, 48, 158 }, // U+201C
    { 16, 12, 320, 2, 29, 48, 206 }, // U+201D
    { 16, 12, 288, 1, 6, 48, 254 }, // U+201E
    { 17, 31, 320, 2, 30, 132, 302 }, // U+2020
    { 17, 32, 320, 2, 30, 136, 434 }, // U+2021
    { 11, 9, 240, 2, 16, 25, 570 }, // U+2022
    { 31, 8, 560, 2, 7, 62, 595 }, // U+2026
    { 48, 24, 800, 1, 23, 288, 657 }, // U+2030
    { 6, 10, 144, 2, 31, 15, 945 }, // U+2032
    { 13, 10, 256, 2, 31, 33, 960 }, // U+2033
    { 10, 18, 192, 1, 19, 45, 993 }, // U+2039
    { 10, 18, 192, 1, 19, 45, 1038 }, // U+203A
    { 32, 30, 544, 1, 30, 240, 1083 }, // U+2042
    { 21, 28, 208, -4, 27, 147, 1323 }, // U+2044
    { 16, 18, 288, 1, 32, 72, 0 }, // U+2070
    { 16, 18, 256, 0, 32, 72, 72 }, // U+2074
    { 14, 17, 240, 0, 31, 60, 144 }, // U+2075
    { 14, 18, 256, 1, 32, 63, 204 }, // U+2076
    { 14, 17, 240, 0, 31, 60, 267 }, // U+2077
    { 14, 18, 256, 1, 32, 63, 327 }, // U+2078
    { 14, 18, 256, 1, 32, 63, 390 }, // U+2079
    { 7, 23, 160, 2, 34, 41, 453 }, // U+207D
    { 8, 23, 160, 1, 34, 46, 494 }, // U+207E
    { 19, 14, 336, 1, 28, 67, 540 }, // U+207F
    { 16, 18, 288, 1, 12, 72, 607 }, // U+2080
    { 11, 18, 208, 1, 12, 50, 679 }, // U+2081
    { 14, 18, 256, 1, 12, 63, 729 }, // U+2082
    { 14, 18, 256, 1, 12, 63, 792 }, // U+2083
    { 16, 18, 256, 0, 12, 72, 855 }, // U+2084
    { 14, 17, 240, 0, 11, 60, 927 }, // U+2085
    { 14, 18, 256, 1, 12, 63, 987 }, // U+2086
    { 14, 17, 240, 0, 11, 60, 1050 }, // U+2087
    { 14, 18, 256, 1, 12, 63, 1110 }, // U+2088
    { 14, 18, 256, 1, 12, 63, 1173 }, // U+2089
    { 7, 23, 160, 2, 15, 41, 1236 }, // U+208D
    { 8, 23, 160, 1, 15, 46, 1277 }, // U+208E
    { 21, 35, 384, 1, 31, 184, 0 }, // U+20A1
    { 22, 27, 384, 1, 27, 149, 184 }, // U+20A3
    { 21, 28, 368, 1, 28, 147, 333 }, // U+20A4
    { 30, 27, 512, 1, 27, 203, 480 }, // U+20A6
    { 57, 28, 960, 2, 27, 399, 683 }, // U+20A7
    { 41, 27, 672, 1, 27, 277, 1082 }, // U+20A9
    { 24, 36, 400, 1, 29, 216, 1359 }, // U+20AB
    { 24, 29, 416, 0, 28, 174, 1575 }, // U+20AC
    { 29, 28, 480, 1, 27, 203, 1749 }, // U+20AD
    { 27, 27, 432, 0, 27, 183, 1952 }, // U+20AE
    { 26, 27, 432, 1, 27, 176, 2135 }, // U+20B1
    { 27, 34, 464, 1, 30, 230, 2311 }, // U+20B2
    { 24, 29, 416, 1, 28, 174, 2541 }, // U+20B4
    { 21, 35, 400, 2, 31, 184, 2715 }, // U+20B5
    { 27, 27, 432, 0, 27, 183, 2899 }, // U+20B8
    { 21, 27, 368, 1, 27, 142, 3082 }, // U+20B9
    { 23, 27, 400, 1, 27, 156, 3224 }, // U+20BA
    { 28, 27, 480, 1, 27, 189, 3380 }, // U+20BC
    { 24, 27, 400, 1, 27, 162, 3569 }, // U+20BD
    { 18, 12, 352, 2, 17, 54, 0 }, // U+2190
    { 12, 19, 352, 5, 20, 57, 54 }, // U+2191
    { 19, 12, 352, 1, 17, 57, 111 }, // U+2192
    { 12, 19, 352, 5, 20, 57, 168 }, // U+2193
    { 20, 28, 352, 1, 27, 140, 0 }, // U+2202
    { 25, 28, 448, 2, 24, 175, 140 }, // U+2205
    { 24, 27, 416, 1, 27, 162, 315 }, // U+2206
    { 28, 32, 496, 2, 27, 224, 477 }, // U+220F
    { 22, 32, 400, 1, 27, 176, 701 }, // U+2211
    { 16, 4, 352, 3, 14, 16, 877 }, // U+2212
    { 19, 28, 368, 2, 28, 133, 893 }, // U+2215
    { 8, 7, 176, 2, 16, 14, 1026 }, // U+2219
    { 21, 29, 352, 1, 29, 153, 1040 }, // U+221A
    { 22, 11, 400, 1, 15, 61, 1193 }, // U+221E
    { 20, 36, 288, -1, 28, 180, 1254 }, // U+222B
    { 18, 13, 352, 2, 17, 59, 1434 }, // U+2248
    { 16, 21, 352, 3, 22, 84, 1493 }, // U+2260
    { 16, 21, 352, 3, 21, 84, 1577 }, // U+2264
    { 16, 21, 352, 3, 21, 84, 1661 }, // U+2265
    { 26, 29, 432, 1, 29, 189, 0 }, // U+FB01
    { 26, 29, 448, 1, 29, 189, 189 }, // U+FB02
};

static const EpdUnicodeInterval literatamono_18_boldIntervals[] = {
    { 0x20, 0x7E, 0x0 },
    { 0xA0, 0x17E, 0x5F },
    { 0x1A0, 0x1A1, 0x13E },
    { 0x1AF, 0x1B0, 0x140 },
    { 0x1C4, 0x1DC, 0x142 },
    { 0x1E6, 0x1E7, 0x15B },
    { 0x1EA, 0x1EB, 0x15D },
    { 0x1FA, 0x21B, 0x15F },
    { 0x300, 0x304, 0x181 },
    { 0x306, 0x30C, 0x186 },
    { 0x30F, 0x30F, 0x18D },
    { 0x311, 0x312, 0x18E },
    { 0x31B, 0x31B, 0x190 },
    { 0x323, 0x324, 0x191 },
    { 0x326, 0x328, 0x193 },
    { 0x32E, 0x32E, 0x196 },
    { 0x331, 0x331, 0x197 },
    { 0x401, 0x44F, 0x198 },
    { 0x451, 0x45F, 0x1E7 },
    { 0x462, 0x463, 0x1F6 },
    { 0x46A, 0x46B, 0x1F8 },
    { 0x490, 0x493, 0x1FA },
    { 0x496, 0x497, 0x1FE },
    { 0x49A, 0x49B, 0x200 },
    { 0x4A2, 0x4A3, 0x202 },
    { 0x4AE, 0x4B1, 0x204 },
    { 0x4BA, 0x4BB, 0x208 },
    { 0x4D8, 0x4D9, 0x20A },
    { 0x4E8, 0x4E9, 0x20C },
    { 0x1EA0, 0x1EF9, 0x20E },
    { 0x2007, 0x200B, 0x268 },
    { 0x2010, 0x2010, 0x26D },
    { 0x2012, 0x2015, 0x26E },
    { 0x2018, 0x201A, 0x272 },
    { 0x201C, 0x201E, 0x275 },
    { 0x2020, 0x2022, 0x278 },
    { 0x2026, 0x2026, 0x27B },
    { 0x2030, 0x2030, 0x27C },
    { 0x2032, 0x2033, 0x27D },
    { 0x2039, 0x203A, 0x27F },
    { 0x2042, 0x2042, 0x281 },
    { 0x2044, 0x2044, 0x282 },
    { 0x2070, 0x2070, 0x283 },
    { 0x2074, 0x2079, 0x284 },
    { 0x207D, 0x2089, 0x28A },
    { 0x208D, 0x208E, 0x297 },
    { 0x20A1, 0x20A1, 0x299 },
    { 0x20A3, 0x20A4, 0x29A },
    { 0x20A6, 0x20A7, 0x29C },
    { 0x20A9, 0x20A9, 0x29E },
    { 0x20AB, 0x20AE, 0x29F },
    { 0x20B1, 0x20B2, 0x2A3 },
    { 0x20B4, 0x20B5, 0x2A5 },
    { 0x20B8, 0x20BA, 0x2A7 },
    { 0x20BC, 0x20BD, 0x2AA },
    { 0x2190, 0x2193, 0x2AC },
    { 0x2202, 0x2202, 0x2B0 },
    { 0x2205, 0x2206, 0x2B1 },
    { 0x220F, 0x220F, 0x2B3 },
    { 0x2211, 0x2212, 0x2B4 },
    { 0x2215, 0x2215, 0x2B6 },
    { 0x2219, 0x221A, 0x2B7 },
    { 0x221E, 0x221E, 0x2B9 },
    { 0x222B, 0x222B, 0x2BA },
    { 0x2248, 0x2248, 0x2BB },
    { 0x2260, 0x2260, 0x2BC },
    { 0x2264, 0x2265, 0x2BD },
    { 0xFB01, 0xFB02, 0x2BF },
};

static const EpdFontGroup literatamono_18_boldGroups[] = {
    { 0, 2835, 12839, 95, 0 },
    { 2835, 2657, 15645, 96, 95 },
    { 5492, 3539, 25112, 127, 191 },
    { 9031, 2587, 16040, 67, 318 },
    { 11618, 225, 574, 23, 385 },
    { 11843, 3662, 21553, 118, 408 },
    { 15505, 2017, 22199, 90, 526 },
    { 17522, 437, 1587, 27, 616 },
    { 17959, 282, 1444, 22, 643 },
    { 18241, 917, 3951, 19, 665 },
    { 19158, 76, 234, 4, 684 },
    { 19234, 470, 1821, 15, 688 },
    { 19704, 85, 406, 2, 703 },
};

static const uint16_t literatamono_18_boldKernLeftCodepoints[] = {
    0x0022, 0x0026, 0x0027, 0x002A, 0x002C, 0x002D, 0x002E, 0x002F, 0x0030, 0x0031, 0x0032, 0x0033,
    0x0034, 0x0035, 0x0036, 0x0037, 0x0038, 0x0039, 0x003A, 0x003B, 0x003D, 0x003F, 0x0040, 0x0041,
    0x0042, 0x0043, 0x0044, 0x0045, 0x0046, 0x0047, 0x0048, 0x0049, 0x004A, 0x004B, 0x004C, 0x004D,
    0x004E, 0x004F, 0x0050, 0x0051, 0x0052, 0x0053, 0x0054, 0x0055, 0x0056, 0x0057, 0x0058, 0x0059,
    0x005A, 0x005B, 0x005C, 0x0061, 0x0062, 0x0063, 0x0064, 0x0065, 0x0066, 0x0067, 0x0068, 0x0069,
    0x006A, 0x006B, 0x006C, 0x006D, 0x006E, 0x006F, 0x0070, 0x0071, 0x0072, 0x0073, 0x0074, 0x0075,
    0x0076, 0x0077, 0x0078, 0x0079, 0x007A, 0x00A1, 0x00AB, 0x00AD, 0x00B2, 0x00B3, 0x00B5, 0x00B7,
    0x00B9, 0x00BB, 0x00BF, 0x00C0, 0x00C1, 0x00C2, 0x00C3, 0x00C4, 0x00C5, 0x00C6, 0x00C7, 0x00C8,
    0x00C9, 0x00CA, 0x00CB, 0x00CC, 0x00CD, 0x00CE, 0x00CF, 0x00D0, 0x00D1, 0x00D2, 0x00D3, 0x00D4,
    0x00D5, 0x00D6, 0x00D7, 0x00D8, 0x00D9, 0x00DA, 0x00DB, 0x00DC, 0x00DD, 0x00DE, 0x00DF, 0x00E0,
    0x00E1, 0x00E2, 0x00E3, 0x00E4, 0x00E5, 0x00E6, 0x00E7, 0x00E8, 0x00E9, 0x00EA, 0x00EB, 0x00EC,
    0x00ED, 0x00EE, 0x00EF, 0x00F1, 0x00F2, 0x00F3, 0x00F4, 0x00F5, 0x00F6, 0x00F8, 0x00F9, 0x00FA,
    0x00FB, 0x00FC, 0x00FD, 0x00FE, 0x00FF, 0x0100, 0x0101, 0x0102, 0x0103, 0x0104, 0x0105, 0x0106,
    0x0107, 0x0108, 0x0109, 0x010A, 0x010B, 0x010C, 0x010D, 0x010E, 0x010F, 0x0110, 0x0111, 0x0112,
    0x0113, 0x0114, 0x0115, 0x0116, 0x0117, 0x0118, 0x0119, 0x011A, 0x011B, 0x011C, 0x011D, 0x011E,
    0x011F, 0x0120, 0x0121, 0x0122, 0x0123, 0x0124, 0x0125, 0x0126, 0x0127, 0x0128, 0x0129, 0x012A,
    0x012B, 0x012C, 0x012D, 0x012E, 0x012F, 0x0130, 0x0131, 0x0134, 0x0135, 0x0136, 0x0137, 0x0138,
    0x0139, 0x013A, 0x013B, 0x013C, 0x013D, 0x013E, 0x013F, 0x0140, 0x0141, 0x0142, 0x0143, 0x0144,
    0x0145, 0x0146, 0x0147, 0x0148, 0x0149, 0x014A, 0x014B, 0x014C, 0x014D, 0x014E, 0x014F, 0x0150,
    0x0151, 0x0152, 0x0153, 0x0154, 0x0155, 0x0156, 0x0157, 0x0158, 0x0159, 0x015A, 0x015B, 0x015C,
    0x015D, 0x015E, 0x015F, 0x0160, 0x0161, 0x0162, 0x0163, 0x0164, 0x0165, 0x0166, 0x0167, 0x0168,
    0x0169, 0x016A, 0x016B, 0x016C, 0x016D, 0x016E, 0x016F, 0x0170, 0x0171, 0x0172, 0x0173, 0x0174,
    0x0175, 0x0176, 0x0177, 0x0178, 0x0179, 0x017A, 0x017B, 0x017C, 0x017D, 0x017E, 0x01A0, 0x01A1,
    0x01AF, 0x01B0, 0x01C6, 0x01C7, 0x01C9, 0x01CA, 0x01CC, 0x01CD, 0x01CE, 0x01CF, 0x01D0, 0x01D1,
    0x01D2, 0x01D3, 0x01D4, 0x01D5, 0x01D6, 0x01D7, 0x01D8, 0x01D9, 0x01DA, 0x01DB, 0x01DC, 0x01E6,
    0x01E7, 0x01EA, 0x01EB, 0x01FA, 0x01FB, 0x01FC, 0x01FD, 0x01FE, 0x01FF, 0x0200, 0x0201, 0x0202,
    0x0203, 0x0204, 0x0205, 0x0206, 0x0207, 0x0208, 0x0209, 0x020A, 0x020B, 0x020C, 0x020D, 0x020E,
    0x020F, 0x0210, 0x0211, 0x0212, 0x0213, 0x0214, 0x0215, 0x0216, 0x0217, 0x0218, 0x0219, 0x021A,
    0x021B, 0x0401, 0x0402, 0x0403, 0x0404, 0x0405, 0x0406, 0x0407, 0x0408, 0x0409, 0x040A, 0x040B,
    0x040C, 0x040D, 0x040E, 0x040F, 0x0410, 0x0411, 0x0412, 0x0413, 0x0414, 0x0415, 0x0416, 0x0417,
    0x0418, 0x0419, 0x041A, 0x041B, 0x041C, 0x041D, 0x041E, 0x041F, 0x0420, 0x0421, 0x0422, 0x0423,
    0x0424, 0x0425, 0x0426, 0x0427, 0x0428, 0x0429, 0x042A, 0x042B, 0x042C, 0x042D, 0x042E, 0x042F,
    0x0430, 0x0431, 0x0432, 0x0433, 0x0434, 0x0435, 0x0436, 0x0437, 0x0438, 0x0439, 0x043A, 0x043B,
    0x043C, 0x043D, 0x043E, 0x043F, 0x0440, 0x0441, 0x0442, 0x0443, 0x0444, 0x0445, 0x0446, 0x0447,
    0x0448, 0x0449, 0x044A, 0x044B, 0x044C, 0x044D, 0x044E, 0x044F, 0x0451, 0x0452, 0x0453, 0x0454,
    0x0455, 0x0456, 0x0457, 0x0458, 0x0459, 0x045A, 0x045B, 0x045C, 0x045D, 0x045E, 0x045F, 0x0462,
    0x0463, 0x046A, 0x046B, 0x0490, 0x0491, 0x0492, 0x0493, 0x0496, 0x0497, 0x049A, 0x049B, 0x04A2,
    0x04A3, 0x04AE, 0x04AF, 0x04B0, 0x04B1, 0x04BA, 0x04BB, 0x04D8, 0x04D9, 0x04E8, 0x04E9, 0x1EA0,
    0x1EA1, 0x1EA2, 0x1EA3, 0x1EA4, 0x1EA5, 0x1EA6, 0x1EA7, 0x1EA8, 0x1EA9, 0x1EAA, 0x1EAB, 0x1EAC,
    0x1EAD, 0x1EAE, 0x1EAF, 0x1EB0, 0x1EB1, 0x1EB2, 0x1EB3, 0x1EB4, 0x1EB5, 0x1EB6, 0x1EB7, 0x1EB8,
    0x1EB9, 0x1EBA, 0x1EBB, 0x1EBC, 0x1EBD, 0x1EBE, 0x1EBF, 0x1EC0, 0x1EC1, 0x1EC2, 0x1EC3, 0x1EC4,
    0x1EC5, 0x1EC6, 0x1EC7, 0x1EC8, 0x1EC9, 0x1ECA, 0x1ECB, 0x1ECC, 0x1ECD, 0x1ECE, 0x1ECF, 0x1ED0,
    0x1ED1, 0x1ED2, 0x1ED3, 0x1ED4, 0x1ED5, 0x1ED6, 0x1ED7, 0x1ED8, 0x1ED9, 0x1EDA, 0x1EDB, 0x1EDC,
    0x1EDD, 0x1EDE, 0x1EDF, 0x1EE0, 0x1EE1, 0x1EE2, 0x1EE3, 0x1EE4, 0x1EE5, 0x1EE6, 0x1EE7, 0x1EE8,
    0x1EE9, 0x1EEA, 0x1EEB, 0x1EEC, 0x1EED, 0x1EEE, 0x1EEF, 0x1EF0, 0x1EF1, 0x1EF2, 0x1EF3, 0x1EF4,
    0x1EF5, 0x1EF6, 0x1EF7, 0x1EF8, 0x1EF9, 0x2010, 0x2012, 0x2013, 0x2014, 0x2015, 0x2018, 0x2019,
    0x201A, 0x201C, 0x201D, 0x201E, 0x2026, 0x2039, 0x203A, 0x2070, 0x2074, 0x2075, 0x2077, 0x2078,
    0x2079, 0x2206, 0x2212, 0xFB01, 0xFB02,
};

static const uint8_t literatamono_18_boldKernLeftClassIds[] = {
      1,   2,   1,   3,   4,   5,   4,   6,   7,   8,   9,  10,  11,  12,  13,  14,
     15,  16,  17,  17,  18,  19,  20,  21,  22,  23,  24,  25,  26,  27,  28,  28,
     29,  30,  31,  32,  33,  34,  35,  36,  37,  38,  39,  40,  41,  42,  43,  44,
     45,  46,  47,  48,  49,  50,  51,  52,  53,  54,  55,  56,  57,  58,  51,  55,
     55,  59,  59,  60,  61,  62,  63,  56,  64,  65,  66,  64,  67,  68,  69,   5,
     70,  71,  72,  73,  74,  75,  76,  21,  21,  21,  21,  21,  21,  25,  23,  25,
     25,  25,  25,  28,  28,  28,  28,  77,  33,  34,  34,  34,  34,  34,  78,  34,
     79,  79,  79,  79,  80,  81,  82,  83,  84,  84,  84,  84,  84,  59,  50,  85,
     85,  85,  85,  56,  56,  56,  86,  55,  59,  59,  59,  59,  59,  59,  56,  56,
     56,  56,  64,  59,  64,  21,  84,  21,  84,  21,  84,  23,  50,  23,  50,  23,
     50,  23,  50,  87,  88,  87,  51,  25,  85,  25,  85,  25,  85,  25,  85,  25,
     85,  27,  54,  27,  54,  27,  54,  27,  54,  28,  55,  28,  55,  28,  56,  28,
     56,  28,  56,  28,  56,  28,  56,  29,  57,  30,  58,  58,  31,  51,  31,  51,
     89,  90,  31,  51,  31,  91,  33,  55,  33,  55,  33,  55,  55,  29,  57,  34,
     59,  34,  59,  34,  59,  25,  59,  37,  61,  37,  61,  37,  61,  38,  62,  38,
     62,  38,  62,  38,  62,  92,  63,  39,  93,  39,  63,  79,  56,  79,  56,  79,
     56,  79,  56,  79,  56,  79,  56,  94,  65,  80,  64,  80,  45,  67,  45,  67,
     45,  67,  95,  96,  97,  98,  55,  29,  57,  29,  57,  21,  55,  28,  56,  34,
     59,  79,  56,  79,  56,  79,  56,  79,  56,  79,  56,  27,  54,  34,  59,  21,
     55,  25,  59,  34,  59,  21,  55,  21,  55,  25,  59,  25,  59,  28,  56,  28,
     56,  34,  59,  34,  59,  37,  61,  37,  61,  79,  56,  79,  56,  38,  62,  92,
     63,  99, 100, 101, 102, 103, 104, 104, 105, 106, 106, 107, 108, 104, 109, 104,
    110, 111, 112, 113, 114,  99, 115, 116, 104, 104, 117, 104, 118, 104, 119, 104,
    120, 121, 122, 109, 123, 124, 125, 104, 104, 125, 106, 104, 106, 126, 126, 104,
    127, 128, 129, 130, 131, 132, 133, 134, 135, 135, 133, 135, 135, 135, 136, 135,
    136, 137, 138, 139, 136, 140, 141, 135, 135, 141, 142, 135, 142, 136, 136, 135,
    132, 143, 130, 144, 145, 135, 146, 147, 142, 142, 143, 133, 135, 139, 135, 148,
    142, 149, 150, 151, 152, 113, 130, 117, 153, 154, 133, 125, 141, 155, 156, 109,
    156, 157, 143, 126, 136, 126, 136,  21,  55,  21,  55,  21,  55,  21,  55,  21,
     55,  21,  55,  21,  55,  21,  55,  21,  55,  21,  55,  21,  55,  21,  55,  25,
     59,  25,  59,  25,  59,  25,  59,  25,  59,  25,  59,  25,  59,  25,  59,  28,
     56,  28,  56,  34,  59,  34,  59,  34,  59,  34,  59,  34,  59,  34,  59,  34,
     59, 158, 159, 158, 159, 158, 159, 158, 159, 158, 159,  79,  56,  79,  56, 160,
     98, 160,  98, 160,  98, 160,  98, 160,  98,  80,  64, 161,  64, 161,  64, 161,
     64,   5,   5,   5,   5,   5, 162, 163, 164, 162, 163, 164,   4,  69,  75, 165,
    166, 167, 168, 169, 170, 171, 172, 173,  51,
};

static const uint16_t literatamono_18_boldKernRightCodepoints[] = {
    0x0021, 0x0022, 0x0025, 0x0026, 0x0027, 0x0029, 0x002A, 0x002B, 0x002C, 0x002D, 0x002E, 0x002F,
    0x0030, 0x0031, 0x0032, 0x0033, 0x0034, 0x0035, 0x0036, 0x0037, 0x0038, 0x0039, 0x003A, 0x003B,
    0x003D, 0x003F, 0x0040, 0x0041, 0x0043, 0x0047, 0x004A, 0x004D, 0x004E, 0x004F, 0x0051, 0x0053,
    0x0054, 0x0055, 0x0056, 0x0057, 0x0058, 0x0059, 0x005A, 0x005C, 0x005D, 0x0061, 0x0062, 0x0063,
    0x0064, 0x0065, 0x0066, 0x0067, 0x0068, 0x0069, 0x006A, 0x006B, 0x006C, 0x006D, 0x006E, 0x006F,
    0x0070, 0x0071, 0x0072, 0x0073, 0x0074, 0x0075, 0x0076, 0x0077, 0x0078, 0x0079, 0x007A, 0x00AB,
    0x00AD, 0x00B0, 0x00B2, 0x00B3, 0x00B7, 0x00B9, 0x00BB, 0x00BF, 0x00C0, 0x00C1, 0x00C2, 0x00C3,
    0x00C4, 0x00C5, 0x00C6, 0x00C7, 0x00D1, 0x00D2, 0x00D3, 0x00D4, 0x00D5, 0x00D6, 0x00D7, 0x00D8,
    0x00D9, 0x00DA, 0x00DB, 0x00DC, 0x00DD, 0x00E0, 0x00E1, 0x00E2, 0x00E3, 0x00E4, 0x00E5, 0x00E6,
    0x00E7, 0x00E8, 0x00E9, 0x00EA, 0x00EB, 0x00EC, 0x00ED, 0x00EE, 0x00EF, 0x00F0, 0x00F1, 0x00F2,
    0x00F3, 0x00F4, 0x00F5, 0x00F6, 0x00F8, 0x00F9, 0x00FA, 0x00FB, 0x00FC, 0x00FD, 0x00FE, 0x00FF,
    0x0100, 0x0101, 0x0102, 0x0103, 0x0104, 0x0105, 0x0106, 0x0107, 0x0108, 0x0109, 0x010A, 0x010B,
    0x010C, 0x010D, 0x010F, 0x0111, 0x0113, 0x0115, 0x0117, 0x0119, 0x011B, 0x011C, 0x011D, 0x011E,
    0x011F, 0x0120, 0x0121, 0x0122, 0x0123, 0x0125, 0x0127, 0x0129, 0x012B, 0x012D, 0x012F, 0x0131,
    0x0134, 0x0135, 0x0137, 0x0138, 0x013A, 0x013C, 0x013E, 0x0140, 0x0142, 0x0143, 0x0144, 0x0145,
    0x0146, 0x0147, 0x0148, 0x0149, 0x014A, 0x014B, 0x014C, 0x014D, 0x014E, 0x014F, 0x0150, 0x0151,
    0x0152, 0x0153, 0x0155, 0x0157, 0x0159, 0x015A, 0x015B, 0x015C, 0x015D, 0x015E, 0x015F, 0x0160,
    0x0161, 0x0162, 0x0163, 0x0164, 0x0165, 0x0166, 0x0167, 0x0168, 0x0169, 0x016A, 0x016B, 0x016C,
    0x016D, 0x016E, 0x016F, 0x0170, 0x0171, 0x0172, 0x0173, 0x0174, 0x0175, 0x0176, 0x0177, 0x0178,
    0x0179, 0x017A, 0x017B, 0x017C, 0x017D, 0x017E, 0x01A0, 0x01A1, 0x01AF, 0x01B0, 0x01C6, 0x01C9,
    0x01CA, 0x01CC, 0x01CD, 0x01CE, 0x01D0, 0x01D1, 0x01D2, 0x01D3, 0x01D4, 0x01D5, 0x01D6, 0x01D7,
    0x01D8, 0x01D9, 0x01DA, 0x01DB, 0x01DC, 0x01E6, 0x01E7, 0x01EA, 0x01EB, 0x01FA, 0x01FB, 0x01FC,
    0x01FD, 0x01FE, 0x01FF, 0x0200, 0x0201, 0x0202, 0x0203, 0x0205, 0x0207, 0x0209, 0x020B, 0x020C,
    0x020D, 0x020E, 0x020F, 0x0211, 0x0213, 0x0214, 0x0215, 0x0216, 0x0217, 0x0218, 0x0219, 0x021A,
    0x021B, 0x0401, 0x0402, 0x0403, 0x0404, 0x0405, 0x0406, 0x0407, 0x0408, 0x0409, 0x040A, 0x040B,
    0x040C, 0x040D, 0x040E, 0x040F, 0x0410, 0x0411, 0x0412, 0x0413, 0x0414, 0x0415, 0x0416, 0x0417,
    0x0418, 0x0419, 0x041A, 0x041B, 0x041C, 0x041D, 0x041E, 0x041F, 0x0420, 0x0421, 0x0422, 0x0423,
    0x0424, 0x0425, 0x0426, 0x0427, 0x0428, 0x0429, 0x042A, 0x042B, 0x042C, 0x042D, 0x042E, 0x042F,
    0x0430, 0x0431, 0x0432, 0x0433, 0x0434, 0x0435, 0x0436, 0x0437, 0x0438, 0x0439, 0x043A, 0x043B,
    0x043C, 0x043D, 0x043E, 0x043F, 0x0440, 0x0441, 0x0442, 0x0443, 0x0444, 0x0445, 0x0446, 0x0447,
    0x0448, 0x0449, 0x044A, 0x044B, 0x044C, 0x044D, 0x044E, 0x044F, 0x0451, 0x0452, 0x0453, 0x0454,
    0x0455, 0x0456, 0x0457, 0x0458, 0x0459, 0x045A, 0x045B, 0x045C, 0x045D, 0x045E, 0x045F, 0x0462,
    0x0463, 0x046A, 0x046B, 0x0490, 0x0491, 0x0492, 0x0493, 0x0496, 0x0497, 0x049A, 0x049B, 0x04A2,
    0x04A3, 0x04AE, 0x04AF, 0x04B0, 0x04B1, 0x04BA, 0x04BB, 0x04D8, 0x04D9, 0x04E8, 0x04E9, 0x1EA0,
    0x1EA1, 0x1EA2, 0x1EA3, 0x1EA4, 0x1EA5, 0x1EA6, 0x1EA7, 0x1EA8, 0x1EA9, 0x1EAA, 0x1EAB, 0x1EAC,
    0x1EAD, 0x1EAE, 0x1EAF, 0x1EB0, 0x1EB1, 0x1EB2, 0x1EB3, 0x1EB4, 0x1EB5, 0x1EB6, 0x1EB7, 0x1EB9,
    0x1EBB, 0x1EBD, 0x1EBF, 0x1EC1, 0x1EC3, 0x1EC5, 0x1EC7, 0x1EC9, 0x1ECB, 0x1ECC, 0x1ECD, 0x1ECE,
    0x1ECF, 0x1ED0, 0x1ED1, 0x1ED2, 0x1ED3, 0x1ED4, 0x1ED5, 0x1ED6, 0x1ED7, 0x1ED8, 0x1ED9, 0x1EDA,
    0x1EDB, 0x1EDC, 0x1EDD, 0x1EDE, 0x1EDF, 0x1EE0, 0x1EE1, 0x1EE2, 0x1EE3, 0x1EE4, 0x1EE5, 0x1EE6,
    0x1EE7, 0x1EE8, 0x1EE9, 0x1EEA, 0x1EEB, 0x1EEC, 0x1EED, 0x1EEE, 0x1EEF, 0x1EF0, 0x1EF1, 0x1EF2,
    0x1EF3, 0x1EF4, 0x1EF5, 0x1EF6, 0x1EF7, 0x1EF8, 0x1EF9, 0x2010, 0x2012, 0x2013, 0x2014, 0x2015,
    0x2018, 0x2019, 0x201A, 0x201C, 0x201D, 0x201E, 0x2022, 0x2026, 0x2030, 0x2039, 0x203A, 0x2070,
    0x2074, 0x2075, 0x2076, 0x2077, 0x2078, 0x2079, 0x2206, 0x2212, 0xFB01, 0xFB02,
};

static const uint8_t literatamono_18_boldKernRightClassIds[] = {
      1,   2,   3,   4,   2,   5,   6,   7,   8,   9,  10,  11,  12,  13,  14,  15,
     16,  17,  18,  19,  20,  21,  22,  23,  24,  25,  26,  27,  28,  28,  29,  30,
     31,  32,  28,  33,  34,  35,  36,  37,  38,  39,  40,  41,  42,  43,  44,  45,
     46,  45,  47,  48,  49,  50,  51,  49,  49,  52,  53,  54,  55,  45,  53,  56,
     57,  58,  59,  60,  61,  62,  63,  64,   9,  65,  66,  67,  68,  69,  70,  71,
     72,  73,  72,  72,  72,  72,  74,  28,  31,  28,  28,  28,  28,  28,  75,  28,
     76,  76,  76,  76,  77,  78,  78,  79,  80,  81,  82,  78,  83,  83,  83,  84,
     85,  86,  50,  87,  88,  89,  90,  83,  83,  91,  92,  93,  83,  94,  94,  94,
     95,  96,  97,  96,  72,  98,  72,  99,  72, 100,  28,  83,  28,  83,  28,  83,
     28, 101,  83,  83,  83, 102,  83,  83,  83,  28, 103,  28, 104,  28, 103,  28,
    103,  49,  49, 105, 106, 107,  50, 108,  29, 109,  49,  90,  49,  49,  49,  49,
    110,  31,  90,  31,  90,  31,  90, 111,  31,  90,  28,  83,  28,  83,  28,  83,
     28,  83, 112, 111, 112,  33, 113,  33, 114,  33, 113,  33, 115, 116, 117, 118,
    117, 118, 117,  76,  94,  76,  94,  76,  94,  76,  94,  76,  94,  76,  94, 119,
    120,  77,  96,  77,  40, 121,  40, 121,  40, 122,  28, 123,  76,  94,  83,  49,
     31, 108, 124, 100, 125,  28,  83,  76,  94,  76,  94,  76,  94,  76,  94,  76,
     94,  28, 103,  28,  83,  72, 126,  72, 126,  28, 123, 124, 127, 124, 128, 129,
     83, 130, 131,  28, 132,  28,  83, 133, 108,  76,  94,  76,  94,  33, 113, 116,
    117, 134, 135, 134, 136, 137, 134, 134, 138, 139, 134, 140, 134, 134, 141, 134,
    142, 134, 134, 134, 143, 134, 144, 145, 134, 134, 134, 139, 146, 134, 147, 134,
    134, 147, 148, 141, 149, 150, 134, 151, 134, 134, 152, 134, 134, 153, 134, 154,
    155, 156, 157, 157, 158, 159, 160, 161, 162, 157, 162, 163, 164, 162, 165, 162,
    166, 167, 168, 169, 170, 171, 162, 172, 162, 162, 173, 157, 174, 175, 176, 177,
    178, 179, 157, 180, 181, 182, 183, 184, 163, 157, 179, 157, 157, 169, 157, 185,
    186, 187, 188, 134, 157, 134, 157, 144, 160, 134, 157, 134, 157, 189, 190, 191,
    190, 134, 179, 147, 165, 147, 165, 124, 100, 124, 100, 124, 192, 124, 193, 124,
    192, 124, 192, 124, 192, 124, 100, 124, 100, 124, 100, 124, 100, 124, 100,  83,
     83, 194,  83,  83,  83,  83,  83, 195,  50,  28,  83,  28,  83,  28,  83,  28,
     83,  28,  83,  28,  83,  28,  83,  28,  83,  28,  83,  28,  83,  28,  83,  28,
     83,  76,  94,  76,  94,  76,  94,  76,  94,  76,  94,  76,  94,  76,  94,  77,
     96, 196, 197, 196, 197, 196, 197,   9,   9,   9,   9,   9, 198, 199, 200, 201,
    202, 200,   7, 203,   3, 204, 205, 206, 207, 208, 206, 209, 210, 211, 212, 213,
     47,  47,
};

static const uint16_t literatamono_18_boldKernRowOffsets[] = {
        0,    72,    89,   132,   216,   259,   398,   403,   413,   416,   427,   437,   449,   454,   479,   488,
      499,   503,   507,   509,   548,   609,   646,   733,   792,   829,   928,   962,   996,  1084,  1152,  1194,
     1289,  1384,  1430,  1489,  1535,  1626,  1689,  1785,  1876,  1976,  2075,  2113,  2211,  2244,  2253,  2342,
     2396,  2444,  2474,  2519,  2567,  2619,  2668,  2722,  2773,  2812,  2860,  2908,  2967,  3012,  3036,  3108,
     3163,  3213,  3238,  3270,  3334,  3352,  3353,  3356,  3366,  3389,  3390,  3416,  3480,  3526,  3533,  3624,
     3722,  3744,  3773,  3827,  3881,  3929,  3980,  4039,  4123,  4165,  4249,  4294,  4390,  4469,  4568,  4661,
     4716,  4818,  4867,  4873,  4890,  4958,  4960,  4962,  4963,  4972,  4984,  4992,  5026,  5077,  5120,  5149,
     5178,  5246,  5271,  5305,  5315,  5349,  5372,  5411,  5447,  5493,  5546,  5571,  5600,  5607,  5646,  5658,
     5667,  5674,  5694,  5697,  5701,  5717,  5724,  5726,  5745,  5757,  5770,  5802,  5813,  5820,  5829,  5836,
     5848,  5849,  5851,  5852,  5864,  5898,  5914,  5982,  6002,  6018,  6052,  6103,  6114,  6126,  6219,  6274,
     6376,  6474,  6584,  6680,  6725,  6726,  6728,  6731,  6735,  6737,  6742,  6751,  6756,  6780,
};

static const uint8_t literatamono_18_boldKernSparseCols[] = {
      7,   9,  15,  17,  26,  27,  28,  29,  31,  32,  42,  44,  45,  46,  47,  51,
     52,  53,  54,  55,  56,  58,  60,  61,  62,  71,  72,  73,  77,  78,  79,  80,
     81,  82,  83,  84,  88,  89,  90,  91,  92,  95,  97,  98,  99, 100, 101, 102,
    103, 107, 110, 111, 112, 113, 114, 116, 120, 121, 122, 123, 125, 126, 127, 128,
    131, 132, 191, 192, 193, 196, 202, 211,  29,  33,  34,  35,  36,  38,  39,  43,
     57,  75,  76,  93,  94, 115, 117, 118, 195,  15,  19,  26,  28,  42,  43,  44,
     45,  47,  53,  71,  72,  73,  77,  78,  79,  80,  81,  82,  83,  84,  88,  90,
     91,  92,  97,  98,  99, 100, 101, 102, 103, 122, 123, 125, 126, 127, 128, 131,
    191, 192, 193, 211,   1,  15,  18,  24,  27,  31,  33,  34,  35,  36,  38,  43,
     44,  45,  53,  56,  57,  58,  59,  61,  65,  66,  68,  75,  76,  82,  83,  84,
     88,  90,  91,  92,  93,  94,  95, 100, 101, 115, 116, 117, 118, 119, 122, 128,
    131, 134, 135, 139, 140, 146, 147, 148, 150, 151, 155, 158, 160, 164, 166, 167,
    168, 169, 171, 172, 174, 177, 179, 184, 188, 189, 190, 193, 195, 196, 197, 198,
    200, 201, 205, 206, 207, 208, 209, 210,  13,  14,  18,  20,  26,  28,  32,  33,
     35,  36,  37,  38,  39,  58,  59,  61,  71,  72,  73,  76,  95, 115, 117, 118,
    119, 123, 134, 138, 139, 140, 141, 145, 147, 149, 151, 153, 162, 184, 188, 190,
    195, 196, 211,   7,   9,  10,  11,  13,  14,  15,  16,  17,  18,  20,  25,  26,
     27,  28,  31,  32,  33,  42,  44,  45,  46,  47,  49,  51,  52,  53,  54,  55,
     56,  57,  58,  59,  60,  61,  62,  71,  72,  73,  77,  78,  79,  80,  81,  82,
     83,  84,  85,  86,  87,  88,  89,  90,  91,  92,  93,  94,  95,  97,  98,  99,
    100, 101, 102, 103, 104, 105, 106, 107, 110, 111, 112, 113, 114, 115, 116, 117,
    119, 120, 121, 122, 123, 124, 125, 126, 127, 128, 129, 130, 131, 132, 135, 136,
    137, 138, 141, 142, 143, 145, 146, 148, 153, 154, 155, 156, 157, 158, 159, 160,
    161, 162, 163, 164, 165, 166, 167, 168, 169, 170, 171, 172, 173, 174, 175, 176,
    177, 179, 180, 181, 182, 186, 187, 191, 192, 193, 194, 196, 202, 211,  13,  14,
     16,  18,  64,   1,   2,  15,  18,  40,  64, 197, 198, 200, 201,  16,  18,  74,
     10,  13,  14,  15,  16,  18,  20,  40,  74, 198, 201,   1,   2,   5,  18,  40,
     64, 197, 198, 200, 201,   1,   5,  13,  14,  18,  20,  40,  64, 197, 198, 200,
    201,  14,  16,  18,  20,  64,   2,   5,   7,   8,   9,  10,  12,  13,  14,  15,
     16,  17,  19,  21,  22,  23,  64,  74, 197, 198, 199, 200, 201, 202, 212,   5,
     13,  14,  18,  20,  40,  64, 198, 201,   7,   9,  13,  14,  15,  16,  18,  40,
     64,  74, 202,  13,  14,  15,  18,  13,  14,  18,  20,  63, 203,  10,  26,  32,
     33,  34,  35,  36,  37,  38,  39,  40,  43,  48,  56,  57,  58,  59,  60,  61,
     62,  71,  72,  75,  76,  93,  94,  95,  96, 109, 115, 116, 117, 118, 119, 120,
    121, 123, 195, 196,   1,   5,   8,  24,  27,  31,  33,  34,  35,  36,  38,  40,
     43,  44,  45,  51,  52,  53,  54,  56,  57,  58,  59,  61,  63,  67,  75,  76,
     82,  83,  84,  88,  89,  90,  91,  92,  93,  94,  95, 100, 101, 107, 110, 111,
    115, 116, 117, 118, 119, 122, 128, 131, 132, 193, 195, 196, 197, 198, 200, 201,
    203,   1,   5,  24,  26,  28,  33,  34,  35,  36,  37,  38,  39,  40,  56,  57,
     58,  59,  61,  71,  72,  75,  76,  93,  94,  95, 115, 116, 117, 118, 119, 123,
    195, 196, 197, 198, 200, 201,  26,  27,  31,  32,  33,  34,  35,  36,  38,  39,
     42,  43,  44,  45,  46,  47,  48,  51,  52,  53,  54,  55,  56,  57,  58,  59,
     60,  61,  62,  67,  71,  72,  73,  75,  76,  77,  78,  79,  80,  81,  82,  83,
     84,  87,  88,  89,  90,  91,  92,  93,  94,  95,  96,  97,  98,  99, 100, 101,
    102, 103, 107, 109, 110, 111, 112, 113, 114, 115, 116, 117, 118, 119, 120, 121,
    122, 123, 125, 126, 127, 128, 131, 132, 191, 192, 193, 195, 196,   1,   7,   9,
     10,  25,  26,  28,  29,  32,  33,  34,  35,  36,  37,  38,  39,  40,  42,  46,
     55,  58,  60,  61,  62,  71,  72,  73,  75,  76,  77,  78,  79,  80,  81,  95,
     97,  98,  99, 112, 113, 114, 115, 117, 118, 120, 121, 123, 125, 126, 127, 191,
    192, 195, 196, 197, 198, 200, 201, 202,  33,  34,  35,  38,  43,  48,  51,  52,
     54,  56,  57,  58,  59,  61,  75,  76,  87,  89,  93,  94,  95,  96, 107, 109,
    110, 111, 115, 116, 117, 119, 132, 195, 196, 197, 198, 200, 201,   3,   5,   7,
      8,   9,  10,  25,  26,  27,  28,  29,  31,  32,  34,  39,  42,  44,  45,  47,
     48,  49,  50,  51,  52,  53,  54,  55,  56,  57,  58,  59,  60,  61,  62,  63,
     71,  72,  73,  75,  77,  78,  79,  80,  81,  82,  83,  84,  85,  86,  87,  88,
     89,  90,  91,  92,  93,  94,  95,  96,  97,  98,  99, 100, 101, 102, 103, 104,
    105, 106, 107, 108, 109, 110, 111, 112, 113, 114, 116, 119, 120, 121, 122, 123,
    124, 125, 126, 127, 128, 129, 130, 131, 132, 191, 192, 193, 194, 196, 202, 203,
      1,   5,   8,  24,  28,  33,  34,  35,  36,  37,  38,  39,  40,  57,  58,  59,
     60,  61,  73,  75,  76,  93,  94,  95, 115, 117, 118, 119, 195, 196, 197, 198,
    200, 201,  44,  45,  50,  53,  56,  57,  58,  59,  61,  82,  83,  84,  86,  87,
     88,  90,  91,  92,  93,  94,  95, 100, 101, 104, 108, 116, 119, 122, 128, 129,
    130, 131, 193, 196,   3,   7,   9,  10,  25,  26,  28,  32,  42,  44,  45,  46,
     47,  49,  51,  52,  53,  54,  55,  56,  57,  58,  59,  60,  61,  62,  63,  67,
     71,  72,  73,  77,  78,  79,  80,  81,  82,  83,  84,  85,  86,  87,  88,  89,
     90,  91,  92,  93,  94,  95,  97,  98,  99, 100, 101, 102, 103, 104, 105, 106,
    107, 110, 111, 112, 113, 114, 116, 119, 120, 121, 122, 123, 124, 125, 126, 127,
    128, 129, 130, 131, 132, 191, 192, 193, 194, 196, 202, 203,   8,  24,  27,  31,
     33,  34,  35,  36,  38,  42,  43,  44,  45,  53,  54,  56,  57,  58,  59,  61,
     63,  67,  75,  76,  77,  78,  79,  80,  81,  82,  83,  84,  86,  87,  88,  90,
     91,  92,  93,  94,  95,  97,  98,  99, 100, 101, 105, 115, 116, 117, 118, 119,
    122, 125, 126, 127, 128, 131, 191, 192, 193, 195, 196, 197, 198, 200, 201, 203,
      1,   5,  24,  27,  28,  29,  31,  32,  33,  34,  35,  36,  38,  39,  40,  43,
     48,  54,  56,  57,  58,  59,  61,  67,  75,  76,  93,  94,  95,  96, 109, 115,
    116, 117, 118, 119, 195, 196, 197, 198, 200, 201,   1,  24,  27,  31,  33,  34,
     35,  36,  38,  39,  42,  43,  44,  45,  46,  47,  48,  49,  50,  51,  52,  53,
     54,  55,  56,  57,  58,  59,  61,  62,  75,  76,  77,  78,  79,  80,  81,  82,
     83,  84,  85,  86,  87,  88,  89,  90,  91,  92,  93,  94,  95,  96,  97,  98,
     99, 100, 101, 102, 103, 104, 105, 106, 107, 108, 109, 110, 111, 112, 113, 114,
    115, 116, 117, 118, 119, 120, 121, 122, 124, 125, 126, 127, 128, 129, 130, 131,
    132, 191, 192, 193, 194, 195, 196, 197, 200,   3,   7,   9,  10,  24,  25,  26,
     27,  28,  29,  31,  32,  39,  42,  44,  45,  46,  47,  48,  49,  50,  51,  52,
     53,  54,  55,  56,  57,  58,  59,  60,  61,  62,  71,  72,  73,  77,  78,  79,
     80,  81,  82,  83,  84,  85,  86,  87,  88,  89,  90,  91,  92,  93,  94,  95,
     96,  97,  98,  99, 100, 101, 102, 103, 104, 105, 106, 107, 108, 109, 110, 111,
    112, 113, 114, 116, 119, 120, 121, 122, 123, 124, 125, 126, 127, 128, 129, 130,
    131, 132, 191, 192, 193, 194, 196, 202,   1,   3,   4,   7,   9,  10,  24,  26,
     28,  29,  32,  33,  34,  35,  36,  37,  38,  39,  40,  41,  48,  58,  61,  62,
     71,  72,  73,  75,  76,  95,  96, 109, 115, 117, 118, 120, 121, 123, 195, 196,
    197, 198, 199, 200, 201, 202,   1,   3,   7,   9,  10,  25,  26,  28,  38,  39,
     40,  42,  44,  45,  47,  53,  55,  62,  71,  72,  73,  76,  77,  78,  79,  80,
     81,  82,  83,  84,  87,  88,  90,  91,  92,  97,  98,  99, 100, 101, 102, 103,
    112, 113, 114, 120, 121, 122, 123, 125, 126, 127, 128, 131, 191, 192, 193, 195,
    202,   1,   3,   4,   7,   9,  10,  24,  26,  28,  29,  32,  33,  34,  35,  36,
     37,  38,  39,  40,  41,  48,  58,  61,  62,  71,  72,  73,  75,  76,  95,  96,
    109, 115, 117, 118, 120, 121, 123, 195, 196, 197, 198, 199, 200, 201, 202,   1,
      5,   8,  24,  27,  31,  32,  33,  34,  35,  36,  38,  40,  42,  43,  44,  45,
     47,  48,  50,  51,  52,  53,  54,  55,  56,  57,  58,  59,  61,  62,  63,  67,
     75,  76,  77,  78,  79,  80,  81,  82,  83,  84,  88,  89,  90,  91,  92,  93,
     94,  95,  96,  97,  98,  99, 100, 101, 102, 103, 107, 108, 109, 110, 111, 112,
    113, 114, 115, 116, 117, 118, 119, 120, 121, 122, 125, 126, 127, 128, 131, 132,
    191, 192, 193, 195, 196, 197, 198, 200, 201, 203,   5,  24,  26,  28,  29,  30,
     33,  35,  36,  37,  38,  39,  42,  43,  46,  51,  52,  54,  56,  57,  58,  59,
     60,  61,  62,  71,  72,  73,  76,  77,  78,  79,  80,  81,  87,  89,  93,  94,
     95,  97,  98,  99, 107, 110, 111, 115, 116, 117, 118, 119, 120, 121, 123, 125,
    126, 127, 132, 191, 192, 195, 196, 197, 200,   3,   7,   8,   9,  10,  21,  22,
     25,  26,  27,  28,  29,  31,  32,  39,  42,  44,  45,  46,  47,  48,  49,  50,
     51,  52,  53,  54,  55,  56,  57,  58,  61,  62,  63,  67,  71,  72,  73,  77,
     78,  79,  80,  81,  82,  83,  84,  85,  86,  87,  88,  89,  90,  91,  92,  93,
     94,  95,  96,  97,  98,  99, 100, 101, 102, 103, 104, 106, 107, 108, 109, 110,
    111, 112, 113, 114, 116, 120, 121, 122, 123, 124, 125, 126, 127, 128, 129, 130,
    131, 132, 191, 192, 193, 194, 196, 202, 203,   3,   7,   9,  10,  25,  26,  27,
     28,  29,  31,  32,  39,  42,  44,  45,  46,  47,  49,  50,  51,  52,  53,  54,
     55,  56,  57,  58,  59,  60,  61,  62,  71,  72,  73,  77,  78,  79,  80,  81,
     82,  83,  84,  85,  86,  87,  88,  89,  90,  91,  92,  93,  94,  95,  97,  98,
     99, 100, 101, 102, 103, 104, 105, 106, 107, 108, 110, 111, 112, 113, 114, 116,
    119, 120, 121, 122, 123, 124, 125, 126, 127, 128, 129, 130, 131, 132, 191, 192,
    193, 194, 196, 202,   3,   7,   8,   9,  10,  21,  22,  25,  26,  27,  28,  29,
     31,  32,  39,  42,  43,  44,  45,  46,  47,  49,  50,  51,  52,  53,  54,  55,
     56,  57,  58,  59,  60,  61,  62,  63,  67,  69,  71,  72,  73,  77,  78,  79,
     80,  81,  82,  83,  84,  85,  86,  87,  88,  89,  90,  91,  92,  93,  94,  95,
     97,  98,  99, 100, 101, 102, 103, 104, 105, 106, 107, 108, 110, 111, 112, 113,
    114, 116, 119, 120, 121, 122, 123, 124, 125, 126, 127, 128, 129, 130, 131, 132,
    191, 192, 193, 194, 196, 202, 203, 204,   3,   7,   8,   9,  10,  21,  22,  25,
     26,  27,  28,  29,  31,  32,  42,  43,  44,  45,  46,  47,  49,  50,  51,  52,
     53,  54,  55,  56,  57,  58,  59,  60,  61,  62,  63,  67,  69,  71,  72,  73,
     77,  78,  79,  80,  81,  82,  83,  84,  85,  86,  87,  88,  89,  90,  91,  92,
     93,  94,  95,  97,  98,  99, 100, 101, 102, 103, 104, 105, 106, 107, 108, 110,
    111, 112, 113, 114, 116, 119, 120, 121, 122, 123, 124, 125, 126, 127, 128, 129,
    130, 131, 132, 191, 192, 193, 194, 196, 202, 203, 204,   8,  27,  31,  33,  44,
     45,  53,  56,  57,  58,  59,  61,  63,  67,  82,  83,  84,  87,  88,  90,  91,
     92,  93,  94,  95, 100, 101, 115, 116, 117, 119, 122, 128, 129, 131, 193, 196,
    203,   3,   7,   8,   9,  10,  21,  22,  25,  26,  27,  28,  29,  31,  32,  42,
     44,  45,  46,  47,  49,  50,  51,  52,  53,  54,  55,  56,  57,  58,  59,  60,
     61,  62,  63,  67,  69,  71,  72,  73,  77,  78,  79,  80,  81,  82,  83,  84,
     85,  86,  87,  88,  89,  90,  91,  92,  93,  94,  95,  97,  98,  99, 100, 101,
    102, 103, 104, 105, 106, 107, 108, 110, 111, 112, 113, 114, 116, 119, 120, 121,
    122, 123, 124, 125, 126, 127, 128, 129, 130, 131, 132, 191, 192, 193, 194, 196,
    202, 203, 204,  27,  28,  29,  31,  32,  33,  34,  50,  51,  52,  54,  56,  57,
     58,  59,  61,  75,  87,  89,  93,  94,  95, 104, 107, 108, 110, 111, 115, 116,
    117, 119, 132, 196,  47,  50,  58,  61,  95, 102, 103, 108, 196,  11,  14,  15,
     16,  17,  18,  19,  20,  27,  28,  31,  32,  33,  34,  35,  36,  38,  40,  42,
     44,  45,  53,  55,  56,  57,  58,  59,  61,  62,  75,  76,  77,  78,  79,  80,
     81,  82,  83,  84,  88,  90,  91,  92,  93,  94,  95,  97,  98,  99, 100, 101,
    112, 113, 114, 115, 116, 117, 118, 119, 120, 121, 122, 125, 126, 127, 128, 131,
    134, 135, 139, 140, 146, 147, 148, 150, 151, 155, 167, 171, 172, 184, 188, 189,
    190, 191, 192, 193, 195, 196,   1,   5,  24,  25,  33,  40,  43,  44,  45,  50,
     51,  52,  53,  54,  55,  56,  57,  58,  59,  61,  82,  83,  84,  88,  89,  90,
     91,  92,  93,  94,  95, 100, 101, 107, 108, 110, 111, 112, 113, 114, 115, 116,
    117, 119, 122, 128, 131, 132, 193, 196, 197, 198, 200, 201,   0,   1,   5,   7,
      9,  10,  24,  25,  33,  40,  43,  48,  51,  52,  54,  55,  56,  57,  58,  59,
     60,  61,  62,  89,  93,  94,  95,  96, 107, 109, 110, 111, 112, 113, 114, 115,
    116, 117, 119, 120, 121, 132, 196, 197, 198, 200, 201, 202,   1,   5,  24,  40,
     44,  45,  48,  53,  57,  82,  83,  84,  88,  90,  91,  92,  93,  94,  96, 100,
    101, 109, 122, 128, 131, 193, 197, 198, 200, 201,   1,  24,  25,  44,  45,  47,
     50,  51,  52,  53,  54,  56,  57,  58,  59,  61,  82,  83,  84,  88,  89,  90,
     91,  92,  93,  94,  95, 100, 101, 102, 103, 107, 108, 110, 111, 116, 119, 122,
    128, 131, 132, 193, 196, 198, 201,   0,   1,   5,   7,   9,  10,  24,  25,  33,
     40,  43,  48,  51,  52,  54,  55,  56,  57,  58,  59,  60,  61,  62,  89,  93,
     94,  95,  96, 107, 109, 110, 111, 112, 113, 114, 115, 116, 117, 119, 120, 121,
    132, 196, 197, 198, 200, 201, 202,   0,   1,   4,   5,   7,   8,   9,  24,  40,
     41,  42,  44,  45,  53,  55,  63,  67,  77,  78,  79,  80,  81,  82,  83,  84,
     88,  90,  91,  92,  97,  98,  99, 100, 101, 112, 113, 114, 122, 125, 126, 127,
    128, 131, 191, 192, 193, 197, 198, 200, 201, 202, 203,   1,   3,   5,  24,  25,
     40,  42,  43,  44,  45,  48,  53,  55,  63,  67,  77,  78,  79,  80,  81,  82,
     83,  84,  88,  90,  91,  92,  96,  97,  98,  99, 100, 101, 109, 112, 113, 114,
    122, 125, 126, 127, 128, 131, 191, 192, 193, 197, 200, 203,   1,   5,  24,  25,
     33,  40,  43,  44,  45,  50,  51,  52,  53,  54,  55,  56,  57,  58,  59,  61,
     82,  83,  84,  88,  89,  90,  91,  92,  93,  94,  95, 100, 101, 107, 108, 110,
    111, 112, 113, 114, 115, 116, 117, 119, 122, 128, 131, 132, 193, 196, 197, 198,
    200, 201,   0,   1,   5,  24,  33,  34,  35,  36,  38,  40,  43,  44,  45,  47,
     53,  56,  57,  58,  59,  61,  75,  76,  82,  83,  84,  88,  90,  91,  92,  93,
     94,  95, 100, 101, 102, 103, 115, 116, 117, 118, 119, 122, 128, 131, 193, 195,
    196, 197, 198, 200, 201,  24,  42,  43,  47,  48,  56,  57,  58,  59,  60,  61,
     62,  77,  78,  79,  80,  81,  93,  94,  95,  96,  97,  98,  99, 102, 103, 109,
    116, 119, 120, 121, 125, 126, 127, 191, 192, 196, 198, 201,   1,   5,   8,  25,
     40,  43,  44,  45,  51,  52,  53,  54,  56,  57,  58,  59,  61,  63,  67,  82,
     83,  84,  88,  89,  90,  91,  92,  93,  94,  95, 100, 101, 107, 110, 111, 116,
    119, 122, 128, 131, 132, 193, 196, 197, 198, 200, 201, 203,   0,   1,   5,   7,
      9,  10,  24,  25,  33,  40,  43,  48,  51,  52,  54,  55,  56,  57,  58,  59,
     60,  61,  62,  89,  93,  94,  95,  96, 107, 109, 110, 111, 112, 113, 114, 115,
    116, 117, 119, 120, 121, 132, 196, 197, 198, 200, 201, 202,   0,   1,   5,  10,
     24,  25,  40,  42,  43,  44,  45,  46,  48,  53,  55,  56,  57,  58,  59,  61,
     77,  78,  79,  80,  81,  82,  83,  84,  88,  90,  91,  92,  93,  94,  95,  96,
     97,  98,  99, 100, 101, 109, 112, 113, 114, 116, 119, 122, 125, 126, 127, 128,
    131, 191, 192, 193, 196, 198, 201,   1,   3,   7,   9,  10,  25,  40,  42,  43,
     44,  45,  48,  53,  62,  77,  78,  79,  80,  81,  82,  83,  84,  88,  90,  91,
     92,  96,  97,  98,  99, 100, 101, 109, 120, 121, 122, 125, 126, 127, 128, 131,
    191, 192, 193, 202,   0,   1,  24,  25,  40,  43,  56,  57,  58,  59,  61,  62,
     93,  94,  95, 116, 119, 120, 121, 196, 197, 198, 200, 201,   1,  10,  24,  25,
     40,  42,  43,  44,  45,  47,  51,  52,  53,  54,  55,  56,  57,  58,  59,  60,
     61,  62,  63,  69,  77,  78,  79,  80,  81,  82,  83,  84,  88,  89,  90,  91,
     92,  93,  94,  95,  97,  98,  99, 100, 101, 102, 103, 107, 110, 111, 112, 113,
    114, 116, 119, 120, 121, 122, 125, 126, 127, 128, 131, 132, 191, 192, 193, 196,
    198, 201, 203, 204,   1,   3,   7,   8,   9,  10,  25,  40,  42,  43,  44,  45,
     47,  48,  53,  55,  63,  67,  77,  78,  79,  80,  81,  82,  83,  84,  88,  90,
     91,  92,  96,  97,  98,  99, 100, 101, 102, 103, 109, 112, 113, 114, 122, 125,
    126, 127, 128, 131, 191, 192, 193, 198, 201, 202, 203,   3,   7,   8,   9,  10,
     25,  40,  42,  44,  45,  47,  48,  53,  55,  63,  77,  78,  79,  80,  81,  82,
     83,  84,  88,  90,  91,  92,  96,  97,  98,  99, 100, 101, 102, 103, 109, 112,
    113, 114, 122, 125, 126, 127, 128, 131, 191, 192, 193, 202, 203,   1,  25,  40,
     43,  44,  45,  53,  56,  63,  67,  82,  83,  84,  88,  90,  91,  92, 100, 101,
    116, 122, 128, 131, 193, 203,   1,  24,  25,  40,  43,  44,  45,  53,  56,  58,
     59,  61,  82,  83,  84,  88,  90,  91,  92,  95, 100, 101, 109, 116, 119, 122,
    128, 131, 193, 196, 198, 201,  27,  31,  33,  34,  35,  36,  38,  39,  42,  43,
     44,  45,  53,  55,  56,  57,  58,  59,  61,  75,  76,  77,  78,  79,  80,  81,
     82,  83,  84,  88,  90,  91,  92,  93,  94,  95,  97,  98,  99, 100, 101, 112,
    113, 114, 115, 116, 117, 118, 119, 122, 125, 126, 127, 128, 131, 191, 192, 193,
    195, 196, 197, 198, 200, 201,  35,  36,  38,  76, 118, 133, 134, 139, 140, 141,
    145, 147, 150, 151, 184, 188, 190, 195, 208,  66, 207, 210,   5,   7,   8,   9,
     40, 197, 198, 200, 201, 202,  26,  28,  33,  35,  36,  37,  38,  56,  58,  60,
     61,  71,  72,  73,  76,  95, 115, 116, 117, 118, 123, 195, 196, 208,   7,   9,
     26,  33,  35,  36,  37,  38,  56,  58,  59,  60,  61,  71,  72,  76,  95, 115,
    116, 117, 118, 119, 123, 195, 196, 202,  27,  28,  31,  33,  34,  35,  36,  38,
     42,  43,  44,  45,  53,  55,  56,  57,  58,  59,  61,  75,  76,  77,  78,  79,
     80,  81,  82,  83,  84,  88,  90,  91,  92,  93,  94,  95,  97,  98,  99, 100,
    101, 112, 113, 114, 115, 116, 117, 118, 119, 122, 125, 126, 127, 128, 131, 191,
    192, 193, 195, 196, 197, 198, 200, 201,   1,   3,   4,   7,   9,  10,  24,  26,
     28,  29,  32,  33,  34,  35,  36,  37,  38,  39,  40,  41,  48,  58,  61,  62,
     71,  72,  73,  75,  76,  95,  96, 109, 115, 117, 118, 120, 121, 123, 195, 196,
    197, 198, 199, 200, 201, 202,  12,  13,  14,  15,  16,  18,  20,   3,   7,   9,
     10,  25,  26,  27,  28,  29,  31,  32,  39,  42,  44,  45,  46,  47,  49,  50,
     51,  52,  53,  54,  55,  56,  57,  58,  59,  60,  61,  62,  71,  72,  73,  77,
     78,  79,  80,  81,  82,  83,  84,  85,  86,  87,  88,  89,  90,  91,  92,  93,
     94,  95,  97,  98,  99, 100, 101, 102, 103, 104, 105, 106, 107, 108, 110, 111,
    112, 113, 114, 116, 119, 120, 121, 122, 123, 124, 125, 126, 127, 128, 129, 130,
    131, 132, 191, 192, 193, 194, 196, 202,   3,   7,   8,   9,  10,  21,  22,  25,
     26,  27,  28,  29,  31,  32,  42,  44,  45,  46,  47,  49,  50,  51,  52,  53,
     54,  55,  56,  57,  58,  59,  60,  61,  62,  63,  67,  69,  71,  72,  73,  77,
     78,  79,  80,  81,  82,  83,  84,  85,  86,  87,  88,  89,  90,  91,  92,  93,
     94,  95,  97,  98,  99, 100, 101, 102, 103, 104, 105, 106, 107, 108, 110, 111,
    112, 113, 114, 116, 119, 120, 121, 122, 123, 124, 125, 126, 127, 128, 129, 130,
    131, 132, 191, 192, 193, 194, 196, 202, 203, 204,  26,  27,  28,  31,  35,  36,
     37,  38,  39,  60,  62,  71,  72,  73,  76, 118, 120, 121, 123, 195, 198, 201,
     43,  47,  50,  51,  52,  54,  56,  57,  58,  59,  60,  61,  62,  89,  93,  94,
     95, 102, 103, 107, 108, 110, 111, 116, 119, 120, 121, 132, 196,   1,   5,  24,
     25,  33,  40,  43,  44,  45,  50,  51,  52,  53,  54,  55,  56,  57,  58,  59,
     61,  82,  83,  84,  88,  89,  90,  91,  92,  93,  94,  95, 100, 101, 107, 108,
    110, 111, 112, 113, 114, 115, 116, 117, 119, 122, 128, 131, 132, 193, 196, 197,
    198, 200, 201,   1,   5,  24,  25,  33,  40,  43,  44,  45,  50,  51,  52,  53,
     54,  55,  56,  57,  58,  59,  61,  82,  83,  84,  88,  89,  90,  91,  92,  93,
     94,  95, 100, 101, 107, 108, 110, 111, 112, 113, 114, 115, 116, 117, 119, 122,
    128, 131, 132, 193, 196, 197, 198, 200, 201,   0,   1,   5,   7,   9,  10,  24,
     25,  33,  40,  43,  48,  51,  52,  54,  55,  56,  57,  58,  59,  60,  61,  62,
     89,  93,  94,  95,  96, 107, 109, 110, 111, 112, 113, 114, 115, 116, 117, 119,
    120, 121, 132, 196, 197, 198, 200, 201, 202,   0,   1,   5,  24,  33,  34,  35,
     36,  38,  40,  43,  44,  45,  47,  53,  56,  57,  58,  59,  61,  75,  76,  82,
     83,  84,  88,  90,  91,  92,  93,  94,  95, 100, 101, 102, 103, 115, 116, 117,
    118, 119, 122, 128, 131, 193, 195, 196, 197, 198, 200, 201,   1,   7,   9,  10,
     25,  26,  28,  29,  32,  33,  34,  35,  36,  37,  38,  39,  40,  42,  46,  55,
     58,  60,  61,  62,  71,  72,  73,  75,  76,  77,  78,  79,  80,  81,  95,  97,
     98,  99, 112, 113, 114, 115, 117, 118, 120, 121, 123, 125, 126, 127, 191, 192,
    195, 196, 197, 198, 200, 201, 202,   0,   1,   6,   7,   8,   9,  10,  21,  22,
     23,  24,  25,  42,  44,  45,  47,  50,  51,  52,  53,  54,  55,  56,  57,  58,
     59,  60,  61,  62,  63,  67,  69,  77,  78,  79,  80,  81,  82,  83,  84,  88,
     89,  90,  91,  92,  93,  94,  95,  97,  98,  99, 100, 101, 102, 103, 107, 108,
    110, 111, 112, 113, 114, 116, 119, 120, 121, 122, 125, 126, 127, 128, 131, 132,
    191, 192, 193, 196, 197, 198, 200, 201, 202, 203, 204,   1,   5,  24,  27,  28,
     29,  31,  32,  33,  34,  35,  36,  38,  39,  40,  43,  48,  54,  56,  57,  58,
     59,  61,  67,  75,  76,  93,  94,  95,  96, 109, 115, 116, 117, 118, 119, 195,
    196, 197, 198, 200, 201,   0,   1,   6,   7,   8,   9,  10,  21,  22,  23,  24,
     25,  42,  44,  45,  47,  50,  51,  52,  53,  54,  55,  56,  57,  58,  59,  60,
     61,  62,  63,  67,  69,  77,  78,  79,  80,  81,  82,  83,  84,  88,  89,  90,
     91,  92,  93,  94,  95,  97,  98,  99, 100, 101, 102, 103, 107, 108, 110, 111,
    112, 113, 114, 116, 119, 120, 121, 122, 125, 126, 127, 128, 131, 132, 191, 192,
    193, 196, 197, 198, 200, 201, 202, 203, 204,   1,  24,  25,  44,  45,  47,  50,
     51,  52,  53,  54,  56,  57,  58,  59,  61,  82,  83,  84,  88,  89,  90,  91,
     92,  93,  94,  95, 100, 101, 102, 103, 107, 108, 110, 111, 116, 119, 122, 128,
    131, 132, 193, 196, 198, 201,   3,   7,   8,   9,  10,  21,  22,  25,  26,  27,
     28,  29,  31,  32,  39,  42,  44,  45,  46,  47,  48,  49,  50,  51,  52,  53,
     54,  55,  56,  57,  58,  61,  62,  63,  67,  71,  72,  73,  77,  78,  79,  80,
     81,  82,  83,  84,  85,  86,  87,  88,  89,  90,  91,  92,  93,  94,  95,  96,
     97,  98,  99, 100, 101, 102, 103, 104, 106, 107, 108, 109, 110, 111, 112, 113,
    114, 116, 120, 121, 122, 123, 124, 125, 126, 127, 128, 129, 130, 131, 132, 191,
    192, 193, 194, 196, 202, 203,   1,   6,   7,   8,   9,  10,  21,  22,  23,  24,
     25,  40,  42,  43,  44,  45,  47,  51,  52,  53,  54,  55,  56,  57,  58,  59,
     60,  61,  62,  63,  67,  77,  78,  79,  80,  81,  82,  83,  84,  88,  89,  90,
     91,  92,  93,  94,  95,  97,  98,  99, 100, 101, 102, 103, 107, 110, 111, 112,
    113, 114, 116, 119, 120, 121, 122, 125, 126, 127, 128, 131, 132, 191, 192, 193,
    196, 198, 201, 202, 203,   3,   7,   8,   9,  10,  21,  22,  25,  26,  27,  28,
     29,  31,  32,  42,  43,  44,  45,  46,  47,  49,  50,  51,  52,  53,  54,  55,
     56,  57,  58,  59,  60,  61,  62,  63,  67,  69,  71,  72,  73,  77,  78,  79,
     80,  81,  82,  83,  84,  85,  86,  87,  88,  89,  90,  91,  92,  93,  94,  95,
     97,  98,  99, 100, 101, 102, 103, 104, 105, 106, 107, 108, 110, 111, 112, 113,
    114, 116, 119, 120, 121, 122, 123, 124, 125, 126, 127, 128, 129, 130, 131, 132,
    191, 192, 193, 194, 196, 202, 203, 204,   3,   7,   8,   9,  10,  21,  22,  25,
     26,  27,  28,  29,  31,  32,  34,  35,  36,  37,  38,  42,  44,  45,  46,  47,
     51,  52,  53,  54,  55,  56,  57,  58,  59,  60,  61,  62,  63,  69,  71,  72,
     73,  75,  76,  77,  78,  79,  80,  81,  82,  83,  84,  88,  89,  90,  91,  92,
     93,  94,  95,  97,  98,  99, 100, 101, 102, 103, 107, 110, 111, 112, 113, 114,
    116, 118, 119, 120, 121, 122, 123, 125, 126, 127, 128, 131, 132, 191, 192, 193,
    195, 196, 202, 203, 204,   3,   7,   8,   9,  10,  24,  25,  42,  44,  45,  51,
     52,  53,  54,  55,  62,  63,  77,  78,  79,  80,  81,  82,  83,  84,  88,  89,
     90,  91,  92,  97,  98,  99, 100, 101, 107, 110, 111, 112, 113, 114, 120, 121,
    122, 125, 126, 127, 128, 131, 132, 191, 192, 193, 202, 203,   3,   7,   8,   9,
     10,  25,  26,  27,  28,  29,  31,  32,  35,  36,  37,  38,  39,  42,  44,  45,
     46,  47,  49,  50,  51,  52,  53,  54,  55,  56,  57,  58,  59,  60,  61,  62,
     63,  69,  71,  72,  76,  77,  78,  79,  80,  81,  82,  83,  84,  85,  86,  87,
     88,  89,  90,  91,  92,  93,  94,  95,  97,  98,  99, 100, 101, 102, 103, 104,
    105, 106, 107, 108, 110, 111, 112, 113, 114, 116, 118, 119, 120, 121, 122, 123,
    124, 125, 126, 127, 128, 129, 130, 131, 132, 191, 192, 193, 194, 195, 196, 202,
    203, 204,   3,   5,   7,   8,   9,  10,  21,  22,  25,  42,  44,  45,  53,  55,
     62,  63,  77,  78,  79,  80,  81,  82,  83,  84,  88,  90,  91,  92,  97,  98,
     99, 100, 101, 112, 113, 114, 120, 121, 122, 125, 126, 127, 128, 131, 191, 192,
    193, 202, 203, 138, 140, 150, 188, 189, 190,  40, 140, 147, 150, 156, 161, 163,
    168, 170, 173, 175, 181, 182, 188, 190, 198, 201,   7,   8,   9,  10,  21,  22,
     26,  69,  71,  72, 123, 134, 135, 136, 137, 138, 139, 140, 141, 142, 143, 144,
    145, 146, 147, 148, 150, 151, 152, 153, 154, 155, 156, 157, 158, 159, 160, 161,
    162, 163, 164, 165, 166, 167, 168, 169, 170, 171, 172, 173, 174, 175, 176, 177,
    179, 180, 181, 182, 183, 184, 185, 186, 187, 188, 189, 190, 202, 204, 141, 145,
    141, 153, 171,   7,   9,  10, 141, 142, 143, 153, 186, 202,   8,  40, 134, 139,
    140, 145, 147, 150, 151, 184, 188, 190,  40, 140, 147, 150, 188, 190, 198, 201,
      8,  40,  69, 134, 135, 139, 140, 146, 147, 148, 149, 150, 151, 153, 154, 155,
    158, 164, 166, 167, 168, 169, 171, 172, 177, 179, 180, 184, 188, 189, 190, 198,
    201, 204,   7,   8,   9,  10,  21,  22,  69, 135, 136, 137, 138, 141, 142, 143,
    145, 146, 148, 153, 154, 155, 156, 157, 158, 159, 160, 161, 162, 163, 164, 165,
    166, 167, 168, 169, 170, 171, 172, 173, 174, 175, 176, 177, 179, 180, 181, 182,
    186, 187, 189, 202, 204,   8,  40, 134, 135, 138, 139, 140, 146, 147, 148, 150,
    151, 153, 154, 155, 156, 158, 160, 161, 163, 164, 165, 166, 167, 168, 169, 171,
    172, 173, 174, 175, 176, 177, 179, 181, 182, 184, 185, 188, 189, 190, 198, 201,
     40, 134, 137, 139, 140, 141, 145, 147, 149, 150, 151, 157, 159, 160, 162, 167,
    168, 170, 171, 172, 174, 176, 184, 187, 188, 189, 190, 198, 201,  40, 134, 137,
    139, 140, 143, 145, 147, 149, 150, 151, 153, 157, 159, 160, 162, 167, 168, 172,
    174, 176, 184, 186, 187, 188, 189, 190, 198, 201,   7,   8,   9,  10,  21,  22,
     26,  69,  71,  72, 123, 134, 135, 136, 137, 138, 139, 140, 141, 142, 143, 144,
    145, 146, 147, 148, 150, 151, 152, 153, 154, 155, 156, 157, 158, 159, 160, 161,
    162, 163, 164, 165, 166, 167, 168, 169, 170, 171, 172, 173, 174, 175, 176, 177,
    179, 180, 181, 182, 183, 184, 185, 186, 187, 188, 189, 190, 202, 204, 135, 136,
    137, 140, 146, 147, 148, 155, 158, 159, 160, 164, 166, 167, 168, 169, 171, 172,
    174, 177, 179, 187, 188, 189, 190,   8,  40,  69, 134, 135, 139, 140, 146, 147,
    148, 149, 150, 151, 153, 154, 155, 158, 164, 166, 167, 168, 169, 171, 172, 177,
    179, 180, 184, 188, 189, 190, 198, 201, 204,   7,   9, 140, 176, 188, 189, 190,
    198, 201, 202,   8,  40,  69, 134, 135, 139, 140, 146, 147, 148, 149, 150, 151,
    153, 154, 155, 158, 164, 166, 167, 168, 169, 171, 172, 177, 179, 180, 184, 188,
    189, 190, 198, 201, 204,   8, 134, 135, 137, 138, 139, 140, 143, 146, 147, 148,
    150, 151, 152, 154, 171, 184, 186, 188, 189, 190, 198, 201,   7,   9,  10,  40,
    137, 138, 140, 141, 142, 143, 145, 147, 149, 150, 153, 154, 156, 157, 159, 160,
    161, 162, 163, 168, 170, 171, 173, 174, 175, 176, 181, 182, 186, 187, 188, 190,
    198, 201, 202,   7,   9,  10, 135, 137, 138, 141, 142, 143, 145, 146, 148, 153,
    154, 156, 157, 158, 159, 160, 161, 162, 163, 164, 166, 169, 173, 174, 175, 176,
    177, 179, 181, 182, 186, 187, 202, 133, 135, 136, 137, 138, 140, 141, 143, 145,
    146, 147, 148, 150, 153, 154, 155, 156, 157, 158, 159, 160, 161, 162, 163, 164,
    166, 167, 168, 169, 171, 172, 173, 174, 175, 176, 177, 179, 180, 181, 182, 185,
    186, 187, 188, 189, 190,   7,   8,   9,  10,  21,  22,  69, 135, 136, 137, 138,
    141, 142, 143, 144, 145, 146, 148, 149, 153, 154, 155, 156, 157, 158, 159, 160,
    161, 162, 163, 164, 165, 166, 167, 168, 169, 170, 171, 172, 173, 174, 175, 176,
    177, 179, 180, 181, 182, 185, 186, 187, 202, 204,   7,   9,  10,  40, 137, 138,
    140, 141, 143, 145, 147, 149, 150, 153, 157, 160, 162, 174, 176, 186, 188, 190,
    198, 201, 202,   8, 134, 135, 139, 140, 144, 146, 147, 148, 150, 151, 154, 155,
    158, 160, 164, 166, 167, 168, 169, 171, 172, 174, 177, 179, 184, 188, 189, 190,
    135, 140, 146, 147, 188, 189, 190,   7,   9,  10,  40, 137, 138, 140, 141, 142,
    143, 145, 147, 149, 150, 153, 154, 156, 157, 159, 160, 161, 162, 163, 168, 170,
    171, 173, 174, 175, 176, 181, 182, 186, 187, 188, 190, 198, 201, 202,  40, 155,
    157, 162, 167, 168, 171, 172, 183, 189, 198, 201,   7,   9, 157, 162, 168, 170,
    176, 189, 202,  40, 167, 168, 171, 176, 198, 201,   7,   8,   9,  10,  40, 154,
    157, 158, 159, 162, 164, 166, 168, 169, 176, 177, 179, 180, 187, 202,  40, 198,
    201,  40, 155, 162, 168,  40, 154, 155, 158, 164, 166, 167, 168, 169, 171, 172,
    177, 179, 185, 198, 201,   7,   9,  40, 168, 198, 201, 202,  40, 168,   7,   9,
     10,  40, 157, 159, 160, 162, 165, 168, 170, 171, 174, 176, 187, 189, 198, 201,
    202,  40, 158, 164, 166, 168, 169, 170, 171, 177, 179, 198, 201,   7,   9,  10,
     40, 157, 159, 162, 168, 176, 187, 198, 201, 202,   7,   9,  10,  40, 154, 155,
    156, 157, 158, 159, 160, 161, 162, 163, 164, 165, 166, 167, 168, 169, 173, 174,
    175, 176, 177, 178, 179, 180, 181, 182, 187, 202,  40, 155, 158, 159, 162, 164,
    166, 169, 177, 179, 187,  40, 158, 164, 166, 169, 177, 179,   8,  40, 167, 168,
    171, 172, 189, 198, 201,  40, 160, 167, 168, 174, 198, 201,  40, 158, 164, 166,
    168, 169, 170, 171, 177, 179, 198, 201,  40,  40, 168, 168,   8,  40, 134, 139,
    140, 145, 147, 150, 151, 184, 188, 190,   8,  40,  69, 134, 135, 139, 140, 146,
    147, 148, 149, 150, 151, 153, 154, 155, 158, 164, 166, 167, 168, 169, 171, 172,
    177, 179, 180, 184, 188, 189, 190, 198, 201, 204,  40, 154, 155, 158, 164, 166,
    167, 168, 169, 171, 172, 177, 179, 185, 198, 201,   7,   8,   9,  10,  21,  22,
     26,  69,  71,  72, 123, 134, 135, 136, 137, 138, 139, 140, 141, 142, 143, 144,
    145, 146, 147, 148, 150, 151, 152, 153, 154, 155, 156, 157, 158, 159, 160, 161,
    162, 163, 164, 165, 166, 167, 168, 169, 170, 171, 172, 173, 174, 175, 176, 177,
    179, 180, 181, 182, 183, 184, 185, 186, 187, 188, 189, 190, 202, 204,   7,   8,
      9,  10,  40, 154, 157, 158, 159, 162, 164, 166, 168, 169, 176, 177, 179, 180,
    187, 202,  40, 154, 155, 158, 164, 166, 167, 168, 169, 171, 172, 177, 179, 185,
    198, 201,   8,  40,  69, 134, 135, 139, 140, 146, 147, 148, 149, 150, 151, 153,
    154, 155, 158, 164, 166, 167, 168, 169, 171, 172, 177, 179, 180, 184, 188, 189,
    190, 198, 201, 204,   7,   8,   9,  10,  21,  22,  69, 135, 136, 137, 138, 141,
    142, 143, 145, 146, 148, 153, 154, 155, 156, 157, 158, 159, 160, 161, 162, 163,
    164, 165, 166, 167, 168, 169, 170, 171, 172, 173, 174, 175, 176, 177, 179, 180,
    181, 182, 186, 187, 189, 202, 204,   7,   9,  10, 158, 162, 164, 166, 169, 177,
    179, 202,  40, 134, 139, 140, 147, 150, 151, 184, 188, 190, 198, 201,   3,   7,
      8,   9,  10,  21,  22,  25,  26,  27,  28,  29,  31,  32,  34,  35,  36,  37,
     38,  42,  44,  45,  46,  47,  51,  52,  53,  54,  55,  56,  57,  58,  59,  60,
     61,  62,  63,  69,  71,  72,  73,  75,  76,  77,  78,  79,  80,  81,  82,  83,
     84,  88,  89,  90,  91,  92,  93,  94,  95,  97,  98,  99, 100, 101, 102, 103,
    107, 110, 111, 112, 113, 114, 116, 118, 119, 120, 121, 122, 123, 125, 126, 127,
    128, 131, 132, 191, 192, 193, 195, 196, 202, 203, 204,   3,   7,   8,   9,  10,
     24,  25,  42,  44,  45,  51,  52,  53,  54,  55,  62,  63,  77,  78,  79,  80,
     81,  82,  83,  84,  88,  89,  90,  91,  92,  97,  98,  99, 100, 101, 107, 110,
    111, 112, 113, 114, 120, 121, 122, 125, 126, 127, 128, 131, 132, 191, 192, 193,
    202, 203,   3,   7,   8,   9,  10,  25,  26,  27,  28,  29,  31,  32,  35,  36,
     37,  38,  39,  42,  44,  45,  46,  47,  49,  50,  51,  52,  53,  54,  55,  56,
     57,  58,  59,  60,  61,  62,  63,  69,  71,  72,  76,  77,  78,  79,  80,  81,
     82,  83,  84,  85,  86,  87,  88,  89,  90,  91,  92,  93,  94,  95,  97,  98,
     99, 100, 101, 102, 103, 104, 105, 106, 107, 108, 110, 111, 112, 113, 114, 116,
    118, 119, 120, 121, 122, 123, 124, 125, 126, 127, 128, 129, 130, 131, 132, 191,
    192, 193, 194, 195, 196, 202, 203, 204,   3,   7,   8,   9,  10,  21,  22,  25,
     26,  27,  28,  29,  31,  32,  42,  44,  45,  46,  47,  49,  50,  51,  52,  53,
     54,  55,  56,  57,  58,  59,  60,  61,  62,  63,  67,  69,  71,  72,  73,  77,
     78,  79,  80,  81,  82,  83,  84,  85,  86,  87,  88,  89,  90,  91,  92,  93,
     94,  95,  97,  98,  99, 100, 101, 102, 103, 104, 105, 106, 107, 108, 110, 111,
    112, 113, 114, 116, 119, 120, 121, 122, 123, 124, 125, 126, 127, 128, 129, 130,
    131, 132, 191, 192, 193, 194, 196, 202, 203, 204,   7,   9,  15,  18,  26,  27,
     28,  29,  31,  42,  44,  45,  46,  47,  48,  51,  52,  53,  54,  55,  56,  70,
     71,  72,  73,  77,  78,  79,  80,  81,  82,  83,  84,  86,  87,  88,  89,  90,
     91,  92,  96,  97,  98,  99, 100, 101, 102, 103, 104, 105, 107, 108, 109, 110,
    111, 112, 113, 114, 116, 122, 123, 125, 126, 127, 128, 129, 130, 131, 132, 135,
    136, 137, 138, 141, 142, 143, 145, 146, 148, 153, 154, 155, 156, 157, 158, 159,
    160, 161, 162, 163, 164, 166, 167, 169, 173, 174, 175, 176, 177, 179, 180, 181,
    182, 186, 187, 191, 192, 193, 202, 211,   7,   9,  11,  15,  16,  17,  19,  26,
     27,  28,  31,  32,  39,  42,  44,  45,  46,  47,  48,  49,  50,  51,  52,  53,
     54,  55,  56,  57,  58,  59,  60,  61,  62,  70,  71,  72,  73,  77,  78,  79,
     80,  81,  82,  83,  84,  85,  86,  87,  88,  89,  90,  91,  92,  93,  94,  95,
     96,  97,  98,  99, 100, 101, 102, 103, 104, 105, 106, 107, 108, 109, 110, 111,
    112, 113, 114, 116, 119, 120, 121, 122, 123, 124, 125, 126, 127, 128, 129, 130,
    131, 132, 191, 192, 193, 194, 196, 202,  15,  17,  18,  24,  27,  31,  33,  34,
     35,  36,  38,  43,  44,  45,  53,  56,  57,  58,  59,  61,  75,  76,  82,  83,
     84,  88,  90,  91,  92,  93,  94,  95, 100, 101, 115, 116, 117, 118, 119, 122,
    128, 131, 193, 195, 196,  66, 208, 210,  65,  66, 208, 205, 206, 207, 209,  66,
    208,  65,  66,  68, 206, 208,   1,   5,   8,  24,  40, 197, 198, 200, 201,  13,
     14,  16,  18,  20,  47,  50,  51,  52,  54,  56,  57,  58,  59,  61,  89,  93,
     94,  95, 102, 103, 107, 108, 110, 111, 116, 119, 132, 196,
};

static const int8_t literatamono_18_boldKernSparseValues[] = {
     -67,  -67,   -6,   -4,  -58,  -18,  -52,   -6,  -18,   -9,  -21,  -24,  -24,  -18,  -32,   -3,
      -3,  -24,   -3,  -19,  -24,   -3,   -4,   -3,   -7,  -58,  -58,  -27,  -21,  -21,  -21,  -21,
     -21,  -24,  -24,  -24,  -24,   -3,  -24,  -24,  -24,   -3,  -21,  -21,  -21,  -24,  -24,  -32,
     -32,   -3,   -3,   -3,  -19,  -19,  -19,  -24,   -7,   -7,  -24,  -58,  -21,  -21,  -21,  -24,
     -24,   -3,  -21,  -21,  -24,   -3,  -67,  -27,   -6,  -15,   -7,  -46,  -40,  -52,   -3,   -3,
      -3,   -7,  -52,   -3,   -3,  -15,  -15,  -40,  -52,  -18,   -6,  -61,  -61,  -12,    6,  -30,
     -30,  -10,  -30,  -61,  -61,  -67,  -12,  -12,  -12,  -12,  -12,  -30,  -30,  -30,  -30,  -30,
     -30,  -30,  -12,  -12,  -12,  -30,  -30,  -10,  -10,  -30,  -61,  -12,  -12,  -12,  -30,  -30,
     -12,  -12,  -30,  -30,  -67,  -18,  -46,   -9,  -15,  -15,  -49,  -15,  -61,  -41,  -56,   -4,
      -3,   -3,   -3,  -12,  -18,  -46,  -41,  -46,  -55,  -55,  -55,  -15,  -56,   -3,   -3,   -3,
      -3,   -3,   -3,   -3,  -18,  -18,  -46,   -3,   -3,  -49,  -12,  -49,  -41,  -41,   -3,   -3,
      -3,  -13,  -10,  -13,  -23,  -10,  -23,  -12,  -25,  -26,   -9,   -6,   -6,   -6,   -6,  -15,
     -17,   -6,  -19,  -14,   -6,   -6,   -6,  -13,  -58,  -19,  -58,   -3,  -56,  -46,  -55,  -55,
     -55,  -55,  -55,  -61,  -55,  -55,  -55,  -55,  -24,  -18,  -43,   -4,  -18,   -6,   -9,  -40,
     -33,  -21,  -33,  -46,  -12,   -6,   -3,   -6,  -18,  -18,   -9,  -46,   -6,  -40,  -40,  -21,
      -3,  -18,   -6,   -6,  -30,   -9,   -9,   -6,  -15,   -9,  -12,   -6,   -6,   -6,   -9,   -9,
     -46,   -6,   -9,  -91,  -91, -128,  -18,  -18,  -24,  -67,  -12,  -30,  -12,  -18,  -27,  -73,
     -36,  -55,  -36,  -23,   -6,  -67,  -58,  -58,  -18,  -60,   -3,  -30,  -30,  -58,  -30,  -58,
     -33,  -33,  -36,  -36,  -33,  -36,  -40,  -73,  -73,  -61,  -67,  -67,  -67,  -67,  -67,  -58,
     -58,  -58,   -3,   -3,   -3,  -58,  -30,  -58,  -58,  -58,  -33,  -33,  -36,  -67,  -67,  -67,
     -58,  -58,  -60,  -60,   -3,   -3,   -3,  -30,  -30,  -30,  -58,  -58,  -58,   -6,  -33,   -6,
     -36,  -40,  -40,  -58,  -73,   -3,  -67,  -67,  -67,  -58,   -3,   -3,  -58,  -30,  -21,  -16,
     -60,  -36,  -68,  -16,  -55,  -24,  -21,  -18,  -36,  -44,  -26,  -36,  -44,  -57,  -31,  -31,
     -36,  -47,  -36,  -57,  -14,  -57,  -18,  -23,  -57,  -10,  -21,  -31,  -36,  -31,  -36,  -44,
     -47,  -57,  -41,  -36,  -36,  -55,  -49,  -67,  -67,  -58,   -3,  -36,  -91,  -30,   -9,  -10,
      -3,   -4,   -7,  -12,  -24,  -22,  -18,   -6,  -12,  -12,  -12,  -12,  -12,   -2,   -7,   -3,
      -6,  -10,  -12,   -1,   -3,  -12,   -1,   -6,   -6,   -6,   -6,   -6,  -16,   -6,  -22,   -7,
     -24,  -18,  -18,  -18,  -18,   -3,   -4,   -6,   -6,  -12,   -6,   -1,  -12,   -6,   -6,   -6,
      -6,   -3,   -3,   -3,   -1,   -3,  -10,    5,  -62,  -36,  -62,  -61,    6,    6,   -3,  -46,
     -10,   -7,   -1,   -9,   -9,  -36,    6,  -50,   12,    6,  -30,   12,    6,  -62,  -36,   -4,
      -4,   -3,  -10,   -3,   -6,  -18,   -1,   -1,   -6,   -6,   -9,   -6,   -3,   -4,   -6,   -6,
     -12,   -6,   -6,   -3,   -4,  -10,   -7,   -6,   -9,  -27,   -6,  -21,  -21,  -12,  -12,   -6,
     -27,  -18,  -52,  -33,  -12,  -61,  -21,  -21,  -12,   -4,   -6,   -6,  -21,  -14,   -7,  -21,
     -12,  -12,  -12,  -18,  -61,   -6,   -6,  -21,   -4,   -4,  -27,   -6,  -27,  -33,  -14,  -12,
     -12,  -12,  -61,  -21,  -58,  -61,  -18,  -40,  -13,  -13,  -61,  -38,  -76,  -61,  -73,  -67,
      -6,   -1,   -1,   -9,   -9,   -1,  -18,  -22,  -18,  -55,  -44,  -55,  -13,  -24,  -38,  -73,
      -1,   -1,   -1,   -1,   -9,   -1,   -1,   -1,  -18,  -18,  -55,   -1,   -1,   -9,   -9,   -9,
     -61,  -22,  -61,  -61,  -44,   -1,   -1,   -1,   -9,   -1,  -73,  -55,  -64,  -61,  -64,  -61,
     -13,   -7,   -6,   -6,   -4,   -3,  -13,   -7,  -19,  -15,   -3,  -21,   -6,   -6,   -9,   -6,
     -13,  -12,  -13,   -4,   -4,   -7,  -21,   -6,   -6,  -13,  -13,   -9,  -13,  -15,  -12,   -4,
     -21,  -13,   -6,   -6,   -6,   -6,   -6,   -9,   -9,   -6,   -7,   -3,  -12,   -9,  -10,   -7,
      -3,   -3,   -6,   -6,   -1,   -6,   -3,   -3,   -3,   -6,   -3,   -7,   -4,   -7,   -9,   -4,
      -1,   -9,   -4,   -6,   -6,   -6,   -9,   -3,  -10,   -3,   -3,   -3,   -3,   -3,   -6,   -6,
      -6,   12,   -6,   -3,   -6,   -6,   -6,   -7,   -7,   -9,   -3,   -3,   -3,   -3,   -6,   -6,
      -6,   -6,   -3,   -3,   -3,   -3,   -7,   -7,   -7,   -7,   -4,   -7,   -9,   -4,   -4,   -4,
      -6,   -6,   -3,   -3,   -3,   -6,   -6,   -3,   -3,   -3,   -6,  -10,   -9,   -6,  -18,  -18,
      -3,  -12,  -55,  -14,  -13,   -3,  -15,   -6,  -22,  -18,  -26,  -32,  -15,  -30,   -3,   -3,
      -1,   -3,   -3,   -3,   -3,  -55,  -55,  -61,   -6,  -32,   -3,   -3,   -3,   -3,   -3,   -3,
      -3,   -3,   -3,   -1,   -1,   -1,  -15,  -15,  -18,   -3,   -3,  -55,   -3,   -3,   -3,   -3,
      -3,  -32,   -3,   -3,  -12,   -3,  -12,  -18,   -9,   -7,   -3,   -7,   -3,   -1,   -1,   -1,
      -1,   -6,   -4,  -10,   -7,  -10,   -7,   -7,    9,   -1,   -4,   -4,  -10,   -1,   -1,   -1,
      -1,   -1,   -9,   -6,   -9,   -7,   -1,   -7,  -10,   -3,   -9,   -3,   -9,  -22,    5,  -64,
     -30,  -64,  -55,  -40,  -58,  -10,  -62,   -4,  -10,  -10,   -1,   -4,  -26,  -30,  -30,  -27,
      -6,   -1,   -1,   -7,   -7,  -30,   -7,  -26,   -3,   -6,   -3,   -1,   -1,   -3,  -10,  -24,
     -58,  -58,  -64,   -1,  -26,  -26,  -26,  -26,  -26,  -30,  -30,  -30,   -1,   14,   24,  -30,
      -7,  -30,  -30,  -30,   -6,   -6,   -3,   -6,  -26,  -26,  -26,  -30,  -30,  -27,  -27,    6,
       3,    2,   -7,   12,   -6,   -7,   -7,  -26,  -26,  -26,   -3,   -1,  -10,  -10,  -30,  -58,
      -1,  -26,  -26,  -26,  -30,   23,    8,  -30,   -7,  -26,  -26,  -30,    2,   -3,  -64,  -24,
     -18,  -12,    3,  -18,   -4,  -22,   -4,  -24,  -18,   -1,  -26,   -6,  -12,   -1,   -9,   -3,
      -1,   -9,  -18,   -4,  -26,   -1,   -1,   -9,  -22,  -22,  -18,   -3,  -26,   -9,   -6,   -9,
      -6,   -9,   -3,   -3,    5,   -3,  -10,  -12,  -21,  -12,  -21,   -3,   -3,   -3,    8,   18,
      -3,   -3,   -3,   -3,  -12,  -12,  -21,   -3,   -3,    6,    5,  -10,  -12,   -3,   -3,   15,
       8,   -3,   -3,  -21,  -10,  -30,  -30,  -30,  -12,  -33,  -18,   -6,  -18,  -18,  -18,  -10,
     -16,   -1,  -10,  -10,  -18,  -10,  -21,   -9,  -12,  -12,   -9,  -15,  -12,  -12,   -6,   -6,
     -33,  -33,  -33,  -18,  -18,  -18,  -18,  -18,  -18,  -18,  -18,   -1,   -1,   16,  -18,  -10,
     -18,  -18,  -18,  -12,  -12,  -12,  -18,  -18,  -18,  -18,  -18,  -16,  -16,   -1,    5,   -1,
     -10,  -10,  -10,  -21,  -21,  -21,   -9,   -9,  -12,  -12,  -18,  -33,   -1,  -18,  -18,  -18,
     -18,   10,   -1,  -18,  -10,  -18,  -18,  -18,   -1,  -12,  -30,   -6,  -36,  -15,  -24,  -24,
     -15,  -13,  -12,   -9,  -12,   -4,   -3,   -7,   -7,   -7,   -3,  -22,  -21,  -52,  -44,  -52,
     -15,  -30,  -13,  -12,   -4,   -4,   -4,   -4,   -4,   -7,   -7,   -7,    9,   23,   -7,   -7,
      -7,   -7,  -21,  -21,  -52,   -4,   -4,   -4,   -7,   -7,    9,  -15,  -22,  -15,   -9,  -44,
      -7,   -4,   -4,   -4,   -7,   -7,   -4,   -4,   -7,  -12,  -52,   -9,  -12,   -9,  -12,  -15,
     -70,  -61,  -40,   -4,   -3,  -10,   -4,   -3,  -70,  -27,  -64,  -53,  -68,   -9,  -52,   -6,
      -6,   -1,  -15,  -12,  -38,  -30,  -38,   -6,  -27, -106,  -12,  -12,  -38,  -12,   -6,  -70,
     -15, -114,  -81,  -30,  -68,  -38,  -73,  -70,  -73,  -70,   -6,   -9,  -18,  -21,  -27,  -22,
     -30,  -27,  -21,   -1,  -16,   -6,  -12,  -12,   -7,   -4,   -7,   -3,   -9,   -7,   -7,  -12,
      -7,  -13,  -40,  -43,  -66,  -44,  -66,   -3,  -24,  -21,  -16,  -16,  -16,  -16,  -16,  -12,
     -12,  -12,   -3,   -3,    6,  -12,   -7,  -12,  -12,  -12,  -38,  -38,  -66,  -10,  -16,  -16,
     -16,  -12,  -12,   -4,   -4,   -3,   -3,   -3,   -7,   -9,   -7,   -7,   -7,  -13,  -13,  -13,
     -27,  -40,  -27,  -27,  -44,   -3,   -3,  -12,   -3,  -16,  -16,  -16,  -12,   -3,   -3,  -12,
      -7,  -16,  -16,  -12,   -3,  -21,  -66,  -21,  -21,  -12,   -9,   -9,   -6,   -6,  -21,  -24,
      -7,  -18,   -4,   -7,   -3,   -1,  -21,  -22,  -22,  -15,  -21,   -3,  -12,    3,  -13,  -13,
     -22,  -13,  -18,  -10,  -18,  -22,  -21,  -15,  -22,  -13,  -24,  -24,  -12,  -21,  -21,  -21,
     -21,  -21,  -22,  -22,  -22,  -12,  -16,    8,  -22,  -13,  -22,  -22,  -22,  -18,  -18,  -22,
      -3,  -21,  -21,  -21,  -22,  -22,  -21,  -21,  -15,  -12,  -12,  -13,    3,   -3,  -13,  -13,
     -18,  -18,  -18,  -10,  -21,  -13,  -13,  -22,  -24,  -12,  -21,  -21,  -21,  -22,   -4,  -13,
     -22,  -13,  -21,  -21,  -22,  -12,  -22,   -9,  -18,   -1,   60,  -15,  -24,  -15,   -9,  -49,
     -12,  -15,   -1,  -15,   -3,  -21,  -16,  -21,  -30,  -12,  -24,   18,   -3,   -3,   -3,   -3,
     -49,  -49,  -58,   -3,  -30,   -3,   -3,   -3,   -6,  -15,  -16,   -3,   -3,  -21,  -30,   -3,
      -7,  -12,   40,   -7,  -12,  -15,  -12,  -12,  -46,  -46,  -27,  -18,  -94,  -52,   -4,   -1,
     -12,   -3,   -6,   -6,   -3,   -6,   -3,   -3,  -49,  -49,  -81,   -4,   -3,   -3,   -3,   -3,
      -3,   -6,   -6,   -6,    6,   -6,   -6,   -6,   -6,   -3,   -3,   -3,   -6,   -6,   -3,   -3,
      -3,   -3,   -3,   -3,   -3,   -6,  -49,   -3,   -3,   -3,   -6,   -6,   -3,   -3,   -6,   -4,
     -46,  -18,   -1,  119,   23,   23,   24,   -9,  -49,  -12,  -15,   -1,  -15,   -3,  -21,  -16,
     -21,  -30,  -12,  -24,   18,   -3,   -3,   -3,   -3,  -49,  -49,  -58,   -3,  -30,   -3,    3,
      -3,   -6,  -15,  -16,   -3,   -3,  -21,  -30,   -3,   -7,  -12,   40,   -7,  -12,   23,  -30,
     -24,  -24,  -21,  -22,  -22,   -3,  -35,  -32,  -44,  -36,  -47,  -46,   -4,  -13,  -12,  -12,
      -3,   -3,  -10,   -6,   -6,  -12,  -16,   -3,  -22,  -21,  -40,  -32,  -40,   -1,  -15,  -30,
     -32,  -47,   -4,   -4,   -4,   -4,   -4,  -12,  -12,  -12,  -12,   -6,  -12,  -12,  -12,  -21,
     -21,  -40,   -3,   -4,   -4,   -4,  -12,  -12,   -3,   -3,   -6,  -10,   -3,   -6,   -6,   -3,
      -3,   -3,  -35,  -22,  -35,  -36,  -32,   -1,   -1,  -12,   -4,   -4,   -4,  -12,  -12,   -6,
      -4,   -4,  -12,  -47,  -40,  -30,  -30,  -30,  -30,  -15,  -18,   -3,  -10,   -1,   -6,   -1,
     -10,   -6,   -3,   -1,   -9,   -3,   -3,   -4,   -3,   -1,   -1,   -4,   -4,   -4,  -12,   -7,
      -3,  -12,   -3,  -10,  -10,   -6,   -9,   -3,   -3,   -3,   -3,   -3,    9,   -1,   -4,   -4,
     -12,   -3,   -3,   -3,   -1,   -1,   -1,  -10,   -4,  -10,   -3,   -7,   -3,   -3,  -10,   -3,
      -3,   -3,   -1,   -3,   -3,   -9,  -12,   -3,   -3,  -24,  -49,  -40,  -49,  -43,   -6,   -6,
     -43,  -59,   -3,  -61,  -10,   -3,   -6,   -3,  -30,  -36,  -36,   -6,  -30,   -3,   -3,    3,
      -7,   -7,  -36,   -7,  -22,   -6,   -6,   -3,   -3,  -10,  -33,  -24,  -59,  -59,  -55,  -30,
     -30,  -30,  -53,  -30,  -36,  -36,  -36,   -3,   15,   27,  -36,   -7,  -36,  -36,  -36,   -6,
      -6,   -3,   -3,  -30,  -30,  -30,  -36,  -36,  -30,  -30,    8,   -3,   -7,   17,   -3,   -7,
      -7,  -22,  -22,  -22,   -6,  -10,  -10,  -36,  -59,   -3,  -30,  -30,  -30,  -36,   24,    6,
     -36,   -7,  -30,  -30,  -36,   -3,   -3,  -49,  -33,  -13,  -18,  -18,  -27,  -27,  -43,   -4,
     -27,   -9,   -4,   -6,   -6,  -18,  -19,  -19,  -15,  -16,   -3,    8,  -15,  -15,  -19,  -15,
     -21,  -18,  -15,  -22,  -19,  -18,  -22,  -16,  -43,  -43,  -41,  -18,  -18,  -18,  -18,  -18,
     -19,  -19,  -19,   -3,    3,    6,  -19,  -15,  -19,  -19,  -19,  -15,  -15,  -22,  -18,  -18,
     -18,  -19,  -19,  -16,  -16,    3,   -3,   -3,  -15,    8,  -15,  -15,  -21,  -21,  -21,  -18,
     -19,  -16,  -16,  -19,  -43,   -3,  -18,  -18,  -18,  -19,   -3,    3,  -19,  -15,  -18,  -18,
     -19,   -3,  -22,  -18,  -30,  -61,  -33,  -61,  -64,  -18,  -18,  -70,  -76,  -19,  -67,  -14,
     -19,  -16,   -3,  -94,    3,  -61,  -61,  -26,  -49,   -4,   15,  -41,  -41,  -61,  -41,  -53,
     -24,  -40,  -27,  -16,  -30,  -27,  -43,  -33,  -32,  -21,  -76,  -76, -128,  -94,  -81,  -85,
     -72,  -94,  -61, -116,  -86,   -5,   30,   38,  -61,  -41, -116, -116,  -92,  -40,  -40,  -27,
     -94,  -86,  -94,  -61, -112,  -49,  -92,   25,   31,   13,  -41,   36,  -41,  -41,  -53,  -94,
     -88,  -24,  -16,  -43,  -79,  -61,  -76,    1,  -94,  -94,  -94,  -86,   31,   19,  -92,  -56,
     -94,  -94,  -61,    7,  -27,  -61,  -33,  -21,  -29,  -41,  -21,  -41,  -52,  -12,  -12,  -58,
     -67,  -18,  -59,  -10,  -18,  -12,  -63,    3,  -50,  -50,  -18,  -47,   -7,   20,  -27,  -27,
     -50,  -27,  -43,  -18,  -24,  -26,  -21,  -21,  -26,  -30,  -24,  -12,  -10,  -67,  -67,  -64,
     -63,  -75,  -68,  -51,  -63,  -50,  -94,  -85,  -13,    7,   31,  -50,  -27,  -50,  -50,  -91,
     -24,  -24,  -26,  -63,  -72,  -63,  -50,  -50,  -47,  -47,   19,   14,   10,  -27,   43,  -27,
     -27,  -43,  -43,  -43,  -18,  -21,  -30,  -30,  -50,  -67,  -12,  -63,  -63,  -63,  -81,   11,
      13,  -85,  -46,  -63,  -63,  -50,   -1,  -26,  -41,  -24,  -10,  -33,  -21,  -21,   -4,   -6,
      -6,   -6,  -18,  -18,  -44,  -40,  -44,  -12,  -30,   -6,   -6,   -6,   12,   -6,   -6,   -6,
      -6,  -18,  -18,  -44,   -6,   -6,   -4,  -18,   -4,  -40,   -6,   -6,   18,   -6,   -6,  -44,
     -12,  -30,  -56,  -46,  -56,  -61,  -24,  -24,  -64,  -73,  -33,  -65,   -9,  -33,  -16,  -61,
     -64,  -64,  -27,  -61,   -7,   -3,  -43,  -43,  -64,  -43,  -52,  -24,  -43,  -36,  -27,  -40,
     -36,  -46,  -46,  -36,  -21,  -73,  -73,  -33,  -61,  -97,  -94,  -82, -116,  -64, -119,  -97,
      -7,   17,   38,  -64,  -43, -122, -116, -103,  -43,  -82,  -36, -106, -109,  -61,  -64,  -64,
     -61,  -61,   22,   13,    7,  -43,   26,  -43,  -43,  -52,  -82,  -97,  -24,  -27,  -46,  -46,
     -64,  -73,   -7,  -61,  -95, -111, -102,   32,   14, -105,  -62, -109, -112, -122,   -1,  -36,
     -56,  -46,  -21,   -1,   -3,   -2,   -1,   -3,   -6,   -5,    6,   -3,   -3,   -3,   -9,   -9,
     -21,  -21,  -21,   -5,   15,   -3,   -9,   -9,  -21,    6,   -3,    6,   -3,   -3,   -6,   -9,
      -6,  -21,   -3,  -21,    5,    9,    6,    6,    6,    5,    5,    9,    6,  -12,  -12,  -24,
     -12,  -18,  -55,  -12,  -18,  -40,  -13,  -40,  -12,  -64,  -49,  -70,  -58,  -76, -128,  -12,
     -24,  -24,  -24,  -12,  -24,  -33,  -55,  -43,  -16,  -10,  -49,  -76,  -12,  -12,  -12,  -12,
     -12,  -24,  -24,  -24,  -24,  -24,  -24,  -24,  -33,  -33,  -55,  -12,  -12,  -12,  -24,  -24,
     -12,  -12,  -12,  -64,  -24,  -64,  -58,  -43,  -10,  -10,  -24,  -12,  -12,  -12,  -24,  -24,
     -34,  -13,  -34,  -36,  -13,  -44,  -21,  -44,  -29,  -16,  -18,  -26,  -16,  -34,  -36,  -21,
     -36,  -12,  -12,  -24,  -76,  -55,  -26,  -46,  -27,   -3,  -22,  -55,  -13,   -3,   -6,   -6,
     -12,  -12,   -3,  -12,   -6,  -16,  -13,  -53,  -53,  -57,   -3,   -3,   -3,   -3,  -12,   -3,
      -3,   -3,  -13,  -13,  -57,   -3,   -3,  -12,   -6,  -12,  -12,   -6,   -6,   -6,  -22,  -16,
     -22,  -55,   -3,   -3,   -3,  -12,   -3,  -57,  -47,  -30,  -47,  -30,   -7,  -24,  -30,   -3,
      -3,   -3,  -19,   -3,  -29,  -46,  -12,   -4,   -6,   -6,  -12,   -4,   -7,   -6,  -22,   -9,
      -9,  -22,   -6,   -6,   -6,   -6,  -22,   -4,   -6,   -4,   -6,   -6,   -4,   -4,   -4,  -29,
      -7,  -29,   -9,   -6,   -6,   -6,  -12,  -19,  -27,  -19,  -27,   -3,  -18,   -6,   -9,  -30,
      -1,   -1,   -2,   -1,   -1,   -1,   -1,   -1,   -1,   -1,   -1,   -1,   -1,   -1,   -2,   -1,
      -1,   -2,   -1,   -1,   -1,   -1,   -6,   -9,   -6,   -9,   -6,  -18,   -6,   -3,   -3,   -1,
      -9,   -1,   -1,   -3,   -2,   -9,   -9,  -19,  -10,  -19,   -3,   -3,   -3,   -3,   -1,   -3,
      -3,   -3,   -9,   -9,  -19,   -3,   -3,   -1,   -1,   -1,   -9,   -1,   -1,   -9,  -10,   -3,
      -3,   -3,   -1,   -3,  -19,  -20,  -20,   -7,  -24,  -30,   -3,   -3,   -3,  -19,   -3,  -29,
     -46,  -12,   -4,   -6,   -6,  -12,   -4,   -7,   -6,  -22,   -9,   -5,  -22,   -6,   -6,   -6,
      -6,  -22,   -4,   -6,   -4,   -6,   -6,   -4,   -4,   -4,  -29,   -7,  -29,   -9,   -6,   -6,
      -6,  -22,  -19,  -27,  -19,  -27,   -3,   30,   91,   98,   61,   -6,   -4,   -6,   33,   63,
      43,   -9,  -18,  -18,  -18,  -12,   -6,   -6,   -9,   -9,   -9,    1,   -9,  -18,  -18,  -18,
     -18,  -18,  -18,  -16,   -9,   -9,   -9,  -18,  -18,  -12,  -12,  -12,  -18,   -9,   -9,   -9,
     -18,  -18,   -9,   -9,  -18,   88,  103,   97,  103,   -6,   -6,    2,   -6,    8,    5,   -6,
      -9,   -3,   -4,  -16,  -16,   -3,  -16,   -9,   -6,   -6,   -3,   -3,   -3,   -3,   -3,  -16,
     -16,  -16,  -16,  -16,  -16,  -16,   -3,   -3,   -3,   -3,  -16,  -16,   -3,   -9,   -9,   -9,
     -16,   -3,   -3,   -3,  -16,  -16,   -3,   -3,  -16,    5,    5,   -6,  -26,  -46,  -27,   -3,
     -22,  -55,  -13,   -3,   -3,   -6,   -4,   -4,   -3,   -9,   -3,  -16,  -13,  -53,  -53,  -57,
      -3,   -3,   -3,   -3,   -4,   -3,   -3,   -3,  -13,  -13,  -57,   -3,   -3,   -4,   -6,   -4,
      -4,   -3,   -3,   -3,  -22,  -16,  -22,  -55,   -3,   -3,   -3,   -4,   -3,  -26,  -47,  -30,
     -47,  -30,   -4,  -22,  -21,  -15,  -30,   -9,  -12,  -12,  -18,  -36,   -9,   -3,   -3,   -1,
      -3,  -15,   -6,  -16,  -14,  -16,   -9,  -18,   -3,   -3,   -3,   -3,   -3,   -3,   -3,   -6,
      -6,  -16,   -3,   -3,   -1,   -1,  -30,  -15,  -30,  -12,  -14,   -3,   -3,   -3,   -3,  -18,
     -16,  -22,  -27,  -36,  -27,   -6,   -4,   -1,   -1,   -6,   -6,   -3,   -6,   -3,   -1,   -6,
      -3,   -4,   -4,   -4,   -4,   -4,   -3,   -3,   -6,   -6,   -4,   -4,   -4,   -1,   -1,   -6,
      -6,   -3,   -3,   -3,   -4,   -4,   -4,   -4,   -4,   -6,   -6,   -6,  -15,   -7,  -12,   -6,
     -27,   -3,   -9,   -9,   -1,   -1,   -9,   -1,   -4,   -6,   -6,   -7,   -6,  -15,   -6,   -9,
      -9,   -9,   -9,   -1,   -9,   -9,   -9,   -6,   -6,   -6,   -9,   -9,   -1,   -1,   -1,   -4,
      -7,   -9,   -9,   -9,   -1,   -9,   -6,  -13,  -36,  -13,  -36,  -15,   -7,  -24,  -30,   -3,
      -3,   -3,  -19,   -3,  -29,  -46,  -12,   -4,   -6,   -6,  -12,   -4,   -7,   -6,  -22,   -9,
     -10,  -22,   -6,   -6,   -6,   -6,  -22,   -4,   -6,   -4,   -6,   -6,   -4,   -4,   -4,  -29,
      -7,  -29,   -9,   -6,   -6,   -6,  -12,  -19,  -27,  -19,  -27,   -3,   -6,  -36,   -6,   12,
     -11,   -6,  -36,  -12,  -10,  -12,  -12,   -1,   -4,  -12,   -9,   -9,   -9,  -18,  -13,  -18,
     -12,  -12,  -12,  -12,  -12,  -12,  -12,  -12,  -12,  -12,  -12,  -12,   -9,   -9,  -18,   -4,
     -12,  -12,  -12,  -12,  -12,   -4,   -9,   -9,   -9,   -9,  -13,  -12,  -12,  -12,  -12,  -12,
     -12,  -12,  -12,  -12,  -18,  -36,  -36,   -3,  -12,  -40,  -40,  -33,  -21,  -30,   -3,   -9,
      -7,   -7,   -9,   -7,   -1,   -3,   -3,   -3,   -3,   -3,   -7,   -7,   -7,   -7,   -7,   -7,
      -7,   -9,   -3,   -3,   -3,   -7,   -7,   -9,   -1,   -1,   -7,   -3,   -3,   -3,   -7,   -7,
      -3,   -3,   -7,  -40,   -6,   -6,   -3,  -12,  -27,   -7,   -4,   -6,   -6,   -1,   -6,   -3,
      -6,   -6,   -6,   -4,   -1,   -3,   -3,   -6,   -6,   -9,   -6,   -9,   -4,  -12,  -12,   -6,
      -6,   -4,   -3,   -6,   -6,   -3,   -9,   -9,   -6,   -9,   -9,   -4,   -9,   -6,   -8,   -3,
      -6,   -2,  -13,    6,   -4,   -4,   -4,   -4,   -4,   -6,   -6,   -6,   -6,   -9,   -6,   -6,
      -6,   -9,   -9,   -6,   -4,   -4,   -4,   -6,   -6,   -3,   -3,   -9,   -9,   -9,   -9,   -9,
      -9,   -4,   -8,   -2,   -2,   -6,   -4,   -4,   -4,   -6,   -6,   -9,   -4,   -4,   -6,   -6,
      -9,   -9,  -13,    6,   -3,  -22,  -46,   -6,  -46,  -30,  -32,  -18,   -9,   -7,  -15,  -29,
      -9,  -10,  -15,  -12,  -12,   -6,   -9,   -9,   -9,   -9,   -9,  -15,  -15,  -15,  -15,  -15,
     -15,  -15,  -10,   -9,   -9,   -9,  -15,  -15,   -9,   -9,  -10,  -12,  -12,  -12,  -15,   -9,
      -9,   -9,  -15,  -15,   -9,   -9,  -15,    6,    6,  -46,  -12,  -21,  -41,   -3,  -41,  -24,
     -27,  -18,   -6,  -12,  -12,   -6,   -6,  -12,   -1,   -7,   -6,   -6,   -6,   -6,   -6,  -12,
     -12,  -12,  -12,  -12,  -12,  -12,   -6,   -6,   -6,   -6,  -12,  -12,   -6,   -6,   -6,   -1,
      -1,   -1,  -12,   -6,   -6,   -6,  -12,  -12,   -6,   -6,  -12,  -41,   -7,   -3,   -1,  -30,
      -4,   -9,   -9,   -9,   -3,  -15,   -6,   -9,   -9,   -9,   -9,   -9,   -9,   -9,   -9,   -9,
      -3,   -9,   -9,   -9,   -9,  -15,   -4,   -6,   -7,  -24,   -1,   -3,   -3,   -3,   -6,   -4,
      -4,   -4,   -3,   -3,   -3,   -3,   -3,   -3,   -3,   -4,   -3,   -3,    2,   -6,   -4,   -3,
      -3,   -3,   -3,   -4,   -3,   -3,  -15,  -15,  -24,  -16,  -33,  -21,  -47,   -4,  -12,   -6,
     -12,  -12,  -12,   -6,   -9,  -12,  -12,   -9,  -12,  -16,  -47,  -12,  -12,  -12,  -12,  -12,
     -12,  -12,  -12,  -12,  -12,  -12,  -12,  -12,  -12,  -12,  -12,  -12,  -12,  -12,  -12,   -6,
      -6,   -6,  -24,   -9,  -24,  -21,   -9,  -12,  -12,  -12,  -12,  -12,  -12,  -12,  -12,  -12,
     -47,  -12,   -6,   -3,   -6,   -3,  -21,  -10,  -21,  -21,  -10,   -6,  -12,  -12,  -43,  -12,
     -12,  -24,  -18,  -24,  -12,  -43,  -43,  -21,   -3,   -3,   -1,   -1,  -12,   -6,   -6,   -6,
     -12,  -13,  -19,  -13,  -19,   -6,  -24,   -9,  -24,  -32,  -12,  -30,  -36,   -6,   -6,   -6,
      -6,  -24,  -24,  -24,  -36,   -6,  -24,   -6,  -24,  -12,  -24,  -36,   -6,   -9,  -29,  -29,
     -13,  -33,  -33,  -21,  -12,  -43,   -3,  -12,   -7,  -15,  -12,  -13,  -13,  -43,  -12,  -33,
      -3,  -33,  -21,   -7,  -13,  -43,  -12,  -29,  -36,   -9,  -36,  -49,  -44,  -61,  -49,  -67,
     -12,  -19,  -26,  -26,  -26,  -10,  -36,  -30,  -52,  -44,  -21,  -44,  -67,  -12,  -12,  -12,
     -12,  -12,  -26,  -26,  -26,  -26,  -26,  -26,  -26,  -30,  -30,  -52,  -12,  -12,  -12,  -26,
     -26,  -10,  -10,  -10,  -49,  -36,  -49,  -49,  -44,  -26,  -12,  -12,  -12,  -26,  -26,  -12,
     -12,  -26,  -67,  -52,  -30,  -49,  -30,  -49,  -18,   -1,   60,  -15,  -24,  -15,   -9,  -49,
     -12,  -15,   -1,  -15,   -3,  -21,  -16,  -21,  -30,  -12,  -24,   18,   -3,   -3,   -3,   -3,
     -49,  -49,  -55,   -3,  -30,   -3,   -3,   -3,  -15,  -15,  -16,   -3,   -3,  -49,  -30,   -3,
      -7,  -12,   40,   -7,  -12,  -15,   -9,  -36,  -41,  -21,  -27,  -38,  -12,  -13,  -18,  -18,
     -27,  -27,  -43,   -4,  -27,  -12,   -4,   -6,   -6,  -18,  -19,  -19,  -15,  -16,   -3,    8,
     -15,  -15,  -19,  -15,  -21,  -18,  -15,  -22,  -19,  -18,  -22,  -16,  -43,  -43,  -41,  -18,
     -18,  -18,  -18,  -18,  -19,  -19,  -19,   -3,    3,    6,  -19,  -15,  -19,  -19,  -19,  -15,
     -15,  -22,  -18,  -18,  -18,  -19,  -19,  -16,  -16,    3,   -3,   -3,  -15,    8,  -15,  -15,
     -21,  -21,  -21,  -18,  -19,  -16,  -16,  -19,  -43,   -3,  -18,  -18,  -18,  -19,   -3,    3,
     -19,  -15,  -18,  -18,  -19,   -3,  -22,  -18,  -30,  -56,  -46,  -56,  -61,  -24,  -24,  -64,
     -73,  -33,  -65,   -9,  -33,  -16,  -61,  -64,  -64,  -27,  -61,   -7,   -3,  -43,  -43,  -64,
     -43,  -52,  -24,  -43,  -36,  -27,  -40,  -36,  -46,  -46,  -36,  -21,  -73,  -73,  -33,  -61,
     -97,  -94,  -76, -116,  -64, -119,  -97,   -7,   20,   41,  -64,  -43, -122, -116, -103,  -43,
     -82,  -36, -106, -109,  -61,  -64,  -64,  -61,  -61,   22,   19,    7,  -43,   26,  -43,  -43,
     -52,  -82,  -97,  -24,  -27,  -46,  -46,  -64,  -73,   -7,  -61,  -95, -111, -102,   32,   14,
    -105,  -62, -109, -112, -122,   -1,  -36,  -56,  -46,  -21,  -18,   21,  -12,   21,   -6,  -12,
     -26,  -66,  -21,    2,    2,  -18,  -18,  -18,  -69,  -12,    2,    2,  -18,  -69,  -12,  -12,
      -3,   -3,   -7,   -3,   -3,   -3,  -13,  -12,  -40,  -24,   -6,  -40,   -6,   -3,   -6,   -6,
     -40,   -3,   -3,   -3,   -7,   -3,   -3,  -10,  -24,   -3,   -3,   -3,  -40,  -26,  -46,  -27,
      -3,  -22,  -55,  -13,   -3,   -3,   -6,   -4,   -4,   -3,   -9,   -3,  -16,  -13,  -54,  -55,
     -57,   -3,   -3,   -3,   -3,   -4,   -3,   -3,   -3,  -13,  -13,  -57,   -3,   -3,   -4,   -6,
      -4,   -4,   -3,   -3,   -3,  -22,  -16,  -22,  -55,   -3,   -3,   -3,   -4,   -3,  -57,  -47,
     -30,  -47,  -30,  -26,  -46,  -27,   -3,  -22,  -55,  -13,   -3,   -3,   -6,   -4,   -4,   -3,
      -9,   -3,  -16,  -13,  -53,  -55,  -57,   -3,   -3,   -3,   -3,   -4,   -3,   -3,   -3,  -13,
     -13,  -57,   -3,   -3,   -4,   -6,   -4,   -4,   -3,   -3,   -3,  -22,  -16,  -22,  -55,   -3,
      -3,   -3,   -4,   -3,  -57,  -47,  -30,  -47,  -30,   -7,  -24,  -30,   -3,   -3,   -3,  -19,
      -3,  -29,  -46,  -12,   -4,   -6,   -6,  -12,   -4,   -7,   -6,  -22,   -9,   -6,  -22,   -6,
      -6,   -6,   -6,  -22,   -4,   -6,   -4,   -6,   -6,   -4,   -4,   -4,  -29,   -7,  -29,   -9,
      -6,   -6,   -6,  -12,  -19,  -27,  -19,  -27,   -3,   -4,  -22,  -21,  -15,  -30,   -9,  -12,
     -12,  -18,  -36,   -9,   -3,   -3,   -1,   -3,  -15,   -6,  -16,  -14,  -16,   -9,  -18,   -3,
      -3,   -3,   -3,   -3,   -3,   -3,   -6,   -6,  -16,   -3,   -3,   -1,   -1,  -30,  -15,  -30,
     -12,  -14,   -3,   -3,   -3,   -3,  -18,  -16,  -27,  -35,  -27,  -35,   -6,  -18,  -18,   -3,
     -12,  -24,  -14,  -13,   -3,  -15,   -6,  -22,  -18,  -23,  -32,  -15,  -30,   -3,   -3,   -1,
      -3,   -3,   -3,   -3,  -24,  -55,  -64,   -6,  -32,   -3,   -3,   -3,   -3,   -3,   -3,   -3,
      -3,   -3,   -1,   -1,   -1,  -15,  -15,  -18,   -3,   -3,  -24,   -3,   -3,   -3,   -3,   -3,
     -32,   -3,   -3,  -12,   -3,  -12,  -18,   -6,   -6,  -19, -128, -128, -128,  -61,  -86,  -86,
     -19,   -9,   -6,  -54,  -63,  -63,  -56,   -9,  -47,  -88,  -63,  -88,  -55,  -51,  -80,  -78,
     -36,  -19,  -78,  -44, -117,  -19,  -74, -109, -109,  -54, -109,  -54,  -63,  -63,  -63,  -63,
     -98,  -63,  -63,  -63,  -85,  -85,  -77,  -54, -109,  -54, -125,  -63,  -56,  -56,  -47,   -9,
     -98,  -47,  -55,  -55,  -55,  -51,  -52,  -44,  -44, -128, -109,  -54,  -54,  -63,  -63,  -47,
     -54,  -54,  -63,  -77,  -18,  -30,  -18,  -22,  -69, -117,  -68, -100,  -61,  -21,   -4,   -3,
     -10,   -4,   -3,  -83,  -27,  -66,  -51,  -69,   -9,  -52,   -6,   -6,   -1,  -15,  -12,  -38,
     -30,  -38,   -6,  -27,  -69,  -12,  -12,  -38,  -12,   -6,  -83,  -15,  -83,  -51,  -30,  -69,
     -38,  -89,  -85,  -89,  -85,   -6,   -6,  -17, -128, -128, -128,  -61,  -84,  -84,  -17,   -9,
      -6, -100, -118, -118, -105,   -9,  -85,  -85, -118,  -85,  -55,  -51,  -81,  -77,  -32,  -11,
     -72,  -44,  -61,  -17,  -66, -112, -112, -112, -112, -112, -128, -128, -128, -128,  -94, -128,
    -128, -128,  -83,  -83,  -77, -112, -112, -112, -128, -128, -120, -120,  -94,   -9,  -94,  -94,
    -117, -117, -117,  -51,  -53,  -86,  -86, -128, -112, -112, -112, -128, -128,  -94, -112, -112,
    -128,  -77,  -18,  -28,  -18,  -21, -128, -114,  -63,   -6,  -18,   -6,   -6,   -6,   -1,   -9,
      -1,   -1,   -5,   -2,   -9,   -9,  -28,  -10,  -28,   -6,   -6,   -6,   -6,   -1,   -6,   -6,
      -6,   -9,   -9,  -28,   -6,   -6,   -1,   -1,   -1,   -9,   -1,   -1,   -9,  -10,   -6,   -6,
      -6,   -1,   -6,  -28,  -20,  -20,  -24,  -49,  -40,  -49,  -43,   -6,   -6,  -43,  -59,   -3,
     -61,  -10,   -3,   -6,   -3,  -30,  -36,  -36,   -6,  -30,   -3,   -3,    3,   -7,   -7,  -36,
      -7,  -22,   -6,   -6,   -3,   -3,  -10,  -33,  -24,  -59,  -59,  -55,  -30,  -30,  -30,  -53,
     -30,  -36,  -36,  -36,   -3,   15,   23,  -36,   -7,  -36,  -36,  -36,   -6,   -6,   -3,   -3,
     -30,  -30,  -30,  -36,  -36,  -30,  -30,    8,   -3,   -7,   17,   -3,   -7,   -7,  -22,  -22,
     -22,   -6,  -10,  -10,  -36,  -59,   -3,  -30,  -30,  -30,  -36,   24,    6,  -36,   -7,  -30,
     -30,  -36,   -3,   -3,  -49,  -33,   -2,   -6,   -6,  -18,   -6,  -12,  -18,  -18,   -6,  -15,
      -6,   15,   -4,    6,   -6,   -6,   -3,   -9,   -9,   -6,   -9,   -9,  -21,   -9,   -6,   -8,
      -3,   -6,   -2,  -36,   -6,   -4,   -4,   -4,   -4,   -4,   -6,   -6,   -6,  -18,   -9,   -6,
      -6,   -6,   -9,   -9,   -6,   -4,   -4,   -4,   -6,   -6,   -3,   -3,   -9,  -18,  -18,   -9,
      -9,   -9,  -21,  -16,   -2,   -2,  -18,  -12,   -4,   -4,   -6,   -6,   -9,   -4,   -4,   -6,
      -6,    6,    6,   -6,  -36,  -29,  -41,  -21,  -41,  -52,  -12,  -12,  -58,  -67,  -18,  -59,
      -9,  -18,  -12,  -63,    3,  -50,  -50,  -18,  -47,   -7,   20,  -27,  -27,  -50,  -27,  -43,
     -18,  -24,  -26,  -21,  -21,  -26,  -30,  -24,  -12,  -10,  -67,  -67,  -64,  -63,  -75,  -68,
     -51,  -63,  -50,  -94,  -85,  -13,   22,   43,  -50,  -27,  -50,  -50,  -91,  -24,  -24,  -26,
     -63,  -72,  -63,  -50,  -50,  -47,  -47,   28,   16,   10,  -27,   52,  -27,  -27,  -43,  -43,
     -43,  -18,  -21,  -30,  -30,  -50,  -67,  -12,  -63,  -63,  -63,  -81,   11,   13,  -85,  -46,
     -63,  -63,  -50,   -1,  -26,  -41,  -24,  -10,  -24,  -71,  -44,  -71,  -58,  -24,  -24,  -12,
     -74,  -27,  -55,  -12,  -27,   -7,    2,    9,    6,   11,   11,  -43,  -50,  -50,  -15,  -46,
     -24,  -24,  -50,  -24,  -47,  -22,  -21,  -19,  -16,  -15,  -19,  -29,  -50,  -18,  -74,  -74,
     -36,    2,   11,  -43,  -43,  -43,  -43,  -43,  -50,  -50,  -50,  -50,  -24,  -50,  -50,  -50,
     -21,  -21,  -19,  -43,  -43,  -43,  -50,  -50,  -46,  -46,  -24,  -24,  -24,  -47,  -47,  -47,
     -22,    6,  -16,  -29,  -29,  -50,  -74,  -43,  -43,  -43,  -50,  -50,  -24,  -43,  -43,  -50,
      11,  -19,  -71,  -50,  -18,   -9,  -50,  -26,  -50,  -43,    5,  -24,  -16,  -26,  -26,   -3,
      -3,  -26,   -6,  -19,   -4,  -18,  -16,  -16,  -16,  -16,  -16,  -26,  -26,  -26,  -26,   -3,
     -26,  -26,  -26,  -16,  -16,  -16,  -26,  -26,   -3,   -3,   -3,  -19,  -19,  -19,   -4,   -4,
     -26,  -16,  -16,  -16,  -26,  -26,   -3,  -16,  -16,  -26,  -50,  -18,  -32,  -97,  -56,  -97,
     -43,  -73,  -88,  -24,  -30,  -12,  -24,  -13,   12,   14,    6,    6,   -3,  -65,  -74,  -74,
     -24,  -67,  -10,   -1,  -36,  -36,  -74,  -36,  -64,  -26,  -29,  -24,  -18,  -22,  -24,  -36,
     -70,  -24,  -88,  -88,    6,  -65,  -65,  -65,  -65,  -65,  -74,  -74,  -74,  -10,  -10,  -10,
     -74,  -36,  -74,  -74,  -74,  -29,  -29,  -24,  -65,  -65,  -65,  -74,  -74,  -67,  -67,  -10,
     -10,  -10,  -36,   -1,  -36,  -36,  -64,  -64,  -64,  -26,   14,  -18,  -36,  -36,  -74,  -88,
     -10,  -65,  -65,  -65,  -74,  -10,  -10,  -74,  -36,  -65,  -65,  -74,  -10,    6,  -24,  -97,
     -70,  -24,  -22,    3,  -61,  -26,  -61,  -38,   -6,   -6,  -41,  -15,  -27,  -27,  -27,  -18,
      -4,  -36,  -15,  -15,  -15,  -15,  -15,  -27,  -27,  -27,  -27,  -27,  -27,  -27,  -15,  -15,
     -15,  -27,  -27,  -18,  -18,  -18,   -4,   -4,  -27,  -15,  -15,  -15,  -27,  -27,  -15,  -15,
     -27,  -61,  -36,  -11,  -12,   -9,  -12,  -18,  -12,  -31,  -30,  -30,  -24,   -6,   -6,   -6,
     -24,  -12,   -6,   -6,   -6,   -6,  -30,  -30,  -41,  -41, -128,  -61,  -67,  -58,  -18,  -30,
     -40,  -12,  -40,  -40,  -40,    5,  -30,   -6,  -61,  -49,    5,    9,  -55,  -30,  -12,   -9,
     -12,  -12,   -3,   -9,   18,    5,   -6,  -24,  -33,  -21,  -40,  -36,  -97,  -18,  -30,  -40,
     -67,  -40,  -43,  -12, -103,  -24,  -18, -100,   -9,  -12,  -21,  -40,  -30,  -36,  -55,  -76,
     -43,  -30,  -40,  -40,  -12,   24,  -12,  -70,  -18,    9,   -9,    9,  -67,  -12,  -21,  -12,
     -18,   -7,  -13,  -42,  -42,  -18,  -36,  -21,   -6,  -21,   -6,  -42,   18,  -52,  -18,  -18,
     -36,   -6,  -33,  -27,  -55,  -18,  -36,  -36,  -57,  -46,  -36,  -43,  -46,  -46,  -65,  -65,
     -18,  -49,   -6,  -20,  -16,  -20,  -21,  -16,  -12,  -18,   12,  -24,  -20,    6,   -3,  -12,
     -12,  -12,  -12,  -18,  -12,  -12,  -18,  -18,  -12,  -12,   -3,  -20,  -21,  -12,  -21,  -45,
     -45,   -6, -128,  -24,  -89,  -71,  -24,  -24,  -49,  -18,  -12,  -76,  -46,  -61,  -27,   -9,
     -12,  -18,  -27,  -36,  -55,  -30,  -35,  -43,  -56,  -46,  -43,  -35,  -70,  -74,  -56,  -36,
     -56,  -40,  -30,  -56,  -33,  -36,  -43,  -35,  -43,  -35,  -70,  -56,  -56,  -55,  -35,   -2,
     -33,  -46,  -27,  -89,  -49,  -18,  -67,  -33,  -13,    6,  -33,  -36,  -13,  -55,  -18,  -52,
     -67,    9,   -1,  -18,   -6,   -3,   -6,   -6,   -6,   -3,  -12,   -3,  -30,  -49,   -3,  -43,
     -36,   -6,  -12,   -6,    3,   -3,   -3,   -6,   -6,  -33,  -43, -103,  -43,  -36,  -81,  -81,
     -26,   -6,  -12,   -6,  -12,   -7,   -6,  -12,   -6,   -9,   -6,   -6,   -9,   -6,   -9,  -12,
     -15,  -12,   -9,  -12,   -6,  -18,   -6,   -9,  -18,  -21,  -12,  -18,  -18,  -23,  -12,   -6,
     -12,  -19,  -12,   -9,  -15,   -9,  -12,  -12,  -10,   -9,  -12,   -9,  -10,   -9,  -19,   -9,
      -9,  -15,  -12,  -12,  -12,  -19,  -12,  -19,  -18,  -18, -128,  -30,  -67,  -58,  -18,  -30,
     -40,  -12,  -40,  -40,  -40,    5,  -30,   -6,  -61,  -49,    5,    9,  -55,  -30,  -12,   -9,
     -12,  -12,   -3,   -9,   18,    5,   -6,  -24,  -33,  -21,  -15,  -36,  -97,  -18,  -30,  -36,
     -67,  -30,  -43,  -12, -103,  -24,  -18, -100,   -9,  -12,  -21,  -38,  -30,  -36,  -55,  -76,
     -43,  -30,  -38,    6,  -12,   24,  -12,  -70,  -18,    9,   -9,    9,  -67,  -12,   -3,   -6,
      -3,  -10,   -3,   -7,   -9,  -15,  -12,   -6,   -6,  -12,  -12,  -18,   -6,  -12,  -27,  -30,
      -6,  -12,  -12,   -6,  -10,  -24,  -10,  -36,  -49,   -6,  -11,  -28,  -11,  -21,  -28,   -6,
     -18,   12,  -24,  -29,    6,   -3,  -12,  -12,  -12,  -12,  -24,  -43,  -12,  -27,  -52,  -12,
     -12,   -3,  -17,  -21,  -46,  -21,  -45,  -45,   -6,  -10,  -10,  -15,  -12,  -15,  -12,  -15,
     -13,  -13,  -10,  -18,  -49,   -6,  -11,  -16,  -11,  -21,  -16,  -12,  -18,   12,  -24,  -29,
       6,   -3,  -12,  -12,  -12,  -12,  -18,  -12,  -12,  -18,  -18,  -12,  -12,   -3,  -17,  -21,
     -12,  -21,  -45,  -45,   -6,  -18,   -6,  -12,  -15,   -7,   -6,  -18,   -9,  -12,  -12,  -12,
     -21,  -10,  -12,   -6,  -21,   -6,   -9,  -18,  -24,  -18,  -26,  -26,  -31,  -31,  -26,  -21,
     -16,  -42,  -21,  -36,  -12,  -15,  -12,  -12,  -17,  -12,  -22,   -9,   -9,  -18,  -15,  -12,
      -9,  -32,  -18,  -12,   -6,   -6,   -9,  -12,   -9,  -21,   -9,   -9,  -15,  -15,  -33,  -21,
     -18,  -18,  -31,  -49,  -55,  -29,   12,  -55,  -24,  -40,  -21,   -9,   -6,   12,   18,  -18,
     -12,   -6,  -21,  -15,   -6,   -6,   -6,  -40,   -6,  -15,  -15,  -15,   -6,   -6,   -6,  -30,
     -15,  -15,   -6,   -6,  -41,   -6,  -55,   -6,   -6,   -6,  -21,  -15,  -18,   -6,   -4,  -12,
      -6,  -10,  -12,  -12,   -9,   -6,  -12,   -6,  -12,  -15,  -15,  -16,   -6,  -15,   -6,  -15,
     -15,  -21,  -18,  -15,  -15,  -27,   -6,  -16,   -6,  -21,  -15,  -15,  -12,   -6,   -6,  -12,
      -4,  -15,  -18,  -15,  -18,  -61,  -30,  -61,  -49,  -12,  -12,  -15,   -9,   -9,  -61,  -33,
     -55,  -24,   -6,   -6,  -15,   -9,   -6,   -7,  -24,  -40,  -12,  -18,  -36,  -46,  -21,  -27,
     -18,  -55,  -18,  -46,  -15,  -46,  -21,   -7,  -46,  -10,   -6,  -19,  -18,  -27,  -18,  -49,
     -46,  -46,  -30,  -18,   15,  -18,  -40,  -21,  -61,  -15,  -23,  -23,  -21,  -21,  -30,  -26,
     -24,  -24,  -18,  -12,   -6,  -16,  -12,  -19,  -21,  -15,  -40,  -15,  -30,  -40,  -27,  -27,
     -26,  -26,  -23,  -18,  -12,  -17,  -12,   -6,   -6,  -17,  -12,  -18,   -9,  -12,   -9,  -18,
      -9,   -6,   -9,   -9,  -36,  -36,   -9,  -36,  -33,   -6,   -9,   -9,  -12,   -6,  -27,   -6,
      -9,  -16,   -9,   -9,  -16,  -18,  -16,  -31,  -31,  -18,  -21,  -16,  -21,  -21,  -12,  -12,
     -15,  -12,   -6,  -16,  -12,  -22,   -9,   -9,  -18,  -15,  -12,   -9,  -32,  -18,  -12,   -6,
      -6,   -9,  -12,   -9,  -21,   -9,   -9,  -15,  -15,  -33,  -21,  -18,  -18,  -31,  -44,   -3,
      11,    6,  -12,  -24,  -19,   -9,   -3,  -15,  -44,  -44,  -12,  -12,   -9,  -12,  -15,  -10,
     -15,  -12,  -12,  -49,   -6,  -10,   -9,   -9,  -31,  -31, -116,  -12,  -49,  -29,  -26,   -3,
     -12,   -6,  -30,  -35,   -6,   -6,   -6,   -6,  -21,   -6,  -13,   -9,  -61,  -49,  -44,  -16,
     -16,  -37,    6,   -6,   -6,  -39,    2,   -6,  -19,   -6,   -6,   -4,   -9,   -6,  -24,   -3,
      -6,   -6,  -15,  -21,  -21,   -9,   -9,  -47,  -10,  -26,  -26,   -9,  -40,  -18,  -55,  -18,
     -15,  -41,   -6,   -6,   -3,  -10,   -6,  -12,   -6,   -4,   -3,  -12,   -6,   -6,  -21,  -21,
     -18,  -29,   -7,   -7,   -7,  -12,   -7,    3,   -3,   -7,   -7,  -10,  -10,  -67,  -55,  -37,
     -27,  -19,  -24,  -38,   -8,  -26,  -30,  -13,  -13,  -55,  -57,  -57,  -41,  -15,   -9,   -9,
      -6,  -18,  -15,   -6,  -12,   -6,  -40,   -6,  -15,   -6,  -15,   -6,   -6,  -15,   -6,  -12,
      -6,  -30,  -15,   -6,  -15,  -12,   -6,   -6,  -49,  -57,  -34,   -6,  -10,    9,    9,  -10,
     -10,  -10,  -10,  -10,    9,  -29,   -3,   -3,   -3,   -3,   -3,   -3,   12,  -65,  -24,  -24,
     -24,  -15,  -24,  -42,  -42,  -55,  -12,  -12,  -24,  -12,  -44,  -44,  -17,   -4,   -4,   -4,
      -6,   -4,    3,   -3,   -4,   -4,   -5,   -5,  -32,   10,  -18,  -13,   18,  -52,  -30,  -30,
     -61,   -6,  -24,  -30,  -46,  -30,  -61,  -61,  -18,  -49,   -6,  -11,  -34,  -11,  -43,  -34,
     -50,  -30,   12,  -24,  -29,    6,   -3,  -12,  -12,  -12,  -12,  -18,  -12,  -12,  -18,  -18,
     -12,  -12,   -3,  -17,  -43,  -12,  -43,  -90,  -90,   -6,  -75,    2,   -6,  -19,   -6,   -6,
     -40,  -58,   -6,  -24,   -3,   -6,   -6,  -15,  -71,  -71, -128,  -91,  -67,  -58,  -61,  -61,
     -40,  -12,  -40,  -40,  -40,    5,  -30,   -6,  -61,  -49,    5,    9, -116,  -30,  -27,   -9,
     -21,  -36,   -3,  -30,   18,    5,   -6,  -61,  -76,  -36,  -58,  -58,  -97,  -55,  -79,  -52,
    -128,  -70,  -94,  -46, -103,  -46,  -64, -100,  -43,  -30,  -64,  -53,  -79,  -55, -122,  -94,
     -94,  -30,  -38,    6,  -12,   24,  -12,  -27,  -55,    9,   -9,    9,  -67,  -12, -116,  -12,
     -49,  -29,  -26,   -3,  -12,  -13,  -30,  -35,  -13,  -13,   -6,  -13,  -21,  -13,  -13,   -9,
     -61,  -49,  -39,    2,   -6,  -19,   -6,   -6,   -4,    9,   -6,  -24,   -3,   -6,   -6,  -15,
     -21,  -21,  -18,  -49,  -12,  -11,  -16,  -11,  -21,  -16,  -12,  -18,   12,  -24,  -29,    6,
      -3,  -12,  -12,  -12,  -12,  -18,  -12,  -12,  -18,  -18,  -12,  -12,   -3,  -17,  -21,  -12,
     -21,  -45,  -45,  -12, -128,  -24,  -89,  -71,  -24,  -24,  -97,  -36,  -12,  -76,  -46, -128,
     -27,   -9,  -12,  -36,  -27,  -36,  -55,  -30,  -35,  -43,  -56,  -46,  -43,  -35,  -70,  -74,
     -56,  -36,  -56,  -40,  -30,  -56,  -33,  -36,  -43,  -35,  -43,  -35,  -70,  -56,  -56,  -55,
     -35,   -2,  -33,  -46,  -27,  -89,  -97,  -47,  -47,  -21,   -6,  -24,   -6,   -6,   -6,   -6,
      -6,  -47,  -50,  -36,  -36,  -40,  -55,  -52,  -36,  -36,  -40,  -40,  -44,  -44,  -24,  -71,
     -44,  -71,  -58,  -24,  -24,  -12,  -74,  -27,  -55,   -6,  -27,   -7,    2,    9,    6,   11,
      11,  -43,  -50,  -50,  -15,  -46,  -24,  -24,  -50,  -24,  -47,  -22,  -21,  -19,  -16,  -15,
     -19,  -29,  -50,  -18,  -74,  -74,  -18,    2,   11,  -43,  -43,  -43,  -43,  -43,  -50,  -50,
     -50,  -50,  -24,  -50,  -50,  -50,  -21,  -21,  -19,  -43,  -43,  -43,  -50,  -50,  -46,  -46,
     -24,  -24,  -24,  -47,  -47,  -47,  -22,    6,  -16,  -29,  -29,  -50,  -74,  -43,  -43,  -43,
     -50,  -50,  -24,  -43,  -43,  -50,   11,  -19,  -71,  -50,  -18,   -9,  -50,  -26,  -50,  -43,
       5,  -24,  -16,  -26,  -26,   -3,   -3,  -26,   -3,  -19,   -4,  -18,  -16,  -16,  -16,  -16,
     -16,  -26,  -26,  -26,  -26,   -3,  -26,  -26,  -26,  -16,  -16,  -16,  -26,  -26,   -3,   -3,
      -3,  -19,  -19,  -19,   -4,   -4,  -26,  -16,  -16,  -16,  -26,  -26,   -3,  -16,  -16,  -26,
     -50,  -18,  -32,  -97,  -56,  -97,  -43,  -73,  -88,  -24,  -30,   -6,  -24,  -13,   12,   14,
       6,    6,   -3,  -65,  -74,  -74,  -24,  -67,  -10,   -1,  -36,  -36,  -74,  -36,  -64,  -26,
     -29,  -24,  -18,  -22,  -24,  -36,  -70,  -24,  -88,  -88,    6,  -65,  -65,  -65,  -65,  -65,
     -74,  -74,  -74,  -10,  -10,  -10,  -74,  -36,  -74,  -74,  -74,  -29,  -29,  -24,  -65,  -65,
     -65,  -74,  -74,  -67,  -67,  -10,  -10,  -10,  -36,   -1,  -36,  -36,  -64,  -64,  -64,  -26,
      14,  -18,  -36,  -36,  -74,  -88,  -10,  -65,  -65,  -65,  -74,  -10,  -10,  -74,  -36,  -65,
     -65,  -74,  -10,    6,  -24,  -97,  -70,  -24,  -30,  -56,  -46,  -56,  -61,  -24,  -24,  -64,
     -73,  -33,  -65,   -9,  -33,  -16,  -61,  -64,  -64,  -27,  -61,   -7,   -3,  -43,  -43,  -64,
     -43,  -52,  -24,  -43,  -36,  -27,  -40,  -36,  -46,  -46,  -36,  -21,  -73,  -73,  -33,  -61,
     -97,  -94,  -76, -116,  -64, -119,  -97,   -7,   14,   35,  -64,  -43, -122, -116, -103,  -43,
     -82,  -36, -106, -109,  -61,  -64,  -64,  -61,  -61,   22,   19,    7,  -43,   26,  -43,  -43,
     -52,  -82,  -97,  -24,  -27,  -46,  -46,  -64,  -73,   -7,  -61,  -95, -111, -102,   32,   14,
    -105,  -62, -109, -112, -122,   -1,  -36,  -56,  -46,  -21,  -61,  -61,  -32,    6,  -67,   -9,
     -61,  -12,   -9,  -15,  -27,  -27,  -18,  -33,   -3,   -6,   -6,  -27,   -6,  -27,   -9,  -79,
     -67,  -67, -119,  -15,  -15,  -15,  -15,  -15,  -27,  -27,  -27,   11,   27,  -27,   -6,  -27,
     -27,  -27,   -3,  -15,  -15,  -15,  -27,  -27,  -33,  -33,    8,    6,   -6,    6,   -3,   -6,
      -6,  -27,  -27,  -27,   -9,  -27,  -67,  -15,  -15,  -15,  -27,    6,    6,  -27,   -6,  -26,
     -24,  -81,  -34,  -78,  -16,  -63,  -24,  -26,  -24,  -26,  -29,  -21,  -21,  -29,  -39,  -24,
     -16,  -21,  -34,  -21,  -39,  -39,  -16,  -39,  -21,  -16,  -21,  -36,  -39,  -39,  -26,  -21,
     -21, -125,  -78,  -15,  -15,  -27,  -61,  -30,  -67,  -67,  -12,  -46,   -6,  -19,   -7,  -56,
     -33,  -55,  -33,  -12,   -6,  -47,  -60,  -60,  -33,  -49,  -13,    6,   12,  -12,  -12,  -60,
     -12,  -50,  -18,  -21,  -24,  -27,  -18,  -24,  -18,  -91,  -56,  -56,  -55,  -47,  -47,  -47,
     -47,  -47,  -60,  -60,  -60,    6,   15,   29,  -60,  -12,  -60,  -60,  -60,  -21,  -21,  -24,
     -13,  -47,  -47,  -47,  -60,  -60,  -49,  -49,   21,   15,    6,  -12,   12,  -13,  -12,  -12,
     -50,  -50,  -50,  -18,  -27,  -18,  -18,  -60,  -56,    6,  -47,  -47,  -47,  -97,   49,   18,
     -97,  -12,  -47,  -47,  -60,   18,  -24,  -67,  -12,   -6,  -43,  -36,  -24,  -24,  -58,  -30,
     -68,  -52,  -67,  -15,   -9,   -9,   -9,  -24,  -21,  -61,  -52, -100,  -30,  -67,   -9,   -9,
      -9,   -9,   -9,   -9,   -9,  -21,  -21,  -61,   -9,   -9,  -58,  -24,  -58,  -52,  -52,   -9,
      -9,   -9,   -9,  -67,  -61,   -3,   -7,   -3,   -3,   -4,   -6,   -6,  -12,   -6,   -4,   -3,
      -6,   -1,   -7,   -1,   -4,   -1,  -27,  -30,   -9,  -18,  -30,  -33,  -30,  -33,  -49,  -32,
     -24,   -7,  -46,  -12,   -1,   -3,   -3,   -3,   -3,   -9,   -3,  -16,  -10,  -16,   -3,   -3,
      -3,  -16,   -1,   -1,   -3,   -3,   -3,   -3,   -9,  -10,   -3,  -16,
};

static const EpdLigaturePair literatamono_18_boldLigaturePairs[] = {
    { 0x00660069, 0xFB01 }, // f i -> U+FB01
    { 0x0066006C, 0xFB02 }, // f l -> U+FB02
};

static const EpdFontData literatamono_18_bold = {
    literatamono_18_boldBitmaps,
    literatamono_18_boldGlyphs,
    literatamono_18_boldIntervals,
    68,
    56,
    45,
    -12,
    true,
    literatamono_18_boldGroups,
    13,
    nullptr,
    nullptr,  // kernLeftClasses: built-in fonts use the split arrays below
    nullptr,  // kernRightClasses
    literatamono_18_boldKernLeftCodepoints,
    literatamono_18_boldKernLeftClassIds,
    literatamono_18_boldKernRightCodepoints,
    literatamono_18_boldKernRightClassIds,
    nullptr,  // kernMatrix: built-in fonts use the sparse form below
    literatamono_18_boldKernRowOffsets,
    literatamono_18_boldKernSparseCols,
    literatamono_18_boldKernSparseValues,
    569,
    514,
    173,
    213,
    literatamono_18_boldLigaturePairs,
    2,
};
