/**
 * generated by fontconvert.py
 * name: literatamono_16_bold
 * size: 16
 * mode: 2-bit  compressed: true
 * Command used: fontconvert.py literatamono_16_bold 16 ../builtinFonts/source/Literata/Literata-Bold.ttf --2bit --compress --pnum --zopfli --mono
 */
#pragma once
#include "EpdFontData.h"

static const uint8_t literatamono_16_boldBitmaps[16212] = {
    0x94, 0x54, 0x61, 0x6A, 0xF5, 0x48, 0x0C, 0x13, 0xF8, 0x6F, 0xC1, 0x57, 0xF9, 0x0E, 0x10, 0xD0,
    0xD5, 0x0D, 0x3D, 0xC0, 0x77, 0x15, 0xC3, 0xFE, 0x1D, 0xD0, 0x22, 0x27, 0x93, 0xD7, 0xF4, 0xB5,
    0xB0, 0x9B, 0x67, 0xCB, 0xE9, 0x44, 0x23, 0xAB, 0x26, 0x19, 0x64, 0x73, 0x69, 0xD1, 0xBF, 0x3E,
    0x7F, 0x59, 0x5F, 0x7F, 0x00, 0x90, 0xC5, 0xF6, 0xF3, 0x2C, 0x46, 0x2B, 0x5F, 0xC1, 0x68, 0x46,
    0x1D, 0x13, 0xC8, 0xCE, 0x32, 0xF7, 0x1D, 0x59, 0xA0, 0x24, 0xD5, 0x57, 0x04, 0x41, 0xE0, 0x46,
    0x6D, 0x94, 0xAF, 0x07, 0x62, 0x61, 0x01, 0x58, 0x71, 0x63, 0xAC, 0x68, 0xB8, 0x3C, 0x80, 0x4A,
    0x84, 0xA5, 0x73, 0x60, 0x85, 0x8A, 0x0D, 0x1A, 0xF2, 0x82, 0x93, 0x56, 0x06, 0x01, 0x29, 0xF5,
    0xEC, 0x00, 0xC6, 0x51, 0x18, 0x90, 0xEA, 0x0F, 0x40, 0xBD, 0x0C, 0x1A, 0x28, 0xA8, 0x38, 0x7A,
    0x26, 0x53, 0x5A, 0x38, 0x52, 0xF5, 0xDD, 0x41, 0xC8, 0x53, 0xB0, 0x00, 0x58, 0xE0, 0xE7, 0x82,
    0x77, 0x86, 0x20, 0xB8, 0xC4, 0x55, 0xD6, 0x94, 0x6C, 0x97, 0xC5, 0x86, 0x99, 0x1C, 0x4F, 0x3D,
    0x9A, 0xFA, 0x54, 0xA8, 0x2D, 0x49, 0x2D, 0x20, 0x17, 0x3F, 0x6D, 0xB6, 0xE5, 0xC2, 0x3E, 0xE5,
    0xEA, 0x2C, 0xF0, 0x62, 0xC8, 0x12, 0xB6, 0xE0, 0x0D, 0xB9, 0xC6, 0x88, 0x13, 0x23, 0xEA, 0xA2,
    0x6D, 0x52, 0xEF, 0x45, 0xF0, 0x4D, 0x28, 0xDA, 0x7B, 0xF4, 0xB7, 0x52, 0x05, 0x0A, 0xE4, 0x94,
    0x83, 0x15, 0x52, 0xAD, 0xAC, 0x94, 0xBA, 0xC7, 0x82, 0x5C, 0x8A, 0x2E, 0x32, 0xDD, 0x65, 0x3C,
    0x5B, 0x60, 0x99, 0xE2, 0x9D, 0x9E, 0xB7, 0xA4, 0x4E, 0x69, 0xC9, 0x04, 0x35, 0x05, 0x50, 0xF6,
    0x48, 0x49, 0x22, 0x8F, 0x03, 0x31, 0x53, 0x73, 0x33, 0x8C, 0x0F, 0x1B, 0xCB, 0x1D, 0xEC, 0x47,
    0x68, 0x07, 0xBF, 0xC5, 0xE6, 0xC7, 0xB2, 0x02, 0x26, 0xAC, 0x99, 0x23, 0x1E, 0xB5, 0x00, 0xFB,
    0xF2, 0x9A, 0xF9, 0xD9, 0x9B, 0xAF, 0xAF, 0x51, 0xA1, 0xC2, 0x5B, 0xCC, 0x3A, 0x76, 0x6C, 0x6F,
    0xBD, 0x5D, 0x17, 0x34, 0xE2, 0x7F, 0x00, 0xF0, 0x95, 0x07, 0x13, 0x3A, 0x54, 0xFC, 0xEB, 0x5D,
    0x3D, 0xE9, 0x7B, 0x1D, 0x9C, 0x67, 0x20, 0x7E, 0x4D, 0x49, 0xFD, 0x35, 0x7F, 0xE2, 0xB0, 0xD4,
    0x9A, 0x6F, 0x37, 0x3A, 0x3A, 0x4B, 0x38, 0xF0, 0x07, 0x52, 0xDD, 0x91, 0xC5, 0x93, 0xD1, 0x9C,
    0x77, 0xF5, 0x95, 0xD9, 0x67, 0xB2, 0x5E, 0x29, 0xEC, 0x7C, 0xD2, 0x7E, 0xA7, 0xBE, 0x2B, 0x3A,
    0x9F, 0x34, 0xA4, 0xF1, 0xFE, 0xD0, 0x72, 0x85, 0x01, 0x2A, 0xF6, 0x05, 0xAD, 0x06, 0xFF, 0x33,
    0x78, 0xC7, 0x40, 0xD1, 0x2A, 0xA9, 0x90, 0x95, 0xD7, 0xF4, 0xB8, 0xBA, 0xF1, 0x35, 0x82, 0xF8,
    0x9F, 0x41, 0x2D, 0xCD, 0x05, 0x2D, 0xA4, 0xBC, 0xA0, 0x16, 0xB8, 0x54, 0xCE, 0x9C, 0x3C, 0x90,
    0x0B, 0xA0, 0xB3, 0x01, 0x39, 0x0B, 0x21, 0x9C, 0xCB, 0xF7, 0x9F, 0xCC, 0x05, 0x65, 0x87, 0xA8,
    0x51, 0xBD, 0x13, 0x92, 0xB5, 0xDB, 0xEB, 0xFC, 0xA2, 0xCB, 0xCA, 0xF5, 0x10, 0x99, 0x16, 0xAE,
    0xBA, 0xFA, 0xA5, 0x80, 0x98, 0xFC, 0x63, 0x05, 0x50, 0xD6, 0xB3, 0x8E, 0xBD, 0xC2, 0x34, 0x20,
    0x60, 0xE2, 0x06, 0x1A, 0xE4, 0x3D, 0x03, 0xFF, 0xD8, 0xE6, 0x1C, 0x24, 0x03, 0x16, 0x5B, 0x21,
    0x44, 0x87, 0x90, 0x03, 0x65, 0xEB, 0xEE, 0x32, 0xDA, 0x03, 0x34, 0x4C, 0xE7, 0x0B, 0x52, 0x35,
    0x53, 0x1F, 0x08, 0x49, 0x78, 0xC0, 0x7C, 0x1D, 0x78, 0x83, 0xCF, 0x7D, 0xE6, 0xE6, 0xF0, 0x2A,
    0x4F, 0xBD, 0xFA, 0x09, 0x3E, 0x0C, 0x34, 0x45, 0x26, 0xE7, 0xD5, 0xAC, 0x01, 0xCE, 0xAE, 0xB9,
    0xDB, 0x27, 0x77, 0x08, 0x33, 0x3B, 0x9D, 0x40, 0x77, 0xBB, 0x40, 0x65, 0xC6, 0x32, 0x08, 0xF6,
    0x5A, 0x6A, 0xFC, 0x0C, 0x3C, 0xC1, 0x7D, 0x57, 0xBC, 0xB5, 0x94, 0xA4, 0x81, 0xBA, 0x01, 0x02,
    0x16, 0x16, 0xC2, 0x90, 0xD3, 0xAF, 0x36, 0x8C, 0xC9, 0x81, 0x05, 0x20, 0x9F, 0xC0, 0xFE, 0x05,
    0xF4, 0x04, 0xEE, 0x31, 0xA7, 0x24, 0x8C, 0xAB, 0x31, 0xB9, 0x61, 0xAF, 0x29, 0x86, 0xD2, 0x26,
    0x17, 0xC0, 0xD3, 0xB8, 0xC9, 0x54, 0xB1, 0x42, 0xA5, 0x82, 0xFA, 0x09, 0xA5, 0xF9, 0x57, 0xEF,
    0xE9, 0x42, 0xFB, 0x75, 0x09, 0x4B, 0xCD, 0x1A, 0x3B, 0x17, 0xCC, 0x83, 0xEA, 0x82, 0xFA, 0x0E,
    0xA3, 0xD2, 0x79, 0x4A, 0x55, 0x1A, 0xA0, 0x4F, 0xD5, 0xEB, 0x7D, 0xF1, 0xBB, 0x0A, 0x82, 0x0B,
    0x92, 0x06, 0x46, 0xBE, 0x00, 0xB7, 0x7D, 0x9C, 0x52, 0xFB, 0x7A, 0xAC, 0x5E, 0x27, 0x5D, 0xEB,
    0xC1, 0xF8, 0xED, 0x04, 0x04, 0xE0, 0xDE, 0x35, 0x23, 0x8D, 0x69, 0x05, 0x4C, 0x29, 0x5B, 0xC0,
    0xDD, 0x57, 0xFB, 0x35, 0x9A, 0x9B, 0x1A, 0x12, 0xB2, 0xBC, 0xFF, 0xED, 0xFC, 0xBD, 0xAE, 0xEF,
    0xEB, 0xF7, 0x91, 0x7F, 0x6B, 0x6E, 0x99, 0x5B, 0xBC, 0xAF, 0xE6, 0x43, 0xB8, 0x3D, 0xF4, 0xB9,
    0xEF, 0x03, 0x98, 0xFE, 0xF1, 0xED, 0x34, 0x60, 0xA5, 0xE6, 0x8D, 0xDE, 0xEC, 0x50, 0x8D, 0x46,
    0xEE, 0xA3, 0xB6, 0xEE, 0xBC, 0x2F, 0x4E, 0xEF, 0x57, 0xCE, 0xB0, 0xD2, 0xB6, 0xAC, 0x7F, 0xBA,
    0x92, 0xB4, 0xF5, 0x42, 0xB0, 0x3D, 0x2B, 0x22, 0x7B, 0xBE, 0xFD, 0x4F, 0x1B, 0x90, 0x6A, 0x11,
    0x2A, 0x61, 0x31, 0x04, 0x61, 0x29, 0x96, 0xCB, 0xBA, 0x4B, 0xB8, 0x64, 0xEF, 0xC2, 0x29, 0xC9,
    0xF0, 0xB3, 0x64, 0xB4, 0x62, 0x1D, 0xCC, 0x12, 0xD4, 0x14, 0x58, 0xF3, 0xAF, 0x8C, 0x9D, 0xD3,
    0xFD, 0xC7, 0x39, 0x70, 0x01, 0x90, 0xC6, 0x20, 0xAF, 0x21, 0xFF, 0xDB, 0x9A, 0xD9, 0xE6, 0x46,
    0xAF, 0xC2, 0x50, 0x18, 0x89, 0x05, 0x78, 0x43, 0x95, 0xBC, 0x75, 0xA4, 0x2E, 0xA0, 0x5B, 0xB1,
    0xD4, 0xBF, 0x96, 0x7C, 0xF1, 0x39, 0x66, 0xA0, 0xF4, 0xBB, 0xF7, 0x9D, 0x09, 0x8F, 0xE9, 0x24,
    0x21, 0xC4, 0x60, 0x63, 0xDC, 0x70, 0x5E, 0x44, 0xA1, 0xF1, 0x56, 0xA0, 0x05, 0xBF, 0x04, 0x22,
    0x41, 0xD3, 0x2D, 0x10, 0xD3, 0xA6, 0x18, 0x72, 0x88, 0x54, 0x29, 0x1F, 0x44, 0xC1, 0xF9, 0x47,
    0x51, 0xB3, 0xA2, 0x54, 0x5D, 0xC2, 0x20, 0x68, 0x1D, 0x8D, 0x33, 0x7B, 0x3C, 0x04, 0xCE, 0x44,
    0x00, 0x70, 0x52, 0x36, 0xA1, 0x37, 0xEA, 0x44, 0xC7, 0x5D, 0xB4, 0x62, 0x00, 0x27, 0x7C, 0x42,
    0x80, 0x78, 0x03, 0x75, 0x9C, 0x0D, 0xCE, 0x31, 0x3E, 0xCD, 0xA1, 0x9A, 0x27, 0x8E, 0x20, 0xBB,
    0xCD, 0x21, 0xE4, 0xC4, 0xE2, 0x9A, 0xC1, 0xE5, 0x02, 0xDE, 0x4F, 0xE8, 0x4E, 0x8A, 0xF1, 0x8E,
    0x4A, 0xFA, 0x26, 0x8C, 0x00, 0xF3, 0x53, 0x26, 0x0D, 0xA6, 0xBE, 0x9E, 0xE5, 0xD0, 0xD7, 0x40,
    0x1F, 0x68, 0x03, 0x20, 0x16, 0x26, 0xBE, 0xD7, 0xAC, 0x24, 0x05, 0xBA, 0xE8, 0x20, 0x55, 0xF2,
    0x57, 0xEE, 0x76, 0x78, 0xA8, 0x37, 0xDD, 0x5A, 0x3F, 0xFB, 0xB0, 0xB1, 0x54, 0x2E, 0x89, 0x0E,
    0x8C, 0xB5, 0x0E, 0xDA, 0x44, 0x4F, 0xC4, 0x09, 0xFE, 0x56, 0x67, 0x69, 0xB4, 0x3E, 0xD1, 0x01,
    0x36, 0x85, 0x61, 0xD8, 0xF8, 0xF6, 0x91, 0x00, 0x1F, 0xF9, 0xFD, 0x73, 0x01, 0x1A, 0xF6, 0x01,
    0xE5, 0xBB, 0x39, 0x01, 0xAD, 0xEB, 0x67, 0x23, 0x3F, 0x84, 0x63, 0x3E, 0x29, 0xC5, 0x2F, 0x46,
    0x5E, 0x22, 0x48, 0x7A, 0x15, 0x70, 0x28, 0xDB, 0x29, 0x5A, 0xAF, 0x91, 0x1F, 0x7B, 0x88, 0x65,
    0xA4, 0x2F, 0x93, 0xC1, 0x50, 0xFE, 0xE4, 0x6F, 0x46, 0x35, 0xE2, 0xE2, 0x8F, 0xEF, 0x85, 0xA2,
    0xEF, 0xDB, 0x79, 0x48, 0xB4, 0xDF, 0x1E, 0xBC, 0x71, 0xAD, 0x41, 0x1B, 0xB0, 0x84, 0x3F, 0x02,
    0x23, 0x10, 0x05, 0x2B, 0xD0, 0x7D, 0x50, 0x85, 0xB5, 0x1A, 0xC0, 0xCD, 0xDB, 0x49, 0x4C, 0x37,
    0xF4, 0xCC, 0x92, 0x3A, 0x92, 0x88, 0x93, 0xBA, 0x27, 0xC5, 0x92, 0x3A, 0x92, 0x61, 0x07, 0x71,
    0xF6, 0x25, 0x92, 0x02, 0xF6, 0x18, 0x20, 0xDA, 0x21, 0x75, 0xD9, 0x26, 0x34, 0xE5, 0x93, 0x3D,
    0x68, 0x45, 0x86, 0x66, 0x36, 0x38, 0xFB, 0xFE, 0x8C, 0x6E, 0x0B, 0xF2, 0x80, 0xDE, 0x16, 0x83,
    0x79, 0xAD, 0x29, 0x31, 0xB5, 0x87, 0x94, 0x6C, 0x98, 0xD2, 0xA8, 0xDF, 0x72, 0xC8, 0xCB, 0x94,
    0x4E, 0xD9, 0xA7, 0x54, 0x49, 0xA9, 0xB6, 0x64, 0x50, 0xBA, 0x43, 0xCA, 0x92, 0x61, 0x90, 0xFD,
    0x90, 0x8C, 0x71, 0x07, 0x64, 0x7B, 0xC8, 0x46, 0xD9, 0xA8, 0x27, 0x1A, 0x1F, 0x57, 0x86, 0x53,
    0x96, 0xAB, 0x01, 0x6D, 0x52, 0xC2, 0xF0, 0x8E, 0x7E, 0x30, 0xC8, 0x31, 0xF9, 0x0A, 0x5A, 0xD8,
    0xA6, 0x3A, 0x18, 0x49, 0x01, 0x7B, 0xBC, 0x2C, 0x66, 0x93, 0x49, 0x3D, 0x28, 0x78, 0x2E, 0xD9,
    0x41, 0xAE, 0xEB, 0x54, 0x38, 0xAB, 0x38, 0x35, 0x96, 0xD3, 0x35, 0x79, 0x18, 0xB5, 0x7A, 0xD1,
    0x36, 0xE3, 0x1D, 0xF5, 0xA4, 0x3F, 0xC8, 0x76, 0xCA, 0x0D, 0xF7, 0x3C, 0x8E, 0x45, 0xC0, 0x6A,
    0x11, 0xF8, 0x72, 0x05, 0xF4, 0x1B, 0xEF, 0xD6, 0x42, 0x80, 0x1B, 0xAC, 0xCF, 0xE7, 0x95, 0x52,
    0xFF, 0x4E, 0xEC, 0x38, 0x40, 0xEA, 0x4F, 0x2E, 0x05, 0x6B, 0xD7, 0xCE, 0x6D, 0xBF, 0xED, 0xFD,
    0x93, 0xFA, 0x55, 0x70, 0x6E, 0x4B, 0x4E, 0xFB, 0x5B, 0x32, 0xC3, 0x22, 0xF5, 0xB6, 0x25, 0x5D,
    0x21, 0x7B, 0xA4, 0xA4, 0x0B, 0xA1, 0xE4, 0x73, 0x4D, 0x53, 0x56, 0x7F, 0x78, 0xC3, 0x8A, 0x16,
    0x21, 0x57, 0x2E, 0x06, 0x6A, 0x5D, 0x67, 0x06, 0x2F, 0x5D, 0xAF, 0xE4, 0x75, 0xC1, 0x38, 0xD7,
    0x36, 0xF0, 0xB6, 0xE7, 0x9B, 0x3C, 0xBB, 0xEC, 0xBF, 0xF2, 0x5A, 0x03, 0xF4, 0xDB, 0x3B, 0x90,
    0x8D, 0xBC, 0x5A, 0xA6, 0x85, 0xE6, 0x4B, 0x83, 0xBC, 0x54, 0x06, 0x37, 0x58, 0x09, 0xF1, 0xF6,
    0x83, 0x8C, 0x9A, 0x7F, 0x98, 0x51, 0xC3, 0xBB, 0x73, 0x7E, 0xA6, 0x86, 0x75, 0xB0, 0xA9, 0x77,
    0x19, 0x35, 0xC5, 0x1B, 0x9F, 0xC4, 0xE6, 0xC2, 0x72, 0x06, 0x75, 0xD2, 0x1D, 0x7C, 0x9A, 0x6C,
    0x15, 0x60, 0xFF, 0x3F, 0x06, 0xED, 0xBF, 0x5E, 0xC2, 0x8A, 0xDC, 0xA9, 0x90, 0x0C, 0xDB, 0xB1,
    0xC3, 0x1F, 0xFF, 0x8E, 0xA3, 0xE9, 0x83, 0xB6, 0x52, 0x9F, 0x6B, 0xFA, 0x48, 0xD9, 0x1A, 0x7E,
    0xC6, 0xE0, 0xBC, 0x11, 0x2B, 0xD7, 0x58, 0xA2, 0xA5, 0x60, 0xF8, 0x4F, 0xC1, 0x1C, 0x4C, 0xE5,
    0x8D, 0x7C, 0x89, 0x60, 0x68, 0xED, 0x29, 0xA2, 0x44, 0xE7, 0xFE, 0xA0, 0x1B, 0xC4, 0x33, 0xC5,
    0x0B, 0x15, 0xF3, 0x32, 0x20, 0xA2, 0xC4, 0x1D, 0x93, 0xB3, 0x35, 0x76, 0x10, 0x1A, 0x7B, 0x54,
    0x34, 0x2B, 0xF3, 0xC0, 0x84, 0x0B, 0xE7, 0xEB, 0xF6, 0xB7, 0x15, 0x86, 0x98, 0x48, 0x9F, 0x19,
    0x2A, 0x30, 0x8F, 0xD7, 0x55, 0x79, 0x8E, 0x81, 0xA9, 0xB2, 0x2B, 0x23, 0x06, 0xBD, 0xD4, 0xA3,
    0xC2, 0x39, 0x25, 0x67, 0x45, 0x51, 0xC9, 0xE6, 0x5E, 0x8D, 0x76, 0x85, 0x65, 0xA7, 0x9F, 0x15,
    0xD9, 0x15, 0xDA, 0x2F, 0x2B, 0x6B, 0x9F, 0x85, 0xCE, 0x47, 0x8A, 0x3E, 0x45, 0x50, 0xF4, 0xD2,
    0x29, 0x47, 0x2A, 0x67, 0x43, 0xA9, 0xCF, 0x20, 0xA0, 0xB0, 0x7E, 0x69, 0xCA, 0x21, 0xE4, 0xA3,
    0x4D, 0x0C, 0x46, 0x17, 0x2B, 0xD7, 0xDE, 0xAF, 0x70, 0x87, 0x42, 0xA7, 0xBB, 0xBC, 0x99, 0xC2,
    0x53, 0x72, 0xFD, 0x8E, 0x51, 0x82, 0x5D, 0x3A, 0xD9, 0x39, 0xFE, 0x98, 0x4C, 0xB8, 0x6D, 0x0D,
    0xB7, 0x78, 0x77, 0x76, 0x13, 0xC3, 0x4A, 0x8E, 0xC7, 0xA0, 0x6A, 0xEC, 0x8E, 0xCA, 0x77, 0xE4,
    0x0B, 0x82, 0x46, 0x72, 0xC8, 0x0F, 0x0C, 0xA4, 0xCC, 0x3B, 0x31, 0x9C, 0xB3, 0x0C, 0xCD, 0x07,
    0x80, 0xFB, 0xC6, 0xF2, 0xEF, 0xC0, 0xF9, 0xBB, 0x0B, 0x01, 0xC5, 0x4C, 0x20, 0x9B, 0x7D, 0x3F,
    0xA3, 0xBC, 0xC2, 0x9F, 0xBE, 0xFC, 0x40, 0xD7, 0xBB, 0x88, 0xED, 0xD2, 0x9D, 0xA5, 0xC5, 0x2E,
    0xFB, 0xC2, 0x71, 0x5D, 0x78, 0x5F, 0xAC, 0xED, 0x8B, 0x56, 0xD1, 0x73, 0x8D, 0xFE, 0xA7, 0x2F,
    0x3F, 0x15, 0xAA, 0xD0, 0xE7, 0x2E, 0xD0, 0xCF, 0xAA, 0x21, 0xFE, 0xE1, 0x80, 0xAB, 0x75, 0x1A,
    0xD6, 0xC0, 0x8C, 0x90, 0xD6, 0x9E, 0x5A, 0xAC, 0x0F, 0xAD, 0x14, 0xE7, 0xC4, 0xBA, 0xE7, 0x29,
    0x9A, 0xCC, 0xA0, 0x67, 0xDF, 0x99, 0x34, 0xD4, 0xF8, 0x3C, 0x0D, 0xAF, 0x8C, 0x90, 0xE7, 0x59,
    0xE3, 0x25, 0x0B, 0xB6, 0xB6, 0x67, 0x1A, 0xCF, 0xCC, 0x16, 0xAD, 0xAE, 0x2D, 0xF4, 0xCF, 0xD1,
    0x63, 0x42, 0x19, 0x9A, 0x7A, 0x25, 0xDF, 0x98, 0xD7, 0x05, 0xFA, 0x07, 0x90, 0x8D, 0x75, 0x47,
    0xB0, 0x81, 0xD1, 0x4D, 0x2B, 0x0F, 0xC3, 0x5F, 0xD0, 0x5D, 0xB5, 0x8E, 0x12, 0xD6, 0x11, 0xFB,
    0x9C, 0x85, 0x4B, 0x7B, 0x7B, 0xCA, 0xFE, 0x0B, 0xAD, 0xC9, 0xD8, 0x7B, 0x09, 0x3B, 0xD1, 0x3E,
    0x81, 0xD6, 0xA3, 0x4D, 0x00, 0xA8, 0x03, 0xB0, 0x89, 0xF8, 0x12, 0x0A, 0x30, 0x3C, 0xE5, 0xA3,
    0xB5, 0x72, 0x26, 0x67, 0xD6, 0x1C, 0x83, 0x8A, 0xA5, 0xAF, 0x10, 0x11, 0x27, 0x76, 0x6F, 0xD2,
    0x68, 0xB2, 0xEF, 0xCA, 0xFC, 0xC6, 0x9D, 0x34, 0xDD, 0xCE, 0xCD, 0x6B, 0x5E, 0x39, 0x0B, 0xC7,
    0x82, 0x0D, 0xB2, 0xE0, 0xB7, 0x1F, 0x16, 0x36, 0xC9, 0x92, 0x1F, 0xDF, 0x59, 0xE2, 0xF4, 0x8C,
    0x4F, 0x6D, 0xE7, 0x3E, 0x38, 0x5A, 0xED, 0xC0, 0x39, 0xDC, 0x30, 0xCD, 0xEA, 0xF3, 0xCA, 0x19,
    0xD7, 0x7B, 0xD4, 0xF4, 0x00, 0x72, 0x8E, 0x26, 0xC4, 0xA3, 0x6A, 0x8C, 0x15, 0x6C, 0x35, 0x30,
    0xCA, 0x03, 0x9F, 0x94, 0x6F, 0xD8, 0x23, 0xA9, 0x15, 0x43, 0xD9, 0x83, 0x83, 0x11, 0xD6, 0x9F,
    0xC9, 0x7D, 0x04, 0xD9, 0xF1, 0x23, 0x8F, 0x59, 0x7F, 0x7C, 0x22, 0x70, 0xF0, 0xF7, 0x2F, 0x0F,
    0xAD, 0xA6, 0x4C, 0x5C, 0x5D, 0x03, 0xC6, 0xC8, 0x26, 0xF0, 0x91, 0xCF, 0xBE, 0xCE, 0xAF, 0x9A,
    0x5A, 0x8C, 0x4C, 0xC8, 0xFE, 0x45, 0x41, 0x71, 0xF2, 0x87, 0x9B, 0x55, 0xE5, 0xEF, 0xEF, 0x02,
    0xD1, 0x5A, 0xDB, 0xF8, 0x3E, 0x64, 0x8F, 0x53, 0x11, 0x7F, 0x3B, 0xB6, 0x82, 0x62, 0x25, 0xCB,
    0x1D, 0x3F, 0x21, 0xA1, 0xF6, 0x3A, 0xA5, 0xC2, 0x0D, 0x33, 0x73, 0x1D, 0xDC, 0xDD, 0xA8, 0x97,
    0xB4, 0xF6, 0x77, 0x29, 0x6C, 0xC7, 0xF0, 0x14, 0x09, 0x5F, 0x12, 0xFD, 0x40, 0x2F, 0x6C, 0x32,
    0x30, 0x63, 0x39, 0xC5, 0x87, 0x26, 0x1B, 0x29, 0xBF, 0x20, 0xDF, 0xF3, 0xCD, 0xCC, 0x82, 0xC3,
    0xBB, 0xED, 0x6C, 0x79, 0x98, 0x2F, 0xFF, 0x99, 0xA6, 0xE5, 0xAC, 0xD6, 0xC6, 0x8C, 0x0E, 0x07,
    0x61, 0x4A, 0xAC, 0x44, 0xE4, 0x08, 0x5A, 0xD7, 0xD8, 0xFB, 0xB9, 0x9C, 0x4D, 0x85, 0x78, 0xC0,
    0x4F, 0xF0, 0x3A, 0x18, 0x25, 0x31, 0x84, 0xEB, 0x79, 0x6B, 0x07, 0xE8, 0xE7, 0xAE, 0x84, 0x97,
    0x46, 0xFF, 0x37, 0x1E, 0x15, 0xAD, 0xE0, 0xDC, 0x27, 0xFE, 0x5B, 0x18, 0x70, 0x13, 0x5C, 0x2B,
    0x5C, 0x63, 0xA2, 0xF6, 0xDE, 0xA3, 0xC7, 0x73, 0x82, 0xD6, 0x07, 0xB4, 0x6F, 0x20, 0xD7, 0xAE,
    0x35, 0x5E, 0xB3, 0x2B, 0xA6, 0x59, 0x86, 0xCC, 0xD2, 0x67, 0xA1, 0x43, 0xD6, 0xB5, 0x05, 0xA6,
    0x02, 0xCC, 0x11, 0xC1, 0x0A, 0xAF, 0xE3, 0x3D, 0xE3, 0x29, 0x2D, 0xE8, 0x69, 0xC7, 0x18, 0xBD,
    0x8A, 0x5C, 0x0E, 0x3B, 0xFF, 0xFE, 0xBE, 0x74, 0x3C, 0xAF, 0xB3, 0x34, 0xDA, 0x47, 0x0F, 0xDB,
    0xC8, 0x71, 0xFB, 0x19, 0x30, 0xB4, 0xC0, 0x0A, 0x44, 0x27, 0x94, 0x3B, 0x7D, 0x45, 0xDF, 0x1F,
    0x60, 0xEE, 0x85, 0x18, 0x32, 0x5A, 0x41, 0x47, 0x6D, 0x07, 0x01, 0x47, 0x00, 0xBF, 0xC0, 0x10,
    0x9D, 0x18, 0x6B, 0x5F, 0xCC, 0x81, 0x85, 0x94, 0x2D, 0x05, 0x1E, 0x03, 0xB6, 0x71, 0xC9, 0xE1,
    0xD1, 0xB0, 0x37, 0x32, 0xEC, 0x6B, 0x26, 0xB6, 0xCC, 0x21, 0x78, 0x35, 0x7D, 0x81, 0x1C, 0xB5,
    0x83, 0x1D, 0x5C, 0xF7, 0xB7, 0x14, 0xCA, 0x06, 0x49, 0xE3, 0x83, 0xDD, 0xF9, 0x46, 0x5F, 0xFF,
    0x61, 0xCB, 0xA1, 0x86, 0xE5, 0x58, 0x4D, 0x82, 0x0E, 0xF0, 0xCF, 0x3C, 0xA1, 0x13, 0xD0, 0xC5,
    0x8A, 0x59, 0x1C, 0x11, 0x07, 0x00, 0x8D, 0x01, 0x30, 0xB7, 0x52, 0x16, 0x63, 0x7A, 0xA2, 0x9D,
    0xCA, 0xFA, 0x4A, 0x4F, 0x05, 0x85, 0x6B, 0x4F, 0xE9, 0x13, 0xCF, 0x13, 0x7C, 0x79, 0x31, 0x5A,
    0xF7, 0x0A, 0x23, 0xC3, 0x57, 0x09, 0xA4, 0x3E, 0xC2, 0xB2, 0x7B, 0xF0, 0x5A, 0x6F, 0xFF, 0xFF,
    0xA4, 0xE9, 0xAC, 0x52, 0xD9, 0x5A, 0x1B, 0xE3, 0x55, 0xB0, 0x7F, 0x33, 0xE6, 0xDC, 0xCE, 0xA3,
    0xF3, 0x88, 0x7D, 0x88, 0x73, 0xFF, 0x94, 0x94, 0xB7, 0xA7, 0xBA, 0xD7, 0x21, 0xD7, 0x11, 0xD6,
    0x69, 0xC2, 0x5F, 0x7E, 0xAC, 0xD5, 0xB6, 0xF8, 0x3E, 0xCE, 0x56, 0x51, 0xAF, 0xA7, 0x1B, 0x7A,
    0x7D, 0x9E, 0x5A, 0x47, 0xDC, 0x07, 0x56, 0x0F, 0xDC, 0xC4, 0x30, 0x91, 0xCA, 0x8A, 0xB4, 0xD7,
    0x18, 0xFF, 0x01, 0x94, 0x94, 0xD9, 0xA9, 0x24, 0x4B, 0x0C, 0x05, 0x0F, 0xE8, 0xB7, 0x41, 0xAE,
    0xB4, 0x01, 0x05, 0xC7, 0x75, 0x41, 0x1B, 0x70, 0x5D, 0x11, 0xCC, 0xAF, 0x20, 0x5E, 0x26, 0xD9,
    0xC5, 0x6B, 0x66, 0x9F, 0x2C, 0x45, 0xD4, 0x92, 0xFB, 0x42, 0x29, 0xCB, 0xED, 0x71, 0x67, 0x69,
    0x27, 0x65, 0x7D, 0x5E, 0xEE, 0xFB, 0x62, 0x18, 0xDA, 0x25, 0xA1, 0xC3, 0x48, 0xA6, 0x03, 0x26,
    0x09, 0x3C, 0x8B, 0x8E, 0xCD, 0xD0, 0xD2, 0xF7, 0x78, 0x16, 0xE8, 0x32, 0x90, 0x30, 0x01, 0x2D,
    0x23, 0x65, 0x49, 0x5E, 0x24, 0x2D, 0xC1, 0x28, 0x00, 0x25, 0xA2, 0x72, 0x96, 0x7C, 0x4B, 0x39,
    0xD2, 0x5B, 0x48, 0x02, 0xFA, 0x43, 0xA2, 0x24, 0xD1, 0xB7, 0xA8, 0xE8, 0xB7, 0x94, 0x1D, 0x5B,
    0x09, 0x94, 0xB9, 0xF5, 0x90, 0x1E, 0x97, 0x64, 0xBE, 0x06, 0xC3, 0xE4, 0x66, 0xB2, 0xDD, 0x39,
    0xDF, 0xB3, 0xBD, 0xF3, 0xBD, 0x20, 0x9B, 0x4B, 0xBA, 0x9E, 0xD2, 0xE3, 0x54, 0xFB, 0x74, 0x22,
    0xB9, 0x82, 0x92, 0xA5, 0x65, 0x24, 0x5A, 0x23, 0xB9, 0x63, 0x7B, 0xB2, 0xA5, 0x24, 0x6B, 0x09,
    0x53, 0xCB, 0x50, 0x12, 0x23, 0x1D, 0x9F, 0x2F, 0xC7, 0x92, 0x5B, 0xFA, 0x89, 0x03, 0x24, 0x25,
    0xD4, 0xDB, 0x7C, 0x24, 0x49, 0xE2, 0x33, 0x29, 0x28, 0xC9, 0xF7, 0x12, 0x8B, 0x40, 0x41, 0xCC,
    0x2D, 0xF5, 0x29, 0x11, 0xB4, 0x94, 0x8C, 0x64, 0x28, 0x11, 0x8C, 0x10, 0x88, 0x32, 0x45, 0x07,
    0xED, 0x11, 0x9D, 0x94, 0xF7, 0x4B, 0xB6, 0x98, 0x25, 0xF3, 0xD5, 0x8A, 0x33, 0xDE, 0x7B, 0x97,
    0x26, 0xEF, 0xE6, 0x67, 0xEB, 0xBC, 0xD2, 0x12, 0xD4, 0x29, 0x61, 0x21, 0x5E, 0xD4, 0x8D, 0x85,
    0x24, 0xB6, 0x7C, 0x4A, 0x56, 0xA0, 0x68, 0xC9, 0x95, 0xE5, 0x6F, 0xAF, 0xB6, 0x60, 0x39, 0x26,
    0x6B, 0x26, 0x3B, 0xDE, 0xBE, 0x26, 0x4B, 0xF2, 0xF8, 0xC3, 0xD9, 0xB7, 0x57, 0xEE, 0x44, 0x8D,
    0x03, 0x7A, 0x2C, 0x88, 0xCE, 0xDA, 0x59, 0xA7, 0x65, 0x51, 0xC1, 0xDD, 0xA3, 0x40, 0x4A, 0x5A,
    0x66, 0x34, 0x31, 0x62, 0x71, 0x9D, 0x8D, 0x93, 0x19, 0xF1, 0x3A, 0xDF, 0xF8, 0x42, 0x40, 0xBB,
    0x5D, 0x4A, 0x3D, 0xE4, 0x62, 0x67, 0xC4, 0x9C, 0xC3, 0xE2, 0xA6, 0xA8, 0xF7, 0xBC, 0x7A, 0x71,
    0x8E, 0x51, 0x8B, 0x18, 0x59, 0x28, 0xCB, 0x0A, 0x3D, 0x80, 0xFE, 0x44, 0xCA, 0xEF, 0xF8, 0x1C,
    0xD0, 0x85, 0xB8, 0xBC, 0x29, 0x82, 0xE2, 0x49, 0xED, 0xF7, 0xB9, 0x52, 0x57, 0x9E, 0x01, 0x06,
    0x25, 0x98, 0x13, 0x81, 0x4C, 0x39, 0x7B, 0x62, 0x87, 0xB3, 0x4D, 0x25, 0x92, 0xF5, 0x89, 0xBE,
    0x1F, 0xC5, 0xF7, 0xF9, 0x77, 0xFA, 0xBE, 0x5C, 0x52, 0xA6, 0x27, 0x67, 0x62, 0xC7, 0x33, 0x46,
    0xD9, 0xF2, 0x0A, 0xED, 0xC7, 0xB6, 0xCB, 0xC0, 0x3D, 0x98, 0x5D, 0x98, 0x1C, 0x62, 0x87, 0x56,
    0x70, 0x56, 0x7F, 0xB4, 0x5F, 0x79, 0x06, 0x30, 0xA6, 0x93, 0x52, 0xC7, 0x59, 0xC7, 0x1A, 0xB5,
    0xE8, 0xA0, 0xB6, 0xF4, 0x53, 0xD5, 0x9F, 0xD5, 0x49, 0xC1, 0x30, 0x5B, 0xF0, 0xD5, 0xEE, 0xFF,
    0x7F, 0x18, 0xFE, 0x95, 0xC4, 0x8B, 0xCE, 0x2D, 0x6F, 0xC1, 0x6B, 0xF4, 0xB7, 0xF2, 0x56, 0x6E,
    0x89, 0x2D, 0xC5, 0xBF, 0x28, 0x97, 0x82, 0xB7, 0xB2, 0xDC, 0x0C, 0xE3, 0x76, 0x45, 0x65, 0xE5,
    0x24, 0xB2, 0x81, 0x1C, 0x8F, 0xD8, 0xA1, 0xF8, 0x75, 0xE4, 0x08, 0x1A, 0x5A, 0xB4, 0x92, 0x91,
    0xBF, 0x21, 0x8A, 0x42, 0xFE, 0x91, 0x72, 0xB9, 0x51, 0xBE, 0x0F, 0xD3, 0x53, 0xAD, 0x89, 0x39,
    0xB9, 0xED, 0xCA, 0x71, 0x07, 0x39, 0x0B, 0x82, 0x7D, 0xBD, 0x7F, 0x8F, 0xED, 0x72, 0x21, 0x34,
    0x9A, 0x68, 0x3D, 0xF5, 0x5F, 0xB5, 0x66, 0x82, 0x1A, 0x3B, 0xB3, 0x43, 0x61, 0x81, 0x98, 0x09,
    0x68, 0x2B, 0x77, 0x01, 0x01, 0x6D, 0x5D, 0x90, 0x05, 0x64, 0x2B, 0x82, 0xCB, 0x4C, 0xC1, 0x79,
    0xAE, 0x23, 0xB9, 0x75, 0x9D, 0xE9, 0xFD, 0x53, 0x67, 0x68, 0x5C, 0x9F, 0x94, 0x8E, 0xAD, 0x3A,
    0x65, 0xBB, 0x54, 0x03, 0x1D, 0x95, 0x0C, 0x10, 0x02, 0x5A, 0xA1, 0xD5, 0x2E, 0x76, 0xDA, 0x2C,
    0xEB, 0x71, 0xB5, 0x90, 0xD3, 0x7A, 0xF4, 0xDB, 0xB2, 0xAD, 0xA5, 0xB6, 0x35, 0x84, 0x6D, 0x59,
    0xE6, 0x01, 0xEC, 0xCA, 0x69, 0x21, 0xAB, 0x23, 0x64, 0x59, 0xA5, 0xB5, 0xB4, 0x68, 0x0B, 0x30,
    0x45, 0x97, 0x85, 0x6C, 0xFF, 0x66, 0x75, 0xD1, 0x9E, 0xBA, 0x4F, 0xE1, 0xA3, 0xFC, 0x94, 0x3E,
    0xDA, 0x5B, 0xF4, 0x4B, 0x07, 0x52, 0x0E, 0x5F, 0x3E, 0x3A, 0xCB, 0xB0, 0xBA, 0x5B, 0x3C, 0xA1,
    0x9D, 0x1A, 0xD6, 0xFA, 0xC6, 0x21, 0xF7, 0xA0, 0x54, 0x8E, 0x88, 0x82, 0x01, 0x58, 0xA6, 0x36,
    0xC2, 0x7B, 0x18, 0xD0, 0xCA, 0x7B, 0xC1, 0xD6, 0xB1, 0x4A, 0x07, 0xC6, 0x29, 0x41, 0x95, 0xFD,
    0xFB, 0x42, 0x64, 0x37, 0xD7, 0x56, 0x37, 0xB0, 0xB5, 0xD2, 0x61, 0x4D, 0x72, 0x73, 0xB0, 0x03,
    0xB7, 0xD3, 0x83, 0x0E, 0xEF, 0x77, 0x69, 0x82, 0xF8, 0x76, 0x50, 0xCE, 0x2F, 0x85, 0xD6, 0x9B,
    0x88, 0xA5, 0x8B, 0x27, 0x22, 0x2D, 0xED, 0x79, 0x89, 0x21, 0x3C, 0xCC, 0x18, 0xD2, 0xC3, 0xCB,
    0x81, 0xAC, 0xD3, 0xC9, 0xBE, 0x9D, 0x0A, 0xB4, 0xCE, 0xD3, 0xE9, 0x3B, 0xED, 0xD1, 0x0E, 0xDA,
    0xA9, 0xDC, 0x3E, 0x85, 0x2A, 0xFB, 0xA3, 0x59, 0xC5, 0xAA, 0x50, 0x38, 0x6A, 0x78, 0x33, 0x04,
    0x4F, 0x07, 0xBF, 0xB2, 0x85, 0xE8, 0x92, 0xBA, 0x9C, 0xD9, 0xEC, 0x7C, 0x55, 0x57, 0xC5, 0x42,
    0x9B, 0x28, 0x93, 0x34, 0x76, 0xFD, 0xE7, 0xC3, 0x54, 0x7D, 0xFB, 0x9F, 0xE3, 0x6A, 0x78, 0xFD,
    0x7A, 0x61, 0x92, 0x62, 0x3D, 0xC7, 0x58, 0xFA, 0xDA, 0x26, 0x6C, 0x0C, 0x5F, 0x54, 0x06, 0x41,
    0x1B, 0x3E, 0xB5, 0x32, 0x4B, 0xA4, 0x0C, 0x5B, 0xD8, 0x26, 0x69, 0x00, 0x31, 0x40, 0x6A, 0x22,
    0x11, 0x6D, 0x18, 0xB5, 0x34, 0x95, 0x01, 0x8D, 0x6E, 0x33, 0xE2, 0xA3, 0xDB, 0xF5, 0xA3, 0x1A,
    0xA6, 0xF9, 0x86, 0x4E, 0x20, 0x68, 0x5A, 0x4B, 0x75, 0xA4, 0x90, 0xFC, 0x49, 0x0D, 0x43, 0x3C,
    0xD6, 0x74, 0x2F, 0xC7, 0xF4, 0xB3, 0xD4, 0xF3, 0xCD, 0xFC, 0x49, 0x8F, 0x8A, 0x19, 0x99, 0x32,
    0xAB, 0x06, 0xF8, 0x9A, 0xBF, 0x34, 0x2D, 0x7F, 0x5C, 0x8B, 0x46, 0x60, 0x8B, 0xB0, 0x37, 0x0C,
    0xA6, 0x8F, 0xFD, 0xA0, 0x86, 0x39, 0x00, 0x2C, 0x69, 0x07, 0x7F, 0x3A, 0x96, 0x48, 0xB9, 0x39,
    0x4E, 0x05, 0xED, 0xF8, 0x76, 0x7E, 0x6D, 0xE7, 0xCC, 0x99, 0x9C, 0x80, 0xB1, 0x1D, 0xED, 0x68,
    0x87, 0x19, 0xC7, 0x6E, 0x4E, 0x08, 0xB2, 0xC2, 0xF4, 0xC9, 0xBE, 0x25, 0x3E, 0xF4, 0x0C, 0x22,
    0xF7, 0x09, 0xAB, 0x9D, 0x6E, 0x84, 0x9F, 0x0E, 0xC2, 0xC1, 0x90, 0xDD, 0x94, 0x8B, 0x23, 0x82,
    0xF5, 0x78, 0xDE, 0x9A, 0x73, 0x55, 0xA4, 0xE0, 0x6A, 0x12, 0xBD, 0x20, 0xF1, 0xCD, 0xF0, 0x14,
    0xB1, 0x73, 0x06, 0xF8, 0x0E, 0xBD, 0xB8, 0x86, 0x0E, 0x11, 0xE5, 0x20, 0x63, 0xA2, 0x14, 0x43,
    0x25, 0xAC, 0x71, 0xDD, 0x3A, 0xAD, 0x4D, 0x92, 0xED, 0xEB, 0x04, 0x43, 0x14, 0xD7, 0xAD, 0x86,
    0x43, 0xF0, 0x2C, 0x6D, 0xFB, 0x0A, 0xC3, 0x2D, 0x84, 0xCE, 0xC4, 0x1C, 0x31, 0x30, 0x88, 0xE7,
    0x01, 0xDB, 0x50, 0x22, 0x0C, 0x75, 0x69, 0x1E, 0xD0, 0x0D, 0x5C, 0xA1, 0x79, 0xFB, 0x6F, 0x55,
    0xB1, 0x0E, 0x28, 0x51, 0xA1, 0x00, 0x60, 0x90, 0x22, 0xCA, 0xF6, 0x64, 0x4B, 0x55, 0x44, 0x4B,
    0xB3, 0xE0, 0xF8, 0xF1, 0x95, 0xD2, 0x98, 0x4C, 0x3A, 0x6A, 0x77, 0x29, 0x3C, 0x67, 0x2D, 0x45,
    0x25, 0xE4, 0xD7, 0x97, 0x49, 0xA3, 0x02, 0xC5, 0xFE, 0xD7, 0x06, 0xBD, 0x52, 0x25, 0x5F, 0x78,
    0xC3, 0x1E, 0xAB, 0x6F, 0x71, 0x7A, 0xD4, 0xCB, 0x43, 0x2D, 0x29, 0x59, 0x87, 0x41, 0xFE, 0xE6,
    0x31, 0xD7, 0x8A, 0x72, 0xFA, 0x88, 0xD4, 0x9E, 0xB0, 0xCB, 0x83, 0xFC, 0x77, 0xC1, 0x29, 0x7D,
    0x47, 0x46, 0xFA, 0xF3, 0x82, 0xE0, 0x17, 0xC3, 0x3B, 0x56, 0x1D, 0x8A, 0xF8, 0xBB, 0xC7, 0xED,
    0x5A, 0xCE, 0xCB, 0x13, 0xBB, 0xE4, 0xB6, 0x1E, 0x3E, 0xB9, 0x1B, 0xB8, 0x15, 0x41, 0xFE, 0xEB,
    0x32, 0xF1, 0x58, 0x20, 0xE4, 0xAA, 0x6C, 0x16, 0xBC, 0x7B, 0x29, 0xFB, 0x58, 0x9B, 0x4E, 0x1A,
    0x5E, 0xD3, 0x81, 0x3C, 0x09, 0xF2, 0x9D, 0x33, 0x27, 0x4E, 0x1D, 0x6C, 0x3B, 0xBA, 0xF6, 0x24,
    0x2B, 0x2D, 0x45, 0xCD, 0x3B, 0x3A, 0x83, 0x35, 0x1F, 0x15, 0x72, 0xF9, 0x9C, 0x49, 0x35, 0xC8,
    0x3C, 0x68, 0x48, 0xBE, 0xB4, 0x6B, 0x08, 0x14, 0xE3, 0xE0, 0x6F, 0x32, 0x91, 0x43, 0x5F, 0x24,
    0x36, 0x8D, 0x54, 0x3C, 0xDF, 0x28, 0xC0, 0xA6, 0x63, 0x68, 0x48, 0xA0, 0xA9, 0x24, 0x6F, 0x67,
    0xD6, 0x32, 0x86, 0xC4, 0x39, 0x77, 0x9F, 0x7C, 0x5B, 0x7C, 0xB8, 0x6A, 0x67, 0xD7, 0x99, 0x71,
    0xC1, 0xF6, 0xB1, 0x63, 0x1A, 0x47, 0x96, 0x5A, 0x69, 0x34, 0x73, 0x88, 0x57, 0xF4, 0x3F, 0xB9,
    0x6E, 0xEC, 0x38, 0x06, 0x91, 0x7E, 0xCD, 0x58, 0xD7, 0x9A, 0x8D, 0xA7, 0x52, 0x65, 0x33, 0x2F,
    0x57, 0xD2, 0x30, 0xA3, 0x0D, 0x5D, 0x26, 0xAF, 0xEF, 0xA7, 0x5C, 0x63, 0xD3, 0xE6, 0x3E, 0x97,
    0x36, 0x5D, 0xA8, 0x55, 0x77, 0x32, 0xA5, 0xC4, 0x37, 0x54, 0xFE, 0xCE, 0x1B, 0x6E, 0xF3, 0x86,
    0x7F, 0x3B, 0xCD, 0x96, 0xF6, 0xFA, 0xF2, 0xE4, 0xF7, 0xF1, 0x3D, 0x35, 0xB3, 0xC3, 0x99, 0x38,
    0x37, 0x98, 0xF0, 0xBB, 0xB7, 0x97, 0x7A, 0xDF, 0x5E, 0x5F, 0x6C, 0x4B, 0xB9, 0xB8, 0x3C, 0xC8,
    0x43, 0xA9, 0x3F, 0x13, 0x12, 0x36, 0x4B, 0xBD, 0xB6, 0xFA, 0x4D, 0x8E, 0x58, 0xAB, 0x99, 0xE2,
    0xBE, 0x89, 0xAD, 0x58, 0xD7, 0xA6, 0xE5, 0xA6, 0x07, 0x49, 0xC5, 0x6B, 0x13, 0x79, 0x32, 0x1D,
    0x71, 0x55, 0xDF, 0x99, 0xD7, 0xAB, 0xDA, 0x56, 0xFF, 0xB8, 0x21, 0x28, 0xC6, 0xE4, 0x14, 0xAB,
    0xAF, 0x9C, 0xD4, 0xB9, 0xEB, 0x4B, 0x80, 0x62, 0x6D, 0x3B, 0x28, 0x44, 0x2C, 0xFE, 0x3B, 0x86,
    0xF8, 0x49, 0xAA, 0x94, 0xCB, 0x5C, 0x73, 0x36, 0xB3, 0x6B, 0x3E, 0x36, 0x29, 0x24, 0x27, 0xB3,
    0xAC, 0x99, 0x89, 0x3E, 0xC8, 0x37, 0x54, 0x3E, 0x89, 0x7C, 0xF2, 0x20, 0xA2, 0x17, 0xF4, 0x3D,
    0x6B, 0xE2, 0x64, 0xEE, 0xBB, 0x29, 0xEF, 0x35, 0xAE, 0xC1, 0xD6, 0x95, 0xFC, 0x9E, 0x9F, 0xEF,
    0xA6, 0xF9, 0x55, 0x0A, 0xCF, 0x17, 0x23, 0x90, 0xBD, 0x7E, 0x4F, 0x14, 0xF8, 0x93, 0x8A, 0xD8,
    0x67, 0xB1, 0x2E, 0xCE, 0x2D, 0x38, 0x10, 0x6C, 0x19, 0x4B, 0x59, 0x17, 0xB7, 0xE6, 0xF0, 0x5C,
    0x0C, 0xC6, 0xD8, 0x74, 0xCC, 0x98, 0x61, 0xFF, 0x9F, 0x0A, 0x04, 0x99, 0x4D, 0xB6, 0x64, 0x40,
    0xB9, 0x85, 0x6E, 0x22, 0x88, 0x34, 0x08, 0xE1, 0xEB, 0x1D, 0xD4, 0x94, 0x29, 0xCE, 0x2B, 0x52,
    0x26, 0x14, 0x90, 0x53, 0xC7, 0x35, 0xAD, 0xF6, 0xAD, 0xEC, 0x9C, 0x7A, 0x3D, 0x16, 0x99, 0x9B,
    0x16, 0x02, 0x88, 0x77, 0x4A, 0x13, 0x6D, 0x6A, 0x93, 0xE7, 0x00, 0xC5, 0x3C, 0xE8, 0x58, 0x0C,
    0xB2, 0x29, 0x76, 0xD0, 0x79, 0x9E, 0x85, 0x2E, 0x83, 0xA5, 0x2E, 0xC0, 0x80, 0x24, 0xE3, 0xE0,
    0x96, 0x59, 0xCA, 0x06, 0x71, 0x7B, 0x90, 0x1B, 0xFC, 0xF7, 0x7C, 0x6E, 0x6B, 0x52, 0x0F, 0xCF,
    0xDA, 0xD6, 0xC5, 0x06, 0x3D, 0x91, 0x0D, 0xC7, 0x12, 0x63, 0x2A, 0x5C, 0x9C, 0x2E, 0xF6, 0x29,
    0x8D, 0xF4, 0xCE, 0x91, 0x8E, 0x27, 0x4A, 0x46, 0xE5, 0xC1, 0x46, 0x3D, 0x25, 0x46, 0xDA, 0xA0,
    0x16, 0xB9, 0xBF, 0x02, 0xCD, 0xB3, 0x4A, 0xDF, 0xC0, 0xFE, 0x6A, 0x79, 0xD4, 0xD6, 0x92, 0x85,
    0xE6, 0xDD, 0x15, 0x20, 0x52, 0x14, 0x68, 0x30, 0xBC, 0xCE, 0x5C, 0xE2, 0xAE, 0x95, 0x77, 0x2B,
    0x97, 0xAF, 0x01, 0xBF, 0xFB, 0x94, 0xCA, 0xE7, 0x8E, 0x0B, 0xEF, 0xF8, 0x06, 0xBD, 0xFA, 0xCE,
    0xD7, 0xFD, 0x15, 0xA0, 0xD7, 0x45, 0x78, 0x06, 0x76, 0x60, 0x00, 0xC1, 0x2D, 0x31, 0x44, 0x05,
    0x4F, 0x2F, 0x23, 0x3D, 0xAB, 0xF0, 0x5E, 0x24, 0xD1, 0xB0, 0x9A, 0x9E, 0xD0, 0x74, 0x8F, 0x96,
    0xD8, 0x26, 0x2C, 0x91, 0x5D, 0xD7, 0x62, 0x4C, 0x7A, 0xD5, 0xCD, 0x19, 0x2B, 0xAA, 0xDB, 0x82,
    0x42, 0x3D, 0x95, 0x05, 0xA9, 0xEB, 0x2F, 0xFF, 0x10, 0x42, 0xA3, 0x73, 0x8D, 0x07, 0x8B, 0xA3,
    0x8A, 0xAE, 0x97, 0xBD, 0x8A, 0xF2, 0x3B, 0x25, 0x12, 0x97, 0x7E, 0x35, 0x09, 0x6B, 0xCB, 0x61,
    0xEA, 0x10, 0xCF, 0x13, 0x00, 0x2E, 0x48, 0x99, 0x9D, 0x25, 0xDD, 0x3A, 0x5C, 0xBC, 0x93, 0xE0,
    0xEA, 0x24, 0xEB, 0x93, 0xFF, 0xBD, 0x31, 0xBD, 0xBB, 0xFB, 0x5B, 0xDC, 0x5F, 0x81, 0x2E, 0xE2,
    0xBA, 0xA7, 0x63, 0x59, 0x63, 0xEA, 0x71, 0xAC, 0xBB, 0x2B, 0xE8, 0xAD, 0x9B, 0x75, 0xDB, 0xBA,
    0x59, 0xB3, 0x75, 0x73, 0xEF, 0xCA, 0xFD, 0x38, 0x6A, 0x6C, 0x4D, 0x3E, 0xF9, 0x35, 0x4F, 0xDD,
    0x11, 0x75, 0x28, 0x42, 0x3E, 0x3C, 0x0C, 0x59, 0x1B, 0x1B, 0x0C, 0x57, 0xF3, 0xDD, 0x1D, 0xCD,
    0x62, 0x5E, 0x21, 0xA0, 0x0F, 0x36, 0xF1, 0xA3, 0xC3, 0x11, 0xBD, 0x07, 0x83, 0xD9, 0x83, 0xF1,
    0xA7, 0xE5, 0xB2, 0xD6, 0x19, 0xCF, 0x90, 0x75, 0x70, 0x42, 0xF0, 0xD1, 0xA1, 0xFD, 0xEB, 0x19,
    0xBC, 0xFD, 0xAB, 0x90, 0xF9, 0x18, 0xF2, 0x2C, 0xDD, 0xA3, 0xFE, 0x5A, 0xD1, 0x4A, 0x26, 0x2C,
    0x9C, 0xCF, 0x2B, 0xA8, 0x1A, 0xAB, 0x5F, 0x26, 0x65, 0x30, 0xFE, 0xF9, 0x04, 0x91, 0x07, 0x45,
    0x77, 0x38, 0xCB, 0x03, 0x7C, 0x26, 0xC4, 0x3A, 0x7F, 0x05, 0xE3, 0x79, 0x00, 0x17, 0xC4, 0xC0,
    0x4F, 0xD4, 0xA4, 0xEE, 0xF5, 0xEB, 0xAC, 0x07, 0x6F, 0xDB, 0xEC, 0x72, 0x92, 0xB9, 0xE7, 0xF5,
    0x07, 0x4B, 0xB1, 0xE9, 0xC8, 0x83, 0xCC, 0x19, 0xAB, 0x22, 0x86, 0x6F, 0x4A, 0xD1, 0xFE, 0x0E,
    0x0D, 0xE2, 0xBD, 0x95, 0x16, 0x45, 0x31, 0xB9, 0xF5, 0xF2, 0x3C, 0xA1, 0x33, 0xAD, 0xB0, 0x17,
    0x4F, 0x82, 0xA9, 0x7D, 0xF5, 0x1C, 0x6B, 0x29, 0xDB, 0x3B, 0xF7, 0xC5, 0xDF, 0x84, 0x13, 0xBC,
    0x7F, 0xE0, 0x3B, 0x83, 0xCB, 0x53, 0xB8, 0xEE, 0x2A, 0x77, 0xC2, 0x9B, 0xFE, 0x1F, 0xF7, 0x57,
    0x30, 0x9B, 0xC7, 0x0C, 0xEF, 0xC4, 0x73, 0x76, 0xFF, 0x4F, 0x79, 0xBC, 0xBB, 0x02, 0x4F, 0xAB,
    0xA0, 0x32, 0x2F, 0x4D, 0x78, 0x37, 0xFD, 0xDE, 0x95, 0x83, 0x59, 0x8E, 0x5D, 0xFC, 0x19, 0xF4,
    0xD8, 0xF2, 0xCF, 0xA9, 0xDC, 0xD8, 0xFA, 0x29, 0x36, 0x8D, 0x06, 0xB0, 0x30, 0x85, 0x82, 0xDE,
    0x39, 0x9F, 0xDB, 0xDF, 0x4F, 0xD9, 0x7D, 0x76, 0xD4, 0xE9, 0x56, 0x67, 0x5B, 0x9D, 0x13, 0x7E,
    0x60, 0x1D, 0xF8, 0x9D, 0x07, 0xF6, 0x09, 0x8E, 0xD7, 0xEA, 0x38, 0xBD, 0x5F, 0x6C, 0xED, 0x8B,
    0xDE, 0x61, 0x1F, 0xF5, 0x0E, 0x2C, 0x45, 0x0E, 0x6C, 0x89, 0xFF, 0x45, 0x20, 0x0D, 0xC4, 0xB9,
    0xB8, 0x3A, 0x40, 0x61, 0x86, 0x6B, 0xEF, 0x20, 0xAE, 0xBD, 0xE3, 0xEE, 0x0A, 0xAE, 0xBD, 0x63,
    0x23, 0xBB, 0x77, 0x60, 0xFF, 0x27, 0xC5, 0xEF, 0xAD, 0x80, 0x15, 0x29, 0x9E, 0x30, 0xE8, 0xCA,
    0xF9, 0xB9, 0x77, 0xF3, 0xE5, 0xF5, 0xEF, 0xB4, 0xE6, 0x29, 0x5C, 0x55, 0x70, 0x92, 0x48, 0x00,
    0x01, 0x76, 0xA9, 0xEC, 0x95, 0x60, 0x14, 0xB8, 0xFD, 0x26, 0xE2, 0xC4, 0x5A, 0x22, 0x46, 0x70,
    0x69, 0x4B, 0x30, 0x1F, 0x0D, 0x9C, 0x0D, 0xDB, 0x76, 0x1D, 0xA8, 0x9F, 0x96, 0x25, 0xA7, 0x41,
    0xEC, 0x3F, 0x2D, 0x07, 0xB8, 0x40, 0xDF, 0x05, 0x25, 0x6D, 0x85, 0x5A, 0x4D, 0x0D, 0xDF, 0xB0,
    0xFD, 0xF5, 0x40, 0xAF, 0xB0, 0xC1, 0x79, 0x05, 0x2A, 0x40, 0x28, 0x7C, 0xBD, 0x59, 0x91, 0xF7,
    0xC8, 0xDA, 0x10, 0x0F, 0x0F, 0xF1, 0x44, 0x30, 0x53, 0x94, 0xE7, 0xC1, 0xC6, 0x7D, 0x87, 0xFB,
    0xF7, 0x3F, 0xD5, 0x9B, 0x51, 0x6E, 0xC3, 0x38, 0xAF, 0x85, 0x09, 0xF0, 0xB5, 0x00, 0xB7, 0xD2,
    0x05, 0x04, 0xE0, 0xD6, 0x09, 0x74, 0x01, 0xDD, 0x0A, 0x81, 0xBE, 0x12, 0x38, 0xD7, 0x24, 0x65,
    0x59, 0x71, 0x7A, 0x33, 0x6D, 0x27, 0x9D, 0xE6, 0x37, 0xAC, 0x8F, 0xAA, 0xAD, 0xC8, 0xE4, 0x91,
    0x2C, 0x2B, 0x8A, 0x4B, 0x0C, 0x38, 0xD1, 0xC9, 0x7C, 0xBE, 0x49, 0x94, 0x51, 0x5C, 0x1B, 0x4B,
    0x13, 0x27, 0x53, 0x95, 0xB9, 0x2E, 0x46, 0x5C, 0x23, 0x8D, 0xC9, 0x62, 0xD4, 0x04, 0x69, 0x80,
    0xDD, 0x18, 0x11, 0xDA, 0x04, 0xD1, 0x6E, 0x9C, 0x78, 0x18, 0x2F, 0x03, 0x90, 0x00, 0x04, 0x98,
    0x00, 0x36, 0x0C, 0x03, 0x46, 0x07, 0xCE, 0x1B, 0x82, 0x48, 0xF2, 0x84, 0x9A, 0xFA, 0x06, 0x09,
    0x42, 0xA2, 0x72, 0x1D, 0x9C, 0x22, 0x48, 0xB0, 0x41, 0x23, 0xCF, 0x7A, 0xC2, 0x26, 0x5C, 0xA3,
    0x3C, 0x74, 0xC5, 0x1B, 0x9C, 0x41, 0x20, 0x62, 0x23, 0xA7, 0xC3, 0x38, 0xAF, 0x22, 0x02, 0xB6,
    0x08, 0x25, 0xF1, 0x3F, 0xA4, 0xA5, 0x64, 0x40, 0x62, 0x9C, 0xA5, 0x64, 0x17, 0xB4, 0xEB, 0xF5,
    0xDF, 0x57, 0xF5, 0xA9, 0xD4, 0x39, 0x64, 0x99, 0xA6, 0x1A, 0xB0, 0x48, 0x5A, 0xA4, 0x28, 0xF2,
    0x30, 0x88, 0xC5, 0x10, 0xEC, 0x8E, 0x4C, 0x34, 0x65, 0xC2, 0xF7, 0x65, 0xA2, 0xA8, 0xA0, 0x77,
    0x6F, 0xB4, 0x80, 0x8D, 0x92, 0x68, 0x6F, 0x2E, 0x89, 0x2E, 0xCD, 0x45, 0x29, 0xAA, 0xCF, 0xC3,
    0x64, 0x57, 0xED, 0x79, 0x29, 0x4F, 0x41, 0x84, 0x24, 0xC3, 0x18, 0xF5, 0x19, 0x74, 0x63, 0x92,
    0x26, 0x33, 0x0A, 0x92, 0xAE, 0x65, 0x10, 0x37, 0xD4, 0x66, 0x2C, 0x04, 0x11, 0x97, 0x77, 0xB2,
    0xD1, 0x29, 0x2B, 0xDF, 0xAF, 0x95, 0xD5, 0xB6, 0xB6, 0x88, 0x5D, 0x60, 0x1D, 0xA9, 0xEE, 0xE9,
    0x0E, 0x55, 0xA6, 0xB7, 0x1D, 0x26, 0x52, 0x0D, 0x94, 0x64, 0xEA, 0x5C, 0x09, 0xCE, 0xD5, 0x2D,
    0xD6, 0x54, 0x5E, 0x83, 0x2E, 0x0A, 0x20, 0x55, 0xCE, 0x52, 0xA4, 0xA8, 0xEB, 0x2C, 0x31, 0x94,
    0xA0, 0xA8, 0xC3, 0x91, 0x54, 0xCB, 0xD3, 0x2F, 0xC4, 0xF6, 0x7C, 0x0A, 0x71, 0x74, 0x12, 0x74,
    0xAB, 0x43, 0x9C, 0xA3, 0x86, 0xA0, 0x78, 0xAC, 0x42, 0x6A, 0x8B, 0xDF, 0xB1, 0x78, 0x3F, 0x45,
    0x79, 0x4A, 0x6D, 0x04, 0x47, 0xE2, 0x96, 0xE4, 0xA1, 0xBA, 0x74, 0xAF, 0xE8, 0x1E, 0x22, 0x81,
    0xD9, 0x73, 0x08, 0x71, 0xF8, 0x2F, 0xF6, 0x7C, 0xEA, 0xB0, 0x53, 0x70, 0x6C, 0x84, 0x64, 0x24,
    0xD6, 0x2A, 0xD5, 0x89, 0xC7, 0x2A, 0xE4, 0xF4, 0x42, 0x44, 0x3D, 0x56, 0xE9, 0x5B, 0x54, 0xAD,
    0x5E, 0x3A, 0xD9, 0x31, 0xFA, 0x5C, 0x0E, 0x7D, 0x00, 0x2F, 0xC2, 0x48, 0xCB, 0x6B, 0x01, 0x29,
    0x92, 0x02, 0xDB, 0xC8, 0x45, 0x82, 0xFF, 0x9C, 0x4B, 0x3D, 0xBD, 0xEF, 0xE3, 0x2A, 0x4D, 0xB1,
    0x9C, 0xDA, 0xD1, 0x48, 0x7E, 0xA0, 0x59, 0xC2, 0xAF, 0x8C, 0x83, 0x1F, 0x19, 0x2D, 0xBC, 0xF4,
    0x76, 0x92, 0x66, 0xD0, 0x46, 0x6D, 0x3A, 0xE1, 0x6B, 0xBB, 0x36, 0x83, 0x47, 0x3D, 0x41, 0x0C,
    0x68, 0x39, 0xAF, 0xA8, 0x23, 0x34, 0x8F, 0x97, 0x4C, 0x70, 0x1E, 0x1F, 0x5E, 0xAE, 0x27, 0xB8,
    0x65, 0x3A, 0xB8, 0x13, 0xC5, 0xCF, 0x4B, 0xAE, 0x7E, 0xD7, 0xCE, 0x7B, 0x3F, 0x92, 0x19, 0x5D,
    0x37, 0x96, 0xAF, 0x00, 0xD0, 0xE0, 0xC4, 0x3C, 0x51, 0xBA, 0x94, 0x2C, 0x92, 0xA8, 0xCA, 0xB5,
    0xE0, 0x1B, 0x70, 0x17, 0x5A, 0x08, 0xEE, 0xCF, 0x46, 0x0B, 0x01, 0x4F, 0xC0, 0xE9, 0xC0, 0x69,
    0x2B, 0x5D, 0x0E, 0x08, 0x48, 0x7D, 0x83, 0x24, 0xB8, 0xD0, 0x13, 0x81, 0x0D, 0xBE, 0x81, 0x13,
    0xB8, 0x06, 0xFB, 0x3C, 0x5B, 0xE5, 0x28, 0x36, 0x70, 0xA1, 0xAB, 0x02, 0x80, 0x05, 0xF7, 0x1D,
    0xAA, 0x1A, 0xEA, 0x04, 0x57, 0x97, 0x0E, 0x4E, 0x97, 0x76, 0x00, 0x58, 0x71, 0xA8, 0xAA, 0x41,
    0x4C, 0x0A, 0x52, 0xD2, 0x8E, 0xA3, 0x1B, 0xDD, 0xC7, 0x8D, 0x6E, 0x74, 0xA9, 0xFB, 0x98, 0x38,
    0x38, 0xD6, 0x8B, 0xF7, 0xF3, 0x3F, 0xFE, 0x4E, 0x0D, 0x36, 0x8A, 0x74, 0xCD, 0x89, 0x82, 0xCF,
    0x5E, 0xFD, 0xB6, 0x2E, 0xC4, 0xD1, 0x35, 0xAF, 0xE0, 0xF8, 0xEB, 0x0E, 0x72, 0xDF, 0xAB, 0xDF,
    0x94, 0xE4, 0x1C, 0x6F, 0xF9, 0x37, 0xC1, 0xFE, 0xA5, 0x50, 0x0B, 0x54, 0x20, 0x5A, 0x43, 0xFD,
    0x3C, 0xDE, 0x9A, 0x86, 0x5E, 0x4F, 0x4F, 0x0B, 0xF0, 0x01, 0x46, 0x66, 0xEC, 0xB1, 0xA1, 0x9E,
    0x2E, 0x7B, 0x00, 0x9E, 0xC8, 0x6C, 0x16, 0xA9, 0x1B, 0x27, 0xB2, 0x0C, 0x64, 0x7C, 0x6C, 0x6D,
    0x0F, 0xFF, 0xBB, 0x5E, 0xB2, 0xDF, 0xCE, 0x7E, 0xE3, 0x9A, 0xB4, 0x90, 0xBF, 0x7F, 0xF7, 0x90,
    0xD8, 0x79, 0x72, 0x81, 0xD6, 0xA6, 0x7C, 0x71, 0xF1, 0x8D, 0x44, 0xEB, 0x64, 0x58, 0xFF, 0xBF,
    0x29, 0x8D, 0x49, 0x4F, 0x66, 0x36, 0xCA, 0xE0, 0x9D, 0x29, 0x8D, 0x00, 0xCD, 0x2C, 0x09, 0x2F,
    0x9A, 0x76, 0x3D, 0xCD, 0xE3, 0x51, 0x64, 0xD4, 0x54, 0x40, 0x8C, 0x18, 0xBE, 0x91, 0xEC, 0xF6,
    0xE6, 0x57, 0x58, 0x49, 0xD9, 0xA2, 0xB2, 0x91, 0x97, 0x8E, 0xE3, 0xBC, 0xE0, 0xFD, 0xB2, 0x7F,
    0xE9, 0x42, 0x09, 0x98, 0x5E, 0x5E, 0xA3, 0x26, 0x0A, 0x8C, 0x19, 0x61, 0x89, 0x35, 0xBB, 0x73,
    0x0B, 0xD8, 0x0F, 0xB8, 0x28, 0xA8, 0x93, 0x26, 0x24, 0x30, 0x72, 0x70, 0x05, 0xE0, 0xA3, 0x82,
    0x52, 0x91, 0xD8, 0x8B, 0xAD, 0x68, 0x12, 0xB0, 0xDB, 0xC9, 0xE3, 0xD3, 0x69, 0xCC, 0x4E, 0x17,
    0x22, 0xA7, 0xB8, 0x19, 0xD8, 0x19, 0xF4, 0x0C, 0xCA, 0x92, 0xAC, 0xFD, 0xB6, 0xA8, 0x45, 0x99,
    0x6A, 0x3E, 0x9B, 0xA6, 0x77, 0x9F, 0x0C, 0x4F, 0xA1, 0xE9, 0xD3, 0x28, 0xB5, 0x6E, 0x73, 0x9C,
    0x3A, 0x93, 0x8B, 0x52, 0x54, 0xAB, 0x7C, 0x82, 0x2E, 0x53, 0x4F, 0x9F, 0x98, 0xF2, 0x16, 0x28,
    0x9E, 0x43, 0x6F, 0x6E, 0xAF, 0xEF, 0x8D, 0xC0, 0x7C, 0x8C, 0xC0, 0xFD, 0xE1, 0x95, 0xDF, 0xF9,
    0x3A, 0x04, 0x9C, 0x49, 0xF4, 0x35, 0x02, 0x76, 0xFA, 0x38, 0x69, 0x39, 0xD4, 0x31, 0x14, 0xA5,
    0x9F, 0x38, 0x1F, 0x31, 0xBF, 0x03, 0xBE, 0xD2, 0xCB, 0xD1, 0x82, 0xF0, 0x13, 0xE9, 0x9F, 0xA8,
    0xBE, 0xF1, 0x03, 0xD1, 0x3D, 0x71, 0x32, 0xF2, 0x72, 0xF0, 0x1F, 0xB3, 0x44, 0x8B, 0x26, 0x2A,
    0x63, 0xD3, 0x78, 0x1A, 0x46, 0x75, 0xAF, 0x6B, 0x83, 0xDA, 0xAC, 0x78, 0x5B, 0x04, 0xC0, 0xD9,
    0xD4, 0xB9, 0xEF, 0x98, 0xEE, 0x3B, 0x74, 0xED, 0x52, 0xAF, 0xDE, 0xAD, 0x04, 0x70, 0xE2, 0x75,
    0x19, 0x46, 0x52, 0x61, 0x7D, 0x07, 0x4E, 0x9A, 0xC6, 0x46, 0xFA, 0x31, 0x51, 0xBD, 0xA0, 0x29,
    0xFE, 0xA2, 0x00, 0x4A, 0xBF, 0x6A, 0xA6, 0xDC, 0x14, 0xD1, 0x3B, 0xC3, 0xBE, 0xBB, 0xCF, 0xCF,
    0x4A, 0x1C, 0x35, 0xBF, 0xAA, 0xAF, 0xDD, 0xA7, 0x77, 0x82, 0x93, 0xDE, 0xDB, 0xB9, 0x84, 0xEB,
    0x7E, 0xDA, 0xFB, 0xAC, 0x64, 0x1E, 0x11, 0xD0, 0x77, 0xF7, 0xF9, 0xD9, 0xDB, 0x6A, 0x15, 0xD6,
    0x3B, 0xC3, 0xE8, 0xEE, 0x2E, 0xF0, 0x0E, 0xD3, 0x49, 0x82, 0x14, 0x54, 0x51, 0x57, 0x5C, 0x8C,
    0x87, 0x69, 0xD8, 0x95, 0x6B, 0x55, 0x5E, 0x35, 0xFF, 0x5C, 0xC3, 0x87, 0x28, 0x46, 0x41, 0xE2,
    0xA4, 0x56, 0x3B, 0x52, 0x2E, 0x09, 0xE2, 0x98, 0x25, 0x33, 0x3F, 0x37, 0xA0, 0xF6, 0x3E, 0x7E,
    0x77, 0x57, 0xD8, 0xAC, 0x9F, 0x9D, 0x64, 0xD4, 0x6F, 0x77, 0xEA, 0x7F, 0x48, 0x38, 0xDF, 0xF6,
    0xB0, 0x76, 0xE2, 0x5B, 0x3B, 0xBF, 0x8D, 0xB5, 0x8D, 0xDF, 0xB0, 0x62, 0x6D, 0xD5, 0x4F, 0xD6,
    0x76, 0xDB, 0x43, 0x8F, 0x02, 0x65, 0x6B, 0x72, 0x5A, 0xF9, 0xA0, 0x12, 0x31, 0xB2, 0x10, 0x0E,
    0xD4, 0x31, 0xBA, 0xDE, 0x4A, 0x8F, 0x03, 0x15, 0x11, 0x7F, 0x1B, 0x0A, 0x93, 0x75, 0xED, 0x88,
    0x68, 0x81, 0x6F, 0xD0, 0x04, 0x2C, 0x41, 0xF5, 0x78, 0x21, 0x12, 0x9B, 0xC7, 0x23, 0x81, 0x7E,
    0x74, 0x66, 0xD8, 0xBE, 0x7C, 0x75, 0xA9, 0xA8, 0x0E, 0x90, 0x06, 0xFD, 0x10, 0xBA, 0x4E, 0x09,
    0x7C, 0x80, 0x4A, 0x3B, 0x18, 0x69, 0x39, 0x80, 0x72, 0x36, 0x5D, 0xE5, 0xBE, 0xE7, 0xDF, 0x42,
    0xD3, 0x3F, 0x3D, 0xDF, 0x87, 0x5F, 0xDA, 0x6D, 0xEE, 0xDD, 0xAB, 0xA4, 0x6E, 0x27, 0xA6, 0x6E,
    0x35, 0x5F, 0x29, 0xD8, 0xFB, 0xBD, 0x27, 0xD5, 0x92, 0xA0, 0x8D, 0x1C, 0x49, 0xF1, 0xA4, 0x5A,
    0x12, 0xBE, 0x30, 0x92, 0xEF, 0x48, 0x4A, 0x91, 0x61, 0xC5, 0xAA, 0xA7, 0xA9, 0x51, 0x44, 0xF7,
    0x92, 0x18, 0x53, 0x9D, 0x76, 0xF2, 0x6A, 0x53, 0x4B, 0xA2, 0xE9, 0xE7, 0xB5, 0x71, 0x39, 0xAD,
    0x05, 0x03, 0x74, 0xA2, 0xFC, 0x03, 0x19, 0x58, 0xF9, 0xC5, 0x48, 0xB5, 0x8F, 0xC7, 0x39, 0x46,
    0x82, 0x8F, 0x51, 0x03, 0xF0, 0x26, 0x83, 0xAE, 0xB7, 0x48, 0x30, 0xCE, 0x24, 0x5D, 0xCE, 0x16,
    0xC9, 0x97, 0x21, 0x8C, 0x9B, 0xD3, 0x43, 0x2E, 0x0F, 0x19, 0x1C, 0x49, 0xF1, 0xA4, 0x5A, 0x12,
    0x9D, 0xEF, 0xE3, 0x98, 0xFC, 0xCC, 0x43, 0x29, 0x32, 0xD6, 0xDF, 0x00, 0xEB, 0xE3, 0x73, 0xC5,
    0xAD, 0x0E, 0xBD, 0xAC, 0x0F, 0xBD, 0x15, 0x25, 0xE2, 0xCF, 0xC1, 0xBE, 0x43, 0x26, 0x74, 0x59,
    0x0A, 0x2A, 0x90, 0x10, 0x69, 0xF7, 0x7D, 0xD2, 0xEA, 0xF6, 0xAF, 0xA7, 0xB1, 0xFD, 0xA7, 0xFB,
    0x1C, 0x51, 0xFF, 0x22, 0xAA, 0x63, 0x63, 0xA7, 0x12, 0x7B, 0x05, 0x4D, 0x88, 0x6F, 0x60, 0x7B,
    0x68, 0xBC, 0xE3, 0xBA, 0x41, 0x9C, 0xC7, 0x93, 0x14, 0xB9, 0xD7, 0x42, 0xC7, 0xEC, 0x8A, 0x55,
    0xBA, 0xA0, 0x09, 0xA9, 0x06, 0xA0, 0x1D, 0x91, 0x78, 0x7D, 0xB8, 0x2E, 0x80, 0x18, 0xA0, 0x9E,
    0x49, 0x90, 0x65, 0x38, 0xAD, 0x75, 0xCA, 0x2B, 0xBF, 0x54, 0x85, 0xDF, 0x4D, 0xDA, 0x0F, 0xA2,
    0x4A, 0x5F, 0x6B, 0x6E, 0xB5, 0x0D, 0xF0, 0x44, 0xEC, 0x39, 0xB5, 0x1F, 0x87, 0x45, 0xD4, 0xE9,
    0xBE, 0x9B, 0x1D, 0xB2, 0xC6, 0x91, 0xC4, 0xEF, 0x97, 0x3F, 0xC2, 0x52, 0x04, 0x2D, 0x60, 0xD8,
    0x09, 0xAF, 0x1B, 0xDE, 0x7C, 0x03, 0x0E, 0x10, 0x69, 0x0B, 0x61, 0x03, 0x1F, 0x89, 0xB7, 0x0D,
    0xC1, 0x03, 0x3C, 0x21, 0xA1, 0x00, 0x0A, 0x9E, 0xB8, 0x33, 0x7B, 0x79, 0x61, 0x04, 0xA7, 0x70,
    0x01, 0x58, 0x97, 0x79, 0xBB, 0x3F, 0xEF, 0x22, 0xD2, 0xF5, 0x6D, 0x03, 0xFB, 0xF4, 0x6D, 0x83,
    0xD7, 0x75, 0x96, 0x40, 0x25, 0x6D, 0xD1, 0x37, 0x0A, 0xBC, 0xD4, 0x8F, 0x85, 0x68, 0xDA, 0xC6,
    0x8F, 0xA2, 0xC3, 0x0F, 0x6A, 0x14, 0x91, 0x94, 0x22, 0xE3, 0x7D, 0x92, 0x80, 0xA4, 0x2E, 0x94,
    0x0A, 0xB9, 0xC9, 0x45, 0x2A, 0xCF, 0xFD, 0x18, 0xB4, 0x65, 0xA1, 0xDA, 0xE1, 0xB9, 0xDF, 0x2C,
    0x22, 0x31, 0x92, 0x0A, 0xDF, 0x58, 0xED, 0xB7, 0x31, 0x32, 0x72, 0x4D, 0x52, 0x53, 0xBE, 0xC3,
    0xF9, 0x44, 0x05, 0xAC, 0xF9, 0x54, 0x2A, 0x7D, 0x7D, 0x09, 0xA6, 0xCF, 0x16, 0x5F, 0xFE, 0x33,
    0xAD, 0x4E, 0xF3, 0x8E, 0x22, 0xEC, 0xCC, 0xCF, 0xE7, 0x1D, 0x3D, 0x3B, 0xEC, 0x89, 0x62, 0xCF,
    0x19, 0xEF, 0xFF, 0x9E, 0xFF, 0x44, 0xED, 0x72, 0x29, 0xB7, 0xD4, 0x34, 0x1D, 0xAC, 0xF5, 0x16,
    0x46, 0xD3, 0x8F, 0xA8, 0xF5, 0x4F, 0x7A, 0xAF, 0xD2, 0xD2, 0x08, 0xD3, 0xF8, 0xFA, 0x97, 0x4C,
    0xB3, 0xB8, 0x19, 0x8A, 0x3C, 0xFF, 0xAA, 0x90, 0x1E, 0x0E, 0x35, 0x8D, 0x40, 0x81, 0xAA, 0x40,
    0xCA, 0xD8, 0x30, 0xFC, 0x13, 0x53, 0xF3, 0x11, 0x23, 0x2D, 0x09, 0xDA, 0xB4, 0xAC, 0x00, 0x8C,
    0x7F, 0xD4, 0xA8, 0x91, 0xD4, 0xA2, 0x60, 0x72, 0x69, 0xCE, 0x49, 0x2D, 0x4A, 0xB3, 0xAF, 0x7B,
    0x7B, 0xB3, 0xC1, 0x4E, 0x64, 0x2C, 0xE3, 0x93, 0x27, 0xD9, 0xBA, 0x21, 0xDB, 0xFB, 0x00, 0xBC,
    0x5A, 0xB1, 0x1A, 0x91, 0x41, 0x05, 0xF9, 0x0A, 0x24, 0x01, 0xF8, 0xC0, 0x7E, 0x19, 0xF5, 0x09,
    0x6B, 0x2F, 0x86, 0x13, 0x3E, 0xBE, 0x44, 0xAD, 0xFC, 0x6C, 0x03, 0x36, 0xC8, 0x7C, 0xB3, 0x63,
    0xA8, 0x2E, 0x15, 0xA9, 0xCC, 0x95, 0x60, 0x8D, 0x41, 0x3F, 0x88, 0x1B, 0xEA, 0xCA, 0x98, 0x1C,
    0xF5, 0x08, 0xBA, 0x65, 0x8D, 0xD7, 0x97, 0x5E, 0x96, 0xAF, 0x82, 0xB1, 0xE0, 0xBC, 0x09, 0x8C,
    0xCE, 0xEB, 0xBD, 0xBE, 0xBC, 0xA8, 0xA0, 0x9F, 0x42, 0x0B, 0x91, 0xE5, 0x50, 0x81, 0x55, 0x80,
    0x75, 0xE5, 0x12, 0xA5, 0x65, 0x32, 0x4E, 0xBA, 0x94, 0x76, 0xEB, 0xB8, 0x52, 0x54, 0x7F, 0x42,
    0xB1, 0x4E, 0x3F, 0xF5, 0x28, 0x0A, 0xE5, 0xFA, 0xEF, 0xCB, 0x46, 0x54, 0xE0, 0x52, 0x4C, 0x42,
    0x37, 0xAA, 0x23, 0xF9, 0x96, 0x84, 0xC4, 0x7E, 0x92, 0xEC, 0xE5, 0xA9, 0x64, 0xA3, 0x0B, 0xEF,
    0x3F, 0x39, 0x42, 0x37, 0xA4, 0xEF, 0xE2, 0x48, 0xCF, 0xA3, 0x4E, 0xFE, 0xBE, 0x76, 0x88, 0xF9,
    0x9A, 0xD0, 0xFB, 0x7C, 0x3A, 0x65, 0xA6, 0x0A, 0xC7, 0x98, 0xFF, 0x22, 0x7A, 0x21, 0xA8, 0x33,
    0x1D, 0x27, 0xBD, 0x24, 0x32, 0x19, 0x75, 0xFC, 0xBC, 0x67, 0xC4, 0xA8, 0xD4, 0x01, 0x6E, 0x33,
    0xB3, 0xCC, 0xFA, 0xA9, 0xAE, 0xA7, 0x90, 0x89, 0x5D, 0x3A, 0x23, 0xAD, 0x60, 0x66, 0x4A, 0xC4,
    0x98, 0x4B, 0xE9, 0x55, 0xD1, 0xF0, 0xB9, 0x94, 0xAE, 0x4C, 0xB5, 0x61, 0xC9, 0xE4, 0xDA, 0x4A,
    0xC5, 0x2E, 0x16, 0xA8, 0xF5, 0x8A, 0x61, 0x9D, 0x60, 0x1B, 0x14, 0xF8, 0xDC, 0x56, 0x23, 0xF9,
    0x70, 0xAB, 0x2C, 0x27, 0x80, 0x14, 0x00, 0x5C, 0x1E, 0x48, 0xB2, 0x05, 0xF5, 0xA1, 0x29, 0xC9,
    0xED, 0xCF, 0x32, 0x45, 0xF8, 0x31, 0x20, 0xCF, 0x69, 0xCE, 0xED, 0x9B, 0x6C, 0xC5, 0xDB, 0x55,
    0x93, 0x33, 0xFB, 0x6C, 0xC6, 0x3A, 0x9B, 0xCF, 0x8A, 0x37, 0xEB, 0x13, 0x4D, 0x6A, 0x9E, 0x6A,
    0x06, 0x4C, 0x7B, 0x3D, 0xB3, 0x58, 0xD2, 0x95, 0x73, 0x3A, 0x31, 0xDF, 0x0C, 0x16, 0x4F, 0x9C,
    0xA6, 0x04, 0x12, 0x1B, 0x14, 0x1B, 0xC6, 0x34, 0xC3, 0x18, 0x6F, 0x89, 0x9E, 0xEA, 0x17, 0xE8,
    0x3E, 0x66, 0xBF, 0x2E, 0x3C, 0x97, 0x16, 0xEB, 0x86, 0xA6, 0x9D, 0xA9, 0xCD, 0x04, 0x45, 0xD1,
    0x7F, 0x4B, 0x9A, 0x65, 0x8B, 0x73, 0xE1, 0x9B, 0x97, 0x59, 0xC8, 0x1A, 0x97, 0xFC, 0xBB, 0x8E,
    0x40, 0x7C, 0xBE, 0x16, 0x2F, 0x58, 0x17, 0x9D, 0x9E, 0xB0, 0x23, 0xB2, 0x1D, 0x6F, 0xB7, 0xA8,
    0xDD, 0x7F, 0xBB, 0xE5, 0xB7, 0xD4, 0x66, 0xBB, 0x5E, 0x39, 0xF6, 0xDD, 0x83, 0xEB, 0x15, 0x32,
    0x81, 0x94, 0x5A, 0xC6, 0x09, 0x19, 0x03, 0x8C, 0x26, 0x64, 0x20, 0x5A, 0xF8, 0x04, 0x86, 0x3A,
    0x5C, 0x72, 0x95, 0xD2, 0x3C, 0x34, 0xEB, 0x8B, 0x44, 0x42, 0xF3, 0x9A, 0x6A, 0x55, 0x55, 0x02,
    0x00, 0x6D, 0x08, 0xBA, 0x94, 0x97, 0xBD, 0xF2, 0xD9, 0x7E, 0x4B, 0xB4, 0x93, 0x6A, 0x75, 0x78,
    0x6E, 0xF8, 0x70, 0x01, 0x5C, 0x33, 0x99, 0x6C, 0x89, 0xBD, 0x85, 0xCC, 0x14, 0x34, 0x17, 0xEA,
    0xEB, 0x92, 0x12, 0x4A, 0xD2, 0xE5, 0xFA, 0x33, 0x76, 0x29, 0xA7, 0xE3, 0x4A, 0x1C, 0x4D, 0xE0,
    0xDD, 0x47, 0x8F, 0x32, 0x7A, 0xFD, 0x3B, 0x09, 0xC4, 0xBA, 0x59, 0xB2, 0x9E, 0x4C, 0x81, 0xBC,
    0x8A, 0x29, 0xB1, 0x3D, 0x50, 0x82, 0xBF, 0x69, 0xDD, 0xD3, 0xA3, 0xA2, 0x16, 0xA3, 0xD7, 0x29,
    0xD5, 0x83, 0x22, 0x23, 0xA2, 0xD9, 0xC8, 0xFB, 0x6A, 0x55, 0x94, 0xAA, 0xEB, 0x6B, 0x6F, 0xEF,
    0xFB, 0x85, 0x65, 0x5E, 0x9D, 0xE2, 0xEF, 0xFA, 0x7E, 0x36, 0x70, 0x36, 0x34, 0x07, 0xAA, 0xE1,
    0xA7, 0xCB, 0x62, 0x0F, 0xED, 0xFB, 0x0A, 0x00, 0xBE, 0x32, 0xFD, 0x11, 0x07, 0xA9, 0x73, 0x33,
    0xA2, 0x78, 0xD9, 0x48, 0xDE, 0x4E, 0xFC, 0x3B, 0x22, 0x29, 0x18, 0x62, 0xF9, 0x4E, 0x12, 0x3A,
    0xCA, 0x70, 0x6B, 0x8F, 0x42, 0xE6, 0xB9, 0xD8, 0x67, 0x6B, 0x58, 0xE8, 0xC4, 0x23, 0x49, 0x2B,
    0x3D, 0xD3, 0x17, 0x97, 0x4F, 0x8F, 0x7F, 0x91, 0x03, 0x88, 0x4A, 0xBC, 0xD1, 0x5D, 0x78, 0x5C,
    0xE0, 0x6D, 0x76, 0x97, 0x6F, 0xFF, 0x6F, 0xC3, 0x33, 0x69, 0xCB, 0x79, 0xB8, 0xAE, 0xD0, 0x96,
    0x9D, 0x2E, 0x5B, 0xAA, 0x7E, 0x2D, 0xC4, 0xD0, 0x7F, 0xA1, 0x22, 0x53, 0xAB, 0x58, 0xA9, 0x2E,
    0x71, 0x2F, 0xF2, 0x26, 0x47, 0x4C, 0x52, 0x7C, 0x12, 0x09, 0x80, 0x58, 0xF9, 0xB5, 0xF8, 0xCB,
    0x81, 0x35, 0xF2, 0xBE, 0xFD, 0xAD, 0x13, 0x3A, 0x71, 0x4F, 0xAA, 0x6D, 0x4F, 0x9C, 0xC7, 0x4E,
    0xC7, 0x31, 0x8F, 0xCF, 0xF4, 0xCA, 0xC7, 0x3A, 0xBB, 0xED, 0x3F, 0x22, 0xBD, 0x6E, 0x2C, 0xEF,
    0xF2, 0xE4, 0xA4, 0x9D, 0xA6, 0x55, 0x59, 0x02, 0x68, 0xD6, 0xDD, 0x1D, 0xA5, 0xB6, 0x3D, 0x8E,
    0x46, 0x3A, 0xE9, 0x34, 0x5F, 0x03, 0xD2, 0x31, 0x43, 0x41, 0x4B, 0x5A, 0x32, 0xBD, 0xD4, 0xE1,
    0x39, 0x07, 0x70, 0x62, 0x6B, 0x05, 0xCF, 0xEB, 0x60, 0x7E, 0x40, 0x82, 0xF4, 0x8B, 0x80, 0x0B,
    0x0A, 0x40, 0xF0, 0x06, 0x6C, 0xD0, 0x6A, 0x78, 0x4C, 0x91, 0x26, 0x6B, 0x7B, 0x56, 0xA9, 0x80,
    0x38, 0xF0, 0x1F, 0x09, 0xD4, 0x33, 0x59, 0xA7, 0xD8, 0x18, 0xDC, 0xAE, 0x34, 0xED, 0x98, 0xD5,
    0xC6, 0x13, 0x8A, 0xE5, 0xE9, 0x78, 0x24, 0x50, 0xF7, 0x33, 0x7C, 0x3E, 0x4A, 0x7F, 0x5F, 0x36,
    0xCA, 0xB4, 0xCB, 0x03, 0x49, 0x86, 0x78, 0xE5, 0x9F, 0x5C, 0x36, 0x4E, 0xF4, 0xAC, 0x87, 0x0F,
    0xFC, 0xA7, 0xDA, 0x8D, 0xE9, 0x6D, 0xF5, 0x36, 0x86, 0x6C, 0x94, 0xD0, 0xA4, 0x97, 0x5B, 0x6F,
    0xE8, 0x93, 0x59, 0x90, 0x9F, 0x4A, 0xBB, 0x7A, 0x82, 0x11, 0x64, 0x80, 0x43, 0xBD, 0xD7, 0x95,
    0x64, 0xAE, 0x2B, 0xFD, 0xAE, 0x76, 0x7F, 0xAF, 0x85, 0x4D, 0x2D, 0xC8, 0x13, 0xD2, 0xB4, 0xA4,
    0x36, 0x61, 0x93, 0x1C, 0xBF, 0xD7, 0x89, 0x78, 0xAE, 0x86, 0x6B, 0xE9, 0x5D, 0x40, 0xE1, 0x76,
    0x6A, 0xA4, 0x3E, 0x9B, 0xA5, 0x2D, 0xEF, 0x19, 0x09, 0x74, 0x46, 0xAD, 0x2A, 0xAB, 0x49, 0xD7,
    0xCD, 0xF3, 0xC1, 0x09, 0x98, 0x19, 0x45, 0x50, 0xEE, 0x48, 0xA1, 0x10, 0xAD, 0x1B, 0x5F, 0x67,
    0x28, 0x33, 0x48, 0xFF, 0xE0, 0x95, 0xA1, 0x8C, 0xE4, 0x63, 0xCF, 0xBC, 0xC1, 0x94, 0x48, 0x97,
    0x8C, 0xC1, 0x7A, 0x99, 0x73, 0x66, 0x7A, 0xDE, 0x2E, 0x6B, 0x46, 0x2B, 0x03, 0x90, 0x7E, 0x78,
    0x66, 0xA2, 0x87, 0x3D, 0x5E, 0x33, 0x72, 0x64, 0x2C, 0x33, 0xDE, 0x99, 0x74, 0x9D, 0x2B, 0xD3,
    0xCA, 0x2D, 0xE3, 0x93, 0x96, 0x9D, 0xED, 0xCA, 0xA1, 0xA3, 0xD8, 0xDE, 0xB8, 0xEC, 0x74, 0xB3,
    0x61, 0xFC, 0x57, 0x60, 0x59, 0x99, 0xB6, 0x9A, 0x0C, 0x14, 0xC4, 0x37, 0xD6, 0x02, 0xE4, 0x44,
    0x30, 0xC7, 0x5B, 0xDA, 0xB7, 0xC5, 0x1A, 0x65, 0x48, 0xFA, 0x5E, 0xD6, 0x14, 0x69, 0x61, 0xDA,
    0x63, 0xD5, 0xB4, 0xD2, 0x96, 0xCA, 0x32, 0xF6, 0x00, 0x8A, 0x0C, 0xA2, 0xD3, 0xB0, 0xFC, 0xEE,
    0x73, 0x8D, 0xE6, 0xF8, 0x4A, 0xDD, 0x7D, 0x69, 0x25, 0xC3, 0xBA, 0xC1, 0xBA, 0xB5, 0x48, 0x4B,
    0x11, 0xA4, 0x3E, 0x5C, 0x72, 0x73, 0x09, 0xFA, 0xDE, 0xB4, 0xE5, 0xD9, 0x78, 0x88, 0x27, 0xFF,
    0x4C, 0x06, 0xAC, 0xE8, 0xCD, 0xD9, 0x71, 0x2D, 0x31, 0xDA, 0x6C, 0x2C, 0x53, 0x9B, 0x52, 0xFF,
    0x9A, 0x38, 0x37, 0x85, 0x2B, 0x0A, 0x80, 0x01, 0x0C, 0x62, 0x67, 0xB4, 0xDF, 0x8D, 0xF9, 0x15,
    0x2F, 0x11, 0x59, 0x55, 0xA1, 0x6B, 0x2E, 0xD4, 0x85, 0x26, 0xFA, 0xE2, 0x69, 0x63, 0x2C, 0x8C,
    0x77, 0x73, 0xC8, 0xF5, 0xFF, 0x09, 0xB6, 0x80, 0xDC, 0x4B, 0x4E, 0x45, 0x2E, 0xD6, 0xF1, 0xDA,
    0x9E, 0x50, 0xD8, 0x4F, 0x56, 0x98, 0xF8, 0x76, 0x85, 0xA9, 0xFC, 0x5C, 0x90, 0x4E, 0x82, 0xB8,
    0x61, 0x41, 0x02, 0x8A, 0x76, 0x03, 0x89, 0x29, 0x62, 0x75, 0x32, 0x2D, 0xAC, 0xC7, 0x43, 0x1A,
    0xC4, 0xA1, 0xB1, 0x01, 0x41, 0x12, 0xA7, 0x6B, 0xB4, 0xEC, 0x38, 0xAD, 0x32, 0x59, 0x1F, 0x9E,
    0x4D, 0x8D, 0xD8, 0x13, 0x48, 0x1D, 0x04, 0x8F, 0x74, 0x68, 0x2F, 0xAF, 0xB1, 0xDF, 0xCD, 0xCA,
    0x20, 0x15, 0x10, 0x34, 0x66, 0x34, 0x95, 0xEE, 0xFC, 0x43, 0xCB, 0x5F, 0x46, 0x5F, 0x7D, 0x2B,
    0x66, 0xEA, 0x26, 0x7A, 0x70, 0xE4, 0xE7, 0x25, 0x96, 0xD3, 0xBC, 0x30, 0xFE, 0x2E, 0x7C, 0x31,
    0x76, 0xF1, 0x8D, 0xA1, 0xE3, 0xEB, 0xFF, 0x5C, 0x62, 0x79, 0xA8, 0x04, 0xFF, 0x07, 0xBC, 0xD6,
    0x61, 0x6A, 0x1C, 0x49, 0x0C, 0x40, 0x61, 0x81, 0x0E, 0xA0, 0xAB, 0xE4, 0x00, 0x06, 0x5D, 0x5D,
    0xB0, 0x07, 0xC8, 0x55, 0x04, 0xFE, 0x2B, 0x78, 0x5B, 0xAD, 0x2A, 0xD1, 0x3D, 0xC3, 0x6C, 0x08,
    0x59, 0x48, 0xE1, 0xD4, 0xFB, 0xC6, 0xA4, 0xED, 0x2A, 0x79, 0x1C, 0x22, 0xD7, 0xD2, 0xEA, 0xD8,
    0x0A, 0x88, 0x21, 0x06, 0xB9, 0x02, 0xA0, 0x28, 0x61, 0xC4, 0x97, 0x21, 0x4A, 0x56, 0xFF, 0xA5,
    0xEF, 0xF4, 0x15, 0x27, 0x3A, 0x25, 0x9E, 0xCF, 0xF0, 0x8B, 0xF8, 0x49, 0xDD, 0xC9, 0xFD, 0x8D,
    0x57, 0x58, 0x09, 0x51, 0x42, 0x97, 0x04, 0xA8, 0x15, 0x87, 0x94, 0x7E, 0x29, 0x7B, 0x79, 0xDC,
    0x3B, 0x39, 0xFB, 0xFE, 0x42, 0x84, 0xA6, 0x40, 0x59, 0x18, 0xE0, 0x61, 0xA5, 0x20, 0x9E, 0x42,
    0xEE, 0x7D, 0xF0, 0x79, 0x9F, 0x8F, 0xEA, 0x97, 0xA5, 0x84, 0x18, 0x20, 0xA2, 0x73, 0x96, 0x90,
    0xB3, 0xAA, 0x77, 0xED, 0x43, 0xF2, 0xCF, 0x5B, 0x9C, 0x14, 0xC2, 0x15, 0x11, 0x9B, 0x54, 0x87,
    0xDC, 0x89, 0x4E, 0xC8, 0x1F, 0x24, 0x26, 0x7E, 0x25, 0x65, 0x49, 0x00, 0xF6, 0xAC, 0x6A, 0xC5,
    0xEE, 0x91, 0xBD, 0x9D, 0xF6, 0x24, 0x1E, 0x11, 0x82, 0x52, 0xD2, 0xA4, 0xE3, 0x9D, 0xEF, 0x12,
    0x2B, 0x71, 0x72, 0x47, 0x3A, 0xF9, 0xBB, 0xE1, 0x0A, 0xBA, 0x03, 0xB5, 0xE7, 0x44, 0xC7, 0xFA,
    0x9C, 0xD9, 0xD9, 0xEB, 0x87, 0xD8, 0x10, 0xF1, 0xA1, 0x7F, 0xD7, 0xD0, 0xC8, 0xA1, 0x12, 0x43,
    0x79, 0xF0, 0x4B, 0x9E, 0x8B, 0xBE, 0xBE, 0x73, 0x56, 0x6C, 0x3A, 0x50, 0x9B, 0xC6, 0xEA, 0xFE,
    0x41, 0x2F, 0x1A, 0xE1, 0x21, 0xE4, 0xA2, 0x5E, 0xD4, 0xA6, 0x90, 0x2E, 0x4A, 0x0C, 0x57, 0x37,
    0xFB, 0x8D, 0x3B, 0xE4, 0xC1, 0x1C, 0x2A, 0x31, 0xB4, 0x9B, 0xBE, 0x32, 0xAC, 0x61, 0xBF, 0x6A,
    0x86, 0x2E, 0xB2, 0xA8, 0x17, 0xA3, 0xB9, 0x3F, 0x9A, 0xFB, 0x97, 0x45, 0x71, 0x20, 0x85, 0x59,
    0x32, 0x24, 0x37, 0xCF, 0xD0, 0x2C, 0x24, 0xB7, 0x34, 0xED, 0x48, 0xF0, 0x00, 0xF2, 0x12, 0xB2,
    0x27, 0xD3, 0x73, 0xD8, 0x8F, 0x59, 0xC9, 0x9E, 0x8B, 0x68, 0x5E, 0xB2, 0x3D, 0xDF, 0x25, 0x1D,
    0xF5, 0x24, 0x80, 0x5F, 0x28, 0xBC, 0x8E, 0xC4, 0x73, 0x44, 0x6C, 0x7D, 0xE9, 0x48, 0x56, 0x46,
    0x35, 0xF2, 0xDC, 0x0A, 0x21, 0x6D, 0x26, 0x11, 0x3E, 0x83, 0x90, 0x4B, 0xDE, 0x6F, 0xCC, 0x33,
    0x06, 0x9F, 0x29, 0x8C, 0x72, 0x4B, 0x7A, 0xA5, 0xF8, 0x79, 0xF3, 0x20, 0x75, 0xE4, 0x3F, 0x73,
    0x6B, 0xDE, 0x54, 0xAD, 0x38, 0x52, 0xE4, 0x48, 0x6A, 0x74, 0xD6, 0xC8, 0x21, 0x0D, 0x08, 0x65,
    0x64, 0xB7, 0x4A, 0x96, 0x52, 0x11, 0x6F, 0x45, 0xFF, 0x4A, 0xB4, 0xFA, 0x13, 0xAD, 0xCE, 0xBC,
    0x4D, 0x46, 0x72, 0x64, 0x8C, 0xBC, 0x34, 0xB6, 0x48, 0x0D, 0xDF, 0x0A, 0x0B, 0x2F, 0x25, 0xF5,
    0x92, 0x01, 0x35, 0x67, 0x71, 0x5A, 0x42, 0x1E, 0xC1, 0xBE, 0xE9, 0x67, 0x19, 0xFB, 0x36, 0x25,
    0x7F, 0x5D, 0x9A, 0x1E, 0x23, 0x72, 0xCB, 0x92, 0x78, 0x28, 0x2F, 0xF9, 0xD2, 0x79, 0xAB, 0xA7,
    0x43, 0xB4, 0xC2, 0x40, 0xB6, 0xEE, 0x1F, 0x8E, 0x56, 0xC7, 0x80, 0x7C, 0x8F, 0xD6, 0xF9, 0xE6,
    0x1F, 0x02, 0x1F, 0xA2, 0xBF, 0x19, 0xCD, 0x67, 0xEC, 0x25, 0xBE, 0x02, 0x70, 0x12, 0x13, 0xE4,
    0x5A, 0x27, 0x56, 0xCF, 0x78, 0x76, 0x88, 0x8E, 0xCF, 0x3F, 0x6B, 0xF4, 0x44, 0x10, 0xAF, 0xDE,
    0xEC, 0x6C, 0x96, 0x7D, 0x90, 0x97, 0x8D, 0x32, 0x74, 0x36, 0xC4, 0xFE, 0x60, 0x73, 0xC2, 0x0A,
    0xF2, 0x6C, 0x73, 0x3A, 0xCF, 0xD9, 0x88, 0x39, 0x7E, 0x9F, 0x3A, 0x05, 0xE4, 0xFC, 0x29, 0x88,
    0x9B, 0x39, 0xB4, 0x45, 0xCB, 0x7E, 0xCA, 0xA8, 0x8F, 0xE4, 0xC1, 0x18, 0x7E, 0xDF, 0x4C, 0xF2,
    0x13, 0xBD, 0x6E, 0x32, 0x4C, 0xBB, 0xA9, 0xFC, 0x7C, 0x52, 0xB3, 0x29, 0x7D, 0xB5, 0x4D, 0x7F,
    0xA1, 0xA7, 0x35, 0x8D, 0xB4, 0xB4, 0x12, 0x68, 0x42, 0x53, 0x49, 0x9D, 0x7B, 0xAD, 0x38, 0x32,
    0xCB, 0xE3, 0x80, 0x3C, 0xE3, 0x60, 0x86, 0x41, 0x9E, 0x47, 0x3C, 0x66, 0x10, 0x7D, 0xF7, 0x77,
    0xEC, 0x33, 0xE6, 0x42, 0x6C, 0x7C, 0x0F, 0xF6, 0x8D, 0xFD, 0x09, 0xAF, 0x01, 0x07, 0x36, 0xE8,
    0x2B, 0xBF, 0x40, 0xE0, 0xC0, 0x79, 0x87, 0x35, 0xE0, 0x86, 0x0E, 0xA4, 0x21, 0xBD, 0x3E, 0x80,
    0x78, 0x83, 0x22, 0x07, 0x79, 0x20, 0xF1, 0x36, 0x1E, 0xF2, 0x73, 0x3D, 0xE4, 0x3F, 0x16, 0xA5,
    0x7D, 0x24, 0xCA, 0xC9, 0x2E, 0xA4, 0x91, 0xBE, 0x5A, 0xE2, 0xA9, 0x84, 0xEF, 0xCA, 0xD4, 0xFE,
    0x4F, 0xE7, 0xBF, 0x05, 0x90, 0x10, 0x77, 0x5F, 0x2F, 0x4F, 0xBC, 0x74, 0x6E, 0x6E, 0xF5, 0x36,
    0x80, 0x58, 0x0E, 0xF9, 0xB1, 0x64, 0xA9, 0xB5, 0xA2, 0xEC, 0x2F, 0xC1, 0x7E, 0xD2, 0x99, 0xE7,
    0x5E, 0x1E, 0x7B, 0x7E, 0xD2, 0x79, 0x4D, 0x5C, 0xA9, 0xB7, 0x64, 0x3F, 0xED, 0x8F, 0x58, 0x7A,
    0x5D, 0x09, 0x7B, 0xC4, 0xC3, 0xB8, 0x02, 0x93, 0x10, 0x61, 0xA7, 0x44, 0x26, 0x29, 0x7A, 0xF2,
    0x6F, 0xB5, 0xE6, 0x9A, 0xE3, 0xBE, 0x0A, 0x43, 0x71, 0x24, 0x3E, 0xDE, 0x87, 0x37, 0x54, 0xC9,
    0x5B, 0x47, 0xEA, 0x02, 0x66, 0x2B, 0x48, 0xF3, 0xD5, 0x92, 0x6F, 0xED, 0x1F, 0x71, 0xC3, 0x3C,
    0xFE, 0xEF, 0xEA, 0x76, 0xA2, 0xE6, 0x84, 0x09, 0x29, 0x81, 0x83, 0xB1, 0x0F, 0xEE, 0xCC, 0xBC,
    0x38, 0x2B, 0x14, 0xCF, 0x3B, 0xD6, 0x45, 0x46, 0x0F, 0x63, 0x0E, 0x19, 0x6A, 0x3A, 0x96, 0xCE,
    0xE4, 0x9D, 0x33, 0x60, 0xBC, 0x99, 0x46, 0x62, 0x4E, 0xD3, 0xE0, 0x52, 0x33, 0x4A, 0x06, 0x64,
    0x89, 0xB1, 0x6A, 0xEA, 0xA8, 0x1B, 0xA8, 0x11, 0x43, 0x79, 0x04, 0xC8, 0x20, 0xA1, 0x84, 0x81,
    0x6B, 0xEA, 0x67, 0x6F, 0xB3, 0xFD, 0xED, 0xCD, 0xF5, 0x1A, 0xFE, 0xA5, 0xE3, 0x59, 0x2F, 0x70,
    0x64, 0x7C, 0xF2, 0xE6, 0xCF, 0x7D, 0xEA, 0xBB, 0xD6, 0x54, 0x9B, 0x55, 0xE3, 0xCD, 0x83, 0x9A,
    0x92, 0xA2, 0x7C, 0x58, 0x20, 0xDF, 0xF8, 0xA4, 0x17, 0xF6, 0x5C, 0xDA, 0x69, 0x0B, 0x92, 0x9E,
    0x0B, 0xBE, 0x20, 0x0C, 0xC6, 0xE2, 0xE9, 0x9D, 0x33, 0x6A, 0xA5, 0x24, 0x1D, 0x2A, 0x74, 0xB0,
    0xFF, 0x62, 0xAB, 0xC4, 0xF6, 0x69, 0xE1, 0xBC, 0xA3, 0xBF, 0x43, 0x3D, 0xA3, 0x15, 0xD2, 0x0E,
    0x02, 0x8D, 0xE1, 0xB3, 0xDF, 0xAA, 0xED, 0x56, 0x14, 0xFB, 0x0C, 0x52, 0xAD, 0x5B, 0x43, 0x37,
    0xA5, 0x01, 0xCA, 0x1E, 0x03, 0xEA, 0xA0, 0xC2, 0x99, 0x48, 0x6F, 0xE1, 0x57, 0x51, 0x2D, 0x09,
    0xC9, 0xD6, 0x47, 0xA0, 0x09, 0x39, 0xC9, 0x6C, 0x34, 0x73, 0xBC, 0x74, 0xA4, 0x56, 0x50, 0xCF,
    0x3E, 0xB4, 0xF0, 0x72, 0xDC, 0x0F, 0x64, 0x9D, 0xEC, 0x6B, 0x07, 0x5F, 0x0D, 0x46, 0x7F, 0xD4,
    0xD8, 0x35, 0xFD, 0x39, 0x1C, 0x4D, 0x0B, 0x67, 0x83, 0x35, 0xF4, 0x27, 0x56, 0x8E, 0xBA, 0x3E,
    0xD4, 0xA7, 0x37, 0xB8, 0x4B, 0xC3, 0xF9, 0x94, 0x3B, 0x36, 0x5E, 0x77, 0xC0, 0x19, 0xFD, 0x08,
    0x30, 0x85, 0x01, 0xEE, 0xD6, 0xD9, 0xAE, 0xBB, 0x3A, 0xBE, 0x2C, 0xC3, 0xD5, 0x86, 0x6F, 0x8F,
    0x64, 0x36, 0xFB, 0x25, 0xB6, 0x21, 0xF7, 0x39, 0x9E, 0x8E, 0xD9, 0xBC, 0x51, 0x50, 0x07, 0x6C,
    0x77, 0xBF, 0xFA, 0x1D, 0xB8, 0xC7, 0xF1, 0x58, 0xB6, 0x6B, 0x09, 0x6B, 0xA2, 0x07, 0xF6, 0x44,
    0xB1, 0xFB, 0xED, 0xBF, 0xBF, 0x36, 0xF3, 0xAC, 0x34, 0x29, 0x39, 0x88, 0x65, 0x1D, 0xB7, 0xFA,
    0x73, 0x4C, 0xC4, 0x72, 0x19, 0xC4, 0x5C, 0xA7, 0x9F, 0x1F, 0xBB, 0x8C, 0x2F, 0x3B, 0x11, 0x11,
    0xFE, 0x5A, 0xB7, 0x7C, 0xE2, 0x25, 0x5D, 0xE5, 0x1B, 0xE7, 0xF2, 0x1C, 0x2B, 0x82, 0xF7, 0x38,
    0x78, 0x4A, 0xD7, 0xC9, 0xB9, 0xE2, 0xEF, 0x2F, 0x3D, 0x11, 0x5A, 0x6B, 0x5B, 0x67, 0x00, 0x3A,
    0xAF, 0x6E, 0xF6, 0x27, 0x98, 0x88, 0x12, 0x20, 0x03, 0x01, 0x82, 0x99, 0x38, 0xAF, 0xFB, 0x44,
    0x80, 0x98, 0xE6, 0x30, 0x8F, 0x81, 0x23, 0x10, 0x10, 0x0B, 0x29, 0xD7, 0x32, 0xEF, 0x2B, 0x0B,
    0xF9, 0x3E, 0xE8, 0x3B, 0x8A, 0x3B, 0xA8, 0x25, 0x5B, 0x7C, 0x28, 0xED, 0x80, 0xC8, 0x37, 0x74,
    0x28, 0xA8, 0xEE, 0x32, 0x52, 0xEA, 0x8C, 0x93, 0x00, 0xF1, 0x93, 0x00, 0x69, 0x77, 0x3B, 0x2F,
    0xBE, 0x63, 0x98, 0xFE, 0x72, 0x79, 0x2B, 0x40, 0xAC, 0xED, 0x90, 0x12, 0xA3, 0x7B, 0x0D, 0xCE,
    0xA0, 0x02, 0xD9, 0x5A, 0xC9, 0x9C, 0x7E, 0xB0, 0x68, 0x3A, 0x51, 0x4F, 0x62, 0x4E, 0x89, 0x6C,
    0x17, 0x44, 0xE3, 0x58, 0x1E, 0xAC, 0xD7, 0xE6, 0x77, 0xF5, 0x1A, 0x7D, 0x28, 0xB7, 0xB6, 0x07,
    0xA2, 0x85, 0x0E, 0x56, 0x3C, 0x2A, 0xB1, 0xD6, 0x73, 0xD0, 0x3F, 0x26, 0xD6, 0x00, 0x98, 0x7C,
    0x2B, 0xD6, 0x98, 0x8F, 0x2D, 0x44, 0x00, 0x4C, 0xD9, 0xBC, 0x27, 0x9F, 0xB7, 0x5D, 0xDF, 0x96,
    0x89, 0x16, 0xA7, 0x6A, 0x72, 0xD9, 0xD5, 0xE5, 0xB6, 0x07, 0x72, 0x86, 0x68, 0x52, 0x7F, 0x51,
    0xC7, 0xA5, 0xED, 0x97, 0x3F, 0xBA, 0x69, 0x6A, 0xBF, 0xBC, 0x69, 0x5A, 0x3B, 0x14, 0xBF, 0x5B,
    0x6C, 0x85, 0x51, 0xB2, 0xE0, 0x1C, 0x38, 0x11, 0x6C, 0xCA, 0x94, 0x1D, 0x03, 0xA5, 0xDA, 0x66,
    0x3D, 0x7A, 0x73, 0xC5, 0x3C, 0x8D, 0x83, 0xF9, 0xF7, 0xBB, 0x7F, 0x0A, 0x0C, 0x63, 0x7B, 0xA4,
    0xB7, 0xFD, 0x50, 0xC7, 0x48, 0x29, 0xF8, 0xB9, 0x20, 0x61, 0x4D, 0x55, 0xD0, 0xE4, 0x7C, 0x15,
    0x34, 0x0A, 0xC1, 0x87, 0x1E, 0xAF, 0x4A, 0xD7, 0x86, 0x85, 0x51, 0xE8, 0x34, 0x73, 0x2A, 0x48,
    0x15, 0x32, 0x09, 0x8A, 0x89, 0xF1, 0xB0, 0x46, 0x97, 0xFF, 0x86, 0x68, 0x9F, 0xF1, 0x80, 0xAD,
    0x42, 0xA7, 0xA0, 0xAB, 0x90, 0x86, 0x4D, 0x93, 0x4C, 0xDE, 0x56, 0x80, 0x94, 0xD3, 0x78, 0x75,
    0xBB, 0x78, 0x62, 0xB7, 0x9D, 0xBD, 0x7D, 0xAA, 0x70, 0x86, 0x2F, 0x99, 0x10, 0xCA, 0x2D, 0x78,
    0x1A, 0x98, 0x0F, 0xA6, 0x6C, 0x2A, 0x17, 0x06, 0x33, 0xE1, 0x6A, 0x32, 0xB0, 0x99, 0x93, 0x77,
    0x78, 0x82, 0xE5, 0x3F, 0x07, 0x8E, 0x66, 0xA6, 0x4F, 0x0A, 0xB0, 0x6C, 0x33, 0x4B, 0x8D, 0xDC,
    0x49, 0x76, 0xB7, 0xBD, 0x95, 0xA4, 0x7E, 0xF2, 0xD8, 0x6D, 0xB7, 0x3E, 0x12, 0x58, 0xAB, 0x07,
    0x1E, 0x88, 0x3B, 0xA3, 0x39, 0xB1, 0xC0, 0x4C, 0xD5, 0x1A, 0x18, 0x56, 0x87, 0x63, 0x0C, 0x17,
    0xD6, 0x2D, 0x50, 0x66, 0xA0, 0x8E, 0xC4, 0x74, 0x64, 0x16, 0xE8, 0xF3, 0xC0, 0xA9, 0x3E, 0xDE,
    0xB8, 0x33, 0xF1, 0x34, 0x51, 0x5E, 0x7B, 0xB8, 0xB3, 0xB1, 0xCB, 0xCD, 0x11, 0x00, 0xC9, 0x3B,
    0xC5, 0x3D, 0x78, 0xBD, 0x66, 0x7F, 0xC7, 0x79, 0xFB, 0xD9, 0xC9, 0xEA, 0x05, 0x41, 0x09, 0x7A,
    0x03, 0xBB, 0xC1, 0xEB, 0x54, 0x52, 0x3B, 0xEA, 0xEF, 0xB6, 0x9F, 0x44, 0x79, 0x13, 0xBF, 0x07,
    0xF0, 0x29, 0x59, 0x36, 0x64, 0xAE, 0xA3, 0x5F, 0x22, 0x86, 0xE3, 0x37, 0xCA, 0x17, 0x71, 0x7C,
    0x9D, 0x3C, 0x8E, 0x46, 0x65, 0x82, 0x5F, 0xC3, 0x51, 0xBC, 0x7A, 0xBE, 0xF4, 0x18, 0x8D, 0xEE,
    0x56, 0xAC, 0xBE, 0xF6, 0x91, 0x99, 0x1D, 0xE5, 0x67, 0x8E, 0x80, 0x2C, 0xE1, 0x0D, 0x84, 0x80,
    0x10, 0xEF, 0x8A, 0x5A, 0x0B, 0x98, 0x05, 0x26, 0x6B, 0x9A, 0x63, 0x46, 0x32, 0x8A, 0x8C, 0xB7,
    0x14, 0x39, 0xAC, 0xFB, 0x62, 0xA3, 0x4F, 0x26, 0xBA, 0x2E, 0x5F, 0x86, 0x5A, 0xFA, 0xE7, 0x50,
    0x36, 0x5A, 0x0F, 0x13, 0x22, 0x6D, 0xD6, 0xDA, 0x7C, 0xBC, 0x03, 0x8F, 0xAE, 0x66, 0xF7, 0xC4,
    0x96, 0xA5, 0xFA, 0xF4, 0x68, 0x4D, 0x57, 0x4D, 0x1D, 0x0C, 0xF0, 0x0E, 0x72, 0x88, 0xC6, 0x80,
    0x9E, 0x00, 0x2D, 0x37, 0x98, 0x31, 0xAF, 0x01, 0xBE, 0x01, 0xF7, 0xA8, 0xC5, 0xB9, 0x58, 0x7C,
    0x2D, 0x81, 0xA6, 0xA2, 0xE5, 0x13, 0x5C, 0xB2, 0x6B, 0x6F, 0xED, 0xCE, 0x0F, 0xBB, 0xBB, 0xEC,
    0x76, 0x27, 0x04, 0xDD, 0x89, 0xD4, 0x90, 0xDD, 0xA8, 0xDC, 0x7D, 0x03, 0xB6, 0xA5, 0xC4, 0xC9,
    0x9E, 0xE9, 0x5C, 0x26, 0x32, 0xF9, 0xC3, 0xAE, 0xB4, 0x42, 0xB0, 0x32, 0xC1, 0x33, 0x81, 0x2C,
    0x53, 0x9F, 0xCD, 0xC2, 0xD4, 0x2E, 0xFF, 0x1B, 0x39, 0x7B, 0xD7, 0x98, 0xAD, 0xEA, 0xD5, 0x63,
    0x79, 0x21, 0x12, 0x68, 0xB7, 0x34, 0x99, 0x98, 0x16, 0xB5, 0x70, 0xCE, 0x32, 0x9B, 0x9E, 0xAC,
    0x56, 0xDD, 0xEA, 0xEC, 0x3E, 0x7E, 0xFB, 0x3C, 0xB5, 0x17, 0x96, 0xE1, 0x71, 0x5E, 0x2D, 0xDF,
    0x2F, 0x53, 0x31, 0x8A, 0xF2, 0x45, 0x70, 0x53, 0x67, 0x06, 0xB4, 0x1F, 0x3C, 0xC5, 0xE7, 0xF1,
    0x9E, 0x0C, 0x38, 0x93, 0x74, 0xAF, 0x37, 0xCB, 0xA8, 0x2B, 0x7F, 0x2A, 0x7F, 0xCC, 0xBE, 0x26,
    0xCA, 0xD5, 0xF2, 0xAF, 0x26, 0x8F, 0x89, 0x40, 0x7D, 0xE2, 0x29, 0x35, 0x65, 0x34, 0xF8, 0x82,
    0x1A, 0xF0, 0xAC, 0x5E, 0x2F, 0x78, 0xBA, 0x14, 0x32, 0x66, 0xA3, 0x57, 0x3B, 0x60, 0x3A, 0x8A,
    0xB6, 0x22, 0xCC, 0x7C, 0x74, 0x0A, 0x19, 0xED, 0x00, 0x23, 0xF8, 0x62, 0x90, 0xDF, 0x2F, 0xF0,
    0xC9, 0x38, 0xE5, 0x27, 0xE3, 0x0E, 0x1F, 0x05, 0x27, 0x8A, 0x23, 0xB0, 0xE8, 0x66, 0xC2, 0xE5,
    0xF1, 0xB4, 0xC5, 0x49, 0xA4, 0x40, 0xF0, 0xA4, 0xC5, 0x11, 0x46, 0x88, 0x23, 0x54, 0x6F, 0x87,
    0x17, 0x6B, 0x23, 0x31, 0x5D, 0x1F, 0xA8, 0xF6, 0x21, 0x52, 0x5B, 0xFF, 0x68, 0x15, 0x38, 0x12,
    0x2D, 0x50, 0xBC, 0x55, 0x2D, 0xD8, 0xC0, 0x37, 0x2D, 0xA3, 0x7A, 0xF9, 0x75, 0x10, 0xC5, 0x9A,
    0x31, 0xC4, 0x65, 0xD2, 0x6F, 0xAC, 0x4F, 0xB0, 0xBE, 0xF7, 0x21, 0xC6, 0x33, 0xAE, 0x9A, 0xFA,
    0x0D, 0x3C, 0x3D, 0x43, 0x4C, 0xC9, 0x35, 0x20, 0x65, 0x6F, 0x4B, 0x68, 0xDF, 0x81, 0x9A, 0x06,
    0x80, 0x9B, 0x49, 0x26, 0x6E, 0x1A, 0x24, 0xCC, 0xE0, 0xD1, 0x71, 0xE9, 0x4F, 0xC7, 0x5D, 0x13,
    0xFB, 0x28, 0x02, 0xCD, 0xE8, 0xAE, 0x3D, 0x9C, 0x36, 0x34, 0xF7, 0xFA, 0x9D, 0x1F, 0xC4, 0xF2,
    0x5E, 0x37, 0xCB, 0x1B, 0x4F, 0x9A, 0x12, 0x14, 0x3C, 0xDE, 0x26, 0x6B, 0xBA, 0x29, 0xD6, 0x48,
    0xF5, 0xC3, 0x13, 0xAF, 0x62, 0x67, 0xCB, 0x03, 0xB1, 0xBC, 0xB9, 0x5B, 0xDE, 0x73, 0x71, 0x57,
    0x06, 0x31, 0x77, 0x8F, 0x77, 0x01, 0x1E, 0x4D, 0x9B, 0xB8, 0xE4, 0xCA, 0x1B, 0x3D, 0x20, 0x1E,
    0x4E, 0x45, 0x1E, 0x20, 0x0B, 0x6A, 0x5D, 0x28, 0xEB, 0x0D, 0xED, 0xC4, 0x80, 0xC6, 0x11, 0x57,
    0x18, 0xCE, 0x24, 0x52, 0xB4, 0xDC, 0xD6, 0x67, 0x53, 0x01, 0xB5, 0xBF, 0xBC, 0x88, 0xEF, 0x16,
    0x8C, 0xC7, 0xD8, 0xA0, 0xE9, 0x96, 0x54, 0x6B, 0x23, 0x57, 0xC1, 0x0C, 0xC2, 0x34, 0xCE, 0x21,
    0xB7, 0x13, 0x6D, 0xA0, 0x5E, 0xDB, 0x84, 0x18, 0xC3, 0xA4, 0x03, 0x62, 0xDA, 0x84, 0xE7, 0xF8,
    0xCE, 0xB8, 0x9C, 0xD3, 0x47, 0x19, 0x81, 0x67, 0x9D, 0xF1, 0x16, 0xEE, 0x8D, 0x4C, 0xCB, 0x93,
    0x7E, 0x38, 0x63, 0x8C, 0x42, 0x66, 0x2A, 0x4C, 0xD0, 0x2C, 0xF1, 0x12, 0x5F, 0x5F, 0x8D, 0xFC,
    0x1E, 0x7A, 0x60, 0x0E, 0x82, 0x48, 0x08, 0xEE, 0x87, 0x8E, 0x8F, 0xBF, 0x2B, 0x20, 0xB5, 0x01,
    0xED, 0x72, 0x80, 0x73, 0xF6, 0x75, 0x0A, 0x33, 0x56, 0x67, 0xFC, 0xFD, 0xFD, 0xB3, 0x67, 0xC7,
    0x3A, 0x27, 0x2F, 0xFD, 0x2E, 0x93, 0x2D, 0x99, 0xFC, 0x0F, 0x85, 0x50, 0x01, 0x86, 0x46, 0x61,
    0x10, 0x8A, 0x01, 0x58, 0xBA, 0xCA, 0x1E, 0xE0, 0xD1, 0xD5, 0xE3, 0x5D, 0x28, 0x16, 0x60, 0x68,
    0xBD, 0xF7, 0xFD, 0xB0, 0x60, 0x15, 0x34, 0x26, 0x33, 0xB5, 0xE8, 0x03, 0x2B, 0x13, 0x2C, 0x32,
    0xCB, 0x55, 0xE4, 0x22, 0xC0, 0x05, 0x14, 0x53, 0xB3, 0xD1, 0xBD, 0xC2, 0x2E, 0xC8, 0xFD, 0x52,
    0xDB, 0x6E, 0xBB, 0xDF, 0x4A, 0xFB, 0x61, 0xC0, 0x85, 0x84, 0x55, 0x97, 0xCD, 0x14, 0x72, 0xF3,
    0x40, 0x7E, 0x91, 0xBE, 0x5A, 0xE9, 0xAB, 0x59, 0xA8, 0x5E, 0xE6, 0xA1, 0x8C, 0x7A, 0x8A, 0x59,
    0x9C, 0xB9, 0xE8, 0x32, 0xA2, 0x55, 0xB3, 0x98, 0x10, 0x13, 0x99, 0xA9, 0xF5, 0x53, 0xE8, 0x5E,
    0x2C, 0x8D, 0x10, 0x58, 0x50, 0x58, 0xDD, 0xE7, 0xAA, 0x51, 0xE0, 0xC2, 0x35, 0x41, 0x27, 0xEF,
    0xE2, 0x63, 0x60, 0x84, 0xD7, 0xA1, 0x31, 0x4E, 0xA0, 0x9E, 0x40, 0x0A, 0x38, 0xA6, 0x05, 0xA1,
    0xFE, 0xFC, 0x16, 0xAE, 0x56, 0xCB, 0xC5, 0x4E, 0x26, 0x75, 0xE1, 0x7F, 0xF2, 0xC8, 0xF5, 0xA3,
    0x68, 0xBA, 0xB8, 0x30, 0xA6, 0xB9, 0x2C, 0xA4, 0xB6, 0x5C, 0x2C, 0x23, 0x17, 0x45, 0xDB, 0xEA,
    0x4F, 0x5F, 0x6A, 0x4E, 0x65, 0x6D, 0x0E, 0x7F, 0x01, 0xA4, 0xD4, 0x61, 0x8A, 0xE4, 0x38, 0x0C,
    0xC5, 0xF1, 0x07, 0xFA, 0x3A, 0xA0, 0xAB, 0xF4, 0x01, 0x06, 0x74, 0x75, 0xDD, 0x60, 0xAE, 0x22,
    0xD8, 0xAF, 0x82, 0xFF, 0x5A, 0x4E, 0xD2, 0xE5, 0x6A, 0x96, 0xDD, 0xED, 0x19, 0xE3, 0xFC, 0xDE,
    0x23, 0xA4, 0x6C, 0x2A, 0x86, 0x58, 0x5B, 0xCB, 0x70, 0xE4, 0xC3, 0x6E, 0xFB, 0xDE, 0x6B, 0x00,
    0xE4, 0x0B, 0x47, 0x51, 0x0B, 0x1F, 0x6C, 0x93, 0x0B, 0x69, 0x51, 0x0B, 0x1B, 0x78, 0xC7, 0x06,
    0xED, 0xA6, 0x69, 0xEA, 0x85, 0x6D, 0xAE, 0xA5, 0x00, 0x0E, 0x62, 0x6C, 0x7D, 0x89, 0x8C, 0x32,
    0x76, 0x68, 0x85, 0x76, 0x30, 0xB1, 0xFA, 0x84, 0xA4, 0x57, 0x38, 0x13, 0x7F, 0x41, 0xAD, 0x00,
    0x7A, 0x62, 0xA6, 0xA2, 0xE5, 0x13, 0x25, 0xFB, 0xAF, 0xE8, 0x09, 0x03, 0x79, 0xCB, 0x21, 0xEF,
    0x78, 0x36, 0xC9, 0x51, 0x6C, 0x9F, 0x57, 0x96, 0xD3, 0x07, 0xAF, 0x05, 0x0B, 0x23, 0x25, 0x47,
    0x8B, 0x5C, 0xFC, 0xF8, 0x97, 0xF7, 0x3A, 0xF8, 0xA6, 0x1E, 0x7E, 0x68, 0xA1, 0xDF, 0x05, 0x72,
    0xA8, 0x1B, 0x19, 0x55, 0x0A, 0x68, 0x63, 0xE1, 0xC8, 0x3B, 0x5A, 0xD6, 0x51, 0x52, 0xF3, 0xF0,
    0x31, 0x88, 0x1C, 0x80, 0x93, 0x7D, 0xAF, 0x3E, 0x69, 0xE9, 0x23, 0x90, 0x7E, 0x06, 0x69, 0x38,
    0xF7, 0xCA, 0xA5, 0xC5, 0xDE, 0x4D, 0x72, 0x3C, 0x05, 0xA4, 0x0D, 0xDE, 0x22, 0xA3, 0x14, 0x83,
    0xDF, 0xB4, 0xA4, 0x20, 0x07, 0x24, 0x87, 0x96, 0x31, 0x75, 0x91, 0xB2, 0x41, 0x7E, 0xEF, 0xDA,
    0x43, 0x48, 0x51, 0x91, 0x7B, 0xA9, 0x01, 0xD0, 0xA2, 0xF5, 0xD3, 0x49, 0x41, 0x5D, 0xD3, 0xD1,
    0x37, 0xE7, 0xEB, 0xB7, 0x91, 0x91, 0x14, 0x73, 0xD5, 0x64, 0x64, 0xE8, 0x19, 0x0E, 0x9F, 0x97,
    0xA8, 0x3F, 0xBE, 0xCE, 0xF5, 0x86, 0x3C, 0x50, 0xB4, 0x7E, 0x93, 0xC8, 0x05, 0x37, 0x75, 0x23,
    0x16, 0x90, 0x8A, 0xCF, 0x13, 0x12, 0x40, 0xEB, 0x2C, 0x06, 0xD4, 0x2E, 0x6D, 0xE4, 0x7B, 0xA9,
    0xFF, 0x57, 0xE8, 0xA7, 0x50, 0x4F, 0xE9, 0xAB, 0xA4, 0x73, 0x17, 0x7B, 0x95, 0x94, 0x8F, 0x67,
    0x89, 0xA7, 0x10, 0xDA, 0x45, 0x30, 0xC5, 0x11, 0xAD, 0x00, 0xFA, 0x29, 0xA5, 0xC8, 0x29, 0x2D,
    0x41, 0x39, 0xE8, 0x9F, 0x8A, 0x2F, 0xA8, 0xA7, 0xE4, 0x77, 0x0A, 0x3D, 0x65, 0x8F, 0x7A, 0x4A,
    0x5F, 0x25, 0x83, 0xFB, 0x61, 0x23, 0xBF, 0x53, 0x74, 0x95, 0x25, 0x94, 0x03, 0xFD, 0x94, 0xBA,
    0x4B, 0x4B, 0x01, 0x50, 0xD2, 0x04, 0x7D, 0x64, 0x52, 0x3E, 0x29, 0xCA, 0xEE, 0xD4, 0xCA, 0x3E,
    0x73, 0xC6, 0x91, 0xB0, 0x13, 0xDE, 0x8E, 0x7D, 0x11, 0x3B, 0x4B, 0xCE, 0xF7, 0xD3, 0x68, 0xC5,
    0xEE, 0x88, 0x23, 0x25, 0x3F, 0x3E, 0x93, 0x8C, 0xCE, 0xD4, 0xE8, 0xED, 0xA0, 0x0F, 0x3D, 0xE3,
    0x3A, 0xC3, 0xA5, 0x51, 0x97, 0x8E, 0xFC, 0x30, 0x7E, 0xE5, 0x28, 0x7D, 0xDA, 0xA3, 0x6D, 0xA9,
    0x43, 0x46, 0x23, 0x97, 0xBA, 0xAD, 0x31, 0x2E, 0xFB, 0xA5, 0x23, 0x48, 0xA7, 0xA1, 0x6C, 0x2B,
    0x4A, 0x2A, 0x49, 0x32, 0x2E, 0xF3, 0xF5, 0x0E, 0xA3, 0x47, 0x31, 0x9C, 0x1F, 0xF2, 0x72, 0x38,
    0x75, 0x24, 0xEA, 0x8B, 0xE7, 0x3F, 0x8A, 0x2D, 0xA3, 0xF5, 0xE8, 0x35, 0x46, 0x8E, 0x68, 0xEC,
    0x6D, 0x6D, 0x73, 0xAB, 0x2F, 0x42, 0xD9, 0xFB, 0xBE, 0xF2, 0xB2, 0xD6, 0x6D, 0x94, 0xF1, 0x74,
    0x7F, 0x4E, 0x5C, 0x6F, 0x03, 0xDA, 0xE9, 0xCB, 0xA0, 0x6C, 0x66, 0x2A, 0xA4, 0x25, 0xCB, 0x52,
    0x4B, 0x71, 0xD9, 0x56, 0x92, 0x5F, 0xE2, 0x4B, 0xC3, 0x53, 0x12, 0xBF, 0xB6, 0x2C, 0x14, 0x97,
    0x3D, 0xFA, 0xCB, 0xB0, 0x3A, 0x1E, 0x7C, 0x3D, 0xFE, 0x77, 0xB3, 0xE6, 0x9B, 0x23, 0xB9, 0xAA,
    0x43, 0x71, 0x4B, 0x2C, 0x80, 0xAD, 0xDC, 0x05, 0xB4, 0xE4, 0xAD, 0x23, 0xF5, 0x02, 0x7A, 0x2B,
    0x96, 0xE6, 0xAB, 0xA5, 0xF3, 0x38, 0x3A, 0x2E, 0xBF, 0x14, 0x37, 0x53, 0xD3, 0x77, 0xFE, 0xA7,
    0x2B, 0xBF, 0x43, 0x27, 0x81, 0x10, 0x08, 0x60, 0x1C, 0x90, 0xA4, 0xC7, 0xEB, 0x32, 0xFC, 0xA5,
    0x94, 0x6D, 0x81, 0xCB, 0xA6, 0x91, 0xFB, 0x99, 0x43, 0x5C, 0xFD, 0x44, 0x7A, 0xD4, 0xAB, 0x2C,
    0x4A, 0x1E, 0x12, 0xC6, 0xB8, 0x7E, 0x91, 0x19, 0x9E, 0x94, 0x35, 0x2F, 0xE2, 0x32, 0xA0, 0x1C,
    0x28, 0x61, 0x7C, 0x48, 0xD2, 0xEC, 0x21, 0x61, 0xA3, 0x24, 0x8C, 0x02, 0x54, 0x5B, 0x5B, 0x5B,
    0x56, 0x4B, 0x21, 0x40, 0x9C, 0xD6, 0x5A, 0xC1, 0xAC, 0x80, 0x20, 0x18, 0x55, 0x17, 0x23, 0x37,
    0x9C, 0x98, 0x78, 0x46, 0x9F, 0x40, 0x76, 0xF2, 0xC6, 0x40, 0x03, 0x84, 0xBA, 0x33, 0xDD, 0xF7,
    0x84, 0x4E, 0x0C, 0x5E, 0x52, 0x7D, 0xA7, 0x3D, 0xDD, 0x77, 0x9E, 0xF7, 0xBD, 0xB9, 0xE5, 0x02,
    0x90, 0x7F, 0xC2, 0x76, 0x1A, 0x00, 0x90, 0xA2, 0xEA, 0x88, 0x6D, 0xEB, 0x9E, 0xEB, 0xB3, 0xF4,
    0x2B, 0xAD, 0x69, 0x30, 0x32, 0x49, 0x9C, 0x5B, 0xB7, 0xA0, 0xDB, 0x66, 0xE7, 0x7F, 0xC0, 0x5C,
    0x1F, 0x69, 0x8E, 0xD4, 0x2D, 0x18, 0x40, 0x3A, 0x56, 0x07, 0x06, 0x7F, 0x39, 0x11, 0x0A, 0x8C,
    0x77, 0x06, 0xE6, 0x97, 0x90, 0x49, 0x31, 0xF9, 0x30, 0x0C, 0x38, 0x03, 0x60, 0x60, 0xAB, 0xF9,
    0x3B, 0x16, 0xCA, 0xD6, 0x42, 0x3E, 0x05, 0x1E, 0x45, 0x30, 0xC0, 0x6B, 0xA2, 0xFA, 0x7A, 0x67,
    0x20, 0x19, 0x50, 0x67, 0x85, 0x35, 0x19, 0x78, 0x58, 0x1B, 0x78, 0x0A, 0xF0, 0x32, 0xFE, 0x54,
    0x9D, 0xCA, 0x33, 0xA6, 0x9E, 0xC2, 0xD3, 0x69, 0x15, 0xB9, 0x03, 0xAA, 0x66, 0x0F, 0xE5, 0x0E,
    0xE1, 0x8C, 0x3E, 0x37, 0x96, 0x09, 0x13, 0xFD, 0x86, 0x2C, 0x02, 0x3D, 0x60, 0x20, 0x36, 0x5C,
    0x78, 0x23, 0x92, 0xC7, 0x40, 0xB8, 0x4C, 0x00, 0xC0, 0x64, 0x24, 0x39, 0xD6, 0x5F, 0x35, 0x84,
    0xAC, 0x11, 0xCC, 0xF0, 0xCC, 0xE6, 0xEB, 0x21, 0xE4, 0x6F, 0xC9, 0xF9, 0x5F, 0x64, 0x40, 0x38,
    0x00, 0x14, 0x99, 0xCB, 0x36, 0xC7, 0x3E, 0xCD, 0x21, 0xC6, 0x0B, 0xFA, 0x5C, 0xE4, 0x07, 0x09,
    0x88, 0xCC, 0xBC, 0x27, 0x39, 0x83, 0x74, 0x26, 0x58, 0x8D, 0x51, 0x19, 0x95, 0xCA, 0x90, 0x4E,
    0xBB, 0xD1, 0x35, 0x3F, 0xB6, 0xA6, 0x74, 0x6C, 0xF5, 0x49, 0xF5, 0x78, 0x28, 0xA4, 0x99, 0xD4,
    0x8D, 0x52, 0x04, 0x35, 0xC7, 0x45, 0x51, 0xD6, 0x3E, 0xD5, 0x5A, 0x4D, 0xAA, 0x6A, 0xD0, 0x80,
    0x17, 0xD5, 0x7E, 0x5A, 0x7F, 0xCC, 0x1C, 0x00, 0x4E, 0x7E, 0x36, 0x2E, 0xB0, 0x8E, 0xE8, 0x66,
    0xE8, 0x91, 0xD2, 0x80, 0x9A, 0x80, 0xE8, 0x61, 0xCA, 0x00, 0x0F, 0x75, 0x39, 0xC5, 0x68, 0x26,
    0xFE, 0x45, 0xBF, 0x32, 0x9B, 0x95, 0x4E, 0x4F, 0x10, 0x06, 0x03, 0xD5, 0x39, 0xF4, 0x44, 0x1B,
    0x97, 0xCD, 0xFB, 0xB9, 0x7E, 0x35, 0xEF, 0xEA, 0xE2, 0xE5, 0x80, 0x9F, 0x37, 0x78, 0x1E, 0xFA,
    0x7B, 0xFC, 0x57, 0xD3, 0xB2, 0x5B, 0xB8, 0xDE, 0x84, 0x2C, 0x6C, 0xC9, 0x37, 0xB5, 0xCD, 0xAE,
    0x86, 0x9E, 0x41, 0x19, 0x8B, 0xCF, 0xCD, 0x49, 0x0D, 0x04, 0x46, 0x5A, 0x11, 0xFF, 0xA2, 0x8B,
    0x79, 0x21, 0xCC, 0x86, 0x4D, 0xE6, 0x68, 0x33, 0x4C, 0xEE, 0x8A, 0x6B, 0x35, 0xAC, 0xAA, 0x06,
    0x15, 0xFD, 0x95, 0x58, 0x1E, 0x33, 0xC0, 0x7E, 0x52, 0xCC, 0x24, 0xF3, 0x6D, 0xD3, 0x42, 0x77,
    0xFB, 0x31, 0x82, 0x2C, 0x77, 0x00, 0x10, 0xE2, 0x5F, 0x64, 0xBD, 0x57, 0x25, 0x9D, 0x32, 0x40,
    0x96, 0x00, 0xE5, 0xD7, 0x91, 0x1B, 0x68, 0xC0, 0x10, 0x72, 0xE8, 0x05, 0x28, 0x9E, 0xAA, 0xD0,
    0x7B, 0xA9, 0x4B, 0xBC, 0x44, 0xD1, 0xA7, 0x12, 0x53, 0x9A, 0xAA, 0x99, 0xE8, 0xFB, 0xB1, 0x32,
    0xCF, 0x2C, 0x69, 0xA0, 0xA7, 0x8C, 0x2D, 0x90, 0x0C, 0x39, 0x0F, 0x6C, 0x0B, 0x23, 0xBA, 0xBC,
    0x9F, 0x13, 0xD5, 0x47, 0x7D, 0x28, 0xC9, 0x47, 0x62, 0x76, 0x99, 0x07, 0xCE, 0xBB, 0x39, 0x40,
    0xE5, 0x21, 0x3D, 0x65, 0xEE, 0xB7, 0x81, 0x5F, 0x6D, 0x9B, 0xD9, 0xD3, 0x18, 0xB1, 0x6A, 0xA6,
    0xCC, 0x8A, 0x7D, 0x12, 0x7B, 0x16, 0x35, 0xC3, 0xDF, 0x2E, 0x8E, 0xB6, 0xF0, 0x5A, 0x9E, 0x9C,
    0xAC, 0xF3, 0x4E, 0xC6, 0xEA, 0x76, 0xD1, 0x9C, 0xB0, 0xB2, 0xBE, 0x3E, 0x47, 0x5E, 0x5C, 0xD5,
    0xBA, 0x4C, 0x9C, 0x88, 0x2A, 0xDE, 0x7B, 0x8E, 0x4D, 0xD5, 0x2F, 0x09, 0xB2, 0xB2, 0x9D, 0x77,
    0x01, 0x65, 0x89, 0x71, 0xFF, 0xB6, 0x80, 0xA3, 0x0B, 0xFC, 0xDC, 0x3A, 0xF3, 0x76, 0x17, 0xEA,
    0x14, 0xFE, 0xFA, 0x90, 0xA3, 0xB6, 0x85, 0x9B, 0x90, 0xD5, 0xE6, 0x37, 0xA1, 0x79, 0x1B, 0xAA,
    0x79, 0xF3, 0x21, 0x0B, 0x71, 0x11, 0x03, 0x05, 0x92, 0x29, 0xB1, 0x16, 0xA0, 0x24, 0x25, 0xA0,
    0xD0, 0xF4, 0xA4, 0x0C, 0x09, 0x7F, 0xF7, 0xA2, 0x4B, 0x2A, 0xC2, 0x54, 0x74, 0x4A, 0x4A, 0xAC,
    0x27, 0x91, 0x87, 0xF6, 0x44, 0xFC, 0xF3, 0x8A, 0x55, 0x0A, 0x69, 0x3B, 0xB9, 0x1F, 0xEA, 0x79,
    0xAF, 0xF3, 0xFE, 0xB8, 0xE2, 0x01, 0xCA, 0x14, 0xD5, 0xA4, 0xD1, 0xF9, 0x6C, 0xF0, 0xF2, 0x97,
    0xC0, 0x3A, 0xE7, 0xF4, 0x7D, 0xA3, 0xFC, 0xAC, 0x2F, 0xC1, 0xC7, 0x86, 0x26, 0x5F, 0x35, 0xC9,
    0xF6, 0xB0, 0xF2, 0xEE, 0x66, 0x59, 0xED, 0xCD, 0x81, 0x67, 0x3F, 0x1D, 0x80, 0x83, 0x4F, 0xD7,
    0x30, 0xD6, 0x1B, 0x69, 0x90, 0x7F, 0x9C, 0x16, 0xBB, 0x72, 0x4B, 0xB6, 0xC1, 0x61, 0x53, 0xC1,
    0x90, 0x49, 0xCC, 0x80, 0x2B, 0xC9, 0x18, 0x75, 0xF1, 0xCD, 0x34, 0xC0, 0xA3, 0x3A, 0x39, 0x5C,
    0x02, 0xD6, 0x01, 0x44, 0xDD, 0xE2, 0x3E, 0x60, 0x1D, 0xA8, 0x8B, 0xCF, 0xE8, 0xAB, 0x6F, 0xA1,
    0x9B, 0x8E, 0xAA, 0xD6, 0x4D, 0xFD, 0x96, 0x67, 0xE7, 0xF0, 0x91, 0xE7, 0x7A, 0x8A, 0x32, 0x7A,
    0xCA, 0xE8, 0xBA, 0xB8, 0xCE, 0x07, 0x56, 0x4F, 0x88, 0x8F, 0x9F, 0x15, 0x83, 0xF4, 0x24, 0x95,
    0x5D, 0xCA, 0x26, 0x54, 0xDD, 0x75, 0x96, 0x0C, 0x5D, 0xDF, 0xBC, 0xCC, 0xB3, 0x43, 0xA3, 0xED,
    0x4C, 0xD2, 0x90, 0x95, 0x88, 0xEB, 0x4B, 0x10, 0x0F, 0x13, 0x4E, 0x98, 0x11, 0xAE, 0xAC, 0xA6,
    0x39, 0x23, 0x21, 0x88, 0xD5, 0x08, 0x2F, 0xA7, 0xBF, 0xE3, 0x9D, 0xB7, 0x32, 0xB4, 0x7B, 0x6E,
    0xD6, 0xF7, 0x22, 0x27, 0x1E, 0xD3, 0xAF, 0xF2, 0x6B, 0xA8, 0x3F, 0xE0, 0xC9, 0xC9, 0x94, 0x1D,
    0x50, 0xD6, 0xC1, 0x74, 0x11, 0x85, 0x38, 0xE0, 0x3C, 0x21, 0xE8, 0xFE, 0xA3, 0x26, 0xEE, 0xDD,
    0x28, 0x2E, 0x0E, 0x30, 0x07, 0xEB, 0x05, 0xB2, 0x4D, 0x1B, 0x5B, 0x36, 0x52, 0x39, 0xDB, 0x80,
    0xF5, 0xD9, 0x20, 0x54, 0xFF, 0x00, 0x84, 0x4E, 0x2F, 0x1F, 0x3B, 0x27, 0xA9, 0xBC, 0xB0, 0x76,
    0xDF, 0xBB, 0x7D, 0x6D, 0xD7, 0x17, 0xB0, 0xB4, 0xAE, 0x6D, 0x22, 0x87, 0xEA, 0xDD, 0xB0, 0x6E,
    0x81, 0x46, 0x3E, 0x61, 0x10, 0x37, 0xEE, 0x27, 0xC0, 0x0A, 0x9E, 0x8D, 0x87, 0xDB, 0x2C, 0x54,
    0x3E, 0x2C, 0x29, 0xF3, 0x78, 0x00, 0xC0, 0x13, 0xC2, 0x4C, 0xE0, 0xCB, 0x6C, 0x0E, 0x73, 0xF3,
    0x9E, 0x1B, 0x0C, 0x59, 0xB9, 0xF2, 0x5F, 0x03, 0xA6, 0x92, 0x65, 0xB9, 0x52, 0x31, 0xB7, 0x7E,
    0x2C, 0x8F, 0xAD, 0x93, 0xEA, 0x53, 0x0E, 0xD6, 0x37, 0xDB, 0x5B, 0x7A, 0x94, 0x49, 0x5F, 0xD6,
    0x20, 0x2A, 0xA3, 0x1E, 0x58, 0x5B, 0xC3, 0x43, 0x2D, 0x8A, 0xA1, 0x52, 0xDE, 0x51, 0xDF, 0x53,
    0x2A, 0xFD, 0x80, 0xEE, 0x17, 0x75, 0xFF, 0xE5, 0x6C, 0x76, 0x8E, 0x70, 0x20, 0x7D, 0x79, 0xBA,
    0xCD, 0xBD, 0xBB, 0xCC, 0x7B, 0xDE, 0xA0, 0x3F, 0xD6, 0xCD, 0xE4, 0x8B, 0x8C, 0xDA, 0x7D, 0x21,
    0x27, 0xCF, 0x21, 0x6B, 0x82, 0x2B, 0x3A, 0x03, 0x4B, 0x4D, 0xB8, 0x09, 0x72, 0x80, 0x9C, 0x20,
    0xFD, 0x83, 0xC4, 0x24, 0x83, 0xC4, 0xEA, 0xEB, 0x45, 0x67, 0x52, 0x4F, 0x29, 0xB3, 0x20, 0x99,
    0x95, 0x45, 0x62, 0x79, 0x54, 0xB8, 0xEC, 0x22, 0x26, 0x7F, 0xDD, 0x7E, 0x47, 0xAE, 0xC4, 0x19,
    0x1B, 0x9E, 0x00, 0x8B, 0x04, 0xF6, 0x25, 0x07, 0x46, 0xC4, 0x06, 0x1B, 0xC5, 0x24, 0x60, 0x44,
    0x6C, 0xB0, 0x46, 0x64, 0xA4, 0x0D, 0x61, 0x55, 0x1B, 0x89, 0x36, 0x2D, 0x79, 0xE7, 0xB3, 0xC7,
    0xD7, 0x6B, 0xF0, 0xCC, 0xB9, 0xBE, 0x49, 0x9F, 0x46, 0x82, 0x04, 0x46, 0x75, 0x0C, 0x58, 0x33,
    0x48, 0xF9, 0x46, 0x80, 0xB5, 0xE9, 0xCC, 0x48, 0xF2, 0xB1, 0xF9, 0x6F, 0xF8, 0xE6, 0x87, 0x98,
    0x6F, 0x20, 0x73, 0xF3, 0x5D, 0x44, 0x6C, 0xAE, 0xE2, 0x7A, 0x70, 0x56, 0xAD, 0x30, 0x4D, 0x35,
    0x51, 0xF1, 0x6B, 0xD5, 0x30, 0x6E, 0x08, 0x9C, 0xBC, 0x9C, 0x7D, 0x59, 0x0D, 0x35, 0xB6, 0xD5,
    0x2D, 0xCB, 0x63, 0xAA, 0x6E, 0x4E, 0x1D, 0x9E, 0xDF, 0xC2, 0x09, 0x4F, 0x5E, 0x87, 0x3B, 0xEF,
    0x25, 0x80, 0x25, 0x3A, 0xD0, 0x59, 0xFF, 0x6E, 0x7A, 0x32, 0x5D, 0x1C, 0x6F, 0x50, 0x19, 0x0C,
    0xBA, 0x13, 0x2B, 0xC0, 0xAF, 0x06, 0x46, 0x16, 0xD0, 0xC8, 0x2B, 0x74, 0x1D, 0xA3, 0x41, 0x60,
    0xFB, 0x4C, 0xCD, 0x70, 0x1B, 0xDD, 0x83, 0x11, 0x59, 0xB0, 0xD9, 0x63, 0x3F, 0xD3, 0x81, 0xC7,
    0xE0, 0xCE, 0x23, 0x79, 0x7E, 0xCC, 0x77, 0x2D, 0x33, 0x79, 0x73, 0x00, 0x53, 0xDD, 0xAE, 0xDE,
    0x2B, 0x55, 0x6F, 0x63, 0x60, 0x46, 0xF2, 0xF5, 0x27, 0x72, 0xC3, 0xB4, 0xE2, 0xE4, 0x35, 0xDA,
    0x30, 0x11, 0x9C, 0xB5, 0x41, 0xA8, 0xF4, 0x87, 0xDC, 0x6D, 0x1C, 0x02, 0xB1, 0x84, 0x5E, 0x2B,
    0x41, 0x64, 0xF2, 0x21, 0x09, 0x7D, 0xCE, 0x88, 0xF6, 0x55, 0x37, 0xDC, 0x18, 0xA2, 0xE6, 0xC6,
    0xFB, 0x06, 0xDE, 0x63, 0x63, 0xCA, 0x8B, 0xD8, 0x1F, 0xBF, 0x80, 0x1B, 0x99, 0x92, 0xF1, 0x75,
    0xF1, 0x77, 0x78, 0x58, 0x4D, 0xD7, 0x27, 0x59, 0x75, 0xB8, 0x25, 0x28, 0xED, 0x10, 0x28, 0x59,
    0x77, 0x12, 0x57, 0x71, 0x4A, 0xA7, 0xA2, 0x34, 0x79, 0x07, 0x55, 0xDF, 0x17, 0xF8, 0xBA, 0xCF,
    0x4B, 0x67, 0x17, 0x88, 0x43, 0x08, 0x64, 0x43, 0xDF, 0x26, 0x36, 0xC0, 0x04, 0x59, 0x2E, 0x88,
    0xAA, 0x89, 0x01, 0x42, 0xFF, 0xF2, 0x84, 0x6F, 0xD4, 0x02, 0x2A, 0x2C, 0xDF, 0x48, 0x80, 0x59,
    0xC2, 0xD1, 0xBC, 0xF5, 0xFB, 0xBF, 0xF1, 0xF8, 0xBD, 0xF4, 0x4A, 0xB6, 0x79, 0x7C, 0xB2, 0x3C,
    0xE9, 0xF8, 0x02, 0x2C, 0x34, 0x55, 0xA2, 0x69, 0x5F, 0xE7, 0xEA, 0x2E, 0xC6, 0xC4, 0x99, 0xED,
    0x35, 0x6B, 0x22, 0xCB, 0x43, 0x42, 0x56, 0xCA, 0x13, 0x09, 0xAA, 0x53, 0xDF, 0xC1, 0xFF, 0x27,
    0x64, 0x23, 0xFE, 0x6C, 0xF5, 0xE7, 0x09, 0x73, 0xB6, 0xFE, 0x81, 0x7C, 0xDC, 0x6D, 0xA6, 0xED,
    0xA1, 0xFE, 0x35, 0x55, 0xFD, 0x3D, 0x71, 0x32, 0x52, 0xCE, 0x6C, 0xBE, 0xCD, 0x32, 0xC1, 0x7B,
    0x72, 0xA9, 0x2E, 0x7C, 0xD3, 0x0E, 0xEA, 0xF8, 0xD5, 0x89, 0xD9, 0x73, 0xD1, 0x89, 0xA4, 0x78,
    0x4B, 0x7B, 0xA7, 0x6E, 0x05, 0x29, 0x79, 0x18, 0xB3, 0x8B, 0x62, 0xFF, 0x96, 0xA9, 0x73, 0x40,
    0x15, 0x37, 0x52, 0xB2, 0x28, 0x37, 0x53, 0xC9, 0x71, 0x02, 0x59, 0xD6, 0xF1, 0x69, 0x40, 0x9B,
    0x12, 0x6F, 0xEB, 0x38, 0x37, 0x64, 0xC7, 0x9B, 0x6B, 0xCC, 0x89, 0xB2, 0xC9, 0xE0, 0x65, 0x08,
    0x0F, 0xA0, 0x77, 0xFE, 0xEF, 0x8B, 0x7B, 0xDB, 0x64, 0xE1, 0x60, 0xC2, 0x61, 0xE0, 0x9E, 0x17,
    0x37, 0x9C, 0x33, 0xF8, 0xE8, 0x53, 0x58, 0xBD, 0x14, 0x18, 0x05, 0x5B, 0x70, 0xCA, 0x38, 0x44,
    0x11, 0x28, 0xD5, 0xA3, 0x55, 0x9A, 0xBA, 0x83, 0xEE, 0x17, 0x55, 0x79, 0x00, 0x78, 0x29, 0xE4,
    0xCE, 0x3C, 0xA0, 0xF9, 0x88, 0xCB, 0x1E, 0x62, 0x28, 0x74, 0x4C, 0x18, 0xA8, 0xC1, 0x38, 0x99,
    0xCF, 0x4A, 0xBC, 0x16, 0x73, 0xCA, 0x52, 0x53, 0x68, 0xF0, 0xD8, 0xB1, 0xFD, 0x12, 0x43, 0xBD,
    0x7C, 0x27, 0x0F, 0xCC, 0x06, 0xAF, 0x15, 0x74, 0x4C, 0x45, 0xE5, 0x88, 0x79, 0x33, 0x8C, 0x7F,
    0x16, 0x0E, 0xD6, 0x25, 0x82, 0x28, 0x1F, 0x6B, 0x3C, 0x01, 0x8B, 0xE8, 0x85, 0x99, 0x8F, 0xE5,
    0x48, 0xB2, 0x89, 0xF5, 0x8E, 0xA4, 0xDC, 0x48, 0x6E, 0xBD, 0xFD, 0x84, 0x39, 0x57, 0xFF, 0x73,
    0x98, 0x0B, 0x59, 0xCD, 0xBA, 0x77, 0xFE, 0xEF, 0x71, 0x6F, 0x2E, 0x18, 0xBE, 0xC4, 0xAC, 0xF7,
    0xC6, 0xD7, 0xDC, 0xFB, 0x08, 0x59, 0xF0, 0x3D, 0x35, 0x5E, 0xD5, 0x9A, 0x82, 0xF5, 0xE7, 0x36,
    0x75, 0x9D, 0xE2, 0xAC, 0x37, 0x56, 0x55, 0xBB, 0x06, 0xC0, 0x70, 0x6F, 0x40, 0xFD, 0x78, 0xFC,
    0xE5, 0xCF, 0x6B, 0xBC, 0x0A, 0x37, 0x18, 0xDE, 0xB1, 0x1E, 0xBB, 0x1B, 0x8E, 0xD7, 0x29, 0x7A,
    0xD7, 0x73, 0x7D, 0x6E, 0x2F, 0xF7, 0x8B, 0xF6, 0xF4, 0x74, 0x78, 0xCE, 0xEC, 0xAA, 0x00, 0x30,
    0xBF, 0xF6, 0x97, 0xFA, 0xF3, 0xF0, 0xC0, 0x82, 0xFD, 0xA3, 0x08, 0xD6, 0x32, 0x25, 0x83, 0xC6,
    0x6D, 0xCB, 0x6C, 0x01, 0x4A, 0x42, 0x92, 0x94, 0x98, 0xB8, 0xCA, 0x80, 0xBB, 0xF1, 0x3F, 0x07,
    0x25, 0xD5, 0x97, 0xA4, 0xE7, 0x16, 0xCD, 0x0B, 0x7B, 0x4A, 0x77, 0x88, 0x46, 0x67, 0x1B, 0xF7,
    0xC2, 0x2D, 0x24, 0x49, 0x79, 0xF4, 0x2F, 0xE3, 0x10, 0x35, 0x8A, 0x67, 0x17, 0x7C, 0x48, 0xD4,
    0x92, 0x9E, 0x08, 0xE0, 0xE0, 0xF3, 0x35, 0x03, 0xA4, 0x97, 0x1B, 0x27, 0x9A, 0x4B, 0x36, 0xC8,
    0x77, 0xF3, 0x6A, 0xD7, 0x54, 0x3B, 0x1B, 0x6D, 0x4E, 0xCB, 0xE5, 0xA2, 0x96, 0x58, 0x27, 0x7B,
    0xFB, 0x35, 0x13, 0xC2, 0xAB, 0xC1, 0x33, 0xAF, 0x1F, 0xA1, 0xB0, 0xC8, 0x49, 0xD6, 0xE9, 0xDE,
    0x7E, 0xEB, 0xBC, 0x1C, 0xAB, 0x61, 0x7E, 0x59, 0x85, 0xDB, 0xDB, 0x1F, 0x33, 0xEB, 0xFD, 0xCE,
    0x42, 0x65, 0x91, 0xFE, 0x00, 0xBD, 0xC7, 0x11, 0x2C, 0x51, 0xEF, 0x43, 0xD3, 0x0E, 0x4E, 0xE0,
    0x94, 0x1E, 0x7E, 0x14, 0xFF, 0x90, 0x85, 0xF0, 0x30, 0xCA, 0x8C, 0x76, 0xF3, 0xFF, 0x90, 0x63,
    0x7F, 0x7D, 0xC2, 0xA3, 0x6F, 0x48, 0x25, 0x6C, 0xCD, 0xF9, 0x8A, 0xDE, 0x2E, 0xC2, 0x7C, 0x90,
    0xE3, 0x8B, 0xE5, 0x84, 0x89, 0x61, 0xA4, 0xBD, 0x5C, 0x84, 0x72, 0xE1, 0x93, 0xBB, 0x3B, 0x8D,
    0x5C, 0x8A, 0xC5, 0xE8, 0x67, 0x60, 0xD5, 0xE8, 0x9D, 0xD5, 0x2C, 0x66, 0x54, 0xCE, 0xAA, 0x3D,
    0x60, 0xB9, 0x55, 0x2B, 0x81, 0x02, 0x1E, 0x59, 0x81, 0x2A, 0xCA, 0x51, 0xC9, 0x28, 0xFB, 0x75,
    0xA0, 0x6E, 0xFA, 0xCE, 0x41, 0xA1, 0x2C, 0x51, 0x5E, 0xEE, 0xE5, 0x55, 0x28, 0xBB, 0x38, 0xAB,
    0x40, 0x67, 0x07, 0x60, 0x9B, 0x0A, 0x3C, 0xD6, 0x61, 0x65, 0x0D, 0x8B, 0xE5, 0x25, 0xAE, 0xB5,
    0x36, 0xBA, 0x83, 0x1F, 0x4A, 0x9B, 0x30, 0x94, 0x4B, 0x3D, 0xC0, 0xCC, 0x69, 0x52, 0xA7, 0xB4,
    0x8F, 0x4B, 0x65, 0x50, 0x35, 0xC8, 0xCB, 0xB1, 0x54, 0xAF, 0xA5, 0xAB, 0x1C, 0x31, 0x54, 0xB9,
    0xFE, 0x72, 0x62, 0x6D, 0xF0, 0x17, 0x1E, 0x5B, 0x87, 0x2A, 0xA5, 0x3B, 0x0F, 0x6F, 0x1C, 0x1E,
    0x5B, 0xA8, 0xA6, 0x7F, 0x2E, 0xCE, 0x55, 0x88, 0xDC, 0x52, 0xFB, 0x48, 0xEE, 0x17, 0x8B, 0x25,
    0xE6, 0x0B, 0x0B, 0xE5, 0x95, 0xC5, 0x72, 0xBF, 0x98, 0x52, 0x98, 0xEB, 0x6E, 0x31, 0x25, 0x80,
    0x2B, 0x3E, 0xF5, 0x18, 0x71, 0x85, 0x03, 0x59, 0x3B, 0x0E, 0x23, 0xEB, 0x1F, 0xEF, 0x6C, 0xE5,
    0x6D, 0xB6, 0x79, 0x9E, 0xFB, 0xA0, 0x30, 0x73, 0xA6, 0x69, 0x40, 0x79, 0x8D, 0x18, 0xE2, 0x3F,
    0xB5, 0x88, 0x23, 0x6D, 0x7E, 0x09, 0x86, 0xBE, 0xEC, 0x18, 0xEF, 0xC1, 0x50, 0x84, 0x31, 0x32,
    0x96, 0x5E, 0x9E, 0xEC, 0x10, 0x0C, 0xCB, 0x7B, 0x32, 0x86, 0x7E, 0xEF, 0x55, 0xEE, 0xDD, 0x92,
    0x34, 0xCB, 0xA9, 0x95, 0x06, 0x28, 0x9B, 0x82, 0xA1, 0xF2, 0x85, 0x33, 0xBD, 0x0E, 0xA9, 0xF9,
    0xC7, 0x23, 0x54, 0xB9, 0x5A, 0x97, 0x90, 0x5A, 0x00, 0x2B, 0x1A, 0x7A, 0x0E, 0x30, 0x3E, 0x43,
    0x3C, 0xD5, 0x36, 0xD6, 0xE7, 0x42, 0xAC, 0xA6, 0xF6, 0x98, 0x4F, 0x79, 0xCC, 0xA9, 0x93, 0x5A,
    0x1E, 0xF3, 0xF7, 0x8B, 0xC7, 0xDC, 0x19, 0x27, 0xBE, 0xED, 0x31, 0xF7, 0x1B, 0x8F, 0x39, 0x95,
    0x19, 0x55, 0xFA, 0x49, 0x80, 0x2D, 0x48, 0xF3, 0x9C, 0x34, 0x6D, 0xDF, 0xD4, 0x57, 0xEB, 0xF6,
    0x3E, 0x7E, 0xE7, 0xBA, 0x3D, 0xE5, 0xE8, 0xCA, 0xB7, 0x0B, 0xFF, 0x01, 0x38, 0xC4, 0x6C, 0xBA,
    0x2A, 0x2B, 0x99, 0x08, 0xDF, 0x2A, 0x1A, 0x2D, 0xE4, 0xD2, 0xAA, 0x1A, 0x12, 0x46, 0x22, 0x48,
    0x4F, 0x72, 0x82, 0x1C, 0x62, 0xE7, 0xB0, 0xED, 0x03, 0x07, 0x39, 0xDB, 0x4A, 0xB9, 0xE7, 0x4F,
    0x5B, 0x1F, 0x02, 0x9C, 0xF2, 0xDF, 0x53, 0x01, 0xD6, 0xE8, 0x79, 0xAD, 0xE4, 0x33, 0xEB, 0x43,
    0xEC, 0x97, 0x39, 0xBA, 0x59, 0x8B, 0x78, 0xF0, 0x62, 0x00, 0x5E, 0x68, 0x45, 0x99, 0xDE, 0x17,
    0xAA, 0x4E, 0x96, 0x6D, 0xFA, 0x66, 0x98, 0xAB, 0xFD, 0x32, 0x11, 0xBD, 0x68, 0x83, 0x95, 0x89,
    0x0F, 0xB1, 0xD6, 0x42, 0xDD, 0x2D, 0x9A, 0x7A, 0xCD, 0x76, 0x93, 0x45, 0xF1, 0x61, 0xBB, 0x02,
    0x50, 0x53, 0x65, 0xFB, 0x85, 0x96, 0x87, 0x13, 0x65, 0x2E, 0xB6, 0xC9, 0x97, 0x0F, 0x94, 0xC9,
    0x77, 0xD8, 0x7D, 0x5F, 0x87, 0xAE, 0x73, 0xA4, 0xF0, 0xE9, 0x12, 0x20, 0xAF, 0x25, 0x30, 0xBF,
    0x59, 0x02, 0x47, 0xA3, 0x8C, 0x2E, 0x01, 0x27, 0xC7, 0x79, 0xB6, 0x4B, 0x40, 0xB8, 0x96, 0x40,
    0x15, 0xC3, 0x73, 0x09, 0xE0, 0xB6, 0x04, 0x84, 0xE3, 0x91, 0x01, 0x08, 0x7D, 0xEC, 0x5A, 0x02,
    0x8C, 0x70, 0xE5, 0x6B, 0x13, 0xAE, 0x7B, 0x16, 0x20, 0x49, 0x54, 0x27, 0xB5, 0x7E, 0xC6, 0x7A,
    0xCA, 0x6F, 0x1A, 0x93, 0x7F, 0x60, 0x36, 0xF7, 0xED, 0xA5, 0x18, 0x22, 0x6C, 0x92, 0x4F, 0x4B,
    0x31, 0x00, 0xE0, 0xE0, 0xE2, 0x59, 0xF1, 0xE8, 0xA0, 0x3D, 0xF9, 0xC3, 0x66, 0x3F, 0x0B, 0x2F,
    0x43, 0x2F, 0xC5, 0xE0, 0xE9, 0xFE, 0xAC, 0x9F, 0x06, 0xC2, 0xCD, 0x61, 0xED, 0x48, 0xE4, 0x09,
    0xB4, 0x21, 0x73, 0xF5, 0x1C, 0xCA, 0x94, 0xD1, 0x38, 0xA5, 0xC4, 0x97, 0xAC, 0x77, 0xB1, 0xFD,
    0x6B, 0x50, 0x11, 0xA8, 0x67, 0x69, 0xB3, 0x30, 0x58, 0x61, 0x4F, 0x5C, 0x24, 0x00, 0x1C, 0xD4,
    0xF1, 0x38, 0xB8, 0x3C, 0x8B, 0x03, 0x35, 0x49, 0x1C, 0xED, 0xE1, 0x5D, 0x65, 0xA8, 0x7E, 0xE6,
    0x9B, 0x1C, 0x80, 0x0B, 0xCE, 0x6F, 0x72, 0xF9, 0xEF, 0x6F, 0x72, 0xFF, 0x03, 0xDD, 0x5B, 0x5D,
    0x8A, 0xEB, 0xCC, 0x0E, 0x2C, 0xE8, 0xD7, 0x01, 0x6D, 0xE5, 0x2C, 0x20, 0xA0, 0xAD, 0x0B, 0x66,
    0x01, 0xB3, 0x15, 0xC1, 0xF7, 0x2A, 0xA8, 0x8B, 0x25, 0xD9, 0x1D, 0x4F, 0x32, 0xBF, 0xDC, 0x60,
    0x67, 0x1A, 0x53, 0x95, 0xE3, 0x76, 0x6C, 0xA9, 0xAA, 0xBB, 0x47, 0xB1, 0x7D, 0x00, 0x09, 0x2C,
    0x4D, 0xB9, 0x27, 0x5B, 0x28, 0xDE, 0x91, 0x03, 0x18, 0xAE, 0x57, 0x24, 0xAE, 0xB1, 0x90, 0xC9,
    0x15, 0xA9, 0x09, 0x17, 0x22, 0x57, 0x32, 0x80, 0x45, 0x01, 0xAC, 0xE4, 0x18, 0x4D, 0x9E, 0x44,
    0x42, 0x48, 0x90, 0x26, 0xA4, 0x35, 0xE1, 0x5D, 0x13, 0x4F, 0xD2, 0xB8, 0xA5, 0xEE, 0x63, 0x00,
    0xF9, 0x4D, 0x35, 0x75, 0xE8, 0x12, 0x12, 0x17, 0xC8, 0x4F, 0x95, 0xAF, 0x32, 0x20, 0x64, 0x40,
    0x63, 0xE9, 0xF5, 0x3E, 0xA4, 0xC1, 0x35, 0x32, 0x68, 0x57, 0xBE, 0xD2, 0x07, 0xC1, 0x9B, 0x00,
    0x34, 0x16, 0x60, 0x7F, 0xEA, 0x0B, 0xB7, 0x92, 0x24, 0x4A, 0x1F, 0x5B, 0x28, 0x92, 0xE0, 0x4C,
    0x1A, 0x44, 0x52, 0x14, 0x39, 0x66, 0x3B, 0xBD, 0x11, 0x1A, 0x9D, 0xDC, 0x70, 0x5A, 0xE5, 0x37,
    0x9C, 0x6B, 0x52, 0x32, 0x75, 0xC8, 0xF6, 0x40, 0x27, 0x14, 0xD9, 0x5A, 0xCA, 0x92, 0x44, 0x5A,
    0x2E, 0xBF, 0xEA, 0xC2, 0xBF, 0xA2, 0xE1, 0x77, 0xF4, 0x25, 0x2D, 0xA9, 0x35, 0x1C, 0xB1, 0x90,
    0xC1, 0x9F, 0xC8, 0x10, 0x5C, 0xD6, 0x5C, 0x65, 0x1B, 0x89, 0x19, 0x48, 0xC6, 0x6D, 0x9D, 0x7A,
    0xE7, 0x31, 0xDD, 0x8B, 0x34, 0x4E, 0x1C, 0x62, 0xC3, 0x1F, 0x6F, 0x57, 0xBB, 0xA5, 0x96, 0xC4,
    0xDD, 0xF4, 0x1D, 0xDC, 0x75, 0x8E, 0xBF, 0x6C, 0xD7, 0x74, 0x0B, 0xB4, 0x05, 0x56, 0x6B, 0x7A,
    0xE7, 0x38, 0x87, 0x5D, 0x73, 0x42, 0xF9, 0x42, 0x3A, 0xE2, 0x9A, 0xA4, 0xED, 0xF3, 0xB9, 0xC2,
    0x49, 0xE8, 0xAD, 0xDE, 0xEC, 0xC5, 0xEF, 0x29, 0xA7, 0xD5, 0xA8, 0x93, 0x38, 0x10, 0xE2, 0x00,
    0x17, 0xB8, 0xE4, 0xC5, 0xD9, 0x4B, 0x9E, 0x44, 0x1C, 0x39, 0xA3, 0x2C, 0x17, 0x36, 0x32, 0xC5,
    0x25, 0xFD, 0x8A, 0xAC, 0x94, 0xC3, 0xDF, 0x5E, 0xF9, 0x68, 0x97, 0xCA, 0x38, 0x21, 0x77, 0x0D,
    0x54, 0x94, 0x27, 0x98, 0x45, 0x07, 0x08, 0x7F, 0xDA, 0x62, 0xEC, 0xE7, 0x5E, 0x1C, 0x51, 0xB9,
    0x41, 0xF6, 0x7F, 0xA4, 0x92, 0x46, 0xD2, 0x66, 0x89, 0xCD, 0x92, 0xA2, 0x5C, 0x9B, 0xE4, 0x63,
    0x9B, 0x82, 0xD3, 0x66, 0xE5, 0x74, 0xF4, 0x79, 0xFC, 0x95, 0xCA, 0xBF, 0xB3, 0x17, 0xAE, 0x8B,
    0x3D, 0x67, 0xF2, 0x79, 0x69, 0xB4, 0x7B, 0xC3, 0xC5, 0x30, 0xFA, 0x9A, 0x7D, 0xF0, 0xC3, 0x1D,
    0x6D, 0x49, 0xD9, 0xB4, 0xAB, 0x2C, 0x64, 0xDF, 0xF9, 0xF2, 0xA7, 0xED, 0xAA, 0x3C, 0x12, 0xAC,
    0x25, 0xE8, 0xE9, 0x97, 0xF0, 0x72, 0x0E, 0xBB, 0x7E, 0xF1, 0xBB, 0xE8, 0x4F, 0xBB, 0xA6, 0x9E,
    0x79, 0x00, 0xC3, 0x13, 0xB4, 0x3E, 0x75, 0xFA, 0xE2, 0x09, 0x87, 0xBB, 0xC6, 0x8F, 0xAB, 0x0C,
    0x59, 0xE7, 0x1C, 0xFE, 0xB4, 0x4F, 0x84, 0xCD, 0x02, 0xA3, 0xA1, 0x07, 0xEA, 0x09, 0x26, 0xD6,
    0x01, 0xC2, 0x9F, 0xB5, 0xCA, 0x38, 0xD6, 0x86, 0xAF, 0x0B, 0x8C, 0xD4, 0x61, 0x82, 0x10, 0xEA,
    0x42, 0xC8, 0x02, 0x23, 0xA1, 0xD4, 0x13, 0xC2, 0x21, 0x1C, 0x0B, 0x70, 0x0F, 0xC3, 0xB7, 0xDE,
    0x3C, 0x0E, 0x21, 0xC4, 0x48, 0xA8, 0x53, 0x91, 0xE4, 0x15, 0x60, 0xB6, 0x91, 0x61, 0x30, 0xC1,
    0x16, 0xD8, 0xED, 0xEB, 0x2A, 0x3A, 0x20, 0x31, 0x08, 0xF5, 0x15, 0x48, 0xEE, 0xC0, 0xAF, 0xFE,
    0xBE, 0x0C, 0x28, 0xA1, 0xE5, 0x72, 0x6A, 0x35, 0x48, 0xEF, 0xA4, 0xEF, 0x5F, 0xB7, 0xA1, 0xF7,
    0x2D, 0x50, 0x23, 0x43, 0x77, 0x00, 0x5A, 0x1F, 0x92, 0x00, 0x1C, 0x22, 0xDD, 0x4D, 0x7C, 0xE2,
    0xBB, 0xF8, 0x3A, 0x8F, 0xD9, 0x1E, 0xA4, 0xA4, 0xFA, 0xA5, 0x97, 0xDF, 0xD9, 0xD1, 0x3F, 0xEF,
    0x0E, 0x14, 0x47, 0xED, 0xDF, 0x0C, 0x68, 0x1F, 0xD5, 0xE3, 0x25, 0x81, 0x2C, 0x30, 0xAD, 0xA0,
    0xAD, 0xF3, 0x6D, 0x96, 0xA7, 0x81, 0xF6, 0x48, 0xB8, 0xAE, 0x6A, 0x7C, 0xF3, 0xBE, 0x17, 0x61,
    0xF8, 0x77, 0x98, 0x74, 0x77, 0xA3, 0x97, 0x7D, 0xF4, 0x23, 0x12, 0xF6, 0xD1, 0x4B, 0x46, 0x9F,
    0x6B, 0x66, 0x3C, 0x5C, 0xE2, 0x19, 0xA3, 0xD6, 0xD1, 0x2D, 0x67, 0xEF, 0x84, 0x9D, 0x5A, 0xE2,
    0xAF, 0xA3, 0x3F, 0x5E, 0xE2, 0xB6, 0x5F, 0x18, 0x80, 0x8E, 0x05, 0x5E, 0x03, 0x90, 0x05, 0x20,
    0x0E, 0xB8, 0x5A, 0x96, 0xC7, 0xD7, 0xF1, 0x71, 0x55, 0xD7, 0x8F, 0x54, 0x77, 0x0D, 0xDC, 0x77,
    0x81, 0xD7, 0x10, 0xF6, 0x8C, 0x79, 0x81, 0xE3, 0x84, 0x55, 0x97, 0xDB, 0x15, 0x33, 0x8D, 0x3F,
    0xF7, 0xCA, 0xF0, 0x45, 0xE0, 0xC7, 0x8F, 0xD8, 0x13, 0x4B, 0xF7, 0x75, 0x9D, 0x73, 0x06, 0xFD,
    0xBE, 0x2C, 0x8A, 0x06, 0xA1, 0x74, 0x15, 0xA7, 0xF8, 0x45, 0x1C, 0x6A, 0x20, 0x40, 0x64, 0xBC,
    0x51, 0xDB, 0xA0, 0xFD, 0x74, 0xDB, 0xBE, 0x2B, 0x84, 0xD2, 0x42, 0x2C, 0xC4, 0x43, 0x0D, 0x4B,
    0xEF, 0xAC, 0x62, 0x94, 0x56, 0xDB, 0xA0, 0xE1, 0xD3, 0x4D, 0xE8, 0x75, 0x42, 0xD2, 0x6B, 0x13,
    0xE2, 0xA7, 0xDB, 0xF6, 0xDD, 0x55, 0x93, 0xD9, 0x35, 0xE2, 0xFD, 0x3F, 0xB7, 0x46, 0xE6, 0x56,
    0xFB, 0x3F, 0xDD, 0x94, 0xF6, 0xC9, 0xF9, 0x01, 0x96, 0xF4, 0xEC, 0xD2, 0x1C, 0x83, 0x26, 0xCB,
    0x86, 0x91, 0xF5, 0x7E, 0x95, 0xF9, 0xD0, 0x68, 0xF4, 0x89, 0xBC, 0x41, 0xBD, 0xC6, 0xD8, 0xB0,
    0xCF, 0x23, 0x04, 0xDA, 0x8B, 0xBC, 0xD6, 0xD2, 0x55, 0x71, 0x31, 0xEE, 0xFF, 0xCC, 0xD1, 0x78,
    0x8F, 0xE2, 0xEB, 0x90, 0xCE, 0x11, 0x49, 0x32, 0x87, 0xA5, 0xA9, 0x83, 0x9E, 0x40, 0x87, 0xDE,
    0x05, 0x4D, 0x08, 0xD0, 0x95, 0x99, 0x24, 0x89, 0xD1, 0x51, 0x18, 0xBE, 0x9C, 0x3B, 0xF3, 0x51,
    0x0F, 0xB9, 0xA0, 0x2F, 0x28, 0x89, 0xC3, 0x88, 0x85, 0x3A, 0xC2, 0xC6, 0x6E, 0x27, 0x52, 0x78,
    0xF4, 0x8C, 0xBF, 0xFB, 0x2C, 0xA7, 0x27, 0xD8, 0xCE, 0x89, 0x47, 0x29, 0x7D, 0x99, 0x77, 0x25,
    0x85, 0xD3, 0x5C, 0xFA, 0x8C, 0xC0, 0x12, 0x87, 0xBD, 0x1F, 0x0C, 0x2C, 0x37, 0xD2, 0x18, 0x5F,
    0x3A, 0x06, 0x60, 0xE7, 0x93, 0x1A, 0x62, 0x1F, 0x94, 0xB7, 0xD6, 0xF7, 0x22, 0x6F, 0xFF, 0x0E,
    0x5B, 0xEB, 0xA3, 0x6F, 0x0E, 0xC4, 0x08, 0x0C, 0xC7, 0xE5, 0xE1, 0x6E, 0xB4, 0xDE, 0x2C, 0xB4,
    0xE9, 0x83, 0x5C, 0x77, 0xBC, 0x3C, 0xB1, 0x1B, 0xBB, 0x3A, 0xBE, 0xE7, 0x76, 0x5B, 0x52, 0x36,
    0xC1, 0xCE, 0xE2, 0xC6, 0xAC, 0xD0, 0xE9, 0xE8, 0x69, 0x0A, 0x26, 0xE6, 0x44, 0xED, 0xD1, 0x64,
    0x4C, 0x1F, 0xE2, 0x9D, 0x0F, 0x9C, 0x3E, 0xC8, 0x09, 0x7D, 0xD8, 0x15, 0xFB, 0xF2, 0x7A, 0x5B,
    0xEC, 0x67, 0xCD, 0x4C, 0xB5, 0xE3, 0xD4, 0xA7, 0x79, 0xEA, 0xB8, 0xA1, 0x30, 0x05, 0x2F, 0x53,
    0xF0, 0xDC, 0x6B, 0x92, 0xFA, 0x4B, 0xEE, 0x48, 0xDD, 0x3A, 0x6D, 0x53, 0x3F, 0xC9, 0xD8, 0x3F,
    0x40, 0xD9, 0x03, 0x4A, 0x97, 0xE3, 0x55, 0xFE, 0xBA, 0xCE, 0xB9, 0x7D, 0xAB, 0x0C, 0x9F, 0xBD,
    0x55, 0xD6, 0x5F, 0x49, 0xA1, 0xBA, 0xB2, 0x4C, 0xC1, 0x48, 0x72, 0xB0, 0x3C, 0xB9, 0x94, 0x29,
    0x91, 0x07, 0xFD, 0x57, 0xB6, 0xD0, 0x92, 0x02, 0xEA, 0xD7, 0xC4, 0x4F, 0x48, 0x9B, 0x62, 0x92,
    0xA3, 0x1C, 0x42, 0x59, 0x84, 0xF6, 0xA8, 0x4D, 0x5A, 0x5D, 0x02, 0x79, 0x3B, 0x77, 0x13, 0x69,
    0x89, 0x50, 0xC3, 0x88, 0x44, 0x43, 0x7F, 0x65, 0x3D, 0x4A, 0x68, 0xC3, 0x41, 0x86, 0xA4, 0x98,
    0x6A, 0x8B, 0x13, 0x44, 0xBA, 0x90, 0x38, 0x3F, 0xDC, 0xC7, 0xDE, 0x02, 0x5C, 0x70, 0xD0, 0xCA,
    0xD0, 0x76, 0x65, 0xB5, 0xC5, 0xDB, 0x94, 0x22, 0x36, 0x59, 0xB2, 0xEE, 0x3A, 0xF1, 0xF2, 0x4C,
    0xA2, 0x4B, 0x65, 0x60, 0x89, 0x3E, 0xB1, 0xE4, 0x06, 0x13, 0xE5, 0x20, 0xD1, 0x3B, 0x94, 0x8E,
    0xD4, 0x8A, 0x3C, 0x69, 0xBC, 0xB2, 0x35, 0x2E, 0xF2, 0x22, 0x7B, 0x2A, 0xED, 0x13, 0x95, 0xF6,
    0x51, 0x31, 0x31, 0x1D, 0x88, 0x83, 0x1C, 0x20, 0xEC, 0xEA, 0x61, 0x2A, 0x69, 0x93, 0x2E, 0x83,
    0xE8, 0xF6, 0x44, 0x9A, 0xAB, 0x4B, 0x7E, 0x8E, 0xC6, 0xCC, 0x4D, 0x0D, 0xA6, 0xA9, 0x36, 0x0E,
    0xD2, 0xF9, 0xB9, 0x44, 0xFC, 0xE9, 0x53, 0xCF, 0xB9, 0xC4, 0x1C, 0xAC, 0x31, 0x76, 0x5A, 0x0B,
    0x0B, 0x2D, 0x71, 0xDB, 0x4F, 0x06, 0xC8, 0x42, 0xA1, 0xE5, 0x19, 0x01, 0xB1, 0xFF, 0x1F, 0x1A,
    0x74, 0x43, 0x07, 0xBB, 0x40, 0x82, 0x66, 0xB8, 0x52, 0x52, 0x93, 0x3F, 0x29, 0x5D, 0x18, 0x83,
    0x3E, 0x41, 0x02, 0xFA, 0x4D, 0xA0, 0x0B, 0x13, 0xC8, 0x18, 0x35, 0xD6, 0xA8, 0x5C, 0xFA, 0x76,
    0x01, 0x6C, 0x3F, 0xCA, 0x26, 0x80, 0x73, 0x01, 0x66, 0xEE, 0x0D, 0xDD, 0x10, 0x9E, 0x88, 0x29,
    0x6B, 0x23, 0xCE, 0xA5, 0xF0, 0xDD, 0x37, 0x68, 0x17, 0x80, 0xDE, 0xBF, 0xEB, 0xF2, 0x28, 0xA5,
    0xC7, 0xAE, 0x96, 0xA0, 0xDF, 0xFE, 0x8F, 0x01, 0xB1, 0xA4, 0x97, 0x2D, 0xA2, 0x51, 0x12, 0xBE,
    0xBE, 0x23, 0xA5, 0x83, 0xA6, 0x25, 0x45, 0x53, 0x24, 0xD1, 0x8B, 0x5A, 0x26, 0xFC, 0x82, 0x6C,
    0x25, 0x5D, 0xC8, 0x41, 0x5B, 0xB5, 0x6D, 0x71, 0x21, 0xEF, 0x8A, 0x3A, 0x4F, 0x92, 0x1D, 0x69,
    0x11, 0x0D, 0x91, 0xE3, 0x62, 0x30, 0x0F, 0xEC, 0x7C, 0x9B, 0x40, 0x2B, 0x89, 0x91, 0xA4, 0x49,
    0xFF, 0x05, 0x24, 0xD2, 0xB0, 0x24, 0x24, 0xF9, 0x77, 0x89, 0x0B, 0x71, 0x14, 0xAD, 0xCB, 0x3F,
    0x99, 0x94, 0x2A, 0xB7, 0x19, 0x6B, 0xA5, 0xCF, 0xA6, 0xB9, 0xC0, 0x4D, 0x3B, 0xA0, 0x45, 0xE3,
    0x99, 0xEC, 0x90, 0x0E, 0x7D, 0x37, 0xD8, 0xA4, 0xE3, 0x8F, 0xCA, 0x84, 0xFD, 0x13, 0xC8, 0xCE,
    0x63, 0x47, 0x47, 0xC8, 0x8A, 0x24, 0x76, 0xEF, 0xE5, 0x35, 0x81, 0x9D, 0x44, 0xD3, 0x33, 0xB9,
    0x32, 0x12, 0xA1, 0xF4, 0x24, 0x49, 0x62, 0x91, 0x16, 0x41, 0x6D, 0x9A, 0x93, 0x74, 0x0E, 0x73,
    0x92, 0x3F, 0x7C, 0xFD, 0x6E, 0xBE, 0x6F, 0xF1, 0x54, 0x93, 0xC4, 0x5F, 0x50, 0x7D, 0x33, 0xAF,
    0xA4, 0xC0, 0x30, 0xF5, 0x76, 0xEB, 0x3C, 0x06, 0x3C, 0x93, 0xBA, 0x37, 0x4D, 0x76, 0x8B, 0xAA,
    0x16, 0x49, 0x53, 0xEC, 0xD3, 0x3B, 0xA5, 0xF2, 0xB3, 0xED, 0xA3, 0x9B, 0x34, 0xFB, 0x70, 0xB9,
    0xB9, 0x91, 0xAF, 0x71, 0x9D, 0x7E, 0x7D, 0x07, 0xDD, 0xD6, 0x42, 0x61, 0x62, 0xCB, 0x5D, 0x6A,
    0xD3, 0xA1, 0x79, 0x82, 0xCC, 0x6F, 0x44, 0x06, 0xED, 0xC0, 0xE0, 0x5B, 0xA1, 0x6D, 0x6B, 0xA6,
    0xF2, 0xEA, 0x5A, 0x5F, 0xE3, 0x20, 0x2D, 0xD1, 0x37, 0xF4, 0x9C, 0x18, 0xF3, 0x80, 0x2D, 0x29,
    0x31, 0x64, 0xF7, 0x6C, 0x4A, 0x57, 0x26, 0x90, 0x46, 0x0E, 0x62, 0xF8, 0x60, 0xC5, 0x5D, 0x00,
    0xD0, 0x15, 0xD0, 0x84, 0x08, 0x40, 0x12, 0xEA, 0x72, 0xBE, 0xAA, 0x36, 0x41, 0xFB, 0x6A, 0x8A,
    0xF5, 0xBE, 0x34, 0x5F, 0xD7, 0x6A, 0x4D, 0x69, 0x19, 0xD4, 0x89, 0xE4, 0xFA, 0x41, 0xE1, 0xFE,
    0x68, 0xAD, 0x2C, 0xC4, 0xF9, 0xEA, 0xEA, 0x7C, 0x73, 0x86, 0xD2, 0xB2, 0x14, 0x15, 0xEB, 0x21,
    0xD7, 0xF9, 0x86, 0x26, 0x8A, 0x6F, 0x9F, 0x41, 0xBB, 0x2D, 0xDC, 0x4F, 0xA5, 0xF0, 0xFE, 0x61,
    0xC5, 0x04, 0x74, 0xF5, 0xDE, 0x70, 0xF8, 0xA8, 0x04, 0xD4, 0x2F, 0xB7, 0xF7, 0x1C, 0x76, 0x7F,
    0x1C, 0xCF, 0x37, 0xDD, 0x63, 0xAC, 0xEF, 0x1F, 0x93, 0x28, 0xB8, 0x74, 0x3A, 0x27, 0xD0, 0xF4,
    0x7F, 0x95, 0x91, 0x51, 0x8A, 0xDC, 0x40, 0x0C, 0x44, 0x1F, 0xF4, 0x6F, 0x40, 0x57, 0x99, 0x03,
    0x18, 0x74, 0x75, 0xC1, 0x1C, 0x60, 0xAF, 0x22, 0xD8, 0x5F, 0x41, 0xA5, 0x1B, 0xD9, 0x8D, 0x9D,
    0x4C, 0x16, 0xB2, 0xAD, 0xB2, 0xCA, 0xD2, 0x93, 0x9A, 0x1D, 0x03, 0x20, 0xC5, 0x2D, 0x7E, 0xFE,
    0x8B, 0xFF, 0x32, 0xC4, 0x48, 0x0B, 0xE7, 0x40, 0xA1, 0x5C, 0xC7, 0xC3, 0x2F, 0x97, 0xDD, 0x13,
    0x2F, 0x9E, 0x35, 0x8B, 0x55, 0x23, 0x06, 0xFD, 0xE6, 0x38, 0xC5, 0x31, 0xA5, 0x98, 0xE7, 0x7B,
    0x2A, 0x5B, 0x1E, 0xCE, 0xD2, 0xF4, 0xBB, 0xEE, 0x53, 0x3D, 0xD7, 0x93, 0xA2, 0x78, 0xCD, 0xB3,
    0xB9, 0x56, 0x6E, 0xAE, 0xC9, 0xCD, 0xE1, 0x01, 0x9A, 0xF2, 0x4B, 0x90, 0x36, 0x52, 0xD2, 0x56,
    0xCD, 0xF7, 0xDD, 0xD7, 0xDF, 0xFC, 0x96, 0xFD, 0xA0, 0x7F, 0xDD, 0xF3, 0xF5, 0xE7, 0x3D, 0xCD,
    0x7E, 0xE2, 0x67, 0x3F, 0x2E, 0x76, 0xCD, 0xE5, 0x27, 0x7E, 0xCA, 0x0A, 0xD7, 0xE3, 0x3B, 0xBB,
    0x56, 0xD1, 0x12, 0x31, 0xCA, 0x6B, 0x28, 0x4C, 0xEA, 0xE4, 0x8F, 0xD4, 0xC8, 0xF2, 0x8B, 0x06,
    0x30, 0xF5, 0xFF, 0x0E, 0xF8, 0xBB, 0x50, 0x5B, 0x0D, 0x21, 0x2E, 0x3B, 0x6E, 0xB6, 0xB6, 0xB5,
    0xBC, 0x6C, 0x79, 0x72, 0x6D, 0xF0, 0x38, 0xAD, 0x52, 0xA7, 0x1D, 0x7A, 0x6B, 0x28, 0x51, 0x01,
    0x13, 0x56, 0x99, 0x04, 0x58, 0xF9, 0x5B, 0xB6, 0x30, 0x2C, 0x27, 0xE3, 0xB9, 0x86, 0x3D, 0xC5,
    0x69, 0x15, 0xDB, 0x8A, 0x0B, 0x18, 0x5A, 0xD7, 0x58, 0x0A, 0x46, 0xE1, 0xAA, 0x21, 0x81, 0x15,
    0x43, 0x81, 0x12, 0xEF, 0x31, 0x8A, 0x22, 0x49, 0x02, 0x5F, 0x9F, 0xA1, 0x64, 0x39, 0xA3, 0x2C,
    0x66, 0xA4, 0x31, 0x23, 0x7E, 0x81, 0x81, 0x07, 0x62, 0x14, 0x56, 0x78, 0xA2, 0xE0, 0xDC, 0x93,
    0xBD, 0x14, 0x1C, 0x2C, 0x18, 0xBC, 0x40, 0x0B, 0xDF, 0xAD, 0x8E, 0x18, 0xE7, 0xAF, 0xDF, 0x9B,
    0x28, 0x16, 0x09, 0x1C, 0x00, 0xA0, 0x4E, 0xD5, 0xCF, 0x63, 0x55, 0xD1, 0x21, 0x56, 0xD2, 0x4A,
    0x6B, 0xC7, 0x2D, 0x49, 0x75, 0x43, 0xAA, 0x8E, 0x3D, 0x7E, 0x25, 0x6F, 0xF3, 0x48, 0x87, 0x1B,
    0x59, 0xA5, 0x43, 0xEF, 0xFA, 0x2E, 0xFF, 0x12, 0x52, 0x0D, 0x25, 0x26, 0xCE, 0x34, 0x8B, 0x43,
    0x9A, 0x88, 0x8F, 0x89, 0xF4, 0xC0, 0x81, 0xC3, 0x38, 0xB7, 0x24, 0x80, 0x27, 0xE0, 0x01, 0x08,
    0x18, 0xA2, 0xFB, 0x58, 0xF6, 0xE3, 0x6A, 0x6E, 0xA2, 0x1E, 0xC4, 0x73, 0xFC, 0x23, 0x11, 0x0F,
    0xE2, 0x37, 0xA4, 0x91, 0xD1, 0xC9, 0xDE, 0x40, 0x0C, 0x04, 0x17, 0x54, 0x80, 0x5A, 0x71, 0x01,
    0x81, 0x6D, 0xFD, 0xC0, 0x05, 0xA4, 0x15, 0xC1, 0xF7, 0x2A, 0x98, 0x9C, 0xCE, 0x86, 0x90, 0x84,
    0xFC, 0x2F, 0x3F, 0x9A, 0x31, 0x77, 0xB6, 0x58, 0x81, 0x2C, 0x4A, 0x09, 0xF2, 0x87, 0xE5, 0x5D,
    0x2C, 0x17, 0xFA, 0xCB, 0x75, 0x7C, 0xAA, 0x50, 0xD2, 0x12, 0x25, 0x05, 0x52, 0x6E, 0xFD, 0x0A,
    0x8A, 0xCF, 0xF6, 0x46, 0xB9, 0x75, 0xA0, 0x1F, 0x5B, 0xA0, 0xBC, 0x3D, 0xFD, 0xAF, 0x09, 0x49,
    0x0F, 0x4B, 0x03, 0x35, 0xE7, 0xE4, 0x7C, 0x1F, 0xAE, 0x80, 0x9F, 0x6D, 0x3A, 0x58, 0xA2, 0x02,
    0xB2, 0xEC, 0x85, 0x25, 0x5C, 0xD0, 0xDC, 0xA0, 0xDF, 0xF8, 0x26, 0x4F, 0xB3, 0x61, 0x90, 0x5B,
    0xDD, 0xD1, 0xCA, 0x9A, 0x01, 0x7E, 0x90, 0xF8, 0x83, 0xA0, 0x4C, 0xFB, 0x8D, 0x6A, 0x57, 0x9B,
    0x15, 0xB4, 0x81, 0xA0, 0x35, 0x70, 0x63, 0x3A, 0x59, 0x27, 0xBC, 0xB8, 0x1B, 0x6D, 0x18, 0x02,
    0xC0, 0xFD, 0xC4, 0xF5, 0x15, 0x4D, 0x36, 0x54, 0xCE, 0x2D, 0x2A, 0x2A, 0xDF, 0xB5, 0x21, 0xDE,
    0x7A, 0xEE, 0xB9, 0xB2, 0xA2, 0xD4, 0xBA, 0xE6, 0x61, 0x3D, 0x6F, 0xFE, 0xA9, 0xE9, 0x95, 0xA7,
    0x4D, 0x14, 0x8B, 0x13, 0x9D, 0xF5, 0x45, 0x35, 0x98, 0xF1, 0x3B, 0x3F, 0xD6, 0x2D, 0x0E, 0xF1,
    0x7F, 0xB2, 0x05, 0xB5, 0xC9, 0xB3, 0x95, 0xCE, 0xEE, 0x18, 0xAE, 0x67, 0xE5, 0xDE, 0xE8, 0x1C,
    0xED, 0x65, 0x00, 0x7A, 0xF3, 0xAE, 0x30, 0x9B, 0x18, 0xB4, 0x61, 0x6D, 0xE2, 0x1D, 0xC6, 0x15,
    0x40, 0xFB, 0xC4, 0xFE, 0x1A, 0x1D, 0xD3, 0xD7, 0x68, 0xFA, 0x02, 0x00, 0x95, 0xD6, 0x41, 0x6A,
    0x6C, 0x31, 0x0E, 0x85, 0xE1, 0x03, 0x9A, 0x3E, 0xD0, 0x86, 0x1A, 0xB4, 0x75, 0x41, 0x16, 0xF0,
    0xB6, 0x22, 0xC8, 0x54, 0xF0, 0xB7, 0x65, 0x9B, 0xBA, 0x95, 0x24, 0x3C, 0xBA, 0x6B, 0xF0, 0x1D,
    0xC9, 0xC6, 0x2E, 0x57, 0xCA, 0x37, 0x89, 0xAC, 0x5A, 0x97, 0xCF, 0xBA, 0x04, 0x55, 0x02, 0xCA,
    0x06, 0x47, 0x51, 0xDE, 0xF2, 0x8A, 0x96, 0x55, 0x94, 0xD4, 0x2C, 0xF4, 0x3F, 0x10, 0x9B, 0x96,
    0xCE, 0x5A, 0x67, 0x93, 0x71, 0x76, 0xD6, 0x26, 0xF8, 0x28, 0x75, 0x48, 0x0F, 0x0E, 0xF4, 0x0B,
    0x44, 0xD9, 0xA0, 0x4D, 0x0C, 0xFF, 0x19, 0xB4, 0xF0, 0x21, 0x16, 0xF0, 0x85, 0xD2, 0x21, 0x80,
    0x03, 0x5F, 0x27, 0x8C, 0x96, 0x1C, 0xF2, 0xB0, 0x2C, 0x09, 0x5A, 0x06, 0xC8, 0x11, 0xE9, 0xAD,
    0x4B, 0x2C, 0xB4, 0x90, 0x7C, 0x78, 0x0E, 0x6F, 0xA4, 0x0E, 0xCF, 0xD8, 0x7D, 0x8F, 0xDC, 0x58,
    0x09, 0x79, 0xD9, 0xE0, 0x40, 0x05, 0x90, 0x97, 0x54, 0x4C, 0xD4, 0x84, 0xD3, 0x72, 0xF6, 0xB1,
    0xAC, 0x65, 0xF0, 0x35, 0x72, 0x05, 0x4D, 0x19, 0xF5, 0x8A, 0xE8, 0x15, 0x36, 0x31, 0x6B, 0x9C,
    0x15, 0xB4, 0xB1, 0xE7, 0x8C, 0x8F, 0x09, 0xF1, 0x49, 0xD9, 0xC4, 0xDE, 0x36, 0xD8, 0xE1, 0x5F,
    0xC2, 0x9E, 0x77, 0x0E, 0x52, 0x37, 0xA2, 0xEF, 0xA7, 0x71, 0xED, 0x17, 0xC0, 0xF2, 0x69, 0x52,
    0xB7, 0x71, 0x44, 0xBD, 0x35, 0xF1, 0xA5, 0x69, 0x7B, 0x6F, 0x80, 0x34, 0xFC, 0x69, 0x02, 0x9E,
    0x86, 0xDB, 0x94, 0x21, 0x43, 0xBB, 0x61, 0x37, 0xAD, 0x59, 0x63, 0xE4, 0x99, 0x51, 0x3A, 0xDC,
    0xE6, 0x7C, 0x8D, 0xBD, 0x87, 0xA1, 0xA6, 0xC9, 0xDD, 0xDC, 0xAD, 0xB5, 0x1B, 0x83, 0xBC, 0xCD,
    0xF0, 0x34, 0x56, 0x8A, 0xDB, 0x90, 0x1F, 0xFD, 0x34, 0x7C, 0x20, 0x32, 0xC8, 0xDD, 0x7C, 0x02,
    0x82, 0x96, 0x34, 0x33, 0xF4, 0x6D, 0xA2, 0xED, 0x93, 0x14, 0x94, 0x48, 0x03, 0x28, 0xA3, 0x5E,
    0x85, 0x28, 0x47, 0x53, 0x44, 0xDA, 0x2D, 0x96, 0x72, 0x7A, 0x17, 0x79, 0x0A, 0x48, 0xFF, 0xDB,
    0xA2, 0xDF, 0x8B, 0x70, 0xC4, 0xBE, 0x7D, 0x86, 0x5A, 0xA2, 0x4E, 0xC1, 0x2E, 0x3E, 0x68, 0xA8,
    0x7E, 0x15, 0x9A, 0x42, 0xD1, 0x53, 0x94, 0x4E, 0xF1, 0x59, 0xE7, 0x5E, 0xBF, 0x2E, 0x78, 0xFC,
    0x5E, 0xD8, 0x22, 0xD0, 0x29, 0x1C, 0xE9, 0xC7, 0x93, 0x0C, 0x1C, 0x6C, 0x78, 0x26, 0xE2, 0xF9,
    0x2D, 0x31, 0xB4, 0xA8, 0xD8, 0xD4, 0x82, 0x7F, 0x12, 0x9B, 0xB6, 0xB3, 0x76, 0x25, 0x81, 0xA8,
    0xC5, 0xF3, 0x82, 0x7E, 0x47, 0x81, 0xEB, 0x1E, 0xC1, 0xE1, 0xDE, 0xD2, 0xDC, 0x07, 0xC9, 0x29,
    0x3C, 0x6D, 0x29, 0x05, 0xF4, 0x55, 0x6C, 0x0D, 0x69, 0xD7, 0xF5, 0x55, 0x23, 0x75, 0xFC, 0x23,
    0x51, 0xF2, 0xBB, 0x9B, 0x02, 0x31, 0xB2, 0xF4, 0xAD, 0xC1, 0x5F, 0x49, 0xD1, 0x2E, 0x07, 0x41,
    0xDE, 0x38, 0x4F, 0xCE, 0x59, 0x5E, 0xBA, 0xEB, 0x27, 0xD0, 0x84, 0xF5, 0x0E, 0xAF, 0x1D, 0x33,
    0x15, 0x00, 0xDC, 0xD0, 0x76, 0x2F, 0xA7, 0xF4, 0x16, 0x71, 0xD7, 0xF1, 0x1E, 0x46, 0x9E, 0xA8,
    0x09, 0xD1, 0x72, 0x50, 0x50, 0x13, 0x7E, 0xC2, 0xC8, 0x00, 0xA8, 0x6D, 0x5F, 0x33, 0xDA, 0xB7,
    0xD6, 0xA1, 0x91, 0xA5, 0x76, 0xAD, 0xD2, 0xA8, 0x25, 0x48, 0x70, 0x9C, 0x91, 0xFC, 0xF7, 0xF8,
    0x0F, 0xED, 0xDE, 0x35, 0xEA, 0xFA, 0xFA, 0x2A, 0xC8, 0x6D, 0xEF, 0xE3, 0x6D, 0x1D, 0x31, 0xF6,
    0xBB, 0xBF, 0x8E, 0xC7, 0x8C, 0x43, 0x69, 0xCC, 0xB1, 0x9F, 0xAF, 0xEE, 0x77, 0xFD, 0x5E, 0x18,
    0xF2, 0x3A, 0x63, 0x3F, 0xE4, 0xFE, 0xB9, 0x41, 0x62, 0x34, 0xCA, 0x90, 0x23, 0x2D, 0x5B, 0x8A,
    0x8C, 0x97, 0x9E, 0x51, 0xD2, 0x1F, 0xB1, 0xD4, 0x77, 0x83, 0x7E, 0xE9, 0x74, 0xB4, 0x44, 0x5E,
    0x19, 0xFD, 0x5A, 0x46, 0x1A, 0x40, 0x0A, 0xF8, 0x9B, 0x72, 0xDA, 0xF3, 0xE7, 0xD9, 0x2C, 0xA9,
    0x25, 0x70, 0xCC, 0xA5, 0xA2, 0x64, 0x35, 0x7A, 0xC9, 0x5B, 0x9E, 0xF7, 0x47, 0xCF, 0x18, 0x94,
    0x80, 0x2B, 0x79, 0xB4, 0xED, 0xF3, 0x37, 0x6E, 0xD4, 0xD8, 0x52, 0x3F, 0x5A, 0xEF, 0xFD, 0x5F,
    0xCF, 0x4B, 0x6C, 0x8D, 0xDC, 0x3B, 0xEB, 0x1D, 0xA3, 0x4A, 0x71, 0xDF, 0xA7, 0x8C, 0x8C, 0x72,
    0x64, 0xBD, 0x77, 0x99, 0x1D, 0x3A, 0x4A, 0xD2, 0x37, 0x78, 0x11, 0x0F, 0x7D, 0xA9, 0xA1, 0xCF,
    0x2E, 0xA4, 0x7F, 0xF9, 0xF7, 0x60, 0x30, 0x3E, 0xEA, 0xDB, 0x31, 0xFC, 0xDE, 0xF0, 0x47, 0xED,
    0xD7, 0xAE, 0xFB, 0xDD, 0xE7, 0xCE, 0xAB, 0xD9, 0xF6, 0x88, 0x46, 0xFD, 0xDF, 0xFE, 0xB8, 0xE1,
    0xB0, 0xDC, 0x28, 0xC8, 0x6F, 0x1F, 0xF5, 0x99, 0xCD, 0x3B, 0x36, 0x45, 0x20, 0x41, 0x5D, 0xE4,
    0x3D, 0xB0, 0x30, 0xF2, 0xA2, 0xEF, 0x5B, 0x91, 0xC3, 0x7E, 0xD3, 0xB4, 0x69, 0x7E, 0x87, 0xDC,
    0xDC, 0xED, 0xEF, 0xC4, 0x1D, 0x8B, 0x01, 0x52, 0x83, 0x9D, 0x47, 0x6D, 0x61, 0x2F, 0x34, 0x9C,
    0x89, 0x8E, 0xE7, 0xBF, 0x95, 0x7B, 0xCA, 0xE1, 0x5D, 0xBF, 0x5B, 0x81, 0x5E, 0xB7, 0x6C, 0xAF,
    0xF1, 0x5A, 0xB6, 0x57, 0x74, 0x94, 0x97, 0x37, 0x23, 0xD7, 0xBC, 0x96, 0x2D, 0xE3, 0xD8, 0x7E,
    0xA5, 0x5E, 0x76, 0x5C, 0xA5, 0x65, 0x4B, 0xAB, 0x1B, 0x2B, 0x00, 0x0D, 0x35, 0xB4, 0x91, 0xC1,
    0xF3, 0x51, 0x7E, 0xE2, 0x43, 0x34, 0x40, 0x0D, 0xDF, 0x7F, 0x66, 0x40, 0x1F, 0x9E, 0x31, 0xA7,
    0xA4, 0x80, 0xCB, 0x7F, 0x01, 0x7D, 0x8D, 0xB1, 0x09, 0x44, 0x31, 0x0C, 0x43, 0x1F, 0xB8, 0x3D,
    0xC8, 0x2A, 0xD9, 0xC0, 0xAB, 0x7B, 0x24, 0x0F, 0x20, 0xD0, 0x05, 0xF3, 0xD3, 0xE6, 0x61, 0xA9,
    0x91, 0x91, 0x10, 0x10, 0x0D, 0xAC, 0xBA, 0x96, 0x00, 0x3E, 0x54, 0x8E, 0x31, 0xC1, 0xFD, 0x0B,
    0x01, 0x6C, 0xC2, 0xA4, 0xCB, 0xD6, 0xA1, 0xF4, 0x43, 0xBC, 0x6E, 0x0A, 0xA2, 0x47, 0x20, 0x20,
    0xFD, 0x01, 0x68, 0x34, 0xD9, 0xEA, 0x77, 0xD3, 0x99, 0x92, 0x64, 0x2B, 0xDD, 0x61, 0xD8, 0xFC,
    0x01, 0xCD, 0xD2, 0x41, 0x8A, 0xE5, 0x3A, 0x0C, 0x85, 0xE1, 0x1F, 0x34, 0x0D, 0x68, 0x2B, 0x59,
    0xC0, 0x05, 0x6D, 0x5D, 0x50, 0x0B, 0x78, 0x5B, 0x11, 0xD4, 0x54, 0x70, 0x9E, 0xED, 0xF8, 0x16,
    0x09, 0x97, 0xEA, 0x9E, 0x36, 0xC9, 0xF9, 0x1C, 0x2C, 0x04, 0x31, 0x32, 0x2E, 0x40, 0x2A, 0x4C,
    0x6A, 0xBC, 0x4C, 0x78, 0x73, 0x91, 0x56, 0x44, 0xC2, 0x0F, 0x51, 0x91, 0x26, 0x45, 0xBA, 0xA4,
    0x8C, 0xF6, 0x41, 0x99, 0x52, 0x8B, 0xDC, 0x70, 0xC7, 0x7B, 0x31, 0x5B, 0x0B, 0x97, 0x00, 0x15,
    0x00, 0x1C, 0xCB, 0x13, 0x4C, 0x55, 0x10, 0x44, 0x62, 0xEB, 0x75, 0xF0, 0x93, 0x17, 0x1C, 0x07,
    0x27, 0x9C, 0x46, 0x41, 0x19, 0x09, 0x69, 0x99, 0x18, 0x0C, 0x8F, 0x9B, 0xE7, 0x32, 0xB7, 0x96,
    0x69, 0x60, 0x9C, 0x07, 0xF8, 0xF2, 0xE0, 0x38, 0xE1, 0xC4, 0x12, 0x0A, 0x7B, 0xE1, 0xE0, 0xA6,
    0x82, 0x17, 0x00, 0x98, 0xF2, 0x66, 0x01, 0xBE, 0x6D, 0x20, 0xFE, 0x5B, 0xFA, 0xA5, 0x80, 0xB6,
    0x87, 0x89, 0x15, 0xDB, 0xC2, 0x2F, 0x93, 0xB8, 0x6C, 0x22, 0xF1, 0x21, 0x53, 0x0D, 0x85, 0x24,
    0x6D, 0xF3, 0x26, 0x4B, 0xE5, 0x5E, 0x7C, 0xDA, 0x98, 0x20, 0xEA, 0x1F, 0x5B, 0xD6, 0xC1, 0xA4,
    0x76, 0x29, 0x7F, 0x16, 0xA9, 0x6E, 0xAC, 0xB9, 0x0B, 0x6F, 0x17, 0x36, 0x48, 0x6B, 0x9B, 0xA0,
    0x02, 0xD4, 0x40, 0x2C, 0x04, 0xF8, 0xC4, 0x94, 0x3F, 0x30, 0x68, 0xC0, 0x0B, 0x88, 0x45, 0x02,
    0x82, 0xB6, 0x1E, 0x78, 0x63, 0xED, 0x35, 0x88, 0xC4, 0x5B, 0x92, 0x9E, 0xD4, 0x3D, 0x80, 0xAE,
    0x58, 0x83, 0xCF, 0x14, 0x44, 0xAE, 0xDC, 0x4B, 0xB6, 0x4A, 0xCF, 0xF2, 0xDF, 0x3B, 0x89, 0x54,
    0x5D, 0x4F, 0x24, 0x60, 0xF5, 0xC6, 0xF3, 0x93, 0xE0, 0x09, 0x6A, 0x7A, 0xA3, 0x81, 0x4F, 0x4C,
    0x56, 0x83, 0xAF, 0x82, 0x8B, 0xEF, 0x41, 0x28, 0xEF, 0xF8, 0x05, 0x60, 0x6F, 0xAC, 0x59, 0x45,
    0x65, 0xE8, 0x5B, 0x2D, 0x29, 0xBB, 0x5D, 0x74, 0x33, 0xBF, 0x4C, 0x6A, 0xF9, 0x20, 0x64, 0x2A,
    0x2F, 0x94, 0x7B, 0x0A, 0x5A, 0xCD, 0x4A, 0xBC, 0x62, 0xA2, 0x24, 0x2E, 0xE0, 0x0F, 0xF4, 0x1B,
    0xFF, 0x15, 0x01, 0xF6, 0x0B, 0xB2, 0x06, 0x7D, 0x4D, 0x6C, 0xE2, 0xFB, 0x90, 0xBB, 0xB5, 0x38,
    0x43, 0xD9, 0x21, 0xCD, 0x54, 0xBB, 0xEA, 0x24, 0x12, 0xC0, 0xC5, 0xEB, 0xBD, 0xAF, 0x59, 0x33,
    0x25, 0xD4, 0x63, 0x92, 0x1F, 0xB7, 0x60, 0x8D, 0x8D, 0x8F, 0x7D, 0x2B, 0xF0, 0x1D, 0x4B, 0x18,
    0x02, 0x91, 0x98, 0x92, 0x10, 0xAE, 0x42, 0x02, 0xE5, 0x8E, 0x58, 0x7B, 0x84, 0xC0, 0xB4, 0xEF,
    0x82, 0x01, 0x20, 0x29, 0xDF, 0x39, 0x81, 0x00, 0xB4, 0x4F, 0x65, 0xEA, 0x3D, 0x34, 0xD5, 0x8A,
    0x2B, 0x4D, 0xBD, 0x6A, 0x2A, 0x08, 0xE0, 0x04, 0xE0, 0xF9, 0x8F, 0xFF, 0x03, 0xA5, 0xCE, 0x81,
    0x05, 0xC0, 0x30, 0x10, 0x46, 0xE1, 0x47, 0x06, 0xC8, 0x48, 0xB7, 0x7A, 0xE8, 0x42, 0x19, 0xE0,
    0x78, 0x6D, 0x1C, 0xDA, 0x50, 0x20, 0xBC, 0x7C, 0x82, 0x1F, 0x07, 0x0A, 0x74, 0x9D, 0x10, 0x9A,
    0xE0, 0x68, 0x49, 0x93, 0xBE, 0xA4, 0xFE, 0x40, 0xA9, 0xEA, 0xE6, 0x5A, 0x9E, 0x19, 0xCE, 0x27,
    0x3F, 0xC1, 0x7A, 0x84, 0x76, 0x50, 0x05, 0x47, 0xED, 0x7F, 0x53, 0xAF, 0xDD, 0x76, 0xD8, 0x7B,
    0x55, 0x86, 0x59, 0xDE,
};

static const EpdGlyph literatamono_16_boldGlyphs[] = {
    { 1, 1, 112, 0, 1, 1, 0 }, // U+0020
    { 7, 23, 176, 2, 23, 41, 1 }, // !
    { 10, 9, 224, 2, 26, 23, 42 }, // "
    { 21, 19, 368, 1, 19, 100, 65 }, // #
    { 18, 29, 320, 1, 26, 131, 165 }, // $
    { 28, 20, 480, 1, 20, 140, 296 }, // %
    { 26, 23, 448, 1, 23, 150, 436 }, // &
    { 4, 9, 144, 2, 26, 9, 586 }, // '
    { 10, 34, 192, 1, 27, 85, 595 }, // (
    { 9, 34, 192, 1, 27, 77, 680 }, // )
    { 13, 13, 240, 1, 26, 43, 757 }, // *
    { 14, 14, 304, 3, 17, 49, 800 }, // +
    { 7, 11, 176, 2, 5, 20, 849 }, // ,
    { 9, 4, 176, 1, 12, 9, 869 }, // -
    { 7, 6, 176, 2, 6, 11, 878 }, // .
    { 15, 30, 256, 0, 26, 113, 889 }, // /
    { 18, 23, 320, 1, 23, 104, 1002 }, // 0
    { 12, 23, 224, 1, 23, 69, 1106 }, // 1
    { 16, 23, 288, 1, 23, 92, 1175 }, // 2
    { 16, 23, 288, 1, 23, 92, 1267 }, // 3
    { 19, 23, 320, 0, 23, 110, 1359 }, // 4
    { 17, 23, 288, 0, 23, 98, 1469 }, // 5
    { 17, 23, 304, 1, 23, 98, 1567 }, // 6
    { 17, 23, 288, 1, 23, 98, 1665 }, // 7
    { 18, 23, 304, 1, 23, 104, 1763 }, // 8
    { 17, 23, 304, 1, 23, 98, 1867 }, // 9
    { 7, 17, 176, 2, 17, 30, 1965 }, // :
    { 7, 23, 176, 2, 17, 41, 1995 }, // ;
    { 14, 17, 304, 2, 18, 60, 2036 }, // <
    { 14, 10, 304, 3, 15, 35, 2096 }, // =
    { 14, 17, 304, 3, 18, 60, 2131 }, // >
    { 16, 23, 288, 1, 23, 92, 2191 }, // ?
    { 27, 26, 496, 2, 20, 176, 2283 }, // @
    { 25, 23, 400, 0, 23, 144, 2459 }, // A
    { 20, 23, 368, 2, 23, 115, 2603 }, // B
    { 21, 23, 368, 1, 23, 121, 2718 }, // C
    { 22, 23, 416, 2, 23, 127, 2839 }, // D
    { 19, 23, 352, 2, 23, 110, 2966 }, // E
    { 18, 23, 336, 2, 23, 104, 3076 }, // F
    { 24, 23, 400, 1, 23, 138, 3180 }, // G
    { 24, 23, 448, 2, 23, 138, 3318 }, // H
    { 10, 23, 224, 2, 23, 58, 3456 }, // I
    { 17, 23, 304, 1, 23, 98, 3514 }, // J
    { 24, 23, 416, 2, 23, 138, 3612 }, // K
    { 18, 23, 336, 2, 23, 104, 3750 }, // L
    { 30, 23, 528, 1, 23, 173, 3854 }, // M
    { 24, 23, 448, 2, 23, 138, 4027 }, // N
    { 23, 23, 416, 1, 23, 133, 4165 }, // O
    { 19, 23, 352, 2, 23, 110, 4298 }, // P
    { 29, 29, 416, 1, 23, 211, 4408 }, // Q
    { 22, 23, 400, 2, 23, 127, 4619 }, // R
    { 18, 23, 320, 1, 23, 104, 4746 }, // S
    { 23, 23, 400, 1, 23, 133, 4850 }, // T
    { 24, 23, 416, 1, 23, 138, 4983 }, // U
    { 25, 23, 400, 0, 23, 144, 5121 }, // V
    { 36, 23, 592, 0, 23, 207, 5265 }, // W
    { 25, 23, 400, 0, 23, 144, 5472 }, // X
    { 24, 23, 400, 0, 23, 138, 5616 }, // Y
    { 19, 23, 368, 2, 23, 110, 5754 }, // Z
    { 8, 33, 192, 3, 26, 66, 5864 }, // [
    { 15, 30, 256, 0, 26, 113, 5930 }, // <backslash>
    { 8, 33, 192, 1, 26, 66, 6043 }, // ]
    { 17, 12, 304, 1, 23, 51, 6109 }, // ^
    { 16, 3, 256, 0, -1, 12, 6160 }, // _
    { 7, 7, 272, 4, 26, 13, 6172 }, // `
    { 18, 17, 304, 1, 17, 77, 6185 }, // a
    { 20, 25, 336, 0, 25, 125, 6262 }, // b
    { 16, 17, 288, 1, 17, 68, 6387 }, // c
    { 20, 25, 352, 1, 25, 125, 6455 }, // d
    { 17, 17, 304, 1, 17, 73, 6580 }, // e
    { 16, 25, 224, 1, 25, 100, 6653 }, // f
    { 20, 27, 320, 0, 20, 135, 6753 }, // g
    { 21, 25, 368, 1, 25, 132, 6888 }, // h
    { 10, 25, 192, 1, 25, 63, 7020 }, // i
    { 8, 32, 176, 1, 25, 64, 7083 }, // j
    { 21, 25, 352, 1, 25, 132, 7147 }, // k
    { 10, 25, 192, 1, 25, 63, 7279 }, // l
    { 31, 17, 528, 1, 17, 132, 7342 }, // m
    { 21, 17, 368, 1, 17, 90, 7474 }, // n
    { 18, 17, 336, 1, 17, 77, 7564 }, // o
    { 20, 24, 352, 1, 17, 120, 7641 }, // p
    { 20, 24, 336, 1, 17, 120, 7761 }, // q
    { 17, 17, 288, 1, 17, 73, 7881 }, // r
    { 15, 17, 256, 1, 17, 64, 7954 }, // s
    { 13, 23, 224, 1, 23, 75, 8018 }, // t
    { 20, 17, 352, 1, 17, 85, 8093 }, // u
    { 20, 17, 336, 0, 17, 85, 8178 }, // v
    { 30, 17, 480, 0, 17, 128, 8263 }, // w
    { 20, 17, 320, 0, 17, 85, 8391 }, // x
    { 20, 24, 320, 0, 17, 120, 8476 }, // y
    { 16, 17, 288, 1, 17, 68, 8596 }, // z
    { 10, 34, 192, 1, 27, 85, 8664 }, // {
    { 4, 29, 240, 5, 25, 29, 8749 }, // |
    { 10, 34, 192, 1, 27, 85, 8778 }, // }
    { 15, 5, 304, 2, 12, 19, 8863 }, // ~
    { 1, 1, 112, 0, 1, 1, 0 }, // U+00A0
    { 7, 24, 176, 2, 17, 42, 1 }, // U+00A1
    { 16, 22, 288, 1, 21, 88, 43 }, // U+00A2
    { 18, 23, 320, 1, 23, 104, 131 }, // U+00A3
    { 16, 17, 288, 1, 19, 68, 235 }, // U+00A4
    { 24, 23, 400, 1, 23, 138, 303 }, // U+00A5
    { 4, 29, 240, 5, 25, 29, 441 }, // U+00A6
    { 18, 30, 336, 1, 23, 135, 470 }, // U+00A7
    { 13, 5, 272, 2, 25, 17, 605 }, // U+00A8
    { 24, 22, 448, 2, 21, 132, 622 }, // U+00A9
    { 14, 12, 240, 1, 24, 42, 754 }, // U+00AA
    { 16, 15, 288, 1, 16, 60, 796 }, // U+00AB
    { 14, 8, 304, 3, 13, 28, 856 }, // U+00AC
    { 1, 1, 0, 0, 1, 1, 884 }, // U+00AD
    { 13, 13, 256, 2, 26, 43, 885 }, // U+00AE
    { 11, 3, 272, 3, 23, 9, 928 }, // U+00AF
    { 10, 8, 192, 1, 26, 20, 937 }, // U+00B0
    { 14, 18, 304, 3, 18, 63, 957 }, // U+00B1
    { 12, 15, 224, 1, 27, 45, 1020 }, // U+00B2
    { 12, 15, 224, 1, 27, 45, 1065 }, // U+00B3
    { 7, 7, 272, 6, 26, 13, 1110 }, // U+00B4
    { 20, 24, 352, 2, 17, 120, 1123 }, // U+00B5
    { 18, 27, 336, 2, 23, 122, 1243 }, // U+00B6
    { 7, 6, 176, 2, 14, 11, 1365 }, // U+00B7
    { 8, 8, 272, 4, 0, 16, 1376 }, // U+00B8
    { 10, 15, 176, 1, 27, 38, 1392 }, // U+00B9
    { 13, 13, 240, 1, 25, 43, 1430 }, // U+00BA
    { 16, 15, 288, 1, 16, 60, 1473 }, // U+00BB
    { 32, 23, 528, 1, 23, 184, 1533 }, // U+00BC
    { 33, 23, 560, 1, 23, 190, 1717 }, // U+00BD
    { 33, 23, 544, 1, 23, 190, 1907 }, // U+00BE
    { 15, 24, 288, 2, 17, 90, 2097 }, // U+00BF
    { 25, 31, 400, 0, 31, 194, 2187 }, // U+00C0
    { 25, 31, 400, 0, 31, 194, 2381 }, // U+00C1
    { 25, 31, 400, 0, 31, 194, 2575 }, // U+00C2
    { 25, 30, 384, 0, 30, 188, 2769 }, // U+00C3
    { 25, 30, 400, 0, 30, 188, 2957 }, // U+00C4
    { 25, 31, 400, 0, 31, 194, 3145 }, // U+00C5
    { 33, 23, 544, 0, 23, 190, 3339 }, // U+00C6
    { 21, 30, 368, 1, 23, 158, 3529 }, // U+00C7
    { 19, 31, 352, 2, 31, 148, 3687 }, // U+00C8
    { 19, 31, 352, 2, 31, 148, 3835 }, // U+00C9
    { 19, 31, 352, 2, 31, 148, 3983 }, // U+00CA
    { 19, 30, 352, 2, 30, 143, 4131 }, // U+00CB
    { 10, 31, 224, 2, 31, 78, 4274 }, // U+00CC
    { 10, 31, 224, 2, 31, 78, 4352 }, // U+00CD
    { 12, 31, 224, 1, 31, 93, 4430 }, // U+00CE
    { 14, 30, 224, 0, 30, 105, 4523 }, // U+00CF
    { 24, 23, 416, 0, 23, 138, 4628 }, // U+00D0
    { 24, 30, 448, 2, 30, 180, 4766 }, // U+00D1
    { 23, 31, 416, 1, 31, 179, 4946 }, // U+00D2
    { 23, 31, 416, 1, 31, 179, 5125 }, // U+00D3
    { 23, 31, 416, 1, 31, 179, 5304 }, // U+00D4
    { 23, 30, 416, 1, 30, 173, 5483 }, // U+00D5
    { 23, 30, 416, 1, 30, 173, 5656 }, // U+00D6
    { 13, 13, 304, 3, 17, 43, 5829 }, // U+00D7
    { 24, 23, 416, 1, 23, 138, 5872 }, // U+00D8
    { 24, 31, 416, 1, 31, 186, 6010 }, // U+00D9
    { 24, 31, 416, 1, 31, 186, 6196 }, // U+00DA
    { 24, 31, 416, 1, 31, 186, 6382 }, // U+00DB
    { 24, 30, 416, 1, 30, 180, 6568 }, // U+00DC
    { 24, 31, 400, 0, 31, 186, 6748 }, // U+00DD
    { 19, 23, 352, 2, 23, 110, 6934 }, // U+00DE
    { 24, 25, 400, 1, 25, 150, 7044 }, // U+00DF
    { 18, 26, 304, 1, 26, 117, 7194 }, // U+00E0
    { 18, 26, 304, 1, 26, 117, 7311 }, // U+00E1
    { 18, 26, 304, 1, 26, 117, 7428 }, // U+00E2
    { 18, 25, 304, 1, 25, 113, 7545 }, // U+00E3
    { 18, 25, 304, 1, 25, 113, 7658 }, // U+00E4
    { 18, 26, 304, 1, 26, 117, 7771 }, // U+00E5
    { 26, 17, 448, 1, 17, 111, 7888 }, // U+00E6
    { 16, 24, 288, 1, 17, 96, 7999 }, // U+00E7
    { 17, 26, 304, 1, 26, 111, 8095 }, // U+00E8
    { 17, 26, 304, 1, 26, 111, 8206 }, // U+00E9
    { 17, 26, 304, 1, 26, 111, 8317 }, // U+00EA
    { 17, 25, 304, 1, 25, 107, 8428 }, // U+00EB
    { 11, 26, 192, 0, 26, 72, 8535 }, // U+00EC
    { 10, 26, 192, 1, 26, 65, 8607 }, // U+00ED
    { 12, 26, 192, -1, 26, 78, 8672 }, // U+00EE
    { 13, 25, 192, -1, 25, 82, 8750 }, // U+00EF
    { 18, 26, 320, 1, 26, 117, 8832 }, // U+00F0
    { 21, 25, 368, 1, 25, 132, 8949 }, // U+00F1
    { 18, 26, 336, 1, 26, 117, 9081 }, // U+00F2
    { 18, 26, 336, 1, 26, 117, 9198 }, // U+00F3
    { 18, 26, 336, 1, 26, 117, 9315 }, // U+00F4
    { 18, 25, 336, 1, 25, 113, 9432 }, // U+00F5
    { 18, 25, 336, 1, 25, 113, 9545 }, // U+00F6
    { 15, 17, 304, 2, 19, 64, 9658 }, // U+00F7
    { 18, 18, 336, 1, 18, 81, 9722 }, // U+00F8
    { 20, 26, 352, 1, 26, 130, 9803 }, // U+00F9
    { 20, 26, 352, 1, 26, 130, 9933 }, // U+00FA
    { 20, 26, 352, 1, 26, 130, 10063 }, // U+00FB
    { 20, 25, 352, 1, 25, 125, 10193 }, // U+00FC
    { 20, 33, 320, 0, 26, 165, 10318 }, // U+00FD
    { 20, 32, 336, 0, 25, 160, 10483 }, // U+00FE
    { 20, 32, 320, 0, 25, 160, 10643 }, // U+00FF
    { 25, 29, 400, 0, 29, 182, 0 }, // U+0100
    { 18, 23, 304, 1, 23, 104, 182 }, // U+0101
    { 25, 31, 400, 0, 31, 194, 286 }, // U+0102
    { 18, 25, 304, 1, 25, 113, 480 }, // U+0103
    { 25, 30, 400, 0, 23, 188, 593 }, // U+0104
    { 18, 24, 304, 1, 17, 108, 781 }, // U+0105
    { 21, 31, 368, 1, 31, 163, 889 }, // U+0106
    { 16, 26, 288, 1, 26, 104, 1052 }, // U+0107
    { 21, 31, 368, 1, 31, 163, 1156 }, // U+0108
    { 16, 26, 288, 1, 26, 104, 1319 }, // U+0109
    { 21, 30, 368, 1, 30, 158, 1423 }, // U+010A
    { 16, 25, 288, 1, 25, 100, 1581 }, // U+010B
    { 21, 31, 368, 1, 31, 163, 1681 }, // U+010C
    { 16, 26, 288, 1, 26, 104, 1844 }, // U+010D
    { 22, 31, 416, 2, 31, 171, 1948 }, // U+010E
    { 24, 25, 400, 1, 25, 150, 2119 }, // U+010F
    { 24, 23, 416, 0, 23, 138, 2269 }, // U+0110
    { 20, 25, 336, 1, 25, 125, 2407 }, // U+0111
    { 19, 29, 352, 2, 29, 138, 2532 }, // U+0112
    { 17, 23, 304, 1, 23, 98, 2670 }, // U+0113
    { 19, 31, 352, 2, 31, 148, 2768 }, // U+0114
    { 17, 25, 304, 1, 25, 107, 2916 }, // U+0115
    { 19, 30, 352, 2, 30, 143, 3023 }, // U+0116
    { 17, 25, 304, 1, 25, 107, 3166 }, // U+0117
    { 19, 30, 352, 2, 23, 143, 3273 }, // U+0118
    { 17, 24, 304, 1, 17, 102, 3416 }, // U+0119
    { 19, 31, 352, 2, 31, 148, 3518 }, // U+011A
    { 17, 26, 304, 1, 26, 111, 3666 }, // U+011B
    { 24, 31, 400, 1, 31, 186, 3777 }, // U+011C
    { 20, 34, 304, 0, 27, 170, 3963 }, // U+011D
    { 24, 31, 400, 1, 31, 186, 4133 }, // U+011E
    { 20, 32, 320, 0, 25, 160, 4319 }, // U+011F
    { 24, 30, 400, 1, 30, 180, 4479 }, // U+0120
    { 20, 32, 320, 0, 25, 160, 4659 }, // U+0121
    { 24, 33, 400, 1, 23, 198, 4819 }, // U+0122
    { 20, 34, 320, 0, 27, 170, 5017 }, // U+0123
    { 24, 31, 448, 2, 31, 186, 5187 }, // U+0124
    { 23, 33, 368, -1, 33, 190, 5373 }, // U+0125
    { 25, 23, 432, 1, 23, 144, 5563 }, // U+0126
    { 21, 25, 368, 1, 25, 132, 5707 }, // U+0127
    { 12, 30, 224, 1, 30, 90, 5839 }, // U+0128
    { 12, 25, 192, -1, 25, 75, 5929 }, // U+0129
    { 10, 29, 224, 2, 29, 73, 6004 }, // U+012A
    { 11, 23, 192, 0, 23, 64, 6077 }, // U+012B
    { 12, 31, 224, 1, 31, 93, 6141 }, // U+012C
    { 12, 25, 192, -1, 25, 75, 6234 }, // U+012D
    { 10, 30, 208, 2, 23, 75, 6309 }, // U+012E
    { 10, 32, 192, 1, 25, 80, 6384 }, // U+012F
    { 10, 30, 224, 2, 30, 75, 6464 }, // U+0130
    { 10, 17, 192, 1, 17, 43, 6539 }, // U+0131
    { 30, 23, 528, 2, 23, 173, 6582 }, // U+0132
    { 20, 32, 368, 1, 25, 160, 6755 }, // U+0133
    { 18, 31, 304, 1, 31, 140, 6915 }, // U+0134
    { 12, 33, 176, -1, 26, 99, 7055 }, // U+0135
    { 24, 33, 416, 2, 23, 198, 7154 }, // U+0136
    { 21, 35, 352, 1, 25, 184, 7352 }, // U+0137
    { 21, 17, 352, 1, 17, 90, 7536 }, // U+0138
    { 18, 31, 336, 2, 31, 140, 7626 }, // U+0139
    { 10, 33, 192, 1, 33, 83, 7766 }, // U+013A
    { 18, 33, 336, 2, 23, 149, 7849 }, // U+013B
    { 10, 35, 192, 1, 25, 88, 7998 }, // U+013C
    { 18, 25, 336, 2, 25, 113, 8086 }, // U+013D
    { 14, 25, 256, 1, 25, 88, 8199 }, // U+013E
    { 19, 23, 336, 2, 23, 110, 8287 }, // U+013F
    { 15, 25, 224, 1, 25, 94, 8397 }, // U+0140
    { 19, 23, 336, 1, 23, 110, 8491 }, // U+0141
    { 11, 25, 208, 1, 25, 69, 8601 }, // U+0142
    { 24, 31, 448, 2, 31, 186, 8670 }, // U+0143
    { 21, 26, 368, 1, 26, 137, 8856 }, // U+0144
    { 24, 33, 448, 2, 23, 198, 8993 }, // U+0145
    { 21, 27, 368, 1, 17, 142, 9191 }, // U+0146
    { 24, 31, 448, 2, 31, 186, 9333 }, // U+0147
    { 21, 26, 368, 1, 26, 137, 9519 }, // U+0148
    { 26, 25, 448, 1, 25, 163, 9656 }, // U+0149
    { 24, 30, 448, 2, 23, 180, 9819 }, // U+014A
    { 19, 24, 352, 1, 17, 114, 9999 }, // U+014B
    { 23, 29, 416, 1, 29, 167, 10113 }, // U+014C
    { 18, 23, 336, 1, 23, 104, 10280 }, // U+014D
    { 23, 31, 416, 1, 31, 179, 10384 }, // U+014E
    { 18, 25, 336, 1, 25, 113, 10563 }, // U+014F
    { 23, 31, 416, 1, 31, 179, 10676 }, // U+0150
    { 18, 26, 336, 1, 26, 117, 10855 }, // U+0151
    { 34, 23, 576, 1, 23, 196, 10972 }, // U+0152
    { 29, 17, 496, 1, 17, 124, 11168 }, // U+0153
    { 22, 31, 400, 2, 31, 171, 11292 }, // U+0154
    { 17, 26, 288, 1, 26, 111, 11463 }, // U+0155
    { 22, 33, 400, 2, 23, 182, 11574 }, // U+0156
    { 17, 27, 288, 1, 17, 115, 11756 }, // U+0157
    { 22, 31, 400, 2, 31, 171, 11871 }, // U+0158
    { 17, 26, 288, 1, 26, 111, 12042 }, // U+0159
    { 18, 31, 320, 1, 31, 140, 12153 }, // U+015A
    { 15, 26, 256, 1, 26, 98, 12293 }, // U+015B
    { 18, 31, 320, 1, 31, 140, 12391 }, // U+015C
    { 15, 26, 256, 1, 26, 98, 12531 }, // U+015D
    { 18, 30, 320, 1, 23, 135, 12629 }, // U+015E
    { 15, 24, 256, 1, 17, 90, 12764 }, // U+015F
    { 18, 31, 320, 1, 31, 140, 12854 }, // U+0160
    { 15, 26, 256, 1, 26, 98, 12994 }, // U+0161
    { 23, 30, 400, 1, 23, 173, 13092 }, // U+0162
    { 13, 30, 224, 1, 23, 98, 13265 }, // U+0163
    { 23, 31, 400, 1, 31, 179, 13363 }, // U+0164
    { 14, 28, 224, 1, 28, 98, 13542 }, // U+0165
    { 23, 23, 400, 1, 23, 133, 13640 }, // U+0166
    { 14, 23, 224, 0, 23, 81, 13773 }, // U+0167
    { 24, 30, 416, 1, 30, 180, 13854 }, // U+0168
    { 20, 25, 352, 1, 25, 125, 14034 }, // U+0169
    { 24, 29, 416, 1, 29, 174, 14159 }, // U+016A
    { 20, 23, 352, 1, 23, 115, 14333 }, // U+016B
    { 24, 31, 416, 1, 31, 186, 14448 }, // U+016C
    { 20, 25, 352, 1, 25, 125, 14634 }, // U+016D
    { 24, 31, 416, 1, 31, 186, 14759 }, // U+016E
    { 20, 26, 352, 1, 26, 130, 14945 }, // U+016F
    { 24, 31, 416, 1, 31, 186, 15075 }, // U+0170
    { 20, 26, 352, 1, 26, 130, 15261 }, // U+0171
    { 24, 30, 416, 1, 23, 180, 15391 }, // U+0172
    { 20, 24, 352, 1, 17, 120, 15571 }, // U+0173
    { 36, 31, 592, 0, 31, 279, 15691 }, // U+0174
    { 30, 26, 480, 0, 26, 195, 15970 }, // U+0175
    { 24, 31, 400, 0, 31, 186, 16165 }, // U+0176
    { 20, 33, 320, 0, 26, 165, 16351 }, // U+0177
    { 24, 30, 400, 0, 30, 180, 16516 }, // U+0178
    { 19, 31, 368, 2, 31, 148, 16696 }, // U+0179
    { 16, 26, 288, 1, 26, 104, 16844 }, // U+017A
    { 19, 30, 368, 2, 30, 143, 16948 }, // U+017B
    { 16, 25, 288, 1, 25, 100, 17091 }, // U+017C
    { 19, 31, 368, 2, 31, 148, 17191 }, // U+017D
    { 16, 26, 288, 1, 26, 104, 17339 }, // U+017E
    { 28, 25, 464, 1, 25, 175, 0 }, // U+01A0
    { 22, 22, 368, 1, 22, 121, 175 }, // U+01A1
    { 28, 25, 464, 1, 25, 175, 296 }, // U+01AF
    { 25, 22, 416, 1, 22, 138, 471 }, // U+01B0
    { 44, 31, 768, 2, 31, 341, 609 }, // U+01C4
    { 40, 26, 688, 2, 26, 260, 950 }, // U+01C5
    { 37, 26, 624, 1, 26, 241, 1210 }, // U+01C6
    { 37, 23, 640, 2, 23, 213, 1451 }, // U+01C7
    { 28, 32, 528, 2, 25, 224, 1664 }, // U+01C8
    { 19, 32, 368, 1, 25, 152, 1888 }, // U+01C9
    { 43, 23, 736, 2, 23, 248, 2040 }, // U+01CA
    { 35, 32, 624, 2, 25, 280, 2288 }, // U+01CB
    { 30, 32, 544, 1, 25, 240, 2568 }, // U+01CC
    { 25, 31, 400, 0, 31, 194, 2808 }, // U+01CD
    { 18, 26, 304, 1, 26, 117, 3002 }, // U+01CE
    { 12, 31, 224, 1, 31, 93, 3119 }, // U+01CF
    { 12, 26, 192, -1, 26, 78, 3212 }, // U+01D0
    { 23, 31, 416, 1, 31, 179, 3290 }, // U+01D1
    { 18, 26, 336, 1, 26, 117, 3469 }, // U+01D2
    { 24, 31, 416, 1, 31, 186, 3586 }, // U+01D3
    { 20, 26, 352, 1, 26, 130, 3772 }, // U+01D4
    { 24, 36, 416, 1, 36, 216, 3902 }, // U+01D5
    { 20, 30, 352, 1, 30, 150, 4118 }, // U+01D6
    { 24, 38, 416, 1, 38, 228, 4268 }, // U+01D7
    { 20, 33, 352, 1, 33, 165, 4496 }, // U+01D8
    { 24, 38, 416, 1, 38, 228, 4661 }, // U+01D9
    { 20, 33, 352, 1, 33, 165, 4889 }, // U+01DA
    { 24, 38, 416, 1, 38, 228, 5054 }, // U+01DB
    { 20, 33, 352, 1, 33, 165, 5282 }, // U+01DC
    { 24, 31, 400, 1, 31, 186, 5447 }, // U+01E6
    { 20, 33, 320, 0, 26, 165, 5633 }, // U+01E7
    { 23, 30, 416, 1, 23, 173, 5798 }, // U+01EA
    { 18, 24, 336, 1, 17, 108, 5971 }, // U+01EB
    { 25, 36, 400, 0, 36, 225, 6079 }, // U+01FA
    { 18, 34, 304, 1, 34, 153, 6304 }, // U+01FB
    { 33, 31, 544, 0, 31, 256, 6457 }, // U+01FC
    { 26, 26, 448, 1, 26, 169, 6713 }, // U+01FD
    { 24, 31, 416, 1, 31, 186, 6882 }, // U+01FE
    { 18, 26, 336, 1, 26, 117, 7068 }, // U+01FF
    { 25, 32, 400, 0, 32, 200, 7185 }, // U+0200
    { 19, 26, 304, 0, 26, 124, 7385 }, // U+0201
    { 25, 31, 400, 0, 31, 194, 7509 }, // U+0202
    { 18, 25, 304, 1, 25, 113, 7703 }, // U+0203
    { 19, 32, 352, 2, 32, 152, 7816 }, // U+0204
    { 17, 26, 304, 1, 26, 111, 7968 }, // U+0205
    { 19, 31, 352, 2, 31, 148, 8079 }, // U+0206
    { 17, 25, 304, 1, 25, 107, 8227 }, // U+0207
    { 15, 32, 224, -3, 32, 120, 8334 }, // U+0208
    { 15, 26, 192, -4, 26, 98, 8454 }, // U+0209
    { 12, 31, 224, 1, 31, 93, 8552 }, // U+020A
    { 12, 25, 192, -1, 25, 75, 8645 }, // U+020B
    { 23, 32, 416, 1, 32, 184, 8720 }, // U+020C
    { 18, 26, 336, 1, 26, 117, 8904 }, // U+020D
    { 23, 31, 416, 1, 31, 179, 9021 }, // U+020E
    { 18, 25, 336, 1, 25, 113, 9200 }, // U+020F
    { 22, 32, 400, 2, 32, 176, 9313 }, // U+0210
    { 17, 26, 288, 1, 26, 111, 9489 }, // U+0211
    { 22, 31, 400, 2, 31, 171, 9600 }, // U+0212
    { 17, 25, 288, 1, 25, 107, 9771 }, // U+0213
    { 24, 32, 416, 1, 32, 192, 9878 }, // U+0214
    { 20, 26, 352, 1, 26, 130, 10070 }, // U+0215
    { 24, 31, 416, 1, 31, 186, 10200 }, // U+0216
    { 20, 25, 352, 1, 25, 125, 10386 }, // U+0217
    { 18, 33, 320, 1, 23, 149, 10511 }, // U+0218
    { 15, 27, 256, 1, 17, 102, 10660 }, // U+0219
    { 23, 33, 400, 1, 23, 190, 10762 }, // U+021A
    { 13, 33, 224, 1, 23, 108, 10952 }, // U+021B
    { 7, 7, 0, -4, 26, 13, 0 }, // U+0300
    { 7, 7, 0, -2, 26, 13, 13 }, // U+0301
    { 12, 7, 0, -6, 26, 21, 26 }, // U+0302
    { 12, 5, 0, -6, 25, 15, 47 }, // U+0303
    { 10, 3, 0, -5, 23, 8, 62 }, // U+0304
    { 12, 6, 0, -6, 25, 18, 70 }, // U+0306
    { 6, 5, 0, -3, 25, 8, 88 }, // U+0307
    { 14, 5, 0, -7, 25, 18, 96 }, // U+0308
    { 10, 8, 0, -5, 27, 20, 114 }, // U+0309
    { 10, 7, 0, -5, 26, 18, 134 }, // U+030A
    { 13, 7, 0, -4, 26, 23, 152 }, // U+030B
    { 12, 7, 0, -6, 26, 21, 175 }, // U+030C
    { 13, 7, 0, -9, 26, 23, 196 }, // U+030F
    { 12, 6, 0, -6, 25, 18, 219 }, // U+0311
    { 5, 8, 0, -3, 27, 10, 237 }, // U+0312
    { 7, 11, 0, -4, 22, 20, 247 }, // U+031B
    { 6, 5, 0, -3, -2, 8, 267 }, // U+0323
    { 14, 5, 0, -7, -2, 18, 275 }, // U+0324
    { 6, 8, 0, -3, -2, 12, 293 }, // U+0326
    { 8, 8, 0, -4, 0, 16, 305 }, // U+0327
    { 8, 8, 0, -4, 0, 16, 321 }, // U+0328
    { 12, 7, 0, -6, -1, 21, 337 }, // U+032E
    { 10, 3, 0, -5, -3, 8, 358 }, // U+0331
    { 19, 30, 352, 2, 30, 143, 0 }, // U+0401
    { 28, 27, 464, 0, 23, 189, 143 }, // U+0402
    { 18, 31, 336, 2, 31, 140, 332 }, // U+0403
    { 20, 23, 368, 2, 23, 115, 472 }, // U+0404
    { 18, 23, 320, 1, 23, 104, 587 }, // U+0405
    { 10, 23, 224, 2, 23, 58, 691 }, // U+0406
    { 14, 30, 224, 0, 30, 105, 749 }, // U+0407
    { 17, 23, 304, 1, 23, 98, 854 }, // U+0408
    { 33, 23, 560, 1, 23, 190, 952 }, // U+0409
    { 33, 23, 576, 2, 23, 190, 1142 }, // U+040A
    { 30, 23, 512, 1, 23, 173, 1332 }, // U+040B
    { 23, 31, 400, 2, 31, 179, 1505 }, // U+040C
    { 24, 31, 448, 2, 31, 186, 1684 }, // U+040D
    { 23, 31, 368, 0, 31, 179, 1870 }, // U+040E
    { 24, 28, 448, 2, 23, 168, 2049 }, // U+040F
    { 25, 23, 400, 0, 23, 144, 2217 }, // U+0410
    { 20, 23, 368, 2, 23, 115, 2361 }, // U+0411
    { 20, 23, 368, 2, 23, 115, 2476 }, // U+0412
    { 18, 23, 336, 2, 23, 104, 2591 }, // U+0413
    { 24, 28, 400, 0, 23, 168, 2695 }, // U+0414
    { 19, 23, 352, 2, 23, 110, 2863 }, // U+0415
    { 36, 23, 576, 0, 23, 207, 2973 }, // U+0416
    { 18, 23, 336, 1, 23, 104, 3180 }, // U+0417
    { 24, 23, 448, 2, 23, 138, 3284 }, // U+0418
    { 24, 31, 448, 2, 31, 186, 3422 }, // U+0419
    { 23, 23, 400, 2, 23, 133, 3608 }, // U+041A
    { 24, 23, 416, 0, 23, 138, 3741 }, // U+041B
    { 30, 23, 528, 1, 23, 173, 3879 }, // U+041C
    { 24, 23, 448, 2, 23, 138, 4052 }, // U+041D
    { 23, 23, 416, 1, 23, 133, 4190 }, // U+041E
    { 24, 23, 448, 2, 23, 138, 4323 }, // U+041F
    { 19, 23, 352, 2, 23, 110, 4461 }, // U+0420
    { 21, 23, 368, 1, 23, 121, 4571 }, // U+0421
    { 23, 23, 400, 1, 23, 133, 4692 }, // U+0422
    { 23, 23, 368, 0, 23, 133, 4825 }, // U+0423
    { 27, 24, 464, 1, 24, 162, 4958 }, // U+0424
    { 25, 23, 400, 0, 23, 144, 5120 }, // U+0425
    { 26, 28, 464, 2, 23, 182, 5264 }, // U+0426
    { 24, 23, 416, 1, 23, 138, 5446 }, // U+0427
    { 36, 23, 624, 2, 23, 207, 5584 }, // U+0428
    { 37, 28, 640, 2, 23, 259, 5791 }, // U+0429
    { 26, 23, 432, 0, 23, 150, 6050 }, // U+042A
    { 30, 23, 544, 2, 23, 173, 6200 }, // U+042B
    { 20, 23, 352, 2, 23, 115, 6373 }, // U+042C
    { 21, 23, 368, 1, 23, 121, 6488 }, // U+042D
    { 34, 23, 592, 2, 23, 196, 6609 }, // U+042E
    { 23, 23, 400, 0, 23, 133, 6805 }, // U+042F
    { 18, 17, 304, 1, 17, 77, 6938 }, // U+0430
    { 18, 25, 320, 1, 25, 113, 7015 }, // U+0431
    { 18, 17, 320, 1, 17, 77, 7128 }, // U+0432
    { 16, 17, 272, 1, 17, 68, 7205 }, // U+0433
    { 20, 22, 336, 0, 17, 110, 7273 }, // U+0434
    { 17, 17, 304, 1, 17, 73, 7383 }, // U+0435
    { 30, 17, 480, 0, 17, 128, 7456 }, // U+0436
    { 15, 17, 288, 1, 17, 64, 7584 }, // U+0437
    { 21, 17, 368, 1, 17, 90, 7648 }, // U+0438
    { 21, 25, 368, 1, 25, 132, 7738 }, // U+0439
    { 20, 17, 336, 1, 17, 85, 7870 }, // U+043A
    { 21, 17, 352, 0, 17, 90, 7955 }, // U+043B
    { 24, 17, 416, 1, 17, 102, 8045 }, // U+043C
    { 21, 17, 368, 1, 17, 90, 8147 }, // U+043D
    { 18, 17, 336, 1, 17, 77, 8237 }, // U+043E
    { 21, 17, 368, 1, 17, 90, 8314 }, // U+043F
    { 20, 24, 352, 1, 17, 120, 8404 }, // U+0440
    { 16, 17, 288, 1, 17, 68, 8524 }, // U+0441
    { 19, 17, 320, 1, 17, 81, 8592 }, // U+0442
    { 20, 24, 320, 0, 17, 120, 8673 }, // U+0443
    { 26, 32, 448, 1, 25, 208, 8793 }, // U+0444
    { 20, 17, 320, 0, 17, 85, 9001 }, // U+0445
    { 22, 22, 384, 1, 17, 121, 9086 }, // U+0446
    { 21, 17, 352, 0, 17, 90, 9207 }, // U+0447
    { 31, 17, 528, 1, 17, 132, 9297 }, // U+0448
    { 32, 22, 544, 1, 17, 176, 9429 }, // U+0449
    { 21, 17, 368, 1, 17, 90, 9605 }, // U+044A
    { 27, 17, 464, 1, 17, 115, 9695 }, // U+044B
    { 17, 17, 320, 1, 17, 73, 9810 }, // U+044C
    { 16, 17, 288, 1, 17, 68, 9883 }, // U+044D
    { 28, 17, 480, 1, 17, 119, 9951 }, // U+044E
    { 20, 17, 336, 0, 17, 85, 10070 }, // U+044F
    { 17, 25, 304, 1, 25, 107, 10155 }, // U+0451
    { 19, 32, 352, 1, 25, 152, 10262 }, // U+0452
    { 16, 26, 272, 1, 26, 104, 10414 }, // U+0453
    { 16, 17, 288, 1, 17, 68, 10518 }, // U+0454
    { 15, 17, 256, 1, 17, 64, 10586 }, // U+0455
    { 10, 25, 192, 1, 25, 63, 10650 }, // U+0456
    { 13, 25, 192, -1, 25, 82, 10713 }, // U+0457
    { 8, 32, 176, 1, 25, 64, 10795 }, // U+0458
    { 28, 17, 464, 0, 17, 119, 10859 }, // U+0459
    { 28, 17, 496, 1, 17, 119, 10978 }, // U+045A
    { 21, 25, 368, 1, 25, 132, 11097 }, // U+045B
    { 20, 26, 336, 1, 26, 130, 11229 }, // U+045C
    { 21, 26, 368, 1, 26, 137, 11359 }, // U+045D
    { 20, 32, 320, 0, 25, 160, 11496 }, // U+045E
    { 21, 22, 368, 1, 17, 116, 11656 }, // U+045F
    { 26, 24, 432, 0, 24, 156, 11772 }, // U+0462
    { 21, 25, 384, 1, 25, 132, 11928 }, // U+0463
    { 35, 23, 576, 0, 23, 202, 12060 }, // U+046A
    { 30, 17, 480, 0, 17, 128, 12262 }, // U+046B
    { 17, 28, 304, 2, 28, 119, 12390 }, // U+0490
    { 15, 21, 256, 1, 21, 79, 12509 }, // U+0491
    { 18, 23, 320, 2, 23, 104, 12588 }, // U+0492
    { 16, 17, 288, 1, 17, 68, 12692 }, // U+0493
    { 37, 28, 592, 0, 23, 259, 12760 }, // U+0496
    { 31, 22, 496, 0, 17, 171, 13019 }, // U+0497
    { 23, 28, 416, 2, 23, 161, 13190 }, // U+049A
    { 21, 22, 352, 1, 17, 116, 13351 }, // U+049B
    { 26, 28, 464, 2, 23, 182, 13467 }, // U+04A2
    { 23, 22, 384, 1, 17, 127, 13649 }, // U+04A3
    { 24, 23, 400, 0, 23, 138, 13776 }, // U+04AE
    { 20, 24, 320, 0, 17, 120, 13914 }, // U+04AF
    { 24, 23, 384, 0, 23, 138, 14034 }, // U+04B0
    { 20, 24, 320, 0, 17, 120, 14172 }, // U+04B1
    { 24, 23, 432, 2, 23, 138, 14292 }, // U+04BA
    { 21, 25, 368, 1, 25, 132, 14430 }, // U+04BB
    { 21, 23, 384, 2, 23, 121, 14562 }, // U+04D8
    { 17, 17, 304, 1, 17, 73, 14683 }, // U+04D9
    { 22, 23, 416, 2, 23, 127, 14756 }, // U+04E8
    { 18, 17, 336, 1, 17, 77, 14883 }, // U+04E9
    { 25, 30, 400, 0, 23, 188, 0 }, // U+1EA0
    { 18, 24, 304, 1, 17, 108, 188 }, // U+1EA1
    { 25, 32, 400, 0, 32, 200, 296 }, // U+1EA2
    { 18, 27, 304, 1, 27, 122, 496 }, // U+1EA3
    { 25, 38, 400, 0, 38, 238, 618 }, // U+1EA4
    { 18, 33, 304, 1, 33, 149, 856 }, // U+1EA5
    { 25, 38, 400, 0, 38, 238, 1005 }, // U+1EA6
    { 18, 33, 304, 1, 33, 149, 1243 }, // U+1EA7
    { 25, 37, 400, 0, 37, 232, 1392 }, // U+1EA8
    { 18, 32, 304, 1, 32, 144, 1624 }, // U+1EA9
    { 25, 37, 400, 0, 37, 232, 1768 }, // U+1EAA
    { 18, 32, 304, 1, 32, 144, 2000 }, // U+1EAB
    { 25, 38, 400, 0, 31, 238, 2144 }, // U+1EAC
    { 18, 33, 304, 1, 26, 149, 2382 }, // U+1EAD
    { 25, 38, 400, 0, 38, 238, 2531 }, // U+1EAE
    { 18, 33, 304, 1, 33, 149, 2769 }, // U+1EAF
    { 25, 38, 400, 0, 38, 238, 2918 }, // U+1EB0
    { 18, 33, 304, 1, 33, 149, 3156 }, // U+1EB1
    { 25, 39, 400, 0, 39, 244, 3305 }, // U+1EB2
    { 18, 33, 304, 1, 33, 149, 3549 }, // U+1EB3
    { 25, 37, 400, 0, 37, 232, 3698 }, // U+1EB4
    { 18, 32, 304, 1, 32, 144, 3930 }, // U+1EB5
    { 25, 38, 400, 0, 31, 238, 4074 }, // U+1EB6
    { 18, 32, 304, 1, 25, 144, 4312 }, // U+1EB7
    { 19, 30, 352, 2, 23, 143, 4456 }, // U+1EB8
    { 17, 24, 304, 1, 17, 102, 4599 }, // U+1EB9
    { 19, 32, 352, 2, 32, 152, 4701 }, // U+1EBA
    { 17, 27, 304, 1, 27, 115, 4853 }, // U+1EBB
    { 19, 30, 352, 2, 30, 143, 4968 }, // U+1EBC
    { 17, 25, 304, 1, 25, 107, 5111 }, // U+1EBD
    { 19, 38, 352, 2, 38, 181, 5218 }, // U+1EBE
    { 17, 33, 304, 1, 33, 141, 5399 }, // U+1EBF
    { 19, 38, 352, 2, 38, 181, 5540 }, // U+1EC0
    { 17, 33, 304, 1, 33, 141, 5721 }, // U+1EC1
    { 19, 37, 352, 2, 37, 176, 5862 }, // U+1EC2
    { 19, 32, 304, 1, 32, 152, 6038 }, // U+1EC3
    { 19, 37, 352, 2, 37, 176, 6190 }, // U+1EC4
    { 17, 32, 304, 1, 32, 136, 6366 }, // U+1EC5
    { 19, 38, 352, 2, 31, 181, 6502 }, // U+1EC6
    { 17, 33, 304, 1, 26, 141, 6683 }, // U+1EC7
    { 11, 32, 224, 1, 32, 88, 6824 }, // U+1EC8
    { 11, 27, 192, 0, 27, 75, 6912 }, // U+1EC9
    { 10, 30, 224, 2, 23, 75, 6987 }, // U+1ECA
    { 10, 32, 192, 1, 25, 80, 7062 }, // U+1ECB
    { 23, 30, 416, 1, 23, 173, 7142 }, // U+1ECC
    { 18, 24, 336, 1, 17, 108, 7315 }, // U+1ECD
    { 23, 32, 416, 1, 32, 184, 7423 }, // U+1ECE
    { 18, 27, 336, 1, 27, 122, 7607 }, // U+1ECF
    { 23, 38, 416, 1, 38, 219, 7729 }, // U+1ED0
    { 18, 34, 336, 1, 34, 153, 7948 }, // U+1ED1
    { 23, 38, 416, 1, 38, 219, 8101 }, // U+1ED2
    { 18, 34, 336, 1, 34, 153, 8320 }, // U+1ED3
    { 23, 37, 416, 1, 37, 213, 8473 }, // U+1ED4
    { 19, 32, 336, 1, 32, 152, 8686 }, // U+1ED5
    { 23, 37, 416, 1, 37, 213, 8838 }, // U+1ED6
    { 18, 32, 336, 1, 32, 144, 9051 }, // U+1ED7
    { 23, 38, 416, 1, 31, 219, 9195 }, // U+1ED8
    { 18, 33, 336, 1, 26, 149, 9414 }, // U+1ED9
    { 28, 31, 464, 1, 31, 217, 9563 }, // U+1EDA
    { 22, 26, 368, 1, 26, 143, 9780 }, // U+1EDB
    { 28, 31, 464, 1, 31, 217, 9923 }, // U+1EDC
    { 22, 26, 368, 1, 26, 143, 10140 }, // U+1EDD
    { 28, 32, 464, 1, 32, 224, 10283 }, // U+1EDE
    { 22, 27, 368, 1, 27, 149, 10507 }, // U+1EDF
    { 28, 30, 464, 1, 30, 210, 10656 }, // U+1EE0
    { 22, 25, 368, 1, 25, 138, 10866 }, // U+1EE1
    { 28, 32, 464, 1, 25, 224, 11004 }, // U+1EE2
    { 22, 29, 368, 1, 22, 160, 11228 }, // U+1EE3
    { 24, 30, 416, 1, 23, 180, 11388 }, // U+1EE4
    { 20, 24, 352, 1, 17, 120, 11568 }, // U+1EE5
    { 24, 32, 416, 1, 32, 192, 11688 }, // U+1EE6
    { 20, 27, 352, 1, 27, 135, 11880 }, // U+1EE7
    { 28, 31, 464, 1, 31, 217, 12015 }, // U+1EE8
    { 25, 26, 416, 1, 26, 163, 12232 }, // U+1EE9
    { 28, 31, 464, 1, 31, 217, 12395 }, // U+1EEA
    { 25, 26, 416, 1, 26, 163, 12612 }, // U+1EEB
    { 28, 32, 464, 1, 32, 224, 12775 }, // U+1EEC
    { 25, 27, 416, 1, 27, 169, 12999 }, // U+1EED
    { 28, 30, 464, 1, 30, 210, 13168 }, // U+1EEE
    { 25, 25, 416, 1, 25, 157, 13378 }, // U+1EEF
    { 28, 32, 464, 1, 25, 224, 13535 }, // U+1EF0
    { 25, 29, 416, 1, 22, 182, 13759 }, // U+1EF1
    { 24, 31, 400, 0, 31, 186, 13941 }, // U+1EF2
    { 20, 33, 320, 0, 26, 165, 14127 }, // U+1EF3
    { 24, 30, 400, 0, 23, 180, 14292 }, // U+1EF4
    { 20, 24, 320, 0, 17, 120, 14472 }, // U+1EF5
    { 24, 32, 400, 0, 32, 192, 14592 }, // U+1EF6
    { 20, 34, 320, 0, 27, 170, 14784 }, // U+1EF7
    { 24, 30, 400, 0, 30, 180, 14954 }, // U+1EF8
    { 20, 32, 320, 0, 25, 160, 15134 }, // U+1EF9
    { 1, 1, 304, 0, 1, 1, 0 }, // U+2007
    { 1, 1, 176, 0, 1, 1, 1 }, // U+2008
    { 1, 1, 64, 0, 1, 1, 2 }, // U+2009
    { 1, 1, 32, 0, 1, 1, 3 }, // U+200A
    { 1, 1, 0, 0, 1, 1, 4 }, // U+200B
    { 9, 4, 176, 1, 12, 9, 5 }, // U+2010
    { 16, 3, 272, 0, 11, 12, 14 }, // U+2012
    { 16, 3, 272, 0, 11, 12, 26 }, // U+2013
    { 33, 3, 528, 0, 11, 25, 38 }, // U+2014
    { 33, 3, 528, 0, 11, 25, 63 }, // U+2015
    { 6, 10, 160, 2, 26, 15, 88 }, // U+2018
    { 6, 10, 160, 2, 25, 15, 103 }, // U+2019
    { 6, 10, 160, 2, 5, 15, 118 }, // U+201A
    { 13, 10, 288, 2, 26, 33, 133 }, // U+201C
    { 13, 10, 288, 2, 25, 33, 166 }, // U+201D
    { 14, 10, 256, 1, 5, 35, 199 }, // U+201E
    { 14, 26, 288, 2, 25, 91, 234 }, // U+2020
    { 14, 27, 288, 2, 25, 95, 325 }, // U+2021
    { 9, 8, 208, 2, 14, 18, 420 }, // U+2022
    { 28, 6, 480, 1, 6, 42, 438 }, // U+2026
    { 41, 20, 688, 1, 20, 205, 480 }, // U+2030
    { 5, 9, 128, 2, 27, 12, 685 }, // U+2032
    { 11, 9, 224, 2, 27, 25, 697 }, // U+2033
    { 9, 15, 176, 1, 16, 34, 722 }, // U+2039
    { 9, 15, 176, 1, 16, 34, 756 }, // U+203A
    { 28, 26, 480, 1, 26, 182, 790 }, // U+2042
    { 18, 23, 176, -3, 23, 104, 972 }, // U+2044
    { 14, 15, 256, 1, 27, 53, 0 }, // U+2070
    { 14, 15, 224, 0, 27, 53, 53 }, // U+2074
    { 12, 15, 208, 0, 27, 45, 106 }, // U+2075
    { 12, 15, 224, 1, 27, 45, 151 }, // U+2076
    { 12, 15, 208, 0, 27, 45, 196 }, // U+2077
    { 12, 15, 224, 1, 27, 45, 241 }, // U+2078
    { 12, 15, 224, 1, 27, 45, 286 }, // U+2079
    { 7, 20, 144, 1, 29, 35, 331 }, // U+207D
    { 6, 20, 144, 1, 29, 30, 366 }, // U+207E
    { 16, 12, 288, 1, 24, 48, 396 }, // U+207F
    { 14, 15, 256, 1, 10, 53, 444 }, // U+2080
    { 10, 15, 176, 1, 10, 38, 497 }, // U+2081
    { 12, 15, 224, 1, 10, 45, 535 }, // U+2082
    { 12, 15, 224, 1, 10, 45, 580 }, // U+2083
    { 14, 15, 224, 0, 10, 53, 625 }, // U+2084
    { 12, 15, 208, 0, 10, 45, 678 }, // U+2085
    { 12, 15, 224, 1, 10, 45, 723 }, // U+2086
    { 12, 15, 208, 0, 10, 45, 768 }, // U+2087
    { 12, 15, 224, 1, 10, 45, 813 }, // U+2088
    { 12, 15, 224, 1, 10, 45, 858 }, // U+2089
    { 7, 20, 144, 1, 12, 35, 903 }, // U+208D
    { 6, 20, 144, 1, 12, 30, 938 }, // U+208E
    { 19, 30, 336, 1, 27, 143, 0 }, // U+20A1
    { 20, 23, 336, 0, 23, 115, 143 }, // U+20A3
    { 18, 23, 320, 1, 23, 104, 258 }, // U+20A4
    { 26, 23, 448, 1, 23, 150, 362 }, // U+20A6
    { 49, 23, 832, 2, 23, 282, 512 }, // U+20A7
    { 36, 23, 576, 1, 23, 207, 794 }, // U+20A9
    { 20, 30, 352, 1, 25, 150, 1001 }, // U+20AB
    { 21, 23, 368, 0, 23, 121, 1151 }, // U+20AC
    { 26, 23, 416, 0, 23, 150, 1272 }, // U+20AD
    { 23, 23, 384, 0, 23, 133, 1422 }, // U+20AE
    { 23, 23, 384, 1, 23, 133, 1555 }, // U+20B1
    { 23, 29, 400, 1, 26, 167, 1688 }, // U+20B2
    { 21, 23, 368, 1, 23, 121, 1855 }, // U+20B4
    { 19, 30, 336, 1, 26, 143, 1976 }, // U+20B5
    { 24, 23, 384, 0, 23, 138, 2119 }, // U+20B8
    { 18, 23, 320, 1, 23, 104, 2257 }, // U+20B9
    { 20, 23, 336, 1, 23, 115, 2361 }, // U+20BA
    { 24, 23, 416, 1, 23, 138, 2476 }, // U+20BC
    { 20, 23, 352, 1, 23, 115, 2614 }, // U+20BD
    { 17, 11, 304, 1, 15, 47, 0 }, // U+2190
    { 11, 16, 304, 4, 17, 44, 47 }, // U+2191
    { 16, 11, 304, 1, 15, 44, 91 }, // U+2192
    { 11, 16, 304, 4, 17, 44, 135 }, // U+2193
    { 17, 24, 304, 1, 24, 102, 0 }, // U+2202
    { 21, 24, 400, 2, 22, 126, 102 }, // U+2205
    { 21, 23, 352, 1, 23, 121, 228 }, // U+2206
    { 25, 27, 432, 1, 23, 169, 349 }, // U+220F
    { 19, 28, 336, 1, 23, 133, 518 }, // U+2211
    { 14, 4, 304, 3, 12, 14, 651 }, // U+2212
    { 16, 24, 320, 2, 24, 96, 665 }, // U+2215
    { 6, 6, 144, 2, 14, 9, 761 }, // U+2219
    { 18, 25, 304, 1, 25, 113, 770 }, // U+221A
    { 19, 10, 336, 1, 14, 48, 883 }, // U+221E
    { 17, 31, 256, -1, 24, 132, 931 }, // U+222B
    { 15, 12, 304, 2, 16, 45, 1063 }, // U+2248
    { 14, 18, 304, 3, 19, 63, 1108 }, // U+2260
    { 13, 18, 304, 3, 18, 59, 1171 }, // U+2264
    { 14, 18, 304, 3, 18, 63, 1230 }, // U+2265
    { 22, 25, 384, 1, 25, 138, 0 }, // U+FB01
    { 23, 25, 400, 1, 25, 144, 138 }, // U+FB02
};

static const EpdUnicodeInterval literatamono_16_boldIntervals[] = {
    { 0x20, 0x7E, 0x0 },
    { 0xA0, 0x17E, 0x5F },
    { 0x1A0, 0x1A1, 0x13E },
    { 0x1AF, 0x1B0, 0x140 },
    { 0x1C4, 0x1DC, 0x142 },
    { 0x1E6, 0x1E7, 0x15B },
    { 0x1EA, 0x1EB, 0x15D },
    { 0x1FA, 0x21B, 0x15F },
    { 0x300, 0x304, 0x181 },
    { 0x306, 0x30C, 0x186 },
    { 0x30F, 0x30F, 0x18D },
    { 0x311, 0x312, 0x18E },
    { 0x31B, 0x31B, 0x190 },
    { 0x323, 0x324, 0x191 },
    { 0x326, 0x328, 0x193 },
    { 0x32E, 0x32E, 0x196 },
    { 0x331, 0x331, 0x197 },
    { 0x401, 0x44F, 0x198 },
    { 0x451, 0x45F, 0x1E7 },
    { 0x462, 0x463, 0x1F6 },
    { 0x46A, 0x46B, 0x1F8 },
    { 0x490, 0x493, 0x1FA },
    { 0x496, 0x497, 0x1FE },
    { 0x49A, 0x49B, 0x200 },
    { 0x4A2, 0x4A3, 0x202 },
    { 0x4AE, 0x4B1, 0x204 },
    { 0x4BA, 0x4BB, 0x208 },
    { 0x4D8, 0x4D9, 0x20A },
    { 0x4E8, 0x4E9, 0x20C },
    { 0x1EA0, 0x1EF9, 0x20E },
    { 0x2007, 0x200B, 0x268 },
    { 0x2010, 0x2010, 0x26D },
    { 0x2012, 0x2015, 0x26E },
    { 0x2018, 0x201A, 0x272 },
    { 0x201C, 0x201E, 0x275 },
    { 0x2020, 0x2022, 0x278 },
    { 0x2026, 0x2026, 0x27B },
    { 0x2030, 0x2030, 0x27C },
    { 0x2032, 0x2033, 0x27D },
    { 0x2039, 0x203A, 0x27F },
    { 0x2042, 0x2042, 0x281 },
    { 0x2044, 0x2044, 0x282 },
    { 0x2070, 0x2070, 0x283 },
    { 0x2074, 0x2079, 0x284 },
    { 0x207D, 0x2089, 0x28A },
    { 0x208D, 0x208E, 0x297 },
    { 0x20A1, 0x20A1, 0x299 },
    { 0x20A3, 0x20A4, 0x29A },
    { 0x20A6, 0x20A7, 0x29C },
    { 0x20A9, 0x20A9, 0x29E },
    { 0x20AB, 0x20AE, 0x29F },
    { 0x20B1, 0x20B2, 0x2A3 },
    { 0x20B4, 0x20B5, 0x2A5 },
    { 0x20B8, 0x20BA, 0x2A7 },
    { 0x20BC, 0x20BD, 0x2AA },
    { 0x2190, 0x2193, 0x2AC },
    { 0x2202, 0x2202, 0x2B0 },
    { 0x2205, 0x2206, 0x2B1 },
    { 0x220F, 0x220F, 0x2B3 },
    { 0x2211, 0x2212, 0x2B4 },
    { 0x2215, 0x2215, 0x2B6 },
    { 0x2219, 0x221A, 0x2B7 },
    { 0x221E, 0x221E, 0x2B9 },
    { 0x222B, 0x222B, 0x2BA },
    { 0x2248, 0x2248, 0x2BB },
    { 0x2260, 0x2260, 0x2BC },
    { 0x2264, 0x2265, 0x2BD },
    { 0xFB01, 0xFB02, 0x2BF },
};

static const EpdFontGroup literatamono_16_boldGroups[] = {
    { 0, 2323, 9537, 95, 0 },
    { 2323, 2191, 11541, 96, 95 },
    { 4514, 2812, 18509, 127, 191 },
    { 7326, 2124, 11621, 67, 318 },
    { 9450, 175, 407, 23, 385 },
    { 9625, 3092, 15833, 118, 408 },
    { 12717, 1604, 16396, 90, 526 },
    { 14321, 353, 1205, 27, 616 },
    { 14674, 234, 1033, 22, 643 },
    { 14908, 761, 2855, 19, 665 },
    { 15669, 76, 195, 4, 684 },
    { 15745, 396, 1449, 15, 688 },
    { 16141, 71, 300, 2, 703 },
};

static const uint16_t literatamono_16_boldKernLeftCodepoints[] = {
    0x0022, 0x0026, 0x0027, 0x002A, 0x002C, 0x002D, 0x002E, 0x002F, 0x0030, 0x0031, 0x0032, 0x0033,
    0x0034, 0x0035, 0x0036, 0x0037, 0x0038, 0x0039, 0x003A, 0x003B, 0x003D, 0x003F, 0x0040, 0x0041,
    0x0042, 0x0043, 0x0044, 0x0045, 0x0046, 0x0047, 0x0048, 0x0049, 0x004A, 0x004B, 0x004C, 0x004D,
    0x004E, 0x004F, 0x0050, 0x0051, 0x0052, 0x0053, 0x0054, 0x0055, 0x0056, 0x0057, 0x0058, 0x0059,
    0x005A, 0x005B, 0x005C, 0x0061, 0x0062, 0x0063, 0x0064, 0x0065, 0x0066, 0x0067, 0x0068, 0x0069,
    0x006A, 0x006B, 0x006C, 0x006D, 0x006E, 0x006F, 0x0070, 0x0071, 0x0072, 0x0073, 0x0074, 0x0075,
    0x0076, 0x0077, 0x0078, 0x0079, 0x007A, 0x00A1, 0x00AB, 0x00AD, 0x00B2, 0x00B3, 0x00B5, 0x00B7,
    0x00B9, 0x00BB, 0x00BF, 0x00C0, 0x00C1, 0x00C2, 0x00C3, 0x00C4, 0x00C5, 0x00C6, 0x00C7, 0x00C8,
    0x00C9, 0x00CA, 0x00CB, 0x00CC, 0x00CD, 0x00CE, 0x00CF, 0x00D0, 0x00D1, 0x00D2, 0x00D3, 0x00D4,
    0x00D5, 0x00D6, 0x00D7, 0x00D8, 0x00D9, 0x00DA, 0x00DB, 0x00DC, 0x00DD, 0x00DE, 0x00DF, 0x00E0,
    0x00E1, 0x00E2, 0x00E3, 0x00E4, 0x00E5, 0x00E6, 0x00E7, 0x00E8, 0x00E9, 0x00EA, 0x00EB, 0x00EC,
    0x00ED, 0x00EE, 0x00EF, 0x00F1, 0x00F2, 0x00F3, 0x00F4, 0x00F5, 0x00F6, 0x00F8, 0x00F9, 0x00FA,
    0x00FB, 0x00FC, 0x00FD, 0x00FE, 0x00FF, 0x0100, 0x0101, 0x0102, 0x0103, 0x0104, 0x0105, 0x0106,
    0x0107, 0x0108, 0x0109, 0x010A, 0x010B, 0x010C, 0x010D, 0x010E, 0x010F, 0x0110, 0x0111, 0x0112,
    0x0113, 0x0114, 0x0115, 0x0116, 0x0117, 0x0118, 0x0119, 0x011A, 0x011B, 0x011C, 0x011D, 0x011E,
    0x011F, 0x0120, 0x0121, 0x0122, 0x0123, 0x0124, 0x0125, 0x0126, 0x0127, 0x0128, 0x0129, 0x012A,
    0x012B, 0x012C, 0x012D, 0x012E, 0x012F, 0x0130, 0x0131, 0x0134, 0x0135, 0x0136, 0x0137, 0x0138,
    0x0139, 0x013A, 0x013B, 0x013C, 0x013D, 0x013E, 0x013F, 0x0140, 0x0141, 0x0142, 0x0143, 0x0144,
    0x0145, 0x0146, 0x0147, 0x0148, 0x0149, 0x014A, 0x014B, 0x014C, 0x014D, 0x014E, 0x014F, 0x0150,
    0x0151, 0x0152, 0x0153, 0x0154, 0x0155, 0x0156, 0x0157, 0x0158, 0x0159, 0x015A, 0x015B, 0x015C,
    0x015D, 0x015E, 0x015F, 0x0160, 0x0161, 0x0162, 0x0163, 0x0164, 0x0165, 0x0166, 0x0167, 0x0168,
    0x0169, 0x016A, 0x016B, 0x016C, 0x016D, 0x016E, 0x016F, 0x0170, 0x0171, 0x0172, 0x0173, 0x0174,
    0x0175, 0x0176, 0x0177, 0x0178, 0x0179, 0x017A, 0x017B, 0x017C, 0x017D, 0x017E, 0x01A0, 0x01A1,
    0x01AF, 0x01B0, 0x01C6, 0x01C7, 0x01C9, 0x01CA, 0x01CC, 0x01CD, 0x01CE, 0x01CF, 0x01D0, 0x01D1,
    0x01D2, 0x01D3, 0x01D4, 0x01D5, 0x01D6, 0x01D7, 0x01D8, 0x01D9, 0x01DA, 0x01DB, 0x01DC, 0x01E6,
    0x01E7, 0x01EA, 0x01EB, 0x01FA, 0x01FB, 0x01FC, 0x01FD, 0x01FE, 0x01FF, 0x0200, 0x0201, 0x0202,
    0x0203, 0x0204, 0x0205, 0x0206, 0x0207, 0x0208, 0x0209, 0x020A, 0x020B, 0x020C, 0x020D, 0x020E,
    0x020F, 0x0210, 0x0211, 0x0212, 0x0213, 0x0214, 0x0215, 0x0216, 0x0217, 0x0218, 0x0219, 0x021A,
    0x021B, 0x0401, 0x0402, 0x0403, 0x0404, 0x0405, 0x0406, 0x0407, 0x0408, 0x0409, 0x040A, 0x040B,
    0x040C, 0x040D, 0x040E, 0x040F, 0x0410, 0x0411, 0x0412, 0x0413, 0x0414, 0x0415, 0x0416, 0x0417,
    0x0418, 0x0419, 0x041A, 0x041B, 0x041C, 0x041D, 0x041E, 0x041F, 0x0420, 0x0421, 0x0422, 0x0423,
    0x0424, 0x0425, 0x0426, 0x0427, 0x0428, 0x0429, 0x042A, 0x042B, 0x042C, 0x042D, 0x042E, 0x042F,
    0x0430, 0x0431, 0x0432, 0x0433, 0x0434, 0x0435, 0x0436, 0x0437, 0x0438, 0x0439, 0x043A, 0x043B,
    0x043C, 0x043D, 0x043E, 0x043F, 0x0440, 0x0441, 0x0442, 0x0443, 0x0444, 0x0445, 0x0446, 0x0447,
    0x0448, 0x0449, 0x044A, 0x044B, 0x044C, 0x044D, 0x044E, 0x044F, 0x0451, 0x0452, 0x0453, 0x0454,
    0x0455, 0x0456, 0x0457, 0x0458, 0x0459, 0x045A, 0x045B, 0x045C, 0x045D, 0x045E, 0x045F, 0x0462,
    0x0463, 0x046A, 0x046B, 0x0490, 0x0491, 0x0492, 0x0493, 0x0496, 0x0497, 0x049A, 0x049B, 0x04A2,
    0x04A3, 0x04AE, 0x04AF, 0x04B0, 0x04B1, 0x04BA, 0x04BB, 0x04D8, 0x04D9, 0x04E8, 0x04E9, 0x1EA0,
    0x1EA1, 0x1EA2, 0x1EA3, 0x1EA4, 0x1EA5, 0x1EA6, 0x1EA7, 0x1EA8, 0x1EA9, 0x1EAA, 0x1EAB, 0x1EAC,
    0x1EAD, 0x1EAE, 0x1EAF, 0x1EB0, 0x1EB1, 0x1EB2, 0x1EB3, 0x1EB4, 0x1EB5, 0x1EB6, 0x1EB7, 0x1EB8,
    0x1EB9, 0x1EBA, 0x1EBB, 0x1EBC, 0x1EBD, 0x1EBE, 0x1EBF, 0x1EC0, 0x1EC1, 0x1EC2, 0x1EC3, 0x1EC4,
    0x1EC5, 0x1EC6, 0x1EC7, 0x1EC8, 0x1EC9, 0x1ECA, 0x1ECB, 0x1ECC, 0x1ECD, 0x1ECE, 0x1ECF, 0x1ED0,
    0x1ED1, 0x1ED2, 0x1ED3, 0x1ED4, 0x1ED5, 0x1ED6, 0x1ED7, 0x1ED8, 0x1ED9, 0x1EDA, 0x1EDB, 0x1EDC,
    0x1EDD, 0x1EDE, 0x1EDF, 0x1EE0, 0x1EE1, 0x1EE2, 0x1EE3, 0x1EE4, 0x1EE5, 0x1EE6, 0x1EE7, 0x1EE8,
    0x1EE9, 0x1EEA, 0x1EEB, 0x1EEC, 0x1EED, 0x1EEE, 0x1EEF, 0x1EF0, 0x1EF1, 0x1EF2, 0x1EF3, 0x1EF4,
    0x1EF5, 0x1EF6, 0x1EF7, 0x1EF8, 0x1EF9, 0x2010, 0x2012, 0x2013, 0x2014, 0x2015, 0x2018, 0x2019,
    0x201A, 0x201C, 0x201D, 0x201E, 0x2026, 0x2039, 0x203A, 0x2070, 0x2074, 0x2075, 0x2077, 0x2078,
    0x2079, 0x2206, 0x2212, 0xFB01, 0xFB02,
};

static const uint8_t literatamono_16_boldKernLeftClassIds[] = {
      1,   2,   1,   3,   4,   5,   4,   6,   7,   8,   9,  10,  11,  12,  13,  14,
     15,  16,  17,  17,  18,  19,  20,  21,  22,  23,  24,  25,  26,  27,  28,  28,
     29,  30,  31,  32,  33,  34,  35,  36,  37,  38,  39,  40,  41,  42,  43,  44,
     45,  46,  47,  48,  49,  50,  51,  52,  53,  54,  55,  56,  57,  58,  51,  55,
     55,  59,  59,  60,  61,  62,  63,  56,  64,  65,  66,  64,  67,  68,  69,   5,
     70,  71,  72,  73,  74,  75,  76,  21,  21,  21,  21,  21,  21,  25,  23,  25,
     25,  25,  25,  28,  28,  28,  28,  77,  33,  34,  34,  34,  34,  34,  78,  34,
     79,  79,  79,  79,  80,  81,  82,  83,  84,  84,  84,  84,  84,  59,  50,  85,
     85,  85,  85,  56,  56,  56,  86,  55,  59,  59,  59,  59,  59,  59,  56,  56,
     56,  56,  64,  59,  64,  21,  84,  21,  84,  21,  84,  23,  50,  23,  50,  23,
     50,  23,  50,  87,  88,  87,  51,  25,  85,  25,  85,  25,  85,  25,  85,  25,
     85,  27,  54,  27,  54,  27,  54,  27,  54,  28,  55,  28,  55,  28,  56,  28,
     56,  28,  56,  28,  56,  28,  56,  29,  57,  30,  58,  58,  31,  51,  31,  51,
     89,  90,  31,  51,  31,  91,  33,  55,  33,  55,  33,  55,  55,  29,  57,  34,
     59,  34,  59,  34,  59,  25,  59,  37,  61,  37,  61,  37,  61,  38,  62,  38,
     62,  38,  62,  38,  62,  92,  63,  39,  93,  39,  63,  79,  56,  79,  56,  79,
     56,  79,  56,  79,  56,  79,  56,  94,  65,  80,  64,  80,  45,  67,  45,  67,
     45,  67,  95,  96,  97,  98,  55,  29,  57,  29,  57,  21,  55,  28,  56,  34,
     59,  79,  56,  79,  56,  79,  56,  79,  56,  79,  56,  27,  54,  34,  59,  21,
     55,  25,  59,  34,  59,  21,  55,  21,  55,  25,  59,  25,  59,  28,  56,  28,
     56,  34,  59,  34,  59,  37,  61,  37,  61,  79,  56,  79,  56,  38,  62,  92,
     63,  99, 100, 101, 102, 103, 104, 104, 105, 106, 106, 107, 108, 104, 109, 104,
    110, 111, 112, 113, 114,  99, 115, 116, 104, 104, 117, 104, 118, 104, 119, 104,
    120, 121, 122, 109, 123, 124, 125, 104, 104, 125, 106, 104, 106, 126, 126, 104,
    127, 128, 129, 130, 131, 132, 133, 134, 135, 135, 133, 135, 135, 135, 136, 135,
    136, 137, 138, 139, 136, 140, 141, 135, 135, 141, 142, 135, 142, 136, 136, 135,
    132, 143, 130, 144, 145, 135, 146, 147, 142, 142, 143, 133, 135, 139, 135, 148,
    142, 149, 150, 151, 152, 113, 130, 117, 153, 154, 133, 125, 141, 155, 156, 109,
    156, 157, 143, 126, 136, 126, 136,  21,  55,  21,  55,  21,  55,  21,  55,  21,
     55,  21,  55,  21,  55,  21,  55,  21,  55,  21,  55,  21,  55,  21,  55,  25,
     59,  25,  59,  25,  59,  25,  59,  25,  59,  25,  59,  25,  59,  25,  59,  28,
     56,  28,  56,  34,  59,  34,  59,  34,  59,  34,  59,  34,  59,  34,  59,  34,
     59, 158, 159, 158, 159, 158, 159, 158, 159, 158, 159,  79,  56,  79,  56, 160,
     98, 160,  98, 160,  98, 160,  98, 160,  98,  80,  64, 161,  64, 161,  64, 161,
     64,   5,   5,   5,   5,   5, 162, 163, 164, 162, 163, 164,   4,  69,  75, 165,
    166, 167, 168, 169, 170, 171, 172, 173,  51,
};

static const uint16_t literatamono_16_boldKernRightCodepoints[] = {
    0x0021, 0x0022, 0x0025, 0x0026, 0x0027, 0x0029, 0x002A, 0x002B, 0x002C, 0x002D, 0x002E, 0x002F,
    0x0030, 0x0031, 0x0032, 0x0033, 0x0034, 0x0035, 0x0036, 0x0037, 0x0038, 0x0039, 0x003A, 0x003B,
    0x003D, 0x003F, 0x0040, 0x0041, 0x0043, 0x0047, 0x004A, 0x004D, 0x004E, 0x004F, 0x0051, 0x0053,
    0x0054, 0x0055, 0x0056, 0x0057, 0x0058, 0x0059, 0x005A, 0x005C, 0x005D, 0x0061, 0x0062, 0x0063,
    0x0064, 0x0065, 0x0066, 0x0067, 0x0068, 0x0069, 0x006A, 0x006B, 0x006C, 0x006D, 0x006E, 0x006F,
    0x0070, 0x0071, 0x0072, 0x0073, 0x0074, 0x0075, 0x0076, 0x0077, 0x0078, 0x0079, 0x007A, 0x00AB,
    0x00AD, 0x00B0, 0x00B2, 0x00B3, 0x00B7, 0x00B9, 0x00BB, 0x00BF, 0x00C0, 0x00C1, 0x00C2, 0x00C3,
    0x00C4, 0x00C5, 0x00C6, 0x00C7, 0x00D1, 0x00D2, 0x00D3, 0x00D4, 0x00D5, 0x00D6, 0x00D7, 0x00D8,
    0x00D9, 0x00DA, 0x00DB, 0x00DC, 0x00DD, 0x00E0, 0x00E1, 0x00E2, 0x00E3, 0x00E4, 0x00E5, 0x00E6,
    0x00E7, 0x00E8, 0x00E9, 0x00EA, 0x00EB, 0x00EC, 0x00ED, 0x00EE, 0x00EF, 0x00F0, 0x00F1, 0x00F2,
    0x00F3, 0x00F4, 0x00F5, 0x00F6, 0x00F8, 0x00F9, 0x00FA, 0x00FB, 0x00FC, 0x00FD, 0x00FE, 0x00FF,
    0x0100, 0x0101, 0x0102, 0x0103, 0x0104, 0x0105, 0x0106, 0x0107, 0x0108, 0x0109, 0x010A, 0x010B,
    0x010C, 0x010D, 0x010F, 0x0111, 0x0113, 0x0115, 0x0117, 0x0119, 0x011B, 0x011C, 0x011D, 0x011E,
    0x011F, 0x0120, 0x0121, 0x0122, 0x0123, 0x0125, 0x0127, 0x0129, 0x012B, 0x012D, 0x012F, 0x0131,
    0x0134, 0x0135, 0x0137, 0x0138, 0x013A, 0x013C, 0x013E, 0x0140, 0x0142, 0x0143, 0x0144, 0x0145,
    0x0146, 0x0147, 0x0148, 0x0149, 0x014A, 0x014B, 0x014C, 0x014D, 0x014E, 0x014F, 0x0150, 0x0151,
    0x0152, 0x0153, 0x0155, 0x0157, 0x0159, 0x015A, 0x015B, 0x015C, 0x015D, 0x015E, 0x015F, 0x0160,
    0x0161, 0x0162, 0x0163, 0x0164, 0x0165, 0x0166, 0x0167, 0x0168, 0x0169, 0x016A, 0x016B, 0x016C,
    0x016D, 0x016E, 0x016F, 0x0170, 0x0171, 0x0172, 0x0173, 0x0174, 0x0175, 0x0176, 0x0177, 0x0178,
    0x0179, 0x017A, 0x017B, 0x017C, 0x017D, 0x017E, 0x01A0, 0x01A1, 0x01AF, 0x01B0, 0x01C6, 0x01C9,
    0x01CA, 0x01CC, 0x01CD, 0x01CE, 0x01D0, 0x01D1, 0x01D2, 0x01D3, 0x01D4, 0x01D5, 0x01D6, 0x01D7,
    0x01D8, 0x01D9, 0x01DA, 0x01DB, 0x01DC, 0x01E6, 0x01E7, 0x01EA, 0x01EB, 0x01FA, 0x01FB, 0x01FC,
    0x01FD, 0x01FE, 0x01FF, 0x0200, 0x0201, 0x0202, 0x0203, 0x0205, 0x0207, 0x0209, 0x020B, 0x020C,
    0x020D, 0x020E, 0x020F, 0x0211, 0x0213, 0x0214, 0x0215, 0x0216, 0x0217, 0x0218, 0x0219, 0x021A,
    0x021B, 0x0401, 0x0402, 0x0403, 0x0404, 0x0405, 0x0406, 0x0407, 0x0408, 0x0409, 0x040A, 0x040B,
    0x040C, 0x040D, 0x040E, 0x040F, 0x0410, 0x0411, 0x0412, 0x0413, 0x0414, 0x0415, 0x0416, 0x0417,
    0x0418, 0x0419, 0x041A, 0x041B, 0x041C, 0x041D, 0x041E, 0x041F, 0x0420, 0x0421, 0x0422, 0x0423,
    0x0424, 0x0425, 0x0426, 0x0427, 0x0428, 0x0429, 0x042A, 0x042B, 0x042C, 0x042D, 0x042E, 0x042F,
    0x0430, 0x0431, 0x0432, 0x0433, 0x0434, 0x0435, 0x0436, 0x0437, 0x0438, 0x0439, 0x043A, 0x043B,
    0x043C, 0x043D, 0x043E, 0x043F, 0x0440, 0x0441, 0x0442, 0x0443, 0x0444, 0x0445, 0x0446, 0x0447,
    0x0448, 0x0449, 0x044A, 0x044B, 0x044C, 0x044D, 0x044E, 0x044F, 0x0451, 0x0452, 0x0453, 0x0454,
    0x0455, 0x0456, 0x0457, 0x0458, 0x0459, 0x045A, 0x045B, 0x045C, 0x045D, 0x045E, 0x045F, 0x0462,
    0x0463, 0x046A, 0x046B, 0x0490, 0x0491, 0x0492, 0x0493, 0x0496, 0x0497, 0x049A, 0x049B, 0x04A2,
    0x04A3, 0x04AE, 0x04AF, 0x04B0, 0x04B1, 0x04BA, 0x04BB, 0x04D8, 0x04D9, 0x04E8, 0x04E9, 0x1EA0,
    0x1EA1, 0x1EA2, 0x1EA3, 0x1EA4, 0x1EA5, 0x1EA6, 0x1EA7, 0x1EA8, 0x1EA9, 0x1EAA, 0x1EAB, 0x1EAC,
    0x1EAD, 0x1EAE, 0x1EAF, 0x1EB0, 0x1EB1, 0x1EB2, 0x1EB3, 0x1EB4, 0x1EB5, 0x1EB6, 0x1EB7, 0x1EB9,
    0x1EBB, 0x1EBD, 0x1EBF, 0x1EC1, 0x1EC3, 0x1EC5, 0x1EC7, 0x1EC9, 0x1ECB, 0x1ECC, 0x1ECD, 0x1ECE,
    0x1ECF, 0x1ED0, 0x1ED1, 0x1ED2, 0x1ED3, 0x1ED4, 0x1ED5, 0x1ED6, 0x1ED7, 0x1ED8, 0x1ED9, 0x1EDA,
    0x1EDB, 0x1EDC, 0x1EDD, 0x1EDE, 0x1EDF, 0x1EE0, 0x1EE1, 0x1EE2, 0x1EE3, 0x1EE4, 0x1EE5, 0x1EE6,
    0x1EE7, 0x1EE8, 0x1EE9, 0x1EEA, 0x1EEB, 0x1EEC, 0x1EED, 0x1EEE, 0x1EEF, 0x1EF0, 0x1EF1, 0x1EF2,
    0x1EF3, 0x1EF4, 0x1EF5, 0x1EF6, 0x1EF7, 0x1EF8, 0x1EF9, 0x2010, 0x2012, 0x2013, 0x2014, 0x2015,
    0x2018, 0x2019, 0x201A, 0x201C, 0x201D, 0x201E, 0x2022, 0x2026, 0x2030, 0x2039, 0x203A, 0x2070,
    0x2074, 0x2075, 0x2076, 0x2077, 0x2078, 0x2079, 0x2206, 0x2212, 0xFB01, 0xFB02,
};

static const uint8_t literatamono_16_boldKernRightClassIds[] = {
      1,   2,   3,   4,   2,   5,   6,   7,   8,   9,  10,  11,  12,  13,  14,  15,
     16,  17,  18,  19,  20,  21,  22,  23,  24,  25,  26,  27,  28,  28,  29,  30,
     31,  32,  28,  33,  34,  35,  36,  37,  38,  39,  40,  41,  42,  43,  44,  45,
     46,  45,  47,  48,  49,  50,  51,  49,  49,  52,  53,  54,  55,  45,  53,  56,
     57,  58,  59,  60,  61,  62,  63,  64,  65,  66,  67,  68,  69,  70,  71,  72,
     73,  74,  73,  73,  73,  73,  75,  28,  31,  28,  28,  28,  28,  28,  76,  28,
     77,  77,  77,  77,  78,  79,  79,  80,  81,  82,  83,  79,  84,  84,  84,  85,
     86,  87,  50,  88,  89,  90,  91,  84,  84,  92,  93,  94,  84,  95,  95,  95,
     96,  97,  98,  97,  73,  99,  73, 100,  73, 101,  28,  84,  28,  84,  28,  84,
     28, 102,  84,  84,  84, 103,  84,  84,  84,  28, 104,  28, 105,  28, 104,  28,
    104,  49,  49, 106, 107, 108,  50, 109,  29, 110,  49,  91,  49,  49,  49,  49,
    111,  31,  91,  31,  91,  31,  91, 112,  31,  91,  28,  84,  28,  84,  28,  84,
     28,  84, 113, 112, 113,  33, 114,  33, 115,  33, 114,  33, 116, 117, 118, 119,
    118, 119, 118,  77,  95,  77,  95,  77,  95,  77,  95,  77,  95,  77,  95, 120,
    121,  78,  97,  78,  40, 122,  40, 122,  40, 123,  28, 124,  77,  95,  84,  49,
     31, 109, 125, 101, 126,  28,  84,  77,  95,  77,  95,  77,  95,  77,  95,  77,
     95,  28, 104,  28,  84,  73, 127,  73, 127,  28, 124, 125, 128, 125, 129, 130,
     84, 131, 132,  28, 133,  28,  84, 134, 109,  77,  95,  77,  95,  33, 114, 117,
    118, 135, 136, 135, 137, 138, 135, 135, 139, 140, 135, 141, 135, 135, 142, 135,
    143, 135, 135, 135, 144, 135, 145, 146, 135, 135, 135, 140, 147, 135, 148, 135,
    135, 148, 149, 142, 150, 151, 135, 152, 135, 135, 153, 135, 135, 154, 135, 155,
    156, 157, 158, 158, 159, 160, 161, 162, 163, 158, 163, 164, 165, 163, 166, 163,
    167, 168, 169, 170, 171, 172, 163, 173, 163, 163, 174, 158, 175, 176, 177, 178,
    179, 180, 158, 181, 182, 183, 184, 185, 164, 158, 180, 158, 158, 170, 158, 186,
    187, 188, 189, 135, 158, 135, 158, 145, 161, 135, 158, 135, 158, 190, 191, 192,
    191, 135, 180, 148, 166, 148, 166, 125, 101, 125, 101, 125, 193, 125, 194, 125,
    193, 125, 193, 125, 193, 125, 101, 125, 101, 125, 101, 125, 101, 125, 101,  84,
     84, 195,  84,  84,  84,  84,  84, 196,  50,  28,  84,  28,  84,  28,  84,  28,
     84,  28,  84,  28,  84,  28,  84,  28,  84,  28,  84,  28,  84,  28,  84,  28,
     84,  77,  95,  77,  95,  77,  95,  77,  95,  77,  95,  77,  95,  77,  95,  78,
     97, 197, 198, 197, 198, 197, 198,  65,  65,  65,  65,  65, 199, 200, 201, 202,
    203, 201,   7, 204,   3, 205, 206, 207, 208, 209, 207, 210, 211, 212, 213, 214,
     47,  47,
};

static const uint16_t literatamono_16_boldKernRowOffsets[] = {
        0,    72,    89,   132,   216,   259,   398,   403,   413,   416,   427,   437,   449,   454,   480,   489,
      500,   504,   508,   510,   549,   611,   648,   735,   794,   831,   931,   966,  1000,  1088,  1157,  1199,
     1294,  1389,  1435,  1494,  1540,  1632,  1695,  1792,  1883,  1984,  2084,  2123,  2222,  2255,  2264,  2353,
     2407,  2455,  2485,  2530,  2578,  2631,  2680,  2734,  2785,  2824,  2873,  2921,  2980,  3025,  3049,  3121,
     3177,  3228,  3253,  3285,  3349,  3367,  3368,  3371,  3382,  3405,  3406,  3432,  3496,  3542,  3549,  3640,
     3739,  3761,  3790,  3844,  3898,  3946,  3997,  4056,  4141,  4183,  4268,  4313,  4410,  4490,  4590,  4684,
     4740,  4843,  4893,  4899,  4916,  4985,  4987,  4989,  4990,  4999,  5012,  5020,  5055,  5107,  5151,  5180,
     5209,  5278,  5303,  5338,  5348,  5383,  5407,  5446,  5482,  5528,  5582,  5607,  5637,  5644,  5683,  5695,
     5704,  5711,  5732,  5735,  5739,  5755,  5762,  5764,  5783,  5795,  5808,  5840,  5851,  5858,  5868,  5875,
     5887,  5888,  5890,  5891,  5904,  5939,  5955,  6024,  6045,  6061,  6096,  6148,  6159,  6171,  6265,  6321,
     6424,  6523,  6633,  6729,  6774,  6775,  6777,  6780,  6784,  6786,  6791,  6801,  6806,  6830,
};

static const uint8_t literatamono_16_boldKernSparseCols[] = {
      7,   9,  15,  17,  26,  27,  28,  29,  31,  32,  42,  44,  45,  46,  47,  51,
     52,  53,  54,  55,  56,  58,  60,  61,  62,  72,  73,  74,  78,  79,  80,  81,
     82,  83,  84,  85,  89,  90,  91,  92,  93,  96,  98,  99, 100, 101, 102, 103,
    104, 108, 111, 112, 113, 114, 115, 117, 121, 122, 123, 124, 126, 127, 128, 129,
    132, 133, 192, 193, 194, 197, 203, 212,  29,  33,  34,  35,  36,  38,  39,  43,
     57,  76,  77,  94,  95, 116, 118, 119, 196,  15,  19,  26,  28,  42,  43,  44,
     45,  47,  53,  72,  73,  74,  78,  79,  80,  81,  82,  83,  84,  85,  89,  91,
     92,  93,  98,  99, 100, 101, 102, 103, 104, 123, 124, 126, 127, 128, 129, 132,
    192, 193, 194, 212,   1,  15,  18,  24,  27,  31,  33,  34,  35,  36,  38,  43,
     44,  45,  53,  56,  57,  58,  59,  61,  66,  67,  69,  76,  77,  83,  84,  85,
     89,  91,  92,  93,  94,  95,  96, 101, 102, 116, 117, 118, 119, 120, 123, 129,
    132, 135, 136, 140, 141, 147, 148, 149, 151, 152, 156, 159, 161, 165, 167, 168,
    169, 170, 172, 173, 175, 178, 180, 185, 189, 190, 191, 194, 196, 197, 198, 199,
    201, 202, 206, 207, 208, 209, 210, 211,  13,  14,  18,  20,  26,  28,  32,  33,
     35,  36,  37,  38,  39,  58,  59,  61,  72,  73,  74,  77,  96, 116, 118, 119,
    120, 124, 135, 139, 140, 141, 142, 146, 148, 150, 152, 154, 163, 185, 189, 191,
    196, 197, 212,   7,   9,  10,  11,  13,  14,  15,  16,  17,  18,  20,  25,  26,
     27,  28,  31,  32,  33,  42,  44,  45,  46,  47,  49,  51,  52,  53,  54,  55,
     56,  57,  58,  59,  60,  61,  62,  72,  73,  74,  78,  79,  80,  81,  82,  83,
     84,  85,  86,  87,  88,  89,  90,  91,  92,  93,  94,  95,  96,  98,  99, 100,
    101, 102, 103, 104, 105, 106, 107, 108, 111, 112, 113, 114, 115, 116, 117, 118,
    120, 121, 122, 123, 124, 125, 126, 127, 128, 129, 130, 131, 132, 133, 136, 137,
    138, 139, 142, 143, 144, 146, 147, 149, 154, 155, 156, 157, 158, 159, 160, 161,
    162, 163, 164, 165, 166, 167, 168, 169, 170, 171, 172, 173, 174, 175, 176, 177,
    178, 180, 181, 182, 183, 187, 188, 192, 193, 194, 195, 197, 203, 212,  13,  14,
     16,  18,  65,   1,   2,  15,  18,  40,  65, 198, 199, 201, 202,  16,  18,  75,
     10,  13,  14,  15,  16,  18,  20,  40,  75, 199, 202,   1,   2,   5,  18,  40,
     65, 198, 199, 201, 202,   1,   5,  13,  14,  18,  20,  40,  65, 198, 199, 201,
    202,  14,  16,  18,  20,  65,   2,   5,   7,   8,   9,  10,  12,  13,  14,  15,
     16,  17,  19,  21,  22,  23,  64,  65,  75, 198, 199, 200, 201, 202, 203, 213,
      5,  13,  14,  18,  20,  40,  65, 199, 202,   7,   9,  13,  14,  15,  16,  18,
     40,  65,  75, 203,  13,  14,  15,  18,  13,  14,  18,  20,  63, 204,  10,  26,
     32,  33,  34,  35,  36,  37,  38,  39,  40,  43,  48,  56,  57,  58,  59,  60,
     61,  62,  72,  73,  76,  77,  94,  95,  96,  97, 110, 116, 117, 118, 119, 120,
    121, 122, 124, 196, 197,   1,   5,   8,  24,  27,  31,  33,  34,  35,  36,  38,
     40,  43,  44,  45,  51,  52,  53,  54,  56,  57,  58,  59,  61,  63,  64,  68,
     76,  77,  83,  84,  85,  89,  90,  91,  92,  93,  94,  95,  96, 101, 102, 108,
    111, 112, 116, 117, 118, 119, 120, 123, 129, 132, 133, 194, 196, 197, 198, 199,
    201, 202, 204,   1,   5,  24,  26,  28,  33,  34,  35,  36,  37,  38,  39,  40,
     56,  57,  58,  59,  61,  72,  73,  76,  77,  94,  95,  96, 116, 117, 118, 119,
    120, 124, 196, 197, 198, 199, 201, 202,  26,  27,  31,  32,  33,  34,  35,  36,
     38,  39,  42,  43,  44,  45,  46,  47,  48,  51,  52,  53,  54,  55,  56,  57,
     58,  59,  60,  61,  62,  68,  72,  73,  74,  76,  77,  78,  79,  80,  81,  82,
     83,  84,  85,  88,  89,  90,  91,  92,  93,  94,  95,  96,  97,  98,  99, 100,
    101, 102, 103, 104, 108, 110, 111, 112, 113, 114, 115, 116, 117, 118, 119, 120,
    121, 122, 123, 124, 126, 127, 128, 129, 132, 133, 192, 193, 194, 196, 197,   1,
      7,   9,  10,  25,  26,  28,  29,  32,  33,  34,  35,  36,  37,  38,  39,  40,
     42,  46,  55,  58,  60,  61,  62,  72,  73,  74,  76,  77,  78,  79,  80,  81,
     82,  96,  98,  99, 100, 113, 114, 115, 116, 118, 119, 121, 122, 124, 126, 127,
    128, 192, 193, 196, 197, 198, 199, 201, 202, 203,  33,  34,  35,  38,  43,  48,
     51,  52,  54,  56,  57,  58,  59,  61,  76,  77,  88,  90,  94,  95,  96,  97,
    108, 110, 111, 112, 116, 117, 118, 120, 133, 196, 197, 198, 199, 201, 202,   3,
      5,   7,   8,   9,  10,  25,  26,  27,  28,  29,  31,  32,  34,  39,  42,  44,
     45,  47,  48,  49,  50,  51,  52,  53,  54,  55,  56,  57,  58,  59,  60,  61,
     62,  63,  64,  72,  73,  74,  76,  78,  79,  80,  81,  82,  83,  84,  85,  86,
     87,  88,  89,  90,  91,  92,  93,  94,  95,  96,  97,  98,  99, 100, 101, 102,
    103, 104, 105, 106, 107, 108, 109, 110, 111, 112, 113, 114, 115, 117, 120, 121,
    122, 123, 124, 125, 126, 127, 128, 129, 130, 131, 132, 133, 192, 193, 194, 195,
    197, 203, 204,   1,   5,   8,  24,  28,  33,  34,  35,  36,  37,  38,  39,  40,
     57,  58,  59,  60,  61,  64,  74,  76,  77,  94,  95,  96, 116, 118, 119, 120,
    196, 197, 198, 199, 201, 202,  44,  45,  50,  53,  56,  57,  58,  59,  61,  83,
     84,  85,  87,  88,  89,  91,  92,  93,  94,  95,  96, 101, 102, 105, 109, 117,
    120, 123, 129, 130, 131, 132, 194, 197,   3,   7,   9,  10,  25,  26,  28,  32,
     42,  44,  45,  46,  47,  49,  51,  52,  53,  54,  55,  56,  57,  58,  59,  60,
     61,  62,  63,  68,  72,  73,  74,  78,  79,  80,  81,  82,  83,  84,  85,  86,
     87,  88,  89,  90,  91,  92,  93,  94,  95,  96,  98,  99, 100, 101, 102, 103,
    104, 105, 106, 107, 108, 111, 112, 113, 114, 115, 117, 120, 121, 122, 123, 124,
    125, 126, 127, 128, 129, 130, 131, 132, 133, 192, 193, 194, 195, 197, 203, 204,
      8,  24,  27,  31,  33,  34,  35,  36,  38,  42,  43,  44,  45,  53,  54,  56,
     57,  58,  59,  61,  63,  64,  68,  76,  77,  78,  79,  80,  81,  82,  83,  84,
     85,  87,  88,  89,  91,  92,  93,  94,  95,  96,  98,  99, 100, 101, 102, 106,
    116, 117, 118, 119, 120, 123, 126, 127, 128, 129, 132, 192, 193, 194, 196, 197,
    198, 199, 201, 202, 204,   1,   5,  24,  27,  28,  29,  31,  32,  33,  34,  35,
     36,  38,  39,  40,  43,  48,  54,  56,  57,  58,  59,  61,  68,  76,  77,  94,
     95,  96,  97, 110, 116, 117, 118, 119, 120, 196, 197, 198, 199, 201, 202,   1,
     24,  27,  31,  33,  34,  35,  36,  38,  39,  42,  43,  44,  45,  46,  47,  48,
     49,  50,  51,  52,  53,  54,  55,  56,  57,  58,  59,  61,  62,  76,  77,  78,
     79,  80,  81,  82,  83,  84,  85,  86,  87,  88,  89,  90,  91,  92,  93,  94,
     95,  96,  97,  98,  99, 100, 101, 102, 103, 104, 105, 106, 107, 108, 109, 110,
    111, 112, 113, 114, 115, 116, 117, 118, 119, 120, 121, 122, 123, 125, 126, 127,
    128, 129, 130, 131, 132, 133, 192, 193, 194, 195, 196, 197, 198, 201,   3,   7,
      9,  10,  24,  25,  26,  27,  28,  29,  31,  32,  39,  42,  44,  45,  46,  47,
     48,  49,  50,  51,  52,  53,  54,  55,  56,  57,  58,  59,  60,  61,  62,  72,
     73,  74,  78,  79,  80,  81,  82,  83,  84,  85,  86,  87,  88,  89,  90,  91,
     92,  93,  94,  95,  96,  97,  98,  99, 100, 101, 102, 103, 104, 105, 106, 107,
    108, 109, 110, 111, 112, 113, 114, 115, 117, 120, 121, 122, 123, 124, 125, 126,
    127, 128, 129, 130, 131, 132, 133, 192, 193, 194, 195, 197, 203,   1,   3,   4,
      7,   9,  10,  24,  26,  28,  29,  32,  33,  34,  35,  36,  37,  38,  39,  40,
     41,  48,  58,  61,  62,  72,  73,  74,  76,  77,  96,  97, 110, 116, 118, 119,
    121, 122, 124, 196, 197, 198, 199, 200, 201, 202, 203,   1,   3,   7,   9,  10,
     25,  26,  28,  38,  39,  40,  42,  44,  45,  47,  53,  55,  62,  72,  73,  74,
     77,  78,  79,  80,  81,  82,  83,  84,  85,  88,  89,  91,  92,  93,  98,  99,
    100, 101, 102, 103, 104, 113, 114, 115, 121, 122, 123, 124, 126, 127, 128, 129,
    132, 192, 193, 194, 196, 203,   1,   3,   4,   7,   9,  10,  24,  26,  28,  29,
     32,  33,  34,  35,  36,  37,  38,  39,  40,  41,  48,  58,  61,  62,  72,  73,
     74,  76,  77,  96,  97, 110, 116, 118, 119, 121, 122, 124, 196, 197, 198, 199,
    200, 201, 202, 203,   1,   5,   8,  24,  27,  31,  32,  33,  34,  35,  36,  38,
     40,  42,  43,  44,  45,  47,  48,  50,  51,  52,  53,  54,  55,  56,  57,  58,
     59,  61,  62,  63,  64,  68,  76,  77,  78,  79,  80,  81,  82,  83,  84,  85,
     89,  90,  91,  92,  93,  94,  95,  96,  97,  98,  99, 100, 101, 102, 103, 104,
    108, 109, 110, 111, 112, 113, 114, 115, 116, 117, 118, 119, 120, 121, 122, 123,
    126, 127, 128, 129, 132, 133, 192, 193, 194, 196, 197, 198, 199, 201, 202, 204,
      5,  24,  26,  28,  29,  30,  33,  35,  36,  37,  38,  39,  42,  43,  46,  51,
     52,  54,  56,  57,  58,  59,  60,  61,  62,  72,  73,  74,  77,  78,  79,  80,
     81,  82,  88,  90,  94,  95,  96,  98,  99, 100, 108, 111, 112, 116, 117, 118,
    119, 120, 121, 122, 124, 126, 127, 128, 133, 192, 193, 196, 197, 198, 201,   3,
      7,   8,   9,  10,  21,  22,  25,  26,  27,  28,  29,  31,  32,  39,  42,  44,
     45,  46,  47,  48,  49,  50,  51,  52,  53,  54,  55,  56,  57,  58,  61,  62,
     63,  64,  68,  72,  73,  74,  78,  79,  80,  81,  82,  83,  84,  85,  86,  87,
     88,  89,  90,  91,  92,  93,  94,  95,  96,  97,  98,  99, 100, 101, 102, 103,
    104, 105, 107, 108, 109, 110, 111, 112, 113, 114, 115, 117, 121, 122, 123, 124,
    125, 126, 127, 128, 129, 130, 131, 132, 133, 192, 193, 194, 195, 197, 203, 204,
      3,   7,   9,  10,  25,  26,  27,  28,  29,  31,  32,  39,  42,  44,  45,  46,
     47,  49,  50,  51,  52,  53,  54,  55,  56,  57,  58,  59,  60,  61,  62,  72,
     73,  74,  78,  79,  80,  81,  82,  83,  84,  85,  86,  87,  88,  89,  90,  91,
     92,  93,  94,  95,  96,  98,  99, 100, 101, 102, 103, 104, 105, 106, 107, 108,
    109, 111, 112, 113, 114, 115, 117, 120, 121, 122, 123, 124, 125, 126, 127, 128,
    129, 130, 131, 132, 133, 192, 193, 194, 195, 197, 203,   3,   7,   8,   9,  10,
     21,  22,  25,  26,  27,  28,  29,  31,  32,  39,  42,  43,  44,  45,  46,  47,
     49,  50,  51,  52,  53,  54,  55,  56,  57,  58,  59,  60,  61,  62,  63,  64,
     68,  70,  72,  73,  74,  78,  79,  80,  81,  82,  83,  84,  85,  86,  87,  88,
     89,  90,  91,  92,  93,  94,  95,  96,  98,  99, 100, 101, 102, 103, 104, 105,
    106, 107, 108, 109, 111, 112, 113, 114, 115, 117, 120, 121, 122, 123, 124, 125,
    126, 127, 128, 129, 130, 131, 132, 133, 192, 193, 194, 195, 197, 203, 204, 205,
      3,   7,   8,   9,  10,  21,  22,  25,  26,  27,  28,  29,  31,  32,  42,  43,
     44,  45,  46,  47,  49,  50,  51,  52,  53,  54,  55,  56,  57,  58,  59,  60,
     61,  62,  63,  64,  68,  70,  72,  73,  74,  78,  79,  80,  81,  82,  83,  84,
     85,  86,  87,  88,  89,  90,  91,  92,  93,  94,  95,  96,  98,  99, 100, 101,
    102, 103, 104, 105, 106, 107, 108, 109, 111, 112, 113, 114, 115, 117, 120, 121,
    122, 123, 124, 125, 126, 127, 128, 129, 130, 131, 132, 133, 192, 193, 194, 195,
    197, 203, 204, 205,   8,  27,  31,  33,  44,  45,  53,  56,  57,  58,  59,  61,
     63,  64,  68,  83,  84,  85,  88,  89,  91,  92,  93,  94,  95,  96, 101, 102,
    116, 117, 118, 120, 123, 129, 130, 132, 194, 197, 204,   3,   7,   8,   9,  10,
     21,  22,  25,  26,  27,  28,  29,  31,  32,  42,  44,  45,  46,  47,  49,  50,
     51,  52,  53,  54,  55,  56,  57,  58,  59,  60,  61,  62,  63,  64,  68,  70,
     72,  73,  74,  78,  79,  80,  81,  82,  83,  84,  85,  86,  87,  88,  89,  90,
     91,  92,  93,  94,  95,  96,  98,  99, 100, 101, 102, 103, 104, 105, 106, 107,
    108, 109, 111, 112, 113, 114, 115, 117, 120, 121, 122, 123, 124, 125, 126, 127,
    128, 129, 130, 131, 132, 133, 192, 193, 194, 195, 197, 203, 204, 205,  27,  28,
     29,  31,  32,  33,  34,  50,  51,  52,  54,  56,  57,  58,  59,  61,  76,  88,
     90,  94,  95,  96, 105, 108, 109, 111, 112, 116, 117, 118, 120, 133, 197,  47,
     50,  58,  61,  96, 103, 104, 109, 197,  11,  14,  15,  16,  17,  18,  19,  20,
     27,  28,  31,  32,  33,  34,  35,  36,  38,  40,  42,  44,  45,  53,  55,  56,
     57,  58,  59,  61,  62,  76,  77,  78,  79,  80,  81,  82,  83,  84,  85,  89,
     91,  92,  93,  94,  95,  96,  98,  99, 100, 101, 102, 113, 114, 115, 116, 117,
    118, 119, 120, 121, 122, 123, 126, 127, 128, 129, 132, 135, 136, 140, 141, 147,
    148, 149, 151, 152, 156, 168, 172, 173, 185, 189, 190, 191, 192, 193, 194, 196,
    197,   1,   5,  24,  25,  33,  40,  43,  44,  45,  50,  51,  52,  53,  54,  55,
     56,  57,  58,  59,  61,  83,  84,  85,  89,  90,  91,  92,  93,  94,  95,  96,
    101, 102, 108, 109, 111, 112, 113, 114, 115, 116, 117, 118, 120, 123, 129, 132,
    133, 194, 197, 198, 199, 201, 202,   0,   1,   5,   7,   9,  10,  24,  25,  33,
     40,  43,  48,  51,  52,  54,  55,  56,  57,  58,  59,  60,  61,  62,  90,  94,
     95,  96,  97, 108, 110, 111, 112, 113, 114, 115, 116, 117, 118, 120, 121, 122,
    133, 197, 198, 199, 201, 202, 203,   1,   5,  24,  40,  44,  45,  48,  53,  57,
     83,  84,  85,  89,  91,  92,  93,  94,  95,  97, 101, 102, 110, 123, 129, 132,
    194, 198, 199, 201, 202,   1,  24,  25,  44,  45,  47,  50,  51,  52,  53,  54,
     56,  57,  58,  59,  61,  83,  84,  85,  89,  90,  91,  92,  93,  94,  95,  96,
    101, 102, 103, 104, 108, 109, 111, 112, 117, 120, 123, 129, 132, 133, 194, 197,
    199, 202,   0,   1,   5,   7,   9,  10,  24,  25,  33,  40,  43,  48,  51,  52,
     54,  55,  56,  57,  58,  59,  60,  61,  62,  90,  94,  95,  96,  97, 108, 110,
    111, 112, 113, 114, 115, 116, 117, 118, 120, 121, 122, 133, 197, 198, 199, 201,
    202, 203,   0,   1,   4,   5,   7,   8,   9,  24,  40,  41,  42,  44,  45,  53,
     55,  63,  64,  68,  78,  79,  80,  81,  82,  83,  84,  85,  89,  91,  92,  93,
     98,  99, 100, 101, 102, 113, 114, 115, 123, 126, 127, 128, 129, 132, 192, 193,
    194, 198, 199, 201, 202, 203, 204,   1,   3,   5,  24,  25,  40,  42,  43,  44,
     45,  48,  53,  55,  63,  68,  78,  79,  80,  81,  82,  83,  84,  85,  89,  91,
     92,  93,  97,  98,  99, 100, 101, 102, 110, 113, 114, 115, 123, 126, 127, 128,
    129, 132, 192, 193, 194, 198, 201, 204,   1,   5,  24,  25,  33,  40,  43,  44,
     45,  50,  51,  52,  53,  54,  55,  56,  57,  58,  59,  61,  83,  84,  85,  89,
     90,  91,  92,  93,  94,  95,  96, 101, 102, 108, 109, 111, 112, 113, 114, 115,
    116, 117, 118, 120, 123, 129, 132, 133, 194, 197, 198, 199, 201, 202,   0,   1,
      5,  24,  33,  34,  35,  36,  38,  40,  43,  44,  45,  47,  53,  56,  57,  58,
     59,  61,  76,  77,  83,  84,  85,  89,  91,  92,  93,  94,  95,  96, 101, 102,
    103, 104, 116, 117, 118, 119, 120, 123, 129, 132, 194, 196, 197, 198, 199, 201,
    202,  24,  42,  43,  47,  48,  56,  57,  58,  59,  60,  61,  62,  78,  79,  80,
     81,  82,  94,  95,  96,  97,  98,  99, 100, 103, 104, 110, 117, 120, 121, 122,
    126, 127, 128, 192, 193, 197, 199, 202,   1,   5,   8,  25,  40,  43,  44,  45,
     51,  52,  53,  54,  56,  57,  58,  59,  61,  63,  64,  68,  83,  84,  85,  89,
     90,  91,  92,  93,  94,  95,  96, 101, 102, 108, 111, 112, 117, 120, 123, 129,
    132, 133, 194, 197, 198, 199, 201, 202, 204,   0,   1,   5,   7,   9,  10,  24,
     25,  33,  40,  43,  48,  51,  52,  54,  55,  56,  57,  58,  59,  60,  61,  62,
     90,  94,  95,  96,  97, 108, 110, 111, 112, 113, 114, 115, 116, 117, 118, 120,
    121, 122, 133, 197, 198, 199, 201, 202, 203,   0,   1,   5,  10,  24,  25,  40,
     42,  43,  44,  45,  46,  48,  53,  55,  56,  57,  58,  59,  61,  78,  79,  80,
     81,  82,  83,  84,  85,  89,  91,  92,  93,  94,  95,  96,  97,  98,  99, 100,
    101, 102, 110, 113, 114, 115, 117, 120, 123, 126, 127, 128, 129, 132, 192, 193,
    194, 197, 199, 202,   1,   3,   7,   9,  10,  25,  40,  42,  43,  44,  45,  48,
     53,  62,  78,  79,  80,  81,  82,  83,  84,  85,  89,  91,  92,  93,  97,  98,
     99, 100, 101, 102, 110, 121, 122, 123, 126, 127, 128, 129, 132, 192, 193, 194,
    203,   0,   1,  24,  25,  40,  43,  56,  57,  58,  59,  61,  62,  94,  95,  96,
    117, 120, 121, 122, 197, 198, 199, 201, 202,   1,  10,  24,  25,  40,  42,  43,
     44,  45,  47,  51,  52,  53,  54,  55,  56,  57,  58,  59,  60,  61,  62,  63,
     70,  78,  79,  80,  81,  82,  83,  84,  85,  89,  90,  91,  92,  93,  94,  95,
     96,  98,  99, 100, 101, 102, 103, 104, 108, 111, 112, 113, 114, 115, 117, 120,
    121, 122, 123, 126, 127, 128, 129, 132, 133, 192, 193, 194, 197, 199, 202, 204,
    205,   1,   3,   7,   8,   9,  10,  25,  40,  42,  43,  44,  45,  47,  48,  53,
     55,  63,  64,  68,  78,  79,  80,  81,  82,  83,  84,  85,  89,  91,  92,  93,
     97,  98,  99, 100, 101, 102, 103, 104, 110, 113, 114, 115, 123, 126, 127, 128,
    129, 132, 192, 193, 194, 199, 202, 203, 204,   3,   7,   8,   9,  10,  25,  40,
     42,  44,  45,  47,  48,  53,  55,  63,  64,  78,  79,  80,  81,  82,  83,  84,
     85,  89,  91,  92,  93,  97,  98,  99, 100, 101, 102, 103, 104, 110, 113, 114,
    115, 123, 126, 127, 128, 129, 132, 192, 193, 194, 203, 204,   1,  25,  40,  43,
     44,  45,  53,  56,  63,  68,  83,  84,  85,  89,  91,  92,  93, 101, 102, 117,
    123, 129, 132, 194, 204,   1,  24,  25,  40,  43,  44,  45,  53,  56,  58,  59,
     61,  83,  84,  85,  89,  91,  92,  93,  96, 101, 102, 110, 117, 120, 123, 129,
    132, 194, 197, 199, 202,  27,  31,  33,  34,  35,  36,  38,  39,  42,  43,  44,
     45,  53,  55,  56,  57,  58,  59,  61,  76,  77,  78,  79,  80,  81,  82,  83,
     84,  85,  89,  91,  92,  93,  94,  95,  96,  98,  99, 100, 101, 102, 113, 114,
    115, 116, 117, 118, 119, 120, 123, 126, 127, 128, 129, 132, 192, 193, 194, 196,
    197, 198, 199, 201, 202,  35,  36,  38,  77, 119, 134, 135, 140, 141, 142, 146,
    148, 151, 152, 185, 189, 191, 196, 209,  67, 208, 211,   5,   7,   8,   9,  40,
     64, 198, 199, 201, 202, 203,  26,  28,  33,  35,  36,  37,  38,  56,  58,  60,
     61,  72,  73,  74,  77,  96, 116, 117, 118, 119, 124, 196, 197, 209,   7,   9,
     26,  33,  35,  36,  37,  38,  56,  58,  59,  60,  61,  72,  73,  77,  96, 116,
    117, 118, 119, 120, 124, 196, 197, 203,  27,  28,  31,  33,  34,  35,  36,  38,
     42,  43,  44,  45,  53,  55,  56,  57,  58,  59,  61,  76,  77,  78,  79,  80,
     81,  82,  83,  84,  85,  89,  91,  92,  93,  94,  95,  96,  98,  99, 100, 101,
    102, 113, 114, 115, 116, 117, 118, 119, 120, 123, 126, 127, 128, 129, 132, 192,
    193, 194, 196, 197, 198, 199, 201, 202,   1,   3,   4,   7,   9,  10,  24,  26,
     28,  29,  32,  33,  34,  35,  36,  37,  38,  39,  40,  41,  48,  58,  61,  62,
     72,  73,  74,  76,  77,  96,  97, 110, 116, 118, 119, 121, 122, 124, 196, 197,
    198, 199, 200, 201, 202, 203,  12,  13,  14,  15,  16,  18,  20,   3,   7,   9,
     10,  25,  26,  27,  28,  29,  31,  32,  39,  42,  44,  45,  46,  47,  49,  50,
     51,  52,  53,  54,  55,  56,  57,  58,  59,  60,  61,  62,  72,  73,  74,  78,
     79,  80,  81,  82,  83,  84,  85,  86,  87,  88,  89,  90,  91,  92,  93,  94,
     95,  96,  98,  99, 100, 101, 102, 103, 104, 105, 106, 107, 108, 109, 111, 112,
    113, 114, 115, 117, 120, 121, 122, 123, 124, 125, 126, 127, 128, 129, 130, 131,
    132, 133, 192, 193, 194, 195, 197, 203,   3,   7,   8,   9,  10,  21,  22,  25,
     26,  27,  28,  29,  31,  32,  42,  44,  45,  46,  47,  49,  50,  51,  52,  53,
     54,  55,  56,  57,  58,  59,  60,  61,  62,  63,  64,  68,  70,  72,  73,  74,
     78,  79,  80,  81,  82,  83,  84,  85,  86,  87,  88,  89,  90,  91,  92,  93,
     94,  95,  96,  98,  99, 100, 101, 102, 103, 104, 105, 106, 107, 108, 109, 111,
    112, 113, 114, 115, 117, 120, 121, 122, 123, 124, 125, 126, 127, 128, 129, 130,
    131, 132, 133, 192, 193, 194, 195, 197, 203, 204, 205,  26,  27,  28,  31,  35,
     36,  37,  38,  39,  60,  62,  72,  73,  74,  77, 119, 121, 122, 124, 196, 199,
    202,  43,  47,  50,  51,  52,  54,  56,  57,  58,  59,  60,  61,  62,  90,  94,
     95,  96, 103, 104, 108, 109, 111, 112, 117, 120, 121, 122, 133, 197,   1,   5,
     24,  25,  33,  40,  43,  44,  45,  50,  51,  52,  53,  54,  55,  56,  57,  58,
     59,  61,  83,  84,  85,  89,  90,  91,  92,  93,  94,  95,  96, 101, 102, 108,
    109, 111, 112, 113, 114, 115, 116, 117, 118, 120, 123, 129, 132, 133, 194, 197,
    198, 199, 201, 202,   1,   5,  24,  25,  33,  40,  43,  44,  45,  50,  51,  52,
     53,  54,  55,  56,  57,  58,  59,  61,  83,  84,  85,  89,  90,  91,  92,  93,
     94,  95,  96, 101, 102, 108, 109, 111, 112, 113, 114, 115, 116, 117, 118, 120,
    123, 129, 132, 133, 194, 197, 198, 199, 201, 202,   0,   1,   5,   7,   9,  10,
     24,  25,  33,  40,  43,  48,  51,  52,  54,  55,  56,  57,  58,  59,  60,  61,
     62,  90,  94,  95,  96,  97, 108, 110, 111, 112, 113, 114, 115, 116, 117, 118,
    120, 121, 122, 133, 197, 198, 199, 201, 202, 203,   0,   1,   5,  24,  33,  34,
     35,  36,  38,  40,  43,  44,  45,  47,  53,  56,  57,  58,  59,  61,  76,  77,
     83,  84,  85,  89,  91,  92,  93,  94,  95,  96, 101, 102, 103, 104, 116, 117,
    118, 119, 120, 123, 129, 132, 194, 196, 197, 198, 199, 201, 202,   1,   7,   9,
     10,  25,  26,  28,  29,  32,  33,  34,  35,  36,  37,  38,  39,  40,  42,  46,
     55,  58,  60,  61,  62,  72,  73,  74,  76,  77,  78,  79,  80,  81,  82,  96,
     98,  99, 100, 113, 114, 115, 116, 118, 119, 121, 122, 124, 126, 127, 128, 192,
    193, 196, 197, 198, 199, 201, 202, 203,   0,   1,   6,   7,   8,   9,  10,  21,
     22,  23,  24,  25,  42,  44,  45,  47,  50,  51,  52,  53,  54,  55,  56,  57,
     58,  59,  60,  61,  62,  63,  64,  68,  70,  78,  79,  80,  81,  82,  83,  84,
     85,  89,  90,  91,  92,  93,  94,  95,  96,  98,  99, 100, 101, 102, 103, 104,
    108, 109, 111, 112, 113, 114, 115, 117, 120, 121, 122, 123, 126, 127, 128, 129,
    132, 133, 192, 193, 194, 197, 198, 199, 201, 202, 203, 204, 205,   1,   5,  24,
     27,  28,  29,  31,  32,  33,  34,  35,  36,  38,  39,  40,  43,  48,  54,  56,
     57,  58,  59,  61,  68,  76,  77,  94,  95,  96,  97, 110, 116, 117, 118, 119,
    120, 196, 197, 198, 199, 201, 202,   0,   1,   6,   7,   8,   9,  10,  21,  22,
     23,  24,  25,  42,  44,  45,  47,  50,  51,  52,  53,  54,  55,  56,  57,  58,
     59,  60,  61,  62,  63,  64,  68,  70,  78,  79,  80,  81,  82,  83,  84,  85,
     89,  90,  91,  92,  93,  94,  95,  96,  98,  99, 100, 101, 102, 103, 104, 108,
    109, 111, 112, 113, 114, 115, 117, 120, 121, 122, 123, 126, 127, 128, 129, 132,
    133, 192, 193, 194, 197, 198, 199, 201, 202, 203, 204, 205,   1,  24,  25,  44,
     45,  47,  50,  51,  52,  53,  54,  56,  57,  58,  59,  61,  83,  84,  85,  89,
     90,  91,  92,  93,  94,  95,  96, 101, 102, 103, 104, 108, 109, 111, 112, 117,
    120, 123, 129, 132, 133, 194, 197, 199, 202,   3,   7,   8,   9,  10,  21,  22,
     25,  26,  27,  28,  29,  31,  32,  39,  42,  44,  45,  46,  47,  48,  49,  50,
     51,  52,  53,  54,  55,  56,  57,  58,  61,  62,  63,  64,  68,  72,  73,  74,
     78,  79,  80,  81,  82,  83,  84,  85,  86,  87,  88,  89,  90,  91,  92,  93,
     94,  95,  96,  97,  98,  99, 100, 101, 102, 103, 104, 105, 107, 108, 109, 110,
    111, 112, 113, 114, 115, 117, 121, 122, 123, 124, 125, 126, 127, 128, 129, 130,
    131, 132, 133, 192, 193, 194, 195, 197, 203, 204,   1,   6,   7,   8,   9,  10,
     21,  22,  23,  24,  25,  40,  42,  43,  44,  45,  47,  51,  52,  53,  54,  55,
     56,  57,  58,  59,  60,  61,  62,  63,  64,  68,  78,  79,  80,  81,  82,  83,
     84,  85,  89,  90,  91,  92,  93,  94,  95,  96,  98,  99, 100, 101, 102, 103,
    104, 108, 111, 112, 113, 114, 115, 117, 120, 121, 122, 123, 126, 127, 128, 129,
    132, 133, 192, 193, 194, 197, 199, 202, 203, 204,   3,   7,   8,   9,  10,  21,
     22,  25,  26,  27,  28,  29,  31,  32,  42,  43,  44,  45,  46,  47,  49,  50,
     51,  52,  53,  54,  55,  56,  57,  58,  59,  60,  61,  62,  63,  64,  68,  70,
     72,  73,  74,  78,  79,  80,  81,  82,  83,  84,  85,  86,  87,  88,  89,  90,
     91,  92,  93,  94,  95,  96,  98,  99, 100, 101, 102, 103, 104, 105, 106, 107,
    108, 109, 111, 112, 113, 114, 115, 117, 120, 121, 122, 123, 124, 125, 126, 127,
    128, 129, 130, 131, 132, 133, 192, 193, 194, 195, 197, 203, 204, 205,   3,   7,
      8,   9,  10,  21,  22,  25,  26,  27,  28,  29,  31,  32,  34,  35,  36,  37,
     38,  42,  44,  45,  46,  47,  51,  52,  53,  54,  55,  56,  57,  58,  59,  60,
     61,  62,  63,  64,  70,  72,  73,  74,  76,  77,  78,  79,  80,  81,  82,  83,
     84,  85,  89,  90,  91,  92,  93,  94,  95,  96,  98,  99, 100, 101, 102, 103,
    104, 108, 111, 112, 113, 114, 115, 117, 119, 120, 121, 122, 123, 124, 126, 127,
    128, 129, 132, 133, 192, 193, 194, 196, 197, 203, 204, 205,   3,   7,   8,   9,
     10,  24,  25,  42,  44,  45,  51,  52,  53,  54,  55,  62,  63,  64,  78,  79,
     80,  81,  82,  83,  84,  85,  89,  90,  91,  92,  93,  98,  99, 100, 101, 102,
    108, 111, 112, 113, 114, 115, 121, 122, 123, 126, 127, 128, 129, 132, 133, 192,
    193, 194, 203, 204,   3,   7,   8,   9,  10,  25,  26,  27,  28,  29,  31,  32,
     35,  36,  37,  38,  39,  42,  44,  45,  46,  47,  49,  50,  51,  52,  53,  54,
     55,  56,  57,  58,  59,  60,  61,  62,  63,  64,  70,  72,  73,  77,  78,  79,
     80,  81,  82,  83,  84,  85,  86,  87,  88,  89,  90,  91,  92,  93,  94,  95,
     96,  98,  99, 100, 101, 102, 103, 104, 105, 106, 107, 108, 109, 111, 112, 113,
    114, 115, 117, 119, 120, 121, 122, 123, 124, 125, 126, 127, 128, 129, 130, 131,
    132, 133, 192, 193, 194, 195, 196, 197, 203, 204, 205,   3,   5,   7,   8,   9,
     10,  21,  22,  25,  42,  44,  45,  53,  55,  62,  63,  64,  78,  79,  80,  81,
     82,  83,  84,  85,  89,  91,  92,  93,  98,  99, 100, 101, 102, 113, 114, 115,
    121, 122, 123, 126, 127, 128, 129, 132, 192, 193, 194, 203, 204, 139, 141, 151,
    189, 190, 191,  40, 141, 148, 151, 157, 162, 164, 169, 171, 174, 176, 182, 183,
    189, 191, 199, 202,   7,   8,   9,  10,  21,  22,  26,  64,  70,  72,  73, 124,
    135, 136, 137, 138, 139, 140, 141, 142, 143, 144, 145, 146, 147, 148, 149, 151,
    152, 153, 154, 155, 156, 157, 158, 159, 160, 161, 162, 163, 164, 165, 166, 167,
    168, 169, 170, 171, 172, 173, 174, 175, 176, 177, 178, 180, 181, 182, 183, 184,
    185, 186, 187, 188, 189, 190, 191, 203, 205, 142, 146, 142, 154, 172,   7,   9,
     10, 142, 143, 144, 154, 187, 203,   8,  40,  64, 135, 140, 141, 146, 148, 151,
    152, 185, 189, 191,  40, 141, 148, 151, 189, 191, 199, 202,   8,  40,  64,  70,
    135, 136, 140, 141, 147, 148, 149, 150, 151, 152, 154, 155, 156, 159, 165, 167,
    168, 169, 170, 172, 173, 178, 180, 181, 185, 189, 190, 191, 199, 202, 205,   7,
      8,   9,  10,  21,  22,  64,  70, 136, 137, 138, 139, 142, 143, 144, 146, 147,
    149, 154, 155, 156, 157, 158, 159, 160, 161, 162, 163, 164, 165, 166, 167, 168,
    169, 170, 171, 172, 173, 174, 175, 176, 177, 178, 180, 181, 182, 183, 187, 188,
    190, 203, 205,   8,  40,  64, 135, 136, 139, 140, 141, 147, 148, 149, 151, 152,
    154, 155, 156, 157, 159, 161, 162, 164, 165, 166, 167, 168, 169, 170, 172, 173,
    174, 175, 176, 177, 178, 180, 182, 183, 185, 186, 189, 190, 191, 199, 202,  40,
    135, 138, 140, 141, 142, 146, 148, 150, 151, 152, 158, 160, 161, 163, 168, 169,
    171, 172, 173, 175, 177, 185, 188, 189, 190, 191, 199, 202,  40, 135, 138, 140,
    141, 144, 146, 148, 150, 151, 152, 154, 158, 160, 161, 163, 168, 169, 173, 175,
    177, 185, 187, 188, 189, 190, 191, 199, 202,   7,   8,   9,  10,  21,  22,  26,
     64,  70,  72,  73, 124, 135, 136, 137, 138, 139, 140, 141, 142, 143, 144, 145,
    146, 147, 148, 149, 151, 152, 153, 154, 155, 156, 157, 158, 159, 160, 161, 162,
    163, 164, 165, 166, 167, 168, 169, 170, 171, 172, 173, 174, 175, 176, 177, 178,
    180, 181, 182, 183, 184, 185, 186, 187, 188, 189, 190, 191, 203, 205, 136, 137,
    138, 141, 147, 148, 149, 156, 159, 160, 161, 165, 167, 168, 169, 170, 172, 173,
    175, 178, 180, 188, 189, 190, 191,   8,  40,  64,  70, 135, 136, 140, 141, 147,
    148, 149, 150, 151, 152, 154, 155, 156, 159, 165, 167, 168, 169, 170, 172, 173,
    178, 180, 181, 185, 189, 190, 191, 199, 202, 205,   7,   9, 141, 177, 189, 190,
    191, 199, 202, 203,   8,  40,  64,  70, 135, 136, 140, 141, 147, 148, 149, 150,
    151, 152, 154, 155, 156, 159, 165, 167, 168, 169, 170, 172, 173, 178, 180, 181,
    185, 189, 190, 191, 199, 202, 205,   8,  64, 135, 136, 138, 139, 140, 141, 144,
    147, 148, 149, 151, 152, 153, 155, 172, 185, 187, 189, 190, 191, 199, 202,   7,
      9,  10,  40, 138, 139, 141, 142, 143, 144, 146, 148, 150, 151, 154, 155, 157,
    158, 160, 161, 162, 163, 164, 169, 171, 172, 174, 175, 176, 177, 182, 183, 187,
    188, 189, 191, 199, 202, 203,   7,   9,  10, 136, 138, 139, 142, 143, 144, 146,
    147, 149, 154, 155, 157, 158, 159, 160, 161, 162, 163, 164, 165, 167, 170, 174,
    175, 176, 177, 178, 180, 182, 183, 187, 188, 203, 134, 136, 137, 138, 139, 141,
    142, 144, 146, 147, 148, 149, 151, 154, 155, 156, 157, 158, 159, 160, 161, 162,
    163, 164, 165, 167, 168, 169, 170, 172, 173, 174, 175, 176, 177, 178, 180, 181,
    182, 183, 186, 187, 188, 189, 190, 191,   7,   8,   9,  10,  21,  22,  64,  70,
    136, 137, 138, 139, 142, 143, 144, 145, 146, 147, 149, 150, 154, 155, 156, 157,
    158, 159, 160, 161, 162, 163, 164, 165, 166, 167, 168, 169, 170, 171, 172, 173,
    174, 175, 176, 177, 178, 180, 181, 182, 183, 186, 187, 188, 203, 205,   7,   9,
     10,  40, 138, 139, 141, 142, 144, 146, 148, 150, 151, 154, 158, 161, 163, 175,
    177, 187, 189, 191, 199, 202, 203,   8,  64, 135, 136, 140, 141, 145, 147, 148,
    149, 151, 152, 155, 156, 159, 161, 165, 167, 168, 169, 170, 172, 173, 175, 178,
    180, 185, 189, 190, 191, 136, 141, 147, 148, 189, 190, 191,   7,   9,  10,  40,
    138, 139, 141, 142, 143, 144, 146, 148, 150, 151, 154, 155, 157, 158, 160, 161,
    162, 163, 164, 169, 171, 172, 174, 175, 176, 177, 182, 183, 187, 188, 189, 191,
    199, 202, 203,  40, 156, 158, 163, 168, 169, 172, 173, 184, 190, 199, 202,   7,
      9, 158, 163, 169, 171, 177, 190, 203,  40, 168, 169, 172, 177, 199, 202,   7,
      8,   9,  10,  40,  64, 155, 158, 159, 160, 163, 165, 167, 169, 170, 177, 178,
    180, 181, 188, 203,  40, 199, 202,  40, 156, 163, 169,  40, 155, 156, 159, 165,
    167, 168, 169, 170, 172, 173, 178, 180, 186, 199, 202,   7,   9,  40, 169, 199,
    202, 203,  40, 169,   7,   9,  10,  40, 158, 160, 161, 163, 166, 169, 171, 172,
    175, 177, 188, 190, 199, 202, 203,  40, 159, 165, 167, 169, 170, 171, 172, 178,
    180, 199, 202,   7,   9,  10,  40, 158, 160, 163, 169, 177, 188, 199, 202, 203,
      7,   9,  10,  40, 155, 156, 157, 158, 159, 160, 161, 162, 163, 164, 165, 166,
    167, 168, 169, 170, 174, 175, 176, 177, 178, 179, 180, 181, 182, 183, 188, 203,
     40, 156, 159, 160, 163, 165, 167, 170, 178, 180, 188,  40, 159, 165, 167, 170,
    178, 180,   8,  40,  64, 168, 169, 172, 173, 190, 199, 202,  40, 161, 168, 169,
    175, 199, 202,  40, 159, 165, 167, 169, 170, 171, 172, 178, 180, 199, 202,  40,
     40, 169, 169,   8,  40,  64, 135, 140, 141, 146, 148, 151, 152, 185, 189, 191,
      8,  40,  64,  70, 135, 136, 140, 141, 147, 148, 149, 150, 151, 152, 154, 155,
    156, 159, 165, 167, 168, 169, 170, 172, 173, 178, 180, 181, 185, 189, 190, 191,
    199, 202, 205,  40, 155, 156, 159, 165, 167, 168, 169, 170, 172, 173, 178, 180,
    186, 199, 202,   7,   8,   9,  10,  21,  22,  26,  64,  70,  72,  73, 124, 135,
    136, 137, 138, 139, 140, 141, 142, 143, 144, 145, 146, 147, 148, 149, 151, 152,
    153, 154, 155, 156, 157, 158, 159, 160, 161, 162, 163, 164, 165, 166, 167, 168,
    169, 170, 171, 172, 173, 174, 175, 176, 177, 178, 180, 181, 182, 183, 184, 185,
    186, 187, 188, 189, 190, 191, 203, 205,   7,   8,   9,  10,  40,  64, 155, 158,
    159, 160, 163, 165, 167, 169, 170, 177, 178, 180, 181, 188, 203,  40, 155, 156,
    159, 165, 167, 168, 169, 170, 172, 173, 178, 180, 186, 199, 202,   8,  40,  64,
     70, 135, 136, 140, 141, 147, 148, 149, 150, 151, 152, 154, 155, 156, 159, 165,
    167, 168, 169, 170, 172, 173, 178, 180, 181, 185, 189, 190, 191, 199, 202, 205,
      7,   8,   9,  10,  21,  22,  64,  70, 136, 137, 138, 139, 142, 143, 144, 146,
    147, 149, 154, 155, 156, 157, 158, 159, 160, 161, 162, 163, 164, 165, 166, 167,
    168, 169, 170, 171, 172, 173, 174, 175, 176, 177, 178, 180, 181, 182, 183, 187,
    188, 190, 203, 205,   7,   9,  10, 159, 163, 165, 167, 170, 178, 180, 203,  40,
    135, 140, 141, 148, 151, 152, 185, 189, 191, 199, 202,   3,   7,   8,   9,  10,
     21,  22,  25,  26,  27,  28,  29,  31,  32,  34,  35,  36,  37,  38,  42,  44,
     45,  46,  47,  51,  52,  53,  54,  55,  56,  57,  58,  59,  60,  61,  62,  63,
     64,  70,  72,  73,  74,  76,  77,  78,  79,  80,  81,  82,  83,  84,  85,  89,
     90,  91,  92,  93,  94,  95,  96,  98,  99, 100, 101, 102, 103, 104, 108, 111,
    112, 113, 114, 115, 117, 119, 120, 121, 122, 123, 124, 126, 127, 128, 129, 132,
    133, 192, 193, 194, 196, 197, 203, 204, 205,   3,   7,   8,   9,  10,  24,  25,
     42,  44,  45,  51,  52,  53,  54,  55,  62,  63,  64,  78,  79,  80,  81,  82,
     83,  84,  85,  89,  90,  91,  92,  93,  98,  99, 100, 101, 102, 108, 111, 112,
    113, 114, 115, 121, 122, 123, 126, 127, 128, 129, 132, 133, 192, 193, 194, 203,
    204,   3,   7,   8,   9,  10,  25,  26,  27,  28,  29,  31,  32,  35,  36,  37,
     38,  39,  42,  44,  45,  46,  47,  49,  50,  51,  52,  53,  54,  55,  56,  57,
     58,  59,  60,  61,  62,  63,  64,  70,  72,  73,  77,  78,  79,  80,  81,  82,
     83,  84,  85,  86,  87,  88,  89,  90,  91,  92,  93,  94,  95,  96,  98,  99,
    100, 101, 102, 103, 104, 105, 106, 107, 108, 109, 111, 112, 113, 114, 115, 117,
    119, 120, 121, 122, 123, 124, 125, 126, 127, 128, 129, 130, 131, 132, 133, 192,
    193, 194, 195, 196, 197, 203, 204, 205,   3,   7,   8,   9,  10,  21,  22,  25,
     26,  27,  28,  29,  31,  32,  42,  44,  45,  46,  47,  49,  50,  51,  52,  53,
     54,  55,  56,  57,  58,  59,  60,  61,  62,  63,  64,  68,  70,  72,  73,  74,
     78,  79,  80,  81,  82,  83,  84,  85,  86,  87,  88,  89,  90,  91,  92,  93,
     94,  95,  96,  98,  99, 100, 101, 102, 103, 104, 105, 106, 107, 108, 109, 111,
    112, 113, 114, 115, 117, 120, 121, 122, 123, 124, 125, 126, 127, 128, 129, 130,
    131, 132, 133, 192, 193, 194, 195, 197, 203, 204, 205,   7,   9,  15,  18,  26,
     27,  28,  29,  31,  42,  44,  45,  46,  47,  48,  51,  52,  53,  54,  55,  56,
     71,  72,  73,  74,  78,  79,  80,  81,  82,  83,  84,  85,  87,  88,  89,  90,
     91,  92,  93,  97,  98,  99, 100, 101, 102, 103, 104, 105, 106, 108, 109, 110,
    111, 112, 113, 114, 115, 117, 123, 124, 126, 127, 128, 129, 130, 131, 132, 133,
    136, 137, 138, 139, 142, 143, 144, 146, 147, 149, 154, 155, 156, 157, 158, 159,
    160, 161, 162, 163, 164, 165, 167, 168, 170, 174, 175, 176, 177, 178, 180, 181,
    182, 183, 187, 188, 192, 193, 194, 203, 212,   7,   9,  11,  15,  16,  17,  19,
     26,  27,  28,  31,  32,  39,  42,  44,  45,  46,  47,  48,  49,  50,  51,  52,
     53,  54,  55,  56,  57,  58,  59,  60,  61,  62,  71,  72,  73,  74,  78,  79,
     80,  81,  82,  83,  84,  85,  86,  87,  88,  89,  90,  91,  92,  93,  94,  95,
     96,  97,  98,  99, 100, 101, 102, 103, 104, 105, 106, 107, 108, 109, 110, 111,
    112, 113, 114, 115, 117, 120, 121, 122, 123, 124, 125, 126, 127, 128, 129, 130,
    131, 132, 133, 192, 193, 194, 195, 197, 203,  15,  17,  18,  24,  27,  31,  33,
     34,  35,  36,  38,  43,  44,  45,  53,  56,  57,  58,  59,  61,  76,  77,  83,
     84,  85,  89,  91,  92,  93,  94,  95,  96, 101, 102, 116, 117, 118, 119, 120,
    123, 129, 132, 194, 196, 197,  67, 209, 211,  66,  67, 209, 206, 207, 208, 210,
     67, 209,  66,  67,  69, 207, 209,   1,   5,   8,  24,  40,  64, 198, 199, 201,
    202,  13,  14,  16,  18,  20,  47,  50,  51,  52,  54,  56,  57,  58,  59,  61,
     90,  94,  95,  96, 103, 104, 108, 109, 111, 112, 117, 120, 133, 197,
};

static const int8_t literatamono_16_boldKernSparseValues[] = {
     -58,  -58,   -5,   -4,  -50,  -16,  -45,   -5,  -16,   -8,  -18,  -21,  -21,  -16,  -27,   -3,
      -3,  -21,   -3,  -17,  -21,   -3,   -4,   -3,   -6,  -50,  -50,  -24,  -18,  -18,  -18,  -18,
     -18,  -21,  -21,  -21,  -21,   -3,  -21,  -21,  -21,   -3,  -18,  -18,  -18,  -21,  -21,  -27,
     -27,   -3,   -3,   -3,  -17,  -17,  -17,  -21,   -6,   -6,  -21,  -50,  -18,  -18,  -18,  -21,
     -21,   -3,  -18,  -18,  -21,   -3,  -58,  -24,   -5,  -13,   -6,  -40,  -34,  -45,   -3,   -3,
      -3,   -6,  -45,   -3,   -3,  -13,  -13,  -34,  -45,  -16,   -5,  -53,  -53,  -11,    5,  -26,
     -26,   -9,  -26,  -53,  -53,  -58,  -11,  -11,  -11,  -11,  -11,  -26,  -26,  -26,  -26,  -26,
     -26,  -26,  -11,  -11,  -11,  -26,  -26,   -9,   -9,  -26,  -53,  -11,  -11,  -11,  -26,  -26,
     -11,  -11,  -26,  -26,  -58,  -16,  -40,   -8,  -13,  -13,  -42,  -13,  -53,  -35,  -49,   -4,
      -3,   -3,   -3,  -11,  -16,  -40,  -35,  -40,  -48,  -48,  -48,  -13,  -49,   -3,   -3,   -3,
      -3,   -3,   -3,   -3,  -16,  -16,  -40,   -3,   -3,  -42,  -11,  -42,  -35,  -35,   -3,   -3,
      -3,  -11,   -9,  -11,  -20,   -9,  -20,  -10,  -22,  -22,   -8,   -5,   -5,   -5,   -5,  -13,
     -15,   -5,  -17,  -12,   -5,   -5,   -5,  -11,  -51,  -17,  -51,   -3,  -49,  -40,  -48,  -48,
     -48,  -48,  -48,  -53,  -48,  -48,  -48,  -48,  -21,  -16,  -37,   -4,  -16,   -5,   -8,  -34,
     -29,  -18,  -29,  -40,  -11,   -5,   -3,   -5,  -16,  -16,   -8,  -40,   -5,  -34,  -34,  -18,
      -3,  -16,   -5,   -5,  -26,   -8,   -8,   -5,  -13,   -8,  -11,   -5,   -5,   -5,   -8,   -8,
     -40,   -5,   -8,  -79,  -79, -114,  -16,  -16,  -21,  -58,  -11,  -26,  -11,  -16,  -24,  -63,
     -32,  -48,  -32,  -20,   -5,  -58,  -50,  -50,  -16,  -52,   -3,  -26,  -26,  -50,  -26,  -50,
     -29,  -29,  -32,  -32,  -29,  -32,  -34,  -63,  -63,  -53,  -58,  -58,  -58,  -58,  -58,  -50,
     -50,  -50,   -3,   -3,   -3,  -50,  -26,  -50,  -50,  -50,  -29,  -29,  -32,  -58,  -58,  -58,
     -50,  -50,  -52,  -52,   -3,   -3,   -3,  -26,  -26,  -26,  -50,  -50,  -50,   -5,  -29,   -5,
     -32,  -34,  -34,  -50,  -63,   -3,  -58,  -58,  -58,  -50,   -3,   -3,  -50,  -26,  -18,  -14,
     -52,  -32,  -59,  -14,  -48,  -21,  -18,  -16,  -32,  -39,  -23,  -32,  -39,  -50,  -27,  -27,
     -32,  -41,  -32,  -50,  -12,  -50,  -16,  -20,  -50,   -9,  -18,  -27,  -32,  -27,  -32,  -39,
     -41,  -50,  -36,  -32,  -32,  -48,  -43,  -58,  -58,  -50,   -3,  -32,  -79,  -26,   -8,   -9,
      -3,   -4,   -6,  -11,  -21,  -20,  -16,   -5,  -11,  -11,  -11,  -11,  -11,   -2,   -6,   -3,
      -5,   -9,  -11,   -1,   -3,  -11,   -1,   -5,   -5,   -5,   -5,   -5,  -14,   -5,  -20,   -6,
     -21,  -16,  -16,  -16,  -16,   -3,   -4,   -5,   -5,  -11,   -5,   -1,  -11,   -5,   -5,   -5,
      -5,   -3,   -3,   -3,   -1,   -3,   -9,    4,  -54,  -32,  -54,  -53,    5,    5,   -3,  -40,
      -9,   -6,   -1,   -8,   -8,  -32,  -32,    5,  -43,   11,    5,  -26,   11,    5,  -54,  -32,
      -4,   -4,   -3,   -9,   -3,   -5,  -16,   -1,   -1,   -5,   -5,   -8,   -5,   -3,   -4,   -5,
      -5,  -11,   -5,   -5,   -3,   -4,   -9,   -6,   -5,   -8,  -24,   -5,  -18,  -18,  -11,  -11,
      -5,  -24,  -16,  -45,  -29,  -11,  -53,  -18,  -18,  -11,   -4,   -5,   -5,  -18,  -12,   -6,
     -18,  -11,  -11,  -11,  -16,  -53,   -5,   -5,  -18,   -4,   -4,  -24,   -5,  -24,  -29,  -12,
     -11,  -11,  -11,  -53,  -18,  -50,  -53,  -16,  -34,  -12,  -12,  -53,  -33,  -66,  -53,  -63,
     -58,   -5,   -1,   -1,   -8,   -8,   -1,  -16,  -20,  -16,  -48,  -38,  -48,  -12,  -16,  -21,
     -33,  -63,   -1,   -1,   -1,   -1,   -8,   -1,   -1,   -1,  -16,  -16,  -48,   -1,   -1,   -8,
      -8,   -8,  -53,  -20,  -53,  -53,  -38,   -1,   -1,   -1,   -8,   -1,  -63,  -48,  -55,  -53,
     -55,  -53,  -12,   -6,   -5,   -5,   -4,   -3,  -12,   -6,  -17,  -13,   -3,  -18,   -5,   -5,
      -8,   -5,  -12,  -11,  -12,   -4,   -4,   -6,  -18,   -5,   -5,  -12,  -12,   -8,  -12,  -13,
     -11,   -4,  -18,  -12,   -5,   -5,   -5,   -5,   -5,   -8,   -8,   -5,   -6,   -3,  -11,   -7,
      -9,   -6,   -3,   -3,   -5,   -5,   -1,   -5,   -3,   -3,   -3,   -5,   -3,   -6,   -4,   -6,
      -8,   -4,   -1,   -8,   -4,   -5,   -5,   -5,   -8,   -3,   -9,   -3,   -3,   -3,   -3,   -3,
      -5,   -5,   -5,   11,   -5,   -3,   -5,   -5,   -5,   -6,   -6,   -8,   -3,   -3,   -3,   -3,
      -5,   -5,   -5,   -5,   -3,   -3,   -3,   -3,   -6,   -6,   -6,   -6,   -4,   -6,   -7,   -4,
      -4,   -4,   -5,   -5,   -3,   -3,   -3,   -5,   -5,   -3,   -3,   -3,   -5,   -9,   -8,   -5,
     -16,  -16,   -3,  -11,  -48,  -12,  -12,   -3,  -13,   -5,  -20,  -16,  -23,  -27,  -13,  -26,
      -3,   -3,   -1,   -3,   -3,   -3,   -3,  -48,  -48,  -53,   -5,  -27,   -3,   -3,   -3,   -3,
      -3,   -3,   -3,   -3,   -3,   -1,   -1,   -1,  -13,  -13,  -16,   -3,   -3,  -48,   -3,   -3,
      -3,   -3,   -3,  -27,   -3,   -3,  -11,   -3,  -11,  -16,   -8,   -6,   -3,   -6,   -3,   -1,
      -1,   -1,   -1,   -5,   -4,   -9,   -6,   -9,   -6,   -6,    8,   -1,   -4,   -4,   -9,   -1,
      -1,   -1,   -1,   -1,   -8,   -5,   -8,   -6,   -1,   -6,   -9,   -3,   -8,   -3,   -8,  -20,
       4,  -55,  -26,  -55,  -48,  -34,  -50,   -9,  -54,   -4,   -9,   -9,   -1,   -4,  -22,  -26,
     -26,  -24,   -5,   -1,   -1,   -6,   -6,  -26,   -6,  -22,   -3,   -5,   -3,   -1,   -1,   -3,
      -9,  -21,  -26,  -50,  -50,  -55,   -1,  -22,  -22,  -22,  -22,  -22,  -26,  -26,  -26,   -1,
      12,   21,  -26,   -6,  -26,  -26,  -26,   -5,   -5,   -3,   -5,  -22,  -22,  -22,  -26,  -26,
     -24,  -24,    5,    3,    2,   -6,   11,   -5,   -6,   -6,  -22,  -22,  -22,   -3,   -1,   -9,
      -9,  -26,  -50,   -1,  -22,  -22,  -22,  -26,   20,    7,  -26,   -6,  -22,  -22,  -26,    2,
      -3,  -55,  -21,  -16,  -11,    3,  -16,   -4,  -20,   -4,  -21,  -16,   -1,  -22,   -5,  -11,
      -1,   -8,   -3,   -1,   -8,    3,  -16,   -4,  -22,   -1,   -1,   -8,  -20,  -20,  -16,   -3,
     -22,   -8,   -5,   -8,   -5,   -8,   -3,   -3,    4,   -3,   -9,  -11,  -18,  -11,  -18,   -3,
      -3,   -3,    7,   16,   -3,   -3,   -3,   -3,  -11,  -11,  -18,   -3,   -3,    5,    4,   -9,
     -11,   -3,   -3,   13,    7,   -3,   -3,  -18,   -9,  -26,  -26,  -26,  -11,  -29,  -16,   -5,
     -16,  -16,  -16,   -9,  -14,   -1,   -9,   -9,  -16,   -9,  -18,   -8,  -11,  -11,   -8,  -13,
     -11,  -11,   -5,   -5,  -29,  -29,  -29,  -16,  -16,  -16,  -16,  -16,  -16,  -16,  -16,   -1,
      -1,   14,  -16,   -9,  -16,  -16,  -16,  -11,  -11,  -11,  -16,  -16,  -16,  -16,  -16,  -14,
     -14,   -1,    4,   -1,   -9,   -9,   -9,  -18,  -18,  -18,   -8,   -8,  -11,  -11,  -16,  -29,
      -1,  -16,  -16,  -16,  -16,    8,   -1,  -16,   -9,  -16,  -16,  -16,   -1,  -11,  -26,   -5,
     -32,  -13,  -21,  -21,  -13,  -12,  -11,   -8,  -11,   -4,   -3,   -6,   -6,   -6,   -3,  -20,
     -18,  -45,  -38,  -45,  -13,  -32,  -26,  -12,  -11,   -4,   -4,   -4,   -4,   -4,   -6,   -6,
      -6,    8,   20,   -6,   -6,   -6,   -6,  -18,  -18,  -45,   -4,   -4,   -4,   -6,   -6,    8,
     -13,  -20,  -13,   -8,  -38,   -6,   -4,   -4,   -4,   -6,   -6,   -4,   -4,   -6,  -11,  -45,
      -8,  -11,   -8,  -11,  -13,  -61,  -53,  -34,   -4,   -3,   -9,   -4,   -3,  -61,  -24,  -55,
     -46,  -59,   -8,  -45,   -5,   -5,   -1,  -13,  -11,  -33,  -26,  -33,   -5,  -24,  -92,  -11,
     -11,  -33,  -11,   -5,  -61,  -13,  -99,  -71,  -26,  -59,  -33,  -63,  -61,  -63,  -61,   -5,
      -8,  -16,  -18,  -24,  -20,  -26,  -23,  -18,   -1,  -14,   -5,  -11,  -11,   -6,   -4,   -6,
      -3,   -8,   -6,   -6,  -11,   -6,  -12,  -34,  -37,  -58,  -38,  -58,   -3,  -21,  -18,  -14,
     -14,  -14,  -14,  -14,  -11,  -11,  -11,   -3,   -3,    5,  -11,   -6,  -11,  -11,  -11,  -33,
     -33,  -58,   -9,  -14,  -14,  -14,  -11,  -11,   -4,   -4,   -3,   -3,   -3,   -6,   -8,   -6,
      -6,   -6,  -12,  -12,  -12,  -24,  -34,  -24,  -23,  -38,   -3,   -3,  -11,   -3,  -14,  -14,
     -14,  -11,   -3,   -3,  -11,   -6,  -14,  -14,  -11,   -3,  -18,  -58,  -18,  -18,  -11,   -8,
      -8,   -5,   -5,  -18,  -21,   -6,  -16,   -4,   -6,   -3,   -1,  -18,  -20,  -20,  -13,  -18,
      -3,  -11,    3,  -12,  -12,  -20,  -12,  -16,   -9,  -16,  -20,  -18,  -13,  -20,  -12,  -21,
     -21,  -11,  -18,  -18,  -18,  -18,  -18,  -20,  -20,  -20,  -11,  -14,    7,  -20,  -12,  -20,
     -20,  -20,  -16,  -16,  -20,   -3,  -18,  -18,  -18,  -20,  -20,  -18,  -18,  -13,  -11,  -11,
     -12,    3,   -3,  -12,  -12,  -16,  -16,  -16,   -9,  -18,  -12,  -12,  -20,  -21,  -11,  -18,
     -18,  -18,  -20,   -4,  -12,  -20,  -12,  -18,  -18,  -20,  -11,  -20,   -8,  -16,   -1,   52,
     -13,  -21,  -13,   -8,  -42,  -11,  -13,   -1,  -13,   -3,  -18,  -14,  -18,  -26,  -11,  -21,
      16,   -3,   -3,   -3,   -3,  -42,  -42,  -50,   -3,  -26,   -3,   -3,   -3,   -5,  -13,  -14,
      -3,   -3,  -18,  -26,   -3,   -6,  -11,   34,   -6,  -11,  -13,  -11,  -11,  -40,  -40,  -24,
     -16,  -82,  -45,   -4,   -1,  -11,   -3,   -5,   -5,   -3,   -5,   -3,   -3,  -42,  -42,  -71,
      -4,   -3,   -3,   -3,   -3,   -3,   -5,   -5,   -5,    5,   -5,   -5,   -5,   -5,   -3,   -3,
      -3,   -5,   -5,   -3,   -3,   -3,   -3,   -3,   -3,   -3,   -5,  -42,   -3,   -3,   -3,   -5,
      -5,   -3,   -3,   -5,   -4,  -40,  -16,   -1,  103,   20,   20,   21,   -8,  -42,  -11,  -13,
      -1,  -13,   -3,  -18,  -14,  -18,  -26,  -11,  -21,   16,   -3,   -3,   -3,   -3,  -42,  -42,
     -50,   -3,  -26,   -3,    3,   -3,   -5,  -13,  -14,   -3,   -3,  -18,  -26,   -3,   -6,  -11,
      34,   -6,  -11,   20,  -26,  -21,  -21,  -18,  -20,  -20,   -3,  -30,  -27,  -38,  -32,  -41,
     -40,   -4,  -12,  -11,  -11,   -3,   -3,   -9,   -5,   -5,  -11,  -14,   -3,  -20,  -18,  -34,
     -27,  -34,   -1,  -13,  -21,  -26,  -27,  -41,   -4,   -4,   -4,   -4,   -4,  -11,  -11,  -11,
     -11,   -5,  -11,  -11,  -11,  -18,  -18,  -34,   -3,   -4,   -4,   -4,  -11,  -11,   -3,   -3,
      -5,   -9,   -3,   -5,   -5,   -3,   -3,   -3,  -30,  -20,  -30,  -32,  -27,   -1,   -1,  -11,
      -4,   -4,   -4,  -11,  -11,   -5,   -4,   -4,  -11,  -41,  -34,  -26,  -26,  -26,  -26,  -13,
     -16,   -3,   -9,   -1,   -5,   -1,   -9,   -5,   -3,   -1,   -8,   -3,   -3,   -4,   -3,   -1,
      -1,   -4,   -4,   -4,  -11,   -6,   -3,  -11,   -3,   -9,   -9,   -5,   -8,   -3,   -3,   -3,
      -3,   -3,    8,   -1,   -4,   -4,  -11,   -3,   -3,   -3,   -1,   -1,   -1,   -9,   -4,   -9,
      -3,   -6,   -3,   -3,   -9,   -3,   -3,   -3,   -1,   -3,   -3,   -8,  -11,   -3,   -3,  -21,
     -42,  -34,  -42,  -37,   -5,   -5,  -37,  -51,   -3,  -53,   -9,   -3,   -5,   -3,  -26,  -32,
     -32,   -5,  -26,   -3,   -3,    3,   -6,   -6,  -32,   -6,  -20,   -5,   -5,   -3,   -3,   -9,
     -29,  -34,  -21,  -51,  -51,  -48,  -26,  -26,  -26,  -46,  -26,  -32,  -32,  -32,   -3,   13,
      24,  -32,   -6,  -32,  -32,  -32,   -5,   -5,   -3,   -3,  -26,  -26,  -26,  -32,  -32,  -26,
     -26,    7,   -3,   -6,   15,   -3,   -6,   -6,  -20,  -20,  -20,   -5,   -9,   -9,  -32,  -51,
      -3,  -26,  -26,  -26,  -32,   21,    5,  -32,   -6,  -26,  -26,  -32,   -3,   -3,  -42,  -29,
     -12,  -16,  -16,  -24,  -24,  -37,   -4,  -24,   -8,   -4,   -5,   -5,  -16,  -17,  -17,  -13,
     -14,   -3,    7,  -13,  -13,  -17,  -13,  -18,  -16,  -13,  -20,  -17,  -16,  -20,  -14,  -37,
     -37,  -35,  -16,  -16,  -16,  -16,  -16,  -17,  -17,  -17,   -3,    3,    5,  -17,  -13,  -17,
     -17,  -17,  -13,  -13,  -20,  -16,  -16,  -16,  -17,  -17,  -14,  -14,    3,   -3,   -3,  -13,
       7,  -13,  -13,  -18,  -18,  -18,  -16,  -17,  -14,  -14,  -17,  -37,   -3,  -16,  -16,  -16,
     -17,   -3,    3,  -17,  -13,  -16,  -16,  -17,   -3,  -20,  -16,  -26,  -53,  -29,  -53,  -55,
     -16,  -16,  -61,  -66,  -17,  -58,  -12,  -17,  -14,   -3,  -81,    3,  -53,  -53,  -22,  -42,
      -4,   13,  -35,  -35,  -53,  -35,  -46,  -21,  -34,  -24,  -14,  -26,  -24,  -37,  -29,  -29,
     -27,  -18,  -66,  -66, -128,  -81,  -71,  -73,  -63,  -81,  -53, -100,  -75,   -5,   26,   33,
     -53,  -35, -100, -100,  -80,  -34,  -34,  -24,  -81,  -74,  -81,  -53,  -98,  -42,  -80,   22,
      27,   11,  -35,   32,  -35,  -35,  -46,  -81,  -76,  -21,  -14,  -37,  -69,  -53,  -66,    1,
     -81,  -81,  -81,  -75,   27,   16,  -80,  -49,  -81,  -81,  -53,    6,  -24,  -53,  -29,  -18,
     -25,  -35,  -18,  -35,  -45,  -11,  -11,  -50,  -58,  -16,  -51,   -9,  -16,  -11,  -55,    3,
     -43,  -43,  -16,  -41,   -6,   17,  -24,  -24,  -43,  -24,  -37,  -16,  -21,  -22,  -18,  -18,
     -22,  -26,  -21,  -18,  -11,   -9,  -58,  -58,  -55,  -55,  -65,  -59,  -44,  -55,  -43,  -81,
     -73,  -12,    6,   27,  -43,  -24,  -43,  -43,  -79,  -21,  -21,  -22,  -55,  -63,  -55,  -43,
     -43,  -41,  -41,   16,   12,    8,  -24,   37,  -24,  -24,  -37,  -37,  -37,  -16,  -18,  -26,
     -26,  -43,  -58,  -10,  -55,  -55,  -55,  -71,   10,   11,  -73,  -40,  -55,  -55,  -43,   -1,
     -22,  -35,  -21,   -9,  -29,  -18,  -18,   -4,   -5,   -5,   -5,  -16,  -16,  -38,  -34,  -38,
     -11,  -29,  -26,   -5,   -5,   -5,   11,   -5,   -5,   -5,   -5,  -16,  -16,  -38,   -5,   -5,
      -4,  -16,   -4,  -34,   -5,   -5,   16,   -5,   -5,  -38,  -11,  -26,  -49,  -40,  -49,  -53,
     -21,  -21,  -55,  -63,  -29,  -56,   -8,  -29,  -14,  -53,  -55,  -55,  -24,  -53,   -6,   -3,
     -37,  -37,  -55,  -37,  -45,  -21,  -37,  -32,  -24,  -34,  -32,  -40,  -40,  -40,  -32,  -18,
     -63,  -63,  -29,  -53,  -84,  -82,  -71, -100,  -55, -103,  -84,   -6,   15,   33,  -55,  -37,
    -106, -100,  -90,  -37,  -71,  -32,  -92,  -95,  -53,  -55,  -55,  -53,  -53,   19,   11,    6,
     -37,   23,  -37,  -37,  -45,  -71,  -84,  -21,  -24,  -40,  -40,  -55,  -63,   -6,  -53,  -83,
     -96,  -88,   28,   12,  -91,  -54,  -95,  -98, -106,   -1,  -32,  -49,  -40,  -18,   -1,   -3,
      -2,   -1,   -3,   -5,   -4,    5,   -3,   -3,   -3,   -8,   -8,  -18,  -18,  -18,   -4,   13,
      -3,   -8,   -8,  -18,    5,   -3,    5,   -3,   -3,   -5,   -8,   -5,  -18,   -3,  -18,    4,
       8,    5,    5,    5,    4,    4,    8,    5,  -11,  -11,  -21,  -11,  -16,  -48,  -11,  -16,
     -34,  -12,  -34,  -11,  -55,  -42,  -61,  -50,  -66, -116,  -11,  -21,  -21,  -21,  -11,  -21,
     -29,  -48,  -37,  -14,   -9,  -42,  -66,  -11,  -11,  -11,  -11,  -11,  -21,  -21,  -21,  -21,
     -21,  -21,  -21,  -29,  -29,  -48,  -11,  -11,  -11,  -21,  -21,  -11,  -11,  -11,  -55,  -21,
     -55,  -50,  -37,   -9,   -9,  -21,  -11,  -11,  -11,  -21,  -21,  -30,  -12,  -30,  -32,  -12,
     -39,  -18,  -39,  -25,  -14,  -16,  -23,  -14,  -30,  -32,  -18,  -32,  -11,  -11,  -21,  -66,
     -48,  -22,  -40,  -24,   -3,  -19,  -48,  -12,   -3,   -5,   -5,  -10,  -10,   -3,  -10,   -5,
     -14,  -12,  -46,  -46,  -50,   -3,   -3,   -3,   -3,  -10,   -3,   -3,   -3,  -12,  -12,  -50,
      -3,   -3,  -10,   -5,  -10,  -10,   -5,   -5,   -5,  -19,  -14,  -19,  -48,   -3,   -3,   -3,
     -10,   -3,  -50,  -41,  -26,  -41,  -26,   -6,  -21,  -26,   -3,   -3,   -3,  -17,   -3,  -25,
     -40,  -11,   -4,   -5,   -5,  -11,   -4,   -6,   -5,  -20,   -8,   -8,  -20,   -5,   -5,   -5,
      -5,  -20,   -4,   -5,   -4,   -5,   -5,   -4,   -4,   -4,  -25,   -6,  -25,   -8,   -5,   -5,
      -5,  -11,  -17,  -24,  -17,  -24,   -3,  -16,   -5,   -8,  -26,   -1,   -1,   -2,   -1,   -1,
      -1,   -1,   -1,   -1,   -1,   -1,   -1,   -1,   -1,   -2,   -1,   -1,   -2,   -1,   -1,   -1,
      -1,   -5,   -8,   -5,   -8,   -5,  -16,   -5,   -3,   -3,   -1,   -8,   -1,   -1,   -3,   -2,
      -8,   -8,  -16,   -9,  -16,   -3,   -3,   -3,   -3,   -1,   -3,   -3,   -3,   -8,   -8,  -16,
      -3,   -3,   -1,   -1,   -1,   -8,   -1,   -1,   -8,   -9,   -3,   -3,   -3,   -1,   -3,  -16,
     -17,  -17,   -6,  -21,  -26,   -3,   -3,   -3,  -17,   -3,  -25,  -40,  -11,   -4,   -5,   -5,
     -11,   -4,   -6,   -5,  -20,   -8,   -4,  -20,   -5,   -5,   -5,   -5,  -20,   -4,   -5,   -4,
      -5,   -5,   -4,   -4,   -4,  -25,   -6,  -25,   -8,   -5,   -5,   -5,  -20,  -17,  -24,  -17,
     -24,   -3,   26,   79,   86,   53,   -5,   -4,   -5,   29,   54,   37,   -7,  -16,  -16,  -16,
     -11,   -5,   -4,   -5,   -7,   -7,   -7,    1,   -7,  -16,  -16,  -16,  -16,  -16,  -16,  -14,
      -7,   -7,   -7,  -16,  -16,  -11,  -11,  -11,  -16,   -7,   -7,   -7,  -16,  -16,   -7,   -7,
     -16,   77,   90,   84,   90,   -5,   -5,    2,   -5,    7,    4,   -5,   -8,   -3,   -4,  -14,
     -14,   -3,  -14,   -7,   -5,   -5,   -3,   -3,   -3,   -3,   -3,  -14,  -14,  -14,  -14,  -14,
     -14,  -14,   -3,   -3,   -3,   -3,  -14,  -14,   -3,   -7,   -7,   -7,  -14,   -3,   -3,   -3,
     -14,  -14,   -3,   -3,  -14,    4,    4,   -5,  -22,  -40,  -24,   -3,  -19,  -48,  -12,   -3,
      -3,   -5,   -4,   -4,   -3,   -7,   -3,  -14,  -12,  -46,  -46,  -50,   -3,   -3,   -3,   -3,
      -4,   -3,   -3,   -3,  -12,  -12,  -50,   -3,   -3,   -4,   -5,   -4,   -4,   -3,   -3,   -3,
     -19,  -14,  -19,  -48,   -3,   -3,   -3,   -4,   -3,  -22,  -41,  -26,  -41,  -26,   -4,  -20,
     -18,  -13,  -26,   -8,  -11,  -11,  -16,  -32,   -8,   -3,   -3,   -1,   -3,  -13,   -5,  -14,
     -12,  -14,   -8,  -16,   -3,   -3,   -3,   -3,   -3,   -3,   -3,   -5,   -5,  -14,   -3,   -3,
      -1,   -1,  -26,  -13,  -26,  -11,  -12,   -3,   -3,   -3,   -3,  -16,  -14,  -20,  -24,  -31,
     -24,   -5,   -4,   -1,   -1,   -5,   -5,   -3,   -5,   -3,   -1,   -5,   -3,   -4,   -4,   -4,
      -4,   -4,   -3,   -3,   -5,   -5,   -4,   -4,   -4,   -1,   -1,   -5,   -5,   -3,   -3,   -3,
      -4,   -4,   -4,   -4,   -4,   -5,   -5,   -5,  -13,   -6,  -11,   -5,  -24,   -3,   -8,   -8,
      -1,   -1,   -8,   -1,   -4,   -5,   -5,   -6,   -5,  -13,  -11,   -5,   -8,   -8,   -8,   -8,
      -1,   -8,   -8,   -8,   -5,   -5,   -5,   -8,   -8,   -1,   -1,   -1,   -4,   -6,   -8,   -8,
      -8,   -1,   -8,   -5,  -12,  -32,  -12,  -32,  -13,   -6,  -21,  -26,   -3,   -3,   -3,  -17,
      -3,  -25,  -40,  -11,   -4,   -5,   -5,  -11,   -4,   -6,   -5,  -20,   -8,   -9,  -20,   -5,
      -5,   -5,   -5,  -20,   -4,   -5,   -4,   -5,   -5,   -4,   -4,   -4,  -25,   -6,  -25,   -8,
      -5,   -5,   -5,  -11,  -17,  -24,  -17,  -24,   -3,   -5,  -32,   -5,   11,  -10,   -5,  -32,
     -11,   -9,  -11,  -11,   -1,   -3,  -11,   -7,   -7,   -8,  -15,  -12,  -15,  -11,  -11,  -11,
     -11,  -11,  -11,  -11,  -11,  -11,  -11,  -11,  -11,   -8,   -8,  -15,   -3,  -11,  -11,  -11,
     -11,  -11,   -3,   -7,   -7,   -7,   -7,  -12,  -11,  -11,  -11,  -11,  -11,  -11,  -11,  -11,
     -11,  -15,  -32,  -32,   -3,  -11,  -34,  -34,  -29,  -18,  -26,   -3,   -8,   -6,   -6,   -8,
      -6,   -1,   -3,   -3,   -3,   -3,   -3,   -6,   -6,   -6,   -6,   -6,   -6,   -6,   -8,   -3,
      -3,   -3,   -6,   -6,   -8,   -1,   -1,   -6,   -3,   -3,   -3,   -6,   -6,   -3,   -3,   -6,
     -34,   -5,   -5,   -3,  -11,  -24,   -6,   -4,   -5,   -5,   -1,   -5,   -3,   -5,   -5,   -5,
      -4,   -1,   -3,   -3,   -5,   -5,   -8,   -5,   -8,   -4,  -11,  -11,   -5,   -5,   -4,   -3,
      -5,   -5,   -3,   -8,   -8,   -5,   -8,   -8,   -4,   -8,   -5,   -7,   -3,   -5,   -2,  -12,
       5,   -4,   -4,   -4,   -4,   -4,   -5,   -5,   -5,   -5,   -8,   -5,   -5,   -5,   -8,   -8,
      -5,   -4,   -4,   -4,   -5,   -5,   -3,   -3,   -8,   -8,   -8,   -8,   -8,   -8,   -4,   -7,
      -2,   -2,   -5,   -4,   -4,   -4,   -5,   -5,   -8,   -4,   -4,   -5,   -5,   -8,   -8,  -12,
       5,   -3,  -20,  -40,   -5,  -40,  -26,  -27,  -16,   -8,   -6,  -13,  -25,   -8,   -9,  -13,
     -11,  -11,   -5,   -5,   -8,   -8,   -8,   -8,   -8,  -13,  -13,  -13,  -13,  -13,  -13,  -13,
      -9,   -8,   -8,   -8,  -13,  -13,   -8,   -8,   -9,  -11,  -11,  -11,  -13,   -8,   -8,   -8,
     -13,  -13,   -8,   -8,  -13,    5,    5,  -40,  -11,  -18,  -35,   -3,  -35,  -21,  -24,  -16,
      -5,  -11,  -11,   -5,   -5,  -11,   -1,   -6,   -3,   -5,   -5,   -5,   -5,   -5,  -11,  -11,
     -11,  -11,  -11,  -11,  -11,   -5,   -5,   -5,   -5,  -11,  -11,   -5,   -5,   -5,   -1,   -1,
      -1,  -11,   -5,   -5,   -5,  -11,  -11,   -5,   -5,  -11,  -35,   -6,   -3,   -1,  -26,   -4,
      -8,   -8,   -8,   -3,  -13,   -5,   -8,   -8,   -8,   -8,   -8,   -8,   -8,   -8,   -8,   -3,
      -8,   -8,   -8,   -8,  -13,   -4,   -5,   -6,  -21,   -1,   -3,   -3,   -3,   -5,   -4,   -4,
      -4,   -3,   -3,   -3,   -3,   -3,   -3,   -3,   -4,   -3,   -3,    2,   -5,   -4,   -3,   -3,
      -3,   -3,   -4,   -3,   -3,  -13,  -13,  -21,  -14,  -29,  -18,  -41,   -4,  -11,   -5,  -11,
     -11,  -11,   -5,   -8,  -11,  -11,   -8,  -11,  -14,  -41,  -11,  -11,  -11,  -11,  -11,  -11,
     -11,  -11,  -11,  -11,  -11,  -11,  -11,  -11,  -11,  -11,  -11,  -11,  -11,  -11,   -5,   -5,
      -5,  -21,   -8,  -21,  -18,   -8,  -11,  -11,  -11,  -11,  -11,  -11,  -11,  -11,  -11,  -41,
     -11,   -5,   -3,   -5,   -3,  -18,   -9,  -18,  -18,   -9,   -5,  -11,  -11,  -37,  -11,  -11,
     -21,  -16,  -21,  -11,  -37,  -37,  -18,   -3,   -3,   -1,   -1,  -11,   -5,   -5,   -5,  -11,
      -5,  -12,  -16,  -12,  -16,   -5,  -21,   -8,  -21,  -27,  -11,  -26,  -32,   -5,   -5,   -5,
      -5,  -21,  -21,  -21,  -32,   -5,  -21,   -5,  -21,  -11,  -21,  -32,   -5,   -8,  -25,  -25,
     -12,  -29,  -29,  -18,  -11,  -37,   -3,  -11,   -6,  -13,  -11,  -12,  -12,  -37,  -11,  -29,
      -3,  -29,  -18,   -6,  -12,  -37,  -11,  -25,  -32,   -8,  -32,  -42,  -38,  -53,  -42,  -58,
     -11,  -17,  -22,  -22,  -22,   -9,  -32,  -26,  -45,  -38,  -18,  -38,  -58,  -11,  -11,  -11,
     -11,  -11,  -22,  -22,  -22,  -22,  -22,  -22,  -22,  -26,  -26,  -45,  -11,  -11,  -11,  -22,
     -22,   -9,   -9,   -9,  -42,  -32,  -42,  -42,  -38,  -22,  -11,  -11,  -11,  -22,  -22,  -11,
     -11,  -22,  -58,  -45,  -26,  -42,  -26,  -42,  -16,   -1,   52,  -13,  -21,  -13,   -8,  -42,
     -11,  -13,   -1,  -13,   -3,  -18,  -14,  -18,  -26,  -11,  -21,   16,   -3,   -3,   -3,   -3,
     -42,  -42,  -48,   -3,  -26,   -3,   -3,   -3,  -13,  -13,  -14,   -3,   -3,  -42,  -26,   -3,
      -6,  -11,   34,   -6,  -11,  -13,   -8,  -32,  -35,  -18,  -24,  -33,  -11,  -12,  -16,  -16,
     -24,  -24,  -37,   -4,  -24,  -11,   -4,   -5,   -5,  -16,  -17,  -17,  -13,  -14,   -3,    7,
     -13,  -13,  -17,  -13,  -18,  -16,  -13,  -20,  -17,  -16,  -20,  -14,  -37,  -37,  -35,  -16,
     -16,  -16,  -16,  -16,  -17,  -17,  -17,   -3,    3,    5,  -17,  -13,  -17,  -17,  -17,  -13,
     -13,  -20,  -16,  -16,  -16,  -17,  -17,  -14,  -14,    3,   -3,   -3,  -13,    7,  -13,  -13,
     -18,  -18,  -18,  -16,  -17,  -14,  -14,  -17,  -37,   -3,  -16,  -16,  -16,  -17,   -3,    3,
     -17,  -13,  -16,  -16,  -17,   -3,  -20,  -16,  -26,  -49,  -40,  -49,  -53,  -21,  -21,  -55,
     -63,  -29,  -56,   -8,  -29,  -14,  -53,  -55,  -55,  -24,  -53,   -6,   -3,  -37,  -37,  -55,
     -37,  -45,  -21,  -37,  -32,  -24,  -34,  -32,  -40,  -40,  -40,  -32,  -18,  -63,  -63,  -29,
     -53,  -84,  -82,  -66, -100,  -55, -103,  -84,   -6,   17,   36,  -55,  -37, -106, -100,  -90,
     -37,  -71,  -32,  -92,  -95,  -53,  -55,  -55,  -53,  -53,   19,   16,    6,  -37,   23,  -37,
     -37,  -45,  -71,  -84,  -21,  -24,  -40,  -40,  -55,  -63,   -6,  -53,  -83,  -96,  -88,   28,
      12,  -91,  -54,  -95,  -98, -106,   -1,  -32,  -49,  -40,  -18,  -16,   18,  -11,   18,   -5,
     -11,  -22,  -58,  -18,    2,    2,  -16,  -16,  -16,  -60,  -11,    2,    2,  -16,  -60,  -11,
     -11,   -3,   -3,   -6,   -3,   -3,   -3,  -12,  -11,  -34,  -21,   -5,  -34,   -5,   -3,   -5,
      -5,  -34,   -3,   -3,   -3,   -6,   -3,   -3,   -9,  -21,   -3,   -3,   -3,  -34,  -22,  -40,
     -24,   -3,  -19,  -48,  -12,   -3,   -3,   -5,   -4,   -4,   -3,   -7,   -3,  -14,  -12,  -47,
     -48,  -50,   -3,   -3,   -3,   -3,   -4,   -3,   -3,   -3,  -12,  -12,  -50,   -3,   -3,   -4,
      -5,   -4,   -4,   -3,   -3,   -3,  -19,  -14,  -19,  -48,   -3,   -3,   -3,   -4,   -3,  -50,
     -41,  -26,  -41,  -26,  -22,  -40,  -24,   -3,  -19,  -48,  -12,   -3,   -3,   -5,   -4,   -4,
      -3,   -7,   -3,  -14,  -12,  -46,  -48,  -50,   -3,   -3,   -3,   -3,   -4,   -3,   -3,   -3,
     -12,  -12,  -50,   -3,   -3,   -4,   -5,   -4,   -4,   -3,   -3,   -3,  -19,  -14,  -19,  -48,
      -3,   -3,   -3,   -4,   -3,  -50,  -41,  -26,  -41,  -26,   -6,  -21,  -26,   -3,   -3,   -3,
     -17,   -3,  -25,  -40,  -11,   -4,   -5,   -5,  -11,   -4,   -6,   -5,  -20,   -8,   -5,  -20,
      -5,   -5,   -5,   -5,  -20,   -4,   -5,   -4,   -5,   -5,   -4,   -4,   -4,  -25,   -6,  -25,
      -8,   -5,   -5,   -5,  -11,  -17,  -24,  -17,  -24,   -3,   -4,  -20,  -18,  -13,  -26,   -8,
     -11,  -11,  -16,  -32,   -8,   -3,   -3,   -1,   -3,  -13,   -5,  -14,  -12,  -14,   -8,  -16,
      -3,   -3,   -3,   -3,   -3,   -3,   -3,   -5,   -5,  -14,   -3,   -3,   -1,   -1,  -26,  -13,
     -26,  -11,  -12,   -3,   -3,   -3,   -3,  -16,  -14,  -23,  -30,  -23,  -30,   -5,  -16,  -16,
      -3,  -11,  -21,  -12,  -12,   -3,  -13,   -5,  -20,  -16,  -20,  -27,  -13,  -26,   -3,   -3,
      -1,   -3,   -3,   -3,   -3,  -21,  -48,  -55,   -5,  -27,   -3,   -3,   -3,   -3,   -3,   -3,
      -3,   -3,   -3,   -1,   -1,   -1,  -13,  -13,  -16,   -3,   -3,  -21,   -3,   -3,   -3,   -3,
      -3,  -27,   -3,   -3,  -11,   -3,  -11,  -16,   -5,   -5,  -17, -128, -115, -115,  -53,  -75,
     -75,  -17,   -8,   -5,  -46,  -54,  -54,  -49,   -8,  -41,  -76,  -54,  -76,  -48,  -44,  -70,
     -68,  -31,  -17,  -68,  -38, -101, -128,  -17,  -64,  -95,  -95,  -46,  -95,  -46,  -54,  -54,
     -54,  -54,  -85,  -54,  -54,  -54,  -73,  -73,  -67,  -46,  -95,  -46, -109,  -54,  -49,  -49,
     -41,   -8,  -85,  -41,  -48,  -48,  -48,  -44,  -45,  -38,  -38, -119,  -95,  -46,  -46,  -54,
     -54,  -41,  -46,  -46,  -54,  -67,  -16,  -26,  -16,  -20,  -60, -101,  -59,  -87,  -53,  -18,
      -4,   -3,   -9,   -4,   -3,  -72,  -24,  -58,  -44,  -60,   -8,  -45,   -5,   -5,   -1,  -13,
     -11,  -33,  -26,  -33,   -5,  -24,  -60,  -11,  -11,  -33,  -11,   -5,  -72,  -13,  -72,  -44,
     -26,  -60,  -33,  -78,  -74,  -78,  -74,   -5,   -5,  -15, -126, -113, -113,  -53,  -73,  -73,
     -15,   -8,   -5,  -87, -102, -102,  -91,   -8,  -74,  -74, -102,  -74,  -48,  -44,  -70,  -67,
     -27,  -10,  -63,  -38,  -53, -126,  -15,  -57,  -97,  -97,  -97,  -97,  -97, -116, -116, -116,
    -116,  -81, -116, -116, -116,  -72,  -72,  -67,  -97,  -97,  -97, -116, -116, -104, -104,  -81,
      -8,  -81,  -81, -101, -101, -101,  -44,  -46,  -75,  -75, -116,  -97,  -97,  -97, -116, -116,
     -81,  -97,  -97, -116,  -67,  -16,  -24,  -16,  -18, -126,  -99,  -54,   -5,  -16,   -5,   -5,
      -5,   -1,   -8,   -1,   -1,   -4,   -2,   -8,   -8,  -24,   -9,  -24,   -5,   -5,   -5,   -5,
      -1,   -5,   -5,   -5,   -8,   -8,  -24,   -5,   -5,   -1,   -1,   -1,   -8,   -1,   -1,   -8,
      -9,   -5,   -5,   -5,   -1,   -5,  -24,  -17,  -17,  -21,  -42,  -34,  -42,  -37,   -5,   -5,
     -37,  -51,   -3,  -53,   -9,   -3,   -5,   -3,  -26,  -32,  -32,   -5,  -26,   -3,   -3,    3,
      -6,   -6,  -32,   -6,  -20,   -5,   -5,   -3,   -3,   -9,  -29,  -34,  -21,  -51,  -51,  -48,
     -26,  -26,  -26,  -46,  -26,  -32,  -32,  -32,   -3,   13,   20,  -32,   -6,  -32,  -32,  -32,
      -5,   -5,   -3,   -3,  -26,  -26,  -26,  -32,  -32,  -26,  -26,    7,   -3,   -6,   15,   -3,
      -6,   -6,  -20,  -20,  -20,   -5,   -9,   -9,  -32,  -51,   -3,  -26,  -26,  -26,  -32,   21,
       5,  -32,   -6,  -26,  -26,  -32,   -3,   -3,  -42,  -29,   -2,   -5,   -5,  -16,   -5,  -11,
     -16,  -16,   -5,  -13,   -5,   13,   -4,    5,   -5,   -5,   -3,   -8,   -8,   -5,   -8,   -8,
     -18,   -8,   -5,   -7,   -3,   -5,   -2,  -32,  -16,   -5,   -4,   -4,   -4,   -4,   -4,   -5,
      -5,   -5,  -16,   -8,   -5,   -5,   -5,   -8,   -8,   -5,   -4,   -4,   -4,   -5,   -5,   -3,
      -3,   -8,  -16,  -16,   -8,   -8,   -8,  -18,  -14,   -2,   -2,  -16,  -11,   -4,   -4,   -5,
      -5,   -8,   -4,   -4,   -5,   -5,    5,    5,   -5,  -32,  -25,  -35,  -18,  -35,  -45,  -11,
     -11,  -50,  -58,  -16,  -51,   -7,  -16,  -11,  -55,    3,  -43,  -43,  -16,  -41,   -6,   17,
     -24,  -24,  -43,  -24,  -37,  -16,  -21,  -22,  -18,  -18,  -22,  -26,  -21,  -18,  -11,   -9,
     -58,  -58,  -55,  -55,  -65,  -59,  -44,  -55,  -43,  -81,  -73,  -12,   19,   37,  -43,  -24,
     -43,  -43,  -79,  -21,  -21,  -22,  -55,  -63,  -55,  -43,  -43,  -41,  -41,   24,   14,    8,
     -24,   45,  -24,  -24,  -37,  -37,  -37,  -16,  -18,  -26,  -26,  -43,  -58,  -10,  -55,  -55,
     -55,  -71,   10,   11,  -73,  -40,  -55,  -55,  -43,   -1,  -22,  -35,  -21,   -9,  -21,  -62,
     -38,  -62,  -50,  -21,  -21,  -11,  -64,  -24,  -48,  -11,  -24,   -6,    2,    8,    5,   10,
      10,  -37,  -43,  -43,  -13,  -40,  -21,  -21,  -43,  -21,  -41,  -20,  -18,  -17,  -14,  -13,
     -17,  -25,  -43,  -38,  -16,  -64,  -64,  -32,    2,   10,  -37,  -37,  -37,  -37,  -37,  -43,
     -43,  -43,  -43,  -21,  -43,  -43,  -43,  -18,  -18,  -17,  -37,  -37,  -37,  -43,  -43,  -40,
     -40,  -21,  -21,  -21,  -41,  -41,  -41,  -20,    5,  -14,  -25,  -25,  -43,  -64,  -37,  -37,
     -37,  -43,  -43,  -21,  -37,  -37,  -43,   10,  -17,  -62,  -43,  -16,   -8,  -43,  -22,  -43,
     -37,    4,  -21,  -14,  -22,  -22,   -3,   -3,  -22,   -5,  -17,   -4,  -16,  -22,  -14,  -14,
     -14,  -14,  -14,  -22,  -22,  -22,  -22,   -3,  -22,  -22,  -22,  -14,  -14,  -14,  -22,  -22,
      -3,   -3,   -3,  -17,  -17,  -17,   -4,   -4,  -22,  -14,  -14,  -14,  -22,  -22,   -3,  -14,
     -14,  -22,  -43,  -16,  -27,  -84,  -49,  -84,  -37,  -63,  -77,  -21,  -26,  -11,  -21,  -12,
      11,   12,    5,    5,   -3,  -56,  -64,  -64,  -21,  -58,   -9,   -1,  -32,  -32,  -64,  -32,
     -55,  -22,  -25,  -21,  -16,  -20,  -21,  -32,  -61,  -49,  -21,  -77,  -77,    5,  -56,  -56,
     -56,  -56,  -56,  -64,  -64,  -64,   -9,   -9,   -9,  -64,  -32,  -64,  -64,  -64,  -25,  -25,
     -21,  -56,  -56,  -56,  -64,  -64,  -58,  -58,   -9,   -9,   -9,  -32,   -1,  -32,  -32,  -55,
     -55,  -55,  -22,   12,  -16,  -32,  -32,  -64,  -77,   -9,  -56,  -56,  -56,  -64,   -9,   -9,
     -64,  -32,  -56,  -56,  -64,   -9,    5,  -21,  -84,  -61,  -21,  -20,    3,  -53,  -22,  -53,
     -33,   -5,   -5,  -35,  -13,  -24,  -24,  -24,  -16,   -4,  -32,  -22,  -13,  -13,  -13,  -13,
     -13,  -24,  -24,  -24,  -24,  -24,  -24,  -24,  -13,  -13,  -13,  -24,  -24,  -16,  -16,  -16,
      -4,   -4,  -24,  -13,  -13,  -13,  -24,  -24,  -13,  -13,  -24,  -53,  -32,  -10,  -11,   -8,
     -11,  -16,  -11,  -27,  -26,  -26,  -21,   -5,   -5,   -5,  -21,  -11,   -5,   -5,   -5,   -5,
     -26,  -26,  -36,  -36, -121,  -53,  -58,  -50,  -16,  -26,  -34,  -53,  -11,  -34,  -34,  -34,
       5,  -26,   -5,  -53,  -42,    5,    8,  -48,  -26,  -11,   -8,  -11,  -11,   -3,   -8,   16,
       5,   -5,  -21,  -29,  -18,  -34,  -32,  -84,  -16,  -26,  -34,  -58,  -34,  -37,  -11,  -90,
     -21,  -16,  -87,   -8,  -11,  -18,  -34,  -26,  -32,  -48,  -66,  -37,  -26,  -34,  -34,  -11,
      21,  -11,  -61,  -16,    8,   -8,    8,  -58,  -11,  -18,  -11,  -16,   -6,  -12,  -36,  -36,
     -16,  -32,  -18,   -5,  -18,   -5,  -36,   16,  -45,   16,  -16,  -16,  -32,   -5,  -29,  -24,
     -48,  -16,  -32,  -32,  -50,  -40,  -32,  -37,  -40,  -40,  -56,  -56,  -16,  -43,  -16,   -5,
     -17,  -14,  -17,  -18,  -14,  -11,  -16,   11,  -21,  -17,    5,   -3,  -11,  -11,  -11,  -11,
     -16,  -11,  -11,  -16,  -16,  -11,  -11,   -3,  -17,  -18,  -11,  -18,  -39,  -39,   -5, -128,
     -21,  -77,  -61,  -21,  -21,  -21,  -42,  -16,  -11,  -66,  -40,  -53,  -24,   -8,  -11,  -16,
     -24,  -32,  -48,  -26,  -30,  -37,  -49,  -40,  -37,  -30,  -61,  -64,  -49,  -32,  -49,  -34,
     -26,  -49,  -29,  -32,  -37,  -30,  -37,  -30,  -61,  -49,  -49,  -48,  -30,   -2,  -29,  -40,
     -24,  -77,  -42,  -16,  -59,  -16,  -29,  -12,    5,  -29,  -32,  -12,  -48,  -16,  -45,  -58,
       8,   -1,  -16,   -5,   -3,   -5,   -5,   -5,   -3,  -11,   -3,  -26,  -42,   -3,  -37,  -32,
      -5,  -11,   -5,    3,   -3,   -3,   -5,   -5,  -29,  -37,  -90,  -37,  -32,  -70,  -70,  -23,
      -5,  -11,   -5,  -11,   -6,   -5,  -11,   -5,   -8,   -5,   -5,   -8,   -5,   -8,  -11,  -13,
     -11,   -8,  -11,   -5,  -16,   -5,   -8,  -16,  -18,  -11,  -16,  -16,  -20,  -11,   -5,  -11,
     -17,  -11,   -8,  -13,   -8,  -11,  -11,   -9,   -8,  -11,   -8,   -9,   -8,  -17,   -8,   -8,
     -13,  -11,  -11,  -11,  -17,  -11,  -17,  -16,  -16, -121,  -26,  -58,  -50,  -16,  -26,  -34,
     -26,  -11,  -34,  -34,  -34,    5,  -26,   -5,  -53,  -42,    5,    8,  -48,  -26,  -11,   -8,
     -11,  -11,   -3,   -8,   16,    5,   -5,  -21,  -29,  -18,  -13,  -32,  -84,  -16,  -26,  -32,
     -58,  -26,  -37,  -11,  -90,  -21,  -16,  -87,   -8,  -11,  -18,  -33,  -26,  -32,  -48,  -66,
     -37,  -26,  -33,    5,  -11,   21,  -11,  -61,  -16,    8,   -8,    8,  -58,  -11,   -3,   -5,
      -3,   -9,   -3,   -6,   -8,  -13,  -11,   -5,   -5,  -11,  -11,  -16,   -5,  -11,  -24,  -26,
      -5,  -11,  -11,   -5,   -9,  -21,   -9,  -32,  -43,  -32,   -5,  -10,  -24,  -10,  -18,  -24,
      -5,  -16,   11,  -21,  -25,    5,   -3,  -11,  -11,  -11,  -11,  -21,  -37,  -11,  -24,  -45,
     -11,  -11,   -3,  -15,  -18,  -40,  -18,  -39,  -39,   -5,   -9,   -9,  -13,  -11,  -13,  -11,
     -13,  -11,  -11,   -9,  -16,  -43,  -16,   -5,  -10,  -14,  -10,  -18,  -14,  -11,  -16,   11,
     -21,  -25,    5,   -3,  -11,  -11,  -11,  -11,  -16,  -11,  -11,  -16,  -16,  -11,  -11,   -3,
     -15,  -18,  -11,  -18,  -39,  -39,   -5,  -16,  -16,   -5,  -11,  -13,   -6,   -5,  -16,   -8,
     -11,  -11,  -11,  -18,   -9,  -11,   -5,  -18,   -5,   -8,  -16,  -21,  -16,  -23,  -23,  -27,
     -27,  -23,  -18,  -14,  -36,  -18,  -32,  -11,  -13,  -11,  -11,  -15,  -11,  -19,   -8,   -8,
     -16,  -13,  -11,   -8,  -27,  -16,  -11,   -5,   -5,   -8,  -11,   -8,  -18,   -8,   -8,  -13,
     -13,  -29,  -18,  -16,  -16,  -27,  -42,  -48,  -25,   11,  -48,  -21,  -34,  -18,   -8,   -5,
      11,   16,  -16,  -11,   -5,  -18,  -13,   -5,   -5,   -5,  -34,   -5,  -13,  -13,  -13,   -5,
      -5,   -5,  -26,  -13,  -13,   -5,   -5,  -36,   -5,  -48,   -5,   -5,   -5,  -18,  -13,  -16,
      -5,   -4,  -11,   -5,   -9,  -11,  -11,   -8,   -5,  -11,   -5,  -11,  -13,  -13,  -14,   -5,
     -13,   -5,  -13,  -13,  -18,  -16,  -13,  -13,  -24,   -5,  -14,   -5,  -18,  -13,  -13,  -11,
      -5,   -5,  -11,   -4,  -13,  -16,  -13,  -16,  -53,  -26,  -53,  -43,  -11,  -11,  -26,  -13,
      -8,   -8,  -53,  -29,  -48,  -21,   -5,   -5,  -13,   -8,   -5,   -6,  -21,  -34,  -11,  -16,
     -32,  -40,  -18,  -24,  -16,  -48,  -16,  -40,  -13,  -40,  -18,   -6,  -40,   -9,   -5,  -17,
     -16,  -24,  -16,  -42,  -40,  -40,  -26,  -16,   13,  -16,  -34,  -18,  -53,  -13,  -20,  -20,
     -18,  -18,  -26,  -22,  -21,  -21,  -16,  -11,   -5,  -14,  -11,  -17,  -18,  -13,  -34,  -13,
     -26,  -34,  -24,  -24,  -23,  -23,  -20,  -16,  -16,  -11,  -15,  -11,   -5,   -5,  -15,  -11,
     -16,   -8,  -11,   -8,  -16,   -8,   -5,   -8,   -8,  -32,  -32,   -8,  -32,  -29,   -5,   -8,
      -8,  -11,   -5,  -24,   -5,   -7,  -14,   -7,   -8,  -14,  -16,  -14,  -27,  -27,  -16,  -18,
     -14,  -18,  -18,  -11,  -11,  -13,  -11,   -5,  -14,  -11,  -19,   -8,   -8,  -16,  -13,  -11,
      -8,  -27,  -16,  -11,   -5,   -5,   -8,  -11,   -8,  -18,   -8,   -8,  -13,  -13,  -29,  -18,
     -16,  -16,  -27,  -39,   -3,   10,    5,  -11,  -21,  -17,   -8,   -3,  -13,  -39,  -39,  -11,
     -11,   -8,  -11,  -13,   -9,  -13,  -11,  -11,  -43,   -5,   -9,   -8,   -8,  -27,  -27, -100,
     -11,  -42,  -25,  -23,  -11,   -3,  -11,   -5,  -26,  -30,   -5,   -5,   -5,   -5,  -18,   -5,
     -12,   -8,  -53,  -42,  -39,  -14,  -14,  -32,    5,   -5,   -5,  -34,    2,   -5,  -17,   -5,
      -5,   -4,   -8,   -5,  -21,   -3,   -5,   -5,  -13,  -18,  -18,   -8,   -8,  -41,   -9,  -23,
     -23,   -8,  -34,  -15,  -48,  -16,  -13,  -36,   -5,   -5,   -3,   -9,   -5,  -11,   -5,   -3,
      -3,  -11,   -5,   -5,  -18,  -18,  -16,  -25,   -6,   -6,   -6,  -11,   -6,    3,   -3,   -6,
      -6,   -8,   -8,  -58,  -48,  -32,  -24,  -17,  -21,  -33,   -7,  -22,  -26,  -11,  -11,  -48,
     -50,  -50,  -36,  -13,   -8,   -7,   -5,  -16,  -13,   -5,  -11,   -5,  -34,   -5,  -13,   -5,
     -13,   -5,   -5,  -13,   -5,  -11,   -5,  -26,  -13,   -5,  -13,  -11,   -5,   -5,  -42,  -50,
     -30,   -5,   -9,    8,    8,   -9,   -9,   -9,   -9,   -9,    8,  -25,   -3,   -3,   -3,   -3,
      -3,   -3,   11,  -56,   11,  -21,  -21,  -21,  -13,  -21,  -36,  -36,  -48,  -11,  -11,  -21,
     -11,  -39,  -39,  -15,   -3,   -3,   -3,   -5,   -3,    3,   -3,   -3,   -3,   -4,   -4,  -27,
       9,  -15,  -12,   16,  -45,   16,  -26,  -26,  -53,   -5,  -21,  -26,  -40,  -26,  -53,  -53,
     -16,  -43,  -16,   -5,  -10,  -30,  -10,  -37,  -30,  -43,  -26,   11,  -21,  -25,    5,   -3,
     -11,  -11,  -11,  -11,  -16,  -11,  -11,  -16,  -16,  -11,  -11,   -3,  -15,  -37,  -11,  -37,
     -78,  -78,   -5,  -65,    2,   -5,  -17,   -5,   -5,  -34,  -50,   -5,  -21,   -3,   -5,   -5,
     -13,  -61,  -61, -121,  -79,  -58,  -50,  -53,  -53,  -34,  -79,  -11,  -34,  -34,  -34,    5,
     -26,   -5,  -53,  -42,    5,    8, -100,  -26,  -24,   -8,  -18,  -32,   -3,  -26,   16,    5,
      -5,  -53,  -66,  -32,  -50,  -50,  -84,  -48,  -69,  -45, -116,  -61,  -82,  -40,  -90,  -40,
     -55,  -87,  -37,  -26,  -55,  -46,  -69,  -48, -106,  -82,  -82,  -26,  -33,    5,  -11,   21,
     -11,  -24,  -48,    8,   -8,    8,  -58,  -11, -100,  -11,  -42,  -25,  -23,  -11,   -3,  -11,
     -11,  -26,  -30,  -11,  -11,   -5,  -11,  -18,  -11,  -12,   -8,  -53,  -42,  -34,    2,   -5,
     -17,   -5,   -5,   -4,    8,   -5,  -21,   -3,   -5,   -5,  -13,  -18,  -18,  -16,  -43,  -16,
     -11,  -10,  -14,  -10,  -18,  -14,  -11,  -16,   11,  -21,  -25,    5,   -3,  -11,  -11,  -11,
     -11,  -16,  -11,  -11,  -16,  -16,  -11,  -11,   -3,  -15,  -18,  -11,  -18,  -39,  -39,  -11,
    -128,  -21,  -77,  -61,  -21,  -21,  -21,  -84,  -32,  -11,  -66,  -40, -111,  -24,   -8,  -11,
     -32,  -24,  -32,  -48,  -26,  -30,  -37,  -49,  -40,  -37,  -30,  -61,  -64,  -49,  -32,  -49,
     -34,  -26,  -49,  -29,  -32,  -37,  -30,  -37,  -30,  -61,  -49,  -49,  -48,  -30,   -2,  -29,
     -40,  -24,  -77,  -84,  -41,  -41,  -18,   -5,  -21,   -5,   -5,   -5,   -5,   -5,  -41,  -43,
     -32,  -32,  -34,  -48,  -45,  -32,  -32,  -34,  -34,  -39,  -39,  -21,  -62,  -38,  -62,  -50,
     -21,  -21,  -11,  -64,  -24,  -48,   -5,  -24,   -6,    2,    8,    5,   10,   10,  -37,  -43,
     -43,  -13,  -40,  -21,  -21,  -43,  -21,  -41,  -20,  -18,  -17,  -14,  -13,  -17,  -25,  -43,
     -38,  -16,  -64,  -64,  -16,    2,   10,  -37,  -37,  -37,  -37,  -37,  -43,  -43,  -43,  -43,
     -21,  -43,  -43,  -43,  -18,  -18,  -17,  -37,  -37,  -37,  -43,  -43,  -40,  -40,  -21,  -21,
     -21,  -41,  -41,  -41,  -20,    5,  -14,  -25,  -25,  -43,  -64,  -37,  -37,  -37,  -43,  -43,
     -21,  -37,  -37,  -43,   10,  -17,  -62,  -43,  -16,   -8,  -43,  -22,  -43,  -37,    4,  -21,
     -14,  -22,  -22,   -3,   -3,  -22,   -3,  -17,   -4,  -16,  -22,  -14,  -14,  -14,  -14,  -14,
     -22,  -22,  -22,  -22,   -3,  -22,  -22,  -22,  -14,  -14,  -14,  -22,  -22,   -3,   -3,   -3,
     -17,  -17,  -17,   -4,   -4,  -22,  -14,  -14,  -14,  -22,  -22,   -3,  -14,  -14,  -22,  -43,
     -16,  -27,  -84,  -49,  -84,  -37,  -63,  -77,  -21,  -26,   -5,  -21,  -12,   11,   12,    5,
       5,   -3,  -56,  -64,  -64,  -21,  -58,   -9,   -1,  -32,  -32,  -64,  -32,  -55,  -22,  -25,
     -21,  -16,  -20,  -21,  -32,  -61,  -49,  -21,  -77,  -77,    5,  -56,  -56,  -56,  -56,  -56,
     -64,  -64,  -64,   -9,   -9,   -9,  -64,  -32,  -64,  -64,  -64,  -25,  -25,  -21,  -56,  -56,
     -56,  -64,  -64,  -58,  -58,   -9,   -9,   -9,  -32,   -1,  -32,  -32,  -55,  -55,  -55,  -22,
      12,  -16,  -32,  -32,  -64,  -77,   -9,  -56,  -56,  -56,  -64,   -9,   -9,  -64,  -32,  -56,
     -56,  -64,   -9,    5,  -21,  -84,  -61,  -21,  -26,  -49,  -40,  -49,  -53,  -21,  -21,  -55,
     -63,  -29,  -56,   -8,  -29,  -14,  -53,  -55,  -55,  -24,  -53,   -6,   -3,  -37,  -37,  -55,
     -37,  -45,  -21,  -37,  -32,  -24,  -34,  -32,  -40,  -40,  -40,  -32,  -18,  -63,  -63,  -29,
     -53,  -84,  -82,  -66, -100,  -55, -103,  -84,   -6,   12,   31,  -55,  -37, -106, -100,  -90,
     -37,  -71,  -32,  -92,  -95,  -53,  -55,  -55,  -53,  -53,   19,   16,    6,  -37,   23,  -37,
     -37,  -45,  -71,  -84,  -21,  -24,  -40,  -40,  -55,  -63,   -6,  -53,  -83,  -96,  -88,   28,
      12,  -91,  -54,  -95,  -98, -106,   -1,  -32,  -49,  -40,  -18,  -53,  -53,  -27,    5,  -58,
      -8,  -53,  -11,   -8,  -13,  -24,  -24,  -16,  -29,   -3,   -5,   -5,  -24,   -5,  -24,   -8,
     -69,  -58,  -58, -103,  -13,  -13,  -13,  -13,  -13,  -24,  -24,  -24,   10,   24,  -24,   -5,
     -24,  -24,  -24,   -3,  -13,  -13,  -13,  -24,  -24,  -29,  -29,    7,    5,   -5,    5,   -3,
      -5,   -5,  -24,  -24,  -24,   -8,  -24,  -58,  -13,  -13,  -13,  -24,    5,    5,  -24,   -5,
     -23,  -21,  -70,  -30,  -68,  -14,  -54,  -21,  -23,  -21,  -23,  -25,  -18,  -18,  -25,  -34,
     -21,  -14,  -18,  -30,  -18,  -34,  -34,  -14,  -34,  -18,  -14,  -18,  -32,  -34,  -34,  -23,
     -18,  -18, -109,  -68,  -13,  -13,  -24,  -53,  -26,  -58,  -58,  -11,  -40,   -5,  -17,   -6,
     -49,  -29,  -48,  -29,  -11,   -5,  -41,  -52,  -52,  -29,  -42,  -12,    5,   11,  -11,  -11,
     -52,  -11,  -43,  -16,  -18,  -21,  -24,  -16,  -21,  -16,  -79,  -49,  -49,  -48,  -41,  -41,
     -41,  -41,  -41,  -52,  -52,  -52,    5,   13,   25,  -52,  -11,  -52,  -52,  -52,  -18,  -18,
     -21,  -12,  -41,  -41,  -41,  -52,  -52,  -42,  -42,   18,   13,    5,  -11,   11,  -12,  -11,
     -11,  -43,  -43,  -43,  -16,  -24,  -16,  -16,  -52,  -49,    5,  -41,  -41,  -41,  -84,   42,
      16,  -84,  -11,  -41,  -41,  -52,   16,  -21,  -58,  -11,   -5,  -37,  -32,  -21,  -21,  -50,
     -26,  -59,  -45,  -58,  -13,   -8,   -8,   -8,  -21,  -18,  -53,  -45,  -87,  -26,  -58,   -8,
      -8,   -8,   -8,   -8,   -8,   -8,  -18,  -18,  -53,   -8,   -8,  -50,  -21,  -50,  -45,  -45,
      -8,   -8,   -8,   -8,  -58,  -53,   -3,   -6,   -3,   -3,   -4,   -5,   -5,  -11,   -5,   -4,
      -3,   -5,   -1,   -6,   -1,   -4,   -1,  -24,  -26,   -8,  -16,  -26,   -8,  -29,  -26,  -29,
     -43,  -27,  -21,   -6,  -40,  -11,   -1,   -3,   -3,   -3,   -3,   -8,   -3,  -14,   -9,  -14,
      -3,   -3,   -3,  -14,   -1,   -1,   -3,   -3,   -3,   -3,   -8,   -9,   -3,  -14,
};

static const EpdLigaturePair literatamono_16_boldLigaturePairs[] = {
    { 0x00660069, 0xFB01 }, // f i -> U+FB01
    { 0x0066006C, 0xFB02 }, // f l -> U+FB02
};

static const EpdFontData literatamono_16_bold = {
    literatamono_16_boldBitmaps,
    literatamono_16_boldGlyphs,
    literatamono_16_boldIntervals,
    68,
    49,
    39,
    -11,
    true,
    literatamono_16_boldGroups,
    13,
    nullptr,
    nullptr,  // kernLeftClasses: built-in fonts use the split arrays below
    nullptr,  // kernRightClasses
    literatamono_16_boldKernLeftCodepoints,
    literatamono_16_boldKernLeftClassIds,
    literatamono_16_boldKernRightCodepoints,
    literatamono_16_boldKernRightClassIds,
    nullptr,  // kernMatrix: built-in fonts use the sparse form below
    literatamono_16_boldKernRowOffsets,
    literatamono_16_boldKernSparseCols,
    literatamono_16_boldKernSparseValues,
    569,
    514,
    173,
    214,
    literatamono_16_boldLigaturePairs,
    2,
};
