/**
 * generated by fontconvert.py
 * name: literatamono_18_regular
 * size: 18
 * mode: 2-bit  compressed: true
 * Command used: fontconvert.py literatamono_18_regular 18 ../builtinFonts/source/Literata/Literata-Regular.ttf --2bit --compress --pnum --zopfli --mono
 */
#pragma once
#include "EpdFontData.h"

static const uint8_t literatamono_18_regularBitmaps[18696] = {
    0xB4, 0x96, 0x41, 0x8A, 0xF4, 0x38, 0x0C, 0x85, 0x3F, 0xD0, 0xB6, 0x41, 0x57, 0xC9, 0x01, 0x0A,
    0x74, 0x75, 0xC1, 0xBF, 0x6D, 0x98, 0xAB, 0x08, 0x66, 0x2B, 0x78, 0x83, 0x6D, 0x87, 0x4A, 0x2A,
    0xD4, 0x30, 0x9B, 0x71, 0xA4, 0x4F, 0x5D, 0xB2, 0xF2, 0x6C, 0xAB, 0x49, 0xA5, 0x30, 0x22, 0xA3,
    0xE6, 0x95, 0xEF, 0xCB, 0xD3, 0xF9, 0xBC, 0x80, 0x59, 0xAD, 0x52, 0x45, 0x1A, 0xED, 0xD9, 0x31,
    0xCD, 0x97, 0x51, 0xD3, 0x0E, 0x07, 0x4B, 0xEA, 0xA4, 0x63, 0x8B, 0xB9, 0x19, 0x92, 0x54, 0x8B,
    0xD7, 0x3C, 0x2F, 0x7C, 0x91, 0x27, 0xD1, 0x18, 0xB9, 0x48, 0xF1, 0x82, 0xAF, 0xA4, 0x3E, 0x60,
    0x89, 0xF4, 0x27, 0x4D, 0xFA, 0x3B, 0xBD, 0x4A, 0x19, 0x59, 0x31, 0xE0, 0x19, 0x94, 0x4D, 0x54,
    0x64, 0xD9, 0xC8, 0x41, 0x54, 0x81, 0x6B, 0xA2, 0xC1, 0xA4, 0x84, 0xD8, 0x7F, 0x02, 0xF3, 0x73,
    0xA9, 0xA0, 0x62, 0xC0, 0xAB, 0x06, 0x9A, 0xB2, 0x01, 0x2F, 0x4D, 0x8C, 0x35, 0xD4, 0x25, 0x5A,
    0x6A, 0x0E, 0x57, 0x7E, 0x6E, 0xCD, 0x04, 0xB6, 0xD7, 0xB2, 0x84, 0xB0, 0xC6, 0x13, 0x9A, 0x26,
    0x80, 0x46, 0x3B, 0x06, 0x7D, 0x8F, 0x56, 0x33, 0xB6, 0x25, 0xF3, 0x3E, 0x9F, 0x51, 0x15, 0x00,
    0xAE, 0x0C, 0x94, 0x00, 0xED, 0x6A, 0x80, 0xF2, 0x14, 0x60, 0x15, 0x04, 0xE0, 0x79, 0x89, 0x09,
    0xC1, 0x25, 0x02, 0xBD, 0xA2, 0x15, 0x91, 0x2B, 0x4E, 0x1D, 0x4F, 0x4C, 0x35, 0x23, 0x3F, 0x00,
    0x07, 0x7B, 0x3D, 0xD8, 0x2D, 0x82, 0xA6, 0x01, 0x6B, 0x5E, 0x2C, 0x85, 0x6B, 0x58, 0xC9, 0x3E,
    0x43, 0xE3, 0x85, 0xAC, 0x50, 0x13, 0x7F, 0xE5, 0x08, 0xDE, 0xD8, 0x9F, 0x26, 0x84, 0x67, 0x99,
    0x84, 0x83, 0x97, 0xD2, 0x21, 0x32, 0xEA, 0x05, 0x81, 0xF7, 0x0B, 0x84, 0x69, 0x06, 0xD4, 0x33,
    0x44, 0xCD, 0xE0, 0xEB, 0x93, 0x09, 0x94, 0x98, 0xF2, 0x27, 0x12, 0x57, 0xBD, 0xBC, 0x09, 0x57,
    0x9B, 0x86, 0x17, 0x52, 0x11, 0x09, 0x09, 0xD0, 0x73, 0x54, 0x1D, 0x58, 0xE2, 0x10, 0xF0, 0x82,
    0xC6, 0x6A, 0x98, 0xE7, 0xB6, 0x48, 0x82, 0x61, 0x3A, 0xAD, 0x1F, 0xA6, 0x8B, 0xC5, 0xB2, 0xC4,
    0x97, 0xD5, 0x16, 0xA4, 0xA7, 0x7E, 0x80, 0x83, 0x71, 0x40, 0xEF, 0xE2, 0x5D, 0x69, 0x35, 0x6D,
    0x8B, 0x3E, 0xE4, 0xBE, 0x1A, 0xC4, 0x6D, 0x67, 0x76, 0x3F, 0xC2, 0x3A, 0x56, 0xC1, 0x01, 0x38,
    0x10, 0xCB, 0x3B, 0x3C, 0xF5, 0x13, 0x19, 0xBF, 0x02, 0xE5, 0xF4, 0xF8, 0x6D, 0x46, 0x6E, 0xCC,
    0x11, 0x06, 0x01, 0xEB, 0xFF, 0x96, 0x5F, 0x5D, 0x7B, 0xDC, 0xF3, 0x4F, 0x8F, 0x8C, 0x52, 0xA9,
    0xA2, 0x6C, 0x5C, 0xE9, 0x19, 0x34, 0x52, 0x2D, 0x33, 0xA2, 0x46, 0xC1, 0xA0, 0x01, 0x34, 0x50,
    0x60, 0xF5, 0x56, 0xF1, 0xBC, 0x9D, 0x80, 0xD7, 0x59, 0xF6, 0xBD, 0xD4, 0x2F, 0xA5, 0xAF, 0x0F,
    0xD5, 0xFA, 0x4F, 0xA5, 0xC0, 0x0F, 0xE0, 0x2A, 0x08, 0x09, 0x84, 0xD2, 0x8A, 0x48, 0x2F, 0xBC,
    0x3C, 0xB1, 0x8A, 0xC4, 0xFA, 0x02, 0xA0, 0x05, 0xE8, 0x5F, 0xD1, 0x62, 0xDD, 0x71, 0x85, 0x17,
    0x56, 0x53, 0xD9, 0x1A, 0x4F, 0x13, 0x01, 0x52, 0xEF, 0x1D, 0x70, 0x00, 0x4A, 0xB4, 0x9D, 0xF8,
    0x1F, 0x5C, 0x85, 0xA4, 0x1A, 0x0E, 0x09, 0x48, 0x89, 0x4B, 0xF3, 0xD0, 0x8D, 0xB0, 0x01, 0x84,
    0x72, 0x00, 0x44, 0x0C, 0x70, 0x81, 0x4D, 0x34, 0xE0, 0x13, 0x05, 0x44, 0x5E, 0x27, 0x1F, 0x79,
    0x4B, 0x6B, 0x7C, 0xB6, 0x35, 0x23, 0x89, 0x94, 0x24, 0xDE, 0x78, 0xEF, 0xC5, 0xA4, 0xC6, 0xCB,
    0x44, 0x24, 0x13, 0x41, 0x14, 0xB1, 0x6E, 0x73, 0x88, 0xFB, 0x5E, 0x1A, 0x88, 0x02, 0x13, 0x03,
    0x75, 0xAE, 0x8E, 0x00, 0x22, 0xEF, 0xA8, 0x81, 0x3C, 0x06, 0x1A, 0x94, 0x01, 0x22, 0x24, 0xE1,
    0x52, 0x83, 0x94, 0x40, 0xF2, 0x3C, 0xAF, 0x9F, 0x20, 0x06, 0x7A, 0xA0, 0x04, 0x36, 0xE0, 0x79,
    0x22, 0x10, 0xF4, 0x09, 0x2B, 0x84, 0xE7, 0x89, 0x00, 0xA1, 0x31, 0x62, 0x00, 0x10, 0x3C, 0x91,
    0x20, 0x69, 0xC2, 0x24, 0x71, 0x43, 0xE3, 0x09, 0x0F, 0xC0, 0x09, 0x17, 0xB8, 0x54, 0x78, 0x47,
    0xE3, 0x98, 0x9E, 0xDD, 0x78, 0xE2, 0x00, 0x65, 0x83, 0x10, 0x26, 0x42, 0xEA, 0xA5, 0x62, 0x12,
    0x60, 0xB0, 0x69, 0x5A, 0xFA, 0x89, 0xD2, 0x8B, 0xC6, 0xCB, 0x06, 0xBC, 0x16, 0x0C, 0xFF, 0xD0,
    0x36, 0x15, 0x11, 0x6A, 0x86, 0xA1, 0x22, 0x52, 0xB9, 0x5B, 0x56, 0x1F, 0x88, 0x37, 0x72, 0x23,
    0xBD, 0x88, 0xB4, 0x66, 0x1F, 0x9F, 0x50, 0x01, 0x05, 0x92, 0x94, 0x03, 0xB5, 0x00, 0x9E, 0x0D,
    0x41, 0x81, 0x06, 0x1A, 0xB0, 0x02, 0xBC, 0xE0, 0xBA, 0x2F, 0x00, 0xC1, 0xAE, 0xB8, 0xC3, 0xEB,
    0x89, 0xF8, 0x40, 0xDE, 0xC0, 0x01, 0xC4, 0xEA, 0x95, 0xF0, 0x42, 0xE9, 0x49, 0x64, 0x24, 0xFE,
    0xC0, 0x7E, 0xD0, 0x02, 0x5B, 0xFD, 0x56, 0x41, 0x2C, 0x34, 0xD6, 0x21, 0xBC, 0x4C, 0xA3, 0x38,
    0x2A, 0xCE, 0xBE, 0xB4, 0xC0, 0xDE, 0x28, 0xBD, 0x3B, 0x34, 0xF5, 0x24, 0x6D, 0x29, 0x0A, 0x9E,
    0x0F, 0x53, 0xEF, 0x87, 0x09, 0x22, 0xB5, 0xE1, 0x1F, 0xA8, 0x13, 0xB1, 0x10, 0x89, 0x2A, 0xCA,
    0x54, 0x2E, 0xCD, 0x97, 0xF9, 0xA5, 0x81, 0xCF, 0x56, 0x22, 0x0E, 0xAC, 0x11, 0x5E, 0xC4, 0x5E,
    0x1C, 0x30, 0xE0, 0xF1, 0x02, 0x38, 0xC7, 0x63, 0xEE, 0xFC, 0x49, 0xAA, 0x8A, 0xFC, 0xAC, 0xE4,
    0xCB, 0x7B, 0x06, 0x38, 0xC0, 0xFA, 0xFE, 0x93, 0x21, 0x57, 0x26, 0x41, 0x40, 0x03, 0xCA, 0x35,
    0x85, 0xAE, 0x5F, 0x19, 0x71, 0x66, 0x1B, 0x38, 0xB4, 0x07, 0x3C, 0x87, 0xF6, 0x38, 0xAE, 0x12,
    0x7D, 0x95, 0x10, 0xE0, 0x67, 0xB6, 0x57, 0x32, 0xF2, 0xDC, 0x9A, 0x69, 0xCD, 0x2A, 0xF7, 0x62,
    0x00, 0x06, 0x48, 0xB8, 0x94, 0x91, 0x5E, 0x81, 0x75, 0xA4, 0xB5, 0x92, 0x19, 0x7F, 0xB0, 0xAD,
    0xE3, 0xB5, 0x4F, 0x93, 0x98, 0xDE, 0x29, 0xFF, 0xA7, 0x57, 0x73, 0x4B, 0x8D, 0x9F, 0x87, 0xA1,
    0xF8, 0x01, 0xBD, 0x16, 0xB4, 0x95, 0x2E, 0x20, 0xA0, 0xAD, 0x0B, 0xBA, 0x80, 0x6E, 0x45, 0x30,
    0xAF, 0x82, 0xF3, 0x61, 0x49, 0x99, 0x24, 0xBD, 0xDF, 0xBE, 0x7F, 0x1B, 0x9F, 0x9F, 0x68, 0x33,
    0x89, 0xED, 0xC8, 0xB2, 0x1D, 0x8D, 0x4F, 0xC1, 0x94, 0x4B, 0xD7, 0x4E, 0xDC, 0x8F, 0x29, 0x3E,
    0x03, 0x59, 0x99, 0xD3, 0xA0, 0xE8, 0xE5, 0x25, 0xE7, 0x44, 0x47, 0x8F, 0x80, 0x1A, 0x34, 0x12,
    0x3A, 0x8B, 0x4E, 0x17, 0xDE, 0x7C, 0xB3, 0x7A, 0xAC, 0xB6, 0x95, 0x67, 0xEB, 0x86, 0x2C, 0x4F,
    0x5E, 0x80, 0xA6, 0xC4, 0x0E, 0x5E, 0xF0, 0x5C, 0x90, 0x67, 0x58, 0x63, 0x4B, 0x09, 0x55, 0xE4,
    0x26, 0xA9, 0x2A, 0xB1, 0x81, 0xA9, 0x0C, 0x83, 0x85, 0x12, 0xEA, 0x02, 0x38, 0xFA, 0xB6, 0x90,
    0x99, 0x13, 0xE7, 0xF9, 0x59, 0x74, 0x83, 0x49, 0xFA, 0x8C, 0xB7, 0x1E, 0xB2, 0x05, 0x16, 0x74,
    0x60, 0x03, 0x5F, 0xB0, 0xC6, 0xA6, 0x83, 0x58, 0xC8, 0xC6, 0xDE, 0x52, 0xC9, 0x13, 0xBC, 0x1F,
    0xE4, 0x15, 0xD3, 0x43, 0x24, 0x0F, 0x6C, 0xFD, 0x0C, 0xF2, 0x82, 0x7E, 0xFE, 0x72, 0x81, 0x2E,
    0x70, 0x66, 0xF6, 0xD8, 0x31, 0x33, 0x4E, 0x8F, 0x95, 0x59, 0xF6, 0x4A, 0x2B, 0x81, 0xF7, 0x8F,
    0x3E, 0x47, 0x63, 0xA9, 0xF9, 0x2C, 0x21, 0xD0, 0x55, 0x22, 0x78, 0xBE, 0x82, 0xF9, 0xE7, 0xCA,
    0xA5, 0xC2, 0xA9, 0x03, 0x49, 0xC6, 0xD2, 0x6C, 0x17, 0x12, 0x87, 0xD4, 0xF8, 0xEF, 0x36, 0xD3,
    0x85, 0xDE, 0x23, 0xAB, 0xDD, 0xAF, 0x34, 0xCA, 0xB5, 0x76, 0xC5, 0x4C, 0x8D, 0x00, 0xBE, 0xAB,
    0xE6, 0x27, 0x8D, 0xA5, 0xBA, 0x34, 0x34, 0x01, 0xC9, 0x19, 0x41, 0xBD, 0xD2, 0x57, 0xCE, 0x1E,
    0x6E, 0x22, 0x5E, 0x2F, 0x24, 0x1A, 0xF5, 0x0F, 0x58, 0x77, 0x08, 0x78, 0xDD, 0x49, 0x34, 0xC0,
    0x2B, 0xBC, 0x60, 0xBF, 0x03, 0x71, 0x82, 0xE4, 0x19, 0x1A, 0x05, 0x7A, 0xD7, 0x0C, 0xDD, 0xD1,
    0x85, 0x44, 0x81, 0x51, 0x22, 0x84, 0x26, 0x08, 0x1C, 0xB2, 0xDD, 0x05, 0xBB, 0xE8, 0xC8, 0xAC,
    0x21, 0xB9, 0x0B, 0xEC, 0xFA, 0xDF, 0x87, 0x25, 0x38, 0x44, 0xEF, 0x62, 0x25, 0xF5, 0xDC, 0xAB,
    0xCB, 0xEE, 0x12, 0x65, 0x09, 0x61, 0xAF, 0xAB, 0x31, 0x1F, 0x7B, 0xF8, 0x49, 0x5D, 0x5A, 0xF0,
    0xA6, 0xC8, 0x3C, 0xB9, 0x91, 0x71, 0x3C, 0x08, 0xF9, 0x74, 0x0C, 0x37, 0xFA, 0x29, 0xAC, 0xB7,
    0xDF, 0x15, 0x6A, 0xC5, 0x7E, 0x07, 0x06, 0x3E, 0x2E, 0xF5, 0x19, 0x84, 0xF4, 0x03, 0xDD, 0xF7,
    0xED, 0x66, 0x73, 0xCD, 0x0B, 0x34, 0x1A, 0x59, 0x38, 0x85, 0xF4, 0xD9, 0x43, 0x64, 0xB4, 0x4F,
    0x46, 0x07, 0x92, 0x1E, 0x9C, 0x46, 0x0E, 0xE4, 0xE4, 0x6B, 0xC4, 0xCF, 0x41, 0xF2, 0x04, 0x00,
    0xBF, 0xC6, 0xD4, 0xEC, 0xA8, 0xEE, 0xA0, 0x5D, 0x01, 0xBF, 0x3B, 0x84, 0xE8, 0x4B, 0x55, 0xDF,
    0xB4, 0x40, 0x3B, 0xE6, 0xFE, 0xB9, 0xCC, 0x12, 0xEC, 0x2E, 0xD0, 0x7D, 0x23, 0xD1, 0x4B, 0xD7,
    0x98, 0x6D, 0x5F, 0xB5, 0x8C, 0x3B, 0x94, 0x0E, 0xE6, 0x04, 0xCD, 0x06, 0x0A, 0x59, 0x90, 0x28,
    0xA8, 0x17, 0x0C, 0x85, 0x2C, 0x48, 0x14, 0xD4, 0x0B, 0xD6, 0x60, 0x9C, 0xF1, 0x34, 0x67, 0xB2,
    0x80, 0x81, 0x79, 0x63, 0x2E, 0x3D, 0x98, 0xFB, 0xBD, 0x78, 0x46, 0x3E, 0x8E, 0x14, 0x0B, 0xDD,
    0x86, 0x1A, 0x90, 0x4C, 0xB4, 0xF4, 0xB5, 0xFF, 0x5E, 0x8E, 0x60, 0xD1, 0xC2, 0x25, 0x59, 0x41,
    0xEA, 0x08, 0x1B, 0xC6, 0x76, 0x7B, 0x94, 0xA1, 0x24, 0xA4, 0x0D, 0x07, 0x7A, 0x7F, 0x8B, 0x36,
    0xEC, 0x6E, 0xD8, 0x4C, 0x12, 0xDB, 0x6E, 0x64, 0x19, 0x56, 0x65, 0x89, 0x57, 0x59, 0x22, 0x6D,
    0xA8, 0x8B, 0x9B, 0xD7, 0x16, 0x5A, 0x5F, 0x18, 0x12, 0x8A, 0x36, 0xD2, 0x5E, 0x18, 0xC8, 0x6D,
    0x0C, 0xE6, 0x6E, 0xC4, 0x18, 0xF6, 0xDA, 0xF0, 0x31, 0xD0, 0x41, 0xA6, 0x8D, 0x00, 0xE9, 0xBD,
    0xEB, 0xB9, 0x18, 0xCA, 0x24, 0x63, 0xA1, 0x9A, 0x6B, 0xDE, 0x4D, 0x03, 0x6E, 0x03, 0x16, 0x82,
    0x5E, 0xB0, 0x41, 0x14, 0x74, 0x90, 0x05, 0x69, 0x80, 0x03, 0x2F, 0xD8, 0x20, 0x0A, 0xDA, 0x90,
    0x3C, 0x03, 0x1C, 0xB0, 0x60, 0x17, 0x28, 0x21, 0xED, 0x1B, 0x64, 0x0C, 0xE6, 0xC9, 0xFA, 0x92,
    0x99, 0x3D, 0x95, 0x24, 0x2E, 0xF1, 0x35, 0x20, 0x3D, 0x42, 0x7B, 0x39, 0xDB, 0xD1, 0xEF, 0xF0,
    0xD8, 0xB3, 0x1B, 0x7B, 0xC1, 0xBE, 0x0D, 0x70, 0x2E, 0x76, 0xC2, 0x7E, 0xBF, 0x4B, 0x7C, 0xF5,
    0xA9, 0x59, 0xC7, 0xD7, 0xAE, 0xB5, 0xE3, 0x88, 0xAF, 0x8C, 0x25, 0x74, 0xA1, 0x2C, 0x13, 0x97,
    0xD7, 0x18, 0x6F, 0x8B, 0x64, 0x4B, 0x9F, 0xDC, 0x0F, 0x78, 0x86, 0xD8, 0xD5, 0xF9, 0xBF, 0x31,
    0x63, 0xC1, 0x71, 0xEA, 0xD2, 0xE9, 0xD3, 0xA9, 0xFA, 0xB1, 0x3D, 0x99, 0x6E, 0xDD, 0xDB, 0x39,
    0xAD, 0x3F, 0x11, 0xCD, 0xF9, 0x6C, 0xD3, 0x7E, 0xC0, 0x3D, 0x68, 0x3F, 0x33, 0x16, 0x8D, 0x9A,
    0xC5, 0xA5, 0x3D, 0x6B, 0xD9, 0x6C, 0x2D, 0xEC, 0xB9, 0x06, 0xEF, 0x44, 0x15, 0xBA, 0xCE, 0xFA,
    0x7A, 0x26, 0xE2, 0x21, 0xC4, 0xBB, 0xD7, 0xAB, 0x1D, 0x0F, 0xC5, 0x44, 0x4E, 0x53, 0xF3, 0xDC,
    0x74, 0x90, 0x05, 0x68, 0x9E, 0x97, 0x37, 0xED, 0x42, 0x7D, 0x13, 0x48, 0x36, 0xBE, 0x3E, 0x3F,
    0xE5, 0x29, 0x4A, 0x0A, 0x7D, 0x7A, 0xBF, 0x10, 0xD7, 0xE8, 0xEA, 0x1F, 0x44, 0xD7, 0xEB, 0xDD,
    0x07, 0xE7, 0x20, 0x4B, 0x18, 0x07, 0xDD, 0xDC, 0xA5, 0x8F, 0xE2, 0xB0, 0xCE, 0x39, 0xD0, 0x35,
    0x7B, 0x62, 0x39, 0xDE, 0x51, 0xC8, 0x5D, 0x10, 0x16, 0xDD, 0x33, 0x13, 0xF4, 0x64, 0x9A, 0x1F,
    0x47, 0xCE, 0xC1, 0x27, 0x30, 0x76, 0x57, 0x68, 0x4B, 0xAD, 0x6F, 0x97, 0x04, 0xEF, 0xD2, 0x2F,
    0x0C, 0x12, 0xE6, 0x1B, 0x49, 0x6C, 0xBD, 0xE5, 0xD9, 0x30, 0x33, 0xF3, 0x68, 0x6A, 0x58, 0xF6,
    0x9C, 0x97, 0x4B, 0xAD, 0x35, 0x96, 0xCE, 0xF1, 0xB8, 0xF4, 0xA1, 0xEF, 0xF5, 0x3F, 0x69, 0x37,
    0x98, 0x31, 0x3A, 0x61, 0x71, 0xA0, 0xA7, 0x47, 0x68, 0xFF, 0x18, 0x1B, 0x30, 0x20, 0x80, 0x6C,
    0x04, 0x26, 0xCC, 0x4F, 0xE4, 0x87, 0x5E, 0x7D, 0x09, 0x31, 0xB6, 0x31, 0x06, 0x15, 0x91, 0xA6,
    0x0D, 0x79, 0x41, 0x47, 0x54, 0x39, 0x60, 0x80, 0x78, 0xCF, 0x1F, 0x07, 0xD4, 0xA1, 0xDD, 0x5D,
    0xD6, 0xB8, 0x66, 0x50, 0xF2, 0x00, 0x12, 0xE3, 0xD0, 0x67, 0x98, 0x78, 0xE1, 0xF9, 0x0C, 0x7D,
    0x46, 0x81, 0x8D, 0x2C, 0xC8, 0xEE, 0x71, 0x1A, 0x10, 0xB2, 0xEA, 0x5F, 0x96, 0x66, 0x7B, 0xA6,
    0xB9, 0x8C, 0xA5, 0x75, 0xF2, 0x96, 0x7B, 0x6F, 0x65, 0x47, 0x20, 0x1E, 0xD6, 0x4C, 0xD2, 0x6D,
    0x59, 0x77, 0x60, 0xBB, 0x66, 0x5F, 0xE8, 0xB0, 0x5C, 0x1D, 0x31, 0x56, 0xB4, 0xA5, 0xDE, 0xAF,
    0x12, 0xF4, 0xB0, 0x42, 0x21, 0x21, 0x3E, 0x56, 0xB6, 0x65, 0x90, 0xD4, 0x7D, 0xEF, 0xD8, 0x56,
    0xA5, 0x84, 0xB4, 0x5A, 0x93, 0x17, 0xCB, 0x00, 0x60, 0x59, 0xB6, 0x95, 0x15, 0x33, 0xDA, 0xC0,
    0x8B, 0xA5, 0x65, 0x59, 0xB4, 0x83, 0x76, 0x70, 0xDF, 0x61, 0x33, 0xC3, 0x4D, 0x0A, 0x6C, 0xA2,
    0x2E, 0xBD, 0x70, 0x7D, 0x07, 0xA2, 0x55, 0x1B, 0x08, 0x0B, 0x73, 0x77, 0x58, 0x36, 0xA2, 0xA0,
    0x83, 0xF9, 0x23, 0x0B, 0x49, 0x2F, 0xD8, 0x82, 0xC4, 0xBC, 0x80, 0xD4, 0x71, 0x4C, 0x16, 0xDA,
    0x23, 0xCF, 0xAE, 0xA8, 0xDD, 0x06, 0xB2, 0xE2, 0xC4, 0x1D, 0x81, 0x03, 0xCA, 0xBA, 0x95, 0xE4,
    0xE1, 0x72, 0x5E, 0x18, 0x5F, 0xB3, 0xAE, 0xD8, 0xD6, 0x15, 0x1B, 0xB7, 0x8A, 0xC2, 0x65, 0xA1,
    0x6A, 0xCF, 0x28, 0x5C, 0x5C, 0x67, 0x20, 0xF1, 0x33, 0xE8, 0x31, 0x0D, 0x0C, 0x3A, 0x54, 0xED,
    0x9A, 0x13, 0x97, 0x7B, 0xB1, 0xA3, 0xD9, 0x2F, 0x50, 0x96, 0x9A, 0x2F, 0xED, 0x3E, 0xE3, 0xF1,
    0x5E, 0x47, 0x5B, 0xF7, 0xE5, 0x18, 0xE6, 0x14, 0x79, 0x75, 0x8A, 0x1D, 0xA7, 0x74, 0x97, 0xF4,
    0xCA, 0xA1, 0x1E, 0x71, 0xF7, 0x2A, 0xAC, 0xD5, 0x7B, 0x19, 0x44, 0xDE, 0x35, 0x99, 0x89, 0x3F,
    0xF8, 0xAD, 0x2B, 0x05, 0x26, 0xDE, 0x74, 0xE9, 0xC1, 0xBE, 0x97, 0x3D, 0x63, 0x16, 0x5D, 0xF0,
    0xA5, 0x93, 0x7D, 0x4E, 0xFE, 0xF0, 0x03, 0xDE, 0xE5, 0x72, 0x72, 0x32, 0x99, 0xF2, 0xEB, 0x66,
    0x49, 0x4A, 0x5D, 0x09, 0xE3, 0x45, 0x23, 0x93, 0x0B, 0xA9, 0x1C, 0xBF, 0x38, 0x90, 0x9D, 0x98,
    0x4C, 0x88, 0x77, 0xEA, 0xDF, 0x3A, 0xFD, 0xB9, 0x01, 0xE2, 0xE5, 0xAC, 0x8F, 0x00, 0x4E, 0xAF,
    0xEB, 0x37, 0x10, 0x74, 0xEB, 0x24, 0x82, 0x1D, 0xB9, 0x05, 0x63, 0x8D, 0x44, 0x0D, 0xB0, 0x45,
    0x46, 0x70, 0x88, 0x31, 0x26, 0x69, 0xC5, 0x5A, 0xB4, 0xCF, 0x29, 0x87, 0xCC, 0x67, 0x6B, 0xF6,
    0xE4, 0x8D, 0xA1, 0x74, 0x06, 0x1E, 0xF1, 0x00, 0xC6, 0x65, 0xE6, 0x95, 0xCF, 0xA4, 0x26, 0x76,
    0xBA, 0x04, 0x19, 0x72, 0x73, 0xCD, 0x9A, 0x04, 0x24, 0x01, 0x9E, 0x24, 0xBE, 0x20, 0xF5, 0xB1,
    0x25, 0xFD, 0x8A, 0x9F, 0x74, 0x79, 0x22, 0x21, 0x90, 0x79, 0x85, 0x6D, 0x74, 0x21, 0x53, 0xA3,
    0xC2, 0x06, 0xCD, 0xA5, 0x23, 0xC0, 0x64, 0x9B, 0xDE, 0x2C, 0x35, 0xE8, 0x7B, 0x49, 0xA6, 0x7C,
    0xA6, 0x4C, 0x94, 0xE8, 0x65, 0x8B, 0x1C, 0x6B, 0x0D, 0xBB, 0x8B, 0xBE, 0x23, 0x8F, 0xEA, 0x30,
    0x3E, 0xCF, 0x1A, 0x27, 0xC0, 0x53, 0xD6, 0x82, 0xF8, 0xB2, 0x58, 0x8B, 0x39, 0xE8, 0x16, 0x42,
    0x57, 0x76, 0xBD, 0x94, 0x10, 0x5C, 0x5A, 0x1A, 0x1A, 0xD2, 0x2D, 0x05, 0xC8, 0xBD, 0xCC, 0xCF,
    0x5B, 0xAD, 0x9D, 0x96, 0xAA, 0x26, 0x4C, 0xC8, 0x9C, 0x96, 0x76, 0x43, 0x8D, 0x01, 0x2B, 0x87,
    0xAD, 0x52, 0xBF, 0x01, 0xBC, 0x2C, 0x33, 0xF0, 0xCB, 0xFE, 0x49, 0xD1, 0xDE, 0x70, 0x57, 0x99,
    0x68, 0xE3, 0x4A, 0x4C, 0x23, 0x73, 0x3B, 0x65, 0x5B, 0x66, 0x0C, 0xEC, 0xE2, 0x2D, 0x84, 0x96,
    0x1F, 0x90, 0x25, 0x7E, 0x7A, 0x0C, 0x76, 0x24, 0xE9, 0x26, 0x25, 0xC9, 0x90, 0x25, 0xEA, 0xD0,
    0xB4, 0x49, 0xFF, 0x1C, 0xEB, 0x44, 0x0D, 0x3A, 0xCC, 0x4F, 0xF9, 0x4B, 0xC4, 0x38, 0xF7, 0xA8,
    0x96, 0xCA, 0xD7, 0xD4, 0xD1, 0xBE, 0x0E, 0xB9, 0x91, 0x81, 0xE5, 0xED, 0xD1, 0x6B, 0x9E, 0xEB,
    0x11, 0x3F, 0xD7, 0x3E, 0x48, 0x37, 0x46, 0xEB, 0x2C, 0x51, 0x13, 0x6D, 0xBC, 0xF8, 0x61, 0x60,
    0x16, 0x32, 0x5F, 0x3B, 0x74, 0xFF, 0xDA, 0x81, 0x84, 0xE6, 0xFA, 0x95, 0xD3, 0x25, 0xED, 0x8B,
    0xF1, 0xB0, 0x5D, 0x47, 0x42, 0xDD, 0x9C, 0xD8, 0x7E, 0xDC, 0xA1, 0xAD, 0x42, 0xDE, 0x15, 0x16,
    0xA5, 0x58, 0x9A, 0x4B, 0xDB, 0xAD, 0xCC, 0xE7, 0x89, 0x42, 0x6E, 0x59, 0x5A, 0x76, 0xB4, 0xF6,
    0x7F, 0x35, 0x4A, 0xFB, 0x53, 0x5C, 0x3A, 0xBB, 0x75, 0x9B, 0x75, 0x81, 0x93, 0x2E, 0xEC, 0x24,
    0xC7, 0xB7, 0x3B, 0xEE, 0x8B, 0xDD, 0x0A, 0xC0, 0xEB, 0x60, 0xD8, 0xBC, 0xC6, 0x0E, 0xD6, 0x9D,
    0xCB, 0x5D, 0xEE, 0x1E, 0xC3, 0x7E, 0xDE, 0xAF, 0x8E, 0xF8, 0xDF, 0x8C, 0x8B, 0x6F, 0x8D, 0x7B,
    0xB5, 0x81, 0x7B, 0x85, 0x1D, 0x8C, 0x7F, 0xE7, 0xD9, 0xAF, 0xF2, 0xC2, 0xD2, 0x31, 0xC1, 0x6D,
    0x72, 0xAC, 0x7A, 0x15, 0x29, 0xC9, 0xB1, 0x5A, 0xB4, 0xE5, 0x92, 0x3A, 0x26, 0xE4, 0xD5, 0x77,
    0x15, 0x1E, 0x5F, 0x35, 0x50, 0x12, 0x32, 0xD9, 0xA2, 0xAB, 0x9A, 0x7F, 0x41, 0x5F, 0x7E, 0xAA,
    0xAF, 0xA6, 0x4B, 0x39, 0x0D, 0xAA, 0x15, 0x25, 0x96, 0xE2, 0x03, 0x25, 0x63, 0xB4, 0xAB, 0xE9,
    0x30, 0xDE, 0x5E, 0xCD, 0x31, 0xF8, 0x83, 0x39, 0x66, 0x32, 0xD4, 0xF2, 0xEE, 0x04, 0xD7, 0xBB,
    0x01, 0x72, 0x44, 0xC0, 0xB0, 0x64, 0x30, 0xF5, 0xE6, 0x94, 0xF5, 0x9B, 0x55, 0x52, 0x12, 0x8F,
    0x5F, 0x9A, 0x0E, 0xCE, 0x53, 0xC1, 0x83, 0x54, 0x96, 0x54, 0x49, 0xB7, 0xAA, 0xA0, 0x3A, 0x21,
    0xAB, 0x04, 0x7D, 0x76, 0x5B, 0xDD, 0x73, 0xCB, 0xF0, 0xA9, 0x4D, 0x04, 0x24, 0x72, 0x0A, 0x5D,
    0x9D, 0x24, 0x6E, 0x4C, 0x84, 0x9C, 0x96, 0x79, 0x79, 0x14, 0x99, 0x42, 0xD2, 0x57, 0x59, 0xF6,
    0x4F, 0x0A, 0x88, 0x98, 0x1D, 0x6E, 0xE7, 0x4A, 0x12, 0x96, 0x60, 0x1D, 0x9A, 0x90, 0x3F, 0x3D,
    0xB4, 0x17, 0xFE, 0x4B, 0x19, 0x75, 0x4F, 0x67, 0x00, 0xD1, 0xC3, 0x43, 0x19, 0x2C, 0x3D, 0x7C,
    0xAE, 0x8C, 0xD1, 0xC0, 0x2C, 0xFF, 0xCC, 0x47, 0xBD, 0x77, 0x94, 0xBD, 0x87, 0x1C, 0x9D, 0xBC,
    0xA3, 0x64, 0xEF, 0x0A, 0x67, 0x1F, 0xD8, 0x7A, 0xDD, 0x20, 0x58, 0xDD, 0x88, 0xE4, 0x50, 0x13,
    0x5A, 0x11, 0xFA, 0x44, 0x83, 0x38, 0x12, 0x66, 0x93, 0x3B, 0x30, 0x2F, 0x6E, 0xEA, 0x0A, 0xD8,
    0x4E, 0x4F, 0x0D, 0x5B, 0x0C, 0x8D, 0x0D, 0x50, 0x0F, 0x29, 0x3E, 0x85, 0x44, 0x02, 0x7A, 0x0B,
    0xC9, 0x40, 0x0F, 0xC6, 0x26, 0x8A, 0x74, 0xD0, 0x0F, 0xCE, 0xEB, 0x3F, 0xAB, 0x01, 0xDC, 0xE9,
    0x61, 0x9D, 0xF4, 0xEE, 0xBC, 0xFC, 0xD4, 0xAA, 0x7A, 0x6F, 0xE9, 0x6A, 0x7A, 0x98, 0x96, 0xF9,
    0xA1, 0xBD, 0xE5, 0x6A, 0xAD, 0x6C, 0x83, 0x82, 0x98, 0x65, 0x07, 0x12, 0x76, 0x84, 0xF1, 0x27,
    0xD2, 0x5B, 0xBB, 0xEF, 0xAD, 0x8E, 0x4B, 0xDF, 0x5F, 0x7A, 0x1D, 0x47, 0xAF, 0xDB, 0xA5, 0xD7,
    0xA7, 0xBF, 0x3F, 0xEC, 0x75, 0x3F, 0x54, 0x51, 0xF6, 0x49, 0xB7, 0xB2, 0x72, 0xE9, 0x53, 0x54,
    0x9A, 0xA4, 0x97, 0x3E, 0xAD, 0xC7, 0x3B, 0x55, 0x23, 0x59, 0x25, 0x40, 0xAB, 0x9B, 0xAD, 0xFE,
    0x36, 0xF7, 0x3D, 0x53, 0x23, 0xC7, 0x97, 0x21, 0xE6, 0x4F, 0x2A, 0x09, 0x95, 0x80, 0x69, 0xC0,
    0xCC, 0xC1, 0xF9, 0xE9, 0x77, 0xBD, 0x21, 0x7C, 0xEC, 0xC0, 0xFD, 0xE6, 0x2C, 0x85, 0xEB, 0xD1,
    0xF9, 0x7B, 0x4E, 0x16, 0xF7, 0xCD, 0x13, 0x5E, 0x1D, 0x71, 0x5C, 0x1C, 0x0C, 0x58, 0x42, 0x10,
    0x9F, 0xFF, 0x58, 0x9D, 0xFA, 0x48, 0xC0, 0xAE, 0x07, 0x5F, 0x1D, 0x97, 0x2F, 0x92, 0xFA, 0xDC,
    0xD7, 0x02, 0x76, 0xFD, 0xEF, 0xF5, 0x78, 0x7D, 0xD9, 0x1E, 0xF4, 0x8A, 0xF6, 0x7D, 0x23, 0xD5,
    0x4D, 0x49, 0xAF, 0x78, 0xFF, 0x1F, 0xB4, 0x94, 0x5B, 0x8A, 0xF3, 0x68, 0x0C, 0x44, 0x0F, 0xE8,
    0xB5, 0x41, 0x5B, 0xC9, 0x02, 0x0C, 0xB5, 0x75, 0x41, 0x16, 0xD0, 0x5B, 0x11, 0xE4, 0x55, 0x50,
    0x93, 0xCF, 0xFE, 0xC6, 0xFF, 0x7D, 0xEE, 0x23, 0xFB, 0x54, 0x9D, 0xBE, 0x77, 0x64, 0xC7, 0x04,
    0x2A, 0xB7, 0x5B, 0x15, 0x00, 0xE4, 0xF7, 0x47, 0x65, 0xE9, 0xEB, 0xA3, 0xDD, 0xAB, 0xE1, 0xE0,
    0xE2, 0x01, 0x76, 0x85, 0x3D, 0xD9, 0x3D, 0xAA, 0xB6, 0x9E, 0x4F, 0x3B, 0x16, 0x35, 0x6F, 0x38,
    0x49, 0x7E, 0x64, 0x40, 0xC3, 0x47, 0x0E, 0x4E, 0x7B, 0xC2, 0x6E, 0x6C, 0x68, 0x2E, 0xF8, 0x00,
    0xD2, 0x03, 0xB6, 0xC1, 0xA8, 0x62, 0x50, 0x65, 0x7F, 0x1F, 0xF0, 0x55, 0x0C, 0x10, 0x77, 0xD8,
    0x9E, 0x2B, 0x50, 0xF1, 0xCB, 0x18, 0x04, 0xCD, 0x41, 0x34, 0x43, 0x76, 0xDA, 0x6E, 0xDD, 0xD1,
    0x90, 0x47, 0x8E, 0x64, 0xCF, 0xBB, 0x3A, 0x2B, 0xDE, 0x30, 0x27, 0x6C, 0x8A, 0x4D, 0x74, 0x8E,
    0x5A, 0xF6, 0x48, 0xA3, 0x81, 0x7C, 0x40, 0xD8, 0x83, 0xDC, 0xBB, 0xD2, 0x10, 0x03, 0xAB, 0xFA,
    0x2E, 0x15, 0x59, 0xA0, 0x3E, 0x2B, 0x1B, 0x01, 0x31, 0x1C, 0x57, 0x0D, 0x80, 0x69, 0x00, 0x3D,
    0x0B, 0xD2, 0xFE, 0x74, 0xAF, 0xB2, 0x1B, 0x48, 0x03, 0x10, 0x73, 0xD7, 0xFE, 0xDA, 0xAE, 0xFD,
    0xC9, 0xBF, 0x56, 0x76, 0xDF, 0xD5, 0xDF, 0x0C, 0x00, 0xF4, 0xB7, 0x03, 0x1F, 0x40, 0xB8, 0x41,
    0x1E, 0x10, 0x86, 0x39, 0x23, 0x4E, 0x1B, 0x18, 0x00, 0x03, 0xE1, 0x82, 0x74, 0x83, 0xD2, 0xA0,
    0x70, 0x21, 0x3C, 0x18, 0x19, 0x11, 0x2E, 0x15, 0x6A, 0x35, 0xD9, 0x39, 0xC4, 0x84, 0x8B, 0xC1,
    0xCD, 0x20, 0x33, 0x84, 0x6B, 0xC0, 0xAF, 0x86, 0x74, 0x41, 0x18, 0x60, 0x00, 0x0C, 0x83, 0x88,
    0x1D, 0x43, 0x74, 0x0C, 0xD8, 0x0D, 0x32, 0x08, 0xE1, 0xF2, 0x62, 0x1D, 0x08, 0x01, 0xBF, 0x6F,
    0xD0, 0x06, 0xD4, 0xA8, 0x61, 0x20, 0x86, 0x68, 0xC0, 0x64, 0xC5, 0x3C, 0x44, 0x22, 0x77, 0x96,
    0x70, 0x74, 0xD4, 0x11, 0xC3, 0x44, 0x1F, 0xD1, 0xBC, 0x99, 0xDC, 0x55, 0xC0, 0xCF, 0x2A, 0xFA,
    0xC8, 0x3E, 0x2B, 0x56, 0x95, 0x62, 0x38, 0xDE, 0x85, 0x99, 0xAC, 0x2C, 0xB9, 0x45, 0x74, 0x98,
    0x21, 0xE6, 0xBE, 0x29, 0x54, 0xF7, 0x7F, 0x86, 0x5C, 0x80, 0x8B, 0x74, 0x23, 0x06, 0x61, 0x84,
    0x38, 0x10, 0x2C, 0x6C, 0xD2, 0x46, 0x25, 0xCC, 0xC5, 0x99, 0xF6, 0xE4, 0x64, 0x93, 0x3C, 0x10,
    0xC3, 0x11, 0xCD, 0x64, 0x47, 0xAB, 0xB2, 0x8C, 0x9E, 0x83, 0xE3, 0x42, 0x4F, 0x93, 0x6D, 0xD6,
    0xD7, 0x98, 0x6C, 0x14, 0x4D, 0xD6, 0x10, 0x3C, 0xBC, 0x07, 0xC8, 0x1F, 0x51, 0x13, 0x36, 0x89,
    0x4B, 0x9F, 0x9F, 0xBD, 0xF0, 0xA2, 0xFC, 0x6E, 0xBD, 0xC9, 0xD6, 0xC9, 0xB3, 0x32, 0x5E, 0x95,
    0x36, 0xB8, 0xB1, 0xC7, 0x1E, 0x0D, 0x36, 0x93, 0xD5, 0x71, 0x9E, 0x59, 0x23, 0x64, 0xB2, 0x21,
    0xEA, 0xA7, 0x78, 0xCF, 0xF2, 0x5F, 0xF2, 0xD5, 0x78, 0x0F, 0x1F, 0x5C, 0x1B, 0xFC, 0x1C, 0x06,
    0xE3, 0xBD, 0x4B, 0x6E, 0xF6, 0xFA, 0xB3, 0xBE, 0xFA, 0x30, 0xEA, 0xBA, 0x4A, 0x2E, 0xDB, 0x2C,
    0xEE, 0xDF, 0xF3, 0x1A, 0x8E, 0x7B, 0xDB, 0x5F, 0xFD, 0x0E, 0xF5, 0x05, 0x06, 0x54, 0x17, 0x59,
    0x0F, 0x54, 0x83, 0x91, 0x87, 0x70, 0x41, 0xC7, 0x79, 0x75, 0x54, 0x43, 0x63, 0xF0, 0x9F, 0xC4,
    0xFC, 0xE5, 0x88, 0x15, 0x69, 0xDC, 0xD6, 0xD3, 0x1E, 0x79, 0x5C, 0xD9, 0x03, 0x70, 0x07, 0xFE,
    0x55, 0xA0, 0x70, 0x85, 0xC3, 0x95, 0x8E, 0x41, 0x8E, 0xC6, 0x7F, 0x3B, 0xB4, 0x22, 0x57, 0xC4,
    0x0A, 0xB4, 0x82, 0x7F, 0x13, 0x6A, 0x08, 0x37, 0x81, 0x5A, 0xED, 0x5E, 0x19, 0x44, 0x45, 0x05,
    0x69, 0x84, 0x1E, 0xB6, 0x73, 0xF8, 0xC0, 0x83, 0x07, 0xFE, 0xDA, 0x69, 0xB7, 0xDD, 0xF7, 0x8D,
    0x5C, 0x2A, 0x91, 0x8B, 0x3E, 0x88, 0x9E, 0xAF, 0x30, 0xD1, 0xFB, 0x6B, 0x75, 0xA6, 0x07, 0xDC,
    0x74, 0xC0, 0x64, 0xA1, 0x68, 0x54, 0x43, 0x96, 0x88, 0x56, 0xC5, 0x64, 0xE3, 0x98, 0x45, 0xDC,
    0xEF, 0x3C, 0x21, 0x86, 0x89, 0xA6, 0xB3, 0xA8, 0x00, 0x3E, 0x00, 0x00, 0x0F, 0x90, 0xC5, 0x16,
    0x80, 0x01, 0xB4, 0x85, 0x63, 0x0B, 0xC3, 0x8E, 0xDE, 0x12, 0x5B, 0xC8, 0xFA, 0x5E, 0xC4, 0x96,
    0x83, 0xEC, 0x53, 0x66, 0x0B, 0x8D, 0x4E, 0x89, 0xE6, 0x75, 0x49, 0x2D, 0xB1, 0x3B, 0x2B, 0x9E,
    0xA7, 0x88, 0x8C, 0x06, 0x38, 0xD0, 0x25, 0xC3, 0x71, 0x49, 0xD3, 0xA7, 0x44, 0xC7, 0x96, 0x8A,
    0x3A, 0x25, 0x2B, 0x6D, 0x17, 0x88, 0xB8, 0xE4, 0x00, 0xA2, 0x81, 0xD9, 0x42, 0x6F, 0x59, 0xC0,
    0xFF, 0xB5, 0x04, 0xB6, 0x88, 0xB8, 0xE4, 0x08, 0xCF, 0x29, 0x93, 0x2F, 0x17, 0x03, 0x2D, 0xB4,
    0xE4, 0xBA, 0x3A, 0x0C, 0x59, 0x4B, 0xCE, 0x25, 0xC0, 0x29, 0x62, 0x09, 0x70, 0x00, 0x02, 0x98,
    0x0D, 0x0D, 0x31, 0xDC, 0x8F, 0x0E, 0x88, 0x02, 0xC1, 0xF5, 0xD1, 0xD0, 0xA0, 0x6B, 0x45, 0x70,
    0x40, 0xDA, 0x0D, 0x03, 0x3A, 0xA5, 0x21, 0xED, 0xFA, 0x6E, 0x09, 0x03, 0xE9, 0xBD, 0x1A, 0xBD,
    0x06, 0xA2, 0xE0, 0x40, 0x7B, 0x2D, 0xA7, 0x00, 0x42, 0x20, 0xE0, 0xCC, 0x03, 0x80, 0x81, 0x01,
    0x50, 0x43, 0x6F, 0x89, 0x53, 0x30, 0x59, 0x18, 0x50, 0x25, 0x71, 0x89, 0x2E, 0xC9, 0x3A, 0x48,
    0x73, 0x3D, 0xA3, 0x0E, 0x33, 0x98, 0x66, 0x8C, 0x3C, 0xD1, 0xB4, 0x09, 0x57, 0x56, 0x94, 0x01,
    0x92, 0xBC, 0x44, 0x24, 0x06, 0x38, 0x38, 0x2E, 0x19, 0xE6, 0x92, 0xC6, 0xF6, 0x40, 0x6C, 0x21,
    0x0B, 0x30, 0x5F, 0x89, 0xD8, 0x32, 0xEC, 0x29, 0xC8, 0x86, 0x9C, 0x4D, 0x03, 0xC5, 0x3D, 0x51,
    0xDF, 0x92, 0x05, 0x2A, 0x70, 0x11, 0x86, 0xD8, 0x3F, 0xA6, 0xDE, 0x9F, 0x86, 0x36, 0x31, 0x26,
    0x67, 0xB5, 0x8A, 0x56, 0x67, 0xA7, 0x0D, 0xBE, 0xEF, 0x24, 0xD0, 0xAE, 0xBE, 0x6A, 0x00, 0x08,
    0x03, 0x40, 0x16, 0x00, 0xEC, 0x02, 0x20, 0xBE, 0xF9, 0x96, 0xDC, 0xA5, 0x5D, 0x05, 0xF0, 0x5B,
    0xB7, 0x56, 0x97, 0x5A, 0x3B, 0x0F, 0x03, 0x07, 0xF4, 0x5A, 0xD0, 0x56, 0xCE, 0x02, 0x02, 0xDE,
    0xBA, 0xA0, 0x0B, 0xE8, 0x56, 0x04, 0x7D, 0x15, 0xCC, 0x87, 0xC7, 0xC2, 0x38, 0xF0, 0xF5, 0xFE,
    0xDF, 0xDB, 0x72, 0x5C, 0x67, 0xC6, 0x89, 0x1D, 0x5B, 0x52, 0xEA, 0x28, 0x96, 0xCF, 0x58, 0x74,
    0x79, 0x93, 0xFA, 0xAE, 0x45, 0x7B, 0xD6, 0xD4, 0x41, 0xD1, 0xC6, 0xB9, 0x51, 0x3B, 0x10, 0x92,
    0x9B, 0x70, 0xA1, 0x67, 0xEF, 0x49, 0x29, 0xA1, 0xEC, 0x46, 0x3E, 0x89, 0x20, 0x03, 0x64, 0x36,
    0x61, 0x3B, 0x48, 0xCF, 0x53, 0x6B, 0xC6, 0xA1, 0x98, 0xC7, 0x39, 0x21, 0x9F, 0x42, 0xE9, 0xC4,
    0xA9, 0x1F, 0x45, 0x63, 0x29, 0xCD, 0x16, 0x10, 0x2D, 0xD2, 0x05, 0xA5, 0xA7, 0xD1, 0x7D, 0x40,
    0x89, 0xE9, 0x52, 0x81, 0xD7, 0xA4, 0x57, 0x4A, 0xB2, 0x70, 0x91, 0xD2, 0x53, 0x29, 0x5D, 0x6B,
    0x3C, 0x36, 0xF9, 0x71, 0xA6, 0xBA, 0x67, 0x54, 0x7A, 0x8B, 0xCB, 0x25, 0xA7, 0x89, 0xAE, 0x1B,
    0x0D, 0x17, 0xED, 0x85, 0xE3, 0xD3, 0xE8, 0x6E, 0x9C, 0x29, 0x8E, 0x02, 0x86, 0xE2, 0x05, 0x2D,
    0xA7, 0x47, 0x4B, 0x2A, 0x29, 0xB3, 0x0B, 0x96, 0xDE, 0xC3, 0xF4, 0x4C, 0x80, 0xEF, 0x02, 0x3C,
    0xDB, 0xDF, 0x77, 0xE1, 0xEA, 0x02, 0x24, 0x44, 0x01, 0x20, 0xDB, 0xCB, 0xED, 0x42, 0x76, 0x95,
    0x87, 0x1A, 0x1F, 0x85, 0xB1, 0x54, 0x3A, 0x0A, 0xAD, 0xE4, 0xB5, 0x95, 0xB6, 0xBC, 0x15, 0x24,
    0x9D, 0x0A, 0x9E, 0x64, 0x68, 0x90, 0x2E, 0x2C, 0x95, 0x61, 0x01, 0x23, 0xDF, 0xA2, 0x8D, 0x38,
    0xAB, 0xC2, 0x14, 0xFA, 0xD0, 0x8D, 0x0B, 0x73, 0x68, 0x21, 0xDA, 0xA8, 0x27, 0xC5, 0x89, 0xF8,
    0x59, 0x1C, 0x71, 0x60, 0x6E, 0x1F, 0x92, 0xAE, 0x65, 0xB3, 0x51, 0xE7, 0x94, 0xCD, 0x47, 0x9B,
    0xE5, 0x70, 0x38, 0x0E, 0x61, 0x9D, 0x1D, 0x4E, 0x08, 0x21, 0xB9, 0x7D, 0x2F, 0xAC, 0x9B, 0xDF,
    0x22, 0x3C, 0xDC, 0x5E, 0xCA, 0x34, 0xF4, 0x03, 0x4A, 0x32, 0x85, 0xC0, 0x38, 0x5B, 0x12, 0xD8,
    0x80, 0x6B, 0x03, 0x1A, 0xE0, 0x1B, 0x86, 0x6E, 0x16, 0xE8, 0xF4, 0x5E, 0xFB, 0x82, 0xDB, 0x6D,
    0xF0, 0x0D, 0x43, 0x60, 0x44, 0x3F, 0x74, 0x01, 0x00, 0x69, 0x5A, 0x4B, 0xDE, 0x63, 0x05, 0x68,
    0xBA, 0x0E, 0x7C, 0x31, 0x71, 0xAF, 0xFF, 0x89, 0xCC, 0xBC, 0xEA, 0xFA, 0x00, 0x52, 0x02, 0x7F,
    0x35, 0x99, 0x75, 0x95, 0x71, 0x82, 0xAE, 0x29, 0x7D, 0x39, 0x71, 0x1D, 0x9A, 0x07, 0x09, 0xAF,
    0xD5, 0x3C, 0x80, 0x00, 0xA0, 0x7A, 0x4D, 0x96, 0xDF, 0xCB, 0xC6, 0xEE, 0x0A, 0x48, 0xB8, 0x16,
    0x72, 0x9A, 0xFB, 0x1E, 0x53, 0xD2, 0xBF, 0x32, 0xD0, 0xB5, 0x4E, 0xC3, 0x99, 0xE3, 0xB5, 0x0A,
    0x15, 0x70, 0xFC, 0x9D, 0xB1, 0x14, 0x53, 0x09, 0xEA, 0x6F, 0xF2, 0x3C, 0x3F, 0xD3, 0x20, 0x75,
    0x40, 0x1E, 0xE4, 0x2F, 0x1C, 0x8C, 0x3D, 0xC6, 0xE1, 0xA7, 0x08, 0x40, 0xFA, 0xAB, 0xD1, 0x28,
    0x91, 0x51, 0x04, 0x91, 0x8E, 0x93, 0x52, 0xE4, 0x77, 0x4A, 0x92, 0xB5, 0x49, 0x17, 0xBF, 0x49,
    0xF7, 0x3E, 0x89, 0x83, 0xAC, 0x44, 0x23, 0x25, 0xD9, 0x12, 0x9B, 0x05, 0xD1, 0xF1, 0xD6, 0x06,
    0xD3, 0x45, 0x9C, 0x64, 0xC1, 0xFA, 0xF6, 0xE7, 0x1F, 0x19, 0x70, 0x16, 0x99, 0x93, 0xAC, 0x35,
    0x56, 0xC7, 0xC0, 0x7B, 0x13, 0x45, 0xC9, 0x10, 0x8D, 0xA6, 0x14, 0x79, 0x53, 0x89, 0x6C, 0x11,
    0xD8, 0x14, 0xA2, 0xD1, 0x94, 0x22, 0x5F, 0x64, 0x75, 0x12, 0xD8, 0x44, 0xD1, 0xB8, 0x91, 0x53,
    0xEA, 0x1B, 0x41, 0x26, 0x9A, 0x40, 0xEC, 0x95, 0x1D, 0x9B, 0x42, 0x34, 0x6E, 0x8B, 0x00, 0x8C,
    0x45, 0xB6, 0x28, 0x54, 0xBE, 0x05, 0x85, 0xE5, 0x51, 0xD5, 0xBC, 0x17, 0xD1, 0xDE, 0x5F, 0x1F,
    0x25, 0xA3, 0x1A, 0x45, 0xD2, 0x49, 0x44, 0x51, 0x88, 0xC6, 0x4F, 0x13, 0xD8, 0x9D, 0x1D, 0xB4,
    0xC7, 0x93, 0x8B, 0x95, 0x8A, 0xF0, 0x40, 0x4B, 0x26, 0x2F, 0xBB, 0xA4, 0x5E, 0xD2, 0x0B, 0x01,
    0xC7, 0xED, 0xC1, 0x8B, 0x8C, 0xB7, 0x45, 0x9F, 0x10, 0x0F, 0x3C, 0x9B, 0xEE, 0x96, 0x22, 0xAF,
    0x93, 0x06, 0x45, 0xE5, 0xA1, 0x16, 0x6A, 0xE3, 0xFB, 0x7F, 0xE4, 0xD9, 0x4C, 0x50, 0x42, 0x63,
    0x5C, 0xA2, 0x92, 0x46, 0xC6, 0x49, 0xA6, 0x6E, 0x95, 0x9E, 0x51, 0xF7, 0xFD, 0x6C, 0xCB, 0xEB,
    0x4E, 0x5D, 0xF7, 0xCC, 0xBA, 0x03, 0x71, 0xC1, 0x82, 0x70, 0xED, 0xD8, 0x7A, 0x12, 0xE0, 0x19,
    0x0D, 0x4B, 0xD8, 0xF2, 0x39, 0x18, 0x31, 0xD4, 0xEE, 0x5A, 0xB7, 0x3E, 0xA4, 0x24, 0x59, 0x1A,
    0x69, 0x2D, 0x27, 0x52, 0x93, 0x86, 0x90, 0x04, 0x25, 0xA5, 0x15, 0x5E, 0xA3, 0x24, 0x73, 0xC6,
    0xA4, 0xA1, 0x78, 0x29, 0x6A, 0xF6, 0x07, 0xCB, 0x91, 0xDA, 0xCE, 0xF4, 0x49, 0xA3, 0x09, 0xA2,
    0x12, 0x59, 0x8A, 0x3C, 0x44, 0x63, 0x91, 0x34, 0x1B, 0xB9, 0xD6, 0x2C, 0xEF, 0x29, 0xEA, 0xC0,
    0xF1, 0x24, 0x4A, 0x77, 0x94, 0x74, 0x97, 0x7C, 0xFA, 0xD2, 0xF1, 0x37, 0x92, 0x32, 0x1E, 0x53,
    0xB5, 0x8F, 0xFB, 0x8B, 0x6F, 0xD1, 0xED, 0x5D, 0x80, 0x0F, 0xE3, 0x79, 0xED, 0xE3, 0x9A, 0x9C,
    0x00, 0x96, 0xB6, 0x18, 0xFF, 0x98, 0x2E, 0xA0, 0x49, 0x4A, 0x2F, 0x4A, 0x29, 0x64, 0x93, 0xF2,
    0xB6, 0x31, 0x48, 0x2E, 0x05, 0x85, 0xE2, 0x0F, 0xC3, 0x7A, 0xFC, 0x28, 0xAC, 0xF7, 0x24, 0xBA,
    0xDF, 0xDC, 0xBD, 0x2D, 0xA5, 0x5D, 0x4D, 0xB4, 0xAA, 0x51, 0x87, 0xA2, 0xFD, 0xC5, 0xFA, 0x6C,
    0x26, 0x68, 0xFD, 0x68, 0x94, 0x05, 0x44, 0x10, 0x75, 0x9D, 0xD2, 0x33, 0xEA, 0xFE, 0x8B, 0x11,
    0x6D, 0xF5, 0x41, 0x46, 0x93, 0x13, 0xF0, 0xBD, 0x07, 0x0F, 0xAE, 0x4E, 0xB9, 0x37, 0x19, 0xC6,
    0xEA, 0xF8, 0x5A, 0xC3, 0xD4, 0xEA, 0x39, 0x45, 0x36, 0x09, 0x5C, 0x43, 0x8C, 0x37, 0x88, 0x28,
    0xF2, 0x3A, 0xC9, 0xF2, 0xD7, 0xC8, 0xEB, 0x70, 0x52, 0x8B, 0x48, 0x36, 0xF4, 0x93, 0xC6, 0x1D,
    0x58, 0xAA, 0x0E, 0x10, 0x23, 0xF5, 0x4C, 0x27, 0x7C, 0x73, 0x8B, 0x59, 0x4D, 0xBC, 0xFA, 0x0E,
    0xDD, 0xCB, 0xBA, 0xF7, 0xAC, 0xD1, 0xCE, 0xC1, 0x01, 0xA1, 0x93, 0xB2, 0x92, 0xF7, 0x66, 0xA2,
    0x70, 0xE7, 0xBC, 0xE7, 0x98, 0xE8, 0xC2, 0x21, 0xB7, 0x54, 0x8D, 0x72, 0xD1, 0x07, 0x96, 0x90,
    0x0B, 0xD5, 0x9E, 0xA5, 0xBB, 0x18, 0xF2, 0x04, 0x6A, 0x37, 0x84, 0x5E, 0xBA, 0xA7, 0x2C, 0x2F,
    0x45, 0xCF, 0xC6, 0xC2, 0xB0, 0x74, 0x6D, 0xF9, 0x30, 0x07, 0x19, 0xCC, 0x17, 0x89, 0xFB, 0x62,
    0x71, 0x84, 0x6B, 0x0E, 0x03, 0x8E, 0xD8, 0x46, 0x17, 0xDC, 0x93, 0xA9, 0x31, 0xE5, 0x7F, 0x97,
    0x6B, 0x03, 0x17, 0x58, 0x03, 0xB0, 0x61, 0x68, 0x4A, 0xB1, 0xF7, 0xC1, 0x47, 0xA8, 0xC9, 0x1D,
    0x74, 0x6F, 0x8C, 0xC2, 0xE0, 0x3B, 0xD3, 0x19, 0x4C, 0x3C, 0xF0, 0x82, 0x5B, 0x70, 0x66, 0x07,
    0x95, 0xF2, 0xDC, 0x79, 0xFC, 0x34, 0xD1, 0x3C, 0xD0, 0xA0, 0x59, 0x46, 0x45, 0xFE, 0x34, 0x59,
    0x1C, 0x70, 0x98, 0x82, 0x0F, 0xF1, 0x19, 0xA2, 0x19, 0x11, 0x70, 0xBE, 0x27, 0x2E, 0xE7, 0x14,
    0x83, 0x50, 0xFA, 0x34, 0x5B, 0x79, 0x7F, 0xE9, 0xE4, 0x01, 0xBA, 0xF6, 0x99, 0x52, 0x1D, 0xCF,
    0x0D, 0xA9, 0x09, 0x36, 0x26, 0x5C, 0x7D, 0xBA, 0x2A, 0x46, 0x7E, 0x8E, 0x68, 0xB6, 0x32, 0x09,
    0x12, 0x83, 0x7C, 0x23, 0x83, 0xEB, 0x63, 0x73, 0x12, 0x2C, 0xB9, 0xDE, 0x29, 0x97, 0x48, 0xE2,
    0x2F, 0x5A, 0xF1, 0x41, 0x4E, 0xEA, 0xD7, 0xE4, 0xA0, 0x89, 0xC2, 0xA4, 0x16, 0xEC, 0x4E, 0x14,
    0x39, 0x81, 0x07, 0x63, 0x30, 0x51, 0x83, 0x35, 0xC8, 0x74, 0xA6, 0x74, 0x7D, 0x48, 0x16, 0xF1,
    0x60, 0xD8, 0xAC, 0x99, 0x8D, 0x02, 0x1C, 0xF3, 0x0C, 0x3A, 0x8A, 0x00, 0x3E, 0x3A, 0x3A, 0xFA,
    0xF3, 0xE2, 0x85, 0x61, 0x64, 0xA1, 0xF7, 0xF9, 0xE5, 0x58, 0xBC, 0xBA, 0x95, 0x03, 0x8F, 0x01,
    0xC8, 0xBC, 0xB5, 0xC6, 0xBC, 0x56, 0xD5, 0x0E, 0x6D, 0x79, 0x9E, 0xBF, 0x80, 0x38, 0xD2, 0x29,
    0x9B, 0x49, 0x36, 0xF5, 0xD4, 0xC7, 0x4E, 0x1F, 0xCB, 0xE6, 0x37, 0xD9, 0x10, 0x92, 0xE7, 0x88,
    0x81, 0xF5, 0x9E, 0x7A, 0xE8, 0xF2, 0x5F, 0x1F, 0xDB, 0xF2, 0xD8, 0xC3, 0x27, 0xC0, 0x11, 0x28,
    0x4B, 0x0B, 0xA4, 0x69, 0xC0, 0xBF, 0x37, 0xB6, 0xC6, 0x29, 0x2F, 0xA3, 0xD7, 0x64, 0xC8, 0x9F,
    0xFC, 0x7D, 0x9D, 0x2F, 0x55, 0x53, 0x0D, 0x7A, 0xDB, 0xEB, 0xC2, 0x99, 0x46, 0xCD, 0x6C, 0x05,
    0xFC, 0x58, 0x36, 0x42, 0xFF, 0xC8, 0x3B, 0x58, 0xDB, 0x8B, 0xD7, 0xA1, 0xFA, 0x33, 0x31, 0x67,
    0xF6, 0x84, 0xFD, 0x58, 0xF6, 0xFD, 0x43, 0xA9, 0x84, 0x69, 0x20, 0x67, 0x0C, 0x8F, 0xB2, 0x4C,
    0x5C, 0x71, 0x3C, 0x1F, 0x27, 0xBC, 0xB5, 0xFA, 0xB1, 0xCC, 0x70, 0xD2, 0xC9, 0x8F, 0x83, 0xBE,
    0xF7, 0xA4, 0xAF, 0x81, 0x3D, 0x3B, 0x7E, 0xE1, 0x18, 0xA9, 0xC5, 0x73, 0x2F, 0xA0, 0x0D, 0x20,
    0x1C, 0xC6, 0x1A, 0x80, 0xAD, 0xB7, 0x87, 0x40, 0x2F, 0x98, 0x09, 0xC1, 0x1D, 0x3B, 0x11, 0x78,
    0x60, 0x94, 0xA7, 0x91, 0x6F, 0xE9, 0x74, 0xE6, 0x48, 0x50, 0xEB, 0xDD, 0x24, 0xE0, 0x3F, 0x00,
    0x21, 0x98, 0x77, 0x08, 0xF4, 0x4D, 0xB9, 0x3F, 0xED, 0x02, 0x3D, 0x17, 0xCB, 0x00, 0x0C, 0xBE,
    0x06, 0x70, 0x0D, 0x02, 0x78, 0x58, 0xE1, 0x5B, 0x29, 0x00, 0xE6, 0x60, 0x60, 0x3D, 0x29, 0x7B,
    0x0F, 0xCF, 0x5E, 0xBB, 0xDF, 0x72, 0xFE, 0x06, 0x2A, 0x53, 0x6F, 0xCD, 0x85, 0x70, 0x00, 0xA7,
    0x75, 0xF6, 0xA7, 0x15, 0x04, 0x8E, 0xFF, 0x9D, 0x4A, 0x72, 0x15, 0x46, 0x12, 0x9E, 0x46, 0x2C,
    0x5B, 0xE0, 0x7F, 0x4D, 0x68, 0x82, 0xDA, 0xA5, 0xA3, 0x56, 0x21, 0x07, 0xAD, 0x0E, 0x7C, 0x7D,
    0xE2, 0xB2, 0x4E, 0x13, 0xC2, 0xB6, 0x44, 0x92, 0x8D, 0x71, 0xFE, 0x04, 0xCD, 0xF1, 0x99, 0xA2,
    0xDD, 0xBF, 0x40, 0x9D, 0xD1, 0xBB, 0xF3, 0xB5, 0x26, 0xDC, 0x05, 0x04, 0x1E, 0x9F, 0x22, 0x1A,
    0xE3, 0x05, 0x20, 0xAF, 0xFE, 0x99, 0x48, 0xC8, 0x7E, 0x9F, 0x69, 0xAB, 0xD2, 0xEC, 0x30, 0x1E,
    0xA0, 0x6B, 0x9F, 0x2B, 0xD5, 0xF9, 0x7B, 0x35, 0x71, 0xDE, 0xE3, 0x4A, 0x9D, 0x70, 0x26, 0xCB,
    0xDB, 0x3D, 0x3A, 0x87, 0x69, 0x3D, 0x44, 0x4E, 0x09, 0x75, 0x03, 0x31, 0x8E, 0xB9, 0xEA, 0xD4,
    0x2B, 0x5C, 0x58, 0xD2, 0x28, 0x27, 0x7A, 0x28, 0xBC, 0xA6, 0x75, 0x57, 0x61, 0xC0, 0xDF, 0x73,
    0x22, 0x03, 0xFD, 0x02, 0x6E, 0xBF, 0x61, 0x2A, 0xAC, 0x98, 0x9D, 0x93, 0x0C, 0x0C, 0xA7, 0x6A,
    0x5E, 0xF6, 0x0C, 0x59, 0xB2, 0x37, 0xDA, 0xB9, 0x47, 0xEF, 0xD1, 0x8D, 0x3E, 0x4C, 0x94, 0x8F,
    0xA2, 0xB2, 0x17, 0xEC, 0x8F, 0x66, 0xAF, 0xB6, 0x86, 0xBC, 0x8F, 0x16, 0x7F, 0xCC, 0xBD, 0x3C,
    0x3B, 0xC4, 0xF5, 0x85, 0xB9, 0xDF, 0x45, 0xA8, 0xB6, 0xF7, 0x57, 0x94, 0xFC, 0x12, 0x72, 0x61,
    0x00, 0xED, 0x77, 0xFC, 0x7D, 0x7D, 0xE7, 0x95, 0x9A, 0xF8, 0x0A, 0xCE, 0x7E, 0x29, 0xC9, 0xE5,
    0x93, 0xE5, 0xA5, 0x01, 0x0A, 0x55, 0xD6, 0x75, 0xA5, 0x2F, 0x68, 0xED, 0xBB, 0xB9, 0x85, 0x76,
    0xFF, 0x6F, 0x51, 0x93, 0x8F, 0xD3, 0xD0, 0xBA, 0x60, 0x28, 0x9B, 0x06, 0x9A, 0xA8, 0x02, 0x52,
    0xA7, 0x09, 0x8C, 0x85, 0x61, 0x31, 0xD1, 0xF5, 0x6E, 0x70, 0x0D, 0x32, 0x34, 0xE0, 0xB5, 0x11,
    0xA5, 0xD1, 0x99, 0xC2, 0x43, 0x86, 0x85, 0x0E, 0x95, 0x0F, 0xBC, 0x54, 0xAA, 0x89, 0xAF, 0x09,
    0x80, 0xAF, 0x21, 0xA9, 0x16, 0xAA, 0xC9, 0xBA, 0x7F, 0xF5, 0x2B, 0x34, 0x21, 0x7E, 0x0C, 0x1F,
    0x13, 0xE5, 0x81, 0x8A, 0x2C, 0xA0, 0xD5, 0x3C, 0x72, 0x49, 0xBA, 0x9F, 0xC3, 0x36, 0x51, 0x23,
    0x43, 0x7D, 0x92, 0xA9, 0x51, 0xE4, 0xE8, 0xE2, 0x63, 0xA9, 0x8C, 0x90, 0x76, 0xB5, 0x11, 0x96,
    0xB2, 0x6A, 0x79, 0x4E, 0x1C, 0xD9, 0xE5, 0xBE, 0x0E, 0x3C, 0xC1, 0x13, 0xFC, 0x0F, 0xDD, 0x9C,
    0x51, 0x6E, 0xE3, 0x3E, 0xAF, 0xC5, 0x0F, 0xC0, 0xD7, 0x00, 0xDC, 0x4A, 0x16, 0x60, 0x80, 0x5B,
    0x27, 0xD0, 0x05, 0xCC, 0x56, 0x08, 0xF4, 0x95, 0xC0, 0xB9, 0x10, 0x45, 0xDB, 0x56, 0xFF, 0x99,
    0xB9, 0xED, 0x4C, 0xF3, 0x4D, 0xA7, 0x82, 0x74, 0x7E, 0x42, 0xE2, 0xD8, 0x14, 0x49, 0x39, 0x8E,
    0xEC, 0x16, 0x20, 0x13, 0x68, 0xFC, 0xBA, 0x48, 0x4E, 0xB0, 0xA0, 0x0D, 0x6B, 0xF8, 0x80, 0x4D,
    0x6C, 0xDA, 0x88, 0x81, 0x9C, 0x08, 0x19, 0x90, 0x90, 0xBC, 0xC0, 0x41, 0x00, 0xBA, 0x02, 0x30,
    0x07, 0x8C, 0xE4, 0x89, 0x0D, 0xD0, 0x00, 0x72, 0x41, 0x94, 0x51, 0xB2, 0x40, 0x07, 0x08, 0xD2,
    0x41, 0x46, 0x43, 0x07, 0x4B, 0x1E, 0x16, 0x19, 0x8D, 0xAC, 0x83, 0x39, 0x0C, 0x1A, 0xE0, 0x14,
    0x69, 0xC1, 0x29, 0xC6, 0x80, 0x92, 0x01, 0xA3, 0x04, 0xCC, 0x6B, 0x93, 0x55, 0xEA, 0xB3, 0x6E,
    0x09, 0xE3, 0x2B, 0x43, 0xE9, 0x0C, 0xDC, 0x71, 0x03, 0xE0, 0xA5, 0xE2, 0xD8, 0x06, 0xA2, 0x80,
    0x94, 0x18, 0x20, 0x0B, 0x46, 0x6F, 0x37, 0x7F, 0xAB, 0x10, 0xDC, 0x00, 0x87, 0x42, 0x76, 0x71,
    0x6B, 0x9F, 0x83, 0x09, 0xC0, 0xE2, 0x6F, 0x86, 0xE5, 0xC3, 0x7E, 0xCD, 0xA7, 0xF9, 0x35, 0x3E,
    0xE8, 0x57, 0x8C, 0x32, 0x55, 0xBC, 0xA0, 0x13, 0x86, 0x47, 0xE0, 0x44, 0x16, 0xE0, 0x6F, 0x9D,
    0xCC, 0xD5, 0xC9, 0xF6, 0xC6, 0xC9, 0x3C, 0x9C, 0x9C, 0x12, 0xE0, 0xFB, 0x9D, 0xAC, 0xE5, 0xAD,
    0x7D, 0x57, 0xEA, 0xAB, 0xD0, 0x77, 0xDF, 0xDF, 0x87, 0xE8, 0xC5, 0x62, 0x9E, 0x01, 0xB1, 0xE9,
    0x72, 0x1C, 0xDB, 0x41, 0x20, 0x0E, 0x21, 0x7F, 0x78, 0xFB, 0x92, 0x2E, 0x74, 0x49, 0xC0, 0x5C,
    0x03, 0xD0, 0xA9, 0x61, 0x0E, 0xC8, 0xAE, 0xE5, 0x2F, 0x0E, 0xC5, 0x47, 0xD5, 0xFC, 0xA2, 0x31,
    0x54, 0x87, 0x86, 0x26, 0x20, 0x29, 0x44, 0x0D, 0x3E, 0x60, 0x0E, 0x25, 0x13, 0x90, 0x0E, 0x90,
    0xEF, 0xC3, 0x32, 0x9F, 0x8D, 0x15, 0xD0, 0xF2, 0x86, 0x62, 0x29, 0x35, 0x36, 0xA3, 0x0B, 0x99,
    0x1A, 0x48, 0x73, 0xD0, 0x5C, 0x48, 0x8C, 0x86, 0x24, 0x80, 0x87, 0xCD, 0x7B, 0xEF, 0x81, 0x9B,
    0xF2, 0x07, 0xEB, 0xD0, 0xA4, 0x03, 0x7E, 0xA4, 0x86, 0xC6, 0x19, 0x7C, 0xB2, 0xF2, 0xDE, 0x1C,
    0x50, 0x6F, 0x3B, 0xEA, 0xED, 0x7F, 0xD0, 0xB3, 0x31, 0xBD, 0xA9, 0x39, 0x13, 0xDC, 0xD4, 0x91,
    0x12, 0xE2, 0x48, 0x38, 0xEE, 0xCF, 0xF5, 0xAC, 0xC6, 0xEA, 0xD9, 0xF5, 0x15, 0x00, 0xFF, 0xA6,
    0x4F, 0x2B, 0x23, 0xF2, 0x6C, 0x52, 0xEF, 0x3C, 0x3F, 0x53, 0x15, 0x88, 0xCE, 0xC8, 0xCE, 0x4E,
    0x90, 0x6F, 0x7D, 0x2B, 0xFE, 0x8F, 0x7A, 0xD5, 0x71, 0xAF, 0xAC, 0x4C, 0x89, 0xCA, 0x52, 0x63,
    0x7B, 0x37, 0x01, 0xC4, 0x73, 0x3D, 0xBB, 0x01, 0x81, 0xF2, 0x87, 0xA3, 0x7C, 0x3B, 0x07, 0x95,
    0x05, 0x9B, 0xD0, 0xCB, 0x17, 0xC9, 0x5A, 0x48, 0xB2, 0xD0, 0x63, 0x82, 0xD1, 0x01, 0x02, 0x8C,
    0x82, 0x66, 0x41, 0x26, 0xC0, 0x15, 0x5E, 0xB0, 0x3F, 0x03, 0x71, 0x81, 0xE4, 0x15, 0x1A, 0x05,
    0xFA, 0xB4, 0x6C, 0xDA, 0x19, 0x85, 0xFD, 0x9B, 0xDD, 0x13, 0x50, 0xBE, 0x64, 0xED, 0x8F, 0xA5,
    0x59, 0xEE, 0xD8, 0x4A, 0xB3, 0x34, 0x86, 0xBE, 0x78, 0xF5, 0x1D, 0xB8, 0xAB, 0x03, 0x36, 0x52,
    0x4B, 0x48, 0x7A, 0x45, 0xD6, 0x2B, 0xB2, 0xBB, 0x12, 0x1F, 0x56, 0x6B, 0xAD, 0x8E, 0xC3, 0x42,
    0x58, 0xA9, 0xF2, 0xA3, 0xA2, 0xAB, 0x04, 0x04, 0x58, 0xAE, 0x11, 0xA6, 0x0B, 0x95, 0x31, 0x3F,
    0x96, 0x05, 0x61, 0x01, 0x0D, 0xF3, 0x05, 0x51, 0xD0, 0x37, 0x20, 0x99, 0x8D, 0x7E, 0xF1, 0x97,
    0x58, 0xF7, 0x49, 0x5C, 0x20, 0x59, 0xB0, 0x98, 0x96, 0x79, 0xD9, 0x99, 0x28, 0xEC, 0x0E, 0x07,
    0x74, 0x08, 0x6C, 0xF9, 0xB6, 0xE7, 0xCC, 0x62, 0x9E, 0xAF, 0x95, 0x9F, 0xCB, 0xCD, 0xE5, 0xE5,
    0x72, 0x72, 0x79, 0xB7, 0x84, 0x78, 0xB7, 0xD8, 0x94, 0xF2, 0x6B, 0xB9, 0xB5, 0xBC, 0x5A, 0x4E,
    0x3D, 0x7C, 0xDA, 0xF2, 0xA0, 0x54, 0xCA, 0x94, 0x08, 0xA1, 0x09, 0x02, 0xA7, 0x6C, 0x87, 0x60,
    0x17, 0x3D, 0xC4, 0xE6, 0xA8, 0x5A, 0x60, 0xEB, 0xBB, 0xB7, 0x21, 0x38, 0x45, 0x0F, 0xB1, 0x12,
    0x99, 0xFE, 0x20, 0xB3, 0x44, 0xC8, 0x18, 0xED, 0x17, 0x67, 0xDB, 0xD0, 0x90, 0x79, 0x4E, 0x00,
    0xC8, 0x6E, 0x47, 0x01, 0xF0, 0xB6, 0x75, 0x4A, 0xA8, 0x26, 0x4C, 0xC8, 0x3C, 0xCE, 0x09, 0x77,
    0x08, 0x10, 0x50, 0x20, 0x87, 0x18, 0x0C, 0x30, 0x26, 0xA0, 0x65, 0x00, 0xFD, 0x0B, 0xFA, 0x67,
    0x9E, 0x43, 0x43, 0x02, 0x81, 0x14, 0x07, 0x79, 0x9E, 0x47, 0x9F, 0xED, 0x2F, 0x18, 0xCA, 0x2D,
    0x8B, 0xD8, 0x57, 0x4D, 0xA5, 0xC7, 0x5F, 0xE2, 0xCF, 0x4F, 0xAB, 0x65, 0xF8, 0x96, 0x20, 0xE4,
    0x7F, 0x31, 0x7C, 0x0A, 0xA1, 0xD7, 0xE1, 0xF7, 0x80, 0xF5, 0x08, 0x52, 0xAE, 0x72, 0xFE, 0xF0,
    0x94, 0x27, 0xF8, 0x81, 0x7D, 0x98, 0xC0, 0x8C, 0xC3, 0xDE, 0xE8, 0x10, 0x7A, 0x1D, 0x2F, 0x20,
    0xFB, 0xA4, 0x7B, 0xE9, 0x49, 0x57, 0xEF, 0xF5, 0x10, 0xB7, 0xAF, 0x78, 0x7A, 0xC2, 0x9C, 0x7E,
    0x08, 0x71, 0xD0, 0xD6, 0x4B, 0x18, 0x89, 0x27, 0x4F, 0x3F, 0xF1, 0xEB, 0x65, 0x8A, 0x65, 0x81,
    0x04, 0x8E, 0x8B, 0x45, 0xF5, 0x19, 0x73, 0x20, 0xDE, 0x5E, 0x7A, 0x43, 0xC8, 0x97, 0xF3, 0x67,
    0x37, 0x1D, 0xDC, 0xBF, 0xC8, 0x3A, 0x3A, 0x05, 0x09, 0x98, 0x1F, 0x40, 0xC3, 0x41, 0x54, 0xF9,
    0x35, 0x20, 0xA4, 0x9F, 0x80, 0x26, 0x0A, 0x01, 0xF6, 0x3E, 0x17, 0x68, 0x4C, 0x64, 0xA1, 0x2F,
    0x1E, 0xCB, 0xB2, 0x28, 0x3B, 0x33, 0x6A, 0x57, 0x11, 0x3D, 0xF6, 0x56, 0x8D, 0x21, 0xD9, 0x2E,
    0x98, 0x0E, 0x48, 0x03, 0x24, 0xD4, 0xA7, 0x07, 0x04, 0xF0, 0xDD, 0x24, 0x57, 0xA2, 0xBF, 0x08,
    0x73, 0xD3, 0x90, 0x84, 0x39, 0x38, 0xC4, 0x60, 0x38, 0xC4, 0xA7, 0x10, 0x9A, 0x92, 0x10, 0xB2,
    0xC4, 0xA1, 0xBE, 0xCC, 0x21, 0xAB, 0x1E, 0x49, 0xE8, 0x4C, 0x46, 0xB2, 0x8E, 0x5A, 0xC7, 0x4F,
    0x0E, 0xA9, 0xD1, 0xD4, 0x58, 0xE8, 0x30, 0xDF, 0x37, 0xEE, 0xC9, 0x50, 0xB6, 0x9D, 0x21, 0x2A,
    0xB4, 0xE9, 0xD3, 0x6F, 0x67, 0x4C, 0x61, 0x81, 0xEF, 0x17, 0xC5, 0x92, 0x6D, 0x48, 0x9D, 0x02,
    0xA2, 0x17, 0x00, 0x6B, 0x38, 0xD6, 0x87, 0x3B, 0xCB, 0x57, 0x8D, 0x22, 0x34, 0x1E, 0xCC, 0xC5,
    0xF3, 0xC5, 0x2E, 0xDF, 0x73, 0x12, 0xF6, 0xFC, 0x3B, 0xA5, 0x5F, 0x03, 0xBE, 0x7A, 0xE4, 0xBE,
    0x53, 0x20, 0xCE, 0xA2, 0x3E, 0x11, 0x0F, 0x80, 0x09, 0x69, 0xF4, 0x96, 0xA5, 0xD8, 0x86, 0x5C,
    0xA7, 0xE5, 0x12, 0xD1, 0x92, 0xF8, 0xE2, 0xC1, 0xC4, 0x56, 0x8A, 0xCB, 0xCF, 0xAE, 0xBE, 0x92,
    0xE8, 0xAB, 0x0A, 0x20, 0xE7, 0xC1, 0x02, 0x8A, 0x37, 0x85, 0x4C, 0x18, 0xD9, 0x90, 0xCB, 0x6F,
    0x75, 0xE2, 0xF7, 0x31, 0xCA, 0x09, 0x00, 0x7F, 0x8C, 0xB6, 0x6C, 0x35, 0x17, 0x86, 0x2A, 0xF4,
    0x0B, 0x84, 0x81, 0xE3, 0x07, 0x3D, 0x6C, 0x1F, 0xF9, 0x9A, 0x2E, 0x57, 0x57, 0x35, 0x60, 0x13,
    0xFA, 0x01, 0xC8, 0x04, 0x39, 0xF0, 0x83, 0xF4, 0x01, 0xD8, 0x40, 0xF6, 0x1C, 0x5A, 0xE0, 0x9F,
    0x82, 0xDA, 0x99, 0x90, 0x20, 0xBD, 0xF1, 0xFE, 0x30, 0x72, 0x29, 0x5F, 0x22, 0x8C, 0x7A, 0x59,
    0xE2, 0xC7, 0x54, 0x3B, 0xD5, 0xCA, 0xAD, 0x2C, 0x3D, 0x5F, 0x2F, 0xBD, 0x0D, 0x15, 0x26, 0x60,
    0x4A, 0x02, 0xB6, 0x81, 0xBD, 0xF4, 0xB1, 0x56, 0xFC, 0xBE, 0x56, 0x55, 0xA6, 0x90, 0xAD, 0x51,
    0xB6, 0xBA, 0xF1, 0xD5, 0xC3, 0x88, 0xBB, 0x24, 0xAE, 0xC5, 0xC8, 0x6A, 0xA0, 0x03, 0xF6, 0x84,
    0x46, 0x3F, 0x8E, 0xA1, 0x21, 0x30, 0xFE, 0x40, 0xF0, 0xB4, 0xE3, 0x51, 0x96, 0xCB, 0x6E, 0x8B,
    0xFE, 0x46, 0xB3, 0x4A, 0x36, 0x1F, 0x8D, 0x4C, 0x72, 0x39, 0xCC, 0x7C, 0x45, 0x08, 0xFC, 0x59,
    0x15, 0x82, 0xCC, 0xA3, 0x62, 0x2D, 0xCA, 0x51, 0x2B, 0xB8, 0xEF, 0xAB, 0x74, 0x25, 0x95, 0x74,
    0xDC, 0x6A, 0xB6, 0x6C, 0x89, 0x34, 0x86, 0x32, 0x84, 0xCF, 0xB2, 0xDC, 0xB1, 0xC5, 0xA8, 0x99,
    0x12, 0x75, 0x2C, 0x97, 0xFC, 0x9C, 0x51, 0x7C, 0xBA, 0xA9, 0x73, 0x29, 0x58, 0x02, 0xEA, 0x7B,
    0xA5, 0x2B, 0x81, 0x3B, 0x34, 0xAA, 0x66, 0x77, 0xDE, 0x14, 0x06, 0x58, 0xAF, 0xCB, 0xFB, 0xAA,
    0x26, 0xC8, 0x20, 0x03, 0x75, 0xAC, 0x1E, 0x56, 0x55, 0xCB, 0x51, 0x05, 0x40, 0x42, 0xD8, 0x15,
    0xF9, 0xCC, 0xD4, 0xFA, 0x5D, 0xE3, 0xC9, 0x04, 0x94, 0xF4, 0xA3, 0x23, 0xC7, 0x1D, 0x89, 0xEA,
    0x68, 0x7C, 0xC9, 0x0E, 0xBB, 0x23, 0xD7, 0x8E, 0x77, 0xC7, 0xBC, 0x7D, 0xCE, 0x72, 0x75, 0xB5,
    0x12, 0x63, 0x9C, 0x3F, 0xE0, 0xA7, 0xBB, 0x2A, 0x23, 0x34, 0x87, 0xC4, 0x14, 0x09, 0xFC, 0xAC,
    0x30, 0xC0, 0x2C, 0xA9, 0x8D, 0x25, 0x20, 0x7F, 0x24, 0x9A, 0x90, 0x24, 0xA3, 0x05, 0xC0, 0x94,
    0x58, 0x44, 0x1F, 0x2C, 0xF4, 0xDC, 0xD7, 0x37, 0x73, 0xBF, 0xFD, 0x9D, 0xEA, 0x90, 0x90, 0x80,
    0xAE, 0x4B, 0x2C, 0x42, 0x46, 0xC9, 0x79, 0x45, 0xFF, 0xD9, 0xD2, 0x77, 0xC7, 0x0F, 0x81, 0xEE,
    0x17, 0x8F, 0xE4, 0x7E, 0xD5, 0x76, 0xEB, 0x2B, 0x96, 0xAC, 0x78, 0xD1, 0xED, 0x87, 0xA7, 0x44,
    0x60, 0x73, 0xDC, 0xAE, 0x27, 0x13, 0xEB, 0x89, 0xF4, 0xF1, 0xCA, 0xAA, 0x39, 0xAA, 0x44, 0x2F,
    0xF6, 0x6B, 0x45, 0x5F, 0xC8, 0x1D, 0x4A, 0x07, 0x73, 0x59, 0xF6, 0x47, 0x21, 0x0B, 0x12, 0x05,
    0xF5, 0x82, 0xA1, 0x90, 0x05, 0x89, 0x82, 0x7A, 0xC1, 0x26, 0x18, 0x57, 0xBC, 0xF4, 0x96, 0x2C,
    0xA0, 0x61, 0x3E, 0xD1, 0xBB, 0x6E, 0xF4, 0xF1, 0x58, 0xC0, 0x0E, 0xDF, 0x93, 0x75, 0x60, 0x3A,
    0x6E, 0x89, 0xA6, 0x44, 0x41, 0xF3, 0x01, 0xD0, 0xF8, 0xEF, 0x2F, 0x02, 0xC6, 0xA9, 0x5A, 0x2A,
    0x1F, 0x50, 0x21, 0x0F, 0x85, 0x45, 0x29, 0x86, 0xE6, 0x50, 0x89, 0xF3, 0x06, 0x24, 0x01, 0xC8,
    0x6B, 0x96, 0x56, 0x3F, 0x88, 0xF3, 0x5D, 0x8D, 0xD2, 0xF9, 0x29, 0x0E, 0xED, 0xDF, 0x66, 0x16,
    0x20, 0x5D, 0xE9, 0xA4, 0x0B, 0x7D, 0x1D, 0x32, 0xAF, 0xEA, 0xA7, 0x2A, 0x4E, 0xDD, 0x8E, 0x71,
    0x33, 0x84, 0x6C, 0xD5, 0xFF, 0xC7, 0xDA, 0x69, 0xE7, 0xA9, 0xAB, 0xB5, 0xF6, 0x01, 0x6B, 0xEF,
    0xD7, 0x19, 0x69, 0xD1, 0x36, 0x4A, 0xF6, 0xE4, 0xBD, 0x24, 0x38, 0x99, 0x2D, 0x33, 0x49, 0x9E,
    0x20, 0x3A, 0xC4, 0x0E, 0xE1, 0x90, 0x14, 0x42, 0xF3, 0xB2, 0x86, 0xBC, 0x75, 0xF2, 0x69, 0xC2,
    0x1C, 0x09, 0xF8, 0x87, 0xBF, 0x09, 0x3F, 0xF0, 0x55, 0xF3, 0x55, 0x46, 0x7D, 0x96, 0xF5, 0x8E,
    0xC7, 0x72, 0x33, 0xEF, 0x78, 0x77, 0x7B, 0x9A, 0x3F, 0x50, 0xA5, 0x5E, 0x19, 0x55, 0x12, 0xC7,
    0xB5, 0x8B, 0x38, 0x0E, 0x4B, 0x82, 0xCC, 0x92, 0xCA, 0x40, 0x71, 0x94, 0x5C, 0x96, 0xBF, 0x71,
    0xFB, 0x9F, 0xF8, 0x8D, 0x61, 0x60, 0xD0, 0x35, 0xCC, 0xA5, 0x9A, 0x62, 0xB6, 0xAD, 0xA6, 0x91,
    0xC4, 0x1D, 0x12, 0xF8, 0xE3, 0xA6, 0x09, 0x90, 0x51, 0xED, 0xC3, 0x29, 0x93, 0x20, 0x84, 0x8B,
    0x20, 0x3F, 0x61, 0xE8, 0xC0, 0x68, 0xFA, 0xAE, 0x21, 0xE8, 0x70, 0x4F, 0x9C, 0x4D, 0xFD, 0x77,
    0x86, 0x6E, 0x24, 0xD0, 0x0A, 0xFA, 0x50, 0xFB, 0xA9, 0x4A, 0xE9, 0x76, 0xAC, 0x8A, 0x18, 0xA3,
    0x14, 0x43, 0xE3, 0x58, 0x08, 0xB0, 0x52, 0xDA, 0xD0, 0x28, 0xF5, 0x37, 0x7B, 0x13, 0x1F, 0xAA,
    0x17, 0xED, 0x0A, 0xD0, 0x85, 0x30, 0x92, 0x87, 0x26, 0x6C, 0xA6, 0xED, 0xE3, 0xAA, 0x48, 0x82,
    0x09, 0xBA, 0xE6, 0x60, 0x26, 0xFC, 0xA7, 0x1B, 0xA3, 0x76, 0x9E, 0xC6, 0x04, 0x20, 0xEB, 0xEA,
    0x6B, 0xA1, 0x7D, 0x20, 0x79, 0x5D, 0xA6, 0xB8, 0xE1, 0x2C, 0xA4, 0x43, 0x99, 0x64, 0x0C, 0x08,
    0xA3, 0x06, 0xC4, 0x04, 0x0C, 0x78, 0x6D, 0xB0, 0x10, 0xF4, 0x82, 0x35, 0xA2, 0xA0, 0x8D, 0x2C,
    0xC8, 0x04, 0xD8, 0xF0, 0x82, 0x35, 0xA2, 0xA0, 0x13, 0x92, 0x57, 0x80, 0x0D, 0x16, 0x6C, 0x81,
    0xB2, 0x46, 0x20, 0xAC, 0x18, 0x37, 0xC0, 0xF3, 0x0B, 0x3B, 0xCF, 0x41, 0x6A, 0x5C, 0x42, 0x83,
    0xDE, 0xE4, 0x71, 0x71, 0x80, 0x61, 0x74, 0x30, 0x6A, 0xBF, 0xAF, 0xAE, 0xB5, 0x77, 0xC9, 0xB5,
    0xC6, 0x1F, 0x68, 0x55, 0xD2, 0x8D, 0xD1, 0xFA, 0x8F, 0x3B, 0x7C, 0x2D, 0x59, 0x2A, 0xBC, 0x02,
    0x0D, 0x9B, 0xD8, 0xD6, 0x0B, 0xAC, 0xBF, 0xE8, 0x7A, 0x2C, 0xC5, 0xA6, 0xFA, 0x5B, 0x95, 0x52,
    0x9D, 0x7A, 0x8E, 0x40, 0x1C, 0x3A, 0x98, 0xC8, 0xB9, 0x8E, 0x1A, 0x03, 0xCA, 0xB8, 0xAE, 0x18,
    0x72, 0x19, 0xF2, 0xB7, 0x99, 0x66, 0x37, 0x08, 0x00, 0xEB, 0x05, 0x20, 0xC3, 0x71, 0x05, 0xC8,
    0x78, 0x7B, 0x9E, 0xD5, 0x2F, 0x32, 0xCD, 0xDE, 0x2C, 0x04, 0xC7, 0x15, 0x36, 0x21, 0x7E, 0x85,
    0x2E, 0x49, 0x9B, 0xF3, 0x34, 0x79, 0x57, 0xCE, 0x58, 0xD1, 0x98, 0x00, 0x98, 0xE0, 0x1C, 0xAA,
    0x35, 0x1C, 0x30, 0x7C, 0x22, 0xE8, 0x03, 0xCA, 0x54, 0xB2, 0xF1, 0x9E, 0xDC, 0x89, 0x77, 0xE4,
    0x8E, 0xE4, 0x04, 0x7F, 0x91, 0x3B, 0xFA, 0x30, 0x77, 0x58, 0x00, 0xED, 0x51, 0xD2, 0x3C, 0xCA,
    0x1D, 0x1C, 0xA8, 0xB2, 0x22, 0xAF, 0x90, 0x46, 0x3C, 0x78, 0x4E, 0xFD, 0x56, 0xEA, 0x33, 0x7B,
    0x2A, 0x79, 0x2A, 0x77, 0x2A, 0x75, 0x24, 0x0F, 0x89, 0x8F, 0x4A, 0x7D, 0x8C, 0xF4, 0x16, 0x00,
    0x2D, 0xEF, 0x59, 0x3F, 0x10, 0x32, 0xD0, 0xF8, 0x69, 0x71, 0x9C, 0x9B, 0x28, 0x49, 0x2C, 0x77,
    0xD3, 0x02, 0x12, 0xC7, 0x0D, 0x01, 0xC9, 0x8A, 0xBB, 0xB0, 0x50, 0x51, 0x29, 0xB0, 0xE0, 0x05,
    0xFB, 0x30, 0xC0, 0xDE, 0xD9, 0x05, 0xFB, 0xF1, 0x96, 0xBB, 0x69, 0xBE, 0x5B, 0x06, 0x23, 0xF3,
    0x72, 0xBB, 0x5D, 0x4A, 0xC9, 0x68, 0x79, 0x58, 0xEE, 0x7D, 0xD5, 0x24, 0x24, 0xA1, 0x51, 0x83,
    0x98, 0xA9, 0x64, 0x41, 0x40, 0x57, 0x91, 0x92, 0x3C, 0x7A, 0x97, 0x77, 0xCD, 0xA1, 0x6E, 0x01,
    0x73, 0x4D, 0x10, 0xD2, 0x97, 0xB0, 0xDE, 0xBE, 0xEC, 0x65, 0x19, 0x99, 0x47, 0x14, 0xC7, 0x8C,
    0x92, 0x0C, 0x60, 0x7D, 0x3E, 0x40, 0xF3, 0x7B, 0x46, 0xC2, 0xB1, 0x01, 0x51, 0x72, 0x3C, 0x1F,
    0x60, 0x2C, 0x71, 0x40, 0xF2, 0x2F, 0x46, 0x07, 0x08, 0x19, 0x94, 0xEC, 0x65, 0x35, 0x1B, 0xB0,
    0xA0, 0x0F, 0xF4, 0xDC, 0xD2, 0x39, 0x0A, 0xF9, 0x9E, 0xD1, 0xC1, 0xA6, 0xDE, 0xCB, 0x88, 0x69,
    0xDE, 0xCE, 0xF3, 0x04, 0x4C, 0x62, 0xBC, 0xF9, 0x57, 0xA3, 0x53, 0xDA, 0x26, 0x4F, 0xEB, 0x95,
    0xCC, 0xD9, 0x63, 0x08, 0xAD, 0x57, 0x16, 0x7B, 0xFD, 0x50, 0x6A, 0x03, 0xC0, 0xA6, 0x1F, 0x08,
    0x28, 0xCC, 0xAF, 0x3D, 0xB4, 0xF3, 0xAA, 0x77, 0x8A, 0x78, 0xBF, 0x71, 0xE9, 0xE9, 0xDE, 0x23,
    0xD7, 0xDE, 0xFA, 0x2E, 0xE4, 0x51, 0x0F, 0xE0, 0x79, 0xB4, 0xFF, 0xF4, 0xC4, 0x0F, 0xFB, 0x5C,
    0xDB, 0x66, 0xF5, 0x1E, 0x47, 0xED, 0x3A, 0x40, 0x03, 0xEA, 0x85, 0x1A, 0x2F, 0x0F, 0x1F, 0xF0,
    0x8C, 0x5C, 0x9F, 0xD6, 0x67, 0x34, 0x84, 0xD3, 0x81, 0x4A, 0xBA, 0x86, 0xD0, 0xBC, 0xFC, 0x6B,
    0x84, 0x84, 0x01, 0x96, 0x33, 0x06, 0xFA, 0x96, 0x24, 0x07, 0x85, 0xE4, 0x0C, 0x0F, 0x80, 0x2B,
    0x73, 0x52, 0xAF, 0x34, 0x87, 0x72, 0x30, 0xCA, 0xE0, 0xBB, 0x26, 0x68, 0x21, 0xD9, 0xC7, 0x0F,
    0x70, 0xDA, 0x03, 0x04, 0x20, 0x97, 0x0B, 0x4B, 0x59, 0x96, 0x2E, 0x2D, 0x0A, 0x2C, 0x95, 0x98,
    0xC0, 0xA5, 0x90, 0xCC, 0x09, 0xCE, 0x28, 0x32, 0xD0, 0x71, 0x2E, 0xBC, 0xFF, 0x5E, 0x6D, 0x5E,
    0x56, 0x61, 0x85, 0x3E, 0x40, 0xA2, 0x10, 0xEB, 0xEA, 0xAD, 0xFF, 0x62, 0xF5, 0x76, 0x3D, 0x7A,
    0xE3, 0xBA, 0x88, 0x4B, 0x18, 0x1B, 0x67, 0x02, 0x6B, 0x47, 0x9E, 0x7E, 0x78, 0x54, 0x1D, 0x30,
    0xBC, 0x29, 0x02, 0x86, 0x25, 0x83, 0xA9, 0xAF, 0x4E, 0xA1, 0x50, 0xB2, 0x5A, 0x4A, 0xE2, 0xFE,
    0xAE, 0x35, 0x85, 0x3C, 0xEF, 0x7F, 0x7C, 0x0F, 0xDF, 0x75, 0xD1, 0xF8, 0x39, 0x10, 0x0F, 0x17,
    0xC0, 0x9F, 0xE0, 0xD2, 0x2E, 0xFD, 0xFA, 0xD9, 0xB0, 0x5D, 0x9E, 0x8E, 0xF5, 0xA2, 0x5E, 0x1E,
    0x55, 0xB1, 0x97, 0xFC, 0xC8, 0x0F, 0xAE, 0x6F, 0x11, 0xB9, 0x9F, 0x3E, 0x59, 0xAB, 0xE5, 0xD7,
    0xA7, 0x65, 0x7D, 0x07, 0xE0, 0x97, 0x4B, 0xF2, 0x65, 0x99, 0xF1, 0xA5, 0xFF, 0x42, 0x23, 0x41,
    0xD7, 0x80, 0x86, 0xF9, 0x14, 0x39, 0x04, 0x61, 0xB5, 0xA3, 0xFA, 0x3C, 0x2B, 0x78, 0xB9, 0x7B,
    0xCF, 0x98, 0xFB, 0x57, 0xA9, 0x0E, 0x99, 0x51, 0xD2, 0x29, 0x79, 0x79, 0xD8, 0xA9, 0xA5, 0xBF,
    0xEC, 0x12, 0xE6, 0x1B, 0x49, 0x6C, 0xC6, 0xD8, 0xE3, 0x9F, 0xD5, 0xCE, 0x3F, 0xFB, 0xEB, 0xB3,
    0x43, 0x60, 0x2D, 0x37, 0x71, 0xE1, 0xAB, 0x2B, 0xE9, 0x06, 0x73, 0x42, 0x9D, 0x90, 0xD1, 0x82,
    0x3E, 0xCD, 0x54, 0x06, 0x84, 0x6C, 0x9B, 0x2C, 0x00, 0x8D, 0x80, 0x44, 0x76, 0xA3, 0xAB, 0x93,
    0xC4, 0x2B, 0x13, 0x21, 0xE8, 0x83, 0xC8, 0x31, 0x40, 0xAB, 0x8F, 0x69, 0x00, 0x89, 0xDC, 0x57,
    0x0E, 0xBE, 0xA2, 0xD3, 0xCE, 0xB3, 0x6A, 0x54, 0x93, 0x48, 0xA8, 0x1B, 0x0C, 0xEA, 0x37, 0xC8,
    0x93, 0x9D, 0xF6, 0x95, 0x9C, 0x11, 0x68, 0x11, 0x62, 0xCF, 0x73, 0x71, 0xE0, 0xA6, 0xDE, 0xF1,
    0x54, 0x96, 0xCD, 0x4F, 0x70, 0x86, 0x76, 0x30, 0x2C, 0x3A, 0x89, 0x12, 0x32, 0x1A, 0x73, 0x8E,
    0xE6, 0x86, 0xCE, 0xA1, 0x44, 0x76, 0x5E, 0x69, 0x5B, 0xD4, 0x1F, 0x40, 0xE0, 0x8B, 0x66, 0xD8,
    0x0D, 0x52, 0xD9, 0xA4, 0x6E, 0x35, 0x74, 0x30, 0x66, 0x33, 0x07, 0xF4, 0xB9, 0xD3, 0xD2, 0x48,
    0x32, 0x5B, 0x53, 0xC3, 0x92, 0xD0, 0x00, 0x73, 0xA8, 0x4D, 0x8D, 0xA1, 0x5D, 0xEF, 0x43, 0x6F,
    0x18, 0x8A, 0x27, 0xE9, 0x74, 0x36, 0x63, 0x57, 0xC8, 0xF5, 0x86, 0x6C, 0xBE, 0x7D, 0xE0, 0xCD,
    0x4B, 0xAF, 0x7F, 0xED, 0x2A, 0x43, 0xB6, 0x6E, 0x79, 0x36, 0xE9, 0x46, 0xD2, 0x47, 0x1B, 0xFD,
    0x8F, 0x36, 0x10, 0xFB, 0x5D, 0x14, 0x2F, 0x63, 0xC4, 0xBB, 0xB1, 0x0D, 0x52, 0xEF, 0x3F, 0xCC,
    0x2B, 0x73, 0x7E, 0xEF, 0xAF, 0x73, 0x81, 0x7F, 0x23, 0x32, 0xEA, 0x80, 0x9E, 0xB7, 0xAF, 0xB6,
    0x6A, 0x8E, 0xD4, 0xD1, 0x80, 0xBC, 0x3D, 0xF4, 0xF9, 0x1F, 0xFA, 0x1D, 0x80, 0x7F, 0xB6, 0x77,
    0x48, 0xB2, 0xF5, 0xD3, 0xBC, 0xF3, 0xF1, 0x0C, 0x5C, 0xDF, 0xFB, 0x80, 0x37, 0xCE, 0x55, 0xC1,
    0x94, 0x01, 0xF2, 0x47, 0x65, 0x14, 0x13, 0x00, 0x5C, 0x03, 0x8F, 0x4B, 0xAF, 0x97, 0x36, 0xF4,
    0x72, 0x31, 0x67, 0xFF, 0x63, 0x6C, 0x40, 0x83, 0x00, 0x72, 0x62, 0x9E, 0x02, 0x25, 0xCE, 0xBF,
    0xCC, 0x5D, 0xAF, 0x2A, 0xD1, 0xEE, 0x17, 0x07, 0xAC, 0x86, 0x1C, 0xE5, 0x90, 0xBB, 0x24, 0x7E,
    0x5D, 0xC0, 0x84, 0x25, 0x58, 0x55, 0x13, 0xF2, 0xA9, 0x55, 0xCB, 0x7E, 0x1B, 0xCA, 0xA8, 0x28,
    0x39, 0xA3, 0xAD, 0x7D, 0xFC, 0x9F, 0x83, 0xBE, 0x6B, 0x6C, 0x8C, 0x6C, 0xFD, 0xB2, 0xF1, 0xF0,
    0xFD, 0xD1, 0x31, 0x2D, 0x2C, 0x0F, 0x65, 0x19, 0xD7, 0x1F, 0x54, 0xDF, 0x33, 0x48, 0xF7, 0x1A,
    0xFA, 0xD6, 0x6A, 0xB5, 0xCF, 0xAC, 0x61, 0x2F, 0x37, 0xB0, 0xBE, 0x62, 0xF0, 0x64, 0x9A, 0xA5,
    0x0D, 0x89, 0x02, 0x16, 0xBC, 0xC4, 0x65, 0x13, 0xE1, 0x37, 0x0B, 0x1E, 0xE8, 0x1D, 0xA4, 0x7D,
    0xA8, 0x8A, 0xD6, 0x7E, 0x65, 0x09, 0xE1, 0x57, 0x0A, 0x1E, 0xB4, 0x67, 0x99, 0x14, 0x58, 0x10,
    0xF6, 0x25, 0xB4, 0xF9, 0x91, 0x88, 0xB8, 0xC3, 0xBF, 0xE5, 0xCC, 0x83, 0x16, 0x4D, 0x86, 0xCE,
    0x81, 0xE7, 0xF9, 0xBF, 0x56, 0xC4, 0xB3, 0x92, 0xFA, 0x0B, 0xCE, 0xBC, 0x7F, 0xD7, 0xFB, 0xF9,
    0xDF, 0xDB, 0xAC, 0x12, 0x57, 0xE8, 0x8A, 0xF5, 0xCF, 0x9D, 0xEE, 0x7F, 0xCD, 0xE7, 0x76, 0x1A,
    0xDC, 0x67, 0x39, 0xFF, 0x8F, 0xD2, 0x4F, 0x53, 0xEF, 0x58, 0x7F, 0x54, 0x68, 0xA0, 0x8B, 0x25,
    0xBA, 0x90, 0x85, 0xFE, 0x51, 0x52, 0x45, 0x5D, 0xBA, 0x77, 0x03, 0x7E, 0x79, 0xD9, 0x18, 0x10,
    0x72, 0xF4, 0xAC, 0x7A, 0x9A, 0x73, 0xCF, 0xE6, 0xD2, 0x3D, 0xAD, 0x00, 0x6D, 0xB9, 0x87, 0x2A,
    0x39, 0x7A, 0xE0, 0xB5, 0x17, 0xDC, 0x43, 0x17, 0xD6, 0xD1, 0x93, 0x30, 0x47, 0xED, 0xE8, 0xD2,
    0x73, 0x75, 0x44, 0xF7, 0x62, 0xF6, 0xD4, 0x35, 0x24, 0x00, 0x3D, 0x7B, 0xA1, 0x90, 0x10, 0xEF,
    0x5E, 0xCE, 0x9E, 0x41, 0x52, 0xF7, 0x39, 0x35, 0x7B, 0xB9, 0x01, 0xD4, 0x1A, 0x77, 0x2E, 0xBD,
    0x72, 0xF2, 0xE8, 0xD9, 0x56, 0xBD, 0xD8, 0xBD, 0xC5, 0xA5, 0xA7, 0xD5, 0xB3, 0x38, 0xBD, 0xDA,
    0x90, 0x9C, 0x54, 0xAE, 0x34, 0xF5, 0x62, 0x4A, 0x74, 0x00, 0xE7, 0x86, 0x8E, 0x3B, 0x7E, 0x5A,
    0x8C, 0x21, 0x09, 0x92, 0x4D, 0x4D, 0x28, 0x21, 0x21, 0x17, 0x1A, 0xC4, 0x91, 0xB0, 0xBE, 0x4D,
    0x64, 0xE6, 0xC5, 0x4D, 0x5D, 0x01, 0xDB, 0xE9, 0xA9, 0x61, 0x83, 0xA1, 0xB1, 0x01, 0xEA, 0x21,
    0xC5, 0x97, 0x90, 0x48, 0x40, 0x5F, 0x43, 0x32, 0x00, 0x79, 0xF5, 0x9D, 0x28, 0xD2, 0x41, 0x3F,
    0x09, 0x02, 0xE6, 0xE7, 0x70, 0x25, 0xAF, 0x83, 0x34, 0x3A, 0x8E, 0xB3, 0x18, 0x12, 0xBD, 0x44,
    0x7A, 0x7B, 0x94, 0x3C, 0xA4, 0x37, 0x94, 0xE8, 0x49, 0x04, 0x89, 0xBE, 0x65, 0x55, 0x50, 0x3F,
    0x9F, 0x21, 0x09, 0x6C, 0x28, 0x5F, 0xE7, 0x3C, 0x6A, 0x14, 0x96, 0x07, 0xE6, 0xED, 0x07, 0x0A,
    0x2C, 0x68, 0x5E, 0x21, 0xF1, 0x71, 0x9C, 0x1F, 0x17, 0x32, 0x4E, 0xAC, 0xFF, 0x12, 0xAE, 0x94,
    0x39, 0x34, 0xED, 0xF8, 0x73, 0x7C, 0xAD, 0x1D, 0xDC, 0x00, 0x7F, 0x1C, 0x55, 0x65, 0x58, 0x55,
    0x49, 0x80, 0x18, 0x5A, 0x1D, 0xC4, 0x50, 0x09, 0xC0, 0xA6, 0xBA, 0xF8, 0x50, 0xED, 0x8C, 0x1E,
    0x6A, 0xE8, 0xFC, 0x6D, 0x45, 0x76, 0x56, 0x9E, 0x6A, 0x7E, 0xAA, 0xA2, 0xFA, 0x17, 0xDD, 0xAA,
    0x97, 0xC7, 0xE3, 0x59, 0x7C, 0xF1, 0x23, 0x78, 0xED, 0x3D, 0x07, 0x2E, 0x21, 0xA4, 0x34, 0x38,
    0x31, 0x47, 0x5B, 0xA8, 0xF2, 0xBD, 0xC2, 0x8B, 0x52, 0xC9, 0x73, 0x83, 0x0E, 0xF2, 0xF9, 0x41,
    0x79, 0xB3, 0x46, 0xB3, 0x6B, 0xF6, 0x8D, 0x0D, 0x49, 0x58, 0x7D, 0x78, 0x03, 0x34, 0x86, 0x9A,
    0x0F, 0xED, 0xF9, 0xF1, 0x76, 0xFF, 0x7A, 0x09, 0x1A, 0x87, 0x0A, 0x1F, 0x9B, 0xD0, 0x9B, 0x00,
    0xE2, 0x52, 0x1E, 0x94, 0x04, 0xB4, 0x3E, 0x6F, 0xB0, 0xA9, 0x0E, 0x21, 0x48, 0xB2, 0xF5, 0xFD,
    0x37, 0x05, 0x7B, 0x34, 0xD5, 0x02, 0xB4, 0xCA, 0x2F, 0x8D, 0x0D, 0xE6, 0x0E, 0xBB, 0x7C, 0x36,
    0x8E, 0xE0, 0x81, 0x50, 0x49, 0xA8, 0x04, 0x4C, 0x03, 0x66, 0x0E, 0xEE, 0x65, 0x3F, 0x00, 0x7D,
    0xD5, 0xF5, 0xC0, 0xFF, 0x94, 0x27, 0x1F, 0xFF, 0x5B, 0xA0, 0xE7, 0x7A, 0x31, 0x20, 0x5E, 0xE6,
    0xD4, 0xB5, 0x7C, 0x0E, 0xED, 0x74, 0x3D, 0x5D, 0x80, 0xED, 0x9F, 0xF3, 0xE5, 0x7E, 0xD3, 0x4E,
    0x42, 0x1D, 0x69, 0x58, 0x6F, 0xDA, 0xF9, 0xD3, 0xFC, 0xF9, 0x7F, 0xD4, 0x96, 0x61, 0x6A, 0xAB,
    0x39, 0x0C, 0x45, 0x0F, 0x68, 0x01, 0xDA, 0x4A, 0x17, 0x10, 0xD0, 0xD6, 0xB5, 0x83, 0xB7, 0x15,
    0xC1, 0xFB, 0x6B, 0xB8, 0x83, 0xB1, 0xFC, 0xD9, 0xE9, 0xCB, 0x0C, 0x03, 0x9D, 0x3F, 0x63, 0x8A,
    0xCE, 0xB9, 0xE0, 0xD0, 0xE8, 0x7E, 0x24, 0x2D, 0x00, 0x04, 0x40, 0x82, 0x12, 0x93, 0x6A, 0xD2,
    0x25, 0x11, 0x89, 0xD2, 0x94, 0x96, 0x36, 0x20, 0xCA, 0xD2, 0x0B, 0x7C, 0xF8, 0x24, 0x36, 0x82,
    0x48, 0x30, 0x0D, 0x26, 0x51, 0x11, 0x4C, 0x26, 0xBA, 0x19, 0x3F, 0x60, 0x02, 0x9A, 0x7A, 0x71,
    0x80, 0x17, 0xD8, 0xE4, 0x00, 0x9B, 0x2E, 0xF0, 0xBC, 0x7F, 0xA7, 0x34, 0x26, 0x4D, 0x4A, 0x98,
    0x32, 0x71, 0xB6, 0x45, 0xF9, 0x7D, 0x46, 0xEE, 0x7B, 0x5F, 0x73, 0x86, 0xCA, 0x31, 0x69, 0x38,
    0x5E, 0xA6, 0x17, 0x91, 0x44, 0x11, 0xCC, 0x29, 0xF0, 0x3F, 0xA6, 0x8D, 0x6B, 0xD6, 0x99, 0xBE,
    0x67, 0x24, 0x9E, 0xC4, 0x92, 0x75, 0x4D, 0x1A, 0x80, 0x54, 0x00, 0xC9, 0x3E, 0x56, 0x8B, 0x3E,
    0xA4, 0xC2, 0x75, 0x68, 0x03, 0x08, 0xBE, 0xB3, 0x16, 0xAD, 0x19, 0xB9, 0x28, 0x16, 0xAB, 0xC9,
    0x7F, 0xCB, 0x17, 0xB0, 0xA9, 0xF6, 0xCD, 0x48, 0xAC, 0xA0, 0xD7, 0x05, 0x97, 0x04, 0x67, 0x59,
    0x68, 0x00, 0xB1, 0xA0, 0xFC, 0x80, 0x78, 0x9E, 0xDF, 0x17, 0xBC, 0x1C, 0x0D, 0x34, 0x1A, 0x2F,
    0x6C, 0x60, 0x63, 0x30, 0xA1, 0x5A, 0x48, 0x26, 0x06, 0x3F, 0x07, 0xBE, 0x16, 0x8A, 0x7E, 0x46,
    0x2A, 0x08, 0xE5, 0x04, 0xC5, 0x75, 0x0A, 0xCB, 0x6B, 0x99, 0x78, 0x1C, 0xAF, 0x71, 0x82, 0xE9,
    0x0A, 0xA8, 0x8E, 0x13, 0x79, 0x1C, 0xE7, 0x9F, 0x8E, 0x56, 0x91, 0x31, 0x99, 0x73, 0x8C, 0x1D,
    0x4C, 0x84, 0x92, 0x18, 0xA0, 0xF5, 0x53, 0x44, 0x62, 0x2B, 0xF8, 0xD8, 0xCF, 0x4D, 0x13, 0x04,
    0x78, 0x81, 0x00, 0xF1, 0x82, 0x78, 0x0B, 0xD9, 0x21, 0x69, 0x81, 0xFE, 0xB4, 0xDF, 0x61, 0x5C,
    0xC1, 0xEB, 0x0A, 0x71, 0x07, 0xE5, 0x1D, 0x38, 0xC1, 0xEE, 0xE0, 0xE3, 0x0E, 0xB5, 0x83, 0x66,
    0xBE, 0x82, 0x12, 0x4B, 0xF4, 0x6C, 0xE2, 0x3B, 0xD8, 0xD8, 0xC1, 0x0B, 0x7F, 0x82, 0x72, 0x66,
    0x62, 0xB5, 0x33, 0x05, 0x5B, 0xBD, 0x55, 0xF7, 0xC6, 0xEA, 0xB0, 0x43, 0x1F, 0x83, 0xAF, 0xC7,
    0x93, 0x7A, 0xBC, 0x3C, 0xD9, 0x17, 0x47, 0x2C, 0x5F, 0xAF, 0x86, 0x7E, 0x00, 0xF8, 0xA0, 0xFB,
    0x3F, 0xB5, 0xF4, 0x57, 0xD5, 0x6E, 0x1F, 0xAE, 0x9D, 0x3E, 0x7B, 0x86, 0xA4, 0xE5, 0xF1, 0xEE,
    0xC5, 0x71, 0x6C, 0x6C, 0x7F, 0xE1, 0x75, 0x3C, 0x72, 0x7B, 0x1E, 0x6F, 0xB6, 0xDB, 0xB8, 0x1B,
    0x6F, 0x17, 0xED, 0xA7, 0xFC, 0x53, 0xF7, 0xDD, 0xB6, 0xEF, 0xBB, 0x56, 0xED, 0xAB, 0xEB, 0xE0,
    0x54, 0x2D, 0xBA, 0xE9, 0xBB, 0xE8, 0xAB, 0xE7, 0x2F, 0x0C, 0x30, 0x25, 0x2F, 0x1C, 0x70, 0x25,
    0xCE, 0x8B, 0x7E, 0x4F, 0xBF, 0x47, 0x9B, 0xA9, 0xA6, 0x79, 0x82, 0x72, 0x5B, 0x1C, 0x63, 0x1B,
    0xEF, 0xF6, 0xB5, 0x2D, 0xF4, 0x2B, 0x4D, 0x52, 0xCD, 0xB1, 0xCC, 0x8B, 0x69, 0x78, 0x45, 0xE2,
    0x69, 0x45, 0xE4, 0x36, 0x21, 0xA6, 0xE5, 0x63, 0xD8, 0x58, 0x06, 0x5E, 0xDB, 0x22, 0x1F, 0x63,
    0x9B, 0xB6, 0xD9, 0xD8, 0xE6, 0xC5, 0x4B, 0x6B, 0xA3, 0x64, 0x2C, 0x8B, 0x64, 0x44, 0xA2, 0x44,
    0x58, 0x45, 0x99, 0x72, 0x76, 0x5A, 0x2E, 0xFD, 0xD2, 0x7E, 0xA7, 0xBE, 0x0C, 0xA3, 0xCF, 0x2A,
    0x10, 0x97, 0xEA, 0x52, 0x53, 0x2F, 0x39, 0xA0, 0xD5, 0xEB, 0xFF, 0xA3, 0x7E, 0x34, 0xD0, 0xA5,
    0xD9, 0x2A, 0x13, 0xAD, 0xC3, 0xD4, 0xDF, 0x1C, 0x3E, 0x10, 0xDA, 0x1F, 0x40, 0x49, 0xB4, 0xBA,
    0x8A, 0x7D, 0x5E, 0x8F, 0x79, 0x35, 0xBB, 0xB8, 0x18, 0x8B, 0xDE, 0xED, 0x79, 0x31, 0x09, 0xFC,
    0x3B, 0xAA, 0xDE, 0xE9, 0x4D, 0xFB, 0x11, 0xBD, 0x19, 0xDF, 0xA8, 0xE6, 0xC0, 0xCA, 0x84, 0x4F,
    0x4A, 0xD2, 0x4D, 0x00, 0xFE, 0x96, 0xBE, 0x99, 0x8B, 0xB1, 0xB9, 0x60, 0x63, 0x91, 0x42, 0x85,
    0xA7, 0x8A, 0x28, 0x9F, 0xC3, 0x7A, 0x78, 0x5A, 0x01, 0x9F, 0x87, 0xA9, 0x7A, 0xF4, 0xE5, 0x1F,
    0x0D, 0x1F, 0x78, 0x49, 0xD5, 0x03, 0x58, 0x23, 0xCF, 0xD8, 0x1B, 0x04, 0xC0, 0x78, 0xDE, 0x48,
    0x22, 0x25, 0xFE, 0xFC, 0x4D, 0xAC, 0xC7, 0x4D, 0xD5, 0x2F, 0x51, 0xA2, 0x01, 0xD1, 0x2D, 0xFC,
    0xBE, 0x5D, 0xC7, 0x4B, 0x79, 0x3C, 0x6E, 0xAF, 0xE3, 0x7E, 0xFB, 0x38, 0x6E, 0x97, 0xA3, 0xDB,
    0xF3, 0x78, 0xDC, 0x5E, 0xC7, 0xFD, 0x72, 0x1B, 0x9F, 0x1D, 0x2D, 0x87, 0xE9, 0xC2, 0x46, 0x7B,
    0x08, 0x7F, 0x77, 0x4D, 0xC7, 0x85, 0x17, 0xFD, 0xAF, 0xCD, 0x74, 0x1B, 0x48, 0x35, 0xDD, 0x26,
    0xA5, 0x02, 0x81, 0x94, 0x3C, 0xE7, 0x52, 0x7F, 0x3C, 0x6A, 0x77, 0x3C, 0xAD, 0xDA, 0x76, 0xBF,
    0x7E, 0xB5, 0x7B, 0xBA, 0x3D, 0xCD, 0x9E, 0x5E, 0x4F, 0xAB, 0xDD, 0xA9, 0xA9, 0x1B, 0x6D, 0x1B,
    0xC4, 0xDD, 0xA6, 0xEF, 0x2E, 0xDB, 0x72, 0x5B, 0x1C, 0xAB, 0x6D, 0xFE, 0x98, 0x8D, 0x3F, 0x0D,
    0x1D, 0xD3, 0xB6, 0xF8, 0x60, 0xAE, 0x69, 0xAB, 0xB3, 0x69, 0x52, 0x5D, 0x86, 0x4E, 0x2F, 0x1F,
    0xED, 0xAF, 0xF6, 0xAC, 0x04, 0xC5, 0x95, 0x5D, 0x87, 0x0A, 0xC4, 0x4C, 0x40, 0x5B, 0xC9, 0x02,
    0x0A, 0xB4, 0x75, 0x41, 0x16, 0xD0, 0x5B, 0x11, 0x34, 0x33, 0x82, 0xF3, 0xF1, 0x91, 0x9D, 0x72,
    0x42, 0xBD, 0xF9, 0xDD, 0xA9, 0xDF, 0xF7, 0x8D, 0xCF, 0xF1, 0xED, 0x0C, 0x65, 0x4B, 0xB6, 0x26,
    0xEF, 0x52, 0x3B, 0x47, 0xC4, 0xD7, 0x51, 0xBD, 0x47, 0xFE, 0xDC, 0xCB, 0xEF, 0xC9, 0xC0, 0x35,
    0x6B, 0xCA, 0x1F, 0xB7, 0x18, 0x80, 0x74, 0x6E, 0x7E, 0x50, 0x6F, 0x28, 0xFD, 0x0C, 0xC6, 0x4A,
    0x8A, 0x76, 0xE9, 0x84, 0x9D, 0xF3, 0x5F, 0xE6, 0x6A, 0x06, 0xC2, 0x91, 0x27, 0x2F, 0x13, 0xF4,
    0x17, 0x2D, 0xD8, 0x9B, 0xEC, 0x92, 0x32, 0xBB, 0xF5, 0xB0, 0x06, 0xA1, 0xBF, 0xE2, 0x33, 0x64,
    0xC0, 0xCB, 0x63, 0xAE, 0xA4, 0xA6, 0xD5, 0x04, 0x92, 0x4D, 0xF2, 0x49, 0x31, 0xC8, 0x9B, 0x0E,
    0x9B, 0x94, 0x83, 0xAA, 0x29, 0x97, 0x35, 0xAC, 0x8D, 0x3A, 0x23, 0xB5, 0x57, 0x9A, 0x51, 0x32,
    0x80, 0x93, 0x8E, 0x5E, 0x62, 0xBD, 0x50, 0x76, 0xB4, 0xF5, 0x42, 0x36, 0x08, 0x3C, 0xA9, 0x40,
    0x4E, 0xBA, 0x0D, 0x1D, 0xDB, 0x78, 0x9C, 0x86, 0x8D, 0x8F, 0x41, 0x44, 0xDA, 0xD3, 0xED, 0xB6,
    0x73, 0x6F, 0x3A, 0x3A, 0xC0, 0x09, 0x84, 0x78, 0xBB, 0x30, 0x82, 0x4E, 0x90, 0x13, 0x9C, 0x27,
    0x1D, 0x29, 0x0E, 0x46, 0x4A, 0xEB, 0x23, 0x3B, 0x18, 0x4F, 0x65, 0x89, 0xE3, 0x13, 0x69, 0xCC,
    0x94, 0xEE, 0x72, 0x13, 0xC6, 0xF6, 0xE5, 0x8F, 0x32, 0xA4, 0x22, 0x04, 0xA7, 0x5F, 0x06, 0x0A,
    0x28, 0x85, 0xC8, 0x3F, 0x7B, 0x29, 0xE6, 0x4F, 0x8D, 0x80, 0xB2, 0xC4, 0xC4, 0x07, 0x3E, 0xB2,
    0x03, 0x47, 0xCC, 0xB0, 0xF7, 0x78, 0xD3, 0x36, 0x82, 0xBD, 0xD3, 0x97, 0xBF, 0xD1, 0x3D, 0x59,
    0x60, 0x18, 0x7D, 0xA8, 0xF4, 0x68, 0xAD, 0xCF, 0x1D, 0x11, 0x83, 0x1C, 0xFB, 0x51, 0xD5, 0xBA,
    0x3A, 0xB0, 0xD1, 0x73, 0x41, 0x9E, 0x59, 0x32, 0x62, 0xBC, 0xBA, 0xEA, 0xC2, 0x8F, 0xDB, 0xD4,
    0x7A, 0xCD, 0x24, 0x8C, 0x44, 0x63, 0x48, 0x02, 0x29, 0x48, 0xFE, 0x97, 0x69, 0x25, 0x68, 0xBE,
    0xD1, 0x7A, 0x1E, 0xA7, 0xAE, 0xCB, 0xE8, 0xAD, 0x99, 0xAD, 0xFA, 0x0A, 0x57, 0x3E, 0x98, 0x18,
    0x23, 0x9C, 0xCF, 0x21, 0x86, 0xE2, 0x8E, 0xA1, 0x98, 0xB0, 0x92, 0x46, 0xAD, 0x8B, 0x53, 0x77,
    0xA7, 0x8C, 0x28, 0x46, 0xFA, 0x24, 0x3E, 0x9D, 0xF6, 0xDC, 0x73, 0x3C, 0xF1, 0x15, 0x94, 0x50,
    0xCF, 0xD1, 0xF6, 0x2E, 0x3D, 0x0F, 0x6B, 0x0D, 0xF4, 0x78, 0x0A, 0xD4, 0xF2, 0x65, 0x21, 0x04,
    0x1B, 0x54, 0x52, 0x83, 0xFC, 0x41, 0x32, 0xE4, 0xDA, 0x07, 0x5B, 0x7C, 0x77, 0xC8, 0x7B, 0x9B,
    0x5E, 0x6E, 0x12, 0xCD, 0xC2, 0xAA, 0xAC, 0x7C, 0x5F, 0xA2, 0x6C, 0x9B, 0xC0, 0xD5, 0x90, 0xF2,
    0x59, 0x6D, 0xA1, 0x00, 0x7A, 0x17, 0xED, 0xA5, 0x96, 0x3C, 0x53, 0x2D, 0xA6, 0x59, 0x3C, 0x1D,
    0xC2, 0xF3, 0x21, 0x2B, 0xB5, 0x42, 0x10, 0xAF, 0x25, 0xC0, 0x86, 0x12, 0xAF, 0x81, 0xE0, 0xAE,
    0xD0, 0x7F, 0xF5, 0x65, 0x5C, 0x8B, 0x0F, 0x44, 0x22, 0x57, 0x9D, 0x25, 0x97, 0x95, 0xD8, 0xE8,
    0xAA, 0x2D, 0xC5, 0xA2, 0xB7, 0x5A, 0x93, 0x34, 0xF1, 0x3D, 0xB6, 0xAF, 0xA9, 0x58, 0x07, 0x16,
    0x5E, 0x34, 0x17, 0x1F, 0x18, 0xB4, 0x81, 0x44, 0x6F, 0x14, 0x97, 0xBD, 0xFD, 0x54, 0x0A, 0x5F,
    0x6C, 0x4D, 0xDE, 0x84, 0xD8, 0x9D, 0x73, 0x90, 0x6E, 0xFF, 0x79, 0xF5, 0xAF, 0xE3, 0x5A, 0xA7,
    0xA3, 0x71, 0x22, 0xE2, 0xF4, 0x35, 0xF1, 0x6B, 0x6F, 0x08, 0x7D, 0x37, 0xDF, 0x39, 0xC8, 0x10,
    0xD7, 0xE6, 0xFB, 0xFF, 0x66, 0x81, 0xA0, 0x4F, 0xAD, 0xDA, 0xA3, 0xAE, 0x2D, 0xBD, 0x7F, 0x05,
    0x73, 0xB1, 0x54, 0x8E, 0x49, 0xB1, 0x1B, 0x0D, 0xAD, 0xD7, 0x3A, 0xC7, 0x7F, 0x7D, 0x5B, 0x98,
    0x10, 0x93, 0x58, 0x9B, 0x41, 0xF5, 0xD8, 0x62, 0xD3, 0xFB, 0x2F, 0xBD, 0x21, 0xAC, 0x79, 0x55,
    0xAC, 0xAA, 0x97, 0x86, 0xB9, 0xCE, 0xDA, 0x5D, 0x8B, 0x86, 0x6C, 0x4D, 0xF9, 0x7F, 0x05, 0x1E,
    0x2B, 0x2D, 0x7B, 0x89, 0xC5, 0x83, 0xDF, 0xB2, 0x24, 0x29, 0x85, 0xBC, 0x48, 0x26, 0xC5, 0xDA,
    0x85, 0x7F, 0x40, 0x0A, 0xC4, 0xA2, 0xD6, 0x04, 0x29, 0x05, 0xEB, 0x37, 0x77, 0xB2, 0x24, 0xED,
    0xB1, 0x78, 0xF6, 0xCC, 0x92, 0xF3, 0xAC, 0xEC, 0x0C, 0x22, 0xDF, 0x63, 0xF1, 0xDA, 0x63, 0x71,
    0xE7, 0x23, 0xAE, 0x63, 0x71, 0x88, 0x84, 0x41, 0x66, 0xF1, 0xB9, 0x0E, 0xCB, 0xCE, 0x35, 0x30,
    0x80, 0xBA, 0x5E, 0x10, 0x0D, 0x10, 0x63, 0x3E, 0x0F, 0x10, 0x62, 0x2F, 0xCC, 0xAD, 0xED, 0x44,
    0x11, 0x8A, 0xAD, 0xB2, 0x7B, 0x5A, 0x88, 0x95, 0xAF, 0x10, 0xBE, 0xEA, 0x0C, 0xE1, 0x43, 0x3C,
    0xD6, 0x87, 0x8B, 0x53, 0xFB, 0x25, 0x33, 0x23, 0x79, 0xCF, 0x8C, 0xDE, 0x52, 0x3E, 0x8B, 0x9D,
    0xFC, 0x95, 0x40, 0xB2, 0x26, 0x89, 0xF7, 0xFC, 0xA8, 0xBE, 0x45, 0x7E, 0x94, 0x6B, 0x53, 0xE6,
    0x9A, 0xA4, 0xC5, 0x2B, 0x20, 0x06, 0x6C, 0x36, 0x21, 0xFE, 0x30, 0x32, 0x4B, 0xD2, 0xED, 0xA2,
    0xB2, 0xB2, 0x5C, 0xB6, 0x1B, 0xE9, 0xD0, 0x9D, 0xBC, 0xC9, 0xF0, 0xCB, 0xD6, 0x60, 0xA6, 0x27,
    0xC2, 0x5A, 0xAF, 0x0D, 0x40, 0xAC, 0xD5, 0xC7, 0x80, 0x53, 0x6C, 0xBD, 0xD1, 0xB9, 0x89, 0x8E,
    0x09, 0x92, 0xB5, 0x57, 0x6D, 0x7E, 0x40, 0xAD, 0xA6, 0x9B, 0x6D, 0x66, 0x61, 0xD7, 0xC6, 0xD2,
    0xC7, 0x3E, 0xBF, 0xBA, 0x28, 0x16, 0xF7, 0x57, 0x46, 0x8B, 0x6D, 0x20, 0x6E, 0xB4, 0x68, 0xAD,
    0x32, 0x8B, 0x56, 0x5A, 0x4F, 0x3B, 0xE7, 0x40, 0x73, 0x49, 0x3C, 0x6C, 0x9D, 0x99, 0x35, 0x10,
    0x4B, 0x0A, 0xD8, 0xD7, 0xE0, 0x58, 0x03, 0xEA, 0x63, 0x5D, 0x2D, 0xA2, 0xD6, 0x33, 0x6B, 0x19,
    0xCF, 0x7A, 0x5E, 0xC3, 0x6D, 0x03, 0x6F, 0xED, 0x6E, 0x83, 0xEA, 0xC1, 0xB1, 0x06, 0xA5, 0xF9,
    0x3A, 0xD0, 0x7C, 0x3A, 0x00, 0x20, 0xF8, 0x90, 0x73, 0x70, 0x9A, 0x54, 0xBD, 0xCC, 0x5E, 0x76,
    0x71, 0x69, 0x90, 0xAE, 0x9A, 0xF6, 0x0B, 0x10, 0x40, 0x1C, 0xF8, 0xA0, 0x8B, 0x30, 0x84, 0xE5,
    0x20, 0x9E, 0x6A, 0xBA, 0xC0, 0xA3, 0x89, 0x8F, 0x23, 0x71, 0xC5, 0x8E, 0x41, 0xD3, 0x68, 0x3A,
    0x94, 0x14, 0xF3, 0xA6, 0xF7, 0x8D, 0x40, 0x32, 0x88, 0xDC, 0x59, 0x89, 0x95, 0x72, 0x94, 0x03,
    0x69, 0x34, 0xD8, 0x3C, 0xF2, 0xBA, 0xCF, 0xF7, 0xF2, 0xD4, 0xD7, 0x45, 0x3E, 0xD6, 0xDE, 0x47,
    0x80, 0xA2, 0x85, 0x04, 0x3E, 0x82, 0x51, 0x09, 0x9E, 0x77, 0xE1, 0x9C, 0xB0, 0x68, 0xAD, 0x9B,
    0x89, 0x5E, 0x21, 0xCF, 0xB6, 0x05, 0xAF, 0xD6, 0x19, 0xCC, 0x78, 0x5B, 0x2E, 0x1B, 0xE4, 0x93,
    0x84, 0x54, 0x24, 0x4D, 0x92, 0x05, 0xC9, 0x9B, 0x20, 0x34, 0x76, 0x74, 0xD9, 0xF6, 0x99, 0xA4,
    0x8E, 0x59, 0x74, 0xD0, 0x5C, 0x79, 0x71, 0x05, 0x9C, 0x5F, 0x8E, 0xC9, 0xD9, 0x07, 0x00, 0x1A,
    0x7D, 0x24, 0xDF, 0xBD, 0xEF, 0x09, 0x05, 0xCE, 0xB5, 0x5A, 0x63, 0x9C, 0x61, 0x65, 0xFE, 0xA6,
    0x2E, 0x2D, 0x44, 0x01, 0x9F, 0xAE, 0xB0, 0x23, 0x16, 0xED, 0x57, 0xCE, 0x95, 0x3B, 0xB1, 0x06,
    0x6A, 0x0E, 0xB4, 0xE0, 0x12, 0xB9, 0xDE, 0x1A, 0xCB, 0xFD, 0xCC, 0x81, 0x08, 0x2A, 0x6B, 0x29,
    0xB0, 0x5A, 0x7E, 0x53, 0x6E, 0x06, 0xDA, 0x05, 0x03, 0xDF, 0xA1, 0x16, 0x4A, 0xA3, 0x29, 0x07,
    0x41, 0x6B, 0xF3, 0x6C, 0x96, 0xBE, 0xBF, 0x79, 0x93, 0xFB, 0x97, 0x2A, 0x86, 0xD3, 0xA3, 0x80,
    0xDB, 0xE9, 0x63, 0xC0, 0x83, 0xA7, 0xA4, 0x38, 0xB9, 0x76, 0x38, 0xD7, 0x37, 0x24, 0x40, 0xD0,
    0x70, 0xF6, 0x9D, 0x8F, 0x37, 0xC8, 0x04, 0x91, 0x27, 0x18, 0x6A, 0xBA, 0x64, 0xC4, 0xB4, 0x3D,
    0x1E, 0xAF, 0xC0, 0xEF, 0xA6, 0x81, 0x19, 0x43, 0x29, 0xD2, 0x87, 0x5A, 0x74, 0x8B, 0xB7, 0x11,
    0x5B, 0x70, 0x5E, 0x53, 0x4C, 0x72, 0x0C, 0x0A, 0x12, 0x83, 0xB8, 0x2F, 0xA1, 0x8F, 0xD3, 0xE1,
    0xD1, 0xAC, 0x68, 0xB8, 0xF4, 0x5D, 0x05, 0xE1, 0x36, 0xE0, 0x07, 0xF8, 0x3A, 0xEF, 0x94, 0xA9,
    0x06, 0xAC, 0x20, 0x49, 0x29, 0x2D, 0xA7, 0x79, 0x7A, 0x09, 0x61, 0x68, 0xE2, 0x09, 0xBA, 0x6E,
    0x55, 0x4F, 0x38, 0x9E, 0x20, 0x0B, 0xEC, 0x09, 0xCE, 0x2F, 0x2F, 0x10, 0x7F, 0x7D, 0xF7, 0x36,
    0x40, 0x4E, 0xB0, 0x27, 0x38, 0x41, 0xB1, 0x9C, 0x19, 0xE1, 0xD0, 0x68, 0x37, 0xFA, 0x18, 0xBD,
    0x3A, 0xC6, 0x2B, 0xBB, 0xD8, 0xD3, 0x77, 0x6E, 0x31, 0x05, 0xD2, 0x92, 0x29, 0x10, 0x38, 0x91,
    0xD5, 0x57, 0x13, 0x91, 0xF7, 0x4E, 0xED, 0xA7, 0x98, 0x95, 0x38, 0x77, 0x39, 0x10, 0x7D, 0x3E,
    0x06, 0x1B, 0x72, 0x40, 0xCD, 0x09, 0x1E, 0x9D, 0x6D, 0x19, 0x4D, 0xFE, 0x4F, 0x25, 0x2A, 0xDA,
    0x69, 0x47, 0x9F, 0xEA, 0xD2, 0xD4, 0x90, 0xEE, 0x94, 0xCD, 0xB7, 0x13, 0xD3, 0x21, 0x49, 0x6B,
    0xEB, 0x0F, 0x88, 0x27, 0x82, 0x5B, 0xCA, 0xA5, 0x44, 0xB7, 0xE7, 0x02, 0xC5, 0xCE, 0xD3, 0xFC,
    0x0D, 0xBA, 0xE2, 0xF9, 0x8C, 0x61, 0x0D, 0xC0, 0xDE, 0x5B, 0xC6, 0xB2, 0x44, 0xD2, 0xC7, 0x96,
    0xB9, 0x28, 0x17, 0x17, 0x7B, 0x1B, 0x9B, 0xBF, 0xD1, 0x95, 0xC7, 0xB6, 0x46, 0x57, 0x88, 0x21,
    0x1D, 0x55, 0x52, 0x29, 0x07, 0x23, 0xBE, 0xDB, 0xB7, 0xB8, 0xF3, 0xE3, 0x83, 0xC2, 0x91, 0xA5,
    0x99, 0x7C, 0xD6, 0x50, 0xC2, 0x6A, 0xB6, 0x9C, 0xA6, 0xF8, 0x9F, 0x7B, 0x21, 0x0C, 0x30, 0x80,
    0xBB, 0x45, 0x68, 0x11, 0x06, 0xA1, 0xDD, 0x3E, 0x1E, 0xCB, 0x81, 0xCA, 0x66, 0x5C, 0xEF, 0x12,
    0x5F, 0xF1, 0x4A, 0xCF, 0x94, 0xDE, 0x93, 0x50, 0x2B, 0xC9, 0x2C, 0x5F, 0x2E, 0xC6, 0xDA, 0xE6,
    0xFC, 0xA0, 0x2B, 0x3D, 0xAB, 0x17, 0x3F, 0x4A, 0xD2, 0xE9, 0xE5, 0x42, 0x48, 0xF4, 0x5B, 0xB4,
    0x4D, 0x5F, 0x4A, 0x2D, 0x6D, 0x35, 0xAC, 0xDF, 0x5E, 0xE9, 0x49, 0x4A, 0xD1, 0xFA, 0x10, 0x7E,
    0x84, 0x46, 0xE8, 0x4E, 0x07, 0x5D, 0x04, 0x9A, 0x5A, 0xB6, 0xBF, 0xB9, 0xBB, 0xD6, 0xCD, 0xC1,
    0x56, 0x13, 0x5A, 0xF0, 0xC8, 0x8B, 0x64, 0x45, 0xFE, 0x98, 0xB4, 0x48, 0x96, 0x83, 0x94, 0xB3,
    0x7B, 0x2D, 0x84, 0x42, 0x41, 0x7A, 0xD7, 0x46, 0x92, 0x6C, 0xA7, 0xEB, 0x8C, 0x89, 0xBA, 0x61,
    0x76, 0x36, 0x29, 0xE6, 0xF6, 0x3A, 0x74, 0x9A, 0xD9, 0x8F, 0xE5, 0x9D, 0x4B, 0xA4, 0xFC, 0xC2,
    0x3B, 0xAB, 0x20, 0xBD, 0x90, 0x28, 0xFB, 0x0C, 0xE8, 0xF8, 0x57, 0xEC, 0xA5, 0x25, 0xF7, 0xA1,
    0xCF, 0x3F, 0xEC, 0x75, 0x7A, 0x11, 0xCE, 0xE8, 0xBC, 0xD0, 0x76, 0x14, 0x49, 0x30, 0xA8, 0xC4,
    0x06, 0x25, 0x89, 0x81, 0xCF, 0x97, 0x92, 0xF9, 0x8B, 0x9B, 0x4F, 0x0B, 0x0D, 0x5D, 0x6E, 0x3E,
    0xBF, 0x99, 0xBC, 0x0F, 0x79, 0x49, 0xAA, 0x1E, 0x20, 0x25, 0x2E, 0xF7, 0xFA, 0xFD, 0x2B, 0x5E,
    0x24, 0x68, 0xD0, 0xB4, 0x66, 0x67, 0x13, 0x38, 0xEB, 0xEC, 0xB0, 0x81, 0xF6, 0xE8, 0x0F, 0xDD,
    0x7F, 0xC6, 0xFB, 0x22, 0x85, 0x5C, 0x9D, 0x16, 0x52, 0x8A, 0x6F, 0xA7, 0x25, 0xE4, 0xF6, 0xA5,
    0xB4, 0xB6, 0x6E, 0x85, 0xA7, 0x0B, 0xAC, 0xE7, 0xBA, 0x0F, 0x71, 0xA2, 0xD1, 0x44, 0xD8, 0xCF,
    0xA5, 0xAF, 0xBB, 0x86, 0x38, 0x1E, 0xA1, 0x00, 0xE8, 0x7A, 0xC2, 0xBA, 0xEC, 0xD3, 0xA0, 0x4F,
    0x90, 0xA4, 0x41, 0xF1, 0x7A, 0x5E, 0x74, 0xA0, 0x96, 0x04, 0x1C, 0xB5, 0xDC, 0xA8, 0x0D, 0x90,
    0x96, 0x41, 0x43, 0x6D, 0xF7, 0x11, 0x0B, 0xDA, 0xDB, 0x95, 0x78, 0x1C, 0x00, 0xE4, 0xA0, 0xAB,
    0xDD, 0x5C, 0x6B, 0xBB, 0xE5, 0x05, 0x42, 0x70, 0x59, 0x1F, 0xA9, 0x25, 0xF2, 0x9B, 0x86, 0xE2,
    0x33, 0x0C, 0x08, 0xA7, 0x57, 0xB4, 0x80, 0xE8, 0xE8, 0x89, 0xE8, 0xB9, 0x5A, 0x3B, 0xE7, 0xE5,
    0xD2, 0x59, 0x62, 0x4C, 0x3A, 0x8F, 0xEE, 0x08, 0x0B, 0x00, 0xF2, 0x89, 0xA2, 0x5D, 0x63, 0xF3,
    0xD1, 0x19, 0x27, 0x34, 0xEB, 0x58, 0xD8, 0xE8, 0x3D, 0x83, 0xAE, 0x03, 0x4E, 0x2C, 0x4B, 0xAF,
    0xCE, 0x83, 0x6B, 0xA0, 0x37, 0xE6, 0xC0, 0xF9, 0xBA, 0x0F, 0xBC, 0xB5, 0x40, 0xBE, 0x11, 0xB6,
    0x56, 0x90, 0x0B, 0x5F, 0x9A, 0xE5, 0x35, 0xCA, 0x86, 0xED, 0x44, 0xAD, 0x65, 0xDC, 0xBD, 0xCE,
    0xAE, 0xB3, 0x03, 0x88, 0xD1, 0xC7, 0xF8, 0xEF, 0x74, 0x81, 0x64, 0x17, 0x2D, 0x70, 0x56, 0xB5,
    0x3B, 0x34, 0xEC, 0xBE, 0xCE, 0xA0, 0x2C, 0xCF, 0x10, 0xF2, 0x3F, 0x75, 0xD0, 0x01, 0xA6, 0x65,
    0x51, 0x0C, 0x44, 0xD1, 0x4D, 0x00, 0x3E, 0x35, 0x95, 0x37, 0x80, 0x90, 0xA9, 0x1F, 0x2E, 0x40,
    0xD3, 0x53, 0xA9, 0x01, 0x84, 0xEA, 0x7B, 0x3C, 0x1A, 0xF8, 0xB2, 0x15, 0x80, 0x25, 0xCB, 0x12,
    0x72, 0xE4, 0x32, 0x8D, 0x6B, 0x6B, 0xE5, 0x39, 0x8B, 0xA1, 0x21, 0x54, 0xCE, 0x9B, 0x1E, 0x0F,
    0xBB, 0xCC, 0x87, 0x9F, 0x71, 0x25, 0x7F, 0x9D, 0x3D, 0xE5, 0xE4, 0xF6, 0x41, 0x46, 0x4D, 0x0F,
    0xAB, 0xF8, 0x8D, 0x30, 0x67, 0x4E, 0x7C, 0x77, 0xD8, 0x3C, 0xB9, 0x55, 0x86, 0xAD, 0x65, 0x72,
    0x5A, 0x27, 0xBA, 0xCB, 0x1C, 0x02, 0x0B, 0x46, 0x9E, 0xDD, 0xB1, 0xAC, 0x9D, 0xD9, 0x8B, 0xEA,
    0x72, 0xE4, 0xCC, 0xB3, 0x23, 0xAF, 0x70, 0xF3, 0x12, 0x96, 0x19, 0x56, 0x8F, 0xBF, 0x3A, 0x02,
    0xCD, 0xEA, 0xED, 0x44, 0x9E, 0xC7, 0xF2, 0x96, 0x87, 0x16, 0xE1, 0x2B, 0x1A, 0xB6, 0x69, 0x23,
    0xF3, 0xA3, 0xB6, 0x93, 0x6C, 0x59, 0xD6, 0xDE, 0xC3, 0xB8, 0x5C, 0x97, 0x8A, 0x7F, 0xA7, 0x27,
    0x89, 0xD4, 0xAE, 0x53, 0x08, 0x2D, 0xC3, 0x7C, 0x92, 0x95, 0xE9, 0xB2, 0xCE, 0x30, 0x84, 0xF9,
    0x33, 0x91, 0xFF, 0x7F, 0x64, 0x62, 0xC5, 0x15, 0x12, 0xBF, 0xFD, 0x03, 0xDD, 0x9B, 0x5B, 0x6E,
    0xEB, 0x3A, 0x0C, 0x45, 0x37, 0xC0, 0xDF, 0x00, 0x9C, 0x4A, 0x07, 0x10, 0x80, 0x53, 0x27, 0xD0,
    0x01, 0x9C, 0xA9, 0x10, 0xE8, 0x2F, 0x81, 0x7D, 0x21, 0x52, 0xB2, 0xE5, 0x36, 0x7D, 0x9D, 0xDB,
    0xFB, 0x54, 0xAD, 0xB5, 0x98, 0xB8, 0xB6, 0x65, 0xF9, 0x25, 0xD9, 0x0E, 0x0C, 0x04, 0xE8, 0x3B,
    0xFA, 0xBB, 0x6B, 0x22, 0xC9, 0x28, 0x08, 0xA1, 0x09, 0x02, 0x27, 0xEE, 0x07, 0xB0, 0xA0, 0x07,
    0x0C, 0x20, 0xB9, 0x00, 0xBB, 0x8E, 0xBD, 0x0D, 0xE0, 0x84, 0x1E, 0xB0, 0x82, 0x10, 0xC2, 0x91,
    0xB2, 0xA0, 0x15, 0x3B, 0x96, 0x8D, 0x1A, 0x32, 0xEC, 0x1A, 0x50, 0x87, 0xA1, 0x7D, 0x1F, 0x96,
    0x38, 0x9C, 0xC3, 0x08, 0xA0, 0x8C, 0x87, 0x56, 0x7A, 0x99, 0xCC, 0x61, 0xA6, 0xB2, 0x0C, 0xD0,
    0x01, 0x4D, 0xC0, 0x86, 0xE3, 0xF7, 0xB3, 0x39, 0x60, 0x6D, 0xAD, 0xD2, 0xA3, 0x4D, 0x54, 0x92,
    0xBC, 0x16, 0xC9, 0xBC, 0x7D, 0x2B, 0xDE, 0x07, 0xAA, 0x64, 0x03, 0x36, 0x40, 0x07, 0x24, 0x00,
    0xC0, 0xD1, 0xE9, 0xAC, 0x29, 0x21, 0xEC, 0xD1, 0x66, 0xB2, 0x81, 0xDB, 0x00, 0x7E, 0x10, 0x42,
    0xEC, 0x9B, 0x19, 0x10, 0x08, 0x20, 0xA4, 0x3A, 0x8C, 0xA4, 0x83, 0x2E, 0x63, 0x00, 0xCC, 0x25,
    0x01, 0x75, 0x8D, 0x45, 0x71, 0xAB, 0x15, 0x19, 0x04, 0x9A, 0xC4, 0x46, 0x92, 0xDE, 0xBC, 0x7E,
    0xBF, 0xFD, 0xFF, 0x4E, 0x8D, 0x83, 0xB5, 0x2C, 0x09, 0x21, 0xA0, 0x8E, 0x9E, 0xDE, 0xC8, 0x04,
    0x84, 0x35, 0xB9, 0x0C, 0xE0, 0x49, 0x1C, 0xC6, 0x67, 0x17, 0x92, 0xAE, 0x09, 0xD6, 0xEE, 0x14,
    0xE6, 0x0D, 0x39, 0x80, 0xB0, 0x58, 0xB5, 0xAF, 0xBD, 0xE2, 0x23, 0x24, 0x03, 0xB0, 0x73, 0xB6,
    0x3A, 0x00, 0x06, 0x00, 0x6D, 0x8C, 0x51, 0x39, 0x10, 0x3C, 0x60, 0x0E, 0x75, 0x4B, 0x98, 0xDF,
    0x49, 0xE2, 0x6E, 0x8C, 0xDE, 0xCE, 0x64, 0xF6, 0x16, 0xC4, 0x9F, 0x1B, 0x84, 0x73, 0x56, 0x06,
    0x83, 0x39, 0xEB, 0x6F, 0x78, 0x7C, 0xDE, 0x93, 0x91, 0x95, 0x41, 0x07, 0xEC, 0x2F, 0xC8, 0xF4,
    0x73, 0x19, 0x42, 0x46, 0xA3, 0x77, 0x65, 0x89, 0x1F, 0x07, 0xA1, 0x01, 0xFA, 0x01, 0xA8, 0x83,
    0xB0, 0x2E, 0x04, 0x94, 0xB1, 0x8E, 0x2A, 0x8E, 0xE4, 0x7B, 0x20, 0x01, 0x0D, 0xFC, 0x25, 0x81,
    0x43, 0xC9, 0x5C, 0x01, 0xBD, 0x82, 0x00, 0x63, 0x06, 0x9A, 0x33, 0x90, 0x23, 0x20, 0xB4, 0x02,
    0xEC, 0x01, 0x2E, 0x81, 0xE4, 0x93, 0xCD, 0x80, 0xF7, 0x0A, 0x34, 0x98, 0x80, 0x85, 0x32, 0xBA,
    0xA6, 0x49, 0xD0, 0x2B, 0x08, 0xDC, 0x30, 0x13, 0x99, 0x30, 0xE6, 0x25, 0x12, 0x1E, 0x07, 0xD7,
    0x5F, 0x18, 0x75, 0x3A, 0xA3, 0x58, 0x63, 0x35, 0x57, 0x24, 0x5C, 0x11, 0xE8, 0x2B, 0xB2, 0x6F,
    0x47, 0x3C, 0xE6, 0x57, 0x03, 0x84, 0xC2, 0x9C, 0xEB, 0x4B, 0x7A, 0x47, 0x03, 0xD0, 0x55, 0x26,
    0x5B, 0x7B, 0x82, 0xA5, 0x3A, 0x2A, 0x70, 0x75, 0xE8, 0x08, 0x30, 0x83, 0xFB, 0xA0, 0x38, 0x90,
    0x15, 0x04, 0x10, 0x15, 0x00, 0xC0, 0x08, 0xF0, 0x3A, 0x50, 0x7A, 0x05, 0xCF, 0x64, 0x62, 0xBB,
    0xB8, 0x60, 0x90, 0x8E, 0xE3, 0xF2, 0xD0, 0x53, 0xE9, 0x11, 0xC4, 0x6F, 0x07, 0x76, 0x04, 0xD1,
    0x59, 0x49, 0x17, 0xD2, 0xCF, 0x00, 0x40, 0x0C, 0x40, 0x5A, 0xDA, 0x62, 0x49, 0xB8, 0xAF, 0x84,
    0x60, 0xA5, 0xAE, 0x34, 0x5D, 0xB5, 0x08, 0x10, 0x4B, 0xD9, 0x8A, 0xA7, 0x21, 0x09, 0x94, 0x7C,
    0x97, 0x4E, 0xA1, 0x64, 0x25, 0xC9, 0x12, 0xBD, 0x95, 0x25, 0xB0, 0x65, 0x73, 0x82, 0x68, 0x65,
    0x49, 0xAE, 0x62, 0x09, 0x4B, 0x5E, 0xB2, 0xA9, 0xE8, 0xE2, 0xD2, 0x87, 0xA4, 0x17, 0x82, 0x27,
    0x00, 0x7A, 0xD9, 0x48, 0x1A, 0x2D, 0x96, 0x40, 0xDF, 0xEB, 0x05, 0x8E, 0xEB, 0x41, 0xC3, 0x29,
    0x21, 0xB6, 0xFD, 0xF3, 0x5D, 0x49, 0x4B, 0x5B, 0x2C, 0x49, 0x96, 0x34, 0x4A, 0xE6, 0x25, 0x62,
    0x48, 0xB2, 0xA4, 0x51, 0x32, 0x2F, 0x11, 0xA5, 0x6C, 0x45, 0xCB, 0xDF, 0x5D, 0xEC, 0x2C, 0xD9,
    0xB5, 0xB8, 0x80, 0xF7, 0xAA, 0x07, 0xB2, 0x24, 0x2C, 0xA1, 0x94, 0x92, 0x98, 0x27, 0x67, 0x00,
    0x46, 0xBC, 0x93, 0xC8, 0x00, 0xE9, 0x53, 0x96, 0x7D, 0xEE, 0x19, 0xF2, 0x25, 0x10, 0x50, 0x94,
    0x0C, 0x80, 0xF9, 0xD2, 0x7D, 0x5F, 0x3A, 0x02, 0x80, 0xE4, 0x94, 0x0C, 0x81, 0xE2, 0x9B, 0xEC,
    0x17, 0x36, 0x29, 0x5B, 0x59, 0x92, 0xA9, 0xD8, 0x74, 0x6B, 0xD9, 0xAF, 0x9E, 0x09, 0xB1, 0xC9,
    0xA2, 0x24, 0xEF, 0x6C, 0x46, 0x39, 0x36, 0xE3, 0xBF, 0x49, 0xC7, 0x66, 0xDC, 0x13, 0x7A, 0xEC,
    0x29, 0x6B, 0xDD, 0x1F, 0x48, 0xB2, 0xC5, 0x4B, 0x0D, 0xDA, 0x54, 0x57, 0x72, 0xEB, 0xAE, 0x53,
    0x31, 0x94, 0xAD, 0x98, 0x17, 0x54, 0xC9, 0x4D, 0x5D, 0x51, 0x7A, 0xD5, 0xBC, 0xD4, 0x93, 0x3C,
    0xD5, 0x57, 0x23, 0xE4, 0x45, 0x51, 0x85, 0x92, 0x8B, 0x74, 0x88, 0xE8, 0x33, 0x72, 0x1C, 0x22,
    0x13, 0xCD, 0x6E, 0xCC, 0x82, 0x40, 0xD3, 0x36, 0x6A, 0xF1, 0x56, 0xC4, 0x43, 0x92, 0x5E, 0xAC,
    0x69, 0x95, 0xDB, 0x55, 0xC5, 0xBE, 0x40, 0x0E, 0x4A, 0x0D, 0xB3, 0x3C, 0xD1, 0x33, 0x3B, 0x49,
    0x9F, 0x63, 0x41, 0x48, 0xF3, 0xE3, 0x76, 0x59, 0x97, 0x24, 0xD6, 0x19, 0x8E, 0xCC, 0xA3, 0x9C,
    0xC7, 0x7C, 0x88, 0x1F, 0x29, 0xE1, 0xBF, 0xA1, 0x3B, 0x20, 0x1C, 0xC9, 0xA7, 0x66, 0x8B, 0xE8,
    0x4F, 0xCB, 0x1F, 0x48, 0x3F, 0x12, 0x4A, 0xF6, 0x48, 0xB9, 0x8B, 0x95, 0x62, 0x09, 0xAB, 0x01,
    0x0F, 0xC8, 0x63, 0xC5, 0x26, 0xC4, 0xBF, 0xA4, 0xAB, 0x8C, 0xA3, 0xF7, 0xA8, 0x9C, 0xD7, 0x7C,
    0xD7, 0x31, 0x4C, 0x39, 0x2C, 0x30, 0xA2, 0x97, 0xEE, 0x39, 0x9B, 0xC3, 0x2B, 0xBA, 0xDF, 0x00,
    0x74, 0x04, 0x00, 0x39, 0xA2, 0x3C, 0xA2, 0x18, 0xD1, 0xFD, 0x88, 0x0C, 0xEA, 0x52, 0x91, 0x8E,
    0xC8, 0xBB, 0x26, 0xD4, 0x0D, 0x95, 0x48, 0xE6, 0x70, 0x97, 0xAC, 0xC6, 0xDA, 0x18, 0x1B, 0x23,
    0xA2, 0xAB, 0x6B, 0x56, 0x34, 0xA6, 0x1D, 0x91, 0xD4, 0x32, 0x78, 0x89, 0x34, 0x2A, 0xF2, 0x15,
    0xD9, 0x25, 0x32, 0xEF, 0xED, 0xBB, 0x47, 0x7D, 0xE1, 0x97, 0x04, 0xD7, 0x9A, 0xA7, 0x65, 0x45,
    0x60, 0x6C, 0xF5, 0x82, 0x1B, 0xA0, 0xCA, 0x84, 0xDA, 0xD6, 0xEF, 0xB3, 0xA8, 0xD9, 0x28, 0x2E,
    0xC0, 0x84, 0xF9, 0x40, 0x17, 0x10, 0x46, 0x0C, 0x0C, 0x2A, 0x6B, 0x44, 0x60, 0xF5, 0x6A, 0x36,
    0xDC, 0x07, 0x72, 0x46, 0x1A, 0x36, 0xA0, 0x81, 0x3E, 0x22, 0x66, 0xEF, 0x11, 0x4F, 0xFF, 0xF9,
    0xD6, 0xC5, 0x13, 0x6E, 0xBD, 0xCE, 0xE6, 0x6F, 0x44, 0x5F, 0xDD, 0x2C, 0xA0, 0x7B, 0x60, 0x8F,
    0xD3, 0x7F, 0xBA, 0x0A, 0xFE, 0x4F, 0x0D, 0x64, 0x8E, 0xE4, 0xF8, 0xD9, 0x53, 0xF6, 0x94, 0x7F,
    0x55, 0x3A, 0x85, 0x4D, 0x4F, 0x2D, 0x5A, 0x2B, 0x5B, 0x01, 0x21, 0x9D, 0x5E, 0xBA, 0xA1, 0x92,
    0x31, 0x00, 0x21, 0x3B, 0x50, 0x12, 0xD2, 0x81, 0xA3, 0xA7, 0x23, 0x3A, 0xB0, 0x23, 0x30, 0x00,
    0x41, 0xE0, 0xBE, 0x82, 0xAC, 0xC0, 0x2A, 0x0F, 0x78, 0xE5, 0x01, 0xE9, 0x40, 0x5D, 0xDC, 0x1C,
    0x12, 0x1A, 0xFA, 0x2A, 0x90, 0x50, 0x74, 0x90, 0xF6, 0x2A, 0x40, 0xDE, 0x67, 0xC0, 0x5C, 0x41,
    0xCC, 0xC0, 0xDE, 0x06, 0x3E, 0x03, 0x60, 0x04, 0xDA, 0x41, 0xF4, 0x3E, 0xA1, 0xA4, 0x6F, 0xC1,
    0xF7, 0x0F, 0x9F, 0xCF, 0x35, 0x52, 0xEB, 0xFB, 0x93, 0x7F, 0xEF, 0xF0, 0x71, 0x9C, 0x7D, 0x10,
    0x25, 0x57, 0xF9, 0xBD, 0xCF, 0xB6, 0x51, 0x75, 0xA0, 0x09, 0x8D, 0xED, 0xCC, 0x52, 0x02, 0x61,
    0xFB, 0x81, 0xE1, 0x25, 0xFB, 0xB6, 0xC0, 0x39, 0xB3, 0x4D, 0xC7, 0xF2, 0x34, 0x01, 0x89, 0x2A,
    0xBC, 0xFA, 0x2A, 0x19, 0x8C, 0xCC, 0x2E, 0x75, 0x97, 0x7E, 0x90, 0x7B, 0xFA, 0xB1, 0xED, 0xB0,
    0xEB, 0x2F, 0xDC, 0x0E, 0xAB, 0x01, 0x49, 0x17, 0xCA, 0x08, 0xBB, 0x15, 0x23, 0x03, 0xE0, 0x3B,
    0x90, 0x5C, 0xD0, 0x01, 0x0B, 0xAC, 0x3B, 0x2C, 0x7F, 0xEA, 0x26, 0xB2, 0x43, 0xC8, 0x5F, 0xD7,
    0x9B, 0xC8, 0x09, 0xD8, 0x76, 0xFB, 0x58, 0xC3, 0x1C, 0x90, 0x45, 0x00, 0x08, 0x0E, 0xE2, 0xBB,
    0x34, 0xDF, 0x78, 0xDE, 0x44, 0x8E, 0xDA, 0xEE, 0x29, 0x04, 0x74, 0x1D, 0xA7, 0x4A, 0xE6, 0xD9,
    0x5B, 0x76, 0xCC, 0xEA, 0x9B, 0x4C, 0x0D, 0x4B, 0xF6, 0xF9, 0x69, 0xD0, 0x9A, 0x01, 0x3D, 0x86,
    0xA7, 0xC1, 0x1B, 0x06, 0xF1, 0x17, 0x31, 0x07, 0xC8, 0x68, 0xFE, 0x2F, 0x3A, 0xEE, 0x00, 0x99,
    0x9B, 0x8C, 0x3D, 0x96, 0x38, 0xA5, 0x47, 0x87, 0x8F, 0x73, 0x67, 0xA4, 0x5B, 0x80, 0xBD, 0xA3,
    0x74, 0xCB, 0xE0, 0x14, 0xA6, 0x98, 0x8F, 0xC4, 0xA5, 0x7D, 0x3A, 0xF3, 0x9E, 0x59, 0x80, 0xB0,
    0x50, 0x82, 0x32, 0x3B, 0x37, 0x79, 0x2C, 0xFD, 0x5A, 0x24, 0x08, 0xDF, 0x14, 0xBE, 0x8F, 0x8E,
    0x25, 0x4B, 0xC0, 0xCE, 0xCD, 0x31, 0x37, 0x00, 0x8F, 0x0D, 0xD0, 0x35, 0x2F, 0x31, 0x94, 0xEA,
    0x00, 0x84, 0x25, 0xD0, 0x06, 0x61, 0xB9, 0xD7, 0x96, 0x4E, 0xCD, 0x2F, 0x59, 0x4A, 0x7A, 0xC9,
    0x86, 0x24, 0xEA, 0x7F, 0x66, 0x0B, 0xDC, 0x20, 0x2C, 0x61, 0x28, 0xB1, 0xAE, 0x37, 0x16, 0xD0,
    0xA1, 0x04, 0x09, 0x21, 0xFD, 0x50, 0x9F, 0xB1, 0x97, 0xD7, 0x2D, 0x14, 0x10, 0xFF, 0x89, 0x2C,
    0xD3, 0xEC, 0xE4, 0xCB, 0xD7, 0x07, 0x6F, 0xFA, 0xA9, 0xC9, 0x10, 0x32, 0xA6, 0x6A, 0xEB, 0x25,
    0x86, 0x64, 0x2A, 0x7E, 0x43, 0x2C, 0x81, 0x80, 0x0D, 0x85, 0x30, 0x00, 0x23, 0x5F, 0xFA, 0x48,
    0x96, 0xDE, 0x6E, 0x25, 0xE0, 0xEB, 0xD2, 0x3C, 0x2E, 0xAE, 0x2D, 0x32, 0x85, 0x74, 0x23, 0xCF,
    0x48, 0xD8, 0xBB, 0x12, 0x1D, 0x5C, 0xCF, 0x19, 0x56, 0x64, 0xFF, 0xF1, 0x48, 0x56, 0xE4, 0x7C,
    0x98, 0x56, 0x1D, 0x60, 0x0B, 0xB7, 0xFA, 0xD8, 0x2A, 0x64, 0x85, 0xF6, 0x3F, 0x0C, 0xE5, 0x0C,
    0x79, 0x24, 0xDF, 0x42, 0xAC, 0x64, 0x67, 0xA8, 0xDF, 0x08, 0xC5, 0x8D, 0x24, 0x80, 0x25, 0xBF,
    0x36, 0xB6, 0x76, 0xC5, 0x45, 0x4F, 0x2D, 0xBC, 0x23, 0xD2, 0x5B, 0x39, 0xE4, 0x42, 0x1F, 0x82,
    0xB5, 0x34, 0xBE, 0x2A, 0x6B, 0xD1, 0x01, 0xBA, 0xB1, 0x0B, 0x9A, 0x2D, 0xA0, 0x42, 0x25, 0xFD,
    0x08, 0x84, 0xEB, 0xCC, 0x5B, 0x81, 0xFA, 0x0F, 0x06, 0xE4, 0x11, 0x44, 0x07, 0xD0, 0x9C, 0x81,
    0x70, 0x06, 0x38, 0x02, 0xF3, 0x6F, 0x04, 0xDC, 0xE7, 0x33, 0xC8, 0x9C, 0xED, 0x36, 0x46, 0xAF,
    0x20, 0xF3, 0x5C, 0x53, 0x34, 0x7B, 0x65, 0xF1, 0x9B, 0x24, 0x9B, 0xB1, 0xDF, 0x8A, 0xED, 0xE1,
    0x4F, 0xDD, 0xE8, 0x54, 0x08, 0x00, 0x55, 0x12, 0x50, 0xAB, 0xBA, 0xCA, 0x1A, 0xE2, 0xAC, 0x25,
    0x05, 0x60, 0xBE, 0xF3, 0xDD, 0xD6, 0x93, 0x91, 0x6C, 0x7E, 0xD8, 0xC2, 0x32, 0x6F, 0x66, 0xF1,
    0x7E, 0xF4, 0x42, 0xBA, 0x3E, 0x73, 0x0C, 0x16, 0xC0, 0xBA, 0x29, 0x9E, 0xDD, 0xB5, 0x5E, 0xE9,
    0xB6, 0xEA, 0xD4, 0x06, 0xD8, 0xA0, 0xF7, 0x01, 0x38, 0xA7, 0xEC, 0xDD, 0x32, 0x3B, 0xEA, 0xCA,
    0xEF, 0x61, 0xAA, 0x97, 0x0C, 0x42, 0x1E, 0x45, 0xD1, 0x25, 0x25, 0xF4, 0x6D, 0x44, 0xBE, 0x8D,
    0xA0, 0x1F, 0x46, 0x92, 0x23, 0x7A, 0x6F, 0x69, 0xE0, 0x88, 0x5E, 0x95, 0xCF, 0x1C, 0xC8, 0xF3,
    0x86, 0xDC, 0xB6, 0x6E, 0xE4, 0xF8, 0x44, 0xEE, 0x75, 0x00, 0x9C, 0x35, 0xA4, 0x3D, 0x6E, 0x50,
    0xE9, 0xDD, 0x0E, 0x31, 0x5F, 0xC3, 0x87, 0x7B, 0xCA, 0x3E, 0xF4, 0x54, 0x42, 0x37, 0x5F, 0x67,
    0x08, 0x29, 0x5A, 0x7D, 0x9F, 0xC5, 0x18, 0xD4, 0xE6, 0x75, 0xF2, 0xEB, 0x9C, 0xFB, 0x70, 0xB0,
    0xEE, 0x5B, 0xA3, 0xD2, 0x90, 0x90, 0x73, 0xDE, 0x76, 0x54, 0x19, 0x21, 0x13, 0x38, 0x61, 0x0C,
    0x68, 0xEF, 0x59, 0xB5, 0xCC, 0xFE, 0x97, 0x1D, 0x3D, 0xAD, 0xD7, 0x22, 0x5E, 0x18, 0x4A, 0x67,
    0xCC, 0xFB, 0x6A, 0x80, 0x0F, 0xC4, 0x04, 0xE9, 0xD0, 0x01, 0x36, 0x72, 0x6D, 0x9E, 0x01, 0x00,
    0xB0, 0x03, 0x77, 0xA1, 0xE3, 0x6E, 0x4C, 0x24, 0x85, 0xC8, 0x00, 0x9D, 0x0E, 0x1B, 0xD0, 0x20,
    0x3E, 0x82, 0x15, 0x7C, 0xC2, 0xB5, 0x8A, 0x9D, 0x38, 0x37, 0x9B, 0x77, 0xC1, 0xCE, 0x63, 0x51,
    0x43, 0xCE, 0xF5, 0xB1, 0x89, 0xFE, 0x58, 0x3B, 0x00, 0x31, 0xD0, 0xFF, 0xE2, 0xAB, 0x1A, 0xB4,
    0x10, 0xFD, 0x71, 0xA0, 0xE6, 0x42, 0x32, 0x07, 0xBC, 0xA2, 0x91, 0x35, 0x24, 0x25, 0x30, 0xB2,
    0xCD, 0xAC, 0x12, 0xC0, 0xA7, 0xB9, 0x8F, 0xB0, 0xCA, 0x4A, 0x92, 0x36, 0x80, 0x84, 0xC5, 0x80,
    0xE3, 0x7E, 0x20, 0x3F, 0x44, 0x2C, 0x48, 0xC1, 0x17, 0x78, 0xA4, 0x04, 0x50, 0xB0, 0xB8, 0x40,
    0x0B, 0xB5, 0x7B, 0x1B, 0x5D, 0xC8, 0xD0, 0xE8, 0xBE, 0x84, 0x01, 0xE4, 0xCC, 0x47, 0x02, 0x70,
    0xCD, 0xC7, 0xEB, 0x63, 0xAA, 0x09, 0x93, 0x5E, 0x1B, 0x07, 0x1C, 0x32, 0x4F, 0x27, 0x16, 0x42,
    0xD6, 0xDE, 0xA3, 0xA4, 0x30, 0x8C, 0x30, 0x57, 0x86, 0xE9, 0xB0, 0xFA, 0x4D, 0xDD, 0x5C, 0xA5,
    0x5F, 0xB8, 0x32, 0x74, 0x9F, 0xF9, 0x3E, 0xBB, 0x04, 0xB1, 0x5D, 0x42, 0x65, 0x16, 0x40, 0xA3,
    0xAF, 0xCD, 0x83, 0xDD, 0xF2, 0x39, 0x2D, 0x01, 0xE4, 0x70, 0x42, 0xA6, 0x7F, 0x0D, 0x83, 0x37,
    0x76, 0x39, 0xD2, 0x7C, 0x78, 0x2C, 0xC2, 0x71, 0x1F, 0x11, 0x19, 0x63, 0x06, 0x06, 0x8D, 0x3B,
    0x24, 0xEE, 0xE5, 0x75, 0x31, 0x1A, 0x1A, 0xE8, 0x7B, 0x2D, 0x06, 0x49, 0x5E, 0xB2, 0x86, 0x91,
    0xAE, 0x9C, 0x0F, 0xFB, 0xE8, 0xC6, 0x68, 0x6A, 0xA2, 0x77, 0x39, 0xE4, 0xA0, 0x14, 0xB5, 0x68,
    0xC5, 0x1C, 0x94, 0x18, 0x34, 0x1F, 0x4C, 0x24, 0xE4, 0x25, 0x06, 0xE9, 0x45, 0x0C, 0x66, 0x31,
    0x8A, 0x35, 0xEC, 0x4B, 0x81, 0x41, 0x67, 0x5D, 0x00, 0x9C, 0x4D, 0x24, 0xDD, 0xCE, 0x2A, 0x89,
    0x77, 0xD3, 0x3F, 0x50, 0x5A, 0x40, 0x30, 0xC2, 0xF1, 0x99, 0xA9, 0x89, 0x97, 0x94, 0x90, 0x97,
    0x90, 0x10, 0x77, 0x09, 0x75, 0x48, 0x28, 0x6A, 0x2B, 0x40, 0x18, 0x03, 0xAC, 0xEF, 0x62, 0x1E,
    0xA8, 0x81, 0x02, 0x0F, 0x98, 0x6B, 0xC2, 0x5E, 0x7A, 0x23, 0xD0, 0x25, 0x85, 0xC3, 0x4D, 0x18,
    0x34, 0x01, 0x85, 0xC6, 0x77, 0x68, 0x1B, 0xEF, 0x83, 0x4F, 0xC5, 0xCC, 0x41, 0x46, 0xB3, 0xEF,
    0xEC, 0x9E, 0x37, 0x76, 0x49, 0x40, 0xE9, 0x53, 0x4A, 0xAF, 0x8A, 0x1B, 0x0A, 0xC8, 0x2F, 0x07,
    0x87, 0x02, 0x2F, 0x01, 0x79, 0x0E, 0x29, 0xA5, 0x3C, 0x97, 0x74, 0xC8, 0xA9, 0x52, 0xB2, 0x92,
    0xDD, 0x5B, 0x59, 0xD2, 0xD8, 0x85, 0xDA, 0x38, 0x43, 0x39, 0x8F, 0x4F, 0x3F, 0x74, 0xDD, 0xA4,
    0xBD, 0x29, 0x3E, 0x20, 0xC9, 0x83, 0x01, 0x7C, 0xC6, 0xDE, 0x4D, 0xAE, 0x9B, 0xF4, 0x09, 0xC0,
    0x08, 0x84, 0x24, 0x34, 0x84, 0x7D, 0x89, 0x32, 0xC0, 0x1E, 0x9C, 0xBC, 0xA5, 0x90, 0x47, 0xB4,
    0x8D, 0xED, 0x37, 0x0F, 0xE7, 0x26, 0x25, 0x84, 0x4C, 0x80, 0xDB, 0xB9, 0x9C, 0x8C, 0xA6, 0xC6,
    0xDC, 0x5B, 0x25, 0x7F, 0x8E, 0x8F, 0xF6, 0xD6, 0x27, 0x80, 0x61, 0x74, 0x30, 0xC8, 0x80, 0xBC,
    0xF8, 0x6C, 0x2E, 0x10, 0x92, 0x57, 0x9A, 0x7F, 0x81, 0xAF, 0xA7, 0xEA, 0xB9, 0xE9, 0x20, 0x57,
    0x15, 0x42, 0x52, 0x30, 0x88, 0x0F, 0x48, 0xC6, 0xC1, 0xED, 0xEC, 0x9D, 0x1A, 0xE8, 0xB3, 0xF7,
    0xF8, 0x84, 0x91, 0x91, 0x04, 0xF0, 0x30, 0xFB, 0x71, 0xF6, 0xBE, 0x29, 0x7F, 0x51, 0xC8, 0x58,
    0x67, 0x6F, 0x23, 0x99, 0x0D, 0xA7, 0xA4, 0x81, 0xB8, 0x27, 0x08, 0x2B, 0xC4, 0x7A, 0xFA, 0x8B,
    0xEF, 0xC1, 0x98, 0x0D, 0x63, 0x28, 0xC3, 0x6A, 0x38, 0xAB, 0xA4, 0x02, 0xC4, 0xA0, 0x04, 0x60,
    0x4D, 0x17, 0x5F, 0xDD, 0x03, 0x0D, 0xC5, 0xA0, 0xF5, 0x03, 0xCC, 0x83, 0xC8, 0x1C, 0x64, 0x9C,
    0x34, 0x3F, 0xA9, 0xA8, 0x78, 0xE3, 0xBD, 0xA2, 0x1C, 0x7C, 0x0E, 0x00, 0x7C, 0xF6, 0x11, 0xB3,
    0xB9, 0xBF, 0x5E, 0x65, 0xF9, 0x40, 0xD2, 0xC2, 0x57, 0x25, 0x48, 0x38, 0xC0, 0x4C, 0xE3, 0x7A,
    0x4B, 0x5C, 0x43, 0x07, 0xCC, 0x6B, 0x4F, 0xB6, 0x3E, 0x61, 0x72, 0x13, 0x96, 0xF2, 0x22, 0xBE,
    0x95, 0x5C, 0x15, 0xE6, 0x48, 0x68, 0x58, 0x28, 0xDD, 0x7C, 0x2E, 0x4F, 0x98, 0xC9, 0x04, 0x6E,
    0x48, 0xF9, 0xB4, 0xD4, 0x2C, 0x1A, 0xF3, 0x50, 0x6D, 0x2B, 0x27, 0x83, 0x74, 0xE5, 0xF9, 0xF6,
    0x27, 0xE8, 0x7A, 0x74, 0x34, 0x34, 0x12, 0x80, 0xCC, 0xED, 0xE0, 0x1B, 0x03, 0x80, 0x34, 0x9F,
    0x13, 0x80, 0xF6, 0xFE, 0x30, 0x9B, 0xE2, 0x16, 0xF3, 0x72, 0x43, 0x3E, 0x93, 0xDE, 0x3C, 0x0E,
    0x45, 0x6E, 0xE7, 0xB2, 0x1F, 0xA4, 0x16, 0x39, 0x52, 0x36, 0x31, 0xD2, 0x5B, 0xDE, 0x37, 0x3E,
    0x91, 0x7E, 0x0C, 0xDA, 0x27, 0xC4, 0xF8, 0xC2, 0xD0, 0x8B, 0xE3, 0x2F, 0x06, 0xB0, 0xEE, 0x99,
    0x49, 0x00, 0xC0, 0x5B, 0x6A, 0x91, 0xF4, 0xE6, 0x75, 0x78, 0x3E, 0x96, 0xAB, 0x73, 0xE6, 0x7F,
    0x77, 0xA0, 0x2B, 0xE0, 0x4C, 0xDE, 0xFA, 0x2F, 0x14, 0x35, 0x8E, 0x00, 0x9D, 0xE4, 0x4D, 0x80,
    0x0F, 0x02, 0xB7, 0x9A, 0x72, 0xF2, 0x99, 0x00, 0x52, 0xF2, 0x60, 0x14, 0x9F, 0x8A, 0x7D, 0xF9,
    0x3A, 0xCE, 0xE8, 0xA0, 0x0F, 0x5A, 0x0C, 0xEA, 0x63, 0x76, 0xAF, 0x5A, 0xE8, 0x30, 0x1E, 0x9D,
    0xB7, 0x91, 0x95, 0x39, 0x35, 0x3B, 0xB6, 0x12, 0x43, 0x78, 0x2C, 0x32, 0x5A, 0x39, 0x14, 0xC2,
    0x12, 0xCC, 0x3F, 0x15, 0x61, 0xD0, 0x50, 0x82, 0x41, 0x32, 0x6B, 0xB1, 0x5C, 0x4B, 0x47, 0x41,
    0xDE, 0x7D, 0x37, 0x9E, 0x8C, 0x77, 0xBB, 0x50, 0x07, 0xAC, 0xA1, 0xA9, 0x67, 0x3F, 0x0A, 0x48,
    0xC1, 0x6A, 0x8A, 0x7B, 0x37, 0xC5, 0x25, 0xEF, 0x95, 0x31, 0x32, 0x31, 0x32, 0xD9, 0x79, 0x7E,
    0x1E, 0xE3, 0x08, 0x1C, 0xCD, 0x70, 0xC2, 0xDC, 0xBA, 0xB4, 0xC0, 0x0D, 0x9D, 0xBA, 0xD4, 0x2B,
    0xCB, 0xBA, 0x03, 0xD3, 0x2D, 0xC9, 0xE3, 0x76, 0x04, 0xB1, 0xDC, 0xE5, 0xCB, 0xB6, 0xB4, 0xC9,
    0xAB, 0x43, 0x5E, 0x19, 0xCB, 0xDC, 0x7C, 0xCE, 0x3F, 0x61, 0xD1, 0x0D, 0x0B, 0x25, 0x63, 0x96,
    0x05, 0x38, 0x1E, 0xCA, 0xEA, 0x5C, 0x31, 0x0A, 0xBD, 0x4A, 0xA6, 0xAF, 0xEB, 0xAD, 0xBE, 0x03,
    0x5D, 0xBD, 0x77, 0x09, 0x19, 0xD0, 0xFA, 0x58, 0x23, 0x06, 0xB2, 0xFF, 0xCF, 0x1A, 0x0C, 0x21,
    0x0B, 0xF3, 0x54, 0x3F, 0x4A, 0xAB, 0x29, 0xD4, 0x1C, 0x1E, 0x9F, 0xF1, 0x2A, 0xFD, 0x15, 0x5D,
    0x40, 0x4B, 0x60, 0x03, 0xAE, 0x20, 0xE9, 0x8D, 0xCB, 0x88, 0x27, 0x20, 0x95, 0x81, 0x34, 0x26,
    0x32, 0xFA, 0xD0, 0x21, 0x88, 0x85, 0xFC, 0x36, 0x08, 0xD0, 0x18, 0x13, 0x00, 0x36, 0x64, 0x63,
    0xDF, 0xB3, 0xD5, 0x01, 0xD8, 0xBA, 0x19, 0xD6, 0x57, 0xB7, 0xCE, 0xC4, 0xF1, 0x4C, 0x52, 0xF1,
    0x3A, 0xFD, 0xE8, 0xED, 0x00, 0xC0, 0xDF, 0x6B, 0xD3, 0x9D, 0xED, 0x39, 0xB2, 0xF3, 0xE3, 0xCD,
    0x61, 0xCA, 0x5F, 0xB9, 0xB7, 0xE9, 0x70, 0x13, 0x17, 0xBE, 0xB8, 0x92, 0x6E, 0x30, 0x27, 0xD4,
    0x09, 0x19, 0x39, 0xE8, 0xBD, 0x91, 0xB4, 0x8F, 0xE2, 0x11, 0xF4, 0x5C, 0xA0, 0x11, 0x90, 0xC8,
    0x99, 0xE9, 0xEA, 0x24, 0xF1, 0xC2, 0x44, 0xC8, 0x18, 0x5B, 0x43, 0xCE, 0xE0, 0x55, 0xE2, 0xEA,
    0x2E, 0xC9, 0xD7, 0x06, 0x4D, 0x90, 0x41, 0xC6, 0x67, 0x3F, 0x0D, 0x5A, 0x49, 0xE8, 0x23, 0xF7,
    0x3A, 0xEB, 0x6F, 0x64, 0xAB, 0xD5, 0xF5, 0xCA, 0xA1, 0x39, 0xFE, 0xF6, 0x63, 0xC3, 0x92, 0x29,
    0x89, 0x4F, 0xFF, 0x64, 0xFC, 0x85, 0x84, 0x8E, 0xD2, 0xE2, 0x7E, 0xBC, 0x58, 0xB8, 0x0C, 0x9B,
    0xB5, 0xA3, 0x9F, 0x9B, 0xF4, 0xE9, 0x2C, 0x87, 0xB2, 0x0D, 0xCE, 0xF9, 0x98, 0x1F, 0xBE, 0xB7,
    0x9F, 0xDA, 0xAB, 0x8B, 0x0A, 0x06, 0x2C, 0x34, 0xD1, 0x27, 0x82, 0xF3, 0xA5, 0xBE, 0xDB, 0xA5,
    0xEB, 0x5F, 0xE6, 0xB0, 0xE4, 0xDA, 0xFF, 0x3F, 0x37, 0x59, 0x18, 0xA9, 0x9C, 0xA0, 0xF7, 0x78,
    0x8B, 0xB6, 0x7E, 0x62, 0x73, 0x65, 0x5F, 0xE9, 0xAA, 0x1C, 0x24, 0xDA, 0x0E, 0x25, 0x80, 0x49,
    0x34, 0xED, 0x64, 0xFD, 0x0B, 0x8E, 0x1A, 0xC5, 0xC6, 0xDB, 0xA0, 0x30, 0x01, 0x53, 0x12, 0xB0,
    0x3B, 0x06, 0xBB, 0xAE, 0xF6, 0x01, 0xBF, 0xCD, 0x1E, 0x94, 0x29, 0x64, 0xF3, 0xCD, 0xE9, 0x43,
    0x07, 0xEC, 0x28, 0x5D, 0xE0, 0x41, 0xFA, 0xCB, 0x6F, 0x80, 0x40, 0x7C, 0x6B, 0x51, 0x66, 0x91,
    0xD8, 0x7A, 0x43, 0x45, 0xC4, 0xBF, 0xEA, 0xC6, 0x90, 0x7A, 0xF7, 0xF5, 0x74, 0xA3, 0x04, 0xE6,
    0xD1, 0x00, 0x26, 0xDE, 0x4B, 0xFF, 0x99, 0xBE, 0xE4, 0xBE, 0xBE, 0xB2, 0xD7, 0xEA, 0x0F, 0x51,
    0x03, 0xE0, 0xE5, 0x36, 0xC9, 0xAB, 0x92, 0x37, 0x71, 0x50, 0x48, 0xBF, 0xA8, 0x47, 0xC5, 0x29,
    0xED, 0xD9, 0x4C, 0x59, 0xB7, 0x4F, 0x6C, 0x8C, 0x9B, 0xBA, 0xCF, 0xFB, 0x63, 0x2D, 0x20, 0x5B,
    0x38, 0x44, 0x46, 0x8B, 0x55, 0xE5, 0xC2, 0x18, 0x82, 0x66, 0x49, 0xBE, 0x2C, 0x6D, 0x59, 0x00,
    0x16, 0xDA, 0x8D, 0x20, 0x12, 0x25, 0x5F, 0xED, 0x0B, 0xE3, 0x49, 0x7C, 0x8F, 0x46, 0x32, 0x17,
    0x9D, 0x92, 0xB8, 0x83, 0x30, 0xE4, 0x41, 0xE0, 0xA9, 0xF8, 0xE6, 0x87, 0x11, 0x31, 0xA8, 0x45,
    0xC9, 0x37, 0x5C, 0x63, 0x85, 0xD8, 0x1B, 0xF6, 0x31, 0x2B, 0x97, 0x89, 0x3D, 0x82, 0xC5, 0xB1,
    0xB9, 0x62, 0xFF, 0xB9, 0x4C, 0x76, 0xC4, 0xA3, 0x9F, 0x42, 0x88, 0x77, 0x64, 0xAE, 0x67, 0x54,
    0x5E, 0xBB, 0x75, 0x4F, 0x9C, 0x47, 0x14, 0x98, 0x89, 0x2B, 0x22, 0x3B, 0xEC, 0x22, 0x54, 0x44,
    0x9F, 0x8F, 0xBE, 0x85, 0xF3, 0x48, 0x84, 0xE4, 0x8A, 0xE6, 0x93, 0x96, 0xB7, 0x11, 0x08, 0x0C,
    0x5D, 0x23, 0xC7, 0xC8, 0xFD, 0x01, 0x44, 0x45, 0x01, 0x12, 0x36, 0x1F, 0xA0, 0x9D, 0xEF, 0xE9,
    0xF8, 0xD6, 0x08, 0x25, 0x19, 0x87, 0x7B, 0x42, 0xF4, 0x4C, 0x63, 0xF8, 0x7C, 0xA3, 0xBF, 0x8D,
    0x54, 0xB4, 0xEF, 0x25, 0x23, 0xE3, 0xF2, 0xBC, 0x40, 0xDD, 0xE6, 0x61, 0xAF, 0xD1, 0x9E, 0x9B,
    0xC5, 0x25, 0xAF, 0x06, 0xF1, 0x9C, 0x55, 0xC6, 0x5B, 0x9F, 0xE1, 0x2D, 0xCD, 0x87, 0x35, 0xF0,
    0xE0, 0x11, 0xD6, 0x79, 0xF2, 0xBF, 0xFC, 0xA6, 0x05, 0xC0, 0x5F, 0x8C, 0xF7, 0xDF, 0x4E, 0xC4,
    0x7D, 0xCB, 0x39, 0xF2, 0xD9, 0x2C, 0x05, 0xE4, 0xFB, 0x79, 0x6F, 0x96, 0xBE, 0xFB, 0xD3, 0x1D,
    0x3B, 0xA0, 0xEF, 0xFE, 0x74, 0xC7, 0x66, 0x29, 0x7F, 0x60, 0x35, 0x5F, 0xB5, 0xB4, 0x6D, 0x66,
    0x9D, 0x19, 0x64, 0x54, 0xFE, 0xC2, 0x2A, 0x6D, 0x7B, 0x9E, 0x1E, 0x7B, 0xA3, 0x9D, 0x7B, 0xE8,
    0xDC, 0x6B, 0xE9, 0xFA, 0xCB, 0x47, 0x74, 0x27, 0x44, 0x2A, 0xCA, 0x1B, 0x20, 0x71, 0xEC, 0x95,
    0xD7, 0x48, 0x2A, 0xCA, 0x23, 0xBA, 0x8F, 0xC8, 0x47, 0x64, 0xC7, 0x01, 0xAB, 0xF3, 0x81, 0x17,
    0x20, 0x1F, 0x1D, 0x87, 0x78, 0x75, 0x1C, 0x76, 0x43, 0xE3, 0x7A, 0x1C, 0xF2, 0x77, 0x8E, 0xC3,
    0x67, 0xD6, 0xD7, 0x1A, 0x4F, 0xCC, 0xB9, 0xBE, 0xC1, 0x98, 0x75, 0x10, 0x82, 0x4E, 0xCF, 0x81,
    0x95, 0xBE, 0x1A, 0xF9, 0x87, 0xCF, 0xFE, 0x64, 0x7B, 0xF6, 0x27, 0xDB, 0xB3, 0xBF, 0x3B, 0x4E,
    0x23, 0x1E, 0x3F, 0xFB, 0xB3, 0xAE, 0x94, 0x59, 0x89, 0x5F, 0x7C, 0xF6, 0x97, 0x4F, 0xAF, 0x9E,
    0xFD, 0x25, 0x3A, 0xBD, 0xF6, 0xFD, 0xB5, 0xFF, 0x1B, 0x3F, 0x9D, 0x68, 0x99, 0x43, 0x4A, 0x5E,
    0xC5, 0xE5, 0x12, 0x46, 0xFA, 0xD5, 0x92, 0x8F, 0xD4, 0xE8, 0xD6, 0xE9, 0x60, 0xAF, 0xF4, 0x4B,
    0xA2, 0x1A, 0xA8, 0x83, 0xEE, 0x45, 0x40, 0x42, 0x31, 0x68, 0x83, 0xCC, 0x22, 0xFB, 0xFB, 0x18,
    0x94, 0x1C, 0x44, 0x93, 0x1B, 0xFB, 0xBD, 0x11, 0x7B, 0x06, 0xE9, 0x4A, 0x6F, 0x02, 0x80, 0xBE,
    0xCB, 0x47, 0x2F, 0x75, 0xE2, 0x47, 0x5F, 0xEA, 0x24, 0xB9, 0xFC, 0x57, 0xBE, 0xD4, 0xD9, 0xE5,
    0xF7, 0x65, 0x54, 0xB2, 0x2F, 0xBE, 0xDC, 0x79, 0xC3, 0x5F, 0xFF, 0x68, 0xEF, 0x68, 0x94, 0xB3,
    0xF9, 0xB8, 0x13, 0x06, 0xDD, 0x78, 0xBB, 0xBE, 0xBE, 0xAD, 0x3C, 0x5F, 0x35, 0x8D, 0x5E, 0x7B,
    0x2F, 0xA9, 0x9F, 0xEF, 0x6D, 0xC7, 0xF1, 0xDE, 0xF6, 0x83, 0x17, 0xB6, 0xF5, 0xF2, 0xA6, 0x36,
    0x4B, 0x9A, 0xBB, 0x24, 0x5A, 0x7F, 0xFA, 0x45, 0x53, 0xF4, 0xCA, 0x7A, 0x73, 0x8C, 0xEE, 0x92,
    0x5F, 0x1F, 0x14, 0x80, 0xBD, 0x0E, 0xBD, 0x0A, 0x97, 0xD7, 0xB5, 0xAC, 0x56, 0x63, 0x7B, 0xEE,
    0x11, 0xBD, 0x2A, 0xF1, 0xF8, 0x19, 0x88, 0xE1, 0x73, 0xAE, 0x77, 0x05, 0x17, 0x5F, 0x55, 0x6F,
    0xBE, 0xAE, 0x5E, 0xF5, 0x16, 0xDE, 0xAD, 0x5E, 0x89, 0x96, 0x7F, 0x5A, 0xBD, 0xF1, 0xAE, 0xF6,
    0x4A, 0x7B, 0xFC, 0x2F, 0xDF, 0xA8, 0xDE, 0xE6, 0x5F, 0x5A, 0xBD, 0x47, 0x05, 0x7E, 0x5E, 0xBD,
    0x09, 0x1C, 0x12, 0xA2, 0xD2, 0xF7, 0x25, 0xE4, 0xD0, 0xBA, 0x3F, 0x31, 0xDF, 0x90, 0x5E, 0xAF,
    0xC8, 0x49, 0xFE, 0xD0, 0x0F, 0x62, 0xFA, 0xC9, 0x69, 0x4E, 0xED, 0x3D, 0x54, 0x2D, 0xCA, 0xD7,
    0xE8, 0x83, 0x46, 0x87, 0xBC, 0xCC, 0x87, 0xDA, 0xF3, 0x79, 0x7A, 0x1E, 0xC3, 0xCF, 0x3F, 0x4C,
    0x9F, 0xEF, 0x42, 0xCE, 0x7B, 0x8B, 0x8F, 0xDE, 0x85, 0x6C, 0x9A, 0x37, 0x65, 0xFB, 0xB5, 0xCB,
    0x7B, 0xB4, 0xAD, 0xAF, 0x4B, 0x00, 0xFA, 0x0E, 0x7B, 0x5F, 0x3A, 0x5A, 0x0E, 0xBD, 0xAC, 0x55,
    0x4E, 0x7D, 0xF8, 0x2E, 0xA4, 0x00, 0x58, 0x65, 0x8D, 0xBE, 0x10, 0xDF, 0xF1, 0xBA, 0x69, 0x6F,
    0x7E, 0xC2, 0x48, 0x4E, 0x00, 0x76, 0x02, 0x36, 0xAF, 0xEA, 0xFD, 0xDC, 0xE1, 0x38, 0x34, 0x7A,
    0x19, 0xC7, 0xF2, 0xB0, 0xFF, 0xBA, 0xEC, 0x68, 0xB3, 0x61, 0x16, 0x73, 0x96, 0xB3, 0x6B, 0x6A,
    0x6B, 0x26, 0x78, 0xC9, 0x96, 0x88, 0x8B, 0x2A, 0x1D, 0xBA, 0x8E, 0xDB, 0xA7, 0xDB, 0xD5, 0x35,
    0x73, 0x28, 0xD7, 0xD2, 0xA5, 0xCB, 0x02, 0x06, 0xE8, 0x55, 0xCE, 0xDC, 0xCE, 0x08, 0xF0, 0xE2,
    0xAB, 0x37, 0x41, 0xB0, 0xDE, 0x04, 0x79, 0xF4, 0x12, 0x08, 0xC9, 0x6C, 0x7C, 0xFD, 0x4D, 0x90,
    0x00, 0x10, 0xC0, 0x1F, 0xED, 0x9C, 0xDD, 0x8A, 0x1B, 0xCB, 0x0E, 0x46, 0x17, 0xE8, 0xD6, 0xA0,
    0x57, 0xF1, 0x03, 0x34, 0xE8, 0xD5, 0x05, 0xB9, 0x3D, 0x90, 0x57, 0x11, 0xEC, 0xDB, 0x82, 0xEF,
    0x90, 0x2A, 0xD1, 0x3F, 0x39, 0x0E, 0x67, 0xF6, 0xEC, 0x9F, 0xF1, 0x8C, 0x53, 0xB4, 0xB5, 0x1A,
    0xDB, 0x9D, 0x94, 0xB4, 0xE4, 0xA2, 0x1A, 0xE3, 0x01, 0x1B, 0x00, 0x98, 0x26, 0xBC, 0x11, 0x8D,
    0x04, 0x88, 0x85, 0xCD, 0x1B, 0x05, 0x30, 0x16, 0xCA, 0x0A, 0xB0, 0xB2, 0x71, 0x42, 0x22, 0xC0,
    0xAF, 0x80, 0x48, 0x08, 0x49, 0x07, 0x36, 0xF0, 0x82, 0x71, 0x41, 0x81, 0x0D, 0xEC, 0x02, 0xFF,
    0x01, 0x21, 0x25, 0x52, 0x35, 0x78, 0x3C, 0xAC, 0x26, 0x7C, 0x3C, 0x80, 0xD5, 0x8C, 0x80, 0x49,
    0x10, 0x52, 0x12, 0x78, 0xA1, 0x15, 0xAC, 0x03, 0x47, 0x08, 0x15, 0x2E, 0x15, 0x21, 0x2B, 0x22,
    0xFB, 0x2D, 0x47, 0xE8, 0x6B, 0x33, 0x06, 0xA1, 0x3F, 0x54, 0xAE, 0x54, 0x71, 0xE7, 0xC6, 0x69,
    0x78, 0x02, 0x51, 0x97, 0xE0, 0x09, 0xBB, 0x80, 0xD0, 0xB9, 0xC8, 0xB2, 0x02, 0xB8, 0x79, 0x02,
    0x10, 0x0B, 0x63, 0x46, 0x1E, 0x24, 0xFE, 0xA9, 0x35, 0x46, 0x01, 0x1A, 0x60, 0x19, 0x60, 0xD5,
    0xA1, 0x93, 0xF2, 0x2E, 0x55, 0x87, 0x1E, 0xFF, 0xAE, 0x45, 0xE7, 0xAC, 0x41, 0x79, 0x2E, 0x75,
    0x4D, 0xC4, 0x8C, 0xDC, 0x17, 0xA8, 0xB3, 0x14, 0xD7, 0xD9, 0xB0, 0xBA, 0xE2, 0x74, 0x8D, 0xB7,
    0xAF, 0x25, 0x93, 0xB1, 0x8B, 0x1B, 0xD0, 0x6E, 0x77, 0x13, 0x70, 0x91, 0x79, 0x98, 0x1F, 0x02,
    0x4B, 0x07, 0xC7, 0x92, 0x1B, 0xE4, 0xC7, 0xA8, 0x8E, 0x8B, 0xE9, 0xB8, 0x2C, 0x25, 0x88, 0x63,
    0xFE, 0x40, 0xBE, 0xB8, 0xEA, 0xEA, 0xF9, 0xF7, 0xEC, 0x95, 0x40, 0xCF, 0x0E, 0xE0, 0xF6, 0xE4,
    0xAA, 0x8F, 0x0F, 0xF2, 0x58, 0x56, 0xCF, 0x30, 0x26, 0x3A, 0x9F, 0xBB, 0x27, 0x60, 0x23, 0x2E,
    0xAE, 0x96, 0x9D, 0xEF, 0x2B, 0x63, 0xFB, 0x9A, 0x8E, 0xB1, 0xD1, 0xFD, 0xCC, 0xF0, 0x0E, 0x5D,
    0x0E, 0x75, 0xB1, 0x3C, 0xEB, 0xF9, 0xF4, 0x1E, 0x8B, 0x75, 0xF9, 0x84, 0x1C, 0xB0, 0x5C, 0xAE,
    0xB3, 0x57, 0xED, 0x57, 0x5F, 0xAD, 0xFB, 0xD3, 0x9B, 0x77, 0x5C, 0xA3, 0xD8, 0x5C, 0xC9, 0x0D,
    0x01, 0xCF, 0xBD, 0x50, 0x3F, 0x9B, 0xB4, 0xE7, 0xDF, 0xF6, 0x3E, 0xAD, 0xCE, 0xB7, 0x6F, 0x94,
    0xB1, 0xBC, 0xEC, 0xB8, 0x16, 0x94, 0x27, 0x9D, 0xFD, 0xC6, 0xFF, 0x70, 0x3B, 0xC4, 0x5B, 0x4D,
    0x30, 0xAC, 0x00, 0xBA, 0x80, 0xD1, 0xD7, 0x89, 0x2F, 0xD6, 0x1B, 0x1B, 0x80, 0x00, 0x13, 0xED,
    0x3F, 0x12, 0x18, 0x00, 0x09, 0xD3, 0xF1, 0xB4, 0xDD, 0x21, 0xA3, 0x1D, 0xA3, 0x71, 0x94, 0x95,
    0x8F, 0x69, 0x83, 0x0D, 0x00, 0xD4, 0xC8, 0x36, 0x7D, 0xD6, 0x42, 0xCC, 0x98, 0xF6, 0xAA, 0x8E,
    0x2D, 0xFF, 0xCF, 0xBE, 0xEB, 0xC9, 0x1D, 0xDB, 0x65, 0xAD, 0xEE, 0xBA, 0xC6, 0xC3, 0x1B, 0x5E,
    0xC1, 0x9E, 0x16, 0xC9, 0xAB, 0x1A, 0x27, 0x0A, 0xEC, 0x7A, 0x87, 0x4C, 0x8A, 0xEB, 0x1D, 0xF2,
    0x93, 0x6B, 0x0F, 0x4E, 0xFB, 0x31, 0x93, 0xA6, 0xC5, 0x6F, 0xAA, 0xCB, 0x7E, 0xEC, 0xC5, 0x45,
    0xDB, 0x34, 0x29, 0x0A, 0xD7, 0x1F, 0x79, 0xDD, 0x8F, 0x3D, 0xB3, 0xDE, 0x77, 0x48, 0xFB, 0xBD,
    0x1F, 0x7B, 0xA3, 0xCE, 0x27, 0xDD, 0x8F, 0x49, 0x52, 0xCD, 0x60, 0xC2, 0x07, 0x82, 0x23, 0x6C,
    0x7B, 0x80, 0x0E, 0xBE, 0x87, 0x00, 0x49, 0x74, 0x20, 0xAE, 0xAF, 0xDE, 0xB8, 0x5C, 0x86, 0xEF,
    0x21, 0x66, 0x30, 0x61, 0xFA, 0x31, 0xC6, 0x0C, 0xFC, 0x3C, 0x02, 0x40, 0x79, 0x09, 0x01, 0x70,
    0x87, 0x50, 0x9A, 0x54, 0x5E, 0x36, 0x22, 0x51, 0x80, 0xD4, 0x8F, 0x7D, 0x00, 0xD7, 0x47, 0x37,
    0x4C, 0xE1, 0x3E, 0x08, 0x93, 0xC6, 0xF4, 0x4F, 0x5E, 0x55, 0xFB, 0xA0, 0x1F, 0xAD, 0x40, 0x80,
    0xAB, 0xC0, 0xA7, 0x8C, 0x1C, 0x60, 0x56, 0x80, 0x17, 0x3D, 0xA5, 0x8D, 0x63, 0x3C, 0x4D, 0x41,
    0x7D, 0x40, 0x08, 0x86, 0xE7, 0xFE, 0x20, 0x80, 0x4E, 0xCC, 0x8A, 0x1E, 0xFF, 0x48, 0x51, 0xBB,
    0xE1, 0x86, 0x25, 0xD2, 0x77, 0x28, 0x09, 0xEE, 0x36, 0x00, 0x9E, 0xB1, 0x5C, 0xCA, 0xBB, 0x69,
    0x0C, 0x37, 0x95, 0x11, 0x49, 0x8F, 0x7F, 0xB4, 0x44, 0x58, 0xEE, 0x7D, 0x54, 0x80, 0x92, 0xDE,
    0x09, 0xF4, 0x06, 0x9F, 0xCB, 0x7D, 0x40, 0x76, 0x23, 0xC6, 0xB7, 0x01, 0x1B, 0x01, 0x85, 0x3D,
    0x61, 0x29, 0xF1, 0x4E, 0x5A, 0x89, 0x69, 0x25, 0x18, 0xAB, 0x82, 0xBD, 0x00, 0xB3, 0x77, 0xA7,
    0x22, 0x19, 0x56, 0x96, 0x94, 0xC1, 0xFD, 0x1F, 0x2D, 0xF7, 0x51, 0x6D, 0x3F, 0x76, 0xDD, 0x91,
    0x3D, 0x2B, 0xB8, 0x7F, 0xCE, 0x72, 0x6F, 0xD7, 0xBC, 0x31, 0x75, 0x07, 0xD9, 0xC7, 0x96, 0x9B,
    0x6E, 0x6A, 0x5D, 0xBE, 0x0B, 0xCA, 0x60, 0x4D, 0xE9, 0x66, 0x05, 0xF2, 0xEC, 0xB6, 0x57, 0x81,
    0xFF, 0x31, 0x3A, 0xC9, 0xC2, 0x9F, 0xB1, 0xB1, 0x11, 0x74, 0x53, 0xD8, 0xEC, 0x8C, 0xEA, 0x3C,
    0xF0, 0xEC, 0x24, 0xC7, 0xD6, 0xED, 0x15, 0x62, 0xD5, 0x9B, 0x61, 0x85, 0x25, 0xC5, 0xB5, 0xE4,
    0xDD, 0x71, 0xA1, 0xC4, 0xA4, 0xC2, 0xCB, 0x06, 0x91, 0x3D, 0x4D, 0x74, 0x04, 0x49, 0x1D, 0x80,
    0x87, 0x21, 0x92, 0x65, 0x01, 0x1F, 0x04, 0xD3, 0xC3, 0x12, 0x41, 0x72, 0x5E, 0x8B, 0x63, 0xAE,
    0xC5, 0x71, 0x5E, 0x8B, 0x3F, 0x65, 0xD3, 0x07, 0xA0, 0xBA, 0x99, 0xB4, 0xD9, 0xB1, 0x64, 0x7F,
    0x70, 0xC3, 0x3F, 0x77, 0x1D, 0xDF, 0xBF, 0xED, 0xFA, 0xE8, 0xBA, 0xFE, 0x7A, 0x7B, 0x66, 0xC2,
    0x55, 0x61, 0x3F, 0x8E, 0x9B, 0x15, 0x91, 0x08, 0x06, 0x6B, 0xCC, 0x2C, 0x87, 0x09, 0xFE, 0xDA,
    0x61, 0xEA, 0x7F, 0xCA, 0x0B, 0x89, 0x8A, 0x1C, 0x9E, 0x15, 0xA0, 0xBE, 0xA7, 0xB0, 0x64, 0x1F,
    0x31, 0x88, 0x81, 0x0D, 0x78, 0xDB, 0x61, 0x22, 0x34, 0x42, 0xE3, 0x6F, 0x9F, 0x2D, 0xFB, 0x18,
    0x98, 0xFA, 0x60, 0xE0, 0x35, 0x8F, 0x3E, 0xE1, 0x3A, 0x50, 0xA1, 0xF9, 0xBC, 0xBD, 0xED, 0xF0,
    0xC1, 0x6C, 0xE5, 0x3A, 0x7B, 0xF2, 0xD1, 0x87, 0x15, 0xB4, 0x44, 0x5B, 0xEF, 0xF1, 0xB6, 0x9F,
    0x28, 0xB1, 0x01, 0x51, 0x6D, 0x16, 0x2F, 0x58, 0x6B, 0x20, 0xA6, 0x09, 0x44, 0x30, 0xA1, 0x89,
    0x9C, 0x88, 0x3F, 0x8D, 0xEE, 0x66, 0xE2, 0x84, 0xFD, 0xFF, 0x3B, 0x7A, 0x09, 0xCF, 0x9E, 0x19,
    0xC4, 0xAA, 0xA0, 0x49, 0x09, 0x60, 0xF9, 0x9E, 0x7B, 0x43, 0x7A, 0x89, 0x2F, 0x4C, 0x12, 0x5E,
    0x2B, 0xAF, 0xC8, 0x80, 0x28, 0x81, 0x5F, 0x83, 0xCD, 0x30, 0xF6, 0xB3, 0xD3, 0xAB, 0x91, 0x78,
    0x46, 0x11, 0xE9, 0x03, 0x5D, 0x97, 0x78, 0x2E, 0x63, 0x4D, 0xFB, 0x12, 0x18, 0xA7, 0x99, 0x49,
    0x13, 0xE5, 0x09, 0x30, 0x16, 0xEE, 0x31, 0x81, 0x2E, 0xB7, 0xF1, 0x87, 0xD4, 0x2F, 0xA5, 0xF1,
    0xF8, 0x32, 0x74, 0xF3, 0x84, 0xB0, 0xEA, 0x33, 0x22, 0x81, 0xA3, 0x62, 0x47, 0xFE, 0xFF, 0xB2,
    0x4C, 0x9F, 0x91, 0xAB, 0x14, 0x5D, 0xBE, 0x30, 0x39, 0xA6, 0xF4, 0xAB, 0x4E, 0x0C, 0x71, 0x18,
    0xB6, 0xB2, 0xE9, 0x0D, 0xB6, 0x2F, 0xE9, 0x14, 0x3B, 0xFC, 0x25, 0x98, 0xCE, 0xB7, 0xE8, 0x5D,
    0xA6, 0x6A, 0xF7, 0xFD, 0xAA, 0x12, 0xC2, 0xB3, 0x77, 0x68, 0xC5, 0x06, 0xC9, 0xFD, 0x63, 0x8C,
    0xBF, 0xFD, 0x1B, 0x13, 0xEC, 0xB7, 0xF1, 0xA3, 0x64, 0xB1, 0xD7, 0x29, 0x76, 0xB1, 0x78, 0x02,
    0xE4, 0x33, 0x1B, 0x3F, 0x64, 0xBB, 0x6A, 0xC2, 0x26, 0x22, 0x07, 0x80, 0x59, 0xEB, 0x9D, 0xC8,
    0x58, 0xC6, 0xB7, 0xFF, 0x55, 0xAD, 0x38, 0xAB, 0x4E, 0xC6, 0x97, 0x54, 0x7D, 0xBE, 0x49, 0x64,
    0x80, 0xE7, 0x00, 0xB3, 0xD1, 0x15, 0xAA, 0x48, 0x6C, 0xC4, 0x33, 0x5A, 0x16, 0x4C, 0xE4, 0x06,
    0x98, 0xC6, 0x0F, 0xF8, 0x4C, 0x04, 0x23, 0x92, 0x63, 0xFC, 0xFE, 0x40, 0x07, 0x80, 0xCA, 0x41,
    0xDA, 0xB0, 0xD4, 0x80, 0xF4, 0x02, 0x9E, 0x79, 0xF5, 0xFE, 0xED, 0xEE, 0x1D, 0x3B, 0xE3, 0xE7,
    0xD6, 0xF9, 0x86, 0xBD, 0x34, 0xCE, 0x65, 0x8B, 0x86, 0x16, 0x4D, 0x9C, 0x16, 0x6E, 0x88, 0xF3,
    0xDC, 0xDB, 0xB8, 0x72, 0x29, 0x57, 0x2E, 0xE7, 0x91, 0x28, 0x4D, 0x69, 0xB9, 0xAC, 0x5B, 0xFA,
    0xD4, 0xEE, 0x93, 0x36, 0xA2, 0xC5, 0x8F, 0xB6, 0x54, 0xAD, 0x3E, 0xD1, 0x99, 0xF1, 0x17, 0xB8,
    0xEC, 0x13, 0x67, 0x0E, 0xBA, 0x0F, 0xE8, 0x46, 0xA0, 0x3B, 0xE1, 0xFC, 0x7F, 0x4A, 0x83, 0x53,
    0x33, 0x60, 0x0B, 0x4D, 0xCF, 0xA3, 0x44, 0x9A, 0x71, 0x10, 0x60, 0x2B, 0xF7, 0x7E, 0xAE, 0x63,
    0xEC, 0xDD, 0x74, 0xC7, 0x92, 0x50, 0xF9, 0x34, 0xE3, 0x53, 0xF5, 0x36, 0x5D, 0x17, 0x53, 0x36,
    0x02, 0xFF, 0x39, 0x62, 0xE3, 0x14, 0xEB, 0x88, 0xDE, 0x91, 0xA9, 0x9D, 0x58, 0x27, 0x03, 0xD1,
    0xE6, 0x91, 0x0A, 0x20, 0x39, 0xF4, 0x82, 0xB8, 0x88, 0x25, 0x6A, 0xD1, 0x06, 0x57, 0xB5, 0xF6,
    0x52, 0x66, 0xE3, 0x1C, 0xF3, 0x68, 0x75, 0x9B, 0x66, 0x19, 0x28, 0xC1, 0x9F, 0xD2, 0xAC, 0xB7,
    0x39, 0x69, 0xB1, 0xA2, 0x8D, 0xFB, 0xE2, 0x3D, 0xAE, 0xEA, 0x6D, 0x34, 0x8B, 0x1E, 0xAF, 0x64,
    0xBA, 0xD3, 0x0F, 0x25, 0xFB, 0xDD, 0xB1, 0x1D, 0xE7, 0x44, 0x06, 0x20, 0x94, 0x6D, 0x9D, 0x7A,
    0xCE, 0x4F, 0xB2, 0x29, 0xB7, 0xC5, 0x51, 0x1C, 0xDB, 0xAF, 0xF3, 0xFE, 0xEB, 0x25, 0xFD, 0x2A,
    0x6F, 0x80, 0xB4, 0x81, 0x7D, 0x53, 0x05, 0xA4, 0xA7, 0x12, 0x9E, 0x73, 0x5D, 0x7E, 0x31, 0x3B,
    0xBF, 0xDA, 0x52, 0xE1, 0xE3, 0x31, 0xAD, 0x2E, 0x55, 0xE2, 0x99, 0x4D, 0x1E, 0xA3, 0x73, 0xFF,
    0x39, 0xD2, 0x17, 0xE1, 0x1A, 0x0D, 0x17, 0x20, 0x6C, 0x00, 0xF1, 0x2F, 0x63, 0x83, 0x86, 0x80,
    0xB1, 0x50, 0x10, 0x89, 0x15, 0x9D, 0xF0, 0x6A, 0xC5, 0x23, 0x59, 0x66, 0x7C, 0x98, 0x30, 0xA6,
    0x07, 0x60, 0x00, 0x1A, 0xC4, 0x40, 0xF3, 0xF0, 0x81, 0xFD, 0xAD, 0x87, 0x0F, 0x10, 0x31, 0x40,
    0x2A, 0x15, 0xA1, 0x54, 0x3D, 0x9A, 0x68, 0xE4, 0x11, 0x55, 0x97, 0x67, 0x8E, 0xF9, 0x7A, 0xBF,
    0x62, 0x67, 0xDC, 0x16, 0x88, 0x5C, 0x38, 0x32, 0x3B, 0x8D, 0x2F, 0x23, 0xB7, 0x5B, 0xB6, 0x00,
    0xB7, 0x01, 0x78, 0x8E, 0xFD, 0x1C, 0x3F, 0x57, 0x0E, 0x80, 0x8D, 0x07, 0xE3, 0x43, 0x9D, 0x37,
    0xAD, 0xE9, 0x4D, 0xD5, 0xF5, 0x76, 0x26, 0x17, 0xED, 0xFC, 0xD6, 0x96, 0x77, 0xB0, 0xAB, 0xFA,
    0x33, 0x6B, 0xD1, 0x9A, 0x91, 0x8B, 0x62, 0xB1, 0x9A, 0xFC, 0xBD, 0xDC, 0x80, 0x66, 0x8B, 0x3D,
    0xD8, 0x6A, 0xDB, 0x6D, 0xCB, 0x3D, 0xDB, 0xA5, 0xD1, 0xB4, 0x71, 0x86, 0xEF, 0x1D, 0x1E, 0xDD,
    0x30, 0x09, 0xB5, 0xC0, 0x8E, 0x58, 0xB0, 0xE4, 0x0E, 0x9B, 0x2F, 0xBD, 0x8D, 0x6D, 0xB9, 0x19,
    0x13, 0xAA, 0x85, 0x6C, 0x61, 0x7F, 0x15, 0xED, 0xBC, 0xA5, 0xB7, 0xF5, 0xD6, 0x0E, 0xC5, 0xC3,
    0xDB, 0x57, 0xDF, 0xA5, 0x2E, 0xA2, 0xEB, 0x0B, 0x90, 0xAF, 0x24, 0xDE, 0xF2, 0x9C, 0x7C, 0xA3,
    0xF5, 0x23, 0x08, 0xC0, 0x13, 0x25, 0x58, 0x7E, 0x2A, 0xF1, 0x88, 0xF3, 0xE2, 0x4D, 0xD8, 0x95,
    0xDE, 0x24, 0xB2, 0xB9, 0xC0, 0xD6, 0x7C, 0xB1, 0x15, 0x40, 0x79, 0x2C, 0xF1, 0x38, 0x63, 0x22,
    0xCF, 0xC0, 0x8B, 0x38, 0x76, 0x81, 0xC1, 0xC4, 0xF6, 0x59, 0x16, 0x82, 0x5C, 0x8C, 0x61, 0x9D,
    0xFF, 0xF7, 0xC9, 0xD2, 0x98, 0xCC, 0x96, 0x0D, 0x2F, 0xE9, 0xDF, 0x87, 0x01, 0x84, 0xBE, 0x27,
    0x50, 0x21, 0x02, 0xEE, 0x36, 0x5A, 0xEE, 0xE7, 0xFA, 0xE8, 0xBF, 0x8E, 0xBA, 0xC7, 0x63, 0x2C,
    0x98, 0x1E, 0x93, 0xD1, 0x84, 0x58, 0xF8, 0xA4, 0x92, 0x79, 0x5B, 0x1E, 0x33, 0xB2, 0xFD, 0xE9,
    0x3F, 0x95, 0xD0, 0xB5, 0x46, 0xCA, 0x86, 0x0B, 0xBC, 0x27, 0x59, 0x20, 0xB0, 0x9C, 0xF0, 0xDC,
    0xF7, 0x49, 0x51, 0x6C, 0x80, 0x17, 0x03, 0xB0, 0x41, 0x4D, 0x58, 0x01, 0xC8, 0xFB, 0x57, 0xF8,
    0x4C, 0xE8, 0xE1, 0xD7, 0x06, 0xEF, 0x42, 0x5F, 0x6E, 0x52, 0x1D, 0x60, 0x06, 0x1B, 0xA7, 0x1C,
    0x95, 0x47, 0xA2, 0x7D, 0xE5, 0xC6, 0x2F, 0x47, 0xA8, 0x5C, 0x15, 0xF3, 0xB0, 0x01, 0xC2, 0x06,
    0xCC, 0x13, 0x0A, 0x84, 0x15, 0xC4, 0x8A, 0x69, 0x09, 0x91, 0x9E, 0xE0, 0xE5, 0x80, 0x57, 0x00,
    0x36, 0xB6, 0x3D, 0x32, 0x06, 0x80, 0xEA, 0xF1, 0xFD, 0x96, 0x1F, 0xBE, 0x3A, 0x6E, 0x40, 0x30,
    0x80, 0xF8, 0x56, 0x80, 0xBE, 0x25, 0x10, 0x5A, 0xB1, 0x5D, 0x7D, 0x7E, 0x4D, 0xEF, 0xF8, 0x45,
    0xCE, 0xF3, 0xC8, 0xF1, 0xFC, 0x21, 0x27, 0xEA, 0x87, 0x9C, 0x28, 0x42, 0x2B, 0xE2, 0xD9, 0x72,
    0xFE, 0xD4, 0x6F, 0x28, 0xC7, 0xE3, 0xA5, 0xED, 0xD3, 0x2B, 0xF6, 0x19, 0x25, 0xC0, 0x2A, 0xF6,
    0xC8, 0x8A, 0x8C, 0xE3, 0x7A, 0xCF, 0x8E, 0x9F, 0xF8, 0xF3, 0xF8, 0xCB, 0xDF, 0x4F, 0x5E, 0xFF,
    0x9E, 0xC5, 0xD7, 0x91, 0xDC, 0x20, 0xC1, 0x55, 0x05, 0x9B, 0x2B, 0xE1, 0x86, 0x38, 0x8F, 0x4F,
    0xAC, 0xF4, 0xBF, 0xAD, 0x8D, 0x51, 0x8A, 0xE4, 0x30, 0x0C, 0x44, 0x1F, 0xE8, 0xB7, 0x41, 0x57,
    0xE9, 0x03, 0x04, 0xEA, 0xEA, 0x82, 0xF9, 0x1D, 0xE8, 0xAB, 0x08, 0xE6, 0x57, 0xA0, 0xC5, 0x8E,
    0x4D, 0xA7, 0xD9, 0xC0, 0x32, 0xB0, 0x8E, 0x9D, 0x2A, 0xCB, 0x4F, 0x2A, 0x00, 0xBA, 0x73, 0xEF,
    0xEE, 0xB8, 0xF9, 0xFD, 0x6B, 0x11, 0xA4, 0x85, 0x73, 0x70, 0xA0, 0xE8, 0x54, 0x2A, 0x3D, 0x14,
    0xCA, 0xD3, 0xDB, 0x78, 0x0D, 0x51, 0x3C, 0xB9, 0xAF, 0x12, 0x04, 0xAB, 0xE2, 0x88, 0x63, 0x7E,
    0x89, 0xA2, 0xA3, 0xB3, 0x57, 0x4F, 0x0F, 0x7E, 0x7C, 0x28, 0xAF, 0x75, 0xC5, 0xE8, 0xB4, 0x78,
    0x77, 0x17, 0xC9, 0xF3, 0x4C, 0x5B, 0x33, 0x36, 0xAF, 0x78, 0x93, 0x57, 0x36, 0xC0, 0xF3, 0xF3,
    0x58, 0xCC, 0x73, 0x58, 0x54, 0x77, 0xCF, 0x23, 0xFB, 0xAA, 0x59, 0xF7, 0x1B, 0xDE, 0x27, 0xFF,
    0xFB, 0xF3, 0x9B, 0xDC, 0xBB, 0xEC, 0x9B, 0x7C, 0xFD, 0xBC, 0x66, 0xDF, 0xD0, 0xA7, 0xC5, 0xE3,
    0xAE, 0xCF, 0x53, 0xD5, 0x6B, 0xA9, 0x3C, 0x1F, 0x30, 0x77, 0x07, 0x1A, 0xBB, 0x83, 0x4E, 0x3A,
    0x3B, 0x97, 0xC6, 0xD6, 0x13, 0xD9, 0xBC, 0x35, 0x58, 0x02, 0xE0, 0x9D, 0x33, 0x09, 0x90, 0x15,
    0x7E, 0xDA, 0xA2, 0x10, 0xCB, 0xF6, 0xDB, 0x8A, 0xBA, 0xB3, 0x96, 0xDB, 0x96, 0x05, 0x7B, 0x98,
    0x6F, 0xDB, 0x29, 0x58, 0x69, 0x21, 0x3A, 0xF0, 0x9A, 0xB8, 0x77, 0xD1, 0x1D, 0x40, 0x7A, 0x34,
    0xE5, 0x09, 0x96, 0x42, 0x96, 0x96, 0xE0, 0xF1, 0x69, 0xBF, 0xA6, 0x15, 0x57, 0xBB, 0x81, 0xDA,
    0x16, 0x4B, 0x14, 0x23, 0x7E, 0xDA, 0x1D, 0xE1, 0x81, 0x75, 0xA2, 0x66, 0x58, 0x1E, 0x40, 0x20,
    0xA9, 0xAB, 0x32, 0x43, 0x96, 0xB2, 0x92, 0x65, 0x5B, 0x96, 0x45, 0x79, 0xE4, 0xD8, 0x84, 0x83,
    0x83, 0xE0, 0x80, 0x9A, 0xF3, 0x02, 0x05, 0x0D, 0xCD, 0x30, 0x67, 0x08, 0x05, 0x62, 0x66, 0xF0,
    0xBC, 0xDE, 0x12, 0xAB, 0x8D, 0xCE, 0x36, 0x2B, 0xFC, 0x1C, 0x02, 0xC5, 0x80, 0x01, 0x87, 0x3B,
    0x3D, 0xDC, 0x03, 0x40, 0x2F, 0x4D, 0xF5, 0x6E, 0xE6, 0xEA, 0x5C, 0x1A, 0x5C, 0xEB, 0xBD, 0xB8,
    0xDD, 0x87, 0xDB, 0x14, 0xF4, 0x39, 0xF7, 0x72, 0x1B, 0xA0, 0x3E, 0xB5, 0xE4, 0x21, 0xB7, 0xE8,
    0x87, 0x42, 0x2F, 0x4F, 0x7D, 0x37, 0xFE, 0xD3, 0x31, 0xD3, 0x94, 0x6C, 0xD5, 0x77, 0x8D, 0x3A,
    0x27, 0xA7, 0xD8, 0x7D, 0xC8, 0xC0, 0x89, 0x3D, 0x8F, 0xE3, 0x9D, 0x5C, 0x80, 0x25, 0x60, 0xB1,
    0x1E, 0x27, 0x85, 0xF6, 0x23, 0xF9, 0x37, 0xE1, 0xFF, 0x9F, 0xF8, 0x03, 0xAC, 0xD2, 0x85, 0xC9,
    0x26, 0x41, 0x10, 0x84, 0xE1, 0x17, 0x1A, 0x3F, 0x99, 0x54, 0x36, 0x80, 0x85, 0x4A, 0xBD, 0x33,
    0xF8, 0x52, 0x69, 0x38, 0x9C, 0x86, 0xBA, 0x91, 0xDF, 0xCE, 0x95, 0xA9, 0x67, 0x7D, 0xC7, 0x09,
    0xC0, 0x26, 0xDA, 0x39, 0x72, 0x94, 0x88, 0xA5, 0x05, 0xED, 0xEF, 0xD0, 0x16, 0xA5, 0x8C, 0x1A,
    0x35, 0x32, 0x6C, 0x50, 0x03, 0x3E, 0x62, 0x1A, 0x8B, 0xE0, 0x9E, 0x7A, 0x2A, 0x11, 0x29, 0xC6,
    0x82, 0xB8, 0x27, 0xDB, 0xAD, 0x09, 0xC4, 0xB3, 0x61, 0xEF, 0xB4, 0xE0, 0x3E, 0x71, 0xC9, 0x7D,
    0x63, 0xD0, 0x4B, 0x0A, 0x35, 0x96, 0x3B, 0x9C, 0x30, 0x23, 0x13, 0xD6, 0xEE, 0xFE, 0x94, 0x02,
    0xA4, 0xE2, 0xB6, 0x71, 0x2A, 0xCD, 0xD8, 0x9A, 0x43, 0xCF, 0xD6, 0xD1, 0x06, 0x17, 0xB6, 0x73,
    0x29, 0x06, 0xC5, 0x4D, 0xD2, 0x10, 0x75, 0x8C, 0x3C, 0xC4, 0xE1, 0xA9, 0xBF, 0x14, 0x13, 0x31,
    0x63, 0x33, 0xCA, 0xA9, 0x2F, 0xDA, 0x19, 0x8C, 0x16, 0xE1, 0x9A, 0x8C, 0x72, 0xBF, 0xAF, 0xDE,
    0x62, 0xDB, 0xDF, 0xD9, 0xFB, 0x1B, 0xDE, 0xC3, 0x70, 0xA1, 0x4F, 0x8D, 0x10, 0xCD, 0xC8, 0x2F,
    0x29, 0x85, 0x53, 0x7E, 0x64, 0xF8, 0xCB, 0xCE, 0x35, 0x8D, 0x5C, 0x0C, 0x03, 0x17, 0x15, 0x6B,
    0x56, 0x10, 0xE2, 0xA6, 0xBF, 0x2C, 0x68, 0x97, 0x35, 0x63, 0x91, 0x14, 0xD7, 0x45, 0x73, 0x33,
    0xCE, 0x93, 0x3A, 0xE5, 0x7C, 0x1A, 0xFD, 0x7C, 0xBF, 0xDE, 0x9D, 0xBA, 0x2E, 0x9C, 0x4E, 0xFC,
    0x70, 0x11, 0xA6, 0x89, 0x5E, 0x87, 0xC2, 0xEB, 0xA0, 0x9F, 0x1E, 0x8C, 0x1C, 0x2E, 0x79, 0xB8,
    0xFE, 0xDB, 0x06, 0x7C, 0x8F, 0x7B, 0x85, 0xDF, 0x8B, 0x5D, 0x33, 0x2F, 0x73, 0xFD, 0x68, 0x1A,
    0x63, 0x44, 0x4F, 0xBC, 0xE8, 0x97, 0x3D, 0xF0, 0x72, 0x7B, 0x66, 0x35, 0x75, 0xF6, 0x0C, 0xD3,
    0x17, 0x6B, 0x76, 0x23, 0x3C, 0xE9, 0x6D, 0x1D, 0xAA, 0x03, 0x4F, 0xCA, 0x63, 0xE4, 0x85, 0xB2,
    0x31, 0x72, 0x13, 0x4E, 0xF8, 0xBC, 0x91, 0x96, 0x8D, 0x46, 0xB3, 0x11, 0x00, 0xAD, 0x97, 0x5D,
    0x6A, 0xE5, 0xCA, 0x0E, 0x46, 0x17, 0xE8, 0x35, 0xA0, 0xA9, 0x64, 0x00, 0x06, 0x4D, 0x5D, 0x90,
    0x01, 0x64, 0x2A, 0x82, 0xBC, 0x0A, 0xBE, 0xEB, 0x2A, 0x8B, 0x78, 0xFF, 0x34, 0x9C, 0x73, 0x39,
    0x5D, 0x34, 0x6B, 0xE9, 0x6B, 0x6D, 0xCB, 0x95, 0x6C, 0xCA, 0x38, 0xE0, 0xCE, 0x89, 0x03, 0x38,
    0x4E, 0x98, 0xBA, 0x08, 0xA9, 0xD1, 0x11, 0x6D, 0x7D, 0xFC, 0xB4, 0x57, 0x55, 0x47, 0x56, 0x1D,
    0x0B, 0x21, 0xAA, 0x10, 0x3F, 0x89, 0xF8, 0x3A, 0x61, 0x2F, 0xF8, 0xE6, 0x84, 0x83, 0xFC, 0x05,
    0x07, 0xE8, 0xE3, 0x44, 0xF4, 0x41, 0x2C, 0x1C, 0x7E, 0xA2, 0xAD, 0xEB, 0x84, 0xCA, 0x1B, 0x49,
    0x0B, 0xDD, 0x54, 0xF3, 0x49, 0x15, 0xAC, 0xFB, 0xE0, 0x92, 0x34, 0x44, 0xE9, 0x82, 0x48, 0xE2,
    0x81, 0x9E, 0x37, 0x8D, 0x45, 0x6E, 0x5A, 0xDE, 0xF4, 0x45, 0xE9, 0x66, 0xC2, 0x13, 0x25, 0x29,
    0x87, 0xEF, 0xDD, 0xA1, 0x16, 0x5D, 0xA7, 0x86, 0xF0, 0xC1, 0xAA, 0x1B, 0x24, 0x81, 0xD6, 0x0D,
    0xFB, 0x84, 0xD7, 0x2B, 0xE0, 0x86, 0xA4, 0xBE, 0x60, 0x0D, 0xA0, 0xC1, 0xDD, 0x98, 0x3B, 0xFA,
    0x60, 0xC7, 0x26, 0xA0, 0x4E, 0x58, 0xD1, 0x78, 0xB9, 0xA4, 0x8A, 0x5F, 0x48, 0x89, 0xAB, 0xA5,
    0x5A, 0x32, 0xD5, 0xBE, 0x68, 0x8F, 0x82, 0x9F, 0x4B, 0xA5, 0x51, 0x6E, 0xC5, 0xA8, 0xB6, 0x7C,
    0x49, 0x7B, 0xF5, 0x88, 0x32, 0xED, 0x1E, 0xA3, 0xC8, 0xF7, 0x8F, 0xE0, 0xBD, 0x7B, 0x76, 0x09,
    0x3D, 0x29, 0xF4, 0x28, 0x17, 0xD6, 0x60, 0x42, 0x2A, 0x46, 0x08, 0x6D, 0xCF, 0x92, 0xA4, 0xC4,
    0x72, 0x07, 0x93, 0xA9, 0xF0, 0x9C, 0x16, 0xDE, 0x0F, 0xC1, 0x1E, 0x03, 0x7A, 0x0E, 0xF1, 0x16,
    0xF2, 0x73, 0x07, 0x97, 0x1A, 0xE9, 0xF8, 0x0D, 0x26, 0xF5, 0x35, 0x2D, 0x12, 0x2F, 0x7B, 0x08,
    0xC9, 0x0A, 0xFE, 0x18, 0xA2, 0x26, 0x1C, 0x48, 0xCA, 0x1D, 0x0A, 0x90, 0x9A, 0x1D, 0x94, 0x20,
    0xD8, 0xC1, 0xA4, 0x3B, 0x20, 0xD5, 0x1D, 0x4C, 0x7D, 0x07, 0xFC, 0x31, 0x70, 0x87, 0xF8, 0x73,
    0x98, 0xED, 0xD8, 0x0E, 0x5E, 0xBE, 0x76, 0x2D, 0x69, 0x05, 0xC9, 0xA5, 0xBA, 0x82, 0xA9, 0x5C,
    0x4A, 0xAE, 0xF5, 0x81, 0x93, 0x48, 0x85, 0x37, 0x26, 0xDD, 0x95, 0x8B, 0x55, 0x11, 0x65, 0x8B,
    0x0D, 0x9E, 0x08, 0x42, 0x4C, 0x75, 0xAC, 0x8A, 0x5D, 0x05, 0xC4, 0xAE, 0xFA, 0xF7, 0x20, 0xDE,
    0x55, 0xCD, 0x2F, 0x66, 0x56, 0xDF, 0x15, 0x9E, 0x56, 0x5E, 0x34, 0x78, 0xD9, 0x59, 0x53, 0x53,
    0x35, 0xF5, 0xE7, 0x2B, 0xAC, 0x1D, 0xDA, 0x92, 0xAB, 0xD2, 0x55, 0x05, 0xC8, 0x13, 0x58, 0x55,
    0xEC, 0x4A, 0x07, 0xC4, 0x37, 0xCF, 0x55, 0x83, 0x0B, 0x20, 0xEE, 0xAA, 0xC0, 0xFB, 0xB9, 0x32,
    0x25, 0xF8, 0xC2, 0xCB, 0xA1, 0x93, 0x84, 0x49, 0xDA, 0x71, 0xF0, 0x79, 0x22, 0xF4, 0x9D, 0x26,
    0x29, 0xBD, 0x50, 0x46, 0xE2, 0x17, 0xC4, 0xBF, 0x46, 0x5C, 0x88, 0x44, 0x19, 0x65, 0x4A, 0x97,
    0xBE, 0x65, 0x92, 0x0B, 0xE3, 0x7D, 0x85, 0x7A, 0x00, 0x1F, 0x7C, 0x82, 0xAB, 0x8B, 0x79, 0x86,
    0x5C, 0x87, 0xA2, 0x98, 0xD3, 0xD0, 0xC4, 0xC9, 0x63, 0x33, 0x10, 0xC0, 0x23, 0x43, 0x12, 0x43,
    0x13, 0x0C, 0xA7, 0x2B, 0x49, 0x0C, 0xDF, 0xAF, 0x9D, 0xC9, 0x17, 0xBD, 0xA0, 0xF1, 0x86, 0xD9,
    0xC3, 0xEC, 0x07, 0x57, 0xF7, 0xB5, 0xCF, 0x90, 0x90, 0x72, 0x84, 0x12, 0x9F, 0x33, 0x52, 0x97,
    0x72, 0x2B, 0xD8, 0xEA, 0x2D, 0xAB, 0x2D, 0xCF, 0xAD, 0x60, 0xAB, 0xB7, 0xBE, 0x0A, 0xD0, 0x5E,
    0xA3, 0xF5, 0x9F, 0x57, 0x2F, 0x35, 0x9A, 0xEB, 0x46, 0x33, 0x6C, 0x46, 0x8F, 0xB4, 0x85, 0xE6,
    0xEE, 0xA3, 0x22, 0x24, 0x5C, 0xBD, 0x64, 0x2A, 0x00, 0x1C, 0xD7, 0x5A, 0x8C, 0x42, 0xD6, 0xFE,
    0xFB, 0x98, 0x0F, 0x4E, 0xF9, 0x28, 0x8F, 0x4B, 0xBD, 0x64, 0xF9, 0xB1, 0x05, 0x4B, 0x6C, 0x79,
    0x01, 0x2E, 0x15, 0x48, 0x4A, 0x40, 0x5F, 0xD3, 0x6B, 0xAB, 0xA5, 0xE9, 0x2D, 0xA2, 0x9F, 0xE9,
    0xFD, 0x6B, 0xB9, 0x76, 0x90, 0x7A, 0x34, 0xB3, 0x16, 0x95, 0x58, 0xA3, 0xFB, 0x2B, 0xDB, 0x71,
    0xAD, 0xBA, 0x48, 0x83, 0x78, 0xE0, 0x6B, 0xD7, 0x9A, 0x93, 0x31, 0x9B, 0x5F, 0x6C, 0xA0, 0xE1,
    0xFF, 0xA1, 0x69, 0x51, 0xD2, 0x2F, 0xC1, 0xF2, 0x49, 0xB5, 0x0A, 0x93, 0xBE, 0x4E, 0xC5, 0xDC,
    0xEA, 0x2B, 0xF7, 0xFE, 0x2D, 0xAF, 0xE7, 0x73, 0x7A, 0x6D, 0x59, 0x11, 0xF9, 0x2B, 0x4E, 0x71,
    0x2A, 0xD1, 0x12, 0xFF, 0xA4, 0x2F, 0x29, 0x6F, 0xA5, 0x37, 0x5B, 0x85, 0xEE, 0x99, 0xB7, 0xBC,
    0x2E, 0xF5, 0x96, 0x69, 0x7F, 0x72, 0xEF, 0xAC, 0x20, 0xA4, 0x25, 0x3B, 0x59, 0x80, 0xE7, 0xDB,
    0x0F, 0x66, 0x7C, 0x00, 0xFE, 0xA5, 0x3E, 0x29, 0x69, 0x71, 0x0E, 0xC2, 0xFA, 0x97, 0xD8, 0xC5,
    0xC6, 0x59, 0xB4, 0x4D, 0xEE, 0xA7, 0xD5, 0xF3, 0xD7, 0x61, 0xF3, 0x2E, 0xD3, 0xAC, 0x12, 0x9E,
    0xBA, 0x51, 0x00, 0xC3, 0x84, 0x78, 0x38, 0xB6, 0x8D, 0x5F, 0xAC, 0x7D, 0x97, 0x26, 0x1A, 0x24,
    0x1D, 0x10, 0xAA, 0x93, 0x7C, 0x02, 0x10, 0xAF, 0xF8, 0xC4, 0xD5, 0x85, 0xA4, 0xB6, 0x0E, 0x6B,
    0xAF, 0xA0, 0x3D, 0x83, 0x23, 0x36, 0x08, 0x42, 0x27, 0xF8, 0x2F, 0x58, 0xA3, 0x62, 0xE1, 0xB8,
    0xC6, 0xF7, 0x09, 0x53, 0xCC, 0x3B, 0x22, 0xAE, 0xEE, 0xBD, 0x97, 0x7B, 0x6B, 0xAE, 0xB5, 0x72,
    0xC4, 0x9F, 0xD6, 0xF4, 0x62, 0x54, 0xD6, 0xE8, 0xE9, 0xC8, 0xDA, 0xA8, 0x7A, 0x89, 0x62, 0x8B,
    0xBF, 0xAD, 0xF7, 0xD3, 0x19, 0x3A, 0x25, 0x5D, 0x75, 0x01, 0xBE, 0x7B, 0x83, 0xBB, 0xBB, 0xE3,
    0xC0, 0x6B, 0x5E, 0x05, 0xD4, 0x20, 0xE5, 0xEF, 0x0D, 0xB4, 0x91, 0xBB, 0x3B, 0x98, 0xA1, 0x2F,
    0x93, 0x05, 0x20, 0x0D, 0x56, 0x7B, 0xE9, 0x9F, 0x60, 0x09, 0x52, 0x22, 0x09, 0xF4, 0xD0, 0x50,
    0xE2, 0x0B, 0x12, 0x50, 0xD3, 0x40, 0xCF, 0x88, 0x05, 0x9F, 0x6A, 0xD0, 0x26, 0x53, 0x49, 0x52,
    0x4A, 0x9A, 0x73, 0xF3, 0x4C, 0x93, 0x80, 0x90, 0x0A, 0xD3, 0xBC, 0x10, 0xA4, 0xF0, 0xF2, 0x8C,
    0x8C, 0xF4, 0xF4, 0x1A, 0xE2, 0x69, 0xA5, 0xC5, 0xFE, 0x5B, 0x0C, 0xA2, 0xD6, 0x7C, 0xF0, 0xA1,
    0x9F, 0x8C, 0x6B, 0xB3, 0x92, 0x84, 0xB5, 0xA9, 0xAC, 0xF1, 0x3E, 0x61, 0x2F, 0xD0, 0xE0, 0xB5,
    0xE1, 0x75, 0x42, 0x29, 0x49, 0x0F, 0x7F, 0x03, 0xDC, 0x90, 0x54, 0x1B, 0xAF, 0x0D, 0xD3, 0xEE,
    0xF6, 0xE0, 0x7F, 0x85, 0x8E, 0x05, 0x15, 0x00, 0x41, 0x08, 0x44, 0xFF, 0x7B, 0x04, 0xD8, 0x2A,
    0xDB, 0x80, 0xEA, 0x44, 0x22, 0xC0, 0x9C, 0xBB, 0x1F, 0xEE, 0x8C, 0x09, 0xB0, 0x04, 0x4A, 0xAC,
    0xC6, 0x01, 0xBA, 0x81, 0x72, 0x37, 0x0E, 0xE0, 0xDB, 0x88, 0x09, 0xA0, 0x42, 0x47, 0x19, 0x27,
    0x34, 0x70, 0xCA, 0x43, 0x86, 0xF8, 0x97, 0xC5, 0x5C, 0x8E, 0x96, 0xFD, 0x9F, 0xA6, 0x68, 0x87,
    0xB6, 0xCE, 0x75, 0xA0, 0x7F, 0x09, 0x59, 0xCA, 0xA7, 0x23, 0x1A, 0xE0, 0xD1, 0x41, 0xA5, 0x07,
    0xD5, 0xD1, 0x41, 0x8A, 0x33, 0x47, 0x0C, 0x05, 0xE0, 0x0F, 0x6A, 0x6B, 0xD0, 0x55, 0xE6, 0x00,
    0x0D, 0xBA, 0xBA, 0x0E, 0x10, 0xC8, 0x55, 0x04, 0xB3, 0x2D, 0x50, 0xE8, 0xFE, 0xDB, 0x1E, 0x83,
    0x93, 0xD9, 0xE7, 0x19, 0x7D, 0xCF, 0x50, 0x82, 0x6A, 0x28, 0x39, 0xAC, 0x1D, 0x25, 0x6A, 0xB5,
    0x2C, 0x5B, 0xB6, 0x11, 0x2D, 0xAD, 0x92, 0xB8, 0xA9, 0x37, 0x72, 0x67, 0xAD, 0x99, 0xAC, 0xE8,
    0x98, 0xCA, 0x5A, 0x27, 0xA6, 0x86, 0xF1, 0xC3, 0xBE, 0xD9, 0x4F, 0x56, 0x9B, 0x93, 0x14, 0x25,
    0x2B, 0x59, 0xD3, 0x80, 0xC6, 0xCC, 0x2A, 0xA2, 0xE3, 0x1B, 0x9B, 0x64, 0x15, 0x59, 0x02, 0x5F,
    0xED, 0x81, 0x3A, 0x1C, 0xAC, 0x7A, 0xF8, 0x22, 0x84, 0xE6, 0x61, 0x29, 0x8E, 0xAB, 0xF4, 0x55,
    0xCA, 0xAA, 0x73, 0xAE, 0x0A, 0x57, 0x3D, 0xCE, 0x6A, 0x07, 0x4B, 0x6B, 0x96, 0x2F, 0x45, 0x38,
    0x56, 0xF1, 0x10, 0x81, 0x43, 0xFC, 0x85, 0xB6, 0x36, 0xAB, 0xD8, 0x04, 0xFE, 0xAE, 0xD5, 0xAC,
    0x9A, 0x41, 0x00, 0x0F, 0x77, 0xB2, 0x2E, 0x1B, 0xE6, 0xF2, 0xFB, 0x74, 0x7D, 0xEF, 0x1F, 0x6B,
    0x10, 0xEF, 0xCA, 0x22, 0x2F, 0x8F, 0xDB, 0x68, 0xF6, 0x65, 0x5B, 0xDB, 0x7A, 0xB7, 0x18, 0xF1,
    0x2E, 0xB2, 0xF2, 0xF2, 0xB8, 0xDC, 0x88, 0x9E, 0x33, 0x1F, 0xBE, 0xB2, 0xD7, 0xC6, 0xF0, 0xFF,
    0xAA, 0x75, 0x95, 0x9C, 0x16, 0xD3, 0x33, 0x5B, 0xCE, 0x95, 0xFD, 0x87, 0x12, 0x3B, 0xDB, 0x3A,
    0xB1, 0x63, 0xDF, 0x1C, 0x6B, 0xB0, 0xA6, 0x70, 0x91, 0xFD, 0x24, 0xF6, 0x93, 0x35, 0xF0, 0xC3,
    0xC6, 0x6A, 0xC4, 0x45, 0x21, 0xCB, 0xFB, 0xE1, 0x26, 0x56, 0x93, 0x51, 0x64, 0x16, 0x93, 0xD8,
    0x9B, 0xD8, 0x6F, 0x5F, 0x75, 0x07, 0xAB, 0x4F, 0x0A, 0x71, 0x01, 0x09, 0x1B, 0xFA, 0xB7, 0x8D,
    0xE3, 0xF7, 0xB5, 0xCF, 0x8D, 0x5F, 0xAF, 0xCA, 0x9A, 0xFE, 0xF3, 0xCB, 0x82, 0x78, 0x91, 0x2F,
    0x8E, 0x17, 0xFB, 0x45, 0x3F, 0x59, 0x7F, 0x98, 0x6D, 0xD5, 0x85, 0x11, 0x4F, 0x2A, 0xC8, 0x17,
    0xD1, 0x79, 0xB3, 0xF6, 0xF1, 0x62, 0x63, 0x2E, 0x1A, 0xF9, 0x22, 0x5A, 0xCC, 0x69, 0x4E, 0xCD,
    0xD8, 0xF1, 0xDD, 0xA9, 0xD7, 0x88, 0x6A, 0xB7, 0x15, 0x76, 0xCC, 0x4E, 0x39, 0x6B, 0xB6, 0xD8,
    0x6F, 0x6F, 0x39, 0xC3, 0xEA, 0x28, 0xAB, 0xB2, 0xC4, 0xCD, 0xEB, 0x01, 0x3F, 0x89, 0xFE, 0x95,
    0x8D, 0xF5, 0x2B, 0x3E, 0xC9, 0x93, 0xA9, 0x13, 0xCD, 0xAC, 0x26, 0xA7, 0x88, 0x8D, 0x18, 0x91,
    0x73, 0x65, 0xB7, 0x69, 0x6F, 0xF9, 0x3C, 0x0B, 0x44, 0x11, 0x48, 0xA4, 0xB9, 0x43, 0xB3, 0x9E,
    0x53, 0x44, 0x99, 0x3B, 0x12, 0x07, 0xF6, 0x3D, 0x0D, 0x1E, 0x18, 0x62, 0x33, 0xE5, 0xBD, 0x30,
    0xC8, 0x66, 0xFD, 0xFB, 0x9F, 0xC3, 0x9D, 0xB9, 0xF3, 0x85, 0x8F, 0x55, 0x83, 0x68, 0xCC, 0x7F,
    0xDE, 0x55, 0x1C, 0x7E, 0x92, 0x33, 0x73, 0xCE, 0x3F, 0xAD, 0xCA, 0x81, 0x05, 0x04, 0x61, 0x0C,
    0x05, 0xE1, 0x61, 0x01, 0x8E, 0x34, 0x74, 0xFC, 0xAD, 0x87, 0x6B, 0x28, 0x05, 0x84, 0x39, 0x11,
    0x16, 0x2C, 0x60, 0x19, 0x1F, 0x9E, 0x07, 0x0A, 0x84, 0x26, 0x9C, 0x8C, 0x02, 0x19, 0x7B, 0xBC,
    0xD6, 0x22, 0x72, 0x84, 0x07, 0x55, 0x8B, 0x71, 0x9F, 0xE3, 0x9B, 0x45, 0x4F, 0x9A, 0x77, 0x60,
    0x7F, 0x20, 0xF4, 0x0B, 0x27, 0x4F, 0x83, 0xF3, 0xA1, 0xB9, 0xD6, 0xBB, 0x7A, 0x56, 0xFD, 0xAD,
    0xBB, 0xBC, 0xED, 0xA6, 0x75, 0xAC, 0xF5, 0x0F,
};

static const EpdGlyph literatamono_18_regularGlyphs[] = {
    { 1, 1, 128, 0, 1, 1, 0 }, // U+0020
    { 6, 29, 192, 3, 28, 44, 1 }, // !
    { 9, 9, 240, 3, 30, 21, 45 }, // "
    { 22, 21, 416, 2, 21, 116, 66 }, // #
    { 18, 34, 336, 2, 31, 153, 182 }, // $
    { 29, 24, 512, 2, 23, 174, 335 }, // %
    { 27, 29, 496, 2, 28, 196, 509 }, // &
    { 3, 9, 144, 3, 30, 7, 705 }, // '
    { 9, 39, 208, 3, 31, 88, 712 }, // (
    { 9, 39, 208, 1, 31, 88, 800 }, // )
    { 13, 14, 272, 2, 30, 46, 888 }, // *
    { 16, 17, 352, 3, 20, 68, 934 }, // +
    { 6, 11, 192, 3, 5, 17, 1002 }, // ,
    { 10, 3, 208, 2, 12, 8, 1019 }, // -
    { 6, 7, 208, 3, 6, 11, 1027 }, // .
    { 15, 35, 256, 1, 31, 132, 1038 }, // /
    { 20, 29, 352, 1, 28, 145, 1170 }, // 0
    { 14, 27, 240, 1, 27, 95, 1315 }, // 1
    { 17, 28, 304, 1, 28, 119, 1410 }, // 2
    { 18, 29, 336, 1, 28, 131, 1529 }, // 3
    { 20, 27, 336, 0, 27, 135, 1660 }, // 4
    { 17, 28, 304, 1, 27, 119, 1795 }, // 5
    { 18, 29, 320, 1, 28, 131, 1914 }, // 6
    { 18, 27, 304, 1, 27, 122, 2045 }, // 7
    { 19, 29, 336, 1, 28, 138, 2167 }, // 8
    { 18, 29, 320, 1, 28, 131, 2305 }, // 9
    { 6, 21, 208, 3, 20, 32, 2436 }, // :
    { 6, 26, 192, 3, 20, 39, 2468 }, // ;
    { 15, 19, 352, 3, 20, 72, 2507 }, // <
    { 16, 9, 352, 3, 16, 36, 2579 }, // =
    { 15, 19, 352, 4, 20, 72, 2615 }, // >
    { 15, 29, 320, 2, 28, 109, 2687 }, // ?
    { 28, 29, 512, 2, 22, 203, 2796 }, // @
    { 26, 27, 448, 1, 27, 176, 2999 }, // A
    { 21, 27, 400, 2, 27, 142, 3175 }, // B
    { 23, 29, 432, 2, 28, 167, 3317 }, // C
    { 25, 27, 464, 2, 27, 169, 3484 }, // D
    { 20, 27, 384, 2, 27, 135, 3653 }, // E
    { 20, 27, 368, 2, 27, 135, 3788 }, // F
    { 25, 29, 464, 2, 28, 182, 3923 }, // G
    { 28, 27, 512, 2, 27, 189, 4105 }, // H
    { 11, 27, 256, 2, 27, 75, 4294 }, // I
    { 18, 28, 336, 2, 27, 126, 4369 }, // J
    { 26, 28, 464, 2, 27, 182, 4495 }, // K
    { 20, 27, 384, 2, 27, 135, 4677 }, // L
    { 33, 27, 608, 3, 27, 223, 4812 }, // M
    { 27, 27, 512, 2, 27, 183, 5035 }, // N
    { 25, 29, 464, 2, 28, 182, 5218 }, // O
    { 20, 27, 368, 2, 27, 135, 5400 }, // P
    { 31, 35, 464, 2, 28, 272, 5535 }, // Q
    { 25, 28, 448, 2, 27, 175, 5807 }, // R
    { 19, 29, 368, 2, 28, 138, 5982 }, // S
    { 24, 27, 448, 2, 27, 162, 6120 }, // T
    { 27, 28, 496, 2, 27, 189, 6282 }, // U
    { 26, 27, 448, 1, 27, 176, 6471 }, // V
    { 40, 27, 672, 1, 27, 270, 6647 }, // W
    { 25, 27, 432, 1, 27, 169, 6917 }, // X
    { 25, 27, 432, 1, 27, 169, 7086 }, // Y
    { 21, 27, 400, 2, 27, 142, 7255 }, // Z
    { 7, 39, 208, 4, 31, 69, 7397 }, // [
    { 15, 35, 256, 1, 31, 132, 7466 }, // <backslash>
    { 7, 39, 208, 2, 31, 69, 7598 }, // ]
    { 18, 14, 352, 2, 27, 63, 7667 }, // ^
    { 18, 2, 288, 0, -2, 9, 7730 }, // _
    { 8, 7, 304, 5, 30, 14, 7739 }, // `
    { 18, 21, 320, 2, 20, 95, 7753 }, // a
    { 20, 30, 368, 1, 29, 150, 7848 }, // b
    { 16, 21, 304, 2, 20, 84, 7998 }, // c
    { 20, 30, 368, 2, 29, 150, 8082 }, // d
    { 16, 21, 320, 2, 20, 84, 8232 }, // e
    { 15, 30, 240, 2, 30, 113, 8316 }, // f
    { 20, 30, 336, 1, 21, 150, 8429 }, // g
    { 22, 29, 400, 2, 29, 160, 8579 }, // h
    { 10, 29, 208, 2, 29, 73, 8739 }, // i
    { 7, 38, 192, 1, 29, 67, 8812 }, // j
    { 21, 30, 368, 2, 29, 158, 8879 }, // k
    { 10, 29, 208, 2, 29, 73, 9037 }, // l
    { 34, 20, 592, 2, 20, 170, 9110 }, // m
    { 22, 20, 400, 2, 20, 110, 9280 }, // n
    { 19, 21, 352, 2, 20, 100, 9390 }, // o
    { 21, 28, 368, 1, 20, 147, 9490 }, // p
    { 20, 28, 368, 2, 20, 140, 9637 }, // q
    { 16, 20, 288, 2, 20, 80, 9777 }, // r
    { 14, 21, 272, 2, 20, 74, 9857 }, // s
    { 14, 27, 240, 1, 26, 95, 9931 }, // t
    { 22, 20, 384, 1, 19, 110, 10026 }, // u
    { 22, 19, 368, 0, 19, 105, 10136 }, // v
    { 32, 19, 528, 0, 19, 152, 10241 }, // w
    { 21, 19, 352, 0, 19, 100, 10393 }, // x
    { 22, 28, 352, 0, 19, 154, 10493 }, // y
    { 16, 19, 288, 1, 19, 76, 10647 }, // z
    { 11, 41, 224, 2, 32, 113, 10723 }, // {
    { 2, 35, 256, 7, 31, 18, 10836 }, // |
    { 11, 41, 224, 1, 32, 113, 10854 }, // }
    { 18, 4, 352, 2, 13, 18, 10967 }, // ~
    { 1, 1, 128, 0, 1, 1, 0 }, // U+00A0
    { 6, 28, 192, 3, 20, 42, 1 }, // U+00A1
    { 16, 25, 304, 2, 24, 100, 43 }, // U+00A2
    { 19, 28, 336, 1, 28, 133, 143 }, // U+00A3
    { 16, 17, 320, 2, 20, 68, 276 }, // U+00A4
    { 26, 27, 432, 1, 27, 176, 344 }, // U+00A5
    { 2, 35, 256, 7, 31, 18, 520 }, // U+00A6
    { 19, 34, 368, 2, 28, 162, 538 }, // U+00A7
    { 13, 5, 304, 3, 29, 17, 700 }, // U+00A8
    { 26, 25, 480, 2, 25, 163, 717 }, // U+00A9
    { 15, 15, 256, 1, 29, 57, 880 }, // U+00AA
    { 15, 16, 304, 2, 18, 60, 937 }, // U+00AB
    { 16, 7, 352, 3, 14, 28, 997 }, // U+00AC
    { 1, 1, 0, 0, 1, 1, 1025 }, // U+00AD
    { 14, 14, 304, 2, 30, 49, 1026 }, // U+00AE
    { 11, 2, 304, 4, 26, 6, 1075 }, // U+00AF
    { 9, 9, 208, 2, 30, 21, 1081 }, // U+00B0
    { 16, 20, 352, 3, 20, 80, 1102 }, // U+00B1
    { 13, 18, 240, 1, 32, 59, 1182 }, // U+00B2
    { 13, 18, 256, 1, 32, 59, 1241 }, // U+00B3
    { 7, 7, 304, 7, 30, 13, 1300 }, // U+00B4
    { 20, 28, 368, 3, 19, 140, 1313 }, // U+00B5
    { 17, 32, 352, 3, 27, 136, 1453 }, // U+00B6
    { 6, 7, 208, 3, 16, 11, 1589 }, // U+00B7
    { 8, 9, 304, 5, 0, 18, 1600 }, // U+00B8
    { 10, 18, 192, 1, 32, 45, 1618 }, // U+00B9
    { 14, 15, 256, 1, 29, 53, 1663 }, // U+00BA
    { 15, 16, 304, 2, 18, 60, 1716 }, // U+00BB
    { 33, 29, 560, 1, 28, 240, 1776 }, // U+00BC
    { 34, 29, 576, 1, 28, 247, 2016 }, // U+00BD
    { 35, 28, 576, 1, 27, 245, 2263 }, // U+00BE
    { 15, 28, 320, 3, 20, 105, 2508 }, // U+00BF
    { 26, 35, 448, 1, 35, 228, 2613 }, // U+00C0
    { 26, 35, 448, 1, 35, 228, 2841 }, // U+00C1
    { 26, 36, 448, 1, 36, 234, 3069 }, // U+00C2
    { 26, 35, 448, 1, 35, 228, 3303 }, // U+00C3
    { 26, 35, 448, 1, 35, 228, 3531 }, // U+00C4
    { 26, 36, 448, 1, 36, 234, 3759 }, // U+00C5
    { 35, 27, 608, 1, 27, 237, 3993 }, // U+00C6
    { 23, 37, 432, 2, 28, 213, 4230 }, // U+00C7
    { 20, 35, 384, 2, 35, 175, 4443 }, // U+00C8
    { 20, 35, 384, 2, 35, 175, 4618 }, // U+00C9
    { 20, 36, 384, 2, 36, 180, 4793 }, // U+00CA
    { 20, 35, 384, 2, 35, 175, 4973 }, // U+00CB
    { 11, 35, 256, 2, 35, 97, 5148 }, // U+00CC
    { 11, 35, 256, 2, 35, 97, 5245 }, // U+00CD
    { 12, 36, 256, 2, 36, 108, 5342 }, // U+00CE
    { 13, 35, 256, 1, 35, 114, 5450 }, // U+00CF
    { 26, 27, 464, 1, 27, 176, 5564 }, // U+00D0
    { 27, 35, 512, 2, 35, 237, 5740 }, // U+00D1
    { 25, 36, 464, 2, 35, 225, 5977 }, // U+00D2
    { 25, 36, 464, 2, 35, 225, 6202 }, // U+00D3
    { 25, 37, 464, 2, 36, 232, 6427 }, // U+00D4
    { 25, 36, 464, 2, 35, 225, 6659 }, // U+00D5
    { 25, 36, 464, 2, 35, 225, 6884 }, // U+00D6
    { 14, 14, 352, 4, 19, 49, 7109 }, // U+00D7
    { 26, 29, 464, 1, 28, 189, 7158 }, // U+00D8
    { 27, 36, 496, 2, 35, 243, 7347 }, // U+00D9
    { 27, 36, 496, 2, 35, 243, 7590 }, // U+00DA
    { 27, 37, 496, 2, 36, 250, 7833 }, // U+00DB
    { 27, 36, 496, 2, 35, 243, 8083 }, // U+00DC
    { 25, 35, 432, 1, 35, 219, 8326 }, // U+00DD
    { 20, 27, 368, 2, 27, 135, 8545 }, // U+00DE
    { 23, 31, 416, 2, 30, 179, 8680 }, // U+00DF
    { 18, 31, 320, 2, 30, 140, 8859 }, // U+00E0
    { 18, 31, 320, 2, 30, 140, 8999 }, // U+00E1
    { 18, 31, 320, 2, 30, 140, 9139 }, // U+00E2
    { 18, 29, 320, 2, 28, 131, 9279 }, // U+00E3
    { 18, 30, 320, 2, 29, 135, 9410 }, // U+00E4
    { 18, 31, 320, 2, 30, 140, 9545 }, // U+00E5
    { 27, 21, 496, 2, 20, 142, 9685 }, // U+00E6
    { 16, 29, 304, 2, 20, 116, 9827 }, // U+00E7
    { 16, 31, 320, 2, 30, 124, 9943 }, // U+00E8
    { 16, 31, 320, 2, 30, 124, 10067 }, // U+00E9
    { 16, 31, 320, 2, 30, 124, 10191 }, // U+00EA
    { 16, 30, 320, 2, 29, 120, 10315 }, // U+00EB
    { 11, 30, 208, 1, 30, 83, 10435 }, // U+00EC
    { 10, 30, 208, 2, 30, 75, 10518 }, // U+00ED
    { 12, 30, 208, 0, 30, 90, 10593 }, // U+00EE
    { 13, 29, 208, -1, 29, 95, 10683 }, // U+00EF
    { 18, 31, 352, 2, 30, 140, 10778 }, // U+00F0
    { 22, 28, 400, 2, 28, 154, 10918 }, // U+00F1
    { 19, 31, 352, 2, 30, 148, 11072 }, // U+00F2
    { 19, 31, 352, 2, 30, 148, 11220 }, // U+00F3
    { 19, 31, 352, 2, 30, 148, 11368 }, // U+00F4
    { 19, 29, 352, 2, 28, 138, 11516 }, // U+00F5
    { 19, 30, 352, 2, 29, 143, 11654 }, // U+00F6
    { 16, 18, 352, 3, 20, 72, 11797 }, // U+00F7
    { 21, 21, 352, 0, 20, 111, 11869 }, // U+00F8
    { 22, 31, 384, 1, 30, 171, 11980 }, // U+00F9
    { 22, 31, 384, 1, 30, 171, 12151 }, // U+00FA
    { 22, 31, 384, 1, 30, 171, 12322 }, // U+00FB
    { 22, 30, 384, 1, 29, 165, 12493 }, // U+00FC
    { 22, 39, 352, 0, 30, 215, 12658 }, // U+00FD
    { 21, 37, 368, 0, 29, 195, 12873 }, // U+00FE
    { 22, 38, 352, 0, 29, 209, 13068 }, // U+00FF
    { 26, 33, 448, 1, 33, 215, 0 }, // U+0100
    { 18, 27, 320, 2, 26, 122, 215 }, // U+0101
    { 26, 36, 448, 1, 36, 234, 337 }, // U+0102
    { 18, 31, 320, 2, 30, 140, 571 }, // U+0103
    { 26, 36, 448, 1, 27, 234, 711 }, // U+0104
    { 18, 29, 320, 2, 20, 131, 945 }, // U+0105
    { 23, 36, 432, 2, 35, 207, 1076 }, // U+0106
    { 16, 31, 304, 2, 30, 124, 1283 }, // U+0107
    { 23, 37, 432, 2, 36, 213, 1407 }, // U+0108
    { 16, 31, 304, 2, 30, 124, 1620 }, // U+0109
    { 23, 36, 432, 2, 35, 207, 1744 }, // U+010A
    { 16, 30, 304, 2, 29, 120, 1951 }, // U+010B
    { 23, 37, 432, 2, 36, 213, 2071 }, // U+010C
    { 16, 31, 304, 2, 30, 124, 2284 }, // U+010D
    { 25, 36, 464, 2, 36, 225, 2408 }, // U+010E
    { 24, 30, 416, 2, 29, 180, 2633 }, // U+010F
    { 26, 27, 464, 1, 27, 176, 2813 }, // U+0110
    { 20, 30, 368, 2, 29, 150, 2989 }, // U+0111
    { 20, 33, 384, 2, 33, 165, 3139 }, // U+0112
    { 16, 27, 320, 2, 26, 108, 3304 }, // U+0113
    { 20, 36, 384, 2, 36, 180, 3412 }, // U+0114
    { 16, 31, 320, 2, 30, 124, 3592 }, // U+0115
    { 20, 35, 384, 2, 35, 175, 3716 }, // U+0116
    { 16, 30, 320, 2, 29, 120, 3891 }, // U+0117
    { 20, 36, 384, 2, 27, 180, 4011 }, // U+0118
    { 16, 29, 320, 2, 20, 116, 4191 }, // U+0119
    { 20, 36, 384, 2, 36, 180, 4307 }, // U+011A
    { 16, 31, 320, 2, 30, 124, 4487 }, // U+011B
    { 25, 37, 464, 2, 36, 232, 4611 }, // U+011C
    { 20, 39, 320, 1, 30, 195, 4843 }, // U+011D
    { 25, 37, 464, 2, 36, 232, 5038 }, // U+011E
    { 20, 39, 336, 1, 30, 195, 5270 }, // U+011F
    { 25, 36, 464, 2, 35, 225, 5465 }, // U+0120
    { 20, 38, 336, 1, 29, 190, 5690 }, // U+0121
    { 25, 38, 464, 2, 28, 238, 5880 }, // U+0122
    { 20, 39, 336, 1, 30, 195, 6118 }, // U+0123
    { 28, 36, 512, 2, 36, 252, 6313 }, // U+0124
    { 25, 38, 400, -1, 38, 238, 6565 }, // U+0125
    { 28, 27, 480, 1, 27, 189, 6803 }, // U+0126
    { 24, 29, 400, 0, 29, 174, 6992 }, // U+0127
    { 13, 35, 256, 1, 35, 114, 7166 }, // U+0128
    { 13, 28, 208, -1, 28, 91, 7280 }, // U+0129
    { 11, 33, 256, 2, 33, 91, 7371 }, // U+012A
    { 12, 26, 208, 0, 26, 78, 7462 }, // U+012B
    { 12, 36, 256, 2, 36, 108, 7540 }, // U+012C
    { 12, 30, 208, 0, 30, 90, 7648 }, // U+012D
    { 11, 36, 224, 2, 27, 99, 7738 }, // U+012E
    { 10, 38, 208, 2, 29, 95, 7837 }, // U+012F
    { 11, 35, 256, 2, 35, 97, 7932 }, // U+0130
    { 10, 19, 208, 2, 19, 48, 8029 }, // U+0131
    { 33, 28, 592, 2, 27, 231, 8077 }, // U+0132
    { 19, 38, 384, 2, 29, 181, 8308 }, // U+0133
    { 19, 37, 336, 2, 36, 176, 8489 }, // U+0134
    { 11, 39, 176, 0, 30, 108, 8665 }, // U+0135
    { 26, 37, 464, 2, 27, 241, 8773 }, // U+0136
    { 21, 39, 368, 2, 29, 205, 9014 }, // U+0137
    { 21, 20, 368, 2, 19, 105, 9219 }, // U+0138
    { 20, 35, 384, 2, 35, 175, 9324 }, // U+0139
    { 10, 37, 208, 2, 37, 93, 9499 }, // U+013A
    { 20, 37, 384, 2, 27, 185, 9592 }, // U+013B
    { 10, 39, 208, 2, 29, 98, 9777 }, // U+013C
    { 20, 29, 384, 2, 29, 145, 9875 }, // U+013D
    { 13, 29, 240, 2, 29, 95, 10020 }, // U+013E
    { 20, 27, 384, 2, 27, 135, 10115 }, // U+013F
    { 14, 29, 224, 2, 29, 102, 10250 }, // U+0140
    { 21, 27, 384, 1, 27, 142, 10352 }, // U+0141
    { 12, 29, 208, 1, 29, 87, 10494 }, // U+0142
    { 27, 35, 512, 2, 35, 237, 10581 }, // U+0143
    { 22, 30, 400, 2, 30, 165, 10818 }, // U+0144
    { 27, 37, 512, 2, 27, 250, 10983 }, // U+0145
    { 22, 30, 400, 2, 20, 165, 11233 }, // U+0146
    { 27, 36, 512, 2, 36, 243, 11398 }, // U+0147
    { 22, 30, 400, 2, 30, 165, 11641 }, // U+0148
    { 28, 29, 480, 1, 29, 203, 11806 }, // U+0149
    { 27, 36, 512, 2, 27, 243, 12009 }, // U+014A
    { 19, 29, 384, 2, 20, 138, 12252 }, // U+014B
    { 25, 34, 464, 2, 33, 213, 12390 }, // U+014C
    { 19, 27, 352, 2, 26, 129, 12603 }, // U+014D
    { 25, 37, 464, 2, 36, 232, 12732 }, // U+014E
    { 19, 31, 352, 2, 30, 148, 12964 }, // U+014F
    { 25, 37, 464, 2, 36, 232, 13112 }, // U+0150
    { 19, 31, 352, 2, 30, 148, 13344 }, // U+0151
    { 37, 29, 656, 2, 28, 269, 13492 }, // U+0152
    { 31, 21, 544, 2, 20, 163, 13761 }, // U+0153
    { 25, 36, 448, 2, 35, 225, 13924 }, // U+0154
    { 16, 30, 288, 2, 30, 120, 14149 }, // U+0155
    { 25, 37, 448, 2, 27, 232, 14269 }, // U+0156
    { 16, 30, 288, 2, 20, 120, 14501 }, // U+0157
    { 25, 37, 448, 2, 36, 232, 14621 }, // U+0158
    { 16, 30, 288, 2, 30, 120, 14853 }, // U+0159
    { 19, 36, 368, 2, 35, 171, 14973 }, // U+015A
    { 14, 31, 272, 2, 30, 109, 15144 }, // U+015B
    { 19, 37, 368, 2, 36, 176, 15253 }, // U+015C
    { 14, 31, 272, 2, 30, 109, 15429 }, // U+015D
    { 19, 37, 368, 2, 28, 176, 15538 }, // U+015E
    { 14, 29, 272, 2, 20, 102, 15714 }, // U+015F
    { 19, 37, 368, 2, 36, 176, 15816 }, // U+0160
    { 14, 31, 272, 2, 30, 109, 15992 }, // U+0161
    { 24, 36, 448, 2, 27, 216, 16101 }, // U+0162
    { 14, 35, 240, 1, 26, 123, 16317 }, // U+0163
    { 24, 36, 448, 2, 36, 216, 16440 }, // U+0164
    { 14, 31, 240, 1, 30, 109, 16656 }, // U+0165
    { 24, 27, 448, 2, 27, 162, 16765 }, // U+0166
    { 14, 27, 240, 1, 26, 95, 16927 }, // U+0167
    { 27, 36, 496, 2, 35, 243, 17022 }, // U+0168
    { 22, 29, 384, 1, 28, 160, 17265 }, // U+0169
    { 27, 34, 496, 2, 33, 230, 17425 }, // U+016A
    { 22, 27, 384, 1, 26, 149, 17655 }, // U+016B
    { 27, 37, 496, 2, 36, 250, 17804 }, // U+016C
    { 22, 31, 384, 1, 30, 171, 18054 }, // U+016D
    { 27, 37, 496, 2, 36, 250, 18225 }, // U+016E
    { 22, 31, 384, 1, 30, 171, 18475 }, // U+016F
    { 27, 37, 496, 2, 36, 250, 18646 }, // U+0170
    { 22, 31, 384, 1, 30, 171, 18896 }, // U+0171
    { 27, 36, 496, 2, 27, 243, 19067 }, // U+0172
    { 22, 28, 368, 1, 19, 154, 19310 }, // U+0173
    { 40, 36, 672, 1, 36, 360, 19464 }, // U+0174
    { 32, 30, 528, 0, 30, 240, 19824 }, // U+0175
    { 25, 36, 432, 1, 36, 225, 20064 }, // U+0176
    { 22, 39, 352, 0, 30, 215, 20289 }, // U+0177
    { 25, 35, 432, 1, 35, 219, 20504 }, // U+0178
    { 21, 35, 400, 2, 35, 184, 20723 }, // U+0179
    { 16, 30, 288, 1, 30, 120, 20907 }, // U+017A
    { 21, 35, 400, 2, 35, 184, 21027 }, // U+017B
    { 16, 29, 288, 1, 29, 116, 21211 }, // U+017C
    { 21, 36, 400, 2, 36, 189, 21327 }, // U+017D
    { 16, 30, 288, 1, 30, 120, 21516 }, // U+017E
    { 29, 30, 496, 2, 29, 218, 0 }, // U+01A0
    { 21, 27, 368, 2, 26, 142, 218 }, // U+01A1
    { 31, 30, 528, 2, 29, 233, 360 }, // U+01AF
    { 25, 27, 416, 1, 26, 169, 593 }, // U+01B0
    { 49, 36, 848, 2, 36, 441, 762 }, // U+01C4
    { 45, 30, 768, 2, 30, 338, 1203 }, // U+01C5
    { 39, 31, 672, 2, 30, 303, 1541 }, // U+01C6
    { 42, 28, 720, 2, 27, 294, 1844 }, // U+01C7
    { 31, 38, 576, 2, 29, 295, 2138 }, // U+01C8
    { 18, 38, 368, 2, 29, 171, 2433 }, // U+01C9
    { 48, 28, 816, 2, 27, 336, 2604 }, // U+01CA
    { 38, 38, 688, 2, 29, 361, 2940 }, // U+01CB
    { 31, 38, 576, 2, 29, 295, 3301 }, // U+01CC
    { 26, 36, 448, 1, 36, 234, 3596 }, // U+01CD
    { 18, 31, 320, 2, 30, 140, 3830 }, // U+01CE
    { 12, 36, 256, 2, 36, 108, 3970 }, // U+01CF
    { 13, 30, 208, -1, 30, 98, 4078 }, // U+01D0
    { 25, 37, 464, 2, 36, 232, 4176 }, // U+01D1
    { 19, 31, 352, 2, 30, 148, 4408 }, // U+01D2
    { 27, 37, 496, 2, 36, 250, 4556 }, // U+01D3
    { 22, 31, 384, 1, 30, 171, 4806 }, // U+01D4
    { 27, 41, 496, 2, 40, 277, 4977 }, // U+01D5
    { 22, 35, 384, 1, 34, 193, 5254 }, // U+01D6
    { 27, 43, 496, 2, 42, 291, 5447 }, // U+01D7
    { 22, 38, 384, 1, 37, 209, 5738 }, // U+01D8
    { 27, 44, 496, 2, 43, 297, 5947 }, // U+01D9
    { 22, 39, 384, 1, 38, 215, 6244 }, // U+01DA
    { 27, 43, 496, 2, 42, 291, 6459 }, // U+01DB
    { 22, 38, 384, 1, 37, 209, 6750 }, // U+01DC
    { 25, 37, 464, 2, 36, 232, 6959 }, // U+01E6
    { 20, 39, 336, 1, 30, 195, 7191 }, // U+01E7
    { 25, 37, 464, 2, 28, 232, 7386 }, // U+01EA
    { 19, 29, 352, 2, 20, 138, 7618 }, // U+01EB
    { 26, 41, 448, 1, 41, 267, 7756 }, // U+01FA
    { 18, 39, 320, 2, 38, 176, 8023 }, // U+01FB
    { 35, 35, 608, 1, 35, 307, 8199 }, // U+01FC
    { 27, 31, 496, 2, 30, 210, 8506 }, // U+01FD
    { 26, 36, 464, 1, 35, 234, 8716 }, // U+01FE
    { 21, 31, 352, 0, 30, 163, 8950 }, // U+01FF
    { 26, 36, 448, 1, 36, 234, 9113 }, // U+0200
    { 19, 31, 320, 1, 30, 148, 9347 }, // U+0201
    { 26, 35, 448, 1, 35, 228, 9495 }, // U+0202
    { 18, 30, 320, 2, 29, 135, 9723 }, // U+0203
    { 20, 36, 384, 2, 36, 180, 9858 }, // U+0204
    { 16, 31, 320, 2, 30, 124, 10038 }, // U+0205
    { 20, 35, 384, 2, 35, 175, 10162 }, // U+0206
    { 16, 30, 320, 2, 29, 120, 10337 }, // U+0207
    { 15, 36, 256, -2, 36, 135, 10457 }, // U+0208
    { 15, 30, 208, -3, 30, 113, 10592 }, // U+0209
    { 12, 35, 256, 2, 35, 105, 10705 }, // U+020A
    { 12, 29, 208, 0, 29, 87, 10810 }, // U+020B
    { 25, 37, 464, 2, 36, 232, 10897 }, // U+020C
    { 19, 31, 352, 2, 30, 148, 11129 }, // U+020D
    { 25, 36, 464, 2, 35, 225, 11277 }, // U+020E
    { 19, 30, 352, 2, 29, 143, 11502 }, // U+020F
    { 25, 37, 448, 2, 36, 232, 11645 }, // U+0210
    { 16, 30, 288, 2, 30, 120, 11877 }, // U+0211
    { 25, 36, 448, 2, 35, 225, 11997 }, // U+0212
    { 16, 29, 288, 2, 29, 116, 12222 }, // U+0213
    { 27, 37, 496, 2, 36, 250, 12338 }, // U+0214
    { 22, 31, 384, 1, 30, 171, 12588 }, // U+0215
    { 27, 36, 496, 2, 35, 243, 12759 }, // U+0216
    { 22, 30, 384, 1, 29, 165, 13002 }, // U+0217
    { 19, 38, 368, 2, 28, 181, 13167 }, // U+0218
    { 14, 30, 272, 2, 20, 105, 13348 }, // U+0219
    { 24, 37, 448, 2, 27, 222, 13453 }, // U+021A
    { 14, 36, 240, 1, 26, 126, 13675 }, // U+021B
    { 7, 7, 0, -4, 30, 13, 0 }, // U+0300
    { 7, 7, 0, -2, 30, 13, 13 }, // U+0301
    { 12, 8, 0, -6, 30, 24, 26 }, // U+0302
    { 12, 4, 0, -6, 28, 12, 50 }, // U+0303
    { 10, 2, 0, -5, 26, 5, 62 }, // U+0304
    { 12, 7, 0, -6, 30, 21, 67 }, // U+0306
    { 6, 5, 0, -3, 29, 8, 88 }, // U+0307
    { 12, 5, 0, -6, 29, 15, 96 }, // U+0308
    { 9, 9, 0, -5, 31, 21, 111 }, // U+0309
    { 8, 8, 0, -4, 30, 16, 132 }, // U+030A
    { 12, 7, 0, -4, 30, 21, 148 }, // U+030B
    { 12, 8, 0, -6, 30, 24, 169 }, // U+030C
    { 12, 7, 0, -8, 30, 21, 193 }, // U+030F
    { 12, 7, 0, -6, 29, 21, 214 }, // U+0311
    { 4, 8, 0, -2, 30, 8, 235 }, // U+0312
    { 7, 12, 0, -4, 26, 21, 243 }, // U+031B
    { 6, 5, 0, -3, -3, 8, 264 }, // U+0323
    { 12, 5, 0, -6, -2, 15, 272 }, // U+0324
    { 4, 8, 0, -2, -2, 8, 287 }, // U+0326
    { 8, 9, 0, -4, 0, 18, 295 }, // U+0327
    { 8, 9, 0, -4, 0, 18, 313 }, // U+0328
    { 12, 6, 0, -6, -3, 18, 331 }, // U+032E
    { 10, 2, 0, -5, -4, 5, 349 }, // U+0331
    { 20, 35, 384, 2, 35, 175, 0 }, // U+0401
    { 30, 31, 512, 0, 27, 233, 175 }, // U+0402
    { 20, 35, 368, 2, 35, 175, 408 }, // U+0403
    { 22, 29, 400, 2, 28, 160, 583 }, // U+0404
    { 19, 29, 368, 2, 28, 138, 743 }, // U+0405
    { 11, 27, 256, 2, 27, 75, 881 }, // U+0406
    { 13, 35, 256, 1, 35, 114, 956 }, // U+0407
    { 18, 28, 336, 2, 27, 126, 1070 }, // U+0408
    { 36, 28, 608, 1, 27, 252, 1196 }, // U+0409
    { 37, 27, 656, 2, 27, 250, 1448 }, // U+040A
    { 33, 27, 576, 1, 27, 223, 1698 }, // U+040B
    { 25, 36, 448, 2, 35, 225, 1921 }, // U+040C
    { 28, 35, 512, 2, 35, 245, 2146 }, // U+040D
    { 25, 38, 400, 1, 37, 238, 2391 }, // U+040E
    { 28, 33, 512, 2, 27, 231, 2629 }, // U+040F
    { 26, 27, 448, 1, 27, 176, 2860 }, // U+0410
    { 21, 27, 400, 2, 27, 142, 3036 }, // U+0411
    { 21, 27, 400, 2, 27, 142, 3178 }, // U+0412
    { 20, 27, 368, 2, 27, 135, 3320 }, // U+0413
    { 26, 34, 448, 0, 27, 221, 3455 }, // U+0414
    { 20, 27, 384, 2, 27, 135, 3676 }, // U+0415
    { 39, 29, 624, 0, 28, 283, 3811 }, // U+0416
    { 19, 29, 352, 1, 28, 138, 4094 }, // U+0417
    { 28, 27, 512, 2, 27, 189, 4232 }, // U+0418
    { 28, 37, 512, 2, 37, 259, 4421 }, // U+0419
    { 25, 29, 448, 2, 28, 182, 4680 }, // U+041A
    { 25, 28, 464, 1, 27, 175, 4862 }, // U+041B
    { 33, 27, 608, 3, 27, 223, 5037 }, // U+041C
    { 28, 27, 512, 2, 27, 189, 5260 }, // U+041D
    { 25, 29, 464, 2, 28, 182, 5449 }, // U+041E
    { 28, 27, 512, 2, 27, 189, 5631 }, // U+041F
    { 20, 27, 368, 2, 27, 135, 5820 }, // U+0420
    { 23, 29, 432, 2, 28, 167, 5955 }, // U+0421
    { 24, 27, 448, 2, 27, 162, 6122 }, // U+0422
    { 25, 28, 400, 1, 27, 175, 6284 }, // U+0423
    { 28, 29, 496, 2, 29, 203, 6459 }, // U+0424
    { 25, 27, 432, 1, 27, 169, 6662 }, // U+0425
    { 29, 33, 512, 2, 27, 240, 6831 }, // U+0426
    { 26, 27, 464, 1, 27, 176, 7071 }, // U+0427
    { 40, 27, 704, 2, 27, 270, 7247 }, // U+0428
    { 41, 33, 720, 2, 27, 339, 7517 }, // U+0429
    { 26, 27, 464, 1, 27, 176, 7856 }, // U+042A
    { 33, 27, 592, 2, 27, 223, 8032 }, // U+042B
    { 21, 27, 400, 2, 27, 142, 8255 }, // U+042C
    { 22, 29, 400, 1, 28, 160, 8397 }, // U+042D
    { 38, 29, 672, 2, 28, 276, 8557 }, // U+042E
    { 24, 28, 432, 0, 27, 168, 8833 }, // U+042F
    { 18, 21, 320, 2, 20, 95, 9001 }, // U+0430
    { 18, 32, 352, 2, 31, 144, 9096 }, // U+0431
    { 18, 19, 336, 2, 19, 86, 9240 }, // U+0432
    { 16, 19, 304, 2, 19, 76, 9326 }, // U+0433
    { 20, 25, 368, 1, 19, 125, 9402 }, // U+0434
    { 16, 21, 320, 2, 20, 84, 9527 }, // U+0435
    { 31, 20, 512, 1, 20, 155, 9611 }, // U+0436
    { 15, 21, 304, 2, 20, 79, 9766 }, // U+0437
    { 22, 19, 416, 2, 19, 105, 9845 }, // U+0438
    { 22, 29, 416, 2, 29, 160, 9950 }, // U+0439
    { 20, 20, 368, 2, 20, 100, 10110 }, // U+043A
    { 21, 20, 384, 1, 19, 105, 10210 }, // U+043B
    { 25, 19, 464, 2, 19, 119, 10315 }, // U+043C
    { 22, 19, 416, 2, 19, 105, 10434 }, // U+043D
    { 19, 21, 352, 2, 20, 100, 10539 }, // U+043E
    { 22, 19, 416, 2, 19, 105, 10639 }, // U+043F
    { 21, 28, 368, 1, 20, 147, 10744 }, // U+0440
    { 16, 21, 304, 2, 20, 84, 10891 }, // U+0441
    { 20, 19, 352, 1, 19, 95, 10975 }, // U+0442
    { 22, 28, 352, 0, 19, 154, 11070 }, // U+0443
    { 27, 38, 496, 2, 30, 257, 11224 }, // U+0444
    { 21, 19, 352, 0, 19, 100, 11481 }, // U+0445
    { 23, 25, 416, 2, 19, 144, 11581 }, // U+0446
    { 21, 19, 384, 1, 19, 100, 11725 }, // U+0447
    { 33, 19, 592, 2, 19, 157, 11825 }, // U+0448
    { 34, 25, 592, 2, 19, 213, 11982 }, // U+0449
    { 22, 19, 384, 1, 19, 105, 12195 }, // U+044A
    { 27, 19, 496, 2, 19, 129, 12300 }, // U+044B
    { 17, 19, 336, 2, 19, 81, 12429 }, // U+044C
    { 16, 21, 320, 2, 20, 84, 12510 }, // U+044D
    { 29, 21, 528, 2, 20, 153, 12594 }, // U+044E
    { 20, 20, 368, 1, 19, 100, 12747 }, // U+044F
    { 16, 30, 320, 2, 29, 120, 12847 }, // U+0451
    { 20, 39, 384, 1, 30, 195, 12967 }, // U+0452
    { 16, 30, 304, 2, 30, 120, 13162 }, // U+0453
    { 16, 21, 304, 2, 20, 84, 13282 }, // U+0454
    { 14, 21, 272, 2, 20, 74, 13366 }, // U+0455
    { 10, 29, 208, 2, 29, 73, 13440 }, // U+0456
    { 13, 29, 208, -1, 29, 95, 13513 }, // U+0457
    { 7, 38, 192, 1, 29, 67, 13608 }, // U+0458
    { 29, 20, 496, 1, 19, 145, 13675 }, // U+0459
    { 30, 19, 528, 2, 19, 143, 13820 }, // U+045A
    { 24, 29, 400, 0, 29, 174, 13963 }, // U+045B
    { 20, 30, 368, 2, 30, 150, 14137 }, // U+045C
    { 22, 30, 416, 2, 30, 165, 14287 }, // U+045D
    { 22, 38, 352, 0, 29, 209, 14452 }, // U+045E
    { 22, 24, 416, 2, 19, 132, 14661 }, // U+045F
    { 27, 29, 464, 0, 29, 196, 14793 }, // U+0462
    { 23, 30, 400, 1, 30, 173, 14989 }, // U+0463
    { 37, 28, 592, 0, 27, 259, 15162 }, // U+046A
    { 31, 19, 496, 0, 19, 148, 15421 }, // U+046B
    { 20, 33, 352, 2, 33, 165, 15569 }, // U+0490
    { 15, 24, 272, 2, 24, 90, 15734 }, // U+0491
    { 20, 27, 368, 2, 27, 135, 15824 }, // U+0492
    { 16, 19, 304, 2, 19, 76, 15959 }, // U+0493
    { 38, 34, 640, 1, 28, 323, 16035 }, // U+0496
    { 31, 25, 512, 1, 20, 194, 16358 }, // U+0497
    { 25, 34, 448, 2, 28, 213, 16552 }, // U+049A
    { 21, 25, 368, 2, 20, 132, 16765 }, // U+049B
    { 29, 33, 512, 2, 27, 240, 16897 }, // U+04A2
    { 24, 25, 432, 2, 19, 150, 17137 }, // U+04A3
    { 25, 27, 432, 1, 27, 169, 17287 }, // U+04AE
    { 21, 27, 336, 0, 19, 142, 17456 }, // U+04AF
    { 25, 27, 432, 1, 27, 169, 17598 }, // U+04B0
    { 21, 27, 336, 0, 19, 142, 17767 }, // U+04B1
    { 27, 27, 480, 2, 27, 183, 17909 }, // U+04BA
    { 22, 29, 400, 2, 29, 160, 18092 }, // U+04BB
    { 22, 29, 432, 2, 28, 160, 18252 }, // U+04D8
    { 17, 21, 320, 1, 20, 90, 18412 }, // U+04D9
    { 25, 29, 480, 2, 28, 182, 18502 }, // U+04E8
    { 19, 21, 352, 2, 20, 100, 18684 }, // U+04E9
    { 26, 35, 448, 1, 27, 228, 0 }, // U+1EA0
    { 18, 28, 320, 2, 20, 126, 228 }, // U+1EA1
    { 26, 37, 448, 1, 37, 241, 354 }, // U+1EA2
    { 18, 32, 320, 2, 31, 144, 595 }, // U+1EA3
    { 26, 43, 448, 1, 43, 280, 739 }, // U+1EA4
    { 18, 38, 320, 2, 37, 171, 1019 }, // U+1EA5
    { 26, 43, 448, 1, 43, 280, 1190 }, // U+1EA6
    { 18, 38, 320, 2, 37, 171, 1470 }, // U+1EA7
    { 26, 42, 448, 1, 42, 273, 1641 }, // U+1EA8
    { 18, 37, 320, 2, 36, 167, 1914 }, // U+1EA9
    { 26, 42, 448, 1, 42, 273, 2081 }, // U+1EAA
    { 18, 37, 320, 2, 36, 167, 2354 }, // U+1EAB
    { 26, 44, 448, 1, 36, 286, 2521 }, // U+1EAC
    { 18, 38, 320, 2, 30, 171, 2807 }, // U+1EAD
    { 26, 42, 448, 1, 42, 273, 2978 }, // U+1EAE
    { 18, 38, 320, 2, 37, 171, 3251 }, // U+1EAF
    { 26, 42, 448, 1, 42, 273, 3422 }, // U+1EB0
    { 18, 38, 320, 2, 37, 171, 3695 }, // U+1EB1
    { 26, 44, 448, 1, 44, 286, 3866 }, // U+1EB2
    { 18, 39, 320, 2, 38, 176, 4152 }, // U+1EB3
    { 26, 42, 448, 1, 42, 273, 4328 }, // U+1EB4
    { 18, 37, 320, 2, 36, 167, 4601 }, // U+1EB5
    { 26, 44, 448, 1, 36, 286, 4768 }, // U+1EB6
    { 18, 38, 320, 2, 30, 171, 5054 }, // U+1EB7
    { 20, 35, 384, 2, 27, 175, 5225 }, // U+1EB8
    { 16, 28, 320, 2, 20, 112, 5400 }, // U+1EB9
    { 20, 37, 384, 2, 37, 185, 5512 }, // U+1EBA
    { 16, 32, 320, 2, 31, 128, 5697 }, // U+1EBB
    { 20, 35, 384, 2, 35, 175, 5825 }, // U+1EBC
    { 16, 29, 320, 2, 28, 116, 6000 }, // U+1EBD
    { 20, 43, 384, 2, 43, 215, 6116 }, // U+1EBE
    { 16, 38, 320, 2, 37, 152, 6331 }, // U+1EBF
    { 20, 43, 384, 2, 43, 215, 6483 }, // U+1EC0
    { 16, 38, 320, 2, 37, 152, 6698 }, // U+1EC1
    { 20, 42, 384, 2, 42, 210, 6850 }, // U+1EC2
    { 18, 37, 320, 2, 36, 167, 7060 }, // U+1EC3
    { 20, 42, 384, 2, 42, 210, 7227 }, // U+1EC4
    { 16, 37, 320, 2, 36, 148, 7437 }, // U+1EC5
    { 20, 44, 384, 2, 36, 220, 7585 }, // U+1EC6
    { 16, 38, 320, 2, 30, 152, 7805 }, // U+1EC7
    { 11, 37, 256, 2, 37, 102, 7957 }, // U+1EC8
    { 11, 31, 208, 1, 31, 86, 8059 }, // U+1EC9
    { 11, 35, 256, 2, 27, 97, 8145 }, // U+1ECA
    { 10, 37, 208, 2, 29, 93, 8242 }, // U+1ECB
    { 25, 36, 464, 2, 28, 225, 8335 }, // U+1ECC
    { 19, 28, 352, 2, 20, 133, 8560 }, // U+1ECD
    { 25, 38, 464, 2, 37, 238, 8693 }, // U+1ECE
    { 19, 32, 352, 2, 31, 152, 8931 }, // U+1ECF
    { 25, 44, 464, 2, 43, 275, 9083 }, // U+1ED0
    { 19, 38, 352, 2, 37, 181, 9358 }, // U+1ED1
    { 25, 44, 464, 2, 43, 275, 9539 }, // U+1ED2
    { 19, 38, 352, 2, 37, 181, 9814 }, // U+1ED3
    { 25, 43, 464, 2, 42, 269, 9995 }, // U+1ED4
    { 19, 37, 352, 2, 36, 176, 10264 }, // U+1ED5
    { 25, 43, 464, 2, 42, 269, 10440 }, // U+1ED6
    { 19, 37, 352, 2, 36, 176, 10709 }, // U+1ED7
    { 25, 44, 464, 2, 36, 275, 10885 }, // U+1ED8
    { 19, 38, 352, 2, 30, 181, 11160 }, // U+1ED9
    { 29, 36, 496, 2, 35, 261, 11341 }, // U+1EDA
    { 21, 31, 368, 2, 30, 163, 11602 }, // U+1EDB
    { 29, 36, 496, 2, 35, 261, 11765 }, // U+1EDC
    { 21, 31, 368, 2, 30, 163, 12026 }, // U+1EDD
    { 29, 38, 496, 2, 37, 276, 12189 }, // U+1EDE
    { 21, 32, 368, 2, 31, 168, 12465 }, // U+1EDF
    { 29, 36, 496, 2, 35, 261, 12633 }, // U+1EE0
    { 21, 29, 368, 2, 28, 153, 12894 }, // U+1EE1
    { 29, 37, 496, 2, 29, 269, 13047 }, // U+1EE2
    { 21, 34, 368, 2, 26, 179, 13316 }, // U+1EE3
    { 27, 35, 496, 2, 27, 237, 13495 }, // U+1EE4
    { 22, 27, 384, 1, 19, 149, 13732 }, // U+1EE5
    { 27, 38, 496, 2, 37, 257, 13881 }, // U+1EE6
    { 22, 32, 384, 1, 31, 176, 14138 }, // U+1EE7
    { 31, 36, 528, 2, 35, 279, 14314 }, // U+1EE8
    { 25, 31, 416, 1, 30, 194, 14593 }, // U+1EE9
    { 31, 36, 528, 2, 35, 279, 14787 }, // U+1EEA
    { 25, 31, 416, 1, 30, 194, 15066 }, // U+1EEB
    { 31, 38, 528, 2, 37, 295, 15260 }, // U+1EEC
    { 25, 32, 416, 1, 31, 200, 15555 }, // U+1EED
    { 31, 36, 528, 2, 35, 279, 15755 }, // U+1EEE
    { 25, 29, 416, 1, 28, 182, 16034 }, // U+1EEF
    { 31, 37, 528, 2, 29, 287, 16216 }, // U+1EF0
    { 25, 34, 416, 1, 26, 213, 16503 }, // U+1EF1
    { 25, 35, 432, 1, 35, 219, 16716 }, // U+1EF2
    { 22, 39, 352, 0, 30, 215, 16935 }, // U+1EF3
    { 25, 35, 432, 1, 27, 219, 17150 }, // U+1EF4
    { 22, 28, 352, 0, 19, 154, 17369 }, // U+1EF5
    { 25, 37, 432, 1, 37, 232, 17523 }, // U+1EF6
    { 22, 40, 352, 0, 31, 220, 17755 }, // U+1EF7
    { 25, 35, 432, 1, 35, 219, 17975 }, // U+1EF8
    { 22, 37, 352, 0, 28, 204, 18194 }, // U+1EF9
    { 1, 1, 352, 0, 1, 1, 0 }, // U+2007
    { 1, 1, 192, 0, 1, 1, 1 }, // U+2008
    { 1, 1, 80, 0, 1, 1, 2 }, // U+2009
    { 1, 1, 32, 0, 1, 1, 3 }, // U+200A
    { 1, 1, 0, 0, 1, 1, 4 }, // U+200B
    { 10, 3, 208, 2, 12, 8, 5 }, // U+2010
    { 17, 2, 304, 1, 11, 9, 13 }, // U+2012
    { 17, 2, 304, 1, 11, 9, 22 }, // U+2013
    { 36, 2, 608, 1, 11, 18, 31 }, // U+2014
    { 36, 2, 608, 1, 11, 18, 49 }, // U+2015
    { 6, 11, 192, 3, 30, 17, 67 }, // U+2018
    { 6, 11, 192, 3, 29, 17, 84 }, // U+2019
    { 6, 11, 192, 3, 5, 17, 101 }, // U+201A
    { 14, 11, 320, 3, 30, 39, 118 }, // U+201C
    { 14, 11, 320, 3, 29, 39, 157 }, // U+201D
    { 13, 11, 256, 1, 5, 36, 196 }, // U+201E
    { 15, 30, 320, 2, 29, 113, 232 }, // U+2020
    { 15, 30, 320, 2, 29, 113, 345 }, // U+2021
    { 8, 8, 224, 3, 16, 16, 458 }, // U+2022
    { 30, 7, 528, 2, 6, 53, 474 }, // U+2026
    { 42, 24, 736, 2, 23, 252, 527 }, // U+2030
    { 4, 9, 128, 2, 31, 9, 779 }, // U+2032
    { 11, 9, 224, 2, 31, 25, 788 }, // U+2033
    { 9, 16, 192, 2, 18, 36, 813 }, // U+2039
    { 9, 16, 192, 1, 18, 36, 849 }, // U+203A
    { 30, 29, 544, 2, 30, 218, 885 }, // U+2042
    { 19, 28, 144, -5, 27, 133, 1103 }, // U+2044
    { 15, 18, 288, 1, 32, 68, 0 }, // U+2070
    { 15, 17, 256, 0, 31, 64, 68 }, // U+2074
    { 12, 17, 240, 1, 31, 51, 132 }, // U+2075
    { 14, 18, 256, 1, 32, 63, 183 }, // U+2076
    { 13, 17, 224, 1, 31, 56, 246 }, // U+2077
    { 14, 18, 256, 1, 32, 63, 302 }, // U+2078
    { 13, 18, 240, 1, 32, 59, 365 }, // U+2079
    { 6, 24, 160, 2, 34, 36, 424 }, // U+207D
    { 7, 24, 160, 1, 34, 42, 460 }, // U+207E
    { 18, 14, 320, 1, 28, 63, 502 }, // U+207F
    { 15, 18, 288, 1, 12, 68, 565 }, // U+2080
    { 10, 18, 192, 1, 12, 45, 633 }, // U+2081
    { 13, 18, 240, 1, 12, 59, 678 }, // U+2082
    { 13, 18, 256, 1, 12, 59, 737 }, // U+2083
    { 15, 17, 256, 0, 11, 64, 796 }, // U+2084
    { 12, 17, 240, 1, 11, 51, 860 }, // U+2085
    { 14, 18, 256, 1, 12, 63, 911 }, // U+2086
    { 13, 17, 224, 1, 11, 56, 974 }, // U+2087
    { 14, 18, 256, 1, 12, 63, 1030 }, // U+2088
    { 13, 18, 240, 1, 12, 59, 1093 }, // U+2089
    { 6, 24, 160, 2, 15, 36, 1152 }, // U+208D
    { 7, 24, 160, 1, 15, 42, 1188 }, // U+208E
    { 20, 33, 368, 2, 30, 165, 0 }, // U+20A1
    { 21, 27, 384, 1, 27, 142, 165 }, // U+20A3
    { 19, 28, 336, 1, 28, 133, 307 }, // U+20A4
    { 27, 27, 512, 2, 27, 183, 440 }, // U+20A6
    { 51, 28, 880, 2, 27, 357, 623 }, // U+20A7
    { 40, 27, 656, 1, 27, 270, 980 }, // U+20A9
    { 20, 35, 368, 2, 29, 175, 1250 }, // U+20AB
    { 24, 29, 416, 0, 28, 174, 1425 }, // U+20AC
    { 27, 28, 448, 1, 27, 189, 1599 }, // U+20AD
    { 25, 27, 416, 0, 27, 169, 1788 }, // U+20AE
    { 22, 27, 400, 2, 27, 149, 1957 }, // U+20B1
    { 25, 33, 432, 2, 30, 207, 2106 }, // U+20B2
    { 22, 29, 384, 1, 28, 160, 2313 }, // U+20B4
    { 20, 34, 368, 2, 31, 170, 2473 }, // U+20B5
    { 26, 27, 416, 0, 27, 176, 2643 }, // U+20B8
    { 20, 27, 368, 1, 26, 135, 2819 }, // U+20B9
    { 20, 27, 384, 2, 27, 135, 2954 }, // U+20BA
    { 23, 28, 432, 2, 28, 161, 3089 }, // U+20BC
    { 20, 27, 368, 2, 27, 135, 3250 }, // U+20BD
    { 18, 12, 352, 2, 17, 54, 0 }, // U+2190
    { 12, 19, 352, 5, 20, 57, 54 }, // U+2191
    { 19, 12, 352, 1, 17, 57, 111 }, // U+2192
    { 12, 19, 352, 5, 19, 57, 168 }, // U+2193
    { 17, 27, 336, 2, 27, 115, 0 }, // U+2202
    { 25, 28, 448, 2, 24, 175, 115 }, // U+2205
    { 22, 27, 384, 1, 27, 149, 290 }, // U+2206
    { 28, 31, 512, 2, 26, 217, 439 }, // U+220F
    { 20, 32, 384, 2, 27, 160, 656 }, // U+2211
    { 16, 2, 352, 3, 12, 8, 816 }, // U+2212
    { 18, 28, 352, 2, 28, 126, 824 }, // U+2215
    { 6, 6, 192, 3, 16, 9, 950 }, // U+2219
    { 20, 29, 352, 1, 29, 145, 959 }, // U+221A
    { 21, 9, 384, 2, 13, 48, 1104 }, // U+221E
    { 17, 34, 256, -1, 27, 145, 1152 }, // U+222B
    { 16, 11, 352, 3, 16, 44, 1297 }, // U+2248
    { 16, 19, 352, 3, 21, 76, 1341 }, // U+2260
    { 16, 20, 352, 3, 20, 80, 1417 }, // U+2264
    { 16, 20, 352, 3, 20, 80, 1497 }, // U+2265
    { 21, 30, 384, 2, 30, 158, 0 }, // U+FB01
    { 22, 30, 400, 2, 30, 165, 158 }, // U+FB02
};

static const EpdUnicodeInterval literatamono_18_regularIntervals[] = {
    { 0x20, 0x7E, 0x0 },
    { 0xA0, 0x17E, 0x5F },
    { 0x1A0, 0x1A1, 0x13E },
    { 0x1AF, 0x1B0, 0x140 },
    { 0x1C4, 0x1DC, 0x142 },
    { 0x1E6, 0x1E7, 0x15B },
    { 0x1EA, 0x1EB, 0x15D },
    { 0x1FA, 0x21B, 0x15F },
    { 0x300, 0x304, 0x181 },
    { 0x306, 0x30C, 0x186 },
    { 0x30F, 0x30F, 0x18D },
    { 0x311, 0x312, 0x18E },
    { 0x31B, 0x31B, 0x190 },
    { 0x323, 0x324, 0x191 },
    { 0x326, 0x328, 0x193 },
    { 0x32E, 0x32E, 0x196 },
    { 0x331, 0x331, 0x197 },
    { 0x401, 0x44F, 0x198 },
    { 0x451, 0x45F, 0x1E7 },
    { 0x462, 0x463, 0x1F6 },
    { 0x46A, 0x46B, 0x1F8 },
    { 0x490, 0x493, 0x1FA },
    { 0x496, 0x497, 0x1FE },
    { 0x49A, 0x49B, 0x200 },
    { 0x4A2, 0x4A3, 0x202 },
    { 0x4AE, 0x4B1, 0x204 },
    { 0x4BA, 0x4BB, 0x208 },
    { 0x4D8, 0x4D9, 0x20A },
    { 0x4E8, 0x4E9, 0x20C },
    { 0x1EA0, 0x1EF9, 0x20E },
    { 0x2007, 0x200B, 0x268 },
    { 0x2010, 0x2010, 0x26D },
    { 0x2012, 0x2015, 0x26E },
    { 0x2018, 0x201A, 0x272 },
    { 0x201C, 0x201E, 0x275 },
    { 0x2020, 0x2022, 0x278 },
    { 0x2026, 0x2026, 0x27B },
    { 0x2030, 0x2030, 0x27C },
    { 0x2032, 0x2033, 0x27D },
    { 0x2039, 0x203A, 0x27F },
    { 0x2042, 0x2042, 0x281 },
    { 0x2044, 0x2044, 0x282 },
    { 0x2070, 0x2070, 0x283 },
    { 0x2074, 0x2079, 0x284 },
    { 0x207D, 0x2089, 0x28A },
    { 0x208D, 0x208E, 0x297 },
    { 0x20A1, 0x20A1, 0x299 },
    { 0x20A3, 0x20A4, 0x29A },
    { 0x20A6, 0x20A7, 0x29C },
    { 0x20A9, 0x20A9, 0x29E },
    { 0x20AB, 0x20AE, 0x29F },
    { 0x20B1, 0x20B2, 0x2A3 },
    { 0x20B4, 0x20B5, 0x2A5 },
    { 0x20B8, 0x20BA, 0x2A7 },
    { 0x20BC, 0x20BD, 0x2AA },
    { 0x2190, 0x2193, 0x2AC },
    { 0x2202, 0x2202, 0x2B0 },
    { 0x2205, 0x2206, 0x2B1 },
    { 0x220F, 0x220F, 0x2B3 },
    { 0x2211, 0x2212, 0x2B4 },
    { 0x2215, 0x2215, 0x2B6 },
    { 0x2219, 0x221A, 0x2B7 },
    { 0x221E, 0x221E, 0x2B9 },
    { 0x222B, 0x222B, 0x2BA },
    { 0x2248, 0x2248, 0x2BB },
    { 0x2260, 0x2260, 0x2BC },
    { 0x2264, 0x2265, 0x2BD },
    { 0xFB01, 0xFB02, 0x2BF },
};

static const EpdFontGroup literatamono_18_regularGroups[] = {
    { 0, 2790, 11856, 95, 0 },
    { 2790, 2504, 14242, 96, 95 },
    { 5294, 3213, 22968, 127, 191 },
    { 8507, 2464, 14665, 67, 318 },
    { 10971, 177, 371, 23, 385 },
    { 11148, 3624, 19998, 118, 408 },
    { 14772, 1807, 19836, 90, 526 },
    { 16579, 361, 1348, 27, 616 },
    { 16940, 289, 1410, 22, 643 },
    { 17229, 902, 3523, 19, 665 },
    { 18131, 77, 234, 4, 684 },
    { 18208, 409, 1679, 15, 688 },
    { 18617, 79, 360, 2, 703 },
};

static const uint16_t literatamono_18_regularKernLeftCodepoints[] = {
    0x0022, 0x0026, 0x0027, 0x002A, 0x002C, 0x002D, 0x002E, 0x002F, 0x0030, 0x0031, 0x0032, 0x0033,
    0x0034, 0x0035, 0x0037, 0x0038, 0x0039, 0x003A, 0x003B, 0x003D, 0x003F, 0x0040, 0x0041, 0x0042,
    0x0043, 0x0044, 0x0045, 0x0046, 0x0047, 0x0048, 0x0049, 0x004A, 0x004B, 0x004C, 0x004D, 0x004E,
    0x004F, 0x0050, 0x0051, 0x0052, 0x0053, 0x0054, 0x0055, 0x0056, 0x0057, 0x0058, 0x0059, 0x005A,
    0x005B, 0x005C, 0x0061, 0x0062, 0x0063, 0x0064, 0x0065, 0x0066, 0x0067, 0x0068, 0x0069, 0x006A,
    0x006B, 0x006C, 0x006D, 0x006E, 0x006F, 0x0070, 0x0071, 0x0072, 0x0073, 0x0074, 0x0075, 0x0076,
    0x0077, 0x0078, 0x0079, 0x007A, 0x00A1, 0x00AB, 0x00AD, 0x00B5, 0x00B7, 0x00BB, 0x00BF, 0x00C0,
    0x00C1, 0x00C2, 0x00C3, 0x00C4, 0x00C5, 0x00C6, 0x00C7, 0x00C8, 0x00C9, 0x00CA, 0x00CB, 0x00CC,
    0x00CD, 0x00CE, 0x00CF, 0x00D0, 0x00D1, 0x00D2, 0x00D3, 0x00D4, 0x00D5, 0x00D6, 0x00D7, 0x00D8,
    0x00D9, 0x00DA, 0x00DB, 0x00DC, 0x00DD, 0x00DE, 0x00DF, 0x00E0, 0x00E1, 0x00E2, 0x00E3, 0x00E4,
    0x00E5, 0x00E6, 0x00E7, 0x00E8, 0x00E9, 0x00EA, 0x00EB, 0x00EC, 0x00ED, 0x00EE, 0x00EF, 0x00F1,
    0x00F2, 0x00F3, 0x00F4, 0x00F5, 0x00F6, 0x00F8, 0x00F9, 0x00FA, 0x00FB, 0x00FC, 0x00FD, 0x00FE,
    0x00FF, 0x0100, 0x0101, 0x0102, 0x0103, 0x0104, 0x0105, 0x0106, 0x0107, 0x0108, 0x0109, 0x010A,
    0x010B, 0x010C, 0x010D, 0x010E, 0x010F, 0x0110, 0x0111, 0x0112, 0x0113, 0x0114, 0x0115, 0x0116,
    0x0117, 0x0118, 0x0119, 0x011A, 0x011B, 0x011C, 0x011D, 0x011E, 0x011F, 0x0120, 0x0121, 0x0122,
    0x0123, 0x0124, 0x0125, 0x0126, 0x0127, 0x0128, 0x0129, 0x012A, 0x012B, 0x012C, 0x012D, 0x012E,
    0x012F, 0x0130, 0x0131, 0x0134, 0x0135, 0x0136, 0x0137, 0x0138, 0x0139, 0x013A, 0x013B, 0x013C,
    0x013D, 0x013E, 0x013F, 0x0140, 0x0141, 0x0142, 0x0143, 0x0144, 0x0145, 0x0146, 0x0147, 0x0148,
    0x0149, 0x014A, 0x014B, 0x014C, 0x014D, 0x014E, 0x014F, 0x0150, 0x0151, 0x0152, 0x0153, 0x0154,
    0x0155, 0x0156, 0x0157, 0x0158, 0x0159, 0x015A, 0x015B, 0x015C, 0x015D, 0x015E, 0x015F, 0x0160,
    0x0161, 0x0162, 0x0163, 0x0164, 0x0165, 0x0166, 0x0167, 0x0168, 0x0169, 0x016A, 0x016B, 0x016C,
    0x016D, 0x016E, 0x016F, 0x0170, 0x0171, 0x0172, 0x0173, 0x0174, 0x0175, 0x0176, 0x0177, 0x0178,
    0x0179, 0x017A, 0x017B, 0x017C, 0x017D, 0x017E, 0x01A0, 0x01A1, 0x01AF, 0x01B0, 0x01C6, 0x01C7,
    0x01C9, 0x01CA, 0x01CC, 0x01CD, 0x01CE, 0x01CF, 0x01D0, 0x01D1, 0x01D2, 0x01D3, 0x01D4, 0x01D5,
    0x01D6, 0x01D7, 0x01D8, 0x01D9, 0x01DA, 0x01DB, 0x01DC, 0x01E6, 0x01E7, 0x01EA, 0x01EB, 0x01FA,
    0x01FB, 0x01FC, 0x01FD, 0x01FE, 0x01FF, 0x0200, 0x0201, 0x0202, 0x0203, 0x0204, 0x0205, 0x0206,
    0x0207, 0x0208, 0x0209, 0x020A, 0x020B, 0x020C, 0x020D, 0x020E, 0x020F, 0x0210, 0x0211, 0x0212,
    0x0213, 0x0214, 0x0215, 0x0216, 0x0217, 0x0218, 0x0219, 0x021A, 0x021B, 0x0401, 0x0402, 0x0403,
    0x0404, 0x0405, 0x0406, 0x0407, 0x0408, 0x0409, 0x040A, 0x040B, 0x040C, 0x040D, 0x040E, 0x040F,
    0x0410, 0x0411, 0x0412, 0x0413, 0x0414, 0x0415, 0x0416, 0x0417, 0x0418, 0x0419, 0x041A, 0x041B,
    0x041C, 0x041D, 0x041E, 0x041F, 0x0420, 0x0421, 0x0422, 0x0423, 0x0424, 0x0425, 0x0426, 0x0427,
    0x0428, 0x0429, 0x042A, 0x042B, 0x042C, 0x042D, 0x042E, 0x042F, 0x0430, 0x0431, 0x0432, 0x0433,
    0x0434, 0x0435, 0x0436, 0x0437, 0x0438, 0x0439, 0x043A, 0x043B, 0x043C, 0x043D, 0x043E, 0x043F,
    0x0440, 0x0441, 0x0442, 0x0443, 0x0444, 0x0445, 0x0446, 0x0447, 0x0448, 0x0449, 0x044A, 0x044B,
    0x044C, 0x044D, 0x044E, 0x044F, 0x0451, 0x0452, 0x0453, 0x0454, 0x0455, 0x0456, 0x0457, 0x0458,
    0x0459, 0x045A, 0x045B, 0x045C, 0x045D, 0x045E, 0x045F, 0x0462, 0x0463, 0x046A, 0x046B, 0x0490,
    0x0491, 0x0492, 0x0493, 0x0496, 0x0497, 0x049A, 0x049B, 0x04A2, 0x04A3, 0x04AE, 0x04AF, 0x04B0,
    0x04B1, 0x04BA, 0x04BB, 0x04D8, 0x04D9, 0x04E8, 0x04E9, 0x1EA0, 0x1EA1, 0x1EA2, 0x1EA3, 0x1EA4,
    0x1EA5, 0x1EA6, 0x1EA7, 0x1EA8, 0x1EA9, 0x1EAA, 0x1EAB, 0x1EAC, 0x1EAD, 0x1EAE, 0x1EAF, 0x1EB0,
    0x1EB1, 0x1EB2, 0x1EB3, 0x1EB4, 0x1EB5, 0x1EB6, 0x1EB7, 0x1EB8, 0x1EB9, 0x1EBA, 0x1EBB, 0x1EBC,
    0x1EBD, 0x1EBE, 0x1EBF, 0x1EC0, 0x1EC1, 0x1EC2, 0x1EC3, 0x1EC4, 0x1EC5, 0x1EC6, 0x1EC7, 0x1EC8,
    0x1EC9, 0x1ECA, 0x1ECB, 0x1ECC, 0x1ECD, 0x1ECE, 0x1ECF, 0x1ED0, 0x1ED1, 0x1ED2, 0x1ED3, 0x1ED4,
    0x1ED5, 0x1ED6, 0x1ED7, 0x1ED8, 0x1ED9, 0x1EDA, 0x1EDB, 0x1EDC, 0x1EDD, 0x1EDE, 0x1EDF, 0x1EE0,
    0x1EE1, 0x1EE2, 0x1EE3, 0x1EE4, 0x1EE5, 0x1EE6, 0x1EE7, 0x1EE8, 0x1EE9, 0x1EEA, 0x1EEB, 0x1EEC,
    0x1EED, 0x1EEE, 0x1EEF, 0x1EF0, 0x1EF1, 0x1EF2, 0x1EF3, 0x1EF4, 0x1EF5, 0x1EF6, 0x1EF7, 0x1EF8,
    0x1EF9, 0x2010, 0x2012, 0x2013, 0x2014, 0x2015, 0x2018, 0x2019, 0x201A, 0x201C, 0x201D, 0x201E,
    0x2026, 0x2039, 0x203A, 0x2206, 0x2212, 0xFB01, 0xFB02,
};

static const uint8_t literatamono_18_regularKernLeftClassIds[] = {
      1,   2,   1,   3,   4,   5,   4,   6,   7,   8,   9,  10,  11,  12,  13,  14,
     14,  15,  15,  16,  17,  18,  19,  20,  21,  22,  23,  24,  25,  26,  26,  27,
     28,  29,  30,  31,  32,  33,  34,  35,  36,  37,  38,  39,  40,  41,  42,  43,
     44,  45,  46,  47,  48,  49,  50,  51,  52,  53,  54,  55,  56,  49,  53,  53,
     57,  57,  58,  59,  60,  61,  54,  62,  63,  64,  62,  65,  66,  67,   5,  68,
     69,  70,  71,  19,  19,  19,  19,  19,  19,  23,  21,  23,  23,  23,  23,  26,
     26,  26,  26,  72,  31,  32,  32,  32,  32,  32,  73,  32,  74,  74,  74,  74,
     75,  76,  77,  78,  79,  79,  79,  79,  79,  57,  48,  80,  80,  80,  80,  54,
     54,  54,  81,  53,  57,  57,  57,  57,  57,  57,  54,  54,  54,  54,  62,  57,
     62,  19,  79,  19,  79,  19,  79,  21,  48,  21,  48,  21,  48,  21,  48,  82,
     83,  82,  49,  23,  80,  23,  80,  23,  80,  23,  80,  23,  80,  25,  52,  25,
     52,  25,  52,  25,  52,  26,  53,  26,  53,  26,  54,  26,  54,  26,  54,  26,
     54,  26,  54,  27,  55,  28,  56,  56,  29,  49,  29,  49,  84,  85,  29,  49,
     29,  86,  31,  53,  31,  53,  31,  53,  53,  27,  55,  32,  57,  32,  57,  32,
     57,  23,  57,  35,  59,  35,  59,  35,  59,  36,  60,  36,  60,  36,  60,  36,
     60,  87,  61,  37,  88,  37,  61,  74,  54,  74,  54,  74,  54,  74,  54,  74,
     54,  74,  54,  89,  63,  75,  62,  75,  43,  65,  43,  65,  43,  65,  90,  91,
     92,  93,  53,  27,  55,  27,  55,  19,  53,  26,  54,  32,  57,  74,  54,  74,
     54,  74,  54,  74,  54,  74,  54,  25,  52,  32,  57,  19,  53,  23,  57,  32,
     57,  19,  53,  19,  53,  23,  57,  23,  57,  26,  54,  26,  54,  32,  57,  32,
     57,  35,  59,  35,  59,  74,  54,  74,  54,  36,  60,  87,  61,  94,  95,  96,
     97,  98,  99,  99, 100, 101, 101, 102, 103,  99, 104,  99, 105, 106, 107, 108,
    109,  94, 110, 111,  99,  99, 112,  99, 113,  99, 114,  99, 115, 116, 117, 104,
    118, 119, 120,  99,  99, 120, 101,  99, 101, 121, 121,  99, 122, 123, 124, 125,
    126, 127, 128, 129, 130, 130, 128, 130, 130, 130, 131, 130, 131, 132, 133, 134,
    131, 135, 136, 130, 130, 136, 137, 130, 137, 131, 131, 130, 127, 138, 125, 139,
    140, 130, 141, 142, 137, 137, 138, 128, 130, 134, 130, 143, 137, 144, 145, 146,
    147, 108, 125, 112, 148, 149, 128, 120, 136, 150, 151, 104, 151, 152, 138, 121,
    131, 121, 131,  19,  53,  19,  53,  19,  53,  19,  53,  19,  53,  19,  53,  19,
     53,  19,  53,  19,  53,  19,  53,  19,  53,  19,  53,  23,  57,  23,  57,  23,
     57,  23,  57,  23,  57,  23,  57,  23,  57,  23,  57,  26,  54,  26,  54,  32,
     57,  32,  57,  32,  57,  32,  57,  32,  57,  32,  57,  32,  57, 153, 154, 153,
    154, 153, 154, 153, 154, 153, 154,  74,  54,  74,  54, 155,  93, 155,  93, 155,
     93, 155,  93, 155,  93,  75,  62, 156,  62, 156,  62, 156,  62,   5,   5,   5,
      5,   5, 157, 158, 159, 157, 158, 159,   4,  67,  70, 160, 161, 162,  49,
};

static const uint16_t literatamono_18_regularKernRightCodepoints[] = {
    0x0021, 0x0022, 0x0025, 0x0026, 0x0027, 0x0029, 0x002A, 0x002B, 0x002C, 0x002D, 0x002E, 0x002F,
    0x0031, 0x0032, 0x0033, 0x0034, 0x0035, 0x0036, 0x0037, 0x003A, 0x003B, 0x003D, 0x003F, 0x0040,
    0x0041, 0x0043, 0x0047, 0x004A, 0x004D, 0x004F, 0x0051, 0x0053, 0x0054, 0x0055, 0x0056, 0x0057,
    0x0058, 0x0059, 0x005A, 0x005C, 0x005D, 0x0061, 0x0062, 0x0063, 0x0064, 0x0065, 0x0066, 0x0067,
    0x0068, 0x0069, 0x006A, 0x006B, 0x006C, 0x006D, 0x006E, 0x006F, 0x0070, 0x0071, 0x0072, 0x0073,
    0x0074, 0x0075, 0x0076, 0x0077, 0x0078, 0x0079, 0x007A, 0x00AB, 0x00AD, 0x00B0, 0x00B2, 0x00B3,
    0x00B7, 0x00B9, 0x00BB, 0x00BF, 0x00C0, 0x00C1, 0x00C2, 0x00C3, 0x00C4, 0x00C5, 0x00C6, 0x00C7,
    0x00D2, 0x00D3, 0x00D4, 0x00D5, 0x00D6, 0x00D7, 0x00D8, 0x00D9, 0x00DA, 0x00DB, 0x00DC, 0x00DD,
    0x00E0, 0x00E1, 0x00E2, 0x00E3, 0x00E4, 0x00E5, 0x00E6, 0x00E7, 0x00E8, 0x00E9, 0x00EA, 0x00EB,
    0x00EC, 0x00ED, 0x00EE, 0x00EF, 0x00F0, 0x00F1, 0x00F2, 0x00F3, 0x00F4, 0x00F5, 0x00F6, 0x00F8,
    0x00F9, 0x00FA, 0x00FB, 0x00FC, 0x00FD, 0x00FE, 0x00FF, 0x0100, 0x0101, 0x0102, 0x0103, 0x0104,
    0x0105, 0x0106, 0x0107, 0x0108, 0x0109, 0x010A, 0x010B, 0x010C, 0x010D, 0x010F, 0x0111, 0x0113,
    0x0115, 0x0117, 0x0119, 0x011B, 0x011C, 0x011D, 0x011E, 0x011F, 0x0120, 0x0121, 0x0122, 0x0123,
    0x0125, 0x0127, 0x0129, 0x012B, 0x012D, 0x012F, 0x0131, 0x0134, 0x0135, 0x0137, 0x0138, 0x013A,
    0x013C, 0x013E, 0x0140, 0x0142, 0x0144, 0x0146, 0x0148, 0x0149, 0x014B, 0x014C, 0x014D, 0x014E,
    0x014F, 0x0150, 0x0151, 0x0152, 0x0153, 0x0155, 0x0157, 0x0159, 0x015A, 0x015B, 0x015C, 0x015D,
    0x015E, 0x015F, 0x0160, 0x0161, 0x0162, 0x0163, 0x0164, 0x0165, 0x0166, 0x0167, 0x0168, 0x0169,
    0x016A, 0x016B, 0x016C, 0x016D, 0x016E, 0x016F, 0x0170, 0x0171, 0x0172, 0x0173, 0x0174, 0x0175,
    0x0176, 0x0177, 0x0178, 0x0179, 0x017A, 0x017B, 0x017C, 0x017D, 0x017E, 0x01A0, 0x01A1, 0x01AF,
    0x01B0, 0x01C6, 0x01C9, 0x01CC, 0x01CD, 0x01CE, 0x01D0, 0x01D1, 0x01D2, 0x01D3, 0x01D4, 0x01D5,
    0x01D6, 0x01D7, 0x01D8, 0x01D9, 0x01DA, 0x01DB, 0x01DC, 0x01E6, 0x01E7, 0x01EA, 0x01EB, 0x01FA,
    0x01FB, 0x01FC, 0x01FD, 0x01FE, 0x01FF, 0x0200, 0x0201, 0x0202, 0x0203, 0x0205, 0x0207, 0x0209,
    0x020B, 0x020C, 0x020D, 0x020E, 0x020F, 0x0211, 0x0213, 0x0214, 0x0215, 0x0216, 0x0217, 0x0218,
    0x0219, 0x021A, 0x021B, 0x0401, 0x0402, 0x0403, 0x0404, 0x0405, 0x0406, 0x0407, 0x0408, 0x0409,
    0x040A, 0x040B, 0x040C, 0x040D, 0x040E, 0x040F, 0x0410, 0x0411, 0x0412, 0x0413, 0x0414, 0x0415,
    0x0416, 0x0417, 0x0418, 0x0419, 0x041A, 0x041B, 0x041C, 0x041D, 0x041E, 0x041F, 0x0420, 0x0421,
    0x0422, 0x0423, 0x0424, 0x0425, 0x0426, 0x0427, 0x0428, 0x0429, 0x042A, 0x042B, 0x042C, 0x042D,
    0x042E, 0x042F, 0x0430, 0x0431, 0x0432, 0x0433, 0x0434, 0x0435, 0x0436, 0x0437, 0x0438, 0x0439,
    0x043A, 0x043B, 0x043C, 0x043D, 0x043E, 0x043F, 0x0440, 0x0441, 0x0442, 0x0443, 0x0444, 0x0445,
    0x0446, 0x0447, 0x0448, 0x0449, 0x044A, 0x044B, 0x044C, 0x044D, 0x044E, 0x044F, 0x0451, 0x0452,
    0x0453, 0x0454, 0x0455, 0x0456, 0x0457, 0x0458, 0x0459, 0x045A, 0x045B, 0x045C, 0x045D, 0x045E,
    0x045F, 0x0462, 0x0463, 0x046A, 0x046B, 0x0490, 0x0491, 0x0492, 0x0493, 0x0496, 0x0497, 0x049A,
    0x049B, 0x04A2, 0x04A3, 0x04AE, 0x04AF, 0x04B0, 0x04B1, 0x04BA, 0x04BB, 0x04D8, 0x04D9, 0x04E8,
    0x04E9, 0x1EA0, 0x1EA1, 0x1EA2, 0x1EA3, 0x1EA4, 0x1EA5, 0x1EA6, 0x1EA7, 0x1EA8, 0x1EA9, 0x1EAA,
    0x1EAB, 0x1EAC, 0x1EAD, 0x1EAE, 0x1EAF, 0x1EB0, 0x1EB1, 0x1EB2, 0x1EB3, 0x1EB4, 0x1EB5, 0x1EB6,
    0x1EB7, 0x1EB9, 0x1EBB, 0x1EBD, 0x1EBF, 0x1EC1, 0x1EC3, 0x1EC5, 0x1EC7, 0x1EC9, 0x1ECB, 0x1ECC,
    0x1ECD, 0x1ECE, 0x1ECF, 0x1ED0, 0x1ED1, 0x1ED2, 0x1ED3, 0x1ED4, 0x1ED5, 0x1ED6, 0x1ED7, 0x1ED8,
    0x1ED9, 0x1EDA, 0x1EDB, 0x1EDC, 0x1EDD, 0x1EDE, 0x1EDF, 0x1EE0, 0x1EE1, 0x1EE2, 0x1EE3, 0x1EE4,
    0x1EE5, 0x1EE6, 0x1EE7, 0x1EE8, 0x1EE9, 0x1EEA, 0x1EEB, 0x1EEC, 0x1EED, 0x1EEE, 0x1EEF, 0x1EF0,
    0x1EF1, 0x1EF2, 0x1EF3, 0x1EF4, 0x1EF5, 0x1EF6, 0x1EF7, 0x1EF8, 0x1EF9, 0x2010, 0x2012, 0x2013,
    0x2014, 0x2015, 0x2018, 0x2019, 0x201A, 0x201C, 0x201D, 0x201E, 0x2022, 0x2026, 0x2030, 0x2039,
    0x203A, 0x2070, 0x2074, 0x2075, 0x2076, 0x2077, 0x2078, 0x2079, 0x2206, 0x2212, 0xFB01, 0xFB02,
};

static const uint8_t literatamono_18_regularKernRightClassIds[] = {
      1,   2,   3,   4,   2,   5,   6,   7,   8,   9,  10,  11,  12,  13,  14,  15,
     16,  17,  18,  19,  20,  21,  22,  23,  24,  25,  25,  26,  27,  28,  25,  29,
     30,  31,  32,  33,  34,  35,  36,  37,  38,  39,  40,  41,  42,  41,  43,  44,
     45,  46,  47,  45,  45,  48,  49,  50,  51,  41,  49,  52,  53,  54,  55,  56,
     57,  58,  59,  60,  61,  62,  63,  63,  64,  63,  65,  66,  24,  67,  24,  24,
     24,  24,  68,  25,  25,  25,  25,  25,  25,  69,  25,  70,  70,  70,  70,  71,
     72,  72,  73,  74,  75,  76,  72,  77,  77,  77,  78,  79,  80,  46,  81,  82,
     83,  84,  77,  77,  77,  85,  86,  77,  87,  87,  87,  87,  88,  89,  88,  24,
     90,  24,  91,  24,  76,  25,  77,  25,  77,  25,  77,  25,  77,  77,  77,  77,
     92,  77,  77,  77,  25,  93,  25,  94,  25,  93,  25,  93,  45,  45,  95,  96,
     97,  46,  98,  26,  99,  45,  84,  45,  45,  45,  45, 100,  84,  84,  84, 101,
     84,  25,  77,  25,  77,  25,  77,  25,  77, 102, 101, 102,  29, 103,  29, 104,
     29, 103,  29, 105, 106,  53, 107,  53, 107,  53,  70,  87,  70,  87,  70,  87,
     70,  87,  70,  87,  70,  87, 108, 109,  71,  88,  71,  36, 110,  36, 110,  36,
    111,  25, 112,  70,  87,  77,  45,  98, 113,  76, 114,  25,  77,  70,  87,  70,
     87,  70,  87,  70,  87,  70,  87,  25,  93,  25,  77,  24, 115,  24, 115,  25,
    112, 113, 116, 113,  76, 117,  77, 118, 119,  25, 120,  25,  77, 121,  98,  70,
     87,  70,  87,  29, 103, 106,  53, 122, 123, 122, 124, 125, 122, 122, 126, 127,
    122, 128, 122, 122, 129, 122, 130, 122, 122, 122, 131, 122, 132, 133, 122, 122,
    122, 127, 134, 122, 135, 122, 122, 135, 136, 129, 137, 138, 122, 139, 122, 122,
    140, 122, 122, 141, 122, 142, 143, 144, 145, 145, 146, 147, 148, 149, 150, 145,
    150, 151, 152, 150, 153, 150, 154, 155, 156, 157, 155, 158, 150, 159, 150, 150,
    160, 145, 150, 161, 162, 163, 164, 165, 145, 166, 167, 168, 169, 170, 151, 145,
    165, 145, 145, 157, 145, 171, 172, 173, 174, 122, 145, 122, 145, 132, 148, 122,
    145, 122, 145, 175, 176, 177, 176, 122, 165, 135, 153, 135, 153, 113,  76, 113,
     76, 113,  76, 113,  76, 113,  76, 113,  76, 113,  76, 113,  76, 113,  76, 113,
     76, 113,  76, 113,  76,  77,  77,  77,  77,  77,  77,  77,  77,  46,  46,  25,
     77,  25,  77,  25,  77,  25,  77,  25,  77,  25,  77,  25,  77,  25,  77,  25,
     77,  25,  77,  25,  77,  25,  77,  70,  87,  70,  87,  70,  87,  70,  87,  70,
     87,  70,  87,  70,  87,  71,  88, 178, 179, 178, 179, 178, 179,  61,  61,  61,
     61,  61, 180, 181, 182, 183, 184, 182,   7, 185,   3, 186, 187,  63, 188,  63,
     63,  63,  63,  63, 189, 190,  43,  43,
};

static const uint16_t literatamono_18_regularKernRowOffsets[] = {
        0,    44,    58,    77,   147,   188,   296,   298,   307,   308,   317,   324,   326,   341,   343,   347,
      348,   350,   372,   429,   452,   497,   530,   556,   644,   666,   690,   766,   826,   866,   951,  1034,
     1072,  1084,  1122,  1202,  1237,  1323,  1401,  1488,  1575,  1607,  1693,  1710,  1717,  1757,  1805,  1848,
     1867,  1902,  1945,  1985,  2017,  2065,  2092,  2118,  2159,  2202,  2248,  2271,  2287,  2341,  2386,  2430,
     2448,  2450,  2465,  2483,  2494,  2509,  2533,  2571,  2609,  2615,  2693,  2781,  2799,  2811,  2859,  2907,
     2950,  2977,  3010,  3083,  3123,  3196,  3231,  3317,  3381,  3468,  3547,  3588,  3678,  3707,  3713,  3729,
     3795,  3797,  3799,  3800,  3809,  3822,  3830,  3864,  3914,  3959,  3988,  4016,  4082,  4108,  4142,  4152,
     4186,  4210,  4252,  4286,  4330,  4383,  4408,  4437,  4444,  4486,  4498,  4508,  4515,  4535,  4538,  4542,
     4557,  4564,  4566,  4585,  4596,  4609,  4639,  4649,  4655,  4665,  4672,  4683,  4684,  4686,  4687,  4700,
     4734,  4749,  4815,  4835,  4850,  4884,  4934,  4944,  4956,  5035,  5076,  5166,  5254,  5347,  5415,  5453,
     5463,  5465,  5484,
};

static const uint8_t literatamono_18_regularKernSparseCols[] = {
      7,   9,  23,  24,  25,  26,  27,  38,  40,  41,  42,  43,  49,  51,  52,  66,
     67,  71,  72,  73,  74,  75,  76,  77,  78,  82,  84,  85,  89,  90,  91,  92,
     93, 102, 103, 104, 111, 112, 114, 115, 116, 119, 184, 188,  26,  29,  30,  31,
     32,  34,  53,  69,  70,  86, 105, 106, 107, 177,  23,  25,  40,  41,  49,  66,
     67,  76,  77,  78,  82,  84,  85,  91, 111, 112, 116, 119, 188,   1,  14,  17,
     21,  24,  27,  29,  30,  31,  32,  34,  40,  41,  49,  52,  53,  54,  55,  57,
     62,  69,  70,  76,  77,  78,  82,  84,  85,  86,  87,  91, 105, 106, 107, 108,
    111, 116, 119, 122, 123, 127, 128, 134, 135, 136, 138, 139, 143, 146, 148, 152,
    154, 155, 156, 158, 159, 160, 163, 165, 170, 174, 175, 176, 177, 178, 179, 180,
    182, 183, 187,  12,  13,  17,  23,  25,  28,  29,  31,  32,  33,  34,  35,  54,
     55,  57,  66,  67,  70,  87, 105, 106, 107, 108, 112, 122, 126, 127, 128, 129,
    133, 135, 137, 139, 141, 150, 170, 174, 176, 177, 178, 188,   7,   9,  10,  13,
     14,  22,  23,  24,  25,  27,  28,  38,  40,  41,  43,  45,  49,  51,  52,  53,
     54,  55,  56,  57,  58,  66,  67,  71,  72,  73,  74,  75,  76,  77,  78,  79,
     80,  81,  82,  84,  85,  86,  87,  89,  90,  91,  92,  93,  94,  95,  96, 102,
    103, 104, 108, 109, 110, 111, 112, 113, 114, 115, 116, 117, 118, 119, 123, 124,
    125, 126, 129, 130, 131, 133, 134, 136, 141, 142, 143, 144, 145, 146, 147, 148,
    149, 150, 151, 152, 153, 154, 155, 156, 157, 158, 159, 160, 161, 162, 163, 165,
    166, 167, 168, 172, 173, 178, 184, 188,  12,  13,   1,   2,  14,  17,  36, 179,
    180, 182, 183,  17,  10,  12,  13,  14,  15,  17,  36, 180, 183,   2,  17,  61,
    179, 180, 182, 183,  12,  17,   2,   7,   8,   9,  10,  13,  14,  15,  18,  19,
     20,  60,  68, 184, 189,  12,  17,  12,  13,  14,  17,  17,  59, 185,  10,  29,
     30,  31,  32,  34,  35,  36,  53,  54,  55,  57,  69,  70,  86,  87, 105, 106,
    107, 108, 177, 178,   1,   5,   8,  21,  24,  27,  29,  30,  31,  32,  34,  36,
     39,  40,  41,  47,  48,  49,  50,  52,  53,  54,  55,  57,  59,  60,  63,  69,
     70,  76,  77,  78,  82,  83,  84,  85,  86,  87,  91,  97, 100, 101, 105, 106,
    107, 108, 111, 116, 119, 120, 177, 178, 179, 180, 182, 183, 185,  23,  25,  29,
     30,  31,  32,  34,  35,  52,  54,  55,  57,  66,  69,  70,  87, 105, 106, 107,
    108, 112, 177, 178,  23,  24,  27,  28,  29,  31,  32,  34,  35,  38,  39,  42,
     44,  51,  52,  53,  54,  55,  57,  66,  67,  70,  71,  72,  73,  74,  75,  86,
     87,  88,  89,  90,  99, 102, 103, 104, 105, 106, 107, 108, 112, 114, 115, 177,
    178,   1,   7,   9,  10,  23,  25,  26,  29,  31,  32,  33,  34,  35,  36,  42,
     54,  56,  57,  66,  67,  70,  87, 105, 106, 107, 112, 177, 178, 179, 180, 182,
    183, 184,  29,  30,  31,  34,  39,  44,  52,  53,  54,  55,  57,  69,  70,  86,
     87,  88,  99, 105, 106, 108, 177, 178, 179, 180, 182, 183,   3,   7,   8,   9,
     10,  22,  23,  24,  25,  26,  27,  28,  30,  35,  38,  40,  41,  43,  44,  45,
     46,  47,  48,  49,  50,  51,  52,  53,  54,  55,  56,  57,  58,  59,  60,  66,
     67,  69,  71,  72,  73,  74,  75,  76,  77,  78,  79,  80,  81,  82,  83,  84,
     85,  86,  87,  88,  89,  90,  91,  92,  93,  94,  95,  96,  97,  98,  99, 100,
    101, 102, 103, 104, 108, 109, 110, 111, 112, 113, 114, 115, 116, 117, 118, 119,
    120, 178, 184, 185,   1,   5,  21,  25,  29,  31,  32,  33,  34,  35,  54,  57,
     67,  70,  87, 105, 106, 107, 177, 178, 180, 183,  40,  41,  46,  49,  52,  53,
     54,  55,  57,  76,  77,  78,  82,  84,  85,  86,  87,  91,  98, 108, 111, 116,
    119, 178,   3,   7,   9,  10,  23,  25,  28,  38,  40,  41,  42,  43,  45,  47,
     48,  49,  50,  51,  52,  53,  54,  55,  56,  57,  58,  59,  63,  66,  67,  71,
     72,  73,  74,  75,  76,  77,  78,  79,  80,  81,  82,  83,  84,  85,  86,  87,
     89,  90,  91,  92,  93,  94,  95,  96,  97, 100, 101, 102, 103, 104, 108, 109,
    110, 111, 112, 113, 114, 115, 116, 117, 118, 119, 120, 178, 184, 185,   8,  21,
     24,  27,  29,  30,  31,  32,  34,  38,  39,  40,  41,  49,  50,  52,  53,  54,
     55,  57,  59,  60,  63,  69,  70,  71,  72,  73,  74,  75,  76,  77,  78,  80,
     81,  82,  84,  85,  86,  87,  89,  90,  91,  95, 105, 106, 107, 108, 111, 114,
    115, 116, 119, 177, 178, 179, 180, 182, 183, 185,   1,   5,  21,  24,  25,  26,
     27,  28,  29,  30,  31,  32,  34,  35,  36,  39,  44,  50,  52,  53,  54,  55,
     57,  63,  69,  70,  86,  87,  88,  99, 105, 106, 107, 108, 177, 178, 179, 180,
    182, 183,   1,  21,  24,  27,  29,  30,  31,  32,  34,  35,  38,  39,  40,  41,
     42,  43,  44,  45,  46,  47,  48,  49,  50,  51,  52,  53,  54,  55,  57,  58,
     69,  70,  71,  72,  73,  74,  75,  76,  77,  78,  79,  80,  81,  82,  83,  84,
     85,  86,  87,  88,  89,  90,  91,  92,  93,  94,  95,  96,  97,  98,  99, 100,
    101, 102, 103, 104, 105, 106, 107, 108, 109, 110, 111, 113, 114, 115, 116, 117,
    118, 119, 120, 177, 178, 179, 182,   3,   7,   9,  10,  21,  22,  23,  24,  25,
     26,  27,  35,  38,  40,  41,  42,  43,  44,  45,  46,  47,  48,  49,  50,  51,
     52,  53,  54,  55,  56,  57,  58,  66,  67,  71,  72,  73,  74,  75,  76,  77,
     78,  79,  80,  81,  82,  83,  84,  85,  86,  87,  88,  89,  90,  91,  92,  93,
     94,  95,  96,  97,  98,  99, 100, 101, 102, 103, 104, 108, 109, 110, 111, 112,
    113, 114, 115, 116, 117, 118, 119, 120, 178, 184,   1,   4,   7,   9,  10,  21,
     23,  25,  26,  29,  31,  32,  33,  34,  35,  36,  37,  44,  54,  57,  66,  67,
     70,  87,  88,  99, 105, 106, 107, 112, 177, 178, 179, 180, 181, 182, 183, 184,
      7,   9,  10,  23,  25,  34,  66,  67,  70, 112, 177, 184,   1,   4,   7,   9,
     10,  21,  23,  25,  26,  29,  31,  32,  33,  34,  35,  36,  37,  44,  54,  57,
     66,  67,  70,  87,  88,  99, 105, 106, 107, 112, 177, 178, 179, 180, 181, 182,
    183, 184,   1,   5,   8,  21,  24,  27,  28,  29,  30,  31,  32,  34,  36,  38,
     39,  40,  41,  44,  46,  47,  48,  49,  50,  51,  52,  53,  54,  55,  57,  58,
     59,  60,  63,  69,  70,  71,  72,  73,  74,  75,  76,  77,  78,  82,  83,  84,
     85,  86,  87,  88,  89,  90,  91,  97,  98,  99, 100, 101, 102, 103, 104, 105,
    106, 107, 108, 109, 110, 111, 114, 115, 116, 119, 120, 177, 178, 179, 180, 182,
    183, 185,  23,  25,  26,  29,  31,  34,  38,  39,  42,  52,  53,  54,  55,  56,
     57,  66,  67,  70,  71,  72,  73,  74,  75,  86,  87,  89,  90, 105, 106, 108,
    112, 114, 115, 177, 178,   3,   7,   8,   9,  10,  18,  19,  22,  23,  24,  25,
     26,  27,  28,  35,  38,  40,  41,  42,  43,  44,  45,  47,  48,  49,  50,  51,
     52,  53,  54,  57,  58,  59,  60,  63,  66,  67,  71,  72,  73,  74,  75,  76,
     77,  78,  79,  80,  81,  82,  83,  84,  85,  86,  87,  88,  89,  90,  91,  92,
     93,  94,  95,  96,  97,  98,  99, 100, 101, 102, 103, 104, 109, 110, 111, 112,
    113, 114, 115, 116, 117, 118, 119, 120, 178, 184, 185,   3,   7,   9,  10,  22,
     23,  25,  26,  28,  35,  38,  40,  41,  42,  43,  45,  46,  47,  48,  49,  50,
     51,  52,  53,  54,  55,  56,  57,  58,  66,  67,  71,  72,  73,  74,  75,  76,
     77,  78,  79,  80,  81,  82,  83,  84,  85,  86,  87,  89,  90,  91,  92,  93,
     94,  95,  96,  97,  98, 100, 101, 102, 103, 104, 108, 109, 110, 111, 112, 113,
    114, 115, 116, 117, 118, 119, 120, 178, 184,   3,   7,   8,   9,  10,  18,  19,
     22,  23,  24,  25,  26,  27,  28,  35,  38,  40,  41,  42,  43,  45,  46,  47,
     48,  49,  50,  51,  52,  53,  54,  55,  56,  57,  58,  59,  60,  63,  64,  66,
     67,  71,  72,  73,  74,  75,  76,  77,  78,  79,  80,  81,  82,  83,  84,  85,
     86,  87,  89,  90,  91,  92,  93,  94,  95,  96,  97, 100, 101, 102, 103, 104,
    108, 109, 110, 111, 112, 113, 114, 115, 116, 118, 119, 120, 178, 184, 185, 186,
      3,   7,   8,   9,  10,  18,  19,  22,  23,  24,  25,  26,  27,  28,  38,  40,
     41,  42,  43,  45,  47,  48,  49,  50,  51,  52,  53,  54,  55,  56,  57,  58,
     59,  60,  63,  64,  66,  67,  71,  72,  73,  74,  75,  76,  77,  78,  79,  80,
     81,  82,  83,  84,  85,  86,  87,  89,  90,  91,  92,  93,  94,  95,  96,  97,
     98, 100, 101, 102, 103, 104, 108, 109, 110, 111, 112, 113, 114, 115, 116, 117,
    118, 119, 120, 178, 184, 185, 186,   8,  24,  27,  29,  40,  41,  49,  52,  53,
     54,  55,  57,  59,  60,  63,  76,  77,  78,  82,  84,  85,  86,  87,  91, 105,
    106, 108, 111, 116, 119, 178, 185,   3,   7,   8,   9,  10,  18,  19,  22,  23,
     24,  25,  26,  27,  28,  38,  40,  41,  42,  43,  45,  46,  47,  48,  49,  50,
     51,  52,  53,  54,  55,  56,  57,  58,  59,  60,  63,  64,  66,  67,  71,  72,
     73,  74,  75,  76,  77,  78,  79,  81,  82,  83,  84,  85,  86,  87,  89,  90,
     91,  92,  93,  94,  96,  97,  98, 100, 101, 102, 103, 104, 108, 109, 110, 111,
    112, 113, 114, 115, 116, 117, 118, 119, 120, 178, 184, 185, 186,  25,  26,  28,
     29,  30,  52,  53,  54,  55,  57,  69,  86,  87, 105, 106, 108, 178,  43,  54,
     57,  87,  92,  93, 178,  17,  24,  27,  29,  30,  31,  32,  34,  36,  53,  54,
     55,  57,  69,  70,  86,  87, 105, 106, 107, 108, 122, 123, 127, 128, 134, 135,
    136, 138, 139, 143, 155, 158, 159, 170, 174, 175, 176, 177, 178,   1,   5,  21,
     29,  36,  39,  40,  41,  46,  47,  48,  49,  50,  51,  52,  53,  54,  55,  57,
     76,  77,  78,  82,  83,  84,  85,  86,  87,  91,  97,  98, 100, 101, 102, 103,
    104, 105, 106, 108, 111, 116, 119, 120, 178, 179, 180, 182, 183,   1,   5,   7,
      9,  21,  29,  36,  39,  44,  47,  48,  50,  51,  52,  53,  54,  55,  56,  57,
     58,  83,  86,  87,  88,  97,  99, 100, 101, 102, 103, 104, 105, 106, 108, 109,
    110, 120, 178, 179, 180, 182, 183, 184,  36,  40,  41,  44,  49,  76,  77,  78,
     82,  84,  85,  88,  91,  99, 111, 116, 119, 180, 183,  21,  40,  41,  46,  47,
     48,  49,  50,  52,  53,  54,  55,  57,  76,  77,  78,  82,  83,  84,  85,  86,
     87,  91,  97,  98, 100, 101, 108, 111, 116, 119, 120, 178, 180, 183,   1,   5,
      7,   9,  21,  29,  36,  39,  44,  47,  48,  50,  51,  52,  53,  54,  55,  56,
     57,  58,  83,  86,  87,  88,  97,  99, 100, 101, 102, 103, 104, 105, 106, 108,
    109, 110, 120, 178, 179, 180, 182, 183, 184,   0,   1,   4,   5,  21,  36,  37,
     38,  40,  41,  49,  51,  59,  71,  72,  73,  74,  75,  76,  77,  78,  82,  84,
     85,  89,  90,  91, 102, 103, 104, 111, 114, 115, 116, 119, 179, 180, 182, 183,
    185,  36,  38,  39,  40,  41,  44,  49,  51,  71,  72,  73,  74,  75,  76,  77,
     78,  82,  84,  85,  88,  89,  90,  91,  99, 102, 103, 104, 111, 114, 115, 116,
    119,   1,   5,  21,  29,  36,  39,  40,  41,  46,  47,  48,  49,  50,  51,  52,
     53,  54,  55,  57,  76,  77,  78,  82,  83,  84,  85,  86,  87,  91,  97,  98,
    100, 101, 102, 103, 104, 105, 106, 108, 111, 116, 119, 120, 178, 179, 180, 182,
    183,   1,   5,  21,  29,  30,  31,  32,  34,  36,  39,  52,  54,  55,  57,  69,
     70,  87, 105, 106, 107, 108, 177, 178, 179, 180, 182, 183,  21,  38,  39,  44,
     52,  53,  54,  55,  57,  71,  72,  73,  74,  75,  86,  87,  88,  89,  90,  99,
    108, 114, 115, 178, 180, 183,   1,   5,   8,  36,  40,  41,  47,  48,  49,  50,
     52,  53,  54,  55,  57,  59,  60,  76,  77,  78,  82,  83,  84,  85,  86,  87,
     91,  97, 100, 101, 108, 111, 116, 119, 120, 178, 179, 180, 182, 183, 185,   1,
      5,   7,   9,  21,  29,  36,  39,  44,  47,  48,  50,  51,  52,  53,  54,  55,
     56,  57,  58,  83,  86,  87,  88,  97,  99, 100, 101, 102, 103, 104, 105, 106,
    108, 109, 110, 120, 178, 179, 180, 182, 183, 184,   1,   5,  21,  36,  38,  39,
     40,  41,  44,  49,  51,  52,  53,  54,  55,  57,  71,  72,  73,  74,  75,  76,
     77,  78,  82,  84,  85,  86,  87,  88,  89,  90,  91,  99, 102, 103, 104, 108,
    111, 114, 115, 116, 119, 178, 180, 183,   7,   9,  10,  22,  36,  39,  40,  41,
     44,  49,  76,  77,  78,  82,  84,  85,  88,  91,  99, 111, 116, 119, 184,  36,
     39,  52,  53,  54,  57,  58,  86,  87, 109, 110, 178, 179, 180, 182, 183,  21,
     38,  40,  41,  47,  48,  49,  50,  51,  53,  54,  55,  56,  57,  58,  59,  64,
     71,  72,  73,  74,  75,  76,  77,  78,  82,  83,  84,  85,  86,  87,  89,  90,
     91,  97, 100, 101, 102, 103, 104, 108, 109, 110, 111, 114, 115, 116, 119, 120,
    178, 180, 183, 185, 186,   3,   7,   8,   9,  10,  22,  36,  38,  39,  40,  41,
     43,  44,  49,  51,  59,  60,  71,  72,  73,  74,  75,  76,  77,  78,  82,  84,
     85,  88,  89,  90,  91,  92,  93,  99, 102, 103, 104, 111, 114, 115, 116, 119,
    184, 185,   3,   7,   8,   9,  10,  22,  36,  38,  40,  41,  43,  44,  49,  51,
     59,  60,  71,  72,  73,  74,  75,  76,  77,  78,  82,  84,  85,  88,  89,  90,
     91,  92,  93,  99, 102, 103, 104, 111, 114, 115, 116, 119, 184, 185,  36,  39,
     40,  41,  49,  52,  59,  76,  77,  78,  82,  84,  85,  91, 111, 116, 119, 185,
     52,  99,  24,  27,  29,  30,  31,  32,  34,  69,  70, 105, 106, 107, 177, 179,
    182,  31,  32,  34,  70, 107, 121, 122, 127, 128, 129, 133, 135, 138, 139, 170,
    174, 176, 177,   5,   7,   8,   9,  36,  60, 179, 180, 182, 183, 184,  23,  25,
     29,  31,  32,  33,  34,  66,  67,  70, 105, 106, 107, 112, 177,   7,   9,  23,
     29,  31,  32,  33,  34,  52,  54,  55,  56,  57,  66,  70,  87, 105, 106, 107,
    108, 112, 177, 178, 184,  24,  27,  29,  30,  31,  32,  34,  39,  40,  41,  49,
     52,  53,  54,  55,  57,  69,  70,  76,  77,  78,  82,  84,  85,  86,  87,  91,
    105, 106, 107, 108, 111, 116, 119, 177, 178, 180, 183,   1,   4,   7,   9,  10,
     21,  23,  25,  26,  29,  31,  32,  33,  34,  35,  36,  37,  44,  54,  57,  66,
     67,  70,  87,  88,  99, 105, 106, 107, 112, 177, 178, 179, 180, 181, 182, 183,
    184,  11,  12,  13,  14,  15,  17,   3,   7,   9,  10,  22,  23,  25,  26,  28,
     35,  38,  40,  41,  42,  43,  45,  46,  47,  48,  49,  50,  51,  52,  53,  54,
     55,  56,  57,  58,  66,  67,  71,  72,  73,  74,  75,  76,  77,  78,  79,  80,
     81,  82,  83,  84,  85,  86,  87,  89,  90,  91,  92,  93,  94,  95,  96,  97,
     98, 100, 101, 102, 103, 104, 108, 109, 110, 111, 112, 113, 114, 115, 116, 117,
    118, 119, 120, 178, 184,   3,   7,   8,   9,  10,  18,  19,  22,  23,  24,  25,
     26,  27,  28,  38,  40,  41,  42,  43,  45,  46,  47,  48,  49,  50,  51,  52,
     53,  54,  55,  56,  57,  58,  59,  60,  63,  64,  66,  67,  71,  72,  73,  74,
     75,  76,  77,  78,  79,  80,  81,  82,  83,  84,  85,  86,  87,  89,  90,  91,
     92,  93,  94,  95,  96,  97,  98, 100, 101, 102, 103, 104, 108, 109, 110, 111,
    112, 113, 114, 115, 116, 117, 118, 119, 120, 178, 184, 185, 186,  23,  24,  25,
     27,  31,  34,  35,  56,  58,  66,  67,  70, 109, 110, 112, 177, 180, 183,  46,
     52,  53,  54,  55,  56,  57,  86,  87,  98, 108, 178,   1,   5,  21,  29,  36,
     39,  40,  41,  46,  47,  48,  49,  50,  51,  52,  53,  54,  55,  57,  76,  77,
     78,  82,  83,  84,  85,  86,  87,  91,  97,  98, 100, 101, 102, 103, 104, 105,
    106, 108, 111, 116, 119, 120, 178, 179, 180, 182, 183,   1,   5,  21,  29,  36,
     39,  40,  41,  46,  47,  48,  49,  50,  51,  52,  53,  54,  55,  57,  76,  77,
     78,  82,  83,  84,  85,  86,  87,  91,  97,  98, 100, 101, 102, 103, 104, 105,
    106, 108, 111, 116, 119, 120, 178, 179, 180, 182, 183,   1,   5,   7,   9,  21,
     29,  36,  39,  44,  47,  48,  50,  51,  52,  53,  54,  55,  56,  57,  58,  83,
     86,  87,  88,  97,  99, 100, 101, 102, 103, 104, 105, 106, 108, 109, 110, 120,
    178, 179, 180, 182, 183, 184,   1,   5,  21,  29,  30,  31,  32,  34,  36,  39,
     52,  54,  55,  57,  69,  70,  87, 105, 106, 107, 108, 177, 178, 179, 180, 182,
    183,   1,   7,   9,  10,  23,  25,  26,  29,  31,  32,  33,  34,  35,  36,  42,
     54,  56,  57,  66,  67,  70,  87, 105, 106, 107, 112, 177, 178, 179, 180, 182,
    183, 184,   6,   7,   8,   9,  10,  18,  19,  20,  21,  38,  40,  41,  43,  46,
     47,  48,  49,  50,  51,  52,  53,  54,  55,  56,  57,  58,  59,  60,  63,  64,
     71,  72,  73,  74,  75,  76,  77,  78,  82,  83,  84,  85,  86,  87,  89,  90,
     91,  92,  93,  97,  98, 100, 101, 102, 103, 104, 108, 109, 110, 111, 114, 115,
    116, 119, 120, 178, 179, 180, 182, 183, 184, 185, 186,   1,   5,  21,  24,  25,
     26,  27,  28,  29,  30,  31,  32,  34,  35,  36,  39,  44,  50,  52,  53,  54,
     55,  57,  63,  69,  70,  86,  87,  88,  99, 105, 106, 107, 108, 177, 178, 179,
    180, 182, 183,   6,   7,   8,   9,  10,  18,  19,  20,  21,  38,  40,  41,  43,
     46,  47,  48,  49,  50,  51,  52,  53,  54,  55,  56,  57,  58,  59,  60,  63,
     64,  71,  72,  73,  74,  75,  76,  77,  78,  82,  83,  84,  85,  86,  87,  89,
     90,  91,  92,  93,  97,  98, 100, 101, 102, 103, 104, 108, 109, 110, 111, 114,
    115, 116, 119, 120, 178, 179, 180, 182, 183, 184, 185, 186,  21,  40,  41,  46,
     47,  48,  49,  50,  52,  53,  54,  55,  57,  76,  77,  78,  82,  83,  84,  85,
     86,  87,  91,  97,  98, 100, 101, 108, 111, 116, 119, 120, 178, 180, 183,   3,
      7,   8,   9,  10,  18,  19,  22,  23,  24,  25,  26,  27,  28,  35,  38,  40,
     41,  42,  43,  44,  45,  47,  48,  49,  50,  51,  52,  53,  54,  57,  58,  59,
     60,  63,  66,  67,  71,  72,  73,  74,  75,  76,  77,  78,  79,  80,  81,  82,
     83,  84,  85,  86,  87,  88,  89,  90,  91,  92,  93,  94,  95,  96,  97,  98,
     99, 100, 101, 102, 103, 104, 109, 110, 111, 112, 113, 114, 115, 116, 117, 118,
    119, 120, 178, 184, 185,   6,   7,   8,   9,  18,  19,  20,  21,  38,  40,  41,
     47,  48,  49,  50,  51,  53,  54,  55,  56,  57,  58,  59,  60,  63,  64,  71,
     72,  73,  74,  75,  76,  77,  78,  82,  83,  84,  85,  86,  87,  89,  90,  91,
     97, 100, 101, 102, 103, 104, 108, 109, 110, 111, 114, 115, 116, 119, 120, 178,
    180, 183, 184, 185, 186,   3,   7,   8,   9,  10,  18,  19,  22,  23,  24,  25,
     26,  27,  28,  38,  40,  41,  42,  43,  45,  47,  48,  49,  50,  51,  52,  53,
     54,  55,  56,  57,  58,  59,  60,  63,  64,  66,  67,  71,  72,  73,  74,  75,
     76,  77,  78,  79,  80,  81,  82,  83,  84,  85,  86,  87,  89,  90,  91,  92,
     93,  94,  95,  96,  97,  98, 100, 101, 102, 103, 104, 108, 109, 110, 111, 112,
    113, 114, 115, 116, 117, 118, 119, 120, 178, 184, 185, 186,   3,   7,   8,   9,
     10,  18,  19,  22,  23,  24,  25,  26,  27,  31,  33,  34,  38,  40,  41,  42,
     43,  47,  48,  49,  50,  51,  52,  53,  54,  55,  56,  57,  58,  59,  60,  64,
     66,  67,  70,  71,  72,  73,  74,  75,  76,  77,  78,  82,  83,  84,  85,  86,
     87,  89,  90,  91,  92,  93,  97, 100, 101, 102, 103, 104, 108, 109, 110, 111,
    112, 114, 115, 116, 119, 120, 177, 178, 184, 185, 186,   7,   8,   9,  10,  38,
     40,  41,  47,  48,  49,  50,  51,  60,  71,  72,  73,  74,  75,  76,  77,  78,
     82,  83,  84,  85,  89,  90,  91,  97, 100, 101, 102, 103, 104, 111, 114, 115,
    116, 119, 120, 184,   3,   7,   8,   9,  22,  23,  24,  25,  26,  27,  28,  31,
     32,  33,  34,  38,  40,  41,  42,  43,  45,  46,  47,  48,  49,  50,  51,  52,
     53,  54,  55,  56,  57,  58,  59,  60,  64,  66,  70,  71,  72,  73,  74,  75,
     76,  77,  78,  79,  80,  81,  82,  83,  84,  85,  86,  87,  89,  90,  91,  92,
     93,  94,  95,  96,  97,  98, 100, 101, 102, 103, 104, 107, 108, 109, 110, 111,
    112, 113, 114, 115, 116, 117, 118, 119, 120, 177, 178, 184, 185, 186,   3,   7,
      8,   9,  10,  18,  19,  22,  40,  41,  49,  51,  59,  60,  76,  77,  78,  82,
     84,  85,  91, 102, 103, 104, 111, 116, 119, 184, 185, 126, 128, 138, 174, 175,
    176,  36, 128, 135, 138, 144, 149, 151, 156, 157, 161, 167, 168, 174, 176, 180,
    183,   7,   8,   9,  10,  18,  19,  23,  60,  64,  66, 112, 122, 123, 124, 125,
    126, 127, 128, 129, 130, 131, 132, 133, 134, 135, 136, 138, 139, 140, 141, 142,
    143, 144, 145, 146, 147, 148, 149, 150, 151, 152, 153, 154, 155, 156, 157, 158,
    159, 160, 161, 162, 163, 165, 166, 167, 168, 169, 170, 171, 172, 173, 174, 175,
    176, 184, 186, 129, 133, 129, 141, 158,   7,   9,  10, 129, 130, 131, 141, 172,
    184,   8,  36,  60, 122, 127, 128, 133, 135, 138, 139, 170, 174, 176,  36, 128,
    135, 138, 174, 176, 180, 183,   8,  36,  60,  64, 122, 123, 127, 128, 134, 135,
    136, 137, 138, 139, 141, 142, 143, 146, 152, 154, 155, 156, 158, 159, 163, 165,
    166, 170, 174, 175, 176, 180, 183, 186,   7,   8,   9,  10,  18,  19,  60,  64,
    123, 124, 125, 126, 129, 130, 131, 133, 134, 136, 141, 142, 143, 144, 145, 146,
    147, 148, 149, 150, 151, 152, 153, 154, 155, 156, 157, 158, 159, 160, 161, 162,
    163, 165, 166, 167, 168, 172, 173, 175, 184, 186,   8,  36,  60, 122, 123, 126,
    127, 128, 134, 135, 136, 138, 139, 141, 142, 143, 144, 146, 147, 148, 149, 150,
    151, 152, 153, 154, 155, 156, 158, 159, 160, 161, 162, 163, 165, 167, 168, 170,
    171, 173, 174, 175, 176, 180, 183,  36, 122, 125, 127, 128, 129, 133, 135, 137,
    138, 139, 145, 147, 148, 150, 155, 156, 157, 158, 159, 160, 162, 170, 173, 174,
    175, 176, 180, 183,  36, 122, 125, 127, 128, 131, 133, 135, 137, 138, 139, 145,
    147, 148, 150, 155, 156, 159, 160, 162, 170, 172, 173, 174, 175, 176, 180, 183,
      7,   8,   9,  10,  18,  19,  23,  60,  64,  66, 112, 122, 123, 124, 125, 126,
    127, 128, 129, 130, 131, 132, 133, 134, 135, 136, 138, 139, 140, 141, 142, 143,
    144, 145, 146, 147, 148, 149, 150, 151, 152, 153, 154, 155, 156, 157, 158, 159,
    160, 161, 162, 163, 165, 166, 167, 168, 169, 170, 171, 172, 173, 174, 175, 176,
    184, 186, 123, 124, 125, 128, 133, 134, 135, 136, 143, 146, 147, 148, 150, 152,
    154, 155, 156, 158, 159, 160, 163, 165, 173, 174, 175, 176,   8,  36,  60,  64,
    122, 123, 127, 128, 134, 135, 136, 137, 138, 139, 141, 142, 143, 146, 152, 154,
    155, 156, 158, 159, 163, 165, 166, 170, 174, 175, 176, 180, 183, 186,   7,   9,
    128, 162, 174, 175, 176, 180, 183, 184,   8,  36,  60,  64, 122, 123, 127, 128,
    134, 135, 136, 137, 138, 139, 141, 142, 143, 146, 152, 154, 155, 156, 158, 159,
    163, 165, 166, 170, 174, 175, 176, 180, 183, 186,   8,  60, 122, 123, 125, 126,
    127, 128, 131, 134, 135, 136, 138, 139, 140, 142, 158, 170, 172, 174, 175, 176,
    180, 183,   7,   9,  10,  36, 122, 125, 126, 127, 128, 129, 130, 131, 133, 135,
    137, 138, 139, 141, 142, 144, 145, 147, 148, 149, 150, 151, 156, 157, 158, 160,
    161, 162, 167, 168, 170, 172, 173, 174, 176, 180, 183, 184,   7,   9,  10, 123,
    125, 126, 129, 130, 131, 133, 134, 136, 141, 142, 144, 145, 146, 147, 148, 149,
    150, 151, 152, 154, 160, 161, 162, 163, 165, 167, 168, 172, 173, 184, 121, 123,
    124, 125, 126, 128, 129, 131, 133, 134, 135, 136, 138, 141, 142, 143, 144, 145,
    146, 147, 148, 149, 150, 151, 152, 154, 155, 156, 158, 159, 160, 161, 162, 163,
    165, 166, 167, 168, 171, 172, 173, 174, 175, 176,   7,   8,   9,  10,  18,  19,
     60,  64, 123, 124, 125, 126, 129, 130, 131, 132, 133, 134, 136, 137, 141, 142,
    143, 144, 145, 146, 147, 148, 149, 150, 151, 152, 153, 154, 155, 156, 157, 158,
    159, 160, 161, 162, 163, 165, 166, 167, 168, 171, 172, 173, 175, 184, 186,   7,
      9,  10,  36, 125, 126, 128, 129, 131, 133, 135, 137, 138, 141, 145, 148, 150,
    160, 162, 172, 174, 176, 180, 183, 184,   8,  60, 122, 123, 127, 128, 132, 134,
    135, 136, 138, 139, 142, 143, 146, 148, 152, 154, 155, 156, 158, 159, 160, 163,
    165, 170, 174, 175, 176, 123, 128, 134, 135, 174, 175, 176,   7,   9,  10,  36,
    122, 125, 126, 127, 128, 129, 130, 131, 133, 135, 137, 138, 139, 141, 142, 144,
    145, 147, 148, 149, 150, 151, 156, 157, 158, 160, 161, 162, 167, 168, 170, 172,
    173, 174, 176, 180, 183, 184,  36, 143, 145, 150, 155, 156, 158, 159, 169, 175,
    180, 183,   7,   9, 142, 145, 150, 156, 157, 162, 175, 184,  36, 155, 156, 158,
    162, 180, 183,   7,   8,   9,  10,  36,  60, 142, 145, 146, 147, 150, 152, 154,
    156, 162, 163, 165, 166, 173, 184,  36, 180, 183,  36, 143, 150, 156,  36, 142,
    143, 146, 152, 154, 155, 156, 158, 159, 163, 165, 171, 180, 183,   7,   9,  36,
    156, 180, 183, 184,  36, 156,   7,   9,  10,  36, 145, 147, 148, 150, 153, 156,
    157, 158, 160, 162, 173, 175, 180, 183, 184,  36, 146, 152, 154, 156, 157, 158,
    163, 165, 180, 183,   7,   9,  10,  36, 145, 147, 150, 156, 162, 173, 180, 183,
    184,   7,   9,  10,  36, 142, 143, 144, 145, 146, 147, 148, 149, 150, 151, 152,
    153, 154, 155, 156, 160, 161, 162, 163, 164, 165, 166, 167, 168, 173, 184,  36,
    143, 146, 147, 150, 152, 154, 163, 165, 173,  36, 146, 152, 154, 163, 165,   8,
     36,  60, 155, 156, 158, 159, 175, 180, 183,  36, 148, 155, 156, 160, 180, 183,
     36, 146, 152, 154, 156, 157, 158, 163, 165, 180, 183,  36,  36, 156, 156,   8,
     36,  60, 122, 127, 128, 133, 135, 138, 139, 170, 174, 176,   8,  36,  60,  64,
    122, 123, 127, 128, 134, 135, 136, 137, 138, 139, 141, 142, 143, 146, 152, 154,
    155, 156, 158, 159, 163, 165, 166, 170, 174, 175, 176, 180, 183, 186,  36, 142,
    143, 146, 152, 154, 155, 156, 158, 159, 163, 165, 171, 180, 183,   7,   8,   9,
     10,  18,  19,  23,  60,  64,  66, 112, 122, 123, 124, 125, 126, 127, 128, 129,
    130, 131, 132, 133, 134, 135, 136, 138, 139, 140, 141, 142, 143, 144, 145, 146,
    147, 148, 149, 150, 151, 152, 153, 154, 155, 156, 157, 158, 159, 160, 161, 162,
    163, 165, 166, 167, 168, 169, 170, 171, 172, 173, 174, 175, 176, 184, 186,   7,
      8,   9,  10,  36,  60, 142, 145, 146, 147, 150, 152, 154, 156, 162, 163, 165,
    166, 173, 184,  36, 142, 143, 146, 152, 154, 155, 156, 158, 159, 163, 165, 171,
    180, 183,   8,  36,  60,  64, 122, 123, 127, 128, 134, 135, 136, 137, 138, 139,
    141, 142, 143, 146, 152, 154, 155, 156, 158, 159, 163, 165, 166, 170, 174, 175,
    176, 180, 183, 186,   7,   8,   9,  10,  18,  19,  60,  64, 123, 124, 125, 126,
    129, 130, 131, 133, 134, 136, 141, 142, 143, 144, 145, 146, 147, 148, 149, 150,
    151, 152, 153, 154, 155, 156, 157, 158, 159, 160, 161, 162, 163, 165, 166, 167,
    168, 172, 173, 175, 184, 186,   7,   9,  10, 146, 150, 152, 154, 163, 165, 184,
     36, 122, 127, 128, 135, 138, 139, 170, 174, 176, 180, 183,   3,   7,   8,   9,
     10,  18,  19,  22,  23,  24,  25,  26,  27,  31,  33,  34,  38,  40,  41,  42,
     43,  47,  48,  49,  50,  51,  52,  53,  54,  55,  56,  57,  58,  59,  60,  64,
     66,  67,  70,  71,  72,  73,  74,  75,  76,  77,  78,  82,  83,  84,  85,  86,
     87,  89,  90,  91,  92,  93,  97, 100, 101, 102, 103, 104, 108, 109, 110, 111,
    112, 114, 115, 116, 119, 120, 177, 178, 184, 185, 186,   7,   8,   9,  10,  38,
     40,  41,  47,  48,  49,  50,  51,  60,  71,  72,  73,  74,  75,  76,  77,  78,
     82,  83,  84,  85,  89,  90,  91,  97, 100, 101, 102, 103, 104, 111, 114, 115,
    116, 119, 120, 184,   3,   7,   8,   9,  22,  23,  24,  25,  26,  27,  28,  31,
     32,  33,  34,  38,  40,  41,  42,  43,  45,  46,  47,  48,  49,  50,  51,  52,
     53,  54,  55,  56,  57,  58,  59,  60,  64,  66,  70,  71,  72,  73,  74,  75,
     76,  77,  78,  79,  80,  81,  82,  83,  84,  85,  86,  87,  89,  90,  91,  92,
     93,  94,  95,  96,  97,  98, 100, 101, 102, 103, 104, 107, 108, 109, 110, 111,
    112, 113, 114, 115, 116, 117, 118, 119, 120, 177, 178, 184, 185, 186,   3,   7,
      8,   9,  10,  18,  19,  22,  23,  24,  25,  26,  27,  28,  38,  40,  41,  42,
     43,  45,  46,  47,  48,  49,  50,  51,  52,  53,  54,  55,  56,  57,  58,  59,
     60,  63,  64,  66,  67,  71,  72,  73,  74,  75,  76,  77,  78,  79,  80,  81,
     82,  83,  84,  85,  86,  87,  89,  90,  91,  92,  93,  94,  95,  96,  97,  98,
    100, 101, 102, 103, 104, 108, 109, 110, 111, 112, 113, 114, 115, 116, 117, 118,
    119, 120, 178, 184, 185, 186,   7,   9,  14,  23,  24,  25,  26,  27,  38,  40,
     41,  42,  43,  44,  47,  48,  49,  50,  51,  52,  65,  66,  67,  71,  72,  73,
     74,  75,  76,  77,  78,  81,  82,  83,  84,  85,  88,  89,  90,  91,  92,  93,
     97,  99, 100, 101, 102, 103, 104, 111, 112, 114, 115, 116, 117, 119, 120, 123,
    124, 125, 126, 129, 130, 131, 133, 134, 136, 141, 142, 143, 144, 145, 146, 147,
    148, 149, 150, 151, 152, 154, 155, 160, 161, 162, 163, 165, 166, 167, 168, 172,
    173, 184, 188,   7,   9,  14,  15,  16,  23,  24,  25,  27,  28,  35,  38,  40,
     41,  42,  43,  44,  47,  48,  49,  50,  51,  52,  53,  54,  55,  56,  57,  65,
     66,  67,  71,  72,  73,  74,  75,  76,  77,  78,  82,  83,  84,  85,  86,  87,
     88,  89,  90,  91,  92,  93,  97,  99, 100, 101, 102, 103, 104, 108, 111, 112,
    114, 115, 116, 119, 120, 178, 184,  17,  21,  24,  27,  29,  30,  31,  32,  34,
     39,  40,  41,  49,  52,  53,  54,  55,  57,  69,  70,  76,  77,  78,  82,  84,
     85,  86,  87,  91, 105, 106, 107, 108, 111, 116, 119, 177, 178,   1,   5,   8,
     21,  36,  60, 179, 180, 182, 183,  12,  17,  46,  47,  48,  50,  52,  53,  54,
     55,  57,  83,  86,  87,  97,  98, 100, 101, 108, 120, 178,
};

static const int8_t literatamono_18_regularKernSparseValues[] = {
     -61,  -61,  -55,  -12,  -55,  -12,  -12,   -6,  -18,  -18,  -24,  -24,  -18,  -18,  -24,  -55,
     -55,   -6,   -6,   -6,   -6,   -6,  -18,  -18,  -18,  -18,  -18,  -18,   -6,   -6,  -18,  -24,
     -24,  -18,  -18,  -18,  -18,  -55,   -6,   -6,  -18,  -18,  -61,  -55,  -12,  -18,  -12,  -49,
     -43,  -55,   -6,  -12,  -55,   -6,  -18,  -18,  -43,  -55,  -61,  -61,  -24,  -24,  -24,  -61,
     -61,  -24,  -24,  -24,  -24,  -24,  -24,  -24,  -24,  -61,  -24,  -24,  -61,  -61,  -24,  -36,
     -18,  -18,  -18,  -61,  -18,  -61,  -49,  -61,   -6,   -6,   -6,  -24,  -24,  -55,  -49,  -55,
     -49,  -18,  -61,   -6,   -6,   -6,   -6,   -6,   -6,  -24,  -55,   -6,  -61,  -61,  -49,  -49,
      -6,   -6,   -6,  -26,  -21,  -26,  -47,  -21,  -47,  -24,  -50,  -52,  -18,  -12,  -12,  -12,
     -12,  -30,  -34,  -39,  -29,  -12,  -12,  -12,  -26, -117,  -39, -117,  -61,  -55,  -61,  -61,
     -61,  -61,  -61,  -24,  -36,  -36,  -18,  -12,  -18,  -43,  -30,  -24,  -30,  -49,  -24,  -12,
      -6,  -12,  -18,  -18,  -49,  -12,  -43,  -43,  -24,   -6,  -18,  -12,  -12,  -61,  -18,  -18,
     -12,  -30,  -18,  -24,  -12,  -12,  -12,  -18,  -18,  -49,  -12,  -18,  -61,  -61, -122,  -12,
     -61,  -55,  -61,  -24,  -36,  -24,  -19,  -49,  -43,  -43,  -48,   -6,  -43,  -43,  -18,  -12,
     -24,  -24,  -12,  -24,  -24,  -61,  -61,  -49,  -49,  -49,  -49,  -49,  -43,  -43,  -43,   -6,
      -6,   -6,  -43,  -43,  -43,  -12,  -24,  -49,  -49,  -43,  -48,  -48,   -6,   -6,   -6,  -43,
     -43,  -43,  -24,  -24,  -24,  -43,  -61,   -6,  -49,  -49,  -43,   -6,   -6,  -43,  -21,  -16,
     -60,  -36,  -68,  -16,  -55,  -24,  -21,  -18,  -36,  -44,  -26,  -36,  -44,  -57,  -31,  -31,
     -36,  -47,  -36,  -57,  -29,  -57,  -36,  -23,  -21,  -21,  -31,  -31,  -36,  -44,  -36,  -57,
     -41,  -36,  -36,  -55,  -49,  -24,  -61,  -61,   -6,   -9,  -18,  -36,  -24,  -18,  -12,  -24,
     -24,  -24,  -24,   -6,  -12,  -18,  -18,   -3,   -3,  -18,  -12,  -12,  -12,  -24,  -21,  -12,
     -24,  -18,  -24,  -18,   -6,   -3,   -9,  -61,  -36,  -61,  -61,   -6,  -43,  -15,  -12,  -12,
     -36,  -36,  -49,  -61,  -36,   -9,   -6,   -6,   -6,  -12,   -6,  -24,  -24,  -24,  -24,  -30,
     -24,  -49,  -30,  -49,  -18,  -43,   -6,  -18,   -7,  -18,  -24,  -49,   -6,  -18,  -30,  -30,
     -30,   -7,  -49,  -18,  -55,  -61,  -19,  -36,  -12,  -12,  -61,  -40,  -67,  -55,  -67,  -61,
     -12,   -3,   -3,  -12,  -12,   -3,  -24,  -27,  -24,  -55,  -43,  -55,  -15,  -19,  -24,  -40,
     -67,   -3,   -3,   -3,   -3,  -12,   -3,   -3,  -24,  -55,   -3,  -12,  -12,  -12,  -61,  -61,
     -55,  -43,   -3,   -3,   -3,  -12,  -67,  -55,  -67,  -61,  -67,  -61,  -15,   -9,   -6,  -12,
      -6,  -18,  -12,  -21,   -6,  -12,  -12,  -12,  -12,   -9,   -6,  -21,  -12,  -12,  -12,  -12,
     -12,   -9,  -21,  -12,  -12,   -6,   -6,   -6,  -15,  -12,   -9,  -12,   -6,   -6,   -6,   -3,
      -6,   -6,   -6,   -9,   -9,   -6,   -9,  -12,  -18,  -12,   -6,   -6,   -6,   -6,   -6,   -9,
      -9,   -6,   -6,   -6,   -6,   -6,   -6,   -6,  -15,  -15,   -9,   -6,  -12,   -6,   -6,  -12,
      -9,  -12,  -18,  -18,   -6,  -49,  -16,  -27,  -30,  -21,  -12,  -16,  -30,  -12,  -24,   -6,
      -6,   -3,   -6,  -49,  -49,  -30,   -6,  -30,  -30,  -12,  -49,  -30,   -6,   -6,  -24,   -6,
     -24,  -18,  -18,  -12,   -6,  -12,   -6,   -3,   -9,   -6,  -15,   -9,  -15,  -12,  -12,   -6,
     -15,   -3,   -3,  -18,  -18,   -9,  -12,  -15,   -6,  -18,   -6,  -18,  -18,  -55,  -24,  -55,
     -49,  -31,  -55,   -6,  -64,   -6,   -6,   -9,   -3,   -6,  -24,  -24,  -24,  -30,  -12,   -3,
      -6,  -12,  -12,  -24,  -12,  -24,   -6,  -12,   -6,   -3,   -3,   -6,  -12,  -24,  -24,  -55,
     -67,   -3,  -24,  -24,  -24,  -24,  -24,  -24,  -24,  -24,   -3,    6,    6,  -24,  -12,  -24,
     -24,  -12,   -6,  -12,  -24,  -24,  -24,  -30,  -30,   -3,   -3,   -3,  -12,    6,  -12,  -12,
     -12,  -24,  -24,  -24,   -3,  -12,  -12,  -24,  -55,   -3,  -24,  -24,  -24,   -3,   -3,  -24,
     -12,   -6,  -55,  -24,  -12,  -12,  -12,   -9,  -24,  -24,  -15,   -3,  -24,   -6,   -9,   -9,
     -36,  -24,   -9,  -24,  -24,  -15,  -24,   -9,   -6,   -6,   -6,   -6,   -3,   -6,  -12,  -12,
     -24,  -12,  -24,   -6,   -6,   -6,   -6,   -6,   -6,  -12,  -24,   -6,   -3,  -12,   -6,   -6,
      -6,  -24,  -12,  -36,  -36,  -25,  -43,  -36,  -12,  -24,  -24,  -24,  -15,  -21,   -3,  -15,
     -15,  -24,  -15,  -24,  -13,  -18,  -15,   -9,  -18,  -15,  -15,  -12,  -12,  -43,  -43,  -24,
     -24,  -24,  -24,  -24,  -24,  -24,  -24,   -3,   -3,   -3,  -24,  -15,  -24,  -24,  -18,  -15,
     -24,  -24,  -24,  -21,  -21,   -3,   -3,   -3,  -15,  -15,  -15,  -24,  -24,  -24,   -9,  -15,
     -15,  -24,  -43,   -3,  -24,  -24,  -24,   -3,   -3,  -24,  -15,  -15,  -36,  -12,  -36,  -18,
     -24,  -24,  -15,  -15,  -12,   -6,  -12,   -9,   -6,  -12,  -12,  -12,   -6,  -24,  -27,  -55,
     -43,  -55,  -12,  -36,  -36,  -15,  -12,   -9,   -9,   -9,   -9,   -9,  -12,  -12,  -12,   18,
      18,  -12,  -12,  -12,  -27,  -55,   -9,   -9,  -12,   18,  -15,  -15,   -6,  -43,  -12,   -9,
      -9,  -12,  -12,  -12,  -55,  -18,  -12,  -18,  -12,  -12,  -91,  -61,  -30,   -9,   -6,  -21,
      -9,   -6,  -73,  -30,  -61,  -55,  -67,  -12,  -55,   -9,  -12,   -3,  -18,  -12,  -40,  -30,
     -40,  -12,  -30,  -73,  -12,  -40,  -24,  -12,  -73,  -94,  -61,  -30,  -67,  -40,  -97,  -91,
     -97,  -91,  -12,  -18,  -12,  -18,  -30,  -16,  -36,  -30,  -18,   -3,  -33,  -12,  -24,  -24,
     -15,   -9,  -15,   -6,  -18,  -15,  -15,  -24,  -15,  -27,  -55,  -61,  -91,  -58,  -91,   -6,
     -19,  -18,  -33,  -33,  -33,  -33,  -33,  -24,  -24,  -24,   -6,   -6,   -6,  -24,  -15,  -24,
     -24,  -52,  -91,  -21,  -33,  -33,  -24,   -9,   -9,   -6,   -6,   -6,  -15,  -18,  -15,  -15,
     -15,  -27,  -27,  -27,  -30,  -30,  -30,  -58,   -6,   -6,  -24,   -6,  -33,  -33,  -24,   -6,
      -6,  -24,  -15,  -18,  -91,  -24,  -24,  -12,  -12,  -12,  -13,  -12,  -19,  -30,   -6,  -24,
      -9,   -6,   -3,  -30,  -30,  -30,  -24,  -27,   -6,  -18,   -6,  -15,  -15,  -30,  -15,  -21,
     -12,  -24,  -33,  -30,  -21,  -33,  -18,  -30,  -24,  -30,  -30,  -30,  -30,  -30,  -30,  -30,
     -30,  -18,  -20,  -12,  -30,  -15,  -30,  -30,  -24,  -33,   -6,  -30,  -30,  -30,  -27,  -27,
     -18,  -18,  -18,  -15,   -6,   -6,  -15,  -15,  -21,  -21,  -21,  -30,  -18,  -18,  -30,  -30,
     -18,  -30,  -30,  -30,  -18,  -18,  -30,  -15,  -33,  -12,  -12,   55,  -18,  -43,   -6,  -12,
     -49,  -16,  -24,  -30,  -18,  -12,  -16,  -30,   -9,  -24,   36,   -6,   -6,   -6,  -49,  -55,
     -30,   -6,   -6,   -6,  -12,  -30,  -12,  -18,  -30,   -6,   -6,  -24,   27,   -6,  -24,  -18,
     -43,  -43,  -19,  -36,  -55,   -3,  -36,  -85,   -3,  -36,   -3,  -43,  -12,  109,    9,    9,
      73,  -12,  -49,  -16,  -24,  -30,  -18,  -12,  -16,  -30,   -9,  -24,   36,   -6,   -6,   -6,
     -49,  -55,  -30,   -6,    6,   -6,  -12,  -30,  -12,  -18,  -30,   -6,   -6,  -24,   27,   -6,
     -24,    9,  -24,  -37,  -30,  -18,  -21,  -21,   -6,  -49,  -36,  -55,  -43,  -58,  -55,   -9,
     -24,  -18,  -18,   -6,  -18,   -6,   -6,  -18,  -21,   -6,  -30,  -27,  -46,  -36,  -46,   -2,
     -12,  -30,  -36,  -36,  -58,   -9,   -9,   -9,   -9,   -9,  -18,  -18,  -18,  -18,   -6,  -18,
     -18,  -27,  -46,   -6,   -9,   -9,  -18,   -6,  -18,   -6,   -6,   -6,   -6,   -6,   -6,  -49,
     -49,  -43,  -36,   -2,   -2,  -18,   -9,   -9,  -18,  -18,   -6,  -58,  -46,  -36,  -36,  -36,
     -36,  -12,  -12,   -3,  -12,  -12,   -6,   -9,   -6,   -3,   -6,   -6,   -6,  -12,   -6,   -3,
     -12,  -12,  -12,   -9,   -6,   -6,   -6,   -6,   -6,   -6,  -12,   -6,   -6,  -12,  -12,   -6,
     -12,   -6,   -6,   -9,  -12,  -30,  -61,  -43,  -61,  -49,  -12,  -12,  -36,  -61,   -6,  -61,
     -21,   -6,  -12,   -6,  -43,  -43,  -43,  -12,  -43,   -6,   -6,  -15,  -15,  -43,  -15,  -30,
     -12,  -12,   -6,   -6,  -12,  -30,  -43,  -24,  -61,  -61,  -43,  -43,  -43,  -70,  -43,  -43,
     -43,  -43,   -6,    6,   12,  -43,  -15,  -43,  -43,  -12,   -6,   -6,  -43,  -43,  -43,  -43,
     -43,   -6,   -6,   -6,  -15,    6,   -6,  -15,  -15,  -30,  -30,  -30,  -12,  -12,  -43,  -61,
      -6,  -43,  -43,  -43,   -6,   -6,  -43,  -15,   -6,  -61,  -30,  -12,  -24,  -24,  -30,  -18,
     -46,  -36,  -18,   -6,   -6,  -24,  -24,  -24,  -24,  -21,   -6,   -6,  -12,  -12,  -24,  -12,
     -24,  -24,  -18,  -30,  -24,  -18,  -30,  -18,  -46,  -46,  -24,  -24,  -24,  -24,  -24,  -24,
     -24,  -24,   -6,   -6,   -6,  -24,  -12,  -24,  -24,  -18,  -30,  -24,  -24,  -24,  -21,  -21,
      -6,   -6,   -6,  -12,   -6,  -12,  -12,  -24,  -24,  -24,  -24,  -18,  -18,  -24,  -46,   -6,
     -24,  -24,  -24,   -6,   -6,  -24,  -12,  -30,  -24,  -30,  -61,  -30,  -61,  -55,  -18,  -18,
     -55,  -76,  -18,  -67,  -28,  -18,  -18,   -6,  -97,  -61,  -61,  -36,  -49,   -9,   -6,  -49,
     -49,  -61,  -49,  -58,  -30,  -49,  -33,  -33,  -36,  -33,  -43,  -30,  -30,  -27,  -18,  -76,
    -128,  -97,  -85,  -91,  -85,  -97,  -61,  -61,  -82,   -9,   22,   15,  -61,  -49,  -61,  -91,
     -49,  -33,  -97,  -81, -103,  -49,  -86,    9,   33,    3,  -49,  -49,  -49,  -58,  -58,  -85,
     -33,  -43,  -73,  -61,  -76,  -12,  -97,  -97,  -97,   -3, -106,  -85,  -33,  -61,  -30,  -18,
     -24,  -49,  -24,  -49,  -43,   -6,   -6,  -43,  -67,  -12,  -61,  -21,  -12,  -12,  -43,  -55,
     -55,  -30,  -49,  -12,  -30,  -30,  -55,  -30,  -44,  -24,  -24,  -24,  -18,  -18,  -24,  -30,
     -24,  -24,  -12,   -6,  -67,  -67,  -43,  -67,  -55,  -43,  -43,  -55,  -97,  -79,  -21,  -18,
      12,  -55,  -30,  -55,  -91,  -24,  -24,  -43,  -61,  -55,  -49,  -49,    6,    3,   -3,  -30,
       6,  -30,  -30,  -44,  -44,  -44,  -18,  -30,  -30,  -55,  -67,  -18,  -43,  -43,  -55,  -12,
      -9,  -55,  -30,  -24,  -49,  -24,   -6,  -30,  -16,  -16,   -9,   -6,   -6,   -6,  -18,  -18,
     -43,  -33,  -43,  -12,  -30,  -24,   -6,   -6,   -6,   -6,   -6,   -6,  -18,  -43,   -6,   -9,
      -9,  -33,   -6,   -6,   -6,  -43,  -12,  -30,  -61,  -49,  -61,  -61,  -24,  -24,  -55,  -67,
     -30,  -67,  -18,  -30,  -24,  -61,  -58,  -58,  -36,  -61,  -12,   -6,  -43,  -43,  -58,  -43,
     -49,  -24,  -49,  -43,  -30,  -36,  -43,  -49,  -43,  -49,  -36,  -18,  -67,  -67,  -61,  -91,
     -91,  -85,  -61,  -58, -109,  -90,  -12,   18,  -58,  -43, -103,  -97,  -49,  -43,  -91,  -97,
     -58,  -61,  -61,    6,   -6,  -43,   12,  -43,  -43,  -49,  -79,  -85,  -30,  -49,  -49,  -58,
     -67,  -12,  -61,  -94,  -91,   30,   -6,  -58,  -43,  -43,  -61,  -43,  -18,   -6,   -6,   -6,
     -12,   -4,  -12,   -6,  -24,  -24,  -24,   -4,   -6,  -24,  -12,  -12,  -24,  -24,    9,   12,
      12,   12,    9,    9,   12,  -24,  -18,  -18,  -55,  -36,  -55,  -43,  -55, -122,  -18,  -24,
     -13,  -24,  -36,  -55,  -18,  -24,  -55,  -55,  -43,  -13,  -34,  -13,  -34,  -36,  -13,  -44,
     -21,  -44,  -29,  -16,  -18,  -26,  -16,  -34,  -36,  -21,  -36,  -55,  -24,  -24,  -43,  -18,
     -44,  -49,  -18,   -4,   -7,   -9,   -6,   -6,   -4,  -12,  -12,  -18,  -15,  -46,  -39,  -55,
      -4,   -4,   -4,   -4,   -6,   -4,   -4,  -15,  -55,   -4,   -6,   -9,   -6,   -6,  -12,  -12,
     -12,  -44,  -44,  -44,   -4,   -4,   -4,   -6,  -55,  -46,  -24,  -46,  -24,  -18,  -24,   -6,
      -6,  -15,  -30,  -37,  -18,   -9,   -6,   -6,  -12,   -9,   -9,   -3,  -21,   -6,   -9,  -21,
      -3,   -6,   -3,  -21,   -9,   -6,   -9,   -6,   -6,   -9,   -9,   -9,  -30,  -30,   -6,   -3,
      -3,   -6,  -12,  -24,  -18,  -24,  -18,   -6,  -24,   -3,   -3,   -4,   -3,   -3,   -3,   -3,
      -3,   -3,   -3,   -4,   -3,   -4,   -3,   -3,   -3,   -6,   -6,  -12,   -6,   -6,  -18,   -3,
      -3,   -6,   -6,   -6,   -9,  -20,   -9,  -20,   -6,   -6,   -6,   -6,   -3,   -6,   -6,   -9,
     -20,   -6,   -3,  -18,   -3,   -3,   -9,   -6,   -6,   -6,   -3,  -20,  -29,  -29,  -18,  -24,
      -6,   -6,  -15,  -30,  -37,  -18,   -9,   -6,   -6,  -12,   -9,   -9,   -3,  -21,   -6,   -1,
     -21,   -3,   -6,   -3,  -21,   -9,   -6,   -9,   -6,   -6,   -9,   -9,   -9,  -30,  -30,   -6,
      -3,   -3,   -6,  -21,  -24,  -18,  -24,  -18,   -6,   24,   85,   88,   55,   18,   55,   36,
     -12,  -12,  -12,  -12,  -12,  -12,  -12,  -12,  -12,    8,  -12,  -12,  -12,  -12,  -12,  -12,
      -7,  -12,  -12,  -12,  -12,  -12,  -12,  -12,  -12,  -12,  -12,  -12,   55,   85,   73,   85,
     -12,  -18,   -6,   -9,  -12,  -12,   -6,  -12,  -12,   -6,   -6,   -6,   -6,   -6,  -12,  -12,
     -12,  -12,  -12,  -12,   -6,   -6,   -6,  -12,   -6,  -12,  -12,  -12,  -12,   -6,   -6,  -12,
     -12,  -24,  -43,  -18,  -44,  -49,  -18,   -4,   -4,   -9,   -6,   -6,   -4,  -12,   -6,  -18,
     -15,  -46,  -39,  -55,   -4,   -4,   -4,   -4,   -6,   -4,   -4,  -15,  -55,   -4,   -6,   -9,
      -6,   -6,   -6,   -6,   -6,  -44,  -44,  -44,   -4,   -4,   -4,   -6,  -21,  -46,  -24,  -46,
     -24,  -18,  -24,  -12,  -36,  -18,  -24,  -24,  -36,  -24,  -12,  -18,  -18,  -13,  -18,  -18,
     -36,  -18,  -36,  -36,  -24,  -13,  -36,  -18,  -30,  -30,  -43,  -30,  -12,   -9,   -3,  -12,
     -12,   -6,  -12,   -6,  -12,   -9,   -9,   -9,   -9,   -9,   -6,  -12,  -12,   -9,   -9,  -12,
      -6,   -9,   -9,  -12,  -12,  -12,   -6,   -6,  -12,  -18,   -6,   -6,   -3,   -3,   -6,   -3,
      -3,   -6,   -3,   -9,   -3,  -12,  -12,   -6,   -6,   -6,   -6,   -3,   -6,   -6,   -6,   -3,
      -6,   -3,   -3,   -3,   -9,   -6,   -6,   -6,   -3,   -3,  -18,  -49,  -18,  -49,  -12,  -18,
     -24,   -6,   -6,  -15,  -30,  -37,  -18,   -9,   -6,   -6,  -12,   -9,   -9,   -3,  -21,   -6,
     -12,  -21,   -3,   -6,   -3,  -21,   -9,   -6,   -9,   -6,   -6,   -9,   -9,   -9,  -30,  -30,
      -6,   -3,   -3,   -6,  -12,  -24,  -18,  -24,  -18,   -6,  -49,  -13,   -7,  -25,  -12,  -18,
     -12,  -12,   -9,  -12,  -12,  -18,  -18,  -24,  -15,  -24,  -12,  -12,  -12,  -12,  -12,  -12,
     -12,  -12,  -12,  -12,  -12,  -18,  -24,   -9,  -12,  -12,  -12,   -9,  -12,  -12,  -12,  -15,
     -12,  -12,  -12,  -12,  -12,  -24,  -24,  -24,  -30,  -30,  -18,   -7,  -24,  -12,   -6,   -6,
     -12,   -6,   -6,   -6,   -6,   -6,   -6,   -6,  -12,   -6,  -12,   -6,   -6,   -6,  -30,  -18,
     -12,   -6,   -3,   -6,   -6,   -3,   -3,   -6,   -3,   -3,   -6,  -12,   -6,  -12,   -6,  -12,
      -6,   -3,   -3,  -13,  -13,   -3,  -13,  -13,   -6,   -3,  -13,   -7,   -3,   -1,  -18,   12,
      -6,   -6,   -6,   -6,   -6,   -3,   -3,   -3,   -3,  -13,   -3,   -3,   -6,   -3,   -6,   -6,
      -3,  -13,  -13,  -13,  -13,  -13,  -13,  -13,   -1,   -1,   -3,   -6,   -6,   -3,   -3,  -13,
      -3,   -6,   -6,  -18,   12,  -18,  -55,  -12,  -55,  -24,  -21,  -12,   -9,  -12,  -15,  -27,
     -12,  -18,  -15,  -15,  -12,  -12,   -9,   -9,   -9,   -9,   -9,  -15,  -15,  -15,  -15,  -15,
     -15,  -18,   -9,   -9,  -15,  -12,  -12,  -18,  -15,  -15,  -15,  -15,   -9,   -9,  -15,  -15,
     -55,  -12,  -12,  -49,   -6,  -49,  -12,  -18,  -12,   -6,   -9,   -9,   -6,  -12,   -9,   -3,
      -6,   -6,   -6,   -6,   -6,   -6,   -6,   -9,   -9,   -9,   -9,   -9,   -9,  -12,   -6,   -6,
      -9,   -6,   -6,  -12,   -3,   -3,   -3,   -9,   -6,   -6,   -9,   -9,  -49,   -6,  -24,   -6,
      -9,   -9,   -9,   -6,  -18,   -9,   -9,   -9,   -9,   -9,   -9,   -9,   -9,   -9,   -9,  -18,
      -3,    4,   -6,   -6,  -24,  -12,  -27,  -18,  -36,  -12,  -36,  -24,  -24,  -18,  -36,  -12,
     -12,  -18,   -6,  -18,  -18,   -6,   -6,  -12,  -12,  -43,  -12,  -12,  -24,  -18,  -24,  -12,
     -43,  -43,  -18,  -24,  -12,  -12,  -12,  -24,  -12,  -27,  -38,  -27,  -38,  -12,  -24,  -18,
     -24,  -27,  -12,  -24,  -36,  -24,  -24,  -36,  -24,  -24,  -12,  -24,  -36,  -36,  -36,  -15,
     -30,  -30,  -18,  -12,  -36,   -6,  -12,   -6,  -18,  -12,  -15,  -36,  -12,  -30,  -30,  -18,
      -6,  -15,  -36,  -12,  -36,  -12,  -12,  -36,  -27,  -49,  -24,  -49,  -12,  -15,  -15,  -15,
     -24,  -24,  -36,  -36,  -36,  -27,  -49,  -15,  -15,  -15,  -15,  -15,  -15,  -24,  -36,  -15,
     -36,  -36,  -24,  -36,  -15,  -15,  -15,  -49,  -36,  -49,  -49,  -12,   55,  -18,  -43,   -6,
     -12,  -49,  -16,  -24,  -30,  -18,  -12,  -16,  -30,   -9,  -24,   36,   -6,   -6,   -6,  -49,
     -49,  -30,   -6,   -6,   -6,  -30,  -30,  -12,  -49,  -30,   -6,   -6,  -24,   27,   -6,  -24,
     -18,  -18,  -36,  -46,  -18,  -24,  -30,  -12,  -24,  -24,  -30,  -18,  -46,  -36,  -24,   -6,
      -6,  -24,  -24,  -24,  -24,  -21,   -6,   -6,  -12,  -12,  -24,  -12,  -24,  -24,  -18,  -30,
     -24,  -18,  -30,  -18,  -46,  -46,  -24,  -24,  -24,  -24,  -24,  -24,  -24,  -24,   -6,   -6,
      -6,  -24,  -12,  -24,  -24,  -18,  -30,  -24,  -24,  -24,  -21,  -21,   -6,   -6,   -6,  -12,
      -6,  -12,  -12,  -24,  -24,  -24,  -24,  -18,  -18,  -24,  -46,   -6,  -24,  -24,  -24,   -6,
      -6,  -24,  -12,  -30,  -24,  -30,  -61,  -49,  -61,  -61,  -24,  -24,  -55,  -67,  -30,  -67,
     -18,  -30,  -24,  -61,  -58,  -58,  -36,  -61,  -12,   -6,  -43,  -43,  -58,  -43,  -49,  -24,
     -49,  -43,  -30,  -36,  -43,  -49,  -43,  -49,  -36,  -18,  -67,  -67,  -61,  -91,  -91,  -73,
     -61,  -58, -109,  -90,  -12,    6,   24,  -58,  -43, -103,  -97,  -49,  -43,  -91,  -97,  -58,
     -61,  -61,    6,   12,   -6,  -43,   12,  -43,  -43,  -49,  -79,  -85,  -30,  -49,  -49,  -58,
     -67,  -12,  -61,  -94,  -91,   30,   -6,  -58,  -43,  -43,  -61,  -43,  -18,  -36,   43,  -24,
      43,  -12,  -43,  -12,    3,    3,  -36,  -36,  -49,    3,    3,  -36,  -49,  -24,  -24,  -12,
     -12,   -6,  -36,  -18,   -6,  -36,   -6,  -36,  -12,  -18,  -36,  -24,  -43,  -18,  -44,  -49,
     -18,   -4,   -4,   -9,   -6,   -6,   -4,  -12,   -6,  -18,  -15,  -49,  -44,  -55,   -4,   -4,
      -4,   -4,   -6,   -4,   -4,  -15,  -55,   -4,   -6,   -9,   -6,   -6,   -6,   -6,   -6,  -44,
     -44,  -44,   -4,   -4,   -4,   -6,  -55,  -46,  -24,  -46,  -24,  -24,  -43,  -18,  -44,  -49,
     -18,   -4,   -4,   -9,   -6,   -6,   -4,  -12,   -6,  -18,  -15,  -46,  -44,  -55,   -4,   -4,
      -4,   -4,   -6,   -4,   -4,  -15,  -55,   -4,   -6,   -9,   -6,   -6,   -6,   -6,   -6,  -44,
     -44,  -44,   -4,   -4,   -4,   -6,  -55,  -46,  -24,  -46,  -24,  -18,  -24,   -6,   -6,  -15,
     -30,  -37,  -18,   -9,   -6,   -6,  -12,   -9,   -9,   -3,  -21,   -6,   -3,  -21,   -3,   -6,
      -3,  -21,   -9,   -6,   -9,   -6,   -6,   -9,   -9,   -9,  -30,  -30,   -6,   -3,   -3,   -6,
     -12,  -24,  -18,  -24,  -18,   -6,  -18,  -24,  -12,  -36,  -18,  -24,  -24,  -36,  -24,  -12,
     -18,  -18,  -13,  -18,  -18,  -36,  -18,  -36,  -36,  -24,  -13,  -36,  -18,  -43,  -30,  -43,
     -30,  -12,  -18,  -18,   -6,  -18,  -16,  -27,  -30,  -21,  -12,  -10,  -30,  -12,  -24,   -6,
      -6,   -3,   -6,  -49,  -55,  -30,   -6,  -30,  -30,  -12,  -18,  -30,   -6,   -6,  -24,   -6,
     -24,  -18,  -39, -120,  -88,  -88,  -49,  -88,  -88,  -39,  -12,  -49,  -49,  -49,  -49,  -18,
     -52,  -91,  -49,  -91,  -49,  -36,  -88,  -95,  -48,  -39,  -95,  -43,  -88, -120,  -39,  -88,
    -102, -102,  -49, -102,  -49,  -49,  -49,  -49,  -49, -111,  -49,  -49,  -96,  -94,  -49, -102,
     -49,  -49,  -49,  -52,  -18, -111,  -52,  -49,  -49,  -49,  -81,  -43,  -43, -120, -102,  -49,
     -49,  -49,  -52,  -94,  -36,  -49,  -36,  -33,  -49,  -88,  -75, -128,  -61,  -30,   -9,   -6,
     -21,   -9,   -6,  -94,  -30,  -66,  -61,  -73,  -12,  -55,   -9,  -12,   -3,  -18,  -12,  -40,
     -30,  -40,  -12,  -30,  -73,  -12,  -40,  -24,  -12,  -94,  -94,  -61,  -30,  -73,  -40, -122,
    -109, -122, -109,  -34, -112,  -83,  -83,  -49,  -83,  -83,  -34,  -12,  -83,  -83,  -83,  -83,
     -18,  -86,  -86,  -83,  -86,  -49,  -36,  -89,  -94,  -40,  -22,  -85,  -43,  -49, -112,  -34,
     -71, -106, -106, -106, -106, -106, -112, -112, -112, -112, -103, -112, -112,  -94,  -95, -106,
    -106, -112, -112, -112, -103,  -18, -103, -103, -112, -112, -112,  -82,  -82,  -82, -112, -106,
    -106, -112, -112, -103,  -95,  -36,  -44,  -36,  -32, -112,  -83,  -64,  -12,  -12,  -12,  -18,
      -3,   -3,  -10,   -6,   -6,   -9,  -20,   -9,  -20,  -12,  -12,  -12,  -12,   -3,  -12,  -12,
      -9,  -20,  -12,   -3,  -18,   -3,   -3,   -9,  -12,  -12,  -12,   -3,  -20,  -29,  -29,  -30,
     -61,  -43,  -61,  -49,  -12,  -12,  -36,  -61,   -6,  -61,  -21,   -6,  -12,   -6,  -43,  -43,
     -43,  -12,  -43,   -6,   -6,  -15,  -15,  -43,  -15,  -30,  -12,  -12,   -6,   -6,  -12,  -30,
     -43,  -24,  -61,  -61,  -43,  -43,  -43,  -70,  -43,  -43,  -43,  -43,   -6,    6,    3,  -43,
     -15,  -43,  -43,  -12,   -6,   -6,  -43,  -43,  -43,  -43,  -43,   -6,   -6,   -6,  -15,    6,
      -6,  -15,  -15,  -30,  -30,  -30,  -12,  -12,  -43,  -61,   -6,  -43,  -43,  -43,   -6,   -6,
     -43,  -15,   -6,  -61,  -30,  -13,  -13,  -13,  -13,  -13,  -13,  -13,  -12,   -6,   -3,   -3,
     -13,  -13,   -3,  -13,  -13,   -6,   -3,  -13,   -7,   -3,   -1,  -31,  -13,  -13,   -1,   -6,
      -6,   -6,   -6,   -6,   -3,   -3,   -3,  -19,  -13,   -3,   -3,   -6,   -3,   -6,   -6,   -3,
     -13,  -26,  -26,  -13,  -13,  -13,  -26,   -1,   -1,  -19,  -19,   -6,   -3,   -3,  -13,   -3,
     -13,  -13,  -13,  -31,   -1,  -24,  -49,  -24,  -49,  -43,   -6,   -6,  -43,  -67,  -12,  -61,
     -18,  -12,  -12,  -43,  -55,  -55,  -30,  -49,  -12,  -30,  -30,  -55,  -30,  -44,  -24,  -24,
     -24,  -18,  -18,  -24,  -30,  -24,  -24,  -12,   -6,  -67,  -67,  -43,  -67,  -55,  -43,  -43,
     -55,  -97,  -79,  -21,   12,   36,  -55,  -30,  -55,  -91,  -24,  -24,  -43,  -61,  -55,  -49,
     -49,   25,    6,   -3,  -30,   24,  -30,  -30,  -44,  -44,  -44,  -18,  -30,  -30,  -55,  -67,
     -18,  -43,  -43,  -55,  -12,   -9,  -55,  -30,  -24,  -49,  -24,   -6,  -12,  -70,  -24,  -70,
     -43,  -24,  -24,  -24,  -52,  -24,  -49,  -24,  -24,    6,   12,    6,  -24,  -36,  -36,  -18,
     -33,  -21,  -21,  -36,  -21,  -33,  -18,  -18,  -18,  -12,  -12,  -18,  -24,  -40,  -24,  -18,
     -52,  -73,    6,  -24,  -24,  -24,  -24,  -24,  -36,  -36,  -36,  -36,  -21,  -36,  -36,  -18,
     -18,  -24,  -24,  -36,  -33,  -33,  -21,  -21,  -21,  -33,  -33,  -33,  -12,  -24,  -24,  -36,
     -52,  -24,  -24,  -36,  -36,  -21,    6,  -18,  -70,  -40,  -18,  -40,  -15,  -40,  -24,   -9,
     -12,  -12,   -6,   -6,  -12,  -12,   -9,  -15,   -9,   -9,   -9,   -9,   -9,  -12,  -12,  -12,
     -12,   -6,  -12,  -12,   -9,   -9,  -12,   -6,   -6,   -6,   -9,   -9,   -9,  -12,   -9,   -9,
     -12,  -12,   -6,  -40,  -24,  -85,  -40,  -85,  -36,  -76,  -12,  -61,  -24,  -12,   -6,   12,
      12,   12,   12,  -55,  -61,  -61,  -27,  -61,   -9,   -3,  -43,  -43,  -61,  -43,  -55,  -24,
     -30,  -27,  -18,  -24,  -27,  -36,  -67,  -40,  -24,  -76,   12,  -55,  -55,  -55,  -55,  -55,
     -61,  -61,  -61,   -9,   -9,   -9,  -61,  -43,  -61,  -61,  -30,  -27,  -55,  -55,  -61,  -61,
     -61,   -9,   -9,   -9,  -43,   -3,  -43,  -43,  -55,  -55,  -55,   12,  -18,  -36,  -36,  -61,
     -76,   -9,  -55,  -55,  -61,   -9,   -9,  -61,  -43,   12,  -27,  -85,  -67,  -24,  -12,  -49,
     -24,  -49,  -12,  -12,  -12,  -21,  -18,  -18,  -18,  -12,  -24,  -24,  -18,  -18,  -18,  -18,
     -18,  -18,  -18,  -12,  -12,  -12,  -18,  -18,  -18,  -49,  -24,  -11,  -12,   -6,  -12,  -24,
     -12,  -31,  -30,  -30,  -24,   -6,   -6,   -6,  -24,  -12,   -6,   -6,   -6,  -30,  -30,  -41,
     -41, -128,  -61,  -67,  -58,  -18,  -30,  -30,  -61,  -12,  -30,  -30,    5,  -36,   -6,  -61,
     -30,    5,   15,  -55,  -18,  -12,   -9,  -12,  -12,  -12,   -9,   18,   -1,   -6,  -18,  -36,
     -30,  -61,  -36,  -97,  -24,  -36,  -61,  -61,  -61,  -43,  -18, -109,  -24,  -24,  -12,  -18,
     -30,  -36,  -61,  -55,  -76,  -43,  -30,  -61,  -61,  -18,   24,  -12,  -61,  -24,   15,  -18,
      15,  -67,  -12,  -24,  -12,  -18,   -2,  -12,  -42,  -42,  -18,  -43,  -12,   -6,  -18,   -6,
     -42,   18,  -52,   18,  -18,  -18,  -36,   -6,  -30,  -27,  -49,  -18,  -36,  -36,  -57,  -43,
     -36,  -36,  -43,  -43,  -65,  -65,  -18,  -63,  -18,   -6,  -17,  -16,  -17,  -33,  -16,  -12,
      -6,   12,  -36,  -17,    6,   -3,   -6,   -6,   -6,   -6,  -18,  -12,  -18,  -18,   -6,   -6,
      -3,  -17,  -33,  -12,  -33,  -60,  -60,   -6, -128,  -24,  -86,  -71,  -24,  -24,  -24,  -49,
     -12,  -12,  -61,  -24,  -61,  -18,  -12,  -18,  -12,  -18,  -18,  -43,  -24,  -33,  -30,  -40,
     -36,  -24,  -33,  -49,  -73,  -40,  -33,  -40,  -30,  -30,  -24,  -36,  -43,  -24,  -33,  -49,
     -40,  -40,  -43,  -33,  -18,  -55,  -36,  -18,  -86,  -49,  -18,  -67,  -18,  -30,   -9,    6,
     -30,  -36,   -9,  -55,  -18,  -49,  -61,   12,   -6,  -24,   -6,   -3,   -6,   -6,   -6,   -6,
      -6,   -3,  -12,   -3,  -30,  -49,  -36,  -36,  -12,   -6,   -6,   -3,   -3,   -6,   -6,  -30,
     -43,   -6, -103,  -43,  -36,  -81,  -81,  -26,   -6,  -18,   -6,  -12,   -6,   -6,  -12,   -6,
      -6,   -6,   -6,   -6,   -6,   -6,  -12,  -12,  -12,   -6,  -12,   -6,  -12,   -6,   -6,  -18,
     -24,  -12,  -18,  -18,  -23,   -6,   -6,   -6,  -12,   -6,   -6,  -12,   -6,   -6,   -6,   -6,
      -6,   -6,   -6,   -6,  -12,   -6,   -6,   -9,   -6,   -6,   -6,  -12,   -6,  -12,  -18,  -18,
    -128,  -30,  -67,  -58,  -18,  -30,  -30,  -30,  -12,  -30,  -30,    5,  -36,   -6,  -61,  -30,
       5,   15,  -55,  -18,  -12,   -9,  -12,  -12,  -12,   -9,   18,   -1,   -6,  -18,  -36,  -30,
     -24,  -36,  -97,  -24,  -36,  -61,  -61,  -43,  -43,  -18, -109,  -24,  -24,  -12,  -18,  -30,
     -36,  -61,  -55,  -76,  -43,  -30,  -61,  -12,  -18,   24,  -12,  -61,  -24,   15,  -18,   15,
     -67,  -12,   -3,   -6,  -12,   -6,   -6,   -3,   -3,   -6,  -18,  -12,  -18,   -6,   -6,  -12,
     -12,  -18,   -6,  -24,  -30,   -6,  -12,  -12,  -18,   -6,  -24,   -6,  -36,  -63,  -36,   -6,
     -11,  -22,  -11,  -33,  -22,   -6,   -6,   12,  -36,  -29,    6,   -3,   -6,   -6,   -6,   -6,
     -24,  -36,  -24,  -49,   -6,   -6,   -3,  -17,  -33,  -43,  -33,  -60,  -60,   -6,  -10,  -10,
     -12,   -6,  -12,   -6,  -12,  -13,  -13,  -10,  -18,  -63,  -18,   -6,  -11,  -16,  -11,  -33,
     -16,  -12,   -6,   12,  -36,  -29,    6,   -3,   -6,   -6,   -6,   -6,  -18,  -12,  -18,  -18,
      -6,   -6,   -3,  -17,  -33,  -12,  -33,  -60,  -60,   -6,  -18,  -18,   -6,  -12,  -24,  -12,
      -6,  -24,  -12,  -12,  -12,  -12,  -24,   -9,  -12,   -6,  -18,   -6,  -12,  -24,  -24,  -24,
     -26,  -26,  -31,  -31,  -26,  -21,    6,  -16,  -12,    6,  -15,  -30,   -3,  -12,  -12,  -12,
     -10,   -6,    6,  -14,   -6,   -6,  -12,  -12,   -6,   -6,  -18,  -12,  -12,   -6,   -6,   -6,
      -6,  -12,   -6,   -6,   12,  -12,  -12,  -27,  -15,  -18,  -18,  -31,  -43,  -55,  -29,   12,
     -55,  -24,  -43,   -6,   -6,   -6,   12,   18,   -6,  -12,   -6,  -12,  -12,   -6,   -6,   -6,
     -24,   -6,  -12,  -12,   -6,   -6,  -24,  -12,  -12,   -6,   -6,  -29,   -6,  -55,   -6,   -6,
      -6,  -30,  -18,  -18,   -6,   -4,  -12,   -6,  -15,  -12,  -12,   -6,   -6,  -12,   -6,  -12,
     -12,  -12,  -15,   -6,  -18,   -6,  -12,  -12,  -18,  -18,  -18,  -36,  -15,   -6,  -18,  -12,
     -12,  -12,   -6,   -6,  -12,   -4,  -12,  -18,  -18,  -18,  -61,  -30,  -61,  -49,  -12,  -12,
     -30,  -24,   -6,  -12,  -61,  -18,  -55,  -12,   -6,   -6,  -18,   -6,   -6,  -12,  -21,  -43,
     -18,  -30,  -36,  -43,  -30,  -30,  -30,  -49,  -30,  -43,  -24,  -43,  -30,  -12,  -18,  -18,
     -30,  -30,  -30,  -49,  -43,  -43,  -30,  -30,   -6,  -30,  -30,  -30,   -6,  -61,  -24,  -23,
     -23,  -21,  -21,  -30,   -6,  -24,  -18,   -6,  -12,   -6,   -9,   -6,   -9,  -12,  -12,  -24,
     -12,  -30,  -18,  -18,  -18,  -26,  -26,  -23,  -18,  -18,  -12,  -10,  -12,   -6,   -6,  -10,
     -12,  -12,  -12,  -12,  -12,  -18,   -6,   -6,   -6,   -6,  -36,  -36,  -36,  -30,   -6,   -6,
      -6,  -12,   -6,  -18,   -6,   -5,  -12,   -5,   -9,  -12,  -12,  -12,  -31,  -31,  -18,  -21,
       6,  -16,   -5,    6,  -15,  -12,   -3,  -12,  -12,   -6,  -16,   -6,    6,  -14,   -6,   -6,
     -12,  -12,   -6,   -6,  -18,  -12,  -12,   -6,   -6,   -6,   -6,  -12,   -6,   -6,   12,  -12,
     -12,  -27,  -15,  -18,  -18,  -31,  -44,   -6,    6,    6,   -9,  -24,  -12,   -6,   -3,  -12,
     -44,  -44,  -12,  -12,    3,   -3,   -6,   -6,   -6,   -6,   -6,  -12,  -49,   -6,   -9,   -9,
      -9,  -31,  -31, -122,  -30,  -49,  -29,  -26,  -30,   -3,   -6,   -6,  -49,  -21,   -6,   -6,
      -6,  -18,   -6,  -15,  -12,  -97,  -49,  -44,  -16,  -16,  -37,    6,   -3,   -3,  -39,    6,
      -6,  -18,   -6,   -6,   -4,   -6,  -43,   -3,   -6,   -6,  -18,  -21,  -21,  -12,  -12,  -47,
     -10,  -26,  -26,  -12,  -40,  -23,  -55,  -18,  -15,  -41,   -4,   -6,   -3,   -3,   -6,  -12,
      -6,   -4,   -3,   -6,   -6,   -6,  -21,  -21,  -18,  -29,  -15,  -15,  -15,  -24,    6,   -6,
     -15,  -15,  -21,  -21,  -67,  -55,  -37,  -21,   -9,  -30,  -21,   -6,  -15,  -43,  -13,  -13,
     -55,  -57,  -57,  -41,  -15,   -9,  -11,   -6,  -12,  -12,   -6,  -12,   -6,  -18,   -6,  -12,
      -6,  -12,   -6,   -6,  -12,   -6,  -24,  -12,  -10,  -12,  -12,   -6,   -6,  -36,  -57,  -34,
      -6,   -9,   12,   12,   -9,   -9,   -9,   -9,   12,  -29,   -3,   -3,   -3,   -3,   -3,   12,
     -65,   12,  -24,  -24,  -24,  -15,  -24,  -42,  -42,  -55,  -12,  -12,  -27,  -12,  -44,  -44,
     -34,   -7,   -7,   -7,  -12,    6,   -6,   -7,   -7,  -10,  -10,  -32,    8,  -23,  -13,   18,
     -52,   18,  -30,  -30,  -55,   -6,  -18,  -24,  -30,  -30,  -55,  -55,  -18,  -63,  -18,   -6,
     -11,  -34,  -11,  -67,  -34,  -45,  -24,   12,  -36,  -29,    6,   -3,   -6,   -6,   -6,   -6,
     -18,  -12,  -18,  -18,   -6,   -6,   -3,  -17,  -67,  -12,  -67, -120, -120,   -6,  -75,    6,
      -6,  -18,   -6,   -6,  -36,  -49,  -43,   -3,   -6,   -6,  -18,  -71,  -71, -128,  -91,  -67,
     -58,  -61,  -61,  -30,  -91,  -12,  -30,  -30,    5,  -36,   -6,  -61,  -30,    5,   15, -122,
     -18,  -30,   -9,  -30,  -30,  -12,  -18,   18,   -1,   -6,  -49,  -79,  -43,  -67,  -67,  -97,
     -61,  -85,  -91, -122,  -91,  -91,  -55, -109,  -49,  -73,  -49,  -30,  -73,  -85,  -97, -128,
     -91,  -91,  -30,  -61,  -12,  -18,   24,  -12,  -30,  -61,   15,  -18,   15,  -67,  -12, -122,
     -30,  -49,  -29,  -26,  -30,   -3,   -6,  -13,  -49,  -21,  -13,  -13,   -6,  -18,  -13,  -15,
     -12,  -97,  -49,  -39,    6,   -6,  -18,   -6,   -6,   -4,   12,  -43,   -3,   -6,   -6,  -18,
     -21,  -21,  -18,  -63,  -18,  -12,  -11,  -16,  -11,  -33,  -16,  -12,   -6,   12,  -36,  -29,
       6,   -3,   -6,   -6,   -6,   -6,  -18,  -12,  -18,  -18,   -6,   -6,   -3,  -17,  -33,  -12,
     -33,  -60,  -60,  -12, -128,  -24,  -86,  -71,  -24,  -24,  -24,  -97,  -30,  -12,  -61,  -24,
    -128,  -18,  -12,  -18,  -30,  -18,  -18,  -43,  -24,  -33,  -30,  -40,  -36,  -24,  -33,  -49,
     -73,  -40,  -33,  -40,  -30,  -30,  -24,  -36,  -43,  -24,  -33,  -49,  -40,  -40,  -43,  -33,
     -18,  -55,  -36,  -18,  -86,  -97,  -47,  -47,  -21,   -3,  -12,   -3,   -3,   -3,   -3,  -47,
     -50,  -18,  -18,  -36,  -55,  -43,  -18,  -18,  -36,  -36,  -44,  -44,  -12,  -70,  -24,  -70,
     -43,  -24,  -24,  -24,  -52,  -24,  -49,  -12,  -24,    6,   12,    6,  -24,  -36,  -36,  -18,
     -33,  -21,  -21,  -36,  -21,  -33,  -18,  -18,  -18,  -12,  -12,  -18,  -24,  -40,  -24,  -18,
     -52,  -36,    6,  -24,  -24,  -24,  -24,  -24,  -36,  -36,  -36,  -36,  -21,  -36,  -36,  -18,
     -18,  -24,  -24,  -36,  -33,  -33,  -21,  -21,  -21,  -33,  -33,  -33,  -12,  -24,  -24,  -36,
     -52,  -24,  -24,  -36,  -36,  -21,    6,  -18,  -70,  -40,  -18,  -40,  -15,  -40,  -24,   -9,
     -12,  -12,   -6,   -6,  -12,   -6,   -9,  -15,   -9,   -9,   -9,   -9,   -9,  -12,  -12,  -12,
     -12,   -6,  -12,  -12,   -9,   -9,  -12,   -6,   -6,   -6,   -9,   -9,   -9,  -12,   -9,   -9,
     -12,  -12,   -6,  -40,  -24,  -85,  -40,  -85,  -36,  -76,  -12,  -61,  -12,  -12,   -6,   12,
      12,   12,   12,  -55,  -61,  -61,  -27,  -61,   -9,   -3,  -43,  -43,  -61,  -43,  -55,  -24,
     -30,  -27,  -18,  -24,  -27,  -36,  -67,  -40,  -24,  -76,   12,  -55,  -55,  -55,  -55,  -55,
     -61,  -61,  -61,   -9,   -9,   -9,  -61,  -43,  -61,  -61,  -30,  -27,  -55,  -55,  -61,  -61,
     -61,   -9,   -9,   -9,  -43,   -3,  -43,  -43,  -55,  -55,  -55,   12,  -18,  -36,  -36,  -61,
     -76,   -9,  -55,  -55,  -61,   -9,   -9,  -61,  -43,   12,  -27,  -85,  -67,  -24,  -30,  -61,
     -49,  -61,  -61,  -24,  -24,  -55,  -67,  -30,  -67,  -18,  -30,  -24,  -61,  -58,  -58,  -36,
     -61,  -12,   -6,  -43,  -43,  -58,  -43,  -49,  -24,  -49,  -43,  -30,  -36,  -43,  -49,  -43,
     -49,  -36,  -18,  -67,  -67,  -61,  -91,  -91,  -73,  -61,  -58, -109,  -90,  -12,   -6,   12,
     -58,  -43, -103,  -97,  -49,  -43,  -91,  -97,  -58,  -61,  -61,    6,   12,   -6,  -43,   12,
     -43,  -43,  -49,  -79,  -85,  -30,  -49,  -49,  -58,  -67,  -12,  -61,  -94,  -91,   30,   -6,
     -58,  -43,  -43,  -61,  -43,  -18,  -61,  -61,  -27,  -73,  -12,  -61,  -24,  -12,  -12,  -30,
     -30,  -36,  -18,   -6,  -12,  -12,  -30,  -12,  -30,  -18,  -73,  -73, -128,  -12,  -12,  -12,
     -12,  -12,  -30,  -30,  -30,   24,  -30,  -12,  -30,  -30,   -6,  -12,  -12,  -30,  -18,  -18,
     -12,   -6,  -12,  -12,  -30,  -30,  -30,  -30,  -73,  -12,  -12,  -30,   12,  -30,  -12,  -26,
     -24,  -81,  -34,  -78,  -16,  -63,  -24,  -26,  -24,  -26,  -29,  -21,  -21,  -29,  -39,  -24,
     -16,  -21,  -34,  -21,  -39,  -39,  -16,  -16,  -21,  -36,  -39,  -39,  -26,  -21,  -21, -125,
     -78,  -61,  -61,  -61,  -61,  -30,  -12,  -15,  -61,  -30,  -61,  -30,  -12,  -12,  -58,  -72,
     -72,  -55,  -49,  -27,  -12,  -12,  -72,  -12,  -49,  -36,  -30,  -24,  -18,  -12,  -24,  -85,
     -61,  -61,  -58,  -58,  -58,  -58,  -58,  -72,  -72,  -72,  -72,  -12,  -72,  -72,  -30,  -24,
     -27,  -58,  -58,  -72,  -49,  -49,  -12,  -27,  -12,  -12,  -49,  -49,  -49,  -18,  -72,  -61,
     -58,  -58,  -72,  -72,  -12,  -24,  -61,  -36,  -24,  -18,  -18,  -67,  -30,  -61,  -55,  -73,
     -30,  -12,  -12,  -12,  -30,  -30,  -61,  -55,  -61,  -30,  -73,  -12,  -12,  -12,  -12,  -12,
     -12,  -30,  -61,  -12,  -67,  -67,  -55,  -55,  -12,  -12,  -12,  -73,  -61,  -55,  -61,  -19,
     -36,  -61,  -19,  -67,  -61,  -67,  -98,  -21,  -43,   -6,   -6,   -6,   -6,   -6,   -6,  -18,
      -9,  -18,   -6,   -6,  -18,   -6,   -6,   -6,   -6,   -9,   -6,  -18,
};

static const EpdLigaturePair literatamono_18_regularLigaturePairs[] = {
    { 0x00660069, 0xFB01 }, // f i -> U+FB01
    { 0x0066006C, 0xFB02 }, // f l -> U+FB02
};

static const EpdFontData literatamono_18_regular = {
    literatamono_18_regularBitmaps,
    literatamono_18_regularGlyphs,
    literatamono_18_regularIntervals,
    68,
    56,
    45,
    -12,
    true,
    literatamono_18_regularGroups,
    13,
    nullptr,
    nullptr,  // kernLeftClasses: built-in fonts use the split arrays below
    nullptr,  // kernRightClasses
    literatamono_18_regularKernLeftCodepoints,
    literatamono_18_regularKernLeftClassIds,
    literatamono_18_regularKernRightCodepoints,
    literatamono_18_regularKernRightClassIds,
    nullptr,  // kernMatrix: built-in fonts use the sparse form below
    literatamono_18_regularKernRowOffsets,
    literatamono_18_regularKernSparseCols,
    literatamono_18_regularKernSparseValues,
    559,
    504,
    162,
    190,
    literatamono_18_regularLigaturePairs,
    2,
};
