/**
 * generated by fontconvert.py
 * name: literatamono_16_regular
 * size: 16
 * mode: 2-bit  compressed: true
 * Command used: fontconvert.py literatamono_16_regular 16 ../builtinFonts/source/Literata/Literata-Regular.ttf --2bit --compress --pnum --zopfli --mono
 */
#pragma once
#include "EpdFontData.h"

static const uint8_t literatamono_16_regularBitmaps[14882] = {
    0x74, 0x50, 0x49, 0x6A, 0xC0, 0x40, 0x0C, 0x13, 0xF8, 0x1A, 0xF0, 0x57, 0xBA, 0x5C, 0x07, 0xFC,
    0x75, 0x43, 0x1E, 0xD0, 0xAF, 0x18, 0x7A, 0x35, 0xA8, 0x8A, 0x27, 0xDD, 0xDB, 0x48, 0x96, 0x14,
    0xAC, 0xAC, 0x08, 0x10, 0x4C, 0x8D, 0x10, 0x37, 0xD6, 0x37, 0xE0, 0xA3, 0xA3, 0x8D, 0x77, 0x74,
    0x2C, 0xDF, 0x78, 0x38, 0x60, 0x70, 0x88, 0x5F, 0xC5, 0xA9, 0x63, 0x04, 0x87, 0x20, 0x2E, 0x88,
    0xBF, 0x24, 0xD4, 0x68, 0x5E, 0x82, 0x12, 0x7E, 0x8A, 0xE5, 0xE7, 0xB0, 0x1E, 0x5C, 0xBD, 0x38,
    0x5F, 0x3A, 0xEC, 0xD4, 0x64, 0xD3, 0x72, 0x5D, 0xA3, 0x8C, 0x38, 0x35, 0x4C, 0x38, 0x0B, 0xE0,
    0x1D, 0x8C, 0x0D, 0x75, 0xA1, 0x6E, 0x59, 0x52, 0xD3, 0xAD, 0xE1, 0x35, 0xE7, 0x59, 0xAF, 0xEA,
    0x15, 0xFB, 0xE3, 0x19, 0xAE, 0x28, 0x06, 0x13, 0xA5, 0xE4, 0x69, 0xB2, 0xB2, 0xB2, 0x1C, 0x73,
    0x8C, 0xC5, 0xB6, 0x25, 0x6B, 0xAB, 0xC6, 0x34, 0x4B, 0x16, 0xB4, 0xF4, 0x84, 0xEB, 0x94, 0x0D,
    0xC0, 0x77, 0x37, 0x3C, 0x5D, 0xB6, 0xB6, 0xB5, 0x2C, 0x61, 0x35, 0x67, 0x96, 0x63, 0x9E, 0xD3,
    0x54, 0x62, 0xAB, 0x2F, 0x16, 0xE0, 0x8A, 0x00, 0x09, 0x4C, 0x7B, 0x5A, 0x7F, 0xAA, 0xB6, 0x1A,
    0xEB, 0x03, 0xD1, 0x60, 0xA1, 0x47, 0xAB, 0x8D, 0x3D, 0xFF, 0x65, 0x14, 0x34, 0xA0, 0x11, 0x2F,
    0x97, 0x3A, 0x2F, 0xB5, 0x51, 0x70, 0x18, 0x39, 0xA1, 0x8F, 0x28, 0x7B, 0x25, 0x9D, 0x4C, 0x16,
    0xA8, 0x6E, 0xAE, 0xEE, 0xA5, 0xE3, 0x01, 0x2E, 0x2C, 0xF4, 0xFE, 0x23, 0x7E, 0x01, 0xF1, 0x01,
    0xDE, 0x88, 0x0F, 0xF8, 0x74, 0xD4, 0x2D, 0x14, 0x1A, 0x0B, 0x8E, 0x43, 0x51, 0x41, 0x3B, 0xDC,
    0x3B, 0x01, 0xFD, 0x05, 0x14, 0xFA, 0x13, 0xBB, 0xF1, 0xFE, 0xAC, 0x85, 0x42, 0x42, 0x86, 0x46,
    0xD6, 0x43, 0x3F, 0x34, 0x9F, 0xDB, 0x08, 0x31, 0x9E, 0x4B, 0xA7, 0x55, 0x0B, 0x0D, 0x14, 0x54,
    0xFE, 0x73, 0x48, 0xD6, 0x35, 0xFF, 0xEC, 0x45, 0xE6, 0x05, 0x4B, 0x87, 0xDF, 0xCF, 0x23, 0x73,
    0xF3, 0x5E, 0xCA, 0x01, 0x1F, 0x2A, 0xAD, 0xE1, 0x3C, 0x54, 0xB4, 0xBC, 0xE9, 0xD8, 0xFC, 0xB9,
    0xAF, 0xBF, 0xF7, 0x62, 0x0D, 0xE1, 0x2D, 0x21, 0x55, 0x2A, 0x2F, 0x78, 0xA2, 0x2F, 0x21, 0x02,
    0xE2, 0x08, 0x25, 0xF9, 0x4D, 0x3C, 0x5B, 0xB2, 0xD3, 0x8F, 0xED, 0xE7, 0x65, 0x31, 0xB7, 0x2A,
    0x89, 0xB5, 0xD5, 0x7E, 0xC6, 0x5B, 0x6D, 0x76, 0x97, 0x1B, 0xB9, 0x8E, 0x83, 0x61, 0xF8, 0x05,
    0x78, 0xDB, 0x00, 0xB7, 0x92, 0x05, 0x18, 0xE0, 0xD6, 0x09, 0x64, 0x01, 0xD9, 0x0A, 0x81, 0xBA,
    0x25, 0xF0, 0xCD, 0x48, 0xB2, 0x4B, 0x4E, 0x9F, 0x3A, 0x9D, 0x4E, 0x4F, 0x4F, 0x45, 0x7C, 0x28,
    0x38, 0xF2, 0x9F, 0x64, 0x39, 0x05, 0x05, 0x6F, 0x30, 0x21, 0x11, 0x82, 0x3F, 0x2A, 0x9A, 0x1F,
    0x54, 0xB8, 0x34, 0xCF, 0xD3, 0x78, 0x0A, 0xAF, 0x11, 0x07, 0x56, 0xE0, 0x57, 0x24, 0x44, 0x82,
    0x80, 0x06, 0xFB, 0xB4, 0xE9, 0x87, 0x15, 0xE5, 0x49, 0x05, 0x56, 0x92, 0x9E, 0x81, 0x7A, 0x1D,
    0x3B, 0x23, 0x03, 0xAF, 0x48, 0x5B, 0x81, 0xD5, 0xED, 0x20, 0xE0, 0xBD, 0xC2, 0x94, 0xEB, 0x7C,
    0xD6, 0x2B, 0x98, 0xF9, 0x0D, 0xEB, 0xC6, 0x2A, 0x88, 0x72, 0x09, 0x54, 0x80, 0x3F, 0x89, 0x81,
    0x06, 0x8F, 0x02, 0x1B, 0xF8, 0xFB, 0xC0, 0x0A, 0x8E, 0x41, 0x0F, 0x6A, 0x0E, 0xA2, 0x15, 0x3E,
    0xC1, 0x8A, 0x63, 0x20, 0x49, 0x15, 0x03, 0xB0, 0x62, 0x73, 0x5E, 0x8B, 0x94, 0x13, 0x93, 0xFA,
    0x8C, 0xB2, 0x84, 0x9F, 0xC3, 0x3F, 0x84, 0x4B, 0xE9, 0xE9, 0x65, 0xCF, 0xCB, 0x47, 0x3F, 0x45,
    0x1F, 0xD0, 0x8D, 0x75, 0x8C, 0x76, 0x52, 0xA2, 0xF3, 0xD6, 0x43, 0x4D, 0x23, 0x2B, 0xE4, 0x49,
    0x7B, 0xF2, 0x16, 0xC0, 0x0C, 0x17, 0x92, 0x52, 0xE5, 0x25, 0xAC, 0x05, 0x33, 0x7A, 0x85, 0x04,
    0x1D, 0x57, 0xA4, 0x95, 0xD7, 0x79, 0xEC, 0x68, 0x42, 0xD2, 0x33, 0xE0, 0x38, 0xA0, 0x6A, 0x0D,
    0x41, 0x5E, 0x43, 0xB0, 0xA2, 0x57, 0x58, 0xED, 0xF0, 0x2B, 0xAE, 0xA6, 0x3F, 0x47, 0x63, 0x52,
    0x8E, 0xF3, 0x05, 0xD6, 0x01, 0x3B, 0x92, 0xF2, 0xB2, 0x72, 0xF9, 0xBA, 0xC7, 0xD9, 0x4E, 0x15,
    0xE9, 0x1D, 0xA0, 0x5E, 0x11, 0x67, 0x48, 0xEB, 0xDA, 0xDB, 0xCF, 0x3E, 0xD9, 0x8F, 0x8F, 0x67,
    0x60, 0xD5, 0x33, 0xE8, 0xCF, 0x61, 0xAD, 0xD5, 0x97, 0xED, 0xEA, 0x46, 0xD9, 0x60, 0x67, 0xEC,
    0x9B, 0x78, 0xC3, 0xB3, 0x11, 0xA1, 0xC6, 0x54, 0xEC, 0x57, 0xC2, 0xE7, 0xCF, 0xDE, 0xFE, 0x6F,
    0x2D, 0x5E, 0xBF, 0x6B, 0x60, 0x60, 0x09, 0x51, 0x20, 0xF0, 0x95, 0xAC, 0x20, 0x12, 0x1A, 0x08,
    0xD6, 0x66, 0xC4, 0x7E, 0xCA, 0x89, 0x5C, 0xAD, 0xC8, 0xE7, 0xB4, 0xF9, 0xE9, 0x73, 0x6D, 0x7F,
    0x03, 0x0E, 0x40, 0x79, 0xEE, 0xAA, 0x7D, 0xC0, 0x7D, 0x1C, 0xDF, 0xE7, 0x8F, 0xC4, 0x7A, 0x4F,
    0xDC, 0xB1, 0x3F, 0x2A, 0x5C, 0x4D, 0x20, 0x9A, 0x48, 0xE1, 0xA9, 0x3D, 0xB0, 0x80, 0xCE, 0xE9,
    0x58, 0x7B, 0xD3, 0xB1, 0xE3, 0xFA, 0xCC, 0xBA, 0x6E, 0x11, 0x0C, 0x94, 0xE0, 0x52, 0x83, 0x92,
    0xC8, 0x35, 0x06, 0x9E, 0x40, 0xFB, 0xDC, 0x2B, 0xF0, 0xAE, 0x38, 0x90, 0xCA, 0xDB, 0x6A, 0x3E,
    0xA8, 0xB9, 0xF4, 0x7C, 0xCA, 0x32, 0x6E, 0x3E, 0xF2, 0x28, 0xCF, 0x47, 0x76, 0x9B, 0xDE, 0x55,
    0x07, 0x42, 0x04, 0x00, 0x9E, 0x70, 0xF6, 0x34, 0x68, 0xDD, 0xB2, 0x94, 0x80, 0x1A, 0xC0, 0x6B,
    0xDA, 0xDB, 0x63, 0xA9, 0x69, 0x0C, 0xEB, 0x34, 0x87, 0x9E, 0x60, 0x79, 0x5A, 0xE0, 0x69, 0x43,
    0xA6, 0xD7, 0xF1, 0x97, 0x82, 0x03, 0x04, 0x0D, 0x01, 0x05, 0x91, 0xCB, 0xD9, 0x38, 0x43, 0x98,
    0xA4, 0x53, 0x25, 0x92, 0x1A, 0x2B, 0x34, 0x88, 0x7C, 0xC1, 0xF5, 0x5B, 0x5B, 0x33, 0x0B, 0xBB,
    0xF6, 0x48, 0x2B, 0xBC, 0x2E, 0xEC, 0x33, 0xFE, 0x44, 0x29, 0xA9, 0x91, 0x94, 0x60, 0xCA, 0x22,
    0xD4, 0x65, 0x4D, 0x94, 0xD7, 0x1A, 0x0E, 0xAB, 0x00, 0x5A, 0xC0, 0x31, 0x69, 0x80, 0x5F, 0xA3,
    0x41, 0x4C, 0x12, 0xDE, 0x3C, 0xE1, 0xF0, 0x82, 0x36, 0xE1, 0x45, 0x48, 0x60, 0x2A, 0x24, 0x15,
    0x43, 0xE5, 0xBC, 0xC5, 0x1A, 0x5A, 0x0F, 0xD1, 0x34, 0x72, 0xEB, 0x77, 0xEB, 0x5F, 0xCC, 0x6D,
    0x2C, 0xD9, 0xF6, 0x70, 0x95, 0xD5, 0xBD, 0x62, 0x98, 0xD3, 0x1E, 0x88, 0xAB, 0x5B, 0xFD, 0x89,
    0xE5, 0xF5, 0x92, 0xAF, 0x8B, 0xB1, 0x55, 0xBA, 0x28, 0x1B, 0xB0, 0xE1, 0x89, 0xE5, 0x85, 0x2F,
    0x24, 0x69, 0xF3, 0xEA, 0x94, 0xF9, 0xDC, 0x8D, 0x3F, 0x3F, 0xEF, 0x1D, 0xA9, 0x16, 0xE7, 0x10,
    0xCF, 0x31, 0xC6, 0x44, 0x14, 0x5E, 0xEB, 0x9C, 0xD0, 0x04, 0x97, 0x07, 0x9A, 0x36, 0xC0, 0x6B,
    0x43, 0xF5, 0x94, 0x46, 0x37, 0x23, 0xB7, 0xBE, 0xC6, 0x53, 0xC4, 0x6C, 0xAD, 0x03, 0x6C, 0xCE,
    0x48, 0xA5, 0x49, 0xCB, 0x35, 0x56, 0xDF, 0x50, 0x92, 0x2E, 0x0B, 0xE2, 0xDB, 0xEE, 0xDD, 0xA7,
    0xA3, 0xD2, 0x58, 0x7D, 0xBF, 0x34, 0x6B, 0x77, 0x5C, 0x9A, 0x81, 0xE7, 0x9F, 0xC4, 0x0F, 0x3C,
    0x23, 0x3D, 0x35, 0x82, 0x20, 0x86, 0x6A, 0x4C, 0x89, 0x94, 0xA1, 0xFC, 0xF9, 0x32, 0x73, 0xE8,
    0x0C, 0x8F, 0xA1, 0xD5, 0xD0, 0x73, 0x18, 0x0C, 0x7B, 0xF8, 0x98, 0x4A, 0xD3, 0x18, 0x76, 0xE4,
    0x6C, 0x59, 0x43, 0x5B, 0xF6, 0x10, 0x4D, 0x23, 0x2F, 0x1B, 0xAF, 0x35, 0x50, 0x25, 0x25, 0xCA,
    0x21, 0x13, 0x2B, 0xFE, 0x0E, 0xF7, 0xF9, 0x71, 0x11, 0xB7, 0xA9, 0x11, 0x4A, 0xB8, 0x65, 0x54,
    0xA0, 0x84, 0x47, 0x61, 0x1F, 0xF7, 0xDC, 0x2B, 0x57, 0xE3, 0x7E, 0xCF, 0x22, 0x66, 0x0E, 0x8E,
    0x4F, 0xD9, 0xB3, 0xCF, 0x57, 0x5C, 0x7D, 0xCA, 0xF6, 0xC8, 0x2B, 0xDB, 0x3D, 0xA3, 0x81, 0xE5,
    0x33, 0x73, 0xCF, 0x12, 0x20, 0xE5, 0x2D, 0x9B, 0xB4, 0x34, 0x25, 0x9E, 0xA7, 0x1F, 0x35, 0x7C,
    0xEF, 0x6D, 0xEA, 0x66, 0xE4, 0xD0, 0x6B, 0x6B, 0xBD, 0x45, 0xD3, 0x58, 0x7E, 0x0C, 0x5D, 0x5B,
    0x9B, 0xA2, 0x94, 0x2E, 0x23, 0x31, 0x15, 0x10, 0x52, 0xDE, 0xE6, 0x7C, 0xE3, 0x09, 0x22, 0xB8,
    0x8C, 0xD4, 0xB4, 0x01, 0xFF, 0x2D, 0xB5, 0xF7, 0x22, 0xF2, 0xF2, 0x36, 0xE7, 0xBD, 0x20, 0x24,
    0x58, 0xD7, 0x20, 0x69, 0xD2, 0x58, 0xD9, 0x7E, 0xEB, 0x45, 0x5E, 0xF8, 0x2F, 0xFF, 0xBA, 0xD5,
    0x00, 0xAC, 0xD8, 0x7C, 0xFD, 0xC2, 0x9B, 0xAE, 0xBB, 0xC7, 0x9A, 0x28, 0xCE, 0xEB, 0x3B, 0x3B,
    0x80, 0x60, 0xC6, 0x4C, 0x89, 0x56, 0x6A, 0xC0, 0x7F, 0x2B, 0xC9, 0x6B, 0xEE, 0x17, 0x9A, 0xA9,
    0x22, 0x03, 0x22, 0xBD, 0x34, 0x92, 0x55, 0x83, 0x17, 0x6A, 0x30, 0x71, 0x8D, 0x04, 0x80, 0x49,
    0xC9, 0xFE, 0xCA, 0x81, 0x35, 0x3F, 0x46, 0x12, 0xCD, 0x75, 0x0F, 0x10, 0xAB, 0x91, 0xF7, 0xFE,
    0x3B, 0xF5, 0x7A, 0xB2, 0x16, 0x7E, 0x33, 0x96, 0xCF, 0xC9, 0x2D, 0xD5, 0x94, 0xD7, 0x53, 0x7F,
    0x89, 0x6E, 0x06, 0xB7, 0x23, 0x17, 0x52, 0xB9, 0x52, 0x2A, 0x13, 0x44, 0x1D, 0x26, 0x1D, 0x5E,
    0xDE, 0x01, 0x57, 0x1C, 0x33, 0x92, 0xD5, 0xC7, 0x02, 0x53, 0x83, 0x74, 0x3E, 0x81, 0xBE, 0xBA,
    0x00, 0x54, 0x10, 0x23, 0x1A, 0x5A, 0x23, 0xCA, 0xD6, 0x2A, 0x4D, 0x34, 0x2E, 0x49, 0x19, 0xCB,
    0xF4, 0x8C, 0x8C, 0x39, 0x2F, 0x8E, 0x61, 0x0D, 0xA9, 0x9A, 0x32, 0xE4, 0xEF, 0x19, 0x43, 0x97,
    0xF2, 0x54, 0x4A, 0x53, 0x2F, 0xBD, 0xC0, 0xB1, 0xFF, 0x93, 0x81, 0x35, 0x1C, 0xD0, 0xB3, 0x28,
    0xE7, 0xAF, 0xF6, 0xB7, 0x52, 0x09, 0x53, 0x2F, 0x7D, 0xB6, 0x5F, 0x5A, 0xC1, 0xB1, 0xF7, 0x3D,
    0x4B, 0x81, 0xA6, 0x81, 0x2D, 0x13, 0x22, 0x87, 0x9E, 0xBE, 0x04, 0xBC, 0x86, 0x56, 0xC7, 0xB6,
    0x87, 0x74, 0x6D, 0x35, 0x8D, 0xBC, 0x94, 0xB0, 0xC6, 0x55, 0xCF, 0x8A, 0x17, 0xA6, 0xF3, 0x92,
    0x5C, 0xF3, 0x7A, 0x0A, 0x8F, 0x67, 0x25, 0xE9, 0xD9, 0x72, 0x8D, 0x58, 0x13, 0x57, 0xE5, 0x78,
    0x56, 0xAC, 0x28, 0xD0, 0xA8, 0x58, 0x42, 0xD0, 0x57, 0xA5, 0xAC, 0xCF, 0x0A, 0xAB, 0xF2, 0x5E,
    0xB4, 0x03, 0xFE, 0x9E, 0xE8, 0xAA, 0xC4, 0xE7, 0xCA, 0x47, 0x12, 0xF3, 0x76, 0x04, 0xD1, 0x67,
    0xC5, 0xFF, 0x59, 0x29, 0x08, 0xA5, 0xA9, 0x34, 0xB5, 0x86, 0x38, 0xFB, 0x70, 0x7F, 0xF7, 0xCC,
    0xDD, 0x51, 0xB1, 0xBB, 0xE8, 0xEC, 0x96, 0xA9, 0xE7, 0xAE, 0x47, 0x0F, 0x4B, 0xCF, 0xF6, 0x9E,
    0x91, 0x10, 0xF8, 0x73, 0xA4, 0x66, 0xB1, 0x02, 0x21, 0xE1, 0xEA, 0xCB, 0x74, 0xD5, 0xD2, 0x6B,
    0xB5, 0x99, 0x5E, 0x03, 0x6A, 0xEB, 0x38, 0xC3, 0x35, 0x7C, 0xF7, 0x81, 0x7B, 0x31, 0x58, 0x7C,
    0x4B, 0x57, 0x5F, 0x86, 0xA4, 0x9C, 0x08, 0x22, 0x1B, 0xC4, 0xA4, 0xB0, 0x26, 0xF1, 0xBA, 0x6E,
    0x3A, 0x06, 0x02, 0x68, 0xC0, 0x06, 0x5E, 0xD7, 0xF6, 0x89, 0xAE, 0xED, 0x56, 0x58, 0xF9, 0x20,
    0x12, 0xCF, 0xE0, 0xF3, 0x17, 0xE1, 0x56, 0x37, 0x7F, 0xFE, 0xA3, 0x56, 0x17, 0x14, 0x1C, 0x57,
    0xF1, 0xAB, 0x58, 0x9E, 0x85, 0x9A, 0xA5, 0xBF, 0x6A, 0xB1, 0x0F, 0x13, 0xAB, 0x85, 0x5A, 0xCD,
    0xFF, 0xF0, 0xA3, 0x56, 0xEF, 0xC5, 0x93, 0x82, 0xA3, 0xA1, 0x0E, 0xAC, 0x1C, 0x4B, 0xCF, 0x61,
    0xCC, 0x2D, 0x74, 0xAD, 0x16, 0x3F, 0x74, 0x7E, 0x8A, 0x46, 0x6B, 0xDC, 0xEB, 0xB6, 0xE8, 0x43,
    0x13, 0x33, 0xB8, 0x42, 0xBA, 0x16, 0xCF, 0x10, 0x41, 0xDF, 0x42, 0x28, 0x43, 0x2E, 0x6F, 0x6B,
    0x15, 0x30, 0xF1, 0x2F, 0x50, 0xE1, 0x0F, 0x35, 0x2E, 0x84, 0x17, 0x91, 0x5E, 0xF8, 0x4F, 0xD4,
    0x93, 0xFC, 0x44, 0x4C, 0xF0, 0x46, 0xB8, 0xD4, 0xB8, 0x69, 0xDD, 0xBC, 0x49, 0xA3, 0x49, 0x06,
    0x9E, 0x22, 0xB2, 0x67, 0x18, 0x0D, 0xFF, 0x08, 0x01, 0x01, 0x19, 0x65, 0xB7, 0x95, 0xBC, 0xE8,
    0x0B, 0x1B, 0xF0, 0x1A, 0xA2, 0x1B, 0x9B, 0xA7, 0x4E, 0x6F, 0x02, 0x9A, 0xFE, 0x1D, 0xEC, 0x44,
    0x78, 0x13, 0x19, 0x8D, 0xAB, 0x95, 0xA6, 0x54, 0xEE, 0x1B, 0x88, 0x79, 0x03, 0x8D, 0x57, 0x63,
    0x35, 0xB2, 0xA4, 0x1C, 0xF1, 0xE5, 0x0D, 0x98, 0x20, 0x94, 0x84, 0x15, 0xED, 0xB5, 0x56, 0xBD,
    0xE0, 0x1E, 0xA1, 0x9E, 0x61, 0xC5, 0xB7, 0x43, 0xAA, 0x19, 0xB7, 0x49, 0xAA, 0x52, 0xBA, 0xF4,
    0x9E, 0x9E, 0x91, 0x04, 0x5E, 0x04, 0xF6, 0x4F, 0xD2, 0x13, 0x93, 0xC0, 0xD5, 0xE0, 0x00, 0xB1,
    0x91, 0x6A, 0x8D, 0xA5, 0x49, 0x22, 0x40, 0x34, 0xC4, 0x13, 0x21, 0xAC, 0x57, 0x3B, 0x53, 0xDF,
    0x17, 0x5A, 0xED, 0x0B, 0xA2, 0xB0, 0x87, 0xF4, 0x5F, 0x32, 0xD2, 0x1A, 0x3F, 0xA9, 0xEF, 0x12,
    0x4A, 0x69, 0x62, 0x85, 0x37, 0x5E, 0x58, 0x71, 0xFF, 0x44, 0xA1, 0xC2, 0x7E, 0xAF, 0x48, 0x29,
    0x9D, 0xEB, 0xA3, 0xFB, 0x38, 0x2A, 0x95, 0x7D, 0xF9, 0xB3, 0x1E, 0xF2, 0xE6, 0xED, 0x1B, 0xFD,
    0x60, 0x1A, 0x3B, 0x0E, 0x10, 0x56, 0x76, 0x5F, 0x80, 0xB1, 0x6A, 0xB0, 0x47, 0x0D, 0x46, 0xAD,
    0x34, 0x88, 0xBC, 0xDE, 0xAB, 0xDE, 0xE7, 0xF7, 0xE4, 0x46, 0x29, 0x11, 0x2D, 0xE1, 0xF5, 0xC5,
    0xFD, 0x7E, 0xA7, 0x1F, 0xC6, 0x8F, 0x09, 0xF4, 0xAE, 0x0E, 0x25, 0x2E, 0x7A, 0xBD, 0x00, 0x50,
    0xDA, 0xCC, 0xC1, 0xC8, 0xF9, 0x77, 0xB3, 0x64, 0xAA, 0x50, 0x3E, 0x73, 0x2A, 0xD1, 0xFB, 0xFD,
    0xDD, 0x74, 0x92, 0xDF, 0x45, 0x32, 0xF5, 0xE4, 0xB9, 0x34, 0x9D, 0x6B, 0x69, 0xBA, 0x67, 0x30,
    0x42, 0x2F, 0xA2, 0x75, 0x2E, 0x9D, 0x47, 0x79, 0x5D, 0x4B, 0xD0, 0xCA, 0x28, 0xF4, 0x2E, 0xE1,
    0x1F, 0xE7, 0x64, 0xD8, 0xCF, 0x66, 0xFD, 0x92, 0xBC, 0x88, 0xB4, 0x46, 0x98, 0xD4, 0xD8, 0x43,
    0xF9, 0xF2, 0x49, 0xF1, 0x81, 0x94, 0x27, 0x44, 0x1F, 0x7F, 0xEF, 0x5D, 0xD7, 0xA0, 0x6C, 0x80,
    0x17, 0xD8, 0x20, 0x94, 0x93, 0x48, 0xA1, 0x77, 0x65, 0x7C, 0x8C, 0xF3, 0x46, 0x7A, 0x8D, 0xF0,
    0xF4, 0x84, 0xAF, 0x42, 0xCA, 0x19, 0xA6, 0x23, 0xD4, 0x41, 0x37, 0xC7, 0x2C, 0x28, 0x09, 0xE1,
    0x2A, 0xA2, 0x41, 0x6F, 0xC4, 0xAC, 0x85, 0x68, 0xA9, 0x1E, 0x4A, 0x8A, 0x55, 0x6C, 0x16, 0x2F,
    0xA4, 0x96, 0xFA, 0xF7, 0xD6, 0x6B, 0x1C, 0x89, 0x28, 0x95, 0x89, 0x89, 0x17, 0xF1, 0x07, 0xAC,
    0x39, 0xDA, 0x26, 0x90, 0xBC, 0x89, 0xF2, 0x0E, 0xA5, 0x5A, 0x03, 0xDF, 0x63, 0xDA, 0x38, 0x9C,
    0x1C, 0xA0, 0x41, 0xD0, 0x10, 0x59, 0xE0, 0x93, 0xF7, 0x04, 0x7F, 0x24, 0xD8, 0x44, 0x00, 0x93,
    0x06, 0x89, 0xC8, 0xD0, 0x99, 0xCE, 0xC9, 0x66, 0xCF, 0xF4, 0x28, 0x4B, 0x6B, 0x1B, 0x89, 0xB6,
    0xF7, 0xF2, 0x33, 0x41, 0x5B, 0xB6, 0x43, 0xF8, 0x99, 0xE8, 0x63, 0xA6, 0x38, 0xC0, 0x3F, 0x56,
    0x6A, 0xE2, 0x6D, 0xA5, 0x9A, 0xC9, 0x0B, 0x6C, 0x26, 0xC9, 0x54, 0x13, 0x6B, 0x02, 0x6B, 0x1A,
    0x44, 0x41, 0xBC, 0xE7, 0x3C, 0xC0, 0x6C, 0x79, 0x21, 0xC0, 0x23, 0xE7, 0xE9, 0xE0, 0xB0, 0x82,
    0xB2, 0x5E, 0xBD, 0x24, 0xB9, 0x7A, 0xB2, 0x3B, 0xE8, 0xF6, 0x8F, 0xB5, 0x97, 0x7D, 0xC3, 0x8B,
    0xBE, 0x11, 0x27, 0xF4, 0x67, 0xEA, 0x24, 0x2C, 0x41, 0x13, 0x07, 0x62, 0x7F, 0x23, 0x95, 0x6A,
    0x06, 0x9E, 0x4D, 0xD0, 0x88, 0xFA, 0xF9, 0x7F, 0x93, 0x01, 0x73, 0x53, 0x53, 0x5E, 0x94, 0xA7,
    0x7D, 0xFA, 0x1F, 0x25, 0x4A, 0x53, 0xCE, 0x81, 0xDD, 0xC5, 0xEA, 0x75, 0xF1, 0x44, 0x20, 0xBE,
    0x68, 0xB3, 0x4B, 0x61, 0x4A, 0x94, 0xF5, 0xCB, 0x8F, 0x92, 0x28, 0xE8, 0xD7, 0x65, 0x1F, 0xFC,
    0x6A, 0xB3, 0x8E, 0xFE, 0xEA, 0xB7, 0xAF, 0x8B, 0x0A, 0x25, 0xDE, 0x1C, 0x21, 0x75, 0xA1, 0xFA,
    0x0F, 0x8C, 0x92, 0x41, 0x8A, 0x24, 0x39, 0x0C, 0x45, 0x1F, 0x68, 0x5B, 0xA0, 0xAB, 0x34, 0xCC,
    0xD6, 0xA0, 0xAB, 0x0B, 0x6A, 0x3B, 0x87, 0xF9, 0xD0, 0x5B, 0xC3, 0x1F, 0x0B, 0x47, 0x42, 0x56,
    0x51, 0xF4, 0x74, 0x58, 0xEF, 0xBF, 0x44, 0x16, 0x91, 0x41, 0x84, 0x29, 0x8C, 0xDB, 0x14, 0x00,
    0xEB, 0xCB, 0xAA, 0x67, 0xF9, 0x59, 0x77, 0xAA, 0x21, 0x2E, 0x61, 0x93, 0xBF, 0xAB, 0xEB, 0x33,
    0xBB, 0x32, 0x7B, 0x67, 0x1D, 0x8E, 0x3F, 0x60, 0xAF, 0xAF, 0xF8, 0xD7, 0x41, 0x50, 0x42, 0x65,
    0x77, 0xDA, 0x60, 0xBD, 0x6E, 0x05, 0x69, 0xB0, 0x15, 0x3B, 0x76, 0xEA, 0xD0, 0x2F, 0x20, 0x5F,
    0x08, 0xE2, 0x60, 0xBB, 0x07, 0x36, 0x60, 0xA0, 0x1E, 0x16, 0xC9, 0x3E, 0x88, 0x0A, 0xCF, 0xE5,
    0x5D, 0x07, 0x81, 0x76, 0xFD, 0xEE, 0xB2, 0x3B, 0xBB, 0x48, 0x92, 0x93, 0xFD, 0x0D, 0x26, 0x67,
    0x66, 0xFB, 0xB3, 0x05, 0x9A, 0x71, 0x3F, 0x19, 0x1B, 0x8A, 0xC9, 0x05, 0x06, 0x41, 0x11, 0x93,
    0x1D, 0x0D, 0xD9, 0x09, 0x84, 0x72, 0x72, 0x2F, 0x48, 0x6F, 0xEF, 0x93, 0x3E, 0x39, 0x43, 0x30,
    0x43, 0xDC, 0xCE, 0xCD, 0xDB, 0xF9, 0x31, 0x6B, 0x32, 0xED, 0x57, 0xEA, 0xED, 0x02, 0xBE, 0x36,
    0x44, 0x6E, 0x28, 0x37, 0x3B, 0x3B, 0xF4, 0x22, 0x08, 0x41, 0x6C, 0x48, 0x43, 0x95, 0xD8, 0x69,
    0x76, 0xB8, 0x37, 0x25, 0x93, 0xBB, 0xC0, 0x25, 0x2A, 0x37, 0x15, 0xEE, 0xA4, 0x54, 0x4F, 0x7B,
    0x43, 0xDD, 0xB7, 0xDE, 0x31, 0xF7, 0xEA, 0x54, 0x76, 0x76, 0x75, 0x3C, 0xDF, 0x6D, 0x85, 0x9C,
    0xFB, 0xD4, 0x0E, 0x41, 0x1D, 0x48, 0xBB, 0xC1, 0xA4, 0x08, 0x71, 0xDF, 0xF0, 0xBF, 0x49, 0x85,
    0x1D, 0xBD, 0x52, 0x35, 0xD9, 0x89, 0x54, 0xC4, 0x24, 0xFC, 0x21, 0xB3, 0x03, 0xAD, 0x54, 0x46,
    0xAF, 0xF0, 0x8E, 0x4E, 0x4A, 0x49, 0xF6, 0xFD, 0x0E, 0x53, 0x94, 0xDD, 0x10, 0xDE, 0x80, 0x20,
    0xDD, 0xAC, 0x10, 0xFB, 0x30, 0xE6, 0x10, 0x16, 0x75, 0xF0, 0xD3, 0x1F, 0xCA, 0xEE, 0x94, 0xE1,
    0x57, 0xC0, 0x8A, 0x46, 0x49, 0x68, 0x91, 0xBD, 0xA9, 0x99, 0xC9, 0x1E, 0x70, 0x8A, 0xFA, 0x14,
    0xD3, 0x0F, 0x15, 0xD3, 0x9C, 0x79, 0xDB, 0x1A, 0x20, 0x7E, 0xC0, 0x9D, 0xD6, 0x62, 0x7B, 0x95,
    0xA7, 0xEC, 0x7F, 0x3C, 0xB9, 0x6A, 0xE5, 0x47, 0x5A, 0xE1, 0xB6, 0xA7, 0x72, 0x97, 0x57, 0xEA,
    0xAC, 0x95, 0xE5, 0x14, 0x05, 0xDF, 0x79, 0xFE, 0xEA, 0xC7, 0xBD, 0xF7, 0xEB, 0x35, 0x97, 0xA6,
    0x2C, 0x85, 0x36, 0xFB, 0x14, 0xA1, 0xA9, 0x6C, 0x0A, 0xF6, 0xFD, 0xB9, 0x16, 0xDB, 0x9E, 0x0A,
    0xCF, 0xF0, 0x8E, 0x19, 0x5E, 0xBC, 0x26, 0x0D, 0x29, 0xD8, 0xB7, 0x14, 0xBB, 0xAC, 0x34, 0x28,
    0x94, 0xAA, 0xDE, 0x08, 0x13, 0x7B, 0x42, 0xDF, 0xA3, 0xFE, 0x3A, 0x72, 0x62, 0x6D, 0xCA, 0xB2,
    0xCA, 0x5D, 0x5D, 0x00, 0x7F, 0x0E, 0x9C, 0x0E, 0xE7, 0xAC, 0xAE, 0x07, 0xFF, 0x40, 0x3D, 0xE4,
    0x21, 0x0E, 0x0C, 0xFC, 0x2D, 0xD5, 0xA4, 0xBB, 0x70, 0xBB, 0xC7, 0xC9, 0x07, 0x25, 0xC4, 0x6E,
    0x59, 0xD5, 0x16, 0x16, 0xF1, 0x7F, 0x55, 0xC6, 0x6E, 0x16, 0x69, 0x15, 0x7B, 0xB1, 0x36, 0xF5,
    0x5E, 0x8B, 0x55, 0xEC, 0x7B, 0x22, 0x7E, 0xC5, 0x3D, 0x5D, 0x15, 0xAF, 0xE3, 0x66, 0x62, 0x57,
    0xE3, 0x1C, 0x34, 0x9B, 0xA1, 0x62, 0xF6, 0x32, 0xF4, 0x3A, 0xB5, 0xDC, 0x43, 0x78, 0xD5, 0x84,
    0x20, 0x79, 0xD7, 0xBA, 0xDA, 0x57, 0x77, 0x38, 0xFA, 0x51, 0xE8, 0x28, 0xC9, 0x51, 0x51, 0xA3,
    0xC5, 0xEF, 0x91, 0x8E, 0xCA, 0x28, 0x3E, 0x65, 0x7F, 0x76, 0x86, 0x20, 0x1F, 0xB1, 0x46, 0x0B,
    0x5D, 0xD9, 0x06, 0x31, 0x8A, 0x2F, 0xF7, 0x4F, 0x46, 0xBE, 0x3D, 0xC6, 0xCF, 0x06, 0xC9, 0x75,
    0x3D, 0x5E, 0x8F, 0xF7, 0x63, 0x5D, 0x47, 0x5F, 0x67, 0x97, 0x18, 0x87, 0x3D, 0xAE, 0xEC, 0xEA,
    0xE3, 0x95, 0x9D, 0x63, 0xC5, 0x71, 0xF9, 0x3E, 0xE3, 0x3C, 0x2E, 0x14, 0x90, 0xC7, 0x6B, 0x0C,
    0x08, 0x58, 0x10, 0x7D, 0x9D, 0xDC, 0xDE, 0x7A, 0xDE, 0x99, 0xF2, 0xB8, 0x49, 0xFB, 0x04, 0xC4,
    0x71, 0xF8, 0x8E, 0x96, 0x05, 0x82, 0x1D, 0x8F, 0xD9, 0x33, 0xCA, 0x42, 0xE4, 0xEB, 0x01, 0xB9,
    0x7F, 0xB7, 0xC6, 0xE6, 0x3A, 0x85, 0xD8, 0xC0, 0x0E, 0xC5, 0x75, 0x5F, 0x27, 0xB9, 0x50, 0x1C,
    0xAF, 0x45, 0x59, 0x8B, 0x53, 0x69, 0xF6, 0x18, 0x50, 0xF4, 0x38, 0x3A, 0x79, 0x77, 0x52, 0xB6,
    0xA0, 0x1E, 0x2F, 0x2E, 0xBA, 0x8E, 0xC7, 0xC5, 0xA1, 0xC1, 0x7D, 0x5D, 0xC0, 0xEB, 0xCA, 0x37,
    0x0A, 0x30, 0xB0, 0x21, 0x0E, 0xA9, 0x3B, 0x7E, 0x5B, 0x1F, 0x87, 0xFF, 0x9A, 0xB5, 0xC3, 0x14,
    0x37, 0x7A, 0x24, 0x8C, 0xE3, 0x7F, 0xA8, 0xAF, 0x86, 0xBA, 0x8A, 0x0F, 0xD0, 0x50, 0x57, 0x2F,
    0xF0, 0x01, 0x7C, 0x95, 0x82, 0xF9, 0x5A, 0xF0, 0xEC, 0x4A, 0xDD, 0x6D, 0x61, 0xBC, 0x9B, 0xCC,
    0xF0, 0x3A, 0x6F, 0x9C, 0x58, 0x3F, 0x31, 0x72, 0x5A, 0xF5, 0x74, 0x68, 0x0B, 0x4B, 0x4C, 0x8C,
    0x96, 0xA3, 0x9F, 0x7F, 0xD5, 0x98, 0xF2, 0xA8, 0x09, 0x82, 0xA3, 0x10, 0x78, 0x0D, 0xE9, 0xE9,
    0x65, 0xCA, 0x1A, 0xF7, 0x5E, 0x6E, 0xBB, 0x9A, 0xC6, 0xB0, 0x0E, 0x73, 0xE8, 0x09, 0x96, 0x87,
    0x05, 0x9E, 0x36, 0xE4, 0xB0, 0x21, 0xA4, 0x5D, 0xC1, 0x06, 0x82, 0x86, 0x80, 0x99, 0x7E, 0xBA,
    0x5F, 0x92, 0x21, 0x4C, 0xD2, 0x14, 0x70, 0x00, 0x62, 0x45, 0xF7, 0x5E, 0x03, 0x57, 0x3E, 0x31,
    0xB3, 0xE5, 0xCA, 0x13, 0x3D, 0x54, 0xB0, 0x2A, 0x52, 0x00, 0x1F, 0x99, 0x5C, 0x00, 0xA8, 0x0A,
    0xCC, 0x94, 0x60, 0x04, 0x9F, 0x9A, 0xD6, 0xF6, 0x99, 0xDB, 0x6B, 0x18, 0xC5, 0x1C, 0xF9, 0xD0,
    0xB4, 0xCF, 0xCF, 0xC3, 0xE6, 0xB0, 0x5C, 0xE3, 0x5E, 0x1F, 0x99, 0x5C, 0x92, 0xF2, 0xE8, 0x6B,
    0x2F, 0x6B, 0x47, 0x4F, 0x81, 0xE5, 0x73, 0xEF, 0x04, 0xB0, 0xFA, 0x20, 0x70, 0x60, 0x3B, 0xFA,
    0x9E, 0x23, 0xA0, 0x59, 0x02, 0x3B, 0xFB, 0xDC, 0xC7, 0x7D, 0xF4, 0x0E, 0x0E, 0xC1, 0x65, 0x40,
    0x00, 0x6C, 0x10, 0xC3, 0x3E, 0xFA, 0x9A, 0x7D, 0xDB, 0xD1, 0x4B, 0xE9, 0x92, 0xCE, 0xBE, 0x30,
    0x65, 0x11, 0xEA, 0xB2, 0x26, 0xCA, 0x0B, 0x2B, 0x4F, 0xAC, 0x02, 0x68, 0x01, 0xDB, 0xA4, 0x01,
    0x7E, 0x8D, 0x06, 0x31, 0x49, 0xB8, 0x7A, 0xC2, 0xE6, 0x05, 0x6D, 0xC2, 0x8B, 0x90, 0xC0, 0x54,
    0xC0, 0x15, 0x40, 0x83, 0x7B, 0x02, 0x56, 0x60, 0x96, 0x60, 0x4A, 0x60, 0xD6, 0x63, 0xCD, 0xF5,
    0xBC, 0x9A, 0xD9, 0xFA, 0x46, 0xD8, 0x83, 0xF5, 0xBD, 0xCC, 0x1F, 0x58, 0x5A, 0x01, 0x56, 0xD4,
    0xC9, 0x18, 0x95, 0x4E, 0xCA, 0x06, 0x2C, 0x78, 0x60, 0x79, 0xE2, 0x3B, 0x92, 0xB4, 0x03, 0xFE,
    0x88, 0x21, 0xC0, 0xFA, 0xCC, 0x77, 0xE1, 0x6F, 0xA6, 0xAA, 0x33, 0x8B, 0x0F, 0x22, 0x80, 0xB6,
    0x5C, 0x6B, 0xE8, 0xDF, 0x8B, 0xD6, 0x9E, 0x58, 0x7B, 0xED, 0xD0, 0x9E, 0x7F, 0x37, 0xD0, 0x06,
    0x01, 0x71, 0xEC, 0x28, 0xC1, 0x00, 0xE6, 0x9B, 0x69, 0x8D, 0xD5, 0xCF, 0x5F, 0x7D, 0x5C, 0x8E,
    0x43, 0x24, 0xC2, 0x1A, 0x4F, 0x2E, 0xBC, 0x6F, 0xE6, 0x0D, 0x84, 0x29, 0xFD, 0x5E, 0x41, 0x17,
    0x1B, 0x00, 0x84, 0x2A, 0x54, 0x08, 0xFA, 0xE7, 0x2F, 0x1D, 0x97, 0x07, 0xAD, 0x5B, 0xCB, 0x3A,
    0xE8, 0x37, 0x4E, 0xBB, 0x96, 0xD0, 0x82, 0xC6, 0xCF, 0x77, 0x87, 0x91, 0x43, 0xAF, 0xA5, 0x15,
    0xCB, 0x96, 0x94, 0xA7, 0x34, 0x1C, 0xD6, 0xD2, 0x77, 0x73, 0x19, 0x2B, 0x43, 0xD4, 0xAC, 0x9B,
    0xC3, 0x02, 0xE8, 0x81, 0xE9, 0x96, 0xE0, 0x2E, 0xC0, 0x10, 0x4F, 0x7F, 0xA4, 0xB5, 0x8E, 0x9B,
    0x12, 0xCF, 0xC3, 0x7B, 0x0D, 0x6F, 0xBD, 0x4C, 0xB1, 0x8C, 0x1C, 0x7A, 0x2D, 0xAD, 0x97, 0x68,
    0x1A, 0xBB, 0xF7, 0xA1, 0x6B, 0x69, 0x53, 0x94, 0xD2, 0x69, 0x24, 0x96, 0x00, 0x56, 0xD3, 0x1E,
    0x22, 0xD6, 0xD0, 0xFA, 0x2A, 0x87, 0xA9, 0x80, 0x90, 0x12, 0x13, 0x51, 0x78, 0x1D, 0xCF, 0x1E,
    0x22, 0x38, 0x8D, 0xD4, 0xB4, 0x01, 0xFF, 0x96, 0x5A, 0x57, 0x11, 0x79, 0xDA, 0xC7, 0xFC, 0x26,
    0xBC, 0x66, 0xDD, 0x47, 0x06, 0x58, 0x71, 0xF1, 0x1A, 0x46, 0xAE, 0xFC, 0xC9, 0x27, 0x66, 0x76,
    0x1E, 0x39, 0x51, 0x01, 0xF6, 0x35, 0xF4, 0xDC, 0x80, 0x0D, 0x07, 0xE0, 0x13, 0x93, 0xDB, 0x00,
    0x97, 0x03, 0x5B, 0x34, 0x70, 0xB1, 0xFE, 0xD8, 0xB4, 0x9E, 0xBD, 0x2E, 0x99, 0x7A, 0x7E, 0x6C,
    0xDA, 0x2B, 0x97, 0x26, 0x82, 0xF2, 0x5B, 0x9A, 0xA0, 0x41, 0xD8, 0x3D, 0xDD, 0x6A, 0xA3, 0x8B,
    0xB8, 0x72, 0x01, 0x35, 0x8D, 0x4B, 0xB7, 0x42, 0xE9, 0x4A, 0x6B, 0xD0, 0x79, 0x32, 0x96, 0x87,
    0x76, 0xAF, 0x48, 0xDC, 0x2B, 0x20, 0x6C, 0xD8, 0x43, 0xAB, 0x69, 0x0E, 0x9D, 0xE1, 0x36, 0xAD,
    0xE1, 0x2D, 0xF1, 0x8A, 0x7B, 0xE2, 0xE9, 0x77, 0x86, 0x8F, 0x33, 0x59, 0xB1, 0x17, 0xF2, 0x90,
    0x92, 0x46, 0x0D, 0xB0, 0xB6, 0xA5, 0xA0, 0x1C, 0xC6, 0xFF, 0xDC, 0xA9, 0x4A, 0x69, 0xEA, 0x5D,
    0x2F, 0x70, 0xEC, 0xCF, 0xB8, 0x4E, 0x90, 0x1B, 0x1A, 0x94, 0xF3, 0x2D, 0x29, 0x01, 0x35, 0xAC,
    0xED, 0xF5, 0xCB, 0x8A, 0x31, 0xE0, 0xCA, 0x27, 0x66, 0x7E, 0xDD, 0xA9, 0xB6, 0x38, 0xF7, 0x51,
    0x7E, 0xBC, 0xFD, 0x71, 0xC9, 0x57, 0xC2, 0x8E, 0x61, 0x0D, 0xF7, 0x11, 0xE0, 0x83, 0x9F, 0x8D,
    0x1E, 0xD8, 0x34, 0xEA, 0x31, 0x40, 0xC2, 0xCA, 0xEC, 0xAA, 0x5D, 0x2F, 0x68, 0x6C, 0xB7, 0xA1,
    0x40, 0x58, 0x42, 0xE0, 0xC3, 0x74, 0xC0, 0x6B, 0x03, 0x6C, 0xB7, 0x0B, 0x40, 0xD3, 0xC8, 0x29,
    0x3F, 0xD2, 0xD5, 0xA7, 0x52, 0x1D, 0x58, 0xF1, 0x84, 0x34, 0x69, 0xAC, 0x4C, 0x58, 0x11, 0xF9,
    0x2B, 0x84, 0x95, 0x35, 0x26, 0xD5, 0xE0, 0x65, 0xBE, 0x55, 0x08, 0xA6, 0x2E, 0xC1, 0x5A, 0xD1,
    0x4E, 0xAD, 0x4E, 0x19, 0xC6, 0x74, 0x83, 0x28, 0x6A, 0x68, 0x33, 0xAA, 0xE5, 0xD0, 0x77, 0x6B,
    0xDA, 0x43, 0xD3, 0xBC, 0x56, 0x35, 0xF4, 0x1E, 0xA2, 0x69, 0x60, 0x75, 0xC5, 0xD3, 0x6A, 0x3B,
    0x16, 0xAE, 0x69, 0x06, 0xAA, 0x50, 0xA3, 0xDA, 0x94, 0x58, 0xC2, 0x9C, 0xAF, 0x81, 0xD1, 0x02,
    0xB0, 0x64, 0xAD, 0xF4, 0x49, 0xA8, 0x69, 0x44, 0x13, 0xB3, 0x71, 0x36, 0x09, 0x97, 0x98, 0x73,
    0x12, 0x34, 0xAB, 0x09, 0x65, 0xC8, 0xE5, 0x6D, 0xCD, 0x1E, 0x7E, 0x9D, 0xE8, 0x35, 0x50, 0xBC,
    0xB7, 0xC6, 0x06, 0x08, 0x50, 0x62, 0x5F, 0x85, 0x67, 0xB1, 0xB1, 0x71, 0xE1, 0xF2, 0xB6, 0x1A,
    0x5E, 0x17, 0x42, 0xCE, 0x35, 0x9A, 0xAB, 0x15, 0xF0, 0xDE, 0x7B, 0xF0, 0x6C, 0x22, 0x35, 0x9B,
    0x67, 0xBF, 0x7D, 0x7E, 0xB4, 0xCF, 0x63, 0xB7, 0xC2, 0xB2, 0xF6, 0x5E, 0x09, 0x7A, 0x6F, 0x1D,
    0x53, 0xBA, 0x08, 0xB5, 0x94, 0x8D, 0xCA, 0xAA, 0x89, 0xB4, 0x1E, 0x72, 0x08, 0x01, 0x8D, 0x24,
    0xB5, 0x4F, 0x23, 0x03, 0x10, 0x91, 0xD0, 0xCF, 0x16, 0x9B, 0xEC, 0xAB, 0xE9, 0x50, 0x4A, 0xE5,
    0x8D, 0x0B, 0xA2, 0x30, 0x09, 0x4F, 0xCF, 0xC0, 0x53, 0x44, 0xF6, 0x6C, 0x46, 0xC3, 0x4B, 0x13,
    0x10, 0x90, 0x51, 0x56, 0x2E, 0x81, 0x0A, 0x2E, 0x40, 0x24, 0x44, 0x01, 0x05, 0x59, 0xA0, 0xDA,
    0xC7, 0x0A, 0x6C, 0x5D, 0x08, 0x9E, 0x4F, 0x8F, 0xED, 0xAA, 0x1F, 0xB3, 0x7E, 0xE3, 0xD5, 0x58,
    0x8D, 0x5E, 0x52, 0x8E, 0xF6, 0xDB, 0xFA, 0x14, 0xCF, 0xE7, 0xDD, 0xC0, 0xC6, 0x7B, 0x6B, 0x38,
    0xEB, 0x1E, 0xBB, 0xD9, 0xD7, 0x03, 0xC7, 0xB0, 0xB7, 0xD5, 0xB0, 0x0A, 0xBC, 0x22, 0x47, 0xB3,
    0x0A, 0xE0, 0xBD, 0xF7, 0x50, 0xD0, 0xB0, 0xF6, 0x5B, 0xB5, 0xA6, 0xD6, 0xB7, 0xB7, 0xE7, 0x6B,
    0x6F, 0xDE, 0x58, 0xE3, 0x85, 0xC3, 0xC6, 0x3F, 0x98, 0xEA, 0x5C, 0x74, 0x23, 0x68, 0xCF, 0xB2,
    0x4A, 0x12, 0xE6, 0x48, 0xC3, 0xB7, 0x5E, 0x6B, 0x53, 0x1F, 0xB7, 0xD6, 0x6D, 0x6D, 0xEA, 0x01,
    0x13, 0x2E, 0x88, 0x6F, 0xBD, 0x5C, 0xED, 0x6A, 0xE0, 0x6A, 0xCD, 0x4C, 0x88, 0x35, 0x98, 0x20,
    0xEE, 0xC9, 0xC5, 0x0A, 0x66, 0x6B, 0x94, 0xED, 0xEA, 0x8E, 0xF2, 0x0E, 0xAC, 0x05, 0xDD, 0xA0,
    0x9E, 0xFD, 0x6B, 0x13, 0x56, 0x31, 0x5A, 0x7A, 0x3E, 0x1E, 0xAA, 0xC8, 0x2B, 0xA8, 0x37, 0x48,
    0x15, 0xE4, 0xCB, 0xF9, 0x34, 0x4A, 0x25, 0xBA, 0xA9, 0x71, 0x21, 0xBC, 0x88, 0x83, 0xFC, 0x29,
    0x92, 0xA9, 0x27, 0x14, 0xAC, 0xA7, 0x24, 0xC1, 0x8A, 0xE7, 0x0F, 0x65, 0x63, 0xD2, 0x48, 0x5A,
    0x81, 0x75, 0xCF, 0xC6, 0x68, 0x7A, 0x6D, 0xB4, 0xA0, 0xE7, 0x23, 0x5B, 0x5E, 0x2E, 0x25, 0x6A,
    0x60, 0x5B, 0x1F, 0x4A, 0x2B, 0xF0, 0x84, 0x8D, 0xF7, 0xD6, 0xB0, 0x04, 0xAF, 0xC7, 0x87, 0x92,
    0x7D, 0x8F, 0x91, 0x86, 0xBD, 0xAF, 0x46, 0x93, 0xA6, 0x5B, 0xBA, 0x0B, 0x43, 0xC0, 0x7B, 0xEF,
    0xC1, 0xCA, 0xD3, 0x3A, 0xF6, 0x56, 0x9E, 0xEF, 0x9E, 0x9F, 0x00, 0x94, 0x7B, 0x8B, 0xD7, 0x5F,
    0x2C, 0x00, 0x00, 0x5E, 0xFF, 0x9D, 0xE9, 0x56, 0x84, 0x94, 0xF4, 0xF9, 0x45, 0xCE, 0x8B, 0x11,
    0xC6, 0xEE, 0x23, 0x91, 0x97, 0x67, 0x0C, 0xDA, 0xCB, 0x6F, 0xA3, 0xE2, 0x3D, 0x47, 0x59, 0x3C,
    0xBD, 0xF1, 0xB4, 0x26, 0x70, 0x21, 0x42, 0x6A, 0xDA, 0x95, 0xE0, 0x3C, 0x1F, 0x6F, 0x17, 0x40,
    0xC3, 0xF3, 0xA3, 0x81, 0xCA, 0xB4, 0xE3, 0x45, 0xF0, 0x73, 0xAC, 0x10, 0xD6, 0x26, 0x90, 0xBC,
    0x89, 0xF2, 0x3E, 0xAB, 0xE7, 0xE0, 0xAC, 0x6B, 0x05, 0x38, 0x7F, 0xBC, 0xF8, 0xCB, 0x61, 0xB5,
    0x80, 0xCD, 0x13, 0x8A, 0x82, 0x24, 0xFF, 0x64, 0xF1, 0xB6, 0x02, 0x79, 0x0F, 0x8A, 0xFD, 0x47,
    0xFE, 0x8D, 0x9B, 0xB6, 0xE2, 0xC0, 0x07, 0x91, 0x40, 0x03, 0x3C, 0x05, 0x08, 0xA5, 0x5A, 0x83,
    0xC7, 0xD9, 0x35, 0xD6, 0x38, 0x34, 0x1B, 0x68, 0x10, 0xF4, 0xA0, 0xC0, 0x73, 0x70, 0x4B, 0xF0,
    0xAF, 0x04, 0x13, 0x07, 0xF4, 0x33, 0x75, 0x10, 0x96, 0xA0, 0x89, 0x03, 0xD1, 0x67, 0x1C, 0x3D,
    0xB0, 0xDF, 0x10, 0x8D, 0x7D, 0x49, 0xFF, 0x25, 0x23, 0xAD, 0xF1, 0x49, 0x59, 0x61, 0xBF, 0xC7,
    0x27, 0x69, 0x22, 0x30, 0x69, 0x4E, 0x55, 0xFF, 0xBF, 0x5A, 0x28, 0x0F, 0xF0, 0x6C, 0x88, 0xD4,
    0xC1, 0xFC, 0x11, 0x3E, 0xE1, 0xBF, 0xEE, 0x3F, 0xCD, 0xDB, 0x5B, 0x4E, 0x24, 0x3D, 0x0F, 0xC6,
    0xF1, 0xBF, 0xE4, 0x5B, 0x24, 0x6F, 0xA5, 0x17, 0x50, 0x92, 0xB7, 0x6E, 0x89, 0x05, 0xB0, 0x15,
    0x4B, 0x73, 0x6B, 0xE9, 0xF9, 0x94, 0xD4, 0xB1, 0xE9, 0xF7, 0x00, 0x7C, 0xCD, 0x0B, 0x51, 0xE5,
    0x97, 0x9A, 0x19, 0xA0, 0x62, 0x27, 0xD3, 0xA9, 0x13, 0x20, 0x25, 0xBB, 0x8F, 0xC5, 0x6B, 0xDA,
    0xA7, 0xCB, 0xAA, 0xA6, 0x31, 0xAC, 0xCD, 0x1C, 0x7A, 0x82, 0xE5, 0x66, 0x81, 0xA7, 0x0D, 0xD9,
    0x6C, 0x08, 0x69, 0x55, 0xB0, 0x80, 0xA0, 0x21, 0xA0, 0x20, 0x72, 0xD5, 0x0A, 0x3C, 0x43, 0x98,
    0xA4, 0xA9, 0xAB, 0x19, 0xF5, 0x7D, 0x31, 0x25, 0xA1, 0xA6, 0x11, 0x4D, 0xCC, 0xCA, 0x5E, 0x25,
    0x5C, 0x22, 0x32, 0x10, 0x41, 0x5F, 0xAA, 0x50, 0x86, 0x5C, 0xDE, 0xD6, 0x58, 0x52, 0x0C, 0x13,
    0x28, 0x3B, 0xF3, 0x11, 0xDA, 0xE3, 0xFE, 0x9D, 0x59, 0x59, 0x78, 0x61, 0x61, 0xC1, 0x69, 0x5C,
    0x85, 0x29, 0x41, 0x4F, 0xCE, 0xCE, 0x67, 0xA3, 0xB5, 0x6B, 0xB4, 0x0F, 0x71, 0xFA, 0x1E, 0x67,
    0xAF, 0x71, 0x4E, 0x03, 0xEA, 0x30, 0x39, 0x13, 0x54, 0xBA, 0x44, 0x0B, 0xE0, 0x03, 0x96, 0x69,
    0x0D, 0xEC, 0x22, 0xCA, 0xE9, 0x33, 0xE2, 0x2E, 0xB0, 0x04, 0xDF, 0x8E, 0xD6, 0x5B, 0xD5, 0xDA,
    0x43, 0x28, 0xC0, 0x07, 0x31, 0xD0, 0xDE, 0x07, 0xBB, 0xE6, 0xBE, 0x08, 0x75, 0x59, 0x13, 0xE5,
    0xB5, 0xE6, 0xC5, 0x2A, 0x80, 0x16, 0xB0, 0x4C, 0x1A, 0xE0, 0x9F, 0xD1, 0x20, 0x26, 0x09, 0x37,
    0x4F, 0x58, 0xBC, 0xA0, 0x4D, 0x78, 0x11, 0x12, 0x98, 0xEA, 0xEC, 0xE9, 0x3E, 0x68, 0x7B, 0xE7,
    0xF7, 0x12, 0x85, 0x49, 0x78, 0x7A, 0x06, 0x9E, 0x22, 0xB2, 0x67, 0x35, 0x1A, 0x1E, 0xAA, 0x80,
    0x80, 0x8C, 0xB2, 0x72, 0x09, 0x8E, 0x63, 0xA0, 0x35, 0x40, 0x70, 0x15, 0x04, 0x0D, 0x37, 0x5E,
    0x80, 0x9F, 0x0C, 0xDF, 0x01, 0x4F, 0x88, 0x82, 0xEE, 0x79, 0x2C, 0x4F, 0xC7, 0xB0, 0x27, 0x86,
    0x1F, 0x00, 0x3A, 0x08, 0x7E, 0x38, 0xE8, 0x3D, 0xE0, 0xC8, 0x75, 0x9F, 0x27, 0x8F, 0xF7, 0x1C,
    0xD6, 0xA0, 0xB7, 0xA1, 0x36, 0xE5, 0xDE, 0xBB, 0xE5, 0x87, 0x43, 0x37, 0x6C, 0x1D, 0xDF, 0x5A,
    0xA0, 0xFB, 0x92, 0x86, 0x27, 0xA7, 0xA0, 0x58, 0xD8, 0x72, 0x80, 0xBF, 0x15, 0x7B, 0x16, 0x10,
    0x8F, 0x79, 0x00, 0x49, 0x35, 0x55, 0x62, 0x45, 0xD4, 0xD0, 0x7A, 0x88, 0xA6, 0x91, 0xA7, 0x7E,
    0xB5, 0xFE, 0xC6, 0x3C, 0x8D, 0x55, 0x4E, 0x7B, 0xB8, 0x6E, 0x4A, 0x24, 0x89, 0x61, 0x02, 0x44,
    0xC7, 0x40, 0x60, 0x1D, 0x40, 0xFB, 0xC1, 0x32, 0xA8, 0x01, 0x44, 0x37, 0x26, 0x35, 0x9E, 0xDE,
    0x04, 0x34, 0xFD, 0x11, 0x6C, 0x43, 0x78, 0x13, 0x19, 0x8D, 0xAB, 0x95, 0xA6, 0x54, 0x9E, 0x0B,
    0x5A, 0x41, 0xE3, 0x3D, 0x44, 0xD3, 0xC8, 0xA1, 0xD7, 0xA9, 0x5D, 0x6D, 0x49, 0xB9, 0x4B, 0xC3,
    0x66, 0x9D, 0xFA, 0x6A, 0x9E, 0x06, 0xF4, 0xB6, 0x45, 0x11, 0x92, 0x72, 0x58, 0x00, 0xD1, 0x3B,
    0xEC, 0xB8, 0x94, 0x2B, 0xD0, 0x7C, 0x5F, 0x1A, 0x90, 0x92, 0xC9, 0xE3, 0x34, 0xE9, 0x81, 0xB0,
    0x22, 0x06, 0xBE, 0xB3, 0x2D, 0x9B, 0x58, 0x51, 0x3B, 0x56, 0x98, 0xB4, 0x53, 0x36, 0xE0, 0x84,
    0x03, 0xCB, 0x1D, 0x5F, 0x91, 0xA4, 0x15, 0x3B, 0xD7, 0xD1, 0xBF, 0xF9, 0xA0, 0x88, 0x0C, 0x3C,
    0x1B, 0xAF, 0xC6, 0x6A, 0xB4, 0xDB, 0x37, 0xE7, 0xBF, 0xFD, 0x2F, 0xB1, 0xA4, 0x60, 0x52, 0xB6,
    0x47, 0x1C, 0x02, 0xBC, 0x7F, 0x38, 0x6C, 0xC7, 0x70, 0x1C, 0xCB, 0xC0, 0xD4, 0xFB, 0x22, 0xFE,
    0xD4, 0xF0, 0xB1, 0x02, 0xBC, 0x77, 0xAC, 0x7E, 0x38, 0x68, 0x3C, 0x21, 0xB6, 0xEA, 0xF9, 0xF4,
    0xF1, 0xBE, 0x0B, 0x49, 0xDF, 0x16, 0x52, 0x5C, 0x43, 0x82, 0x05, 0xA0, 0x00, 0x4B, 0xC0, 0x4F,
    0x04, 0x58, 0xFF, 0xBF, 0x91, 0x25, 0x6A, 0xB0, 0x02, 0x4F, 0x70, 0x20, 0xF6, 0xDA, 0xE0, 0xFB,
    0x2C, 0x6F, 0x4B, 0x88, 0xB8, 0x1E, 0x17, 0x7E, 0x7A, 0xC0, 0x6D, 0x9F, 0xE5, 0xB5, 0x80, 0xAE,
    0xCB, 0xE1, 0x53, 0x07, 0x7E, 0x1F, 0x04, 0xC4, 0xB1, 0x10, 0xBA, 0x0A, 0x08, 0x9A, 0xFD, 0x34,
    0xF0, 0xE1, 0xCC, 0x80, 0x50, 0x17, 0x26, 0xA2, 0xF0, 0x62, 0xF6, 0x1D, 0x9A, 0x60, 0x77, 0x41,
    0xD3, 0x06, 0xF8, 0x6B, 0x43, 0x75, 0x48, 0xA3, 0x8B, 0x91, 0xA7, 0x5E, 0x58, 0x63, 0x22, 0x1A,
    0x42, 0x5A, 0xC0, 0x54, 0x0B, 0x38, 0x40, 0x24, 0xA0, 0x49, 0x31, 0x63, 0xC7, 0x73, 0x81, 0x17,
    0x1C, 0xF6, 0xF9, 0x14, 0x89, 0x4A, 0xE9, 0xD2, 0x6B, 0x8E, 0x64, 0x11, 0x78, 0x11, 0xD8, 0x23,
    0xE9, 0x89, 0x49, 0xE0, 0xEA, 0xFD, 0x10, 0x27, 0x52, 0xE1, 0x52, 0x63, 0x92, 0x08, 0x10, 0x0D,
    0x71, 0x20, 0x84, 0x35, 0xB1, 0x8E, 0xFE, 0x99, 0xC0, 0x85, 0x05, 0x88, 0xA9, 0xAB, 0x0E, 0x11,
    0xBF, 0x35, 0xBD, 0x86, 0x25, 0x96, 0x06, 0x56, 0x0E, 0x48, 0x83, 0x06, 0xA2, 0x7E, 0x45, 0x66,
    0x89, 0x01, 0xBA, 0x18, 0xBF, 0x35, 0x9B, 0x7B, 0xB6, 0x6A, 0xC7, 0x13, 0x80, 0x9F, 0x4F, 0xE4,
    0x6F, 0x4A, 0xD2, 0x7D, 0xD1, 0x83, 0x7E, 0xB1, 0xA7, 0xB7, 0x69, 0x1E, 0x2B, 0x08, 0x3B, 0x91,
    0x80, 0xD7, 0x20, 0x7F, 0x45, 0x92, 0xB1, 0x64, 0xEF, 0x12, 0xD1, 0x43, 0x89, 0xFD, 0xF6, 0x8A,
    0x43, 0x72, 0x2D, 0x52, 0x9A, 0xB4, 0x6A, 0x05, 0x91, 0x9F, 0x50, 0x92, 0x76, 0x0B, 0xE2, 0xD3,
    0x5E, 0x8F, 0xCE, 0xE3, 0xFA, 0xF0, 0x76, 0xAE, 0x0F, 0xC5, 0xFB, 0x61, 0x33, 0x0D, 0x7D, 0x4A,
    0x7C, 0x44, 0xD3, 0x30, 0x54, 0x10, 0x8B, 0x35, 0x44, 0x72, 0xCA, 0x97, 0x35, 0xB5, 0xAB, 0x56,
    0xEF, 0xF2, 0xD9, 0xEF, 0xAF, 0xD6, 0x74, 0x29, 0x0F, 0x57, 0x71, 0x0F, 0xF9, 0xF4, 0xCF, 0xD8,
    0xEF, 0xF3, 0xE9, 0x0D, 0x10, 0x53, 0x2E, 0x86, 0x1A, 0xD0, 0x94, 0xE6, 0xA2, 0xF7, 0x50, 0x4A,
    0xE8, 0xF2, 0x02, 0x61, 0x87, 0xFD, 0x75, 0x5D, 0x15, 0xCA, 0xCD, 0x24, 0xFA, 0xA5, 0xD4, 0x37,
    0x2F, 0x00, 0x08, 0x55, 0xA8, 0x10, 0xF4, 0xE7, 0x37, 0x6D, 0xDF, 0xEE, 0x79, 0x8B, 0x5E, 0x4A,
    0x75, 0xF3, 0xBC, 0xCE, 0x10, 0x17, 0xC4, 0x87, 0x36, 0x57, 0xBB, 0x5A, 0x4A, 0x29, 0xD9, 0xCB,
    0xFA, 0x47, 0x6B, 0xAC, 0x3E, 0xBF, 0x35, 0x52, 0x1E, 0x1B, 0x97, 0xE2, 0x4D, 0x7C, 0x38, 0xC6,
    0x35, 0xC0, 0xE2, 0xE5, 0xC6, 0xB2, 0xD0, 0xA1, 0x72, 0xA5, 0x89, 0x27, 0x66, 0x2F, 0xA9, 0x22,
    0xDB, 0x32, 0x44, 0x08, 0xEF, 0xAF, 0xF7, 0xF3, 0x29, 0x19, 0xA3, 0xB0, 0xC4, 0x8F, 0xC1, 0xE9,
    0x7D, 0xA5, 0xD8, 0x77, 0xAE, 0x25, 0x0A, 0x7D, 0xF4, 0x10, 0xFF, 0xF2, 0xF3, 0xAD, 0xF1, 0xC6,
    0xEA, 0x99, 0xA3, 0xFF, 0x85, 0xEE, 0x49, 0x89, 0x5D, 0x5A, 0x6B, 0xD8, 0x03, 0xFF, 0x8F, 0x5A,
    0xDB, 0xDA, 0x48, 0xCF, 0xC7, 0xB6, 0x89, 0x0C, 0x90, 0xD2, 0xD5, 0xB3, 0xDD, 0xAF, 0x65, 0x3D,
    0xBD, 0x89, 0xF4, 0x22, 0xD2, 0x06, 0xF0, 0x58, 0xA2, 0x4C, 0xA9, 0x81, 0x15, 0xFE, 0x7F, 0x21,
    0xE5, 0x06, 0x70, 0x12, 0xEC, 0x34, 0x60, 0x75, 0xBF, 0x78, 0x17, 0x10, 0x83, 0x6E, 0xB0, 0x72,
    0x70, 0x2C, 0x39, 0x8B, 0x4B, 0x1B, 0x78, 0xFE, 0xFF, 0xBC, 0x0C, 0x66, 0xE6, 0x34, 0x21, 0x20,
    0x52, 0x10, 0xEA, 0x7D, 0xAD, 0xDB, 0x27, 0x5F, 0x04, 0x8B, 0x67, 0x59, 0x25, 0x09, 0x44, 0x8F,
    0x8D, 0xCF, 0x6F, 0xB6, 0x9F, 0x5A, 0x05, 0xBC, 0x80, 0x94, 0xA1, 0x7C, 0x3F, 0xA1, 0x73, 0xE8,
    0x0C, 0x97, 0xA1, 0xD5, 0xD0, 0x73, 0x18, 0x0C, 0x7B, 0xF8, 0x67, 0x2A, 0x4D, 0x63, 0xD8, 0xDB,
    0x03, 0x9B, 0x1A, 0xDA, 0x6A, 0x0F, 0xD1, 0x34, 0x72, 0xB7, 0xF1, 0x42, 0x4A, 0x53, 0x49, 0x89,
    0x92, 0xBB, 0x12, 0x53, 0x4D, 0x23, 0x87, 0xCE, 0xE9, 0x32, 0xBD, 0xED, 0xC3, 0xA5, 0x81, 0xFD,
    0x0B, 0xA6, 0xB2, 0xF2, 0x01, 0xC2, 0xCA, 0xAE, 0x77, 0x94, 0xAD, 0x7A, 0x84, 0x53, 0x83, 0x06,
    0x2B, 0x0D, 0x22, 0x67, 0x28, 0x83, 0x5E, 0x03, 0xB1, 0x46, 0x29, 0x11, 0x2D, 0xE1, 0xC5, 0xA5,
    0xAC, 0xA9, 0x00, 0x98, 0x2C, 0x07, 0xFB, 0x1C, 0x53, 0xB9, 0x4A, 0x5F, 0xE8, 0x41, 0xD4, 0xDE,
    0x8D, 0xC7, 0x1E, 0x5C, 0x2F, 0x41, 0x01, 0xEB, 0xFD, 0x4F, 0x2F, 0xD7, 0xA5, 0x6A, 0xC3, 0x8A,
    0xE7, 0x60, 0xB9, 0xE3, 0xEF, 0x6E, 0xAC, 0x30, 0x61, 0x01, 0x6D, 0x43, 0x1C, 0x70, 0xFB, 0xF4,
    0xC7, 0xF1, 0xBF, 0x7C, 0x0E, 0xFE, 0x44, 0x48, 0x67, 0xB1, 0x1A, 0xF4, 0xCE, 0x39, 0xCA, 0x36,
    0x20, 0x9F, 0x1A, 0xEA, 0x71, 0xC8, 0x75, 0xEC, 0x59, 0xA0, 0xB0, 0x82, 0x04, 0xD8, 0x3A, 0x21,
    0xE5, 0x64, 0xC1, 0x8A, 0x3E, 0x6E, 0x02, 0xE5, 0x37, 0xE6, 0x23, 0xAA, 0x55, 0xB2, 0x8A, 0xB9,
    0x2D, 0x73, 0xAB, 0xFF, 0x66, 0x34, 0x63, 0x92, 0x07, 0x5F, 0xEA, 0x3D, 0xA8, 0xC0, 0x3E, 0x54,
    0x3D, 0xAD, 0x62, 0xAB, 0x9E, 0xFF, 0xF6, 0xF5, 0x52, 0xCE, 0x1A, 0x2A, 0x56, 0x68, 0xE0, 0x91,
    0x84, 0xB6, 0x41, 0x24, 0xA8, 0x01, 0x25, 0x58, 0x03, 0x31, 0xE8, 0x41, 0x0E, 0xD8, 0xA9, 0x1D,
    0x3B, 0xF0, 0x0A, 0x49, 0x39, 0xF9, 0xFB, 0x79, 0x77, 0xB3, 0x2A, 0x53, 0x99, 0xB6, 0xB9, 0xF9,
    0xA7, 0x78, 0xFD, 0xB7, 0x79, 0xB7, 0x70, 0x1C, 0xDA, 0xA6, 0x7E, 0xB9, 0x61, 0x74, 0x63, 0x2F,
    0xD7, 0x27, 0xEA, 0xA6, 0xC4, 0x73, 0xF3, 0xAD, 0x86, 0xAF, 0x7D, 0x9A, 0xBA, 0x18, 0x39, 0xF4,
    0x3A, 0xB5, 0x3E, 0x45, 0xD3, 0x58, 0x7D, 0x1B, 0xBA, 0x4E, 0x6D, 0x8A, 0x52, 0xDA, 0x8D, 0x04,
    0xBF, 0x5E, 0x68, 0x5F, 0x9F, 0xA2, 0x27, 0x97, 0xA2, 0x54, 0xA2, 0x57, 0x35, 0x2E, 0x84, 0x17,
    0xB1, 0x91, 0x9F, 0x45, 0x32, 0xF5, 0xE4, 0x37, 0xA5, 0xE1, 0x5A, 0x3C, 0x87, 0x51, 0xE7, 0x00,
    0x5A, 0x9E, 0xFA, 0x80, 0x97, 0xEF, 0x4A, 0xCA, 0xC3, 0x02, 0x79, 0xC0, 0xE3, 0x02, 0x89, 0x63,
    0x09, 0x56, 0xCE, 0x3E, 0xFB, 0x89, 0x7E, 0xDF, 0x6F, 0x7E, 0xE3, 0xC4, 0xBB, 0x71, 0x83, 0xA2,
    0x20, 0x2C, 0xC1, 0x95, 0x60, 0x3A, 0x62, 0xAD, 0x6F, 0x9F, 0x7D, 0x01, 0x80, 0xF2, 0xBD, 0xF6,
    0x70, 0xD2, 0xD4, 0xD3, 0x8C, 0x8A, 0x86, 0x28, 0x09, 0xEC, 0x4F, 0x6E, 0x67, 0x64, 0xEF, 0xAC,
    0x4F, 0xDA, 0x33, 0x10, 0xA5, 0xB4, 0xAA, 0xC7, 0x11, 0x7A, 0xFB, 0xE7, 0x11, 0x8A, 0x7F, 0x1C,
    0x21, 0x56, 0x75, 0x1D, 0x9B, 0xCB, 0x08, 0xD9, 0xE3, 0x08, 0xC5, 0xE6, 0x3F, 0xDD, 0xFE, 0x69,
    0x8E, 0xB5, 0xDB, 0x13, 0xA5, 0x72, 0x8C, 0x8E, 0x0B, 0x79, 0x11, 0xB3, 0xE6, 0xC7, 0xAA, 0xB4,
    0x56, 0xB8, 0xAB, 0x0D, 0x9C, 0x8F, 0x81, 0x5C, 0x0D, 0x9B, 0x8F, 0xC5, 0x54, 0x40, 0x48, 0x79,
    0xB9, 0x15, 0xDA, 0x78, 0x82, 0x08, 0x76, 0x23, 0x35, 0x6D, 0xC0, 0x3F, 0xA4, 0xCE, 0xEF, 0x22,
    0x72, 0xF7, 0x72, 0x2B, 0xD4, 0x0B, 0x42, 0xDA, 0xFB, 0xF0, 0xF7, 0xCF, 0x76, 0x1B, 0x93, 0xD2,
    0xD3, 0x2B, 0xB0, 0xEE, 0x59, 0x19, 0x55, 0x8F, 0x95, 0x16, 0xF4, 0x5C, 0x3C, 0xCB, 0xCF, 0x27,
    0x62, 0x0B, 0x0E, 0xBC, 0x4C, 0x9D, 0x65, 0xA8, 0x3E, 0xA2, 0x47, 0xF9, 0x6B, 0xB3, 0x82, 0xA5,
    0xA5, 0x61, 0xE5, 0x20, 0xED, 0x0F, 0xC6, 0x9E, 0x9B, 0x1D, 0x9C, 0x02, 0xE2, 0xB5, 0x01, 0xBD,
    0x15, 0x58, 0x47, 0xEE, 0x9D, 0x36, 0xF2, 0xF7, 0xE5, 0x05, 0xCB, 0xC2, 0x5F, 0x1B, 0x7F, 0x2D,
    0xC2, 0x93, 0x25, 0xA0, 0x6E, 0xCF, 0xCD, 0x8B, 0x69, 0xEC, 0x17, 0x21, 0x8D, 0xD6, 0x84, 0xDE,
    0xD2, 0xDA, 0x0B, 0x53, 0xD2, 0x9E, 0xA0, 0x79, 0xE4, 0xB3, 0x8D, 0x04, 0xCD, 0xD6, 0xE8, 0x4B,
    0xEB, 0xE9, 0x6B, 0x2B, 0xDD, 0xB7, 0xE9, 0x5B, 0x6B, 0x47, 0xAB, 0xBB, 0x9F, 0x03, 0xB1, 0xB6,
    0x1E, 0xEB, 0xF1, 0x7C, 0x3B, 0x7E, 0x98, 0xF0, 0xB7, 0xA4, 0xB7, 0xFE, 0xF5, 0xD6, 0xDF, 0x26,
    0x1A, 0x5F, 0xC3, 0x5F, 0x33, 0xF0, 0xA7, 0x66, 0x12, 0x94, 0x56, 0x0D, 0xE2, 0xB1, 0x41, 0xD2,
    0xB5, 0x01, 0xEE, 0x1B, 0x81, 0x12, 0x02, 0x53, 0x72, 0x8B, 0x72, 0xB5, 0xB5, 0x4B, 0xAF, 0x5B,
    0xAE, 0xA2, 0x8F, 0x05, 0x33, 0xA6, 0xCA, 0xF3, 0x34, 0x2E, 0x87, 0x2F, 0x1C, 0x45, 0x52, 0x4E,
    0x1F, 0xAF, 0xD4, 0x57, 0xFD, 0x62, 0xAC, 0x1E, 0x57, 0xF6, 0x52, 0x4D, 0x79, 0xBC, 0xEE, 0x3F,
    0x45, 0x17, 0x83, 0xCB, 0x4F, 0x2E, 0xA4, 0x72, 0xE5, 0x3A, 0x9E, 0x50, 0x60, 0x97, 0x37, 0x0E,
    0xE3, 0x7E, 0xF5, 0x8C, 0x14, 0x7A, 0x55, 0xC6, 0x9B, 0xA7, 0x77, 0xA4, 0xD7, 0xA8, 0x9E, 0x9E,
    0xF0, 0x6F, 0x55, 0xCA, 0x51, 0x7F, 0x55, 0xB4, 0xD7, 0x12, 0x1F, 0x7C, 0xDA, 0xF4, 0x8C, 0x1C,
    0xEC, 0xC5, 0x13, 0xBC, 0xD6, 0x4A, 0x1D, 0x4B, 0x14, 0x06, 0x58, 0x52, 0x40, 0x5B, 0x02, 0x11,
    0x00, 0xDE, 0x43, 0x9B, 0x52, 0xD3, 0xDF, 0x38, 0x8B, 0x5E, 0x8E, 0xF7, 0x73, 0x16, 0x50, 0x81,
    0x1E, 0xDF, 0x5C, 0x78, 0x4E, 0x16, 0x17, 0x40, 0xF7, 0xB3, 0xF5, 0xB6, 0x1F, 0xA0, 0x16, 0x93,
    0x16, 0x2F, 0xEF, 0x80, 0xBD, 0x2E, 0xB3, 0x26, 0x44, 0x81, 0x0B, 0x6C, 0xBF, 0x4F, 0x6A, 0x2A,
    0xF0, 0x06, 0x13, 0x5B, 0x8F, 0x47, 0xDD, 0x3F, 0x0C, 0x55, 0x56, 0x7F, 0xA4, 0xAC, 0x68, 0xB0,
    0xC4, 0x67, 0xEC, 0x01, 0x7D, 0x9E, 0x17, 0x9B, 0x96, 0x50, 0x07, 0xDD, 0x2C, 0x73, 0x43, 0x49,
    0x08, 0x57, 0x11, 0x0D, 0xBA, 0x11, 0x73, 0x2F, 0x44, 0x4B, 0xF5, 0x47, 0x89, 0x25, 0xF8, 0x76,
    0x20, 0x09, 0x1B, 0x29, 0x80, 0x84, 0xFF, 0x20, 0x8C, 0x05, 0xC4, 0xFA, 0xA9, 0xE9, 0x56, 0x0B,
    0xCB, 0x8D, 0xDB, 0x17, 0xC3, 0xF8, 0xD6, 0x6C, 0x03, 0x5E, 0xF0, 0xD2, 0xC0, 0x02, 0xB7, 0x05,
    0xD4, 0xE0, 0xF5, 0xA5, 0xAE, 0x16, 0x08, 0x66, 0xEA, 0xCD, 0xD3, 0x95, 0x26, 0x1C, 0x72, 0xA4,
    0x9E, 0xD6, 0xF1, 0x6A, 0x10, 0x96, 0xFC, 0x17, 0xC3, 0x70, 0x1B, 0x01, 0x2D, 0x6E, 0xE5, 0x6F,
    0x69, 0x02, 0xC1, 0xF2, 0xF5, 0x09, 0xE5, 0x92, 0x94, 0xB1, 0x9A, 0xFB, 0x7B, 0x41, 0x96, 0xCB,
    0xB0, 0x86, 0x54, 0x4D, 0x19, 0xF2, 0x3C, 0x63, 0xE8, 0x52, 0xEE, 0x5E, 0x2E, 0x6E, 0x21, 0x6A,
    0x48, 0x0F, 0x72, 0xAA, 0x3A, 0xBE, 0xAB, 0xB6, 0xCD, 0xEA, 0xF8, 0x34, 0x69, 0xA9, 0x3F, 0xF6,
    0x38, 0xC7, 0x4D, 0x42, 0x85, 0xC3, 0x0B, 0x78, 0x41, 0x93, 0x8D, 0x8A, 0x48, 0x5E, 0xB0, 0x04,
    0xCF, 0x00, 0xAC, 0xDF, 0x1F, 0x17, 0xE7, 0xBE, 0xFC, 0xA6, 0xEC, 0x05, 0x68, 0x58, 0x4E, 0x05,
    0xB5, 0x58, 0xD5, 0x17, 0x92, 0x83, 0x44, 0xD4, 0x13, 0xE2, 0x0A, 0xA9, 0x40, 0xD3, 0xAF, 0xC7,
    0xF5, 0x81, 0xB1, 0x7E, 0xF8, 0x9B, 0xC7, 0x70, 0xA0, 0x01, 0x4C, 0x99, 0xE0, 0xAE, 0x04, 0x43,
    0x3C, 0xBE, 0x3F, 0xD1, 0xAB, 0x5E, 0xE0, 0xD8, 0x37, 0x19, 0xFB, 0x8D, 0xE1, 0x9E, 0x9B, 0xD2,
    0x6A, 0x0F, 0x16, 0x35, 0x10, 0xDC, 0x40, 0x75, 0xC3, 0x5E, 0x55, 0x90, 0x91, 0xBC, 0x2B, 0x2A,
    0xD3, 0x8A, 0x17, 0xF1, 0x05, 0xAC, 0x10, 0xD6, 0x26, 0x90, 0xBC, 0x89, 0xF2, 0xC6, 0x24, 0xD8,
    0x04, 0x7E, 0x6D, 0x7E, 0x1E, 0xDF, 0xA8, 0xFE, 0xF6, 0xD4, 0x38, 0x24, 0x18, 0x36, 0x4C, 0x1F,
    0x4A, 0xEC, 0x1D, 0x22, 0xEA, 0xD7, 0x26, 0x2B, 0x29, 0xA8, 0xF3, 0xAD, 0x55, 0x4D, 0x00, 0xEB,
    0xEF, 0x4F, 0xDB, 0xDD, 0xDB, 0x4B, 0xB5, 0xBC, 0x37, 0x7A, 0x5A, 0xBF, 0x30, 0x6D, 0x36, 0x70,
    0x01, 0xE1, 0xC0, 0xE2, 0xFB, 0x9E, 0xFF, 0x47, 0xB9, 0xDB, 0x93, 0xE4, 0xA5, 0xE1, 0x9F, 0x61,
    0x78, 0x81, 0x55, 0x00, 0xE4, 0xCB, 0xAF, 0xCB, 0xDA, 0xDE, 0xE5, 0xDE, 0x9F, 0x8F, 0xFA, 0x6B,
    0x81, 0x7B, 0xC2, 0xE2, 0xDF, 0x9E, 0xB0, 0xDF, 0x94, 0x86, 0xEB, 0xCD, 0xFA, 0x78, 0xB4, 0x87,
    0x5E, 0xDF, 0x37, 0x73, 0x2C, 0xF7, 0x83, 0x2D, 0x83, 0x3E, 0x50, 0x01, 0x91, 0x00, 0x35, 0xB8,
    0xCE, 0x65, 0x17, 0x6B, 0x09, 0x25, 0x00, 0xB4, 0x15, 0x00, 0x24, 0x37, 0x1E, 0x0B, 0x48, 0x58,
    0xE3, 0xAA, 0x63, 0xC7, 0x0B, 0x13, 0x6B, 0xF7, 0x5C, 0xB0, 0x60, 0x85, 0xC7, 0xB1, 0x93, 0x34,
    0xD6, 0xB8, 0x27, 0x05, 0x4D, 0xEC, 0x3B, 0xCB, 0xB1, 0x63, 0x45, 0x81, 0xC6, 0x8E, 0x25, 0x04,
    0xBD, 0xEF, 0x94, 0xF5, 0xB6, 0xC3, 0xBA, 0xF3, 0x5A, 0xB4, 0x03, 0xFE, 0x9A, 0x68, 0xDF, 0x89,
    0xFB, 0x9D, 0xB7, 0x24, 0x16, 0x58, 0xBB, 0xD5, 0xDB, 0x8E, 0x3F, 0xEE, 0x14, 0xE7, 0x98, 0x11,
    0xC9, 0xE5, 0xA6, 0xFC, 0x9F, 0x9A, 0x4D, 0x36, 0x80, 0xE3, 0x00, 0x2F, 0x77, 0x8F, 0xEC, 0x89,
    0x0C, 0x6D, 0x8D, 0x17, 0x4A, 0x2B, 0x3B, 0x9A, 0x3F, 0x65, 0x69, 0x6D, 0xA3, 0xA1, 0xED, 0xB5,
    0x7C, 0x6B, 0xA0, 0x2D, 0xDB, 0x21, 0x7C, 0x6B, 0xE8, 0x65, 0x36, 0xB1, 0x8C, 0x8E, 0xAF, 0x4D,
    0x13, 0xB7, 0xB5, 0xA9, 0xD9, 0x78, 0x81, 0xAD, 0x0D, 0x7E, 0xE9, 0xAC, 0x6A, 0xD8, 0xEB, 0xF0,
    0x07, 0xE0, 0xD8, 0xC3, 0x2B, 0xA2, 0xAE, 0x5A, 0xF5, 0xEB, 0x9B, 0x7D, 0x0D, 0x05, 0x62, 0x4D,
    0xAE, 0x0F, 0xD3, 0x01, 0xAF, 0x05, 0xB0, 0xD5, 0xAE, 0xF7, 0x67, 0xC3, 0xC1, 0xA7, 0x74, 0xF5,
    0x21, 0xCB, 0x40, 0x93, 0xDC, 0x32, 0xEC, 0x59, 0xB0, 0xB0, 0x5C, 0x72, 0x1B, 0x4A, 0xB5, 0x06,
    0xC7, 0xA3, 0xE1, 0x19, 0x3B, 0x34, 0x0B, 0x68, 0x10, 0xF4, 0x60, 0xFF, 0x01, 0x63, 0xE0, 0xF1,
    0x3F, 0x09, 0x26, 0x36, 0xE8, 0x7B, 0x6A, 0x23, 0x2C, 0x41, 0x13, 0x07, 0xA2, 0x01, 0x2F, 0xCE,
    0x0C, 0x56, 0xE4, 0x61, 0x06, 0xBF, 0x36, 0x9B, 0x8F, 0x6F, 0x95, 0xE0, 0x77, 0x6F, 0x95, 0x9C,
    0xCF, 0x9C, 0x05, 0x91, 0x0D, 0x62, 0x52, 0x58, 0x93, 0x78, 0x3D, 0x3C, 0x88, 0xE5, 0x5C, 0x06,
    0x0B, 0x88, 0x7C, 0x38, 0x84, 0x1D, 0x2F, 0xBA, 0x44, 0xE2, 0x19, 0xDC, 0xFF, 0x02, 0x12, 0x05,
    0xF4, 0xE3, 0xDD, 0x96, 0xB3, 0x4B, 0x35, 0x2B, 0x9E, 0x4D, 0xD0, 0x88, 0xBA, 0x3C, 0x77, 0x21,
    0x46, 0x3D, 0x7E, 0x44, 0x79, 0xB1, 0x3E, 0xD9, 0xC7, 0x4A, 0xD2, 0xAC, 0x58, 0x01, 0xF6, 0xF8,
    0x5B, 0x57, 0x3F, 0x16, 0xF4, 0xDE, 0xF1, 0xBD, 0xF2, 0xDC, 0x80, 0xEF, 0x7E, 0xFF, 0x28, 0xEF,
    0xCE, 0x46, 0x7E, 0x3A, 0xF4, 0xE3, 0x2E, 0x5E, 0x3D, 0xDC, 0xC5, 0x7B, 0x6A, 0x0A, 0xFE, 0x07,
    0xD5, 0x98, 0x51, 0x6E, 0xE4, 0x38, 0xAF, 0x46, 0x0F, 0xC0, 0xD7, 0x00, 0xDC, 0x4A, 0x16, 0x20,
    0x80, 0x5B, 0x27, 0x50, 0x0B, 0xC8, 0x56, 0x08, 0xF4, 0x2B, 0x81, 0xEF, 0x42, 0x96, 0xE5, 0x72,
    0x27, 0x69, 0x4C, 0x4F, 0xDF, 0xCC, 0xFC, 0x19, 0x8D, 0x75, 0x78, 0xAA, 0xD0, 0xE5, 0xD8, 0x1C,
    0x96, 0xCC, 0x12, 0x00, 0x7E, 0x90, 0x48, 0x4C, 0x35, 0x43, 0x48, 0x19, 0x69, 0x22, 0xCA, 0xD2,
    0x0B, 0x6B, 0x4B, 0x4F, 0x90, 0x13, 0x80, 0xC6, 0x11, 0xA2, 0x10, 0x10, 0x49, 0x03, 0xFE, 0x77,
    0x82, 0x80, 0x38, 0xC3, 0x61, 0x3B, 0x34, 0x78, 0x61, 0x0D, 0xA6, 0x69, 0x10, 0x12, 0x80, 0xA9,
    0xE0, 0x90, 0x04, 0xBC, 0xB8, 0x83, 0x22, 0x9A, 0x32, 0xE9, 0x91, 0x9E, 0xAE, 0x0C, 0x4C, 0x34,
    0xF4, 0x05, 0xFD, 0x0A, 0x8D, 0x26, 0x02, 0x2B, 0xA2, 0xBC, 0x70, 0x29, 0x41, 0xCD, 0x1A, 0x56,
    0x00, 0x78, 0x49, 0x69, 0xF2, 0x3E, 0x82, 0xB5, 0x17, 0x38, 0x65, 0xB7, 0x60, 0x79, 0x04, 0x5F,
    0x41, 0x1C, 0xA1, 0x56, 0xE0, 0xFF, 0x15, 0x02, 0xAC, 0x61, 0x00, 0x7D, 0x1C, 0x28, 0xED, 0x4C,
    0x4E, 0xC2, 0xED, 0x6A, 0x3D, 0x01, 0x62, 0xB1, 0xB8, 0x12, 0x64, 0xA9, 0x32, 0x2D, 0x7A, 0x7A,
    0x11, 0xC1, 0x64, 0x1F, 0xCC, 0x83, 0xFC, 0x16, 0x6D, 0x53, 0x60, 0x6D, 0x02, 0x24, 0x6F, 0x88,
    0x9A, 0x5C, 0xA3, 0x18, 0x5B, 0x87, 0xD5, 0xD6, 0x78, 0xCB, 0xAD, 0xAE, 0x6D, 0x58, 0x5F, 0x4A,
    0xF1, 0x8B, 0x21, 0xA9, 0x20, 0x66, 0x90, 0xA4, 0x5C, 0x6A, 0x45, 0x9C, 0x97, 0x6F, 0x85, 0x35,
    0x01, 0x91, 0x56, 0x20, 0xC6, 0xC4, 0xD4, 0xC8, 0x01, 0x7D, 0xEA, 0x2B, 0xB6, 0xD4, 0x13, 0xBC,
    0x9E, 0x9A, 0x4B, 0x0B, 0xE2, 0xA9, 0x62, 0xAB, 0xF5, 0x47, 0x4D, 0xBC, 0x2E, 0x8D, 0x5C, 0x1A,
    0x49, 0x70, 0x2A, 0xE8, 0x52, 0x6B, 0xA8, 0xA9, 0x8D, 0xD5, 0x52, 0x2B, 0x7C, 0xD2, 0x0A, 0xE5,
    0xBA, 0x0B, 0x49, 0x82, 0xC9, 0xA9, 0x79, 0x2A, 0x00, 0x18, 0xB6, 0x04, 0xC7, 0x4F, 0xB3, 0x1A,
    0x67, 0x6A, 0xE8, 0x66, 0x65, 0x86, 0x28, 0xAC, 0x88, 0xEB, 0x56, 0xAC, 0xAF, 0x42, 0x12, 0xB0,
    0xAF, 0xF3, 0x69, 0xB1, 0x52, 0x89, 0xDF, 0x0D, 0xCF, 0xC3, 0x6A, 0x10, 0x97, 0x89, 0x65, 0xAF,
    0xF4, 0xAD, 0xBC, 0x77, 0x36, 0x9E, 0x96, 0x57, 0x2E, 0xEE, 0xA9, 0xD8, 0x99, 0xB8, 0x25, 0x62,
    0xE7, 0x21, 0xB9, 0xD2, 0x60, 0x3B, 0x0B, 0xF7, 0x24, 0x14, 0x00, 0x2F, 0xBC, 0x00, 0xD1, 0x0C,
    0xC6, 0x12, 0xCF, 0x02, 0xAC, 0xB1, 0x1F, 0x05, 0xD0, 0xA0, 0xDC, 0xC2, 0x29, 0x63, 0x0B, 0x77,
    0x89, 0x95, 0xB1, 0x34, 0x69, 0x89, 0xA7, 0x37, 0x4D, 0x10, 0xD0, 0x14, 0xA2, 0x0F, 0xB1, 0x5E,
    0x92, 0x56, 0x4B, 0xF0, 0x3C, 0x25, 0x2E, 0x99, 0xBC, 0x1F, 0x56, 0x07, 0x1B, 0x2F, 0xCB, 0x25,
    0x69, 0x29, 0xBC, 0x09, 0x2C, 0x23, 0xA3, 0x11, 0x9E, 0xAE, 0xD6, 0x63, 0x5D, 0x46, 0x2E, 0x91,
    0x12, 0x70, 0xE9, 0x12, 0x2B, 0x00, 0x22, 0x4F, 0xF1, 0x7F, 0x5B, 0x2C, 0x5F, 0xB6, 0x28, 0x63,
    0x8A, 0xA7, 0x08, 0xEE, 0x12, 0x29, 0x56, 0x09, 0x12, 0x3A, 0xC5, 0x94, 0x1F, 0x17, 0xD1, 0x2B,
    0x58, 0x9D, 0x6F, 0xFF, 0x3A, 0xA8, 0xEE, 0xC1, 0xFE, 0x28, 0x58, 0xDE, 0x83, 0xDF, 0xC3, 0xB3,
    0xDA, 0x56, 0xF8, 0xFC, 0x4A, 0x3C, 0xEF, 0x21, 0xEE, 0x45, 0xC4, 0x2B, 0x51, 0x84, 0x0A, 0xD9,
    0x9A, 0x61, 0x05, 0x3F, 0x4F, 0xD7, 0x9A, 0xC4, 0xDF, 0x9D, 0x52, 0x1E, 0x13, 0xD8, 0xB3, 0x81,
    0xE7, 0x02, 0x84, 0x21, 0x61, 0x12, 0x48, 0x79, 0x53, 0x53, 0xE2, 0x09, 0xD6, 0x5C, 0x5A, 0xD8,
    0x5B, 0x5D, 0xFA, 0xE8, 0xCF, 0x34, 0xF5, 0xA9, 0x46, 0x5E, 0xEA, 0xF5, 0x99, 0x5A, 0x7F, 0xA6,
    0xE8, 0xA9, 0x71, 0xD3, 0xB7, 0xB4, 0x53, 0x5D, 0xE9, 0xF5, 0x41, 0x6D, 0xAA, 0x1F, 0xCA, 0xD4,
    0x48, 0xA4, 0xA9, 0x76, 0x04, 0x41, 0x24, 0x2A, 0xF6, 0x88, 0x2D, 0x57, 0x0E, 0xC4, 0x29, 0x71,
    0xDD, 0xFF, 0x53, 0x76, 0x1A, 0xF6, 0x9D, 0x6F, 0x31, 0x9D, 0x77, 0xED, 0x5B, 0xCE, 0xEF, 0xEA,
    0x29, 0x5E, 0xEF, 0xC5, 0xFA, 0xBD, 0xA0, 0x2D, 0x71, 0xC9, 0xDB, 0x29, 0xAE, 0xF7, 0x62, 0x5B,
    0x38, 0x44, 0xBA, 0x49, 0x4C, 0x39, 0xC7, 0x47, 0x19, 0x5B, 0x7A, 0x4B, 0xC1, 0xBD, 0x4E, 0xC1,
    0xDE, 0x75, 0x30, 0x7D, 0x0F, 0x56, 0xF0, 0xEB, 0xA1, 0x54, 0x12, 0xA5, 0x87, 0x9A, 0x28, 0x17,
    0xC2, 0xCA, 0x8B, 0xB8, 0x85, 0xFC, 0x8A, 0x20, 0x99, 0xFA, 0x0A, 0x00, 0xBF, 0xF3, 0x1D, 0xD4,
    0xFE, 0xF2, 0x61, 0x49, 0x01, 0xE5, 0x09, 0x28, 0x00, 0xA2, 0xEF, 0x6D, 0x0F, 0xEF, 0x86, 0xD7,
    0xC1, 0x7E, 0x72, 0x2C, 0xEA, 0x60, 0x00, 0xD4, 0xC9, 0xDC, 0x67, 0xB6, 0x3C, 0x59, 0xEC, 0xC7,
    0x22, 0x27, 0x1B, 0x42, 0x5A, 0x14, 0x0C, 0x10, 0x34, 0x04, 0x14, 0x44, 0x2E, 0xEE, 0xA7, 0x2B,
    0x26, 0xE9, 0xE0, 0x0B, 0x2F, 0x0C, 0x06, 0x9E, 0x85, 0xA9, 0x40, 0x09, 0x02, 0x06, 0x7B, 0xAC,
    0xEA, 0x50, 0xD3, 0x88, 0x26, 0x8E, 0xC9, 0x9E, 0x12, 0x2E, 0x11, 0x19, 0x88, 0xA0, 0x6F, 0x53,
    0x28, 0x43, 0x2E, 0x6F, 0xEB, 0x62, 0x04, 0xE5, 0x6F, 0x65, 0x4A, 0xF4, 0x3C, 0x7D, 0xA8, 0x42,
    0x85, 0xA0, 0xFF, 0xFE, 0xA1, 0xF3, 0xE3, 0x49, 0x96, 0x55, 0x7B, 0x46, 0xE0, 0x8D, 0xD5, 0xAD,
    0x0A, 0x9B, 0xF8, 0xDD, 0x13, 0xEE, 0x8B, 0x19, 0x38, 0xE0, 0x39, 0x60, 0x3F, 0xCF, 0x75, 0x30,
    0x12, 0xC0, 0x79, 0x37, 0x4C, 0x57, 0x0F, 0x6C, 0x22, 0xEA, 0xEC, 0xCE, 0x3C, 0x41, 0x04, 0x9B,
    0x91, 0x3A, 0xD8, 0x80, 0xFF, 0x16, 0xF5, 0xFC, 0x14, 0x91, 0x9B, 0x7D, 0x9E, 0xDF, 0x34, 0x85,
    0x90, 0xF6, 0x35, 0x18, 0x86, 0xA5, 0x25, 0x15, 0xD0, 0x0D, 0x51, 0xE0, 0xF5, 0x73, 0xFD, 0x45,
    0x63, 0xAB, 0xCB, 0xA8, 0xC0, 0xBA, 0x8F, 0xC9, 0x9C, 0xFA, 0x64, 0xB6, 0xA0, 0x23, 0xAD, 0xA2,
    0xBC, 0x5C, 0x4A, 0xD4, 0xE0, 0x58, 0x82, 0x95, 0x03, 0xB4, 0xFE, 0xAA, 0xDC, 0xA5, 0x34, 0xF5,
    0xA2, 0x17, 0x38, 0xF6, 0x0F, 0x31, 0xB0, 0x86, 0x71, 0x15, 0xC8, 0xAA, 0x78, 0x29, 0x01, 0x35,
    0x90, 0x24, 0x14, 0x05, 0xC3, 0x13, 0x22, 0x00, 0x6F, 0xC0, 0xFA, 0x43, 0xE3, 0xAF, 0x32, 0x2D,
    0x78, 0x11, 0x7F, 0x00, 0x2B, 0x84, 0xB5, 0x09, 0x24, 0x6F, 0xA2, 0xBC, 0x31, 0x09, 0x4E, 0x7E,
    0x1C, 0x56, 0x9E, 0xE0, 0x1D, 0x93, 0x15, 0xB9, 0xDE, 0xF9, 0xAE, 0xD9, 0x94, 0x6A, 0xE1, 0xFD,
    0x68, 0x2B, 0x90, 0xF7, 0x44, 0x9D, 0x2F, 0xE1, 0x9F, 0x4F, 0xEE, 0x5E, 0x58, 0x04, 0x60, 0xB7,
    0x92, 0x0C, 0x00, 0x5E, 0xFF, 0xAB, 0x89, 0xC6, 0x12, 0xF0, 0x89, 0x48, 0x30, 0xED, 0x57, 0x2F,
    0xDF, 0x22, 0xEF, 0xEF, 0x16, 0x84, 0xFE, 0xF8, 0xB3, 0xFF, 0x3F, 0x5D, 0xE6, 0xC9, 0xEB, 0x99,
    0xCB, 0x50, 0x82, 0xEB, 0xB6, 0x5E, 0x7C, 0x9B, 0xD2, 0xB7, 0x7C, 0xD6, 0xBC, 0x09, 0xB8, 0xFF,
    0xB8, 0x06, 0x5E, 0xFF, 0xA3, 0xC9, 0x1F, 0x00, 0x71, 0xA0, 0x00, 0xEF, 0xEB, 0xB5, 0x7D, 0x8B,
    0xBC, 0xBF, 0xF2, 0x02, 0x04, 0x0D, 0xB8, 0x0A, 0x30, 0x25, 0x80, 0x00, 0x18, 0xBC, 0x1B, 0xA6,
    0x2C, 0x08, 0x75, 0xDD, 0xBA, 0x85, 0xC2, 0x13, 0x9A, 0x60, 0x73, 0xA0, 0x83, 0x0D, 0xF0, 0x39,
    0x43, 0x75, 0x91, 0x46, 0x37, 0x46, 0x6E, 0xDE, 0xBA, 0x85, 0x68, 0x08, 0x69, 0x80, 0xA9, 0x06,
    0x86, 0x9D, 0x2D, 0xA5, 0x55, 0x00, 0xDD, 0x57, 0x8E, 0xF3, 0xC4, 0x0E, 0x91, 0xA8, 0x94, 0xBE,
    0x36, 0x36, 0x23, 0xAF, 0x84, 0x7C, 0xC4, 0x71, 0x3E, 0x09, 0x5C, 0x0D, 0x0E, 0x10, 0x4F, 0x48,
    0x85, 0x4B, 0x8D, 0x49, 0x22, 0x40, 0x34, 0xC4, 0x05, 0x21, 0xAC, 0xD7, 0xBF, 0x33, 0xF5, 0x77,
    0x68, 0xAE, 0x92, 0xF3, 0x4A, 0x70, 0xAE, 0x1B, 0xA1, 0x3F, 0x70, 0xB7, 0x88, 0x7F, 0xDC, 0x62,
    0xF5, 0xBD, 0xC5, 0xC2, 0x12, 0x1C, 0x08, 0x60, 0x9C, 0x31, 0x1A, 0xBC, 0xB8, 0x96, 0xFD, 0xB8,
    0x3D, 0xEB, 0x0E, 0x7A, 0xBE, 0x2F, 0x39, 0xAF, 0x67, 0x73, 0x36, 0xFC, 0x3D, 0xA3, 0xBF, 0xC7,
    0xAF, 0x10, 0x2C, 0x59, 0xF9, 0x7E, 0xEE, 0x76, 0x1A, 0x2C, 0x57, 0x62, 0x8F, 0xC2, 0xB2, 0x56,
    0x54, 0x82, 0xBE, 0xF6, 0xD7, 0x09, 0xF7, 0x87, 0x94, 0x9F, 0x31, 0xCE, 0xA8, 0x9F, 0xDF, 0x36,
    0xEE, 0xC3, 0x25, 0x29, 0xCF, 0x58, 0x40, 0x05, 0x76, 0x46, 0x0A, 0x2C, 0x7F, 0x8E, 0x4E, 0x00,
    0xCF, 0x18, 0x04, 0x0E, 0x8C, 0x33, 0x36, 0x41, 0x00, 0x9A, 0x03, 0x6C, 0xC7, 0x5C, 0xEF, 0xFB,
    0x8C, 0x0E, 0x0E, 0xC1, 0xCB, 0x04, 0x01, 0x30, 0x20, 0x26, 0xFB, 0x8C, 0x75, 0xC4, 0xB6, 0x33,
    0x4A, 0xE9, 0x92, 0x76, 0xAC, 0x9F, 0xFB, 0x24, 0x1A, 0xC0, 0xEA, 0xD3, 0x0A, 0xDA, 0x39, 0x76,
    0x11, 0xC7, 0x09, 0x1A, 0x95, 0x55, 0x13, 0x69, 0x3D, 0xC9, 0x49, 0x08, 0x68, 0x24, 0xA9, 0xFD,
    0x60, 0x64, 0x00, 0xDA, 0x8B, 0xD1, 0x9D, 0xC5, 0x90, 0xFD, 0x68, 0x3A, 0x94, 0x52, 0x79, 0xE3,
    0xE2, 0xD7, 0xDD, 0x9B, 0xDE, 0x77, 0x6F, 0xA8, 0x69, 0x5C, 0x7A, 0x14, 0x4A, 0x57, 0x5A, 0x83,
    0xB0, 0x02, 0xA5, 0xE7, 0x49, 0x7B, 0xAB, 0x48, 0xDC, 0x2B, 0x20, 0x6C, 0xB2, 0x27, 0xAD, 0x0E,
    0xE6, 0xA4, 0x33, 0x39, 0x0E, 0xD6, 0xE4, 0x23, 0xF1, 0x8A, 0xB7, 0xC4, 0xD3, 0xDF, 0x98, 0xEC,
    0xFD, 0x90, 0x12, 0xEB, 0x0F, 0x79, 0x48, 0x49, 0x7F, 0xDA, 0x99, 0x11, 0x00, 0xFD, 0xB1, 0xE7,
    0x31, 0x3D, 0x8A, 0xF5, 0x41, 0xD3, 0xB9, 0x52, 0x16, 0x4A, 0x4F, 0x7B, 0x4B, 0x4F, 0xF7, 0xF2,
    0x8C, 0x89, 0xF6, 0xF2, 0x47, 0x79, 0xF9, 0x5B, 0x7A, 0xB9, 0xD6, 0x15, 0x78, 0x5A, 0x13, 0xB8,
    0x10, 0x21, 0x35, 0xED, 0x4A, 0x18, 0x96, 0x80, 0xBC, 0x26, 0xDF, 0x1A, 0xF0, 0x9A, 0xA4, 0x57,
    0x73, 0x68, 0xDF, 0x6F, 0xC3, 0x61, 0x38, 0xD0, 0x01, 0x84, 0x27, 0xF8, 0xA3, 0xC0, 0xB2, 0x80,
    0x1A, 0xDC, 0x87, 0x0A, 0x5C, 0x82, 0x20, 0x92, 0xC0, 0x4F, 0xF0, 0x44, 0x28, 0x31, 0x29, 0xF1,
    0xF2, 0x24, 0x72, 0x82, 0x9F, 0x91, 0x51, 0xB8, 0x1E, 0x4A, 0x13, 0xBA, 0xAA, 0x3C, 0x04, 0x20,
    0xDD, 0x6E, 0x94, 0xC5, 0xFA, 0x76, 0x09, 0x23, 0xC0, 0x94, 0xB8, 0x0A, 0xA7, 0xCF, 0xFD, 0x9A,
    0x97, 0x2F, 0x5D, 0xFF, 0x86, 0xE5, 0x59, 0x46, 0xF1, 0x68, 0xF0, 0xD2, 0xAE, 0xA1, 0x17, 0x12,
    0x00, 0x24, 0xF5, 0x84, 0xAE, 0x47, 0xBD, 0x5F, 0xB0, 0xB4, 0x82, 0x69, 0xB5, 0x61, 0x85, 0x49,
    0x1B, 0x65, 0x13, 0x3C, 0xC1, 0x05, 0xCB, 0x0D, 0x5F, 0x90, 0xA4, 0x85, 0xE1, 0xD0, 0x01, 0xE1,
    0x89, 0x9F, 0x4F, 0x00, 0xEE, 0x55, 0x12, 0x85, 0x49, 0x78, 0x46, 0x06, 0x9E, 0x8D, 0x57, 0x63,
    0x35, 0xE3, 0x79, 0x92, 0x6C, 0x60, 0x4F, 0x01, 0x01, 0x19, 0x65, 0xE5, 0x12, 0xA8, 0xC0, 0x1A,
    0x08, 0xED, 0x72, 0x28, 0x4B, 0x48, 0x0A, 0x9B, 0xF8, 0x5F, 0xDD, 0x39, 0x9E, 0x70, 0xB6, 0x40,
    0x96, 0x81, 0xE1, 0x38, 0xF6, 0xA5, 0x77, 0x5E, 0x4E, 0x7B, 0xCA, 0x2B, 0x1E, 0x6D, 0x15, 0xBC,
    0x1A, 0x60, 0x92, 0x49, 0x78, 0xE1, 0xF9, 0xF7, 0x8F, 0x5A, 0x1F, 0xAF, 0x41, 0xC7, 0x3C, 0xC2,
    0xD3, 0x1F, 0x45, 0x16, 0x6B, 0x28, 0x4D, 0xBF, 0x7B, 0xB6, 0xF3, 0x4A, 0x84, 0x2B, 0x5D, 0x15,
    0xD4, 0x2B, 0xA3, 0x18, 0x5F, 0xB5, 0x67, 0x68, 0x45, 0x4C, 0xCF, 0xF6, 0x2C, 0xCB, 0xA4, 0xFE,
    0x78, 0xC3, 0xD0, 0x72, 0xB0, 0xBF, 0x34, 0xD6, 0xF1, 0x5C, 0x92, 0x3D, 0x1B, 0x20, 0x5F, 0xBE,
    0xDF, 0x56, 0xE1, 0x70, 0x08, 0x4F, 0xE2, 0x6D, 0x7D, 0xB7, 0xA8, 0x86, 0xF1, 0xF2, 0xB5, 0xDB,
    0x84, 0x44, 0x5E, 0xF7, 0xEC, 0xEA, 0x49, 0x06, 0xF0, 0x82, 0x03, 0x03, 0xFF, 0x7E, 0x79, 0x59,
    0xAF, 0x1B, 0x24, 0xAC, 0x1C, 0x4B, 0xC3, 0xB0, 0xFC, 0xCA, 0xBC, 0xDC, 0x9E, 0xDA, 0x6B, 0xBD,
    0xC5, 0x4B, 0xB7, 0xA7, 0x36, 0xC9, 0x39, 0x24, 0xE5, 0xC1, 0x06, 0x2B, 0x74, 0x30, 0xF2, 0x49,
    0xBF, 0x31, 0x16, 0xC1, 0xCA, 0x1A, 0x4C, 0xAA, 0x83, 0x80, 0x95, 0xD7, 0xA4, 0x2D, 0xF6, 0x93,
    0xE8, 0xC6, 0xE0, 0x76, 0xE6, 0x42, 0x2A, 0x57, 0x4A, 0x65, 0xA2, 0x83, 0x63, 0xEA, 0x58, 0x8B,
    0xF3, 0xC3, 0x5A, 0x1C, 0x29, 0xF4, 0x50, 0xC6, 0x9B, 0xA7, 0x77, 0xA4, 0xD7, 0x9C, 0x9E, 0x9E,
    0xF0, 0x57, 0x53, 0xCA, 0x63, 0x62, 0xFD, 0xE1, 0xE1, 0x6C, 0x93, 0x49, 0x81, 0x4D, 0x7E, 0xBB,
    0xBC, 0x10, 0xF7, 0x95, 0x7A, 0xE0, 0xEB, 0xBF, 0xAF, 0xCD, 0x4B, 0x39, 0x40, 0xFB, 0xFB, 0xB2,
    0xB1, 0x0A, 0x80, 0x57, 0xFB, 0x7E, 0xDB, 0x36, 0x6E, 0xBB, 0xB9, 0xF3, 0x1F, 0x0D, 0x56, 0x0D,
    0x0C, 0x07, 0xDC, 0xFE, 0x85, 0x6D, 0x60, 0x2F, 0x00, 0x35, 0xC0, 0xFE, 0x3F, 0x3D, 0x89, 0x25,
    0xF8, 0xE4, 0x77, 0x4B, 0x18, 0x36, 0xE1, 0x02, 0x42, 0x09, 0x6D, 0x09, 0x45, 0x41, 0x52, 0xFF,
    0x78, 0xC2, 0xA2, 0x86, 0x49, 0xC3, 0xCB, 0x3B, 0x60, 0xCF, 0x71, 0xCC, 0x84, 0x28, 0x70, 0x81,
    0xA9, 0x41, 0x4A, 0x4C, 0x05, 0xDE, 0x60, 0x02, 0x54, 0x10, 0x73, 0xEE, 0x15, 0x4F, 0x65, 0xF5,
    0x43, 0xCA, 0x8A, 0xE6, 0x1A, 0x9E, 0xE0, 0xB5, 0x26, 0x05, 0x76, 0x96, 0xB9, 0x81, 0x69, 0x84,
    0x3A, 0xE8, 0x66, 0x1C, 0x07, 0x4A, 0x42, 0xB8, 0x8A, 0x68, 0xD0, 0x2B, 0x71, 0x58, 0x88, 0x96,
    0xEA, 0x87, 0x92, 0x35, 0x1A, 0x04, 0x02, 0x87, 0x01, 0x05, 0x79, 0xFE, 0x26, 0x8F, 0xC5, 0xDC,
    0x3D, 0x92, 0xE5, 0x98, 0xAC, 0x49, 0xAA, 0x0E, 0x32, 0xC9, 0xD7, 0x31, 0x26, 0x5D, 0xCA, 0xCD,
    0xFB, 0xD8, 0xFF, 0xE6, 0x46, 0xBB, 0xD1, 0xB9, 0x36, 0x76, 0xEA, 0x3C, 0xAC, 0xAE, 0x15, 0xA7,
    0xA5, 0xB6, 0xE2, 0xAF, 0x8F, 0x76, 0x24, 0xA2, 0x9E, 0x7F, 0x33, 0x12, 0x2F, 0x2C, 0xE7, 0xE1,
    0xF0, 0xC2, 0xFF, 0x01, 0x65, 0x8F, 0x01, 0x86, 0x45, 0x51, 0x0C, 0x43, 0x43, 0x01, 0x3E, 0xDD,
    0xCA, 0x5D, 0xC0, 0xA5, 0x5B, 0x0F, 0x7F, 0x01, 0xB3, 0x95, 0x2C, 0xA0, 0x64, 0xDA, 0xF7, 0x60,
    0x18, 0x39, 0x48, 0x90, 0x4A, 0x2F, 0x8C, 0x42, 0x32, 0x84, 0x0B, 0x85, 0x52, 0xC5, 0x31, 0x18,
    0xA2, 0x91, 0x5E, 0x6E, 0x50, 0x10, 0x71, 0x8A, 0xC7, 0x3A, 0x5F, 0x8B, 0x45, 0x5B, 0x83, 0xB0,
    0xDC, 0x60, 0x99, 0xE9, 0xAD, 0xD8, 0xEE, 0x0E, 0x39, 0x97, 0x31, 0x29, 0x5B, 0xD5, 0x85, 0xF1,
    0xC1, 0xD8, 0xA6, 0x24, 0x1E, 0xC9, 0xAA, 0xC9, 0x0A, 0x75, 0x7E, 0x55, 0xC9, 0x9B, 0xD0, 0x05,
    0x71, 0xDE, 0x8B, 0x69, 0xBC, 0x17, 0xB1, 0x19, 0x5D, 0x70, 0xB1, 0x7E, 0x18, 0xDC, 0xFC, 0x8E,
    0x2B, 0xF3, 0x1D, 0x37, 0x7C, 0x4A, 0xB2, 0x6F, 0xB2, 0x1E, 0xC5, 0x28, 0x51, 0x68, 0x10, 0x65,
    0xFB, 0xEF, 0xA6, 0xB6, 0xF3, 0xF6, 0x49, 0x7C, 0x50, 0x82, 0xD0, 0x7C, 0xC6, 0x80, 0xC9, 0x2D,
    0xAC, 0x36, 0x1F, 0xF0, 0xDF, 0x73, 0x1A, 0x7E, 0x01, 0xDD, 0x9A, 0x51, 0x6E, 0xE3, 0xBA, 0xCF,
    0xC5, 0x0F, 0xC0, 0xD7, 0x0B, 0x70, 0x2B, 0x5D, 0x80, 0x01, 0x6E, 0x9D, 0x40, 0x17, 0x70, 0xB7,
    0x42, 0xA0, 0xAF, 0x04, 0xCE, 0x27, 0x91, 0x52, 0xEC, 0x4C, 0xD3, 0x4C, 0xDB, 0x99, 0xF9, 0xE6,
    0xE2, 0xAF, 0x46, 0xBF, 0xA3, 0x3A, 0xB6, 0x2C, 0xD3, 0xB4, 0x4C, 0xD3, 0x41, 0xAA, 0x43, 0x52,
    0xA3, 0x51, 0xFF, 0x9E, 0x85, 0x64, 0x4E, 0x10, 0x12, 0xB0, 0x09, 0xBD, 0x41, 0x7C, 0x00, 0x18,
    0x88, 0x0D, 0x19, 0x20, 0x37, 0x42, 0x26, 0x70, 0x02, 0x37, 0x88, 0x6F, 0x68, 0x83, 0x24, 0x1B,
    0x56, 0x44, 0x49, 0xC0, 0xDC, 0xA0, 0x43, 0x7A, 0xE7, 0xC7, 0x10, 0xDC, 0x24, 0xA6, 0x1C, 0xC0,
    0x14, 0x5C, 0x44, 0x18, 0x53, 0x8C, 0x9C, 0x92, 0xA0, 0x0F, 0x71, 0xD8, 0x14, 0x40, 0xE3, 0x2A,
    0xF2, 0x48, 0xF4, 0x14, 0x0E, 0x71, 0x28, 0x13, 0xB6, 0x04, 0x55, 0xB2, 0x28, 0x51, 0xA2, 0x5E,
    0x22, 0x05, 0xDF, 0x0B, 0x38, 0x20, 0xB9, 0xFF, 0xFB, 0xE7, 0x62, 0x52, 0x3E, 0x32, 0x69, 0x59,
    0xA4, 0x80, 0x01, 0xFC, 0x3A, 0xC8, 0x58, 0x80, 0xD0, 0x03, 0xC6, 0x0C, 0x21, 0x2C, 0x34, 0x20,
    0xA1, 0x3E, 0x60, 0x0E, 0x84, 0x61, 0x80, 0x03, 0xB8, 0x80, 0xCC, 0xC6, 0xB9, 0xEC, 0x84, 0x15,
    0x1C, 0x78, 0x69, 0x8F, 0xA9, 0x73, 0x4D, 0xA8, 0xA3, 0x6C, 0x5E, 0xF6, 0xB7, 0x38, 0x84, 0x3C,
    0x34, 0x34, 0x0D, 0xD8, 0xF5, 0xA8, 0xEA, 0x80, 0x05, 0xA0, 0xB5, 0x6E, 0x02, 0xA4, 0xF7, 0x46,
    0x9A, 0x80, 0x10, 0x40, 0xF5, 0x30, 0x6B, 0x02, 0xC9, 0x59, 0x43, 0xE2, 0x8D, 0xF4, 0xB0, 0xC4,
    0x10, 0xD2, 0x25, 0x21, 0xF1, 0xF5, 0xCF, 0xDE, 0xDC, 0x90, 0x7C, 0x4D, 0x4A, 0x1A, 0x12, 0x55,
    0x8C, 0x61, 0x0C, 0x10, 0xC8, 0xAF, 0x7F, 0xB8, 0x37, 0x57, 0xB2, 0x2A, 0xD4, 0xBF, 0x53, 0xFF,
    0x19, 0xD5, 0x5C, 0x9D, 0xB3, 0xC2, 0x60, 0x93, 0x4C, 0x08, 0xBD, 0x5D, 0x27, 0x71, 0xAA, 0x38,
    0x0C, 0xDF, 0x54, 0xE6, 0x52, 0x7A, 0x29, 0x2C, 0x5A, 0x25, 0x5B, 0xB1, 0x95, 0xD0, 0xAD, 0xB8,
    0xD3, 0xA3, 0x35, 0xED, 0x40, 0x6D, 0xC7, 0xB6, 0x43, 0x58, 0x59, 0x81, 0x6E, 0x3E, 0xB5, 0x0C,
    0xAE, 0x43, 0xB6, 0xF6, 0x55, 0xE6, 0x4B, 0xF1, 0x0D, 0x65, 0x1B, 0xA0, 0x95, 0xDE, 0xCB, 0x35,
    0x5B, 0x65, 0x29, 0xF8, 0x39, 0xDD, 0xEB, 0x6B, 0xD4, 0xF8, 0x06, 0x5A, 0x13, 0x6B, 0x26, 0x3A,
    0xD5, 0x13, 0x1A, 0xC0, 0x81, 0x72, 0xBD, 0xC1, 0x04, 0x86, 0xC6, 0x55, 0xFD, 0x9C, 0x1D, 0x2E,
    0x2A, 0x8C, 0x52, 0x23, 0xA7, 0xB2, 0x27, 0xA5, 0x09, 0xF3, 0x5E, 0x4F, 0xB7, 0xC6, 0x17, 0x94,
    0xAD, 0xC6, 0x10, 0xD2, 0x6F, 0xDA, 0xB3, 0x22, 0xC0, 0x09, 0x29, 0x6A, 0x9C, 0x33, 0xE4, 0x0B,
    0x76, 0x21, 0x1D, 0x9C, 0x14, 0x42, 0x12, 0x5A, 0xB6, 0xD4, 0x9E, 0x6A, 0x9B, 0x38, 0x19, 0x93,
    0x52, 0x54, 0x1F, 0x24, 0x51, 0xF4, 0x5A, 0xD2, 0xDF, 0xE6, 0x24, 0x78, 0xA1, 0xF9, 0x49, 0x6D,
    0x46, 0xF9, 0x58, 0xF6, 0x7E, 0x63, 0xB0, 0x8C, 0x11, 0x3D, 0xA2, 0xA6, 0x9F, 0x63, 0x46, 0x02,
    0xF7, 0xF3, 0xA7, 0x0B, 0xD9, 0x6C, 0x4F, 0x7A, 0x4C, 0x4E, 0x4A, 0x51, 0x6D, 0xF2, 0x28, 0xC6,
    0xA4, 0xF8, 0xA4, 0x62, 0x32, 0x27, 0xDF, 0x62, 0x92, 0x5E, 0xC4, 0x64, 0x3E, 0xEE, 0xF9, 0xBA,
    0x77, 0x08, 0xE0, 0x80, 0x86, 0xC6, 0xA0, 0x37, 0x25, 0xB6, 0x51, 0xC0, 0xC4, 0x83, 0x42, 0x86,
    0x32, 0x9A, 0x92, 0x75, 0xAA, 0x9A, 0x2C, 0x1B, 0x58, 0xD3, 0xD1, 0xBD, 0x55, 0xFF, 0x93, 0xCB,
    0xE8, 0xA9, 0x00, 0xD0, 0xE4, 0x31, 0x69, 0xCD, 0x6C, 0x8B, 0x9D, 0x14, 0xBF, 0xD1, 0x14, 0x93,
    0x2C, 0x66, 0xD1, 0x7F, 0xB4, 0xE4, 0x3E, 0xDE, 0xFF, 0x37, 0xF2, 0x52, 0xCE, 0x31, 0x3F, 0xA6,
    0x46, 0x31, 0x4F, 0x1E, 0x4D, 0x16, 0x6D, 0x32, 0x16, 0x7D, 0xB2, 0x6C, 0xE5, 0xCD, 0xF3, 0xBC,
    0x28, 0x16, 0x13, 0x30, 0xB2, 0xC9, 0x6D, 0xFC, 0xBC, 0x37, 0xBE, 0xF5, 0x26, 0x6E, 0x84, 0x90,
    0x6C, 0xBE, 0xBF, 0x77, 0xFB, 0x80, 0x3C, 0xB9, 0x77, 0x93, 0x31, 0x51, 0x5B, 0xB4, 0x33, 0xC6,
    0x86, 0xDC, 0x43, 0x0B, 0x5E, 0xEB, 0xED, 0xFB, 0xAF, 0xDF, 0x90, 0xD5, 0xC1, 0x84, 0xF9, 0x03,
    0xEC, 0x6F, 0x25, 0xCB, 0xFB, 0x26, 0xF2, 0xB3, 0xBB, 0x8C, 0xFB, 0x5D, 0xFE, 0x85, 0x08, 0xA5,
    0x6D, 0x1B, 0x4D, 0xA8, 0x23, 0xB1, 0x89, 0xEF, 0xD3, 0x8A, 0xC7, 0x3B, 0xF6, 0x27, 0x4E, 0x72,
    0x96, 0x68, 0x26, 0x00, 0x29, 0x22, 0xE2, 0x1D, 0xFF, 0x42, 0x3C, 0x2C, 0x51, 0x26, 0x4A, 0x68,
    0xA2, 0x6C, 0x04, 0x5B, 0x93, 0x35, 0xF4, 0xDF, 0xD9, 0x30, 0x83, 0xBE, 0xBA, 0x64, 0x5D, 0x07,
    0x52, 0x0D, 0xAC, 0x46, 0x1F, 0x86, 0x24, 0x62, 0x35, 0xA4, 0x1A, 0x87, 0xE4, 0xBA, 0xAE, 0x48,
    0x4E, 0x85, 0x91, 0xAC, 0x25, 0xEC, 0xA7, 0x00, 0x48, 0xCE, 0x3F, 0x00, 0x1A, 0x43, 0x78, 0x69,
    0xF4, 0xE4, 0x68, 0xB7, 0x86, 0xA3, 0x83, 0x06, 0x75, 0x80, 0xD5, 0x88, 0xC9, 0x6E, 0x70, 0x8D,
    0xD9, 0xAD, 0x8F, 0x82, 0x7E, 0x28, 0x6B, 0x77, 0x01, 0x8B, 0xDE, 0x8A, 0x50, 0xDC, 0x01, 0x40,
    0x6E, 0xDB, 0x98, 0x03, 0x9C, 0x0D, 0x16, 0x25, 0xDF, 0x05, 0xA1, 0x13, 0x31, 0x80, 0x9C, 0xA8,
    0x4B, 0xD9, 0x5C, 0x13, 0x5A, 0x5B, 0x58, 0xFE, 0x0F, 0xDC, 0x31, 0xFE, 0x33, 0xE3, 0xFF, 0x0F,
    0xC5, 0x0B, 0x24, 0x99, 0xCD, 0x8E, 0x53, 0x7F, 0x1B, 0x15, 0x3F, 0xD0, 0x9A, 0xC7, 0xE4, 0x8E,
    0x71, 0xA1, 0x4C, 0xF3, 0x62, 0x47, 0xE6, 0xD8, 0x0A, 0x06, 0x30, 0xDB, 0x6F, 0x01, 0xF9, 0xF7,
    0xAA, 0xD9, 0x1A, 0x09, 0xD5, 0xAB, 0x12, 0x56, 0x6A, 0x38, 0xEE, 0x54, 0x3D, 0xD7, 0xA3, 0x5A,
    0xDC, 0xA9, 0xBC, 0xF9, 0x56, 0xB9, 0x2A, 0x38, 0x21, 0x7E, 0x53, 0x5C, 0x95, 0x6C, 0x57, 0x3A,
    0xF5, 0xB9, 0x57, 0x3D, 0x25, 0x49, 0x36, 0x3F, 0xB9, 0xD5, 0xF3, 0xAB, 0x82, 0x01, 0xAC, 0x47,
    0x91, 0x36, 0x6E, 0x9C, 0x33, 0x8A, 0x61, 0xD3, 0x9C, 0xC5, 0x1C, 0xD4, 0x4F, 0x91, 0xE7, 0x56,
    0x43, 0x37, 0x6F, 0x53, 0x14, 0x57, 0xF4, 0x4C, 0xA0, 0xC7, 0xC0, 0x4B, 0xF9, 0xF3, 0x51, 0xD0,
    0xF3, 0x2B, 0x8D, 0xD8, 0xB7, 0x7D, 0xE1, 0x00, 0xAC, 0xE0, 0x1B, 0xFA, 0x34, 0x00, 0x88, 0x89,
    0xEF, 0x67, 0x09, 0xF2, 0x3E, 0x4B, 0x00, 0x20, 0x39, 0x70, 0x14, 0x72, 0x00, 0xCF, 0xF0, 0x3E,
    0x4B, 0x30, 0x70, 0x68, 0x00, 0x59, 0x26, 0x3F, 0xB3, 0x04, 0xDA, 0x19, 0x9F, 0xA6, 0xEB, 0xA8,
    0x56, 0x41, 0xEF, 0x31, 0x19, 0x93, 0x88, 0x28, 0x62, 0x12, 0xBF, 0x8F, 0x36, 0xA9, 0xA4, 0x37,
    0xFF, 0x43, 0x51, 0x39, 0x40, 0xFA, 0x45, 0x24, 0x70, 0x8A, 0xB2, 0x4D, 0x47, 0xB2, 0x03, 0x37,
    0xC9, 0xF6, 0x04, 0x2E, 0xFF, 0x58, 0xE2, 0x7C, 0x22, 0x7B, 0x4D, 0x3F, 0x85, 0xD0, 0x6C, 0xDF,
    0x39, 0x9F, 0x79, 0xF3, 0xDD, 0xDE, 0xA1, 0x79, 0x0E, 0xD0, 0x7A, 0x36, 0x2E, 0x4A, 0x02, 0x76,
    0xA6, 0x42, 0xDA, 0x9D, 0xDB, 0x4A, 0x5A, 0x5B, 0xDB, 0x64, 0x96, 0x4D, 0x18, 0x93, 0x56, 0x54,
    0xEF, 0xF6, 0x69, 0x82, 0xE0, 0x6D, 0x7D, 0xF5, 0xBE, 0x64, 0xFB, 0x91, 0x5B, 0xBA, 0xF3, 0xAC,
    0xCE, 0x09, 0x12, 0xCA, 0xDC, 0x74, 0x21, 0xB1, 0xA4, 0xEF, 0x63, 0x90, 0xF8, 0x9B, 0xC2, 0x2A,
    0xBE, 0x04, 0x97, 0x93, 0xAB, 0x8F, 0x44, 0x9C, 0x74, 0x63, 0x34, 0x35, 0xB6, 0x11, 0xF3, 0x2B,
    0xAC, 0x0F, 0xE8, 0x36, 0x68, 0xCC, 0x41, 0xA1, 0xF7, 0x09, 0xFB, 0x04, 0x8D, 0xD1, 0xEC, 0x31,
    0x5C, 0x1B, 0xBB, 0x67, 0x48, 0x54, 0x23, 0xFF, 0xBB, 0x0D, 0xAE, 0x12, 0x4B, 0xFF, 0x47, 0x0E,
    0x27, 0x6F, 0x0D, 0xAC, 0x72, 0x6B, 0x1C, 0x4F, 0x1A, 0x5A, 0x1B, 0x58, 0xD3, 0x0D, 0x83, 0x98,
    0x3C, 0x2E, 0xCC, 0x22, 0x1E, 0x91, 0x59, 0xE4, 0xBA, 0x0A, 0x27, 0x25, 0x27, 0xC1, 0x0F, 0xD8,
    0x66, 0x2D, 0x6A, 0xCF, 0xEE, 0x67, 0x0A, 0x10, 0x42, 0x2E, 0x91, 0x28, 0xD7, 0xFF, 0xBA, 0x90,
    0xDE, 0xB2, 0x67, 0x3D, 0x2F, 0xB1, 0x16, 0x8D, 0xE7, 0x72, 0xAE, 0xC9, 0x7E, 0xC2, 0x4A, 0xE1,
    0x35, 0xB2, 0x45, 0x41, 0x02, 0x9F, 0x03, 0xE9, 0xDF, 0x7B, 0xB2, 0x27, 0x6A, 0x77, 0x87, 0xD2,
    0xFB, 0xE4, 0x58, 0x8F, 0x08, 0xE6, 0xBA, 0xA6, 0x4C, 0x29, 0x24, 0x7E, 0x00, 0xC9, 0x85, 0xF7,
    0xDF, 0xC6, 0xCB, 0x44, 0x02, 0x1A, 0xC7, 0x80, 0x5B, 0x9F, 0x35, 0x61, 0xC7, 0x03, 0x30, 0x5E,
    0x12, 0xED, 0xEC, 0x5D, 0xF7, 0xB6, 0xEC, 0x89, 0x6B, 0x7E, 0xB4, 0xE9, 0x90, 0x5C, 0x61, 0x38,
    0x58, 0x0D, 0x9C, 0x8D, 0x1D, 0x6B, 0x5C, 0x1B, 0x7D, 0x4E, 0xEE, 0x1B, 0x81, 0x5B, 0x83, 0xEF,
    0xB6, 0xB2, 0xF7, 0x0D, 0x5F, 0xAE, 0xAF, 0xBB, 0xB1, 0x3F, 0x3D, 0xC2, 0x3D, 0xE6, 0xF3, 0x28,
    0xB6, 0x77, 0x2A, 0x27, 0xCD, 0xE5, 0xA7, 0xF3, 0x26, 0x2F, 0xB4, 0x98, 0x14, 0xEE, 0x79, 0x6F,
    0x3F, 0xAD, 0xA8, 0x9F, 0x34, 0x9C, 0xBC, 0xF4, 0x2C, 0xC5, 0x4E, 0xB6, 0x9A, 0x4F, 0x0A, 0x3B,
    0xA5, 0x9E, 0x20, 0x12, 0x56, 0x15, 0xBB, 0x92, 0x50, 0xB2, 0xAE, 0xC0, 0x41, 0xE4, 0xA5, 0x12,
    0x74, 0xA3, 0x52, 0x53, 0x72, 0x25, 0x39, 0x0F, 0x28, 0x13, 0xEC, 0xDE, 0xD5, 0x01, 0xAD, 0x85,
    0xAB, 0x6A, 0x22, 0x48, 0x7F, 0x0B, 0x0D, 0xBA, 0x24, 0x81, 0xAA, 0x09, 0xF0, 0xBE, 0xF6, 0x72,
    0x9B, 0xD5, 0x25, 0xCA, 0xFD, 0x49, 0xC0, 0x02, 0x3B, 0xCF, 0xA3, 0x5E, 0x4B, 0xBB, 0x56, 0x5B,
    0x5D, 0x99, 0xD0, 0xF3, 0xBB, 0x54, 0x47, 0xD7, 0x6A, 0x6B, 0xAC, 0x9B, 0x1A, 0x96, 0xBA, 0xD6,
    0x9F, 0x5C, 0x6A, 0xE7, 0xDE, 0x9E, 0x55, 0xD2, 0xB1, 0x4F, 0x5B, 0x14, 0x70, 0x80, 0x18, 0xC8,
    0x27, 0xC8, 0x1B, 0xE2, 0x0E, 0xE2, 0x03, 0x24, 0x19, 0x8D, 0x9D, 0xBD, 0xB9, 0x20, 0x26, 0x60,
    0x1D, 0x13, 0xEF, 0x20, 0x33, 0xA1, 0x91, 0x90, 0x98, 0xBA, 0x8F, 0x26, 0x01, 0xEC, 0xDA, 0x9E,
    0x0A, 0xB7, 0x90, 0x50, 0x12, 0xE8, 0x97, 0x91, 0xF4, 0x81, 0x18, 0xC2, 0xE0, 0x21, 0x29, 0xFF,
    0xC6, 0x31, 0xE5, 0xD5, 0xF1, 0xCF, 0x10, 0x00, 0x2A, 0xA9, 0x53, 0x5E, 0x4B, 0x84, 0xCC, 0x33,
    0xCF, 0x62, 0xEB, 0x15, 0xAB, 0xA4, 0x2C, 0xC9, 0x8E, 0xD8, 0x6F, 0xA2, 0x53, 0x08, 0xD6, 0x8E,
    0xD2, 0x30, 0x44, 0x3D, 0x18, 0x78, 0x63, 0x82, 0xED, 0x5C, 0x35, 0x71, 0xBF, 0xAC, 0xC9, 0x5B,
    0x6E, 0xD7, 0xC2, 0x7E, 0x36, 0x52, 0x67, 0xA9, 0x21, 0x71, 0xBE, 0x3B, 0x22, 0x85, 0x59, 0xA8,
    0x79, 0x66, 0x02, 0x0B, 0xC2, 0x01, 0x9D, 0xB0, 0x32, 0xCC, 0xC0, 0x6B, 0x0C, 0xFC, 0x8B, 0x81,
    0x9C, 0x88, 0x09, 0xDF, 0x38, 0xBB, 0x42, 0xA2, 0x8F, 0x63, 0x9D, 0x19, 0x32, 0x00, 0xA5, 0xE3,
    0x2C, 0x7F, 0x64, 0xBF, 0x24, 0x12, 0x64, 0x77, 0x60, 0x03, 0xFF, 0x1C, 0x03, 0x07, 0x36, 0x7A,
    0x14, 0x13, 0x39, 0xE0, 0x9C, 0x30, 0x1F, 0xD0, 0x42, 0x0C, 0x48, 0x21, 0x41, 0x82, 0x3E, 0x01,
    0xF9, 0x92, 0x3B, 0x9E, 0x88, 0x8D, 0x98, 0xA0, 0x17, 0x94, 0x41, 0x4C, 0x04, 0x64, 0x30, 0x27,
    0x35, 0x31, 0x3F, 0x2C, 0xDA, 0xE2, 0x31, 0xA8, 0xDE, 0x8C, 0x41, 0x89, 0xE2, 0x9B, 0x4F, 0x72,
    0x12, 0xC4, 0xC9, 0xA3, 0x88, 0x41, 0x26, 0x94, 0xD1, 0x7C, 0x62, 0xE4, 0x7B, 0x90, 0x6C, 0x7C,
    0xB8, 0xCA, 0xD9, 0x15, 0x2C, 0x21, 0x6B, 0x2A, 0x30, 0x48, 0x66, 0x55, 0xCC, 0xCA, 0x0F, 0xA7,
    0x1B, 0x97, 0xB0, 0xD0, 0x50, 0xD2, 0xB1, 0xD3, 0x33, 0x85, 0xDE, 0xC3, 0x2F, 0xE0, 0x1C, 0x58,
    0x27, 0x13, 0x5F, 0x59, 0xF9, 0x4F, 0x42, 0xF2, 0xF2, 0x40, 0xAC, 0xF1, 0x14, 0xD7, 0x07, 0xE7,
    0x04, 0x57, 0x96, 0xFC, 0x8D, 0xFE, 0xF0, 0x0E, 0xAF, 0x13, 0xA4, 0x2F, 0x9C, 0x33, 0x88, 0xBA,
    0xED, 0xCB, 0xAC, 0xAA, 0x20, 0x81, 0x5D, 0x9F, 0xCF, 0x20, 0x24, 0x0B, 0x9E, 0x12, 0xDA, 0x08,
    0x09, 0x69, 0xBC, 0x0C, 0x7C, 0x3E, 0x00, 0x31, 0x7A, 0x61, 0x56, 0x26, 0x27, 0x6E, 0xC7, 0x08,
    0xC9, 0x01, 0x24, 0x0E, 0x80, 0x13, 0x86, 0x9C, 0x88, 0x7D, 0x79, 0xBC, 0xFA, 0xC0, 0xDB, 0x80,
    0x10, 0x0B, 0xC8, 0x7B, 0xC4, 0x82, 0x89, 0x03, 0x2C, 0x28, 0x00, 0xCB, 0xF3, 0x61, 0x96, 0x7E,
    0x23, 0xF4, 0xE7, 0xA4, 0xBE, 0xB6, 0xFF, 0xF5, 0x2C, 0xAA, 0x61, 0x75, 0x11, 0xE6, 0x20, 0xDE,
    0x93, 0x17, 0xE6, 0x7B, 0xB2, 0x0E, 0xD5, 0xDC, 0x52, 0xA3, 0xFB, 0x14, 0xEA, 0x6B, 0xFE, 0x6C,
    0x0C, 0x42, 0x6E, 0x92, 0xC2, 0x28, 0x48, 0x76, 0x6C, 0x9B, 0x00, 0xEB, 0x90, 0xCB, 0x3C, 0xFF,
    0xDE, 0x07, 0x58, 0x1C, 0x50, 0x73, 0x74, 0xB6, 0xEE, 0x90, 0x00, 0x62, 0x45, 0x02, 0x20, 0x95,
    0xB9, 0x20, 0x8D, 0xDF, 0xE1, 0xF2, 0xBB, 0x00, 0x80, 0xDD, 0xA0, 0x27, 0x48, 0x65, 0x14, 0xD4,
    0xC1, 0x27, 0xFD, 0xAD, 0xE4, 0xD0, 0x00, 0x69, 0x80, 0xC5, 0x00, 0x70, 0x82, 0xD5, 0x5B, 0x14,
    0xC8, 0xC2, 0x12, 0xF5, 0xDA, 0xF4, 0x4F, 0x08, 0xEF, 0x4B, 0xEF, 0x0F, 0x5B, 0xD7, 0x4A, 0x7F,
    0x5C, 0xD9, 0x25, 0xB6, 0xA2, 0x8A, 0x2E, 0x95, 0x1F, 0x14, 0x5B, 0xBD, 0x63, 0xD1, 0x89, 0x54,
    0x5F, 0x88, 0x1B, 0xD0, 0x20, 0x0B, 0x01, 0x75, 0xCD, 0x01, 0x99, 0xC0, 0x0D, 0x32, 0xA1, 0xB1,
    0xDF, 0xBB, 0x25, 0x48, 0x08, 0xB3, 0xD9, 0x01, 0xD3, 0x87, 0x24, 0x9B, 0x1D, 0x84, 0xC5, 0xA4,
    0x34, 0xB3, 0x18, 0x27, 0x75, 0x90, 0xE4, 0x2B, 0x93, 0xCC, 0xEE, 0x1F, 0x1F, 0xFE, 0x46, 0x85,
    0x9C, 0x35, 0xD4, 0xE5, 0x49, 0x08, 0x98, 0x08, 0x3A, 0x78, 0x46, 0x25, 0x1E, 0x50, 0x7F, 0x59,
    0xBD, 0x08, 0x19, 0xB3, 0xEE, 0x5E, 0xEF, 0xA3, 0x92, 0x41, 0x06, 0xB4, 0xC7, 0xD0, 0xC1, 0x49,
    0x2D, 0xB1, 0x40, 0x9E, 0xF9, 0xAC, 0x3A, 0x4E, 0xF3, 0xAB, 0x0C, 0x90, 0x57, 0x71, 0xFD, 0x51,
    0x6C, 0x4A, 0x74, 0x7C, 0x51, 0x12, 0xD2, 0xC1, 0x02, 0xC8, 0x98, 0xA2, 0x5C, 0x8F, 0x0D, 0xC2,
    0x89, 0x0E, 0xBA, 0x26, 0xBC, 0xD1, 0xFF, 0xEE, 0xC9, 0x80, 0x03, 0x3A, 0x61, 0x3B, 0xFC, 0x94,
    0x68, 0xEC, 0x58, 0xCD, 0x8D, 0x4E, 0x0C, 0x48, 0x18, 0x34, 0xCC, 0x67, 0x9D, 0xED, 0x6B, 0xF9,
    0x2D, 0xC1, 0x67, 0xA0, 0xF4, 0x3E, 0x79, 0x9B, 0x8D, 0xB5, 0xAC, 0x31, 0x77, 0xF6, 0x46, 0x0E,
    0xB8, 0xB5, 0x87, 0x35, 0xE2, 0xAB, 0x30, 0xFA, 0x02, 0x80, 0x1F, 0x60, 0xD8, 0xC8, 0xBD, 0x67,
    0x38, 0x80, 0xE8, 0x25, 0x92, 0x7D, 0x09, 0x75, 0xA2, 0x61, 0x97, 0xDF, 0xF2, 0xDC, 0x00, 0xCB,
    0xEB, 0x7D, 0xF8, 0xEE, 0x1E, 0x4C, 0x46, 0xD5, 0x77, 0xC6, 0x74, 0xB8, 0xED, 0x67, 0x20, 0x06,
    0x84, 0x87, 0x31, 0x0D, 0x99, 0x38, 0xEA, 0x03, 0x3A, 0x8C, 0x50, 0x06, 0x2C, 0x01, 0xBE, 0xC0,
    0xAA, 0x65, 0x44, 0x92, 0xF1, 0xC6, 0xB2, 0x48, 0xAE, 0x07, 0xE4, 0xFB, 0x53, 0x5B, 0x1D, 0x7E,
    0xEA, 0x73, 0xFE, 0xF6, 0xCC, 0x5E, 0x93, 0xAF, 0x69, 0x48, 0xEC, 0x22, 0xED, 0x9B, 0xF6, 0xA9,
    0x8F, 0x32, 0x95, 0x59, 0xCF, 0x75, 0x71, 0x8E, 0x87, 0xC1, 0x90, 0x9F, 0xFE, 0xB5, 0xDD, 0x12,
    0x2F, 0x00, 0xDB, 0x77, 0x5A, 0xA0, 0x30, 0x3C, 0x11, 0x66, 0x0B, 0x4B, 0x60, 0x5E, 0xA2, 0x81,
    0xE3, 0x14, 0xD9, 0xFF, 0x1D, 0x25, 0x6E, 0x51, 0x6B, 0x32, 0x84, 0x64, 0x67, 0x07, 0xA2, 0x43,
    0x39, 0x6C, 0x51, 0x87, 0xE1, 0xE7, 0xC2, 0x84, 0x72, 0x16, 0x9F, 0x72, 0x8B, 0x72, 0xE3, 0x91,
    0x78, 0x89, 0x39, 0x59, 0xBB, 0x2D, 0x89, 0x95, 0xBC, 0xB6, 0x07, 0x99, 0xCF, 0x29, 0x2C, 0xA2,
    0xB0, 0xA9, 0x39, 0x49, 0xFA, 0xE0, 0x25, 0x2B, 0xDB, 0xCC, 0xEF, 0x53, 0x19, 0x46, 0x6F, 0x02,
    0x8A, 0xDB, 0x35, 0x35, 0xC1, 0xDB, 0x85, 0xEC, 0xB8, 0x94, 0x3F, 0xF2, 0xCC, 0x73, 0xD9, 0xB7,
    0xC6, 0xDE, 0x2F, 0x72, 0x42, 0xF1, 0xA7, 0x9F, 0xE2, 0x7A, 0x4E, 0x25, 0xB8, 0xD2, 0x92, 0xD6,
    0xBE, 0x18, 0x38, 0xCB, 0x5F, 0x8A, 0x6C, 0xAF, 0xC7, 0x1B, 0x30, 0xFF, 0xD5, 0x20, 0x2E, 0x0B,
    0x1F, 0x0E, 0xA3, 0xCF, 0xD9, 0x3E, 0x74, 0xAB, 0x05, 0x64, 0xC2, 0x9A, 0xB7, 0x3F, 0xC5, 0x71,
    0x23, 0x10, 0x8F, 0x93, 0xB5, 0x81, 0x36, 0xFC, 0xA7, 0x92, 0xB5, 0xBD, 0x0E, 0x61, 0x77, 0xC9,
    0x5A, 0x30, 0xB0, 0x20, 0xCF, 0xF0, 0xFE, 0x61, 0x46, 0x3C, 0x1A, 0xEF, 0xB2, 0xA4, 0x01, 0xD9,
    0xC1, 0xF2, 0x3D, 0xB2, 0xBF, 0x20, 0x19, 0x13, 0xDD, 0x2B, 0xF3, 0xD4, 0x9B, 0x9B, 0x9A, 0xE3,
    0x98, 0xAA, 0x4B, 0x25, 0x10, 0xA5, 0xB9, 0xAE, 0x94, 0x94, 0x12, 0x98, 0xB6, 0x6A, 0xB6, 0xB0,
    0x0D, 0x4B, 0x92, 0xBD, 0x7A, 0x58, 0xBF, 0xC0, 0x8B, 0xFD, 0x03, 0x8C, 0xB2, 0xD4, 0x45, 0xDB,
    0x42, 0xAD, 0x9C, 0x5A, 0xE6, 0xDA, 0xCF, 0x8D, 0x75, 0x31, 0x31, 0x40, 0xBA, 0xD2, 0x7C, 0xAA,
    0xF4, 0xD9, 0x0A, 0x80, 0x2D, 0xED, 0xA5, 0xCB, 0x4F, 0xCB, 0x3F, 0x4B, 0xBC, 0xA4, 0x7C, 0x14,
    0x10, 0x36, 0x49, 0x60, 0x6F, 0x6E, 0x9E, 0x32, 0x84, 0x67, 0x56, 0xA5, 0x63, 0x91, 0x6D, 0x2C,
    0x03, 0xC3, 0x18, 0x96, 0xB6, 0xDF, 0x14, 0x41, 0x7C, 0x43, 0x0B, 0xBD, 0xBF, 0xBB, 0x1F, 0x71,
    0xE1, 0x0F, 0x82, 0x8C, 0x46, 0x8F, 0xA2, 0xAA, 0x56, 0x25, 0x39, 0x6B, 0xFF, 0xF7, 0xC5, 0x4A,
    0xFA, 0xAA, 0x64, 0xE3, 0xEE, 0xC5, 0xB7, 0x34, 0x9E, 0x8D, 0xE7, 0xDB, 0x87, 0xF1, 0x38, 0x46,
    0x41, 0xAC, 0x8A, 0x67, 0xC1, 0xF3, 0x4E, 0x4F, 0x6B, 0xC8, 0xF2, 0x8A, 0x9C, 0x0D, 0x25, 0xAC,
    0xFC, 0xC6, 0x38, 0x3F, 0x12, 0x38, 0x08, 0xD5, 0xD9, 0xC8, 0x03, 0xA8, 0x46, 0x9F, 0xCA, 0x4B,
    0xA3, 0x86, 0x35, 0xA5, 0xDD, 0x3B, 0x25, 0x74, 0x2A, 0x8C, 0xCC, 0xDD, 0x20, 0x4E, 0x8F, 0x3E,
    0x5D, 0x7A, 0xFB, 0xF4, 0x99, 0x86, 0x3F, 0xB3, 0xEF, 0xBC, 0x6B, 0x18, 0xCE, 0x4C, 0xFF, 0xF6,
    0x6C, 0x30, 0x7A, 0xCC, 0xCE, 0x5B, 0x6E, 0xBB, 0x8B, 0x3C, 0x6B, 0x7C, 0x25, 0x39, 0x2A, 0x1F,
    0x24, 0x47, 0xFD, 0x2E, 0x39, 0x1A, 0x9F, 0x48, 0x8E, 0x26, 0xAA, 0x2C, 0x39, 0x1E, 0xC9, 0xCB,
    0xDF, 0xFC, 0xD5, 0x52, 0xF4, 0xEC, 0x10, 0x83, 0x58, 0xD7, 0x48, 0x11, 0x77, 0x7C, 0x72, 0x73,
    0x7F, 0xF9, 0xF4, 0xCD, 0xBD, 0x41, 0x82, 0x51, 0xB8, 0x73, 0x6F, 0x9C, 0xF0, 0xFB, 0xF7, 0xE5,
    0xDF, 0x7E, 0xD3, 0x4D, 0x92, 0x5B, 0x7E, 0xF9, 0x7D, 0x79, 0xBB, 0x5A, 0xCB, 0x27, 0xDE, 0x97,
    0xAF, 0xE0, 0xB1, 0x59, 0x31, 0x49, 0x11, 0x1F, 0x93, 0xE4, 0xE6, 0xF3, 0x35, 0x49, 0x21, 0xBD,
    0xF9, 0x38, 0x8F, 0x24, 0xCD, 0x9E, 0xFF, 0xA3, 0xA9, 0xF7, 0x6F, 0xE2, 0x11, 0x00, 0x6B, 0x45,
    0x83, 0x4E, 0xBA, 0x62, 0xBD, 0x99, 0x83, 0x34, 0x33, 0x06, 0xC1, 0xA2, 0x79, 0x11, 0x5F, 0xA2,
    0x32, 0x37, 0x49, 0x9C, 0xF1, 0x8A, 0xFA, 0x04, 0x24, 0xB0, 0x9D, 0x3B, 0x1B, 0x01, 0x70, 0xC2,
    0xA4, 0xE0, 0x80, 0xEE, 0x3C, 0x57, 0x43, 0x38, 0x91, 0x1B, 0x78, 0x00, 0x99, 0x30, 0x46, 0xE3,
    0xB1, 0x05, 0xDA, 0xF3, 0x1F, 0x5B, 0xC0, 0x8F, 0xC9, 0xC8, 0x8B, 0x05, 0xBC, 0xF9, 0xFC, 0x18,
    0xBF, 0x66, 0x01, 0x5C, 0x2C, 0x90, 0xBF, 0x6A, 0x01, 0x63, 0x2C, 0xE0, 0xFD, 0xB2, 0x76, 0x92,
    0x66, 0x6F, 0x22, 0xF1, 0x9C, 0xCA, 0x49, 0x32, 0xD0, 0x89, 0x47, 0xE9, 0x18, 0x23, 0xCF, 0xB7,
    0x8D, 0x5F, 0xFA, 0xC5, 0x98, 0x32, 0x9B, 0xF6, 0x24, 0x68, 0xFB, 0x73, 0xF9, 0x01, 0xB2, 0x70,
    0xBE, 0xCB, 0xD6, 0x90, 0xFB, 0x77, 0xD9, 0x8D, 0xDE, 0x75, 0xFE, 0x00, 0x92, 0x6C, 0x24, 0x20,
    0x27, 0xA2, 0x40, 0x40, 0xC3, 0x7A, 0xAE, 0x7B, 0xFF, 0x2E, 0x1B, 0x0C, 0x68, 0x4F, 0x9C, 0x3B,
    0xEF, 0x14, 0x80, 0xEC, 0x9A, 0x46, 0x56, 0x25, 0x24, 0x66, 0xB5, 0xAA, 0xB3, 0x2F, 0x73, 0x65,
    0x2E, 0x97, 0xBB, 0xFC, 0xC6, 0x81, 0x35, 0x67, 0x5F, 0x7F, 0x79, 0x38, 0x68, 0x7E, 0xFE, 0xF2,
    0x50, 0x9B, 0x91, 0x45, 0xCE, 0xB2, 0xD9, 0x4B, 0x4E, 0x7A, 0xB3, 0xB7, 0x3D, 0x7F, 0xC6, 0x44,
    0x68, 0x3E, 0xFE, 0xE5, 0xE1, 0xFB, 0xB7, 0x2D, 0xE7, 0x9B, 0x96, 0x5D, 0x3E, 0x7A, 0xDB, 0x22,
    0xEB, 0x6D, 0xCB, 0xFF, 0x01, 0xD5, 0xDA, 0x59, 0x6A, 0xED, 0xCC, 0x0E, 0x40, 0xE1, 0x0F, 0xF4,
    0x1A, 0xA8, 0xA9, 0x64, 0x00, 0x06, 0x4D, 0x5D, 0x90, 0x09, 0x09, 0xFE, 0xD7, 0x02, 0x5D, 0xB2,
    0x8D, 0xC1, 0xA7, 0xBD, 0x5D, 0xCE, 0x3E, 0x89, 0x48, 0xAD, 0x22, 0x6E, 0x2A, 0xE5, 0x15, 0x61,
    0x29, 0x0D, 0xAB, 0x61, 0x6D, 0x17, 0x1D, 0x27, 0xE7, 0xC1, 0x84, 0xCE, 0x93, 0x85, 0x5E, 0x45,
    0xD4, 0x3A, 0xD9, 0xAC, 0x8A, 0x77, 0x8A, 0x93, 0x9B, 0x9C, 0x39, 0x39, 0x1C, 0x0C, 0x9B, 0xA4,
    0xC9, 0x3A, 0x19, 0xCD, 0xAA, 0x1C, 0x31, 0x33, 0x0F, 0xFA, 0x49, 0xAC, 0x7A, 0xB0, 0x6F, 0x2C,
    0x62, 0x4A, 0xCE, 0xB6, 0x8D, 0x2D, 0x1F, 0xC3, 0x35, 0x66, 0xAC, 0x19, 0x59, 0x69, 0xA4, 0x7D,
    0x1B, 0x63, 0x2A, 0x67, 0xCD, 0xDA, 0xB1, 0xDD, 0x23, 0x31, 0x75, 0x8E, 0xE4, 0xF2, 0x90, 0x03,
    0x9D, 0xB0, 0x1F, 0x74, 0x40, 0xEC, 0x07, 0x8B, 0x7B, 0x7C, 0x22, 0x93, 0x53, 0x62, 0xDA, 0x8A,
    0xB6, 0xDE, 0x9A, 0x28, 0xB2, 0x38, 0x9C, 0x03, 0x7C, 0x98, 0xC7, 0x03, 0xCC, 0x65, 0xE6, 0xF2,
    0x90, 0xE0, 0x15, 0x44, 0xDD, 0x8E, 0x6F, 0x98, 0xC4, 0x65, 0x40, 0x7F, 0x56, 0x93, 0x51, 0xAC,
    0xD3, 0x9E, 0x61, 0x35, 0x01, 0x70, 0x60, 0x30, 0x25, 0xFE, 0x69, 0xAB, 0xDA, 0xE1, 0xF0, 0xE2,
    0xE5, 0x03, 0xED, 0x1E, 0x20, 0x4F, 0xDE, 0x2C, 0x1A, 0xF0, 0xF2, 0x95, 0xED, 0x46, 0x11, 0x4D,
    0x6C, 0x0C, 0x56, 0xA3, 0x9E, 0x68, 0x57, 0x0C, 0xAC, 0x29, 0x1C, 0xAB, 0x90, 0x0F, 0x4A, 0xB0,
    0x11, 0xDD, 0xDF, 0xBD, 0x11, 0x76, 0x22, 0x3A, 0x9A, 0xA0, 0x3E, 0x9D, 0x57, 0xB2, 0xC4, 0xB4,
    0xA8, 0x2D, 0x7A, 0x73, 0x5E, 0xE3, 0x58, 0x4F, 0x70, 0x9A, 0x60, 0xFA, 0x95, 0x78, 0x9B, 0x42,
    0x65, 0x7D, 0xE5, 0x2C, 0x6D, 0xD6, 0x2C, 0x47, 0x6E, 0x2F, 0xD1, 0x4F, 0xCC, 0xCE, 0x67, 0x1B,
    0x7B, 0x7E, 0x25, 0x7F, 0x8E, 0xC7, 0xDF, 0x55, 0x7A, 0x0B, 0x24, 0x98, 0x5B, 0xED, 0x87, 0x68,
    0x4D, 0x94, 0x42, 0x47, 0x61, 0xA6, 0x90, 0xD7, 0x95, 0x9F, 0xBA, 0x6E, 0x35, 0xD9, 0x0C, 0xD1,
    0x04, 0xF0, 0xB0, 0x7B, 0x38, 0x2C, 0xDB, 0x9A, 0x16, 0x53, 0xCC, 0x47, 0x77, 0x05, 0x1B, 0xCC,
    0xC9, 0x7B, 0xDD, 0xDA, 0x88, 0x7A, 0xF9, 0x9A, 0x5E, 0x2F, 0xAD, 0x6B, 0x63, 0xB0, 0x0A, 0xF5,
    0x44, 0xAF, 0x3F, 0xD4, 0x21, 0xFB, 0x9E, 0xC1, 0x1B, 0xA2, 0x11, 0xE5, 0x09, 0x8E, 0x9F, 0xD1,
    0xBD, 0xAE, 0x22, 0x71, 0x78, 0xA2, 0xE7, 0x01, 0xD3, 0x4D, 0xC4, 0x14, 0x21, 0xBF, 0xB2, 0xD5,
    0x87, 0xC4, 0x59, 0x5E, 0x73, 0x7B, 0x8D, 0x7E, 0x9E, 0xC9, 0x27, 0x1B, 0x7B, 0x7E, 0x15, 0xFB,
    0xAD, 0xC7, 0xA7, 0x54, 0xB1, 0x99, 0xD9, 0xCE, 0x6D, 0xB7, 0x7C, 0xC7, 0xBA, 0x20, 0x2A, 0x1A,
    0xD1, 0xFA, 0x42, 0xB4, 0x98, 0xB9, 0xD0, 0xD1, 0xEE, 0x67, 0xB9, 0x20, 0xEA, 0xC2, 0x3A, 0x31,
    0x33, 0x73, 0xC2, 0x3D, 0x5C, 0xB7, 0x6C, 0x17, 0x1A, 0xD9, 0x62, 0xC6, 0xAA, 0xAC, 0xB4, 0x6A,
    0x5B, 0xBD, 0x45, 0xBF, 0xCF, 0x73, 0xAE, 0x53, 0x1B, 0xD7, 0x18, 0x24, 0x95, 0x1D, 0xBD, 0x66,
    0x98, 0xFE, 0x51, 0x7E, 0x9E, 0xC3, 0x2A, 0xD6, 0x46, 0x0E, 0xF6, 0xC2, 0xB1, 0x20, 0xE1, 0xDA,
    0xC2, 0x15, 0x7F, 0x47, 0x51, 0x16, 0xB3, 0xAF, 0x26, 0x1C, 0xCD, 0x6A, 0x96, 0x73, 0x80, 0x0F,
    0xF2, 0x94, 0x30, 0xDD, 0x67, 0xCB, 0xAD, 0xB2, 0xFE, 0xEE, 0xC3, 0xC7, 0x0E, 0x6B, 0xDE, 0xEA,
    0x65, 0x8D, 0x17, 0x1B, 0x1F, 0xFC, 0xC0, 0x16, 0x0C, 0x62, 0xB0, 0x1A, 0x09, 0xAF, 0xA0, 0x11,
    0xDB, 0x95, 0x24, 0x89, 0x1D, 0x25, 0x4A, 0xFF, 0x5D, 0x31, 0x34, 0x57, 0x21, 0xCF, 0x62, 0xA3,
    0x00, 0xCB, 0x79, 0x2C, 0x9B, 0xBD, 0x45, 0x1F, 0x96, 0x25, 0xC4, 0xC7, 0x89, 0x3B, 0x20, 0x1F,
    0xB8, 0x24, 0x91, 0x10, 0x9F, 0x5B, 0x5C, 0xDF, 0x9F, 0xAA, 0xB0, 0xF1, 0xFA, 0x3C, 0x71, 0x62,
    0xB0, 0xA6, 0xC8, 0x28, 0xD6, 0x3B, 0xAC, 0x42, 0x12, 0xBD, 0x2F, 0x67, 0x83, 0x59, 0x75, 0x3E,
    0xA8, 0xF2, 0xFA, 0xF7, 0x9C, 0x59, 0xCD, 0x6C, 0x3A, 0xD9, 0x89, 0x4D, 0xB4, 0x15, 0xF5, 0xC7,
    0x7D, 0x25, 0x4C, 0xBF, 0x8A, 0xB7, 0x69, 0x2A, 0xEB, 0x53, 0xA7, 0xD7, 0x26, 0xE6, 0xAD, 0xD6,
    0xF5, 0xC2, 0x7A, 0x4E, 0x5A, 0x7D, 0xA4, 0x92, 0xE7, 0xD7, 0xF8, 0x27, 0x18, 0xFA, 0x7D, 0x0F,
    0xB0, 0xB6, 0x1C, 0xC7, 0xAA, 0x63, 0x91, 0x6C, 0x1A, 0xF0, 0x58, 0xBD, 0x62, 0x8B, 0xFE, 0xEF,
    0x3F, 0xB6, 0xF3, 0xF6, 0x6C, 0xB3, 0xF5, 0xA1, 0x0F, 0xB6, 0x87, 0x20, 0x0B, 0x20, 0xDB, 0xFC,
    0xC7, 0x6B, 0x9E, 0x0B, 0x7E, 0xC8, 0xAE, 0x5C, 0x71, 0x1E, 0xBC, 0x56, 0xB3, 0xB6, 0xD5, 0xA2,
    0xC1, 0xFF, 0xB2, 0xC9, 0xDF, 0xAD, 0x2F, 0xA6, 0x91, 0x33, 0x25, 0x46, 0xB6, 0xD5, 0x62, 0x5B,
    0xC5, 0x48, 0x17, 0xB3, 0xE6, 0xC1, 0x8D, 0xF5, 0x1F, 0x71, 0x90, 0x27, 0x65, 0x5D, 0xDC, 0xE7,
    0xFA, 0x62, 0xAC, 0x26, 0x67, 0x10, 0xD3, 0x7E, 0x1A, 0x09, 0xA6, 0x2E, 0x92, 0x0F, 0x6C, 0x31,
    0x53, 0xAB, 0x56, 0xA7, 0xD8, 0xFB, 0x31, 0xEC, 0xCD, 0xFC, 0x64, 0xEC, 0x61, 0x67, 0x45, 0x67,
    0xAF, 0x5E, 0x33, 0x65, 0xF6, 0x8F, 0xE9, 0xB7, 0xDA, 0x39, 0x0A, 0x53, 0xD7, 0xAE, 0x44, 0x5D,
    0x44, 0x3C, 0xB8, 0x0A, 0xD2, 0x3D, 0x7C, 0x26, 0x93, 0x79, 0x2B, 0x0F, 0x7D, 0x5C, 0xE5, 0x81,
    0xA8, 0x73, 0xC0, 0xC7, 0x79, 0xBC, 0x99, 0xC9, 0x07, 0xE7, 0x3A, 0x40, 0x00, 0x0B, 0x64, 0xC1,
    0x69, 0xF5, 0x9F, 0xC6, 0xAA, 0x03, 0x87, 0xF5, 0x69, 0x4D, 0xBA, 0xEC, 0x6D, 0xB2, 0xD9, 0x28,
    0xE0, 0xFE, 0xCB, 0x38, 0xFB, 0xB4, 0x1D, 0x15, 0x15, 0xE2, 0xE3, 0xEC, 0x46, 0xDD, 0x5C, 0x0E,
    0x98, 0xDB, 0x21, 0xAF, 0x5F, 0xDA, 0x6E, 0xDF, 0xEB, 0xC3, 0xF5, 0xC9, 0xCB, 0xB3, 0xEC, 0xDE,
    0x12, 0x76, 0x23, 0xFA, 0x80, 0x93, 0xF6, 0x25, 0x59, 0x7E, 0xFF, 0x46, 0x58, 0xBD, 0x91, 0x12,
    0x2F, 0xE2, 0x13, 0x7A, 0xB5, 0x36, 0x39, 0xEC, 0x75, 0x0E, 0x89, 0x2D, 0xDE, 0xFA, 0x8F, 0x3B,
    0x8D, 0x86, 0x35, 0x81, 0x23, 0x07, 0x2F, 0xB1, 0xBF, 0x74, 0x96, 0x6E, 0x62, 0xAA, 0xD6, 0x9A,
    0x0A, 0xF3, 0xC4, 0xEC, 0x7C, 0xB2, 0xB1, 0xE7, 0x57, 0xF2, 0xDF, 0x7B, 0x7C, 0x4A, 0xA5, 0xD7,
    0x20, 0x1A, 0xE7, 0x61, 0x64, 0xDD, 0x8E, 0x29, 0x96, 0xEB, 0x78, 0x4C, 0xCB, 0x7A, 0x58, 0xCE,
    0x7A, 0x68, 0x8E, 0x7A, 0x78, 0x88, 0x7A, 0x88, 0x5E, 0x12, 0x73, 0x48, 0x64, 0x3B, 0xDD, 0xD9,
    0x58, 0xFF, 0xCD, 0x34, 0xC8, 0x3A, 0x27, 0xB2, 0xAE, 0xC9, 0x76, 0x7A, 0x77, 0x89, 0x97, 0x33,
    0x6E, 0xEA, 0x0F, 0xB8, 0xB5, 0xF3, 0x51, 0xDE, 0xF5, 0x39, 0xAC, 0xE6, 0x84, 0x96, 0x5B, 0xC7,
    0xCC, 0xDB, 0xBB, 0xDB, 0xA9, 0x14, 0x63, 0xB3, 0x2F, 0x98, 0x5F, 0x61, 0x1B, 0xB6, 0x14, 0xED,
    0xDD, 0xB3, 0x87, 0x68, 0xB3, 0x11, 0x75, 0xB7, 0x19, 0x1B, 0x18, 0x77, 0xB9, 0xEA, 0x2B, 0xE9,
    0x7C, 0x60, 0xC3, 0x40, 0x56, 0x94, 0xE8, 0xD5, 0xF4, 0x9F, 0xD7, 0x69, 0xEA, 0xB6, 0x95, 0xF5,
    0x76, 0x4D, 0x77, 0xC9, 0xAB, 0x40, 0x02, 0x7C, 0x25, 0xB9, 0xD9, 0x98, 0x8D, 0x3E, 0x2E, 0xB8,
    0x67, 0x6D, 0x9F, 0xF8, 0xC3, 0x9A, 0x2F, 0x93, 0xB3, 0xE0, 0xC8, 0x0D, 0xAF, 0xD1, 0x5F, 0xD0,
    0xE8, 0x56, 0x62, 0xDE, 0xCA, 0x5A, 0x13, 0x15, 0x66, 0x35, 0xFE, 0xB0, 0xC2, 0xAF, 0xA7, 0xE9,
    0x77, 0x35, 0xCA, 0xD4, 0x7D, 0x4A, 0x40, 0x14, 0x9E, 0x68, 0xF3, 0x16, 0xEB, 0xBB, 0x2F, 0x5D,
    0xCC, 0x54, 0xCC, 0x3E, 0xB9, 0x9A, 0x25, 0xFE, 0x10, 0x53, 0x6C, 0x0E, 0x36, 0x9B, 0xA9, 0x68,
    0xCE, 0xBD, 0x9A, 0x0D, 0xBF, 0xD8, 0xB0, 0xBC, 0x71, 0x15, 0xD3, 0x31, 0x27, 0x56, 0x4B, 0xFF,
    0x3D, 0xA2, 0x8D, 0xD8, 0x31, 0xCC, 0xAC, 0x2D, 0x7B, 0x6D, 0xDF, 0xC7, 0x46, 0xCC, 0x05, 0xDF,
    0x77, 0xF9, 0x3A, 0x7F, 0xDA, 0xE5, 0x8B, 0x72, 0x8F, 0xCF, 0x64, 0x38, 0x36, 0x72, 0x70, 0xAC,
    0x22, 0xDF, 0x21, 0x61, 0x43, 0xBB, 0x00, 0xFC, 0x39, 0xD3, 0x07, 0x30, 0x20, 0xB6, 0x7B, 0xCB,
    0x04, 0xBC, 0xDE, 0x5A, 0xA9, 0x87, 0xBB, 0x75, 0x2A, 0x8C, 0xD3, 0xA1, 0x8E, 0xDB, 0x14, 0xF5,
    0x98, 0xD6, 0x39, 0x8D, 0xC7, 0xD4, 0xE7, 0xE4, 0xFF, 0x9A, 0xD2, 0xE5, 0xD4, 0x66, 0xBB, 0xAC,
    0xCA, 0x99, 0x72, 0x79, 0xBD, 0x77, 0xD8, 0x17, 0xB7, 0x55, 0xA2, 0x65, 0x59, 0x64, 0xC3, 0x7A,
    0x30, 0x6A, 0x3A, 0xE6, 0xE4, 0xAA, 0xD5, 0xF2, 0x94, 0xB5, 0x1F, 0xAC, 0x07, 0xFD, 0x47, 0x8C,
    0x8B, 0xC3, 0x29, 0xF9, 0xB4, 0x7C, 0x69, 0x6E, 0x60, 0x03, 0x53, 0x60, 0xDD, 0x8F, 0xF2, 0xF2,
    0x95, 0x3C, 0xFF, 0xA8, 0x79, 0xB5, 0x55, 0x6C, 0x59, 0xAC, 0xBF, 0xE4, 0x39, 0xDB, 0x2D, 0x17,
    0x3A, 0x41, 0x1F, 0x37, 0xCF, 0x97, 0xE4, 0x28, 0xC0, 0x57, 0xB2, 0x1E, 0x0F, 0xE6, 0xF8, 0xD5,
    0x3F, 0xC1, 0xAE, 0xA2, 0xE5, 0xC9, 0xBF, 0xF1, 0x1D, 0xB8, 0x24, 0x4F, 0x15, 0xD6, 0x9A, 0x42,
    0x98, 0x2F, 0x28, 0x3B, 0xBD, 0xDE, 0xFE, 0x3D, 0xB6, 0x57, 0xA9, 0xAC, 0x2C, 0xFC, 0x25, 0xB5,
    0x5F, 0x4B, 0xDF, 0xEF, 0xFA, 0x08, 0xD9, 0xF7, 0x69, 0x95, 0xFB, 0xD9, 0xBF, 0xEB, 0xF8, 0xFB,
    0xD8, 0x10, 0x37, 0x3A, 0xD9, 0xB7, 0x23, 0x03, 0xB2, 0x6E, 0x87, 0x5E, 0x6F, 0x5D, 0xC7, 0x9A,
    0x3E, 0xB9, 0x9A, 0x2D, 0x4E, 0x6E, 0x9A, 0x11, 0x45, 0x5A, 0xEF, 0xAC, 0x85, 0xD5, 0x07, 0xE2,
    0xE4, 0x6E, 0x98, 0xBE, 0x79, 0xF1, 0x5F, 0x71, 0xCD, 0xBE, 0x78, 0x6B, 0x78, 0x63, 0xC3, 0x03,
    0xF9, 0x43, 0xAB, 0x94, 0x53, 0xB3, 0xE7, 0x1D, 0xD1, 0x56, 0xBD, 0x43, 0x6C, 0x8B, 0xED, 0x60,
    0x1C, 0xA4, 0x4D, 0x6A, 0x56, 0xBD, 0xE3, 0xAD, 0x58, 0xFF, 0xD4, 0xF7, 0x8D, 0xDA, 0x1D, 0xED,
    0x44, 0x46, 0x31, 0x0F, 0x2C, 0xE4, 0xC6, 0xEA, 0xCF, 0x64, 0xEA, 0xA7, 0x91, 0x27, 0xEB, 0xC6,
    0xE7, 0xB9, 0xDA, 0x66, 0xC5, 0xC8, 0x1D, 0x63, 0xB5, 0xFD, 0xFD, 0xEF, 0xB9, 0x2F, 0xC2, 0x76,
    0x09, 0xB5, 0xCA, 0x3D, 0x3E, 0x95, 0xE1, 0x29, 0x62, 0x9A, 0x15, 0x0F, 0x29, 0x8D, 0xA8, 0x6B,
    0xE9, 0xC3, 0x85, 0xBF, 0x9D, 0x95, 0x62, 0x3F, 0x38, 0x8F, 0xC5, 0xD6, 0xE0, 0xC5, 0xFE, 0xB4,
    0x5E, 0x57, 0xBF, 0x90, 0xB3, 0x78, 0xCD, 0xCD, 0x6B, 0x34, 0x7C, 0x06, 0x91, 0xFF, 0x02, 0x8D,
    0x8E, 0x4D, 0x8A, 0x6B, 0x4B, 0x0C, 0x83, 0x3F, 0xF0, 0x34, 0xE0, 0xAD, 0x1C, 0xE8, 0x69, 0x81,
    0xB7, 0x2E, 0xC8, 0x02, 0xB2, 0x15, 0x43, 0x4F, 0x0D, 0xF5, 0xEA, 0xEF, 0x74, 0xF3, 0x2E, 0x87,
    0xCB, 0xAD, 0xC8, 0x91, 0x6C, 0xC9, 0x4E, 0x00, 0xE8, 0x5D, 0x37, 0x9E, 0x9F, 0xFE, 0x22, 0x0C,
    0x57, 0xA3, 0x91, 0x74, 0xC6, 0x58, 0x41, 0x2C, 0x5E, 0x0E, 0x8D, 0x42, 0x0F, 0x13, 0xE3, 0xE5,
    0x6A, 0x8D, 0x6C, 0xA6, 0x34, 0x75, 0xAB, 0xFE, 0x9E, 0x08, 0x1B, 0xC8, 0xAD, 0x07, 0x8C, 0xE6,
    0xCC, 0x58, 0x99, 0x64, 0xC4, 0x89, 0xF5, 0x18, 0x96, 0xA6, 0x15, 0xCB, 0xBA, 0x0C, 0x02, 0x08,
    0x1D, 0x06, 0x1C, 0xEA, 0x65, 0x3A, 0xFF, 0x55, 0xD7, 0xD0, 0x04, 0x7F, 0xE6, 0x4E, 0xF6, 0xA1,
    0x5E, 0x8F, 0xF5, 0x6F, 0xBF, 0xE3, 0xC7, 0x7B, 0x2A, 0x87, 0xEB, 0xC5, 0x4F, 0xBE, 0x5E, 0xFE,
    0x98, 0x0F, 0xF5, 0xEC, 0xB5, 0x3E, 0x19, 0x0A, 0x51, 0xF8, 0x10, 0xD6, 0x07, 0xF5, 0x9C, 0x54,
    0xA7, 0x3B, 0x9E, 0x17, 0x0C, 0x00, 0xD1, 0x45, 0x2E, 0x55, 0x2E, 0xDB, 0x2A, 0x2D, 0x4D, 0xB7,
    0x72, 0x6E, 0x15, 0x3F, 0xAA, 0x6D, 0x55, 0x96, 0xC5, 0xBD, 0x9B, 0x9C, 0x7B, 0x26, 0x17, 0x13,
    0xE5, 0xEA, 0xC5, 0x00, 0xB8, 0x65, 0xEC, 0x03, 0xE1, 0x72, 0x93, 0x03, 0x6D, 0xA8, 0x01, 0x41,
    0x0D, 0xFA, 0x4C, 0x65, 0x79, 0xCF, 0x4C, 0x5B, 0x81, 0xEB, 0xDE, 0x75, 0x38, 0xF7, 0x62, 0x20,
    0x27, 0x5A, 0xAF, 0xCA, 0x54, 0x73, 0x75, 0x57, 0x39, 0x15, 0xE4, 0x40, 0x43, 0x0D, 0x2E, 0x1A,
    0x39, 0x4F, 0x06, 0x45, 0xD1, 0x09, 0xCD, 0x63, 0x14, 0xED, 0x22, 0x69, 0x38, 0xA7, 0x2F, 0xAB,
    0x9D, 0x6B, 0x24, 0xB0, 0xBF, 0xB0, 0x4D, 0xCA, 0x6B, 0x35, 0xDF, 0xAB, 0xAD, 0xCF, 0x22, 0x2F,
    0x0E, 0xED, 0xA1, 0x56, 0xE4, 0x9D, 0x7B, 0x21, 0xCF, 0xFA, 0xA1, 0xDF, 0xD7, 0xC0, 0x04, 0xB5,
    0x48, 0x79, 0x99, 0x49, 0x75, 0x95, 0xBF, 0x3F, 0xD9, 0xBF, 0xCA, 0x7A, 0x97, 0x75, 0x88, 0x62,
    0x92, 0x27, 0xF1, 0x95, 0xD6, 0x63, 0x45, 0xBE, 0x3F, 0xCA, 0x6C, 0x66, 0x6F, 0x9D, 0x75, 0x72,
    0x13, 0x04, 0xD0, 0xD8, 0x83, 0x33, 0xF4, 0x59, 0x40, 0x7B, 0xB0, 0xF8, 0xB5, 0xEA, 0x58, 0x3A,
    0xD6, 0xFF, 0x8F, 0xF1, 0x1F, 0xA4, 0xD1, 0x01, 0xC6, 0x25, 0x41, 0x0C, 0xC4, 0xF1, 0x3F, 0x01,
    0x58, 0x72, 0x95, 0xEF, 0x00, 0x21, 0x57, 0xCF, 0x91, 0x72, 0x80, 0xA2, 0xB6, 0xDB, 0xCC, 0x5B,
    0x16, 0xCF, 0x62, 0xD5, 0xAF, 0x5A, 0xCB, 0x04, 0x4C, 0xE3, 0x21, 0x2D, 0xFA, 0x8D, 0xC8, 0xF9,
    0xD6, 0x26, 0xE9, 0x7B, 0x5A, 0xE0, 0x81, 0x58, 0xC8, 0xB7, 0x75, 0xBA, 0x4F, 0x63, 0x96, 0xE4,
    0x69, 0x9D, 0xDA, 0x9E, 0x3E, 0x85, 0xE5, 0xD3, 0xB4, 0x2E, 0x78, 0x35, 0xE9, 0xFD, 0x85, 0xA0,
    0x1F, 0x3F, 0x94, 0x50, 0x7B, 0xC3, 0x43, 0x9F, 0x53, 0x39, 0xDD, 0xA8, 0x40, 0x1E, 0x7B, 0x8D,
    0x44, 0x89, 0x3E, 0x8A, 0x6A, 0x94, 0xBE, 0xCB, 0x6D, 0x1F, 0x45, 0x2D, 0x22, 0x96, 0x18, 0xF2,
    0x80, 0xBE, 0xD0, 0x5F, 0xC2, 0x93, 0x56, 0x71, 0xD4, 0xD1, 0xB3, 0xE9, 0x09, 0x6F, 0xA7, 0x84,
    0x45, 0x3F, 0xDA, 0x8A, 0x3B, 0xA7, 0xBD, 0xE2, 0xD0, 0x72, 0x09, 0x39, 0xD4, 0xBE, 0x33, 0x38,
    0x76, 0x62, 0xED, 0x49, 0x11, 0x13, 0x24, 0x4D, 0xA1, 0x93, 0xFD, 0x13, 0xDD, 0x50, 0x34, 0x49,
    0x0C, 0xB3, 0xD4, 0x49, 0xDE, 0x4C, 0xDC, 0xEC, 0xCD, 0xBD, 0xE5, 0x0D, 0x4D, 0xF1, 0xC3, 0xE2,
    0x30, 0x6D, 0x4F, 0xEE, 0x9D, 0xC7, 0xF7, 0x6E, 0xAE, 0xD5, 0xFA, 0x9F, 0x87, 0xF5, 0x5E, 0xF1,
    0x2F, 0x6D, 0xEC, 0x49, 0xD3, 0xDE, 0x8D, 0x15, 0x3A, 0xDE, 0x6F, 0x39, 0x34, 0xE8, 0xB9, 0x56,
    0x21, 0xFB, 0x7A, 0x7F, 0xE1, 0x5D, 0x56, 0xF1, 0xD9, 0x34, 0xE4, 0x82, 0x1E, 0x1B, 0x6A, 0x6F,
    0xFA, 0xF7, 0xE8, 0x99, 0xBE, 0x46, 0xD3, 0x17, 0x00, 0x9D, 0xD4, 0x51, 0x6A, 0xE5, 0xBA, 0x12,
    0x85, 0xE1, 0x1F, 0xEA, 0xB5, 0xA1, 0xA6, 0x12, 0xB8, 0xAF, 0x86, 0x9A, 0x7A, 0xC1, 0x1E, 0x40,
    0xA6, 0x52, 0x90, 0xD7, 0x82, 0x75, 0x55, 0xC8, 0xF6, 0x76, 0x48, 0x4E, 0x73, 0x38, 0xEA, 0xD6,
    0xC7, 0xF2, 0xB2, 0x63, 0x43, 0xA4, 0x08, 0x8E, 0x0F, 0x16, 0x05, 0xF4, 0x22, 0xF4, 0x95, 0xA8,
    0x94, 0x56, 0x5F, 0x9F, 0xE9, 0xF9, 0xF5, 0x1A, 0xB2, 0x22, 0x5F, 0x99, 0x61, 0x2F, 0x18, 0x90,
    0x7D, 0xDE, 0xF8, 0xC2, 0xFF, 0xDC, 0x1C, 0x10, 0x43, 0xFC, 0x19, 0xFA, 0x03, 0x7C, 0x51, 0xDE,
    0x65, 0x69, 0x5D, 0x9E, 0xA8, 0x62, 0x21, 0x25, 0x5F, 0x7A, 0x2D, 0x12, 0x06, 0x62, 0xBA, 0x18,
    0x68, 0x7C, 0xB0, 0xBA, 0x60, 0x20, 0x07, 0x16, 0xC7, 0x13, 0xA9, 0x4F, 0x1A, 0x1E, 0x68, 0x3A,
    0xFD, 0x72, 0xC3, 0x55, 0x10, 0xDA, 0x11, 0xA4, 0xB2, 0xB6, 0xF6, 0xA5, 0xE7, 0x35, 0xE1, 0x9A,
    0x92, 0x72, 0xA6, 0x35, 0xCC, 0xBC, 0xAE, 0x09, 0x60, 0xE6, 0x81, 0xD3, 0x38, 0x45, 0xB8, 0x66,
    0xA8, 0x43, 0x6A, 0x09, 0x93, 0xB6, 0xA6, 0xC4, 0xD3, 0x3E, 0xB7, 0x35, 0xBE, 0xFA, 0x6D, 0x6A,
    0xA9, 0xC7, 0xB0, 0xF4, 0xF2, 0xDC, 0x7E, 0xEF, 0xD1, 0xF4, 0xC4, 0xF6, 0x73, 0x74, 0x8D, 0xF6,
    0x10, 0xA5, 0x74, 0x19, 0x4B, 0xC1, 0xD4, 0x20, 0xA9, 0xCF, 0x68, 0x65, 0xC2, 0xCF, 0x48, 0x3C,
    0x62, 0x3E, 0x62, 0x5C, 0xD1, 0x5F, 0x52, 0x99, 0x3E, 0xA7, 0x9D, 0xE8, 0xD2, 0xF5, 0x6C, 0xA0,
    0xEB, 0x0D, 0x07, 0xB1, 0xA2, 0x76, 0x74, 0x2B, 0xEB, 0x89, 0x01, 0x26, 0x15, 0x13, 0x6B, 0x22,
    0x13, 0x5D, 0x69, 0xC5, 0x44, 0x4C, 0x7D, 0x45, 0x5C, 0x77, 0xE4, 0x8E, 0x1F, 0xC4, 0x15, 0x0B,
    0xBF, 0x62, 0x5F, 0x6D, 0x1D, 0x22, 0xA4, 0x02, 0x57, 0x4B, 0x3D, 0x11, 0x94, 0xFF, 0x53, 0x4A,
    0x89, 0xB0, 0xE9, 0xD2, 0xB4, 0xBF, 0xB4, 0x84, 0xE0, 0x1D, 0x9A, 0x59, 0x9B, 0x63, 0x82, 0x4F,
    0x80, 0x15, 0xFC, 0x0E, 0xB5, 0xD4, 0x39, 0xEA, 0x0E, 0x04, 0x87, 0x15, 0xC5, 0x04, 0xFA, 0x0E,
    0x96, 0xBF, 0x3D, 0xEC, 0x59, 0x84, 0x25, 0x3B, 0x38, 0xE0, 0x5F, 0x67, 0xB0, 0xAF, 0xC4, 0x3F,
    0x7F, 0x84, 0x06, 0x10, 0xEF, 0x60, 0x13, 0x88, 0xBE, 0xE0, 0xC2, 0xA5, 0xDC, 0xBC, 0xBB, 0xE8,
    0xC6, 0xA4, 0xC6, 0xD3, 0x9B, 0x98, 0xAE, 0xFF, 0x0D, 0x76, 0x22, 0xBC, 0x89, 0x8C, 0xC6, 0xD5,
    0x4A, 0x53, 0x2A, 0xF9, 0x3E, 0x90, 0xF2, 0x84, 0xD0, 0x1F, 0x4C, 0xFA, 0xC4, 0x0B, 0x11, 0x49,
    0x10, 0xE0, 0x34, 0xD8, 0x80, 0x0D, 0x21, 0xD5, 0xC6, 0xEE, 0x4E, 0x73, 0xA9, 0xBB, 0xE3, 0x8D,
    0xC0, 0x09, 0x86, 0x24, 0xF0, 0x46, 0x30, 0xDF, 0xC0, 0xF5, 0x27, 0x54, 0xAE, 0x5A, 0x86, 0x8A,
    0x66, 0xFF, 0xB7, 0x1A, 0x3D, 0xC7, 0x60, 0xEC, 0xD1, 0x72, 0x74, 0x40, 0x33, 0x72, 0x4B, 0xC7,
    0xEE, 0x6B, 0xB4, 0x6D, 0x8F, 0x68, 0x24, 0xB6, 0x39, 0x7A, 0x5D, 0x0A, 0x6B, 0x42, 0x85, 0x7A,
    0x8C, 0x72, 0x49, 0xCA, 0xD8, 0xA6, 0xAF, 0x19, 0x78, 0x5A, 0x1E, 0x63, 0x8D, 0x54, 0x31, 0x32,
    0x72, 0xAB, 0xC6, 0x24, 0xB1, 0xBC, 0xFA, 0x66, 0xAA, 0x1E, 0x12, 0x8C, 0xAB, 0xFF, 0xDD, 0x18,
    0x5D, 0xCA, 0xD3, 0x38, 0x11, 0x34, 0xCA, 0x85, 0x97, 0xEE, 0xC1, 0x5C, 0xFE, 0xEC, 0x22, 0x17,
    0xBA, 0x8F, 0xD1, 0x84, 0x86, 0xBF, 0x43, 0xA8, 0x4F, 0xE0, 0x18, 0x9E, 0xBA, 0xAA, 0x40, 0xEA,
    0x59, 0xD1, 0x23, 0x0A, 0xAF, 0xC3, 0x8A, 0xC8, 0x83, 0x26, 0x18, 0xB5, 0x3C, 0x46, 0x3E, 0xE8,
    0x25, 0xBF, 0x1B, 0xAA, 0x5B, 0x1A, 0x3D, 0x8C, 0x7C, 0x3B, 0xEF, 0x6F, 0x4C, 0x87, 0x37, 0x48,
    0x3A, 0xC0, 0x55, 0x4B, 0x66, 0x6E, 0xDD, 0xB5, 0x08, 0x15, 0x7E, 0x1E, 0x4A, 0xC2, 0x21, 0x88,
    0x01, 0xD0, 0x46, 0x92, 0x7A, 0xD8, 0x6B, 0x6C, 0x6A, 0x1E, 0x5D, 0x24, 0xB0, 0x01, 0xCB, 0x85,
    0x6F, 0x3C, 0x89, 0xF4, 0x32, 0x9D, 0x2B, 0x1A, 0x6D, 0xC0, 0xC1, 0x0F, 0x4C, 0xAF, 0x73, 0x9D,
    0xFA, 0x88, 0xD9, 0x1E, 0x96, 0x9E, 0x8B, 0xC8, 0x83, 0x0A, 0x0E, 0x78, 0xA3, 0x7F, 0x22, 0xDE,
    0xE4, 0xC2, 0x17, 0x35, 0xBF, 0x84, 0xB2, 0x3A, 0x3C, 0xD1, 0x11, 0xFB, 0x1B, 0xFB, 0x6B, 0xF7,
    0xC7, 0xF7, 0x46, 0xDD, 0xF2, 0x18, 0xF1, 0xDE, 0xC0, 0x15, 0x7B, 0xD3, 0xFE, 0x7D, 0xEB, 0xFE,
    0x37, 0x1F, 0x1B, 0x55, 0x5A, 0x0E, 0x60, 0x02, 0x88, 0xBC, 0xF0, 0xE7, 0xDD, 0xEB, 0x06, 0x40,
    0x83, 0x54, 0x03, 0x80, 0x17, 0x60, 0xC3, 0xE3, 0xD4, 0xD0, 0xC5, 0xF3, 0x7D, 0x95, 0x0B, 0x4D,
    0x14, 0x56, 0xF0, 0x37, 0x0E, 0x70, 0x35, 0xCC, 0xE4, 0xB5, 0xBB, 0x6B, 0xA7, 0x6B, 0x5F, 0xE2,
    0x43, 0xE4, 0x85, 0x0F, 0x76, 0xE3, 0x83, 0x90, 0xD4, 0x03, 0x40, 0x70, 0x6B, 0x6A, 0x40, 0x7B,
    0x69, 0x22, 0x0A, 0xAB, 0xB0, 0xC6, 0x2B, 0x68, 0x22, 0x03, 0x31, 0x9E, 0xFF, 0xF2, 0xA9, 0x96,
    0xFE, 0xCD, 0xB8, 0x8D, 0x9F, 0x12, 0xE7, 0x39, 0x04, 0xDA, 0x87, 0xD7, 0x7D, 0x3A, 0x9C, 0xC7,
    0xFB, 0xF5, 0xA7, 0xEF, 0x39, 0xD4, 0x2F, 0xE4, 0xF5, 0x88, 0xF6, 0x8F, 0xE9, 0xFB, 0xE9, 0x10,
    0x52, 0x3E, 0xBA, 0xE7, 0x29, 0x5F, 0x27, 0xFF, 0x07, 0x7D, 0x8D, 0xC7, 0x0D, 0x44, 0x41, 0x0C,
    0x42, 0x9F, 0xE4, 0xE3, 0xA6, 0x92, 0xDC, 0xFA, 0x94, 0x44, 0x01, 0x48, 0xAC, 0x7F, 0xBA, 0x8E,
    0x73, 0x04, 0x0C, 0x94, 0x80, 0xDF, 0x7A, 0x42, 0x03, 0x64, 0x64, 0xF5, 0x19, 0x78, 0x16, 0x25,
    0x26, 0x18, 0x40, 0x54, 0xE8, 0x28, 0xB1, 0xEC, 0xE5, 0x37, 0x66, 0x63, 0x17, 0x40, 0xE9, 0x72,
    0x0C, 0x74, 0x6E, 0xB9, 0x7A, 0x7C, 0xED, 0x7E, 0xDA, 0x23, 0x0D, 0x95, 0xEC, 0xC4, 0x43, 0x5E,
    0x01, 0xF1, 0x07, 0xCD, 0xD2, 0xD9, 0xA9, 0xE5, 0x4A, 0x0C, 0x46, 0xE1, 0x05, 0x7A, 0x35, 0x28,
    0x15, 0x07, 0x60, 0x50, 0xEA, 0x3F, 0xDC, 0x84, 0x04, 0xF7, 0x55, 0xA0, 0x76, 0x55, 0x51, 0x7B,
    0x72, 0x07, 0xD0, 0x75, 0xCE, 0xFA, 0xB6, 0xE7, 0x99, 0x28, 0x48, 0x97, 0xCB, 0x46, 0xE9, 0x39,
    0xE6, 0x28, 0xF8, 0x29, 0xB2, 0xAC, 0xAB, 0x3C, 0xBD, 0x5C, 0x56, 0xC1, 0xAA, 0x57, 0xB9, 0x0B,
    0x5C, 0x77, 0xB7, 0x17, 0xD6, 0x09, 0xC0, 0x31, 0x3D, 0x19, 0x0B, 0x12, 0x82, 0x10, 0x36, 0xFF,
    0x1D, 0xFC, 0xE4, 0x82, 0xE3, 0xE0, 0x84, 0xD3, 0x48, 0x48, 0x43, 0x20, 0x93, 0x30, 0xB8, 0x3D,
    0x3E, 0x3C, 0xA7, 0x62, 0x69, 0x92, 0x81, 0x71, 0x1E, 0xE0, 0xD3, 0x83, 0x63, 0x1C, 0x08, 0x13,
    0x24, 0x76, 0xE1, 0xE0, 0xD6, 0x09, 0x17, 0x6B, 0x34, 0x60, 0x1F, 0x08, 0xDC, 0x37, 0xE1, 0x09,
    0x97, 0x6D, 0xCA, 0x0A, 0x92, 0xC2, 0x92, 0xC6, 0xB4, 0x08, 0xFC, 0x46, 0xCE, 0xC2, 0x15, 0xE0,
    0x79, 0x0D, 0x0A, 0xAC, 0x26, 0x7D, 0x8F, 0xCD, 0x7B, 0x58, 0x42, 0xE8, 0x5F, 0xD0, 0x6B, 0xD8,
    0x2D, 0xEF, 0x39, 0x34, 0x09, 0x11, 0x8A, 0xC4, 0xE5, 0x89, 0xC9, 0x6A, 0x43, 0x03, 0xB4, 0x80,
    0x98, 0x24, 0xE0, 0x03, 0xAB, 0x0D, 0x03, 0xCB, 0x8D, 0x0B, 0x08, 0x36, 0x7B, 0x65, 0x4E, 0x5C,
    0xD8, 0x22, 0xC0, 0x33, 0xBA, 0x7B, 0xA2, 0xBB, 0x1C, 0x01, 0x17, 0x90, 0x2B, 0xD3, 0xCA, 0x81,
    0x58, 0xAB, 0xA8, 0xE7, 0xAA, 0xD1, 0xF5, 0xDC, 0xD3, 0x9F, 0x7B, 0x12, 0xB4, 0xC6, 0x5F, 0xC0,
    0xBE, 0x68, 0x7D, 0xE1, 0x3C, 0x89, 0xC1, 0x45, 0xE7, 0xC6, 0x8A, 0x1A, 0x24, 0x4C, 0x7A, 0x10,
    0x36, 0xF8, 0x4F, 0xE0, 0x93, 0xFF, 0x07, 0xAD, 0xCF, 0xCF, 0x8E, 0x8D, 0x27, 0x4D, 0xB7, 0xB7,
    0x32, 0xDA, 0x94, 0x9E, 0x64, 0x5A, 0xDD, 0x78, 0x9B, 0xBA, 0xBC, 0x15, 0x63, 0x1E, 0x5A, 0x58,
    0x27, 0x4E, 0xE1, 0x56, 0x84, 0x25, 0x01, 0xCF, 0xF4, 0x9D, 0x7F, 0x96, 0xEF, 0xEC, 0x59, 0xDC,
    0xB5, 0x89, 0x76, 0x11, 0x0D, 0x5E, 0xB3, 0x33, 0x3A, 0xEB, 0xF2, 0xCE, 0x24, 0xC4, 0x1A, 0xCF,
    0xE5, 0xD4, 0xC7, 0x33, 0x4F, 0xF6, 0x6B, 0xFC, 0x7D, 0xF6, 0x7B, 0xF9, 0xEF, 0x8B, 0x5D, 0x86,
    0xB0, 0xFA, 0xFC, 0xA1, 0x80, 0x06, 0x3C, 0x1F, 0x13, 0x02, 0x46, 0x74, 0xB7, 0x46, 0x05, 0xB4,
    0xF6, 0x26, 0xFA, 0xD9, 0xE9, 0xEF, 0xC7, 0x16, 0x6B, 0xEC, 0xEB, 0xFA, 0x03, 0xA5, 0xC9, 0x81,
    0x05, 0x83, 0x51, 0x10, 0x04, 0xE1, 0xE1, 0x2F, 0xE0, 0x95, 0xB4, 0xAD, 0x1F, 0x69, 0xE8, 0x15,
    0x70, 0x4C, 0xCE, 0x81, 0x04, 0x20, 0x61, 0x7D, 0xAC, 0x01, 0x2F, 0x1C, 0x85, 0x10, 0x68, 0x52,
    0xCB, 0x73, 0x09, 0x03, 0x1F, 0x44, 0x5D, 0xD8, 0xFA, 0x2B, 0x4D, 0x4A, 0x5F, 0xF6, 0x02, 0x16,
    0x1C, 0xC7, 0x30, 0x34, 0x19, 0x38, 0xC5, 0x1D, 0x9E, 0x6F, 0xA2, 0xCB, 0xDE, 0xFF, 0xD0, 0xD9,
    0xF2, 0x06,
};

static const EpdGlyph literatamono_16_regularGlyphs[] = {
    { 1, 1, 112, 0, 1, 1, 0 }, // U+0020
    { 5, 23, 176, 3, 23, 29, 1 }, // !
    { 8, 8, 208, 2, 26, 16, 30 }, // "
    { 20, 18, 352, 1, 18, 90, 46 }, // #
    { 16, 28, 288, 2, 26, 112, 136 }, // $
    { 25, 20, 448, 2, 20, 125, 248 }, // %
    { 24, 23, 432, 2, 23, 138, 373 }, // &
    { 3, 8, 128, 2, 26, 6, 511 }, // '
    { 8, 34, 176, 2, 27, 68, 517 }, // (
    { 8, 34, 176, 1, 27, 68, 585 }, // )
    { 11, 12, 240, 2, 25, 33, 653 }, // *
    { 14, 14, 304, 3, 17, 49, 686 }, // +
    { 5, 10, 176, 3, 4, 13, 735 }, // ,
    { 9, 3, 192, 1, 11, 7, 748 }, // -
    { 5, 5, 176, 3, 5, 7, 755 }, // .
    { 12, 30, 224, 1, 26, 90, 762 }, // /
    { 17, 23, 304, 1, 23, 98, 852 }, // 0
    { 12, 23, 208, 1, 23, 69, 950 }, // 1
    { 15, 23, 272, 1, 23, 87, 1019 }, // 2
    { 15, 23, 288, 1, 23, 87, 1106 }, // 3
    { 18, 23, 288, 0, 23, 104, 1193 }, // 4
    { 16, 23, 272, 0, 23, 92, 1297 }, // 5
    { 16, 23, 288, 1, 23, 92, 1389 }, // 6
    { 16, 23, 272, 0, 23, 92, 1481 }, // 7
    { 16, 23, 288, 1, 23, 92, 1573 }, // 8
    { 15, 23, 272, 1, 23, 87, 1665 }, // 9
    { 5, 17, 176, 3, 17, 22, 1752 }, // :
    { 5, 23, 176, 3, 17, 29, 1774 }, // ;
    { 14, 17, 304, 2, 18, 60, 1803 }, // <
    { 14, 8, 304, 3, 14, 28, 1863 }, // =
    { 14, 17, 304, 3, 18, 60, 1891 }, // >
    { 13, 23, 288, 2, 23, 75, 1951 }, // ?
    { 24, 25, 448, 2, 19, 150, 2026 }, // @
    { 24, 23, 384, 0, 23, 138, 2176 }, // A
    { 18, 23, 352, 2, 23, 104, 2314 }, // B
    { 19, 23, 368, 2, 23, 110, 2418 }, // C
    { 22, 23, 400, 2, 23, 127, 2528 }, // D
    { 17, 23, 336, 2, 23, 98, 2655 }, // E
    { 17, 23, 320, 2, 23, 98, 2753 }, // F
    { 22, 23, 400, 2, 23, 127, 2851 }, // G
    { 24, 23, 448, 2, 23, 138, 2978 }, // H
    { 9, 23, 224, 2, 23, 52, 3116 }, // I
    { 16, 23, 288, 1, 23, 92, 3168 }, // J
    { 22, 23, 400, 2, 23, 127, 3260 }, // K
    { 17, 23, 336, 2, 23, 98, 3387 }, // L
    { 29, 23, 528, 2, 23, 167, 3485 }, // M
    { 24, 23, 448, 2, 23, 138, 3652 }, // N
    { 21, 23, 400, 2, 23, 121, 3790 }, // O
    { 17, 23, 320, 2, 23, 98, 3911 }, // P
    { 27, 29, 400, 2, 23, 196, 4009 }, // Q
    { 21, 23, 384, 2, 23, 121, 4205 }, // R
    { 16, 23, 320, 2, 23, 92, 4326 }, // S
    { 22, 23, 384, 1, 23, 127, 4418 }, // T
    { 23, 23, 432, 2, 23, 133, 4545 }, // U
    { 23, 23, 384, 1, 23, 133, 4678 }, // V
    { 34, 23, 576, 1, 23, 196, 4811 }, // W
    { 23, 23, 368, 0, 23, 133, 5007 }, // X
    { 22, 23, 384, 1, 23, 127, 5140 }, // Y
    { 18, 23, 352, 2, 23, 104, 5267 }, // Z
    { 7, 34, 176, 3, 27, 60, 5371 }, // [
    { 12, 30, 224, 1, 26, 90, 5431 }, // <backslash>
    { 7, 34, 176, 1, 27, 60, 5521 }, // ]
    { 16, 12, 304, 2, 23, 48, 5581 }, // ^
    { 16, 2, 256, 0, -2, 8, 5629 }, // _
    { 6, 6, 272, 5, 25, 9, 5637 }, // `
    { 16, 17, 288, 2, 17, 68, 5646 }, // a
    { 18, 25, 320, 1, 25, 113, 5714 }, // b
    { 14, 17, 256, 2, 17, 60, 5827 }, // c
    { 17, 25, 320, 2, 25, 107, 5887 }, // d
    { 14, 17, 272, 2, 17, 60, 5994 }, // e
    { 14, 26, 208, 1, 26, 91, 6054 }, // f
    { 17, 26, 288, 1, 19, 111, 6145 }, // g
    { 20, 25, 352, 1, 25, 125, 6256 }, // h
    { 9, 25, 176, 1, 25, 57, 6381 }, // i
    { 6, 32, 160, 1, 25, 48, 6438 }, // j
    { 19, 25, 320, 1, 25, 119, 6486 }, // k
    { 9, 25, 176, 1, 25, 57, 6605 }, // l
    { 29, 17, 512, 2, 17, 124, 6662 }, // m
    { 19, 17, 352, 2, 17, 81, 6786 }, // n
    { 16, 17, 304, 2, 17, 68, 6867 }, // o
    { 18, 24, 320, 1, 17, 108, 6935 }, // p
    { 17, 24, 320, 2, 17, 102, 7043 }, // q
    { 13, 17, 256, 2, 17, 56, 7145 }, // r
    { 12, 17, 240, 2, 17, 51, 7201 }, // s
    { 12, 23, 208, 1, 23, 69, 7252 }, // t
    { 19, 17, 336, 1, 17, 81, 7321 }, // u
    { 19, 17, 320, 0, 17, 81, 7402 }, // v
    { 28, 17, 448, 0, 17, 119, 7483 }, // w
    { 19, 17, 304, 0, 17, 81, 7602 }, // x
    { 19, 24, 304, 0, 17, 114, 7683 }, // y
    { 14, 17, 256, 1, 17, 60, 7797 }, // z
    { 9, 34, 192, 2, 27, 77, 7857 }, // {
    { 2, 30, 224, 6, 26, 15, 7934 }, // |
    { 9, 34, 192, 1, 27, 77, 7949 }, // }
    { 15, 3, 304, 2, 11, 12, 8026 }, // ~
    { 1, 1, 112, 0, 1, 1, 0 }, // U+00A0
    { 5, 24, 176, 3, 17, 30, 1 }, // U+00A1
    { 14, 22, 256, 2, 21, 77, 31 }, // U+00A2
    { 16, 23, 288, 1, 23, 92, 108 }, // U+00A3
    { 14, 14, 288, 2, 18, 49, 200 }, // U+00A4
    { 22, 23, 368, 1, 23, 127, 249 }, // U+00A5
    { 2, 30, 224, 6, 26, 15, 376 }, // U+00A6
    { 16, 29, 320, 2, 23, 116, 391 }, // U+00A7
    { 11, 4, 272, 3, 24, 11, 507 }, // U+00A8
    { 22, 22, 416, 2, 22, 121, 518 }, // U+00A9
    { 13, 13, 224, 1, 25, 43, 639 }, // U+00AA
    { 13, 14, 256, 2, 16, 46, 682 }, // U+00AB
    { 14, 7, 304, 3, 12, 25, 728 }, // U+00AC
    { 1, 1, 0, 0, 1, 1, 753 }, // U+00AD
    { 12, 12, 256, 2, 25, 36, 754 }, // U+00AE
    { 9, 2, 272, 4, 23, 5, 790 }, // U+00AF
    { 8, 8, 176, 1, 26, 16, 795 }, // U+00B0
    { 14, 17, 304, 3, 17, 60, 811 }, // U+00B1
    { 11, 15, 208, 1, 27, 42, 871 }, // U+00B2
    { 11, 15, 224, 1, 27, 42, 913 }, // U+00B3
    { 6, 6, 272, 6, 25, 9, 955 }, // U+00B4
    { 18, 24, 320, 2, 17, 108, 964 }, // U+00B5
    { 16, 27, 304, 2, 23, 108, 1072 }, // U+00B6
    { 5, 5, 176, 3, 13, 7, 1180 }, // U+00B7
    { 7, 8, 272, 5, 1, 14, 1187 }, // U+00B8
    { 9, 15, 176, 1, 27, 34, 1201 }, // U+00B9
    { 12, 13, 224, 1, 25, 39, 1235 }, // U+00BA
    { 14, 14, 256, 1, 16, 49, 1274 }, // U+00BB
    { 28, 23, 480, 1, 23, 161, 1323 }, // U+00BC
    { 29, 23, 496, 1, 23, 167, 1484 }, // U+00BD
    { 30, 23, 512, 1, 23, 173, 1651 }, // U+00BE
    { 13, 24, 288, 3, 17, 78, 1824 }, // U+00BF
    { 24, 30, 384, 0, 30, 180, 1902 }, // U+00C0
    { 24, 30, 384, 0, 30, 180, 2082 }, // U+00C1
    { 24, 31, 384, 0, 31, 186, 2262 }, // U+00C2
    { 24, 29, 384, 0, 29, 174, 2448 }, // U+00C3
    { 24, 29, 384, 0, 29, 174, 2622 }, // U+00C4
    { 24, 31, 384, 0, 31, 186, 2796 }, // U+00C5
    { 31, 23, 528, 0, 23, 179, 2982 }, // U+00C6
    { 19, 30, 368, 2, 23, 143, 3161 }, // U+00C7
    { 17, 30, 336, 2, 30, 128, 3304 }, // U+00C8
    { 17, 30, 336, 2, 30, 128, 3432 }, // U+00C9
    { 17, 31, 336, 2, 31, 132, 3560 }, // U+00CA
    { 17, 29, 336, 2, 29, 124, 3692 }, // U+00CB
    { 9, 30, 224, 2, 30, 68, 3816 }, // U+00CC
    { 9, 30, 224, 2, 30, 68, 3884 }, // U+00CD
    { 11, 31, 224, 1, 31, 86, 3952 }, // U+00CE
    { 11, 29, 224, 1, 29, 80, 4038 }, // U+00CF
    { 23, 23, 400, 1, 23, 133, 4118 }, // U+00D0
    { 24, 29, 448, 2, 29, 174, 4251 }, // U+00D1
    { 21, 30, 400, 2, 30, 158, 4425 }, // U+00D2
    { 21, 30, 400, 2, 30, 158, 4583 }, // U+00D3
    { 21, 31, 400, 2, 31, 163, 4741 }, // U+00D4
    { 21, 29, 400, 2, 29, 153, 4904 }, // U+00D5
    { 21, 29, 400, 2, 29, 153, 5057 }, // U+00D6
    { 12, 12, 304, 4, 16, 36, 5210 }, // U+00D7
    { 23, 23, 400, 1, 23, 133, 5246 }, // U+00D8
    { 23, 30, 432, 2, 30, 173, 5379 }, // U+00D9
    { 23, 30, 432, 2, 30, 173, 5552 }, // U+00DA
    { 23, 31, 432, 2, 31, 179, 5725 }, // U+00DB
    { 23, 29, 432, 2, 29, 167, 5904 }, // U+00DC
    { 22, 30, 384, 1, 30, 165, 6071 }, // U+00DD
    { 17, 23, 320, 2, 23, 98, 6236 }, // U+00DE
    { 21, 26, 352, 1, 26, 137, 6334 }, // U+00DF
    { 16, 25, 288, 2, 25, 100, 6471 }, // U+00E0
    { 16, 25, 288, 2, 25, 100, 6571 }, // U+00E1
    { 16, 25, 288, 2, 25, 100, 6671 }, // U+00E2
    { 16, 24, 288, 2, 24, 96, 6771 }, // U+00E3
    { 16, 24, 288, 2, 24, 96, 6867 }, // U+00E4
    { 16, 26, 288, 2, 26, 104, 6963 }, // U+00E5
    { 23, 17, 432, 2, 17, 98, 7067 }, // U+00E6
    { 14, 24, 256, 2, 17, 84, 7165 }, // U+00E7
    { 14, 25, 272, 2, 25, 88, 7249 }, // U+00E8
    { 14, 25, 272, 2, 25, 88, 7337 }, // U+00E9
    { 14, 25, 272, 2, 25, 88, 7425 }, // U+00EA
    { 14, 24, 272, 2, 24, 84, 7513 }, // U+00EB
    { 9, 25, 176, 1, 25, 57, 7597 }, // U+00EC
    { 9, 25, 176, 1, 25, 57, 7654 }, // U+00ED
    { 10, 25, 176, 0, 25, 63, 7711 }, // U+00EE
    { 11, 24, 176, -1, 24, 66, 7774 }, // U+00EF
    { 16, 26, 304, 2, 26, 104, 7840 }, // U+00F0
    { 19, 24, 352, 2, 24, 114, 7944 }, // U+00F1
    { 16, 25, 304, 2, 25, 100, 8058 }, // U+00F2
    { 16, 25, 304, 2, 25, 100, 8158 }, // U+00F3
    { 16, 25, 304, 2, 25, 100, 8258 }, // U+00F4
    { 16, 24, 304, 2, 24, 96, 8358 }, // U+00F5
    { 16, 24, 304, 2, 24, 96, 8454 }, // U+00F6
    { 14, 14, 304, 3, 17, 49, 8550 }, // U+00F7
    { 18, 17, 304, 0, 17, 77, 8599 }, // U+00F8
    { 19, 25, 336, 1, 25, 119, 8676 }, // U+00F9
    { 19, 25, 336, 1, 25, 119, 8795 }, // U+00FA
    { 19, 25, 336, 1, 25, 119, 8914 }, // U+00FB
    { 19, 24, 336, 1, 24, 114, 9033 }, // U+00FC
    { 19, 32, 304, 0, 25, 152, 9147 }, // U+00FD
    { 18, 32, 320, 0, 25, 144, 9299 }, // U+00FE
    { 19, 31, 304, 0, 24, 148, 9443 }, // U+00FF
    { 24, 28, 384, 0, 28, 168, 0 }, // U+0100
    { 16, 23, 288, 2, 23, 92, 168 }, // U+0101
    { 24, 31, 384, 0, 31, 186, 260 }, // U+0102
    { 16, 25, 288, 2, 25, 100, 446 }, // U+0103
    { 24, 30, 384, 0, 23, 180, 546 }, // U+0104
    { 16, 24, 288, 2, 17, 96, 726 }, // U+0105
    { 19, 30, 368, 2, 30, 143, 822 }, // U+0106
    { 14, 25, 256, 2, 25, 88, 965 }, // U+0107
    { 19, 31, 368, 2, 31, 148, 1053 }, // U+0108
    { 14, 25, 256, 2, 25, 88, 1201 }, // U+0109
    { 19, 29, 368, 2, 29, 138, 1289 }, // U+010A
    { 14, 24, 256, 2, 24, 84, 1427 }, // U+010B
    { 19, 31, 368, 2, 31, 148, 1511 }, // U+010C
    { 14, 26, 256, 2, 26, 91, 1659 }, // U+010D
    { 22, 31, 400, 2, 31, 171, 1750 }, // U+010E
    { 20, 25, 368, 2, 25, 125, 1921 }, // U+010F
    { 23, 23, 400, 1, 23, 133, 2046 }, // U+0110
    { 17, 25, 320, 2, 25, 107, 2179 }, // U+0111
    { 17, 28, 336, 2, 28, 119, 2286 }, // U+0112
    { 14, 23, 272, 2, 23, 81, 2405 }, // U+0113
    { 17, 31, 336, 2, 31, 132, 2486 }, // U+0114
    { 14, 25, 272, 2, 25, 88, 2618 }, // U+0115
    { 17, 29, 336, 2, 29, 124, 2706 }, // U+0116
    { 14, 24, 272, 2, 24, 84, 2830 }, // U+0117
    { 17, 30, 336, 2, 23, 128, 2914 }, // U+0118
    { 14, 24, 272, 2, 17, 84, 3042 }, // U+0119
    { 17, 31, 336, 2, 31, 132, 3126 }, // U+011A
    { 14, 26, 272, 2, 26, 91, 3258 }, // U+011B
    { 22, 31, 400, 2, 31, 171, 3349 }, // U+011C
    { 17, 33, 272, 1, 26, 141, 3520 }, // U+011D
    { 22, 31, 400, 2, 31, 171, 3661 }, // U+011E
    { 17, 32, 288, 1, 25, 136, 3832 }, // U+011F
    { 22, 29, 400, 2, 29, 160, 3968 }, // U+0120
    { 17, 31, 288, 1, 24, 132, 4128 }, // U+0121
    { 22, 32, 400, 2, 23, 176, 4260 }, // U+0122
    { 17, 33, 288, 1, 26, 141, 4436 }, // U+0123
    { 24, 31, 448, 2, 31, 186, 4577 }, // U+0124
    { 22, 33, 352, -1, 33, 182, 4763 }, // U+0125
    { 24, 23, 416, 1, 23, 138, 4945 }, // U+0126
    { 21, 25, 352, 0, 25, 132, 5083 }, // U+0127
    { 11, 29, 224, 1, 29, 80, 5215 }, // U+0128
    { 11, 24, 176, -1, 24, 66, 5295 }, // U+0129
    { 9, 28, 224, 2, 28, 63, 5361 }, // U+012A
    { 10, 23, 176, 0, 23, 58, 5424 }, // U+012B
    { 11, 31, 224, 1, 31, 86, 5482 }, // U+012C
    { 10, 25, 176, 0, 25, 63, 5568 }, // U+012D
    { 9, 30, 192, 2, 23, 68, 5631 }, // U+012E
    { 9, 32, 176, 1, 25, 72, 5699 }, // U+012F
    { 9, 29, 224, 2, 29, 66, 5771 }, // U+0130
    { 9, 17, 176, 1, 17, 39, 5837 }, // U+0131
    { 29, 23, 512, 2, 23, 167, 5876 }, // U+0132
    { 17, 32, 336, 1, 25, 136, 6043 }, // U+0133
    { 17, 31, 288, 1, 31, 132, 6179 }, // U+0134
    { 10, 32, 160, 0, 25, 80, 6311 }, // U+0135
    { 22, 32, 400, 2, 23, 176, 6391 }, // U+0136
    { 19, 34, 320, 1, 25, 162, 6567 }, // U+0137
    { 19, 17, 320, 1, 17, 81, 6729 }, // U+0138
    { 17, 30, 336, 2, 30, 128, 6810 }, // U+0139
    { 9, 32, 176, 1, 32, 72, 6938 }, // U+013A
    { 17, 32, 336, 2, 23, 136, 7010 }, // U+013B
    { 9, 34, 176, 1, 25, 77, 7146 }, // U+013C
    { 17, 25, 336, 2, 25, 107, 7223 }, // U+013D
    { 12, 25, 208, 1, 25, 75, 7330 }, // U+013E
    { 17, 23, 336, 2, 23, 98, 7405 }, // U+013F
    { 13, 25, 192, 1, 25, 82, 7503 }, // U+0140
    { 18, 23, 336, 1, 23, 104, 7585 }, // U+0141
    { 10, 25, 176, 1, 25, 63, 7689 }, // U+0142
    { 24, 30, 448, 2, 30, 180, 7752 }, // U+0143
    { 19, 25, 352, 2, 25, 119, 7932 }, // U+0144
    { 24, 32, 448, 2, 23, 192, 8051 }, // U+0145
    { 19, 26, 352, 2, 17, 124, 8243 }, // U+0146
    { 24, 31, 448, 2, 31, 186, 8367 }, // U+0147
    { 19, 26, 352, 2, 26, 124, 8553 }, // U+0148
    { 24, 25, 416, 1, 25, 150, 8677 }, // U+0149
    { 24, 30, 448, 2, 23, 180, 8827 }, // U+014A
    { 16, 24, 336, 2, 17, 96, 9007 }, // U+014B
    { 21, 28, 400, 2, 28, 147, 9103 }, // U+014C
    { 16, 23, 304, 2, 23, 92, 9250 }, // U+014D
    { 21, 31, 400, 2, 31, 163, 9342 }, // U+014E
    { 16, 25, 304, 2, 25, 100, 9505 }, // U+014F
    { 21, 30, 400, 2, 30, 158, 9605 }, // U+0150
    { 16, 25, 304, 2, 25, 100, 9763 }, // U+0151
    { 32, 23, 576, 2, 23, 184, 9863 }, // U+0152
    { 27, 17, 480, 2, 17, 115, 10047 }, // U+0153
    { 21, 30, 384, 2, 30, 158, 10162 }, // U+0154
    { 13, 25, 256, 2, 25, 82, 10320 }, // U+0155
    { 21, 32, 384, 2, 23, 168, 10402 }, // U+0156
    { 13, 26, 256, 2, 17, 85, 10570 }, // U+0157
    { 21, 31, 384, 2, 31, 163, 10655 }, // U+0158
    { 13, 26, 256, 2, 26, 85, 10818 }, // U+0159
    { 16, 30, 320, 2, 30, 120, 10903 }, // U+015A
    { 12, 25, 240, 2, 25, 75, 11023 }, // U+015B
    { 16, 31, 320, 2, 31, 124, 11098 }, // U+015C
    { 12, 25, 240, 2, 25, 75, 11222 }, // U+015D
    { 16, 30, 320, 2, 23, 120, 11297 }, // U+015E
    { 12, 24, 240, 2, 17, 72, 11417 }, // U+015F
    { 16, 31, 320, 2, 31, 124, 11489 }, // U+0160
    { 12, 26, 240, 2, 26, 78, 11613 }, // U+0161
    { 22, 30, 384, 1, 23, 165, 11691 }, // U+0162
    { 12, 30, 208, 1, 23, 90, 11856 }, // U+0163
    { 22, 31, 384, 1, 31, 171, 11946 }, // U+0164
    { 12, 26, 208, 1, 26, 78, 12117 }, // U+0165
    { 22, 23, 384, 1, 23, 127, 12195 }, // U+0166
    { 12, 23, 208, 1, 23, 69, 12322 }, // U+0167
    { 23, 29, 432, 2, 29, 167, 12391 }, // U+0168
    { 19, 24, 336, 1, 24, 114, 12558 }, // U+0169
    { 23, 28, 432, 2, 28, 161, 12672 }, // U+016A
    { 19, 23, 336, 1, 23, 110, 12833 }, // U+016B
    { 23, 31, 432, 2, 31, 179, 12943 }, // U+016C
    { 19, 25, 336, 1, 25, 119, 13122 }, // U+016D
    { 23, 31, 432, 2, 31, 179, 13241 }, // U+016E
    { 19, 26, 336, 1, 26, 124, 13420 }, // U+016F
    { 23, 30, 432, 2, 30, 173, 13544 }, // U+0170
    { 19, 25, 336, 1, 25, 119, 13717 }, // U+0171
    { 23, 30, 432, 2, 23, 173, 13836 }, // U+0172
    { 19, 24, 320, 1, 17, 114, 14009 }, // U+0173
    { 34, 31, 576, 1, 31, 264, 14123 }, // U+0174
    { 28, 25, 448, 0, 25, 175, 14387 }, // U+0175
    { 22, 31, 384, 1, 31, 171, 14562 }, // U+0176
    { 19, 32, 304, 0, 25, 152, 14733 }, // U+0177
    { 22, 29, 384, 1, 29, 160, 14885 }, // U+0178
    { 18, 30, 352, 2, 30, 135, 15045 }, // U+0179
    { 14, 25, 256, 1, 25, 88, 15180 }, // U+017A
    { 18, 29, 352, 2, 29, 131, 15268 }, // U+017B
    { 14, 24, 256, 1, 24, 84, 15399 }, // U+017C
    { 18, 31, 352, 2, 31, 140, 15483 }, // U+017D
    { 14, 26, 256, 1, 26, 91, 15623 }, // U+017E
    { 25, 25, 432, 2, 25, 157, 0 }, // U+01A0
    { 18, 22, 320, 2, 22, 99, 157 }, // U+01A1
    { 27, 25, 464, 2, 25, 169, 256 }, // U+01AF
    { 22, 22, 368, 1, 22, 121, 425 }, // U+01B0
    { 42, 31, 736, 2, 31, 326, 546 }, // U+01C4
    { 38, 26, 656, 2, 26, 247, 872 }, // U+01C5
    { 33, 26, 576, 2, 26, 215, 1119 }, // U+01C6
    { 36, 23, 624, 2, 23, 207, 1334 }, // U+01C7
    { 26, 32, 496, 2, 25, 208, 1541 }, // U+01C8
    { 16, 32, 320, 1, 25, 128, 1749 }, // U+01C9
    { 41, 23, 720, 2, 23, 236, 1877 }, // U+01CA
    { 33, 32, 592, 2, 25, 264, 2113 }, // U+01CB
    { 27, 32, 512, 2, 25, 216, 2377 }, // U+01CC
    { 24, 31, 384, 0, 31, 186, 2593 }, // U+01CD
    { 16, 26, 288, 2, 26, 104, 2779 }, // U+01CE
    { 11, 31, 224, 1, 31, 86, 2883 }, // U+01CF
    { 10, 26, 176, 0, 26, 65, 2969 }, // U+01D0
    { 21, 31, 400, 2, 31, 163, 3034 }, // U+01D1
    { 16, 26, 304, 2, 26, 104, 3197 }, // U+01D2
    { 23, 31, 432, 2, 31, 179, 3301 }, // U+01D3
    { 19, 26, 336, 1, 26, 124, 3480 }, // U+01D4
    { 23, 34, 432, 2, 34, 196, 3604 }, // U+01D5
    { 19, 29, 336, 1, 29, 138, 3800 }, // U+01D6
    { 23, 36, 432, 2, 36, 207, 3938 }, // U+01D7
    { 19, 32, 336, 1, 32, 152, 4145 }, // U+01D8
    { 23, 37, 432, 2, 37, 213, 4297 }, // U+01D9
    { 19, 33, 336, 1, 33, 157, 4510 }, // U+01DA
    { 23, 36, 432, 2, 36, 207, 4667 }, // U+01DB
    { 19, 32, 336, 1, 32, 152, 4874 }, // U+01DC
    { 22, 31, 400, 2, 31, 171, 5026 }, // U+01E6
    { 17, 33, 288, 1, 26, 141, 5197 }, // U+01E7
    { 21, 30, 400, 2, 23, 158, 5338 }, // U+01EA
    { 16, 24, 304, 2, 17, 96, 5496 }, // U+01EB
    { 24, 35, 384, 0, 35, 210, 5592 }, // U+01FA
    { 16, 32, 288, 2, 32, 128, 5802 }, // U+01FB
    { 31, 30, 528, 0, 30, 233, 5930 }, // U+01FC
    { 23, 25, 432, 2, 25, 144, 6163 }, // U+01FD
    { 23, 30, 400, 1, 30, 173, 6307 }, // U+01FE
    { 18, 25, 304, 0, 25, 113, 6480 }, // U+01FF
    { 24, 30, 384, 0, 30, 180, 6593 }, // U+0200
    { 17, 25, 288, 1, 25, 107, 6773 }, // U+0201
    { 24, 30, 384, 0, 30, 180, 6880 }, // U+0202
    { 16, 25, 288, 2, 25, 100, 7060 }, // U+0203
    { 17, 30, 336, 2, 30, 128, 7160 }, // U+0204
    { 14, 25, 272, 2, 25, 88, 7288 }, // U+0205
    { 17, 30, 336, 2, 30, 128, 7376 }, // U+0206
    { 14, 25, 272, 2, 25, 88, 7504 }, // U+0207
    { 12, 30, 224, -1, 30, 90, 7592 }, // U+0208
    { 12, 25, 176, -2, 25, 75, 7682 }, // U+0209
    { 11, 30, 224, 1, 30, 83, 7757 }, // U+020A
    { 10, 25, 176, 0, 25, 63, 7840 }, // U+020B
    { 21, 30, 400, 2, 30, 158, 7903 }, // U+020C
    { 16, 25, 304, 2, 25, 100, 8061 }, // U+020D
    { 21, 30, 400, 2, 30, 158, 8161 }, // U+020E
    { 16, 25, 304, 2, 25, 100, 8319 }, // U+020F
    { 21, 30, 384, 2, 30, 158, 8419 }, // U+0210
    { 13, 25, 256, 2, 25, 82, 8577 }, // U+0211
    { 21, 30, 384, 2, 30, 158, 8659 }, // U+0212
    { 13, 25, 256, 2, 25, 82, 8817 }, // U+0213
    { 23, 30, 432, 2, 30, 173, 8899 }, // U+0214
    { 19, 25, 336, 1, 25, 119, 9072 }, // U+0215
    { 23, 30, 432, 2, 30, 173, 9191 }, // U+0216
    { 19, 25, 336, 1, 25, 119, 9364 }, // U+0217
    { 16, 32, 320, 2, 23, 128, 9483 }, // U+0218
    { 12, 26, 240, 2, 17, 78, 9611 }, // U+0219
    { 22, 32, 384, 1, 23, 176, 9689 }, // U+021A
    { 12, 32, 208, 1, 23, 96, 9865 }, // U+021B
    { 7, 6, 0, -4, 25, 11, 0 }, // U+0300
    { 6, 6, 0, -2, 25, 9, 11 }, // U+0301
    { 10, 7, 0, -5, 25, 18, 20 }, // U+0302
    { 10, 4, 0, -5, 24, 10, 38 }, // U+0303
    { 10, 2, 0, -5, 23, 5, 48 }, // U+0304
    { 10, 6, 0, -5, 25, 15, 53 }, // U+0306
    { 4, 4, 0, -2, 24, 4, 68 }, // U+0307
    { 10, 4, 0, -5, 24, 10, 72 }, // U+0308
    { 8, 8, 0, -4, 27, 16, 82 }, // U+0309
    { 6, 7, 0, -3, 26, 11, 98 }, // U+030A
    { 11, 6, 0, -4, 25, 17, 109 }, // U+030B
    { 10, 7, 0, -5, 26, 18, 126 }, // U+030C
    { 11, 6, 0, -7, 25, 17, 144 }, // U+030F
    { 10, 6, 0, -5, 25, 15, 161 }, // U+0311
    { 4, 7, 0, -2, 26, 7, 176 }, // U+0312
    { 5, 10, 0, -3, 22, 13, 183 }, // U+031B
    { 4, 4, 0, -2, -3, 4, 196 }, // U+0323
    { 10, 4, 0, -5, -2, 10, 200 }, // U+0324
    { 4, 7, 0, -2, -2, 7, 210 }, // U+0326
    { 7, 8, 0, -3, 1, 14, 217 }, // U+0327
    { 6, 8, 0, -3, 1, 12, 231 }, // U+0328
    { 10, 6, 0, -5, -1, 15, 243 }, // U+032E
    { 10, 2, 0, -5, -3, 5, 258 }, // U+0331
    { 17, 29, 336, 2, 29, 124, 0 }, // U+0401
    { 26, 27, 432, 0, 23, 176, 124 }, // U+0402
    { 17, 30, 320, 2, 30, 128, 300 }, // U+0403
    { 19, 23, 352, 2, 23, 110, 428 }, // U+0404
    { 16, 23, 320, 2, 23, 92, 538 }, // U+0405
    { 9, 23, 224, 2, 23, 52, 630 }, // U+0406
    { 11, 29, 224, 1, 29, 80, 682 }, // U+0407
    { 16, 23, 288, 1, 23, 92, 762 }, // U+0408
    { 32, 23, 528, 0, 23, 184, 854 }, // U+0409
    { 32, 23, 560, 2, 23, 184, 1038 }, // U+040A
    { 29, 23, 496, 1, 23, 167, 1222 }, // U+040B
    { 22, 30, 384, 2, 30, 165, 1389 }, // U+040C
    { 24, 30, 448, 2, 30, 180, 1554 }, // U+040D
    { 22, 32, 352, 0, 32, 176, 1734 }, // U+040E
    { 24, 28, 448, 2, 23, 168, 1910 }, // U+040F
    { 24, 23, 384, 0, 23, 138, 2078 }, // U+0410
    { 18, 23, 352, 2, 23, 104, 2216 }, // U+0411
    { 18, 23, 352, 2, 23, 104, 2320 }, // U+0412
    { 17, 23, 320, 2, 23, 98, 2424 }, // U+0413
    { 22, 28, 384, 0, 23, 154, 2522 }, // U+0414
    { 17, 23, 336, 2, 23, 98, 2676 }, // U+0415
    { 33, 23, 544, 0, 23, 190, 2774 }, // U+0416
    { 17, 23, 304, 1, 23, 98, 2964 }, // U+0417
    { 24, 23, 448, 2, 23, 138, 3062 }, // U+0418
    { 24, 32, 448, 2, 32, 192, 3200 }, // U+0419
    { 22, 23, 384, 2, 23, 127, 3392 }, // U+041A
    { 23, 23, 400, 0, 23, 133, 3519 }, // U+041B
    { 29, 23, 528, 2, 23, 167, 3652 }, // U+041C
    { 24, 23, 448, 2, 23, 138, 3819 }, // U+041D
    { 21, 23, 400, 2, 23, 121, 3957 }, // U+041E
    { 24, 23, 448, 2, 23, 138, 4078 }, // U+041F
    { 17, 23, 320, 2, 23, 98, 4216 }, // U+0420
    { 19, 23, 368, 2, 23, 110, 4314 }, // U+0421
    { 22, 23, 384, 1, 23, 127, 4424 }, // U+0422
    { 22, 23, 352, 0, 23, 127, 4551 }, // U+0423
    { 25, 24, 432, 1, 24, 150, 4678 }, // U+0424
    { 23, 23, 368, 0, 23, 133, 4828 }, // U+0425
    { 25, 28, 448, 2, 23, 175, 4961 }, // U+0426
    { 22, 23, 400, 1, 23, 127, 5136 }, // U+0427
    { 34, 23, 608, 2, 23, 196, 5263 }, // U+0428
    { 35, 28, 624, 2, 23, 245, 5459 }, // U+0429
    { 24, 23, 400, 0, 23, 138, 5704 }, // U+042A
    { 28, 23, 512, 2, 23, 161, 5842 }, // U+042B
    { 18, 23, 352, 2, 23, 104, 6003 }, // U+042C
    { 19, 23, 352, 1, 23, 110, 6107 }, // U+042D
    { 33, 23, 592, 2, 23, 190, 6217 }, // U+042E
    { 21, 23, 368, 0, 23, 121, 6407 }, // U+042F
    { 16, 17, 288, 2, 17, 68, 6528 }, // U+0430
    { 16, 26, 304, 2, 26, 104, 6596 }, // U+0431
    { 15, 17, 304, 2, 17, 64, 6700 }, // U+0432
    { 14, 17, 272, 2, 17, 60, 6764 }, // U+0433
    { 18, 22, 320, 0, 17, 99, 6824 }, // U+0434
    { 14, 17, 272, 2, 17, 60, 6923 }, // U+0435
    { 27, 17, 448, 1, 17, 115, 6983 }, // U+0436
    { 13, 17, 256, 2, 17, 56, 7098 }, // U+0437
    { 19, 17, 368, 2, 17, 81, 7154 }, // U+0438
    { 19, 24, 368, 2, 24, 114, 7235 }, // U+0439
    { 17, 17, 320, 2, 17, 73, 7349 }, // U+043A
    { 18, 17, 336, 1, 17, 77, 7422 }, // U+043B
    { 22, 17, 400, 2, 17, 94, 7499 }, // U+043C
    { 19, 17, 368, 2, 17, 81, 7593 }, // U+043D
    { 16, 17, 304, 2, 17, 68, 7674 }, // U+043E
    { 19, 17, 352, 2, 17, 81, 7742 }, // U+043F
    { 18, 24, 320, 1, 17, 108, 7823 }, // U+0440
    { 14, 17, 256, 2, 17, 60, 7931 }, // U+0441
    { 17, 17, 304, 1, 17, 73, 7991 }, // U+0442
    { 19, 24, 304, 0, 17, 114, 8064 }, // U+0443
    { 24, 32, 432, 2, 25, 192, 8178 }, // U+0444
    { 19, 17, 304, 0, 17, 81, 8370 }, // U+0445
    { 20, 22, 352, 2, 17, 110, 8451 }, // U+0446
    { 18, 17, 336, 1, 17, 77, 8561 }, // U+0447
    { 28, 17, 512, 2, 17, 119, 8638 }, // U+0448
    { 30, 22, 512, 2, 17, 165, 8757 }, // U+0449
    { 19, 17, 336, 1, 17, 81, 8922 }, // U+044A
    { 23, 17, 432, 2, 17, 98, 9003 }, // U+044B
    { 15, 17, 288, 2, 17, 64, 9101 }, // U+044C
    { 14, 17, 272, 2, 17, 60, 9165 }, // U+044D
    { 25, 17, 464, 2, 17, 107, 9225 }, // U+044E
    { 17, 17, 320, 1, 17, 73, 9332 }, // U+044F
    { 14, 24, 272, 2, 24, 84, 9405 }, // U+0451
    { 17, 33, 336, 1, 25, 141, 9489 }, // U+0452
    { 14, 25, 272, 2, 25, 88, 9630 }, // U+0453
    { 13, 17, 272, 2, 17, 56, 9718 }, // U+0454
    { 12, 17, 240, 2, 17, 51, 9774 }, // U+0455
    { 9, 25, 176, 1, 25, 57, 9825 }, // U+0456
    { 11, 24, 176, -1, 24, 66, 9882 }, // U+0457
    { 6, 32, 160, 1, 25, 48, 9948 }, // U+0458
    { 26, 17, 432, 0, 17, 111, 9996 }, // U+0459
    { 26, 17, 464, 2, 17, 111, 10107 }, // U+045A
    { 21, 25, 352, 0, 25, 132, 10218 }, // U+045B
    { 17, 25, 320, 2, 25, 107, 10350 }, // U+045C
    { 19, 25, 368, 2, 25, 119, 10457 }, // U+045D
    { 19, 31, 304, 0, 24, 148, 10576 }, // U+045E
    { 19, 22, 368, 2, 17, 105, 10724 }, // U+045F
    { 24, 24, 400, 0, 24, 144, 10829 }, // U+0462
    { 20, 25, 352, 1, 25, 125, 10973 }, // U+0463
    { 32, 23, 512, 0, 23, 184, 11098 }, // U+046A
    { 27, 17, 432, 0, 17, 115, 11282 }, // U+046B
    { 17, 28, 304, 2, 28, 119, 11397 }, // U+0490
    { 13, 21, 240, 2, 21, 69, 11516 }, // U+0491
    { 17, 23, 320, 2, 23, 98, 11585 }, // U+0492
    { 14, 17, 272, 2, 17, 60, 11683 }, // U+0493
    { 33, 27, 544, 1, 23, 223, 11743 }, // U+0496
    { 27, 22, 448, 1, 17, 149, 11966 }, // U+0497
    { 22, 27, 400, 2, 23, 149, 12115 }, // U+049A
    { 18, 22, 320, 2, 17, 99, 12264 }, // U+049B
    { 25, 28, 448, 2, 23, 175, 12363 }, // U+04A2
    { 21, 22, 368, 2, 17, 116, 12538 }, // U+04A3
    { 22, 23, 384, 1, 23, 127, 12654 }, // U+04AE
    { 19, 24, 288, 0, 17, 114, 12781 }, // U+04AF
    { 22, 23, 368, 1, 23, 127, 12895 }, // U+04B0
    { 19, 24, 288, 0, 17, 114, 13022 }, // U+04B1
    { 23, 23, 416, 2, 23, 133, 13136 }, // U+04BA
    { 20, 25, 352, 1, 25, 125, 13269 }, // U+04BB
    { 19, 23, 368, 2, 23, 110, 13394 }, // U+04D8
    { 15, 17, 272, 1, 17, 64, 13504 }, // U+04D9
    { 22, 23, 416, 2, 23, 127, 13568 }, // U+04E8
    { 16, 17, 304, 2, 17, 68, 13695 }, // U+04E9
    { 24, 30, 384, 0, 23, 180, 0 }, // U+1EA0
    { 16, 24, 288, 2, 17, 96, 180 }, // U+1EA1
    { 24, 32, 384, 0, 32, 192, 276 }, // U+1EA2
    { 16, 27, 288, 2, 27, 108, 468 }, // U+1EA3
    { 24, 37, 384, 0, 37, 222, 576 }, // U+1EA4
    { 16, 32, 288, 2, 32, 128, 798 }, // U+1EA5
    { 24, 37, 384, 0, 37, 222, 926 }, // U+1EA6
    { 16, 32, 288, 2, 32, 128, 1148 }, // U+1EA7
    { 24, 36, 384, 0, 36, 216, 1276 }, // U+1EA8
    { 16, 31, 288, 2, 31, 124, 1492 }, // U+1EA9
    { 24, 35, 384, 0, 35, 210, 1616 }, // U+1EAA
    { 16, 30, 288, 2, 30, 120, 1826 }, // U+1EAB
    { 24, 38, 384, 0, 31, 228, 1946 }, // U+1EAC
    { 16, 32, 288, 2, 25, 128, 2174 }, // U+1EAD
    { 24, 36, 384, 0, 36, 216, 2302 }, // U+1EAE
    { 16, 32, 288, 2, 32, 128, 2518 }, // U+1EAF
    { 24, 36, 384, 0, 36, 216, 2646 }, // U+1EB0
    { 16, 32, 288, 2, 32, 128, 2862 }, // U+1EB1
    { 24, 38, 384, 0, 38, 228, 2990 }, // U+1EB2
    { 16, 33, 288, 2, 33, 132, 3218 }, // U+1EB3
    { 24, 35, 384, 0, 35, 210, 3350 }, // U+1EB4
    { 16, 30, 288, 2, 30, 120, 3560 }, // U+1EB5
    { 24, 38, 384, 0, 31, 228, 3680 }, // U+1EB6
    { 16, 32, 288, 2, 25, 128, 3908 }, // U+1EB7
    { 17, 30, 336, 2, 23, 128, 4036 }, // U+1EB8
    { 14, 24, 272, 2, 17, 84, 4164 }, // U+1EB9
    { 17, 32, 336, 2, 32, 136, 4248 }, // U+1EBA
    { 14, 27, 272, 2, 27, 95, 4384 }, // U+1EBB
    { 17, 29, 336, 2, 29, 124, 4479 }, // U+1EBC
    { 14, 24, 272, 2, 24, 84, 4603 }, // U+1EBD
    { 17, 37, 336, 2, 37, 158, 4687 }, // U+1EBE
    { 14, 32, 272, 2, 32, 112, 4845 }, // U+1EBF
    { 17, 37, 336, 2, 37, 158, 4957 }, // U+1EC0
    { 14, 32, 272, 2, 32, 112, 5115 }, // U+1EC1
    { 17, 36, 336, 2, 36, 153, 5227 }, // U+1EC2
    { 16, 31, 272, 2, 31, 124, 5380 }, // U+1EC3
    { 17, 35, 336, 2, 35, 149, 5504 }, // U+1EC4
    { 14, 30, 272, 2, 30, 105, 5653 }, // U+1EC5
    { 17, 38, 336, 2, 31, 162, 5758 }, // U+1EC6
    { 14, 32, 272, 2, 25, 112, 5920 }, // U+1EC7
    { 9, 32, 224, 2, 32, 72, 6032 }, // U+1EC8
    { 9, 27, 176, 1, 27, 61, 6104 }, // U+1EC9
    { 9, 30, 224, 2, 23, 68, 6165 }, // U+1ECA
    { 9, 32, 176, 1, 25, 72, 6233 }, // U+1ECB
    { 21, 30, 400, 2, 23, 158, 6305 }, // U+1ECC
    { 16, 24, 304, 2, 17, 96, 6463 }, // U+1ECD
    { 21, 32, 400, 2, 32, 168, 6559 }, // U+1ECE
    { 16, 27, 304, 2, 27, 108, 6727 }, // U+1ECF
    { 21, 37, 400, 2, 37, 195, 6835 }, // U+1ED0
    { 16, 32, 304, 2, 32, 128, 7030 }, // U+1ED1
    { 21, 37, 400, 2, 37, 195, 7158 }, // U+1ED2
    { 16, 32, 304, 2, 32, 128, 7353 }, // U+1ED3
    { 21, 36, 400, 2, 36, 189, 7481 }, // U+1ED4
    { 16, 31, 304, 2, 31, 124, 7670 }, // U+1ED5
    { 21, 35, 400, 2, 35, 184, 7794 }, // U+1ED6
    { 16, 30, 304, 2, 30, 120, 7978 }, // U+1ED7
    { 21, 38, 400, 2, 31, 200, 8098 }, // U+1ED8
    { 16, 32, 304, 2, 25, 128, 8298 }, // U+1ED9
    { 25, 30, 432, 2, 30, 188, 8426 }, // U+1EDA
    { 18, 25, 320, 2, 25, 113, 8614 }, // U+1EDB
    { 25, 30, 432, 2, 30, 188, 8727 }, // U+1EDC
    { 18, 25, 320, 2, 25, 113, 8915 }, // U+1EDD
    { 25, 32, 432, 2, 32, 200, 9028 }, // U+1EDE
    { 18, 27, 320, 2, 27, 122, 9228 }, // U+1EDF
    { 25, 29, 432, 2, 29, 182, 9350 }, // U+1EE0
    { 18, 24, 320, 2, 24, 108, 9532 }, // U+1EE1
    { 25, 32, 432, 2, 25, 200, 9640 }, // U+1EE2
    { 18, 29, 320, 2, 22, 131, 9840 }, // U+1EE3
    { 23, 30, 432, 2, 23, 173, 9971 }, // U+1EE4
    { 19, 24, 336, 1, 17, 114, 10144 }, // U+1EE5
    { 23, 32, 432, 2, 32, 184, 10258 }, // U+1EE6
    { 19, 27, 336, 1, 27, 129, 10442 }, // U+1EE7
    { 27, 30, 464, 2, 30, 203, 10571 }, // U+1EE8
    { 22, 25, 368, 1, 25, 138, 10774 }, // U+1EE9
    { 27, 30, 464, 2, 30, 203, 10912 }, // U+1EEA
    { 22, 25, 368, 1, 25, 138, 11115 }, // U+1EEB
    { 27, 32, 464, 2, 32, 216, 11253 }, // U+1EEC
    { 22, 27, 368, 1, 27, 149, 11469 }, // U+1EED
    { 27, 29, 464, 2, 29, 196, 11618 }, // U+1EEE
    { 22, 24, 368, 1, 24, 132, 11814 }, // U+1EEF
    { 27, 32, 464, 2, 25, 216, 11946 }, // U+1EF0
    { 22, 29, 368, 1, 22, 160, 12162 }, // U+1EF1
    { 22, 30, 384, 1, 30, 165, 12322 }, // U+1EF2
    { 19, 32, 304, 0, 25, 152, 12487 }, // U+1EF3
    { 22, 30, 384, 1, 23, 165, 12639 }, // U+1EF4
    { 19, 24, 304, 0, 17, 114, 12804 }, // U+1EF5
    { 22, 32, 384, 1, 32, 176, 12918 }, // U+1EF6
    { 19, 34, 304, 0, 27, 162, 13094 }, // U+1EF7
    { 22, 29, 384, 1, 29, 160, 13256 }, // U+1EF8
    { 19, 31, 304, 0, 24, 148, 13416 }, // U+1EF9
    { 1, 1, 304, 0, 1, 1, 0 }, // U+2007
    { 1, 1, 176, 0, 1, 1, 1 }, // U+2008
    { 1, 1, 64, 0, 1, 1, 2 }, // U+2009
    { 1, 1, 32, 0, 1, 1, 3 }, // U+200A
    { 1, 1, 0, 0, 1, 1, 4 }, // U+200B
    { 9, 3, 192, 1, 11, 7, 5 }, // U+2010
    { 16, 2, 272, 0, 10, 8, 12 }, // U+2012
    { 16, 2, 272, 0, 10, 8, 20 }, // U+2013
    { 33, 2, 528, 0, 10, 17, 28 }, // U+2014
    { 33, 2, 528, 0, 10, 17, 45 }, // U+2015
    { 5, 9, 176, 3, 26, 12, 62 }, // U+2018
    { 5, 9, 176, 3, 25, 12, 74 }, // U+2019
    { 5, 9, 176, 3, 4, 12, 86 }, // U+201A
    { 11, 9, 272, 3, 26, 25, 98 }, // U+201C
    { 11, 9, 272, 3, 25, 25, 123 }, // U+201D
    { 12, 9, 224, 1, 4, 27, 148 }, // U+201E
    { 13, 26, 272, 2, 25, 85, 175 }, // U+2020
    { 13, 26, 272, 2, 25, 85, 260 }, // U+2021
    { 7, 7, 192, 3, 14, 13, 345 }, // U+2022
    { 27, 5, 464, 1, 5, 34, 358 }, // U+2026
    { 37, 20, 640, 2, 20, 185, 392 }, // U+2030
    { 4, 7, 112, 2, 26, 7, 577 }, // U+2032
    { 9, 7, 192, 2, 26, 16, 584 }, // U+2033
    { 7, 14, 160, 2, 16, 25, 600 }, // U+2039
    { 7, 14, 160, 1, 16, 25, 625 }, // U+203A
    { 26, 25, 464, 2, 25, 163, 650 }, // U+2042
    { 16, 23, 128, -4, 23, 92, 813 }, // U+2044
    { 13, 15, 240, 1, 27, 49, 0 }, // U+2070
    { 13, 15, 224, 0, 27, 49, 49 }, // U+2074
    { 12, 15, 208, 0, 27, 45, 98 }, // U+2075
    { 12, 15, 224, 1, 27, 45, 143 }, // U+2076
    { 12, 15, 208, 0, 27, 45, 188 }, // U+2077
    { 12, 15, 224, 1, 27, 45, 233 }, // U+2078
    { 11, 15, 208, 1, 27, 42, 278 }, // U+2079
    { 5, 20, 128, 2, 29, 25, 320 }, // U+207D
    { 6, 20, 128, 1, 29, 30, 345 }, // U+207E
    { 15, 12, 272, 1, 24, 45, 375 }, // U+207F
    { 13, 15, 240, 1, 10, 49, 420 }, // U+2080
    { 9, 15, 176, 1, 10, 34, 469 }, // U+2081
    { 11, 15, 208, 1, 10, 42, 503 }, // U+2082
    { 11, 15, 224, 1, 10, 42, 545 }, // U+2083
    { 13, 15, 224, 0, 10, 49, 587 }, // U+2084
    { 12, 15, 208, 0, 10, 45, 636 }, // U+2085
    { 12, 15, 224, 1, 10, 45, 681 }, // U+2086
    { 12, 15, 208, 0, 10, 45, 726 }, // U+2087
    { 12, 15, 224, 1, 10, 45, 771 }, // U+2088
    { 11, 15, 208, 1, 10, 42, 816 }, // U+2089
    { 5, 20, 128, 2, 12, 25, 858 }, // U+208D
    { 6, 20, 128, 1, 12, 30, 883 }, // U+208E
    { 18, 28, 320, 1, 26, 126, 0 }, // U+20A1
    { 18, 23, 320, 1, 23, 104, 126 }, // U+20A3
    { 16, 23, 288, 1, 23, 92, 230 }, // U+20A4
    { 24, 23, 448, 2, 23, 138, 322 }, // U+20A6
    { 44, 23, 752, 2, 23, 253, 460 }, // U+20A7
    { 35, 23, 576, 1, 23, 202, 713 }, // U+20A9
    { 17, 30, 320, 2, 25, 128, 915 }, // U+20AB
    { 20, 23, 368, 0, 23, 115, 1043 }, // U+20AC
    { 23, 23, 384, 1, 23, 133, 1158 }, // U+20AD
    { 22, 23, 352, 0, 23, 127, 1291 }, // U+20AE
    { 20, 23, 352, 1, 23, 115, 1418 }, // U+20B1
    { 22, 28, 384, 2, 26, 154, 1533 }, // U+20B2
    { 19, 23, 336, 1, 23, 110, 1687 }, // U+20B4
    { 18, 29, 320, 1, 27, 131, 1797 }, // U+20B5
    { 22, 23, 368, 0, 23, 127, 1928 }, // U+20B8
    { 17, 24, 320, 1, 24, 102, 2055 }, // U+20B9
    { 17, 23, 336, 2, 23, 98, 2157 }, // U+20BA
    { 21, 23, 368, 1, 23, 121, 2255 }, // U+20BC
    { 18, 23, 320, 1, 23, 104, 2376 }, // U+20BD
    { 17, 11, 304, 1, 15, 47, 0 }, // U+2190
    { 11, 16, 304, 4, 17, 44, 47 }, // U+2191
    { 16, 11, 304, 1, 15, 44, 91 }, // U+2192
    { 11, 16, 304, 4, 17, 44, 135 }, // U+2193
    { 15, 24, 288, 1, 24, 90, 0 }, // U+2202
    { 21, 24, 400, 2, 22, 126, 90 }, // U+2205
    { 19, 23, 336, 1, 23, 110, 216 }, // U+2206
    { 24, 27, 432, 2, 23, 162, 326 }, // U+220F
    { 18, 28, 320, 1, 23, 126, 488 }, // U+2211
    { 14, 2, 304, 3, 11, 7, 614 }, // U+2212
    { 15, 24, 304, 2, 24, 90, 621 }, // U+2215
    { 5, 5, 160, 3, 14, 7, 711 }, // U+2219
    { 18, 25, 304, 1, 25, 113, 718 }, // U+221A
    { 18, 8, 336, 2, 12, 36, 831 }, // U+221E
    { 15, 30, 224, -1, 24, 113, 867 }, // U+222B
    { 15, 10, 304, 2, 15, 38, 980 }, // U+2248
    { 14, 16, 304, 3, 18, 56, 1018 }, // U+2260
    { 13, 17, 304, 3, 17, 56, 1074 }, // U+2264
    { 14, 17, 304, 3, 17, 60, 1130 }, // U+2265
    { 19, 26, 336, 1, 26, 124, 0 }, // U+FB01
    { 20, 26, 352, 1, 26, 130, 124 }, // U+FB02
};

static const EpdUnicodeInterval literatamono_16_regularIntervals[] = {
    { 0x20, 0x7E, 0x0 },
    { 0xA0, 0x17E, 0x5F },
    { 0x1A0, 0x1A1, 0x13E },
    { 0x1AF, 0x1B0, 0x140 },
    { 0x1C4, 0x1DC, 0x142 },
    { 0x1E6, 0x1E7, 0x15B },
    { 0x1EA, 0x1EB, 0x15D },
    { 0x1FA, 0x21B, 0x15F },
    { 0x300, 0x304, 0x181 },
    { 0x306, 0x30C, 0x186 },
    { 0x30F, 0x30F, 0x18D },
    { 0x311, 0x312, 0x18E },
    { 0x31B, 0x31B, 0x190 },
    { 0x323, 0x324, 0x191 },
    { 0x326, 0x328, 0x193 },
    { 0x32E, 0x32E, 0x196 },
    { 0x331, 0x331, 0x197 },
    { 0x401, 0x44F, 0x198 },
    { 0x451, 0x45F, 0x1E7 },
    { 0x462, 0x463, 0x1F6 },
    { 0x46A, 0x46B, 0x1F8 },
    { 0x490, 0x493, 0x1FA },
    { 0x496, 0x497, 0x1FE },
    { 0x49A, 0x49B, 0x200 },
    { 0x4A2, 0x4A3, 0x202 },
    { 0x4AE, 0x4B1, 0x204 },
    { 0x4BA, 0x4BB, 0x208 },
    { 0x4D8, 0x4D9, 0x20A },
    { 0x4E8, 0x4E9, 0x20C },
    { 0x1EA0, 0x1EF9, 0x20E },
    { 0x2007, 0x200B, 0x268 },
    { 0x2010, 0x2010, 0x26D },
    { 0x2012, 0x2015, 0x26E },
    { 0x2018, 0x201A, 0x272 },
    { 0x201C, 0x201E, 0x275 },
    { 0x2020, 0x2022, 0x278 },
    { 0x2026, 0x2026, 0x27B },
    { 0x2030, 0x2030, 0x27C },
    { 0x2032, 0x2033, 0x27D },
    { 0x2039, 0x203A, 0x27F },
    { 0x2042, 0x2042, 0x281 },
    { 0x2044, 0x2044, 0x282 },
    { 0x2070, 0x2070, 0x283 },
    { 0x2074, 0x2079, 0x284 },
    { 0x207D, 0x2089, 0x28A },
    { 0x208D, 0x208E, 0x297 },
    { 0x20A1, 0x20A1, 0x299 },
    { 0x20A3, 0x20A4, 0x29A },
    { 0x20A6, 0x20A7, 0x29C },
    { 0x20A9, 0x20A9, 0x29E },
    { 0x20AB, 0x20AE, 0x29F },
    { 0x20B1, 0x20B2, 0x2A3 },
    { 0x20B4, 0x20B5, 0x2A5 },
    { 0x20B8, 0x20BA, 0x2A7 },
    { 0x20BC, 0x20BD, 0x2AA },
    { 0x2190, 0x2193, 0x2AC },
    { 0x2202, 0x2202, 0x2B0 },
    { 0x2205, 0x2206, 0x2B1 },
    { 0x220F, 0x220F, 0x2B3 },
    { 0x2211, 0x2212, 0x2B4 },
    { 0x2215, 0x2215, 0x2B6 },
    { 0x2219, 0x221A, 0x2B7 },
    { 0x221E, 0x221E, 0x2B9 },
    { 0x222B, 0x222B, 0x2BA },
    { 0x2248, 0x2248, 0x2BB },
    { 0x2260, 0x2260, 0x2BC },
    { 0x2264, 0x2265, 0x2BD },
    { 0xFB01, 0xFB02, 0x2BF },
};

static const EpdFontGroup literatamono_16_regularGroups[] = {
    { 0, 2177, 8758, 95, 0 },
    { 2177, 1991, 10336, 96, 95 },
    { 4168, 2552, 17074, 127, 191 },
    { 6720, 1940, 10605, 67, 318 },
    { 8660, 149, 308, 23, 385 },
    { 8809, 2828, 14795, 118, 408 },
    { 11637, 1466, 14529, 90, 526 },
    { 13103, 326, 1009, 27, 616 },
    { 13429, 228, 1033, 22, 643 },
    { 13657, 736, 2655, 19, 665 },
    { 14393, 74, 195, 4, 684 },
    { 14467, 346, 1296, 15, 688 },
    { 14813, 69, 260, 2, 703 },
};

static const uint16_t literatamono_16_regularKernLeftCodepoints[] = {
    0x0022, 0x0026, 0x0027, 0x002A, 0x002C, 0x002D, 0x002E, 0x002F, 0x0030, 0x0031, 0x0032, 0x0033,
    0x0034, 0x0035, 0x0037, 0x0038, 0x0039, 0x003A, 0x003B, 0x003D, 0x003F, 0x0040, 0x0041, 0x0042,
    0x0043, 0x0044, 0x0045, 0x0046, 0x0047, 0x0048, 0x0049, 0x004A, 0x004B, 0x004C, 0x004D, 0x004E,
    0x004F, 0x0050, 0x0051, 0x0052, 0x0053, 0x0054, 0x0055, 0x0056, 0x0057, 0x0058, 0x0059, 0x005A,
    0x005B, 0x005C, 0x0061, 0x0062, 0x0063, 0x0064, 0x0065, 0x0066, 0x0067, 0x0068, 0x0069, 0x006A,
    0x006B, 0x006C, 0x006D, 0x006E, 0x006F, 0x0070, 0x0071, 0x0072, 0x0073, 0x0074, 0x0075, 0x0076,
    0x0077, 0x0078, 0x0079, 0x007A, 0x00A1, 0x00AB, 0x00AD, 0x00B5, 0x00B7, 0x00BB, 0x00BF, 0x00C0,
    0x00C1, 0x00C2, 0x00C3, 0x00C4, 0x00C5, 0x00C6, 0x00C7, 0x00C8, 0x00C9, 0x00CA, 0x00CB, 0x00CC,
    0x00CD, 0x00CE, 0x00CF, 0x00D0, 0x00D1, 0x00D2, 0x00D3, 0x00D4, 0x00D5, 0x00D6, 0x00D7, 0x00D8,
    0x00D9, 0x00DA, 0x00DB, 0x00DC, 0x00DD, 0x00DE, 0x00DF, 0x00E0, 0x00E1, 0x00E2, 0x00E3, 0x00E4,
    0x00E5, 0x00E6, 0x00E7, 0x00E8, 0x00E9, 0x00EA, 0x00EB, 0x00EC, 0x00ED, 0x00EE, 0x00EF, 0x00F1,
    0x00F2, 0x00F3, 0x00F4, 0x00F5, 0x00F6, 0x00F8, 0x00F9, 0x00FA, 0x00FB, 0x00FC, 0x00FD, 0x00FE,
    0x00FF, 0x0100, 0x0101, 0x0102, 0x0103, 0x0104, 0x0105, 0x0106, 0x0107, 0x0108, 0x0109, 0x010A,
    0x010B, 0x010C, 0x010D, 0x010E, 0x010F, 0x0110, 0x0111, 0x0112, 0x0113, 0x0114, 0x0115, 0x0116,
    0x0117, 0x0118, 0x0119, 0x011A, 0x011B, 0x011C, 0x011D, 0x011E, 0x011F, 0x0120, 0x0121, 0x0122,
    0x0123, 0x0124, 0x0125, 0x0126, 0x0127, 0x0128, 0x0129, 0x012A, 0x012B, 0x012C, 0x012D, 0x012E,
    0x012F, 0x0130, 0x0131, 0x0134, 0x0135, 0x0136, 0x0137, 0x0138, 0x0139, 0x013A, 0x013B, 0x013C,
    0x013D, 0x013E, 0x013F, 0x0140, 0x0141, 0x0142, 0x0143, 0x0144, 0x0145, 0x0146, 0x0147, 0x0148,
    0x0149, 0x014A, 0x014B, 0x014C, 0x014D, 0x014E, 0x014F, 0x0150, 0x0151, 0x0152, 0x0153, 0x0154,
    0x0155, 0x0156, 0x0157, 0x0158, 0x0159, 0x015A, 0x015B, 0x015C, 0x015D, 0x015E, 0x015F, 0x0160,
    0x0161, 0x0162, 0x0163, 0x0164, 0x0165, 0x0166, 0x0167, 0x0168, 0x0169, 0x016A, 0x016B, 0x016C,
    0x016D, 0x016E, 0x016F, 0x0170, 0x0171, 0x0172, 0x0173, 0x0174, 0x0175, 0x0176, 0x0177, 0x0178,
    0x0179, 0x017A, 0x017B, 0x017C, 0x017D, 0x017E, 0x01A0, 0x01A1, 0x01AF, 0x01B0, 0x01C6, 0x01C7,
    0x01C9, 0x01CA, 0x01CC, 0x01CD, 0x01CE, 0x01CF, 0x01D0, 0x01D1, 0x01D2, 0x01D3, 0x01D4, 0x01D5,
    0x01D6, 0x01D7, 0x01D8, 0x01D9, 0x01DA, 0x01DB, 0x01DC, 0x01E6, 0x01E7, 0x01EA, 0x01EB, 0x01FA,
    0x01FB, 0x01FC, 0x01FD, 0x01FE, 0x01FF, 0x0200, 0x0201, 0x0202, 0x0203, 0x0204, 0x0205, 0x0206,
    0x0207, 0x0208, 0x0209, 0x020A, 0x020B, 0x020C, 0x020D, 0x020E, 0x020F, 0x0210, 0x0211, 0x0212,
    0x0213, 0x0214, 0x0215, 0x0216, 0x0217, 0x0218, 0x0219, 0x021A, 0x021B, 0x0401, 0x0402, 0x0403,
    0x0404, 0x0405, 0x0406, 0x0407, 0x0408, 0x0409, 0x040A, 0x040B, 0x040C, 0x040D, 0x040E, 0x040F,
    0x0410, 0x0411, 0x0412, 0x0413, 0x0414, 0x0415, 0x0416, 0x0417, 0x0418, 0x0419, 0x041A, 0x041B,
    0x041C, 0x041D, 0x041E, 0x041F, 0x0420, 0x0421, 0x0422, 0x0423, 0x0424, 0x0425, 0x0426, 0x0427,
    0x0428, 0x0429, 0x042A, 0x042B, 0x042C, 0x042D, 0x042E, 0x042F, 0x0430, 0x0431, 0x0432, 0x0433,
    0x0434, 0x0435, 0x0436, 0x0437, 0x0438, 0x0439, 0x043A, 0x043B, 0x043C, 0x043D, 0x043E, 0x043F,
    0x0440, 0x0441, 0x0442, 0x0443, 0x0444, 0x0445, 0x0446, 0x0447, 0x0448, 0x0449, 0x044A, 0x044B,
    0x044C, 0x044D, 0x044E, 0x044F, 0x0451, 0x0452, 0x0453, 0x0454, 0x0455, 0x0456, 0x0457, 0x0458,
    0x0459, 0x045A, 0x045B, 0x045C, 0x045D, 0x045E, 0x045F, 0x0462, 0x0463, 0x046A, 0x046B, 0x0490,
    0x0491, 0x0492, 0x0493, 0x0496, 0x0497, 0x049A, 0x049B, 0x04A2, 0x04A3, 0x04AE, 0x04AF, 0x04B0,
    0x04B1, 0x04BA, 0x04BB, 0x04D8, 0x04D9, 0x04E8, 0x04E9, 0x1EA0, 0x1EA1, 0x1EA2, 0x1EA3, 0x1EA4,
    0x1EA5, 0x1EA6, 0x1EA7, 0x1EA8, 0x1EA9, 0x1EAA, 0x1EAB, 0x1EAC, 0x1EAD, 0x1EAE, 0x1EAF, 0x1EB0,
    0x1EB1, 0x1EB2, 0x1EB3, 0x1EB4, 0x1EB5, 0x1EB6, 0x1EB7, 0x1EB8, 0x1EB9, 0x1EBA, 0x1EBB, 0x1EBC,
    0x1EBD, 0x1EBE, 0x1EBF, 0x1EC0, 0x1EC1, 0x1EC2, 0x1EC3, 0x1EC4, 0x1EC5, 0x1EC6, 0x1EC7, 0x1EC8,
    0x1EC9, 0x1ECA, 0x1ECB, 0x1ECC, 0x1ECD, 0x1ECE, 0x1ECF, 0x1ED0, 0x1ED1, 0x1ED2, 0x1ED3, 0x1ED4,
    0x1ED5, 0x1ED6, 0x1ED7, 0x1ED8, 0x1ED9, 0x1EDA, 0x1EDB, 0x1EDC, 0x1EDD, 0x1EDE, 0x1EDF, 0x1EE0,
    0x1EE1, 0x1EE2, 0x1EE3, 0x1EE4, 0x1EE5, 0x1EE6, 0x1EE7, 0x1EE8, 0x1EE9, 0x1EEA, 0x1EEB, 0x1EEC,
    0x1EED, 0x1EEE, 0x1EEF, 0x1EF0, 0x1EF1, 0x1EF2, 0x1EF3, 0x1EF4, 0x1EF5, 0x1EF6, 0x1EF7, 0x1EF8,
    0x1EF9, 0x2010, 0x2012, 0x2013, 0x2014, 0x2015, 0x2018, 0x2019, 0x201A, 0x201C, 0x201D, 0x201E,
    0x2026, 0x2039, 0x203A, 0x2206, 0x2212, 0xFB01, 0xFB02,
};

static const uint8_t literatamono_16_regularKernLeftClassIds[] = {
      1,   2,   1,   3,   4,   5,   4,   6,   7,   8,   9,  10,  11,  12,  13,  14,
     14,  15,  15,  16,  17,  18,  19,  20,  21,  22,  23,  24,  25,  26,  26,  27,
     28,  29,  30,  31,  32,  33,  34,  35,  36,  37,  38,  39,  40,  41,  42,  43,
     44,  45,  46,  47,  48,  49,  50,  51,  52,  53,  54,  55,  56,  49,  53,  53,
     57,  57,  58,  59,  60,  61,  54,  62,  63,  64,  62,  65,  66,  67,   5,  68,
     69,  70,  71,  19,  19,  19,  19,  19,  19,  23,  21,  23,  23,  23,  23,  26,
     26,  26,  26,  72,  31,  32,  32,  32,  32,  32,  73,  32,  74,  74,  74,  74,
     75,  76,  77,  78,  79,  79,  79,  79,  79,  57,  48,  80,  80,  80,  80,  54,
     54,  54,  81,  53,  57,  57,  57,  57,  57,  57,  54,  54,  54,  54,  62,  57,
     62,  19,  79,  19,  79,  19,  79,  21,  48,  21,  48,  21,  48,  21,  48,  82,
     83,  82,  49,  23,  80,  23,  80,  23,  80,  23,  80,  23,  80,  25,  52,  25,
     52,  25,  52,  25,  52,  26,  53,  26,  53,  26,  54,  26,  54,  26,  54,  26,
     54,  26,  54,  27,  55,  28,  56,  56,  29,  49,  29,  49,  84,  85,  29,  49,
     29,  86,  31,  53,  31,  53,  31,  53,  53,  27,  55,  32,  57,  32,  57,  32,
     57,  23,  57,  35,  59,  35,  59,  35,  59,  36,  60,  36,  60,  36,  60,  36,
     60,  87,  61,  37,  88,  37,  61,  74,  54,  74,  54,  74,  54,  74,  54,  74,
     54,  74,  54,  89,  63,  75,  62,  75,  43,  65,  43,  65,  43,  65,  90,  91,
     92,  93,  53,  27,  55,  27,  55,  19,  53,  26,  54,  32,  57,  74,  54,  74,
     54,  74,  54,  74,  54,  74,  54,  25,  52,  32,  57,  19,  53,  23,  57,  32,
     57,  19,  53,  19,  53,  23,  57,  23,  57,  26,  54,  26,  54,  32,  57,  32,
     57,  35,  59,  35,  59,  74,  54,  74,  54,  36,  60,  87,  61,  94,  95,  96,
     97,  98,  99,  99, 100, 101, 101, 102, 103,  99, 104,  99, 105, 106, 107, 108,
    109,  94, 110, 111,  99,  99, 112,  99, 113,  99, 114,  99, 115, 116, 117, 104,
    118, 119, 120,  99,  99, 120, 101,  99, 101, 121, 121,  99, 122, 123, 124, 125,
    126, 127, 128, 129, 130, 130, 128, 130, 130, 130, 131, 130, 131, 132, 133, 134,
    131, 135, 136, 130, 130, 136, 137, 130, 137, 131, 131, 130, 127, 138, 125, 139,
    140, 130, 141, 142, 137, 137, 138, 128, 130, 134, 130, 143, 137, 144, 145, 146,
    147, 108, 125, 112, 148, 149, 128, 120, 136, 150, 151, 104, 151, 152, 138, 121,
    131, 121, 131,  19,  53,  19,  53,  19,  53,  19,  53,  19,  53,  19,  53,  19,
     53,  19,  53,  19,  53,  19,  53,  19,  53,  19,  53,  23,  57,  23,  57,  23,
     57,  23,  57,  23,  57,  23,  57,  23,  57,  23,  57,  26,  54,  26,  54,  32,
     57,  32,  57,  32,  57,  32,  57,  32,  57,  32,  57,  32,  57, 153, 154, 153,
    154, 153, 154, 153, 154, 153, 154,  74,  54,  74,  54, 155,  93, 155,  93, 155,
     93, 155,  93, 155,  93,  75,  62, 156,  62, 156,  62, 156,  62,   5,   5,   5,
      5,   5, 157, 158, 159, 157, 158, 159,   4,  67,  70, 160, 161, 162,  49,
};

static const uint16_t literatamono_16_regularKernRightCodepoints[] = {
    0x0021, 0x0022, 0x0025, 0x0026, 0x0027, 0x0029, 0x002A, 0x002B, 0x002C, 0x002D, 0x002E, 0x002F,
    0x0031, 0x0032, 0x0033, 0x0034, 0x0035, 0x0036, 0x0037, 0x003A, 0x003B, 0x003D, 0x003F, 0x0040,
    0x0041, 0x0043, 0x0047, 0x004A, 0x004D, 0x004F, 0x0051, 0x0053, 0x0054, 0x0055, 0x0056, 0x0057,
    0x0058, 0x0059, 0x005A, 0x005C, 0x005D, 0x0061, 0x0062, 0x0063, 0x0064, 0x0065, 0x0066, 0x0067,
    0x0068, 0x0069, 0x006A, 0x006B, 0x006C, 0x006D, 0x006E, 0x006F, 0x0070, 0x0071, 0x0072, 0x0073,
    0x0074, 0x0075, 0x0076, 0x0077, 0x0078, 0x0079, 0x007A, 0x00AB, 0x00AD, 0x00B0, 0x00B2, 0x00B3,
    0x00B7, 0x00B9, 0x00BB, 0x00BF, 0x00C0, 0x00C1, 0x00C2, 0x00C3, 0x00C4, 0x00C5, 0x00C6, 0x00C7,
    0x00D2, 0x00D3, 0x00D4, 0x00D5, 0x00D6, 0x00D7, 0x00D8, 0x00D9, 0x00DA, 0x00DB, 0x00DC, 0x00DD,
    0x00E0, 0x00E1, 0x00E2, 0x00E3, 0x00E4, 0x00E5, 0x00E6, 0x00E7, 0x00E8, 0x00E9, 0x00EA, 0x00EB,
    0x00EC, 0x00ED, 0x00EE, 0x00EF, 0x00F0, 0x00F1, 0x00F2, 0x00F3, 0x00F4, 0x00F5, 0x00F6, 0x00F8,
    0x00F9, 0x00FA, 0x00FB, 0x00FC, 0x00FD, 0x00FE, 0x00FF, 0x0100, 0x0101, 0x0102, 0x0103, 0x0104,
    0x0105, 0x0106, 0x0107, 0x0108, 0x0109, 0x010A, 0x010B, 0x010C, 0x010D, 0x010F, 0x0111, 0x0113,
    0x0115, 0x0117, 0x0119, 0x011B, 0x011C, 0x011D, 0x011E, 0x011F, 0x0120, 0x0121, 0x0122, 0x0123,
    0x0125, 0x0127, 0x0129, 0x012B, 0x012D, 0x012F, 0x0131, 0x0134, 0x0135, 0x0137, 0x0138, 0x013A,
    0x013C, 0x013E, 0x0140, 0x0142, 0x0144, 0x0146, 0x0148, 0x0149, 0x014B, 0x014C, 0x014D, 0x014E,
    0x014F, 0x0150, 0x0151, 0x0152, 0x0153, 0x0155, 0x0157, 0x0159, 0x015A, 0x015B, 0x015C, 0x015D,
    0x015E, 0x015F, 0x0160, 0x0161, 0x0162, 0x0163, 0x0164, 0x0165, 0x0166, 0x0167, 0x0168, 0x0169,
    0x016A, 0x016B, 0x016C, 0x016D, 0x016E, 0x016F, 0x0170, 0x0171, 0x0172, 0x0173, 0x0174, 0x0175,
    0x0176, 0x0177, 0x0178, 0x0179, 0x017A, 0x017B, 0x017C, 0x017D, 0x017E, 0x01A0, 0x01A1, 0x01AF,
    0x01B0, 0x01C6, 0x01C9, 0x01CC, 0x01CD, 0x01CE, 0x01D0, 0x01D1, 0x01D2, 0x01D3, 0x01D4, 0x01D5,
    0x01D6, 0x01D7, 0x01D8, 0x01D9, 0x01DA, 0x01DB, 0x01DC, 0x01E6, 0x01E7, 0x01EA, 0x01EB, 0x01FA,
    0x01FB, 0x01FC, 0x01FD, 0x01FE, 0x01FF, 0x0200, 0x0201, 0x0202, 0x0203, 0x0205, 0x0207, 0x0209,
    0x020B, 0x020C, 0x020D, 0x020E, 0x020F, 0x0211, 0x0213, 0x0214, 0x0215, 0x0216, 0x0217, 0x0218,
    0x0219, 0x021A, 0x021B, 0x0401, 0x0402, 0x0403, 0x0404, 0x0405, 0x0406, 0x0407, 0x0408, 0x0409,
    0x040A, 0x040B, 0x040C, 0x040D, 0x040E, 0x040F, 0x0410, 0x0411, 0x0412, 0x0413, 0x0414, 0x0415,
    0x0416, 0x0417, 0x0418, 0x0419, 0x041A, 0x041B, 0x041C, 0x041D, 0x041E, 0x041F, 0x0420, 0x0421,
    0x0422, 0x0423, 0x0424, 0x0425, 0x0426, 0x0427, 0x0428, 0x0429, 0x042A, 0x042B, 0x042C, 0x042D,
    0x042E, 0x042F, 0x0430, 0x0431, 0x0432, 0x0433, 0x0434, 0x0435, 0x0436, 0x0437, 0x0438, 0x0439,
    0x043A, 0x043B, 0x043C, 0x043D, 0x043E, 0x043F, 0x0440, 0x0441, 0x0442, 0x0443, 0x0444, 0x0445,
    0x0446, 0x0447, 0x0448, 0x0449, 0x044A, 0x044B, 0x044C, 0x044D, 0x044E, 0x044F, 0x0451, 0x0452,
    0x0453, 0x0454, 0x0455, 0x0456, 0x0457, 0x0458, 0x0459, 0x045A, 0x045B, 0x045C, 0x045D, 0x045E,
    0x045F, 0x0462, 0x0463, 0x046A, 0x046B, 0x0490, 0x0491, 0x0492, 0x0493, 0x0496, 0x0497, 0x049A,
    0x049B, 0x04A2, 0x04A3, 0x04AE, 0x04AF, 0x04B0, 0x04B1, 0x04BA, 0x04BB, 0x04D8, 0x04D9, 0x04E8,
    0x04E9, 0x1EA0, 0x1EA1, 0x1EA2, 0x1EA3, 0x1EA4, 0x1EA5, 0x1EA6, 0x1EA7, 0x1EA8, 0x1EA9, 0x1EAA,
    0x1EAB, 0x1EAC, 0x1EAD, 0x1EAE, 0x1EAF, 0x1EB0, 0x1EB1, 0x1EB2, 0x1EB3, 0x1EB4, 0x1EB5, 0x1EB6,
    0x1EB7, 0x1EB9, 0x1EBB, 0x1EBD, 0x1EBF, 0x1EC1, 0x1EC3, 0x1EC5, 0x1EC7, 0x1EC9, 0x1ECB, 0x1ECC,
    0x1ECD, 0x1ECE, 0x1ECF, 0x1ED0, 0x1ED1, 0x1ED2, 0x1ED3, 0x1ED4, 0x1ED5, 0x1ED6, 0x1ED7, 0x1ED8,
    0x1ED9, 0x1EDA, 0x1EDB, 0x1EDC, 0x1EDD, 0x1EDE, 0x1EDF, 0x1EE0, 0x1EE1, 0x1EE2, 0x1EE3, 0x1EE4,
    0x1EE5, 0x1EE6, 0x1EE7, 0x1EE8, 0x1EE9, 0x1EEA, 0x1EEB, 0x1EEC, 0x1EED, 0x1EEE, 0x1EEF, 0x1EF0,
    0x1EF1, 0x1EF2, 0x1EF3, 0x1EF4, 0x1EF5, 0x1EF6, 0x1EF7, 0x1EF8, 0x1EF9, 0x2010, 0x2012, 0x2013,
    0x2014, 0x2015, 0x2018, 0x2019, 0x201A, 0x201C, 0x201D, 0x201E, 0x2022, 0x2026, 0x2030, 0x2039,
    0x203A, 0x2070, 0x2074, 0x2075, 0x2076, 0x2077, 0x2078, 0x2079, 0x2206, 0x2212, 0xFB01, 0xFB02,
};

static const uint8_t literatamono_16_regularKernRightClassIds[] = {
      1,   2,   3,   4,   2,   5,   6,   7,   8,   9,  10,  11,  12,  13,  14,  15,
     16,  17,  18,  19,  20,  21,  22,  23,  24,  25,  25,  26,  27,  28,  25,  29,
     30,  31,  32,  33,  34,  35,  36,  37,  38,  39,  40,  41,  42,  41,  43,  44,
     45,  46,  47,  45,  45,  48,  49,  50,  51,  41,  49,  52,  53,  54,  55,  56,
     57,  58,  59,  60,  61,  62,  63,  63,  64,  63,  65,  66,  24,  67,  24,  24,
     24,  24,  68,  25,  25,  25,  25,  25,  25,  69,  25,  70,  70,  70,  70,  71,
     72,  72,  73,  74,  75,  76,  72,  77,  77,  77,  78,  79,  80,  46,  81,  82,
     83,  84,  77,  77,  77,  85,  86,  77,  87,  87,  87,  87,  88,  89,  88,  24,
     90,  24,  91,  24,  76,  25,  77,  25,  77,  25,  77,  25,  77,  77,  77,  77,
     92,  77,  77,  77,  25,  93,  25,  94,  25,  93,  25,  93,  45,  45,  95,  96,
     97,  46,  98,  26,  99,  45,  84,  45,  45,  45,  45, 100,  84,  84,  84, 101,
     84,  25,  77,  25,  77,  25,  77,  25,  77, 102, 101, 102,  29, 103,  29, 104,
     29, 103,  29, 105, 106,  53, 107,  53, 107,  53,  70,  87,  70,  87,  70,  87,
     70,  87,  70,  87,  70,  87, 108, 109,  71,  88,  71,  36, 110,  36, 110,  36,
    111,  25, 112,  70,  87,  77,  45,  98, 113,  76, 114,  25,  77,  70,  87,  70,
     87,  70,  87,  70,  87,  70,  87,  25,  93,  25,  77,  24, 115,  24, 115,  25,
    112, 113, 116, 113,  76, 117,  77, 118, 119,  25, 120,  25,  77, 121,  98,  70,
     87,  70,  87,  29, 103, 106,  53, 122, 123, 122, 124, 125, 122, 122, 126, 127,
    122, 128, 122, 122, 129, 122, 130, 122, 122, 122, 131, 122, 132, 133, 122, 122,
    122, 127, 134, 122, 135, 122, 122, 135, 136, 129, 137, 138, 122, 139, 122, 122,
    140, 122, 122, 141, 122, 142, 143, 144, 145, 145, 146, 147, 148, 149, 150, 145,
    150, 151, 152, 150, 153, 150, 154, 155, 156, 157, 155, 158, 150, 159, 150, 150,
    160, 145, 150, 161, 162, 163, 164, 165, 145, 166, 167, 168, 169, 170, 151, 145,
    165, 145, 145, 157, 145, 171, 172, 173, 174, 122, 145, 122, 145, 132, 148, 122,
    145, 122, 145, 175, 176, 177, 176, 122, 165, 135, 153, 135, 153, 113,  76, 113,
     76, 113,  76, 113,  76, 113,  76, 113,  76, 113,  76, 113,  76, 113,  76, 113,
     76, 113,  76, 113,  76,  77,  77,  77,  77,  77,  77,  77,  77,  46,  46,  25,
     77,  25,  77,  25,  77,  25,  77,  25,  77,  25,  77,  25,  77,  25,  77,  25,
     77,  25,  77,  25,  77,  25,  77,  70,  87,  70,  87,  70,  87,  70,  87,  70,
     87,  70,  87,  70,  87,  71,  88, 178, 179, 178, 179, 178, 179,  61,  61,  61,
     61,  61, 180, 181, 182, 183, 184, 182,   7, 185,   3, 186, 187,  63, 188,  63,
     63,  63,  63,  63, 189, 190,  43,  43,
};

static const uint16_t literatamono_16_regularKernRowOffsets[] = {
        0,    44,    58,    77,   147,   188,   296,   298,   307,   308,   317,   324,   326,   341,   343,   347,
      348,   350,   372,   429,   452,   497,   530,   556,   644,   666,   690,   766,   826,   866,   951,  1034,
     1072,  1084,  1122,  1202,  1237,  1323,  1401,  1488,  1575,  1607,  1693,  1710,  1717,  1757,  1805,  1848,
     1867,  1902,  1945,  1985,  2017,  2065,  2092,  2118,  2159,  2202,  2248,  2271,  2287,  2341,  2386,  2430,
     2448,  2450,  2465,  2483,  2494,  2509,  2533,  2571,  2609,  2615,  2693,  2781,  2799,  2811,  2859,  2907,
     2950,  2977,  3010,  3083,  3123,  3196,  3231,  3317,  3381,  3468,  3547,  3588,  3678,  3707,  3713,  3729,
     3795,  3797,  3799,  3800,  3809,  3822,  3830,  3864,  3914,  3959,  3988,  4016,  4082,  4108,  4142,  4152,
     4186,  4210,  4252,  4286,  4330,  4383,  4408,  4437,  4444,  4486,  4498,  4508,  4515,  4535,  4538,  4542,
     4557,  4564,  4566,  4585,  4596,  4609,  4639,  4649,  4655,  4665,  4672,  4683,  4684,  4686,  4687,  4700,
     4734,  4749,  4815,  4835,  4850,  4884,  4934,  4944,  4956,  5035,  5076,  5166,  5254,  5347,  5415,  5453,
     5463,  5465,  5484,
};

static const uint8_t literatamono_16_regularKernSparseCols[] = {
      7,   9,  23,  24,  25,  26,  27,  38,  40,  41,  42,  43,  49,  51,  52,  66,
     67,  71,  72,  73,  74,  75,  76,  77,  78,  82,  84,  85,  89,  90,  91,  92,
     93, 102, 103, 104, 111, 112, 114, 115, 116, 119, 184, 188,  26,  29,  30,  31,
     32,  34,  53,  69,  70,  86, 105, 106, 107, 177,  23,  25,  40,  41,  49,  66,
     67,  76,  77,  78,  82,  84,  85,  91, 111, 112, 116, 119, 188,   1,  14,  17,
     21,  24,  27,  29,  30,  31,  32,  34,  40,  41,  49,  52,  53,  54,  55,  57,
     62,  69,  70,  76,  77,  78,  82,  84,  85,  86,  87,  91, 105, 106, 107, 108,
    111, 116, 119, 122, 123, 127, 128, 134, 135, 136, 138, 139, 143, 146, 148, 152,
    154, 155, 156, 158, 159, 160, 163, 165, 170, 174, 175, 176, 177, 178, 179, 180,
    182, 183, 187,  12,  13,  17,  23,  25,  28,  29,  31,  32,  33,  34,  35,  54,
     55,  57,  66,  67,  70,  87, 105, 106, 107, 108, 112, 122, 126, 127, 128, 129,
    133, 135, 137, 139, 141, 150, 170, 174, 176, 177, 178, 188,   7,   9,  10,  13,
     14,  22,  23,  24,  25,  27,  28,  38,  40,  41,  43,  45,  49,  51,  52,  53,
     54,  55,  56,  57,  58,  66,  67,  71,  72,  73,  74,  75,  76,  77,  78,  79,
     80,  81,  82,  84,  85,  86,  87,  89,  90,  91,  92,  93,  94,  95,  96, 102,
    103, 104, 108, 109, 110, 111, 112, 113, 114, 115, 116, 117, 118, 119, 123, 124,
    125, 126, 129, 130, 131, 133, 134, 136, 141, 142, 143, 144, 145, 146, 147, 148,
    149, 150, 151, 152, 153, 154, 155, 156, 157, 158, 159, 160, 161, 162, 163, 165,
    166, 167, 168, 172, 173, 178, 184, 188,  12,  13,   1,   2,  14,  17,  36, 179,
    180, 182, 183,  17,  10,  12,  13,  14,  15,  17,  36, 180, 183,   2,  17,  61,
    179, 180, 182, 183,  12,  17,   2,   7,   8,   9,  10,  13,  14,  15,  18,  19,
     20,  60,  68, 184, 189,  12,  17,  12,  13,  14,  17,  17,  59, 185,  10,  29,
     30,  31,  32,  34,  35,  36,  53,  54,  55,  57,  69,  70,  86,  87, 105, 106,
    107, 108, 177, 178,   1,   5,   8,  21,  24,  27,  29,  30,  31,  32,  34,  36,
     39,  40,  41,  47,  48,  49,  50,  52,  53,  54,  55,  57,  59,  60,  63,  69,
     70,  76,  77,  78,  82,  83,  84,  85,  86,  87,  91,  97, 100, 101, 105, 106,
    107, 108, 111, 116, 119, 120, 177, 178, 179, 180, 182, 183, 185,  23,  25,  29,
     30,  31,  32,  34,  35,  52,  54,  55,  57,  66,  69,  70,  87, 105, 106, 107,
    108, 112, 177, 178,  23,  24,  27,  28,  29,  31,  32,  34,  35,  38,  39,  42,
     44,  51,  52,  53,  54,  55,  57,  66,  67,  70,  71,  72,  73,  74,  75,  86,
     87,  88,  89,  90,  99, 102, 103, 104, 105, 106, 107, 108, 112, 114, 115, 177,
    178,   1,   7,   9,  10,  23,  25,  26,  29,  31,  32,  33,  34,  35,  36,  42,
     54,  56,  57,  66,  67,  70,  87, 105, 106, 107, 112, 177, 178, 179, 180, 182,
    183, 184,  29,  30,  31,  34,  39,  44,  52,  53,  54,  55,  57,  69,  70,  86,
     87,  88,  99, 105, 106, 108, 177, 178, 179, 180, 182, 183,   3,   7,   8,   9,
     10,  22,  23,  24,  25,  26,  27,  28,  30,  35,  38,  40,  41,  43,  44,  45,
     46,  47,  48,  49,  50,  51,  52,  53,  54,  55,  56,  57,  58,  59,  60,  66,
     67,  69,  71,  72,  73,  74,  75,  76,  77,  78,  79,  80,  81,  82,  83,  84,
     85,  86,  87,  88,  89,  90,  91,  92,  93,  94,  95,  96,  97,  98,  99, 100,
    101, 102, 103, 104, 108, 109, 110, 111, 112, 113, 114, 115, 116, 117, 118, 119,
    120, 178, 184, 185,   1,   5,  21,  25,  29,  31,  32,  33,  34,  35,  54,  57,
     67,  70,  87, 105, 106, 107, 177, 178, 180, 183,  40,  41,  46,  49,  52,  53,
     54,  55,  57,  76,  77,  78,  82,  84,  85,  86,  87,  91,  98, 108, 111, 116,
    119, 178,   3,   7,   9,  10,  23,  25,  28,  38,  40,  41,  42,  43,  45,  47,
     48,  49,  50,  51,  52,  53,  54,  55,  56,  57,  58,  59,  63,  66,  67,  71,
     72,  73,  74,  75,  76,  77,  78,  79,  80,  81,  82,  83,  84,  85,  86,  87,
     89,  90,  91,  92,  93,  94,  95,  96,  97, 100, 101, 102, 103, 104, 108, 109,
    110, 111, 112, 113, 114, 115, 116, 117, 118, 119, 120, 178, 184, 185,   8,  21,
     24,  27,  29,  30,  31,  32,  34,  38,  39,  40,  41,  49,  50,  52,  53,  54,
     55,  57,  59,  60,  63,  69,  70,  71,  72,  73,  74,  75,  76,  77,  78,  80,
     81,  82,  84,  85,  86,  87,  89,  90,  91,  95, 105, 106, 107, 108, 111, 114,
    115, 116, 119, 177, 178, 179, 180, 182, 183, 185,   1,   5,  21,  24,  25,  26,
     27,  28,  29,  30,  31,  32,  34,  35,  36,  39,  44,  50,  52,  53,  54,  55,
     57,  63,  69,  70,  86,  87,  88,  99, 105, 106, 107, 108, 177, 178, 179, 180,
    182, 183,   1,  21,  24,  27,  29,  30,  31,  32,  34,  35,  38,  39,  40,  41,
     42,  43,  44,  45,  46,  47,  48,  49,  50,  51,  52,  53,  54,  55,  57,  58,
     69,  70,  71,  72,  73,  74,  75,  76,  77,  78,  79,  80,  81,  82,  83,  84,
     85,  86,  87,  88,  89,  90,  91,  92,  93,  94,  95,  96,  97,  98,  99, 100,
    101, 102, 103, 104, 105, 106, 107, 108, 109, 110, 111, 113, 114, 115, 116, 117,
    118, 119, 120, 177, 178, 179, 182,   3,   7,   9,  10,  21,  22,  23,  24,  25,
     26,  27,  35,  38,  40,  41,  42,  43,  44,  45,  46,  47,  48,  49,  50,  51,
     52,  53,  54,  55,  56,  57,  58,  66,  67,  71,  72,  73,  74,  75,  76,  77,
     78,  79,  80,  81,  82,  83,  84,  85,  86,  87,  88,  89,  90,  91,  92,  93,
     94,  95,  96,  97,  98,  99, 100, 101, 102, 103, 104, 108, 109, 110, 111, 112,
    113, 114, 115, 116, 117, 118, 119, 120, 178, 184,   1,   4,   7,   9,  10,  21,
     23,  25,  26,  29,  31,  32,  33,  34,  35,  36,  37,  44,  54,  57,  66,  67,
     70,  87,  88,  99, 105, 106, 107, 112, 177, 178, 179, 180, 181, 182, 183, 184,
      7,   9,  10,  23,  25,  34,  66,  67,  70, 112, 177, 184,   1,   4,   7,   9,
     10,  21,  23,  25,  26,  29,  31,  32,  33,  34,  35,  36,  37,  44,  54,  57,
     66,  67,  70,  87,  88,  99, 105, 106, 107, 112, 177, 178, 179, 180, 181, 182,
    183, 184,   1,   5,   8,  21,  24,  27,  28,  29,  30,  31,  32,  34,  36,  38,
     39,  40,  41,  44,  46,  47,  48,  49,  50,  51,  52,  53,  54,  55,  57,  58,
     59,  60,  63,  69,  70,  71,  72,  73,  74,  75,  76,  77,  78,  82,  83,  84,
     85,  86,  87,  88,  89,  90,  91,  97,  98,  99, 100, 101, 102, 103, 104, 105,
    106, 107, 108, 109, 110, 111, 114, 115, 116, 119, 120, 177, 178, 179, 180, 182,
    183, 185,  23,  25,  26,  29,  31,  34,  38,  39,  42,  52,  53,  54,  55,  56,
     57,  66,  67,  70,  71,  72,  73,  74,  75,  86,  87,  89,  90, 105, 106, 108,
    112, 114, 115, 177, 178,   3,   7,   8,   9,  10,  18,  19,  22,  23,  24,  25,
     26,  27,  28,  35,  38,  40,  41,  42,  43,  44,  45,  47,  48,  49,  50,  51,
     52,  53,  54,  57,  58,  59,  60,  63,  66,  67,  71,  72,  73,  74,  75,  76,
     77,  78,  79,  80,  81,  82,  83,  84,  85,  86,  87,  88,  89,  90,  91,  92,
     93,  94,  95,  96,  97,  98,  99, 100, 101, 102, 103, 104, 109, 110, 111, 112,
    113, 114, 115, 116, 117, 118, 119, 120, 178, 184, 185,   3,   7,   9,  10,  22,
     23,  25,  26,  28,  35,  38,  40,  41,  42,  43,  45,  46,  47,  48,  49,  50,
     51,  52,  53,  54,  55,  56,  57,  58,  66,  67,  71,  72,  73,  74,  75,  76,
     77,  78,  79,  80,  81,  82,  83,  84,  85,  86,  87,  89,  90,  91,  92,  93,
     94,  95,  96,  97,  98, 100, 101, 102, 103, 104, 108, 109, 110, 111, 112, 113,
    114, 115, 116, 117, 118, 119, 120, 178, 184,   3,   7,   8,   9,  10,  18,  19,
     22,  23,  24,  25,  26,  27,  28,  35,  38,  40,  41,  42,  43,  45,  46,  47,
     48,  49,  50,  51,  52,  53,  54,  55,  56,  57,  58,  59,  60,  63,  64,  66,
     67,  71,  72,  73,  74,  75,  76,  77,  78,  79,  80,  81,  82,  83,  84,  85,
     86,  87,  89,  90,  91,  92,  93,  94,  95,  96,  97, 100, 101, 102, 103, 104,
    108, 109, 110, 111, 112, 113, 114, 115, 116, 118, 119, 120, 178, 184, 185, 186,
      3,   7,   8,   9,  10,  18,  19,  22,  23,  24,  25,  26,  27,  28,  38,  40,
     41,  42,  43,  45,  47,  48,  49,  50,  51,  52,  53,  54,  55,  56,  57,  58,
     59,  60,  63,  64,  66,  67,  71,  72,  73,  74,  75,  76,  77,  78,  79,  80,
     81,  82,  83,  84,  85,  86,  87,  89,  90,  91,  92,  93,  94,  95,  96,  97,
     98, 100, 101, 102, 103, 104, 108, 109, 110, 111, 112, 113, 114, 115, 116, 117,
    118, 119, 120, 178, 184, 185, 186,   8,  24,  27,  29,  40,  41,  49,  52,  53,
     54,  55,  57,  59,  60,  63,  76,  77,  78,  82,  84,  85,  86,  87,  91, 105,
    106, 108, 111, 116, 119, 178, 185,   3,   7,   8,   9,  10,  18,  19,  22,  23,
     24,  25,  26,  27,  28,  38,  40,  41,  42,  43,  45,  46,  47,  48,  49,  50,
     51,  52,  53,  54,  55,  56,  57,  58,  59,  60,  63,  64,  66,  67,  71,  72,
     73,  74,  75,  76,  77,  78,  79,  81,  82,  83,  84,  85,  86,  87,  89,  90,
     91,  92,  93,  94,  96,  97,  98, 100, 101, 102, 103, 104, 108, 109, 110, 111,
    112, 113, 114, 115, 116, 117, 118, 119, 120, 178, 184, 185, 186,  25,  26,  28,
     29,  30,  52,  53,  54,  55,  57,  69,  86,  87, 105, 106, 108, 178,  43,  54,
     57,  87,  92,  93, 178,  17,  24,  27,  29,  30,  31,  32,  34,  36,  53,  54,
     55,  57,  69,  70,  86,  87, 105, 106, 107, 108, 122, 123, 127, 128, 134, 135,
    136, 138, 139, 143, 155, 158, 159, 170, 174, 175, 176, 177, 178,   1,   5,  21,
     29,  36,  39,  40,  41,  46,  47,  48,  49,  50,  51,  52,  53,  54,  55,  57,
     76,  77,  78,  82,  83,  84,  85,  86,  87,  91,  97,  98, 100, 101, 102, 103,
    104, 105, 106, 108, 111, 116, 119, 120, 178, 179, 180, 182, 183,   1,   5,   7,
      9,  21,  29,  36,  39,  44,  47,  48,  50,  51,  52,  53,  54,  55,  56,  57,
     58,  83,  86,  87,  88,  97,  99, 100, 101, 102, 103, 104, 105, 106, 108, 109,
    110, 120, 178, 179, 180, 182, 183, 184,  36,  40,  41,  44,  49,  76,  77,  78,
     82,  84,  85,  88,  91,  99, 111, 116, 119, 180, 183,  21,  40,  41,  46,  47,
     48,  49,  50,  52,  53,  54,  55,  57,  76,  77,  78,  82,  83,  84,  85,  86,
     87,  91,  97,  98, 100, 101, 108, 111, 116, 119, 120, 178, 180, 183,   1,   5,
      7,   9,  21,  29,  36,  39,  44,  47,  48,  50,  51,  52,  53,  54,  55,  56,
     57,  58,  83,  86,  87,  88,  97,  99, 100, 101, 102, 103, 104, 105, 106, 108,
    109, 110, 120, 178, 179, 180, 182, 183, 184,   0,   1,   4,   5,  21,  36,  37,
     38,  40,  41,  49,  51,  59,  71,  72,  73,  74,  75,  76,  77,  78,  82,  84,
     85,  89,  90,  91, 102, 103, 104, 111, 114, 115, 116, 119, 179, 180, 182, 183,
    185,  36,  38,  39,  40,  41,  44,  49,  51,  71,  72,  73,  74,  75,  76,  77,
     78,  82,  84,  85,  88,  89,  90,  91,  99, 102, 103, 104, 111, 114, 115, 116,
    119,   1,   5,  21,  29,  36,  39,  40,  41,  46,  47,  48,  49,  50,  51,  52,
     53,  54,  55,  57,  76,  77,  78,  82,  83,  84,  85,  86,  87,  91,  97,  98,
    100, 101, 102, 103, 104, 105, 106, 108, 111, 116, 119, 120, 178, 179, 180, 182,
    183,   1,   5,  21,  29,  30,  31,  32,  34,  36,  39,  52,  54,  55,  57,  69,
     70,  87, 105, 106, 107, 108, 177, 178, 179, 180, 182, 183,  21,  38,  39,  44,
     52,  53,  54,  55,  57,  71,  72,  73,  74,  75,  86,  87,  88,  89,  90,  99,
    108, 114, 115, 178, 180, 183,   1,   5,   8,  36,  40,  41,  47,  48,  49,  50,
     52,  53,  54,  55,  57,  59,  60,  76,  77,  78,  82,  83,  84,  85,  86,  87,
     91,  97, 100, 101, 108, 111, 116, 119, 120, 178, 179, 180, 182, 183, 185,   1,
      5,   7,   9,  21,  29,  36,  39,  44,  47,  48,  50,  51,  52,  53,  54,  55,
     56,  57,  58,  83,  86,  87,  88,  97,  99, 100, 101, 102, 103, 104, 105, 106,
    108, 109, 110, 120, 178, 179, 180, 182, 183, 184,   1,   5,  21,  36,  38,  39,
     40,  41,  44,  49,  51,  52,  53,  54,  55,  57,  71,  72,  73,  74,  75,  76,
     77,  78,  82,  84,  85,  86,  87,  88,  89,  90,  91,  99, 102, 103, 104, 108,
    111, 114, 115, 116, 119, 178, 180, 183,   7,   9,  10,  22,  36,  39,  40,  41,
     44,  49,  76,  77,  78,  82,  84,  85,  88,  91,  99, 111, 116, 119, 184,  36,
     39,  52,  53,  54,  57,  58,  86,  87, 109, 110, 178, 179, 180, 182, 183,  21,
     38,  40,  41,  47,  48,  49,  50,  51,  53,  54,  55,  56,  57,  58,  59,  64,
     71,  72,  73,  74,  75,  76,  77,  78,  82,  83,  84,  85,  86,  87,  89,  90,
     91,  97, 100, 101, 102, 103, 104, 108, 109, 110, 111, 114, 115, 116, 119, 120,
    178, 180, 183, 185, 186,   3,   7,   8,   9,  10,  22,  36,  38,  39,  40,  41,
     43,  44,  49,  51,  59,  60,  71,  72,  73,  74,  75,  76,  77,  78,  82,  84,
     85,  88,  89,  90,  91,  92,  93,  99, 102, 103, 104, 111, 114, 115, 116, 119,
    184, 185,   3,   7,   8,   9,  10,  22,  36,  38,  40,  41,  43,  44,  49,  51,
     59,  60,  71,  72,  73,  74,  75,  76,  77,  78,  82,  84,  85,  88,  89,  90,
     91,  92,  93,  99, 102, 103, 104, 111, 114, 115, 116, 119, 184, 185,  36,  39,
     40,  41,  49,  52,  59,  76,  77,  78,  82,  84,  85,  91, 111, 116, 119, 185,
     52,  99,  24,  27,  29,  30,  31,  32,  34,  69,  70, 105, 106, 107, 177, 179,
    182,  31,  32,  34,  70, 107, 121, 122, 127, 128, 129, 133, 135, 138, 139, 170,
    174, 176, 177,   5,   7,   8,   9,  36,  60, 179, 180, 182, 183, 184,  23,  25,
     29,  31,  32,  33,  34,  66,  67,  70, 105, 106, 107, 112, 177,   7,   9,  23,
     29,  31,  32,  33,  34,  52,  54,  55,  56,  57,  66,  70,  87, 105, 106, 107,
    108, 112, 177, 178, 184,  24,  27,  29,  30,  31,  32,  34,  39,  40,  41,  49,
     52,  53,  54,  55,  57,  69,  70,  76,  77,  78,  82,  84,  85,  86,  87,  91,
    105, 106, 107, 108, 111, 116, 119, 177, 178, 180, 183,   1,   4,   7,   9,  10,
     21,  23,  25,  26,  29,  31,  32,  33,  34,  35,  36,  37,  44,  54,  57,  66,
     67,  70,  87,  88,  99, 105, 106, 107, 112, 177, 178, 179, 180, 181, 182, 183,
    184,  11,  12,  13,  14,  15,  17,   3,   7,   9,  10,  22,  23,  25,  26,  28,
     35,  38,  40,  41,  42,  43,  45,  46,  47,  48,  49,  50,  51,  52,  53,  54,
     55,  56,  57,  58,  66,  67,  71,  72,  73,  74,  75,  76,  77,  78,  79,  80,
     81,  82,  83,  84,  85,  86,  87,  89,  90,  91,  92,  93,  94,  95,  96,  97,
     98, 100, 101, 102, 103, 104, 108, 109, 110, 111, 112, 113, 114, 115, 116, 117,
    118, 119, 120, 178, 184,   3,   7,   8,   9,  10,  18,  19,  22,  23,  24,  25,
     26,  27,  28,  38,  40,  41,  42,  43,  45,  46,  47,  48,  49,  50,  51,  52,
     53,  54,  55,  56,  57,  58,  59,  60,  63,  64,  66,  67,  71,  72,  73,  74,
     75,  76,  77,  78,  79,  80,  81,  82,  83,  84,  85,  86,  87,  89,  90,  91,
     92,  93,  94,  95,  96,  97,  98, 100, 101, 102, 103, 104, 108, 109, 110, 111,
    112, 113, 114, 115, 116, 117, 118, 119, 120, 178, 184, 185, 186,  23,  24,  25,
     27,  31,  34,  35,  56,  58,  66,  67,  70, 109, 110, 112, 177, 180, 183,  46,
     52,  53,  54,  55,  56,  57,  86,  87,  98, 108, 178,   1,   5,  21,  29,  36,
     39,  40,  41,  46,  47,  48,  49,  50,  51,  52,  53,  54,  55,  57,  76,  77,
     78,  82,  83,  84,  85,  86,  87,  91,  97,  98, 100, 101, 102, 103, 104, 105,
    106, 108, 111, 116, 119, 120, 178, 179, 180, 182, 183,   1,   5,  21,  29,  36,
     39,  40,  41,  46,  47,  48,  49,  50,  51,  52,  53,  54,  55,  57,  76,  77,
     78,  82,  83,  84,  85,  86,  87,  91,  97,  98, 100, 101, 102, 103, 104, 105,
    106, 108, 111, 116, 119, 120, 178, 179, 180, 182, 183,   1,   5,   7,   9,  21,
     29,  36,  39,  44,  47,  48,  50,  51,  52,  53,  54,  55,  56,  57,  58,  83,
     86,  87,  88,  97,  99, 100, 101, 102, 103, 104, 105, 106, 108, 109, 110, 120,
    178, 179, 180, 182, 183, 184,   1,   5,  21,  29,  30,  31,  32,  34,  36,  39,
     52,  54,  55,  57,  69,  70,  87, 105, 106, 107, 108, 177, 178, 179, 180, 182,
    183,   1,   7,   9,  10,  23,  25,  26,  29,  31,  32,  33,  34,  35,  36,  42,
     54,  56,  57,  66,  67,  70,  87, 105, 106, 107, 112, 177, 178, 179, 180, 182,
    183, 184,   6,   7,   8,   9,  10,  18,  19,  20,  21,  38,  40,  41,  43,  46,
     47,  48,  49,  50,  51,  52,  53,  54,  55,  56,  57,  58,  59,  60,  63,  64,
     71,  72,  73,  74,  75,  76,  77,  78,  82,  83,  84,  85,  86,  87,  89,  90,
     91,  92,  93,  97,  98, 100, 101, 102, 103, 104, 108, 109, 110, 111, 114, 115,
    116, 119, 120, 178, 179, 180, 182, 183, 184, 185, 186,   1,   5,  21,  24,  25,
     26,  27,  28,  29,  30,  31,  32,  34,  35,  36,  39,  44,  50,  52,  53,  54,
     55,  57,  63,  69,  70,  86,  87,  88,  99, 105, 106, 107, 108, 177, 178, 179,
    180, 182, 183,   6,   7,   8,   9,  10,  18,  19,  20,  21,  38,  40,  41,  43,
     46,  47,  48,  49,  50,  51,  52,  53,  54,  55,  56,  57,  58,  59,  60,  63,
     64,  71,  72,  73,  74,  75,  76,  77,  78,  82,  83,  84,  85,  86,  87,  89,
     90,  91,  92,  93,  97,  98, 100, 101, 102, 103, 104, 108, 109, 110, 111, 114,
    115, 116, 119, 120, 178, 179, 180, 182, 183, 184, 185, 186,  21,  40,  41,  46,
     47,  48,  49,  50,  52,  53,  54,  55,  57,  76,  77,  78,  82,  83,  84,  85,
     86,  87,  91,  97,  98, 100, 101, 108, 111, 116, 119, 120, 178, 180, 183,   3,
      7,   8,   9,  10,  18,  19,  22,  23,  24,  25,  26,  27,  28,  35,  38,  40,
     41,  42,  43,  44,  45,  47,  48,  49,  50,  51,  52,  53,  54,  57,  58,  59,
     60,  63,  66,  67,  71,  72,  73,  74,  75,  76,  77,  78,  79,  80,  81,  82,
     83,  84,  85,  86,  87,  88,  89,  90,  91,  92,  93,  94,  95,  96,  97,  98,
     99, 100, 101, 102, 103, 104, 109, 110, 111, 112, 113, 114, 115, 116, 117, 118,
    119, 120, 178, 184, 185,   6,   7,   8,   9,  18,  19,  20,  21,  38,  40,  41,
     47,  48,  49,  50,  51,  53,  54,  55,  56,  57,  58,  59,  60,  63,  64,  71,
     72,  73,  74,  75,  76,  77,  78,  82,  83,  84,  85,  86,  87,  89,  90,  91,
     97, 100, 101, 102, 103, 104, 108, 109, 110, 111, 114, 115, 116, 119, 120, 178,
    180, 183, 184, 185, 186,   3,   7,   8,   9,  10,  18,  19,  22,  23,  24,  25,
     26,  27,  28,  38,  40,  41,  42,  43,  45,  47,  48,  49,  50,  51,  52,  53,
     54,  55,  56,  57,  58,  59,  60,  63,  64,  66,  67,  71,  72,  73,  74,  75,
     76,  77,  78,  79,  80,  81,  82,  83,  84,  85,  86,  87,  89,  90,  91,  92,
     93,  94,  95,  96,  97,  98, 100, 101, 102, 103, 104, 108, 109, 110, 111, 112,
    113, 114, 115, 116, 117, 118, 119, 120, 178, 184, 185, 186,   3,   7,   8,   9,
     10,  18,  19,  22,  23,  24,  25,  26,  27,  31,  33,  34,  38,  40,  41,  42,
     43,  47,  48,  49,  50,  51,  52,  53,  54,  55,  56,  57,  58,  59,  60,  64,
     66,  67,  70,  71,  72,  73,  74,  75,  76,  77,  78,  82,  83,  84,  85,  86,
     87,  89,  90,  91,  92,  93,  97, 100, 101, 102, 103, 104, 108, 109, 110, 111,
    112, 114, 115, 116, 119, 120, 177, 178, 184, 185, 186,   7,   8,   9,  10,  38,
     40,  41,  47,  48,  49,  50,  51,  60,  71,  72,  73,  74,  75,  76,  77,  78,
     82,  83,  84,  85,  89,  90,  91,  97, 100, 101, 102, 103, 104, 111, 114, 115,
    116, 119, 120, 184,   3,   7,   8,   9,  22,  23,  24,  25,  26,  27,  28,  31,
     32,  33,  34,  38,  40,  41,  42,  43,  45,  46,  47,  48,  49,  50,  51,  52,
     53,  54,  55,  56,  57,  58,  59,  60,  64,  66,  70,  71,  72,  73,  74,  75,
     76,  77,  78,  79,  80,  81,  82,  83,  84,  85,  86,  87,  89,  90,  91,  92,
     93,  94,  95,  96,  97,  98, 100, 101, 102, 103, 104, 107, 108, 109, 110, 111,
    112, 113, 114, 115, 116, 117, 118, 119, 120, 177, 178, 184, 185, 186,   3,   7,
      8,   9,  10,  18,  19,  22,  40,  41,  49,  51,  59,  60,  76,  77,  78,  82,
     84,  85,  91, 102, 103, 104, 111, 116, 119, 184, 185, 126, 128, 138, 174, 175,
    176,  36, 128, 135, 138, 144, 149, 151, 156, 157, 161, 167, 168, 174, 176, 180,
    183,   7,   8,   9,  10,  18,  19,  23,  60,  64,  66, 112, 122, 123, 124, 125,
    126, 127, 128, 129, 130, 131, 132, 133, 134, 135, 136, 138, 139, 140, 141, 142,
    143, 144, 145, 146, 147, 148, 149, 150, 151, 152, 153, 154, 155, 156, 157, 158,
    159, 160, 161, 162, 163, 165, 166, 167, 168, 169, 170, 171, 172, 173, 174, 175,
    176, 184, 186, 129, 133, 129, 141, 158,   7,   9,  10, 129, 130, 131, 141, 172,
    184,   8,  36,  60, 122, 127, 128, 133, 135, 138, 139, 170, 174, 176,  36, 128,
    135, 138, 174, 176, 180, 183,   8,  36,  60,  64, 122, 123, 127, 128, 134, 135,
    136, 137, 138, 139, 141, 142, 143, 146, 152, 154, 155, 156, 158, 159, 163, 165,
    166, 170, 174, 175, 176, 180, 183, 186,   7,   8,   9,  10,  18,  19,  60,  64,
    123, 124, 125, 126, 129, 130, 131, 133, 134, 136, 141, 142, 143, 144, 145, 146,
    147, 148, 149, 150, 151, 152, 153, 154, 155, 156, 157, 158, 159, 160, 161, 162,
    163, 165, 166, 167, 168, 172, 173, 175, 184, 186,   8,  36,  60, 122, 123, 126,
    127, 128, 134, 135, 136, 138, 139, 141, 142, 143, 144, 146, 147, 148, 149, 150,
    151, 152, 153, 154, 155, 156, 158, 159, 160, 161, 162, 163, 165, 167, 168, 170,
    171, 173, 174, 175, 176, 180, 183,  36, 122, 125, 127, 128, 129, 133, 135, 137,
    138, 139, 145, 147, 148, 150, 155, 156, 157, 158, 159, 160, 162, 170, 173, 174,
    175, 176, 180, 183,  36, 122, 125, 127, 128, 131, 133, 135, 137, 138, 139, 145,
    147, 148, 150, 155, 156, 159, 160, 162, 170, 172, 173, 174, 175, 176, 180, 183,
      7,   8,   9,  10,  18,  19,  23,  60,  64,  66, 112, 122, 123, 124, 125, 126,
    127, 128, 129, 130, 131, 132, 133, 134, 135, 136, 138, 139, 140, 141, 142, 143,
    144, 145, 146, 147, 148, 149, 150, 151, 152, 153, 154, 155, 156, 157, 158, 159,
    160, 161, 162, 163, 165, 166, 167, 168, 169, 170, 171, 172, 173, 174, 175, 176,
    184, 186, 123, 124, 125, 128, 133, 134, 135, 136, 143, 146, 147, 148, 150, 152,
    154, 155, 156, 158, 159, 160, 163, 165, 173, 174, 175, 176,   8,  36,  60,  64,
    122, 123, 127, 128, 134, 135, 136, 137, 138, 139, 141, 142, 143, 146, 152, 154,
    155, 156, 158, 159, 163, 165, 166, 170, 174, 175, 176, 180, 183, 186,   7,   9,
    128, 162, 174, 175, 176, 180, 183, 184,   8,  36,  60,  64, 122, 123, 127, 128,
    134, 135, 136, 137, 138, 139, 141, 142, 143, 146, 152, 154, 155, 156, 158, 159,
    163, 165, 166, 170, 174, 175, 176, 180, 183, 186,   8,  60, 122, 123, 125, 126,
    127, 128, 131, 134, 135, 136, 138, 139, 140, 142, 158, 170, 172, 174, 175, 176,
    180, 183,   7,   9,  10,  36, 122, 125, 126, 127, 128, 129, 130, 131, 133, 135,
    137, 138, 139, 141, 142, 144, 145, 147, 148, 149, 150, 151, 156, 157, 158, 160,
    161, 162, 167, 168, 170, 172, 173, 174, 176, 180, 183, 184,   7,   9,  10, 123,
    125, 126, 129, 130, 131, 133, 134, 136, 141, 142, 144, 145, 146, 147, 148, 149,
    150, 151, 152, 154, 160, 161, 162, 163, 165, 167, 168, 172, 173, 184, 121, 123,
    124, 125, 126, 128, 129, 131, 133, 134, 135, 136, 138, 141, 142, 143, 144, 145,
    146, 147, 148, 149, 150, 151, 152, 154, 155, 156, 158, 159, 160, 161, 162, 163,
    165, 166, 167, 168, 171, 172, 173, 174, 175, 176,   7,   8,   9,  10,  18,  19,
     60,  64, 123, 124, 125, 126, 129, 130, 131, 132, 133, 134, 136, 137, 141, 142,
    143, 144, 145, 146, 147, 148, 149, 150, 151, 152, 153, 154, 155, 156, 157, 158,
    159, 160, 161, 162, 163, 165, 166, 167, 168, 171, 172, 173, 175, 184, 186,   7,
      9,  10,  36, 125, 126, 128, 129, 131, 133, 135, 137, 138, 141, 145, 148, 150,
    160, 162, 172, 174, 176, 180, 183, 184,   8,  60, 122, 123, 127, 128, 132, 134,
    135, 136, 138, 139, 142, 143, 146, 148, 152, 154, 155, 156, 158, 159, 160, 163,
    165, 170, 174, 175, 176, 123, 128, 134, 135, 174, 175, 176,   7,   9,  10,  36,
    122, 125, 126, 127, 128, 129, 130, 131, 133, 135, 137, 138, 139, 141, 142, 144,
    145, 147, 148, 149, 150, 151, 156, 157, 158, 160, 161, 162, 167, 168, 170, 172,
    173, 174, 176, 180, 183, 184,  36, 143, 145, 150, 155, 156, 158, 159, 169, 175,
    180, 183,   7,   9, 142, 145, 150, 156, 157, 162, 175, 184,  36, 155, 156, 158,
    162, 180, 183,   7,   8,   9,  10,  36,  60, 142, 145, 146, 147, 150, 152, 154,
    156, 162, 163, 165, 166, 173, 184,  36, 180, 183,  36, 143, 150, 156,  36, 142,
    143, 146, 152, 154, 155, 156, 158, 159, 163, 165, 171, 180, 183,   7,   9,  36,
    156, 180, 183, 184,  36, 156,   7,   9,  10,  36, 145, 147, 148, 150, 153, 156,
    157, 158, 160, 162, 173, 175, 180, 183, 184,  36, 146, 152, 154, 156, 157, 158,
    163, 165, 180, 183,   7,   9,  10,  36, 145, 147, 150, 156, 162, 173, 180, 183,
    184,   7,   9,  10,  36, 142, 143, 144, 145, 146, 147, 148, 149, 150, 151, 152,
    153, 154, 155, 156, 160, 161, 162, 163, 164, 165, 166, 167, 168, 173, 184,  36,
    143, 146, 147, 150, 152, 154, 163, 165, 173,  36, 146, 152, 154, 163, 165,   8,
     36,  60, 155, 156, 158, 159, 175, 180, 183,  36, 148, 155, 156, 160, 180, 183,
     36, 146, 152, 154, 156, 157, 158, 163, 165, 180, 183,  36,  36, 156, 156,   8,
     36,  60, 122, 127, 128, 133, 135, 138, 139, 170, 174, 176,   8,  36,  60,  64,
    122, 123, 127, 128, 134, 135, 136, 137, 138, 139, 141, 142, 143, 146, 152, 154,
    155, 156, 158, 159, 163, 165, 166, 170, 174, 175, 176, 180, 183, 186,  36, 142,
    143, 146, 152, 154, 155, 156, 158, 159, 163, 165, 171, 180, 183,   7,   8,   9,
     10,  18,  19,  23,  60,  64,  66, 112, 122, 123, 124, 125, 126, 127, 128, 129,
    130, 131, 132, 133, 134, 135, 136, 138, 139, 140, 141, 142, 143, 144, 145, 146,
    147, 148, 149, 150, 151, 152, 153, 154, 155, 156, 157, 158, 159, 160, 161, 162,
    163, 165, 166, 167, 168, 169, 170, 171, 172, 173, 174, 175, 176, 184, 186,   7,
      8,   9,  10,  36,  60, 142, 145, 146, 147, 150, 152, 154, 156, 162, 163, 165,
    166, 173, 184,  36, 142, 143, 146, 152, 154, 155, 156, 158, 159, 163, 165, 171,
    180, 183,   8,  36,  60,  64, 122, 123, 127, 128, 134, 135, 136, 137, 138, 139,
    141, 142, 143, 146, 152, 154, 155, 156, 158, 159, 163, 165, 166, 170, 174, 175,
    176, 180, 183, 186,   7,   8,   9,  10,  18,  19,  60,  64, 123, 124, 125, 126,
    129, 130, 131, 133, 134, 136, 141, 142, 143, 144, 145, 146, 147, 148, 149, 150,
    151, 152, 153, 154, 155, 156, 157, 158, 159, 160, 161, 162, 163, 165, 166, 167,
    168, 172, 173, 175, 184, 186,   7,   9,  10, 146, 150, 152, 154, 163, 165, 184,
     36, 122, 127, 128, 135, 138, 139, 170, 174, 176, 180, 183,   3,   7,   8,   9,
     10,  18,  19,  22,  23,  24,  25,  26,  27,  31,  33,  34,  38,  40,  41,  42,
     43,  47,  48,  49,  50,  51,  52,  53,  54,  55,  56,  57,  58,  59,  60,  64,
     66,  67,  70,  71,  72,  73,  74,  75,  76,  77,  78,  82,  83,  84,  85,  86,
     87,  89,  90,  91,  92,  93,  97, 100, 101, 102, 103, 104, 108, 109, 110, 111,
    112, 114, 115, 116, 119, 120, 177, 178, 184, 185, 186,   7,   8,   9,  10,  38,
     40,  41,  47,  48,  49,  50,  51,  60,  71,  72,  73,  74,  75,  76,  77,  78,
     82,  83,  84,  85,  89,  90,  91,  97, 100, 101, 102, 103, 104, 111, 114, 115,
    116, 119, 120, 184,   3,   7,   8,   9,  22,  23,  24,  25,  26,  27,  28,  31,
     32,  33,  34,  38,  40,  41,  42,  43,  45,  46,  47,  48,  49,  50,  51,  52,
     53,  54,  55,  56,  57,  58,  59,  60,  64,  66,  70,  71,  72,  73,  74,  75,
     76,  77,  78,  79,  80,  81,  82,  83,  84,  85,  86,  87,  89,  90,  91,  92,
     93,  94,  95,  96,  97,  98, 100, 101, 102, 103, 104, 107, 108, 109, 110, 111,
    112, 113, 114, 115, 116, 117, 118, 119, 120, 177, 178, 184, 185, 186,   3,   7,
      8,   9,  10,  18,  19,  22,  23,  24,  25,  26,  27,  28,  38,  40,  41,  42,
     43,  45,  46,  47,  48,  49,  50,  51,  52,  53,  54,  55,  56,  57,  58,  59,
     60,  63,  64,  66,  67,  71,  72,  73,  74,  75,  76,  77,  78,  79,  80,  81,
     82,  83,  84,  85,  86,  87,  89,  90,  91,  92,  93,  94,  95,  96,  97,  98,
    100, 101, 102, 103, 104, 108, 109, 110, 111, 112, 113, 114, 115, 116, 117, 118,
    119, 120, 178, 184, 185, 186,   7,   9,  14,  23,  24,  25,  26,  27,  38,  40,
     41,  42,  43,  44,  47,  48,  49,  50,  51,  52,  65,  66,  67,  71,  72,  73,
     74,  75,  76,  77,  78,  81,  82,  83,  84,  85,  88,  89,  90,  91,  92,  93,
     97,  99, 100, 101, 102, 103, 104, 111, 112, 114, 115, 116, 117, 119, 120, 123,
    124, 125, 126, 129, 130, 131, 133, 134, 136, 141, 142, 143, 144, 145, 146, 147,
    148, 149, 150, 151, 152, 154, 155, 160, 161, 162, 163, 165, 166, 167, 168, 172,
    173, 184, 188,   7,   9,  14,  15,  16,  23,  24,  25,  27,  28,  35,  38,  40,
     41,  42,  43,  44,  47,  48,  49,  50,  51,  52,  53,  54,  55,  56,  57,  65,
     66,  67,  71,  72,  73,  74,  75,  76,  77,  78,  82,  83,  84,  85,  86,  87,
     88,  89,  90,  91,  92,  93,  97,  99, 100, 101, 102, 103, 104, 108, 111, 112,
    114, 115, 116, 119, 120, 178, 184,  17,  21,  24,  27,  29,  30,  31,  32,  34,
     39,  40,  41,  49,  52,  53,  54,  55,  57,  69,  70,  76,  77,  78,  82,  84,
     85,  86,  87,  91, 105, 106, 107, 108, 111, 116, 119, 177, 178,   1,   5,   8,
     21,  36,  60, 179, 180, 182, 183,  12,  17,  46,  47,  48,  50,  52,  53,  54,
     55,  57,  83,  86,  87,  97,  98, 100, 101, 108, 120, 178,
};

static const int8_t literatamono_16_regularKernSparseValues[] = {
     -53,  -53,  -48,  -11,  -48,  -11,  -11,   -5,  -16,  -16,  -21,  -21,  -16,  -16,  -21,  -48,
     -48,   -5,   -5,   -5,   -5,   -5,  -16,  -16,  -16,  -16,  -16,  -16,   -5,   -5,  -16,  -21,
     -21,  -16,  -16,  -16,  -16,  -48,   -5,   -5,  -16,  -16,  -53,  -48,  -11,  -16,  -11,  -42,
     -37,  -48,   -5,  -11,  -48,   -5,  -16,  -16,  -37,  -48,  -53,  -53,  -21,  -21,  -21,  -53,
     -53,  -21,  -21,  -21,  -21,  -21,  -21,  -21,  -21,  -53,  -21,  -21,  -53,  -53,  -21,  -32,
     -16,  -16,  -16,  -53,  -16,  -53,  -42,  -53,   -5,   -5,   -5,  -21,  -21,  -48,  -42,  -48,
     -42,  -16,  -53,   -5,   -5,   -5,   -5,   -5,   -5,  -21,  -48,   -5,  -53,  -53,  -42,  -42,
      -5,   -5,   -5,  -23,  -18,  -23,  -41,  -18,  -41,  -21,  -43,  -45,  -16,  -11,  -11,  -11,
     -11,  -26,  -30,  -34,  -25,  -11,  -11,  -11,  -23, -102,  -34, -102,  -53,  -48,  -53,  -53,
     -53,  -53,  -53,  -21,  -32,  -32,  -16,  -11,  -16,  -37,  -26,  -21,  -26,  -42,  -21,  -11,
      -5,  -11,  -16,  -16,  -42,  -11,  -37,  -37,  -21,   -5,  -16,  -11,  -11,  -53,  -16,  -16,
     -11,  -26,  -16,  -21,  -11,  -11,  -11,  -16,  -16,  -42,  -11,  -16,  -53,  -53, -106,  -11,
     -53,  -48,  -53,  -21,  -32,  -21,  -16,  -42,  -37,  -37,  -42,   -5,  -37,  -37,  -16,  -11,
     -21,  -21,  -11,  -21,  -21,  -53,  -53,  -42,  -42,  -42,  -42,  -42,  -37,  -37,  -37,   -5,
      -5,   -5,  -37,  -37,  -37,  -11,  -21,  -42,  -42,  -37,  -42,  -42,   -5,   -5,   -5,  -37,
     -37,  -37,  -21,  -21,  -21,  -37,  -53,   -5,  -42,  -42,  -37,   -5,   -5,  -37,  -18,  -14,
     -52,  -32,  -59,  -14,  -48,  -21,  -18,  -16,  -32,  -39,  -23,  -32,  -39,  -50,  -27,  -27,
     -32,  -41,  -32,  -50,  -25,  -50,  -32,  -20,  -18,  -18,  -27,  -27,  -32,  -39,  -32,  -50,
     -36,  -32,  -32,  -48,  -43,  -21,  -53,  -53,   -5,   -8,  -16,  -32,  -21,  -16,  -11,  -21,
     -21,  -21,  -21,   -5,  -11,  -16,  -16,   -3,   -3,  -16,  -11,  -11,  -11,  -21,  -18,  -11,
     -21,  -16,  -21,  -16,   -5,   -3,   -8,  -53,  -32,  -53,  -53,   -5,  -37,  -13,  -11,  -11,
     -32,  -32,  -42,  -53,  -32,   -8,   -5,   -5,   -5,  -11,   -5,  -21,  -21,  -21,  -21,  -26,
     -21,  -42,  -26,  -42,  -16,  -37,   -5,  -16,   -6,  -16,  -21,  -42,   -5,  -16,  -26,  -26,
     -26,   -6,  -42,  -16,  -48,  -53,  -16,  -32,  -11,  -11,  -53,  -34,  -58,  -48,  -58,  -53,
     -11,   -3,   -3,  -11,  -11,   -3,  -21,  -24,  -21,  -48,  -37,  -48,  -13,  -16,  -21,  -34,
     -58,   -3,   -3,   -3,   -3,  -11,   -3,   -3,  -21,  -48,   -3,  -11,  -11,  -11,  -53,  -53,
     -48,  -37,   -3,   -3,   -3,  -11,  -58,  -48,  -58,  -53,  -58,  -53,  -13,   -8,   -5,  -11,
      -5,  -16,  -11,  -18,   -5,  -11,  -11,  -11,  -11,   -8,   -5,  -18,  -11,  -11,  -11,  -11,
     -11,   -8,  -18,  -11,  -11,   -5,   -5,   -5,  -13,  -11,   -7,  -11,   -5,   -5,   -5,   -3,
      -5,   -5,   -5,   -8,   -8,   -5,   -8,  -11,  -16,  -11,   -5,   -5,   -5,   -5,   -5,   -8,
      -8,   -5,   -5,   -5,   -5,   -5,   -5,   -5,  -13,  -13,   -7,   -5,  -11,   -5,   -5,  -11,
      -8,  -11,  -16,  -16,   -5,  -42,  -14,  -24,  -26,  -18,  -11,  -14,  -26,  -11,  -21,   -5,
      -5,   -3,   -5,  -42,  -42,  -26,   -5,  -26,  -26,  -11,  -42,  -26,   -5,   -5,  -21,   -5,
     -21,  -16,  -16,  -11,   -5,  -11,   -5,   -3,   -8,   -5,  -13,   -8,  -13,  -11,  -11,   -5,
     -13,   -3,   -3,  -16,  -16,   -8,  -11,  -13,   -5,  -16,   -5,  -16,  -16,  -48,  -21,  -48,
     -42,  -27,  -48,   -5,  -55,   -5,   -5,   -8,   -3,   -5,  -21,  -21,  -21,  -26,  -11,   -3,
      -5,  -11,  -11,  -21,  -11,  -21,   -5,  -11,   -5,   -3,   -3,   -5,  -11,  -21,  -21,  -48,
     -58,   -3,  -21,  -21,  -21,  -21,  -21,  -21,  -21,  -21,   -3,    5,    5,  -21,  -11,  -21,
     -21,  -11,   -5,  -11,  -21,  -21,  -21,  -26,  -26,   -3,   -3,   -3,  -11,    5,  -11,  -11,
     -11,  -21,  -21,  -21,   -3,  -11,  -11,  -21,  -48,   -3,  -21,  -21,  -21,   -3,   -3,  -21,
     -11,   -5,  -48,  -21,  -11,  -11,  -11,   -8,  -21,  -21,  -13,   -3,  -21,   -5,   -8,   -8,
     -32,  -21,   -8,  -21,  -21,  -13,  -21,   -8,   -5,   -5,   -5,   -5,   -3,   -5,  -11,  -11,
     -21,  -11,  -21,   -5,   -5,   -5,   -5,   -5,   -5,  -11,  -21,   -5,   -3,  -11,   -5,   -5,
      -5,  -21,  -11,  -32,  -32,  -22,  -37,  -32,  -11,  -21,  -21,  -21,  -13,  -18,   -3,  -13,
     -13,  -21,  -13,  -21,  -11,  -16,  -13,   -8,  -16,  -13,  -13,  -11,  -11,  -37,  -37,  -21,
     -21,  -21,  -21,  -21,  -21,  -21,  -21,   -3,   -3,   -3,  -21,  -13,  -21,  -21,  -16,  -13,
     -21,  -21,  -21,  -18,  -18,   -3,   -3,   -3,  -13,  -13,  -13,  -21,  -21,  -21,   -8,  -13,
     -13,  -21,  -37,   -3,  -21,  -21,  -21,   -3,   -3,  -21,  -13,  -13,  -32,  -11,  -32,  -16,
     -21,  -21,  -13,  -13,  -11,   -5,  -11,   -8,   -5,  -11,  -11,  -11,   -5,  -21,  -24,  -48,
     -37,  -48,  -11,  -32,  -32,  -13,  -11,   -8,   -8,   -8,   -8,   -8,  -11,  -11,  -11,   16,
      16,  -11,  -11,  -11,  -24,  -48,   -8,   -8,  -11,   16,  -13,  -13,   -5,  -37,  -11,   -8,
      -8,  -11,  -11,  -11,  -48,  -16,  -11,  -16,  -11,  -11,  -79,  -53,  -26,   -8,   -5,  -18,
      -8,   -5,  -63,  -26,  -53,  -48,  -58,  -11,  -48,   -8,  -11,   -3,  -16,  -11,  -34,  -26,
     -34,  -11,  -26,  -63,  -11,  -34,  -21,  -11,  -63,  -82,  -53,  -26,  -58,  -34,  -84,  -79,
     -84,  -79,  -11,  -16,  -11,  -16,  -26,  -14,  -32,  -26,  -16,   -3,  -29,  -11,  -21,  -21,
     -13,   -8,  -13,   -5,  -16,  -13,  -13,  -21,  -13,  -24,  -48,  -53,  -79,  -50,  -79,   -5,
     -17,  -16,  -29,  -29,  -29,  -29,  -29,  -21,  -21,  -21,   -5,   -5,   -5,  -21,  -13,  -21,
     -21,  -45,  -79,  -18,  -29,  -29,  -21,   -8,   -8,   -5,   -5,   -5,  -13,  -16,  -13,  -13,
     -13,  -24,  -24,  -24,  -26,  -26,  -26,  -50,   -5,   -5,  -21,   -5,  -29,  -29,  -21,   -5,
      -5,  -21,  -13,  -16,  -79,  -21,  -21,  -11,  -11,  -11,  -11,  -11,  -16,  -26,   -5,  -21,
      -8,   -5,   -3,  -26,  -26,  -26,  -21,  -24,   -5,  -16,   -5,  -13,  -13,  -26,  -13,  -18,
     -11,  -21,  -29,  -26,  -18,  -29,  -16,  -26,  -21,  -26,  -26,  -26,  -26,  -26,  -26,  -26,
     -26,  -16,  -17,  -11,  -26,  -13,  -26,  -26,  -21,  -29,   -5,  -26,  -26,  -26,  -24,  -24,
     -16,  -16,  -16,  -13,   -5,   -5,  -13,  -13,  -18,  -18,  -18,  -26,  -16,  -16,  -26,  -26,
     -16,  -26,  -26,  -26,  -16,  -16,  -26,  -13,  -29,  -11,  -11,   48,  -16,  -37,   -5,  -11,
     -42,  -14,  -21,  -26,  -16,  -11,  -14,  -26,   -8,  -21,   32,   -5,   -5,   -5,  -42,  -48,
     -26,   -5,   -5,   -5,  -11,  -26,  -11,  -16,  -26,   -5,   -5,  -21,   24,   -5,  -21,  -16,
     -37,  -37,  -16,  -32,  -48,   -3,  -32,  -74,   -3,  -32,   -3,  -37,  -11,   95,    8,    8,
      63,  -11,  -42,  -14,  -21,  -26,  -16,  -11,  -14,  -26,   -8,  -21,   32,   -5,   -5,   -5,
     -42,  -48,  -26,   -5,    5,   -5,  -11,  -26,  -11,  -16,  -26,   -5,   -5,  -21,   24,   -5,
     -21,    8,  -21,  -32,  -26,  -16,  -18,  -18,   -5,  -42,  -32,  -48,  -37,  -50,  -48,   -8,
     -21,  -16,  -16,   -5,  -16,   -5,   -5,  -16,  -18,   -5,  -26,  -24,  -40,  -32,  -40,   -2,
     -11,  -26,  -32,  -32,  -50,   -8,   -8,   -8,   -8,   -8,  -16,  -16,  -16,  -16,   -5,  -16,
     -16,  -24,  -40,   -5,   -8,   -8,  -16,   -5,  -16,   -5,   -5,   -5,   -5,   -5,   -5,  -42,
     -42,  -37,  -32,   -2,   -2,  -16,   -8,   -8,  -16,  -16,   -5,  -50,  -40,  -32,  -32,  -32,
     -32,  -11,  -11,   -3,  -11,  -11,   -5,   -8,   -5,   -3,   -5,   -5,   -5,  -11,   -5,   -3,
     -11,  -11,  -11,   -8,   -5,   -5,   -5,   -5,   -5,   -5,  -11,   -5,   -5,  -11,  -11,   -5,
     -11,   -5,   -5,   -8,  -11,  -26,  -53,  -37,  -53,  -42,  -11,  -11,  -32,  -53,   -5,  -53,
     -18,   -5,  -11,   -5,  -37,  -37,  -37,  -11,  -37,   -5,   -5,  -13,  -13,  -37,  -13,  -26,
     -11,  -11,   -5,   -5,  -11,  -26,  -37,  -21,  -53,  -53,  -37,  -37,  -37,  -61,  -37,  -37,
     -37,  -37,   -5,    5,   11,  -37,  -13,  -37,  -37,  -11,   -5,   -5,  -37,  -37,  -37,  -37,
     -37,   -5,   -5,   -5,  -13,    5,   -5,  -13,  -13,  -26,  -26,  -26,  -11,  -11,  -37,  -53,
      -5,  -37,  -37,  -37,   -5,   -5,  -37,  -13,   -5,  -53,  -26,  -11,  -21,  -21,  -26,  -16,
     -40,  -32,  -16,   -5,   -5,  -21,  -21,  -21,  -21,  -18,   -5,   -5,  -11,  -11,  -21,  -11,
     -21,  -21,  -16,  -26,  -21,  -16,  -26,  -16,  -40,  -40,  -21,  -21,  -21,  -21,  -21,  -21,
     -21,  -21,   -5,   -5,   -5,  -21,  -11,  -21,  -21,  -16,  -26,  -21,  -21,  -21,  -18,  -18,
      -5,   -5,   -5,  -11,   -5,  -11,  -11,  -21,  -21,  -21,  -21,  -16,  -16,  -21,  -40,   -5,
     -21,  -21,  -21,   -5,   -5,  -21,  -11,  -26,  -21,  -26,  -53,  -26,  -53,  -48,  -16,  -16,
     -48,  -66,  -16,  -58,  -24,  -16,  -16,   -5,  -84,  -53,  -53,  -32,  -42,   -8,   -5,  -42,
     -42,  -53,  -42,  -50,  -26,  -42,  -29,  -29,  -32,  -29,  -37,  -26,  -26,  -24,  -16,  -66,
    -128,  -84,  -74,  -79,  -74,  -84,  -53,  -53,  -71,   -8,   19,   13,  -53,  -42,  -53,  -79,
     -42,  -29,  -84,  -70,  -90,  -42,  -75,    8,   29,    3,  -42,  -42,  -42,  -50,  -50,  -73,
     -29,  -37,  -63,  -53,  -66,  -11,  -84,  -84,  -84,   -3,  -92,  -74,  -29,  -53,  -26,  -16,
     -21,  -42,  -21,  -42,  -37,   -5,   -5,  -37,  -58,  -11,  -53,  -18,  -11,  -11,  -37,  -48,
     -48,  -26,  -42,  -11,  -26,  -26,  -48,  -26,  -38,  -21,  -21,  -21,  -16,  -16,  -21,  -26,
     -21,  -21,  -11,   -5,  -58,  -58,  -37,  -58,  -48,  -37,  -37,  -48,  -84,  -69,  -18,  -16,
      11,  -48,  -26,  -48,  -79,  -21,  -21,  -37,  -53,  -48,  -42,  -42,    5,    3,   -3,  -26,
       5,  -26,  -26,  -38,  -38,  -38,  -16,  -26,  -26,  -48,  -58,  -16,  -37,  -37,  -48,  -11,
      -8,  -48,  -26,  -21,  -42,  -21,   -5,  -26,  -14,  -14,   -8,   -5,   -5,   -5,  -16,  -16,
     -37,  -29,  -37,  -11,  -26,  -21,   -5,   -5,   -5,   -5,   -5,   -5,  -16,  -37,   -5,   -8,
      -8,  -29,   -5,   -5,   -5,  -37,  -11,  -26,  -53,  -42,  -53,  -53,  -21,  -21,  -48,  -58,
     -26,  -58,  -16,  -26,  -21,  -53,  -50,  -50,  -32,  -53,  -11,   -5,  -37,  -37,  -50,  -37,
     -42,  -21,  -42,  -37,  -26,  -32,  -37,  -42,  -37,  -42,  -32,  -16,  -58,  -58,  -53,  -79,
     -79,  -74,  -53,  -50,  -95,  -78,  -11,   16,  -50,  -37,  -90,  -84,  -42,  -37,  -79,  -84,
     -50,  -53,  -53,    5,   -5,  -37,   11,  -37,  -37,  -42,  -69,  -74,  -26,  -42,  -42,  -50,
     -58,  -11,  -53,  -82,  -79,   26,   -5,  -50,  -37,  -37,  -53,  -37,  -16,   -5,   -5,   -5,
     -11,   -4,  -11,   -5,  -21,  -21,  -21,   -4,   -5,  -21,  -11,  -11,  -21,  -21,    8,   11,
      11,   11,    8,    8,   11,  -21,  -16,  -16,  -48,  -32,  -48,  -37,  -48, -106,  -16,  -21,
     -11,  -21,  -32,  -48,  -16,  -21,  -48,  -48,  -37,  -11,  -30,  -12,  -30,  -32,  -12,  -39,
     -18,  -39,  -25,  -14,  -16,  -23,  -14,  -30,  -32,  -18,  -32,  -48,  -21,  -21,  -37,  -16,
     -39,  -42,  -16,   -3,   -6,   -8,   -5,   -5,   -3,  -11,  -11,  -16,  -13,  -40,  -34,  -48,
      -3,   -3,   -3,   -3,   -5,   -3,   -3,  -13,  -48,   -3,   -5,   -8,   -5,   -5,  -11,  -11,
     -11,  -39,  -39,  -38,   -3,   -3,   -3,   -5,  -48,  -40,  -21,  -40,  -21,  -16,  -21,   -5,
      -5,  -13,  -26,  -32,  -16,   -8,   -5,   -5,  -11,   -8,   -8,   -3,  -18,   -5,   -8,  -18,
      -3,   -5,   -3,  -18,   -8,   -5,   -8,   -5,   -5,   -8,   -8,   -8,  -26,  -26,   -5,   -3,
      -3,   -5,  -11,  -21,  -16,  -21,  -16,   -5,  -21,   -3,   -3,   -4,   -3,   -3,   -3,   -3,
      -3,   -3,   -3,   -4,   -3,   -4,   -3,   -3,   -3,   -5,   -5,  -11,   -5,   -5,  -16,   -3,
      -3,   -5,   -5,   -5,   -8,  -17,   -8,  -17,   -5,   -5,   -5,   -5,   -3,   -5,   -5,   -8,
     -17,   -5,   -3,  -16,   -3,   -3,   -8,   -5,   -5,   -5,   -3,  -17,  -25,  -25,  -16,  -21,
      -5,   -5,  -13,  -26,  -32,  -16,   -8,   -5,   -5,  -11,   -8,   -8,   -3,  -18,   -5,   -1,
     -18,   -3,   -5,   -3,  -18,   -8,   -5,   -8,   -5,   -5,   -8,   -8,   -8,  -26,  -26,   -5,
      -3,   -3,   -5,  -18,  -21,  -16,  -21,  -16,   -5,   21,   74,   76,   48,   16,   48,   32,
     -11,  -11,  -11,  -11,  -11,  -11,  -11,  -11,  -11,    7,  -11,  -11,  -11,  -11,  -11,  -11,
      -6,  -11,  -11,  -11,  -11,  -11,  -11,  -11,  -11,  -11,  -11,  -11,   48,   74,   63,   74,
     -11,  -16,   -5,   -8,  -11,  -11,   -5,  -11,  -10,   -5,   -5,   -5,   -5,   -5,  -11,  -11,
     -11,  -11,  -11,  -11,   -5,   -5,   -5,  -11,   -5,  -10,  -10,  -10,  -11,   -5,   -5,  -11,
     -11,  -21,  -37,  -16,  -39,  -42,  -16,   -3,   -3,   -8,   -5,   -5,   -3,  -11,   -5,  -16,
     -13,  -40,  -34,  -48,   -3,   -3,   -3,   -3,   -5,   -3,   -3,  -13,  -48,   -3,   -5,   -8,
      -5,   -5,   -5,   -5,   -5,  -39,  -39,  -38,   -3,   -3,   -3,   -5,  -18,  -40,  -21,  -40,
     -21,  -16,  -21,  -11,  -32,  -16,  -21,  -21,  -32,  -21,  -11,  -15,  -16,  -12,  -16,  -16,
     -32,  -16,  -32,  -32,  -21,  -12,  -32,  -16,  -26,  -26,  -37,  -26,  -11,   -8,   -3,  -11,
     -11,   -5,  -11,   -5,  -11,   -8,   -8,   -8,   -8,   -8,   -5,  -11,  -11,   -8,   -8,  -11,
      -5,   -8,   -8,  -11,  -11,  -11,   -5,   -5,  -11,  -16,   -5,   -5,   -3,   -3,   -5,   -3,
      -3,   -5,   -3,   -8,   -3,  -11,  -11,   -5,   -5,   -5,   -5,   -3,   -5,   -5,   -5,   -3,
      -5,   -3,   -3,   -3,   -8,   -5,   -5,   -5,   -3,   -3,  -16,  -43,  -16,  -43,  -11,  -16,
     -21,   -5,   -5,  -13,  -26,  -32,  -16,   -8,   -5,   -5,  -11,   -8,   -8,   -3,  -18,   -5,
     -11,  -18,   -3,   -5,   -3,  -18,   -8,   -5,   -8,   -5,   -5,   -8,   -8,   -8,  -26,  -26,
      -5,   -3,   -3,   -5,  -11,  -21,  -16,  -21,  -16,   -5,  -42,  -11,   -6,  -22,  -11,  -16,
     -11,  -11,   -7,  -11,  -11,  -16,  -16,  -21,  -13,  -21,  -11,  -11,  -11,  -11,  -11,  -11,
     -11,  -11,  -11,  -11,  -11,  -16,  -21,   -7,  -11,  -11,  -11,   -7,  -11,  -11,  -11,  -13,
     -11,  -11,  -11,  -11,  -11,  -21,  -21,  -21,  -26,  -26,  -16,   -6,  -21,  -11,   -5,   -5,
     -11,   -5,   -5,   -5,   -5,   -5,   -5,   -5,  -11,   -5,  -11,   -5,   -5,   -5,  -26,  -16,
     -11,   -5,   -3,   -5,   -5,   -3,   -3,   -5,   -3,   -3,   -5,  -11,   -5,  -11,   -5,  -11,
      -5,   -3,   -3,  -11,  -11,   -3,  -11,  -11,   -5,   -3,  -11,   -6,   -3,   -1,  -16,   11,
      -5,   -5,   -5,   -5,   -5,   -3,   -3,   -3,   -3,  -11,   -3,   -3,   -5,   -3,   -5,   -5,
      -3,  -11,  -11,  -11,  -11,  -11,  -11,  -11,   -1,   -1,   -3,   -5,   -5,   -3,   -3,  -11,
      -3,   -5,   -5,  -16,   11,  -16,  -48,  -11,  -48,  -21,  -18,  -11,   -8,  -11,  -13,  -24,
     -11,  -16,  -13,  -13,  -11,  -11,   -8,   -8,   -8,   -8,   -8,  -13,  -13,  -13,  -13,  -13,
     -13,  -16,   -8,   -8,  -13,  -11,  -11,  -16,  -13,  -13,  -13,  -13,   -8,   -8,  -13,  -13,
     -48,  -11,  -11,  -42,   -5,  -42,  -11,  -16,  -11,   -5,   -8,   -8,   -5,  -11,   -8,   -3,
      -5,   -5,   -5,   -5,   -5,   -5,   -5,   -8,   -8,   -8,   -8,   -8,   -8,  -11,   -5,   -5,
      -8,   -5,   -5,  -11,   -3,   -3,   -3,   -8,   -5,   -5,   -8,   -8,  -42,   -5,  -21,   -5,
      -8,   -8,   -8,   -5,  -16,   -8,   -8,   -8,   -8,   -8,   -8,   -8,   -8,   -8,   -8,  -16,
      -3,    4,   -5,   -5,  -21,  -11,  -24,  -16,  -32,  -11,  -32,  -21,  -21,  -16,  -32,  -11,
     -11,  -16,   -5,  -16,  -16,   -5,   -5,  -11,  -11,  -37,  -11,  -11,  -21,  -16,  -21,  -11,
     -37,  -37,  -16,  -21,  -11,  -11,  -11,  -21,  -11,  -24,  -33,  -24,  -33,  -11,  -21,  -16,
     -21,  -24,  -11,  -21,  -32,  -21,  -21,  -32,  -21,  -21,  -11,  -21,  -32,  -32,  -32,  -13,
     -26,  -26,  -16,  -11,  -32,   -5,  -11,   -5,  -16,  -11,  -13,  -32,  -11,  -26,  -26,  -16,
      -5,  -13,  -32,  -11,  -32,  -11,  -11,  -32,  -24,  -42,  -21,  -42,  -11,  -13,  -13,  -13,
     -21,  -21,  -32,  -32,  -32,  -24,  -42,  -13,  -13,  -13,  -13,  -13,  -13,  -21,  -32,  -13,
     -32,  -32,  -21,  -32,  -13,  -13,  -13,  -42,  -32,  -42,  -42,  -11,   48,  -16,  -37,   -5,
     -11,  -42,  -14,  -21,  -26,  -16,  -11,  -14,  -26,   -8,  -21,   32,   -5,   -5,   -5,  -42,
     -42,  -26,   -5,   -5,   -5,  -26,  -26,  -11,  -42,  -26,   -5,   -5,  -21,   24,   -5,  -21,
     -16,  -16,  -32,  -40,  -16,  -21,  -26,  -11,  -21,  -21,  -26,  -16,  -40,  -32,  -21,   -5,
      -5,  -21,  -21,  -21,  -21,  -18,   -5,   -5,  -11,  -11,  -21,  -11,  -21,  -21,  -16,  -26,
     -21,  -16,  -26,  -16,  -40,  -40,  -21,  -21,  -21,  -21,  -21,  -21,  -21,  -21,   -5,   -5,
      -5,  -21,  -11,  -21,  -21,  -16,  -26,  -21,  -21,  -21,  -18,  -18,   -5,   -5,   -5,  -11,
      -5,  -11,  -11,  -21,  -21,  -21,  -21,  -16,  -16,  -21,  -40,   -5,  -21,  -21,  -21,   -5,
      -5,  -21,  -11,  -26,  -21,  -26,  -53,  -42,  -53,  -53,  -21,  -21,  -48,  -58,  -26,  -58,
     -16,  -26,  -21,  -53,  -50,  -50,  -32,  -53,  -11,   -5,  -37,  -37,  -50,  -37,  -42,  -21,
     -42,  -37,  -26,  -32,  -37,  -42,  -37,  -42,  -32,  -16,  -58,  -58,  -53,  -79,  -79,  -63,
     -53,  -50,  -95,  -78,  -11,    5,   21,  -50,  -37,  -90,  -84,  -42,  -37,  -79,  -84,  -50,
     -53,  -53,    5,   11,   -5,  -37,   11,  -37,  -37,  -42,  -69,  -74,  -26,  -42,  -42,  -50,
     -58,  -11,  -53,  -82,  -79,   26,   -5,  -50,  -37,  -37,  -53,  -37,  -16,  -32,   37,  -21,
      37,  -11,  -37,  -11,    3,    3,  -32,  -32,  -42,    3,    3,  -32,  -42,  -21,  -21,  -11,
     -11,   -5,  -32,  -16,   -5,  -32,   -5,  -32,  -11,  -16,  -32,  -21,  -37,  -16,  -39,  -42,
     -16,   -3,   -3,   -8,   -5,   -5,   -3,  -11,   -5,  -16,  -13,  -42,  -38,  -48,   -3,   -3,
      -3,   -3,   -5,   -3,   -3,  -13,  -48,   -3,   -5,   -8,   -5,   -5,   -5,   -5,   -5,  -39,
     -39,  -38,   -3,   -3,   -3,   -5,  -48,  -40,  -21,  -40,  -21,  -21,  -37,  -16,  -39,  -42,
     -16,   -3,   -3,   -8,   -5,   -5,   -3,  -11,   -5,  -16,  -13,  -40,  -38,  -48,   -3,   -3,
      -3,   -3,   -5,   -3,   -3,  -13,  -48,   -3,   -5,   -8,   -5,   -5,   -5,   -5,   -5,  -39,
     -39,  -38,   -3,   -3,   -3,   -5,  -48,  -40,  -21,  -40,  -21,  -16,  -21,   -5,   -5,  -13,
     -26,  -32,  -16,   -8,   -5,   -5,  -11,   -8,   -8,   -3,  -18,   -5,   -3,  -18,   -3,   -5,
      -3,  -18,   -8,   -5,   -8,   -5,   -5,   -8,   -8,   -8,  -26,  -26,   -5,   -3,   -3,   -5,
     -11,  -21,  -16,  -21,  -16,   -5,  -16,  -21,  -11,  -32,  -16,  -21,  -21,  -32,  -21,  -11,
     -15,  -16,  -12,  -16,  -16,  -32,  -16,  -32,  -32,  -21,  -12,  -32,  -16,  -37,  -26,  -37,
     -26,  -11,  -16,  -16,   -5,  -16,  -14,  -24,  -26,  -18,  -11,   -8,  -26,  -11,  -21,   -5,
      -5,   -3,   -5,  -42,  -48,  -26,   -5,  -26,  -26,  -11,  -16,  -26,   -5,   -5,  -21,   -5,
     -21,  -16,  -34, -105,  -76,  -76,  -42,  -76,  -76,  -34,  -11,  -42,  -42,  -42,  -42,  -16,
     -45,  -79,  -42,  -79,  -42,  -32,  -76,  -83,  -42,  -34,  -83,  -37,  -76, -105,  -34,  -76,
     -89,  -89,  -42,  -89,  -42,  -42,  -42,  -42,  -42,  -97,  -42,  -42,  -83,  -82,  -42,  -89,
     -42,  -42,  -42,  -45,  -16,  -97,  -45,  -42,  -42,  -42,  -70,  -37,  -37, -105,  -89,  -42,
     -42,  -42,  -45,  -82,  -32,  -43,  -32,  -29,  -42,  -76,  -65, -111,  -53,  -26,   -8,   -5,
     -18,   -8,   -5,  -82,  -26,  -58,  -53,  -63,  -11,  -48,   -8,  -11,   -3,  -16,  -11,  -34,
     -26,  -34,  -11,  -26,  -63,  -11,  -34,  -21,  -11,  -82,  -82,  -53,  -26,  -63,  -34, -106,
     -95, -106,  -95,  -30,  -98,  -72,  -72,  -42,  -72,  -72,  -30,  -11,  -72,  -72,  -72,  -72,
     -16,  -74,  -74,  -72,  -74,  -42,  -32,  -77,  -81,  -35,  -19,  -73,  -37,  -42,  -98,  -30,
     -61,  -92,  -92,  -92,  -92,  -92,  -98,  -98,  -98,  -98,  -90,  -98,  -98,  -82,  -82,  -92,
     -92,  -98,  -98,  -98,  -90,  -16,  -90,  -90,  -98,  -98,  -98,  -71,  -71,  -71,  -98,  -92,
     -92,  -98,  -98,  -90,  -82,  -32,  -39,  -32,  -27,  -98,  -72,  -56,  -11,  -11,  -11,  -16,
      -3,   -3,   -8,   -5,   -5,   -8,  -17,   -8,  -17,  -11,  -11,  -11,  -11,   -3,  -11,  -11,
      -8,  -17,  -11,   -3,  -16,   -3,   -3,   -8,  -11,  -11,  -11,   -3,  -17,  -25,  -25,  -26,
     -53,  -37,  -53,  -42,  -11,  -11,  -32,  -53,   -5,  -53,  -18,   -5,  -11,   -5,  -37,  -37,
     -37,  -11,  -37,   -5,   -5,  -13,  -13,  -37,  -13,  -26,  -11,  -11,   -5,   -5,  -11,  -26,
     -37,  -21,  -53,  -53,  -37,  -37,  -37,  -61,  -37,  -37,  -37,  -37,   -5,    5,    3,  -37,
     -13,  -37,  -37,  -11,   -5,   -5,  -37,  -37,  -37,  -37,  -37,   -5,   -5,   -5,  -13,    5,
      -5,  -13,  -13,  -26,  -26,  -26,  -11,  -11,  -37,  -53,   -5,  -37,  -37,  -37,   -5,   -5,
     -37,  -13,   -5,  -53,  -26,  -11,  -11,  -11,  -11,  -11,  -11,  -11,  -11,   -5,   -3,   -3,
     -11,  -11,   -3,  -11,  -11,   -5,   -3,  -11,   -6,   -3,   -1,  -27,  -11,  -11,   -1,   -5,
      -5,   -5,   -5,   -5,   -3,   -3,   -3,  -16,  -11,   -3,   -3,   -5,   -3,   -5,   -5,   -3,
     -11,  -22,  -22,  -11,  -11,  -11,  -22,   -1,   -1,  -16,  -16,   -5,   -3,   -3,  -11,   -3,
     -11,  -11,  -11,  -27,   -1,  -21,  -42,  -21,  -42,  -37,   -5,   -5,  -37,  -58,  -11,  -53,
     -16,  -11,  -11,  -37,  -48,  -48,  -26,  -42,  -11,  -26,  -26,  -48,  -26,  -38,  -21,  -21,
     -21,  -16,  -16,  -21,  -26,  -21,  -21,  -11,   -5,  -58,  -58,  -37,  -58,  -48,  -37,  -37,
     -48,  -84,  -69,  -18,   11,   32,  -48,  -26,  -48,  -79,  -21,  -21,  -37,  -53,  -48,  -42,
     -42,   22,    5,   -3,  -26,   21,  -26,  -26,  -38,  -38,  -38,  -16,  -26,  -26,  -48,  -58,
     -16,  -37,  -37,  -48,  -11,   -8,  -48,  -26,  -21,  -42,  -21,   -5,  -11,  -61,  -21,  -61,
     -37,  -21,  -21,  -21,  -45,  -21,  -42,  -21,  -21,    5,   11,    5,  -21,  -32,  -32,  -16,
     -29,  -18,  -18,  -32,  -18,  -29,  -16,  -16,  -16,  -11,  -11,  -16,  -21,  -34,  -21,  -16,
     -45,  -63,    5,  -21,  -21,  -21,  -21,  -21,  -32,  -32,  -32,  -32,  -18,  -32,  -32,  -16,
     -16,  -21,  -21,  -32,  -29,  -29,  -18,  -18,  -18,  -29,  -29,  -29,  -11,  -21,  -21,  -32,
     -45,  -21,  -21,  -32,  -32,  -18,    5,  -16,  -61,  -34,  -16,  -34,  -13,  -34,  -21,   -8,
     -11,  -11,   -5,   -5,  -11,  -11,   -8,  -13,   -8,   -8,   -8,   -8,   -8,  -11,  -11,  -11,
     -11,   -5,  -11,  -11,   -8,   -8,  -11,   -5,   -5,   -5,   -8,   -8,   -8,  -11,   -8,   -8,
     -11,  -11,   -5,  -34,  -21,  -74,  -34,  -74,  -32,  -66,  -11,  -53,  -21,  -11,   -5,   11,
      11,   11,   11,  -48,  -53,  -53,  -24,  -53,   -8,   -3,  -37,  -37,  -53,  -37,  -48,  -21,
     -26,  -24,  -16,  -21,  -24,  -32,  -58,  -34,  -21,  -66,   11,  -48,  -48,  -48,  -48,  -48,
     -53,  -53,  -53,   -8,   -8,   -8,  -53,  -37,  -53,  -53,  -26,  -24,  -48,  -48,  -53,  -53,
     -53,   -8,   -8,   -8,  -37,   -3,  -37,  -37,  -48,  -48,  -48,   11,  -16,  -32,  -32,  -53,
     -66,   -8,  -48,  -48,  -53,   -8,   -8,  -53,  -37,   11,  -24,  -74,  -58,  -21,  -11,  -42,
     -21,  -42,  -11,  -11,  -11,  -18,  -16,  -16,  -16,  -11,  -21,  -21,  -16,  -16,  -16,  -16,
     -16,  -16,  -16,  -11,  -11,  -11,  -16,  -16,  -16,  -42,  -21,  -10,  -11,   -5,  -11,  -21,
     -11,  -27,  -26,  -26,  -21,   -5,   -5,   -5,  -21,  -11,   -5,   -5,   -5,  -26,  -26,  -36,
     -36, -121,  -53,  -58,  -50,  -16,  -26,  -26,  -53,  -11,  -26,  -26,    5,  -32,   -5,  -53,
     -26,    5,   13,  -48,  -16,  -11,   -8,  -11,  -11,  -11,   -8,   16,   -1,   -5,  -16,  -32,
     -26,  -53,  -32,  -84,  -21,  -32,  -53,  -53,  -53,  -37,  -16,  -95,  -21,  -21,  -11,  -16,
     -26,  -32,  -53,  -48,  -66,  -37,  -26,  -53,  -53,  -16,   21,  -11,  -53,  -21,   13,  -16,
      13,  -58,  -11,  -21,  -11,  -16,   -2,  -11,  -36,  -36,  -16,  -37,  -11,   -5,  -16,   -5,
     -36,   16,  -45,   16,  -16,  -16,  -32,   -5,  -26,  -24,  -42,  -16,  -32,  -32,  -50,  -37,
     -32,  -32,  -37,  -37,  -56,  -56,  -16,  -54,  -16,   -5,  -15,  -14,  -15,  -29,  -14,  -11,
      -5,   11,  -32,  -15,    5,   -3,   -5,   -5,   -5,   -5,  -16,  -11,  -16,  -16,   -5,   -5,
      -3,  -15,  -29,  -11,  -29,  -52,  -52,   -5, -128,  -21,  -75,  -61,  -21,  -21,  -21,  -42,
     -11,  -11,  -53,  -21,  -53,  -16,  -11,  -16,  -11,  -16,  -16,  -37,  -21,  -29,  -26,  -34,
     -32,  -21,  -29,  -42,  -63,  -34,  -29,  -34,  -26,  -26,  -21,  -32,  -37,  -21,  -29,  -42,
     -34,  -34,  -37,  -29,  -16,  -48,  -32,  -16,  -75,  -42,  -16,  -59,  -16,  -26,   -8,    5,
     -26,  -32,   -8,  -48,  -16,  -42,  -53,   11,   -5,  -21,   -5,   -3,   -5,   -5,   -5,   -5,
      -5,   -3,  -11,   -3,  -26,  -42,  -32,  -32,  -11,   -5,   -5,   -3,   -3,   -5,   -5,  -26,
     -37,   -5,  -90,  -37,  -32,  -70,  -70,  -23,   -5,  -16,   -5,  -11,   -5,   -5,  -11,   -5,
      -5,   -5,   -5,   -5,   -5,   -5,  -11,  -11,  -11,   -5,  -11,   -5,  -11,   -5,   -5,  -16,
     -21,  -11,  -16,  -16,  -20,   -5,   -5,   -5,  -11,   -5,   -5,  -11,   -5,   -5,   -5,   -5,
      -5,   -5,   -5,   -5,  -11,   -5,   -5,   -8,   -5,   -5,   -5,  -11,   -5,  -11,  -16,  -16,
    -121,  -26,  -58,  -50,  -16,  -26,  -26,  -26,  -11,  -26,  -26,    5,  -32,   -5,  -53,  -26,
       5,   13,  -48,  -16,  -11,   -8,  -11,  -11,  -11,   -8,   16,   -1,   -5,  -16,  -32,  -26,
     -21,  -32,  -84,  -21,  -32,  -53,  -53,  -37,  -37,  -16,  -95,  -21,  -21,  -11,  -16,  -26,
     -32,  -53,  -48,  -66,  -37,  -26,  -53,  -11,  -16,   21,  -11,  -53,  -21,   13,  -16,   13,
     -58,  -11,   -3,   -5,  -11,   -5,   -5,   -3,   -3,   -5,  -16,  -11,  -16,   -5,   -5,  -11,
     -11,  -16,   -5,  -21,  -26,   -5,  -11,  -11,  -16,   -5,  -21,   -5,  -32,  -54,  -32,   -5,
     -10,  -19,  -10,  -29,  -19,   -5,   -5,   11,  -32,  -25,    5,   -3,   -5,   -5,   -5,   -5,
     -21,  -32,  -21,  -42,   -5,   -5,   -3,  -15,  -29,  -37,  -29,  -52,  -52,   -5,   -9,   -9,
     -11,   -5,  -11,   -5,  -11,  -11,  -11,   -9,  -16,  -54,  -16,   -5,  -10,  -14,  -10,  -29,
     -14,  -11,   -5,   11,  -32,  -25,    5,   -3,   -5,   -5,   -5,   -5,  -16,  -11,  -16,  -16,
      -5,   -5,   -3,  -15,  -29,  -11,  -29,  -52,  -52,   -5,  -16,  -16,   -5,  -11,  -21,  -11,
      -5,  -21,  -11,  -11,  -11,  -11,  -21,   -8,  -11,   -5,  -16,   -5,  -11,  -21,  -21,  -21,
     -23,  -23,  -27,  -27,  -23,  -18,    5,  -14,  -10,    5,  -13,  -26,   -3,  -11,  -11,  -11,
      -8,   -5,    5,  -12,   -5,   -5,  -11,  -11,   -5,   -5,  -16,  -11,  -11,   -5,   -5,   -5,
      -5,  -11,   -5,   -5,   11,  -11,  -11,  -24,  -13,  -16,  -16,  -27,  -37,  -48,  -25,   11,
     -48,  -21,  -37,   -5,   -5,   -5,   11,   16,   -5,  -11,   -5,  -11,  -11,   -5,   -5,   -5,
     -21,   -5,  -11,  -11,   -5,   -5,  -21,  -11,  -11,   -5,   -5,  -25,   -5,  -48,   -5,   -5,
      -5,  -26,  -16,  -16,   -5,   -4,  -11,   -5,  -13,  -11,  -11,   -5,   -5,  -11,   -5,  -11,
     -11,  -11,  -13,   -5,  -16,   -5,  -11,  -11,  -16,  -16,  -16,  -32,  -13,   -5,  -16,  -11,
     -11,  -11,   -5,   -5,  -11,   -4,  -11,  -16,  -16,  -16,  -53,  -26,  -53,  -43,  -11,  -11,
     -26,  -21,   -5,  -11,  -53,  -16,  -48,  -11,   -5,   -5,  -16,   -5,   -5,  -11,  -18,  -37,
     -16,  -26,  -32,  -37,  -26,  -26,  -26,  -42,  -26,  -37,  -21,  -37,  -26,  -11,  -16,  -16,
     -26,  -26,  -26,  -42,  -37,  -37,  -26,  -26,   -5,  -26,  -26,  -26,   -5,  -53,  -21,  -20,
     -20,  -18,  -18,  -26,   -5,  -21,  -16,   -5,  -11,   -5,   -8,   -5,   -8,  -11,  -11,  -21,
     -11,  -26,  -16,  -16,  -16,  -23,  -23,  -20,  -16,  -16,  -11,   -8,  -11,   -5,   -5,   -8,
     -11,  -11,  -11,  -11,  -11,  -16,   -5,   -5,   -5,   -5,  -32,  -32,  -32,  -26,   -5,   -5,
      -5,  -11,   -5,  -16,   -5,   -5,  -11,   -5,   -8,  -11,  -11,  -11,  -27,  -27,  -16,  -18,
       5,  -14,   -5,    5,  -13,  -11,   -3,  -11,  -11,   -5,  -14,   -5,    5,  -12,   -5,   -5,
     -11,  -11,   -5,   -5,  -16,  -11,  -11,   -5,   -5,   -5,   -5,  -11,   -5,   -5,   11,  -11,
     -11,  -24,  -13,  -16,  -16,  -27,  -39,   -5,    5,    5,   -8,  -21,  -11,   -5,   -3,  -11,
     -39,  -39,  -11,  -11,    3,   -3,   -5,   -5,   -5,   -5,   -5,  -11,  -43,   -5,   -8,   -8,
      -8,  -27,  -27, -106,  -26,  -42,  -25,  -23,  -26,   -3,   -5,   -5,  -42,  -18,   -5,   -5,
      -5,  -16,   -5,  -13,  -11,  -84,  -42,  -39,  -14,  -14,  -32,    5,   -3,   -3,  -34,    5,
      -5,  -16,   -5,   -5,   -4,   -5,  -37,   -3,   -5,   -5,  -16,  -18,  -18,  -11,  -11,  -41,
      -9,  -23,  -23,  -11,  -34,  -20,  -48,  -16,  -13,  -36,   -3,   -5,   -3,   -3,   -5,  -11,
      -5,   -3,   -3,   -5,   -5,   -5,  -18,  -18,  -16,  -25,  -13,  -13,  -13,  -21,    5,   -5,
     -13,  -13,  -18,  -18,  -58,  -48,  -32,  -18,   -8,  -26,  -18,   -5,  -13,  -37,  -11,  -11,
     -48,  -50,  -50,  -36,  -13,   -8,  -10,   -5,  -11,  -11,   -5,  -11,   -5,  -16,   -5,  -11,
      -5,  -11,   -5,   -5,  -11,   -5,  -21,  -11,   -8,  -11,  -11,   -5,   -5,  -32,  -50,  -30,
      -5,   -8,   11,   11,   -8,   -8,   -8,   -8,   11,  -25,   -3,   -3,   -3,   -3,   -3,   11,
     -56,   11,  -21,  -21,  -21,  -13,  -21,  -36,  -36,  -48,  -11,  -11,  -24,  -11,  -39,  -39,
     -30,   -6,   -6,   -6,  -11,    5,   -5,   -6,   -6,   -9,   -9,  -27,    7,  -20,  -12,   16,
     -45,   16,  -26,  -26,  -48,   -5,  -16,  -21,  -26,  -26,  -48,  -48,  -16,  -54,  -16,   -5,
     -10,  -30,  -10,  -58,  -30,  -39,  -21,   11,  -32,  -25,    5,   -3,   -5,   -5,   -5,   -5,
     -16,  -11,  -16,  -16,   -5,   -5,   -3,  -15,  -58,  -11,  -58, -105, -105,   -5,  -65,    5,
      -5,  -16,   -5,   -5,  -32,  -42,  -37,   -3,   -5,   -5,  -16,  -61,  -61, -121,  -79,  -58,
     -50,  -53,  -53,  -26,  -79,  -11,  -26,  -26,    5,  -32,   -5,  -53,  -26,    5,   13, -106,
     -16,  -26,   -8,  -26,  -26,  -11,  -16,   16,   -1,   -5,  -42,  -69,  -37,  -58,  -58,  -84,
     -53,  -74,  -79, -106,  -79,  -79,  -48,  -95,  -42,  -63,  -42,  -26,  -63,  -74,  -84, -111,
     -79,  -79,  -26,  -53,  -11,  -16,   21,  -11,  -26,  -53,   13,  -16,   13,  -58,  -11, -106,
     -26,  -42,  -25,  -23,  -26,   -3,   -5,  -12,  -42,  -18,  -12,  -12,   -5,  -16,  -12,  -13,
     -11,  -84,  -42,  -34,    5,   -5,  -16,   -5,   -5,   -4,   11,  -37,   -3,   -5,   -5,  -16,
     -18,  -18,  -16,  -54,  -16,  -11,  -10,  -14,  -10,  -29,  -14,  -11,   -5,   11,  -32,  -25,
       5,   -3,   -5,   -5,   -5,   -5,  -16,  -11,  -16,  -16,   -5,   -5,   -3,  -15,  -29,  -11,
     -29,  -52,  -52,  -11, -128,  -21,  -75,  -61,  -21,  -21,  -21,  -84,  -26,  -11,  -53,  -21,
    -111,  -16,  -11,  -16,  -26,  -16,  -16,  -37,  -21,  -29,  -26,  -34,  -32,  -21,  -29,  -42,
     -63,  -34,  -29,  -34,  -26,  -26,  -21,  -32,  -37,  -21,  -29,  -42,  -34,  -34,  -37,  -29,
     -16,  -48,  -32,  -16,  -75,  -84,  -41,  -41,  -18,   -3,  -11,   -3,   -3,   -3,   -3,  -41,
     -43,  -16,  -16,  -32,  -48,  -37,  -16,  -16,  -32,  -32,  -39,  -39,  -11,  -61,  -21,  -61,
     -37,  -21,  -21,  -21,  -45,  -21,  -42,  -11,  -21,    5,   11,    5,  -21,  -32,  -32,  -16,
     -29,  -18,  -18,  -32,  -18,  -29,  -16,  -16,  -16,  -11,  -11,  -16,  -21,  -34,  -21,  -16,
     -45,  -32,    5,  -21,  -21,  -21,  -21,  -21,  -32,  -32,  -32,  -32,  -18,  -32,  -32,  -16,
     -16,  -21,  -21,  -32,  -29,  -29,  -18,  -18,  -18,  -29,  -29,  -29,  -11,  -21,  -21,  -32,
     -45,  -21,  -21,  -32,  -32,  -18,    5,  -16,  -61,  -34,  -16,  -34,  -13,  -34,  -21,   -8,
     -11,  -11,   -5,   -5,  -11,   -5,   -8,  -13,   -8,   -8,   -8,   -8,   -8,  -11,  -11,  -11,
     -11,   -5,  -11,  -11,   -8,   -8,  -11,   -5,   -5,   -5,   -8,   -8,   -8,  -11,   -8,   -8,
     -11,  -11,   -5,  -34,  -21,  -74,  -34,  -74,  -32,  -66,  -11,  -53,  -11,  -11,   -5,   11,
      11,   11,   11,  -48,  -53,  -53,  -24,  -53,   -8,   -3,  -37,  -37,  -53,  -37,  -48,  -21,
     -26,  -24,  -16,  -21,  -24,  -32,  -58,  -34,  -21,  -66,   11,  -48,  -48,  -48,  -48,  -48,
     -53,  -53,  -53,   -8,   -8,   -8,  -53,  -37,  -53,  -53,  -26,  -24,  -48,  -48,  -53,  -53,
     -53,   -8,   -8,   -8,  -37,   -3,  -37,  -37,  -48,  -48,  -48,   11,  -16,  -32,  -32,  -53,
     -66,   -8,  -48,  -48,  -53,   -8,   -8,  -53,  -37,   11,  -24,  -74,  -58,  -21,  -26,  -53,
     -42,  -53,  -53,  -21,  -21,  -48,  -58,  -26,  -58,  -16,  -26,  -21,  -53,  -50,  -50,  -32,
     -53,  -11,   -5,  -37,  -37,  -50,  -37,  -42,  -21,  -42,  -37,  -26,  -32,  -37,  -42,  -37,
     -42,  -32,  -16,  -58,  -58,  -53,  -79,  -79,  -63,  -53,  -50,  -95,  -78,  -11,   -5,   11,
     -50,  -37,  -90,  -84,  -42,  -37,  -79,  -84,  -50,  -53,  -53,    5,   11,   -5,  -37,   11,
     -37,  -37,  -42,  -69,  -74,  -26,  -42,  -42,  -50,  -58,  -11,  -53,  -82,  -79,   26,   -5,
     -50,  -37,  -37,  -53,  -37,  -16,  -53,  -53,  -24,  -63,  -11,  -53,  -21,  -11,  -11,  -26,
     -26,  -32,  -16,   -5,  -11,  -11,  -26,  -11,  -26,  -16,  -63,  -63, -121,  -11,  -11,  -11,
     -11,  -11,  -26,  -26,  -26,   21,  -26,  -11,  -26,  -26,   -5,  -11,  -11,  -26,  -16,  -16,
     -11,   -5,  -11,  -11,  -26,  -26,  -26,  -26,  -63,  -11,  -11,  -26,   11,  -26,  -11,  -23,
     -21,  -70,  -30,  -68,  -14,  -54,  -21,  -23,  -21,  -23,  -25,  -18,  -18,  -25,  -34,  -21,
     -14,  -18,  -30,  -18,  -34,  -34,  -14,  -14,  -18,  -32,  -34,  -34,  -23,  -18,  -18, -109,
     -68,  -53,  -53,  -53,  -53,  -26,  -11,  -13,  -53,  -26,  -53,  -26,  -11,  -11,  -50,  -63,
     -63,  -48,  -42,  -24,  -11,  -11,  -63,  -11,  -42,  -32,  -26,  -21,  -16,  -11,  -21,  -74,
     -53,  -53,  -50,  -50,  -50,  -50,  -50,  -63,  -63,  -63,  -63,  -11,  -63,  -63,  -26,  -21,
     -24,  -50,  -50,  -63,  -42,  -42,  -11,  -24,  -11,  -11,  -42,  -42,  -42,  -16,  -63,  -53,
     -50,  -50,  -63,  -63,  -11,  -21,  -53,  -32,  -21,  -16,  -16,  -58,  -26,  -53,  -48,  -63,
     -26,  -11,  -11,  -11,  -26,  -26,  -53,  -48,  -53,  -26,  -63,  -11,  -11,  -11,  -11,  -11,
     -11,  -26,  -53,  -11,  -58,  -58,  -48,  -48,  -11,  -11,  -11,  -63,  -53,  -48,  -53,  -16,
     -32,  -53,  -16,  -58,  -53,  -58,  -86,  -18,  -37,   -5,   -5,   -5,   -5,   -5,   -5,  -16,
      -8,  -16,   -5,   -5,  -16,   -5,   -5,   -5,   -5,   -8,   -5,  -16,
};

static const EpdLigaturePair literatamono_16_regularLigaturePairs[] = {
    { 0x00660069, 0xFB01 }, // f i -> U+FB01
    { 0x0066006C, 0xFB02 }, // f l -> U+FB02
};

static const EpdFontData literatamono_16_regular = {
    literatamono_16_regularBitmaps,
    literatamono_16_regularGlyphs,
    literatamono_16_regularIntervals,
    68,
    49,
    39,
    -11,
    true,
    literatamono_16_regularGroups,
    13,
    nullptr,
    nullptr,  // kernLeftClasses: built-in fonts use the split arrays below
    nullptr,  // kernRightClasses
    literatamono_16_regularKernLeftCodepoints,
    literatamono_16_regularKernLeftClassIds,
    literatamono_16_regularKernRightCodepoints,
    literatamono_16_regularKernRightClassIds,
    nullptr,  // kernMatrix: built-in fonts use the sparse form below
    literatamono_16_regularKernRowOffsets,
    literatamono_16_regularKernSparseCols,
    literatamono_16_regularKernSparseValues,
    559,
    504,
    162,
    190,
    literatamono_16_regularLigaturePairs,
    2,
};
