/**
 * generated by fontconvert.py
 * name: literatamono_16_bolditalic
 * size: 16
 * mode: 2-bit  compressed: true
 * Command used: fontconvert.py literatamono_16_bolditalic 16 ../builtinFonts/source/Literata/Literata-BoldItalic.ttf --2bit --compress --pnum --zopfli --mono
 */
#pragma once
#include "EpdFontData.h"

static const uint8_t literatamono_16_bolditalicBitmaps[17021] = {
    0x7C, 0x90, 0x61, 0xCA, 0xDD, 0x40, 0x08, 0x45, 0x0F, 0xB8, 0x00, 0x97, 0xE4, 0xD6, 0x85, 0xB7,
    0x21, 0xE1, 0xFD, 0xBD, 0x70, 0x9B, 0xC8, 0x84, 0x36, 0x6D, 0xF9, 0xE2, 0xE1, 0x38, 0xCC, 0x70,
    0x85, 0x48, 0x4E, 0xE9, 0xAA, 0x39, 0xD5, 0x4F, 0x25, 0x4F, 0x41, 0xB5, 0xDB, 0xE3, 0xAE, 0x56,
    0xB6, 0x2F, 0xEF, 0x61, 0xE1, 0x62, 0x12, 0x62, 0x62, 0xDE, 0xCE, 0xCE, 0x26, 0x6D, 0xBB, 0xFF,
    0xF0, 0xB9, 0xA7, 0x28, 0xFE, 0xE3, 0xB2, 0xED, 0xB5, 0xF0, 0x1A, 0x21, 0x5E, 0x0E, 0x85, 0x00,
    0x7E, 0x6B, 0x80, 0x74, 0x83, 0x2D, 0xC2, 0x5F, 0x93, 0x33, 0xA6, 0x56, 0xF3, 0xDD, 0x93, 0x28,
    0x0D, 0x94, 0x07, 0xD2, 0x82, 0xF0, 0x93, 0x20, 0x6D, 0xE0, 0xA8, 0xE1, 0xEB, 0xAE, 0x1E, 0xF7,
    0x0E, 0xF0, 0x67, 0xF5, 0x15, 0x65, 0x0F, 0xE9, 0x8D, 0x09, 0x88, 0x3E, 0x0A, 0x43, 0x41, 0xB9,
    0x11, 0xD8, 0x13, 0x02, 0xEF, 0x1A, 0x50, 0x4C, 0xF6, 0xB6, 0x3A, 0x0D, 0x50, 0x8E, 0x00, 0xFB,
    0x23, 0xA0, 0xFC, 0x99, 0x80, 0x54, 0x8E, 0x05, 0xE4, 0xC7, 0x06, 0x2A, 0xA7, 0x00, 0xE7, 0x89,
    0x74, 0x35, 0x31, 0xDB, 0x72, 0xF6, 0x32, 0x3B, 0x6C, 0x28, 0xC2, 0x02, 0x43, 0x0D, 0xA4, 0x07,
    0xB0, 0x0D, 0x69, 0xBB, 0x29, 0x51, 0x97, 0xE7, 0xB6, 0x07, 0xAF, 0x61, 0x9D, 0xB3, 0x11, 0x95,
    0x45, 0x28, 0x7C, 0x43, 0x29, 0x3D, 0x61, 0x72, 0xB3, 0x39, 0x78, 0x88, 0x0D, 0x86, 0xFE, 0xF6,
    0xBE, 0xEE, 0x70, 0xDB, 0x4D, 0xDA, 0x7A, 0xB6, 0x28, 0xEB, 0xFE, 0x06, 0x9A, 0x98, 0x9D, 0xD6,
    0x18, 0x4C, 0x88, 0xD4, 0x32, 0xD4, 0xE2, 0xC1, 0xFD, 0x13, 0xE7, 0x0F, 0x86, 0x5C, 0x42, 0x37,
    0x78, 0xA9, 0x26, 0x89, 0x4B, 0x4D, 0xBC, 0x9F, 0x5E, 0xC9, 0x83, 0xFE, 0xE1, 0x57, 0x6B, 0x66,
    0xB3, 0x9A, 0xBB, 0xEE, 0xAB, 0x71, 0x81, 0xA6, 0x05, 0xDD, 0x4A, 0x61, 0x4F, 0x5F, 0xD0, 0xAD,
    0x1B, 0x3A, 0x3D, 0xD0, 0x5B, 0x11, 0x74, 0x2A, 0x78, 0x8E, 0xF5, 0x58, 0xF9, 0x6C, 0x56, 0x77,
    0x59, 0xFF, 0x9D, 0xDA, 0x3F, 0x79, 0x25, 0x8E, 0x23, 0xCB, 0x92, 0x9C, 0x37, 0x2B, 0xB6, 0x72,
    0x56, 0x42, 0x94, 0x7A, 0xF2, 0x71, 0xAD, 0xF8, 0x4B, 0xB8, 0xCC, 0x59, 0xAD, 0x7C, 0xBD, 0xF0,
    0x42, 0x99, 0x0D, 0xB5, 0xEE, 0xF8, 0x27, 0x33, 0x52, 0xF2, 0x55, 0x57, 0x83, 0x2A, 0xDD, 0x2B,
    0x80, 0x38, 0xD7, 0xEF, 0x7D, 0x64, 0x0B, 0xC6, 0xB4, 0xD4, 0xF2, 0x9B, 0xC0, 0x70, 0x79, 0x2F,
    0x6B, 0xAE, 0xE2, 0x03, 0xB1, 0xFE, 0xAA, 0xBF, 0xA0, 0x6B, 0x0A, 0x67, 0xCC, 0xA0, 0xAB, 0x3A,
    0x58, 0x7B, 0xCC, 0xA3, 0xCB, 0x43, 0x37, 0xFF, 0x7D, 0xB7, 0xEE, 0x52, 0x64, 0x18, 0x81, 0x3E,
    0x36, 0x14, 0xE2, 0xC1, 0xC5, 0x24, 0x9C, 0x08, 0x31, 0xDC, 0x80, 0x0B, 0x92, 0xF0, 0x33, 0x3C,
    0x3C, 0xD7, 0x50, 0x35, 0x28, 0xB0, 0x87, 0xE6, 0xA0, 0x47, 0x7B, 0x57, 0xF1, 0xBF, 0xAC, 0x38,
    0xAA, 0x01, 0xD4, 0xBD, 0xAA, 0x38, 0xA8, 0x93, 0x03, 0xE9, 0xC3, 0x72, 0xFD, 0xCB, 0xE0, 0x35,
    0x33, 0xB1, 0xAD, 0x66, 0x0F, 0x32, 0x66, 0x5D, 0xF6, 0xB1, 0x5E, 0xE5, 0x14, 0xD7, 0x10, 0xE7,
    0x02, 0x9F, 0x0E, 0x2F, 0xED, 0xBD, 0xFA, 0xF6, 0xAC, 0x2B, 0x08, 0x0D, 0x8D, 0xD0, 0x6E, 0xAD,
    0xA1, 0x39, 0xB6, 0x60, 0x74, 0x83, 0xF3, 0x7C, 0x77, 0x5E, 0x2D, 0x28, 0xC6, 0x01, 0x9A, 0x1C,
    0x62, 0x05, 0x4F, 0x01, 0x68, 0x98, 0xB6, 0x52, 0x1D, 0xB6, 0xDD, 0xE6, 0x3B, 0x30, 0xA1, 0x5F,
    0x59, 0x99, 0x65, 0xC2, 0x3F, 0x0B, 0x36, 0x91, 0x13, 0xCA, 0xD5, 0x23, 0xC6, 0x84, 0xCB, 0x44,
    0x16, 0x98, 0x7E, 0x0F, 0x2C, 0x4D, 0x09, 0x5D, 0x76, 0x43, 0x10, 0x5C, 0xAC, 0x0D, 0xD9, 0x18,
    0x22, 0x0B, 0x76, 0xE0, 0x73, 0xCB, 0x0F, 0x84, 0xF6, 0xDC, 0xEE, 0x13, 0x94, 0x57, 0x01, 0xC3,
    0x38, 0xCB, 0xBC, 0xCE, 0xB2, 0x3A, 0xC4, 0x93, 0x0F, 0x62, 0xD0, 0x71, 0x3C, 0x04, 0x6D, 0xC3,
    0x41, 0x8B, 0x22, 0x04, 0x9F, 0xBD, 0x97, 0x08, 0x92, 0x3D, 0x67, 0x79, 0x06, 0xAF, 0xEE, 0x0E,
    0x0D, 0xC4, 0x9A, 0x69, 0x29, 0xB0, 0xD2, 0xDB, 0x1D, 0x65, 0xEC, 0x09, 0x97, 0x14, 0x29, 0xC5,
    0x4B, 0x8A, 0x12, 0x31, 0x61, 0xC4, 0xA1, 0x0D, 0x51, 0x17, 0x77, 0x58, 0x6E, 0xF0, 0x02, 0xA2,
    0xA1, 0x18, 0xD7, 0x2D, 0x0D, 0x6D, 0x0B, 0x0B, 0xC1, 0x20, 0x7C, 0xA2, 0xCF, 0x41, 0xD9, 0x25,
    0x3A, 0xEF, 0x32, 0x97, 0x47, 0xDD, 0xB1, 0x1C, 0x4E, 0x31, 0x20, 0x72, 0xC1, 0x98, 0x70, 0x4E,
    0x95, 0xEB, 0xD1, 0xF7, 0x3E, 0x3C, 0x52, 0xB1, 0xB2, 0xE2, 0x05, 0x1E, 0xD8, 0xC1, 0xDC, 0xED,
    0x69, 0x13, 0x80, 0x87, 0x21, 0xBD, 0x2D, 0x2A, 0xB2, 0x43, 0x21, 0x6F, 0xA2, 0xD4, 0xF5, 0xB6,
    0x8B, 0x1E, 0x29, 0xCF, 0xD3, 0x42, 0x2E, 0x07, 0xB3, 0x5D, 0xAE, 0x6C, 0xA7, 0x69, 0x58, 0x7F,
    0x9A, 0xD7, 0x5E, 0x4F, 0x49, 0xF3, 0x25, 0xEF, 0x75, 0xA1, 0x9E, 0xBC, 0x62, 0x4A, 0xF9, 0x48,
    0x11, 0x8A, 0x41, 0x63, 0x63, 0xF4, 0x0E, 0xD8, 0x4E, 0xC5, 0x93, 0xBA, 0x9F, 0xAD, 0x7B, 0xBF,
    0xA7, 0xEC, 0x3E, 0xEE, 0xE7, 0xDF, 0x3A, 0xEC, 0xFC, 0x32, 0x4C, 0x76, 0x1C, 0x6E, 0x59, 0x6B,
    0xD3, 0x21, 0x79, 0x1D, 0xD9, 0xFD, 0x45, 0xA4, 0xEE, 0x17, 0x2E, 0x04, 0x3D, 0x2B, 0x20, 0xBE,
    0x2A, 0x13, 0x92, 0x9F, 0xEF, 0x1F, 0x5C, 0x27, 0x70, 0x02, 0xBD, 0x23, 0xB1, 0x9E, 0xCD, 0xB6,
    0x4F, 0x8E, 0x92, 0xBE, 0x27, 0xDA, 0x17, 0x39, 0x0B, 0xAE, 0x2E, 0xB3, 0x03, 0x75, 0x61, 0xBF,
    0xDE, 0x55, 0xA5, 0x40, 0x07, 0x7B, 0xC7, 0x94, 0xA5, 0x11, 0xC4, 0x87, 0xD3, 0xDD, 0x7D, 0x4C,
    0x96, 0x14, 0x9E, 0x1B, 0xD0, 0x4D, 0xA6, 0xE0, 0x90, 0x52, 0xF2, 0x73, 0x49, 0xFD, 0x1C, 0x28,
    0x69, 0xC6, 0xF5, 0x07, 0x9C, 0x99, 0x10, 0xC9, 0x75, 0x18, 0x1E, 0x5B, 0x6A, 0x95, 0x2D, 0xB9,
    0x50, 0xBD, 0xCE, 0x19, 0x00, 0x3A, 0x12, 0x90, 0x6D, 0xF9, 0xEE, 0x89, 0x83, 0x8E, 0x71, 0x63,
    0x2E, 0x72, 0xD8, 0x28, 0xEA, 0x41, 0xA6, 0xB9, 0x2B, 0x1D, 0xC0, 0x95, 0x29, 0xDA, 0x1C, 0xBA,
    0x48, 0x63, 0x5A, 0x31, 0x3B, 0xFC, 0x49, 0x76, 0x2F, 0x30, 0x0D, 0x66, 0xF5, 0x21, 0xC0, 0xD6,
    0x05, 0x1E, 0x1D, 0x79, 0x9F, 0x29, 0x13, 0x6C, 0x21, 0xB5, 0x3A, 0x4F, 0xE8, 0x1F, 0x20, 0x96,
    0xB6, 0xE5, 0xE0, 0x01, 0x9A, 0x41, 0x0B, 0x4C, 0xF9, 0xEB, 0xB9, 0xFB, 0xDE, 0x1B, 0x1B, 0x10,
    0x22, 0x41, 0x1B, 0xFC, 0x0B, 0xA2, 0x31, 0x7C, 0x22, 0x3C, 0x45, 0x93, 0xDB, 0xD3, 0x6D, 0x03,
    0x3E, 0x4C, 0x43, 0x1F, 0xE5, 0xB5, 0x4A, 0x2B, 0x52, 0x25, 0x8A, 0x9E, 0x07, 0x6D, 0x11, 0xDF,
    0xA9, 0xC5, 0xBC, 0xD3, 0x17, 0xA3, 0xC8, 0xF9, 0x70, 0xEA, 0x62, 0x55, 0x68, 0x53, 0x6C, 0x73,
    0x5D, 0x3A, 0x04, 0xA1, 0x85, 0x52, 0x63, 0x87, 0xB0, 0x45, 0x87, 0xBE, 0x00, 0xB8, 0x80, 0xE7,
    0xE4, 0x84, 0x9C, 0xD0, 0x38, 0x60, 0x1D, 0xD6, 0x8D, 0x1F, 0x1F, 0x49, 0xFC, 0x5F, 0x5B, 0xF3,
    0xE7, 0x47, 0x12, 0xF2, 0x0C, 0x43, 0x70, 0x86, 0xB2, 0x50, 0xA2, 0x63, 0x15, 0x00, 0xF5, 0x83,
    0xE5, 0x84, 0x13, 0xD1, 0xD9, 0x3E, 0x0B, 0x0F, 0x0B, 0x0B, 0x6C, 0xF0, 0x02, 0x3B, 0xF3, 0xB6,
    0x1E, 0xC0, 0x20, 0x9A, 0xED, 0xAF, 0x2B, 0x19, 0x33, 0x2B, 0x2B, 0x30, 0x5A, 0x18, 0x82, 0x2A,
    0x70, 0x5D, 0x9E, 0x85, 0x3E, 0x0B, 0x00, 0xDF, 0x85, 0x88, 0x3F, 0x09, 0xFC, 0x41, 0x18, 0x86,
    0x52, 0xB7, 0x64, 0xFA, 0xA1, 0x90, 0x15, 0x6C, 0x54, 0x6C, 0x9C, 0x8B, 0x3E, 0x14, 0xB9, 0x15,
    0x47, 0x30, 0x84, 0xF2, 0x61, 0x90, 0xA7, 0xA2, 0xFF, 0x36, 0xAC, 0x65, 0x15, 0x5F, 0xC3, 0x88,
    0xBC, 0x4B, 0xDB, 0x6F, 0x91, 0xE3, 0xF7, 0xB5, 0x49, 0xCD, 0xA2, 0xD1, 0x48, 0x3E, 0x8A, 0x90,
    0xC9, 0x8F, 0x2C, 0x7E, 0x46, 0x11, 0x83, 0x4C, 0x9E, 0xE7, 0x92, 0x49, 0x33, 0x8A, 0xBE, 0x98,
    0x07, 0x6D, 0x91, 0x53, 0x53, 0x4E, 0x8D, 0xC6, 0x2E, 0x9D, 0xBC, 0x17, 0x5E, 0xB8, 0xAE, 0x8F,
    0x81, 0xAF, 0xFF, 0x02, 0x79, 0x0C, 0x11, 0x82, 0xF9, 0xE6, 0x1E, 0x22, 0x7C, 0x90, 0x73, 0x9D,
    0x28, 0x95, 0xB2, 0xF7, 0xAA, 0x64, 0x1D, 0x7F, 0x92, 0x1A, 0x25, 0x3D, 0x4E, 0x72, 0x94, 0xB4,
    0x51, 0xD2, 0x36, 0x99, 0x9B, 0x74, 0x86, 0xDD, 0x92, 0xA5, 0xCD, 0x26, 0xF3, 0x51, 0x0A, 0xA5,
    0x81, 0x89, 0x25, 0x80, 0x81, 0xE8, 0xDC, 0x5D, 0xD2, 0x11, 0x52, 0xCC, 0x49, 0x06, 0x41, 0x35,
    0x44, 0x43, 0xBE, 0x26, 0x87, 0x7E, 0x61, 0x4C, 0xC6, 0x99, 0x1E, 0xB6, 0xD3, 0xF2, 0xA0, 0xE2,
    0xA0, 0xE0, 0xF3, 0x44, 0x14, 0xFD, 0x44, 0xC3, 0xB0, 0x2C, 0xD6, 0xA5, 0x8D, 0xDB, 0x0E, 0x8D,
    0xDC, 0x37, 0x69, 0x00, 0xBD, 0xC8, 0x5C, 0xED, 0x52, 0xB9, 0x29, 0x18, 0x28, 0x06, 0xC6, 0x2F,
    0x39, 0x9A, 0x51, 0x6C, 0x6F, 0xBA, 0x0C, 0xDE, 0x4F, 0xEC, 0x5C, 0x74, 0xDE, 0x0C, 0xA3, 0xB3,
    0x30, 0xCD, 0x58, 0xD4, 0x0B, 0x07, 0x29, 0x37, 0x1A, 0xE9, 0x6B, 0xA3, 0x0B, 0xD1, 0x49, 0xBA,
    0xB6, 0x14, 0xC7, 0x33, 0x7B, 0x47, 0xEF, 0x6D, 0x7F, 0xA7, 0xE8, 0x61, 0x13, 0xA5, 0x26, 0xF6,
    0xBF, 0xDA, 0x64, 0x34, 0xFB, 0xDE, 0x23, 0xA0, 0x8D, 0x66, 0x61, 0xEA, 0xDC, 0xA2, 0x47, 0x0B,
    0x42, 0xF3, 0x30, 0xA8, 0x42, 0x5E, 0x8A, 0xAF, 0xA5, 0x51, 0xB1, 0x7B, 0x91, 0x62, 0xF1, 0x83,
    0xDD, 0xEC, 0xC1, 0x4A, 0x64, 0x6E, 0xB6, 0x62, 0xE8, 0xAF, 0xF7, 0x03, 0x6D, 0x7E, 0x60, 0x91,
    0x69, 0xA3, 0xD9, 0x6A, 0x5F, 0x92, 0x81, 0x21, 0x6C, 0xA5, 0x01, 0x52, 0x10, 0xF7, 0x57, 0xF9,
    0x90, 0x86, 0x87, 0x16, 0x84, 0xEE, 0xCE, 0x30, 0xFD, 0xF1, 0x83, 0x98, 0x75, 0x5E, 0xB0, 0xB1,
    0xFD, 0xE8, 0xC0, 0x20, 0x94, 0x9B, 0x46, 0x9E, 0x5E, 0xE5, 0x57, 0x64, 0x5D, 0x28, 0xA8, 0x00,
    0x26, 0x19, 0x88, 0xA4, 0xF6, 0x1B, 0xE7, 0x7F, 0xC6, 0xE3, 0x93, 0x17, 0x59, 0x60, 0x8A, 0x22,
    0x1D, 0xA2, 0x88, 0x65, 0xE5, 0x1F, 0xA8, 0xDF, 0x68, 0x5C, 0x15, 0xF3, 0x83, 0x4E, 0xBE, 0xC8,
    0x44, 0x93, 0x9F, 0xED, 0xCA, 0x0A, 0x8B, 0x63, 0xA5, 0xBF, 0xB5, 0x06, 0xBD, 0x18, 0x98, 0x54,
    0x6A, 0x22, 0x9E, 0x36, 0x69, 0x63, 0x51, 0xFB, 0xEB, 0xDD, 0x68, 0xA6, 0xC8, 0x85, 0xFC, 0x82,
    0xE8, 0x1B, 0x07, 0x6F, 0x9F, 0xB4, 0xA6, 0xCB, 0x46, 0xC5, 0x62, 0xEE, 0x14, 0xC4, 0x95, 0x98,
    0x48, 0xA1, 0x97, 0xC4, 0xF2, 0x18, 0x2F, 0xFB, 0x6C, 0x53, 0xA6, 0x26, 0x06, 0x36, 0xB2, 0x78,
    0x6A, 0x8C, 0xBD, 0xA1, 0x41, 0xB2, 0x21, 0xD5, 0x88, 0xD5, 0xB0, 0x5A, 0xE1, 0x53, 0x63, 0xD2,
    0xD9, 0xF0, 0x70, 0xCF, 0x6E, 0x2C, 0x55, 0x3D, 0x72, 0xD3, 0xFC, 0x68, 0x68, 0x07, 0x53, 0xDC,
    0x1A, 0x5A, 0x8D, 0xE8, 0x24, 0x71, 0x69, 0x38, 0x20, 0xE7, 0x0D, 0xD7, 0x53, 0x8A, 0xA3, 0x1A,
    0x2E, 0x45, 0xFA, 0xB1, 0x06, 0x83, 0x69, 0x14, 0x3B, 0xB7, 0x4C, 0x88, 0x67, 0xD1, 0x48, 0x47,
    0x71, 0x5D, 0x4D, 0x54, 0xFF, 0x28, 0x1A, 0x63, 0xD2, 0x87, 0x6D, 0x96, 0xA1, 0x11, 0x06, 0xB3,
    0x4F, 0x5E, 0xFC, 0x9C, 0xCA, 0x2E, 0x3A, 0xB5, 0xE3, 0x2D, 0x6D, 0xC0, 0x5E, 0xD6, 0xB6, 0x58,
    0xD8, 0x64, 0x5B, 0xA6, 0xE7, 0xFE, 0xB0, 0x70, 0xBF, 0x76, 0xFB, 0xCE, 0x8C, 0x8B, 0x04, 0x72,
    0x47, 0xB8, 0x48, 0x41, 0x31, 0xA8, 0x7F, 0x16, 0x1E, 0xBF, 0x34, 0x18, 0xEE, 0x9F, 0x21, 0x78,
    0xFE, 0xAD, 0x40, 0x17, 0x09, 0xCF, 0x42, 0x88, 0x05, 0xEE, 0x6F, 0xC7, 0xA3, 0x4B, 0xC8, 0x1F,
    0xCB, 0xB8, 0x14, 0xFC, 0xB2, 0x84, 0x00, 0x2C, 0x22, 0xAC, 0x5E, 0x75, 0xAC, 0x6A, 0x55, 0x63,
    0x55, 0xAD, 0x9A, 0xAB, 0x4A, 0xFE, 0x45, 0xE7, 0xE7, 0x1B, 0x8E, 0xA9, 0x6D, 0x7A, 0xFF, 0x45,
    0x91, 0x5B, 0xD1, 0xAD, 0x80, 0x65, 0xA9, 0xA0, 0x34, 0xFF, 0x42, 0x69, 0xC0, 0x68, 0xE5, 0xCF,
    0x71, 0xCD, 0x42, 0x27, 0x6E, 0x6A, 0x01, 0x46, 0x52, 0xA9, 0xF8, 0x26, 0xF2, 0x26, 0x38, 0x1D,
    0x2E, 0xFC, 0x75, 0x1E, 0x9A, 0x82, 0x79, 0xC9, 0xA0, 0xA3, 0x3F, 0x8F, 0xE1, 0xFA, 0x3B, 0x54,
    0xCF, 0x00, 0x31, 0xCC, 0x4F, 0xF0, 0xF1, 0x9A, 0x88, 0x57, 0xCD, 0x3E, 0x90, 0x4C, 0x15, 0xDC,
    0x34, 0xA8, 0x32, 0xE1, 0x05, 0x25, 0xF2, 0x09, 0x8A, 0x09, 0x43, 0x68, 0x7A, 0xE1, 0x65, 0xA9,
    0x19, 0x17, 0x60, 0x4C, 0x7C, 0x4D, 0x18, 0x01, 0x42, 0x9C, 0x08, 0x03, 0x73, 0x09, 0x88, 0xA4,
    0x61, 0x0A, 0x22, 0x0C, 0x33, 0x64, 0x0D, 0xE2, 0x55, 0xC3, 0x66, 0x55, 0x86, 0xED, 0xB9, 0xFA,
    0xAA, 0xEF, 0x9E, 0x12, 0xB6, 0xB2, 0x2F, 0x33, 0x43, 0x8F, 0x44, 0x68, 0x41, 0xFC, 0x19, 0x06,
    0xBF, 0x5B, 0xCF, 0x89, 0xBB, 0xE1, 0x1E, 0xAD, 0x87, 0xC3, 0x7A, 0x38, 0xAC, 0x77, 0x9D, 0x40,
    0x29, 0xBE, 0xD7, 0xC0, 0x60, 0x40, 0xD5, 0xE5, 0x63, 0x12, 0x9C, 0x80, 0x7E, 0x9B, 0x00, 0xCD,
    0x1F, 0xDB, 0xE6, 0xAE, 0xFB, 0xC7, 0x77, 0x8D, 0xCB, 0x37, 0xDA, 0x3C, 0xC0, 0x73, 0xDF, 0x11,
    0x1B, 0xFC, 0x17, 0x18, 0x57, 0xCC, 0xFA, 0xC2, 0x04, 0xB2, 0xB0, 0xF7, 0xF8, 0xEF, 0xDC, 0x6E,
    0x58, 0x41, 0x57, 0xFC, 0x4F, 0x58, 0xB5, 0xE9, 0xDD, 0x3E, 0x2C, 0xC4, 0xAF, 0x9F, 0x84, 0x3B,
    0x89, 0x93, 0x4E, 0xEA, 0xCF, 0x2C, 0x9D, 0xE8, 0xA7, 0x31, 0x69, 0xA4, 0x2F, 0x5A, 0xF1, 0x45,
    0xE6, 0xA2, 0x17, 0xE3, 0x20, 0x16, 0xC7, 0xA4, 0x7D, 0x91, 0x58, 0x14, 0xFF, 0x22, 0x4B, 0x79,
    0xDA, 0x18, 0xD5, 0x6D, 0x15, 0x81, 0xEC, 0x47, 0x59, 0x04, 0xE2, 0xD7, 0xAC, 0xF0, 0x54, 0xDE,
    0x14, 0xA9, 0xA0, 0xAE, 0xB6, 0x72, 0x69, 0x16, 0xCF, 0x9F, 0x4A, 0xB9, 0x0B, 0x57, 0x37, 0x4B,
    0x79, 0x2E, 0xD1, 0xE5, 0x9E, 0x90, 0xE5, 0xE5, 0xA7, 0x6D, 0xF3, 0x29, 0xB4, 0x9F, 0x83, 0xDC,
    0x0B, 0x18, 0x1B, 0x7C, 0x03, 0xB3, 0x15, 0x2D, 0x03, 0x59, 0xB0, 0xC4, 0xB8, 0x7C, 0x99, 0xB2,
    0xDC, 0xA0, 0x78, 0x9B, 0x12, 0x39, 0xE1, 0xE1, 0xA0, 0x3D, 0x7E, 0xB0, 0x44, 0x3E, 0x17, 0xDB,
    0x0B, 0x6D, 0xD0, 0xCE, 0x26, 0x85, 0x54, 0x0C, 0x8E, 0x6B, 0x08, 0x40, 0x3E, 0x5A, 0x2A, 0xDC,
    0xBF, 0xBE, 0xC0, 0x25, 0xFE, 0x1A, 0x4B, 0x7E, 0x7C, 0x94, 0x4C, 0xFF, 0xA4, 0x0C, 0xFF, 0xD4,
    0x07, 0x89, 0xE1, 0xF9, 0x24, 0xE9, 0x94, 0x78, 0x6F, 0x99, 0x94, 0x9B, 0xD3, 0x53, 0x8B, 0x58,
    0x3A, 0x50, 0x83, 0xAC, 0xE7, 0x1B, 0xED, 0x44, 0xBE, 0xC8, 0xB4, 0x68, 0x3E, 0xBA, 0xD9, 0x95,
    0x0C, 0x03, 0x14, 0x6D, 0x4B, 0x8C, 0x40, 0x5C, 0x3E, 0xD8, 0xAF, 0xDE, 0x0D, 0x3C, 0xC0, 0x17,
    0xAA, 0x73, 0x4E, 0x58, 0xE7, 0x89, 0x8E, 0x23, 0xAA, 0xDE, 0x89, 0xCB, 0x90, 0xD4, 0x58, 0xF1,
    0x52, 0x68, 0x66, 0x21, 0x2E, 0xC0, 0x30, 0x22, 0x37, 0xF8, 0xA6, 0x44, 0x27, 0x01, 0xD1, 0x44,
    0x67, 0xA6, 0x47, 0x20, 0x88, 0x9F, 0x73, 0xC7, 0xEF, 0x93, 0xEE, 0x35, 0x77, 0x0C, 0xE6, 0x8E,
    0x07, 0xE4, 0xEE, 0xEE, 0xDC, 0x91, 0x90, 0x06, 0xC0, 0xF0, 0x01, 0x87, 0xE2, 0xE5, 0x9A, 0xAF,
    0x37, 0xCD, 0x10, 0x56, 0x8C, 0x53, 0x95, 0xA3, 0xE6, 0x51, 0xE9, 0xBC, 0x6B, 0xBB, 0x0A, 0x1F,
    0xB6, 0xEA, 0x66, 0x4F, 0x24, 0xAF, 0x89, 0x23, 0x3A, 0x5B, 0x85, 0x8B, 0x95, 0x9A, 0xD1, 0xEF,
    0x90, 0x3C, 0x4D, 0xCD, 0x6E, 0xE3, 0x02, 0xD8, 0xAB, 0xA5, 0xFC, 0xB2, 0x9A, 0xD8, 0xB2, 0xA2,
    0x08, 0x4D, 0x4F, 0x97, 0x44, 0xF1, 0x1F, 0xB2, 0x2C, 0x73, 0xA7, 0x2E, 0x7E, 0xEE, 0x4C, 0x5B,
    0xB4, 0xA2, 0x1B, 0x63, 0x98, 0xF7, 0xA6, 0xC7, 0x28, 0x62, 0x32, 0x0C, 0x83, 0xCB, 0xC4, 0xA7,
    0x08, 0xCA, 0xE4, 0x84, 0x36, 0xEC, 0x4F, 0x70, 0xD9, 0xF0, 0xAA, 0x99, 0x72, 0x2B, 0x0B, 0xDA,
    0x69, 0x5F, 0x18, 0x4E, 0xC7, 0x86, 0xAF, 0x11, 0x3D, 0x00, 0xF1, 0x72, 0x81, 0x12, 0xBE, 0x84,
    0xFE, 0x24, 0x96, 0x12, 0xB6, 0x0B, 0xFA, 0x92, 0xB4, 0xA0, 0xEB, 0x72, 0x61, 0x40, 0xDB, 0xA3,
    0x66, 0xC2, 0x78, 0x28, 0x1E, 0x73, 0x59, 0xD9, 0xDB, 0x6B, 0x96, 0x10, 0xE1, 0x6F, 0x7F, 0x67,
    0xCF, 0xE3, 0xA5, 0x79, 0x4F, 0x77, 0x1F, 0xB5, 0xC8, 0x32, 0x41, 0x9B, 0x32, 0x4E, 0xE9, 0x90,
    0x9C, 0xE6, 0xD5, 0x40, 0xA1, 0xC4, 0x0F, 0x66, 0xC9, 0x05, 0x81, 0xC4, 0xC4, 0x07, 0x31, 0x2E,
    0x0F, 0x2F, 0xC8, 0xAB, 0x50, 0xAB, 0x5E, 0xDD, 0xFC, 0x23, 0x1E, 0xD4, 0x43, 0xEE, 0x55, 0x2C,
    0x5C, 0x7C, 0xBC, 0x76, 0x3F, 0xDB, 0xFE, 0x8B, 0x9F, 0x83, 0xBC, 0x34, 0x24, 0x6D, 0x08, 0xFB,
    0x02, 0x08, 0xEF, 0xCA, 0x9C, 0x50, 0xE5, 0x9E, 0x97, 0x1F, 0xDE, 0x70, 0x69, 0xBD, 0x51, 0xDD,
    0x35, 0x7F, 0x4A, 0xE5, 0xD6, 0x65, 0xFB, 0x91, 0x87, 0x70, 0x1E, 0xD8, 0x8F, 0xBC, 0x1C, 0x35,
    0x2C, 0xAA, 0xDC, 0xDE, 0xAF, 0xF5, 0xA9, 0xF0, 0x12, 0x47, 0x47, 0x3C, 0xEC, 0x1F, 0xB8, 0x17,
    0x40, 0x7A, 0x9B, 0x85, 0x50, 0x85, 0xB6, 0x40, 0xD6, 0x00, 0xFF, 0x0F, 0x84, 0x93, 0x5D, 0xAA,
    0x6B, 0x37, 0x0C, 0x46, 0x17, 0xE8, 0x35, 0xA0, 0xA9, 0x04, 0xFA, 0xBA, 0x41, 0x53, 0x17, 0x64,
    0x00, 0x99, 0x8A, 0x20, 0xAF, 0x82, 0xAF, 0xFE, 0xDB, 0xB7, 0xF7, 0xB4, 0xF7, 0x9C, 0xDA, 0xFA,
    0xD6, 0x32, 0x1B, 0xC7, 0x08, 0x9B, 0x60, 0xE5, 0x1D, 0xED, 0xED, 0x05, 0x60, 0xB9, 0x66, 0x59,
    0xF9, 0xAF, 0x19, 0x67, 0x6A, 0xCC, 0x48, 0x08, 0xE0, 0x02, 0x17, 0x48, 0x65, 0x52, 0xEF, 0x13,
    0x3E, 0x1D, 0xA5, 0x91, 0xE9, 0x42, 0x77, 0x3E, 0xB9, 0x12, 0x9F, 0x7C, 0x86, 0xB2, 0x5C, 0xEF,
    0xF6, 0xFD, 0x3B, 0x88, 0x02, 0x67, 0x07, 0x35, 0xB8, 0x94, 0x48, 0x2A, 0x94, 0x5E, 0x26, 0x16,
    0x62, 0xAF, 0x5C, 0x80, 0x4D, 0x84, 0x54, 0xE8, 0xC6, 0xFE, 0xC6, 0x3F, 0x88, 0xB4, 0x1C, 0xF0,
    0xC6, 0x93, 0x83, 0x68, 0xDA, 0x25, 0x75, 0x4C, 0x38, 0xA8, 0x1E, 0xF0, 0xB8, 0x20, 0xF4, 0x6E,
    0x85, 0xB4, 0xDA, 0xF2, 0x3D, 0x3B, 0xCA, 0x4E, 0xBC, 0xD7, 0x17, 0xA9, 0x42, 0x6A, 0x69, 0x00,
    0xFA, 0x09, 0x0F, 0xA9, 0x4C, 0xBD, 0x19, 0x4A, 0x54, 0x2E, 0x08, 0x4C, 0xD0, 0x83, 0x39, 0x88,
    0xD2, 0x0A, 0x54, 0x93, 0x51, 0x9E, 0xB8, 0x3A, 0x44, 0x1C, 0x4A, 0x02, 0x53, 0xB3, 0xD7, 0x5F,
    0x08, 0x4A, 0xFE, 0xC0, 0xBD, 0x9F, 0x90, 0x6E, 0xC6, 0x1C, 0xDA, 0x03, 0x80, 0xFE, 0x7D, 0xE0,
    0x02, 0xF6, 0x45, 0xA9, 0xB1, 0xA6, 0xB9, 0x2F, 0xB7, 0xF1, 0xE6, 0xC9, 0xB9, 0xDA, 0x1A, 0x38,
    0xA7, 0x16, 0x97, 0xAB, 0x11, 0x12, 0xC2, 0x95, 0x2A, 0x06, 0x44, 0x64, 0xA8, 0x1C, 0x97, 0x0C,
    0xA4, 0x04, 0x57, 0x9D, 0xE7, 0xC3, 0xD7, 0xC9, 0x07, 0xB1, 0x57, 0x5E, 0xB8, 0x94, 0xE7, 0x64,
    0x03, 0x02, 0xE9, 0x75, 0x2A, 0x68, 0x90, 0x00, 0x97, 0xD6, 0x52, 0xC2, 0x04, 0x91, 0x5E, 0xDE,
    0x56, 0x9E, 0x92, 0x75, 0x58, 0x7B, 0x0E, 0x96, 0x65, 0x5C, 0x9E, 0x9E, 0xD1, 0x9E, 0xF0, 0x2D,
    0xD7, 0xCE, 0x2B, 0x4C, 0xCA, 0x8E, 0x75, 0x82, 0x57, 0xD4, 0x6A, 0x8B, 0x48, 0x24, 0x09, 0x42,
    0xBB, 0x73, 0x4D, 0xBC, 0x71, 0x89, 0xC8, 0x11, 0xB4, 0xA7, 0xDD, 0x09, 0xE4, 0x27, 0x1D, 0x15,
    0x23, 0x5E, 0x91, 0x3C, 0xC6, 0x74, 0x02, 0xD1, 0xD6, 0xFB, 0xAF, 0xA2, 0x8F, 0x52, 0x2F, 0x71,
    0x92, 0x51, 0x91, 0xD6, 0x5E, 0xB4, 0x35, 0x41, 0xE3, 0x5C, 0x21, 0xF5, 0x8C, 0x4E, 0xC0, 0xEE,
    0xD4, 0xCE, 0x63, 0x48, 0xBD, 0x1B, 0x7A, 0x44, 0xCA, 0x7D, 0x64, 0xF8, 0x2F, 0xA5, 0x1E, 0xB1,
    0xD2, 0x66, 0x19, 0x12, 0xAE, 0x06, 0x15, 0x52, 0xED, 0xF2, 0x26, 0x84, 0x94, 0xED, 0xB3, 0xA4,
    0x51, 0x78, 0x83, 0xD7, 0x97, 0xDC, 0x5D, 0xDC, 0xC1, 0x93, 0x2F, 0x39, 0x43, 0x52, 0xFD, 0x1E,
    0x57, 0x86, 0xAA, 0xAD, 0x47, 0xC9, 0xFA, 0x69, 0x8D, 0x37, 0x51, 0x28, 0xF7, 0x73, 0x07, 0x97,
    0xD4, 0xBB, 0x50, 0xE1, 0x12, 0xC1, 0x48, 0x0A, 0x47, 0x70, 0xDE, 0x00, 0x0D, 0x23, 0x20, 0xF2,
    0x1A, 0xB9, 0xAF, 0x3C, 0xD4, 0xB8, 0x12, 0x9A, 0x36, 0x79, 0x47, 0x8A, 0x27, 0x51, 0xA6, 0xEF,
    0xD0, 0x07, 0xE9, 0x8D, 0x7E, 0x46, 0xC5, 0x80, 0xCE, 0x65, 0xB5, 0xDE, 0x19, 0xA9, 0x04, 0xBE,
    0x47, 0x01, 0x78, 0xA9, 0x4D, 0x1F, 0xB5, 0x0F, 0x64, 0x0C, 0xB0, 0xA0, 0xFF, 0x43, 0x13, 0x1B,
    0xAF, 0xC6, 0x27, 0x6C, 0x82, 0x98, 0xC0, 0x7E, 0x46, 0xDD, 0xF0, 0x1C, 0x59, 0x10, 0x03, 0x3D,
    0x51, 0x10, 0xA9, 0x52, 0x8F, 0x54, 0xA4, 0x95, 0xA5, 0xB5, 0x8B, 0x78, 0x2A, 0xA4, 0x52, 0xB3,
    0xCB, 0x7E, 0xA8, 0x42, 0xCA, 0x51, 0x3C, 0x30, 0x55, 0xA8, 0x23, 0x25, 0xFE, 0x55, 0x1D, 0x6A,
    0x57, 0x99, 0x78, 0x92, 0xB4, 0x15, 0x41, 0xEF, 0xC7, 0xAC, 0x48, 0x6F, 0x6F, 0xD3, 0x5B, 0xC8,
    0x64, 0x72, 0x79, 0x47, 0x47, 0x45, 0x06, 0x5A, 0x7B, 0xCB, 0xF2, 0x7E, 0xE7, 0x65, 0xEB, 0xE3,
    0x13, 0xAF, 0xE3, 0xDC, 0x8E, 0x63, 0xF1, 0xC5, 0xA3, 0xB4, 0x5C, 0xB6, 0xEC, 0xE5, 0xCB, 0x91,
    0xB7, 0x2F, 0x21, 0xA5, 0xA8, 0xE5, 0xB6, 0xDA, 0xBF, 0xB4, 0x9C, 0xF6, 0x72, 0xB6, 0xAF, 0xE5,
    0x48, 0x49, 0x35, 0x4C, 0x2C, 0x6B, 0xDB, 0x1A, 0x68, 0x8E, 0xFF, 0xD8, 0xF7, 0xDD, 0xEF, 0xED,
    0xC8, 0xE3, 0xFF, 0xF4, 0x7B, 0xEC, 0xA7, 0x5F, 0xA9, 0xA6, 0x5F, 0xE5, 0xD3, 0x31, 0xDC, 0xC3,
    0xB2, 0xF6, 0x96, 0x52, 0xA4, 0x97, 0xF4, 0xBA, 0x4F, 0x1E, 0x89, 0xDC, 0x6B, 0x31, 0x9C, 0xEB,
    0x13, 0x91, 0xA3, 0x2E, 0x10, 0x34, 0x3D, 0x61, 0xD2, 0xC0, 0xB1, 0xD7, 0x74, 0x99, 0x72, 0x6F,
    0xD5, 0x6E, 0xEC, 0x3A, 0x8D, 0xC9, 0xB4, 0x7B, 0xFD, 0xD5, 0x60, 0xE1, 0x05, 0x28, 0xF1, 0x9C,
    0x6E, 0x62, 0xF8, 0xEF, 0x66, 0xCD, 0x28, 0x45, 0x72, 0x5D, 0x07, 0xC3, 0x02, 0xBD, 0x5E, 0xD0,
    0x56, 0x06, 0xEE, 0x6B, 0x81, 0xB6, 0x2E, 0xA8, 0x05, 0x9C, 0xAD, 0x08, 0xFA, 0x55, 0xF0, 0xDF,
    0xFC, 0x52, 0xE2, 0xA4, 0x32, 0xA7, 0x39, 0xC3, 0x3D, 0xD3, 0xD3, 0xD5, 0xC4, 0x9F, 0x93, 0x49,
    0x12, 0xFD, 0x96, 0x53, 0xB2, 0x1D, 0x8D, 0x28, 0x04, 0xBD, 0xC7, 0x1A, 0xF1, 0x83, 0x32, 0x95,
    0x22, 0xA1, 0x69, 0x88, 0x09, 0x76, 0x1E, 0x40, 0x5A, 0x3C, 0x3C, 0x9C, 0x17, 0x67, 0xDF, 0x09,
    0x9D, 0xBA, 0x34, 0xC6, 0x23, 0x26, 0x5D, 0xA7, 0x63, 0xBC, 0x37, 0xB5, 0x87, 0xED, 0x75, 0x0B,
    0x9C, 0x3E, 0x99, 0xE6, 0x7A, 0xAD, 0xC2, 0xE3, 0xF5, 0xA7, 0xF9, 0x5A, 0x50, 0x7B, 0x88, 0x8C,
    0xB9, 0x3C, 0x67, 0xA8, 0x45, 0x58, 0x21, 0xB4, 0xE8, 0x6D, 0x2F, 0xCA, 0x45, 0xCC, 0xC0, 0xF3,
    0x98, 0x68, 0x36, 0x0C, 0xD2, 0x8B, 0x34, 0x90, 0xE2, 0x72, 0xFB, 0x33, 0x9C, 0x74, 0xC4, 0x8D,
    0x35, 0x74, 0x2A, 0x4C, 0x52, 0x2F, 0xB4, 0xB0, 0x7A, 0xA5, 0x03, 0x78, 0x25, 0xE5, 0x0F, 0x43,
    0x87, 0xDD, 0x02, 0x23, 0x0B, 0x08, 0x07, 0x86, 0x6C, 0x7B, 0x4C, 0x0C, 0x22, 0x9D, 0x54, 0xC4,
    0x04, 0x02, 0x32, 0xDE, 0x52, 0x73, 0x6B, 0xD3, 0x9F, 0xF4, 0xC0, 0xDA, 0x62, 0x9F, 0x0E, 0xF9,
    0xF1, 0x86, 0xCA, 0xBD, 0xF5, 0xA0, 0x1E, 0x64, 0xFF, 0xF4, 0x9F, 0x48, 0xAA, 0xF5, 0x78, 0xDB,
    0x37, 0xA4, 0x94, 0x3A, 0x61, 0x37, 0x32, 0x02, 0xBF, 0xAD, 0x66, 0xBD, 0x6A, 0xB0, 0xA6, 0xE6,
    0xB9, 0x0F, 0xD2, 0xF0, 0x8E, 0xCA, 0x0D, 0x40, 0xC9, 0xBD, 0x1E, 0x25, 0xAC, 0x1F, 0x7B, 0x5D,
    0x7E, 0xD4, 0x29, 0x71, 0xE8, 0xA2, 0xA6, 0x5B, 0x1D, 0x06, 0x50, 0xE5, 0xAD, 0x9E, 0x50, 0x39,
    0xFA, 0xAE, 0xF5, 0x28, 0x5D, 0x4B, 0x8C, 0x63, 0x91, 0xA1, 0x39, 0xB5, 0xF1, 0xDF, 0x81, 0xA4,
    0xDA, 0x6B, 0xBD, 0x56, 0x19, 0xB3, 0xC0, 0x52, 0x88, 0x95, 0xD5, 0x06, 0xCF, 0x03, 0xB4, 0x1A,
    0xA0, 0xD4, 0x7F, 0x40, 0xEE, 0x08, 0x4F, 0xD1, 0xF2, 0x19, 0x8F, 0x03, 0xA1, 0x2D, 0xB1, 0x75,
    0x8F, 0xC6, 0x24, 0xCE, 0x7B, 0x8C, 0x73, 0x5B, 0xC2, 0xB0, 0x66, 0x33, 0x2B, 0xA8, 0xF9, 0xF8,
    0x72, 0xDD, 0x71, 0x8D, 0xFE, 0xD4, 0x8D, 0x6C, 0x28, 0xC1, 0x96, 0x2E, 0x08, 0xA1, 0xED, 0x8D,
    0x17, 0x00, 0x2F, 0x88, 0x11, 0x75, 0xA2, 0x36, 0x68, 0x9E, 0xB0, 0x76, 0xD7, 0xC2, 0x1E, 0xC4,
    0x94, 0x30, 0xC2, 0x89, 0xBE, 0x39, 0xBF, 0x53, 0x95, 0x1F, 0x1E, 0x52, 0x1E, 0x19, 0x8E, 0xE9,
    0x24, 0x78, 0xE6, 0x87, 0xE8, 0xF7, 0x49, 0xF3, 0x00, 0x95, 0x21, 0x7A, 0xE9, 0x33, 0x7B, 0x2E,
    0xF8, 0xDE, 0x6E, 0xB4, 0xE8, 0xD5, 0xCE, 0xAC, 0x82, 0xC1, 0x83, 0x25, 0xC5, 0x01, 0x6B, 0x11,
    0xD7, 0x4D, 0xFF, 0x66, 0x93, 0xDB, 0xE6, 0x48, 0xA0, 0x80, 0x99, 0x82, 0xCD, 0x02, 0xA8, 0xA6,
    0x1D, 0xBF, 0xED, 0xC9, 0xB6, 0xF7, 0xF2, 0xFE, 0xCB, 0xB5, 0x64, 0xFF, 0x7A, 0x1C, 0x1D, 0xEC,
    0x40, 0x17, 0x43, 0xCE, 0x75, 0xB7, 0xA2, 0x9F, 0x16, 0xF9, 0xDB, 0xE2, 0x94, 0x8B, 0xEA, 0xE2,
    0xE1, 0xDD, 0x79, 0xC8, 0x66, 0x78, 0x80, 0x26, 0xBF, 0xDE, 0xEE, 0x8A, 0xC7, 0xEC, 0x2D, 0x1E,
    0x8C, 0xD7, 0x84, 0x5B, 0x92, 0x5E, 0x27, 0x6D, 0x88, 0x21, 0x80, 0x7C, 0x61, 0xF1, 0xC6, 0x2B,
    0x7D, 0x98, 0x24, 0x36, 0xCA, 0x74, 0x80, 0x71, 0x1B, 0x05, 0x47, 0x6C, 0x3C, 0xE7, 0x83, 0xC8,
    0x07, 0x65, 0x22, 0x3F, 0x9D, 0x06, 0x8C, 0x7E, 0xEF, 0xFB, 0x6D, 0xA3, 0x73, 0x87, 0x11, 0xE2,
    0x63, 0x63, 0xE8, 0x07, 0x62, 0x63, 0x5E, 0xE9, 0x69, 0x8B, 0x56, 0x27, 0x15, 0x27, 0x05, 0x7F,
    0x5D, 0x08, 0xD2, 0x2F, 0x34, 0x84, 0x15, 0xC9, 0x53, 0x3B, 0x29, 0x4B, 0xCF, 0xC9, 0x62, 0x35,
    0x41, 0xCE, 0x39, 0xF1, 0x24, 0xB5, 0xE4, 0xF6, 0x37, 0x63, 0x57, 0xB7, 0xB1, 0xFD, 0xB0, 0xFB,
    0x84, 0x3B, 0xE1, 0xB9, 0x53, 0x10, 0x20, 0x13, 0xF1, 0x8B, 0x8C, 0x9D, 0x49, 0xF6, 0x73, 0xC4,
    0x5F, 0x1E, 0x7E, 0x58, 0x6C, 0x9D, 0x29, 0x17, 0xA7, 0xFF, 0x34, 0x75, 0x0C, 0xB2, 0xDE, 0x52,
    0xB3, 0x9D, 0xBE, 0x1D, 0x55, 0x0A, 0x90, 0x49, 0x5A, 0x58, 0xF4, 0xD7, 0x9C, 0x78, 0x3F, 0xE5,
    0x5A, 0xE3, 0xE0, 0x48, 0x92, 0xB7, 0xBB, 0xA1, 0xD5, 0xE2, 0x6D, 0xDF, 0x10, 0x4B, 0xA3, 0xCE,
    0xA4, 0x39, 0x2F, 0x90, 0xBD, 0x6F, 0xE1, 0xF1, 0xA6, 0x9A, 0xE7, 0x1B, 0xA1, 0xF1, 0xEA, 0xF0,
    0x44, 0x18, 0xB5, 0xCC, 0xED, 0x5D, 0xF3, 0xD8, 0x3F, 0xD0, 0x4F, 0x76, 0xF1, 0xED, 0xEA, 0x47,
    0x0B, 0xE7, 0x23, 0x67, 0x50, 0x25, 0x8F, 0xD1, 0x83, 0x3A, 0x68, 0xA6, 0x69, 0x48, 0x27, 0xCB,
    0x53, 0xDC, 0xC9, 0x22, 0xB5, 0x69, 0xD9, 0x0C, 0xD2, 0x85, 0x2C, 0x3A, 0x0B, 0xB9, 0xC8, 0xDE,
    0xA6, 0x1E, 0x59, 0x0F, 0x37, 0x1C, 0x51, 0x38, 0x04, 0x8A, 0x5A, 0x33, 0x38, 0xAD, 0x26, 0x86,
    0x79, 0x2E, 0x9E, 0x65, 0xB8, 0xFE, 0xAE, 0x41, 0xD8, 0xB1, 0xEB, 0xA4, 0x95, 0xCF, 0xA9, 0x3F,
    0xD1, 0x10, 0xBE, 0xD1, 0x4F, 0x7A, 0xF3, 0xD1, 0x2C, 0xEC, 0xB4, 0xB2, 0x6C, 0xCD, 0xC3, 0x40,
    0x29, 0xC0, 0x7E, 0x47, 0x92, 0x22, 0x26, 0x67, 0xF0, 0xB8, 0x2C, 0x27, 0x3C, 0x9B, 0x6F, 0xA9,
    0x59, 0xF3, 0x0C, 0xDE, 0xDE, 0x9C, 0x68, 0x52, 0x6C, 0x85, 0x05, 0x4F, 0xAB, 0x48, 0xBC, 0x9F,
    0x72, 0x4D, 0x4B, 0x0A, 0xF7, 0x1B, 0x35, 0x2D, 0xDE, 0xF8, 0x0D, 0x89, 0xDB, 0x1B, 0xA2, 0x9F,
    0xBD, 0x21, 0xBF, 0x9E, 0xE8, 0xB1, 0x23, 0xD1, 0x23, 0x5E, 0x4E, 0x1B, 0x4D, 0x45, 0x2D, 0xD2,
    0x3C, 0x19, 0xFF, 0x48, 0xBB, 0x25, 0x7A, 0x88, 0x18, 0x18, 0xD0, 0x57, 0x2D, 0x00, 0x8D, 0x24,
    0x8A, 0x8E, 0x03, 0x25, 0x5D, 0xA0, 0x57, 0x18, 0x5D, 0x81, 0x46, 0x6C, 0xA8, 0xCB, 0xC4, 0xDA,
    0x56, 0x04, 0x23, 0x96, 0xEA, 0xB6, 0xBA, 0xF2, 0x6D, 0x9E, 0x93, 0xEB, 0x39, 0xE9, 0xC1, 0x1D,
    0x17, 0xB2, 0x44, 0x7C, 0x65, 0xBC, 0x48, 0xBF, 0xB2, 0x9A, 0x88, 0x15, 0x89, 0x68, 0xC0, 0x53,
    0x1C, 0xA4, 0x36, 0x85, 0x04, 0xF9, 0xD1, 0x4C, 0x80, 0x26, 0x66, 0x95, 0x61, 0x38, 0x3A, 0xCD,
    0x65, 0xF1, 0x51, 0x24, 0x86, 0xD7, 0x0E, 0xB4, 0xE0, 0x7E, 0x23, 0xD7, 0x8F, 0x0B, 0xAB, 0xE3,
    0xF5, 0xF6, 0x7D, 0x44, 0x43, 0x76, 0xA7, 0x5C, 0x73, 0x07, 0x14, 0x79, 0x01, 0x1A, 0x61, 0x7E,
    0x81, 0xC7, 0x63, 0x43, 0x3E, 0x10, 0x8E, 0x44, 0x19, 0xD2, 0xB1, 0x37, 0x46, 0xDB, 0xF0, 0x82,
    0x13, 0xF3, 0xBB, 0x26, 0xE2, 0x0F, 0x28, 0x78, 0xC8, 0x61, 0x72, 0x65, 0xEC, 0xFC, 0xB9, 0x01,
    0xEC, 0xAB, 0x14, 0xFF, 0x72, 0x05, 0xD3, 0x0B, 0x65, 0xFB, 0x5B, 0x95, 0xEC, 0xA8, 0x1F, 0x6B,
    0x89, 0xFF, 0xC5, 0xC6, 0x27, 0xC9, 0xF8, 0x84, 0x28, 0x21, 0x03, 0xA9, 0x3F, 0x63, 0xFC, 0xF4,
    0xB8, 0xD1, 0xE3, 0xAE, 0xBD, 0x47, 0x4C, 0xBE, 0xF5, 0xEB, 0x15, 0x18, 0xDC, 0xE9, 0x00, 0xD4,
    0x2C, 0xA3, 0xD7, 0xA3, 0xA7, 0x9A, 0xC7, 0xAF, 0x6A, 0x52, 0x6A, 0x7B, 0xF8, 0x40, 0x52, 0x01,
    0x4A, 0xBA, 0x92, 0x55, 0x75, 0xC2, 0x45, 0x65, 0xCC, 0x89, 0xD3, 0x16, 0xCF, 0x24, 0x2F, 0x9D,
    0xA5, 0xD5, 0xED, 0x7F, 0x08, 0x68, 0x39, 0xCB, 0xA4, 0xD6, 0x93, 0x2D, 0xBF, 0x15, 0x0A, 0x4D,
    0x5E, 0x63, 0x73, 0x4F, 0x4C, 0x0A, 0x80, 0xCF, 0x61, 0x8D, 0x79, 0x7F, 0x63, 0xF2, 0x31, 0x73,
    0xC3, 0x1E, 0xFB, 0x9C, 0x85, 0xAE, 0xAC, 0xB9, 0x86, 0x13, 0xEE, 0xF9, 0xBB, 0x69, 0xA0, 0xED,
    0x55, 0x12, 0x81, 0x04, 0xC0, 0xD3, 0x57, 0x0D, 0x3F, 0xF6, 0xB4, 0x41, 0x2D, 0x0D, 0x23, 0x62,
    0x37, 0x82, 0x38, 0xF3, 0x3F, 0xF2, 0x9B, 0xED, 0x1C, 0x39, 0x31, 0xCC, 0xB7, 0x44, 0x74, 0xDA,
    0x38, 0x35, 0xE4, 0xF1, 0x5B, 0xED, 0x94, 0x96, 0xC2, 0x56, 0x59, 0x5F, 0x89, 0x7F, 0xA3, 0x0D,
    0x6F, 0x47, 0x71, 0x7F, 0xB2, 0x6A, 0x38, 0x3B, 0xC5, 0x4A, 0x00, 0x71, 0xDA, 0xE0, 0xA6, 0x9F,
    0x6E, 0xFF, 0x51, 0x3E, 0xAF, 0xF6, 0xEC, 0x94, 0x73, 0x3B, 0x72, 0xCC, 0x62, 0xF2, 0x2F, 0x9E,
    0xE6, 0x73, 0x65, 0x18, 0xD2, 0x9F, 0xE5, 0x52, 0xEB, 0x79, 0x0A, 0x3A, 0xDE, 0xB0, 0xCC, 0x7D,
    0xB6, 0x3D, 0x05, 0xE0, 0xE6, 0xE9, 0x52, 0x78, 0x62, 0xB6, 0x09, 0x29, 0xFF, 0xF7, 0xA3, 0x24,
    0xE8, 0x24, 0x84, 0xAF, 0x4F, 0xA8, 0x41, 0xD0, 0xC5, 0x3C, 0x34, 0xAB, 0x35, 0x43, 0xD9, 0xE0,
    0x09, 0x99, 0x20, 0xD1, 0xA8, 0x33, 0x3E, 0xC8, 0x0E, 0xDC, 0x31, 0x27, 0xAE, 0x79, 0x73, 0x9B,
    0xA1, 0x9F, 0x86, 0x7C, 0xE5, 0x9C, 0x99, 0xA8, 0x8E, 0x63, 0xC0, 0x7F, 0x78, 0xFF, 0xA2, 0xF4,
    0x1E, 0x2C, 0x97, 0xF7, 0x43, 0x50, 0x14, 0x09, 0xD8, 0xC6, 0x27, 0x26, 0x02, 0xB8, 0x6D, 0xAC,
    0xE1, 0xA3, 0x59, 0x96, 0x8B, 0xE9, 0x8B, 0x18, 0xC6, 0x2B, 0x83, 0x02, 0x41, 0xB2, 0xD1, 0x2E,
    0xAF, 0x23, 0x38, 0x31, 0x82, 0x9C, 0xB0, 0x57, 0x4D, 0x88, 0xF5, 0x9F, 0x5D, 0x78, 0xBB, 0x42,
    0x7E, 0xCD, 0x2F, 0x04, 0x2F, 0x2E, 0xC5, 0xF2, 0x4B, 0xFB, 0xBE, 0xBB, 0x33, 0x5E, 0x07, 0xEF,
    0x20, 0x2E, 0xF9, 0xF9, 0xAF, 0x57, 0xB0, 0x3A, 0xDF, 0x06, 0xEC, 0x21, 0x0A, 0xAA, 0x19, 0xC1,
    0x1F, 0x5F, 0xAE, 0xC0, 0x27, 0x45, 0xBC, 0xBF, 0x9D, 0xF3, 0x39, 0x2C, 0x56, 0xD3, 0xBF, 0xD8,
    0x78, 0x29, 0x0F, 0x15, 0x1B, 0xAC, 0x31, 0x71, 0xEC, 0xCF, 0x18, 0xEF, 0x11, 0xFB, 0xC8, 0x49,
    0xBF, 0xE6, 0xA5, 0x1D, 0x28, 0x5C, 0xCA, 0x9A, 0x71, 0x7A, 0xAE, 0xD2, 0xC7, 0x06, 0xCB, 0x19,
    0xD8, 0xEF, 0xC2, 0x8C, 0x70, 0x2A, 0xC1, 0x86, 0x8F, 0x22, 0x12, 0xC1, 0x83, 0x70, 0x50, 0x58,
    0xBD, 0x08, 0x73, 0x0A, 0x83, 0x63, 0x0C, 0x91, 0xD9, 0xAC, 0x93, 0x82, 0xA5, 0xE3, 0x36, 0xBF,
    0x9C, 0x4B, 0x9C, 0x52, 0xC8, 0xFF, 0x36, 0x15, 0x82, 0x3B, 0x75, 0xF8, 0xD7, 0x62, 0xD9, 0xD0,
    0x48, 0xDF, 0x68, 0xE5, 0x7D, 0x6F, 0x79, 0x06, 0x89, 0x8D, 0xC7, 0x47, 0x85, 0xFB, 0xA7, 0x03,
    0x6B, 0xFA, 0x65, 0xDD, 0x53, 0x84, 0xA6, 0x7C, 0x8F, 0x36, 0x97, 0xA5, 0x44, 0x9B, 0x86, 0x24,
    0x9F, 0x73, 0xD2, 0x5B, 0xA0, 0x7D, 0x8B, 0xB6, 0x49, 0x98, 0xE0, 0xB9, 0x33, 0x8E, 0xFD, 0x95,
    0x48, 0xF9, 0x16, 0x55, 0xBF, 0xBE, 0x84, 0x19, 0x49, 0x54, 0x84, 0x20, 0x52, 0x77, 0x58, 0xBC,
    0xC0, 0xE5, 0x40, 0x0D, 0x04, 0x92, 0x6C, 0x2C, 0x31, 0xE3, 0x0F, 0xB1, 0x22, 0x9E, 0x3C, 0x88,
    0x62, 0xB8, 0x9F, 0xC5, 0xCB, 0xCB, 0x15, 0x25, 0xFB, 0x1E, 0x08, 0x27, 0xF4, 0x73, 0x28, 0xD8,
    0x76, 0xA4, 0x96, 0xA3, 0x38, 0x40, 0x6D, 0x28, 0x22, 0x07, 0x18, 0xB0, 0xE9, 0x57, 0x48, 0xC3,
    0xD3, 0x20, 0xD8, 0x00, 0x04, 0x31, 0x89, 0x53, 0x2A, 0xB8, 0x22, 0xD7, 0x1E, 0x8E, 0x7C, 0xE7,
    0x5A, 0x86, 0x10, 0xB7, 0x65, 0xC8, 0x3B, 0xF8, 0xEF, 0x7F, 0xCD, 0x9B, 0xD1, 0x8A, 0xEB, 0xBA,
    0xEF, 0xFD, 0x17, 0xE8, 0x76, 0x40, 0xAF, 0x32, 0x70, 0x6E, 0x0B, 0x7A, 0x75, 0x41, 0x6F, 0xFF,
    0xB0, 0x5F, 0x45, 0x30, 0xB7, 0x82, 0xF5, 0x8F, 0x65, 0xA5, 0x71, 0xBA, 0x3B, 0x73, 0xE6, 0xEC,
    0x5F, 0xF7, 0xB7, 0x63, 0xA2, 0x8F, 0x4C, 0xD2, 0x4E, 0xA4, 0x65, 0x27, 0x76, 0x32, 0x2E, 0x40,
    0x06, 0x56, 0x3E, 0x2A, 0xCA, 0x83, 0x46, 0xBF, 0x63, 0x4E, 0x5A, 0x6C, 0x8C, 0x41, 0x59, 0xA8,
    0xAE, 0x79, 0xA6, 0x91, 0x3C, 0x33, 0x21, 0x4D, 0x97, 0xC9, 0x00, 0xE8, 0x3A, 0x98, 0xA4, 0x1B,
    0x39, 0x09, 0x63, 0xE2, 0x86, 0x07, 0x61, 0x8A, 0x83, 0xA4, 0xCB, 0x80, 0x26, 0x1A, 0x16, 0xB2,
    0x82, 0x05, 0x57, 0x5B, 0x60, 0x7E, 0xD9, 0x10, 0x17, 0xBA, 0x31, 0x98, 0xCA, 0x30, 0x0A, 0x61,
    0x01, 0x09, 0x5C, 0x30, 0x98, 0x00, 0x52, 0xF2, 0x2C, 0x56, 0x4B, 0xA0, 0xFC, 0x81, 0x62, 0x05,
    0x14, 0xC8, 0x11, 0xBD, 0x61, 0x57, 0x4C, 0x19, 0x80, 0xF0, 0xEF, 0xCB, 0x06, 0xF0, 0x2B, 0x31,
    0x2E, 0x2D, 0x83, 0x3F, 0x92, 0x41, 0x16, 0x01, 0x9A, 0xE4, 0x9D, 0x18, 0x97, 0x43, 0x06, 0x1C,
    0x32, 0x34, 0x8D, 0xAE, 0x77, 0x62, 0x00, 0xB0, 0x01, 0xE4, 0x80, 0xC6, 0x42, 0x46, 0xD1, 0x37,
    0x4A, 0xFE, 0xB9, 0x1C, 0x85, 0xC7, 0x72, 0x24, 0x00, 0x89, 0x3D, 0x04, 0x0E, 0xE4, 0x1B, 0x20,
    0x15, 0x17, 0x73, 0x83, 0x95, 0x28, 0xFB, 0x51, 0x19, 0xA8, 0x6F, 0x4D, 0x99, 0xD0, 0x45, 0x5A,
    0x85, 0x8A, 0x2F, 0x84, 0xD0, 0xD4, 0xDC, 0x60, 0xB1, 0x83, 0x01, 0x44, 0x7D, 0xE9, 0x5F, 0x10,
    0x0D, 0xB7, 0x0D, 0x61, 0x09, 0x49, 0x25, 0x2C, 0xA4, 0xD4, 0x25, 0x73, 0x97, 0x44, 0x37, 0x58,
    0x1B, 0x7D, 0x2A, 0x14, 0x9B, 0xE1, 0xDC, 0xE3, 0x2B, 0x1E, 0xA6, 0xA6, 0xA4, 0x0D, 0x0B, 0xDD,
    0x4C, 0x2A, 0x9E, 0xD5, 0x6C, 0xDA, 0xBB, 0x25, 0x42, 0xC9, 0x14, 0xD2, 0x67, 0xA6, 0xEA, 0xBB,
    0x0C, 0x8C, 0xCE, 0x54, 0x83, 0x80, 0x8D, 0x23, 0x6F, 0x90, 0x17, 0x4A, 0x10, 0x7B, 0xC7, 0x98,
    0xBD, 0x97, 0xEA, 0x92, 0x12, 0xE2, 0xC8, 0xE7, 0x4A, 0xD0, 0xD9, 0x2F, 0xE8, 0x7D, 0x78, 0x61,
    0x07, 0xA8, 0xCC, 0x87, 0x71, 0x7A, 0xE9, 0xA4, 0x9F, 0x99, 0xF9, 0x1B, 0xA4, 0x1B, 0x5A, 0x83,
    0x9D, 0xE5, 0x92, 0xBE, 0xBD, 0x2E, 0x7D, 0x71, 0xA4, 0x84, 0x04, 0xA8, 0x0E, 0xA3, 0x1F, 0x32,
    0xC4, 0x73, 0x25, 0x10, 0xC0, 0x01, 0x75, 0xA9, 0xCE, 0x56, 0x69, 0xF7, 0x5D, 0x6B, 0xBD, 0x61,
    0x39, 0xBA, 0x18, 0xC9, 0xC9, 0x84, 0x72, 0xC6, 0xEC, 0x42, 0xC7, 0xD8, 0x62, 0xD0, 0xF2, 0xA0,
    0x4E, 0xF2, 0x77, 0xCA, 0x60, 0xDE, 0xD3, 0x26, 0x63, 0xB0, 0x74, 0x16, 0xFA, 0x46, 0x1D, 0x1B,
    0x99, 0x20, 0xF7, 0x36, 0x98, 0xE9, 0x7B, 0x0E, 0x5E, 0x09, 0x48, 0x11, 0xE6, 0x93, 0x56, 0xCC,
    0x83, 0xD7, 0x80, 0xD2, 0xAE, 0xF5, 0x65, 0x87, 0x14, 0x35, 0x97, 0x78, 0x43, 0x6E, 0xE4, 0xA4,
    0x4F, 0xAA, 0x9D, 0x69, 0x7E, 0xA9, 0x4F, 0x16, 0x19, 0x24, 0x94, 0x61, 0x44, 0x0D, 0x3F, 0xFF,
    0x27, 0x7D, 0x48, 0xC6, 0xCA, 0x27, 0xE8, 0xD3, 0x80, 0xED, 0x20, 0x39, 0x21, 0xB7, 0x7D, 0x4A,
    0xBB, 0x1F, 0x77, 0xAC, 0x70, 0x3F, 0xE4, 0x3C, 0x1C, 0x86, 0x79, 0x8C, 0x3B, 0x5C, 0x86, 0x61,
    0x23, 0xB1, 0xE0, 0x5C, 0x8C, 0x64, 0x14, 0x64, 0x00, 0x74, 0xB9, 0x01, 0x03, 0x02, 0xA1, 0xE3,
    0x04, 0x72, 0x41, 0xEF, 0xC3, 0x82, 0xDC, 0x20, 0x71, 0x40, 0x49, 0x06, 0x6F, 0xC0, 0x6A, 0x9F,
    0xDE, 0x46, 0x34, 0x2D, 0x6E, 0x16, 0xF4, 0xFA, 0x32, 0xC8, 0x58, 0xAF, 0xA3, 0x77, 0x4B, 0x39,
    0x5F, 0x43, 0x17, 0x68, 0xC3, 0x60, 0x9D, 0xB1, 0xDE, 0x66, 0x3D, 0xA0, 0xBF, 0x2C, 0xED, 0x9A,
    0x44, 0x06, 0x12, 0x29, 0x33, 0x75, 0xAB, 0xBE, 0xF4, 0xDC, 0xF4, 0x7B, 0x76, 0xE1, 0x27, 0xD8,
    0x8B, 0x1B, 0xBC, 0x47, 0xCE, 0xC3, 0x24, 0xF1, 0xEC, 0x86, 0xFF, 0xB7, 0xB4, 0xBE, 0x91, 0xD1,
    0xD7, 0x69, 0x15, 0xCE, 0x69, 0xB5, 0xB2, 0xB9, 0xDF, 0x9B, 0xD5, 0x07, 0x18, 0xB7, 0x51, 0xF3,
    0x09, 0x99, 0x71, 0xCE, 0x09, 0xA5, 0x87, 0x1B, 0x0D, 0xAF, 0x33, 0x28, 0xBD, 0x42, 0x7C, 0x87,
    0x74, 0x4F, 0xD7, 0xD8, 0x7B, 0xBA, 0x30, 0x8E, 0x96, 0x7F, 0x5D, 0x77, 0x77, 0x5C, 0x66, 0x57,
    0xD7, 0xEE, 0xEA, 0xDC, 0xD3, 0x78, 0x6A, 0xC3, 0xB7, 0xEC, 0x56, 0x39, 0xE7, 0x69, 0xD6, 0xE8,
    0x73, 0xD6, 0xE8, 0x98, 0xA5, 0xEF, 0x80, 0x01, 0x92, 0x15, 0x3C, 0x35, 0x37, 0x58, 0x21, 0x36,
    0x30, 0x80, 0x6C, 0xF1, 0xEE, 0x41, 0xEE, 0xB0, 0x81, 0xFA, 0xB0, 0xD0, 0x0A, 0xB9, 0x41, 0x09,
    0x49, 0xD9, 0xEF, 0xFC, 0x31, 0x5B, 0x02, 0x79, 0xCC, 0xE6, 0xBD, 0xBB, 0x86, 0x5D, 0x37, 0x24,
    0x12, 0x08, 0xD8, 0x5F, 0x79, 0x04, 0x73, 0x1D, 0x10, 0x82, 0xF3, 0xEC, 0x3A, 0xEA, 0x16, 0x92,
    0x30, 0xAF, 0xB6, 0x60, 0x61, 0xEF, 0x28, 0x0A, 0xF1, 0x86, 0xEB, 0x86, 0x3A, 0x32, 0x91, 0x2D,
    0xEC, 0xAB, 0xF4, 0x0B, 0xD8, 0xF9, 0xE9, 0x35, 0xD6, 0xA7, 0xD7, 0xD7, 0x4B, 0xB7, 0x76, 0xBD,
    0x01, 0x5B, 0x67, 0xEB, 0xAF, 0xED, 0x75, 0xC2, 0x82, 0x77, 0x0D, 0x39, 0x80, 0xD7, 0xAB, 0xF6,
    0x22, 0x49, 0xD6, 0xF2, 0xD5, 0x28, 0xF9, 0x76, 0x3B, 0x9A, 0x03, 0x01, 0x40, 0x5A, 0xCE, 0x06,
    0xF2, 0x67, 0x88, 0x88, 0x2C, 0x0A, 0x3B, 0x0C, 0x1F, 0xCE, 0xA6, 0xA3, 0x76, 0xE0, 0xF5, 0x19,
    0xC7, 0x65, 0x1D, 0xFD, 0x85, 0xF4, 0x76, 0x5A, 0x6D, 0x50, 0xF9, 0x5B, 0x3C, 0x76, 0xF2, 0xD8,
    0x91, 0xFC, 0xDD, 0x01, 0xF6, 0xC8, 0xF1, 0x13, 0xA7, 0x74, 0x61, 0x82, 0x4C, 0x25, 0x7D, 0xBA,
    0x16, 0x1F, 0x74, 0xEC, 0x99, 0x6A, 0xD1, 0xAE, 0x59, 0xB2, 0x18, 0x7A, 0xD0, 0xEB, 0xB2, 0x7E,
    0x46, 0x8A, 0xB0, 0xAF, 0xE9, 0x9A, 0x83, 0xC6, 0x41, 0x0E, 0x5E, 0x27, 0xA3, 0xE8, 0x83, 0xBF,
    0x26, 0xAF, 0x45, 0x39, 0xC8, 0x62, 0x0E, 0xF2, 0x52, 0xCC, 0x62, 0x08, 0xDF, 0x8B, 0xB9, 0x11,
    0xAD, 0xEF, 0xE2, 0x72, 0xB8, 0x87, 0xFA, 0xB2, 0x8A, 0xB7, 0xFB, 0x3B, 0x32, 0xC7, 0xEF, 0x32,
    0x1B, 0x4B, 0xE5, 0xA2, 0x2C, 0x24, 0xE9, 0xCD, 0x7D, 0x7F, 0x36, 0xE9, 0x1B, 0x85, 0xB1, 0x51,
    0x8B, 0x36, 0xA9, 0x83, 0x97, 0x62, 0x4E, 0xDA, 0x60, 0x1C, 0xE4, 0xA4, 0x6F, 0xD4, 0x8F, 0x22,
    0x27, 0x61, 0x1F, 0x45, 0xFA, 0x46, 0x4D, 0x68, 0xCC, 0x0B, 0xCA, 0x48, 0xA4, 0x11, 0xEF, 0x92,
    0x6B, 0xCF, 0x2D, 0x53, 0x4E, 0xED, 0xEE, 0x4D, 0x3E, 0x35, 0x3C, 0x34, 0x63, 0x80, 0xCC, 0x32,
    0x75, 0x58, 0x2A, 0xC9, 0x60, 0xBE, 0x6B, 0x1C, 0x9D, 0xAB, 0x63, 0x73, 0x58, 0x6D, 0xFC, 0x6C,
    0xBB, 0x82, 0x1C, 0x9B, 0x85, 0x91, 0x73, 0x5B, 0x03, 0x37, 0x52, 0x19, 0x77, 0xDF, 0x92, 0x07,
    0x1B, 0xEE, 0x36, 0x63, 0x90, 0x59, 0x5B, 0xCC, 0x0D, 0x7B, 0xD1, 0x44, 0xB7, 0x63, 0x6D, 0xF2,
    0xE9, 0xF6, 0x26, 0xCC, 0xEA, 0x00, 0x7E, 0x81, 0x0E, 0x83, 0xC1, 0x5A, 0xCA, 0x84, 0xB4, 0x9C,
    0x7F, 0x5B, 0xE2, 0x80, 0x5E, 0x60, 0x86, 0x34, 0x66, 0xF5, 0xC8, 0x3F, 0x97, 0xF8, 0x29, 0x82,
    0xE2, 0x02, 0x09, 0x68, 0x40, 0xBD, 0x03, 0xD0, 0x04, 0x88, 0xDB, 0x77, 0x41, 0x3C, 0xD4, 0x5A,
    0xBE, 0xA7, 0xF5, 0x9C, 0xB9, 0xC8, 0xD8, 0xDE, 0x6B, 0x67, 0x80, 0x80, 0xE1, 0x08, 0xD8, 0x9E,
    0xD9, 0x3F, 0xFE, 0xA0, 0x37, 0xD4, 0x49, 0x19, 0xE5, 0x7A, 0x28, 0xC8, 0x2F, 0x87, 0x82, 0x76,
    0xF2, 0x1F, 0x1C, 0xBE, 0x74, 0xBC, 0x39, 0x63, 0x0C, 0x47, 0x66, 0xBB, 0xEE, 0x92, 0x67, 0x27,
    0x44, 0xB9, 0x2C, 0xA7, 0x51, 0xCE, 0xBC, 0x9C, 0x0E, 0xCC, 0xA1, 0xDF, 0x95, 0x07, 0x6A, 0x1F,
    0xCE, 0x45, 0x13, 0x96, 0x24, 0x98, 0x46, 0x0C, 0x8F, 0xEB, 0x80, 0x50, 0xBE, 0x87, 0x14, 0xBE,
    0x0D, 0x64, 0x03, 0x74, 0xCD, 0x8E, 0xA8, 0xE1, 0x9B, 0x15, 0x08, 0xE0, 0x76, 0x50, 0x2B, 0xDE,
    0x4E, 0x3C, 0xA1, 0x41, 0x18, 0xCC, 0xDF, 0x21, 0x5F, 0x5F, 0x7F, 0x5F, 0x98, 0xFC, 0x87, 0xEB,
    0x52, 0x73, 0x5A, 0xB7, 0x25, 0x58, 0x63, 0x69, 0x87, 0x7B, 0x17, 0x97, 0xBA, 0xE1, 0x02, 0x71,
    0xEC, 0x85, 0x5E, 0x71, 0xC9, 0x30, 0x4D, 0xE0, 0x64, 0x71, 0x98, 0x7D, 0x65, 0xDE, 0x06, 0x5C,
    0x88, 0xD9, 0xDF, 0xF6, 0xDD, 0xA4, 0x90, 0x93, 0xDA, 0xBD, 0xC1, 0x41, 0x6C, 0x94, 0x1C, 0xD4,
    0x39, 0x84, 0xF8, 0x60, 0xE5, 0x73, 0xCD, 0xC1, 0x5F, 0x31, 0x48, 0x2F, 0x66, 0xED, 0x9F, 0x99,
    0x37, 0x63, 0xD0, 0x26, 0xF3, 0xA0, 0x4E, 0x12, 0xC6, 0x10, 0x26, 0x99, 0x42, 0x6E, 0xAC, 0x30,
    0xD7, 0xA2, 0x7E, 0x3F, 0x81, 0xD0, 0xA2, 0xC4, 0x72, 0x74, 0x00, 0x97, 0x51, 0xE3, 0x06, 0x72,
    0xAF, 0xC9, 0x1D, 0x72, 0x81, 0x0D, 0xD0, 0x77, 0xD8, 0x8E, 0xCD, 0x49, 0x56, 0xC0, 0xC4, 0x84,
    0x26, 0xFD, 0xF4, 0x82, 0x5B, 0x73, 0x87, 0xF0, 0x6D, 0xF3, 0x4C, 0x3D, 0x05, 0xDE, 0x27, 0xD1,
    0x1B, 0x64, 0x00, 0x03, 0x12, 0x7B, 0xD4, 0xD2, 0x17, 0x82, 0x33, 0x41, 0x27, 0xC1, 0x90, 0x7D,
    0xD6, 0x39, 0xC0, 0x73, 0x18, 0x0E, 0x49, 0x2B, 0xC4, 0x06, 0xCD, 0x1D, 0xC2, 0xC2, 0xFF, 0x93,
    0x04, 0xD9, 0x61, 0x5C, 0xF6, 0x84, 0x35, 0xD7, 0xFF, 0x61, 0x49, 0x2C, 0x43, 0xA2, 0x0F, 0x00,
    0xCA, 0x3E, 0x7A, 0x0F, 0xF9, 0x17, 0xE0, 0x1E, 0x15, 0x49, 0xA1, 0xF2, 0xF8, 0xED, 0x1D, 0x94,
    0xF6, 0xF0, 0x22, 0xD5, 0x95, 0xAC, 0xE3, 0x00, 0x39, 0x28, 0x9F, 0x6D, 0xF9, 0x78, 0xD3, 0xDB,
    0xD6, 0x93, 0x2B, 0x7F, 0x45, 0x4A, 0x4B, 0xB9, 0x7B, 0x46, 0x29, 0x9C, 0x1B, 0x5D, 0xFC, 0xA9,
    0xF9, 0xEE, 0xE7, 0xED, 0x2F, 0x82, 0xE8, 0x11, 0x2F, 0x20, 0x8E, 0x5B, 0x4F, 0x4B, 0x23, 0x7F,
    0x0D, 0x48, 0x2A, 0x53, 0x02, 0xF4, 0x09, 0xDF, 0xA0, 0x85, 0xA7, 0xEB, 0x62, 0x54, 0x27, 0x2D,
    0x6C, 0x33, 0xA1, 0x6E, 0x26, 0xC3, 0x5C, 0xA8, 0xC3, 0x20, 0xBC, 0x1C, 0xB7, 0xC5, 0xFC, 0xDA,
    0x74, 0xB5, 0xBE, 0x3D, 0x82, 0xFE, 0x5F, 0x7A, 0xB0, 0xC6, 0x06, 0xCB, 0x13, 0x34, 0xFE, 0x24,
    0x2D, 0x80, 0xFB, 0x0B, 0xD4, 0x4F, 0x4D, 0x63, 0xB3, 0x94, 0xBC, 0x59, 0x3C, 0x35, 0xAD, 0x37,
    0x08, 0x3D, 0x36, 0xFC, 0x1A, 0x60, 0x01, 0x1B, 0xA2, 0x9F, 0x3D, 0x49, 0x34, 0x3E, 0xBE, 0x9D,
    0x96, 0x1B, 0x2B, 0xA9, 0xFB, 0x4D, 0xC1, 0x04, 0x53, 0x98, 0xF3, 0x33, 0x46, 0x5C, 0x1F, 0xF7,
    0xDB, 0xBC, 0xF5, 0x49, 0x59, 0x6E, 0xD7, 0x1C, 0x94, 0xDA, 0xAD, 0x59, 0xBB, 0xD1, 0xA5, 0x67,
    0xA6, 0xC6, 0xDC, 0xA8, 0x1B, 0x6D, 0x54, 0x20, 0x31, 0xA2, 0x16, 0x97, 0x0F, 0xFA, 0xC6, 0x58,
    0x69, 0xA1, 0x37, 0x6A, 0x1E, 0x14, 0x1E, 0x04, 0x7F, 0x2D, 0xE4, 0xA0, 0x2D, 0x54, 0xBA, 0xE6,
    0xE0, 0x38, 0xB4, 0x13, 0xE8, 0xC1, 0x3F, 0x0F, 0x0A, 0x71, 0xC4, 0xEC, 0x83, 0x1C, 0xC0, 0x3B,
    0xCE, 0x45, 0x2B, 0xE9, 0x9E, 0x5C, 0x52, 0x37, 0x5E, 0x2B, 0x1B, 0xA1, 0xE9, 0xC6, 0x9C, 0xBC,
    0x14, 0x53, 0xA3, 0xF9, 0xF8, 0xD1, 0xEC, 0xC4, 0x1A, 0x04, 0x38, 0xA8, 0xF9, 0xC3, 0xB4, 0xFA,
    0xA3, 0x91, 0xF9, 0x7F, 0xA6, 0xD5, 0xB9, 0x70, 0x40, 0x9A, 0x4B, 0x3B, 0xDA, 0xD2, 0xD4, 0x45,
    0x78, 0xF3, 0xFD, 0xB6, 0xCA, 0x88, 0x7A, 0xBF, 0xB2, 0x48, 0xB3, 0xB3, 0xFB, 0xA1, 0x7D, 0xB8,
    0xA7, 0x8B, 0xEA, 0x86, 0x8D, 0xC1, 0xCA, 0x3A, 0x6F, 0x17, 0x22, 0xCC, 0x8B, 0x2F, 0xE9, 0xC3,
    0x3A, 0x05, 0xB6, 0x78, 0xE0, 0x64, 0x75, 0xB7, 0x4F, 0x16, 0x91, 0x9A, 0x30, 0xC7, 0x3B, 0xD9,
    0xB7, 0xB8, 0xCA, 0xE8, 0x1F, 0xEA, 0x70, 0x42, 0xD5, 0x72, 0x76, 0x72, 0x97, 0x72, 0xD9, 0x2E,
    0xA7, 0x8B, 0xD5, 0x31, 0x34, 0x86, 0x73, 0x6B, 0x97, 0x3E, 0x9C, 0xD2, 0x8F, 0x49, 0x29, 0x48,
    0x9F, 0x6D, 0x8B, 0x6E, 0xDC, 0x6E, 0x5D, 0x7C, 0xB4, 0xAB, 0xF6, 0x90, 0xD8, 0x5D, 0x88, 0x6F,
    0xCE, 0x4E, 0x4E, 0x53, 0x17, 0x27, 0x5C, 0x1D, 0xF8, 0x6B, 0x75, 0xC6, 0x07, 0x4E, 0xE9, 0xD0,
    0x2C, 0x47, 0xBA, 0x1C, 0x6E, 0xEF, 0xD7, 0xF7, 0x4E, 0x73, 0x55, 0x96, 0x27, 0x2D, 0xDF, 0xF7,
    0xD6, 0xAE, 0xC6, 0xAE, 0xB6, 0xFE, 0x67, 0x40, 0x68, 0x1A, 0x92, 0x85, 0xCB, 0x40, 0xDE, 0x10,
    0xD6, 0x60, 0xC1, 0xCF, 0x80, 0x79, 0x01, 0x68, 0xA0, 0x11, 0x79, 0x5E, 0x3E, 0x03, 0x40, 0x49,
    0x3F, 0xF1, 0x51, 0x61, 0xA2, 0x5F, 0x4C, 0x83, 0x64, 0x76, 0x63, 0x68, 0x9E, 0x3A, 0x17, 0xE8,
    0x1C, 0x0C, 0xFA, 0x37, 0xE9, 0xCD, 0x18, 0xEC, 0x47, 0x91, 0xD3, 0x1F, 0xDF, 0xCF, 0x78, 0x7B,
    0x91, 0x49, 0xE6, 0x40, 0x34, 0xEE, 0x8A, 0xD2, 0xE7, 0x01, 0x21, 0x09, 0x4D, 0x21, 0x5A, 0x13,
    0x34, 0xF8, 0x00, 0x36, 0x51, 0x27, 0xDF, 0xA0, 0x33, 0xC1, 0xD9, 0xAB, 0xFB, 0xBF, 0x40, 0x37,
    0xBA, 0xDE, 0x64, 0x12, 0x2E, 0x17, 0xB2, 0xC5, 0x0F, 0x14, 0x2B, 0x70, 0x19, 0xC8, 0x5E, 0x99,
    0x69, 0xB7, 0xB9, 0x88, 0xF0, 0xEF, 0xCB, 0x06, 0xF8, 0x80, 0x86, 0x96, 0x3C, 0xE6, 0x1B, 0x3F,
    0xB8, 0x91, 0xCA, 0x63, 0x29, 0xE3, 0xDB, 0x0F, 0x94, 0x0D, 0x17, 0xA9, 0x30, 0x03, 0x52, 0x48,
    0x8B, 0xFE, 0xB7, 0xA9, 0x64, 0x1D, 0xFC, 0xFB, 0xDA, 0xB1, 0x1F, 0xB9, 0xDB, 0x73, 0xFA, 0xFA,
    0x64, 0x3F, 0x5E, 0x12, 0xC8, 0xA9, 0x4A, 0x79, 0xCC, 0x8C, 0xDB, 0xAF, 0x75, 0xD2, 0xDB, 0xA3,
    0xFD, 0x7A, 0xFC, 0xB1, 0x45, 0xF9, 0xB4, 0xE8, 0xF3, 0xE4, 0xF4, 0xAD, 0x58, 0x0A, 0xCF, 0x71,
    0x41, 0xCB, 0x07, 0x6C, 0x54, 0x01, 0xF6, 0x1A, 0x53, 0x7E, 0x90, 0xA1, 0x29, 0x1F, 0xA1, 0x31,
    0x92, 0x2D, 0x07, 0x7A, 0x3B, 0x0B, 0x06, 0x78, 0xA5, 0xAF, 0xEF, 0xB7, 0xBC, 0x9C, 0x03, 0xB6,
    0x3B, 0x61, 0xC0, 0x87, 0x4B, 0x89, 0x3E, 0x91, 0x90, 0xD7, 0x7D, 0x75, 0xC3, 0x6C, 0xB1, 0x01,
    0xAC, 0xAB, 0x69, 0xF3, 0xB8, 0xCD, 0x26, 0x7E, 0x5F, 0x17, 0x16, 0xBD, 0x16, 0x09, 0x74, 0xE5,
    0x41, 0x59, 0xA8, 0x93, 0x39, 0x68, 0x83, 0xD7, 0xD2, 0xE6, 0x57, 0x02, 0xD2, 0xBC, 0x72, 0xD2,
    0x37, 0x7A, 0x33, 0x06, 0x4F, 0xFD, 0x2C, 0xA1, 0x0C, 0x65, 0x92, 0x29, 0x45, 0x30, 0x96, 0x37,
    0x4B, 0x9F, 0xAE, 0x1C, 0xD5, 0x94, 0x64, 0x2A, 0x49, 0xE5, 0x95, 0x46, 0xE1, 0xC5, 0x24, 0x2F,
    0x6F, 0x92, 0x81, 0xB2, 0xCF, 0x5E, 0x68, 0xE5, 0x6E, 0x3F, 0x2B, 0xE3, 0xEF, 0xBC, 0x3C, 0x52,
    0x7F, 0x38, 0x45, 0x7D, 0x82, 0x12, 0x5D, 0x96, 0x15, 0x9B, 0xBD, 0x7F, 0x5F, 0x3F, 0xE2, 0x3D,
    0x87, 0x7E, 0x2B, 0x67, 0x50, 0x7F, 0x38, 0x59, 0x63, 0xC7, 0xF6, 0xF3, 0xFA, 0xD4, 0xDD, 0x6A,
    0x4C, 0x3C, 0x5A, 0x8D, 0xF9, 0x1C, 0x25, 0x25, 0xF6, 0x06, 0xB3, 0x01, 0x46, 0x1F, 0x50, 0xBF,
    0xBB, 0x2D, 0x66, 0xDF, 0x16, 0x03, 0x0D, 0x0B, 0x19, 0x40, 0xC2, 0x72, 0x9F, 0xC5, 0xF7, 0x94,
    0x71, 0xFF, 0x06, 0xF4, 0x78, 0x54, 0xD6, 0xFD, 0x4D, 0x81, 0xF7, 0x4D, 0x13, 0xF4, 0x82, 0x24,
    0x8C, 0xCC, 0x1E, 0x8A, 0x99, 0x7B, 0x9B, 0x70, 0x9A, 0x70, 0xC6, 0x67, 0x5E, 0x1D, 0x68, 0x69,
    0xAC, 0x3A, 0x91, 0x92, 0x61, 0xAE, 0xD3, 0x02, 0x2D, 0x56, 0xCE, 0x20, 0x8C, 0xD1, 0x8F, 0xED,
    0x61, 0xD0, 0xA0, 0x6B, 0xEC, 0xCB, 0xE4, 0x85, 0x71, 0xBC, 0x51, 0xEA, 0xE8, 0x8C, 0xD1, 0x83,
    0x45, 0x22, 0x01, 0xC7, 0xDB, 0xEB, 0x24, 0x10, 0xEF, 0xB4, 0x7B, 0x4E, 0x9C, 0x23, 0x01, 0x75,
    0x85, 0xC4, 0x13, 0x25, 0xF8, 0x5F, 0xA5, 0x16, 0x03, 0x0E, 0xB9, 0xA5, 0x06, 0xCD, 0x01, 0xEE,
    0x8D, 0xED, 0x44, 0x27, 0x6E, 0x31, 0x90, 0x8F, 0x32, 0x73, 0x23, 0x60, 0xBB, 0x4E, 0xC3, 0x74,
    0xC9, 0x6C, 0x98, 0x9B, 0x1B, 0xD9, 0xBB, 0x7B, 0xCA, 0x6C, 0x47, 0x7F, 0x97, 0x12, 0xC3, 0xAB,
    0x69, 0xBB, 0x91, 0xA9, 0xB1, 0x67, 0xB7, 0xAE, 0x23, 0x79, 0x59, 0xC3, 0x2B, 0x24, 0xD4, 0xD5,
    0x25, 0x6D, 0x7E, 0xD9, 0x72, 0x6A, 0xA2, 0xFE, 0xD4, 0xBE, 0x6F, 0x24, 0xE9, 0x27, 0x82, 0xA1,
    0xCE, 0x62, 0x82, 0x3E, 0x29, 0x3D, 0xAE, 0x3D, 0x8D, 0xFB, 0xE4, 0x9F, 0xCD, 0x65, 0xC8, 0x2F,
    0xAE, 0xAF, 0x37, 0xD6, 0x55, 0x0F, 0x75, 0xF0, 0x30, 0xC9, 0xC3, 0x48, 0xDE, 0x4C, 0x13, 0xDF,
    0x30, 0x81, 0xD2, 0x4A, 0xF5, 0x7E, 0x29, 0x38, 0x83, 0x28, 0x11, 0xBB, 0xAB, 0xAC, 0xDD, 0xE5,
    0x0D, 0xD8, 0x68, 0xAE, 0xFE, 0xC5, 0x43, 0xBF, 0xA2, 0xCB, 0x8F, 0xD2, 0x16, 0x15, 0x72, 0x5B,
    0x0D, 0x20, 0x65, 0x94, 0xFE, 0x79, 0x87, 0x42, 0xF2, 0xED, 0xCF, 0x54, 0x2C, 0xD3, 0x56, 0x91,
    0xC0, 0xA7, 0xBD, 0xCA, 0xFE, 0x43, 0xE6, 0x42, 0x32, 0x56, 0x7E, 0x2F, 0x73, 0x29, 0xAE, 0x99,
    0x9B, 0x4F, 0x23, 0x6E, 0x66, 0xA4, 0xEF, 0xB6, 0x8E, 0x88, 0x24, 0xBD, 0x33, 0xEF, 0x7D, 0xAB,
    0x89, 0x0B, 0x7B, 0x3E, 0x6B, 0x79, 0xBC, 0xBD, 0x8C, 0x18, 0xE4, 0x46, 0xD5, 0x0A, 0x1C, 0xC4,
    0xA9, 0xAC, 0x8B, 0xEB, 0x8D, 0x10, 0xC6, 0x9C, 0x2C, 0x7C, 0x41, 0xF9, 0x8D, 0x4A, 0xB7, 0x8D,
    0x76, 0xD0, 0x8A, 0x97, 0x62, 0xB2, 0xA9, 0xA9, 0x41, 0x28, 0x39, 0xE9, 0x4C, 0x21, 0xC1, 0x04,
    0x63, 0xB0, 0x27, 0x61, 0x1C, 0xDE, 0x4A, 0x9D, 0x60, 0x6E, 0x7C, 0xD7, 0xC0, 0x83, 0xA2, 0x09,
    0x0B, 0x90, 0x83, 0xFF, 0x14, 0x85, 0xE0, 0x3D, 0x65, 0xF2, 0xD7, 0x8D, 0xA9, 0x93, 0x3A, 0x68,
    0x1B, 0x35, 0xAD, 0xBE, 0x9B, 0x16, 0x3E, 0xC8, 0x8D, 0xA1, 0xF4, 0x4E, 0x59, 0x48, 0x3F, 0xB1,
    0xCA, 0x4F, 0xD5, 0xD0, 0x36, 0xC3, 0xC1, 0x17, 0xEA, 0xA6, 0x8E, 0x18, 0x9C, 0x97, 0xB2, 0xC6,
    0x9D, 0x86, 0xEC, 0xA7, 0xA6, 0x1F, 0xA8, 0xE1, 0x05, 0x0A, 0x6C, 0xB4, 0x8D, 0x06, 0x6E, 0x54,
    0x66, 0xB1, 0xE7, 0xE3, 0x2F, 0xD1, 0x13, 0x85, 0xD6, 0x2D, 0x6D, 0xD2, 0x8B, 0xF8, 0xD9, 0x7A,
    0x9E, 0x56, 0x10, 0x7A, 0x1E, 0xBC, 0xFE, 0x00, 0x55, 0xE1, 0x03, 0x12, 0x35, 0x68, 0x96, 0xA0,
    0x16, 0xF4, 0x7E, 0x50, 0x92, 0xD4, 0x00, 0xE0, 0xFA, 0x13, 0x55, 0x35, 0x1C, 0x8B, 0x31, 0xFB,
    0x51, 0x4E, 0x07, 0xC3, 0x1C, 0x50, 0x27, 0x36, 0x22, 0x5E, 0xA0, 0xEA, 0x8F, 0x52, 0xE9, 0xFC,
    0x2F, 0x9E, 0x9E, 0xB0, 0xF9, 0xFD, 0xEF, 0x8C, 0x79, 0x52, 0xC6, 0xBE, 0xAF, 0x0C, 0x57, 0x65,
    0xF4, 0x50, 0x26, 0x2F, 0xAD, 0xCF, 0xC7, 0xC6, 0xB0, 0xA9, 0xCC, 0xB2, 0x88, 0xB3, 0xC7, 0xBA,
    0x49, 0x19, 0x64, 0x45, 0x62, 0x9C, 0x11, 0x1E, 0x31, 0x57, 0x78, 0xCB, 0x44, 0xBF, 0x8A, 0xED,
    0x15, 0xF6, 0x47, 0x25, 0xF7, 0x4F, 0x3B, 0x2E, 0x77, 0x63, 0x13, 0x12, 0xCA, 0x24, 0xA3, 0x54,
    0x0D, 0x63, 0x28, 0x6F, 0x52, 0x03, 0x06, 0x65, 0x55, 0x72, 0x70, 0xA9, 0xF8, 0xAD, 0x22, 0x51,
    0xAC, 0x0A, 0x36, 0x32, 0x66, 0x45, 0x19, 0xEA, 0x6B, 0x25, 0xD4, 0xAA, 0x62, 0x61, 0x96, 0x5D,
    0xD1, 0x34, 0x8C, 0x4A, 0xCE, 0x8A, 0xE6, 0x51, 0x91, 0xFD, 0xBE, 0x7A, 0x57, 0x91, 0x51, 0x89,
    0xAA, 0x38, 0xCE, 0x15, 0xC0, 0x70, 0x5A, 0x87, 0x16, 0x8B, 0xD3, 0x8F, 0x6E, 0x71, 0x1B, 0xEE,
    0x02, 0x7D, 0x30, 0xF6, 0xA9, 0x9B, 0x93, 0xA0, 0x5B, 0x90, 0x30, 0x67, 0xC8, 0x70, 0x36, 0x9D,
    0x7C, 0xE5, 0x5C, 0x08, 0xBA, 0xDE, 0x5C, 0x82, 0x6E, 0xD8, 0x1D, 0x85, 0x9E, 0xFB, 0xD2, 0x60,
    0x90, 0xD5, 0x58, 0x96, 0xC2, 0xA5, 0xE7, 0xE5, 0xE0, 0xB2, 0xE0, 0x57, 0xB2, 0x2E, 0xD6, 0x92,
    0x53, 0x00, 0x3F, 0x1A, 0x4D, 0x98, 0x93, 0x56, 0x99, 0x2B, 0x01, 0x3B, 0xFD, 0xC6, 0x1E, 0xDD,
    0x1A, 0xA1, 0x1B, 0x5B, 0xF5, 0xD6, 0x75, 0x50, 0x98, 0x8F, 0x5F, 0x24, 0x7D, 0x49, 0xED, 0x89,
    0x03, 0x9B, 0xC3, 0x3D, 0xFA, 0xDD, 0x4C, 0x6E, 0xC0, 0x86, 0x80, 0x9E, 0xD5, 0x35, 0x90, 0xCB,
    0x1A, 0xA6, 0x82, 0xFA, 0x09, 0x86, 0x1D, 0x39, 0x01, 0x22, 0x36, 0x5C, 0x0B, 0x0E, 0x18, 0x0B,
    0x00, 0xF4, 0x78, 0xF0, 0x4A, 0x40, 0x51, 0xE7, 0x8E, 0xD3, 0x27, 0xFA, 0xBA, 0xD6, 0xA8, 0xC4,
    0x27, 0xB3, 0x18, 0xBD, 0xBF, 0xCA, 0x0F, 0x14, 0x16, 0x71, 0x5E, 0x96, 0x15, 0x7D, 0xA1, 0xAB,
    0x2F, 0x0F, 0x68, 0x79, 0x43, 0x18, 0x30, 0x20, 0x74, 0x83, 0x12, 0x39, 0xB0, 0x7C, 0xB7, 0xD0,
    0x6D, 0xF4, 0xE0, 0x0F, 0x3B, 0xDE, 0x06, 0x42, 0x09, 0x09, 0xCB, 0x81, 0x80, 0x06, 0x49, 0x1E,
    0x58, 0xD7, 0x45, 0xFA, 0xB1, 0x4E, 0xF1, 0xFC, 0x4E, 0xCB, 0xC8, 0xBC, 0x19, 0x34, 0x0C, 0xE6,
    0x17, 0x2C, 0xBF, 0x28, 0x2B, 0xC5, 0xAA, 0xC9, 0x2E, 0x12, 0x48, 0x75, 0xD4, 0x67, 0x2B, 0x87,
    0x36, 0x80, 0x0F, 0x7E, 0x18, 0x53, 0xC0, 0x0B, 0xB3, 0xDF, 0x1F, 0x3F, 0xAD, 0xAD, 0x7A, 0xCF,
    0x93, 0x33, 0x7F, 0xC7, 0x1B, 0x90, 0x60, 0x5F, 0x46, 0xCA, 0x38, 0xBF, 0xD4, 0x79, 0x5D, 0xFA,
    0xEA, 0x88, 0xBA, 0x62, 0xD2, 0x1C, 0xE4, 0x21, 0x81, 0xF8, 0x53, 0x25, 0xF8, 0xFF, 0x94, 0x95,
    0x07, 0x8A, 0xB4, 0x39, 0x0C, 0x44, 0x0B, 0x44, 0xDE, 0xA0, 0xA3, 0x6C, 0x22, 0x33, 0xA0, 0xAB,
    0x0B, 0xFE, 0x03, 0xCC, 0x55, 0x04, 0x43, 0x46, 0x50, 0x6B, 0x4B, 0x56, 0xA7, 0xAF, 0x67, 0x83,
    0x81, 0x7A, 0xAF, 0xB3, 0x5C, 0x36, 0x34, 0xF6, 0x92, 0x28, 0x68, 0x02, 0xCC, 0x0D, 0x23, 0x63,
    0x81, 0x64, 0x22, 0x85, 0x50, 0x22, 0x35, 0x21, 0x94, 0xB0, 0x58, 0xF8, 0xF4, 0x05, 0x90, 0xE0,
    0x46, 0x80, 0xFE, 0xBF, 0xE0, 0x37, 0x44, 0xA1, 0xBE, 0x13, 0xB0, 0x2C, 0x28, 0x6B, 0x12, 0x21,
    0x19, 0x00, 0x16, 0x6A, 0x38, 0x06, 0x7A, 0x59, 0x25, 0xFD, 0x35, 0xD5, 0xA1, 0xF4, 0x95, 0x64,
    0x28, 0x84, 0x4C, 0x42, 0x53, 0x98, 0xB0, 0x90, 0xFE, 0x95, 0x5B, 0xF2, 0x9B, 0xB4, 0x93, 0x3D,
    0x4E, 0x4F, 0xC3, 0x1E, 0x26, 0x00, 0x18, 0x31, 0x2B, 0x2B, 0x6B, 0x48, 0xE5, 0x8F, 0x41, 0x55,
    0xE8, 0xF6, 0x84, 0x8F, 0x46, 0x17, 0xC8, 0x68, 0xA0, 0xE0, 0x0D, 0x40, 0x03, 0x7A, 0x60, 0x80,
    0xDD, 0x60, 0x7C, 0xC4, 0x47, 0x23, 0x0B, 0x52, 0x48, 0x8D, 0x1E, 0xF2, 0xC0, 0x99, 0x90, 0x87,
    0x83, 0x89, 0xE9, 0x6C, 0x4A, 0xBB, 0x42, 0x5D, 0x13, 0x16, 0xEA, 0xE4, 0x82, 0xE1, 0xAF, 0x85,
    0xAF, 0x1A, 0x8B, 0x8C, 0x06, 0x0A, 0xB1, 0x21, 0x07, 0x9F, 0x0F, 0x48, 0x3D, 0xD0, 0x82, 0x6D,
    0x68, 0x9A, 0x2D, 0x08, 0xD3, 0xC2, 0x0B, 0xDC, 0x08, 0xED, 0xA3, 0xD7, 0xC4, 0xAC, 0x9F, 0x01,
    0x3F, 0x6A, 0xAE, 0xA3, 0x1A, 0x3C, 0x06, 0x61, 0x8E, 0x82, 0x71, 0x53, 0xBB, 0xAB, 0xE2, 0x71,
    0x19, 0x7B, 0x62, 0x92, 0x5B, 0xB3, 0x55, 0x77, 0xB4, 0x82, 0x2E, 0x74, 0x0D, 0x68, 0xF6, 0xD1,
    0x2F, 0xB5, 0x52, 0x4B, 0x75, 0x30, 0x46, 0x65, 0xB1, 0x0F, 0x09, 0xA3, 0x7D, 0x41, 0x47, 0x2D,
    0xEF, 0x1A, 0x37, 0x65, 0xDC, 0xCF, 0xD6, 0x47, 0x95, 0x78, 0x55, 0x4B, 0x58, 0x1E, 0xAD, 0xB3,
    0xB2, 0xAD, 0x1C, 0x85, 0xB0, 0x27, 0x58, 0xAA, 0xEC, 0x6F, 0x56, 0x92, 0xB9, 0xF4, 0x2C, 0x87,
    0x91, 0x4C, 0x92, 0x81, 0xD6, 0x53, 0x59, 0xE0, 0xA3, 0x0D, 0x89, 0x3C, 0x66, 0x1A, 0x5D, 0x0D,
    0x8C, 0xDE, 0x6F, 0xEE, 0xEF, 0xED, 0xBE, 0x12, 0xDD, 0x0B, 0x50, 0x36, 0x55, 0xF7, 0x9C, 0x37,
    0xD3, 0xEE, 0x0F, 0x7A, 0x37, 0x3E, 0x98, 0x4B, 0x8E, 0x69, 0x1C, 0x83, 0xB9, 0x9C, 0x16, 0x0D,
    0x63, 0x39, 0x26, 0x31, 0x5D, 0xA8, 0x4F, 0x15, 0x06, 0x3D, 0x4D, 0xE4, 0xAD, 0x88, 0x28, 0x3B,
    0xF3, 0x76, 0x0D, 0x76, 0x6B, 0x41, 0xA7, 0x84, 0xB2, 0xAE, 0xC0, 0x77, 0x05, 0x4A, 0x47, 0x4A,
    0xB4, 0x50, 0xE3, 0xB4, 0x4D, 0x07, 0x60, 0x75, 0x5A, 0x2D, 0x92, 0x47, 0x10, 0x23, 0x78, 0x10,
    0xA5, 0x79, 0xEF, 0x92, 0x2C, 0x91, 0x11, 0x4D, 0x2C, 0x71, 0x49, 0x6B, 0xD1, 0xB0, 0x90, 0x25,
    0x30, 0x2F, 0x01, 0x08, 0x96, 0x54, 0x33, 0x25, 0xB1, 0x44, 0xCD, 0xA1, 0x7E, 0xC4, 0xA0, 0x2D,
    0x09, 0x33, 0xFF, 0xE8, 0xDD, 0x5A, 0x2C, 0x51, 0x92, 0xC6, 0xD8, 0xC1, 0x54, 0x86, 0x95, 0x08,
    0x61, 0xA1, 0x4B, 0xEC, 0x5C, 0x01, 0x23, 0x01, 0x92, 0xDA, 0x67, 0x5A, 0xCD, 0x63, 0xC7, 0x37,
    0x94, 0x77, 0x94, 0x7F, 0x22, 0xDE, 0x11, 0x9B, 0xD9, 0x94, 0x61, 0x34, 0x75, 0x53, 0x49, 0x6E,
    0xF2, 0x85, 0xB5, 0x86, 0x9A, 0xCF, 0xB4, 0x68, 0xD2, 0x0F, 0x1B, 0xF8, 0xFD, 0x50, 0x72, 0xCE,
    0x84, 0xF4, 0x06, 0xA0, 0xBD, 0x77, 0xC9, 0xF9, 0xD8, 0x15, 0x9A, 0xB2, 0x41, 0x3E, 0xE2, 0x47,
    0x43, 0x2E, 0xC0, 0x7B, 0x64, 0x41, 0x0E, 0xA2, 0xA0, 0x0B, 0xBD, 0xD3, 0xE4, 0x13, 0x9E, 0xC6,
    0x8D, 0x07, 0xA8, 0x7A, 0x81, 0x28, 0xDC, 0xDE, 0x61, 0x5C, 0x49, 0xC2, 0xD2, 0x76, 0xC8, 0x09,
    0xED, 0xCE, 0x9E, 0xC2, 0xEA, 0xB7, 0xB3, 0x23, 0x45, 0x57, 0xE0, 0xDF, 0x42, 0x5F, 0x82, 0xA1,
    0x21, 0x4C, 0x0D, 0xD0, 0x6B, 0xB0, 0x0E, 0x3F, 0x17, 0xDF, 0x6C, 0x4B, 0xEE, 0x38, 0xCF, 0x1B,
    0x03, 0xA4, 0x92, 0x61, 0xCC, 0x63, 0xBA, 0xCC, 0x12, 0x24, 0x40, 0x42, 0xA2, 0x3E, 0xF1, 0xB5,
    0xCC, 0xB7, 0xC9, 0x17, 0x7D, 0x5B, 0x40, 0xE2, 0x9D, 0x59, 0xE8, 0xC5, 0x34, 0xAF, 0x26, 0xBC,
    0x1A, 0xF8, 0xF9, 0xC6, 0x38, 0x66, 0x6F, 0x4C, 0xDB, 0x34, 0xC7, 0xD8, 0x97, 0x9C, 0x8F, 0x06,
    0x40, 0xEE, 0x57, 0xE7, 0xD1, 0x84, 0x18, 0xCB, 0x31, 0x8D, 0x31, 0xF3, 0x37, 0x7F, 0x48, 0x3C,
    0x14, 0x7A, 0xB7, 0x57, 0x92, 0x2D, 0xD3, 0xDD, 0x54, 0x87, 0x69, 0x0E, 0x53, 0x1C, 0x4E, 0x5B,
    0xC2, 0x23, 0x46, 0xEF, 0xAE, 0x6E, 0xF2, 0x3B, 0xFD, 0x34, 0xF5, 0x24, 0xC2, 0x67, 0xA9, 0x96,
    0x2E, 0xC2, 0x23, 0x76, 0x11, 0x2D, 0xD1, 0x6C, 0xE9, 0x7A, 0x9E, 0x64, 0x6A, 0xC2, 0x59, 0xF9,
    0x52, 0x8D, 0x7C, 0xC5, 0x11, 0xFA, 0xC8, 0xA5, 0x3D, 0x3B, 0xA4, 0xBF, 0xA7, 0xE1, 0xBB, 0xA5,
    0x09, 0xBA, 0x10, 0x4C, 0x61, 0x18, 0x9D, 0x54, 0x86, 0xD2, 0x7F, 0x2C, 0xE6, 0xCF, 0x16, 0x42,
    0xD3, 0xC4, 0x62, 0x0E, 0x3F, 0x36, 0x5D, 0x32, 0x35, 0x9E, 0x18, 0x16, 0xE0, 0x9D, 0x1C, 0xFA,
    0x95, 0xBE, 0x09, 0x63, 0x53, 0x73, 0x76, 0x7F, 0x61, 0x36, 0xBE, 0x9A, 0xC2, 0x38, 0xF4, 0x87,
    0xB7, 0xFD, 0xDD, 0x9D, 0x19, 0xAD, 0x38, 0xD2, 0xE3, 0x50, 0xF8, 0x80, 0x6E, 0x03, 0x7A, 0x95,
    0xC0, 0xDE, 0x16, 0xE8, 0xD5, 0x05, 0x79, 0x80, 0xFF, 0x55, 0x04, 0x7B, 0x2B, 0x38, 0x8B, 0x65,
    0xE1, 0x72, 0x2A, 0xDD, 0xB3, 0xC3, 0xD0, 0xBD, 0x9D, 0xD9, 0x22, 0xFE, 0xCC, 0x64, 0x92, 0x6A,
    0x47, 0x92, 0x8F, 0x24, 0x97, 0xE3, 0x5E, 0xA6, 0x48, 0x60, 0xE6, 0xA6, 0x4E, 0x4C, 0xCA, 0xCD,
    0x46, 0x81, 0x75, 0x29, 0x4F, 0x1A, 0xFD, 0xC2, 0x9C, 0xAC, 0xAD, 0x1A, 0x83, 0xB2, 0x51, 0x5D,
    0xF3, 0x99, 0x46, 0xF2, 0x99, 0x09, 0x69, 0xBA, 0x4C, 0x06, 0x5A, 0x18, 0x98, 0xA4, 0x1B, 0x39,
    0x89, 0x80, 0x75, 0x61, 0x61, 0x8F, 0xE8, 0xDA, 0xBC, 0x85, 0x73, 0xFB, 0xED, 0x6B, 0xD5, 0xE2,
    0x20, 0xE9, 0x32, 0xA0, 0x89, 0x86, 0x85, 0xEC, 0x60, 0xC1, 0xD5, 0x36, 0x98, 0x1F, 0xE6, 0x95,
    0x07, 0x8D, 0xD1, 0xF9, 0xAF, 0xA4, 0xEF, 0x0E, 0x81, 0xC1, 0x5C, 0x83, 0x10, 0xE6, 0xB4, 0x2F,
    0x7D, 0x85, 0x8B, 0x91, 0x35, 0xB4, 0xDF, 0xBF, 0x0E, 0xF9, 0x74, 0xE0, 0xA3, 0xD1, 0xBA, 0x97,
    0x35, 0x02, 0x4A, 0xA4, 0x3D, 0x42, 0x6B, 0xC9, 0xE0, 0x16, 0xF9, 0x15, 0x1A, 0xA5, 0x2C, 0xF5,
    0xE2, 0x67, 0xAF, 0x07, 0xC8, 0xF1, 0xB2, 0xE8, 0xF2, 0x57, 0xBD, 0x6B, 0xE7, 0x32, 0x62, 0x59,
    0x91, 0x79, 0x26, 0x43, 0x75, 0xF4, 0xD5, 0xEF, 0x1B, 0x19, 0x40, 0x57, 0xB7, 0xDD, 0x32, 0x95,
    0x25, 0x9B, 0xA0, 0x73, 0x30, 0xE8, 0xBF, 0x49, 0x6F, 0x06, 0xD0, 0xF7, 0x81, 0x3D, 0xDD, 0x9C,
    0xFD, 0x17, 0xD1, 0x0E, 0xAF, 0x1A, 0xB3, 0xA3, 0x40, 0xA3, 0xA3, 0x50, 0xB9, 0x22, 0xF7, 0x1A,
    0x05, 0x8E, 0x6E, 0x28, 0x38, 0xFB, 0x32, 0xB4, 0xEF, 0xD1, 0xE0, 0x07, 0xB0, 0x89, 0x95, 0x07,
    0xBB, 0x9A, 0x8F, 0x6E, 0xC5, 0x64, 0xDA, 0x2E, 0x64, 0xD9, 0x0E, 0xD3, 0x76, 0x96, 0xA7, 0x32,
    0xCB, 0xB2, 0x5D, 0x25, 0x2B, 0x4E, 0x1A, 0x21, 0x8C, 0xD9, 0x9A, 0xFD, 0x82, 0xF2, 0x42, 0xA5,
    0x5B, 0x42, 0xED, 0xA4, 0x15, 0x8F, 0x62, 0xB2, 0xA9, 0xA9, 0x51, 0x0B, 0x9E, 0x74, 0xA6, 0x90,
    0x60, 0x82, 0x31, 0x98, 0xD0, 0x12, 0xB7, 0xB2, 0xE6, 0x23, 0xDB, 0xA6, 0x4B, 0x20, 0x38, 0x80,
    0xE3, 0x55, 0xF1, 0x2C, 0x3A, 0x6C, 0xFE, 0x55, 0x14, 0x82, 0x57, 0xCA, 0xE4, 0x3F, 0x8B, 0xA9,
    0x93, 0x3A, 0x68, 0x1A, 0xB3, 0x37, 0xEB, 0xD6, 0x6C, 0xB0, 0x34, 0x6F, 0xC9, 0x7D, 0x19, 0xB8,
    0xE8, 0xCD, 0x0F, 0x2E, 0x89, 0x6E, 0xF2, 0x2E, 0x94, 0xE8, 0x50, 0x7D, 0x43, 0x9B, 0x1B, 0x09,
    0xEC, 0xDC, 0xAF, 0xF6, 0x05, 0x1F, 0x4D, 0x2F, 0xAE, 0xF7, 0x81, 0x9F, 0xF1, 0x05, 0xA0, 0x67,
    0x3A, 0x94, 0xA2, 0xF2, 0xD4, 0x05, 0xFE, 0xDD, 0x1E, 0x69, 0x91, 0x90, 0xA2, 0x16, 0xAD, 0xC8,
    0x01, 0x89, 0x77, 0xF7, 0x8E, 0x00, 0xF7, 0x8F, 0xF5, 0x87, 0xE7, 0x2F, 0x92, 0xF8, 0xAB, 0x7D,
    0x74, 0x87, 0x94, 0x9D, 0xAD, 0x94, 0x76, 0xAA, 0x7F, 0x9E, 0x25, 0x0D, 0x7D, 0xD0, 0xDE, 0x7E,
    0x1F, 0xC5, 0x19, 0x68, 0xC2, 0xC9, 0x38, 0xE3, 0x0D, 0xF9, 0x7F, 0xA0, 0x6F, 0xE2, 0x5B, 0x83,
    0x99, 0x45, 0x6E, 0xB5, 0xB4, 0xC4, 0x5F, 0xA1, 0x78, 0x55, 0x0F, 0x99, 0xAB, 0x57, 0xB4, 0xF5,
    0xE1, 0x1F, 0x03, 0xDD, 0x5E, 0xE9, 0x66, 0xF9, 0x2E, 0x83, 0x48, 0xCE, 0xB3, 0x87, 0xB2, 0xA7,
    0x15, 0xA2, 0xB3, 0x58, 0x0E, 0x80, 0x7E, 0x05, 0xC9, 0x86, 0x0D, 0xD4, 0x87, 0xFB, 0x6B, 0x75,
    0x03, 0x9D, 0x3D, 0xFE, 0xAC, 0xF9, 0x18, 0x15, 0xF3, 0xAF, 0x65, 0xAF, 0xFF, 0x2F, 0xCA, 0x5E,
    0xD7, 0x01, 0xE1, 0xF4, 0x0A, 0xA1, 0x3E, 0x6B, 0xA7, 0xAC, 0xFA, 0x17, 0x46, 0x16, 0x2A, 0xA2,
    0xDF, 0xA9, 0x3E, 0x04, 0x74, 0xD3, 0x06, 0x16, 0xF3, 0x76, 0x9E, 0xE7, 0x4E, 0x9A, 0x5F, 0x8A,
    0xC3, 0xFC, 0xAA, 0xE2, 0xB0, 0xFC, 0x21, 0xDB, 0xA9, 0x86, 0xBF, 0xD6, 0xA8, 0x4F, 0x7B, 0x66,
    0x2B, 0xC0, 0x34, 0xCF, 0xF5, 0xDF, 0x06, 0x20, 0x7B, 0xD7, 0xA5, 0x2F, 0xDC, 0x33, 0xF3, 0xF6,
    0xC9, 0xE3, 0xFB, 0x3B, 0xB3, 0xD8, 0x3B, 0xB3, 0xFD, 0x07, 0xDB, 0x00, 0x2B, 0x33, 0x3D, 0x75,
    0x10, 0x42, 0x6F, 0x0F, 0xE9, 0x23, 0x00, 0x93, 0x00, 0x74, 0x6B, 0xE3, 0xBE, 0xBD, 0x79, 0x7B,
    0xAA, 0x6D, 0x2F, 0x67, 0x81, 0x96, 0x7B, 0xFB, 0xFF, 0xBA, 0xA7, 0xC8, 0xBC, 0xCE, 0x6D, 0xEC,
    0x31, 0x1F, 0x3D, 0xA7, 0xF5, 0x6C, 0x01, 0x6F, 0xA3, 0x03, 0x90, 0xEB, 0xEC, 0xCA, 0xB2, 0xC3,
    0x65, 0xB6, 0xBA, 0x6B, 0xCD, 0xDC, 0xE7, 0x84, 0xAC, 0xD9, 0xA7, 0x10, 0xD4, 0xF9, 0x4A, 0xCC,
    0xB9, 0x77, 0x41, 0x39, 0x64, 0x9F, 0xB7, 0xC7, 0x45, 0x4F, 0x93, 0xCE, 0xC9, 0x7C, 0x37, 0x44,
    0xE0, 0xE5, 0x52, 0x9A, 0x25, 0x40, 0x26, 0x09, 0x21, 0x97, 0x27, 0xE6, 0xD4, 0xDE, 0x58, 0x53,
    0x69, 0x83, 0x12, 0xE5, 0xB3, 0xC0, 0x3C, 0x64, 0xAA, 0x09, 0x6B, 0x32, 0x3F, 0x08, 0xC1, 0xF4,
    0x0E, 0x8C, 0x61, 0x2C, 0x9D, 0xD1, 0xA9, 0x17, 0x42, 0xDF, 0xF6, 0xAF, 0x5F, 0x0B, 0xD0, 0xB8,
    0x1E, 0xCC, 0x94, 0x63, 0x95, 0xA5, 0x44, 0x45, 0x7A, 0x1F, 0x12, 0xB3, 0xAC, 0x52, 0x54, 0x86,
    0x0D, 0xA6, 0x05, 0xCC, 0x06, 0x73, 0x50, 0x8A, 0x1A, 0x45, 0x1F, 0x34, 0x0C, 0x26, 0x2C, 0x8C,
    0xB1, 0xD8, 0x19, 0x82, 0x58, 0x37, 0x3F, 0x1F, 0x02, 0x38, 0xD8, 0xA2, 0x22, 0xFE, 0x1C, 0xFE,
    0x3E, 0xB0, 0x74, 0xC0, 0x2F, 0x76, 0xD5, 0xE8, 0xD8, 0xBE, 0xB4, 0xA4, 0x3A, 0x60, 0xF4, 0xF2,
    0x21, 0xFF, 0x9D, 0x03, 0x41, 0x27, 0x9D, 0x6E, 0x65, 0xE9, 0xDC, 0x55, 0xA7, 0xD3, 0x90, 0x71,
    0xAD, 0x20, 0x35, 0x50, 0x09, 0xA9, 0x52, 0xEB, 0xA0, 0xC5, 0x54, 0x1D, 0x2D, 0x59, 0x10, 0x7F,
    0xBF, 0x43, 0x9D, 0x5A, 0xC6, 0x4C, 0x6E, 0xD9, 0xEB, 0xD5, 0x34, 0x9F, 0x6B, 0x6E, 0x99, 0x40,
    0x7C, 0xB7, 0x38, 0x5C, 0x94, 0x96, 0xE5, 0xC5, 0x62, 0x4A, 0x96, 0x1F, 0x07, 0x1D, 0xC7, 0x1F,
    0x18, 0x30, 0x5F, 0x0D, 0x68, 0x5F, 0x69, 0xC0, 0x25, 0xAC, 0xC6, 0x04, 0x0C, 0x09, 0x24, 0x0E,
    0x20, 0x06, 0xBE, 0xDB, 0x6C, 0x09, 0x58, 0xE1, 0xC1, 0xF2, 0x9E, 0x43, 0xB3, 0x16, 0x29, 0xB9,
    0x39, 0xCE, 0x48, 0x46, 0x41, 0xD8, 0x1B, 0x75, 0x01, 0x03, 0xD2, 0x15, 0xCD, 0x06, 0x72, 0x43,
    0xBF, 0x87, 0x0D, 0x55, 0x7C, 0xC5, 0x89, 0x12, 0x02, 0x2E, 0x00, 0x33, 0x7A, 0x28, 0x59, 0x7B,
    0xC1, 0x82, 0xB3, 0x59, 0xA2, 0x06, 0x6E, 0x78, 0xDE, 0x09, 0x73, 0x61, 0xA9, 0xA9, 0x69, 0xB1,
    0x46, 0xCC, 0xAD, 0x48, 0xD4, 0x92, 0x03, 0x35, 0x2C, 0x70, 0xB7, 0xAC, 0x3F, 0x97, 0x42, 0xF6,
    0x63, 0x4A, 0x7A, 0x17, 0x18, 0x3A, 0x50, 0x6E, 0x31, 0x18, 0x70, 0x40, 0x81, 0x1B, 0x6E, 0x3F,
    0x67, 0x06, 0xE1, 0x8C, 0x49, 0x32, 0x90, 0x95, 0x35, 0xA2, 0xE2, 0xF8, 0x4B, 0x7F, 0x7E, 0xE0,
    0x58, 0xA6, 0x26, 0x2C, 0xCC, 0x85, 0x1A, 0x38, 0xDA, 0xCC, 0x64, 0xD6, 0xB0, 0x4F, 0xCE, 0x3A,
    0xF5, 0xB3, 0x91, 0x1F, 0x0F, 0xCE, 0x24, 0x23, 0xBF, 0x76, 0xB3, 0xEF, 0x6E, 0xEE, 0xEF, 0x75,
    0x9D, 0xD4, 0x43, 0xFE, 0xEB, 0xB8, 0x41, 0x98, 0x35, 0x50, 0x89, 0x40, 0x98, 0xCA, 0x34, 0xD2,
    0x60, 0x07, 0xF4, 0x06, 0x9D, 0x6E, 0x35, 0x52, 0xCB, 0xA1, 0xFB, 0x4B, 0x3E, 0x78, 0xE1, 0xF2,
    0x32, 0x06, 0x99, 0x65, 0x20, 0xAF, 0x7D, 0x95, 0x86, 0x4C, 0x1C, 0x01, 0xFB, 0xF3, 0xC3, 0xDD,
    0xFA, 0xAE, 0x7A, 0x31, 0xCC, 0x57, 0x17, 0x49, 0xC9, 0xCA, 0xAC, 0xAC, 0x84, 0x71, 0xBC, 0xDF,
    0xE1, 0x6E, 0x5D, 0x25, 0xFC, 0x2C, 0x11, 0xF9, 0xA7, 0xF3, 0x02, 0x34, 0xAC, 0xFF, 0x07, 0x77,
    0xF9, 0xFE, 0x13, 0xDE, 0x2E, 0x17, 0x59, 0x86, 0x2A, 0x2A, 0xE9, 0xA5, 0xD6, 0x83, 0x90, 0xE6,
    0xFB, 0x19, 0x50, 0xBB, 0x30, 0x05, 0x48, 0x87, 0xA4, 0x04, 0x24, 0x10, 0x10, 0x47, 0x7C, 0xBF,
    0xD9, 0x0E, 0x00, 0x0A, 0xAE, 0x20, 0xB3, 0x19, 0x7D, 0xD4, 0x58, 0x15, 0x89, 0xAE, 0x07, 0xEA,
    0x5B, 0xBE, 0x0B, 0x28, 0xB9, 0xEA, 0xC5, 0x45, 0xD9, 0xA8, 0x93, 0x39, 0x68, 0x83, 0x0F, 0x7A,
    0x47, 0x88, 0x34, 0x1F, 0x2C, 0x96, 0xC8, 0x78, 0x33, 0x20, 0x17, 0xCB, 0x25, 0x66, 0xC5, 0x49,
    0xA6, 0x14, 0x51, 0x86, 0x9B, 0x0A, 0xA6, 0xB1, 0x54, 0x44, 0xC3, 0x2A, 0xE2, 0xF6, 0xB2, 0x49,
    0x53, 0x92, 0xA9, 0x24, 0x95, 0x0F, 0x1A, 0x85, 0x87, 0x49, 0x1E, 0x37, 0xC9, 0x40, 0x8D, 0xCF,
    0x1E, 0xEA, 0xE4, 0x1A, 0x67, 0xC7, 0xD7, 0xAD, 0xC4, 0xA2, 0xB9, 0x0D, 0x56, 0xBD, 0x78, 0x83,
    0xBC, 0xA1, 0x95, 0x34, 0x3B, 0x97, 0xD0, 0xB7, 0x5C, 0x12, 0x5F, 0x6B, 0x1D, 0x05, 0x20, 0xBB,
    0x6A, 0x6D, 0xD1, 0xD3, 0x3A, 0x80, 0xD0, 0x37, 0x3C, 0x08, 0xAB, 0x4B, 0x5A, 0x75, 0x89, 0xAE,
    0x63, 0xD7, 0xFA, 0xBB, 0x17, 0xC8, 0xFA, 0xD0, 0xFD, 0x67, 0x8E, 0x23, 0x0B, 0x4B, 0xD6, 0x7C,
    0x72, 0x1D, 0x3B, 0x56, 0x8D, 0x29, 0x80, 0xBF, 0xA1, 0x6D, 0xE9, 0xA7, 0xC4, 0x4D, 0xB1, 0xC5,
    0xE0, 0x81, 0xCA, 0x0B, 0xD0, 0x1F, 0xB1, 0x67, 0x8B, 0x68, 0xB6, 0x88, 0x06, 0x1A, 0x16, 0x32,
    0x80, 0x84, 0xB5, 0x1C, 0xF7, 0xAA, 0x85, 0xEC, 0x6F, 0xF4, 0x9E, 0x2F, 0x68, 0x97, 0x7B, 0xEA,
    0x2D, 0xB1, 0xA0, 0x17, 0x24, 0x61, 0x64, 0x76, 0xF2, 0x61, 0x62, 0xBB, 0xB6, 0x76, 0xD3, 0xB2,
    0xFF, 0xB9, 0xF5, 0x9B, 0xB6, 0xCE, 0x90, 0xCA, 0x73, 0x74, 0x25, 0xC3, 0x5C, 0xE7, 0x68, 0xC1,
    0x56, 0xE6, 0x5C, 0x92, 0x95, 0x25, 0xA2, 0x04, 0x1B, 0x1A, 0x74, 0x8D, 0x6E, 0x2F, 0xEA, 0xED,
    0x75, 0x19, 0xCA, 0x13, 0x35, 0xAC, 0xF2, 0x21, 0xDA, 0x01, 0xC0, 0x1D, 0xE8, 0xA6, 0x64, 0x27,
    0x18, 0xEA, 0x2C, 0x26, 0xE8, 0x93, 0xD2, 0xB7, 0xF8, 0x32, 0x6A, 0x37, 0x6C, 0x6C, 0x5E, 0x2E,
    0x0E, 0x48, 0xD3, 0xD7, 0x3B, 0xB0, 0xE2, 0xFE, 0xB8, 0x64, 0xFD, 0xE7, 0x45, 0x96, 0x48, 0xAE,
    0xA1, 0x89, 0xDF, 0x1C, 0x5A, 0x9E, 0x13, 0x12, 0xF8, 0x5D, 0x2B, 0x06, 0xF0, 0x1F, 0x6D, 0x8F,
    0xC1, 0x69, 0x85, 0x31, 0x0C, 0x83, 0x05, 0xBE, 0x16, 0xBC, 0xCA, 0x3F, 0xC0, 0x03, 0xAD, 0x6E,
    0xE8, 0x00, 0x6F, 0x15, 0x41, 0xAF, 0x02, 0x35, 0x49, 0x5E, 0x6F, 0x45, 0x0A, 0x38, 0x32, 0xF9,
    0x62, 0x1B, 0x41, 0x86, 0x6A, 0xC1, 0x78, 0x41, 0xE5, 0x5E, 0xE2, 0x18, 0x02, 0x8C, 0xCA, 0xF2,
    0x74, 0x86, 0x6F, 0x19, 0x16, 0x5E, 0x2D, 0x80, 0xA9, 0x61, 0x02, 0x33, 0x78, 0xCA, 0x48, 0x7C,
    0xBD, 0xFA, 0x8B, 0x72, 0x1A, 0x62, 0xA6, 0x02, 0x22, 0xB3, 0x45, 0x70, 0x3E, 0xB5, 0x3E, 0xC9,
    0x04, 0x78, 0xB0, 0xD9, 0x91, 0x5B, 0x69, 0x6D, 0x38, 0x07, 0x01, 0x8C, 0x36, 0x18, 0xB8, 0xE7,
    0x9A, 0xD9, 0x09, 0xD4, 0x53, 0xDE, 0x87, 0xD3, 0xCA, 0xF0, 0xDB, 0x60, 0x69, 0xC7, 0x38, 0x7F,
    0x9B, 0x6F, 0x75, 0x66, 0xB9, 0x0E, 0x05, 0xC0, 0x66, 0x20, 0x2D, 0xE4, 0x6D, 0xEC, 0x07, 0x2D,
    0xDE, 0xF0, 0x29, 0x54, 0xD0, 0x11, 0xA3, 0x94, 0x75, 0xF6, 0x2B, 0xF4, 0x10, 0x46, 0x70, 0xC7,
    0x2E, 0xB5, 0xB7, 0xB0, 0xB4, 0x6A, 0x65, 0xFC, 0xDF, 0x52, 0x3F, 0x7F, 0x49, 0x70, 0x13, 0xCE,
    0xE5, 0x3C, 0xA8, 0x55, 0xB5, 0xFB, 0x00, 0xE3, 0xA8, 0xBC, 0x3B, 0x41, 0xBE, 0x92, 0x98, 0x23,
    0xF0, 0xCE, 0xBE, 0x6F, 0xD1, 0x9D, 0x9D, 0x71, 0x8E, 0x7F, 0x01, 0xDD, 0x9A, 0x4B, 0x8E, 0xEB,
    0x3C, 0x0E, 0x85, 0x0F, 0xA0, 0x69, 0x01, 0xDC, 0xCA, 0xFF, 0x98, 0x06, 0xE0, 0xD6, 0x09, 0x64,
    0x01, 0xB5, 0x15, 0x02, 0x99, 0x12, 0x38, 0x6D, 0x91, 0x94, 0x1F, 0x49, 0xAA, 0xFE, 0xEA, 0xDB,
    0xEF, 0x36, 0xA2, 0xEF, 0xF0, 0xE6, 0xA6, 0x64, 0x89, 0x96, 0x29, 0xCA, 0x16, 0xD4, 0x14, 0xA0,
    0xD1, 0xC0, 0x07, 0xAD, 0x2C, 0x05, 0xF1, 0x74, 0x28, 0x49, 0x4F, 0x8C, 0x09, 0xD0, 0xC6, 0x0E,
    0xA4, 0x85, 0x41, 0xC3, 0x05, 0xE4, 0x05, 0xF9, 0x1D, 0x4E, 0x88, 0x0D, 0xC3, 0x0F, 0x08, 0x49,
    0xE7, 0x0E, 0x9D, 0x34, 0x5C, 0x85, 0xA0, 0xC9, 0x2E, 0x71, 0xC8, 0x00, 0xB0, 0xC9, 0xE4, 0x58,
    0x72, 0xA7, 0x4F, 0x21, 0xD9, 0x62, 0xF9, 0x7F, 0x4B, 0x3C, 0x5B, 0xA1, 0xEF, 0x84, 0xF6, 0x24,
    0x92, 0xE7, 0x06, 0x99, 0x8D, 0x9E, 0x12, 0x98, 0x87, 0x78, 0x8A, 0x5A, 0xCA, 0x2D, 0x19, 0x00,
    0xC6, 0x84, 0x4C, 0xE8, 0x44, 0x76, 0xD9, 0x5F, 0x7C, 0x29, 0x2F, 0xBE, 0x1C, 0xB1, 0x01, 0x09,
    0x7C, 0x8F, 0xF1, 0x35, 0x00, 0x08, 0x1D, 0x20, 0xD9, 0xC0, 0xA0, 0xE7, 0x89, 0x0D, 0x75, 0x0D,
    0x21, 0x21, 0xB1, 0x41, 0xBD, 0xE1, 0xA7, 0xDA, 0xC9, 0x38, 0xF0, 0x72, 0x6E, 0x6F, 0x98, 0x3A,
    0x46, 0x68, 0x40, 0x5C, 0x08, 0xB5, 0xD1, 0xA7, 0x0B, 0x40, 0x68, 0x0D, 0x32, 0xEA, 0xFA, 0x8B,
    0xA3, 0xA1, 0x3E, 0x26, 0x10, 0xE5, 0x1A, 0xAD, 0xDF, 0x46, 0x5E, 0x22, 0xDB, 0x2B, 0x20, 0x80,
    0x84, 0x74, 0xC7, 0xC4, 0x40, 0x53, 0x07, 0x37, 0x49, 0x8C, 0x80, 0x92, 0x01, 0xA9, 0x3F, 0x8B,
    0xEC, 0x9F, 0x92, 0x92, 0x2E, 0x3D, 0x7F, 0xC6, 0x9B, 0x0F, 0x9E, 0x3E, 0x4A, 0x27, 0x83, 0x0C,
    0x35, 0x05, 0x9D, 0x96, 0xC5, 0x68, 0x6A, 0xFA, 0x7C, 0x27, 0x64, 0x29, 0x0F, 0xDB, 0x4B, 0x19,
    0x5F, 0x16, 0xBC, 0x2D, 0x4A, 0x07, 0x19, 0x59, 0xBE, 0xEA, 0xC0, 0x0F, 0xFA, 0x73, 0xE9, 0x92,
    0xC4, 0xFC, 0x68, 0x55, 0x03, 0xFC, 0x96, 0x6E, 0x24, 0x69, 0x67, 0x03, 0x4A, 0x3A, 0xD2, 0x80,
    0x3E, 0x19, 0xB7, 0x17, 0x23, 0xC0, 0x57, 0xE3, 0x41, 0x5B, 0x46, 0x2C, 0x83, 0x65, 0xF8, 0x98,
    0x86, 0xA7, 0x61, 0xC8, 0xB1, 0xBD, 0x1B, 0x38, 0x7D, 0x23, 0x62, 0x65, 0x68, 0x1B, 0x20, 0x01,
    0x9A, 0xA4, 0x31, 0x98, 0x6E, 0x49, 0xCF, 0xD0, 0x20, 0x5E, 0x97, 0x7C, 0x72, 0x90, 0x96, 0x86,
    0xA4, 0x91, 0x4E, 0x63, 0x07, 0x01, 0xF5, 0xEF, 0x8D, 0xF1, 0x9D, 0x41, 0xF2, 0x41, 0x5F, 0x06,
    0xCB, 0x70, 0x61, 0x07, 0x8D, 0x72, 0x35, 0xE8, 0xF8, 0x81, 0x31, 0xDA, 0x30, 0x21, 0x64, 0xDA,
    0x7D, 0xA5, 0x95, 0xA4, 0x2F, 0x03, 0xF8, 0x2E, 0xD4, 0xC5, 0x8B, 0x8C, 0x6E, 0x6F, 0xC9, 0x48,
    0xF9, 0x64, 0x9C, 0x42, 0x5D, 0x8C, 0x1F, 0xC4, 0xB8, 0x16, 0x3E, 0x4B, 0xB6, 0x33, 0x5B, 0x29,
    0xE4, 0x12, 0x60, 0xD8, 0x11, 0xEF, 0xE8, 0x7B, 0x13, 0x24, 0x30, 0x69, 0xE7, 0xDB, 0x43, 0x7C,
    0x52, 0x93, 0xCC, 0x16, 0x17, 0x1F, 0x9E, 0x9D, 0xB0, 0x24, 0x36, 0x2A, 0x26, 0x63, 0xF2, 0x1E,
    0xD9, 0x0D, 0x4B, 0x72, 0xF2, 0x51, 0x7D, 0xA0, 0x4F, 0x6A, 0x31, 0x36, 0x42, 0x8A, 0x97, 0xFB,
    0xD7, 0x84, 0x8F, 0xEC, 0x7E, 0xA0, 0xA8, 0xBE, 0xC2, 0x31, 0x68, 0x25, 0x9E, 0xA2, 0x91, 0x32,
    0x88, 0x23, 0x72, 0x5F, 0x8E, 0x1E, 0x5B, 0x2D, 0x83, 0x0E, 0xB2, 0x87, 0xCE, 0x1B, 0xA9, 0xE6,
    0x8D, 0x12, 0x29, 0xD1, 0x12, 0xEA, 0x94, 0x7B, 0xA4, 0x7C, 0x5A, 0x8A, 0x22, 0x25, 0x4A, 0xBC,
    0xC4, 0xC0, 0x2F, 0xAF, 0x85, 0x1F, 0xD7, 0xC2, 0x4A, 0x6A, 0x72, 0x49, 0x3A, 0x2A, 0x7A, 0x63,
    0x90, 0x47, 0x17, 0xD3, 0x62, 0x08, 0xBD, 0xA8, 0x2B, 0x3E, 0x20, 0xF2, 0x64, 0x91, 0x0D, 0xF7,
    0xC9, 0xB1, 0x51, 0xBD, 0x28, 0x06, 0x48, 0x34, 0xD3, 0x43, 0x9A, 0x4C, 0x2F, 0x32, 0x8E, 0xFA,
    0xB5, 0x68, 0x1B, 0xEA, 0x8F, 0x5C, 0x31, 0x19, 0x93, 0x4C, 0xF6, 0x00, 0xB9, 0xBA, 0x53, 0x36,
    0x91, 0x6F, 0xDD, 0x99, 0x32, 0x7E, 0x2C, 0x3F, 0x1F, 0xD3, 0x2D, 0x72, 0x8C, 0x10, 0xD2, 0x5A,
    0x7A, 0x50, 0xEF, 0x32, 0xAE, 0x62, 0x29, 0xC2, 0x83, 0x4A, 0x7B, 0x62, 0x14, 0xD3, 0x31, 0x3E,
    0x39, 0x4E, 0x14, 0x93, 0xB8, 0x52, 0x49, 0x5E, 0x19, 0x18, 0x4D, 0x1B, 0xC5, 0x74, 0x87, 0x4C,
    0x46, 0x79, 0xAF, 0x78, 0xE4, 0x0E, 0x28, 0xD8, 0x88, 0x05, 0x24, 0x7C, 0x02, 0x0B, 0xBF, 0x6D,
    0xF8, 0xA4, 0x65, 0x80, 0x18, 0x34, 0x9D, 0x10, 0x6E, 0x18, 0x17, 0x20, 0x21, 0x13, 0x1A, 0x7B,
    0x1E, 0x66, 0xEC, 0x49, 0x89, 0x09, 0xEF, 0xF0, 0x65, 0x92, 0x60, 0x5A, 0x17, 0xA8, 0x77, 0x2A,
    0xF9, 0x19, 0x75, 0xDE, 0x89, 0x37, 0xA7, 0xBC, 0x02, 0x92, 0xA7, 0x8C, 0xE3, 0x94, 0xFF, 0x89,
    0x0C, 0x49, 0x39, 0x95, 0xC9, 0x51, 0xB9, 0xA2, 0x8F, 0x2F, 0x89, 0x2B, 0x6D, 0x52, 0xBE, 0x22,
    0x26, 0xF5, 0x85, 0x31, 0x99, 0xA7, 0xE5, 0x99, 0xB4, 0xFD, 0x7E, 0x8E, 0x62, 0xBC, 0xF0, 0x3F,
    0x90, 0x8E, 0x83, 0xC8, 0x1B, 0xD8, 0xC7, 0x06, 0xD6, 0x50, 0xEA, 0x08, 0x3F, 0x58, 0xF3, 0x7C,
    0x8C, 0x47, 0x4C, 0xE3, 0xE1, 0xB0, 0xE8, 0x50, 0x8F, 0x5B, 0x1A, 0x00, 0xB4, 0x03, 0x3E, 0xC4,
    0x96, 0xE1, 0xBC, 0x47, 0x87, 0xAB, 0x0E, 0x2D, 0xE4, 0x9A, 0xC4, 0x69, 0xDD, 0x44, 0x9A, 0xFA,
    0x32, 0x02, 0x58, 0xA3, 0xAD, 0x0D, 0x02, 0xBA, 0x1B, 0xFB, 0xC4, 0xBB, 0x72, 0x0A, 0x9A, 0x30,
    0xC0, 0x1E, 0xC1, 0x20, 0x25, 0xD2, 0xD0, 0x78, 0x49, 0x4F, 0x85, 0xA6, 0x19, 0xC3, 0x7B, 0x04,
    0xED, 0xBE, 0x91, 0xC0, 0xFA, 0x31, 0x26, 0x2A, 0xC0, 0xED, 0x13, 0x20, 0x8F, 0x05, 0x54, 0x03,
    0x63, 0x5A, 0xC2, 0x3D, 0x3D, 0x75, 0x80, 0xFC, 0x5F, 0x98, 0x58, 0xA0, 0xC8, 0x83, 0x65, 0xF4,
    0xD5, 0xE9, 0x6B, 0x23, 0xF1, 0xBF, 0x33, 0x47, 0xFE, 0x37, 0xA5, 0x21, 0x9D, 0x70, 0xB7, 0xAC,
    0xAC, 0x5B, 0xA1, 0x27, 0xB9, 0x5D, 0x24, 0xFE, 0x5A, 0xFC, 0x2C, 0xC3, 0xC1, 0x93, 0xD8, 0x94,
    0x0F, 0x49, 0xD1, 0x12, 0x12, 0x2D, 0x83, 0x61, 0x1A, 0x90, 0xF4, 0x4F, 0x49, 0x25, 0xD4, 0x21,
    0x64, 0xEA, 0x28, 0x35, 0x4C, 0x8D, 0x2C, 0xF6, 0x95, 0x0E, 0x9F, 0xAA, 0x7E, 0x52, 0x9B, 0x2A,
    0x36, 0x55, 0x96, 0xC6, 0x52, 0xCD, 0xF8, 0x54, 0x3A, 0x7C, 0x70, 0x69, 0xBC, 0x55, 0xA4, 0x0A,
    0x33, 0xB8, 0x38, 0x69, 0xF4, 0x9E, 0x08, 0xA7, 0x5E, 0xC7, 0xE0, 0xAF, 0x27, 0x16, 0x24, 0xAF,
    0xF2, 0x4B, 0x89, 0x85, 0xBD, 0xBB, 0x9D, 0x18, 0xFB, 0x32, 0x8B, 0xE4, 0x1A, 0x2F, 0x12, 0xC7,
    0x50, 0xAA, 0xD6, 0x71, 0xD2, 0x69, 0x3F, 0xA4, 0x35, 0x7D, 0xB2, 0x5A, 0xA6, 0x97, 0xCA, 0xFB,
    0x8C, 0xFB, 0x34, 0xA7, 0x24, 0x49, 0x6B, 0xC1, 0xA4, 0xFF, 0xE7, 0x72, 0xB0, 0xF7, 0xB7, 0x2B,
    0x91, 0xAC, 0xFB, 0x25, 0x6A, 0xCD, 0x34, 0x39, 0x2E, 0xB4, 0xB6, 0xAF, 0x94, 0xA4, 0x56, 0xD2,
    0xE1, 0xFB, 0xAD, 0x7B, 0xC7, 0xA4, 0x7D, 0xC1, 0x0D, 0x90, 0xB4, 0x49, 0xEE, 0xC4, 0x60, 0x7C,
    0xFF, 0xA4, 0x24, 0xE8, 0x80, 0x7F, 0x9F, 0x7E, 0xBC, 0x3E, 0x29, 0x81, 0x6B, 0x60, 0x84, 0x10,
    0xEA, 0x4F, 0x4F, 0x4A, 0x6A, 0x4C, 0x5F, 0x08, 0xBA, 0x18, 0x93, 0x01, 0x5A, 0x71, 0x58, 0x55,
    0xFC, 0x4F, 0xA3, 0xD0, 0x2F, 0xBD, 0xFF, 0x2F, 0x5A, 0x35, 0x00, 0x4A, 0xA6, 0x74, 0x1D, 0x25,
    0xBD, 0xEC, 0xBD, 0x73, 0xE4, 0x77, 0x6B, 0xFA, 0x26, 0x4D, 0x62, 0x10, 0x74, 0x9D, 0xA2, 0xAE,
    0x7E, 0x88, 0x04, 0x5B, 0xEC, 0x10, 0x0D, 0xFA, 0xCB, 0x2F, 0xE9, 0x12, 0x83, 0x95, 0xDF, 0x90,
    0x5C, 0x67, 0xC0, 0x18, 0xFC, 0xC0, 0xD1, 0x34, 0x29, 0x21, 0x63, 0x17, 0x25, 0xB1, 0x22, 0x92,
    0xD0, 0xA1, 0x81, 0x49, 0x9B, 0x86, 0x62, 0x32, 0xAF, 0xF5, 0xF0, 0x63, 0x76, 0xE9, 0x91, 0x77,
    0x2C, 0x49, 0x25, 0xA9, 0x9C, 0xAC, 0xFF, 0x8D, 0x8A, 0xEA, 0x93, 0x92, 0xA3, 0x5B, 0x2B, 0xCD,
    0x81, 0xAC, 0xAB, 0x22, 0x84, 0xBC, 0x2C, 0x10, 0xE4, 0x5F, 0xBF, 0xDC, 0xE2, 0x8F, 0xA4, 0xDC,
    0xE8, 0x49, 0x5A, 0xCB, 0x79, 0xD5, 0x2D, 0xEF, 0xA5, 0x82, 0x42, 0xB1, 0x22, 0x6B, 0x55, 0x98,
    0xB4, 0x9F, 0xD1, 0xA4, 0x03, 0x9D, 0x41, 0x19, 0x1B, 0x85, 0xF6, 0xE3, 0x5B, 0x42, 0xC9, 0xA2,
    0x92, 0xB2, 0x1C, 0x1A, 0x6D, 0x55, 0x00, 0x1B, 0x15, 0xA3, 0xDA, 0x89, 0xDF, 0x5B, 0xA3, 0x2C,
    0xFE, 0x9A, 0x85, 0x27, 0xCB, 0xFE, 0xDA, 0x1A, 0xCF, 0x96, 0xB0, 0x8E, 0x00, 0xD7, 0x71, 0xB2,
    0xFE, 0xDF, 0x7A, 0x49, 0x6F, 0x25, 0xED, 0xB0, 0xD0, 0x87, 0xBE, 0xB1, 0xE4, 0xAD, 0xF5, 0xB4,
    0x4E, 0x8F, 0x8D, 0x39, 0x4A, 0x98, 0x8C, 0x13, 0x31, 0xAE, 0xEC, 0xFC, 0xD1, 0x92, 0x47, 0xCE,
    0x68, 0x42, 0x8C, 0x77, 0x1F, 0x29, 0xC6, 0x64, 0x65, 0x67, 0xF4, 0x1E, 0xBD, 0x69, 0x6A, 0x37,
    0x61, 0xA9, 0xD4, 0xDC, 0xE1, 0x6B, 0x9D, 0xFB, 0x77, 0x6A, 0x2D, 0xCE, 0x5B, 0x3D, 0xD5, 0x34,
    0x56, 0x06, 0x5B, 0x3A, 0xBE, 0x50, 0x59, 0x1A, 0xA9, 0xD0, 0xA9, 0xD9, 0x60, 0xA1, 0xB5, 0xCB,
    0xE3, 0xF4, 0x78, 0x13, 0x48, 0xE4, 0x48, 0x02, 0xED, 0xAF, 0x51, 0x8F, 0x0D, 0x8E, 0x07, 0x0D,
    0x83, 0xE3, 0x3D, 0x24, 0xF1, 0xFC, 0xB8, 0xE2, 0x58, 0xD8, 0x09, 0x49, 0x68, 0x36, 0x0B, 0xA0,
    0x7D, 0xF4, 0x4C, 0xA4, 0x07, 0x02, 0x24, 0xCF, 0x00, 0xF4, 0x80, 0xEB, 0x44, 0x0E, 0x4B, 0xE2,
    0xED, 0xC2, 0xEE, 0x78, 0xEF, 0x70, 0x18, 0xF9, 0xB5, 0x56, 0x85, 0xBE, 0x62, 0xD1, 0xCA, 0x67,
    0x06, 0xD3, 0x88, 0xBE, 0x16, 0x9A, 0x46, 0xA7, 0x81, 0xEF, 0x8D, 0xAA, 0xC4, 0xD3, 0x38, 0xBE,
    0xB9, 0xFE, 0x06, 0x67, 0x63, 0x1C, 0x46, 0x5D, 0x9E, 0xCB, 0x3B, 0x81, 0xFD, 0xCB, 0x9A, 0x19,
    0x12, 0x91, 0xED, 0x4E, 0x63, 0xF4, 0x52, 0xAF, 0xDF, 0x95, 0x91, 0xAC, 0x7F, 0x44, 0x39, 0xCB,
    0x0F, 0xA9, 0xA1, 0xC7, 0x12, 0xBD, 0x4A, 0xA4, 0x08, 0x53, 0x06, 0x63, 0x0A, 0x46, 0x09, 0xBD,
    0xBE, 0x3C, 0xFF, 0x44, 0x22, 0x45, 0x5B, 0x3C, 0xA5, 0xE3, 0xCA, 0x3E, 0x87, 0xA5, 0x6F, 0x23,
    0x05, 0xC2, 0x61, 0x20, 0xD3, 0x1B, 0xD7, 0xE7, 0x4F, 0xE3, 0x0C, 0x26, 0x4C, 0xF4, 0x04, 0xB5,
    0xDB, 0x06, 0xBF, 0xD1, 0x94, 0xDE, 0x89, 0x4E, 0x7B, 0x10, 0x1F, 0x7B, 0x00, 0xE0, 0x86, 0xEE,
    0x7B, 0xA7, 0x20, 0xEC, 0xD8, 0x04, 0xF1, 0xC4, 0xD8, 0x60, 0x0C, 0xE8, 0x9D, 0x84, 0x7E, 0xDE,
    0x27, 0x40, 0x53, 0x6E, 0xE0, 0x6D, 0x47, 0x4C, 0x78, 0x37, 0x0D, 0x0D, 0x49, 0x04, 0xA4, 0x2A,
    0xED, 0xBE, 0xD7, 0xC8, 0x65, 0x5E, 0xEB, 0x90, 0x90, 0x50, 0xCF, 0xE2, 0xEA, 0x6A, 0x74, 0xCF,
    0x0E, 0x33, 0x18, 0x34, 0xC9, 0xA2, 0x56, 0xBF, 0x91, 0xA0, 0xE7, 0xA8, 0xEB, 0xCB, 0xD4, 0xAB,
    0x22, 0xD3, 0x41, 0xFB, 0xED, 0x78, 0x25, 0x55, 0x27, 0xA1, 0x41, 0x96, 0xE9, 0x59, 0x8C, 0x2E,
    0xF5, 0xFB, 0xF5, 0x5C, 0x48, 0xA6, 0xF6, 0xD0, 0xB0, 0x11, 0xD7, 0xF7, 0x55, 0x20, 0x34, 0x38,
    0x48, 0xCA, 0x2C, 0x31, 0xA8, 0x7E, 0x2D, 0xAC, 0x12, 0xB3, 0x1C, 0x7D, 0xD8, 0x58, 0x17, 0xAC,
    0x4E, 0x2C, 0xC4, 0x6B, 0x5F, 0xB3, 0x38, 0x8D, 0x4E, 0x32, 0x5D, 0x4E, 0xC7, 0x1A, 0x6F, 0xBF,
    0x69, 0x0C, 0x17, 0x32, 0x06, 0x69, 0xD9, 0x4F, 0x1F, 0x91, 0xAD, 0x91, 0x18, 0xB4, 0xAC, 0x87,
    0xF6, 0xD8, 0x44, 0xD5, 0x06, 0xC5, 0x55, 0x80, 0x4D, 0x22, 0x83, 0x4A, 0x8A, 0xF2, 0xD1, 0xC2,
    0x29, 0x9F, 0xDC, 0x64, 0x44, 0xFA, 0x4E, 0xF2, 0xE4, 0x50, 0x2B, 0x81, 0xB8, 0xD0, 0xEB, 0xB2,
    0x39, 0x7D, 0x8A, 0xA9, 0xA9, 0xE3, 0x70, 0xB1, 0x90, 0xA6, 0x50, 0xFB, 0xD8, 0x0A, 0x4E, 0x13,
    0xD1, 0xC8, 0x5A, 0xAB, 0xD1, 0xBA, 0x15, 0x66, 0xA1, 0xF1, 0x7E, 0xB8, 0xB8, 0xDF, 0xCE, 0x71,
    0xF2, 0xCF, 0xE4, 0x20, 0xF8, 0xCC, 0x51, 0xFC, 0xDC, 0x19, 0x52, 0x94, 0x49, 0xDD, 0x28, 0xA1,
    0xF9, 0xB7, 0xA1, 0x6E, 0x93, 0xDC, 0xE8, 0x42, 0x5B, 0x8F, 0xC8, 0x66, 0xD0, 0x83, 0x9A, 0x4E,
    0x76, 0xD7, 0x3B, 0xC7, 0xBE, 0x1C, 0xFF, 0x9E, 0xF6, 0xE4, 0x59, 0x8C, 0x44, 0xDD, 0x73, 0xFE,
    0xE7, 0xC4, 0xA0, 0xDC, 0x27, 0xC6, 0xAC, 0x01, 0x0B, 0xB4, 0x09, 0xC7, 0x60, 0xE2, 0x33, 0x36,
    0xDC, 0x27, 0x06, 0x6F, 0x83, 0x60, 0xAC, 0x5B, 0x48, 0xAD, 0x66, 0x16, 0x92, 0x56, 0x18, 0x76,
    0x81, 0x3C, 0x01, 0x1B, 0x74, 0xE1, 0x36, 0xA1, 0xD1, 0x37, 0x6A, 0xA4, 0x0B, 0xC4, 0x3A, 0x02,
    0x75, 0xE4, 0xB1, 0x91, 0x17, 0x1F, 0x1A, 0xC5, 0xEC, 0xCD, 0xE4, 0x78, 0x84, 0x4E, 0x72, 0xA3,
    0xDC, 0x79, 0xDB, 0x38, 0x18, 0xB5, 0x78, 0x5B, 0xCC, 0xAA, 0x8D, 0x5E, 0x54, 0xB0, 0xC6, 0x0C,
    0xD5, 0x6E, 0xD0, 0xD0, 0x80, 0x3A, 0xB9, 0x41, 0x27, 0xC6, 0x5B, 0x90, 0x07, 0x32, 0xB2, 0xDB,
    0x08, 0xF0, 0x09, 0x94, 0xC6, 0xF1, 0x60, 0xD3, 0xFB, 0xC1, 0x66, 0x74, 0x3D, 0xA6, 0x8E, 0x06,
    0xDF, 0x40, 0x0B, 0xA7, 0x09, 0x3D, 0xCA, 0xFB, 0x50, 0xAE, 0x08, 0xDD, 0x4F, 0x7A, 0x29, 0x1B,
    0xEF, 0x94, 0xFC, 0x85, 0xCA, 0xC6, 0x28, 0xDE, 0x92, 0x21, 0xBE, 0xD3, 0x75, 0x27, 0x8B, 0x76,
    0x65, 0xF6, 0x88, 0xB6, 0xCF, 0x4F, 0xB4, 0xAC, 0x5E, 0x37, 0x44, 0x56, 0x9E, 0x17, 0x7C, 0x44,
    0x4C, 0xF8, 0x05, 0x7B, 0x02, 0xB0, 0xA0, 0xB1, 0xBB, 0xCC, 0x26, 0x6A, 0x08, 0x49, 0x00, 0xEF,
    0x41, 0x6F, 0x5C, 0x83, 0xD1, 0x08, 0x8D, 0x15, 0xB8, 0xB2, 0x06, 0x9C, 0x8B, 0xEE, 0xC1, 0x08,
    0x97, 0x60, 0x24, 0x01, 0x26, 0xB2, 0x25, 0x2C, 0x2F, 0x91, 0xB8, 0xB7, 0x0E, 0xAA, 0x3E, 0x1E,
    0x4C, 0x2F, 0x3D, 0xAC, 0xF4, 0x7E, 0x9F, 0x1A, 0xFA, 0x99, 0xEA, 0xFA, 0x39, 0x5E, 0x35, 0xFB,
    0xF5, 0x56, 0xB3, 0xAB, 0xBF, 0xB5, 0x46, 0x6A, 0xDD, 0x66, 0x0A, 0x12, 0xB4, 0x09, 0x1F, 0x0D,
    0xB1, 0x0B, 0x14, 0x0B, 0x51, 0x00, 0xE1, 0x1B, 0xEE, 0x09, 0x03, 0x94, 0x89, 0x7D, 0xB5, 0x7B,
    0x9B, 0x08, 0x40, 0xE0, 0x80, 0xDE, 0xFD, 0xF2, 0x8B, 0xD8, 0xD0, 0x36, 0xC0, 0x12, 0x2D, 0xC1,
    0x45, 0xC6, 0x1B, 0x51, 0x72, 0xD4, 0x0D, 0xAC, 0xB4, 0x51, 0x22, 0x31, 0xBB, 0x5F, 0x51, 0xF7,
    0x22, 0xD8, 0xC4, 0x52, 0xF8, 0x24, 0xD2, 0x12, 0x50, 0xD3, 0xBA, 0xA7, 0xB5, 0x9F, 0x06, 0xF0,
    0x41, 0x12, 0xC2, 0x7B, 0x8D, 0xE9, 0x4E, 0x44, 0xD6, 0x06, 0x9E, 0xEF, 0x84, 0xBE, 0x8B, 0x9E,
    0xFC, 0xDA, 0x39, 0x9B, 0xA1, 0x32, 0xCB, 0x47, 0x3C, 0x7B, 0x23, 0xAD, 0xC1, 0x0D, 0x72, 0x5F,
    0xF1, 0x86, 0xA0, 0x6F, 0x50, 0x1A, 0x4D, 0xE9, 0xDA, 0x39, 0x99, 0xC6, 0xFB, 0xB0, 0xFB, 0xF8,
    0x26, 0xEC, 0xF2, 0x1A, 0x76, 0x93, 0x1D, 0x76, 0x1F, 0x3E, 0xC9, 0x8D, 0xBE, 0x11, 0x34, 0xF9,
    0xAC, 0x3E, 0xD8, 0x33, 0xF5, 0xB4, 0x63, 0xE9, 0x03, 0xD2, 0xA1, 0x88, 0x7E, 0xE7, 0x35, 0xE7,
    0x8E, 0x84, 0xE4, 0xC4, 0xB8, 0x81, 0x41, 0x1B, 0x05, 0xAF, 0x5E, 0x01, 0x48, 0x8C, 0x42, 0x6C,
    0x4C, 0xA8, 0x65, 0xA5, 0x83, 0x20, 0x4B, 0xFF, 0x6C, 0xCD, 0x8E, 0xC9, 0x3B, 0xCD, 0x66, 0x57,
    0x37, 0x6F, 0x87, 0x66, 0x87, 0x23, 0x55, 0xCC, 0x89, 0x6C, 0x4E, 0x6A, 0xDF, 0x53, 0x0C, 0xE5,
    0x9D, 0x1F, 0xAD, 0x31, 0xB2, 0x36, 0xAE, 0xE0, 0xF8, 0xAF, 0x6F, 0x07, 0x55, 0xEF, 0x47, 0x3B,
    0xB4, 0x95, 0xD9, 0x8E, 0x41, 0x56, 0x3B, 0x82, 0xA8, 0x63, 0x69, 0x5C, 0x75, 0xF8, 0x55, 0x61,
    0xEB, 0x29, 0x24, 0xC0, 0x88, 0x0D, 0x63, 0x83, 0x8B, 0x6F, 0x50, 0xDB, 0x50, 0x6F, 0x59, 0x49,
    0x74, 0xC4, 0x3B, 0xBA, 0xDB, 0xC0, 0xA8, 0x48, 0x21, 0x9D, 0xBF, 0xEE, 0x99, 0x9F, 0x04, 0xC8,
    0x94, 0x3F, 0x4B, 0xC6, 0x93, 0x8C, 0x12, 0x86, 0xF8, 0x21, 0x83, 0x19, 0xCD, 0x53, 0x64, 0x97,
    0x38, 0x64, 0x84, 0xA4, 0x50, 0x5D, 0xB3, 0xE5, 0xA6, 0x7B, 0x70, 0xAC, 0x36, 0xF4, 0x9D, 0x71,
    0x14, 0x1B, 0x15, 0x43, 0x39, 0x38, 0x38, 0x02, 0x59, 0x24, 0x46, 0x96, 0x11, 0x7D, 0x36, 0x56,
    0x35, 0x60, 0xA0, 0x9F, 0x16, 0xDB, 0x0D, 0xEA, 0xAB, 0x33, 0x83, 0xDC, 0x0B, 0x20, 0x59, 0x9E,
    0x32, 0x2F, 0x28, 0x63, 0x65, 0x5E, 0xA0, 0x83, 0xEC, 0x9A, 0xA0, 0xCB, 0x77, 0x53, 0x3A, 0x9A,
    0x5E, 0x85, 0x6F, 0x24, 0xA4, 0x64, 0xEC, 0x42, 0x6B, 0x91, 0x00, 0xD7, 0x5A, 0x25, 0xA6, 0x8C,
    0x5A, 0xD5, 0x94, 0x43, 0x21, 0x13, 0x1A, 0xB2, 0xC1, 0x2F, 0x90, 0xD8, 0xD0, 0x5D, 0x98, 0xE0,
    0xFC, 0xCE, 0xC5, 0x91, 0x79, 0x27, 0x31, 0xE1, 0x19, 0x3E, 0xFA, 0x55, 0x25, 0x90, 0xFE, 0x91,
    0xBD, 0x20, 0x86, 0xE3, 0x38, 0xFE, 0x29, 0x49, 0xB6, 0x1E, 0x1B, 0xF1, 0xF6, 0x9B, 0x9C, 0xE4,
    0x81, 0xFE, 0x6E, 0x44, 0x7B, 0x20, 0x7D, 0xB3, 0x41, 0x13, 0xB2, 0xE1, 0x36, 0x11, 0x09, 0xDD,
    0xE0, 0x0B, 0xDC, 0x20, 0xB4, 0x0D, 0x8F, 0x09, 0x26, 0x50, 0xB0, 0x04, 0xD0, 0x58, 0xB7, 0x4D,
    0x25, 0xF3, 0x3E, 0xB1, 0x7F, 0x1F, 0x79, 0xF2, 0x35, 0x76, 0xA1, 0x56, 0x3F, 0xFD, 0x0D, 0xEB,
    0xF8, 0xA7, 0x2D, 0x8A, 0x0E, 0x5F, 0x22, 0x7B, 0x52, 0x05, 0x20, 0x79, 0x94, 0x6B, 0x8E, 0x10,
    0x42, 0xFA, 0xF2, 0x25, 0x94, 0x6B, 0xE5, 0xE0, 0x6A, 0x52, 0x65, 0x65, 0x58, 0x0C, 0xD4, 0xEF,
    0xE8, 0xC7, 0xEA, 0x41, 0x9C, 0x26, 0xCE, 0xBD, 0x1D, 0x0E, 0x4C, 0xB1, 0xFA, 0x80, 0x97, 0x0C,
    0x9E, 0xCC, 0x9A, 0xF2, 0x33, 0xBE, 0xFC, 0x7C, 0xF4, 0x63, 0x3D, 0x9A, 0x22, 0x78, 0x67, 0x7F,
    0x10, 0x58, 0x47, 0xA5, 0x64, 0x42, 0x83, 0xE6, 0x87, 0x5F, 0x7D, 0xEE, 0x60, 0x07, 0x55, 0x88,
    0x4F, 0x6A, 0xB4, 0xBD, 0x1F, 0xB4, 0xC1, 0x4C, 0x4F, 0x24, 0xF0, 0xFE, 0xE3, 0xFD, 0xD1, 0xFD,
    0x63, 0xF9, 0xC1, 0x4D, 0x8F, 0xC7, 0xE8, 0x3D, 0xAF, 0x80, 0xA4, 0x1D, 0x32, 0xEC, 0x2C, 0xB2,
    0x0B, 0xD9, 0x62, 0x10, 0xF0, 0x51, 0x92, 0x95, 0x9E, 0xE5, 0x16, 0x9B, 0xD0, 0x34, 0x05, 0x6B,
    0x07, 0xA6, 0xE7, 0x05, 0xD0, 0x7D, 0x40, 0xD4, 0xF5, 0x4D, 0xD1, 0x92, 0xF1, 0x22, 0x56, 0x72,
    0xE7, 0x7A, 0x19, 0x51, 0xE2, 0x53, 0x2A, 0xA7, 0x4E, 0x89, 0x17, 0xA1, 0x6D, 0xA2, 0x8F, 0xE7,
    0x60, 0xA1, 0xE7, 0x37, 0x01, 0xC9, 0x71, 0xA2, 0x92, 0xB6, 0x48, 0xF2, 0xFC, 0xBF, 0xB4, 0x3D,
    0x5D, 0x90, 0xC9, 0x10, 0x5E, 0xB2, 0xF3, 0xE4, 0x8F, 0xB3, 0xF3, 0x24, 0xF4, 0x01, 0xE9, 0x01,
    0x01, 0xE1, 0xEB, 0xFE, 0xE6, 0x84, 0xDA, 0x9A, 0xD7, 0x1C, 0xC7, 0xF1, 0x2F, 0x5A, 0xF0, 0x75,
    0x16, 0xE3, 0x27, 0xC6, 0x24, 0x98, 0x54, 0x9B, 0x1C, 0xB8, 0x1C, 0xFF, 0xD6, 0x15, 0xB7, 0x9A,
    0x6E, 0xD8, 0xD3, 0x42, 0x21, 0x4E, 0xC7, 0x7F, 0x24, 0x41, 0xFF, 0xF7, 0x39, 0xE0, 0x9A, 0x63,
    0x16, 0x4F, 0x17, 0x27, 0x8E, 0x0C, 0x47, 0xC9, 0x9D, 0x83, 0x6B, 0x7F, 0xEE, 0xE5, 0x6D, 0x28,
    0x9D, 0xF7, 0x8D, 0xF5, 0x06, 0x74, 0xEC, 0xC4, 0x64, 0x6F, 0x7B, 0x2D, 0x7A, 0xF2, 0xDB, 0x47,
    0xEC, 0xF5, 0x11, 0xBE, 0x7F, 0xC4, 0x1E, 0xEB, 0x21, 0x24, 0x39, 0xE8, 0x53, 0x64, 0xCA, 0x9F,
    0x9B, 0x04, 0x7A, 0x99, 0xDB, 0x0E, 0xA8, 0x9B, 0x48, 0x36, 0xA9, 0xE0, 0x1E, 0xA1, 0x64, 0x2D,
    0x58, 0x24, 0x06, 0xAF, 0x62, 0xBB, 0xA8, 0x4F, 0x21, 0x2D, 0x5B, 0xC1, 0xF5, 0x8E, 0x6C, 0x85,
    0x8C, 0x93, 0xF1, 0x31, 0x35, 0xD6, 0xBC, 0xE5, 0x3D, 0x91, 0x8B, 0xAD, 0xD8, 0xBC, 0x22, 0x2B,
    0xDB, 0xF0, 0x28, 0x43, 0x1F, 0x5E, 0x86, 0xD0, 0x5A, 0x59, 0x96, 0x76, 0x85, 0x75, 0x8A, 0x34,
    0x06, 0x7B, 0x73, 0xD3, 0x34, 0xAC, 0x8C, 0xF2, 0xFF, 0x6E, 0xF8, 0x60, 0x4F, 0x87, 0x97, 0x27,
    0xCB, 0x01, 0xA5, 0x29, 0x5D, 0xE8, 0x6B, 0x7F, 0xB0, 0x8B, 0x4F, 0x23, 0x7F, 0x40, 0x36, 0xDB,
    0xAF, 0x50, 0x47, 0x64, 0xFD, 0xE9, 0x3A, 0xC9, 0x9E, 0x56, 0xBC, 0xC8, 0xEE, 0x27, 0x95, 0x15,
    0xA8, 0xEE, 0x01, 0x71, 0xBD, 0x33, 0x17, 0x71, 0xB4, 0x54, 0x12, 0x9C, 0x34, 0xDA, 0xDA, 0x38,
    0xB2, 0xDF, 0xDF, 0xD9, 0x29, 0x5F, 0x10, 0xBF, 0x6E, 0x1C, 0xB4, 0xEF, 0x5F, 0x35, 0xFC, 0xFA,
    0xC6, 0xC1, 0xCE, 0xCA, 0x13, 0x39, 0x01, 0x2D, 0xC8, 0x02, 0x69, 0x90, 0x46, 0xBA, 0xE0, 0xD7,
    0x61, 0x57, 0x20, 0x71, 0x49, 0x85, 0x7C, 0x7D, 0x7F, 0x74, 0x7F, 0xFC, 0x70, 0xDF, 0xA4, 0x92,
    0x7E, 0xE0, 0x97, 0xF6, 0x4D, 0x5E, 0x73, 0x2B, 0x80, 0xB6, 0x3F, 0xE2, 0x24, 0x8D, 0x5D, 0x24,
    0xF6, 0xBC, 0xC8, 0xB4, 0x73, 0x2B, 0xE9, 0xDC, 0x6A, 0xDF, 0x5A, 0x88, 0x7D, 0x6F, 0x21, 0xF6,
    0xCD, 0x85, 0xD8, 0x77, 0x17, 0xE2, 0xD8, 0x5E, 0x78, 0xEC, 0x2F, 0x3C, 0x36, 0x18, 0xAE, 0x1D,
    0x86, 0xC7, 0x16, 0xC3, 0xEB, 0x1E, 0x43, 0xA4, 0x4B, 0x2E, 0xBB, 0x0C, 0xF7, 0x6D, 0x86, 0xC7,
    0x3E, 0xC3, 0xB6, 0x3A, 0x62, 0xD2, 0xE4, 0xB0, 0xB2, 0xB7, 0x7E, 0xB1, 0xD2, 0x23, 0x2C, 0xCB,
    0xB0, 0x6F, 0x37, 0xB4, 0x7D, 0xBF, 0xA1, 0x49, 0xA4, 0xA5, 0x6F, 0xDF, 0x3F, 0xE2, 0x3B, 0x6B,
    0x60, 0xB8, 0x04, 0x08, 0xF5, 0xE3, 0x01, 0x77, 0x8A, 0xAB, 0x62, 0x50, 0xFC, 0xF6, 0x71, 0x3C,
    0xE0, 0x96, 0x1F, 0x3D, 0xE0, 0x36, 0xA8, 0x69, 0xA8, 0x77, 0xAD, 0x5E, 0x39, 0x77, 0x30, 0xA3,
    0x53, 0xD4, 0x42, 0x23, 0xDE, 0xEC, 0x82, 0x16, 0x3B, 0x8B, 0x26, 0x31, 0x7A, 0x97, 0x5D, 0x8A,
    0x96, 0x30, 0x32, 0xE7, 0x6B, 0x79, 0x38, 0xFA, 0x32, 0xA5, 0x60, 0x8A, 0x22, 0x25, 0x52, 0xEE,
    0x51, 0x61, 0xDC, 0x4A, 0x98, 0xF2, 0xE8, 0x01, 0x47, 0x4F, 0xD1, 0x96, 0x98, 0x02, 0x69, 0x61,
    0xCA, 0x58, 0x62, 0x6B, 0x4B, 0x22, 0x19, 0x20, 0x31, 0x45, 0xD9, 0x2E, 0xFD, 0x46, 0xC6, 0x97,
    0x39, 0x8A, 0x7D, 0x91, 0xA3, 0xD8, 0x25, 0x47, 0x49, 0x64, 0x52, 0x0D, 0x52, 0x12, 0xEB, 0xC4,
    0x89, 0x78, 0x8D, 0x52, 0xB0, 0x7F, 0xE9, 0xCE, 0x35, 0xFB, 0xFB, 0xB6, 0x63, 0x29, 0x43, 0x48,
    0xE7, 0x45, 0x7E, 0xB0, 0x47, 0x43, 0x4F, 0xE9, 0x84, 0x26, 0xC7, 0x97, 0x24, 0x8B, 0xB6, 0x13,
    0xBA, 0x31, 0xC0, 0x33, 0xEF, 0x49, 0xBA, 0x2C, 0xEA, 0xE7, 0xFB, 0x54, 0xA2, 0x19, 0xC9, 0xDF,
    0xC0, 0x0C, 0x0E, 0x45, 0xA5, 0x81, 0x2E, 0x97, 0x2D, 0xD6, 0xB6, 0xB1, 0x67, 0x0D, 0xBA, 0xEC,
    0x9B, 0x96, 0x34, 0x14, 0x80, 0x24, 0x07, 0x63, 0x27, 0xE8, 0x3F, 0xDE, 0x3E, 0x15, 0xD7, 0x34,
    0xA6, 0x52, 0xBB, 0x78, 0x4D, 0xED, 0x40, 0x3B, 0xA1, 0xEF, 0x02, 0xB5, 0xDB, 0x06, 0x8F, 0x9C,
    0xB8, 0x1B, 0x42, 0x9B, 0xC0, 0x42, 0x5C, 0xE1, 0x67, 0x0C, 0xD2, 0x0A, 0xBA, 0xB6, 0x9B, 0x0E,
    0x52, 0xF7, 0x57, 0x15, 0x79, 0x32, 0x68, 0x5D, 0xE5, 0x35, 0x0D, 0x6B, 0x4E, 0xC3, 0x52, 0x64,
    0x4E, 0xC6, 0x4D, 0x1E, 0x1B, 0xB6, 0xB4, 0xE8, 0x3B, 0x85, 0xF4, 0xA4, 0x5D, 0xBF, 0x1F, 0x24,
    0xFA, 0xFB, 0xE4, 0x0F, 0x3D, 0xA0, 0xBB, 0x07, 0xE2, 0xEA, 0x01, 0xBB, 0x78, 0x20, 0x1A, 0x63,
    0x7F, 0x17, 0xF1, 0x71, 0x78, 0x40, 0xE3, 0xE2, 0x81, 0x09, 0x2C, 0x11, 0x46, 0x47, 0xF7, 0x1F,
    0x08, 0x7D, 0x4A, 0x46, 0x4A, 0x74, 0x02, 0xC6, 0x18, 0x3D, 0x17, 0xF2, 0x17, 0xB6, 0x49, 0xBD,
    0xDB, 0xE0, 0x68, 0xE7, 0xC5, 0x5C, 0xD9, 0xE3, 0x7B, 0xF6, 0x6D, 0x31, 0x6A, 0x19, 0x97, 0xD4,
    0xA2, 0xF8, 0xD3, 0x32, 0x2E, 0xF4, 0xEB, 0xC5, 0x9C, 0x3C, 0x92, 0x2C, 0x5E, 0x17, 0x73, 0xC7,
    0x5E, 0x09, 0x62, 0xB0, 0xF7, 0xF6, 0x7B, 0x0E, 0x98, 0x8F, 0x1E, 0x04, 0x72, 0x80, 0x89, 0xEB,
    0x11, 0x04, 0xE4, 0x0C, 0x83, 0x26, 0x9C, 0xB6, 0x5E, 0xC7, 0x0B, 0xC9, 0xE3, 0x4D, 0xD2, 0xFE,
    0x0C, 0x6F, 0x6D, 0x73, 0xBC, 0xE5, 0x89, 0xA4, 0x8A, 0x2C, 0xBF, 0xD5, 0x73, 0x2A, 0x9A, 0x38,
    0x4D, 0x67, 0xA9, 0xFC, 0xA2, 0x32, 0xFC, 0xEF, 0x37, 0xD6, 0xE2, 0xB2, 0xB1, 0xF6, 0xBC, 0x75,
    0x96, 0xE4, 0x85, 0xDF, 0x6D, 0xAC, 0x3D, 0x96, 0xBF, 0x91, 0x35, 0xA7, 0xF1, 0xBA, 0xB1, 0xF6,
    0xF2, 0xB2, 0x2D, 0x20, 0xFB, 0x6B, 0x98, 0x03, 0x24, 0x0F, 0xBC, 0xBE, 0x6C, 0xF3, 0xD7, 0x97,
    0x6D, 0x7F, 0x03, 0xDD, 0x9B, 0xE1, 0x6A, 0xDC, 0xC0, 0x0E, 0x85, 0x0F, 0xCC, 0xDF, 0x80, 0x5E,
    0x25, 0x70, 0xFF, 0x2E, 0xE8, 0xD5, 0x05, 0xFB, 0x00, 0x7D, 0x15, 0x41, 0xFF, 0x0A, 0xCE, 0xB5,
    0xA5, 0x41, 0xCC, 0x9A, 0x4D, 0xEF, 0xF6, 0xD2, 0xD4, 0xDE, 0x0E, 0xEE, 0xA7, 0x6D, 0x26, 0xBB,
    0x9E, 0x39, 0x67, 0x64, 0x2B, 0xE3, 0x04, 0x10, 0x02, 0x98, 0x54, 0xDA, 0x81, 0x51, 0x54, 0x07,
    0xE0, 0x3B, 0xC7, 0x42, 0x31, 0x89, 0x47, 0x2A, 0xC9, 0x47, 0x06, 0xC6, 0xA4, 0x8D, 0xA2, 0x03,
    0x34, 0xD9, 0x19, 0xA4, 0x29, 0x59, 0xC4, 0x93, 0xA6, 0xB6, 0x93, 0x45, 0x6F, 0xD6, 0xD7, 0x85,
    0xC3, 0x40, 0xD2, 0xC6, 0x0E, 0x09, 0x4C, 0xA8, 0x8F, 0x15, 0x4C, 0x98, 0xE8, 0x02, 0xB5, 0xDB,
    0x06, 0xBF, 0xD1, 0x94, 0xCE, 0x10, 0xBA, 0x72, 0x10, 0xEA, 0x38, 0xB4, 0x11, 0xA5, 0xCD, 0x8A,
    0x11, 0xD8, 0xB9, 0x08, 0x16, 0xE2, 0x00, 0x98, 0xBC, 0x3D, 0x8C, 0xB9, 0x3F, 0x23, 0xDB, 0x95,
    0xC4, 0xFE, 0xCC, 0x71, 0x18, 0xA0, 0xF4, 0x0D, 0x32, 0x81, 0xDB, 0x8E, 0x12, 0x98, 0x48, 0x74,
    0xFB, 0x3E, 0xCD, 0xC5, 0x0E, 0x6E, 0x8F, 0xA4, 0x94, 0xD9, 0xC8, 0x36, 0x55, 0x3F, 0xEA, 0x47,
    0x49, 0x85, 0xB2, 0xDB, 0xF0, 0x79, 0x41, 0xA5, 0x47, 0x4F, 0x45, 0x7D, 0xCE, 0x4C, 0xA2, 0x27,
    0x7D, 0x9B, 0x22, 0xCF, 0x8E, 0x34, 0xE3, 0xBE, 0x81, 0x08, 0xC0, 0xA1, 0xDF, 0xAF, 0xBE, 0x2C,
    0xA9, 0xA6, 0xD1, 0xAA, 0xA5, 0x13, 0x6D, 0xC2, 0x5B, 0x7B, 0xB0, 0x58, 0x20, 0x2D, 0x75, 0xAD,
    0xBC, 0xB1, 0x03, 0xD7, 0x30, 0xA2, 0xD7, 0x7E, 0xAE, 0x8E, 0x7B, 0xD2, 0x72, 0x44, 0xF7, 0x68,
    0x27, 0x42, 0x0D, 0x18, 0x54, 0x7B, 0x2F, 0x0B, 0x7A, 0xF5, 0x67, 0x42, 0x10, 0x10, 0x9F, 0xAF,
    0x00, 0x89, 0x79, 0xD9, 0xA1, 0xD8, 0x89, 0x69, 0x30, 0x13, 0x40, 0x00, 0x30, 0x2D, 0xF0, 0xA4,
    0xFD, 0x0B, 0x09, 0x90, 0x73, 0x50, 0x8A, 0x6D, 0xE0, 0x9C, 0xD9, 0xE7, 0x75, 0xD6, 0xFE, 0x09,
    0xCA, 0x9E, 0x55, 0xB5, 0xBC, 0xAE, 0xF5, 0xC9, 0x25, 0x4E, 0x5F, 0x1C, 0x25, 0xA9, 0x49, 0x7A,
    0xF7, 0x8A, 0xD5, 0x77, 0xDC, 0xDA, 0x9F, 0xC8, 0x0E, 0xD2, 0x9B, 0xE5, 0x86, 0x10, 0x57, 0xF4,
    0xAD, 0xA7, 0xA2, 0x31, 0x67, 0x36, 0xF8, 0x70, 0x47, 0x70, 0x08, 0x10, 0xB8, 0x01, 0x8A, 0x3C,
    0x5B, 0x4C, 0xBF, 0xC6, 0xDF, 0x28, 0x8A, 0x74, 0x5D, 0x4B, 0x65, 0x41, 0xE7, 0x48, 0x77, 0xE0,
    0xAD, 0x3D, 0x90, 0x9E, 0x88, 0x46, 0x8F, 0x88, 0xD6, 0xB5, 0xD1, 0x35, 0x8C, 0xF8, 0xBA, 0xD2,
    0xF7, 0x43, 0xA5, 0x8F, 0x78, 0x6B, 0x3B, 0x06, 0x31, 0x75, 0x55, 0xD9, 0x31, 0x62, 0xC3, 0xF1,
    0xC7, 0x81, 0xF3, 0xF3, 0xA2, 0xF4, 0x0E, 0xDD, 0xC9, 0x00, 0xC6, 0x3D, 0x85, 0x35, 0xF9, 0x17,
    0x32, 0xA2, 0xCE, 0x2A, 0x58, 0xEF, 0xD3, 0xE2, 0x57, 0x49, 0x86, 0x13, 0x94, 0x3D, 0xE5, 0x3E,
    0x7D, 0xB6, 0xCC, 0xAF, 0xDD, 0xA2, 0x53, 0x03, 0x4F, 0x8C, 0x1D, 0xA0, 0x8D, 0x06, 0xF2, 0x55,
    0x15, 0x19, 0x2B, 0xC8, 0x15, 0xF5, 0x35, 0x2C, 0x88, 0x0D, 0xC3, 0x1B, 0x2E, 0x24, 0x9D, 0x0D,
    0x1C, 0x5B, 0xF4, 0x9B, 0x1B, 0x98, 0xC3, 0x45, 0x0D, 0x2C, 0x24, 0x24, 0xD4, 0xFB, 0x9F, 0xD3,
    0xF2, 0xC3, 0x90, 0x43, 0xF6, 0x52, 0x5D, 0x1D, 0x9F, 0x1A, 0x79, 0xBA, 0x18, 0xA4, 0x41, 0x03,
    0x0F, 0x4D, 0x0C, 0x95, 0xFE, 0x51, 0x51, 0x6C, 0x7A, 0x27, 0xE9, 0x4C, 0xCA, 0x71, 0x9F, 0xAF,
    0x50, 0x1A, 0xAA, 0xED, 0x40, 0xB6, 0x73, 0xB4, 0xB2, 0x5A, 0xE8, 0xA4, 0x21, 0xC4, 0xEB, 0x9F,
    0x1A, 0xC0, 0xF2, 0x6F, 0xF4, 0x1C, 0xFF, 0x8C, 0x5E, 0xC7, 0x2A, 0x5F, 0x97, 0x2A, 0xFF, 0x3C,
    0x15, 0x14, 0x00, 0xFD, 0x36, 0xC8, 0xC8, 0x4B, 0xB5, 0xA5, 0x2F, 0x7F, 0x76, 0xE6, 0x40, 0x74,
    0x9E, 0xEC, 0xD0, 0x78, 0xA8, 0xE6, 0x74, 0x47, 0x8D, 0xDC, 0x01, 0xE1, 0x5C, 0x2C, 0x20, 0x14,
    0xF8, 0xC4, 0x38, 0x4F, 0x1C, 0x8C, 0xB9, 0xAE, 0x69, 0xF9, 0x76, 0x89, 0x39, 0xDA, 0xB9, 0x3C,
    0x84, 0x73, 0x09, 0x89, 0x23, 0x86, 0x0F, 0xC3, 0xED, 0x8F, 0x0A, 0x37, 0x2C, 0x25, 0x7B, 0xB6,
    0x33, 0x92, 0xB2, 0x5E, 0x5B, 0x3D, 0x99, 0x59, 0xAE, 0x53, 0x29, 0xD0, 0x2A, 0x0B, 0xFE, 0xA2,
    0x82, 0x80, 0x24, 0x59, 0xCB, 0x4D, 0x6D, 0x63, 0xEC, 0x84, 0xB3, 0xEB, 0x75, 0x4D, 0x35, 0xF9,
    0xC3, 0x4B, 0xC4, 0x52, 0xB1, 0x64, 0x2C, 0x1D, 0x5B, 0xC8, 0x96, 0x72, 0x72, 0x24, 0x4B, 0xC8,
    0x26, 0x92, 0xA3, 0x74, 0x3C, 0x92, 0x3C, 0xD2, 0xE6, 0x30, 0x56, 0x06, 0x52, 0xD1, 0x07, 0x4A,
    0x19, 0xB7, 0xF0, 0xE1, 0x1A, 0x7B, 0x6F, 0x8C, 0x40, 0xE9, 0x1C, 0x6A, 0x18, 0xA1, 0xA5, 0x64,
    0xCA, 0x9C, 0x3A, 0xEF, 0x42, 0x63, 0x51, 0xBA, 0xC5, 0xC6, 0x9C, 0x52, 0x60, 0xD7, 0x1B, 0xEA,
    0x0B, 0x1C, 0xB4, 0x3A, 0x31, 0xC0, 0x29, 0x79, 0xA2, 0x84, 0x87, 0x46, 0x0D, 0x31, 0x90, 0xDA,
    0x97, 0xF8, 0xA3, 0xC4, 0xBC, 0xDB, 0x06, 0x1A, 0x6E, 0x4A, 0xE0, 0xE3, 0x2D, 0x96, 0x6E, 0xCE,
    0x40, 0x40, 0x06, 0x9C, 0x01, 0xFB, 0xAB, 0xCB, 0xF6, 0x45, 0x69, 0xAE, 0x5D, 0x62, 0x7C, 0xBF,
    0x54, 0xAF, 0x95, 0x21, 0x34, 0x61, 0xC8, 0x3D, 0x8F, 0x11, 0x10, 0x87, 0x1A, 0x74, 0xAA, 0xA7,
    0xA4, 0xA4, 0x6E, 0xEB, 0x31, 0x9E, 0x1C, 0x38, 0x1C, 0x4A, 0x27, 0x83, 0x0C, 0x18, 0x94, 0x20,
    0x2D, 0xD4, 0x43, 0x36, 0x1A, 0x88, 0x11, 0xE8, 0x55, 0x2E, 0x01, 0x12, 0x4A, 0x20, 0x8F, 0xF1,
    0xE5, 0xF1, 0x31, 0x18, 0x83, 0x01, 0xDA, 0x9F, 0x19, 0x58, 0xB7, 0xE8, 0xDE, 0x34, 0x85, 0xE8,
    0xB7, 0x83, 0x00, 0xFE, 0xFF, 0x71, 0x7E, 0x79, 0x0A, 0x70, 0x87, 0x32, 0x8D, 0x23, 0xB3, 0x57,
    0x08, 0x09, 0x64, 0xC5, 0x3D, 0x09, 0x5A, 0x39, 0x4B, 0x7B, 0x91, 0x36, 0xE9, 0xC0, 0xFC, 0x1C,
    0xE8, 0xC3, 0x87, 0xCF, 0x33, 0xF6, 0x8F, 0xCA, 0xCF, 0x1A, 0x71, 0x78, 0x90, 0x85, 0xC9, 0x1D,
    0x42, 0xEB, 0xCB, 0x20, 0x21, 0x91, 0x15, 0x7F, 0x0D, 0x77, 0x82, 0x4F, 0xA0, 0x85, 0x1C, 0xCE,
    0x60, 0x5F, 0x06, 0x1D, 0xA9, 0xE7, 0xB1, 0x55, 0x21, 0x18, 0x2B, 0xD6, 0x6D, 0xBC, 0x41, 0xA2,
    0x37, 0xDF, 0xBD, 0x5F, 0xF7, 0xCE, 0x9E, 0x27, 0x5B, 0xFC, 0x2B, 0x89, 0xFD, 0xD9, 0xB7, 0x19,
    0xFA, 0xDC, 0x8E, 0xE1, 0x8E, 0x9B, 0x5A, 0xC9, 0xDC, 0x95, 0x60, 0xB7, 0xEF, 0xD3, 0xFC, 0xB6,
    0xEC, 0x59, 0x07, 0x4A, 0xE8, 0x36, 0xDE, 0xD1, 0x2A, 0x42, 0xBD, 0x55, 0x9C, 0xDA, 0x3B, 0xB3,
    0x53, 0x0C, 0xF8, 0x00, 0xEC, 0x82, 0x4A, 0xE7, 0xC8, 0xA7, 0xAA, 0xEB, 0x63, 0x4B, 0x7D, 0x72,
    0x61, 0x96, 0x82, 0xCD, 0xFD, 0xA2, 0x40, 0x00, 0x8E, 0xDB, 0xF7, 0x5B, 0xE0, 0xED, 0x40, 0x67,
    0x9A, 0xB7, 0x1D, 0x00, 0x93, 0xEF, 0x6D, 0xC4, 0xAB, 0x9B, 0xA4, 0xE7, 0xBB, 0xF1, 0xD2, 0x56,
    0xA9, 0x18, 0x01, 0xE8, 0xCF, 0x78, 0x33, 0x1F, 0x8E, 0x95, 0x70, 0x63, 0xAD, 0x84, 0xA9, 0x76,
    0x9E, 0xFA, 0x31, 0xB3, 0xC0, 0x01, 0x21, 0x77, 0xE6, 0x79, 0xC6, 0xBF, 0x91, 0x05, 0x95, 0x00,
    0x32, 0xF7, 0x7C, 0x7D, 0x87, 0x89, 0x5F, 0x63, 0xED, 0x9F, 0xA0, 0xEC, 0x69, 0xF5, 0xCB, 0xEB,
    0x5A, 0x9F, 0x5F, 0xEC, 0x40, 0xD7, 0xF9, 0x8C, 0x0A, 0x52, 0x41, 0x7D, 0x4E, 0xA6, 0xEF, 0xD4,
    0x91, 0xA6, 0x48, 0xA4, 0x2B, 0x12, 0x65, 0x4B, 0x94, 0x74, 0x91, 0xDA, 0x0D, 0x4F, 0x45, 0x7F,
    0x94, 0x35, 0x44, 0x79, 0x03, 0xDA, 0x6F, 0x05, 0xEB, 0xE0, 0x19, 0xCA, 0xA5, 0x69, 0xD3, 0xF4,
    0x69, 0x1A, 0x55, 0x4E, 0x2D, 0x56, 0x0D, 0x3B, 0x3C, 0x91, 0x6D, 0x67, 0x34, 0x27, 0x42, 0x83,
    0x18, 0x56, 0xCF, 0xC4, 0x20, 0xB4, 0x8D, 0xA4, 0x0B, 0x06, 0x19, 0xE5, 0x43, 0x94, 0x11, 0x1B,
    0xD1, 0xE4, 0x17, 0xD4, 0xC9, 0x1A, 0xE6, 0xCE, 0xB4, 0xA4, 0x3C, 0x29, 0x53, 0x5A, 0xC6, 0x11,
    0xAB, 0xCA, 0x83, 0x36, 0xD5, 0x5E, 0x3B, 0xF1, 0x56, 0xA2, 0x2B, 0x92, 0x4B, 0x7E, 0x4B, 0x72,
    0x44, 0x76, 0x69, 0xDD, 0x17, 0xCE, 0x10, 0xBD, 0x07, 0x34, 0xC8, 0x0C, 0x96, 0x41, 0xBC, 0xFF,
    0xB7, 0x3A, 0xE2, 0x15, 0xEC, 0x9D, 0xB4, 0xC7, 0x67, 0x17, 0x14, 0x20, 0xFD, 0xAB, 0xDF, 0xB5,
    0x54, 0x00, 0x01, 0x1A, 0x46, 0x9C, 0xB4, 0xF8, 0x03, 0x7D, 0xF7, 0x05, 0x84, 0x79, 0x7A, 0x95,
    0x0C, 0x1F, 0xE0, 0x3B, 0xAE, 0xFA, 0x67, 0x8F, 0x59, 0x15, 0x30, 0xB1, 0xD2, 0xF6, 0x04, 0x9D,
    0xDF, 0x4E, 0xC4, 0xE7, 0x6D, 0xBD, 0x34, 0x1E, 0x02, 0x7A, 0x96, 0x9A, 0x3C, 0x59, 0xEA, 0xB5,
    0xF5, 0x6D, 0x27, 0x8E, 0x94, 0x9A, 0xB8, 0x0B, 0x59, 0x54, 0x62, 0xA4, 0x25, 0xA0, 0xFD, 0x82,
    0xE3, 0x48, 0x08, 0x4D, 0x37, 0x6A, 0x13, 0x9A, 0xBC, 0x25, 0x83, 0x93, 0x12, 0xE2, 0x84, 0x90,
    0x45, 0x63, 0x0C, 0x12, 0x0C, 0xD0, 0x77, 0x1E, 0xDA, 0xAF, 0xD4, 0xD4, 0x5C, 0x48, 0x29, 0x08,
    0x77, 0xFE, 0x27, 0x39, 0x08, 0x1E, 0x39, 0x8A, 0x3F, 0x9A, 0x21, 0x45, 0xD9, 0xA9, 0x1B, 0x25,
    0x34, 0xDF, 0x1B, 0xEA, 0xB6, 0x93, 0x1B, 0x5D, 0x68, 0x35, 0xD9, 0xDF, 0x1C, 0xD5, 0x0B, 0x8F,
    0x15, 0x8E, 0x1B, 0x36, 0xB8, 0x98, 0x0B, 0x1F, 0x9D, 0x08, 0x50, 0xC6, 0xCE, 0x91, 0xBC, 0xEF,
    0x14, 0xE9, 0xAB, 0x4C, 0xEB, 0x80, 0xB5, 0xFD, 0x45, 0x5F, 0x5E, 0xAA, 0x12, 0x11, 0xD5, 0x5D,
    0xE2, 0xDE, 0x67, 0x60, 0xC9, 0xA8, 0x0F, 0xE1, 0x56, 0x21, 0x52, 0x50, 0x7A, 0x05, 0x64, 0xB0,
    0x0A, 0x69, 0x99, 0xCC, 0xA0, 0x80, 0x76, 0x50, 0xAE, 0xE1, 0x56, 0x21, 0x32, 0x8C, 0x0C, 0x29,
    0xFA, 0x54, 0x7D, 0xCA, 0x8E, 0xD1, 0xD7, 0xB6, 0x0C, 0xC0, 0x63, 0x29, 0x16, 0xEB, 0x54, 0x68,
    0x39, 0xDF, 0xC8, 0x57, 0xC3, 0x33, 0x00, 0x1D, 0xC4, 0x52, 0x76, 0xB1, 0xD4, 0x5D, 0x53, 0xF8,
    0x9F, 0x91, 0x6A, 0xD3, 0x2B, 0x60, 0x6A, 0x3F, 0xC5, 0x2F, 0xDD, 0x3B, 0x94, 0xFE, 0xD3, 0x80,
    0xE9, 0xC0, 0xB4, 0x60, 0x7A, 0x90, 0x81, 0x86, 0xE9, 0x42, 0xDA, 0xF0, 0xDB, 0xF5, 0xE3, 0x1B,
    0xD9, 0x21, 0xF6, 0x50, 0x7F, 0xC5, 0x1A, 0x40, 0xA4, 0x1D, 0xB3, 0x68, 0x1F, 0x76, 0x15, 0x3B,
    0x8E, 0x95, 0xA5, 0x57, 0xF8, 0x75, 0x65, 0xF9, 0x56, 0x49, 0xF2, 0x81, 0xB5, 0xDA, 0x61, 0x64,
    0x18, 0x15, 0xEE, 0x19, 0x64, 0x4E, 0x4C, 0x2B, 0x65, 0xB4, 0x5C, 0xE1, 0x85, 0x52, 0xE6, 0xB5,
    0xAA, 0xF3, 0xFD, 0x72, 0x45, 0x29, 0x96, 0x21, 0xE7, 0xE0, 0x0C, 0x28, 0xF0, 0x29, 0x5E, 0x92,
    0x5F, 0xC4, 0x80, 0xB7, 0x53, 0xF7, 0xD0, 0x0E, 0xE3, 0x3F, 0x54, 0xA5, 0xDD, 0x37, 0x9B, 0x26,
    0xAF, 0x68, 0x40, 0xB7, 0x17, 0xC6, 0xDA, 0x7D, 0xBE, 0x63, 0xC4, 0x57, 0x0F, 0x0E, 0x8A, 0xDD,
    0x48, 0x1F, 0x8C, 0x64, 0x8E, 0x82, 0x2E, 0x04, 0x34, 0x65, 0x2A, 0xF7, 0xD2, 0xD8, 0x91, 0x52,
    0x8B, 0x23, 0xC5, 0xD8, 0x18, 0x0A, 0x40, 0x92, 0x83, 0xD1, 0x04, 0x3D, 0x69, 0xFF, 0x93, 0xC2,
    0xE8, 0x3C, 0x28, 0x56, 0x62, 0x78, 0xA2, 0xC7, 0xCB, 0xAE, 0xA5, 0xC6, 0xB1, 0x82, 0x02, 0x09,
    0xDA, 0x0E, 0x1F, 0x13, 0x62, 0x0F, 0x50, 0x4C, 0x20, 0x0A, 0x20, 0x1C, 0xE0, 0x3D, 0x61, 0x80,
    0x32, 0xD1, 0x77, 0xE5, 0xDB, 0x54, 0x48, 0x30, 0xFF, 0x76, 0x61, 0xFD, 0x8E, 0xB8, 0x96, 0x5C,
    0xBF, 0xB9, 0xBB, 0xF9, 0xFD, 0x8A, 0x11, 0x7A, 0xFF, 0xB9, 0x81, 0x77, 0x9A, 0x72, 0x64, 0xFA,
    0xF3, 0x97, 0xD5, 0xBE, 0x1D, 0xAA, 0xFD, 0xE1, 0x17, 0x5C, 0x96, 0x38, 0xFE, 0x3D, 0x69, 0x6C,
    0x18, 0xFE, 0xF4, 0x17, 0xC8, 0xCF, 0x5F, 0xA0, 0x40, 0x72, 0xD0, 0x7D, 0xE7, 0xE1, 0x61, 0xC9,
    0xA5, 0x33, 0x3F, 0x04, 0xE0, 0xF1, 0x77, 0xC3, 0xAF, 0xA0, 0xE9, 0x7F, 0x01, 0xAD, 0x91, 0x01,
    0xA6, 0x24, 0x41, 0x10, 0x44, 0x1F, 0x09, 0xB0, 0xE4, 0x55, 0xE6, 0x00, 0x4D, 0x5E, 0x3D, 0xF9,
    0x07, 0xF8, 0x57, 0x09, 0x3E, 0x40, 0x12, 0xDB, 0xA5, 0x66, 0xB6, 0xB7, 0x67, 0x07, 0xB0, 0x5D,
    0x11, 0x22, 0xA8, 0x17, 0x0A, 0x0D, 0x40, 0x59, 0xDE, 0xFA, 0x4F, 0x1F, 0x0F, 0x26, 0x94, 0x5D,
    0x18, 0xCB, 0x2A, 0x55, 0x9F, 0x47, 0xAB, 0x87, 0xF6, 0xCD, 0xD0, 0x54, 0x5B, 0xEB, 0xA4, 0xB2,
    0xB3, 0xCD, 0xD0, 0xF0, 0xA0, 0x99, 0x4D, 0x2D, 0x6E, 0x91, 0x5E, 0xFE, 0x71, 0x2F, 0x97, 0x4E,
    0x77, 0xB1, 0xBC, 0xBA, 0x9F, 0x5E, 0xFC, 0xDF, 0x9B, 0x09, 0xD1, 0xF4, 0xE2, 0xB0, 0xF6, 0x76,
    0xE5, 0x7E, 0x6B, 0x73, 0xBE, 0x38, 0x08, 0x41, 0x35, 0xE4, 0xCB, 0x70, 0x64, 0xA8, 0x6C, 0xF9,
    0xF4, 0x24, 0x22, 0x1B, 0x6A, 0x59, 0x2B, 0x2F, 0xE7, 0x27, 0xF3, 0xD9, 0xE8, 0x7D, 0xF3, 0x7A,
    0x67, 0xF9, 0x7A, 0xE7, 0xF6, 0xD6, 0x7D, 0xF3, 0x48, 0xDE, 0x78, 0xB8, 0x6D, 0x0E, 0xC8, 0xC1,
    0xC6, 0xEE, 0xBB, 0xC8, 0x59, 0x84, 0x89, 0xB1, 0xC2, 0x9D, 0xFE, 0x18, 0x4F, 0x24, 0x0C, 0x05,
    0x50, 0x6E, 0x06, 0x60, 0x01, 0xBB, 0x84, 0x42, 0xC0, 0xFE, 0xD3, 0xCF, 0x52, 0x7F, 0x0A, 0x00,
    0x93, 0x1A, 0xF6, 0xEA, 0x6B, 0x97, 0xF2, 0x97, 0x02, 0x82, 0x9C, 0x94, 0x07, 0x0F, 0xE4, 0x97,
    0x1D, 0x36, 0x54, 0xEA, 0x94, 0xC1, 0xAB, 0xA8, 0x60, 0xB2, 0xEB, 0xBB, 0x8B, 0xD0, 0xB3, 0xA4,
    0x9E, 0x57, 0xD9, 0xB1, 0x57, 0x45, 0x78, 0x4E, 0x61, 0x28, 0x61, 0x15, 0x6E, 0x63, 0x86, 0x41,
    0x88, 0x8A, 0xF6, 0xB7, 0x9C, 0xA7, 0x7A, 0x96, 0xD0, 0x12, 0xFC, 0x22, 0x71, 0x4C, 0xCA, 0x72,
    0xAF, 0x53, 0x8A, 0x61, 0x28, 0xF2, 0x01, 0x03, 0x05, 0xD5, 0xA4, 0xC8, 0x21, 0xDC, 0x98, 0xF0,
    0xEA, 0x25, 0x0A, 0x06, 0x04, 0x40, 0xF1, 0x6F, 0x1C, 0xC7, 0x4A, 0x7C, 0x18, 0x20, 0xBD, 0x02,
    0xBC, 0x09, 0x37, 0x80, 0x6B, 0x00, 0xE6, 0x30, 0x3B, 0x77, 0x70, 0x45, 0xED, 0x72, 0x8B, 0xE3,
    0x48, 0xA4, 0xF1, 0x38, 0xE6, 0x67, 0xD2, 0xA6, 0x3C, 0x14, 0xC4, 0x50, 0x6E, 0x6C, 0x5C, 0x13,
    0x63, 0xCD, 0xE1, 0xD0, 0xCF, 0x5A, 0x10, 0x12, 0x03, 0x21, 0x38, 0x76, 0x40, 0x0A, 0xA8, 0x06,
    0x0C, 0x60, 0x20, 0x06, 0x08, 0xDD, 0x2E, 0x2F, 0x62, 0x5E, 0x44, 0xBE, 0x11, 0xF7, 0xF9, 0x45,
    0xDC, 0xE7, 0xBF, 0x01, 0x7D, 0x93, 0xD1, 0x89, 0xDE, 0x40, 0x0C, 0x06, 0x07, 0xF4, 0x7A, 0xA0,
    0x56, 0xAE, 0x00, 0x83, 0x5A, 0x17, 0xDC, 0x6B, 0xE0, 0x5A, 0x51, 0x01, 0x82, 0x49, 0x16, 0xFB,
    0x27, 0xFC, 0x81, 0xCB, 0x6A, 0x06, 0xD6, 0x6B, 0x1B, 0x83, 0xFC, 0x09, 0x87, 0x74, 0x29, 0xA5,
    0xBA, 0x5A, 0x7E, 0x14, 0x5B, 0xCA, 0x25, 0x5D, 0xC2, 0x86, 0xF0, 0x36, 0x17, 0xAE, 0x85, 0x5D,
    0x98, 0x25, 0x7A, 0x49, 0x96, 0x62, 0xB9, 0x62, 0x51, 0xE7, 0x25, 0xB1, 0x1C, 0x53, 0x0F, 0x6E,
    0xC2, 0xA1, 0xE6, 0xEC, 0x15, 0x0E, 0x1F, 0x28, 0x1A, 0x5B, 0x4E, 0x0A, 0xB5, 0xA1, 0x39, 0x55,
    0x7D, 0x55, 0x60, 0xAD, 0x6A, 0x2B, 0xE5, 0x41, 0xB1, 0xDC, 0x74, 0xC2, 0xD6, 0xBD, 0x19, 0x66,
    0x62, 0xC8, 0xA6, 0x38, 0x08, 0x4B, 0xBC, 0xC8, 0x39, 0xE0, 0xA4, 0x56, 0x5B, 0x54, 0x75, 0xD5,
    0x6C, 0xDA, 0xE1, 0x56, 0xBA, 0xB8, 0xD4, 0xA2, 0x5A, 0xDE, 0xE7, 0x9D, 0x6E, 0xB9, 0xA2, 0xB8,
    0x94, 0xA1, 0x56, 0xAD, 0xB4, 0x9F, 0xAC, 0xB1, 0x9B, 0xA3, 0x5D, 0x0B, 0x17, 0x13, 0x93, 0x9D,
    0x5D, 0xA7, 0x90, 0x57, 0x15, 0xE7, 0x24, 0x3B, 0x86, 0x61, 0x2E, 0x92, 0xEC, 0x9C, 0x98, 0xD8,
    0x7F, 0x6A, 0xF2, 0x7E, 0x9F, 0xE5, 0x13, 0x5B, 0x1C, 0x3B, 0xBF, 0x9C, 0xFC, 0xCA, 0xC9, 0xEF,
    0xEC, 0x63, 0xFE, 0xFA, 0xE3, 0x1E, 0xAB, 0x73, 0xEA, 0x78, 0xAE, 0x86, 0x1A, 0x42, 0x49, 0xA5,
    0xFA, 0x29, 0xB2, 0x25, 0xE7, 0xB6, 0xDA, 0xE3, 0xEB, 0x9E, 0x92, 0x2E, 0xD8, 0xD4, 0xE2, 0x81,
    0xF8, 0x2F, 0x3A, 0x3A, 0x61, 0x97, 0xBB, 0xB1, 0x8B, 0xE2, 0x15, 0x3E, 0xED, 0xAD, 0x46, 0x62,
    0xB2, 0x28, 0x5F, 0xEB, 0x7E, 0xB8, 0x62, 0x0D, 0x2B, 0x96, 0x18, 0x6C, 0x5C, 0x42, 0xF0, 0x13,
    0xC5, 0x8D, 0xD5, 0x29, 0x81, 0x57, 0xBE, 0x1E, 0x2F, 0x61, 0x24, 0x8E, 0x2D, 0x89, 0x5C, 0x88,
    0x3A, 0xF5, 0x08, 0xCB, 0x31, 0xDD, 0x9B, 0x0B, 0x0E, 0xF7, 0x77, 0x5D, 0x62, 0xE1, 0xFD, 0x5F,
    0x3D, 0x01, 0xD6, 0xBB, 0x7F, 0xFD, 0x41, 0x75, 0x53, 0xB5, 0x94, 0xE2, 0xBC, 0x0F, 0x42, 0xB5,
    0xBC, 0xF5, 0xCA, 0x67, 0x2D, 0x3B, 0x31, 0x44, 0xFF, 0x90, 0xB8, 0x03, 0x0E, 0xA9, 0x64, 0x17,
    0xF5, 0x98, 0xB3, 0x84, 0x43, 0x28, 0xF5, 0x2D, 0x62, 0x2F, 0x75, 0x6C, 0x95, 0x7A, 0x4D, 0x9B,
    0xFD, 0x77, 0x52, 0x11, 0xA9, 0x63, 0x8B, 0x5D, 0x1E, 0x0B, 0x5A, 0x3E, 0x10, 0x59, 0x36, 0x96,
    0xB2, 0xC9, 0xE5, 0x3D, 0x8C, 0xF8, 0x56, 0x45, 0x9D, 0x30, 0x76, 0x0C, 0x5D, 0xE4, 0xD9, 0x3F,
    0x61, 0x64, 0x11, 0x79, 0x8B, 0x63, 0x71, 0x31, 0xFC, 0x06, 0x95, 0xD4, 0x09, 0x8A, 0xE4, 0x60,
    0x08, 0x86, 0xE1, 0x0F, 0x3C, 0x80, 0x17, 0x2A, 0xF0, 0xEA, 0x42, 0x1D, 0xA0, 0xAE, 0x22, 0x34,
    0x3B, 0xC2, 0x3B, 0x11, 0x49, 0x75, 0x52, 0xB3, 0x67, 0x9A, 0x47, 0xFD, 0x93, 0x5E, 0xA2, 0x4E,
    0x49, 0x55, 0xBA, 0x42, 0x4B, 0x0E, 0x29, 0xBE, 0x28, 0x3B, 0x68, 0xEF, 0xAF, 0x67, 0x47, 0x2D,
    0xAF, 0xE1, 0x59, 0x3C, 0x9F, 0xA9, 0x3F, 0xF0, 0xCA, 0xC1, 0x93, 0xAF, 0x57, 0xD4, 0x81, 0x57,
    0x0C, 0x81, 0x7B, 0x39, 0x50, 0x06, 0xA4, 0x82, 0x96, 0xDC, 0x75, 0x12, 0x52, 0x00, 0x35, 0x94,
    0x0D, 0x22, 0xAD, 0x4F, 0x34, 0x28, 0x07, 0x5D, 0x81, 0x1B, 0x29, 0xD9, 0x00, 0xF4, 0x85, 0x39,
    0xBB, 0x00, 0xE4, 0x72, 0x79, 0xE9, 0xD8, 0x5F, 0xE9, 0x65, 0x68, 0x50, 0x0C, 0x9E, 0x8E, 0xA4,
    0xB9, 0xB9, 0x30, 0x18, 0xD2, 0x66, 0xDF, 0x28, 0xD2, 0xF2, 0xC0, 0x4B, 0x9E, 0xEA, 0x25, 0x5A,
    0x38, 0xD0, 0x8B, 0x14, 0xE5, 0xB4, 0x82, 0x9C, 0x00, 0x69, 0x20, 0x6F, 0x09, 0x64, 0x35, 0x21,
    0x27, 0xF4, 0x19, 0xEA, 0x08, 0x01, 0x40, 0x71, 0x0B, 0x6A, 0xEF, 0x79, 0xA4, 0x8D, 0x23, 0xEC,
    0x61, 0xDE, 0x83, 0x5A, 0x3C, 0x4B, 0x2A, 0xC5, 0x57, 0xC9, 0xDE, 0xC1, 0xD9, 0x40, 0xCA, 0xB6,
    0x35, 0x41, 0x6E, 0xD8, 0xFE, 0x4A, 0xCA, 0x9D, 0x86, 0xF6, 0xDA, 0xA2, 0xE4, 0x35, 0xB9, 0x1C,
    0xE8, 0xB3, 0x10, 0xE9, 0x5C, 0x0A, 0x43, 0x71, 0x2B, 0xF2, 0xBB, 0x78, 0x6D, 0x17, 0xB7, 0xF0,
    0x9D, 0x73, 0xBD, 0x0B, 0x3F, 0x8B, 0x83, 0x69, 0x7E, 0xEF, 0x8F, 0x66, 0x9B, 0x2A, 0x32, 0x7A,
    0xEF, 0x48, 0xE2, 0x45, 0x69, 0x0A, 0xA4, 0xF9, 0xB9, 0x9A, 0xC2, 0x69, 0x19, 0x4F, 0x4D, 0x21,
    0x63, 0x5F, 0x4A, 0x1A, 0x82, 0xDA, 0x62, 0xB9, 0x16, 0xFE, 0x5D, 0xC4, 0x4E, 0x5F, 0x53, 0x14,
    0x47, 0xE1, 0x7B, 0x87, 0x0E, 0x48, 0xD8, 0x4D, 0xA8, 0x00, 0x6D, 0xE1, 0xC8, 0x76, 0x31, 0x6C,
    0x32, 0x82, 0x36, 0xD2, 0x68, 0x1F, 0x73, 0x57, 0x68, 0x7F, 0xF2, 0x94, 0x93, 0x68, 0xA4, 0xAE,
    0x09, 0x7B, 0xD1, 0x3F, 0x27, 0xF3, 0x13, 0x98, 0x41, 0x9F, 0xC9, 0x1F, 0x1F, 0xF6, 0x76, 0xC3,
    0x53, 0x32, 0x42, 0xDF, 0x09, 0x9A, 0xA4, 0x3F, 0x12, 0xD1, 0x8A, 0x9E, 0x84, 0xFA, 0x4C, 0x9C,
    0x5C, 0xA4, 0x38, 0x01, 0x16, 0x7B, 0x9F, 0x39, 0x07, 0x40, 0xDA, 0xE0, 0x7D, 0xCE, 0x28, 0xCA,
    0x58, 0x18, 0xC8, 0x21, 0x3D, 0x2E, 0x44, 0x3E, 0xE6, 0x91, 0x81, 0x02, 0xA7, 0x82, 0x73, 0x75,
    0xCE, 0x0B, 0xEA, 0x8A, 0x8C, 0x3E, 0x0C, 0x76, 0xBA, 0x94, 0x1C, 0x79, 0xEF, 0x97, 0xA2, 0x46,
    0x0E, 0x2B, 0xA0, 0xA5, 0x95, 0x71, 0x27, 0xBD, 0xEE, 0xC9, 0x58, 0xEB, 0x9E, 0xFB, 0xCE, 0xE2,
    0xFD, 0xD5, 0xF2, 0x92, 0x33, 0xB9, 0x01, 0xA9, 0xF7, 0xC4, 0xE7, 0x98, 0x84, 0xDC, 0xA0, 0x19,
    0x4B, 0xB4, 0x14, 0xB5, 0x6D, 0x2A, 0xA1, 0x09, 0xD6, 0x9A, 0xE0, 0xA5, 0x09, 0x91, 0x9A, 0xD0,
    0x23, 0x00, 0x1F, 0x41, 0x24, 0xA5, 0x09, 0x51, 0x1B, 0x5A, 0x13, 0xFC, 0x1E, 0xD0, 0x04, 0x3B,
    0xC3, 0xEE, 0x3C, 0x68, 0x57, 0x32, 0x27, 0x78, 0x4F, 0x05, 0x79, 0x53, 0x94, 0x27, 0x1A, 0x5B,
    0xE4, 0x6A, 0x79, 0xED, 0xCC, 0xB6, 0xD9, 0x58, 0xE7, 0xC4, 0xF3, 0xF3, 0xDC, 0xEF, 0xE7, 0x9F,
    0xFA, 0xBE, 0x03, 0x9C, 0xC6, 0xDB, 0x92, 0x6F, 0xE7, 0xC9, 0x40, 0x30, 0xC5, 0xD5, 0x7D, 0x2D,
    0x00, 0xEA, 0xE2, 0x6E, 0x92, 0x8C, 0x17, 0x39, 0xA2, 0xC3, 0xA7, 0x46, 0xFD, 0x41, 0x3F, 0x47,
    0xFD, 0x56, 0xF2, 0x3B, 0xA0, 0xF7, 0x27, 0x7A, 0x1B, 0x18, 0x4E, 0x18, 0xD1, 0x43, 0x1D, 0x50,
    0xA1, 0xC7, 0x20, 0xF2, 0x13, 0x20, 0x1F, 0x0C, 0x0E, 0xF5, 0xB0, 0x25, 0x6A, 0xE8, 0x87, 0xB5,
    0xF3, 0xF0, 0xB6, 0x7D, 0xAF, 0x7D, 0xF7, 0x96, 0xF4, 0xD0, 0xF2, 0xD9, 0xA7, 0x94, 0xF5, 0x6E,
    0x9A, 0xBC, 0xA4, 0x55, 0x8A, 0x16, 0x00, 0x79, 0x55, 0x3E, 0x28, 0x68, 0xFD, 0xE2, 0xEE, 0xBB,
    0x07, 0x56, 0xA3, 0xB7, 0xC4, 0x24, 0x22, 0xED, 0xFD, 0x7F, 0xC2, 0xA1, 0x34, 0xC5, 0xCF, 0x5D,
    0x31, 0xF6, 0xA9, 0xD4, 0xF6, 0x1E, 0x6F, 0xEF, 0xB0, 0x8E, 0x8E, 0x23, 0xD6, 0x01, 0x15, 0x2A,
    0xF2, 0x21, 0xFD, 0x99, 0x69, 0x48, 0x1E, 0x44, 0x45, 0x0D, 0xFD, 0xF0, 0x72, 0x8E, 0xCC, 0x81,
    0x3C, 0xB7, 0xA3, 0xAE, 0x5D, 0x19, 0x7E, 0x5E, 0x5D, 0xCD, 0xF5, 0x9B, 0x95, 0x8E, 0xDB, 0x4A,
    0xAF, 0xBB, 0x8A, 0xFF, 0xED, 0xE7, 0xEA, 0x0E, 0x14, 0x83, 0x62, 0xB7, 0xA9, 0x4E, 0xA2, 0xAF,
    0x77, 0xF7, 0x6C, 0x87, 0x22, 0x31, 0x09, 0xE7, 0x63, 0x92, 0x73, 0x60, 0x4B, 0x5E, 0x11, 0x35,
    0x4C, 0x1A, 0x83, 0x1F, 0x4C, 0xFC, 0x15, 0xC6, 0x33, 0x0F, 0xC8, 0x73, 0x36, 0xA9, 0xC5, 0x78,
    0xED, 0x0D, 0xB1, 0xC8, 0xEB, 0xEB, 0xA0, 0x8D, 0xC5, 0x06, 0x0D, 0x56, 0x73, 0xB6, 0xED, 0x07,
    0x10, 0xDB, 0x5C, 0x6B, 0xDD, 0x35, 0xA8, 0x6D, 0xF8, 0xA4, 0x90, 0x23, 0xE5, 0x78, 0x47, 0xFB,
    0xFC, 0xDB, 0x48, 0xD4, 0xA9, 0xC1, 0x6F, 0x8D, 0x75, 0x9E, 0x1C, 0xFB, 0x54, 0x3A, 0x6C, 0x69,
    0xBE, 0x7F, 0xFC, 0xE5, 0x47, 0x85, 0x33, 0xDA, 0xCD, 0xFC, 0x38, 0x71, 0xC6, 0x73, 0x26, 0x23,
    0x1A, 0xF5, 0x6E, 0x34, 0xF4, 0x5D, 0x43, 0xBA, 0x0B, 0xBC, 0xFD, 0x01, 0x75, 0x8D, 0x01, 0x06,
    0x43, 0x61, 0x0C, 0x83, 0x3F, 0x0A, 0x30, 0x76, 0x95, 0x1D, 0xE0, 0xA7, 0x57, 0xEF, 0x91, 0x7A,
    0x80, 0x90, 0xD5, 0x3A, 0x1E, 0x9E, 0x17, 0xC9, 0x07, 0x09, 0x41, 0x40, 0x34, 0x83, 0x02, 0xDE,
    0x03, 0x12, 0xC0, 0xA3, 0xCA, 0x1F, 0xD8, 0x62, 0x27, 0x3B, 0xE6, 0x43, 0x98, 0x74, 0xDB, 0x1A,
    0x95, 0x5E, 0x88, 0xCB, 0x7D, 0x33, 0xD1, 0x1B, 0xB4, 0x21, 0xFD, 0x17, 0x70, 0x00, 0x6D, 0x3F,
    0x47, 0x07, 0xF4, 0xE8, 0xB9, 0x6A, 0xC9, 0x56, 0xBA, 0xC2, 0xD0, 0x7C, 0x01, 0x95, 0xCF, 0x51,
    0x8A, 0xE3, 0x40, 0x0C, 0x84, 0xE1, 0x1F, 0xF4, 0x6A, 0xD0, 0x55, 0x7C, 0x80, 0x80, 0xAE, 0x2E,
    0x98, 0x03, 0xE4, 0x2A, 0x82, 0x7D, 0x15, 0xD4, 0xB6, 0xDB, 0x76, 0xB6, 0x49, 0x58, 0x98, 0xC0,
    0xD4, 0x57, 0xD0, 0x92, 0x35, 0x84, 0x10, 0x20, 0x15, 0xD6, 0xDE, 0x78, 0xD9, 0xA0, 0xD1, 0x09,
    0x79, 0x00, 0x4A, 0x20, 0x92, 0x48, 0xA5, 0xA9, 0x95, 0x2E, 0x29, 0xA3, 0x5D, 0xA9, 0x3A, 0x48,
    0x13, 0x9F, 0xF4, 0xC0, 0x27, 0x45, 0x54, 0x24, 0x2E, 0x81, 0xA9, 0x00, 0x60, 0x9B, 0xEE, 0xF3,
    0xA5, 0x20, 0x88, 0xC4, 0xE6, 0x9F, 0x83, 0xEF, 0x3C, 0x60, 0xDB, 0xD8, 0x61, 0x37, 0x0A, 0xCA,
    0x48, 0x48, 0xCB, 0xC4, 0x60, 0xB8, 0x2D, 0xEE, 0xD3, 0xBC, 0xB4, 0x4C, 0x03, 0x63, 0xDF, 0xC0,
    0xA7, 0x1B, 0xDB, 0x71, 0x08, 0x4B, 0x28, 0xEC, 0x81, 0x83, 0x9B, 0x0A, 0x1E, 0x00, 0x30, 0x27,
    0xA6, 0x49, 0x5D, 0xF8, 0xE4, 0x39, 0x08, 0xEF, 0x95, 0x36, 0x5D, 0xD4, 0xC0, 0x4E, 0x50, 0x5A,
    0x0E, 0xFC, 0xA6, 0x02, 0x62, 0xA1, 0x07, 0x2D, 0x49, 0xEF, 0xC4, 0xA1, 0xEA, 0x2A, 0x3F, 0x0B,
    0x25, 0xDE, 0x7C, 0x5D, 0xF6, 0x9B, 0xE2, 0xAD, 0xE2, 0x17, 0x55, 0x77, 0xB9, 0x12, 0x09, 0xA9,
    0x5D, 0xCA, 0xAB, 0x42, 0x52, 0x2D, 0x34, 0x56, 0xAE, 0x8B, 0x36, 0x25, 0x83, 0x02, 0x4E, 0x1A,
    0x88, 0x03, 0xD7, 0x8D, 0x29, 0x0F, 0x18, 0xCC, 0xC1, 0xA4, 0x80, 0x48, 0x40, 0x2C, 0xC3, 0xF6,
    0x1A, 0x1D, 0x89, 0x95, 0x12, 0x2F, 0x49, 0x5A, 0x78, 0x4B, 0x7E, 0x1C, 0x9A, 0x58, 0x1F, 0xD4,
    0x3A, 0x5C, 0x36, 0xFA, 0xDE, 0xF0, 0xB7, 0x8D, 0xF5, 0xF3, 0x75, 0x63, 0xFD, 0x1C, 0x22, 0x55,
    0xEA, 0x91, 0x9A, 0x6F, 0x56, 0xAC, 0x78, 0x2E, 0x2C, 0x87, 0x6F, 0xD4, 0xF4, 0x85, 0x06, 0x2E,
    0x6B, 0x4C, 0x56, 0x83, 0x9F, 0x82, 0x93, 0x67, 0x82, 0x34, 0x88, 0x17, 0x2E, 0x56, 0xAC, 0x67,
    0xE6, 0x30, 0x2A, 0xF4, 0x47, 0x2D, 0x29, 0x5B, 0x2E, 0xBA, 0x51, 0x76, 0x9B, 0xD4, 0xF2, 0x41,
    0x0C, 0xCB, 0x0B, 0x25, 0x4C, 0x5C, 0x05, 0xF1, 0x6C, 0x90, 0x1D, 0x78, 0x63, 0x6D, 0x35, 0x80,
    0x0F, 0xF4, 0x2D, 0xFC, 0x87, 0x38, 0xD0, 0xCF, 0xEB, 0xBF, 0x3E, 0xEB, 0xFE, 0x69, 0xCD, 0x64,
    0x77, 0x65, 0x87, 0x74, 0xA4, 0xDA, 0x55, 0x3B, 0x91, 0x00, 0x2E, 0x1E, 0xF7, 0xBB, 0x46, 0xDA,
    0x94, 0x10, 0x8C, 0x5C, 0x2D, 0xE6, 0x7C, 0x09, 0x5E, 0xE0, 0x49, 0x48, 0x75, 0x47, 0x23, 0x34,
    0xD8, 0x9D, 0x02, 0x20, 0x99, 0xCB, 0x2A, 0x42, 0x69, 0x6A, 0x42, 0xA0, 0x3A, 0x13, 0x02, 0x53,
    0x43, 0x28, 0xB1, 0xF9, 0x92, 0x60, 0x00, 0x48, 0xCA, 0x3B, 0x3B, 0x10, 0xC0, 0xBF, 0xD5, 0x06,
    0x57, 0xBE, 0x2E, 0xF9, 0x7D, 0x3B, 0xCF, 0x17, 0x60, 0x87, 0x8F, 0x3B, 0x7F, 0x01, 0x75, 0xD0,
    0x85, 0x0D, 0xC0, 0x30, 0x10, 0xC0, 0x40, 0x4B, 0x19, 0xA0, 0x23, 0xFD, 0xEA, 0x85, 0x85, 0x7E,
    0x80, 0x48, 0x2E, 0x33, 0x9F, 0xCB, 0x10, 0x28, 0x26, 0x10, 0x0A, 0xA8, 0x2D, 0x45, 0xA2, 0xA5,
    0xA9, 0xB8, 0xCA, 0x2C, 0x9B, 0x45, 0xB5, 0x5D, 0xCC, 0xD5, 0xF9, 0x78, 0xFC, 0xD9, 0xD2, 0xE4,
    0xA6, 0x2D, 0xF1, 0xE9, 0xB0, 0xE8, 0xE9, 0xBC, 0xB4, 0x00, 0x9B, 0x0B, 0xCE, 0x5A, 0x17, 0xF3,
    0x3C, 0x09, 0xC5, 0xF5, 0x2A, 0x33, 0x01, 0x35, 0xA1, 0xC8, 0x9C, 0xA6, 0x6E, 0x29, 0x6B, 0x88,
    0x23, 0x45, 0xEB, 0x2B, 0xEB, 0x27, 0xFF, 0x25, 0xAF, 0x89, 0x67, 0xFC, 0x8C, 0x4B, 0xC2, 0x76,
    0x1B, 0xD2, 0x39, 0x70, 0x66, 0xD5, 0x25, 0xD6, 0x35, 0x79, 0xBD, 0x62, 0x04,
};

static const EpdGlyph literatamono_16_bolditalicGlyphs[] = {
    { 1, 1, 96, 0, 1, 1, 0 }, // U+0020
    { 7, 23, 192, 3, 23, 41, 1 }, // !
    { 9, 8, 240, 4, 25, 18, 42 }, // "
    { 21, 19, 368, 1, 19, 100, 60 }, // #
    { 17, 28, 304, 1, 26, 119, 160 }, // $
    { 25, 20, 448, 2, 20, 125, 279 }, // %
    { 23, 23, 416, 3, 23, 133, 404 }, // &
    { 4, 8, 144, 4, 25, 8, 537 }, // '
    { 10, 34, 208, 3, 27, 85, 545 }, // (
    { 11, 34, 208, 0, 27, 94, 630 }, // )
    { 12, 13, 256, 3, 26, 39, 724 }, // *
    { 14, 14, 304, 3, 17, 49, 763 }, // +
    { 7, 11, 192, 2, 5, 20, 812 }, // ,
    { 9, 3, 192, 2, 10, 7, 832 }, // -
    { 6, 6, 192, 3, 6, 9, 839 }, // .
    { 16, 30, 256, 0, 26, 120, 848 }, // /
    { 20, 23, 352, 1, 23, 115, 968 }, // 0
    { 13, 23, 240, 1, 23, 75, 1083 }, // 1
    { 16, 23, 304, 1, 23, 92, 1158 }, // 2
    { 17, 23, 304, 1, 23, 98, 1250 }, // 3
    { 19, 23, 320, 1, 23, 110, 1348 }, // 4
    { 17, 23, 304, 1, 23, 98, 1458 }, // 5
    { 17, 23, 320, 2, 23, 98, 1556 }, // 6
    { 17, 23, 288, 1, 23, 98, 1654 }, // 7
    { 17, 23, 304, 1, 23, 98, 1752 }, // 8
    { 18, 23, 320, 1, 23, 104, 1850 }, // 9
    { 7, 19, 192, 3, 19, 34, 1954 }, // :
    { 8, 25, 192, 2, 19, 50, 1988 }, // ;
    { 14, 17, 304, 2, 18, 60, 2038 }, // <
    { 14, 10, 304, 3, 15, 35, 2098 }, // =
    { 14, 17, 304, 3, 18, 60, 2133 }, // >
    { 15, 23, 288, 2, 23, 87, 2193 }, // ?
    { 29, 26, 512, 2, 20, 189, 2280 }, // @
    { 24, 23, 384, 0, 23, 138, 2469 }, // A
    { 20, 23, 352, 1, 23, 115, 2607 }, // B
    { 19, 23, 352, 2, 23, 110, 2722 }, // C
    { 24, 23, 416, 1, 23, 138, 2832 }, // D
    { 19, 23, 336, 1, 23, 110, 2970 }, // E
    { 19, 23, 320, 1, 23, 110, 3080 }, // F
    { 20, 23, 368, 2, 23, 115, 3190 }, // G
    { 25, 23, 416, 1, 23, 144, 3305 }, // H
    { 12, 23, 208, 1, 23, 69, 3449 }, // I
    { 12, 30, 224, 1, 23, 90, 3518 }, // J
    { 24, 23, 400, 1, 23, 138, 3608 }, // K
    { 19, 23, 336, 1, 23, 110, 3746 }, // L
    { 32, 23, 528, 1, 23, 184, 3856 }, // M
    { 24, 24, 400, 1, 23, 144, 4040 }, // N
    { 22, 23, 400, 2, 23, 127, 4184 }, // O
    { 21, 23, 352, 1, 23, 121, 4311 }, // P
    { 23, 29, 400, 2, 23, 167, 4432 }, // Q
    { 23, 23, 384, 1, 23, 133, 4599 }, // R
    { 17, 23, 304, 1, 23, 98, 4732 }, // S
    { 21, 23, 352, 1, 23, 121, 4830 }, // T
    { 24, 23, 416, 2, 23, 138, 4951 }, // U
    { 24, 23, 384, 1, 23, 138, 5089 }, // V
    { 35, 23, 560, 1, 23, 202, 5227 }, // W
    { 24, 23, 400, 0, 23, 138, 5429 }, // X
    { 23, 23, 368, 1, 23, 133, 5567 }, // Y
    { 19, 23, 352, 2, 23, 110, 5700 }, // Z
    { 9, 33, 208, 3, 26, 75, 5810 }, // [
    { 14, 30, 240, 1, 26, 105, 5885 }, // <backslash>
    { 9, 33, 208, 1, 26, 75, 5990 }, // ]
    { 18, 13, 336, 2, 23, 59, 6065 }, // ^
    { 16, 3, 272, 0, -1, 12, 6124 }, // _
    { 8, 7, 256, 4, 26, 14, 6136 }, // `
    { 20, 17, 336, 1, 17, 85, 6150 }, // a
    { 19, 25, 336, 0, 25, 119, 6235 }, // b
    { 15, 17, 272, 1, 17, 64, 6354 }, // c
    { 20, 25, 336, 1, 25, 125, 6418 }, // d
    { 15, 17, 272, 1, 17, 64, 6543 }, // e
    { 19, 32, 224, -2, 25, 152, 6607 }, // f
    { 17, 24, 320, 1, 17, 102, 6759 }, // g
    { 21, 25, 336, 0, 25, 132, 6861 }, // h
    { 11, 25, 176, 0, 25, 69, 6993 }, // i
    { 11, 32, 176, -2, 25, 88, 7062 }, // j
    { 19, 25, 304, 0, 25, 119, 7150 }, // k
    { 11, 25, 176, 0, 25, 69, 7269 }, // l
    { 31, 17, 496, 0, 17, 132, 7338 }, // m
    { 21, 17, 336, 0, 17, 90, 7470 }, // n
    { 17, 17, 320, 1, 17, 73, 7560 }, // o
    { 20, 24, 336, 0, 17, 120, 7633 }, // p
    { 20, 24, 320, 1, 17, 120, 7753 }, // q
    { 16, 17, 272, 0, 17, 68, 7873 }, // r
    { 14, 17, 256, 1, 17, 60, 7941 }, // s
    { 13, 22, 224, 1, 22, 72, 8001 }, // t
    { 21, 17, 336, 0, 17, 90, 8073 }, // u
    { 17, 17, 304, 0, 17, 73, 8163 }, // v
    { 26, 17, 432, 0, 17, 111, 8236 }, // w
    { 18, 17, 304, 1, 17, 77, 8347 }, // x
    { 18, 24, 304, 0, 17, 108, 8424 }, // y
    { 15, 17, 272, 1, 17, 64, 8532 }, // z
    { 11, 34, 224, 2, 27, 94, 8596 }, // {
    { 4, 30, 240, 6, 26, 30, 8690 }, // |
    { 11, 34, 224, 1, 27, 94, 8720 }, // }
    { 16, 5, 320, 3, 13, 20, 8814 }, // ~
    { 1, 1, 96, 0, 1, 1, 0 }, // U+00A0
    { 7, 24, 192, 2, 17, 42, 1 }, // U+00A1
    { 15, 22, 272, 1, 21, 83, 43 }, // U+00A2
    { 19, 23, 336, 1, 23, 110, 126 }, // U+00A3
    { 16, 16, 320, 2, 19, 64, 236 }, // U+00A4
    { 23, 23, 368, 1, 23, 133, 300 }, // U+00A5
    { 4, 30, 240, 6, 26, 30, 433 }, // U+00A6
    { 17, 29, 352, 3, 23, 124, 463 }, // U+00A7
    { 12, 5, 272, 3, 25, 15, 587 }, // U+00A8
    { 24, 22, 448, 2, 22, 132, 602 }, // U+00A9
    { 14, 13, 256, 2, 25, 46, 734 }, // U+00AA
    { 16, 14, 304, 2, 16, 56, 780 }, // U+00AB
    { 15, 8, 304, 2, 13, 30, 836 }, // U+00AC
    { 1, 1, 0, 0, 1, 1, 866 }, // U+00AD
    { 13, 13, 272, 2, 26, 43, 867 }, // U+00AE
    { 10, 3, 272, 4, 23, 8, 910 }, // U+00AF
    { 9, 8, 192, 2, 26, 18, 918 }, // U+00B0
    { 15, 18, 304, 2, 18, 68, 936 }, // U+00B1
    { 12, 15, 224, 2, 27, 45, 1004 }, // U+00B2
    { 13, 15, 224, 1, 27, 49, 1049 }, // U+00B3
    { 8, 7, 272, 6, 26, 14, 1098 }, // U+00B4
    { 19, 25, 320, 1, 18, 119, 1112 }, // U+00B5
    { 19, 30, 352, 2, 23, 143, 1231 }, // U+00B6
    { 7, 6, 192, 3, 13, 11, 1374 }, // U+00B7
    { 8, 8, 272, 4, 0, 16, 1385 }, // U+00B8
    { 9, 15, 192, 2, 27, 34, 1401 }, // U+00B9
    { 12, 13, 240, 2, 25, 39, 1435 }, // U+00BA
    { 16, 14, 304, 2, 16, 56, 1474 }, // U+00BB
    { 30, 23, 528, 2, 23, 173, 1530 }, // U+00BC
    { 31, 23, 544, 2, 23, 179, 1703 }, // U+00BD
    { 31, 23, 544, 2, 23, 179, 1882 }, // U+00BE
    { 15, 23, 288, 2, 17, 87, 2061 }, // U+00BF
    { 24, 31, 384, 0, 31, 186, 2148 }, // U+00C0
    { 24, 30, 384, 0, 30, 180, 2334 }, // U+00C1
    { 24, 31, 384, 0, 31, 186, 2514 }, // U+00C2
    { 24, 30, 384, 0, 30, 180, 2700 }, // U+00C3
    { 24, 30, 384, 0, 30, 180, 2880 }, // U+00C4
    { 24, 31, 384, 0, 31, 186, 3060 }, // U+00C5
    { 31, 23, 512, 0, 23, 179, 3246 }, // U+00C6
    { 19, 30, 352, 2, 23, 143, 3425 }, // U+00C7
    { 19, 31, 336, 1, 31, 148, 3568 }, // U+00C8
    { 19, 30, 336, 1, 30, 143, 3716 }, // U+00C9
    { 19, 31, 336, 1, 31, 148, 3859 }, // U+00CA
    { 19, 30, 336, 1, 30, 143, 4007 }, // U+00CB
    { 12, 31, 208, 1, 31, 93, 4150 }, // U+00CC
    { 12, 30, 208, 1, 30, 90, 4243 }, // U+00CD
    { 13, 31, 208, 1, 31, 101, 4333 }, // U+00CE
    { 13, 30, 208, 1, 30, 98, 4434 }, // U+00CF
    { 24, 23, 416, 1, 23, 138, 4532 }, // U+00D0
    { 24, 31, 400, 1, 30, 186, 4670 }, // U+00D1
    { 22, 31, 400, 2, 31, 171, 4856 }, // U+00D2
    { 22, 30, 400, 2, 30, 165, 5027 }, // U+00D3
    { 22, 31, 400, 2, 31, 171, 5192 }, // U+00D4
    { 22, 30, 400, 2, 30, 165, 5363 }, // U+00D5
    { 22, 30, 400, 2, 30, 165, 5528 }, // U+00D6
    { 13, 13, 304, 3, 17, 43, 5693 }, // U+00D7
    { 24, 23, 400, 1, 23, 138, 5736 }, // U+00D8
    { 24, 31, 416, 2, 31, 186, 5874 }, // U+00D9
    { 24, 30, 416, 2, 30, 180, 6060 }, // U+00DA
    { 24, 31, 416, 2, 31, 186, 6240 }, // U+00DB
    { 24, 30, 416, 2, 30, 180, 6426 }, // U+00DC
    { 23, 30, 368, 1, 30, 173, 6606 }, // U+00DD
    { 20, 23, 352, 1, 23, 115, 6779 }, // U+00DE
    { 24, 32, 384, -2, 25, 192, 6894 }, // U+00DF
    { 20, 26, 336, 1, 26, 130, 7086 }, // U+00E0
    { 20, 26, 336, 1, 26, 130, 7216 }, // U+00E1
    { 20, 26, 336, 1, 26, 130, 7346 }, // U+00E2
    { 20, 25, 336, 1, 25, 125, 7476 }, // U+00E3
    { 20, 25, 336, 1, 25, 125, 7601 }, // U+00E4
    { 20, 26, 336, 1, 26, 130, 7726 }, // U+00E5
    { 25, 17, 432, 1, 17, 107, 7856 }, // U+00E6
    { 15, 24, 272, 1, 17, 90, 7963 }, // U+00E7
    { 15, 26, 272, 1, 26, 98, 8053 }, // U+00E8
    { 15, 26, 272, 1, 26, 98, 8151 }, // U+00E9
    { 15, 26, 272, 1, 26, 98, 8249 }, // U+00EA
    { 15, 25, 272, 1, 25, 94, 8347 }, // U+00EB
    { 11, 26, 176, 0, 26, 72, 8441 }, // U+00EC
    { 11, 26, 176, 0, 26, 72, 8513 }, // U+00ED
    { 12, 26, 176, -1, 26, 78, 8585 }, // U+00EE
    { 12, 25, 176, -1, 25, 75, 8663 }, // U+00EF
    { 17, 26, 320, 1, 26, 111, 8738 }, // U+00F0
    { 21, 25, 336, 0, 25, 132, 8849 }, // U+00F1
    { 17, 26, 320, 1, 26, 111, 8981 }, // U+00F2
    { 17, 26, 320, 1, 26, 111, 9092 }, // U+00F3
    { 17, 26, 320, 1, 26, 111, 9203 }, // U+00F4
    { 17, 25, 320, 1, 25, 107, 9314 }, // U+00F5
    { 17, 25, 320, 1, 25, 107, 9421 }, // U+00F6
    { 15, 17, 304, 2, 19, 64, 9528 }, // U+00F7
    { 18, 17, 320, 1, 17, 77, 9592 }, // U+00F8
    { 21, 26, 336, 0, 26, 137, 9669 }, // U+00F9
    { 21, 26, 336, 0, 26, 137, 9806 }, // U+00FA
    { 21, 26, 336, 0, 26, 137, 9943 }, // U+00FB
    { 21, 25, 336, 0, 25, 132, 10080 }, // U+00FC
    { 18, 33, 304, 0, 26, 149, 10212 }, // U+00FD
    { 20, 32, 336, 0, 25, 160, 10361 }, // U+00FE
    { 18, 32, 304, 0, 25, 144, 10521 }, // U+00FF
    { 24, 29, 384, 0, 29, 174, 0 }, // U+0100
    { 20, 23, 336, 1, 23, 115, 174 }, // U+0101
    { 24, 31, 384, 0, 31, 186, 289 }, // U+0102
    { 20, 25, 336, 1, 25, 125, 475 }, // U+0103
    { 24, 31, 384, 0, 24, 186, 600 }, // U+0104
    { 20, 24, 336, 1, 17, 120, 786 }, // U+0105
    { 19, 30, 352, 2, 30, 143, 906 }, // U+0106
    { 15, 26, 272, 1, 26, 98, 1049 }, // U+0107
    { 19, 31, 352, 2, 31, 148, 1147 }, // U+0108
    { 15, 26, 272, 1, 26, 98, 1295 }, // U+0109
    { 19, 30, 352, 2, 30, 143, 1393 }, // U+010A
    { 15, 25, 272, 1, 25, 94, 1536 }, // U+010B
    { 19, 31, 352, 2, 31, 148, 1630 }, // U+010C
    { 15, 26, 272, 1, 26, 98, 1778 }, // U+010D
    { 24, 31, 416, 1, 31, 186, 1876 }, // U+010E
    { 24, 25, 416, 1, 25, 150, 2062 }, // U+010F
    { 24, 23, 416, 1, 23, 138, 2212 }, // U+0110
    { 20, 25, 336, 1, 25, 125, 2350 }, // U+0111
    { 19, 29, 336, 1, 29, 138, 2475 }, // U+0112
    { 15, 23, 272, 1, 23, 87, 2613 }, // U+0113
    { 19, 31, 336, 1, 31, 148, 2700 }, // U+0114
    { 15, 25, 272, 1, 25, 94, 2848 }, // U+0115
    { 19, 30, 336, 1, 30, 143, 2942 }, // U+0116
    { 15, 25, 272, 1, 25, 94, 3085 }, // U+0117
    { 19, 30, 336, 1, 23, 143, 3179 }, // U+0118
    { 15, 24, 272, 1, 17, 90, 3322 }, // U+0119
    { 19, 31, 336, 1, 31, 148, 3412 }, // U+011A
    { 15, 26, 272, 1, 26, 98, 3560 }, // U+011B
    { 20, 31, 368, 2, 31, 155, 3658 }, // U+011C
    { 17, 33, 320, 1, 26, 141, 3813 }, // U+011D
    { 20, 31, 368, 2, 31, 155, 3954 }, // U+011E
    { 17, 32, 320, 1, 25, 136, 4109 }, // U+011F
    { 20, 30, 368, 2, 30, 150, 4245 }, // U+0120
    { 17, 32, 320, 1, 25, 136, 4395 }, // U+0121
    { 20, 31, 368, 2, 23, 155, 4531 }, // U+0122
    { 17, 34, 320, 1, 27, 145, 4686 }, // U+0123
    { 25, 31, 416, 1, 31, 194, 4831 }, // U+0124
    { 23, 33, 336, -2, 33, 190, 5025 }, // U+0125
    { 25, 23, 416, 1, 23, 144, 5215 }, // U+0126
    { 21, 25, 336, 0, 25, 132, 5359 }, // U+0127
    { 13, 30, 208, 1, 30, 98, 5491 }, // U+0128
    { 12, 25, 176, -1, 25, 75, 5589 }, // U+0129
    { 12, 29, 208, 1, 29, 87, 5664 }, // U+012A
    { 11, 23, 176, 0, 23, 64, 5751 }, // U+012B
    { 13, 31, 208, 1, 31, 101, 5815 }, // U+012C
    { 12, 25, 176, -1, 25, 75, 5916 }, // U+012D
    { 12, 30, 208, 1, 23, 90, 5991 }, // U+012E
    { 11, 32, 176, 0, 25, 88, 6081 }, // U+012F
    { 12, 30, 208, 1, 30, 90, 6169 }, // U+0130
    { 11, 17, 176, 0, 17, 47, 6259 }, // U+0131
    { 26, 30, 432, 1, 23, 195, 6306 }, // U+0132
    { 20, 32, 352, 0, 25, 160, 6501 }, // U+0133
    { 13, 38, 224, 1, 31, 124, 6661 }, // U+0134
    { 13, 33, 176, -2, 26, 108, 6785 }, // U+0135
    { 24, 33, 400, 1, 23, 198, 6893 }, // U+0136
    { 19, 35, 304, 0, 25, 167, 7091 }, // U+0137
    { 20, 17, 320, 0, 17, 85, 7258 }, // U+0138
    { 19, 30, 336, 1, 30, 143, 7343 }, // U+0139
    { 11, 32, 176, 0, 32, 88, 7486 }, // U+013A
    { 19, 33, 336, 1, 23, 157, 7574 }, // U+013B
    { 11, 35, 176, 0, 25, 97, 7731 }, // U+013C
    { 19, 25, 336, 1, 25, 119, 7828 }, // U+013D
    { 14, 25, 240, 0, 25, 88, 7947 }, // U+013E
    { 19, 23, 336, 1, 23, 110, 8035 }, // U+013F
    { 15, 25, 224, 0, 25, 94, 8145 }, // U+0140
    { 19, 23, 336, 1, 23, 110, 8239 }, // U+0141
    { 12, 25, 192, 0, 25, 75, 8349 }, // U+0142
    { 24, 31, 400, 1, 30, 186, 8424 }, // U+0143
    { 21, 26, 336, 0, 26, 137, 8610 }, // U+0144
    { 24, 33, 400, 1, 23, 198, 8747 }, // U+0145
    { 21, 27, 336, 0, 17, 142, 8945 }, // U+0146
    { 24, 32, 400, 1, 31, 192, 9087 }, // U+0147
    { 21, 26, 336, 0, 26, 137, 9279 }, // U+0148
    { 25, 25, 416, 0, 25, 157, 9416 }, // U+0149
    { 25, 31, 416, 1, 23, 194, 9573 }, // U+014A
    { 19, 24, 336, 0, 17, 114, 9767 }, // U+014B
    { 22, 29, 400, 2, 29, 160, 9881 }, // U+014C
    { 17, 23, 320, 1, 23, 98, 10041 }, // U+014D
    { 22, 31, 400, 2, 31, 171, 10139 }, // U+014E
    { 17, 25, 320, 1, 25, 107, 10310 }, // U+014F
    { 22, 31, 400, 2, 31, 171, 10417 }, // U+0150
    { 18, 26, 320, 1, 26, 117, 10588 }, // U+0151
    { 31, 23, 544, 2, 23, 179, 10705 }, // U+0152
    { 26, 17, 464, 1, 17, 111, 10884 }, // U+0153
    { 23, 30, 384, 1, 30, 173, 10995 }, // U+0154
    { 16, 26, 272, 0, 26, 104, 11168 }, // U+0155
    { 23, 33, 384, 1, 23, 190, 11272 }, // U+0156
    { 16, 27, 272, 0, 17, 108, 11462 }, // U+0157
    { 23, 31, 384, 1, 31, 179, 11570 }, // U+0158
    { 16, 26, 272, 0, 26, 104, 11749 }, // U+0159
    { 17, 30, 304, 1, 30, 128, 11853 }, // U+015A
    { 14, 26, 256, 1, 26, 91, 11981 }, // U+015B
    { 17, 31, 304, 1, 31, 132, 12072 }, // U+015C
    { 14, 26, 256, 1, 26, 91, 12204 }, // U+015D
    { 17, 30, 304, 1, 23, 128, 12295 }, // U+015E
    { 14, 24, 256, 1, 17, 84, 12423 }, // U+015F
    { 17, 31, 304, 1, 31, 132, 12507 }, // U+0160
    { 14, 26, 256, 1, 26, 91, 12639 }, // U+0161
    { 21, 30, 352, 1, 23, 158, 12730 }, // U+0162
    { 13, 30, 224, 1, 23, 98, 12888 }, // U+0163
    { 21, 31, 352, 1, 31, 163, 12986 }, // U+0164
    { 15, 28, 240, 1, 28, 105, 13149 }, // U+0165
    { 21, 23, 352, 1, 23, 121, 13254 }, // U+0166
    { 14, 22, 224, 0, 22, 77, 13375 }, // U+0167
    { 24, 30, 416, 2, 30, 180, 13452 }, // U+0168
    { 21, 25, 336, 0, 25, 132, 13632 }, // U+0169
    { 24, 29, 416, 2, 29, 174, 13764 }, // U+016A
    { 21, 23, 336, 0, 23, 121, 13938 }, // U+016B
    { 24, 31, 416, 2, 31, 186, 14059 }, // U+016C
    { 21, 25, 336, 0, 25, 132, 14245 }, // U+016D
    { 24, 31, 416, 2, 31, 186, 14377 }, // U+016E
    { 21, 26, 336, 0, 26, 137, 14563 }, // U+016F
    { 24, 31, 416, 2, 31, 186, 14700 }, // U+0170
    { 21, 26, 336, 0, 26, 137, 14886 }, // U+0171
    { 24, 30, 416, 2, 23, 180, 15023 }, // U+0172
    { 21, 24, 336, 0, 17, 126, 15203 }, // U+0173
    { 35, 31, 560, 1, 31, 272, 15329 }, // U+0174
    { 26, 26, 432, 0, 26, 169, 15601 }, // U+0175
    { 23, 31, 368, 1, 31, 179, 15770 }, // U+0176
    { 18, 33, 304, 0, 26, 149, 15949 }, // U+0177
    { 23, 30, 368, 1, 30, 173, 16098 }, // U+0178
    { 19, 30, 352, 2, 30, 143, 16271 }, // U+0179
    { 15, 26, 272, 1, 26, 98, 16414 }, // U+017A
    { 19, 30, 352, 2, 30, 143, 16512 }, // U+017B
    { 15, 25, 272, 1, 25, 94, 16655 }, // U+017C
    { 19, 31, 352, 2, 31, 148, 16749 }, // U+017D
    { 15, 26, 272, 1, 26, 98, 16897 }, // U+017E
    { 27, 25, 464, 2, 25, 169, 0 }, // U+01A0
    { 21, 22, 352, 1, 22, 116, 169 }, // U+01A1
    { 28, 25, 480, 2, 25, 175, 285 }, // U+01AF
    { 25, 22, 400, 0, 22, 138, 460 }, // U+01B0
    { 44, 31, 752, 1, 31, 341, 598 }, // U+01C4
    { 40, 26, 672, 1, 26, 260, 939 }, // U+01C5
    { 36, 26, 608, 1, 26, 234, 1199 }, // U+01C6
    { 32, 30, 544, 1, 23, 240, 1433 }, // U+01C7
    { 28, 32, 496, 1, 25, 224, 1673 }, // U+01C8
    { 19, 32, 336, 0, 25, 152, 1897 }, // U+01C9
    { 38, 30, 624, 1, 23, 285, 2049 }, // U+01CA
    { 33, 32, 576, 1, 25, 264, 2334 }, // U+01CB
    { 30, 32, 512, 0, 25, 240, 2598 }, // U+01CC
    { 24, 31, 384, 0, 31, 186, 2838 }, // U+01CD
    { 20, 26, 336, 1, 26, 130, 3024 }, // U+01CE
    { 13, 31, 208, 1, 31, 101, 3154 }, // U+01CF
    { 12, 26, 176, -1, 26, 78, 3255 }, // U+01D0
    { 22, 31, 400, 2, 31, 171, 3333 }, // U+01D1
    { 17, 26, 320, 1, 26, 111, 3504 }, // U+01D2
    { 24, 31, 416, 2, 31, 186, 3615 }, // U+01D3
    { 21, 26, 336, 0, 26, 137, 3801 }, // U+01D4
    { 24, 36, 416, 2, 36, 216, 3938 }, // U+01D5
    { 21, 30, 336, 0, 30, 158, 4154 }, // U+01D6
    { 24, 37, 416, 2, 37, 222, 4312 }, // U+01D7
    { 21, 32, 336, 0, 32, 168, 4534 }, // U+01D8
    { 24, 38, 416, 2, 38, 228, 4702 }, // U+01D9
    { 21, 33, 336, 0, 33, 174, 4930 }, // U+01DA
    { 24, 38, 416, 2, 38, 228, 5104 }, // U+01DB
    { 21, 33, 336, 0, 33, 174, 5332 }, // U+01DC
    { 20, 31, 368, 2, 31, 155, 5506 }, // U+01E6
    { 17, 33, 320, 1, 26, 141, 5661 }, // U+01E7
    { 22, 30, 400, 2, 23, 165, 5802 }, // U+01EA
    { 17, 24, 320, 1, 17, 102, 5967 }, // U+01EB
    { 24, 35, 384, 0, 35, 210, 6069 }, // U+01FA
    { 20, 33, 336, 1, 33, 165, 6279 }, // U+01FB
    { 31, 30, 512, 0, 30, 233, 6444 }, // U+01FC
    { 25, 26, 432, 1, 26, 163, 6677 }, // U+01FD
    { 24, 30, 400, 1, 30, 180, 6840 }, // U+01FE
    { 18, 26, 320, 1, 26, 117, 7020 }, // U+01FF
    { 24, 31, 384, 0, 31, 186, 7137 }, // U+0200
    { 20, 27, 336, 1, 27, 135, 7323 }, // U+0201
    { 24, 31, 384, 0, 31, 186, 7458 }, // U+0202
    { 20, 25, 336, 1, 25, 125, 7644 }, // U+0203
    { 19, 31, 336, 1, 31, 148, 7769 }, // U+0204
    { 15, 27, 272, 1, 27, 102, 7917 }, // U+0205
    { 19, 31, 336, 1, 31, 148, 8019 }, // U+0206
    { 15, 25, 272, 1, 25, 94, 8167 }, // U+0207
    { 15, 31, 208, -2, 31, 117, 8261 }, // U+0208
    { 15, 27, 176, -4, 27, 102, 8378 }, // U+0209
    { 12, 31, 208, 1, 31, 93, 8480 }, // U+020A
    { 12, 25, 176, -1, 25, 75, 8573 }, // U+020B
    { 22, 31, 400, 2, 31, 171, 8648 }, // U+020C
    { 17, 27, 320, 1, 27, 115, 8819 }, // U+020D
    { 22, 31, 400, 2, 31, 171, 8934 }, // U+020E
    { 17, 25, 320, 1, 25, 107, 9105 }, // U+020F
    { 23, 31, 384, 1, 31, 179, 9212 }, // U+0210
    { 16, 27, 272, 0, 27, 108, 9391 }, // U+0211
    { 23, 31, 384, 1, 31, 179, 9499 }, // U+0212
    { 16, 25, 272, 0, 25, 100, 9678 }, // U+0213
    { 24, 31, 416, 2, 31, 186, 9778 }, // U+0214
    { 21, 27, 336, 0, 27, 142, 9964 }, // U+0215
    { 24, 31, 416, 2, 31, 186, 10106 }, // U+0216
    { 21, 25, 336, 0, 25, 132, 10292 }, // U+0217
    { 17, 33, 304, 1, 23, 141, 10424 }, // U+0218
    { 14, 27, 256, 1, 17, 95, 10565 }, // U+0219
    { 21, 33, 352, 1, 23, 174, 10660 }, // U+021A
    { 13, 32, 224, 1, 22, 104, 10834 }, // U+021B
    { 7, 7, 0, -4, 26, 13, 0 }, // U+0300
    { 7, 7, 0, -2, 26, 13, 13 }, // U+0301
    { 11, 7, 0, -5, 26, 20, 26 }, // U+0302
    { 13, 5, 0, -6, 25, 17, 46 }, // U+0303
    { 11, 3, 0, -5, 23, 9, 63 }, // U+0304
    { 11, 6, 0, -5, 25, 17, 72 }, // U+0306
    { 5, 5, 0, -2, 25, 7, 89 }, // U+0307
    { 13, 5, 0, -6, 25, 17, 96 }, // U+0308
    { 10, 9, 0, -5, 28, 23, 113 }, // U+0309
    { 9, 7, 0, -4, 26, 16, 136 }, // U+030A
    { 14, 7, 0, -4, 26, 25, 152 }, // U+030B
    { 11, 7, 0, -5, 26, 20, 177 }, // U+030C
    { 13, 8, 0, -8, 27, 26, 197 }, // U+030F
    { 11, 6, 0, -5, 25, 17, 223 }, // U+0311
    { 5, 8, 0, -2, 27, 10, 240 }, // U+0312
    { 7, 10, 0, -3, 22, 18, 250 }, // U+031B
    { 5, 5, 0, -3, -3, 7, 268 }, // U+0323
    { 13, 5, 0, -7, -2, 17, 275 }, // U+0324
    { 5, 8, 0, -3, -2, 10, 292 }, // U+0326
    { 8, 8, 0, -4, 0, 16, 302 }, // U+0327
    { 8, 8, 0, -4, 0, 16, 318 }, // U+0328
    { 12, 7, 0, -6, -2, 21, 334 }, // U+032E
    { 11, 3, 0, -6, -4, 9, 355 }, // U+0331
    { 19, 31, 336, 1, 31, 148, 0 }, // U+0401
    { 26, 26, 448, 1, 23, 169, 148 }, // U+0402
    { 19, 30, 320, 1, 30, 143, 317 }, // U+0403
    { 19, 23, 352, 2, 23, 110, 460 }, // U+0404
    { 17, 23, 304, 1, 23, 98, 570 }, // U+0405
    { 12, 23, 208, 1, 23, 69, 668 }, // U+0406
    { 13, 31, 208, 1, 31, 101, 737 }, // U+0407
    { 12, 30, 224, 1, 23, 90, 838 }, // U+0408
    { 33, 23, 528, 0, 23, 190, 928 }, // U+0409
    { 33, 23, 560, 1, 23, 190, 1118 }, // U+040A
    { 28, 23, 480, 1, 23, 161, 1308 }, // U+040B
    { 24, 30, 400, 1, 30, 180, 1469 }, // U+040C
    { 25, 31, 432, 1, 31, 194, 1649 }, // U+040D
    { 22, 29, 352, 1, 29, 160, 1843 }, // U+040E
    { 25, 28, 432, 1, 23, 175, 2003 }, // U+040F
    { 24, 23, 384, 0, 23, 138, 2178 }, // U+0410
    { 20, 23, 352, 1, 23, 115, 2316 }, // U+0411
    { 20, 23, 352, 1, 23, 115, 2431 }, // U+0412
    { 19, 23, 320, 1, 23, 110, 2546 }, // U+0413
    { 24, 29, 400, 0, 23, 174, 2656 }, // U+0414
    { 19, 23, 336, 1, 23, 110, 2830 }, // U+0415
    { 36, 23, 592, 0, 23, 207, 2940 }, // U+0416
    { 17, 23, 304, 1, 23, 98, 3147 }, // U+0417
    { 25, 23, 432, 1, 23, 144, 3245 }, // U+0418
    { 25, 29, 432, 1, 29, 182, 3389 }, // U+0419
    { 24, 23, 400, 1, 23, 138, 3571 }, // U+041A
    { 25, 23, 400, 0, 23, 144, 3709 }, // U+041B
    { 32, 23, 528, 1, 23, 184, 3853 }, // U+041C
    { 25, 23, 416, 1, 23, 144, 4037 }, // U+041D
    { 22, 23, 400, 2, 23, 127, 4181 }, // U+041E
    { 25, 23, 432, 1, 23, 144, 4308 }, // U+041F
    { 21, 23, 352, 1, 23, 121, 4452 }, // U+0420
    { 19, 23, 352, 2, 23, 110, 4573 }, // U+0421
    { 21, 23, 352, 1, 23, 121, 4683 }, // U+0422
    { 22, 23, 352, 1, 23, 127, 4804 }, // U+0423
    { 27, 25, 448, 1, 25, 169, 4931 }, // U+0424
    { 24, 23, 400, 0, 23, 138, 5100 }, // U+0425
    { 26, 28, 432, 1, 23, 182, 5238 }, // U+0426
    { 24, 23, 416, 1, 23, 138, 5420 }, // U+0427
    { 37, 23, 608, 1, 23, 213, 5558 }, // U+0428
    { 38, 28, 624, 1, 23, 266, 5771 }, // U+0429
    { 24, 23, 416, 1, 23, 138, 6037 }, // U+042A
    { 32, 23, 528, 1, 23, 184, 6175 }, // U+042B
    { 20, 23, 352, 1, 23, 115, 6359 }, // U+042C
    { 19, 23, 352, 2, 23, 110, 6474 }, // U+042D
    { 34, 23, 576, 1, 23, 196, 6584 }, // U+042E
    { 25, 23, 400, 0, 23, 144, 6780 }, // U+042F
    { 20, 17, 336, 1, 17, 85, 6924 }, // U+0430
    { 17, 26, 304, 1, 26, 111, 7009 }, // U+0431
    { 15, 17, 272, 1, 17, 64, 7120 }, // U+0432
    { 13, 17, 240, 1, 17, 56, 7184 }, // U+0433
    { 16, 25, 304, 1, 25, 100, 7240 }, // U+0434
    { 15, 17, 272, 1, 17, 64, 7340 }, // U+0435
    { 26, 17, 432, 1, 17, 111, 7404 }, // U+0436
    { 14, 17, 256, 1, 17, 60, 7515 }, // U+0437
    { 21, 17, 336, 0, 17, 90, 7575 }, // U+0438
    { 21, 24, 336, 0, 24, 126, 7665 }, // U+0439
    { 19, 17, 320, 0, 17, 81, 7791 }, // U+043A
    { 20, 17, 320, 0, 17, 85, 7872 }, // U+043B
    { 24, 17, 400, 1, 17, 102, 7957 }, // U+043C
    { 20, 17, 336, 0, 17, 85, 8059 }, // U+043D
    { 17, 17, 320, 1, 17, 73, 8144 }, // U+043E
    { 21, 17, 336, 0, 17, 90, 8217 }, // U+043F
    { 20, 24, 336, 0, 17, 120, 8307 }, // U+0440
    { 15, 17, 272, 1, 17, 64, 8427 }, // U+0441
    { 31, 17, 496, 0, 17, 132, 8491 }, // U+0442
    { 18, 24, 304, 0, 17, 108, 8623 }, // U+0443
    { 26, 32, 448, 1, 25, 208, 8731 }, // U+0444
    { 18, 17, 304, 1, 17, 77, 8939 }, // U+0445
    { 22, 23, 352, 0, 17, 127, 9016 }, // U+0446
    { 19, 17, 320, 0, 17, 81, 9143 }, // U+0447
    { 31, 17, 496, 0, 17, 132, 9224 }, // U+0448
    { 32, 23, 512, 0, 17, 184, 9356 }, // U+0449
    { 17, 17, 304, 1, 17, 73, 9540 }, // U+044A
    { 25, 17, 416, 0, 17, 107, 9613 }, // U+044B
    { 16, 17, 272, 0, 17, 68, 9720 }, // U+044C
    { 15, 17, 272, 1, 17, 64, 9788 }, // U+044D
    { 26, 17, 448, 0, 17, 111, 9852 }, // U+044E
    { 17, 17, 304, 1, 17, 73, 9963 }, // U+044F
    { 15, 25, 272, 1, 25, 94, 10036 }, // U+0451
    { 19, 32, 320, 0, 25, 152, 10130 }, // U+0452
    { 13, 26, 240, 1, 26, 85, 10282 }, // U+0453
    { 15, 17, 272, 1, 17, 64, 10367 }, // U+0454
    { 14, 17, 256, 1, 17, 60, 10431 }, // U+0455
    { 11, 25, 176, 0, 25, 69, 10491 }, // U+0456
    { 12, 25, 176, -1, 25, 75, 10560 }, // U+0457
    { 11, 32, 176, -2, 25, 88, 10635 }, // U+0458
    { 25, 17, 416, 0, 17, 107, 10723 }, // U+0459
    { 26, 17, 432, 0, 17, 111, 10830 }, // U+045A
    { 21, 26, 336, 0, 26, 137, 10941 }, // U+045B
    { 19, 26, 320, 0, 26, 124, 11078 }, // U+045C
    { 21, 26, 336, 0, 26, 137, 11202 }, // U+045D
    { 18, 31, 304, 0, 24, 140, 11339 }, // U+045E
    { 21, 24, 336, 0, 17, 126, 11479 }, // U+045F
    { 24, 24, 416, 1, 24, 144, 11605 }, // U+0462
    { 27, 17, 448, 0, 17, 115, 11749 }, // U+0463
    { 34, 23, 544, 0, 23, 196, 11864 }, // U+046A
    { 24, 17, 400, 1, 17, 102, 12060 }, // U+046B
    { 19, 28, 304, 1, 28, 133, 12162 }, // U+0490
    { 17, 28, 256, -2, 21, 119, 12295 }, // U+0491
    { 19, 23, 320, 1, 23, 110, 12414 }, // U+0492
    { 13, 17, 256, 1, 17, 56, 12524 }, // U+0493
    { 37, 28, 592, 0, 23, 259, 12580 }, // U+0496
    { 27, 23, 448, 1, 17, 156, 12839 }, // U+0497
    { 25, 28, 416, 1, 23, 175, 12995 }, // U+049A
    { 20, 23, 320, 0, 17, 115, 13170 }, // U+049B
    { 26, 28, 432, 1, 23, 182, 13285 }, // U+04A2
    { 22, 23, 352, 0, 17, 127, 13467 }, // U+04A3
    { 23, 23, 368, 1, 23, 133, 13594 }, // U+04AE
    { 18, 24, 304, 0, 17, 108, 13727 }, // U+04AF
    { 24, 23, 368, 0, 23, 138, 13835 }, // U+04B0
    { 18, 24, 304, 0, 17, 108, 13973 }, // U+04B1
    { 25, 23, 416, 1, 23, 144, 14081 }, // U+04BA
    { 21, 25, 336, 0, 25, 132, 14225 }, // U+04BB
    { 20, 23, 368, 2, 23, 115, 14357 }, // U+04D8
    { 15, 17, 272, 1, 17, 64, 14472 }, // U+04D9
    { 22, 23, 400, 2, 23, 127, 14536 }, // U+04E8
    { 17, 17, 320, 1, 17, 73, 14663 }, // U+04E9
    { 24, 31, 384, 0, 23, 186, 0 }, // U+1EA0
    { 20, 25, 336, 1, 17, 125, 186 }, // U+1EA1
    { 24, 32, 384, 0, 32, 192, 311 }, // U+1EA2
    { 20, 28, 336, 1, 28, 140, 503 }, // U+1EA3
    { 24, 37, 368, 0, 37, 222, 643 }, // U+1EA4
    { 20, 32, 336, 1, 32, 160, 865 }, // U+1EA5
    { 24, 38, 384, 0, 38, 228, 1025 }, // U+1EA6
    { 20, 33, 336, 1, 33, 165, 1253 }, // U+1EA7
    { 24, 37, 384, 0, 37, 222, 1418 }, // U+1EA8
    { 20, 32, 336, 1, 32, 160, 1640 }, // U+1EA9
    { 24, 37, 384, 0, 37, 222, 1800 }, // U+1EAA
    { 20, 32, 336, 1, 32, 160, 2022 }, // U+1EAB
    { 24, 39, 384, 0, 31, 234, 2182 }, // U+1EAC
    { 20, 34, 336, 1, 26, 170, 2416 }, // U+1EAD
    { 24, 37, 384, 0, 37, 222, 2586 }, // U+1EAE
    { 20, 32, 336, 1, 32, 160, 2808 }, // U+1EAF
    { 24, 38, 384, 0, 38, 228, 2968 }, // U+1EB0
    { 20, 33, 336, 1, 33, 165, 3196 }, // U+1EB1
    { 24, 39, 384, 0, 39, 234, 3361 }, // U+1EB2
    { 20, 33, 336, 1, 33, 165, 3595 }, // U+1EB3
    { 24, 37, 368, 0, 37, 222, 3760 }, // U+1EB4
    { 20, 32, 336, 1, 32, 160, 3982 }, // U+1EB5
    { 24, 39, 384, 0, 31, 234, 4142 }, // U+1EB6
    { 20, 33, 336, 1, 25, 165, 4376 }, // U+1EB7
    { 19, 31, 336, 1, 23, 148, 4541 }, // U+1EB8
    { 15, 25, 272, 1, 17, 94, 4689 }, // U+1EB9
    { 19, 32, 336, 1, 32, 152, 4783 }, // U+1EBA
    { 15, 28, 272, 1, 28, 105, 4935 }, // U+1EBB
    { 19, 30, 336, 1, 30, 143, 5040 }, // U+1EBC
    { 15, 25, 272, 1, 25, 94, 5183 }, // U+1EBD
    { 19, 37, 336, 1, 37, 176, 5277 }, // U+1EBE
    { 15, 32, 272, 1, 32, 120, 5453 }, // U+1EBF
    { 19, 38, 336, 1, 38, 181, 5573 }, // U+1EC0
    { 15, 33, 272, 1, 33, 124, 5754 }, // U+1EC1
    { 21, 37, 336, 1, 37, 195, 5878 }, // U+1EC2
    { 19, 32, 272, 1, 32, 152, 6073 }, // U+1EC3
    { 19, 37, 336, 1, 37, 176, 6225 }, // U+1EC4
    { 16, 32, 272, 1, 32, 128, 6401 }, // U+1EC5
    { 19, 39, 336, 1, 31, 186, 6529 }, // U+1EC6
    { 15, 34, 272, 1, 26, 128, 6715 }, // U+1EC7
    { 12, 32, 208, 1, 32, 96, 6843 }, // U+1EC8
    { 11, 28, 176, 0, 28, 77, 6939 }, // U+1EC9
    { 12, 31, 208, 1, 23, 93, 7016 }, // U+1ECA
    { 11, 33, 176, 0, 25, 91, 7109 }, // U+1ECB
    { 22, 31, 400, 2, 23, 171, 7200 }, // U+1ECC
    { 17, 25, 320, 1, 17, 107, 7371 }, // U+1ECD
    { 22, 32, 400, 2, 32, 176, 7478 }, // U+1ECE
    { 17, 28, 320, 1, 28, 119, 7654 }, // U+1ECF
    { 22, 37, 400, 2, 37, 204, 7773 }, // U+1ED0
    { 17, 33, 320, 1, 33, 141, 7977 }, // U+1ED1
    { 22, 38, 400, 2, 38, 209, 8118 }, // U+1ED2
    { 17, 34, 320, 1, 34, 145, 8327 }, // U+1ED3
    { 22, 37, 400, 2, 37, 204, 8472 }, // U+1ED4
    { 19, 32, 320, 1, 32, 152, 8676 }, // U+1ED5
    { 22, 37, 400, 2, 37, 204, 8828 }, // U+1ED6
    { 17, 32, 320, 1, 32, 136, 9032 }, // U+1ED7
    { 22, 39, 400, 2, 31, 215, 9168 }, // U+1ED8
    { 17, 34, 320, 1, 26, 145, 9383 }, // U+1ED9
    { 27, 30, 464, 2, 30, 203, 9528 }, // U+1EDA
    { 21, 26, 352, 1, 26, 137, 9731 }, // U+1EDB
    { 27, 31, 464, 2, 31, 210, 9868 }, // U+1EDC
    { 21, 26, 352, 1, 26, 137, 10078 }, // U+1EDD
    { 27, 32, 464, 2, 32, 216, 10215 }, // U+1EDE
    { 21, 28, 352, 1, 28, 147, 10431 }, // U+1EDF
    { 27, 30, 464, 2, 30, 203, 10578 }, // U+1EE0
    { 21, 25, 352, 1, 25, 132, 10781 }, // U+1EE1
    { 27, 33, 464, 2, 25, 223, 10913 }, // U+1EE2
    { 21, 30, 352, 1, 22, 158, 11136 }, // U+1EE3
    { 24, 31, 416, 2, 23, 186, 11294 }, // U+1EE4
    { 21, 25, 336, 0, 17, 132, 11480 }, // U+1EE5
    { 24, 32, 416, 2, 32, 192, 11612 }, // U+1EE6
    { 21, 28, 336, 0, 28, 147, 11804 }, // U+1EE7
    { 28, 30, 480, 2, 30, 210, 11951 }, // U+1EE8
    { 25, 26, 400, 0, 26, 163, 12161 }, // U+1EE9
    { 28, 31, 480, 2, 31, 217, 12324 }, // U+1EEA
    { 25, 26, 400, 0, 26, 163, 12541 }, // U+1EEB
    { 28, 32, 480, 2, 32, 224, 12704 }, // U+1EEC
    { 25, 28, 400, 0, 28, 175, 12928 }, // U+1EED
    { 28, 30, 480, 2, 30, 210, 13103 }, // U+1EEE
    { 25, 25, 400, 0, 25, 157, 13313 }, // U+1EEF
    { 28, 33, 480, 2, 25, 231, 13470 }, // U+1EF0
    { 25, 30, 400, 0, 22, 188, 13701 }, // U+1EF1
    { 23, 31, 368, 1, 31, 179, 13889 }, // U+1EF2
    { 18, 33, 304, 0, 26, 149, 14068 }, // U+1EF3
    { 23, 31, 368, 1, 23, 179, 14217 }, // U+1EF4
    { 18, 24, 304, 0, 17, 108, 14396 }, // U+1EF5
    { 23, 32, 368, 1, 32, 184, 14504 }, // U+1EF6
    { 18, 35, 304, 0, 28, 158, 14688 }, // U+1EF7
    { 23, 30, 368, 1, 30, 173, 14846 }, // U+1EF8
    { 18, 32, 304, 0, 25, 144, 15019 }, // U+1EF9
    { 1, 1, 304, 0, 1, 1, 0 }, // U+2007
    { 1, 1, 176, 0, 1, 1, 1 }, // U+2008
    { 1, 1, 64, 0, 1, 1, 2 }, // U+2009
    { 1, 1, 32, 0, 1, 1, 3 }, // U+200A
    { 1, 1, 0, 0, 1, 1, 4 }, // U+200B
    { 10, 3, 192, 1, 10, 8, 5 }, // U+2010
    { 16, 3, 272, 1, 11, 12, 13 }, // U+2012
    { 16, 3, 272, 1, 11, 12, 25 }, // U+2013
    { 32, 3, 528, 1, 11, 24, 37 }, // U+2014
    { 32, 3, 528, 1, 11, 24, 61 }, // U+2015
    { 7, 10, 144, 2, 26, 18, 85 }, // U+2018
    { 6, 10, 144, 2, 25, 15, 103 }, // U+2019
    { 6, 10, 160, 2, 5, 15, 118 }, // U+201A
    { 14, 10, 256, 2, 26, 35, 133 }, // U+201C
    { 13, 10, 272, 2, 25, 33, 168 }, // U+201D
    { 13, 10, 272, 2, 5, 33, 201 }, // U+201E
    { 14, 26, 288, 2, 25, 91, 234 }, // U+2020
    { 14, 26, 304, 2, 25, 91, 325 }, // U+2021
    { 9, 9, 240, 3, 15, 21, 416 }, // U+2022
    { 28, 6, 528, 3, 6, 42, 437 }, // U+2026
    { 36, 20, 640, 2, 20, 180, 479 }, // U+2030
    { 5, 8, 112, 2, 26, 10, 659 }, // U+2032
    { 10, 8, 208, 2, 26, 20, 669 }, // U+2033
    { 8, 14, 176, 2, 16, 28, 689 }, // U+2039
    { 9, 14, 192, 2, 16, 32, 717 }, // U+203A
    { 27, 26, 496, 2, 26, 176, 749 }, // U+2042
    { 18, 23, 160, -4, 23, 104, 925 }, // U+2044
    { 13, 15, 256, 2, 27, 49, 0 }, // U+2070
    { 14, 15, 240, 1, 27, 53, 49 }, // U+2074
    { 12, 15, 224, 1, 27, 45, 102 }, // U+2075
    { 12, 15, 240, 2, 27, 45, 147 }, // U+2076
    { 12, 15, 208, 2, 27, 45, 192 }, // U+2077
    { 12, 15, 240, 2, 27, 45, 237 }, // U+2078
    { 12, 15, 240, 2, 27, 45, 282 }, // U+2079
    { 7, 20, 144, 2, 29, 35, 327 }, // U+207D
    { 7, 20, 144, 1, 29, 35, 362 }, // U+207E
    { 15, 12, 288, 2, 24, 45, 397 }, // U+207F
    { 14, 15, 256, 1, 10, 53, 442 }, // U+2080
    { 10, 15, 192, 1, 10, 38, 495 }, // U+2081
    { 12, 15, 224, 1, 10, 45, 533 }, // U+2082
    { 12, 15, 224, 1, 10, 45, 578 }, // U+2083
    { 14, 15, 240, 0, 10, 53, 623 }, // U+2084
    { 12, 15, 224, 1, 10, 45, 676 }, // U+2085
    { 13, 15, 240, 1, 10, 49, 721 }, // U+2086
    { 12, 15, 208, 1, 10, 45, 770 }, // U+2087
    { 13, 15, 240, 1, 10, 49, 815 }, // U+2088
    { 13, 15, 240, 1, 10, 49, 864 }, // U+2089
    { 7, 20, 144, 2, 12, 35, 913 }, // U+208D
    { 8, 20, 144, 0, 12, 40, 948 }, // U+208E
    { 19, 29, 352, 2, 26, 138, 0 }, // U+20A1
    { 19, 23, 320, 1, 23, 110, 138 }, // U+20A3
    { 20, 23, 352, 1, 23, 115, 248 }, // U+20A4
    { 26, 24, 432, 1, 23, 156, 363 }, // U+20A6
    { 51, 23, 848, 1, 23, 294, 519 }, // U+20A7
    { 36, 23, 576, 1, 23, 207, 813 }, // U+20A9
    { 20, 30, 336, 1, 25, 150, 1020 }, // U+20AB
    { 23, 23, 400, 1, 23, 133, 1170 }, // U+20AC
    { 25, 23, 416, 1, 23, 144, 1303 }, // U+20AD
    { 21, 23, 352, 1, 23, 121, 1447 }, // U+20AE
    { 23, 23, 400, 2, 23, 133, 1568 }, // U+20B1
    { 20, 28, 368, 2, 26, 140, 1701 }, // U+20B2
    { 21, 23, 368, 1, 23, 121, 1841 }, // U+20B4
    { 19, 29, 352, 2, 26, 138, 1962 }, // U+20B5
    { 21, 23, 368, 1, 23, 121, 2100 }, // U+20B8
    { 18, 23, 336, 2, 23, 104, 2221 }, // U+20B9
    { 19, 23, 352, 2, 23, 110, 2325 }, // U+20BA
    { 24, 23, 416, 1, 23, 138, 2435 }, // U+20BC
    { 21, 23, 368, 2, 23, 121, 2573 }, // U+20BD
    { 17, 11, 304, 1, 15, 47, 0 }, // U+2190
    { 11, 16, 304, 4, 17, 44, 47 }, // U+2191
    { 16, 11, 304, 1, 15, 44, 91 }, // U+2192
    { 11, 16, 304, 4, 17, 44, 135 }, // U+2193
    { 17, 24, 304, 1, 24, 102, 0 }, // U+2202
    { 21, 24, 400, 2, 22, 126, 102 }, // U+2205
    { 19, 25, 336, 1, 25, 119, 228 }, // U+2206
    { 26, 28, 448, 1, 23, 182, 347 }, // U+220F
    { 19, 28, 320, 1, 23, 133, 529 }, // U+2211
    { 14, 4, 304, 3, 12, 14, 662 }, // U+2212
    { 18, 23, 160, -4, 23, 104, 676 }, // U+2215
    { 7, 6, 192, 3, 13, 11, 780 }, // U+2219
    { 18, 25, 304, 1, 25, 113, 791 }, // U+221A
    { 20, 10, 352, 1, 14, 50, 904 }, // U+221E
    { 19, 31, 272, -1, 24, 148, 954 }, // U+222B
    { 15, 12, 304, 2, 16, 45, 1102 }, // U+2248
    { 15, 18, 304, 2, 19, 68, 1147 }, // U+2260
    { 14, 18, 304, 3, 18, 63, 1215 }, // U+2264
    { 14, 18, 304, 3, 18, 63, 1278 }, // U+2265
    { 24, 32, 352, -2, 25, 192, 0 }, // U+FB01
    { 25, 32, 352, -2, 25, 200, 192 }, // U+FB02
};

static const EpdUnicodeInterval literatamono_16_bolditalicIntervals[] = {
    { 0x20, 0x7E, 0x0 },
    { 0xA0, 0x17E, 0x5F },
    { 0x1A0, 0x1A1, 0x13E },
    { 0x1AF, 0x1B0, 0x140 },
    { 0x1C4, 0x1DC, 0x142 },
    { 0x1E6, 0x1E7, 0x15B },
    { 0x1EA, 0x1EB, 0x15D },
    { 0x1FA, 0x21B, 0x15F },
    { 0x300, 0x304, 0x181 },
    { 0x306, 0x30C, 0x186 },
    { 0x30F, 0x30F, 0x18D },
    { 0x311, 0x312, 0x18E },
    { 0x31B, 0x31B, 0x190 },
    { 0x323, 0x324, 0x191 },
    { 0x326, 0x328, 0x193 },
    { 0x32E, 0x32E, 0x196 },
    { 0x331, 0x331, 0x197 },
    { 0x401, 0x44F, 0x198 },
    { 0x451, 0x45F, 0x1E7 },
    { 0x462, 0x463, 0x1F6 },
    { 0x46A, 0x46B, 0x1F8 },
    { 0x490, 0x493, 0x1FA },
    { 0x496, 0x497, 0x1FE },
    { 0x49A, 0x49B, 0x200 },
    { 0x4A2, 0x4A3, 0x202 },
    { 0x4AE, 0x4B1, 0x204 },
    { 0x4BA, 0x4BB, 0x208 },
    { 0x4D8, 0x4D9, 0x20A },
    { 0x4E8, 0x4E9, 0x20C },
    { 0x1EA0, 0x1EF9, 0x20E },
    { 0x2007, 0x200B, 0x268 },
    { 0x2010, 0x2010, 0x26D },
    { 0x2012, 0x2015, 0x26E },
    { 0x2018, 0x201A, 0x272 },
    { 0x201C, 0x201E, 0x275 },
    { 0x2020, 0x2022, 0x278 },
    { 0x2026, 0x2026, 0x27B },
    { 0x2030, 0x2030, 0x27C },
    { 0x2032, 0x2033, 0x27D },
    { 0x2039, 0x203A, 0x27F },
    { 0x2042, 0x2042, 0x281 },
    { 0x2044, 0x2044, 0x282 },
    { 0x2070, 0x2070, 0x283 },
    { 0x2074, 0x2079, 0x284 },
    { 0x207D, 0x2089, 0x28A },
    { 0x208D, 0x208E, 0x297 },
    { 0x20A1, 0x20A1, 0x299 },
    { 0x20A3, 0x20A4, 0x29A },
    { 0x20A6, 0x20A7, 0x29C },
    { 0x20A9, 0x20A9, 0x29E },
    { 0x20AB, 0x20AE, 0x29F },
    { 0x20B1, 0x20B2, 0x2A3 },
    { 0x20B4, 0x20B5, 0x2A5 },
    { 0x20B8, 0x20BA, 0x2A7 },
    { 0x20BC, 0x20BD, 0x2AA },
    { 0x2190, 0x2193, 0x2AC },
    { 0x2202, 0x2202, 0x2B0 },
    { 0x2205, 0x2206, 0x2B1 },
    { 0x220F, 0x220F, 0x2B3 },
    { 0x2211, 0x2212, 0x2B4 },
    { 0x2215, 0x2215, 0x2B6 },
    { 0x2219, 0x221A, 0x2B7 },
    { 0x221E, 0x221E, 0x2B9 },
    { 0x222B, 0x222B, 0x2BA },
    { 0x2248, 0x2248, 0x2BB },
    { 0x2260, 0x2260, 0x2BC },
    { 0x2264, 0x2265, 0x2BD },
    { 0xFB01, 0xFB02, 0x2BF },
};

static const EpdFontGroup literatamono_16_bolditalicGroups[] = {
    { 0, 2396, 9509, 95, 0 },
    { 2396, 2206, 11276, 96, 95 },
    { 4602, 2948, 18149, 127, 191 },
    { 7550, 2160, 11549, 67, 318 },
    { 9710, 189, 417, 23, 385 },
    { 9899, 3400, 15764, 118, 408 },
    { 13299, 1658, 15946, 90, 526 },
    { 14957, 343, 1130, 27, 616 },
    { 15300, 374, 1078, 22, 643 },
    { 15674, 754, 2841, 19, 665 },
    { 16428, 81, 195, 4, 684 },
    { 16509, 401, 1462, 15, 688 },
    { 16910, 111, 416, 2, 703 },
};

static const uint16_t literatamono_16_bolditalicKernLeftCodepoints[] = {
    0x0022, 0x0026, 0x0027, 0x0028, 0x002A, 0x002C, 0x002D, 0x002E, 0x002F, 0x0030, 0x0031, 0x0032,
    0x0033, 0x0034, 0x0035, 0x0036, 0x0037, 0x0038, 0x0039, 0x003A, 0x003B, 0x003D, 0x0040, 0x0041,
    0x0042, 0x0043, 0x0044, 0x0045, 0x0046, 0x0047, 0x0048, 0x0049, 0x004A, 0x004B, 0x004C, 0x004D,
    0x004E, 0x004F, 0x0050, 0x0051, 0x0052, 0x0053, 0x0054, 0x0055, 0x0056, 0x0057, 0x0058, 0x0059,
    0x005A, 0x005B, 0x005C, 0x0061, 0x0062, 0x0063, 0x0064, 0x0065, 0x0066, 0x0067, 0x0068, 0x0069,
    0x006A, 0x006B, 0x006C, 0x006D, 0x006E, 0x006F, 0x0070, 0x0071, 0x0072, 0x0073, 0x0074, 0x0075,
    0x0076, 0x0077, 0x0078, 0x0079, 0x007A, 0x00A1, 0x00AB, 0x00AD, 0x00B7, 0x00BB, 0x00BF, 0x00C0,
    0x00C1, 0x00C2, 0x00C3, 0x00C4, 0x00C5, 0x00C6, 0x00C7, 0x00C8, 0x00C9, 0x00CA, 0x00CB, 0x00CC,
    0x00CD, 0x00CE, 0x00CF, 0x00D0, 0x00D1, 0x00D2, 0x00D3, 0x00D4, 0x00D5, 0x00D6, 0x00D7, 0x00D8,
    0x00DD, 0x00DE, 0x00DF, 0x00E0, 0x00E1, 0x00E2, 0x00E3, 0x00E4, 0x00E5, 0x00E6, 0x00E7, 0x00E8,
    0x00E9, 0x00EA, 0x00EB, 0x00EC, 0x00ED, 0x00EE, 0x00EF, 0x00F1, 0x00F2, 0x00F3, 0x00F4, 0x00F5,
    0x00F6, 0x00F8, 0x00F9, 0x00FA, 0x00FB, 0x00FC, 0x00FD, 0x00FE, 0x00FF, 0x0100, 0x0101, 0x0102,
    0x0103, 0x0104, 0x0105, 0x0106, 0x0107, 0x0108, 0x0109, 0x010A, 0x010B, 0x010C, 0x010D, 0x010E,
    0x010F, 0x0110, 0x0111, 0x0112, 0x0113, 0x0114, 0x0115, 0x0116, 0x0117, 0x0118, 0x0119, 0x011A,
    0x011B, 0x011C, 0x011D, 0x011E, 0x011F, 0x0120, 0x0121, 0x0122, 0x0123, 0x0124, 0x0125, 0x0126,
    0x0127, 0x0128, 0x0129, 0x012A, 0x012B, 0x012C, 0x012D, 0x012E, 0x012F, 0x0130, 0x0131, 0x0132,
    0x0134, 0x0135, 0x0136, 0x0137, 0x0138, 0x0139, 0x013A, 0x013B, 0x013C, 0x013D, 0x013E, 0x013F,
    0x0140, 0x0141, 0x0142, 0x0143, 0x0144, 0x0145, 0x0146, 0x0147, 0x0148, 0x0149, 0x014A, 0x014B,
    0x014C, 0x014D, 0x014E, 0x014F, 0x0150, 0x0151, 0x0152, 0x0153, 0x0154, 0x0155, 0x0156, 0x0157,
    0x0158, 0x0159, 0x015A, 0x015B, 0x015C, 0x015D, 0x015E, 0x015F, 0x0160, 0x0161, 0x0162, 0x0163,
    0x0164, 0x0165, 0x0166, 0x0169, 0x016B, 0x016D, 0x016F, 0x0171, 0x0173, 0x0174, 0x0175, 0x0176,
    0x0177, 0x0178, 0x0179, 0x017A, 0x017B, 0x017C, 0x017D, 0x017E, 0x01A0, 0x01A1, 0x01AF, 0x01B0,
    0x01C6, 0x01C7, 0x01C9, 0x01CA, 0x01CC, 0x01CD, 0x01CE, 0x01CF, 0x01D0, 0x01D1, 0x01D2, 0x01D4,
    0x01D6, 0x01D8, 0x01DA, 0x01DC, 0x01E6, 0x01E7, 0x01EA, 0x01EB, 0x01FA, 0x01FB, 0x01FC, 0x01FD,
    0x01FE, 0x01FF, 0x0200, 0x0201, 0x0202, 0x0203, 0x0204, 0x0205, 0x0206, 0x0207, 0x0208, 0x0209,
    0x020A, 0x020B, 0x020C, 0x020D, 0x020E, 0x020F, 0x0210, 0x0211, 0x0212, 0x0213, 0x0215, 0x0217,
    0x0218, 0x0219, 0x021A, 0x021B, 0x0402, 0x0403, 0x0404, 0x0406, 0x0407, 0x0408, 0x0409, 0x040A,
    0x040B, 0x040C, 0x040D, 0x040E, 0x040F, 0x0410, 0x0411, 0x0412, 0x0413, 0x0414, 0x0416, 0x0417,
    0x0418, 0x0419, 0x041A, 0x041B, 0x041C, 0x041D, 0x041E, 0x041F, 0x0420, 0x0422, 0x0423, 0x0424,
    0x0425, 0x0427, 0x0428, 0x042A, 0x042B, 0x042C, 0x042D, 0x042E, 0x042F, 0x0430, 0x0431, 0x0432,
    0x0433, 0x0434, 0x0435, 0x0436, 0x0437, 0x0438, 0x0439, 0x043A, 0x043B, 0x043C, 0x043D, 0x043E,
    0x043F, 0x0440, 0x0441, 0x0442, 0x0443, 0x0444, 0x0445, 0x0447, 0x0448, 0x044A, 0x044B, 0x044C,
    0x044D, 0x044E, 0x044F, 0x0451, 0x0452, 0x0453, 0x0454, 0x0455, 0x0456, 0x0457, 0x0458, 0x0459,
    0x045A, 0x045B, 0x045C, 0x045D, 0x045E, 0x045F, 0x0462, 0x0463, 0x046A, 0x046B, 0x0490, 0x0491,
    0x0492, 0x0493, 0x0496, 0x0497, 0x049A, 0x049B, 0x04AE, 0x04B0, 0x04BA, 0x04BB, 0x04D8, 0x04D9,
    0x04E8, 0x04E9, 0x1EA0, 0x1EA1, 0x1EA2, 0x1EA3, 0x1EA4, 0x1EA5, 0x1EA6, 0x1EA7, 0x1EA8, 0x1EA9,
    0x1EAA, 0x1EAB, 0x1EAC, 0x1EAD, 0x1EAE, 0x1EAF, 0x1EB0, 0x1EB1, 0x1EB2, 0x1EB3, 0x1EB4, 0x1EB5,
    0x1EB6, 0x1EB7, 0x1EB8, 0x1EB9, 0x1EBA, 0x1EBB, 0x1EBC, 0x1EBD, 0x1EBE, 0x1EBF, 0x1EC0, 0x1EC1,
    0x1EC2, 0x1EC3, 0x1EC4, 0x1EC5, 0x1EC6, 0x1EC7, 0x1EC8, 0x1EC9, 0x1ECA, 0x1ECB, 0x1ECC, 0x1ECD,
    0x1ECE, 0x1ECF, 0x1ED0, 0x1ED1, 0x1ED2, 0x1ED3, 0x1ED4, 0x1ED5, 0x1ED6, 0x1ED7, 0x1ED8, 0x1ED9,
    0x1EDA, 0x1EDB, 0x1EDC, 0x1EDD, 0x1EDE, 0x1EDF, 0x1EE0, 0x1EE1, 0x1EE2, 0x1EE3, 0x1EE5, 0x1EE7,
    0x1EE8, 0x1EE9, 0x1EEA, 0x1EEB, 0x1EEC, 0x1EED, 0x1EEE, 0x1EEF, 0x1EF0, 0x1EF1, 0x1EF2, 0x1EF3,
    0x1EF4, 0x1EF5, 0x1EF6, 0x1EF7, 0x1EF8, 0x1EF9, 0x2010, 0x2012, 0x2013, 0x2014, 0x2015, 0x2018,
    0x2019, 0x201A, 0x201C, 0x201D, 0x201E, 0x2026, 0x2039, 0x203A, 0x2206, 0x2212, 0xFB01, 0xFB02,
};

static const uint8_t literatamono_16_bolditalicKernLeftClassIds[] = {
      1,   2,   1,   3,   4,   5,   6,   5,   7,   8,   9,  10,  11,  12,  13,  14,
     15,  16,  17,  18,  18,  19,  20,  21,  22,  23,  24,  25,  26,  27,  28,  28,
     29,  30,  31,  32,  33,  34,  35,  36,  37,  38,  39,  28,  40,  41,  42,  43,
     44,  45,  46,  47,  48,  49,  50,  51,  52,  53,  47,  54,  55,  56,  50,  47,
     47,  48,  48,  57,  58,  59,  60,  47,  61,  61,  62,  63,  64,  65,  66,   6,
     67,  68,  69,  21,  21,  21,  21,  21,  21,  70,  23,  25,  25,  25,  25,  28,
     28,  28,  28,  71,  33,  72,  72,  72,  72,  72,  73,  72,  43,  74,  75,  76,
     77,  77,  77,  77,  77,  78,  49,  79,  79,  79,  79,  54,  54,  54,  54,  47,
     48,  48,  48,  48,  48,  48,  47,  47,  47,  47,  63,  48,  63,  21,  77,  21,
     77,  21,  77,  23,  49,  23,  49,  23,  49,  23,  49,  80,  81,  80,  50,  25,
     79,  25,  79,  25,  79,  25,  79,  25,  79,  27,  53,  27,  53,  27,  53,  27,
     53,  28,  47,  28,  47,  28,  54,  28,  54,  28,  54,  28,  54,  28,  54,  29,
     29,  55,  30,  56,  56,  82,  50,  82,  50,  83,  84,  82,  50,  82,  85,  33,
     47,  33,  47,  33,  47,  47,  29,  55,  72,  48,  72,  48,  72,  48,  25,  78,
     37,  58,  37,  58,  37,  58,  86,  59,  86,  59,  86,  59,  86,  59,  39,  60,
     39,  87,  39,  47,  47,  47,  47,  47,  47,  41,  61,  43,  63,  43,  44,  64,
     44,  64,  44,  64,  88,  89,  90,  91,  47,  29,  55,  29,  55,  21,  47,  28,
     54,  72,  48,  47,  47,  47,  47,  47,  27,  53,  72,  48,  21,  47,  92,  48,
     72,  48,  21,  47,  21,  47,  25,  48,  25,  48,  28,  54,  28,  54,  72,  48,
     72,  48,  37,  58,  37,  58,  47,  47,  86,  59,  39,  60,  93,  94,  95,  96,
     96,  97,  98,  98,  99, 100,  96, 101,  96, 102, 103, 104,  94, 105, 106, 107,
     96,  96, 100,  96, 108,  96, 109,  96, 110, 111, 101, 112, 113,  96,  96, 114,
     96,  98, 115, 115,  96, 116, 117, 118, 119, 120, 121, 122, 123, 124, 125, 126,
    127, 128, 125, 129, 125, 130,  78, 131, 132, 129, 133, 134, 125, 135, 125, 136,
    129, 129, 137, 138, 139, 119,  78, 140, 125, 125, 141, 136, 136, 142, 126, 125,
    132, 125,  98, 136, 143, 144, 145, 146,  94, 147, 100, 126, 100, 126, 148, 149,
    150, 142, 115, 129, 115, 129,  21,  47,  21,  47,  21,  47,  21,  47,  21,  47,
     21,  47,  21,  47,  21,  47,  21,  47,  21,  47,  21,  47,  21,  47,  25,  48,
     25,  48,  25,  48,  25,  48,  25,  48,  25,  48,  25,  48,  25,  48,  28,  54,
     28,  54,  72,  48,  72,  48,  72,  48,  72,  48,  72,  48,  72,  48,  72,  48,
     88,  48,  88,  48,  88,  48,  88,  48,  88,  48,  47,  47,  90,  91,  90,  91,
     90,  91,  90,  91,  90,  91,  43,  63,  43,  63,  43,  63,  43,  63,   6,   6,
      6,   6,   6, 151, 152, 153, 151, 152, 153,   5,  66,  68, 154, 155,  54,  50,
};

static const uint16_t literatamono_16_bolditalicKernRightCodepoints[] = {
    0x0020, 0x0021, 0x0022, 0x0025, 0x0026, 0x0027, 0x0029, 0x002A, 0x002B, 0x002C, 0x002D, 0x002E,
    0x002F, 0x0030, 0x0031, 0x0032, 0x0033, 0x0034, 0x0035, 0x0036, 0x0037, 0x0038, 0x0039, 0x003A,
    0x003B, 0x003D, 0x003F, 0x0040, 0x0041, 0x0043, 0x0047, 0x0048, 0x0049, 0x004A, 0x004D, 0x004E,
    0x004F, 0x0050, 0x0051, 0x0053, 0x0054, 0x0055, 0x0056, 0x0057, 0x0058, 0x0059, 0x005A, 0x005C,
    0x005D, 0x0061, 0x0062, 0x0063, 0x0064, 0x0065, 0x0066, 0x0067, 0x0068, 0x0069, 0x006A, 0x006B,
    0x006C, 0x006D, 0x006E, 0x006F, 0x0070, 0x0071, 0x0072, 0x0073, 0x0074, 0x0075, 0x0076, 0x0077,
    0x0078, 0x0079, 0x007A, 0x00AB, 0x00AD, 0x00B0, 0x00B2, 0x00B3, 0x00B7, 0x00B9, 0x00BB, 0x00BF,
    0x00C0, 0x00C1, 0x00C2, 0x00C3, 0x00C4, 0x00C5, 0x00C6, 0x00C7, 0x00CC, 0x00CD, 0x00CE, 0x00CF,
    0x00D1, 0x00D2, 0x00D3, 0x00D4, 0x00D5, 0x00D6, 0x00D7, 0x00D8, 0x00D9, 0x00DA, 0x00DB, 0x00DC,
    0x00DD, 0x00DE, 0x00DF, 0x00E0, 0x00E1, 0x00E2, 0x00E3, 0x00E4, 0x00E5, 0x00E6, 0x00E7, 0x00E8,
    0x00E9, 0x00EA, 0x00EB, 0x00EC, 0x00ED, 0x00EE, 0x00EF, 0x00F0, 0x00F1, 0x00F2, 0x00F3, 0x00F4,
    0x00F5, 0x00F6, 0x00F8, 0x00F9, 0x00FA, 0x00FB, 0x00FC, 0x00FD, 0x00FE, 0x00FF, 0x0100, 0x0101,
    0x0102, 0x0103, 0x0104, 0x0105, 0x0106, 0x0107, 0x0108, 0x0109, 0x010A, 0x010B, 0x010C, 0x010D,
    0x010F, 0x0111, 0x0113, 0x0115, 0x0117, 0x0119, 0x011B, 0x011C, 0x011D, 0x011E, 0x011F, 0x0120,
    0x0121, 0x0122, 0x0123, 0x0124, 0x0125, 0x0126, 0x0127, 0x0128, 0x0129, 0x012A, 0x012B, 0x012C,
    0x012D, 0x012E, 0x012F, 0x0130, 0x0131, 0x0132, 0x0134, 0x0135, 0x0137, 0x0138, 0x013A, 0x013C,
    0x013E, 0x0140, 0x0142, 0x0143, 0x0144, 0x0145, 0x0146, 0x0147, 0x0148, 0x0149, 0x014A, 0x014B,
    0x014C, 0x014D, 0x014E, 0x014F, 0x0150, 0x0151, 0x0152, 0x0153, 0x0155, 0x0157, 0x0159, 0x015A,
    0x015B, 0x015C, 0x015D, 0x015E, 0x015F, 0x0160, 0x0161, 0x0162, 0x0163, 0x0164, 0x0165, 0x0166,
    0x0168, 0x0169, 0x016A, 0x016B, 0x016C, 0x016D, 0x016E, 0x016F, 0x0170, 0x0171, 0x0172, 0x0173,
    0x0174, 0x0175, 0x0176, 0x0177, 0x0178, 0x0179, 0x017A, 0x017B, 0x017C, 0x017D, 0x017E, 0x01A0,
    0x01A1, 0x01AF, 0x01B0, 0x01C6, 0x01C9, 0x01CA, 0x01CC, 0x01CD, 0x01CE, 0x01CF, 0x01D0, 0x01D1,
    0x01D2, 0x01D3, 0x01D4, 0x01D5, 0x01D6, 0x01D7, 0x01D8, 0x01D9, 0x01DA, 0x01DB, 0x01DC, 0x01E6,
    0x01E7, 0x01EA, 0x01EB, 0x01FA, 0x01FB, 0x01FC, 0x01FD, 0x01FE, 0x01FF, 0x0200, 0x0201, 0x0202,
    0x0203, 0x0205, 0x0207, 0x0208, 0x0209, 0x020A, 0x020B, 0x020C, 0x020D, 0x020E, 0x020F, 0x0211,
    0x0213, 0x0214, 0x0215, 0x0216, 0x0217, 0x0218, 0x0219, 0x021A, 0x021B, 0x0402, 0x0404, 0x0408,
    0x0409, 0x040B, 0x040E, 0x0410, 0x0414, 0x0416, 0x0417, 0x041B, 0x041C, 0x041E, 0x0421, 0x0422,
    0x0423, 0x0424, 0x0425, 0x0427, 0x042A, 0x042D, 0x042F, 0x0430, 0x0431, 0x0432, 0x0433, 0x0434,
    0x0435, 0x0436, 0x0437, 0x0438, 0x0439, 0x043A, 0x043B, 0x043C, 0x043D, 0x043E, 0x043F, 0x0440,
    0x0441, 0x0442, 0x0443, 0x0444, 0x0445, 0x0446, 0x0447, 0x0448, 0x0449, 0x044A, 0x044B, 0x044C,
    0x044D, 0x044E, 0x044F, 0x0451, 0x0452, 0x0453, 0x0454, 0x0455, 0x0456, 0x0457, 0x0458, 0x0459,
    0x045A, 0x045B, 0x045C, 0x045D, 0x045E, 0x045F, 0x0462, 0x046A, 0x046B, 0x0491, 0x0493, 0x0496,
    0x0497, 0x049B, 0x04A3, 0x04AE, 0x04AF, 0x04B0, 0x04B1, 0x04BB, 0x04D8, 0x04D9, 0x04E8, 0x04E9,
    0x1EA0, 0x1EA1, 0x1EA2, 0x1EA3, 0x1EA4, 0x1EA5, 0x1EA6, 0x1EA7, 0x1EA8, 0x1EA9, 0x1EAA, 0x1EAB,
    0x1EAC, 0x1EAD, 0x1EAE, 0x1EAF, 0x1EB0, 0x1EB1, 0x1EB2, 0x1EB3, 0x1EB4, 0x1EB5, 0x1EB6, 0x1EB7,
    0x1EB9, 0x1EBB, 0x1EBD, 0x1EBF, 0x1EC1, 0x1EC3, 0x1EC5, 0x1EC7, 0x1EC8, 0x1EC9, 0x1ECA, 0x1ECB,
    0x1ECC, 0x1ECD, 0x1ECE, 0x1ECF, 0x1ED0, 0x1ED1, 0x1ED2, 0x1ED3, 0x1ED4, 0x1ED5, 0x1ED6, 0x1ED7,
    0x1ED8, 0x1ED9, 0x1EDA, 0x1EDB, 0x1EDC, 0x1EDD, 0x1EDE, 0x1EDF, 0x1EE0, 0x1EE1, 0x1EE2, 0x1EE3,
    0x1EE4, 0x1EE5, 0x1EE6, 0x1EE7, 0x1EE8, 0x1EE9, 0x1EEA, 0x1EEB, 0x1EEC, 0x1EED, 0x1EEE, 0x1EEF,
    0x1EF0, 0x1EF1, 0x1EF2, 0x1EF3, 0x1EF4, 0x1EF5, 0x1EF6, 0x1EF7, 0x1EF8, 0x1EF9, 0x2010, 0x2012,
    0x2013, 0x2014, 0x2015, 0x2018, 0x2019, 0x201A, 0x201C, 0x201D, 0x201E, 0x2022, 0x2026, 0x2039,
    0x203A, 0x2070, 0x2074, 0x2075, 0x2076, 0x2077, 0x2078, 0x2079, 0x2206, 0x2212, 0xFB01, 0xFB02,
};

static const uint8_t literatamono_16_bolditalicKernRightClassIds[] = {
      1,   2,   3,   4,   5,   3,   6,   7,   8,   9,  10,  11,  12,  13,  14,  15,
     16,  17,  18,  19,  20,  21,  22,  23,  23,  24,  25,  26,  27,  28,  28,  29,
     29,  30,  31,  32,  28,  29,  28,  33,  34,  35,  36,  37,  38,  39,  40,  41,
     42,  43,  44,  45,  46,  46,  47,  48,  49,  50,  51,  49,  49,  52,  52,  53,
     54,  55,  56,  57,  58,  59,  60,  61,  62,  63,  64,  65,  10,  66,  67,  67,
     68,  67,  69,  70,  27,  71,  27,  27,  27,  27,  27,  28,  29,  29,  29,  29,
     32,  28,  28,  28,  28,  28,  72,  28,  35,  35,  35,  35,  39,  29,  73,  74,
     75,  76,  77,  78,  75,  53,  53,  79,  53,  80,  81,  82,  50,  83,  84,  85,
     52,  86,  53,  87,  88,  89,  53,  59,  59,  59,  59,  63,  90,  63,  27,  91,
     27,  92,  27,  93,  28,  53,  28,  53,  28,  53,  28,  94,  53,  53,  95,  96,
     53,  53,  97,  28,  98,  28,  98,  28,  98,  28,  98,  29,  49,  29,  49,  29,
     99,  29, 100,  29, 101,  29,  50,  29,  52,  29, 102, 103,  49,  52,  49,  49,
     49,  49, 104,  32,  52,  32,  52,  32,  52,  52,  32,  52,  28, 105,  28,  53,
     28,  53,  28,  53,  52,  52,  52,  33,  57,  33, 106,  33,  57,  33, 107, 108,
     58, 108,  58, 108,  35,  59,  35,  59,  35,  59,  35,  59,  35,  59,  35,  59,
     37,  60,  39,  63,  39,  40,  64,  40,  64,  40, 109,  28,  53,  35,  59,  53,
     49,  32,  52,  27,  53,  29, 110,  28,  53,  35,  59,  35,  59,  35,  59,  35,
     59,  35,  59,  28,  98,  28,  53,  27,  53,  27,  53,  28,  53,  27,  53,  27,
     53, 111,  53,  29, 112,  29, 113,  28, 114,  28, 115, 116,  52,  35,  59,  35,
     59,  33,  57, 108,  58, 117, 118, 119, 120, 117, 121, 122, 123, 124, 125, 120,
    126, 127, 127, 128, 121, 129, 130, 131, 132, 133, 134, 135, 136, 137, 138, 139,
    140, 141, 142, 138, 138, 143, 144, 145, 138, 146, 147, 148, 146, 149, 150, 151,
    152, 138, 153, 154, 138, 155, 138, 138, 156, 138, 157, 158, 159, 138, 160, 161,
    162, 163, 164, 165, 138, 166, 138, 138, 150, 138, 167, 168, 169, 170, 171, 124,
    172, 138, 138, 173, 174, 175, 176, 177, 127, 178, 127, 146,  27,  53,  27,  53,
     27,  79,  27,  79,  27,  79,  27,  79,  27,  79,  27,  53,  27,  53,  27,  53,
     27,  53,  27,  53,  53,  53,  53, 179, 179, 179, 179, 179,  29, 180,  29,  50,
     28,  53,  28,  53,  28, 181,  28, 182,  28, 181,  28, 183,  28, 181,  28,  53,
     28,  53,  28,  79,  28, 181,  28,  53,  35,  59,  35,  59,  35,  59,  35,  59,
     35,  59,  35,  59,  35,  59,  39,  63,  39,  63,  39,  63,  39,  63,  10,  10,
    184, 184,  10, 185, 186, 187, 188, 189, 187,   8, 190,  65,  69, 191,  67,  67,
     67,  67, 191,  67, 192, 193,  47,  47,
};

static const uint16_t literatamono_16_bolditalicKernRowOffsets[] = {
        0,    54,   107,   144,   191,   246,   271,   354,   360,   370,   376,   389,   396,   411,   417,   437,
      441,   447,   451,   455,   496,   578,   609,   672,   749,   810,   886,   911,   967,  1052,  1121,  1208,
     1277,  1357,  1435,  1521,  1599,  1692,  1747,  1833,  1918,  2002,  2070,  2155,  2226,  2233,  2290,  2351,
     2437,  2500,  2564,  2627,  2690,  2746,  2806,  2882,  2958,  3013,  3081,  3136,  3192,  3263,  3321,  3390,
     3445,  3488,  3501,  3526,  3548,  3610,  3620,  3697,  3774,  3783,  3845,  3859,  3920,  3981,  4044,  4130,
     4207,  4295,  4382,  4469,  4557,  4625,  4680,  4750,  4821,  4897,  4967,  5026,  5036,  5040,  5093,  5095,
     5096,  5099,  5109,  5114,  5129,  5174,  5212,  5227,  5244,  5280,  5297,  5313,  5322,  5348,  5382,  5428,
     5446,  5478,  5489,  5513,  5520,  5537,  5540,  5561,  5585,  5611,  5613,  5621,  5647,  5673,  5675,  5701,
     5727,  5761,  5795,  5796,  5824,  5841,  5867,  5875,  5883,  5909,  5935,  5950,  5963,  5983,  5998,  6013,
     6015,  6067,  6095,  6117,  6162,  6207,  6218,  6290,  6367,  6433,  6443,  6449,
};

static const uint8_t literatamono_16_bolditalicKernSparseCols[] = {
      8,  10,  26,  27,  30,  32,  42,  43,  44,  45,  46,  47,  48,  52,  54,  56,
     63,  70,  73,  74,  75,  76,  77,  78,  79,  80,  84,  85,  86,  87,  88,  89,
     90,  91,  92,  93,  94,  95,  96,  97, 103, 104, 105, 106, 108, 110, 113, 114,
    178, 180, 181, 182, 189, 191,  26,  28,  29,  30,  31,  32,  33,  34,  35,  36,
     37,  38,  39,  42,  44,  45,  52,  54,  61,  63,  70,  73,  74,  75,  76,  77,
     78,  79,  80,  84,  85,  86,  87,  88,  90,  91,  92,  93,  94,  95,  96, 101,
    104, 107, 108, 110, 113, 114, 178, 180, 181, 182, 191,  16,  42,  44,  45,  46,
     50,  52,  54,  73,  74,  75,  76,  77,  78,  79,  80,  84,  85,  86,  87,  88,
     90,  91,  92,  93,  94,  95,  96, 102, 104, 110, 113, 114, 178, 180, 181, 182,
     16,  18,  26,  27,  29,  32,  42,  44,  45,  47,  52,  54,  56,  70,  73,  74,
     75,  76,  77,  78,  79,  80,  84,  85,  86,  87,  88,  90,  91,  92,  93,  94,
     95,  96,  97, 101, 104, 105, 106, 110, 113, 114, 178, 180, 181, 182, 191,   2,
     16,  19,  24,  27,  33,  34,  35,  36,  38,  42,  44,  45,  52,  54,  57,  58,
     59,  60,  62,  66,  73,  74,  75,  76,  77,  78,  79,  80,  84,  85,  86,  87,
     88,  90,  91,  92,  93,  94,  95,  96, 104, 107, 110, 113, 114, 178, 180, 181,
    182, 184, 185, 187, 188, 190,  14,  15,  16,  19,  26,  30,  32,  33,  35,  36,
     37,  38,  39,  59,  60,  61,  70, 107, 120, 127, 129, 154, 172, 174, 191,   8,
     10,  11,  15,  16,  17,  18,  21,  25,  26,  27,  29,  32,  42,  43,  44,  45,
     47,  48,  49,  51,  52,  53,  54,  55,  56,  57,  58,  59,  60,  61,  62,  63,
     70,  73,  74,  75,  76,  77,  78,  79,  80,  81,  82,  83,  84,  85,  86,  87,
     88,  89,  90,  91,  92,  93,  94,  95,  96,  97,  98,  99, 100, 101, 103, 104,
    105, 106, 108, 109, 110, 111, 112, 113, 114, 115, 178, 179, 180, 181, 182, 186,
    189, 191,  13,  14,  17,  19,  20,  40,   2,   3,   6,  12,  15,  16,  18,  19,
     40,  65,  16,  17,  18,  19,  22,  40,   2,   9,  11,  13,  17,  18,  19,  21,
     22,  40,  41,  65, 183,   2,   3,   6,  19,  21,  40,  65,   2,   3,   8,  10,
     11,  13,  14,  16,  17,  19,  21,  22,  40,  71, 189,   6,  13,  16,  17,  19,
     40,   3,   8,   9,  10,  11,  12,  14,  15,  16,  17,  18,  20,  22,  23,  65,
     67,  71, 183, 189, 192,   3,  13,  19,  40,  13,  14,  15,  17,  19,  22,  13,
     14,  16,  19,  14,  15,  17,  19,  11,  26,  27,  29,  33,  34,  35,  36,  37,
     38,  39,  40,  43,  46,  48,  49,  50,  57,  58,  59,  60,  61,  62,  63,  70,
     81,  82,  83,  89,  98,  99, 100, 101, 102, 103, 107, 108, 109, 111, 112, 179,
      2,   4,   6,   9,  24,  27,  29,  33,  34,  35,  36,  38,  40,  42,  43,  44,
     45,  46,  48,  49,  50,  51,  52,  53,  54,  55,  57,  58,  59,  60,  62,  64,
     67,  73,  74,  75,  76,  77,  78,  79,  80,  81,  82,  83,  84,  85,  86,  87,
     88,  89,  90,  91,  92,  93,  94,  95,  96,  98,  99, 100, 101, 102, 103, 104,
    107, 109, 110, 111, 112, 113, 114, 115, 178, 179, 180, 181, 182, 183, 184, 185,
    187, 188,  26,  29,  33,  34,  35,  36,  37,  38,  39,  40,  43,  46,  48,  50,
     51,  53,  55,  57,  58,  59,  60,  61,  63,  70,  89, 101, 102, 103, 107, 108,
    115,  25,  26,  27,  29,  30,  32,  33,  34,  35,  36,  38,  39,  42,  43,  44,
     45,  46,  48,  50,  52,  54,  56,  57,  58,  61,  63,  70,  73,  74,  75,  76,
     77,  78,  79,  80,  84,  85,  86,  87,  88,  89,  90,  91,  92,  93,  94,  95,
     96, 101, 102, 103, 104, 105, 106, 107, 108, 110, 113, 114, 178, 180, 181, 182,
      2,   4,   5,   6,   8,  10,  11,  24,  25,  26,  29,  30,  31,  32,  33,  34,
     35,  36,  37,  38,  39,  40,  42,  43,  44,  45,  46,  47,  48,  50,  52,  54,
     56,  61,  63,  70,  73,  74,  75,  76,  77,  78,  79,  80,  84,  85,  86,  87,
     88,  90,  91,  92,  93,  94,  95,  96,  97, 101, 102, 103, 104, 105, 106, 107,
    108, 110, 113, 114, 178, 180, 181, 182, 184, 185, 187, 188, 189,  27,  29,  33,
     34,  35,  36,  38,  39,  42,  44,  45,  46,  50,  52,  54,  56,  57,  58,  59,
     60,  61,  63,  73,  74,  75,  76,  77,  78,  79,  80,  83,  84,  85,  86,  87,
     88,  90,  91,  92,  93,  94,  95,  96, 101, 102, 104, 105, 106, 107, 108, 110,
    113, 114, 178, 180, 181, 182, 184, 185, 187, 188,   4,   8,   9,  10,  11,  22,
     25,  26,  27,  30,  32,  39,  42,  44,  45,  47,  49,  51,  52,  53,  54,  55,
     56,  57,  58,  63,  64,  67,  68,  70,  73,  74,  75,  76,  77,  78,  79,  80,
     81,  82,  83,  84,  85,  86,  87,  88,  90,  91,  92,  93,  94,  95,  96,  97,
     98,  99, 100, 102, 104, 105, 106, 108, 109, 110, 111, 112, 113, 114, 115, 178,
    179, 180, 181, 182, 183, 189,   2,   4,   6,  29,  32,  33,  34,  35,  36,  37,
     38,  39,  40,  46,  56,  61,  62,  63, 101, 105, 106, 107, 108, 185, 188,  42,
     43,  44,  45,  46,  47,  48,  50,  52,  54,  56,  57,  58,  59,  60,  62,  63,
     73,  74,  75,  76,  77,  78,  79,  80,  82,  83,  84,  85,  86,  87,  88,  89,
     90,  91,  92,  93,  94,  95,  96,  97,  98, 100, 102, 103, 104, 105, 106, 108,
    110, 113, 114, 178, 180, 181, 182,   4,   8,   9,  10,  11,  25,  26,  27,  30,
     32,  39,  42,  43,  44,  45,  46,  47,  48,  49,  50,  51,  52,  53,  54,  55,
     56,  57,  58,  59,  60,  61,  62,  63,  64,  67,  68,  70,  73,  74,  75,  76,
     77,  78,  79,  80,  81,  82,  83,  84,  85,  86,  87,  88,  89,  90,  91,  92,
     93,  94,  95,  96,  97,  98,  99, 100, 102, 103, 104, 105, 106, 108, 109, 110,
    111, 112, 113, 114, 115, 178, 179, 180, 181, 182, 183, 189,   4,   6,   9,  24,
     27,  33,  34,  42,  44,  45,  46,  49,  50,  51,  52,  53,  54,  55,  57,  58,
     59,  60,  62,  64,  67,  73,  74,  75,  76,  77,  78,  79,  80,  81,  82,  83,
     84,  85,  86,  87,  88,  90,  91,  92,  93,  94,  95,  96,  98,  99, 102, 104,
    107, 109, 110, 111, 112, 113, 114, 115, 178, 180, 181, 182, 183, 184, 185, 187,
    188,   2,   6,  24,  27,  29,  30,  32,  33,  34,  35,  36,  38,  39,  40,  42,
     43,  44,  45,  46,  48,  49,  50,  51,  52,  53,  54,  55,  56,  57,  58,  59,
     60,  61,  62,  63,  67,  73,  74,  75,  76,  77,  78,  79,  80,  81,  82,  83,
     84,  85,  86,  87,  88,  89,  90,  91,  92,  93,  94,  95,  96,  98,  99, 100,
    101, 102, 103, 104, 105, 106, 107, 108, 109, 110, 111, 112, 113, 114, 115, 178,
    179, 180, 181, 182, 184, 185, 187, 188,   2,   4,   6,  24,  27,  29,  33,  34,
     35,  36,  38,  42,  44,  45,  46,  49,  50,  52,  54,  57,  58,  59,  60,  62,
     67,  73,  74,  75,  76,  77,  78,  79,  80,  81,  82,  83,  84,  85,  86,  87,
     88,  89,  90,  91,  92,  93,  94,  95,  96,  98,  99, 100, 101, 102, 104, 107,
    109, 110, 111, 112, 113, 114, 178, 179, 180, 181, 182, 184, 187,   4,   8,  10,
     11,  25,  26,  27,  32,  39,  42,  43,  44,  45,  46,  47,  48,  49,  50,  51,
     52,  53,  54,  55,  56,  57,  58,  59,  60,  61,  62,  63,  68,  70,  73,  74,
     75,  76,  77,  78,  79,  80,  81,  82,  83,  84,  85,  86,  87,  88,  89,  90,
     91,  92,  93,  94,  95,  96,  97,  98,  99, 100, 102, 103, 104, 105, 106, 108,
    109, 110, 111, 112, 113, 114, 115, 178, 179, 180, 181, 182, 189,   2,   4,   5,
      6,   8,  10,  11,  24,  25,  26,  29,  30,  31,  32,  33,  34,  35,  36,  37,
     38,  39,  40,  42,  43,  44,  45,  46,  47,  48,  50,  52,  54,  56,  61,  63,
     70,  73,  74,  75,  76,  77,  78,  79,  80,  84,  85,  86,  87,  88,  89,  90,
     91,  92,  93,  94,  95,  96,  97, 101, 102, 103, 104, 105, 106, 107, 108, 110,
    113, 114, 178, 180, 181, 182, 184, 185, 187, 188, 189,   4,   8,   9,  10,  11,
     25,  26,  27,  28,  29,  30,  32,  35,  37,  38,  39,  42,  43,  44,  45,  47,
     48,  49,  51,  52,  53,  54,  55,  56,  57,  58,  59,  60,  61,  62,  63,  64,
     70,  73,  74,  75,  76,  77,  78,  79,  80,  81,  82,  83,  84,  85,  86,  87,
     88,  89,  90,  91,  92,  93,  94,  95,  96,  97,  98,  99, 100, 101, 103, 104,
    105, 106, 108, 109, 110, 111, 112, 113, 114, 115, 178, 179, 180, 181, 182, 183,
    189,   2,   4,   5,   6,   8,  10,  11,  24,  25,  26,  29,  30,  31,  32,  33,
     34,  35,  36,  37,  38,  39,  40,  41,  42,  43,  44,  45,  46,  47,  48,  50,
     52,  54,  56,  61,  63,  70,  73,  74,  75,  76,  77,  78,  79,  80,  84,  85,
     86,  87,  88,  90,  91,  92,  93,  94,  95,  96,  97, 101, 102, 103, 104, 105,
    106, 107, 108, 110, 113, 114, 178, 180, 181, 182, 184, 185, 187, 188, 189,   2,
      4,   6,   9,  24,  25,  27,  29,  32,  33,  34,  35,  36,  38,  39,  40,  41,
     42,  43,  44,  45,  46,  47,  48,  49,  50,  51,  52,  53,  54,  55,  56,  57,
     58,  59,  60,  62,  63,  64,  67,  73,  74,  75,  76,  77,  78,  79,  80,  81,
     82,  83,  84,  85,  86,  87,  88,  89,  90,  91,  92,  93,  94,  95,  96,  97,
     98,  99, 100, 101, 102, 103, 104, 105, 106, 107, 108, 109, 110, 111, 112, 113,
    114, 115, 178, 179, 180, 181, 182, 183, 184, 185, 187, 188,   2,   4,   6,   8,
     10,  11,  26,  28,  29,  30,  32,  33,  34,  35,  36,  37,  38,  39,  43,  46,
     48,  49,  50,  51,  53,  55,  56,  57,  58,  59,  60,  61,  62,  63,  70,  81,
     82,  83,  89,  98,  99, 100, 101, 102, 103, 105, 106, 107, 108, 109, 111, 112,
    115, 179, 189,   4,   8,   9,  10,  11,  22,  25,  26,  27,  30,  32,  39,  42,
     43,  44,  45,  46,  47,  48,  49,  50,  51,  52,  53,  54,  55,  56,  57,  58,
     59,  60,  61,  62,  63,  64,  67,  68,  70,  73,  74,  75,  76,  77,  78,  79,
     80,  81,  82,  83,  84,  85,  86,  87,  88,  89,  90,  91,  92,  93,  94,  95,
     96,  97,  98,  99, 100, 102, 103, 104, 105, 106, 108, 109, 110, 111, 112, 113,
    114, 115, 178, 179, 180, 181, 182, 183, 189,   4,   8,   9,  10,  11,  22,  25,
     26,  27,  30,  32,  39,  42,  43,  44,  45,  46,  47,  48,  49,  51,  52,  53,
     54,  55,  56,  57,  58,  59,  60,  61,  62,  63,  64,  67,  68,  70,  73,  74,
     75,  76,  77,  78,  79,  80,  81,  82,  83,  84,  85,  86,  87,  88,  89,  90,
     91,  92,  93,  94,  95,  96,  97,  98,  99, 100, 102, 103, 104, 105, 106, 108,
    109, 110, 111, 112, 113, 114, 115, 178, 179, 180, 181, 182, 183, 189,   4,   8,
      9,  10,  11,  22,  25,  26,  27,  32,  42,  43,  44,  45,  46,  47,  48,  49,
     50,  51,  52,  53,  54,  55,  56,  57,  58,  59,  60,  61,  62,  63,  64,  67,
     68,  70,  73,  74,  75,  76,  77,  78,  79,  80,  81,  82,  83,  84,  85,  86,
     87,  88,  89,  90,  91,  92,  93,  94,  95,  96,  97,  98,  99, 100, 102, 103,
    104, 105, 106, 108, 109, 110, 111, 112, 113, 114, 115, 178, 179, 180, 181, 182,
    183, 189,   4,   6,   9,  25,  27,  33,  34,  42,  44,  45,  47,  49,  50,  51,
     52,  53,  54,  55,  57,  58,  59,  60,  62,  64,  67,  73,  74,  75,  76,  77,
     78,  79,  80,  81,  82,  83,  84,  85,  86,  87,  88,  90,  91,  92,  93,  94,
     95,  96,  97,  98,  99, 100, 102, 104, 107, 109, 110, 111, 112, 113, 114, 115,
    178, 179, 180, 181, 182, 183,   4,   8,   9,  10,  11,  22,  25,  26,  27,  30,
     32,  42,  43,  44,  45,  46,  47,  48,  49,  50,  51,  52,  53,  54,  55,  56,
     57,  58,  59,  60,  61,  62,  63,  64,  67,  68,  70,  73,  74,  75,  76,  77,
     78,  79,  80,  81,  82,  83,  84,  85,  86,  87,  88,  89,  90,  91,  92,  93,
     94,  95,  96,  97,  98,  99, 100, 102, 103, 104, 105, 106, 108, 109, 110, 111,
    112, 113, 114, 115, 178, 179, 180, 181, 182, 183, 189,   4,   6,  27,  29,  32,
     33,  34,  35,  36,  38,  39,  42,  44,  45,  46,  49,  50,  51,  52,  53,  54,
     55,  57,  58,  59,  60,  61,  62,  64,  73,  74,  75,  76,  77,  78,  79,  80,
     81,  82,  83,  84,  85,  86,  87,  88,  90,  91,  92,  93,  94,  95,  96,  98,
     99, 100, 101, 102, 104, 107, 109, 110, 111, 112, 113, 114, 115, 178, 179, 180,
    181, 182,  43,  46,  48,  50,  89, 102, 103,  12,  16,  18,  19,  21,  27,  32,
     33,  34,  35,  36,  38,  40,  42,  43,  44,  45,  46,  48,  50,  52,  54,  58,
     59,  60,  73,  74,  75,  76,  77,  78,  79,  80,  84,  85,  86,  87,  88,  89,
     90,  91,  92,  93,  94,  95,  96, 102, 103, 104, 107, 110, 113, 114, 178, 180,
    181, 182,   0,   2,   4,   6,  24,  33,  40,  42,  43,  44,  45,  46,  48,  50,
     52,  53,  54,  57,  58,  59,  60,  62,  63,  64,  73,  74,  75,  76,  77,  78,
     79,  80,  84,  85,  86,  87,  88,  89,  90,  91,  92,  93,  94,  95,  96, 102,
    103, 104, 107, 108, 110, 113, 114, 178, 180, 181, 182, 184, 185, 187, 188,   2,
      4,   5,   6,   8,  10,  11,  24,  25,  33,  40,  42,  43,  44,  45,  46,  47,
     48,  49,  50,  51,  52,  53,  54,  55,  56,  57,  58,  59,  60,  61,  62,  63,
     72,  73,  74,  75,  76,  77,  78,  79,  80,  81,  82,  83,  84,  85,  86,  87,
     88,  89,  90,  91,  92,  93,  94,  95,  96,  97,  98,  99, 100, 102, 103, 104,
    105, 106, 107, 108, 109, 110, 111, 112, 113, 114, 115, 178, 179, 180, 181, 182,
    184, 185, 187, 188, 189,   2,   4,   6,   8,  10,  11,  24,  25,  40,  42,  43,
     44,  45,  46,  47,  48,  52,  54,  56,  57,  59,  60,  61,  63,  73,  74,  75,
     76,  77,  78,  79,  80,  84,  85,  86,  87,  88,  89,  90,  91,  92,  93,  94,
     95,  96,  97, 103, 104, 105, 106, 108, 110, 113, 114, 178, 180, 181, 182, 184,
    185, 187, 188, 189,   2,   4,   6,   7,   8,   9,  10,  22,  23,  24,  42,  43,
     44,  45,  46,  48,  50,  52,  54,  57,  58,  59,  60,  62,  64,  67,  68,  73,
     74,  75,  76,  77,  78,  79,  80,  84,  85,  86,  87,  88,  89,  90,  91,  92,
     93,  94,  95,  96, 102, 103, 104, 110, 113, 114, 178, 180, 181, 182, 183, 184,
    185, 187, 188, 189,   2,   4,   6,   8,  10,  11,  24,  25,  33,  40,  42,  43,
     44,  45,  46,  47,  48,  52,  54,  56,  57,  61,  63,  73,  74,  75,  76,  77,
     78,  79,  80,  84,  85,  86,  87,  88,  89,  90,  91,  92,  93,  94,  95,  96,
     97, 103, 104, 105, 106, 107, 108, 110, 113, 114, 178, 180, 181, 182, 184, 185,
    187, 188, 189,   1,   2,   4,   5,   6,   8,   9,  10,  11,  24,  25,  40,  41,
     42,  44,  45,  47,  52,  54,  56,  61,  63,  64,  67,  68,  73,  74,  75,  76,
     77,  78,  79,  80,  84,  85,  86,  87,  88,  90,  91,  92,  93,  94,  95,  96,
     97, 104, 105, 106, 108, 110, 113, 114, 178, 180, 181, 182, 183, 184, 185, 187,
    188, 189,   2,   4,   6,  24,  25,  40,  42,  43,  44,  45,  46,  48,  52,  54,
     56,  57,  58,  61,  63,  73,  74,  75,  76,  77,  78,  79,  80,  84,  85,  86,
     87,  88,  89,  90,  91,  92,  93,  94,  95,  96, 103, 104, 105, 106, 108, 110,
    113, 114, 178, 180, 181, 182, 184, 185, 187, 188,   2,   6,  24,  27,  29,  33,
     34,  35,  36,  38,  40,  42,  43,  44,  45,  46,  48,  52,  54,  57,  58,  59,
     60,  62,  73,  74,  75,  76,  77,  78,  79,  80,  84,  85,  86,  87,  88,  89,
     90,  91,  92,  93,  94,  95,  96, 101, 103, 104, 107, 110, 113, 114, 178, 180,
    181, 182, 184, 185, 187, 188,   4,   6,  24,  25,  40,  42,  43,  44,  45,  46,
     47,  48,  49,  51,  52,  53,  54,  55,  56,  57,  58,  59,  60,  61,  62,  63,
     72,  73,  74,  75,  76,  77,  78,  79,  80,  81,  82,  83,  84,  85,  86,  87,
     88,  89,  90,  91,  92,  93,  94,  95,  96,  97,  98,  99, 100, 103, 104, 105,
    106, 108, 109, 110, 111, 112, 113, 114, 115, 178, 179, 180, 181, 182, 184, 185,
    187, 188,   2,   4,   6,   9,  24,  25,  40,  42,  43,  44,  45,  46,  47,  48,
     49,  50,  51,  52,  53,  54,  55,  57,  58,  59,  60,  62,  64,  67,  73,  74,
     75,  76,  77,  78,  79,  80,  81,  82,  83,  84,  85,  86,  87,  88,  89,  90,
     91,  92,  93,  94,  95,  96,  97,  98,  99, 100, 102, 103, 104, 109, 110, 111,
    112, 113, 114, 115, 178, 179, 180, 181, 182, 183, 184, 185, 187, 188,   2,   4,
      5,   6,  24,  40,  41,  42,  43,  44,  45,  48,  52,  54,  56,  58,  59,  60,
     61,  63,  73,  74,  75,  76,  77,  78,  79,  80,  84,  85,  86,  87,  88,  89,
     90,  91,  92,  93,  94,  95,  96, 103, 104, 105, 106, 108, 110, 113, 114, 178,
    180, 181, 182, 185, 188,   2,   4,   5,   8,   9,  10,  11,  22,  25,  40,  41,
     42,  43,  44,  45,  46,  47,  48,  52,  54,  56,  57,  61,  63,  64,  67,  68,
     72,  73,  74,  75,  76,  77,  78,  79,  80,  84,  85,  86,  87,  88,  89,  90,
     91,  92,  93,  94,  95,  96,  97, 103, 104, 105, 106, 108, 110, 113, 114, 178,
    180, 181, 182, 183, 184, 185, 187, 188, 189,   2,   4,   6,  24,  25,  40,  42,
     43,  44,  45,  46,  48,  52,  54,  56,  57,  61,  63,  73,  74,  75,  76,  77,
     78,  79,  80,  84,  85,  86,  87,  88,  89,  90,  91,  92,  93,  94,  95,  96,
    103, 104, 105, 106, 108, 110, 113, 114, 178, 180, 181, 182, 184, 185, 187, 188,
      4,  24,  25,  42,  43,  44,  45,  46,  47,  48,  50,  52,  54,  57,  58,  59,
     60,  63,  67,  73,  74,  75,  76,  77,  78,  79,  80,  84,  85,  86,  87,  88,
     89,  90,  91,  92,  93,  94,  95,  96,  97, 102, 103, 104, 108, 110, 113, 114,
    178, 180, 181, 182, 184, 185, 187, 188,   2,   4,   5,   6,   8,   9,  10,  11,
     22,  24,  25,  40,  41,  42,  43,  44,  45,  46,  47,  48,  50,  52,  54,  56,
     57,  59,  60,  61,  63,  64,  68,  72,  73,  74,  75,  76,  77,  78,  79,  80,
     84,  85,  86,  87,  88,  89,  90,  91,  92,  93,  94,  95,  96,  97, 102, 103,
    104, 105, 106, 108, 110, 113, 114, 178, 180, 181, 182, 183, 184, 187, 189,   2,
      4,   6,   9,  11,  25,  40,  42,  43,  44,  45,  46,  47,  48,  52,  54,  57,
     58,  63,  64,  67,  73,  74,  75,  76,  77,  78,  79,  80,  84,  85,  86,  87,
     88,  89,  90,  91,  92,  93,  94,  95,  96,  97, 103, 104, 108, 110, 113, 114,
    178, 180, 181, 182, 183, 184, 185, 187, 188,   2,   4,   5,   6,   8,   9,  10,
     11,  22,  25,  40,  41,  42,  43,  44,  45,  46,  47,  48,  50,  52,  54,  56,
     58,  61,  63,  64,  67,  68,  72,  73,  74,  75,  76,  77,  78,  79,  80,  84,
     85,  86,  87,  88,  89,  90,  91,  92,  93,  94,  95,  96,  97, 102, 103, 104,
    105, 106, 108, 110, 113, 114, 178, 180, 181, 182, 183, 184, 187, 189,   2,   4,
      6,  40,  42,  43,  44,  45,  46,  47,  48,  52,  54,  56,  59,  60,  61,  63,
     72,  73,  74,  75,  76,  77,  78,  79,  80,  84,  85,  86,  87,  88,  89,  90,
     91,  92,  93,  94,  95,  96,  97, 103, 104, 105, 106, 108, 110, 113, 114, 178,
    180, 181, 182, 184, 187,  27,  33,  35,  36,  38,  42,  43,  44,  45,  48,  52,
     54,  73,  74,  75,  76,  77,  78,  79,  80,  84,  85,  86,  87,  88,  89,  90,
     91,  92,  93,  94,  95,  96, 103, 104, 107, 110, 113, 114, 178, 180, 181, 182,
     33,  34,  35,  36,  38,  61, 107, 120, 122, 127, 130, 172, 174,  14,  15,  16,
     17,  19,  21,  26,  30,  33,  35,  36,  37,  38,  39,  43,  46,  48,  61,  63,
     70,  72,  89, 103, 107, 108,   8,  10,  26,  29,  32,  33,  34,  35,  36,  37,
     38,  39,  57,  59,  60,  61,  62,  69,  70, 101, 107, 189,  27,  32,  33,  34,
     35,  36,  38,  42,  43,  44,  45,  48,  51,  52,  53,  54,  55,  56,  57,  58,
     59,  60,  64,  68,  73,  74,  75,  76,  77,  78,  79,  80,  84,  85,  86,  87,
     88,  89,  90,  91,  92,  93,  94,  95,  96, 103, 104, 105, 106, 107, 110, 113,
    114, 115, 178, 180, 181, 182, 184, 185, 187, 188,   6,  27,  29,  33,  34,  35,
     36,  38, 101, 107,   2,   4,   5,   6,   8,  10,  11,  24,  25,  26,  29,  30,
     31,  32,  33,  34,  35,  36,  37,  38,  39,  40,  42,  43,  44,  45,  46,  47,
     48,  50,  52,  54,  56,  61,  63,  70,  73,  74,  75,  76,  77,  78,  79,  80,
     84,  85,  86,  87,  88,  90,  91,  92,  93,  94,  95,  96,  97, 101, 102, 103,
    104, 105, 106, 107, 108, 110, 113, 114, 178, 180, 181, 182, 184, 185, 187, 188,
    189,   2,   4,   5,   6,   8,  10,  11,  24,  25,  26,  29,  30,  31,  32,  33,
     34,  35,  36,  37,  38,  39,  40,  42,  43,  44,  45,  46,  47,  48,  50,  52,
     54,  56,  61,  63,  70,  73,  74,  75,  76,  77,  78,  79,  80,  84,  85,  86,
     87,  88,  90,  91,  92,  93,  94,  95,  96,  97, 101, 102, 103, 104, 105, 106,
    107, 108, 110, 113, 114, 178, 180, 181, 182, 184, 185, 187, 188, 189,  13,  14,
     15,  16,  17,  18,  19,  20,  21,   6,  11,  26,  27,  29,  33,  34,  35,  36,
     37,  38,  39,  42,  43,  44,  45,  47,  48,  52,  54,  56,  61,  63,  70,  73,
     74,  75,  76,  77,  78,  79,  80,  84,  85,  86,  87,  88,  89,  90,  91,  92,
     93,  94,  95,  96,  97, 101, 103, 104, 105, 106, 107, 108, 110, 113, 114, 178,
    180, 181, 182, 185, 188,  46,  50,  56,  57,  58,  59,  60,  61,  62,  63, 102,
    105, 106, 108,   0,   2,   4,   6,  24,  33,  40,  42,  43,  44,  45,  46,  48,
     50,  52,  53,  54,  57,  58,  59,  60,  62,  63,  64,  73,  74,  75,  76,  77,
     78,  79,  80,  84,  85,  86,  87,  88,  89,  90,  91,  92,  93,  94,  95,  96,
    102, 103, 104, 107, 108, 110, 113, 114, 178, 180, 181, 182, 184, 185, 187, 188,
      0,   2,   4,   6,  24,  33,  40,  42,  43,  44,  45,  46,  48,  50,  52,  53,
     54,  57,  58,  59,  60,  62,  63,  64,  73,  74,  75,  76,  77,  78,  79,  80,
     84,  85,  86,  87,  88,  89,  90,  91,  92,  93,  94,  95,  96, 102, 103, 104,
    107, 108, 110, 113, 114, 178, 180, 181, 182, 184, 185, 187, 188,   2,   4,   6,
      8,  10,  11,  24,  25,  33,  40,  42,  43,  44,  45,  46,  47,  48,  52,  54,
     56,  57,  61,  63,  73,  74,  75,  76,  77,  78,  79,  80,  84,  85,  86,  87,
     88,  89,  90,  91,  92,  93,  94,  95,  96,  97, 103, 104, 105, 106, 107, 108,
    110, 113, 114, 178, 180, 181, 182, 184, 185, 187, 188, 189,   2,   4,   5,   6,
      8,  10,  11,  24,  25,  33,  40,  42,  43,  44,  45,  46,  47,  48,  49,  50,
     51,  52,  53,  54,  55,  56,  57,  58,  59,  60,  61,  62,  63,  72,  73,  74,
     75,  76,  77,  78,  79,  80,  81,  82,  83,  84,  85,  86,  87,  88,  89,  90,
     91,  92,  93,  94,  95,  96,  97,  98,  99, 100, 102, 103, 104, 105, 106, 107,
    108, 109, 110, 111, 112, 113, 114, 115, 178, 179, 180, 181, 182, 184, 185, 187,
    188, 189,   2,   4,   5,   6,   8,  10,  11,  24,  25,  26,  29,  30,  31,  32,
     33,  34,  35,  36,  37,  38,  39,  40,  42,  43,  44,  45,  46,  47,  48,  50,
     52,  54,  56,  61,  63,  70,  73,  74,  75,  76,  77,  78,  79,  80,  84,  85,
     86,  87,  88,  90,  91,  92,  93,  94,  95,  96,  97, 101, 102, 103, 104, 105,
    106, 107, 108, 110, 113, 114, 178, 180, 181, 182, 184, 185, 187, 188, 189,   2,
      4,   6,   7,   8,   9,  10,  11,  22,  23,  24,  42,  43,  44,  45,  46,  47,
     48,  49,  50,  51,  52,  53,  54,  55,  56,  57,  58,  59,  60,  61,  62,  63,
     64,  67,  68,  73,  74,  75,  76,  77,  78,  79,  80,  81,  82,  83,  84,  85,
     86,  87,  88,  89,  90,  91,  92,  93,  94,  95,  96,  97,  98,  99, 100, 102,
    103, 104, 105, 106, 108, 109, 110, 111, 112, 113, 114, 115, 178, 179, 180, 181,
    182, 183, 184, 185, 187, 188, 189,   2,   6,  24,  27,  29,  30,  32,  33,  34,
     35,  36,  38,  39,  40,  42,  43,  44,  45,  46,  48,  49,  50,  51,  52,  53,
     54,  55,  56,  57,  58,  59,  60,  61,  62,  63,  67,  73,  74,  75,  76,  77,
     78,  79,  80,  81,  82,  83,  84,  85,  86,  87,  88,  89,  90,  91,  92,  93,
     94,  95,  96,  98,  99, 100, 101, 102, 103, 104, 105, 106, 107, 108, 109, 110,
    111, 112, 113, 114, 115, 178, 179, 180, 181, 182, 184, 185, 187, 188,   2,   6,
     24,  27,  29,  30,  32,  33,  34,  35,  36,  38,  39,  40,  42,  43,  44,  45,
     46,  48,  49,  50,  51,  52,  53,  54,  55,  56,  57,  58,  59,  60,  61,  62,
     63,  67,  73,  74,  75,  76,  77,  78,  79,  80,  81,  82,  83,  84,  85,  86,
     87,  88,  89,  90,  91,  92,  93,  94,  95,  96,  98,  99, 100, 101, 102, 103,
    104, 105, 106, 107, 108, 109, 110, 111, 112, 113, 114, 115, 178, 179, 180, 181,
    182, 184, 185, 187, 188,   2,   4,   6,   7,   8,   9,  10,  11,  22,  23,  24,
     42,  43,  44,  45,  46,  47,  48,  49,  50,  51,  52,  53,  54,  55,  56,  57,
     58,  59,  60,  61,  62,  63,  64,  67,  68,  73,  74,  75,  76,  77,  78,  79,
     80,  81,  82,  83,  84,  85,  86,  87,  88,  89,  90,  91,  92,  93,  94,  95,
     96,  97,  98,  99, 100, 102, 103, 104, 105, 106, 108, 109, 110, 111, 112, 113,
    114, 115, 178, 179, 180, 181, 182, 183, 184, 185, 187, 188, 189,   2,   4,   6,
      7,   8,   9,  10,  22,  23,  24,  42,  43,  44,  45,  46,  48,  50,  51,  52,
     53,  54,  55,  57,  58,  59,  60,  62,  64,  67,  68,  73,  74,  75,  76,  77,
     78,  79,  80,  84,  85,  86,  87,  88,  89,  90,  91,  92,  93,  94,  95,  96,
    102, 103, 104, 110, 113, 114, 115, 178, 180, 181, 182, 183, 184, 185, 187, 188,
    189,   2,   4,   6,   8,  10,  11,  26,  28,  29,  30,  32,  33,  34,  35,  36,
     37,  38,  39,  43,  46,  48,  49,  50,  51,  53,  55,  56,  57,  58,  59,  60,
     61,  62,  63,  70,  81,  82,  83,  89,  98,  99, 100, 101, 102, 103, 105, 106,
    107, 108, 109, 111, 112, 115, 179, 189,   4,   6,   8,   9,  10,  11,  24,  25,
     42,  43,  44,  45,  46,  47,  48,  51,  52,  53,  54,  55,  56,  57,  58,  59,
     60,  63,  64,  67,  68,  73,  74,  75,  76,  77,  78,  79,  80,  84,  85,  86,
     87,  88,  89,  90,  91,  92,  93,  94,  95,  96,  97, 103, 104, 105, 106, 108,
    110, 113, 114, 115, 178, 180, 181, 182, 183, 184, 185, 187, 188, 189,   8,   9,
     10,  11,  26,  27,  30,  32,  35,  38,  39,  42,  43,  44,  45,  46,  47,  48,
     51,  52,  53,  54,  55,  56,  57,  58,  59,  60,  61,  62,  63,  64,  68,  70,
     73,  74,  75,  76,  77,  78,  79,  80,  84,  85,  86,  87,  88,  89,  90,  91,
     92,  93,  94,  95,  96,  97, 103, 104, 105, 106, 108, 110, 113, 114, 115, 178,
    180, 181, 182, 183, 189,   8,   9,  10,  11,  22,  24,  25,  40,  42,  44,  45,
     47,  49,  51,  52,  53,  54,  55,  56,  58,  59,  60,  61,  62,  63,  64,  68,
     73,  74,  75,  76,  77,  78,  79,  80,  81,  82,  83,  84,  85,  86,  87,  88,
     90,  91,  92,  93,  94,  95,  96,  97,  98,  99, 100, 104, 105, 106, 108, 109,
    110, 111, 112, 113, 114, 115, 178, 179, 180, 181, 182, 183, 184, 185, 187, 188,
    189,   6,   8,   9,  10,  11,  22,  24,  26,  27,  30,  32,  35,  39,  42,  44,
     45,  46,  47,  51,  52,  53,  54,  55,  56,  57,  58,  59,  60,  61,  62,  63,
     64,  65,  68,  70,  73,  74,  75,  76,  77,  78,  79,  80,  84,  85,  86,  87,
     88,  90,  91,  92,  93,  94,  95,  96,  97, 104, 105, 106, 108, 110, 113, 114,
    115, 178, 180, 181, 182, 183, 189,   4,   8,   9,  10,  11,  22,  24,  25,  42,
     44,  45,  47,  51,  52,  53,  54,  55,  56,  58,  59,  60,  63,  64,  68,  73,
     74,  75,  76,  77,  78,  79,  80,  84,  85,  86,  87,  88,  90,  91,  92,  93,
     94,  95,  96,  97, 104, 105, 106, 108, 110, 113, 114, 115, 178, 180, 181, 182,
    183, 189,   6,  27,  29,  33,  34,  35,  36,  38, 101, 107, 120, 130, 172, 174,
      8,   9,  10,  22,  68, 117, 119, 121, 122, 123, 124, 125, 126, 128, 130, 132,
    133, 134, 135, 136, 137, 138, 139, 141, 142, 143, 144, 145, 146, 147, 148, 149,
    150, 151, 152, 153, 154, 155, 156, 157, 159, 160, 161, 162, 164, 167, 169, 170,
    173, 175, 177, 183, 189, 121, 125, 132, 119, 121, 124,   9, 116, 120, 127, 130,
    131, 166, 172, 174, 183, 120, 128, 130, 172, 174, 117, 120, 121, 126, 127, 128,
    130, 131, 134, 135, 149, 152, 154, 172, 174,   8,  10,  22,  68, 116, 117, 119,
    121, 122, 123, 126, 127, 128, 131, 132, 133, 134, 136, 137, 138, 140, 141, 142,
    143, 144, 146, 147, 149, 151, 152, 153, 154, 155, 156, 160, 161, 162, 164, 166,
    167, 168, 169, 170, 171, 189, 116, 117, 118, 119, 120, 123, 126, 127, 128, 130,
    131, 132, 133, 134, 136, 137, 138, 141, 142, 144, 146, 149, 152, 153, 154, 155,
    156, 158, 161, 162, 165, 166, 167, 169, 170, 172, 174, 176,   8,  10, 116, 120,
    121, 122, 127, 129, 130, 131, 154, 166, 172, 174, 189,   8,  10, 120, 130, 136,
    137, 142, 144, 146, 153, 161, 162, 169, 170, 172, 174, 189,  68, 116, 117, 120,
    121, 124, 125, 126, 127, 128, 130, 131, 134, 136, 137, 138, 140, 142, 144, 146,
    149, 151, 152, 153, 154, 155, 156, 161, 162, 166, 168, 169, 170, 171, 172, 174,
    116, 117, 120, 121, 126, 127, 128, 130, 131, 134, 135, 149, 152, 154, 166, 172,
    174,   8,  10, 116, 118, 120, 121, 122, 123, 129, 130, 131, 166, 167, 172, 174,
    189, 116, 120, 127, 128, 130, 131, 166, 172, 174,   8,  10, 116, 119, 120, 121,
    122, 123, 124, 127, 129, 130, 131, 132, 133, 143, 144, 149, 152, 156, 164, 166,
    167, 172, 174, 189,   8,  10,  68, 116, 119, 120, 121, 122, 123, 127, 131, 133,
    134, 136, 137, 138, 141, 142, 143, 144, 146, 153, 155, 156, 161, 162, 164, 166,
    167, 169, 170, 172, 174, 189,   8,   9,  10,  22,  68, 117, 119, 121, 122, 123,
    125, 126, 133, 134, 135, 136, 137, 138, 139, 140, 141, 142, 143, 144, 145, 146,
    150, 151, 153, 154, 155, 156, 157, 159, 160, 161, 162, 164, 167, 168, 169, 170,
    171, 177, 183, 189, 116, 117, 119, 120, 121, 122, 123, 124, 126, 129, 131, 133,
    143, 164, 166, 167, 172, 174,   9, 116, 117, 120, 124, 126, 128, 130, 131, 134,
    135, 136, 137, 138, 141, 142, 144, 146, 149, 152, 153, 154, 155, 156, 161, 162,
    166, 169, 170, 172, 174, 183,   9, 116, 119, 120, 127, 130, 131, 166, 172, 174,
    183, 116, 119, 120, 121, 122, 123, 124, 127, 129, 130, 131, 132, 133, 143, 144,
    149, 152, 156, 164, 166, 167, 172, 174, 189, 149, 152, 154, 158, 163, 165, 176,
      8,  10,  68, 136, 137, 142, 143, 144, 146, 153, 156, 161, 162, 164, 169, 170,
    189,  68, 141, 155,   8,  10, 134, 135, 136, 138, 140, 141, 143, 155, 156, 158,
    160, 164, 165, 168, 169, 170, 171, 176, 189,   8,  10,  68, 134, 136, 137, 140,
    141, 142, 143, 144, 146, 153, 155, 156, 160, 161, 162, 164, 168, 169, 170, 171,
    189,   8,  10, 134, 136, 137, 140, 141, 142, 143, 144, 146, 153, 155, 156, 158,
    160, 161, 162, 164, 165, 168, 169, 170, 171, 176, 189, 138, 152,   8,  10,  68,
    156, 158, 165, 176, 189,   8,  10, 136, 137, 139, 142, 144, 145, 146, 149, 150,
    152, 153, 154, 157, 158, 159, 161, 162, 163, 165, 169, 170, 176, 177, 189,   8,
     10, 136, 137, 139, 142, 144, 145, 146, 149, 150, 152, 153, 154, 157, 158, 159,
    161, 162, 163, 165, 169, 170, 176, 177, 189, 138, 152,   8,  10, 136, 137, 139,
    142, 144, 145, 146, 149, 150, 152, 153, 154, 157, 158, 159, 161, 162, 163, 165,
    169, 170, 176, 177, 189,   8,  10, 136, 137, 139, 142, 144, 145, 146, 149, 150,
    152, 153, 154, 157, 158, 159, 161, 162, 163, 165, 169, 170, 176, 177, 189,   8,
     10, 136, 137, 139, 140, 141, 142, 143, 144, 145, 146, 150, 151, 153, 155, 156,
    157, 158, 159, 160, 161, 162, 164, 165, 168, 169, 170, 171, 173, 175, 176, 177,
    189,   8,  10, 136, 137, 139, 140, 141, 142, 143, 144, 145, 146, 150, 151, 153,
    155, 156, 157, 158, 159, 160, 161, 162, 164, 165, 168, 169, 170, 171, 173, 175,
    176, 177, 189, 149,   8,  10,  68, 134, 136, 137, 138, 140, 141, 142, 143, 144,
    146, 153, 155, 156, 158, 160, 161, 162, 164, 165, 168, 169, 170, 171, 176, 189,
    134, 136, 137, 138, 142, 144, 146, 152, 153, 156, 158, 161, 162, 165, 169, 170,
    176,   8,  10, 136, 137, 139, 142, 144, 145, 146, 149, 150, 152, 153, 154, 157,
    158, 159, 161, 162, 163, 165, 169, 170, 176, 177, 189,   8,  10, 149, 152, 156,
    173, 175, 189,   8,  10, 149, 152, 156, 173, 175, 189,   8,  10, 136, 137, 139,
    142, 144, 145, 146, 149, 150, 152, 153, 154, 157, 158, 159, 161, 162, 163, 165,
    169, 170, 176, 177, 189,   8,  10, 134, 136, 137, 140, 141, 142, 143, 144, 146,
    153, 155, 156, 158, 160, 161, 162, 164, 165, 168, 169, 170, 171, 176, 189, 134,
    136, 137, 141, 142, 143, 144, 146, 153, 155, 161, 162, 164, 169, 170, 134, 136,
    137, 141, 142, 144, 146, 153, 155, 161, 162, 169, 170, 134, 136, 137, 138, 140,
    141, 142, 143, 144, 146, 151, 153, 155, 161, 162, 164, 168, 169, 170, 171, 134,
    136, 137, 141, 142, 143, 144, 146, 153, 155, 161, 162, 164, 169, 170, 117, 120,
    121, 126, 127, 128, 130, 131, 134, 135, 149, 152, 154, 172, 174, 138, 152,   8,
      9,  10,  22,  68, 117, 119, 121, 122, 123, 124, 125, 126, 128, 130, 132, 133,
    134, 135, 136, 137, 138, 139, 141, 142, 143, 144, 145, 146, 147, 148, 149, 150,
    151, 152, 153, 154, 155, 156, 157, 159, 160, 161, 164, 167, 169, 170, 173, 175,
    177, 183, 189,   8,  10, 134, 135, 136, 137, 138, 140, 141, 142, 143, 144, 146,
    153, 155, 156, 158, 160, 161, 162, 164, 165, 168, 169, 170, 171, 176, 189,   8,
     10, 134, 135, 136, 138, 140, 141, 143, 144, 155, 156, 158, 160, 164, 165, 168,
    169, 170, 171, 176, 189,   8,  10,  22,  68, 116, 117, 119, 121, 122, 123, 126,
    127, 128, 131, 132, 133, 134, 136, 137, 138, 140, 141, 142, 143, 144, 146, 147,
    149, 151, 152, 153, 154, 155, 156, 160, 161, 162, 164, 166, 167, 168, 169, 170,
    171, 189,   8,  10,  22,  68, 116, 117, 119, 121, 122, 123, 126, 127, 128, 131,
    132, 133, 134, 136, 137, 138, 140, 141, 142, 143, 144, 146, 147, 149, 151, 152,
    153, 154, 155, 156, 160, 161, 162, 164, 166, 167, 168, 169, 170, 171, 189, 116,
    117, 120, 126, 127, 128, 130, 131, 166, 172, 174,   8,  10,  26,  27,  29,  30,
     32,  42,  43,  44,  45,  46,  47,  48,  49,  52,  54,  56,  57,  61,  63,  69,
     70,  73,  74,  75,  76,  77,  78,  79,  80,  81,  82,  83,  84,  85,  86,  87,
     88,  89,  90,  91,  92,  93,  94,  95,  96,  97,  98,  99, 100, 101, 102, 103,
    104, 105, 106, 108, 109, 110, 111, 112, 113, 114, 178, 179, 180, 181, 182, 186,
    189, 191,   8,  10,  16,  26,  27,  32,  39,  42,  43,  44,  45,  46,  47,  48,
     49,  51,  52,  53,  54,  55,  56,  57,  58,  59,  60,  61,  63,  69,  70,  73,
     74,  75,  76,  77,  78,  79,  80,  81,  82,  83,  84,  85,  86,  87,  88,  89,
     90,  91,  92,  93,  94,  95,  96,  97,  98,  99, 100, 102, 103, 104, 105, 106,
    108, 109, 110, 111, 112, 113, 114, 115, 178, 179, 180, 181, 182, 189, 191,  19,
     24,  27,  33,  34,  35,  36,  38,  42,  43,  44,  45,  48,  49,  51,  52,  53,
     54,  55,  57,  58,  59,  60,  62,  73,  74,  75,  76,  77,  78,  79,  80,  81,
     82,  83,  84,  85,  86,  87,  88,  89,  90,  91,  92,  93,  94,  95,  96,  98,
     99, 100, 103, 104, 107, 109, 110, 111, 112, 113, 114, 115, 178, 179, 180, 181,
    182,   2,   6,   9,  24,  40, 183, 184, 185, 187, 188,  13,  14,  15,  17,  19,
     21,
};

static const int8_t literatamono_16_bolditalicKernSparseValues[] = {
     -53,  -53,  -50,  -16,   -5,   -1,  -25,   11,  -25,  -25,  -16,  -32,   11,  -25,  -25,  -30,
      -8,  -50,  -25,  -25,  -25,  -25,  -25,  -25,  -25,  -25,  -25,  -25,  -25,  -25,  -25,   11,
     -25,  -25,  -25,  -25,  -25,  -25,  -25,  -32,   11,  -25,  -30,  -30,   -8,  -25,  -25,  -25,
     -25,  -25,  -25,  -25,  -53,  -24,  -32,   -5,   -8,   -9,   -4,   -3,  -17,   -1,  -33,  -24,
     -30,  -36,  -30,   -5,   -5,   -5,   -5,   -5,   -5,   -5,  -32,   -5,   -5,   -5,   -5,   -5,
      -5,   -5,   -5,   -5,   -5,   -5,   -5,   -5,   -5,   -5,   -5,   -5,   -5,   -5,   -5,   -8,
      -5,  -17,   -5,   -5,   -5,   -5,   -5,   -5,   -5,   -5,  -16,  -11,   -5,   -5,   -5,   21,
      24,   -5,   -5,   -5,   -5,   -5,   -5,   -5,   -5,   -5,   -5,   -5,   -5,   -5,   -5,   -5,
      -5,   -5,   -5,   -5,   -5,   -5,   -5,   24,   -5,   -5,   -5,   -5,   -5,   -5,   -5,   -5,
     -37,   -5,  -55,   -5,  -26,   -1,  -21,  -21,  -21,  -32,  -21,  -21,  -21,  -55,  -21,  -21,
     -21,  -21,  -21,  -21,  -21,  -21,  -21,  -21,  -21,  -21,  -21,  -21,  -21,  -21,  -21,  -21,
     -21,  -21,  -32,  -26,  -21,  -21,  -21,  -21,  -21,  -21,  -21,  -21,  -21,  -21,  -26,  -53,
      -5,  -35,  -20,  -18,  -42,  -13,  -55,  -33,  -53,   -5,   -5,   -5,   -5,   -5,  -13,  -11,
     -24,  -24,  -13,  -53,   -5,   -5,   -5,   -5,   -5,   -5,   -5,   -5,   -5,   -5,   -5,   -5,
      -5,   -5,   -5,   -5,   -5,   -5,   -5,   -5,   -5,  -42,   -5,   -5,   -5,   -5,   -5,   -5,
      -5,  -53,  -48,  -53,  -48,  -48,  -12,   -5,    8,  -48,  -18,   -1,   -8,  -34,  -24,  -18,
     -24,  -41,  -16,   -5,   -5,   -3,  -18,  -34,  -13,   -8,   -8,    8,  -13,  -13,   -8,  -69,
     -69, -100,   -5,  -40,   -9,  -11,   -9,  -24,  -51,  -21,  -16,   -8,  -48,   11,  -48,  -48,
     -32,   11,   -3,  -11,  -48,  -11,  -48,  -11,  -18,  -13,  -13,  -11,  -11,  -21,   -5,  -24,
     -51,  -48,  -48,  -48,  -48,  -48,  -48,  -48,  -48,   -3,   -3,   -3,  -48,  -48,  -48,  -48,
     -48,   11,  -48,  -48,  -48,  -48,  -48,  -48,  -48,  -32,   -3,   -3,   -3,  -16,   11,  -48,
     -18,  -18,  -24,   -3,  -48,   -3,   -3,  -48,  -48,  -11,  -48,   -3,  -48,  -48,  -48,  -53,
     -69,  -26,   -5,   -1,   -3,   -5,   -1,   -6,   -5,  -22,  -26,   -3,    2,   -5,   -3,  -20,
     -11,  -16,   -5,   -4,   -4,  -14,   -5,  -13,  -11,   -3,   -5,  -12,   -3,   -3,  -20,   -9,
     -11,  -16,   -5,   -3,   -3,  -16,  -16,  -32,  -29,   -1,  -24,  -25,  -11,   -8,   -6,   -6,
      -3,   -8,   -5,   -3,   -5,  -24,   -8,  -16,   -4,   -6,   -6,   -5,   -3,    2,   -3,   -5,
      -3,   -5,  -46,  -21,  -46,  -41,   -1,    4,    3,  -25,   -9,  -12,   -5,  -17,  -13,   10,
     -22,  -24,  -21,  -46,  -26,   -3,   -4,  -12,  -11,   -5,   -4,   -3,   -8,   -8,   -8,   -1,
      -6,   -3,   -9,   -5,   -4,   -5,  -40,  -11,  -11,   -3,  -11,  -13,  -11,  -48,  -34,  -16,
     -48,  -18,  -18,   -4,   -9,   -4,   -5,   -5,   -3,   -3,   -6,   -6,  -13,  -11,  -17,  -11,
      -5,   -5,   -5,   -4,   -5,   -5,   -5,  -11,   -5,   -4,  -13,  -17,   -5,   -5,   -5,   -5,
     -63,   -5,  -63,  -18,  -32,  -17,   -8,  -41,  -23,  -54,  -49,  -57,  -63,   -5,  -18,   -5,
      -5,   -6,   -9,   -5,   -9,   -1,   -5,   -5,   -5,   -1,  -14,   -6,   -9,   -9,  -21,  -11,
     -18,   -5,   -5,   -5,   -5,   -5,   -5,   -5,   -5,   -5,   -5,   -5,   -5,   -5,   -5,   -5,
      -5,   -9,   -5,   -5,   -5,   -5,   -5,   -5,   -5,   -5,   -5,   -5,   -8,   -9,   -9,   -5,
     -41,   -5,   -5,   -5,   -5,   -5,   -5,   -1,   -5,   -5,   -5,   -5,   -5,  -18,  -50,  -48,
     -50,  -48,   -4,   -9,  -16,   -5,  -18,  -12,   -3,  -17,   -8,   -5,   -1,   -8,   -1,   -3,
      -1,   -1,   -1,   -6,   -3,   -4,   -4,   -6,   -3,   -4,   -1,   -9,   -3,    4,  -16,   -3,
      -1,   -5,   -7,   -6,   -3,   -3,   -3,   -4,   -3,   -3,   -2,   -6,   -6,   -4,  -11,   -4,
      -4,   -3,   -5,   -1,   -4,   -4,   -6,   -3,   -4,   -3,   -9,   -7,   -4,   -4,   -4,   -4,
      -4,   -4,   -4,   -4,   -4,   -4,   -4,   -4,   -4,   -5,   -4,   -4,   -4,   -4,   -4,   -4,
      -4,   -3,   -1,   -5,   -4,   -6,   -6,   -4,   -9,   -4,   -4,   -4,   -4,   -4,   -4,   -4,
     -21,   -8,    5,   -5,  -29,  -29,  -18,   -6,  -11,  -21,  -18,  -26,   -3,   -6,  -11,   -4,
     -35,  -11,  -24,  -20,  -35,  -26,   -3,   -3,   -3,   -3,   -4,   -3,   -3,   -3,   -3,   -3,
      -1,   -4,  -12,  -50,   -3,   -3,   -3,   -3,   -3,   -3,   -3,   -3,   -3,   -3,   -3,   -3,
      -3,   -3,   -3,   -3,   -3,   -3,   -3,   -3,   -3,   -8,   -3,   -3,   -3,   -1,   -1,  -11,
     -12,   -3,   -3,   -3,   -3,   -3,   -3,   -3,  -11,  -11,  -11,  -11,  -29,   -1,   -5,   -9,
      -3,   -6,   -4,   -4,   -5,   -3,   -3,   -3,   -5,   -3,   -3,   -3,   -4,   -5,   -4,   -4,
      -4,   -1,   -4,   -3,   -3,   -3,   -3,   -3,   -3,   -3,   -3,    5,   -3,   -3,   -3,   -3,
      -3,   -3,   -3,   -3,   -3,   -3,   -3,   -3,   -5,   -3,   -3,   -4,   -4,   -9,   -4,   -3,
      -3,   -3,   -3,   -3,   -3,   -3,   -3,   -8,   -3,   -8,   -8,  -43,  -21,  -43,  -37,  -12,
     -13,  -50,   -5,   -5,   -5,   -8,  -29,  -29,  -29,  -21,    4,    3,  -29,    3,  -29,    3,
     -26,   -3,    3,  -13,  -18,  -18,   -5,  -50,  -29,  -29,  -29,  -29,  -29,  -29,  -29,  -29,
      15,   17,   30,  -29,  -29,  -29,  -29,  -29,  -29,  -29,  -29,  -29,  -29,  -29,  -29,  -21,
      21,   13,   18,   18,  -29,  -26,  -26,  -13,    4,  -29,   32,   21,  -16,  -29,    3,  -29,
      10,  -29,  -29,  -29,  -21,  -43,   -5,   -3,  -14,   -5,    4,   -5,   -4,   -7,   -8,   -3,
     -13,   -7,  -11,   -1,   -1,   -3,   -1,   -1,   -5,   -1,   -1,   -5,   -1,   -4,   -4,   -4,
       5,   -4,   -4,   -3,   -1,    5,   -1,   -4,   -4,   -1,   -6,   -5,   -5,   -5,   -5,   -3,
      -4,   -4,   -4,   -4,   -4,   -4,   -4,   -4,    5,   12,   -4,   -4,   -4,   -4,   -4,    5,
      -4,   -4,   -4,   -4,   -4,   -4,   -4,   -1,    7,    5,   -1,    5,   -4,   -1,   -1,   -3,
      -4,   -4,   -4,   -4,   -4,   -4,   -4,  -12,  -24,   -3,  -24,  -21,  -16,  -28,  -14,   -4,
     -10,   -9,  -21,    4,  -21,  -21,  -16,  -13,    4,   -4,   -3,  -12,  -21,  -12,  -21,  -12,
     -24,  -16,  -11,  -13,  -13,  -18,   -9,  -22,   -8,   -5,   -8,  -28,  -21,  -21,  -21,  -21,
     -21,  -21,  -21,  -21,   -4,   -4,   -4,  -21,  -21,  -21,  -21,  -21,    4,  -21,  -21,  -21,
     -21,  -21,  -21,  -21,  -13,   -4,   -4,   -4,   -3,    4,  -21,  -24,  -24,  -22,   -4,  -21,
      -4,   -4,  -21,  -21,  -12,  -21,   -4,  -21,  -21,  -21,   -3,  -24,   -6,  -11,  -21,   -8,
     -18,   -8,   -6,  -11,  -11,  -11,   -8,   -5,   -8,   -9,  -11,   -9,  -11,   -9,  -17,  -11,
     -12,  -12,  -20,  -16,  -32,  -11,  -11,  -11,  -11,  -11,  -11,  -11,  -11,   -5,    8,   26,
     -11,  -11,  -11,  -11,  -11,  -11,  -11,  -11,  -11,  -11,  -11,  -11,    5,   11,   -1,  -11,
      -8,   -5,  -11,   33,    5,  -11,  -11,   -9,  -11,  -11,  -11,  -11,  -21,   -8,   -5,   -8,
      -5,  -50,  -53,  -34,   -7,  -12,   -5,   -2,  -43,  -16,  -49,  -45,  -53,   -7,  -50,   -1,
     -13,   -1,   -1,   -9,  -13,   -6,   -6,   -8,   -1,   -8,   -1,   -8,   -3,  -11,   -8,   -9,
      -9,   -1,  -18,   -6,   -4,   -1,   -1,   -1,   -1,   -1,   -1,   -1,   -1,   -6,   -6,   -6,
      -1,   -1,   -1,   -1,   -1,  -13,   -1,   -1,   -1,   -1,   -1,   -1,   -1,   -6,   -6,   -6,
     -12,   -6,  -13,   -1,   -3,   -3,  -43,   -6,   -6,   -1,   -6,   -6,   -1,   -1,   -8,   -1,
      -6,   -1,   -1,   -1,  -61,  -50,  -61,  -89,   -5,   -4,   -5,   -8,   -6,   -6,  -23,  -26,
     -26,  -16,  -18,   -8,   -8,   -8,  -13,   -1,  -11,   -8,   -8,  -21,   -9,  -10,  -10,  -21,
      -3,   -8,   -8,   -8,   -8,   -8,   -8,   -8,   -8,   -1,   -1,    6,   -8,   -8,   -8,   -8,
      -8,   -3,   -8,   -8,   -8,   -8,   -8,   -8,   -8,   -1,   -1,   -1,   -6,  -11,   -8,  -23,
      -1,   -8,   -1,   -1,   -8,   -8,   -8,   -1,   -8,   -8,   -8,  -16,  -16,   -8,  -16,  -16,
      -5,  -18,  -14,   -3,   -3,   -1,  -13,    7,  -13,  -13,   -9,   -8,    7,   -1,   -3,   -3,
     -13,   -3,  -13,   -3,  -16,   -8,   -6,  -12,  -12,  -20,  -16,  -16,   -5,  -14,  -13,  -13,
     -13,  -13,  -13,  -13,  -13,  -13,   -1,   -1,   -1,  -13,  -13,  -13,  -13,  -13,    7,  -13,
     -13,  -13,  -13,  -13,  -13,  -13,   -8,   -1,   -1,   -1,   -3,    7,  -13,  -16,  -16,  -16,
      -1,  -13,   -1,   -1,  -13,  -13,   -3,  -13,   -1,  -13,  -13,  -13,  -16,  -21,   -8,    5,
      -5,  -29,  -29,  -18,   -6,  -11,  -48,  -18,  -26,   -3,   -6,  -11,   -4,  -16,  -11,  -24,
     -20,  -16,  -26,   -3,   -4,   -3,   -3,   -4,   -3,   -4,   -3,   -3,   -3,   -1,   -4,  -12,
     -48,   -3,   -3,   -3,   -3,   -3,   -3,   -3,   -3,   -3,   -3,   -3,   -3,   -3,   -4,   -3,
      -3,   -3,   -3,   -3,   -3,   -3,   -3,   -8,   -3,   -4,   -3,   -1,   -1,  -11,  -12,   -3,
      -3,   -3,   -3,   -3,   -3,   -3,  -11,  -11,  -11,  -11,  -29,   -6,  -42,   -4,  -42,  -29,
     -16,  -52,   -1,   -3,   -1,   -8,   -1,   -4,   -9,   -4,   -4,  -33,   -3,  -17,  -17,  -18,
      -3,    4,    4,  -17,    4,  -17,    4,   -6,    2,    4,    4,    4,   -1,    8,   -9,   -5,
     -52,  -17,  -17,  -17,  -17,  -33,  -17,  -17,  -17,    4,    4,    4,  -17,  -17,  -17,  -17,
     -17,   -3,  -33,  -33,  -33,  -17,  -17,  -17,  -17,  -18,    4,    4,    4,   -1,   -3,  -17,
      -6,   -6,   -9,    4,  -17,    4,    4,  -17,  -17,    4,  -17,    4,  -17,  -17,  -17,   -4,
     -42,  -21,   -8,   26,   -5,  -45,  -62,   34,   -6,  -11,  -21,  -18,  -26,   -3,   -6,  -11,
      -4,  -16,  -11,  -24,  -20,  -16,  -26,   16,   -3,   -3,   -3,   -3,   17,   -3,   -3,   18,
      -3,   -3,   -1,   -4,  -12,  -50,   -3,   -3,   -3,   -3,   -3,   -3,   -3,   -3,   -3,   -3,
      -3,   -3,   -3,   -3,   -3,   -3,   -3,   -3,   -3,   -3,   -3,   -8,   18,   -3,   -3,   -1,
      -1,  -11,  -12,   -3,   -3,   -3,   -3,   -3,   -3,   -3,  -11,  -11,  -11,  -11,  -45,  -34,
      -3,  -33,  -13,  -13,  -11,  -21,  -14,   -2,  -29,  -23,  -34,  -32,  -37,   -2,  -40,   -5,
     -12,  -18,  -12,  -12,  -13,   -8,   -5,   -6,  -17,   -5,  -12,   -5,  -12,   -5,   -3,  -16,
     -12,  -14,  -14,  -18,   -1,  -16,  -11,  -12,  -12,  -12,  -12,  -12,  -12,  -12,  -12,   -6,
      -6,   -6,  -12,  -12,  -12,  -12,  -12,   -5,  -12,  -12,  -12,  -12,  -12,  -12,  -12,   -8,
      -6,   -6,   -6,  -14,  -17,   -5,  -12,   -3,   -3,  -29,   -1,   -6,  -12,   -6,   -6,  -12,
     -12,   -5,  -12,   -6,  -12,  -12,  -12,  -13,  -29,  -26,  -29,  -26,  -11,   -5,   -8,  -11,
     -11,   -5,  -10,   -1,   -6,  -19,   -3,  -10,   -4,   -8,   -4,   -5,   -9,   -8,   -1,   -9,
      -1,   -3,   -3,   -3,   -3,   -3,   -1,   -6,   -1,   -6,   -6,   -9,   -4,   -8,  -10,   -3,
       3,   -2,   -1,   -3,   -3,   -3,   -6,   -3,   -1,   -1,   -1,  -10,   -8,   -3,   -3,   -3,
      -3,   -3,  -11,    3,  -46,  -29,  -46,  -37,   -5,  -32,  -40,   -7,  -14,   -3,   -4,  -35,
      -3,  -35,  -35,   -5,  -42,   -3,    7,    3,    3,  -35,    3,  -35,    3,  -26,   -4,    4,
       3,    3,   -4,    5,  -12,  -26,  -21,   -3,  -40,  -35,  -35,  -35,  -35,  -35,  -35,  -35,
     -35,   22,   28,   46,  -35,  -35,  -35,  -35,  -35,   -3,  -35,  -35,  -35,  -35,  -35,  -35,
     -35,  -42,   34,   27,   31,   26,   -3,  -35,  -26,  -26,  -12,   23,  -60,   36,   32,  -51,
     -35,    3,  -35,   23,  -35,  -35,  -35,  -29,  -46,  -21,  -50,  -24,  -50,  -55,  -18,  -55,
     -62,  -15,  -14,   -6,   -2,  -50,   13,  -50,  -50,  -25,  -55,   13,   -1,  -20,  -50,  -20,
     -50,  -20,  -49,  -18,  -22,  -21,  -21,  -30,  -16,  -40,  -32,  -26,  -17,  -62,  -50,  -50,
     -50,  -92,  -84,  -50,  -95,  -79,   21,   28,   52,  -96,  -50,  -95,  -87,  -82,   13,  -95,
     -50,  -50,  -50,  -98,  -50,  -50,  -55,   39,   36,   31,   29,   13,  -50,  -49,  -93,  -40,
      23,  -72,   31,   39,  -55,  -84,  -11,  -95,   25,  -95,  -95,  -95,  -24,  -50,  -17,  -48,
     -20,  -48,  -45,   -8,  -50,  -50,  -11,   -7,  -41,   13,  -41,  -41,  -16,  -43,   13,   -8,
      -1,  -18,  -41,  -18,  -41,  -18,  -40,  -11,  -16,  -14,  -14,  -24,  -13,  -33,  -25,  -21,
      -8,  -50,  -41,  -41,  -41,  -41,  -41,  -41,  -41,  -68,    6,   24,   38,  -76,  -41,  -41,
     -41,  -68,   13,  -41,  -41,  -41,  -41,  -41,  -41,  -41,  -43,   32,   22,   21,   26,   13,
     -41,  -40,  -75,  -33,    9,  -50,   29,   25,  -49,  -41,  -10,  -41,   20,  -41,  -76,  -41,
     -20,  -48,  -12,  -11,  -24,   -5,  -25,   -6,   -5,  -11,  -11,  -11,   -1,   -5,   -8,   -1,
     -11,   -1,  -11,   -1,  -13,  -11,  -18,  -18,  -26,  -21,  -32,  -11,  -11,  -11,  -11,  -11,
     -11,  -11,  -11,   -5,   -5,   -5,  -11,  -11,  -11,  -11,  -11,  -11,  -11,  -11,  -11,  -11,
     -11,  -11,   -1,   -5,   -5,   -5,   -8,  -11,   -6,   -5,  -11,   -5,   -5,  -11,  -11,   -1,
     -11,   -5,  -11,  -11,  -11,  -24,  -24,  -54,  -43,  -54,  -48,  -21,  -61,  -60,  -18,   -5,
      -8,  -58,   12,  -58,  -58,  -20,  -61,   12,   -6,   -3,  -25,  -58,  -25,  -58,  -25,  -58,
     -21,  -30,  -29,  -29,  -38,  -30,  -46,  -35,  -40,  -27,  -60,  -58,  -58, -111,  -98,  -93,
    -111, -100,  -86,   17,   28,   52, -106, -114, -101,  -92,  -82,   12, -109,  -58,  -58, -114,
    -109, -109,  -58,  -61,   40,   32,   24,   29,   12, -108, -107, -107,  -84,   15,  -73,   20,
      32,  -82,  -93,  -13, -108,   23, -106, -106, -103,  -43,  -54,   -5,  -16,   -6,   -1,   -6,
     -10,   -9,   -4,   -5,   -5,   -4,   -3,   -3,   -3,   -8,   -4,   -3,   -4,   -3,   -4,   -3,
      -4,   -6,   -4,   -8,   -8,   -3,   -9,   -1,   -3,   -3,   -3,   -3,   -3,   -3,   -3,   -3,
      -4,   -2,    3,   -3,   -3,   -3,   -3,   -3,   -3,   -3,   -3,   -3,   -3,   -3,   -3,   -4,
      -4,   -4,   -1,   -3,   -3,  -10,   -4,   -3,   -4,   -4,   -3,   -3,   -4,   -3,   -4,   -3,
      -3,   -3,    5,   24,    5,   21,    5,   21,    5,  -11,  -14,   -8,  -43,  -12,  -24,  -16,
     -50,  -29,  -55,  -53,  -55, -116,   -5,  -11,   -5,   -5,   21,  -11,   16,   -5,   -5,   -8,
     -14,  -14,   -5,   -5,   -5,   -5,   -5,   -5,   -5,   -5,   -5,   -5,   -5,   -5,   -5,  -11,
      -5,   -5,   -5,   -5,   -5,   -5,   -5,   16,  -11,   -5,  -50,   -5,   -5,   -5,   -5,   -5,
      -5,   -5,    3,  -32,   -9,  -29,  -24,  -21,  -41,   -1,   -9,   -1,   -1,   -6,   -4,   -6,
      -1,   -3,   -1,   -9,   -1,   -4,   -4,   -6,   -1,   -6,   -1,   -1,   -1,   -1,   -1,   -1,
      -1,   -1,   -1,   -1,   -1,   -1,   -1,   -4,   -1,   -1,   -1,   -1,   -1,   -1,   -1,   -6,
      -6,   -1,  -21,   -1,   -1,   -1,   -1,   -1,   -1,   -1,   -1,  -71,  -21,  -37,  -21,  -42,
     -13,   -5,  -37,   -6,   -6,  -21,  -21,   -5,  -13,  -42,   -6,  -25,   -1,   -1,   -8,   -3,
     -11,   -5,   -9,   -3,   -1,   -8,   -1,   -3,   -8,   -9,   -5,   -5,   -5,  -14,   -6,  -16,
     -11,   -1,   -1,   -1,   -1,   -1,   -1,   -1,   -1,   -5,   -5,   -5,   -1,   -1,   -1,   -1,
      -1,  -11,   -1,   -1,   -1,   -1,   -1,   -1,   -1,   -3,   -5,   -5,   -5,   -9,  -11,   -1,
      -8,   -8,  -13,  -16,   -5,   -1,   -5,   -5,   -1,   -1,   -3,   -1,   -5,   -1,   -1,   -1,
     -35,  -22,  -35,  -22,   -6,  -16,   -8,  -21,   -4,   -4,   -5,   -5,  -11,  -37,  -21,  -29,
     -11,  -11,   -3,  -11,  -16,  -11,  -11,  -11,   -4,   -1,   -1,   -4,   -9,  -21,  -21,  -21,
     -21,  -21,  -11,  -11,  -11,  -11,  -11,  -11,  -11,  -11,  -16,  -21,  -21,  -21,  -11,  -11,
     -11,  -11,  -11,  -16,  -11,  -11,  -11,   -9,  -11,  -11,  -11,  -11,  -11,  -11,  -11,  -16,
      -6,  -16,   -6,   -4,  -18,   -4,   -5,  -24,  -24,  -24,  -24,  -24,  -24,   -5,   -4,   -1,
      -4,   -4,   -4,   -1,   -4,   -4,   -4,   -5,   -3,   -6,   -6,   -3,   -5,  -24,    2,   -4,
      -4,   -4,   -4,   -4,   -4,   -4,   -4,   -4,   -4,   -4,   -4,   -4,   -1,   -4,   -4,   -4,
      -4,   -4,   -4,   -4,   -4,    6,   -4,   -4,   -4,   -4,   -4,   -4,   -4,   -4,  -24,  -21,
     -17,  -21,  -17,  -24,  -29,  -11,  -26,   -5,   -5,   -5,   -4,   -9,  -18,  -38,  -17,   -9,
     -16,  -16,   -3,   -6,   -9,  -16,  -16,   -4,   -3,   -3,   -9,  -16,  -16,  -16,  -16,  -16,
     -16,  -16,  -16,  -16,  -16,  -16,  -16,  -16,   -9,  -16,  -16,  -16,  -16,  -16,  -16,  -16,
      -6,  -10,  -16,   -4,   -4,  -18,   -9,  -16,  -16,  -16,  -16,  -16,  -16,  -16,  -24,  -16,
     -24,  -16,   -5,   17,   34,    5,   30,   45,  -37,   -5,  -37,  -16,   29,  -24,   50,   26,
     -38,  -18,  -18,  -27,  -18,  -18,  -16,   -3,  -13,  -21,  -11,   -3,  -18,  -35,  -35,  -35,
     -31,  -18,  -18,  -18,  -18,  -18,  -18,  -18,  -29,  -35,  -35,  -38,  -18,  -18,  -18,  -18,
     -27,  -18,  -16,  -16,  -13,  -18,  -18,  -18,  -18,  -18,  -18,  -18,   -5,   40,   49,   40,
      49,  -37,  -26,   -5,  -24,   -6,   -4,  -50,   -8,  -20,   -8,   -8,   -1,  -11,   -8,   -8,
      -8,   -5,   -3,   -6,  -12,   -8,   -8,   -8,   -8,   -8,   -8,   -8,   -8,   -8,   -8,   -8,
      -8,   -8,  -11,   -8,   -8,   -8,   -8,   -8,   -8,   -8,  -11,   -8,   -8,   -8,  -12,   -8,
      -8,   -8,   -8,   -8,   -8,   -8,  -21,  -11,  -21,  -11,  -16,  -11,   -5,   -3,   -5,  -12,
      -9,   -9,   -9,  -13,  -11,   -4,   -3,   -4,   -4,   -3,   -3,   -4,   -4,   -5,   -3,   -5,
      -5,   -5,   -4,   -4,   -4,   -4,   -4,   -4,   -4,   -4,   -4,   -4,   -4,   -4,   -4,   -3,
      -4,   -4,   -4,   -4,   -4,   -4,   -4,   -5,   -3,   -4,  -12,   -4,   -4,   -4,   -4,   -4,
      -4,   -4,  -16,   -3,  -16,   -3,  -16,  -21,   -6,  -11,  -11,   -5,  -17,   -5,   -5,   -4,
      -5,   -8,   -4,   -3,   -5,   -3,  -12,   -6,  -11,   -5,   -6,   -4,   -4,  -11,   -3,  -16,
      -1,   -5,   -5,   -5,   -5,   -5,   -5,   -5,   -5,   -4,   -4,   -4,   -5,   -5,   -5,   -5,
      -5,   -8,   -5,   -5,   -5,   -5,   -5,   -5,   -5,   -5,   -4,   -4,   -4,   -8,   -5,  -11,
     -11,  -16,   -4,   -5,   -4,   -4,   -5,   -5,   -3,   -5,   -4,   -5,   -5,   -5,   -4,   -5,
      -4,   -5,  -34,  -12,  -26,  -17,  -11,   -3,  -29,  -12,  -10,  -12,  -12,   -6,   -4,   -5,
      -4,   -5,   -3,  -12,   -3,  -12,   -3,   -8,   -6,  -11,  -11,   -9,  -12,   -8,  -12,  -12,
     -12,  -12,  -12,  -12,  -12,  -12,   -4,   -4,   -4,  -12,  -12,  -12,  -12,  -12,   -5,  -12,
     -12,  -12,  -12,  -12,  -12,  -12,   -4,   -4,   -4,   -4,   -5,   -5,  -12,   -4,  -12,   -4,
      -4,  -12,  -12,   -3,  -12,   -4,  -12,  -12,  -12,  -17,  -32,  -18,  -32,  -18,  -16,   -5,
      13,  -16,   -3,  -16,    8,   -5,   -9,   -5,   -5,   -7,   -5,   -5,   -3,   -3,   -5,   -5,
      -3,   -3,   -5,   -5,   -5,   -5,   -5,   -5,   -5,   -5,   -5,   -5,   -5,   -5,   -5,   -7,
      -5,   -5,   -5,   -5,   -5,   -5,   -5,   -7,   -5,   -3,   -3,   -3,   -5,   -5,   -5,   -5,
      -5,   -5,   -5,   -5,   -5,  -21,  -24,  -11,  -56,   -9,  -56,  -29,   -5,  -37,  -42,  -26,
     -52,  -40,  -24,  -50,   -3,  -53,  -21,  -24,  -50,  -20,   -4,   -3,  -18,   -6,   -8,  -16,
     -22,  -51,  -51,  -51,  -51,  -51,  -24,  -24,  -24,  -24,  -24,  -24,  -24,  -24,  -21,  -51,
     -51,  -51,  -24,  -24,  -24,  -24,  -26,  -32,  -24,  -20,  -20,  -18,  -24,  -24,  -24,  -24,
     -24,  -24,  -24,   -9,   -3,   -3,   -3,   -3,  -56,  -27,   -8,  -21,  -17,   -4,  -45,   -3,
     -17,   -3,   -3,   -4,   -8,   -3,   -3,   -3,   -3,   -3,   -7,   -3,   -3,   -3,   -3,   -3,
      -3,   -3,   -3,   -3,   -3,   -3,   -3,   -3,   -8,   -3,   -3,   -3,   -3,   -3,   -3,   -3,
     -12,   -3,   -3,   -3,   -7,   -3,   -3,   -3,   -3,   -3,   -3,   -3,  -18,   -5,  -18,   -5,
     -11,   -8,   -1,  -15,  -17,   -8,   -8,   -4,   -1,   -9,   -1,   -8,   -8,   -6,   -3,   -1,
      -1,   -3,   -5,   -8,   -8,   -8,   -8,   -8,   -8,   -8,   -8,   -8,   -8,   -8,   -8,   -8,
      -9,   -8,   -8,   -8,   -8,   -8,   -8,   -8,   -1,   -1,   -9,   -8,   -3,   -8,   -8,   -8,
      -8,   -8,   -8,   -8,  -12,   -5,  -12,   -5,  -27,  -18,   -5,  -21,  -37,   -5,  -37,  -27,
      -6,  -14,  -18,  -42,   -8,   -5,  -30,   -5,   -5,   -4,  -11,  -16,   -1,   -5,   -5,  -11,
      -4,   -1,   -1,   -9,  -18,   -5,  -20,  -11,   -5,   -5,   -5,   -5,   -5,   -5,   -5,   -5,
      -5,   -5,   -5,   -5,   -5,  -16,   -5,   -5,   -5,   -5,   -5,   -5,   -5,  -11,   -1,  -21,
      -5,  -11,  -11,  -18,   -5,   -5,   -5,   -5,   -5,   -5,   -5,   -5,  -13,  -13,  -37,  -25,
     -14,  -13,  -13,   -1,   -5,  -32,  -12,   -6,  -12,  -12,   -1,   -6,   -9,  -12,  -12,   -4,
      -3,   -3,  -17,   -5,  -12,  -12,  -12,  -12,  -12,  -12,  -12,  -12,  -12,  -12,  -12,  -12,
     -12,   -9,  -12,  -12,  -12,  -12,  -12,  -12,  -12,   -6,   -9,  -12,   -3,  -12,  -12,  -12,
     -12,  -12,  -12,  -12,  -13,  -12,   -4,  -12,   -4,  -16,  -24,   -5,   -8,  -38,   -5,  -38,
     -32,  -11,  -21,  -32,  -12,  -14,  -31,  -14,  -14,   -5,  -17,  -16,   -1,  -14,  -30,  -16,
      -3,   -6,  -20,   -8,   -8,  -16,  -11,  -14,  -14,  -14,  -14,  -14,  -14,  -14,  -14,  -14,
     -14,  -14,  -14,  -14,  -16,  -14,  -14,  -14,  -14,  -14,  -14,  -14,  -17,   -1,  -24,  -14,
     -16,  -16,  -20,  -14,  -14,  -14,  -14,  -14,  -14,  -14,   -5,  -13,  -13,  -38,  -12,  -13,
      -5,  -32,   -4,  -13,   -4,   -4,   -3,   -1,   -6,   -4,   -4,   -5,   -1,   -1,   -1,   -4,
      -3,   -4,   -4,   -4,   -4,   -4,   -4,   -4,   -4,   -4,   -4,   -4,   -4,   -4,   -6,   -4,
      -4,   -4,   -4,   -4,   -4,   -4,   -1,   -9,   -4,   -5,   -5,   -4,   -4,   -4,   -4,   -4,
      -4,   -4,   -4,  -11,  -11,   -5,  -11,  -16,  -16,  -16,   -6,   -1,   -6,   -6,   -1,   -6,
      -6,   -6,   -6,   -6,   -6,   -6,   -6,   -6,   -6,   -6,   -6,   -6,   -6,   -6,   -1,   -6,
      -6,   -6,   -6,   -6,   -6,   -6,   -1,   -6,  -11,   -6,   -6,   -6,   -6,   -6,   -6,   -6,
      -5,   -5,  -16,   -3,  -26,   -3,   -5,  -13,   -3,   -8,  -13,  -13,  -13,  -21,  -17,   -6,
     -13,  -49,  -11,  -21,   -6,  -26,  -32,  -21,  -32,  -37,  -16,   -3,   -6,   -3,  -11,   -5,
     -21,  -11,   -3,   -3,  -26,   -5,  -42,  -42,  -11,   -1,   -3,  -29,   -5,  -32,  -24,  -20,
     -34,   -5,   -3,   -5,   -5,  -20,   -3,  -11,  -11,   -1,  -29,  -42,  -11,   -5,  -16,  -16,
     -26,  -24,  -29,   -6,   -6,   -6,   -6,   -6,   -5,   -6,   -5,   -6,   -5,   -5,   -9,   -6,
      -5,   -5,   -8,   -5,   -6,   -6,   -6,   -6,   -6,   -6,   -6,   -6,   -6,   -6,   -6,   -6,
      -6,   -6,   -6,   -6,   -6,   -6,   -6,   -6,   -6,   -6,   -6,   -5,   -5,  -16,   -6,   -6,
      -6,   -5,   -6,   -6,   -6,   -6,  -25,  -21,  -25,  -21,  -26,   -6,   -9,  -74,   -8,  -81,
     -79,  -76,   -9,  -74,  -21,   -8,    5,   -5,  -29,  -29,  -18,   -6,  -11,  -50,  -18,  -26,
      -3,   -6,  -24,   -4,  -35,  -11,  -24,  -20,  -16,  -26,   -3,   -3,   -3,   -3,   -4,   -3,
      -3,   -3,   -3,   -3,   -1,   -4,  -12,  -50,   -3,   -3,   -3,   -3,   -3,   -3,   -3,   -3,
      -3,   -3,   -3,   -3,   -3,   -3,   -3,   -3,   -3,   -3,   -3,   -3,   -3,   -8,   -3,   -3,
      -3,   -1,   -1,  -24,  -12,   -3,   -3,   -3,   -3,   -3,   -3,   -3,  -11,  -11,  -11,  -11,
     -29,  -21,   -8,    5,   -5,  -29,  -29,  -18,   -6,  -11,  -21,  -18,  -26,   -3,   -6,  -11,
      -4,  -16,  -11,  -24,  -20,  -16,  -26,   -3,   -3,   -3,   -3,   -4,   -3,   -3,   -3,   -3,
      -3,   -1,   -4,  -12,  -50,   -3,   -3,   -3,   -3,   -3,   -3,   -3,   -3,   -3,   -3,   -3,
      -3,   -3,   -3,   -3,   -3,   -3,   -3,   -3,   -3,   -3,   -8,   -3,   -3,   -3,   -1,   -1,
     -11,  -12,   -3,   -3,   -3,   -3,   -3,   -3,   -3,  -11,  -11,  -11,  -11,  -29,  -13,  -30,
     -32,  -26,  -26,   -5,  -48,   -3,  -16,  -16,  -22,  -55,   17,  -11,  -11,   -4,  -56,  -44,
     -30,  -74,  -29,   -4,   -4,   -4,   -4,   -3,   -4,   -4,   -4,   -3,   -4,   -6,  -55,   -4,
      -4,   -4,   -4,   -4,   -4,   -4,   -4,   -4,   -4,   -4,   -4,   -4,   -4,   -4,   -4,   -4,
      -4,   -4,   -4,   -4,   -3,  -11,   -4,   -4,   -3,   -3,  -11,   -6,   -4,   -4,   -4,   -4,
      -4,   -4,   -4,  -11,  -11,   -8,   -8,   -3,   -8,   -5,   -9,   -9,   -3,  -16,  -11,   -8,
      -3,   -3,  -11,    3,  -32,   -9,  -29,  -24,  -21,  -41,   -1,   -9,   -1,   -1,  -20,   -4,
      -6,   -1,   -3,   -1,   -9,   -1,  -18,  -18,   -6,   -1,   -6,   -1,   -1,   -1,   -1,   -1,
      -1,   -1,   -1,   -1,   -1,   -1,   -1,   -1,   -4,   -1,   -1,   -1,   -1,   -1,   -1,   -1,
      -6,   -6,   -1,  -21,   -1,   -1,   -1,   -1,   -1,   -1,   -1,   -1,  -71,  -21,  -37,  -21,
       3,  -32,   -9,  -29,  -24,  -21,  -41,   -1,   -9,   -1,   -1,   -6,   -4,   -6,   -1,   -3,
      -1,   -9,   -1,  -17,  -17,   -6,   -1,   -6,   -1,   -1,   -1,   -1,   -1,   -1,   -1,   -1,
      -1,   -1,   -1,   -1,   -1,   -4,   -1,   -1,   -1,   -1,   -1,   -1,   -1,   -6,   -6,   -1,
     -21,   -1,   -1,   -1,   -1,   -1,   -1,   -1,   -1,  -71,  -21,  -37,  -21,  -29,  -11,  -26,
      -5,   -5,   -5,   -4,   -9,  -18,  -38,  -17,   -9,   -8,   -8,   -3,   -6,   -9,   -8,   -8,
      -4,   -3,   -3,   -9,   -8,   -8,   -8,   -8,   -8,   -8,   -8,   -8,   -8,   -8,   -8,   -8,
      -8,   -9,   -8,   -8,   -8,   -8,   -8,   -8,   -8,   -6,  -10,   -8,   -4,   -4,  -18,   -9,
      -8,   -8,   -8,   -8,   -8,   -8,   -8,  -24,  -16,  -24,  -16,   -5,  -42,  -13,   -5,  -37,
      -6,   -6,  -21,  -21,   -5,  -13,  -42,   -6,  -25,   -5,   -5,   -8,   -3,  -11,   -5,   -9,
      -3,   -5,   -8,   -5,   -3,   -8,   -9,   -5,   -5,   -5,  -14,   -6,  -16,  -11,   -5,   -5,
      -5,   -5,   -5,   -5,   -5,   -5,   -5,   -5,   -5,   -5,   -5,   -5,   -5,   -5,  -11,   -5,
      -5,   -5,   -5,   -5,   -5,   -5,   -3,   -5,   -5,   -5,   -9,  -11,   -5,   -8,   -8,  -13,
     -16,   -5,   -5,   -5,   -5,   -5,   -5,   -3,   -5,   -5,   -5,   -5,   -5,  -35,  -22,  -35,
     -22,   -6,  -21,   -8,    5,   -5,  -29,  -29,  -18,   -6,  -11,  -21,  -18,  -26,   -3,   -6,
     -24,   -4,  -35,  -11,  -24,  -20,  -16,  -26,   -3,   -3,   -3,   -3,   -4,   -3,   -3,   -3,
      -3,   -3,   -1,   -4,  -12,  -50,   -3,   -3,   -3,   -3,   -3,   -3,   -3,   -3,   -3,   -3,
      -3,   -3,   -3,   -3,   -3,   -3,   -3,   -3,   -3,   -3,   -3,   -8,   -3,   -3,   -3,   -1,
      -1,  -24,  -12,   -3,   -3,   -3,   -3,   -3,   -3,   -3,  -11,  -11,  -11,  -11,  -29,  -18,
      -4,   -5,  -24, -128, -128, -128,  -46, -106,  -24,  -21,  -65,   -1,  -65,  -65,   -4, -116,
      -1,  -29,  -35,  -32,  -65,  -77, -128,  -66,  -62,  -27,  -35,  -37,  -37,  -40,  -26,  -95,
    -100,  -24,  -72,  -65,  -65,  -65,  -65,  -65,  -65,  -65,  -65,  -29,  -29,  -29,  -65,  -65,
     -65,  -65,  -65,   -1,  -65,  -65,  -65, -126,  -65,  -65, -126,  -46,  -29,  -29,  -29,  -35,
       6,  -65,  -62, -116,  -95,  -29,  -65,  -29,  -29,  -65,  -65,  -32,  -65,  -29,  -65,  -65,
     -65, -128,  -50,  -23,  -50,  -23, -128,  -50,  -53,  -34,   -7,  -12,   -5,   -2,  -43,  -16,
     -49,  -45,  -53,   -7,  -50,   -1,  -18,   -1,   -1,   -9,   -8,   -6,   -6,   -8,   -1,   -8,
      -1,   -8,   -3,  -11,   -8,   -9,   -9,   -1,  -18,   -6,   -4,   -1,   -1,   -1,   -1,   -1,
      -1,   -1,   -1,   -6,   -6,   -6,   -1,   -1,   -1,   -1,   -1,  -16,   -1,   -1,   -1,   -1,
      -1,   -1,   -1,   -6,   -6,   -6,  -12,   -6,   -8,   -1,   -3,   -3,  -43,   -6,   -6,   -1,
      -6,   -6,   -1,   -1,   -8,   -1,   -6,   -1,   -1,   -1,  -61,  -50,  -61,  -89,  -50,  -53,
      -8,   -7,  -12,   -5,   -2,  -57,  -16,  -56,  -49,  -61,   -7,  -50,   -1,  -18,   -1,   -1,
      -9,   -8,   -6,   -6,   -8,   -1,   -8,   -1,   -8,   -3,  -11,   -8,   -9,   -9,   -1,  -18,
      -6,   -4,   -1,   -1,   -1,   -1,   -1,   -1,   -1,   -1,   -6,   -6,   -6,   -1,   -1,   -1,
      -1,   -1,  -16,   -1,   -1,   -1,   -1,   -1,   -1,   -1,   -6,   -6,   -6,  -12,   -6,   -8,
      -1,   -3,   -3,  -60,   -6,   -6,   -1,   -6,   -6,   -1,   -1,   -8,   -1,   -6,   -1,   -1,
      -1,  -82,  -78,  -79,  -78,  -18,   -4,   -5,  -22, -128, -128, -128,  -46, -104,  -22,  -21,
     -65,   -1, -128, -128,   -4, -114,   -1,  -30,  -36,  -32,  -65,  -75, -128,  -64,  -62,  -27,
     -35,  -82,  -83,  -38,  -64,  -93,  -98,  -22,  -70,  -65,  -65,  -65,  -65,  -65,  -65,  -65,
     -65,  -30,  -30,  -30,  -65,  -65,  -65,  -65,  -65,   -1,  -65,  -65,  -65, -126,  -65,  -65,
    -126,  -46,  -30,  -30,  -30,  -36,    6,  -65,  -62, -116,  -93,  -30,  -65,  -30,  -30,  -65,
     -65,  -32,  -65,  -30,  -65,  -65,  -65, -128,  -48,  -23,  -48,  -23, -128,  -18,   -4,   -5,
     -24,  -24,  -24,  -24,  -24,  -24,   -5,   -4,   -1,   -4,   -4,   -4,   -1,   -4,   16,   -4,
      16,   -4,   16,   -3,   -3,   -4,   -4,   13,   -5,  -24,    2,   -4,   -4,   -4,   -4,   -4,
      -4,   -4,   -4,   -4,   -4,   -4,   -4,   -4,   -1,   -4,   -4,   -4,   -4,   -4,   -4,   -4,
      -4,    6,   -4,   -4,   -4,   -4,   16,   -4,   -4,   -4,   -4,  -24,  -21,  -17,  -21,  -17,
     -24,  -11,   -5,   -8,  -11,  -11,   -5,  -10,   -1,   -6,  -19,   -3,  -10,   -4,   -8,   -4,
      -5,   -9,   -8,   -3,   -9,   -3,   -3,   -3,   -3,   -3,   -3,   -1,   -6,   -1,   -6,   -6,
      -9,   -4,   -8,  -10,   -3,    3,   -2,   -3,   -3,   -3,   -3,   -6,   -3,   -3,   -1,   -1,
     -10,   -8,   -3,   -3,   -3,   -3,   -3,  -11,  -11,  -16,  -16,  -30,  -16,  -30,  -34,   -1,
     -13,   15,  -13,  -13,   -4,   -1,    7,   -6,  -13,   -6,  -13,   -6,   -9,   -9,  -12,   -1,
      -1,   -5,  -17,   -5,   -2,  -13,  -13,  -13,  -13,  -13,  -13,  -13,  -13,  -13,  -13,  -13,
     -13,  -13,    7,  -13,  -13,  -13,  -24,  -13,  -13,  -13,   -1,    7,  -13,   -9,  -13,   -5,
     -13,  -13,  -13,   -6,  -13,  -13,  -13,  -13,  -30,  -12,  -16,  -12,  -16,  -16,  -79,  -59,
     -79,  -42,  -72,  -27,   -4,  -14,    3,    3,  -16,  -58,    3,  -58,  -58,  -22,  -61,    3,
     -16,  -58,  -16,  -58,  -16,  -56,  -16,  -17,  -12,  -12,  -25,  -12,  -35,  -49,  -37,  -72,
     -58,  -58,  -58,  -58,  -58,  -58,  -58,  -58,  -58,  -58,  -58,  -58,  -58,    3,  -58,  -58,
     -58,  -58,  -58,  -58,  -58,  -61,    3,  -58,  -56,  -56,  -35,  -58,  -58,  -58,  -16,  -58,
     -58,  -58,  -58,  -59,  -79,  -58,  -11,  -58,  -40,  -20,    2,   -9,   -3,  -30,  -30,  -30,
     -13,    4,    2,  -30,    2,  -30,    2,  -20,    5,    3,    3,   -1,    5,   -8,  -32,  -12,
     -30,  -30,  -30,  -30,  -30,  -30,  -30,  -30,    4,    4,    4,  -30,  -30,  -30,  -30,  -30,
     -30,  -30,  -30,  -30,  -30,  -30,  -30,  -13,    4,    4,    4,  -30,  -20,  -20,   -8,    4,
     -30,    4,    4,  -30,  -30,    2,  -30,    4,  -30,  -30,  -30,  -11,    2,    3,    2,    3,
     -58,    2,  -74,  -58,  -74,  -48,  -29,    3,  -55,  -20,   -8,  -12,    5,   -6,  -56,  -56,
     -56,  -16,  -63,   -4,  -56,   -4,  -56,   -4,  -48,  -12,  -11,   -4,   -4,  -16,   -3,  -30,
     -53,    5,  -26,  -55,  -56,  -56,  -56,  -56,  -56,  -56,  -56,  -56,  -56,  -56,  -56,  -56,
     -56,  -56,  -56,  -56,  -56,  -56,  -56,  -56,  -63,  -56,  -48,  -48,  -30,  -56,  -56,  -56,
      -4,  -56,  -56,  -56,  -56,  -58,  -74,   -6,  -53,  -42,  -53,  -32,  -24,    2,  -53,  -32,
     -32,  -32,  -16,    5,  -32,    5,  -32,    5,  -21,    5,    2,    2,  -18,  -48,  -18,  -32,
     -32,  -32,  -32,  -32,  -32,  -32,  -32,  -32,  -32,  -32,  -32,  -32,  -32,  -32,  -32,  -32,
     -32,  -32,  -32,  -16,  -32,  -21,  -21,  -18,  -32,  -32,  -32,    5,  -32,  -32,  -32,  -32,
     -42,  -53,  -26,   -6,   -9,  -37,   -8,  -41,  -40,  -38,   -9,  -37,  -23,  -27,  -23,  -23,
     -74,  -37,  -74,  -32,  -11,  -24,  -37,  -42,  -29,  -21,   -8,  -11,  -11,  -11,   -6,  -11,
     -32,  -34,  -13,  -55,  -21,  -26,  -82,  -63,  -21,  -40,  -53,  -37,  -34,   -3,  -11,    3,
     -37,   -3,   -5,  -42,   -8,  -37,  -26,  -37,  -37,  -32,  -34,   -5,  -40,  -71,  -55,  -21,
      -8,   -8,  -37,  -37,  -74,  -11,   -5,   -5,  -22,  -21,   -5,   32,  -26,  -21,  -26,  -32,
     -26,  -37,  -58,  -53,   63,  -31,  -11,  -55,  -31,  -31,  -11,  -16,   11,  -11,  -32,  -21,
     -21,  -16,   -3,   -5,   -5,  -11,  -11,  -16,  -16,  -69,  -69,  -21,  -21,   11,  -13,  -42,
     -58,  -29,   -8,  -13,   11,  -21,   11,  -11,  -37,  -45,  -48,  -11,  -26,  -30,  -63,  -11,
     -53,  -53,  -11,  -18,  -13,  -26,  -21,  -11,  -16,  -21,  -40,  -37,  -11,  -11,  -53,   11,
     -66,  -30,  -58,  -11,  -30,  -69,  -37,  -17,  -11,   11,  -32,    5,  -17,  -32,  -22,  -55,
     -37,   -5,   11,   -5,  -13,  -13,  -11,  -11,  -13,  -13,  -13,  -18,  -26,  -13,  -18,   -5,
      -5,  -32,  -13,  -13,  -32,  -69,    5,  -13,  -13,  -96,  -92,  -16,  -11,  -11,   -8,  -11,
     -11,   -3,   -5,   -5,  -18,   -8,    5,   -8,  -16,  -12,  -11,  -11,  -11,  -13,  -13,    4,
       4,    4,   -3,    4,    4,    4,    4,    4,    4,  -13,  -13,  -11,  -11,   -5,   -5,  -13,
      -3,   -1,   -5,   -5,   -8,  -11,  -17,   -5,   -5,   -5,   -5,  -12,   -5,   -5,   -5,   -5,
      -3,   -5,  -16,   -5,  -11,   -5,   -5,   -5,   -5,   -5,   -5,   -5,   -5,   -5,  -13,  -13,
     -11,  -24,  -32,   16,  -24,  -20,  -18,  -21,  -21,   -8,  -13,  -24,  -26,  -26,  -11,  -32,
     -32,  -21,  -21,   -5,   -5,   -5,   -8,   -5,   -4,   -5,  -11,   -5,   -5,   -4,   -5,   -5,
     -21,   -5,  -17,  -11,   -8,  -16,  -21,   -5,  -17,  -17,  -24,  -24,   -5,  -19,  -21,  -21,
     -24,  -16,   -6,  -11,  -24,  -16,   -5,   -6,  -40,  -25,  -13,   11,    5,  -18,  -25,   -5,
     -45,  -21,  -21,  -24,  -74,  -74,  -11,   11,  -42,  -13,  -48,  -34,  -21,   11,   11,  -26,
     -21,  -13,  -13,  -12,  -13,  -13,  -32,  -18,  -13,  -13,   -5,  -18,  -13,  -13,  -32,   11,
     -48,  -13,  -13,  -13,  -13,  -74,  -63,  -18,  -63,  -13,  -16,   -3,  -34,  -32,  -23,  -37,
     -12,   -3,  -29,  -33,  -11,  -31,  -20,  -18,  -24,  -11,  -18,  -20,  -30,  -24,  -24,  -20,
     -24,   -5,  -20,   -2,  -16,  -22,  -24,  -24,  -26,  -20,  -20,  -30,  -39,  -11,  -26,  -20,
     -11,  -24,  -18,  -63,   -5,    5,  -18,  -24,  -29,  -24,  -18,   -5,    5,  -18,   -8,  -24,
     -16,  -16,   -5,  -32,  -24,  -24,  -21,  -16,  -27,  -16,   -3,  -27,  -22,  -14,  -18,  -12,
     -16,  -14,  -14,  -18,  -11,  -14,   -6,  -14,  -22,  -37,  -14,  -26,  -11,   -8,  -14,  -14,
     -16,  -14,  -14,  -16,  -16,  -21,   63,  -26,    5,  -21,  -26,  -32,  -26,  -37,  -58,  -53,
      63,   -5,  -19,  -21,  -21,  -24,  -16,   -6,  -11,  -16,  -16,   -5,   -6,  -16,   -5,  -13,
      11,    5,  -18,   -5,   -5,  -32,  -21,  -21,  -16,  -11,  -10,  -11,  -11,   -8,  -11,  -11,
     -26,  -26,  -11,   -5,   -5,   -5,  -11,   -8,   -5,   -5,   -5,   -5,   -5,  -11,   -8,   -5,
     -26,  -11,   -5,   -5,  -63,  -32,   -8,   -5,  -16,  -13,  -13,  -18,  -20,   -5,   -5,  -11,
      -5,  -20,  -11,  -13,  -11,  -13,  -13,  -20,  -32,  -40,  -40,  -11,   -6,   -4,   -4,  -11,
     -11,   -4,  -17,  -11,   -4,   -4,  -11,  -11,   -5,   -4,   -4,  -17,  -20,   -8,   -5,  -11,
     -40,  -11,  -11,  -11,   -9,   -3,   -8,  -21,   -3,   -8,  -12,   -3,   -3,  -11,  -11,  -16,
      -9,   -3,   -3,  -16,  -16,  -18,  -15,  -13,   -8,  -17,  -11,   -6,  -11,  -11,  -11,   -5,
      -5,   -5,   -5,   -5,  -11,  -11,  -11,   -5,   -5,   -5,   -5,   -5,   -5,   -5,  -11,   -5,
      -5,   -5,   -5,   -5,   -5,   -5,   -5,   -5,   -5,   -5,   -5,   -5,   -5,   -5,  -11,  -11,
     -11,   -5,   -5,   -5,   -5,   -5,   -5,   -5,   -5,   -5,   -5,   -5,   -5,   -5,   -5,   -5,
      -5,   -5,   -5,   -5,   -5,   -5,   -5,   -5,  -11,   -3,  -11,  -11,  -11,   -5,   -5,   -5,
      -5,   -5,   -5,   -5,  -11,   -5,   -5,   -5,  -11,   -5,   -5,   -5,   -5,   -5,   -5,   -5,
     -11,   -5,   -5,   -5,  -11,  -11,  -11,   -5,   -5,   -5,   -5,   -5,  -11,   -5,  -11,   -5,
      -8,   -5,  -11,   -5,  -11,  -13,   -5,   -5,   -5,  -11,   -5,   -5,  -11,   -5,  -11,  -11,
     -11,   -3,   -3,   -5,   -5,  -20,   -3,  -13,   -9,   -5,   -3,   -5,  -16,   -3,   -8,   -6,
      -5,   -7,   -5,   -8,   -3,   -3,  -13,   -7,  -24,   -3,   -3,  -13,  -20,   -7,  -16,  -11,
     -11,  -32,  -32,   -3,   -3,   -5,   -5,  -20,   -3,  -13,   -9,   -5,   -3,   -5,  -16,   -3,
      -8,   -6,   -5,   -7,   -5,   -8,   -3,   -3,  -13,   -7,  -24,   -3,   -3,  -13,  -20,   -7,
     -16,  -11,  -32,   -4,  -42,  -42,  -16,  -16,  -20,   -6,  -14,  -11,  -20,   -6,  -27,  -23,
      -6,   -6,  -10,  -13,  -20,  -13,   -6,   -6,  -27,  -21,  -49,   -6,  -22,  -11,  -22,  -42,
     -10,   -4,   -4,  -11,   -4,   -4,   -4,   -5,   -4,   -5,   -9,   -4,   -4,   -5,   -4,   -4,
     -11,  -11,  -11,   -5,   -5,   -5,   -5,   -5,   -5,   -5,   -5,   -5,   -6,   -5,   -5,   -5,
      -5,   -5,   -5,   -5,   -5,   -5,   -5,   -5,   -5,   -5,  -11,  -16,  -16,  -10,   -8,  -13,
     -31,  -12,  -16,  -16,  -16,  -10,   -8,   -5,  -31,  -12,  -16,  -21,  -21,   -5,   -5,   -5,
      -5,   -5,   -5,   -5,   -5,   -5,   -5,   -5,   -5,   -5,   -5,   -5,   -5,   -5,   -5,   -5,
      -5,   -5,   -5,   -5,  -21,  -11,  -11,  -11,   -9,   -3,   -8,  -21,   -3,  -14,  -12,   -3,
      -3,  -11,  -11,  -16,   -9,   -3,   -3,  -14,  -16,  -18,  -15,  -13,   -8,  -17,  -11,  -13,
      -4,   -4,  -17,   -4,  -18,  -12,   -4,   -4,   -5,   -4,   -4,  -18,   -4,   -4,   -5,   -3,
      -3,   -5,   -3,   -3,   -3,   -3,   -5,   -3,   -3,   -3,   -3,   -5,   -5,   -5,   -5,  -11,
     -11,   -5,   -6,   -6,   -5,   -6,   -5,  -11,   -5,   -5,   -6,  -11,   -5,   -5,  -11,   -5,
      -4,   -4,   -5,   -4,   -5,   -4,   -4,   -4,   -5,   -4,   -4,   -5,   -4,   -4,  -32,  -50,
      11,  -32,  -34,  -24,  -60,  -16,   -3,   -5,   -5,  -11,  -11,  -50,  -50,   -3,  -12, -128,
     -37,  -74,  -32,  -11,  -32,  -37,  -42,  -29,  -21,   -8,  -11,  -26,  -24,   -6,  -11,  -32,
     -34,  -32,  -74,  -74,  -26,  -87,  -77,  -48,  -87,  -69,  -37,  -53,  -21,  -26,  -21,  -74,
     -37,  -32,  -66,  -40,  -37,  -69,  -37,  -37,  -32,  -50,  -87,  -71,  -63,  -74,   -8,   -8,
     -37,  -37,  -74,  -84,  -84,  -34,  -11,  -24,   -6,  -18,  -13,  -26,   -6,  -58,  -29,   -6,
      -6,   -5,  -24,  -11,  -17,   -6,   -6,  -58,  -11,  -53,   -6,  -21,  -13,  -20,  -84,  -63,
     -32,   -8,   -5,  -16,  -13,  -13,  -18,  -20,   -6,   -5,   -5,  -11,   -5,  -20,  -11,  -13,
     -11,  -13,  -13,  -20,  -32,  -69,  -69,  -21,  -21,   11,  -29,  -42,  -58,  -29,   -8,  -29,
      11,  -21,   11,  -11,  -37,  -45,  -48,  -11,  -26,  -30,  -63,  -11,  -53,  -53,  -11,  -18,
     -13,  -26,  -21,  -11,  -16,  -21,  -40,  -37,  -11,  -11,  -53,   11,  -66,  -30,  -58,  -11,
     -30,  -69,  -69,  -69,  -21,  -21,   11,  -32,  -42,  -58,  -29,   -8,  -32,   11,  -21,   11,
     -11,  -37,  -45,  -48,  -11,  -26,  -30,  -63,  -11,  -53,  -53,  -11,  -18,  -13,  -26,  -21,
     -11,  -16,  -21,  -40,  -37,  -11,  -11,  -53,   11,  -66,  -30,  -58,  -11,  -30,  -69,  -42,
      -6,  -32,   -6,  -40,  -13,  -61,  -43,  -42,  -32,  -32,  -58,  -58,  -50,   -8,   -4,  -11,
      -3,  -22,   18,  -22,  -22,   -3,  -29,   18,    8,  -22,  -22,  -26,   -3,   -3,   -5,  -26,
     -50,  -22,  -22,  -22,  -22,  -22,  -22,  -22,  -22,   34,   34,   51,  -22,  -22,  -22,  -22,
     -22,   18,  -22,  -22,  -22,  -22,  -22,  -22,  -22,  -29,   32,   40,   42,   -4,   16,   18,
     -22,  -26,  -26,   -5,   42,  -25,   78,   30,  -13,  -22,  -22,   37,  -22,  -22,  -22,  -18,
     -58,  -26,  -58,  -58,  -26,  -53,  -32,  -16,  -14,  -54,    5,  -54,  -54,  -18,  -54,    5,
       4,  -11,  -54,  -11,  -54,  -11,  -49,  -11,  -21,  -18,  -18,  -21,  -32,  -32,  -53,  -54,
     -54,  -54,  -54,  -54,  -54,  -54,  -54,    4,   20,   41,  -54,  -54,  -54,  -54,  -54,    5,
     -54,  -54,  -54,  -54,  -54,  -54,  -54,  -54,   18,   23,   18,   16,    5,  -54,  -49,  -49,
     -32,   20,  -70,   69,   21,  -63,  -54,   -5,  -54,   19,  -54,  -54,  -54,  -58,  -26,  -37,
     -16,  -12,  -49,   -3,  -53,  -40,  -53,   -3,  -16,   -3,   -3,   -3,   -8,   -3,   -3,   -3,
      -3,   -3,  -13,  -11,  -16,  -16,   -8,   -3,   -3,   -3,   -3,   -3,   -3,   -3,   -3,   -8,
      -8,   -8,   -3,   -3,   -3,   -3,   -3,   -3,   -3,   -3,   -3,   -3,   -3,   -3,   -3,   -8,
      -8,   -8,   -3,   -3,  -49,   -8,   -3,   -8,   -8,   -3,   -3,   -3,   -3,   -8,   -3,   -3,
      -3,  -26,  -34,   -8,  -16,  -26,   -8,  -29,  -32,  -29,  -32,  -11,  -29,  -26,  -11,  -56,
     -13,
};

static const EpdLigaturePair literatamono_16_bolditalicLigaturePairs[] = {
    { 0x00660069, 0xFB01 }, // f i -> U+FB01
    { 0x0066006C, 0xFB02 }, // f l -> U+FB02
};

static const EpdFontData literatamono_16_bolditalic = {
    literatamono_16_bolditalicBitmaps,
    literatamono_16_bolditalicGlyphs,
    literatamono_16_bolditalicIntervals,
    68,
    49,
    39,
    -11,
    true,
    literatamono_16_bolditalicGroups,
    13,
    nullptr,
    nullptr,  // kernLeftClasses: built-in fonts use the split arrays below
    nullptr,  // kernRightClasses
    literatamono_16_bolditalicKernLeftCodepoints,
    literatamono_16_bolditalicKernLeftClassIds,
    literatamono_16_bolditalicKernRightCodepoints,
    literatamono_16_bolditalicKernRightClassIds,
    nullptr,  // kernMatrix: built-in fonts use the sparse form below
    literatamono_16_bolditalicKernRowOffsets,
    literatamono_16_bolditalicKernSparseCols,
    literatamono_16_bolditalicKernSparseValues,
    528,
    504,
    155,
    193,
    literatamono_16_bolditalicLigaturePairs,
    2,
};
