/**
 * generated by fontconvert.py
 * name: notosans_16_regular
 * size: 16
 * mode: 2-bit  compressed: true
 * Command used: fontconvert.py notosans_16_regular 16 ../builtinFonts/source/NotoSans/NotoSans-Regular.ttf --2bit --compress --pnum --zopfli --mono
 */
#pragma once
#include "EpdFontData.h"

static const uint8_t notosans_16_regularBitmaps[17993] = {
    0x5C, 0xD0, 0x81, 0xC9, 0xEE, 0x30, 0x08, 0x85, 0xE1, 0x17, 0x32, 0x80, 0x0B, 0x05, 0xCE, 0xEA,
    0x42, 0x17, 0x72, 0x00, 0xE1, 0xDC, 0x48, 0xE0, 0x6F, 0xEF, 0xA7, 0xF1, 0xA1, 0x94, 0x03, 0x82,
    0x80, 0xFE, 0xAF, 0xBD, 0x01, 0xD9, 0xEA, 0xC8, 0xEF, 0xDB, 0xEB, 0x7D, 0xAC, 0x8A, 0x43, 0x06,
    0x1F, 0xE2, 0xA2, 0x03, 0x1B, 0xD9, 0xEE, 0x17, 0x44, 0xC3, 0xA6, 0xBE, 0xF4, 0xC1, 0xA7, 0xCA,
    0x03, 0xB5, 0x92, 0x97, 0x59, 0xF1, 0xBB, 0x87, 0xCF, 0x2C, 0x3B, 0xC3, 0x2E, 0x39, 0xAA, 0x03,
    0xBE, 0xE3, 0x00, 0x19, 0xC2, 0x05, 0xBE, 0x1F, 0x44, 0x34, 0xC1, 0xDF, 0xE4, 0x19, 0x87, 0x66,
    0x77, 0x9E, 0x81, 0xE0, 0x3B, 0x44, 0x81, 0x90, 0xA1, 0xD9, 0x01, 0x45, 0x47, 0xAE, 0xA2, 0x56,
    0xAE, 0x1C, 0xE3, 0xCA, 0x28, 0xC6, 0x7E, 0x7D, 0xCA, 0xD5, 0xF1, 0x3C, 0xEE, 0xAD, 0x78, 0xB2,
    0xE5, 0x98, 0x13, 0x96, 0x62, 0xB2, 0x7B, 0xA4, 0x03, 0xB1, 0xEA, 0x3A, 0x7F, 0x22, 0xC7, 0xE0,
    0x24, 0x11, 0x2B, 0x9B, 0xCD, 0x72, 0xD3, 0xE0, 0x42, 0x0D, 0x2C, 0xFB, 0x9A, 0x4C, 0xBC, 0xC6,
    0xF5, 0x6B, 0x45, 0xC2, 0x2A, 0x1D, 0xB1, 0x19, 0x8B, 0x31, 0xE1, 0x9E, 0x22, 0xF5, 0x34, 0x42,
    0x18, 0xD1, 0x28, 0xC7, 0xA8, 0xA6, 0xDF, 0x85, 0xA3, 0x12, 0xDF, 0xE5, 0x15, 0x6D, 0xC2, 0x2E,
    0xE5, 0xB2, 0x27, 0x3B, 0xB5, 0x4F, 0x21, 0x9A, 0x5E, 0x73, 0x8B, 0xD3, 0xE2, 0xF6, 0xA6, 0x3F,
    0xAD, 0xBF, 0x9E, 0xCC, 0xC9, 0x16, 0x8D, 0xFA, 0x5F, 0x73, 0xE6, 0x9A, 0xE2, 0xBA, 0x93, 0x43,
    0xF1, 0x03, 0xFA, 0xDA, 0xA0, 0xAD, 0xDC, 0x05, 0x18, 0xB4, 0x75, 0xC1, 0x7F, 0x01, 0xBD, 0x15,
    0x41, 0xBE, 0x0A, 0xCE, 0xA8, 0x2C, 0x5B, 0x38, 0x9E, 0x4E, 0x67, 0x32, 0x6F, 0x5B, 0xE7, 0xA7,
    0xDB, 0xA9, 0x47, 0xAA, 0x54, 0x0F, 0xC7, 0x75, 0x6F, 0x9F, 0xCC, 0xBD, 0x4D, 0xF6, 0xF9, 0x4C,
    0x62, 0xDD, 0xFD, 0x0D, 0xD9, 0xA3, 0x23, 0x3E, 0x72, 0x71, 0x31, 0xF1, 0xE4, 0x71, 0xF5, 0xE8,
    0x25, 0x90, 0xB6, 0x6B, 0x2F, 0x19, 0x1A, 0xF8, 0xF3, 0x05, 0xA8, 0xBF, 0x14, 0xC9, 0x3C, 0xF5,
    0x2A, 0x8F, 0x76, 0x3F, 0xA7, 0x97, 0x24, 0x69, 0x65, 0x40, 0x5B, 0xEE, 0x16, 0x90, 0xDD, 0xD4,
    0xDB, 0x8E, 0xC4, 0xED, 0x48, 0x97, 0x5B, 0xFA, 0xA5, 0x30, 0x2C, 0xB0, 0x87, 0x98, 0x74, 0x73,
    0x0D, 0x83, 0x94, 0x90, 0xF9, 0xA1, 0xB6, 0xA3, 0xE7, 0x4B, 0xDA, 0xC3, 0xE6, 0x60, 0x62, 0x6F,
    0x8C, 0x83, 0xAE, 0x74, 0xFB, 0x76, 0xAA, 0xFF, 0x51, 0xC7, 0xE7, 0x06, 0xCB, 0x6E, 0x23, 0xB9,
    0x7F, 0xC7, 0x17, 0x24, 0x01, 0xDC, 0x24, 0xD1, 0x52, 0x07, 0x0C, 0x00, 0x01, 0x39, 0xC6, 0xCF,
    0xFC, 0xEF, 0xFF, 0xBC, 0x5C, 0xB7, 0xFA, 0xF3, 0x0B, 0x78, 0x51, 0xFF, 0xD1, 0xAF, 0x5E, 0x14,
    0x67, 0x9A, 0xDD, 0x44, 0x07, 0x92, 0xD0, 0x24, 0x19, 0x46, 0xA2, 0xCB, 0x42, 0x17, 0x6C, 0xF0,
    0x28, 0xC8, 0x82, 0xFE, 0xB5, 0x20, 0x05, 0x5B, 0xC8, 0x85, 0x28, 0xC8, 0x82, 0xFA, 0x02, 0x0A,
    0xB6, 0x90, 0x0B, 0x24, 0xE9, 0x1C, 0x74, 0xF5, 0x3F, 0xA0, 0xFB, 0x74, 0x08, 0xC0, 0x4F, 0x3A,
    0xF6, 0xE0, 0x25, 0x07, 0xAC, 0x63, 0xF8, 0xA2, 0xFF, 0x5E, 0x4A, 0x98, 0x73, 0xCF, 0x9F, 0x80,
    0x30, 0x60, 0x0C, 0x21, 0x63, 0x22, 0x7F, 0xA9, 0x37, 0x97, 0x24, 0x91, 0xDD, 0xD2, 0xA0, 0x4B,
    0xF0, 0xC5, 0x1C, 0xB2, 0x25, 0x97, 0xD0, 0xBA, 0x7B, 0xFE, 0xF0, 0x79, 0x8C, 0x00, 0xFB, 0x71,
    0xAC, 0x47, 0xF6, 0x7B, 0x16, 0x9B, 0x69, 0xD1, 0xC9, 0x25, 0x58, 0xF6, 0xE6, 0x9E, 0x0C, 0xF3,
    0x9E, 0xFB, 0x17, 0xC5, 0xD1, 0x1E, 0x17, 0x12, 0xE0, 0xB1, 0x56, 0xC2, 0xDC, 0xF0, 0xD4, 0x0F,
    0x3B, 0x94, 0x2C, 0x99, 0x6B, 0x28, 0xF7, 0x98, 0xCC, 0xFA, 0xEA, 0xF8, 0xAB, 0xE7, 0x1E, 0x3F,
    0x2C, 0xE5, 0x5D, 0x84, 0xA4, 0xB9, 0xA5, 0x32, 0x53, 0x18, 0x67, 0xDC, 0xE3, 0x36, 0xAF, 0x1D,
    0xD2, 0xB1, 0x37, 0x7A, 0x89, 0x86, 0xB9, 0xD6, 0x5F, 0xEA, 0x56, 0xB7, 0x3A, 0x7E, 0xB8, 0x56,
    0xDA, 0x75, 0xC7, 0x04, 0xF0, 0xD5, 0xDF, 0xA2, 0x25, 0xFA, 0xCD, 0x21, 0xD1, 0x5E, 0x89, 0x63,
    0x62, 0xD0, 0x01, 0x3B, 0x63, 0xF7, 0x35, 0xBB, 0xD7, 0xED, 0xEA, 0xCF, 0x5B, 0x8E, 0x4B, 0x3D,
    0x3F, 0xFF, 0x23, 0x8F, 0x61, 0x70, 0x58, 0x40, 0x09, 0x30, 0xBA, 0x8C, 0x97, 0xC0, 0x00, 0x8F,
    0x08, 0x6E, 0x33, 0x94, 0xB2, 0x74, 0x1B, 0xF9, 0x7C, 0x5E, 0xFC, 0xDB, 0xE8, 0xF9, 0xCA, 0x12,
    0x31, 0x9A, 0x1C, 0xDD, 0x0F, 0x25, 0xD9, 0x51, 0xD6, 0xA3, 0x11, 0xD9, 0xCB, 0xC1, 0xF6, 0x8A,
    0x0B, 0x0A, 0x65, 0xA8, 0x1B, 0x8C, 0x29, 0xBE, 0x21, 0x11, 0x12, 0x29, 0x71, 0x71, 0x21, 0xFE,
    0xA3, 0x93, 0xD2, 0xE1, 0x52, 0x42, 0x53, 0x91, 0x20, 0x8D, 0xD8, 0x60, 0xA9, 0x89, 0x1E, 0xCA,
    0xD3, 0x1D, 0x63, 0x28, 0x59, 0x02, 0xC0, 0x90, 0xA3, 0x81, 0xD9, 0xCD, 0x9D, 0xBC, 0x27, 0xE9,
    0x8B, 0x8F, 0x21, 0xE4, 0x11, 0x43, 0xF5, 0xBC, 0x70, 0x2B, 0x1A, 0x6C, 0x98, 0x50, 0x3F, 0x49,
    0xD2, 0x21, 0xC5, 0x38, 0x59, 0xD6, 0x49, 0x27, 0xA7, 0xE0, 0xB0, 0xAB, 0x25, 0xCF, 0xF2, 0x85,
    0x44, 0x42, 0x16, 0xC0, 0x05, 0x7B, 0x46, 0x36, 0x48, 0x46, 0x87, 0x9E, 0x64, 0x4C, 0x09, 0xC3,
    0xC0, 0x9F, 0xD1, 0xF5, 0x91, 0x9C, 0xB2, 0x04, 0x00, 0xAE, 0xB4, 0xE3, 0x6F, 0x17, 0x42, 0x5C,
    0xE3, 0x8C, 0xA1, 0xE1, 0x04, 0x17, 0xF2, 0x3D, 0x88, 0x29, 0xD6, 0x83, 0xBE, 0x90, 0x05, 0xA1,
    0xAB, 0x77, 0x0F, 0xB5, 0x40, 0xE2, 0xD6, 0x5F, 0x4E, 0x9B, 0x35, 0x0A, 0x12, 0x83, 0x2C, 0xE0,
    0x2D, 0x2E, 0x25, 0x34, 0x8E, 0xAA, 0x84, 0x20, 0x79, 0x8B, 0x95, 0x9F, 0x4A, 0x00, 0x2F, 0xF4,
    0x22, 0xDF, 0xFB, 0xBC, 0x9F, 0x94, 0xFB, 0x20, 0xEF, 0xE8, 0xFC, 0xC5, 0xDC, 0x9D, 0x4A, 0x21,
    0xF0, 0xE7, 0x32, 0x5E, 0xFE, 0xFB, 0x78, 0x09, 0x79, 0x00, 0xB0, 0x1D, 0x5C, 0xB0, 0x1D, 0x5E,
    0xD0, 0x58, 0xC8, 0x82, 0x30, 0x84, 0x30, 0x92, 0x50, 0xB2, 0x43, 0xFB, 0x11, 0x48, 0xF2, 0x82,
    0x4E, 0xF8, 0x18, 0xA4, 0x97, 0x69, 0x42, 0xE2, 0x9F, 0xB4, 0xAE, 0x01, 0xFA, 0x6F, 0x35, 0x73,
    0x27, 0x98, 0x60, 0x20, 0x01, 0xF5, 0xEB, 0xDA, 0x94, 0x28, 0xA8, 0x17, 0x0C, 0x05, 0x16, 0x24,
    0x0B, 0x1A, 0x05, 0xF3, 0x05, 0x14, 0x58, 0xE8, 0x55, 0xFF, 0x1D, 0x05, 0x09, 0xCC, 0xCA, 0x5E,
    0x30, 0x3F, 0x6B, 0x91, 0xB8, 0x6D, 0x07, 0xF3, 0x95, 0xF8, 0x54, 0x1F, 0xCD, 0x64, 0x07, 0x84,
    0x4F, 0x0C, 0x40, 0x9B, 0x96, 0x09, 0xD8, 0x85, 0x9B, 0xA5, 0x01, 0x79, 0x52, 0x81, 0x28, 0xBA,
    0x34, 0xDD, 0x52, 0x42, 0xAF, 0x84, 0x25, 0xD2, 0x86, 0xD8, 0x12, 0x36, 0x16, 0x8B, 0x7A, 0xA5,
    0xF7, 0x4C, 0xCD, 0x86, 0x2F, 0xC4, 0x20, 0x0B, 0xC9, 0x05, 0xDB, 0xE1, 0x05, 0x5D, 0x90, 0x58,
    0xC8, 0x02, 0x76, 0xD8, 0x0E, 0x2F, 0xE8, 0x82, 0xC4, 0x42, 0x16, 0xB0, 0x83, 0x0B, 0xB6, 0xA0,
    0x03, 0x49, 0x08, 0x03, 0x80, 0x9D, 0x3B, 0x74, 0x40, 0x72, 0x99, 0x06, 0x40, 0x98, 0x9F, 0x3B,
    0xB9, 0x7A, 0x93, 0x3B, 0x73, 0x31, 0x16, 0xE5, 0x05, 0x75, 0x71, 0xF2, 0x5B, 0xD3, 0x01, 0x73,
    0x2D, 0x12, 0xDA, 0x5F, 0x44, 0xB7, 0xEC, 0x81, 0x01, 0x94, 0x04, 0xD8, 0x7F, 0x2E, 0x79, 0xEE,
    0xB5, 0xC8, 0x8B, 0x97, 0x0B, 0x29, 0xE9, 0xBC, 0x39, 0x97, 0x43, 0x02, 0x6F, 0xF5, 0x7F, 0xD5,
    0xDF, 0xC4, 0x6C, 0x66, 0x30, 0x5F, 0xD4, 0xD8, 0xD9, 0x2D, 0x3D, 0x92, 0xE7, 0x69, 0x32, 0xCF,
    0x42, 0x9D, 0x35, 0x83, 0x57, 0x90, 0x28, 0x58, 0x9C, 0xC5, 0x26, 0x09, 0x36, 0x50, 0x9F, 0xAA,
    0x16, 0x70, 0x7F, 0x24, 0x9F, 0x2F, 0x57, 0x61, 0x4B, 0x80, 0xDF, 0x63, 0xC9, 0xA3, 0xD9, 0x9A,
    0x47, 0x58, 0x8D, 0x80, 0xCC, 0xCB, 0x42, 0xEB, 0xF6, 0x92, 0x40, 0x9C, 0xE3, 0x95, 0xB8, 0xED,
    0xA1, 0x9D, 0xF3, 0x3F, 0x8F, 0x6E, 0xCC, 0x7F, 0x0E, 0x76, 0x8C, 0xBD, 0xB9, 0xA6, 0xF0, 0x78,
    0x20, 0x91, 0x81, 0x79, 0x2E, 0xA5, 0x61, 0x70, 0x3D, 0x64, 0x9A, 0xD7, 0xBA, 0x86, 0xF9, 0xD3,
    0x78, 0xF1, 0xE9, 0xE7, 0x8F, 0xF4, 0xEB, 0xE1, 0x89, 0x6F, 0x07, 0x84, 0x27, 0x40, 0x0C, 0x76,
    0x53, 0xEF, 0x86, 0xD9, 0xDD, 0x47, 0xB7, 0x95, 0xCB, 0xAB, 0x23, 0x4F, 0x9F, 0xED, 0x23, 0x61,
    0x90, 0x90, 0xF1, 0xDB, 0xE1, 0x6D, 0x0E, 0x8C, 0x12, 0x48, 0x75, 0x3D, 0xBD, 0xEF, 0x1E, 0xED,
    0xAD, 0x5B, 0x67, 0x06, 0x79, 0x5C, 0xFD, 0x56, 0xDE, 0x3B, 0x18, 0x74, 0x40, 0x4F, 0x1F, 0xE3,
    0x61, 0x00, 0xA4, 0x7D, 0x99, 0x4C, 0xA0, 0x2E, 0xE1, 0x01, 0xF2, 0x12, 0x8F, 0x5B, 0x14, 0xCE,
    0x01, 0x17, 0xEE, 0xF0, 0x4E, 0x3D, 0xDA, 0x33, 0x8F, 0xA3, 0xEE, 0x56, 0x61, 0xAF, 0x79, 0x21,
    0x0C, 0x90, 0xE0, 0xF9, 0xAB, 0x2B, 0xED, 0x1C, 0xD2, 0x38, 0xB3, 0x74, 0x89, 0xEB, 0xA2, 0x49,
    0x39, 0x2B, 0xB5, 0x6F, 0x9F, 0x66, 0x60, 0x9A, 0xF1, 0x21, 0x8C, 0xE4, 0x05, 0x00, 0x38, 0xBD,
    0x89, 0xC2, 0xE5, 0x17, 0xD1, 0xBF, 0x98, 0x48, 0xD2, 0x2F, 0xC8, 0x75, 0x07, 0x3E, 0xBB, 0x99,
    0xFD, 0x64, 0x39, 0x4D, 0x7D, 0x99, 0x94, 0xC5, 0x32, 0x64, 0xDB, 0x24, 0x4F, 0x8E, 0x78, 0xCE,
    0xB1, 0x01, 0xD6, 0x2D, 0xC0, 0x67, 0x77, 0x97, 0x11, 0x7F, 0xEE, 0x64, 0x16, 0x6C, 0x2B, 0x6C,
    0x56, 0x48, 0x2D, 0x1C, 0x4B, 0xAC, 0xD0, 0x73, 0x08, 0x05, 0x20, 0x17, 0x36, 0xD8, 0xFC, 0xF4,
    0x98, 0xB7, 0x54, 0x98, 0xEB, 0xCA, 0x99, 0x60, 0xC2, 0x48, 0x68, 0xD0, 0xBF, 0x8A, 0x80, 0x8C,
    0x20, 0x7D, 0xCA, 0x61, 0x94, 0x20, 0x24, 0x72, 0xA4, 0xBB, 0x88, 0x95, 0xF6, 0x08, 0xA5, 0x47,
    0x02, 0x78, 0x29, 0x4B, 0x64, 0x0F, 0x42, 0x70, 0x4E, 0x11, 0xDE, 0x6B, 0xCF, 0xEB, 0x1A, 0x0F,
    0xD2, 0xC3, 0x08, 0x18, 0xCF, 0x63, 0xE9, 0x39, 0xD8, 0xC8, 0x37, 0x22, 0x3A, 0x9F, 0x86, 0x40,
    0x49, 0x60, 0x09, 0xD8, 0x5E, 0x8A, 0xB1, 0x09, 0xB9, 0x69, 0x32, 0xCD, 0x25, 0xED, 0xB9, 0x4D,
    0xDB, 0x4D, 0x39, 0x27, 0x20, 0x90, 0xB4, 0xD0, 0x54, 0x72, 0x03, 0x73, 0x3B, 0x4E, 0x59, 0xA0,
    0x69, 0x6E, 0xDE, 0xA7, 0x84, 0x93, 0x9F, 0x1C, 0x5D, 0xDB, 0x6A, 0x4B, 0xBD, 0x47, 0xEC, 0x71,
    0x07, 0xE9, 0xD0, 0x92, 0x11, 0xA0, 0xE0, 0xDE, 0x39, 0x61, 0x82, 0x87, 0x90, 0xF8, 0xA7, 0xF5,
    0x41, 0x9F, 0x5B, 0xD7, 0x3E, 0xFB, 0xA5, 0xCF, 0xC0, 0xA9, 0x5C, 0xFA, 0xB3, 0xD2, 0xC9, 0x28,
    0xB9, 0x30, 0x7F, 0x6F, 0x86, 0xDE, 0xE7, 0x88, 0x64, 0x02, 0x9F, 0xAB, 0xB8, 0xDC, 0xFD, 0x82,
    0xED, 0x77, 0x5F, 0xF6, 0xC1, 0x4D, 0x26, 0xF3, 0xDD, 0x6B, 0x9E, 0x46, 0xC2, 0x3C, 0xC1, 0x3E,
    0xF9, 0xD3, 0x28, 0x39, 0xCE, 0x40, 0x72, 0x89, 0x25, 0xF3, 0xFE, 0x5C, 0xA2, 0xF3, 0x81, 0x25,
    0x2B, 0xA9, 0x97, 0x22, 0x5F, 0x5D, 0x61, 0x09, 0x06, 0x82, 0x14, 0x12, 0x4C, 0x7E, 0x3F, 0x08,
    0x42, 0x13, 0xE6, 0x84, 0x74, 0x79, 0x89, 0xFF, 0x90, 0x0B, 0x4B, 0xC4, 0xBF, 0x61, 0x68, 0xE6,
    0xE0, 0x91, 0x16, 0x97, 0x69, 0x66, 0xBF, 0xC9, 0x80, 0x5C, 0xBA, 0x1E, 0x90, 0x7E, 0xDA, 0x9E,
    0xFB, 0x76, 0x42, 0xD2, 0xD3, 0xF8, 0x76, 0x55, 0x5C, 0x96, 0xC5, 0xF6, 0x2F, 0x6D, 0x05, 0xC0,
    0xAF, 0x0A, 0x8D, 0x60, 0x3C, 0x18, 0x74, 0x10, 0xC8, 0x7F, 0xCC, 0x84, 0x61, 0x24, 0xFF, 0xCA,
    0x04, 0x02, 0x28, 0x12, 0xB0, 0x80, 0xD2, 0xC1, 0x72, 0xC7, 0x07, 0x6D, 0x81, 0xDE, 0x6F, 0x42,
    0x1C, 0x6D, 0xEA, 0x30, 0x06, 0x77, 0x53, 0xC7, 0x7B, 0x0B, 0x08, 0x03, 0x8C, 0xCF, 0x47, 0x5E,
    0x0E, 0x69, 0x12, 0x96, 0xC6, 0x4C, 0x65, 0x64, 0x3F, 0x8F, 0x7A, 0x2D, 0x36, 0x08, 0x75, 0xE4,
    0x09, 0x09, 0x48, 0x0C, 0x42, 0x1D, 0xC8, 0xC1, 0x66, 0x00, 0x6C, 0xC7, 0x56, 0xD0, 0x3C, 0xD1,
    0xCF, 0x5C, 0x29, 0x0B, 0xEB, 0x85, 0x31, 0x4E, 0x59, 0x4E, 0x97, 0xB3, 0xF5, 0x0F, 0xDD, 0x9D,
    0x9D, 0x6E, 0xE5, 0x0B, 0xEB, 0x39, 0xBF, 0xC9, 0xEE, 0xB2, 0xAC, 0x5D, 0x00, 0xA5, 0x47, 0x00,
    0x0C, 0x70, 0x1C, 0xCC, 0xCB, 0x6E, 0x2E, 0x01, 0xF6, 0xC6, 0xB8, 0x1A, 0xAD, 0x45, 0x73, 0xCC,
    0x5C, 0x0F, 0x40, 0x0F, 0xD9, 0x19, 0x1D, 0xC3, 0xCA, 0xB3, 0xF2, 0xAE, 0x32, 0x97, 0x3D, 0x43,
    0xBD, 0x43, 0x33, 0x98, 0xF8, 0x74, 0x54, 0x06, 0x4F, 0xA1, 0x59, 0x30, 0xC3, 0x01, 0x9D, 0xF8,
    0xC8, 0x8E, 0x78, 0x82, 0xFA, 0x09, 0x2B, 0x3D, 0x58, 0x60, 0x2E, 0xEC, 0x1F, 0x91, 0x7E, 0xE8,
    0xF6, 0xBF, 0x08, 0x71, 0x3F, 0x85, 0x7E, 0xFA, 0xD8, 0x96, 0x2E, 0x67, 0x12, 0xC0, 0x1F, 0x68,
    0xC0, 0xE2, 0x97, 0xD9, 0x2D, 0x67, 0x3A, 0xE7, 0x14, 0xFA, 0x95, 0xD1, 0x61, 0x01, 0x89, 0xB7,
    0x97, 0x03, 0x04, 0x78, 0xFB, 0x2D, 0x76, 0xB7, 0x5E, 0x34, 0x59, 0xF6, 0x7B, 0xF3, 0x34, 0xD0,
    0xEB, 0x53, 0x03, 0x5F, 0xA4, 0x97, 0x98, 0x2E, 0x0C, 0x87, 0xE0, 0x6F, 0xD5, 0x99, 0xDF, 0x8A,
    0xE3, 0xBE, 0xCF, 0xC6, 0x3F, 0xA0, 0xD3, 0x05, 0xDD, 0xCA, 0xC0, 0x7B, 0x6A, 0xD0, 0xAD, 0x0B,
    0xF6, 0x02, 0xF6, 0x56, 0x04, 0x73, 0x2A, 0x78, 0xDE, 0xD8, 0x69, 0xDA, 0x86, 0xEE, 0x74, 0xFF,
    0xD0, 0xEF, 0xD2, 0x9F, 0xEB, 0xE7, 0xA3, 0x50, 0xAB, 0x96, 0x6C, 0x27, 0x19, 0x67, 0x42, 0x48,
    0x01, 0x8C, 0x31, 0xE2, 0x54, 0xF0, 0xE4, 0x2A, 0x09, 0x93, 0xD2, 0xCB, 0x89, 0x84, 0x00, 0xFA,
    0x17, 0x8A, 0xA9, 0x04, 0xEF, 0x48, 0x93, 0x12, 0x89, 0x53, 0x9F, 0xA6, 0x04, 0x97, 0x40, 0x6A,
    0x68, 0xBE, 0x4D, 0x80, 0xD5, 0x33, 0x48, 0xCA, 0x1D, 0xCF, 0xFD, 0x16, 0x3C, 0x01, 0x4D, 0xEF,
    0x1B, 0x3E, 0xE0, 0xA3, 0xA3, 0x3A, 0xA4, 0xF2, 0x8A, 0x74, 0x2C, 0x03, 0xAB, 0x01, 0x57, 0x05,
    0x56, 0x9E, 0x9E, 0xDE, 0xCA, 0xE9, 0xD7, 0x9E, 0x3D, 0x7F, 0x27, 0xB0, 0x8A, 0x09, 0x4F, 0x3C,
    0x17, 0xAC, 0x08, 0x16, 0x68, 0xFA, 0x82, 0xB0, 0xBA, 0xC0, 0x7F, 0xE4, 0x04, 0x60, 0x9A, 0x92,
    0x76, 0x40, 0x73, 0xC5, 0x93, 0x86, 0x85, 0xBA, 0x2F, 0x00, 0x70, 0xFE, 0xCE, 0xD4, 0x84, 0x44,
    0xE0, 0xE7, 0x05, 0x28, 0x70, 0x4D, 0x15, 0x61, 0xA2, 0x09, 0x1A, 0xCF, 0x29, 0x6D, 0x8A, 0x74,
    0xBC, 0x03, 0xD4, 0xE0, 0x0D, 0x88, 0xFB, 0x55, 0x2A, 0x02, 0xAD, 0xBE, 0x8B, 0xF6, 0xDC, 0xEB,
    0xEE, 0x8D, 0x4B, 0x05, 0xC2, 0x1A, 0x2B, 0x08, 0x3C, 0xC1, 0x32, 0x08, 0x51, 0x03, 0x6D, 0x2C,
    0x2B, 0x63, 0x94, 0x27, 0x17, 0x7A, 0x39, 0xE0, 0x79, 0xC7, 0xBA, 0x30, 0x0F, 0x8E, 0xB2, 0xDA,
    0x38, 0x4C, 0x62, 0xEC, 0xFD, 0x38, 0x96, 0x56, 0xB6, 0xA7, 0xD5, 0x20, 0x88, 0x8E, 0x02, 0x93,
    0xC0, 0x9B, 0x10, 0x1F, 0x96, 0xAC, 0x1A, 0xCA, 0xB6, 0xAC, 0x55, 0x3B, 0x32, 0x3E, 0x93, 0x0F,
    0x92, 0xA0, 0x69, 0xAB, 0xB5, 0xB0, 0x15, 0x78, 0x36, 0x61, 0x8D, 0xAC, 0x2E, 0x73, 0x12, 0x58,
    0x45, 0xD2, 0x9E, 0xC8, 0x9A, 0x41, 0x49, 0xEA, 0x43, 0xC0, 0xF8, 0x99, 0x24, 0xE9, 0x17, 0x13,
    0x62, 0x2A, 0x6A, 0xD8, 0x65, 0x42, 0x82, 0xB1, 0x92, 0xD8, 0xE9, 0x93, 0x78, 0x5A, 0xC5, 0xA4,
    0x1A, 0x2F, 0x53, 0x4D, 0x56, 0x2F, 0x06, 0x63, 0xE7, 0x98, 0xFE, 0x93, 0x96, 0xE5, 0xC0, 0xFF,
    0x7D, 0x39, 0x21, 0xB7, 0x93, 0xDD, 0x9A, 0x35, 0x1D, 0x55, 0xDC, 0x6A, 0x5B, 0x85, 0xD2, 0x05,
    0x9E, 0x5F, 0xEA, 0x18, 0xF7, 0x33, 0x9F, 0xA3, 0x1C, 0xBE, 0xDE, 0x48, 0x7C, 0x78, 0x62, 0xAB,
    0x7A, 0xE2, 0x30, 0xA0, 0xB1, 0xBA, 0x1C, 0xAE, 0xCC, 0x32, 0x9A, 0x8D, 0x75, 0xE7, 0xE9, 0xE2,
    0x92, 0x91, 0xD5, 0xAA, 0xD9, 0x91, 0x12, 0x06, 0xD6, 0x5E, 0x9E, 0x41, 0xD3, 0xD0, 0x7F, 0x26,
    0xBB, 0x6A, 0x06, 0x95, 0x7A, 0x53, 0x75, 0x03, 0xCF, 0x84, 0x24, 0xDF, 0x14, 0x6A, 0x9F, 0xD2,
    0xAF, 0xB5, 0xFC, 0x7C, 0x93, 0x6D, 0x82, 0xF1, 0xC7, 0x0A, 0x29, 0x2C, 0x1D, 0x2F, 0x9A, 0x41,
    0xAB, 0x94, 0xB4, 0x75, 0x8C, 0x1E, 0x1F, 0x83, 0x87, 0x8F, 0x35, 0xAE, 0x1C, 0x56, 0xCD, 0x69,
    0x75, 0x07, 0x15, 0x3F, 0xD2, 0xC5, 0x37, 0x92, 0xBE, 0x9E, 0xDD, 0x8D, 0x55, 0x60, 0xED, 0x97,
    0x2F, 0x37, 0xB5, 0xEF, 0xA7, 0x60, 0x06, 0x91, 0x8D, 0xAC, 0x18, 0x24, 0x34, 0x38, 0xD6, 0x30,
    0x88, 0x86, 0xA6, 0x07, 0x14, 0x1F, 0x8D, 0x15, 0xAB, 0xB3, 0x45, 0x26, 0x63, 0x71, 0x2C, 0xF6,
    0xA4, 0xD5, 0x8A, 0x90, 0x93, 0x9E, 0x31, 0xC9, 0xE7, 0xC6, 0x31, 0x49, 0xDB, 0xF7, 0x84, 0x72,
    0x4B, 0xAC, 0x62, 0x32, 0xC7, 0x46, 0x47, 0x6A, 0x62, 0x71, 0x80, 0x25, 0x3D, 0x69, 0x35, 0x49,
    0xC1, 0xC0, 0x0B, 0x8A, 0x28, 0xAC, 0xE8, 0x8D, 0x49, 0x15, 0x9E, 0x50, 0x04, 0x93, 0x63, 0xB1,
    0x17, 0x6B, 0xD2, 0x16, 0xFD, 0xBB, 0x6A, 0xA3, 0xAB, 0xA9, 0x30, 0x36, 0x0E, 0x18, 0x54, 0x4D,
    0xEE, 0xE3, 0x59, 0xC9, 0xE0, 0xC9, 0xCA, 0x84, 0x80, 0x01, 0x0D, 0xFB, 0x78, 0xF7, 0x96, 0x8D,
    0x6A, 0xCF, 0x49, 0x13, 0x50, 0x84, 0xD6, 0xD7, 0xC3, 0x56, 0x32, 0xBB, 0xDF, 0x6E, 0x60, 0x35,
    0x80, 0x29, 0xE9, 0xDD, 0x14, 0x60, 0x7B, 0x4A, 0xD4, 0x72, 0xA4, 0x7D, 0xCF, 0x39, 0x68, 0xCA,
    0x6A, 0x58, 0x23, 0x65, 0xFB, 0xC0, 0x65, 0xE5, 0x03, 0xB0, 0x1C, 0xD3, 0x78, 0xD6, 0x32, 0x2C,
    0x33, 0x2C, 0xA7, 0x69, 0x93, 0x12, 0x6A, 0x19, 0x2B, 0xF6, 0x89, 0x5B, 0xC6, 0xD9, 0x4D, 0x42,
    0x5C, 0xE4, 0xC9, 0xA9, 0x78, 0xDE, 0x14, 0x2C, 0x59, 0x83, 0x17, 0x4F, 0xFE, 0xC0, 0x1B, 0xCA,
    0x20, 0xA4, 0x74, 0x5D, 0x9C, 0xC1, 0x7A, 0x92, 0x9D, 0x01, 0x3C, 0x06, 0x83, 0xB8, 0xA3, 0x72,
    0xF2, 0xF3, 0x46, 0xFB, 0xAC, 0x2B, 0x3D, 0xFB, 0x8E, 0x03, 0x08, 0xE2, 0xCA, 0xC6, 0xF3, 0xA0,
    0xD6, 0xB8, 0x37, 0xD6, 0xC1, 0xC2, 0xEE, 0x1D, 0x9A, 0x00, 0xE2, 0xC4, 0xBD, 0xDB, 0x23, 0x69,
    0xAB, 0x5B, 0xB6, 0x3E, 0xC1, 0xE0, 0xDD, 0x33, 0xD7, 0x91, 0xC9, 0x39, 0x6E, 0x10, 0x6F, 0x9E,
    0xB9, 0x97, 0x25, 0x84, 0x02, 0x18, 0x21, 0xA0, 0xAC, 0xDF, 0x3D, 0xE7, 0x6C, 0x38, 0x11, 0xFE,
    0x37, 0xCE, 0x10, 0x53, 0x4D, 0xE6, 0x03, 0x35, 0x89, 0xDE, 0x26, 0x5B, 0x93, 0xD4, 0x57, 0xE3,
    0x17, 0xF3, 0xBD, 0x00, 0xC2, 0xEE, 0x4D, 0xDF, 0x1B, 0xAB, 0x7B, 0xE3, 0x69, 0x52, 0x1D, 0x26,
    0x38, 0x4C, 0x01, 0x92, 0x1E, 0x8C, 0x15, 0x76, 0x33, 0x9E, 0xF7, 0x26, 0xC0, 0xA4, 0xBE, 0x98,
    0xDE, 0x0D, 0x4C, 0x85, 0x54, 0x48, 0x4A, 0x13, 0x96, 0xBE, 0x47, 0x06, 0x82, 0x03, 0x9A, 0xE8,
    0x5F, 0x43, 0x13, 0xB1, 0x90, 0x80, 0x2F, 0x34, 0x60, 0x4A, 0xCF, 0x15, 0x03, 0x9F, 0x60, 0xC0,
    0x05, 0x4A, 0xC0, 0x16, 0x6A, 0x22, 0xC1, 0x34, 0xD1, 0xBB, 0x98, 0x8A, 0x63, 0x5A, 0x4F, 0xBB,
    0xB3, 0x3C, 0xD4, 0xC0, 0x17, 0x7A, 0xE2, 0xF7, 0xDC, 0x17, 0x04, 0xD6, 0x1C, 0x93, 0x48, 0xF0,
    0xEF, 0x62, 0x47, 0x82, 0x0A, 0x53, 0x63, 0x19, 0x04, 0x9E, 0xFF, 0x2A, 0xB6, 0xE5, 0xC0, 0x2B,
    0x98, 0x16, 0xFE, 0xDD, 0x98, 0x05, 0x91, 0xC7, 0xD9, 0xDA, 0xEC, 0x65, 0xB5, 0xA5, 0x37, 0x56,
    0x7F, 0x59, 0xF7, 0x1E, 0xF0, 0x22, 0xA0, 0xA1, 0xB0, 0x7C, 0x75, 0xE7, 0xC2, 0x84, 0xFF, 0xC8,
    0xB0, 0xEA, 0x23, 0xF5, 0x50, 0x85, 0xCA, 0x04, 0xFD, 0x97, 0x75, 0xEF, 0xE1, 0xEE, 0xF1, 0xF4,
    0xC5, 0x69, 0xBB, 0x0A, 0x70, 0xA9, 0x17, 0x95, 0x78, 0x12, 0x35, 0x69, 0x3D, 0x89, 0x16, 0xE3,
    0x9E, 0x39, 0xE9, 0x17, 0x4A, 0x7D, 0xE6, 0x5D, 0x6B, 0xEC, 0xE4, 0x46, 0xDD, 0x7A, 0x8E, 0xDA,
    0x23, 0x2E, 0x32, 0x99, 0xAC, 0x9F, 0x80, 0x34, 0xA0, 0xD4, 0x90, 0x5E, 0x18, 0x47, 0x11, 0xD0,
    0x3B, 0x72, 0xA2, 0xAE, 0x68, 0xE8, 0xD6, 0x44, 0x2C, 0xE4, 0x06, 0x9F, 0xB0, 0x9A, 0xE8, 0x0D,
    0x2C, 0xC4, 0x42, 0x6E, 0xF0, 0x09, 0xAB, 0x89, 0xDE, 0xC0, 0x82, 0x26, 0x62, 0xC2, 0xAF, 0xB0,
    0xC6, 0xEA, 0x71, 0x23, 0xB8, 0x68, 0xC9, 0xB9, 0x98, 0x0A, 0x08, 0x29, 0x41, 0x52, 0x61, 0x3D,
    0xAB, 0x17, 0x88, 0x48, 0x08, 0x02, 0xF0, 0xDC, 0xA9, 0xC5, 0x9E, 0xAC, 0x49, 0xFB, 0x82, 0xBE,
    0x78, 0xF8, 0xC7, 0xCE, 0xEB, 0x0C, 0x0B, 0xDF, 0x03, 0x29, 0xA3, 0x41, 0x2B, 0xBA, 0x4B, 0x00,
    0x2C, 0x3E, 0x6E, 0x0A, 0x83, 0x77, 0xCF, 0x3C, 0x72, 0x52, 0xF5, 0xB0, 0x1D, 0xF4, 0x37, 0xCF,
    0xDC, 0xDB, 0xD6, 0xF1, 0x8F, 0x84, 0xE1, 0x62, 0x23, 0xFD, 0xE6, 0x39, 0x5B, 0x8E, 0xE5, 0x7C,
    0x3B, 0x06, 0xDE, 0x3B, 0xE7, 0x8F, 0xAD, 0x36, 0xF4, 0xF1, 0x1F, 0x4D, 0xAB, 0x80, 0x6E, 0x88,
    0x02, 0xCF, 0xDD, 0x76, 0x63, 0x15, 0xCC, 0x76, 0x61, 0x3D, 0xA0, 0xE6, 0xEF, 0x00, 0xBE, 0x81,
    0xA9, 0x1C, 0x42, 0x12, 0x6C, 0xE8, 0xDB, 0x88, 0x4C, 0x44, 0xE2, 0x1B, 0x21, 0x22, 0x27, 0x57,
    0x86, 0xED, 0xD9, 0x58, 0x79, 0x35, 0x9E, 0x76, 0x65, 0x30, 0xD9, 0x17, 0x7A, 0xB5, 0x15, 0x9E,
    0xF2, 0xDC, 0x18, 0x3B, 0x05, 0x91, 0xDE, 0x9C, 0x47, 0x84, 0x4B, 0x4A, 0xC2, 0x25, 0x70, 0x38,
    0xEF, 0x9B, 0xAC, 0x00, 0xFA, 0xE1, 0xF1, 0xAD, 0xC1, 0xEA, 0xBF, 0x43, 0xEC, 0x4B, 0xB0, 0xF2,
    0x35, 0x1D, 0xBB, 0x44, 0x15, 0xE0, 0x13, 0x91, 0x13, 0x47, 0x6A, 0x56, 0x6F, 0x91, 0x9A, 0x35,
    0xE0, 0x02, 0x42, 0x09, 0xC3, 0x0A, 0x2B, 0xFA, 0x1D, 0x52, 0x1B, 0x96, 0x20, 0x3B, 0x8E, 0xE0,
    0x8D, 0xD6, 0xD2, 0x4F, 0x6B, 0xC9, 0xC3, 0x5A, 0x76, 0x1C, 0xBD, 0x5C, 0x5F, 0x0C, 0x04, 0x56,
    0x3B, 0x1A, 0x7A, 0xC1, 0x0A, 0x62, 0xE1, 0x47, 0x82, 0x4F, 0x98, 0xB8, 0x80, 0xFE, 0x23, 0x7C,
    0xB9, 0x4D, 0x9C, 0xCA, 0x26, 0xAA, 0xB1, 0x27, 0xFF, 0x13, 0xF5, 0x9A, 0x7E, 0xBB, 0x7F, 0xD2,
    0xF0, 0x20, 0x53, 0x13, 0x52, 0x46, 0xAE, 0xBE, 0xCE, 0xC2, 0xB3, 0x11, 0x6D, 0xBD, 0xA9, 0xEE,
    0xD4, 0x34, 0xA7, 0xF8, 0x6A, 0x88, 0x93, 0x06, 0xEA, 0x50, 0xB7, 0xAB, 0x1E, 0x1F, 0x5B, 0x8A,
    0x6B, 0xD9, 0xE3, 0xE3, 0xA5, 0xFC, 0xB6, 0x11, 0xEC, 0x26, 0x53, 0x99, 0x54, 0x21, 0x2B, 0x9D,
    0xF3, 0x5A, 0x12, 0xB3, 0xED, 0xB3, 0x5C, 0x59, 0x20, 0xE0, 0xEE, 0xF1, 0xC4, 0x79, 0x7D, 0x8C,
    0x48, 0xD0, 0xDD, 0x9D, 0x14, 0xCF, 0x57, 0xC7, 0xB0, 0xB6, 0x74, 0xFD, 0x48, 0x77, 0x31, 0x68,
    0x5E, 0xDE, 0x7F, 0x06, 0x56, 0xBB, 0xE0, 0x3F, 0x9C, 0xA3, 0x1A, 0x90, 0x63, 0xB7, 0x2A, 0x88,
    0x7C, 0x7D, 0xAC, 0xE9, 0x9A, 0x84, 0xE4, 0x2A, 0xA2, 0x14, 0xDF, 0x9B, 0x6F, 0x78, 0x13, 0x80,
    0xD7, 0x61, 0x3C, 0xC1, 0x96, 0x31, 0x49, 0x4A, 0xD7, 0x32, 0x21, 0x9F, 0x46, 0x78, 0x01, 0xFD,
    0x73, 0x13, 0x0D, 0x88, 0x56, 0x3A, 0xA1, 0x5A, 0x69, 0x2B, 0x4D, 0x0D, 0x21, 0x6C, 0xEF, 0xED,
    0xB7, 0xDF, 0x96, 0x0A, 0x2E, 0x49, 0x19, 0x2E, 0xC1, 0x94, 0xB3, 0x2B, 0x0A, 0x98, 0xEA, 0xDD,
    0x6A, 0x0A, 0xAC, 0x01, 0x7D, 0x71, 0xF5, 0x44, 0x63, 0x12, 0xDE, 0x91, 0x91, 0xFB, 0xBA, 0x36,
    0xF4, 0x94, 0xA4, 0xAB, 0x7E, 0xFA, 0xC6, 0xB6, 0x58, 0x33, 0x8D, 0x94, 0x4F, 0xAF, 0x9E, 0x57,
    0xC5, 0x88, 0xC7, 0x7D, 0xC8, 0xAB, 0x63, 0x58, 0x05, 0x87, 0xE0, 0xF5, 0x63, 0x10, 0x81, 0xA7,
    0x15, 0x0D, 0x60, 0xF5, 0x1B, 0x9F, 0xB6, 0xF2, 0x0C, 0x1A, 0x80, 0xF8, 0x8D, 0x8F, 0x35, 0x7E,
    0x3C, 0x3E, 0x5F, 0x02, 0x01, 0xFD, 0x37, 0xB5, 0x3C, 0xDB, 0x73, 0x23, 0x47, 0xB1, 0xFA, 0x9B,
    0xCA, 0x20, 0x91, 0x17, 0xA1, 0xC4, 0x8E, 0x53, 0x3F, 0x92, 0x3A, 0x2E, 0x5E, 0x1A, 0xCB, 0x36,
    0x69, 0xB8, 0xA4, 0x48, 0x53, 0x80, 0x1A, 0xE2, 0x0B, 0x8D, 0x80, 0x8E, 0xF2, 0x72, 0x29, 0x91,
    0x38, 0x6E, 0x7C, 0x71, 0xBE, 0xF1, 0x51, 0xD1, 0x94, 0x94, 0x6A, 0x95, 0xB0, 0xA9, 0x6E, 0xF8,
    0x63, 0x9D, 0x2F, 0xA1, 0x04, 0x1E, 0x2E, 0xA3, 0x74, 0x45, 0x45, 0x5A, 0x1F, 0x9B, 0xE7, 0x67,
    0x0A, 0xE8, 0x29, 0x2F, 0x2F, 0xBB, 0x8C, 0x01, 0xE2, 0xF1, 0x52, 0x7A, 0x75, 0x0C, 0xAF, 0xBD,
    0xB5, 0x75, 0xB9, 0x8C, 0xAC, 0x5E, 0x1D, 0xC3, 0x44, 0x99, 0x3E, 0xCB, 0x4D, 0xE9, 0xC4, 0xEB,
    0xC7, 0x50, 0x8E, 0x95, 0xE7, 0xB4, 0xC0, 0xEB, 0xFB, 0xF7, 0xBC, 0xC9, 0x78, 0x78, 0x83, 0x3D,
    0xC5, 0x51, 0x3C, 0xCF, 0x82, 0x0F, 0xA2, 0xC3, 0xA4, 0xBE, 0xE5, 0xE1, 0xDD, 0x44, 0x34, 0x23,
    0x9A, 0x8E, 0xB6, 0x8A, 0xF6, 0xDC, 0x15, 0xC4, 0x6A, 0x2C, 0x7A, 0x6A, 0xE6, 0x11, 0x52, 0xB6,
    0xC4, 0x00, 0x9E, 0x6D, 0x7E, 0xFE, 0xFE, 0x45, 0xB7, 0xB7, 0x88, 0x63, 0x7F, 0xD5, 0x0F, 0xE7,
    0x5C, 0xF0, 0xF2, 0x18, 0xCF, 0x36, 0x3F, 0xAF, 0x8A, 0x71, 0x6C, 0x4E, 0xA6, 0x85, 0xD7, 0x8F,
    0xE1, 0xA7, 0x8F, 0x6B, 0x96, 0xE7, 0x50, 0x78, 0x06, 0x04, 0x37, 0x78, 0xD2, 0x3B, 0xAC, 0xAC,
    0xEE, 0x40, 0x7B, 0x5E, 0x30, 0x26, 0x22, 0xB8, 0xC0, 0xC7, 0x44, 0x03, 0xB6, 0x50, 0x27, 0x78,
    0x1E, 0x08, 0xE0, 0x53, 0x80, 0x7A, 0x22, 0x81, 0x7E, 0xA6, 0x68, 0xFA, 0x74, 0x33, 0xFC, 0xBD,
    0x09, 0x59, 0xBE, 0xE9, 0x25, 0x29, 0x3B, 0x44, 0xC3, 0x53, 0xD1, 0x9E, 0xF7, 0x80, 0xF7, 0x9A,
    0xA3, 0xFF, 0x07, 0xCD, 0x9A, 0xD1, 0x6A, 0xE4, 0xBE, 0xEF, 0xC5, 0x0F, 0xE8, 0x76, 0x41, 0xAF,
    0xF2, 0x83, 0xFF, 0x6D, 0x40, 0xAF, 0x2E, 0xD8, 0x07, 0xD8, 0x57, 0x11, 0xEC, 0xAD, 0xE0, 0xFC,
    0x6D, 0x69, 0x12, 0x87, 0x74, 0xBE, 0x6D, 0xB7, 0x9D, 0xB6, 0xE3, 0xF8, 0x7C, 0x54, 0x12, 0xC7,
    0xB1, 0x64, 0x27, 0x8D, 0x9D, 0x81, 0x32, 0x81, 0xE2, 0x25, 0xD9, 0x89, 0xF4, 0xC9, 0xBF, 0x8B,
    0xF2, 0x37, 0x0E, 0xAA, 0xE7, 0x89, 0x5B, 0x9D, 0x64, 0x07, 0x13, 0xEA, 0x3B, 0x49, 0x3A, 0x64,
    0x30, 0x76, 0x8E, 0x7C, 0x2E, 0x90, 0xEB, 0xC4, 0x83, 0x5D, 0xAD, 0x92, 0x98, 0x3A, 0x12, 0x13,
    0x46, 0x42, 0x83, 0xFE, 0x6B, 0x10, 0x90, 0x25, 0x61, 0x08, 0x19, 0x46, 0x09, 0x42, 0x22, 0x0F,
    0x69, 0x89, 0x60, 0x18, 0xFF, 0x86, 0xD2, 0x03, 0x1B, 0x6C, 0xB5, 0x9E, 0xD1, 0xDE, 0x3E, 0x79,
    0x2C, 0xA0, 0x90, 0x30, 0x08, 0x13, 0x60, 0x3C, 0x3E, 0x26, 0x4F, 0xE6, 0xEF, 0x6A, 0xCB, 0x56,
    0x8C, 0x17, 0xA4, 0x37, 0x1F, 0x17, 0x01, 0x71, 0x40, 0xD1, 0xB2, 0x5D, 0x09, 0xE8, 0x90, 0x24,
    0x06, 0xDA, 0xFD, 0x89, 0xD5, 0xB2, 0x73, 0x4F, 0xC0, 0xC8, 0x28, 0xB7, 0x85, 0x10, 0xD7, 0xA3,
    0xBC, 0x61, 0x07, 0x27, 0xF2, 0x6D, 0x10, 0xC7, 0x69, 0x7E, 0x5C, 0xB5, 0x1A, 0x41, 0x57, 0xEF,
    0xD0, 0xEA, 0x04, 0xD8, 0xA7, 0x48, 0x74, 0x29, 0xC5, 0x4A, 0x46, 0x08, 0xE9, 0x4A, 0xC2, 0xBC,
    0xAB, 0xCB, 0x37, 0x44, 0x74, 0x39, 0x0D, 0xE9, 0x9B, 0x8F, 0x3C, 0x9A, 0xEE, 0x3D, 0x04, 0xBA,
    0xEF, 0x0D, 0xF6, 0x0C, 0xEE, 0x97, 0x5F, 0x01, 0x64, 0x42, 0xC2, 0xA0, 0x50, 0xFF, 0x22, 0xF7,
    0x17, 0xF0, 0x14, 0x1D, 0xAF, 0x8E, 0x43, 0xF8, 0x82, 0x4E, 0x37, 0x58, 0x77, 0x75, 0x77, 0x3A,
    0x58, 0xFE, 0x3C, 0x83, 0xEB, 0x3A, 0x36, 0x09, 0x03, 0x32, 0xBB, 0xF3, 0xD5, 0x1F, 0xEE, 0xBE,
    0x84, 0x04, 0x60, 0xEA, 0x03, 0x3C, 0xDA, 0x31, 0xB0, 0x12, 0x59, 0xA0, 0x4F, 0x24, 0x12, 0xC2,
    0x01, 0x98, 0x0F, 0x68, 0x0C, 0xC8, 0x42, 0x0E, 0xE0, 0x6D, 0xAC, 0x33, 0x34, 0x6E, 0x55, 0x09,
    0xBB, 0x7A, 0x76, 0x98, 0xBB, 0x05, 0x9B, 0x7A, 0x11, 0x93, 0x56, 0xDC, 0x4E, 0xC4, 0x4E, 0xC6,
    0xA0, 0x90, 0x83, 0x9A, 0xAC, 0x1A, 0x65, 0x12, 0xC8, 0x17, 0x79, 0xBB, 0xCF, 0x95, 0x59, 0x34,
    0xC8, 0x64, 0xE8, 0xA0, 0x56, 0xCD, 0x60, 0x0E, 0x2A, 0x03, 0x93, 0xCC, 0x62, 0x0F, 0x50, 0x8B,
    0x49, 0xC9, 0x49, 0xB0, 0x68, 0x67, 0xFA, 0xA4, 0xDE, 0x48, 0xE6, 0x85, 0xEB, 0xA8, 0x35, 0xB1,
    0xC8, 0x55, 0xB3, 0x45, 0x5F, 0xB1, 0x88, 0x49, 0xDF, 0x23, 0xB0, 0xA0, 0x64, 0x34, 0xD6, 0x3E,
    0x8B, 0x0D, 0xC2, 0xDC, 0xA0, 0xC9, 0xAD, 0x62, 0xD3, 0xA1, 0xC9, 0x33, 0xB6, 0x3B, 0xC8, 0x06,
    0x27, 0x2A, 0x20, 0x15, 0x8F, 0x0E, 0x47, 0xD5, 0x77, 0x79, 0x75, 0x21, 0xE9, 0xBB, 0x5E, 0x1B,
    0x89, 0xD7, 0x72, 0xEF, 0x2D, 0x7B, 0xBD, 0x1E, 0x2C, 0x21, 0x24, 0x34, 0xCD, 0xCD, 0x25, 0xAC,
    0x07, 0x55, 0x4E, 0x91, 0x3C, 0x74, 0xAE, 0xCF, 0xA6, 0x1C, 0xD0, 0x40, 0x48, 0x0F, 0x36, 0x57,
    0x8C, 0xCD, 0xD7, 0x6B, 0xC7, 0xB7, 0xF9, 0x03, 0xF5, 0xE3, 0x75, 0xC7, 0xE2, 0xE1, 0x7E, 0xF5,
    0x38, 0x5A, 0x0F, 0xCF, 0xEF, 0xF2, 0xEB, 0xFA, 0xD0, 0x7E, 0xB4, 0x5F, 0x5F, 0xDE, 0x7E, 0xE8,
    0xED, 0xF6, 0x89, 0x93, 0x58, 0xC1, 0x7C, 0x90, 0x0F, 0xD1, 0xC1, 0x31, 0x00, 0x5B, 0xAB, 0x4B,
    0xC6, 0x94, 0xB9, 0x7A, 0xD5, 0xCA, 0x68, 0x99, 0x7F, 0x5B, 0xDF, 0xDD, 0xFF, 0xAF, 0xF3, 0xE0,
    0x71, 0xD9, 0x0E, 0x59, 0xA0, 0x4F, 0xAE, 0xEB, 0xE9, 0x65, 0xB4, 0x18, 0x6F, 0xCF, 0x59, 0x0E,
    0x08, 0x81, 0xFF, 0x9D, 0xFE, 0xE9, 0xFA, 0xEB, 0xFF, 0x74, 0x85, 0xBC, 0x01, 0xB0, 0x02, 0x27,
    0xAC, 0xE0, 0x03, 0x1A, 0x13, 0x39, 0x20, 0x0C, 0x21, 0x8C, 0x64, 0x3F, 0x36, 0xEB, 0x48, 0xAE,
    0x37, 0x2D, 0x97, 0x53, 0xEC, 0x63, 0x13, 0x72, 0xD3, 0x64, 0x9A, 0x4B, 0x56, 0x90, 0x96, 0xB6,
    0x3B, 0x4A, 0x0E, 0x19, 0x24, 0xCD, 0x35, 0x95, 0xDC, 0xC0, 0xDC, 0x2E, 0x7D, 0x9E, 0xFF, 0x9B,
    0xC7, 0xC9, 0x18, 0x72, 0x61, 0x56, 0x28, 0x6E, 0x41, 0x91, 0x76, 0x21, 0xF0, 0xF3, 0x91, 0x11,
    0x97, 0x1E, 0x18, 0x64, 0xB5, 0xE8, 0xDB, 0xA3, 0xD2, 0x0E, 0x2E, 0x00, 0x4F, 0x10, 0x95, 0xAA,
    0x5F, 0xD7, 0x6D, 0xF2, 0xFD, 0x51, 0xF9, 0x21, 0xBF, 0x57, 0xBA, 0xF6, 0xCB, 0x9A, 0x35, 0x06,
    0x20, 0xDE, 0xD2, 0xD2, 0xF7, 0x87, 0x47, 0x86, 0xA0, 0x9C, 0xF8, 0xE3, 0x80, 0x49, 0x00, 0x81,
    0xC4, 0x4A, 0x09, 0x48, 0xFC, 0x13, 0x38, 0xD2, 0x42, 0xED, 0xFB, 0x00, 0xDE, 0x6E, 0x19, 0x90,
    0xEF, 0x80, 0x56, 0x6C, 0xE8, 0x60, 0x32, 0x40, 0x48, 0x21, 0x91, 0xC0, 0xA7, 0xD0, 0x33, 0xED,
    0x97, 0xE4, 0x8B, 0x74, 0xA7, 0x24, 0x47, 0x3A, 0xB3, 0xF7, 0x7F, 0x9A, 0x58, 0x20, 0xE9, 0x85,
    0xB5, 0x6F, 0x47, 0x8F, 0x69, 0x0E, 0xC0, 0x5C, 0xB2, 0xCF, 0x95, 0xF8, 0x0C, 0x2C, 0x94, 0xDC,
    0x82, 0xE9, 0x1A, 0xA8, 0x64, 0x8C, 0x91, 0x85, 0x40, 0x7E, 0x30, 0x77, 0x0D, 0x1A, 0x6A, 0xB4,
    0xB4, 0x0C, 0x09, 0x74, 0xB2, 0x8F, 0x64, 0x32, 0x8E, 0xDB, 0x92, 0xF4, 0x91, 0x35, 0x21, 0xF1,
    0xC1, 0xDC, 0x35, 0x9C, 0xEB, 0xFC, 0x98, 0x8F, 0x81, 0xCD, 0x24, 0x94, 0x2E, 0xC4, 0x63, 0xE3,
    0x16, 0x08, 0x93, 0xB0, 0x55, 0xF3, 0xC7, 0x6A, 0x7B, 0x58, 0xAC, 0x6E, 0xD3, 0xC8, 0x7D, 0x27,
    0xE8, 0x23, 0x6B, 0x6D, 0xA8, 0xA4, 0xFE, 0x8E, 0x0D, 0x5B, 0x05, 0x2D, 0x40, 0x37, 0x3F, 0xAE,
    0x00, 0xE0, 0xB1, 0x1D, 0x9B, 0x2F, 0x12, 0xE9, 0x36, 0xA5, 0x09, 0x93, 0x78, 0x9C, 0xF6, 0x7A,
    0x01, 0x9C, 0xF4, 0x3B, 0x01, 0x4E, 0x79, 0x22, 0x3B, 0x63, 0xF5, 0x62, 0x7E, 0x20, 0xE3, 0x92,
    0x39, 0x72, 0xE0, 0xE5, 0xCA, 0xD9, 0xEA, 0x8F, 0xEA, 0x92, 0xEF, 0x91, 0x39, 0x9C, 0xC0, 0x31,
    0xBB, 0x24, 0x84, 0x2E, 0x7F, 0x43, 0x3D, 0x37, 0x18, 0x3A, 0xD9, 0xA7, 0x33, 0xC1, 0xAC, 0xEC,
    0xC8, 0x7D, 0xF9, 0x72, 0x7F, 0x9E, 0x4B, 0x0C, 0xA8, 0x0F, 0xD8, 0x3E, 0xA5, 0x97, 0x1C, 0xD0,
    0x18, 0x30, 0x9F, 0xC0, 0x00, 0x7B, 0x90, 0x0D, 0xFC, 0x89, 0x01, 0x89, 0xCB, 0x22, 0x80, 0xEF,
    0xB5, 0x48, 0x4C, 0xD4, 0x31, 0x4E, 0x58, 0x5F, 0x12, 0x2B, 0x49, 0x1C, 0x38, 0xBF, 0x1A, 0x20,
    0x5F, 0x95, 0x46, 0xC2, 0x3C, 0xC1, 0x6A, 0x5F, 0x6A, 0x0C, 0x39, 0xF6, 0xF7, 0x03, 0x4E, 0x71,
    0xC8, 0xBC, 0xF7, 0x4B, 0x74, 0x39, 0x70, 0xC8, 0xAA, 0x71, 0x43, 0x81, 0x3D, 0x59, 0x69, 0xBD,
    0x20, 0xC4, 0xE5, 0x1A, 0x73, 0x93, 0xFD, 0x1A, 0x43, 0xBC, 0x5E, 0x23, 0xFA, 0x38, 0x8E, 0x6B,
    0xF8, 0x7E, 0x0D, 0x29, 0x87, 0x57, 0xF5, 0x81, 0x95, 0xF2, 0xD1, 0xBA, 0x4C, 0xD2, 0x24, 0x25,
    0xD4, 0x0D, 0xD9, 0x4E, 0xFE, 0xEB, 0xF6, 0xE5, 0xED, 0x7B, 0x79, 0x87, 0xAD, 0x7E, 0xB0, 0xFF,
    0x4A, 0x80, 0xD9, 0xB6, 0x45, 0x42, 0x3A, 0xC6, 0x2D, 0xB4, 0xB6, 0x87, 0xB5, 0x2D, 0x6D, 0x6C,
    0xDB, 0xD8, 0x22, 0xF1, 0xDE, 0x0D, 0xEF, 0xD7, 0xDA, 0xDE, 0xDF, 0x22, 0xDC, 0xDD, 0x3A, 0xE1,
    0xDE, 0x26, 0x81, 0x77, 0x68, 0x1B, 0x22, 0x84, 0x39, 0xE4, 0x90, 0xDB, 0xD3, 0xC7, 0x86, 0xFE,
    0xEF, 0x5E, 0x79, 0x92, 0x87, 0x1C, 0xAF, 0xE5, 0x3F, 0x10, 0xBA, 0x24, 0x34, 0x40, 0x9F, 0xF9,
    0xF7, 0x7F, 0x17, 0x06, 0x4E, 0xD3, 0x91, 0xF3, 0xCC, 0x60, 0x25, 0x0E, 0x65, 0xC3, 0x27, 0xE2,
    0x40, 0x0E, 0x24, 0x27, 0xAC, 0xE0, 0x03, 0x3A, 0x21, 0x31, 0x91, 0x03, 0x28, 0x58, 0xC1, 0x07,
    0x74, 0x42, 0x62, 0x22, 0x07, 0x50, 0xE0, 0x84, 0x4D, 0xE8, 0x01, 0xC9, 0x17, 0x1F, 0x95, 0x0C,
    0x47, 0x0A, 0x4B, 0x04, 0xE9, 0x4C, 0x06, 0x3B, 0x8E, 0x99, 0xC0, 0x3F, 0xEB, 0xE7, 0x7C, 0x5B,
    0x69, 0x85, 0x3D, 0xF7, 0xD8, 0x4B, 0x3C, 0xCE, 0xC5, 0xBB, 0x37, 0xBB, 0x1E, 0x0F, 0xDD, 0xEC,
    0xB9, 0x4D, 0xCF, 0x72, 0x84, 0xD5, 0x8C, 0x67, 0xE8, 0x7D, 0x3D, 0x16, 0xD9, 0x86, 0x2C, 0x86,
    0xFC, 0xE1, 0xBD, 0xDF, 0xA3, 0x7E, 0x61, 0xF5, 0x46, 0x61, 0x13, 0x7A, 0x9A, 0x31, 0xC2, 0xF8,
    0x27, 0x61, 0x01, 0xC2, 0x1C, 0x06, 0xC3, 0xE7, 0xF0, 0x9F, 0x31, 0xCD, 0x4B, 0x4C, 0xD5, 0x27,
    0xA2, 0x62, 0x7A, 0x84, 0x93, 0x47, 0x4C, 0xD5, 0x27, 0xA2, 0x62, 0xFA, 0x7A, 0x38, 0x27, 0x30,
    0xB5, 0x20, 0x03, 0xBF, 0x2C, 0x00, 0xA5, 0x4F, 0x20, 0x8C, 0x0F, 0x89, 0x2A, 0xEE, 0xAA, 0x5E,
    0x58, 0xA6, 0x00, 0x25, 0xB1, 0xF3, 0x9C, 0x84, 0x31, 0x68, 0xA4, 0x03, 0x24, 0x03, 0x92, 0x33,
    0x6B, 0xA0, 0x03, 0xDF, 0xD1, 0x83, 0x7A, 0x93, 0xC5, 0x9C, 0x8C, 0x49, 0xB9, 0xCF, 0x3A, 0xBA,
    0xCA, 0x5B, 0xF3, 0xF8, 0x9A, 0x43, 0x68, 0x5F, 0x88, 0x6E, 0x09, 0x90, 0x1D, 0x0D, 0x02, 0x42,
    0xFA, 0xD4, 0x65, 0x79, 0xD5, 0x95, 0x16, 0xA7, 0x45, 0x11, 0x7B, 0x4D, 0x06, 0xE4, 0x94, 0x86,
    0x46, 0xD5, 0x45, 0x02, 0x0A, 0x3D, 0x1A, 0x24, 0xCC, 0x41, 0xD0, 0x9F, 0x3C, 0x16, 0x3E, 0xB6,
    0x50, 0x5F, 0xAB, 0x8B, 0x0F, 0x8E, 0x89, 0xA4, 0xF9, 0x60, 0xD8, 0x72, 0x44, 0x62, 0x70, 0x93,
    0x27, 0x8F, 0x0C, 0x4C, 0x03, 0x79, 0xFB, 0x50, 0xE4, 0x1B, 0x14, 0x5F, 0x11, 0x1D, 0x8E, 0x94,
    0xB0, 0x36, 0x2C, 0x23, 0xD9, 0x4F, 0xF3, 0x28, 0x63, 0xDE, 0x06, 0x67, 0xC3, 0x36, 0xB9, 0x0C,
    0x19, 0x57, 0x73, 0x2D, 0xB2, 0xCE, 0x33, 0x9C, 0xAB, 0x1E, 0x5A, 0xD7, 0xAB, 0x40, 0xAC, 0xB6,
    0x40, 0xDB, 0x58, 0x42, 0xCB, 0x65, 0x90, 0xAE, 0xC9, 0xDF, 0xD3, 0x71, 0x08, 0x2B, 0x3A, 0xA0,
    0x97, 0xFB, 0xC4, 0xD9, 0x18, 0x79, 0x33, 0x3C, 0x19, 0x00, 0xCB, 0x10, 0x40, 0x9F, 0x8E, 0xAA,
    0x0C, 0xD0, 0xD0, 0xBF, 0x89, 0x14, 0xD2, 0xC9, 0x44, 0x85, 0x26, 0x4E, 0xAB, 0xA8, 0x72, 0x7A,
    0xA7, 0xB9, 0xF7, 0xB1, 0xBC, 0x10, 0x48, 0xE8, 0xC4, 0xEB, 0xAB, 0x71, 0x12, 0x03, 0x16, 0xFB,
    0x69, 0xEB, 0x90, 0x1D, 0x50, 0x3F, 0xAA, 0x9A, 0xC0, 0x65, 0xDE, 0x65, 0x0E, 0x8D, 0x49, 0x43,
    0x17, 0xE9, 0x14, 0x1A, 0xC1, 0xF8, 0xCB, 0xA0, 0x57, 0x30, 0xDE, 0x97, 0x7F, 0xCC, 0x85, 0xB7,
    0xA7, 0x8E, 0x9B, 0xE4, 0x66, 0xB9, 0x31, 0x6D, 0xF7, 0xF6, 0x3D, 0xB9, 0x93, 0x55, 0xDE, 0x2A,
    0x07, 0x7A, 0x1D, 0x40, 0x82, 0x00, 0xD6, 0x27, 0x16, 0xF3, 0x67, 0xE8, 0xCB, 0x44, 0xEA, 0xEF,
    0x7D, 0xCD, 0x8C, 0x00, 0xF0, 0x71, 0xD7, 0x5F, 0xFD, 0xD9, 0x54, 0x42, 0xC9, 0xB0, 0x29, 0xC0,
    0xEF, 0xFE, 0x5C, 0xC4, 0x01, 0xCD, 0xDB, 0x23, 0xD1, 0x08, 0x08, 0xBD, 0x63, 0x25, 0xA5, 0x55,
    0x5C, 0xA2, 0xC3, 0x49, 0x27, 0xD9, 0x9E, 0x4B, 0xB9, 0xA9, 0xDE, 0x6E, 0x77, 0x92, 0xBA, 0x1E,
    0x7F, 0x67, 0x02, 0x51, 0xBB, 0x59, 0xF5, 0x29, 0x1D, 0x1C, 0xE6, 0xB6, 0xA3, 0x73, 0x85, 0x31,
    0xC9, 0xB8, 0xBF, 0x88, 0xF3, 0x4D, 0x6E, 0x70, 0x96, 0xD6, 0x3F, 0x6E, 0x12, 0x89, 0xED, 0x33,
    0x6E, 0x7C, 0x79, 0x53, 0x7F, 0x01, 0xD5, 0x42, 0xFA, 0xE5, 0xE7, 0x81, 0x3E, 0xF4, 0xE1, 0x56,
    0x6F, 0x40, 0xEC, 0x8F, 0x6C, 0x99, 0xB9, 0x27, 0x7F, 0xAF, 0x7D, 0x28, 0xFE, 0x6A, 0x4F, 0xEF,
    0xDE, 0x22, 0x1F, 0x73, 0x8F, 0x3C, 0xA3, 0xCF, 0xFB, 0x1E, 0xC4, 0x0E, 0xC9, 0x0A, 0x19, 0xCE,
    0x8F, 0x3A, 0xE5, 0x44, 0x60, 0x4D, 0xA4, 0xD5, 0x61, 0x0C, 0x56, 0x56, 0xC7, 0xDB, 0x39, 0x2A,
    0xB4, 0xDD, 0x81, 0xDB, 0xCB, 0x0E, 0xDC, 0xE7, 0x66, 0xEA, 0xA8, 0x10, 0x41, 0x88, 0xEB, 0xCC,
    0xF1, 0xC7, 0x82, 0x53, 0x94, 0x98, 0x12, 0xDF, 0xB7, 0x0E, 0x8F, 0x31, 0xC0, 0xD6, 0xBF, 0x2F,
    0xC6, 0x06, 0x2A, 0x28, 0x60, 0x7C, 0xD4, 0x37, 0x21, 0x59, 0xF8, 0xA8, 0x6F, 0x6F, 0x76, 0x68,
    0xEF, 0x79, 0xAD, 0x43, 0xCD, 0x37, 0x80, 0x99, 0x90, 0x60, 0x40, 0xD6, 0xD3, 0xF0, 0x08, 0xDC,
    0xD7, 0xC1, 0x6E, 0xEF, 0xAD, 0xE6, 0x9A, 0x52, 0x91, 0x48, 0xA0, 0xDF, 0x92, 0xC5, 0x95, 0x7F,
    0xDC, 0x94, 0xD8, 0x90, 0xE7, 0xF6, 0xE4, 0xBF, 0x49, 0x6E, 0xD2, 0x24, 0x2C, 0x8D, 0x99, 0xCA,
    0xC8, 0xBA, 0x48, 0xE1, 0xE7, 0x7D, 0x55, 0xB2, 0xF4, 0x70, 0x1F, 0x03, 0x01, 0xA4, 0x0C, 0xD8,
    0x6D, 0xD2, 0xFC, 0x0C, 0xDE, 0x42, 0x21, 0xEB, 0xE7, 0x71, 0x8F, 0xF7, 0x7A, 0x7D, 0x0A, 0xFF,
    0x25, 0x0E, 0x6C, 0x13, 0xF5, 0x57, 0xED, 0x93, 0x7C, 0x86, 0x20, 0xC0, 0xBC, 0x9D, 0x8F, 0x0D,
    0xF0, 0xAD, 0x6D, 0xEF, 0x7F, 0x7C, 0x40, 0xF4, 0xF7, 0xBE, 0x6A, 0x96, 0xEA, 0x40, 0x28, 0x20,
    0xBE, 0x3D, 0x43, 0x18, 0xD6, 0x4C, 0x34, 0xA1, 0x1E, 0x30, 0x79, 0xBC, 0xFB, 0x3F, 0xE6, 0xDB,
    0xBD, 0x39, 0xC7, 0xF9, 0xF7, 0xD9, 0xF9, 0x28, 0x17, 0x2F, 0x6F, 0xE4, 0x76, 0x93, 0x66, 0x69,
    0x8D, 0x29, 0x8B, 0xB6, 0x99, 0x65, 0x24, 0xAC, 0xAC, 0xD6, 0x99, 0xD7, 0x44, 0x40, 0xBD, 0xCB,
    0xD8, 0xD5, 0x46, 0xBB, 0xCC, 0x69, 0xD5, 0x91, 0xBB, 0xCD, 0xB6, 0x91, 0x30, 0x48, 0xC8, 0x61,
    0xB7, 0x9B, 0xB5, 0xB2, 0xEA, 0x56, 0x9E, 0xAB, 0xEB, 0x6E, 0xBD, 0x2C, 0xDA, 0x1A, 0xF4, 0x77,
    0x00, 0x66, 0x90, 0xBF, 0x67, 0xBB, 0x0D, 0xEB, 0x80, 0x25, 0x40, 0x07, 0x74, 0xB7, 0xB1, 0xAC,
    0x01, 0x90, 0xB2, 0xEB, 0x4E, 0x57, 0x96, 0xB1, 0x8E, 0x42, 0xAA, 0x77, 0x99, 0xC4, 0x25, 0x25,
    0x64, 0xE4, 0xB0, 0x69, 0xD4, 0x0F, 0xA3, 0x1C, 0x46, 0xA7, 0x31, 0xA8, 0xAB, 0x96, 0xB1, 0xDD,
    0xCC, 0x72, 0x31, 0x4C, 0x0E, 0xB3, 0x49, 0x99, 0x1C, 0xB9, 0x4D, 0x00, 0x43, 0xB3, 0xED, 0x0C,
    0x70, 0x19, 0xF3, 0x91, 0xAF, 0x46, 0x12, 0x03, 0x6F, 0xFD, 0xB4, 0x28, 0x6D, 0x1F, 0x73, 0xA1,
    0x5E, 0xD1, 0xAE, 0x90, 0x36, 0xCE, 0x3F, 0xB6, 0x81, 0x15, 0xFE, 0xF8, 0x79, 0xA9, 0xBC, 0x80,
    0xFC, 0x57, 0x68, 0x60, 0x1F, 0x49, 0xD6, 0x21, 0xAC, 0xDE, 0xC4, 0x4A, 0x89, 0x8A, 0x15, 0x0C,
    0x0B, 0xEA, 0xC8, 0x46, 0x15, 0x5E, 0xA8, 0x0A, 0x1A, 0xDB, 0x84, 0x19, 0x6E, 0xD0, 0x6D, 0xDD,
    0x1C, 0x13, 0x81, 0x33, 0xD4, 0x77, 0xD8, 0xD0, 0xDF, 0x63, 0xB2, 0x4D, 0x1F, 0xC0, 0xB6, 0x9C,
    0x5E, 0x4D, 0xFB, 0xF1, 0xD0, 0xAD, 0xF6, 0x9E, 0xBE, 0x96, 0x38, 0x4E, 0xC9, 0x48, 0x9E, 0x80,
    0x17, 0xCB, 0x42, 0xB1, 0x6A, 0xF9, 0xDC, 0xC1, 0x91, 0x7C, 0x01, 0x60, 0x97, 0xD3, 0x97, 0x9F,
    0xAB, 0x8C, 0xF4, 0x5D, 0x80, 0x5D, 0x27, 0xFE, 0xAB, 0x7C, 0x5E, 0xBE, 0x78, 0x4D, 0x9D, 0x3E,
    0x47, 0x5E, 0x7B, 0x10, 0x78, 0x0A, 0xCF, 0x0D, 0x38, 0x84, 0xC7, 0x7B, 0x7D, 0x1A, 0xE4, 0x66,
    0xC7, 0x80, 0x8E, 0x67, 0x70, 0xDD, 0x60, 0x50, 0xCF, 0x7E, 0xA0, 0x96, 0x97, 0xFE, 0x70, 0xF7,
    0x95, 0x6E, 0x74, 0x0A, 0x12, 0x9F, 0xCD, 0xFF, 0x0F, 0xCC, 0x95, 0x07, 0x8A, 0x34, 0xBC, 0x0E,
    0x04, 0x0B, 0x7C, 0x00, 0x5F, 0x68, 0x41, 0x57, 0x17, 0x7C, 0x17, 0x12, 0x2C, 0x99, 0x86, 0x7E,
    0x8C, 0x65, 0x7B, 0xC2, 0xFB, 0x73, 0xF6, 0x9A, 0xAE, 0x9A, 0x64, 0xD4, 0xDE, 0x04, 0x40, 0x24,
    0xC3, 0x45, 0x40, 0xD8, 0x19, 0x60, 0xBB, 0xBE, 0x18, 0x62, 0x58, 0xCC, 0x02, 0x17, 0x91, 0x10,
    0x6B, 0x13, 0xB9, 0x30, 0x13, 0x37, 0xF4, 0x40, 0xBD, 0x62, 0xFC, 0x14, 0xE6, 0xC6, 0xFD, 0x5C,
    0x6C, 0x24, 0x44, 0x32, 0x1F, 0x58, 0xEF, 0x1A, 0x82, 0xE1, 0x8C, 0x02, 0x6C, 0x27, 0x30, 0x6D,
    0x7A, 0xA9, 0x23, 0x84, 0x86, 0xFD, 0xA3, 0xA6, 0xC3, 0x19, 0x39, 0x4C, 0x80, 0x10, 0xC4, 0x6F,
    0x89, 0x00, 0x75, 0xCC, 0x9A, 0xC5, 0xB0, 0x13, 0x6C, 0x7A, 0x85, 0x60, 0x54, 0xA7, 0x9E, 0xF9,
    0x5D, 0x3D, 0xD9, 0x23, 0xC5, 0x23, 0xEB, 0x2F, 0xCB, 0xE8, 0xBB, 0x58, 0x7B, 0x7A, 0x18, 0x86,
    0x2D, 0x20, 0x5C, 0x7B, 0xA8, 0x33, 0x99, 0x56, 0x48, 0xE0, 0x7A, 0x44, 0x0A, 0xC4, 0x6F, 0x8A,
    0x71, 0x63, 0x0A, 0x13, 0x22, 0x2C, 0x31, 0x5D, 0x3A, 0xD5, 0x89, 0x6D, 0x33, 0xB5, 0xB8, 0x8A,
    0x6F, 0xC3, 0x79, 0x8D, 0x9F, 0x5C, 0x36, 0x30, 0x6D, 0x97, 0xED, 0xBC, 0xA6, 0x36, 0x31, 0x7C,
    0xCF, 0x8E, 0xE4, 0x11, 0x82, 0x59, 0x40, 0xEC, 0x9B, 0x00, 0xB7, 0xDD, 0x5B, 0xBE, 0xF7, 0x84,
    0x60, 0x5E, 0x8B, 0xBC, 0xC6, 0x31, 0x1F, 0x1B, 0xBA, 0x56, 0xC7, 0x66, 0xDB, 0x28, 0x22, 0xAF,
    0xDD, 0x53, 0xFD, 0x71, 0xEA, 0xF0, 0x9E, 0xC6, 0xD6, 0xED, 0x51, 0xC7, 0x44, 0x1B, 0x00, 0xA3,
    0x46, 0xD9, 0x00, 0x31, 0x73, 0xF5, 0x26, 0x8C, 0xFB, 0x5D, 0xA2, 0x5B, 0x0F, 0x71, 0x4A, 0x73,
    0x3A, 0xF7, 0x10, 0xC3, 0xD6, 0x9B, 0xA8, 0x65, 0xBF, 0xFC, 0x29, 0x33, 0x6F, 0xED, 0x2D, 0x3E,
    0xA2, 0xDB, 0x79, 0xD7, 0x9B, 0xF9, 0x26, 0xB3, 0x88, 0xDB, 0xF2, 0x94, 0xD4, 0xEE, 0x38, 0x0A,
    0x4E, 0x45, 0x9D, 0x86, 0x02, 0xBE, 0x30, 0x66, 0xC9, 0xFC, 0x51, 0x2D, 0xC3, 0xF9, 0x21, 0x98,
    0x2D, 0xBC, 0x8A, 0xEB, 0x0B, 0xDB, 0x0C, 0xBB, 0x65, 0xCA, 0x5A, 0x12, 0x39, 0x04, 0xF8, 0xF9,
    0xED, 0xD3, 0x2E, 0xDA, 0xB2, 0x67, 0xFE, 0x7A, 0x0A, 0xC1, 0x16, 0xBD, 0x49, 0x37, 0x6E, 0x99,
    0x09, 0x06, 0x11, 0x09, 0xC1, 0x10, 0x01, 0x44, 0x4D, 0x21, 0x60, 0xEE, 0x31, 0x12, 0xAB, 0x45,
    0x40, 0xFC, 0x13, 0x61, 0x3B, 0x5F, 0x02, 0xE0, 0x3D, 0x7E, 0x08, 0xF0, 0x8A, 0x9F, 0x9A, 0x8A,
    0x67, 0xFC, 0x93, 0x53, 0x3D, 0xE3, 0xFB, 0x7D, 0x3E, 0xA1, 0xB3, 0x39, 0x5B, 0x7F, 0x60, 0xF3,
    0xB1, 0x2D, 0x5C, 0x38, 0x0D, 0x88, 0x38, 0xC8, 0x46, 0xBD, 0x41, 0x0B, 0x72, 0x23, 0x36, 0x72,
    0x61, 0x36, 0x46, 0x35, 0xB4, 0xC0, 0x46, 0x6C, 0xE4, 0xC2, 0x6C, 0x8C, 0x6A, 0x68, 0x81, 0x0D,
    0x37, 0xA2, 0x31, 0xDF, 0x30, 0x44, 0x00, 0xF0, 0x01, 0x03, 0x8C, 0xA1, 0x05, 0x37, 0x7E, 0xB1,
    0x11, 0x07, 0x5A, 0xF8, 0xAF, 0x35, 0xFA, 0x69, 0x7C, 0x6B, 0xC1, 0x1B, 0xB9, 0xA0, 0xCF, 0x7C,
    0x5F, 0x15, 0x02, 0x95, 0x9D, 0xC8, 0x72, 0x21, 0x33, 0x3A, 0x85, 0x04, 0x7F, 0x61, 0x02, 0xFC,
    0x72, 0xBA, 0xB3, 0x56, 0x42, 0x10, 0xF7, 0x3F, 0xDF, 0xF8, 0xAE, 0x67, 0xAB, 0xE0, 0x73, 0xC5,
    0xCD, 0xF3, 0x9E, 0xEF, 0x9B, 0xFD, 0xD9, 0xCE, 0x3E, 0xED, 0xE6, 0x17, 0x10, 0xC4, 0x4D, 0x31,
    0xF3, 0xA4, 0xED, 0x64, 0xD8, 0xAE, 0x93, 0xC5, 0x38, 0x6F, 0xE8, 0xBC, 0x1F, 0xBC, 0xD9, 0xC7,
    0x3E, 0xBE, 0x46, 0x45, 0x17, 0x8A, 0x82, 0xF8, 0x5F, 0xB9, 0x56, 0x94, 0xDB, 0x48, 0xAE, 0x03,
    0x09, 0xF0, 0x37, 0x00, 0xAF, 0x92, 0x03, 0x18, 0xE0, 0xD5, 0x05, 0xCC, 0x01, 0xF6, 0x2A, 0x04,
    0xF6, 0x97, 0x40, 0xBD, 0xB0, 0x24, 0x76, 0xE4, 0xE9, 0x78, 0x9F, 0xD7, 0xE3, 0x0C, 0x3C, 0xD8,
    0x1E, 0xB3, 0x94, 0xB8, 0x35, 0x54, 0xAB, 0x28, 0xB5, 0x4A, 0x54, 0x86, 0xF4, 0xC5, 0x70, 0x03,
    0x62, 0x81, 0xF1, 0xC6, 0x75, 0x47, 0x3F, 0x4D, 0x11, 0x0A, 0x84, 0x43, 0x03, 0x1C, 0x2D, 0x6D,
    0x46, 0x83, 0xD4, 0xBD, 0xBF, 0xC3, 0x30, 0x22, 0x25, 0x5D, 0xC3, 0xFE, 0x1A, 0x8A, 0xCF, 0xC8,
    0x7A, 0xDD, 0x0F, 0x7E, 0xF3, 0xE0, 0x87, 0x1E, 0xE8, 0xDC, 0xAA, 0x99, 0xB9, 0x22, 0xF1, 0x7A,
    0xCC, 0x61, 0x53, 0xA3, 0x91, 0x85, 0xD8, 0xA3, 0x48, 0xEC, 0xEB, 0xB8, 0xEB, 0xC0, 0x64, 0x9F,
    0x74, 0xEB, 0x12, 0xBD, 0xAC, 0xDD, 0x03, 0x62, 0x22, 0x88, 0x59, 0x38, 0x9D, 0xDF, 0x40, 0x23,
    0x76, 0x7D, 0x27, 0xD2, 0xDB, 0x98, 0xAB, 0x93, 0xCD, 0x86, 0x30, 0x3C, 0x5B, 0xE2, 0x1A, 0xC0,
    0x38, 0x86, 0xA4, 0x73, 0x66, 0xD2, 0x2C, 0xB6, 0x01, 0x97, 0x94, 0xA9, 0x06, 0x0F, 0x1F, 0x5A,
    0xB5, 0x72, 0xD6, 0xBA, 0x6D, 0x55, 0xA7, 0xCC, 0xC2, 0x82, 0x12, 0x17, 0x68, 0x19, 0x62, 0x6C,
    0x53, 0x26, 0x6C, 0x8C, 0x1F, 0xA2, 0xE4, 0xFB, 0xC0, 0x17, 0x1D, 0x3E, 0x2C, 0x15, 0x4B, 0xE7,
    0x16, 0xF9, 0x73, 0x10, 0xE7, 0x69, 0x10, 0xF7, 0x48, 0xF8, 0x77, 0xA6, 0xCB, 0x2C, 0x21, 0x9E,
    0x8E, 0x4C, 0x43, 0x24, 0x1B, 0x22, 0x6C, 0xD7, 0x45, 0x2B, 0x2C, 0x1A, 0xF5, 0x53, 0xBC, 0x02,
    0x11, 0xC0, 0x61, 0x7D, 0xE9, 0xF0, 0xFA, 0x2F, 0x2C, 0x9F, 0x4C, 0x4A, 0x0F, 0x34, 0x1B, 0xFD,
    0x46, 0x9B, 0x43, 0xF9, 0x55, 0xE9, 0xF9, 0xC0, 0x6E, 0x7D, 0x3E, 0xB4, 0x7F, 0x3F, 0x45, 0x53,
    0x94, 0xA2, 0x78, 0x72, 0x8C, 0x63, 0xDA, 0xBC, 0xEC, 0x08, 0x12, 0x1B, 0x1A, 0xD8, 0xA7, 0xD2,
    0xF7, 0x8F, 0x22, 0x1C, 0x2B, 0xA2, 0x8D, 0x63, 0x00, 0xBD, 0x2E, 0x45, 0xB1, 0x02, 0x98, 0xEB,
    0xA9, 0xED, 0xDB, 0x29, 0x2A, 0x13, 0x00, 0x65, 0x63, 0xB0, 0x41, 0x8D, 0x69, 0x92, 0x6D, 0x00,
    0x68, 0xCB, 0x4F, 0x94, 0xB9, 0x58, 0xF8, 0xF0, 0x61, 0xC0, 0x94, 0x93, 0x56, 0xB0, 0x70, 0xBF,
    0x6C, 0xE4, 0x8E, 0xAF, 0x2D, 0x5A, 0xEE, 0x78, 0xCD, 0x3D, 0x55, 0xC0, 0xDC, 0x64, 0x4D, 0xFC,
    0x84, 0x6F, 0x7F, 0x0E, 0x6B, 0xCA, 0xAF, 0x97, 0xC9, 0xF3, 0x59, 0x9B, 0xD9, 0xB1, 0x2E, 0x4E,
    0x0A, 0x0A, 0xC8, 0xA3, 0x30, 0x16, 0x9D, 0x25, 0x70, 0xDD, 0x8B, 0xDC, 0x0B, 0x8D, 0xBD, 0xB0,
    0xA1, 0x40, 0x74, 0xE1, 0xD2, 0xC5, 0x4A, 0xBF, 0x9C, 0x0A, 0x25, 0x5F, 0x5D, 0xD8, 0xD8, 0x0B,
    0xE7, 0xC3, 0xE4, 0x2A, 0x72, 0x16, 0x22, 0xEB, 0xD9, 0xBF, 0xEA, 0x42, 0x51, 0x31, 0x8A, 0x2A,
    0xAB, 0x56, 0x03, 0xFE, 0x23, 0xE5, 0x4D, 0x6C, 0x46, 0xC0, 0xA2, 0x0B, 0xCE, 0x56, 0x16, 0x0A,
    0x50, 0x88, 0xB1, 0x70, 0x58, 0x15, 0x20, 0xC3, 0x92, 0x5F, 0x17, 0x3E, 0x13, 0x1D, 0x89, 0x61,
    0xD4, 0xBB, 0x0C, 0xDF, 0xD0, 0x95, 0xE0, 0x13, 0x12, 0x77, 0xA4, 0x61, 0x20, 0xF2, 0xBE, 0x94,
    0x9F, 0x8D, 0xD3, 0xF8, 0x23, 0xE6, 0x15, 0x2A, 0x70, 0x8D, 0xAC, 0x3D, 0x11, 0xE5, 0x35, 0x7C,
    0xE2, 0x28, 0x9C, 0x0B, 0xA6, 0x65, 0x21, 0x87, 0x01, 0xDB, 0x05, 0x9F, 0x21, 0x66, 0xBE, 0x86,
    0xB9, 0x1A, 0x4B, 0xE4, 0xCC, 0xD1, 0xE0, 0x94, 0x4B, 0xBC, 0x9C, 0xA1, 0xEF, 0x3A, 0x61, 0x58,
    0xCE, 0x54, 0x8B, 0x22, 0x99, 0x08, 0x6A, 0xE0, 0x20, 0x22, 0x54, 0xBD, 0x77, 0x6E, 0x37, 0x19,
    0xED, 0xF9, 0x7D, 0xEF, 0x66, 0xE6, 0x8B, 0x5B, 0x92, 0x9D, 0x68, 0x6D, 0xB2, 0x5D, 0x8E, 0xC9,
    0x19, 0x29, 0x23, 0x63, 0x9B, 0x82, 0x21, 0x1C, 0x64, 0xE5, 0xCF, 0xA0, 0x00, 0x61, 0xCB, 0x81,
    0x14, 0x38, 0xA1, 0xC8, 0xB1, 0x28, 0x28, 0x82, 0x26, 0x3F, 0x0E, 0x80, 0xEC, 0x4C, 0x81, 0xDA,
    0xCA, 0x3B, 0x76, 0x7D, 0x4E, 0xE2, 0x8A, 0xB7, 0xA2, 0x6D, 0xD3, 0xE7, 0x6D, 0x97, 0x2F, 0x2C,
    0x41, 0x7D, 0xAE, 0x59, 0x74, 0x91, 0xAD, 0x49, 0x56, 0x5B, 0x96, 0x15, 0x45, 0xCE, 0xA9, 0xCA,
    0x01, 0xB3, 0xA6, 0x4C, 0xFA, 0xE8, 0x91, 0x93, 0x72, 0xF5, 0x1C, 0x5B, 0x8E, 0xD0, 0x3B, 0x2C,
    0x14, 0x2F, 0x36, 0x3A, 0x3A, 0xD5, 0xAC, 0xD6, 0x2D, 0x6B, 0x4F, 0x49, 0xB2, 0xD1, 0x13, 0x04,
    0x7F, 0x05, 0x97, 0xEA, 0x0E, 0x6A, 0x27, 0xD4, 0xDA, 0x8B, 0x46, 0x01, 0xEF, 0xA1, 0xC0, 0xBB,
    0xC9, 0x5C, 0xEC, 0x59, 0x79, 0xD1, 0x96, 0x48, 0xFB, 0x95, 0xF7, 0x80, 0x05, 0x9B, 0x3B, 0x3D,
    0xAA, 0x1D, 0x8F, 0xFA, 0x99, 0x89, 0x42, 0x81, 0x8F, 0xBE, 0xAB, 0x51, 0xB0, 0x3D, 0x74, 0x81,
    0x8D, 0x82, 0x78, 0xB5, 0xED, 0xDE, 0xF5, 0xFC, 0xBE, 0x9C, 0x66, 0xB6, 0x47, 0xE3, 0xB3, 0x36,
    0x7F, 0xF3, 0xB5, 0xC9, 0x75, 0x62, 0xB3, 0x5C, 0x06, 0x08, 0xF1, 0xB5, 0x37, 0xC9, 0xEC, 0x00,
    0x1F, 0x7D, 0xE7, 0xAE, 0xB1, 0x59, 0xB3, 0xB5, 0x6E, 0x6D, 0x8B, 0xD6, 0x6F, 0x61, 0xD1, 0x42,
    0x6F, 0x6E, 0xE1, 0x1D, 0xC8, 0x36, 0x11, 0x9D, 0x37, 0xC9, 0x20, 0xB6, 0x5F, 0x57, 0xF8, 0x81,
    0xB2, 0xA0, 0x53, 0x56, 0x10, 0xFF, 0xD9, 0x06, 0x6B, 0x59, 0x02, 0x73, 0x49, 0xB9, 0xFD, 0x7A,
    0x62, 0xDB, 0xB1, 0xAC, 0x37, 0x4D, 0x65, 0xE7, 0x7D, 0x14, 0xCA, 0x7A, 0xC1, 0x3C, 0x34, 0xF2,
    0x0D, 0xD3, 0x1C, 0x62, 0xC1, 0xF5, 0xAF, 0xDA, 0xE7, 0xAA, 0xED, 0xF6, 0x23, 0x95, 0x09, 0x5C,
    0xC1, 0xD1, 0xFA, 0x2F, 0x7F, 0x20, 0x48, 0x7E, 0xC6, 0x7F, 0xEE, 0x88, 0x09, 0x93, 0xC6, 0x9E,
    0x04, 0x5D, 0xBF, 0xAE, 0xEE, 0xEC, 0x9F, 0x7B, 0xB2, 0xC4, 0xEB, 0xB1, 0x1F, 0x5E, 0xFE, 0x64,
    0x69, 0x57, 0x20, 0x4B, 0xE7, 0x16, 0xC8, 0x0B, 0x28, 0x99, 0xF2, 0x7D, 0x4A, 0xA3, 0xFC, 0x66,
    0x25, 0x33, 0x67, 0xD5, 0xDD, 0x85, 0x8D, 0x2F, 0x0B, 0x00, 0x38, 0x15, 0xBC, 0xF7, 0x58, 0x61,
    0x01, 0xA9, 0x02, 0x2C, 0x14, 0x21, 0xA9, 0x18, 0x92, 0x5E, 0x3F, 0x61, 0x9D, 0x4D, 0x09, 0xC6,
    0xD4, 0xD6, 0x36, 0x08, 0xF9, 0x0F, 0xE0, 0xD2, 0x90, 0x0D, 0x1A, 0xBB, 0xC8, 0x51, 0x92, 0x17,
    0xAD, 0xBD, 0xB2, 0x77, 0x99, 0x29, 0xF7, 0x40, 0x0F, 0x13, 0x8B, 0xEB, 0x94, 0x8B, 0xCB, 0x76,
    0x31, 0xD0, 0x13, 0x46, 0x41, 0x1C, 0xC0, 0xA0, 0xA2, 0xC0, 0x09, 0xE3, 0x03, 0xAC, 0x40, 0xA3,
    0x20, 0x2B, 0xE4, 0x04, 0x27, 0x8C, 0x0F, 0xB0, 0x02, 0x8D, 0x82, 0xFC, 0x00, 0x21, 0xA0, 0xC0,
    0x0B, 0xEC, 0x00, 0xCD, 0x53, 0x7E, 0x45, 0xE3, 0xEA, 0x20, 0x28, 0x80, 0x81, 0x44, 0x40, 0xB4,
    0x8C, 0xDE, 0xFE, 0xAD, 0x75, 0x87, 0x95, 0x68, 0x41, 0xDC, 0xDE, 0x13, 0x6F, 0x44, 0x32, 0xAA,
    0x23, 0x76, 0xDC, 0x0F, 0x79, 0x0E, 0x3C, 0xEF, 0xEA, 0x75, 0xDF, 0xD5, 0xCB, 0xFF, 0xD9, 0xD5,
    0x87, 0xE8, 0x86, 0xF7, 0xEC, 0xE7, 0xD9, 0xAE, 0x62, 0x4D, 0x43, 0x91, 0x23, 0xA4, 0x08, 0x91,
    0xB8, 0x7C, 0x1A, 0xF2, 0x5B, 0x8E, 0x75, 0x56, 0x73, 0xDB, 0x98, 0x49, 0xA2, 0xC6, 0x2C, 0x86,
    0xFC, 0xA1, 0x9B, 0xFE, 0x1B, 0xFD, 0x92, 0xA3, 0x5F, 0xAF, 0x96, 0x09, 0x10, 0x14, 0x68, 0x12,
    0x4F, 0xFB, 0xFF, 0xBE, 0xDE, 0xF8, 0x56, 0x32, 0x4A, 0x3A, 0xF4, 0x02, 0xDB, 0x8A, 0x5C, 0xA9,
    0xC8, 0xED, 0x03, 0xB9, 0x04, 0x14, 0xDA, 0x00, 0x37, 0x47, 0x15, 0x7F, 0x46, 0x7F, 0xE8, 0x81,
    0x2E, 0x85, 0xB9, 0xD0, 0x22, 0xD9, 0x2D, 0xD8, 0xF8, 0x40, 0x9F, 0x08, 0x2A, 0xF2, 0xFC, 0x59,
    0x91, 0xB3, 0xAB, 0xE2, 0x06, 0x1C, 0x83, 0xF6, 0xF6, 0x92, 0xF2, 0x2E, 0x9E, 0xAE, 0x40, 0x1E,
    0xCA, 0x9B, 0x2F, 0x08, 0xF7, 0x94, 0xCB, 0x87, 0xA5, 0xA7, 0x86, 0xA7, 0x8D, 0x69, 0x2E, 0xCE,
    0x9B, 0x21, 0x59, 0x66, 0x61, 0x5C, 0x32, 0x12, 0xE0, 0xE4, 0xD3, 0xF4, 0x21, 0xEC, 0xD1, 0x31,
    0xCC, 0x4C, 0x0A, 0x75, 0x5C, 0x5E, 0x3B, 0xDF, 0x59, 0x8F, 0xEC, 0x64, 0x38, 0xE6, 0x4B, 0x25,
    0xBE, 0x21, 0xC7, 0xA9, 0x88, 0x23, 0xC7, 0x69, 0x6B, 0x01, 0xB6, 0xD7, 0xE6, 0xA5, 0xFA, 0xAE,
    0x73, 0xFF, 0x22, 0x26, 0xF6, 0x74, 0x4E, 0xD2, 0x07, 0xA5, 0x90, 0x91, 0xFB, 0x14, 0xDD, 0x78,
    0x07, 0x30, 0xDA, 0x6E, 0x6E, 0x74, 0xEE, 0xAF, 0x77, 0xAA, 0x8B, 0x3D, 0xE6, 0x45, 0x60, 0x6C,
    0xFD, 0xF3, 0xD5, 0xEF, 0xF4, 0xE1, 0xDC, 0xB9, 0x69, 0xF4, 0xAA, 0x06, 0xE0, 0xB0, 0xDD, 0x77,
    0x6F, 0xFC, 0x2C, 0x84, 0xFD, 0xA7, 0x68, 0x20, 0xE7, 0xD9, 0xFC, 0xFD, 0xB6, 0xBE, 0x75, 0xDC,
    0x94, 0xED, 0xEA, 0x78, 0x76, 0xBF, 0x60, 0xE1, 0x1A, 0x36, 0xB2, 0x88, 0x6B, 0xDE, 0x14, 0x28,
    0xDF, 0x5E, 0x94, 0x3E, 0xF6, 0x99, 0x1E, 0xD2, 0x06, 0x9D, 0x87, 0x8E, 0x3C, 0x26, 0xE2, 0x63,
    0x0E, 0x0D, 0xC3, 0x11, 0x17, 0x89, 0x90, 0xCB, 0x73, 0xFF, 0x2A, 0x62, 0x7A, 0xCE, 0xF2, 0x1C,
    0x74, 0xFC, 0xB0, 0xC3, 0xB9, 0x95, 0xD8, 0xDF, 0x99, 0x0C, 0xB5, 0xC6, 0xE5, 0xB5, 0xB3, 0x3D,
    0x9C, 0xB7, 0x3F, 0xF2, 0x73, 0xDE, 0xA6, 0xC9, 0xD3, 0xF3, 0x39, 0x94, 0x5A, 0x9D, 0x7D, 0x16,
    0x27, 0xDA, 0x6B, 0xF3, 0x22, 0xF3, 0x77, 0xD1, 0xD0, 0x51, 0xFF, 0x9E, 0xCD, 0x49, 0xDA, 0x58,
    0x23, 0xC5, 0x46, 0xB4, 0x06, 0x8E, 0xEB, 0x4D, 0x05, 0x08, 0x20, 0x1C, 0x3B, 0x1A, 0xFD, 0xE7,
    0x3F, 0x40, 0xAE, 0x2A, 0x1E, 0xFD, 0xDF, 0x3E, 0x6F, 0xF9, 0x29, 0x59, 0xBB, 0x2A, 0xCB, 0x96,
    0x66, 0x26, 0x8C, 0xF4, 0xE1, 0x6B, 0xF2, 0xE6, 0x31, 0x7E, 0x4D, 0x60, 0x06, 0x73, 0x58, 0x8A,
    0xDD, 0xFD, 0x6E, 0x90, 0x25, 0x63, 0xAB, 0x97, 0xC6, 0xA8, 0xBF, 0x42, 0x07, 0x0D, 0xE2, 0x18,
    0xB1, 0xCD, 0xFA, 0xB0, 0x08, 0xC4, 0xDF, 0x08, 0x0C, 0xB9, 0xFB, 0xA5, 0xC2, 0x79, 0xB3, 0x16,
    0x3B, 0x42, 0xC7, 0xF4, 0x05, 0x0E, 0xDF, 0x0F, 0x29, 0xA4, 0x2D, 0x85, 0x9E, 0x7F, 0xD8, 0x3E,
    0x4F, 0x21, 0xBC, 0x20, 0x8B, 0xC8, 0x90, 0x57, 0xE8, 0xF9, 0x59, 0xEC, 0x3C, 0xB9, 0xD7, 0x53,
    0x9C, 0x87, 0x97, 0x89, 0x9C, 0x16, 0x74, 0xF4, 0x42, 0xBB, 0xB2, 0x1B, 0xCC, 0x19, 0x29, 0x99,
    0x8A, 0xF3, 0x9F, 0x23, 0x68, 0x0C, 0x6E, 0xCD, 0xB9, 0xE0, 0x73, 0x3C, 0xF7, 0xD5, 0x09, 0x63,
    0xDA, 0x65, 0xD5, 0x66, 0xB3, 0xF8, 0x91, 0x15, 0x50, 0x7E, 0x03, 0xBA, 0xB5, 0xA9, 0x51, 0x6C,
    0x7D, 0x31, 0x3F, 0x21, 0x53, 0x07, 0xC4, 0x96, 0x23, 0xEE, 0xC4, 0x1B, 0xEF, 0x21, 0x0E, 0x98,
    0xCE, 0xBE, 0x1D, 0x6E, 0x9E, 0x55, 0x45, 0x83, 0x0E, 0xDA, 0xFC, 0xD8, 0x10, 0x47, 0x80, 0x9F,
    0xBB, 0x5E, 0x38, 0x41, 0xC6, 0x6F, 0xF4, 0x78, 0x06, 0x8E, 0x44, 0x33, 0x95, 0xF6, 0x7E, 0x9D,
    0xF5, 0x47, 0x67, 0xDC, 0x17, 0xA3, 0x33, 0x5D, 0x94, 0x76, 0x08, 0xA8, 0x1B, 0xB6, 0x1D, 0x2D,
    0x60, 0x88, 0xCD, 0x2C, 0x3D, 0xC0, 0xDF, 0x66, 0x97, 0x10, 0x2B, 0x69, 0x0A, 0x79, 0xAF, 0xC7,
    0x3C, 0x99, 0x4F, 0x17, 0x87, 0xDA, 0xF3, 0x71, 0x24, 0x73, 0x0E, 0xB3, 0xED, 0x54, 0x01, 0x1C,
    0x5D, 0xFA, 0x53, 0x3B, 0x72, 0xFB, 0x78, 0xF0, 0xF1, 0x39, 0x79, 0x3D, 0x4C, 0x1E, 0x9F, 0xB1,
    0x4C, 0x91, 0xFE, 0xEA, 0xC1, 0x25, 0x83, 0x91, 0x53, 0x18, 0x33, 0x4B, 0xA8, 0x04, 0x7A, 0xFF,
    0x25, 0xF8, 0x1F, 0x95, 0x94, 0xC9, 0x0A, 0x74, 0x39, 0x08, 0x85, 0x3F, 0x70, 0x5B, 0xE0, 0xAB,
    0x04, 0x7A, 0x1B, 0xF0, 0xD5, 0x85, 0x5A, 0xF6, 0xF4, 0x2A, 0x07, 0xFE, 0xAD, 0x60, 0x5F, 0xB9,
    0xB7, 0xC6, 0x9E, 0x3D, 0x0E, 0xA4, 0x72, 0x8C, 0xC1, 0x78, 0xAB, 0x09, 0x3C, 0x4D, 0xC8, 0xCA,
    0xE5, 0x19, 0x14, 0x34, 0xD6, 0xE9, 0x2D, 0xA7, 0x8A, 0x08, 0x79, 0x74, 0x28, 0x4A, 0xA6, 0xEE,
    0x53, 0x5F, 0x26, 0x54, 0xA6, 0x18, 0x3E, 0xBB, 0x63, 0x5B, 0x96, 0xE9, 0xF0, 0x4D, 0xA7, 0xC9,
    0xE6, 0x48, 0xF6, 0x01, 0x57, 0xD4, 0x72, 0xF9, 0xF2, 0x98, 0x42, 0x6A, 0xCF, 0x0A, 0xD3, 0xF6,
    0x9C, 0x32, 0xB4, 0xDF, 0x65, 0x9D, 0x87, 0xD2, 0x68, 0xA4, 0xE2, 0x09, 0xCF, 0x98, 0x83, 0x64,
    0x59, 0xC8, 0x11, 0x56, 0xA3, 0x68, 0xD0, 0xAE, 0xA9, 0x5E, 0x78, 0x13, 0x3D, 0x0C, 0x21, 0x4B,
    0x4B, 0x1F, 0x10, 0x0C, 0x1A, 0xCF, 0x13, 0xE7, 0x7A, 0x53, 0xF4, 0xB5, 0xE7, 0xB3, 0x97, 0x93,
    0x11, 0xD7, 0x6E, 0x31, 0x10, 0xE2, 0x6A, 0x4F, 0xA2, 0x47, 0x73, 0x04, 0x42, 0x7D, 0x60, 0xE2,
    0xB8, 0x56, 0x9F, 0xB1, 0xF3, 0x50, 0xEC, 0x5B, 0xAD, 0xCE, 0x3E, 0x74, 0x16, 0x89, 0x45, 0x49,
    0x3B, 0x9C, 0x41, 0xEB, 0x84, 0xF3, 0xC0, 0x6B, 0xD5, 0x87, 0x98, 0x5E, 0x68, 0x75, 0x36, 0xF5,
    0x86, 0x56, 0xC8, 0xB5, 0xBB, 0xF7, 0xB3, 0xEB, 0x9F, 0x5D, 0x8E, 0xD8, 0x25, 0xC7, 0x89, 0x34,
    0x5D, 0xD7, 0xC6, 0x38, 0x9F, 0xA4, 0x0E, 0x84, 0x42, 0x1A, 0xE9, 0x1E, 0x11, 0x7E, 0xE9, 0x1E,
    0xED, 0x9E, 0x57, 0xE9, 0xCF, 0xB7, 0xB9, 0x86, 0xE3, 0x77, 0x85, 0xA9, 0x88, 0xC7, 0xF3, 0x7F,
    0x3F, 0xC0, 0x3F, 0x0F, 0xCD, 0x18, 0x97, 0x3C, 0xD6, 0xAE, 0xC9, 0xA8, 0xC9, 0xF8, 0xE6, 0x7E,
    0x09, 0x24, 0x2E, 0x3A, 0xAD, 0x08, 0xD1, 0xB0, 0x00, 0x4C, 0xE0, 0x79, 0x19, 0x10, 0xC0, 0x06,
    0xEA, 0x32, 0x9D, 0x14, 0xCB, 0xBF, 0xA6, 0x8D, 0x7D, 0xD1, 0xEC, 0x8B, 0x16, 0x17, 0x25, 0x2B,
    0xDC, 0xA3, 0x9E, 0xED, 0xEA, 0x37, 0xF9, 0xFA, 0x31, 0xEE, 0x75, 0xF8, 0xB3, 0x9F, 0x2B, 0xA5,
    0x56, 0x64, 0x64, 0x4B, 0xB2, 0x28, 0xCD, 0x39, 0x7F, 0xDF, 0x91, 0xD7, 0xB7, 0xF9, 0x1A, 0xBE,
    0xF7, 0xBE, 0x56, 0x87, 0x47, 0x11, 0x10, 0x54, 0xEF, 0xAA, 0xAE, 0xDA, 0x08, 0xCD, 0xCE, 0xEB,
    0xFB, 0xE4, 0x61, 0x7F, 0x5B, 0xA8, 0xE2, 0x81, 0x56, 0x8B, 0x07, 0x9C, 0xE8, 0xA9, 0xA6, 0x2E,
    0xFD, 0x90, 0x25, 0x6C, 0xE8, 0xF1, 0x9E, 0x1E, 0xE5, 0xD5, 0x25, 0x2F, 0x78, 0xFB, 0x5D, 0x1E,
    0x5D, 0xDB, 0x95, 0x60, 0xC3, 0xD9, 0x7B, 0x38, 0xE2, 0x8E, 0x91, 0xD1, 0xD5, 0xDD, 0x8E, 0x8C,
    0x74, 0x22, 0x5F, 0x73, 0xDF, 0x19, 0x65, 0x7D, 0x7A, 0x01, 0xF8, 0xC3, 0x5B, 0x8E, 0xFF, 0xF1,
    0xFB, 0xD0, 0x40, 0x5C, 0x7E, 0xC1, 0x6D, 0x3C, 0xCE, 0xC5, 0x9C, 0x8A, 0xAE, 0x21, 0x3C, 0x72,
    0x87, 0xE3, 0x27, 0xE7, 0x49, 0x1E, 0x36, 0x72, 0x38, 0xCF, 0x7C, 0xAF, 0xF5, 0x79, 0x87, 0xC6,
    0x65, 0x8A, 0x2C, 0x12, 0x8F, 0xAD, 0x15, 0x4E, 0x11, 0x9D, 0xD1, 0x12, 0x52, 0xEA, 0xF9, 0x1F,
    0xB4, 0xF2, 0xF1, 0xA8, 0x4B, 0x2C, 0x53, 0x67, 0x31, 0xE9, 0x28, 0x27, 0x65, 0x8E, 0x51, 0x93,
    0x07, 0x28, 0x14, 0xF7, 0xB2, 0x7B, 0xC5, 0xFD, 0xF7, 0x72, 0x4F, 0x37, 0xB5, 0xBB, 0x77, 0xED,
    0x0E, 0xCB, 0x9F, 0x7E, 0x89, 0xEA, 0x76, 0x45, 0xDD, 0xD6, 0x73, 0x6E, 0x72, 0xDB, 0xE1, 0xCF,
    0x49, 0xDA, 0x2C, 0xCE, 0x17, 0xB2, 0x2C, 0x00, 0x53, 0x4C, 0xF0, 0xF4, 0x04, 0x02, 0x2B, 0xC6,
    0x38, 0x07, 0x91, 0x49, 0x63, 0x44, 0xC0, 0xFF, 0x4E, 0xE8, 0xA7, 0x58, 0x37, 0xA0, 0xE8, 0xEE,
    0xF4, 0xDC, 0xD8, 0xD0, 0x04, 0xD6, 0xC5, 0xF0, 0x86, 0x3D, 0x9B, 0x39, 0x3B, 0xDE, 0x75, 0xB6,
    0xB4, 0xB9, 0x6A, 0x5D, 0x95, 0x19, 0x59, 0x8C, 0xB0, 0xAF, 0xD3, 0xAF, 0x90, 0x8C, 0x04, 0x17,
    0xC5, 0x73, 0x3A, 0xE9, 0xD2, 0xCA, 0x25, 0xED, 0x65, 0x4C, 0xE8, 0x4A, 0xC4, 0xB1, 0xCA, 0x24,
    0x2F, 0x71, 0xA4, 0xDC, 0x79, 0x3B, 0xB0, 0x25, 0x23, 0xF7, 0x0B, 0xAA, 0xB8, 0x79, 0x2A, 0x93,
    0x13, 0x4A, 0x4F, 0x36, 0xDB, 0xB7, 0xEA, 0xC5, 0xF1, 0xDB, 0xEC, 0xDD, 0xB3, 0xA4, 0xB7, 0xDC,
    0x7B, 0x4A, 0xB5, 0x73, 0xDD, 0xBE, 0xF4, 0x5E, 0x99, 0x23, 0x8B, 0x3E, 0xEC, 0x81, 0x8D, 0xE5,
    0xDC, 0x40, 0x6B, 0x69, 0x2E, 0xE3, 0x39, 0x37, 0x59, 0x6B, 0xA7, 0xE3, 0xB9, 0x53, 0x2B, 0xF7,
    0x1F, 0xCC, 0x9A, 0x5D, 0x6E, 0x1C, 0xBB, 0xAF, 0xC4, 0x0B, 0xE0, 0xEB, 0x05, 0xB4, 0x95, 0xB3,
    0x80, 0x01, 0xB8, 0x75, 0x01, 0x5E, 0x40, 0xB6, 0x42, 0x20, 0xAF, 0x04, 0xEA, 0x9A, 0x2C, 0x69,
    0x46, 0xB6, 0x3B, 0xCE, 0xFC, 0x9D, 0x9C, 0xE4, 0x68, 0x9A, 0xBF, 0x9A, 0x58, 0x5F, 0x2D, 0x75,
    0x4B, 0xA4, 0xEC, 0x58, 0x02, 0x28, 0x73, 0x00, 0x63, 0x02, 0x36, 0xB1, 0x13, 0xC9, 0xB9, 0x4D,
    0xC5, 0x2E, 0xEC, 0xD9, 0x72, 0x17, 0x65, 0x2D, 0x12, 0xCB, 0xFE, 0x58, 0x9F, 0x2C, 0xE0, 0xA0,
    0x46, 0xFD, 0x24, 0xC9, 0x68, 0xF2, 0x95, 0x09, 0x4E, 0x8C, 0xFB, 0x15, 0x45, 0xBB, 0xA6, 0x72,
    0x75, 0x4D, 0x16, 0x49, 0x14, 0x13, 0x00, 0x01, 0x0B, 0xF5, 0x30, 0x00, 0xDC, 0xF0, 0xFC, 0x5C,
    0xFC, 0xA2, 0x01, 0x4C, 0xC0, 0xC9, 0xE8, 0xAE, 0x8C, 0xB0, 0x39, 0x02, 0x80, 0xCF, 0x02, 0x36,
    0x58, 0xC8, 0x3B, 0x48, 0xA6, 0x90, 0xEF, 0x32, 0x76, 0x0D, 0x35, 0x30, 0x1A, 0x95, 0x63, 0x9C,
    0x63, 0x76, 0x1F, 0x18, 0x05, 0xCF, 0xD2, 0xF0, 0x32, 0xE0, 0xC3, 0xD8, 0xD8, 0x2D, 0xA8, 0xAE,
    0x31, 0x00, 0x67, 0xB7, 0x01, 0x78, 0x00, 0xB6, 0x6C, 0x17, 0xB7, 0x98, 0xAF, 0x46, 0xF4, 0x3C,
    0xA1, 0x6F, 0xEB, 0x07, 0xE9, 0x9F, 0x7F, 0x5A, 0x6E, 0x7A, 0xA0, 0xFF, 0xDB, 0x07, 0xBF, 0xF7,
    0xF2, 0x39, 0x09, 0x26, 0x1E, 0xEF, 0xD3, 0x85, 0x02, 0x7E, 0xAA, 0xE3, 0x79, 0x25, 0xB7, 0x46,
    0x2B, 0xC6, 0x52, 0x4B, 0x29, 0xB6, 0x72, 0xA9, 0xDF, 0xF5, 0xB6, 0xF2, 0xF3, 0x54, 0xCB, 0x6F,
    0xA9, 0xF6, 0x18, 0xAD, 0x93, 0xB3, 0x34, 0x91, 0x7A, 0xD2, 0xBF, 0x4D, 0xD9, 0x69, 0x2E, 0xCD,
    0xD6, 0x49, 0xAE, 0x7C, 0x5F, 0x3A, 0xE6, 0x73, 0xEA, 0x4B, 0x55, 0x9F, 0xDC, 0x1A, 0x4B, 0x81,
    0x5F, 0xDD, 0x11, 0xF2, 0xF9, 0x1D, 0xE1, 0x39, 0xC2, 0xD7, 0x74, 0xC0, 0xA2, 0xB0, 0xD6, 0xD2,
    0x91, 0xB2, 0xCA, 0x14, 0x90, 0x7A, 0x40, 0xD6, 0x08, 0x24, 0xC6, 0xD4, 0x93, 0x15, 0x3A, 0xBF,
    0x5A, 0x21, 0x1B, 0x73, 0x7D, 0x4B, 0x2B, 0xA8, 0x36, 0x77, 0x61, 0xD5, 0x1D, 0xB1, 0x9B, 0x52,
    0x01, 0x16, 0x1C, 0x7B, 0x36, 0xF7, 0x5D, 0x21, 0x0B, 0x5A, 0x4A, 0xEF, 0x6E, 0xCD, 0x72, 0x63,
    0xDC, 0xE1, 0x85, 0xDC, 0xB0, 0xC8, 0xEA, 0x6D, 0xC3, 0xF1, 0x8A, 0xDC, 0xB0, 0x28, 0xCC, 0x57,
    0x8C, 0x82, 0x43, 0x50, 0x65, 0xC6, 0x1D, 0xB3, 0x80, 0x0D, 0x0C, 0x38, 0x30, 0x66, 0x81, 0x7B,
    0xDF, 0xD8, 0x49, 0x3B, 0x8A, 0x37, 0xAA, 0xDA, 0x68, 0x04, 0x2C, 0xED, 0x15, 0x61, 0xF7, 0xB9,
    0x13, 0x1C, 0x0E, 0x61, 0xCC, 0x5C, 0xB0, 0xEF, 0x8D, 0x00, 0xC0, 0xC6, 0x7C, 0xB3, 0x4F, 0x72,
    0x8F, 0xDD, 0xD5, 0x77, 0x61, 0x6F, 0x4F, 0x7F, 0x02, 0x24, 0x79, 0x00, 0x08, 0xE0, 0x1A, 0x8E,
    0x07, 0x39, 0x8B, 0xDF, 0x37, 0xF7, 0x00, 0xC5, 0x31, 0xF3, 0xE0, 0xAD, 0x2B, 0xF9, 0xA6, 0x26,
    0x4A, 0xD4, 0xC6, 0x6E, 0x24, 0x63, 0x33, 0x60, 0xCA, 0xDA, 0x54, 0xC5, 0x93, 0x6A, 0xB6, 0x8A,
    0x6F, 0xFB, 0x89, 0x0B, 0x2F, 0x9B, 0x09, 0x8F, 0xD4, 0xCB, 0x95, 0xB9, 0xFC, 0xD7, 0xD2, 0x94,
    0x59, 0xAE, 0xF6, 0xA6, 0x36, 0x8F, 0x75, 0x7F, 0x05, 0xAD, 0x94, 0xF3, 0xA5, 0x3E, 0x91, 0x02,
    0xE5, 0x0E, 0x13, 0xFA, 0xB6, 0x6B, 0xF8, 0x03, 0xF3, 0x2D, 0xD4, 0x1E, 0xC9, 0x7B, 0x5D, 0xFE,
    0x01, 0xD7, 0x6D, 0xF2, 0xA6, 0x27, 0x7F, 0xFD, 0x42, 0xD1, 0x3F, 0x30, 0x1F, 0xB4, 0x28, 0xF2,
    0x43, 0x4A, 0x00, 0xF0, 0x1F, 0xF1, 0xDF, 0x0E, 0xEA, 0x1C, 0x6B, 0xF1, 0xCF, 0xE5, 0xEC, 0x96,
    0x5A, 0x94, 0x26, 0x2C, 0xF5, 0x0F, 0x6C, 0x75, 0x15, 0x82, 0x4F, 0x5F, 0x81, 0xAF, 0xD4, 0xC2,
    0x91, 0xA5, 0x5A, 0x44, 0xC0, 0x52, 0x93, 0x2A, 0x7F, 0x95, 0x27, 0x1E, 0xF5, 0x77, 0x7B, 0x2C,
    0x7D, 0xF4, 0xB3, 0xFB, 0x1F, 0xAD, 0xDC, 0xF7, 0x25, 0xC0, 0x27, 0x5B, 0x47, 0x18, 0xB3, 0x5D,
    0xAA, 0x93, 0x71, 0x83, 0xFD, 0x60, 0xC8, 0x16, 0x46, 0xCE, 0x2A, 0x5B, 0x0A, 0x8C, 0x9D, 0xE7,
    0xEF, 0x6C, 0x6D, 0x8D, 0x9E, 0x54, 0x90, 0xF5, 0xD7, 0x36, 0xE5, 0xFE, 0xE0, 0x86, 0x00, 0x5C,
    0x91, 0xCE, 0xFC, 0x0F, 0xB8, 0x8A, 0xBF, 0xE6, 0x3D, 0x07, 0xC9, 0x13, 0x80, 0x0B, 0xFE, 0xAB,
    0xB8, 0x15, 0x72, 0x43, 0x91, 0x5A, 0x14, 0xE6, 0x82, 0xF1, 0xA4, 0x9E, 0x45, 0xB3, 0x67, 0xDB,
    0x0F, 0xDE, 0xBC, 0xA7, 0x70, 0x73, 0x00, 0xF1, 0xCA, 0x69, 0xE2, 0xF4, 0xB4, 0x18, 0x27, 0xE1,
    0x89, 0xF4, 0x07, 0x6F, 0x59, 0x5C, 0x57, 0x14, 0xC7, 0xC9, 0x09, 0xFF, 0x65, 0xEF, 0xF6, 0x45,
    0x1F, 0xB9, 0x62, 0x02, 0x27, 0xB5, 0xB0, 0xE5, 0xA4, 0x72, 0x2F, 0xD8, 0x09, 0xF0, 0xF4, 0x50,
    0xCB, 0xF1, 0x3D, 0x4F, 0x76, 0xAD, 0xA3, 0x85, 0xED, 0x01, 0xBB, 0x23, 0xE3, 0xF4, 0x58, 0xBE,
    0x48, 0x21, 0xCA, 0xE5, 0xA8, 0xFE, 0x00, 0x98, 0xA7, 0x3F, 0x1D, 0xDB, 0x9F, 0x5E, 0x98, 0x65,
    0xE5, 0x57, 0x39, 0x95, 0x9F, 0x5F, 0x3A, 0x56, 0xE6, 0x13, 0xC7, 0xCA, 0x13, 0x5F, 0x3D, 0x56,
    0x7E, 0x88, 0x81, 0x12, 0xF8, 0x13, 0xF8, 0x3B, 0xC1, 0xE5, 0xE5, 0x79, 0x64, 0xEC, 0x78, 0x27,
    0xEB, 0x2B, 0x39, 0x3D, 0xC6, 0xAB, 0x79, 0x7B, 0x6E, 0x16, 0x53, 0x77, 0xF2, 0x0C, 0x55, 0xCB,
    0xE7, 0x98, 0x23, 0x06, 0xC7, 0x0B, 0xA7, 0x91, 0xA4, 0x7A, 0xB9, 0xE8, 0xDD, 0x01, 0x4B, 0x9F,
    0xB0, 0x18, 0xB3, 0xAB, 0x16, 0x1E, 0x3B, 0xA9, 0x37, 0x3A, 0x80, 0xF8, 0xD6, 0xBB, 0x50, 0x63,
    0x4F, 0xA4, 0xB1, 0x31, 0x57, 0xEE, 0x78, 0x09, 0x15, 0x56, 0xDD, 0xDC, 0xCE, 0xBC, 0x5B, 0x2E,
    0x44, 0xF5, 0x16, 0x7B, 0x3F, 0xB7, 0xC0, 0xDF, 0x22, 0x2B, 0xCD, 0x93, 0x9F, 0x9F, 0x1A, 0xF3,
    0x7F, 0x81, 0x3F, 0xD0, 0x03, 0xA7, 0xF3, 0x15, 0x0A, 0x67, 0xBB, 0xC1, 0xE7, 0x91, 0x8A, 0x39,
    0xFE, 0x4B, 0xC2, 0xAB, 0x94, 0x40, 0x5F, 0xFF, 0x75, 0xA5, 0x52, 0xBE, 0x57, 0x28, 0xFD, 0x54,
    0xF5, 0xA2, 0x9C, 0xC4, 0x78, 0x9E, 0xE4, 0x6C, 0x2A, 0x28, 0xE7, 0x19, 0xB2, 0x7F, 0x1A, 0xE2,
    0xAB, 0x0C, 0x55, 0xB7, 0x19, 0xCD, 0xB5, 0x08, 0xE3, 0x6B, 0x24, 0x29, 0x4E, 0x8B, 0x84, 0x47,
    0xD1, 0xB2, 0x88, 0x27, 0x68, 0xD1, 0x75, 0xC5, 0x59, 0x8C, 0xD5, 0xF2, 0xB6, 0x2F, 0x9C, 0x0C,
    0x2F, 0x4C, 0xBD, 0x68, 0x9D, 0x06, 0x06, 0xE5, 0x8D, 0x1B, 0x81, 0x58, 0x2E, 0xE5, 0xC7, 0x1E,
    0x47, 0x30, 0x92, 0xC2, 0xF5, 0x4A, 0x3B, 0xFD, 0x9B, 0xDA, 0x4B, 0x2C, 0x47, 0x88, 0xFD, 0x72,
    0x1B, 0x67, 0xC9, 0x3A, 0x90, 0x6E, 0x37, 0x0C, 0x9F, 0xD9, 0x4F, 0x2F, 0x52, 0x5B, 0x69, 0x6A,
    0x8C, 0x6F, 0x84, 0x69, 0x25, 0x4E, 0xC6, 0x47, 0x49, 0x5B, 0x92, 0x2D, 0x38, 0x84, 0xF7, 0x56,
    0x28, 0x71, 0x3D, 0xBD, 0xA1, 0xFE, 0x06, 0xC1, 0x99, 0x9A, 0x8F, 0x15, 0x3C, 0x2A, 0x5A, 0xF7,
    0x3D, 0xDA, 0x91, 0x6B, 0xE3, 0x9D, 0x3E, 0x2F, 0x36, 0xA6, 0x46, 0xE8, 0x5D, 0x94, 0x4F, 0x56,
    0x5D, 0xE5, 0x79, 0xA3, 0x33, 0x0A, 0xB9, 0xBD, 0xC3, 0x68, 0xDC, 0xDB, 0x63, 0x01, 0x4C, 0x8C,
    0xEE, 0xD0, 0xE3, 0xFF, 0x8E, 0x5F, 0xF4, 0xCA, 0x98, 0x46, 0xE6, 0x60, 0xA4, 0xB7, 0x87, 0x92,
    0x25, 0x2C, 0xBD, 0x6C, 0x7A, 0x3A, 0x33, 0x8D, 0xD1, 0x65, 0xE1, 0x4C, 0x90, 0xB0, 0xDC, 0x1E,
    0x4A, 0x76, 0x43, 0x55, 0x64, 0x3F, 0x79, 0xC6, 0x48, 0x02, 0x65, 0x4C, 0xC0, 0x7F, 0x64, 0xDD,
    0xD7, 0xB4, 0x1C, 0x31, 0xC2, 0xF4, 0x34, 0x21, 0xB9, 0x47, 0x52, 0xAF, 0x66, 0x51, 0xA6, 0xEF,
    0xC4, 0x0A, 0x81, 0x70, 0xE6, 0xC9, 0x46, 0x24, 0x76, 0x54, 0x95, 0x65, 0xBA, 0x12, 0x78, 0xFE,
    0xD2, 0x04, 0x1F, 0xC0, 0x58, 0xB8, 0x5D, 0x20, 0x3F, 0xC2, 0x62, 0x41, 0xCF, 0xE0, 0xED, 0x69,
    0xDE, 0xAF, 0x00, 0x0F, 0x18, 0x89, 0x91, 0x9C, 0x8E, 0x11, 0xBC, 0x0F, 0x08, 0x49, 0xF2, 0x6E,
    0x1F, 0x7E, 0x9B, 0x5F, 0x16, 0x16, 0x43, 0x33, 0x32, 0x97, 0x37, 0xF7, 0xD9, 0x32, 0x4A, 0xB4,
    0x0F, 0xB4, 0xC7, 0xBF, 0x4B, 0x3F, 0x33, 0x0B, 0x47, 0x05, 0x04, 0x12, 0x32, 0xB7, 0xEC, 0x3C,
    0xC9, 0xAE, 0x60, 0xAA, 0x5E, 0xD8, 0xE3, 0x4B, 0x75, 0x44, 0xB0, 0xBB, 0x9D, 0x63, 0x3D, 0x16,
    0x7F, 0x21, 0xFE, 0xC1, 0x98, 0xB8, 0x9B, 0x4F, 0x18, 0x61, 0x0C, 0x98, 0x3A, 0x38, 0xF2, 0x46,
    0x94, 0x06, 0xFC, 0xFE, 0xD8, 0x56, 0x80, 0xBC, 0xCC, 0x33, 0x71, 0xCB, 0x44, 0x66, 0x5A, 0xC8,
    0xC6, 0x7C, 0x35, 0x64, 0x3A, 0x32, 0x6F, 0x95, 0x81, 0x64, 0x20, 0x39, 0x97, 0x41, 0x36, 0xE6,
    0x80, 0x85, 0xAB, 0x4F, 0x0F, 0xAC, 0xF4, 0xDB, 0xDA, 0x7F, 0xBC, 0x92, 0x0E, 0x59, 0x22, 0x2D,
    0x64, 0xBD, 0x5A, 0x51, 0xD6, 0xDF, 0xF5, 0xF3, 0x54, 0x19, 0x95, 0xBF, 0xBF, 0xDA, 0xC7, 0xBB,
    0xC6, 0x42, 0x62, 0x3C, 0x8F, 0xD8, 0xB0, 0xC2, 0xB7, 0x02, 0x67, 0x01, 0x02, 0x48, 0x1D, 0x50,
    0x85, 0xC1, 0xEF, 0x21, 0xF7, 0xE4, 0x9E, 0x8D, 0xC4, 0xAD, 0x90, 0x9E, 0x8E, 0x78, 0x85, 0xBD,
    0x62, 0x34, 0xBE, 0x4D, 0x4F, 0x6B, 0x10, 0x0B, 0xC8, 0x3B, 0x10, 0x9F, 0x19, 0xC9, 0xB6, 0x9F,
    0x95, 0x83, 0x67, 0xDF, 0xD8, 0x48, 0x86, 0xC3, 0x34, 0xAF, 0x32, 0xBF, 0x36, 0x4D, 0xA9, 0x43,
    0x5B, 0xC6, 0xB8, 0x6F, 0x19, 0x3C, 0xFA, 0xB4, 0x2F, 0x5B, 0x78, 0x22, 0xC8, 0xC9, 0xE4, 0x5E,
    0x85, 0x99, 0xC0, 0x4F, 0xAD, 0xCA, 0x72, 0xEA, 0x50, 0x97, 0xCE, 0x9F, 0x1F, 0xE6, 0x9C, 0x1A,
    0x37, 0x5D, 0x47, 0xE4, 0x27, 0xDD, 0xF2, 0x5A, 0xF1, 0x8A, 0x2D, 0x34, 0xEE, 0xDC, 0x86, 0x31,
    0xF1, 0x55, 0xCB, 0x22, 0x71, 0x1C, 0xA3, 0xF8, 0x7E, 0x4F, 0xB3, 0xD8, 0x40, 0x8E, 0x79, 0xC2,
    0x1D, 0x0B, 0xE3, 0x56, 0xC8, 0x0D, 0x8B, 0x13, 0xEF, 0xBC, 0x39, 0x59, 0xC8, 0xC2, 0x44, 0x25,
    0x7F, 0x92, 0x8A, 0x31, 0xEE, 0x07, 0x54, 0x06, 0x7C, 0xBA, 0x65, 0xDF, 0x36, 0x21, 0x7D, 0x70,
    0xCC, 0x6B, 0xBA, 0x08, 0x36, 0x7D, 0x56, 0xE9, 0x11, 0x3E, 0x14, 0x3A, 0x28, 0x88, 0xD9, 0x3D,
    0x3E, 0x4F, 0xCD, 0xDE, 0x9A, 0xB3, 0x7C, 0x33, 0x5D, 0xAE, 0x99, 0xDA, 0xF3, 0x13, 0x85, 0xDC,
    0x70, 0x87, 0x8A, 0x58, 0x15, 0x5E, 0x7B, 0x2C, 0x52, 0x4D, 0x11, 0x70, 0xED, 0x14, 0xBF, 0x11,
    0xF7, 0x93, 0xD5, 0xA7, 0x67, 0x9B, 0xFC, 0xCC, 0x08, 0xA4, 0x07, 0x73, 0x90, 0x2B, 0x36, 0xC0,
    0xA5, 0xE9, 0x80, 0xFE, 0xEF, 0x91, 0x47, 0xD2, 0x4F, 0xF0, 0xC7, 0x84, 0x9D, 0x62, 0x09, 0x2A,
    0xD9, 0xA7, 0x42, 0x02, 0x78, 0x00, 0x7E, 0x05, 0xB2, 0xD1, 0x5E, 0xBC, 0x80, 0xFC, 0x08, 0x2B,
    0xF8, 0xF6, 0x1E, 0x3B, 0x12, 0xFD, 0x1C, 0x64, 0x14, 0x88, 0x6C, 0x07, 0x94, 0x18, 0x3F, 0x80,
    0x71, 0x95, 0x23, 0xE7, 0xAA, 0x7B, 0x6D, 0x47, 0x30, 0xB6, 0x82, 0x35, 0x59, 0xDC, 0xBF, 0xDB,
    0x0E, 0xC8, 0x02, 0x63, 0x45, 0xEB, 0xFE, 0x6D, 0x47, 0x2F, 0xE7, 0x36, 0xA4, 0x38, 0xA6, 0x0C,
    0x30, 0xD9, 0x11, 0x41, 0x84, 0x51, 0x75, 0xDB, 0x43, 0x5A, 0x53, 0xA3, 0xE6, 0x0B, 0x91, 0x3D,
    0x1B, 0xD9, 0xCB, 0x26, 0x87, 0x38, 0x61, 0x21, 0x92, 0x0F, 0xE6, 0x78, 0xC3, 0xBE, 0xC3, 0x58,
    0x74, 0x85, 0x97, 0xBB, 0x65, 0x6D, 0x34, 0x63, 0x07, 0xC7, 0x3C, 0x83, 0x63, 0xD9, 0x44, 0x75,
    0xD6, 0xF9, 0x28, 0xDB, 0x41, 0x40, 0xEE, 0x20, 0x40, 0x65, 0x08, 0xAC, 0xD3, 0x83, 0x6C, 0x0D,
    0x17, 0x3B, 0xFD, 0xAE, 0xF8, 0xCF, 0xC2, 0xB1, 0x4D, 0xE9, 0x77, 0xB7, 0x0F, 0xE0, 0x01, 0x92,
    0x0B, 0x47, 0x86, 0x40, 0x6D, 0xA3, 0xAF, 0x98, 0x3E, 0xED, 0xF0, 0x20, 0x5F, 0x07, 0x70, 0x05,
    0xBD, 0x21, 0x6C, 0xAC, 0xCD, 0xB4, 0x1F, 0xBF, 0x56, 0x09, 0x02, 0x4A, 0x5F, 0x3D, 0x0A, 0x7C,
    0xEE, 0xA5, 0xD7, 0x63, 0xFF, 0xA9, 0x97, 0xDE, 0x87, 0x2F, 0x0F, 0x22, 0x61, 0x6F, 0xCB, 0xE9,
    0xE4, 0xBA, 0xBF, 0xBC, 0x8F, 0x8E, 0x67, 0x6A, 0x93, 0x81, 0x33, 0x90, 0x6B, 0x29, 0x5F, 0x27,
    0xE0, 0xD9, 0xFF, 0x81, 0x03, 0xEF, 0x8F, 0x92, 0x3F, 0xFF, 0xE9, 0x69, 0x4C, 0x05, 0xAB, 0x00,
    0xB6, 0x50, 0x92, 0xF0, 0xCF, 0x84, 0x5C, 0x32, 0x4B, 0x30, 0xA2, 0xC5, 0xB2, 0x05, 0x89, 0x38,
    0xC5, 0x4A, 0x2C, 0xBE, 0x95, 0x30, 0xD4, 0xE3, 0x24, 0xB4, 0x2E, 0xF5, 0xE0, 0x9F, 0x17, 0x56,
    0x5A, 0x92, 0x12, 0x2A, 0xCF, 0x67, 0xCB, 0xB8, 0x12, 0xE5, 0x59, 0x97, 0x24, 0x53, 0x32, 0xF1,
    0x71, 0x0D, 0x4C, 0xE1, 0x72, 0x0D, 0x7C, 0x7F, 0xBB, 0x06, 0xF2, 0x97, 0xD7, 0x00, 0xDF, 0xEE,
    0x8D, 0xC7, 0x3A, 0xFF, 0x5D, 0xC7, 0x11, 0x4B, 0x00, 0x3C, 0x37, 0xAA, 0xDF, 0x7F, 0x74, 0x3A,
    0xE2, 0x22, 0x5F, 0xCB, 0xF6, 0x48, 0x7F, 0x3F, 0x18, 0xD5, 0x5C, 0x7E, 0xDD, 0x48, 0xB6, 0x61,
    0x00, 0xEF, 0x2D, 0xFB, 0xF2, 0xB9, 0x14, 0x17, 0xEA, 0xA7, 0x52, 0x2A, 0x48, 0xB9, 0x75, 0x6E,
    0xD5, 0xBC, 0xBC, 0xD7, 0x17, 0xC5, 0x7A, 0xE3, 0x25, 0x2C, 0x4E, 0x45, 0xF6, 0xC4, 0xF9, 0x8E,
    0x4C, 0xE1, 0xA5, 0xBC, 0x49, 0x3D, 0x31, 0x88, 0x87, 0x8E, 0x80, 0xE5, 0x43, 0xE3, 0x27, 0x11,
    0x99, 0xC5, 0x62, 0xFA, 0xE2, 0x10, 0x13, 0xB9, 0xFF, 0xC4, 0x79, 0x6B, 0xA6, 0xD7, 0xB3, 0x8C,
    0xE2, 0xF7, 0x18, 0x3D, 0x8E, 0xC1, 0xA2, 0xF5, 0xD8, 0x45, 0xE0, 0x82, 0x24, 0x53, 0xBC, 0xCA,
    0xDD, 0xE4, 0x6C, 0x72, 0x36, 0xD5, 0x26, 0x8B, 0x6F, 0xAF, 0x79, 0xF0, 0xB8, 0xA8, 0x5A, 0xCD,
    0x68, 0x02, 0x48, 0x9C, 0x20, 0x39, 0x0F, 0x28, 0xE3, 0x0A, 0x2A, 0x73, 0xFE, 0xC7, 0x97, 0x0B,
    0x8C, 0x00, 0xC9, 0xC6, 0xF1, 0x3B, 0xC6, 0xA1, 0x53, 0xB4, 0xB7, 0x18, 0x81, 0x92, 0x04, 0xBA,
    0x82, 0x64, 0xB6, 0xF8, 0x12, 0x6C, 0x39, 0x76, 0xBC, 0x43, 0x7E, 0xB6, 0x4D, 0xCF, 0xB3, 0x4D,
    0xF5, 0xB0, 0xFB, 0x03, 0x63, 0x3C, 0xEE, 0xA5, 0xB7, 0xC3, 0x04, 0x98, 0xED, 0xDC, 0x12, 0x9E,
    0x85, 0x37, 0xA3, 0xB2, 0x58, 0xE8, 0xAE, 0x1B, 0xFB, 0x67, 0xBB, 0x88, 0x40, 0xF5, 0x3D, 0x56,
    0x53, 0x46, 0xAE, 0xC5, 0x09, 0x17, 0xE3, 0xC1, 0x14, 0xB5, 0xA6, 0x45, 0x6D, 0x55, 0x27, 0xB5,
    0xB5, 0x50, 0xEC, 0x5D, 0xE2, 0x45, 0xCC, 0x62, 0x6F, 0x74, 0x9B, 0x8E, 0x31, 0xC5, 0x56, 0x11,
    0x9B, 0x16, 0x59, 0xCC, 0xF3, 0xEF, 0x69, 0xDF, 0xA0, 0xBF, 0xA7, 0x09, 0x6E, 0x8D, 0x00, 0x6E,
    0x05, 0x32, 0x05, 0x8B, 0x74, 0x61, 0x4C, 0x61, 0xCC, 0x46, 0x07, 0xAA, 0x8D, 0x44, 0xF6, 0x40,
    0x34, 0x1D, 0x18, 0x4B, 0xF2, 0x14, 0xF7, 0x53, 0x72, 0xC9, 0x98, 0x5B, 0x96, 0x4F, 0x61, 0xA5,
    0x53, 0xD6, 0xB3, 0x7E, 0x89, 0x96, 0xEE, 0x70, 0x49, 0x77, 0x3F, 0x5B, 0xC6, 0x4C, 0x5B, 0x12,
    0xF5, 0xD9, 0x32, 0xE6, 0xAB, 0x64, 0x0B, 0x52, 0x0B, 0x99, 0x09, 0xCD, 0x82, 0xF1, 0xC1, 0xF1,
    0xAD, 0xA9, 0xB3, 0xAA, 0x68, 0xA1, 0x1E, 0xF4, 0xCC, 0xC5, 0x1E, 0x6B, 0x53, 0x9B, 0xCE, 0xA2,
    0xBE, 0x88, 0x26, 0xAA, 0x58, 0x5A, 0x0F, 0xE3, 0xA4, 0x3C, 0xDE, 0xDE, 0x15, 0x97, 0x93, 0x90,
    0x2B, 0x6C, 0x27, 0x95, 0x7A, 0x73, 0x1D, 0x5A, 0x39, 0x5A, 0x38, 0x6B, 0x8F, 0xD0, 0x7C, 0x6B,
    0xA0, 0x16, 0x0F, 0x4A, 0x4F, 0xFA, 0xDC, 0x1B, 0xD7, 0x26, 0x8B, 0x1C, 0xDD, 0x8E, 0x68, 0xD4,
    0x1B, 0xB5, 0x1C, 0xB0, 0xEF, 0xB3, 0x32, 0x4C, 0xFC, 0x1E, 0x3B, 0x34, 0xDA, 0x81, 0x81, 0x5B,
    0x2C, 0xF6, 0xC3, 0xDF, 0x84, 0x1F, 0x9F, 0xF3, 0xF7, 0x15, 0x9A, 0xB3, 0x8F, 0xEA, 0x80, 0x85,
    0x3A, 0x1E, 0xA5, 0xDD, 0x60, 0x69, 0xAE, 0x19, 0x49, 0x41, 0x6F, 0x63, 0xAE, 0xF7, 0x93, 0x95,
    0xB6, 0x72, 0xAB, 0x5C, 0x44, 0xAE, 0x30, 0x2C, 0x6D, 0xE9, 0xF5, 0x67, 0x97, 0xB9, 0x50, 0xB5,
    0x21, 0x9D, 0x52, 0x4D, 0xD3, 0x16, 0x4D, 0x57, 0x6E, 0xF7, 0xED, 0x70, 0xA8, 0x58, 0xCB, 0x4B,
    0x89, 0xE6, 0xEC, 0xBC, 0xBD, 0x89, 0xD4, 0x84, 0x6D, 0xD1, 0x94, 0x6D, 0x71, 0x38, 0x6E, 0x12,
    0xBF, 0x8B, 0x66, 0x6F, 0xAD, 0xD5, 0x91, 0x00, 0xFF, 0xBF, 0xBB, 0x6B, 0xCB, 0x6D, 0x5D, 0xD7,
    0xA1, 0x04, 0xF4, 0x5B, 0x80, 0x53, 0xE9, 0x00, 0x02, 0x70, 0xEA, 0x04, 0xEE, 0x00, 0x3A, 0x15,
    0x02, 0xFD, 0x15, 0xB0, 0xAE, 0xAD, 0x25, 0x46, 0x8A, 0xEA, 0xBC, 0xF6, 0x49, 0x77, 0x7B, 0x8E,
    0x10, 0x2E, 0xAA, 0x8D, 0x23, 0x4B, 0xB4, 0x23, 0x53, 0x7C, 0x28, 0x36, 0x9B, 0xD9, 0xFB, 0x22,
    0x26, 0xE7, 0xA8, 0xF7, 0xE3, 0xA5, 0x77, 0xF7, 0x56, 0x0D, 0x63, 0x75, 0xE9, 0x16, 0x92, 0xD5,
    0x83, 0x25, 0xC7, 0x91, 0x17, 0xB4, 0x67, 0x06, 0xAF, 0x3F, 0xFC, 0x20, 0xE2, 0x02, 0xC0, 0x14,
    0x8B, 0xDE, 0x6F, 0xBB, 0x76, 0xA3, 0xC9, 0xC6, 0x32, 0x66, 0x4D, 0x03, 0xDD, 0x4F, 0x33, 0x13,
    0x5C, 0x50, 0xBB, 0x63, 0x53, 0xBF, 0x04, 0xEC, 0x33, 0xE6, 0x0D, 0x6E, 0x1C, 0xE3, 0x58, 0x66,
    0x00, 0xB1, 0x53, 0xD9, 0x88, 0x42, 0xFA, 0xE7, 0x38, 0xDF, 0xB6, 0x1A, 0x56, 0xDA, 0xB0, 0xD9,
    0x37, 0x46, 0x20, 0xD4, 0x47, 0xCD, 0x66, 0xF5, 0x1E, 0xC4, 0x06, 0xB1, 0x43, 0xBD, 0x06, 0xA7,
    0x05, 0x38, 0xAD, 0xCE, 0x50, 0xDA, 0x44, 0x13, 0x16, 0xD5, 0x9C, 0xC2, 0x07, 0x52, 0x76, 0xF7,
    0x61, 0x84, 0x38, 0xF9, 0x08, 0x71, 0x2A, 0x7C, 0x3C, 0x42, 0xCC, 0x47, 0x70, 0xD3, 0x8E, 0xEA,
    0x18, 0xE1, 0x4B, 0xC3, 0x95, 0x0B, 0x10, 0xFB, 0x7F, 0xC6, 0xBB, 0x79, 0xBC, 0x11, 0x9B, 0xB5,
    0x43, 0x77, 0x9C, 0x42, 0x9C, 0x52, 0xB0, 0x5C, 0x52, 0x0E, 0xAB, 0xB9, 0x85, 0x79, 0xA9, 0xB6,
    0x58, 0xCC, 0xD1, 0xCB, 0xEA, 0x68, 0xDB, 0x69, 0x76, 0xB4, 0x8D, 0x3E, 0x58, 0xD8, 0x86, 0x68,
    0x58, 0xC5, 0x96, 0x34, 0x1B, 0x56, 0x26, 0xE4, 0x61, 0x2B, 0x9A, 0xD4, 0x19, 0xE9, 0x5E, 0x5A,
    0xB0, 0xC0, 0xCF, 0x28, 0x1D, 0x25, 0xB1, 0x52, 0x30, 0xEC, 0x8D, 0xBD, 0x9B, 0x2C, 0x8E, 0x8E,
    0x49, 0xF1, 0xF7, 0x0D, 0x26, 0xC5, 0x5F, 0x44, 0x4E, 0x26, 0xD7, 0xB5, 0x7F, 0xAA, 0x08, 0x3C,
    0x5A, 0xAC, 0xEC, 0xA8, 0x3D, 0x0D, 0xE0, 0x24, 0x73, 0xF9, 0x75, 0x32, 0xB1, 0xFF, 0x65, 0xDC,
    0x0A, 0xC7, 0x10, 0x6D, 0xAC, 0x23, 0x9D, 0xEC, 0x3B, 0xC5, 0xC6, 0x4E, 0xB1, 0x18, 0x2A, 0x2B,
    0xDD, 0x4B, 0xCF, 0x23, 0x2C, 0x58, 0x73, 0x29, 0xAC, 0x35, 0x13, 0x36, 0x6B, 0x69, 0xD1, 0x0E,
    0xEB, 0x92, 0x2F, 0x14, 0x6B, 0x93, 0x5E, 0xAB, 0x95, 0x38, 0xAC, 0x0D, 0x69, 0x8D, 0x5A, 0xED,
    0x35, 0x9B, 0x6B, 0x4D, 0x40, 0xE8, 0x9F, 0xE1, 0xE3, 0x64, 0xAE, 0xB1, 0x57, 0xE5, 0x83, 0x49,
    0x23, 0xD1, 0x06, 0x53, 0x20, 0xC4, 0x34, 0x5B, 0x60, 0x38, 0x14, 0x86, 0x40, 0x6F, 0xD5, 0x4A,
    0x64, 0x4D, 0xB3, 0xF6, 0x76, 0x96, 0x92, 0xE2, 0xF2, 0x4D, 0xEB, 0x37, 0x4E, 0xFB, 0xB6, 0x36,
    0xE1, 0xC3, 0xA2, 0xFB, 0xFB, 0x0B, 0x0D, 0x8F, 0x69, 0xEE, 0xF0, 0x3A, 0x46, 0xBF, 0xC3, 0xA8,
    0x54, 0x56, 0xEC, 0x6B, 0xA5, 0x04, 0x2B, 0xFA, 0xBF, 0xA9, 0xB2, 0x37, 0xD8, 0x46, 0xCD, 0x0A,
    0xF6, 0xE1, 0xB7, 0xD1, 0xE7, 0xC3, 0x8C, 0x83, 0x9F, 0x47, 0x5C, 0xD7, 0x4A, 0xA9, 0xEB, 0x68,
    0x35, 0xE6, 0xB1, 0xCE, 0x43, 0xD5, 0x2A, 0x43, 0x39, 0xC7, 0x88, 0xA3, 0xE8, 0xCA, 0x92, 0x06,
    0xDA, 0x87, 0xCD, 0xCD, 0x85, 0x11, 0x66, 0x52, 0x3A, 0x62, 0x47, 0x5A, 0xAE, 0x1E, 0xC2, 0xF6,
    0x29, 0x62, 0xB0, 0x35, 0xBA, 0x8F, 0x4B, 0x55, 0x07, 0x9F, 0x40, 0x79, 0xF6, 0x02, 0x8C, 0x5E,
    0xA9, 0xE7, 0x98, 0x8C, 0x52, 0x08, 0x51, 0xBA, 0xAA, 0x63, 0x8D, 0x19, 0x8C, 0x1B, 0x30, 0x82,
    0x33, 0xDC, 0x5C, 0x69, 0xDB, 0xE1, 0x19, 0x3D, 0x45, 0x16, 0x29, 0x1A, 0xF2, 0x68, 0xDC, 0x0A,
    0x85, 0x76, 0x7A, 0xD3, 0xE1, 0xEA, 0x9A, 0xB9, 0x2E, 0xFC, 0x5D, 0xE6, 0xA2, 0x35, 0x6F, 0x58,
    0x37, 0x84, 0xE4, 0x23, 0x5E, 0xA3, 0xC8, 0xBB, 0x20, 0xD7, 0x49, 0xBD, 0x31, 0xF5, 0xE4, 0xE8,
    0xBC, 0x36, 0x5E, 0xE2, 0x01, 0x6E, 0x5F, 0xB9, 0x06, 0xC8, 0xDD, 0x26, 0xCE, 0xCB, 0x39, 0x72,
    0xE0, 0x5C, 0x20, 0x05, 0x05, 0xB5, 0x3F, 0xA9, 0xD0, 0xE3, 0xA4, 0x0D, 0xDE, 0x2F, 0x02, 0xFB,
    0xCF, 0x2B, 0x47, 0x65, 0xD9, 0x2B, 0xCF, 0x7B, 0x71, 0xC3, 0xC5, 0xCC, 0x8A, 0x7C, 0x2D, 0x08,
    0xA1, 0x6A, 0x56, 0x50, 0x45, 0x6B, 0xC8, 0x27, 0x52, 0x19, 0xB3, 0x1C, 0xEF, 0x60, 0x25, 0x56,
    0x56, 0xE2, 0x98, 0x69, 0x58, 0x63, 0xB4, 0xD5, 0x99, 0x6B, 0x28, 0x04, 0xA2, 0x80, 0x81, 0x11,
    0x32, 0xC3, 0xEB, 0x38, 0xF1, 0xF7, 0xB7, 0xA3, 0x4E, 0xFE, 0xCB, 0x6D, 0x3C, 0xF9, 0x1D, 0xD2,
    0xE2, 0x1B, 0xBE, 0x15, 0x71, 0x19, 0xE5, 0x2F, 0x5B, 0x80, 0x04, 0x93, 0xEE, 0x1E, 0x05, 0x22,
    0xAE, 0x67, 0xFB, 0x9D, 0xF9, 0x0B, 0xA3, 0x9E, 0xE3, 0x5D, 0x84, 0xC3, 0xDE, 0x41, 0xCA, 0x43,
    0x30, 0x5C, 0x04, 0xA0, 0xEA, 0xF6, 0x80, 0x13, 0x7F, 0xB8, 0x56, 0xDE, 0x7A, 0xC8, 0xFA, 0x43,
    0xF1, 0xDF, 0x9E, 0x8F, 0xFA, 0xF6, 0xF8, 0x87, 0xBA, 0x28, 0x26, 0x97, 0x01, 0x6A, 0x9B, 0x14,
    0x8B, 0x6B, 0xB3, 0xF6, 0x7E, 0xF4, 0x69, 0xA8, 0x51, 0x48, 0xF9, 0x84, 0x94, 0x66, 0xD0, 0x78,
    0xE3, 0x8A, 0x95, 0x93, 0x79, 0x2A, 0x8B, 0x95, 0xAB, 0x24, 0x05, 0x10, 0x5A, 0x45, 0xDF, 0x6B,
    0x8D, 0xBA, 0xA1, 0x9D, 0x4E, 0x6E, 0x21, 0x80, 0x87, 0x22, 0xBA, 0xE0, 0xE6, 0xEF, 0x22, 0x4B,
    0xF1, 0x9A, 0x35, 0x39, 0xC9, 0xB5, 0x62, 0xA9, 0xEC, 0x70, 0xC0, 0xBA, 0xD7, 0x9C, 0x56, 0xD1,
    0xE8, 0xB5, 0x37, 0x79, 0x97, 0xE7, 0x8B, 0x06, 0x39, 0x9A, 0xAA, 0xCB, 0xA6, 0xAB, 0xB2, 0x56,
    0x3C, 0x4A, 0x1F, 0x6B, 0xC8, 0x1F, 0x97, 0xD1, 0x7B, 0x79, 0xAA, 0xF7, 0xE6, 0x8F, 0xC9, 0x4A,
    0xD7, 0xCA, 0x90, 0xF2, 0x29, 0xAF, 0x54, 0xE5, 0x9F, 0x59, 0xD1, 0x56, 0xB1, 0x7C, 0xB8, 0x61,
    0xA3, 0x9C, 0x6B, 0x4B, 0xE4, 0xA9, 0x83, 0x1F, 0x15, 0x71, 0x79, 0xB8, 0x44, 0x9E, 0x17, 0xF9,
    0x60, 0xB7, 0x5E, 0x81, 0xD4, 0xEC, 0xDC, 0xF3, 0xA5, 0xE4, 0x83, 0x4D, 0xCF, 0xCF, 0x62, 0x4F,
    0x55, 0xD3, 0x39, 0xCF, 0xA5, 0x1D, 0xCC, 0xB2, 0x13, 0x36, 0x8D, 0x9A, 0xA2, 0xAD, 0x4B, 0x2F,
    0xB3, 0x92, 0x7A, 0x5F, 0xDD, 0x10, 0x1F, 0x3B, 0x1A, 0x82, 0x9F, 0xCC, 0x52, 0xF3, 0x80, 0xD2,
    0x50, 0x27, 0xB4, 0xD3, 0x8E, 0x68, 0x58, 0x77, 0x64, 0x98, 0xA8, 0x46, 0x43, 0xDF, 0xD1, 0x1A,
    0x62, 0x58, 0x44, 0x4A, 0x43, 0x8D, 0x86, 0xBE, 0xA3, 0x35, 0x84, 0xEC, 0x58, 0x77, 0x04, 0x31,
    0x1A, 0xBA, 0x08, 0xA2, 0xA3, 0xEC, 0x38, 0x9E, 0x7E, 0xEA, 0x2B, 0x9A, 0x10, 0xA7, 0x68, 0xC2,
    0x16, 0x85, 0x87, 0xF4, 0x14, 0x8E, 0x32, 0x67, 0x5B, 0x69, 0x02, 0x47, 0x54, 0x13, 0x4A, 0xEC,
    0xE0, 0x1B, 0xE8, 0x0E, 0x26, 0x1D, 0xA2, 0x6E, 0xF0, 0x19, 0x09, 0xF0, 0x1D, 0x44, 0x2C, 0x1A,
    0x8C, 0x54, 0xE9, 0x04, 0x3D, 0x83, 0x79, 0x63, 0x03, 0x80, 0x3A, 0x20, 0xDF, 0x58, 0x20, 0x13,
    0xA4, 0x76, 0x60, 0x40, 0xAB, 0x6F, 0xA0, 0x03, 0xE2, 0x0C, 0x9E, 0x60, 0xCE, 0x83, 0x69, 0x7F,
    0x3B, 0xF2, 0xB3, 0x4D, 0x27, 0xE7, 0x9F, 0x8F, 0x03, 0x80, 0x06, 0x2D, 0x60, 0xF2, 0xC0, 0x45,
    0xAD, 0x3B, 0xC0, 0xF3, 0xB8, 0x90, 0x29, 0xC9, 0x27, 0x0E, 0x92, 0x7C, 0xD0, 0x78, 0xF1, 0x8D,
    0x3E, 0x6B, 0x15, 0x3A, 0x81, 0x78, 0xFC, 0x47, 0x86, 0xAA, 0xDE, 0x4C, 0xC1, 0x5C, 0xE3, 0xCF,
    0x70, 0x37, 0xF6, 0xCC, 0x9B, 0xE3, 0x0D, 0xED, 0xDE, 0xB2, 0x8C, 0x3F, 0xEB, 0xE7, 0x92, 0x9D,
    0x0E, 0xCF, 0x47, 0x01, 0x0C, 0x5A, 0x13, 0x86, 0x5F, 0x4C, 0xC4, 0xF1, 0xFA, 0x33, 0x77, 0xBC,
    0x02, 0x48, 0xBA, 0x17, 0xD3, 0x06, 0x20, 0xE9, 0xE1, 0x38, 0xB8, 0x02, 0xC4, 0x99, 0x42, 0x64,
    0xA1, 0x74, 0xF7, 0xB7, 0xFA, 0x2D, 0x02, 0x10, 0x03, 0x1E, 0xCE, 0x79, 0x02, 0xE2, 0xD2, 0x53,
    0xA4, 0x6B, 0x52, 0xF5, 0x9D, 0xB4, 0x16, 0x19, 0xB0, 0xA8, 0x46, 0xD5, 0xEA, 0xB9, 0xFD, 0x1C,
    0x07, 0xE9, 0x38, 0xA4, 0xC7, 0xF9, 0x9E, 0xA2, 0x2F, 0x43, 0xD5, 0x07, 0x95, 0x48, 0x92, 0x9D,
    0x96, 0x40, 0xDF, 0xA6, 0x67, 0x80, 0xCB, 0x4E, 0xE4, 0x4E, 0x18, 0x9E, 0x36, 0xDF, 0x91, 0xBF,
    0x9B, 0x09, 0xEC, 0x54, 0x5D, 0x46, 0x12, 0x7B, 0xE6, 0x01, 0xF7, 0x2F, 0xA9, 0x71, 0x3A, 0xAC,
    0x66, 0x8D, 0xC3, 0x2C, 0x8D, 0x11, 0xE4, 0x46, 0xDE, 0xFF, 0x5F, 0xDA, 0x71, 0xFC, 0x5C, 0x64,
    0x3B, 0x53, 0xBB, 0xA0, 0xAA, 0x9D, 0xE7, 0xCD, 0x7E, 0xB0, 0x5F, 0x70, 0xF6, 0x13, 0x0E, 0x21,
    0x97, 0x56, 0xF4, 0x61, 0x6E, 0x72, 0x10, 0x77, 0xBD, 0x83, 0x7A, 0x77, 0x41, 0xCC, 0x71, 0xD7,
    0xF4, 0x15, 0x7C, 0xC6, 0xB4, 0x32, 0x22, 0xE3, 0x3F, 0xF3, 0x90, 0x39, 0x0A, 0x9B, 0x8D, 0xF1,
    0x81, 0x90, 0x33, 0x16, 0xE7, 0x89, 0x5C, 0x62, 0x95, 0x07, 0xD8, 0xB7, 0xE7, 0x45, 0x8F, 0xA8,
    0x81, 0x18, 0xCD, 0x59, 0x34, 0x7A, 0x55, 0x90, 0xB8, 0x9C, 0x52, 0x93, 0xF0, 0x41, 0xD8, 0x69,
    0xD9, 0xC7, 0xE3, 0x20, 0x09, 0x39, 0xC3, 0xB1, 0xAA, 0xC6, 0x06, 0xC6, 0xEE, 0xA7, 0x16, 0xDE,
    0x00, 0x3B, 0x98, 0xE7, 0x21, 0x65, 0xF6, 0x51, 0x66, 0x53, 0xB4, 0xBD, 0xA0, 0x26, 0xD8, 0x9D,
    0xAF, 0xF8, 0x88, 0xCD, 0xC0, 0x12, 0x21, 0xC6, 0xB3, 0x22, 0x48, 0x7B, 0xBD, 0xDA, 0x14, 0xA7,
    0x21, 0xA9, 0x78, 0x58, 0xAD, 0xBC, 0x0A, 0x87, 0x74, 0x38, 0xEA, 0x93, 0xFA, 0x06, 0x26, 0x1B,
    0x70, 0x1A, 0xD8, 0xE1, 0xFE, 0xA8, 0x79, 0x48, 0xCD, 0x8F, 0x9D, 0xD6, 0x51, 0x4F, 0x13, 0x93,
    0x9F, 0xC7, 0x75, 0x42, 0xFB, 0x4C, 0xB5, 0xD8, 0x68, 0x1A, 0x17, 0x69, 0x8C, 0xCB, 0x9C, 0xC7,
    0x9C, 0x2A, 0x3F, 0x73, 0x6A, 0x6D, 0xB4, 0x19, 0x17, 0xE9, 0x1C, 0x2E, 0x01, 0xB8, 0x36, 0xF0,
    0x4C, 0x6C, 0xA8, 0x09, 0xED, 0x7D, 0x6A, 0x43, 0x0D, 0x84, 0xB5, 0xFC, 0x86, 0x8C, 0xF4, 0xD0,
    0x06, 0xD6, 0xC0, 0xCB, 0x85, 0x25, 0x74, 0x78, 0xA1, 0xED, 0xB1, 0xA0, 0xB6, 0xEC, 0x01, 0x5B,
    0xD6, 0xEC, 0x01, 0xF3, 0x25, 0x33, 0xCD, 0xB4, 0xC0, 0x09, 0xFC, 0x93, 0x6F, 0xF0, 0x90, 0xB5,
    0x6B, 0x60, 0xAF, 0x46, 0x64, 0xA2, 0xB6, 0x3A, 0xD3, 0xCC, 0x40, 0x9B, 0xD6, 0x8E, 0xBC, 0xF3,
    0xCD, 0x87, 0x83, 0x60, 0xB2, 0x21, 0x7F, 0xF8, 0x8E, 0x90, 0x86, 0xAD, 0xFE, 0x11, 0xE3, 0x5D,
    0xAF, 0x8B, 0x5B, 0x21, 0x5B, 0x63, 0xCB, 0x82, 0x86, 0x36, 0xEF, 0xAA, 0x53, 0x81, 0x0E, 0x01,
    0x4C, 0x69, 0xB5, 0xE9, 0x52, 0xB4, 0x11, 0x61, 0x83, 0x33, 0x98, 0x6F, 0xA0, 0x4D, 0x94, 0x35,
    0x0F, 0xCE, 0x0D, 0x23, 0xC6, 0x6E, 0x11, 0xFF, 0x34, 0x19, 0x74, 0xC6, 0x3F, 0x6B, 0x07, 0x3E,
    0xF0, 0xB1, 0xCC, 0x40, 0xDE, 0xE9, 0xF7, 0x01, 0x00, 0xE1, 0xFE, 0xC1, 0x88, 0x06, 0xB7, 0x55,
    0x53, 0xBA, 0x1D, 0x67, 0xFC, 0x7E, 0x59, 0xDD, 0x41, 0xC0, 0x17, 0xBC, 0xF1, 0x02, 0x70, 0xC6,
    0x67, 0x5F, 0xF4, 0xFE, 0xAE, 0xFC, 0x35, 0xFB, 0x60, 0x01, 0xC9, 0xA3, 0x73, 0xF4, 0xF7, 0x93,
    0x9B, 0x93, 0x6B, 0x90, 0x97, 0x95, 0x57, 0x72, 0xB9, 0xC2, 0xD3, 0x8C, 0x59, 0xE2, 0x98, 0x6B,
    0xE7, 0xE6, 0x0D, 0x0B, 0x2E, 0xD5, 0x99, 0x54, 0x19, 0x65, 0x66, 0x0F, 0xC7, 0x3A, 0x02, 0x9D,
    0x71, 0xA6, 0xB2, 0x7C, 0x08, 0x90, 0xD9, 0x0D, 0xA6, 0x64, 0xC3, 0x3A, 0x7D, 0x95, 0x61, 0x07,
    0xFD, 0xA8, 0xC3, 0xBC, 0x9D, 0xB3, 0x5E, 0xF4, 0x01, 0xCC, 0xEA, 0xC2, 0x88, 0xE1, 0xB1, 0x36,
    0x85, 0x02, 0x3B, 0x56, 0xE6, 0x5A, 0x50, 0xA1, 0x9C, 0xB1, 0xC4, 0x31, 0xAA, 0xA3, 0xA1, 0x11,
    0xBD, 0x8C, 0xD4, 0xFB, 0x10, 0x2A, 0x9B, 0x08, 0x0A, 0xEB, 0x5D, 0x34, 0x03, 0xF1, 0x37, 0xB4,
    0xE8, 0x3D, 0xD3, 0x1A, 0x7D, 0x08, 0x34, 0x43, 0xD2, 0x96, 0x01, 0xF3, 0xB6, 0x78, 0x3F, 0x47,
    0xC0, 0x9C, 0x41, 0xF9, 0x86, 0x11, 0xAC, 0xF9, 0xB8, 0x19, 0x07, 0xFA, 0x9E, 0xD7, 0xC4, 0xE2,
    0xEA, 0x46, 0x7F, 0xFA, 0xBD, 0x3B, 0x32, 0xE4, 0x06, 0x61, 0x03, 0x3C, 0x01, 0x0D, 0xE6, 0xC8,
    0x65, 0xC8, 0xB3, 0x66, 0x49, 0x1D, 0x91, 0xCB, 0x43, 0xC5, 0xA2, 0x3A, 0x47, 0xB2, 0x9D, 0x5C,
    0xFE, 0xE2, 0xC6, 0x10, 0xF0, 0x0B, 0x28, 0x37, 0x60, 0x5E, 0xC9, 0xB6, 0xE1, 0x3C, 0x4D, 0x95,
    0x24, 0xC7, 0x54, 0xE9, 0x81, 0xE2, 0x73, 0x7D, 0xD8, 0x2A, 0x6C, 0x28, 0x09, 0x73, 0xF0, 0x9B,
    0x35, 0x38, 0x87, 0x8A, 0x15, 0x08, 0xE1, 0x79, 0x21, 0xE4, 0x32, 0xCF, 0xC4, 0x12, 0x1E, 0x0B,
    0x8A, 0xBD, 0xEA, 0xDF, 0xE5, 0xB3, 0xE6, 0x71, 0x78, 0xF1, 0xC8, 0x87, 0xF5, 0xE5, 0xBB, 0x46,
    0xAE, 0xF7, 0x46, 0xAE, 0x40, 0x10, 0x6E, 0x8F, 0xFC, 0x70, 0x0B, 0x8E, 0xF8, 0xA6, 0x2D, 0x38,
    0x60, 0x4D, 0x34, 0x63, 0x3E, 0xB8, 0x06, 0x55, 0x84, 0xD3, 0x69, 0x6A, 0xB7, 0x54, 0x48, 0xF3,
    0x9A, 0xD7, 0x9A, 0x46, 0x6B, 0x4D, 0xE8, 0xF7, 0xF5, 0x74, 0x21, 0xF3, 0x1A, 0xF6, 0xE1, 0xF0,
    0xF1, 0x7E, 0x67, 0xCB, 0x0B, 0x00, 0x88, 0x95, 0x51, 0x9E, 0x3F, 0xC7, 0xB0, 0x97, 0x85, 0xB5,
    0x62, 0x0F, 0x30, 0x6E, 0x76, 0x36, 0xA3, 0xBC, 0xF8, 0x05, 0x20, 0x88, 0xD4, 0x06, 0x6E, 0x23,
    0xEF, 0xF8, 0x3F, 0x03, 0x88, 0xC0, 0x0D, 0x9C, 0xFB, 0x3F, 0xBA, 0x89, 0x55, 0xE4, 0x3A, 0x60,
    0xC0, 0xDD, 0xFB, 0xED, 0x24, 0xF7, 0x21, 0x6F, 0x49, 0xEE, 0x46, 0x7B, 0x92, 0x82, 0x68, 0x8F,
    0xAB, 0x23, 0xB0, 0x48, 0x28, 0xD7, 0xE1, 0xE1, 0xE1, 0x17, 0xFF, 0x02, 0x28, 0x3E, 0xA4, 0x01,
    0x17, 0xDE, 0xAA, 0x7E, 0x04, 0x8F, 0xA5, 0x3F, 0xEA, 0x20, 0xD3, 0x52, 0xED, 0xC3, 0x46, 0xFA,
    0xA3, 0xCA, 0x25, 0x09, 0xE9, 0xB9, 0x99, 0xDE, 0x7A, 0xCC, 0xAC, 0xEC, 0x9C, 0x03, 0xFB, 0x73,
    0x90, 0xAB, 0xA4, 0x55, 0xEA, 0x6C, 0x67, 0xA6, 0x66, 0xFB, 0x34, 0xA5, 0x01, 0x81, 0x7A, 0x49,
    0xEA, 0xAB, 0x65, 0x6F, 0x8E, 0xD7, 0x0F, 0x9C, 0x79, 0x2C, 0xD3, 0x55, 0xAA, 0xB9, 0x30, 0x1E,
    0xFA, 0x2B, 0x43, 0x2B, 0x6E, 0x64, 0x37, 0xBF, 0xB2, 0xEA, 0x17, 0x6C, 0xC4, 0x10, 0x94, 0x8D,
    0x23, 0x0A, 0x32, 0xD2, 0x32, 0xF7, 0x65, 0x13, 0xCB, 0x58, 0x4E, 0xAD, 0x46, 0x7B, 0x40, 0x33,
    0x46, 0xC4, 0x0E, 0x99, 0x08, 0x87, 0x6A, 0x3B, 0x94, 0x1D, 0x6E, 0xE8, 0x65, 0x21, 0xD1, 0x5B,
    0x35, 0xC4, 0xBF, 0x47, 0x02, 0x3C, 0xF6, 0x3E, 0xFB, 0x2E, 0x59, 0xDD, 0x7B, 0xCC, 0x02, 0xCE,
    0x1D, 0x51, 0x4A, 0xFC, 0xE1, 0x8B, 0x2D, 0x88, 0xE8, 0x12, 0x0B, 0x53, 0x50, 0x3B, 0x0F, 0xF9,
    0x5A, 0xFE, 0xE5, 0xDB, 0x5C, 0x52, 0xF1, 0x19, 0xD1, 0x8D, 0x62, 0xC8, 0xA8, 0xA1, 0xB5, 0xFC,
    0xEC, 0xFE, 0x20, 0x55, 0x08, 0xB8, 0x62, 0x96, 0xA5, 0xE6, 0xB8, 0x9A, 0x65, 0x09, 0xF3, 0x5E,
    0xB3, 0x8A, 0x0D, 0xE6, 0xB9, 0xF1, 0xDE, 0x06, 0x85, 0x33, 0x5C, 0xC4, 0x8E, 0x98, 0x32, 0xA5,
    0x70, 0x07, 0x6F, 0x92, 0xBE, 0x30, 0xD0, 0xEA, 0x6C, 0xA0, 0x1D, 0x6E, 0x11, 0x00, 0x99, 0x30,
    0x77, 0x98, 0xFC, 0x25, 0x2B, 0x71, 0xAD, 0xEA, 0x4D, 0xA9, 0xE3, 0xE4, 0x00, 0x2C, 0x18, 0x62,
    0x67, 0xF4, 0x1D, 0xF5, 0x11, 0x7C, 0x40, 0xF3, 0xA8, 0x2B, 0x36, 0xF5, 0xB3, 0x82, 0x38, 0x9C,
    0xC9, 0xC4, 0x2F, 0xBA, 0x88, 0x3A, 0x91, 0x0B, 0x42, 0x1B, 0x20, 0x76, 0x0C, 0xA7, 0x84, 0x35,
    0x5B, 0x3D, 0x12, 0x74, 0x07, 0xB8, 0x58, 0x45, 0x9E, 0xBD, 0xC1, 0x61, 0x6E, 0xEF, 0x0F, 0x6C,
    0x6A, 0x79, 0xE7, 0x9E, 0x39, 0x2D, 0xF7, 0x8C, 0xD4, 0x1B, 0x34, 0x67, 0x56, 0xDF, 0x24, 0x59,
    0xA9, 0xC9, 0xCA, 0xA2, 0x9D, 0x44, 0xAB, 0xFC, 0x62, 0xEB, 0xE9, 0x97, 0x80, 0x7E, 0x34, 0xAC,
    0xF2, 0x17, 0xAC, 0xA7, 0x87, 0x1B, 0x85, 0xFD, 0x45, 0xED, 0xB9, 0xE0, 0x12, 0x42, 0xAE, 0x41,
    0x53, 0x8D, 0x6F, 0x51, 0x6E, 0xB4, 0xA5, 0xC0, 0xA9, 0xAB, 0xCC, 0x0B, 0x69, 0xED, 0xE4, 0x47,
    0xC4, 0x4E, 0xC8, 0xC2, 0x42, 0x44, 0x3B, 0x33, 0xBA, 0x88, 0x2E, 0xD8, 0xC9, 0x38, 0xBB, 0x0D,
    0xA6, 0x22, 0xB1, 0x33, 0x2F, 0x9D, 0x31, 0x5B, 0x4D, 0x2F, 0x99, 0x64, 0x16, 0xCE, 0x60, 0xA7,
    0xDA, 0x98, 0x75, 0x16, 0x8D, 0xE9, 0xC6, 0xEA, 0x60, 0x2E, 0x76, 0x19, 0xDF, 0x39, 0xD8, 0xAA,
    0x82, 0xF0, 0xF9, 0x56, 0xAA, 0xE4, 0x2F, 0x00, 0x0C, 0xFC, 0x74, 0xB1, 0x0D, 0xA3, 0x63, 0xAD,
    0x12, 0x44, 0xBE, 0x4E, 0x65, 0x47, 0x23, 0xAA, 0x6F, 0xA8, 0xC4, 0x0F, 0xD9, 0xB0, 0xA0, 0x61,
    0xED, 0x88, 0x08, 0xC6, 0xE6, 0xE4, 0xDD, 0x24, 0x7A, 0xF5, 0xDE, 0x7E, 0x99, 0x7E, 0xD2, 0xB5,
    0x06, 0xEA, 0x02, 0xA8, 0x07, 0x8A, 0xC9, 0xAF, 0xDB, 0x50, 0x5E, 0x9D, 0x77, 0x84, 0x2C, 0x7B,
    0x69, 0x09, 0x5D, 0xC9, 0xA2, 0x01, 0x7F, 0x63, 0x4A, 0xD2, 0xA0, 0xC2, 0x50, 0x0A, 0x43, 0x09,
    0x2C, 0xDB, 0xB4, 0xED, 0x04, 0x41, 0x18, 0x3E, 0x43, 0xE1, 0x31, 0x46, 0x91, 0xC8, 0xF2, 0x9B,
    0x65, 0x52, 0x9C, 0x3B, 0x6D, 0xEC, 0x9C, 0xE5, 0xC5, 0x32, 0xE9, 0x01, 0xED, 0xC9, 0x94, 0x8C,
    0xDE, 0x3D, 0xB1, 0x32, 0xB3, 0x3A, 0xB3, 0x12, 0x33, 0x53, 0x2F, 0x40, 0x24, 0x33, 0x49, 0xB6,
    0x7A, 0x19, 0xC8, 0xD8, 0xC9, 0xC1, 0xD4, 0x67, 0x66, 0x74, 0x46, 0x75, 0x56, 0xC9, 0x04, 0x51,
    0xB8, 0x43, 0x83, 0x22, 0xC4, 0x02, 0x7B, 0xCA, 0xCA, 0x9B, 0x28, 0x25, 0xA7, 0xD1, 0x59, 0x46,
    0x05, 0xA4, 0xB5, 0xC6, 0x35, 0x17, 0x3B, 0xBA, 0x33, 0x64, 0xB2, 0xF1, 0x21, 0x33, 0x1A, 0xA8,
    0x2B, 0x5C, 0xC5, 0x18, 0x65, 0xA0, 0x0C, 0x4E, 0x50, 0x57, 0x86, 0x5E, 0x70, 0x9F, 0x8D, 0xBF,
    0xF7, 0x2B, 0x4B, 0xE7, 0x6F, 0x04, 0xE6, 0x6F, 0x44, 0xE6, 0x66, 0x89, 0x56, 0xA3, 0xA7, 0x82,
    0x2A, 0x45, 0xBD, 0xB5, 0xD7, 0x8A, 0x65, 0xB8, 0x43, 0x48, 0x30, 0xCC, 0x0C, 0x2E, 0xD6, 0x88,
    0xF7, 0x12, 0xFC, 0x74, 0x61, 0x27, 0x59, 0xD7, 0x5B, 0x03, 0xC0, 0x72, 0x65, 0xCB, 0x41, 0xDB,
    0x00, 0x17, 0x5B, 0x4D, 0x69, 0xF0, 0x69, 0x01, 0xAA, 0x76, 0x23, 0x40, 0x03, 0x80, 0x3B, 0xAF,
    0xD9, 0x92, 0x68, 0xB8, 0x6A, 0x35, 0xBC, 0x83, 0x4D, 0x34, 0xF6, 0x11, 0x2B, 0x20, 0x05, 0x69,
    0x10, 0x1D, 0xB0, 0x94, 0x1F, 0x1A, 0x5D, 0xF1, 0x93, 0xA8, 0x5B, 0xE3, 0x53, 0x79, 0xDD, 0xA8,
    0xB3, 0xE5, 0x91, 0x7F, 0x31, 0xCE, 0xF4, 0x5F, 0x5C, 0x7B, 0x72, 0xD1, 0xB9, 0x32, 0x91, 0xDF,
    0xB5, 0xF6, 0xBC, 0xBA, 0x33, 0xD2, 0x77, 0x87, 0x42, 0x69, 0xBB, 0xDF, 0x6A, 0xA3, 0xB9, 0xBC,
    0x2A, 0x0C, 0xCA, 0x36, 0x48, 0xE2, 0x37, 0x47, 0x83, 0x9F, 0xC1, 0xF4, 0xE7, 0x79, 0xFA, 0xCA,
    0x04, 0x87, 0xE1, 0xEE, 0x5B, 0xC8, 0xDB, 0x51, 0x7A, 0xEE, 0xBF, 0x91, 0x37, 0xCA, 0xFE, 0x65,
    0x83, 0x63, 0x13, 0x1A, 0xB6, 0xB6, 0xA4, 0x26, 0xDF, 0x98, 0x48, 0x4B, 0xF5, 0xB1, 0x01, 0x3E,
    0xDD, 0xC8, 0x96, 0xF0, 0xF3, 0x3F, 0x64, 0xA1, 0x0C, 0x37, 0x7E, 0xF9, 0xA6, 0x37, 0x47, 0x33,
    0xE2, 0xCF, 0x8F, 0x76, 0xD1, 0x62, 0x5E, 0x3F, 0x6A, 0x4E, 0x80, 0xEA, 0xB8, 0x3E, 0x19, 0x3E,
    0x9A, 0x5F, 0xAD, 0x57, 0xF3, 0xAB, 0x67, 0x7C, 0x34, 0xBF, 0x1A, 0xD7, 0xF3, 0xAB, 0x43, 0xE9,
    0xEB, 0xDB, 0xF8, 0x28, 0x53, 0xDE, 0x35, 0x8E, 0xF3, 0xAE, 0x93, 0xEE, 0xE4, 0x5D, 0xFF, 0x67,
    0xF3, 0xC9, 0xEF, 0x5C, 0xEB, 0xDF, 0x36, 0xEA, 0xE3, 0xAB, 0xFC, 0x2A, 0x69, 0x2C, 0xC6, 0x85,
    0xA5, 0xFC, 0xD8, 0x46, 0xE9, 0x2A, 0xB4, 0xC5, 0xEE, 0x7C, 0x2A, 0x2F, 0xDB, 0x9B, 0x71, 0x83,
    0x4A, 0xF8, 0xF1, 0xDF, 0x89, 0x1B, 0xFB, 0x1E, 0xFF, 0xAA, 0xCD, 0xC5, 0x44, 0x85, 0xC3, 0x62,
    0x8D, 0xE5, 0xC7, 0x65, 0xB5, 0x0C, 0x95, 0xE5, 0x37, 0x49, 0x8D, 0x3B, 0x21, 0x18, 0x5B, 0xCD,
    0xD0, 0x5B, 0xFF, 0x0D, 0xB7, 0x19, 0xFB, 0xC2, 0x56, 0xF8, 0x74, 0x6F, 0x67, 0xFE, 0x22, 0x3F,
    0xBB, 0x16, 0xC3, 0x52, 0xE2, 0x9A, 0xFC, 0x4E, 0xD7, 0xE4, 0x57, 0xEE, 0xCA, 0xEF, 0x73, 0x91,
    0x5F, 0x2D, 0x6C, 0x94, 0xB5, 0xA5, 0xFC, 0xD4, 0xCF, 0xA7, 0x14, 0x3F, 0xD6, 0xCB, 0x5F, 0xB5,
    0xF5, 0xF0, 0x77, 0xE4, 0x35, 0x21, 0x06, 0x95, 0x2B, 0xF4, 0x6C, 0x82, 0x13, 0x7C, 0x7F, 0xE9,
    0xFA, 0xE2, 0x72, 0x92, 0xE2, 0xCE, 0xFA, 0x52, 0x7E, 0xDF, 0x4F, 0x8C, 0xDC, 0xD1, 0x73, 0xBF,
    0x6D, 0x97, 0xE2, 0x6F, 0x49, 0x0F, 0xC3, 0x20, 0xB1, 0x4B, 0xD2, 0x4A, 0x2A, 0xAF, 0x48, 0x1D,
    0x03, 0x49, 0x74, 0x50, 0x3B, 0x07, 0x78, 0x0E, 0xF1, 0x5F, 0x17, 0x85, 0xA6, 0x63, 0xE3, 0x4E,
    0xFF, 0xCB, 0xA1, 0x68, 0x73, 0x34, 0xA1, 0x3F, 0x29, 0x17, 0xCD, 0x5F, 0xF6, 0x1C, 0x30, 0xC9,
    0xC5, 0x9E, 0xFB, 0x81, 0x2C, 0xD0, 0x6B, 0x93, 0x7B, 0xC9, 0x4D, 0x59, 0x2F, 0x16, 0xE7, 0xB5,
    0xB9, 0x58, 0x1D, 0x3F, 0xA6, 0x12, 0xE6, 0x23, 0x86, 0x99, 0x6D, 0xFC, 0x1F, 0xD5, 0xDA, 0x51,
    0x6A, 0x24, 0xC9, 0xAE, 0x80, 0xE1, 0x0F, 0xE2, 0xD5, 0xA0, 0xAD, 0xCC, 0x02, 0x12, 0x62, 0xEB,
    0x01, 0x7E, 0xBD, 0xD0, 0x5B, 0x11, 0xF8, 0x55, 0xA0, 0xCB, 0x54, 0xE0, 0x0A, 0xA8, 0x73, 0x3C,
    0xF4, 0x1C, 0x6C, 0x77, 0x39, 0x66, 0xF4, 0x57, 0xD3, 0x9D, 0x19, 0x95, 0xFA, 0xAD, 0x44, 0x0A,
    0xBA, 0x99, 0x78, 0x67, 0x2F, 0x78, 0x3B, 0x1C, 0x6F, 0x79, 0x67, 0xAC, 0x72, 0x78, 0x61, 0x9A,
    0x77, 0x96, 0x58, 0xEF, 0xEC, 0xEE, 0x65, 0x74, 0x77, 0xBE, 0x33, 0x8D, 0x73, 0x01, 0x75, 0xBF,
    0xF1, 0x70, 0x6F, 0xEB, 0x2C, 0x04, 0x98, 0x87, 0x02, 0xBA, 0xCC, 0x6E, 0x91, 0xBD, 0x5E, 0x44,
    0x32, 0x4E, 0x8C, 0xCE, 0xD1, 0x9D, 0xB3, 0x47, 0xB6, 0x91, 0x75, 0x8F, 0xB8, 0x45, 0xEB, 0x9C,
    0xFD, 0x96, 0xD1, 0x2B, 0x01, 0x04, 0x62, 0xD9, 0x01, 0x7D, 0x6C, 0x18, 0x79, 0x18, 0xEB, 0x3C,
    0xC9, 0x75, 0x08, 0x9E, 0xCE, 0xE4, 0x5C, 0xCC, 0x44, 0xED, 0x18, 0x79, 0x32, 0x0C, 0x7C, 0xB2,
    0xC9, 0xBA, 0x6B, 0x9A, 0x63, 0xA1, 0xFF, 0xEF, 0x21, 0xDF, 0x4B, 0x3C, 0xAD, 0x2B, 0xF7, 0xDD,
    0xD2, 0x7C, 0x5B, 0x6E, 0x77, 0x5F, 0x62, 0x05, 0x3E, 0xD7, 0x55, 0x9C, 0xAA, 0x22, 0x27, 0xBC,
    0xF4, 0xFA, 0x39, 0xAE, 0x0A, 0x85, 0x39, 0x52, 0xFC, 0x2A, 0x66, 0x51, 0x61, 0xE4, 0x58, 0xE7,
    0x91, 0x5B, 0x74, 0xAF, 0x51, 0x33, 0x87, 0x51, 0x38, 0xA1, 0x4B, 0x77, 0x45, 0xAF, 0x9A, 0x4B,
    0x4D, 0xEF, 0x31, 0x76, 0xAC, 0x59, 0xD1, 0x55, 0xA3, 0xF3, 0x42, 0x2C, 0x90, 0x87, 0x91, 0xE8,
    0x01, 0xC7, 0x9B, 0xB0, 0xBD, 0xBD, 0x3C, 0xAB, 0x37, 0xBB, 0x56, 0x0A, 0xD7, 0x2D, 0xE2, 0x75,
    0x99, 0xF9, 0xA5, 0xB5, 0xC6, 0x0A, 0x44, 0xDD, 0x38, 0x0B, 0xD7, 0xC8, 0x47, 0x43, 0x8F, 0xD5,
    0xE7, 0xE5, 0x79, 0xAB, 0x6F, 0xD4, 0x30, 0xBA, 0xC5, 0x28, 0x20, 0x16, 0x73, 0xF9, 0x5A, 0x8B,
    0x1F, 0x78, 0x9A, 0xA6, 0x87, 0xF5, 0xF3, 0xBA, 0xE9, 0xBD, 0x4F, 0x54, 0x19, 0x39, 0xC5, 0xB9,
    0xEF, 0x6B, 0x3A, 0xED, 0x5C, 0x3B, 0xC2, 0xE9, 0xAE, 0x0B, 0x02, 0x5E, 0xFE, 0x7A, 0x41, 0xB8,
    0x10, 0x5D, 0x18, 0x9D, 0xF0, 0xF2, 0xC4, 0x96, 0xCB, 0x96, 0xB2, 0x08, 0x42, 0x18, 0x6B, 0x1A,
    0x5D, 0xCC, 0xF4, 0xE9, 0x36, 0x47, 0x82, 0xCD, 0x6B, 0xCB, 0xF9, 0xC0, 0x5A, 0x3C, 0xAD, 0xB5,
    0x91, 0x28, 0x5C, 0xBE, 0xC7, 0x9A, 0x06, 0x63, 0x1D, 0x4E, 0x78, 0xB9, 0x7E, 0x9C, 0x3B, 0x73,
    0x31, 0x12, 0x49, 0x2C, 0x2F, 0xC1, 0xF8, 0x72, 0x7F, 0xFE, 0xA9, 0x97, 0xBC, 0xB8, 0x7E, 0x9C,
    0xC5, 0x1A, 0x6B, 0xF7, 0x92, 0x06, 0x3C, 0x54, 0x61, 0x7F, 0x81, 0xC5, 0x29, 0xEE, 0x99, 0x8D,
    0x2E, 0xE8, 0xF5, 0xF3, 0xBB, 0x48, 0x88, 0x35, 0xF2, 0x54, 0xDF, 0xD7, 0x76, 0x10, 0x3B, 0x62,
    0xA7, 0xF5, 0x1E, 0x85, 0x0F, 0xE2, 0xB7, 0xAF, 0x7B, 0xBC, 0xF6, 0xC3, 0xCE, 0x35, 0xCB, 0xE8,
    0x16, 0x35, 0xD7, 0xDC, 0x99, 0x67, 0x51, 0x45, 0x75, 0xF7, 0x3D, 0xCE, 0xBE, 0x4C, 0xF6, 0xED,
    0xE9, 0x96, 0xB7, 0xB3, 0x3F, 0x63, 0x11, 0xB9, 0x63, 0x2C, 0x7A, 0xD1, 0x89, 0x1D, 0x1E, 0x4F,
    0x6F, 0xBE, 0x21, 0xF7, 0x99, 0xCC, 0x33, 0xB0, 0x3A, 0x7D, 0x6E, 0x87, 0xCF, 0xF3, 0x30, 0x6A,
    0xAC, 0xE8, 0x5F, 0x6B, 0x46, 0xBB, 0x14, 0xBE, 0x27, 0xC7, 0x51, 0x6E, 0xDF, 0x1B, 0xD1, 0xEB,
    0xD2, 0xF0, 0xA9, 0x79, 0xA1, 0x90, 0xE6, 0xEB, 0x9E, 0xF4, 0xDF, 0x52, 0xAC, 0x4B, 0x88, 0x6F,
    0xC9, 0x0F, 0x13, 0xD7, 0xFD, 0x64, 0x5B, 0x45, 0x4E, 0x63, 0xC5, 0xFA, 0xEC, 0x5C, 0x1B, 0x13,
    0xF1, 0x5A, 0x44, 0x33, 0x83, 0x1A, 0x4B, 0x4A, 0x88, 0xEE, 0xBA, 0xC7, 0xE2, 0x83, 0xF8, 0xFD,
    0xEB, 0x1E, 0xAE, 0x2D, 0x4C, 0xC4, 0x48, 0xE3, 0x57, 0x11, 0x93, 0x2B, 0x96, 0x3C, 0x7D, 0x4A,
    0x34, 0xDD, 0x6B, 0x74, 0x64, 0xA4, 0x8A, 0xA5, 0x26, 0xF3, 0x16, 0xDD, 0x7D, 0x0F, 0xBC, 0x47,
    0xEC, 0x3C, 0x8D, 0x72, 0xE9, 0x2E, 0xB3, 0x93, 0x48, 0xFC, 0x85, 0x8B, 0x91, 0xE6, 0x2B, 0xBD,
    0xEE, 0x3F, 0xDF, 0x97, 0x6F, 0xFB, 0xF9, 0x3E, 0x9E, 0x2A, 0x57, 0x9A, 0xB9, 0x54, 0x9D, 0xF3,
    0xD0, 0x67, 0xD7, 0xF4, 0x0A, 0xA3, 0x43, 0x74, 0x79, 0x19, 0x05, 0xCC, 0xF5, 0x67, 0xF2, 0x7F,
    0xEC, 0xE1, 0xB1, 0x98, 0xE9, 0x2B, 0xF3, 0xBF, 0x9F, 0x37, 0x1F, 0x4F, 0x4C, 0xFE, 0x64, 0x3F,
    0x7A, 0x38, 0xC5, 0x9D, 0xF7, 0xFB, 0xCB, 0x7B, 0xD5, 0x20, 0x9A, 0x49, 0x10, 0x46, 0x91, 0x24,
    0xDC, 0x9E, 0x7A, 0x45, 0x19, 0xF9, 0x3F, 0xFE, 0xBF, 0x77, 0xE8, 0xD5, 0x29, 0x65, 0xE4, 0x74,
    0xB9, 0x30, 0x7F, 0xE3, 0xBF, 0xCF, 0xFA, 0x76, 0x70, 0x7E, 0xD3, 0x52, 0x5B, 0xD6, 0x7F, 0x2C,
    0xB2, 0x2A, 0x8D, 0x4E, 0xCC, 0xEE, 0xC5, 0x1E, 0xB6, 0xCA, 0x28, 0x91, 0xB4, 0xB9, 0x98, 0x26,
    0x62, 0x6D, 0xF6, 0x99, 0xE1, 0xB2, 0x30, 0x3E, 0x60, 0x6C, 0xAE, 0x76, 0xEE, 0xDD, 0x35, 0x10,
    0x8B, 0x16, 0xFB, 0x8B, 0x7A, 0xCD, 0x62, 0x57, 0x4B, 0x74, 0x7B, 0x58, 0x01, 0xE6, 0x3A, 0x8C,
    0x53, 0x24, 0x2B, 0x7A, 0xE6, 0x5C, 0xA3, 0x26, 0x55, 0xCC, 0x7F, 0x8A, 0x49, 0x4D, 0x2A, 0x32,
    0x72, 0x74, 0x2F, 0xDD, 0x3E, 0x2A, 0x12, 0x5E, 0xC0, 0x4C, 0xB0, 0x59, 0xE7, 0xD7, 0xB1, 0xE9,
    0x10, 0x9E, 0xCE, 0x64, 0x24, 0x51, 0x98, 0x3B, 0x1E, 0x47, 0xA2, 0x4F, 0x36, 0xB9, 0x99, 0x98,
    0xAF, 0x0B, 0x9D, 0x18, 0x99, 0xF7, 0x71, 0x3F, 0xC4, 0xD3, 0xBA, 0x22, 0x16, 0xA6, 0xBD, 0x45,
    0x64, 0x32, 0x0B, 0x35, 0x19, 0x6B, 0x2C, 0xCE, 0x9A, 0xE5, 0x66, 0x4D, 0xF4, 0x4C, 0x73, 0x8D,
    0x32, 0x29, 0xC5, 0xFC, 0x1D, 0x4C, 0x6A, 0x23, 0x32, 0xD2, 0xE8, 0x6D, 0x81, 0x48, 0x18, 0x09,
    0x6A, 0x2E, 0x38, 0x1A, 0x8D, 0x67, 0xD7, 0x58, 0x30, 0xBD, 0xCF, 0x55, 0xE3, 0x6F, 0x88, 0xC6,
    0x8C, 0x45, 0x4A, 0xCE, 0x8A, 0xC6, 0x3E, 0xE4, 0xFD, 0x2A, 0x91, 0x5A, 0x2C, 0xD3, 0x24, 0xD6,
    0x6F, 0x20, 0x96, 0xE9, 0x86, 0x51, 0xA3, 0xF6, 0x56, 0x66, 0xAF, 0xF3, 0x8A, 0xBA, 0x0E, 0xC7,
    0x0F, 0xAD, 0xCC, 0x33, 0x34, 0x05, 0x2E, 0x91, 0x79, 0x8B, 0x59, 0xD4, 0x3C, 0xB5, 0xF9, 0xA9,
    0x6F, 0xF3, 0x1A, 0x18, 0x1D, 0x88, 0x2E, 0xCE, 0xEC, 0x04, 0x73, 0xF9, 0x69, 0x16, 0x7B, 0xAC,
    0xD1, 0xBD, 0xC6, 0x6A, 0x9C, 0x39, 0xF9, 0x0B, 0x2D, 0x3E, 0x78, 0x7A, 0xAB, 0x7B, 0x8A, 0x53,
    0x2C, 0x9C, 0xF5, 0x03, 0x7B, 0xF0, 0xB1, 0xD7, 0x4D, 0xC6, 0x8A, 0x35, 0x12, 0x7C, 0x4B, 0x7F,
    0xD6, 0x60, 0x24, 0xE7, 0x65, 0x8F, 0x05, 0x2E, 0x0F, 0x6B, 0x2E, 0xA3, 0xD3, 0xDC, 0x86, 0xE7,
    0x56, 0x7C, 0xED, 0xD4, 0xB7, 0xE4, 0xCE, 0x6D, 0xF9, 0x3E, 0x4B, 0x6E, 0x57, 0xB6, 0x38, 0xDB,
    0xA5, 0xF3, 0x61, 0x3C, 0x7C, 0x9C, 0x3F, 0x3B, 0xF7, 0xDD, 0x77, 0xD9, 0xCA, 0xC5, 0x62, 0xB2,
    0xA5, 0xDF, 0xAC, 0x27, 0x5B, 0xFB, 0xF1, 0x3E, 0x17, 0x1A, 0x63, 0x6F, 0x7C, 0xD2, 0x52, 0x1B,
    0xB3, 0xD4, 0xE8, 0x7E, 0xCD, 0xE8, 0xD9, 0x6B, 0xAE, 0xD1, 0x9F, 0xD2, 0x7C, 0x8E, 0x4D, 0x05,
    0x4C, 0x20, 0x80, 0xB1, 0x7E, 0xAE, 0xD5, 0x3E, 0x6D, 0x69, 0xDD, 0x53, 0xC9, 0x6F, 0xB2, 0xAA,
    0x17, 0xE8, 0x04, 0xCE, 0x07, 0x22, 0xF1, 0xA8, 0xFA, 0xE5, 0x27, 0x3A, 0x9E, 0x89, 0x59, 0x70,
    0xBD, 0x23, 0x0A, 0x63, 0x1D, 0x7C, 0xBD, 0xED, 0xA8, 0xB1, 0x10, 0xFD, 0x6B, 0xE1, 0x8A, 0x86,
    0x4B, 0xFD, 0xD8, 0xE2, 0x1D, 0x2D, 0x8D, 0x7E, 0x4B, 0x31, 0x7A, 0x09, 0xF3, 0x3B, 0xEA, 0xF6,
    0xC7, 0x69, 0x7A, 0x5C, 0x71, 0x4F, 0xE0, 0xE1, 0xFD, 0xFA, 0x36, 0x79, 0xA7, 0x75, 0x11, 0xF9,
    0x8E, 0xB1, 0x28, 0x46, 0x7E, 0x1D, 0xA6, 0xDD, 0xE6, 0xE7, 0x8A, 0x1A, 0x6D, 0x74, 0xBF, 0xCF,
    0xC6, 0xCE, 0x4A, 0x8C, 0x7A, 0x87, 0xA4, 0xA8, 0x7F, 0x17, 0x63, 0x87, 0xA8, 0x36, 0x6B, 0x76,
    0x55, 0x74, 0xD6, 0x47, 0x7F, 0xFB, 0xC1, 0xC2, 0x68, 0x08, 0x88, 0x85, 0x80, 0x86, 0xBC, 0xC3,
    0x9F, 0x53, 0xF4, 0x3B, 0xFF, 0x10, 0xED, 0xF3, 0x44, 0x45, 0x3A, 0x93, 0x15, 0x28, 0x18, 0x89,
    0xC7, 0xE3, 0x66, 0x6E, 0xD6, 0xE1, 0x5B, 0xEE, 0x97, 0xA1, 0x18, 0xB5, 0x9F, 0xF5, 0xD3, 0x38,
    0x89, 0xE5, 0x66, 0x48, 0xF4, 0x68, 0xB6, 0x23, 0xB3, 0xD3, 0x7F, 0x9F, 0x50, 0x26, 0x60, 0xC2,
    0x2C, 0xEA, 0x86, 0x2A, 0x3A, 0x8B, 0x5E, 0x45, 0xF9, 0x2D, 0x8C, 0x3B, 0xA2, 0xB4, 0x59, 0x66,
    0x57, 0xD9, 0xD6, 0xE6, 0x82, 0x58, 0x8E, 0xAA, 0x02, 0xD7, 0x93, 0x6B, 0x1B, 0x05, 0xF5, 0x30,
    0x8C, 0xE4, 0x37, 0x69, 0x93, 0x30, 0x9A, 0x63, 0xEF, 0x98, 0xD4, 0x20, 0x37, 0x9F, 0x56, 0xA1,
    0xB9, 0x30, 0x13, 0xEA, 0x1D, 0xA7, 0x06, 0x03, 0xE2, 0x5B, 0x6A, 0xF0, 0x42, 0x6F, 0x27, 0x9D,
    0x8C, 0x15, 0xEB, 0xD9, 0xAB, 0x6F, 0xAC, 0x3D, 0x17, 0xCD, 0x68, 0x2E, 0xF5, 0x2D, 0x85, 0xF7,
    0x9C, 0x36, 0x1E, 0x56, 0xC2, 0x28, 0xB0, 0x99, 0xBE, 0xD1, 0x0E, 0x10, 0x30, 0xEF, 0x78, 0x81,
    0xB9, 0xEE, 0x83, 0xC3, 0xA9, 0xF9, 0xC9, 0x59, 0xC5, 0xA8, 0xF9, 0xDE, 0xD4, 0x32, 0x96, 0x58,
    0xB1, 0x4C, 0x23, 0x37, 0xEE, 0x4F, 0x32, 0x92, 0x79, 0xC3, 0xAF, 0x45, 0xFC, 0x8D, 0xD1, 0x6C,
    0xA8, 0x7F, 0x8B, 0x3E, 0xCF, 0xB7, 0xCE, 0xF3, 0x3D, 0x3C, 0x5A, 0xAC, 0xC9, 0x74, 0x10, 0x4B,
    0x6D, 0x8C, 0x1C, 0xE9, 0x40, 0xC5, 0xB2, 0x71, 0xC5, 0x62, 0x4E, 0x36, 0xE2, 0x1C, 0x25, 0x6E,
    0x48, 0x1C, 0xC4, 0x7A, 0xC7, 0xC4, 0x5B, 0xA3, 0x0B, 0xBD, 0xFE, 0xA4, 0x9C, 0xC7, 0xDA, 0xAA,
    0x3B, 0xF2, 0xDB, 0xBC, 0x24, 0xF1, 0xBA, 0xD3, 0xF2, 0xD6, 0xF2, 0xEE, 0xE5, 0x61, 0x16, 0x5B,
    0x18, 0x77, 0x8B, 0x8F, 0xB3, 0xD8, 0x1F, 0x94, 0x18, 0x37, 0x34, 0xC4, 0x1D, 0x7D, 0xCF, 0x72,
    0x6D, 0x3C, 0x4B, 0xAD, 0xED, 0x9E, 0xD0, 0x55, 0x64, 0xE7, 0x6E, 0x08, 0x4F, 0xF1, 0x9A, 0xFE,
    0xB5, 0x8F, 0x8F, 0xE3, 0xB5, 0x53, 0x98, 0xEB, 0xA9, 0xDE, 0xD0, 0xFF, 0x07, 0xB5, 0x97, 0x09,
    0xAA, 0xE3, 0xCC, 0x0E, 0x85, 0x3F, 0x10, 0x33, 0x17, 0xB4, 0x15, 0x2F, 0xA0, 0x40, 0x5B, 0x17,
    0x64, 0x01, 0x77, 0x2B, 0x82, 0x66, 0x46, 0x70, 0x5E, 0xAA, 0x6C, 0xE3, 0x67, 0x3A, 0xFF, 0xED,
    0x84, 0xA6, 0x35, 0x9C, 0x3A, 0xD6, 0x54, 0x95, 0x00, 0x2E, 0xCC, 0x5D, 0x92, 0x62, 0x48, 0xF5,
    0x55, 0x5B, 0x65, 0xF1, 0x9E, 0x1A, 0xCE, 0x40, 0xDA, 0xFC, 0xCB, 0xCD, 0x79, 0x53, 0xA5, 0x4B,
    0xF2, 0x84, 0x5A, 0xBE, 0x4B, 0xFF, 0xD7, 0xDA, 0xD4, 0xBF, 0xB6, 0xF3, 0x28, 0x1C, 0x72, 0x3E,
    0x5B, 0x5A, 0xFA, 0x54, 0x62, 0xA9, 0xF0, 0xF5, 0x1C, 0x19, 0x04, 0x83, 0x41, 0x33, 0x9F, 0xCE,
    0xE7, 0xA6, 0x29, 0x74, 0x54, 0xFB, 0xAA, 0xB6, 0xA5, 0xE3, 0x69, 0x9E, 0x3D, 0x8D, 0x0E, 0xAB,
    0xDD, 0xE4, 0xB5, 0x82, 0xD3, 0x22, 0x8F, 0xF8, 0x2C, 0xB5, 0x19, 0x3A, 0x83, 0x7D, 0xC6, 0xAB,
    0x57, 0xBC, 0x1C, 0xF9, 0x8C, 0xEC, 0xE6, 0x1C, 0x13, 0xF6, 0x5D, 0x08, 0xB8, 0xF9, 0xD8, 0x5D,
    0x23, 0x52, 0xD2, 0xF2, 0x33, 0xF6, 0xD2, 0xE3, 0x73, 0x3F, 0x7B, 0xAF, 0xF9, 0x7F, 0xAE, 0xBF,
    0xD5, 0xBE, 0xA8, 0x8F, 0x54, 0xA9, 0x0F, 0xAD, 0xC8, 0x84, 0x06, 0x25, 0x6A, 0xA4, 0x9C, 0x58,
    0x08, 0x0A, 0x12, 0x42, 0x52, 0xE0, 0x29, 0x62, 0x79, 0x2C, 0xF7, 0xDC, 0x23, 0x5E, 0x3B, 0xC6,
    0xC4, 0x8C, 0x59, 0x8A, 0x54, 0x7C, 0xA2, 0x12, 0xFE, 0x89, 0xEA, 0x26, 0x96, 0xEF, 0xE9, 0xAC,
    0x4D, 0x76, 0xFD, 0xAC, 0x0B, 0xDB, 0xF5, 0xFD, 0x2E, 0xBC, 0x20, 0x00, 0x42, 0xD0, 0x00, 0xC3,
    0xA1, 0x00, 0xDA, 0xD3, 0x16, 0xA9, 0x55, 0xB9, 0x13, 0x3F, 0x89, 0x73, 0x90, 0x38, 0x49, 0xC3,
    0x9D, 0x3C, 0x4A, 0x65, 0xCA, 0xF6, 0xC7, 0x43, 0x6D, 0xAA, 0x11, 0xFE, 0xC8, 0xF6, 0xAC, 0x90,
    0x7B, 0x0E, 0xA7, 0xAD, 0xC2, 0x33, 0x9C, 0x01, 0xC3, 0x33, 0x62, 0x92, 0x76, 0x16, 0xB1, 0xBA,
    0xC8, 0x5E, 0xE3, 0x79, 0x12, 0xF6, 0x76, 0x02, 0x5B, 0x03, 0x67, 0xD5, 0xDA, 0x82, 0x06, 0x15,
    0xCA, 0x49, 0x3C, 0x59, 0xE2, 0x4A, 0x9C, 0x5D, 0xE2, 0x3B, 0x89, 0x93, 0xDB, 0xAA, 0x5F, 0x32,
    0x28, 0xEA, 0xE2, 0x76, 0xF2, 0xA6, 0x2C, 0x4F, 0x4E, 0x7B, 0x5E, 0x35, 0xCE, 0xC5, 0x83, 0x8B,
    0x8F, 0x68, 0xA2, 0x51, 0x85, 0x55, 0x87, 0x90, 0x50, 0xC7, 0x77, 0x55, 0x7B, 0xCE, 0x58, 0xB8,
    0x1E, 0x59, 0xFE, 0x28, 0xB7, 0x0C, 0xFA, 0x49, 0xEC, 0xC9, 0x1F, 0xE9, 0xE0, 0xF6, 0xE4, 0xE9,
    0xDF, 0x93, 0xC7, 0xC5, 0x19, 0x17, 0xA7, 0x2F, 0x4E, 0x71, 0xF6, 0x62, 0xC5, 0x39, 0x13, 0x4B,
    0xCE, 0xBD, 0x70, 0x38, 0xCF, 0x40, 0x80, 0xAF, 0xB3, 0x45, 0x11, 0x34, 0x65, 0x65, 0xE9, 0x38,
    0x83, 0x86, 0xF0, 0xD5, 0x46, 0x05, 0x56, 0x03, 0xCB, 0xC6, 0x29, 0xDC, 0x8A, 0xB1, 0x26, 0xB2,
    0x6A, 0x7A, 0xCD, 0x66, 0x4E, 0x5F, 0x2F, 0xAA, 0xFD, 0x3D, 0x45, 0xF9, 0xAC, 0x1C, 0xB3, 0x74,
    0xD0, 0x4E, 0xD1, 0x04, 0xC1, 0x7A, 0xFB, 0x15, 0xC5, 0x60, 0xB4, 0x27, 0x31, 0xDD, 0x0A, 0x7F,
    0xD4, 0xDA, 0x62, 0xF6, 0x50, 0x01, 0xC3, 0x99, 0xCD, 0x3D, 0x13, 0xE1, 0x59, 0xB3, 0xAA, 0x67,
    0xD9, 0x3A, 0xCA, 0x3A, 0x93, 0x43, 0x85, 0x25, 0xC3, 0x27, 0x58, 0x16, 0x1B, 0xF4, 0x34, 0xFB,
    0x9E, 0xE6, 0x96, 0x4F, 0x1B, 0xD4, 0xA0, 0x8A, 0x51, 0x04, 0x1B, 0x41, 0x5B, 0x79, 0x79, 0x06,
    0xDA, 0xCF, 0x53, 0x34, 0x62, 0x7C, 0xD1, 0xC7, 0xB3, 0x35, 0x7D, 0xD4, 0x65, 0xA4, 0x18, 0x6C,
    0x78, 0xC2, 0x98, 0x38, 0x34, 0x51, 0x9E, 0xAB, 0xB2, 0xC0, 0x93, 0x86, 0x58, 0xD6, 0xEC, 0x03,
    0x99, 0x1B, 0x80, 0x75, 0xC0, 0x86, 0x9A, 0xAF, 0x26, 0x6A, 0x12, 0x5F, 0x18, 0xBD, 0xAA, 0x05,
    0x58, 0x45, 0x82, 0xA7, 0x17, 0x04, 0xD6, 0xD0, 0x20, 0x6C, 0x3D, 0xFA, 0x4A, 0xED, 0xA7, 0xEA,
    0xB5, 0xD3, 0x36, 0x71, 0x03, 0x03, 0x02, 0xDD, 0x2D, 0x96, 0x8D, 0x97, 0x36, 0x96, 0x71, 0x4A,
    0x30, 0x84, 0xB4, 0x1A, 0x4D, 0x89, 0xD4, 0xA8, 0xC4, 0xA3, 0x02, 0x2B, 0x9F, 0x9E, 0xCB, 0x17,
    0x0F, 0x58, 0xDE, 0xA0, 0x02, 0x01, 0x7D, 0x78, 0x2D, 0xBF, 0xCB, 0x06, 0xD6, 0x97, 0x5F, 0x17,
    0x7C, 0xCE, 0xE4, 0xEA, 0x18, 0x60, 0xE9, 0xC7, 0xDF, 0x25, 0x90, 0x0A, 0x5C, 0x40, 0x28, 0x41,
    0x6A, 0x3C, 0x09, 0x02, 0x3C, 0x07, 0x90, 0xAB, 0x6D, 0x0D, 0x80, 0x86, 0x9A, 0x66, 0x39, 0xCD,
    0x99, 0x36, 0x76, 0x3B, 0x33, 0x85, 0x35, 0x3E, 0x70, 0x27, 0x9C, 0xFD, 0x06, 0xAD, 0xA7, 0x51,
    0x00, 0x01, 0xF0, 0x23, 0x31, 0x82, 0x6D, 0x91, 0x1E, 0x5E, 0x8B, 0x48, 0xBA, 0x13, 0x10, 0x87,
    0xFC, 0xCA, 0xA3, 0xED, 0xD7, 0x91, 0xF1, 0x6C, 0x96, 0x44, 0xEA, 0x20, 0xD7, 0xE8, 0x7D, 0x70,
    0x1D, 0x70, 0x91, 0xBC, 0x13, 0x36, 0x4B, 0x7B, 0x42, 0x59, 0x3C, 0x1E, 0x22, 0xB2, 0x14, 0x92,
    0x98, 0xF0, 0x2D, 0x35, 0xBE, 0xA0, 0x00, 0x6F, 0x88, 0x06, 0x7C, 0xC0, 0x08, 0x20, 0x02, 0x3A,
    0x12, 0xDA, 0xD3, 0x9E, 0xCE, 0x13, 0xCA, 0xCA, 0x0B, 0xDA, 0x92, 0xCD, 0x60, 0x82, 0x9E, 0x02,
    0x78, 0x02, 0x01, 0x30, 0x00, 0x1A, 0xA0, 0x00, 0xCB, 0x33, 0xE9, 0x5C, 0x15, 0x67, 0x72, 0x41,
    0xFE, 0xD4, 0x5E, 0x3F, 0xB4, 0xA3, 0x9E, 0x5A, 0xBC, 0xD2, 0x9F, 0x32, 0xA7, 0xF2, 0x52, 0xFF,
    0x90, 0x51, 0xE1, 0x42, 0x92, 0x4B, 0x19, 0xD2, 0x43, 0xAA, 0x81, 0x3F, 0x38, 0xEF, 0x88, 0x06,
    0x4B, 0x18, 0xE7, 0xB2, 0x82, 0x57, 0x2E, 0xC0, 0xEA, 0x0C, 0x4C, 0x16, 0xF7, 0xD4, 0xD9, 0x79,
    0x5F, 0x5E, 0xCA, 0x39, 0x55, 0xE0, 0xF5, 0xDB, 0x52, 0xE8, 0x29, 0x28, 0xA4, 0xD4, 0xC0, 0x53,
    0xEC, 0x60, 0x3B, 0xAC, 0xE6, 0x71, 0x40, 0x30, 0xA0, 0x19, 0x58, 0x31, 0x6B, 0x19, 0x04, 0x0C,
    0xC6, 0x0D, 0x5E, 0xEC, 0xDF, 0x08, 0x74, 0x41, 0xE0, 0x22, 0x4C, 0xAA, 0x09, 0x1D, 0x96, 0x74,
    0x00, 0x71, 0x87, 0x11, 0xB0, 0x12, 0x36, 0xC1, 0x2B, 0x20, 0x32, 0xA0, 0x09, 0xAC, 0x76, 0x18,
    0x58, 0xEE, 0x70, 0x97, 0x3D, 0x2B, 0xFC, 0x80, 0x58, 0xEC, 0x90, 0x95, 0x86, 0xDE, 0xDD, 0x0A,
    0x3C, 0x77, 0x8F, 0x2B, 0x65, 0x75, 0xA5, 0x22, 0xAF, 0x70, 0xC3, 0xF9, 0x1D, 0x51, 0xA1, 0x7E,
    0xBA, 0xDE, 0xF4, 0x3E, 0x3C, 0x6B, 0xC0, 0xA7, 0x4E, 0x48, 0x2E, 0x29, 0xD4, 0x3E, 0x5D, 0x6F,
    0xF8, 0x59, 0x3B, 0xFB, 0xD0, 0x94, 0x46, 0xD7, 0xB9, 0xFB, 0x93, 0x73, 0x1F, 0x1F, 0x27, 0xE0,
    0x05, 0x96, 0xA7, 0x93, 0x96, 0x16, 0x96, 0xAD, 0x43, 0x56, 0x3E, 0x1A, 0x3A, 0x96, 0x5B, 0x79,
    0x7A, 0x79, 0xB1, 0x7D, 0x11, 0x08, 0x65, 0xF0, 0x4A, 0x62, 0x6A, 0xFA, 0x52, 0x4B, 0xAB, 0xB7,
    0xDE, 0xD1, 0xFF, 0x5E, 0xDE, 0xB8, 0x4D, 0xFE, 0xE6, 0x1F, 0x39, 0xE5, 0x6F, 0x66, 0x0C, 0x42,
    0xD3, 0x46, 0xD0, 0x5C, 0x37, 0x53, 0xE2, 0xE7, 0xB5, 0x15, 0x30, 0xA0, 0x97, 0x5D, 0xC9, 0x65,
    0x8C, 0x40, 0x03, 0x35, 0x61, 0x6A, 0x60, 0x84, 0xE6, 0x3A, 0x1A, 0x57, 0x5B, 0x15, 0x84, 0x54,
    0xC9, 0x5C, 0xA7, 0x27, 0x26, 0x6F, 0x3C, 0x09, 0x06, 0x58, 0x6E, 0x40, 0xD5, 0x84, 0xC9, 0x36,
    0x2C, 0x61, 0x81, 0xCD, 0x9C, 0x3F, 0xB2, 0xB1, 0x5F, 0x8F, 0x02, 0x7D, 0xE7, 0x3E, 0x04, 0xBF,
    0x5D, 0xD8, 0x2B, 0xB6, 0xB2, 0xAB, 0x6E, 0x75, 0xF8, 0xEC, 0xBD, 0x46, 0x81, 0xE7, 0xDD, 0x5F,
    0xCB, 0x06, 0x34, 0xA0, 0xB5, 0xFE, 0x2C, 0xF7, 0x79, 0x06, 0xE1, 0xD9, 0x41, 0xBB, 0x55, 0x50,
    0x61, 0xD9, 0x56, 0xC3, 0xB3, 0x2C, 0x67, 0xC8, 0x57, 0xC8, 0x2D, 0x87, 0xAF, 0x5B, 0xDE, 0x57,
    0xE1, 0xE0, 0x3C, 0x4D, 0x2C, 0xF4, 0x13, 0xDF, 0x92, 0x01, 0xB0, 0x35, 0x40, 0x6B, 0xE1, 0xCE,
    0x79, 0x5F, 0x5E, 0xEC, 0x6E, 0xC0, 0x35, 0x13, 0xED, 0xF8, 0xC9, 0x64, 0xCF, 0x17, 0xF8, 0x81,
    0xFC, 0xFE, 0x8B, 0x36, 0x80, 0xAD, 0x5B, 0xCD, 0x5D, 0xD8, 0x56, 0xEC, 0xBA, 0xE8, 0x7B, 0xB1,
    0x77, 0xB7, 0xF1, 0x14, 0x78, 0xF5, 0x01, 0x96, 0xFC, 0x41, 0xF2, 0xC5, 0x46, 0x96, 0x77, 0xB4,
    0xB2, 0xF4, 0xB4, 0xBE, 0x90, 0xB4, 0xB4, 0x3D, 0xFB, 0x02, 0x75, 0x89, 0xAE, 0xF8, 0xCF, 0x93,
    0xE3, 0x40, 0x66, 0xE4, 0x45, 0x65, 0x48, 0x01, 0x70, 0xB1, 0x45, 0xA6, 0x7F, 0x9D, 0xB1, 0xAF,
    0x7D, 0xD9, 0xF1, 0x94, 0xFF, 0xFF, 0xEA, 0xFF, 0xEC, 0x4B, 0xFE, 0x7C, 0xF8, 0xA4, 0x2B, 0x3A,
    0xDA, 0xCB, 0xCB, 0xF2, 0x03, 0x65, 0xE2, 0xEC, 0x8A, 0x96, 0x3E, 0xE9, 0xFA, 0xDA, 0xCA, 0xC7,
    0xF8, 0x64, 0x37, 0x3D, 0xF5, 0xF3, 0x7F, 0xE3, 0x7F, 0xED, 0x92, 0x01, 0xA6, 0x5D, 0x41, 0x0C,
    0x86, 0x3F, 0x02, 0x50, 0xB2, 0x95, 0xB3, 0x80, 0x21, 0x5B, 0x0F, 0x6F, 0x01, 0x6F, 0x2B, 0x3F,
    0x05, 0x08, 0xE9, 0xCC, 0x9C, 0x71, 0xDF, 0xBD, 0xEE, 0xD3, 0x2A, 0x28, 0x74, 0xF2, 0x1D, 0xE2,
    0x4F, 0x48, 0x72, 0x12, 0x2F, 0xA2, 0x29, 0xCF, 0xB2, 0x94, 0xE9, 0x9D, 0xA9, 0x47, 0xA7, 0x37,
    0x08, 0x09, 0xF4, 0xF5, 0xB0, 0xC4, 0x93, 0x48, 0x7E, 0x2E, 0xEC, 0x23, 0xDD, 0x16, 0xC3, 0xB2,
    0xBB, 0x26, 0x58, 0xDE, 0x44, 0x2F, 0x06, 0x4C, 0x8A, 0x95, 0xDE, 0xCD, 0x15, 0x77, 0x54, 0x93,
    0xB4, 0xAC, 0xC8, 0xEE, 0x2D, 0xAC, 0x72, 0x19, 0x3B, 0x53, 0x93, 0xA2, 0x3B, 0xCB, 0x24, 0x0E,
    0xD3, 0x0F, 0xDF, 0x2D, 0x25, 0xDD, 0x9A, 0x9C, 0x42, 0xCE, 0x22, 0x38, 0x65, 0x84, 0x69, 0xCB,
    0x13, 0xD8, 0x93, 0x66, 0xD9, 0x21, 0x3C, 0x1F, 0xB3, 0x7F, 0x0D, 0xEB, 0x19, 0x0D, 0xE2, 0x84,
    0x6C, 0x87, 0x38, 0xD1, 0x6E, 0x45, 0x3D, 0x6A, 0xE5, 0xD5, 0x44, 0xF1, 0x03, 0xC8, 0x43, 0x77,
    0x4E, 0xC8, 0x57, 0x65, 0xC3, 0x7E, 0xB7, 0x6F, 0xE9, 0x04, 0x63, 0x9A, 0x5E, 0xAC, 0xB6, 0x16,
    0x38, 0x96, 0xCB, 0xF7, 0xED, 0xBD, 0xDB, 0xD2, 0x07, 0xC5, 0xC7, 0x69, 0x3E, 0x85, 0xBE, 0xE5,
    0xAF, 0x96, 0x4B, 0x59, 0xC5, 0xA8, 0x71, 0x0D, 0xDE, 0xCC, 0x6B, 0x2F, 0xCC, 0xF3, 0x31, 0x3C,
    0x7E, 0xFE, 0xB2, 0xE9, 0xB8, 0xF7, 0x6C, 0x51, 0xCB, 0xD1, 0x53, 0xA6, 0x37, 0x13, 0x96, 0xA2,
    0xC5, 0x63, 0xD3, 0xF0, 0x6F, 0x0F, 0xE8, 0xFF, 0x01, 0x21, 0xA2, 0xF3, 0xB2, 0x64, 0xE3, 0x7B,
    0x3A, 0xDD, 0x78, 0x46, 0x25, 0x85, 0xF7, 0x5A, 0xC7, 0x40, 0x42, 0xDD, 0x12, 0x4C, 0x06, 0x04,
    0x97, 0xB7, 0x4E, 0x02, 0x9A, 0x88, 0xF1, 0x60, 0xA0, 0x30, 0xED, 0x50, 0xB9, 0xA5, 0x7D, 0x26,
    0x0D, 0xB5, 0xB0, 0x4F, 0xFC, 0x23, 0x1D, 0x15, 0x65, 0x22, 0x9A, 0xBC, 0x97, 0x88, 0x38, 0x25,
    0xA4, 0x7D, 0x03, 0xDE, 0x88, 0x27, 0x2E, 0xFA, 0xEE, 0x90, 0x89, 0xBE, 0x83, 0x27, 0x52, 0x7E,
    0xDA, 0x5A, 0xD7, 0xB2, 0x91, 0xB6, 0xE2, 0x93, 0xD4, 0xEB, 0x63, 0x8F, 0x17, 0x5D, 0x26, 0x97,
    0xE5, 0x6F, 0x3F, 0xC6, 0x1F, 0x1A, 0x61, 0x75, 0x4A, 0xD9, 0x5B, 0xD4, 0x34, 0xC5, 0x6E, 0xC4,
    0x0B, 0xA6, 0xE8, 0x7B, 0x7F, 0x2E, 0x1A, 0xC7, 0xD3, 0xBB, 0x6C, 0x39, 0x74, 0x39, 0xAF, 0x66,
    0xF5, 0x0B, 0xAD, 0xD7, 0x61, 0x8A, 0xE3, 0x40, 0x0E, 0xC5, 0xF1, 0x3F, 0xE8, 0xEB, 0x80, 0xAE,
    0xD2, 0x07, 0x30, 0xE8, 0xEA, 0x82, 0x1C, 0xA0, 0xAF, 0x22, 0xF0, 0x57, 0xC1, 0xDB, 0xAA, 0xB2,
    0xE3, 0x38, 0x33, 0x99, 0xA1, 0xD9, 0x5D, 0xC3, 0xFB, 0x3D, 0xBA, 0xE4, 0x26, 0x1D, 0x07, 0x14,
    0x9A, 0x28, 0x30, 0x09, 0xBC, 0x36, 0x88, 0x64, 0x00, 0xB0, 0x4D, 0xFA, 0x86, 0x94, 0x27, 0x0D,
    0x8B, 0x58, 0xE4, 0xC0, 0x25, 0x61, 0x13, 0x7C, 0x42, 0xF3, 0x17, 0xA4, 0x3C, 0xA9, 0x6D, 0xA4,
    0xB0, 0x2C, 0x5C, 0x8D, 0x24, 0xD3, 0x43, 0xBE, 0x3F, 0x32, 0xBE, 0x2D, 0xC3, 0x2D, 0x7B, 0xC5,
    0xB3, 0xC3, 0xE9, 0xED, 0x9E, 0xA0, 0x7B, 0xA3, 0x6B, 0x23, 0xCE, 0x78, 0x35, 0xA6, 0xBD, 0x4D,
    0x6A, 0xFB, 0x56, 0x59, 0x16, 0xF6, 0x28, 0xFC, 0x91, 0x60, 0x4A, 0x24, 0xCD, 0x99, 0x17, 0xBF,
    0x3C, 0x21, 0x38, 0xD2, 0xAF, 0x6C, 0x6D, 0xEA, 0x23, 0x4D, 0x5B, 0xBD, 0x45, 0x23, 0x31, 0xF3,
    0x28, 0x7C, 0x2F, 0x4C, 0xB5, 0x21, 0x35, 0xA1, 0x36, 0x49, 0x57, 0x0A, 0xFE, 0x19, 0xA9, 0xAF,
    0xFC, 0x36, 0x93, 0x7A, 0xE5, 0xB7, 0xF3, 0x81, 0xF2, 0x7C, 0xB0, 0xA1, 0x86, 0xE6, 0xD7, 0x04,
    0x58, 0xC3, 0x0F, 0x48, 0xCA, 0xC5, 0x3F, 0xCF, 0xEE, 0x78, 0x0E, 0x34, 0xC7, 0x2F, 0x00, 0x6A,
    0x82, 0x9D, 0x95, 0x57, 0x55, 0xB4, 0xAB, 0x28, 0xC9, 0x25, 0xD4, 0xD2, 0x2E, 0x84, 0x37, 0x91,
    0xC2, 0x1A, 0xCF, 0xC6, 0xEA, 0x43, 0xF9, 0x5B, 0xC5, 0x5B, 0xE9, 0xA8, 0xFD, 0x5E, 0xF6, 0xB8,
    0x97, 0xAF, 0xC2, 0x59, 0x57, 0x2C, 0xD9, 0x96, 0xF4, 0xD2, 0x8A, 0xC0, 0xFA, 0x42, 0x17, 0xDF,
    0x8B, 0x7C, 0xF2, 0x18, 0x48, 0x52, 0x2F, 0x2C, 0x3B, 0x18, 0x9C, 0x67, 0xF7, 0x81, 0x07, 0x03,
    0x3D, 0xB1, 0x0B, 0xEE, 0x08, 0x00, 0x29, 0x97, 0x3D, 0x2C, 0x5B, 0xA2, 0x65, 0xBC, 0x99, 0x53,
    0x7B, 0x29, 0x57, 0x96, 0xB5, 0x94, 0x52, 0x2D, 0xD3, 0x12, 0x15, 0x6B, 0xFA, 0x33, 0x6B, 0xA9,
    0x1C, 0xA2, 0x54, 0xDE, 0xFF, 0x9E, 0x1A, 0xB6, 0xF5, 0x94, 0xC3, 0x38, 0x55, 0x0D, 0x4D, 0x3D,
    0xF4, 0x7D, 0xD8, 0x0E, 0xC3, 0x18, 0x7A, 0x0D, 0xA5, 0xF2, 0x1C, 0xE2, 0x73, 0x96, 0xA6, 0x29,
    0x51, 0x63, 0x8A, 0x57, 0x5B, 0x41, 0x9F, 0xD2, 0x37, 0x63, 0xB3, 0x69, 0xA8, 0x86, 0xDF, 0xCA,
    0x0D, 0x4F, 0xAB, 0x8D, 0x48, 0xCB, 0xB8, 0xF4, 0x97, 0xE5, 0xE9, 0xF4, 0x53, 0x3C, 0xEB, 0xEE,
    0xF9, 0xC1, 0xA8, 0x0E, 0xED, 0x51, 0xDB, 0x86, 0x3D, 0x72, 0xBA, 0xBF, 0x64, 0xCF, 0x68, 0x50,
    0xFA, 0x14, 0xAF, 0x4F, 0x06, 0x56, 0x48, 0xE0, 0x29, 0xE9, 0x30, 0x3D, 0x0B, 0x5F, 0x5A, 0x5D,
    0x3A, 0xFF, 0x2F, 0x39, 0x0C, 0x2E, 0xAD, 0x87, 0x52, 0x2D, 0x01, 0xD8, 0xEE, 0xAC, 0xD1, 0xE2,
    0x75, 0x16, 0xB5, 0x61, 0xEA, 0x0D, 0x6F, 0xAD, 0x27, 0xD9, 0x04, 0x34, 0x7D, 0x67, 0xFB, 0x40,
    0x1F, 0x68, 0x12, 0xD8, 0xA0, 0xBC, 0x71, 0x69, 0x03, 0xF5, 0xE0, 0xFD, 0x72, 0x49, 0xB9, 0x80,
    0x68, 0x30, 0x29, 0x89, 0x89, 0xB0, 0xA4, 0x01, 0xEB, 0x8F, 0xFB, 0x23, 0x0F, 0x3C, 0xE1, 0x86,
    0xA4, 0x13, 0xCB, 0xB7, 0x5F, 0xA3, 0x27, 0x9A, 0x44, 0x79, 0xE2, 0x52, 0x62, 0xD2, 0x9C, 0x5A,
    0x0F, 0xBC, 0x26, 0x39, 0x08, 0x06, 0x3D, 0xB0, 0x1A, 0xF8, 0x22, 0x07, 0xC1, 0xA0, 0x07, 0x7B,
    0xDD, 0x37, 0x98, 0xA9, 0xC1, 0x7A, 0x4D, 0x3D, 0x27, 0x35, 0xB0, 0x09, 0x3D, 0xD1, 0x24, 0x26,
    0x9E, 0xF6, 0x9C, 0xF5, 0x7D, 0x05, 0x7E, 0xDC, 0x95, 0x5F, 0x83, 0xBD, 0x07, 0xAA, 0x09, 0xE0,
    0x3D, 0x88, 0x1A, 0x68, 0x4C, 0x7D, 0x1F, 0x53, 0x33, 0xE5, 0xEF, 0x53, 0xD3, 0xC0, 0xF7, 0x81,
    0xD9, 0x80, 0x3B, 0xE7, 0xF4, 0x7C, 0x84, 0x67, 0xAF, 0x83, 0x2F, 0xAC, 0x39, 0x2E, 0x2D, 0x9B,
    0x38, 0xDB, 0xF3, 0x53, 0xD7, 0xD1, 0xF6, 0xAF, 0xF6, 0xC6, 0x72, 0x74, 0x28, 0x3D, 0x89, 0x54,
    0xAC, 0xB6, 0xB2, 0x1A, 0xAD, 0xB3, 0xDB, 0xD3, 0x2A, 0xB0, 0x3A, 0x3A, 0x46, 0x7B, 0x86, 0x84,
    0x57, 0x8C, 0x6E, 0x5C, 0x22, 0x04, 0x11, 0x7D, 0x6D, 0xE3, 0x4F, 0xBD, 0x9D, 0xDD, 0xFF, 0x6C,
    0x9B, 0x15, 0x1A, 0x28, 0x12, 0xDA, 0xFF, 0x0A, 0x27, 0x5B, 0x0C, 0x62, 0x9B, 0xF4, 0xC0, 0xEB,
    0xE4, 0xCB, 0x13, 0xCA, 0x6B, 0x10, 0x85, 0xF5, 0xD6, 0x83, 0x6E, 0x5C, 0x15, 0xB8, 0x0F, 0xC2,
    0x32, 0x68, 0xC3, 0x13, 0xFE, 0xCA, 0xAF, 0x00, 0x5C, 0x93, 0xC2, 0x94, 0x0C, 0x86, 0x83, 0xC6,
    0xCA, 0x26, 0xE8, 0xFE, 0x0D, 0x52, 0x38, 0x4F, 0xE2, 0x7D, 0xD0, 0x58, 0xF9, 0x40, 0xAA, 0x09,
    0x58, 0xF1, 0x23, 0xC0, 0x27, 0x21, 0x70, 0xA9, 0xD1, 0xC0, 0xE4, 0x7C, 0xF9, 0xB1, 0x53, 0x06,
    0xB1, 0x60, 0xA0, 0x49, 0xFF, 0x81, 0xF4, 0x84, 0x58, 0x68, 0x12, 0x8B, 0x1C, 0x78, 0x4D, 0x7A,
    0x60, 0x92, 0x89, 0x90, 0x74, 0x6E, 0x1E, 0x87, 0x3B, 0x7A, 0xC3, 0x94, 0x77, 0xFC, 0x51, 0x37,
    0x74, 0x5D, 0xD7, 0xDE, 0x59, 0xDC, 0x06, 0x76, 0x2C, 0x5C, 0xAC, 0x5E, 0x04, 0xD0, 0x2F, 0x7A,
    0x10, 0xB8, 0xC0, 0xA4, 0x9E, 0x08, 0xCB, 0x73, 0x61, 0xFC, 0x8E, 0x24, 0xD5, 0x02, 0xBC, 0xC1,
    0x5E, 0xEB, 0x0B, 0x6E, 0xD3, 0x8F, 0x1F, 0x78, 0x41, 0xBA, 0x10, 0x26, 0x09, 0x42, 0x7D, 0xBD,
    0xE9, 0x86, 0x90, 0x0A, 0x49, 0x69, 0x72, 0xCB, 0x1F, 0x3F, 0xFB, 0x0F, 0x68, 0x12, 0x8B, 0x1C,
    0xF8, 0xA2, 0x07, 0xA6, 0x6F, 0x7F, 0x6E, 0xCF, 0x09, 0x0E, 0x2F, 0x2C, 0x2D, 0xDF, 0xF0, 0x75,
    0x9B, 0x4A, 0x17, 0x3E, 0xCF, 0xFE, 0x7B, 0x6A, 0x60, 0x2A, 0x4F, 0x54, 0x70, 0x10, 0x52, 0x82,
    0x96, 0x8D, 0x81, 0x15, 0x7C, 0xB4, 0xA7, 0xE8, 0xB0, 0xA6, 0xAE, 0xA9, 0xDD, 0x7F, 0x40, 0x39,
    0xF5, 0xFC, 0x32, 0xBE, 0x3C, 0x15, 0xBB, 0x2C, 0x1F, 0xD9, 0x7E, 0xE8, 0xB9, 0xE7, 0xD7, 0x30,
    0x86, 0x81, 0xEB, 0xF9, 0x89, 0x27, 0x36, 0x4E, 0x78, 0x53, 0xB7, 0x8B, 0xDB, 0x75, 0x9D, 0x59,
    0xF1, 0xBF, 0x44, 0x52, 0x3E, 0x83, 0x80, 0x48, 0xF0, 0xBC, 0xCE, 0xF1, 0x64, 0x25, 0x46, 0x09,
    0x54, 0xD0, 0x1C, 0x09, 0xB8, 0xC6, 0x56, 0x33, 0xE7, 0x40, 0xAF, 0xE1, 0x3A, 0xBB, 0x63, 0x39,
    0x88, 0x81, 0xC4, 0x20, 0x41, 0xC5, 0xC4, 0x92, 0x47, 0x69, 0x0E, 0x1A, 0x5C, 0xAC, 0x81, 0xE7,
    0x3E, 0xB1, 0x3B, 0xC1, 0x1B, 0x3D, 0xB0, 0xC1, 0x7E, 0xAD, 0x1C, 0xD5, 0xB5, 0x54, 0x42, 0xAB,
    0x36, 0xCF, 0x5B, 0xB5, 0xAD, 0xDA, 0x8E, 0x8A, 0xC7, 0x2A, 0x97, 0xCE, 0xA5, 0x75, 0x7D, 0x7F,
    0xC7, 0x51, 0x9E, 0xAB, 0x6C, 0x56, 0x7E, 0xCD, 0x7A, 0x54, 0xCF, 0xFA, 0x96, 0x66, 0x29, 0xBE,
    0x35, 0xAA, 0x1D, 0x81, 0x9F, 0xAF, 0x7B, 0x54, 0xF7, 0xAA, 0x2F, 0x71, 0x9E, 0xDA, 0xF9, 0x52,
    0x43, 0x38, 0xCA, 0xF3, 0xA7, 0x46, 0x4E, 0xCE, 0xDD, 0xAC, 0xC6, 0xDB, 0x1F, 0x22, 0xD2, 0x33,
    0x32, 0xF0, 0xF4, 0xA5, 0x55, 0x7F, 0x94, 0x7E, 0x0A, 0x7F, 0xD7, 0x54, 0x6F, 0x3B, 0xA8, 0xD0,
    0xF5, 0xE0, 0xAD, 0xFE, 0xC4, 0x17, 0x39, 0x50, 0x4A, 0x12, 0x23, 0xF5, 0xE1, 0xDF, 0xB4, 0x1B,
    0x9F, 0xF7, 0xBF, 0x65, 0xBD, 0x54, 0xBF, 0xDE, 0x69, 0xAA, 0xF0, 0x3D, 0xF7, 0xC6, 0x1F, 0x59,
    0x22, 0x2C, 0x2B, 0x96, 0x9E, 0x5A, 0xF6, 0x9F, 0x02, 0x87, 0x70, 0x18, 0x7F, 0xE8, 0x39, 0xB5,
    0xBA, 0xDF, 0x24, 0x09, 0xD7, 0x4B, 0xCB, 0xBA, 0xA2, 0x1E, 0x51, 0x8F, 0x28, 0x9B, 0x18, 0xF1,
    0x6A, 0xEC, 0xB7, 0x78, 0x4A, 0x42, 0x2A, 0x66, 0x37, 0xF1, 0x9C, 0xF5, 0x3D, 0xE7, 0xBD, 0x25,
    0xE9, 0xBC, 0xBF, 0xDF, 0x5E, 0x8B, 0xE8, 0x34, 0x09, 0x1F, 0x89, 0x04, 0x01, 0xFD, 0x83, 0xC4,
    0x4C, 0x39, 0x2E, 0xC1, 0xC8, 0xFD, 0x92, 0xB4, 0xF2, 0x1F, 0xFB, 0xFF, 0xFF, 0xFF, 0x1F, 0x18,
    0x06, 0x00, 0xBD, 0xD3, 0x01, 0x66, 0x05, 0x41, 0x0C, 0x80, 0xE1, 0x9F, 0x39, 0x40, 0x2E, 0x54,
    0x72, 0xF5, 0xD0, 0x03, 0xF4, 0x2A, 0x73, 0x80, 0xF0, 0xD7, 0x88, 0xF6, 0x3D, 0xB6, 0x85, 0xEA,
    0x5B, 0xF8, 0x3F, 0x04, 0x23, 0x1B, 0x4B, 0x58, 0x29, 0x29, 0x8A, 0x8B, 0x5E, 0x34, 0x6B, 0x73,
    0xED, 0xB2, 0xC3, 0xAD, 0xED, 0x57, 0x99, 0xE9, 0x2B, 0x1A, 0x16, 0xA4, 0x51, 0xB8, 0xA2, 0x68,
    0x4E, 0x80, 0x47, 0x96, 0x1D, 0xE5, 0x77, 0x68, 0xFE, 0x2D, 0xE1, 0x47, 0x5D, 0x1F, 0x7F, 0xCE,
    0x4B, 0x1F, 0xAF, 0x14, 0xE6, 0x22, 0xC9, 0xDC, 0x24, 0x6B, 0xBE, 0x4B, 0x32, 0x72, 0x71, 0xAE,
    0x13, 0x68, 0xFB, 0xEC, 0xCC, 0xEF, 0x77, 0xF6, 0x88, 0x59, 0x23, 0x66, 0x8B, 0x98, 0xE1, 0xCF,
    0xCC, 0x02, 0xA1, 0xED, 0x83, 0x99, 0xDD, 0xC0, 0x72, 0x43, 0x2A, 0x64, 0xF9, 0xDB, 0x75, 0xD2,
    0xDD, 0xE8, 0xE4, 0xEF, 0x37, 0x9E, 0xFF, 0xE6, 0xC4, 0xDD, 0xE0, 0x86, 0x65, 0x01, 0x84, 0x7D,
    0xC8, 0x75, 0xA0, 0xC9, 0x2B, 0x6F, 0x87, 0x65, 0xA3, 0x95, 0x1A, 0x5A, 0xBE, 0xF7, 0xA1, 0x81,
    0x84, 0x3D, 0xF4, 0xE0, 0x90, 0x9B, 0x43, 0x58, 0x07, 0xDC, 0x1C, 0xA2, 0x39, 0xE0, 0x90, 0x57,
    0x36, 0x92, 0x85, 0x36, 0x61, 0xE9, 0x66, 0x59, 0x9F, 0x55, 0x8F, 0x81, 0x09, 0x43, 0x41, 0x0C,
    0x42, 0x85, 0x0C, 0x90, 0x91, 0xBA, 0x7A, 0x46, 0xBA, 0x01, 0x04, 0x2B, 0x0A, 0xD0, 0x7E, 0xFE,
    0xF1, 0x92, 0x53, 0xD0, 0x03, 0x30, 0xE8, 0xB7, 0x57, 0x7E, 0x5E, 0x29, 0x06, 0x23, 0x55, 0x96,
    0x2E, 0xF2, 0xD5, 0xC0, 0xFC, 0x18, 0x2F, 0x32, 0x97, 0x63, 0xC9, 0x32, 0x15, 0x83, 0x64, 0x12,
    0x13, 0x0A, 0x6B, 0x22, 0xA3, 0x68, 0x3E, 0xF9, 0xAC, 0xE7, 0xED, 0xDD, 0x4D, 0x09, 0x84, 0x04,
    0xBC, 0xD8, 0x92, 0xD8, 0x04, 0x8F, 0x5E, 0x8B, 0x58, 0xE7, 0x6F, 0x8F, 0x3D, 0xC7, 0xA6, 0x88,
    0xFE, 0x7A, 0x23, 0x72, 0x0C, 0x41, 0xDF, 0xF9, 0x05,
};

static const EpdGlyph notosans_16_regularGlyphs[] = {
    { 1, 1, 0, 0, 1, 1, 0 }, // U+0000
    { 1, 1, 144, 0, 1, 1, 1 }, // U+000D
    { 1, 1, 144, 0, 1, 1, 2 }, // U+0020
    { 4, 24, 144, 2, 24, 24, 3 }, // !
    { 9, 9, 208, 2, 24, 21, 27 }, // "
    { 19, 24, 336, 1, 24, 114, 48 }, // #
    { 15, 27, 304, 2, 25, 102, 162 }, // $
    { 24, 24, 432, 2, 24, 144, 264 }, // %
    { 22, 24, 384, 2, 24, 132, 408 }, // &
    { 3, 9, 112, 2, 24, 7, 540 }, // '
    { 8, 29, 160, 1, 24, 58, 547 }, // (
    { 8, 29, 160, 1, 24, 58, 605 }, // )
    { 16, 15, 288, 1, 25, 60, 663 }, // *
    { 15, 16, 304, 2, 20, 60, 723 }, // +
    { 5, 8, 144, 1, 4, 10, 783 }, // ,
    { 8, 2, 176, 1, 10, 4, 793 }, // -
    { 4, 4, 144, 2, 4, 4, 797 }, // .
    { 12, 24, 192, 0, 24, 72, 801 }, // /
    { 15, 24, 304, 2, 24, 90, 873 }, // 0
    { 9, 24, 240, 1, 24, 54, 963 }, // 1
    { 16, 24, 288, 1, 24, 96, 1017 }, // 2
    { 16, 24, 304, 1, 24, 96, 1113 }, // 3
    { 17, 24, 304, 1, 24, 102, 1209 }, // 4
    { 15, 24, 304, 2, 24, 90, 1311 }, // 5
    { 15, 24, 304, 2, 24, 90, 1401 }, // 6
    { 16, 24, 272, 0, 24, 96, 1491 }, // 7
    { 16, 24, 304, 2, 24, 96, 1587 }, // 8
    { 15, 24, 304, 2, 24, 90, 1683 }, // 9
    { 4, 18, 144, 2, 18, 18, 1773 }, // :
    { 5, 22, 144, 1, 18, 28, 1791 }, // ;
    { 15, 16, 304, 2, 20, 60, 1819 }, // <
    { 15, 9, 304, 2, 16, 34, 1879 }, // =
    { 15, 16, 304, 2, 20, 60, 1913 }, // >
    { 13, 24, 224, 0, 24, 78, 1973 }, // ?
    { 26, 27, 480, 2, 24, 176, 2051 }, // @
    { 21, 24, 336, 0, 24, 126, 2227 }, // A
    { 17, 24, 336, 3, 24, 102, 2353 }, // B
    { 18, 24, 336, 2, 24, 108, 2455 }, // C
    { 19, 24, 384, 3, 24, 114, 2563 }, // D
    { 13, 24, 288, 3, 24, 78, 2677 }, // E
    { 13, 24, 272, 3, 24, 78, 2755 }, // F
    { 20, 24, 384, 2, 24, 120, 2833 }, // G
    { 18, 24, 384, 3, 24, 108, 2953 }, // H
    { 9, 24, 176, 1, 24, 54, 3061 }, // I
    { 9, 30, 144, -3, 24, 68, 3115 }, // J
    { 17, 24, 320, 3, 24, 102, 3183 }, // K
    { 13, 24, 272, 3, 24, 78, 3285 }, // L
    { 24, 24, 480, 3, 24, 144, 3363 }, // M
    { 19, 24, 400, 3, 24, 114, 3507 }, // N
    { 22, 24, 416, 2, 24, 132, 3621 }, // O
    { 15, 24, 320, 3, 24, 90, 3753 }, // P
    { 22, 30, 416, 2, 24, 165, 3843 }, // Q
    { 17, 24, 336, 3, 24, 102, 4008 }, // R
    { 15, 24, 288, 2, 24, 90, 4110 }, // S
    { 18, 24, 288, 0, 24, 108, 4200 }, // T
    { 18, 24, 384, 3, 24, 108, 4308 }, // U
    { 20, 24, 320, 0, 24, 120, 4416 }, // V
    { 30, 24, 496, 0, 24, 180, 4536 }, // W
    { 19, 24, 304, 0, 24, 114, 4716 }, // X
    { 19, 24, 304, 0, 24, 114, 4830 }, // Y
    { 17, 24, 304, 1, 24, 102, 4944 }, // Z
    { 7, 29, 176, 3, 24, 51, 5046 }, // [
    { 12, 24, 192, 0, 24, 72, 5097 }, // <backslash>
    { 7, 29, 176, 1, 24, 51, 5169 }, // ]
    { 17, 15, 304, 1, 24, 64, 5220 }, // ^
    { 15, 2, 240, 0, -3, 8, 5284 }, // _
    { 7, 5, 144, 1, 25, 9, 5292 }, // `
    { 14, 18, 304, 2, 18, 63, 5301 }, // a
    { 15, 25, 320, 3, 25, 94, 5364 }, // b
    { 13, 18, 256, 2, 18, 59, 5458 }, // c
    { 15, 25, 320, 2, 25, 94, 5517 }, // d
    { 15, 18, 304, 2, 18, 68, 5611 }, // e
    { 13, 25, 176, 0, 25, 82, 5679 }, // f
    { 15, 26, 320, 2, 18, 98, 5761 }, // g
    { 15, 25, 320, 3, 25, 94, 5859 }, // h
    { 3, 24, 144, 3, 24, 18, 5953 }, // i
    { 8, 32, 144, -2, 24, 64, 5971 }, // j
    { 14, 25, 288, 3, 25, 88, 6035 }, // k
    { 3, 25, 144, 3, 25, 19, 6123 }, // l
    { 25, 18, 496, 3, 18, 113, 6142 }, // m
    { 15, 18, 320, 3, 18, 68, 6255 }, // n
    { 16, 18, 320, 2, 18, 72, 6323 }, // o
    { 15, 26, 320, 3, 18, 98, 6395 }, // p
    { 15, 26, 320, 2, 18, 98, 6493 }, // q
    { 10, 18, 224, 3, 18, 45, 6591 }, // r
    { 12, 18, 256, 2, 18, 54, 6636 }, // s
    { 10, 22, 192, 1, 22, 55, 6690 }, // t
    { 15, 18, 320, 3, 18, 68, 6745 }, // u
    { 17, 18, 272, 0, 18, 77, 6813 }, // v
    { 26, 18, 416, 0, 18, 117, 6890 }, // w
    { 16, 18, 272, 1, 18, 72, 7007 }, // x
    { 17, 26, 272, 0, 18, 111, 7079 }, // y
    { 13, 18, 256, 1, 18, 59, 7190 }, // z
    { 10, 29, 208, 1, 24, 73, 7249 }, // {
    { 2, 33, 288, 8, 25, 17, 7322 }, // |
    { 11, 29, 208, 1, 24, 80, 7339 }, // }
    { 15, 5, 304, 2, 14, 19, 7419 }, // ~
    { 1, 1, 144, 0, 1, 1, 0 }, // U+00A0
    { 4, 24, 144, 2, 18, 24, 1 }, // U+00A1
    { 13, 24, 304, 3, 24, 78, 25 }, // U+00A2
    { 17, 24, 304, 1, 24, 102, 103 }, // U+00A3
    { 15, 15, 304, 2, 19, 57, 205 }, // U+00A4
    { 18, 24, 304, 0, 24, 108, 262 }, // U+00A5
    { 2, 33, 288, 8, 25, 17, 370 }, // U+00A6
    { 13, 25, 272, 2, 25, 82, 387 }, // U+00A7
    { 9, 3, 304, 5, 24, 7, 469 }, // U+00A8
    { 24, 24, 432, 2, 24, 144, 476 }, // U+00A9
    { 9, 11, 192, 1, 24, 25, 620 }, // U+00AA
    { 15, 14, 272, 1, 16, 53, 645 }, // U+00AB
    { 15, 9, 304, 2, 13, 34, 698 }, // U+00AC
    { 8, 2, 176, 1, 10, 4, 732 }, // U+00AD
    { 24, 24, 432, 2, 24, 144, 736 }, // U+00AE
    { 17, 2, 272, 0, 27, 9, 880 }, // U+00AF
    { 10, 10, 224, 2, 24, 25, 889 }, // U+00B0
    { 15, 20, 304, 2, 20, 75, 914 }, // U+00B1
    { 9, 14, 192, 1, 28, 32, 989 }, // U+00B2
    { 10, 15, 192, 1, 28, 38, 1021 }, // U+00B3
    { 7, 5, 144, 1, 25, 9, 1059 }, // U+00B4
    { 15, 26, 336, 3, 18, 98, 1068 }, // U+00B5
    { 16, 29, 352, 2, 25, 116, 1166 }, // U+00B6
    { 4, 4, 144, 2, 14, 4, 1282 }, // U+00B7
    { 7, 8, 112, 0, 0, 14, 1286 }, // U+00B8
    { 7, 14, 192, 1, 28, 25, 1300 }, // U+00B9
    { 10, 11, 192, 1, 24, 28, 1325 }, // U+00BA
    { 14, 14, 272, 1, 16, 49, 1353 }, // U+00BB
    { 23, 24, 400, 1, 24, 138, 1402 }, // U+00BC
    { 23, 24, 400, 1, 24, 138, 1540 }, // U+00BD
    { 25, 24, 416, 0, 24, 150, 1678 }, // U+00BE
    { 13, 24, 224, 1, 18, 78, 1828 }, // U+00BF
    { 21, 31, 336, 0, 31, 163, 1906 }, // U+00C0
    { 21, 31, 336, 0, 31, 163, 2069 }, // U+00C1
    { 21, 31, 336, 0, 31, 163, 2232 }, // U+00C2
    { 21, 30, 336, 0, 30, 158, 2395 }, // U+00C3
    { 21, 30, 336, 0, 30, 158, 2553 }, // U+00C4
    { 21, 29, 336, 0, 29, 153, 2711 }, // U+00C5
    { 27, 24, 464, 0, 24, 162, 2864 }, // U+00C6
    { 18, 32, 336, 2, 24, 144, 3026 }, // U+00C7
    { 13, 31, 288, 3, 31, 101, 3170 }, // U+00C8
    { 13, 31, 288, 3, 31, 101, 3271 }, // U+00C9
    { 13, 31, 288, 3, 31, 101, 3372 }, // U+00CA
    { 13, 30, 288, 3, 30, 98, 3473 }, // U+00CB
    { 9, 31, 176, 1, 31, 70, 3571 }, // U+00CC
    { 10, 31, 176, 1, 31, 78, 3641 }, // U+00CD
    { 11, 31, 176, 0, 31, 86, 3719 }, // U+00CE
    { 9, 30, 176, 1, 30, 68, 3805 }, // U+00CF
    { 21, 24, 384, 1, 24, 126, 3873 }, // U+00D0
    { 19, 30, 400, 3, 30, 143, 3999 }, // U+00D1
    { 22, 31, 416, 2, 31, 171, 4142 }, // U+00D2
    { 22, 31, 416, 2, 31, 171, 4313 }, // U+00D3
    { 22, 31, 416, 2, 31, 171, 4484 }, // U+00D4
    { 22, 30, 416, 2, 30, 165, 4655 }, // U+00D5
    { 22, 30, 416, 2, 30, 165, 4820 }, // U+00D6
    { 15, 15, 304, 2, 19, 57, 4985 }, // U+00D7
    { 22, 26, 416, 2, 25, 143, 5042 }, // U+00D8
    { 18, 31, 384, 3, 31, 140, 5185 }, // U+00D9
    { 18, 31, 384, 3, 31, 140, 5325 }, // U+00DA
    { 18, 31, 384, 3, 31, 140, 5465 }, // U+00DB
    { 18, 30, 384, 3, 30, 135, 5605 }, // U+00DC
    { 19, 31, 304, 0, 31, 148, 5740 }, // U+00DD
    { 15, 24, 320, 3, 24, 90, 5888 }, // U+00DE
    { 16, 25, 336, 3, 25, 100, 5978 }, // U+00DF
    { 14, 25, 304, 2, 25, 88, 6078 }, // U+00E0
    { 14, 25, 304, 2, 25, 88, 6166 }, // U+00E1
    { 14, 25, 304, 2, 25, 88, 6254 }, // U+00E2
    { 14, 24, 304, 2, 24, 84, 6342 }, // U+00E3
    { 14, 24, 304, 2, 24, 84, 6426 }, // U+00E4
    { 14, 27, 304, 2, 27, 95, 6510 }, // U+00E5
    { 25, 18, 464, 2, 18, 113, 6605 }, // U+00E6
    { 13, 26, 256, 2, 18, 85, 6718 }, // U+00E7
    { 15, 25, 304, 2, 25, 94, 6803 }, // U+00E8
    { 15, 25, 304, 2, 25, 94, 6897 }, // U+00E9
    { 15, 25, 304, 2, 25, 94, 6991 }, // U+00EA
    { 15, 24, 304, 2, 24, 90, 7085 }, // U+00EB
    { 7, 25, 144, 0, 25, 44, 7175 }, // U+00EC
    { 7, 25, 144, 2, 25, 44, 7219 }, // U+00ED
    { 11, 25, 144, -1, 25, 69, 7263 }, // U+00EE
    { 9, 24, 144, 0, 24, 54, 7332 }, // U+00EF
    { 16, 25, 320, 2, 25, 100, 7386 }, // U+00F0
    { 15, 24, 320, 3, 24, 90, 7486 }, // U+00F1
    { 16, 25, 320, 2, 25, 100, 7576 }, // U+00F2
    { 16, 25, 320, 2, 25, 100, 7676 }, // U+00F3
    { 16, 25, 320, 2, 25, 100, 7776 }, // U+00F4
    { 16, 24, 320, 2, 24, 96, 7876 }, // U+00F5
    { 16, 24, 320, 2, 24, 96, 7972 }, // U+00F6
    { 15, 15, 304, 2, 19, 57, 8068 }, // U+00F7
    { 16, 20, 320, 2, 19, 80, 8125 }, // U+00F8
    { 15, 25, 320, 3, 25, 94, 8205 }, // U+00F9
    { 15, 25, 320, 3, 25, 94, 8299 }, // U+00FA
    { 15, 25, 320, 3, 25, 94, 8393 }, // U+00FB
    { 15, 24, 320, 3, 24, 90, 8487 }, // U+00FC
    { 17, 33, 272, 0, 25, 141, 8577 }, // U+00FD
    { 15, 33, 320, 3, 25, 124, 8718 }, // U+00FE
    { 17, 32, 272, 0, 24, 136, 8842 }, // U+00FF
    { 21, 28, 336, 0, 28, 147, 0 }, // U+0100
    { 14, 22, 304, 2, 22, 77, 147 }, // U+0101
    { 21, 30, 336, 0, 30, 158, 224 }, // U+0102
    { 14, 24, 304, 2, 24, 84, 382 }, // U+0103
    { 21, 31, 336, 0, 24, 163, 466 }, // U+0104
    { 15, 25, 304, 2, 18, 94, 629 }, // U+0105
    { 18, 31, 336, 2, 31, 140, 723 }, // U+0106
    { 13, 25, 256, 2, 25, 82, 863 }, // U+0107
    { 18, 31, 336, 2, 31, 140, 945 }, // U+0108
    { 13, 25, 256, 2, 25, 82, 1085 }, // U+0109
    { 18, 30, 336, 2, 30, 135, 1167 }, // U+010A
    { 13, 24, 256, 2, 24, 78, 1302 }, // U+010B
    { 18, 31, 336, 2, 31, 140, 1380 }, // U+010C
    { 13, 25, 256, 2, 25, 82, 1520 }, // U+010D
    { 19, 31, 384, 3, 31, 148, 1602 }, // U+010E
    { 21, 25, 320, 2, 25, 132, 1750 }, // U+010F
    { 21, 24, 384, 1, 24, 126, 1882 }, // U+0110
    { 18, 25, 320, 2, 25, 113, 2008 }, // U+0111
    { 13, 28, 288, 3, 28, 91, 2121 }, // U+0112
    { 15, 22, 304, 2, 22, 83, 2212 }, // U+0113
    { 13, 30, 288, 3, 30, 98, 2295 }, // U+0114
    { 15, 24, 304, 2, 24, 90, 2393 }, // U+0115
    { 13, 30, 288, 3, 30, 98, 2483 }, // U+0116
    { 15, 24, 304, 2, 24, 90, 2581 }, // U+0117
    { 13, 31, 288, 3, 24, 101, 2671 }, // U+0118
    { 15, 25, 304, 2, 18, 94, 2772 }, // U+0119
    { 13, 31, 288, 3, 31, 101, 2866 }, // U+011A
    { 15, 25, 304, 2, 25, 94, 2967 }, // U+011B
    { 20, 31, 384, 2, 31, 155, 3061 }, // U+011C
    { 15, 33, 320, 2, 25, 124, 3216 }, // U+011D
    { 20, 30, 384, 2, 30, 150, 3340 }, // U+011E
    { 15, 32, 320, 2, 24, 120, 3490 }, // U+011F
    { 20, 30, 384, 2, 30, 150, 3610 }, // U+0120
    { 15, 32, 320, 2, 24, 120, 3760 }, // U+0121
    { 20, 31, 384, 2, 24, 155, 3880 }, // U+0122
    { 15, 33, 320, 2, 25, 124, 4035 }, // U+0123
    { 18, 31, 384, 3, 31, 140, 4159 }, // U+0124
    { 19, 32, 320, -1, 32, 152, 4299 }, // U+0125
    { 24, 24, 384, 0, 24, 144, 4451 }, // U+0126
    { 18, 25, 320, 0, 25, 113, 4595 }, // U+0127
    { 12, 30, 176, 0, 30, 90, 4708 }, // U+0128
    { 12, 24, 144, -2, 24, 72, 4798 }, // U+0129
    { 10, 28, 176, 1, 28, 70, 4870 }, // U+012A
    { 10, 22, 144, -1, 22, 55, 4940 }, // U+012B
    { 11, 30, 176, 0, 30, 83, 4995 }, // U+012C
    { 10, 24, 144, -1, 24, 60, 5078 }, // U+012D
    { 9, 31, 176, 1, 24, 70, 5138 }, // U+012E
    { 5, 31, 144, 1, 24, 39, 5208 }, // U+012F
    { 9, 30, 176, 1, 30, 68, 5247 }, // U+0130
    { 3, 18, 144, 3, 18, 14, 5315 }, // U+0131
    { 16, 30, 320, 1, 24, 120, 5329 }, // U+0132
    { 11, 32, 272, 3, 24, 88, 5449 }, // U+0133
    { 13, 37, 144, -3, 31, 121, 5537 }, // U+0134
    { 12, 33, 144, -2, 25, 99, 5658 }, // U+0135
    { 17, 31, 320, 3, 24, 132, 5757 }, // U+0136
    { 14, 32, 288, 3, 25, 112, 5889 }, // U+0137
    { 14, 18, 288, 3, 18, 63, 6001 }, // U+0138
    { 13, 31, 272, 3, 31, 101, 6064 }, // U+0139
    { 7, 32, 144, 2, 32, 56, 6165 }, // U+013A
    { 13, 31, 272, 3, 24, 101, 6221 }, // U+013B
    { 4, 32, 144, 2, 25, 32, 6322 }, // U+013C
    { 13, 24, 272, 3, 24, 78, 6354 }, // U+013D
    { 8, 25, 144, 3, 25, 50, 6432 }, // U+013E
    { 13, 24, 272, 3, 24, 78, 6482 }, // U+013F
    { 7, 25, 144, 3, 25, 44, 6560 }, // U+0140
    { 16, 24, 272, 0, 24, 96, 6604 }, // U+0141
    { 9, 25, 144, 0, 25, 57, 6700 }, // U+0142
    { 19, 31, 400, 3, 31, 148, 6757 }, // U+0143
    { 15, 25, 320, 3, 25, 94, 6905 }, // U+0144
    { 19, 31, 400, 3, 24, 148, 6999 }, // U+0145
    { 15, 25, 320, 3, 18, 94, 7147 }, // U+0146
    { 19, 31, 400, 3, 31, 148, 7241 }, // U+0147
    { 15, 25, 320, 3, 25, 94, 7389 }, // U+0148
    { 20, 24, 368, 0, 24, 120, 7483 }, // U+0149
    { 19, 30, 400, 3, 24, 143, 7603 }, // U+014A
    { 15, 26, 320, 3, 18, 98, 7746 }, // U+014B
    { 22, 28, 416, 2, 28, 154, 7844 }, // U+014C
    { 16, 22, 320, 2, 22, 88, 7998 }, // U+014D
    { 22, 30, 416, 2, 30, 165, 8086 }, // U+014E
    { 16, 24, 320, 2, 24, 96, 8251 }, // U+014F
    { 22, 31, 416, 2, 31, 171, 8347 }, // U+0150
    { 16, 25, 320, 2, 25, 100, 8518 }, // U+0151
    { 27, 24, 496, 2, 24, 162, 8618 }, // U+0152
    { 28, 18, 496, 2, 18, 126, 8780 }, // U+0153
    { 17, 31, 336, 3, 31, 132, 8906 }, // U+0154
    { 10, 25, 224, 3, 25, 63, 9038 }, // U+0155
    { 17, 31, 336, 3, 24, 132, 9101 }, // U+0156
    { 11, 25, 224, 2, 18, 69, 9233 }, // U+0157
    { 17, 31, 336, 3, 31, 132, 9302 }, // U+0158
    { 11, 25, 224, 2, 25, 69, 9434 }, // U+0159
    { 15, 31, 288, 2, 31, 117, 9503 }, // U+015A
    { 12, 25, 256, 2, 25, 75, 9620 }, // U+015B
    { 15, 31, 288, 2, 31, 117, 9695 }, // U+015C
    { 12, 25, 256, 2, 25, 75, 9812 }, // U+015D
    { 15, 32, 288, 2, 24, 120, 9887 }, // U+015E
    { 12, 26, 256, 2, 18, 78, 10007 }, // U+015F
    { 15, 31, 288, 2, 31, 117, 10085 }, // U+0160
    { 12, 25, 256, 2, 25, 75, 10202 }, // U+0161
    { 18, 32, 288, 0, 24, 144, 10277 }, // U+0162
    { 10, 30, 192, 1, 22, 75, 10421 }, // U+0163
    { 18, 31, 288, 0, 31, 140, 10496 }, // U+0164
    { 15, 25, 192, 1, 25, 94, 10636 }, // U+0165
    { 18, 24, 288, 0, 24, 108, 10730 }, // U+0166
    { 10, 22, 192, 1, 22, 55, 10838 }, // U+0167
    { 18, 30, 384, 3, 30, 135, 10893 }, // U+0168
    { 15, 24, 320, 3, 24, 90, 11028 }, // U+0169
    { 18, 28, 384, 3, 28, 126, 11118 }, // U+016A
    { 15, 22, 320, 3, 22, 83, 11244 }, // U+016B
    { 18, 30, 384, 3, 30, 135, 11327 }, // U+016C
    { 15, 24, 320, 3, 24, 90, 11462 }, // U+016D
    { 18, 33, 384, 3, 33, 149, 11552 }, // U+016E
    { 15, 27, 320, 3, 27, 102, 11701 }, // U+016F
    { 18, 31, 384, 3, 31, 140, 11803 }, // U+0170
    { 15, 25, 320, 3, 25, 94, 11943 }, // U+0171
    { 18, 31, 384, 3, 24, 140, 12037 }, // U+0172
    { 15, 25, 320, 3, 18, 94, 12177 }, // U+0173
    { 30, 31, 496, 0, 31, 233, 12271 }, // U+0174
    { 26, 25, 416, 0, 25, 163, 12504 }, // U+0175
    { 19, 31, 304, 0, 31, 148, 12667 }, // U+0176
    { 17, 33, 272, 0, 25, 141, 12815 }, // U+0177
    { 19, 30, 304, 0, 30, 143, 12956 }, // U+0178
    { 17, 31, 304, 1, 31, 132, 13099 }, // U+0179
    { 13, 25, 256, 1, 25, 82, 13231 }, // U+017A
    { 17, 30, 304, 1, 30, 128, 13313 }, // U+017B
    { 13, 24, 256, 1, 24, 78, 13441 }, // U+017C
    { 17, 31, 304, 1, 31, 132, 13519 }, // U+017D
    { 13, 25, 256, 1, 25, 82, 13651 }, // U+017E
    { 9, 25, 176, 3, 25, 57, 13733 }, // U+017F
    { 25, 25, 416, 2, 25, 157, 0 }, // U+01A0
    { 19, 20, 320, 2, 20, 95, 157 }, // U+01A1
    { 24, 25, 416, 3, 25, 150, 252 }, // U+01AF
    { 20, 20, 352, 3, 20, 100, 402 }, // U+01B0
    { 38, 31, 688, 3, 31, 295, 502 }, // U+01C4
    { 35, 25, 640, 3, 25, 219, 797 }, // U+01C5
    { 33, 25, 576, 2, 25, 207, 1016 }, // U+01C6
    { 20, 30, 416, 3, 24, 150, 1223 }, // U+01C7
    { 20, 32, 416, 3, 24, 160, 1373 }, // U+01C8
    { 11, 33, 272, 3, 25, 91, 1533 }, // U+01C9
    { 28, 30, 544, 3, 24, 210, 1624 }, // U+01CA
    { 28, 32, 544, 3, 24, 224, 1834 }, // U+01CB
    { 23, 32, 464, 3, 24, 184, 2058 }, // U+01CC
    { 21, 31, 336, 0, 31, 163, 2242 }, // U+01CD
    { 14, 25, 304, 2, 25, 88, 2405 }, // U+01CE
    { 11, 31, 176, 0, 31, 86, 2493 }, // U+01CF
    { 11, 25, 144, -1, 25, 69, 2579 }, // U+01D0
    { 22, 31, 416, 2, 31, 171, 2648 }, // U+01D1
    { 16, 25, 320, 2, 25, 100, 2819 }, // U+01D2
    { 18, 31, 384, 3, 31, 140, 2919 }, // U+01D3
    { 15, 25, 320, 3, 25, 94, 3059 }, // U+01D4
    { 18, 33, 384, 3, 33, 149, 3153 }, // U+01D5
    { 15, 28, 320, 3, 28, 105, 3302 }, // U+01D6
    { 18, 35, 384, 3, 35, 158, 3407 }, // U+01D7
    { 15, 29, 320, 3, 29, 109, 3565 }, // U+01D8
    { 18, 35, 384, 3, 35, 158, 3674 }, // U+01D9
    { 15, 29, 320, 3, 29, 109, 3832 }, // U+01DA
    { 18, 35, 384, 3, 35, 158, 3941 }, // U+01DB
    { 15, 29, 320, 3, 29, 109, 4099 }, // U+01DC
    { 15, 18, 304, 2, 18, 68, 4208 }, // U+01DD
    { 21, 33, 336, 0, 33, 174, 4276 }, // U+01DE
    { 14, 28, 304, 2, 28, 98, 4450 }, // U+01DF
    { 21, 33, 336, 0, 33, 174, 4548 }, // U+01E0
    { 14, 28, 304, 2, 28, 98, 4722 }, // U+01E1
    { 27, 28, 464, 0, 28, 189, 4820 }, // U+01E2
    { 25, 22, 464, 2, 22, 138, 5009 }, // U+01E3
    { 22, 24, 384, 2, 24, 132, 5147 }, // U+01E4
    { 17, 26, 320, 2, 18, 111, 5279 }, // U+01E5
    { 20, 31, 384, 2, 31, 155, 5390 }, // U+01E6
    { 15, 33, 320, 2, 25, 124, 5545 }, // U+01E7
    { 17, 31, 320, 3, 31, 132, 5669 }, // U+01E8
    { 18, 32, 288, -1, 32, 144, 5801 }, // U+01E9
    { 22, 31, 416, 2, 24, 171, 5945 }, // U+01EA
    { 16, 25, 320, 2, 18, 100, 6116 }, // U+01EB
    { 22, 35, 416, 2, 28, 193, 6216 }, // U+01EC
    { 16, 29, 320, 2, 22, 116, 6409 }, // U+01ED
    { 16, 31, 304, 1, 31, 124, 6525 }, // U+01EE
    { 15, 33, 256, 0, 25, 124, 6649 }, // U+01EF
    { 12, 33, 144, -2, 25, 99, 6773 }, // U+01F0
    { 38, 24, 688, 3, 24, 228, 6872 }, // U+01F1
    { 35, 24, 640, 3, 24, 210, 7100 }, // U+01F2
    { 33, 25, 576, 2, 25, 207, 7310 }, // U+01F3
    { 20, 31, 384, 2, 31, 155, 7517 }, // U+01F4
    { 15, 33, 320, 2, 25, 124, 7672 }, // U+01F5
    { 25, 24, 496, 3, 24, 150, 7796 }, // U+01F6
    { 17, 32, 352, 3, 24, 136, 7946 }, // U+01F7
    { 19, 31, 400, 3, 31, 148, 8082 }, // U+01F8
    { 15, 25, 320, 3, 25, 94, 8230 }, // U+01F9
    { 21, 32, 336, 0, 32, 168, 8324 }, // U+01FA
    { 14, 32, 304, 2, 32, 112, 8492 }, // U+01FB
    { 27, 31, 464, 0, 31, 210, 8604 }, // U+01FC
    { 25, 25, 464, 2, 25, 157, 8814 }, // U+01FD
    { 22, 32, 416, 2, 31, 176, 8971 }, // U+01FE
    { 16, 26, 320, 2, 25, 104, 9147 }, // U+01FF
    { 21, 31, 336, 0, 31, 163, 9251 }, // U+0200
    { 14, 25, 304, 2, 25, 88, 9414 }, // U+0201
    { 21, 30, 336, 0, 30, 158, 9502 }, // U+0202
    { 14, 24, 304, 2, 24, 84, 9660 }, // U+0203
    { 13, 31, 288, 3, 31, 101, 9744 }, // U+0204
    { 15, 25, 304, 2, 25, 94, 9845 }, // U+0205
    { 13, 30, 288, 3, 30, 98, 9939 }, // U+0206
    { 15, 24, 304, 2, 24, 90, 10037 }, // U+0207
    { 12, 31, 176, -2, 31, 93, 10127 }, // U+0208
    { 12, 25, 144, -3, 25, 75, 10220 }, // U+0209
    { 11, 30, 176, 0, 30, 83, 10295 }, // U+020A
    { 10, 24, 144, -1, 24, 60, 10378 }, // U+020B
    { 22, 31, 416, 2, 31, 171, 10438 }, // U+020C
    { 16, 25, 320, 2, 25, 100, 10609 }, // U+020D
    { 22, 30, 416, 2, 30, 165, 10709 }, // U+020E
    { 16, 24, 320, 2, 24, 96, 10874 }, // U+020F
    { 17, 31, 336, 3, 31, 132, 10970 }, // U+0210
    { 12, 25, 224, 1, 25, 75, 11102 }, // U+0211
    { 17, 30, 336, 3, 30, 128, 11177 }, // U+0212
    { 10, 24, 224, 3, 24, 60, 11305 }, // U+0213
    { 18, 31, 384, 3, 31, 140, 11365 }, // U+0214
    { 15, 25, 320, 3, 25, 94, 11505 }, // U+0215
    { 18, 30, 384, 3, 30, 135, 11599 }, // U+0216
    { 15, 24, 320, 3, 24, 90, 11734 }, // U+0217
    { 15, 31, 288, 2, 24, 117, 11824 }, // U+0218
    { 12, 25, 256, 2, 18, 75, 11941 }, // U+0219
    { 18, 31, 288, 0, 24, 140, 12016 }, // U+021A
    { 10, 29, 192, 1, 22, 73, 12156 }, // U+021B
    { 16, 30, 304, 1, 24, 120, 12229 }, // U+021C
    { 14, 26, 256, 1, 18, 91, 12349 }, // U+021D
    { 18, 31, 384, 3, 31, 140, 12440 }, // U+021E
    { 19, 32, 320, -1, 32, 152, 12580 }, // U+021F
    { 6, 5, 0, -16, 25, 8, 0 }, // U+0300
    { 7, 5, 0, -11, 25, 9, 8 }, // U+0301
    { 12, 5, 0, -6, 25, 15, 17 }, // U+0302
    { 12, 4, 0, -16, 24, 12, 32 }, // U+0303
    { 10, 2, 0, -5, 22, 5, 44 }, // U+0304
    { 14, 3, 0, -7, 28, 11, 49 }, // U+0305
    { 10, 4, 0, -5, 24, 10, 60 }, // U+0306
    { 4, 3, 0, -2, 24, 3, 70 }, // U+0307
    { 10, 3, 0, -5, 24, 8, 73 }, // U+0308
    { 6, 8, 0, -12, 27, 12, 81 }, // U+0309
    { 8, 7, 0, -4, 27, 14, 93 }, // U+030A
    { 12, 5, 0, -4, 25, 15, 107 }, // U+030B
    { 12, 5, 0, -6, 25, 15, 122 }, // U+030C
    { 2, 5, 0, -1, 25, 3, 137 }, // U+030D
    { 8, 5, 0, -4, 25, 10, 140 }, // U+030E
    { 12, 5, 0, -17, 25, 15, 150 }, // U+030F
    { 10, 8, 0, -5, 28, 20, 165 }, // U+0310
    { 10, 4, 0, -5, 24, 10, 185 }, // U+0311
    { 5, 9, 0, -3, 24, 12, 195 }, // U+0312
    { 5, 9, 0, -3, 24, 12, 207 }, // U+0313
    { 5, 9, 0, -3, 24, 12, 219 }, // U+0314
    { 5, 9, 0, -2, 24, 12, 231 }, // U+0315
    { 6, 5, 0, -3, -2, 8, 243 }, // U+0316
    { 6, 5, 0, -3, -2, 8, 251 }, // U+0317
    { 6, 6, 0, -3, -1, 9, 259 }, // U+0318
    { 6, 6, 0, -3, -1, 9, 268 }, // U+0319
    { 9, 8, 160, 0, 25, 18, 277 }, // U+031A
    { 7, 7, 0, -3, 25, 13, 295 }, // U+031B
    { 4, 7, 0, -2, 0, 7, 308 }, // U+031C
    { 6, 5, 0, -3, -2, 8, 315 }, // U+031D
    { 6, 5, 0, -3, -2, 8, 323 }, // U+031E
    { 6, 7, 0, -3, -1, 11, 331 }, // U+031F
    { 8, 2, 0, -4, -3, 4, 342 }, // U+0320
    { 6, 9, 0, -6, 1, 14, 346 }, // U+0321
    { 6, 9, 0, 0, 1, 14, 360 }, // U+0322
    { 4, 4, 0, -12, -2, 4, 374 }, // U+0323
    { 10, 3, 0, -5, -3, 8, 378 }, // U+0324
    { 8, 7, 0, -4, 0, 14, 386 }, // U+0325
    { 4, 5, 0, -2, -2, 5, 400 }, // U+0326
    { 6, 8, 0, -3, 0, 12, 405 }, // U+0327
    { 6, 8, 0, -3, 1, 12, 417 }, // U+0328
    { 2, 5, 0, -1, -1, 3, 429 }, // U+0329
    { 12, 5, 0, -6, -2, 15, 432 }, // U+032A
    { 12, 4, 0, -6, -2, 12, 447 }, // U+032B
    { 12, 5, 0, -6, -2, 15, 459 }, // U+032C
    { 12, 5, 0, -6, -2, 15, 474 }, // U+032D
    { 10, 4, 0, -5, -2, 10, 489 }, // U+032E
    { 10, 4, 0, -5, -2, 10, 499 }, // U+032F
    { 12, 4, 0, -6, -2, 12, 509 }, // U+0330
    { 10, 2, 0, -5, -3, 5, 521 }, // U+0331
    { 14, 2, 0, -7, -3, 7, 526 }, // U+0332
    { 14, 6, 0, -7, -1, 21, 533 }, // U+0333
    { 12, 4, 0, -6, 11, 12, 554 }, // U+0334
    { 14, 3, 0, -7, 11, 11, 566 }, // U+0335
    { 24, 3, 0, -12, 11, 18, 577 }, // U+0336
    { 10, 7, 0, -5, 13, 18, 595 }, // U+0337
    { 14, 27, 0, -7, 25, 95, 613 }, // U+0338
    { 4, 7, 0, -2, 0, 7, 708 }, // U+0339
    { 12, 5, 0, -6, -2, 15, 715 }, // U+033A
    { 12, 7, 0, -6, -1, 21, 730 }, // U+033B
    { 12, 4, 0, -6, -2, 12, 751 }, // U+033C
    { 6, 7, 0, -3, 26, 11, 763 }, // U+033D
    { 4, 10, 0, -2, 29, 10, 774 }, // U+033E
    { 14, 6, 0, -7, 32, 21, 784 }, // U+033F
    { 6, 5, 0, -5, 25, 8, 805 }, // U+0340
    { 6, 5, 0, -1, 25, 8, 813 }, // U+0341
    { 12, 4, 0, -6, 24, 12, 821 }, // U+0342
    { 4, 6, 0, -2, 26, 6, 833 }, // U+0343
    { 12, 6, 0, -5, 26, 18, 839 }, // U+0344
    { 4, 5, 0, -1, -3, 5, 857 }, // U+0345
    { 14, 5, 0, -7, 25, 18, 862 }, // U+0346
    { 14, 6, 0, -7, -1, 21, 880 }, // U+0347
    { 8, 5, 0, -4, -1, 10, 901 }, // U+0348
    { 6, 6, 0, -3, -2, 9, 911 }, // U+0349
    { 12, 6, 0, -6, 25, 18, 920 }, // U+034A
    { 12, 11, 0, -6, 30, 33, 938 }, // U+034B
    { 12, 8, 0, -6, 28, 24, 971 }, // U+034C
    { 12, 6, 0, -6, -1, 18, 995 }, // U+034D
    { 6, 7, 0, -3, -1, 11, 1013 }, // U+034E
    { 24, 24, 0, -12, 24, 144, 1024 }, // U+034F
    { 6, 7, 0, -3, 26, 11, 1168 }, // U+0350
    { 4, 7, 0, -2, 27, 7, 1179 }, // U+0351
    { 10, 8, 0, -5, 28, 20, 1186 }, // U+0352
    { 6, 6, 0, -3, -1, 9, 1206 }, // U+0353
    { 6, 7, 0, -3, -1, 11, 1215 }, // U+0354
    { 6, 7, 0, -3, -1, 11, 1226 }, // U+0355
    { 12, 7, 0, -6, -1, 21, 1237 }, // U+0356
    { 4, 7, 0, -2, 27, 7, 1258 }, // U+0357
    { 4, 3, 0, 4, 24, 3, 1265 }, // U+0358
    { 8, 7, 0, -4, -1, 14, 1268 }, // U+0359
    { 12, 7, 0, -6, -1, 21, 1282 }, // U+035A
    { 6, 6, 0, -3, 26, 9, 1303 }, // U+035B
    { 26, 7, 0, -13, -1, 46, 1312 }, // U+035C
    { 26, 7, 0, -13, 26, 46, 1358 }, // U+035D
    { 20, 1, 0, -10, 22, 5, 1404 }, // U+035E
    { 20, 1, 0, -10, -3, 5, 1409 }, // U+035F
    { 26, 4, 0, -13, 24, 26, 1414 }, // U+0360
    { 26, 6, 0, -13, 28, 39, 1440 }, // U+0361
    { 25, 6, 0, -12, -1, 38, 1479 }, // U+0362
    { 6, 8, 0, -3, 28, 12, 1517 }, // U+0363
    { 7, 8, 0, -3, 28, 14, 1529 }, // U+0364
    { 1, 10, 0, 0, 30, 3, 1543 }, // U+0365
    { 7, 8, 0, -3, 28, 14, 1546 }, // U+0366
    { 7, 8, 0, -3, 28, 14, 1560 }, // U+0367
    { 5, 8, 0, -2, 28, 10, 1574 }, // U+0368
    { 7, 10, 0, -3, 30, 18, 1584 }, // U+0369
    { 7, 10, 0, -3, 30, 18, 1602 }, // U+036A
    { 11, 8, 0, -5, 28, 22, 1620 }, // U+036B
    { 4, 8, 0, -1, 28, 8, 1642 }, // U+036C
    { 5, 9, 0, -2, 29, 12, 1650 }, // U+036D
    { 7, 8, 0, -3, 28, 14, 1662 }, // U+036E
    { 7, 8, 0, -3, 28, 14, 1676 }, // U+036F
    { 13, 31, 288, 3, 31, 101, 0 }, // U+0400
    { 13, 29, 288, 3, 29, 95, 101 }, // U+0401
    { 22, 24, 384, 0, 24, 132, 196 }, // U+0402
    { 13, 31, 272, 3, 31, 101, 328 }, // U+0403
    { 18, 24, 336, 2, 24, 108, 429 }, // U+0404
    { 15, 24, 288, 2, 24, 90, 537 }, // U+0405
    { 3, 24, 144, 3, 24, 18, 627 }, // U+0406
    { 7, 30, 144, 1, 30, 53, 645 }, // U+0407
    { 9, 30, 144, -3, 24, 68, 698 }, // U+0408
    { 32, 24, 528, 0, 24, 192, 766 }, // U+0409
    { 29, 24, 544, 3, 24, 174, 958 }, // U+040A
    { 22, 24, 384, 0, 24, 132, 1132 }, // U+040B
    { 17, 31, 336, 3, 31, 132, 1264 }, // U+040C
    { 19, 31, 400, 3, 31, 148, 1396 }, // U+040D
    { 20, 30, 320, 0, 30, 150, 1544 }, // U+040E
    { 18, 29, 384, 3, 24, 131, 1694 }, // U+040F
    { 21, 24, 336, 0, 24, 126, 1825 }, // U+0410
    { 16, 24, 320, 3, 24, 96, 1951 }, // U+0411
    { 17, 24, 336, 3, 24, 102, 2047 }, // U+0412
    { 13, 24, 272, 3, 24, 78, 2149 }, // U+0413
    { 24, 29, 384, 0, 24, 174, 2227 }, // U+0414
    { 13, 24, 288, 3, 24, 78, 2401 }, // U+0415
    { 30, 24, 480, 0, 24, 180, 2479 }, // U+0416
    { 16, 24, 304, 1, 24, 96, 2659 }, // U+0417
    { 19, 24, 400, 3, 24, 114, 2755 }, // U+0418
    { 19, 30, 400, 3, 30, 143, 2869 }, // U+0419
    { 17, 24, 336, 3, 24, 102, 3012 }, // U+041A
    { 20, 24, 368, 0, 24, 120, 3114 }, // U+041B
    { 24, 24, 480, 3, 24, 144, 3234 }, // U+041C
    { 18, 24, 400, 3, 24, 108, 3378 }, // U+041D
    { 21, 24, 400, 2, 24, 126, 3486 }, // U+041E
    { 18, 24, 384, 3, 24, 108, 3612 }, // U+041F
    { 15, 24, 320, 3, 24, 90, 3720 }, // U+0420
    { 18, 24, 336, 2, 24, 108, 3810 }, // U+0421
    { 18, 24, 288, 0, 24, 108, 3918 }, // U+0422
    { 20, 24, 320, 0, 24, 120, 4026 }, // U+0423
    { 23, 24, 432, 2, 24, 138, 4146 }, // U+0424
    { 19, 24, 304, 0, 24, 114, 4284 }, // U+0425
    { 21, 29, 384, 3, 24, 153, 4398 }, // U+0426
    { 17, 24, 352, 2, 24, 102, 4551 }, // U+0427
    { 28, 24, 544, 3, 24, 168, 4653 }, // U+0428
    { 31, 29, 544, 3, 24, 225, 4821 }, // U+0429
    { 21, 24, 368, 0, 24, 126, 5046 }, // U+042A
    { 22, 24, 448, 3, 24, 132, 5172 }, // U+042B
    { 15, 24, 320, 3, 24, 90, 5304 }, // U+042C
    { 17, 24, 336, 2, 24, 102, 5394 }, // U+042D
    { 28, 24, 528, 3, 24, 168, 5496 }, // U+042E
    { 17, 24, 336, 1, 24, 102, 5664 }, // U+042F
    { 15, 18, 288, 1, 18, 68, 5766 }, // U+0430
    { 16, 25, 320, 2, 25, 100, 5834 }, // U+0431
    { 14, 18, 304, 3, 18, 63, 5934 }, // U+0432
    { 11, 18, 224, 3, 18, 50, 5997 }, // U+0433
    { 20, 23, 320, 0, 18, 115, 6047 }, // U+0434
    { 15, 18, 288, 2, 18, 68, 6162 }, // U+0435
    { 25, 18, 400, 0, 18, 113, 6230 }, // U+0436
    { 14, 18, 256, 1, 18, 63, 6343 }, // U+0437
    { 15, 18, 336, 3, 18, 68, 6406 }, // U+0438
    { 15, 24, 336, 3, 24, 90, 6474 }, // U+0439
    { 14, 18, 288, 3, 18, 63, 6564 }, // U+043A
    { 17, 18, 304, 0, 18, 77, 6627 }, // U+043B
    { 20, 18, 400, 3, 18, 90, 6704 }, // U+043C
    { 14, 18, 320, 3, 18, 63, 6794 }, // U+043D
    { 16, 18, 320, 2, 18, 72, 6857 }, // U+043E
    { 14, 18, 320, 3, 18, 63, 6929 }, // U+043F
    { 15, 26, 320, 3, 18, 98, 6992 }, // U+0440
    { 13, 18, 256, 2, 18, 59, 7090 }, // U+0441
    { 15, 18, 240, 0, 18, 68, 7149 }, // U+0442
    { 17, 26, 272, 0, 18, 111, 7217 }, // U+0443
    { 21, 33, 384, 2, 25, 174, 7328 }, // U+0444
    { 17, 18, 272, 0, 18, 77, 7502 }, // U+0445
    { 17, 23, 320, 3, 18, 98, 7579 }, // U+0446
    { 15, 18, 304, 2, 18, 68, 7677 }, // U+0447
    { 24, 18, 480, 3, 18, 108, 7745 }, // U+0448
    { 26, 23, 480, 3, 18, 150, 7853 }, // U+0449
    { 19, 18, 336, 0, 18, 86, 8003 }, // U+044A
    { 19, 18, 400, 3, 18, 86, 8089 }, // U+044B
    { 14, 18, 288, 3, 18, 63, 8175 }, // U+044C
    { 14, 18, 256, 1, 18, 63, 8238 }, // U+044D
    { 22, 18, 416, 3, 18, 99, 8301 }, // U+044E
    { 15, 18, 304, 1, 18, 68, 8400 }, // U+044F
    { 15, 25, 288, 2, 25, 94, 8468 }, // U+0450
    { 15, 24, 288, 2, 24, 90, 8562 }, // U+0451
    { 18, 33, 320, 0, 25, 149, 8652 }, // U+0452
    { 11, 25, 224, 3, 25, 69, 8801 }, // U+0453
    { 13, 18, 256, 2, 18, 59, 8870 }, // U+0454
    { 13, 18, 240, 1, 18, 59, 8929 }, // U+0455
    { 3, 24, 144, 3, 24, 18, 8988 }, // U+0456
    { 7, 24, 144, 1, 24, 42, 9006 }, // U+0457
    { 8, 32, 144, -2, 24, 64, 9048 }, // U+0458
    { 27, 18, 448, 0, 18, 122, 9112 }, // U+0459
    { 25, 18, 464, 3, 18, 113, 9234 }, // U+045A
    { 18, 25, 336, 0, 25, 113, 9347 }, // U+045B
    { 14, 25, 288, 3, 25, 88, 9460 }, // U+045C
    { 15, 25, 336, 3, 25, 94, 9548 }, // U+045D
    { 17, 32, 272, 0, 24, 136, 9642 }, // U+045E
    { 14, 23, 320, 3, 18, 81, 9778 }, // U+045F
    { 29, 24, 480, 1, 24, 174, 9859 }, // U+0460
    { 24, 18, 416, 1, 18, 108, 10033 }, // U+0461
    { 21, 24, 352, 0, 24, 126, 10141 }, // U+0462
    { 19, 21, 336, 0, 21, 100, 10267 }, // U+0463
    { 26, 24, 480, 3, 24, 156, 10367 }, // U+0464
    { 20, 18, 384, 3, 18, 90, 10523 }, // U+0465
    { 23, 24, 368, 0, 24, 138, 10613 }, // U+0466
    { 19, 18, 304, 0, 18, 86, 10751 }, // U+0467
    { 28, 24, 496, 3, 24, 168, 10837 }, // U+0468
    { 23, 18, 416, 3, 18, 104, 11005 }, // U+0469
    { 24, 24, 384, 0, 24, 144, 11109 }, // U+046A
    { 21, 18, 336, 0, 18, 95, 11253 }, // U+046B
    { 29, 24, 512, 3, 24, 174, 11348 }, // U+046C
    { 25, 18, 448, 3, 18, 113, 11522 }, // U+046D
    { 17, 35, 304, 1, 28, 149, 11635 }, // U+046E
    { 15, 28, 256, 0, 22, 105, 11784 }, // U+046F
    { 21, 24, 432, 3, 24, 126, 11889 }, // U+0470
    { 19, 33, 400, 3, 25, 157, 12015 }, // U+0471
    { 22, 24, 416, 2, 24, 132, 12172 }, // U+0472
    { 16, 18, 320, 2, 18, 72, 12304 }, // U+0473
    { 22, 24, 336, 0, 24, 132, 12376 }, // U+0474
    { 18, 18, 272, 0, 18, 81, 12508 }, // U+0475
    { 22, 31, 336, 0, 31, 171, 12589 }, // U+0476
    { 18, 25, 272, 0, 25, 113, 12760 }, // U+0477
    { 38, 32, 640, 2, 24, 304, 12873 }, // U+0478
    { 34, 26, 576, 2, 18, 221, 13177 }, // U+0479
    { 23, 27, 432, 2, 25, 156, 13398 }, // U+047A
    { 18, 21, 352, 2, 19, 95, 13554 }, // U+047B
    { 30, 34, 544, 2, 34, 255, 13649 }, // U+047C
    { 26, 29, 480, 2, 29, 189, 13904 }, // U+047D
    { 29, 29, 480, 1, 29, 211, 14093 }, // U+047E
    { 24, 23, 416, 1, 23, 138, 14304 }, // U+047F
    { 18, 32, 336, 2, 24, 144, 14442 }, // U+0480
    { 13, 26, 256, 2, 18, 85, 14586 }, // U+0481
    { 16, 21, 320, 2, 21, 84, 14671 }, // U+0482
    { 12, 5, 0, -15, 24, 15, 14755 }, // U+0483
    { 12, 4, 0, -15, 24, 12, 14770 }, // U+0484
    { 4, 6, 0, -11, 26, 6, 14782 }, // U+0485
    { 4, 6, 0, -11, 26, 6, 14788 }, // U+0486
    { 12, 4, 0, -6, 29, 12, 14794 }, // U+0487
    { 38, 34, 0, -19, 26, 323, 14806 }, // U+0488
    { 36, 36, 0, -18, 27, 324, 15129 }, // U+0489
    { 22, 36, 416, 3, 30, 198, 15453 }, // U+048A
    { 18, 31, 352, 3, 25, 140, 15651 }, // U+048B
    { 18, 24, 320, 1, 24, 108, 15791 }, // U+048C
    { 18, 25, 320, 0, 25, 113, 15899 }, // U+048D
    { 16, 24, 320, 3, 24, 96, 16012 }, // U+048E
    { 15, 26, 320, 3, 18, 98, 16108 }, // U+048F
    { 14, 28, 288, 3, 28, 98, 16206 }, // U+0490
    { 11, 23, 224, 3, 23, 64, 16304 }, // U+0491
    { 16, 24, 272, 1, 24, 96, 16368 }, // U+0492
    { 14, 18, 224, 0, 18, 63, 16464 }, // U+0493
    { 17, 32, 336, 3, 24, 136, 16527 }, // U+0494
    { 14, 26, 288, 3, 18, 91, 16663 }, // U+0495
    { 29, 30, 480, 0, 24, 218, 16754 }, // U+0496
    { 26, 24, 416, 0, 18, 156, 16972 }, // U+0497
    { 16, 31, 304, 1, 24, 124, 17128 }, // U+0498
    { 14, 25, 256, 1, 18, 88, 17252 }, // U+0499
    { 19, 30, 352, 3, 24, 143, 17340 }, // U+049A
    { 15, 24, 288, 3, 18, 90, 17483 }, // U+049B
    { 17, 24, 336, 3, 24, 102, 17573 }, // U+049C
    { 14, 18, 272, 3, 18, 63, 17675 }, // U+049D
    { 20, 24, 336, 0, 24, 120, 17738 }, // U+049E
    { 17, 25, 288, 0, 25, 107, 17858 }, // U+049F
    { 23, 24, 368, 0, 24, 138, 17965 }, // U+04A0
    { 19, 18, 336, 1, 18, 86, 18103 }, // U+04A1
    { 21, 30, 400, 3, 24, 158, 18189 }, // U+04A2
    { 18, 24, 352, 3, 18, 108, 18347 }, // U+04A3
    { 24, 24, 432, 3, 24, 144, 18455 }, // U+04A4
    { 21, 18, 384, 3, 18, 95, 18599 }, // U+04A5
    { 31, 32, 560, 3, 24, 248, 18694 }, // U+04A6
    { 25, 26, 448, 3, 18, 163, 18942 }, // U+04A7
    { 22, 25, 416, 2, 24, 138, 19105 }, // U+04A8
    { 18, 19, 336, 2, 18, 86, 19243 }, // U+04A9
    { 18, 31, 336, 2, 24, 140, 19329 }, // U+04AA
    { 13, 25, 256, 2, 18, 82, 19469 }, // U+04AB
    { 18, 30, 288, 0, 24, 135, 19551 }, // U+04AC
    { 14, 24, 256, 1, 18, 84, 19686 }, // U+04AD
    { 19, 24, 304, 0, 24, 114, 19770 }, // U+04AE
    { 17, 26, 272, 0, 18, 111, 19884 }, // U+04AF
    { 19, 24, 304, 0, 24, 114, 19995 }, // U+04B0
    { 17, 26, 272, 0, 18, 111, 20109 }, // U+04B1
    { 20, 30, 336, 0, 24, 150, 20220 }, // U+04B2
    { 17, 24, 288, 1, 18, 102, 20370 }, // U+04B3
    { 28, 30, 448, 0, 24, 210, 20472 }, // U+04B4
    { 22, 24, 384, 1, 18, 132, 20682 }, // U+04B5
    { 20, 30, 368, 3, 24, 150, 20814 }, // U+04B6
    { 18, 24, 336, 2, 18, 108, 20964 }, // U+04B7
    { 17, 24, 368, 3, 24, 102, 21072 }, // U+04B8
    { 15, 18, 320, 2, 18, 68, 21174 }, // U+04B9
    { 17, 24, 368, 3, 24, 102, 21242 }, // U+04BA
    { 15, 25, 320, 3, 25, 94, 21344 }, // U+04BB
    { 25, 24, 448, 1, 24, 150, 21438 }, // U+04BC
    { 19, 18, 352, 1, 18, 86, 21588 }, // U+04BD
    { 25, 30, 448, 1, 24, 188, 21674 }, // U+04BE
    { 19, 24, 352, 1, 18, 114, 21862 }, // U+04BF
    { 9, 24, 176, 1, 24, 54, 21976 }, // U+04C0
    { 30, 30, 480, 0, 30, 225, 22030 }, // U+04C1
    { 25, 24, 400, 0, 24, 150, 22255 }, // U+04C2
    { 18, 32, 368, 3, 24, 144, 22405 }, // U+04C3
    { 14, 26, 288, 3, 18, 91, 22549 }, // U+04C4
    { 23, 30, 384, 0, 24, 173, 22640 }, // U+04C5
    { 19, 24, 304, 0, 18, 114, 22813 }, // U+04C6
    { 18, 32, 384, 3, 24, 144, 22927 }, // U+04C7
    { 15, 26, 336, 3, 18, 98, 23071 }, // U+04C8
    { 21, 30, 400, 3, 24, 158, 23169 }, // U+04C9
    { 18, 24, 352, 3, 18, 108, 23327 }, // U+04CA
    { 17, 30, 368, 3, 24, 128, 23435 }, // U+04CB
    { 15, 24, 320, 2, 18, 90, 23563 }, // U+04CC
    { 27, 30, 480, 3, 24, 203, 23653 }, // U+04CD
    { 22, 24, 400, 3, 18, 132, 23856 }, // U+04CE
    { 9, 24, 176, 1, 24, 54, 23988 }, // U+04CF
    { 21, 30, 336, 0, 30, 158, 24042 }, // U+04D0
    { 14, 24, 304, 2, 24, 84, 24200 }, // U+04D1
    { 21, 30, 336, 0, 30, 158, 24284 }, // U+04D2
    { 14, 24, 304, 2, 24, 84, 24442 }, // U+04D3
    { 27, 24, 464, 0, 24, 162, 24526 }, // U+04D4
    { 25, 18, 464, 2, 18, 113, 24688 }, // U+04D5
    { 13, 30, 288, 3, 30, 98, 24801 }, // U+04D6
    { 15, 24, 304, 2, 24, 90, 24899 }, // U+04D7
    { 20, 24, 384, 2, 24, 120, 24989 }, // U+04D8
    { 15, 18, 304, 2, 18, 68, 25109 }, // U+04D9
    { 20, 30, 384, 2, 30, 150, 25177 }, // U+04DA
    { 15, 24, 304, 2, 24, 90, 25327 }, // U+04DB
    { 30, 30, 480, 0, 30, 225, 25417 }, // U+04DC
    { 25, 24, 400, 0, 24, 150, 25642 }, // U+04DD
    { 16, 30, 304, 1, 30, 120, 25792 }, // U+04DE
    { 14, 24, 256, 1, 24, 84, 25912 }, // U+04DF
    { 16, 24, 304, 1, 24, 96, 25996 }, // U+04E0
    { 15, 26, 256, 0, 18, 98, 26092 }, // U+04E1
    { 19, 28, 400, 3, 28, 133, 26190 }, // U+04E2
    { 15, 22, 336, 3, 22, 83, 26323 }, // U+04E3
    { 19, 30, 400, 3, 30, 143, 26406 }, // U+04E4
    { 15, 24, 336, 3, 24, 90, 26549 }, // U+04E5
    { 22, 30, 416, 2, 30, 165, 26639 }, // U+04E6
    { 16, 24, 320, 2, 24, 96, 26804 }, // U+04E7
    { 22, 24, 416, 2, 24, 132, 26900 }, // U+04E8
    { 16, 18, 320, 2, 18, 72, 27032 }, // U+04E9
    { 22, 29, 416, 2, 29, 160, 27104 }, // U+04EA
    { 16, 24, 320, 2, 24, 96, 27264 }, // U+04EB
    { 17, 30, 336, 2, 30, 128, 27360 }, // U+04EC
    { 14, 24, 256, 1, 24, 84, 27488 }, // U+04ED
    { 20, 28, 320, 0, 28, 140, 27572 }, // U+04EE
    { 17, 30, 272, 0, 22, 128, 27712 }, // U+04EF
    { 20, 30, 320, 0, 30, 150, 27840 }, // U+04F0
    { 17, 32, 272, 0, 24, 136, 27990 }, // U+04F1
    { 20, 31, 320, 0, 31, 155, 28126 }, // U+04F2
    { 17, 33, 272, 0, 25, 141, 28281 }, // U+04F3
    { 17, 30, 352, 2, 30, 128, 28422 }, // U+04F4
    { 15, 24, 304, 2, 24, 90, 28550 }, // U+04F5
    { 14, 30, 272, 3, 24, 105, 28640 }, // U+04F6
    { 11, 24, 224, 3, 18, 66, 28745 }, // U+04F7
    { 22, 30, 448, 3, 30, 165, 28811 }, // U+04F8
    { 19, 24, 400, 3, 24, 114, 28976 }, // U+04F9
    { 16, 31, 272, 1, 24, 124, 29090 }, // U+04FA
    { 14, 25, 224, 0, 18, 88, 29214 }, // U+04FB
    { 20, 31, 336, 0, 24, 155, 29302 }, // U+04FC
    { 17, 25, 288, 1, 18, 107, 29457 }, // U+04FD
    { 19, 24, 304, 0, 24, 114, 29564 }, // U+04FE
    { 16, 18, 272, 1, 18, 72, 29678 }, // U+04FF
    { 21, 30, 336, 0, 24, 158, 0 }, // U+1EA0
    { 14, 24, 304, 2, 18, 84, 158 }, // U+1EA1
    { 21, 33, 336, 0, 33, 174, 242 }, // U+1EA2
    { 14, 27, 304, 2, 27, 95, 416 }, // U+1EA3
    { 21, 32, 336, 0, 32, 168, 511 }, // U+1EA4
    { 16, 27, 304, 2, 27, 108, 679 }, // U+1EA5
    { 21, 32, 336, 0, 32, 168, 787 }, // U+1EA6
    { 15, 27, 304, 1, 27, 102, 955 }, // U+1EA7
    { 21, 34, 336, 0, 34, 179, 1057 }, // U+1EA8
    { 15, 29, 304, 2, 29, 109, 1236 }, // U+1EA9
    { 21, 35, 336, 0, 35, 184, 1345 }, // U+1EAA
    { 14, 29, 304, 2, 29, 102, 1529 }, // U+1EAB
    { 21, 37, 336, 0, 31, 195, 1631 }, // U+1EAC
    { 14, 31, 304, 2, 25, 109, 1826 }, // U+1EAD
    { 21, 33, 336, 0, 33, 174, 1935 }, // U+1EAE
    { 14, 28, 304, 2, 28, 98, 2109 }, // U+1EAF
    { 21, 33, 336, 0, 33, 174, 2207 }, // U+1EB0
    { 14, 28, 304, 2, 28, 98, 2381 }, // U+1EB1
    { 21, 34, 336, 0, 34, 179, 2479 }, // U+1EB2
    { 14, 29, 304, 2, 29, 102, 2658 }, // U+1EB3
    { 21, 35, 336, 0, 35, 184, 2760 }, // U+1EB4
    { 14, 29, 304, 2, 29, 102, 2944 }, // U+1EB5
    { 21, 36, 336, 0, 30, 189, 3046 }, // U+1EB6
    { 14, 30, 304, 2, 24, 105, 3235 }, // U+1EB7
    { 13, 30, 288, 3, 24, 98, 3340 }, // U+1EB8
    { 15, 24, 304, 2, 18, 90, 3438 }, // U+1EB9
    { 13, 33, 288, 3, 33, 108, 3528 }, // U+1EBA
    { 15, 27, 304, 2, 27, 102, 3636 }, // U+1EBB
    { 13, 30, 288, 3, 30, 98, 3738 }, // U+1EBC
    { 15, 24, 304, 2, 24, 90, 3836 }, // U+1EBD
    { 15, 32, 288, 3, 32, 120, 3926 }, // U+1EBE
    { 16, 27, 304, 2, 27, 108, 4046 }, // U+1EBF
    { 15, 32, 288, 1, 32, 120, 4154 }, // U+1EC0
    { 16, 27, 304, 1, 27, 108, 4274 }, // U+1EC1
    { 15, 34, 288, 3, 34, 128, 4382 }, // U+1EC2
    { 15, 29, 304, 2, 29, 109, 4510 }, // U+1EC3
    { 13, 35, 288, 3, 35, 114, 4619 }, // U+1EC4
    { 15, 29, 304, 2, 29, 109, 4733 }, // U+1EC5
    { 13, 37, 288, 3, 31, 121, 4842 }, // U+1EC6
    { 15, 31, 304, 2, 25, 117, 4963 }, // U+1EC7
    { 9, 33, 176, 1, 33, 75, 5080 }, // U+1EC8
    { 6, 27, 144, 2, 27, 41, 5155 }, // U+1EC9
    { 9, 30, 176, 1, 24, 68, 5196 }, // U+1ECA
    { 3, 30, 144, 3, 24, 23, 5264 }, // U+1ECB
    { 22, 30, 416, 2, 24, 165, 5287 }, // U+1ECC
    { 16, 24, 320, 2, 18, 96, 5452 }, // U+1ECD
    { 22, 33, 416, 2, 33, 182, 5548 }, // U+1ECE
    { 16, 27, 320, 2, 27, 108, 5730 }, // U+1ECF
    { 22, 32, 416, 2, 32, 176, 5838 }, // U+1ED0
    { 17, 27, 320, 2, 27, 115, 6014 }, // U+1ED1
    { 22, 32, 416, 2, 32, 176, 6129 }, // U+1ED2
    { 17, 27, 320, 1, 27, 115, 6305 }, // U+1ED3
    { 22, 34, 416, 2, 34, 187, 6420 }, // U+1ED4
    { 16, 29, 320, 2, 29, 116, 6607 }, // U+1ED5
    { 22, 35, 416, 2, 35, 193, 6723 }, // U+1ED6
    { 16, 29, 320, 2, 29, 116, 6916 }, // U+1ED7
    { 22, 37, 416, 2, 31, 204, 7032 }, // U+1ED8
    { 16, 31, 320, 2, 25, 124, 7236 }, // U+1ED9
    { 25, 31, 416, 2, 31, 194, 7360 }, // U+1EDA
    { 19, 25, 320, 2, 25, 119, 7554 }, // U+1EDB
    { 25, 31, 416, 2, 31, 194, 7673 }, // U+1EDC
    { 19, 25, 320, 2, 25, 119, 7867 }, // U+1EDD
    { 25, 33, 416, 2, 33, 207, 7986 }, // U+1EDE
    { 19, 27, 320, 2, 27, 129, 8193 }, // U+1EDF
    { 25, 30, 416, 2, 30, 188, 8322 }, // U+1EE0
    { 19, 24, 320, 2, 24, 114, 8510 }, // U+1EE1
    { 25, 31, 416, 2, 25, 194, 8624 }, // U+1EE2
    { 19, 26, 320, 2, 20, 124, 8818 }, // U+1EE3
    { 18, 30, 384, 3, 24, 135, 8942 }, // U+1EE4
    { 15, 24, 320, 3, 18, 90, 9077 }, // U+1EE5
    { 18, 33, 384, 3, 33, 149, 9167 }, // U+1EE6
    { 15, 27, 320, 3, 27, 102, 9316 }, // U+1EE7
    { 24, 31, 416, 3, 31, 186, 9418 }, // U+1EE8
    { 20, 25, 352, 3, 25, 125, 9604 }, // U+1EE9
    { 24, 31, 416, 3, 31, 186, 9729 }, // U+1EEA
    { 20, 25, 352, 3, 25, 125, 9915 }, // U+1EEB
    { 24, 33, 416, 3, 33, 198, 10040 }, // U+1EEC
    { 20, 27, 352, 3, 27, 135, 10238 }, // U+1EED
    { 24, 30, 416, 3, 30, 180, 10373 }, // U+1EEE
    { 20, 24, 352, 3, 24, 120, 10553 }, // U+1EEF
    { 24, 31, 416, 3, 25, 186, 10673 }, // U+1EF0
    { 20, 26, 352, 3, 20, 130, 10859 }, // U+1EF1
    { 19, 31, 304, 0, 31, 148, 10989 }, // U+1EF2
    { 17, 33, 272, 0, 25, 141, 11137 }, // U+1EF3
    { 19, 30, 304, 0, 24, 143, 11278 }, // U+1EF4
    { 17, 26, 272, 0, 18, 111, 11421 }, // U+1EF5
    { 19, 33, 304, 0, 33, 157, 11532 }, // U+1EF6
    { 17, 35, 272, 0, 27, 149, 11689 }, // U+1EF7
    { 19, 30, 304, 0, 30, 143, 11838 }, // U+1EF8
    { 17, 32, 272, 0, 24, 136, 11981 }, // U+1EF9
    { 1, 1, 272, 0, 1, 1, 0 }, // U+2000
    { 1, 1, 528, 0, 1, 1, 1 }, // U+2001
    { 1, 1, 272, 0, 1, 1, 2 }, // U+2002
    { 1, 1, 528, 0, 1, 1, 3 }, // U+2003
    { 1, 1, 176, 0, 1, 1, 4 }, // U+2004
    { 1, 1, 128, 0, 1, 1, 5 }, // U+2005
    { 1, 1, 96, 0, 1, 1, 6 }, // U+2006
    { 1, 1, 304, 0, 1, 1, 7 }, // U+2007
    { 1, 1, 144, 0, 1, 1, 8 }, // U+2008
    { 1, 1, 80, 0, 1, 1, 9 }, // U+2009
    { 1, 1, 48, 0, 1, 1, 10 }, // U+200A
    { 1, 1, 0, 0, 1, 1, 11 }, // U+200B
    { 1, 1, 0, 0, 1, 1, 12 }, // U+200C
    { 1, 1, 0, 0, 1, 1, 13 }, // U+200D
    { 8, 27, 0, -1, 23, 54, 14 }, // U+200E
    { 8, 27, 0, -7, 23, 54, 68 }, // U+200F
    { 8, 2, 176, 1, 10, 4, 122 }, // U+2010
    { 8, 2, 176, 1, 10, 4, 126 }, // U+2011
    { 17, 2, 304, 1, 13, 9, 130 }, // U+2012
    { 14, 2, 272, 1, 10, 7, 139 }, // U+2013
    { 31, 2, 528, 1, 10, 16, 146 }, // U+2014
    { 31, 2, 528, 1, 10, 16, 162 }, // U+2015
    { 10, 33, 288, 4, 25, 83, 178 }, // U+2016
    { 14, 6, 224, 0, -1, 21, 261 }, // U+2017
    { 5, 9, 96, 0, 24, 12, 282 }, // U+2018
    { 5, 9, 96, 0, 24, 12, 294 }, // U+2019
    { 5, 9, 128, 1, 4, 12, 306 }, // U+201A
    { 5, 9, 96, 0, 24, 12, 318 }, // U+201B
    { 11, 9, 192, 0, 24, 25, 330 }, // U+201C
    { 11, 9, 192, 0, 24, 25, 355 }, // U+201D
    { 11, 9, 224, 1, 4, 25, 380 }, // U+201E
    { 11, 9, 192, 0, 24, 25, 405 }, // U+201F
    { 13, 25, 272, 2, 25, 82, 430 }, // U+2020
    { 13, 25, 272, 2, 25, 82, 512 }, // U+2021
    { 7, 8, 192, 3, 16, 14, 594 }, // U+2022
    { 9, 10, 192, 2, 17, 23, 608 }, // U+2023
    { 4, 4, 272, 6, 4, 4, 631 }, // U+2024
    { 13, 4, 288, 2, 4, 13, 635 }, // U+2025
    { 22, 4, 416, 2, 4, 22, 648 }, // U+2026
    { 4, 4, 144, 2, 10, 4, 670 }, // U+2027
    { 1, 1, 320, 0, 1, 1, 674 }, // U+2028
    { 1, 1, 320, 0, 1, 1, 675 }, // U+2029
    { 8, 24, 0, -1, 20, 48, 676 }, // U+202A
    { 8, 24, 0, -7, 20, 48, 724 }, // U+202B
    { 8, 27, 0, -4, 23, 54, 772 }, // U+202C
    { 8, 27, 0, -4, 23, 54, 826 }, // U+202D
    { 8, 27, 0, -4, 23, 54, 880 }, // U+202E
    { 1, 1, 80, 0, 1, 1, 934 }, // U+202F
    { 35, 24, 624, 2, 24, 210, 935 }, // U+2030
    { 48, 24, 816, 1, 24, 288, 1145 }, // U+2031
    { 8, 9, 128, 1, 24, 18, 1433 }, // U+2032
    { 13, 9, 208, 1, 24, 30, 1451 }, // U+2033
    { 19, 9, 304, 1, 24, 43, 1481 }, // U+2034
    { 7, 9, 128, -1, 24, 16, 1524 }, // U+2035
    { 13, 9, 240, -1, 24, 30, 1540 }, // U+2036
    { 18, 9, 320, -1, 24, 41, 1570 }, // U+2037
    { 12, 11, 208, 1, 3, 33, 1611 }, // U+2038
    { 8, 14, 160, 1, 16, 28, 1644 }, // U+2039
    { 8, 14, 160, 1, 16, 28, 1672 }, // U+203A
    { 24, 25, 448, 2, 24, 150, 1700 }, // U+203B
    { 12, 24, 256, 2, 24, 72, 1850 }, // U+203C
    { 13, 24, 240, 1, 24, 78, 1922 }, // U+203D
    { 17, 2, 272, 0, 27, 9, 2000 }, // U+203E
    { 18, 7, 320, 1, -1, 32, 2009 }, // U+203F
    { 18, 7, 320, 1, 26, 32, 2041 }, // U+2040
    { 11, 21, 192, 1, 13, 58, 2073 }, // U+2041
    { 36, 30, 592, 0, 25, 270, 2131 }, // U+2042
    { 8, 2, 176, 1, 10, 4, 2401 }, // U+2043
    { 17, 24, 64, -6, 24, 102, 2405 }, // U+2044
    { 7, 29, 176, 3, 24, 51, 2507 }, // U+2045
    { 7, 29, 176, 1, 24, 51, 2558 }, // U+2046
    { 27, 24, 448, 0, 24, 162, 2609 }, // U+2047
    { 20, 24, 352, 0, 24, 120, 2771 }, // U+2048
    { 20, 24, 368, 2, 24, 120, 2891 }, // U+2049
    { 16, 18, 304, 1, 18, 72, 3011 }, // U+204A
    { 16, 29, 352, 3, 25, 116, 3083 }, // U+204B
    { 16, 17, 336, 2, 18, 68, 3199 }, // U+204C
    { 16, 17, 336, 3, 18, 68, 3267 }, // U+204D
    { 16, 15, 288, 1, 8, 60, 3335 }, // U+204E
    { 6, 22, 128, 1, 18, 33, 3395 }, // U+204F
    { 18, 34, 320, 1, 26, 153, 3428 }, // U+2050
    { 16, 32, 288, 1, 25, 128, 3581 }, // U+2051
    { 12, 24, 192, 0, 24, 72, 3709 }, // U+2052
    { 27, 5, 528, 3, 12, 34, 3781 }, // U+2053
    { 18, 7, 320, 1, -1, 32, 3815 }, // U+2054
    { 17, 17, 304, 1, 17, 73, 3847 }, // U+2055
    { 13, 25, 272, 2, 24, 82, 3920 }, // U+2056
    { 24, 9, 384, 1, 24, 54, 4002 }, // U+2057
    { 23, 25, 432, 2, 24, 144, 4056 }, // U+2058
    { 24, 25, 432, 2, 24, 150, 4200 }, // U+2059
    { 4, 24, 112, 2, 24, 24, 4350 }, // U+205A
    { 18, 25, 352, 2, 25, 113, 4374 }, // U+205B
    { 24, 25, 416, 1, 24, 150, 4487 }, // U+205C
    { 4, 23, 144, 2, 23, 23, 4637 }, // U+205D
    { 4, 24, 144, 2, 24, 24, 4660 }, // U+205E
    { 1, 1, 112, 0, 1, 1, 4684 }, // U+205F
    { 1, 1, 320, 0, 1, 1, 4685 }, // U+2060
    { 1, 1, 320, 0, 1, 1, 4686 }, // U+2061
    { 1, 1, 320, 0, 1, 1, 4687 }, // U+2062
    { 1, 1, 320, 0, 1, 1, 4688 }, // U+2063
    { 1, 1, 320, 0, 1, 1, 4689 }, // U+2064
    { 1, 1, 0, 0, 1, 1, 4690 }, // U+2066
    { 1, 1, 0, 0, 1, 1, 4691 }, // U+2067
    { 1, 1, 0, 0, 1, 1, 4692 }, // U+2068
    { 1, 1, 0, 0, 1, 1, 4693 }, // U+2069
    { 8, 27, 0, -4, 23, 54, 4694 }, // U+206A
    { 8, 27, 0, -4, 23, 54, 4748 }, // U+206B
    { 8, 27, 0, -4, 23, 54, 4802 }, // U+206C
    { 8, 27, 0, -4, 23, 54, 4856 }, // U+206D
    { 8, 27, 0, -4, 23, 54, 4910 }, // U+206E
    { 8, 27, 0, -4, 23, 54, 4964 }, // U+206F
    { 10, 15, 192, 1, 28, 38, 0 }, // U+2070
    { 2, 15, 96, 2, 24, 8, 38 }, // U+2071
    { 11, 14, 192, 0, 28, 39, 46 }, // U+2074
    { 10, 15, 192, 1, 28, 38, 85 }, // U+2075
    { 10, 15, 192, 1, 28, 38, 123 }, // U+2076
    { 10, 14, 192, 1, 28, 35, 161 }, // U+2077
    { 10, 15, 192, 1, 28, 38, 196 }, // U+2078
    { 10, 15, 192, 1, 28, 38, 234 }, // U+2079
    { 9, 9, 176, 1, 24, 21, 272 }, // U+207A
    { 9, 2, 176, 1, 21, 5, 293 }, // U+207B
    { 9, 5, 176, 1, 22, 12, 298 }, // U+207C
    { 5, 18, 112, 2, 30, 23, 310 }, // U+207D
    { 5, 18, 112, 0, 30, 23, 333 }, // U+207E
    { 10, 11, 208, 2, 20, 28, 356 }, // U+207F
    { 10, 15, 192, 1, 10, 38, 384 }, // U+2080
    { 7, 14, 192, 1, 10, 25, 422 }, // U+2081
    { 9, 14, 192, 1, 10, 32, 447 }, // U+2082
    { 10, 15, 192, 1, 10, 38, 479 }, // U+2083
    { 11, 14, 192, 0, 10, 39, 517 }, // U+2084
    { 10, 15, 192, 1, 10, 38, 556 }, // U+2085
    { 10, 15, 192, 1, 10, 38, 594 }, // U+2086
    { 10, 14, 192, 1, 10, 35, 632 }, // U+2087
    { 10, 15, 192, 1, 10, 38, 667 }, // U+2088
    { 10, 15, 192, 1, 10, 38, 705 }, // U+2089
    { 9, 9, 176, 1, 6, 21, 743 }, // U+208A
    { 9, 2, 176, 1, 3, 5, 764 }, // U+208B
    { 9, 5, 176, 1, 4, 12, 769 }, // U+208C
    { 5, 18, 112, 2, 12, 23, 781 }, // U+208D
    { 5, 18, 112, 0, 12, 23, 804 }, // U+208E
    { 9, 11, 192, 1, 8, 25, 827 }, // U+2090
    { 10, 11, 192, 1, 8, 28, 852 }, // U+2091
    { 11, 11, 208, 1, 8, 31, 880 }, // U+2092
    { 11, 10, 176, 0, 7, 28, 911 }, // U+2093
    { 10, 11, 192, 1, 8, 28, 939 }, // U+2094
    { 10, 15, 208, 2, 12, 38, 967 }, // U+2095
    { 9, 15, 176, 2, 12, 34, 1005 }, // U+2096
    { 2, 15, 96, 2, 12, 8, 1039 }, // U+2097
    { 16, 11, 320, 2, 8, 44, 1047 }, // U+2098
    { 10, 11, 208, 2, 8, 28, 1091 }, // U+2099
    { 10, 16, 208, 2, 8, 40, 1119 }, // U+209A
    { 8, 11, 160, 1, 8, 22, 1159 }, // U+209B
    { 7, 13, 128, 0, 10, 23, 1181 }, // U+209C
    { 17, 24, 304, 1, 24, 102, 0 }, // U+20A0
    { 16, 27, 304, 2, 25, 108, 102 }, // U+20A1
    { 16, 24, 304, 2, 24, 96, 210 }, // U+20A2
    { 16, 24, 304, 1, 24, 96, 306 }, // U+20A3
    { 17, 24, 304, 1, 24, 102, 402 }, // U+20A4
    { 25, 26, 496, 3, 22, 163, 504 }, // U+20A5
    { 19, 24, 304, 0, 24, 114, 667 }, // U+20A6
    { 21, 24, 416, 3, 24, 126, 781 }, // U+20A7
    { 23, 24, 432, 3, 24, 138, 907 }, // U+20A8
    { 22, 24, 352, 0, 24, 132, 1045 }, // U+20A9
    { 21, 24, 416, 3, 24, 126, 1177 }, // U+20AA
    { 18, 30, 320, 2, 25, 135, 1303 }, // U+20AB
    { 17, 24, 304, 1, 24, 102, 1438 }, // U+20AC
    { 19, 24, 304, 0, 24, 114, 1540 }, // U+20AD
    { 17, 24, 304, 1, 24, 102, 1654 }, // U+20AE
    { 30, 32, 512, 1, 24, 240, 1756 }, // U+20AF
    { 17, 32, 304, 0, 24, 136, 1996 }, // U+20B0
    { 19, 24, 304, 0, 24, 114, 2132 }, // U+20B1
    { 20, 28, 384, 2, 25, 140, 2246 }, // U+20B2
    { 20, 24, 320, 0, 24, 120, 2386 }, // U+20B3
    { 18, 24, 288, 0, 24, 108, 2506 }, // U+20B4
    { 18, 28, 336, 2, 25, 126, 2614 }, // U+20B5
    { 18, 22, 336, 1, 22, 99, 2740 }, // U+20B6
    { 21, 27, 384, 1, 24, 142, 2839 }, // U+20B7
    { 16, 24, 288, 1, 24, 96, 2981 }, // U+20B8
    { 13, 24, 304, 3, 24, 78, 3077 }, // U+20B9
    { 17, 24, 304, 1, 24, 102, 3155 }, // U+20BA
    { 25, 24, 416, 0, 24, 150, 3257 }, // U+20BB
    { 23, 24, 432, 2, 24, 138, 3407 }, // U+20BC
    { 18, 24, 304, 0, 24, 108, 3545 }, // U+20BD
    { 21, 25, 400, 2, 25, 132, 3653 }, // U+20BE
    { 15, 30, 304, 3, 27, 113, 3785 }, // U+20BF
    { 13, 23, 256, 2, 18, 75, 3898 }, // U+20C0
    { 15, 3, 304, 2, 13, 12, 0 }, // U+2212
    { 24, 25, 368, 0, 25, 150, 0 }, // U+FB00
    { 17, 25, 320, 0, 25, 107, 150 }, // U+FB01
    { 17, 25, 320, 0, 25, 107, 257 }, // U+FB02
    { 29, 25, 496, 0, 25, 182, 364 }, // U+FB03
    { 28, 25, 496, 0, 25, 175, 546 }, // U+FB04
    { 18, 25, 352, 3, 25, 113, 721 }, // U+FB05
    { 25, 25, 448, 2, 25, 157, 834 }, // U+FB06
    { 31, 30, 528, 1, 25, 233, 0 }, // U+FFFD
};

static const EpdUnicodeInterval notosans_16_regularIntervals[] = {
    { 0x0, 0x0, 0x0 },
    { 0xD, 0xD, 0x1 },
    { 0x20, 0x7E, 0x2 },
    { 0xA0, 0x17F, 0x61 },
    { 0x1A0, 0x1A1, 0x141 },
    { 0x1AF, 0x1B0, 0x143 },
    { 0x1C4, 0x21F, 0x145 },
    { 0x300, 0x36F, 0x1A1 },
    { 0x400, 0x4FF, 0x211 },
    { 0x1EA0, 0x1EF9, 0x311 },
    { 0x2000, 0x2064, 0x36B },
    { 0x2066, 0x2071, 0x3D0 },
    { 0x2074, 0x208E, 0x3DC },
    { 0x2090, 0x209C, 0x3F7 },
    { 0x20A0, 0x20C0, 0x404 },
    { 0x2212, 0x2212, 0x425 },
    { 0xFB00, 0xFB06, 0x426 },
    { 0xFFFD, 0xFFFD, 0x42D },
};

static const EpdFontGroup notosans_16_regularGroups[] = {
    { 0, 1836, 8167, 97, 0 },
    { 1836, 1719, 9935, 96, 97 },
    { 3555, 2102, 15221, 128, 193 },
    { 5657, 2122, 13736, 96, 321 },
    { 7779, 638, 1897, 112, 417 },
    { 8417, 5212, 32300, 256, 529 },
    { 13629, 1424, 13268, 90, 785 },
    { 15053, 1212, 5295, 111, 875 },
    { 16265, 345, 1461, 42, 986 },
    { 16610, 1096, 4362, 33, 1028 },
    { 17706, 8, 12, 1, 1061 },
    { 17714, 183, 1075, 7, 1062 },
    { 17897, 96, 240, 1, 1069 },
};

static const uint16_t notosans_16_regularKernLeftCodepoints[] = {
    0x0022, 0x0026, 0x0027, 0x0028, 0x002C, 0x002D, 0x002E, 0x003A, 0x0041, 0x0042, 0x0043, 0x0044,
    0x0045, 0x0046, 0x004B, 0x004C, 0x004F, 0x0050, 0x0051, 0x0052, 0x0054, 0x0055, 0x0056, 0x0057,
    0x0058, 0x0059, 0x005A, 0x005B, 0x005F, 0x0061, 0x0062, 0x0063, 0x0065, 0x0066, 0x0068, 0x006D,
    0x006E, 0x006F, 0x0070, 0x0072, 0x0074, 0x0076, 0x0077, 0x0078, 0x0079, 0x007B, 0x00A1, 0x00AB,
    0x00BB, 0x00BF, 0x00C0, 0x00C1, 0x00C2, 0x00C3, 0x00C4, 0x00C5, 0x00C6, 0x00C7, 0x00C8, 0x00C9,
    0x00CA, 0x00CB, 0x00D0, 0x00D2, 0x00D3, 0x00D4, 0x00D5, 0x00D6, 0x00D8, 0x00D9, 0x00DA, 0x00DB,
    0x00DC, 0x00DD, 0x00DE, 0x00E0, 0x00E1, 0x00E2, 0x00E3, 0x00E4, 0x00E5, 0x00E6, 0x00E8, 0x00E9,
    0x00EA, 0x00EB, 0x00EE, 0x00EF, 0x00F0, 0x00F2, 0x00F3, 0x00F4, 0x00F5, 0x00F6, 0x00F8, 0x00FD,
    0x00FE, 0x00FF, 0x0100, 0x0101, 0x0102, 0x0103, 0x0104, 0x0105, 0x0106, 0x0108, 0x010A, 0x010C,
    0x010E, 0x010F, 0x0110, 0x0112, 0x0113, 0x0114, 0x0115, 0x0116, 0x0117, 0x0118, 0x0119, 0x011A,
    0x011B, 0x0125, 0x0129, 0x012B, 0x012E, 0x0136, 0x0138, 0x0139, 0x013B, 0x013D, 0x013E, 0x013F,
    0x0141, 0x0144, 0x0146, 0x0149, 0x014B, 0x014C, 0x014D, 0x014E, 0x014F, 0x0150, 0x0151, 0x0152,
    0x0153, 0x0155, 0x0157, 0x0159, 0x0162, 0x0163, 0x0164, 0x0165, 0x0166, 0x0167, 0x0168, 0x016A,
    0x016C, 0x016E, 0x0170, 0x0172, 0x0174, 0x0175, 0x0176, 0x0177, 0x0178, 0x0179, 0x017B, 0x017D,
    0x01A0, 0x01A1, 0x01AF, 0x01B0, 0x01FA, 0x01FB, 0x01FC, 0x01FD, 0x01FE, 0x020B, 0x021A, 0x021B,
    0x0400, 0x0401, 0x0402, 0x0403, 0x0404, 0x0405, 0x0409, 0x040A, 0x040B, 0x040C, 0x040E, 0x0410,
    0x0411, 0x0412, 0x0413, 0x0414, 0x0415, 0x0416, 0x0417, 0x041A, 0x041E, 0x0420, 0x0421, 0x0422,
    0x0423, 0x0424, 0x0425, 0x0426, 0x0429, 0x042A, 0x042C, 0x042D, 0x042E, 0x0430, 0x0431, 0x0432,
    0x0433, 0x0434, 0x0435, 0x0436, 0x0437, 0x0438, 0x0439, 0x043A, 0x043B, 0x043C, 0x043D, 0x043E,
    0x043F, 0x0440, 0x0441, 0x0442, 0x0443, 0x0444, 0x0445, 0x0446, 0x0447, 0x0448, 0x0449, 0x044A,
    0x044B, 0x044C, 0x044D, 0x044E, 0x044F, 0x0450, 0x0451, 0x0452, 0x0453, 0x0454, 0x0455, 0x0457,
    0x0458, 0x0459, 0x045A, 0x045B, 0x045C, 0x045D, 0x045E, 0x045F, 0x0460, 0x0461, 0x0462, 0x0463,
    0x0464, 0x0465, 0x0466, 0x0467, 0x0468, 0x0469, 0x046E, 0x0471, 0x0472, 0x0473, 0x0474, 0x0475,
    0x0476, 0x0477, 0x0478, 0x0479, 0x047A, 0x047B, 0x047C, 0x047D, 0x047E, 0x047F, 0x0480, 0x048A,
    0x048B, 0x048C, 0x048D, 0x048E, 0x048F, 0x0490, 0x0491, 0x0492, 0x0493, 0x0496, 0x0497, 0x0498,
    0x0499, 0x049A, 0x049B, 0x049C, 0x049D, 0x049E, 0x049F, 0x04A0, 0x04A1, 0x04A2, 0x04A3, 0x04A4,
    0x04A5, 0x04A9, 0x04AA, 0x04AB, 0x04AC, 0x04AD, 0x04AE, 0x04AF, 0x04B0, 0x04B1, 0x04B2, 0x04B3,
    0x04B4, 0x04B5, 0x04B6, 0x04B7, 0x04BC, 0x04BD, 0x04BE, 0x04BF, 0x04C1, 0x04C2, 0x04C5, 0x04C6,
    0x04C9, 0x04CA, 0x04CD, 0x04CE, 0x04D0, 0x04D1, 0x04D2, 0x04D3, 0x04D4, 0x04D5, 0x04D6, 0x04D7,
    0x04D8, 0x04D9, 0x04DA, 0x04DB, 0x04DC, 0x04DD, 0x04DE, 0x04DF, 0x04E3, 0x04E5, 0x04E6, 0x04E7,
    0x04E8, 0x04E9, 0x04EA, 0x04EB, 0x04EC, 0x04ED, 0x04EE, 0x04EF, 0x04F0, 0x04F1, 0x04F2, 0x04F3,
    0x04F5, 0x04F6, 0x04F7, 0x04F9, 0x04FA, 0x04FB, 0x04FC, 0x04FD, 0x04FE, 0x04FF, 0x1EA0, 0x1EA1,
    0x1EA2, 0x1EA3, 0x1EA4, 0x1EA5, 0x1EA6, 0x1EA7, 0x1EA8, 0x1EA9, 0x1EAA, 0x1EAB, 0x1EAC, 0x1EAD,
    0x1EAE, 0x1EAF, 0x1EB0, 0x1EB1, 0x1EB2, 0x1EB3, 0x1EB4, 0x1EB5, 0x1EB6, 0x1EB7, 0x1EB8, 0x1EB9,
    0x1EBA, 0x1EBB, 0x1EBC, 0x1EBD, 0x1EBE, 0x1EBF, 0x1EC0, 0x1EC1, 0x1EC2, 0x1EC3, 0x1EC4, 0x1EC5,
    0x1EC6, 0x1EC7, 0x1ECC, 0x1ECD, 0x1ECE, 0x1ECF, 0x1ED0, 0x1ED1, 0x1ED2, 0x1ED3, 0x1ED4, 0x1ED5,
    0x1ED6, 0x1ED7, 0x1ED8, 0x1ED9, 0x1EDA, 0x1EDB, 0x1EDC, 0x1EDD, 0x1EDE, 0x1EDF, 0x1EE0, 0x1EE1,
    0x1EE2, 0x1EE3, 0x1EE4, 0x1EE6, 0x1EE8, 0x1EE9, 0x1EEA, 0x1EEB, 0x1EEC, 0x1EED, 0x1EEE, 0x1EEF,
    0x1EF0, 0x1EF1, 0x1EF2, 0x1EF3, 0x1EF4, 0x1EF5, 0x1EF6, 0x1EF7, 0x1EF8, 0x1EF9, 0x2013, 0x2014,
    0x2015, 0x2018, 0x2019, 0x201A, 0x201C, 0x201D, 0x201E, 0x2039, 0x203A, 0xFB00,
};

static const uint8_t notosans_16_regularKernLeftClassIds[] = {
      1,   2,   1,   3,   4,   5,   4,   6,   7,   8,   9,  10,  11,  12,   9,  13,
     10,  14,  10,  15,  16,  17,  18,  18,   9,  19,  20,   3,  21,  22,  23,  24,
     23,  25,  22,  22,  22,  23,  23,  26,  24,  27,  27,  28,  27,   3,  29,  30,
     31,  32,   7,   7,   7,   7,   7,   7,  11,   9,  11,  11,  11,  11,  10,  10,
     10,  10,  10,  10,  10,  17,  17,  17,  17,  19,  14,  22,  22,  22,  22,  22,
     22,  23,  23,  23,  23,  23,  33,  33,  23,  23,  23,  23,  23,  23,  23,  27,
     23,  27,   7,  22,   7,  22,  34,  22,   9,   9,   9,   9,  10,  35,  10,  11,
     23,  11,  23,  11,  23,  11,  23,  11,  23,  22,  36,  33,  37,   9,  28,  13,
     13,  13,  35,  13,  13,  22,  22,  22,  22,  10,  23,  10,  23,  10,  23,  11,
     23,  26,  26,  26,  16,  24,  16,  38,  16,  24,  17,  17,  17,  17,  17,  17,
     18,  27,  19,  27,  19,  20,  20,  20,  39,  40,  41,  42,   7,  22,  11,  23,
     10,  33,  16,  24,  43,  43,  44,  45,  46,  47,  48,  48,  44,  49,  50,  51,
     52,  53,  45,  54,  43,  49,  53,  49,  55,  56,  46,  45,  50,  57,  49,  54,
     54,  48,  48,  55,  55,  58,  59,  60,  61,  62,  63,  64,  60,  65,  65,  64,
     65,  65,  65,  63,  65,  63,  66,  61,  67,  63,  64,  62,  65,  65,  62,  68,
     65,  68,  63,  63,  65,  63,  63,  69,  61,  66,  70,  71,  72,  68,  68,  73,
     64,  65,  67,  65,  55,  74,  75,  68,  46,  66,  51,  76,  51,  76,  77,  63,
     55,  63,  50,  74,  50,  74,  67,  67,  55,  63,  55,  63,  55,  74,  46,  54,
     62,  75,  68,  56,  63,  78,  79,  80,  81,  82,  83,  77,  60,  82,  83,  49,
     64,  49,  64,  49,  64,  54,  62,  80,  79,  63,  46,  66,  78,  79,  84,  85,
     84,  85,  82,  83,  54,  62,  54,  62,  86,  87,  86,  87,  49,  64,  54,  62,
     54,  62,  54,  62,  51,  58,  51,  58,  43,  87,  43,  87,  55,  63,  55,  63,
     49,  64,  77,  60,  65,  65,  55,  63,  55,  63,  55,  63,  55,  63,  50,  67,
     50,  67,  50,  67,  65,  78,  79,  65,  80,  81,  82,  83,  49,  83,   7,  22,
      7,  22,   7,  22,   7,  22,   7,  22,   7,  22,   7,  22,   7,  22,   7,  22,
      7,  22,   7,  22,   7,  22,  11,  23,  11,  23,  11,  23,  11,  23,  11,  23,
     11,  23,  11,  23,  11,  23,  10,  23,  10,  23,  10,  23,  10,  23,  10,  23,
     10,  23,  10,  23,  39,  40,  39,  40,  39,  40,  39,  40,  39,  40,  17,  17,
     41,  42,  41,  42,  41,  42,  41,  42,  41,  42,  19,  27,  19,  27,  19,  27,
     19,  27,   5,   5,   5,   1,   1,   4,   1,   1,   4,  30,  31,  25,
};

static const uint16_t notosans_16_regularKernRightCodepoints[] = {
    0x0021, 0x0022, 0x0026, 0x0027, 0x0029, 0x002C, 0x002D, 0x002E, 0x003A, 0x003B, 0x003F, 0x0041,
    0x0043, 0x0047, 0x0049, 0x004A, 0x004F, 0x0051, 0x0054, 0x0055, 0x0056, 0x0057, 0x0058, 0x0059,
    0x005A, 0x005D, 0x0061, 0x0062, 0x0063, 0x0064, 0x0065, 0x0066, 0x0067, 0x0068, 0x006A, 0x006B,
    0x006C, 0x006D, 0x006E, 0x006F, 0x0070, 0x0071, 0x0072, 0x0073, 0x0074, 0x0075, 0x0076, 0x0077,
    0x0078, 0x0079, 0x007A, 0x007D, 0x00AB, 0x00BB, 0x00C0, 0x00C1, 0x00C2, 0x00C3, 0x00C4, 0x00C5,
    0x00C6, 0x00C7, 0x00D2, 0x00D3, 0x00D4, 0x00D5, 0x00D6, 0x00D8, 0x00D9, 0x00DA, 0x00DB, 0x00DC,
    0x00DD, 0x00E0, 0x00E1, 0x00E2, 0x00E3, 0x00E4, 0x00E5, 0x00E6, 0x00E7, 0x00E8, 0x00E9, 0x00EA,
    0x00EB, 0x00F2, 0x00F3, 0x00F4, 0x00F5, 0x00F6, 0x00F8, 0x00F9, 0x00FA, 0x00FB, 0x00FC, 0x00FD,
    0x00FE, 0x00FF, 0x0100, 0x0101, 0x0102, 0x0103, 0x0104, 0x0105, 0x0106, 0x0107, 0x0108, 0x0109,
    0x010A, 0x010B, 0x010C, 0x010D, 0x010F, 0x0111, 0x0113, 0x0115, 0x0117, 0x0119, 0x011B, 0x011C,
    0x011D, 0x011E, 0x011F, 0x0120, 0x0121, 0x0122, 0x0123, 0x0125, 0x0127, 0x0129, 0x0137, 0x0138,
    0x013A, 0x013C, 0x013E, 0x0140, 0x0144, 0x0146, 0x014B, 0x014C, 0x014D, 0x014E, 0x014F, 0x0150,
    0x0151, 0x0152, 0x0153, 0x0155, 0x0157, 0x015B, 0x015F, 0x0162, 0x0163, 0x0164, 0x0165, 0x0166,
    0x0167, 0x0168, 0x0169, 0x016A, 0x016B, 0x016C, 0x016D, 0x016E, 0x016F, 0x0170, 0x0171, 0x0172,
    0x0173, 0x0174, 0x0175, 0x0176, 0x0177, 0x0178, 0x0179, 0x017A, 0x017B, 0x017C, 0x017D, 0x017E,
    0x01A0, 0x01A1, 0x01AF, 0x01B0, 0x01FA, 0x01FB, 0x01FC, 0x01FD, 0x01FE, 0x01FF, 0x0219, 0x021A,
    0x021B, 0x0402, 0x0404, 0x0405, 0x0408, 0x0409, 0x040B, 0x040E, 0x0410, 0x0414, 0x0416, 0x0417,
    0x041B, 0x041E, 0x0421, 0x0422, 0x0423, 0x0424, 0x0425, 0x0427, 0x042A, 0x042D, 0x042F, 0x0430,
    0x0431, 0x0432, 0x0433, 0x0434, 0x0435, 0x0436, 0x0437, 0x0438, 0x0439, 0x043A, 0x043B, 0x043C,
    0x043D, 0x043E, 0x043F, 0x0440, 0x0441, 0x0442, 0x0443, 0x0444, 0x0445, 0x0446, 0x0447, 0x0448,
    0x0449, 0x044A, 0x044B, 0x044C, 0x044D, 0x044E, 0x044F, 0x0450, 0x0451, 0x0452, 0x0453, 0x0454,
    0x0455, 0x0457, 0x0458, 0x0459, 0x045A, 0x045B, 0x045C, 0x045D, 0x045E, 0x045F, 0x0460, 0x0461,
    0x0462, 0x0465, 0x0466, 0x0467, 0x0469, 0x046D, 0x046E, 0x0470, 0x0472, 0x0473, 0x0474, 0x0475,
    0x0476, 0x0477, 0x0478, 0x0479, 0x047A, 0x047B, 0x047C, 0x047D, 0x047E, 0x047F, 0x0480, 0x0481,
    0x048B, 0x048C, 0x048D, 0x048F, 0x0491, 0x0492, 0x0495, 0x0496, 0x0497, 0x0498, 0x0499, 0x049B,
    0x049D, 0x049F, 0x04A0, 0x04A1, 0x04A3, 0x04A5, 0x04A7, 0x04A8, 0x04A9, 0x04AA, 0x04AB, 0x04AC,
    0x04AD, 0x04AE, 0x04AF, 0x04B0, 0x04B1, 0x04B2, 0x04B3, 0x04B4, 0x04B5, 0x04B6, 0x04B7, 0x04B8,
    0x04B9, 0x04BB, 0x04BC, 0x04BD, 0x04BE, 0x04BF, 0x04C1, 0x04C2, 0x04C4, 0x04C5, 0x04C6, 0x04C8,
    0x04CA, 0x04CB, 0x04CC, 0x04CE, 0x04D0, 0x04D1, 0x04D2, 0x04D3, 0x04D4, 0x04D5, 0x04D7, 0x04D8,
    0x04D9, 0x04DA, 0x04DB, 0x04DC, 0x04DD, 0x04DE, 0x04DF, 0x04E3, 0x04E5, 0x04E6, 0x04E7, 0x04E8,
    0x04E9, 0x04EA, 0x04EB, 0x04EC, 0x04ED, 0x04EE, 0x04EF, 0x04F0, 0x04F1, 0x04F2, 0x04F3, 0x04F4,
    0x04F5, 0x04F7, 0x04F9, 0x04FA, 0x04FC, 0x04FD, 0x04FE, 0x04FF, 0x1EA0, 0x1EA1, 0x1EA2, 0x1EA3,
    0x1EA4, 0x1EA5, 0x1EA6, 0x1EA7, 0x1EA8, 0x1EA9, 0x1EAA, 0x1EAB, 0x1EAC, 0x1EAD, 0x1EAE, 0x1EAF,
    0x1EB0, 0x1EB1, 0x1EB2, 0x1EB3, 0x1EB4, 0x1EB5, 0x1EB6, 0x1EB7, 0x1EB9, 0x1EBB, 0x1EBD, 0x1EBF,
    0x1EC1, 0x1EC3, 0x1EC5, 0x1EC7, 0x1ECC, 0x1ECD, 0x1ECE, 0x1ECF, 0x1ED0, 0x1ED1, 0x1ED2, 0x1ED3,
    0x1ED4, 0x1ED5, 0x1ED6, 0x1ED7, 0x1ED8, 0x1ED9, 0x1EDA, 0x1EDB, 0x1EDC, 0x1EDD, 0x1EDE, 0x1EDF,
    0x1EE0, 0x1EE1, 0x1EE2, 0x1EE3, 0x1EE4, 0x1EE5, 0x1EE6, 0x1EE7, 0x1EE8, 0x1EE9, 0x1EEA, 0x1EEB,
    0x1EEC, 0x1EED, 0x1EEE, 0x1EEF, 0x1EF0, 0x1EF1, 0x1EF2, 0x1EF4, 0x1EF5, 0x1EF6, 0x1EF7, 0x1EF8,
    0x1EF9, 0x2013, 0x2014, 0x2015, 0x2018, 0x2019, 0x201A, 0x201C, 0x201D, 0x201E, 0x2026, 0x2039,
    0x203A, 0xFB00, 0xFB01, 0xFB02, 0xFB03, 0xFB04,
};

static const uint8_t notosans_16_regularKernRightClassIds[] = {
      1,   2,   3,   2,   4,   5,   6,   5,   7,   7,   8,   9,  10,  10,  11,  12,
     10,  10,  13,  14,  15,  15,  16,  17,  18,   4,  19,  20,  21,  21,  21,  22,
     23,  20,  24,  20,  20,  25,  25,  21,  25,  21,  25,  26,  22,  25,  27,  27,
     27,  27,  28,   4,  29,  30,   9,   9,   9,   9,   9,   9,  31,  10,  10,  10,
     10,  10,  10,  10,  14,  14,  14,  14,  17,  21,  19,  19,  19,  19,  19,  19,
     21,  21,  21,  21,  21,  21,  21,  21,  21,  21,  21,  25,  25,  25,  25,  27,
     20,  27,   9,  19,   9,  19,   9,  19,  10,  21,  10,  21,  10,  21,  10,  21,
     21,  21,  21,  21,  21,  21,  21,  10,  23,  10,  23,  10,  23,  10,  23,  20,
     32,  33,  20,  25,  20,  20,  20,  20,  25,  25,  25,  10,  21,  10,  21,  10,
     21,  10,  21,  25,  25,  26,  26,  13,  22,  13,  22,  13,  22,  14,  25,  14,
     25,  14,  25,  14,  25,  14,  25,  14,  25,  15,  27,  17,  27,  17,  18,  28,
     18,  28,  18,  28,  10,  21,  14,  25,   9,  19,  31,  19,  10,  21,  26,  13,
     22,  34,  35,  36,  37,  38,  34,  39,  40,  41,  42,  43,  38,  35,  35,  34,
     39,  44,  42,  45,  34,  43,  46,  47,  48,  49,  49,  50,  51,  52,  53,  49,
     49,  49,  54,  49,  49,  51,  49,  49,  51,  55,  56,  51,  52,  49,  57,  49,
     49,  55,  49,  49,  53,  49,  58,  51,  51,  59,  49,  51,  60,  61,  62,  54,
     49,  59,  49,  49,  56,  49,  63,  64,  65,  66,  40,  50,  66,  66,  43,  45,
     63,  47,  67,  64,  67,  64,  63,  47,  63,  47,  63,  47,  63,  64,  63,  47,
     66,  65,  59,  66,  66,  65,  66,  42,  52,  43,  53,  66,  66,  59,  68,  55,
     66,  66,  66,  63,  47,  63,  47,  34,  55,  69,  70,  69,  70,  42,  52,  68,
     55,  45,  57,  45,  57,  66,  71,  72,  71,  72,  42,  52,  66,  73,  50,  66,
     66,  45,  57,  66,  40,  74,  40,  74,  40,  74,  47,  75,  74,  75,  74,  42,
     52,  43,  53,  49,  49,  63,  47,  63,  47,  63,  47,  43,  53,  39,  56,  39,
     56,  39,  56,  45,  57,  66,  49,  65,  42,  52,  42,  52,   9,  19,   9,  19,
      9,  19,   9,  19,   9,  19,   9,  19,   9,  19,   9,  19,   9,  19,   9,  19,
      9,  19,   9,  19,  21,  21,  21,  21,  21,  21,  21,  21,  10,  21,  10,  21,
     10,  21,  10,  21,  10,  21,  10,  21,  10,  21,  10,  21,  10,  21,  10,  21,
     10,  21,  10,  21,  14,  25,  14,  25,  14,  25,  14,  25,  14,  25,  14,  25,
     14,  25,  17,  17,  27,  17,  27,  17,  27,   6,   6,   6,  76,   2,   5,  76,
      2,   5,   5,  29,  30,  22,  22,  22,  22,  22,
};

static const uint16_t notosans_16_regularKernRowOffsets[] = {
        0,    29,    32,    37,    54,    61,    66,    72,    73,    75,    82,    83,    87,    93,   100,   101,
      117,   119,   130,   143,   145,   146,   147,   150,   151,   154,   159,   162,   163,   167,   173,   182,
      186,   187,   193,   200,   202,   203,   208,   214,   217,   227,   230,   231,   244,   269,   275,   277,
      288,   303,   332,   351,   353,   357,   369,   385,   402,   420,   426,   437,   445,   456,   468,   479,
      491,   493,   497,   509,   527,   533,   537,   541,   543,   548,   550,   557,   565,   568,   593,   600,
      616,   619,   624,   626,   638,   640,   643,   646,
};

static const uint8_t notosans_16_regularKernSparseCols[] = {
      8,  12,  14,  16,  18,  20,  22,  24,  25,  30,  32,  33,  37,  38,  39,  40,
     41,  43,  46,  49,  52,  53,  54,  55,  58,  60,  67,  72,  73,  12,  14,  16,
     11,  23,  36,  43,  61,   9,  12,  13,  14,  16,  33,  36,  38,  43,  44,  54,
     56,  62,  66,  67,  68,  70,  12,  33,  38,  41,  51,  54,  67,  33,  41,  43,
     44,  56,   1,   9,  11,  12,  14,  16,   4,   9,  28,   4,   8,  12,  14,  15,
     16,  17,  11,   3,   4,   7,   8,   1,   9,  12,  13,  14,  16,   2,   4,   8,
     15,  17,  28,  30,  28,   2,   4,   5,   7,   8,   9,  12,  18,  20,  22,  24,
     25,  26,  27,  28,  29,   4,   8,   4,   7,   8,   9,  18,  20,  22,  24,  25,
     28,  29,   2,   4,   7,   8,   9,  18,  20,  22,  24,  25,  27,  28,  29,   9,
     28,  11,   1,   1,  26,  27,   1,   1,   3,   4,   1,   4,  18,  20,  22,   1,
      4,   7,  20,  11,  12,  14,  16,  12,  14,  16,  33,  39,  67,  12,  14,  15,
     16,  33,  38,  41,  44,  67,  11,  12,  14,  16,   3,   1,   9,  11,  12,  14,
     16,   0,   1,   3,   7,  19,  31,  75,   3,  32,  11,   0,   1,   3,   7,  75,
      8,  10,  12,  14,  15,  16,  19,  21,  26,   8,   9,  10,  12,  14,  15,  16,
     18,  20,  22,  19,  21,  26,  36,   1,  33,  38,  44,  54,  55,  56,  64,  66,
     67,  68,  69,  75,   1,   4,   5,   6,  29,  33,  34,  37,  39,  40,  43,  46,
     47,  48,  49,  50,  51,  52,  53,  54,  55,  56,  57,  59,  67,  28,  34,  43,
     56,  62,  70,   4,  43,   1,   4,  33,  38,  44,  51,  54,  55,  57,  67,  75,
      1,   5,   6,  28,  34,  43,  44,  46,  47,  50,  54,  55,  56,  62,  70,   1,
      4,   5,   6,  28,  29,  34,  35,  37,  39,  40,  43,  45,  46,  47,  48,  49,
     50,  51,  52,  53,  56,  57,  58,  59,  62,  70,  71,  72,   1,  29,  33,  34,
     36,  38,  43,  44,  50,  54,  55,  56,  64,  66,  67,  68,  70,  74,  75,  51,
     55,   3,  51,  56,  57,   4,  36,  37,  40,  43,  44,  49,  53,  54,  55,  56,
     61,   4,  33,  37,  38,  39,  40,  41,  42,  49,  51,  53,  57,  66,  67,  68,
     72,   4,   5,   6,  28,  29,  37,  38,  39,  40,  41,  43,  46,  49,  50,  53,
     57,  72,   1,   3,   4,   6,  33,  35,  37,  38,  39,  40,  41,  42,  45,  49,
     51,  53,  57,  67,   1,  33,  38,  51,  54,  55,  33,  38,  39,  41,  45,  49,
     51,  54,  55,  56,  57,   3,  33,  38,  41,  45,  51,  54,  55,   1,   4,   5,
     37,  39,  40,  41,  49,  50,  53,  75,   1,   4,  33,  36,  37,  40,  44,  49,
     53,  54,  56,  61,  33,  38,  39,  41,  45,  49,  51,  54,  55,  56,  57,   5,
     33,  34,  38,  43,  44,  46,  50,  56,  57,  71,  75,  33,  58,   1,  33,  50,
     57,   1,   4,  37,  39,  40,  41,  46,  49,  50,  53,  57,  75,   1,   6,  33,
     38,  39,  41,  43,  44,  45,  51,  54,  55,  56,  57,  63,  69,  71,  75,   1,
     33,  36,  54,  55,  61,  33,  38,  45,  57,   1,  33,  58,  60,  36,  61,   1,
     33,  36,  54,  55,   4,  49,   1,  33,  44,  54,  66,  67,  68,   1,  46,  54,
     55,  56,  63,  69,  71,   4,  66,  68,   4,   5,  28,  29,  33,  34,  37,  39,
     40,  43,  46,  49,  51,  52,  54,  55,  56,  62,  63,  65,  69,  70,  71,  72,
     73,   4,   5,  39,  46,  49,  50,  53,   4,   5,  33,  39,  46,  49,  51,  52,
     56,  58,  62,  65,  67,  70,  71,  72,   4,  46,  49,  54,  56,  62,  70,  71,
     46,  56,   4,  39,  46,  49,  56,  58,  62,  65,  71,  72,  73,  74,   4,  49,
     33,  66,  68,   1,  51,  55,
};

static const int8_t notosans_16_regularKernSparseValues[] = {
     -37,   11,   11,    5,  -21,  -32,  -16,  -16,  -16,  -42,   37,   11,  -16,   11,  -37,  -32,
      11,   -5,  -21,  -37,   11,  -26,   16,   11,   16,   16,   11,  -32,  -11,  -32,  -11,  -16,
      48,   21,   53,  -16,   32,  -26,  -37,  -11,  -32,  -32,  -26,   32,  -11,  -21,  -42,  -21,
     -32,  -26,  -32,  -37,  -32,  -32,  -21,  -21,  -11,   -5,   -5,  -11,  -21,  -16,   -5,   -5,
      -5,   -5,  -37,  -11,   26,  -37,  -21,  -32,   -5,  -11,  -11,  -21,  -11,  -16,   -5,  -11,
      -5,   -5,   32,   11,  -32,   11,  -11,  -42,  -11,  -11,   -5,  -11,  -16,   -5,  -69,  -26,
     -11,   -5,  -11,  -16,   -5,  -11,  -32,  -21,   11,  -37,  -11,   11,  -42,  -37,  -37,  -26,
     -32,  -11,  -21,  -32,  -16,  -11,   -5,  -26,   11,  -21,   -5,  -11,  -11,   -5,   -5,   -5,
     -16,   -5,  -16,  -32,   11,  -32,  -11,  -26,  -26,  -26,  -16,  -21,  -11,  -42,  -16,   -5,
     -11,   50,   -5,   -5,  -11,   -5,   11,   32,   21,  -11,   21,  -84,  -11,  -11,   -5,   21,
     -21,   11,  -11,   26,  -11,   -5,  -16,  -16,   -5,  -16,  -16,   -5,   -5,  -32,  -16,  -11,
     -42,  -32,  -11,  -11,  -11,  -21,   53,  -21,  -16,  -21,   26,  -37,  -11,   58,  -37,  -21,
     -32,   26,   26,   48,   48,   16,   37,   37,   26,   69,   26,   37,   58,   63,   58,   37,
     -11,   11,   32,   37,   26,   32,   11,   21,   26,  -16,   -5,   11,   37,   37,   26,   32,
     -16,  -11,  -11,   11,   26,   26,   26,  -37,  -26,  -11,  -16,  -11,  -11,  -11,  -11,  -21,
     -32,  -26,  -11,  -16,   11,  -26,  -21,  -16,  -16,   11,  -11,  -13,  -37,  -13,  -18,  -21,
     -11,  -16,  -21,  -21,   -5,   -5,  -16,   -5,  -11,  -16,  -21,  -11,    5,  -11,  -11,  -16,
     -11,  -11,  -11,  -11,   -5,  -48,   -5,  -32,  -11,  -16,  -11,  -11,  -11,  -11,  -16,  -32,
      11,   -5,   -5,  -11,  -11,  -21,   -5,   -5,  -11,  -11,   -5,   -5,  -11,  -11,  -26,   11,
     -37,  -11,   -5,  -26,  -11,  -21,  -11,  -48,  -63,  -53,  -16,  -16,  -26,  -21,   -5,  -53,
     -32,  -16,  -11,  -26,  -11,  -26,   26,  -16,   -5,  -11,  -16,  -26,  -37,   -5,  -37,  -11,
      26,  -16,  -18,  -32,   -5,  -16,  -11,  -16,  -11,  -21,  -26,  -32,  -26,   -5,  -21,   -5,
      -5,  -13,   -5,   -8,   -5,   16,   48,   16,   21,   -5,  -13,   16,   16,   -5,   16,  -11,
      37,  -21,  -11,   -5,  -21,  -11,   -5,  -11,   -5,   -5,   -8,   -5,   -5,   -5,   -5,   -5,
     -11,  -69,   -5,   -5,  -11,   -5,  -32,  -11,  -26,  -32,  -11,   -5,  -13,  -26,   -5,  -21,
      -5,  -32,   -5,  -16,  -21,   -5,  -18,   -5,  -13,  -16,  -18,  -16,  -21,  -16,   -5,  -13,
      -8,   -8,   -5,  -11,   -5,  -21,  -21,  -11,   -5,   -5,  -32,  -21,   -5,  -16,  -11,   -5,
     -11,   -5,  -16,   -5,   -5,   -5,  -16,   -5,   -5,   -5,  -11,   -5,   -5,   16,  -21,  -11,
     -11,  -16,  -16,   -5,  -21,   -5,  -16,   21,   -5,   11,  -16,   53,   11,   16,   -8,   11,
      13,   -8,  -16,   32,  -21,  -21,   -5,  -11,  -11,   -5,  -11,   -5,  -16,   -5,   -5,   -5,
      -5,   -8,   -5,   -8,   -5,  -11,  -11,  -11,   -5,  -11,   16,  -16,   -3,   11,  -11,   -5,
      -5,   11,  -21,  -11,  -11,  -16,   -5,   -5,  -26,  -16,  -26,  -16,   21,  -42,   -5,  -32,
     -11,   -5,   -5,   -5,  -37,  -11,  -11,  -32,  -24,  -21,  -11,  -11,  -16,  -11,  -16,   -5,
     -21,   42,  -16,  -26,   11,  -11,  -16,   -5,  -11,   16,   11,   16,    5,   16,   11,   -5,
     -21,   21,  -16,  -26,  -21,  -11,  -21,  -21,  -21,  -11,  -16,  -11,  -16,  -37,  -11,  -26,
     -16,  -16,  -11,  -11,  -11,  -21,   -5,   -5,  -32,  -21,  -32,  -16,   11,  -11,  -21,  -37,
     -26,  -18,  -37,  -32,  -11,  -11,  -21,  -21,  -26,  -11,  -11,  -26,  -21,  -26,  -37,  -26,
     -42,  -26,  -11,  -16,   -5,  -21,   -5,  -16,  -26,  -11,   11,  -32,  -21,  -26,  -11,  -11,
     -26,   11,  -11,  -16,   11,  -11,  -16,  -21,  -16,  -11,  -16,  -11,  -26,  -11,  -26,  -11,
      -5,   -5,  -32,  -32,  -26,  -26,  -21,   11,  -11,  -16,  -21,  -21,  -21,   -5,  -21,   -5,
     -11,   -5,   -5,   -5,  -11,   -5,
};

static const EpdLigaturePair notosans_16_regularLigaturePairs[] = {
    { 0x00660066, 0xFB00 }, // f f -> U+FB00
    { 0x00660069, 0xFB01 }, // f i -> U+FB01
    { 0x0066006C, 0xFB02 }, // f l -> U+FB02
    { 0xFB000069, 0xFB03 }, // U+FB00 i -> U+FB03
    { 0xFB00006C, 0xFB04 }, // U+FB00 l -> U+FB04
};

static const EpdFontData notosans_16_regular = {
    notosans_16_regularBitmaps,
    notosans_16_regularGlyphs,
    notosans_16_regularIntervals,
    18,
    45,
    36,
    -10,
    true,
    notosans_16_regularGroups,
    13,
    nullptr,
    nullptr,  // kernLeftClasses: built-in fonts use the split arrays below
    nullptr,  // kernRightClasses
    notosans_16_regularKernLeftCodepoints,
    notosans_16_regularKernLeftClassIds,
    notosans_16_regularKernRightCodepoints,
    notosans_16_regularKernRightClassIds,
    nullptr,  // kernMatrix: built-in fonts use the sparse form below
    notosans_16_regularKernRowOffsets,
    notosans_16_regularKernSparseCols,
    notosans_16_regularKernSparseValues,
    478,
    474,
    87,
    76,
    notosans_16_regularLigaturePairs,
    5,
};
