/**
 * generated by fontconvert.py
 * name: notosans_12_italic
 * size: 12
 * mode: 2-bit  compressed: true
 * Command used: fontconvert.py notosans_12_italic 12 ../builtinFonts/source/NotoSans/NotoSans-Italic.ttf --2bit --compress --pnum --zopfli --mono
 */
#pragma once
#include "EpdFontData.h"

static const uint8_t notosans_12_italicBitmaps[15010] = {
    0xA5, 0x98, 0x51, 0x6A, 0xEF, 0xBA, 0xAF, 0x85, 0x3F, 0xD0, 0x6B, 0x41, 0x53, 0xE9, 0x00, 0x04,
    0x9A, 0xBA, 0x60, 0xBF, 0x1E, 0xE8, 0x54, 0x16, 0xF4, 0x55, 0xA0, 0xEB, 0x24, 0x0E, 0x21, 0xB4,
    0x87, 0x7D, 0xFF, 0x1C, 0x7B, 0x7D, 0x8B, 0x26, 0x4D, 0x1C, 0xC5, 0x56, 0xEC, 0xE4, 0x07, 0xD0,
    0x34, 0x42, 0x76, 0xD4, 0xBA, 0xAA, 0x73, 0x54, 0x80, 0x20, 0x69, 0x22, 0x3A, 0x14, 0x92, 0x54,
    0xAA, 0xC2, 0xD1, 0xA2, 0x70, 0x2B, 0x3E, 0x16, 0x61, 0xE4, 0x4C, 0x1F, 0x20, 0x07, 0xC5, 0x45,
    0x05, 0x33, 0xA3, 0x03, 0x43, 0xF8, 0x81, 0xD5, 0x49, 0x2C, 0x58, 0x2C, 0x65, 0xDB, 0x8C, 0xFF,
    0x71, 0x77, 0xB6, 0xFE, 0xC1, 0x06, 0x52, 0x87, 0xA2, 0xF9, 0x6C, 0x24, 0x7D, 0x6B, 0xA6, 0x5C,
    0x50, 0xD8, 0x52, 0xE3, 0x78, 0x13, 0x84, 0xA3, 0xCB, 0xE4, 0x56, 0xE8, 0xC3, 0x41, 0x11, 0xA7,
    0x0D, 0xFA, 0xFC, 0x1E, 0xE6, 0xFB, 0xCB, 0x2A, 0xBF, 0xCE, 0x6B, 0x9F, 0xF1, 0xC6, 0x32, 0x85,
    0x61, 0x15, 0x7E, 0x99, 0x93, 0x4D, 0xE0, 0x82, 0x6C, 0x98, 0x01, 0x39, 0x76, 0x50, 0x0B, 0x25,
    0xA8, 0x61, 0x0A, 0x1A, 0x7C, 0x20, 0xBD, 0xBA, 0xAD, 0x24, 0xBE, 0x17, 0x53, 0x22, 0x69, 0x86,
    0x9C, 0x29, 0x1F, 0x53, 0xB4, 0x74, 0x75, 0x56, 0x20, 0xD3, 0xD5, 0xA9, 0x71, 0xD6, 0x46, 0xEF,
    0x4A, 0x10, 0x38, 0x04, 0xC1, 0x07, 0xFE, 0xA3, 0xE6, 0x3E, 0x6D, 0xB7, 0x13, 0x08, 0x62, 0x4B,
    0x9F, 0xCC, 0x27, 0x36, 0x6D, 0x6A, 0x0F, 0x32, 0x68, 0xE7, 0xD3, 0xE1, 0x03, 0xE2, 0xA5, 0x39,
    0xCB, 0x7B, 0x27, 0x5E, 0x77, 0xF3, 0x62, 0x34, 0x8A, 0x6C, 0xAE, 0x50, 0x68, 0x10, 0xB6, 0x54,
    0xF8, 0xD2, 0x7D, 0xCE, 0x7B, 0x5F, 0xEE, 0x7D, 0x90, 0x62, 0xDA, 0x94, 0x5E, 0x7B, 0x18, 0x13,
    0x8F, 0x5B, 0x7D, 0x28, 0x9B, 0x58, 0x0A, 0x14, 0xA6, 0x9C, 0xF2, 0x01, 0x67, 0x7C, 0x26, 0xE2,
    0xD5, 0x2F, 0x77, 0x26, 0xFA, 0x51, 0x21, 0x1B, 0x9B, 0xC1, 0xCA, 0x01, 0x2F, 0x1E, 0x80, 0x04,
    0x1A, 0x4C, 0xE0, 0xF5, 0xDE, 0x04, 0x02, 0x98, 0xE9, 0x83, 0xDF, 0xDA, 0xE1, 0xD5, 0xC6, 0xD4,
    0x05, 0x02, 0xE2, 0x81, 0xA6, 0x10, 0x33, 0x07, 0xB0, 0x2F, 0xB4, 0x19, 0xB0, 0x2F, 0x70, 0x87,
    0x58, 0x74, 0x62, 0x0A, 0xAC, 0xE2, 0x1E, 0x6E, 0x66, 0xA6, 0x0E, 0x40, 0xDC, 0x60, 0x05, 0x39,
    0xC5, 0x4C, 0x3D, 0xBB, 0x1E, 0x7C, 0x6A, 0x21, 0xA0, 0x77, 0x0C, 0xB9, 0x89, 0x93, 0xA2, 0x99,
    0x11, 0x39, 0x80, 0x0D, 0x39, 0xF4, 0x7B, 0x50, 0xA6, 0x72, 0x34, 0x74, 0x13, 0xBA, 0xD5, 0x4F,
    0xCF, 0x93, 0x33, 0xB5, 0xE0, 0xE9, 0xA7, 0xDE, 0x61, 0x1C, 0x3C, 0x9D, 0xFB, 0xFA, 0x57, 0x5D,
    0x3C, 0x7D, 0xB6, 0xC7, 0x7D, 0xAC, 0xD2, 0xCB, 0x2F, 0x59, 0x05, 0xDF, 0x62, 0xF0, 0xA9, 0x34,
    0x35, 0xAD, 0x43, 0x21, 0xBA, 0x51, 0x8E, 0x7C, 0x60, 0xCA, 0xA6, 0xBD, 0x22, 0x89, 0x20, 0x1F,
    0xD1, 0xF9, 0xD5, 0x3E, 0x77, 0xFA, 0xB1, 0x53, 0x6D, 0x86, 0x11, 0x56, 0x26, 0x2F, 0x2B, 0x5E,
    0x25, 0x48, 0x1A, 0x44, 0x9B, 0x10, 0xAF, 0x72, 0xA7, 0x77, 0x23, 0xC0, 0x61, 0x70, 0xDD, 0x46,
    0x43, 0x16, 0x36, 0xE0, 0x82, 0x01, 0x9F, 0xE9, 0x25, 0xEE, 0x72, 0x6D, 0x16, 0xF7, 0x91, 0x0D,
    0x7E, 0x6D, 0xED, 0x26, 0x52, 0x34, 0x14, 0xF8, 0x30, 0x53, 0x9F, 0x56, 0xDC, 0xC2, 0x8B, 0x84,
    0xC6, 0xC4, 0xFD, 0x38, 0xEE, 0xD2, 0xB7, 0x20, 0x1B, 0x7C, 0xA6, 0x48, 0xAE, 0xE8, 0xDB, 0x0A,
    0xC2, 0x49, 0x85, 0xDB, 0xF4, 0x47, 0x78, 0xC9, 0xC3, 0x91, 0x7F, 0x06, 0xFA, 0x50, 0x50, 0xA1,
    0xB0, 0xCB, 0xA4, 0xFC, 0xF8, 0x56, 0xB8, 0xA6, 0x02, 0x20, 0xEF, 0xEC, 0xC4, 0xC6, 0x75, 0x65,
    0x18, 0xE4, 0x66, 0xC0, 0xEE, 0x74, 0x3D, 0x70, 0x48, 0xBF, 0xE6, 0xE2, 0x5E, 0xCC, 0x94, 0x1D,
    0xAC, 0xEA, 0x58, 0xE5, 0x22, 0x30, 0xF5, 0x42, 0x20, 0xA6, 0x61, 0x66, 0x0F, 0x81, 0xE9, 0xE2,
    0xDA, 0x72, 0x12, 0x1F, 0x2D, 0x1A, 0x27, 0x49, 0x9C, 0xC0, 0x6B, 0xC1, 0x45, 0xEE, 0xC7, 0x70,
    0xE7, 0xF6, 0x8C, 0xAC, 0x29, 0xFF, 0x3D, 0xCF, 0x7E, 0xA5, 0xF7, 0x71, 0x3E, 0x8D, 0x2D, 0x18,
    0xDD, 0xF1, 0xEC, 0x58, 0xE8, 0x03, 0x2F, 0xC2, 0x39, 0xE9, 0x9B, 0x04, 0x05, 0xA6, 0x2B, 0xA6,
    0x5C, 0xCC, 0xF3, 0x38, 0xCF, 0xD4, 0xC1, 0x95, 0xF7, 0x0F, 0x77, 0x6C, 0x3E, 0xBD, 0xD0, 0x13,
    0xE7, 0x9B, 0xDD, 0x4E, 0xFD, 0xC7, 0x76, 0x9E, 0x7B, 0xDF, 0xFD, 0xD3, 0xD6, 0x7C, 0xFE, 0xE8,
    0x9F, 0x8B, 0x4F, 0x31, 0x75, 0x61, 0x27, 0x8D, 0x1F, 0x90, 0x0B, 0x9F, 0xB9, 0xFA, 0xE7, 0x5E,
    0x71, 0x45, 0x5A, 0x11, 0x37, 0x7E, 0xD1, 0x3E, 0xA3, 0x13, 0xD0, 0x33, 0x69, 0x3D, 0x34, 0x5E,
    0xC2, 0x61, 0x9A, 0x2B, 0xEC, 0x7B, 0xBA, 0x7F, 0xD4, 0xA0, 0x2D, 0xD3, 0x9D, 0xF6, 0x62, 0x9A,
    0x7F, 0x39, 0x42, 0xAF, 0xC7, 0xC3, 0x79, 0x94, 0xCF, 0x19, 0x26, 0x46, 0x34, 0xA0, 0xBD, 0xE8,
    0xC9, 0xEB, 0x4A, 0xC8, 0xC6, 0xFE, 0x08, 0xFF, 0x2A, 0x3C, 0xC1, 0x67, 0xE3, 0xC5, 0x73, 0x8F,
    0x22, 0x38, 0x68, 0x9A, 0x40, 0x24, 0x08, 0xFE, 0x7E, 0xF1, 0x47, 0x33, 0x9A, 0x29, 0x1A, 0xC6,
    0xB6, 0xD9, 0xD7, 0x61, 0x6D, 0xFF, 0xE0, 0x61, 0x5F, 0xCB, 0xFC, 0x8B, 0x08, 0x77, 0xA2, 0xDD,
    0x91, 0xB6, 0x59, 0x29, 0xDC, 0x97, 0x99, 0xDB, 0xB2, 0xB6, 0xDA, 0x26, 0x2B, 0x99, 0x7C, 0x59,
    0x79, 0x21, 0xAC, 0xAC, 0xF1, 0xD3, 0xB8, 0xEC, 0xEB, 0x36, 0xFF, 0xAA, 0xC0, 0xED, 0x31, 0x2D,
    0x43, 0x4D, 0x20, 0x11, 0xC4, 0xDB, 0x5C, 0x08, 0xAF, 0xCB, 0xF0, 0x81, 0x99, 0xBA, 0xFA, 0x8C,
    0x4E, 0x88, 0xD8, 0xF4, 0x42, 0x0F, 0xBD, 0x91, 0x30, 0x35, 0x5E, 0x49, 0xD6, 0xF5, 0x70, 0x09,
    0x4E, 0x86, 0xAB, 0xE7, 0x9F, 0xEA, 0x07, 0xF8, 0x22, 0x77, 0x42, 0xD7, 0x5F, 0x92, 0xF9, 0x3F,
    0xC5, 0xC3, 0x1D, 0x0F, 0xF6, 0x9E, 0x06, 0xFE, 0x1E, 0xDF, 0xE0, 0xA3, 0x2B, 0xBE, 0x27, 0x2B,
    0x7E, 0x66, 0xC6, 0x13, 0x1F, 0x56, 0xBC, 0x69, 0x60, 0x00, 0xD7, 0xDE, 0x38, 0x88, 0x4D, 0xBF,
    0xD6, 0xE0, 0xBC, 0xD6, 0xF8, 0x9F, 0x9D, 0x70, 0xA0, 0x07, 0x3B, 0xA8, 0x37, 0x7E, 0xC0, 0xA6,
    0x88, 0x13, 0xE8, 0x8D, 0x72, 0x11, 0x27, 0xCF, 0x43, 0xDA, 0x0B, 0x9D, 0xF8, 0x01, 0x22, 0x69,
    0x9A, 0xDC, 0x63, 0xD2, 0x98, 0x16, 0xF5, 0x4C, 0xC2, 0x49, 0x9C, 0xB5, 0x17, 0x22, 0xEC, 0xA0,
    0x48, 0x2F, 0xDC, 0xC1, 0x73, 0x11, 0x0B, 0x6D, 0xEA, 0x42, 0x04, 0x5E, 0xA2, 0x71, 0x0E, 0x4F,
    0x64, 0xFF, 0x10, 0xA7, 0x37, 0x72, 0x47, 0x87, 0xDB, 0xE5, 0x85, 0x62, 0xBB, 0x83, 0xB4, 0x3D,
    0xE0, 0xBB, 0x1E, 0x1F, 0x5C, 0xB7, 0x37, 0x5E, 0xB7, 0xEF, 0x9B, 0x88, 0x3B, 0xC0, 0x27, 0xB8,
    0x00, 0xD3, 0x85, 0x2F, 0x72, 0x11, 0xCD, 0x33, 0xA5, 0x27, 0x8E, 0x13, 0x8B, 0xC6, 0xEB, 0xE0,
    0x79, 0xFB, 0x6A, 0xF2, 0xFE, 0xEE, 0xB8, 0x9B, 0x6B, 0xB0, 0xFE, 0x39, 0x16, 0x7E, 0xC3, 0x05,
    0x33, 0xB2, 0xC5, 0xFB, 0xE5, 0x32, 0x80, 0xBF, 0xEE, 0x7A, 0xBF, 0x77, 0x4E, 0x2D, 0xFD, 0x9C,
    0x83, 0x7E, 0x4E, 0x43, 0x3F, 0xA7, 0xD6, 0x7D, 0xEA, 0x59, 0xE2, 0x2C, 0x7E, 0x16, 0x52, 0xCC,
    0xDF, 0x1B, 0xDA, 0xD2, 0x23, 0xD3, 0x6E, 0x93, 0x38, 0x35, 0xF0, 0x85, 0xFD, 0xA9, 0x25, 0x47,
    0x4B, 0x41, 0x2C, 0x09, 0x9F, 0xD1, 0x92, 0x3A, 0x1C, 0x07, 0x66, 0x1D, 0xA0, 0xC1, 0xC9, 0xB3,
    0xC6, 0xA6, 0x89, 0x13, 0xD1, 0x57, 0x35, 0x91, 0x23, 0x5C, 0xBF, 0xDC, 0xAF, 0xDC, 0xDB, 0x63,
    0xBF, 0x29, 0xE6, 0xF3, 0x85, 0x90, 0x41, 0x34, 0x31, 0xE8, 0x7B, 0x96, 0xC0, 0x8B, 0x69, 0xD7,
    0xE7, 0x3D, 0x35, 0xD3, 0xA7, 0x74, 0xAA, 0x21, 0x20, 0xA7, 0x7C, 0xEA, 0xD7, 0xA7, 0xEA, 0x63,
    0x31, 0x5F, 0xFF, 0xFF, 0x70, 0x7B, 0x87, 0xEB, 0x30, 0x32, 0xB5, 0x13, 0x49, 0x5F, 0x6F, 0xCA,
    0xD3, 0x3C, 0x57, 0xA5, 0xEE, 0xAB, 0xA6, 0x60, 0xF4, 0xE3, 0xE2, 0x33, 0x3F, 0xD3, 0xE8, 0x6F,
    0xEB, 0xBD, 0xDE, 0xF7, 0x30, 0x07, 0x00, 0x09, 0x36, 0x7F, 0xFE, 0xC7, 0xBB, 0x78, 0x37, 0x56,
    0x5E, 0xCC, 0xC0, 0x88, 0x9F, 0x83, 0x51, 0x3F, 0x06, 0x23, 0x83, 0xB8, 0xD4, 0x84, 0x68, 0xA1,
    0x25, 0x5B, 0xF5, 0x79, 0x99, 0xF6, 0x1D, 0xCC, 0xFB, 0x4B, 0x16, 0xD3, 0x21, 0xEE, 0xE2, 0x85,
    0xF3, 0xB7, 0x57, 0x86, 0x57, 0x48, 0x53, 0xF4, 0x2F, 0x41, 0x9A, 0x57, 0x38, 0x72, 0x2B, 0xF7,
    0x33, 0x3E, 0x91, 0x7D, 0xFE, 0x91, 0xB4, 0x23, 0x2F, 0xD9, 0xD2, 0x15, 0x66, 0x5D, 0xF5, 0x09,
    0x33, 0x78, 0x87, 0xC9, 0xA2, 0xDC, 0x3B, 0xDB, 0x23, 0xD4, 0x5E, 0x59, 0xB1, 0x8C, 0x48, 0x4E,
    0x0B, 0x22, 0x6E, 0xEB, 0x25, 0xB4, 0x84, 0xF4, 0xD8, 0xD5, 0x19, 0x72, 0x1F, 0x8F, 0x74, 0xF9,
    0xD3, 0x75, 0x77, 0xEF, 0x35, 0xDD, 0x77, 0xD7, 0xE1, 0xD8, 0xC8, 0xD5, 0x4E, 0x9E, 0xC7, 0x78,
    0x2F, 0x3D, 0xBF, 0x6C, 0x74, 0x70, 0x7F, 0x07, 0xE3, 0xA0, 0x29, 0xBE, 0xFF, 0x88, 0xE6, 0x42,
    0xC8, 0x0E, 0xEA, 0xC0, 0x0E, 0xCA, 0x0F, 0xE4, 0x78, 0xCE, 0x42, 0xBF, 0x26, 0x57, 0x03, 0x38,
    0xF0, 0xDF, 0xB2, 0xE7, 0xC1, 0x17, 0xC8, 0xBD, 0x3C, 0x3E, 0xFD, 0xFE, 0xAE, 0xC9, 0x7F, 0x19,
    0x53, 0x02, 0x1B, 0x79, 0xC9, 0xE1, 0x50, 0x61, 0x82, 0x01, 0xBF, 0xF3, 0xCE, 0x6B, 0x86, 0x69,
    0x28, 0x3B, 0xFF, 0xFE, 0x99, 0x54, 0x4D, 0x2A, 0xE5, 0xB5, 0x2A, 0x4F, 0xCD, 0x67, 0x1D, 0xDB,
    0xF5, 0x1D, 0x7F, 0x4A, 0x34, 0x79, 0x75, 0x6B, 0xD8, 0x52, 0x85, 0x2F, 0x11, 0xF9, 0x24, 0xF5,
    0x15, 0x7F, 0x9B, 0x4C, 0xB1, 0xAC, 0xC2, 0x3E, 0xBD, 0xC2, 0xC3, 0xB9, 0x6C, 0x95, 0x6D, 0x0A,
    0x5D, 0x96, 0x95, 0xB5, 0x8D, 0xCB, 0xC0, 0xE4, 0x42, 0x0E, 0x0A, 0x08, 0x41, 0xEA, 0x79, 0xEA,
    0xB3, 0xE0, 0xBB, 0xAE, 0x37, 0xD5, 0xBA, 0x57, 0xE6, 0xC0, 0x44, 0x9B, 0xEE, 0x11, 0xF5, 0x03,
    0x9E, 0xD5, 0xBD, 0xE1, 0x53, 0x90, 0x07, 0xB5, 0xF8, 0xE5, 0xEB, 0x5B, 0xCF, 0xEC, 0x60, 0xD3,
    0x1F, 0x34, 0xA6, 0xE7, 0xA7, 0x19, 0xBD, 0xB6, 0x66, 0x6A, 0xE9, 0xDC, 0xA5, 0xD7, 0x58, 0x69,
    0xCB, 0x8A, 0x7C, 0x8D, 0xCB, 0x3E, 0xF7, 0x91, 0x30, 0xA1, 0x7F, 0x2B, 0x34, 0x0C, 0xFF, 0xBA,
    0xEA, 0xB8, 0xF0, 0x7A, 0x5F, 0xEF, 0xB9, 0xCC, 0x40, 0xC3, 0xC8, 0x35, 0x53, 0xAE, 0xFF, 0x03,
    0xB5, 0x97, 0x5D, 0x8A, 0xE4, 0xCC, 0x0E, 0x44, 0x0F, 0xE8, 0xB5, 0x20, 0xB6, 0xE2, 0x05, 0x08,
    0x72, 0xEB, 0x82, 0x5E, 0x40, 0x6F, 0x25, 0xA0, 0x5F, 0x05, 0xBA, 0x76, 0xE2, 0x62, 0xEA, 0xFB,
    0x9F, 0x99, 0xAE, 0x6B, 0xE9, 0x04, 0x74, 0xBA, 0x14, 0x76, 0x66, 0xA5, 0xD5, 0x2E, 0x70, 0x5C,
    0x51, 0x40, 0x05, 0x81, 0xEE, 0xC8, 0x3B, 0x9A, 0xC6, 0x20, 0x78, 0xC0, 0x38, 0xC6, 0x2A, 0x16,
    0x34, 0xF8, 0x2F, 0xD9, 0xC1, 0x1A, 0xA2, 0x09, 0x10, 0xC0, 0x14, 0x1A, 0x23, 0x0E, 0x12, 0x78,
    0xA5, 0x41, 0xD3, 0xAC, 0x13, 0x0C, 0x71, 0x51, 0x6C, 0x74, 0x01, 0xCC, 0xCC, 0xC6, 0xE4, 0x8C,
    0x97, 0x2A, 0x71, 0xE2, 0x63, 0xEB, 0x8A, 0x5A, 0x63, 0x77, 0x1F, 0x1C, 0x02, 0x8B, 0x28, 0x9D,
    0x71, 0x2A, 0x51, 0x79, 0xD2, 0x60, 0xC3, 0x57, 0xB1, 0x19, 0xF6, 0xC5, 0x9E, 0x17, 0x5F, 0x63,
    0xE6, 0x04, 0xB3, 0x89, 0x02, 0x3F, 0x0F, 0x03, 0xBC, 0xFE, 0x39, 0x1D, 0x67, 0x16, 0x77, 0x36,
    0x31, 0xA5, 0x70, 0x72, 0xA7, 0x3E, 0x2A, 0x06, 0x16, 0xA8, 0x88, 0x2A, 0x31, 0xC3, 0x34, 0x99,
    0x9D, 0x68, 0x0A, 0x3A, 0x9A, 0x28, 0x84, 0x38, 0xA2, 0x32, 0xA6, 0xEA, 0x50, 0xE0, 0x23, 0xE1,
    0xF0, 0x53, 0xF2, 0x29, 0xF7, 0xD8, 0x21, 0xCA, 0xA9, 0x29, 0x8B, 0x8C, 0xDA, 0x06, 0x34, 0x0D,
    0x6B, 0x0A, 0x7D, 0x66, 0x1E, 0xE9, 0x1D, 0xF6, 0x3A, 0xA8, 0x03, 0xB7, 0xCA, 0x2B, 0xAA, 0x85,
    0x93, 0x5C, 0xA4, 0x90, 0x50, 0xD4, 0x23, 0x98, 0x7D, 0x80, 0x5E, 0x73, 0x3C, 0xFE, 0xCB, 0x3D,
    0x12, 0x95, 0x1A, 0xEA, 0x90, 0xCA, 0x87, 0xA2, 0x0E, 0x6F, 0x91, 0x2A, 0xAD, 0xE1, 0x14, 0x71,
    0x6C, 0xB9, 0xCE, 0x3A, 0x2F, 0x91, 0xF8, 0xFA, 0xF3, 0x3D, 0xCE, 0xF8, 0x4C, 0x75, 0xAE, 0x43,
    0x0E, 0x47, 0x6A, 0x35, 0x45, 0xF2, 0x9A, 0xB3, 0x8F, 0x3F, 0x0D, 0xC2, 0x3D, 0xAE, 0x7E, 0x3C,
    0x37, 0xA5, 0xA3, 0x44, 0x32, 0x3D, 0xFD, 0x1C, 0x55, 0xCB, 0x24, 0x59, 0x39, 0x5E, 0x68, 0x9F,
    0x37, 0x34, 0x89, 0x69, 0xFC, 0x8C, 0xE7, 0x4E, 0x7F, 0x86, 0xEE, 0x58, 0xA5, 0x19, 0x34, 0x42,
    0xC0, 0xFA, 0xEB, 0x36, 0x25, 0x66, 0x4A, 0x27, 0x6B, 0x3E, 0x36, 0xF3, 0x27, 0xD6, 0x0B, 0x3A,
    0x21, 0x7E, 0x8E, 0xEC, 0x16, 0x89, 0x88, 0x12, 0x8D, 0x6A, 0xF1, 0x85, 0x76, 0x3C, 0xC8, 0x3B,
    0xE4, 0xCC, 0xE3, 0xE1, 0x2B, 0xD2, 0xC7, 0x72, 0x04, 0x8A, 0x3A, 0xAB, 0xA3, 0x1C, 0x3E, 0x33,
    0xA3, 0xAC, 0xA8, 0x14, 0x4E, 0x8E, 0x07, 0x98, 0x94, 0x71, 0x16, 0xF7, 0x6C, 0x45, 0x54, 0xB2,
    0xC1, 0xA9, 0xA8, 0x96, 0xE2, 0x22, 0xC9, 0xC7, 0x81, 0xD3, 0x51, 0x3E, 0x99, 0x56, 0xE0, 0x84,
    0x6A, 0xA2, 0x30, 0x89, 0x8C, 0xC9, 0xC2, 0x5C, 0x46, 0xA7, 0x88, 0x6D, 0x74, 0x0B, 0x5F, 0x83,
    0xE2, 0x23, 0x4A, 0xFB, 0x3A, 0x22, 0x8A, 0x44, 0x60, 0x16, 0xF8, 0x59, 0x26, 0x04, 0xC9, 0x1A,
    0xFA, 0x12, 0x0D, 0xF8, 0x21, 0xEE, 0x33, 0x5B, 0xA2, 0xC9, 0x4B, 0x0C, 0x8F, 0x28, 0x50, 0x94,
    0x2B, 0x15, 0x9E, 0xCE, 0x47, 0xAD, 0xF2, 0x2A, 0xF0, 0x57, 0x11, 0x1F, 0x1F, 0x85, 0x22, 0x20,
    0x35, 0x7E, 0x5E, 0xED, 0x36, 0x83, 0x22, 0xBC, 0xB3, 0x00, 0xE0, 0x1E, 0x5F, 0xD0, 0x84, 0x11,
    0xE4, 0xCE, 0xDE, 0xB9, 0x9B, 0x48, 0x45, 0x03, 0x17, 0x09, 0x08, 0x08, 0x00, 0x60, 0xDD, 0x0C,
    0xC4, 0xC5, 0x27, 0xE8, 0x42, 0xB0, 0x54, 0x64, 0x14, 0x7D, 0x32, 0x53, 0x71, 0x71, 0x2F, 0xF5,
    0x3A, 0x49, 0xC2, 0x7D, 0x62, 0x30, 0xD0, 0x10, 0x06, 0x01, 0xF9, 0x66, 0x6F, 0x15, 0xAC, 0x02,
    0x9B, 0xA8, 0xE3, 0xBD, 0xDE, 0x23, 0x62, 0x9A, 0xC0, 0xEF, 0xF5, 0xF5, 0x0D, 0xBC, 0xD7, 0xF7,
    0x5E, 0x87, 0xCD, 0x14, 0xAC, 0x37, 0xFB, 0xC7, 0x4C, 0x83, 0x66, 0x0C, 0x2B, 0x01, 0x72, 0x6B,
    0x6F, 0x75, 0x03, 0x51, 0x06, 0x54, 0xA6, 0x10, 0x33, 0x90, 0x97, 0x9E, 0x98, 0x4B, 0x0B, 0xC2,
    0x51, 0xA0, 0xDA, 0x8A, 0x0A, 0xD6, 0xD6, 0x46, 0xD3, 0x78, 0x2B, 0x9A, 0x62, 0xC6, 0xD1, 0x94,
    0x0A, 0x5E, 0x5B, 0x53, 0x03, 0xFE, 0x07, 0x1A, 0x58, 0xB0, 0x3D, 0xE2, 0x84, 0x03, 0x30, 0x90,
    0xC0, 0x03, 0x48, 0x08, 0x03, 0x2A, 0x88, 0x02, 0x2E, 0x0C, 0xDC, 0x77, 0x77, 0x12, 0x86, 0xA8,
    0x1F, 0xE8, 0xE2, 0xF6, 0xD4, 0x98, 0xD7, 0x7B, 0x79, 0x65, 0xC6, 0x27, 0x75, 0x9B, 0x27, 0xB0,
    0x8D, 0xDE, 0xEC, 0x6D, 0x88, 0x06, 0x09, 0x32, 0xDE, 0xEB, 0x2D, 0xC1, 0x12, 0xC0, 0x7B, 0x7D,
    0x17, 0x08, 0xA2, 0xA0, 0x00, 0xA6, 0xD9, 0x55, 0x08, 0x16, 0xE4, 0x4B, 0x36, 0xF8, 0xCE, 0x30,
    0x51, 0x57, 0xCA, 0x4C, 0xF3, 0x6C, 0x61, 0x85, 0xF8, 0x7D, 0x93, 0x30, 0x32, 0x99, 0xF8, 0xF1,
    0xFB, 0x26, 0x99, 0x57, 0xF2, 0x8D, 0xDB, 0x18, 0xC3, 0x5E, 0x58, 0x39, 0x2A, 0x4E, 0xE8, 0x0B,
    0x15, 0x29, 0xC8, 0x19, 0xFA, 0x42, 0xD0, 0x0B, 0x9C, 0xC4, 0x89, 0x2A, 0x59, 0x27, 0x73, 0x2F,
    0x2C, 0x10, 0xA3, 0x4B, 0x1A, 0x14, 0x06, 0x00, 0x4C, 0x54, 0x34, 0xDA, 0x42, 0x6C, 0xF9, 0x7C,
    0x8A, 0x3E, 0x2B, 0x51, 0xFC, 0x10, 0x27, 0xC2, 0x4D, 0x62, 0x93, 0xE4, 0x1F, 0x45, 0xC6, 0xA8,
    0xD8, 0x42, 0xF8, 0x4F, 0xCF, 0x12, 0xA0, 0xB9, 0x67, 0x12, 0x56, 0xD1, 0x0B, 0x32, 0x6F, 0xFA,
    0xC4, 0x3F, 0xE8, 0x1B, 0x9B, 0x70, 0xA3, 0x5A, 0xAC, 0xD2, 0x34, 0x31, 0x06, 0xC2, 0xAF, 0x8F,
    0xCD, 0x7B, 0xBD, 0x9F, 0xAD, 0xEF, 0xA3, 0x10, 0xF5, 0x56, 0xEF, 0xE8, 0x44, 0x63, 0x1E, 0xF1,
    0x66, 0xDF, 0x0F, 0x9F, 0x14, 0xC0, 0x3B, 0x7D, 0x4D, 0x26, 0xAD, 0x70, 0x7C, 0x16, 0x03, 0xD7,
    0x28, 0xFA, 0xA8, 0x85, 0x9B, 0x3C, 0x38, 0x80, 0x80, 0x98, 0xCF, 0x62, 0xCD, 0x40, 0xD3, 0x84,
    0x19, 0x54, 0x31, 0x08, 0x7D, 0x5E, 0x22, 0x16, 0x29, 0x12, 0x8B, 0x8C, 0x4B, 0x54, 0x7B, 0xE4,
    0x94, 0xE4, 0x0C, 0xD3, 0xAC, 0x0A, 0xA3, 0x92, 0xD1, 0x76, 0x7A, 0x76, 0x63, 0x88, 0x3F, 0x6F,
    0x26, 0x50, 0x91, 0x1B, 0xE8, 0x1B, 0x2F, 0x70, 0x6E, 0xE2, 0xA2, 0x2E, 0xFA, 0xC4, 0x1B, 0x5D,
    0x60, 0x16, 0x4D, 0xB3, 0xA6, 0xD1, 0xB3, 0xF7, 0xA2, 0xDB, 0xD7, 0x6F, 0xF6, 0x6E, 0x88, 0x79,
    0xF6, 0xDE, 0x7A, 0xAB, 0xB7, 0x3E, 0x0A, 0x45, 0x01, 0xBC, 0xFF, 0x9E, 0x0D, 0x51, 0x20, 0x00,
    0x68, 0x54, 0x89, 0xC8, 0x1D, 0xCD, 0xC2, 0x28, 0x0A, 0xE9, 0x02, 0xD4, 0x10, 0x2F, 0x65, 0x4F,
    0xF4, 0x04, 0x36, 0x98, 0x4D, 0x5C, 0x4C, 0x9D, 0x34, 0x51, 0x0B, 0x95, 0xD0, 0xD6, 0x0D, 0x62,
    0xB1, 0x18, 0xD6, 0xF4, 0x49, 0x91, 0x7F, 0xFA, 0x3F, 0x0E, 0x6A, 0x60, 0x06, 0xB0, 0x8A, 0xE7,
    0x9B, 0xF6, 0x25, 0x0B, 0x54, 0xCF, 0xFE, 0x26, 0xD5, 0x25, 0xC0, 0x52, 0xC1, 0x0A, 0x43, 0xD2,
    0x90, 0x2C, 0x48, 0x04, 0x8D, 0xE0, 0x8B, 0x05, 0x9E, 0xBE, 0xC4, 0x60, 0x20, 0xB6, 0xD4, 0x53,
    0x06, 0xA0, 0x01, 0x58, 0x80, 0x9E, 0xE3, 0x17, 0x80, 0x80, 0xF9, 0x28, 0x79, 0x10, 0x6B, 0x47,
    0xDE, 0x34, 0xB9, 0x31, 0xCD, 0x8E, 0x30, 0x6B, 0x8C, 0x6C, 0x60, 0xBD, 0x2C, 0x38, 0xDF, 0xF3,
    0x0A, 0x83, 0x0C, 0x99, 0x60, 0x7D, 0xCF, 0x6B, 0x7D, 0x14, 0x5F, 0x03, 0x95, 0xDF, 0xF3, 0xC9,
    0xBB, 0xEF, 0xC0, 0xF7, 0x7C, 0xEE, 0x79, 0x6D, 0x64, 0x08, 0x7F, 0x73, 0x7E, 0xA8, 0x62, 0x3E,
    0xC7, 0xF2, 0xB8, 0xC5, 0xAA, 0x5C, 0xCF, 0x5E, 0xE4, 0x64, 0x8D, 0xFB, 0x14, 0x9A, 0x06, 0x6F,
    0x89, 0x86, 0x56, 0x73, 0xAC, 0xFE, 0x9C, 0x5A, 0x3E, 0x05, 0x15, 0xD3, 0xF2, 0x21, 0x58, 0x90,
    0xD0, 0x3B, 0xBD, 0xB3, 0x21, 0x61, 0x4D, 0x69, 0x8A, 0x22, 0xEA, 0x3E, 0x11, 0x66, 0x15, 0xE4,
    0xEB, 0x5B, 0x0E, 0x08, 0xC6, 0xE1, 0x16, 0xB9, 0xE8, 0x0C, 0xAF, 0xA9, 0xE9, 0x57, 0xAB, 0xBA,
    0xAD, 0x68, 0x30, 0x51, 0x88, 0x5F, 0x2B, 0x54, 0xB1, 0x8C, 0x1D, 0x95, 0xBF, 0x56, 0xE8, 0xBC,
    0x12, 0x7E, 0xA9, 0x6A, 0x21, 0xA2, 0x28, 0xE0, 0xF5, 0xA9, 0x26, 0x77, 0x34, 0xDE, 0xC1, 0xA2,
    0x71, 0xFC, 0xC7, 0xA7, 0xC2, 0x72, 0xA6, 0xF5, 0xEF, 0x9F, 0x4A, 0xE5, 0x82, 0xFF, 0xB8, 0xDE,
    0x23, 0x60, 0x4D, 0x11, 0x0D, 0x32, 0x74, 0xC2, 0x71, 0x82, 0x60, 0x44, 0xCC, 0xA0, 0x9A, 0x97,
    0x4D, 0xB4, 0x30, 0x79, 0xD3, 0x34, 0xDE, 0xE5, 0x1A, 0xFE, 0xFA, 0x90, 0x60, 0xA4, 0x41, 0xB9,
    0x90, 0x85, 0x4A, 0xAC, 0xE7, 0x5D, 0x5C, 0xDC, 0xD1, 0x77, 0xF8, 0x0E, 0x12, 0xF4, 0xBA, 0x15,
    0x88, 0xB1, 0xDC, 0x62, 0x2D, 0x56, 0xA2, 0xBE, 0x72, 0xF9, 0xCA, 0x6C, 0x3A, 0xF1, 0x5E, 0x62,
    0x5E, 0xB7, 0xC2, 0xAF, 0x15, 0xAA, 0x58, 0xA6, 0x1D, 0x95, 0xBF, 0x56, 0x38, 0x62, 0x26, 0xAA,
    0x7F, 0xAD, 0xAA, 0x13, 0x27, 0xF0, 0x6B, 0x55, 0x07, 0xF4, 0x4E, 0x00, 0x66, 0x1F, 0x00, 0x3C,
    0xC7, 0x13, 0x14, 0xC5, 0x0C, 0x72, 0x23, 0x86, 0x8C, 0x4F, 0x36, 0x12, 0xCE, 0x13, 0x27, 0x5F,
    0x95, 0x4C, 0x35, 0xEB, 0xFE, 0xEA, 0x66, 0xA0, 0xFE, 0xA9, 0x8F, 0x17, 0x08, 0x95, 0xF8, 0x11,
    0x0B, 0xBD, 0x7E, 0x7D, 0xE4, 0x6B, 0x3F, 0xE9, 0x93, 0xD7, 0x3E, 0x8E, 0x21, 0xBE, 0xE5, 0xF5,
    0xE7, 0x3E, 0xFE, 0x3D, 0xAF, 0xD4, 0xC9, 0x02, 0xF8, 0x9E, 0x0F, 0x2A, 0x58, 0xAF, 0x2F, 0x49,
    0x00, 0x8F, 0x30, 0x0E, 0x6F, 0x2D, 0xAC, 0x93, 0xD7, 0xD7, 0x8E, 0x86, 0xC3, 0xB0, 0x2E, 0xEA,
    0xE4, 0xAF, 0xBF, 0xC8, 0xC3, 0x30, 0x75, 0x02, 0xFC, 0xFD, 0xAF, 0xC2, 0x07, 0x78, 0x8A, 0xAF,
    0x0F, 0xD3, 0x6C, 0xC2, 0x37, 0x75, 0x11, 0x17, 0xA5, 0x8D, 0xD0, 0x9A, 0x13, 0xFF, 0xAD, 0x55,
    0x03, 0x28, 0x6A, 0x03, 0xFF, 0x97, 0x39, 0xFC, 0x0F, 0xB5, 0x9A, 0xDD, 0x6A, 0xE4, 0xCA, 0x0E,
    0x85, 0x3F, 0xD0, 0x6D, 0xC3, 0x7A, 0x95, 0x7E, 0x00, 0x81, 0x5E, 0x5D, 0x90, 0xDB, 0x03, 0x79,
    0x15, 0x41, 0x6E, 0x05, 0x3A, 0xED, 0x3F, 0xE2, 0x24, 0xBB, 0xF7, 0x4C, 0xCF, 0x78, 0x53, 0x5A,
    0x0B, 0x7A, 0x8C, 0x5D, 0x5F, 0xC9, 0xAE, 0x72, 0x59, 0x13, 0x98, 0xC2, 0x1E, 0x02, 0x20, 0x76,
    0x0D, 0xD8, 0xA2, 0x77, 0xD0, 0x22, 0x41, 0x28, 0x71, 0x4B, 0xFA, 0xA1, 0x99, 0xB4, 0x45, 0x8F,
    0x26, 0x2C, 0xE3, 0x21, 0xC7, 0xAA, 0x1F, 0x2A, 0x28, 0x62, 0x60, 0x1A, 0x00, 0x04, 0xCC, 0x5B,
    0xAA, 0x06, 0x11, 0x6B, 0xF3, 0x5D, 0x8D, 0xAF, 0x2A, 0x7A, 0x6B, 0x56, 0xC4, 0x14, 0xAA, 0x02,
    0xD2, 0x21, 0xEF, 0x30, 0x05, 0x91, 0x97, 0xF2, 0xDD, 0x0D, 0xEE, 0x82, 0x68, 0x50, 0xFD, 0x25,
    0xE7, 0x45, 0x4C, 0x58, 0x82, 0x00, 0xDF, 0x15, 0xF9, 0xC7, 0x4C, 0xC7, 0xA5, 0x6E, 0xBB, 0x94,
    0x7C, 0xBD, 0x7E, 0x01, 0x80, 0x66, 0xE1, 0x2A, 0x6B, 0x52, 0xFB, 0xD1, 0x00, 0x1C, 0x68, 0xA0,
    0x9E, 0xA8, 0x81, 0x00, 0x34, 0x8D, 0x3D, 0x04, 0x8D, 0x15, 0x96, 0x08, 0x00, 0x25, 0xD3, 0xAA,
    0x35, 0xC3, 0xE0, 0xD0, 0x6B, 0x14, 0x14, 0x34, 0x38, 0xC4, 0xA4, 0x26, 0xA1, 0xC1, 0x06, 0xF4,
    0x0E, 0x6E, 0x79, 0x29, 0x94, 0x92, 0x48, 0xAA, 0x2C, 0xFD, 0x45, 0xA8, 0xA3, 0x2B, 0xB8, 0x1A,
    0x48, 0x00, 0xAF, 0xD1, 0x88, 0xC2, 0xDE, 0x13, 0x06, 0xE8, 0x6B, 0x89, 0x2A, 0xF0, 0x22, 0x5E,
    0xBF, 0x6F, 0x96, 0x0D, 0x1F, 0x3B, 0x94, 0x03, 0xC0, 0x14, 0xCC, 0xA4, 0x95, 0xCA, 0xD2, 0x1E,
    0xA2, 0x17, 0x29, 0x71, 0xB1, 0xAA, 0x0F, 0x05, 0x94, 0x63, 0x0F, 0x29, 0x9D, 0x78, 0x68, 0x98,
    0xA9, 0x87, 0x00, 0xA8, 0x02, 0xFB, 0x48, 0xB0, 0xB7, 0xC5, 0xDE, 0x01, 0x4B, 0xB8, 0x2D, 0x36,
    0xEF, 0x89, 0x6A, 0x40, 0x04, 0xC4, 0x06, 0x7A, 0x58, 0xE3, 0xBB, 0x15, 0x0D, 0xBD, 0x9A, 0x15,
    0x44, 0x17, 0xA8, 0xEA, 0xD7, 0x98, 0x33, 0xF4, 0xA2, 0xDF, 0xC1, 0x04, 0x2B, 0x6C, 0x1A, 0x3D,
    0x84, 0x25, 0x6E, 0x69, 0xF3, 0xFE, 0xFB, 0xF3, 0xB5, 0x6B, 0x83, 0x8A, 0xD9, 0x04, 0x2B, 0xDB,
    0xC6, 0x07, 0x96, 0x9F, 0xD2, 0x22, 0x40, 0x6B, 0x77, 0x75, 0xBE, 0xE7, 0x67, 0xED, 0x7C, 0x09,
    0xD3, 0x4B, 0x00, 0x82, 0x29, 0xAB, 0x16, 0x1E, 0xB4, 0x5B, 0xC5, 0xE4, 0xF4, 0xF9, 0xAE, 0xE6,
    0x7E, 0x57, 0xDD, 0x16, 0x81, 0x06, 0xAC, 0xAE, 0xC5, 0xC9, 0x1B, 0xE5, 0x4C, 0x11, 0xF9, 0x1A,
    0x14, 0xC5, 0x26, 0xAE, 0x05, 0x52, 0x2E, 0x01, 0x2F, 0xD1, 0x5C, 0xD7, 0x3B, 0xE0, 0x40, 0xED,
    0x9A, 0x97, 0x28, 0x6E, 0x70, 0x87, 0x82, 0x82, 0x01, 0xB7, 0x44, 0x01, 0xD6, 0xD7, 0xDF, 0xB7,
    0xF3, 0x12, 0xF1, 0x12, 0x23, 0x01, 0xCC, 0x36, 0x87, 0x45, 0x9D, 0xD6, 0xAD, 0xB6, 0xE6, 0xFE,
    0x73, 0xDD, 0x5A, 0x75, 0x2F, 0x26, 0x37, 0xD9, 0xAA, 0x46, 0x8B, 0x08, 0x84, 0x66, 0xB0, 0xD9,
    0x07, 0xA9, 0x02, 0x77, 0xA8, 0x1B, 0x00, 0x04, 0xD8, 0xBC, 0xBD, 0x3E, 0xF7, 0x28, 0xD8, 0xB3,
    0x94, 0x5A, 0xF0, 0x60, 0x0A, 0x30, 0xEE, 0x18, 0x85, 0x4D, 0xC2, 0x70, 0x29, 0xFF, 0x5D, 0x5F,
    0xF7, 0x1F, 0xD7, 0xF3, 0x9F, 0xC8, 0xB8, 0x96, 0xDD, 0x72, 0x13, 0x70, 0x3D, 0xF7, 0x85, 0x9C,
    0x00, 0x7C, 0x9B, 0x65, 0x09, 0x70, 0x07, 0x4E, 0xB3, 0xE2, 0x3F, 0xCB, 0xFD, 0x24, 0xE7, 0x67,
    0xBF, 0xD0, 0x22, 0x2B, 0xC2, 0x12, 0x3F, 0xA4, 0x4D, 0xAD, 0x99, 0x5A, 0x05, 0x15, 0x58, 0x39,
    0x96, 0x67, 0x35, 0xCA, 0x42, 0xD0, 0xD8, 0x20, 0xE1, 0x07, 0x3C, 0xB5, 0x6F, 0xBE, 0x8E, 0x48,
    0xA9, 0xE5, 0xA1, 0xD4, 0x23, 0x02, 0x05, 0xE1, 0xF8, 0x16, 0x8D, 0x17, 0x5D, 0x54, 0x51, 0x14,
    0xC2, 0x76, 0x0B, 0x62, 0x66, 0x6A, 0x16, 0x5B, 0xB8, 0xD0, 0x6A, 0xD0, 0x2C, 0x58, 0xBB, 0x41,
    0xB1, 0xD0, 0xE1, 0xBB, 0xE5, 0xC9, 0x1A, 0x25, 0x85, 0x0E, 0xA4, 0x98, 0x8A, 0xC9, 0x8D, 0x6A,
    0x45, 0x1A, 0x95, 0x16, 0xAA, 0xE7, 0x48, 0xC4, 0x5B, 0x32, 0x03, 0xD9, 0x00, 0x30, 0x0D, 0x53,
    0x20, 0x78, 0xBA, 0x56, 0x35, 0x50, 0x9F, 0x3A, 0x2F, 0x79, 0x2A, 0x98, 0x66, 0xB9, 0xEC, 0xC7,
    0x90, 0x0E, 0x00, 0x28, 0x11, 0x7B, 0xC4, 0x1A, 0x7E, 0x44, 0x43, 0x1D, 0x41, 0x34, 0xD3, 0x3B,
    0xC6, 0xD4, 0xE7, 0x09, 0xFE, 0xF3, 0x84, 0xF3, 0x6D, 0x40, 0xC5, 0x34, 0x31, 0xD1, 0x00, 0x4A,
    0x21, 0x44, 0x10, 0xF8, 0xDA, 0x9A, 0x5A, 0x1B, 0x77, 0x2D, 0x11, 0x8D, 0xEA, 0x8F, 0xBB, 0xB9,
    0x9B, 0x2B, 0x5A, 0xF5, 0x8B, 0xAE, 0x5E, 0xBF, 0x76, 0x34, 0x6F, 0x89, 0xC0, 0xD7, 0x50, 0x42,
    0x10, 0x00, 0x70, 0x5C, 0xD7, 0x96, 0x96, 0x4B, 0x3B, 0xBA, 0x16, 0x4E, 0x51, 0x0C, 0xFB, 0x95,
    0xE0, 0x4F, 0x87, 0xF6, 0xEF, 0xC3, 0x11, 0x53, 0xDB, 0x41, 0xE1, 0x04, 0x7E, 0xB4, 0xD3, 0x8C,
    0xAD, 0x9D, 0xF2, 0x44, 0xBA, 0xD3, 0x96, 0x32, 0x5A, 0x24, 0x02, 0x02, 0x68, 0x88, 0x45, 0x60,
    0xA5, 0x47, 0x00, 0x00, 0xA0, 0x74, 0xE1, 0xA2, 0x45, 0xC5, 0x1A, 0x4E, 0xB9, 0x3D, 0x22, 0xDB,
    0xB2, 0x1E, 0xA1, 0x47, 0xC0, 0x11, 0x38, 0x6A, 0x54, 0xFF, 0xB4, 0x0C, 0xFC, 0xE2, 0xA9, 0x7D,
    0xF2, 0xB2, 0x3E, 0x2B, 0xBE, 0x5E, 0xC2, 0x0A, 0xA6, 0xA0, 0x01, 0xAC, 0x50, 0xE1, 0x4E, 0xE9,
    0xFC, 0xA0, 0xFF, 0x32, 0xEB, 0xE7, 0xC4, 0x4F, 0xEE, 0x64, 0xBD, 0xA5, 0x4C, 0xB9, 0x7D, 0xAB,
    0x36, 0xF6, 0x56, 0xE8, 0x3D, 0x51, 0x80, 0x66, 0x97, 0xF2, 0xB4, 0x9C, 0x15, 0xCE, 0xA2, 0xDE,
    0xF3, 0x1F, 0x00, 0x00, 0x70, 0x1E, 0xD9, 0x3F, 0xAD, 0x59, 0xA6, 0x74, 0x51, 0xB2, 0x94, 0x08,
    0xC7, 0x8B, 0x68, 0xC2, 0xF1, 0xA0, 0x45, 0x69, 0x4D, 0xB4, 0x15, 0xC0, 0x7D, 0x3F, 0x4B, 0x70,
    0x03, 0x65, 0xFC, 0xD6, 0x89, 0x56, 0x08, 0x1C, 0x0A, 0x80, 0xFA, 0xCE, 0xA0, 0x44, 0x3C, 0xCD,
    0xD6, 0xBA, 0x34, 0x26, 0xCA, 0xFD, 0x40, 0xF1, 0x64, 0xF1, 0xFD, 0xBD, 0x94, 0xFF, 0x31, 0xC0,
    0x8F, 0xE1, 0xA3, 0xD3, 0xA3, 0xFF, 0x39, 0x29, 0xF3, 0xEB, 0xA4, 0x04, 0x08, 0x9C, 0x3B, 0x09,
    0xA5, 0xE3, 0xF9, 0xAD, 0x17, 0x7A, 0xAE, 0xB2, 0x8F, 0xB4, 0xB7, 0xB4, 0xF7, 0x8B, 0x06, 0x6A,
    0xB5, 0xC4, 0xD3, 0xEE, 0x7E, 0x0C, 0x22, 0x22, 0xBE, 0x8D, 0x13, 0x1C, 0xFA, 0xFB, 0x02, 0xB2,
    0x30, 0x0E, 0x56, 0x44, 0x32, 0x49, 0x70, 0xC2, 0x9C, 0x8E, 0x29, 0xFC, 0xBC, 0x32, 0xD8, 0xFF,
    0xAC, 0xAD, 0x22, 0x87, 0x77, 0x74, 0xCA, 0x26, 0xD0, 0x80, 0x25, 0x20, 0x00, 0x3F, 0xDD, 0xF2,
    0xB4, 0x46, 0xAB, 0xB1, 0xD9, 0xFB, 0x61, 0x7A, 0x4F, 0x47, 0xF6, 0x69, 0xE5, 0x88, 0x6A, 0x9C,
    0x2A, 0x1C, 0xFF, 0x6A, 0x2A, 0x0A, 0xE5, 0x66, 0x10, 0xD0, 0x5B, 0x07, 0x00, 0x94, 0x34, 0xF2,
    0x50, 0x9D, 0xDF, 0xE4, 0x71, 0xBC, 0x36, 0xBB, 0x8F, 0xD7, 0xE6, 0x7F, 0x89, 0x04, 0x60, 0x00,
    0x7E, 0x18, 0x05, 0xF0, 0x1A, 0xE1, 0x29, 0x75, 0x18, 0xDC, 0x80, 0x05, 0x03, 0xAA, 0x80, 0x48,
    0x20, 0xFE, 0xFB, 0xFC, 0xBA, 0x12, 0x39, 0xA8, 0xE0, 0xB4, 0x7D, 0x92, 0x06, 0x79, 0xA0, 0x12,
    0x4A, 0x11, 0x2C, 0x0A, 0xFC, 0x3C, 0xB5, 0xF6, 0x56, 0x7B, 0x53, 0xB2, 0x09, 0xF0, 0x55, 0xA2,
    0x3E, 0x26, 0xF9, 0x78, 0x2B, 0x9A, 0x55, 0x76, 0xB4, 0xDC, 0x9A, 0x16, 0x2D, 0x8D, 0x55, 0x08,
    0xFD, 0xEB, 0x68, 0x03, 0xE9, 0xEB, 0x68, 0x79, 0x3A, 0xDA, 0xF8, 0x3A, 0x5A, 0x4B, 0xD8, 0x4C,
    0x09, 0xF7, 0x00, 0xD4, 0xFB, 0x2F, 0xF8, 0xED, 0x1D, 0xE2, 0x79, 0xF2, 0x4E, 0x32, 0x60, 0x93,
    0xE8, 0x21, 0x00, 0x0D, 0xCC, 0xE4, 0xF6, 0x9A, 0xA0, 0x03, 0xDC, 0x77, 0x35, 0x78, 0x7D, 0xAA,
    0x77, 0x55, 0x61, 0xD5, 0x28, 0x83, 0xC8, 0xAD, 0x0C, 0x55, 0xE7, 0x52, 0x05, 0x36, 0xA5, 0x6A,
    0x11, 0x2B, 0x92, 0x7A, 0x89, 0xA8, 0x25, 0xBC, 0x69, 0xA7, 0x62, 0x52, 0x03, 0x46, 0x61, 0xE4,
    0x8A, 0xC3, 0x70, 0x29, 0x4E, 0xDD, 0x28, 0x27, 0x1A, 0xE5, 0x6B, 0x50, 0x44, 0x40, 0x3B, 0x54,
    0x61, 0x76, 0x6D, 0x8E, 0xD6, 0xB7, 0xAF, 0xC0, 0x6F, 0x50, 0x77, 0x00, 0x10, 0xEB, 0x31, 0x55,
    0x9F, 0x3E, 0x5B, 0x44, 0xAF, 0x0A, 0x8A, 0xF8, 0xFA, 0x3A, 0x9E, 0x44, 0x03, 0x68, 0x66, 0x78,
    0x68, 0xAC, 0x2C, 0x51, 0x5A, 0x12, 0xE8, 0xDB, 0xA6, 0x1F, 0x0A, 0x4D, 0x15, 0xB1, 0x98, 0xC3,
    0x37, 0x6B, 0x1A, 0x82, 0xDA, 0x2E, 0x97, 0xB6, 0x18, 0xC2, 0x8A, 0xA9, 0x68, 0x55, 0x77, 0x88,
    0x48, 0x39, 0x5A, 0x0D, 0x6F, 0x34, 0xDD, 0x0B, 0x46, 0x11, 0xB0, 0x5A, 0x33, 0xE0, 0x0C, 0xB7,
    0x98, 0xF7, 0x29, 0x8D, 0x4D, 0x81, 0x12, 0x02, 0x68, 0x20, 0xCF, 0xD5, 0x45, 0xAC, 0x94, 0x76,
    0x6A, 0x5A, 0x84, 0x52, 0x0C, 0x9A, 0x42, 0x93, 0xC4, 0x79, 0x33, 0xF2, 0x63, 0x43, 0xD2, 0x58,
    0x22, 0x70, 0x00, 0x28, 0x2D, 0x78, 0x77, 0x25, 0xCA, 0xE7, 0xDF, 0x02, 0x97, 0x01, 0x3C, 0xDF,
    0x11, 0x21, 0xAA, 0xF9, 0x78, 0xA3, 0xA1, 0xB1, 0xE7, 0x7B, 0x03, 0x00, 0x10, 0x38, 0xDC, 0x21,
    0x01, 0x59, 0x62, 0xEF, 0x60, 0x0D, 0xD4, 0xA5, 0x09, 0xB3, 0x74, 0x3E, 0x8A, 0x48, 0xE2, 0xC5,
    0x84, 0x9D, 0xEF, 0xA2, 0xE5, 0xF7, 0x29, 0x8A, 0x25, 0x5F, 0xD5, 0xC0, 0x00, 0xAA, 0xFD, 0xC7,
    0x22, 0xDF, 0xD5, 0x24, 0xCD, 0x4C, 0x11, 0x03, 0x7B, 0x86, 0x94, 0xDC, 0x00, 0x70, 0x6C, 0x4E,
    0xBB, 0xF0, 0xC4, 0x0A, 0x06, 0xB4, 0xE7, 0x2F, 0x95, 0x33, 0x4C, 0xEF, 0x30, 0x0D, 0x12, 0xB8,
    0x5D, 0x0A, 0x75, 0xFE, 0x0F, 0x87, 0x57, 0xA0, 0xAE, 0x03, 0x28, 0xE0, 0x38, 0xC7, 0x81, 0x02,
    0xE5, 0x2B, 0x24, 0x96, 0x18, 0xE8, 0x58, 0xF4, 0x03, 0x90, 0x25, 0xD2, 0xF9, 0xD1, 0xBA, 0x90,
    0xD7, 0x4F, 0xB5, 0xC5, 0x17, 0x30, 0x63, 0x26, 0x67, 0xE6, 0x47, 0x15, 0xE0, 0x79, 0x25, 0xE0,
    0xF9, 0x37, 0x95, 0x03, 0x3A, 0x8E, 0x01, 0x0D, 0x90, 0xB6, 0xF6, 0xF5, 0xF3, 0xE3, 0xB3, 0x89,
    0x8A, 0xBA, 0xE1, 0x08, 0x4B, 0xD1, 0x50, 0x01, 0x5E, 0x10, 0x09, 0x02, 0xE0, 0x32, 0x3E, 0x38,
    0x96, 0x80, 0xF7, 0xC5, 0x94, 0xCC, 0x3C, 0x2F, 0x5C, 0xAC, 0x11, 0x45, 0xD4, 0x73, 0x80, 0xDA,
    0xB4, 0x57, 0x77, 0x7F, 0x0D, 0x70, 0xE7, 0x28, 0xE5, 0xA4, 0x25, 0x5B, 0xC4, 0x30, 0xFD, 0x1D,
    0x43, 0xBD, 0x04, 0xAA, 0x22, 0x26, 0xB9, 0x0B, 0x00, 0x25, 0xBE, 0x0A, 0x7A, 0x57, 0x05, 0x94,
    0x2F, 0x3A, 0x15, 0xB9, 0xFA, 0xA1, 0x5A, 0xA5, 0x45, 0x14, 0xB1, 0x25, 0x7B, 0x1A, 0x4D, 0x42,
    0xBC, 0x25, 0x1F, 0x03, 0xE9, 0x00, 0x90, 0x70, 0xDE, 0x44, 0xFD, 0x73, 0x19, 0xE0, 0x6B, 0xC1,
    0x2E, 0xAA, 0x40, 0x93, 0x8B, 0xAE, 0x65, 0x1B, 0x88, 0xFE, 0x3B, 0xAE, 0x1B, 0x89, 0x2C, 0xD1,
    0x80, 0x35, 0x97, 0xF2, 0xDD, 0x0D, 0xFC, 0x54, 0x6C, 0xFE, 0x1B, 0x4E, 0x6B, 0x30, 0xDB, 0xF5,
    0x0E, 0x5C, 0xCC, 0xAA, 0x82, 0x9B, 0x83, 0xDF, 0x40, 0x0D, 0xF6, 0x97, 0xBC, 0x78, 0x40, 0xD5,
    0x56, 0x81, 0xD1, 0xB5, 0xAC, 0x76, 0xBA, 0xAE, 0xFB, 0xDF, 0x70, 0x5E, 0xC7, 0xE4, 0x40, 0x7D,
    0x5D, 0x8D, 0x95, 0x2F, 0xF2, 0x3C, 0xFD, 0x03, 0x82, 0x00, 0x60, 0x12, 0xB0, 0x8F, 0x04, 0x74,
    0x2E, 0x83, 0xF8, 0xCA, 0xD4, 0x88, 0xC5, 0x83, 0xB2, 0xFF, 0xE1, 0xAB, 0x37, 0x25, 0x51, 0x8B,
    0xDB, 0xE6, 0x49, 0xF9, 0xEE, 0x82, 0xAA, 0xDD, 0x1D, 0x3E, 0xF2, 0xD3, 0x07, 0xD5, 0xE1, 0x8D,
    0xF2, 0x70, 0x70, 0x80, 0x81, 0x35, 0xFF, 0xA7, 0x4A, 0x38, 0x40, 0x5B, 0x59, 0xF9, 0xC3, 0xD2,
    0xED, 0xAE, 0x74, 0xB9, 0xD8, 0xCC, 0xDD, 0x77, 0x2B, 0xAF, 0xCD, 0x22, 0x23, 0x77, 0x63, 0x33,
    0x40, 0x09, 0x91, 0x50, 0x85, 0xA5, 0x03, 0xD0, 0x28, 0x1D, 0x1D, 0x09, 0x23, 0xA8, 0xFD, 0xCD,
    0xB8, 0x08, 0xD4, 0x60, 0xFD, 0xA4, 0x82, 0xB7, 0x88, 0x4D, 0xD0, 0x60, 0x03, 0xD2, 0x99, 0xFB,
    0xB6, 0x17, 0x28, 0x17, 0x4F, 0x4A, 0x8B, 0x4E, 0x8F, 0x40, 0xC3, 0xBD, 0x20, 0x16, 0x25, 0xC4,
    0xCF, 0xFF, 0xEE, 0xB7, 0x82, 0x49, 0x18, 0xF8, 0x3C, 0x07, 0x2E, 0x66, 0xD7, 0xCF, 0xBF, 0x20,
    0x99, 0x29, 0x9B, 0xD9, 0x09, 0x94, 0x9F, 0x60, 0xBF, 0xF7, 0x4F, 0x33, 0xBD, 0xEA, 0xB3, 0xEC,
    0x21, 0x00, 0xC0, 0xA6, 0x6F, 0xC7, 0x2E, 0x0F, 0x81, 0x43, 0x9D, 0x7F, 0x31, 0x93, 0x8F, 0x80,
    0x66, 0x13, 0xD7, 0x02, 0x29, 0x97, 0xE0, 0x45, 0x1A, 0x51, 0xD8, 0xFB, 0x41, 0x75, 0x2D, 0x51,
    0x05, 0x5E, 0x3B, 0xD7, 0x4B, 0x50, 0x44, 0xC1, 0xE4, 0x2F, 0xCB, 0xCB, 0xB1, 0xEB, 0xC7, 0xA6,
    0xE1, 0xF9, 0xAE, 0x65, 0x80, 0x06, 0xFE, 0x0F, 0x7C, 0x94, 0x87, 0xCD, 0xE4, 0x3C, 0x0C, 0x44,
    0x1F, 0x20, 0xE4, 0x3F, 0x4C, 0x43, 0x04, 0xD8, 0x3A, 0x81, 0xAF, 0x80, 0x6D, 0x65, 0x0A, 0x20,
    0xA0, 0xB3, 0xA4, 0xF5, 0xFA, 0xB2, 0xC5, 0x79, 0xB3, 0x91, 0x1C, 0x47, 0x80, 0x46, 0x13, 0x33,
    0xE7, 0x97, 0x87, 0xC7, 0x2C, 0x15, 0x4D, 0x42, 0x10, 0x1F, 0xF4, 0x82, 0xBF, 0x47, 0x7F, 0x60,
    0xCC, 0x30, 0x8D, 0x8A, 0x24, 0x0B, 0xCD, 0x86, 0x31, 0x0D, 0x40, 0xF2, 0x2F, 0x31, 0xA6, 0x2D,
    0xCF, 0x12, 0xB9, 0x57, 0x20, 0x7A, 0x2B, 0xF1, 0x56, 0xD0, 0x34, 0x81, 0xC9, 0x59, 0x68, 0x02,
    0x40, 0xAA, 0x88, 0x58, 0x68, 0xC1, 0xF4, 0x02, 0x02, 0x93, 0x0B, 0x71, 0x30, 0x36, 0xEA, 0xA0,
    0x17, 0x7C, 0xA0, 0x85, 0xFB, 0xE7, 0x4D, 0x43, 0x4E, 0x83, 0x66, 0x01, 0x30, 0x8A, 0x42, 0x25,
    0xF4, 0xE2, 0x42, 0x2F, 0xD4, 0x02, 0xE4, 0x42, 0xFC, 0xE6, 0x28, 0xF4, 0xC6, 0x30, 0x64, 0x2F,
    0xD8, 0x9C, 0x4D, 0xC3, 0xDB, 0xC7, 0x8B, 0xE3, 0x7D, 0x1C, 0xF3, 0xD9, 0xA6, 0x19, 0xF3, 0xC2,
    0x9C, 0xB5, 0x7C, 0x58, 0x86, 0x51, 0xD7, 0x32, 0xE8, 0xA4, 0x27, 0xDF, 0xDE, 0xA8, 0xCE, 0xCE,
    0x89, 0xE5, 0xB5, 0xBC, 0x11, 0xC7, 0xF3, 0xF8, 0xF9, 0x07, 0xC6, 0xEC, 0x1F, 0x8F, 0x5A, 0xAE,
    0xD2, 0xF6, 0xAC, 0x64, 0xF9, 0xA4, 0x81, 0x33, 0xBA, 0x2F, 0x31, 0x96, 0x03, 0xE0, 0x64, 0x1A,
    0x62, 0xA7, 0x22, 0x6B, 0x87, 0x12, 0x27, 0xD3, 0x3B, 0xCA, 0xBF, 0xCB, 0x34, 0xBD, 0x03, 0xE1,
    0x77, 0x9E, 0x13, 0xE7, 0x58, 0xB2, 0xAD, 0xEF, 0x2C, 0x27, 0xCA, 0x49, 0x72, 0x07, 0xB9, 0x73,
    0x9C, 0x18, 0x75, 0x52, 0x00, 0x58, 0xA3, 0x60, 0x58, 0x82, 0x35, 0xB8, 0xB7, 0xE1, 0x63, 0x9C,
    0xF9, 0xC0, 0x7C, 0xD5, 0x9C, 0xC8, 0x13, 0x84, 0x48, 0x08, 0x72, 0x99, 0xF7, 0x8B, 0x71, 0x4C,
    0x45, 0xEF, 0x17, 0xDB, 0x02, 0x7C, 0x5F, 0xAB, 0x3D, 0x8A, 0x0B, 0x56, 0x41, 0xB6, 0x73, 0x1A,
    0x79, 0xDB, 0x73, 0x19, 0x8F, 0x8D, 0x62, 0xD4, 0x03, 0x9D, 0xAB, 0x04, 0xF1, 0x13, 0x12, 0x92,
    0x80, 0xF8, 0x19, 0x73, 0xBA, 0x2F, 0x94, 0x01, 0x16, 0xC6, 0x82, 0x0A, 0xC6, 0xBC, 0xDF, 0x79,
    0xD9, 0xC2, 0x7D, 0xA0, 0x1F, 0xA8, 0x54, 0xCF, 0xA0, 0xBF, 0x5C, 0x91, 0x0B, 0xBD, 0xE0, 0x35,
    0xD2, 0xBF, 0x8E, 0x7C, 0xDA, 0x4E, 0x80, 0x7E, 0xCF, 0xD5, 0xA8, 0xAB, 0x38, 0xA5, 0x0A, 0x11,
    0xA2, 0x85, 0x13, 0xC7, 0xA9, 0x71, 0x55, 0xF5, 0x28, 0x5F, 0xA5, 0xAB, 0xE0, 0x53, 0x81, 0x1A,
    0x19, 0xCC, 0xA8, 0x1C, 0x8D, 0x2A, 0x16, 0xB9, 0xF9, 0xFA, 0xB0, 0xF5, 0xAA, 0xC0, 0x1A, 0xDF,
    0x73, 0x35, 0x17, 0xEE, 0xE1, 0xC0, 0x5E, 0x1F, 0xC6, 0x0F, 0xD4, 0x45, 0x59, 0x18, 0xD5, 0x4D,
    0x80, 0xC3, 0xDC, 0xEC, 0x85, 0xF4, 0x66, 0x9D, 0x24, 0xF1, 0x24, 0x81, 0x37, 0x5F, 0x1F, 0xFA,
    0xE7, 0x24, 0xE3, 0x24, 0xA9, 0x9D, 0xA4, 0x7E, 0x4E, 0xA2, 0x43, 0x7E, 0x4E, 0x92, 0x00, 0xC4,
    0x2F, 0xEC, 0x05, 0x79, 0xB3, 0xD8, 0xF6, 0xC6, 0xB3, 0x19, 0xA4, 0x49, 0x28, 0xF2, 0x82, 0x45,
    0xEF, 0xAE, 0xC9, 0x46, 0xE2, 0x38, 0x88, 0xB1, 0x51, 0x4D, 0xBF, 0x61, 0xAC, 0x0D, 0x80, 0x9F,
    0x10, 0x80, 0xFA, 0x9E, 0xEE, 0x00, 0x1B, 0xB2, 0x20, 0x01, 0x58, 0x7E, 0x34, 0x61, 0x2C, 0xBD,
    0x40, 0x4B, 0x82, 0x54, 0xAD, 0x49, 0x6B, 0x06, 0x73, 0xD6, 0x58, 0xBA, 0x96, 0x18, 0x95, 0x97,
    0x82, 0xE1, 0x66, 0xD8, 0x60, 0x42, 0xA0, 0x38, 0x73, 0x46, 0xC1, 0x9D, 0x60, 0x7E, 0x95, 0x3C,
    0x79, 0x9E, 0xED, 0x47, 0x4D, 0x6C, 0x99, 0x3E, 0x6B, 0x98, 0xF7, 0x2D, 0x07, 0x21, 0x22, 0x90,
    0x51, 0x01, 0xCC, 0x66, 0x1A, 0xB1, 0x2A, 0x21, 0x78, 0xAA, 0xC1, 0xEF, 0x1A, 0xBE, 0xAF, 0x58,
    0x33, 0x9B, 0x50, 0x29, 0x90, 0x3F, 0x61, 0x50, 0x21, 0x9E, 0x36, 0xF9, 0xFB, 0x36, 0x30, 0xCA,
    0x8C, 0xAF, 0x82, 0x09, 0x34, 0x00, 0x68, 0xB2, 0x8F, 0x80, 0x87, 0x55, 0x74, 0x42, 0xC4, 0x5B,
    0x0D, 0xE1, 0x47, 0xFD, 0x96, 0xCD, 0x70, 0xA3, 0x4A, 0xB2, 0x34, 0x9B, 0x31, 0x0D, 0x16, 0xD1,
    0xCF, 0x9E, 0x69, 0x7D, 0x2A, 0xB7, 0xC8, 0x24, 0x03, 0xF5, 0xAA, 0xF4, 0xAA, 0x68, 0x3A, 0x70,
    0xCE, 0xD2, 0xFC, 0xD6, 0x9C, 0xD5, 0xE5, 0x48, 0x8F, 0x83, 0xC0, 0x92, 0x78, 0x6D, 0x89, 0xAB,
    0xE4, 0x00, 0x96, 0x7C, 0x75, 0xA4, 0xEF, 0x00, 0x7D, 0x15, 0xA4, 0x79, 0x45, 0x62, 0xD7, 0x45,
    0x50, 0x27, 0xCA, 0xFE, 0xF5, 0x74, 0x66, 0x77, 0x93, 0x14, 0xDF, 0x6F, 0x4C, 0xC5, 0xC6, 0xB8,
    0x60, 0x78, 0x80, 0x70, 0x69, 0x98, 0xFE, 0xBC, 0xBF, 0x67, 0x10, 0x40, 0xEC, 0xF0, 0x09, 0xF8,
    0x20, 0x64, 0xC1, 0x16, 0x02, 0x62, 0x4E, 0xE8, 0x02, 0x1C, 0xB3, 0x92, 0x71, 0x46, 0x1D, 0x76,
    0x43, 0xED, 0xB2, 0x74, 0x06, 0x28, 0xC3, 0xFA, 0x75, 0x4F, 0x68, 0x2D, 0x5F, 0xDF, 0xC7, 0xA5,
    0x8B, 0xC5, 0xD9, 0xC1, 0xAF, 0xEC, 0x4B, 0xC5, 0x08, 0x91, 0x5B, 0xF9, 0xD2, 0xCC, 0x04, 0xAF,
    0xC7, 0x03, 0x18, 0x5C, 0x8E, 0xCF, 0x78, 0x43, 0xF9, 0x66, 0x6D, 0x18, 0xDB, 0xB9, 0xEB, 0xFD,
    0xDC, 0x31, 0x77, 0x1F, 0x9C, 0xEB, 0xFB, 0xF8, 0x9F, 0x82, 0x76, 0xFC, 0xEC, 0xFC, 0x0F, 0x18,
    0x54, 0x2B, 0x16, 0xC5, 0x71, 0x5E, 0x87, 0xC7, 0xA7, 0xDF, 0xB1, 0xC7, 0xF7, 0xB6, 0x06, 0xFD,
    0xC1, 0x18, 0x02, 0xD1, 0xFE, 0xEE, 0x5A, 0x07, 0xBA, 0xB0, 0x45, 0x51, 0x5E, 0x79, 0x49, 0xD3,
    0xA7, 0xB8, 0xEF, 0xA7, 0x25, 0x92, 0x3B, 0x9C, 0x69, 0xAD, 0x2F, 0xB8, 0x17, 0x6C, 0xBB, 0x35,
    0x29, 0x6B, 0x02, 0xD7, 0x9D, 0xF2, 0x59, 0x72, 0x3E, 0xF1, 0xD6, 0x1D, 0xC0, 0xAD, 0xBC, 0xE7,
    0x81, 0xB7, 0x58, 0xE3, 0x33, 0xDE, 0x3D, 0xE2, 0x7C, 0xD1, 0x2F, 0x9D, 0xAB, 0x99, 0x0E, 0xCC,
    0x01, 0xF4, 0xE4, 0x04, 0xAD, 0x07, 0xBD, 0x57, 0x72, 0x70, 0x18, 0x14, 0x99, 0xC0, 0xA0, 0xE5,
    0x3B, 0x14, 0xC5, 0xBB, 0xAC, 0x56, 0xA3, 0x05, 0xE5, 0x23, 0x6D, 0xB0, 0xD4, 0x71, 0x5A, 0xA0,
    0x8C, 0xF7, 0x3C, 0x41, 0x4D, 0xF2, 0x99, 0xAE, 0x9E, 0x4C, 0xFF, 0x36, 0xF8, 0x21, 0x63, 0xB1,
    0x1F, 0x8B, 0xF4, 0x0A, 0xA4, 0x12, 0xF0, 0x4E, 0x23, 0x01, 0x84, 0x06, 0xB6, 0x19, 0xCF, 0xB4,
    0xE9, 0xBF, 0x1B, 0x46, 0x72, 0x66, 0x48, 0x60, 0xEB, 0xF4, 0xD5, 0xE9, 0x25, 0x0A, 0x9B, 0x23,
    0xAD, 0xB0, 0xC2, 0x2F, 0x3D, 0x16, 0xF6, 0x60, 0x56, 0x8A, 0xEC, 0xE0, 0x4B, 0xF2, 0x37, 0x53,
    0x5A, 0xD3, 0x19, 0x08, 0xAD, 0x60, 0xAF, 0x29, 0xF5, 0xF5, 0x3E, 0x61, 0x6A, 0x35, 0x2F, 0xDE,
    0x93, 0xF6, 0x75, 0x4A, 0x46, 0x6F, 0x72, 0x25, 0x02, 0x6A, 0x17, 0xAE, 0x43, 0x6B, 0x95, 0xD4,
    0x5B, 0x4B, 0x15, 0xFF, 0x37, 0x42, 0xE2, 0xC8, 0x1F, 0xB2, 0x60, 0x67, 0xFE, 0x8A, 0x75, 0xD8,
    0x9E, 0x15, 0x00, 0xEB, 0x84, 0x3A, 0xFF, 0x2B, 0x60, 0x03, 0xF2, 0xCB, 0xA1, 0x4F, 0x83, 0x4E,
    0x40, 0x73, 0x87, 0x1A, 0xA6, 0x18, 0x06, 0xE1, 0x18, 0xE7, 0xEA, 0x15, 0x2A, 0x2E, 0x4F, 0x48,
    0x1C, 0x2A, 0xBF, 0x96, 0x2E, 0xFD, 0x08, 0x25, 0x37, 0x55, 0xB8, 0x62, 0x0E, 0x8C, 0xC5, 0x98,
    0xBF, 0x99, 0x54, 0xE1, 0x6A, 0x4C, 0x25, 0x7E, 0x93, 0x28, 0x39, 0x1E, 0x47, 0x04, 0xE2, 0x2D,
    0x65, 0x42, 0xEE, 0x0A, 0x3E, 0x14, 0x00, 0xD6, 0x25, 0xF4, 0x8F, 0x12, 0xCC, 0x58, 0xCF, 0x27,
    0x4C, 0x55, 0xEC, 0x2C, 0xA9, 0xAA, 0x08, 0x16, 0x6E, 0xEA, 0xDA, 0xC6, 0x74, 0x25, 0x07, 0x65,
    0x90, 0x46, 0xCF, 0xF5, 0x87, 0x79, 0xC0, 0x80, 0x21, 0x90, 0xC9, 0xDC, 0xD5, 0xF2, 0xE1, 0x34,
    0x36, 0xAF, 0xCB, 0xD8, 0x7E, 0xFA, 0x23, 0xC3, 0x4F, 0x6A, 0xFC, 0x2B, 0x02, 0x26, 0x7B, 0x21,
    0x1E, 0xB8, 0xCA, 0xB6, 0xBE, 0x94, 0x7C, 0x1B, 0x4D, 0xEF, 0x0C, 0xD2, 0x3A, 0x43, 0x0E, 0x33,
    0xBC, 0x58, 0xC6, 0xFF, 0xB1, 0x27, 0x91, 0xFE, 0x9A, 0x46, 0x14, 0x9B, 0x7F, 0xB7, 0x19, 0xB1,
    0x8C, 0x94, 0xB5, 0x93, 0xA5, 0xEB, 0x6E, 0x43, 0x54, 0x17, 0xA2, 0x9A, 0x10, 0x73, 0x59, 0x16,
    0x6F, 0x42, 0xAB, 0x16, 0x9D, 0x99, 0x2A, 0x2F, 0x11, 0xB1, 0x78, 0x73, 0x9B, 0x54, 0xEF, 0x41,
    0x7D, 0xD9, 0xF2, 0xD5, 0x0B, 0xBA, 0xDD, 0x9B, 0x49, 0xCF, 0xF1, 0xFD, 0x33, 0x99, 0xD4, 0x31,
    0xDA, 0x8A, 0xEF, 0xCE, 0xFC, 0x68, 0xD5, 0x74, 0x59, 0x28, 0xC4, 0xC9, 0xCD, 0xCA, 0x4E, 0x94,
    0x30, 0x28, 0x69, 0x30, 0xA0, 0x65, 0x51, 0x36, 0x96, 0x35, 0xE7, 0x11, 0xEB, 0x70, 0x26, 0x1D,
    0x8C, 0xE9, 0xF8, 0xCA, 0xC0, 0x17, 0x89, 0x4E, 0xC2, 0x31, 0xC5, 0x3B, 0x21, 0x13, 0x51, 0x5E,
    0xE9, 0xCD, 0xB4, 0x32, 0x32, 0x74, 0xD6, 0x9E, 0x9A, 0xF6, 0xA7, 0x5B, 0xA4, 0x4F, 0x82, 0x71,
    0xAD, 0xDE, 0xBD, 0xDA, 0x52, 0x4A, 0x83, 0x32, 0xCF, 0x36, 0x6C, 0x2C, 0xA8, 0xBC, 0x8C, 0x0F,
    0x28, 0x9C, 0x33, 0xE9, 0x18, 0x18, 0x67, 0xA3, 0x0E, 0x87, 0x5A, 0x99, 0x7D, 0xCB, 0x88, 0x35,
    0x03, 0x57, 0x4D, 0x1D, 0x53, 0x5D, 0xD5, 0x74, 0x42, 0x57, 0xC2, 0x5B, 0xCF, 0x18, 0x4C, 0x75,
    0x81, 0x70, 0xB8, 0xC3, 0xCF, 0x0B, 0xBB, 0x95, 0x20, 0xC3, 0x2A, 0x0F, 0xCC, 0xF8, 0xEB, 0xA7,
    0x02, 0xAD, 0x67, 0xAA, 0xE5, 0x3F, 0xC9, 0x3A, 0xB0, 0x0D, 0x60, 0x6C, 0x80, 0xFA, 0xA7, 0x62,
    0x4D, 0x68, 0xBB, 0x4C, 0xAE, 0x99, 0xFF, 0x4F, 0x84, 0x1B, 0xE2, 0xD4, 0x2E, 0x53, 0xDC, 0x2A,
    0xE1, 0x0E, 0xC3, 0x2B, 0x93, 0x48, 0x7D, 0x1F, 0x20, 0xF9, 0x34, 0xCC, 0x4C, 0x70, 0x04, 0x71,
    0x24, 0xFD, 0xA1, 0xFB, 0xD1, 0xBA, 0x7C, 0xE9, 0xF2, 0xA5, 0x18, 0xB2, 0x8C, 0xDA, 0xC4, 0xD0,
    0xA6, 0x30, 0x1C, 0xC1, 0x86, 0x2D, 0xD4, 0xD4, 0xA1, 0x1C, 0x29, 0xA3, 0xA2, 0xE1, 0x5A, 0x87,
    0x76, 0xBD, 0x98, 0x09, 0xA5, 0x40, 0x4C, 0xF6, 0xE8, 0x08, 0x55, 0xF8, 0x50, 0xB8, 0x0F, 0x7C,
    0xD9, 0x40, 0xDA, 0xBE, 0xB3, 0xB2, 0x36, 0x3A, 0xDF, 0x1E, 0xB3, 0x82, 0xA8, 0x1A, 0x87, 0x76,
    0x67, 0x35, 0xA0, 0x4F, 0xAB, 0xD2, 0xD6, 0x1C, 0xF0, 0xED, 0xC3, 0xC0, 0x12, 0x00, 0xB9, 0x2B,
    0x8D, 0x9B, 0xAB, 0x2D, 0x18, 0xA0, 0x51, 0x11, 0xE9, 0xFA, 0x09, 0x4F, 0x4A, 0x4B, 0xF8, 0xC2,
    0xD6, 0xB1, 0xCD, 0xA0, 0x5D, 0xA8, 0x3C, 0xDB, 0x38, 0x9C, 0xF7, 0xC9, 0x74, 0xF8, 0x67, 0x67,
    0x7E, 0x1F, 0x66, 0x98, 0x0A, 0x55, 0x5B, 0x33, 0x6A, 0xBE, 0x53, 0x4C, 0x17, 0x0F, 0xA5, 0xC0,
    0x1C, 0xE2, 0x33, 0x8D, 0xF1, 0xBF, 0x9E, 0xA0, 0xB4, 0xA1, 0x80, 0x32, 0x60, 0x6B, 0x91, 0x0B,
    0x0C, 0xB9, 0x95, 0x14, 0x84, 0x09, 0x24, 0x42, 0x6C, 0xBC, 0x45, 0xAA, 0x3E, 0x85, 0x4D, 0xD0,
    0xED, 0xDB, 0xCD, 0xC2, 0x88, 0x31, 0x54, 0xB5, 0x3E, 0x29, 0xE0, 0xEB, 0x96, 0x75, 0xDB, 0xBA,
    0xBB, 0x0D, 0x00, 0x18, 0x34, 0x30, 0x06, 0xFC, 0xF1, 0x6D, 0x57, 0x30, 0x8D, 0xA9, 0x1B, 0xC3,
    0xA3, 0x07, 0x9E, 0xDD, 0x55, 0x68, 0xDF, 0x95, 0xC3, 0x28, 0x94, 0xB9, 0xA7, 0x6E, 0x6D, 0x42,
    0x4E, 0x85, 0x0A, 0xD7, 0xDF, 0xFD, 0x2D, 0x01, 0xCD, 0xEC, 0x24, 0x59, 0xBB, 0x51, 0x71, 0xAB,
    0xC6, 0xEF, 0xF5, 0x1F, 0xB0, 0xC7, 0x5B, 0xA4, 0xE4, 0xAB, 0x86, 0x2C, 0x97, 0x7C, 0xB7, 0x36,
    0x78, 0x26, 0x58, 0xAC, 0x1D, 0x6E, 0x5D, 0xE0, 0xAC, 0x67, 0x05, 0x65, 0x1A, 0xE6, 0xA9, 0x50,
    0x3B, 0x17, 0x6B, 0x63, 0xD6, 0x66, 0x59, 0x1F, 0xDC, 0xE7, 0xAF, 0xE9, 0xD8, 0xD4, 0xA0, 0xF6,
    0x97, 0x3D, 0x64, 0x6C, 0x80, 0x64, 0xA5, 0x91, 0x21, 0x76, 0x27, 0x29, 0x08, 0x87, 0x72, 0x17,
    0xDB, 0xDE, 0x22, 0x25, 0x7E, 0x88, 0xAB, 0x87, 0xDE, 0xDA, 0x4F, 0xEB, 0x1C, 0x0D, 0xFA, 0xF8,
    0xB4, 0x17, 0xDB, 0x93, 0xF7, 0xCB, 0x28, 0xAA, 0x6F, 0xE4, 0xF9, 0xCA, 0xD1, 0x0A, 0x6C, 0xFA,
    0x09, 0xCF, 0x63, 0xE8, 0x43, 0x0C, 0x67, 0xC4, 0xAE, 0xB9, 0xB4, 0x0B, 0xBA, 0x38, 0x55, 0x5F,
    0xA7, 0x62, 0xB1, 0xAF, 0x4E, 0xA1, 0x2D, 0x03, 0x06, 0x24, 0x0F, 0x3F, 0x5D, 0xAB, 0x9E, 0x62,
    0xD6, 0xEF, 0xD6, 0x63, 0x6A, 0x99, 0xDD, 0x8E, 0xE3, 0xBB, 0xCA, 0x37, 0x07, 0x30, 0x59, 0xB5,
    0xE4, 0xB5, 0xE8, 0x8B, 0x3F, 0x2F, 0xFA, 0x2E, 0xA9, 0xFB, 0x40, 0xAD, 0xEB, 0xDF, 0x8D, 0xD3,
    0xB5, 0x8C, 0xD0, 0xFB, 0x35, 0x7F, 0x05, 0xA6, 0x4F, 0x07, 0x84, 0x7F, 0x76, 0x58, 0xA5, 0x8C,
    0x64, 0xF2, 0x8E, 0x6B, 0x09, 0xAA, 0x06, 0x49, 0x50, 0x4C, 0x6C, 0x64, 0xE0, 0x8D, 0x33, 0x9B,
    0x04, 0xD4, 0x6B, 0x28, 0x07, 0xB2, 0x79, 0x80, 0x9B, 0x8A, 0x67, 0xF4, 0xF5, 0xBD, 0x35, 0x6E,
    0x94, 0x36, 0x81, 0x9E, 0xD1, 0xC5, 0x8F, 0x7A, 0xB9, 0xF7, 0x22, 0x04, 0xB1, 0xB8, 0xB4, 0xAE,
    0x1C, 0xBA, 0xD0, 0x85, 0x44, 0x43, 0x0B, 0xA1, 0x99, 0x4E, 0x30, 0x26, 0x2B, 0x16, 0x8F, 0x88,
    0x8A, 0xC5, 0x7F, 0xD2, 0xFA, 0x31, 0xD5, 0xD0, 0x31, 0xD5, 0x8E, 0xFA, 0x7E, 0xB4, 0xBE, 0x1F,
    0xDE, 0xFA, 0xFE, 0x37, 0x95, 0x92, 0x41, 0x0A, 0x2C, 0x37, 0x0C, 0x44, 0x1F, 0x78, 0x6B, 0xD0,
    0x55, 0x0C, 0xB3, 0x15, 0xE8, 0xEA, 0x05, 0x73, 0x80, 0xB9, 0x4A, 0x41, 0x6F, 0x0D, 0xCA, 0x74,
    0x9B, 0xFC, 0x4C, 0xB2, 0xCB, 0xB3, 0x2C, 0x6C, 0x55, 0x21, 0xAC, 0xA6, 0x77, 0xC6, 0x18, 0x0E,
    0x12, 0x33, 0x1C, 0xCE, 0x74, 0xD4, 0x5B, 0x57, 0xA3, 0xA4, 0x76, 0xEF, 0x6E, 0x77, 0x4B, 0x53,
    0xD9, 0x2E, 0x6D, 0xFB, 0x1B, 0xAB, 0x23, 0xB6, 0x5B, 0x37, 0x97, 0x8A, 0x71, 0x39, 0x42, 0x19,
    0x78, 0xE1, 0x4A, 0x97, 0x82, 0x4C, 0xDF, 0x64, 0xFA, 0xB0, 0x33, 0x73, 0x46, 0x0C, 0x85, 0xDE,
    0xD3, 0x4F, 0x33, 0x14, 0x3B, 0xD3, 0x73, 0x68, 0x28, 0x08, 0x92, 0xCD, 0xAD, 0x07, 0x45, 0x62,
    0x76, 0xDE, 0xFC, 0xAB, 0x42, 0x12, 0x0C, 0xFD, 0x79, 0xB1, 0x9A, 0x26, 0x48, 0x4A, 0x25, 0x53,
    0xDD, 0xB7, 0xE5, 0xAC, 0x75, 0xFA, 0x16, 0x66, 0xA6, 0xE4, 0x35, 0x08, 0x62, 0xB5, 0xEE, 0x95,
    0x24, 0x83, 0x72, 0x3B, 0x98, 0xB4, 0x87, 0x87, 0x1E, 0xBF, 0x9A, 0xCD, 0xF6, 0x97, 0x2E, 0x3F,
    0x94, 0x4E, 0x2E, 0x2A, 0xAD, 0xE0, 0x3C, 0x21, 0xD8, 0x84, 0x92, 0x85, 0x29, 0x22, 0xF2, 0x8B,
    0xAB, 0xEF, 0x58, 0xC8, 0x43, 0xEF, 0xB7, 0xBA, 0xF1, 0x5D, 0x55, 0xFC, 0xF9, 0xB6, 0xFA, 0x99,
    0xBD, 0xCA, 0x51, 0x76, 0xB5, 0x5C, 0xCF, 0xD3, 0xBB, 0x7D, 0x82, 0x87, 0x73, 0xFE, 0xE3, 0xF8,
    0x5B, 0x3D, 0x30, 0xE9, 0xE1, 0x56, 0x02, 0x18, 0x86, 0x20, 0x38, 0x3B, 0x39, 0xDB, 0xFF, 0x5B,
    0xDA, 0xC0, 0xAC, 0x88, 0x54, 0xE2, 0x75, 0x87, 0xBA, 0x75, 0x66, 0x3A, 0xE7, 0x73, 0xFD, 0x92,
    0x0E, 0x85, 0xDA, 0x4B, 0x28, 0x48, 0x92, 0x20, 0xD8, 0x88, 0xEA, 0xAD, 0x9F, 0x01, 0x76, 0xCE,
    0x88, 0xC7, 0x62, 0x4A, 0x3A, 0xC3, 0xEC, 0xCC, 0xC5, 0xE6, 0xBA, 0x74, 0x7D, 0x14, 0x90, 0xEE,
    0xEA, 0xDE, 0x66, 0x3D, 0xE1, 0xFF, 0xF6, 0xF0, 0xA1, 0xD5, 0x1A, 0x1A, 0x04, 0x98, 0xF3, 0x9F,
    0x7E, 0x92, 0x01, 0xF8, 0x09, 0xEE, 0x62, 0x37, 0x4A, 0x86, 0x9E, 0x80, 0xBA, 0xB4, 0x1A, 0x41,
    0x8D, 0x47, 0xDA, 0xCC, 0x59, 0xDD, 0x9D, 0x2B, 0x68, 0x25, 0xF7, 0xEA, 0xB1, 0xC3, 0x4F, 0x12,
    0xB0, 0x34, 0x2F, 0x16, 0x15, 0x02, 0x63, 0x86, 0x48, 0xDE, 0x30, 0xD7, 0x3F, 0xE9, 0xF1, 0xDD,
    0xC2, 0xB1, 0x90, 0x43, 0x28, 0x9A, 0x23, 0x3C, 0xE9, 0xF4, 0xDB, 0x51, 0x1E, 0x69, 0xEF, 0x59,
    0xEE, 0xAD, 0x0C, 0x42, 0xC1, 0x45, 0xA9, 0xB8, 0xF4, 0x62, 0xA8, 0x30, 0xC5, 0x90, 0x3A, 0x5A,
    0x0A, 0x2A, 0x88, 0x50, 0xA7, 0xB4, 0xBC, 0x72, 0xA6, 0xB5, 0x1D, 0xBC, 0xD4, 0x2E, 0x4D, 0x55,
    0xCB, 0x37, 0x6B, 0x6D, 0xD7, 0x47, 0x8B, 0x45, 0x6B, 0x30, 0x30, 0x0C, 0x6D, 0x08, 0x8A, 0xB1,
    0x89, 0x6E, 0x43, 0x6D, 0x30, 0xE0, 0x84, 0x50, 0x88, 0x66, 0x3C, 0x42, 0x6C, 0xE8, 0x1F, 0xA2,
    0x4D, 0xD6, 0xE8, 0x96, 0x19, 0x0D, 0xD5, 0x9B, 0xD1, 0xEF, 0x26, 0x74, 0xDA, 0x62, 0x60, 0xD0,
    0x5F, 0x7C, 0xA7, 0x0D, 0x0C, 0x95, 0x2C, 0xE9, 0xAD, 0x0F, 0x2F, 0x42, 0x4B, 0x8D, 0x90, 0x82,
    0x49, 0xAE, 0x2F, 0x2A, 0xF4, 0xF0, 0x66, 0xB1, 0xA4, 0x5F, 0x2F, 0x0B, 0xB1, 0x08, 0x6E, 0xA9,
    0x7E, 0xB4, 0x5B, 0x29, 0xF9, 0x54, 0x78, 0x53, 0x1F, 0x96, 0xB5, 0x9E, 0xDB, 0x5D, 0x18, 0xD4,
    0x23, 0xAE, 0x5E, 0x4B, 0x4A, 0x79, 0xE9, 0xC5, 0x8B, 0x64, 0x31, 0xD7, 0xD4, 0x20, 0xB8, 0xCD,
    0x7F, 0x01, 0xBC, 0x99, 0x5F, 0x8A, 0xE5, 0x48, 0x8F, 0x47, 0x0F, 0xE8, 0xB5, 0x41, 0x5B, 0xA9,
    0x05, 0x08, 0xB4, 0x75, 0x41, 0xBE, 0x0E, 0xE4, 0x56, 0x7E, 0x90, 0xAF, 0x02, 0x8D, 0x1D, 0x0E,
    0x5F, 0xF7, 0xAD, 0xA4, 0xBE, 0xFE, 0x6A, 0xBA, 0x98, 0x72, 0x9C, 0x43, 0x43, 0xFB, 0xDA, 0x8A,
    0xBF, 0x0A, 0x47, 0xE2, 0x05, 0x76, 0x80, 0x80, 0x1F, 0x00, 0x30, 0x53, 0x36, 0x83, 0x15, 0x2F,
    0xFC, 0x86, 0xBF, 0xF0, 0xD1, 0x22, 0x81, 0xF8, 0x89, 0xBE, 0x7E, 0xBE, 0xE0, 0xAF, 0xBF, 0xC0,
    0xFD, 0x02, 0xFE, 0xE8, 0xB3, 0x73, 0x66, 0x51, 0x0D, 0xE8, 0xC1, 0x4E, 0x46, 0x5C, 0xEF, 0xF0,
    0xB2, 0xBA, 0xEC, 0xDC, 0xF8, 0x09, 0xE9, 0x43, 0x78, 0x03, 0x5E, 0x10, 0xFB, 0xC7, 0x75, 0xC7,
    0xC8, 0xAF, 0x63, 0x7C, 0xF8, 0x55, 0x8C, 0xDA, 0x60, 0xD3, 0xE4, 0x88, 0xE6, 0x87, 0xE9, 0xF9,
    0x7D, 0xDE, 0x4C, 0x2F, 0x02, 0xDE, 0x48, 0xF6, 0xBD, 0xD3, 0x70, 0x92, 0x73, 0xB5, 0x9B, 0x0C,
    0x2B, 0x1E, 0x74, 0xD0, 0xC0, 0x00, 0xBE, 0x2B, 0x4F, 0xBF, 0x45, 0x53, 0x07, 0x33, 0x22, 0x07,
    0x90, 0xC9, 0x76, 0x8B, 0x5C, 0xAD, 0xE0, 0x24, 0xB1, 0xAF, 0x46, 0x08, 0x3E, 0xEC, 0xD3, 0x3E,
    0xE1, 0xBF, 0xBC, 0x9B, 0x58, 0xA5, 0x41, 0xBB, 0xD8, 0x55, 0x6A, 0x17, 0x2F, 0x9C, 0xA7, 0xE4,
    0xF3, 0x0B, 0x13, 0x23, 0x7A, 0x8F, 0x89, 0xDB, 0x56, 0xB6, 0xEC, 0x97, 0x01, 0xBF, 0xCC, 0xF6,
    0x9C, 0xCE, 0x11, 0x41, 0xD8, 0x32, 0x7D, 0xF0, 0x5C, 0xA2, 0x77, 0x74, 0xB2, 0xC5, 0x35, 0x62,
    0x06, 0x9B, 0x06, 0x11, 0x60, 0x97, 0x8B, 0xE6, 0xB1, 0xC0, 0xFF, 0xEE, 0x99, 0xA9, 0xE5, 0xC6,
    0xB1, 0x1A, 0x72, 0x85, 0x15, 0xDB, 0x7E, 0x19, 0xE7, 0x72, 0x1F, 0x0C, 0xC2, 0xA7, 0x11, 0xF9,
    0x8F, 0x43, 0xB4, 0xFF, 0x79, 0x88, 0xEE, 0x67, 0xC3, 0x3D, 0x78, 0xE2, 0x99, 0xA2, 0xA2, 0xED,
    0xE9, 0x20, 0x6C, 0x45, 0x24, 0xFC, 0xE3, 0xC0, 0x0B, 0x1F, 0x16, 0xE9, 0x10, 0x5E, 0x84, 0x9D,
    0x68, 0x37, 0x8F, 0xB8, 0xFE, 0x2B, 0x79, 0x86, 0x8B, 0x6F, 0x00, 0x91, 0x76, 0x52, 0x8C, 0x95,
    0x7D, 0x5A, 0x79, 0x7B, 0x79, 0x78, 0x45, 0x38, 0x0A, 0x37, 0xB5, 0x5B, 0x29, 0x1D, 0x45, 0x1C,
    0xB4, 0x29, 0x64, 0x95, 0x65, 0x35, 0x58, 0xF5, 0xC2, 0x0B, 0xE7, 0x0C, 0xA8, 0xB0, 0xE1, 0xFE,
    0xE7, 0x45, 0xDA, 0x15, 0x4E, 0xDB, 0xD5, 0x47, 0x85, 0xFC, 0x04, 0x3A, 0x21, 0xE2, 0xA0, 0x0F,
    0x04, 0x5E, 0x9B, 0x67, 0x6E, 0x8D, 0x0E, 0xEA, 0x15, 0x63, 0x58, 0xBD, 0x68, 0xBF, 0x90, 0x73,
    0x63, 0x4A, 0xAC, 0xE2, 0x0D, 0xAF, 0xC6, 0x99, 0x99, 0x05, 0xC1, 0x85, 0x36, 0xE4, 0x66, 0xC0,
    0x4E, 0x3E, 0xC1, 0x4F, 0x1C, 0xD2, 0xEF, 0xC8, 0x6B, 0x2F, 0x63, 0xAF, 0xD6, 0xDF, 0xEF, 0x51,
    0x1F, 0x08, 0xF4, 0xFC, 0x7F, 0xB8, 0xF1, 0x9B, 0x39, 0x11, 0x4E, 0xEF, 0x09, 0xB5, 0xBC, 0xAF,
    0xA6, 0x4D, 0xCC, 0x9C, 0x00, 0x3F, 0x2D, 0x65, 0xCF, 0x58, 0xF1, 0x83, 0x7C, 0x96, 0xCB, 0xF5,
    0x5B, 0x7F, 0x20, 0x69, 0x9A, 0xE7, 0x39, 0x63, 0x33, 0x6F, 0xB3, 0xB2, 0xBE, 0xCD, 0xCA, 0x6F,
    0xB3, 0x19, 0x72, 0x7A, 0x2B, 0x68, 0x10, 0x7A, 0xD3, 0x9A, 0xE9, 0x97, 0xEA, 0x92, 0x2F, 0xE1,
    0x45, 0xE2, 0x10, 0xA7, 0x1A, 0xC7, 0x84, 0x93, 0x33, 0xA3, 0xA5, 0x00, 0x53, 0x83, 0x95, 0x5E,
    0xFA, 0x63, 0x69, 0xA7, 0xD7, 0x15, 0x08, 0x91, 0x68, 0x05, 0x24, 0xE7, 0x74, 0x82, 0x7D, 0xA8,
    0x4F, 0x7F, 0x08, 0xF8, 0xFA, 0x2C, 0x60, 0x06, 0xB0, 0x65, 0xFF, 0xFC, 0x04, 0xD2, 0xAD, 0xA0,
    0x4F, 0x9B, 0x7C, 0x55, 0x30, 0x11, 0x5E, 0xC1, 0xDD, 0xD6, 0x7D, 0x90, 0x4F, 0xAA, 0x21, 0xF9,
    0x9E, 0x24, 0x1A, 0x9B, 0x3A, 0x10, 0xD0, 0xDF, 0x22, 0x2E, 0x7B, 0xFA, 0xE7, 0x8F, 0xCD, 0xB9,
    0x35, 0x0C, 0x3F, 0xEE, 0x59, 0xF2, 0x47, 0xE7, 0xF3, 0x9F, 0x5B, 0x73, 0x66, 0xB4, 0xF4, 0x8C,
    0x9B, 0xF7, 0xC1, 0xB3, 0xC4, 0xA5, 0xB8, 0x94, 0xA7, 0x62, 0x4B, 0xB7, 0x4C, 0x34, 0x53, 0x88,
    0x01, 0x41, 0xC3, 0xD8, 0x96, 0x2D, 0xF5, 0x21, 0x0F, 0xFF, 0x9F, 0x53, 0x4E, 0xF4, 0x29, 0x1D,
    0x92, 0x7C, 0xD5, 0xF9, 0x54, 0xB8, 0xDB, 0x52, 0x85, 0xC7, 0x21, 0x3B, 0x24, 0xD3, 0x92, 0x1F,
    0x2A, 0x07, 0xE1, 0xBB, 0x0D, 0xE3, 0xC6, 0x2F, 0xDA, 0x41, 0x3E, 0xB3, 0x48, 0x50, 0x60, 0x27,
    0x75, 0xD3, 0x78, 0xE9, 0x02, 0xB2, 0xEF, 0x54, 0x2E, 0x2F, 0xF6, 0xFD, 0x74, 0x6F, 0x74, 0xA1,
    0x07, 0x93, 0xF6, 0x33, 0x92, 0x24, 0xE7, 0x1A, 0x53, 0xCC, 0x9A, 0xD0, 0xFD, 0x1E, 0xCF, 0xBD,
    0xFE, 0x3D, 0xE4, 0x8E, 0xE5, 0xC1, 0xEF, 0x78, 0x38, 0x79, 0xD6, 0x97, 0xE4, 0xC9, 0x45, 0xFE,
    0x96, 0xF2, 0x7D, 0x9A, 0x9C, 0xFA, 0x57, 0x5B, 0x9D, 0xD8, 0xFC, 0xD3, 0x56, 0x27, 0x67, 0xEA,
    0xA4, 0xF2, 0x57, 0x2F, 0x7B, 0xB0, 0x93, 0x7A, 0xC7, 0x4F, 0xFE, 0x64, 0x9E, 0xC1, 0x6F, 0xD9,
    0x35, 0x68, 0x07, 0x53, 0xAC, 0xE4, 0x6F, 0x4A, 0x02, 0xC5, 0xA5, 0x3E, 0xA5, 0x25, 0x5B, 0xAA,
    0x34, 0x79, 0xF9, 0x47, 0x0D, 0x36, 0xD3, 0xF7, 0x2A, 0x53, 0xBB, 0xC6, 0x88, 0xDC, 0x3B, 0x17,
    0x11, 0x26, 0xD2, 0x0B, 0x77, 0xF0, 0x00, 0xD3, 0x85, 0x1F, 0xE4, 0x41, 0xF4, 0x6B, 0x5C, 0x79,
    0xE5, 0x6B, 0xD7, 0xD1, 0x78, 0x3D, 0x99, 0xF0, 0xE1, 0x37, 0x33, 0x61, 0x1F, 0x7C, 0x6B, 0x5B,
    0xBF, 0x78, 0xB2, 0xDB, 0xC2, 0x4F, 0x38, 0x59, 0x51, 0xCC, 0x60, 0xD3, 0xFF, 0xB9, 0xAB, 0xB4,
    0xEB, 0x27, 0xDA, 0xEA, 0xEA, 0x09, 0xBB, 0x5C, 0xC8, 0x5F, 0x5E, 0x6F, 0xDB, 0x99, 0x6D, 0x19,
    0xBB, 0x6A, 0x5A, 0xF1, 0x98, 0x20, 0x97, 0x03, 0xDF, 0x2B, 0xF0, 0xCC, 0x4C, 0x6F, 0xFF, 0x7F,
    0xBC, 0x6B, 0x74, 0x19, 0xC0, 0xEA, 0xBB, 0xB3, 0xE1, 0xE4, 0xD7, 0x1F, 0x26, 0x7D, 0xCF, 0x36,
    0xF6, 0x2C, 0x7B, 0x66, 0x1A, 0x4D, 0xEE, 0xD9, 0x86, 0x58, 0x55, 0x59, 0x35, 0x41, 0x8F, 0x7C,
    0xCB, 0xE4, 0x83, 0x95, 0x8F, 0x0E, 0xD1, 0x56, 0x49, 0x78, 0xC5, 0x2D, 0xB6, 0xDA, 0x69, 0x53,
    0x32, 0x53, 0xC1, 0x34, 0x01, 0x3F, 0xEF, 0xD0, 0x57, 0x19, 0x7C, 0xE4, 0x74, 0x12, 0xF1, 0x94,
    0x6E, 0xD3, 0x4C, 0xCD, 0x3C, 0x3B, 0x56, 0xFC, 0xF9, 0xFC, 0x80, 0x87, 0x99, 0xC5, 0xF7, 0xB9,
    0x98, 0xC0, 0x7B, 0xA6, 0x6B, 0x4C, 0xF7, 0xAE, 0xC6, 0xEB, 0x6A, 0x8D, 0x6B, 0xFF, 0xE4, 0xD5,
    0xCB, 0x82, 0x2B, 0xEF, 0xCA, 0xE7, 0x72, 0x1D, 0xCE, 0x15, 0x71, 0xBC, 0xEC, 0x87, 0x85, 0xEF,
    0xBC, 0xD2, 0xEB, 0x12, 0x39, 0x42, 0xF8, 0x00, 0xCC, 0x5C, 0xCB, 0x17, 0x41, 0x3F, 0x89, 0x68,
    0x5D, 0xEB, 0xD6, 0x12, 0x3E, 0x27, 0x45, 0xEE, 0x9D, 0x9D, 0xDE, 0xF6, 0x57, 0x34, 0x09, 0x7F,
    0x51, 0x36, 0x1F, 0xB8, 0x06, 0x27, 0xD7, 0x15, 0x7B, 0xFA, 0xEA, 0x45, 0x23, 0x3B, 0x7C, 0x90,
    0x7D, 0x20, 0x01, 0x59, 0xEB, 0xD9, 0x2B, 0xFA, 0xDD, 0x2A, 0x1C, 0xB8, 0xAE, 0x7E, 0xAE, 0xD8,
    0xCF, 0x72, 0x7A, 0x91, 0xAF, 0xE7, 0xF5, 0x7E, 0x7A, 0x4E, 0xE1, 0xC3, 0x19, 0x83, 0x8D, 0x5C,
    0xED, 0x77, 0xD7, 0xAC, 0xA1, 0x88, 0x4C, 0xE2, 0x2C, 0x8D, 0x72, 0xCA, 0x87, 0x6B, 0xAB, 0x64,
    0xD5, 0xCF, 0x87, 0x56, 0x96, 0xF5, 0x21, 0x82, 0xAB, 0xD4, 0xBA, 0xB3, 0x6C, 0x64, 0x73, 0xDD,
    0xE6, 0xBB, 0x8C, 0xDB, 0x8C, 0xD7, 0x24, 0x19, 0x78, 0xE3, 0x22, 0x45, 0xAC, 0xA2, 0xB6, 0xE7,
    0x15, 0x2B, 0x98, 0x6B, 0xC0, 0x74, 0x5C, 0x83, 0xA4, 0x11, 0xBB, 0xF4, 0xEB, 0x15, 0x05, 0xC8,
    0x65, 0x95, 0x6B, 0x52, 0xF6, 0x0F, 0xC2, 0x4A, 0x90, 0xF6, 0x51, 0x90, 0x6E, 0xA7, 0x67, 0x5E,
    0x0E, 0x77, 0x0E, 0xE7, 0xE9, 0x0E, 0x2F, 0x50, 0x58, 0x31, 0x15, 0x36, 0x0C, 0x71, 0x70, 0xC8,
    0xA7, 0xDC, 0x9E, 0x4F, 0x4E, 0x9B, 0xB2, 0x01, 0xAB, 0x57, 0xB9, 0xE2, 0x79, 0xD2, 0x98, 0xEF,
    0xC9, 0x9C, 0x07, 0xCF, 0xD5, 0xFB, 0x7A, 0xEB, 0x34, 0xF9, 0x45, 0x36, 0xB8, 0x00, 0xA0, 0x58,
    0xCF, 0xF9, 0xDD, 0x67, 0x79, 0xA5, 0xD3, 0x6E, 0x72, 0xAB, 0x74, 0xB2, 0xCF, 0x12, 0x41, 0x38,
    0xED, 0xC8, 0xEB, 0xDA, 0x64, 0xE0, 0xD3, 0x38, 0x22, 0x6E, 0x6C, 0xAF, 0x60, 0x37, 0xCF, 0xF7,
    0xE1, 0x70, 0x92, 0xB8, 0xC8, 0xBA, 0x35, 0xB8, 0xEC, 0x93, 0x58, 0xFA, 0xE1, 0x4E, 0x84, 0xE7,
    0xA1, 0x35, 0x52, 0x14, 0x68, 0xC9, 0x6B, 0xA9, 0x0F, 0xA1, 0xA7, 0x6D, 0xF6, 0xB5, 0xB7, 0x17,
    0x27, 0x6F, 0x75, 0xD2, 0x73, 0x81, 0xAF, 0x7E, 0xAF, 0x76, 0x32, 0xF0, 0x9F, 0x46, 0x48, 0xD3,
    0xF1, 0x1A, 0x84, 0x94, 0x67, 0x7B, 0x8F, 0xAF, 0x8A, 0x27, 0xF9, 0xB6, 0xAA, 0xD0, 0x42, 0x57,
    0x01, 0x07, 0x4D, 0xF1, 0xF5, 0x21, 0x9A, 0x85, 0x69, 0x53, 0x27, 0x76, 0x52, 0x7E, 0x22, 0xC7,
    0x73, 0x0E, 0x7E, 0xFD, 0x19, 0xB0, 0x63, 0xD4, 0x0F, 0x7F, 0xFB, 0x9E, 0x79, 0x4A, 0x43, 0x0E,
    0x3E, 0x60, 0xB5, 0xA2, 0xCC, 0xF6, 0x08, 0xB5, 0x57, 0x56, 0x38, 0x49, 0xE4, 0xA9, 0x20, 0x2E,
    0xF5, 0x51, 0x2E, 0xA9, 0x11, 0xD2, 0x96, 0x49, 0x2B, 0x32, 0xBD, 0x1D, 0x37, 0x3C, 0x69, 0xB7,
    0x03, 0xE2, 0x44, 0x17, 0x59, 0x1B, 0x2E, 0xE2, 0x49, 0x0C, 0x53, 0x07, 0xF0, 0xEB, 0x24, 0x3A,
    0x83, 0x7F, 0x7D, 0xD6, 0xDA, 0xAD, 0x5E, 0x74, 0x7B, 0xB5, 0x9C, 0x13, 0x9D, 0xB4, 0x9B, 0x32,
    0xBD, 0xAE, 0xA4, 0xAC, 0x5F, 0x3E, 0x6A, 0xB5, 0xE4, 0xBD, 0xF1, 0x94, 0xDE, 0x63, 0x1A, 0xB0,
    0xAF, 0xC2, 0x3E, 0xEA, 0x35, 0x1E, 0x9B, 0xDF, 0x9D, 0x47, 0x43, 0x2A, 0x7F, 0x3E, 0x27, 0xDB,
    0xAD, 0xB9, 0x7B, 0xDE, 0xCE, 0x32, 0xAD, 0xFC, 0x12, 0x56, 0x4F, 0xD9, 0x2F, 0x72, 0x9C, 0x7C,
    0xBA, 0xE2, 0x28, 0xEF, 0xFD, 0x71, 0x77, 0x45, 0x9B, 0x4C, 0xED, 0x72, 0x65, 0x67, 0x2B, 0x95,
    0x5F, 0xFF, 0xE6, 0x01, 0x93, 0x4A, 0x0D, 0x40, 0xFC, 0xA4, 0xF9, 0xD5, 0x19, 0x8E, 0xAE, 0x7D,
    0xF3, 0x86, 0xC5, 0x0C, 0x8C, 0xF0, 0x55, 0x1D, 0x70, 0x1E, 0xE5, 0x0F, 0x92, 0x9C, 0x0A, 0xD2,
    0xAE, 0x9D, 0xE3, 0xA3, 0x26, 0x4C, 0x22, 0xA7, 0x84, 0x0F, 0x87, 0xEA, 0xED, 0xFB, 0x3C, 0xA7,
    0xD6, 0x8F, 0x8E, 0xD2, 0xCB, 0x7B, 0xAA, 0x59, 0x91, 0x43, 0xE4, 0xD5, 0x86, 0x3B, 0x67, 0xE6,
    0x88, 0x27, 0xBF, 0x33, 0xCD, 0x08, 0xA0, 0xF0, 0xCA, 0xC1, 0x69, 0x2F, 0x47, 0x56, 0x6E, 0x65,
    0x95, 0x4B, 0xB3, 0x84, 0x55, 0xF8, 0xA5, 0x35, 0xD1, 0xD7, 0x5D, 0x79, 0x68, 0x1A, 0x31, 0x5A,
    0x81, 0x58, 0xDB, 0x7B, 0x9D, 0xE5, 0x30, 0x03, 0x79, 0xD0, 0xF7, 0x4E, 0xF5, 0x3E, 0x85, 0xD0,
    0x93, 0x62, 0xB0, 0x82, 0xDF, 0xC8, 0x1F, 0xBB, 0xAA, 0xF0, 0x7B, 0xBF, 0x12, 0x26, 0x72, 0x94,
    0x53, 0xBB, 0x15, 0x3E, 0xDB, 0x73, 0x5C, 0xE9, 0xE5, 0x89, 0xFF, 0x7D, 0x3D, 0x6A, 0x42, 0x7B,
    0x3D, 0x7A, 0x3F, 0xC1, 0x9C, 0xA3, 0x00, 0x0D, 0x5A, 0x8F, 0x00, 0x7E, 0x23, 0xB9, 0x7E, 0x5F,
    0x87, 0x66, 0xCE, 0xF2, 0xBE, 0x0E, 0x95, 0x0F, 0xC4, 0xBA, 0xB3, 0xE4, 0x70, 0x96, 0xC2, 0x04,
    0x03, 0xBE, 0xA7, 0x45, 0x79, 0xCD, 0xB0, 0x86, 0x9B, 0x09, 0x80, 0x67, 0xD3, 0x48, 0xBE, 0x9D,
    0xC8, 0x0A, 0x0F, 0x0F, 0x00, 0x9E, 0x19, 0x4B, 0xFC, 0x74, 0xCF, 0xAE, 0xE0, 0xFE, 0x57, 0x38,
    0xFF, 0x7C, 0x18, 0x24, 0xEC, 0x19, 0x52, 0x0C, 0x34, 0xE0, 0x23, 0x70, 0x04, 0xB1, 0x64, 0x4B,
    0x05, 0xBD, 0x86, 0x8B, 0xD5, 0x20, 0x2F, 0x5F, 0xB2, 0x5A, 0xBA, 0xC6, 0xD8, 0xF4, 0xC0, 0xE8,
    0xEF, 0x13, 0x24, 0x4F, 0x05, 0xE4, 0xD2, 0xCC, 0x2C, 0x55, 0xD0, 0x6B, 0xD4, 0xA3, 0x46, 0x26,
    0xD1, 0x56, 0xCF, 0x2C, 0xE1, 0x7B, 0x4F, 0xFB, 0xD5, 0xD3, 0xEE, 0xE5, 0xFE, 0x9F, 0x7A, 0x3A,
    0x9F, 0xAE, 0xDD, 0x8D, 0xF0, 0xDF, 0x25, 0xEB, 0x84, 0xD7, 0x1E, 0x98, 0x7F, 0xB7, 0x3F, 0xC0,
    0xD1, 0xC2, 0x9E, 0x0C, 0x60, 0xA7, 0xFE, 0x5C, 0x4E, 0xF9, 0xBF, 0xED, 0x81, 0xF8, 0xFE, 0x89,
    0x2D, 0x12, 0x93, 0x08, 0xAC, 0x1E, 0xFB, 0xDF, 0x8D, 0x68, 0x72, 0x39, 0x90, 0x2D, 0x7B, 0xD3,
    0x87, 0x13, 0xA1, 0x48, 0x3B, 0xED, 0x56, 0xB4, 0xDC, 0x39, 0x9D, 0x90, 0xE5, 0xBD, 0x2C, 0xD6,
    0x3B, 0xB8, 0xAA, 0x2E, 0xBB, 0x64, 0x75, 0xCB, 0x97, 0x90, 0x9F, 0xDA, 0xFB, 0x9A, 0x46, 0x92,
    0xC8, 0xFA, 0x2A, 0x92, 0x64, 0xE9, 0x19, 0xAD, 0x33, 0x3A, 0xCA, 0x73, 0xDE, 0x39, 0xE5, 0xD3,
    0x49, 0x7F, 0xFF, 0xC6, 0xB9, 0x97, 0x78, 0xF7, 0x06, 0x8F, 0x04, 0x97, 0x83, 0x97, 0x43, 0xB2,
    0x94, 0x43, 0x1C, 0x7A, 0x5F, 0xB3, 0xB7, 0xDE, 0x86, 0xA4, 0x4F, 0x21, 0x66, 0x64, 0xB2, 0xA6,
    0x9E, 0x3F, 0x67, 0x9C, 0xBE, 0xC6, 0x4F, 0x9C, 0xDE, 0x73, 0x68, 0x46, 0xB7, 0x11, 0x90, 0xCB,
    0xF1, 0xE6, 0x5E, 0x4E, 0xA0, 0xF7, 0x17, 0x8E, 0x1D, 0x86, 0x2B, 0x3B, 0x4F, 0x39, 0x63, 0xD7,
    0xCF, 0xDD, 0x04, 0xB9, 0xF7, 0xD5, 0xBA, 0x14, 0x0E, 0x97, 0xDA, 0xEF, 0x2F, 0xC9, 0x67, 0x45,
    0x7F, 0x3F, 0xAB, 0xF9, 0xAA, 0x67, 0x0F, 0x70, 0xB2, 0xF2, 0xCB, 0x89, 0x90, 0x64, 0x27, 0x25,
    0xF9, 0x47, 0xC9, 0xEF, 0xAD, 0x88, 0x55, 0xC8, 0x2B, 0xB0, 0x66, 0xE1, 0x01, 0xB9, 0x87, 0xEA,
    0x3E, 0xFA, 0xB0, 0x4F, 0xC7, 0x4F, 0xDC, 0xC9, 0x83, 0x38, 0x50, 0x78, 0x21, 0x7C, 0x0F, 0xAE,
    0xA5, 0xE2, 0xAB, 0xAC, 0x6C, 0xE9, 0xA3, 0xBC, 0xFC, 0x10, 0x6E, 0xE5, 0x33, 0xB3, 0x24, 0x47,
    0x52, 0xDA, 0xA1, 0xB0, 0x3A, 0x74, 0x46, 0x12, 0x2B, 0x94, 0x15, 0xCB, 0x0A, 0x46, 0x5E, 0xE1,
    0xE5, 0x72, 0xF2, 0x20, 0x0E, 0xA4, 0x3C, 0x99, 0x39, 0xE9, 0xF0, 0x88, 0xC8, 0x88, 0x8E, 0x08,
    0xE9, 0xE2, 0xAB, 0x94, 0x4F, 0x93, 0x5D, 0xB1, 0x38, 0xBE, 0x3B, 0xCB, 0x4A, 0xAC, 0x76, 0x81,
    0xA9, 0xBD, 0xF0, 0x4D, 0x36, 0xA8, 0xD7, 0x5C, 0xC8, 0x4B, 0x8E, 0xFC, 0x52, 0xD8, 0x52, 0x39,
    0x7D, 0x8A, 0x99, 0xB9, 0x66, 0x86, 0x09, 0xF7, 0xBA, 0xDA, 0x68, 0xB0, 0x99, 0xB2, 0x8F, 0x8F,
    0x72, 0xDB, 0xED, 0xE9, 0xA5, 0xDE, 0x5B, 0x3A, 0x56, 0xAC, 0xCB, 0x32, 0x39, 0xA6, 0x7D, 0x66,
    0xF1, 0xFA, 0x66, 0x6E, 0xBC, 0xF8, 0x12, 0x0E, 0xCF, 0x5F, 0xAB, 0x0E, 0x1D, 0x46, 0x91, 0xA4,
    0x29, 0x56, 0x14, 0x7D, 0xD8, 0x4B, 0xA7, 0x39, 0x9D, 0xA7, 0x7B, 0xC5, 0xA8, 0x15, 0x9F, 0x7F,
    0xCC, 0xB4, 0xDB, 0x9E, 0x60, 0xE5, 0x7B, 0xE7, 0xD4, 0xE4, 0xCC, 0xD2, 0x10, 0xEE, 0x5E, 0x91,
    0x6E, 0xD5, 0x71, 0x48, 0x5A, 0x4A, 0xAB, 0xAF, 0x5A, 0x95, 0xFA, 0x10, 0xF6, 0x59, 0x30, 0xE0,
    0x07, 0x33, 0x85, 0x4C, 0x3F, 0xEF, 0x3E, 0x21, 0x61, 0x74, 0xD0, 0x80, 0x9F, 0xFC, 0x74, 0x80,
    0x97, 0x90, 0xD7, 0x20, 0x9F, 0x02, 0x01, 0x0D, 0x5C, 0x55, 0x6B, 0xF8, 0xB1, 0x62, 0x73, 0xE1,
    0x65, 0xD3, 0xD4, 0x40, 0xAE, 0x12, 0xA4, 0x18, 0x81, 0x20, 0x56, 0x11, 0xA9, 0x9C, 0x9D, 0xC3,
    0xDA, 0x56, 0x48, 0x54, 0xD2, 0xA6, 0x44, 0x56, 0xF1, 0x77, 0x79, 0xB5, 0x69, 0xF7, 0x96, 0xB6,
    0x92, 0xF6, 0x8A, 0x53, 0x22, 0xE7, 0x6A, 0xE2, 0x1D, 0x35, 0xF9, 0x52, 0xBC, 0xC4, 0xF7, 0x73,
    0x4B, 0x4A, 0x38, 0x8A, 0x83, 0x5C, 0x98, 0x22, 0xAD, 0x22, 0x1E, 0xFA, 0x3E, 0x87, 0x4F, 0xF7,
    0xCA, 0x19, 0x7C, 0xC4, 0x2F, 0xCF, 0x5B, 0x7D, 0x78, 0x8E, 0x90, 0xF7, 0x61, 0xE6, 0xA6, 0x0F,
    0x66, 0xA6, 0x4F, 0x04, 0x37, 0x12, 0xA6, 0x7D, 0x84, 0x5C, 0x3E, 0x8D, 0x8D, 0xC0, 0x5F, 0x07,
    0x0A, 0x99, 0x78, 0xE0, 0xB3, 0xFE, 0x89, 0xFC, 0xE9, 0x5B, 0xAE, 0xA1, 0x1B, 0xEB, 0x78, 0xCB,
    0x1E, 0xFD, 0xFA, 0x52, 0xBD, 0xCF, 0x1C, 0xD3, 0xC1, 0x4F, 0x62, 0xA3, 0x4D, 0x5D, 0x34, 0xD9,
    0x28, 0xEC, 0x28, 0x15, 0x7E, 0x14, 0xCE, 0x12, 0xAB, 0xE8, 0x2C, 0x5E, 0xBC, 0x1E, 0x73, 0x2D,
    0x40, 0x94, 0x00, 0xFE, 0x5C, 0x08, 0x4D, 0x04, 0xEE, 0xB8, 0x01, 0xF0, 0x5F, 0x07, 0x85, 0x0F,
    0x3C, 0x7F, 0xAB, 0x7E, 0xED, 0xC4, 0xBC, 0x68, 0xD8, 0xC3, 0x0F, 0xEA, 0x50, 0x24, 0xFE, 0xBF,
    0xC5, 0x5C, 0x5F, 0x6E, 0xEC, 0x3E, 0x0B, 0x45, 0xE2, 0xB5, 0x12, 0x5B, 0x89, 0xF4, 0xBD, 0x46,
    0x62, 0xEB, 0x96, 0x66, 0x01, 0xB3, 0x15, 0xA4, 0xBE, 0x22, 0xF1, 0x8D, 0x8F, 0x71, 0x86, 0x49,
    0xDD, 0xFF, 0xD3, 0xFB, 0xF3, 0x1D, 0x48, 0xDB, 0x49, 0x62, 0x92, 0x38, 0x18, 0x0E, 0xC7, 0x17,
    0xE3, 0x0F, 0x65, 0x61, 0x6C, 0x77, 0x32, 0x6C, 0x3D, 0xB7, 0xD6, 0xB7, 0x2E, 0x3C, 0xB7, 0xAD,
    0x6F, 0x4D, 0x64, 0x04, 0xAE, 0x7C, 0x1D, 0x5E, 0x9D, 0x31, 0xB2, 0x11, 0x5E, 0x62, 0xE4, 0x27,
    0x84, 0x88, 0xED, 0x84, 0x1C, 0xEB, 0x56, 0xA0, 0xFB, 0x31, 0x68, 0xE2, 0xB9, 0xB5, 0xFB, 0x97,
    0x88, 0x33, 0xD9, 0xC4, 0x7C, 0xE0, 0x9F, 0x0A, 0x35, 0x36, 0x3B, 0x09, 0xF7, 0xB1, 0xDE, 0x37,
    0x4E, 0xDE, 0xFF, 0x68, 0x40, 0x97, 0x2F, 0xA3, 0x76, 0xF3, 0xDA, 0x46, 0x49, 0xB1, 0xE1, 0x72,
    0x02, 0xD1, 0xEB, 0x7C, 0xD7, 0xB3, 0x2B, 0xCB, 0x4D, 0x35, 0x4B, 0xB0, 0xE1, 0x0C, 0x6E, 0x1C,
    0x1B, 0x9F, 0xA3, 0xD8, 0xD8, 0x5E, 0xBD, 0x8C, 0x62, 0xED, 0xE2, 0x37, 0xB1, 0xBB, 0xEC, 0x29,
    0x0E, 0x67, 0x4B, 0xA7, 0x2C, 0x57, 0xB3, 0x26, 0xCE, 0xE8, 0x29, 0x5C, 0x22, 0x10, 0xF5, 0x01,
    0x9C, 0xC0, 0xC7, 0xFA, 0x07, 0xA1, 0xDC, 0xE6, 0x1A, 0x36, 0xCD, 0xCD, 0xE7, 0x17, 0x0D, 0x33,
    0xA3, 0xA5, 0xDD, 0x87, 0xDE, 0xF2, 0x12, 0x66, 0x53, 0x13, 0x94, 0x28, 0x34, 0x88, 0x6D, 0x7B,
    0x91, 0x9C, 0xD2, 0x95, 0xEE, 0x7A, 0x87, 0xF6, 0xA2, 0xED, 0xA6, 0xCF, 0x11, 0xD2, 0x7E, 0x44,
    0x48, 0x33, 0xEE, 0x42, 0xE4, 0x95, 0x74, 0x03, 0x09, 0x74, 0x96, 0x55, 0xC9, 0x23, 0x5A, 0x98,
    0xB6, 0xF0, 0x48, 0x41, 0xB2, 0x09, 0x32, 0x87, 0x4B, 0x34, 0xB1, 0xD6, 0xA7, 0x49, 0xA4, 0xA3,
    0xC8, 0xBD, 0x70, 0xA7, 0x88, 0x67, 0xC8, 0x3C, 0x63, 0x28, 0x07, 0x77, 0xA1, 0x9F, 0x14, 0x5E,
    0x5D, 0x1C, 0x78, 0x2D, 0x86, 0x34, 0x33, 0x53, 0x6D, 0xFF, 0x34, 0xDE, 0xCB, 0x12, 0x73, 0x1F,
    0x01, 0xDB, 0xB6, 0xD1, 0x6C, 0xCF, 0x08, 0x04, 0x01, 0xBF, 0x06, 0xC2, 0xB0, 0x02, 0x48, 0x17,
    0x87, 0xBA, 0x12, 0x7C, 0x97, 0x87, 0xE7, 0xD8, 0x95, 0xB5, 0x73, 0xCF, 0x41, 0x87, 0x2C, 0x4F,
    0xDF, 0xE4, 0x4C, 0x9E, 0x89, 0x3B, 0x89, 0x2F, 0xEB, 0xEB, 0x2F, 0x38, 0x31, 0xBC, 0x86, 0xE7,
    0x68, 0xE7, 0x2E, 0x01, 0x0F, 0xB8, 0x29, 0xB5, 0x48, 0x27, 0x46, 0xE0, 0x22, 0x18, 0x71, 0x6B,
    0x13, 0x57, 0xC1, 0xE8, 0x08, 0x8B, 0x68, 0xF8, 0xBE, 0xC5, 0x6B, 0x33, 0x6A, 0x6E, 0xDB, 0x8B,
    0x6D, 0x06, 0x68, 0x30, 0xCC, 0xB8, 0x61, 0x2C, 0xD7, 0x57, 0x10, 0x7F, 0x2A, 0x2D, 0xBF, 0x89,
    0xC6, 0xDC, 0x4F, 0xD9, 0x5E, 0xB8, 0x11, 0x53, 0xA3, 0x0F, 0x9A, 0x62, 0x2C, 0xBA, 0x19, 0x0D,
    0x43, 0xFB, 0xA5, 0xF0, 0x47, 0x07, 0xE4, 0xFD, 0xCC, 0x8E, 0xE4, 0xDC, 0x83, 0x57, 0x03, 0xE7,
    0x37, 0x02, 0x3D, 0x47, 0xFB, 0x5E, 0x36, 0x86, 0x0D, 0xDE, 0x20, 0x6E, 0xF8, 0x39, 0xB0, 0x3B,
    0x1B, 0x36, 0xD4, 0xF2, 0xA8, 0x75, 0x8B, 0xBC, 0x75, 0x6D, 0x74, 0x99, 0x55, 0xBE, 0x8F, 0x1A,
    0x67, 0x66, 0xD0, 0xB0, 0x09, 0x74, 0x8D, 0x68, 0x35, 0xCD, 0x90, 0x62, 0xE0, 0xE4, 0xE7, 0xE4,
    0xFB, 0xD9, 0x95, 0xC3, 0xEF, 0xE6, 0x2E, 0xF9, 0xAD, 0xB4, 0x19, 0xEE, 0xC6, 0x4D, 0x31, 0xD4,
    0x95, 0x18, 0xE0, 0x44, 0xDB, 0x51, 0x10, 0xE8, 0xCA, 0xD2, 0x29, 0x0B, 0x3C, 0x87, 0x76, 0xE5,
    0x5D, 0xC1, 0x31, 0x37, 0xA8, 0x71, 0x8A, 0x20, 0x4F, 0xE7, 0x6A, 0x53, 0x71, 0x9B, 0x6A, 0x86,
    0xFC, 0x09, 0xD2, 0x14, 0x54, 0x1B, 0xE5, 0xAE, 0x8F, 0x33, 0xD7, 0x33, 0xB2, 0x87, 0x5A, 0xC4,
    0xE3, 0x1B, 0x74, 0x20, 0xF1, 0x1A, 0x40, 0x91, 0x2A, 0xF3, 0x2B, 0x4C, 0xC2, 0x11, 0xB1, 0xCD,
    0x84, 0xAB, 0x20, 0x37, 0xB9, 0x0F, 0x62, 0xC1, 0xF0, 0x05, 0xF4, 0x80, 0xD2, 0x5E, 0x26, 0xDE,
    0xD0, 0x2D, 0x82, 0x74, 0x16, 0x68, 0x03, 0xB5, 0x22, 0x2E, 0xFF, 0xA4, 0xFB, 0xC1, 0x4B, 0x07,
    0x4A, 0x51, 0xF8, 0x29, 0xDC, 0x98, 0x6D, 0x19, 0x4B, 0xAD, 0xC0, 0x67, 0x3A, 0x83, 0xCF, 0x38,
    0xE7, 0x4D, 0x2C, 0x12, 0x7C, 0xF6, 0xA3, 0x3A, 0x78, 0x3E, 0xE7, 0xB9, 0x2A, 0x8D, 0x70, 0x01,
    0x76, 0xAE, 0xEB, 0xD4, 0x5F, 0xA5, 0x13, 0x4E, 0xA7, 0x91, 0xE8, 0x5E, 0x05, 0x6B, 0x74, 0x0D,
    0xD6, 0xD0, 0x67, 0x5D, 0x47, 0x40, 0x3E, 0xED, 0x9A, 0xC3, 0x6B, 0xAD, 0x10, 0x20, 0xD6, 0x02,
    0x2A, 0xCA, 0xEE, 0xDA, 0xBA, 0xBB, 0x33, 0xEB, 0x49, 0x73, 0x90, 0xC9, 0x21, 0xA3, 0x00, 0xA2,
    0x8F, 0xEE, 0x99, 0x27, 0x93, 0x8E, 0xE8, 0x7C, 0xD5, 0x8E, 0x6C, 0x1C, 0xB3, 0x99, 0xB3, 0xD9,
    0xFC, 0x1C, 0x86, 0x36, 0xC5, 0x3E, 0x09, 0x26, 0x78, 0x56, 0x15, 0x10, 0xE6, 0x93, 0x62, 0x9E,
    0x14, 0xCC, 0xD2, 0x02, 0x22, 0x10, 0x5F, 0xAE, 0xDD, 0xDE, 0x57, 0x30, 0x1F, 0xC3, 0x71, 0xD9,
    0x3B, 0xE8, 0x40, 0x5D, 0xEB, 0xA8, 0x49, 0x41, 0xA3, 0x08, 0x89, 0x68, 0xB1, 0xD0, 0x81, 0x02,
    0x1D, 0xC4, 0x18, 0x50, 0x45, 0x2B, 0xF4, 0x9E, 0x1A, 0x11, 0x83, 0x89, 0x1F, 0xB5, 0x30, 0xD4,
    0xBF, 0xAC, 0x6B, 0xDC, 0x25, 0x9C, 0x5F, 0x23, 0x0E, 0xBD, 0xEF, 0x02, 0xAD, 0xA8, 0x85, 0xC1,
    0xC1, 0x75, 0x1D, 0x6D, 0x97, 0xA0, 0x20, 0xE3, 0xC8, 0x33, 0xAF, 0xB5, 0x3F, 0x8F, 0x9E, 0xD4,
    0xEA, 0xF4, 0x08, 0xFF, 0xFF, 0xF5, 0x2A, 0x1C, 0x8E, 0xCE, 0xBD, 0x70, 0x64, 0x96, 0x78, 0xD8,
    0x66, 0xED, 0xD7, 0x41, 0x59, 0x92, 0x6B, 0x72, 0x88, 0xF6, 0x9B, 0x38, 0xB6, 0x0B, 0x2E, 0x11,
    0x22, 0xD3, 0x86, 0x13, 0x2D, 0xDE, 0x20, 0x54, 0x9B, 0x4C, 0xB8, 0x89, 0x00, 0xF7, 0xCB, 0xDA,
    0x14, 0xBC, 0x0E, 0x52, 0x5E, 0x63, 0x37, 0xF6, 0x73, 0x4D, 0xA8, 0x5A, 0x74, 0x09, 0xE2, 0x4B,
    0xB1, 0x48, 0x09, 0x32, 0x2D, 0x53, 0x25, 0x60, 0xED, 0x10, 0xAE, 0x95, 0x5A, 0xF4, 0xDE, 0x64,
    0x77, 0x12, 0xC5, 0x71, 0x03, 0x02, 0xA9, 0x51, 0x6C, 0xEF, 0x38, 0x88, 0xEC, 0x4A, 0xF4, 0x7A,
    0xC9, 0xEC, 0x38, 0xFB, 0xD6, 0x90, 0xA6, 0x91, 0x77, 0xA3, 0xF6, 0xED, 0x1F, 0xDD, 0x0D, 0x9B,
    0x7D, 0xE3, 0x09, 0xA4, 0x03, 0xCE, 0xDB, 0xBF, 0xBE, 0x17, 0x7E, 0xDC, 0x8B, 0x74, 0xAB, 0x78,
    0x93, 0xE6, 0xFB, 0x91, 0xA4, 0x24, 0x10, 0x19, 0x5F, 0x47, 0x3A, 0x8F, 0x47, 0x1A, 0x93, 0x05,
    0x39, 0xF0, 0x20, 0xA1, 0x33, 0x7D, 0x51, 0x5A, 0x38, 0x8E, 0x3F, 0xEA, 0x4A, 0xC0, 0x91, 0x0A,
    0x8B, 0x72, 0xE0, 0x49, 0x86, 0x63, 0x27, 0x85, 0x04, 0x3F, 0x7E, 0x44, 0xAD, 0x4A, 0x5A, 0xD5,
    0x9A, 0xCA, 0x04, 0xF8, 0xC3, 0x6D, 0x24, 0x3A, 0xB6, 0xA8, 0x72, 0x9D, 0xE9, 0xB4, 0x93, 0x92,
    0x0B, 0x9B, 0x4B, 0x02, 0x99, 0x4C, 0x80, 0xA8, 0x43, 0x29, 0x65, 0x87, 0x8D, 0x01, 0x35, 0x67,
    0xEC, 0xBD, 0x28, 0x81, 0x42, 0xBE, 0x96, 0x28, 0x5E, 0xC1, 0xB3, 0xB0, 0xD3, 0x59, 0x25, 0x69,
    0x07, 0xB8, 0x12, 0xF7, 0x4B, 0x7B, 0xE0, 0xBC, 0x29, 0x54, 0x04, 0x54, 0x25, 0xBE, 0x39, 0x4C,
    0x29, 0x6A, 0x60, 0x22, 0x31, 0x74, 0xE1, 0x34, 0x57, 0xED, 0x8F, 0x9C, 0x66, 0xF8, 0x0E, 0xE8,
    0x00, 0x25, 0x53, 0x27, 0xF3, 0xA2, 0x6B, 0xBB, 0x6B, 0xB2, 0x1D, 0x47, 0x38, 0xF6, 0x32, 0xE8,
    0x7B, 0x3A, 0x24, 0x45, 0xEB, 0x98, 0x20, 0xA0, 0x01, 0x8E, 0x54, 0xEA, 0x5E, 0xB9, 0x20, 0xE4,
    0x5F, 0xF0, 0xD8, 0xC9, 0x4F, 0x41, 0x8A, 0xD9, 0xCF, 0x5D, 0x0B, 0xAA, 0x6F, 0xA3, 0x96, 0x86,
    0xE7, 0xE0, 0x5D, 0xD9, 0xCC, 0x19, 0x93, 0x0E, 0x8D, 0xB3, 0xDA, 0x4E, 0xEE, 0x3D, 0x79, 0x07,
    0xEA, 0xD7, 0x45, 0x20, 0x9E, 0x62, 0x2E, 0x97, 0x9B, 0x5C, 0x9B, 0x66, 0x40, 0xC0, 0x11, 0x03,
    0x12, 0xD0, 0x34, 0x19, 0x39, 0x48, 0x27, 0x25, 0x04, 0xED, 0x72, 0x6D, 0x83, 0x09, 0xD9, 0x45,
    0xBA, 0x90, 0xAB, 0xD2, 0x2E, 0x40, 0xA3, 0x12, 0xFB, 0xD1, 0x27, 0xE4, 0x14, 0x4E, 0xC9, 0xBB,
    0x80, 0xCC, 0x70, 0x8A, 0x97, 0xF9, 0x84, 0x2F, 0xF2, 0x89, 0x26, 0xD1, 0x4E, 0x5E, 0x55, 0x41,
    0xD3, 0x89, 0xB3, 0x17, 0x87, 0x7C, 0x89, 0x35, 0x67, 0x90, 0xD5, 0x7E, 0xF8, 0x43, 0x13, 0x79,
    0x2C, 0x94, 0xB7, 0x4F, 0x8B, 0xAB, 0x36, 0x55, 0x18, 0xDF, 0xD4, 0x02, 0x2E, 0x83, 0x72, 0x4F,
    0xCA, 0x15, 0xCE, 0x91, 0x19, 0x25, 0xBC, 0xCC, 0x64, 0xC4, 0x01, 0x55, 0x3E, 0x9B, 0xBE, 0x9A,
    0xCF, 0xD4, 0xC9, 0xF7, 0x13, 0x9A, 0x03, 0xBB, 0x5E, 0x8C, 0x24, 0xA1, 0x9C, 0x45, 0xEC, 0xA2,
    0x07, 0xD7, 0x2D, 0x1D, 0x05, 0xDE, 0x08, 0x83, 0x1F, 0xE6, 0x49, 0x60, 0x8F, 0xFB, 0xBD, 0x04,
    0x34, 0x99, 0x9C, 0x9E, 0x6A, 0x94, 0x26, 0x4B, 0xB3, 0x46, 0x34, 0xC2, 0xF3, 0x62, 0x08, 0xC2,
    0x7B, 0xB9, 0x18, 0x9B, 0x61, 0xD8, 0x39, 0x22, 0xFC, 0x2E, 0x3F, 0xD0, 0x56, 0xFC, 0x40, 0xF3,
    0x7C, 0xA2, 0xE7, 0x27, 0xFE, 0x2D, 0x0A, 0x00, 0x82, 0x9B, 0x58, 0x66, 0xBF, 0x1A, 0x71, 0xB1,
    0x88, 0x78, 0xEB, 0x13, 0x1D, 0x4E, 0xF0, 0xA4, 0x96, 0x3E, 0xD1, 0xAB, 0x4F, 0x8C, 0x08, 0x28,
    0x38, 0x98, 0xE5, 0x78, 0x89, 0xC0, 0xD8, 0x2A, 0x41, 0x3A, 0xDB, 0x63, 0x02, 0x90, 0xC4, 0x2D,
    0xD0, 0x2E, 0xAF, 0xC6, 0xC1, 0xCB, 0x81, 0xAF, 0x29, 0x28, 0x53, 0xD7, 0x07, 0x06, 0x51, 0x5C,
    0xB8, 0xF3, 0x98, 0x1A, 0xC5, 0x56, 0x34, 0x8A, 0x80, 0xC0, 0xB0, 0x2A, 0x38, 0x72, 0xF7, 0x0F,
    0x99, 0x0E, 0x09, 0x4B, 0x95, 0x72, 0xF3, 0x47, 0x16, 0xED, 0x5D, 0x94, 0x6C, 0xDB, 0xC9, 0xFF,
    0x57, 0x2C, 0xB2, 0x81, 0x2D, 0x73, 0xAB, 0x17, 0x58, 0x7B, 0xBF, 0xB5, 0xD7, 0xFE, 0x71, 0xF4,
    0xCE, 0x97, 0xD6, 0x3F, 0x93, 0xF1, 0xF7, 0x9E, 0x3F, 0x90, 0x36, 0x1C, 0x9D, 0xB8, 0xB6, 0x25,
    0xFF, 0xF3, 0x1C, 0xAF, 0xA7, 0xF9, 0xC7, 0xA7, 0x89, 0xB8, 0xEC, 0x2A, 0x4D, 0x3E, 0x2B, 0xB5,
    0x4B, 0x64, 0xDA, 0x00, 0x30, 0x15, 0x26, 0x61, 0x92, 0xDF, 0xBB, 0xEA, 0x43, 0xC2, 0x8D, 0xA2,
    0x69, 0xD6, 0x34, 0x60, 0x6A, 0x55, 0x74, 0x57, 0x4E, 0x2F, 0x89, 0x21, 0xC9, 0x8C, 0x66, 0x41,
    0xE9, 0x13, 0x50, 0xFA, 0xCC, 0xB8, 0xBD, 0x9A, 0xC0, 0x3D, 0x26, 0x2F, 0xE2, 0x2E, 0xC6, 0x49,
    0x5C, 0x70, 0xFA, 0x4B, 0x8B, 0x4E, 0x5F, 0xE7, 0x21, 0x3F, 0x35, 0x75, 0x9D, 0x38, 0x82, 0xE4,
    0xF1, 0x8D, 0x2A, 0xBE, 0x51, 0x14, 0xB0, 0xF2, 0x62, 0x39, 0x8B, 0x97, 0xF6, 0x4F, 0xD7, 0x52,
    0x24, 0x73, 0x20, 0xB5, 0x44, 0xE2, 0xC5, 0xD9, 0xFE, 0x82, 0x48, 0xB8, 0xCE, 0x44, 0xCE, 0x71,
    0x7F, 0xAF, 0x6C, 0xCD, 0x9C, 0x55, 0xBA, 0xB4, 0x94, 0x64, 0xD2, 0x9F, 0x42, 0x00, 0xF6, 0xA4,
    0x94, 0xD2, 0x2A, 0x02, 0xCF, 0x9C, 0x15, 0x68, 0xE5, 0xF8, 0x94, 0xA7, 0xB2, 0x81, 0x9B, 0xA3,
    0x9E, 0x83, 0x10, 0xEA, 0x60, 0xFD, 0xE2, 0x5D, 0x2C, 0x4A, 0x5A, 0x61, 0x4D, 0x54, 0xEA, 0x04,
    0x6A, 0xC5, 0xDE, 0x95, 0x8D, 0x13, 0xA3, 0x8E, 0x16, 0x40, 0x89, 0xEE, 0x93, 0x6E, 0x19, 0x85,
    0x19, 0xCC, 0xBD, 0x0C, 0x98, 0x4A, 0x5E, 0xB3, 0xE6, 0x5B, 0x82, 0xF1, 0x83, 0x45, 0x3E, 0x03,
    0x6A, 0xA5, 0x20, 0x35, 0xC7, 0xC4, 0xC1, 0x65, 0x28, 0xC2, 0x51, 0x7E, 0x3F, 0xAC, 0x5F, 0xAF,
    0x98, 0xA0, 0x73, 0x68, 0xA5, 0xB9, 0x90, 0xF1, 0x5B, 0xA1, 0x3D, 0xC4, 0x1F, 0x02, 0x9B, 0x8D,
    0x33, 0xD3, 0x74, 0x7A, 0x56, 0x0A, 0x82, 0x93, 0x9F, 0xCB, 0x98, 0x3F, 0x4D, 0x41, 0xCE, 0x00,
    0xDB, 0xAF, 0x27, 0x2B, 0x85, 0x2C, 0xF1, 0x1D, 0x25, 0xAD, 0xB4, 0x4C, 0x67, 0x57, 0x35, 0xF5,
    0xE2, 0x2A, 0x14, 0x9F, 0xEA, 0x47, 0xCE, 0x2B, 0x6D, 0xAE, 0x5D, 0x39, 0xF7, 0x45, 0x36, 0x7C,
    0xBD, 0x29, 0xB9, 0xD2, 0x7E, 0x2C, 0xB7, 0x31, 0x4B, 0x85, 0xE2, 0xB6, 0xDC, 0x14, 0x0B, 0xDF,
    0x94, 0x73, 0x4B, 0x95, 0x98, 0xBE, 0xDF, 0xB6, 0xF2, 0x0E, 0x7A, 0x39, 0x08, 0xAF, 0x71, 0x13,
    0x17, 0xE3, 0x2E, 0xFB, 0x8B, 0x49, 0xE7, 0xB6, 0xEE, 0xFB, 0x76, 0xD3, 0xDB, 0x28, 0xE2, 0x9B,
    0xB6, 0x14, 0xF6, 0xDE, 0x45, 0xE2, 0xB1, 0x65, 0x9A, 0x93, 0xF6, 0x43, 0x37, 0x89, 0xA7, 0x6D,
    0x06, 0xE4, 0x11, 0xED, 0x89, 0x8B, 0x05, 0x77, 0x21, 0x48, 0x65, 0x1C, 0x03, 0xA2, 0xBB, 0xB4,
    0x13, 0xE5, 0x1C, 0xE2, 0x73, 0xD8, 0x54, 0x6C, 0xB6, 0x5F, 0x92, 0xE1, 0x71, 0x1B, 0xE4, 0xE9,
    0x36, 0x66, 0x85, 0x0E, 0xED, 0x17, 0xF6, 0xE5, 0x62, 0x18, 0x24, 0xCA, 0x00, 0x48, 0xE6, 0x69,
    0x1D, 0xDA, 0x1E, 0x0A, 0x67, 0x60, 0x65, 0x21, 0xA9, 0x81, 0xC6, 0x31, 0xB9, 0x4E, 0xD8, 0xC6,
    0xD3, 0x84, 0x1E, 0xAF, 0x1B, 0xF4, 0xE0, 0x08, 0x18, 0x34, 0xFE, 0xC4, 0x71, 0x0D, 0x13, 0x0B,
    0xD4, 0xB9, 0xDB, 0x9D, 0xDA, 0x6B, 0x60, 0xF2, 0xF8, 0x4D, 0xA5, 0xAF, 0x84, 0x02, 0x34, 0x24,
    0x4E, 0x9B, 0xFA, 0x35, 0x9A, 0xDA, 0x4D, 0xE1, 0x0E, 0xCD, 0xF5, 0x6D, 0xD9, 0x3E, 0x07, 0x3B,
    0x73, 0x12, 0x58, 0x63, 0xAB, 0x89, 0xAB, 0xC1, 0xAF, 0xF7, 0x8F, 0xFA, 0x51, 0xA4, 0x45, 0xAE,
    0x04, 0xBC, 0x1C, 0x30, 0xB9, 0x16, 0x82, 0xA3, 0x57, 0x72, 0xE1, 0x48, 0x65, 0x1B, 0xE3, 0x40,
    0xAE, 0x19, 0x66, 0x4A, 0x38, 0x47, 0x98, 0xDA, 0x01, 0xE7, 0x60, 0xA6, 0x1A, 0x49, 0xC5, 0x4C,
    0x67, 0x1B, 0xE1, 0xC7, 0xB6, 0x83, 0x72, 0x58, 0x01, 0x66, 0x9D, 0x70, 0xBB, 0x09, 0x80, 0x79,
    0xA3, 0x83, 0x0B, 0x94, 0xED, 0x69, 0x16, 0x98, 0xCD, 0xE1, 0xFA, 0x0D, 0x6B, 0x10, 0x7A, 0x40,
    0xFF, 0x97, 0xF1, 0x8A, 0x08, 0xE1, 0x00, 0x42, 0xFB, 0xD3, 0x48, 0x45, 0x04, 0x92, 0xED, 0x89,
    0xEB, 0x4E, 0xC1, 0x5F, 0x43, 0xFB, 0x06, 0xA0, 0x1B, 0x61, 0x1C, 0x91, 0xBD, 0x6A, 0x62, 0xF5,
    0x65, 0x05, 0x1D, 0x82, 0x97, 0xD9, 0xB3, 0x16, 0xD9, 0x1F, 0xFF, 0x43, 0x82, 0x37, 0xE7, 0xB0,
    0xFA, 0xEB, 0xF0, 0xB5, 0x5C, 0xAF, 0xE0, 0x7C, 0x25, 0x86, 0x53, 0xA8, 0x1F, 0xB7, 0xC4, 0x9E,
    0xBA, 0xE2, 0x55, 0x11, 0x6D, 0xFF, 0xB0, 0x58, 0x96, 0x54, 0xCA, 0x5C, 0xC4, 0xF9, 0xF4, 0xD5,
    0xB8, 0x98, 0x34, 0x90, 0x1F, 0xFF, 0xCE, 0x3E, 0xBE, 0x34, 0x08, 0xDA, 0xE7, 0xF4, 0x22, 0x4B,
    0xF9, 0x8C, 0x5E, 0x54, 0x88, 0xDB, 0x27, 0xAA, 0x91, 0x4E, 0x66, 0x86, 0xBE, 0xA5, 0x1A, 0xFD,
    0x7B, 0x72, 0xD3, 0x81, 0x34, 0x65, 0x7B, 0x9A, 0x05, 0xF5, 0xFA, 0xBF, 0x61, 0x8D, 0x54, 0x87,
    0xF2, 0xB4, 0x55, 0x77, 0x9D, 0x4A, 0x99, 0xCF, 0xF8, 0x1B, 0xEB, 0x05, 0x12, 0xD4, 0x6D, 0x4F,
    0xFD, 0x9F, 0x1B, 0xE4, 0x7E, 0x4E, 0xD0, 0x06, 0x0C, 0x19, 0xD8, 0xE3, 0xF9, 0x12, 0x9B, 0x82,
    0x6B, 0xDA, 0x32, 0x76, 0x3D, 0xD3, 0x9C, 0xFD, 0x2D, 0xD5, 0xB9, 0x8E, 0xE5, 0xE7, 0xDA, 0xCC,
    0x75, 0xEE, 0x7B, 0xBE, 0xDD, 0xA4, 0x8A, 0x01, 0x83, 0xA1, 0xC4, 0xCF, 0xBD, 0xDF, 0xD8, 0xD1,
    0x6C, 0x00, 0x7A, 0xF2, 0x37, 0xF6, 0x9F, 0x66, 0xA7, 0x67, 0xAD, 0x1D, 0x1E, 0x73, 0x3E, 0x65,
    0xFB, 0xEA, 0x0A, 0xA2, 0x12, 0x9C, 0xFD, 0xE4, 0xBF, 0xF0, 0xC9, 0xAB, 0x5A, 0xEF, 0xF7, 0x69,
    0xED, 0x3D, 0xF0, 0xA9, 0x7F, 0x9F, 0x21, 0x6E, 0xAA, 0x6C, 0x7F, 0xB9, 0xBE, 0x17, 0xA1, 0xD1,
    0x29, 0x32, 0x6A, 0xB8, 0x90, 0x5F, 0x2E, 0x48, 0xCA, 0x04, 0xBC, 0xBD, 0x57, 0x53, 0xD0, 0x68,
    0x90, 0x35, 0xC3, 0x21, 0x87, 0xD3, 0xE9, 0x89, 0x00, 0x56, 0xFF, 0x9C, 0x66, 0x80, 0x03, 0xD3,
    0x65, 0xE1, 0x8F, 0x81, 0xC3, 0xFE, 0x06, 0x25, 0xD7, 0x96, 0x35, 0x81, 0x2C, 0x68, 0x96, 0x32,
    0x6E, 0x5E, 0x16, 0x76, 0x01, 0x4A, 0x9E, 0x31, 0x2D, 0x50, 0x72, 0x2D, 0xD7, 0x5A, 0x60, 0xFE,
    0x8F, 0x6D, 0xDC, 0x38, 0x53, 0xAF, 0x0F, 0x6C, 0x04, 0x40, 0xBE, 0xB2, 0x47, 0x22, 0x20, 0x6F,
    0xED, 0x71, 0x74, 0xF9, 0x7F, 0xBD, 0xD9, 0x41, 0x8A, 0xE3, 0xCA, 0x12, 0x85, 0xE1, 0x0F, 0x62,
    0x6A, 0x88, 0xAD, 0x78, 0x01, 0x09, 0xB9, 0xF5, 0x80, 0x9A, 0x5E, 0xE8, 0xAD, 0x04, 0xF4, 0x34,
    0x21, 0x1F, 0x65, 0x19, 0x97, 0xB9, 0x34, 0x0F, 0xAA, 0x4B, 0xBA, 0xA4, 0x4F, 0x0C, 0xE5, 0xFF,
    0x9C, 0x50, 0x86, 0x94, 0x36, 0xD3, 0xA1, 0x4D, 0x7C, 0xEA, 0x17, 0xF9, 0xA9, 0x64, 0x66, 0x19,
    0x51, 0x56, 0x94, 0xBD, 0x2B, 0x3E, 0x55, 0x51, 0x29, 0x6A, 0x8A, 0x1A, 0xA2, 0x97, 0xE8, 0xA6,
    0x01, 0x8C, 0xA7, 0x12, 0xFB, 0xA3, 0xB2, 0xB7, 0x34, 0x1F, 0x6B, 0x3C, 0xB5, 0x8C, 0x87, 0xDA,
    0x3A, 0x56, 0xB4, 0xB9, 0x5B, 0x76, 0x03, 0x88, 0x3A, 0x44, 0x22, 0x1B, 0x4D, 0x34, 0x89, 0x1B,
    0x38, 0x8F, 0xBD, 0x88, 0xF5, 0x05, 0x1F, 0x4D, 0xC0, 0xCF, 0x7C, 0x34, 0xA2, 0x0E, 0x24, 0xB3,
    0x88, 0x6A, 0x00, 0x30, 0x5F, 0x65, 0x23, 0xB6, 0xC3, 0x82, 0x7C, 0x94, 0x74, 0xB8, 0x30, 0xA2,
    0x58, 0x51, 0xEC, 0x5D, 0xE2, 0x51, 0x2A, 0x4A, 0x8A, 0x32, 0x45, 0x19, 0xA2, 0x2D, 0xD1, 0x9A,
    0x86, 0x25, 0x7E, 0x97, 0x6C, 0xC6, 0xA0, 0x6F, 0x3F, 0x33, 0x33, 0x70, 0x43, 0x64, 0x31, 0x4B,
    0x54, 0xE3, 0xD4, 0x26, 0x24, 0xE2, 0xA3, 0x9D, 0xC6, 0x4C, 0x16, 0x14, 0xA2, 0xC8, 0x7F, 0xFE,
    0xF3, 0x2E, 0x44, 0xE3, 0x7E, 0x6A, 0x27, 0xDC, 0x82, 0xFD, 0x4B, 0x7C, 0x2C, 0xE0, 0xBA, 0x8E,
    0xC8, 0x2A, 0x73, 0x97, 0xBE, 0x11, 0x67, 0x76, 0xE6, 0xC9, 0xAC, 0x5B, 0xD4, 0x1D, 0x2E, 0x1A,
    0x43, 0xFF, 0xE2, 0x4E, 0x9C, 0x39, 0x9A, 0x2C, 0x34, 0x51, 0xE2, 0x9F, 0x41, 0x37, 0xBB, 0x4E,
    0xEF, 0x83, 0x89, 0xA6, 0x8A, 0x7B, 0x32, 0x17, 0xD9, 0x3F, 0xF4, 0x72, 0xC7, 0x40, 0x12, 0x75,
    0x1D, 0x7B, 0x22, 0x9C, 0xCC, 0x9E, 0x85, 0x22, 0xEB, 0x52, 0xF6, 0x68, 0xDC, 0xD1, 0x7C, 0x9C,
    0x9A, 0xFD, 0xFB, 0x1E, 0xBE, 0x38, 0xFF, 0x8F, 0x32, 0x37, 0x7D, 0xA3, 0x9C, 0xE8, 0xA1, 0x06,
    0x75, 0x67, 0x37, 0xB3, 0x2E, 0xDD, 0xC3, 0xF7, 0x78, 0xE7, 0x3E, 0x77, 0x0F, 0xEF, 0x7D, 0xF0,
    0x34, 0x51, 0x5F, 0xCA, 0x22, 0x91, 0x7B, 0xC9, 0xDD, 0x12, 0x13, 0xE3, 0x5F, 0xDA, 0xBB, 0xED,
    0x5D, 0x00, 0x9E, 0xD7, 0x21, 0xD9, 0x1D, 0xBD, 0xD2, 0x98, 0xD6, 0x88, 0x9E, 0xBB, 0xF6, 0xD2,
    0x34, 0x8B, 0xA1, 0xE6, 0xAE, 0xDC, 0x05, 0x44, 0x89, 0x42, 0x11, 0x0B, 0x89, 0x81, 0x26, 0x0A,
    0x27, 0x92, 0x06, 0xD9, 0x34, 0x2D, 0x4B, 0xF2, 0x2D, 0xDC, 0xF9, 0x7C, 0x28, 0xF4, 0x3C, 0x17,
    0x6B, 0x67, 0xEC, 0x15, 0xFA, 0x7B, 0x34, 0x4C, 0x0C, 0xF1, 0xBB, 0xE5, 0x62, 0x24, 0x9C, 0x4B,
    0xF6, 0xDA, 0x46, 0xFF, 0xB0, 0x5A, 0xD4, 0x00, 0x12, 0xBB, 0x45, 0x2F, 0xE9, 0x79, 0xE3, 0x45,
    0x9B, 0xBB, 0xEC, 0x45, 0x3B, 0xB4, 0x30, 0x1C, 0xA1, 0xE5, 0xFE, 0xEA, 0xB3, 0xDF, 0xED, 0x2A,
    0xE6, 0x49, 0x64, 0xD9, 0x65, 0x75, 0xD4, 0xF8, 0x6E, 0xA6, 0x8D, 0x81, 0x21, 0xBA, 0xAE, 0xCB,
    0x35, 0x0B, 0x25, 0x7F, 0x95, 0x59, 0xA7, 0x64, 0x2B, 0xDC, 0xE5, 0x6A, 0x63, 0x16, 0x88, 0xEB,
    0x32, 0x36, 0xA3, 0xFC, 0xDE, 0xD4, 0x9D, 0x2C, 0xA7, 0x79, 0xD0, 0xC4, 0x22, 0x93, 0x11, 0xB8,
    0x72, 0x4C, 0x95, 0xD9, 0xBA, 0xA3, 0x86, 0xBF, 0x9E, 0x5A, 0x51, 0x62, 0x31, 0x58, 0xA2, 0x04,
    0xD8, 0xCB, 0x01, 0x94, 0x4C, 0xC6, 0xDB, 0x67, 0xD1, 0x34, 0x2D, 0xFA, 0x79, 0x91, 0x6C, 0x7B,
    0x51, 0xB1, 0x0C, 0x23, 0x3A, 0x0A, 0xB2, 0x52, 0x4A, 0xD3, 0x34, 0x1E, 0x6B, 0x69, 0xAD, 0xFF,
    0xE6, 0xFA, 0x73, 0x29, 0x90, 0x24, 0x96, 0x05, 0x44, 0x47, 0x7D, 0xAE, 0xAC, 0xAF, 0xEF, 0x1B,
    0x8F, 0x05, 0xAD, 0xC9, 0xED, 0xC8, 0x3F, 0x3A, 0xCB, 0x9A, 0x8C, 0xF1, 0xD4, 0x62, 0xF4, 0x97,
    0xD6, 0x53, 0xFD, 0xEC, 0x7C, 0x4D, 0xB3, 0x72, 0x2F, 0xB1, 0x1B, 0x80, 0xF5, 0x54, 0x8A, 0xDD,
    0xD9, 0x2B, 0xCD, 0x69, 0x0E, 0xB9, 0xE4, 0x32, 0xDB, 0x6C, 0x63, 0x59, 0x43, 0x3F, 0x02, 0x07,
    0x44, 0x8B, 0xC6, 0xC0, 0x7C, 0xBB, 0x07, 0x06, 0xEE, 0x70, 0x1E, 0x69, 0x90, 0xCD, 0xE0, 0x88,
    0x90, 0xDB, 0xF7, 0x70, 0xA3, 0x90, 0x98, 0x03, 0x1B, 0x19, 0x05, 0xBC, 0x48, 0x1F, 0xA8, 0xA2,
    0xA3, 0x65, 0x59, 0x26, 0xC3, 0x78, 0x95, 0xC5, 0xD0, 0xEF, 0x65, 0xBD, 0x4A, 0x6B, 0xD1, 0x96,
    0x2C, 0xD3, 0x2C, 0xB9, 0x97, 0x57, 0xC8, 0x4B, 0x7C, 0x3C, 0x27, 0xD7, 0xFB, 0x8E, 0x24, 0x76,
    0xCB, 0x5E, 0x6F, 0x2F, 0x0D, 0x69, 0x3D, 0x34, 0xF5, 0x43, 0xC3, 0xB2, 0x0C, 0xFD, 0xDC, 0x91,
    0x68, 0xDC, 0x71, 0x9B, 0xD8, 0x2F, 0x23, 0x67, 0xE6, 0x9D, 0x44, 0x94, 0x5F, 0x6D, 0x74, 0xD4,
    0xE0, 0x7B, 0x61, 0x4F, 0x04, 0x92, 0x79, 0xBF, 0x8A, 0x91, 0x6C, 0xF4, 0x91, 0x6D, 0x9F, 0x93,
    0xAD, 0xFB, 0x4D, 0xEC, 0x21, 0xB3, 0x81, 0xEB, 0x32, 0x36, 0x3F, 0xCA, 0xDE, 0xD4, 0x20, 0xCA,
    0x79, 0x1E, 0x26, 0xB6, 0x23, 0x17, 0x85, 0x0B, 0x27, 0x46, 0x99, 0xFD, 0x7C, 0xAC, 0xFF, 0xFD,
    0x00, 0xC9, 0x42, 0xC2, 0x80, 0x06, 0x96, 0xDC, 0xDA, 0xDE, 0x1F, 0x1D, 0x1D, 0xBB, 0x4E, 0xDD,
    0x93, 0x0B, 0x4D, 0x14, 0x29, 0x30, 0xDC, 0x8C, 0xD8, 0xDD, 0xD9, 0xBB, 0xBE, 0x95, 0x77, 0x14,
    0xA2, 0xA1, 0x61, 0x5C, 0x8F, 0x3F, 0x90, 0x4F, 0x45, 0xFD, 0x0C, 0xDF, 0x80, 0x59, 0x88, 0x42,
    0x16, 0x06, 0xDC, 0xAF, 0x37, 0x12, 0xC8, 0x7E, 0x3F, 0x5E, 0x10, 0xC2, 0xED, 0x07, 0x86, 0xB2,
    0x9B, 0xB9, 0x8B, 0x7B, 0x5E, 0xEF, 0x60, 0x07, 0x7B, 0x8B, 0x5A, 0x3F, 0x68, 0xC3, 0xF5, 0x98,
    0x00, 0xF4, 0xAB, 0x30, 0x7F, 0x82, 0xCB, 0xFB, 0xAB, 0x9F, 0xF1, 0x10, 0xEB, 0xA9, 0x9E, 0xF4,
    0x78, 0x28, 0x3E, 0x55, 0x9F, 0x5A, 0xA2, 0xFA, 0xA1, 0xFC, 0x94, 0x36, 0x2D, 0xCB, 0xDC, 0x4B,
    0xEE, 0x02, 0xA0, 0x0F, 0x65, 0x65, 0xA5, 0xAF, 0x35, 0xA5, 0x61, 0x1A, 0xAF, 0xF5, 0x76, 0xAA,
    0x5E, 0x6D, 0xFE, 0xE9, 0x54, 0x6D, 0x61, 0x23, 0x9F, 0x5A, 0x28, 0x9C, 0xC9, 0xFD, 0x7F, 0x7E,
    0xB4, 0x2F, 0xD2, 0xDF, 0xF8, 0xC8, 0xC2, 0x84, 0xF1, 0xDE, 0xB4, 0x2C, 0xE3, 0x41, 0xBD, 0x92,
    0xDD, 0xC9, 0x96, 0xB4, 0x49, 0x1B, 0x47, 0x89, 0x47, 0xA9, 0xA3, 0x2C, 0x51, 0xFA, 0x28, 0xF9,
    0x28, 0xB4, 0xC9, 0xB2, 0x98, 0xBB, 0x3D, 0x5D, 0x98, 0xB0, 0x10, 0x8D, 0x00, 0xA2, 0xD4, 0x61,
    0xE0, 0x97, 0x94, 0x4B, 0xCA, 0x92, 0x92, 0x29, 0x19, 0x7F, 0xB8, 0x4B, 0xD7, 0xA3, 0x44, 0x33,
    0x57, 0x7B, 0x37, 0x14, 0x05, 0x0D, 0xE3, 0x7A, 0x47, 0x13, 0x12, 0xA2, 0xA0, 0xCE, 0x75, 0xA4,
    0x61, 0x43, 0xBE, 0xCA, 0xFA, 0xAF, 0xBA, 0x55, 0x88, 0x05, 0x03, 0xC6, 0x65, 0x7D, 0xEB, 0x66,
    0x3C, 0x47, 0xEA, 0xF5, 0x2D, 0xFB, 0x28, 0xF6, 0x46, 0x8D, 0x13, 0x7D, 0x5C, 0x0F, 0x0E, 0x40,
    0x23, 0xDA, 0xE9, 0xF4, 0x40, 0xB4, 0xF7, 0xD1, 0x36, 0x90, 0x88, 0x02, 0x4B, 0xD6, 0x90, 0xAF,
    0xB9, 0x32, 0xB5, 0x8C, 0x92, 0xF9, 0x29, 0x72, 0x11, 0x8B, 0x3F, 0x1C, 0xDF, 0x0F, 0x39, 0x24,
    0x8B, 0x28, 0x34, 0x06, 0xC0, 0x2D, 0x5A, 0x47, 0x3F, 0x6A, 0xE9, 0x2C, 0xFD, 0x3E, 0x35, 0x17,
    0xF7, 0x66, 0x7E, 0xAA, 0x98, 0x0E, 0x0D, 0x2C, 0x34, 0xD1, 0xEC, 0x62, 0x9F, 0xC9, 0x0A, 0x98,
    0x18, 0x88, 0xB6, 0xFE, 0x9E, 0xB1, 0x45, 0xF7, 0x8B, 0xD1, 0x0D, 0xF3, 0x0F, 0xFF, 0xF9, 0x9E,
    0xCA, 0x7F, 0xC7, 0x46, 0x20, 0xB1, 0xD0, 0x97, 0x64, 0x6E, 0xA7, 0xF8, 0xB5, 0x84, 0x3E, 0xD7,
    0x43, 0x76, 0x9B, 0xBB, 0xDC, 0xF3, 0x12, 0xEE, 0xFF, 0x01, 0xA5, 0x96, 0x4B, 0x8A, 0xE4, 0x4C,
    0x0C, 0x84, 0x3F, 0xD0, 0xD6, 0xA0, 0xAB, 0x24, 0xFC, 0x5B, 0x41, 0x5E, 0x5D, 0x50, 0xDB, 0x86,
    0xBA, 0x4A, 0x40, 0x6F, 0x05, 0xFA, 0xDB, 0x69, 0x7B, 0x3C, 0xD5, 0xF3, 0x9E, 0x89, 0x08, 0x29,
    0xDF, 0xCA, 0xA8, 0x77, 0xF1, 0x02, 0x83, 0x6C, 0x29, 0xDF, 0xD1, 0x4F, 0xB9, 0x31, 0x68, 0x0D,
    0x6D, 0xE2, 0xA7, 0xEC, 0x93, 0xB3, 0x0F, 0x68, 0xA9, 0xBF, 0x9B, 0x15, 0x7F, 0xCA, 0xD9, 0xC5,
    0xC2, 0xEC, 0xEA, 0x16, 0x69, 0xE9, 0x38, 0x93, 0xC2, 0xD2, 0x57, 0x3F, 0x28, 0xF6, 0xDE, 0x5C,
    0x3D, 0xA1, 0x1D, 0x83, 0x94, 0x65, 0xBA, 0xA5, 0x7B, 0x4E, 0xA7, 0x26, 0xF6, 0x90, 0x3F, 0xB4,
    0x66, 0x08, 0xA7, 0x02, 0x7F, 0x9C, 0xAB, 0x31, 0xA9, 0x40, 0x85, 0x2E, 0xC4, 0x08, 0x0A, 0x74,
    0x29, 0xE9, 0xCE, 0x0F, 0x59, 0x62, 0xEC, 0xF2, 0x4B, 0x13, 0xE2, 0x52, 0x2D, 0xE1, 0x89, 0x73,
    0xC8, 0xDF, 0xCA, 0xBB, 0x5E, 0x76, 0xE8, 0x54, 0x77, 0xD6, 0x73, 0x15, 0x5C, 0xF2, 0x64, 0xE6,
    0x3C, 0x9E, 0x4A, 0x79, 0x6E, 0xF8, 0x3E, 0xAE, 0xD9, 0x33, 0x8B, 0x98, 0x15, 0xA6, 0x69, 0x2A,
    0x53, 0x98, 0x7C, 0x9A, 0x66, 0xED, 0x51, 0x05, 0x2D, 0xF1, 0x2B, 0xB6, 0xF8, 0x25, 0xFB, 0x0B,
    0x9D, 0x9F, 0xB1, 0x95, 0xEC, 0xFC, 0xF5, 0x3E, 0xC6, 0xCE, 0x5F, 0xED, 0xC3, 0x0A, 0x07, 0xBC,
    0x08, 0x20, 0x1C, 0xDD, 0x8D, 0xDC, 0x12, 0xD0, 0xE6, 0x00, 0x8A, 0x38, 0x9B, 0xA6, 0xD1, 0x78,
    0x6F, 0xEB, 0xEC, 0xF7, 0xA7, 0x3D, 0x1F, 0x39, 0x9F, 0x6E, 0x4F, 0x4B, 0x7C, 0x5B, 0x4D, 0x84,
    0xBD, 0x59, 0xA2, 0xB0, 0xB0, 0xB4, 0x0C, 0x0F, 0xE7, 0x6C, 0x9C, 0x59, 0x1E, 0x04, 0x2E, 0xD7,
    0x79, 0xFB, 0x7D, 0xFF, 0x79, 0xF5, 0xDD, 0xB9, 0x5D, 0x9C, 0x3E, 0x6E, 0x27, 0xB7, 0x97, 0xCB,
    0xCD, 0xE3, 0xF2, 0xF3, 0xB8, 0x1C, 0x5D, 0x9E, 0x6E, 0x57, 0xCF, 0xCB, 0xD7, 0xDB, 0xE5, 0x6C,
    0x33, 0xCE, 0xCE, 0xE5, 0xCE, 0xE7, 0xE9, 0xCF, 0x0B, 0x3B, 0xDF, 0xE7, 0x03, 0x91, 0xEB, 0x7D,
    0xEC, 0xE9, 0x4E, 0x04, 0x23, 0x90, 0xC8, 0x7D, 0xF2, 0x5D, 0xEE, 0x8F, 0xF4, 0x35, 0xEF, 0x8C,
    0x08, 0xA4, 0x41, 0xA6, 0xA8, 0x88, 0xD8, 0x36, 0x2F, 0xC5, 0xC2, 0xB6, 0x0F, 0xBC, 0xA4, 0x88,
    0x6B, 0xE6, 0x43, 0xFB, 0xDC, 0x46, 0x40, 0xC1, 0x1B, 0xF6, 0xC4, 0x9D, 0xCD, 0x18, 0x86, 0x2C,
    0xC9, 0x3D, 0x4F, 0x0A, 0x11, 0x04, 0x8E, 0xB3, 0x61, 0x38, 0x96, 0x1F, 0x14, 0x32, 0xF9, 0x5A,
    0x1F, 0x8C, 0x3D, 0x07, 0x85, 0x1C, 0xED, 0xCB, 0x38, 0x88, 0x80, 0x40, 0xE0, 0x96, 0xEC, 0xE5,
    0xA9, 0x9D, 0x2B, 0x0D, 0x7B, 0x32, 0x8E, 0x85, 0x40, 0x20, 0x82, 0x75, 0xCC, 0x19, 0x96, 0xAB,
    0xD4, 0x2A, 0x4A, 0x79, 0x52, 0x0E, 0xDA, 0x63, 0x62, 0x2B, 0x02, 0xCB, 0xAF, 0x43, 0x38, 0x77,
    0x5C, 0x08, 0x4B, 0xE6, 0x3A, 0x9E, 0x78, 0xD3, 0x9D, 0xFF, 0x3D, 0xD2, 0x96, 0xFC, 0x43, 0x9E,
    0x3E, 0xF1, 0xC2, 0x13, 0x87, 0x58, 0x3A, 0x50, 0x97, 0xBA, 0xF5, 0xA1, 0x5C, 0xCE, 0x06, 0x31,
    0x5D, 0xD6, 0x30, 0x13, 0xEB, 0x3A, 0xBC, 0x62, 0x08, 0x4B, 0x08, 0x10, 0xAC, 0xAD, 0xC6, 0x59,
    0x70, 0x80, 0x76, 0xD9, 0xC0, 0x07, 0xDB, 0x20, 0x06, 0x23, 0xC8, 0x00, 0xF0, 0x04, 0xC0, 0xE1,
    0x6E, 0xE2, 0x68, 0xE6, 0x1B, 0x0B, 0xDD, 0x00, 0x94, 0x03, 0xD8, 0x13, 0x00, 0x7F, 0x00, 0x30,
    0x2D, 0x01, 0x36, 0x13, 0xE0, 0x18, 0x01, 0x0E, 0x88, 0x0C, 0x0C, 0x51, 0x81, 0x49, 0xCC, 0x32,
    0x3A, 0x07, 0xDD, 0x58, 0x8B, 0x32, 0x5C, 0xC3, 0xDF, 0x60, 0x0E, 0xA6, 0x43, 0x05, 0xE1, 0xA0,
    0x60, 0xB3, 0x64, 0x4C, 0x5A, 0x9D, 0x40, 0x00, 0x02, 0xCB, 0x23, 0x1C, 0x88, 0xD7, 0x69, 0x07,
    0xFC, 0xC7, 0x3B, 0x05, 0xD0, 0xB9, 0x4B, 0x20, 0x4C, 0x58, 0xDE, 0xF2, 0xC4, 0x6B, 0x89, 0x5D,
    0xC1, 0xAD, 0x02, 0x5D, 0x47, 0x99, 0xA2, 0x3F, 0x1D, 0xE3, 0x12, 0xB6, 0x2A, 0xDC, 0x27, 0x75,
    0xCB, 0x74, 0x56, 0xF0, 0x66, 0xAA, 0xFB, 0xD1, 0x35, 0x2C, 0x73, 0xAE, 0x22, 0x77, 0xC2, 0x93,
    0x60, 0x42, 0x51, 0xB8, 0x4C, 0x4C, 0x1C, 0x82, 0x0D, 0x44, 0x80, 0xB8, 0x51, 0x98, 0xEE, 0xB4,
    0x2A, 0x77, 0x67, 0x8C, 0xE3, 0x3D, 0x58, 0x67, 0x08, 0x4F, 0x31, 0x11, 0x65, 0xFA, 0x60, 0x3A,
    0x96, 0x1B, 0xC7, 0xA6, 0xBB, 0x94, 0x53, 0xCC, 0x15, 0x94, 0x37, 0xD4, 0xEC, 0x44, 0xC3, 0x84,
    0x40, 0x76, 0xA6, 0xFD, 0x3C, 0x96, 0x97, 0xDF, 0xDA, 0xFB, 0x3A, 0x6C, 0x3B, 0xCE, 0x91, 0x6E,
    0x04, 0x01, 0x93, 0x86, 0x22, 0xA0, 0xBB, 0x21, 0x20, 0xEE, 0x17, 0xC0, 0x61, 0x9E, 0x13, 0x1C,
    0x13, 0xE7, 0xAF, 0x5C, 0xE5, 0xAE, 0xFE, 0xAC, 0x73, 0x5E, 0x99, 0xFC, 0x44, 0xDE, 0x9D, 0xB3,
    0x1F, 0x5F, 0xA2, 0x5F, 0xE2, 0x9E, 0xDF, 0xF7, 0xD9, 0x71, 0x1D, 0xEA, 0xFE, 0x3A, 0xF2, 0x53,
    0xB0, 0xC7, 0xBE, 0xAF, 0x5B, 0xF7, 0x5B, 0xA4, 0x82, 0x16, 0xD6, 0x45, 0x85, 0x17, 0xD3, 0x09,
    0x67, 0xF3, 0x64, 0xC3, 0xF1, 0x9C, 0x38, 0xAF, 0xD0, 0x4D, 0xA0, 0xC1, 0x5B, 0x04, 0x41, 0xB2,
    0x59, 0xE2, 0xFC, 0x23, 0x12, 0x23, 0x71, 0x06, 0xC1, 0x74, 0x61, 0x0D, 0xA0, 0x2B, 0xB0, 0x4C,
    0xAC, 0x12, 0xBC, 0x85, 0x3F, 0x44, 0x08, 0x4A, 0x98, 0x02, 0x32, 0x80, 0x01, 0xF0, 0xF2, 0x71,
    0xAA, 0x80, 0x2E, 0xC3, 0xBA, 0xD6, 0xC0, 0xDE, 0xC0, 0x1D, 0xC2, 0x61, 0xF3, 0x84, 0x0D, 0xCA,
    0xF2, 0x43, 0xF1, 0xE9, 0xD3, 0xA3, 0xA5, 0xC4, 0x96, 0x9C, 0x5D, 0x1B, 0xC4, 0xBE, 0x33, 0xE5,
    0xE9, 0x2D, 0xD0, 0xF4, 0x96, 0xE5, 0xC0, 0xBA, 0x11, 0x98, 0xB0, 0x16, 0x4E, 0x10, 0x38, 0xC2,
    0x8E, 0x0A, 0x01, 0x41, 0x44, 0x78, 0xC8, 0x3A, 0x69, 0x7A, 0xC1, 0x3A, 0x3D, 0x74, 0xFC, 0xA6,
    0x10, 0x80, 0xA0, 0x40, 0xBC, 0xA2, 0x96, 0x06, 0x9F, 0x30, 0x8E, 0x15, 0x7B, 0xBC, 0xAF, 0xDF,
    0xAE, 0x47, 0xFA, 0xF9, 0xEB, 0xE5, 0x8C, 0x38, 0x7E, 0xBF, 0x06, 0x99, 0x12, 0x20, 0x80, 0x02,
    0x10, 0x3F, 0x46, 0x81, 0x69, 0xA5, 0x01, 0x24, 0xDF, 0xC5, 0x00, 0xA8, 0xDB, 0x17, 0x5A, 0x29,
    0x00, 0xFD, 0xFA, 0xC4, 0x8F, 0x31, 0x80, 0xBC, 0x1D, 0x44, 0x05, 0x37, 0x88, 0x2A, 0x1C, 0xF0,
    0x04, 0xFF, 0x61, 0x81, 0x2C, 0x4C, 0x7B, 0xF0, 0x1D, 0xBC, 0x9E, 0xD7, 0x99, 0x3C, 0x35, 0xCF,
    0x84, 0x26, 0x20, 0xEE, 0x44, 0x7F, 0x40, 0x2B, 0x7D, 0x5A, 0x30, 0xB4, 0xDD, 0x67, 0x3F, 0x1F,
    0xAB, 0x12, 0xEC, 0x4D, 0xAD, 0x66, 0x01, 0xE2, 0x35, 0x5D, 0x68, 0x39, 0x3B, 0x7F, 0xFD, 0x7F,
    0x30, 0xC7, 0xCE, 0x5F, 0xEF, 0x9B, 0xE9, 0xFC, 0x9A, 0xE7, 0x5F, 0xE4, 0xFC, 0x55, 0x3D, 0xE7,
    0xBF, 0xD4, 0xAF, 0x6B, 0xD2, 0xFC, 0xDE, 0xE3, 0xF8, 0x1F, 0x8D, 0x90, 0x51, 0xAA, 0x1D, 0x31,
    0x0C, 0x43, 0x05, 0xFE, 0x35, 0x68, 0x2B, 0x5E, 0x80, 0x20, 0x5B, 0xF7, 0x02, 0x2E, 0xBC, 0xAD,
    0x08, 0xEE, 0xEF, 0x80, 0x9B, 0xC9, 0x1D, 0xDA, 0xBE, 0x96, 0x42, 0x39, 0xCA, 0x98, 0xE8, 0x23,
    0xC9, 0x1C, 0x5A, 0xF2, 0xA1, 0x6F, 0xCA, 0x9E, 0x5E, 0x20, 0x90, 0x52, 0x55, 0xD9, 0x58, 0x10,
    0x5E, 0x71, 0x51, 0x92, 0x6B, 0x06, 0xBE, 0x89, 0x21, 0x88, 0xC4, 0x72, 0x5E, 0x48, 0x64, 0x6B,
    0xBC, 0x3A, 0x2E, 0x42, 0x30, 0xC6, 0x2E, 0xAB, 0x65, 0xEF, 0x16, 0x6B, 0xA0, 0x53, 0x77, 0x34,
    0x41, 0x08, 0xDE, 0xC4, 0x45, 0x26, 0xC9, 0x3D, 0x2D, 0x39, 0xAD, 0x75, 0xB1, 0xEF, 0x56, 0x87,
    0x35, 0x7C, 0x41, 0xF0, 0x78, 0xC0, 0xC3, 0x78, 0xFC, 0xCC, 0x0D, 0x00, 0x8C, 0xA3, 0x09, 0x6D,
    0x0A, 0xFE, 0x86, 0x10, 0x8D, 0x0F, 0xBE, 0xBF, 0xF1, 0xDB, 0xDD, 0x6B, 0x16, 0xC5, 0xA2, 0x73,
    0xA3, 0xD6, 0x1F, 0x0A, 0xF4, 0x28, 0xE8, 0xD5, 0x6F, 0xF0, 0x21, 0xA1, 0x03, 0xAF, 0xFC, 0x14,
    0xC2, 0x73, 0xF7, 0x5C, 0x73, 0x3D, 0xED, 0xF9, 0x17, 0x08, 0x6A, 0xCD, 0xB5, 0x00, 0x62, 0x61,
    0xE2, 0x45, 0xA5, 0x4A, 0x33, 0xA8, 0xFF, 0x32, 0xA7, 0x6F, 0xE6, 0xF2, 0xD4, 0x7E, 0x5E, 0x7F,
    0x36, 0x31, 0x24, 0xE3, 0x98, 0xBB, 0xFE, 0x61, 0xEE, 0x0B, 0x82, 0xC6, 0x83, 0x38, 0xDC, 0x6F,
    0x7C, 0xE6, 0x06, 0x00, 0xF6, 0xDE, 0x44, 0xFE, 0x65, 0xAE, 0x7E, 0x99, 0xF3, 0xA1, 0xE3, 0xE6,
    0x31, 0x87, 0x77, 0x73, 0x41, 0x44, 0x9D, 0x38, 0x51, 0xC2, 0x7A, 0x21, 0x01, 0x98, 0x52, 0x96,
    0x56, 0x1B, 0x85, 0xE5, 0x68, 0x98, 0x14, 0x2B, 0x8A, 0x66, 0xE5, 0x6E, 0xC0, 0xE8, 0x20, 0x42,
    0x80, 0x81, 0x46, 0x14, 0xB2, 0x70, 0x09, 0xEC, 0x3A, 0xDA, 0x78, 0xF9, 0xC8, 0x4F, 0x04, 0xB8,
    0x49, 0xF1, 0x4B, 0xB1, 0x61, 0xB1, 0xD2, 0x7A, 0x5A, 0xA6, 0xE4, 0xD5, 0xAB, 0xAB, 0xCB, 0x56,
    0x90, 0x99, 0x29, 0x55, 0x39, 0x45, 0xF0, 0xEB, 0xDD, 0x19, 0xDD, 0x62, 0x9C, 0x55, 0x19, 0xB8,
    0x97, 0xF5, 0x39, 0x70, 0x85, 0xF8, 0xF3, 0x40, 0x22, 0xDE, 0xCD, 0x6E, 0xA2, 0x73, 0x27, 0x76,
    0xB0, 0x06, 0x32, 0x0A, 0x77, 0x0C, 0x84, 0x99, 0x02, 0x11, 0x0D, 0xA3, 0xC6, 0x09, 0x62, 0xF9,
    0x85, 0x84, 0x36, 0xB5, 0x59, 0x48, 0xFC, 0x00, 0x6D, 0xD6, 0x41, 0x8A, 0xEB, 0x50, 0x0E, 0x46,
    0xE1, 0x03, 0x9A, 0x06, 0xB4, 0x95, 0x40, 0x4F, 0x05, 0xDA, 0xBA, 0x20, 0xD3, 0x07, 0xD9, 0x8A,
    0xA0, 0xA6, 0x82, 0xBF, 0xEF, 0xB5, 0x6D, 0xFC, 0xFA, 0x75, 0xC5, 0xF9, 0x0E, 0x35, 0x52, 0xB8,
    0x89, 0x6C, 0x0A, 0x95, 0xAB, 0x12, 0x02, 0x06, 0x1A, 0xDA, 0xD5, 0xC1, 0xF9, 0x9E, 0x20, 0x35,
    0x34, 0xDC, 0x6F, 0x53, 0x9B, 0x1A, 0x7A, 0xF9, 0x29, 0x4C, 0x45, 0xAA, 0x91, 0x97, 0x7D, 0x1D,
    0xF7, 0x20, 0x5F, 0x41, 0xC4, 0x9B, 0x78, 0x37, 0xD1, 0xCD, 0xFC, 0x14, 0xF3, 0x29, 0xF2, 0x03,
    0xE9, 0x27, 0xD7, 0x2C, 0x4D, 0xBC, 0xCF, 0x49, 0xA4, 0x0A, 0x09, 0x6B, 0xC3, 0x0B, 0x12, 0x88,
    0x65, 0x96, 0x8E, 0xA1, 0x73, 0x83, 0x8E, 0xCB, 0x2C, 0x7D, 0x9A, 0x25, 0x55, 0xF8, 0xB2, 0x32,
    0xE4, 0x1E, 0x0C, 0x8F, 0x7B, 0xD0, 0x22, 0x9D, 0x1A, 0xAC, 0x4E, 0xD7, 0x47, 0xE3, 0xB5, 0x70,
    0x82, 0x63, 0x60, 0xE3, 0xBC, 0xFF, 0x9D, 0xE5, 0x9A, 0x03, 0xCD, 0x21, 0xD5, 0xD7, 0xAC, 0x67,
    0x86, 0xA4, 0x03, 0x60, 0xDC, 0x33, 0x63, 0xE9, 0x77, 0xB9, 0x8F, 0xC6, 0x23, 0x7B, 0xBC, 0xB2,
    0x62, 0x85, 0x48, 0x8E, 0x04, 0x11, 0xCC, 0x8A, 0x0D, 0xB3, 0xD3, 0xE3, 0x4D, 0xF7, 0x6B, 0x27,
    0x76, 0x7E, 0xDA, 0x9A, 0x02, 0xAC, 0xEE, 0xB1, 0x04, 0xCD, 0x5C, 0x64, 0xB5, 0xD9, 0xD7, 0x2A,
    0xA5, 0x59, 0xDA, 0xBE, 0x8E, 0x7D, 0x9C, 0xFD, 0xB7, 0xA4, 0x72, 0x1B, 0x6E, 0xB1, 0xB1, 0x35,
    0xA6, 0x62, 0xA5, 0x57, 0x6A, 0x76, 0xE2, 0x8A, 0x57, 0xBC, 0x70, 0x22, 0x56, 0x66, 0x70, 0x93,
    0x2A, 0x55, 0x4D, 0x0E, 0x4D, 0x70, 0xC4, 0x8E, 0x14, 0xB3, 0xD3, 0x57, 0xE6, 0xCC, 0x6F, 0x93,
    0xBD, 0xC2, 0xCA, 0x89, 0x9C, 0x95, 0x79, 0x3B, 0xD3, 0xB8, 0x77, 0x73, 0x4E, 0x16, 0x22, 0x9C,
    0xAC, 0x15, 0x3B, 0xD2, 0xB3, 0xD3, 0xDE, 0x2B, 0xF6, 0x55, 0xED, 0x60, 0x15, 0xD6, 0x3B, 0x65,
    0x35, 0x2B, 0xFC, 0x71, 0xDC, 0x8E, 0xCC, 0x4E, 0x04, 0xEE, 0x2B, 0x29, 0x09, 0xED, 0x78, 0x44,
    0xEF, 0x14, 0xFE, 0xCE, 0x95, 0xDE, 0xA9, 0xE4, 0xEF, 0x10, 0x60, 0x1A, 0xC2, 0x24, 0x8E, 0xD9,
    0x77, 0xE8, 0x76, 0xFB, 0xD4, 0x15, 0x3F, 0x62, 0x9F, 0xCE, 0x95, 0x0A, 0x77, 0xBB, 0x12, 0x47,
    0x70, 0xFA, 0x4A, 0xD2, 0xA9, 0xA1, 0xA5, 0xE2, 0xD9, 0x48, 0x09, 0x5B, 0xA0, 0xF1, 0x45, 0x3F,
    0x6D, 0x93, 0x65, 0xE5, 0xE7, 0xC5, 0x29, 0x71, 0xB6, 0x20, 0xAF, 0x6B, 0x70, 0x05, 0x36, 0xC1,
    0xFD, 0x92, 0x7A, 0x7B, 0xF6, 0x36, 0xA9, 0x7B, 0xE7, 0x6D, 0xAB, 0x73, 0x4F, 0xBF, 0x80, 0x2F,
    0xBA, 0x77, 0x1E, 0x1E, 0x75, 0x9E, 0x9A, 0xAD, 0x19, 0xDA, 0xD6, 0xE5, 0x65, 0x95, 0x58, 0x0D,
    0xF6, 0x69, 0xFC, 0x5B, 0x78, 0x3E, 0xFB, 0xED, 0x5E, 0xA4, 0x15, 0x71, 0x68, 0x82, 0x6D, 0xAE,
    0x8D, 0x4A, 0x5C, 0xEA, 0x94, 0x0A, 0x87, 0xD3, 0x0B, 0x72, 0x96, 0x5E, 0x80, 0x01, 0x9F, 0x26,
    0x54, 0x20, 0xB0, 0x06, 0x5F, 0x66, 0xF9, 0xFC, 0xCF, 0x3D, 0x7A, 0x9F, 0x92, 0xEB, 0x60, 0x90,
    0x8B, 0x95, 0x9F, 0xAD, 0x5D, 0x5B, 0xF5, 0xB3, 0xFC, 0x5D, 0x2F, 0xD5, 0xAA, 0xFD, 0x74, 0xE0,
    0xCE, 0x6A, 0x1C, 0x9D, 0x5D, 0xEF, 0xB4, 0x3E, 0x37, 0x5A, 0x7D, 0x7D, 0x50, 0xF0, 0xB4, 0x7F,
    0xAF, 0xF7, 0x79, 0x90, 0x0E, 0x1E, 0xCF, 0x73, 0xF1, 0xA0, 0xE7, 0xC1, 0x73, 0x7C, 0x7F, 0xE7,
    0xEF, 0xE6, 0x13, 0x44, 0x04, 0xFD, 0x0E, 0xE0, 0x1F, 0x3E, 0x4B, 0x81, 0x0A, 0xD3, 0x60, 0x95,
    0xCB, 0x79, 0xEF, 0xDA, 0xB5, 0x11, 0x92, 0x6A, 0x73, 0x86, 0x54, 0x2F, 0xF5, 0xEB, 0xA3, 0x6E,
    0x3B, 0x67, 0xAA, 0x90, 0xC6, 0xA6, 0xDF, 0x5E, 0x8D, 0x53, 0xE4, 0x12, 0x56, 0xCC, 0xD2, 0x56,
    0xEF, 0x36, 0x55, 0xFB, 0x66, 0x87, 0x79, 0xF9, 0x46, 0x86, 0xE3, 0xD2, 0xB9, 0x17, 0xEF, 0x7B,
    0x68, 0x5E, 0x04, 0xB6, 0x7D, 0xC1, 0x37, 0xC7, 0x25, 0xDD, 0x83, 0x53, 0x9A, 0xCD, 0xCA, 0xCA,
    0xAF, 0x93, 0x04, 0xD6, 0xB3, 0x34, 0x34, 0x39, 0x20, 0xC1, 0xF5, 0xEB, 0xDD, 0x52, 0xEA, 0x8D,
    0x1C, 0x4C, 0x70, 0x9F, 0x37, 0x80, 0xB9, 0x04, 0x2F, 0x52, 0x8D, 0x2F, 0x3C, 0x67, 0x6C, 0x9B,
    0xAE, 0xDF, 0xCE, 0xB8, 0xB5, 0x41, 0xFB, 0x63, 0x5E, 0xA7, 0xBC, 0x9E, 0xE9, 0xA6, 0x7E, 0xCE,
    0x58, 0x81, 0x2D, 0x5E, 0x83, 0xA4, 0x76, 0x9A, 0x5B, 0xDA, 0x56, 0xC4, 0x83, 0xF1, 0xA2, 0x0F,
    0xA2, 0x4D, 0x40, 0xEE, 0x48, 0x85, 0xB5, 0xDD, 0x4F, 0xEB, 0x3B, 0xD8, 0x91, 0x01, 0xD0, 0x4E,
    0x16, 0x60, 0x0D, 0x30, 0xBC, 0xBB, 0x83, 0xAF, 0x22, 0xF8, 0xF3, 0x7A, 0x0D, 0xF3, 0x8A, 0x26,
    0x23, 0x8B, 0x94, 0xE0, 0xFD, 0x7E, 0xEF, 0x34, 0xB8, 0x54, 0xB9, 0x70, 0xBD, 0x52, 0x3A, 0xD4,
    0xAF, 0xCB, 0xF0, 0xB0, 0xAD, 0x1E, 0x7B, 0xCE, 0x02, 0xCE, 0x52, 0xD7, 0x9C, 0x6B, 0x0F, 0x13,
    0x6C, 0x40, 0xFD, 0x8C, 0xCC, 0xC5, 0xB7, 0x7B, 0xC6, 0x3D, 0x3B, 0x2E, 0x63, 0x8B, 0x40, 0x45,
    0x36, 0x44, 0x07, 0xA6, 0x3E, 0xE7, 0x14, 0x7C, 0xCA, 0xFA, 0xD8, 0x89, 0x8D, 0x7D, 0x25, 0xCF,
    0x2E, 0x9F, 0x73, 0xA3, 0xF7, 0x21, 0xA1, 0x97, 0x68, 0xCE, 0xFD, 0x97, 0x86, 0xC6, 0x29, 0xDC,
    0x3E, 0x2F, 0xB7, 0xAF, 0xDC, 0x7E, 0x7E, 0xC6, 0xAA, 0xDA, 0x0B, 0x72, 0xF9, 0x4F, 0x03, 0x1A,
    0xC8, 0x05, 0xAF, 0x1D, 0xFE, 0x3F, 0xB9, 0x69, 0x30, 0x49, 0x78, 0x85, 0x97, 0x13, 0x56, 0xC9,
    0xEC, 0xB4, 0x55, 0x5C, 0xF1, 0x15, 0xBC, 0x66, 0x85, 0xBE, 0x03, 0xA9, 0xAD, 0x19, 0x1B, 0x9A,
    0x2D, 0x36, 0x6B, 0x66, 0xE9, 0x7D, 0xB6, 0x94, 0x90, 0x8A, 0xE7, 0x3F, 0x82, 0x93, 0x03, 0xF9,
    0x3C, 0x62, 0xDE, 0xA7, 0x6C, 0x5C, 0x22, 0xFB, 0x0F, 0xD3, 0x65, 0xFD, 0x29, 0xAB, 0x4F, 0xF9,
    0x66, 0x1F, 0x1C, 0xFE, 0xF5, 0x7C, 0xF3, 0xF3, 0xDC, 0x21, 0xF8, 0x0B, 0x3C, 0x40, 0xB3, 0x08,
    0xEB, 0xC4, 0xCA, 0xEB, 0xB2, 0x2F, 0x9C, 0xC1, 0xD5, 0x27, 0x82, 0x5C, 0xCE, 0x6E, 0xFB, 0x1A,
    0xA4, 0x5E, 0xCE, 0x51, 0xAF, 0xE5, 0xBF, 0xFB, 0xFF, 0xE1, 0xFF, 0x07, 0x00, 0xCD, 0xD1, 0x41,
    0x6A, 0xEE, 0x30, 0x0C, 0x04, 0xE0, 0x01, 0x1F, 0x40, 0x17, 0x0A, 0xE8, 0xEA, 0x82, 0x77, 0x21,
    0xC1, 0xDB, 0x06, 0xA6, 0x1A, 0x3C, 0xC4, 0xE1, 0x6F, 0xD7, 0xA5, 0x71, 0xF8, 0xB4, 0x31, 0xD6,
    0x58, 0x06, 0xB2, 0xB3, 0x01, 0x36, 0xC7, 0xC6, 0xB0, 0x7A, 0xC9, 0x5A, 0x65, 0xC1, 0xF9, 0x80,
    0xA8, 0x28, 0x48, 0x8C, 0xF8, 0x34, 0x91, 0xE3, 0x35, 0xEB, 0x27, 0xEF, 0x59, 0x3E, 0xDE, 0x7E,
    0x6B, 0xC5, 0xA2, 0x9C, 0xA5, 0x2F, 0x7B, 0xE0, 0xFF, 0x51, 0x5B, 0xE6, 0xD7, 0x36, 0x03, 0x32,
    0x6A, 0x07, 0xD9, 0x40, 0x20, 0xC5, 0x05, 0xA4, 0xB8, 0x5E, 0xDC, 0xA2, 0x31, 0x75, 0xE8, 0x0D,
    0x36, 0xE7, 0x60, 0x0A, 0xC2, 0xCD, 0xFB, 0x69, 0x5E, 0x58, 0x2D, 0x4A, 0x54, 0xD4, 0x2F, 0x34,
    0xDF, 0x77, 0xEF, 0x1D, 0xC0, 0xF7, 0x1F, 0x3C, 0xA8, 0xA7, 0x90, 0x8E, 0xE2, 0x30, 0x4E, 0xE2,
    0xE2, 0x48, 0x0E, 0xF5, 0xC4, 0x7A, 0x15, 0x87, 0x73, 0xBC, 0x13, 0xD0, 0x05, 0x2E, 0x1F, 0xCD,
    0x59, 0x0E, 0xFB, 0x8A, 0xDB, 0x27, 0xAE, 0x27, 0xF6, 0xCC, 0xCC, 0x25, 0xEA, 0xCF, 0xC4, 0x1D,
    0x48, 0x6D, 0x8B, 0xA1, 0x0E, 0xEA, 0xFF, 0x8F, 0xF7, 0x8E, 0x70, 0xC8, 0x8D, 0x9F, 0xF1, 0xE0,
    0x00, 0x4B, 0x80, 0x65, 0xCE, 0xAB, 0x9A, 0xDD, 0xF7, 0x16, 0x40, 0xA8, 0x26, 0x07, 0x8D, 0xE7,
    0x70, 0x75, 0xD4, 0x62, 0x6B, 0x3E, 0xFD, 0xCC, 0x03, 0x89, 0xA8, 0x61, 0xB5, 0x12, 0x50, 0x44,
    0x0D, 0xAB, 0x6E, 0xD1, 0xA8, 0x18, 0x48, 0xB0, 0x79, 0x23, 0xFB, 0x0B, 0x14, 0x8C, 0x81, 0x05,
    0x00, 0x40, 0x0C, 0xC4, 0xC2, 0x0F, 0xD0, 0x91, 0xBA, 0x7A, 0x47, 0xEA, 0x00, 0x25, 0xEF, 0x8A,
    0xD0, 0x1C, 0x81, 0x47, 0xAE, 0x26, 0xEC, 0x0D, 0x3D, 0xE0, 0x69, 0x34, 0x19, 0x9A, 0xB7, 0x60,
    0x71, 0xD1, 0x23, 0x15, 0x4E, 0xEB, 0x73, 0xF5, 0xCA, 0x6B, 0xB7, 0xDD, 0xCA, 0x3B, 0x91, 0x82,
    0x7A, 0x49, 0xBA, 0xC9, 0xF7, 0xC0, 0x9B, 0xFE, 0x83, 0x99, 0x0F, 0x92, 0x80, 0xD9, 0x0B, 0x71,
    0x03, 0x00,
};

static const EpdGlyph notosans_12_italicGlyphs[] = {
    { 1, 1, 0, 0, 1, 1, 0 }, // U+0000
    { 1, 1, 112, 0, 1, 1, 1 }, // U+000D
    { 1, 1, 112, 0, 1, 1, 2 }, // U+0020
    { 7, 18, 112, 0, 18, 32, 3 }, // !
    { 7, 7, 160, 3, 18, 13, 35 }, // "
    { 15, 18, 256, 1, 18, 68, 48 }, // #
    { 12, 20, 224, 1, 19, 60, 116 }, // $
    { 17, 18, 320, 2, 18, 77, 176 }, // %
    { 15, 18, 272, 1, 18, 68, 253 }, // &
    { 3, 7, 96, 3, 18, 6, 321 }, // '
    { 8, 22, 112, 1, 18, 44, 327 }, // (
    { 8, 22, 112, -2, 18, 44, 371 }, // )
    { 11, 12, 224, 3, 19, 33, 415 }, // *
    { 12, 12, 224, 2, 15, 36, 448 }, // +
    { 5, 6, 96, -1, 3, 8, 484 }, // ,
    { 6, 2, 128, 1, 8, 3, 492 }, // -
    { 4, 3, 96, 0, 3, 3, 495 }, // .
    { 12, 18, 144, -1, 18, 54, 498 }, // /
    { 12, 18, 224, 1, 18, 54, 552 }, // 0
    { 8, 18, 176, 2, 18, 36, 606 }, // 1
    { 13, 18, 224, 0, 18, 59, 642 }, // 2
    { 13, 18, 224, 0, 18, 59, 701 }, // 3
    { 13, 18, 224, 0, 18, 59, 760 }, // 4
    { 13, 18, 224, 0, 18, 59, 819 }, // 5
    { 12, 18, 224, 1, 18, 54, 878 }, // 6
    { 13, 18, 192, 1, 18, 59, 932 }, // 7
    { 12, 18, 224, 1, 18, 54, 991 }, // 8
    { 12, 18, 224, 1, 18, 54, 1045 }, // 9
    { 6, 14, 96, 0, 14, 21, 1099 }, // :
    { 7, 17, 96, -1, 14, 30, 1120 }, // ;
    { 12, 12, 224, 2, 15, 36, 1150 }, // <
    { 11, 7, 224, 2, 12, 20, 1186 }, // =
    { 12, 12, 224, 2, 15, 36, 1206 }, // >
    { 9, 18, 176, 2, 18, 41, 1242 }, // ?
    { 20, 20, 336, 1, 18, 100, 1283 }, // @
    { 14, 18, 224, -1, 18, 63, 1383 }, // A
    { 14, 18, 240, 1, 18, 63, 1446 }, // B
    { 14, 18, 240, 2, 18, 63, 1509 }, // C
    { 15, 18, 272, 1, 18, 68, 1572 }, // D
    { 13, 18, 208, 1, 18, 59, 1640 }, // E
    { 13, 18, 192, 1, 18, 59, 1699 }, // F
    { 15, 18, 272, 2, 18, 68, 1758 }, // G
    { 16, 18, 272, 1, 18, 72, 1826 }, // H
    { 11, 18, 128, -1, 18, 50, 1898 }, // I
    { 11, 23, 112, -4, 18, 64, 1948 }, // J
    { 15, 18, 224, 1, 18, 68, 2012 }, // K
    { 10, 18, 192, 1, 18, 45, 2080 }, // L
    { 20, 18, 336, 1, 18, 90, 2125 }, // M
    { 17, 18, 288, 1, 18, 77, 2215 }, // N
    { 15, 18, 288, 2, 18, 68, 2292 }, // O
    { 13, 18, 224, 1, 18, 59, 2360 }, // P
    { 15, 22, 288, 2, 18, 83, 2419 }, // Q
    { 13, 18, 224, 1, 18, 59, 2502 }, // R
    { 13, 18, 208, 0, 18, 59, 2561 }, // S
    { 13, 18, 208, 2, 18, 59, 2620 }, // T
    { 15, 18, 272, 2, 18, 68, 2679 }, // U
    { 14, 18, 224, 2, 18, 63, 2747 }, // V
    { 21, 18, 336, 3, 18, 95, 2810 }, // W
    { 16, 18, 208, -1, 18, 72, 2905 }, // X
    { 13, 18, 208, 2, 18, 59, 2977 }, // Y
    { 14, 18, 208, 0, 18, 63, 3036 }, // Z
    { 9, 22, 112, 0, 18, 50, 3099 }, // [
    { 4, 18, 144, 3, 18, 18, 3149 }, // <backslash>
    { 10, 22, 112, -2, 18, 55, 3167 }, // ]
    { 12, 11, 224, 1, 18, 33, 3222 }, // ^
    { 10, 2, 160, -2, -2, 5, 3255 }, // _
    { 4, 4, 112, 4, 19, 4, 3260 }, // `
    { 13, 14, 224, 1, 14, 46, 3264 }, // a
    { 12, 19, 224, 1, 19, 57, 3310 }, // b
    { 11, 14, 176, 1, 14, 39, 3367 }, // c
    { 14, 19, 224, 1, 19, 67, 3406 }, // d
    { 11, 14, 192, 1, 14, 39, 3473 }, // e
    { 14, 25, 128, -3, 19, 88, 3512 }, // f
    { 13, 20, 224, 1, 14, 65, 3600 }, // g
    { 12, 19, 224, 1, 19, 57, 3665 }, // h
    { 6, 18, 96, 1, 18, 27, 3722 }, // i
    { 10, 24, 96, -3, 18, 60, 3749 }, // j
    { 12, 19, 192, 1, 19, 57, 3809 }, // k
    { 6, 19, 96, 1, 19, 29, 3866 }, // l
    { 19, 14, 352, 1, 14, 67, 3895 }, // m
    { 12, 14, 224, 1, 14, 42, 3962 }, // n
    { 12, 14, 224, 1, 14, 42, 4004 }, // o
    { 14, 20, 224, -1, 14, 70, 4046 }, // p
    { 13, 20, 224, 1, 14, 65, 4116 }, // q
    { 10, 14, 160, 1, 14, 35, 4181 }, // r
    { 10, 14, 176, 0, 14, 35, 4216 }, // s
    { 8, 16, 128, 1, 16, 32, 4251 }, // t
    { 13, 13, 224, 1, 13, 43, 4283 }, // u
    { 12, 13, 192, 1, 13, 39, 4326 }, // v
    { 18, 13, 288, 1, 13, 59, 4365 }, // w
    { 14, 13, 192, -1, 13, 46, 4424 }, // x
    { 15, 19, 192, -2, 13, 72, 4470 }, // y
    { 11, 13, 176, 0, 13, 36, 4542 }, // z
    { 10, 22, 144, 0, 18, 55, 4578 }, // {
    { 2, 25, 224, 6, 19, 13, 4633 }, // |
    { 10, 22, 144, -1, 18, 55, 4646 }, // }
    { 12, 3, 224, 2, 10, 9, 4701 }, // ~
    { 1, 1, 112, 0, 1, 1, 0 }, // U+00A0
    { 6, 19, 112, 0, 14, 29, 1 }, // U+00A1
    { 10, 18, 224, 3, 18, 45, 30 }, // U+00A2
    { 14, 18, 224, 0, 18, 63, 75 }, // U+00A3
    { 11, 11, 224, 2, 14, 31, 138 }, // U+00A4
    { 14, 18, 224, 1, 18, 63, 169 }, // U+00A5
    { 2, 25, 224, 6, 19, 13, 232 }, // U+00A6
    { 11, 19, 192, 1, 19, 53, 245 }, // U+00A7
    { 7, 2, 224, 5, 18, 4, 298 }, // U+00A8
    { 19, 18, 336, 1, 18, 86, 302 }, // U+00A9
    { 8, 8, 128, 2, 18, 16, 388 }, // U+00AA
    { 11, 11, 192, 1, 12, 31, 404 }, // U+00AB
    { 12, 7, 224, 2, 10, 21, 435 }, // U+00AC
    { 6, 2, 128, 1, 8, 3, 456 }, // U+00AD
    { 19, 18, 336, 1, 18, 86, 459 }, // U+00AE
    { 10, 2, 160, 3, 21, 5, 545 }, // U+00AF
    { 8, 8, 176, 1, 18, 16, 550 }, // U+00B0
    { 12, 15, 224, 2, 15, 45, 566 }, // U+00B1
    { 8, 11, 144, 2, 21, 22, 611 }, // U+00B2
    { 8, 11, 144, 2, 21, 22, 633 }, // U+00B3
    { 5, 4, 112, 3, 19, 5, 655 }, // U+00B4
    { 15, 19, 240, -1, 13, 72, 660 }, // U+00B5
    { 13, 22, 256, 2, 19, 72, 732 }, // U+00B6
    { 3, 3, 96, 2, 10, 3, 804 }, // U+00B7
    { 5, 6, 80, -2, 0, 8, 807 }, // U+00B8
    { 5, 11, 144, 4, 21, 14, 815 }, // U+00B9
    { 7, 8, 128, 2, 18, 14, 829 }, // U+00BA
    { 11, 11, 192, 0, 12, 31, 843 }, // U+00BB
    { 15, 18, 288, 2, 18, 68, 874 }, // U+00BC
    { 17, 18, 320, 2, 18, 77, 942 }, // U+00BD
    { 18, 18, 320, 1, 18, 81, 1019 }, // U+00BE
    { 10, 19, 176, -1, 14, 48, 1100 }, // U+00BF
    { 14, 23, 224, -1, 23, 81, 1148 }, // U+00C0
    { 15, 23, 224, -1, 23, 87, 1229 }, // U+00C1
    { 14, 23, 224, -1, 23, 81, 1316 }, // U+00C2
    { 16, 22, 224, -1, 22, 88, 1397 }, // U+00C3
    { 14, 22, 224, -1, 22, 77, 1485 }, // U+00C4
    { 14, 24, 224, -1, 24, 84, 1562 }, // U+00C5
    { 23, 18, 336, -1, 18, 104, 1646 }, // U+00C6
    { 14, 24, 240, 2, 18, 84, 1750 }, // U+00C7
    { 13, 23, 208, 1, 23, 75, 1834 }, // U+00C8
    { 13, 23, 208, 1, 23, 75, 1909 }, // U+00C9
    { 13, 23, 208, 1, 23, 75, 1984 }, // U+00CA
    { 13, 22, 208, 1, 22, 72, 2059 }, // U+00CB
    { 11, 23, 128, -1, 23, 64, 2131 }, // U+00CC
    { 12, 23, 128, -1, 23, 69, 2195 }, // U+00CD
    { 11, 23, 128, -1, 23, 64, 2264 }, // U+00CE
    { 11, 22, 128, -1, 22, 61, 2328 }, // U+00CF
    { 15, 18, 272, 1, 18, 68, 2389 }, // U+00D0
    { 17, 22, 288, 1, 22, 94, 2457 }, // U+00D1
    { 15, 23, 288, 2, 23, 87, 2551 }, // U+00D2
    { 15, 23, 288, 2, 23, 87, 2638 }, // U+00D3
    { 15, 23, 288, 2, 23, 87, 2725 }, // U+00D4
    { 15, 22, 288, 2, 22, 83, 2812 }, // U+00D5
    { 15, 22, 288, 2, 22, 83, 2895 }, // U+00D6
    { 11, 11, 224, 2, 14, 31, 2978 }, // U+00D7
    { 17, 20, 288, 1, 19, 85, 3009 }, // U+00D8
    { 15, 23, 272, 2, 23, 87, 3094 }, // U+00D9
    { 15, 23, 272, 2, 23, 87, 3181 }, // U+00DA
    { 15, 23, 272, 2, 23, 87, 3268 }, // U+00DB
    { 15, 22, 272, 2, 22, 83, 3355 }, // U+00DC
    { 13, 23, 208, 2, 23, 75, 3438 }, // U+00DD
    { 13, 18, 224, 1, 18, 59, 3513 }, // U+00DE
    { 17, 25, 240, -3, 19, 107, 3572 }, // U+00DF
    { 13, 19, 224, 1, 19, 62, 3679 }, // U+00E0
    { 13, 19, 224, 1, 19, 62, 3741 }, // U+00E1
    { 13, 19, 224, 1, 19, 62, 3803 }, // U+00E2
    { 13, 18, 224, 1, 18, 59, 3865 }, // U+00E3
    { 13, 18, 224, 1, 18, 59, 3924 }, // U+00E4
    { 13, 20, 224, 1, 20, 65, 3983 }, // U+00E5
    { 19, 14, 336, 1, 14, 67, 4048 }, // U+00E6
    { 11, 20, 176, 1, 14, 55, 4115 }, // U+00E7
    { 11, 19, 192, 1, 19, 53, 4170 }, // U+00E8
    { 11, 19, 192, 1, 19, 53, 4223 }, // U+00E9
    { 11, 19, 192, 1, 19, 53, 4276 }, // U+00EA
    { 11, 18, 192, 1, 18, 50, 4329 }, // U+00EB
    { 5, 19, 96, 1, 19, 24, 4379 }, // U+00EC
    { 8, 19, 96, 1, 19, 38, 4403 }, // U+00ED
    { 8, 19, 96, 1, 19, 38, 4441 }, // U+00EE
    { 8, 18, 96, 1, 18, 36, 4479 }, // U+00EF
    { 13, 19, 224, 1, 19, 62, 4515 }, // U+00F0
    { 13, 18, 224, 1, 18, 59, 4577 }, // U+00F1
    { 12, 19, 224, 1, 19, 57, 4636 }, // U+00F2
    { 12, 19, 224, 1, 19, 57, 4693 }, // U+00F3
    { 12, 19, 224, 1, 19, 57, 4750 }, // U+00F4
    { 12, 18, 224, 1, 18, 54, 4807 }, // U+00F5
    { 12, 18, 224, 1, 18, 54, 4861 }, // U+00F6
    { 12, 12, 224, 2, 15, 36, 4915 }, // U+00F7
    { 13, 15, 224, 1, 14, 49, 4951 }, // U+00F8
    { 13, 19, 224, 1, 19, 62, 5000 }, // U+00F9
    { 13, 19, 224, 1, 19, 62, 5062 }, // U+00FA
    { 13, 19, 224, 1, 19, 62, 5124 }, // U+00FB
    { 13, 18, 224, 1, 18, 59, 5186 }, // U+00FC
    { 15, 25, 192, -2, 19, 94, 5245 }, // U+00FD
    { 14, 25, 224, -1, 19, 88, 5339 }, // U+00FE
    { 15, 24, 192, -2, 18, 90, 5427 }, // U+00FF
    { 14, 21, 224, -1, 21, 74, 0 }, // U+0100
    { 13, 17, 224, 1, 17, 56, 74 }, // U+0101
    { 15, 23, 224, -1, 23, 87, 130 }, // U+0102
    { 13, 19, 224, 1, 19, 62, 217 }, // U+0103
    { 14, 23, 224, -1, 18, 81, 279 }, // U+0104
    { 13, 19, 224, 1, 14, 62, 360 }, // U+0105
    { 14, 23, 240, 2, 23, 81, 422 }, // U+0106
    { 11, 19, 176, 1, 19, 53, 503 }, // U+0107
    { 14, 23, 240, 2, 23, 81, 556 }, // U+0108
    { 11, 19, 176, 1, 19, 53, 637 }, // U+0109
    { 14, 22, 240, 2, 22, 77, 690 }, // U+010A
    { 11, 18, 176, 1, 18, 50, 767 }, // U+010B
    { 14, 23, 240, 2, 23, 81, 817 }, // U+010C
    { 12, 19, 176, 1, 19, 57, 898 }, // U+010D
    { 15, 23, 272, 1, 23, 87, 955 }, // U+010E
    { 18, 19, 240, 1, 19, 86, 1042 }, // U+010F
    { 15, 18, 272, 1, 18, 68, 1128 }, // U+0110
    { 15, 19, 224, 1, 19, 72, 1196 }, // U+0111
    { 13, 21, 208, 1, 21, 69, 1268 }, // U+0112
    { 11, 17, 192, 1, 17, 47, 1337 }, // U+0113
    { 13, 23, 208, 1, 23, 75, 1384 }, // U+0114
    { 11, 19, 192, 1, 19, 53, 1459 }, // U+0115
    { 13, 22, 208, 1, 22, 72, 1512 }, // U+0116
    { 11, 18, 192, 1, 18, 50, 1584 }, // U+0117
    { 13, 23, 208, 1, 18, 75, 1634 }, // U+0118
    { 11, 19, 192, 1, 14, 53, 1709 }, // U+0119
    { 13, 23, 208, 1, 23, 75, 1762 }, // U+011A
    { 12, 19, 192, 1, 19, 57, 1837 }, // U+011B
    { 15, 23, 272, 2, 23, 87, 1894 }, // U+011C
    { 13, 25, 224, 1, 19, 82, 1981 }, // U+011D
    { 15, 23, 272, 2, 23, 87, 2063 }, // U+011E
    { 13, 25, 224, 1, 19, 82, 2150 }, // U+011F
    { 15, 22, 272, 2, 22, 83, 2232 }, // U+0120
    { 13, 24, 224, 1, 18, 78, 2315 }, // U+0121
    { 15, 24, 272, 2, 18, 90, 2393 }, // U+0122
    { 13, 25, 224, 1, 19, 82, 2483 }, // U+0123
    { 16, 23, 272, 1, 23, 92, 2565 }, // U+0124
    { 12, 25, 224, 1, 25, 75, 2657 }, // U+0125
    { 18, 18, 272, 1, 18, 81, 2732 }, // U+0126
    { 12, 19, 224, 1, 19, 57, 2813 }, // U+0127
    { 13, 22, 128, -1, 22, 72, 2870 }, // U+0128
    { 9, 18, 96, 1, 18, 41, 2942 }, // U+0129
    { 11, 21, 128, -1, 21, 58, 2983 }, // U+012A
    { 8, 17, 96, 1, 17, 34, 3041 }, // U+012B
    { 12, 23, 128, -1, 23, 69, 3075 }, // U+012C
    { 8, 19, 96, 1, 19, 38, 3144 }, // U+012D
    { 11, 23, 128, -1, 18, 64, 3182 }, // U+012E
    { 8, 23, 96, -1, 18, 46, 3246 }, // U+012F
    { 11, 22, 128, -1, 22, 61, 3292 }, // U+0130
    { 5, 13, 96, 1, 13, 17, 3353 }, // U+0131
    { 16, 23, 240, -1, 18, 92, 3370 }, // U+0132
    { 12, 24, 208, 1, 18, 72, 3462 }, // U+0133
    { 14, 28, 112, -4, 23, 98, 3534 }, // U+0134
    { 12, 25, 96, -3, 19, 75, 3632 }, // U+0135
    { 15, 24, 224, 1, 18, 90, 3707 }, // U+0136
    { 12, 25, 192, 1, 19, 75, 3797 }, // U+0137
    { 12, 13, 192, 1, 13, 39, 3872 }, // U+0138
    { 10, 23, 192, 1, 23, 58, 3911 }, // U+0139
    { 9, 25, 96, 1, 25, 57, 3969 }, // U+013A
    { 10, 24, 192, 1, 18, 60, 4026 }, // U+013B
    { 8, 25, 96, -1, 19, 50, 4086 }, // U+013C
    { 12, 18, 192, 1, 18, 54, 4136 }, // U+013D
    { 10, 19, 112, 1, 19, 48, 4190 }, // U+013E
    { 10, 18, 192, 1, 18, 45, 4238 }, // U+013F
    { 8, 19, 112, 1, 19, 38, 4283 }, // U+0140
    { 11, 18, 192, 0, 18, 50, 4321 }, // U+0141
    { 7, 19, 96, 0, 19, 34, 4371 }, // U+0142
    { 17, 23, 288, 1, 23, 98, 4405 }, // U+0143
    { 12, 19, 224, 1, 19, 57, 4503 }, // U+0144
    { 17, 24, 288, 1, 18, 102, 4560 }, // U+0145
    { 12, 20, 224, 1, 14, 60, 4662 }, // U+0146
    { 17, 23, 288, 1, 23, 98, 4722 }, // U+0147
    { 13, 19, 224, 1, 19, 62, 4820 }, // U+0148
    { 14, 18, 256, 1, 18, 63, 4882 }, // U+0149
    { 17, 23, 288, 1, 18, 98, 4945 }, // U+014A
    { 12, 20, 224, 1, 14, 60, 5043 }, // U+014B
    { 15, 21, 288, 2, 21, 79, 5103 }, // U+014C
    { 12, 17, 224, 1, 17, 51, 5182 }, // U+014D
    { 15, 23, 288, 2, 23, 87, 5233 }, // U+014E
    { 12, 19, 224, 1, 19, 57, 5320 }, // U+014F
    { 16, 23, 288, 2, 23, 92, 5377 }, // U+0150
    { 14, 19, 224, 1, 19, 67, 5469 }, // U+0151
    { 20, 18, 336, 2, 18, 90, 5536 }, // U+0152
    { 20, 14, 352, 1, 14, 70, 5626 }, // U+0153
    { 13, 23, 224, 1, 23, 75, 5696 }, // U+0154
    { 11, 19, 160, 1, 19, 53, 5771 }, // U+0155
    { 13, 24, 224, 1, 18, 78, 5824 }, // U+0156
    { 12, 20, 160, -1, 14, 60, 5902 }, // U+0157
    { 13, 23, 224, 1, 23, 75, 5962 }, // U+0158
    { 11, 19, 160, 1, 19, 53, 6037 }, // U+0159
    { 13, 23, 208, 0, 23, 75, 6090 }, // U+015A
    { 11, 19, 176, 0, 19, 53, 6165 }, // U+015B
    { 13, 23, 208, 0, 23, 75, 6218 }, // U+015C
    { 11, 19, 176, 0, 19, 53, 6293 }, // U+015D
    { 13, 24, 208, 0, 18, 78, 6346 }, // U+015E
    { 10, 20, 176, 0, 14, 50, 6424 }, // U+015F
    { 13, 23, 208, 0, 23, 75, 6474 }, // U+0160
    { 11, 19, 176, 0, 19, 53, 6549 }, // U+0161
    { 13, 24, 208, 2, 18, 78, 6602 }, // U+0162
    { 8, 22, 128, 1, 16, 44, 6680 }, // U+0163
    { 13, 23, 208, 2, 23, 75, 6724 }, // U+0164
    { 10, 19, 128, 1, 19, 48, 6799 }, // U+0165
    { 13, 18, 208, 2, 18, 59, 6847 }, // U+0166
    { 9, 16, 128, 0, 16, 36, 6906 }, // U+0167
    { 15, 22, 272, 2, 22, 83, 6942 }, // U+0168
    { 13, 18, 224, 1, 18, 59, 7025 }, // U+0169
    { 15, 21, 272, 2, 21, 79, 7084 }, // U+016A
    { 13, 17, 224, 1, 17, 56, 7163 }, // U+016B
    { 15, 23, 272, 2, 23, 87, 7219 }, // U+016C
    { 13, 19, 224, 1, 19, 62, 7306 }, // U+016D
    { 15, 24, 272, 2, 24, 90, 7368 }, // U+016E
    { 13, 20, 224, 1, 20, 65, 7458 }, // U+016F
    { 16, 23, 272, 2, 23, 92, 7523 }, // U+0170
    { 14, 19, 224, 1, 19, 67, 7615 }, // U+0171
    { 15, 23, 272, 2, 18, 87, 7682 }, // U+0172
    { 13, 18, 224, 1, 13, 59, 7769 }, // U+0173
    { 21, 23, 336, 3, 23, 121, 7828 }, // U+0174
    { 18, 19, 288, 1, 19, 86, 7949 }, // U+0175
    { 13, 23, 208, 2, 23, 75, 8035 }, // U+0176
    { 15, 25, 192, -2, 19, 94, 8110 }, // U+0177
    { 13, 22, 208, 2, 22, 72, 8204 }, // U+0178
    { 14, 23, 208, 0, 23, 81, 8276 }, // U+0179
    { 11, 19, 176, 0, 19, 53, 8357 }, // U+017A
    { 14, 22, 208, 0, 22, 77, 8410 }, // U+017B
    { 11, 18, 176, 0, 18, 50, 8487 }, // U+017C
    { 14, 23, 208, 0, 23, 81, 8537 }, // U+017D
    { 12, 19, 176, 0, 19, 57, 8618 }, // U+017E
    { 14, 25, 112, -3, 19, 88, 8675 }, // U+017F
    { 19, 19, 288, 2, 19, 91, 0 }, // U+01A0
    { 16, 15, 224, 1, 15, 60, 91 }, // U+01A1
    { 20, 19, 288, 2, 19, 95, 151 }, // U+01AF
    { 17, 15, 256, 1, 15, 64, 246 }, // U+01B0
    { 30, 23, 480, 1, 23, 173, 310 }, // U+01C4
    { 28, 19, 448, 1, 19, 133, 483 }, // U+01C5
    { 25, 19, 416, 1, 19, 119, 616 }, // U+01C6
    { 18, 23, 304, 1, 18, 104, 735 }, // U+01C7
    { 18, 24, 288, 1, 18, 108, 839 }, // U+01C8
    { 12, 25, 208, 1, 19, 75, 947 }, // U+01C9
    { 24, 23, 400, 1, 18, 138, 1022 }, // U+01CA
    { 23, 24, 384, 1, 18, 138, 1160 }, // U+01CB
    { 20, 24, 336, 1, 18, 120, 1298 }, // U+01CC
    { 15, 23, 224, -1, 23, 87, 1418 }, // U+01CD
    { 13, 19, 224, 1, 19, 62, 1505 }, // U+01CE
    { 12, 23, 128, -1, 23, 69, 1567 }, // U+01CF
    { 9, 19, 96, 1, 19, 43, 1636 }, // U+01D0
    { 15, 23, 288, 2, 23, 87, 1679 }, // U+01D1
    { 12, 19, 224, 1, 19, 57, 1766 }, // U+01D2
    { 15, 23, 272, 2, 23, 87, 1823 }, // U+01D3
    { 13, 19, 224, 1, 19, 62, 1910 }, // U+01D4
    { 15, 25, 272, 2, 25, 94, 1972 }, // U+01D5
    { 13, 21, 224, 1, 21, 69, 2066 }, // U+01D6
    { 15, 26, 272, 2, 26, 98, 2135 }, // U+01D7
    { 13, 22, 224, 1, 22, 72, 2233 }, // U+01D8
    { 15, 27, 272, 2, 27, 102, 2305 }, // U+01D9
    { 13, 23, 224, 1, 23, 75, 2407 }, // U+01DA
    { 15, 26, 272, 2, 26, 98, 2482 }, // U+01DB
    { 13, 22, 224, 1, 22, 72, 2580 }, // U+01DC
    { 10, 14, 192, 1, 14, 35, 2652 }, // U+01DD
    { 15, 25, 224, -1, 25, 94, 2687 }, // U+01DE
    { 13, 21, 224, 1, 21, 69, 2781 }, // U+01DF
    { 15, 25, 224, -1, 25, 94, 2850 }, // U+01E0
    { 13, 21, 224, 1, 21, 69, 2944 }, // U+01E1
    { 23, 21, 336, -1, 21, 121, 3013 }, // U+01E2
    { 19, 17, 336, 1, 17, 81, 3134 }, // U+01E3
    { 15, 18, 272, 2, 18, 68, 3215 }, // U+01E4
    { 13, 20, 208, 1, 14, 65, 3283 }, // U+01E5
    { 15, 23, 272, 2, 23, 87, 3348 }, // U+01E6
    { 13, 25, 224, 1, 19, 82, 3435 }, // U+01E7
    { 15, 23, 224, 1, 23, 87, 3517 }, // U+01E8
    { 12, 25, 192, 1, 25, 75, 3604 }, // U+01E9
    { 15, 23, 288, 2, 18, 87, 3679 }, // U+01EA
    { 12, 19, 224, 1, 14, 57, 3766 }, // U+01EB
    { 15, 26, 288, 2, 21, 98, 3823 }, // U+01EC
    { 12, 22, 224, 1, 17, 66, 3921 }, // U+01ED
    { 14, 23, 208, 0, 23, 81, 3987 }, // U+01EE
    { 13, 25, 192, -2, 19, 82, 4068 }, // U+01EF
    { 13, 25, 96, -3, 19, 82, 4150 }, // U+01F0
    { 30, 18, 480, 1, 18, 135, 4232 }, // U+01F1
    { 27, 18, 448, 1, 18, 122, 4367 }, // U+01F2
    { 24, 19, 416, 1, 19, 114, 4489 }, // U+01F3
    { 15, 23, 272, 2, 23, 87, 4603 }, // U+01F4
    { 13, 25, 224, 1, 19, 82, 4690 }, // U+01F5
    { 21, 18, 352, 1, 18, 95, 4772 }, // U+01F6
    { 16, 24, 256, 0, 18, 96, 4867 }, // U+01F7
    { 17, 23, 288, 1, 23, 98, 4963 }, // U+01F8
    { 12, 19, 224, 1, 19, 57, 5061 }, // U+01F9
    { 15, 24, 224, -1, 24, 90, 5118 }, // U+01FA
    { 13, 24, 224, 1, 24, 78, 5208 }, // U+01FB
    { 23, 23, 336, -1, 23, 133, 5286 }, // U+01FC
    { 19, 19, 336, 1, 19, 91, 5419 }, // U+01FD
    { 17, 24, 288, 1, 23, 102, 5510 }, // U+01FE
    { 13, 20, 224, 1, 19, 65, 5612 }, // U+01FF
    { 14, 23, 224, -1, 23, 81, 5677 }, // U+0200
    { 13, 19, 224, 1, 19, 62, 5758 }, // U+0201
    { 14, 23, 224, -1, 23, 81, 5820 }, // U+0202
    { 13, 19, 224, 1, 19, 62, 5901 }, // U+0203
    { 13, 23, 208, 1, 23, 75, 5963 }, // U+0204
    { 11, 19, 192, 1, 19, 53, 6038 }, // U+0205
    { 13, 23, 208, 1, 23, 75, 6091 }, // U+0206
    { 11, 19, 192, 1, 19, 53, 6166 }, // U+0207
    { 11, 23, 128, -1, 23, 64, 6219 }, // U+0208
    { 8, 19, 96, -1, 19, 38, 6283 }, // U+0209
    { 11, 23, 128, -1, 23, 64, 6321 }, // U+020A
    { 8, 19, 96, 1, 19, 38, 6385 }, // U+020B
    { 15, 23, 288, 2, 23, 87, 6423 }, // U+020C
    { 12, 19, 224, 1, 19, 57, 6510 }, // U+020D
    { 15, 23, 288, 2, 23, 87, 6567 }, // U+020E
    { 12, 19, 224, 1, 19, 57, 6654 }, // U+020F
    { 13, 23, 224, 1, 23, 75, 6711 }, // U+0210
    { 10, 19, 160, 1, 19, 48, 6786 }, // U+0211
    { 13, 23, 224, 1, 23, 75, 6834 }, // U+0212
    { 10, 19, 160, 1, 19, 48, 6909 }, // U+0213
    { 15, 23, 272, 2, 23, 87, 6957 }, // U+0214
    { 13, 19, 224, 1, 19, 62, 7044 }, // U+0215
    { 15, 23, 272, 2, 23, 87, 7106 }, // U+0216
    { 13, 19, 224, 1, 19, 62, 7193 }, // U+0217
    { 13, 24, 208, 0, 18, 78, 7255 }, // U+0218
    { 10, 20, 176, 0, 14, 50, 7333 }, // U+0219
    { 13, 24, 208, 2, 18, 78, 7383 }, // U+021A
    { 8, 22, 128, 1, 16, 44, 7461 }, // U+021B
    { 15, 23, 224, -1, 18, 87, 7505 }, // U+021C
    { 14, 20, 192, -2, 14, 70, 7592 }, // U+021D
    { 16, 23, 272, 1, 23, 92, 7662 }, // U+021E
    { 12, 25, 224, 1, 25, 75, 7754 }, // U+021F
    { 4, 4, 0, -10, 19, 4, 0 }, // U+0300
    { 6, 4, 0, -6, 19, 6, 4 }, // U+0301
    { 8, 4, 0, -2, 19, 8, 10 }, // U+0302
    { 9, 3, 0, -10, 18, 7, 18 }, // U+0303
    { 7, 2, 0, -2, 17, 4, 25 }, // U+0304
    { 10, 2, 0, -2, 21, 5, 29 }, // U+0305
    { 7, 4, 0, -1, 19, 7, 34 }, // U+0306
    { 3, 2, 0, 1, 18, 2, 41 }, // U+0307
    { 7, 2, 0, -1, 18, 4, 43 }, // U+0308
    { 4, 6, 0, -7, 21, 6, 47 }, // U+0309
    { 5, 5, 0, 0, 20, 7, 53 }, // U+030A
    { 10, 4, 0, -2, 19, 10, 60 }, // U+030B
    { 8, 4, 0, -1, 19, 8, 70 }, // U+030C
    { 3, 7, 0, 1, 19, 6, 78 }, // U+030D
    { 7, 4, 0, -1, 19, 7, 84 }, // U+030E
    { 8, 4, 0, -12, 19, 8, 91 }, // U+030F
    { 7, 6, 0, -1, 21, 11, 99 }, // U+0310
    { 7, 4, 0, -2, 19, 7, 110 }, // U+0311
    { 5, 6, 0, -1, 18, 8, 117 }, // U+0312
    { 5, 6, 0, -1, 18, 8, 125 }, // U+0313
    { 3, 6, 0, 0, 18, 5, 133 }, // U+0314
    { 5, 6, 0, -1, 18, 8, 138 }, // U+0315
    { 5, 4, 0, -5, -1, 5, 146 }, // U+0316
    { 6, 4, 0, -4, -1, 6, 151 }, // U+0317
    { 5, 4, 0, -4, -1, 5, 157 }, // U+0318
    { 5, 4, 0, -5, -1, 5, 162 }, // U+0319
    { 8, 7, 128, 2, 19, 14, 167 }, // U+031A
    { 5, 5, 0, -1, 19, 7, 181 }, // U+031B
    { 3, 6, 0, -1, 0, 5, 188 }, // U+031C
    { 6, 4, 0, -5, -1, 6, 193 }, // U+031D
    { 5, 4, 0, -4, -1, 5, 199 }, // U+031E
    { 6, 5, 0, -5, -1, 8, 204 }, // U+031F
    { 6, 1, 0, -5, -3, 2, 212 }, // U+0320
    { 6, 7, 0, -5, 1, 11, 214 }, // U+0321
    { 4, 7, 0, -2, 1, 7, 225 }, // U+0322
    { 2, 2, 0, -10, -2, 1, 232 }, // U+0323
    { 6, 2, 0, -5, -2, 3, 233 }, // U+0324
    { 6, 5, 0, -5, -1, 8, 236 }, // U+0325
    { 4, 4, 0, 2, -2, 4, 244 }, // U+0326
    { 5, 6, 0, -4, 0, 8, 248 }, // U+0327
    { 5, 5, 0, -4, 0, 7, 256 }, // U+0328
    { 4, 7, 0, -4, -1, 7, 263 }, // U+0329
    { 10, 4, 0, -7, -1, 10, 270 }, // U+032A
    { 9, 2, 0, -6, -2, 5, 280 }, // U+032B
    { 7, 4, 0, -5, -1, 7, 285 }, // U+032C
    { 8, 4, 0, -6, -1, 8, 292 }, // U+032D
    { 7, 4, 0, -5, -1, 7, 300 }, // U+032E
    { 8, 4, 0, -6, -1, 8, 307 }, // U+032F
    { 10, 3, 0, -7, -2, 8, 315 }, // U+0330
    { 8, 2, 0, -6, -2, 4, 323 }, // U+0331
    { 10, 2, 0, -7, -2, 5, 327 }, // U+0332
    { 10, 5, 0, -7, -1, 13, 332 }, // U+0333
    { 10, 3, 0, -5, 8, 8, 345 }, // U+0334
    { 10, 2, 0, -5, 8, 5, 353 }, // U+0335
    { 16, 2, 0, -8, 8, 8, 358 }, // U+0336
    { 8, 5, 0, -4, 10, 10, 366 }, // U+0337
    { 14, 20, 0, -7, 19, 70, 376 }, // U+0338
    { 4, 6, 0, -2, 0, 6, 446 }, // U+0339
    { 10, 4, 0, -7, -1, 10, 452 }, // U+033A
    { 10, 5, 0, -7, -1, 13, 462 }, // U+033B
    { 10, 2, 0, -7, -2, 5, 475 }, // U+033C
    { 6, 5, 0, -1, 19, 8, 480 }, // U+033D
    { 5, 8, 0, 0, 22, 10, 488 }, // U+033E
    { 11, 5, 0, -2, 24, 14, 498 }, // U+033F
    { 4, 4, 0, -1, 19, 4, 512 }, // U+0340
    { 5, 4, 0, 1, 19, 5, 516 }, // U+0341
    { 9, 3, 0, 4, 18, 7, 521 }, // U+0342
    { 3, 4, 0, 1, 19, 3, 528 }, // U+0343
    { 9, 4, 0, -2, 19, 9, 531 }, // U+0344
    { 4, 4, 0, -3, -2, 4, 540 }, // U+0345
    { 11, 4, 0, -3, 19, 11, 544 }, // U+0346
    { 11, 5, 0, -7, -1, 14, 555 }, // U+0347
    { 6, 4, 0, -5, -1, 6, 569 }, // U+0348
    { 5, 5, 0, -4, -1, 7, 575 }, // U+0349
    { 9, 5, 0, -2, 19, 12, 582 }, // U+034A
    { 9, 9, 0, -2, 23, 21, 594 }, // U+034B
    { 9, 6, 0, -2, 21, 14, 615 }, // U+034C
    { 8, 4, 0, -6, -1, 8, 629 }, // U+034D
    { 5, 5, 0, -4, -1, 7, 637 }, // U+034E
    { 18, 18, 0, -9, 18, 81, 644 }, // U+034F
    { 4, 5, 0, 0, 20, 5, 725 }, // U+0350
    { 4, 6, 0, 3, 21, 6, 730 }, // U+0351
    { 7, 6, 0, -1, 21, 11, 736 }, // U+0352
    { 5, 5, 0, -4, -1, 7, 747 }, // U+0353
    { 5, 5, 0, -4, -1, 7, 754 }, // U+0354
    { 4, 5, 0, -3, -1, 5, 761 }, // U+0355
    { 10, 5, 0, -6, -1, 13, 766 }, // U+0356
    { 3, 6, 0, 3, 21, 5, 779 }, // U+0357
    { 3, 2, 0, 1, 18, 2, 784 }, // U+0358
    { 6, 5, 0, -5, -1, 8, 786 }, // U+0359
    { 10, 5, 0, -7, -1, 13, 794 }, // U+035A
    { 5, 5, 0, 0, 20, 7, 807 }, // U+035B
    { 17, 5, 0, -10, -1, 22, 814 }, // U+035C
    { 18, 5, 0, -7, 19, 23, 836 }, // U+035D
    { 12, 2, 0, -4, 17, 6, 859 }, // U+035E
    { 12, 2, 0, -8, -2, 6, 865 }, // U+035F
    { 19, 3, 0, -7, 18, 15, 871 }, // U+0360
    { 18, 4, 0, -7, 21, 18, 886 }, // U+0361
    { 19, 4, 0, -12, -1, 19, 904 }, // U+0362
    { 5, 6, 0, 0, 21, 8, 923 }, // U+0363
    { 5, 6, 0, 0, 21, 8, 931 }, // U+0364
    { 3, 8, 0, 1, 23, 6, 939 }, // U+0365
    { 5, 6, 0, 0, 21, 8, 945 }, // U+0366
    { 5, 6, 0, 0, 21, 8, 953 }, // U+0367
    { 5, 6, 0, 0, 21, 8, 961 }, // U+0368
    { 6, 8, 0, 0, 23, 12, 969 }, // U+0369
    { 5, 8, 0, 0, 23, 10, 981 }, // U+036A
    { 9, 6, 0, -2, 21, 14, 991 }, // U+036B
    { 4, 6, 0, 1, 21, 6, 1005 }, // U+036C
    { 4, 7, 0, 1, 22, 7, 1011 }, // U+036D
    { 6, 6, 0, 0, 21, 9, 1018 }, // U+036E
    { 6, 6, 0, -1, 21, 9, 1027 }, // U+036F
    { 13, 23, 208, 1, 23, 75, 0 }, // U+0400
    { 13, 23, 208, 1, 23, 75, 75 }, // U+0401
    { 13, 18, 272, 2, 18, 59, 150 }, // U+0402
    { 13, 23, 192, 1, 23, 75, 209 }, // U+0403
    { 15, 18, 240, 1, 18, 68, 284 }, // U+0404
    { 13, 18, 208, 0, 18, 59, 352 }, // U+0405
    { 6, 18, 112, 1, 18, 27, 411 }, // U+0406
    { 8, 23, 112, 1, 23, 46, 438 }, // U+0407
    { 11, 23, 112, -4, 18, 64, 484 }, // U+0408
    { 23, 18, 368, -1, 18, 104, 548 }, // U+0409
    { 21, 18, 368, 1, 18, 95, 652 }, // U+040A
    { 14, 18, 272, 2, 18, 63, 747 }, // U+040B
    { 15, 23, 224, 1, 23, 87, 810 }, // U+040C
    { 16, 23, 272, 1, 23, 92, 897 }, // U+040D
    { 16, 23, 224, 0, 23, 92, 989 }, // U+040E
    { 16, 22, 272, 1, 18, 88, 1081 }, // U+040F
    { 14, 18, 224, -1, 18, 63, 1169 }, // U+0410
    { 13, 18, 224, 1, 18, 59, 1232 }, // U+0411
    { 14, 18, 240, 1, 18, 63, 1291 }, // U+0412
    { 12, 18, 192, 1, 18, 54, 1354 }, // U+0413
    { 19, 22, 272, -2, 18, 105, 1408 }, // U+0414
    { 13, 18, 208, 1, 18, 59, 1513 }, // U+0415
    { 23, 18, 320, -1, 18, 104, 1572 }, // U+0416
    { 13, 18, 208, 0, 18, 59, 1676 }, // U+0417
    { 16, 18, 272, 1, 18, 72, 1735 }, // U+0418
    { 16, 23, 272, 1, 23, 92, 1807 }, // U+0419
    { 15, 18, 224, 1, 18, 68, 1899 }, // U+041A
    { 18, 18, 272, -1, 18, 81, 1967 }, // U+041B
    { 20, 18, 336, 1, 18, 90, 2048 }, // U+041C
    { 16, 18, 272, 1, 18, 72, 2138 }, // U+041D
    { 15, 18, 272, 2, 18, 68, 2210 }, // U+041E
    { 16, 18, 272, 1, 18, 72, 2278 }, // U+041F
    { 13, 18, 224, 1, 18, 59, 2350 }, // U+0420
    { 15, 18, 240, 1, 18, 68, 2409 }, // U+0421
    { 13, 18, 208, 2, 18, 59, 2477 }, // U+0422
    { 16, 18, 224, 0, 18, 72, 2536 }, // U+0423
    { 18, 18, 320, 1, 18, 81, 2608 }, // U+0424
    { 16, 18, 208, -1, 18, 72, 2689 }, // U+0425
    { 16, 22, 272, 1, 18, 88, 2761 }, // U+0426
    { 14, 18, 256, 2, 18, 63, 2849 }, // U+0427
    { 23, 18, 384, 1, 18, 104, 2912 }, // U+0428
    { 23, 22, 384, 1, 18, 127, 3016 }, // U+0429
    { 13, 18, 256, 2, 18, 59, 3143 }, // U+042A
    { 19, 18, 320, 1, 18, 86, 3202 }, // U+042B
    { 12, 18, 224, 1, 18, 54, 3288 }, // U+042C
    { 14, 18, 240, 0, 18, 63, 3342 }, // U+042D
    { 22, 18, 384, 1, 18, 99, 3405 }, // U+042E
    { 16, 18, 224, -1, 18, 72, 3504 }, // U+042F
    { 13, 14, 224, 1, 14, 46, 3576 }, // U+0430
    { 13, 19, 224, 1, 19, 62, 3622 }, // U+0431
    { 11, 14, 208, 1, 14, 39, 3684 }, // U+0432
    { 11, 14, 176, 0, 14, 39, 3723 }, // U+0433
    { 12, 19, 224, 1, 19, 57, 3762 }, // U+0434
    { 11, 14, 192, 1, 14, 39, 3819 }, // U+0435
    { 22, 14, 352, 0, 14, 77, 3858 }, // U+0436
    { 10, 14, 176, 0, 14, 35, 3935 }, // U+0437
    { 13, 13, 224, 1, 13, 43, 3970 }, // U+0438
    { 13, 19, 224, 1, 19, 62, 4013 }, // U+0439
    { 12, 13, 208, 1, 13, 39, 4075 }, // U+043A
    { 15, 13, 224, -1, 13, 49, 4114 }, // U+043B
    { 17, 13, 304, 1, 13, 56, 4163 }, // U+043C
    { 13, 13, 224, 1, 13, 43, 4219 }, // U+043D
    { 12, 14, 224, 1, 14, 42, 4262 }, // U+043E
    { 12, 14, 224, 1, 14, 42, 4304 }, // U+043F
    { 14, 20, 224, -1, 14, 70, 4346 }, // U+0440
    { 10, 14, 192, 1, 14, 35, 4416 }, // U+0441
    { 19, 14, 352, 1, 14, 67, 4451 }, // U+0442
    { 15, 19, 192, -2, 13, 72, 4518 }, // U+0443
    { 15, 25, 272, 1, 19, 94, 4590 }, // U+0444
    { 13, 13, 176, -1, 13, 43, 4684 }, // U+0445
    { 13, 17, 240, 1, 13, 56, 4727 }, // U+0446
    { 11, 13, 224, 2, 13, 36, 4783 }, // U+0447
    { 20, 13, 352, 1, 13, 65, 4819 }, // U+0448
    { 20, 17, 352, 1, 13, 85, 4884 }, // U+0449
    { 13, 13, 240, 1, 13, 43, 4969 }, // U+044A
    { 17, 13, 288, 1, 13, 56, 5012 }, // U+044B
    { 11, 13, 208, 1, 13, 36, 5068 }, // U+044C
    { 10, 14, 192, 1, 14, 35, 5104 }, // U+044D
    { 18, 14, 304, 1, 14, 63, 5139 }, // U+044E
    { 13, 13, 208, -1, 13, 43, 5202 }, // U+044F
    { 11, 19, 192, 1, 19, 53, 5245 }, // U+0450
    { 11, 18, 192, 1, 18, 50, 5298 }, // U+0451
    { 12, 25, 224, 1, 19, 75, 5348 }, // U+0452
    { 11, 19, 176, 0, 19, 53, 5423 }, // U+0453
    { 10, 14, 192, 1, 14, 35, 5476 }, // U+0454
    { 10, 14, 176, 0, 14, 35, 5511 }, // U+0455
    { 6, 18, 96, 1, 18, 27, 5546 }, // U+0456
    { 7, 18, 96, 1, 18, 32, 5573 }, // U+0457
    { 10, 24, 96, -3, 18, 60, 5605 }, // U+0458
    { 20, 13, 320, -1, 13, 65, 5665 }, // U+0459
    { 18, 13, 320, 1, 13, 59, 5730 }, // U+045A
    { 12, 19, 224, 1, 19, 57, 5789 }, // U+045B
    { 12, 19, 208, 1, 19, 57, 5846 }, // U+045C
    { 13, 19, 224, 1, 19, 62, 5903 }, // U+045D
    { 15, 25, 192, -2, 19, 94, 5965 }, // U+045E
    { 13, 18, 224, 1, 13, 59, 6059 }, // U+045F
    { 22, 18, 368, 3, 18, 99, 6118 }, // U+0460
    { 18, 13, 320, 2, 13, 59, 6217 }, // U+0461
    { 11, 18, 240, 2, 18, 50, 6276 }, // U+0462
    { 18, 14, 336, 1, 14, 63, 6326 }, // U+0463
    { 22, 18, 352, 1, 18, 99, 6389 }, // U+0464
    { 17, 14, 272, 1, 14, 60, 6488 }, // U+0465
    { 15, 18, 240, -1, 18, 68, 6548 }, // U+0466
    { 13, 13, 208, -1, 13, 43, 6616 }, // U+0467
    { 19, 18, 336, 1, 18, 86, 6659 }, // U+0468
    { 16, 13, 288, 1, 13, 52, 6745 }, // U+0469
    { 18, 18, 272, -1, 18, 81, 6797 }, // U+046A
    { 16, 13, 240, -1, 13, 52, 6878 }, // U+046B
    { 23, 18, 368, 1, 18, 104, 6930 }, // U+046C
    { 19, 13, 320, 1, 13, 62, 7034 }, // U+046D
    { 14, 26, 208, -1, 21, 91, 7096 }, // U+046E
    { 12, 22, 176, -1, 17, 66, 7187 }, // U+046F
    { 18, 18, 304, 3, 18, 81, 7253 }, // U+0470
    { 16, 25, 288, 1, 19, 100, 7334 }, // U+0471
    { 15, 18, 288, 2, 18, 68, 7434 }, // U+0472
    { 12, 14, 224, 1, 14, 42, 7502 }, // U+0473
    { 15, 18, 224, 2, 18, 68, 7544 }, // U+0474
    { 12, 13, 176, 1, 13, 39, 7612 }, // U+0475
    { 15, 23, 224, 2, 23, 87, 7651 }, // U+0476
    { 12, 19, 176, 1, 19, 57, 7738 }, // U+0477
    { 29, 24, 480, 2, 18, 174, 7795 }, // U+0478
    { 26, 20, 416, 1, 14, 130, 7969 }, // U+0479
    { 16, 21, 304, 2, 19, 84, 8099 }, // U+047A
    { 12, 16, 240, 1, 15, 48, 8183 }, // U+047B
    { 21, 26, 384, 2, 26, 137, 8231 }, // U+047C
    { 18, 22, 320, 1, 22, 99, 8368 }, // U+047D
    { 22, 22, 368, 3, 22, 121, 8467 }, // U+047E
    { 18, 18, 320, 2, 18, 81, 8588 }, // U+047F
    { 14, 24, 240, 2, 18, 84, 8669 }, // U+0480
    { 11, 20, 176, 1, 14, 55, 8753 }, // U+0481
    { 13, 16, 240, 1, 16, 52, 8808 }, // U+0482
    { 10, 4, 0, -10, 18, 10, 8860 }, // U+0483
    { 9, 3, 0, -10, 18, 7, 8870 }, // U+0484
    { 3, 4, 0, -7, 19, 3, 8877 }, // U+0485
    { 2, 4, 0, -6, 19, 2, 8880 }, // U+0486
    { 10, 3, 0, -2, 22, 8, 8882 }, // U+0487
    { 28, 26, 0, -14, 20, 182, 8890 }, // U+0488
    { 28, 28, 0, -14, 21, 196, 9072 }, // U+0489
    { 17, 28, 288, 1, 23, 119, 9268 }, // U+048A
    { 13, 24, 240, 1, 19, 78, 9387 }, // U+048B
    { 11, 18, 224, 1, 18, 50, 9465 }, // U+048C
    { 10, 19, 208, 2, 19, 48, 9515 }, // U+048D
    { 13, 18, 224, 1, 18, 59, 9563 }, // U+048E
    { 14, 20, 224, -1, 14, 70, 9622 }, // U+048F
    { 14, 22, 192, 1, 22, 77, 9692 }, // U+0490
    { 11, 17, 160, 1, 17, 47, 9769 }, // U+0491
    { 13, 18, 192, 1, 18, 59, 9816 }, // U+0492
    { 11, 13, 160, 0, 13, 36, 9875 }, // U+0493
    { 13, 24, 240, 1, 18, 78, 9911 }, // U+0494
    { 10, 19, 192, 1, 13, 48, 9989 }, // U+0495
    { 23, 23, 336, -1, 18, 133, 10037 }, // U+0496
    { 22, 19, 336, 0, 14, 105, 10170 }, // U+0497
    { 13, 23, 208, 0, 18, 75, 10275 }, // U+0498
    { 10, 19, 176, 0, 14, 48, 10350 }, // U+0499
    { 15, 23, 240, 1, 18, 87, 10398 }, // U+049A
    { 12, 18, 208, 1, 13, 54, 10485 }, // U+049B
    { 15, 18, 224, 1, 18, 68, 10539 }, // U+049C
    { 13, 13, 192, 1, 13, 43, 10607 }, // U+049D
    { 15, 18, 224, 1, 18, 68, 10650 }, // U+049E
    { 12, 19, 192, 1, 19, 57, 10718 }, // U+049F
    { 16, 18, 256, 2, 18, 72, 10775 }, // U+04A0
    { 14, 13, 224, 1, 13, 46, 10847 }, // U+04A1
    { 16, 23, 272, 1, 18, 92, 10893 }, // U+04A2
    { 13, 18, 240, 1, 13, 59, 10985 }, // U+04A3
    { 20, 18, 304, 1, 18, 90, 11044 }, // U+04A4
    { 18, 13, 272, 1, 13, 59, 11134 }, // U+04A5
    { 22, 24, 400, 1, 18, 132, 11193 }, // U+04A6
    { 18, 19, 336, 1, 13, 86, 11325 }, // U+04A7
    { 15, 19, 288, 2, 18, 72, 11411 }, // U+04A8
    { 13, 15, 240, 1, 14, 49, 11483 }, // U+04A9
    { 14, 23, 240, 2, 18, 81, 11532 }, // U+04AA
    { 11, 19, 176, 1, 14, 53, 11613 }, // U+04AB
    { 13, 23, 208, 2, 18, 75, 11666 }, // U+04AC
    { 20, 19, 352, 1, 14, 95, 11741 }, // U+04AD
    { 13, 18, 208, 2, 18, 59, 11836 }, // U+04AE
    { 12, 19, 192, 1, 13, 57, 11895 }, // U+04AF
    { 14, 18, 208, 1, 18, 63, 11952 }, // U+04B0
    { 13, 19, 192, 0, 13, 62, 12015 }, // U+04B1
    { 16, 23, 240, -1, 18, 92, 12077 }, // U+04B2
    { 13, 18, 208, 0, 13, 59, 12169 }, // U+04B3
    { 18, 23, 320, 2, 18, 104, 12228 }, // U+04B4
    { 15, 18, 256, 1, 13, 68, 12332 }, // U+04B5
    { 13, 23, 256, 3, 18, 75, 12400 }, // U+04B6
    { 11, 18, 224, 2, 13, 50, 12475 }, // U+04B7
    { 13, 18, 256, 3, 18, 59, 12525 }, // U+04B8
    { 11, 13, 224, 2, 13, 36, 12584 }, // U+04B9
    { 13, 18, 256, 1, 18, 59, 12620 }, // U+04BA
    { 12, 19, 224, 1, 19, 57, 12679 }, // U+04BB
    { 18, 18, 304, 1, 18, 81, 12736 }, // U+04BC
    { 13, 14, 240, 1, 14, 46, 12817 }, // U+04BD
    { 18, 23, 304, 1, 18, 104, 12863 }, // U+04BE
    { 13, 19, 240, 1, 14, 62, 12967 }, // U+04BF
    { 11, 18, 128, -1, 18, 50, 13029 }, // U+04C0
    { 23, 23, 320, -1, 23, 133, 13079 }, // U+04C1
    { 22, 19, 352, 0, 19, 105, 13212 }, // U+04C2
    { 15, 24, 256, 1, 18, 90, 13317 }, // U+04C3
    { 12, 19, 208, 1, 13, 57, 13407 }, // U+04C4
    { 17, 23, 272, -1, 18, 98, 13464 }, // U+04C5
    { 14, 19, 224, -1, 14, 67, 13562 }, // U+04C6
    { 16, 24, 272, 1, 18, 96, 13629 }, // U+04C7
    { 13, 19, 240, 1, 13, 62, 13725 }, // U+04C8
    { 16, 23, 272, 1, 18, 92, 13787 }, // U+04C9
    { 13, 18, 240, 1, 13, 59, 13879 }, // U+04CA
    { 13, 23, 256, 3, 18, 75, 13938 }, // U+04CB
    { 12, 18, 240, 2, 13, 54, 14013 }, // U+04CC
    { 20, 23, 336, 1, 18, 115, 14067 }, // U+04CD
    { 16, 18, 288, 1, 13, 72, 14182 }, // U+04CE
    { 11, 18, 128, -1, 18, 50, 14254 }, // U+04CF
    { 15, 23, 224, -1, 23, 87, 14304 }, // U+04D0
    { 13, 19, 224, 1, 19, 62, 14391 }, // U+04D1
    { 14, 22, 224, -1, 22, 77, 14453 }, // U+04D2
    { 13, 18, 224, 1, 18, 59, 14530 }, // U+04D3
    { 23, 18, 336, -1, 18, 104, 14589 }, // U+04D4
    { 19, 14, 336, 1, 14, 67, 14693 }, // U+04D5
    { 13, 23, 208, 1, 23, 75, 14760 }, // U+04D6
    { 12, 19, 192, 1, 19, 57, 14835 }, // U+04D7
    { 15, 18, 272, 1, 18, 68, 14892 }, // U+04D8
    { 10, 14, 192, 1, 14, 35, 14960 }, // U+04D9
    { 15, 22, 272, 1, 22, 83, 14995 }, // U+04DA
    { 10, 18, 192, 1, 18, 45, 15078 }, // U+04DB
    { 23, 22, 320, -1, 22, 127, 15123 }, // U+04DC
    { 22, 18, 352, 0, 18, 99, 15250 }, // U+04DD
    { 13, 22, 208, 0, 22, 72, 15349 }, // U+04DE
    { 11, 18, 176, 0, 18, 50, 15421 }, // U+04DF
    { 14, 18, 208, 0, 18, 63, 15471 }, // U+04E0
    { 13, 19, 192, -2, 13, 62, 15534 }, // U+04E1
    { 16, 21, 272, 1, 21, 84, 15596 }, // U+04E2
    { 13, 17, 224, 1, 17, 56, 15680 }, // U+04E3
    { 16, 22, 272, 1, 22, 88, 15736 }, // U+04E4
    { 13, 18, 224, 1, 18, 59, 15824 }, // U+04E5
    { 15, 22, 288, 2, 22, 83, 15883 }, // U+04E6
    { 12, 18, 224, 1, 18, 54, 15966 }, // U+04E7
    { 15, 18, 288, 2, 18, 68, 16020 }, // U+04E8
    { 12, 14, 224, 1, 14, 42, 16088 }, // U+04E9
    { 15, 22, 288, 2, 22, 83, 16130 }, // U+04EA
    { 12, 18, 224, 1, 18, 54, 16213 }, // U+04EB
    { 14, 22, 240, 0, 22, 77, 16267 }, // U+04EC
    { 10, 18, 192, 1, 18, 45, 16344 }, // U+04ED
    { 16, 21, 224, 0, 21, 84, 16389 }, // U+04EE
    { 15, 23, 192, -2, 17, 87, 16473 }, // U+04EF
    { 16, 22, 224, 0, 22, 88, 16560 }, // U+04F0
    { 15, 24, 192, -2, 18, 90, 16648 }, // U+04F1
    { 16, 23, 224, 0, 23, 92, 16738 }, // U+04F2
    { 15, 25, 192, -2, 19, 94, 16830 }, // U+04F3
    { 14, 22, 256, 2, 22, 77, 16924 }, // U+04F4
    { 11, 18, 224, 2, 18, 50, 17001 }, // U+04F5
    { 13, 23, 192, 1, 18, 75, 17051 }, // U+04F6
    { 10, 18, 160, 1, 13, 45, 17126 }, // U+04F7
    { 19, 22, 320, 1, 22, 105, 17171 }, // U+04F8
    { 17, 18, 288, 1, 18, 77, 17276 }, // U+04F9
    { 14, 23, 192, 0, 18, 81, 17353 }, // U+04FA
    { 11, 18, 160, 0, 13, 50, 17434 }, // U+04FB
    { 16, 23, 208, -1, 18, 92, 17484 }, // U+04FC
    { 14, 18, 192, -1, 13, 63, 17576 }, // U+04FD
    { 16, 18, 208, -1, 18, 72, 17639 }, // U+04FE
    { 14, 13, 192, -1, 13, 46, 17711 }, // U+04FF
    { 14, 22, 224, -1, 18, 77, 0 }, // U+1EA0
    { 13, 18, 224, 1, 14, 59, 77 }, // U+1EA1
    { 14, 25, 224, -1, 25, 88, 136 }, // U+1EA2
    { 13, 21, 224, 1, 21, 69, 224 }, // U+1EA3
    { 18, 25, 224, -1, 25, 113, 293 }, // U+1EA4
    { 15, 20, 224, 1, 20, 75, 406 }, // U+1EA5
    { 14, 25, 224, -1, 25, 88, 481 }, // U+1EA6
    { 13, 20, 224, 1, 20, 65, 569 }, // U+1EA7
    { 17, 26, 224, -1, 26, 111, 634 }, // U+1EA8
    { 14, 21, 224, 1, 21, 74, 745 }, // U+1EA9
    { 16, 27, 224, -1, 27, 108, 819 }, // U+1EAA
    { 13, 22, 224, 1, 22, 72, 927 }, // U+1EAB
    { 14, 27, 224, -1, 23, 95, 999 }, // U+1EAC
    { 13, 23, 224, 1, 19, 75, 1094 }, // U+1EAD
    { 15, 26, 224, -1, 26, 98, 1169 }, // U+1EAE
    { 13, 21, 224, 1, 21, 69, 1267 }, // U+1EAF
    { 15, 26, 224, -1, 26, 98, 1336 }, // U+1EB0
    { 13, 21, 224, 1, 21, 69, 1434 }, // U+1EB1
    { 15, 26, 224, -1, 26, 98, 1503 }, // U+1EB2
    { 13, 22, 224, 1, 22, 72, 1601 }, // U+1EB3
    { 16, 27, 224, -1, 27, 108, 1673 }, // U+1EB4
    { 13, 22, 224, 1, 22, 72, 1781 }, // U+1EB5
    { 15, 27, 224, -1, 23, 102, 1853 }, // U+1EB6
    { 13, 23, 224, 1, 19, 75, 1955 }, // U+1EB7
    { 13, 22, 208, 1, 18, 72, 2030 }, // U+1EB8
    { 11, 18, 192, 1, 14, 50, 2102 }, // U+1EB9
    { 13, 25, 208, 1, 25, 82, 2152 }, // U+1EBA
    { 11, 21, 192, 1, 21, 58, 2234 }, // U+1EBB
    { 13, 22, 208, 1, 22, 72, 2292 }, // U+1EBC
    { 12, 18, 192, 1, 18, 54, 2364 }, // U+1EBD
    { 16, 25, 208, 1, 25, 100, 2418 }, // U+1EBE
    { 14, 20, 192, 1, 20, 70, 2518 }, // U+1EBF
    { 13, 25, 208, 1, 25, 82, 2588 }, // U+1EC0
    { 11, 20, 192, 1, 20, 55, 2670 }, // U+1EC1
    { 15, 26, 208, 1, 26, 98, 2725 }, // U+1EC2
    { 13, 21, 192, 1, 21, 69, 2823 }, // U+1EC3
    { 14, 27, 208, 1, 27, 95, 2892 }, // U+1EC4
    { 13, 22, 192, 1, 22, 72, 2987 }, // U+1EC5
    { 13, 27, 208, 1, 23, 88, 3059 }, // U+1EC6
    { 11, 23, 192, 1, 19, 64, 3147 }, // U+1EC7
    { 11, 25, 128, -1, 25, 69, 3211 }, // U+1EC8
    { 7, 21, 96, 1, 21, 37, 3280 }, // U+1EC9
    { 11, 22, 128, -1, 18, 61, 3317 }, // U+1ECA
    { 7, 22, 96, 0, 18, 39, 3378 }, // U+1ECB
    { 15, 22, 288, 2, 18, 83, 3417 }, // U+1ECC
    { 12, 18, 224, 1, 14, 54, 3500 }, // U+1ECD
    { 15, 25, 288, 2, 25, 94, 3554 }, // U+1ECE
    { 12, 21, 224, 1, 21, 63, 3648 }, // U+1ECF
    { 17, 25, 288, 2, 25, 107, 3711 }, // U+1ED0
    { 15, 20, 224, 1, 20, 75, 3818 }, // U+1ED1
    { 15, 25, 288, 2, 25, 94, 3893 }, // U+1ED2
    { 12, 20, 224, 1, 20, 60, 3987 }, // U+1ED3
    { 16, 26, 288, 2, 26, 104, 4047 }, // U+1ED4
    { 14, 21, 224, 1, 21, 74, 4151 }, // U+1ED5
    { 15, 27, 288, 2, 27, 102, 4225 }, // U+1ED6
    { 13, 22, 224, 1, 22, 72, 4327 }, // U+1ED7
    { 15, 27, 288, 2, 23, 102, 4399 }, // U+1ED8
    { 12, 23, 224, 1, 19, 69, 4501 }, // U+1ED9
    { 19, 23, 288, 2, 23, 110, 4570 }, // U+1EDA
    { 16, 19, 224, 1, 19, 76, 4680 }, // U+1EDB
    { 19, 23, 288, 2, 23, 110, 4756 }, // U+1EDC
    { 16, 19, 224, 1, 19, 76, 4866 }, // U+1EDD
    { 19, 25, 288, 2, 25, 119, 4942 }, // U+1EDE
    { 16, 21, 224, 1, 21, 84, 5061 }, // U+1EDF
    { 19, 22, 288, 2, 22, 105, 5145 }, // U+1EE0
    { 16, 18, 224, 1, 18, 72, 5250 }, // U+1EE1
    { 19, 23, 288, 2, 19, 110, 5322 }, // U+1EE2
    { 16, 19, 224, 1, 15, 76, 5432 }, // U+1EE3
    { 15, 22, 272, 2, 18, 83, 5508 }, // U+1EE4
    { 13, 17, 224, 1, 13, 56, 5591 }, // U+1EE5
    { 15, 25, 272, 2, 25, 94, 5647 }, // U+1EE6
    { 13, 21, 224, 1, 21, 69, 5741 }, // U+1EE7
    { 20, 23, 288, 2, 23, 115, 5810 }, // U+1EE8
    { 17, 19, 256, 1, 19, 81, 5925 }, // U+1EE9
    { 20, 23, 288, 2, 23, 115, 6006 }, // U+1EEA
    { 17, 19, 256, 1, 19, 81, 6121 }, // U+1EEB
    { 20, 25, 288, 2, 25, 125, 6202 }, // U+1EEC
    { 17, 21, 256, 1, 21, 90, 6327 }, // U+1EED
    { 20, 22, 288, 2, 22, 110, 6417 }, // U+1EEE
    { 17, 18, 256, 1, 18, 77, 6527 }, // U+1EEF
    { 20, 23, 288, 2, 19, 115, 6604 }, // U+1EF0
    { 17, 19, 256, 1, 15, 81, 6719 }, // U+1EF1
    { 13, 23, 208, 2, 23, 75, 6800 }, // U+1EF2
    { 15, 25, 192, -2, 19, 94, 6875 }, // U+1EF3
    { 13, 22, 208, 2, 18, 72, 6969 }, // U+1EF4
    { 15, 19, 192, -2, 13, 72, 7041 }, // U+1EF5
    { 13, 25, 208, 2, 25, 82, 7113 }, // U+1EF6
    { 15, 27, 192, -2, 21, 102, 7195 }, // U+1EF7
    { 13, 22, 208, 2, 22, 72, 7297 }, // U+1EF8
    { 15, 24, 192, -2, 18, 90, 7369 }, // U+1EF9
    { 1, 1, 208, 0, 1, 1, 0 }, // U+2000
    { 1, 1, 400, 0, 1, 1, 1 }, // U+2001
    { 1, 1, 208, 0, 1, 1, 2 }, // U+2002
    { 1, 1, 400, 0, 1, 1, 3 }, // U+2003
    { 1, 1, 128, 0, 1, 1, 4 }, // U+2004
    { 1, 1, 96, 0, 1, 1, 5 }, // U+2005
    { 1, 1, 64, 0, 1, 1, 6 }, // U+2006
    { 1, 1, 224, 0, 1, 1, 7 }, // U+2007
    { 1, 1, 96, 0, 1, 1, 8 }, // U+2008
    { 1, 1, 64, 0, 1, 1, 9 }, // U+2009
    { 1, 1, 48, 0, 1, 1, 10 }, // U+200A
    { 1, 1, 0, 0, 1, 1, 11 }, // U+200B
    { 1, 1, 0, 0, 1, 1, 12 }, // U+200C
    { 1, 1, 0, 0, 1, 1, 13 }, // U+200D
    { 6, 20, 0, -1, 17, 30, 14 }, // U+200E
    { 6, 20, 0, -5, 17, 30, 44 }, // U+200F
    { 6, 2, 128, 1, 8, 3, 74 }, // U+2010
    { 6, 2, 128, 1, 8, 3, 77 }, // U+2011
    { 12, 2, 224, 1, 10, 6, 80 }, // U+2012
    { 10, 2, 192, 1, 8, 5, 86 }, // U+2013
    { 22, 2, 384, 1, 8, 11, 91 }, // U+2014
    { 22, 2, 384, 1, 8, 11, 102 }, // U+2015
    { 7, 25, 224, 4, 19, 44, 113 }, // U+2016
    { 11, 5, 160, -3, -1, 14, 157 }, // U+2017
    { 5, 6, 64, 1, 18, 8, 171 }, // U+2018
    { 5, 6, 64, 1, 18, 8, 179 }, // U+2019
    { 5, 6, 96, -1, 3, 8, 187 }, // U+201A
    { 2, 6, 64, 3, 18, 3, 195 }, // U+201B
    { 10, 6, 144, 1, 18, 15, 198 }, // U+201C
    { 10, 6, 144, 1, 18, 15, 213 }, // U+201D
    { 9, 6, 176, -1, 3, 14, 228 }, // U+201E
    { 7, 6, 144, 3, 18, 11, 242 }, // U+201F
    { 9, 19, 192, 3, 19, 43, 253 }, // U+2020
    { 11, 19, 192, 1, 19, 53, 296 }, // U+2021
    { 6, 6, 144, 2, 12, 9, 349 }, // U+2022
    { 8, 7, 144, 1, 13, 14, 358 }, // U+2023
    { 4, 3, 208, 3, 3, 3, 372 }, // U+2024
    { 10, 3, 208, 0, 3, 8, 375 }, // U+2025
    { 16, 3, 304, 0, 3, 12, 383 }, // U+2026
    { 3, 3, 96, 2, 8, 3, 395 }, // U+2027
    { 1, 1, 240, 0, 1, 1, 398 }, // U+2028
    { 1, 1, 240, 0, 1, 1, 399 }, // U+2029
    { 6, 18, 0, -1, 15, 27, 400 }, // U+202A
    { 6, 18, 0, -5, 15, 27, 427 }, // U+202B
    { 6, 20, 0, -3, 17, 30, 454 }, // U+202C
    { 6, 20, 0, -3, 17, 30, 484 }, // U+202D
    { 6, 20, 0, -3, 17, 30, 514 }, // U+202E
    { 1, 1, 64, 0, 1, 1, 544 }, // U+202F
    { 25, 18, 448, 2, 18, 113, 545 }, // U+2030
    { 33, 18, 576, 2, 18, 149, 658 }, // U+2031
    { 5, 7, 96, 2, 18, 9, 807 }, // U+2032
    { 10, 7, 160, 2, 18, 18, 816 }, // U+2033
    { 14, 7, 224, 2, 18, 25, 834 }, // U+2034
    { 4, 7, 112, 3, 18, 7, 859 }, // U+2035
    { 8, 7, 176, 3, 18, 14, 866 }, // U+2036
    { 11, 7, 224, 3, 18, 20, 880 }, // U+2037
    { 9, 8, 160, -2, 2, 18, 900 }, // U+2038
    { 6, 11, 112, 1, 12, 17, 918 }, // U+2039
    { 6, 11, 112, 0, 12, 17, 935 }, // U+203A
    { 19, 18, 336, 1, 18, 86, 952 }, // U+203B
    { 13, 18, 192, 0, 18, 59, 1038 }, // U+203C
    { 9, 18, 176, 2, 18, 41, 1097 }, // U+203D
    { 10, 2, 160, 3, 21, 5, 1138 }, // U+203E
    { 12, 5, 224, -1, -1, 15, 1143 }, // U+203F
    { 13, 5, 224, 2, 20, 17, 1158 }, // U+2040
    { 11, 16, 144, -2, 10, 44, 1175 }, // U+2041
    { 26, 22, 448, 0, 19, 143, 1219 }, // U+2042
    { 6, 2, 112, 1, 8, 3, 1362 }, // U+2043
    { 15, 18, 48, -6, 18, 68, 1365 }, // U+2044
    { 9, 22, 112, 0, 18, 50, 1433 }, // U+2045
    { 10, 22, 112, -2, 18, 55, 1483 }, // U+2046
    { 20, 18, 352, 2, 18, 90, 1538 }, // U+2047
    { 16, 18, 272, 2, 18, 72, 1628 }, // U+2048
    { 18, 18, 272, 0, 18, 81, 1700 }, // U+2049
    { 12, 13, 208, 2, 13, 39, 1781 }, // U+204A
    { 12, 22, 240, 3, 19, 66, 1820 }, // U+204B
    { 13, 12, 256, 1, 13, 39, 1886 }, // U+204C
    { 13, 12, 256, 2, 13, 39, 1925 }, // U+204D
    { 11, 12, 224, 0, 6, 33, 1964 }, // U+204E
    { 5, 17, 96, 1, 14, 22, 1997 }, // U+204F
    { 16, 26, 224, -1, 20, 104, 2019 }, // U+2050
    { 14, 25, 224, 0, 19, 88, 2123 }, // U+2051
    { 9, 18, 144, 0, 18, 41, 2211 }, // U+2052
    { 22, 4, 400, 2, 9, 22, 2252 }, // U+2053
    { 13, 5, 224, -2, -1, 17, 2274 }, // U+2054
    { 12, 13, 224, 1, 13, 39, 2291 }, // U+2055
    { 11, 18, 208, 1, 18, 50, 2330 }, // U+2056
    { 18, 7, 288, 2, 18, 32, 2380 }, // U+2057
    { 18, 18, 336, 1, 18, 81, 2412 }, // U+2058
    { 18, 18, 336, 1, 18, 81, 2493 }, // U+2059
    { 3, 18, 96, 1, 18, 14, 2574 }, // U+205A
    { 14, 19, 256, 1, 19, 67, 2588 }, // U+205B
    { 18, 19, 320, 1, 18, 86, 2655 }, // U+205C
    { 3, 17, 112, 2, 17, 13, 2741 }, // U+205D
    { 3, 18, 112, 2, 18, 14, 2754 }, // U+205E
    { 1, 1, 96, 0, 1, 1, 2768 }, // U+205F
    { 1, 1, 240, 0, 1, 1, 2769 }, // U+2060
    { 1, 1, 240, 0, 1, 1, 2770 }, // U+2061
    { 1, 1, 240, 0, 1, 1, 2771 }, // U+2062
    { 1, 1, 240, 0, 1, 1, 2772 }, // U+2063
    { 1, 1, 240, 0, 1, 1, 2773 }, // U+2064
    { 1, 1, 240, 0, 1, 1, 2774 }, // U+2066
    { 1, 1, 240, 0, 1, 1, 2775 }, // U+2067
    { 1, 1, 240, 0, 1, 1, 2776 }, // U+2068
    { 1, 1, 240, 0, 1, 1, 2777 }, // U+2069
    { 6, 20, 0, -3, 17, 30, 2778 }, // U+206A
    { 6, 20, 0, -3, 17, 30, 2808 }, // U+206B
    { 6, 20, 0, -3, 17, 30, 2838 }, // U+206C
    { 6, 20, 0, -3, 17, 30, 2868 }, // U+206D
    { 6, 20, 0, -3, 17, 30, 2898 }, // U+206E
    { 6, 20, 0, -3, 17, 30, 2928 }, // U+206F
    { 7, 11, 144, 3, 21, 20, 0 }, // U+2070
    { 4, 11, 96, 2, 18, 11, 20 }, // U+2071
    { 8, 11, 144, 2, 21, 22, 31 }, // U+2074
    { 8, 11, 144, 2, 21, 22, 53 }, // U+2075
    { 7, 11, 144, 3, 21, 20, 75 }, // U+2076
    { 8, 11, 144, 3, 21, 22, 95 }, // U+2077
    { 8, 11, 144, 2, 21, 22, 117 }, // U+2078
    { 8, 11, 144, 2, 21, 22, 139 }, // U+2079
    { 6, 7, 128, 3, 19, 11, 161 }, // U+207A
    { 6, 2, 128, 3, 16, 3, 172 }, // U+207B
    { 6, 4, 128, 3, 17, 6, 175 }, // U+207C
    { 5, 13, 80, 3, 22, 17, 181 }, // U+207D
    { 6, 13, 80, 0, 22, 20, 198 }, // U+207E
    { 8, 8, 144, 2, 15, 16, 218 }, // U+207F
    { 7, 11, 144, 0, 7, 20, 234 }, // U+2080
    { 5, 11, 144, 1, 7, 14, 254 }, // U+2081
    { 8, 11, 144, -1, 7, 22, 268 }, // U+2082
    { 8, 11, 144, -1, 7, 22, 290 }, // U+2083
    { 8, 11, 144, -1, 7, 22, 312 }, // U+2084
    { 8, 11, 144, -1, 7, 22, 334 }, // U+2085
    { 7, 11, 144, 0, 7, 20, 356 }, // U+2086
    { 8, 11, 144, 0, 7, 22, 376 }, // U+2087
    { 8, 11, 144, -1, 7, 22, 398 }, // U+2088
    { 8, 11, 144, -1, 7, 22, 420 }, // U+2089
    { 7, 7, 128, 0, 6, 13, 442 }, // U+208A
    { 7, 2, 128, 0, 3, 4, 455 }, // U+208B
    { 7, 4, 128, 0, 4, 7, 459 }, // U+208C
    { 6, 13, 80, 0, 8, 20, 466 }, // U+208D
    { 6, 13, 80, -3, 8, 20, 486 }, // U+208E
    { 9, 9, 144, -1, 6, 21, 506 }, // U+2090
    { 7, 9, 128, -1, 6, 16, 527 }, // U+2091
    { 8, 9, 144, -1, 6, 18, 543 }, // U+2092
    { 9, 8, 128, -2, 6, 18, 561 }, // U+2093
    { 7, 9, 128, -1, 6, 16, 579 }, // U+2094
    { 8, 11, 176, 0, 9, 22, 595 }, // U+2095
    { 8, 11, 144, 0, 9, 22, 617 }, // U+2096
    { 4, 11, 96, 0, 9, 11, 639 }, // U+2097
    { 13, 8, 256, 0, 6, 26, 650 }, // U+2098
    { 8, 8, 144, -1, 6, 16, 676 }, // U+2099
    { 9, 12, 144, -2, 6, 27, 692 }, // U+209A
    { 7, 9, 128, -1, 6, 16, 719 }, // U+209B
    { 6, 10, 80, -1, 7, 15, 735 }, // U+209C
    { 12, 18, 224, 2, 18, 54, 0 }, // U+20A0
    { 14, 20, 224, 1, 19, 70, 54 }, // U+20A1
    { 13, 18, 224, 2, 18, 59, 124 }, // U+20A2
    { 15, 18, 224, 0, 18, 68, 183 }, // U+20A3
    { 14, 18, 224, 0, 18, 63, 251 }, // U+20A4
    { 19, 20, 352, 1, 17, 95, 314 }, // U+20A5
    { 15, 18, 224, 0, 18, 68, 409 }, // U+20A6
    { 17, 18, 288, 1, 18, 77, 477 }, // U+20A7
    { 19, 18, 320, 1, 18, 86, 554 }, // U+20A8
    { 18, 18, 256, 0, 18, 81, 640 }, // U+20A9
    { 19, 18, 320, 1, 18, 86, 721 }, // U+20AA
    { 16, 23, 224, 0, 19, 92, 807 }, // U+20AB
    { 14, 18, 224, 1, 18, 63, 899 }, // U+20AC
    { 15, 18, 224, 1, 18, 68, 962 }, // U+20AD
    { 14, 18, 208, 1, 18, 63, 1030 }, // U+20AE
    { 22, 24, 384, 1, 18, 132, 1093 }, // U+20AF
    { 15, 24, 224, -1, 18, 90, 1225 }, // U+20B0
    { 14, 18, 224, 1, 18, 63, 1315 }, // U+20B1
    { 15, 21, 272, 2, 19, 79, 1378 }, // U+20B2
    { 16, 18, 224, -1, 18, 72, 1457 }, // U+20B3
    { 14, 18, 208, 0, 18, 63, 1529 }, // U+20B4
    { 14, 21, 240, 2, 19, 74, 1592 }, // U+20B5
    { 14, 16, 224, 1, 16, 56, 1666 }, // U+20B6
    { 17, 20, 256, 0, 18, 85, 1722 }, // U+20B7
    { 13, 18, 192, 1, 18, 59, 1807 }, // U+20B8
    { 13, 18, 224, 2, 18, 59, 1866 }, // U+20B9
    { 14, 18, 224, 0, 18, 63, 1925 }, // U+20BA
    { 16, 18, 272, 1, 18, 72, 1988 }, // U+20BB
    { 17, 18, 304, 0, 18, 77, 2060 }, // U+20BC
    { 15, 18, 240, 0, 18, 68, 2137 }, // U+20BD
    { 16, 20, 240, 0, 20, 80, 2205 }, // U+20BE
    { 13, 22, 224, 1, 20, 72, 2285 }, // U+20BF
    { 6, 2, 128, 1, 8, 3, 0 }, // U+2212
    { 22, 25, 256, -3, 19, 138, 0 }, // U+FB00
    { 18, 25, 224, -3, 19, 113, 138 }, // U+FB01
    { 18, 25, 224, -3, 19, 113, 251 }, // U+FB02
    { 26, 25, 352, -3, 19, 163, 364 }, // U+FB03
    { 26, 25, 352, -3, 19, 163, 527 }, // U+FB04
    { 19, 25, 240, -3, 19, 119, 690 }, // U+FB05
    { 20, 19, 304, 0, 19, 95, 809 }, // U+FB06
    { 23, 23, 400, 1, 19, 133, 0 }, // U+FFFD
};

static const EpdUnicodeInterval notosans_12_italicIntervals[] = {
    { 0x0, 0x0, 0x0 },
    { 0xD, 0xD, 0x1 },
    { 0x20, 0x7E, 0x2 },
    { 0xA0, 0x17F, 0x61 },
    { 0x1A0, 0x1A1, 0x141 },
    { 0x1AF, 0x1B0, 0x143 },
    { 0x1C4, 0x21F, 0x145 },
    { 0x300, 0x36F, 0x1A1 },
    { 0x400, 0x4FF, 0x211 },
    { 0x1EA0, 0x1EF9, 0x311 },
    { 0x2000, 0x2064, 0x36B },
    { 0x2066, 0x2071, 0x3D0 },
    { 0x2074, 0x208E, 0x3DC },
    { 0x2090, 0x209C, 0x3F7 },
    { 0x20A0, 0x20BF, 0x404 },
    { 0x2212, 0x2212, 0x424 },
    { 0xFB00, 0xFB06, 0x425 },
    { 0xFFFD, 0xFFFD, 0x42C },
};

static const EpdFontGroup notosans_12_italicGroups[] = {
    { 0, 1472, 5254, 97, 0 },
    { 1472, 1369, 6173, 96, 97 },
    { 2841, 1791, 9798, 128, 193 },
    { 4632, 1836, 8601, 96, 321 },
    { 6468, 494, 1243, 112, 417 },
    { 6962, 4515, 19423, 256, 529 },
    { 11477, 1077, 8221, 90, 785 },
    { 12554, 960, 3408, 111, 875 },
    { 13514, 334, 839, 42, 986 },
    { 13848, 863, 2596, 32, 1028 },
    { 14711, 6, 4, 1, 1060 },
    { 14717, 223, 970, 7, 1061 },
    { 14940, 70, 138, 1, 1068 },
};

static const uint16_t notosans_12_italicKernLeftCodepoints[] = {
    0x0020, 0x0022, 0x0026, 0x0027, 0x0028, 0x002C, 0x002D, 0x002E, 0x0041, 0x0042, 0x0043, 0x0044,
    0x0045, 0x0046, 0x004B, 0x004C, 0x004F, 0x0050, 0x0051, 0x0052, 0x0054, 0x0055, 0x0056, 0x0057,
    0x0058, 0x0059, 0x005A, 0x005B, 0x005F, 0x0061, 0x0062, 0x0063, 0x0065, 0x0066, 0x006B, 0x006F,
    0x0070, 0x0072, 0x0074, 0x0076, 0x0077, 0x0078, 0x0079, 0x007B, 0x00A1, 0x00AB, 0x00BB, 0x00BF,
    0x00C0, 0x00C1, 0x00C2, 0x00C3, 0x00C4, 0x00C5, 0x00C6, 0x00C7, 0x00C8, 0x00C9, 0x00CA, 0x00CB,
    0x00D0, 0x00D2, 0x00D3, 0x00D4, 0x00D5, 0x00D6, 0x00D8, 0x00D9, 0x00DA, 0x00DB, 0x00DC, 0x00DD,
    0x00DE, 0x00E0, 0x00E1, 0x00E2, 0x00E3, 0x00E4, 0x00E5, 0x00E6, 0x00E8, 0x00E9, 0x00EA, 0x00EB,
    0x00EF, 0x00F0, 0x00F2, 0x00F3, 0x00F4, 0x00F5, 0x00F6, 0x00F8, 0x00FD, 0x00FE, 0x00FF, 0x0100,
    0x0101, 0x0102, 0x0103, 0x0104, 0x0105, 0x0106, 0x0108, 0x010A, 0x010C, 0x010E, 0x010F, 0x0110,
    0x0112, 0x0113, 0x0114, 0x0115, 0x0116, 0x0117, 0x0118, 0x0119, 0x011A, 0x011B, 0x0129, 0x012B,
    0x012E, 0x0136, 0x0137, 0x0138, 0x0139, 0x013B, 0x013D, 0x013E, 0x013F, 0x0141, 0x014C, 0x014D,
    0x014E, 0x014F, 0x0150, 0x0151, 0x0152, 0x0153, 0x0155, 0x0157, 0x0159, 0x0162, 0x0163, 0x0164,
    0x0165, 0x0166, 0x0167, 0x0168, 0x016A, 0x016C, 0x016E, 0x0170, 0x0172, 0x0174, 0x0175, 0x0176,
    0x0177, 0x0178, 0x0179, 0x017B, 0x017D, 0x01A0, 0x01A1, 0x01AF, 0x01B0, 0x01D0, 0x01FA, 0x01FB,
    0x01FC, 0x01FD, 0x01FE, 0x01FF, 0x020B, 0x021A, 0x021B, 0x0402, 0x0403, 0x0404, 0x0405, 0x0408,
    0x0409, 0x040A, 0x040B, 0x040C, 0x040E, 0x0410, 0x0411, 0x0412, 0x0413, 0x0414, 0x0416, 0x0417,
    0x041A, 0x041E, 0x0420, 0x0421, 0x0422, 0x0423, 0x0424, 0x0425, 0x0426, 0x0429, 0x042A, 0x042C,
    0x042D, 0x042E, 0x0430, 0x0431, 0x0432, 0x0433, 0x0434, 0x0435, 0x0436, 0x0437, 0x0438, 0x0439,
    0x043A, 0x043B, 0x043C, 0x043D, 0x043E, 0x043F, 0x0440, 0x0441, 0x0442, 0x0443, 0x0444, 0x0445,
    0x0446, 0x0447, 0x0448, 0x0449, 0x044A, 0x044B, 0x044C, 0x044D, 0x044E, 0x044F, 0x0450, 0x0451,
    0x0452, 0x0453, 0x0454, 0x0455, 0x0457, 0x0458, 0x0459, 0x045A, 0x045B, 0x045C, 0x045D, 0x045E,
    0x045F, 0x0460, 0x0461, 0x0462, 0x0463, 0x0464, 0x0466, 0x0467, 0x0468, 0x0469, 0x046E, 0x046F,
    0x0472, 0x0473, 0x0474, 0x0475, 0x0476, 0x0477, 0x0478, 0x0479, 0x047A, 0x047B, 0x047C, 0x047D,
    0x047E, 0x047F, 0x0480, 0x048A, 0x048B, 0x048C, 0x048D, 0x048E, 0x048F, 0x0490, 0x0491, 0x0492,
    0x0493, 0x0495, 0x0496, 0x0497, 0x0498, 0x0499, 0x049A, 0x049B, 0x049C, 0x049D, 0x049E, 0x049F,
    0x04A0, 0x04A1, 0x04A2, 0x04A3, 0x04A4, 0x04A5, 0x04A7, 0x04A9, 0x04AA, 0x04AC, 0x04AD, 0x04AE,
    0x04AF, 0x04B0, 0x04B1, 0x04B2, 0x04B3, 0x04B4, 0x04B5, 0x04B6, 0x04B7, 0x04BB, 0x04BC, 0x04BD,
    0x04BE, 0x04BF, 0x04C1, 0x04C2, 0x04C4, 0x04C5, 0x04C6, 0x04C9, 0x04CA, 0x04CD, 0x04CE, 0x04D0,
    0x04D1, 0x04D2, 0x04D3, 0x04D5, 0x04D7, 0x04D8, 0x04D9, 0x04DA, 0x04DB, 0x04DC, 0x04DD, 0x04DE,
    0x04DF, 0x04E6, 0x04E7, 0x04E8, 0x04E9, 0x04EA, 0x04EB, 0x04EC, 0x04ED, 0x04EE, 0x04EF, 0x04F0,
    0x04F1, 0x04F2, 0x04F3, 0x04F5, 0x04F6, 0x04F7, 0x04F9, 0x04FA, 0x04FB, 0x04FC, 0x04FD, 0x04FE,
    0x04FF, 0x1EA0, 0x1EA1, 0x1EA2, 0x1EA3, 0x1EA4, 0x1EA5, 0x1EA6, 0x1EA7, 0x1EA8, 0x1EA9, 0x1EAA,
    0x1EAB, 0x1EAC, 0x1EAD, 0x1EAE, 0x1EAF, 0x1EB0, 0x1EB1, 0x1EB2, 0x1EB3, 0x1EB4, 0x1EB5, 0x1EB6,
    0x1EB7, 0x1EB8, 0x1EB9, 0x1EBA, 0x1EBB, 0x1EBC, 0x1EBD, 0x1EBE, 0x1EBF, 0x1EC0, 0x1EC1, 0x1EC2,
    0x1EC3, 0x1EC4, 0x1EC5, 0x1EC6, 0x1EC7, 0x1ECC, 0x1ECD, 0x1ECE, 0x1ECF, 0x1ED0, 0x1ED1, 0x1ED2,
    0x1ED3, 0x1ED4, 0x1ED5, 0x1ED6, 0x1ED7, 0x1ED8, 0x1ED9, 0x1EDA, 0x1EDB, 0x1EDC, 0x1EDD, 0x1EDE,
    0x1EDF, 0x1EE0, 0x1EE1, 0x1EE2, 0x1EE3, 0x1EE4, 0x1EE6, 0x1EE8, 0x1EE9, 0x1EEA, 0x1EEB, 0x1EEC,
    0x1EED, 0x1EEE, 0x1EEF, 0x1EF0, 0x1EF1, 0x1EF2, 0x1EF3, 0x1EF4, 0x1EF5, 0x1EF6, 0x1EF7, 0x1EF8,
    0x1EF9, 0x2013, 0x2014, 0x2015, 0x2018, 0x2019, 0x201A, 0x201C, 0x201D, 0x201E, 0x2039, 0x203A,
    0x207D, 0x208D, 0xFB00,
};

static const uint8_t notosans_12_italicKernLeftClassIds[] = {
      1,   2,   3,   2,   4,   5,   6,   5,   7,   8,   9,  10,  11,  12,  13,  14,
     10,  15,  10,  16,  17,  18,  19,  19,  13,  20,  21,   4,  22,  23,  24,  25,
     24,  26,  27,  24,  24,  28,  29,  30,  30,  27,  30,   4,  31,  32,  33,  34,
      7,   7,   7,   7,   7,   7,  11,   9,  11,  11,  11,  11,  10,  10,  10,  10,
     10,  10,  10,  18,  18,  18,  18,  20,  15,  23,  23,  23,  23,  23,  23,  24,
     24,  24,  24,  24,  35,  24,  24,  24,  24,  24,  24,  24,  30,  24,  30,   7,
     23,   7,  23,   7,  23,   9,   9,   9,   9,  10,  36,  10,  11,  24,  11,  24,
     11,  24,  11,  24,  11,  24,  37,  35,  38,  13,  27,  27,  14,  14,  14,  36,
     14,  14,  10,  24,  10,  24,  10,  24,  11,  24,  28,  28,  28,  17,  29,  17,
     39,  17,  29,  18,  18,  18,  18,  18,  18,  19,  30,  20,  30,  20,  21,  21,
     21,  40,  41,  42,  43,  35,   7,  23,  11,  24,  10,  24,  35,  17,  29,  44,
     45,  46,  47,  48,  44,  44,  49,  50,  51,  52,  53,  54,  45,  55,  50,  54,
     50,  56,  57,  46,  45,  51,  58,  50,  55,  55,  44,  44,  56,  56,  59,  60,
     61,  62,  63,  62,  64,  61,  59,  59,  65,  59,  59,  59,  66,  67,  66,  64,
     67,  68,  66,  65,  69,  59,  59,  69,  70,  59,  70,  66,  66,  59,  62,  62,
     71,  62,  64,  72,  73,  74,  70,  70,  67,  65,  59,  75,  59,  51,  76,  77,
     70,  46,  52,  78,  52,  78,  54,  61,  56,  66,  51,  76,  51,  76,  68,  68,
     56,  66,  56,  66,  51,  76,  46,  55,  63,  77,  70,  57,  66,  79,  80,  81,
     82,  83,  84,  85,  54,  61,  84,  85,  50,  64,  50,  64,  50,  64,  55,  63,
     81,  80,  83,  66,  46,  79,  63,  86,  87,  86,  87,  84,  85,  55,  63,  55,
     63,  83,  88,  62,  88,  62,  50,  64,  64,  55,  63,  55,  63,  55,  63,  52,
     23,  52,  23,  62,  62,  56,  66,  56,  66,  50,  64,  54,  61,  56,  66,  56,
     66,  56,  66,  56,  66,  51,  68,  51,  68,  51,  68,  59,  79,  80,  59,  81,
     82,  84,  85,  50,  85,   7,  23,   7,  23,   7,  23,   7,  23,   7,  23,   7,
     23,   7,  23,   7,  23,   7,  23,   7,  23,   7,  23,   7,  23,  11,  24,  11,
     24,  11,  24,  11,  24,  11,  24,  11,  24,  11,  24,  11,  24,  10,  24,  10,
     24,  10,  24,  10,  24,  10,  24,  10,  24,  10,  24,  40,  41,  40,  41,  40,
     41,  40,  41,  40,  41,  18,  18,  42,  43,  42,  43,  42,  43,  42,  43,  42,
     43,  20,  30,  20,  30,  20,  30,  20,  30,   6,   6,   6,   2,   2,   5,   2,
      2,   5,  32,  33,  89,  90,  26,
};

static const uint16_t notosans_12_italicKernRightCodepoints[] = {
    0x0021, 0x0022, 0x0026, 0x0027, 0x0029, 0x002C, 0x002D, 0x002E, 0x003A, 0x003B, 0x003F, 0x0041,
    0x0043, 0x0047, 0x0049, 0x004A, 0x004F, 0x0051, 0x0053, 0x0054, 0x0055, 0x0056, 0x0057, 0x0058,
    0x0059, 0x005A, 0x005D, 0x0061, 0x0063, 0x0064, 0x0065, 0x0066, 0x0067, 0x006A, 0x006D, 0x006E,
    0x006F, 0x0070, 0x0071, 0x0072, 0x0073, 0x0074, 0x0075, 0x0076, 0x0077, 0x0079, 0x007A, 0x007D,
    0x00AB, 0x00BB, 0x00C0, 0x00C1, 0x00C2, 0x00C3, 0x00C4, 0x00C5, 0x00C6, 0x00C7, 0x00D2, 0x00D3,
    0x00D4, 0x00D5, 0x00D6, 0x00D8, 0x00D9, 0x00DA, 0x00DB, 0x00DC, 0x00DD, 0x00DF, 0x00E0, 0x00E1,
    0x00E2, 0x00E3, 0x00E4, 0x00E5, 0x00E6, 0x00E7, 0x00E8, 0x00E9, 0x00EA, 0x00EB, 0x00F1, 0x00F2,
    0x00F3, 0x00F4, 0x00F5, 0x00F6, 0x00F8, 0x00F9, 0x00FA, 0x00FB, 0x00FC, 0x00FD, 0x00FF, 0x0100,
    0x0101, 0x0102, 0x0103, 0x0104, 0x0105, 0x0106, 0x0107, 0x0108, 0x0109, 0x010A, 0x010B, 0x010C,
    0x010D, 0x010F, 0x0111, 0x0113, 0x0115, 0x0117, 0x0119, 0x011B, 0x011C, 0x011D, 0x011E, 0x011F,
    0x0120, 0x0121, 0x0122, 0x0123, 0x0127, 0x0129, 0x0135, 0x0138, 0x0144, 0x0146, 0x0148, 0x014B,
    0x014C, 0x014D, 0x014E, 0x014F, 0x0150, 0x0151, 0x0152, 0x0153, 0x0155, 0x0157, 0x015B, 0x015D,
    0x015F, 0x0161, 0x0162, 0x0163, 0x0164, 0x0165, 0x0166, 0x0167, 0x0168, 0x0169, 0x016A, 0x016B,
    0x016C, 0x016D, 0x016E, 0x016F, 0x0170, 0x0171, 0x0172, 0x0173, 0x0174, 0x0175, 0x0176, 0x0177,
    0x0178, 0x0179, 0x017A, 0x017B, 0x017C, 0x017D, 0x017E, 0x01A0, 0x01A1, 0x01AF, 0x01B0, 0x01FA,
    0x01FB, 0x01FC, 0x01FD, 0x01FE, 0x01FF, 0x0219, 0x021A, 0x021B, 0x0402, 0x0404, 0x0405, 0x0408,
    0x0409, 0x040B, 0x040E, 0x0410, 0x0414, 0x0416, 0x0417, 0x041B, 0x041E, 0x0421, 0x0422, 0x0423,
    0x0424, 0x0425, 0x0427, 0x042A, 0x042D, 0x042F, 0x0430, 0x0431, 0x0432, 0x0433, 0x0434, 0x0435,
    0x0436, 0x0437, 0x0438, 0x0439, 0x043A, 0x043B, 0x043C, 0x043D, 0x043E, 0x043F, 0x0440, 0x0441,
    0x0442, 0x0443, 0x0444, 0x0445, 0x0446, 0x0447, 0x0448, 0x0449, 0x044A, 0x044B, 0x044C, 0x044D,
    0x044E, 0x044F, 0x0450, 0x0451, 0x0452, 0x0453, 0x0454, 0x0455, 0x0457, 0x0458, 0x0459, 0x045A,
    0x045B, 0x045C, 0x045D, 0x045E, 0x045F, 0x0460, 0x0461, 0x0462, 0x0465, 0x0466, 0x0467, 0x0469,
    0x046D, 0x046E, 0x046F, 0x0470, 0x0471, 0x0472, 0x0473, 0x0474, 0x0475, 0x0476, 0x0477, 0x0478,
    0x0479, 0x047A, 0x047B, 0x047C, 0x047D, 0x047E, 0x047F, 0x0480, 0x0481, 0x048B, 0x048C, 0x048D,
    0x048F, 0x0491, 0x0492, 0x0495, 0x0496, 0x0497, 0x0498, 0x0499, 0x049B, 0x049D, 0x049E, 0x049F,
    0x04A0, 0x04A1, 0x04A3, 0x04A5, 0x04A7, 0x04A8, 0x04A9, 0x04AA, 0x04AB, 0x04AC, 0x04AD, 0x04AE,
    0x04AF, 0x04B0, 0x04B1, 0x04B2, 0x04B3, 0x04B4, 0x04B5, 0x04B6, 0x04B7, 0x04B8, 0x04B9, 0x04BB,
    0x04BC, 0x04BD, 0x04BE, 0x04BF, 0x04C1, 0x04C2, 0x04C4, 0x04C5, 0x04C6, 0x04C8, 0x04CA, 0x04CB,
    0x04CC, 0x04CE, 0x04D0, 0x04D1, 0x04D2, 0x04D3, 0x04D4, 0x04D5, 0x04D7, 0x04D8, 0x04D9, 0x04DA,
    0x04DB, 0x04DC, 0x04DD, 0x04DE, 0x04DF, 0x04E3, 0x04E5, 0x04E6, 0x04E7, 0x04E8, 0x04E9, 0x04EA,
    0x04EB, 0x04EC, 0x04ED, 0x04EE, 0x04EF, 0x04F0, 0x04F1, 0x04F2, 0x04F3, 0x04F4, 0x04F5, 0x04F7,
    0x04F9, 0x04FA, 0x04FC, 0x04FD, 0x04FE, 0x04FF, 0x1EA0, 0x1EA1, 0x1EA2, 0x1EA3, 0x1EA4, 0x1EA5,
    0x1EA6, 0x1EA7, 0x1EA8, 0x1EA9, 0x1EAA, 0x1EAB, 0x1EAC, 0x1EAD, 0x1EAE, 0x1EAF, 0x1EB0, 0x1EB1,
    0x1EB2, 0x1EB3, 0x1EB4, 0x1EB5, 0x1EB6, 0x1EB7, 0x1EB9, 0x1EBB, 0x1EBD, 0x1EBF, 0x1EC1, 0x1EC3,
    0x1EC5, 0x1EC7, 0x1ECC, 0x1ECD, 0x1ECE, 0x1ECF, 0x1ED0, 0x1ED1, 0x1ED2, 0x1ED3, 0x1ED4, 0x1ED5,
    0x1ED6, 0x1ED7, 0x1ED8, 0x1ED9, 0x1EDA, 0x1EDB, 0x1EDC, 0x1EDD, 0x1EDE, 0x1EDF, 0x1EE0, 0x1EE1,
    0x1EE2, 0x1EE3, 0x1EE4, 0x1EE5, 0x1EE6, 0x1EE7, 0x1EE8, 0x1EE9, 0x1EEA, 0x1EEB, 0x1EEC, 0x1EED,
    0x1EEE, 0x1EEF, 0x1EF0, 0x1EF1, 0x1EF2, 0x1EF3, 0x1EF4, 0x1EF5, 0x1EF6, 0x1EF7, 0x1EF8, 0x1EF9,
    0x2013, 0x2014, 0x2015, 0x2018, 0x2019, 0x201A, 0x201C, 0x201D, 0x201E, 0x2026, 0x2039, 0x203A,
    0x207E, 0x208E, 0xFB00,
};

static const uint8_t notosans_12_italicKernRightClassIds[] = {
      1,   2,   3,   2,   4,   5,   6,   5,   7,   7,   8,   9,  10,  10,  11,  12,
     10,  10,  13,  14,  15,  16,  16,  17,  18,  19,   4,  20,  21,  21,  21,  22,
     23,  24,  25,  25,  21,  25,  21,  25,  26,  27,  25,  28,  28,  28,  29,   4,
     30,  31,   9,   9,   9,   9,   9,   9,  32,  10,  10,  10,  10,  10,  10,  10,
     15,  15,  15,  15,  18,  24,  21,  20,  20,  20,  20,  20,  20,  21,  21,  21,
     21,  21,  25,  21,  21,  21,  21,  21,  21,  25,  25,  25,  25,  28,  28,   9,
     20,   9,  20,   9,  20,  10,  21,  10,  21,  10,  21,  10,  21,  21,  21,  21,
     21,  21,  21,  21,  10,  23,  10,  23,  10,  23,  10,  23,  33,  34,  24,  25,
     25,  25,  25,  25,  10,  21,  10,  21,  10,  21,  10,  21,  25,  25,  26,  26,
     26,  26,  14,  27,  14,  27,  14,  27,  15,  25,  15,  25,  15,  25,  15,  25,
     15,  25,  15,  25,  16,  28,  18,  28,  18,  19,  29,  19,  29,  19,  29,  10,
     21,  15,  25,   9,  20,  32,  20,  10,  21,  26,  14,  27,  35,  36,  37,  38,
     39,  35,  40,  41,  42,  43,  44,  39,  36,  36,  35,  40,  45,  43,  46,  35,
     44,  47,  48,  49,  48,  50,  51,  48,  52,  50,  53,  53,  54,  55,  54,  54,
     48,  54,  54,  48,  54,  56,  48,  57,  53,  58,  53,  53,  59,  53,  53,  52,
     54,  60,  48,  48,  61,  50,  48,  62,  63,  64,  55,  54,  61,  54,  53,  65,
     53,  66,  67,  68,  69,  41,  70,  69,  69,  44,  50,  46,  69,  71,  72,  66,
     67,  66,  67,  71,  72,  71,  72,  71,  72,  66,  67,  71,  72,  69,  68,  61,
     69,  69,  68,  69,  43,  50,  44,  50,  69,  69,  68,  61,  73,  59,  69,  69,
     69,  71,  72,  71,  72,  35,  69,  74,  75,  74,  75,  43,  52,  73,  59,  46,
     58,  46,  58,  69,  76,  77,  76,  77,  43,  52,  69,  78,  70,  69,  69,  46,
     58,  69,  41,  79,  41,  79,  41,  79,  72,  80,  50,  80,  50,  43,  52,  44,
     50,  69,  69,  71,  72,  71,  72,  71,  72,  44,  52,  40,  56,  40,  56,  40,
     56,  46,  58,  69,  53,  68,  43,  52,  43,  52,   9,  20,   9,  20,   9,  20,
      9,  20,   9,  20,   9,  20,   9,  20,   9,  20,   9,  20,   9,  20,   9,  20,
      9,  20,  21,  21,  21,  21,  21,  21,  21,  21,  10,  21,  10,  21,  10,  21,
     10,  21,  10,  21,  10,  21,  10,  21,  10,  21,  10,  21,  10,  21,  10,  21,
     10,  21,  15,  25,  15,  25,  15,  25,  15,  25,  15,  25,  15,  25,  15,  25,
     18,  28,  18,  28,  18,  28,  18,  28,   6,   6,   6,  81,   2,   5,  81,   2,
      5,   5,  30,  31,  82,  83,  22,
};

static const uint16_t notosans_12_italicKernRowOffsets[] = {
        0,     2,    32,    35,    50,    65,    78,    84,    85,    88,    96,    97,   100,   102,   109,   115,
      116,   132,   134,   146,   160,   163,   164,   165,   168,   169,   171,   172,   177,   179,   182,   185,
      192,   200,   204,   205,   211,   213,   214,   217,   224,   230,   244,   252,   268,   297,   307,   312,
      314,   321,   340,   369,   393,   407,   421,   437,   450,   466,   485,   486,   502,   511,   519,   524,
      532,   542,   558,   567,   579,   597,   614,   623,   628,   636,   638,   650,   652,   659,   671,   695,
      699,   717,   721,   729,   736,   738,   753,   755,   758,   759,   760,
};

static const uint8_t notosans_12_italicKernSparseCols[] = {
     70,  71,   8,  13,  15,  17,  19,  20,  22,  24,  25,  33,  34,  36,  38,  39,
     40,  41,  42,  43,  45,  49,  54,  55,  60,  62,  64,  68,  69,  71,  77,  78,
     13,  15,  17,  11,  21,  23,  34,  37,  38,  41,  42,  43,  44,  55,  60,  62,
     63,  64,   9,  13,  14,  15,  17,  34,  44,  45,  57,  58,  65,  70,  72,  73,
     75,  13,  34,  39,  41,  42,  45,  54,  55,  56,  57,  58,  64,  72,   1,   9,
     11,  13,  15,  17,   4,   2,   9,  29,   4,   8,  13,  15,  16,  17,  18,  36,
     11,   4,   7,   8,   9,  29,   1,   9,  13,  14,  15,  17,  29,   2,   4,   8,
     16,  18,  29,  29,   2,   4,   5,   7,   8,   9,  13,  19,  20,  22,  24,  25,
     27,  28,  29,  30,   4,   8,   2,   4,   7,   8,   9,  19,  20,  22,  24,  25,
     29,  30,   2,   4,   7,   8,   9,  19,  20,  22,  24,  25,  28,  29,  30,  31,
      2,   9,  29,  11,   1,   1,  27,  28,   1,   1,   3,  20,   1,   4,  19,  20,
     22,   1,   3,   1,   4,   7,  11,  13,  17,  13,  15,  17,  34,  39,  45,  72,
     13,  15,  17,  34,  39,  42,  45,  72,  11,  13,  15,  17,   3,   0,   1,   3,
      7,  32,  80,   3,  33,  11,   1,   3,   7,   7,  12,  13,  15,  16,  17,  20,
      1,  21,  25,  26,  27,  80,   1,   4,   7,   8,  10,  12,  13,  15,  16,  17,
     19,  20,  24,  80,   1,   4,   7,  21,  25,  26,  27,  80,   1,   3,   4,  34,
     35,  39,  42,  44,  45,  46,  51,  55,  57,  58,  64,  80,   3,   4,   5,   6,
     30,  34,  35,  38,  40,  41,  43,  44,  46,  47,  49,  50,  51,  52,  53,  54,
     55,  56,  57,  58,  59,  60,  61,  62,  64,  29,  35,  37,  44,  45,  47,  50,
     57,  70,  75,   4,  44,  45,  57,  80,  37,  63,   1,  34,  39,  45,  57,  58,
     80,   3,   4,   5,  29,  35,  37,  41,  44,  45,  47,  50,  52,  55,  57,  58,
     62,  64,  70,  75,   4,   5,   6,  29,  30,  35,  38,  40,  41,  44,  46,  47,
     48,  49,  50,  52,  53,  54,  57,  59,  60,  61,  62,  69,  70,  71,  75,  76,
     77,   1,  34,  35,  37,  38,  39,  44,  45,  47,  48,  50,  52,  54,  55,  57,
     58,  64,  65,  67,  72,  73,  75,  79,  80,   1,  35,  40,  42,  44,  45,  51,
     55,  56,  57,  58,  64,  75,  80,   4,  34,  36,  39,  40,  42,  43,  44,  45,
     46,  51,  57,  65,  73,   3,  34,  35,  37,  38,  40,  41,  42,  44,  45,  54,
     55,  57,  58,  63,  64,   4,  34,  39,  40,  42,  43,  45,  46,  57,  65,  69,
     72,  73,   4,   5,  29,  34,  38,  39,  40,  41,  42,  43,  46,  47,  50,  54,
     69,  77,   3,   4,   6,  34,  36,  38,  39,  40,  41,  42,  43,  45,  46,  54,
     65,  69,  72,  73,  77,  34,   1,   4,  34,  39,  42,  45,  49,  51,  55,  56,
     57,  58,  59,  61,  64,  80,   4,  34,  45,  49,  51,  55,  57,  58,  64,   1,
     34,  45,  47,  50,  55,  57,  64,   1,   4,  34,  42,  56,  34,  45,  47,  50,
     54,  57,  71,  76,   4,   5,  34,  45,  47,  48,  50,  52,  57,  80,   1,   4,
     34,  39,  42,  45,  49,  51,  55,  56,  57,  58,  59,  61,  64,  80,   1,  34,
     42,  45,  55,  57,  58,  64,  80,   4,   5,  34,  38,  40,  42,  47,  50,  54,
     59,  69,  80,   1,   3,  34,  37,  38,  40,  41,  42,  44,  45,  52,  54,  55,
     57,  58,  63,  64,  80,   1,  34,  35,  38,  45,  48,  51,  52,  55,  56,  57,
     58,  64,  66,  74,  76,  80,   1,  34,  37,  55,  57,  58,  63,  64,  80,  34,
     39,  47,  50,  57,   1,   3,  34,  39,  42,  60,  62,  80,  37,  63,   4,   5,
     34,  38,  40,  42,  47,  50,  54,  59,  69,  80,   4,  69,   1,  34,  45,  58,
     65,  72,  73,   1,  55,  57,  58,  59,  64,  66,  68,  71,  74,  76,  78,   4,
      5,  29,  30,  34,  40,  44,  49,  51,  55,  57,  58,  59,  61,  64,  66,  68,
     69,  70,  71,  74,  75,  76,  77,   4,   5,  69,  71,   4,   5,  34,  40,  44,
     49,  51,  57,  60,  61,  68,  69,  70,  71,  72,  75,  76,  77,   4,  66,  69,
     71,   1,  55,  57,  58,  64,  66,  74,  76,  37,  44,  57,  58,  70,  75,  76,
     57,  71,   4,  40,  44,  49,  57,  59,  60,  68,  69,  70,  71,  76,  77,  78,
     79,   4,  69,  34,  65,  73,  81,  82,
};

static const int8_t notosans_12_italicKernSparseValues[] = {
      -8,   -8,  -28,    8,    8,    4,  -16,  -24,  -12,  -12,  -12,   28,    8,   12,  -20,   12,
     -28,  -24,   12,   16,    8,    4,  -12,    8,   16,   16,    8,   -4,  -28,  -24,  -24,   -8,
     -24,  -16,  -24,   36,   16,   16,   12,   44,   -4,   16,    8,   12,   -8,   12,   16,   12,
      36,   12,  -20,  -28,   -8,  -24,  -24,  -24,  -16,  -32,  -24,  -20,  -24,  -20,  -28,  -24,
     -24,  -16,  -16,   -8,   -4,   -8,  -20,   -4,   -4,   -4,   -8,   -8,   -4,  -16,  -28,   -8,
      30,  -20,   -4,  -12,   -8,   -4,   -8,   -8,  -16,   -8,  -12,   -4,   -8,   -4,   -4,   -4,
      24,  -24,    8,   -8,   -8,   -8,  -32,   -8,  -16,   -4,   -8,  -16,  -16,   -8,  -52,  -20,
      -8,   -4,   -4,   -4,   -8,  -24,  -16,    8,  -20,   -8,    4,  -32,  -28,  -28,  -20,  -24,
      -8,  -16,  -24,  -16,   -8,   -4,   -4,  -20,    8,   -4,   -4,   -8,   -8,   -4,   -4,   -4,
     -16,   -8,  -12,  -24,    8,  -12,   -8,  -20,  -20,   -8,  -12,  -16,   -8,  -16,  -16,   -8,
      -8,   -4,   -4,   36,   -4,   -4,   -8,   -4,    8,   24,   16,   -8,   16,  -48,   -8,   -8,
      -4,    8,    8,   16,  -16,    8,   24,   -8,   -4,  -16,   -8,  -16,  -16,   -4,   -8,  -12,
     -24,  -16,  -16,  -24,   -8,   -8,  -24,  -16,   40,  -20,   -4,  -12,   16,   24,   28,   34,
      32,   28,   16,   16,   44,   20,   16,   24,    8,   12,    8,   12,   16,   12,   24,    8,
       8,   16,    8,   16,   20,   24,    8,  -16,   20,   -8,   12,    8,   28,   32,   24,   32,
      -8,    4,   -4,    8,    8,   -4,    8,   20,    8,   20,   20,   20,  -32,   -4,   -8,  -28,
      -4,   -8,   -4,   -4,  -32,   -4,   -4,  -12,  -12,  -24,  -12,  -28,   12,  -24,  -16,   -8,
     -16,    4,   -8,  -24,  -20,  -24,    4,  -14,   -4,  -28,  -12,  -40,  -12,  -12,  -12,  -28,
      -8,  -12,  -20,   -8,  -12,   20,  -12,    8,  -16,   -8,   -4,    8,   -8,   -4,   -4,   -4,
      -8,   -8,   -8,   -4,   -4,   -8,   -6,   -4,   20,   12,  -32,  -28,   -8,  -32,  -12,  -20,
     -20,    8,   -4,  -12,   -8,  -10,    8,    4,  -16,   -8,   -4,   -8,   -4,   -4,  -12,   -4,
       4,   -4,   -8,  -20,  -32,   -8,   -8,  -16,   -8,   -8,  -32,  -32,  -28,  -12,  -12,  -12,
      -8,   -4,  -24,   -4,   -8,  -20,   -8,   -4,   20,   -8,    8,  -16,   -4,   -8,   -8,  -12,
     -20,  -28,  -24,  -16,   12,    8,   -8,  -16,  -36,   -4,   -4,   -4,   -4,    8,  -12,  -24,
     -24,  -12,  -16,   -8,  -20,  -24,  -20,   -8,  -28,   -8,   -4,   -4,   -4,   -4,   -8,   -4,
     -12,   -4,  -12,  -16,  -12,   -8,   -8,   -8,   -8,   -4,   -4,   -4,   -4,   -4,   -4,   -8,
      -4,   -4,   -4,   -4,   -4,   16,   -4,   -4,   48,   12,    6,   12,    4,   -4,  -12,   16,
      12,  -16,   -8,   40,   12,  -16,  -16,  -16,   -8,  -10,   -4,   -8,   -4,   -4,   -4,   -4,
      -4,   -4,  -52,   -4,   -4,   -8,  -20,  -12,  -20,  -20,  -12,   -4,   -4,   -4,   -4,  -16,
     -20,  -24,   -8,  -16,   -4,  -20,   -4,   -8,  -24,   -8,   -6,  -16,   -8,   -8,  -12,   -8,
      -4,   -4,   -8,  -12,   -8,  -12,   -4,   -8,  -44,  -12,   -4,  -12,   -4,   -8,  -16,   -8,
      -8,   -8,   -4,   -4,  -16,   -8,   -8,  -24,   -4,   -4,   -4,  -12,   -8,   -4,  -12,   -4,
     -20,   -4,   -4,   -4,   -8,   -4,   -8,   -4,   -8,   -8,   -4,   -4,  -16,   -4,   -8,   -8,
       4,   -8,   -8,   -8,   -4,   -8,  -12,   -4,   -8,   -4,   -8,   -6,   -4,    4,   -4,   -8,
     -28,  -12,   -4,  -12,   -4,   -8,  -16,   -8,   -8,   -8,   -4,   -4,  -16,   -8,  -12,  -16,
      -4,   -8,  -20,   -8,   -8,  -20,  -16,  -16,   -4,   -8,  -12,   -4,   -4,  -12,  -12,  -20,
      -4,   -8,    8,   -8,   16,  -20,   52,   16,    8,   16,    8,   -8,  -16,   -4,    8,    4,
      -8,   -8,   20,    4,  -12,  -24,  -36,  -12,    4,  -48,   -4,   -6,   -4,  -24,   -2,  -28,
     -28,  -24,   -8,  -12,   -8,  -36,  -12,  -36,   32,  -16,   -8,   -8,    8,  -16,  -16,  -12,
      -8,   -4,   -4,   -8,   16,   12,    8,    8,    4,    8,    4,   16,   32,   12,  -16,   -4,
     -16,  -12,   -4,   -4,  -12,  -12,  -20,   -4,   -8,    8,  -16,   -8,  -16,  -16,  -24,   -8,
     -12,  -20,  -12,  -28,  -12,  -12,  -20,   12,  -12,   -8,   -4,   -8,   -8,   -8,   -8,  -24,
     -16,  -24,  -16,    4,  -20,  -16,   -8,   -8,  -16,  -20,  -16,  -12,  -24,  -16,   -8,  -20,
     -24,   -8,  -28,  -16,  -20,  -28,  -20,  -20,   -8,  -12,   -4,  -20,   -8,    8,  -24,  -12,
      -8,   -8,  -20,    8,  -12,  -12,  -20,   -8,  -16,    8,   -8,  -12,  -16,  -12,   20,  -12,
      -8,  -28,   -8,  -32,  -20,   -8,   -8,   -8,   -8,   88,  -12,  -16,   -8,   -8,  -12,   -8,
      -4,   -4,  -24,  -24,  -12,  -16,  -16,   -8,    8,  -12,  -20,   -8,  -20,  -16,  -16,  -16,
      -4,  -16,   -4,   -8,   -4,   -4,   21,   20,
};

static const EpdLigaturePair notosans_12_italicLigaturePairs[] = {
    { 0x00660066, 0xFB00 }, // f f -> U+FB00
    { 0x00660069, 0xFB01 }, // f i -> U+FB01
    { 0x0066006C, 0xFB02 }, // f l -> U+FB02
    { 0xFB000069, 0xFB03 }, // U+FB00 i -> U+FB03
    { 0xFB00006C, 0xFB04 }, // U+FB00 l -> U+FB04
};

static const EpdFontData notosans_12_italic = {
    notosans_12_italicBitmaps,
    notosans_12_italicGlyphs,
    notosans_12_italicIntervals,
    18,
    34,
    27,
    -8,
    true,
    notosans_12_italicGroups,
    13,
    nullptr,
    nullptr,  // kernLeftClasses: built-in fonts use the split arrays below
    nullptr,  // kernRightClasses
    notosans_12_italicKernLeftCodepoints,
    notosans_12_italicKernLeftClassIds,
    notosans_12_italicKernRightCodepoints,
    notosans_12_italicKernRightClassIds,
    nullptr,  // kernMatrix: built-in fonts use the sparse form below
    notosans_12_italicKernRowOffsets,
    notosans_12_italicKernSparseCols,
    notosans_12_italicKernSparseValues,
    471,
    471,
    90,
    83,
    notosans_12_italicLigaturePairs,
    5,
};
