/**
 * generated by fontconvert.py
 * name: notosans_16_italic
 * size: 16
 * mode: 2-bit  compressed: true
 * Command used: fontconvert.py notosans_16_italic 16 ../builtinFonts/source/NotoSans/NotoSans-Italic.ttf --2bit --compress --pnum --zopfli --mono
 */
#pragma once
#include "EpdFontData.h"

static const uint8_t notosans_16_italicBitmaps[21032] = {
    0xAD, 0x99, 0x51, 0x6E, 0xEB, 0x3A, 0xAF, 0x85, 0x3F, 0x80, 0xAF, 0x07, 0xE0, 0x54, 0xF6, 0x00,
    0x0C, 0x70, 0xEA, 0x04, 0x3A, 0x80, 0x4E, 0x85, 0x40, 0x5F, 0x09, 0xAC, 0x1B, 0x49, 0xB6, 0x13,
    0xD7, 0x6D, 0xFB, 0x9F, 0x7D, 0x8F, 0xAD, 0xF5, 0x11, 0x6D, 0x64, 0x59, 0xA4, 0x65, 0x51, 0x51,
    0x00, 0x02, 0x21, 0x7A, 0x9C, 0xD6, 0x56, 0xFB, 0x99, 0xBE, 0x4E, 0x9C, 0x75, 0x6C, 0x7B, 0xB5,
    0xF0, 0x0A, 0xCF, 0xDE, 0x0B, 0xB5, 0x4A, 0x50, 0xDB, 0xAC, 0x54, 0x27, 0xDB, 0x06, 0xCB, 0xF2,
    0xA0, 0xED, 0xF4, 0xC4, 0x25, 0x29, 0x27, 0x59, 0xC4, 0xD9, 0x38, 0x18, 0x3B, 0xFB, 0x68, 0x4C,
    0x92, 0x7A, 0xF1, 0xBB, 0x26, 0xB1, 0x74, 0x0E, 0x7A, 0x06, 0x0C, 0xFB, 0x94, 0xA9, 0x09, 0x09,
    0x6D, 0x61, 0xB5, 0xB1, 0xD4, 0x0F, 0xD5, 0x14, 0x2A, 0x88, 0x06, 0x57, 0x62, 0x2A, 0xEC, 0x6D,
    0xC9, 0xF3, 0x21, 0x9B, 0x6A, 0x8F, 0x94, 0x44, 0xA8, 0x61, 0xE3, 0xA9, 0x06, 0x04, 0x9E, 0xAE,
    0x24, 0xF0, 0xB7, 0x64, 0x23, 0xAC, 0x68, 0x36, 0xAB, 0x61, 0x67, 0x17, 0xEB, 0x41, 0x1E, 0xCC,
    0x98, 0xEC, 0xC1, 0xB7, 0x82, 0xF2, 0xB7, 0x37, 0x65, 0xB9, 0xBF, 0x2B, 0x3B, 0x22, 0xAC, 0xA2,
    0xB7, 0x6D, 0x5C, 0x52, 0x0F, 0x62, 0xD5, 0x0F, 0x7A, 0x4E, 0x4E, 0xBF, 0xB7, 0xC9, 0xA6, 0x3C,
    0xAD, 0x1E, 0xC4, 0x92, 0x0E, 0x1C, 0xD4, 0x04, 0x44, 0x01, 0xCA, 0xE5, 0x34, 0x2E, 0x41, 0x10,
    0xDC, 0x21, 0x08, 0x5B, 0x4E, 0x0F, 0x70, 0x5C, 0xDA, 0xE0, 0xD5, 0x44, 0x64, 0x3C, 0x40, 0x64,
    0x37, 0xFE, 0x56, 0x8D, 0xE9, 0x01, 0x94, 0x03, 0x08, 0x13, 0x91, 0xA1, 0x0C, 0xC9, 0xCB, 0x54,
    0xD6, 0x11, 0xDD, 0x5D, 0x55, 0x05, 0x8D, 0x15, 0x96, 0x78, 0x12, 0xD0, 0xC7, 0x3F, 0x0A, 0xCF,
    0x59, 0x20, 0x8E, 0xB2, 0x41, 0x7F, 0x55, 0xB6, 0x97, 0x3A, 0x0E, 0xEB, 0x31, 0xCF, 0x52, 0xB0,
    0x4A, 0xFF, 0x56, 0x0A, 0xAB, 0xCB, 0x8D, 0x03, 0xE2, 0xD2, 0x3B, 0x01, 0x34, 0x50, 0x53, 0x7F,
    0x28, 0xC2, 0x12, 0x7D, 0x24, 0xB6, 0x8F, 0x50, 0x22, 0x9B, 0x5E, 0x43, 0xC5, 0xB3, 0x89, 0xDC,
    0x30, 0x02, 0xD8, 0xC0, 0xF2, 0x5B, 0xE9, 0xE5, 0xF8, 0xAE, 0x8E, 0x95, 0x97, 0xA7, 0x67, 0x10,
    0x34, 0xB5, 0x5F, 0xB3, 0x49, 0xCD, 0x72, 0x99, 0x00, 0xE8, 0x03, 0x56, 0x07, 0x3C, 0x2F, 0x35,
    0xE2, 0x7F, 0xAF, 0x41, 0x7F, 0x53, 0x43, 0x03, 0x98, 0x20, 0x54, 0x48, 0x65, 0x4D, 0x5B, 0xD1,
    0x9E, 0x53, 0x11, 0x3C, 0x25, 0x50, 0x43, 0xDF, 0x65, 0xB5, 0xE4, 0x43, 0x29, 0x82, 0x78, 0xD0,
    0xD5, 0x98, 0x12, 0x28, 0xBC, 0x50, 0x99, 0x2A, 0x3E, 0x52, 0xEF, 0xB9, 0x79, 0xB2, 0x4A, 0xF0,
    0x2C, 0x7D, 0x29, 0x56, 0x97, 0xB2, 0xFA, 0x5C, 0xC7, 0xF8, 0xD6, 0x7A, 0xF5, 0x92, 0x7F, 0xF0,
    0xE5, 0xFE, 0x4F, 0x81, 0x78, 0xBA, 0x5F, 0xB7, 0x7F, 0x45, 0x02, 0x02, 0xAC, 0xCF, 0x0A, 0x92,
    0x06, 0x1A, 0x0D, 0x80, 0x12, 0x42, 0x0D, 0x92, 0xA0, 0xCE, 0xE8, 0xDE, 0x82, 0x1D, 0x47, 0x3B,
    0x2A, 0x08, 0xB1, 0x83, 0xC8, 0x4B, 0xF7, 0xE8, 0x03, 0x36, 0x51, 0x24, 0x5E, 0x34, 0x91, 0x68,
    0xF9, 0xD7, 0x3C, 0x9B, 0xCF, 0xE3, 0xFD, 0x1E, 0xF0, 0x77, 0x76, 0x44, 0x00, 0x1D, 0x60, 0x15,
    0xE0, 0xB9, 0x41, 0xD0, 0x3B, 0x7A, 0x85, 0xB0, 0xF1, 0xA4, 0x08, 0xEC, 0x01, 0x49, 0xF5, 0x90,
    0x72, 0x02, 0x3C, 0xB9, 0x21, 0x00, 0x97, 0xF2, 0x89, 0x17, 0xF7, 0xB6, 0x81, 0xE6, 0x3E, 0x3C,
    0xA5, 0x1C, 0x28, 0xC0, 0x1B, 0xE0, 0x47, 0x58, 0x1F, 0xFE, 0xEA, 0xEA, 0x6F, 0xF4, 0x3E, 0x71,
    0x37, 0x02, 0xEB, 0xD5, 0xBC, 0xE7, 0x52, 0xC0, 0x9A, 0x66, 0x43, 0x4C, 0x2F, 0xD2, 0x4B, 0x58,
    0xF5, 0xAE, 0x3A, 0xE5, 0xD9, 0x53, 0x91, 0x42, 0x84, 0x1A, 0x57, 0x4E, 0xFF, 0x77, 0x35, 0x30,
    0x5B, 0xBF, 0xDF, 0x41, 0xDF, 0x7F, 0x74, 0xBF, 0x8A, 0x78, 0xF9, 0x08, 0x94, 0xE0, 0x6A, 0x08,
    0x09, 0x9A, 0xD8, 0x51, 0x78, 0x5A, 0x11, 0x30, 0xD1, 0x08, 0x64, 0xB3, 0x5E, 0xEE, 0x11, 0x93,
    0xC0, 0x3B, 0x92, 0x58, 0x35, 0x1F, 0x68, 0xE8, 0x0B, 0xAC, 0xD0, 0x40, 0x64, 0x14, 0xBE, 0x62,
    0xDE, 0x97, 0xF7, 0xB7, 0xAD, 0x69, 0x5F, 0xEF, 0x6F, 0x7C, 0x7A, 0x7F, 0x35, 0xE4, 0x69, 0xED,
    0xE5, 0x6D, 0xEA, 0x46, 0x35, 0xBD, 0xB9, 0x7B, 0x24, 0xD2, 0x1B, 0xCD, 0x26, 0xC1, 0xCA, 0xE7,
    0xC9, 0xFD, 0x38, 0xD7, 0x09, 0x78, 0x12, 0x47, 0xF9, 0xE9, 0xF8, 0x3A, 0x2F, 0x34, 0x00, 0x06,
    0xC4, 0xEE, 0x4E, 0x9D, 0xA6, 0x8F, 0x3E, 0x41, 0xD4, 0xFA, 0x94, 0x68, 0xB0, 0x33, 0x8B, 0x0D,
    0xB9, 0xA4, 0x1E, 0xE2, 0xD3, 0x21, 0xA9, 0x0F, 0x25, 0xD0, 0xC0, 0x33, 0xEA, 0x09, 0x76, 0x6D,
    0x79, 0xB5, 0xA9, 0x24, 0x1A, 0x1B, 0xA6, 0x40, 0x40, 0x01, 0x28, 0x43, 0x2D, 0xF5, 0x1F, 0xC4,
    0xA7, 0xB9, 0xCB, 0x1A, 0x2F, 0x22, 0xAD, 0x0F, 0xE7, 0x20, 0x2E, 0x6E, 0x23, 0xD0, 0xAB, 0xAF,
    0xFB, 0x38, 0xC1, 0x24, 0x15, 0xF8, 0xEE, 0x2C, 0x67, 0xB5, 0x38, 0x66, 0x33, 0x4F, 0x53, 0x3D,
    0x0C, 0xA1, 0xB6, 0x0C, 0x44, 0x59, 0x6E, 0x56, 0xC3, 0xB4, 0x95, 0x0D, 0xE3, 0x39, 0x4C, 0x3D,
    0x4C, 0xFA, 0xC3, 0xE0, 0xA7, 0xA1, 0x9C, 0xC8, 0xA0, 0x3C, 0x23, 0x9B, 0x76, 0x7D, 0xA8, 0x68,
    0xD3, 0x9B, 0x92, 0xE6, 0x0F, 0xFF, 0x9C, 0x5D, 0x8D, 0x9C, 0xC6, 0x0B, 0xFE, 0x80, 0xE9, 0x9C,
    0x10, 0x0B, 0xF6, 0xD1, 0x76, 0xE6, 0x8E, 0x03, 0x36, 0xF1, 0x9E, 0xE0, 0x27, 0xC2, 0x0F, 0xF4,
    0x03, 0x56, 0x13, 0x96, 0x78, 0x5A, 0x2D, 0x84, 0xB4, 0x43, 0x03, 0xCD, 0x70, 0xE3, 0x80, 0x27,
    0x54, 0x24, 0x74, 0x00, 0xAD, 0x01, 0x42, 0x40, 0xBC, 0x4E, 0xFF, 0xF3, 0xB2, 0x2F, 0xB1, 0xEE,
    0x22, 0x89, 0x07, 0x6A, 0x60, 0x7F, 0x7D, 0x3C, 0x89, 0x01, 0xCF, 0x17, 0x40, 0xE4, 0xB1, 0x4C,
    0x5A, 0x33, 0xFF, 0xD9, 0x33, 0x00, 0x17, 0xAB, 0x05, 0x97, 0x8A, 0x28, 0xFE, 0x2C, 0xBF, 0xBF,
    0xCE, 0xAA, 0x37, 0x88, 0x3B, 0xE2, 0x89, 0x04, 0xBC, 0x06, 0x64, 0xBD, 0xEE, 0x43, 0xA8, 0xB8,
    0xFB, 0x1B, 0xD3, 0xB7, 0xE7, 0x9C, 0xA0, 0x81, 0x98, 0xB0, 0xFA, 0x1A, 0xF2, 0x84, 0x3E, 0x60,
    0x13, 0xE5, 0xE0, 0x15, 0xCB, 0x69, 0x7B, 0xFA, 0x9B, 0x48, 0xC5, 0x71, 0xB7, 0x27, 0x7E, 0x9C,
    0xCA, 0x6B, 0x40, 0xEA, 0x81, 0x9A, 0x38, 0x43, 0x72, 0xC7, 0xD5, 0xF3, 0xE7, 0x2D, 0x24, 0xFD,
    0xD5, 0x7D, 0x27, 0xA4, 0x7A, 0xE2, 0xC7, 0xFB, 0xDE, 0xD0, 0x03, 0xE0, 0x4A, 0xD8, 0x97, 0x7E,
    0x4D, 0x14, 0xDB, 0xFF, 0xFE, 0x7C, 0x4D, 0xAD, 0x07, 0x4A, 0x60, 0x2F, 0x08, 0xF0, 0x5C, 0xC8,
    0x07, 0xBC, 0x06, 0x84, 0xD2, 0x9E, 0xF9, 0x2E, 0xC0, 0x6A, 0xD0, 0xF3, 0xC2, 0x6D, 0xB2, 0x0F,
    0x06, 0xAF, 0xB4, 0x9A, 0x94, 0xD4, 0x57, 0x16, 0x34, 0x9E, 0x3B, 0xAD, 0xAE, 0x64, 0xF0, 0xBB,
    0x1B, 0xF6, 0x24, 0xA1, 0x22, 0x94, 0x47, 0xDE, 0xBD, 0xC8, 0xF3, 0xAE, 0xE0, 0xAA, 0x0D, 0xE8,
    0x4F, 0x2A, 0x08, 0x25, 0x52, 0xF2, 0x57, 0x8D, 0x4E, 0xF5, 0x4D, 0x3F, 0x36, 0x15, 0xC9, 0x9B,
    0x40, 0x0D, 0x2A, 0xE0, 0x78, 0xB3, 0x7B, 0x85, 0x2F, 0x96, 0xCB, 0x71, 0x24, 0x56, 0x1B, 0xF0,
    0x82, 0x8E, 0xDC, 0x1F, 0xDF, 0x47, 0x83, 0xE9, 0x44, 0x37, 0x78, 0xC6, 0x09, 0xCF, 0x1D, 0x78,
    0x11, 0xD8, 0x89, 0x97, 0x66, 0xF5, 0x57, 0x6E, 0x58, 0x82, 0x7F, 0xD6, 0x6B, 0x33, 0x52, 0x0E,
    0x49, 0x82, 0x48, 0xF0, 0x26, 0xEA, 0x34, 0x51, 0x87, 0x51, 0x31, 0xD4, 0x05, 0x1F, 0xD3, 0xD8,
    0x32, 0xFE, 0x96, 0x54, 0xE1, 0xEF, 0x69, 0xD5, 0x84, 0xBF, 0x9A, 0x5E, 0xA6, 0x82, 0x99, 0x5B,
    0x02, 0x7F, 0x98, 0x9C, 0xC6, 0x77, 0x43, 0xE0, 0x6C, 0x41, 0x13, 0x44, 0x5F, 0x4C, 0x3D, 0xCD,
    0xB6, 0x66, 0xF8, 0xC6, 0xB1, 0x3A, 0x7C, 0x9F, 0xC1, 0x3D, 0x58, 0x83, 0x3A, 0x99, 0x74, 0xE3,
    0x07, 0x6B, 0x5D, 0x1F, 0x07, 0xB1, 0xF2, 0x8C, 0x83, 0x39, 0xF8, 0xFC, 0xBC, 0x1F, 0x64, 0x10,
    0xBA, 0x89, 0x83, 0x51, 0x17, 0x6E, 0xE0, 0x45, 0x4F, 0x42, 0xF4, 0xBE, 0x66, 0x3D, 0x32, 0x9B,
    0xD2, 0x1A, 0x1A, 0xB4, 0x77, 0xD8, 0x17, 0x13, 0x22, 0x23, 0xC1, 0x33, 0xB8, 0x32, 0x76, 0x6A,
    0x90, 0xCF, 0xD4, 0xE1, 0x34, 0xD8, 0x83, 0x89, 0xD7, 0x28, 0x91, 0xB8, 0xCE, 0x6C, 0x02, 0xA1,
    0x1C, 0xEC, 0x81, 0x73, 0xD9, 0x18, 0x44, 0xD2, 0x78, 0xDE, 0xF3, 0x9A, 0xD7, 0x99, 0x3D, 0x07,
    0xF4, 0x32, 0xF3, 0xBA, 0xFA, 0xDF, 0xCD, 0x7B, 0xFF, 0x51, 0x1C, 0xFC, 0xBF, 0x8B, 0x03, 0xBE,
    0x58, 0x83, 0xD6, 0x83, 0x2C, 0x6A, 0x32, 0xF2, 0x53, 0xAC, 0xF2, 0x8C, 0x55, 0xFD, 0x16, 0x2B,
    0x7F, 0xC6, 0xEA, 0xFE, 0x1A, 0x4F, 0x60, 0x3F, 0xBD, 0xCB, 0xA6, 0x22, 0x24, 0x24, 0x59, 0xF3,
    0xCF, 0x39, 0xED, 0xEC, 0xB2, 0xA1, 0xE6, 0xB9, 0x4A, 0xF5, 0xF3, 0x8F, 0x04, 0xBF, 0x4D, 0x56,
    0x49, 0x64, 0x9B, 0x90, 0x1A, 0xAD, 0xA6, 0xCF, 0xE3, 0x3E, 0x25, 0xE6, 0xDF, 0xCD, 0x25, 0xF5,
    0x6C, 0xE2, 0x5C, 0x0F, 0x6C, 0x03, 0xED, 0xF9, 0x19, 0x56, 0xCE, 0x03, 0x71, 0x83, 0x67, 0x7F,
    0x8D, 0xE0, 0x82, 0x46, 0x58, 0xA3, 0x8C, 0x22, 0xCE, 0xAF, 0x26, 0x0D, 0x56, 0x0D, 0x5E, 0xE7,
    0x65, 0x13, 0x6C, 0xA0, 0x73, 0x4E, 0x7E, 0x99, 0x98, 0x0F, 0x04, 0x07, 0x1A, 0x7C, 0x62, 0xFA,
    0xF3, 0x36, 0xF0, 0x9E, 0x07, 0xC4, 0x81, 0x3E, 0x60, 0xC5, 0xB9, 0x53, 0x54, 0xD8, 0x30, 0x3D,
    0x8C, 0x55, 0xE3, 0xBB, 0xD9, 0xF0, 0x6C, 0xE2, 0x34, 0x41, 0xB3, 0x2D, 0xD3, 0xDB, 0x00, 0x35,
    0x8D, 0x2D, 0xB3, 0x96, 0xDA, 0xED, 0xBB, 0x61, 0xF3, 0xA4, 0x63, 0x99, 0x8D, 0x08, 0xE8, 0x3E,
    0xCD, 0x06, 0x5D, 0x44, 0x83, 0x8A, 0x28, 0x50, 0x5E, 0x0C, 0x44, 0x9E, 0xE6, 0x4C, 0xD2, 0x7B,
    0x09, 0xB0, 0x42, 0x93, 0x0D, 0x94, 0x15, 0xD0, 0x9E, 0x83, 0x31, 0x18, 0xC1, 0x60, 0x4F, 0xD6,
    0xF3, 0xAD, 0x89, 0x49, 0xD5, 0x49, 0xAB, 0x66, 0x8F, 0x39, 0xC1, 0xE2, 0xF3, 0x65, 0xAC, 0xC1,
    0xFD, 0x9E, 0x93, 0x02, 0x2F, 0x2E, 0x0F, 0xE8, 0xF6, 0x6C, 0x7C, 0x22, 0x2F, 0xA3, 0xC2, 0xDE,
    0x0A, 0x4C, 0x79, 0x02, 0xA0, 0x4F, 0x14, 0x60, 0x77, 0xE0, 0x79, 0x01, 0x21, 0xF5, 0x65, 0xCB,
    0xC5, 0xEB, 0xB6, 0x51, 0x65, 0x3D, 0xF0, 0xFF, 0xFC, 0xBF, 0xD4, 0x27, 0x0A, 0x5C, 0xA3, 0x84,
    0x9E, 0x3B, 0x93, 0xDB, 0x6D, 0x33, 0xF1, 0x2C, 0xC7, 0x53, 0xFA, 0x61, 0x47, 0x53, 0x8D, 0x8A,
    0x71, 0xF6, 0x79, 0x6E, 0x6C, 0xC4, 0x79, 0xFA, 0x38, 0x73, 0x9D, 0xB6, 0xCE, 0x3A, 0xFA, 0xA0,
    0x67, 0x4B, 0xBF, 0xF7, 0x80, 0x1F, 0xF6, 0x54, 0x55, 0xA3, 0x60, 0x79, 0x46, 0x60, 0xA2, 0x81,
    0xD8, 0x80, 0x2D, 0x80, 0x76, 0xE0, 0xFC, 0x66, 0xB6, 0xFA, 0x91, 0x3C, 0x00, 0x3D, 0xB0, 0x3D,
    0x5F, 0xC0, 0xDC, 0xB7, 0x8E, 0xB2, 0x97, 0x0F, 0x69, 0x89, 0x97, 0x23, 0x85, 0x29, 0xC2, 0xCB,
    0x3A, 0xF2, 0x21, 0x98, 0xEA, 0x29, 0xAB, 0xA7, 0x7C, 0x57, 0x64, 0xA3, 0x94, 0x29, 0x43, 0xEF,
    0xE9, 0xED, 0xF9, 0xF3, 0xB4, 0x16, 0x65, 0xA5, 0xB6, 0x8F, 0x0F, 0x99, 0x08, 0xEB, 0x87, 0x8A,
    0xF0, 0xA1, 0x3C, 0x74, 0xD9, 0xE1, 0xE8, 0x60, 0xF6, 0xA5, 0x54, 0x51, 0x2D, 0x65, 0x45, 0x83,
    0x0B, 0xA4, 0x34, 0x45, 0x7A, 0x41, 0x5C, 0xF7, 0x7A, 0x7E, 0x94, 0x72, 0x23, 0xD4, 0x98, 0x8A,
    0x4F, 0xA3, 0xF7, 0x8E, 0x00, 0xAF, 0x00, 0x29, 0x30, 0x45, 0xE0, 0xB5, 0xF2, 0x5E, 0x5F, 0x33,
    0x4A, 0x73, 0xCF, 0x57, 0x27, 0x66, 0x75, 0x25, 0xB2, 0x07, 0x46, 0x98, 0x98, 0x71, 0x7A, 0xF0,
    0xC5, 0x09, 0xCF, 0x48, 0xCB, 0xC0, 0xA7, 0x9E, 0xB9, 0x24, 0x7F, 0x74, 0xC2, 0x97, 0x13, 0x6A,
    0x96, 0x3F, 0x56, 0x7F, 0xBE, 0x5E, 0x30, 0x48, 0xE0, 0x0B, 0xFD, 0xEB, 0xD7, 0xB0, 0x3B, 0xFE,
    0xFD, 0xD7, 0x30, 0x4D, 0xD4, 0x40, 0x02, 0x58, 0xDB, 0xEE, 0xBC, 0xDE, 0xDF, 0xD3, 0x1A, 0xA5,
    0x7F, 0x9D, 0x22, 0xFA, 0x02, 0x3B, 0x31, 0xAB, 0xC7, 0x03, 0xA9, 0xC2, 0xF5, 0x51, 0x98, 0xEC,
    0xEB, 0x67, 0x96, 0x08, 0xA4, 0x86, 0x63, 0x52, 0xF8, 0x25, 0xDD, 0xD6, 0x31, 0x2E, 0xFB, 0xA7,
    0x71, 0xD9, 0xC1, 0x67, 0x59, 0xF5, 0x8B, 0x08, 0x44, 0xB0, 0x8E, 0xFB, 0xAF, 0x71, 0xE9, 0xC4,
    0x7E, 0xF6, 0x3C, 0xCF, 0xF5, 0xC0, 0xB4, 0xE7, 0xF1, 0x5D, 0x27, 0xC1, 0x3E, 0xEB, 0xDF, 0x7F,
    0x8D, 0x53, 0x2D, 0xFD, 0x1A, 0x93, 0x19, 0x83, 0xC3, 0x8B, 0xB5, 0x40, 0xB7, 0x6C, 0xFC, 0xAD,
    0x66, 0xB2, 0x76, 0x2D, 0xC5, 0x47, 0xAD, 0x60, 0xD1, 0xBB, 0x16, 0x1B, 0xCF, 0xA1, 0x8B, 0xC3,
    0xFD, 0x55, 0x54, 0xE2, 0x73, 0x54, 0x2A, 0xCA, 0x84, 0x95, 0xDA, 0x95, 0xF6, 0xF1, 0xD1, 0xA1,
    0x32, 0xB1, 0x95, 0xAD, 0xB7, 0xCF, 0x6A, 0x5F, 0xD6, 0xF9, 0x6E, 0x12, 0x2D, 0xD3, 0x78, 0x1E,
    0x86, 0x69, 0x02, 0x6A, 0x1A, 0x3B, 0x4D, 0xB0, 0x9B, 0x3E, 0x8C, 0xE7, 0x61, 0x74, 0x8C, 0x05,
    0xD9, 0x87, 0xCE, 0xB1, 0xE0, 0xF7, 0xB1, 0xA0, 0xC8, 0xCB, 0x38, 0xB8, 0x8F, 0x85, 0xF3, 0xF5,
    0x56, 0x79, 0x59, 0x1D, 0xF5, 0x7F, 0xF9, 0xC5, 0x25, 0x9B, 0xC8, 0x48, 0x3D, 0xE7, 0x28, 0x37,
    0x41, 0xCC, 0x50, 0x47, 0x14, 0x51, 0x56, 0x2F, 0x9B, 0xCA, 0x1A, 0xE8, 0x2B, 0xEA, 0x01, 0xAB,
    0xEB, 0x8A, 0xB9, 0x09, 0x5C, 0x26, 0xFC, 0x5D, 0x8D, 0xBF, 0x29, 0x7F, 0xD9, 0xE5, 0x7A, 0xFE,
    0x36, 0x80, 0xF7, 0x7F, 0x93, 0x19, 0x7E, 0x1B, 0x9A, 0x35, 0xDC, 0x1A, 0x4F, 0xFC, 0xA1, 0xD7,
    0xDF, 0x0B, 0x86, 0xF2, 0x45, 0xBF, 0x6C, 0x29, 0x10, 0x02, 0xA9, 0xF6, 0xEC, 0x90, 0xE7, 0x75,
    0xE7, 0xA2, 0x3E, 0x21, 0x2E, 0x2B, 0xFC, 0x53, 0x65, 0x8D, 0xD4, 0x84, 0x12, 0xFE, 0x79, 0xA6,
    0x61, 0x57, 0x87, 0x5A, 0xEA, 0xCB, 0xAF, 0x91, 0x47, 0x09, 0x6E, 0x45, 0xB8, 0xE6, 0x47, 0x4F,
    0x1D, 0xEB, 0xCC, 0x8B, 0x7E, 0x8C, 0x9C, 0xF4, 0x9E, 0xD1, 0x9E, 0xF7, 0x31, 0x32, 0x14, 0x2C,
    0x35, 0x9B, 0x0D, 0xBD, 0x0C, 0xD2, 0x60, 0x69, 0x83, 0x68, 0x88, 0x3D, 0x8A, 0xC7, 0x97, 0xF2,
    0xD8, 0x69, 0xD5, 0x68, 0xF2, 0x23, 0x3D, 0xDB, 0x16, 0xDF, 0x32, 0x68, 0x5F, 0xB4, 0x6C, 0x3A,
    0x76, 0x56, 0xD1, 0x9B, 0x7D, 0x3C, 0x38, 0xAA, 0xD2, 0x65, 0x4A, 0x34, 0x19, 0x69, 0xE2, 0x20,
    0xD6, 0x70, 0xA6, 0xC0, 0x7C, 0x59, 0x78, 0x84, 0x5D, 0xD6, 0xFB, 0x26, 0xC0, 0xFA, 0x80, 0x0F,
    0x44, 0x00, 0x1A, 0x38, 0x77, 0x9A, 0x3D, 0x3D, 0xCF, 0xD1, 0xDE, 0xDC, 0x33, 0x85, 0xD5, 0x01,
    0xCF, 0x05, 0x27, 0x78, 0x5D, 0xDA, 0xBE, 0x5D, 0xBE, 0x6C, 0xD8, 0x02, 0xD7, 0x1E, 0xDC, 0x13,
    0x5E, 0xB0, 0xE3, 0xFD, 0x53, 0x36, 0x0B, 0xF5, 0x54, 0x72, 0x8E, 0xD1, 0x73, 0x15, 0x72, 0xFE,
    0x2B, 0xBF, 0xFD, 0xD7, 0xB9, 0xE5, 0x83, 0x25, 0x68, 0xEA, 0xFB, 0x5D, 0xB4, 0xEB, 0x30, 0x8F,
    0xA1, 0xFD, 0x2A, 0x2B, 0xE0, 0xD4, 0x0F, 0xA9, 0xA1, 0x76, 0x4F, 0x05, 0xF5, 0xDB, 0xC1, 0x1F,
    0x88, 0x24, 0xEA, 0xF9, 0x33, 0xFD, 0x7D, 0xC1, 0x6A, 0xAB, 0xBF, 0xC2, 0x84, 0xD7, 0x7D, 0xCD,
    0x7A, 0x5E, 0xE4, 0x85, 0x12, 0x81, 0x35, 0x16, 0x4A, 0x97, 0xA4, 0x42, 0x9D, 0x58, 0xFE, 0x1F,
    0x94, 0xD5, 0x41, 0x6A, 0xF5, 0xC8, 0x0E, 0xC5, 0xF1, 0x3F, 0x9C, 0x69, 0x40, 0x5B, 0xB9, 0xF0,
    0xA6, 0x05, 0xDA, 0xBA, 0x20, 0x0B, 0x78, 0x5B, 0x39, 0xD0, 0x53, 0x81, 0xDA, 0x65, 0x17, 0x7C,
    0xB7, 0x43, 0x12, 0xBA, 0x4B, 0x3A, 0x3F, 0x42, 0xCA, 0xB1, 0xEC, 0xC2, 0x10, 0x48, 0xE6, 0xAE,
    0x67, 0x19, 0xCB, 0xAA, 0x5D, 0xF1, 0x14, 0x79, 0x6A, 0x68, 0x1A, 0xF0, 0x9F, 0xE4, 0x14, 0x33,
    0xA5, 0x56, 0x85, 0x21, 0x0B, 0x12, 0xE8, 0x7F, 0x91, 0xAC, 0x26, 0xA7, 0xD1, 0x18, 0xCC, 0x1D,
    0x19, 0x40, 0x03, 0xF7, 0x16, 0x73, 0xA1, 0xE6, 0x85, 0x0C, 0x0F, 0x51, 0xDF, 0x13, 0x33, 0x7E,
    0x83, 0x04, 0x58, 0x9B, 0x7E, 0xE3, 0xFD, 0x26, 0x73, 0xAD, 0x4D, 0x3F, 0xBC, 0xA0, 0x9C, 0xF2,
    0xCC, 0x54, 0xFE, 0x35, 0x24, 0xC9, 0x22, 0x6A, 0xA1, 0x93, 0xD8, 0x21, 0x48, 0xF2, 0xF9, 0x4B,
    0x1B, 0x55, 0x14, 0xF2, 0x45, 0xDC, 0x94, 0x8A, 0x44, 0x66, 0x36, 0x7D, 0x21, 0xC3, 0xDE, 0xA2,
    0x6F, 0x12, 0xE8, 0x05, 0xAC, 0x06, 0xD2, 0x90, 0x33, 0xF5, 0x40, 0x00, 0xE4, 0x61, 0x4F, 0x38,
    0xD0, 0x7C, 0x05, 0xBF, 0x2F, 0x80, 0xAF, 0xBF, 0x23, 0xC6, 0xE4, 0x34, 0xC3, 0x8B, 0x06, 0x0C,
    0x34, 0x30, 0x67, 0xF0, 0x0C, 0x72, 0x56, 0xEC, 0x42, 0xBE, 0x53, 0xAA, 0xD8, 0x76, 0xC2, 0x34,
    0x44, 0x03, 0x3B, 0x79, 0xB2, 0xB0, 0x9A, 0xB9, 0x6F, 0x5D, 0x2C, 0x55, 0xC7, 0x6E, 0x98, 0x86,
    0x73, 0xF6, 0x83, 0x1A, 0x19, 0x92, 0x28, 0x50, 0x25, 0x39, 0x78, 0x31, 0x97, 0x96, 0xC5, 0x72,
    0x14, 0xC7, 0x70, 0x00, 0x51, 0x6F, 0xFA, 0x58, 0x47, 0x96, 0xE5, 0xCB, 0xA5, 0x99, 0x4B, 0x2E,
    0x1D, 0xA8, 0x64, 0x15, 0x44, 0xD1, 0x30, 0x90, 0x9D, 0x06, 0xCD, 0x80, 0xEC, 0xE8, 0xCA, 0xA8,
    0xA5, 0xF2, 0xD3, 0xC1, 0xEE, 0xA4, 0x87, 0xFC, 0x3F, 0x7C, 0x00, 0x81, 0x49, 0x99, 0x8E, 0x92,
    0x93, 0xA8, 0x61, 0x68, 0x52, 0xBE, 0x13, 0x34, 0x51, 0x8D, 0x2A, 0xD9, 0xFB, 0x38, 0x98, 0xB7,
    0x05, 0xE4, 0x77, 0x39, 0xBB, 0xBF, 0x1F, 0x89, 0xC6, 0x78, 0xE9, 0x1C, 0x49, 0xB2, 0x2E, 0xA3,
    0x1E, 0x63, 0xCB, 0x79, 0xA8, 0xD2, 0x34, 0x61, 0x8D, 0xB7, 0xEE, 0xDB, 0x64, 0x3D, 0xAE, 0x7D,
    0xFD, 0x56, 0xE5, 0x00, 0xFE, 0xF7, 0xE3, 0x91, 0xE4, 0x8C, 0x67, 0xA6, 0xD4, 0xE4, 0x54, 0xCB,
    0xE6, 0x4F, 0xB7, 0x9C, 0x53, 0x31, 0xA0, 0xFA, 0x31, 0x73, 0xD6, 0x6F, 0xD7, 0x9C, 0xC5, 0x9C,
    0xC5, 0x58, 0xD3, 0xAA, 0x05, 0x4F, 0x37, 0x32, 0x51, 0xE4, 0xDB, 0x8F, 0xE3, 0x19, 0x6B, 0xCF,
    0xF7, 0x07, 0x06, 0x23, 0xA3, 0xD2, 0xA0, 0x81, 0x28, 0xB4, 0xBB, 0xA2, 0x3A, 0x99, 0x46, 0xA0,
    0x0E, 0x47, 0x2D, 0x7C, 0xDE, 0x35, 0xF9, 0x8A, 0x49, 0x64, 0xFA, 0x2B, 0x51, 0xF8, 0x42, 0x87,
    0xDC, 0xCC, 0x85, 0x86, 0xE8, 0xB8, 0x98, 0xC9, 0x8B, 0xBE, 0x28, 0x20, 0x00, 0xF2, 0x1B, 0xD6,
    0xA6, 0x39, 0xEF, 0x1A, 0x57, 0xF2, 0x4E, 0x6B, 0x67, 0x7E, 0x49, 0x9E, 0xC4, 0x15, 0x5D, 0x81,
    0xF5, 0x9F, 0xB3, 0x66, 0x5A, 0xA5, 0x0A, 0x73, 0xD7, 0x78, 0xA0, 0xE5, 0x74, 0xFB, 0xD3, 0xF2,
    0xBD, 0xB7, 0x8B, 0x5D, 0x89, 0x9A, 0x18, 0x52, 0xB5, 0x54, 0x7E, 0xEF, 0xA0, 0x93, 0x6C, 0xA8,
    0x0F, 0xA2, 0xD6, 0xF9, 0xD6, 0x03, 0x3A, 0xEA, 0x4E, 0xCA, 0x77, 0x3A, 0x9E, 0x4F, 0xB3, 0x92,
    0xA4, 0x69, 0x99, 0x97, 0x0A, 0x72, 0x77, 0xC3, 0x8A, 0x06, 0xE7, 0x42, 0x7E, 0x9D, 0x53, 0x0E,
    0x30, 0x6B, 0xD3, 0xC8, 0xF2, 0xA6, 0x50, 0x05, 0xB9, 0xC7, 0x8C, 0xAA, 0xF7, 0x08, 0x6B, 0x6F,
    0xC7, 0xDA, 0xF3, 0x17, 0x89, 0x9B, 0x25, 0x9B, 0x56, 0xED, 0x91, 0x33, 0x51, 0x9B, 0x3D, 0x2E,
    0x41, 0xD5, 0x9B, 0x67, 0xEE, 0x3D, 0x98, 0x7B, 0x32, 0xF7, 0x68, 0x9E, 0xD9, 0x98, 0x60, 0x9B,
    0xB7, 0xCD, 0x33, 0x7F, 0x5B, 0xA0, 0x8A, 0xCF, 0x29, 0x55, 0xC6, 0x58, 0xD5, 0x81, 0xA3, 0x0C,
    0x46, 0xB7, 0x51, 0xC8, 0x24, 0x44, 0xB1, 0xCE, 0x14, 0x1A, 0x79, 0x77, 0xD4, 0xDD, 0x9C, 0xF9,
    0x33, 0xD5, 0xE8, 0x52, 0x53, 0xD0, 0x31, 0x06, 0x7F, 0xBC, 0xDD, 0x6A, 0x9B, 0xA0, 0x62, 0xA1,
    0x81, 0xDE, 0xCA, 0x10, 0x15, 0xCF, 0xA3, 0xB0, 0x4D, 0xBA, 0xA2, 0x5A, 0xDD, 0x29, 0xCB, 0xD3,
    0xAA, 0xB0, 0x88, 0x5A, 0x86, 0xC4, 0x86, 0xA5, 0x4F, 0x83, 0xE3, 0xB3, 0x90, 0x43, 0x45, 0x54,
    0x4E, 0x13, 0x6C, 0x17, 0x15, 0xD0, 0x10, 0xC8, 0xDB, 0x27, 0x59, 0x27, 0xFC, 0x73, 0x2D, 0xA0,
    0x01, 0x73, 0x9E, 0x05, 0x06, 0xD4, 0xF0, 0xD3, 0xBF, 0xF1, 0x01, 0xB2, 0x86, 0x9C, 0x21, 0xC6,
    0x80, 0x1A, 0xFE, 0x6E, 0xD6, 0x8C, 0x52, 0x24, 0xC7, 0x61, 0x30, 0xFC, 0x83, 0x0E, 0xA0, 0xAB,
    0xEC, 0x01, 0x02, 0xBA, 0xBA, 0xA0, 0x5F, 0x17, 0xEA, 0x2A, 0x82, 0x79, 0x15, 0x68, 0xF1, 0xEF,
    0x58, 0xB4, 0x93, 0xA5, 0xE7, 0x61, 0xC2, 0x90, 0x4C, 0xF9, 0x73, 0x4D, 0x57, 0x22, 0x29, 0xAE,
    0x48, 0xB2, 0xE5, 0x02, 0x08, 0xC3, 0xD4, 0xB7, 0x45, 0x80, 0xFE, 0xA0, 0x16, 0x84, 0xF8, 0x38,
    0xA0, 0x0D, 0xD3, 0x85, 0xE4, 0xB8, 0x13, 0xE2, 0xDF, 0x3D, 0xB4, 0xEA, 0x44, 0x0D, 0xF4, 0xA3,
    0x44, 0x70, 0x80, 0xAD, 0x13, 0x6B, 0xE7, 0xCA, 0xBA, 0xE7, 0x7B, 0xC3, 0x2B, 0x4C, 0x9B, 0xB6,
    0x30, 0x17, 0x73, 0xF4, 0x13, 0x30, 0xD8, 0x1B, 0x4C, 0x93, 0x64, 0xEA, 0x28, 0x6A, 0xD1, 0xE2,
    0x63, 0x92, 0xB8, 0x1C, 0x46, 0x56, 0x13, 0x42, 0xD2, 0x3E, 0x68, 0x93, 0xD6, 0x35, 0x73, 0x70,
    0xAA, 0xA5, 0x99, 0x34, 0x71, 0xD1, 0xAA, 0x9A, 0x45, 0x4E, 0x5F, 0xEB, 0x57, 0xBB, 0x91, 0xCF,
    0xD0, 0x3E, 0x58, 0xFD, 0xF5, 0xDA, 0x82, 0x1F, 0xE0, 0xF1, 0x82, 0x91, 0xA4, 0xA9, 0xA0, 0x97,
    0xC4, 0xB1, 0x4C, 0x23, 0xF8, 0x37, 0x7B, 0x87, 0x93, 0x48, 0xD5, 0x9A, 0xA1, 0x54, 0x74, 0x7F,
    0x2A, 0xEA, 0x7E, 0x5E, 0xC5, 0xA1, 0xDE, 0x7B, 0xF5, 0xD9, 0xDB, 0xEA, 0x7B, 0xAE, 0xCA, 0x5E,
    0x12, 0x14, 0xCF, 0xA4, 0x3B, 0xA5, 0xAF, 0x3E, 0x78, 0xFA, 0xD9, 0x17, 0x84, 0x7D, 0xB2, 0x1F,
    0xA0, 0x5A, 0x5D, 0xBD, 0xCF, 0x2B, 0x0C, 0xB3, 0xAF, 0x96, 0xA0, 0xC5, 0x5B, 0xC8, 0xF3, 0xF3,
    0xC0, 0x3F, 0x73, 0xFC, 0x76, 0xAF, 0x27, 0x0C, 0x77, 0xD4, 0x0D, 0xDB, 0x29, 0xD3, 0x86, 0x81,
    0x92, 0x9C, 0x7A, 0x60, 0x15, 0x67, 0x84, 0x93, 0xFE, 0x18, 0x44, 0xAE, 0x77, 0x45, 0x60, 0x97,
    0xA8, 0x84, 0x4F, 0xBB, 0xFA, 0xE8, 0x99, 0x7F, 0xA3, 0x25, 0xDD, 0xC1, 0x2B, 0x69, 0xC6, 0x40,
    0x10, 0x3F, 0x2C, 0x88, 0x2E, 0x37, 0xD3, 0x2A, 0xAA, 0x6A, 0x6A, 0xF6, 0x7B, 0x8C, 0xC4, 0x2B,
    0x4C, 0xE3, 0xA0, 0x1A, 0xB3, 0x4E, 0x9E, 0xCF, 0x9A, 0xBA, 0xBE, 0xC2, 0xB4, 0x50, 0x3A, 0x83,
    0x9F, 0xEF, 0xF0, 0x8A, 0x01, 0xD3, 0x98, 0xF2, 0x28, 0xF8, 0xD8, 0xBF, 0x47, 0x3B, 0x57, 0x69,
    0xC2, 0x91, 0xDC, 0x9B, 0xFA, 0xBD, 0x19, 0xB6, 0xD6, 0xB3, 0x84, 0x6E, 0xDB, 0xA2, 0x1F, 0x58,
    0x82, 0xFB, 0xE2, 0xFC, 0x7B, 0xBA, 0x79, 0xD2, 0x90, 0xFF, 0xCB, 0xA1, 0x1E, 0x4C, 0x55, 0x7F,
    0x4B, 0xB7, 0x7A, 0x9E, 0x8D, 0xEE, 0xFC, 0xD7, 0xF4, 0x5A, 0x61, 0xA0, 0x08, 0x87, 0xC1, 0x18,
    0xE9, 0x13, 0x09, 0x10, 0x35, 0x60, 0x84, 0xC4, 0x82, 0x55, 0xC2, 0x6A, 0xA1, 0x56, 0x16, 0x21,
    0x84, 0x08, 0x05, 0x34, 0x6C, 0x86, 0x72, 0xA9, 0x3E, 0xDB, 0x31, 0x23, 0x6D, 0xCF, 0x0C, 0xA8,
    0x5F, 0x07, 0x0F, 0xC9, 0x7B, 0xA6, 0x4D, 0xD8, 0x90, 0xB6, 0x18, 0x83, 0xD5, 0x74, 0x64, 0x42,
    0x17, 0xE3, 0xE8, 0xF5, 0x2D, 0xC9, 0x34, 0x65, 0x8B, 0x3E, 0xA8, 0xFD, 0x39, 0xAF, 0x18, 0x64,
    0x54, 0xB0, 0x45, 0x8B, 0x8D, 0x07, 0xBD, 0x21, 0xC9, 0x39, 0xC0, 0x1D, 0x70, 0x27, 0x93, 0x3C,
    0x6E, 0xAE, 0x7B, 0x26, 0x43, 0xEF, 0x59, 0x88, 0x4B, 0xF2, 0xEC, 0x5A, 0x4B, 0xF6, 0x49, 0xE7,
    0x08, 0xF9, 0x4C, 0x7D, 0x3B, 0xED, 0x64, 0x0D, 0xE2, 0xCA, 0x5A, 0xC3, 0x43, 0x97, 0x31, 0x67,
    0x76, 0x0B, 0xBE, 0xA9, 0x4E, 0x63, 0xF3, 0x8B, 0x46, 0xCF, 0xAC, 0x35, 0x48, 0x47, 0xDB, 0x1C,
    0xAF, 0xB7, 0xBC, 0x67, 0x84, 0x3D, 0x0B, 0x3C, 0x63, 0x53, 0xBC, 0xDC, 0x72, 0x0D, 0xE5, 0x7F,
    0xE8, 0x82, 0x34, 0x2E, 0xF4, 0xF5, 0x36, 0x23, 0x06, 0xBF, 0xB2, 0xDF, 0xF3, 0x78, 0xAF, 0xCD,
    0xAC, 0xB1, 0x26, 0x24, 0x0A, 0x1A, 0x43, 0x9B, 0xC6, 0x59, 0x25, 0xB3, 0x73, 0xD5, 0x59, 0x81,
    0x59, 0xED, 0x2A, 0x5A, 0x33, 0xCE, 0x4B, 0x20, 0xC6, 0x75, 0x7C, 0xB2, 0x78, 0x47, 0xC2, 0x94,
    0xF9, 0x61, 0x1A, 0x2C, 0xF4, 0x1D, 0x49, 0x81, 0x9F, 0xD0, 0x80, 0x62, 0x5D, 0x89, 0x77, 0x94,
    0x8C, 0x28, 0x93, 0x31, 0xB8, 0x8A, 0x18, 0xE6, 0x45, 0xBB, 0x8B, 0xAB, 0xFD, 0x24, 0x4B, 0x1D,
    0x05, 0x33, 0xDE, 0x51, 0xF2, 0x8E, 0xE2, 0x7A, 0x47, 0xC6, 0x3B, 0xCA, 0x75, 0x47, 0xD7, 0xC9,
    0x1E, 0x13, 0xE3, 0x6D, 0xB2, 0xD7, 0xF1, 0xF8, 0x18, 0x48, 0xF5, 0x2B, 0x18, 0x85, 0x25, 0xEC,
    0x06, 0xF5, 0xFC, 0x7F, 0x18, 0x36, 0xE4, 0x2C, 0x32, 0x96, 0x5B, 0x30, 0x78, 0x73, 0x24, 0x7B,
    0xB2, 0x67, 0xB7, 0x05, 0xF1, 0x0B, 0x4C, 0xD3, 0x18, 0xE0, 0xE3, 0x71, 0x00, 0x98, 0x22, 0xD5,
    0x5F, 0x60, 0xDA, 0xA6, 0x06, 0x3C, 0xDE, 0x33, 0x60, 0xB7, 0xEF, 0xB3, 0x0F, 0x0A, 0x98, 0xF2,
    0x8E, 0xE9, 0x94, 0x42, 0xC4, 0x74, 0x71, 0x25, 0x7C, 0x33, 0x84, 0x55, 0x25, 0x29, 0x6F, 0x50,
    0x4C, 0x23, 0xA8, 0xE2, 0x0E, 0xF5, 0x0D, 0xB0, 0x0B, 0x5A, 0xC0, 0x5A, 0xD7, 0x03, 0x09, 0xC2,
    0xB8, 0x68, 0xBD, 0x83, 0x26, 0x12, 0x2C, 0x56, 0x16, 0xE1, 0xD0, 0x8A, 0x1F, 0xA4, 0x33, 0xB2,
    0x74, 0x88, 0xD3, 0xD4, 0x2E, 0x2B, 0x18, 0xBE, 0x53, 0x49, 0xF3, 0xAE, 0x1D, 0x48, 0x0C, 0xAA,
    0xF7, 0xFA, 0x36, 0x06, 0x25, 0xD4, 0xC9, 0x18, 0x94, 0x1C, 0x44, 0x81, 0x86, 0x39, 0xF4, 0xFE,
    0xFA, 0x77, 0xD0, 0x14, 0xC5, 0x89, 0xD1, 0xA0, 0xB4, 0xBD, 0x27, 0xF3, 0xCA, 0x0A, 0xD2, 0x49,
    0xF0, 0xE8, 0x59, 0xFC, 0x68, 0x47, 0x5F, 0x8A, 0x95, 0x9A, 0xAA, 0x4C, 0xCA, 0x4C, 0x43, 0xD2,
    0xE6, 0xE6, 0x0C, 0x5B, 0xB2, 0x49, 0x74, 0x83, 0x9E, 0xCD, 0x3C, 0x51, 0x5E, 0x52, 0x6E, 0xF5,
    0x71, 0x4D, 0xF5, 0x2E, 0xEF, 0xF5, 0xD4, 0x33, 0xF0, 0xBC, 0x8E, 0x3A, 0x67, 0xE5, 0xE5, 0xF4,
    0x90, 0x44, 0x3E, 0xAD, 0x83, 0x72, 0xAC, 0x0C, 0x87, 0x25, 0x42, 0xE2, 0x79, 0xF9, 0x1E, 0xF4,
    0x8C, 0x4E, 0xA9, 0xCF, 0x8F, 0x11, 0xC7, 0x47, 0xC5, 0xA9, 0x43, 0xC1, 0xF1, 0xE2, 0xDF, 0x9F,
    0x1F, 0xAB, 0xC3, 0x02, 0x95, 0x47, 0x95, 0x94, 0x55, 0x96, 0x86, 0x96, 0x9B, 0xB9, 0x30, 0xC9,
    0x49, 0x92, 0x81, 0x62, 0x05, 0x3E, 0xE7, 0x82, 0x94, 0x04, 0xE7, 0xDC, 0x4D, 0x9B, 0x8C, 0x41,
    0x3A, 0xB4, 0x7E, 0x12, 0x61, 0xA5, 0x55, 0x61, 0x79, 0x18, 0x1D, 0x15, 0x60, 0x21, 0xDC, 0xB6,
    0xBD, 0x60, 0x7A, 0xDB, 0x6F, 0x5A, 0xF9, 0x01, 0xD6, 0xB2, 0xD7, 0x5E, 0xB0, 0x6F, 0x8B, 0x5A,
    0x36, 0x4B, 0xCA, 0x9C, 0xD0, 0x75, 0xC2, 0x3C, 0xA9, 0x0F, 0xCD, 0x6F, 0x36, 0xA8, 0x9B, 0x8B,
    0x1B, 0x94, 0x2D, 0xA5, 0x30, 0x37, 0x7B, 0xFD, 0xB7, 0x36, 0xEC, 0x7E, 0xC2, 0x28, 0xF0, 0xBC,
    0x0E, 0xC9, 0x19, 0x6D, 0xF5, 0x03, 0x1C, 0xEA, 0x12, 0x12, 0x8F, 0xEB, 0x30, 0x09, 0xB6, 0xA3,
    0xEB, 0xF2, 0x8F, 0xCA, 0x67, 0xA4, 0x0D, 0xE4, 0x8A, 0x74, 0x12, 0xE7, 0x3F, 0xD7, 0xDB, 0xAF,
    0x07, 0x92, 0xFF, 0x20, 0x79, 0x96, 0xF6, 0xAC, 0x03, 0xD0, 0xAD, 0xE0, 0x7B, 0x89, 0xB1, 0x80,
    0x7D, 0x7B, 0xE5, 0x7A, 0xA1, 0x20, 0xE5, 0xFA, 0x71, 0x93, 0x48, 0xC4, 0x9F, 0x88, 0x52, 0x84,
    0x7D, 0x05, 0x1D, 0xFE, 0xCF, 0x4C, 0x02, 0x37, 0xB8, 0xD2, 0xD6, 0x62, 0x5D, 0x57, 0x4D, 0x90,
    0xF3, 0x58, 0xF1, 0xDC, 0x52, 0x18, 0x97, 0xDC, 0xA5, 0x9C, 0xCD, 0x62, 0xEE, 0x40, 0x3A, 0x8A,
    0x42, 0xBF, 0x21, 0x4F, 0x24, 0xD1, 0xD9, 0x3C, 0xE6, 0x7C, 0x5D, 0x8B, 0xE1, 0x24, 0xD7, 0x2A,
    0x9D, 0xE5, 0x7B, 0xD5, 0xBA, 0x15, 0xEF, 0x83, 0xEB, 0xF1, 0x2A, 0xC8, 0xAF, 0x81, 0x5A, 0x73,
    0x03, 0x8D, 0x86, 0x37, 0x68, 0xC6, 0x75, 0x5F, 0x55, 0x88, 0x40, 0xEE, 0x80, 0x5E, 0x1D, 0xF2,
    0xC0, 0xFD, 0x41, 0xAB, 0xE0, 0xB6, 0xB5, 0xA3, 0x83, 0xD8, 0xBD, 0x75, 0x40, 0xF3, 0x3C, 0xA7,
    0xFF, 0xFD, 0x03, 0x11, 0xC8, 0xCD, 0x21, 0x9F, 0xD7, 0xD1, 0x0E, 0xE9, 0x30, 0x71, 0x04, 0xE2,
    0x71, 0x1D, 0x16, 0x46, 0xEF, 0x8A, 0x0A, 0xB8, 0xFA, 0xF3, 0xF2, 0x25, 0xBA, 0xF1, 0x78, 0x58,
    0xBE, 0x76, 0xBB, 0xEE, 0xF6, 0xF7, 0x81, 0x75, 0x88, 0x5F, 0xCF, 0x15, 0x40, 0x4A, 0x7D, 0xD6,
    0xB0, 0xEA, 0x73, 0xD6, 0xAE, 0x74, 0x3E, 0xF9, 0x5A, 0x30, 0x18, 0x43, 0xC5, 0x40, 0x18, 0x4C,
    0xC2, 0x70, 0xA8, 0x1F, 0x38, 0x0C, 0x89, 0x23, 0x99, 0x82, 0x24, 0x26, 0xD4, 0xED, 0x94, 0x94,
    0x95, 0x5C, 0x89, 0xFD, 0x5C, 0x0E, 0x1D, 0x7A, 0xBF, 0xB5, 0x43, 0x39, 0x06, 0x5B, 0xFB, 0x31,
    0xA9, 0x56, 0x7D, 0xDC, 0x52, 0xFD, 0x87, 0xB2, 0xE7, 0x63, 0x3A, 0xF6, 0xF2, 0xE6, 0x17, 0xCB,
    0x9B, 0x8F, 0xEB, 0x50, 0xCF, 0x7D, 0xA2, 0xF3, 0xAC, 0xFC, 0x2E, 0xE6, 0xEF, 0x6B, 0x09, 0xBF,
    0x54, 0x0D, 0x6D, 0x8F, 0x31, 0xB1, 0xA0, 0x3E, 0xA1, 0x30, 0x7C, 0x5F, 0xB3, 0x7C, 0xC5, 0xC2,
    0xC7, 0x01, 0x99, 0xE8, 0x7D, 0xB3, 0x6C, 0x04, 0x71, 0xDB, 0x01, 0xFA, 0x64, 0xEF, 0xD2, 0x38,
    0x7E, 0x5E, 0xD6, 0x34, 0xBE, 0xE6, 0xEC, 0xDE, 0x61, 0x66, 0xE7, 0xC3, 0x67, 0xBE, 0x2C, 0xAD,
    0x81, 0xDC, 0x71, 0xEE, 0xBC, 0x29, 0xE1, 0xF3, 0x74, 0xC6, 0xDA, 0x92, 0x82, 0x7E, 0x2A, 0x87,
    0x4C, 0x6F, 0x15, 0xBF, 0xFD, 0x81, 0xC9, 0xCC, 0xDF, 0xA9, 0x0B, 0xC0, 0xAB, 0x06, 0xF1, 0x3F,
    0xCD, 0x9B, 0x5D, 0x6E, 0xE3, 0x3A, 0x0C, 0x85, 0x0F, 0xC0, 0xD7, 0x02, 0xDC, 0xCA, 0x00, 0xF7,
    0xD5, 0x00, 0xB7, 0x4E, 0xA0, 0x0B, 0xE8, 0x56, 0x08, 0xE4, 0x95, 0xC0, 0xB9, 0x16, 0x2D, 0x2B,
    0xD6, 0xC4, 0x49, 0x3B, 0x33, 0xE9, 0x4C, 0x94, 0xF0, 0x53, 0xEB, 0xC4, 0x16, 0x49, 0xD1, 0xB2,
    0xFE, 0x02, 0x08, 0x09, 0x28, 0x13, 0xC7, 0x64, 0x0D, 0xDC, 0x21, 0x85, 0x0F, 0x07, 0x74, 0xC0,
    0x74, 0x47, 0xAE, 0x90, 0x28, 0x88, 0x43, 0x5D, 0x62, 0x83, 0x91, 0x1D, 0x6C, 0x48, 0x48, 0x48,
    0xEC, 0x50, 0x07, 0xC2, 0x56, 0xA4, 0x61, 0x05, 0x1B, 0x60, 0x6C, 0x12, 0xD8, 0x93, 0x86, 0x82,
    0x34, 0xA1, 0x99, 0x86, 0xA4, 0xF9, 0x2A, 0x40, 0x49, 0x96, 0x48, 0x5C, 0x45, 0xBB, 0x98, 0x27,
    0xE8, 0x14, 0xBA, 0xF1, 0xC3, 0x35, 0xD5, 0x01, 0x71, 0x5D, 0x11, 0x5C, 0x51, 0x86, 0xD2, 0x5F,
    0xC0, 0xDA, 0x37, 0x2C, 0xD0, 0xF7, 0x80, 0x32, 0x20, 0xC4, 0xB3, 0xAD, 0xFE, 0x67, 0x76, 0x01,
    0xE2, 0x00, 0x74, 0x78, 0x76, 0x19, 0x30, 0x2F, 0x3C, 0xCF, 0x44, 0x03, 0x10, 0x80, 0x34, 0xF1,
    0x2E, 0xB9, 0xC9, 0x76, 0x14, 0x57, 0x47, 0x64, 0x3F, 0x74, 0x48, 0x5A, 0x11, 0xC1, 0x84, 0x96,
    0x95, 0x81, 0x1F, 0x9B, 0xA7, 0x72, 0x3A, 0xBB, 0x60, 0xB8, 0x05, 0x4F, 0x60, 0x57, 0xD4, 0xB9,
    0xD1, 0x40, 0xC9, 0xAD, 0x1C, 0x18, 0xA3, 0x1F, 0xB5, 0xAE, 0x7E, 0x02, 0xE2, 0xB3, 0x4A, 0xA4,
    0x0B, 0xCD, 0x8F, 0xDF, 0x2A, 0xD7, 0x7E, 0x22, 0xF4, 0x05, 0xC6, 0x84, 0x30, 0x86, 0xBD, 0xC4,
    0x5E, 0xD3, 0xB2, 0x22, 0x10, 0x2F, 0x60, 0xBE, 0x24, 0xA0, 0xAB, 0x98, 0x55, 0xD8, 0x55, 0xC0,
    0x7D, 0x83, 0xF9, 0x33, 0xF0, 0x12, 0x15, 0x5F, 0xB1, 0x39, 0xC2, 0xF0, 0xF9, 0x56, 0x2F, 0x48,
    0x40, 0x25, 0x56, 0xD0, 0xF7, 0x5B, 0x3E, 0x5F, 0xC1, 0xF4, 0x94, 0x84, 0xA9, 0x57, 0xF1, 0x5A,
    0x2E, 0xF8, 0x06, 0xF3, 0x0D, 0x86, 0x6A, 0x53, 0x21, 0xC3, 0xFC, 0xB9, 0xFA, 0x8D, 0x05, 0x16,
    0x1C, 0x06, 0xAB, 0x36, 0x2D, 0x57, 0xA0, 0xC0, 0x06, 0x2B, 0x48, 0x9C, 0x83, 0x7B, 0x7B, 0x59,
    0x90, 0x42, 0x28, 0xA0, 0x61, 0x80, 0xB9, 0x41, 0x08, 0x23, 0xB3, 0xC1, 0x41, 0x6E, 0x96, 0x4A,
    0x64, 0xF9, 0xB5, 0xF8, 0x1E, 0x45, 0x6F, 0xFC, 0xC0, 0xEE, 0x6F, 0x18, 0xFA, 0x55, 0x40, 0xAE,
    0x14, 0xDA, 0x4A, 0x0D, 0xC9, 0x72, 0x4A, 0x23, 0x06, 0xC7, 0x5B, 0xE2, 0x67, 0xEA, 0x81, 0xE6,
    0x8D, 0x5C, 0x49, 0x69, 0x34, 0x56, 0xE3, 0x9F, 0xEA, 0xBF, 0xED, 0x0D, 0x2B, 0xD3, 0x3A, 0x7E,
    0xD7, 0x1B, 0x53, 0xA4, 0x91, 0x59, 0x18, 0x81, 0xD7, 0x4F, 0x27, 0xAD, 0x9C, 0x50, 0x3E, 0xD8,
    0x5C, 0x60, 0xD8, 0x91, 0x1B, 0x24, 0x26, 0xE8, 0x80, 0x79, 0x19, 0x5E, 0x76, 0x97, 0xD9, 0xDD,
    0x6A, 0x21, 0x0B, 0x73, 0x58, 0xD0, 0x8F, 0x98, 0xDB, 0x8E, 0x19, 0x12, 0x0D, 0x64, 0x36, 0x44,
    0x61, 0x36, 0x67, 0xC2, 0x7C, 0x7F, 0x5C, 0x8B, 0x20, 0x37, 0xDF, 0x07, 0xC8, 0x43, 0xF3, 0x97,
    0x87, 0x3B, 0x41, 0xDD, 0x5C, 0xDC, 0xA0, 0x25, 0x29, 0x44, 0xF9, 0x9B, 0xFE, 0xF0, 0x4E, 0xD0,
    0xF2, 0xB0, 0xCB, 0xFE, 0x54, 0xDE, 0xCA, 0x89, 0x57, 0xB0, 0x76, 0x41, 0x54, 0x1B, 0x60, 0xF4,
    0xB2, 0xF4, 0xD9, 0x56, 0x77, 0xC5, 0x86, 0x76, 0xC0, 0x0B, 0x58, 0x3D, 0x1A, 0x7D, 0x34, 0xC1,
    0xB3, 0xAD, 0xFE, 0x87, 0x76, 0x2D, 0xF3, 0x7D, 0x8C, 0x81, 0x2A, 0x29, 0x9F, 0x68, 0xA2, 0xF8,
    0x76, 0xE9, 0xA5, 0x4B, 0x02, 0x30, 0xDF, 0x44, 0x42, 0xA2, 0x87, 0xBA, 0x65, 0xC3, 0xD0, 0xE8,
    0x05, 0xE2, 0xFD, 0xFA, 0xCC, 0x93, 0x2C, 0x79, 0x7E, 0xCC, 0x83, 0x05, 0x07, 0xE4, 0xB2, 0x42,
    0xCB, 0x1B, 0x73, 0xAC, 0x29, 0x1D, 0xA5, 0x92, 0x56, 0x3B, 0x1C, 0x58, 0xBE, 0xFE, 0xC8, 0x17,
    0x26, 0x57, 0x04, 0x01, 0x39, 0xC0, 0x00, 0xF5, 0x0D, 0xBE, 0x42, 0xA3, 0x81, 0xA0, 0x4B, 0x99,
    0x6E, 0xDC, 0xAA, 0x68, 0x68, 0x16, 0xFD, 0xD1, 0x67, 0x58, 0x70, 0x48, 0x92, 0xD2, 0xDB, 0x66,
    0x7E, 0x7C, 0xB8, 0x24, 0xE8, 0x1A, 0x30, 0xA8, 0xEF, 0x30, 0x6C, 0xC8, 0x09, 0x32, 0x50, 0x5F,
    0xB7, 0x15, 0xCE, 0x80, 0xF2, 0x12, 0x10, 0xCA, 0x30, 0x67, 0x32, 0xCC, 0xC1, 0xF1, 0xA8, 0x09,
    0x40, 0xB9, 0x39, 0x07, 0xCB, 0xF6, 0x40, 0xEE, 0xA1, 0x46, 0xBC, 0x80, 0xEB, 0x14, 0x0A, 0x48,
    0xE4, 0x34, 0x60, 0x7D, 0x25, 0xAF, 0xC1, 0xE6, 0xDE, 0x1F, 0x5E, 0xC1, 0x6B, 0xFD, 0x8A, 0x05,
    0x54, 0x7A, 0x1D, 0xAF, 0xFD, 0x53, 0xBF, 0x5C, 0x53, 0xF4, 0x92, 0xE6, 0x31, 0xFA, 0xF8, 0xE4,
    0xA6, 0x65, 0x7B, 0xB1, 0xA8, 0xE3, 0x46, 0x47, 0x6F, 0xED, 0xAA, 0xB9, 0xBB, 0x69, 0xEF, 0x00,
    0x2B, 0x2B, 0xCB, 0x2D, 0x13, 0x97, 0x62, 0xEE, 0x34, 0x1C, 0x29, 0x51, 0x24, 0x99, 0x13, 0x7B,
    0xA7, 0xDA, 0x3B, 0x25, 0x66, 0xA2, 0xF1, 0x5E, 0x81, 0x59, 0x2C, 0xB1, 0xE8, 0x53, 0x1B, 0x0B,
    0x14, 0x3A, 0xE9, 0x3A, 0x24, 0x67, 0x41, 0x58, 0x48, 0x30, 0xE5, 0x92, 0x14, 0xC2, 0x24, 0x57,
    0x09, 0x98, 0x36, 0xF1, 0x21, 0x69, 0xC0, 0x2C, 0xD3, 0x04, 0xCA, 0x7D, 0xF5, 0x8C, 0x2D, 0x1D,
    0x98, 0x7F, 0xC5, 0x1F, 0x93, 0xCD, 0x4A, 0x7A, 0x93, 0xAB, 0xCD, 0xEA, 0x9B, 0xCD, 0x7C, 0x68,
    0xB3, 0x7E, 0x66, 0xB3, 0x86, 0xC2, 0x68, 0x58, 0x2C, 0x11, 0x12, 0x57, 0x7F, 0x33, 0x56, 0xF1,
    0x3E, 0x10, 0x9F, 0x45, 0xFD, 0x56, 0x0C, 0xB3, 0x2C, 0x67, 0xF5, 0x84, 0xBA, 0x24, 0x57, 0xD1,
    0x50, 0xE3, 0x92, 0x96, 0xD7, 0x32, 0x4B, 0x9D, 0xEB, 0xDB, 0xA1, 0xC7, 0x37, 0x60, 0x87, 0x77,
    0xEE, 0x6F, 0x28, 0x13, 0xC6, 0xBF, 0xA6, 0xB7, 0x31, 0x8C, 0x7F, 0xA8, 0x31, 0x16, 0xE8, 0xA5,
    0x77, 0x4C, 0x88, 0xBF, 0xA5, 0xF9, 0x82, 0x45, 0xDF, 0x43, 0x19, 0x42, 0xFC, 0xBE, 0xFE, 0xDF,
    0xAF, 0x27, 0x0E, 0x3D, 0x59, 0x1D, 0xA3, 0xFD, 0x4D, 0xB6, 0x80, 0x9D, 0x67, 0x45, 0x7C, 0x52,
    0x73, 0x99, 0x06, 0xFD, 0x88, 0xC9, 0xC2, 0x61, 0x9B, 0x78, 0x37, 0x29, 0xEA, 0x4D, 0x87, 0xF9,
    0xA4, 0xE5, 0x94, 0xBE, 0xDB, 0xE0, 0x94, 0xE8, 0x2F, 0xD7, 0xFD, 0x05, 0xEB, 0xAF, 0xAC, 0x17,
    0x8C, 0xB1, 0x0D, 0x09, 0x57, 0xCA, 0xDE, 0xA0, 0x18, 0x6E, 0x38, 0x37, 0x22, 0xB7, 0x34, 0x48,
    0x9C, 0x71, 0x19, 0xED, 0xD5, 0x19, 0x03, 0x5B, 0xE1, 0x06, 0xB0, 0x38, 0x9C, 0x44, 0x8C, 0x21,
    0x81, 0x16, 0x19, 0xC5, 0xCD, 0x9D, 0x06, 0x16, 0x67, 0x87, 0x66, 0xB3, 0x78, 0x48, 0xB7, 0x5C,
    0x42, 0x87, 0xF4, 0x17, 0xD4, 0xAD, 0xE4, 0xE0, 0x8D, 0x21, 0x27, 0x4E, 0x95, 0x80, 0xB0, 0x89,
    0xAF, 0x82, 0xAF, 0x4D, 0xEE, 0x4A, 0xDC, 0x42, 0xFD, 0x0E, 0x0C, 0x77, 0x90, 0xE7, 0xF8, 0xCA,
    0xD5, 0x6D, 0xC5, 0x3B, 0x01, 0x30, 0x1B, 0x02, 0xE8, 0x07, 0x19, 0x35, 0x20, 0x50, 0xCF, 0x79,
    0x38, 0x60, 0xE7, 0xD1, 0x24, 0x3F, 0xCB, 0xAF, 0x07, 0x26, 0xA3, 0x0B, 0x80, 0xA9, 0x97, 0x52,
    0x81, 0xA5, 0x7E, 0x9C, 0x52, 0x92, 0x06, 0x8D, 0x15, 0xE6, 0xBD, 0x93, 0x75, 0xC9, 0x15, 0x1C,
    0xC8, 0x8A, 0x39, 0x1B, 0x50, 0xEF, 0x80, 0x06, 0x0C, 0x32, 0x70, 0xB8, 0x2C, 0xB1, 0xA7, 0xC9,
    0xE5, 0xCB, 0x70, 0x6A, 0x3C, 0xEC, 0x0A, 0x94, 0x98, 0x44, 0xBF, 0xA3, 0x2A, 0x9A, 0x0C, 0xE2,
    0x09, 0x7D, 0x8F, 0x8A, 0x01, 0xE5, 0x26, 0x76, 0x89, 0xFA, 0xE2, 0x88, 0xA8, 0xCE, 0x84, 0x7A,
    0x93, 0x53, 0x6F, 0x97, 0x57, 0x9F, 0x58, 0xC6, 0xB4, 0xB8, 0x11, 0xF3, 0x70, 0xDC, 0x3E, 0xB3,
    0xF3, 0x6B, 0x35, 0xAE, 0xC7, 0xCB, 0x90, 0xDE, 0x84, 0xE4, 0x76, 0x24, 0x7B, 0x9B, 0x68, 0xA8,
    0x74, 0xD6, 0xD8, 0xE7, 0x27, 0x0F, 0x09, 0x3B, 0x7F, 0x48, 0x7C, 0xBB, 0xFE, 0x93, 0x9F, 0x96,
    0xB9, 0x7E, 0xA6, 0xF6, 0xFE, 0x9E, 0xB2, 0xCB, 0x3D, 0x0B, 0xA7, 0xF3, 0x46, 0x20, 0xEA, 0x7E,
    0x52, 0x00, 0xB0, 0xB9, 0x39, 0xEA, 0x2D, 0x99, 0x3F, 0xCD, 0x36, 0x53, 0xEF, 0x02, 0xE4, 0xB2,
    0x4A, 0xFE, 0xB2, 0xDF, 0xEC, 0x61, 0x15, 0xFC, 0x6A, 0xFD, 0xA8, 0x97, 0xB8, 0xFA, 0x57, 0x6D,
    0xF8, 0x3C, 0x94, 0x2E, 0x21, 0xEF, 0xA9, 0xEF, 0xF1, 0x79, 0x28, 0x7D, 0xC9, 0xB6, 0xB7, 0x55,
    0x08, 0x30, 0x81, 0xFE, 0xA4, 0xB6, 0xDE, 0x9A, 0xFD, 0x77, 0xF6, 0xA4, 0x26, 0xA3, 0x89, 0x91,
    0x9F, 0x05, 0x33, 0x1D, 0x0C, 0x10, 0x1A, 0xB0, 0x00, 0x03, 0xFF, 0xDD, 0x8D, 0xAB, 0x4A, 0x1C,
    0x4F, 0x15, 0xA8, 0x17, 0x1B, 0xE6, 0xF9, 0x9C, 0xE1, 0xF3, 0x6A, 0x3B, 0x77, 0x46, 0x23, 0x07,
    0x1D, 0x99, 0xD0, 0x9D, 0xB1, 0xA0, 0x5A, 0x9A, 0x9D, 0x55, 0x2B, 0xB6, 0xD3, 0x1B, 0xAF, 0x9F,
    0xD7, 0x19, 0x8D, 0x15, 0x3B, 0xB6, 0xD3, 0x62, 0xE2, 0x02, 0x68, 0x20, 0x8B, 0x00, 0x38, 0x37,
    0x44, 0xDD, 0x1C, 0x8C, 0xE1, 0x15, 0x8F, 0x43, 0x0D, 0xBD, 0x1D, 0x6A, 0xD0, 0x7C, 0x1A, 0x66,
    0xDC, 0x0E, 0x35, 0x5E, 0xCF, 0xE6, 0xB9, 0x1F, 0x30, 0x78, 0xA8, 0x37, 0x7B, 0xAA, 0x07, 0x7A,
    0x9A, 0xEE, 0xBA, 0xB8, 0x86, 0x8B, 0x8D, 0x05, 0x30, 0x5C, 0x62, 0x0C, 0xE1, 0x61, 0xAF, 0x1D,
    0x3B, 0x75, 0x09, 0x20, 0x96, 0xBD, 0xFF, 0x62, 0x05, 0xC7, 0x21, 0x45, 0x69, 0x48, 0x42, 0x2E,
    0x0D, 0x9C, 0xE6, 0x3A, 0x36, 0xF8, 0x01, 0x84, 0xF9, 0xE9, 0xFC, 0x48, 0x20, 0x67, 0x20, 0xE7,
    0x99, 0xA1, 0x79, 0xA2, 0xDD, 0xD4, 0xE9, 0x8B, 0x7E, 0x30, 0x52, 0x8D, 0x09, 0x4B, 0xAC, 0x88,
    0x06, 0x9F, 0x2E, 0xCD, 0xF3, 0x05, 0x32, 0x97, 0xF8, 0x19, 0xE6, 0xBA, 0xE2, 0x57, 0x2A, 0x21,
    0xCE, 0x2A, 0xC1, 0x30, 0x57, 0x82, 0xFC, 0x6A, 0x25, 0xE8, 0x4D, 0x30, 0xAB, 0x5F, 0x69, 0x8E,
    0xDE, 0xAD, 0x04, 0xB3, 0x18, 0xF3, 0x3C, 0xC9, 0x1F, 0xCD, 0x19, 0x94, 0xCC, 0x4D, 0x32, 0xDE,
    0x08, 0xE8, 0xAE, 0x8B, 0x71, 0x70, 0x4A, 0x56, 0x15, 0x45, 0x3A, 0x60, 0x64, 0x00, 0x74, 0xE9,
    0xCD, 0x6C, 0x1F, 0x8B, 0x68, 0xB1, 0xAE, 0xE9, 0x56, 0x57, 0x37, 0xCC, 0xB4, 0x4E, 0x36, 0xE2,
    0x67, 0x72, 0xAF, 0x18, 0x54, 0xC4, 0x38, 0x34, 0xA0, 0x51, 0x7F, 0x70, 0xAC, 0xE9, 0x03, 0x46,
    0x2F, 0x46, 0xC9, 0xCD, 0x6A, 0x03, 0x43, 0x43, 0x62, 0xBF, 0x9D, 0xF3, 0x4C, 0x86, 0x3F, 0xD4,
    0xB3, 0x74, 0xE5, 0xB4, 0xC1, 0x60, 0xB9, 0xAE, 0x5F, 0xD3, 0xCB, 0x68, 0xBC, 0xB6, 0x2F, 0x16,
    0x04, 0xEC, 0x23, 0x4A, 0x5D, 0x21, 0x9E, 0xEF, 0x93, 0x8A, 0xB3, 0xBE, 0x06, 0x2E, 0x61, 0xD7,
    0x55, 0x7E, 0xF1, 0xD7, 0xF6, 0x4C, 0x5F, 0xBB, 0xB7, 0xDE, 0x36, 0xAB, 0x07, 0xB0, 0xCC, 0x4A,
    0x6B, 0x02, 0x60, 0x79, 0x8E, 0x81, 0xE6, 0xA7, 0x43, 0x03, 0x93, 0xF7, 0x30, 0xB5, 0x37, 0xF5,
    0x75, 0x2F, 0x8D, 0xCB, 0x69, 0xC3, 0x6B, 0x24, 0x09, 0x69, 0x4C, 0xD8, 0x96, 0xD1, 0x25, 0x00,
    0xEC, 0xF7, 0x62, 0x65, 0x1A, 0xFD, 0x6E, 0xAC, 0xCC, 0x7A, 0x86, 0x91, 0x91, 0x6E, 0x80, 0x5D,
    0x33, 0xD6, 0x71, 0x5C, 0xB3, 0xBC, 0x66, 0x36, 0x67, 0x5E, 0x59, 0x99, 0x05, 0x28, 0xCB, 0x3B,
    0x5D, 0x23, 0xD8, 0x96, 0x69, 0xEE, 0x91, 0xB2, 0x05, 0xCB, 0x85, 0xE6, 0x1A, 0xC2, 0x0A, 0x99,
    0x52, 0xD8, 0x00, 0x42, 0x3D, 0x47, 0x96, 0x42, 0xD4, 0x29, 0xB9, 0x65, 0x8E, 0xD1, 0xCF, 0x95,
    0x29, 0xD3, 0x43, 0x66, 0x4E, 0xDB, 0x16, 0xF6, 0xAC, 0x94, 0x70, 0x61, 0xE0, 0x7C, 0x03, 0x9B,
    0xFA, 0x4D, 0x50, 0x59, 0xD7, 0xD8, 0x61, 0x9B, 0x55, 0x1A, 0x67, 0x7B, 0x23, 0x46, 0x5B, 0xBF,
    0x42, 0x89, 0xDD, 0xDE, 0x79, 0x28, 0x3B, 0x00, 0x79, 0x38, 0x9E, 0xD5, 0x00, 0x74, 0x1A, 0xE8,
    0x8D, 0x14, 0xAD, 0x00, 0xBA, 0x5C, 0x56, 0xE1, 0xD8, 0xF3, 0x34, 0xCE, 0x18, 0xF2, 0xA8, 0xBF,
    0xFE, 0xEF, 0x6C, 0x3B, 0x1F, 0xAB, 0xDB, 0x3C, 0x56, 0x57, 0x49, 0x98, 0xAE, 0x62, 0xAB, 0x3C,
    0xD8, 0xB5, 0x14, 0x8F, 0xA7, 0xD6, 0x7A, 0x9A, 0xDC, 0xB1, 0xEC, 0x65, 0xA0, 0x02, 0x73, 0x29,
    0x27, 0x73, 0xBF, 0x1B, 0x35, 0x5E, 0xA1, 0xF6, 0x17, 0x24, 0x54, 0xFA, 0xDA, 0x76, 0x93, 0x7C,
    0x7E, 0xED, 0x03, 0xC7, 0xB3, 0x7D, 0x1A, 0x6B, 0x08, 0x03, 0x46, 0x82, 0xA4, 0x24, 0xDE, 0x86,
    0x6B, 0xBB, 0x48, 0x74, 0x95, 0xF6, 0xDD, 0x2F, 0x3A, 0xFE, 0x71, 0x40, 0x6F, 0x2A, 0xC4, 0x61,
    0x87, 0x75, 0xF7, 0x00, 0x20, 0xF7, 0xA3, 0xDB, 0x08, 0x90, 0xD1, 0xF7, 0xAB, 0xF9, 0xB0, 0x67,
    0x94, 0xE9, 0x80, 0x4D, 0x0A, 0x0C, 0x09, 0xC9, 0x2A, 0xC3, 0xE8, 0x8F, 0x66, 0xC3, 0xBE, 0xDF,
    0xBE, 0xB2, 0x89, 0xDB, 0xFC, 0xA1, 0x89, 0x23, 0x10, 0x4F, 0xB6, 0xEF, 0xFB, 0x6D, 0x58, 0x00,
    0xEC, 0xD7, 0x30, 0x8C, 0x80, 0x1A, 0x9D, 0xB5, 0x67, 0xD9, 0x11, 0x53, 0x39, 0x43, 0x2C, 0x4B,
    0xD3, 0x7E, 0xE7, 0x48, 0x8C, 0x69, 0x4E, 0x8E, 0x36, 0x63, 0xAA, 0xCE, 0xF2, 0x05, 0xB8, 0xA2,
    0x79, 0xE3, 0x38, 0x71, 0x3A, 0x20, 0x85, 0xBC, 0xAE, 0xAD, 0xD7, 0x27, 0xE3, 0xFF, 0x5E, 0xDC,
    0xF9, 0xDC, 0xAB, 0xC3, 0x1C, 0x29, 0xD3, 0xBA, 0x69, 0xBF, 0x4D, 0xAF, 0x9D, 0x1F, 0xC9, 0xA7,
    0x87, 0xB1, 0xF1, 0x9A, 0x6E, 0xA7, 0x34, 0xFC, 0x77, 0x66, 0xCC, 0xA6, 0x56, 0x52, 0xF6, 0x9A,
    0xF5, 0xF9, 0x73, 0x7A, 0x77, 0xCA, 0xDB, 0x75, 0xD2, 0x4B, 0xEB, 0xE9, 0x49, 0xE6, 0xE9, 0x4C,
    0x99, 0xE1, 0xE6, 0x4D, 0x28, 0x21, 0x0E, 0x45, 0x5F, 0x79, 0x40, 0x34, 0xD2, 0xC1, 0xDD, 0x7B,
    0xA7, 0x1B, 0x78, 0xBE, 0xDD, 0xEA, 0xC3, 0x7F, 0xC0, 0x9B, 0x01, 0x4B, 0x8E, 0xF3, 0xB4, 0x3C,
    0x5F, 0x35, 0xF0, 0x70, 0xC9, 0xC6, 0x70, 0x47, 0x08, 0x28, 0x3F, 0xB3, 0x01, 0x93, 0x90, 0x2C,
    0xF9, 0xBA, 0x0D, 0x8F, 0x6B, 0xC6, 0xA1, 0xDE, 0x3B, 0x55, 0x0F, 0x6A, 0x06, 0x20, 0x02, 0xC2,
    0xCB, 0x8A, 0x77, 0x3A, 0x74, 0xBA, 0xAD, 0xC6, 0x96, 0xD4, 0xA5, 0x21, 0xD5, 0x7F, 0x86, 0x84,
    0x62, 0x85, 0xDD, 0x40, 0x3D, 0xCF, 0x61, 0x98, 0x90, 0x20, 0x64, 0x85, 0x5B, 0xC0, 0x58, 0xF7,
    0x50, 0x02, 0xF7, 0x96, 0x96, 0xD5, 0x61, 0x07, 0x59, 0x4E, 0x96, 0xE6, 0x1F, 0xFE, 0xAE, 0x81,
    0xFC, 0x70, 0x4B, 0xF5, 0xD1, 0xE3, 0x7E, 0x09, 0x5B, 0x2B, 0xD8, 0xBE, 0xC1, 0xC6, 0xB8, 0xDD,
    0xA2, 0xFA, 0x02, 0xD6, 0xCE, 0x4B, 0xD8, 0xCF, 0xB7, 0x5A, 0x63, 0xEF, 0xB4, 0xFD, 0x78, 0x03,
    0x10, 0xDA, 0xF0, 0xB6, 0x1F, 0xD3, 0x97, 0x70, 0x02, 0x08, 0x08, 0x1D, 0xE2, 0x01, 0x41, 0x6C,
    0x39, 0xFD, 0x7B, 0x1C, 0x22, 0x39, 0x14, 0x1E, 0x9D, 0xDD, 0xB0, 0x97, 0x70, 0x83, 0xBD, 0xEF,
    0x05, 0xD6, 0x25, 0xEB, 0x74, 0x04, 0x30, 0x79, 0x61, 0xC6, 0x72, 0x5D, 0x4D, 0x9C, 0xF1, 0xA5,
    0x5D, 0xEA, 0xCD, 0x2B, 0x28, 0xB7, 0xFC, 0xC3, 0x1B, 0x60, 0x5E, 0x96, 0x1C, 0x60, 0xE1, 0xA9,
    0x55, 0xFF, 0xF0, 0xD7, 0x5B, 0x04, 0x2A, 0xF3, 0x46, 0xA9, 0xAC, 0x3C, 0x72, 0xB6, 0xDD, 0x0B,
    0x08, 0x94, 0x4D, 0x01, 0xE9, 0xF3, 0x35, 0xBD, 0xF4, 0x9E, 0x2D, 0xE5, 0x02, 0x1B, 0x99, 0x21,
    0xB1, 0x6C, 0x59, 0x2E, 0x0D, 0x88, 0xCA, 0xA4, 0x67, 0xDE, 0xDC, 0x9E, 0xDA, 0xB3, 0xDD, 0xC6,
    0xCA, 0x16, 0x98, 0x01, 0x99, 0x23, 0x5B, 0xAA, 0x5C, 0x4B, 0x80, 0x01, 0x0B, 0x80, 0x3E, 0x65,
    0x80, 0xF9, 0xC8, 0xC6, 0x94, 0x78, 0x36, 0xDA, 0xE6, 0x68, 0x45, 0x9F, 0x6A, 0x3E, 0xA6, 0x7D,
    0x9A, 0xDB, 0x3A, 0x9B, 0x1D, 0x2C, 0x5E, 0x5C, 0x3D, 0x65, 0xE3, 0xBB, 0x1B, 0x52, 0x37, 0x8A,
    0x27, 0xD2, 0x3A, 0x23, 0x90, 0x8B, 0x5C, 0x56, 0xB6, 0xAF, 0x22, 0xA3, 0xE2, 0xAB, 0x68, 0x2E,
    0xC4, 0x4E, 0x48, 0xDE, 0xDB, 0x4F, 0x20, 0x31, 0xA9, 0x03, 0xF3, 0x06, 0x2C, 0xF3, 0xB4, 0x75,
    0x85, 0xBD, 0x16, 0x7C, 0x0A, 0x3F, 0xE9, 0xBF, 0xC3, 0x19, 0xA8, 0xCB, 0x0C, 0xC4, 0xD7, 0x76,
    0x11, 0x1C, 0x76, 0x92, 0xC3, 0x0C, 0x7B, 0xF0, 0x8B, 0x63, 0xA4, 0xDB, 0x7D, 0x87, 0x12, 0x07,
    0xDD, 0x0A, 0x0A, 0xC3, 0x51, 0xC1, 0xF7, 0xE8, 0x28, 0x7B, 0x65, 0xC3, 0xEE, 0x03, 0xC9, 0x81,
    0x59, 0x2D, 0x43, 0xC7, 0xC7, 0xDC, 0xD7, 0x87, 0x49, 0x1C, 0x01, 0xE0, 0x25, 0x5C, 0x07, 0x8D,
    0x9B, 0x89, 0x8B, 0xC9, 0x73, 0xC7, 0xDF, 0xF1, 0x34, 0x00, 0x3A, 0x1B, 0x7B, 0x75, 0xC7, 0x1F,
    0x1E, 0x27, 0x73, 0x20, 0x1E, 0x0F, 0xED, 0x8D, 0x59, 0xE2, 0xD8, 0x3F, 0x8F, 0xD3, 0x1D, 0x05,
    0xF7, 0x0E, 0x8D, 0x95, 0x74, 0x89, 0x49, 0x1B, 0xE0, 0x05, 0x2C, 0x9F, 0x55, 0xC7, 0x37, 0x58,
    0x9D, 0x15, 0x86, 0xEA, 0x80, 0x1A, 0x56, 0x74, 0x9D, 0x5E, 0xC0, 0xF4, 0x79, 0x9C, 0x7C, 0xBA,
    0x53, 0xDB, 0x98, 0x1D, 0x8E, 0x79, 0xED, 0xCB, 0xCE, 0xE7, 0x41, 0x1F, 0x1E, 0x9F, 0x7E, 0xAE,
    0x52, 0x65, 0x4A, 0x83, 0xC6, 0x8F, 0xA1, 0xE6, 0x2D, 0xF2, 0x04, 0xF1, 0xFC, 0x0D, 0x55, 0x32,
    0x37, 0x21, 0xA5, 0xE2, 0xFF, 0xE5, 0x9A, 0x5D, 0x6E, 0x23, 0x49, 0xAE, 0x85, 0x09, 0xF0, 0xB5,
    0x00, 0x6E, 0xA5, 0x17, 0x90, 0x00, 0xB7, 0x4E, 0xC0, 0x0B, 0xF0, 0x56, 0x08, 0xF8, 0x95, 0xC0,
    0xB9, 0x26, 0x99, 0x41, 0xA5, 0x1C, 0x92, 0x71, 0x7B, 0x46, 0xD5, 0xE5, 0x99, 0x49, 0x65, 0x7C,
    0x8C, 0x6E, 0xAB, 0x22, 0x79, 0x98, 0xF1, 0x1F, 0xA2, 0xBC, 0xC4, 0x89, 0x34, 0x48, 0x8C, 0x18,
    0x30, 0x31, 0x52, 0xC0, 0x95, 0x08, 0xC6, 0x08, 0xA2, 0x20, 0x82, 0x13, 0xE7, 0x97, 0x88, 0xE4,
    0x34, 0x46, 0xA4, 0x96, 0x77, 0x66, 0x95, 0xBE, 0x1A, 0x1D, 0x83, 0x34, 0xF4, 0xC0, 0xA0, 0x72,
    0x14, 0x65, 0x38, 0x8D, 0x55, 0xE9, 0xE2, 0x5D, 0x2C, 0x04, 0x44, 0xE9, 0x51, 0xA4, 0x8F, 0x0A,
    0xA3, 0xBE, 0x34, 0x11, 0x24, 0xF1, 0x09, 0xE0, 0xCD, 0x19, 0xE9, 0xB4, 0x33, 0x48, 0x8D, 0x82,
    0x34, 0xFF, 0x18, 0xCF, 0xC1, 0xDE, 0x28, 0xBD, 0xD1, 0x22, 0x90, 0xE5, 0x07, 0x11, 0xC3, 0xA9,
    0x2F, 0xF1, 0xD2, 0x2B, 0x96, 0xE6, 0x68, 0x13, 0x5A, 0xB2, 0x11, 0x6D, 0xBC, 0x4C, 0x50, 0x1A,
    0x4E, 0xBF, 0xA9, 0x8C, 0x3E, 0x31, 0xF3, 0xE5, 0xE7, 0x46, 0x69, 0x33, 0x75, 0x13, 0x88, 0xD3,
    0xA8, 0xA9, 0xA7, 0x41, 0xC5, 0xA2, 0xDE, 0x4D, 0x5F, 0xEC, 0x4D, 0xB1, 0x74, 0x39, 0xA9, 0x45,
    0x50, 0xD2, 0x93, 0x5D, 0xE0, 0x4E, 0xCF, 0x0C, 0x5F, 0x28, 0x17, 0xAA, 0x25, 0x91, 0x6A, 0xB9,
    0x88, 0xF7, 0x4F, 0x6A, 0x88, 0xD1, 0xBA, 0x94, 0x96, 0x17, 0xF2, 0xE6, 0xCB, 0x9D, 0x77, 0x5B,
    0x39, 0xB4, 0x2D, 0x29, 0x0F, 0x2F, 0xC5, 0x27, 0x04, 0x40, 0xCA, 0xBA, 0xE5, 0x2C, 0x01, 0x52,
    0x2A, 0xC5, 0x1C, 0x14, 0x89, 0xD4, 0xB8, 0x62, 0xD2, 0x9A, 0x50, 0x61, 0x59, 0xE1, 0xC2, 0x25,
    0x70, 0x13, 0xFD, 0xDB, 0x0B, 0x58, 0x39, 0x9D, 0x1C, 0xA8, 0x72, 0xB8, 0xBC, 0x05, 0xF6, 0x33,
    0x97, 0xCC, 0xC4, 0x1D, 0x87, 0xFE, 0xE7, 0xE5, 0x2D, 0x91, 0x94, 0x1B, 0x5D, 0x16, 0x7B, 0xE5,
    0x18, 0x24, 0x95, 0x03, 0x22, 0x71, 0x95, 0x01, 0x78, 0xFD, 0x61, 0x42, 0xD5, 0x6F, 0xA7, 0xF4,
    0x04, 0xB5, 0x72, 0x3A, 0xBF, 0xD3, 0x0D, 0xAB, 0x94, 0x8F, 0x94, 0x98, 0x10, 0xDE, 0x72, 0x1D,
    0xB0, 0xD6, 0xAB, 0x88, 0x33, 0x67, 0x0F, 0x95, 0xFB, 0xAE, 0x5C, 0xFF, 0xAE, 0x72, 0xFD, 0x56,
    0xB9, 0x8D, 0xF2, 0x33, 0x67, 0x85, 0x51, 0x7E, 0x56, 0x53, 0x36, 0xB1, 0xD2, 0x5F, 0xBA, 0xAB,
    0x68, 0xF8, 0x99, 0x51, 0xFB, 0x9A, 0xE9, 0x4B, 0xDB, 0x88, 0x6B, 0x17, 0x04, 0xB4, 0x60, 0x86,
    0xB6, 0x5E, 0x71, 0x8E, 0x52, 0xA3, 0x56, 0x62, 0x9C, 0x74, 0xA9, 0xAA, 0x4C, 0x73, 0xEE, 0x8E,
    0x4B, 0x67, 0x64, 0x65, 0xB4, 0x75, 0xB7, 0xCC, 0x58, 0x2A, 0x63, 0x89, 0x0C, 0x42, 0x7B, 0x0E,
    0x86, 0x9D, 0x12, 0xDF, 0xAD, 0x14, 0x4A, 0x88, 0xB5, 0x40, 0xCD, 0xB4, 0x31, 0x28, 0x9E, 0x93,
    0x9D, 0xFD, 0x09, 0x2B, 0xF0, 0xF2, 0x8C, 0xFB, 0xA3, 0x00, 0x6B, 0x06, 0x01, 0xE8, 0x8A, 0x72,
    0x65, 0xE9, 0xF8, 0xA5, 0x49, 0x81, 0x15, 0xEF, 0x7C, 0x46, 0x31, 0x92, 0x65, 0xEF, 0xC8, 0xDE,
    0xDC, 0x7C, 0xB6, 0xA4, 0x9C, 0xDC, 0x7C, 0xA6, 0xA4, 0x2E, 0x6E, 0x81, 0x29, 0x6F, 0x37, 0x9F,
    0x3D, 0xC1, 0x1B, 0x2B, 0xFC, 0xAC, 0x45, 0x50, 0x32, 0xC6, 0xFF, 0xFE, 0x44, 0x25, 0xBA, 0xA4,
    0x60, 0x9F, 0xE4, 0x9C, 0x1F, 0x63, 0x97, 0x49, 0xFD, 0x51, 0x9A, 0x74, 0x2B, 0x6A, 0xD2, 0x71,
    0x2D, 0x70, 0x82, 0xC1, 0xC8, 0x64, 0xE5, 0xC9, 0xC4, 0x4D, 0xAD, 0x23, 0x34, 0xD6, 0xDB, 0xE2,
    0x62, 0x2D, 0xBD, 0x8A, 0x8A, 0xD8, 0x58, 0x3F, 0xCA, 0xB2, 0xEB, 0xCD, 0x52, 0xDA, 0xF6, 0x6B,
    0xAC, 0xB5, 0xCD, 0xFF, 0xB3, 0x6C, 0x74, 0x74, 0xDB, 0x12, 0x45, 0x5A, 0xBD, 0x59, 0xF5, 0xB1,
    0x31, 0xF6, 0x38, 0x1B, 0x71, 0x9C, 0xB6, 0xAE, 0x65, 0xD9, 0xDB, 0x4A, 0xDB, 0xBF, 0x60, 0x65,
    0x75, 0xD9, 0x18, 0xBD, 0xF1, 0x44, 0x2F, 0x11, 0x2E, 0xD6, 0x88, 0x9E, 0xE8, 0x1D, 0x15, 0x65,
    0x97, 0xCE, 0x4D, 0x6F, 0xE5, 0xBC, 0xEC, 0xB7, 0x7A, 0x47, 0xDF, 0x13, 0xBD, 0xDE, 0x7A, 0x97,
    0xBE, 0x67, 0x56, 0xEC, 0xCE, 0x0A, 0x96, 0xA5, 0xB6, 0x31, 0xC3, 0xD9, 0x6E, 0xF6, 0xCB, 0x2B,
    0x24, 0xEC, 0x00, 0xB1, 0xF1, 0x07, 0x90, 0x22, 0xD0, 0x5A, 0xA2, 0x8C, 0xF8, 0x98, 0xCA, 0x7C,
    0x31, 0xE8, 0x6A, 0xB5, 0x64, 0x52, 0xDC, 0x0C, 0x9F, 0xC6, 0xD7, 0xAC, 0xC6, 0xCB, 0xF0, 0x98,
    0xBC, 0xBE, 0x98, 0x53, 0xCC, 0x98, 0x51, 0x36, 0xC6, 0x93, 0x67, 0x2F, 0xED, 0xA5, 0x0A, 0x9E,
    0x54, 0x1B, 0xDE, 0x5D, 0x5A, 0xC4, 0x8D, 0x8C, 0xDB, 0x0C, 0x40, 0x2E, 0x54, 0xB9, 0x31, 0x92,
    0xEC, 0x4D, 0xB6, 0xE9, 0x40, 0x8A, 0x0A, 0x0C, 0x51, 0x2C, 0x75, 0x97, 0xBB, 0x3C, 0x5F, 0x5D,
    0xB6, 0x52, 0x12, 0xC5, 0x8E, 0xDA, 0x5B, 0x37, 0xCD, 0xF3, 0xFF, 0xCD, 0x25, 0x2E, 0x04, 0x28,
    0x43, 0x55, 0x9C, 0x43, 0xED, 0x33, 0x11, 0x55, 0x8A, 0x4A, 0xEC, 0xB7, 0x24, 0x67, 0x52, 0x0B,
    0x82, 0x55, 0xA7, 0x8F, 0x77, 0x93, 0x74, 0x5C, 0x32, 0xE8, 0x36, 0xCF, 0xC8, 0x34, 0x97, 0xC2,
    0xAB, 0xA9, 0xF4, 0x78, 0x74, 0x9F, 0xC4, 0xF6, 0xA4, 0x74, 0x9F, 0xF6, 0xCE, 0x26, 0x85, 0x56,
    0x91, 0x40, 0x55, 0x0A, 0xC9, 0xF9, 0xAE, 0x31, 0x46, 0xDA, 0x16, 0x1E, 0x23, 0xB9, 0xDE, 0x55,
    0xF0, 0xDC, 0xD1, 0xF7, 0x4C, 0xDC, 0x32, 0x5A, 0xF3, 0xBA, 0x18, 0x7B, 0x5D, 0x9E, 0x46, 0xCF,
    0x80, 0xCD, 0x6B, 0x31, 0xEE, 0x52, 0x70, 0xCE, 0x26, 0xA4, 0x58, 0x8A, 0x4C, 0x4B, 0x9B, 0xD2,
    0x3D, 0xF5, 0x24, 0x92, 0x74, 0xCF, 0xBB, 0xB1, 0x87, 0xE3, 0x5C, 0x07, 0x88, 0x57, 0x06, 0x82,
    0x59, 0x04, 0x28, 0xAC, 0x82, 0x14, 0x24, 0xEC, 0x24, 0x67, 0xFF, 0xCB, 0xD7, 0x97, 0x9C, 0x4E,
    0x65, 0x7C, 0xE0, 0xE2, 0xEC, 0x6A, 0xF3, 0x82, 0x1F, 0xA4, 0x79, 0xD9, 0x16, 0xE5, 0x37, 0xCE,
    0x69, 0x85, 0x67, 0xD4, 0x7B, 0xC2, 0xBF, 0xD4, 0x8B, 0x27, 0x8C, 0xE6, 0x6A, 0xE1, 0x89, 0x23,
    0x11, 0x62, 0x5F, 0xC1, 0x5E, 0x0B, 0x02, 0xDD, 0x20, 0x16, 0x8F, 0xA1, 0x74, 0x87, 0xE8, 0x69,
    0x3F, 0x4C, 0x9D, 0x14, 0x25, 0xB6, 0x5C, 0xA1, 0xE3, 0x59, 0xFD, 0xEB, 0xE9, 0xFF, 0xA4, 0x43,
    0x5A, 0xFE, 0x35, 0x7D, 0x5B, 0xC7, 0x91, 0x73, 0x9A, 0x12, 0xA0, 0xDD, 0xFA, 0xAE, 0x82, 0x29,
    0xF5, 0xB4, 0x3C, 0x97, 0x9F, 0x10, 0x08, 0x06, 0xCE, 0x14, 0x97, 0x08, 0x44, 0x27, 0xF2, 0xD7,
    0x07, 0x85, 0x0A, 0x9A, 0xC0, 0x6A, 0x28, 0x6C, 0xF7, 0xE1, 0xD1, 0x1F, 0x13, 0x9E, 0xF2, 0x8F,
    0xE3, 0xD6, 0xF9, 0x1C, 0x2B, 0x1E, 0xFE, 0xFB, 0x42, 0xE4, 0x14, 0xA7, 0x52, 0x11, 0xEB, 0x51,
    0x65, 0xD6, 0x6D, 0x3F, 0xB5, 0x1A, 0x59, 0x15, 0xAE, 0x6B, 0xC0, 0x83, 0x6F, 0x03, 0xDD, 0x14,
    0x39, 0x41, 0xBB, 0xC5, 0xED, 0x1E, 0x47, 0x22, 0x48, 0xE9, 0x2B, 0xFC, 0x7E, 0xE7, 0x61, 0xA0,
    0xD6, 0x0B, 0x6C, 0x70, 0x02, 0xEF, 0xB6, 0x56, 0xD7, 0x4A, 0x0B, 0x92, 0x60, 0xFB, 0xD9, 0x41,
    0xF4, 0x4E, 0x14, 0xE7, 0x28, 0x26, 0xBF, 0xBF, 0x3D, 0xC2, 0x49, 0x00, 0x92, 0x0F, 0xD8, 0xAF,
    0x19, 0x51, 0xD9, 0x27, 0x29, 0x9C, 0x01, 0x53, 0xF4, 0x74, 0xB2, 0xCB, 0x50, 0x8A, 0xFC, 0xA4,
    0x84, 0x1A, 0xAB, 0x29, 0x2F, 0xC0, 0xBA, 0x3B, 0xB9, 0xBF, 0xD8, 0x8F, 0xA2, 0x26, 0xED, 0xF8,
    0xD1, 0x53, 0x9F, 0xE9, 0x09, 0xE5, 0xDA, 0x1B, 0x92, 0x93, 0xBC, 0x45, 0xD9, 0x17, 0x4F, 0x83,
    0x1E, 0x46, 0x8D, 0x2F, 0xF3, 0x4A, 0x2D, 0x0A, 0xFD, 0xFC, 0xA8, 0xC9, 0x35, 0x6A, 0xC7, 0xE9,
    0x16, 0x3A, 0xFF, 0xFA, 0xA8, 0xCD, 0xA3, 0x14, 0x4E, 0x0F, 0x2E, 0x06, 0x7A, 0x98, 0x2F, 0x29,
    0x63, 0x3B, 0x10, 0x17, 0x1B, 0x5A, 0x86, 0xFD, 0xDE, 0x8A, 0xB5, 0xD5, 0x65, 0x09, 0x68, 0xAD,
    0x65, 0x39, 0xED, 0xAC, 0xE4, 0xAB, 0xF4, 0x65, 0x3D, 0xAD, 0x9E, 0x16, 0xC4, 0x65, 0xA3, 0xEC,
    0x0A, 0x21, 0xC9, 0xB2, 0xD6, 0xFF, 0x42, 0xA9, 0x2D, 0xDA, 0x8E, 0xBA, 0x4D, 0x9B, 0xF8, 0xA1,
    0x4E, 0x88, 0x03, 0x60, 0x28, 0x02, 0xE2, 0x02, 0x53, 0xAD, 0xD5, 0x90, 0x12, 0x47, 0x31, 0xBF,
    0xF1, 0x49, 0xC9, 0x78, 0x02, 0x5E, 0xEC, 0xDD, 0xA8, 0xA1, 0x36, 0x3D, 0x59, 0x2F, 0x5C, 0xDE,
    0x83, 0x5C, 0x21, 0x80, 0x6B, 0x1C, 0x35, 0x43, 0x94, 0x04, 0x80, 0x56, 0xA7, 0x4E, 0x07, 0xDD,
    0x8F, 0x43, 0x62, 0x0B, 0x4A, 0x5F, 0xC0, 0x08, 0x7C, 0xC2, 0x33, 0x56, 0x37, 0x7C, 0x68, 0x0A,
    0x6B, 0x58, 0x2D, 0xD7, 0x12, 0x20, 0x18, 0x03, 0xB3, 0x79, 0x1C, 0x6C, 0xB5, 0x2D, 0x44, 0x78,
    0x7F, 0xB7, 0x8C, 0xF4, 0x5A, 0xDD, 0x2D, 0x28, 0x35, 0xE2, 0x0E, 0x3C, 0xA8, 0xAF, 0xEB, 0x27,
    0x3E, 0x3E, 0x9C, 0x04, 0xB5, 0x90, 0x61, 0xBB, 0x3A, 0xAC, 0x88, 0x46, 0x16, 0x47, 0x40, 0x24,
    0xFC, 0xB6, 0x7C, 0x23, 0x3D, 0xA7, 0xF4, 0x8C, 0xEB, 0x34, 0x65, 0xAE, 0x97, 0x07, 0x67, 0x86,
    0x8F, 0xC2, 0xF3, 0xE0, 0x48, 0x8F, 0xB2, 0x33, 0xC0, 0x62, 0x1E, 0x30, 0xD7, 0x0B, 0xE3, 0x67,
    0x35, 0x36, 0x7C, 0xEC, 0xF1, 0x1B, 0x61, 0x46, 0xD8, 0xE3, 0xD7, 0x9B, 0x22, 0xBA, 0xCF, 0x5C,
    0xE6, 0xBA, 0x73, 0x81, 0xDB, 0xBB, 0xEB, 0x99, 0x03, 0x27, 0xC4, 0x6B, 0x22, 0xB8, 0xEA, 0x4E,
    0x75, 0x33, 0x83, 0xA8, 0x60, 0xE8, 0x40, 0xEC, 0x44, 0x7B, 0xCF, 0x83, 0x4B, 0xB1, 0xE8, 0x49,
    0x4A, 0x06, 0xBA, 0xDE, 0xBF, 0xDF, 0x4F, 0x50, 0xF4, 0x92, 0x62, 0x4B, 0xDA, 0xFB, 0x5F, 0xF9,
    0xE9, 0x9D, 0x14, 0xB6, 0xC8, 0x3A, 0x52, 0xDD, 0xAC, 0xA0, 0x93, 0x7E, 0x78, 0x7D, 0x71, 0x76,
    0xBE, 0x26, 0x27, 0x96, 0xE9, 0xC7, 0x2D, 0x02, 0xC9, 0x2F, 0x5B, 0x18, 0x2B, 0x0A, 0xD3, 0x67,
    0x6B, 0xFF, 0xD5, 0x5F, 0xB9, 0x24, 0x3C, 0xCE, 0x89, 0xC5, 0x5A, 0xBE, 0x9F, 0x45, 0x73, 0x4C,
    0x67, 0x5E, 0xBC, 0x5E, 0xFF, 0xC1, 0x51, 0x53, 0xF8, 0xC8, 0xF9, 0xA7, 0xA2, 0xC8, 0xDF, 0x2E,
    0xBA, 0x2B, 0x7E, 0x83, 0xEB, 0x42, 0x8C, 0xE7, 0xCB, 0xA5, 0xE6, 0xBE, 0x27, 0x53, 0x14, 0x7C,
    0x36, 0xEF, 0xBE, 0xC1, 0x6D, 0x1F, 0x13, 0x7D, 0x80, 0x31, 0xEB, 0x03, 0xF2, 0x63, 0x96, 0x06,
    0xFB, 0xFA, 0xE0, 0x7A, 0xDC, 0x81, 0x07, 0x2E, 0xD0, 0xEE, 0xA8, 0x25, 0x6E, 0x2F, 0x46, 0x13,
    0xEC, 0xDF, 0x60, 0xCA, 0x33, 0xD2, 0xF3, 0x39, 0x40, 0x74, 0x47, 0xF5, 0xFF, 0xE9, 0x5E, 0x27,
    0x38, 0x3B, 0x9E, 0x3E, 0x71, 0xEB, 0x3A, 0x47, 0xD0, 0x8E, 0x63, 0x2F, 0x18, 0x3E, 0xF8, 0x9F,
    0x3C, 0xEA, 0x53, 0xDC, 0xEA, 0xC7, 0x64, 0x2C, 0xED, 0x12, 0x4B, 0xAD, 0xB5, 0x33, 0x34, 0x99,
    0x2A, 0x6F, 0x4E, 0xF6, 0xE6, 0x60, 0x6F, 0x64, 0x2E, 0x95, 0x3E, 0x22, 0x57, 0x66, 0x24, 0x8E,
    0xC2, 0x11, 0x38, 0xFA, 0x4E, 0x79, 0x3A, 0xEA, 0xA6, 0x8C, 0xA5, 0xCD, 0x96, 0xB4, 0xCE, 0x58,
    0x61, 0x09, 0x7B, 0xBE, 0x5B, 0xFE, 0xDC, 0xEA, 0xDD, 0x09, 0x1E, 0x90, 0x36, 0xD6, 0xF9, 0xDD,
    0x3A, 0xBE, 0x5B, 0xA7, 0x77, 0x4A, 0x65, 0xAD, 0xAD, 0x26, 0xF2, 0x9E, 0x59, 0x7D, 0x59, 0x39,
    0xAD, 0xDA, 0x1C, 0xDB, 0x95, 0x8D, 0x39, 0xB4, 0x9B, 0x33, 0xBB, 0xF3, 0xC8, 0x6E, 0x4E, 0xEC,
    0xE6, 0xC0, 0x6E, 0x9B, 0xF5, 0xE8, 0x8F, 0x99, 0x2E, 0xD1, 0xA3, 0xA7, 0x1C, 0x3F, 0x6C, 0xBA,
    0xA4, 0x75, 0x3F, 0x36, 0x31, 0x9B, 0xD9, 0xB1, 0x8C, 0x5E, 0x4D, 0xD7, 0x66, 0xA7, 0x48, 0xD1,
    0x5F, 0x4C, 0x55, 0xF0, 0x44, 0x55, 0xDA, 0x87, 0x46, 0x4C, 0xA8, 0x8C, 0x8E, 0x49, 0xA4, 0x71,
    0x94, 0xE9, 0x76, 0xC3, 0xE5, 0xAD, 0xC1, 0x3E, 0xF9, 0x5E, 0xDD, 0x65, 0x77, 0x3D, 0xF5, 0x16,
    0x4B, 0x7A, 0xDE, 0x15, 0xAD, 0xAF, 0x8C, 0x4B, 0x6F, 0x33, 0x04, 0xD1, 0xAC, 0x2F, 0x8B, 0xE2,
    0x49, 0x5D, 0x1D, 0x86, 0x18, 0x47, 0x52, 0x3D, 0xE7, 0xE1, 0xA0, 0x72, 0xA4, 0x68, 0x33, 0xC0,
    0x2A, 0x7D, 0xE5, 0x51, 0x8C, 0x27, 0x9C, 0xE6, 0x16, 0xC3, 0x69, 0x51, 0xFB, 0xE2, 0x7A, 0xCE,
    0xE3, 0x4E, 0x7A, 0x12, 0x43, 0xEB, 0x53, 0xB8, 0xE6, 0x3A, 0x79, 0xD4, 0x45, 0xCA, 0xF0, 0xEA,
    0xA2, 0x25, 0x6F, 0x7F, 0xEF, 0x7F, 0x11, 0x73, 0xEE, 0x76, 0x52, 0xFD, 0xCA, 0x39, 0x5D, 0x4C,
    0x76, 0x05, 0xCE, 0xA4, 0xA7, 0xB3, 0x6C, 0xD7, 0xB3, 0x31, 0x76, 0x80, 0x3F, 0x00, 0x06, 0x29,
    0x07, 0xA9, 0xF8, 0x99, 0x6C, 0x12, 0xF4, 0x6E, 0x7B, 0x88, 0x33, 0x79, 0x5C, 0xD2, 0x04, 0xE3,
    0x41, 0x5B, 0xF9, 0x95, 0x80, 0x11, 0x71, 0x2D, 0x89, 0x2C, 0x41, 0x89, 0x8F, 0x04, 0xEC, 0x84,
    0xBC, 0x2F, 0x68, 0xF5, 0x17, 0xB3, 0x59, 0x56, 0x70, 0xB6, 0x92, 0xDF, 0x50, 0xE0, 0x04, 0x80,
    0x39, 0x6A, 0x2B, 0x90, 0x8B, 0xA5, 0x2C, 0x6B, 0x6F, 0x29, 0x90, 0xE8, 0xA6, 0xCC, 0x67, 0x40,
    0xE4, 0xD6, 0x8C, 0x19, 0x5D, 0x2D, 0x84, 0x27, 0xB5, 0x3B, 0xF1, 0xF2, 0x2D, 0x07, 0xD2, 0xED,
    0x90, 0x77, 0xEB, 0x9E, 0xFF, 0xFB, 0xB6, 0x22, 0x88, 0xA3, 0xE8, 0x37, 0xA9, 0x3A, 0x51, 0xF8,
    0x43, 0x9B, 0x13, 0xE3, 0x95, 0x3C, 0xF3, 0x8A, 0x6B, 0x62, 0xC8, 0x4E, 0xDC, 0xBB, 0xC1, 0x00,
    0x6E, 0xAB, 0x06, 0x06, 0xD5, 0x5F, 0x4A, 0x3D, 0xAA, 0xAF, 0xAA, 0x55, 0x43, 0x54, 0x7B, 0x6D,
    0x7A, 0x52, 0x2C, 0xA9, 0xA4, 0x86, 0xEA, 0x72, 0xD1, 0x6B, 0xBB, 0x22, 0xFA, 0x5C, 0x59, 0xCB,
    0xD7, 0x28, 0x79, 0xFE, 0x75, 0xD5, 0xD0, 0x13, 0x98, 0x28, 0x8F, 0xFF, 0x9A, 0xDE, 0xC5, 0x1E,
    0x4F, 0x6D, 0xC7, 0x71, 0x46, 0x7A, 0x54, 0x0E, 0xBF, 0x57, 0xC1, 0x41, 0xE2, 0x8C, 0x1E, 0xDF,
    0x94, 0x54, 0xD3, 0x87, 0x84, 0x7F, 0x82, 0x3F, 0x71, 0x88, 0x1D, 0x74, 0x28, 0x05, 0x1D, 0x51,
    0x91, 0x63, 0x6F, 0x88, 0xE9, 0x59, 0x52, 0x20, 0xCA, 0x85, 0xA9, 0x58, 0x55, 0xA7, 0x8F, 0x84,
    0xF6, 0xFC, 0xCD, 0xF7, 0x59, 0x2E, 0x16, 0xB8, 0xF0, 0xBE, 0x37, 0xF2, 0x42, 0xB7, 0xEF, 0xBF,
    0xD5, 0xC8, 0xF9, 0x61, 0x23, 0x17, 0x5B, 0x4D, 0x31, 0xA3, 0x2A, 0x44, 0x07, 0xDB, 0xEF, 0xD8,
    0x71, 0x9D, 0x5D, 0x84, 0x1A, 0xF0, 0x48, 0xFE, 0xBC, 0xF2, 0xEA, 0xB2, 0x04, 0x4E, 0x92, 0x2F,
    0x91, 0x8E, 0x97, 0xAB, 0x0E, 0x1D, 0xC7, 0xE7, 0x75, 0xB3, 0x1D, 0x0F, 0x96, 0x5F, 0x83, 0xEF,
    0x56, 0x79, 0xEC, 0x09, 0x20, 0x12, 0x5E, 0x98, 0xEA, 0xBC, 0x63, 0xC2, 0xAA, 0xFB, 0x32, 0xAF,
    0xFC, 0xA9, 0x1F, 0x1B, 0x58, 0xF4, 0x51, 0x81, 0xCB, 0x83, 0x83, 0x68, 0x35, 0x71, 0x31, 0x35,
    0x9E, 0xDF, 0x19, 0x05, 0xA3, 0x7A, 0x3E, 0xC0, 0xD2, 0xA5, 0x2D, 0xC1, 0x0E, 0x52, 0x44, 0x46,
    0x75, 0x2D, 0x12, 0x01, 0xEA, 0xE2, 0xD9, 0xD8, 0xFE, 0xBC, 0x72, 0xEA, 0x2E, 0xC2, 0x28, 0xD8,
    0xC8, 0xC9, 0x5E, 0xAD, 0x5A, 0x56, 0x53, 0xCA, 0x14, 0x62, 0xA4, 0x6C, 0xFF, 0xD4, 0x6F, 0x2C,
    0x42, 0x4D, 0xC5, 0x94, 0x5D, 0xCC, 0xA7, 0x9E, 0xF5, 0xAC, 0x70, 0xEE, 0x2C, 0x23, 0x2E, 0xF7,
    0x76, 0xD8, 0xD0, 0x37, 0x31, 0x7C, 0x6F, 0x1B, 0xBF, 0x5F, 0x02, 0xC3, 0x04, 0xAE, 0xE4, 0x07,
    0xFD, 0xF5, 0x6F, 0xFD, 0x46, 0x44, 0xDE, 0x92, 0xEC, 0xCD, 0xAE, 0x5D, 0x92, 0x3C, 0xC4, 0x7E,
    0xF4, 0x46, 0x97, 0xBE, 0x39, 0xAD, 0x3E, 0xF9, 0xAC, 0x44, 0xAF, 0xFF, 0x8D, 0x48, 0xCF, 0xD6,
    0x56, 0x33, 0xA5, 0x64, 0x05, 0xFC, 0x07, 0xC7, 0x65, 0x7A, 0xEB, 0x83, 0x3A, 0xD9, 0x8B, 0x63,
    0x82, 0x5B, 0x47, 0xDD, 0x53, 0xEE, 0xAA, 0xE1, 0xC7, 0x16, 0x11, 0x45, 0xAC, 0x5E, 0x65, 0x96,
    0xF0, 0x41, 0x7C, 0x0F, 0xF1, 0x19, 0x96, 0x3E, 0x21, 0x98, 0xDE, 0x6B, 0xDF, 0x3C, 0x2F, 0x10,
    0x7F, 0xB3, 0x83, 0x3E, 0x55, 0x22, 0xD3, 0xD7, 0x2A, 0xE1, 0xF9, 0x00, 0x18, 0x7F, 0x64, 0x08,
    0x68, 0xDA, 0xA5, 0x7C, 0x6D, 0x8F, 0xB4, 0xB7, 0xC5, 0x98, 0x94, 0x97, 0x60, 0x85, 0xDA, 0xD9,
    0xAA, 0xB7, 0xFE, 0xF3, 0xCA, 0x49, 0x60, 0xE5, 0xD3, 0xC1, 0x4E, 0xF9, 0x79, 0xB5, 0xEA, 0x90,
    0xC7, 0x43, 0xF4, 0x9F, 0xFF, 0x5D, 0x82, 0xD8, 0x3E, 0x90, 0xBC, 0xFE, 0x47, 0x2F, 0xD7, 0x21,
    0x7A, 0x5E, 0xFA, 0x9F, 0x55, 0xBE, 0x8D, 0x3D, 0x2F, 0x57, 0xCD, 0xA8, 0xC7, 0x11, 0x00, 0x0E,
    0xFA, 0x35, 0xC3, 0xD7, 0x99, 0x38, 0x53, 0xC5, 0xE5, 0xDC, 0xF7, 0x90, 0xF9, 0x0F, 0x9B, 0x6F,
    0x4C, 0x12, 0x33, 0xD2, 0xCB, 0x14, 0x61, 0xEA, 0xE8, 0x8C, 0x6D, 0x73, 0x68, 0xB0, 0x36, 0x92,
    0x01, 0xEF, 0x69, 0x06, 0xD9, 0x54, 0xD4, 0x79, 0xA6, 0x11, 0xE9, 0x9D, 0x03, 0x93, 0xFC, 0x5C,
    0x76, 0x2A, 0xEC, 0xFA, 0x8C, 0xF1, 0x64, 0x2A, 0x3C, 0x6E, 0xD7, 0x3E, 0x1E, 0xDB, 0x77, 0x2D,
    0x62, 0x12, 0xFB, 0xF3, 0xE1, 0xBD, 0xAF, 0x79, 0xDE, 0x0C, 0xEB, 0xDE, 0xFB, 0x16, 0x33, 0xC3,
    0x10, 0x84, 0x22, 0x80, 0xD8, 0xA6, 0x17, 0x79, 0x2B, 0x6D, 0x37, 0x48, 0x30, 0x65, 0xD7, 0xBD,
    0x0A, 0xEB, 0xDE, 0x7F, 0x8E, 0x0D, 0x80, 0x8A, 0xA8, 0x1A, 0xF1, 0x72, 0x69, 0x78, 0xFF, 0x3B,
    0x0D, 0x0E, 0x9A, 0xC3, 0x0F, 0x54, 0xB6, 0xCA, 0x09, 0xF1, 0x6D, 0x73, 0x6A, 0x23, 0xFB, 0xB6,
    0x06, 0x4F, 0x32, 0x2A, 0x3B, 0x5B, 0x63, 0xBC, 0xC6, 0xA8, 0xD9, 0x25, 0x2B, 0x9C, 0x6B, 0x9E,
    0xDE, 0xB3, 0x73, 0x18, 0xFD, 0x7A, 0x38, 0x5B, 0x9D, 0x93, 0x20, 0x89, 0x53, 0xA4, 0x94, 0xC6,
    0x76, 0x41, 0x1F, 0x20, 0xB6, 0xD3, 0x18, 0xC6, 0xF9, 0x30, 0xA0, 0xC5, 0x8E, 0x0B, 0x42, 0x9A,
    0x7C, 0xF3, 0x89, 0x20, 0x3D, 0xFE, 0xA1, 0xAC, 0x96, 0xD0, 0x7D, 0x27, 0xF1, 0x28, 0xC6, 0xA2,
    0xD2, 0x95, 0xEC, 0x45, 0x00, 0x71, 0x4F, 0xA7, 0xEB, 0xEE, 0x02, 0xFB, 0x3D, 0x29, 0xF9, 0xEC,
    0x81, 0x51, 0xFC, 0xD7, 0xCE, 0x8C, 0x67, 0x67, 0x2E, 0xF8, 0x23, 0x66, 0x67, 0x8E, 0xB7, 0x9D,
    0xB9, 0xAD, 0xDB, 0xD8, 0x76, 0xE6, 0xFE, 0x0F, 0xBD, 0x92, 0xC1, 0xAA, 0x2C, 0x37, 0x0C, 0x44,
    0x0F, 0x68, 0xDB, 0xA0, 0x5F, 0x31, 0xBC, 0xAD, 0x40, 0xBF, 0x2E, 0xB8, 0xDB, 0x07, 0xF7, 0x57,
    0x0A, 0xEE, 0x56, 0xA0, 0xC4, 0xEE, 0x9E, 0xC9, 0x04, 0x5E, 0xB6, 0xB1, 0xE4, 0xF2, 0xB8, 0x5C,
    0xAD, 0x31, 0x56, 0x0D, 0x89, 0x97, 0x95, 0xC9, 0xDA, 0x2B, 0x09, 0x04, 0x83, 0x4D, 0xF9, 0x77,
    0xA5, 0xA9, 0x91, 0xCB, 0x73, 0x32, 0xB2, 0x65, 0x9A, 0xA9, 0x99, 0xCA, 0xBD, 0x3C, 0x53, 0x28,
    0xBD, 0x72, 0xF0, 0x26, 0xA7, 0xC3, 0xAA, 0xBD, 0xC2, 0x6A, 0x98, 0x5D, 0xB6, 0xB2, 0x1A, 0x21,
    0xB2, 0x46, 0x8A, 0x0A, 0xC5, 0x28, 0xCB, 0x3A, 0xBD, 0xDA, 0x4D, 0x61, 0x25, 0xA7, 0xD9, 0x7B,
    0x3F, 0x45, 0x4C, 0x78, 0x66, 0x44, 0x77, 0x2B, 0xBC, 0x73, 0x87, 0xA2, 0xB3, 0xD2, 0x2B, 0x4D,
    0x5E, 0xB2, 0x0A, 0x0A, 0xD3, 0xC9, 0x42, 0x56, 0x9D, 0xCC, 0x90, 0xC2, 0x87, 0x9C, 0x6A, 0xDB,
    0x22, 0x1A, 0x6D, 0xBD, 0x57, 0x92, 0x0C, 0x8D, 0xB5, 0x7D, 0x30, 0x8D, 0xE8, 0x7B, 0x44, 0xFC,
    0xE1, 0x88, 0xC4, 0xEF, 0xB7, 0xE9, 0x7D, 0xB2, 0x59, 0x82, 0xC8, 0x1E, 0x21, 0x14, 0x04, 0xFB,
    0xB7, 0x10, 0x39, 0x9A, 0x29, 0xEC, 0x95, 0x5E, 0x38, 0x77, 0xBE, 0x0A, 0x4F, 0x35, 0x85, 0x8F,
    0x4A, 0x1D, 0x08, 0x59, 0xE5, 0x4C, 0xEF, 0x70, 0x76, 0x58, 0x59, 0xFD, 0xB3, 0xCB, 0x99, 0xA1,
    0x91, 0x3D, 0x31, 0xA7, 0x40, 0x12, 0xF4, 0x13, 0x9B, 0xC9, 0x8A, 0xE9, 0x68, 0xAF, 0x3B, 0xFD,
    0xBC, 0xB1, 0x5E, 0x6F, 0x2C, 0x2F, 0x27, 0x69, 0x6C, 0xAF, 0xF5, 0x2A, 0xD4, 0x98, 0xFC, 0x29,
    0xB4, 0x4B, 0xF8, 0x0E, 0xF2, 0x44, 0x1C, 0x3E, 0xEF, 0x1E, 0x13, 0x38, 0x8D, 0x23, 0x12, 0x85,
    0xAB, 0x7D, 0xA6, 0xD3, 0xD5, 0xA6, 0xF4, 0xF2, 0xBC, 0xDB, 0x75, 0xFB, 0x85, 0xB7, 0x5F, 0x64,
    0x9A, 0x97, 0x23, 0x3E, 0xFB, 0xF1, 0x47, 0x1F, 0x69, 0x66, 0x94, 0xBB, 0xEC, 0x8C, 0x78, 0xC6,
    0xC3, 0xDF, 0x5F, 0x44, 0x67, 0xCB, 0xB5, 0xB9, 0x0F, 0xDF, 0xCD, 0xE8, 0x13, 0xA1, 0x70, 0x31,
    0x65, 0x4D, 0x8A, 0x81, 0xC5, 0x1E, 0xA6, 0x0D, 0x05, 0xF8, 0x86, 0x04, 0x88, 0x0D, 0xBD, 0x41,
    0xFF, 0x8B, 0x22, 0xD2, 0xDD, 0x5B, 0x81, 0x57, 0xE0, 0xEC, 0x39, 0x33, 0x67, 0x7E, 0x3E, 0xF4,
    0xC2, 0xD1, 0x39, 0xEB, 0x33, 0x4D, 0xF7, 0x79, 0xB8, 0x95, 0x2E, 0xAB, 0xEB, 0xCA, 0xF4, 0x76,
    0xB9, 0xBA, 0xD7, 0x62, 0xB9, 0xEE, 0xA6, 0x79, 0xED, 0x18, 0x9A, 0xFF, 0x7A, 0xC6, 0x7E, 0xBC,
    0xFC, 0xE9, 0xE4, 0xD4, 0x56, 0x6B, 0x24, 0xAF, 0x66, 0xEE, 0x2A, 0x04, 0xB8, 0xC8, 0x8A, 0xCC,
    0x89, 0xEC, 0x0E, 0xF4, 0x78, 0x6E, 0x2A, 0xDF, 0xED, 0x12, 0x48, 0xD8, 0x9E, 0x6F, 0x8E, 0x67,
    0x3C, 0xED, 0xA9, 0xF4, 0x8A, 0x9D, 0x74, 0xEE, 0x1C, 0x8D, 0x8E, 0x99, 0xCB, 0x0A, 0xC7, 0xE7,
    0x34, 0xF6, 0x5C, 0xC0, 0x0A, 0xBC, 0x4E, 0x62, 0xF2, 0x6C, 0xCF, 0x69, 0x79, 0x03, 0xF4, 0x49,
    0x61, 0x6D, 0xE5, 0x33, 0xC4, 0x4D, 0x63, 0x38, 0xD9, 0x41, 0x4E, 0x23, 0x17, 0x7C, 0xE1, 0xFB,
    0x2E, 0x9A, 0xE9, 0xB4, 0xBA, 0x1C, 0x23, 0x6B, 0xE4, 0x8F, 0xA5, 0xA7, 0xB2, 0x6D, 0x6E, 0x14,
    0x80, 0xBF, 0xD0, 0x6A, 0xE3, 0xCF, 0x37, 0x8E, 0x83, 0x78, 0x70, 0xC1, 0x75, 0xD0, 0x79, 0x94,
    0x05, 0xE6, 0xDA, 0x02, 0x7F, 0x98, 0xAD, 0xF1, 0x5B, 0xF3, 0x16, 0x1F, 0xB5, 0x1C, 0xEE, 0x9A,
    0x9F, 0xFF, 0xF5, 0xEF, 0x3B, 0x0C, 0x2E, 0x53, 0x56, 0x53, 0x78, 0x25, 0x3A, 0x11, 0x04, 0xF4,
    0xD1, 0x4E, 0x05, 0x92, 0x64, 0x8D, 0x35, 0x88, 0x55, 0xA3, 0xAC, 0xAC, 0xD1, 0x12, 0xCB, 0x34,
    0x77, 0xDF, 0x84, 0x8A, 0x26, 0xCB, 0xEA, 0xAE, 0x56, 0x40, 0x6F, 0x46, 0x8D, 0xED, 0x4B, 0xFC,
    0x3D, 0xC7, 0xBE, 0x29, 0xB7, 0xBA, 0xAD, 0x58, 0x39, 0xED, 0xF5, 0x75, 0x4D, 0xEF, 0x35, 0x74,
    0x95, 0xFF, 0x1C, 0xF7, 0xA0, 0xBC, 0xBD, 0xB6, 0xD7, 0xBD, 0x77, 0x35, 0xC1, 0x7A, 0xB5, 0xAF,
    0x1A, 0x20, 0x63, 0x63, 0x27, 0x60, 0x72, 0xC1, 0x94, 0xCD, 0xCC, 0xC0, 0x63, 0x3E, 0x2F, 0xD0,
    0x51, 0xF6, 0x5B, 0xE9, 0x1F, 0xCA, 0x3E, 0xCA, 0xDA, 0x2C, 0x90, 0xB7, 0x65, 0x3E, 0x01, 0xDB,
    0x1A, 0xCF, 0x2D, 0xED, 0xC0, 0x67, 0x5A, 0xE0, 0x53, 0x30, 0x23, 0xC8, 0x5B, 0x53, 0xCC, 0xA9,
    0x6A, 0x9D, 0x00, 0x7D, 0xDF, 0x6E, 0x03, 0x75, 0x90, 0x75, 0xA4, 0x33, 0x1C, 0x9C, 0x9B, 0x8D,
    0xD7, 0x99, 0xFD, 0x8E, 0x56, 0xD4, 0xAA, 0x55, 0xFA, 0x59, 0x21, 0xAB, 0x6B, 0xAD, 0x18, 0x09,
    0x11, 0xCB, 0xEB, 0x22, 0x62, 0x2D, 0xA9, 0xCA, 0x2A, 0x96, 0xA2, 0x76, 0x2C, 0xD5, 0xC5, 0xBA,
    0xD6, 0xA5, 0xD0, 0xF9, 0xF2, 0x4B, 0xEB, 0x3E, 0xA7, 0x4E, 0xA8, 0x12, 0x9C, 0xCB, 0xAE, 0x8F,
    0xEA, 0x5B, 0xB3, 0xC9, 0xE5, 0xDF, 0x97, 0xC7, 0xB5, 0x76, 0x84, 0xE2, 0xD2, 0xF2, 0xEB, 0x3B,
    0xDC, 0xD6, 0xE5, 0xEB, 0xBA, 0xD6, 0x26, 0xAE, 0x5A, 0xB1, 0xF4, 0x8B, 0x60, 0xF1, 0xAA, 0xE9,
    0x64, 0xFD, 0xDE, 0xCC, 0x13, 0x8E, 0xAE, 0x15, 0x6B, 0x2D, 0xAD, 0xFA, 0x45, 0x12, 0x5C, 0xE6,
    0x97, 0x2D, 0x2B, 0xAB, 0x4B, 0xFB, 0xAE, 0x7F, 0x01, 0xD4, 0x9B, 0x6D, 0x6A, 0x24, 0x3B, 0x0F,
    0x85, 0x0F, 0xE8, 0xEF, 0x80, 0xB6, 0x92, 0x05, 0x14, 0x68, 0xEB, 0x82, 0x2C, 0x20, 0x5B, 0x11,
    0xE4, 0xAF, 0xE0, 0xBC, 0xD8, 0xB2, 0xAA, 0xDD, 0x95, 0xCA, 0xC7, 0xFD, 0x62, 0xE6, 0xAD, 0x6E,
    0x3F, 0xC7, 0xB9, 0x37, 0x29, 0xBB, 0x5D, 0xB2, 0x24, 0xBB, 0x3D, 0x00, 0x01, 0xC0, 0x06, 0xD4,
    0x01, 0xC8, 0x00, 0x02, 0xDB, 0x65, 0xA4, 0x6F, 0x48, 0x00, 0x77, 0x90, 0x38, 0x41, 0xC6, 0x06,
    0x75, 0xE0, 0x0A, 0xC3, 0x05, 0xDD, 0x0E, 0x49, 0x14, 0x80, 0x17, 0x05, 0x90, 0xD6, 0x08, 0xFB,
    0x03, 0x7A, 0x65, 0x83, 0x13, 0x24, 0xF3, 0xFE, 0x4F, 0x8E, 0xE7, 0x6E, 0x90, 0x31, 0x90, 0x10,
    0x82, 0x90, 0x80, 0xB9, 0x04, 0x74, 0x83, 0xFA, 0x06, 0x9B, 0x80, 0xBE, 0x0A, 0x61, 0x60, 0x0E,
    0x38, 0x00, 0x98, 0xF7, 0x1D, 0xA3, 0x1F, 0x94, 0xE2, 0xD3, 0x21, 0xC1, 0xF7, 0x43, 0x72, 0xC1,
    0xCF, 0x87, 0x64, 0xBF, 0x5D, 0x35, 0x3C, 0x87, 0x37, 0x61, 0x64, 0x80, 0x8E, 0x17, 0x39, 0x1B,
    0xD2, 0xF3, 0xCE, 0xE6, 0xDB, 0x98, 0x46, 0x81, 0x03, 0x77, 0x1D, 0xE5, 0xA5, 0xC9, 0xD9, 0x21,
    0xCA, 0x7A, 0x78, 0xB0, 0x01, 0xA9, 0xBB, 0x80, 0xA4, 0x24, 0x7E, 0x49, 0x54, 0x93, 0xBA, 0x8A,
    0x8C, 0x92, 0xEB, 0x5E, 0x16, 0x80, 0x9E, 0x3F, 0x78, 0x75, 0x49, 0xE2, 0x51, 0xD4, 0x1D, 0xE6,
    0x29, 0x04, 0x99, 0xA8, 0x46, 0xE6, 0x2B, 0xFB, 0x25, 0xD1, 0x2F, 0xF5, 0x7A, 0x19, 0x6C, 0xFB,
    0x25, 0xBC, 0x1C, 0xC8, 0x1C, 0xEF, 0x08, 0xD4, 0x65, 0xFD, 0xCE, 0xA7, 0xB7, 0xC4, 0xD3, 0x5B,
    0xFD, 0x7C, 0xD7, 0xAF, 0x5F, 0xFF, 0xAE, 0x7B, 0xB9, 0xF7, 0xF6, 0x63, 0x31, 0x7C, 0x2C, 0x79,
    0x2D, 0x5F, 0xDF, 0xCA, 0x1C, 0xAF, 0x04, 0x98, 0x00, 0x03, 0x73, 0xC8, 0x99, 0x4B, 0x63, 0x57,
    0x83, 0xDC, 0x6A, 0x42, 0xFD, 0x4E, 0xA3, 0x54, 0x02, 0xCA, 0x9C, 0x6A, 0x64, 0x29, 0xE8, 0x90,
    0x69, 0xF1, 0x51, 0x03, 0x20, 0x53, 0x73, 0x57, 0xC3, 0xA6, 0xEA, 0xA7, 0xD6, 0x7F, 0xF4, 0xB7,
    0x84, 0x90, 0x04, 0x63, 0x68, 0x82, 0x3E, 0xD4, 0x7B, 0x10, 0x2F, 0x92, 0x57, 0xC9, 0xAB, 0x48,
    0x9C, 0x32, 0xCD, 0x6C, 0x5C, 0x4B, 0xA2, 0x24, 0xD5, 0x21, 0x21, 0x43, 0xD4, 0xC1, 0x12, 0x5B,
    0x62, 0x18, 0x92, 0x0F, 0x31, 0x2C, 0xD1, 0x18, 0x42, 0x46, 0x4E, 0x41, 0x96, 0x77, 0xF8, 0x5B,
    0x4E, 0x25, 0x81, 0xEA, 0x16, 0x58, 0x5E, 0xE4, 0x4B, 0xA7, 0x82, 0x07, 0x0C, 0x05, 0x02, 0x6B,
    0x82, 0xA8, 0x6F, 0xAD, 0x5C, 0xBC, 0x7F, 0xFF, 0x76, 0xD6, 0x93, 0x49, 0xE8, 0x80, 0xF9, 0x00,
    0xCA, 0xEE, 0x73, 0x9A, 0xF1, 0x1C, 0x11, 0x9B, 0xC3, 0x35, 0x90, 0x0B, 0xEA, 0x13, 0xB6, 0x63,
    0xEF, 0x8D, 0xC4, 0x86, 0x5C, 0x77, 0x64, 0x7B, 0x8F, 0x76, 0x31, 0xC7, 0xA4, 0x4D, 0x2A, 0x9E,
    0x2F, 0x03, 0x34, 0x4E, 0x56, 0xD7, 0xC0, 0x41, 0xD9, 0xA8, 0x6F, 0x83, 0x56, 0xCD, 0x4C, 0xC6,
    0xA0, 0x4C, 0xAA, 0x1F, 0x18, 0xB5, 0xC4, 0xA8, 0x0D, 0xE6, 0xE0, 0x6B, 0xD4, 0x1F, 0x4A, 0xD4,
    0x1F, 0x36, 0x73, 0x32, 0x26, 0xCB, 0x00, 0x8A, 0x18, 0xAC, 0xF1, 0x68, 0x1A, 0x1D, 0xE5, 0x79,
    0xB6, 0xAB, 0xE7, 0x5D, 0x76, 0x6F, 0x2F, 0x1E, 0x62, 0xB4, 0x32, 0xA8, 0x45, 0x1F, 0xB4, 0xF9,
    0x9C, 0x8A, 0x79, 0x52, 0x5E, 0x63, 0xF0, 0xDD, 0x07, 0x59, 0xC4, 0xB8, 0x8A, 0xD9, 0x8D, 0x01,
    0x1A, 0xED, 0x47, 0xE7, 0x14, 0x07, 0x98, 0x93, 0x71, 0x8E, 0xA1, 0xEF, 0xEC, 0x5E, 0xDD, 0xB3,
    0x26, 0xC8, 0x2D, 0x6B, 0xD6, 0xDE, 0xF1, 0x63, 0x23, 0x4D, 0xAE, 0x18, 0x4B, 0x14, 0x3B, 0x0D,
    0xD1, 0x7B, 0xB6, 0x25, 0xB0, 0x21, 0x13, 0x6F, 0x0E, 0xE8, 0x09, 0xD3, 0x46, 0xCD, 0xD5, 0x09,
    0xF1, 0x6D, 0x8A, 0x5C, 0xA3, 0xD0, 0xB4, 0x86, 0x86, 0x3A, 0x10, 0xE6, 0x9D, 0x7F, 0x70, 0xA0,
    0x7E, 0xF9, 0x2F, 0xE6, 0x1C, 0x9D, 0x78, 0x84, 0xE5, 0x68, 0x76, 0x00, 0x13, 0xAC, 0x9A, 0xE1,
    0x01, 0x19, 0xD0, 0x78, 0xCA, 0x39, 0xCA, 0x88, 0x26, 0x12, 0xDD, 0xAE, 0x79, 0x4F, 0x44, 0xD9,
    0x70, 0x7E, 0x30, 0x97, 0xE5, 0xB0, 0xA2, 0x50, 0xED, 0xDE, 0x7A, 0x81, 0x02, 0x57, 0xE3, 0x64,
    0x82, 0xD5, 0x78, 0xFE, 0xCE, 0x84, 0xA2, 0x46, 0x1A, 0xD5, 0x97, 0x53, 0xB2, 0x83, 0x76, 0x0B,
    0xA6, 0xD8, 0x10, 0x9F, 0xA2, 0x57, 0xC9, 0x21, 0x98, 0x62, 0x4F, 0x72, 0x94, 0x94, 0xE1, 0x96,
    0x8C, 0x32, 0x44, 0x97, 0x38, 0xC4, 0x7B, 0x66, 0x28, 0xC7, 0xD5, 0x62, 0x25, 0xE5, 0x31, 0x4B,
    0xB2, 0xE5, 0x28, 0xC9, 0x92, 0xDF, 0x96, 0x3C, 0x8B, 0x6F, 0x41, 0x53, 0xA2, 0x54, 0xA3, 0x7A,
    0x68, 0x3E, 0xB4, 0xBA, 0x6C, 0xA3, 0x56, 0x5A, 0xCF, 0x0C, 0x59, 0x2D, 0xBD, 0x86, 0xA1, 0x94,
    0xA8, 0x7E, 0x65, 0xE9, 0x25, 0x13, 0x78, 0x7B, 0x9D, 0xCA, 0xE5, 0x90, 0x72, 0x69, 0x94, 0xAA,
    0xEB, 0x6A, 0xC6, 0xA6, 0xB2, 0xEC, 0x4F, 0xB2, 0x54, 0x63, 0xA9, 0xE3, 0x80, 0x04, 0xD8, 0xCF,
    0x42, 0xE9, 0x5B, 0x90, 0x83, 0xEF, 0x09, 0xA1, 0x17, 0x2E, 0xC6, 0x63, 0x8C, 0x01, 0x00, 0x1C,
    0x80, 0xD6, 0x90, 0x7E, 0x3E, 0xE0, 0xB3, 0xF5, 0x94, 0xC7, 0xB8, 0xE5, 0x9F, 0x18, 0x4C, 0xEC,
    0x7C, 0x4A, 0x80, 0xB2, 0x2C, 0xC4, 0xFF, 0xEC, 0x00, 0xF8, 0xDB, 0x52, 0x06, 0x25, 0x73, 0xE7,
    0x1E, 0xB0, 0x9A, 0xF9, 0x81, 0x9F, 0x05, 0xAC, 0x2D, 0x25, 0xDF, 0x79, 0xBE, 0x8F, 0xA7, 0xB8,
    0xFD, 0x36, 0xC9, 0x98, 0xF4, 0x6A, 0xD0, 0x01, 0xCD, 0x53, 0x02, 0xA3, 0x30, 0x00, 0xEE, 0x22,
    0xEF, 0x4B, 0x1C, 0x11, 0x73, 0xB0, 0x87, 0xE8, 0x14, 0x2B, 0x39, 0x86, 0x24, 0x52, 0x21, 0x9E,
    0x08, 0x83, 0x7A, 0x4A, 0x89, 0xFA, 0x90, 0x63, 0x0A, 0x0E, 0x43, 0xC2, 0x4E, 0xC9, 0x29, 0x16,
    0x0F, 0x39, 0x6A, 0xED, 0x99, 0x2D, 0x0A, 0x89, 0xFB, 0xE0, 0x7F, 0xF2, 0x3E, 0xF8, 0x9F, 0x24,
    0x99, 0x4F, 0x9C, 0x11, 0xF7, 0x3E, 0xF8, 0x37, 0xBF, 0x6A, 0xB0, 0xE6, 0x75, 0x3D, 0x3F, 0x5F,
    0xD1, 0x19, 0x92, 0xB2, 0x6C, 0x06, 0x3C, 0xC3, 0xBA, 0xD9, 0x04, 0x1A, 0x1C, 0xC8, 0x06, 0x07,
    0xB2, 0x21, 0x13, 0x61, 0x80, 0x4E, 0xB8, 0x4D, 0x63, 0x4A, 0xE5, 0xB9, 0x9E, 0xF4, 0x01, 0xD2,
    0x37, 0x56, 0xB7, 0xFE, 0x72, 0x12, 0x54, 0xBC, 0xB7, 0xA9, 0xFB, 0x11, 0xB8, 0xCF, 0xBA, 0x60,
    0xB9, 0x85, 0xFD, 0x65, 0x57, 0x09, 0xBD, 0x42, 0x62, 0x83, 0x95, 0x17, 0x15, 0x32, 0xCB, 0x45,
    0x2B, 0xF3, 0xBF, 0x5F, 0xCF, 0xDF, 0xDC, 0xE5, 0x2F, 0xAF, 0xE7, 0x6B, 0xC8, 0x07, 0xC0, 0x81,
    0x4E, 0x21, 0x7E, 0x9E, 0x47, 0xFC, 0xCD, 0x04, 0xE5, 0x8F, 0x4B, 0xC6, 0x01, 0x9B, 0xCC, 0x07,
    0x6B, 0x90, 0xCE, 0x0C, 0xD9, 0x25, 0x25, 0x34, 0x34, 0xA6, 0xFF, 0xF6, 0xF2, 0xE8, 0x45, 0x75,
    0x64, 0xDE, 0x52, 0xA2, 0x1C, 0xB2, 0xC1, 0xE6, 0x0C, 0x30, 0x98, 0x6B, 0x5A, 0xCD, 0x81, 0x75,
    0xFF, 0x4B, 0xB3, 0x32, 0x79, 0x9A, 0x6F, 0xBD, 0xCB, 0x82, 0x39, 0x99, 0x00, 0xA2, 0x52, 0x28,
    0xF5, 0xC1, 0x7A, 0x18, 0xC5, 0x9C, 0x8C, 0xBA, 0xC5, 0xA3, 0xCE, 0x07, 0x25, 0x1E, 0xA3, 0x67,
    0x28, 0x1A, 0x80, 0xDC, 0xA6, 0x49, 0xB5, 0x79, 0xC6, 0x97, 0xF8, 0x03, 0x16, 0x2B, 0x04, 0x4F,
    0xF6, 0x68, 0x5D, 0x19, 0x03, 0x7D, 0xB7, 0x5E, 0x86, 0x37, 0x9E, 0x23, 0xDB, 0x27, 0x48, 0x58,
    0x5A, 0xAE, 0x40, 0x36, 0x01, 0xE4, 0x8F, 0x33, 0xED, 0x36, 0xE3, 0x52, 0x89, 0x53, 0xB3, 0xB4,
    0x70, 0xAA, 0x97, 0xEA, 0xA9, 0x12, 0xA5, 0x13, 0xA7, 0x1A, 0x4E, 0xF5, 0x52, 0x2D, 0x2D, 0x9C,
    0x9A, 0xAD, 0x03, 0xAD, 0x47, 0xE9, 0xA5, 0x5B, 0x1C, 0x57, 0x80, 0x17, 0xFD, 0x41, 0xFF, 0xB1,
    0xF5, 0x3F, 0x7E, 0xD6, 0x7F, 0x45, 0xA9, 0x95, 0xFE, 0xB5, 0xFE, 0xDB, 0xE7, 0xFD, 0xA7, 0xF3,
    0xA2, 0x98, 0x97, 0xB6, 0x96, 0xC0, 0x3E, 0xA8, 0xD1, 0x51, 0xE0, 0xC0, 0x8F, 0xF6, 0x7E, 0x3A,
    0x37, 0x96, 0x90, 0x01, 0x70, 0xC0, 0x36, 0xA8, 0x6F, 0xE8, 0x75, 0xE7, 0xB6, 0x78, 0x4D, 0xE0,
    0x8B, 0xF5, 0x52, 0x89, 0xE1, 0x56, 0x24, 0x1E, 0x92, 0x10, 0x72, 0x49, 0x3D, 0x00, 0x8D, 0x6E,
    0x6E, 0x08, 0x52, 0xE2, 0x22, 0x86, 0x87, 0xD4, 0x63, 0xA8, 0x6E, 0x4E, 0x21, 0x5D, 0x2B, 0x1B,
    0x9F, 0x12, 0x7F, 0x69, 0x3B, 0x73, 0xAD, 0x78, 0x25, 0x34, 0xD5, 0xF1, 0x54, 0x0C, 0x5D, 0x24,
    0x47, 0x5B, 0x56, 0xCF, 0xA9, 0xBD, 0xEA, 0x63, 0xD1, 0x95, 0x10, 0x80, 0x8F, 0x00, 0x75, 0x8B,
    0x5E, 0x6B, 0x35, 0xEE, 0xA3, 0x12, 0xCF, 0xE9, 0x3A, 0x70, 0x59, 0x69, 0xD4, 0x18, 0x42, 0x59,
    0x5A, 0xFD, 0xA8, 0x0E, 0x54, 0xBA, 0xCC, 0xDD, 0xE4, 0xB8, 0x22, 0x53, 0xA2, 0x47, 0x71, 0xDA,
    0x73, 0xAB, 0x96, 0x92, 0x7E, 0xA7, 0xE3, 0x05, 0x58, 0x2B, 0xAE, 0x6A, 0x18, 0x9A, 0xA5, 0x32,
    0x35, 0x4E, 0x4B, 0xD2, 0xA9, 0xAC, 0x05, 0x04, 0xAA, 0x7B, 0xBD, 0x0C, 0xA9, 0x75, 0x96, 0xD5,
    0xB0, 0xF3, 0x5C, 0xC9, 0xED, 0x89, 0x7E, 0xA3, 0xED, 0x72, 0x4E, 0xC2, 0x3C, 0x83, 0x3E, 0xE9,
    0xA8, 0x2D, 0xD4, 0x78, 0xDA, 0xA7, 0xE4, 0xB6, 0x15, 0xB2, 0xEF, 0x56, 0xB0, 0x1E, 0xF8, 0x34,
    0x1C, 0xAA, 0x83, 0x6F, 0x6F, 0x90, 0xC4, 0x6C, 0x9B, 0xFD, 0x87, 0x85, 0xDC, 0x90, 0x05, 0x99,
    0xA8, 0xE5, 0x48, 0xE5, 0xC3, 0xE6, 0xEF, 0x01, 0xE3, 0xBB, 0x43, 0x29, 0x67, 0xB8, 0x26, 0x01,
    0x65, 0x7A, 0x45, 0x2B, 0xDE, 0xB8, 0xD9, 0x57, 0x02, 0x66, 0x73, 0x22, 0x59, 0xE0, 0xF0, 0xD9,
    0x07, 0x2C, 0xE4, 0x2D, 0x24, 0x1A, 0xEA, 0x05, 0x03, 0x57, 0x72, 0x27, 0x0C, 0x0C, 0x56, 0x16,
    0xC4, 0xB7, 0x94, 0x38, 0x4D, 0x77, 0x37, 0x59, 0x90, 0x44, 0x82, 0x9E, 0x90, 0x18, 0xC5, 0xBA,
    0xB8, 0xB9, 0x92, 0xB5, 0x78, 0x62, 0x62, 0xD6, 0x93, 0x2E, 0xD7, 0xBD, 0x7D, 0x21, 0xC0, 0x80,
    0xB2, 0x42, 0x31, 0x2F, 0xB3, 0x89, 0x38, 0x66, 0x8F, 0xB4, 0x1F, 0x4E, 0xAD, 0xA9, 0x5F, 0xE4,
    0x36, 0x83, 0x43, 0x8D, 0xC7, 0x9C, 0x6D, 0xE4, 0x9B, 0x0B, 0x6B, 0xA1, 0xC8, 0x7A, 0x8E, 0x36,
    0x81, 0x1D, 0xCF, 0x23, 0x92, 0xBB, 0xB3, 0x72, 0x3A, 0x94, 0x7C, 0x1E, 0x8C, 0xE9, 0x03, 0x2A,
    0xD3, 0x91, 0x18, 0x96, 0x3E, 0x07, 0x02, 0x74, 0x23, 0x67, 0xD7, 0xF6, 0xCE, 0x5B, 0x17, 0x57,
    0xF4, 0x60, 0x48, 0x2E, 0xB3, 0xA3, 0x4B, 0x0C, 0x98, 0x8B, 0x2B, 0x2B, 0x22, 0x1B, 0xF0, 0xA4,
    0x59, 0x8A, 0x52, 0xEB, 0xCD, 0x18, 0xEE, 0xDA, 0xFF, 0x5D, 0xFD, 0x58, 0x9A, 0x4F, 0x6A, 0x28,
    0x4D, 0xA4, 0xE4, 0x1C, 0xEB, 0x18, 0x18, 0xCD, 0xD7, 0x88, 0x67, 0xF9, 0xA9, 0xAC, 0xB9, 0xF9,
    0xFC, 0x05, 0x0C, 0x01, 0x66, 0x15, 0xB0, 0x1D, 0xF4, 0x2A, 0x86, 0x00, 0x51, 0x29, 0x79, 0x05,
    0xAC, 0xAD, 0xA4, 0x61, 0x2F, 0xB5, 0xAE, 0xCF, 0xB3, 0xE8, 0x28, 0x9E, 0x30, 0x4F, 0xD0, 0x29,
    0x6F, 0x3E, 0x1E, 0x97, 0xA5, 0x02, 0x86, 0x03, 0xB5, 0x58, 0xAC, 0xA7, 0x2E, 0x44, 0x5F, 0xFF,
    0x56, 0x1B, 0x3D, 0xEF, 0xB9, 0xED, 0x52, 0xAE, 0x84, 0xC8, 0x7A, 0xA9, 0xFF, 0x5A, 0x1B, 0x3E,
    0x0B, 0x26, 0xD1, 0x40, 0x2E, 0x1C, 0xDB, 0x7C, 0x56, 0x2F, 0xAC, 0x18, 0xB8, 0x10, 0xBD, 0x01,
    0x7A, 0x41, 0x39, 0x95, 0x1D, 0xC7, 0xBE, 0xF1, 0x5A, 0x26, 0xF8, 0x36, 0x40, 0xEF, 0x39, 0x2C,
    0x09, 0x68, 0x0A, 0x9B, 0x16, 0xF2, 0xD6, 0x64, 0xE8, 0x1B, 0xE4, 0x3D, 0x86, 0xB1, 0xBF, 0x0E,
    0x8E, 0xB7, 0xB8, 0xEA, 0xA0, 0xA9, 0x9B, 0x78, 0x4E, 0x86, 0xC2, 0xE4, 0x3D, 0x0C, 0x87, 0xBC,
    0xBB, 0xE1, 0x00, 0xDD, 0x66, 0x03, 0x83, 0x89, 0x63, 0x32, 0x71, 0xED, 0xF3, 0x4D, 0x0C, 0x2F,
    0x90, 0x59, 0x30, 0xE0, 0x09, 0x35, 0xB0, 0x17, 0xA8, 0xDF, 0xB9, 0x14, 0x1B, 0xC5, 0xF0, 0x5C,
    0x12, 0xC8, 0x51, 0x0E, 0x20, 0xDB, 0xA5, 0x68, 0xB9, 0x94, 0xB2, 0xD8, 0xB0, 0x90, 0x77, 0xA6,
    0x70, 0x14, 0x98, 0x24, 0x4C, 0xA3, 0x4A, 0x5B, 0x87, 0x6E, 0xD6, 0xD1, 0xF7, 0xC8, 0xAD, 0x94,
    0xCB, 0x9B, 0x1D, 0x52, 0x3A, 0xCC, 0x2C, 0x60, 0xB1, 0xD9, 0x46, 0x8D, 0xFC, 0x75, 0x43, 0x7B,
    0xE2, 0xF1, 0x64, 0xB3, 0x60, 0x50, 0x0A, 0xA1, 0x6F, 0xCC, 0xE1, 0x8C, 0xFD, 0xE7, 0x2B, 0x5B,
    0xA1, 0xAF, 0x11, 0x71, 0x89, 0xCF, 0xBF, 0x39, 0xFD, 0xD6, 0xAF, 0x84, 0xB9, 0x10, 0x12, 0x4C,
    0xA5, 0xCB, 0xFB, 0x7B, 0x1A, 0x5D, 0x88, 0x8C, 0xD9, 0x67, 0xAB, 0xA0, 0x6C, 0x98, 0xC2, 0x21,
    0x65, 0xB2, 0x2D, 0x98, 0x62, 0x2D, 0x12, 0x2D, 0x86, 0x25, 0x79, 0x8A, 0x4F, 0xD1, 0x53, 0x12,
    0x1F, 0x56, 0x09, 0x90, 0x5C, 0x89, 0x2D, 0x1E, 0x6B, 0x0C, 0x43, 0x23, 0x0B, 0xB5, 0x3C, 0x2D,
    0xBC, 0xF9, 0x89, 0x0E, 0x7B, 0x92, 0x9F, 0x2C, 0x28, 0x0C, 0xED, 0x93, 0x62, 0xC0, 0x81, 0x9F,
    0xAD, 0xAD, 0x99, 0x38, 0x33, 0xA5, 0x90, 0xD4, 0xD7, 0xD4, 0x50, 0xA4, 0xBA, 0x21, 0x0D, 0x06,
    0x7B, 0x20, 0x71, 0x0C, 0x24, 0x72, 0xC2, 0x16, 0x24, 0xEC, 0x35, 0x34, 0x94, 0x41, 0x17, 0xD6,
    0xFD, 0xFC, 0xAB, 0x7D, 0x81, 0xEB, 0x73, 0x97, 0x3D, 0x7F, 0x50, 0x70, 0xF7, 0x37, 0x42, 0x1F,
    0xD8, 0xB3, 0xB4, 0xFA, 0x51, 0x07, 0xB6, 0x2F, 0x8E, 0xC4, 0xA1, 0xA7, 0x67, 0x21, 0x90, 0xDF,
    0xB9, 0xC6, 0xFC, 0xDA, 0x35, 0x72, 0xB8, 0x46, 0x5A, 0xCE, 0x16, 0xF7, 0x12, 0x6B, 0x8B, 0x2A,
    0xEF, 0x26, 0xCF, 0xD3, 0x3D, 0x38, 0xDC, 0xAB, 0x41, 0xE3, 0xDE, 0x70, 0xBB, 0x8F, 0x6D, 0x78,
    0x57, 0xFB, 0x33, 0xB4, 0xC4, 0xB7, 0xF6, 0xB7, 0x1B, 0x5E, 0xC2, 0x5A, 0x64, 0x08, 0x5D, 0x13,
    0x94, 0xB7, 0x38, 0x12, 0xA4, 0x30, 0x02, 0x96, 0xA0, 0xC7, 0xEF, 0x69, 0x9D, 0x3E, 0x5B, 0x37,
    0xEF, 0xF8, 0xB5, 0xCB, 0x24, 0xAC, 0x85, 0xC4, 0x59, 0x70, 0x5C, 0xF3, 0xA0, 0x32, 0x37, 0x19,
    0xAF, 0x80, 0x5D, 0xCA, 0xFC, 0xEF, 0xA8, 0xC5, 0x94, 0x97, 0x07, 0xF9, 0x8C, 0xF5, 0x58, 0x16,
    0x99, 0x93, 0x1C, 0x84, 0xF5, 0x2E, 0xFB, 0x1D, 0xAB, 0x29, 0x70, 0x90, 0x73, 0xED, 0xC4, 0x90,
    0xF8, 0xFA, 0x0C, 0x08, 0x39, 0x8A, 0x9B, 0x6B, 0x18, 0xE4, 0x43, 0xD1, 0x2D, 0x45, 0x14, 0x3A,
    0xB4, 0x82, 0xC9, 0xB9, 0x0C, 0xDC, 0x8B, 0x90, 0xAE, 0x64, 0xFF, 0xFC, 0x64, 0x5E, 0xA1, 0xF5,
    0xD1, 0xC9, 0xB2, 0xB2, 0x5A, 0x79, 0x56, 0x7A, 0xC5, 0xED, 0x7C, 0x0C, 0xB2, 0x38, 0xC7, 0xA0,
    0x49, 0x4E, 0xE6, 0x20, 0x06, 0xEB, 0x49, 0x37, 0x8F, 0x49, 0x5B, 0x86, 0x5E, 0x29, 0x49, 0x22,
    0x2B, 0x25, 0xAC, 0xBC, 0x67, 0xFB, 0x1E, 0xAD, 0x32, 0x8B, 0x1D, 0x59, 0xD9, 0x7F, 0xAE, 0xB4,
    0x5A, 0x07, 0xCC, 0x07, 0x10, 0x40, 0x6E, 0x71, 0xA4, 0xC3, 0xCE, 0x99, 0x82, 0x61, 0x94, 0x5C,
    0xA6, 0xA0, 0xA8, 0xEB, 0xDF, 0xCB, 0x43, 0xA1, 0x1E, 0xE7, 0x1C, 0x06, 0xFE, 0xFD, 0xFB, 0x1B,
    0xCE, 0xA2, 0xFD, 0xF4, 0x9E, 0xD6, 0xC8, 0xCC, 0x8A, 0xE0, 0xCE, 0x3D, 0x82, 0xFF, 0xD8, 0x89,
    0xDD, 0xDA, 0x9C, 0x01, 0xC6, 0xCA, 0x1F, 0xAC, 0x77, 0x86, 0x6D, 0xF3, 0x65, 0x8E, 0xBE, 0xFE,
    0xA5, 0x45, 0xC9, 0x1E, 0xBF, 0xE3, 0x36, 0x7E, 0x33, 0x67, 0xF9, 0x7E, 0xBC, 0xEA, 0xE0, 0xCD,
    0xB4, 0xF4, 0x80, 0x9F, 0x3D, 0x3A, 0x4F, 0x8C, 0x39, 0x60, 0xE7, 0x0F, 0xFB, 0x5D, 0x10, 0x92,
    0x67, 0x1E, 0x0E, 0x03, 0xDB, 0xA7, 0x6C, 0xE7, 0xC3, 0x5C, 0xFB, 0x05, 0xAB, 0x57, 0xE7, 0x7A,
    0xAF, 0x73, 0x29, 0xF2, 0xEA, 0xE8, 0xEB, 0x8B, 0x93, 0x60, 0x7A, 0x77, 0x12, 0xAC, 0xDE, 0xE7,
    0xD8, 0xC1, 0xB0, 0x5F, 0x3F, 0x3A, 0xEF, 0x25, 0x0E, 0xE8, 0xB5, 0xE0, 0xCB, 0x24, 0xA8, 0xD6,
    0x32, 0x35, 0x2C, 0x44, 0x1F, 0x3F, 0xAA, 0x6D, 0x93, 0x4D, 0x62, 0x45, 0xE6, 0x16, 0x9F, 0xA2,
    0x4B, 0x48, 0x54, 0x1A, 0xEB, 0x43, 0x5C, 0x63, 0x08, 0x24, 0x70, 0xC0, 0x86, 0xE4, 0x26, 0x3D,
    0x4F, 0xDF, 0x02, 0x1A, 0xE7, 0xE2, 0x90, 0x00, 0xB8, 0x62, 0xC3, 0x3D, 0xAF, 0xDF, 0x5E, 0x91,
    0x64, 0x31, 0x26, 0x73, 0x36, 0xC1, 0x49, 0xDB, 0x79, 0x0C, 0x66, 0x02, 0x29, 0x83, 0x7D, 0x42,
    0xCB, 0xBF, 0x9C, 0x59, 0xA1, 0xBE, 0x66, 0x16, 0x85, 0x6E, 0x52, 0x8E, 0xFB, 0xC3, 0xCC, 0xD2,
    0xEF, 0x66, 0xD6, 0xBE, 0x59, 0x14, 0x7B, 0xDA, 0xD5, 0xD7, 0x7F, 0xB8, 0x88, 0x2A, 0x9B, 0xBF,
    0x77, 0x7F, 0xFF, 0xDA, 0x32, 0x13, 0x07, 0xB2, 0x31, 0xBB, 0x54, 0xDD, 0xC4, 0x79, 0xFD, 0xFE,
    0x9C, 0xF6, 0x5F, 0xFC, 0xB0, 0x97, 0x8C, 0x62, 0x9B, 0x7A, 0x86, 0xB2, 0xD3, 0x52, 0xF5, 0xAB,
    0x72, 0xAA, 0xB5, 0x22, 0x3F, 0x6A, 0xAF, 0x92, 0x1E, 0x5A, 0x81, 0xAC, 0xB5, 0x13, 0xA9, 0x95,
    0xF7, 0x66, 0x6B, 0x0D, 0xAE, 0x84, 0xF9, 0x31, 0x75, 0x8E, 0x9E, 0xA9, 0x97, 0xD9, 0xBC, 0xA1,
    0x94, 0xEB, 0x00, 0x55, 0x35, 0x70, 0xAA, 0x44, 0x0D, 0xE5, 0x4A, 0xD6, 0x8E, 0x29, 0x77, 0x8B,
    0x93, 0xA3, 0x24, 0x77, 0xA9, 0x39, 0xDD, 0x32, 0x7F, 0xE9, 0x7D, 0x48, 0x2D, 0x8E, 0x61, 0xFA,
    0x5A, 0x22, 0x73, 0xCA, 0x19, 0xDE, 0x63, 0x36, 0xCC, 0x69, 0x9B, 0x25, 0xDB, 0xE9, 0x8F, 0xAD,
    0x18, 0x19, 0x24, 0xE3, 0x43, 0x12, 0x5D, 0x7B, 0xB9, 0xBE, 0x32, 0x92, 0x7D, 0x27, 0x98, 0x37,
    0xDB, 0x6A, 0x61, 0xBD, 0x13, 0x1C, 0x56, 0xA6, 0xC2, 0x1C, 0xF2, 0x4E, 0x0E, 0x21, 0x6C, 0x48,
    0x4E, 0xD1, 0x78, 0x12, 0x3F, 0x85, 0x39, 0x84, 0x64, 0xEF, 0x7E, 0x1A, 0x1E, 0xA2, 0xBE, 0xFD,
    0xD4, 0x8F, 0xB1, 0x13, 0x95, 0xDE, 0x50, 0x6D, 0x9B, 0x6C, 0x4F, 0x33, 0x94, 0xE5, 0x33, 0x85,
    0x90, 0xB5, 0x2F, 0x8C, 0xA1, 0xE6, 0x4B, 0x51, 0xCA, 0xA5, 0x89, 0xF2, 0xC2, 0xA5, 0x1C, 0xD7,
    0x8D, 0x96, 0x97, 0x86, 0xFA, 0x37, 0x8A, 0x52, 0x83, 0x64, 0x29, 0xD8, 0x5A, 0x7B, 0xF6, 0x9D,
    0x89, 0x41, 0x56, 0x36, 0x28, 0xB5, 0xCF, 0xC5, 0x90, 0x15, 0xA1, 0x25, 0x51, 0x6B, 0xE0, 0xC1,
    0xCE, 0x88, 0x9B, 0x24, 0xB3, 0x39, 0x27, 0x8C, 0x21, 0x37, 0x5A, 0xB3, 0xCC, 0x06, 0x95, 0x41,
    0x64, 0xC5, 0xEF, 0x9E, 0xC6, 0x27, 0x38, 0xF0, 0xEE, 0x80, 0x0C, 0x94, 0x31, 0x0F, 0x98, 0x34,
    0xF6, 0x63, 0x55, 0xF3, 0x64, 0xCB, 0x82, 0x49, 0x24, 0x28, 0x9E, 0xC8, 0xB9, 0xAB, 0xA7, 0x6E,
    0x13, 0xEA, 0x85, 0x5E, 0xA2, 0x0E, 0xF4, 0x66, 0xFE, 0x09, 0x1B, 0xC8, 0xA3, 0x50, 0x13, 0x5B,
    0xBC, 0x1E, 0x20, 0x60, 0x13, 0x66, 0x40, 0x9A, 0x02, 0x39, 0x4F, 0x71, 0x0C, 0x78, 0xAA, 0xEB,
    0x80, 0x8D, 0x36, 0x89, 0xA8, 0xC8, 0xD5, 0xA7, 0xCD, 0x62, 0x17, 0x8B, 0x0A, 0xFA, 0xBB, 0x48,
    0x2C, 0xC9, 0xB2, 0xAE, 0x51, 0x2D, 0x21, 0xC9, 0x0F, 0x12, 0x12, 0xD3, 0x0D, 0x2C, 0x51, 0x8F,
    0x21, 0x86, 0x12, 0x19, 0x32, 0xD3, 0x75, 0xD8, 0x14, 0xB7, 0x4A, 0x61, 0x4C, 0x97, 0xF8, 0x78,
    0xAD, 0x3F, 0x2D, 0x2B, 0x94, 0x58, 0xB4, 0xC9, 0xCC, 0x93, 0xB5, 0x58, 0x2D, 0xAA, 0x1F, 0xDB,
    0x53, 0x26, 0x14, 0x79, 0x18, 0xAC, 0x28, 0x91, 0x27, 0xC7, 0x58, 0x20, 0x0D, 0x31, 0x9A, 0x91,
    0xC1, 0x1C, 0x84, 0xD4, 0x9F, 0x9D, 0xCC, 0x72, 0x44, 0xD5, 0x7C, 0xD9, 0x45, 0x9B, 0xBF, 0x49,
    0x0E, 0x6A, 0x00, 0xE5, 0xC2, 0x2A, 0xBC, 0x48, 0x1F, 0x05, 0x62, 0x39, 0x3F, 0x20, 0x1F, 0x1C,
    0x6D, 0x14, 0x75, 0xF6, 0x76, 0x3F, 0xD5, 0xDF, 0xCC, 0x8D, 0xF3, 0x3E, 0x3B, 0x01, 0x29, 0xFB,
    0xDF, 0xBF, 0x01, 0x3F, 0x0C, 0x6D, 0x18, 0x4A, 0x7A, 0x1F, 0x65, 0xE4, 0x34, 0xC7, 0xAC, 0x87,
    0xA5, 0x18, 0x2C, 0x9F, 0xD9, 0x2C, 0x03, 0x3B, 0x2A, 0xDF, 0x45, 0x2D, 0x15, 0x19, 0x9B, 0x72,
    0xA9, 0xA1, 0x7D, 0x0C, 0xD8, 0x91, 0xBC, 0x54, 0x96, 0x59, 0xA8, 0x97, 0x56, 0x4E, 0x84, 0x4C,
    0xD4, 0x50, 0xC6, 0x52, 0x7A, 0x69, 0xED, 0x99, 0xA6, 0xAD, 0x64, 0xAB, 0xF4, 0xEC, 0x51, 0x2B,
    0x72, 0x28, 0x4A, 0x8B, 0x9B, 0x4A, 0xB4, 0x56, 0x4D, 0x7D, 0x2A, 0x72, 0x0E, 0x93, 0xC4, 0x26,
    0xB5, 0x97, 0x52, 0x56, 0x22, 0x65, 0x38, 0xEB, 0xE4, 0x9F, 0x61, 0x88, 0x75, 0xC6, 0xE6, 0x25,
    0x33, 0xC6, 0x8C, 0x61, 0x33, 0xA4, 0x56, 0x1B, 0x53, 0xD4, 0xED, 0x21, 0x69, 0x58, 0x72, 0xF4,
    0xFE, 0xD1, 0x51, 0xC9, 0xF8, 0x32, 0x07, 0xB5, 0x9A, 0xAC, 0xD7, 0x53, 0x45, 0x06, 0xFD, 0xF2,
    0x54, 0x88, 0xAD, 0x14, 0xC5, 0x18, 0x0B, 0x10, 0xEE, 0x5F, 0x7C, 0xEC, 0xB0, 0x09, 0xF4, 0x62,
    0xE1, 0x71, 0xAC, 0x1F, 0x60, 0x7E, 0x3C, 0x07, 0x53, 0x4F, 0x72, 0xA0, 0x97, 0x4A, 0x75, 0x12,
    0xCE, 0xEB, 0x61, 0xC1, 0x2A, 0x8A, 0xF5, 0xE1, 0x9F, 0x77, 0x02, 0x2F, 0x77, 0xBB, 0x9A, 0x9A,
    0x80, 0x74, 0xCA, 0x77, 0x7F, 0xD8, 0x51, 0xEA, 0x7E, 0xBD, 0x7E, 0xCE, 0xFA, 0x61, 0xFB, 0x46,
    0xD9, 0xC8, 0x09, 0x87, 0x0C, 0xD4, 0xF3, 0xDB, 0x69, 0xD0, 0xA2, 0x4B, 0x7C, 0x64, 0x62, 0xE8,
    0x95, 0x86, 0x22, 0xCB, 0x38, 0x3C, 0x25, 0x61, 0xA7, 0xE1, 0x01, 0xB0, 0xEE, 0xF0, 0x2D, 0xD5,
    0x9B, 0x5F, 0xEE, 0x32, 0xD6, 0xF0, 0x97, 0xCD, 0xEE, 0x30, 0x14, 0x0C, 0x0F, 0x1C, 0x03, 0x89,
    0x5C, 0x56, 0x52, 0x90, 0x48, 0x84, 0xC4, 0xF4, 0x36, 0x1C, 0xE3, 0x6F, 0xAF, 0xEF, 0x84, 0x2E,
    0xE7, 0xE9, 0xDF, 0x6D, 0x30, 0x36, 0x7A, 0xBE, 0xCB, 0x3E, 0xDF, 0x5D, 0x6A, 0xAD, 0xC6, 0x8F,
    0xC7, 0x87, 0xDC, 0xF6, 0x58, 0x58, 0x24, 0xC9, 0xC5, 0x5A, 0x6F, 0x16, 0xF3, 0xAC, 0x73, 0x3B,
    0x18, 0x93, 0x30, 0x87, 0x06, 0x34, 0x66, 0x85, 0xC2, 0x76, 0x75, 0xDB, 0xBF, 0x37, 0x58, 0x19,
    0x90, 0x86, 0x84, 0xAD, 0x7C, 0x96, 0x40, 0xE6, 0x50, 0x72, 0x94, 0x59, 0xBF, 0x6E, 0x32, 0x9A,
    0x73, 0x9A, 0x9D, 0x74, 0x62, 0x95, 0x80, 0x0E, 0xD8, 0x44, 0xF9, 0x9A, 0x63, 0xE0, 0xFE, 0xC0,
    0x81, 0xA1, 0x91, 0x0B, 0x2A, 0xD1, 0x78, 0xF3, 0x13, 0xED, 0xA2, 0x35, 0x77, 0x9C, 0x4B, 0x91,
    0x23, 0x21, 0x59, 0x79, 0xB6, 0xA1, 0x4A, 0xBF, 0x02, 0x87, 0x54, 0xB1, 0xEB, 0x57, 0x1A, 0xB9,
    0x4A, 0xA0, 0xC6, 0xFB, 0x35, 0x7A, 0x9D, 0x10, 0xD9, 0xFF, 0x82, 0x30, 0x15, 0xDB, 0xF5, 0xBB,
    0x3E, 0x22, 0xD5, 0x51, 0x0E, 0x37, 0x20, 0x33, 0x28, 0x1C, 0xE8, 0xCB, 0xCA, 0x6B, 0x71, 0x25,
    0xA9, 0x5E, 0xA5, 0x5F, 0x07, 0x14, 0x59, 0xE5, 0x35, 0xAA, 0xBC, 0x79, 0x15, 0xA2, 0x4A, 0xA2,
    0x93, 0xB6, 0xC9, 0x36, 0xCD, 0xFD, 0x64, 0x3D, 0xCA, 0x44, 0xCF, 0x41, 0xE0, 0xD0, 0x32, 0xD5,
    0x59, 0xD3, 0xCE, 0x9B, 0xB2, 0x4C, 0x36, 0x96, 0x7F, 0xAA, 0x00, 0x66, 0xA8, 0x9A, 0x7A, 0xD7,
    0x6C, 0xD6, 0x6C, 0xD4, 0xD0, 0xB5, 0x6C, 0x23, 0x3E, 0x6B, 0x87, 0xC4, 0xA5, 0xC6, 0x7A, 0x80,
    0x00, 0xB2, 0x6B, 0x92, 0x30, 0x43, 0x99, 0xF8, 0xA8, 0x4D, 0xE9, 0xF0, 0x70, 0x7E, 0xBE, 0x8A,
    0xEC, 0xD1, 0x26, 0xDF, 0xCE, 0x62, 0xAF, 0x19, 0x3E, 0xD6, 0xB2, 0x2B, 0x92, 0x5D, 0xB1, 0xE8,
    0x1A, 0xFD, 0xF9, 0x7F, 0x6A, 0xAE, 0x33, 0xEA, 0x64, 0x2D, 0x40, 0x85, 0xEC, 0xF3, 0x2A, 0x12,
    0x32, 0x2A, 0xE6, 0xC8, 0x5A, 0xDA, 0x60, 0x55, 0x72, 0x56, 0x24, 0xAE, 0x95, 0x8E, 0xD3, 0x8F,
    0x4A, 0x1F, 0x21, 0x3A, 0x2B, 0x99, 0x1D, 0xD0, 0x3B, 0xBD, 0x61, 0xAC, 0xF5, 0x20, 0xBD, 0xA3,
    0x81, 0x77, 0x6C, 0xF8, 0xF0, 0xE1, 0xF2, 0x5A, 0x91, 0xB8, 0x8C, 0xC9, 0xF1, 0xB0, 0x82, 0x52,
    0x58, 0x94, 0xE2, 0x65, 0x7D, 0xEE, 0x2D, 0x75, 0x0A, 0xF4, 0xE1, 0xB3, 0xE1, 0x16, 0xB7, 0xB3,
    0x90, 0xAE, 0xB1, 0x6D, 0x72, 0x17, 0x71, 0x25, 0x6F, 0x69, 0x45, 0xD8, 0xEE, 0xD2, 0x1C, 0x32,
    0xA7, 0xBA, 0xC6, 0xCA, 0xAE, 0xD0, 0x51, 0x22, 0xBA, 0x53, 0x1D, 0x1F, 0xB2, 0xBA, 0xD7, 0xCE,
    0xED, 0x3D, 0x72, 0x39, 0x37, 0xCB, 0xE7, 0x92, 0xCF, 0x45, 0x22, 0x7F, 0x69, 0x58, 0x39, 0xD9,
    0xC7, 0x00, 0xFE, 0x7A, 0xB2, 0x05, 0x63, 0x94, 0x2A, 0xA7, 0xE6, 0x8B, 0x6D, 0x03, 0xBA, 0xE9,
    0xF1, 0xFC, 0xB3, 0x38, 0xF6, 0x8B, 0x8E, 0x0A, 0xCA, 0x59, 0x01, 0x77, 0x29, 0xF1, 0x22, 0xA8,
    0x71, 0xAC, 0x91, 0x2C, 0xD5, 0x52, 0xEF, 0xA0, 0xD7, 0x6A, 0x53, 0xCD, 0x0D, 0x53, 0x71, 0x55,
    0x0E, 0x94, 0x26, 0xC0, 0x81, 0xF9, 0x6E, 0xE5, 0xE5, 0xDC, 0xDC, 0x79, 0xE4, 0xCD, 0x57, 0xFC,
    0x48, 0xA3, 0x10, 0x50, 0x72, 0x1A, 0x16, 0x98, 0x4A, 0xC7, 0x99, 0xE7, 0x68, 0xC5, 0x93, 0x39,
    0x29, 0x8E, 0x5F, 0xDB, 0x9E, 0x54, 0x51, 0xB7, 0x81, 0x08, 0xEC, 0x57, 0x7F, 0x6B, 0x4E, 0x2A,
    0x5D, 0x98, 0xC2, 0xB5, 0x04, 0xB4, 0xC7, 0x09, 0xD1, 0xE4, 0x64, 0x6E, 0x2C, 0xC3, 0x2F, 0x9F,
    0x7B, 0xA5, 0x7A, 0x9D, 0x5D, 0xA7, 0xF0, 0x95, 0xB0, 0xB5, 0xA8, 0x78, 0x65, 0xEC, 0xFF, 0x44,
    0x55, 0x3C, 0x86, 0xFE, 0x12, 0xBC, 0xE0, 0x72, 0xFD, 0xFF, 0x6F, 0xBD, 0x40, 0x6A, 0x62, 0x20,
    0x0E, 0x05, 0x00, 0x7F, 0xF9, 0x85, 0xFD, 0xFA, 0xFD, 0xBB, 0x33, 0x50, 0x62, 0x3B, 0x77, 0x6E,
    0x81, 0x17, 0x6C, 0x9B, 0x70, 0xDF, 0x1E, 0xDE, 0xE6, 0x05, 0x77, 0x07, 0xC6, 0x63, 0x80, 0x02,
    0x48, 0x19, 0xE7, 0x0F, 0xCF, 0x7A, 0xEB, 0x44, 0xBB, 0x8D, 0x72, 0x5F, 0xBD, 0x7B, 0x4E, 0x00,
    0xF9, 0x4D, 0xA1, 0xC7, 0xCA, 0x9F, 0xBF, 0xFD, 0xE7, 0xD6, 0xED, 0x4A, 0xAB, 0x1A, 0x6B, 0xC3,
    0x93, 0x6F, 0x9D, 0xA4, 0x0B, 0x4F, 0xAF, 0xCB, 0x51, 0x0D, 0xF3, 0x17, 0xA9, 0xEF, 0xC5, 0xFB,
    0xD7, 0xB6, 0x31, 0x88, 0xB9, 0x0F, 0xB5, 0xEC, 0x56, 0xFD, 0xD7, 0x1A, 0x07, 0xC1, 0xBC, 0xC6,
    0x8F, 0x1C, 0x57, 0xE6, 0x9A, 0x74, 0x64, 0x68, 0x42, 0x7F, 0x31, 0xE3, 0xD0, 0x5F, 0x66, 0x7A,
    0x8C, 0x9F, 0x8D, 0x91, 0xCA, 0xE8, 0xD1, 0xEC, 0x8B, 0x51, 0x0A, 0xF1, 0xEC, 0x1A, 0x0E, 0x7C,
    0x76, 0x59, 0x74, 0x88, 0x64, 0x62, 0x7D, 0x1A, 0xD7, 0x51, 0x43, 0xAC, 0xDA, 0x2F, 0xBC, 0xE0,
    0xAF, 0x5F, 0x1A, 0xA5, 0xEC, 0x74, 0x45, 0xE9, 0xA9, 0xE8, 0x39, 0x2D, 0xEB, 0xB3, 0x06, 0xFE,
    0xC1, 0xD5, 0xBD, 0xC7, 0x5F, 0xEA, 0xBD, 0xF9, 0xCF, 0xC6, 0x4A, 0x3F, 0x54, 0xAC, 0x2B, 0xFF,
    0xEB, 0xEE, 0x0A, 0x72, 0x23, 0xD7, 0x71, 0xA8, 0x00, 0x6D, 0x3F, 0xA0, 0xAB, 0xCC, 0x01, 0x0C,
    0xF0, 0xEA, 0x04, 0xB2, 0x1D, 0xA0, 0xAE, 0x42, 0x20, 0x5B, 0x02, 0x9C, 0x98, 0x4F, 0xB4, 0x54,
    0x6C, 0x39, 0xAE, 0x4E, 0xEA, 0x77, 0x6A, 0xDA, 0xF8, 0x7E, 0xFC, 0x9B, 0x4E, 0x49, 0xB4, 0x64,
    0x49, 0xE4, 0x7B, 0xF4, 0x86, 0xD6, 0x4F, 0x3A, 0xE6, 0xDE, 0xC7, 0xA0, 0xA8, 0xB7, 0x20, 0x1E,
    0x56, 0x8E, 0x93, 0x9F, 0xC4, 0x4F, 0x4B, 0xAC, 0x50, 0x5C, 0x1E, 0xBE, 0x24, 0x7E, 0xD7, 0xB4,
    0x77, 0x9C, 0x34, 0x96, 0x7C, 0x8D, 0xC6, 0xFD, 0xFE, 0x55, 0x63, 0x60, 0xB7, 0x98, 0xD2, 0x5D,
    0xD6, 0x84, 0x1E, 0x18, 0x12, 0xFE, 0xD1, 0xA9, 0x10, 0x15, 0x8F, 0x5E, 0xC3, 0xB5, 0x3A, 0x5A,
    0x99, 0x9B, 0x1B, 0x2C, 0xD4, 0x50, 0x54, 0x92, 0x0D, 0xC5, 0xDB, 0x78, 0x30, 0x53, 0x9E, 0xC7,
    0x91, 0x64, 0xFF, 0xE3, 0x26, 0x43, 0xF1, 0xF6, 0x3E, 0x69, 0xDD, 0x1A, 0x17, 0xD9, 0xD1, 0x0F,
    0xB3, 0x93, 0xD6, 0xED, 0x40, 0xA6, 0x58, 0x5C, 0x86, 0xD6, 0x6D, 0xC7, 0xD6, 0xA5, 0x72, 0x65,
    0x68, 0xDD, 0x02, 0x8D, 0x91, 0xB3, 0xB4, 0x43, 0xDD, 0xB1, 0x25, 0xD6, 0x7F, 0xD6, 0x78, 0x60,
    0xB7, 0x1E, 0xA7, 0x62, 0x24, 0xE0, 0x4F, 0x52, 0x2C, 0xDB, 0x22, 0xF3, 0x90, 0xB3, 0x0E, 0x32,
    0x51, 0x49, 0xDE, 0xCC, 0x6E, 0x4A, 0xEA, 0x8F, 0x61, 0xC1, 0x0C, 0xA0, 0x9C, 0x19, 0x8E, 0x3B,
    0x27, 0x08, 0x4F, 0x63, 0xE6, 0x71, 0x67, 0xF6, 0x74, 0xC4, 0xCC, 0x53, 0x96, 0x03, 0xC9, 0x59,
    0x93, 0xC7, 0x6A, 0x54, 0x40, 0x60, 0x54, 0xD0, 0x9F, 0x76, 0x77, 0x5B, 0xB1, 0x91, 0xF5, 0x4D,
    0x3A, 0x28, 0x2A, 0x04, 0x12, 0xDF, 0x82, 0xF5, 0x26, 0x55, 0xFC, 0x79, 0x37, 0xDA, 0xC1, 0x26,
    0x76, 0x60, 0xDB, 0x21, 0xB2, 0x5E, 0xF2, 0x88, 0x90, 0xA8, 0xB4, 0x33, 0xBE, 0x5A, 0x88, 0xAC,
    0x24, 0xB7, 0x20, 0x28, 0x06, 0x1F, 0xF0, 0x8F, 0xC7, 0x48, 0x88, 0xAB, 0x36, 0xC2, 0xB9, 0x25,
    0xF8, 0x6A, 0x12, 0x2D, 0x08, 0x55, 0xC4, 0x29, 0xDB, 0x7F, 0x15, 0xF3, 0x48, 0x8A, 0xE2, 0xEF,
    0x08, 0x9F, 0x32, 0x94, 0x4F, 0xBD, 0xB1, 0xE2, 0x9F, 0x60, 0xC4, 0xF0, 0x37, 0xD3, 0xCB, 0xE5,
    0x6B, 0x7D, 0xC2, 0x90, 0xB0, 0x80, 0x2F, 0xA8, 0xCD, 0x63, 0xB8, 0xFA, 0x3D, 0x8F, 0xE4, 0x3C,
    0x9A, 0x2F, 0x46, 0xF2, 0xB2, 0xFD, 0xDB, 0x55, 0xFB, 0x43, 0xF1, 0x6A, 0x7C, 0xAF, 0xD2, 0xB7,
    0x99, 0xF5, 0x79, 0xA6, 0x0F, 0xD2, 0xA5, 0xCC, 0x00, 0x6E, 0x91, 0xD2, 0x6A, 0xF0, 0xA9, 0x9B,
    0x49, 0x30, 0x9A, 0x70, 0x2F, 0x19, 0x44, 0x5D, 0x27, 0xD8, 0xD8, 0x7C, 0x76, 0x1D, 0x41, 0x87,
    0x34, 0x2B, 0xEF, 0x79, 0x07, 0x86, 0xA3, 0xBA, 0xC5, 0xDE, 0x28, 0x32, 0x62, 0xE8, 0xC5, 0x86,
    0x14, 0x01, 0x8E, 0x77, 0xB0, 0x3D, 0x49, 0xA5, 0xB0, 0x68, 0x6B, 0x95, 0xC6, 0x6E, 0x87, 0xDA,
    0x1C, 0xF6, 0x1D, 0xBB, 0xDE, 0xF7, 0x9B, 0x4C, 0xF1, 0x0B, 0xEF, 0x93, 0xDB, 0xDB, 0x8D, 0x71,
    0x52, 0x83, 0xD5, 0x06, 0x8F, 0x2A, 0xB9, 0x6D, 0xD2, 0x43, 0x67, 0x0C, 0x6B, 0x91, 0xBD, 0x09,
    0x65, 0x19, 0xB8, 0x4B, 0x78, 0x1D, 0x0C, 0xD2, 0x2F, 0xAE, 0x33, 0x2B, 0x30, 0x75, 0xD8, 0x6A,
    0xBE, 0x42, 0x48, 0x35, 0xA9, 0x0E, 0x4E, 0xE0, 0x51, 0x2E, 0x55, 0xE3, 0xB4, 0x53, 0xD9, 0xD0,
    0x3E, 0xD6, 0x7B, 0xDB, 0x55, 0xF3, 0x66, 0x77, 0x56, 0xA9, 0xCE, 0xB6, 0x4A, 0xF4, 0x67, 0x83,
    0x65, 0x58, 0x83, 0x1B, 0x69, 0x47, 0x53, 0xAC, 0x7F, 0x74, 0xDD, 0xDE, 0x6C, 0x7F, 0x4C, 0x65,
    0xBF, 0x95, 0x00, 0xBA, 0x83, 0xA6, 0xF1, 0x27, 0x9F, 0x45, 0x95, 0x2F, 0x5B, 0xC1, 0x4D, 0xE3,
    0x6E, 0x47, 0xE4, 0x68, 0xEF, 0xE1, 0x8E, 0x86, 0x3C, 0x67, 0x1C, 0xC7, 0xB7, 0x29, 0xB3, 0xD4,
    0x79, 0x9A, 0x4D, 0x76, 0x24, 0x6F, 0x87, 0xF9, 0xC0, 0xD4, 0x1D, 0x27, 0x41, 0x7E, 0x7D, 0x17,
    0x0C, 0xE0, 0x49, 0x15, 0x6A, 0x8E, 0xE4, 0x18, 0xB2, 0x9B, 0x59, 0x3C, 0x8D, 0x1F, 0x0F, 0xED,
    0x69, 0x8A, 0x7C, 0x53, 0x59, 0x60, 0xE4, 0x5C, 0x82, 0x68, 0xE7, 0x5B, 0x1A, 0x46, 0x2C, 0x70,
    0x8E, 0x01, 0xC6, 0x8E, 0x02, 0xAC, 0x45, 0x9D, 0xD2, 0x37, 0xA4, 0x5A, 0xDA, 0x29, 0x2F, 0xE8,
    0xCA, 0x27, 0xCD, 0xDC, 0x0F, 0xEA, 0x78, 0xE2, 0x93, 0xD9, 0x33, 0xF0, 0x09, 0x50, 0x1D, 0x6D,
    0x60, 0xBD, 0xFD, 0xEA, 0x93, 0x49, 0x80, 0x1B, 0xFD, 0x0D, 0xE6, 0xCB, 0xFB, 0xBE, 0xBD, 0x33,
    0xEE, 0x47, 0xA2, 0x37, 0x90, 0x5E, 0x22, 0xDA, 0x3A, 0x53, 0x77, 0x03, 0x48, 0x76, 0xD0, 0x0F,
    0xD8, 0x9C, 0xE0, 0x4E, 0x0E, 0x3D, 0x89, 0x19, 0x3D, 0x1D, 0x81, 0xAD, 0x66, 0xDA, 0x76, 0x14,
    0xE2, 0x1D, 0x7F, 0xEF, 0xE9, 0xDF, 0x3E, 0x7D, 0xFA, 0x85, 0x2E, 0x7B, 0x9A, 0xA7, 0x42, 0xD7,
    0x21, 0xA5, 0x39, 0x45, 0x9C, 0x18, 0x40, 0x3D, 0xE9, 0x7C, 0xED, 0x8C, 0x2A, 0x3B, 0x8C, 0x00,
    0x37, 0x39, 0xC0, 0x19, 0xA0, 0x3A, 0xB1, 0x19, 0xFB, 0xD4, 0x99, 0x1E, 0x3B, 0xF5, 0x96, 0x4F,
    0xCE, 0xF8, 0x45, 0xEE, 0xAB, 0x1A, 0xC3, 0x3F, 0x5C, 0x82, 0xFF, 0x17, 0x0D, 0x1C, 0xA1, 0xC1,
    0x89, 0x1D, 0xEB, 0x13, 0x3A, 0xDC, 0x00, 0xB4, 0xE3, 0xA9, 0x18, 0x57, 0xFD, 0x80, 0x26, 0x11,
    0x7A, 0x8D, 0x55, 0x0F, 0xFD, 0xC0, 0xE3, 0x3D, 0x32, 0xF0, 0x03, 0x28, 0x1E, 0x14, 0x7C, 0x53,
    0x25, 0x64, 0x04, 0x11, 0x04, 0x3B, 0x15, 0xE0, 0x6F, 0xD7, 0x35, 0x0F, 0x72, 0xB5, 0x83, 0x49,
    0xEB, 0xBF, 0x56, 0xFC, 0x2F, 0x6B, 0x1E, 0x58, 0x47, 0x3D, 0xEA, 0x42, 0x5D, 0x69, 0x88, 0xC7,
    0x03, 0x3F, 0x2D, 0xF4, 0x15, 0x1A, 0x11, 0x03, 0xC4, 0xBE, 0x61, 0x3B, 0x13, 0xC3, 0x19, 0x3B,
    0x5C, 0x6C, 0x91, 0xC8, 0xA7, 0xF3, 0x6E, 0x5A, 0x98, 0xE8, 0x49, 0xD1, 0x6C, 0xA8, 0x24, 0x03,
    0xA7, 0x75, 0x4F, 0x65, 0x23, 0xE9, 0x2F, 0x54, 0xC9, 0xA6, 0xC5, 0x5F, 0x08, 0xD3, 0x38, 0x1B,
    0x85, 0x01, 0x2D, 0xA4, 0x4A, 0xC7, 0x06, 0xE4, 0x12, 0x98, 0x2A, 0xEC, 0xC1, 0x45, 0x81, 0xB9,
    0x9C, 0x47, 0x60, 0xAA, 0xD8, 0x17, 0x88, 0x3C, 0xE6, 0xCA, 0xF6, 0xB6, 0x6C, 0xE1, 0xBE, 0x73,
    0x1B, 0x5B, 0xB5, 0x6C, 0xCD, 0xC2, 0x0A, 0xB6, 0x17, 0x16, 0xA3, 0xCA, 0xBA, 0xA5, 0xA3, 0x43,
    0x93, 0x8D, 0xF9, 0xF1, 0xA9, 0xD5, 0x68, 0xA1, 0x5F, 0x14, 0x16, 0xA6, 0x58, 0xB7, 0x0A, 0xD3,
    0xD4, 0x91, 0x8F, 0x52, 0x3F, 0x3C, 0x22, 0xC2, 0x91, 0xC6, 0xED, 0x98, 0x4A, 0x5B, 0xAC, 0x25,
    0xF3, 0x90, 0xF5, 0x4A, 0x2B, 0x45, 0x9B, 0xBA, 0x67, 0x81, 0x96, 0x8A, 0xCA, 0x24, 0x5C, 0x4E,
    0x8B, 0xF9, 0x78, 0x8D, 0x86, 0x59, 0x04, 0xCB, 0x46, 0x1E, 0xF6, 0xD8, 0x2A, 0x1A, 0xCF, 0xFF,
    0x8E, 0x3C, 0x67, 0x6A, 0xD0, 0x11, 0x59, 0x21, 0x1E, 0xD5, 0x10, 0x02, 0xA9, 0x04, 0xDA, 0x8E,
    0x25, 0xA3, 0x8D, 0xF4, 0xB6, 0xC7, 0xD1, 0xC9, 0xF3, 0xB0, 0xCD, 0x5C, 0x09, 0x69, 0x18, 0xDF,
    0x08, 0xCC, 0x1D, 0x19, 0x38, 0xEA, 0xB2, 0x4C, 0xFD, 0xA7, 0x8F, 0xDD, 0x26, 0xE4, 0xCB, 0xB0,
    0x99, 0x56, 0xA1, 0xE3, 0x6E, 0x1C, 0xB7, 0x6A, 0x15, 0xD5, 0x3D, 0x04, 0xFB, 0xE6, 0x67, 0xED,
    0xFF, 0x56, 0x4C, 0x1A, 0xFD, 0x93, 0x51, 0x56, 0x2D, 0x21, 0xBA, 0x91, 0x70, 0xFA, 0x02, 0x68,
    0x07, 0xE3, 0xEF, 0x06, 0x58, 0x27, 0x92, 0x77, 0xF0, 0x13, 0xE2, 0x9E, 0x92, 0xBA, 0x64, 0xE3,
    0xFA, 0xF5, 0x44, 0xC6, 0x5F, 0xAA, 0x7F, 0x89, 0x1C, 0x48, 0xAC, 0x97, 0xF1, 0x9B, 0xE9, 0x16,
    0x92, 0x2C, 0xF8, 0x92, 0x6A, 0x65, 0x1B, 0x82, 0xAF, 0x1A, 0x82, 0x2F, 0x18, 0x3E, 0xD5, 0x7D,
    0x3D, 0xAE, 0x7C, 0xD1, 0xDD, 0x44, 0x78, 0xB4, 0x2E, 0x4D, 0xD2, 0xBA, 0x0C, 0xC5, 0x43, 0xA4,
    0xAF, 0x67, 0x95, 0x6D, 0x73, 0x58, 0x11, 0x68, 0x8D, 0x93, 0x20, 0x2A, 0xE0, 0xC1, 0xF8, 0xC1,
    0x8A, 0x48, 0xA0, 0x43, 0xE8, 0x88, 0x64, 0x7D, 0x4E, 0xD8, 0x6F, 0x9D, 0x92, 0x23, 0xFD, 0x7E,
    0x20, 0xB6, 0x3E, 0x0A, 0xF8, 0xB4, 0x12, 0x5A, 0xF1, 0x51, 0x05, 0xA7, 0xF2, 0xBC, 0x29, 0x02,
    0x14, 0x01, 0xCD, 0x37, 0xE0, 0x7E, 0xC9, 0x33, 0x33, 0xC0, 0x75, 0xE0, 0xA4, 0xCA, 0x4A, 0xA4,
    0x39, 0x36, 0x63, 0x05, 0xE0, 0xAB, 0x92, 0x03, 0x95, 0x00, 0xDD, 0x21, 0x5A, 0x90, 0x0E, 0x56,
    0x64, 0xD6, 0x81, 0xCF, 0x03, 0x1E, 0xBF, 0x5D, 0x84, 0x85, 0x3F, 0x2B, 0xC2, 0xC2, 0x5F, 0x2B,
    0xC2, 0xA2, 0x85, 0x1C, 0x6D, 0xB9, 0x6D, 0x59, 0x31, 0x79, 0xAA, 0xCC, 0x95, 0xBF, 0xE6, 0xFD,
    0xDB, 0xD8, 0xA5, 0x4E, 0x3C, 0xED, 0xC1, 0xAA, 0xDC, 0xBA, 0xEB, 0xAA, 0xC3, 0x54, 0x1C, 0xA0,
    0xDA, 0x71, 0x50, 0x5F, 0x01, 0x7A, 0x83, 0xF2, 0x41, 0x3A, 0xF0, 0x2B, 0x55, 0x5E, 0x3E, 0x2B,
    0x28, 0x93, 0xB7, 0x04, 0x09, 0xCD, 0xCC, 0xB8, 0x4D, 0x38, 0x32, 0x03, 0xB4, 0xC4, 0x28, 0x2D,
    0x49, 0x1F, 0xC0, 0x6A, 0x3B, 0x2C, 0xEB, 0x27, 0x68, 0x86, 0x69, 0x38, 0x06, 0x38, 0xAB, 0x63,
    0x77, 0xAF, 0x59, 0xD3, 0x42, 0xDA, 0x2E, 0xCA, 0xC6, 0x84, 0x6F, 0x33, 0xC3, 0x7E, 0x0A, 0x35,
    0xD9, 0xCC, 0x74, 0xD1, 0x19, 0x7C, 0x38, 0x1C, 0x75, 0xA2, 0xAA, 0x5D, 0xBC, 0x29, 0x6C, 0x87,
    0x47, 0xF2, 0x76, 0xDE, 0xE7, 0x33, 0x15, 0xA4, 0x7C, 0xAA, 0x82, 0x54, 0xDC, 0x90, 0xAB, 0x9C,
    0x86, 0xEC, 0xCE, 0x7A, 0xCD, 0x99, 0xDA, 0x53, 0xD9, 0x41, 0x8B, 0x36, 0x87, 0xB2, 0xC3, 0xA2,
    0xD7, 0x5B, 0x02, 0xBC, 0x06, 0x72, 0x2C, 0xD2, 0xFB, 0xB5, 0xE5, 0x7E, 0x51, 0x63, 0xD9, 0xF6,
    0x9B, 0x58, 0xB7, 0xD4, 0x2F, 0x99, 0x3C, 0xC1, 0x1A, 0xFD, 0xBB, 0x8A, 0x6B, 0x66, 0xCF, 0x9A,
    0x61, 0xAB, 0x56, 0x4D, 0xE8, 0xBE, 0xC6, 0x69, 0xC0, 0xDA, 0x1F, 0x39, 0xE0, 0xF8, 0xF9, 0xDA,
    0x2A, 0x24, 0x90, 0xC3, 0xE8, 0x21, 0x32, 0xAB, 0xF2, 0x05, 0xA1, 0xD9, 0x19, 0x9B, 0xAE, 0xEA,
    0x5C, 0x5D, 0xAD, 0x1F, 0xE5, 0xAB, 0xE2, 0x1D, 0xB1, 0x23, 0x89, 0x7A, 0xD0, 0x67, 0x14, 0xE9,
    0x64, 0xB4, 0xEC, 0x0A, 0xCD, 0x91, 0x78, 0x4F, 0xB6, 0x35, 0x1D, 0xF4, 0xA2, 0x62, 0x26, 0x31,
    0x70, 0xB1, 0xDF, 0x25, 0x04, 0xF7, 0x6B, 0x67, 0x53, 0x3B, 0x34, 0x56, 0x8C, 0x47, 0x0C, 0x09,
    0xFE, 0xAC, 0x00, 0x9A, 0xBB, 0x36, 0xAA, 0x1D, 0xBE, 0x60, 0x4F, 0xB9, 0x2C, 0x91, 0x4A, 0xE0,
    0xBF, 0xE9, 0x8D, 0x8B, 0x60, 0x3F, 0xA2, 0x14, 0x55, 0xBF, 0x56, 0x0D, 0x7D, 0xB9, 0xAB, 0x0B,
    0xF5, 0x25, 0x63, 0x33, 0xD5, 0x60, 0x85, 0x82, 0x33, 0x77, 0xE4, 0x8E, 0xD3, 0xF5, 0x17, 0x14,
    0x58, 0x45, 0x03, 0x61, 0xC5, 0xED, 0x56, 0x61, 0xC9, 0x78, 0x3C, 0xE8, 0x74, 0xBD, 0x5E, 0x49,
    0x95, 0x27, 0xC4, 0x70, 0x81, 0x26, 0x8E, 0x0A, 0x09, 0xF4, 0xBC, 0x17, 0xE0, 0x1C, 0x3F, 0x58,
    0xA2, 0x1E, 0x93, 0x05, 0x98, 0x2B, 0xFF, 0x35, 0x8D, 0x13, 0x75, 0x17, 0x57, 0x9B, 0x96, 0x47,
    0xE2, 0xB9, 0xE2, 0x53, 0x84, 0xD8, 0x22, 0x25, 0x13, 0xA2, 0xEE, 0x53, 0x79, 0x2E, 0x9A, 0x60,
    0xFE, 0x0B, 0xF8, 0xF7, 0x31, 0xBE, 0xA2, 0x9F, 0x0D, 0xC8, 0x35, 0x70, 0x54, 0x39, 0xE4, 0x7B,
    0x54, 0x60, 0xDE, 0x10, 0x26, 0xCC, 0xF5, 0x42, 0x81, 0x83, 0xFF, 0xFC, 0xE6, 0xC1, 0x26, 0x13,
    0x47, 0xFE, 0xC0, 0x45, 0x95, 0xC3, 0x15, 0x07, 0xBC, 0x1E, 0x45, 0x88, 0x6C, 0x07, 0x5D, 0xAE,
    0x58, 0xAB, 0xC2, 0x79, 0xB9, 0xF4, 0x92, 0x7D, 0xC0, 0x7F, 0x9C, 0x97, 0x67, 0xF8, 0xA3, 0x53,
    0xB6, 0x73, 0x4B, 0xFB, 0xC7, 0x9F, 0x0F, 0x11, 0x2E, 0xC6, 0x54, 0x59, 0x8D, 0x29, 0x04, 0x04,
    0xDE, 0x17, 0x63, 0xEA, 0xD9, 0xE1, 0x42, 0x01, 0x9C, 0xAA, 0x29, 0x11, 0x92, 0xB7, 0xD0, 0x23,
    0xBC, 0x6E, 0x90, 0xF5, 0x44, 0x65, 0x40, 0xE5, 0xDF, 0x0D, 0xB2, 0x9E, 0x8F, 0xB6, 0x07, 0xF7,
    0xA2, 0x4F, 0xD8, 0x81, 0xE7, 0x63, 0x7E, 0xFD, 0xAC, 0xB4, 0xEA, 0xB9, 0xFC, 0xB5, 0xF5, 0xDB,
    0x18, 0x44, 0x90, 0x1B, 0x57, 0x5D, 0x2C, 0xBA, 0xCD, 0x70, 0x9F, 0x71, 0x00, 0x46, 0x55, 0xE4,
    0x30, 0x24, 0xA9, 0x46, 0xB2, 0x7E, 0x98, 0x77, 0x37, 0x15, 0xA6, 0xBD, 0x8D, 0x1A, 0xC9, 0x5A,
    0xA8, 0xCD, 0x46, 0x61, 0xFC, 0xF5, 0xB9, 0x41, 0x9D, 0xB2, 0x55, 0x76, 0xD3, 0xBA, 0x29, 0x53,
    0x8D, 0x64, 0xD2, 0x3B, 0x23, 0x61, 0x8C, 0x37, 0x7F, 0xFF, 0xB3, 0xCB, 0x8F, 0x6D, 0x55, 0x3D,
    0x44, 0x67, 0x53, 0xC5, 0x4D, 0xEB, 0xD4, 0x27, 0x5F, 0x39, 0x2C, 0xF0, 0x56, 0xAA, 0x23, 0xFE,
    0x6B, 0xF8, 0x8F, 0x76, 0xA4, 0x0F, 0x6C, 0xBC, 0x6D, 0x3B, 0xEA, 0x8E, 0x90, 0x22, 0xBE, 0xF1,
    0x8E, 0xB7, 0x0F, 0xDC, 0xEA, 0xCD, 0x85, 0x0E, 0x56, 0x50, 0x71, 0x44, 0x78, 0x47, 0x2B, 0x5A,
    0xE5, 0x73, 0xDA, 0x11, 0xB0, 0xF1, 0x1F, 0xD8, 0x31, 0xCD, 0x65, 0x4E, 0x6A, 0xAA, 0x60, 0x9B,
    0xA8, 0xF7, 0x36, 0xB0, 0x02, 0x21, 0xD2, 0x9B, 0x90, 0xDA, 0x40, 0xDD, 0xB1, 0x0A, 0xB0, 0x72,
    0x5A, 0xAA, 0xCC, 0x0E, 0x34, 0xC7, 0xD5, 0x17, 0x75, 0x8A, 0x14, 0x9A, 0x56, 0x2E, 0x73, 0xBC,
    0x97, 0x50, 0x60, 0x3D, 0x9A, 0x78, 0x88, 0xAD, 0x98, 0x51, 0x35, 0xA2, 0x26, 0x55, 0x89, 0x6B,
    0x8C, 0xFE, 0x24, 0x94, 0x59, 0x51, 0xB1, 0x30, 0x13, 0x5A, 0x6F, 0x38, 0x05, 0x70, 0xE2, 0x53,
    0xFE, 0xD8, 0xB7, 0x2B, 0x46, 0x09, 0x12, 0x0C, 0x96, 0xA7, 0xF7, 0x3A, 0x32, 0x3B, 0xC8, 0xAB,
    0xC8, 0xB0, 0xE8, 0xC8, 0xB0, 0x68, 0x15, 0x1C, 0x34, 0xDB, 0xC6, 0xB0, 0x14, 0x36, 0x02, 0x73,
    0xB0, 0x75, 0xB7, 0x18, 0xC9, 0xBA, 0xFA, 0x32, 0x11, 0x75, 0x6B, 0xB1, 0xBB, 0x85, 0xAD, 0x41,
    0xF5, 0x0A, 0xCB, 0x3D, 0x70, 0x5E, 0x60, 0x0D, 0xD6, 0x29, 0x16, 0x24, 0xC5, 0x74, 0x33, 0xAB,
    0x46, 0xA6, 0xE6, 0x41, 0x7D, 0xF2, 0x19, 0x4D, 0x54, 0xAA, 0x3A, 0x0A, 0x0A, 0x50, 0x34, 0x05,
    0xAB, 0xCC, 0x31, 0xD6, 0xA6, 0x8E, 0x04, 0x94, 0x1D, 0xA1, 0xFC, 0xBC, 0x69, 0x11, 0xB2, 0x66,
    0x26, 0xA4, 0x9B, 0xCF, 0xC8, 0x11, 0x2B, 0xB4, 0x10, 0x0C, 0xE2, 0xFA, 0x1A, 0x19, 0x2A, 0x48,
    0x6E, 0x80, 0x87, 0x09, 0x5E, 0xF1, 0x13, 0x70, 0xF0, 0x54, 0x0C, 0x50, 0x72, 0x31, 0xC0, 0xD2,
    0x74, 0x8A, 0xED, 0x37, 0x26, 0xAE, 0xB1, 0x1B, 0x9D, 0x3E, 0x99, 0xC5, 0xD7, 0xB1, 0xFD, 0xDA,
    0x27, 0xAD, 0x03, 0x17, 0xE9, 0xFC, 0x91, 0x8B, 0x62, 0xE1, 0xDE, 0xD6, 0xFD, 0x56, 0x1F, 0x63,
    0x4D, 0x7D, 0x1B, 0x1F, 0xE1, 0x41, 0xAF, 0x0A, 0xAD, 0x41, 0xE2, 0x47, 0x94, 0x90, 0x04, 0x95,
    0x93, 0xB9, 0xBF, 0x98, 0xFA, 0x2E, 0xBA, 0xBD, 0x1B, 0x23, 0x09, 0x93, 0x3E, 0xFF, 0x45, 0x28,
    0x06, 0x43, 0x16, 0xA4, 0x27, 0x3A, 0xE2, 0xD7, 0xA3, 0xDA, 0x93, 0xB7, 0xA5, 0x46, 0x2E, 0x7D,
    0xAB, 0x5C, 0xD2, 0xF5, 0x53, 0xBD, 0x9B, 0xCB, 0x53, 0x8D, 0xEB, 0x89, 0xBD, 0xCE, 0x93, 0x75,
    0x96, 0xAB, 0xFD, 0x95, 0x67, 0xE3, 0x78, 0xB8, 0x50, 0x94, 0xE7, 0x87, 0xFD, 0xEA, 0x67, 0xE2,
    0x22, 0x2D, 0x1E, 0x95, 0x43, 0x5C, 0x3F, 0xC6, 0xF7, 0x6A, 0x65, 0x3D, 0x40, 0x9F, 0x45, 0xF2,
    0x22, 0x33, 0x19, 0x10, 0x1D, 0x89, 0xD4, 0x02, 0x1A, 0x4D, 0x8B, 0x1A, 0x3B, 0x43, 0x64, 0xD6,
    0x72, 0x6F, 0x32, 0x04, 0x89, 0x51, 0x30, 0xB7, 0xC9, 0x34, 0xBF, 0x42, 0xD7, 0x35, 0x7C, 0x72,
    0x2B, 0x78, 0x7C, 0xD8, 0xE1, 0xF0, 0x78, 0x95, 0x4B, 0x68, 0x5C, 0xB8, 0xD0, 0xEC, 0xD4, 0x16,
    0xAA, 0x1B, 0x05, 0xBE, 0xF6, 0x37, 0x61, 0x9A, 0x3F, 0x2A, 0x79, 0x12, 0xEF, 0x3D, 0xAA, 0xED,
    0x74, 0x41, 0xEA, 0x8C, 0xB8, 0x5E, 0xDB, 0x17, 0xAC, 0x79, 0x2B, 0xF6, 0x64, 0x9F, 0x20, 0x33,
    0x8F, 0x81, 0xE3, 0x98, 0xAF, 0xEF, 0x2A, 0xD6, 0x81, 0xD4, 0x11, 0xB3, 0x73, 0xE0, 0xB5, 0x62,
    0xBD, 0x25, 0xC5, 0xFA, 0x7A, 0x09, 0x3B, 0x57, 0xB2, 0xEB, 0xF2, 0x9E, 0x13, 0x45, 0x34, 0x2B,
    0xD9, 0xFF, 0x5A, 0x85, 0x7E, 0xAC, 0x4C, 0xD4, 0x64, 0xB9, 0x4A, 0xBD, 0x56, 0xAF, 0xC7, 0x53,
    0x4E, 0x0D, 0x7D, 0x96, 0x37, 0xC0, 0x83, 0x0C, 0x18, 0xD7, 0x8F, 0x15, 0xF9, 0x97, 0x56, 0xAA,
    0x12, 0xEF, 0x76, 0xBA, 0x9E, 0x57, 0x82, 0xB3, 0x50, 0xF0, 0xFB, 0x5F, 0xFA, 0xFB, 0x92, 0x68,
    0x21, 0x60, 0xF9, 0x65, 0xD1, 0x93, 0x5A, 0x0B, 0xED, 0xC3, 0xE4, 0x1A, 0x77, 0x80, 0x75, 0xB5,
    0xB7, 0x00, 0x01, 0xE4, 0xE7, 0x75, 0xCB, 0x65, 0x8C, 0xA9, 0x4A, 0xE0, 0x98, 0x3C, 0xAF, 0xED,
    0x49, 0xB4, 0x53, 0x5B, 0x00, 0xAE, 0x17, 0xF2, 0x69, 0xB1, 0x88, 0x81, 0x84, 0x5A, 0xB2, 0x85,
    0x7F, 0x5F, 0xDC, 0xB3, 0x91, 0x1B, 0x1A, 0x3F, 0x80, 0xF7, 0xD4, 0xD6, 0x16, 0x5E, 0xCE, 0xC1,
    0xEB, 0x75, 0x12, 0xA5, 0xE5, 0x36, 0xC3, 0xD5, 0x81, 0x37, 0x6F, 0x6D, 0xC7, 0x29, 0x38, 0xA6,
    0x13, 0x0A, 0x70, 0x99, 0x8C, 0xBD, 0x45, 0xFB, 0xC3, 0xFD, 0x68, 0xFE, 0x80, 0x74, 0xFD, 0xD8,
    0xC7, 0x88, 0x42, 0x48, 0x98, 0xDE, 0x83, 0xCF, 0xAA, 0x76, 0xFD, 0x55, 0x01, 0x56, 0xC0, 0xE3,
    0xDF, 0x1A, 0xD3, 0x83, 0xF2, 0x78, 0xF5, 0x07, 0x92, 0xEC, 0xEA, 0x0B, 0xF2, 0xB8, 0xCC, 0x61,
    0xC9, 0x81, 0xDA, 0x28, 0x66, 0x13, 0x6F, 0x82, 0xEC, 0xDD, 0xB8, 0xFE, 0x8F, 0x3E, 0xF6, 0x03,
    0xE6, 0x4C, 0xD1, 0x09, 0xF3, 0xF5, 0x27, 0x4B, 0x6E, 0x23, 0xD0, 0x30, 0xE0, 0xC1, 0x0F, 0x0D,
    0x44, 0xF9, 0x3F, 0xC0, 0xC3, 0x63, 0x2D, 0x73, 0xA3, 0x24, 0xA0, 0xCE, 0xF4, 0xC5, 0x27, 0xC8,
    0x16, 0xA3, 0x0A, 0x58, 0x4A, 0x0A, 0xF8, 0x12, 0xFD, 0xD2, 0x5C, 0x43, 0xC9, 0xD9, 0x0E, 0xE3,
    0x40, 0x2D, 0x4D, 0xA2, 0xCC, 0x45, 0xE6, 0x1A, 0x02, 0x56, 0x5C, 0x43, 0xB4, 0xDC, 0x08, 0xFD,
    0xC9, 0x5C, 0x43, 0xDB, 0xE1, 0x4E, 0xAE, 0xA6, 0x01, 0x24, 0x80, 0x6F, 0xF9, 0x8A, 0xCC, 0x74,
    0xCE, 0x64, 0x5C, 0xF9, 0xCA, 0x2E, 0x3F, 0x8E, 0xF7, 0xB0, 0x1F, 0x6A, 0xCF, 0x62, 0xEA, 0xA5,
    0x1F, 0xE2, 0xFB, 0x1C, 0xFF, 0x03, 0xD5, 0x9A, 0x51, 0xAA, 0xE3, 0x3A, 0x0C, 0x86, 0x7F, 0xD0,
    0x6B, 0x41, 0x5B, 0x99, 0x05, 0x04, 0xB4, 0x75, 0xC1, 0x59, 0xC0, 0x6C, 0x45, 0x70, 0x5F, 0x0D,
    0xBA, 0xFC, 0x96, 0x11, 0x4E, 0x3B, 0x9D, 0xA7, 0x4E, 0xD3, 0x9A, 0xF8, 0x73, 0x71, 0xC3, 0xB1,
    0xFC, 0x1D, 0xC5, 0x71, 0xDA, 0x02, 0x30, 0x00, 0xC8, 0x05, 0xC8, 0xC4, 0x6F, 0x07, 0xB4, 0x61,
    0xBA, 0x80, 0xA1, 0x0E, 0x89, 0x09, 0x71, 0xA8, 0x4B, 0x14, 0x2C, 0x73, 0x21, 0x89, 0xC1, 0xF7,
    0x63, 0x81, 0xA7, 0x23, 0xCC, 0x81, 0x61, 0x00, 0x46, 0x12, 0xD8, 0x4A, 0x70, 0xC4, 0x06, 0x1C,
    0x80, 0x86, 0x22, 0xD3, 0x24, 0xCD, 0x34, 0x64, 0x98, 0xCB, 0x30, 0x60, 0xD6, 0x31, 0xAB, 0x44,
    0x57, 0xE8, 0xAA, 0xE6, 0x03, 0xE9, 0x29, 0xE9, 0x96, 0xBF, 0x5D, 0x87, 0xFA, 0x3E, 0x84, 0xAC,
    0x8A, 0xEA, 0x15, 0xC2, 0x82, 0x1C, 0xC4, 0x81, 0xF5, 0x4A, 0x83, 0xE8, 0x2E, 0xE0, 0x3A, 0x45,
    0xE9, 0x40, 0x06, 0x3A, 0x7C, 0xF3, 0x0A, 0x2A, 0x56, 0x7D, 0xB1, 0x28, 0xDB, 0x18, 0x7C, 0xF5,
    0xE3, 0x58, 0x01, 0x48, 0x4C, 0x35, 0xAD, 0xE4, 0x6C, 0x06, 0xD9, 0x2C, 0x39, 0x65, 0x07, 0xBA,
    0xD1, 0xB4, 0x39, 0x15, 0xD5, 0xA4, 0x4B, 0x52, 0x09, 0x2A, 0x52, 0x51, 0x33, 0xC9, 0xA9, 0xEA,
    0x74, 0x4C, 0x5B, 0x98, 0xBA, 0x60, 0x20, 0x97, 0xB0, 0x45, 0x89, 0x35, 0x52, 0x2A, 0x03, 0xE2,
    0x00, 0x32, 0x4F, 0x0E, 0x54, 0x69, 0x75, 0x74, 0x07, 0xCA, 0x03, 0xED, 0xC1, 0x9C, 0x00, 0x16,
    0x46, 0x41, 0xE2, 0x04, 0x6D, 0x98, 0x83, 0x22, 0x41, 0x93, 0xA0, 0x4A, 0x94, 0xCB, 0xCA, 0x63,
    0xA2, 0x84, 0xDD, 0xAC, 0x44, 0x96, 0xC7, 0xD6, 0x78, 0x65, 0x76, 0x55, 0x9C, 0x0E, 0xBE, 0x01,
    0xFC, 0xCA, 0xF2, 0x44, 0x4D, 0x65, 0xE9, 0xE5, 0xD9, 0x25, 0x03, 0xE5, 0xA3, 0x29, 0xDF, 0x9A,
    0x63, 0x1A, 0xE4, 0x44, 0x27, 0xDA, 0xED, 0x92, 0x44, 0xA3, 0x8F, 0xE0, 0xC8, 0x1C, 0x5A, 0x7E,
    0x48, 0xC5, 0x6D, 0x33, 0xE7, 0xF8, 0x32, 0xBB, 0x32, 0x98, 0xD6, 0x99, 0xC0, 0xA1, 0xE3, 0xEE,
    0x02, 0xD9, 0x15, 0x1F, 0x08, 0xC0, 0xDF, 0xA2, 0x78, 0xD2, 0xE8, 0x70, 0xC4, 0xF2, 0x68, 0x30,
    0x74, 0xF9, 0xD0, 0x5B, 0x28, 0x92, 0xD5, 0xA7, 0x33, 0x93, 0x28, 0x05, 0x2C, 0x6F, 0xB9, 0xBD,
    0xC2, 0xF6, 0xC5, 0x18, 0xCA, 0x4A, 0x8A, 0x1B, 0x05, 0x8D, 0x4A, 0xCB, 0xCB, 0x1D, 0x56, 0xAD,
    0xD4, 0x05, 0x0E, 0x1E, 0x07, 0x54, 0x02, 0x9A, 0xC1, 0x18, 0x5E, 0x6E, 0x6C, 0xDF, 0x6D, 0x28,
    0x21, 0x9F, 0x6A, 0xA6, 0x6E, 0x0E, 0x2B, 0xD6, 0xDB, 0x3B, 0xCC, 0x10, 0xBD, 0xB8, 0x7E, 0x7C,
    0xE2, 0x18, 0x18, 0x54, 0x55, 0x7B, 0x53, 0xF2, 0xEC, 0xCB, 0xBD, 0x4A, 0x62, 0x5F, 0xEE, 0xCB,
    0x53, 0x89, 0x2A, 0x53, 0xA5, 0xEA, 0xFB, 0x96, 0x7B, 0xA0, 0x54, 0x4E, 0x97, 0x94, 0x59, 0x41,
    0xBE, 0xE7, 0x8E, 0x2A, 0xAE, 0x9C, 0x64, 0x76, 0xB2, 0xF9, 0xC7, 0xAF, 0xF4, 0x37, 0xA6, 0xDD,
    0x4F, 0xA7, 0xDD, 0xDB, 0x56, 0x79, 0xCB, 0xF4, 0x1D, 0xA8, 0x58, 0x1F, 0xD1, 0x21, 0x67, 0x0E,
    0x22, 0x16, 0xD8, 0xA7, 0xFE, 0x07, 0x94, 0xE9, 0x46, 0x0F, 0x91, 0x99, 0xD8, 0xCB, 0x41, 0x64,
    0xE3, 0x20, 0x74, 0x00, 0x99, 0x2E, 0x69, 0xAE, 0xA1, 0x6E, 0x2E, 0x6E, 0xD0, 0x59, 0x87, 0x24,
    0x18, 0x42, 0xA6, 0x33, 0xA8, 0x87, 0x9A, 0x7E, 0xC0, 0x72, 0x4C, 0x91, 0x4F, 0x67, 0x0D, 0xA9,
    0x51, 0xCE, 0x31, 0x1E, 0xFB, 0x93, 0x63, 0x01, 0x17, 0x2A, 0x92, 0x64, 0x5D, 0xAB, 0x93, 0x3A,
    0xFA, 0x7A, 0xF3, 0xAA, 0x2F, 0x15, 0x95, 0x60, 0xB4, 0xFF, 0x79, 0xED, 0x40, 0xB5, 0x22, 0xBA,
    0xDA, 0x80, 0xF9, 0x81, 0x1C, 0x03, 0x91, 0x21, 0xDE, 0x49, 0xFC, 0xD2, 0xF4, 0x50, 0x27, 0xAD,
    0x33, 0x51, 0xFF, 0x63, 0xBF, 0xD5, 0x74, 0x8E, 0xB5, 0x96, 0x00, 0xB7, 0x7B, 0x1B, 0x67, 0xA2,
    0x15, 0x3C, 0x61, 0x29, 0x28, 0x2F, 0x64, 0x34, 0xA3, 0xA2, 0x78, 0xC2, 0x1A, 0xB0, 0x79, 0x1E,
    0xB6, 0xAF, 0xA4, 0xF6, 0x3B, 0x14, 0x10, 0x86, 0xAD, 0x53, 0x1F, 0xBB, 0xA2, 0x52, 0x65, 0x57,
    0x37, 0xE5, 0x50, 0x1E, 0x68, 0x0F, 0xD4, 0x07, 0xBA, 0x2B, 0xD0, 0x20, 0x15, 0x12, 0xFE, 0xF4,
    0xFF, 0x5C, 0x26, 0xA7, 0xCA, 0xE5, 0x92, 0x15, 0x47, 0x47, 0xAA, 0xDA, 0x22, 0xC7, 0xB1, 0x34,
    0xDE, 0xAE, 0xCE, 0x28, 0x5B, 0x67, 0x88, 0x0F, 0xE0, 0x67, 0x86, 0x5E, 0x9A, 0x42, 0xFE, 0x49,
    0x76, 0x25, 0xA1, 0x0D, 0x0E, 0x18, 0xFE, 0x69, 0x56, 0xFA, 0x21, 0x53, 0x16, 0x30, 0x0C, 0x90,
    0xF1, 0xEB, 0x92, 0x34, 0x82, 0xB1, 0x63, 0xCE, 0xC6, 0xD3, 0x21, 0x2E, 0x58, 0xE5, 0x13, 0x13,
    0x8A, 0x53, 0x9F, 0xD1, 0xFF, 0xD2, 0x80, 0xAF, 0x01, 0xE4, 0x5F, 0x27, 0xD6, 0x66, 0x82, 0xC3,
    0x85, 0x31, 0x56, 0x45, 0x97, 0x4F, 0xBD, 0xAD, 0x53, 0x8C, 0x24, 0xF7, 0x58, 0xC0, 0xA1, 0x3E,
    0x77, 0x4B, 0x2C, 0x6F, 0xB9, 0xE5, 0xDF, 0xFA, 0xE3, 0xBB, 0xFB, 0x0F, 0x63, 0x59, 0x97, 0xB5,
    0x80, 0xA5, 0x57, 0x9C, 0x71, 0xAE, 0xEA, 0x8F, 0xD5, 0x70, 0xAE, 0xC7, 0x1F, 0x82, 0xE3, 0x28,
    0x53, 0x8F, 0x03, 0x6C, 0x03, 0x98, 0x7A, 0xCD, 0x61, 0xC0, 0xAF, 0x79, 0x02, 0x1E, 0xB6, 0xDB,
    0x0E, 0xDD, 0x0F, 0xC0, 0xB6, 0x63, 0xD4, 0xF1, 0x86, 0x80, 0x57, 0x91, 0xED, 0x4F, 0x08, 0x2A,
    0x15, 0xCC, 0xC9, 0x2E, 0x15, 0x56, 0x1F, 0xF1, 0xB7, 0xE9, 0xF4, 0x44, 0x3A, 0x53, 0x06, 0x0F,
    0xCA, 0x58, 0x69, 0x2D, 0x99, 0xDE, 0x8F, 0x23, 0x2E, 0xF5, 0x76, 0xD6, 0xBF, 0x0C, 0x5A, 0xE4,
    0x09, 0x6E, 0x33, 0x2A, 0xC3, 0x99, 0xB6, 0x98, 0x24, 0xEE, 0x99, 0x73, 0xE8, 0x41, 0xCA, 0x98,
    0xF3, 0x08, 0x1E, 0x7C, 0x91, 0x9A, 0xEB, 0x52, 0x28, 0x09, 0xE7, 0x22, 0x4E, 0x6A, 0x2C, 0x03,
    0xDD, 0xD3, 0xA9, 0x9B, 0xA1, 0x21, 0x61, 0xBE, 0xED, 0xCF, 0x1F, 0x6A, 0xEF, 0xD5, 0x7D, 0xCC,
    0xF8, 0x73, 0xA6, 0xAE, 0x74, 0xEA, 0x3E, 0xFE, 0x37, 0xB0, 0xCC, 0x20, 0x6B, 0xCC, 0xD8, 0xE8,
    0x64, 0x12, 0x88, 0x8D, 0xF8, 0x44, 0x93, 0xC9, 0xEA, 0xFB, 0x03, 0x77, 0x4F, 0x91, 0xF5, 0xD5,
    0x26, 0x07, 0x70, 0xDA, 0x5E, 0xA5, 0x61, 0xED, 0xA7, 0xA1, 0x42, 0x8E, 0x96, 0xF5, 0xA9, 0xC6,
    0x7A, 0x7D, 0xAE, 0x8D, 0x5D, 0x1E, 0xB5, 0x74, 0xC2, 0x18, 0x7F, 0x20, 0x9E, 0xDC, 0x91, 0x33,
    0x40, 0x7B, 0x30, 0xEF, 0x27, 0xE9, 0xE7, 0xD8, 0x1E, 0xAC, 0xE7, 0xE9, 0x5E, 0xB1, 0x53, 0xE5,
    0x72, 0xA9, 0xB8, 0x4F, 0x78, 0x44, 0xE2, 0xBB, 0x64, 0x9E, 0x77, 0x7E, 0xFF, 0x65, 0x89, 0xA4,
    0xC7, 0xD2, 0xF8, 0xF2, 0xF4, 0xD3, 0x25, 0xAA, 0xD8, 0x3D, 0x79, 0xFB, 0xBE, 0x24, 0xB4, 0xD9,
    0x6C, 0x7B, 0xC3, 0xAB, 0x32, 0xB1, 0x3F, 0xB8, 0xCA, 0x04, 0x70, 0xE8, 0x20, 0xF7, 0xB1, 0xBF,
    0x2C, 0x2B, 0x7B, 0xFB, 0x98, 0x73, 0x32, 0xBD, 0x7D, 0xFC, 0xC7, 0xD9, 0xD9, 0x9E, 0x80, 0xFE,
    0x9C, 0x50, 0xE2, 0xC1, 0xD6, 0x77, 0xDE, 0x8C, 0x37, 0x83, 0x7E, 0x32, 0xF8, 0x9E, 0x1B, 0xB5,
    0x9E, 0xAE, 0x7E, 0xEB, 0xD3, 0x00, 0xC8, 0x9D, 0xDC, 0x52, 0x37, 0x93, 0x9D, 0x86, 0xD5, 0xA7,
    0x62, 0x9B, 0x8E, 0x73, 0x49, 0x8E, 0x65, 0x79, 0x69, 0x5E, 0x9E, 0x51, 0xA2, 0x61, 0xB8, 0x6F,
    0xAC, 0x9B, 0x32, 0xFC, 0xD8, 0xB0, 0x96, 0xF1, 0xA5, 0x7C, 0x39, 0x5F, 0xD2, 0xCB, 0x7A, 0x6B,
    0x6F, 0xEF, 0xFD, 0x3C, 0x70, 0xF7, 0x9D, 0x50, 0x77, 0xD0, 0xED, 0x40, 0xE6, 0x4F, 0x48, 0x72,
    0x36, 0x21, 0xF9, 0xB2, 0xAB, 0xDE, 0xBC, 0xA5, 0x6E, 0xE3, 0xAE, 0x66, 0x7C, 0xAF, 0x55, 0xF5,
    0xC2, 0xF9, 0xC7, 0x06, 0xEF, 0xB1, 0xDA, 0x9B, 0x4A, 0xE4, 0xAE, 0xB5, 0x9B, 0xEA, 0xCC, 0x93,
    0xEA, 0xF8, 0xC6, 0xCC, 0xCD, 0x9E, 0xA3, 0x34, 0x8C, 0x18, 0x3D, 0xA5, 0x78, 0x4B, 0x0E, 0x1F,
    0x6C, 0x72, 0xD4, 0xB0, 0xB3, 0x53, 0x5C, 0xFD, 0x6B, 0x93, 0xD7, 0x66, 0x5C, 0x39, 0xD6, 0x64,
    0x5C, 0xFD, 0x0D, 0x79, 0xFB, 0x7D, 0x9A, 0xCE, 0x45, 0x57, 0xD3, 0x1B, 0xAB, 0xEE, 0x7C, 0x9F,
    0xBC, 0x67, 0x5F, 0x41, 0x95, 0x30, 0xE2, 0x20, 0x86, 0xFA, 0x3D, 0x24, 0x94, 0x67, 0xD9, 0x03,
    0xD4, 0xC7, 0x9F, 0x61, 0x38, 0x61, 0x20, 0x29, 0x2E, 0xDD, 0x02, 0x56, 0x3B, 0xC4, 0xF1, 0xD7,
    0x0F, 0x8D, 0xCA, 0x95, 0x6D, 0xF5, 0xE0, 0xD4, 0x0C, 0xA7, 0xFA, 0xD7, 0x6F, 0xC0, 0x32, 0x7F,
    0xBB, 0x0D, 0xF5, 0x97, 0x7C, 0x17, 0x74, 0x9D, 0xA2, 0xC7, 0x9F, 0x11, 0x56, 0xA0, 0x51, 0xF5,
    0x95, 0xA2, 0x3A, 0x31, 0xF3, 0x0F, 0xDB, 0x17, 0x7D, 0x48, 0xE9, 0x98, 0xE1, 0xA8, 0x4F, 0x2D,
    0xD5, 0x8C, 0xDA, 0x11, 0xE6, 0xA8, 0x26, 0x66, 0x33, 0x80, 0x29, 0x08, 0xD0, 0x35, 0x85, 0x27,
    0x4D, 0x9F, 0xFC, 0xBC, 0x31, 0x3C, 0x36, 0x3C, 0x4A, 0x1E, 0x60, 0xD4, 0x87, 0x12, 0x08, 0x74,
    0x96, 0xC9, 0xB8, 0xDF, 0x33, 0x5A, 0xCF, 0xB0, 0xE6, 0x58, 0x2C, 0x85, 0xA4, 0x4D, 0x26, 0xC8,
    0x20, 0x6B, 0xB8, 0x47, 0x06, 0x5F, 0xC8, 0x46, 0xDD, 0x68, 0x4E, 0x26, 0x5D, 0x08, 0x49, 0xD5,
    0x40, 0xC9, 0x6E, 0xCD, 0xF6, 0xA7, 0x25, 0x42, 0xE2, 0x7B, 0x75, 0xEB, 0xB2, 0xB9, 0x29, 0x3E,
    0x26, 0xED, 0x52, 0xDD, 0x28, 0xEA, 0xD8, 0xB4, 0x77, 0x73, 0xEC, 0xEF, 0x29, 0xAA, 0xF9, 0xCA,
    0x5C, 0x4F, 0x9F, 0x2C, 0xFB, 0x81, 0xD6, 0x6D, 0x3E, 0xB9, 0xCD, 0x36, 0x2E, 0xCB, 0xFB, 0x00,
    0xEA, 0x4B, 0x67, 0x40, 0x7F, 0x72, 0x36, 0xC8, 0x6F, 0x4E, 0x78, 0x9D, 0x9D, 0xD4, 0x3A, 0x8C,
    0x7D, 0x21, 0x71, 0x55, 0xAA, 0x7F, 0x9F, 0xBE, 0x73, 0x39, 0xAA, 0xC9, 0x6E, 0xBA, 0xF3, 0x52,
    0xA1, 0x5D, 0x6A, 0xFC, 0x51, 0xEC, 0x9E, 0xA7, 0x0F, 0x75, 0x5D, 0x2A, 0x0A, 0x27, 0x70, 0xCC,
    0x11, 0x21, 0x13, 0x01, 0x83, 0x3A, 0x74, 0xC2, 0x4F, 0x5B, 0x06, 0xF9, 0x09, 0x6A, 0xF2, 0x06,
    0x00, 0x8C, 0x46, 0xD4, 0x60, 0x0F, 0x50, 0x3F, 0x01, 0xB0, 0x67, 0x01, 0x76, 0x31, 0xC0, 0xCA,
    0xD4, 0x82, 0xC4, 0x16, 0xDB, 0x0A, 0xD0, 0xB0, 0x07, 0xC8, 0xD8, 0x0A, 0x34, 0x25, 0x05, 0xAC,
    0x28, 0x65, 0x34, 0xCE, 0x61, 0x19, 0x16, 0x7E, 0xF7, 0xAF, 0x01, 0xD3, 0xAF, 0x94, 0xD3, 0x45,
    0x09, 0x6B, 0xE8, 0xFB, 0xBC, 0xF0, 0x64, 0x93, 0x02, 0xBD, 0x78, 0x7B, 0xE9, 0x2D, 0x7A, 0xE2,
    0x14, 0xB5, 0xF5, 0x5F, 0xF1, 0xC2, 0xD5, 0x19, 0x26, 0xE3, 0x2E, 0xCA, 0xFE, 0x95, 0x5D, 0x9C,
    0xA3, 0xBC, 0x3E, 0xD7, 0xFA, 0xA7, 0x06, 0xA3, 0x9E, 0x61, 0xFB, 0x71, 0xFC, 0x6A, 0x89, 0xDB,
    0x2F, 0x20, 0x2A, 0x2C, 0xF3, 0x4F, 0xBA, 0x42, 0xFF, 0x07, 0xC5, 0x98, 0x41, 0x8A, 0x2C, 0x3D,
    0xAE, 0x85, 0x3F, 0xD0, 0xB4, 0x40, 0x5B, 0x49, 0x78, 0x53, 0x83, 0xB6, 0x2E, 0xC8, 0x05, 0xD4,
    0x56, 0x04, 0x35, 0x15, 0x9C, 0x87, 0xED, 0x30, 0x95, 0x41, 0x27, 0x7F, 0x57, 0xD2, 0x34, 0x2D,
    0xE9, 0x9C, 0xAB, 0x90, 0x6D, 0xC9, 0x0A, 0xF2, 0x2A, 0xA0, 0xB8, 0x4B, 0x52, 0x0C, 0xA9, 0xBE,
    0xEA, 0x51, 0x59, 0xFC, 0x4D, 0x0D, 0x67, 0x20, 0x3D, 0xFC, 0xCB, 0xCD, 0xF9, 0xA3, 0xEA, 0x2E,
    0x7D, 0xA1, 0x24, 0xE5, 0x15, 0xAB, 0x49, 0xEF, 0x9E, 0xCB, 0xEA, 0xBF, 0x6D, 0x21, 0x2D, 0x70,
    0xC9, 0x75, 0x8D, 0xA4, 0x29, 0x2B, 0x4F, 0xCF, 0x20, 0x10, 0x8D, 0xB5, 0x95, 0x5F, 0x91, 0x41,
    0x53, 0xD0, 0x76, 0xED, 0x71, 0x82, 0xA6, 0xB7, 0x8C, 0x41, 0x7B, 0x52, 0x8E, 0x55, 0xE0, 0xD9,
    0x0B, 0x61, 0xB5, 0x20, 0xAF, 0xB5, 0x6C, 0x1D, 0xB9, 0xD6, 0xEF, 0x7B, 0x18, 0x56, 0xE7, 0x38,
    0xD3, 0xB1, 0x8A, 0x7C, 0xCD, 0xE3, 0x14, 0x71, 0xED, 0xE9, 0x38, 0xE6, 0xDB, 0xB2, 0x3D, 0x87,
    0xE7, 0xB0, 0xC4, 0x0B, 0x3C, 0x5F, 0xC0, 0x42, 0x78, 0x64, 0x48, 0x48, 0x82, 0xC1, 0x2F, 0xEA,
    0x0E, 0x7B, 0x81, 0xE7, 0x1D, 0x71, 0x01, 0x04, 0xF4, 0x0B, 0x0A, 0xA3, 0xBE, 0x4C, 0xEA, 0x89,
    0x2F, 0x4B, 0x38, 0xF0, 0x57, 0x70, 0x90, 0xBA, 0xDF, 0xE5, 0x96, 0xCE, 0x1A, 0xBC, 0xA2, 0xD5,
    0x9A, 0xD2, 0xD1, 0x5E, 0x5F, 0xBB, 0x8B, 0x22, 0x9A, 0x10, 0xA1, 0x8A, 0x46, 0x49, 0x43, 0xC2,
    0x90, 0x7A, 0x10, 0x42, 0x42, 0x8D, 0x06, 0x81, 0x23, 0x44, 0xE4, 0xE6, 0x9E, 0x4C, 0xAC, 0x92,
    0x52, 0xF1, 0x89, 0x4A, 0xF8, 0x27, 0xAA, 0x9B, 0x58, 0xFE, 0x4D, 0xE7, 0xDE, 0x64, 0xEB, 0x67,
    0xA7, 0xB0, 0xAD, 0x7F, 0x3F, 0x05, 0x02, 0x4F, 0xC0, 0x95, 0x04, 0x80, 0x3F, 0x93, 0x01, 0x10,
    0x56, 0x34, 0xC0, 0xB0, 0xB2, 0x02, 0x68, 0x2B, 0x4F, 0x80, 0xB2, 0x72, 0xB6, 0x93, 0x71, 0x9C,
    0xBE, 0x9C, 0x67, 0x6D, 0xC7, 0x9F, 0x4F, 0xA5, 0x37, 0xE5, 0xFE, 0xAD, 0x0C, 0xD1, 0x11, 0x61,
    0xD5, 0x9E, 0xD1, 0x63, 0x58, 0x95, 0xA7, 0x67, 0x0D, 0xFB, 0x29, 0x4F, 0xAC, 0x7A, 0x3B, 0x9E,
    0x6D, 0x3F, 0xE9, 0xE0, 0x33, 0xD5, 0x74, 0xC6, 0x71, 0x7A, 0xE6, 0xCC, 0xC0, 0x8A, 0x72, 0xCB,
    0x81, 0x25, 0x1D, 0x96, 0x8D, 0x83, 0xDA, 0x54, 0x04, 0x44, 0xA1, 0x97, 0xBE, 0x4E, 0x67, 0xDC,
    0x7A, 0x3B, 0xDD, 0x71, 0xEB, 0xEF, 0x74, 0xC8, 0xAD, 0xC7, 0xD3, 0xE5, 0xBD, 0xCF, 0xD3, 0xE9,
    0xBD, 0xD7, 0xA8, 0xD3, 0x2D, 0xEA, 0xD3, 0xEF, 0xB3, 0xC6, 0xE9, 0xF8, 0x3B, 0xC7, 0xE9, 0xF9,
    0x7B, 0x75, 0xD2, 0xCB, 0x65, 0x9C, 0xBE, 0x9D, 0x71, 0x3A, 0x0F, 0x06, 0xE3, 0xB8, 0x7D, 0xBA,
    0x0F, 0xEA, 0xF4, 0x1F, 0xD4, 0x79, 0x03, 0x6E, 0x75, 0xDE, 0x81, 0x2B, 0xCF, 0x5B, 0x30, 0x81,
    0x38, 0x43, 0x8A, 0x60, 0x50, 0x20, 0x4F, 0xAE, 0xD9, 0x63, 0xF5, 0x3A, 0x53, 0x92, 0x61, 0xD7,
    0xDC, 0xD1, 0x8C, 0x76, 0x3C, 0xCB, 0x2A, 0x2C, 0x67, 0x13, 0xE9, 0xD9, 0x8E, 0x53, 0x83, 0xB0,
    0x1C, 0x73, 0xEB, 0xBA, 0x46, 0xD1, 0x0C, 0x82, 0xC0, 0xB7, 0xA6, 0x65, 0x07, 0xC3, 0x33, 0x96,
    0xB9, 0x1D, 0xCB, 0xB2, 0xAC, 0x9E, 0x87, 0xFD, 0x59, 0x71, 0xC1, 0x2D, 0x0F, 0xDA, 0xB3, 0x66,
    0xD6, 0x81, 0xE5, 0x34, 0x2F, 0xC6, 0xB2, 0x7A, 0x58, 0x8E, 0x79, 0x8C, 0x31, 0xF0, 0xC6, 0xF9,
    0xC2, 0x09, 0x7A, 0xB6, 0xA5, 0x53, 0x3B, 0x2D, 0xAD, 0x28, 0xF2, 0x78, 0xF4, 0x5A, 0x92, 0xB5,
    0x57, 0x64, 0xF3, 0xE0, 0x81, 0x27, 0x8C, 0xC9, 0x43, 0x93, 0xE5, 0x73, 0x77, 0x5D, 0x33, 0xAE,
    0x21, 0x96, 0x35, 0x78, 0xAE, 0x60, 0x79, 0x82, 0x75, 0xC0, 0x03, 0x35, 0x5F, 0x4D, 0xD4, 0x74,
    0x7C, 0x71, 0x34, 0x01, 0x2D, 0xC0, 0x2A, 0x12, 0x3C, 0xBD, 0x20, 0xB0, 0x86, 0x06, 0x61, 0xEB,
    0xD1, 0xD7, 0x52, 0xAC, 0xA4, 0xBD, 0x2A, 0x3D, 0x26, 0x3F, 0xC0, 0x00, 0x02, 0x5D, 0xDA, 0xBF,
    0x6A, 0x53, 0xEB, 0xAE, 0xB3, 0x33, 0x7F, 0x55, 0xB6, 0x06, 0xAF, 0x32, 0xE8, 0x9D, 0xCE, 0x56,
    0x1A, 0x50, 0x86, 0x5A, 0xEA, 0xFF, 0x6B, 0x59, 0xC5, 0xAF, 0x65, 0xFB, 0xB3, 0xFD, 0xBB, 0x5C,
    0xF8, 0x6A, 0xC9, 0x93, 0xE0, 0x96, 0xAD, 0x41, 0xCB, 0x1A, 0xE2, 0xFA, 0x68, 0x17, 0x90, 0x0F,
    0xB0, 0x1C, 0xEC, 0xE2, 0x63, 0x75, 0x86, 0x49, 0x09, 0x51, 0x80, 0x0B, 0xA4, 0xF2, 0xA4, 0x03,
    0xC6, 0x00, 0x2F, 0xB0, 0x04, 0x03, 0x1A, 0xB8, 0x1E, 0x9D, 0x8D, 0x31, 0x71, 0xC2, 0xF7, 0xA5,
    0x00, 0x7E, 0x36, 0xEC, 0x99, 0x0B, 0x6E, 0xC9, 0xB8, 0x50, 0x14, 0x00, 0x56, 0xB0, 0x9D, 0xBC,
    0x3B, 0xE4, 0x71, 0xDA, 0xB7, 0x63, 0xFA, 0x66, 0x8B, 0x4B, 0xCD, 0x92, 0x38, 0x8E, 0x6C, 0x3B,
    0xF6, 0x93, 0x67, 0x68, 0x5C, 0x4E, 0x9C, 0x12, 0xE2, 0x72, 0xBE, 0x68, 0x80, 0xC9, 0x75, 0x3E,
    0x96, 0xBC, 0x3A, 0x8F, 0xE9, 0xE4, 0x75, 0x53, 0xDA, 0x12, 0x3D, 0x93, 0x45, 0xAE, 0x1C, 0x84,
    0xE8, 0x55, 0x7A, 0x51, 0x7C, 0x37, 0x8B, 0x94, 0xC0, 0x4F, 0x62, 0x55, 0x60, 0x3F, 0x85, 0x67,
    0xB1, 0x28, 0xB2, 0x21, 0x28, 0x9C, 0x71, 0xEA, 0x07, 0x40, 0xA3, 0xAB, 0x17, 0x07, 0x18, 0x3B,
    0x76, 0x6E, 0x92, 0x27, 0x1E, 0x27, 0xCE, 0x6F, 0x3C, 0x4F, 0x7C, 0x70, 0xE2, 0x75, 0xE2, 0xF7,
    0x43, 0xF6, 0xE6, 0x50, 0x03, 0xE0, 0x9A, 0x16, 0x22, 0x98, 0x36, 0x96, 0xF5, 0xB1, 0xC2, 0xEA,
    0x98, 0xD2, 0x94, 0x9E, 0xFC, 0x1A, 0xC4, 0xB1, 0x73, 0x08, 0x35, 0x2A, 0x4E, 0x4E, 0x9D, 0x95,
    0x77, 0x19, 0xA7, 0xAD, 0x9C, 0x3A, 0xE9, 0xDE, 0x66, 0x5C, 0xA6, 0x9A, 0x86, 0x12, 0x6F, 0x42,
    0xED, 0x52, 0x4A, 0x6D, 0x52, 0x3D, 0x90, 0xE1, 0x05, 0x01, 0xF6, 0xFE, 0x9F, 0x6B, 0x32, 0x60,
    0x0D, 0x91, 0x78, 0x81, 0x20, 0x56, 0xC0, 0xD6, 0xD2, 0xD9, 0xEB, 0xB9, 0xF7, 0x02, 0x3B, 0x70,
    0x7E, 0xA4, 0xDC, 0x05, 0x1A, 0x2C, 0x41, 0x9C, 0x74, 0x7E, 0xCA, 0x00, 0x4A, 0x22, 0xD4, 0x84,
    0xD4, 0xE8, 0x81, 0x10, 0x04, 0x7D, 0x23, 0x6B, 0x68, 0x2B, 0x6C, 0x92, 0x97, 0x15, 0x91, 0x56,
    0xD6, 0x58, 0xCE, 0x40, 0x7A, 0x4E, 0x02, 0xCF, 0x00, 0x7F, 0x53, 0x3F, 0x10, 0x68, 0x53, 0x5F,
    0x11, 0x6F, 0x90, 0x49, 0xB9, 0xB8, 0x68, 0xD2, 0x26, 0x63, 0x3D, 0x99, 0xB6, 0xE6, 0xFC, 0xE8,
    0x5F, 0xD8, 0x73, 0xB2, 0xB0, 0xC4, 0x1A, 0xCF, 0x33, 0x55, 0x72, 0x31, 0x38, 0xF4, 0xE2, 0xE2,
    0x8D, 0x0C, 0xF6, 0x69, 0x3F, 0x4C, 0x6F, 0xFF, 0x12, 0x20, 0x80, 0xDE, 0xD8, 0xF5, 0x36, 0x82,
    0x85, 0x13, 0x3E, 0x4B, 0x91, 0xBF, 0xE1, 0x5E, 0x79, 0x72, 0x52, 0x6F, 0x2A, 0x97, 0x7E, 0x29,
    0xFF, 0x91, 0xB8, 0x51, 0x4F, 0x2A, 0xCA, 0xE1, 0x3F, 0x22, 0x42, 0x72, 0x49, 0xA1, 0xF6, 0x09,
    0xFD, 0x01, 0x71, 0x61, 0x9E, 0x43, 0x3A, 0xED, 0x54, 0x85, 0xFA, 0x82, 0xFE, 0x80, 0x9E, 0xD0,
    0x1E, 0xE9, 0x60, 0x75, 0x40, 0x5A, 0x9E, 0x41, 0xC5, 0x2C, 0x48, 0x4C, 0x3C, 0x9B, 0x9F, 0x5C,
    0xA3, 0x28, 0xB2, 0x08, 0xFA, 0x9A, 0x3D, 0x03, 0x2B, 0x5F, 0xCA, 0x1B, 0xE9, 0x17, 0x1D, 0x0C,
    0xC0, 0x94, 0x67, 0xD8, 0x5A, 0x11, 0xFC, 0xFE, 0x8F, 0xB5, 0x64, 0x00, 0xC9, 0x63, 0xF1, 0xFF,
    0x48, 0xEA, 0x5C, 0xC1, 0x92, 0x71, 0x26, 0xC9, 0x38, 0x3F, 0x6C, 0xD3, 0xBE, 0x7E, 0xC1, 0x6D,
    0x1A, 0x4E, 0xCA, 0x49, 0xED, 0xE7, 0xEB, 0xE2, 0x3A, 0x53, 0x1D, 0x59, 0x61, 0x3F, 0x79, 0x7D,
    0x49, 0xC2, 0x0A, 0x44, 0x9D, 0xE9, 0x4D, 0xF1, 0x22, 0x56, 0xAF, 0xF4, 0x38, 0x5F, 0x0D, 0xB4,
    0xCE, 0x2B, 0x7A, 0x72, 0x43, 0x64, 0xC3, 0x8C, 0x59, 0x5D, 0x5F, 0x06, 0x82, 0x3E, 0x39, 0x09,
    0x18, 0x84, 0xA6, 0x8D, 0x15, 0xAF, 0x33, 0x32, 0x6F, 0x33, 0xF2, 0x4C, 0xC7, 0xDB, 0xE2, 0x34,
    0x46, 0xA0, 0x81, 0x9A, 0x30, 0x09, 0xD8, 0x3F, 0x37, 0x22, 0x70, 0x89, 0x1E, 0xAB, 0xC1, 0x2A,
    0xC0, 0x35, 0x91, 0xA0, 0xEF, 0xC6, 0x8A, 0xB1, 0xB3, 0x0F, 0x30, 0x0A, 0x2C, 0x1F, 0x60, 0x2F,
    0xEF, 0xC9, 0x66, 0xC4, 0x9F, 0xD9, 0xD8, 0xCF, 0xB3, 0xE6, 0xB1, 0x84, 0x10, 0xE0, 0x0D, 0x92,
    0x94, 0x8B, 0x56, 0x6C, 0xAD, 0xAE, 0x7D, 0xEB, 0x84, 0xEF, 0x6C, 0xC9, 0x45, 0x78, 0xDE, 0xF1,
    0x5E, 0x1E, 0x40, 0x03, 0x02, 0x9A, 0x7F, 0x96, 0x7B, 0x3E, 0x03, 0xF9, 0xB3, 0x83, 0x8E, 0x67,
    0x85, 0x55, 0x78, 0xB6, 0x55, 0x7B, 0x96, 0x67, 0x87, 0x95, 0x53, 0xC3, 0x32, 0x2C, 0xDB, 0x19,
    0x96, 0xF3, 0xD9, 0x2D, 0x07, 0xE7, 0x36, 0xB1, 0xD8, 0x0F, 0xFF, 0x49, 0x06, 0xC0, 0xA3, 0x01,
    0x5A, 0x8B, 0xB7, 0xCF, 0xDF, 0xE5, 0x4D, 0x75, 0x03, 0x5E, 0x72, 0x6A, 0xF3, 0x27, 0x99, 0x3D,
    0xDF, 0xF0, 0x07, 0xF2, 0xAF, 0x1D, 0x3D, 0x76, 0xA7, 0xAD, 0xE6, 0x2E, 0x3C, 0x56, 0xAC, 0x00,
    0x5B, 0xD4, 0xC7, 0xFB, 0x53, 0x19, 0x4F, 0x81, 0x57, 0x5F, 0x64, 0xC9, 0xBF, 0x91, 0x7C, 0x53,
    0xC8, 0xF2, 0xCE, 0x56, 0x96, 0x9E, 0xD6, 0xBF, 0x4C, 0x5A, 0xDA, 0x5E, 0x7D, 0xC3, 0x7A, 0x91,
    0x97, 0xF8, 0x3F, 0x66, 0x8E, 0x8B, 0x99, 0x91, 0x37, 0x3B, 0x43, 0x0A, 0x80, 0xCB, 0x3B, 0xCE,
    0x90, 0x34, 0x76, 0x45, 0xB8, 0x1E, 0x62, 0x3D, 0x1C, 0x79, 0xFD, 0xFB, 0xC3, 0x67, 0x7F, 0x53,
    0x38, 0x0F, 0x9F, 0x9C, 0x8A, 0x8E, 0xF6, 0xF2, 0xB2, 0xFC, 0x40, 0x99, 0x3C, 0x4F, 0x45, 0x4B,
    0x9F, 0x9C, 0xFA, 0x7A, 0x94, 0x8F, 0xF1, 0x49, 0x35, 0xA5, 0xF2, 0xF3, 0xB7, 0xF1, 0xFF, 0x95,
    0x94, 0x41, 0xAA, 0x34, 0x3B, 0x08, 0x85, 0x3F, 0x70, 0xDA, 0xE0, 0x56, 0x7A, 0x01, 0x82, 0x5B,
    0x17, 0x7A, 0x01, 0xFF, 0x56, 0x84, 0x9E, 0x0A, 0xBE, 0x48, 0xA5, 0x72, 0x8B, 0x7B, 0x47, 0xAF,
    0xFC, 0xB0, 0x82, 0x9C, 0x24, 0xA0, 0x87, 0xD0, 0x21, 0x9D, 0x1A, 0xE9, 0x0C, 0xC6, 0x50, 0x17,
    0xB2, 0x08, 0xD3, 0xF0, 0x46, 0x0B, 0x02, 0x09, 0x09, 0x00, 0x45, 0xB1, 0x13, 0xB9, 0x03, 0x0A,
    0x59, 0x24, 0x9A, 0x58, 0x92, 0x29, 0x9F, 0xD4, 0x4F, 0xA8, 0x84, 0x77, 0x2D, 0x42, 0x61, 0x40,
    0x3A, 0x87, 0x40, 0x17, 0xA0, 0x6F, 0xBC, 0x79, 0x69, 0x20, 0x9B, 0xD0, 0xA8, 0xA6, 0x0B, 0x01,
    0xBC, 0xE8, 0x9C, 0x53, 0x19, 0xCC, 0xF1, 0x0E, 0x97, 0x30, 0xC9, 0x92, 0x34, 0x89, 0x85, 0x7B,
    0x68, 0x43, 0xE0, 0x9D, 0x0B, 0xCE, 0xD1, 0x0E, 0x05, 0x89, 0xDC, 0x35, 0x07, 0x83, 0x02, 0x3A,
    0xB4, 0x53, 0xB9, 0xF9, 0x17, 0xD2, 0x68, 0xE3, 0x1A, 0x29, 0x9B, 0xF2, 0xF0, 0x86, 0x80, 0x66,
    0xC4, 0x8F, 0x16, 0xB9, 0xCC, 0x45, 0xFA, 0xB8, 0xEB, 0x53, 0x74, 0xF2, 0x02, 0x89, 0x89, 0x5E,
    0x9F, 0xC4, 0x5E, 0xEF, 0x0F, 0x60, 0xFE, 0x18, 0x29, 0xA1, 0xA1, 0x38, 0xB6, 0xA2, 0xC8, 0x67,
    0x4C, 0x8D, 0x7B, 0x71, 0xE2, 0x08, 0x65, 0xF6, 0xE2, 0x14, 0xA2, 0xA9, 0x55, 0x1A, 0xA6, 0x0C,
    0x46, 0x1E, 0x4A, 0x32, 0x25, 0xCE, 0x74, 0x95, 0x72, 0xCA, 0xA8, 0xA7, 0xC0, 0x16, 0x8F, 0xE9,
    0x52, 0x52, 0x9E, 0x95, 0xEF, 0x94, 0x89, 0x90, 0xD0, 0x09, 0x14, 0x87, 0x99, 0x58, 0x11, 0x06,
    0xC3, 0xDD, 0xD5, 0xC0, 0xE1, 0x1A, 0x79, 0xE0, 0x9D, 0x3D, 0xB2, 0xE9, 0xEB, 0x8B, 0xE4, 0x42,
    0x42, 0x9A, 0x05, 0xFA, 0x98, 0xAD, 0x47, 0x37, 0x02, 0x90, 0xDB, 0x2F, 0x9E, 0x7C, 0x43, 0x16,
    0xE3, 0x97, 0x31, 0x5D, 0x77, 0x2E, 0xF6, 0x0C, 0xED, 0xFF, 0x5A, 0x66, 0xC4, 0x3F, 0xD3, 0x2E,
    0xBE, 0x4D, 0x9D, 0xC1, 0xEA, 0x82, 0x6A, 0x7C, 0xC4, 0xC7, 0x32, 0x8B, 0x38, 0xD7, 0x51, 0xC8,
    0x1F, 0x1B, 0xDD, 0xDD, 0x2C, 0x65, 0x31, 0xEE, 0xE6, 0xB6, 0x4C, 0xCD, 0xC9, 0xB9, 0xB2, 0xEB,
    0xB1, 0xCC, 0x69, 0x7D, 0xFA, 0x6D, 0x99, 0x31, 0x51, 0x25, 0x12, 0x83, 0xF2, 0xFD, 0xB1, 0xCC,
    0xA6, 0x3B, 0x16, 0x12, 0x3C, 0x2B, 0x07, 0x00, 0xD8, 0x6B, 0x3B, 0x4E, 0xD8, 0xD6, 0xA8, 0x5F,
    0x0E, 0x72, 0xCE, 0xF2, 0x8F, 0x8B, 0x64, 0xFB, 0xAF, 0xAE, 0xDE, 0x9A, 0x3E, 0x9C, 0x91, 0x0B,
    0x89, 0x85, 0x79, 0xF8, 0x37, 0x18, 0x41, 0xCC, 0x50, 0xEE, 0xC7, 0xA0, 0x21, 0x07, 0x4C, 0xD0,
    0x66, 0x0B, 0xCE, 0xF6, 0xC3, 0xE8, 0x43, 0x1B, 0x09, 0x9F, 0xC2, 0x37, 0xF1, 0xC0, 0x19, 0x9A,
    0x6B, 0xD0, 0x45, 0x4A, 0xE2, 0xCD, 0x5B, 0x77, 0x17, 0xA4, 0xC3, 0x3B, 0x52, 0x19, 0x8C, 0xDE,
    0x26, 0xDA, 0xCC, 0x2E, 0x4F, 0x1D, 0xDF, 0xFE, 0x76, 0xFC, 0x9B, 0x48, 0x89, 0x2D, 0xDE, 0xBC,
    0x94, 0x54, 0x09, 0x55, 0xB4, 0xF0, 0xC4, 0x0D, 0x5B, 0xE8, 0x5C, 0x37, 0xE2, 0x94, 0xB8, 0x42,
    0xB9, 0xE2, 0xF5, 0x78, 0xD5, 0x66, 0x3F, 0xEA, 0xD9, 0xA1, 0xF1, 0x1D, 0x89, 0x4D, 0xAA, 0xA9,
    0xA6, 0x84, 0xED, 0xB4, 0xCB, 0x93, 0xC8, 0x49, 0xAC, 0xE4, 0x97, 0x4B, 0xCC, 0x49, 0xBB, 0x39,
    0xAF, 0x0A, 0x84, 0xFC, 0xBB, 0x9E, 0x2E, 0xD5, 0x05, 0x0B, 0x5B, 0x38, 0xE5, 0x9F, 0xB4, 0x0E,
    0x83, 0x37, 0xE4, 0x0D, 0x85, 0x76, 0x28, 0x18, 0x28, 0x48, 0x42, 0x81, 0x0E, 0xE1, 0x74, 0x21,
    0x21, 0x28, 0x5D, 0xCF, 0x67, 0xF9, 0x4D, 0xE1, 0xF1, 0x1F, 0x7D, 0xD7, 0x51, 0x8A, 0xF3, 0x3A,
    0x0C, 0x05, 0xE0, 0x03, 0x7A, 0x1D, 0xD0, 0x56, 0xBA, 0x80, 0x80, 0xB6, 0x2E, 0xE8, 0x02, 0xBA,
    0x15, 0x41, 0x5F, 0x05, 0xE7, 0x4A, 0xB2, 0xD3, 0xE6, 0x6F, 0xE7, 0x4E, 0xA6, 0xFD, 0x0E, 0x99,
    0x8E, 0x6D, 0x11, 0xBB, 0x4E, 0x06, 0x9A, 0x00, 0x48, 0x87, 0xA4, 0x02, 0x1A, 0x28, 0xBC, 0x30,
    0x7C, 0x40, 0x7A, 0x16, 0x48, 0x04, 0x90, 0x52, 0xD8, 0x1B, 0x32, 0xA1, 0x4D, 0x19, 0x85, 0xE3,
    0xE4, 0xA3, 0x1B, 0x46, 0x33, 0x9F, 0xDC, 0x4B, 0x95, 0x46, 0x77, 0x09, 0x4A, 0x06, 0x98, 0xE6,
    0x92, 0x71, 0x40, 0x22, 0xA2, 0xFF, 0x2A, 0x60, 0xF7, 0x7B, 0xD1, 0x0D, 0xAC, 0x1B, 0x64, 0x37,
    0xC8, 0x63, 0xB0, 0x22, 0x8F, 0x22, 0x86, 0x00, 0xE8, 0xCD, 0xBD, 0xB0, 0x19, 0x81, 0xF4, 0xC5,
    0x41, 0x02, 0xDD, 0x00, 0xDD, 0x00, 0x91, 0x05, 0x60, 0x15, 0x42, 0x3A, 0xAC, 0xA1, 0x0B, 0x24,
    0x01, 0xC8, 0xBE, 0x10, 0x1F, 0x57, 0xC3, 0x60, 0x78, 0x26, 0x52, 0x38, 0xA0, 0xC8, 0x26, 0x4E,
    0xD4, 0xAF, 0xD8, 0xF0, 0x00, 0xA0, 0x54, 0x5F, 0xE3, 0x80, 0x9C, 0x73, 0xC6, 0x85, 0xEB, 0x48,
    0xDF, 0x1C, 0x4D, 0x36, 0x64, 0x5E, 0x89, 0x5D, 0xE9, 0x05, 0x32, 0x36, 0xEA, 0xC0, 0x15, 0xCC,
    0x21, 0x2C, 0xEC, 0xEC, 0x41, 0x12, 0xB7, 0x4B, 0x63, 0xF5, 0x0F, 0x7E, 0xDE, 0x35, 0x5E, 0x0A,
    0x9A, 0x53, 0x23, 0x7D, 0x81, 0x04, 0x9A, 0x6B, 0x27, 0xAC, 0xA3, 0xC9, 0x05, 0xF6, 0x87, 0x1D,
    0x3E, 0xA1, 0xE3, 0x74, 0x17, 0x16, 0x46, 0x48, 0x30, 0x49, 0x97, 0xE7, 0x93, 0x64, 0x08, 0x61,
    0x21, 0x21, 0x09, 0xF3, 0x8A, 0x80, 0x41, 0x42, 0x77, 0x38, 0xB8, 0x22, 0xA1, 0xAE, 0x2E, 0x13,
    0xD0, 0x0E, 0x83, 0xC6, 0x84, 0xAD, 0x60, 0xAC, 0x39, 0xEB, 0x48, 0xB9, 0x4F, 0xE8, 0xC3, 0x27,
    0xA6, 0x1F, 0x18, 0xE6, 0x38, 0x46, 0xC4, 0xB5, 0x54, 0xA8, 0x23, 0xA0, 0x31, 0x74, 0x0D, 0x2F,
    0x8E, 0x10, 0xDF, 0x4C, 0x1D, 0xA9, 0xAE, 0x24, 0x73, 0x40, 0x1C, 0x8A, 0xC2, 0x60, 0x24, 0x63,
    0x60, 0x23, 0x6E, 0x47, 0x57, 0x95, 0x27, 0x5D, 0x2B, 0x4E, 0xEC, 0x05, 0xCC, 0x81, 0x92, 0x1D,
    0x64, 0x94, 0x29, 0xD9, 0xE2, 0x6D, 0xB4, 0x52, 0xEA, 0x45, 0x2B, 0x25, 0x98, 0xE2, 0xBA, 0xAA,
    0x79, 0x30, 0x94, 0xDD, 0x40, 0xE9, 0xAD, 0x03, 0x01, 0x03, 0xE4, 0x37, 0x8F, 0xD2, 0x77, 0xB7,
    0x2D, 0x7D, 0x09, 0x0B, 0xBC, 0x0B, 0xDA, 0x15, 0xED, 0x92, 0x90, 0xB8, 0x46, 0x57, 0xC2, 0x55,
    0x0A, 0xBD, 0x83, 0x8F, 0x0A, 0xC9, 0xC4, 0x54, 0x56, 0xA1, 0x6E, 0xDE, 0x41, 0x62, 0x22, 0xC0,
    0x0A, 0x4F, 0x98, 0x4F, 0xE8, 0xCC, 0x11, 0x24, 0x27, 0xC0, 0x15, 0xD6, 0x3F, 0x1D, 0x47, 0x07,
    0x91, 0xB0, 0x43, 0xB2, 0xC3, 0x38, 0xA1, 0x74, 0x48, 0x8F, 0x18, 0xAD, 0x84, 0xBA, 0x9E, 0xBA,
    0xBA, 0x85, 0x96, 0x47, 0x28, 0x5A, 0x2B, 0x63, 0x7C, 0xC6, 0xD1, 0xF6, 0xB0, 0xF7, 0x7B, 0xC9,
    0x3E, 0xB6, 0xAA, 0x72, 0xF7, 0x53, 0x93, 0x47, 0x79, 0xC8, 0x03, 0xA7, 0x21, 0x1C, 0xF3, 0xD4,
    0x7C, 0x1B, 0xDB, 0x75, 0xC1, 0x24, 0x2A, 0xD8, 0x41, 0xD2, 0x65, 0x66, 0x21, 0xB4, 0x43, 0x56,
    0xA0, 0x23, 0xB4, 0x43, 0xC2, 0x24, 0x14, 0x13, 0xF6, 0x0A, 0x3F, 0xCE, 0xF0, 0xAE, 0x36, 0xF5,
    0x8C, 0x7C, 0x45, 0xB7, 0xDF, 0x11, 0xB0, 0x6E, 0x38, 0x81, 0x33, 0x1C, 0xD5, 0x18, 0x3D, 0x9C,
    0xBA, 0x10, 0x15, 0x64, 0xAE, 0x70, 0xCC, 0x61, 0x63, 0xBE, 0x9C, 0x4F, 0xB6, 0xFB, 0xF7, 0x12,
    0x05, 0x5B, 0xE5, 0xB3, 0xB4, 0x67, 0x4B, 0x98, 0x43, 0x12, 0x5A, 0xC6, 0xCB, 0xF7, 0xCB, 0xF0,
    0x29, 0xDF, 0x4A, 0xB6, 0xDA, 0x86, 0x95, 0xC2, 0x2C, 0x41, 0x6F, 0xBF, 0x0E, 0xDB, 0x9B, 0xDB,
    0xAE, 0xF9, 0xB2, 0x93, 0xC5, 0xEC, 0x64, 0xBF, 0xDE, 0xBE, 0x72, 0x37, 0x6C, 0xFC, 0x7B, 0xB7,
    0x64, 0x93, 0x73, 0xFA, 0x05, 0xB2, 0xA1, 0x07, 0x60, 0x2C, 0xB4, 0x31, 0xC0, 0x9A, 0x2C, 0x24,
    0x8A, 0x99, 0x44, 0x43, 0x91, 0x85, 0x34, 0x1A, 0x85, 0xF5, 0x68, 0x04, 0xE4, 0x39, 0x25, 0x92,
    0x0B, 0xC9, 0xF5, 0x25, 0x78, 0xA1, 0xBE, 0xC1, 0xDE, 0xDF, 0x4E, 0x2E, 0xDD, 0x12, 0x42, 0x32,
    0xF4, 0xC5, 0xAE, 0xED, 0xC2, 0x01, 0x48, 0x64, 0xC1, 0x68, 0x50, 0x44, 0x61, 0x73, 0xE6, 0x0E,
    0xE5, 0x23, 0xA0, 0x4A, 0x00, 0x9A, 0x85, 0x79, 0x31, 0x67, 0x0D, 0xAD, 0x38, 0xAE, 0x57, 0x6D,
    0xD8, 0xDD, 0x61, 0x5D, 0xF5, 0x9D, 0xD1, 0x79, 0x83, 0x24, 0xD6, 0xC1, 0x31, 0x61, 0x3B, 0xD5,
    0x7F, 0xCB, 0x58, 0x29, 0x7F, 0xA5, 0x26, 0xC4, 0x2B, 0x8D, 0xAE, 0x0E, 0x73, 0xDA, 0xE4, 0xFA,
    0x3E, 0x83, 0x3B, 0x53, 0x7D, 0x7D, 0x3D, 0x56, 0x5A, 0x65, 0x37, 0x21, 0x34, 0xAC, 0x32, 0xA1,
    0x24, 0x8C, 0x80, 0x59, 0x5E, 0xD6, 0xF6, 0x77, 0x1E, 0x3B, 0xF3, 0xCF, 0xDC, 0x57, 0x2A, 0xB0,
    0xA6, 0x4E, 0xFC, 0x00, 0xF4, 0x42, 0x36, 0x51, 0x48, 0x73, 0xF7, 0xE2, 0x31, 0xEC, 0x6B, 0xFB,
    0x7E, 0xA0, 0xB8, 0x89, 0x17, 0x1A, 0x40, 0x58, 0x91, 0x19, 0x90, 0x8C, 0x80, 0xB2, 0xB0, 0xEE,
    0xE9, 0x50, 0x24, 0xF2, 0xA7, 0x00, 0xBE, 0xD8, 0xBD, 0x88, 0x36, 0xF4, 0xDD, 0xB1, 0x0D, 0x8C,
    0x26, 0x81, 0x03, 0x5C, 0x73, 0x61, 0x24, 0x73, 0x40, 0x42, 0x2F, 0xCB, 0x8A, 0x75, 0x44, 0xE3,
    0xB2, 0x6E, 0x9D, 0x16, 0xE7, 0x53, 0x52, 0x7E, 0x3E, 0xB5, 0x7D, 0x92, 0x2F, 0x76, 0x2A, 0x1D,
    0x42, 0x12, 0x4A, 0x26, 0xAC, 0xF7, 0x53, 0x8A, 0x43, 0xB2, 0x89, 0x42, 0x7D, 0x50, 0x87, 0x41,
    0x81, 0x2B, 0xC6, 0x64, 0x11, 0xC4, 0x21, 0x17, 0x0C, 0xA9, 0x6E, 0x88, 0xC2, 0x0B, 0x8D, 0x86,
    0x41, 0x9F, 0x71, 0x60, 0x9C, 0x49, 0xC0, 0x46, 0x1B, 0xC0, 0x46, 0xBE, 0x95, 0xAD, 0x63, 0xCF,
    0xC7, 0xD6, 0x74, 0x3B, 0x65, 0x33, 0xC6, 0x5D, 0x6B, 0x17, 0x1B, 0x5B, 0x9D, 0xDF, 0x8F, 0x40,
    0x42, 0x62, 0xFB, 0x7A, 0xED, 0x05, 0x9D, 0xB0, 0x25, 0x5A, 0x8E, 0xC0, 0x9E, 0x8E, 0x86, 0xC0,
    0x0F, 0x6C, 0x97, 0xFA, 0x85, 0xF9, 0xFB, 0x19, 0x01, 0xB2, 0x9A, 0x01, 0x33, 0xF6, 0x1B, 0x03,
    0x80, 0x5F, 0x09, 0xF5, 0xBD, 0x47, 0x0F, 0xE7, 0x9C, 0x00, 0xB2, 0x9F, 0xC8, 0x03, 0x76, 0x8F,
    0xDB, 0xFF, 0xCF, 0x89, 0x5F, 0xE6, 0x64, 0x43, 0x1C, 0x5F, 0x18, 0xB2, 0x89, 0xC2, 0x0B, 0x8D,
    0x86, 0xCF, 0x9C, 0x71, 0xF6, 0xF2, 0x13, 0xC7, 0x95, 0x9F, 0x6E, 0x77, 0x34, 0x89, 0x5C, 0xE8,
    0x6B, 0x49, 0xAE, 0x4B, 0x1F, 0x12, 0xD8, 0x68, 0x17, 0xF4, 0x09, 0x60, 0xB0, 0xDF, 0xC9, 0x0D,
    0x0B, 0x25, 0x80, 0xA5, 0x90, 0x01, 0xE8, 0x68, 0x0E, 0x2F, 0x01, 0xFC, 0xA1, 0xB7, 0x1A, 0xAD,
    0xB0, 0x05, 0xBD, 0xD5, 0x6C, 0x65, 0x04, 0x71, 0x08, 0xDC, 0x40, 0x7B, 0x84, 0xE1, 0x51, 0x17,
    0xB4, 0x94, 0xB8, 0x25, 0x28, 0x1E, 0x23, 0x03, 0x46, 0xD2, 0xF1, 0x43, 0x26, 0x70, 0x28, 0xBC,
    0x95, 0x97, 0x3A, 0x13, 0x79, 0x82, 0xEB, 0x71, 0x7D, 0x5C, 0xFE, 0x5E, 0x20, 0xF8, 0x85, 0x3F,
    0x76, 0x87, 0x2F, 0x48, 0xEA, 0x7E, 0xAF, 0xDF, 0xE4, 0xBC, 0x6D, 0x4D, 0x45, 0xCE, 0xB9, 0xE4,
    0xBA, 0x08, 0x74, 0x90, 0x13, 0x30, 0xBC, 0xDF, 0xEA, 0xEB, 0x2D, 0x81, 0x6B, 0x17, 0x80, 0xFD,
    0xF6, 0x8F, 0x83, 0x16, 0x77, 0x9E, 0x7B, 0x52, 0x02, 0x4A, 0x0C, 0x07, 0x6E, 0xA6, 0xB9, 0x96,
    0xAA, 0xCC, 0x18, 0xD3, 0x4F, 0x51, 0xAE, 0x85, 0xA0, 0x7E, 0x65, 0xDF, 0x5C, 0x0B, 0x2D, 0x1E,
    0x0C, 0x28, 0x89, 0x62, 0xAF, 0xB6, 0xDD, 0x81, 0x15, 0xF1, 0x2F, 0x3C, 0x0A, 0x3B, 0xEF, 0x96,
    0x89, 0x04, 0xAC, 0x51, 0xC4, 0x70, 0xBB, 0x15, 0x11, 0x2A, 0x64, 0x16, 0xA6, 0x29, 0xF1, 0xA3,
    0xA1, 0x01, 0xC0, 0x1A, 0x36, 0xB7, 0xF8, 0xB8, 0xFF, 0xEF, 0xB5, 0x71, 0xD1, 0xF0, 0x97, 0xB9,
    0x27, 0x00, 0x7B, 0x71, 0xD0, 0xD3, 0x42, 0x12, 0x29, 0xB1, 0x7E, 0xD4, 0x25, 0x90, 0x57, 0x0D,
    0x9D, 0xFF, 0x0A, 0x9C, 0x66, 0xA9, 0x7E, 0x15, 0xC2, 0x3D, 0x4A, 0x8E, 0x2C, 0x03, 0xA5, 0x3A,
    0xCC, 0xDF, 0x5E, 0x5F, 0x86, 0xF7, 0x2B, 0x5B, 0xCD, 0xB5, 0x3E, 0x47, 0xE0, 0x96, 0xE8, 0xE3,
    0xA2, 0x91, 0x2F, 0x39, 0x4A, 0xE0, 0x43, 0x75, 0xAC, 0x23, 0x8E, 0x4F, 0x19, 0xC5, 0xDE, 0xA7,
    0xF6, 0xEC, 0x3F, 0x01, 0x7D, 0xAE, 0xFF, 0xD2, 0xEF, 0x0E, 0x50, 0xA5, 0xCC, 0x56, 0x96, 0xA1,
    0xFA, 0xD9, 0xFF, 0xA7, 0x12, 0x9F, 0x22, 0x47, 0x5E, 0xEE, 0xDB, 0x33, 0xE0, 0x55, 0xE0, 0x38,
    0x4E, 0xA2, 0xB0, 0xEB, 0x66, 0x5D, 0xC0, 0xD6, 0x9A, 0xFB, 0xC6, 0x5C, 0x02, 0x9C, 0x6B, 0xDD,
    0xF8, 0x26, 0xE4, 0xE3, 0x2F, 0xB9, 0x41, 0xB7, 0x59, 0x48, 0x5E, 0x1E, 0x42, 0xD7, 0x5C, 0xDD,
    0x7D, 0xA3, 0xCD, 0x7F, 0xFB, 0x0F, 0x06, 0x00, 0xE5, 0x92, 0x01, 0x86, 0x84, 0x51, 0x0C, 0x83,
    0x43, 0x0F, 0xD0, 0xAB, 0xEC, 0x01, 0x96, 0x5E, 0xBD, 0xCC, 0x85, 0x7A, 0x80, 0xD2, 0x9D, 0x08,
    0x4F, 0xCD, 0xF3, 0x03, 0xBB, 0x60, 0x21, 0x5F, 0x98, 0x79, 0x7F, 0xD2, 0x2A, 0x80, 0x69, 0x9B,
    0x04, 0x6C, 0xCA, 0x87, 0xAC, 0xAF, 0xC8, 0x37, 0x3D, 0x11, 0x00, 0x89, 0x06, 0x09, 0x31, 0x44,
    0xCC, 0xCC, 0x14, 0xE0, 0x1F, 0x44, 0xC3, 0x88, 0x9B, 0xF0, 0x5C, 0xB4, 0xBA, 0x09, 0x31, 0x36,
    0x3D, 0x2F, 0xF6, 0x73, 0xAD, 0x4D, 0xAB, 0x4D, 0xD5, 0xD0, 0xB0, 0x64, 0xD9, 0x80, 0x4C, 0x6B,
    0x92, 0x96, 0xC6, 0xA6, 0x1A, 0xDC, 0x41, 0x2B, 0x82, 0xAA, 0x18, 0x7D, 0x4C, 0x93, 0xB3, 0xEC,
    0x48, 0xDB, 0x4A, 0x33, 0x3D, 0xA9, 0x26, 0x79, 0xD0, 0x13, 0x72, 0x2B, 0x7F, 0x57, 0xE0, 0xAD,
    0x1A, 0x71, 0xA4, 0xA5, 0x39, 0xCE, 0x14, 0x71, 0x4F, 0x71, 0x14, 0x28, 0xAD, 0xE4, 0x37, 0xA7,
    0xF8, 0xFE, 0x8B, 0x29, 0x8C, 0x5E, 0x47, 0xF9, 0x2A, 0xE8, 0x2A, 0x69, 0x3C, 0xD5, 0x5F, 0x01,
    0xFB, 0x02, 0x10, 0x34, 0xE7, 0x34, 0x3D, 0xA1, 0x9B, 0x0C, 0xE0, 0x18, 0x9D, 0xC1, 0x93, 0xD1,
    0x27, 0x8F, 0xB1, 0xBA, 0x8D, 0x56, 0xA8, 0x27, 0xB6, 0x8D, 0x7A, 0x5D, 0x05, 0x2D, 0x65, 0x28,
    0x7C, 0x2B, 0x13, 0x57, 0x65, 0x3D, 0xD9, 0xA6, 0x65, 0xCE, 0x2A, 0xCE, 0xC9, 0xAE, 0x9B, 0xD5,
    0xAF, 0xAF, 0x7A, 0x5A, 0xD4, 0x53, 0xBC, 0xCC, 0x3F, 0x5B, 0x14, 0xD5, 0x66, 0x08, 0xAF, 0x48,
    0x22, 0xAD, 0xF4, 0x25, 0xC1, 0x73, 0x23, 0xE6, 0xCD, 0xB6, 0xD9, 0x40, 0x00, 0x07, 0x45, 0xC0,
    0x0E, 0xFA, 0x82, 0xE7, 0x86, 0xE2, 0x36, 0x14, 0xDE, 0x04, 0x6B, 0x6F, 0x00, 0x07, 0xBD, 0x61,
    0xC2, 0x94, 0x90, 0x02, 0x45, 0x4F, 0x64, 0xD9, 0x96, 0xFF, 0xF5, 0x22, 0x4E, 0x8B, 0x2B, 0x3E,
    0x26, 0x7D, 0x0A, 0x33, 0x35, 0xDC, 0x5A, 0xE4, 0x1B, 0x5E, 0x48, 0xDE, 0x44, 0x02, 0x0B, 0x45,
    0x30, 0x1D, 0xA1, 0x5C, 0x22, 0x0A, 0xA1, 0x4E, 0x04, 0x46, 0x08, 0xF4, 0x27, 0xCA, 0x1A, 0xC3,
    0x5A, 0x8D, 0x68, 0xA6, 0x12, 0x3F, 0x24, 0xCE, 0x81, 0x09, 0x00, 0x20, 0x08, 0x04, 0xC0, 0x07,
    0x07, 0x68, 0x24, 0x57, 0x77, 0x24, 0x07, 0x78, 0xF8, 0xD4, 0x8F, 0xE2, 0x22, 0xA5, 0x17, 0x40,
    0xC0, 0xEB, 0x95, 0xCD, 0xB6, 0xE2, 0x11, 0x92, 0xCB, 0x52, 0xB9, 0xEC, 0x06, 0xDE, 0x46, 0x34,
    0xA0, 0x2D, 0x33, 0x90, 0x05, 0x24, 0x55, 0xDB, 0x20, 0x8D, 0x44, 0x9C, 0xC2, 0x1B, 0x71, 0x57,
    0x71, 0x6C, 0xCD, 0x79, 0x12, 0x9F, 0xDF, 0x2A, 0x2C, 0x70, 0x12, 0x48, 0x6D, 0xCB, 0xC5, 0x5E,
    0x70, 0xA8, 0x3D, 0xC8, 0x7E, 0xBB, 0xE6, 0xC4, 0x78, 0xEC, 0xAC, 0x35, 0x5A, 0x7F, 0x30, 0x77,
    0xC3, 0xFD, 0x81, 0xF0, 0x17, 0xCC, 0x9F, 0x00,
};

static const EpdGlyph notosans_16_italicGlyphs[] = {
    { 1, 1, 0, 0, 1, 1, 0 }, // U+0000
    { 1, 1, 144, 0, 1, 1, 1 }, // U+000D
    { 1, 1, 144, 0, 1, 1, 2 }, // U+0020
    { 8, 24, 144, 1, 24, 48, 3 }, // !
    { 10, 9, 208, 4, 24, 23, 51 }, // "
    { 21, 24, 336, 1, 24, 126, 74 }, // #
    { 16, 27, 288, 1, 25, 108, 200 }, // $
    { 22, 24, 416, 3, 24, 132, 308 }, // %
    { 20, 24, 352, 1, 24, 120, 440 }, // &
    { 4, 9, 112, 4, 24, 9, 560 }, // '
    { 11, 29, 160, 1, 24, 80, 569 }, // (
    { 11, 29, 160, -3, 24, 80, 649 }, // )
    { 16, 15, 288, 3, 25, 60, 729 }, // *
    { 16, 16, 304, 2, 20, 64, 789 }, // +
    { 6, 8, 128, -1, 4, 12, 853 }, // ,
    { 8, 3, 160, 1, 10, 6, 865 }, // -
    { 4, 4, 128, 1, 4, 4, 871 }, // .
    { 17, 24, 192, -2, 24, 102, 875 }, // /
    { 16, 24, 288, 2, 24, 96, 977 }, // 0
    { 10, 24, 240, 3, 24, 60, 1073 }, // 1
    { 18, 24, 288, -1, 24, 108, 1133 }, // 2
    { 17, 24, 288, 0, 24, 102, 1241 }, // 3
    { 18, 24, 288, 0, 24, 108, 1343 }, // 4
    { 17, 24, 288, 0, 24, 102, 1451 }, // 5
    { 15, 24, 288, 2, 24, 90, 1553 }, // 6
    { 16, 24, 256, 2, 24, 96, 1643 }, // 7
    { 17, 24, 288, 1, 24, 102, 1739 }, // 8
    { 16, 24, 288, 1, 24, 96, 1841 }, // 9
    { 6, 18, 128, 1, 18, 27, 1937 }, // :
    { 9, 22, 128, -2, 18, 50, 1964 }, // ;
    { 16, 16, 304, 2, 20, 64, 2014 }, // <
    { 15, 9, 304, 3, 16, 34, 2078 }, // =
    { 16, 16, 304, 2, 20, 64, 2112 }, // >
    { 12, 24, 224, 3, 24, 72, 2176 }, // ?
    { 25, 27, 448, 2, 24, 169, 2248 }, // @
    { 19, 24, 304, -2, 24, 114, 2417 }, // A
    { 18, 24, 320, 1, 24, 108, 2531 }, // B
    { 19, 24, 304, 2, 24, 114, 2639 }, // C
    { 20, 24, 352, 1, 24, 120, 2753 }, // D
    { 17, 24, 272, 1, 24, 102, 2873 }, // E
    { 17, 24, 256, 1, 24, 102, 2975 }, // F
    { 20, 24, 352, 2, 24, 120, 3077 }, // G
    { 22, 24, 352, 1, 24, 132, 3197 }, // H
    { 14, 24, 176, -1, 24, 84, 3329 }, // I
    { 14, 30, 144, -5, 24, 105, 3413 }, // J
    { 20, 24, 304, 1, 24, 120, 3518 }, // K
    { 13, 24, 256, 1, 24, 78, 3638 }, // L
    { 27, 24, 448, 1, 24, 162, 3716 }, // M
    { 23, 24, 368, 1, 24, 138, 3878 }, // N
    { 21, 24, 384, 2, 24, 126, 4016 }, // O
    { 18, 24, 304, 1, 24, 108, 4142 }, // P
    { 21, 30, 384, 2, 24, 158, 4250 }, // Q
    { 18, 24, 304, 1, 24, 108, 4408 }, // R
    { 16, 24, 272, 1, 24, 96, 4516 }, // S
    { 16, 24, 272, 3, 24, 96, 4612 }, // T
    { 20, 24, 352, 3, 24, 120, 4708 }, // U
    { 18, 24, 288, 3, 24, 108, 4828 }, // V
    { 27, 24, 448, 4, 24, 162, 4936 }, // W
    { 22, 24, 272, -2, 24, 132, 5098 }, // X
    { 17, 24, 272, 3, 24, 102, 5230 }, // Y
    { 19, 24, 288, 0, 24, 114, 5332 }, // Z
    { 12, 29, 160, 0, 24, 87, 5446 }, // [
    { 6, 24, 192, 4, 24, 36, 5533 }, // <backslash>
    { 12, 29, 160, -2, 24, 87, 5569 }, // ]
    { 17, 15, 304, 1, 24, 64, 5656 }, // ^
    { 14, 2, 208, -3, -3, 7, 5720 }, // _
    { 5, 5, 144, 5, 25, 7, 5727 }, // `
    { 16, 18, 304, 2, 18, 72, 5734 }, // a
    { 16, 25, 304, 1, 25, 100, 5806 }, // b
    { 13, 18, 240, 2, 18, 59, 5906 }, // c
    { 18, 25, 304, 2, 25, 113, 5965 }, // d
    { 13, 18, 256, 2, 18, 59, 6078 }, // e
    { 19, 33, 176, -4, 25, 157, 6137 }, // f
    { 17, 26, 304, 1, 18, 111, 6294 }, // g
    { 16, 25, 304, 1, 25, 100, 6405 }, // h
    { 8, 24, 144, 1, 24, 48, 6505 }, // i
    { 13, 32, 144, -4, 24, 104, 6553 }, // j
    { 16, 25, 256, 1, 25, 100, 6657 }, // k
    { 8, 25, 144, 1, 25, 50, 6757 }, // l
    { 26, 18, 464, 1, 18, 117, 6807 }, // m
    { 16, 18, 304, 1, 18, 72, 6924 }, // n
    { 15, 18, 304, 2, 18, 68, 6996 }, // o
    { 18, 26, 304, -1, 18, 117, 7064 }, // p
    { 16, 26, 304, 2, 18, 104, 7181 }, // q
    { 13, 18, 208, 1, 18, 59, 7285 }, // r
    { 14, 18, 224, 0, 18, 63, 7344 }, // s
    { 11, 22, 176, 1, 22, 61, 7407 }, // t
    { 16, 18, 304, 2, 18, 72, 7468 }, // u
    { 15, 18, 240, 2, 18, 68, 7540 }, // v
    { 23, 18, 384, 2, 18, 104, 7608 }, // w
    { 18, 18, 256, -1, 18, 81, 7712 }, // x
    { 20, 26, 240, -3, 18, 130, 7793 }, // y
    { 15, 18, 240, -1, 18, 68, 7923 }, // z
    { 13, 29, 192, 0, 24, 95, 7991 }, // {
    { 2, 33, 288, 9, 25, 17, 8086 }, // |
    { 12, 29, 192, -1, 24, 87, 8103 }, // }
    { 16, 5, 304, 2, 14, 20, 8190 }, // ~
    { 1, 1, 144, 0, 1, 1, 0 }, // U+00A0
    { 8, 24, 144, 0, 18, 48, 1 }, // U+00A1
    { 13, 24, 288, 4, 24, 78, 49 }, // U+00A2
    { 19, 24, 288, 0, 24, 114, 127 }, // U+00A3
    { 14, 14, 288, 3, 19, 49, 241 }, // U+00A4
    { 18, 24, 288, 2, 24, 108, 290 }, // U+00A5
    { 2, 33, 288, 9, 25, 17, 398 }, // U+00A6
    { 15, 25, 256, 1, 25, 94, 415 }, // U+00A7
    { 9, 3, 288, 7, 24, 7, 509 }, // U+00A8
    { 24, 24, 432, 2, 24, 144, 516 }, // U+00A9
    { 10, 11, 176, 3, 24, 28, 660 }, // U+00AA
    { 14, 14, 256, 1, 16, 49, 688 }, // U+00AB
    { 16, 9, 304, 2, 13, 36, 737 }, // U+00AC
    { 8, 3, 160, 1, 10, 6, 773 }, // U+00AD
    { 24, 24, 432, 2, 24, 144, 779 }, // U+00AE
    { 14, 2, 208, 3, 27, 7, 923 }, // U+00AF
    { 10, 10, 224, 2, 24, 25, 930 }, // U+00B0
    { 16, 20, 304, 2, 20, 80, 955 }, // U+00B1
    { 11, 14, 192, 2, 28, 39, 1035 }, // U+00B2
    { 10, 15, 192, 3, 28, 38, 1074 }, // U+00B3
    { 7, 5, 144, 4, 25, 9, 1112 }, // U+00B4
    { 19, 26, 304, -1, 18, 124, 1121 }, // U+00B5
    { 16, 29, 352, 3, 25, 116, 1245 }, // U+00B6
    { 4, 4, 128, 3, 14, 4, 1361 }, // U+00B7
    { 6, 8, 112, -3, 0, 12, 1365 }, // U+00B8
    { 7, 14, 192, 5, 28, 25, 1377 }, // U+00B9
    { 9, 11, 176, 3, 24, 25, 1402 }, // U+00BA
    { 14, 14, 256, 0, 16, 49, 1427 }, // U+00BB
    { 20, 24, 384, 3, 24, 120, 1476 }, // U+00BC
    { 22, 24, 432, 3, 24, 132, 1596 }, // U+00BD
    { 23, 24, 416, 2, 24, 138, 1728 }, // U+00BE
    { 13, 24, 224, -1, 18, 78, 1866 }, // U+00BF
    { 19, 31, 304, -2, 31, 148, 1944 }, // U+00C0
    { 20, 31, 304, -2, 31, 155, 2092 }, // U+00C1
    { 20, 31, 304, -2, 31, 155, 2247 }, // U+00C2
    { 21, 30, 304, -2, 30, 158, 2402 }, // U+00C3
    { 20, 30, 304, -2, 30, 150, 2560 }, // U+00C4
    { 19, 33, 304, -2, 33, 157, 2710 }, // U+00C5
    { 31, 24, 432, -2, 24, 186, 2867 }, // U+00C6
    { 19, 32, 304, 2, 24, 152, 3053 }, // U+00C7
    { 17, 31, 272, 1, 31, 132, 3205 }, // U+00C8
    { 17, 31, 272, 1, 31, 132, 3337 }, // U+00C9
    { 17, 31, 272, 1, 31, 132, 3469 }, // U+00CA
    { 17, 30, 272, 1, 30, 128, 3601 }, // U+00CB
    { 14, 31, 176, -1, 31, 109, 3729 }, // U+00CC
    { 15, 31, 176, -1, 31, 117, 3838 }, // U+00CD
    { 15, 31, 176, -1, 31, 117, 3955 }, // U+00CE
    { 15, 30, 176, -1, 30, 113, 4072 }, // U+00CF
    { 20, 24, 352, 1, 24, 120, 4185 }, // U+00D0
    { 23, 30, 368, 1, 30, 173, 4305 }, // U+00D1
    { 21, 31, 384, 2, 31, 163, 4478 }, // U+00D2
    { 21, 31, 384, 2, 31, 163, 4641 }, // U+00D3
    { 21, 31, 384, 2, 31, 163, 4804 }, // U+00D4
    { 21, 30, 384, 2, 30, 158, 4967 }, // U+00D5
    { 21, 30, 384, 2, 30, 158, 5125 }, // U+00D6
    { 14, 15, 304, 3, 19, 53, 5283 }, // U+00D7
    { 22, 26, 384, 2, 25, 143, 5336 }, // U+00D8
    { 20, 31, 352, 3, 31, 155, 5479 }, // U+00D9
    { 20, 31, 352, 3, 31, 155, 5634 }, // U+00DA
    { 20, 31, 352, 3, 31, 155, 5789 }, // U+00DB
    { 20, 30, 352, 3, 30, 150, 5944 }, // U+00DC
    { 17, 31, 272, 3, 31, 132, 6094 }, // U+00DD
    { 17, 24, 304, 1, 24, 102, 6226 }, // U+00DE
    { 22, 33, 304, -4, 25, 182, 6328 }, // U+00DF
    { 16, 25, 304, 2, 25, 100, 6510 }, // U+00E0
    { 16, 25, 304, 2, 25, 100, 6610 }, // U+00E1
    { 16, 25, 304, 2, 25, 100, 6710 }, // U+00E2
    { 16, 24, 304, 2, 24, 96, 6810 }, // U+00E3
    { 16, 24, 304, 2, 24, 96, 6906 }, // U+00E4
    { 16, 27, 304, 2, 27, 108, 7002 }, // U+00E5
    { 24, 18, 432, 2, 18, 108, 7110 }, // U+00E6
    { 13, 26, 240, 2, 18, 85, 7218 }, // U+00E7
    { 13, 25, 256, 2, 25, 82, 7303 }, // U+00E8
    { 14, 25, 256, 2, 25, 88, 7385 }, // U+00E9
    { 14, 25, 256, 2, 25, 88, 7473 }, // U+00EA
    { 14, 24, 256, 2, 24, 84, 7561 }, // U+00EB
    { 8, 25, 144, 1, 25, 50, 7645 }, // U+00EC
    { 11, 25, 144, 1, 25, 69, 7695 }, // U+00ED
    { 10, 25, 144, 1, 25, 63, 7764 }, // U+00EE
    { 10, 24, 144, 1, 24, 60, 7827 }, // U+00EF
    { 17, 25, 304, 1, 25, 107, 7887 }, // U+00F0
    { 17, 24, 304, 1, 24, 102, 7994 }, // U+00F1
    { 15, 25, 304, 2, 25, 94, 8096 }, // U+00F2
    { 15, 25, 304, 2, 25, 94, 8190 }, // U+00F3
    { 15, 25, 304, 2, 25, 94, 8284 }, // U+00F4
    { 16, 24, 304, 2, 24, 96, 8378 }, // U+00F5
    { 15, 24, 304, 2, 24, 90, 8474 }, // U+00F6
    { 16, 15, 304, 2, 19, 60, 8564 }, // U+00F7
    { 17, 20, 304, 1, 19, 85, 8624 }, // U+00F8
    { 16, 25, 304, 2, 25, 100, 8709 }, // U+00F9
    { 16, 25, 304, 2, 25, 100, 8809 }, // U+00FA
    { 16, 25, 304, 2, 25, 100, 8909 }, // U+00FB
    { 16, 24, 304, 2, 24, 96, 9009 }, // U+00FC
    { 20, 33, 240, -3, 25, 165, 9105 }, // U+00FD
    { 18, 33, 304, -1, 25, 149, 9270 }, // U+00FE
    { 20, 32, 240, -3, 24, 160, 9419 }, // U+00FF
    { 20, 28, 304, -2, 28, 140, 0 }, // U+0100
    { 16, 22, 304, 2, 22, 88, 140 }, // U+0101
    { 20, 30, 304, -2, 30, 150, 228 }, // U+0102
    { 16, 24, 304, 2, 24, 96, 378 }, // U+0103
    { 19, 31, 304, -2, 24, 148, 474 }, // U+0104
    { 16, 25, 304, 2, 18, 100, 622 }, // U+0105
    { 19, 31, 304, 2, 31, 148, 722 }, // U+0106
    { 14, 25, 240, 2, 25, 88, 870 }, // U+0107
    { 19, 31, 304, 2, 31, 148, 958 }, // U+0108
    { 13, 25, 240, 2, 25, 82, 1106 }, // U+0109
    { 19, 30, 304, 2, 30, 143, 1188 }, // U+010A
    { 13, 24, 240, 2, 24, 78, 1331 }, // U+010B
    { 19, 31, 304, 2, 31, 148, 1409 }, // U+010C
    { 15, 25, 240, 2, 25, 94, 1557 }, // U+010D
    { 20, 31, 352, 1, 31, 155, 1651 }, // U+010E
    { 23, 25, 320, 2, 25, 144, 1806 }, // U+010F
    { 20, 24, 352, 1, 24, 120, 1950 }, // U+0110
    { 19, 25, 304, 2, 25, 119, 2070 }, // U+0111
    { 17, 28, 272, 1, 28, 119, 2189 }, // U+0112
    { 14, 22, 256, 2, 22, 77, 2308 }, // U+0113
    { 17, 30, 272, 1, 30, 128, 2385 }, // U+0114
    { 14, 24, 256, 2, 24, 84, 2513 }, // U+0115
    { 17, 30, 272, 1, 30, 128, 2597 }, // U+0116
    { 13, 24, 256, 2, 24, 78, 2725 }, // U+0117
    { 17, 31, 272, 1, 24, 132, 2803 }, // U+0118
    { 13, 25, 256, 2, 18, 82, 2935 }, // U+0119
    { 18, 31, 272, 1, 31, 140, 3017 }, // U+011A
    { 15, 25, 256, 2, 25, 94, 3157 }, // U+011B
    { 20, 31, 352, 2, 31, 155, 3251 }, // U+011C
    { 17, 33, 304, 1, 25, 141, 3406 }, // U+011D
    { 20, 30, 352, 2, 30, 150, 3547 }, // U+011E
    { 17, 32, 304, 1, 24, 136, 3697 }, // U+011F
    { 20, 30, 352, 2, 30, 150, 3833 }, // U+0120
    { 17, 32, 304, 1, 24, 136, 3983 }, // U+0121
    { 20, 31, 352, 2, 24, 155, 4119 }, // U+0122
    { 17, 33, 304, 1, 25, 141, 4274 }, // U+0123
    { 22, 31, 352, 1, 31, 171, 4415 }, // U+0124
    { 16, 32, 304, 1, 32, 128, 4586 }, // U+0125
    { 24, 24, 352, 1, 24, 144, 4714 }, // U+0126
    { 16, 25, 304, 1, 25, 100, 4858 }, // U+0127
    { 16, 30, 176, -1, 30, 120, 4958 }, // U+0128
    { 12, 24, 144, 1, 24, 72, 5078 }, // U+0129
    { 15, 28, 176, -1, 28, 105, 5150 }, // U+012A
    { 10, 22, 144, 1, 22, 55, 5255 }, // U+012B
    { 15, 30, 176, -1, 30, 113, 5310 }, // U+012C
    { 11, 24, 144, 1, 24, 66, 5423 }, // U+012D
    { 14, 31, 176, -1, 24, 109, 5489 }, // U+012E
    { 10, 31, 144, -1, 24, 78, 5598 }, // U+012F
    { 14, 30, 176, -1, 30, 105, 5676 }, // U+0130
    { 7, 18, 144, 1, 18, 32, 5781 }, // U+0131
    { 21, 30, 320, -1, 24, 158, 5813 }, // U+0132
    { 16, 32, 272, 1, 24, 128, 5971 }, // U+0133
    { 18, 37, 144, -5, 31, 167, 6099 }, // U+0134
    { 15, 33, 144, -4, 25, 124, 6266 }, // U+0135
    { 20, 31, 304, 1, 24, 155, 6390 }, // U+0136
    { 16, 32, 256, 1, 25, 128, 6545 }, // U+0137
    { 16, 18, 256, 1, 18, 72, 6673 }, // U+0138
    { 13, 31, 256, 1, 31, 101, 6745 }, // U+0139
    { 12, 32, 144, 1, 32, 96, 6846 }, // U+013A
    { 13, 31, 256, 1, 24, 101, 6942 }, // U+013B
    { 10, 32, 144, -1, 25, 80, 7043 }, // U+013C
    { 16, 24, 256, 1, 24, 96, 7123 }, // U+013D
    { 13, 25, 160, 1, 25, 82, 7219 }, // U+013E
    { 13, 24, 256, 1, 24, 78, 7301 }, // U+013F
    { 11, 25, 160, 1, 25, 69, 7379 }, // U+0140
    { 14, 24, 256, 0, 24, 84, 7448 }, // U+0141
    { 10, 25, 144, 0, 25, 63, 7532 }, // U+0142
    { 23, 31, 368, 1, 31, 179, 7595 }, // U+0143
    { 16, 25, 304, 1, 25, 100, 7774 }, // U+0144
    { 23, 31, 368, 1, 24, 179, 7874 }, // U+0145
    { 16, 25, 304, 1, 18, 100, 8053 }, // U+0146
    { 23, 31, 368, 1, 31, 179, 8153 }, // U+0147
    { 17, 25, 304, 1, 25, 107, 8332 }, // U+0148
    { 19, 24, 352, 1, 24, 114, 8439 }, // U+0149
    { 23, 30, 368, 1, 24, 173, 8553 }, // U+014A
    { 16, 26, 304, 1, 18, 104, 8726 }, // U+014B
    { 21, 28, 384, 2, 28, 147, 8830 }, // U+014C
    { 15, 22, 304, 2, 22, 83, 8977 }, // U+014D
    { 21, 30, 384, 2, 30, 158, 9060 }, // U+014E
    { 15, 24, 304, 2, 24, 90, 9218 }, // U+014F
    { 22, 31, 384, 2, 31, 171, 9308 }, // U+0150
    { 17, 25, 304, 2, 25, 107, 9479 }, // U+0151
    { 28, 24, 448, 2, 24, 168, 9586 }, // U+0152
    { 26, 18, 464, 2, 18, 117, 9754 }, // U+0153
    { 18, 31, 304, 1, 31, 140, 9871 }, // U+0154
    { 14, 25, 208, 1, 25, 88, 10011 }, // U+0155
    { 18, 31, 304, 1, 24, 140, 10099 }, // U+0156
    { 15, 25, 208, -1, 18, 94, 10239 }, // U+0157
    { 18, 31, 304, 1, 31, 140, 10333 }, // U+0158
    { 15, 25, 208, 1, 25, 94, 10473 }, // U+0159
    { 16, 31, 272, 1, 31, 124, 10567 }, // U+015A
    { 14, 25, 224, 0, 25, 88, 10691 }, // U+015B
    { 16, 31, 272, 1, 31, 124, 10779 }, // U+015C
    { 14, 25, 224, 0, 25, 88, 10903 }, // U+015D
    { 16, 32, 272, 1, 24, 128, 10991 }, // U+015E
    { 14, 26, 224, 0, 18, 91, 11119 }, // U+015F
    { 17, 31, 272, 1, 31, 132, 11210 }, // U+0160
    { 15, 25, 224, 0, 25, 94, 11342 }, // U+0161
    { 16, 32, 272, 3, 24, 128, 11436 }, // U+0162
    { 11, 30, 176, 1, 22, 83, 11564 }, // U+0163
    { 16, 31, 272, 3, 31, 124, 11647 }, // U+0164
    { 14, 25, 176, 1, 25, 88, 11771 }, // U+0165
    { 16, 24, 272, 3, 24, 96, 11859 }, // U+0166
    { 11, 22, 176, 1, 22, 61, 11955 }, // U+0167
    { 20, 30, 352, 3, 30, 150, 12016 }, // U+0168
    { 16, 24, 304, 2, 24, 96, 12166 }, // U+0169
    { 20, 28, 352, 3, 28, 140, 12262 }, // U+016A
    { 16, 22, 304, 2, 22, 88, 12402 }, // U+016B
    { 20, 30, 352, 3, 30, 150, 12490 }, // U+016C
    { 16, 24, 304, 2, 24, 96, 12640 }, // U+016D
    { 20, 33, 352, 3, 33, 165, 12736 }, // U+016E
    { 16, 27, 304, 2, 27, 108, 12901 }, // U+016F
    { 20, 31, 352, 3, 31, 155, 13009 }, // U+0170
    { 18, 25, 304, 2, 25, 113, 13164 }, // U+0171
    { 20, 31, 352, 3, 24, 155, 13277 }, // U+0172
    { 16, 25, 304, 2, 18, 100, 13432 }, // U+0173
    { 27, 31, 448, 4, 31, 210, 13532 }, // U+0174
    { 23, 25, 384, 2, 25, 144, 13742 }, // U+0175
    { 17, 31, 272, 3, 31, 132, 13886 }, // U+0176
    { 20, 33, 240, -3, 25, 165, 14018 }, // U+0177
    { 17, 30, 272, 3, 30, 128, 14183 }, // U+0178
    { 19, 31, 288, 0, 31, 148, 14311 }, // U+0179
    { 16, 25, 240, -1, 25, 100, 14459 }, // U+017A
    { 19, 30, 288, 0, 30, 143, 14559 }, // U+017B
    { 15, 24, 240, -1, 24, 90, 14702 }, // U+017C
    { 19, 31, 288, 0, 31, 148, 14792 }, // U+017D
    { 17, 25, 240, -1, 25, 107, 14940 }, // U+017E
    { 18, 33, 144, -4, 25, 149, 15047 }, // U+017F
    { 26, 25, 384, 2, 25, 163, 0 }, // U+01A0
    { 20, 20, 304, 2, 20, 100, 163 }, // U+01A1
    { 26, 25, 384, 3, 25, 163, 263 }, // U+01AF
    { 22, 20, 336, 2, 20, 110, 426 }, // U+01B0
    { 40, 31, 640, 1, 31, 310, 536 }, // U+01C4
    { 37, 25, 592, 1, 25, 232, 846 }, // U+01C5
    { 33, 25, 544, 2, 25, 207, 1078 }, // U+01C6
    { 24, 30, 400, 1, 24, 180, 1285 }, // U+01C7
    { 24, 32, 384, 1, 24, 192, 1465 }, // U+01C8
    { 16, 33, 272, 1, 25, 132, 1657 }, // U+01C9
    { 32, 30, 512, 1, 24, 240, 1789 }, // U+01CA
    { 31, 32, 512, 1, 24, 248, 2029 }, // U+01CB
    { 27, 32, 448, 1, 24, 216, 2277 }, // U+01CC
    { 21, 31, 304, -2, 31, 163, 2493 }, // U+01CD
    { 16, 25, 304, 2, 25, 100, 2656 }, // U+01CE
    { 16, 31, 176, -1, 31, 124, 2756 }, // U+01CF
    { 12, 25, 144, 1, 25, 75, 2880 }, // U+01D0
    { 21, 31, 384, 2, 31, 163, 2955 }, // U+01D1
    { 15, 25, 304, 2, 25, 94, 3118 }, // U+01D2
    { 20, 31, 352, 3, 31, 155, 3212 }, // U+01D3
    { 16, 25, 304, 2, 25, 100, 3367 }, // U+01D4
    { 20, 33, 352, 3, 33, 165, 3467 }, // U+01D5
    { 16, 28, 304, 2, 28, 112, 3632 }, // U+01D6
    { 20, 35, 352, 3, 35, 175, 3744 }, // U+01D7
    { 16, 29, 304, 2, 29, 116, 3919 }, // U+01D8
    { 20, 36, 352, 3, 36, 180, 4035 }, // U+01D9
    { 17, 30, 304, 2, 30, 128, 4215 }, // U+01DA
    { 20, 35, 352, 3, 35, 175, 4343 }, // U+01DB
    { 16, 29, 304, 2, 29, 116, 4518 }, // U+01DC
    { 14, 18, 256, 1, 18, 63, 4634 }, // U+01DD
    { 21, 33, 304, -2, 33, 174, 4697 }, // U+01DE
    { 16, 28, 304, 2, 28, 112, 4871 }, // U+01DF
    { 21, 33, 304, -2, 33, 174, 4983 }, // U+01E0
    { 16, 28, 304, 2, 28, 112, 5157 }, // U+01E1
    { 31, 28, 432, -2, 28, 217, 5269 }, // U+01E2
    { 24, 22, 432, 2, 22, 132, 5486 }, // U+01E3
    { 20, 24, 352, 2, 24, 120, 5618 }, // U+01E4
    { 17, 26, 272, 1, 18, 111, 5738 }, // U+01E5
    { 20, 31, 352, 2, 31, 155, 5849 }, // U+01E6
    { 17, 33, 304, 1, 25, 141, 6004 }, // U+01E7
    { 20, 31, 304, 1, 31, 155, 6145 }, // U+01E8
    { 16, 32, 256, 1, 32, 128, 6300 }, // U+01E9
    { 21, 31, 384, 2, 24, 163, 6428 }, // U+01EA
    { 15, 25, 304, 2, 18, 94, 6591 }, // U+01EB
    { 21, 35, 384, 2, 28, 184, 6685 }, // U+01EC
    { 15, 29, 304, 2, 22, 109, 6869 }, // U+01ED
    { 18, 30, 272, 0, 30, 135, 6978 }, // U+01EE
    { 17, 33, 240, -2, 25, 141, 7113 }, // U+01EF
    { 17, 33, 144, -4, 25, 141, 7254 }, // U+01F0
    { 40, 24, 640, 1, 24, 240, 7395 }, // U+01F1
    { 36, 24, 592, 1, 24, 216, 7635 }, // U+01F2
    { 32, 25, 544, 2, 25, 200, 7851 }, // U+01F3
    { 20, 31, 352, 2, 31, 155, 8051 }, // U+01F4
    { 17, 33, 304, 1, 25, 141, 8206 }, // U+01F5
    { 28, 24, 480, 1, 24, 168, 8347 }, // U+01F6
    { 21, 32, 336, 0, 24, 168, 8515 }, // U+01F7
    { 23, 31, 368, 1, 31, 179, 8683 }, // U+01F8
    { 16, 25, 304, 1, 25, 100, 8862 }, // U+01F9
    { 20, 32, 304, -2, 32, 160, 8962 }, // U+01FA
    { 16, 32, 304, 2, 32, 128, 9122 }, // U+01FB
    { 31, 31, 432, -2, 31, 241, 9250 }, // U+01FC
    { 24, 25, 432, 2, 25, 150, 9491 }, // U+01FD
    { 22, 31, 384, 2, 30, 171, 9641 }, // U+01FE
    { 17, 26, 304, 1, 25, 111, 9812 }, // U+01FF
    { 19, 31, 304, -2, 31, 148, 9923 }, // U+0200
    { 16, 25, 304, 2, 25, 100, 10071 }, // U+0201
    { 20, 30, 304, -2, 30, 150, 10171 }, // U+0202
    { 16, 24, 304, 2, 24, 96, 10321 }, // U+0203
    { 17, 31, 272, 1, 31, 132, 10417 }, // U+0204
    { 13, 25, 256, 2, 25, 82, 10549 }, // U+0205
    { 17, 30, 272, 1, 30, 128, 10631 }, // U+0206
    { 13, 24, 256, 2, 24, 78, 10759 }, // U+0207
    { 14, 31, 176, -1, 31, 109, 10837 }, // U+0208
    { 11, 25, 144, -1, 25, 69, 10946 }, // U+0209
    { 15, 30, 176, -1, 30, 113, 11015 }, // U+020A
    { 10, 24, 144, 1, 24, 60, 11128 }, // U+020B
    { 21, 31, 384, 2, 31, 163, 11188 }, // U+020C
    { 15, 25, 304, 2, 25, 94, 11351 }, // U+020D
    { 21, 30, 384, 2, 30, 158, 11445 }, // U+020E
    { 15, 24, 304, 2, 24, 90, 11603 }, // U+020F
    { 18, 31, 304, 1, 31, 140, 11693 }, // U+0210
    { 13, 25, 208, 1, 25, 82, 11833 }, // U+0211
    { 18, 30, 304, 1, 30, 135, 11915 }, // U+0212
    { 14, 24, 208, 1, 24, 84, 12050 }, // U+0213
    { 20, 31, 352, 3, 31, 155, 12134 }, // U+0214
    { 16, 25, 304, 2, 25, 100, 12289 }, // U+0215
    { 20, 30, 352, 3, 30, 150, 12389 }, // U+0216
    { 16, 24, 304, 2, 24, 96, 12539 }, // U+0217
    { 16, 31, 272, 1, 24, 124, 12635 }, // U+0218
    { 14, 25, 224, 0, 18, 88, 12759 }, // U+0219
    { 16, 31, 272, 3, 24, 124, 12847 }, // U+021A
    { 11, 29, 176, 1, 22, 80, 12971 }, // U+021B
    { 21, 30, 304, -2, 24, 158, 13051 }, // U+021C
    { 17, 26, 256, -2, 18, 111, 13209 }, // U+021D
    { 22, 31, 352, 1, 31, 171, 13320 }, // U+021E
    { 16, 32, 304, 1, 32, 128, 13491 }, // U+021F
    { 6, 5, 0, -13, 25, 8, 0 }, // U+0300
    { 7, 5, 0, -7, 25, 9, 8 }, // U+0301
    { 10, 5, 0, -3, 25, 13, 17 }, // U+0302
    { 12, 4, 0, -14, 24, 12, 30 }, // U+0303
    { 9, 2, 0, -2, 22, 5, 42 }, // U+0304
    { 13, 3, 0, -3, 28, 10, 47 }, // U+0305
    { 10, 4, 0, -2, 24, 10, 57 }, // U+0306
    { 4, 3, 0, 1, 24, 3, 67 }, // U+0307
    { 9, 3, 0, -2, 24, 7, 70 }, // U+0308
    { 5, 8, 0, -9, 27, 10, 77 }, // U+0309
    { 7, 7, 0, 0, 27, 13, 87 }, // U+030A
    { 12, 5, 0, -2, 25, 15, 100 }, // U+030B
    { 11, 5, 0, -2, 25, 14, 115 }, // U+030C
    { 4, 9, 0, 1, 25, 9, 129 }, // U+030D
    { 8, 5, 0, -1, 25, 10, 138 }, // U+030E
    { 11, 5, 0, -16, 25, 14, 148 }, // U+030F
    { 9, 8, 0, -1, 28, 18, 162 }, // U+0310
    { 9, 4, 0, -2, 24, 9, 180 }, // U+0311
    { 7, 9, 0, -1, 24, 16, 189 }, // U+0312
    { 7, 9, 0, -1, 24, 16, 205 }, // U+0313
    { 3, 9, 0, 1, 24, 7, 221 }, // U+0314
    { 7, 9, 0, -1, 24, 16, 228 }, // U+0315
    { 5, 5, 0, -6, -2, 7, 244 }, // U+0316
    { 7, 5, 0, -5, -2, 9, 251 }, // U+0317
    { 7, 6, 0, -6, -1, 11, 260 }, // U+0318
    { 7, 6, 0, -6, -1, 11, 271 }, // U+0319
    { 10, 9, 176, 3, 25, 23, 282 }, // U+031A
    { 7, 7, 0, -1, 25, 13, 305 }, // U+031B
    { 4, 7, 0, -1, 0, 7, 318 }, // U+031C
    { 8, 5, 0, -7, -2, 10, 325 }, // U+031D
    { 7, 5, 0, -6, -2, 9, 335 }, // U+031E
    { 7, 7, 0, -6, -1, 13, 344 }, // U+031F
    { 8, 2, 0, -7, -3, 4, 357 }, // U+0320
    { 7, 9, 0, -6, 1, 16, 361 }, // U+0321
    { 5, 9, 0, -3, 1, 12, 377 }, // U+0322
    { 4, 4, 0, -14, -2, 4, 389 }, // U+0323
    { 9, 3, 0, -7, -3, 7, 393 }, // U+0324
    { 7, 7, 0, -6, 0, 13, 400 }, // U+0325
    { 6, 5, 0, 2, -2, 8, 413 }, // U+0326
    { 6, 8, 0, -5, 0, 12, 421 }, // U+0327
    { 6, 7, 0, -5, 0, 11, 433 }, // U+0328
    { 5, 9, 0, -5, -1, 12, 444 }, // U+0329
    { 13, 5, 0, -9, -2, 17, 456 }, // U+032A
    { 12, 4, 0, -8, -2, 12, 473 }, // U+032B
    { 10, 5, 0, -7, -2, 13, 485 }, // U+032C
    { 10, 5, 0, -8, -2, 13, 498 }, // U+032D
    { 10, 4, 0, -7, -2, 10, 511 }, // U+032E
    { 9, 4, 0, -7, -2, 9, 521 }, // U+032F
    { 12, 4, 0, -9, -2, 12, 530 }, // U+0330
    { 9, 2, 0, -7, -3, 5, 542 }, // U+0331
    { 14, 2, 0, -10, -3, 7, 547 }, // U+0332
    { 15, 6, 0, -10, -1, 23, 554 }, // U+0333
    { 12, 4, 0, -6, 11, 12, 577 }, // U+0334
    { 14, 3, 0, -7, 11, 11, 589 }, // U+0335
    { 22, 3, 0, -11, 11, 17, 600 }, // U+0336
    { 10, 7, 0, -5, 13, 18, 617 }, // U+0337
    { 18, 27, 0, -9, 25, 122, 635 }, // U+0338
    { 4, 7, 0, -2, 0, 7, 757 }, // U+0339
    { 13, 5, 0, -9, -2, 17, 764 }, // U+033A
    { 13, 7, 0, -9, -1, 23, 781 }, // U+033B
    { 13, 4, 0, -9, -2, 13, 804 }, // U+033C
    { 8, 7, 0, -1, 26, 14, 817 }, // U+033D
    { 6, 10, 0, 0, 29, 15, 831 }, // U+033E
    { 15, 6, 0, -3, 31, 23, 846 }, // U+033F
    { 5, 5, 0, -1, 25, 7, 869 }, // U+0340
    { 7, 5, 0, 1, 25, 9, 876 }, // U+0341
    { 12, 4, 0, 6, 24, 12, 885 }, // U+0342
    { 5, 6, 0, 1, 26, 8, 897 }, // U+0343
    { 12, 6, 0, -3, 26, 18, 905 }, // U+0344
    { 5, 5, 0, -4, -3, 7, 923 }, // U+0345
    { 14, 5, 0, -4, 25, 18, 930 }, // U+0346
    { 14, 6, 0, -9, -1, 21, 948 }, // U+0347
    { 9, 5, 0, -7, -1, 12, 969 }, // U+0348
    { 6, 6, 0, -5, -2, 9, 981 }, // U+0349
    { 12, 6, 0, -3, 25, 18, 990 }, // U+034A
    { 12, 11, 0, -3, 30, 33, 1008 }, // U+034B
    { 13, 8, 0, -3, 28, 26, 1041 }, // U+034C
    { 11, 6, 0, -8, -1, 17, 1067 }, // U+034D
    { 6, 7, 0, -5, -1, 11, 1084 }, // U+034E
    { 24, 24, 0, -12, 24, 144, 1095 }, // U+034F
    { 6, 7, 0, 0, 26, 11, 1239 }, // U+0350
    { 5, 7, 0, 4, 27, 9, 1250 }, // U+0351
    { 10, 8, 0, -2, 28, 20, 1259 }, // U+0352
    { 6, 6, 0, -5, -1, 9, 1279 }, // U+0353
    { 6, 7, 0, -5, -1, 11, 1288 }, // U+0354
    { 5, 7, 0, -4, -1, 9, 1299 }, // U+0355
    { 13, 7, 0, -8, -1, 23, 1308 }, // U+0356
    { 4, 7, 0, 4, 27, 7, 1331 }, // U+0357
    { 4, 3, 0, 1, 24, 3, 1338 }, // U+0358
    { 7, 7, 0, -6, -1, 13, 1341 }, // U+0359
    { 13, 7, 0, -9, -1, 23, 1354 }, // U+035A
    { 6, 6, 0, 0, 26, 9, 1377 }, // U+035B
    { 24, 7, 0, -14, -1, 42, 1386 }, // U+035C
    { 24, 7, 0, -9, 26, 42, 1428 }, // U+035D
    { 17, 2, 0, -6, 22, 9, 1470 }, // U+035E
    { 17, 2, 0, -11, -3, 9, 1479 }, // U+035F
    { 24, 4, 0, -9, 24, 24, 1488 }, // U+0360
    { 24, 6, 0, -9, 28, 36, 1512 }, // U+0361
    { 25, 6, 0, -16, -1, 38, 1548 }, // U+0362
    { 7, 8, 0, 0, 28, 14, 1586 }, // U+0363
    { 7, 8, 0, 0, 28, 14, 1600 }, // U+0364
    { 3, 10, 0, 2, 30, 8, 1614 }, // U+0365
    { 7, 8, 0, 0, 28, 14, 1622 }, // U+0366
    { 7, 8, 0, 0, 28, 14, 1636 }, // U+0367
    { 6, 8, 0, 1, 28, 12, 1650 }, // U+0368
    { 8, 10, 0, 0, 30, 20, 1662 }, // U+0369
    { 8, 10, 0, -1, 30, 20, 1682 }, // U+036A
    { 12, 8, 0, -3, 28, 24, 1702 }, // U+036B
    { 6, 8, 0, 1, 28, 12, 1726 }, // U+036C
    { 5, 9, 0, 1, 29, 12, 1738 }, // U+036D
    { 7, 8, 0, 0, 28, 14, 1750 }, // U+036E
    { 8, 8, 0, -1, 28, 16, 1764 }, // U+036F
    { 17, 31, 272, 1, 31, 132, 0 }, // U+0400
    { 17, 30, 272, 1, 30, 128, 132 }, // U+0401
    { 17, 24, 352, 3, 24, 102, 260 }, // U+0402
    { 17, 31, 256, 1, 31, 132, 362 }, // U+0403
    { 19, 24, 304, 2, 24, 114, 494 }, // U+0404
    { 16, 24, 272, 1, 24, 96, 608 }, // U+0405
    { 8, 24, 144, 1, 24, 48, 704 }, // U+0406
    { 11, 30, 144, 1, 30, 83, 752 }, // U+0407
    { 14, 30, 144, -5, 24, 105, 835 }, // U+0408
    { 30, 24, 496, -1, 24, 180, 940 }, // U+0409
    { 28, 24, 480, 1, 24, 168, 1120 }, // U+040A
    { 18, 24, 352, 3, 24, 108, 1288 }, // U+040B
    { 20, 31, 304, 1, 31, 155, 1396 }, // U+040C
    { 22, 31, 368, 1, 31, 171, 1551 }, // U+040D
    { 21, 30, 304, 0, 30, 158, 1722 }, // U+040E
    { 21, 29, 352, 1, 24, 153, 1880 }, // U+040F
    { 19, 24, 304, -2, 24, 114, 2033 }, // U+0410
    { 18, 24, 288, 1, 24, 108, 2147 }, // U+0411
    { 18, 24, 304, 1, 24, 108, 2255 }, // U+0412
    { 17, 24, 256, 1, 24, 102, 2363 }, // U+0413
    { 26, 29, 368, -3, 24, 189, 2465 }, // U+0414
    { 17, 24, 272, 1, 24, 102, 2654 }, // U+0415
    { 31, 24, 416, -2, 24, 186, 2756 }, // U+0416
    { 17, 24, 272, 0, 24, 102, 2942 }, // U+0417
    { 22, 24, 368, 1, 24, 132, 3044 }, // U+0418
    { 22, 30, 368, 1, 30, 165, 3176 }, // U+0419
    { 20, 24, 304, 1, 24, 120, 3341 }, // U+041A
    { 23, 24, 352, -1, 24, 138, 3461 }, // U+041B
    { 27, 24, 448, 1, 24, 162, 3599 }, // U+041C
    { 21, 24, 352, 1, 24, 126, 3761 }, // U+041D
    { 20, 24, 368, 2, 24, 120, 3887 }, // U+041E
    { 21, 24, 352, 1, 24, 126, 4007 }, // U+041F
    { 18, 24, 288, 1, 24, 108, 4133 }, // U+0420
    { 19, 24, 304, 2, 24, 114, 4241 }, // U+0421
    { 17, 24, 272, 3, 24, 102, 4355 }, // U+0422
    { 21, 24, 304, 0, 24, 126, 4457 }, // U+0423
    { 23, 24, 416, 2, 24, 138, 4583 }, // U+0424
    { 22, 24, 288, -2, 24, 132, 4721 }, // U+0425
    { 21, 29, 352, 1, 24, 153, 4853 }, // U+0426
    { 18, 24, 336, 3, 24, 108, 5006 }, // U+0427
    { 31, 24, 496, 1, 24, 186, 5114 }, // U+0428
    { 31, 29, 512, 1, 24, 225, 5300 }, // U+0429
    { 17, 24, 336, 3, 24, 102, 5525 }, // U+042A
    { 25, 24, 416, 1, 24, 150, 5627 }, // U+042B
    { 16, 24, 288, 1, 24, 96, 5777 }, // U+042C
    { 18, 24, 304, 1, 24, 108, 5873 }, // U+042D
    { 29, 24, 496, 1, 24, 174, 5981 }, // U+042E
    { 20, 24, 304, -1, 24, 120, 6155 }, // U+042F
    { 17, 18, 304, 1, 18, 77, 6275 }, // U+0430
    { 17, 25, 288, 2, 25, 107, 6352 }, // U+0431
    { 15, 18, 272, 1, 18, 68, 6459 }, // U+0432
    { 13, 18, 240, 1, 18, 59, 6527 }, // U+0433
    { 17, 25, 288, 1, 25, 107, 6586 }, // U+0434
    { 15, 18, 256, 1, 18, 68, 6693 }, // U+0435
    { 29, 18, 464, 0, 18, 131, 6761 }, // U+0436
    { 14, 18, 240, 0, 18, 63, 6892 }, // U+0437
    { 16, 18, 304, 2, 18, 72, 6955 }, // U+0438
    { 16, 25, 304, 2, 25, 100, 7027 }, // U+0439
    { 17, 18, 272, 1, 18, 77, 7127 }, // U+043A
    { 19, 18, 304, -1, 18, 86, 7204 }, // U+043B
    { 23, 18, 400, 1, 18, 104, 7290 }, // U+043C
    { 17, 18, 304, 1, 18, 77, 7394 }, // U+043D
    { 16, 18, 288, 1, 18, 72, 7471 }, // U+043E
    { 16, 18, 304, 1, 18, 72, 7543 }, // U+043F
    { 19, 26, 304, -1, 18, 124, 7615 }, // U+0440
    { 14, 18, 240, 1, 18, 63, 7739 }, // U+0441
    { 26, 18, 464, 1, 18, 117, 7802 }, // U+0442
    { 20, 26, 256, -3, 18, 130, 7919 }, // U+0443
    { 20, 33, 352, 1, 25, 165, 8049 }, // U+0444
    { 18, 18, 240, -2, 18, 81, 8214 }, // U+0445
    { 16, 23, 320, 2, 18, 92, 8295 }, // U+0446
    { 15, 18, 288, 3, 18, 68, 8387 }, // U+0447
    { 26, 18, 464, 2, 18, 117, 8455 }, // U+0448
    { 26, 23, 464, 2, 18, 150, 8572 }, // U+0449
    { 16, 18, 320, 2, 18, 72, 8722 }, // U+044A
    { 21, 18, 384, 2, 18, 95, 8794 }, // U+044B
    { 14, 18, 272, 1, 18, 63, 8889 }, // U+044C
    { 13, 18, 256, 1, 18, 59, 8952 }, // U+044D
    { 23, 18, 416, 1, 18, 104, 9011 }, // U+044E
    { 17, 18, 272, -1, 18, 77, 9115 }, // U+044F
    { 15, 25, 256, 1, 25, 94, 9192 }, // U+0450
    { 15, 24, 256, 1, 24, 90, 9286 }, // U+0451
    { 16, 33, 304, 1, 25, 132, 9376 }, // U+0452
    { 14, 25, 240, 1, 25, 88, 9508 }, // U+0453
    { 14, 18, 240, 1, 18, 63, 9596 }, // U+0454
    { 14, 18, 224, 0, 18, 63, 9659 }, // U+0455
    { 8, 24, 144, 1, 24, 48, 9722 }, // U+0456
    { 10, 24, 128, 1, 24, 60, 9770 }, // U+0457
    { 13, 32, 128, -4, 24, 104, 9830 }, // U+0458
    { 26, 18, 432, -1, 18, 117, 9934 }, // U+0459
    { 24, 18, 432, 1, 18, 108, 10051 }, // U+045A
    { 16, 25, 304, 1, 25, 100, 10159 }, // U+045B
    { 17, 25, 272, 1, 25, 107, 10259 }, // U+045C
    { 16, 25, 304, 2, 25, 100, 10366 }, // U+045D
    { 20, 33, 256, -3, 25, 165, 10466 }, // U+045E
    { 16, 25, 304, 2, 18, 100, 10631 }, // U+045F
    { 30, 24, 480, 3, 24, 180, 10731 }, // U+0460
    { 25, 18, 416, 2, 18, 113, 10911 }, // U+0461
    { 16, 24, 304, 2, 24, 96, 11024 }, // U+0462
    { 25, 18, 448, 1, 18, 113, 11120 }, // U+0463
    { 29, 24, 448, 1, 24, 174, 11233 }, // U+0464
    { 22, 18, 368, 1, 18, 99, 11407 }, // U+0465
    { 20, 24, 320, -2, 24, 120, 11506 }, // U+0466
    { 18, 18, 288, -2, 18, 81, 11626 }, // U+0467
    { 25, 24, 448, 1, 24, 150, 11707 }, // U+0468
    { 21, 18, 384, 1, 18, 95, 11857 }, // U+0469
    { 24, 24, 352, -1, 24, 144, 11952 }, // U+046A
    { 21, 18, 320, -2, 18, 95, 12096 }, // U+046B
    { 30, 24, 480, 1, 24, 180, 12191 }, // U+046C
    { 25, 18, 432, 1, 18, 113, 12371 }, // U+046D
    { 18, 35, 288, -1, 28, 158, 12484 }, // U+046E
    { 17, 28, 240, -2, 22, 119, 12642 }, // U+046F
    { 23, 24, 384, 4, 24, 138, 12761 }, // U+0470
    { 20, 33, 384, 2, 25, 165, 12899 }, // U+0471
    { 21, 24, 384, 2, 24, 126, 13064 }, // U+0472
    { 15, 18, 304, 2, 18, 68, 13190 }, // U+0473
    { 19, 24, 304, 3, 24, 114, 13258 }, // U+0474
    { 15, 18, 240, 2, 18, 68, 13372 }, // U+0475
    { 19, 31, 304, 3, 31, 148, 13440 }, // U+0476
    { 16, 25, 240, 1, 25, 100, 13588 }, // U+0477
    { 39, 32, 624, 2, 24, 312, 13688 }, // U+0478
    { 34, 26, 544, 2, 18, 221, 14000 }, // U+0479
    { 21, 28, 384, 2, 26, 147, 14221 }, // U+047A
    { 16, 21, 304, 2, 19, 84, 14368 }, // U+047B
    { 29, 34, 512, 2, 34, 247, 14452 }, // U+047C
    { 23, 29, 416, 2, 29, 167, 14699 }, // U+047D
    { 30, 29, 480, 3, 29, 218, 14866 }, // U+047E
    { 25, 23, 416, 2, 23, 144, 15084 }, // U+047F
    { 19, 32, 304, 2, 24, 152, 15228 }, // U+0480
    { 13, 26, 240, 2, 18, 85, 15380 }, // U+0481
    { 17, 21, 320, 2, 21, 90, 15465 }, // U+0482
    { 12, 5, 0, -13, 24, 15, 15555 }, // U+0483
    { 12, 4, 0, -13, 24, 12, 15570 }, // U+0484
    { 4, 6, 0, -9, 26, 6, 15582 }, // U+0485
    { 4, 6, 0, -9, 26, 6, 15588 }, // U+0486
    { 12, 4, 0, -2, 29, 12, 15594 }, // U+0487
    { 38, 34, 0, -19, 26, 323, 15606 }, // U+0488
    { 36, 36, 0, -18, 27, 324, 15929 }, // U+0489
    { 22, 37, 368, 1, 31, 204, 16253 }, // U+048A
    { 16, 31, 304, 2, 25, 124, 16457 }, // U+048B
    { 15, 24, 288, 1, 24, 90, 16581 }, // U+048C
    { 13, 25, 272, 2, 25, 82, 16671 }, // U+048D
    { 18, 24, 304, 1, 24, 108, 16753 }, // U+048E
    { 18, 26, 304, -1, 18, 117, 16861 }, // U+048F
    { 18, 28, 256, 1, 28, 126, 16978 }, // U+0490
    { 14, 23, 208, 1, 23, 81, 17104 }, // U+0491
    { 17, 24, 256, 1, 24, 102, 17185 }, // U+0492
    { 14, 18, 208, 0, 18, 63, 17287 }, // U+0493
    { 17, 32, 320, 1, 24, 136, 17350 }, // U+0494
    { 13, 26, 256, 1, 18, 85, 17486 }, // U+0495
    { 31, 30, 432, -2, 24, 233, 17571 }, // U+0496
    { 30, 24, 448, -1, 18, 180, 17804 }, // U+0497
    { 17, 31, 272, 0, 24, 132, 17984 }, // U+0498
    { 14, 25, 240, 0, 18, 88, 18116 }, // U+0499
    { 21, 30, 320, 1, 24, 158, 18204 }, // U+049A
    { 16, 24, 272, 1, 18, 96, 18362 }, // U+049B
    { 21, 24, 304, 1, 24, 126, 18458 }, // U+049C
    { 17, 18, 256, 1, 18, 77, 18584 }, // U+049D
    { 21, 24, 304, 1, 24, 126, 18661 }, // U+049E
    { 17, 25, 256, 1, 25, 107, 18787 }, // U+049F
    { 21, 24, 336, 3, 24, 126, 18894 }, // U+04A0
    { 19, 18, 304, 1, 18, 86, 19020 }, // U+04A1
    { 22, 30, 368, 1, 24, 165, 19106 }, // U+04A2
    { 18, 24, 320, 1, 18, 108, 19271 }, // U+04A3
    { 27, 24, 400, 1, 24, 162, 19379 }, // U+04A4
    { 23, 18, 368, 1, 18, 104, 19541 }, // U+04A5
    { 29, 32, 528, 1, 24, 232, 19645 }, // U+04A6
    { 24, 26, 432, 1, 18, 156, 19877 }, // U+04A7
    { 21, 25, 384, 2, 24, 132, 20033 }, // U+04A8
    { 16, 19, 320, 2, 18, 76, 20165 }, // U+04A9
    { 19, 31, 304, 2, 24, 148, 20241 }, // U+04AA
    { 13, 25, 240, 2, 18, 82, 20389 }, // U+04AB
    { 16, 30, 272, 3, 24, 120, 20471 }, // U+04AC
    { 27, 24, 464, 1, 18, 162, 20591 }, // U+04AD
    { 17, 24, 272, 3, 24, 102, 20753 }, // U+04AE
    { 15, 26, 240, 2, 18, 98, 20855 }, // U+04AF
    { 18, 24, 272, 2, 24, 108, 20953 }, // U+04B0
    { 18, 26, 240, -1, 18, 117, 21061 }, // U+04B1
    { 22, 30, 304, -2, 24, 165, 21178 }, // U+04B2
    { 18, 24, 272, 0, 18, 108, 21343 }, // U+04B3
    { 23, 30, 416, 3, 24, 173, 21451 }, // U+04B4
    { 20, 24, 352, 1, 18, 120, 21624 }, // U+04B5
    { 17, 30, 336, 4, 24, 128, 21744 }, // U+04B6
    { 14, 24, 288, 3, 18, 84, 21872 }, // U+04B7
    { 17, 24, 336, 4, 24, 102, 21956 }, // U+04B8
    { 14, 18, 288, 3, 18, 63, 22058 }, // U+04B9
    { 18, 24, 336, 1, 24, 108, 22121 }, // U+04BA
    { 16, 25, 304, 1, 25, 100, 22229 }, // U+04BB
    { 23, 24, 400, 2, 24, 138, 22329 }, // U+04BC
    { 18, 18, 320, 1, 18, 81, 22467 }, // U+04BD
    { 23, 30, 400, 2, 24, 173, 22548 }, // U+04BE
    { 18, 24, 320, 1, 18, 108, 22721 }, // U+04BF
    { 14, 24, 176, -1, 24, 84, 22829 }, // U+04C0
    { 31, 30, 416, -2, 30, 233, 22913 }, // U+04C1
    { 29, 25, 464, 0, 25, 182, 23146 }, // U+04C2
    { 21, 32, 336, 1, 24, 168, 23328 }, // U+04C3
    { 16, 26, 272, 1, 18, 104, 23496 }, // U+04C4
    { 23, 30, 352, -1, 24, 173, 23600 }, // U+04C5
    { 18, 24, 288, -1, 18, 108, 23773 }, // U+04C6
    { 22, 32, 352, 1, 24, 176, 23881 }, // U+04C7
    { 18, 26, 320, 1, 18, 117, 24057 }, // U+04C8
    { 22, 30, 368, 1, 24, 165, 24174 }, // U+04C9
    { 18, 24, 320, 1, 18, 108, 24339 }, // U+04CA
    { 17, 30, 336, 4, 24, 128, 24447 }, // U+04CB
    { 15, 24, 304, 3, 18, 90, 24575 }, // U+04CC
    { 27, 30, 448, 1, 24, 203, 24665 }, // U+04CD
    { 21, 24, 368, 1, 18, 126, 24868 }, // U+04CE
    { 14, 24, 176, -1, 24, 84, 24994 }, // U+04CF
    { 21, 30, 304, -2, 30, 158, 25078 }, // U+04D0
    { 16, 25, 304, 2, 25, 100, 25236 }, // U+04D1
    { 20, 30, 304, -2, 30, 150, 25336 }, // U+04D2
    { 16, 24, 304, 2, 24, 96, 25486 }, // U+04D3
    { 31, 24, 432, -2, 24, 186, 25582 }, // U+04D4
    { 24, 18, 432, 2, 18, 108, 25768 }, // U+04D5
    { 18, 30, 272, 1, 30, 135, 25876 }, // U+04D6
    { 15, 25, 256, 2, 25, 94, 26011 }, // U+04D7
    { 20, 24, 352, 1, 24, 120, 26105 }, // U+04D8
    { 14, 18, 256, 1, 18, 63, 26225 }, // U+04D9
    { 20, 30, 352, 1, 30, 150, 26288 }, // U+04DA
    { 14, 24, 256, 1, 24, 84, 26438 }, // U+04DB
    { 31, 30, 416, -2, 30, 233, 26522 }, // U+04DC
    { 29, 24, 464, 0, 24, 174, 26755 }, // U+04DD
    { 17, 29, 272, 0, 29, 124, 26929 }, // U+04DE
    { 14, 24, 240, 0, 24, 84, 27053 }, // U+04DF
    { 18, 24, 272, 0, 24, 108, 27137 }, // U+04E0
    { 17, 26, 240, -2, 18, 111, 27245 }, // U+04E1
    { 22, 28, 368, 1, 28, 154, 27356 }, // U+04E2
    { 16, 22, 304, 2, 22, 88, 27510 }, // U+04E3
    { 22, 30, 368, 1, 30, 165, 27598 }, // U+04E4
    { 16, 24, 304, 2, 24, 96, 27763 }, // U+04E5
    { 21, 30, 384, 2, 30, 158, 27859 }, // U+04E6
    { 15, 24, 304, 2, 24, 90, 28017 }, // U+04E7
    { 21, 24, 384, 2, 24, 126, 28107 }, // U+04E8
    { 15, 18, 304, 2, 18, 68, 28233 }, // U+04E9
    { 21, 29, 384, 2, 29, 153, 28301 }, // U+04EA
    { 15, 24, 304, 2, 24, 90, 28454 }, // U+04EB
    { 18, 29, 304, 1, 29, 131, 28544 }, // U+04EC
    { 13, 24, 256, 1, 24, 78, 28675 }, // U+04ED
    { 21, 28, 304, 0, 28, 147, 28753 }, // U+04EE
    { 20, 30, 240, -3, 22, 150, 28900 }, // U+04EF
    { 21, 30, 304, 0, 30, 158, 29050 }, // U+04F0
    { 20, 32, 240, -3, 24, 160, 29208 }, // U+04F1
    { 21, 31, 304, 0, 31, 163, 29368 }, // U+04F2
    { 21, 33, 240, -3, 25, 174, 29531 }, // U+04F3
    { 18, 30, 336, 3, 30, 135, 29705 }, // U+04F4
    { 15, 24, 288, 3, 24, 90, 29840 }, // U+04F5
    { 17, 30, 256, 1, 24, 128, 29930 }, // U+04F6
    { 13, 24, 208, 1, 18, 78, 30058 }, // U+04F7
    { 25, 30, 416, 1, 30, 188, 30136 }, // U+04F8
    { 21, 24, 384, 2, 24, 126, 30324 }, // U+04F9
    { 18, 30, 256, 0, 24, 135, 30450 }, // U+04FA
    { 14, 24, 208, 0, 18, 84, 30585 }, // U+04FB
    { 22, 30, 272, -2, 24, 165, 30669 }, // U+04FC
    { 18, 24, 256, -1, 18, 108, 30834 }, // U+04FD
    { 22, 24, 272, -2, 24, 132, 30942 }, // U+04FE
    { 18, 18, 256, -1, 18, 81, 31074 }, // U+04FF
    { 19, 30, 304, -2, 24, 143, 0 }, // U+1EA0
    { 16, 24, 304, 2, 18, 96, 143 }, // U+1EA1
    { 19, 33, 304, -2, 33, 157, 239 }, // U+1EA2
    { 16, 27, 304, 2, 27, 108, 396 }, // U+1EA3
    { 24, 33, 304, -2, 33, 198, 504 }, // U+1EA4
    { 19, 27, 304, 2, 27, 129, 702 }, // U+1EA5
    { 19, 33, 304, -2, 33, 157, 831 }, // U+1EA6
    { 16, 27, 304, 2, 27, 108, 988 }, // U+1EA7
    { 23, 34, 304, -2, 34, 196, 1096 }, // U+1EA8
    { 18, 28, 304, 2, 28, 126, 1292 }, // U+1EA9
    { 22, 35, 304, -2, 35, 193, 1418 }, // U+1EAA
    { 17, 29, 304, 2, 29, 124, 1611 }, // U+1EAB
    { 20, 37, 304, -2, 31, 185, 1735 }, // U+1EAC
    { 16, 31, 304, 2, 25, 124, 1920 }, // U+1EAD
    { 20, 34, 304, -2, 34, 170, 2044 }, // U+1EAE
    { 16, 28, 304, 2, 28, 112, 2214 }, // U+1EAF
    { 20, 34, 304, -2, 34, 170, 2326 }, // U+1EB0
    { 16, 28, 304, 2, 28, 112, 2496 }, // U+1EB1
    { 20, 35, 304, -2, 35, 175, 2608 }, // U+1EB2
    { 16, 29, 304, 2, 29, 116, 2783 }, // U+1EB3
    { 22, 35, 304, -2, 35, 193, 2899 }, // U+1EB4
    { 17, 29, 304, 2, 29, 124, 3092 }, // U+1EB5
    { 20, 36, 304, -2, 30, 180, 3216 }, // U+1EB6
    { 16, 30, 304, 2, 24, 120, 3396 }, // U+1EB7
    { 17, 30, 272, 1, 24, 128, 3516 }, // U+1EB8
    { 13, 24, 256, 2, 18, 78, 3644 }, // U+1EB9
    { 17, 33, 272, 1, 33, 141, 3722 }, // U+1EBA
    { 13, 27, 256, 2, 27, 88, 3863 }, // U+1EBB
    { 18, 30, 272, 1, 30, 135, 3951 }, // U+1EBC
    { 15, 24, 256, 2, 24, 90, 4086 }, // U+1EBD
    { 21, 33, 272, 1, 33, 174, 4176 }, // U+1EBE
    { 18, 27, 256, 2, 27, 122, 4350 }, // U+1EBF
    { 17, 33, 272, 1, 33, 141, 4472 }, // U+1EC0
    { 13, 27, 256, 2, 27, 88, 4613 }, // U+1EC1
    { 20, 34, 272, 1, 34, 170, 4701 }, // U+1EC2
    { 17, 28, 256, 2, 28, 119, 4871 }, // U+1EC3
    { 19, 35, 272, 1, 35, 167, 4990 }, // U+1EC4
    { 16, 29, 256, 2, 29, 116, 5157 }, // U+1EC5
    { 17, 37, 272, 1, 31, 158, 5273 }, // U+1EC6
    { 14, 31, 256, 2, 25, 109, 5431 }, // U+1EC7
    { 14, 33, 176, -1, 33, 116, 5540 }, // U+1EC8
    { 10, 27, 144, 1, 27, 68, 5656 }, // U+1EC9
    { 14, 30, 176, -1, 24, 105, 5724 }, // U+1ECA
    { 9, 30, 144, 0, 24, 68, 5829 }, // U+1ECB
    { 21, 30, 384, 2, 24, 158, 5897 }, // U+1ECC
    { 15, 24, 304, 2, 18, 90, 6055 }, // U+1ECD
    { 21, 33, 384, 2, 33, 174, 6145 }, // U+1ECE
    { 15, 27, 304, 2, 27, 102, 6319 }, // U+1ECF
    { 23, 33, 384, 2, 33, 190, 6421 }, // U+1ED0
    { 19, 27, 304, 2, 27, 129, 6611 }, // U+1ED1
    { 21, 33, 384, 2, 33, 174, 6740 }, // U+1ED2
    { 15, 27, 304, 2, 27, 102, 6914 }, // U+1ED3
    { 22, 34, 384, 2, 34, 187, 7016 }, // U+1ED4
    { 17, 28, 304, 2, 28, 119, 7203 }, // U+1ED5
    { 21, 35, 384, 2, 35, 184, 7322 }, // U+1ED6
    { 16, 29, 304, 2, 29, 116, 7506 }, // U+1ED7
    { 21, 37, 384, 2, 31, 195, 7622 }, // U+1ED8
    { 15, 31, 304, 2, 25, 117, 7817 }, // U+1ED9
    { 26, 31, 384, 2, 31, 202, 7934 }, // U+1EDA
    { 20, 25, 304, 2, 25, 125, 8136 }, // U+1EDB
    { 26, 31, 384, 2, 31, 202, 8261 }, // U+1EDC
    { 20, 25, 304, 2, 25, 125, 8463 }, // U+1EDD
    { 26, 33, 384, 2, 33, 215, 8588 }, // U+1EDE
    { 20, 27, 304, 2, 27, 135, 8803 }, // U+1EDF
    { 26, 30, 384, 2, 30, 195, 8938 }, // U+1EE0
    { 20, 24, 304, 2, 24, 120, 9133 }, // U+1EE1
    { 26, 31, 384, 2, 25, 202, 9253 }, // U+1EE2
    { 20, 26, 304, 2, 20, 130, 9455 }, // U+1EE3
    { 20, 30, 352, 3, 24, 150, 9585 }, // U+1EE4
    { 16, 24, 304, 2, 18, 96, 9735 }, // U+1EE5
    { 20, 33, 352, 3, 33, 165, 9831 }, // U+1EE6
    { 16, 27, 304, 2, 27, 108, 9996 }, // U+1EE7
    { 26, 31, 384, 3, 31, 202, 10104 }, // U+1EE8
    { 22, 25, 336, 2, 25, 138, 10306 }, // U+1EE9
    { 26, 31, 384, 3, 31, 202, 10444 }, // U+1EEA
    { 22, 25, 336, 2, 25, 138, 10646 }, // U+1EEB
    { 26, 33, 384, 3, 33, 215, 10784 }, // U+1EEC
    { 22, 27, 336, 2, 27, 149, 10999 }, // U+1EED
    { 26, 30, 384, 3, 30, 195, 11148 }, // U+1EEE
    { 22, 24, 336, 2, 24, 132, 11343 }, // U+1EEF
    { 26, 31, 384, 3, 25, 202, 11475 }, // U+1EF0
    { 22, 26, 336, 2, 20, 143, 11677 }, // U+1EF1
    { 17, 31, 272, 3, 31, 132, 11820 }, // U+1EF2
    { 20, 33, 240, -3, 25, 165, 11952 }, // U+1EF3
    { 17, 30, 272, 3, 24, 128, 12117 }, // U+1EF4
    { 20, 26, 240, -3, 18, 130, 12245 }, // U+1EF5
    { 17, 33, 272, 3, 33, 141, 12375 }, // U+1EF6
    { 20, 35, 240, -3, 27, 175, 12516 }, // U+1EF7
    { 17, 30, 272, 3, 30, 128, 12691 }, // U+1EF8
    { 20, 32, 240, -3, 24, 160, 12819 }, // U+1EF9
    { 1, 1, 272, 0, 1, 1, 0 }, // U+2000
    { 1, 1, 528, 0, 1, 1, 1 }, // U+2001
    { 1, 1, 272, 0, 1, 1, 2 }, // U+2002
    { 1, 1, 528, 0, 1, 1, 3 }, // U+2003
    { 1, 1, 176, 0, 1, 1, 4 }, // U+2004
    { 1, 1, 128, 0, 1, 1, 5 }, // U+2005
    { 1, 1, 96, 0, 1, 1, 6 }, // U+2006
    { 1, 1, 288, 0, 1, 1, 7 }, // U+2007
    { 1, 1, 128, 0, 1, 1, 8 }, // U+2008
    { 1, 1, 80, 0, 1, 1, 9 }, // U+2009
    { 1, 1, 48, 0, 1, 1, 10 }, // U+200A
    { 1, 1, 0, 0, 1, 1, 11 }, // U+200B
    { 1, 1, 0, 0, 1, 1, 12 }, // U+200C
    { 1, 1, 0, 0, 1, 1, 13 }, // U+200D
    { 8, 27, 0, -1, 23, 54, 14 }, // U+200E
    { 8, 27, 0, -7, 23, 54, 68 }, // U+200F
    { 8, 3, 160, 1, 10, 6, 122 }, // U+2010
    { 8, 3, 160, 1, 10, 6, 128 }, // U+2011
    { 15, 2, 288, 2, 13, 8, 134 }, // U+2012
    { 14, 2, 256, 1, 10, 7, 142 }, // U+2013
    { 30, 2, 512, 1, 10, 15, 149 }, // U+2014
    { 30, 2, 512, 1, 10, 15, 164 }, // U+2015
    { 10, 33, 288, 5, 25, 83, 179 }, // U+2016
    { 14, 6, 208, -3, -1, 21, 262 }, // U+2017
    { 7, 9, 96, 2, 24, 16, 283 }, // U+2018
    { 7, 9, 96, 2, 24, 16, 299 }, // U+2019
    { 7, 8, 128, -2, 4, 14, 315 }, // U+201A
    { 3, 9, 96, 4, 24, 7, 329 }, // U+201B
    { 13, 9, 192, 2, 24, 30, 336 }, // U+201C
    { 13, 9, 192, 2, 24, 30, 366 }, // U+201D
    { 13, 8, 224, -2, 4, 26, 396 }, // U+201E
    { 9, 9, 192, 4, 24, 21, 422 }, // U+201F
    { 13, 25, 256, 3, 25, 82, 443 }, // U+2020
    { 15, 25, 256, 1, 25, 94, 525 }, // U+2021
    { 8, 8, 192, 3, 16, 16, 619 }, // U+2022
    { 10, 10, 192, 2, 17, 25, 635 }, // U+2023
    { 4, 4, 272, 5, 4, 4, 660 }, // U+2024
    { 12, 4, 272, 1, 4, 12, 664 }, // U+2025
    { 21, 4, 400, 1, 4, 21, 676 }, // U+2026
    { 4, 4, 128, 2, 11, 4, 697 }, // U+2027
    { 1, 1, 320, 0, 1, 1, 701 }, // U+2028
    { 1, 1, 320, 0, 1, 1, 702 }, // U+2029
    { 8, 24, 0, -1, 20, 48, 703 }, // U+202A
    { 8, 24, 0, -7, 20, 48, 751 }, // U+202B
    { 8, 27, 0, -4, 23, 54, 799 }, // U+202C
    { 8, 27, 0, -4, 23, 54, 853 }, // U+202D
    { 8, 27, 0, -4, 23, 54, 907 }, // U+202E
    { 1, 1, 80, 0, 1, 1, 961 }, // U+202F
    { 33, 24, 592, 3, 24, 198, 962 }, // U+2030
    { 44, 24, 768, 3, 24, 264, 1160 }, // U+2031
    { 8, 9, 112, 2, 24, 18, 1424 }, // U+2032
    { 13, 9, 208, 2, 24, 30, 1442 }, // U+2033
    { 19, 9, 288, 2, 24, 43, 1472 }, // U+2034
    { 5, 9, 144, 4, 24, 12, 1515 }, // U+2035
    { 10, 9, 224, 4, 24, 23, 1527 }, // U+2036
    { 15, 9, 304, 4, 24, 34, 1550 }, // U+2037
    { 12, 11, 208, -3, 3, 33, 1584 }, // U+2038
    { 8, 14, 144, 1, 16, 28, 1617 }, // U+2039
    { 8, 14, 144, 0, 16, 28, 1645 }, // U+203A
    { 24, 25, 448, 2, 24, 150, 1673 }, // U+203B
    { 16, 24, 256, 1, 24, 96, 1823 }, // U+203C
    { 12, 24, 224, 3, 24, 72, 1919 }, // U+203D
    { 14, 2, 208, 3, 27, 7, 1991 }, // U+203E
    { 17, 7, 288, -2, -1, 30, 1998 }, // U+203F
    { 16, 7, 288, 3, 26, 28, 2028 }, // U+2040
    { 15, 21, 176, -3, 13, 79, 2056 }, // U+2041
    { 35, 29, 592, 0, 25, 254, 2135 }, // U+2042
    { 8, 2, 144, 1, 10, 4, 2389 }, // U+2043
    { 20, 24, 64, -8, 24, 120, 2393 }, // U+2044
    { 12, 29, 160, 0, 24, 87, 2513 }, // U+2045
    { 12, 29, 160, -2, 24, 87, 2600 }, // U+2046
    { 26, 24, 448, 3, 24, 156, 2687 }, // U+2047
    { 20, 24, 368, 3, 24, 120, 2843 }, // U+2048
    { 23, 24, 368, 1, 24, 138, 2963 }, // U+2049
    { 16, 18, 272, 2, 18, 72, 3101 }, // U+204A
    { 17, 29, 320, 3, 25, 124, 3173 }, // U+204B
    { 16, 17, 336, 2, 18, 68, 3297 }, // U+204C
    { 16, 17, 336, 3, 18, 68, 3365 }, // U+204D
    { 15, 15, 288, 0, 8, 57, 3433 }, // U+204E
    { 6, 22, 128, 1, 18, 33, 3490 }, // U+204F
    { 21, 34, 288, -2, 26, 179, 3523 }, // U+2050
    { 19, 32, 288, 0, 25, 152, 3702 }, // U+2051
    { 12, 24, 192, 0, 24, 72, 3854 }, // U+2052
    { 28, 5, 528, 3, 12, 35, 3926 }, // U+2053
    { 17, 7, 288, -3, -1, 30, 3961 }, // U+2054
    { 17, 17, 304, 1, 17, 73, 3991 }, // U+2055
    { 13, 25, 272, 2, 24, 82, 4064 }, // U+2056
    { 24, 9, 384, 2, 24, 54, 4146 }, // U+2057
    { 23, 25, 432, 2, 24, 144, 4200 }, // U+2058
    { 24, 25, 432, 2, 24, 150, 4344 }, // U+2059
    { 4, 24, 112, 2, 24, 24, 4494 }, // U+205A
    { 18, 25, 352, 2, 25, 113, 4518 }, // U+205B
    { 24, 25, 416, 1, 24, 150, 4631 }, // U+205C
    { 4, 23, 144, 2, 23, 23, 4781 }, // U+205D
    { 4, 24, 144, 3, 24, 24, 4804 }, // U+205E
    { 1, 1, 112, 0, 1, 1, 4828 }, // U+205F
    { 1, 1, 320, 0, 1, 1, 4829 }, // U+2060
    { 1, 1, 320, 0, 1, 1, 4830 }, // U+2061
    { 1, 1, 320, 0, 1, 1, 4831 }, // U+2062
    { 1, 1, 320, 0, 1, 1, 4832 }, // U+2063
    { 1, 1, 320, 0, 1, 1, 4833 }, // U+2064
    { 1, 1, 320, 0, 1, 1, 4834 }, // U+2066
    { 1, 1, 320, 0, 1, 1, 4835 }, // U+2067
    { 1, 1, 320, 0, 1, 1, 4836 }, // U+2068
    { 1, 1, 320, 0, 1, 1, 4837 }, // U+2069
    { 8, 27, 0, -4, 23, 54, 4838 }, // U+206A
    { 8, 27, 0, -4, 23, 54, 4892 }, // U+206B
    { 8, 27, 0, -4, 23, 54, 4946 }, // U+206C
    { 8, 27, 0, -4, 23, 54, 5000 }, // U+206D
    { 8, 27, 0, -4, 23, 54, 5054 }, // U+206E
    { 8, 27, 0, -4, 23, 54, 5108 }, // U+206F
    { 10, 15, 192, 3, 28, 38, 0 }, // U+2070
    { 5, 15, 112, 3, 24, 19, 38 }, // U+2071
    { 11, 14, 192, 2, 28, 39, 57 }, // U+2074
    { 10, 15, 192, 3, 28, 38, 96 }, // U+2075
    { 11, 15, 192, 3, 28, 42, 134 }, // U+2076
    { 10, 14, 192, 4, 28, 35, 176 }, // U+2077
    { 10, 15, 192, 3, 28, 38, 211 }, // U+2078
    { 10, 15, 192, 3, 28, 38, 249 }, // U+2079
    { 8, 9, 176, 4, 24, 18, 287 }, // U+207A
    { 8, 2, 176, 4, 21, 4, 305 }, // U+207B
    { 8, 6, 176, 4, 23, 12, 309 }, // U+207C
    { 7, 18, 96, 4, 30, 32, 321 }, // U+207D
    { 7, 18, 96, 0, 30, 32, 353 }, // U+207E
    { 11, 11, 192, 2, 20, 31, 385 }, // U+207F
    { 11, 15, 192, -1, 10, 42, 416 }, // U+2080
    { 7, 14, 192, 1, 10, 25, 458 }, // U+2081
    { 11, 14, 192, -2, 10, 39, 483 }, // U+2082
    { 10, 15, 192, -1, 10, 38, 522 }, // U+2083
    { 10, 14, 192, -1, 10, 35, 560 }, // U+2084
    { 10, 15, 192, -1, 10, 38, 595 }, // U+2085
    { 10, 15, 192, 0, 10, 38, 633 }, // U+2086
    { 10, 14, 192, 0, 10, 35, 671 }, // U+2087
    { 11, 15, 192, -1, 10, 42, 706 }, // U+2088
    { 10, 15, 192, -1, 10, 38, 748 }, // U+2089
    { 9, 9, 176, 0, 6, 21, 786 }, // U+208A
    { 9, 2, 176, 0, 4, 5, 807 }, // U+208B
    { 9, 6, 176, 0, 5, 14, 812 }, // U+208C
    { 7, 18, 96, 0, 12, 32, 826 }, // U+208D
    { 7, 18, 96, -4, 12, 32, 858 }, // U+208E
    { 11, 11, 192, -1, 8, 31, 890 }, // U+2090
    { 9, 11, 176, -1, 8, 25, 921 }, // U+2091
    { 10, 11, 192, -1, 8, 28, 946 }, // U+2092
    { 12, 10, 160, -3, 7, 30, 974 }, // U+2093
    { 9, 11, 176, -1, 8, 25, 1004 }, // U+2094
    { 11, 15, 224, 0, 12, 42, 1029 }, // U+2095
    { 11, 15, 192, 0, 12, 42, 1071 }, // U+2096
    { 6, 15, 128, 0, 12, 23, 1113 }, // U+2097
    { 17, 11, 336, 0, 8, 47, 1136 }, // U+2098
    { 11, 11, 192, -1, 8, 31, 1183 }, // U+2099
    { 12, 16, 192, -2, 8, 48, 1214 }, // U+209A
    { 9, 11, 160, -1, 8, 25, 1262 }, // U+209B
    { 7, 13, 112, -1, 10, 23, 1287 }, // U+209C
    { 17, 24, 288, 2, 24, 102, 0 }, // U+20A0
    { 18, 27, 288, 2, 25, 122, 102 }, // U+20A1
    { 17, 24, 288, 2, 24, 102, 224 }, // U+20A2
    { 18, 24, 288, 1, 24, 108, 326 }, // U+20A3
    { 19, 24, 288, 0, 24, 114, 434 }, // U+20A4
    { 26, 26, 464, 1, 22, 169, 548 }, // U+20A5
    { 19, 24, 288, 0, 24, 114, 717 }, // U+20A6
    { 23, 24, 384, 1, 24, 138, 831 }, // U+20A7
    { 25, 24, 432, 1, 24, 150, 969 }, // U+20A8
    { 22, 24, 320, 1, 24, 132, 1119 }, // U+20A9
    { 26, 24, 416, 1, 24, 156, 1251 }, // U+20AA
    { 21, 30, 304, 0, 25, 158, 1407 }, // U+20AB
    { 19, 24, 288, 1, 24, 114, 1565 }, // U+20AC
    { 20, 24, 304, 1, 24, 120, 1679 }, // U+20AD
    { 18, 24, 272, 1, 24, 108, 1799 }, // U+20AE
    { 30, 32, 512, 1, 24, 240, 1907 }, // U+20AF
    { 19, 32, 288, -1, 24, 152, 2147 }, // U+20B0
    { 19, 24, 288, 1, 24, 114, 2299 }, // U+20B1
    { 20, 28, 352, 2, 25, 140, 2413 }, // U+20B2
    { 22, 24, 304, -2, 24, 132, 2553 }, // U+20B3
    { 18, 24, 272, 0, 24, 108, 2685 }, // U+20B4
    { 19, 28, 304, 2, 25, 133, 2793 }, // U+20B5
    { 19, 22, 304, 1, 22, 105, 2926 }, // U+20B6
    { 22, 27, 352, 0, 24, 149, 3031 }, // U+20B7
    { 17, 24, 256, 2, 24, 102, 3180 }, // U+20B8
    { 16, 24, 288, 3, 24, 96, 3282 }, // U+20B9
    { 18, 24, 288, 0, 24, 108, 3378 }, // U+20BA
    { 20, 24, 352, 2, 24, 120, 3486 }, // U+20BB
    { 23, 24, 384, 0, 24, 138, 3606 }, // U+20BC
    { 21, 24, 304, -1, 24, 126, 3744 }, // U+20BD
    { 21, 27, 304, 0, 27, 142, 3870 }, // U+20BE
    { 17, 30, 288, 1, 27, 128, 4012 }, // U+20BF
    { 8, 3, 160, 1, 10, 6, 0 }, // U+2212
    { 29, 33, 336, -4, 25, 240, 0 }, // U+FB00
    { 23, 33, 304, -4, 25, 190, 240 }, // U+FB01
    { 24, 33, 304, -4, 25, 198, 430 }, // U+FB02
    { 34, 33, 480, -4, 25, 281, 628 }, // U+FB03
    { 34, 33, 480, -4, 25, 281, 909 }, // U+FB04
    { 25, 33, 320, -4, 25, 207, 1190 }, // U+FB05
    { 26, 25, 400, 0, 25, 163, 1397 }, // U+FB06
    { 31, 30, 528, 1, 25, 233, 0 }, // U+FFFD
};

static const EpdUnicodeInterval notosans_16_italicIntervals[] = {
    { 0x0, 0x0, 0x0 },
    { 0xD, 0xD, 0x1 },
    { 0x20, 0x7E, 0x2 },
    { 0xA0, 0x17F, 0x61 },
    { 0x1A0, 0x1A1, 0x141 },
    { 0x1AF, 0x1B0, 0x143 },
    { 0x1C4, 0x21F, 0x145 },
    { 0x300, 0x36F, 0x1A1 },
    { 0x400, 0x4FF, 0x211 },
    { 0x1EA0, 0x1EF9, 0x311 },
    { 0x2000, 0x2064, 0x36B },
    { 0x2066, 0x2071, 0x3D0 },
    { 0x2074, 0x208E, 0x3DC },
    { 0x2090, 0x209C, 0x3F7 },
    { 0x20A0, 0x20BF, 0x404 },
    { 0x2212, 0x2212, 0x424 },
    { 0xFB00, 0xFB06, 0x425 },
    { 0xFFFD, 0xFFFD, 0x42C },
};

static const EpdFontGroup notosans_16_italicGroups[] = {
    { 0, 2160, 8897, 97, 0 },
    { 2160, 1968, 10308, 96, 97 },
    { 4128, 2389, 16270, 128, 193 },
    { 6517, 2531, 14427, 96, 321 },
    { 9048, 737, 2008, 112, 417 },
    { 9785, 6237, 33835, 256, 529 },
    { 16022, 1508, 13934, 90, 785 },
    { 17530, 1349, 5443, 111, 875 },
    { 18879, 507, 1502, 42, 986 },
    { 19386, 1242, 4489, 32, 1028 },
    { 20628, 4, 6, 1, 1060 },
    { 20632, 302, 1660, 7, 1061 },
    { 20934, 98, 240, 1, 1068 },
};

static const uint16_t notosans_16_italicKernLeftCodepoints[] = {
    0x0020, 0x0022, 0x0026, 0x0027, 0x0028, 0x002C, 0x002D, 0x002E, 0x0041, 0x0042, 0x0043, 0x0044,
    0x0045, 0x0046, 0x004B, 0x004C, 0x004F, 0x0050, 0x0051, 0x0052, 0x0054, 0x0055, 0x0056, 0x0057,
    0x0058, 0x0059, 0x005A, 0x005B, 0x005F, 0x0061, 0x0062, 0x0063, 0x0065, 0x0066, 0x006B, 0x006F,
    0x0070, 0x0072, 0x0074, 0x0076, 0x0077, 0x0078, 0x0079, 0x007B, 0x00A1, 0x00AB, 0x00BB, 0x00BF,
    0x00C0, 0x00C1, 0x00C2, 0x00C3, 0x00C4, 0x00C5, 0x00C6, 0x00C7, 0x00C8, 0x00C9, 0x00CA, 0x00CB,
    0x00D0, 0x00D2, 0x00D3, 0x00D4, 0x00D5, 0x00D6, 0x00D8, 0x00D9, 0x00DA, 0x00DB, 0x00DC, 0x00DD,
    0x00DE, 0x00E0, 0x00E1, 0x00E2, 0x00E3, 0x00E4, 0x00E5, 0x00E6, 0x00E8, 0x00E9, 0x00EA, 0x00EB,
    0x00EF, 0x00F0, 0x00F2, 0x00F3, 0x00F4, 0x00F5, 0x00F6, 0x00F8, 0x00FD, 0x00FE, 0x00FF, 0x0100,
    0x0101, 0x0102, 0x0103, 0x0104, 0x0105, 0x0106, 0x0108, 0x010A, 0x010C, 0x010E, 0x010F, 0x0110,
    0x0112, 0x0113, 0x0114, 0x0115, 0x0116, 0x0117, 0x0118, 0x0119, 0x011A, 0x011B, 0x0129, 0x012B,
    0x012E, 0x0136, 0x0137, 0x0138, 0x0139, 0x013B, 0x013D, 0x013E, 0x013F, 0x0141, 0x014C, 0x014D,
    0x014E, 0x014F, 0x0150, 0x0151, 0x0152, 0x0153, 0x0155, 0x0157, 0x0159, 0x0162, 0x0163, 0x0164,
    0x0165, 0x0166, 0x0167, 0x0168, 0x016A, 0x016C, 0x016E, 0x0170, 0x0172, 0x0174, 0x0175, 0x0176,
    0x0177, 0x0178, 0x0179, 0x017B, 0x017D, 0x01A0, 0x01A1, 0x01AF, 0x01B0, 0x01D0, 0x01FA, 0x01FB,
    0x01FC, 0x01FD, 0x01FE, 0x01FF, 0x020B, 0x021A, 0x021B, 0x0402, 0x0403, 0x0404, 0x0405, 0x0408,
    0x0409, 0x040A, 0x040B, 0x040C, 0x040E, 0x0410, 0x0411, 0x0412, 0x0413, 0x0414, 0x0416, 0x0417,
    0x041A, 0x041E, 0x0420, 0x0421, 0x0422, 0x0423, 0x0424, 0x0425, 0x0426, 0x0429, 0x042A, 0x042C,
    0x042D, 0x042E, 0x0430, 0x0431, 0x0432, 0x0433, 0x0434, 0x0435, 0x0436, 0x0437, 0x0438, 0x0439,
    0x043A, 0x043B, 0x043C, 0x043D, 0x043E, 0x043F, 0x0440, 0x0441, 0x0442, 0x0443, 0x0444, 0x0445,
    0x0446, 0x0447, 0x0448, 0x0449, 0x044A, 0x044B, 0x044C, 0x044D, 0x044E, 0x044F, 0x0450, 0x0451,
    0x0452, 0x0453, 0x0454, 0x0455, 0x0457, 0x0458, 0x0459, 0x045A, 0x045B, 0x045C, 0x045D, 0x045E,
    0x045F, 0x0460, 0x0461, 0x0462, 0x0463, 0x0464, 0x0466, 0x0467, 0x0468, 0x0469, 0x046E, 0x046F,
    0x0472, 0x0473, 0x0474, 0x0475, 0x0476, 0x0477, 0x0478, 0x0479, 0x047A, 0x047B, 0x047C, 0x047D,
    0x047E, 0x047F, 0x0480, 0x048A, 0x048B, 0x048C, 0x048D, 0x048E, 0x048F, 0x0490, 0x0491, 0x0492,
    0x0493, 0x0495, 0x0496, 0x0497, 0x0498, 0x0499, 0x049A, 0x049B, 0x049C, 0x049D, 0x049E, 0x049F,
    0x04A0, 0x04A1, 0x04A2, 0x04A3, 0x04A4, 0x04A5, 0x04A7, 0x04A9, 0x04AA, 0x04AC, 0x04AD, 0x04AE,
    0x04AF, 0x04B0, 0x04B1, 0x04B2, 0x04B3, 0x04B4, 0x04B5, 0x04B6, 0x04B7, 0x04BB, 0x04BC, 0x04BD,
    0x04BE, 0x04BF, 0x04C1, 0x04C2, 0x04C4, 0x04C5, 0x04C6, 0x04C9, 0x04CA, 0x04CD, 0x04CE, 0x04D0,
    0x04D1, 0x04D2, 0x04D3, 0x04D5, 0x04D7, 0x04D8, 0x04D9, 0x04DA, 0x04DB, 0x04DC, 0x04DD, 0x04DE,
    0x04DF, 0x04E6, 0x04E7, 0x04E8, 0x04E9, 0x04EA, 0x04EB, 0x04EC, 0x04ED, 0x04EE, 0x04EF, 0x04F0,
    0x04F1, 0x04F2, 0x04F3, 0x04F5, 0x04F6, 0x04F7, 0x04F9, 0x04FA, 0x04FB, 0x04FC, 0x04FD, 0x04FE,
    0x04FF, 0x1EA0, 0x1EA1, 0x1EA2, 0x1EA3, 0x1EA4, 0x1EA5, 0x1EA6, 0x1EA7, 0x1EA8, 0x1EA9, 0x1EAA,
    0x1EAB, 0x1EAC, 0x1EAD, 0x1EAE, 0x1EAF, 0x1EB0, 0x1EB1, 0x1EB2, 0x1EB3, 0x1EB4, 0x1EB5, 0x1EB6,
    0x1EB7, 0x1EB8, 0x1EB9, 0x1EBA, 0x1EBB, 0x1EBC, 0x1EBD, 0x1EBE, 0x1EBF, 0x1EC0, 0x1EC1, 0x1EC2,
    0x1EC3, 0x1EC4, 0x1EC5, 0x1EC6, 0x1EC7, 0x1ECC, 0x1ECD, 0x1ECE, 0x1ECF, 0x1ED0, 0x1ED1, 0x1ED2,
    0x1ED3, 0x1ED4, 0x1ED5, 0x1ED6, 0x1ED7, 0x1ED8, 0x1ED9, 0x1EDA, 0x1EDB, 0x1EDC, 0x1EDD, 0x1EDE,
    0x1EDF, 0x1EE0, 0x1EE1, 0x1EE2, 0x1EE3, 0x1EE4, 0x1EE6, 0x1EE8, 0x1EE9, 0x1EEA, 0x1EEB, 0x1EEC,
    0x1EED, 0x1EEE, 0x1EEF, 0x1EF0, 0x1EF1, 0x1EF2, 0x1EF3, 0x1EF4, 0x1EF5, 0x1EF6, 0x1EF7, 0x1EF8,
    0x1EF9, 0x2013, 0x2014, 0x2015, 0x2018, 0x2019, 0x201A, 0x201C, 0x201D, 0x201E, 0x2039, 0x203A,
    0x207D, 0x208D, 0xFB00,
};

static const uint8_t notosans_16_italicKernLeftClassIds[] = {
      1,   2,   3,   2,   4,   5,   6,   5,   7,   8,   9,  10,  11,  12,  13,  14,
     10,  15,  10,  16,  17,  18,  19,  19,  13,  20,  21,   4,  22,  23,  24,  25,
     24,  26,  27,  24,  24,  28,  29,  30,  30,  27,  30,   4,  31,  32,  33,  34,
      7,   7,   7,   7,   7,   7,  11,   9,  11,  11,  11,  11,  10,  10,  10,  10,
     10,  10,  10,  18,  18,  18,  18,  20,  15,  23,  23,  23,  23,  23,  23,  24,
     24,  24,  24,  24,  35,  24,  24,  24,  24,  24,  24,  24,  30,  24,  30,   7,
     23,   7,  23,   7,  23,   9,   9,   9,   9,  10,  36,  10,  11,  24,  11,  24,
     11,  24,  11,  24,  11,  24,  37,  35,  38,  13,  27,  27,  14,  14,  14,  36,
     14,  14,  10,  24,  10,  24,  10,  24,  11,  24,  28,  28,  28,  17,  29,  17,
     39,  17,  29,  18,  18,  18,  18,  18,  18,  19,  30,  20,  30,  20,  21,  21,
     21,  40,  41,  42,  43,  35,   7,  23,  11,  24,  10,  24,  35,  17,  29,  44,
     45,  46,  47,  48,  44,  44,  49,  50,  51,  52,  53,  54,  45,  55,  50,  54,
     50,  56,  57,  46,  45,  51,  58,  50,  55,  55,  44,  44,  56,  56,  59,  60,
     61,  62,  63,  62,  64,  61,  59,  59,  65,  59,  59,  59,  66,  67,  66,  64,
     67,  68,  66,  65,  69,  59,  59,  69,  70,  59,  70,  66,  66,  59,  62,  62,
     71,  62,  64,  72,  73,  74,  70,  70,  67,  65,  59,  75,  59,  51,  76,  77,
     70,  46,  52,  78,  52,  78,  54,  61,  56,  66,  51,  76,  51,  76,  68,  68,
     56,  66,  56,  66,  51,  76,  46,  55,  63,  77,  70,  57,  66,  79,  80,  81,
     82,  83,  84,  85,  54,  61,  84,  85,  50,  64,  50,  64,  50,  64,  55,  63,
     81,  80,  83,  66,  46,  79,  63,  86,  87,  86,  87,  84,  85,  55,  63,  55,
     63,  83,  88,  62,  88,  62,  50,  64,  64,  55,  63,  55,  63,  55,  63,  52,
     23,  52,  23,  62,  62,  56,  66,  56,  66,  50,  64,  54,  61,  56,  66,  56,
     66,  56,  66,  56,  66,  51,  68,  51,  68,  51,  68,  59,  79,  80,  59,  81,
     82,  84,  85,  50,  85,   7,  23,   7,  23,   7,  23,   7,  23,   7,  23,   7,
     23,   7,  23,   7,  23,   7,  23,   7,  23,   7,  23,   7,  23,  11,  24,  11,
     24,  11,  24,  11,  24,  11,  24,  11,  24,  11,  24,  11,  24,  10,  24,  10,
     24,  10,  24,  10,  24,  10,  24,  10,  24,  10,  24,  40,  41,  40,  41,  40,
     41,  40,  41,  40,  41,  18,  18,  42,  43,  42,  43,  42,  43,  42,  43,  42,
     43,  20,  30,  20,  30,  20,  30,  20,  30,   6,   6,   6,   2,   2,   5,   2,
      2,   5,  32,  33,  89,  90,  26,
};

static const uint16_t notosans_16_italicKernRightCodepoints[] = {
    0x0021, 0x0022, 0x0026, 0x0027, 0x0029, 0x002C, 0x002D, 0x002E, 0x003A, 0x003B, 0x003F, 0x0041,
    0x0043, 0x0047, 0x0049, 0x004A, 0x004F, 0x0051, 0x0053, 0x0054, 0x0055, 0x0056, 0x0057, 0x0058,
    0x0059, 0x005A, 0x005D, 0x0061, 0x0063, 0x0064, 0x0065, 0x0066, 0x0067, 0x006A, 0x006D, 0x006E,
    0x006F, 0x0070, 0x0071, 0x0072, 0x0073, 0x0074, 0x0075, 0x0076, 0x0077, 0x0079, 0x007A, 0x007D,
    0x00AB, 0x00BB, 0x00C0, 0x00C1, 0x00C2, 0x00C3, 0x00C4, 0x00C5, 0x00C6, 0x00C7, 0x00D2, 0x00D3,
    0x00D4, 0x00D5, 0x00D6, 0x00D8, 0x00D9, 0x00DA, 0x00DB, 0x00DC, 0x00DD, 0x00DF, 0x00E0, 0x00E1,
    0x00E2, 0x00E3, 0x00E4, 0x00E5, 0x00E6, 0x00E7, 0x00E8, 0x00E9, 0x00EA, 0x00EB, 0x00F1, 0x00F2,
    0x00F3, 0x00F4, 0x00F5, 0x00F6, 0x00F8, 0x00F9, 0x00FA, 0x00FB, 0x00FC, 0x00FD, 0x00FF, 0x0100,
    0x0101, 0x0102, 0x0103, 0x0104, 0x0105, 0x0106, 0x0107, 0x0108, 0x0109, 0x010A, 0x010B, 0x010C,
    0x010D, 0x010F, 0x0111, 0x0113, 0x0115, 0x0117, 0x0119, 0x011B, 0x011C, 0x011D, 0x011E, 0x011F,
    0x0120, 0x0121, 0x0122, 0x0123, 0x0127, 0x0129, 0x0135, 0x0138, 0x0144, 0x0146, 0x0148, 0x014B,
    0x014C, 0x014D, 0x014E, 0x014F, 0x0150, 0x0151, 0x0152, 0x0153, 0x0155, 0x0157, 0x015B, 0x015D,
    0x015F, 0x0161, 0x0162, 0x0163, 0x0164, 0x0165, 0x0166, 0x0167, 0x0168, 0x0169, 0x016A, 0x016B,
    0x016C, 0x016D, 0x016E, 0x016F, 0x0170, 0x0171, 0x0172, 0x0173, 0x0174, 0x0175, 0x0176, 0x0177,
    0x0178, 0x0179, 0x017A, 0x017B, 0x017C, 0x017D, 0x017E, 0x01A0, 0x01A1, 0x01AF, 0x01B0, 0x01FA,
    0x01FB, 0x01FC, 0x01FD, 0x01FE, 0x01FF, 0x0219, 0x021A, 0x021B, 0x0402, 0x0404, 0x0405, 0x0408,
    0x0409, 0x040B, 0x040E, 0x0410, 0x0414, 0x0416, 0x0417, 0x041B, 0x041E, 0x0421, 0x0422, 0x0423,
    0x0424, 0x0425, 0x0427, 0x042A, 0x042D, 0x042F, 0x0430, 0x0431, 0x0432, 0x0433, 0x0434, 0x0435,
    0x0436, 0x0437, 0x0438, 0x0439, 0x043A, 0x043B, 0x043C, 0x043D, 0x043E, 0x043F, 0x0440, 0x0441,
    0x0442, 0x0443, 0x0444, 0x0445, 0x0446, 0x0447, 0x0448, 0x0449, 0x044A, 0x044B, 0x044C, 0x044D,
    0x044E, 0x044F, 0x0450, 0x0451, 0x0452, 0x0453, 0x0454, 0x0455, 0x0457, 0x0458, 0x0459, 0x045A,
    0x045B, 0x045C, 0x045D, 0x045E, 0x045F, 0x0460, 0x0461, 0x0462, 0x0465, 0x0466, 0x0467, 0x0469,
    0x046D, 0x046E, 0x046F, 0x0470, 0x0471, 0x0472, 0x0473, 0x0474, 0x0475, 0x0476, 0x0477, 0x0478,
    0x0479, 0x047A, 0x047B, 0x047C, 0x047D, 0x047E, 0x047F, 0x0480, 0x0481, 0x048B, 0x048C, 0x048D,
    0x048F, 0x0491, 0x0492, 0x0495, 0x0496, 0x0497, 0x0498, 0x0499, 0x049B, 0x049D, 0x049E, 0x049F,
    0x04A0, 0x04A1, 0x04A3, 0x04A5, 0x04A7, 0x04A8, 0x04A9, 0x04AA, 0x04AB, 0x04AC, 0x04AD, 0x04AE,
    0x04AF, 0x04B0, 0x04B1, 0x04B2, 0x04B3, 0x04B4, 0x04B5, 0x04B6, 0x04B7, 0x04B8, 0x04B9, 0x04BB,
    0x04BC, 0x04BD, 0x04BE, 0x04BF, 0x04C1, 0x04C2, 0x04C4, 0x04C5, 0x04C6, 0x04C8, 0x04CA, 0x04CB,
    0x04CC, 0x04CE, 0x04D0, 0x04D1, 0x04D2, 0x04D3, 0x04D4, 0x04D5, 0x04D7, 0x04D8, 0x04D9, 0x04DA,
    0x04DB, 0x04DC, 0x04DD, 0x04DE, 0x04DF, 0x04E3, 0x04E5, 0x04E6, 0x04E7, 0x04E8, 0x04E9, 0x04EA,
    0x04EB, 0x04EC, 0x04ED, 0x04EE, 0x04EF, 0x04F0, 0x04F1, 0x04F2, 0x04F3, 0x04F4, 0x04F5, 0x04F7,
    0x04F9, 0x04FA, 0x04FC, 0x04FD, 0x04FE, 0x04FF, 0x1EA0, 0x1EA1, 0x1EA2, 0x1EA3, 0x1EA4, 0x1EA5,
    0x1EA6, 0x1EA7, 0x1EA8, 0x1EA9, 0x1EAA, 0x1EAB, 0x1EAC, 0x1EAD, 0x1EAE, 0x1EAF, 0x1EB0, 0x1EB1,
    0x1EB2, 0x1EB3, 0x1EB4, 0x1EB5, 0x1EB6, 0x1EB7, 0x1EB9, 0x1EBB, 0x1EBD, 0x1EBF, 0x1EC1, 0x1EC3,
    0x1EC5, 0x1EC7, 0x1ECC, 0x1ECD, 0x1ECE, 0x1ECF, 0x1ED0, 0x1ED1, 0x1ED2, 0x1ED3, 0x1ED4, 0x1ED5,
    0x1ED6, 0x1ED7, 0x1ED8, 0x1ED9, 0x1EDA, 0x1EDB, 0x1EDC, 0x1EDD, 0x1EDE, 0x1EDF, 0x1EE0, 0x1EE1,
    0x1EE2, 0x1EE3, 0x1EE4, 0x1EE5, 0x1EE6, 0x1EE7, 0x1EE8, 0x1EE9, 0x1EEA, 0x1EEB, 0x1EEC, 0x1EED,
    0x1EEE, 0x1EEF, 0x1EF0, 0x1EF1, 0x1EF2, 0x1EF3, 0x1EF4, 0x1EF5, 0x1EF6, 0x1EF7, 0x1EF8, 0x1EF9,
    0x2013, 0x2014, 0x2015, 0x2018, 0x2019, 0x201A, 0x201C, 0x201D, 0x201E, 0x2026, 0x2039, 0x203A,
    0x207E, 0x208E, 0xFB00,
};

static const uint8_t notosans_16_italicKernRightClassIds[] = {
      1,   2,   3,   2,   4,   5,   6,   5,   7,   7,   8,   9,  10,  10,  11,  12,
     10,  10,  13,  14,  15,  16,  16,  17,  18,  19,   4,  20,  21,  21,  21,  22,
     23,  24,  25,  25,  21,  25,  21,  25,  26,  27,  25,  28,  28,  28,  29,   4,
     30,  31,   9,   9,   9,   9,   9,   9,  32,  10,  10,  10,  10,  10,  10,  10,
     15,  15,  15,  15,  18,  24,  21,  20,  20,  20,  20,  20,  20,  21,  21,  21,
     21,  21,  25,  21,  21,  21,  21,  21,  21,  25,  25,  25,  25,  28,  28,   9,
     20,   9,  20,   9,  20,  10,  21,  10,  21,  10,  21,  10,  21,  21,  21,  21,
     21,  21,  21,  21,  10,  23,  10,  23,  10,  23,  10,  23,  33,  34,  24,  25,
     25,  25,  25,  25,  10,  21,  10,  21,  10,  21,  10,  21,  25,  25,  26,  26,
     26,  26,  14,  27,  14,  27,  14,  27,  15,  25,  15,  25,  15,  25,  15,  25,
     15,  25,  15,  25,  16,  28,  18,  28,  18,  19,  29,  19,  29,  19,  29,  10,
     21,  15,  25,   9,  20,  32,  20,  10,  21,  26,  14,  27,  35,  36,  37,  38,
     39,  35,  40,  41,  42,  43,  44,  39,  36,  36,  35,  40,  45,  43,  46,  35,
     44,  47,  48,  49,  48,  50,  51,  48,  52,  50,  53,  53,  54,  55,  54,  54,
     48,  54,  54,  48,  54,  56,  48,  57,  53,  58,  53,  53,  59,  53,  53,  52,
     54,  60,  48,  48,  61,  50,  48,  62,  63,  64,  55,  54,  61,  54,  53,  65,
     53,  66,  67,  68,  69,  41,  70,  69,  69,  44,  50,  46,  69,  71,  72,  66,
     67,  66,  67,  71,  72,  71,  72,  71,  72,  66,  67,  71,  72,  69,  68,  61,
     69,  69,  68,  69,  43,  50,  44,  50,  69,  69,  68,  61,  73,  59,  69,  69,
     69,  71,  72,  71,  72,  35,  69,  74,  75,  74,  75,  43,  52,  73,  59,  46,
     58,  46,  58,  69,  76,  77,  76,  77,  43,  52,  69,  78,  70,  69,  69,  46,
     58,  69,  41,  79,  41,  79,  41,  79,  72,  80,  50,  80,  50,  43,  52,  44,
     50,  69,  69,  71,  72,  71,  72,  71,  72,  44,  52,  40,  56,  40,  56,  40,
     56,  46,  58,  69,  53,  68,  43,  52,  43,  52,   9,  20,   9,  20,   9,  20,
      9,  20,   9,  20,   9,  20,   9,  20,   9,  20,   9,  20,   9,  20,   9,  20,
      9,  20,  21,  21,  21,  21,  21,  21,  21,  21,  10,  21,  10,  21,  10,  21,
     10,  21,  10,  21,  10,  21,  10,  21,  10,  21,  10,  21,  10,  21,  10,  21,
     10,  21,  15,  25,  15,  25,  15,  25,  15,  25,  15,  25,  15,  25,  15,  25,
     18,  28,  18,  28,  18,  28,  18,  28,   6,   6,   6,  81,   2,   5,  81,   2,
      5,   5,  30,  31,  82,  83,  22,
};

static const uint16_t notosans_16_italicKernRowOffsets[] = {
        0,     2,    32,    35,    50,    65,    78,    84,    85,    88,    96,    97,   100,   102,   109,   115,
      116,   132,   134,   146,   160,   163,   164,   165,   168,   169,   171,   172,   177,   179,   182,   185,
      192,   200,   204,   205,   211,   213,   214,   217,   224,   230,   244,   252,   268,   297,   307,   312,
      314,   321,   340,   369,   393,   407,   421,   437,   450,   466,   485,   486,   502,   511,   519,   524,
      532,   542,   558,   567,   579,   597,   614,   623,   628,   636,   638,   650,   652,   659,   671,   695,
      699,   717,   721,   729,   736,   738,   753,   755,   758,   759,   760,
};

static const uint8_t notosans_16_italicKernSparseCols[] = {
     70,  71,   8,  13,  15,  17,  19,  20,  22,  24,  25,  33,  34,  36,  38,  39,
     40,  41,  42,  43,  45,  49,  54,  55,  60,  62,  64,  68,  69,  71,  77,  78,
     13,  15,  17,  11,  21,  23,  34,  37,  38,  41,  42,  43,  44,  55,  60,  62,
     63,  64,   9,  13,  14,  15,  17,  34,  44,  45,  57,  58,  65,  70,  72,  73,
     75,  13,  34,  39,  41,  42,  45,  54,  55,  56,  57,  58,  64,  72,   1,   9,
     11,  13,  15,  17,   4,   2,   9,  29,   4,   8,  13,  15,  16,  17,  18,  36,
     11,   4,   7,   8,   9,  29,   1,   9,  13,  14,  15,  17,  29,   2,   4,   8,
     16,  18,  29,  29,   2,   4,   5,   7,   8,   9,  13,  19,  20,  22,  24,  25,
     27,  28,  29,  30,   4,   8,   2,   4,   7,   8,   9,  19,  20,  22,  24,  25,
     29,  30,   2,   4,   7,   8,   9,  19,  20,  22,  24,  25,  28,  29,  30,  31,
      2,   9,  29,  11,   1,   1,  27,  28,   1,   1,   3,  20,   1,   4,  19,  20,
     22,   1,   3,   1,   4,   7,  11,  13,  17,  13,  15,  17,  34,  39,  45,  72,
     13,  15,  17,  34,  39,  42,  45,  72,  11,  13,  15,  17,   3,   0,   1,   3,
      7,  32,  80,   3,  33,  11,   1,   3,   7,   7,  12,  13,  15,  16,  17,  20,
      1,  21,  25,  26,  27,  80,   1,   4,   7,   8,  10,  12,  13,  15,  16,  17,
     19,  20,  24,  80,   1,   4,   7,  21,  25,  26,  27,  80,   1,   3,   4,  34,
     35,  39,  42,  44,  45,  46,  51,  55,  57,  58,  64,  80,   3,   4,   5,   6,
     30,  34,  35,  38,  40,  41,  43,  44,  46,  47,  49,  50,  51,  52,  53,  54,
     55,  56,  57,  58,  59,  60,  61,  62,  64,  29,  35,  37,  44,  45,  47,  50,
     57,  70,  75,   4,  44,  45,  57,  80,  37,  63,   1,  34,  39,  45,  57,  58,
     80,   3,   4,   5,  29,  35,  37,  41,  44,  45,  47,  50,  52,  55,  57,  58,
     62,  64,  70,  75,   4,   5,   6,  29,  30,  35,  38,  40,  41,  44,  46,  47,
     48,  49,  50,  52,  53,  54,  57,  59,  60,  61,  62,  69,  70,  71,  75,  76,
     77,   1,  34,  35,  37,  38,  39,  44,  45,  47,  48,  50,  52,  54,  55,  57,
     58,  64,  65,  67,  72,  73,  75,  79,  80,   1,  35,  40,  42,  44,  45,  51,
     55,  56,  57,  58,  64,  75,  80,   4,  34,  36,  39,  40,  42,  43,  44,  45,
     46,  51,  57,  65,  73,   3,  34,  35,  37,  38,  40,  41,  42,  44,  45,  54,
     55,  57,  58,  63,  64,   4,  34,  39,  40,  42,  43,  45,  46,  57,  65,  69,
     72,  73,   4,   5,  29,  34,  38,  39,  40,  41,  42,  43,  46,  47,  50,  54,
     69,  77,   3,   4,   6,  34,  36,  38,  39,  40,  41,  42,  43,  45,  46,  54,
     65,  69,  72,  73,  77,  34,   1,   4,  34,  39,  42,  45,  49,  51,  55,  56,
     57,  58,  59,  61,  64,  80,   4,  34,  45,  49,  51,  55,  57,  58,  64,   1,
     34,  45,  47,  50,  55,  57,  64,   1,   4,  34,  42,  56,  34,  45,  47,  50,
     54,  57,  71,  76,   4,   5,  34,  45,  47,  48,  50,  52,  57,  80,   1,   4,
     34,  39,  42,  45,  49,  51,  55,  56,  57,  58,  59,  61,  64,  80,   1,  34,
     42,  45,  55,  57,  58,  64,  80,   4,   5,  34,  38,  40,  42,  47,  50,  54,
     59,  69,  80,   1,   3,  34,  37,  38,  40,  41,  42,  44,  45,  52,  54,  55,
     57,  58,  63,  64,  80,   1,  34,  35,  38,  45,  48,  51,  52,  55,  56,  57,
     58,  64,  66,  74,  76,  80,   1,  34,  37,  55,  57,  58,  63,  64,  80,  34,
     39,  47,  50,  57,   1,   3,  34,  39,  42,  60,  62,  80,  37,  63,   4,   5,
     34,  38,  40,  42,  47,  50,  54,  59,  69,  80,   4,  69,   1,  34,  45,  58,
     65,  72,  73,   1,  55,  57,  58,  59,  64,  66,  68,  71,  74,  76,  78,   4,
      5,  29,  30,  34,  40,  44,  49,  51,  55,  57,  58,  59,  61,  64,  66,  68,
     69,  70,  71,  74,  75,  76,  77,   4,   5,  69,  71,   4,   5,  34,  40,  44,
     49,  51,  57,  60,  61,  68,  69,  70,  71,  72,  75,  76,  77,   4,  66,  69,
     71,   1,  55,  57,  58,  64,  66,  74,  76,  37,  44,  57,  58,  70,  75,  76,
     57,  71,   4,  40,  44,  49,  57,  59,  60,  68,  69,  70,  71,  76,  77,  78,
     79,   4,  69,  34,  65,  73,  81,  82,
};

static const int8_t notosans_16_italicKernSparseValues[] = {
     -11,  -11,  -37,   11,   11,    5,  -21,  -32,  -16,  -16,  -16,   37,   11,   16,  -26,   16,
     -37,  -32,   16,   21,   11,    5,  -16,   11,   21,   21,   11,   -5,  -37,  -32,  -32,  -11,
     -32,  -21,  -32,   48,   21,   21,   16,   58,   -5,   21,   11,   16,  -11,   16,   21,   16,
      48,   16,  -26,  -37,  -11,  -32,  -32,  -32,  -21,  -42,  -32,  -26,  -32,  -26,  -37,  -32,
     -32,  -21,  -21,  -11,   -5,  -11,  -26,   -5,   -5,   -5,  -11,  -11,   -5,  -21,  -37,  -11,
      40,  -26,   -5,  -16,  -11,   -5,  -11,  -11,  -21,  -11,  -16,   -5,  -11,   -5,   -5,   -5,
      32,  -32,   11,  -11,  -11,  -11,  -42,  -11,  -21,   -5,  -11,  -21,  -21,  -11,  -69,  -26,
     -11,   -5,   -5,   -5,  -11,  -32,  -21,   11,  -26,  -11,    5,  -42,  -37,  -37,  -26,  -32,
     -11,  -21,  -32,  -21,  -11,   -5,   -5,  -26,   11,   -5,   -5,  -11,  -11,   -5,   -5,   -5,
     -21,  -11,  -16,  -32,   11,  -16,  -11,  -26,  -26,  -11,  -16,  -21,  -11,  -21,  -21,  -11,
     -11,   -5,   -5,   48,   -5,   -5,  -11,   -5,   11,   32,   21,  -11,   21,  -63,  -11,  -11,
      -5,   11,   11,   21,  -21,   11,   32,  -11,   -5,  -21,  -11,  -21,  -21,   -5,  -11,  -16,
     -32,  -21,  -21,  -32,  -11,  -11,  -32,  -21,   53,  -26,   -5,  -16,   21,   32,   37,   44,
      42,   37,   21,   21,   58,   26,   21,   32,   11,   16,   11,   16,   21,   16,   32,   11,
      11,   21,   11,   21,   26,   32,   11,  -21,   26,  -11,   16,   11,   37,   42,   32,   42,
     -11,    5,   -5,   11,   11,   -5,   11,   26,   11,   26,   26,   26,  -42,   -5,  -11,  -37,
      -5,  -11,   -5,   -5,  -42,   -5,   -5,  -16,  -16,  -32,  -16,  -37,   16,  -32,  -21,  -11,
     -21,    5,  -11,  -32,  -26,  -32,    5,  -18,   -5,  -37,  -16,  -53,  -16,  -16,  -16,  -37,
     -11,  -16,  -26,  -11,  -16,   26,  -16,   11,  -21,  -11,   -5,   11,  -11,   -5,   -5,   -5,
     -11,  -11,  -11,   -5,   -5,  -11,   -8,   -5,   26,   16,  -42,  -37,  -11,  -42,  -16,  -26,
     -26,   11,   -5,  -16,  -11,  -13,   11,    5,  -21,  -11,   -5,  -11,   -5,   -5,  -16,   -5,
       5,   -5,  -11,  -26,  -42,  -11,  -11,  -21,  -11,  -11,  -42,  -42,  -37,  -16,  -16,  -16,
     -11,   -5,  -32,   -5,  -11,  -26,  -11,   -5,   26,  -11,   11,  -21,   -5,  -11,  -11,  -16,
     -26,  -37,  -32,  -21,   16,   11,  -11,  -21,  -48,   -5,   -5,   -5,   -5,   11,  -16,  -32,
     -32,  -16,  -21,  -11,  -26,  -32,  -26,  -11,  -37,  -11,   -5,   -5,   -5,   -5,  -11,   -5,
     -16,   -5,  -16,  -21,  -16,  -11,  -11,  -11,  -11,   -5,   -5,   -5,   -5,   -5,   -5,  -11,
      -5,   -5,   -5,   -5,   -5,   21,   -5,   -5,   63,   16,    8,   16,    5,   -5,  -16,   21,
      16,  -21,  -11,   53,   16,  -21,  -21,  -21,  -11,  -13,   -5,  -11,   -5,   -5,   -5,   -5,
      -5,   -5,  -69,   -5,   -5,  -11,  -26,  -16,  -26,  -26,  -16,   -5,   -5,   -5,   -5,  -21,
     -26,  -32,  -11,  -21,   -5,  -26,   -5,  -11,  -32,  -11,   -8,  -21,  -11,  -11,  -16,  -11,
      -5,   -5,  -11,  -16,  -11,  -16,   -5,  -11,  -58,  -16,   -5,  -16,   -5,  -11,  -21,  -11,
     -11,  -11,   -5,   -5,  -21,  -11,  -11,  -32,   -5,   -5,   -5,  -16,  -11,   -5,  -16,   -5,
     -26,   -5,   -5,   -5,  -11,   -5,  -11,   -5,  -11,  -11,   -5,   -5,  -21,   -5,  -11,  -11,
       5,  -11,  -11,  -11,   -5,  -11,  -16,   -5,  -11,   -5,  -11,   -8,   -5,    5,   -5,  -11,
     -37,  -16,   -5,  -16,   -5,  -11,  -21,  -11,  -11,  -11,   -5,   -5,  -21,  -11,  -16,  -21,
      -5,  -11,  -26,  -11,  -11,  -26,  -21,  -21,   -5,  -11,  -16,   -5,   -5,  -16,  -16,  -26,
      -5,  -11,   11,  -11,   21,  -26,   69,   21,   11,   21,   11,  -11,  -21,   -5,   11,    5,
     -11,  -11,   26,    5,  -16,  -32,  -48,  -16,    5,  -63,   -5,   -8,   -5,  -32,   -3,  -37,
     -37,  -32,  -11,  -16,  -11,  -48,  -16,  -48,   42,  -21,  -11,  -11,   11,  -21,  -21,  -16,
     -11,   -5,   -5,  -11,   21,   16,   11,   11,    5,   11,    5,   21,   42,   16,  -21,   -5,
     -21,  -16,   -5,   -5,  -16,  -16,  -26,   -5,  -11,   11,  -21,  -11,  -21,  -21,  -32,  -11,
     -16,  -26,  -16,  -37,  -16,  -16,  -26,   16,  -16,  -11,   -5,  -11,  -11,  -11,  -11,  -32,
     -21,  -32,  -21,    5,  -26,  -21,  -11,  -11,  -21,  -26,  -21,  -16,  -32,  -21,  -11,  -26,
     -32,  -11,  -37,  -21,  -26,  -37,  -26,  -26,  -11,  -16,   -5,  -26,  -11,   11,  -32,  -16,
     -11,  -11,  -26,   11,  -16,  -16,  -26,  -11,  -21,   11,  -11,  -16,  -21,  -16,   26,  -16,
     -11,  -37,  -11,  -42,  -26,  -11,  -11,  -11,  -11,  116,  -16,  -21,  -11,  -11,  -16,  -11,
      -5,   -5,  -32,  -32,  -16,  -21,  -21,  -11,   11,  -16,  -26,  -11,  -26,  -21,  -21,  -21,
      -5,  -21,   -5,  -11,   -5,   -5,   27,   26,
};

static const EpdLigaturePair notosans_16_italicLigaturePairs[] = {
    { 0x00660066, 0xFB00 }, // f f -> U+FB00
    { 0x00660069, 0xFB01 }, // f i -> U+FB01
    { 0x0066006C, 0xFB02 }, // f l -> U+FB02
    { 0xFB000069, 0xFB03 }, // U+FB00 i -> U+FB03
    { 0xFB00006C, 0xFB04 }, // U+FB00 l -> U+FB04
};

static const EpdFontData notosans_16_italic = {
    notosans_16_italicBitmaps,
    notosans_16_italicGlyphs,
    notosans_16_italicIntervals,
    18,
    45,
    36,
    -10,
    true,
    notosans_16_italicGroups,
    13,
    nullptr,
    nullptr,  // kernLeftClasses: built-in fonts use the split arrays below
    nullptr,  // kernRightClasses
    notosans_16_italicKernLeftCodepoints,
    notosans_16_italicKernLeftClassIds,
    notosans_16_italicKernRightCodepoints,
    notosans_16_italicKernRightClassIds,
    nullptr,  // kernMatrix: built-in fonts use the sparse form below
    notosans_16_italicKernRowOffsets,
    notosans_16_italicKernSparseCols,
    notosans_16_italicKernSparseValues,
    471,
    471,
    90,
    83,
    notosans_16_italicLigaturePairs,
    5,
};
