/**
 * generated by fontconvert.py
 * name: notosans_14_italic
 * size: 14
 * mode: 2-bit  compressed: true
 * Command used: fontconvert.py notosans_14_italic 14 ../builtinFonts/source/NotoSans/NotoSans-Italic.ttf --2bit --compress --pnum --zopfli --mono
 */
#pragma once
#include "EpdFontData.h"

static const uint8_t notosans_14_italicBitmaps[18350] = {
    0xAD, 0x98, 0x5B, 0x6A, 0x34, 0xBD, 0x0E, 0x45, 0x17, 0xE8, 0xF5, 0x03, 0x4D, 0xA5, 0x07, 0x60,
    0xD0, 0xD4, 0x05, 0x19, 0x40, 0xA6, 0xB2, 0xA1, 0x5F, 0x05, 0x3A, 0x75, 0xB1, 0x89, 0x93, 0x74,
    0x72, 0xFE, 0x5B, 0xD9, 0x7B, 0xA5, 0xBB, 0x8B, 0x72, 0xD9, 0xB2, 0x25, 0xCB, 0x01, 0x28, 0xCA,
    0x34, 0x4B, 0x5A, 0xFA, 0x59, 0xB8, 0xCB, 0x00, 0xE0, 0x41, 0x5D, 0x25, 0x3C, 0x8F, 0x3A, 0x9C,
    0xBB, 0x6A, 0xCC, 0x0A, 0x72, 0xB0, 0xBC, 0x30, 0x76, 0x38, 0x85, 0x77, 0xB7, 0x2E, 0x30, 0x10,
    0x0C, 0xCB, 0x1D, 0x72, 0xE8, 0xEE, 0xBE, 0xF1, 0xBA, 0x11, 0x4D, 0xC0, 0x00, 0x1E, 0x80, 0x20,
    0x5A, 0x74, 0xCB, 0xA4, 0x87, 0xBD, 0x25, 0x3E, 0x65, 0xCF, 0x43, 0x9D, 0x10, 0x02, 0x6F, 0xF0,
    0x00, 0x77, 0xF8, 0xE3, 0x30, 0x9C, 0x1C, 0x41, 0x77, 0x1D, 0x12, 0x14, 0xA0, 0x4D, 0x0D, 0x65,
    0x9D, 0xC8, 0x2D, 0x2D, 0xC3, 0xD2, 0x73, 0x1C, 0xE0, 0xC0, 0xA0, 0x2C, 0x85, 0xEC, 0xED, 0x80,
    0x1F, 0x94, 0x7B, 0xD4, 0x88, 0x31, 0x22, 0xAA, 0xE4, 0x2E, 0xC9, 0xB1, 0xB7, 0x03, 0x6E, 0xE9,
    0x84, 0xE5, 0xB8, 0x9F, 0xD3, 0x01, 0x4B, 0x4B, 0x79, 0x5A, 0x2B, 0xA0, 0x13, 0x6B, 0x20, 0x3A,
    0x21, 0x4C, 0x50, 0x2C, 0xC8, 0x04, 0x75, 0x21, 0x12, 0xA2, 0x80, 0x10, 0xD0, 0x09, 0xFE, 0x94,
    0x29, 0xAE, 0x06, 0x29, 0xCF, 0x22, 0x02, 0xE1, 0x75, 0x42, 0xD4, 0x89, 0x26, 0x8A, 0xE8, 0x2A,
    0xBC, 0x33, 0x32, 0x62, 0x8C, 0x21, 0x09, 0x13, 0x9E, 0x04, 0x0C, 0x10, 0x26, 0x2C, 0xF1, 0xC4,
    0x21, 0x98, 0x3F, 0x0F, 0xA8, 0x1F, 0xEA, 0x58, 0xD5, 0xC1, 0x59, 0x9F, 0x66, 0x4D, 0xEC, 0x55,
    0xF5, 0x55, 0xF7, 0x77, 0x14, 0x08, 0xCB, 0xBD, 0x2F, 0x60, 0x09, 0x7E, 0x0A, 0x1E, 0x0E, 0xED,
    0x10, 0x4D, 0x1E, 0x48, 0xDA, 0xD3, 0x9A, 0x6B, 0x66, 0xC3, 0x92, 0x3F, 0x36, 0xA7, 0xCA, 0x79,
    0xA9, 0xEE, 0xD6, 0xA9, 0x9F, 0xEE, 0xBB, 0x3C, 0x9D, 0x60, 0x20, 0x44, 0x57, 0xD7, 0xA3, 0xAA,
    0xC0, 0x04, 0x9E, 0xB7, 0x02, 0x18, 0xAC, 0xC5, 0x81, 0x9D, 0xDA, 0x6E, 0xC5, 0xEB, 0x5B, 0xBE,
    0x6E, 0x4D, 0xE1, 0x05, 0xDD, 0x58, 0x45, 0xFA, 0x55, 0x2C, 0x83, 0x5B, 0xE3, 0x50, 0x6D, 0x12,
    0xBE, 0x0B, 0x11, 0x97, 0xEA, 0xF6, 0x4D, 0xA2, 0x13, 0x6F, 0xC0, 0x93, 0xC6, 0x9A, 0x68, 0x3A,
    0x78, 0xC4, 0xE7, 0x49, 0x13, 0x08, 0x9B, 0xF5, 0xC5, 0x2C, 0xE0, 0x0D, 0xDD, 0x69, 0x65, 0x22,
    0x29, 0xD8, 0xB5, 0x06, 0xB4, 0xC6, 0x59, 0x2F, 0xBF, 0x46, 0x42, 0x01, 0xDD, 0x9D, 0x87, 0xB6,
    0x36, 0x5D, 0x24, 0x62, 0xB5, 0xB5, 0xB7, 0x17, 0x0D, 0x9D, 0x60, 0x05, 0x04, 0xE0, 0xF9, 0x59,
    0x81, 0x68, 0xBA, 0x8B, 0xE8, 0x64, 0xBE, 0xAD, 0xC0, 0xA7, 0x86, 0xA0, 0x84, 0x49, 0xF8, 0x9B,
    0x08, 0x13, 0x65, 0xC9, 0x47, 0xBC, 0xCA, 0xC0, 0x89, 0xBE, 0xAE, 0x82, 0xE0, 0xD6, 0x98, 0x2A,
    0x88, 0xAE, 0x29, 0x51, 0xDF, 0x7B, 0x69, 0xEF, 0xC2, 0xBA, 0xB1, 0xEC, 0xD9, 0x27, 0xFB, 0x22,
    0xBF, 0xF4, 0xB9, 0x9F, 0x2D, 0xFC, 0x50, 0xE4, 0x83, 0x7A, 0xB1, 0x1C, 0xBC, 0x88, 0x6E, 0x42,
    0x41, 0xE0, 0x59, 0xDF, 0xC5, 0x20, 0x08, 0x0A, 0xEF, 0xC2, 0x3A, 0x89, 0x6E, 0xC5, 0x6D, 0xDB,
    0x9F, 0x97, 0xA3, 0xFF, 0xBD, 0x5B, 0x78, 0x43, 0x74, 0x52, 0x3E, 0xE3, 0x3C, 0xB2, 0x3C, 0x74,
    0x97, 0xA4, 0x22, 0x89, 0x82, 0x16, 0xAE, 0x22, 0x08, 0xC6, 0x8B, 0xBE, 0x36, 0x41, 0x74, 0xE1,
    0xAD, 0x2F, 0xCB, 0xDB, 0xD2, 0x31, 0xC5, 0x37, 0x79, 0xC6, 0x51, 0xBC, 0x9F, 0x69, 0xFD, 0xFE,
    0xD2, 0x51, 0xD2, 0x45, 0x77, 0xD2, 0x05, 0x96, 0x97, 0x7B, 0x26, 0xDB, 0xB5, 0xEF, 0x3F, 0x0C,
    0xFA, 0xFE, 0xF0, 0xF5, 0xBA, 0x57, 0xC0, 0x72, 0x6B, 0xE0, 0x31, 0x57, 0xAB, 0xB0, 0xDE, 0xFF,
    0x50, 0x40, 0x03, 0x5E, 0x2B, 0xA6, 0x36, 0x10, 0xD3, 0x7A, 0x3C, 0x7A, 0xD9, 0xFE, 0xCB, 0xB5,
    0x7E, 0x4F, 0x40, 0xAB, 0x8D, 0x97, 0x1F, 0xD6, 0xCB, 0xF2, 0x36, 0xD1, 0xF4, 0x97, 0x04, 0xAC,
    0x33, 0x5A, 0x61, 0x7B, 0x4C, 0xAD, 0xE9, 0xB3, 0x91, 0xF4, 0x0C, 0xD2, 0x0E, 0xCE, 0xBC, 0xFE,
    0x40, 0x40, 0x43, 0xC1, 0xF4, 0x1F, 0xEB, 0x16, 0x84, 0x66, 0x33, 0x31, 0xA7, 0xFD, 0x5E, 0xB2,
    0x8E, 0x97, 0x69, 0xD0, 0x8D, 0x86, 0xC9, 0x91, 0x3C, 0xE3, 0x24, 0xE3, 0xE0, 0x60, 0xD8, 0xC9,
    0xB2, 0x5C, 0x34, 0x79, 0x2A, 0x6C, 0x04, 0xF2, 0x8E, 0x42, 0x26, 0x17, 0x05, 0x40, 0x4C, 0xE3,
    0x62, 0x60, 0x6D, 0x05, 0x74, 0xD7, 0xEA, 0x08, 0x98, 0x16, 0xBC, 0x16, 0x62, 0x00, 0xE3, 0x44,
    0x9D, 0xD0, 0x01, 0xBB, 0x90, 0x07, 0x3C, 0x03, 0x82, 0x13, 0xDD, 0xD0, 0x0B, 0x26, 0xFC, 0x86,
    0xE7, 0x44, 0x06, 0x07, 0xEA, 0x23, 0x7E, 0x74, 0x5D, 0x9A, 0xB1, 0xD1, 0x76, 0xA5, 0x95, 0x75,
    0xA7, 0x77, 0x33, 0x43, 0xAD, 0x1C, 0xEA, 0x54, 0xDC, 0x52, 0x60, 0x1A, 0x44, 0xDE, 0x99, 0x86,
    0x80, 0x2E, 0x7C, 0x3A, 0xE7, 0xBE, 0x01, 0xF0, 0x39, 0x7A, 0xD4, 0x0F, 0x8A, 0x25, 0x59, 0x7A,
    0x77, 0xD2, 0x0D, 0xD1, 0x40, 0xB7, 0xA6, 0x99, 0x44, 0x9C, 0xF0, 0xB4, 0x09, 0x9B, 0xC8, 0x05,
    0x9F, 0xF0, 0x09, 0x6E, 0x04, 0x31, 0x51, 0x04, 0x2E, 0x06, 0x9D, 0xCB, 0x5A, 0x09, 0x44, 0x17,
    0x3D, 0xB5, 0x82, 0xD8, 0xAE, 0x84, 0x0F, 0x83, 0x70, 0x8B, 0x5B, 0xB1, 0x69, 0xC0, 0x6A, 0xE6,
    0xAF, 0xB5, 0x99, 0xE0, 0xB3, 0xDD, 0xDF, 0xDA, 0xAC, 0x29, 0xE8, 0xBA, 0x9F, 0x20, 0x14, 0x49,
    0xB1, 0x96, 0x4B, 0xCE, 0x27, 0x09, 0x16, 0x06, 0x40, 0x11, 0xBD, 0x40, 0x9C, 0x18, 0x2C, 0x14,
    0xC1, 0x82, 0x0B, 0xE1, 0xD3, 0xD4, 0x39, 0x3D, 0xA9, 0x26, 0x74, 0x43, 0x98, 0x6C, 0xC7, 0xB2,
    0x7C, 0x77, 0xA7, 0x5F, 0x48, 0x9C, 0x1B, 0x10, 0x37, 0x62, 0x62, 0xDC, 0x18, 0x50, 0x5B, 0xEB,
    0x44, 0x13, 0xFD, 0x75, 0x63, 0x75, 0x88, 0x17, 0x89, 0xD4, 0xBE, 0x21, 0x47, 0xD3, 0xCD, 0x34,
    0xE1, 0xAE, 0xAF, 0xE6, 0x9B, 0xAA, 0x4D, 0xAF, 0x66, 0xE3, 0x75, 0x33, 0x33, 0x88, 0xF3, 0x07,
    0x60, 0x60, 0xA2, 0xF0, 0xA4, 0x88, 0x69, 0x95, 0xDB, 0x16, 0x9E, 0x07, 0x82, 0x03, 0x05, 0xF6,
    0x26, 0xB0, 0x2B, 0x3A, 0xCF, 0x1C, 0x13, 0x3C, 0x4F, 0x50, 0x13, 0xC1, 0x60, 0x99, 0xC6, 0x61,
    0xE0, 0x49, 0xDD, 0x30, 0xC1, 0xF8, 0x8B, 0x09, 0xC8, 0xD7, 0x6C, 0xB3, 0xBB, 0x8E, 0x4A, 0x83,
    0x6D, 0xF4, 0x83, 0x39, 0x19, 0x65, 0xCF, 0x64, 0xE8, 0x64, 0xC9, 0xDE, 0x92, 0xE7, 0x49, 0x7B,
    0x3B, 0xE9, 0x6F, 0xF2, 0x83, 0x76, 0x7E, 0x88, 0x83, 0xA6, 0xE1, 0xE9, 0xA8, 0x3C, 0x57, 0xDC,
    0x7B, 0xCA, 0x39, 0x98, 0xCE, 0xA0, 0x89, 0xC9, 0xA2, 0x26, 0xC7, 0x0C, 0xA1, 0x0D, 0x83, 0x85,
    0xA2, 0x93, 0xB2, 0xE7, 0x85, 0x95, 0xF1, 0x5B, 0xCA, 0x0E, 0x94, 0xC9, 0x73, 0x58, 0xDE, 0x20,
    0x4E, 0xB8, 0x9F, 0x78, 0xCF, 0x38, 0x40, 0x60, 0xEF, 0x0C, 0xAC, 0x0F, 0xD0, 0xD4, 0x44, 0x81,
    0xB5, 0x20, 0xBA, 0xA0, 0xB3, 0xB1, 0xC2, 0xD3, 0x75, 0x60, 0x4D, 0xC6, 0xC4, 0x38, 0x51, 0xAF,
    0xE1, 0xB9, 0x10, 0xF9, 0x11, 0x21, 0x5C, 0xAE, 0xDB, 0xC9, 0xE8, 0x66, 0x2E, 0x82, 0xD6, 0x74,
    0xE4, 0x53, 0xC3, 0x76, 0x25, 0x65, 0x69, 0xE5, 0x19, 0xBA, 0x9D, 0x59, 0xFF, 0xCF, 0x91, 0xFF,
    0xEB, 0xCE, 0xF3, 0x73, 0xE7, 0x29, 0x80, 0x80, 0x15, 0x24, 0x04, 0x58, 0xFD, 0x34, 0xAA, 0x98,
    0xA3, 0xAA, 0x39, 0xAA, 0x39, 0xA2, 0x95, 0xB1, 0xAC, 0x0C, 0x6B, 0x15, 0xDF, 0xF2, 0x1A, 0xD3,
    0xCC, 0x5D, 0x65, 0xE5, 0xB9, 0xE2, 0xFF, 0x2E, 0x13, 0x58, 0x03, 0x91, 0xE0, 0x7B, 0xE4, 0xDF,
    0xD5, 0xA4, 0xD5, 0xEC, 0x5A, 0x1E, 0x6A, 0x2D, 0x11, 0x40, 0xFC, 0x75, 0x87, 0xFE, 0x29, 0x36,
    0x6C, 0x41, 0x6C, 0xDF, 0x39, 0x7C, 0x07, 0x38, 0x17, 0x02, 0x62, 0xC3, 0xF8, 0x1C, 0x41, 0x17,
    0xC4, 0xC0, 0x44, 0x10, 0x89, 0x77, 0x83, 0x75, 0x81, 0x66, 0x8E, 0x74, 0xAA, 0x30, 0x1D, 0xCA,
    0x0F, 0x53, 0x06, 0xE3, 0x2A, 0x75, 0xE8, 0x63, 0x2D, 0x85, 0x1F, 0x0A, 0x6E, 0x8D, 0x99, 0xB2,
    0x6F, 0xC6, 0x2C, 0x4C, 0x44, 0xE1, 0x8B, 0xA3, 0x08, 0x51, 0xC5, 0x10, 0x2A, 0x4A, 0x76, 0x50,
    0x93, 0x9E, 0x65, 0xB9, 0xC8, 0xF0, 0x54, 0x1C, 0x44, 0x83, 0x11, 0xA8, 0x18, 0x03, 0x5D, 0x4D,
    0x3C, 0x0F, 0x8A, 0x67, 0x12, 0x37, 0x93, 0xBE, 0x09, 0xC1, 0x64, 0xC1, 0x8A, 0x59, 0xD4, 0xDC,
    0x86, 0xE7, 0x96, 0x3B, 0x57, 0x2C, 0x2A, 0xE0, 0xB9, 0xCE, 0xD7, 0x04, 0x0B, 0x0D, 0x58, 0xE7,
    0x7D, 0xF2, 0x24, 0x2C, 0x61, 0xAC, 0x93, 0xBA, 0x09, 0xCD, 0x10, 0x38, 0x43, 0x46, 0x20, 0x4C,
    0x75, 0xC9, 0xB3, 0x08, 0xC6, 0xA5, 0x22, 0x4C, 0xF8, 0x29, 0x4F, 0x3C, 0xC0, 0x0B, 0xAC, 0x7E,
    0x99, 0xF7, 0xCD, 0x13, 0xE9, 0xB9, 0xA2, 0xB8, 0x01, 0x35, 0xB1, 0xED, 0xA2, 0xF1, 0x8F, 0x7F,
    0x5F, 0xAD, 0x27, 0x44, 0x11, 0xFA, 0x12, 0xC7, 0xF9, 0x1C, 0xC7, 0xED, 0xC7, 0x38, 0x3E, 0x9F,
    0x6B, 0x5D, 0x35, 0xD1, 0x0C, 0xAD, 0x77, 0x59, 0x8E, 0x37, 0x4B, 0x7A, 0xDA, 0x2A, 0x22, 0x8A,
    0x78, 0xFD, 0xBE, 0xFD, 0x65, 0xAF, 0xDF, 0xB7, 0x9E, 0xEB, 0x59, 0x37, 0xDB, 0xE5, 0x2D, 0xE9,
    0xD4, 0x3C, 0x6F, 0xC7, 0xEA, 0xC1, 0x3A, 0x81, 0xAB, 0x40, 0x31, 0x4F, 0x8C, 0x81, 0x63, 0x89,
    0x6B, 0xD0, 0x35, 0xAC, 0xA3, 0x5C, 0x26, 0x4F, 0x53, 0x70, 0x6B, 0xCC, 0x76, 0x0A, 0x9F, 0x8A,
    0x43, 0x4D, 0xD8, 0xA1, 0x7E, 0xC7, 0xCB, 0x7F, 0x71, 0xF2, 0xC0, 0xDE, 0x3A, 0xED, 0xFD, 0x5D,
    0x5E, 0x26, 0x17, 0xF2, 0x9C, 0x82, 0xEF, 0x87, 0xA6, 0x43, 0x7D, 0xF0, 0xD9, 0x85, 0xE6, 0x61,
    0xAB, 0xDB, 0xCA, 0x5D, 0x78, 0x7E, 0xD8, 0xA2, 0xB6, 0x3A, 0x20, 0x78, 0x78, 0xCB, 0x5A, 0xAF,
    0xA3, 0xF9, 0x8C, 0x7D, 0x5D, 0xF5, 0xF7, 0xC6, 0xF7, 0xFE, 0x31, 0x3E, 0xD7, 0x3A, 0xF4, 0xE1,
    0xFB, 0xC1, 0x9B, 0x26, 0xE6, 0xA1, 0xB8, 0x60, 0x89, 0x01, 0x04, 0x7F, 0xF0, 0x2E, 0x66, 0xB7,
    0x1A, 0xA2, 0x20, 0x76, 0x43, 0x31, 0x4F, 0xBE, 0xC9, 0xDB, 0x2F, 0x91, 0xF0, 0x2F, 0x66, 0x4A,
    0xA6, 0xD9, 0xCD, 0x84, 0x06, 0xFE, 0xD9, 0x9C, 0xAE, 0x31, 0x7F, 0x8F, 0xE0, 0x9A, 0x07, 0xD6,
    0xF8, 0xF2, 0xDE, 0xD7, 0xF3, 0x6D, 0xDB, 0x7C, 0xDB, 0xAD, 0xFB, 0x6E, 0xDE, 0xF2, 0x1C, 0x53,
    0x6B, 0xBB, 0x12, 0x01, 0x45, 0x21, 0x80, 0xED, 0x5F, 0xB2, 0xE9, 0x38, 0x41, 0x10, 0x33, 0x0A,
    0x17, 0x62, 0x73, 0x0C, 0x80, 0x7F, 0x92, 0x85, 0xAD, 0x75, 0x64, 0xB7, 0x1F, 0xFD, 0xB6, 0x4D,
    0x1D, 0x25, 0x3D, 0xEF, 0x7E, 0x17, 0xFE, 0x26, 0xFC, 0x7D, 0x86, 0xB5, 0x86, 0x38, 0xF5, 0x9E,
    0x84, 0xE7, 0xCA, 0x36, 0xA8, 0x59, 0x44, 0xB0, 0x3E, 0x22, 0xD3, 0xFF, 0x1B, 0x97, 0x65, 0x13,
    0x79, 0xDA, 0xB0, 0x75, 0x78, 0xCD, 0xFB, 0xB3, 0xBC, 0xAC, 0x29, 0x97, 0xD5, 0xC1, 0x34, 0x4D,
    0xCA, 0xB1, 0x44, 0x81, 0xA7, 0x7D, 0xE2, 0xC0, 0xB1, 0xBC, 0x59, 0x04, 0x3E, 0xA9, 0x8B, 0x96,
    0xCD, 0xD1, 0xBA, 0x3E, 0x3C, 0xD2, 0xBE, 0xCE, 0x90, 0xF6, 0x19, 0xDA, 0x77, 0xC1, 0x43, 0x1F,
    0x9E, 0xD0, 0x71, 0x59, 0xE4, 0xCB, 0xAA, 0x52, 0x2D, 0xCD, 0xD5, 0x35, 0x08, 0x82, 0x9E, 0x9E,
    0x90, 0x30, 0x5C, 0x8C, 0x28, 0x46, 0x35, 0x9D, 0xD7, 0x2D, 0x6A, 0x4A, 0xB8, 0x89, 0xD8, 0x54,
    0xA7, 0xBC, 0x66, 0x7A, 0xE3, 0xFD, 0xAB, 0x33, 0xFC, 0xB6, 0xE2, 0xE3, 0xD7, 0x15, 0xDF, 0x78,
    0xFD, 0xE4, 0x5E, 0xBA, 0x64, 0x59, 0xF6, 0x56, 0xF6, 0x5E, 0x5E, 0xB8, 0xE6, 0x9A, 0xFA, 0xE5,
    0xF8, 0x43, 0xC8, 0xBA, 0x5D, 0xC3, 0x93, 0x59, 0x85, 0x35, 0xC4, 0xFD, 0x49, 0x50, 0xA0, 0x34,
    0x75, 0x67, 0x34, 0x3C, 0xE6, 0xE2, 0xF5, 0x56, 0x77, 0xFE, 0x7A, 0xCE, 0x9A, 0x35, 0x0A, 0x2F,
    0xBE, 0x4F, 0x9C, 0x7D, 0x73, 0xAD, 0x22, 0xD0, 0xA5, 0xE6, 0x5E, 0x47, 0x83, 0xEE, 0x41, 0x68,
    0x50, 0x33, 0x1C, 0xCC, 0x67, 0x3E, 0xF6, 0xEF, 0x53, 0xA6, 0x5B, 0x9E, 0x1F, 0xFB, 0xF8, 0x9E,
    0xEA, 0x08, 0x44, 0x11, 0x37, 0xAC, 0xA8, 0x1B, 0x5E, 0x48, 0x3E, 0xEC, 0x42, 0x6A, 0x84, 0x5F,
    0x40, 0x8A, 0xB8, 0xEE, 0xF0, 0xCC, 0x1B, 0x45, 0xE3, 0x62, 0x21, 0xB1, 0xBB, 0xA3, 0x45, 0x99,
    0x18, 0x9E, 0x84, 0x83, 0xC7, 0xE7, 0x97, 0x86, 0x60, 0x08, 0x74, 0xF7, 0xDE, 0x33, 0x08, 0x7C,
    0x3B, 0x9A, 0x0D, 0x2C, 0x0F, 0xF8, 0x05, 0x0E, 0xAC, 0x9C, 0x30, 0x28, 0x08, 0x13, 0xF8, 0x05,
    0xCF, 0x13, 0x80, 0xC7, 0x89, 0xC1, 0x82, 0x00, 0xBB, 0x90, 0x5B, 0x06, 0x31, 0x51, 0x40, 0xAF,
    0xE4, 0x09, 0xEB, 0xCE, 0x53, 0x10, 0xBC, 0xFC, 0x17, 0xF2, 0x78, 0xFD, 0x53, 0xB7, 0x2E, 0x81,
    0x63, 0x85, 0xD7, 0xEB, 0x38, 0x55, 0xB8, 0x66, 0x9E, 0x67, 0xF9, 0x22, 0x35, 0x99, 0xB5, 0xB0,
    0x82, 0x3F, 0xE8, 0xB7, 0x8B, 0x07, 0x5B, 0x53, 0xAF, 0xF2, 0x0D, 0xCF, 0xD9, 0x97, 0x48, 0xC6,
    0xEB, 0xA4, 0xA8, 0x93, 0x86, 0x84, 0x28, 0x1E, 0xDD, 0x4F, 0xC9, 0x3B, 0x93, 0xE0, 0x7F, 0x94,
    0x93, 0x41, 0xAA, 0xE4, 0x56, 0x0C, 0x45, 0x0F, 0x68, 0x6A, 0xB8, 0x5B, 0x31, 0xF4, 0xF4, 0x81,
    0xB6, 0x2E, 0xE8, 0x05, 0x64, 0x2B, 0x17, 0x7A, 0x2A, 0x50, 0x9E, 0x5D, 0x36, 0xF9, 0x4D, 0xE7,
    0x43, 0x62, 0xE9, 0x1C, 0xCA, 0x7A, 0xB2, 0x40, 0x94, 0x0D, 0x4D, 0x47, 0x63, 0x00, 0x2A, 0x9E,
    0x10, 0x57, 0xE4, 0x1D, 0x8B, 0xBE, 0x03, 0x4C, 0x14, 0x61, 0x66, 0x62, 0x52, 0x46, 0x45, 0xC2,
    0x82, 0xFE, 0x23, 0x93, 0x33, 0xC7, 0x1A, 0xE3, 0xE7, 0x39, 0xC8, 0x06, 0x66, 0x8A, 0xB0, 0x40,
    0xC5, 0x2B, 0x80, 0xFC, 0x5D, 0x0B, 0xD0, 0xCC, 0x23, 0x9A, 0x57, 0x7E, 0x15, 0x97, 0x54, 0xEF,
    0x03, 0x33, 0xE3, 0x4B, 0x45, 0x4B, 0x95, 0x33, 0xE8, 0x57, 0x23, 0x16, 0x0B, 0xBD, 0x90, 0x08,
    0xD5, 0xE2, 0x3A, 0xEF, 0xF9, 0xAB, 0x4E, 0x82, 0x84, 0x14, 0xB4, 0xC0, 0xAA, 0xD8, 0x6C, 0x97,
    0x88, 0x4A, 0xC2, 0x0D, 0x36, 0xFC, 0x32, 0x4C, 0x91, 0x33, 0x9B, 0x86, 0x05, 0x34, 0xCC, 0xF4,
    0x0D, 0xE6, 0x26, 0x1E, 0xFC, 0xCF, 0x05, 0xC0, 0xEF, 0x95, 0x1C, 0x98, 0xA9, 0x30, 0x17, 0xDC,
    0x34, 0x30, 0x45, 0x8C, 0x51, 0x35, 0x22, 0xC9, 0xD7, 0xB5, 0x90, 0x4D, 0x4C, 0x41, 0xD6, 0xB3,
    0xFA, 0x87, 0x0A, 0x33, 0x53, 0x1B, 0x58, 0x6A, 0x9D, 0x07, 0x8C, 0x81, 0xBC, 0xAA, 0x34, 0x61,
    0xA2, 0x60, 0x21, 0x64, 0x71, 0x30, 0x1D, 0xAC, 0xF0, 0x11, 0xB5, 0x54, 0x50, 0xA7, 0x80, 0xF2,
    0x65, 0x7F, 0xF5, 0xF9, 0xB8, 0xA0, 0x56, 0x14, 0xB1, 0x3D, 0x1D, 0x25, 0xB2, 0xF5, 0xCC, 0xC4,
    0xD0, 0x90, 0x95, 0x05, 0x31, 0xBD, 0xE5, 0xD2, 0xD4, 0x8A, 0x9D, 0x9C, 0x81, 0x75, 0x67, 0x92,
    0x8D, 0x0E, 0xAE, 0x12, 0x4B, 0x85, 0x93, 0xA8, 0x26, 0x31, 0x13, 0xA6, 0x55, 0x77, 0x39, 0xA3,
    0x50, 0x18, 0x95, 0xEF, 0xF3, 0x99, 0xF1, 0x05, 0xF0, 0x07, 0xD3, 0xD3, 0xDF, 0xEE, 0x1A, 0x83,
    0x38, 0xE2, 0xB3, 0x6B, 0x75, 0xD4, 0xF6, 0xA2, 0xCE, 0xDB, 0xBE, 0x6C, 0xC7, 0xF8, 0x76, 0xE1,
    0x33, 0x7E, 0xFA, 0x72, 0x99, 0x5A, 0xF1, 0x64, 0x46, 0x69, 0xE7, 0xF7, 0xBB, 0xCE, 0x75, 0xB5,
    0x4C, 0x0E, 0x16, 0x8E, 0xAA, 0xA8, 0x6D, 0x8B, 0x1C, 0x64, 0x10, 0xFF, 0xCA, 0xBB, 0xD6, 0x77,
    0xE7, 0xF0, 0xA5, 0x67, 0xA1, 0xA9, 0x88, 0x7A, 0x3F, 0xBF, 0x42, 0xB0, 0x9E, 0xBB, 0x84, 0x99,
    0x9A, 0x81, 0x7E, 0xDB, 0xDE, 0x9E, 0x68, 0x48, 0x3E, 0xB7, 0x25, 0x66, 0xC8, 0x26, 0xAC, 0x12,
    0xF7, 0x49, 0x14, 0x0B, 0x3D, 0x6A, 0xC4, 0x17, 0x99, 0xFC, 0x28, 0xCC, 0xBA, 0xD4, 0x8F, 0x2A,
    0x1E, 0xC9, 0x69, 0x34, 0xBD, 0x95, 0xE5, 0xEF, 0x3E, 0xE1, 0x47, 0x0D, 0x10, 0x33, 0xD6, 0x26,
    0xA7, 0x3C, 0xFF, 0x81, 0xDC, 0x68, 0x03, 0xFF, 0x8F, 0x23, 0x67, 0xC4, 0x41, 0x56, 0xEC, 0x98,
    0x6A, 0xC2, 0xE9, 0xF6, 0x8F, 0x8A, 0x3B, 0x54, 0xE2, 0x13, 0xD1, 0x68, 0xF8, 0xFC, 0xD9, 0xE7,
    0x9D, 0x0E, 0x96, 0xC8, 0x46, 0x26, 0x38, 0x11, 0x26, 0x6A, 0xE3, 0x05, 0x17, 0x9D, 0x1B, 0x55,
    0x38, 0x51, 0x35, 0x0A, 0xB3, 0x54, 0x58, 0x00, 0x60, 0x9A, 0x28, 0x35, 0xAA, 0x5C, 0x24, 0x87,
    0x59, 0x60, 0x0C, 0x8E, 0x5B, 0xC5, 0xF3, 0xAA, 0xAC, 0xD8, 0x6A, 0x6D, 0xF9, 0x70, 0xFC, 0xAC,
    0x2C, 0xC4, 0xAF, 0x22, 0xF7, 0x6F, 0x96, 0xA2, 0x70, 0x8E, 0xA3, 0xB6, 0x54, 0x08, 0x81, 0xE8,
    0x4B, 0x40, 0x54, 0x18, 0x91, 0x26, 0x69, 0xB3, 0xF8, 0x51, 0xF8, 0xAA, 0xD6, 0x96, 0x6E, 0xB1,
    0xB5, 0x54, 0xC2, 0xD3, 0x0A, 0xFB, 0x1E, 0xB9, 0x24, 0x58, 0x2C, 0x68, 0x9A, 0x30, 0x46, 0x15,
    0x45, 0x22, 0x68, 0xDE, 0x97, 0x62, 0xEC, 0x4B, 0x34, 0x28, 0x07, 0xD6, 0xA1, 0x67, 0xBE, 0x11,
    0x4F, 0xBF, 0xFC, 0xCE, 0x41, 0x58, 0x28, 0x2A, 0x2B, 0xC5, 0x4C, 0x67, 0xF4, 0x78, 0x69, 0x81,
    0xB7, 0xA2, 0xD6, 0x42, 0x65, 0xA3, 0x98, 0x61, 0xC5, 0xDF, 0xC5, 0x59, 0x61, 0x8A, 0xEB, 0x3C,
    0x0C, 0x1C, 0xD0, 0xDF, 0x82, 0xAE, 0xD2, 0x03, 0x18, 0x74, 0x75, 0xC1, 0x1E, 0xA0, 0x57, 0x11,
    0xEC, 0x5F, 0x81, 0x3E, 0x0F, 0xB2, 0xBB, 0x69, 0xFB, 0xF6, 0xF1, 0xF1, 0xC8, 0x6E, 0x43, 0x67,
    0xC2, 0xCB, 0x5B, 0xCB, 0x63, 0xC7, 0x8A, 0xC6, 0xC9, 0xA4, 0xDC, 0x13, 0x42, 0xB1, 0xFE, 0x58,
    0x43, 0xFA, 0x88, 0x95, 0xCD, 0xEA, 0x94, 0x95, 0x78, 0x29, 0x37, 0x5D, 0x62, 0x92, 0x3A, 0xAF,
    0xBB, 0x12, 0x48, 0x57, 0x07, 0xD2, 0xC0, 0xF1, 0x90, 0xD8, 0xA4, 0xB9, 0xC9, 0x06, 0xFF, 0x8C,
    0x94, 0xA4, 0x98, 0x24, 0x41, 0xF2, 0xC1, 0x70, 0xC6, 0x1E, 0x48, 0xCC, 0xAE, 0xDA, 0xC4, 0x19,
    0x68, 0x52, 0x5F, 0xE4, 0x86, 0x49, 0x49, 0x7A, 0x2D, 0x4B, 0xF9, 0x26, 0x19, 0x8C, 0x2C, 0xC5,
    0x3E, 0x6E, 0x0E, 0x98, 0xF0, 0x1A, 0xAE, 0xBF, 0x2D, 0x43, 0x19, 0xC1, 0x2A, 0x80, 0xAB, 0x4D,
    0x72, 0xE0, 0xD7, 0x15, 0x48, 0x2C, 0xBA, 0xC0, 0xDF, 0x73, 0x2B, 0xC6, 0xFD, 0x56, 0x88, 0xDF,
    0xA9, 0xAF, 0xBD, 0x47, 0x90, 0x55, 0xE5, 0xD7, 0xA9, 0xFA, 0xD4, 0x46, 0x45, 0xFA, 0xA4, 0x1F,
    0x7D, 0xEA, 0x7C, 0xB2, 0x3E, 0xA5, 0x78, 0x9F, 0x96, 0x85, 0xAB, 0x62, 0xBC, 0x76, 0x70, 0xBC,
    0xB4, 0x74, 0x2C, 0x25, 0xFD, 0x3C, 0x61, 0xC4, 0x3E, 0x39, 0x4F, 0x5D, 0x6F, 0xA8, 0xBA, 0x9D,
    0x53, 0x9F, 0x80, 0x49, 0x0C, 0x67, 0x61, 0x48, 0x36, 0x69, 0xA1, 0xCA, 0xBF, 0x5C, 0x60, 0xAB,
    0xFC, 0x06, 0xB6, 0x11, 0xE2, 0xDA, 0x66, 0xA8, 0x1B, 0x5F, 0xB0, 0xFC, 0x52, 0x43, 0x6A, 0xF9,
    0xAC, 0xED, 0x9F, 0xB6, 0x96, 0x7D, 0x18, 0x35, 0x35, 0x9E, 0x0C, 0x1D, 0xD1, 0x61, 0xAA, 0xD8,
    0x47, 0xEB, 0x23, 0xD0, 0xB0, 0x27, 0xAD, 0x3B, 0x4C, 0xF7, 0x28, 0xCB, 0x0B, 0x8C, 0x1F, 0xEE,
    0xCB, 0x96, 0x89, 0xFC, 0xE4, 0x8D, 0x0F, 0x5C, 0x7F, 0xB0, 0x2F, 0xF1, 0x65, 0xD3, 0xE0, 0x3F,
    0x3A, 0xA6, 0x2E, 0x10, 0x6C, 0xCE, 0x1C, 0xEE, 0x5E, 0xF8, 0xEB, 0xD2, 0xB0, 0x7E, 0xE0, 0xCF,
    0xF6, 0x6F, 0x1C, 0x8A, 0x44, 0xEC, 0x4A, 0x12, 0x6C, 0x54, 0xC5, 0xEE, 0x62, 0x77, 0xD3, 0x0A,
    0xEF, 0xE2, 0x1B, 0xD2, 0xCA, 0xFE, 0xAE, 0x70, 0x21, 0x1B, 0xCF, 0x83, 0x65, 0x98, 0x95, 0x03,
    0x7D, 0xFF, 0x55, 0x41, 0x9F, 0x01, 0xFF, 0xC1, 0xBE, 0x94, 0x29, 0xA6, 0x8E, 0x0B, 0x07, 0xF4,
    0x83, 0xFD, 0x18, 0xA9, 0x2A, 0x48, 0x79, 0xB7, 0x8A, 0xEA, 0xB2, 0x48, 0x16, 0xF9, 0xA6, 0xAA,
    0x20, 0xD1, 0x78, 0x39, 0x26, 0xA1, 0xC9, 0x60, 0x8B, 0x12, 0xD6, 0x6E, 0xA2, 0x7C, 0x3F, 0xC5,
    0x1C, 0xEC, 0xC9, 0x63, 0xF5, 0x14, 0x7D, 0x61, 0x1D, 0xC9, 0x76, 0x45, 0xB5, 0x9B, 0x92, 0x4D,
    0x53, 0x3E, 0x9D, 0x14, 0x08, 0xF9, 0x20, 0x79, 0xC8, 0xA4, 0x94, 0x50, 0x3A, 0xBC, 0x26, 0x18,
    0x49, 0x95, 0x74, 0x73, 0x9B, 0x44, 0x7B, 0x71, 0xA3, 0xCB, 0xAD, 0x49, 0x28, 0xE4, 0xA2, 0xCE,
    0xA7, 0x4D, 0x4A, 0x92, 0xC7, 0x0A, 0x52, 0xD1, 0x4B, 0x1E, 0xE5, 0x05, 0x49, 0x0E, 0x2B, 0x48,
    0x5C, 0xAE, 0x86, 0x4D, 0x83, 0x94, 0x7F, 0x26, 0xF5, 0x4D, 0xE6, 0x5F, 0xB3, 0xA1, 0xC1, 0x38,
    0x55, 0xDE, 0x33, 0x7E, 0xB4, 0x12, 0x12, 0x5B, 0xC6, 0xE5, 0xF7, 0x65, 0x68, 0x6C, 0x1A, 0xA3,
    0xE3, 0xBE, 0x65, 0x36, 0x4A, 0x1C, 0x5D, 0x83, 0xBC, 0xDE, 0xA3, 0x20, 0x95, 0x64, 0x74, 0x54,
    0x97, 0x77, 0x28, 0xB8, 0x42, 0x68, 0xDF, 0xDD, 0xC0, 0xD8, 0xD6, 0x2D, 0x2B, 0xD8, 0xA6, 0x51,
    0xC1, 0x6B, 0xE0, 0xFF, 0xD5, 0xE4, 0xD1, 0x0F, 0x39, 0xB6, 0x2B, 0x4F, 0x58, 0x55, 0x50, 0xA1,
    0x6F, 0x85, 0x46, 0x85, 0x15, 0x06, 0xF9, 0x0C, 0x63, 0xF1, 0x1F, 0x50, 0xB6, 0x37, 0x52, 0x4E,
    0x92, 0x98, 0xA4, 0x4E, 0xA2, 0xB8, 0x41, 0x4A, 0x2A, 0x0C, 0x2A, 0x74, 0xEC, 0x38, 0x54, 0x98,
    0x54, 0x18, 0x2B, 0x53, 0x49, 0xE3, 0x31, 0x89, 0xE0, 0x24, 0xF4, 0x43, 0xB9, 0xC9, 0x0F, 0x5B,
    0x17, 0x3D, 0x12, 0x9B, 0x90, 0xD8, 0xDC, 0x0E, 0x34, 0x18, 0x35, 0x17, 0xE5, 0x9D, 0x7A, 0xB3,
    0xDA, 0x92, 0xB4, 0xAA, 0xB7, 0xE9, 0x3C, 0x8A, 0x74, 0x4F, 0x1D, 0xED, 0xB9, 0xF8, 0x75, 0x19,
    0x6D, 0xBE, 0x28, 0x23, 0x63, 0x79, 0xB8, 0x0B, 0x7E, 0x5F, 0xC6, 0xDD, 0x45, 0xC2, 0x39, 0x09,
    0x6F, 0x50, 0x60, 0xC0, 0xD1, 0xE7, 0xAD, 0xA3, 0xD7, 0x2C, 0xC1, 0xF5, 0xCF, 0xA0, 0x04, 0x57,
    0x61, 0x40, 0x09, 0x6A, 0xB0, 0x76, 0xC6, 0x92, 0x4F, 0xB6, 0xE2, 0x9B, 0xE2, 0xF6, 0x52, 0xD1,
    0xAA, 0x20, 0x55, 0x2E, 0xA1, 0x1C, 0x2B, 0x87, 0x9A, 0x84, 0x36, 0xFA, 0xFD, 0x1F, 0x47, 0x5A,
    0xE5, 0x4C, 0x64, 0x8B, 0x57, 0xFB, 0xC9, 0x28, 0x54, 0x5E, 0x0F, 0x49, 0x3A, 0x48, 0x49, 0xEA,
    0xA1, 0x6B, 0x4C, 0x32, 0x7F, 0x49, 0x77, 0x37, 0x92, 0xFA, 0xAE, 0x98, 0xC8, 0x45, 0xD8, 0x64,
    0x57, 0x99, 0x64, 0x15, 0x18, 0x5A, 0xDE, 0xE9, 0x93, 0x0F, 0x44, 0x77, 0x8E, 0x72, 0x12, 0x7A,
    0x61, 0x3D, 0x79, 0xDA, 0x75, 0x68, 0x0C, 0x54, 0x0E, 0x29, 0x4B, 0x0E, 0x97, 0x3D, 0x1A, 0x1A,
    0x03, 0xE2, 0x04, 0x7B, 0x6F, 0xD8, 0x44, 0xC1, 0x64, 0xA2, 0x6E, 0xD0, 0x54, 0xEC, 0x3B, 0xB4,
    0x6E, 0xD8, 0x89, 0x71, 0x39, 0x11, 0xD5, 0x7B, 0xD3, 0xDE, 0x9A, 0x5E, 0x4F, 0x89, 0xCB, 0xF6,
    0x9C, 0x37, 0x6E, 0x36, 0xFD, 0x24, 0xAD, 0x5C, 0x79, 0xC4, 0x05, 0x7E, 0xFE, 0xF8, 0xC5, 0x17,
    0xFA, 0xDF, 0x38, 0x4B, 0xB3, 0x47, 0x01, 0x95, 0x9F, 0xE5, 0x92, 0xA3, 0x6E, 0xA1, 0xA1, 0xC9,
    0xC5, 0xAD, 0x81, 0x30, 0x30, 0x66, 0x97, 0x8E, 0x01, 0xA6, 0x25, 0x39, 0xC0, 0x68, 0x6B, 0x05,
    0x93, 0x9D, 0x5C, 0x0E, 0x46, 0x0E, 0x81, 0x95, 0x55, 0x41, 0x73, 0x14, 0x75, 0x27, 0xAA, 0x24,
    0xF5, 0xFE, 0x4E, 0xE6, 0xF5, 0x2B, 0xC0, 0xE0, 0xC5, 0xAB, 0x56, 0xBF, 0x65, 0x05, 0x1C, 0xD2,
    0x57, 0x07, 0x5B, 0xEF, 0x35, 0xA5, 0x2B, 0x75, 0x11, 0xC7, 0xC1, 0x77, 0x96, 0x66, 0x4B, 0xEC,
    0x0A, 0xA7, 0x30, 0x70, 0x80, 0x39, 0xE1, 0x8C, 0xBF, 0xB1, 0xB6, 0x70, 0x17, 0xA6, 0x63, 0xD7,
    0xDF, 0xE3, 0x82, 0x95, 0x13, 0xE3, 0x52, 0xBF, 0x4E, 0x98, 0x2D, 0x03, 0x00, 0x3F, 0x25, 0xEE,
    0xD0, 0xED, 0xDB, 0x4F, 0xD3, 0xAA, 0x4E, 0x13, 0x8E, 0xB5, 0xA3, 0x17, 0x97, 0x15, 0xE3, 0xF8,
    0x4D, 0xA7, 0xBF, 0xEA, 0x74, 0x7E, 0xDB, 0x7E, 0xA1, 0x7C, 0x2F, 0x04, 0xFE, 0xFF, 0xF7, 0x57,
    0x3C, 0xD1, 0x48, 0x28, 0x86, 0xB8, 0xFF, 0x53, 0x04, 0x13, 0x37, 0x75, 0x4E, 0xC0, 0xBF, 0x09,
    0x60, 0x4A, 0xE8, 0x67, 0xF6, 0x33, 0xB1, 0x00, 0xAD, 0x7E, 0xAE, 0x5C, 0x26, 0xB0, 0x3E, 0x27,
    0x54, 0x86, 0x64, 0x31, 0x07, 0x76, 0x1E, 0x45, 0x7E, 0x61, 0xE7, 0xD2, 0x7D, 0x8A, 0xA5, 0xFC,
    0xEB, 0x79, 0x32, 0x2C, 0xB0, 0xB5, 0xD1, 0xD8, 0x7D, 0x54, 0xC8, 0xED, 0x16, 0x9A, 0x12, 0x2B,
    0x3F, 0x1B, 0xD8, 0x79, 0xDA, 0xD6, 0x6C, 0x30, 0x66, 0x03, 0x8C, 0x4D, 0xF4, 0x92, 0x27, 0xE2,
    0xCF, 0xCB, 0xBE, 0x68, 0xC6, 0x84, 0x60, 0x9C, 0x6F, 0xB5, 0x8E, 0xA5, 0x55, 0x97, 0x56, 0x06,
    0x7E, 0xDE, 0xD6, 0x9E, 0x13, 0xF7, 0xB8, 0x85, 0x55, 0x87, 0x9F, 0x14, 0xD7, 0x78, 0x4F, 0x2A,
    0x10, 0xC6, 0x88, 0x27, 0xC5, 0x3C, 0x6E, 0x81, 0x4F, 0x8A, 0x79, 0xDC, 0x26, 0x2B, 0x03, 0x3E,
    0x7D, 0x9E, 0xE9, 0xE3, 0xF8, 0x77, 0xED, 0x2E, 0x35, 0x92, 0xE3, 0xEB, 0x7E, 0x35, 0x14, 0x16,
    0x86, 0x8A, 0x21, 0x9F, 0x13, 0x1F, 0x31, 0x68, 0xB0, 0x87, 0x78, 0xA6, 0x38, 0x57, 0xA5, 0xF9,
    0x57, 0x7A, 0x57, 0x39, 0x0B, 0xE2, 0xB7, 0x8F, 0xC8, 0xE7, 0xB5, 0x46, 0x8C, 0xAF, 0xF5, 0x86,
    0x86, 0x21, 0x40, 0x14, 0x42, 0x12, 0xA9, 0x03, 0x55, 0x03, 0x16, 0xE3, 0xF9, 0x11, 0x79, 0x56,
    0xDC, 0x6F, 0x1E, 0x91, 0x27, 0xC4, 0xE5, 0x3D, 0x1D, 0x7D, 0x5F, 0x4F, 0xD3, 0xFA, 0xBC, 0xA9,
    0x56, 0xC7, 0xE1, 0x48, 0x5E, 0x1C, 0xC7, 0x6F, 0x64, 0x98, 0xD4, 0x5E, 0x97, 0x94, 0x93, 0xD8,
    0x4C, 0x49, 0xAA, 0x4E, 0x62, 0x10, 0x23, 0x8D, 0x3B, 0xC5, 0xC3, 0x96, 0x5D, 0x49, 0xF6, 0xD0,
    0x75, 0x6D, 0x27, 0xF7, 0x97, 0xF7, 0x33, 0x54, 0x62, 0x89, 0x11, 0x85, 0xEA, 0x0D, 0x1D, 0x72,
    0xA1, 0xAD, 0x89, 0x1D, 0x90, 0x84, 0x4E, 0xD6, 0x2A, 0x57, 0xAD, 0xBF, 0xBE, 0xE6, 0x01, 0x62,
    0x90, 0x78, 0xDD, 0x2F, 0xEF, 0x1D, 0xFF, 0x7F, 0xC5, 0x9A, 0xC1, 0x6A, 0x2B, 0x3F, 0xCF, 0x87,
    0x1F, 0xD0, 0xB6, 0xA0, 0x5B, 0x09, 0x7C, 0x5B, 0x81, 0x6E, 0x5D, 0xD0, 0xED, 0x07, 0xB9, 0x15,
    0x41, 0xB7, 0x02, 0xBD, 0x8C, 0x67, 0x6C, 0x66, 0x48, 0x1B, 0x4A, 0xFF, 0x69, 0x8F, 0x63, 0x3D,
    0xE7, 0xD0, 0x24, 0xB2, 0x7E, 0xB6, 0xC7, 0x96, 0x27, 0x03, 0xDA, 0x09, 0xDE, 0xC1, 0xA9, 0x48,
    0x4E, 0x68, 0x4D, 0xB8, 0x01, 0xB6, 0xA1, 0x36, 0xA4, 0x81, 0x0C, 0x84, 0x81, 0x86, 0x83, 0xB3,
    0xA1, 0x1B, 0x7A, 0x42, 0x12, 0xDD, 0xA1, 0x71, 0x20, 0x1C, 0x34, 0x6A, 0x03, 0xDA, 0x79, 0x69,
    0x5A, 0xD3, 0xE8, 0x32, 0x69, 0x2F, 0x4D, 0x49, 0x0D, 0x49, 0x67, 0x37, 0x43, 0x62, 0xB3, 0x42,
    0x0F, 0xF3, 0x28, 0x1A, 0x97, 0xC6, 0xFB, 0x8E, 0x96, 0x02, 0x6F, 0x24, 0x68, 0x07, 0x48, 0xF3,
    0x0F, 0x14, 0x8D, 0x00, 0xB4, 0x03, 0x69, 0x5E, 0xA4, 0xEA, 0x0F, 0x83, 0x07, 0x05, 0xC8, 0x09,
    0x89, 0x0D, 0x1F, 0x00, 0xFD, 0x02, 0x19, 0x06, 0x24, 0x48, 0x1C, 0xF6, 0xFF, 0x20, 0x05, 0xE0,
    0x40, 0xED, 0x0A, 0x35, 0x58, 0xA5, 0x0B, 0xED, 0xC6, 0xD3, 0xCF, 0xEF, 0x2A, 0xE0, 0x87, 0x19,
    0x50, 0x5F, 0x98, 0x4F, 0x4B, 0x09, 0xED, 0x0E, 0xBA, 0x01, 0x8D, 0x4B, 0x73, 0xB3, 0x68, 0x41,
    0x37, 0x52, 0x8A, 0x8E, 0x76, 0x9E, 0xB7, 0x61, 0x80, 0x73, 0x43, 0x3B, 0x91, 0xCE, 0xE9, 0x37,
    0xA1, 0x6A, 0x1F, 0x06, 0xE4, 0xD7, 0x34, 0x0C, 0x27, 0x05, 0xEE, 0x50, 0x0A, 0x10, 0xAF, 0xD3,
    0xA0, 0x31, 0x43, 0xFF, 0xCD, 0xF8, 0x25, 0x21, 0x60, 0x86, 0xDD, 0x2D, 0xA5, 0x9A, 0x68, 0xE0,
    0xE0, 0x60, 0x50, 0xA7, 0x6A, 0x23, 0x52, 0xED, 0x1C, 0x71, 0xA6, 0x06, 0x94, 0x01, 0x3E, 0xA3,
    0xBE, 0x06, 0x3C, 0x22, 0x1E, 0x21, 0x53, 0x80, 0x24, 0xE7, 0xD9, 0xED, 0x0B, 0x06, 0x50, 0x4F,
    0xE1, 0x13, 0x43, 0x02, 0x43, 0x03, 0xDD, 0x80, 0x49, 0xE2, 0x0E, 0xFA, 0xEA, 0x99, 0x34, 0xE4,
    0x99, 0xAF, 0x8B, 0x3D, 0x39, 0x15, 0x6F, 0xA0, 0x3B, 0x37, 0x14, 0x24, 0xBE, 0x41, 0x43, 0x0E,
    0xC8, 0x81, 0x98, 0xD0, 0x03, 0x7A, 0x80, 0x1D, 0x8E, 0x1F, 0x28, 0x1C, 0x4D, 0x8C, 0x8E, 0xB9,
    0x4E, 0x04, 0x00, 0xAA, 0x01, 0xB8, 0xC2, 0xA2, 0x01, 0xD8, 0x6D, 0x10, 0xD0, 0x28, 0xA0, 0xAB,
    0x40, 0xDA, 0x0B, 0x34, 0x25, 0xD9, 0x03, 0xC1, 0x59, 0xC4, 0x90, 0x98, 0x2C, 0xF4, 0x44, 0x1F,
    0x6C, 0xC0, 0xE5, 0xBE, 0xB1, 0x37, 0x6A, 0xE9, 0x8F, 0xC4, 0x76, 0xE7, 0x86, 0xF8, 0x81, 0x58,
    0x00, 0x9F, 0xE8, 0x4E, 0xC0, 0xD8, 0xA1, 0x59, 0xBB, 0x4A, 0x29, 0x2F, 0x34, 0x67, 0xF3, 0xCE,
    0xC4, 0x50, 0x36, 0x50, 0xE8, 0x82, 0x6F, 0xE8, 0xA1, 0x6C, 0x08, 0x9B, 0xBA, 0xA4, 0x13, 0xED,
    0x64, 0x16, 0xEF, 0xA2, 0x0F, 0x4B, 0x20, 0x41, 0xCE, 0x16, 0x20, 0x9B, 0xA8, 0x6E, 0x34, 0xD8,
    0x8D, 0xDD, 0xFC, 0x64, 0x06, 0xCB, 0x0D, 0xDE, 0xC1, 0x75, 0x63, 0x3D, 0x66, 0xA5, 0xA3, 0xB1,
    0xBF, 0x1C, 0xC5, 0xE9, 0xD1, 0xBC, 0x77, 0x7C, 0x32, 0x2B, 0xDF, 0xD0, 0xAE, 0x11, 0x2E, 0x8A,
    0x21, 0x9D, 0x48, 0xC7, 0xAF, 0xC6, 0x6D, 0x12, 0x78, 0x83, 0x36, 0x2F, 0x8A, 0xFD, 0xD2, 0xD2,
    0xAF, 0xC6, 0x3E, 0x9D, 0x90, 0xAF, 0x8A, 0xFD, 0x77, 0xE2, 0x94, 0xE3, 0x43, 0x76, 0x98, 0xDF,
    0x40, 0xE3, 0x3F, 0xC7, 0xFA, 0xE0, 0xD7, 0x02, 0x7C, 0x04, 0x65, 0xC8, 0x47, 0x42, 0x07, 0x34,
    0xBF, 0x3C, 0x7F, 0x12, 0xD5, 0xB9, 0x2A, 0xBF, 0x70, 0x0E, 0x49, 0x1E, 0x5E, 0x30, 0x03, 0x52,
    0x41, 0x1E, 0x36, 0x9D, 0xC0, 0xD3, 0xE3, 0x5B, 0x9B, 0x8E, 0xF7, 0x04, 0xBE, 0xC1, 0x16, 0x0A,
    0x5F, 0xD0, 0x24, 0xD1, 0x63, 0x09, 0x0C, 0xA0, 0x40, 0x1A, 0xF4, 0x0E, 0x26, 0x41, 0xFC, 0x97,
    0x0C, 0xF3, 0x7E, 0xA4, 0x66, 0x8F, 0xDB, 0x53, 0x6A, 0x32, 0xD4, 0x14, 0x73, 0x43, 0xEA, 0x06,
    0xBC, 0x80, 0xBF, 0x57, 0x3D, 0x73, 0x6A, 0x6D, 0xE0, 0x2F, 0x14, 0x4B, 0x2E, 0xC4, 0x3F, 0x51,
    0x4C, 0x1D, 0x96, 0x7F, 0xA4, 0xF8, 0xCF, 0x84, 0xCD, 0xB2, 0x5C, 0x2F, 0x87, 0x70, 0x5D, 0x3E,
    0xEA, 0x2F, 0x07, 0x5B, 0x0B, 0xF0, 0xC7, 0x2B, 0xDB, 0xA0, 0xA8, 0x03, 0xB9, 0x23, 0x91, 0x94,
    0x33, 0x66, 0x0A, 0xD2, 0xDD, 0xA1, 0x03, 0x81, 0xB2, 0x03, 0x7C, 0x87, 0x1F, 0xB0, 0x1D, 0x06,
    0x75, 0xF2, 0x8E, 0x03, 0x1D, 0xC8, 0x47, 0xA0, 0x24, 0x37, 0x66, 0xB9, 0x4E, 0x86, 0xEB, 0x42,
    0xE9, 0xC8, 0x7B, 0x87, 0xDC, 0x25, 0xB5, 0x24, 0x35, 0x49, 0x0D, 0xD9, 0x6D, 0x7F, 0x37, 0x76,
    0xD3, 0xB0, 0xC3, 0x0A, 0x65, 0xB3, 0xFC, 0x24, 0xCB, 0xCE, 0xA3, 0x7A, 0x6F, 0x1A, 0x06, 0x91,
    0x9C, 0x35, 0x66, 0xED, 0xEE, 0x40, 0x77, 0x06, 0xCA, 0x24, 0xF8, 0xE4, 0xAA, 0x36, 0x79, 0x6D,
    0x8A, 0xBA, 0xAA, 0xD2, 0x2E, 0x6E, 0x4B, 0x95, 0x1D, 0xAA, 0xFA, 0x67, 0xAA, 0x3C, 0x0D, 0xEF,
    0x24, 0xFD, 0x9C, 0xAA, 0xEC, 0x26, 0x01, 0x3A, 0xED, 0xC9, 0x7E, 0x62, 0x8F, 0xBD, 0x2E, 0x87,
    0x79, 0x43, 0x37, 0x78, 0xDC, 0xBC, 0x73, 0x35, 0xB2, 0xBA, 0x48, 0x57, 0x5D, 0xBD, 0xF1, 0xD0,
    0x09, 0xC9, 0xCC, 0xD0, 0x7E, 0x37, 0xC4, 0x0E, 0xEF, 0x9F, 0xC6, 0x67, 0x92, 0x23, 0x3E, 0x6D,
    0x7E, 0x33, 0x46, 0x93, 0x2D, 0x46, 0x6D, 0x7E, 0xDC, 0x8D, 0x5B, 0xFD, 0xFE, 0x17, 0xE6, 0x7C,
    0xF6, 0xA6, 0x1B, 0x12, 0x8D, 0xF9, 0xF1, 0x1B, 0x9A, 0x2C, 0x27, 0x00, 0x5C, 0x3C, 0x3C, 0x38,
    0x79, 0x88, 0x96, 0x8D, 0x06, 0x39, 0x6A, 0x05, 0x0E, 0xE7, 0x60, 0xF9, 0xCF, 0x01, 0x4B, 0x4A,
    0x48, 0xE8, 0xFE, 0x42, 0xF1, 0xF1, 0x32, 0x8C, 0xA2, 0x48, 0xD6, 0xB2, 0x7C, 0x9C, 0x8E, 0xF4,
    0x8C, 0x40, 0x19, 0xD0, 0xC0, 0xCF, 0x00, 0xDB, 0xE1, 0x50, 0x0B, 0x89, 0xED, 0x90, 0xA4, 0x06,
    0x76, 0xEF, 0xDD, 0x24, 0x20, 0x0B, 0x1A, 0xA0, 0x3D, 0x00, 0x10, 0x40, 0x91, 0x94, 0x24, 0xB9,
    0x74, 0xCF, 0xD0, 0x67, 0xF8, 0x2C, 0xC3, 0x87, 0x39, 0x76, 0x58, 0x61, 0x87, 0x15, 0x39, 0x2C,
    0xAF, 0x89, 0x21, 0xE8, 0x6E, 0xD2, 0x20, 0x05, 0xA7, 0x9B, 0x22, 0x06, 0xA9, 0x08, 0x00, 0x3C,
    0x4E, 0xD5, 0xE7, 0xD3, 0xF4, 0x3A, 0x55, 0x97, 0x7D, 0xE9, 0xC6, 0x0B, 0x3A, 0xE1, 0x8D, 0x75,
    0x74, 0x04, 0x79, 0xBF, 0xAE, 0xE1, 0xCF, 0x7C, 0x3E, 0xBF, 0x92, 0xC0, 0x1E, 0x43, 0x94, 0x84,
    0xDE, 0x0C, 0x98, 0x83, 0xA3, 0x31, 0x87, 0xAC, 0x60, 0xDF, 0x97, 0x34, 0x90, 0x74, 0x90, 0xAC,
    0x2D, 0xA4, 0x04, 0xB9, 0xAF, 0x71, 0xFA, 0x48, 0xD0, 0xD8, 0x40, 0x1D, 0x70, 0x6C, 0x83, 0xB3,
    0x26, 0x44, 0x4C, 0xC7, 0x2B, 0x91, 0x96, 0xEB, 0x76, 0x3D, 0x13, 0xA4, 0x27, 0x3D, 0x27, 0xB9,
    0x0F, 0xB9, 0xA3, 0x51, 0xE8, 0x7B, 0xA2, 0xF7, 0x40, 0x1D, 0xB4, 0xC1, 0x37, 0xBB, 0x07, 0xAE,
    0x81, 0x49, 0x0E, 0xAB, 0xE3, 0x95, 0x38, 0x5C, 0x7B, 0x70, 0xF6, 0xD6, 0x0B, 0xFC, 0xD6, 0x71,
    0xED, 0x2A, 0xDC, 0x80, 0xCF, 0x2F, 0xB9, 0xE7, 0x8B, 0x91, 0x8D, 0xDA, 0x5D, 0xDD, 0x85, 0xD4,
    0xE1, 0xCD, 0x98, 0xE5, 0x71, 0xC9, 0xF8, 0xC1, 0x22, 0xFC, 0xDF, 0xA2, 0x5A, 0x61, 0xE4, 0xF1,
    0xF9, 0x27, 0xDF, 0xF9, 0xE6, 0x02, 0x07, 0x30, 0xBF, 0x6A, 0x33, 0xC8, 0xA4, 0x64, 0xB3, 0x20,
    0x15, 0xF2, 0xED, 0xC7, 0xD3, 0x7C, 0x9D, 0xE3, 0xCA, 0x29, 0xA3, 0x92, 0x4C, 0x3E, 0xE2, 0xD5,
    0x5D, 0xE7, 0xBA, 0x55, 0x7B, 0xD6, 0x75, 0xCF, 0xC7, 0xEE, 0x1E, 0x5B, 0x95, 0x78, 0x16, 0x80,
    0x7F, 0xD5, 0xBD, 0x49, 0xA7, 0x74, 0x48, 0xE1, 0x49, 0x07, 0xFF, 0x77, 0x15, 0xE5, 0xDD, 0xDE,
    0x3D, 0xBF, 0xFE, 0xD9, 0xD0, 0x34, 0xD2, 0x21, 0x89, 0x07, 0x1D, 0xF8, 0x17, 0x43, 0x0A, 0x68,
    0x00, 0x7E, 0xBD, 0x5E, 0x4F, 0x93, 0xD3, 0x69, 0xB0, 0x85, 0xA2, 0x83, 0x92, 0x8F, 0x81, 0x24,
    0xE5, 0x7D, 0x43, 0x8C, 0x6B, 0xAD, 0x24, 0x35, 0x4C, 0x62, 0x07, 0xBE, 0x41, 0x75, 0xC3, 0x3D,
    0x1C, 0xBD, 0xE3, 0xC8, 0x1D, 0x43, 0x1A, 0x83, 0xA6, 0x0E, 0x14, 0x20, 0x79, 0xBE, 0xED, 0x3E,
    0x8B, 0x44, 0x23, 0xEF, 0x9D, 0x72, 0xBF, 0x1F, 0x79, 0x9E, 0x5C, 0xF3, 0xBC, 0xDD, 0x56, 0x9E,
    0x57, 0xBB, 0x51, 0xF8, 0xB0, 0xBF, 0x12, 0xF0, 0xEC, 0xCC, 0xF2, 0x0A, 0x19, 0x9F, 0x6D, 0x12,
    0x01, 0x60, 0x92, 0xA0, 0x0A, 0xE8, 0xEC, 0x45, 0xF8, 0xF3, 0xD1, 0x53, 0x6A, 0x6C, 0x68, 0xD2,
    0x2F, 0x1D, 0x3D, 0xC9, 0x2F, 0x8E, 0x98, 0xE6, 0x9A, 0x98, 0x79, 0x13, 0x56, 0x0D, 0x1E, 0x0A,
    0x8D, 0xC6, 0x86, 0x4B, 0x76, 0x72, 0xBD, 0xFF, 0x9A, 0xD4, 0xF5, 0xFE, 0xEB, 0x9E, 0xF6, 0x3C,
    0xF6, 0x54, 0x3C, 0xF6, 0x54, 0x7C, 0xD6, 0x53, 0xFE, 0x49, 0x4F, 0xC9, 0x97, 0x3D, 0x65, 0xD7,
    0x49, 0x91, 0x20, 0x3D, 0x10, 0xB3, 0xAB, 0x42, 0xEE, 0xEF, 0x3F, 0x3B, 0xD0, 0xF0, 0x78, 0x82,
    0xC5, 0x13, 0x3C, 0x80, 0xEE, 0x89, 0x55, 0xD6, 0x8D, 0x43, 0x3A, 0x1A, 0x29, 0x34, 0x34, 0x37,
    0xC4, 0x68, 0x6D, 0xC2, 0x36, 0xD4, 0xE7, 0xD0, 0x98, 0xF0, 0x70, 0xF0, 0x79, 0x98, 0xD7, 0x5C,
    0x3F, 0x81, 0xF0, 0xF5, 0x4D, 0xE6, 0xF6, 0x3D, 0xCD, 0xBB, 0x1E, 0xD3, 0xB3, 0x58, 0x16, 0x35,
    0x84, 0x3A, 0x4E, 0x1F, 0x37, 0xD9, 0x02, 0x48, 0x65, 0xBA, 0xAE, 0x7F, 0xA2, 0xC8, 0x24, 0xE6,
    0xA1, 0xE7, 0x55, 0xAA, 0x66, 0xFB, 0xEF, 0x09, 0xAE, 0x01, 0xA6, 0x40, 0xDC, 0xFE, 0x5A, 0x1A,
    0xE5, 0x7B, 0x94, 0xEF, 0x89, 0x4A, 0x70, 0x7B, 0x7B, 0x8D, 0x3C, 0xE9, 0xEE, 0xC6, 0x07, 0x3B,
    0xBC, 0x5B, 0x0A, 0x03, 0xCD, 0xC1, 0xA0, 0xC0, 0x59, 0xC4, 0x20, 0xA1, 0xA0, 0x3B, 0x0B, 0xE9,
    0x8E, 0x42, 0x12, 0x16, 0x63, 0x11, 0x0D, 0xF0, 0x13, 0x35, 0x15, 0xD0, 0xD1, 0x14, 0x3B, 0x35,
    0xF1, 0xA0, 0x5B, 0xBA, 0xA4, 0xFD, 0x9E, 0xA5, 0x21, 0x8D, 0x69, 0x48, 0x61, 0x8E, 0xD4, 0x2E,
    0x5B, 0xD2, 0x66, 0x5B, 0x5D, 0x5C, 0x5B, 0xD4, 0x04, 0x1B, 0x74, 0xAA, 0x08, 0xED, 0xEA, 0x0E,
    0x99, 0x67, 0xE7, 0xBA, 0x6C, 0x60, 0xB3, 0xF8, 0xAE, 0x80, 0xEE, 0x79, 0x44, 0x31, 0x49, 0x7C,
    0xE6, 0x9A, 0x12, 0x9B, 0x49, 0x6A, 0xF7, 0xE6, 0xEF, 0x74, 0x45, 0x1B, 0xBE, 0x5E, 0xCA, 0x5A,
    0x1A, 0x91, 0x04, 0x5F, 0xB9, 0x1A, 0x6F, 0x00, 0x12, 0x25, 0xEF, 0x25, 0xF7, 0xD2, 0x11, 0xA5,
    0x06, 0x1A, 0x4F, 0x73, 0x9E, 0xDF, 0x88, 0x6A, 0x16, 0xBF, 0xA6, 0xE1, 0x98, 0x06, 0xE6, 0x81,
    0x75, 0xD0, 0x01, 0x3D, 0x17, 0xA7, 0x6F, 0x1C, 0x74, 0x38, 0xCA, 0xE9, 0x3C, 0x66, 0x40, 0xEE,
    0xA2, 0x1D, 0x32, 0xA1, 0x7F, 0xBF, 0xC7, 0x73, 0x68, 0xD8, 0x7D, 0x6B, 0x32, 0x8B, 0x44, 0x21,
    0xEF, 0x85, 0xDC, 0x0B, 0x1D, 0x6F, 0x7D, 0xFF, 0xFC, 0x98, 0xC0, 0xFA, 0x34, 0x0E, 0x24, 0xAB,
    0x68, 0x0F, 0x0D, 0x52, 0x1A, 0x32, 0x7D, 0x2E, 0x9B, 0xDB, 0x06, 0xE0, 0x01, 0x3A, 0x3D, 0xFA,
    0xD5, 0x68, 0x42, 0xEA, 0xE8, 0x8A, 0x00, 0x3C, 0x2E, 0x4F, 0x56, 0xBC, 0xCD, 0xFE, 0x4A, 0xA4,
    0x1B, 0x4D, 0xBB, 0xB6, 0x73, 0x69, 0x23, 0x41, 0x72, 0x45, 0x1E, 0xB2, 0xFB, 0xF4, 0xE6, 0xC9,
    0x4F, 0x0D, 0xBF, 0xA0, 0x41, 0x12, 0x2D, 0xDC, 0x48, 0x95, 0x19, 0xBD, 0x74, 0x6B, 0x9A, 0x06,
    0x47, 0x4D, 0xA4, 0xC1, 0xF7, 0xFF, 0x25, 0x14, 0x64, 0x48, 0x76, 0x87, 0xF7, 0xEF, 0x44, 0x35,
    0x67, 0x6E, 0xCE, 0x61, 0x9E, 0xDB, 0xEE, 0x0F, 0xE2, 0x4B, 0x24, 0x90, 0x04, 0x03, 0xC3, 0x13,
    0x0F, 0x70, 0x12, 0xBD, 0xCF, 0xBB, 0x18, 0xBF, 0x3B, 0x4D, 0x4A, 0x02, 0x73, 0xD6, 0x7C, 0xE6,
    0x35, 0xD3, 0xC4, 0xBB, 0x6B, 0xDA, 0xAB, 0xEE, 0xB1, 0xC8, 0xE1, 0x42, 0x63, 0x7D, 0x66, 0xAD,
    0x30, 0xDC, 0x20, 0x91, 0x44, 0x3B, 0xBB, 0xE3, 0xD9, 0x79, 0x70, 0x56, 0x2F, 0xB4, 0xE6, 0xBB,
    0x81, 0x8C, 0xDA, 0x41, 0xC3, 0xBE, 0x00, 0x18, 0xF8, 0xF5, 0xC9, 0xA3, 0xEE, 0xCE, 0x69, 0x53,
    0xC5, 0xF7, 0x14, 0x7C, 0x7D, 0xC3, 0x69, 0x06, 0x95, 0xDC, 0x92, 0x8F, 0xF8, 0x81, 0x84, 0xEF,
    0xF4, 0xB5, 0x77, 0xCF, 0xDF, 0x55, 0xBF, 0xD1, 0xD7, 0x4F, 0xFB, 0xB3, 0x9B, 0xEE, 0x2F, 0x83,
    0x41, 0x5A, 0x02, 0xE9, 0x06, 0x3D, 0xCF, 0x5D, 0x4E, 0xBF, 0x8C, 0x9C, 0x1F, 0x42, 0xD1, 0x33,
    0x40, 0x19, 0x70, 0xF0, 0x13, 0xEC, 0xFA, 0x33, 0xD2, 0xC4, 0x91, 0xE0, 0x3B, 0x1E, 0x68, 0x37,
    0x48, 0x17, 0xE0, 0xB1, 0xCF, 0xC3, 0xEC, 0xE0, 0x28, 0x8F, 0xC7, 0x0F, 0x79, 0xC8, 0xA9, 0x0B,
    0x27, 0x87, 0x35, 0x29, 0x45, 0xA9, 0xD1, 0x6D, 0x78, 0xDA, 0xF0, 0x3C, 0xF0, 0x6F, 0x04, 0x1D,
    0x17, 0x55, 0xBC, 0x4A, 0x4C, 0x28, 0xD0, 0x05, 0x74, 0xFE, 0x13, 0x45, 0x97, 0xC7, 0x39, 0x5E,
    0xA4, 0x0A, 0x05, 0xF0, 0x04, 0xF2, 0xB6, 0x90, 0x80, 0xFF, 0x1B, 0x91, 0x24, 0x68, 0xC1, 0x9B,
    0x82, 0xE9, 0xFE, 0xAF, 0xD6, 0x2B, 0x05, 0xBF, 0x27, 0xE8, 0x3A, 0x3B, 0xA4, 0x01, 0xC4, 0x1F,
    0xCB, 0x9C, 0x07, 0x88, 0x11, 0x8D, 0xEB, 0xCB, 0xE4, 0xFD, 0x9D, 0x00, 0x05, 0x30, 0x80, 0x5C,
    0xA8, 0x00, 0xFA, 0x25, 0xA3, 0x34, 0x57, 0x55, 0x0E, 0xBB, 0x81, 0x26, 0x73, 0x67, 0xD7, 0x41,
    0x77, 0x80, 0xD2, 0xE0, 0x5C, 0x6A, 0x44, 0x5B, 0xE8, 0xA4, 0x15, 0x9E, 0x54, 0x61, 0x49, 0x16,
    0x95, 0x92, 0x45, 0x1E, 0xD4, 0x28, 0x89, 0x49, 0x4C, 0x23, 0x1D, 0x53, 0xD2, 0x30, 0x27, 0x0B,
    0x33, 0x72, 0xB8, 0xF8, 0x48, 0x2C, 0xF9, 0x08, 0x7C, 0x67, 0xD0, 0x3B, 0xC1, 0x39, 0xB8, 0x47,
    0x05, 0xD0, 0x01, 0xB2, 0x7E, 0x17, 0x58, 0x79, 0x64, 0x52, 0xF8, 0xC0, 0x50, 0xBC, 0x43, 0x47,
    0x1C, 0x26, 0x03, 0x91, 0xE6, 0x3A, 0x40, 0xA6, 0xFB, 0x78, 0x87, 0x8F, 0xD8, 0x51, 0x34, 0x9A,
    0x0B, 0x01, 0x9A, 0xA7, 0x07, 0x65, 0x9D, 0x59, 0x72, 0x9D, 0x33, 0x35, 0x0A, 0xC7, 0x86, 0x15,
    0x2E, 0x89, 0x6E, 0xA6, 0x81, 0xCE, 0xC7, 0x2D, 0xEB, 0xF9, 0xD9, 0x42, 0xA7, 0x26, 0x34, 0xE6,
    0xB2, 0x50, 0x05, 0x92, 0x06, 0x20, 0xB3, 0xDB, 0x4F, 0x8F, 0xEE, 0xE9, 0x00, 0xD8, 0x9A, 0x58,
    0x4E, 0x31, 0x5A, 0x47, 0x07, 0x34, 0x36, 0x00, 0xEA, 0x1B, 0x6C, 0xE1, 0xFC, 0xAC, 0xC8, 0x6C,
    0x91, 0x89, 0xB5, 0xF6, 0x76, 0x00, 0x94, 0xEF, 0x76, 0x7B, 0xFB, 0x65, 0xE1, 0xF4, 0x35, 0x2A,
    0x80, 0xDB, 0x29, 0xBD, 0x89, 0x0D, 0xEC, 0x80, 0x9A, 0x90, 0x5C, 0x12, 0x7E, 0xFC, 0xF7, 0xE9,
    0x3D, 0xBE, 0x7C, 0xDA, 0x5A, 0xBA, 0x63, 0x33, 0x70, 0xC0, 0x1F, 0x0F, 0xD9, 0xF6, 0xF9, 0x9F,
    0xBA, 0x73, 0x18, 0x68, 0x2C, 0x00, 0xF0, 0xF7, 0xCA, 0x66, 0x4A, 0xFC, 0x42, 0x55, 0x12, 0x0E,
    0x64, 0xCD, 0x29, 0xEB, 0xF1, 0x4F, 0xA4, 0xAD, 0x47, 0xE8, 0x5E, 0x3D, 0x68, 0xD2, 0xA0, 0xFD,
    0x9F, 0x93, 0x69, 0x7D, 0x7A, 0xB2, 0xB8, 0x9C, 0x16, 0xFE, 0x07, 0x74, 0x94, 0x51, 0xAA, 0x1C,
    0x3B, 0x0C, 0x44, 0x0B, 0xF4, 0xFB, 0xC0, 0x1B, 0x32, 0x78, 0xEB, 0x82, 0xBB, 0x80, 0xD9, 0x8A,
    0xE0, 0xFE, 0x0A, 0xF4, 0x5C, 0x2A, 0xC4, 0xED, 0x86, 0x89, 0xC7, 0x3A, 0xA5, 0x49, 0x7A, 0xEC,
    0x63, 0xA7, 0x09, 0x00, 0x58, 0xC0, 0x2A, 0x2E, 0x4F, 0xA5, 0x39, 0xCA, 0x6B, 0xB9, 0x25, 0xD6,
    0x9D, 0x81, 0xE5, 0x9C, 0xFC, 0x4B, 0xFC, 0x71, 0x37, 0xF3, 0xDF, 0x5C, 0xFE, 0xC7, 0xE3, 0x38,
    0xD0, 0xEC, 0x3F, 0x8C, 0x15, 0x97, 0x55, 0x0E, 0xA0, 0x0A, 0x90, 0x82, 0xB0, 0xA8, 0x51, 0xDC,
    0xBF, 0x4E, 0xE1, 0x46, 0x08, 0x07, 0x83, 0x4D, 0xE4, 0x13, 0x7E, 0xB1, 0x1C, 0x5B, 0x5B, 0x14,
    0xD7, 0xA6, 0x47, 0x39, 0x34, 0x92, 0xE7, 0x8B, 0xE6, 0x6F, 0x98, 0xC3, 0x7E, 0x9A, 0x5C, 0x5E,
    0x07, 0x7C, 0x4C, 0xCC, 0x94, 0xF0, 0x7B, 0xEE, 0x9E, 0x29, 0xBE, 0x26, 0xF5, 0x77, 0xF3, 0xE0,
    0x78, 0x9F, 0x0E, 0x54, 0xC8, 0x51, 0x68, 0xF0, 0x24, 0xB9, 0x68, 0x71, 0xA8, 0x77, 0x91, 0xB8,
    0xA0, 0xFA, 0x12, 0x78, 0x12, 0x0C, 0x0E, 0x10, 0x42, 0x5D, 0x58, 0x72, 0x85, 0x0D, 0x54, 0x5D,
    0x9C, 0xB8, 0xD0, 0x38, 0x08, 0x35, 0xEB, 0xE3, 0x6A, 0xAC, 0x94, 0x5C, 0xFF, 0xCB, 0x38, 0xC5,
    0x47, 0x2A, 0x51, 0x15, 0x58, 0x6A, 0x92, 0x4D, 0x68, 0x3F, 0x18, 0x9B, 0xE5, 0x98, 0xFB, 0x87,
    0x6E, 0xDE, 0x9C, 0x56, 0x6A, 0x2C, 0x9B, 0x3E, 0x5F, 0x75, 0x7B, 0xDD, 0x1C, 0xA8, 0x47, 0x3E,
    0x1B, 0x2D, 0xD6, 0xCD, 0xD1, 0x92, 0x77, 0x12, 0xAC, 0x44, 0x76, 0xB3, 0xA2, 0x9B, 0x8D, 0xEA,
    0x67, 0x51, 0x55, 0x23, 0xE8, 0x6A, 0x7A, 0x98, 0x9F, 0x3E, 0x04, 0x42, 0x67, 0xC0, 0x89, 0x9B,
    0x7A, 0xD3, 0x74, 0x02, 0x40, 0xDE, 0x30, 0xE6, 0xAA, 0x6C, 0xCD, 0x53, 0x4A, 0x20, 0x47, 0x7E,
    0xDC, 0x47, 0x5D, 0xC2, 0x7B, 0xC4, 0xC7, 0x7B, 0xB4, 0xC7, 0x7A, 0xA4, 0xC7, 0x79, 0x94, 0xC7,
    0xD8, 0x25, 0x4C, 0x47, 0x2C, 0xEC, 0x3E, 0xCC, 0xC1, 0x59, 0xE8, 0x5C, 0xA9, 0xB4, 0x60, 0x6E,
    0x62, 0x12, 0xCB, 0xD3, 0xF8, 0xE3, 0x4A, 0x26, 0xAC, 0x4E, 0x6A, 0x17, 0x0B, 0xD0, 0xC7, 0x95,
    0xFA, 0x07, 0x09, 0x25, 0x8D, 0xA5, 0xAF, 0x4C, 0x3D, 0x89, 0xF7, 0x2F, 0x7C, 0x39, 0xB3, 0x74,
    0xE9, 0xF6, 0x41, 0x32, 0xEB, 0xA3, 0xD7, 0x20, 0x97, 0x31, 0xB1, 0xA1, 0x83, 0xFF, 0x31, 0x2E,
    0x21, 0xDA, 0xE5, 0x79, 0xD3, 0xB5, 0xA7, 0x76, 0x7A, 0x33, 0xB0, 0x20, 0x7E, 0xFB, 0xEF, 0xC3,
    0x45, 0x54, 0xE5, 0x1A, 0x02, 0x10, 0x0F, 0x21, 0x56, 0x36, 0x83, 0xFC, 0x8F, 0x78, 0x19, 0x8E,
    0x1B, 0xC4, 0x87, 0xDB, 0x16, 0xE5, 0x26, 0x8E, 0xD5, 0xD0, 0xE4, 0xF6, 0x34, 0x74, 0x51, 0x9B,
    0x88, 0x0F, 0x43, 0x70, 0x88, 0xE7, 0xC1, 0xDD, 0x4C, 0xE2, 0x44, 0xD3, 0x2F, 0xB2, 0x2B, 0x90,
    0x16, 0xD0, 0x07, 0xD6, 0x65, 0x6E, 0xBE, 0x58, 0xFC, 0x60, 0x4D, 0xE1, 0x74, 0x1D, 0x6C, 0x15,
    0xF2, 0x52, 0x95, 0x88, 0xAE, 0xE8, 0x05, 0xA6, 0x1C, 0x58, 0x2A, 0x2B, 0xC0, 0xB4, 0x5F, 0xAF,
    0x50, 0x74, 0xDA, 0x8F, 0xE0, 0x12, 0xE5, 0x0C, 0xFB, 0x75, 0x45, 0x2B, 0xD9, 0x8F, 0xC2, 0xC3,
    0xF8, 0xF1, 0x64, 0x2C, 0xDF, 0xE6, 0x13, 0xBE, 0x70, 0x4C, 0xA2, 0x4B, 0xF1, 0xB9, 0x71, 0x6E,
    0xB4, 0xAD, 0x31, 0x36, 0x05, 0xE8, 0x0C, 0x46, 0x4E, 0xB4, 0x3C, 0xC7, 0x44, 0x36, 0x2D, 0x9A,
    0xA5, 0x28, 0x67, 0x20, 0x46, 0x5E, 0xD6, 0xC8, 0x97, 0x3C, 0x24, 0x0F, 0xC9, 0x47, 0xCB, 0x9B,
    0xE4, 0xED, 0x2D, 0xEF, 0xB2, 0x56, 0xAC, 0xB7, 0x3C, 0x24, 0x8F, 0x96, 0x3F, 0x92, 0x3F, 0x2F,
    0x79, 0xEE, 0x3B, 0x91, 0x04, 0xC7, 0x3B, 0xA2, 0x69, 0xAF, 0x28, 0x57, 0x00, 0xDF, 0x5F, 0x8D,
    0x19, 0xE6, 0x05, 0xDE, 0x79, 0xD1, 0xFB, 0xF3, 0xE1, 0x55, 0xA7, 0x91, 0xD1, 0x74, 0xF9, 0x37,
    0xC1, 0xEF, 0x67, 0xE8, 0x24, 0x4F, 0xB0, 0x9B, 0x79, 0x79, 0x48, 0x90, 0x74, 0x17, 0xDF, 0xEF,
    0xE2, 0x30, 0xC6, 0x74, 0x44, 0x8B, 0x58, 0xC8, 0x8B, 0x1F, 0x07, 0xAC, 0xF4, 0xEC, 0xCB, 0x34,
    0x06, 0x2B, 0x07, 0x67, 0x5F, 0x6C, 0x22, 0x89, 0xB8, 0xB0, 0x86, 0x5F, 0x50, 0x08, 0x07, 0x44,
    0x15, 0x50, 0x03, 0x0B, 0x2C, 0x61, 0xB9, 0xC0, 0x27, 0x2F, 0x92, 0x68, 0x0B, 0x4A, 0x58, 0xBD,
    0x15, 0x56, 0x6C, 0x54, 0x6E, 0xAB, 0x93, 0x2B, 0x74, 0x35, 0x07, 0xAA, 0x0D, 0x73, 0x56, 0x62,
    0xA9, 0xF0, 0x7F, 0xB5, 0xD6, 0x81, 0x62, 0xD9, 0x12, 0x42, 0x0B, 0x24, 0xF3, 0xC0, 0xAD, 0xF4,
    0x02, 0x0A, 0xDC, 0xBA, 0xD0, 0xE4, 0x1F, 0xDE, 0x56, 0x84, 0x26, 0x23, 0xF8, 0xC7, 0x53, 0xFA,
    0x42, 0xF5, 0xE4, 0x79, 0xE9, 0x4F, 0xE3, 0xA9, 0x3B, 0xE1, 0x56, 0x99, 0x4B, 0xBD, 0x23, 0x8A,
    0xAC, 0x46, 0x81, 0x6C, 0xC6, 0xCE, 0x03, 0x19, 0x97, 0x2F, 0x03, 0xA3, 0x4D, 0x13, 0xA0, 0x73,
    0xEC, 0x34, 0x8D, 0x45, 0x72, 0x41, 0xB3, 0xC8, 0x8B, 0x6C, 0x11, 0x15, 0x09, 0x24, 0xC4, 0x51,
    0xCC, 0x4A, 0x71, 0x3E, 0xA7, 0xAF, 0xC4, 0xBD, 0xAC, 0xF8, 0x5C, 0x47, 0x78, 0x59, 0xC7, 0xB8,
    0x55, 0x2B, 0x06, 0xE9, 0xAF, 0x6C, 0x11, 0x38, 0xCD, 0xD3, 0x7C, 0x38, 0x85, 0x95, 0x2D, 0x41,
    0xA1, 0x91, 0x86, 0x99, 0xE0, 0x5F, 0x07, 0xD6, 0x06, 0x39, 0xD9, 0xC9, 0x51, 0x88, 0x55, 0x1D,
    0x16, 0x31, 0xCE, 0x4A, 0xE3, 0x4D, 0x69, 0xC9, 0xCE, 0xBA, 0x8A, 0x90, 0xB6, 0x36, 0x63, 0x98,
    0x37, 0x95, 0x51, 0x66, 0xA5, 0x20, 0x0E, 0x5F, 0xE1, 0x4D, 0x10, 0xCF, 0xBC, 0xC5, 0x13, 0xBD,
    0xF6, 0x34, 0x32, 0x00, 0x74, 0x06, 0x80, 0xD2, 0xCE, 0x00, 0xED, 0x01, 0x8A, 0xF7, 0x06, 0xE8,
    0xD1, 0x0B, 0xFC, 0x04, 0x55, 0x23, 0xCA, 0x90, 0xBA, 0x83, 0x29, 0xFC, 0x24, 0xDE, 0x72, 0x66,
    0xB2, 0xB3, 0x74, 0x9A, 0xFC, 0x9D, 0x44, 0xD2, 0xA4, 0x39, 0x18, 0x94, 0x21, 0xB6, 0x48, 0x86,
    0x81, 0x62, 0x18, 0x39, 0xEA, 0xB0, 0x88, 0x59, 0x55, 0x58, 0x44, 0xC1, 0xA5, 0x54, 0x13, 0xF0,
    0x14, 0x41, 0x39, 0x6C, 0x48, 0x9C, 0x95, 0x3C, 0x59, 0x41, 0x07, 0xBA, 0x91, 0xC0, 0x23, 0x3A,
    0xAF, 0x50, 0x9E, 0xC2, 0x9B, 0xD4, 0xFE, 0x14, 0xA9, 0xBB, 0xA8, 0xAC, 0x1E, 0xE4, 0x4A, 0xF2,
    0xB7, 0x5B, 0x49, 0xEE, 0xAC, 0x15, 0xA8, 0x6C, 0x09, 0xFA, 0x2A, 0x46, 0x07, 0xC7, 0x7C, 0xFC,
    0x4A, 0xC6, 0xBB, 0xB5, 0xF1, 0xAB, 0x76, 0x6D, 0xBB, 0x93, 0xBE, 0x84, 0xCB, 0x6B, 0x72, 0x52,
    0x86, 0xB7, 0xFB, 0xB8, 0x7D, 0x0C, 0x0E, 0x63, 0xF2, 0xAB, 0x9E, 0x90, 0x83, 0x23, 0xC4, 0xA6,
    0x0F, 0xB7, 0xE1, 0x46, 0xE6, 0xAC, 0x11, 0x2A, 0xDE, 0xED, 0x1F, 0xC7, 0x55, 0x32, 0x67, 0xB2,
    0x04, 0x7D, 0xC6, 0x65, 0x4B, 0xE1, 0xCD, 0x4E, 0xF3, 0x02, 0x56, 0x0E, 0x43, 0x6F, 0x72, 0xE9,
    0x0E, 0xDE, 0x04, 0x9E, 0x09, 0xFE, 0xC4, 0xEA, 0x22, 0x0C, 0x74, 0x62, 0xC6, 0x6F, 0x5B, 0x65,
    0x74, 0xDA, 0xEF, 0x26, 0x85, 0xB6, 0x36, 0x3B, 0xFC, 0xBC, 0xC4, 0x5A, 0xAC, 0xAA, 0x31, 0x2C,
    0xFC, 0xBE, 0x16, 0xC2, 0x22, 0x6B, 0x71, 0x52, 0x2C, 0xE8, 0x02, 0xC9, 0xE0, 0xE4, 0x08, 0x96,
    0xD3, 0xCC, 0x44, 0xD6, 0xA1, 0xB1, 0x16, 0xEF, 0x96, 0x1D, 0x8B, 0xE6, 0x52, 0xAD, 0x4B, 0x3E,
    0x46, 0xA0, 0x92, 0x6E, 0x56, 0xB4, 0xF1, 0xCA, 0x27, 0xD5, 0x22, 0x45, 0xF8, 0x08, 0x25, 0x9F,
    0x71, 0x34, 0x36, 0xF6, 0x61, 0x28, 0x33, 0x0C, 0xAD, 0x67, 0xA2, 0x22, 0x54, 0x22, 0x46, 0xA2,
    0x9D, 0x1A, 0x3D, 0x19, 0x40, 0x3C, 0x87, 0xA6, 0x14, 0x61, 0x34, 0x24, 0x92, 0x49, 0xF6, 0x09,
    0x1E, 0xC3, 0x8B, 0x77, 0x31, 0xD1, 0xE1, 0x27, 0xE3, 0x9F, 0x2E, 0x0F, 0x69, 0x68, 0x97, 0x91,
    0x68, 0x18, 0xD2, 0x59, 0x40, 0x42, 0x01, 0x32, 0xD4, 0xBB, 0x80, 0x19, 0x28, 0x60, 0x50, 0x9F,
    0xE8, 0x2F, 0xDB, 0x73, 0xC2, 0x9E, 0xC7, 0x64, 0x76, 0x90, 0x4B, 0x2B, 0x4C, 0x41, 0x23, 0x35,
    0x60, 0x78, 0x14, 0x18, 0xD7, 0x90, 0xFA, 0xA1, 0x5D, 0xDF, 0x6A, 0xB4, 0x5B, 0x89, 0x58, 0x00,
    0xE9, 0xBE, 0x21, 0xE2, 0x96, 0xE6, 0xFF, 0xCC, 0x95, 0x8F, 0xE5, 0xCA, 0x97, 0x15, 0xAF, 0x8F,
    0x5D, 0xF4, 0xAA, 0xDF, 0xFC, 0xEB, 0xF5, 0x5B, 0xCF, 0xE3, 0x58, 0x17, 0xCB, 0xF9, 0x3C, 0x56,
    0xD2, 0xAF, 0x02, 0xB5, 0xEA, 0xD0, 0xF4, 0x75, 0x3A, 0x62, 0x36, 0x96, 0xF0, 0x61, 0x70, 0xBC,
    0x6E, 0x44, 0xBA, 0xF9, 0xEB, 0xF4, 0xCF, 0xA3, 0xE7, 0x61, 0x00, 0x32, 0x64, 0x6A, 0xCA, 0xB7,
    0x50, 0xAF, 0x5E, 0x72, 0xF0, 0x8D, 0x1A, 0x1D, 0x54, 0x2D, 0x95, 0xCA, 0x12, 0xFE, 0x7D, 0x69,
    0x8F, 0x25, 0xD9, 0xA8, 0x76, 0xE0, 0xA8, 0xEB, 0x92, 0x24, 0x03, 0x79, 0xFD, 0xD8, 0x90, 0x07,
    0xD6, 0xDE, 0x5C, 0x9E, 0x51, 0x60, 0x09, 0x8E, 0x68, 0xBD, 0x45, 0x05, 0x3E, 0x4B, 0x2D, 0x5A,
    0xF4, 0x37, 0x9C, 0xE7, 0x1B, 0xA5, 0xEB, 0x6B, 0x88, 0x2C, 0xA1, 0x20, 0xFC, 0xBA, 0xA3, 0x0A,
    0x50, 0x08, 0x58, 0xB9, 0x95, 0x5C, 0x04, 0x74, 0x44, 0x11, 0xA4, 0xDA, 0xCA, 0xCB, 0xFA, 0x6D,
    0x12, 0x34, 0xA8, 0x5D, 0x82, 0xEC, 0xA3, 0x19, 0x1B, 0x6B, 0x0B, 0x89, 0x72, 0x75, 0x7A, 0xFF,
    0xEC, 0xC2, 0x11, 0x5E, 0x64, 0xDF, 0x3E, 0xAB, 0xA2, 0xEF, 0x18, 0xA5, 0x21, 0xD6, 0x9D, 0xBA,
    0x75, 0x35, 0xC2, 0x56, 0x60, 0xED, 0x9B, 0x67, 0xEE, 0xE1, 0x72, 0x22, 0xFD, 0x71, 0x77, 0x3C,
    0x2F, 0xC8, 0xCF, 0x6C, 0x46, 0xD2, 0xFF, 0x7E, 0xC0, 0x2C, 0xD1, 0x46, 0xB1, 0x5A, 0x1D, 0xEB,
    0x2B, 0x0E, 0x96, 0xAB, 0xD0, 0xF8, 0xC6, 0xFA, 0x5A, 0x83, 0xE5, 0x9E, 0x8A, 0x5E, 0xB5, 0x8E,
    0x87, 0x87, 0x5F, 0xA0, 0x83, 0x2F, 0x02, 0xCA, 0x1E, 0x73, 0x81, 0x4E, 0xC8, 0xE2, 0x8D, 0x3A,
    0x86, 0x15, 0xB2, 0x96, 0x23, 0x25, 0x0E, 0x29, 0x4C, 0x85, 0x0B, 0xA5, 0xC5, 0x27, 0x03, 0x61,
    0x07, 0x2F, 0x1C, 0xC3, 0x0B, 0x2D, 0x25, 0xA4, 0x44, 0x03, 0x3A, 0xD2, 0xB2, 0x23, 0xF3, 0x46,
    0x24, 0x4A, 0x12, 0x27, 0x48, 0xE8, 0x98, 0xCE, 0x36, 0x44, 0xDB, 0xBA, 0xD1, 0xB7, 0xF5, 0x62,
    0xCD, 0x1A, 0xE0, 0xCA, 0x60, 0x0B, 0x9C, 0x34, 0x9C, 0x6E, 0x02, 0xD1, 0x81, 0x36, 0x88, 0xC5,
    0x2A, 0x5C, 0xC4, 0x2E, 0x6D, 0xB3, 0xD7, 0xFD, 0x56, 0x70, 0x6E, 0x1C, 0xB5, 0xED, 0x3F, 0x6C,
    0xBB, 0xC5, 0x6B, 0x76, 0x5D, 0x50, 0x53, 0x6B, 0xFA, 0x00, 0xF4, 0xBC, 0x9A, 0xB4, 0xC7, 0xBD,
    0x35, 0xE5, 0x4D, 0x18, 0x92, 0xC0, 0x35, 0xA1, 0xAE, 0x11, 0x2F, 0x1D, 0xD7, 0x78, 0x17, 0xDD,
    0x9B, 0x17, 0x24, 0xE7, 0x97, 0xAD, 0xE2, 0xBC, 0x9A, 0xCF, 0xD2, 0x7B, 0x60, 0x36, 0xCB, 0x4E,
    0xD6, 0x8E, 0xF0, 0xB9, 0x75, 0xEC, 0xB6, 0xB1, 0x5B, 0x47, 0x01, 0x5D, 0x39, 0xAD, 0x5C, 0x89,
    0x47, 0xA8, 0x19, 0x39, 0x5D, 0xBE, 0xE0, 0xDE, 0xCD, 0xCF, 0x20, 0x2F, 0x67, 0x6F, 0x3B, 0xD4,
    0x1F, 0xC5, 0x17, 0xA2, 0xA2, 0x63, 0x71, 0x76, 0x9B, 0x66, 0x88, 0x6D, 0x2D, 0x97, 0x69, 0xA7,
    0x55, 0xF0, 0xE2, 0xAD, 0xD1, 0x60, 0xDB, 0x87, 0xF6, 0x8B, 0x9D, 0x07, 0xB6, 0x49, 0x43, 0xC6,
    0xB7, 0x12, 0xE4, 0xDB, 0xA0, 0xD5, 0xFD, 0x84, 0x8D, 0xD0, 0xD0, 0x2E, 0xCB, 0x90, 0x7B, 0xC3,
    0x04, 0xDF, 0x94, 0x53, 0x69, 0x33, 0x55, 0xE6, 0x43, 0x12, 0x9C, 0xCC, 0x69, 0x8D, 0x24, 0x12,
    0xD2, 0x70, 0x33, 0x21, 0xF9, 0x90, 0x9A, 0xA1, 0xF4, 0x3E, 0xA9, 0x3E, 0x8F, 0x28, 0xA9, 0xCF,
    0x65, 0x07, 0x97, 0x3A, 0x74, 0x71, 0xC1, 0x86, 0x4B, 0x7D, 0x55, 0x61, 0x6C, 0x3C, 0xC4, 0x64,
    0x84, 0x4D, 0xFA, 0xF8, 0x42, 0xEF, 0x36, 0xF3, 0xF0, 0x49, 0xEA, 0x4E, 0x1A, 0xC6, 0x2A, 0xCA,
    0x88, 0x68, 0xA9, 0x1B, 0xF6, 0xAD, 0x4D, 0x5B, 0x53, 0x42, 0x83, 0xDF, 0xF3, 0x33, 0x86, 0x03,
    0xC9, 0x05, 0x98, 0xB0, 0xD9, 0x2C, 0xDC, 0x28, 0x0E, 0x28, 0xBA, 0xC9, 0x39, 0xA4, 0x36, 0xDF,
    0x9E, 0x30, 0xE7, 0x51, 0x9C, 0x9F, 0xC7, 0xBF, 0xDD, 0x46, 0x2A, 0x68, 0xCA, 0x05, 0x9A, 0xBA,
    0x1C, 0x5F, 0x95, 0x65, 0x41, 0xDF, 0xAC, 0x26, 0x23, 0x94, 0x23, 0x7E, 0xF8, 0xAD, 0xA5, 0xB7,
    0xE1, 0x77, 0x03, 0x91, 0x59, 0x79, 0xC8, 0xD6, 0x02, 0x38, 0xC2, 0x0C, 0x3F, 0x32, 0xCE, 0x0E,
    0x26, 0x81, 0xBA, 0xA1, 0xA9, 0xC2, 0xFC, 0x50, 0x2D, 0x00, 0xAA, 0x3D, 0xC3, 0x03, 0x8F, 0xB7,
    0x7B, 0xF2, 0x7F, 0xEA, 0x2C, 0x8D, 0xF4, 0x36, 0xBC, 0x43, 0x1F, 0xA4, 0x36, 0xCC, 0x87, 0xCD,
    0x1A, 0x68, 0x4A, 0xBE, 0xF9, 0x0B, 0x5F, 0x99, 0xAC, 0x0B, 0xBB, 0x48, 0x46, 0x5C, 0xD2, 0x94,
    0xC2, 0x9A, 0xC6, 0xD4, 0xD4, 0xC7, 0xF6, 0xCA, 0xF6, 0xD6, 0x56, 0x85, 0x43, 0x07, 0x91, 0x94,
    0x8D, 0xB3, 0xDE, 0xF3, 0xFB, 0x1A, 0xA7, 0x9C, 0xDA, 0x87, 0xFC, 0xFA, 0xC7, 0x35, 0xC1, 0xF9,
    0xA4, 0x9D, 0x78, 0xD4, 0x32, 0x93, 0x1D, 0x1E, 0xDC, 0xED, 0xC2, 0xA1, 0xF5, 0x22, 0xE5, 0x1C,
    0xE8, 0x36, 0x7D, 0xED, 0x10, 0xEF, 0x16, 0xDE, 0xF8, 0x39, 0x7D, 0x3C, 0x6C, 0xDE, 0x7E, 0x70,
    0x1B, 0xA9, 0x5C, 0x16, 0xC9, 0x9E, 0x6E, 0x50, 0xD9, 0x5A, 0x85, 0x6B, 0xD2, 0x4C, 0x97, 0xEE,
    0xD1, 0x0D, 0x69, 0x12, 0x19, 0x23, 0x64, 0xBB, 0x3C, 0x4B, 0xC2, 0x09, 0xF5, 0xC3, 0xE3, 0x5C,
    0xBC, 0x91, 0xAD, 0x18, 0xA8, 0x00, 0x83, 0x5F, 0x90, 0x3A, 0xBD, 0x3B, 0x1D, 0xFD, 0xF2, 0x3F,
    0xC0, 0x7D, 0xDB, 0xC5, 0x3A, 0xB1, 0x38, 0xF2, 0xE8, 0xE1, 0x7E, 0x9C, 0xE6, 0x9E, 0x11, 0x6D,
    0xE6, 0x5F, 0x67, 0xD3, 0x65, 0x0F, 0x87, 0x67, 0x7C, 0xAB, 0x39, 0xA5, 0x77, 0x45, 0x7A, 0xBF,
    0xE1, 0x77, 0x58, 0xB1, 0xEA, 0x23, 0x49, 0x0F, 0x8F, 0x97, 0x6C, 0x8B, 0x04, 0xBD, 0x91, 0x54,
    0x1C, 0xF0, 0x23, 0xF2, 0x9A, 0x6E, 0xE8, 0x35, 0x21, 0x5B, 0x46, 0x35, 0xD7, 0xDC, 0xA9, 0x54,
    0x36, 0x8A, 0xA1, 0xE4, 0xE5, 0x8E, 0x1D, 0x4C, 0xDB, 0xA4, 0x0A, 0x3E, 0x6B, 0x14, 0xC1, 0x36,
    0xCF, 0xA9, 0xD5, 0xB0, 0xB9, 0xAC, 0x27, 0x5B, 0x9E, 0xA4, 0x64, 0x11, 0x2A, 0x71, 0xA1, 0xDE,
    0xF6, 0xBB, 0x88, 0xB0, 0xA6, 0xF1, 0xB9, 0x29, 0xFE, 0xE5, 0xA1, 0x93, 0x34, 0xAB, 0xDB, 0x56,
    0x86, 0x6A, 0xB4, 0x6E, 0x27, 0x8E, 0xE4, 0xE7, 0x87, 0x37, 0xC2, 0x44, 0x4C, 0xB2, 0x9F, 0xDC,
    0xAD, 0xFE, 0xCA, 0x2E, 0x26, 0x56, 0xB6, 0x92, 0xDB, 0x61, 0xEF, 0x5E, 0x29, 0x81, 0xED, 0x42,
    0xCD, 0x14, 0x09, 0x1E, 0x57, 0x3D, 0xED, 0x0E, 0x32, 0x1A, 0xBC, 0xDF, 0x0F, 0x05, 0x1B, 0x83,
    0xFB, 0xA1, 0x5B, 0x33, 0xB8, 0x8E, 0xAD, 0x49, 0xC6, 0xAE, 0x3A, 0xB2, 0x65, 0x83, 0xC8, 0x8E,
    0xAD, 0x8C, 0xBE, 0x53, 0xCD, 0x23, 0x61, 0x2E, 0x83, 0x3C, 0x61, 0x5D, 0xCD, 0xFB, 0xF7, 0x3E,
    0x5D, 0xCC, 0x6B, 0xC7, 0x06, 0x74, 0xC4, 0x34, 0x74, 0xD8, 0x50, 0x44, 0x28, 0x03, 0xBA, 0xF0,
    0x84, 0xA6, 0x17, 0x48, 0xC1, 0x04, 0x60, 0xE3, 0xF3, 0xEE, 0xBF, 0x32, 0xBF, 0x07, 0x11, 0x48,
    0xB2, 0x21, 0x57, 0x3A, 0x52, 0x35, 0xE4, 0x63, 0x6F, 0xC8, 0x75, 0x11, 0xEF, 0x51, 0x85, 0x88,
    0xFA, 0x0F, 0xAD, 0x53, 0xC1, 0xCA, 0xF4, 0x38, 0x0C, 0x13, 0xE4, 0x1A, 0xD0, 0xAB, 0x04, 0xFE,
    0xAB, 0xC1, 0xAF, 0x2E, 0x98, 0xEB, 0xC2, 0xF7, 0x2A, 0x82, 0xB9, 0x1A, 0xBC, 0x4D, 0xD3, 0xC2,
    0x7E, 0xB0, 0xC7, 0x5F, 0x76, 0x34, 0x13, 0x57, 0x51, 0xA9, 0xEB, 0x16, 0x02, 0x09, 0x6A, 0xD4,
    0x10, 0x51, 0x18, 0x06, 0x0B, 0x99, 0x28, 0x2A, 0x1D, 0xD9, 0x76, 0xAA, 0x2F, 0x64, 0x6F, 0x88,
    0x5D, 0xE9, 0x2A, 0x3B, 0x1D, 0x5E, 0x85, 0xD6, 0x10, 0xD5, 0x30, 0x0C, 0xA2, 0x25, 0xCB, 0x76,
    0x6B, 0xB8, 0xF8, 0x31, 0xA9, 0x4A, 0xF8, 0xE2, 0x40, 0x1A, 0x14, 0x32, 0x22, 0xCA, 0x76, 0x64,
    0x45, 0x85, 0xCB, 0x55, 0x89, 0x20, 0x92, 0xE2, 0xE7, 0xF6, 0x1A, 0x3A, 0x37, 0x61, 0x65, 0x7B,
    0xC0, 0xE3, 0xAE, 0x26, 0x12, 0x85, 0xE1, 0x61, 0x8A, 0x48, 0x04, 0x0A, 0xBE, 0x51, 0xBF, 0x8B,
    0x15, 0xC9, 0xBD, 0xDF, 0x72, 0x18, 0x6E, 0x6D, 0x83, 0x80, 0x57, 0xCB, 0x30, 0xFA, 0x02, 0x88,
    0x89, 0x38, 0xF1, 0x9C, 0x56, 0xC3, 0x60, 0x59, 0xAE, 0xA1, 0x1D, 0x59, 0xED, 0x1D, 0x04, 0x11,
    0xD8, 0xBC, 0x77, 0xFB, 0x48, 0x56, 0x17, 0x0A, 0xDE, 0x31, 0xFC, 0xA3, 0x56, 0x23, 0x1F, 0xBB,
    0x42, 0x29, 0x45, 0x9D, 0x0E, 0xA5, 0xE6, 0xDB, 0x13, 0xB9, 0x45, 0x6D, 0x99, 0x31, 0x44, 0x50,
    0xFB, 0xF0, 0x3E, 0x4A, 0xED, 0x9A, 0x51, 0xDB, 0xE6, 0x69, 0x4F, 0x76, 0x5D, 0x19, 0x08, 0xEF,
    0x2C, 0x39, 0xBE, 0x76, 0xA7, 0x4C, 0xC5, 0xDB, 0x49, 0x14, 0x46, 0x81, 0x44, 0x51, 0x66, 0x77,
    0x56, 0x56, 0xB7, 0xC9, 0xE7, 0xAD, 0x39, 0x5B, 0xBD, 0xB3, 0x95, 0xCF, 0xC2, 0x83, 0xEE, 0x46,
    0xCA, 0xBD, 0x65, 0xCA, 0xBE, 0x50, 0xFD, 0xA2, 0x40, 0x34, 0x9D, 0x2A, 0xDC, 0xFA, 0x04, 0x10,
    0x00, 0x0A, 0x80, 0x81, 0xA1, 0xB3, 0xF8, 0x57, 0x2E, 0x45, 0x92, 0x59, 0x81, 0x38, 0x69, 0x44,
    0xBF, 0x4F, 0xBE, 0x76, 0xAE, 0x6E, 0x5F, 0xC9, 0x6F, 0x45, 0x86, 0x63, 0x46, 0xD0, 0x54, 0xDA,
    0x1E, 0xE2, 0x99, 0xDC, 0x3B, 0x0A, 0xFF, 0xF7, 0x88, 0xEF, 0x6C, 0xBF, 0xE3, 0x90, 0x5A, 0x67,
    0x9E, 0x57, 0x93, 0xB1, 0x90, 0x40, 0xC1, 0x5F, 0x7F, 0xBF, 0xFE, 0x91, 0xCA, 0xEE, 0x7E, 0x6D,
    0x02, 0x03, 0x06, 0xEF, 0x95, 0xBD, 0x81, 0x8D, 0xD1, 0x5D, 0x91, 0x11, 0x15, 0x0E, 0x57, 0x5A,
    0x3E, 0xF3, 0x09, 0x82, 0x15, 0xD9, 0x5E, 0xED, 0x8F, 0x00, 0x01, 0x01, 0xD4, 0xCE, 0x89, 0x95,
    0xDB, 0x59, 0x4A, 0x40, 0x18, 0x27, 0x4D, 0x76, 0x4C, 0x7A, 0x01, 0x43, 0x91, 0xB5, 0xCD, 0xC6,
    0x04, 0x89, 0x6E, 0x67, 0x6B, 0x4E, 0x0C, 0x50, 0xBD, 0xCE, 0xF8, 0xF5, 0x8E, 0x9B, 0x04, 0x60,
    0x1C, 0x1A, 0xA1, 0x81, 0x3F, 0xF8, 0x07, 0x58, 0x98, 0xB7, 0x37, 0x3E, 0x17, 0x5D, 0x0B, 0x17,
    0x03, 0x38, 0xFF, 0x24, 0x8C, 0x71, 0xDF, 0xF6, 0xE8, 0x36, 0xDD, 0x67, 0x85, 0x78, 0xAC, 0xFE,
    0x6B, 0x5F, 0xA0, 0xA8, 0x82, 0xC0, 0xB2, 0xCA, 0x6C, 0x64, 0x23, 0x86, 0x64, 0x8C, 0x3B, 0x97,
    0xDA, 0x54, 0x2A, 0x8C, 0x8B, 0x0B, 0x85, 0xD4, 0x90, 0xD0, 0x78, 0xBF, 0x23, 0x01, 0x35, 0xCC,
    0x8F, 0xF9, 0xB3, 0x9A, 0xA1, 0x88, 0x48, 0x32, 0xAA, 0xCA, 0xC4, 0xCF, 0x3E, 0x8E, 0xD6, 0x1F,
    0xE4, 0x8F, 0xA3, 0xC3, 0x31, 0xAF, 0xCC, 0xAE, 0x4B, 0xBF, 0xB0, 0xD0, 0xCF, 0x27, 0x6B, 0x00,
    0x54, 0x01, 0x48, 0x24, 0x30, 0x0A, 0xEC, 0x4F, 0xEB, 0xBC, 0x5A, 0x60, 0x6C, 0x3A, 0x9A, 0x78,
    0x35, 0x38, 0x1A, 0xFF, 0xD2, 0x3C, 0xD3, 0x5D, 0xF9, 0xFC, 0xB2, 0x0B, 0xE3, 0x4C, 0x3D, 0x8C,
    0xD1, 0x05, 0xE0, 0xA6, 0xEC, 0xDE, 0x7B, 0xB1, 0x40, 0xBD, 0x8E, 0x44, 0xBD, 0x1D, 0xC7, 0xC4,
    0x06, 0xD1, 0x1B, 0xBE, 0xF9, 0xA9, 0xA7, 0x6D, 0x59, 0xFA, 0xA8, 0x44, 0xAF, 0xD5, 0x12, 0x8C,
    0xD4, 0x0C, 0xAC, 0x65, 0x49, 0x29, 0x2F, 0xAD, 0x2D, 0xC9, 0x5D, 0x59, 0xAF, 0x38, 0x25, 0x9C,
    0xE8, 0xED, 0x13, 0x58, 0xBF, 0xAC, 0x30, 0xAF, 0x60, 0xCD, 0xB9, 0xE6, 0xBA, 0xE0, 0xC5, 0xBE,
    0x36, 0x33, 0x22, 0xD6, 0x3A, 0x85, 0x95, 0x5A, 0xF0, 0xE3, 0x31, 0x67, 0xEF, 0x62, 0x38, 0x96,
    0xD7, 0x6E, 0x30, 0x02, 0x33, 0xC6, 0x3D, 0xA2, 0x53, 0x5E, 0xFF, 0x02, 0xC4, 0x9A, 0x59, 0x8E,
    0xEC, 0x4C, 0x0A, 0x85, 0x8F, 0xC4, 0x63, 0x0F, 0x6C, 0xE5, 0x5F, 0x00, 0x12, 0x5B, 0x47, 0xCA,
    0xC7, 0x1E, 0x6A, 0x2B, 0x48, 0xF5, 0x8A, 0x44, 0x13, 0x10, 0x0E, 0x39, 0xAB, 0xF3, 0xCE, 0x53,
    0xDA, 0xE7, 0xE3, 0x4E, 0x19, 0x0E, 0x53, 0x04, 0xE0, 0xF0, 0x05, 0x39, 0x80, 0x28, 0x49, 0x89,
    0x71, 0x3E, 0x99, 0xB1, 0xE5, 0x70, 0x80, 0xEE, 0xB2, 0x11, 0x67, 0x8E, 0x0C, 0x60, 0x8C, 0xF4,
    0x26, 0x19, 0x9D, 0xA1, 0x40, 0xE6, 0xA0, 0xC7, 0xE8, 0x17, 0x5D, 0x67, 0x94, 0x76, 0x09, 0x01,
    0xB4, 0x7C, 0x44, 0x4B, 0xEF, 0x06, 0xCA, 0xB4, 0x92, 0x93, 0x91, 0xB3, 0x21, 0x8E, 0x80, 0x50,
    0xC0, 0x15, 0x54, 0x62, 0x13, 0xCE, 0x52, 0x00, 0xA0, 0x02, 0xED, 0x19, 0xC8, 0x47, 0x3F, 0xF9,
    0x67, 0xE7, 0x7F, 0xF4, 0xF9, 0xF9, 0xC7, 0x16, 0x90, 0x01, 0xCD, 0x44, 0x9A, 0x50, 0x00, 0xEC,
    0x25, 0x7B, 0xFE, 0xF7, 0x99, 0xD9, 0x0A, 0xE0, 0xA5, 0x74, 0xC9, 0xA8, 0xFD, 0x86, 0x25, 0x6E,
    0xEB, 0x14, 0x6C, 0x7B, 0xBC, 0xBB, 0x66, 0xBE, 0xD9, 0x5F, 0x9A, 0x0B, 0x9E, 0x51, 0xEE, 0x4A,
    0x18, 0x5D, 0xB7, 0x6B, 0x40, 0xF4, 0xE1, 0x34, 0x87, 0x91, 0xF1, 0x1C, 0x60, 0x68, 0x1F, 0xB2,
    0xFF, 0x09, 0xDE, 0x8D, 0xDE, 0x7D, 0xF9, 0x7D, 0x3E, 0x71, 0x9D, 0x0E, 0x3A, 0xA7, 0xAD, 0x93,
    0xCF, 0x89, 0x75, 0xEA, 0x75, 0xCA, 0xED, 0x4B, 0xAF, 0xBD, 0xFA, 0x39, 0x8F, 0xDE, 0x03, 0xE0,
    0xAE, 0xD7, 0xC3, 0x68, 0x00, 0xE9, 0xC0, 0xDF, 0xB1, 0x3E, 0x9A, 0x79, 0x33, 0x39, 0x26, 0x26,
    0x04, 0xFC, 0x32, 0x51, 0xA4, 0x67, 0x63, 0xC8, 0x1E, 0x96, 0x32, 0xB7, 0x31, 0x30, 0x96, 0xA7,
    0x96, 0xB1, 0x32, 0x5A, 0x06, 0xCB, 0xF0, 0x32, 0x52, 0x86, 0x1C, 0x71, 0xCC, 0xFC, 0x82, 0xA1,
    0x96, 0x36, 0xE1, 0x80, 0x32, 0x0E, 0x04, 0xE8, 0x4E, 0x03, 0xC6, 0x7B, 0x0E, 0xBE, 0x13, 0x20,
    0xDB, 0x54, 0x80, 0xB3, 0x3E, 0xDE, 0x0C, 0x36, 0x08, 0x92, 0x51, 0xD4, 0x62, 0x40, 0xF5, 0x99,
    0x0E, 0x95, 0xC5, 0x10, 0x90, 0x73, 0x04, 0x28, 0xD3, 0x8B, 0x5F, 0xB3, 0xB8, 0x3C, 0x3E, 0xB7,
    0xB8, 0x5C, 0x5B, 0xD4, 0x92, 0x91, 0x8D, 0xDB, 0xB1, 0xDD, 0xB7, 0x60, 0xD8, 0xEE, 0x9F, 0x3F,
    0x1E, 0x87, 0x8C, 0xB3, 0x0A, 0x31, 0x6E, 0xEC, 0xC1, 0xD7, 0x48, 0x20, 0x8B, 0x0D, 0x4E, 0x5F,
    0xB0, 0xC2, 0xC3, 0x0B, 0xB4, 0x80, 0x82, 0x22, 0x16, 0x64, 0x41, 0x01, 0x59, 0x08, 0x70, 0xC3,
    0xE6, 0x12, 0x7B, 0x16, 0x6C, 0xD7, 0x0C, 0xE0, 0x0B, 0xB8, 0x07, 0x6D, 0x80, 0x16, 0x38, 0xE0,
    0x60, 0x27, 0x87, 0x2C, 0x64, 0x61, 0x05, 0xB8, 0xD1, 0xA3, 0xC0, 0x75, 0x9A, 0x2E, 0x04, 0x17,
    0x9C, 0xFB, 0x4F, 0xC0, 0x5C, 0xD0, 0x5E, 0x18, 0x52, 0x10, 0x2F, 0xA8, 0x43, 0x90, 0xB6, 0x30,
    0xA3, 0xA3, 0x6F, 0x84, 0x17, 0x14, 0xED, 0x70, 0x20, 0xEF, 0xD3, 0x20, 0x07, 0xA2, 0x30, 0x81,
    0x64, 0x68, 0x04, 0x14, 0x03, 0x41, 0x2C, 0x38, 0xA0, 0xB4, 0xD0, 0x61, 0xDD, 0x50, 0x14, 0x64,
    0xE1, 0xB8, 0xB9, 0xC1, 0xC7, 0xFD, 0xB9, 0x14, 0x0B, 0x56, 0x40, 0x6C, 0x57, 0x6F, 0xEC, 0x4B,
    0x92, 0x5D, 0x60, 0x23, 0xBB, 0xC0, 0x05, 0x5C, 0xD0, 0x32, 0x83, 0xE3, 0xEA, 0x41, 0x40, 0x36,
    0x1C, 0x99, 0xB9, 0x31, 0x55, 0x47, 0x9F, 0x21, 0xC0, 0xF3, 0x2C, 0xE3, 0x82, 0x4A, 0x41, 0x16,
    0x62, 0xC1, 0x0B, 0xD4, 0xB0, 0x02, 0x9B, 0xEE, 0xAB, 0xEA, 0x24, 0xBE, 0x0D, 0x72, 0xF0, 0x80,
    0x6D, 0xC3, 0x14, 0x85, 0x58, 0xB8, 0x55, 0x8E, 0xF8, 0x74, 0x11, 0x8A, 0x5D, 0x84, 0xEA, 0x00,
    0x2D, 0xB9, 0x96, 0x1D, 0xB1, 0x09, 0xB4, 0x94, 0x7B, 0x18, 0x1B, 0x4F, 0x66, 0xFA, 0x1E, 0x33,
    0xC8, 0xA1, 0x5B, 0x42, 0x86, 0xE8, 0xB5, 0x91, 0x69, 0x3D, 0xAE, 0x69, 0x8F, 0xB7, 0xA4, 0x37,
    0x09, 0xB8, 0xA4, 0x36, 0xC9, 0xDE, 0x7F, 0x51, 0xB1, 0xE1, 0x4C, 0xBF, 0xD1, 0x8A, 0x3D, 0x92,
    0xF6, 0x18, 0x72, 0x63, 0x80, 0xB1, 0xA8, 0x45, 0x3F, 0x04, 0x39, 0xDA, 0xFF, 0x9B, 0x01, 0x70,
    0x53, 0xB1, 0xE9, 0xF7, 0x5C, 0x6F, 0x9A, 0xF5, 0xC1, 0x70, 0x8A, 0xCC, 0xD0, 0x0F, 0x65, 0xF8,
    0x6B, 0x9A, 0x10, 0xDE, 0xA9, 0x77, 0x99, 0x58, 0xC6, 0x66, 0x35, 0x19, 0x1B, 0xE0, 0x1D, 0x16,
    0x88, 0x0E, 0x0C, 0x08, 0x5B, 0x4F, 0x8A, 0x27, 0x04, 0x99, 0x6D, 0x99, 0xAB, 0x1E, 0x44, 0x1B,
    0xD5, 0x65, 0x42, 0x96, 0x21, 0x97, 0x9E, 0x82, 0xC5, 0x94, 0xEB, 0x20, 0xC3, 0x14, 0x48, 0xD0,
    0x36, 0x0B, 0x7E, 0xA5, 0xF8, 0xDC, 0xAE, 0xD3, 0x49, 0x99, 0x70, 0xDD, 0x37, 0x77, 0x4F, 0xAC,
    0xE4, 0x3B, 0x44, 0x77, 0x22, 0x48, 0xDC, 0xAA, 0x76, 0xDB, 0x91, 0x9A, 0xDD, 0xC3, 0xEF, 0xB7,
    0x65, 0x2B, 0x38, 0x8D, 0xE3, 0xD0, 0x73, 0x84, 0xC6, 0x1F, 0x49, 0x9A, 0xBF, 0xB1, 0x48, 0x64,
    0x5A, 0xF3, 0xB4, 0x03, 0x2F, 0x57, 0x44, 0x33, 0x6E, 0x2B, 0x62, 0xE8, 0x45, 0x0C, 0xA9, 0xA8,
    0x37, 0x4E, 0x29, 0x8C, 0xCD, 0x53, 0xCB, 0xD3, 0x9A, 0xFD, 0xBD, 0x65, 0x28, 0x0E, 0xC1, 0x9B,
    0x94, 0x06, 0xF1, 0xC5, 0x70, 0x7A, 0x18, 0x7C, 0x91, 0xDE, 0x9B, 0x0F, 0xE7, 0x87, 0xED, 0xB3,
    0xFD, 0xAC, 0xBC, 0x28, 0x8B, 0x1E, 0x6C, 0x0A, 0x77, 0x86, 0xE2, 0xDD, 0x18, 0x52, 0xD4, 0x62,
    0xE2, 0x62, 0x20, 0x4E, 0x1B, 0x37, 0x67, 0xC1, 0xE1, 0x03, 0x72, 0x7A, 0x82, 0x91, 0x0D, 0xD8,
    0x38, 0x33, 0x07, 0x93, 0x72, 0x31, 0x50, 0xE8, 0x86, 0x0C, 0x04, 0x88, 0xC6, 0x6D, 0x74, 0xD0,
    0xB8, 0x38, 0x80, 0x9C, 0x55, 0xA2, 0x93, 0xB3, 0x1B, 0x0A, 0xD0, 0x40, 0x9E, 0x7E, 0xAA, 0x1F,
    0x80, 0x82, 0x1E, 0xC4, 0x38, 0x59, 0x8D, 0x1D, 0x7C, 0x12, 0xF4, 0x2E, 0x43, 0x07, 0xCF, 0x37,
    0xB3, 0xF0, 0x03, 0x45, 0x2E, 0x6E, 0x25, 0x74, 0x97, 0x03, 0xC3, 0x5C, 0x25, 0xE8, 0x2E, 0x1B,
    0x71, 0xB7, 0x4B, 0x6A, 0x93, 0xD2, 0xFC, 0xA7, 0x3C, 0x27, 0xC4, 0xE8, 0x6B, 0x9F, 0x13, 0xDA,
    0x0B, 0x97, 0x6E, 0x17, 0xFF, 0xCA, 0x76, 0x7A, 0xC4, 0x77, 0xFD, 0xD6, 0x96, 0xE5, 0x74, 0x8F,
    0xDB, 0x11, 0xD3, 0x87, 0xA6, 0xB3, 0x33, 0xC5, 0x73, 0x26, 0xD1, 0x18, 0xC8, 0x42, 0xDC, 0x10,
    0x01, 0xA7, 0x50, 0x38, 0x3B, 0xE7, 0x0C, 0x10, 0x1F, 0x07, 0x9E, 0x18, 0x66, 0xEC, 0x6E, 0xBD,
    0xC0, 0xB6, 0xDB, 0x36, 0x57, 0x00, 0x1E, 0x85, 0x77, 0xBF, 0xE6, 0xA5, 0xB8, 0xCF, 0x97, 0x26,
    0xF1, 0x14, 0x94, 0x0A, 0xD2, 0xEE, 0x99, 0xEA, 0xB8, 0x3D, 0xC3, 0x98, 0xDC, 0xA6, 0xBF, 0xB0,
    0x09, 0x8B, 0xDD, 0x84, 0xA5, 0x35, 0x00, 0x70, 0x03, 0x17, 0x74, 0xC0, 0x80, 0x28, 0x10, 0x97,
    0x04, 0xE8, 0xBE, 0x3D, 0x70, 0x64, 0x4B, 0x0A, 0xB6, 0xED, 0xEF, 0xCF, 0x54, 0xE2, 0x18, 0x4D,
    0x3A, 0x1D, 0xD3, 0x77, 0x8D, 0x31, 0x73, 0x77, 0xFA, 0xD1, 0x18, 0x19, 0x64, 0x9B, 0xB9, 0xCF,
    0xB8, 0x9B, 0xFE, 0x26, 0x63, 0x9B, 0xFE, 0x8A, 0x7E, 0x34, 0x06, 0xE9, 0x21, 0xFA, 0xF6, 0x79,
    0x99, 0x5C, 0x9F, 0x6D, 0xFC, 0x4C, 0xE9, 0x98, 0x1F, 0x9C, 0x52, 0x7C, 0xC3, 0x94, 0xE4, 0x69,
    0x4A, 0xE9, 0x63, 0x76, 0x40, 0x8F, 0xE1, 0x67, 0x83, 0x6D, 0x7A, 0xD1, 0xC6, 0xE8, 0xE5, 0xCA,
    0x4C, 0x2B, 0xE5, 0x92, 0x91, 0xB1, 0xB3, 0xD1, 0x11, 0xA3, 0x35, 0x3F, 0x38, 0x24, 0x34, 0xA3,
    0x64, 0xC0, 0x44, 0xFB, 0xD0, 0x0F, 0x8D, 0x0E, 0xF9, 0xA2, 0x35, 0xB3, 0x23, 0x2E, 0xA3, 0x99,
    0xD0, 0x76, 0x40, 0x11, 0x43, 0x32, 0x41, 0xD9, 0xCD, 0xD8, 0x94, 0xB2, 0x0E, 0xA1, 0x2C, 0x66,
    0x06, 0x2D, 0x5A, 0xF1, 0x8B, 0xF9, 0x25, 0x3F, 0xB4, 0xE2, 0x8B, 0xB7, 0x36, 0xFC, 0xBA, 0xD2,
    0x53, 0x2B, 0xAE, 0x09, 0x50, 0xA6, 0x03, 0xCE, 0x01, 0x00, 0x0D, 0x3D, 0xE0, 0x3B, 0x34, 0xB3,
    0xF1, 0xE2, 0x79, 0x24, 0x36, 0x4E, 0x16, 0x72, 0xA4, 0xF5, 0x65, 0x0A, 0xD3, 0xB6, 0xD1, 0x78,
    0x50, 0x73, 0xD6, 0x97, 0x65, 0x19, 0x0A, 0xA8, 0x75, 0xE0, 0x8C, 0xEF, 0xC7, 0x00, 0x64, 0x53,
    0xC6, 0x7C, 0x1B, 0x9E, 0x3D, 0xB2, 0x6D, 0x76, 0x25, 0x63, 0xDC, 0xCD, 0xAE, 0x67, 0xC7, 0xEC,
    0xF5, 0xAC, 0xA0, 0x89, 0x6B, 0x76, 0xEC, 0x5E, 0x72, 0x47, 0xC5, 0x34, 0x3B, 0x94, 0xB9, 0xAB,
    0x9E, 0x1A, 0x15, 0xC0, 0xB6, 0x63, 0x6E, 0xE3, 0x9E, 0x2A, 0x38, 0xDB, 0x5D, 0x5D, 0x50, 0xA4,
    0x60, 0xA7, 0x84, 0x9E, 0x1C, 0x74, 0x7A, 0x58, 0x3D, 0x99, 0xA9, 0xFD, 0x9E, 0x11, 0x14, 0xEA,
    0xBC, 0x43, 0x4D, 0xD1, 0x32, 0x29, 0x05, 0xF8, 0x26, 0x45, 0x20, 0xA1, 0xF4, 0x06, 0x4D, 0x06,
    0x87, 0x02, 0xA0, 0xE8, 0xAB, 0x72, 0x8E, 0xCB, 0xE3, 0xB6, 0x47, 0xF3, 0x08, 0xB0, 0xA6, 0x69,
    0xB0, 0x69, 0x8F, 0x3B, 0x92, 0x67, 0x99, 0xEC, 0x1F, 0xBE, 0x22, 0xC1, 0x19, 0x3B, 0xD3, 0x3A,
    0x90, 0x09, 0x0A, 0x35, 0x5E, 0xC7, 0x2D, 0x48, 0x74, 0x3F, 0x5A, 0x44, 0x1F, 0x5A, 0xE2, 0x65,
    0xFB, 0x98, 0xEF, 0x3B, 0xA0, 0xED, 0xBE, 0xBE, 0xE2, 0xF3, 0x66, 0x53, 0xEC, 0xBF, 0x9B, 0x4B,
    0xDC, 0x0B, 0xB4, 0x16, 0xB5, 0x6F, 0xE5, 0x14, 0x7E, 0xC0, 0x66, 0x9B, 0x6D, 0x84, 0x91, 0xBA,
    0x23, 0xC3, 0xC9, 0xF5, 0xEE, 0xAF, 0x7B, 0x7E, 0x7D, 0xF2, 0x99, 0xA2, 0x98, 0xFE, 0xF1, 0xBE,
    0x3A, 0x3C, 0xCE, 0xA6, 0xDB, 0x5E, 0xCA, 0x3B, 0x06, 0x8E, 0xF6, 0xBC, 0xCE, 0x7D, 0x4D, 0x4F,
    0xE5, 0x1C, 0x10, 0xA4, 0xFF, 0x5D, 0x21, 0x14, 0x06, 0x36, 0x99, 0xCA, 0x1D, 0xDB, 0xCC, 0x4D,
    0x7B, 0x9B, 0xCC, 0xB8, 0x19, 0x72, 0x69, 0x63, 0xCB, 0xE8, 0x18, 0x19, 0xD3, 0x4D, 0x25, 0xD2,
    0xCB, 0x04, 0xD2, 0x18, 0x1C, 0x58, 0x36, 0x83, 0x2C, 0x6F, 0x9B, 0x7A, 0x81, 0x74, 0xA4, 0x51,
    0xAF, 0xFB, 0x39, 0x8D, 0xBC, 0x33, 0x20, 0x4E, 0x53, 0x64, 0xF0, 0xD1, 0x49, 0x59, 0xE7, 0xB9,
    0x5B, 0xC0, 0xA3, 0x57, 0xF1, 0xA4, 0xF0, 0x16, 0x3F, 0x0C, 0x9C, 0xD8, 0x9F, 0x1F, 0x1E, 0x77,
    0x1A, 0xB6, 0x79, 0x5E, 0x9C, 0x48, 0x0A, 0x30, 0x39, 0x98, 0x0D, 0x9A, 0x18, 0xB1, 0x41, 0x96,
    0xAE, 0x0E, 0x0F, 0xA5, 0xA6, 0x62, 0x56, 0x67, 0x83, 0x67, 0x67, 0x90, 0x0B, 0xE3, 0x90, 0x86,
    0x00, 0x32, 0x08, 0x20, 0x0E, 0x9E, 0xD7, 0x5D, 0x36, 0xF6, 0xCE, 0x29, 0x92, 0x02, 0xD4, 0x08,
    0x0E, 0x70, 0xB0, 0x80, 0xA5, 0x20, 0x51, 0x88, 0x50, 0x86, 0xBB, 0x32, 0xB9, 0x0B, 0x93, 0x15,
    0x98, 0x0A, 0x4A, 0x1E, 0x1C, 0x64, 0x41, 0x05, 0x27, 0x5F, 0x30, 0xB6, 0xD3, 0x90, 0xBE, 0xF2,
    0x4F, 0xA6, 0xB5, 0x8E, 0x7F, 0xFA, 0xEE, 0x31, 0xD2, 0x7D, 0x7F, 0xF7, 0xF5, 0x46, 0xC6, 0x27,
    0xA6, 0x5F, 0xC7, 0xF5, 0xC7, 0xF5, 0x4A, 0x56, 0xF6, 0x6D, 0xF6, 0x0F, 0x39, 0xC8, 0xD9, 0x4F,
    0xC9, 0x7A, 0xDE, 0x6F, 0x69, 0x9D, 0x6B, 0x9F, 0xEB, 0x8F, 0xE3, 0x35, 0x20, 0x9E, 0x48, 0xEB,
    0xA1, 0x11, 0x23, 0xF2, 0x96, 0xDE, 0x14, 0x5C, 0xEA, 0xEB, 0x68, 0x1A, 0x73, 0x3E, 0x75, 0x2D,
    0x72, 0xD3, 0xE4, 0xD2, 0x40, 0x26, 0x85, 0xB2, 0x81, 0x5F, 0xED, 0x4C, 0xCF, 0xA9, 0xF8, 0x4B,
    0xD3, 0x29, 0xBD, 0x4B, 0x9F, 0xD1, 0x23, 0x1F, 0xE9, 0xF4, 0xC6, 0x6F, 0x0F, 0x67, 0xA7, 0x7F,
    0x23, 0x8A, 0x5E, 0xB4, 0x62, 0x97, 0x60, 0xB8, 0x82, 0x8D, 0x9E, 0x28, 0x53, 0x3A, 0x9B, 0x53,
    0x34, 0xEF, 0x74, 0xC8, 0x6E, 0x2F, 0xEC, 0x82, 0x02, 0x31, 0x88, 0x05, 0x07, 0x84, 0x1A, 0x56,
    0xE0, 0x06, 0x0A, 0x5A, 0x50, 0x59, 0x88, 0x02, 0xFB, 0x81, 0x2D, 0xFC, 0x7F, 0xBD, 0x7B, 0x9C,
    0x2E, 0x36, 0xD1, 0x1F, 0xFE, 0x74, 0xAF, 0x38, 0xE5, 0x79, 0xA7, 0x28, 0x4D, 0xB0, 0x87, 0x82,
    0x27, 0x1D, 0x14, 0x04, 0x4E, 0x16, 0x0D, 0x72, 0xBE, 0x60, 0x0D, 0x85, 0x92, 0x25, 0xF4, 0xED,
    0xD1, 0xB5, 0x7D, 0x62, 0xE8, 0x33, 0x5B, 0x83, 0x8D, 0x58, 0x70, 0x68, 0xD7, 0x40, 0x29, 0xEA,
    0x5E, 0x88, 0x9C, 0x00, 0x45, 0xC9, 0x47, 0x1C, 0x73, 0xBF, 0x21, 0x13, 0x8D, 0xD3, 0x36, 0x58,
    0x82, 0xEC, 0x1B, 0xF3, 0x41, 0xFB, 0x7F, 0xE7, 0x83, 0xA8, 0xE3, 0x63, 0x9B, 0x62, 0x2F, 0x62,
    0xB4, 0xBF, 0x73, 0x6A, 0x5E, 0x2E, 0x29, 0x60, 0xAF, 0x9F, 0xA8, 0x18, 0x64, 0xDF, 0x1F, 0x15,
    0xCB, 0x6E, 0x52, 0x20, 0xE1, 0xAC, 0x94, 0xC8, 0xD0, 0x14, 0xA8, 0x73, 0xC8, 0x2F, 0x1B, 0x5F,
    0x5D, 0x7D, 0xFB, 0x03, 0x34, 0xB4, 0x43, 0xB0, 0x5D, 0xB9, 0x31, 0xE3, 0xF9, 0x51, 0xE0, 0xEC,
    0x93, 0x06, 0x39, 0x35, 0x8F, 0x86, 0xDD, 0xB5, 0x64, 0x8F, 0xA9, 0x64, 0xF7, 0x80, 0x8E, 0x01,
    0x00, 0xE7, 0x34, 0xB8, 0x66, 0x14, 0x90, 0x54, 0xD0, 0xBE, 0x17, 0xB2, 0x86, 0x42, 0x77, 0x08,
    0x72, 0x16, 0x28, 0x8D, 0x3F, 0xBD, 0x5F, 0xDA, 0x97, 0x0B, 0x28, 0x12, 0x32, 0x15, 0x73, 0xF4,
    0xDC, 0x17, 0x94, 0xA0, 0x69, 0xFC, 0x76, 0x4A, 0x97, 0x00, 0xB2, 0x86, 0xCF, 0xA7, 0x97, 0x5B,
    0xC6, 0x96, 0x89, 0x8C, 0xD9, 0x7B, 0x20, 0xEB, 0xAC, 0xC0, 0xEF, 0xC1, 0x33, 0x29, 0x59, 0x08,
    0x30, 0xC3, 0x0B, 0x59, 0xD0, 0x82, 0x2A, 0x5D, 0x90, 0x42, 0x08, 0x0A, 0x81, 0x20, 0xEF, 0x16,
    0xDD, 0xA7, 0x9E, 0x65, 0xEC, 0x42, 0xDF, 0xBE, 0x3A, 0x5A, 0xC7, 0xF1, 0xDB, 0x12, 0x9F, 0xAD,
    0x85, 0x3A, 0xA0, 0x60, 0x24, 0xF4, 0xEC, 0x1F, 0x9E, 0x76, 0x64, 0x3E, 0x3F, 0xDC, 0x57, 0x40,
    0xC9, 0x76, 0x01, 0xFC, 0x79, 0x63, 0xDE, 0x96, 0x08, 0x67, 0xE0, 0xAF, 0xFB, 0x8A, 0x7B, 0xA4,
    0xAD, 0x7A, 0xC1, 0xF9, 0x5C, 0x2B, 0x6E, 0xEB, 0xF7, 0x65, 0xBD, 0x7A, 0xB9, 0xBB, 0xF1, 0x28,
    0xA9, 0x97, 0x76, 0x8E, 0xBB, 0x37, 0xA2, 0xF3, 0xF9, 0xD1, 0x7E, 0xF0, 0x75, 0x0D, 0xD1, 0xF4,
    0x4C, 0xFF, 0x50, 0x43, 0xB8, 0x6B, 0x08, 0xD4, 0x28, 0x93, 0x23, 0xD8, 0xB0, 0xCF, 0xB9, 0x88,
    0xCE, 0xAF, 0xC6, 0x3B, 0x3E, 0x7D, 0x93, 0x26, 0x76, 0xA3, 0x01, 0xE0, 0x53, 0xAF, 0x64, 0x65,
    0xFF, 0x13, 0xAE, 0x8A, 0x44, 0x7C, 0xFE, 0xE5, 0xEB, 0x7F, 0x37, 0x83, 0x9D, 0x52, 0x37, 0x9F,
    0x09, 0x6E, 0x7C, 0xF5, 0x9B, 0xDB, 0x53, 0x22, 0x1D, 0x0F, 0x47, 0xDA, 0xDE, 0x06, 0x39, 0x04,
    0x0F, 0x4D, 0x17, 0xA1, 0xE3, 0xB2, 0xA6, 0x26, 0x20, 0xC8, 0xF4, 0x62, 0x50, 0xE0, 0x3A, 0x1C,
    0x82, 0xB3, 0x91, 0x36, 0x6F, 0x17, 0xC9, 0xD3, 0xDA, 0x93, 0x00, 0xE7, 0x79, 0x6C, 0xC5, 0xEB,
    0xC7, 0x56, 0x0C, 0xF7, 0x2E, 0x51, 0x46, 0x33, 0xA1, 0xFD, 0x67, 0x72, 0x63, 0x5C, 0x34, 0x45,
    0xF4, 0x74, 0x1D, 0xF8, 0x6C, 0x4C, 0xFE, 0xFD, 0x8A, 0x49, 0xE7, 0xF8, 0x9E, 0x98, 0x24, 0xBF,
    0xC7, 0xDE, 0xFE, 0xFC, 0x78, 0xDF, 0xC9, 0xF7, 0xB5, 0x2E, 0x3F, 0xAD, 0x1F, 0xBE, 0xBF, 0xAD,
    0xF4, 0x8F, 0x6F, 0x2B, 0x7F, 0x77, 0x87, 0xF2, 0x53, 0x6E, 0x68, 0x0F, 0xFE, 0xF1, 0x1D, 0x4C,
    0x2C, 0x92, 0x8F, 0xB1, 0x36, 0xFC, 0xD2, 0xA0, 0x8D, 0x96, 0xE1, 0x31, 0xEA, 0x85, 0x63, 0x66,
    0xFF, 0x17, 0xEF, 0x53, 0xED, 0xCA, 0x58, 0x99, 0x87, 0x4F, 0xC6, 0x74, 0x6E, 0x07, 0xB8, 0xB6,
    0x0B, 0x62, 0xDA, 0x96, 0xF0, 0x32, 0x8E, 0x74, 0xF4, 0x88, 0x53, 0xAC, 0x14, 0xD7, 0x9E, 0x76,
    0xF3, 0x43, 0xB5, 0x16, 0x30, 0x16, 0x4F, 0x6B, 0x34, 0x07, 0x25, 0x7C, 0x91, 0x8A, 0xAC, 0x64,
    0x10, 0x61, 0x2E, 0x06, 0x33, 0xA0, 0xCE, 0x52, 0x34, 0x3E, 0x6B, 0x05, 0x81, 0xA3, 0xCC, 0x5C,
    0x7A, 0xB1, 0x21, 0xE3, 0x7B, 0x33, 0x26, 0xED, 0xBC, 0x1B, 0xFD, 0xF8, 0x5E, 0x94, 0xAE, 0xCD,
    0x18, 0x80, 0x2C, 0x31, 0x59, 0xBB, 0xF8, 0xF6, 0xD6, 0x09, 0x91, 0x16, 0xBD, 0x69, 0x37, 0xF6,
    0x6A, 0xD3, 0x45, 0x2B, 0xEE, 0xA8, 0x27, 0x93, 0x66, 0x6C, 0x92, 0xF1, 0x62, 0xE6, 0xB5, 0xE3,
    0x21, 0xB3, 0x16, 0xCE, 0x36, 0x08, 0xC7, 0x04, 0xDF, 0xFD, 0x3F, 0x6A, 0x90, 0xDF, 0x0D, 0xDB,
    0x32, 0x36, 0x66, 0xB6, 0xDE, 0x78, 0xCC, 0x64, 0xA4, 0x63, 0x70, 0x37, 0x7A, 0x19, 0xDE, 0xC6,
    0x3A, 0x6E, 0x38, 0xE0, 0x73, 0xF1, 0x65, 0xA0, 0x69, 0x1D, 0x0D, 0x4E, 0x46, 0x19, 0x64, 0xEC,
    0xD2, 0xA3, 0x6D, 0x44, 0x01, 0x0B, 0xEB, 0x72, 0xDA, 0x20, 0x07, 0x1A, 0xD2, 0x80, 0xCF, 0x82,
    0xB1, 0x53, 0xFA, 0xED, 0x69, 0x27, 0xEA, 0x80, 0xA5, 0xA0, 0x3A, 0x2B, 0xE8, 0xF4, 0x45, 0x3B,
    0xC3, 0x72, 0xE3, 0xED, 0xCD, 0xA0, 0xDC, 0x91, 0x46, 0x86, 0x58, 0x70, 0x25, 0xA3, 0x05, 0x36,
    0x21, 0x67, 0x14, 0x74, 0x1A, 0x8D, 0xC0, 0xAE, 0x62, 0x39, 0xA2, 0xB7, 0x35, 0x82, 0x4D, 0xC2,
    0xA1, 0xE9, 0x2D, 0x32, 0x8D, 0xDE, 0xD7, 0x5B, 0xA6, 0x87, 0xF3, 0x12, 0x99, 0x6B, 0x49, 0xD8,
    0x3C, 0x26, 0x00, 0x0B, 0xE7, 0xA4, 0xA2, 0x6F, 0xB2, 0xB4, 0x5B, 0x74, 0x51, 0x9A, 0x71, 0x3A,
    0xD3, 0xCE, 0xC4, 0x3C, 0x34, 0xAE, 0x6B, 0xB2, 0x29, 0xB3, 0x31, 0xA4, 0x19, 0xDD, 0xD1, 0xB9,
    0x16, 0xC9, 0xA5, 0xD8, 0x53, 0x17, 0x46, 0x31, 0x66, 0xF2, 0x3D, 0xFB, 0x79, 0x42, 0xB6, 0x06,
    0x25, 0xD8, 0xE8, 0xAD, 0xC0, 0x8D, 0x19, 0xCD, 0xEE, 0x6E, 0x7F, 0x7F, 0x14, 0x1E, 0x0F, 0x93,
    0x75, 0x27, 0xA2, 0xFC, 0xF0, 0x90, 0x85, 0x60, 0xF8, 0xBB, 0x17, 0xE6, 0x87, 0x74, 0xE3, 0x7E,
    0xAB, 0xD7, 0xD3, 0x3E, 0xE1, 0x34, 0xD1, 0x14, 0x93, 0xA2, 0xE2, 0x5E, 0xE1, 0x0C, 0x50, 0x66,
    0x07, 0x82, 0x3B, 0x93, 0xE8, 0x21, 0x9B, 0x62, 0x51, 0x8A, 0x8A, 0x61, 0x14, 0xA5, 0x19, 0x4D,
    0xF0, 0x54, 0xA9, 0x02, 0x67, 0x9E, 0x57, 0x0E, 0x0A, 0xE0, 0xA4, 0x5D, 0xCE, 0xD8, 0x5B, 0x97,
    0x21, 0x8C, 0xE5, 0x13, 0x23, 0x2B, 0xCC, 0x63, 0x16, 0x0A, 0x7A, 0x1E, 0xC1, 0x20, 0x94, 0x1D,
    0xA3, 0x4F, 0xC6, 0x77, 0xAE, 0x9E, 0xD4, 0x32, 0x33, 0x28, 0x33, 0x53, 0x05, 0xF3, 0x54, 0xFA,
    0xBC, 0xAF, 0x93, 0x3D, 0x99, 0x87, 0x77, 0x8D, 0xA4, 0x65, 0x66, 0x1F, 0x88, 0x11, 0x93, 0x61,
    0xBD, 0x0D, 0x6D, 0x63, 0x0C, 0x85, 0x70, 0x9B, 0x60, 0xD3, 0x65, 0x16, 0x74, 0x36, 0x18, 0x9C,
    0x2C, 0x9B, 0x9A, 0x69, 0xF3, 0xD7, 0xFD, 0x43, 0x2F, 0xD2, 0xC3, 0xC1, 0xA0, 0x7D, 0x59, 0xBF,
    0x0A, 0x37, 0x79, 0x74, 0x1B, 0xED, 0x0A, 0x19, 0x2A, 0x9C, 0x11, 0x42, 0x8B, 0x7D, 0xE7, 0xEF,
    0x4E, 0xE7, 0x0D, 0x8D, 0x2B, 0x20, 0xFF, 0xAB, 0xE6, 0x8A, 0x56, 0x5B, 0xD9, 0x79, 0xAE, 0x40,
    0xB7, 0x01, 0xBF, 0x4A, 0xE0, 0xBF, 0x35, 0xE8, 0xD5, 0x05, 0xBD, 0xFD, 0x21, 0xAF, 0x22, 0xE8,
    0xAD, 0x40, 0x1F, 0xA3, 0x65, 0xA5, 0x9A, 0x4C, 0x92, 0x36, 0xA7, 0x7B, 0xB7, 0xE7, 0xA4, 0xD1,
    0x52, 0xF6, 0x6E, 0x99, 0xD8, 0x1E, 0x8F, 0x65, 0x49, 0x4B, 0xC6, 0x1E, 0x8F, 0xF3, 0x22, 0x9E,
    0x39, 0xC6, 0x73, 0xCE, 0xF5, 0x01, 0xA9, 0xDD, 0x1B, 0xE7, 0x43, 0x07, 0x43, 0xD4, 0x73, 0xF3,
    0x5D, 0x18, 0xAB, 0x73, 0x4E, 0x24, 0xDF, 0xED, 0x0C, 0x16, 0xCD, 0x01, 0x33, 0x00, 0xAE, 0x29,
    0xA6, 0xFF, 0x40, 0x2E, 0x10, 0x0E, 0x0C, 0x43, 0xCA, 0xE4, 0x8B, 0x43, 0x5A, 0x73, 0x20, 0xF0,
    0x9D, 0x64, 0xED, 0x9E, 0x6C, 0x09, 0x26, 0x85, 0x27, 0x5D, 0x6A, 0xE8, 0xEE, 0x87, 0xEA, 0x47,
    0x0E, 0x3F, 0xF3, 0xFA, 0xE3, 0x29, 0x89, 0x98, 0x76, 0xBC, 0xA1, 0x0D, 0x8C, 0x71, 0x85, 0xCD,
    0xE9, 0xE8, 0xD7, 0x8D, 0x03, 0x3E, 0x0C, 0x0A, 0xD0, 0xCC, 0xE8, 0x70, 0x4D, 0xC1, 0x06, 0xC6,
    0x3A, 0x13, 0x0E, 0xF1, 0x80, 0xFA, 0xD3, 0xA1, 0x73, 0x03, 0xA7, 0x18, 0xC3, 0x48, 0x30, 0xE7,
    0xFC, 0x49, 0x3C, 0x00, 0x80, 0x86, 0x86, 0x55, 0x12, 0x59, 0x83, 0x38, 0x33, 0x33, 0xF5, 0xE0,
    0x98, 0x50, 0xC1, 0xDC, 0x20, 0x22, 0xA2, 0x41, 0xDE, 0xD7, 0x5D, 0x3A, 0x59, 0x8A, 0x59, 0x94,
    0x76, 0xFD, 0x23, 0x89, 0x1C, 0x3B, 0xF7, 0x46, 0x5B, 0xA8, 0x0A, 0x82, 0x2B, 0xF6, 0xB0, 0x57,
    0x3E, 0x1A, 0x3D, 0xE4, 0x95, 0x93, 0xD1, 0xB6, 0x56, 0xDA, 0x0A, 0xA7, 0x57, 0x60, 0xBE, 0x6D,
    0x99, 0x66, 0x25, 0x4A, 0xEF, 0xEC, 0x9B, 0x24, 0xA7, 0xEC, 0xF3, 0x7D, 0xD3, 0xB2, 0x1A, 0xE6,
    0xE0, 0x14, 0x11, 0xC4, 0x53, 0x84, 0xF0, 0x88, 0x97, 0xEB, 0x36, 0x06, 0x92, 0xAF, 0x63, 0x62,
    0xAE, 0x0E, 0x83, 0x20, 0x35, 0xCB, 0xC5, 0x9B, 0xE0, 0x64, 0xC7, 0x9C, 0x8B, 0xA7, 0xF7, 0x73,
    0xDD, 0x10, 0x42, 0x33, 0x59, 0x3B, 0x95, 0xF8, 0xDB, 0xDD, 0xC3, 0x84, 0x69, 0xE4, 0x9E, 0x9C,
    0x38, 0xA9, 0xD9, 0x6B, 0xAA, 0x5B, 0x7D, 0x50, 0xDC, 0x51, 0xCC, 0x21, 0xAF, 0x1D, 0x70, 0xEE,
    0x2A, 0xF1, 0x41, 0xC8, 0x77, 0x1F, 0x36, 0x75, 0xF3, 0x81, 0x6D, 0xA5, 0x75, 0x8A, 0x24, 0x32,
    0x16, 0x73, 0x4A, 0x47, 0xB9, 0x50, 0x23, 0x91, 0x1C, 0xAD, 0xCD, 0x89, 0xE7, 0x30, 0x27, 0x68,
    0x73, 0x44, 0x73, 0x4F, 0x87, 0xDE, 0x7E, 0x10, 0xA8, 0xEE, 0xBB, 0x2D, 0x1D, 0x56, 0x1F, 0xCA,
    0x45, 0x4F, 0x93, 0x1C, 0x91, 0x9A, 0x43, 0x14, 0x99, 0x3C, 0x2E, 0x6D, 0xB5, 0x4A, 0x97, 0x4E,
    0x0B, 0x9F, 0x1A, 0x39, 0xA0, 0xC1, 0xA5, 0x75, 0xD3, 0x3A, 0x2E, 0x9B, 0x4E, 0x93, 0x8B, 0x1C,
    0x55, 0x50, 0xCE, 0x7B, 0xCE, 0x0E, 0x78, 0x6A, 0x0E, 0xAD, 0xE6, 0x43, 0xB7, 0xC6, 0x8F, 0x9B,
    0x3E, 0x38, 0x94, 0xD8, 0xD2, 0x6D, 0xD5, 0x81, 0xF5, 0x03, 0xD9, 0x4F, 0xD9, 0xC7, 0xD0, 0xD1,
    0xA9, 0x3F, 0x94, 0xE0, 0x73, 0x03, 0x2F, 0xC0, 0x43, 0x7E, 0x04, 0x70, 0x08, 0x37, 0x08, 0x1A,
    0xF1, 0xEE, 0xC4, 0x15, 0x8F, 0xEC, 0x4B, 0x5C, 0x85, 0x15, 0x57, 0xCA, 0x7B, 0x68, 0x6E, 0xE1,
    0x4D, 0x08, 0x32, 0x71, 0xFD, 0x96, 0x26, 0xC7, 0xC6, 0x55, 0xA4, 0xA7, 0x96, 0xE8, 0x4A, 0x32,
    0x4E, 0xE4, 0xF0, 0x54, 0x1A, 0xBA, 0xA9, 0x0B, 0xF5, 0xD5, 0x95, 0x97, 0xEA, 0xB7, 0x13, 0x2F,
    0x0E, 0x04, 0x2D, 0xE2, 0x2D, 0xD7, 0xBA, 0x41, 0x1E, 0x18, 0x4B, 0x49, 0x95, 0x77, 0x0F, 0xAA,
    0x36, 0xB3, 0x5D, 0x4D, 0x28, 0xBF, 0xAA, 0x33, 0x5C, 0x18, 0x85, 0x0B, 0x73, 0x55, 0xDE, 0x15,
    0xB2, 0x47, 0x08, 0x6A, 0x85, 0xCA, 0xDA, 0x08, 0xE4, 0xED, 0xAC, 0xAC, 0xE3, 0x86, 0x92, 0xCF,
    0xF0, 0x3C, 0xFB, 0xC7, 0xED, 0x9B, 0x0D, 0x0D, 0x1D, 0xAA, 0x17, 0xA6, 0x77, 0x46, 0x13, 0x89,
    0xDD, 0x4E, 0xB2, 0x02, 0x73, 0x40, 0x21, 0x60, 0xB5, 0xB9, 0x67, 0x94, 0xCB, 0xD9, 0x01, 0xCE,
    0x4A, 0xE7, 0xB1, 0xAF, 0x9D, 0x02, 0xC7, 0xA5, 0xB3, 0xB7, 0x03, 0x6D, 0x3C, 0xD7, 0xD2, 0x55,
    0xAF, 0x7F, 0xA3, 0x93, 0xB7, 0xE7, 0x67, 0x32, 0x93, 0xB6, 0xE6, 0xFE, 0x80, 0x0B, 0x48, 0x2B,
    0xD9, 0x2E, 0xB6, 0x96, 0xB1, 0x0A, 0x7A, 0x7D, 0x8D, 0x67, 0x24, 0x25, 0x46, 0x2B, 0x1D, 0xFA,
    0x84, 0x28, 0x24, 0x1F, 0x29, 0x96, 0x81, 0x85, 0xF6, 0x18, 0x42, 0x5A, 0x1E, 0x1E, 0xE9, 0x08,
    0x50, 0x0F, 0xF4, 0x18, 0x6D, 0x5A, 0x57, 0x07, 0xD3, 0xDC, 0x41, 0xB0, 0xFC, 0x58, 0x6D, 0x2E,
    0x46, 0x99, 0x10, 0x23, 0x8A, 0x65, 0x00, 0x38, 0xD6, 0xAF, 0xDE, 0x9C, 0x06, 0x9D, 0xDB, 0x73,
    0x69, 0x44, 0x16, 0x61, 0x96, 0x3D, 0x90, 0xF0, 0xD0, 0xE9, 0x7E, 0x16, 0x9F, 0xD3, 0x38, 0xFD,
    0x4C, 0x17, 0xB7, 0xB6, 0xE5, 0xC0, 0xCC, 0xC7, 0x6B, 0x8E, 0xFA, 0xC0, 0xB4, 0x7B, 0x49, 0x71,
    0x82, 0xC2, 0x16, 0xE8, 0x79, 0x59, 0xD3, 0xB4, 0x1D, 0x74, 0xA6, 0x2F, 0xBD, 0x34, 0xF1, 0x9C,
    0xBD, 0xCB, 0x0E, 0xCC, 0x99, 0x1F, 0x58, 0x6D, 0xED, 0xC2, 0x8C, 0x5E, 0x79, 0xA1, 0x61, 0xA1,
    0xD5, 0xB0, 0x6A, 0x8F, 0x3E, 0x68, 0xCF, 0xF0, 0xFA, 0x10, 0x87, 0x9E, 0xDA, 0x5E, 0xB3, 0x76,
    0x7D, 0x86, 0x06, 0x05, 0x81, 0x6B, 0x2F, 0xA7, 0x20, 0x8B, 0xF9, 0x9A, 0x0F, 0x35, 0x4F, 0x08,
    0xF2, 0xE9, 0x38, 0x9C, 0xD0, 0x6A, 0x1A, 0x26, 0xD0, 0x41, 0xA9, 0x49, 0xBE, 0x3E, 0x9A, 0x2D,
    0x24, 0xCE, 0x70, 0x11, 0x96, 0xC7, 0x0A, 0x43, 0xAD, 0x70, 0x89, 0xD0, 0x8F, 0x53, 0xEF, 0xD7,
    0xA0, 0xA6, 0x1B, 0x87, 0x10, 0x5B, 0xFC, 0x88, 0x66, 0xDD, 0x76, 0x69, 0x5D, 0xCE, 0x40, 0xEC,
    0x06, 0x92, 0x01, 0xBB, 0x0C, 0xE1, 0x1B, 0x2B, 0x92, 0xB1, 0x6F, 0x96, 0x3E, 0x2E, 0xF6, 0xCE,
    0xF9, 0x3F, 0x6C, 0x70, 0x5E, 0x75, 0x08, 0x0D, 0x92, 0x4C, 0x4C, 0xF8, 0xF6, 0x29, 0x39, 0x45,
    0x9A, 0xE6, 0x95, 0xC4, 0x36, 0x50, 0x34, 0xEF, 0xB0, 0x19, 0x47, 0x2E, 0x19, 0xEE, 0xB1, 0x64,
    0xEC, 0xB0, 0x5E, 0x2D, 0x44, 0xD9, 0x23, 0x65, 0xC7, 0x34, 0x6F, 0x4A, 0x64, 0x0A, 0xC8, 0xC7,
    0x3C, 0x47, 0x88, 0x8A, 0x89, 0x1E, 0xDC, 0x27, 0xF2, 0x52, 0x29, 0x23, 0x7D, 0x15, 0x7B, 0x39,
    0x84, 0x24, 0xB7, 0x21, 0xA4, 0x8A, 0x3A, 0x27, 0x79, 0x4D, 0xC7, 0x83, 0x45, 0x20, 0x77, 0xDE,
    0x9E, 0x2B, 0xEB, 0xC4, 0xDB, 0xC9, 0x25, 0x32, 0x57, 0x24, 0x8D, 0x9C, 0xBF, 0xC2, 0xC9, 0xDC,
    0x45, 0xCD, 0x59, 0xC3, 0x87, 0x8A, 0x15, 0xC1, 0x7C, 0x31, 0x8D, 0x1E, 0x32, 0x32, 0x69, 0x0E,
    0x43, 0xE2, 0xD9, 0x0F, 0x89, 0x67, 0x3A, 0x24, 0x9E, 0x2D, 0xC3, 0x14, 0xC3, 0xF3, 0xFA, 0x2B,
    0xF1, 0xCC, 0x8A, 0x91, 0x27, 0xBD, 0xBD, 0xF6, 0xE1, 0x2B, 0x65, 0x4F, 0x8C, 0xFF, 0x4E, 0x31,
    0x80, 0x2F, 0xE9, 0x51, 0x7B, 0x0E, 0xE7, 0xF0, 0x2F, 0x07, 0xF5, 0xE9, 0xAB, 0xED, 0xC1, 0x90,
    0xEB, 0xD7, 0xDA, 0x13, 0x81, 0x37, 0xDB, 0xC3, 0x3B, 0xDE, 0x93, 0xF0, 0x24, 0xFB, 0x22, 0x8E,
    0xCF, 0x0B, 0x39, 0x44, 0x07, 0x8D, 0x36, 0xE3, 0x29, 0xA5, 0x13, 0x15, 0xCA, 0xDE, 0x41, 0x84,
    0xCE, 0x8C, 0x19, 0x2C, 0xA0, 0x70, 0x60, 0x98, 0x76, 0x63, 0x14, 0x24, 0x61, 0xC2, 0x2E, 0xE4,
    0x93, 0xE6, 0xA4, 0xE9, 0xF9, 0xB6, 0x3E, 0x5C, 0x6C, 0x67, 0x51, 0x09, 0x64, 0xA4, 0x8B, 0x1E,
    0x08, 0xD2, 0x66, 0xFE, 0x20, 0xD7, 0x90, 0x8A, 0xE1, 0x42, 0xB0, 0xA5, 0x82, 0xF7, 0xE3, 0x42,
    0xA9, 0x1C, 0x9E, 0x8A, 0x41, 0xE9, 0xA6, 0xFC, 0x7D, 0x53, 0x5B, 0x48, 0x8E, 0xD2, 0x47, 0x33,
    0x50, 0x73, 0x32, 0x18, 0x01, 0xB6, 0xB4, 0x17, 0xD7, 0x4C, 0x07, 0xB6, 0x56, 0xE3, 0x0D, 0x3B,
    0x39, 0x27, 0x87, 0xCA, 0xD7, 0x5D, 0x65, 0x89, 0x6C, 0xF0, 0x15, 0x44, 0x47, 0xD0, 0xE4, 0xD0,
    0x93, 0x90, 0x0F, 0x6F, 0xA4, 0x21, 0x13, 0x4A, 0xE5, 0x4D, 0x45, 0x2C, 0x85, 0x96, 0x69, 0x2A,
    0x4E, 0x25, 0x23, 0x15, 0x6A, 0x2E, 0xD8, 0x33, 0x1E, 0x1A, 0x36, 0x48, 0x9C, 0xF2, 0xA9, 0x3B,
    0x36, 0xA2, 0xB7, 0x05, 0xEA, 0xEF, 0xD4, 0x50, 0xD8, 0x9E, 0x03, 0xF2, 0x7F, 0xD8, 0x9B, 0xBD,
    0x4C, 0x65, 0x4A, 0x57, 0x17, 0xEF, 0xED, 0x1A, 0x23, 0xFF, 0xB9, 0xAA, 0x15, 0x5A, 0x46, 0xA4,
    0x57, 0x2B, 0x94, 0x3F, 0x92, 0x6E, 0xF6, 0x25, 0x67, 0x2D, 0x15, 0xE4, 0x3F, 0xD9, 0x16, 0x08,
    0xF9, 0x15, 0x04, 0x26, 0x75, 0x03, 0x18, 0x97, 0x1E, 0x0F, 0x01, 0xF0, 0x02, 0x54, 0x6C, 0x96,
    0x77, 0xE7, 0xE9, 0xD0, 0x67, 0x74, 0x57, 0x8A, 0x2D, 0x01, 0x2F, 0x5C, 0x8A, 0x51, 0xC3, 0xBA,
    0x52, 0x4A, 0xA1, 0x6B, 0x7B, 0x4A, 0x87, 0x67, 0xF8, 0x6E, 0xAF, 0xDE, 0x8D, 0xD8, 0x42, 0x37,
    0xB8, 0xD3, 0x2B, 0x40, 0xF5, 0x6A, 0x24, 0x64, 0xA4, 0xC1, 0x0B, 0x5A, 0xAF, 0xAA, 0x06, 0x03,
    0xB9, 0xB0, 0x37, 0xE3, 0xB7, 0xCD, 0xB9, 0x9C, 0x34, 0x2E, 0xF7, 0x1B, 0x3F, 0x65, 0x13, 0xA5,
    0xF9, 0xAE, 0xE4, 0xEF, 0x46, 0x6E, 0x4E, 0x76, 0x6C, 0xE8, 0x88, 0x0C, 0xAE, 0xBF, 0xBD, 0x32,
    0xFC, 0xFA, 0x64, 0xF8, 0x1D, 0xC0, 0xB7, 0x49, 0x42, 0xAB, 0x24, 0xE1, 0xD7, 0x46, 0x5F, 0x20,
    0xFB, 0x84, 0x1E, 0x3A, 0x90, 0x7C, 0x82, 0x2C, 0x1C, 0x8B, 0xFD, 0xFC, 0xA1, 0x9B, 0x0E, 0xBC,
    0x57, 0x07, 0x18, 0x6D, 0x4F, 0xA8, 0xF8, 0x4D, 0xEF, 0xC0, 0xBC, 0x3F, 0xD2, 0x92, 0x56, 0x39,
    0x48, 0x08, 0x09, 0x96, 0xC9, 0x56, 0xE4, 0x0B, 0x29, 0x3F, 0x3A, 0xAE, 0xF9, 0xB7, 0xFC, 0x36,
    0xF3, 0x02, 0x95, 0x95, 0x56, 0x19, 0x00, 0x36, 0xBA, 0x2D, 0xF4, 0xF0, 0xA7, 0x65, 0x24, 0xFB,
    0x0A, 0x12, 0x00, 0x91, 0x3C, 0x2D, 0x23, 0x09, 0xF5, 0x0D, 0x1E, 0x12, 0x95, 0x56, 0x1C, 0x68,
    0x6E, 0x72, 0x5B, 0x9B, 0x3A, 0x32, 0x85, 0x1E, 0x9D, 0xB7, 0x8A, 0xCD, 0x0F, 0xC4, 0x11, 0x7B,
    0x39, 0x1A, 0x96, 0xFC, 0x5E, 0x27, 0x6F, 0x68, 0x84, 0x37, 0x1F, 0xDF, 0x5A, 0xEF, 0x96, 0x4E,
    0xC8, 0xBE, 0x35, 0xA3, 0x06, 0x6C, 0xEF, 0x59, 0x78, 0xA0, 0x9B, 0xE1, 0x36, 0xB1, 0x16, 0xD4,
    0x04, 0x2C, 0x20, 0x32, 0xAC, 0xBB, 0x92, 0x40, 0x55, 0x78, 0x3C, 0x01, 0xBB, 0x3F, 0x37, 0x3C,
    0xCD, 0xF1, 0x51, 0x1A, 0x53, 0x0A, 0xD3, 0x61, 0xF5, 0x08, 0xDD, 0xE8, 0x0A, 0x0B, 0x69, 0x53,
    0x9B, 0x8C, 0x80, 0x0F, 0x17, 0x91, 0xAA, 0x6E, 0xDC, 0xD0, 0xA5, 0xF0, 0x20, 0xAA, 0xE0, 0xE2,
    0x4B, 0xCD, 0xAB, 0x82, 0x07, 0x4E, 0xEB, 0xE2, 0xB7, 0x1C, 0x78, 0x69, 0xC1, 0x2B, 0xE5, 0x66,
    0x0B, 0x8B, 0xED, 0xED, 0x3B, 0x44, 0xEF, 0x0A, 0x2B, 0xBF, 0x08, 0xC4, 0xB0, 0x04, 0x9C, 0xE8,
    0x40, 0xD3, 0x72, 0x64, 0x76, 0x1C, 0x80, 0xE2, 0x40, 0x25, 0x7E, 0xEC, 0xF5, 0xA5, 0x61, 0x86,
    0xE1, 0x19, 0x86, 0xCE, 0x12, 0x2B, 0xD0, 0x96, 0x4D, 0x0B, 0x55, 0xC2, 0x6F, 0xB1, 0xF8, 0x8C,
    0x64, 0x52, 0x5E, 0x14, 0x6C, 0xA5, 0x4C, 0x5C, 0x35, 0xB0, 0x05, 0x8D, 0x2B, 0x47, 0x26, 0x24,
    0x00, 0x77, 0x1A, 0xB6, 0x48, 0xDD, 0x8A, 0xB8, 0x06, 0xA8, 0x27, 0x98, 0x7E, 0xEC, 0x27, 0xDC,
    0x85, 0xF4, 0xDB, 0xC3, 0x27, 0x9B, 0x4F, 0xD6, 0xE9, 0xAC, 0xEE, 0x23, 0xC5, 0x7C, 0xBC, 0xD9,
    0xE4, 0x8B, 0x0A, 0xA7, 0x3D, 0x3B, 0x71, 0x20, 0xF8, 0xF0, 0xE7, 0x5C, 0x7E, 0xD6, 0x11, 0x01,
    0xB3, 0x3B, 0xE0, 0x8D, 0x94, 0x70, 0xBA, 0xBF, 0x8F, 0xDD, 0x7D, 0x6F, 0xEF, 0xD9, 0xD9, 0x30,
    0xE7, 0x0F, 0x53, 0x7A, 0x72, 0x1A, 0x76, 0x28, 0x58, 0xFA, 0x56, 0xB1, 0x12, 0x28, 0x3C, 0xC7,
    0xBF, 0xD7, 0x4D, 0x02, 0x5C, 0x4E, 0x0D, 0xE3, 0xCB, 0xE5, 0xF2, 0xEE, 0xC3, 0x39, 0xC8, 0x07,
    0xBC, 0x20, 0xFD, 0xA7, 0x8C, 0x4E, 0x76, 0x4B, 0xC4, 0x04, 0x6A, 0x68, 0x1F, 0xC8, 0x56, 0x41,
    0xA9, 0x62, 0x82, 0xCF, 0x14, 0x10, 0x1E, 0x8B, 0x05, 0x52, 0xC6, 0x83, 0xFD, 0x71, 0x2F, 0xBB,
    0xC1, 0xF6, 0x1B, 0xD6, 0xFC, 0x26, 0x72, 0x13, 0x2E, 0x1F, 0x8F, 0xC2, 0xE5, 0x4F, 0x9D, 0x0B,
    0xDC, 0x42, 0x49, 0x41, 0xEF, 0x47, 0x0A, 0xFA, 0xCC, 0x9B, 0xBC, 0x59, 0xDA, 0xA5, 0x34, 0x4B,
    0x51, 0x77, 0xEA, 0x54, 0xC5, 0xCD, 0x77, 0xDB, 0x2F, 0x48, 0x6A, 0x83, 0xCC, 0x51, 0xD7, 0x54,
    0xF9, 0x70, 0x50, 0xAF, 0xA7, 0x8B, 0x28, 0xAE, 0x7D, 0xC1, 0x23, 0x51, 0xE3, 0x81, 0x6B, 0xEB,
    0xE1, 0xBA, 0x3F, 0x53, 0xD0, 0x25, 0xB9, 0x5D, 0x7C, 0x6E, 0x97, 0xD2, 0x20, 0x1A, 0x66, 0x12,
    0x4D, 0xC1, 0x26, 0x66, 0xD8, 0x12, 0xC5, 0xE4, 0x74, 0xEB, 0xE1, 0xE4, 0x2C, 0x87, 0x75, 0x1A,
    0x77, 0x67, 0x74, 0xC0, 0x9E, 0x85, 0xCD, 0x84, 0x9E, 0x86, 0xD9, 0x5B, 0x60, 0xCF, 0xB6, 0x16,
    0xB4, 0xDA, 0xB2, 0x04, 0x05, 0xF4, 0xDA, 0x32, 0xC0, 0xF5, 0xFA, 0xBD, 0xF2, 0x0E, 0x30, 0x00,
    0x12, 0x91, 0xF9, 0xDC, 0x91, 0x80, 0xA1, 0x28, 0x10, 0x22, 0x2B, 0x60, 0xAB, 0x3D, 0x19, 0x6B,
    0x02, 0x17, 0x58, 0x72, 0xEA, 0x3C, 0x34, 0x7D, 0xEA, 0x47, 0x94, 0xE0, 0x6C, 0x50, 0x0A, 0xE2,
    0x6E, 0x2E, 0x1F, 0x62, 0xB7, 0x25, 0x6B, 0x72, 0x01, 0x8D, 0x9D, 0xFD, 0xE1, 0x14, 0x36, 0x48,
    0x4D, 0x95, 0x92, 0x71, 0xA0, 0xF7, 0xFA, 0x5D, 0x7A, 0xEF, 0xBC, 0x43, 0xEF, 0x0D, 0xCC, 0xF6,
    0xA3, 0xBF, 0xFB, 0xBC, 0xED, 0x43, 0x6D, 0x0E, 0x36, 0x4F, 0x69, 0x6D, 0x0F, 0x70, 0xBD, 0x20,
    0x78, 0x2C, 0xFA, 0xB5, 0x0F, 0xF1, 0x9B, 0xB9, 0x89, 0x10, 0xE4, 0xA3, 0x9D, 0xDC, 0x33, 0x15,
    0xDA, 0x76, 0x37, 0x77, 0x96, 0x50, 0xEE, 0x14, 0xB7, 0x08, 0xE3, 0x08, 0xD0, 0xE7, 0xD1, 0xFE,
    0xF9, 0xD9, 0xD8, 0xF7, 0x6B, 0x95, 0x70, 0x8A, 0x2C, 0xCA, 0x1C, 0x2F, 0xCA, 0x1C, 0xBD, 0x46,
    0x99, 0xEB, 0xE5, 0xC2, 0x6F, 0x5E, 0xE5, 0xC2, 0x6B, 0x8F, 0xE8, 0x93, 0xF2, 0x11, 0xC9, 0xDD,
    0xFF, 0xF0, 0x6B, 0x8E, 0x97, 0x38, 0xFE, 0xBF, 0xA6, 0xED, 0x11, 0x2A, 0x06, 0xA1, 0xD8, 0xC0,
    0xE8, 0xCA, 0xCD, 0x08, 0x3E, 0x8C, 0x8C, 0xB8, 0xCB, 0xC4, 0xC3, 0x37, 0xCD, 0xD9, 0xD7, 0xB3,
    0xD0, 0x06, 0x09, 0x1D, 0xC4, 0x8E, 0x3D, 0x2D, 0xB5, 0xFE, 0x5C, 0x43, 0x0F, 0x49, 0x71, 0xC0,
    0x37, 0x7B, 0xF0, 0x60, 0xF1, 0x94, 0xD8, 0xDE, 0x5F, 0x8F, 0x16, 0xD5, 0x4E, 0x58, 0x82, 0x22,
    0xD0, 0x4E, 0x6C, 0xDC, 0xA0, 0x46, 0x28, 0x14, 0xED, 0x5F, 0xFF, 0xCA, 0xA3, 0x1B, 0xD2, 0x48,
    0xA4, 0x92, 0x54, 0xE6, 0x2D, 0xB9, 0xDA, 0x5E, 0x3F, 0x5F, 0x6F, 0xF5, 0x0F, 0x42, 0x0C, 0xD7,
    0xC4, 0xB2, 0x0A, 0x2A, 0x5F, 0x6B, 0xA1, 0xEE, 0x70, 0x5B, 0xB0, 0x8F, 0x49, 0xB2, 0xAF, 0xCE,
    0x3E, 0x51, 0x5C, 0xAF, 0xF7, 0x99, 0xBB, 0x1B, 0xD8, 0x1D, 0x0B, 0x3B, 0xA8, 0x29, 0x90, 0x7D,
    0x4D, 0xD1, 0x55, 0x3C, 0xE5, 0x3C, 0x10, 0x82, 0x1B, 0x41, 0x75, 0x57, 0xA5, 0xE0, 0x71, 0xF1,
    0xD4, 0xF3, 0xEA, 0xE9, 0x6E, 0xD7, 0xB4, 0x62, 0x61, 0x72, 0xDA, 0x5A, 0x96, 0xBC, 0x62, 0x98,
    0xB7, 0x23, 0x0D, 0xB5, 0xF8, 0x77, 0xF9, 0x9C, 0x7A, 0xAD, 0xB8, 0xBB, 0xA2, 0xA4, 0xF9, 0x51,
    0xF0, 0x9F, 0x3F, 0x18, 0x8B, 0xB7, 0xA0, 0xE1, 0xBE, 0x3C, 0xCA, 0x94, 0xF6, 0x60, 0x7D, 0xC3,
    0x4F, 0xD6, 0xE7, 0x7E, 0xF2, 0xEB, 0x77, 0xEF, 0x81, 0xC7, 0x6C, 0x5F, 0xF0, 0x98, 0xD5, 0x0E,
    0x3B, 0x43, 0x4F, 0x0F, 0x29, 0x5D, 0xC3, 0xA0, 0xBF, 0x1C, 0x0F, 0x38, 0xEF, 0xE3, 0x01, 0x47,
    0xEA, 0x30, 0xDB, 0x77, 0xE3, 0x01, 0xDD, 0x8C, 0xD5, 0x72, 0xF8, 0x67, 0x37, 0x23, 0x1C, 0x90,
    0x3B, 0xBF, 0x3A, 0x18, 0xC4, 0x96, 0x9C, 0x71, 0x76, 0x8A, 0x98, 0x24, 0x5E, 0x86, 0xBD, 0x4D,
    0x34, 0x81, 0x1C, 0xCF, 0x49, 0xBB, 0x7F, 0xC2, 0x88, 0x2E, 0x14, 0xE7, 0x77, 0xA5, 0x69, 0x1B,
    0xE2, 0x9C, 0x91, 0x75, 0xC2, 0xC8, 0x86, 0x03, 0xE7, 0x8C, 0x64, 0xDA, 0x4A, 0x32, 0x55, 0x95,
    0x24, 0x3F, 0xF3, 0xC4, 0x5C, 0x9D, 0xDF, 0xEB, 0x9C, 0x91, 0xC3, 0x09, 0x23, 0x62, 0x89, 0xBB,
    0x8A, 0xA1, 0xA3, 0x77, 0x8D, 0xF9, 0xE0, 0x34, 0x00, 0xC3, 0x69, 0xDA, 0x98, 0xC8, 0x5A, 0xBF,
    0xEB, 0x02, 0x7E, 0x53, 0x99, 0x63, 0xE3, 0x71, 0x8E, 0xA1, 0x73, 0xC8, 0xA0, 0x39, 0xE6, 0x06,
    0x36, 0xC8, 0x87, 0x49, 0x1A, 0x8A, 0x6C, 0xCF, 0x3E, 0x43, 0xD6, 0x1E, 0xE9, 0x6F, 0x9B, 0xB4,
    0x76, 0x9C, 0xC5, 0x08, 0xED, 0xB6, 0xEC, 0x27, 0x8F, 0xB5, 0xAA, 0x2D, 0x12, 0xD6, 0xDB, 0xD0,
    0xC6, 0xB3, 0x98, 0x19, 0x13, 0x08, 0xF1, 0x61, 0x7B, 0xBE, 0xDA, 0x3C, 0x94, 0x6B, 0x8B, 0x82,
    0x21, 0x1F, 0x24, 0x71, 0xA1, 0xE1, 0x83, 0x7A, 0xF8, 0xF9, 0x44, 0xFA, 0x2B, 0x3D, 0x63, 0x4B,
    0x39, 0xD1, 0x9F, 0xEB, 0x55, 0x05, 0xBE, 0x4A, 0x05, 0x94, 0xC1, 0x05, 0x87, 0x1A, 0x6F, 0x50,
    0x9C, 0x4A, 0xA0, 0x9C, 0x15, 0x0A, 0xDE, 0x65, 0x95, 0xF5, 0x6A, 0xD1, 0x7E, 0x8F, 0x87, 0x07,
    0x62, 0xC7, 0x01, 0xA5, 0xA9, 0xB0, 0xE4, 0x93, 0x10, 0xB2, 0x0F, 0x50, 0x34, 0xD4, 0xB6, 0x8F,
    0xFE, 0x1E, 0xCA, 0x3E, 0xE3, 0x62, 0x39, 0xE9, 0x2D, 0xD9, 0x4D, 0x26, 0xC9, 0x99, 0x97, 0x8A,
    0x53, 0x45, 0xD0, 0x86, 0xB0, 0xF9, 0xF8, 0x92, 0xC4, 0xFC, 0x1C, 0xE9, 0x9C, 0x86, 0x31, 0x49,
    0x64, 0x3C, 0xCE, 0x27, 0x5A, 0x89, 0x25, 0x24, 0xD9, 0x48, 0x35, 0x41, 0xBE, 0x98, 0x4A, 0xC3,
    0x5A, 0xFC, 0x69, 0x7A, 0xB1, 0x2E, 0x43, 0x13, 0x49, 0x56, 0x30, 0xF0, 0xE2, 0x51, 0x6D, 0x58,
    0x55, 0xB7, 0x50, 0x3F, 0x92, 0xE2, 0x58, 0x1B, 0x76, 0x2A, 0x12, 0x15, 0x1E, 0x30, 0x7C, 0x43,
    0x70, 0x5C, 0xD9, 0x04, 0x43, 0x1F, 0x83, 0x44, 0x2C, 0x5B, 0xE2, 0x35, 0xFF, 0x7C, 0x81, 0x17,
    0x8C, 0x4A, 0xA8, 0x47, 0x54, 0x34, 0x2F, 0x36, 0x3D, 0xD8, 0x77, 0x81, 0xD9, 0x11, 0x23, 0x42,
    0x6C, 0x3A, 0x39, 0xD2, 0xF7, 0x3E, 0x34, 0x42, 0xC5, 0xFB, 0x4C, 0xA7, 0xCE, 0xA0, 0xF8, 0xC1,
    0x16, 0xCF, 0x41, 0x3E, 0x8A, 0xA0, 0xF9, 0x0F, 0x3A, 0x40, 0x03, 0x33, 0x5B, 0x46, 0xAA, 0x13,
    0xFF, 0x37, 0x76, 0xE4, 0xE6, 0xD4, 0x94, 0x9E, 0x7F, 0x7D, 0x2B, 0xCE, 0x6A, 0x88, 0x4E, 0xB5,
    0xD5, 0xEA, 0x6F, 0xE4, 0x2B, 0xD3, 0xCC, 0xD5, 0xFD, 0x7E, 0x3D, 0x4D, 0x19, 0x11, 0x4B, 0x7C,
    0x5F, 0x85, 0xD6, 0xFF, 0xB9, 0x49, 0xE4, 0xC5, 0x7B, 0x09, 0x69, 0x6F, 0x96, 0xAD, 0x26, 0x49,
    0xD8, 0xFE, 0x04, 0xBF, 0x47, 0xD7, 0xAC, 0x88, 0x4B, 0x72, 0xF4, 0x30, 0xEA, 0x47, 0x11, 0x38,
    0x88, 0x8C, 0x4B, 0xC9, 0x9A, 0x36, 0xD5, 0x1A, 0xFD, 0xF1, 0xF3, 0xE6, 0x24, 0xC0, 0x9D, 0xD1,
    0x6F, 0x71, 0x67, 0xB0, 0x45, 0xB3, 0x89, 0xE7, 0x63, 0xC1, 0x99, 0x7F, 0xE5, 0x04, 0xBD, 0xAA,
    0x1E, 0x6C, 0x8F, 0xF9, 0xF7, 0x7B, 0xE5, 0x52, 0xD0, 0xC8, 0x96, 0x2F, 0x72, 0xF3, 0xFD, 0x00,
    0x2F, 0x70, 0xF3, 0x8B, 0xF4, 0x7D, 0xE2, 0xA3, 0xC9, 0x09, 0x1C, 0x51, 0x71, 0xF7, 0xE8, 0x15,
    0xC8, 0xBD, 0x23, 0x2A, 0xFE, 0x3B, 0x85, 0x05, 0x65, 0x82, 0xFC, 0x60, 0x82, 0x7E, 0xAC, 0x07,
    0xC7, 0xE1, 0xFF, 0x7E, 0xAF, 0x58, 0xAD, 0x2A, 0x10, 0xFA, 0xEE, 0xF3, 0xE7, 0xCE, 0x79, 0xCA,
    0xA4, 0x9C, 0xD7, 0x90, 0xBE, 0x7A, 0x14, 0x40, 0x91, 0xF6, 0xC3, 0x7F, 0xE3, 0x58, 0xDF, 0xE3,
    0x97, 0x97, 0x6B, 0x55, 0x09, 0xE1, 0x04, 0xF8, 0xD1, 0x45, 0x0C, 0xF0, 0x72, 0x66, 0x12, 0xF0,
    0xE5, 0xD4, 0xBF, 0x1C, 0xD0, 0xF3, 0x00, 0xAD, 0x05, 0x80, 0x3D, 0x55, 0x80, 0xC8, 0xA4, 0x40,
    0x4F, 0xBF, 0x33, 0x10, 0x36, 0x5B, 0x0B, 0x7E, 0x79, 0x34, 0xF0, 0x48, 0xA1, 0x14, 0x06, 0x4D,
    0xFB, 0x8D, 0x21, 0x39, 0x36, 0xE3, 0x77, 0xC7, 0x05, 0x9E, 0x2B, 0xF7, 0x9D, 0xD3, 0x5F, 0x3A,
    0x90, 0x50, 0x20, 0xF6, 0x31, 0x11, 0xBE, 0x7B, 0x90, 0xCB, 0xCE, 0x89, 0xF2, 0xEF, 0x71, 0x34,
    0xC5, 0x88, 0xE2, 0x41, 0x2A, 0x97, 0xC3, 0xF1, 0xFE, 0x34, 0x54, 0x11, 0x4A, 0x71, 0xF8, 0x2D,
    0x76, 0x6C, 0x18, 0xE9, 0xC3, 0x82, 0xFA, 0xBB, 0x87, 0x01, 0x3E, 0xDE, 0x3E, 0xFC, 0xE9, 0xC3,
    0x60, 0xD0, 0xD6, 0x14, 0xCF, 0x01, 0x7F, 0x72, 0x4B, 0x25, 0xEC, 0xE9, 0xFD, 0x13, 0x83, 0xF4,
    0xB0, 0x60, 0x2C, 0x99, 0xAF, 0xF1, 0x5A, 0x8D, 0xA4, 0xF1, 0x85, 0x50, 0xF9, 0x69, 0xBF, 0x91,
    0xAC, 0xA6, 0x05, 0x2C, 0x1B, 0xB4, 0xC8, 0x29, 0xCA, 0x93, 0xD9, 0xF2, 0x1E, 0x48, 0x11, 0x05,
    0x7A, 0xC9, 0xA0, 0xA1, 0xDA, 0x36, 0x1F, 0xCD, 0xCA, 0x58, 0x8F, 0xCA, 0x58, 0x77, 0x6A, 0xB0,
    0xA2, 0x7D, 0xF3, 0xC5, 0xEE, 0x45, 0x84, 0x6E, 0xF0, 0xFA, 0xE1, 0xAA, 0x4F, 0x3B, 0xC0, 0x11,
    0x19, 0xFE, 0x7D, 0xD0, 0x81, 0x6C, 0xDB, 0xFF, 0x00, 0xCD, 0x98, 0x51, 0x6A, 0xEB, 0x50, 0x0E,
    0x86, 0x3F, 0xD0, 0x6B, 0x40, 0x5B, 0x09, 0xCC, 0xEB, 0x01, 0x6D, 0x5D, 0x70, 0x17, 0x70, 0xB7,
    0x22, 0xE8, 0xAB, 0x40, 0x83, 0x85, 0x6D, 0xD1, 0xB4, 0xE5, 0x32, 0x4C, 0x9C, 0xD4, 0x3D, 0xFA,
    0x70, 0xD2, 0x36, 0xE8, 0xFF, 0x25, 0x8E, 0x9C, 0x03, 0x12, 0xEC, 0xD0, 0x3C, 0x60, 0x0B, 0x58,
    0x1B, 0x72, 0x43, 0x2C, 0x90, 0x86, 0x2F, 0x50, 0x37, 0x30, 0x36, 0x54, 0x41, 0x1D, 0x90, 0x40,
    0x1B, 0xA8, 0xEF, 0x70, 0x03, 0xF5, 0xDC, 0xC0, 0x5C, 0xE2, 0x80, 0x0E, 0x62, 0x51, 0xB9, 0xA4,
    0x2C, 0x35, 0x24, 0xD4, 0x25, 0x0C, 0xE9, 0x58, 0x88, 0x6F, 0x91, 0xE8, 0x1E, 0xE6, 0x49, 0x61,
    0x52, 0x58, 0xFD, 0x45, 0x53, 0x39, 0xAF, 0xD8, 0x65, 0x04, 0x00, 0x0B, 0xA0, 0x1C, 0x90, 0x13,
    0x06, 0x10, 0x27, 0xE0, 0x85, 0xEA, 0x73, 0x4F, 0x47, 0xF6, 0x28, 0x60, 0xB2, 0x7D, 0x86, 0x09,
    0x12, 0x1C, 0x96, 0xA6, 0x01, 0x52, 0x77, 0x40, 0xFF, 0x02, 0xAC, 0xD6, 0x0F, 0x30, 0xC2, 0x87,
    0x9A, 0xC3, 0x16, 0xCF, 0x6A, 0x66, 0x33, 0x36, 0x4A, 0xB3, 0x1D, 0x68, 0x61, 0x60, 0x34, 0xAB,
    0x80, 0x1A, 0xB6, 0x05, 0x3B, 0xD5, 0x0F, 0x3A, 0xC6, 0xC6, 0x6C, 0x9E, 0x96, 0x3B, 0xA4, 0x75,
    0xA6, 0x7B, 0xA2, 0x36, 0x79, 0x1E, 0xAE, 0x50, 0xB9, 0xD8, 0x7C, 0x61, 0x33, 0x86, 0xCD, 0x19,
    0x8C, 0x03, 0x0B, 0x71, 0x1A, 0x89, 0x9E, 0xB0, 0x0D, 0x45, 0x5B, 0xD4, 0x1E, 0xED, 0x26, 0x4D,
    0x2B, 0x10, 0x09, 0xFC, 0xA7, 0xDA, 0xA1, 0x31, 0xE8, 0xC5, 0x6D, 0x71, 0x34, 0x03, 0x91, 0x9D,
    0x4C, 0xE7, 0x32, 0x1E, 0x3C, 0xA5, 0x2D, 0x0C, 0x4E, 0xD1, 0xC2, 0x91, 0xBD, 0x14, 0xBF, 0xB7,
    0x39, 0x8C, 0xB3, 0x56, 0xBC, 0xB8, 0x43, 0x20, 0x14, 0xB4, 0x16, 0xDC, 0x34, 0xE0, 0x0E, 0x40,
    0x02, 0xF2, 0xE6, 0x5E, 0x01, 0x57, 0x34, 0x17, 0x37, 0x0B, 0x16, 0x0E, 0x09, 0x72, 0x49, 0xCF,
    0xE4, 0xC8, 0xF5, 0xF3, 0xB3, 0xEF, 0x00, 0xF0, 0xFE, 0x79, 0x31, 0xBA, 0x7D, 0xCF, 0xED, 0x0E,
    0x97, 0xCD, 0x11, 0x89, 0x33, 0x03, 0xE0, 0x7E, 0x07, 0x6E, 0x04, 0x68, 0x39, 0x48, 0xF1, 0x96,
    0x4E, 0x90, 0xD8, 0xD3, 0x81, 0x45, 0x74, 0x2E, 0x52, 0x3C, 0xAF, 0x03, 0xC4, 0x0F, 0x21, 0x6C,
    0xB8, 0xAF, 0xDF, 0xA0, 0x5A, 0x1C, 0x08, 0x60, 0x5D, 0xA4, 0x9A, 0xFB, 0x6C, 0x3E, 0x00, 0xF6,
    0x7B, 0x0A, 0x6E, 0x80, 0x00, 0x76, 0x65, 0xD1, 0xE3, 0xB6, 0xEF, 0x7C, 0x4B, 0x83, 0xB9, 0x58,
    0x6F, 0x97, 0xEF, 0x37, 0x34, 0x17, 0xEB, 0xD8, 0xF9, 0xB8, 0xC2, 0x82, 0x27, 0x14, 0xFA, 0xBA,
    0x4D, 0xEF, 0xF6, 0x20, 0xF7, 0xAA, 0x0D, 0xCF, 0x2A, 0xA9, 0x3D, 0x62, 0x7E, 0x77, 0x46, 0x5B,
    0x53, 0xAE, 0x55, 0xA8, 0x43, 0x07, 0x1D, 0xD8, 0x04, 0x0B, 0xCE, 0x8F, 0x39, 0xAF, 0x00, 0x12,
    0x08, 0x40, 0x03, 0xAA, 0x90, 0x34, 0xD4, 0xB5, 0x7F, 0x0C, 0xC5, 0xA8, 0x4E, 0xC1, 0xCA, 0x49,
    0x38, 0x63, 0x01, 0xC6, 0x0D, 0xAD, 0x44, 0x2A, 0xBE, 0xCF, 0x9D, 0x05, 0x98, 0xCF, 0xBB, 0xE6,
    0xB0, 0x80, 0x3B, 0x70, 0x91, 0x36, 0xD9, 0xA2, 0x00, 0xED, 0xA0, 0x5F, 0x7B, 0x07, 0x3C, 0x41,
    0xA7, 0xA4, 0xF6, 0x8B, 0xA5, 0x01, 0x5C, 0xA7, 0xC3, 0x3C, 0xA8, 0x72, 0xA2, 0x1C, 0x78, 0x4E,
    0xEE, 0x40, 0xB2, 0x57, 0x42, 0x81, 0xF6, 0xEB, 0xC3, 0x41, 0x09, 0x00, 0x46, 0x0F, 0xD4, 0x89,
    0x80, 0x06, 0xF2, 0x00, 0x87, 0x16, 0x86, 0x56, 0xB5, 0xAC, 0x03, 0x1C, 0xB0, 0xCF, 0x58, 0x30,
    0x1F, 0x0C, 0xF3, 0xF7, 0x10, 0x0B, 0x24, 0x03, 0x74, 0x01, 0x4B, 0x01, 0xC7, 0x47, 0x78, 0x2B,
    0x6F, 0xE9, 0xAD, 0xBD, 0x81, 0xA1, 0x60, 0x54, 0xA7, 0xBC, 0xC1, 0x21, 0x61, 0x00, 0x8B, 0xDD,
    0x05, 0xB4, 0xE5, 0xD6, 0x34, 0x28, 0x2C, 0x83, 0x5B, 0x79, 0x9B, 0xA0, 0x5C, 0x5A, 0x50, 0x85,
    0x0E, 0xF1, 0x80, 0x8F, 0x6C, 0x9D, 0x2D, 0xD3, 0xF1, 0x27, 0x15, 0x57, 0x1D, 0x60, 0x83, 0xF8,
    0x51, 0x61, 0x7F, 0x7B, 0x85, 0x93, 0xD3, 0x9C, 0x48, 0x24, 0xFD, 0xF9, 0xCA, 0x53, 0x90, 0x2A,
    0x54, 0x12, 0x00, 0x0C, 0x78, 0x4D, 0x55, 0x11, 0x16, 0x96, 0xC1, 0xB2, 0x20, 0x04, 0x08, 0x90,
    0x2B, 0xAA, 0xFB, 0xA0, 0xE9, 0x0E, 0xF0, 0xC2, 0xF1, 0xD0, 0x9A, 0x12, 0xCC, 0x20, 0x15, 0xC0,
    0xE1, 0xA2, 0xB1, 0xD1, 0x28, 0x26, 0xDB, 0x02, 0x02, 0xF0, 0x43, 0x33, 0x1D, 0xD2, 0x82, 0xF8,
    0xA7, 0xB0, 0x35, 0x09, 0x3C, 0x7A, 0x64, 0x05, 0x55, 0x40, 0x42, 0x7F, 0x22, 0xEA, 0x14, 0x04,
    0x38, 0x80, 0x04, 0xE2, 0xFD, 0xF6, 0xB9, 0x40, 0xC1, 0x8E, 0xB5, 0x7A, 0x25, 0xE4, 0x31, 0xAE,
    0xB1, 0xFA, 0x1F, 0xFE, 0x21, 0x90, 0x5E, 0x56, 0x54, 0x01, 0xC0, 0xFC, 0x1F, 0x86, 0xB1, 0x00,
    0x48, 0x82, 0x90, 0xFE, 0x11, 0x97, 0xDD, 0x69, 0x45, 0x3F, 0xFD, 0x49, 0xB6, 0xB4, 0x6A, 0x5D,
    0x09, 0xE5, 0x85, 0x24, 0xEA, 0x1A, 0x1B, 0x1C, 0x09, 0xE3, 0xC0, 0xDA, 0x90, 0xDF, 0x43, 0xFD,
    0x80, 0x9D, 0x4F, 0x4D, 0x89, 0x86, 0x06, 0x5A, 0xE5, 0x4C, 0xAA, 0xF0, 0x65, 0x23, 0x98, 0x9E,
    0x28, 0x73, 0x75, 0xF1, 0x87, 0xC7, 0xA0, 0xC8, 0x09, 0x4F, 0xD4, 0x17, 0x86, 0x51, 0x7B, 0x4F,
    0x38, 0x00, 0xF0, 0x50, 0x33, 0xC4, 0x01, 0x4D, 0x80, 0x75, 0x40, 0x12, 0x98, 0xFD, 0x08, 0x5E,
    0xA9, 0x3E, 0x81, 0x02, 0xE4, 0x6B, 0x93, 0x3E, 0xC9, 0x04, 0x03, 0xE8, 0x4C, 0x03, 0xF4, 0x03,
    0x58, 0x9D, 0xE3, 0x0D, 0x40, 0x5E, 0x2B, 0x78, 0x4A, 0x00, 0xE4, 0x39, 0xAB, 0xEB, 0xE7, 0x59,
    0xDD, 0xD2, 0xD9, 0xB4, 0x7F, 0x73, 0x00, 0x14, 0xE4, 0xE0, 0x3C, 0x0A, 0x5A, 0x18, 0x18, 0x75,
    0xCE, 0x6A, 0x07, 0x16, 0x80, 0x36, 0x24, 0x40, 0xFE, 0xC6, 0x7B, 0x8D, 0x50, 0x40, 0x7C, 0x8B,
    0xDC, 0x07, 0x79, 0xCD, 0x56, 0xFF, 0x9C, 0xCA, 0x4B, 0x00, 0xAC, 0x1D, 0xF2, 0x11, 0xA0, 0xEF,
    0x55, 0xFD, 0x30, 0xC8, 0x33, 0x91, 0x8C, 0xE7, 0x2B, 0x57, 0x02, 0xEA, 0xC3, 0x61, 0x1E, 0x7B,
    0x25, 0xF8, 0x24, 0xDF, 0x00, 0x78, 0xB9, 0x7C, 0x5F, 0xE7, 0x37, 0xDE, 0xBB, 0x00, 0x09, 0x92,
    0x5C, 0x60, 0xC1, 0xC8, 0x5D, 0x8F, 0x72, 0xDF, 0xBF, 0xB7, 0x8F, 0x6E, 0x85, 0xA5, 0xAD, 0x9A,
    0xCB, 0xF6, 0x7C, 0xAA, 0x39, 0xFB, 0x3F, 0xCA, 0xC3, 0xC9, 0xA7, 0x54, 0xF4, 0xF4, 0x4C, 0x71,
    0xCA, 0x4B, 0x5D, 0x12, 0x4D, 0xDA, 0x15, 0xDA, 0x16, 0x8C, 0xE1, 0x6A, 0xE6, 0xCF, 0x54, 0x1F,
    0x9A, 0xCF, 0xD8, 0x4E, 0x68, 0x8F, 0x68, 0x93, 0x4E, 0x97, 0xD4, 0x99, 0x7D, 0x1A, 0x02, 0x10,
    0x24, 0x60, 0x83, 0x86, 0x04, 0xB5, 0xE5, 0x54, 0x56, 0x6C, 0x96, 0xFC, 0x7F, 0x3B, 0x21, 0x09,
    0xC0, 0x6A, 0x1A, 0xE3, 0x07, 0xFE, 0x4B, 0xFC, 0x50, 0xFF, 0x7A, 0x56, 0xC9, 0x75, 0x7E, 0x48,
    0x53, 0x77, 0x5B, 0x86, 0x92, 0x67, 0x32, 0xE8, 0xAF, 0xE9, 0x95, 0x04, 0xA8, 0x19, 0xA4, 0xE7,
    0xCB, 0x00, 0xF0, 0x6B, 0x5C, 0xDA, 0x28, 0xBE, 0xB1, 0x60, 0xBE, 0x21, 0xFD, 0x12, 0x4F, 0xCC,
    0x03, 0xAC, 0x02, 0xC2, 0xFC, 0xD2, 0x56, 0x79, 0xB7, 0xD8, 0x87, 0x6B, 0x35, 0x6D, 0xEE, 0xAF,
    0xD5, 0x0E, 0x30, 0xDF, 0xF0, 0xE7, 0x4E, 0x42, 0x1A, 0x8E, 0x78, 0xA3, 0x7D, 0x18, 0x28, 0x28,
    0x0D, 0x03, 0x63, 0xB0, 0x60, 0x91, 0x3B, 0xF2, 0xC4, 0x9E, 0x9A, 0x61, 0xBE, 0x69, 0x07, 0xA9,
    0xFC, 0xAA, 0x3B, 0xF7, 0xBB, 0x96, 0xA5, 0x9C, 0x93, 0xC2, 0xB7, 0x58, 0x68, 0x47, 0xA2, 0x74,
    0x60, 0x44, 0x47, 0x11, 0x92, 0xA4, 0x2E, 0xAA, 0x16, 0x16, 0x8B, 0xE3, 0x9A, 0x2F, 0x82, 0x33,
    0xB1, 0x02, 0xE0, 0x84, 0x36, 0x00, 0x6E, 0x00, 0xF7, 0xD7, 0xA9, 0xFF, 0xC7, 0x89, 0xE4, 0x53,
    0x4C, 0x28, 0x00, 0xF9, 0x71, 0x4C, 0x92, 0xAD, 0xB3, 0xF9, 0xD1, 0x72, 0xFF, 0x34, 0x0B, 0xF5,
    0xBD, 0xF9, 0x67, 0x31, 0xCB, 0xBE, 0xAC, 0x16, 0x4E, 0x1E, 0x9C, 0x85, 0x04, 0xAC, 0x66, 0xCB,
    0x6F, 0xFD, 0x53, 0xFE, 0x19, 0x93, 0x79, 0x66, 0x0A, 0xD9, 0xD8, 0xF4, 0xA7, 0x6E, 0x99, 0x19,
    0x52, 0x9B, 0xFC, 0xC4, 0x10, 0x67, 0xA1, 0x3B, 0x12, 0xE5, 0x80, 0x41, 0xD0, 0x28, 0xDA, 0x8B,
    0x36, 0xA3, 0xDD, 0x68, 0x3B, 0xFE, 0x3D, 0x26, 0xDF, 0xEF, 0x87, 0x7D, 0x9E, 0x95, 0x5C, 0xEC,
    0x87, 0xD2, 0x0C, 0xC6, 0x9C, 0x98, 0x77, 0x14, 0x80, 0x1B, 0xBF, 0xC4, 0x1B, 0x89, 0xBE, 0x07,
    0xD0, 0x03, 0x92, 0x1B, 0xBC, 0x71, 0x95, 0x4B, 0x92, 0xCA, 0x0F, 0x63, 0xF2, 0xFD, 0xFD, 0xE2,
    0x01, 0x55, 0x0E, 0x5E, 0x8E, 0x5C, 0xD8, 0x2A, 0x6F, 0x16, 0xFB, 0xFD, 0x98, 0x4C, 0xE6, 0xFE,
    0x5A, 0xED, 0x30, 0xCF, 0xAF, 0xC7, 0x1D, 0x09, 0x18, 0xA0, 0xE7, 0x3B, 0x00, 0xB4, 0x4B, 0x1D,
    0xEA, 0x89, 0xB1, 0x3A, 0x12, 0x93, 0x40, 0xB7, 0x50, 0x47, 0x0D, 0x34, 0x41, 0xF2, 0xE1, 0x48,
    0xF6, 0x87, 0x53, 0x4B, 0x98, 0xFD, 0x41, 0x8F, 0x5C, 0xE6, 0xCA, 0x7D, 0xF8, 0x8F, 0x48, 0x58,
    0xE7, 0x48, 0x32, 0x12, 0x4C, 0x02, 0xB4, 0xA1, 0xBE, 0x01, 0x50, 0xDB, 0xB0, 0x4E, 0xC4, 0xE8,
    0x9B, 0xBD, 0xF9, 0x40, 0x02, 0x15, 0x1B, 0xFC, 0x32, 0x91, 0x53, 0xDC, 0x02, 0xD6, 0xC5, 0xD2,
    0x36, 0x36, 0x52, 0x19, 0x69, 0x7B, 0x4E, 0x31, 0xE7, 0xC3, 0x1A, 0x93, 0xE7, 0x65, 0xD2, 0xF5,
    0x9B, 0x63, 0xCC, 0x79, 0x38, 0xD1, 0xF7, 0x55, 0x9A, 0x12, 0x97, 0x2A, 0x97, 0x3F, 0x75, 0x71,
    0x8B, 0x57, 0x6F, 0x27, 0x05, 0x22, 0x05, 0x37, 0xDE, 0xA7, 0xF9, 0xBF, 0xB5, 0x97, 0x07, 0xAA,
    0x3B, 0x4D, 0x0E, 0xC4, 0x7F, 0x20, 0x32, 0x06, 0x5D, 0x65, 0x0E, 0x20, 0xD0, 0xD5, 0x05, 0x3E,
    0xC0, 0xBB, 0x4A, 0xC1, 0x92, 0x11, 0x68, 0x27, 0xB4, 0xDF, 0xE0, 0x7F, 0xF4, 0xB7, 0xA1, 0x54,
    0x55, 0x9A, 0xE9, 0xA8, 0x76, 0x36, 0x6F, 0xB0, 0x42, 0xC4, 0xB4, 0xF4, 0xAF, 0x12, 0x7F, 0x0F,
    0x27, 0x10, 0xD3, 0x11, 0x1E, 0x7C, 0x10, 0xD3, 0x2B, 0x66, 0xEA, 0xD2, 0x0D, 0xFD, 0x32, 0xC9,
    0xEA, 0xFF, 0xC1, 0x9C, 0x39, 0xC4, 0x0B, 0x33, 0x83, 0x95, 0x95, 0x97, 0x93, 0x34, 0x8D, 0xC9,
    0xCB, 0x2B, 0x09, 0x02, 0x71, 0x5D, 0xE7, 0x79, 0x2D, 0xBA, 0x3B, 0x76, 0x58, 0xED, 0x94, 0xEF,
    0xB4, 0x4A, 0xAF, 0xDE, 0x99, 0x98, 0xDA, 0x9F, 0xDA, 0x99, 0x56, 0xE1, 0x3B, 0x51, 0xE2, 0xCF,
    0xBE, 0x5A, 0xF2, 0xD5, 0xA2, 0xA0, 0xF3, 0x88, 0xF0, 0x2B, 0x48, 0x0E, 0xC6, 0x62, 0x6D, 0x8F,
    0x99, 0x9E, 0x11, 0xE2, 0x60, 0x61, 0x2F, 0xFA, 0x45, 0x0E, 0xE6, 0x4D, 0x30, 0x2D, 0xD5, 0xB7,
    0x7C, 0xA6, 0x0E, 0xE1, 0xF0, 0xAD, 0x5C, 0x8A, 0x5B, 0x33, 0x7D, 0x0A, 0x71, 0xCA, 0x6E, 0x91,
    0x35, 0x7A, 0x45, 0xD6, 0x46, 0x92, 0x95, 0xCA, 0xA3, 0x3C, 0xC4, 0x51, 0xE6, 0xC6, 0xD6, 0xA6,
    0xB6, 0xDE, 0x7D, 0xBF, 0xA6, 0xDA, 0xAE, 0x7B, 0xDF, 0x4D, 0xA6, 0x63, 0x0C, 0x4C, 0x8B, 0xCF,
    0x62, 0x9A, 0xF8, 0x2C, 0x46, 0x77, 0x38, 0x7F, 0x8F, 0x51, 0x71, 0xC5, 0xA7, 0xE3, 0xD9, 0xAE,
    0xF8, 0x6C, 0x3C, 0x0C, 0x34, 0x60, 0x53, 0x08, 0x70, 0x2B, 0x2B, 0x20, 0xAD, 0xBC, 0x80, 0xD8,
    0x33, 0x57, 0x0E, 0x80, 0xB6, 0x12, 0x80, 0xEC, 0x79, 0x65, 0x3F, 0x2E, 0x02, 0xB9, 0x67, 0xDB,
    0x54, 0x64, 0x44, 0xFA, 0xB3, 0xB2, 0x5B, 0xEE, 0x56, 0x2E, 0xC9, 0xC3, 0x0A, 0x7B, 0x5E, 0xD9,
    0xAD, 0xCE, 0x9C, 0x56, 0x71, 0xE4, 0x5D, 0xD1, 0x56, 0xE8, 0xC8, 0x8E, 0x95, 0x95, 0xC2, 0xF1,
    0xB2, 0x51, 0x36, 0x09, 0x53, 0xAE, 0xEF, 0x3A, 0xEF, 0x4A, 0xEF, 0x5A, 0xEF, 0x6A, 0xEF, 0x7A,
    0xEF, 0x8A, 0xEF, 0x9A, 0xEF, 0xAA, 0xEF, 0xBA, 0xBD, 0x5E, 0x95, 0x8F, 0x5E, 0xB5, 0xAB, 0x57,
    0xF5, 0xCF, 0x8A, 0x55, 0xFF, 0x7E, 0xB5, 0x4E, 0xF0, 0x55, 0xB1, 0xCE, 0xF0, 0x45, 0xAC, 0x53,
    0x7C, 0xA1, 0x75, 0x8E, 0xFD, 0x6A, 0x9D, 0xC4, 0xD1, 0x3A, 0x8B, 0x5B, 0xAD, 0xD3, 0xF8, 0xD4,
    0x3A, 0x8F, 0x0D, 0xC8, 0x64, 0xE5, 0x38, 0xC1, 0x86, 0x40, 0x6D, 0x3B, 0x9F, 0x3A, 0xC6, 0x7B,
    0x85, 0xB3, 0x05, 0x0A, 0x50, 0xA7, 0xA9, 0x63, 0xEF, 0x69, 0xB7, 0x92, 0xFB, 0x53, 0xE1, 0x56,
    0x5B, 0x38, 0x3A, 0xD4, 0xB1, 0xC3, 0x5D, 0xDD, 0x71, 0xC2, 0xC3, 0x0F, 0xA8, 0x83, 0x8E, 0x24,
    0x4E, 0x39, 0xE1, 0x97, 0xDC, 0xED, 0x50, 0xE1, 0xE0, 0x45, 0x16, 0x2A, 0x4A, 0x56, 0x3A, 0x77,
    0xDC, 0x9A, 0xDD, 0x76, 0x9D, 0xC5, 0x25, 0x4D, 0x90, 0x38, 0x5E, 0x56, 0x86, 0xB3, 0xBB, 0x10,
    0x7D, 0x84, 0xC9, 0x2B, 0x10, 0x0F, 0x1C, 0x2A, 0xC8, 0xB2, 0xF2, 0x35, 0x16, 0x12, 0x04, 0x0D,
    0x81, 0x89, 0xB3, 0x19, 0xAC, 0x12, 0x40, 0x67, 0x73, 0xCA, 0x6A, 0xF0, 0x32, 0x25, 0xB9, 0x3B,
    0xB4, 0x00, 0x53, 0x00, 0x5E, 0x0E, 0x24, 0x56, 0xD0, 0x20, 0x4C, 0x10, 0x67, 0xB3, 0x93, 0x64,
    0x79, 0x3D, 0x70, 0xAC, 0x68, 0x13, 0xED, 0x65, 0x7A, 0x13, 0x56, 0x87, 0x12, 0x3F, 0x15, 0x38,
    0x2F, 0x35, 0x8E, 0x08, 0xC4, 0x0B, 0x1B, 0xAF, 0x65, 0x2E, 0xD9, 0x54, 0x8E, 0x72, 0x1A, 0xB5,
    0x29, 0x4E, 0xB6, 0x95, 0xEC, 0x4B, 0x36, 0xE5, 0x8D, 0xEB, 0xFE, 0x50, 0xBB, 0xF0, 0x80, 0x84,
    0x81, 0x86, 0x39, 0xD0, 0x05, 0x5B, 0x81, 0x84, 0x9D, 0xDB, 0xFB, 0x34, 0x4C, 0x81, 0x1F, 0x79,
    0xCA, 0x0A, 0x39, 0x6C, 0x01, 0x21, 0x78, 0x00, 0x05, 0x56, 0xE0, 0x5C, 0xB7, 0x01, 0xE8, 0x92,
    0x15, 0x18, 0xE0, 0x40, 0x2C, 0x0D, 0xF0, 0x05, 0xB6, 0xCB, 0x0D, 0x1E, 0x06, 0x61, 0x20, 0x2B,
    0x00, 0x82, 0x0B, 0xFD, 0x96, 0x0D, 0x01, 0xE0, 0xBA, 0xB2, 0x8D, 0x6C, 0x5D, 0xF4, 0xEA, 0xB8,
    0x72, 0x6E, 0x00, 0xD0, 0x01, 0x80, 0xE9, 0xCA, 0x54, 0x02, 0x18, 0xF8, 0xAB, 0x5C, 0x04, 0x7E,
    0xE5, 0xCD, 0xE1, 0x81, 0x68, 0xBF, 0xFA, 0xE7, 0x0B, 0x72, 0x0A, 0x9B, 0xDD, 0x66, 0xFA, 0xBC,
    0xF1, 0x69, 0x06, 0x88, 0xC2, 0x9E, 0x05, 0x2D, 0x7C, 0xCF, 0x26, 0x91, 0x26, 0xBC, 0xE2, 0x5C,
    0xC3, 0x48, 0xA0, 0x80, 0x8D, 0xE9, 0x11, 0x60, 0xA7, 0x15, 0xE0, 0xDF, 0x27, 0x6C, 0x80, 0xF7,
    0xF6, 0x04, 0x88, 0xF7, 0xF6, 0xF7, 0x49, 0x7F, 0x5C, 0x8C, 0x6C, 0x52, 0x04, 0xF4, 0x49, 0x2D,
    0xDA, 0xC5, 0x3A, 0x39, 0xF8, 0xFC, 0xF8, 0xC5, 0x16, 0x2F, 0x36, 0x8C, 0x4E, 0xD6, 0xB5, 0xDA,
    0x6F, 0x56, 0xF1, 0x8B, 0xD7, 0x6A, 0xEF, 0xAB, 0xBC, 0xEF, 0x3E, 0x2F, 0xDA, 0x14, 0xAF, 0x17,
    0x67, 0x5A, 0x7B, 0x35, 0xF4, 0x9A, 0x76, 0x7B, 0x43, 0x80, 0xA0, 0xD7, 0x76, 0x59, 0x78, 0x31,
    0x90, 0x98, 0xA0, 0xF1, 0xC2, 0x84, 0x83, 0xAD, 0x23, 0xBC, 0xE1, 0x71, 0x32, 0x4F, 0xCE, 0xE9,
    0x7D, 0xBA, 0x4D, 0x99, 0x72, 0xB4, 0x9B, 0xB5, 0x09, 0x4E, 0x0B, 0x2B, 0x08, 0x2F, 0xE8, 0xC3,
    0x74, 0xAE, 0xED, 0x90, 0xE5, 0x30, 0x38, 0x26, 0x12, 0x2F, 0x02, 0x67, 0xD9, 0xFB, 0x66, 0x1B,
    0x89, 0x35, 0x73, 0x58, 0xAF, 0x0A, 0xA7, 0xE8, 0x9C, 0x36, 0x79, 0xED, 0x06, 0x79, 0x9B, 0xD5,
    0xDA, 0xB4, 0xAF, 0xAD, 0x0A, 0x2F, 0x87, 0xC4, 0xA1, 0x71, 0x4C, 0x87, 0xAD, 0xFD, 0x6E, 0x6C,
    0x3C, 0xA0, 0xC9, 0xDB, 0x60, 0x66, 0x74, 0x08, 0x4C, 0xE0, 0x05, 0x0E, 0x24, 0x10, 0x40, 0x5F,
    0xCD, 0x56, 0x57, 0x57, 0x72, 0xA9, 0x81, 0x35, 0x63, 0xA6, 0x77, 0x4D, 0x29, 0x4F, 0xE9, 0x03,
    0xD5, 0x2E, 0xB4, 0xF1, 0x8F, 0x44, 0x8E, 0x7C, 0xE6, 0x9C, 0x3E, 0x1F, 0x28, 0x4F, 0x8D, 0x6C,
    0xD7, 0x0C, 0xCC, 0x6E, 0x35, 0x53, 0x4B, 0xFA, 0x83, 0xEA, 0xD0, 0xCC, 0x30, 0x23, 0xF0, 0x5A,
    0x02, 0x39, 0x8C, 0x43, 0x36, 0xC5, 0xCC, 0x2E, 0x2F, 0xFB, 0x02, 0x7F, 0x16, 0x69, 0xC5, 0xC3,
    0x04, 0xBB, 0xAC, 0x5C, 0x5E, 0x5E, 0xFC, 0x84, 0xBE, 0x83, 0x00, 0x52, 0x60, 0x33, 0xBC, 0x9E,
    0x2E, 0x0A, 0x81, 0xAC, 0x60, 0xE3, 0xFF, 0x86, 0x82, 0x8D, 0x02, 0xA1, 0xEF, 0x57, 0x89, 0x4F,
    0x03, 0x53, 0xF0, 0xF6, 0x0A, 0xA8, 0xC0, 0x3A, 0x60, 0xDA, 0x60, 0x06, 0xEB, 0xC4, 0x1B, 0xD2,
    0xA1, 0x1D, 0x36, 0x2F, 0xB0, 0xE2, 0x05, 0xBB, 0x1F, 0xAD, 0xED, 0xF5, 0x68, 0x0D, 0x1B, 0xB9,
    0x1E, 0xAD, 0x79, 0x7F, 0xB4, 0x40, 0x04, 0x3D, 0xA8, 0x4D, 0xDB, 0xFD, 0x99, 0x00, 0x7E, 0x7F,
    0x08, 0xA0, 0x83, 0x3F, 0x76, 0x9A, 0xC2, 0xBA, 0x4D, 0x4C, 0x81, 0xF9, 0x0C, 0x78, 0x30, 0x43,
    0x0A, 0x66, 0xBA, 0x80, 0x29, 0xA6, 0x31, 0x79, 0x25, 0x56, 0x1B, 0xA8, 0x60, 0x3B, 0x84, 0xC3,
    0xA1, 0x87, 0x1B, 0xE9, 0x5E, 0xF6, 0x95, 0x30, 0x0D, 0x29, 0x66, 0xA6, 0x0F, 0x31, 0xC2, 0x26,
    0xF0, 0x2F, 0x27, 0xDD, 0xEA, 0x18, 0x8B, 0x03, 0xF4, 0xE2, 0x1B, 0xFE, 0xD4, 0xF1, 0xD6, 0xA9,
    0x4E, 0x2F, 0x53, 0x87, 0x63, 0x4F, 0x75, 0xE2, 0x56, 0x0A, 0xDC, 0x9F, 0x25, 0xE2, 0xB8, 0x61,
    0x3B, 0x12, 0xDA, 0x1D, 0xA0, 0xDF, 0xED, 0x4F, 0x10, 0x90, 0xFD, 0x6D, 0xFC, 0x05, 0x7D, 0xDB,
    0x95, 0xF3, 0xF2, 0x3A, 0x9D, 0xCF, 0xD0, 0x6F, 0xFE, 0xF9, 0x9C, 0x7C, 0x73, 0x75, 0x6F, 0xBC,
    0xA1, 0xBB, 0x31, 0xC0, 0x6B, 0xE9, 0x8F, 0xCB, 0xF5, 0x4B, 0xFC, 0x0E, 0x5E, 0xB7, 0x48, 0x58,
    0x6E, 0x95, 0x08, 0x57, 0x5A, 0x2F, 0xBF, 0x5A, 0xEE, 0x31, 0xEF, 0x3E, 0x07, 0xEA, 0xF2, 0xDF,
    0x8D, 0x39, 0xD6, 0xD1, 0x72, 0xAB, 0xC3, 0x7F, 0x1E, 0xD3, 0x33, 0x1B, 0x40, 0xCC, 0x34, 0xC0,
    0xB6, 0xE7, 0x03, 0xB0, 0xDB, 0xB6, 0x7C, 0xDB, 0x9D, 0x6F, 0x8C, 0x9C, 0x2B, 0x3E, 0xFE, 0xFB,
    0xB4, 0x5D, 0xF1, 0xE9, 0xF8, 0x51, 0x56, 0x96, 0xF3, 0x59, 0x3C, 0x4E, 0xCF, 0x9A, 0xFA, 0x6C,
    0x7D, 0x27, 0x4B, 0x3B, 0x3E, 0xDD, 0x61, 0xF8, 0x67, 0xE7, 0xFD, 0x37, 0x65, 0x94, 0xC1, 0xAA,
    0x03, 0x59, 0x08, 0x44, 0x0F, 0xB8, 0x6D, 0xA8, 0x5F, 0x69, 0x98, 0xAD, 0xE0, 0xAF, 0x0B, 0x6F,
    0x3B, 0xF0, 0x7E, 0x45, 0xC8, 0x56, 0x70, 0x72, 0xB9, 0xDD, 0xC9, 0xCB, 0x24, 0x75, 0x92, 0x26,
    0x50, 0x8A, 0x52, 0xD2, 0x34, 0x1A, 0x42, 0xE9, 0xB6, 0xA8, 0x8D, 0xB8, 0x70, 0xA6, 0x89, 0xC2,
    0xD2, 0x12, 0xC4, 0xD2, 0xF1, 0x94, 0x2F, 0x71, 0x52, 0x60, 0x89, 0x16, 0x44, 0xF2, 0x48, 0xFB,
    0x45, 0xC2, 0x45, 0x4C, 0xCE, 0x24, 0xCE, 0xC6, 0x26, 0xF5, 0x04, 0x04, 0x0E, 0x51, 0x44, 0x43,
    0x80, 0x16, 0xE9, 0x4C, 0x33, 0x05, 0x91, 0xCB, 0x99, 0xC4, 0xB6, 0x35, 0x33, 0xB4, 0xA8, 0x9B,
    0x68, 0xA2, 0xD0, 0x64, 0x4C, 0x62, 0x89, 0xB8, 0xAC, 0xB5, 0xB8, 0x66, 0x01, 0x87, 0x86, 0x8F,
    0xE5, 0x84, 0x02, 0x15, 0xDE, 0x54, 0x50, 0xA2, 0x82, 0x5E, 0xDD, 0xA0, 0xB6, 0x0D, 0xB7, 0xED,
    0x4C, 0x0F, 0x62, 0xB0, 0xBB, 0xD1, 0x14, 0x93, 0x58, 0x6E, 0xCD, 0xDC, 0xCF, 0xF5, 0x81, 0xF5,
    0x4B, 0x5B, 0x59, 0x0A, 0xE1, 0x2C, 0x35, 0xB5, 0x74, 0xFD, 0x3B, 0xB0, 0xA4, 0xFE, 0x2F, 0xCB,
    0xBB, 0xA2, 0x50, 0xA0, 0x49, 0x91, 0x41, 0xBA, 0x5D, 0x94, 0x5D, 0x4B, 0x5B, 0x6B, 0x42, 0xAE,
    0x7A, 0x2B, 0xCA, 0xA7, 0x22, 0xAD, 0x22, 0x1F, 0xF9, 0x93, 0xBB, 0xD7, 0x56, 0xE0, 0x7B, 0xF3,
    0x3C, 0x2C, 0xD9, 0x08, 0x02, 0x1A, 0x2B, 0xF6, 0x52, 0x33, 0x4F, 0xBE, 0x6C, 0x81, 0x15, 0xC7,
    0x2B, 0x15, 0xB1, 0x6C, 0xAF, 0x8C, 0x23, 0xF9, 0x27, 0x19, 0x5E, 0x19, 0xCF, 0x57, 0xC6, 0x0B,
    0xD0, 0xA6, 0x89, 0x01, 0x5D, 0xA4, 0xFE, 0x66, 0x8C, 0xAE, 0x22, 0x1E, 0xCD, 0x34, 0xDF, 0x27,
    0x17, 0x3B, 0x63, 0xF1, 0xCE, 0xB3, 0xB0, 0xAF, 0xD0, 0x09, 0x6C, 0x52, 0x76, 0x61, 0x83, 0x35,
    0x11, 0xB8, 0x28, 0x65, 0x89, 0x08, 0xD4, 0xD0, 0xD8, 0x20, 0x4B, 0xBF, 0x09, 0xA5, 0x26, 0xF9,
    0x49, 0x04, 0xFB, 0xFE, 0x12, 0xBB, 0x34, 0xB3, 0x9F, 0x1F, 0x19, 0xAF, 0x84, 0xF3, 0x4E, 0xB8,
    0xFE, 0xE8, 0xC4, 0x71, 0x2C, 0xC9, 0xEF, 0x84, 0xED, 0xAA, 0x28, 0xE8, 0x53, 0x53, 0x7B, 0x84,
    0xD3, 0xB2, 0xEE, 0x80, 0xFD, 0x81, 0x7E, 0xA1, 0x35, 0x87, 0xB9, 0xA2, 0x67, 0x77, 0x3C, 0xD4,
    0xFB, 0x7E, 0x0F, 0x4B, 0xE7, 0x55, 0x91, 0xA7, 0xF0, 0x40, 0x85, 0x58, 0xCD, 0xEC, 0x17, 0xFB,
    0xF7, 0x3E, 0xFF, 0x46, 0xBE, 0x37, 0x47, 0x19, 0x8D, 0x96, 0x62, 0xEA, 0x28, 0xAF, 0x8A, 0xB4,
    0xC4, 0x58, 0x48, 0xFB, 0xDC, 0x4A, 0xA4, 0x3F, 0x79, 0xCF, 0x44, 0x89, 0xB7, 0x8D, 0x92, 0x38,
    0x9C, 0xA3, 0x88, 0x24, 0x0A, 0x2F, 0x4E, 0xA7, 0x7C, 0xDB, 0x0C, 0x43, 0x4B, 0x1F, 0x6F, 0x84,
    0x42, 0xA2, 0x34, 0xBF, 0x2D, 0xCA, 0xD7, 0xBE, 0xFE, 0xFE, 0x9E, 0xA7, 0x51, 0x25, 0xAA, 0xAE,
    0xE6, 0x9F, 0x57, 0x7F, 0xFE, 0xBD, 0xFA, 0x9F, 0xB4, 0xB8, 0x16, 0x16, 0xE7, 0x7D, 0x20, 0x19,
    0x4A, 0x6F, 0x1C, 0x4E, 0xA8, 0x05, 0xD6, 0x1A, 0xE7, 0x40, 0x69, 0x85, 0xE3, 0xD5, 0xB3, 0x67,
    0xAB, 0xA9, 0xF7, 0x64, 0x27, 0x9E, 0x91, 0xFF, 0x01, 0x7D, 0xD6, 0x5D, 0x6A, 0xE4, 0xC0, 0x0E,
    0x47, 0xF1, 0x03, 0x7A, 0x0D, 0x68, 0x2B, 0x59, 0x40, 0x81, 0xB6, 0x2E, 0xE8, 0xD7, 0x81, 0xDE,
    0x8A, 0x20, 0xAF, 0x82, 0xFF, 0x55, 0xF9, 0x8B, 0x74, 0x2E, 0xF7, 0x7A, 0x38, 0xBF, 0x1A, 0x1B,
    0x67, 0xCA, 0x69, 0x97, 0xDD, 0x43, 0x14, 0xA6, 0xC6, 0xEB, 0x0B, 0x07, 0x62, 0x5A, 0x53, 0xEF,
    0x4C, 0x75, 0xE4, 0xC9, 0x19, 0x84, 0xC0, 0xA5, 0x7C, 0x4E, 0xBC, 0xEB, 0x49, 0x9A, 0x1A, 0x58,
    0x0B, 0xBE, 0xBF, 0x41, 0x85, 0xAB, 0x91, 0xDA, 0xF4, 0xFA, 0xE7, 0x2F, 0x23, 0xDC, 0x8F, 0x7A,
    0xAD, 0xB3, 0x39, 0xAD, 0xAA, 0x8E, 0x7E, 0x5E, 0x79, 0x24, 0x03, 0x39, 0x84, 0x7F, 0x11, 0xEA,
    0xA3, 0x39, 0x8D, 0xAA, 0x33, 0x4C, 0x79, 0x1C, 0xD4, 0xAB, 0xAC, 0xC0, 0xF3, 0xEC, 0xB9, 0x76,
    0xF3, 0x6C, 0x8F, 0xA9, 0x29, 0xCF, 0x2B, 0xA8, 0x80, 0xDE, 0x2D, 0x88, 0x5D, 0x7F, 0xE1, 0x6A,
    0x6C, 0xC2, 0x25, 0xE2, 0xA8, 0x3F, 0x7E, 0xA7, 0xBB, 0x3A, 0x33, 0x29, 0x8F, 0x0A, 0x2C, 0xCF,
    0xA4, 0x3C, 0x72, 0x78, 0x0A, 0xD8, 0xF6, 0x20, 0x25, 0x56, 0x0E, 0x9E, 0xDC, 0x4C, 0xC4, 0x8D,
    0x4B, 0x79, 0xC2, 0x02, 0xE8, 0x9B, 0x90, 0x2E, 0xAC, 0xB8, 0xF0, 0xBC, 0x7F, 0x54, 0x52, 0x6D,
    0x12, 0x80, 0x75, 0x58, 0x1B, 0x4B, 0x2C, 0x65, 0x4A, 0x7B, 0xE9, 0xAD, 0xB2, 0xF7, 0x5B, 0x3F,
    0xED, 0x6D, 0xA2, 0xBD, 0xAC, 0xC7, 0xB4, 0xBA, 0x2C, 0xC7, 0x93, 0x8A, 0xD1, 0xC6, 0x38, 0xD4,
    0xB8, 0x10, 0x96, 0xCB, 0xDE, 0x63, 0x7B, 0xE0, 0x97, 0xB5, 0xB6, 0xD4, 0xC7, 0x74, 0x00, 0x81,
    0xDF, 0xE4, 0x41, 0x80, 0x72, 0xC1, 0xCF, 0x8D, 0x4B, 0xCA, 0xD8, 0xD8, 0x4F, 0x15, 0x96, 0x37,
    0x21, 0x09, 0x6D, 0x3C, 0x7F, 0x12, 0xE7, 0x01, 0x25, 0x41, 0x70, 0xB2, 0x36, 0x28, 0x37, 0xBA,
    0xB0, 0xF2, 0xBC, 0xB1, 0x21, 0x2D, 0x67, 0xF4, 0x57, 0xFA, 0x49, 0x84, 0xFC, 0x2D, 0xC9, 0x55,
    0x9E, 0x2E, 0x9C, 0xE0, 0x24, 0x58, 0x17, 0xEB, 0xA4, 0x2F, 0xA2, 0x6A, 0x73, 0x4E, 0x84, 0x74,
    0x9A, 0xD7, 0x5C, 0x8F, 0x96, 0xCA, 0x3D, 0x93, 0x6A, 0x7C, 0x67, 0xF9, 0x08, 0x9E, 0xE1, 0xA3,
    0xFA, 0xB0, 0x3C, 0x71, 0x4B, 0x2B, 0xC2, 0x12, 0x8D, 0x45, 0xB0, 0x46, 0xCF, 0xD3, 0xE6, 0x32,
    0x83, 0xA6, 0x25, 0x6A, 0x6C, 0x9C, 0x60, 0x3D, 0xB4, 0x23, 0xEA, 0xE2, 0x6D, 0xE5, 0xF6, 0xB6,
    0x3C, 0x99, 0x8D, 0xCD, 0xB7, 0x24, 0x65, 0x2C, 0x5F, 0x5C, 0x7C, 0x2D, 0x56, 0x7D, 0xD5, 0xB0,
    0x86, 0x1C, 0x22, 0x23, 0x2F, 0x08, 0x4E, 0x90, 0xA0, 0xC7, 0xA2, 0x28, 0xFA, 0x30, 0x28, 0x1B,
    0xAD, 0xEC, 0xBC, 0xFE, 0xEC, 0xD8, 0xD6, 0xE8, 0x59, 0xCB, 0x6F, 0x6D, 0xC4, 0x2D, 0xFB, 0x36,
    0xF6, 0x49, 0x84, 0x6F, 0x97, 0xBF, 0x6A, 0x8D, 0xD0, 0x87, 0x45, 0x3B, 0x5E, 0x54, 0x48, 0xB9,
    0x6D, 0x9E, 0xF5, 0xE3, 0x37, 0xE7, 0x51, 0xE7, 0xC4, 0x3A, 0x20, 0x34, 0xC8, 0x85, 0x35, 0x8D,
    0xD5, 0xE0, 0xF9, 0x00, 0x75, 0x12, 0xD8, 0x83, 0x6F, 0x22, 0xAF, 0xF5, 0xA4, 0xC1, 0x64, 0xC9,
    0x9F, 0x4D, 0xD2, 0x05, 0xF8, 0xFD, 0xA8, 0x7A, 0xC7, 0xEF, 0xA7, 0xAC, 0x6F, 0xAC, 0x3E, 0x9F,
    0xC8, 0xE7, 0xAA, 0xA5, 0xBA, 0xF0, 0xE4, 0x37, 0x56, 0x9B, 0x26, 0x41, 0x1A, 0x42, 0xC0, 0xFA,
    0xF5, 0x0B, 0x04, 0x14, 0x3D, 0x58, 0xDD, 0x4B, 0x38, 0x18, 0x7A, 0x78, 0x15, 0x48, 0xAA, 0x13,
    0xFF, 0x29, 0xF0, 0xDC, 0xD0, 0x27, 0xF7, 0xFA, 0x8D, 0x8D, 0xC3, 0xFA, 0xF5, 0xA1, 0x58, 0xE1,
    0x92, 0xEE, 0xB0, 0xE2, 0x2C, 0x13, 0x7F, 0x4F, 0x02, 0x2F, 0x08, 0x40, 0x46, 0x28, 0xF0, 0x68,
    0x88, 0x04, 0x81, 0x35, 0xC4, 0xD4, 0xD3, 0xF7, 0xC4, 0xF5, 0xE3, 0x7E, 0x3F, 0x11, 0x3D, 0xD2,
    0x9C, 0xBB, 0x78, 0x6D, 0xCB, 0xCE, 0x81, 0x1E, 0xED, 0x73, 0x48, 0xD6, 0xC7, 0xD0, 0x80, 0xEF,
    0xA1, 0x8F, 0xC1, 0x95, 0x0E, 0x15, 0xEF, 0x72, 0xAC, 0x96, 0x55, 0x60, 0xD5, 0x54, 0xE0, 0xD9,
    0x7B, 0x4F, 0x94, 0xD5, 0x3A, 0x5F, 0xE7, 0xA1, 0x32, 0x29, 0xEF, 0xF7, 0x36, 0x58, 0xF2, 0xDF,
    0x83, 0x7F, 0x0E, 0xFC, 0x1A, 0x4C, 0x83, 0x2B, 0x07, 0x1F, 0xC2, 0x86, 0x75, 0xE0, 0x07, 0xDC,
    0xAC, 0x4D, 0x6F, 0x6A, 0x88, 0xFB, 0xBE, 0x7E, 0x3B, 0x90, 0x31, 0x94, 0xC0, 0x7E, 0x94, 0xF8,
    0xCF, 0x7B, 0x08, 0x4B, 0xD6, 0x1A, 0xEA, 0x6B, 0x80, 0x3F, 0xF8, 0xF0, 0xE5, 0x80, 0xEB, 0x59,
    0x6F, 0x83, 0x94, 0x74, 0x14, 0x65, 0x15, 0x92, 0x76, 0xB6, 0xF7, 0x72, 0x67, 0x3F, 0x92, 0xDA,
    0x73, 0xFF, 0x09, 0x5C, 0x3D, 0x15, 0x01, 0x77, 0x7F, 0xBF, 0xAB, 0xEE, 0xC9, 0xD4, 0xF7, 0xF7,
    0xB4, 0x22, 0x69, 0x07, 0xAB, 0x05, 0x9E, 0x37, 0xC1, 0xCD, 0xA2, 0xA0, 0x91, 0x6E, 0x2A, 0x86,
    0x5C, 0xB4, 0x9D, 0x34, 0xF1, 0xE0, 0xA2, 0x06, 0x15, 0x48, 0xF9, 0xFB, 0x9B, 0xEC, 0x59, 0xEE,
    0xE0, 0x07, 0x6B, 0x88, 0xCD, 0xDA, 0xF4, 0xA6, 0x16, 0x26, 0xA9, 0x0F, 0xF0, 0x0C, 0x70, 0x02,
    0x97, 0x54, 0x07, 0x34, 0x8E, 0xD5, 0x8D, 0xE7, 0x45, 0x06, 0x43, 0x6F, 0x70, 0x81, 0x54, 0x84,
    0x35, 0xF0, 0xD1, 0xFD, 0x01, 0x82, 0x92, 0x68, 0x4C, 0x89, 0xA4, 0xDE, 0xFD, 0xFE, 0xB0, 0x62,
    0x97, 0x8E, 0x4B, 0x98, 0xAE, 0x25, 0x8A, 0x1A, 0x97, 0x08, 0x05, 0x7D, 0x2C, 0x44, 0x3C, 0xCF,
    0x82, 0xB3, 0x45, 0xD1, 0x1F, 0x25, 0x6D, 0x67, 0x71, 0x27, 0x4B, 0x97, 0x12, 0x09, 0xFC, 0x9A,
    0xEC, 0xFB, 0xBA, 0x9D, 0xE5, 0xE9, 0x3A, 0x37, 0x4B, 0xC7, 0x33, 0x78, 0x62, 0x4D, 0x4D, 0x3C,
    0x15, 0xEB, 0xAA, 0x8F, 0x54, 0x45, 0x14, 0x98, 0x06, 0x57, 0x43, 0x64, 0x7F, 0xBC, 0xA1, 0x6E,
    0xE8, 0x8D, 0x78, 0x96, 0xED, 0xDF, 0xFD, 0x5C, 0xCB, 0x2D, 0xA5, 0xB0, 0x7C, 0xDB, 0xEB, 0x3D,
    0xD8, 0x3B, 0xDB, 0x2D, 0x08, 0x79, 0x0F, 0x4A, 0xD6, 0x97, 0xC3, 0xF7, 0xFA, 0x82, 0x90, 0x7A,
    0xAA, 0x1D, 0xE7, 0xF6, 0x2D, 0x29, 0x77, 0x04, 0xFC, 0xDF, 0xFF, 0x30, 0xFD, 0x2E, 0xC1, 0xEF,
    0xA4, 0xDA, 0x11, 0x9C, 0x07, 0x2C, 0x8F, 0x69, 0x27, 0xF2, 0x3E, 0x31, 0x40, 0x3D, 0x25, 0xF4,
    0x7D, 0xEB, 0xAE, 0x3C, 0xCF, 0x6C, 0x57, 0xD7, 0x9C, 0x3E, 0xC5, 0x9D, 0x15, 0x4B, 0x45, 0x14,
    0xDE, 0x10, 0x6D, 0x49, 0x2B, 0x51, 0x11, 0xCD, 0x1E, 0x78, 0xD5, 0x79, 0x96, 0x25, 0xED, 0xBB,
    0xF3, 0x06, 0xA5, 0x23, 0x5C, 0x4D, 0x28, 0xF1, 0xE4, 0x3C, 0x99, 0xDA, 0xE4, 0xBA, 0xFF, 0xD6,
    0x1B, 0x49, 0xC2, 0x87, 0xA4, 0xB0, 0xB4, 0x84, 0x21, 0x87, 0xD7, 0x6B, 0xD0, 0xFB, 0x95, 0x56,
    0xAD, 0xB4, 0x2C, 0x5D, 0xFF, 0xD4, 0xE6, 0x67, 0x63, 0x65, 0xA3, 0x34, 0xC4, 0x06, 0xFA, 0xA1,
    0x26, 0xFB, 0x43, 0x82, 0xEB, 0x5A, 0xD0, 0xD6, 0x9E, 0x6D, 0xE5, 0x19, 0x9E, 0x4E, 0x38, 0x43,
    0x10, 0xBF, 0xF8, 0xF5, 0xE4, 0xF5, 0x27, 0xF7, 0xFA, 0x51, 0x6E, 0x0A, 0x4F, 0x1B, 0x18, 0x02,
    0x1E, 0xAC, 0x58, 0x27, 0xE7, 0x92, 0x65, 0x28, 0x62, 0x82, 0xE9, 0x24, 0xD4, 0x17, 0xAF, 0xFB,
    0x12, 0xF1, 0x07, 0xB0, 0x57, 0x0E, 0x36, 0xB8, 0x31, 0x68, 0x38, 0xA6, 0xDC, 0xC4, 0xBF, 0x2F,
    0xD0, 0x5A, 0xD0, 0x83, 0xD5, 0x43, 0xD6, 0x37, 0x9E, 0xF0, 0xBF, 0xB1, 0xFC, 0x5C, 0xE9, 0x51,
    0x20, 0xA9, 0x4F, 0xE0, 0x95, 0xD8, 0x55, 0x28, 0xD1, 0x51, 0xDD, 0x0F, 0x92, 0x3D, 0x51, 0x96,
    0x5E, 0x26, 0xE1, 0xD7, 0xFB, 0xE8, 0xBC, 0xFD, 0xB6, 0xAB, 0xD8, 0x5D, 0x47, 0x17, 0xE2, 0x9C,
    0x20, 0x71, 0xE7, 0xE9, 0x3F, 0xFB, 0xFF, 0xE7, 0xFF, 0x1F, 0x00, 0xD5, 0xD2, 0xC1, 0x69, 0xC5,
    0x40, 0x0C, 0x06, 0xE1, 0x01, 0x15, 0xA0, 0x56, 0x52, 0x80, 0x40, 0xAD, 0x0B, 0xDC, 0x90, 0x0A,
    0x10, 0x28, 0x5E, 0xB1, 0xC6, 0x4B, 0xF2, 0xEE, 0x21, 0x97, 0x6F, 0x6E, 0xE6, 0x5F, 0x64, 0xD0,
    0x96, 0x0E, 0xF0, 0xD2, 0x09, 0x1A, 0x40, 0xE1, 0xBC, 0xC9, 0x89, 0x74, 0x77, 0x81, 0xDF, 0x49,
    0xB8, 0x92, 0x02, 0x24, 0xCE, 0x68, 0x90, 0x13, 0x39, 0xC3, 0x93, 0x00, 0xFC, 0x89, 0x1E, 0x31,
    0x9E, 0x00, 0xD4, 0xE4, 0xF3, 0x86, 0xC4, 0x00, 0x4D, 0x0A, 0xE8, 0xF0, 0x5C, 0xC1, 0x03, 0x00,
    0x6D, 0xC0, 0xCB, 0xC1, 0x71, 0x28, 0x6C, 0x01, 0xE4, 0xCC, 0x8F, 0xC2, 0x17, 0x57, 0x92, 0x48,
    0x0C, 0x92, 0xE8, 0x49, 0xA0, 0x0C, 0x1A, 0xF8, 0x09, 0x18, 0x83, 0x43, 0x31, 0x70, 0x7E, 0x7D,
    0xA1, 0x8B, 0x8E, 0x05, 0x7B, 0x90, 0xC2, 0x39, 0x68, 0x30, 0x48, 0xEC, 0x8F, 0x06, 0xCD, 0xB1,
    0xE7, 0xDA, 0xD7, 0x3E, 0xB7, 0x06, 0x14, 0x8E, 0xEC, 0x02, 0x24, 0xD3, 0x39, 0xB9, 0xEE, 0x9B,
    0xFB, 0x3E, 0xBA, 0x83, 0xC4, 0x51, 0xDB, 0x77, 0x9F, 0x4A, 0x52, 0x47, 0xB9, 0x9B, 0xD3, 0x58,
    0xF5, 0xBB, 0x32, 0xD5, 0xB3, 0xD8, 0x6A, 0x4C, 0xF7, 0x0C, 0xE5, 0x99, 0x05, 0xBF, 0x67, 0x25,
    0xC6, 0xFB, 0x1B, 0xCC, 0x7F, 0x30, 0xC5, 0xE3, 0x7D, 0xE7, 0x95, 0x9F, 0xDF, 0x79, 0x36, 0x57,
    0xFF, 0xF1, 0x3B, 0xE7, 0x9A, 0x68, 0x27, 0xE0, 0x14, 0x60, 0x38, 0x50, 0xD8, 0xAB, 0x74, 0x41,
    0xEA, 0xF8, 0x95, 0x20, 0xC9, 0x28, 0xAF, 0xB1, 0x0D, 0xD0, 0xAD, 0xBE, 0xB2, 0x85, 0x79, 0xC9,
    0xD8, 0x60, 0xC8, 0x08, 0x50, 0x3F, 0x95, 0x64, 0x16, 0x8F, 0x3C, 0x6B, 0x13, 0x98, 0x21, 0x68,
    0x38, 0xE0, 0x2C, 0x6D, 0x6B, 0xE0, 0x4D, 0x97, 0x74, 0x6B, 0x97, 0xA6, 0x51, 0x68, 0xB0, 0xCD,
    0xC7, 0x44, 0x12, 0xE9, 0x25, 0x1E, 0x4B, 0x4D, 0x09, 0x90, 0x91, 0xD2, 0x65, 0xDE, 0x86, 0x2C,
    0xBB, 0x43, 0x1B, 0x6F, 0xA4, 0xF9, 0x06, 0x3D, 0x8E, 0x81, 0x09, 0x03, 0x30, 0x08, 0x04, 0x1F,
    0x1C, 0xC0, 0x55, 0xBA, 0x81, 0xAB, 0x3B, 0x92, 0x03, 0x08, 0x57, 0x3E, 0x95, 0x4A, 0xC2, 0x41,
    0x3E, 0x72, 0x2F, 0xE9, 0xA3, 0x37, 0x2B, 0x4F, 0xF0, 0x90, 0xB4, 0x51, 0x8C, 0x01, 0xEB, 0xA8,
    0x55, 0x8E, 0xDA, 0x47, 0xD5, 0x93, 0xF3, 0xA2, 0x5C, 0x85, 0x81, 0x12, 0x26, 0xE9, 0xC2, 0x77,
    0x00, 0xC7, 0x05, 0xE1, 0x77, 0xFF, 0xA0, 0x03, 0xC3, 0x7B, 0xB0, 0x16, 0x60, 0x45, 0x6E, 0x58,
    0x18, 0xFB, 0xD3, 0x6F, 0xEC, 0xD9, 0xAF, 0xCB, 0x35, 0xFB, 0xF7, 0xBC, 0xD6, 0x5F,
};

static const EpdGlyph notosans_14_italicGlyphs[] = {
    { 1, 1, 0, 0, 1, 1, 0 }, // U+0000
    { 1, 1, 128, 0, 1, 1, 1 }, // U+000D
    { 1, 1, 128, 0, 1, 1, 2 }, // U+0020
    { 7, 21, 128, 1, 21, 37, 3 }, // !
    { 9, 8, 176, 3, 21, 18, 40 }, // "
    { 18, 21, 304, 1, 21, 95, 58 }, // #
    { 14, 24, 256, 1, 22, 84, 153 }, // $
    { 20, 21, 368, 2, 21, 105, 237 }, // %
    { 18, 21, 320, 1, 21, 95, 342 }, // &
    { 4, 8, 96, 3, 21, 8, 437 }, // '
    { 10, 26, 128, 1, 21, 65, 445 }, // (
    { 9, 26, 128, -2, 21, 59, 510 }, // )
    { 13, 13, 256, 3, 22, 43, 569 }, // *
    { 14, 14, 272, 2, 17, 49, 612 }, // +
    { 6, 7, 112, -1, 3, 11, 661 }, // ,
    { 7, 2, 144, 1, 9, 4, 672 }, // -
    { 3, 4, 112, 1, 4, 3, 676 }, // .
    { 14, 21, 160, -1, 21, 74, 679 }, // /
    { 13, 21, 256, 2, 21, 69, 753 }, // 0
    { 9, 21, 208, 3, 21, 48, 822 }, // 1
    { 15, 21, 256, 0, 21, 79, 870 }, // 2
    { 15, 21, 256, 0, 21, 79, 949 }, // 3
    { 16, 21, 256, 0, 21, 84, 1028 }, // 4
    { 15, 21, 256, 0, 21, 79, 1112 }, // 5
    { 14, 21, 256, 1, 21, 74, 1191 }, // 6
    { 14, 21, 224, 2, 21, 74, 1265 }, // 7
    { 14, 21, 256, 1, 21, 74, 1339 }, // 8
    { 14, 21, 256, 1, 21, 74, 1413 }, // 9
    { 6, 16, 112, 1, 16, 24, 1487 }, // :
    { 8, 20, 112, -1, 16, 40, 1511 }, // ;
    { 14, 15, 272, 2, 18, 53, 1551 }, // <
    { 13, 8, 272, 2, 14, 26, 1604 }, // =
    { 14, 15, 272, 2, 18, 53, 1630 }, // >
    { 11, 21, 192, 2, 21, 58, 1683 }, // ?
    { 22, 24, 400, 2, 21, 132, 1741 }, // @
    { 17, 21, 256, -2, 21, 90, 1873 }, // A
    { 16, 21, 272, 1, 21, 84, 1963 }, // B
    { 16, 21, 272, 2, 21, 84, 2047 }, // C
    { 17, 21, 304, 1, 21, 90, 2131 }, // D
    { 15, 21, 240, 1, 21, 79, 2221 }, // E
    { 15, 21, 224, 1, 21, 79, 2300 }, // F
    { 17, 21, 320, 2, 21, 90, 2379 }, // G
    { 19, 21, 320, 1, 21, 100, 2469 }, // H
    { 12, 21, 144, -1, 21, 63, 2569 }, // I
    { 13, 27, 128, -5, 21, 88, 2632 }, // J
    { 18, 21, 256, 1, 21, 95, 2720 }, // K
    { 11, 21, 224, 1, 21, 58, 2815 }, // L
    { 23, 21, 384, 1, 21, 121, 2873 }, // M
    { 20, 21, 336, 1, 21, 105, 2994 }, // N
    { 18, 21, 336, 2, 21, 95, 3099 }, // O
    { 15, 21, 256, 1, 21, 79, 3194 }, // P
    { 18, 26, 336, 2, 21, 117, 3273 }, // Q
    { 16, 21, 272, 1, 21, 84, 3390 }, // R
    { 14, 21, 240, 1, 21, 74, 3474 }, // S
    { 14, 21, 240, 3, 21, 74, 3548 }, // T
    { 18, 21, 320, 2, 21, 95, 3622 }, // U
    { 16, 21, 256, 3, 21, 84, 3717 }, // V
    { 24, 21, 400, 3, 21, 126, 3801 }, // W
    { 20, 21, 240, -2, 21, 105, 3927 }, // X
    { 14, 21, 240, 3, 21, 74, 4032 }, // Y
    { 17, 21, 240, 0, 21, 90, 4106 }, // Z
    { 11, 26, 128, 0, 21, 72, 4196 }, // [
    { 6, 21, 160, 3, 21, 32, 4268 }, // <backslash>
    { 11, 26, 128, -2, 21, 72, 4300 }, // ]
    { 14, 13, 272, 1, 21, 46, 4372 }, // ^
    { 12, 2, 176, -3, -3, 6, 4418 }, // _
    { 5, 4, 128, 4, 22, 5, 4424 }, // `
    { 15, 16, 256, 1, 16, 60, 4429 }, // a
    { 14, 22, 272, 1, 22, 77, 4489 }, // b
    { 12, 16, 208, 1, 16, 48, 4566 }, // c
    { 16, 22, 272, 1, 22, 88, 4614 }, // d
    { 13, 16, 224, 1, 16, 52, 4702 }, // e
    { 16, 29, 144, -3, 22, 116, 4754 }, // f
    { 15, 23, 272, 1, 16, 87, 4870 }, // g
    { 14, 22, 272, 1, 22, 77, 4957 }, // h
    { 7, 21, 112, 1, 21, 37, 5034 }, // i
    { 12, 28, 112, -4, 21, 84, 5071 }, // j
    { 14, 22, 224, 1, 22, 77, 5155 }, // k
    { 7, 22, 112, 1, 22, 39, 5232 }, // l
    { 23, 16, 400, 1, 16, 92, 5271 }, // m
    { 14, 16, 272, 1, 16, 56, 5363 }, // n
    { 14, 16, 256, 1, 16, 56, 5419 }, // o
    { 16, 23, 272, -1, 16, 92, 5475 }, // p
    { 15, 23, 272, 1, 16, 87, 5567 }, // q
    { 11, 16, 192, 1, 16, 44, 5654 }, // r
    { 12, 16, 208, 0, 16, 48, 5698 }, // s
    { 10, 19, 160, 1, 19, 48, 5746 }, // t
    { 14, 16, 272, 2, 16, 56, 5794 }, // u
    { 14, 16, 224, 1, 16, 56, 5850 }, // v
    { 20, 16, 336, 2, 16, 80, 5906 }, // w
    { 16, 16, 224, -1, 16, 64, 5986 }, // x
    { 18, 23, 224, -3, 16, 104, 6050 }, // y
    { 13, 16, 208, 0, 16, 52, 6154 }, // z
    { 12, 26, 160, 0, 21, 78, 6206 }, // {
    { 2, 29, 256, 8, 22, 15, 6284 }, // |
    { 11, 26, 160, -1, 21, 72, 6299 }, // }
    { 14, 4, 272, 2, 12, 14, 6371 }, // ~
    { 1, 1, 128, 0, 1, 1, 0 }, // U+00A0
    { 7, 21, 128, 0, 16, 37, 1 }, // U+00A1
    { 12, 21, 256, 3, 21, 63, 38 }, // U+00A2
    { 17, 21, 256, 0, 21, 90, 101 }, // U+00A3
    { 13, 12, 256, 2, 16, 39, 191 }, // U+00A4
    { 16, 21, 256, 2, 21, 84, 230 }, // U+00A5
    { 2, 29, 256, 8, 22, 15, 314 }, // U+00A6
    { 13, 22, 224, 1, 22, 72, 329 }, // U+00A7
    { 8, 3, 256, 6, 21, 6, 401 }, // U+00A8
    { 22, 21, 384, 1, 21, 116, 407 }, // U+00A9
    { 9, 10, 160, 2, 21, 23, 523 }, // U+00AA
    { 13, 12, 224, 1, 14, 39, 546 }, // U+00AB
    { 14, 7, 272, 2, 11, 25, 585 }, // U+00AC
    { 7, 2, 144, 1, 9, 4, 610 }, // U+00AD
    { 22, 21, 384, 1, 21, 116, 614 }, // U+00AE
    { 12, 2, 176, 3, 24, 6, 730 }, // U+00AF
    { 9, 9, 192, 2, 21, 21, 736 }, // U+00B0
    { 14, 17, 272, 2, 17, 60, 757 }, // U+00B1
    { 10, 13, 160, 2, 25, 33, 817 }, // U+00B2
    { 9, 13, 160, 2, 25, 30, 850 }, // U+00B3
    { 6, 4, 128, 3, 22, 6, 880 }, // U+00B4
    { 17, 23, 272, -1, 16, 98, 886 }, // U+00B5
    { 14, 26, 304, 3, 22, 91, 984 }, // U+00B6
    { 4, 4, 112, 2, 13, 4, 1075 }, // U+00B7
    { 5, 7, 96, -2, 0, 9, 1079 }, // U+00B8
    { 6, 12, 160, 4, 24, 18, 1088 }, // U+00B9
    { 9, 10, 160, 2, 21, 23, 1106 }, // U+00BA
    { 13, 12, 224, 0, 14, 39, 1129 }, // U+00BB
    { 18, 21, 336, 2, 21, 95, 1168 }, // U+00BC
    { 19, 21, 368, 3, 21, 100, 1263 }, // U+00BD
    { 20, 21, 368, 2, 21, 105, 1363 }, // U+00BE
    { 11, 22, 192, -1, 16, 61, 1468 }, // U+00BF
    { 17, 27, 256, -2, 27, 115, 1529 }, // U+00C0
    { 18, 27, 256, -2, 27, 122, 1644 }, // U+00C1
    { 18, 27, 256, -2, 27, 122, 1766 }, // U+00C2
    { 19, 26, 256, -2, 26, 124, 1888 }, // U+00C3
    { 18, 26, 256, -2, 26, 117, 2012 }, // U+00C4
    { 17, 29, 256, -2, 29, 124, 2129 }, // U+00C5
    { 27, 21, 384, -2, 21, 142, 2253 }, // U+00C6
    { 16, 28, 272, 2, 21, 112, 2395 }, // U+00C7
    { 15, 27, 240, 1, 27, 102, 2507 }, // U+00C8
    { 15, 27, 240, 1, 27, 102, 2609 }, // U+00C9
    { 15, 27, 240, 1, 27, 102, 2711 }, // U+00CA
    { 15, 26, 240, 1, 26, 98, 2813 }, // U+00CB
    { 12, 27, 144, -1, 27, 81, 2911 }, // U+00CC
    { 14, 27, 144, -1, 27, 95, 2992 }, // U+00CD
    { 13, 27, 144, -1, 27, 88, 3087 }, // U+00CE
    { 13, 26, 144, -1, 26, 85, 3175 }, // U+00CF
    { 17, 21, 304, 1, 21, 90, 3260 }, // U+00D0
    { 20, 26, 336, 1, 26, 130, 3350 }, // U+00D1
    { 18, 27, 336, 2, 27, 122, 3480 }, // U+00D2
    { 18, 27, 336, 2, 27, 122, 3602 }, // U+00D3
    { 18, 27, 336, 2, 27, 122, 3724 }, // U+00D4
    { 18, 26, 336, 2, 26, 117, 3846 }, // U+00D5
    { 18, 26, 336, 2, 26, 117, 3963 }, // U+00D6
    { 13, 13, 272, 2, 17, 43, 4080 }, // U+00D7
    { 19, 23, 336, 2, 22, 110, 4123 }, // U+00D8
    { 18, 27, 320, 2, 27, 122, 4233 }, // U+00D9
    { 18, 27, 320, 2, 27, 122, 4355 }, // U+00DA
    { 18, 27, 320, 2, 27, 122, 4477 }, // U+00DB
    { 18, 26, 320, 2, 26, 117, 4599 }, // U+00DC
    { 14, 27, 240, 3, 27, 95, 4716 }, // U+00DD
    { 15, 21, 256, 1, 21, 79, 4811 }, // U+00DE
    { 20, 29, 272, -4, 22, 145, 4890 }, // U+00DF
    { 15, 22, 256, 1, 22, 83, 5035 }, // U+00E0
    { 15, 22, 256, 1, 22, 83, 5118 }, // U+00E1
    { 15, 22, 256, 1, 22, 83, 5201 }, // U+00E2
    { 15, 21, 256, 1, 21, 79, 5284 }, // U+00E3
    { 15, 21, 256, 1, 21, 79, 5363 }, // U+00E4
    { 15, 24, 256, 1, 24, 90, 5442 }, // U+00E5
    { 22, 16, 384, 1, 16, 88, 5532 }, // U+00E6
    { 12, 23, 208, 1, 16, 69, 5620 }, // U+00E7
    { 13, 22, 224, 1, 22, 72, 5689 }, // U+00E8
    { 13, 22, 224, 1, 22, 72, 5761 }, // U+00E9
    { 13, 22, 224, 1, 22, 72, 5833 }, // U+00EA
    { 13, 21, 224, 1, 21, 69, 5905 }, // U+00EB
    { 6, 22, 112, 1, 22, 33, 5974 }, // U+00EC
    { 9, 22, 112, 1, 22, 50, 6007 }, // U+00ED
    { 9, 22, 112, 1, 22, 50, 6057 }, // U+00EE
    { 9, 21, 112, 1, 21, 48, 6107 }, // U+00EF
    { 15, 22, 272, 1, 22, 83, 6155 }, // U+00F0
    { 15, 21, 272, 1, 21, 79, 6238 }, // U+00F1
    { 14, 22, 256, 1, 22, 77, 6317 }, // U+00F2
    { 14, 22, 256, 1, 22, 77, 6394 }, // U+00F3
    { 14, 22, 256, 1, 22, 77, 6471 }, // U+00F4
    { 14, 21, 256, 1, 21, 74, 6548 }, // U+00F5
    { 14, 21, 256, 1, 21, 74, 6622 }, // U+00F6
    { 14, 13, 272, 2, 17, 46, 6696 }, // U+00F7
    { 15, 18, 256, 1, 17, 68, 6742 }, // U+00F8
    { 14, 22, 272, 2, 22, 77, 6810 }, // U+00F9
    { 14, 22, 272, 2, 22, 77, 6887 }, // U+00FA
    { 14, 22, 272, 2, 22, 77, 6964 }, // U+00FB
    { 14, 21, 272, 2, 21, 74, 7041 }, // U+00FC
    { 18, 29, 224, -3, 22, 131, 7115 }, // U+00FD
    { 16, 29, 272, -1, 22, 116, 7246 }, // U+00FE
    { 18, 28, 224, -3, 21, 126, 7362 }, // U+00FF
    { 18, 25, 256, -2, 25, 113, 0 }, // U+0100
    { 15, 20, 256, 1, 20, 75, 113 }, // U+0101
    { 18, 26, 256, -2, 26, 117, 188 }, // U+0102
    { 15, 21, 256, 1, 21, 79, 305 }, // U+0103
    { 17, 27, 256, -2, 21, 115, 384 }, // U+0104
    { 15, 22, 256, 1, 16, 83, 499 }, // U+0105
    { 16, 27, 272, 2, 27, 108, 582 }, // U+0106
    { 13, 22, 208, 1, 22, 72, 690 }, // U+0107
    { 16, 27, 272, 2, 27, 108, 762 }, // U+0108
    { 13, 22, 208, 1, 22, 72, 870 }, // U+0109
    { 16, 26, 272, 2, 26, 104, 942 }, // U+010A
    { 12, 21, 208, 1, 21, 63, 1046 }, // U+010B
    { 17, 27, 272, 2, 27, 115, 1109 }, // U+010C
    { 14, 22, 208, 1, 22, 77, 1224 }, // U+010D
    { 17, 27, 304, 1, 27, 115, 1301 }, // U+010E
    { 21, 22, 288, 1, 22, 116, 1416 }, // U+010F
    { 17, 21, 304, 1, 21, 90, 1532 }, // U+0110
    { 18, 22, 272, 1, 22, 99, 1622 }, // U+0111
    { 15, 25, 240, 1, 25, 94, 1721 }, // U+0112
    { 13, 20, 224, 1, 20, 65, 1815 }, // U+0113
    { 15, 26, 240, 1, 26, 98, 1880 }, // U+0114
    { 13, 21, 224, 1, 21, 69, 1978 }, // U+0115
    { 15, 26, 240, 1, 26, 98, 2047 }, // U+0116
    { 13, 21, 224, 1, 21, 69, 2145 }, // U+0117
    { 15, 27, 240, 1, 21, 102, 2214 }, // U+0118
    { 13, 22, 224, 1, 16, 72, 2316 }, // U+0119
    { 15, 27, 240, 1, 27, 102, 2388 }, // U+011A
    { 14, 22, 224, 1, 22, 77, 2490 }, // U+011B
    { 17, 27, 320, 2, 27, 115, 2567 }, // U+011C
    { 15, 29, 272, 1, 22, 109, 2682 }, // U+011D
    { 17, 26, 320, 2, 26, 111, 2791 }, // U+011E
    { 15, 28, 272, 1, 21, 105, 2902 }, // U+011F
    { 17, 26, 320, 2, 26, 111, 3007 }, // U+0120
    { 15, 28, 272, 1, 21, 105, 3118 }, // U+0121
    { 17, 27, 320, 2, 21, 115, 3223 }, // U+0122
    { 15, 29, 272, 1, 22, 109, 3338 }, // U+0123
    { 19, 27, 320, 1, 27, 129, 3447 }, // U+0124
    { 14, 29, 272, 1, 29, 102, 3576 }, // U+0125
    { 21, 21, 320, 1, 21, 111, 3678 }, // U+0126
    { 14, 22, 272, 1, 22, 77, 3789 }, // U+0127
    { 15, 26, 144, -1, 26, 98, 3866 }, // U+0128
    { 10, 21, 112, 1, 21, 53, 3964 }, // U+0129
    { 13, 25, 144, -1, 25, 82, 4017 }, // U+012A
    { 9, 20, 112, 1, 20, 45, 4099 }, // U+012B
    { 14, 26, 144, -1, 26, 91, 4144 }, // U+012C
    { 9, 21, 112, 1, 21, 48, 4235 }, // U+012D
    { 12, 27, 144, -1, 21, 81, 4283 }, // U+012E
    { 9, 27, 112, -1, 21, 61, 4364 }, // U+012F
    { 12, 26, 144, -1, 26, 78, 4425 }, // U+0130
    { 6, 16, 112, 1, 16, 24, 4503 }, // U+0131
    { 19, 27, 272, -1, 21, 129, 4527 }, // U+0132
    { 14, 28, 240, 1, 21, 98, 4656 }, // U+0133
    { 16, 33, 128, -5, 27, 132, 4754 }, // U+0134
    { 14, 29, 112, -4, 22, 102, 4886 }, // U+0135
    { 18, 27, 256, 1, 21, 122, 4988 }, // U+0136
    { 14, 28, 224, 1, 22, 98, 5110 }, // U+0137
    { 14, 16, 224, 1, 16, 56, 5208 }, // U+0138
    { 11, 27, 224, 1, 27, 75, 5264 }, // U+0139
    { 11, 29, 112, 1, 29, 80, 5339 }, // U+013A
    { 11, 27, 224, 1, 21, 75, 5419 }, // U+013B
    { 9, 28, 112, -1, 22, 63, 5494 }, // U+013C
    { 14, 21, 224, 1, 21, 74, 5557 }, // U+013D
    { 12, 22, 128, 1, 22, 66, 5631 }, // U+013E
    { 12, 21, 224, 1, 21, 63, 5697 }, // U+013F
    { 9, 22, 144, 1, 22, 50, 5760 }, // U+0140
    { 12, 21, 224, 0, 21, 63, 5810 }, // U+0141
    { 9, 22, 112, 0, 22, 50, 5873 }, // U+0142
    { 20, 27, 336, 1, 27, 135, 5923 }, // U+0143
    { 14, 22, 272, 1, 22, 77, 6058 }, // U+0144
    { 20, 27, 336, 1, 21, 135, 6135 }, // U+0145
    { 14, 22, 272, 1, 16, 77, 6270 }, // U+0146
    { 20, 27, 336, 1, 27, 135, 6347 }, // U+0147
    { 15, 22, 272, 1, 22, 83, 6482 }, // U+0148
    { 17, 21, 304, 1, 21, 90, 6565 }, // U+0149
    { 20, 26, 336, 1, 21, 130, 6655 }, // U+014A
    { 14, 23, 272, 1, 16, 81, 6785 }, // U+014B
    { 18, 25, 336, 2, 25, 113, 6866 }, // U+014C
    { 14, 20, 256, 1, 20, 70, 6979 }, // U+014D
    { 18, 26, 336, 2, 26, 117, 7049 }, // U+014E
    { 14, 21, 256, 1, 21, 74, 7166 }, // U+014F
    { 19, 27, 336, 2, 27, 129, 7240 }, // U+0150
    { 16, 22, 256, 1, 22, 88, 7369 }, // U+0151
    { 24, 21, 400, 2, 21, 126, 7457 }, // U+0152
    { 23, 16, 400, 1, 16, 92, 7583 }, // U+0153
    { 16, 27, 272, 1, 27, 108, 7675 }, // U+0154
    { 12, 22, 192, 1, 22, 66, 7783 }, // U+0155
    { 16, 27, 272, 1, 21, 108, 7849 }, // U+0156
    { 13, 22, 192, -1, 16, 72, 7957 }, // U+0157
    { 16, 27, 272, 1, 27, 108, 8029 }, // U+0158
    { 13, 22, 192, 1, 22, 72, 8137 }, // U+0159
    { 14, 27, 240, 1, 27, 95, 8209 }, // U+015A
    { 13, 22, 208, 0, 22, 72, 8304 }, // U+015B
    { 14, 27, 240, 1, 27, 95, 8376 }, // U+015C
    { 12, 22, 208, 0, 22, 66, 8471 }, // U+015D
    { 14, 28, 240, 1, 21, 98, 8537 }, // U+015E
    { 12, 23, 208, 0, 16, 69, 8635 }, // U+015F
    { 14, 27, 240, 1, 27, 95, 8704 }, // U+0160
    { 13, 22, 208, 0, 22, 72, 8799 }, // U+0161
    { 15, 28, 240, 2, 21, 105, 8871 }, // U+0162
    { 10, 26, 160, 1, 19, 65, 8976 }, // U+0163
    { 14, 27, 240, 3, 27, 95, 9041 }, // U+0164
    { 12, 22, 160, 1, 22, 66, 9136 }, // U+0165
    { 15, 21, 240, 2, 21, 79, 9202 }, // U+0166
    { 10, 19, 160, 1, 19, 48, 9281 }, // U+0167
    { 18, 26, 320, 2, 26, 117, 9329 }, // U+0168
    { 14, 21, 272, 2, 21, 74, 9446 }, // U+0169
    { 18, 25, 320, 2, 25, 113, 9520 }, // U+016A
    { 14, 20, 272, 2, 20, 70, 9633 }, // U+016B
    { 18, 26, 320, 2, 26, 117, 9703 }, // U+016C
    { 14, 21, 272, 2, 21, 74, 9820 }, // U+016D
    { 18, 29, 320, 2, 29, 131, 9894 }, // U+016E
    { 14, 24, 272, 2, 24, 84, 10025 }, // U+016F
    { 18, 27, 320, 2, 27, 122, 10109 }, // U+0170
    { 16, 22, 272, 2, 22, 88, 10231 }, // U+0171
    { 18, 27, 320, 2, 21, 122, 10319 }, // U+0172
    { 14, 22, 272, 2, 16, 77, 10441 }, // U+0173
    { 24, 27, 400, 3, 27, 162, 10518 }, // U+0174
    { 20, 22, 336, 2, 22, 110, 10680 }, // U+0175
    { 14, 27, 240, 3, 27, 95, 10790 }, // U+0176
    { 18, 29, 224, -3, 22, 131, 10885 }, // U+0177
    { 14, 26, 240, 3, 26, 91, 11016 }, // U+0178
    { 17, 27, 240, 0, 27, 115, 11107 }, // U+0179
    { 13, 22, 208, 0, 22, 72, 11222 }, // U+017A
    { 17, 26, 240, 0, 26, 111, 11294 }, // U+017B
    { 13, 21, 208, 0, 21, 69, 11405 }, // U+017C
    { 17, 27, 240, 0, 27, 115, 11474 }, // U+017D
    { 14, 22, 208, 0, 22, 77, 11589 }, // U+017E
    { 16, 29, 128, -4, 22, 116, 11666 }, // U+017F
    { 22, 22, 336, 2, 22, 121, 0 }, // U+01A0
    { 18, 18, 256, 1, 18, 81, 121 }, // U+01A1
    { 23, 22, 336, 2, 22, 127, 202 }, // U+01AF
    { 19, 18, 288, 2, 18, 86, 329 }, // U+01B0
    { 35, 27, 560, 1, 27, 237, 415 }, // U+01C4
    { 32, 22, 512, 1, 22, 176, 652 }, // U+01C5
    { 30, 22, 480, 1, 22, 165, 828 }, // U+01C6
    { 21, 27, 352, 1, 21, 142, 993 }, // U+01C7
    { 21, 28, 336, 1, 21, 147, 1135 }, // U+01C8
    { 14, 29, 240, 1, 22, 102, 1282 }, // U+01C9
    { 28, 27, 448, 1, 21, 189, 1384 }, // U+01CA
    { 27, 28, 448, 1, 21, 189, 1573 }, // U+01CB
    { 24, 28, 384, 1, 21, 168, 1762 }, // U+01CC
    { 19, 27, 256, -2, 27, 129, 1930 }, // U+01CD
    { 15, 22, 256, 1, 22, 83, 2059 }, // U+01CE
    { 14, 27, 144, -1, 27, 95, 2142 }, // U+01CF
    { 10, 22, 112, 1, 22, 55, 2237 }, // U+01D0
    { 18, 27, 336, 2, 27, 122, 2292 }, // U+01D1
    { 14, 22, 256, 1, 22, 77, 2414 }, // U+01D2
    { 18, 27, 320, 2, 27, 122, 2491 }, // U+01D3
    { 14, 22, 272, 2, 22, 77, 2613 }, // U+01D4
    { 18, 29, 320, 2, 29, 131, 2690 }, // U+01D5
    { 14, 24, 272, 2, 24, 84, 2821 }, // U+01D6
    { 18, 30, 320, 2, 30, 135, 2905 }, // U+01D7
    { 14, 25, 272, 2, 25, 88, 3040 }, // U+01D8
    { 18, 31, 320, 2, 31, 140, 3128 }, // U+01D9
    { 14, 26, 272, 2, 26, 91, 3268 }, // U+01DA
    { 18, 30, 320, 2, 30, 135, 3359 }, // U+01DB
    { 14, 25, 272, 2, 25, 88, 3494 }, // U+01DC
    { 12, 16, 224, 1, 16, 48, 3582 }, // U+01DD
    { 19, 29, 256, -2, 29, 138, 3630 }, // U+01DE
    { 15, 24, 256, 1, 24, 90, 3768 }, // U+01DF
    { 19, 29, 256, -2, 29, 138, 3858 }, // U+01E0
    { 15, 24, 256, 1, 24, 90, 3996 }, // U+01E1
    { 27, 25, 384, -2, 25, 169, 4086 }, // U+01E2
    { 22, 20, 384, 1, 20, 110, 4255 }, // U+01E3
    { 17, 21, 320, 2, 21, 90, 4365 }, // U+01E4
    { 15, 23, 240, 1, 16, 87, 4455 }, // U+01E5
    { 17, 27, 320, 2, 27, 115, 4542 }, // U+01E6
    { 15, 29, 272, 1, 22, 109, 4657 }, // U+01E7
    { 18, 27, 256, 1, 27, 122, 4766 }, // U+01E8
    { 14, 29, 224, 1, 29, 102, 4888 }, // U+01E9
    { 18, 27, 336, 2, 21, 122, 4990 }, // U+01EA
    { 14, 22, 256, 1, 16, 77, 5112 }, // U+01EB
    { 18, 31, 336, 2, 25, 140, 5189 }, // U+01EC
    { 14, 26, 256, 1, 20, 91, 5329 }, // U+01ED
    { 16, 27, 240, 0, 27, 108, 5420 }, // U+01EE
    { 15, 29, 208, -2, 22, 109, 5528 }, // U+01EF
    { 15, 29, 112, -4, 22, 109, 5637 }, // U+01F0
    { 35, 21, 560, 1, 21, 184, 5746 }, // U+01F1
    { 31, 21, 512, 1, 21, 163, 5930 }, // U+01F2
    { 29, 22, 480, 1, 22, 160, 6093 }, // U+01F3
    { 17, 27, 320, 2, 27, 115, 6253 }, // U+01F4
    { 15, 29, 272, 1, 22, 109, 6368 }, // U+01F5
    { 24, 21, 416, 1, 21, 126, 6477 }, // U+01F6
    { 18, 28, 288, 0, 21, 126, 6603 }, // U+01F7
    { 20, 27, 336, 1, 27, 135, 6729 }, // U+01F8
    { 14, 22, 272, 1, 22, 77, 6864 }, // U+01F9
    { 18, 28, 256, -2, 28, 126, 6941 }, // U+01FA
    { 15, 28, 256, 1, 28, 105, 7067 }, // U+01FB
    { 27, 27, 384, -2, 27, 183, 7172 }, // U+01FC
    { 22, 22, 384, 1, 22, 121, 7355 }, // U+01FD
    { 19, 28, 336, 2, 27, 133, 7476 }, // U+01FE
    { 15, 23, 256, 1, 22, 87, 7609 }, // U+01FF
    { 17, 27, 256, -2, 27, 115, 7696 }, // U+0200
    { 15, 22, 256, 1, 22, 83, 7811 }, // U+0201
    { 18, 26, 256, -2, 26, 117, 7894 }, // U+0202
    { 15, 21, 256, 1, 21, 79, 8011 }, // U+0203
    { 15, 27, 240, 1, 27, 102, 8090 }, // U+0204
    { 13, 22, 224, 1, 22, 72, 8192 }, // U+0205
    { 15, 26, 240, 1, 26, 98, 8264 }, // U+0206
    { 13, 21, 224, 1, 21, 69, 8362 }, // U+0207
    { 12, 27, 144, -1, 27, 81, 8431 }, // U+0208
    { 10, 22, 112, -1, 22, 55, 8512 }, // U+0209
    { 13, 26, 144, -1, 26, 85, 8567 }, // U+020A
    { 9, 21, 112, 1, 21, 48, 8652 }, // U+020B
    { 18, 27, 336, 2, 27, 122, 8700 }, // U+020C
    { 14, 22, 256, 1, 22, 77, 8822 }, // U+020D
    { 18, 26, 336, 2, 26, 117, 8899 }, // U+020E
    { 14, 21, 256, 1, 21, 74, 9016 }, // U+020F
    { 16, 27, 272, 1, 27, 108, 9090 }, // U+0210
    { 11, 22, 192, 1, 22, 61, 9198 }, // U+0211
    { 16, 26, 272, 1, 26, 104, 9259 }, // U+0212
    { 12, 21, 192, 1, 21, 63, 9363 }, // U+0213
    { 18, 27, 320, 2, 27, 122, 9426 }, // U+0214
    { 14, 22, 272, 2, 22, 77, 9548 }, // U+0215
    { 18, 26, 320, 2, 26, 117, 9625 }, // U+0216
    { 14, 21, 272, 2, 21, 74, 9742 }, // U+0217
    { 14, 27, 240, 1, 21, 95, 9816 }, // U+0218
    { 12, 22, 208, 0, 16, 66, 9911 }, // U+0219
    { 14, 27, 240, 3, 21, 95, 9977 }, // U+021A
    { 10, 25, 160, 1, 19, 63, 10072 }, // U+021B
    { 19, 26, 272, -2, 21, 124, 10135 }, // U+021C
    { 16, 23, 224, -2, 16, 92, 10259 }, // U+021D
    { 19, 27, 320, 1, 27, 129, 10351 }, // U+021E
    { 14, 29, 272, 1, 29, 102, 10480 }, // U+021F
    { 5, 4, 0, -11, 22, 5, 0 }, // U+0300
    { 7, 4, 0, -7, 22, 7, 5 }, // U+0301
    { 9, 4, 0, -2, 22, 9, 12 }, // U+0302
    { 11, 3, 0, -12, 21, 9, 21 }, // U+0303
    { 8, 2, 0, -2, 20, 4, 30 }, // U+0304
    { 12, 2, 0, -3, 24, 6, 34 }, // U+0305
    { 8, 3, 0, -1, 21, 6, 40 }, // U+0306
    { 3, 3, 0, 1, 21, 3, 46 }, // U+0307
    { 8, 3, 0, -1, 21, 6, 49 }, // U+0308
    { 5, 7, 0, -8, 24, 9, 55 }, // U+0309
    { 6, 6, 0, 0, 24, 9, 64 }, // U+030A
    { 11, 4, 0, -2, 22, 11, 73 }, // U+030B
    { 9, 4, 0, -1, 22, 9, 84 }, // U+030C
    { 4, 8, 0, 1, 22, 8, 93 }, // U+030D
    { 8, 5, 0, -1, 22, 10, 101 }, // U+030E
    { 9, 4, 0, -14, 22, 9, 111 }, // U+030F
    { 8, 6, 0, -1, 24, 12, 120 }, // U+0310
    { 8, 3, 0, -2, 21, 6, 132 }, // U+0311
    { 6, 7, 0, -1, 21, 11, 138 }, // U+0312
    { 6, 7, 0, -1, 21, 11, 149 }, // U+0313
    { 3, 7, 0, 1, 21, 6, 160 }, // U+0314
    { 6, 7, 0, -1, 21, 11, 166 }, // U+0315
    { 4, 4, 0, -5, -1, 4, 177 }, // U+0316
    { 6, 4, 0, -4, -1, 6, 181 }, // U+0317
    { 6, 5, 0, -5, -1, 8, 187 }, // U+0318
    { 6, 5, 0, -5, -1, 8, 195 }, // U+0319
    { 8, 8, 144, 3, 22, 16, 203 }, // U+031A
    { 6, 6, 0, -1, 22, 9, 219 }, // U+031B
    { 4, 6, 0, -1, 0, 6, 228 }, // U+031C
    { 7, 5, 0, -6, -1, 9, 234 }, // U+031D
    { 6, 5, 0, -5, -1, 8, 243 }, // U+031E
    { 6, 6, 0, -5, -1, 9, 251 }, // U+031F
    { 7, 2, 0, -6, -2, 4, 260 }, // U+0320
    { 7, 8, 0, -6, 1, 14, 264 }, // U+0321
    { 5, 8, 0, -3, 1, 10, 278 }, // U+0322
    { 3, 3, 0, -12, -2, 3, 288 }, // U+0323
    { 8, 3, 0, -6, -2, 6, 291 }, // U+0324
    { 6, 6, 0, -5, 0, 9, 297 }, // U+0325
    { 5, 4, 0, 2, -2, 5, 306 }, // U+0326
    { 6, 7, 0, -5, 0, 11, 311 }, // U+0327
    { 5, 6, 0, -4, 0, 8, 322 }, // U+0328
    { 4, 8, 0, -4, -1, 8, 330 }, // U+0329
    { 11, 5, 0, -8, -1, 14, 338 }, // U+032A
    { 11, 3, 0, -7, -2, 9, 352 }, // U+032B
    { 9, 4, 0, -6, -1, 9, 361 }, // U+032C
    { 9, 4, 0, -7, -1, 9, 370 }, // U+032D
    { 8, 3, 0, -6, -2, 6, 379 }, // U+032E
    { 8, 3, 0, -6, -2, 6, 385 }, // U+032F
    { 11, 3, 0, -8, -2, 9, 391 }, // U+0330
    { 9, 2, 0, -7, -2, 5, 400 }, // U+0331
    { 13, 1, 0, -9, -3, 4, 405 }, // U+0332
    { 13, 5, 0, -9, -1, 17, 409 }, // U+0333
    { 10, 3, 0, -5, 9, 8, 426 }, // U+0334
    { 12, 2, 0, -6, 9, 6, 434 }, // U+0335
    { 20, 2, 0, -10, 9, 10, 440 }, // U+0336
    { 8, 6, 0, -4, 11, 12, 450 }, // U+0337
    { 16, 24, 0, -8, 22, 96, 462 }, // U+0338
    { 4, 6, 0, -2, 0, 6, 558 }, // U+0339
    { 11, 5, 0, -8, -1, 14, 564 }, // U+033A
    { 11, 6, 0, -8, -1, 17, 578 }, // U+033B
    { 11, 3, 0, -8, -2, 9, 595 }, // U+033C
    { 7, 5, 0, -1, 22, 9, 604 }, // U+033D
    { 5, 8, 0, 0, 25, 10, 613 }, // U+033E
    { 13, 5, 0, -3, 27, 17, 623 }, // U+033F
    { 5, 4, 0, -1, 22, 5, 640 }, // U+0340
    { 6, 4, 0, 1, 22, 6, 645 }, // U+0341
    { 10, 3, 0, 5, 21, 8, 651 }, // U+0342
    { 4, 6, 0, 1, 23, 6, 659 }, // U+0343
    { 10, 5, 0, -2, 23, 13, 665 }, // U+0344
    { 4, 5, 0, -3, -2, 5, 678 }, // U+0345
    { 13, 5, 0, -4, 22, 17, 683 }, // U+0346
    { 12, 5, 0, -8, -1, 15, 700 }, // U+0347
    { 8, 5, 0, -6, -1, 10, 715 }, // U+0348
    { 6, 5, 0, -5, -2, 8, 725 }, // U+0349
    { 11, 6, 0, -3, 22, 17, 733 }, // U+034A
    { 10, 10, 0, -2, 27, 25, 750 }, // U+034B
    { 12, 7, 0, -3, 25, 21, 775 }, // U+034C
    { 10, 5, 0, -7, -1, 13, 796 }, // U+034D
    { 6, 6, 0, -5, -1, 9, 809 }, // U+034E
    { 20, 21, 0, -10, 21, 105, 818 }, // U+034F
    { 5, 6, 0, 0, 23, 8, 923 }, // U+0350
    { 4, 6, 0, 4, 24, 6, 931 }, // U+0351
    { 9, 6, 0, -2, 24, 14, 937 }, // U+0352
    { 6, 5, 0, -5, -1, 8, 951 }, // U+0353
    { 5, 6, 0, -4, -1, 8, 959 }, // U+0354
    { 5, 6, 0, -4, -1, 8, 967 }, // U+0355
    { 11, 6, 0, -7, -1, 17, 975 }, // U+0356
    { 4, 6, 0, 3, 24, 6, 992 }, // U+0357
    { 3, 3, 0, 1, 21, 3, 998 }, // U+0358
    { 6, 6, 0, -5, -1, 9, 1001 }, // U+0359
    { 11, 6, 0, -8, -1, 17, 1010 }, // U+035A
    { 6, 6, 0, 0, 23, 9, 1027 }, // U+035B
    { 21, 6, 0, -12, -1, 32, 1036 }, // U+035C
    { 21, 6, 0, -8, 23, 32, 1068 }, // U+035D
    { 15, 2, 0, -5, 20, 8, 1100 }, // U+035E
    { 15, 2, 0, -10, -2, 8, 1108 }, // U+035F
    { 21, 3, 0, -8, 21, 16, 1116 }, // U+0360
    { 21, 6, 0, -8, 25, 32, 1132 }, // U+0361
    { 22, 5, 0, -14, -1, 28, 1164 }, // U+0362
    { 6, 6, 0, 0, 24, 9, 1192 }, // U+0363
    { 6, 6, 0, 0, 24, 9, 1201 }, // U+0364
    { 3, 9, 0, 2, 27, 7, 1210 }, // U+0365
    { 6, 6, 0, 0, 24, 9, 1217 }, // U+0366
    { 6, 6, 0, 0, 24, 9, 1226 }, // U+0367
    { 5, 6, 0, 1, 24, 8, 1235 }, // U+0368
    { 7, 9, 0, 0, 27, 16, 1243 }, // U+0369
    { 7, 9, 0, -1, 27, 16, 1259 }, // U+036A
    { 11, 6, 0, -3, 24, 17, 1275 }, // U+036B
    { 5, 6, 0, 1, 24, 8, 1292 }, // U+036C
    { 4, 8, 0, 1, 26, 8, 1300 }, // U+036D
    { 7, 6, 0, 0, 24, 11, 1308 }, // U+036E
    { 7, 6, 0, -1, 24, 11, 1319 }, // U+036F
    { 15, 27, 240, 1, 27, 102, 0 }, // U+0400
    { 15, 26, 240, 1, 26, 98, 102 }, // U+0401
    { 15, 21, 304, 3, 21, 79, 200 }, // U+0402
    { 15, 27, 224, 1, 27, 102, 279 }, // U+0403
    { 16, 21, 272, 2, 21, 84, 381 }, // U+0404
    { 14, 21, 240, 1, 21, 74, 465 }, // U+0405
    { 7, 21, 128, 1, 21, 37, 539 }, // U+0406
    { 10, 26, 128, 1, 26, 65, 576 }, // U+0407
    { 13, 27, 128, -5, 21, 88, 641 }, // U+0408
    { 27, 21, 432, -1, 21, 142, 729 }, // U+0409
    { 24, 21, 432, 1, 21, 126, 871 }, // U+040A
    { 15, 21, 320, 3, 21, 79, 997 }, // U+040B
    { 18, 27, 256, 1, 27, 122, 1076 }, // U+040C
    { 19, 27, 320, 1, 27, 129, 1198 }, // U+040D
    { 19, 27, 256, 0, 27, 129, 1327 }, // U+040E
    { 18, 26, 304, 1, 21, 117, 1456 }, // U+040F
    { 17, 21, 272, -2, 21, 90, 1573 }, // U+0410
    { 15, 21, 256, 1, 21, 79, 1663 }, // U+0411
    { 16, 21, 272, 1, 21, 84, 1742 }, // U+0412
    { 15, 21, 224, 1, 21, 79, 1826 }, // U+0413
    { 22, 26, 320, -2, 21, 143, 1905 }, // U+0414
    { 15, 21, 240, 1, 21, 79, 2048 }, // U+0415
    { 28, 21, 368, -2, 21, 147, 2127 }, // U+0416
    { 15, 21, 240, 0, 21, 79, 2274 }, // U+0417
    { 19, 21, 320, 1, 21, 100, 2353 }, // U+0418
    { 19, 27, 320, 1, 27, 129, 2453 }, // U+0419
    { 18, 21, 256, 1, 21, 95, 2582 }, // U+041A
    { 21, 21, 304, -1, 21, 111, 2677 }, // U+041B
    { 23, 21, 384, 1, 21, 121, 2788 }, // U+041C
    { 19, 21, 320, 1, 21, 100, 2909 }, // U+041D
    { 17, 21, 320, 2, 21, 90, 3009 }, // U+041E
    { 18, 21, 304, 1, 21, 95, 3099 }, // U+041F
    { 15, 21, 256, 1, 21, 79, 3194 }, // U+0420
    { 16, 21, 272, 2, 21, 84, 3273 }, // U+0421
    { 14, 21, 240, 3, 21, 74, 3357 }, // U+0422
    { 19, 21, 256, 0, 21, 100, 3431 }, // U+0423
    { 20, 21, 368, 2, 21, 105, 3531 }, // U+0424
    { 20, 21, 256, -2, 21, 105, 3636 }, // U+0425
    { 18, 26, 320, 1, 21, 117, 3741 }, // U+0426
    { 15, 21, 288, 3, 21, 79, 3858 }, // U+0427
    { 27, 21, 448, 1, 21, 142, 3937 }, // U+0428
    { 27, 26, 448, 1, 21, 176, 4079 }, // U+0429
    { 14, 21, 288, 3, 21, 74, 4255 }, // U+042A
    { 22, 21, 368, 1, 21, 116, 4329 }, // U+042B
    { 14, 21, 256, 1, 21, 74, 4445 }, // U+042C
    { 17, 21, 272, 0, 21, 90, 4519 }, // U+042D
    { 26, 21, 432, 1, 21, 137, 4609 }, // U+042E
    { 18, 21, 272, -1, 21, 95, 4746 }, // U+042F
    { 15, 16, 256, 1, 16, 60, 4841 }, // U+0430
    { 15, 22, 256, 1, 22, 83, 4901 }, // U+0431
    { 13, 16, 240, 1, 16, 52, 4984 }, // U+0432
    { 13, 16, 208, 0, 16, 52, 5036 }, // U+0433
    { 15, 22, 256, 1, 22, 83, 5088 }, // U+0434
    { 13, 16, 224, 1, 16, 52, 5171 }, // U+0435
    { 26, 16, 400, 0, 16, 104, 5223 }, // U+0436
    { 12, 16, 208, 0, 16, 48, 5327 }, // U+0437
    { 15, 16, 272, 1, 16, 60, 5375 }, // U+0438
    { 15, 22, 272, 1, 22, 83, 5435 }, // U+0439
    { 15, 16, 240, 1, 16, 60, 5518 }, // U+043A
    { 17, 16, 256, -1, 16, 68, 5578 }, // U+043B
    { 20, 16, 352, 1, 16, 80, 5646 }, // U+043C
    { 15, 16, 272, 1, 16, 60, 5726 }, // U+043D
    { 14, 16, 256, 1, 16, 56, 5786 }, // U+043E
    { 14, 16, 256, 1, 16, 56, 5842 }, // U+043F
    { 16, 23, 272, -1, 16, 92, 5898 }, // U+0440
    { 12, 16, 208, 1, 16, 48, 5990 }, // U+0441
    { 23, 16, 400, 1, 16, 92, 6038 }, // U+0442
    { 17, 23, 224, -2, 16, 98, 6130 }, // U+0443
    { 17, 29, 304, 1, 22, 124, 6228 }, // U+0444
    { 16, 16, 208, -2, 16, 64, 6352 }, // U+0445
    { 15, 20, 272, 1, 16, 75, 6416 }, // U+0446
    { 13, 16, 256, 2, 16, 52, 6491 }, // U+0447
    { 22, 16, 400, 2, 16, 88, 6543 }, // U+0448
    { 22, 20, 416, 2, 16, 110, 6631 }, // U+0449
    { 15, 16, 272, 1, 16, 60, 6741 }, // U+044A
    { 20, 16, 336, 1, 16, 80, 6801 }, // U+044B
    { 13, 16, 240, 1, 16, 52, 6881 }, // U+044C
    { 11, 16, 224, 1, 16, 44, 6933 }, // U+044D
    { 20, 16, 368, 1, 16, 80, 6977 }, // U+044E
    { 15, 16, 240, -1, 16, 60, 7057 }, // U+044F
    { 13, 22, 224, 1, 22, 72, 7117 }, // U+0450
    { 13, 21, 224, 1, 21, 69, 7189 }, // U+0451
    { 14, 29, 272, 1, 22, 102, 7258 }, // U+0452
    { 13, 22, 208, 0, 22, 72, 7360 }, // U+0453
    { 12, 16, 208, 1, 16, 48, 7432 }, // U+0454
    { 12, 16, 208, 0, 16, 48, 7480 }, // U+0455
    { 7, 21, 112, 1, 21, 37, 7528 }, // U+0456
    { 8, 21, 112, 1, 21, 42, 7565 }, // U+0457
    { 12, 28, 112, -4, 21, 84, 7607 }, // U+0458
    { 23, 16, 384, -1, 16, 92, 7691 }, // U+0459
    { 21, 16, 368, 1, 16, 84, 7783 }, // U+045A
    { 14, 22, 272, 1, 22, 77, 7867 }, // U+045B
    { 15, 22, 240, 1, 22, 83, 7944 }, // U+045C
    { 15, 22, 272, 1, 22, 83, 8027 }, // U+045D
    { 17, 29, 224, -2, 22, 124, 8110 }, // U+045E
    { 15, 22, 272, 1, 16, 83, 8234 }, // U+045F
    { 26, 21, 432, 3, 21, 137, 8317 }, // U+0460
    { 22, 16, 368, 2, 16, 88, 8454 }, // U+0461
    { 13, 21, 272, 2, 21, 69, 8542 }, // U+0462
    { 21, 16, 384, 1, 16, 84, 8611 }, // U+0463
    { 25, 21, 400, 1, 21, 132, 8695 }, // U+0464
    { 19, 16, 320, 1, 16, 76, 8827 }, // U+0465
    { 18, 21, 288, -2, 21, 95, 8903 }, // U+0466
    { 15, 16, 240, -1, 16, 60, 8998 }, // U+0467
    { 22, 21, 400, 1, 21, 116, 9058 }, // U+0468
    { 18, 16, 336, 1, 16, 72, 9174 }, // U+0469
    { 21, 21, 304, -1, 21, 111, 9246 }, // U+046A
    { 19, 16, 272, -2, 16, 76, 9357 }, // U+046B
    { 26, 21, 432, 1, 21, 137, 9433 }, // U+046C
    { 22, 16, 368, 1, 16, 88, 9570 }, // U+046D
    { 16, 31, 256, -1, 25, 124, 9658 }, // U+046E
    { 14, 25, 208, -1, 19, 88, 9782 }, // U+046F
    { 21, 21, 352, 3, 21, 111, 9870 }, // U+0470
    { 17, 29, 336, 2, 22, 124, 9981 }, // U+0471
    { 18, 21, 336, 2, 21, 95, 10105 }, // U+0472
    { 14, 16, 256, 1, 16, 56, 10200 }, // U+0473
    { 17, 21, 256, 3, 21, 90, 10256 }, // U+0474
    { 14, 16, 208, 1, 16, 56, 10346 }, // U+0475
    { 17, 27, 256, 3, 27, 115, 10402 }, // U+0476
    { 14, 22, 208, 1, 22, 77, 10517 }, // U+0477
    { 34, 28, 544, 2, 21, 238, 10594 }, // U+0478
    { 30, 23, 480, 1, 16, 173, 10832 }, // U+0479
    { 19, 24, 336, 2, 22, 114, 11005 }, // U+047A
    { 14, 19, 272, 1, 17, 67, 11119 }, // U+047B
    { 25, 30, 448, 2, 30, 188, 11186 }, // U+047C
    { 21, 25, 368, 1, 25, 132, 11374 }, // U+047D
    { 26, 26, 432, 3, 26, 169, 11506 }, // U+047E
    { 22, 21, 368, 2, 21, 116, 11675 }, // U+047F
    { 16, 28, 272, 2, 21, 112, 11791 }, // U+0480
    { 12, 23, 208, 1, 16, 69, 11903 }, // U+0481
    { 14, 18, 288, 2, 18, 63, 11972 }, // U+0482
    { 10, 4, 0, -11, 21, 10, 12035 }, // U+0483
    { 11, 3, 0, -12, 21, 9, 12045 }, // U+0484
    { 4, 4, 0, -8, 22, 4, 12054 }, // U+0485
    { 3, 4, 0, -7, 22, 3, 12058 }, // U+0486
    { 11, 4, 0, -2, 26, 11, 12061 }, // U+0487
    { 34, 30, 0, -17, 23, 255, 12072 }, // U+0488
    { 32, 32, 0, -16, 24, 256, 12327 }, // U+0489
    { 19, 32, 336, 1, 27, 152, 12583 }, // U+048A
    { 14, 27, 272, 2, 22, 95, 12735 }, // U+048B
    { 13, 21, 256, 1, 21, 69, 12830 }, // U+048C
    { 11, 22, 240, 2, 22, 61, 12899 }, // U+048D
    { 15, 21, 256, 1, 21, 79, 12960 }, // U+048E
    { 16, 23, 272, -1, 16, 92, 13039 }, // U+048F
    { 16, 25, 224, 1, 25, 100, 13131 }, // U+0490
    { 12, 20, 176, 1, 20, 60, 13231 }, // U+0491
    { 15, 21, 224, 1, 21, 79, 13291 }, // U+0492
    { 12, 16, 176, 0, 16, 48, 13370 }, // U+0493
    { 15, 28, 288, 1, 21, 105, 13418 }, // U+0494
    { 12, 23, 224, 1, 16, 69, 13523 }, // U+0495
    { 26, 26, 384, -1, 21, 169, 13592 }, // U+0496
    { 25, 21, 400, 0, 16, 132, 13761 }, // U+0497
    { 15, 27, 240, 0, 21, 102, 13893 }, // U+0498
    { 12, 22, 208, 0, 16, 66, 13995 }, // U+0499
    { 18, 26, 288, 1, 21, 117, 14061 }, // U+049A
    { 14, 21, 240, 1, 16, 74, 14178 }, // U+049B
    { 18, 21, 272, 1, 21, 95, 14252 }, // U+049C
    { 15, 16, 224, 1, 16, 60, 14347 }, // U+049D
    { 18, 21, 256, 1, 21, 95, 14407 }, // U+049E
    { 14, 22, 224, 1, 22, 77, 14502 }, // U+049F
    { 18, 21, 288, 3, 21, 95, 14579 }, // U+04A0
    { 17, 16, 256, 1, 16, 68, 14674 }, // U+04A1
    { 19, 26, 320, 1, 21, 124, 14742 }, // U+04A2
    { 16, 21, 288, 1, 16, 84, 14866 }, // U+04A3
    { 23, 21, 352, 1, 21, 121, 14950 }, // U+04A4
    { 20, 16, 320, 1, 16, 80, 15071 }, // U+04A5
    { 26, 28, 464, 1, 21, 182, 15151 }, // U+04A6
    { 21, 23, 384, 1, 16, 121, 15333 }, // U+04A7
    { 18, 22, 336, 2, 21, 99, 15454 }, // U+04A8
    { 15, 17, 272, 1, 16, 64, 15553 }, // U+04A9
    { 16, 27, 272, 2, 21, 108, 15617 }, // U+04AA
    { 12, 22, 208, 1, 16, 66, 15725 }, // U+04AB
    { 14, 26, 240, 3, 21, 91, 15791 }, // U+04AC
    { 23, 21, 416, 1, 16, 121, 15882 }, // U+04AD
    { 14, 21, 240, 3, 21, 74, 16003 }, // U+04AE
    { 14, 23, 224, 1, 16, 81, 16077 }, // U+04AF
    { 15, 21, 240, 2, 21, 79, 16158 }, // U+04B0
    { 15, 23, 224, 0, 16, 87, 16237 }, // U+04B1
    { 20, 26, 272, -2, 21, 130, 16324 }, // U+04B2
    { 16, 21, 240, 0, 16, 84, 16454 }, // U+04B3
    { 20, 26, 368, 3, 21, 130, 16538 }, // U+04B4
    { 17, 21, 304, 1, 16, 90, 16668 }, // U+04B5
    { 16, 26, 304, 3, 21, 104, 16758 }, // U+04B6
    { 13, 21, 256, 2, 16, 69, 16862 }, // U+04B7
    { 16, 21, 304, 3, 21, 84, 16931 }, // U+04B8
    { 13, 16, 256, 2, 16, 52, 17015 }, // U+04B9
    { 16, 21, 304, 1, 21, 84, 17067 }, // U+04BA
    { 14, 22, 272, 1, 22, 77, 17151 }, // U+04BB
    { 20, 21, 352, 2, 21, 105, 17228 }, // U+04BC
    { 16, 16, 272, 1, 16, 64, 17333 }, // U+04BD
    { 20, 26, 352, 2, 21, 130, 17397 }, // U+04BE
    { 16, 21, 272, 1, 16, 84, 17527 }, // U+04BF
    { 12, 21, 144, -1, 21, 63, 17611 }, // U+04C0
    { 28, 27, 368, -2, 27, 189, 17674 }, // U+04C1
    { 26, 22, 400, 0, 22, 143, 17863 }, // U+04C2
    { 18, 28, 288, 1, 21, 126, 18006 }, // U+04C3
    { 14, 23, 240, 1, 16, 81, 18132 }, // U+04C4
    { 20, 26, 304, -1, 21, 130, 18213 }, // U+04C5
    { 16, 21, 256, -1, 16, 84, 18343 }, // U+04C6
    { 19, 28, 320, 1, 21, 133, 18427 }, // U+04C7
    { 16, 23, 272, 1, 16, 92, 18560 }, // U+04C8
    { 19, 26, 320, 1, 21, 124, 18652 }, // U+04C9
    { 16, 21, 288, 1, 16, 84, 18776 }, // U+04CA
    { 16, 26, 304, 3, 21, 104, 18860 }, // U+04CB
    { 13, 21, 272, 3, 16, 69, 18964 }, // U+04CC
    { 23, 26, 400, 1, 21, 150, 19033 }, // U+04CD
    { 18, 21, 320, 1, 16, 95, 19183 }, // U+04CE
    { 12, 21, 144, -1, 21, 63, 19278 }, // U+04CF
    { 18, 27, 256, -2, 27, 122, 19341 }, // U+04D0
    { 15, 22, 256, 1, 22, 83, 19463 }, // U+04D1
    { 18, 26, 256, -2, 26, 117, 19546 }, // U+04D2
    { 15, 21, 256, 1, 21, 79, 19663 }, // U+04D3
    { 27, 21, 384, -2, 21, 142, 19742 }, // U+04D4
    { 22, 16, 384, 1, 16, 88, 19884 }, // U+04D5
    { 16, 27, 240, 1, 27, 108, 19972 }, // U+04D6
    { 14, 22, 224, 1, 22, 77, 20080 }, // U+04D7
    { 17, 21, 304, 1, 21, 90, 20157 }, // U+04D8
    { 12, 16, 224, 1, 16, 48, 20247 }, // U+04D9
    { 17, 26, 304, 1, 26, 111, 20295 }, // U+04DA
    { 12, 21, 224, 1, 21, 63, 20406 }, // U+04DB
    { 28, 26, 368, -2, 26, 182, 20469 }, // U+04DC
    { 26, 21, 400, 0, 21, 137, 20651 }, // U+04DD
    { 15, 26, 240, 0, 26, 98, 20788 }, // U+04DE
    { 12, 21, 208, 0, 21, 63, 20886 }, // U+04DF
    { 16, 21, 240, 0, 21, 84, 20949 }, // U+04E0
    { 15, 23, 208, -2, 16, 87, 21033 }, // U+04E1
    { 19, 25, 320, 1, 25, 119, 21120 }, // U+04E2
    { 14, 20, 272, 2, 20, 70, 21239 }, // U+04E3
    { 19, 26, 320, 1, 26, 124, 21309 }, // U+04E4
    { 14, 21, 272, 2, 21, 74, 21433 }, // U+04E5
    { 18, 26, 336, 2, 26, 117, 21507 }, // U+04E6
    { 14, 21, 256, 1, 21, 74, 21624 }, // U+04E7
    { 18, 21, 336, 2, 21, 95, 21698 }, // U+04E8
    { 14, 16, 256, 1, 16, 56, 21793 }, // U+04E9
    { 18, 26, 336, 2, 26, 117, 21849 }, // U+04EA
    { 14, 21, 256, 1, 21, 74, 21966 }, // U+04EB
    { 17, 26, 272, 0, 26, 111, 22040 }, // U+04EC
    { 11, 21, 224, 1, 21, 58, 22151 }, // U+04ED
    { 19, 25, 256, 0, 25, 119, 22209 }, // U+04EE
    { 18, 27, 224, -3, 20, 122, 22328 }, // U+04EF
    { 19, 26, 256, 0, 26, 124, 22450 }, // U+04F0
    { 18, 28, 224, -3, 21, 126, 22574 }, // U+04F1
    { 19, 27, 256, 0, 27, 129, 22700 }, // U+04F2
    { 19, 29, 224, -3, 22, 138, 22829 }, // U+04F3
    { 15, 26, 288, 3, 26, 98, 22967 }, // U+04F4
    { 13, 21, 256, 2, 21, 69, 23065 }, // U+04F5
    { 15, 26, 224, 1, 21, 98, 23134 }, // U+04F6
    { 11, 21, 176, 1, 16, 58, 23232 }, // U+04F7
    { 22, 26, 368, 1, 26, 143, 23290 }, // U+04F8
    { 20, 21, 336, 1, 21, 105, 23433 }, // U+04F9
    { 16, 27, 224, 0, 21, 108, 23538 }, // U+04FA
    { 12, 22, 176, 0, 16, 66, 23646 }, // U+04FB
    { 20, 27, 240, -2, 21, 135, 23712 }, // U+04FC
    { 16, 22, 224, -1, 16, 88, 23847 }, // U+04FD
    { 20, 21, 240, -2, 21, 105, 23935 }, // U+04FE
    { 16, 16, 224, -1, 16, 64, 24040 }, // U+04FF
    { 17, 26, 256, -2, 21, 111, 0 }, // U+1EA0
    { 15, 21, 256, 1, 16, 79, 111 }, // U+1EA1
    { 17, 29, 256, -2, 29, 124, 190 }, // U+1EA2
    { 15, 24, 256, 1, 24, 90, 314 }, // U+1EA3
    { 22, 29, 256, -2, 29, 160, 404 }, // U+1EA4
    { 18, 24, 256, 1, 24, 108, 564 }, // U+1EA5
    { 17, 29, 256, -2, 29, 124, 672 }, // U+1EA6
    { 15, 24, 256, 1, 24, 90, 796 }, // U+1EA7
    { 21, 30, 256, -2, 30, 158, 886 }, // U+1EA8
    { 17, 25, 256, 1, 25, 107, 1044 }, // U+1EA9
    { 20, 31, 256, -2, 31, 155, 1151 }, // U+1EAA
    { 16, 26, 256, 1, 26, 104, 1306 }, // U+1EAB
    { 18, 32, 256, -2, 27, 144, 1410 }, // U+1EAC
    { 15, 27, 256, 1, 22, 102, 1554 }, // U+1EAD
    { 18, 30, 256, -2, 30, 135, 1656 }, // U+1EAE
    { 15, 24, 256, 1, 24, 90, 1791 }, // U+1EAF
    { 18, 30, 256, -2, 30, 135, 1881 }, // U+1EB0
    { 15, 24, 256, 1, 24, 90, 2016 }, // U+1EB1
    { 18, 31, 256, -2, 31, 140, 2106 }, // U+1EB2
    { 15, 25, 256, 1, 25, 94, 2246 }, // U+1EB3
    { 19, 31, 256, -2, 31, 148, 2340 }, // U+1EB4
    { 15, 26, 256, 1, 26, 98, 2488 }, // U+1EB5
    { 18, 31, 256, -2, 26, 140, 2586 }, // U+1EB6
    { 15, 26, 256, 1, 21, 98, 2726 }, // U+1EB7
    { 15, 26, 240, 1, 21, 98, 2824 }, // U+1EB8
    { 13, 21, 224, 1, 16, 69, 2922 }, // U+1EB9
    { 15, 29, 240, 1, 29, 109, 2991 }, // U+1EBA
    { 13, 24, 224, 1, 24, 78, 3100 }, // U+1EBB
    { 16, 26, 240, 1, 26, 104, 3178 }, // U+1EBC
    { 14, 21, 224, 1, 21, 74, 3282 }, // U+1EBD
    { 19, 29, 240, 1, 29, 138, 3356 }, // U+1EBE
    { 17, 24, 224, 1, 24, 102, 3494 }, // U+1EBF
    { 15, 29, 240, 1, 29, 109, 3596 }, // U+1EC0
    { 13, 24, 224, 1, 24, 78, 3705 }, // U+1EC1
    { 17, 30, 240, 1, 30, 128, 3783 }, // U+1EC2
    { 16, 25, 224, 1, 25, 100, 3911 }, // U+1EC3
    { 16, 31, 240, 1, 31, 124, 4011 }, // U+1EC4
    { 15, 26, 224, 1, 26, 98, 4135 }, // U+1EC5
    { 15, 32, 240, 1, 27, 120, 4233 }, // U+1EC6
    { 13, 27, 224, 1, 22, 88, 4353 }, // U+1EC7
    { 13, 29, 144, -1, 29, 95, 4441 }, // U+1EC8
    { 9, 24, 112, 1, 24, 54, 4536 }, // U+1EC9
    { 12, 26, 144, -1, 21, 78, 4590 }, // U+1ECA
    { 8, 26, 112, 0, 21, 52, 4668 }, // U+1ECB
    { 18, 26, 336, 2, 21, 117, 4720 }, // U+1ECC
    { 14, 21, 256, 1, 16, 74, 4837 }, // U+1ECD
    { 18, 29, 336, 2, 29, 131, 4911 }, // U+1ECE
    { 14, 24, 256, 1, 24, 84, 5042 }, // U+1ECF
    { 20, 29, 336, 2, 29, 145, 5126 }, // U+1ED0
    { 17, 24, 256, 1, 24, 102, 5271 }, // U+1ED1
    { 18, 29, 336, 2, 29, 131, 5373 }, // U+1ED2
    { 14, 24, 256, 1, 24, 84, 5504 }, // U+1ED3
    { 19, 30, 336, 2, 30, 143, 5588 }, // U+1ED4
    { 16, 25, 256, 1, 25, 100, 5731 }, // U+1ED5
    { 18, 31, 336, 2, 31, 140, 5831 }, // U+1ED6
    { 15, 26, 256, 1, 26, 98, 5971 }, // U+1ED7
    { 18, 32, 336, 2, 27, 144, 6069 }, // U+1ED8
    { 14, 27, 256, 1, 22, 95, 6213 }, // U+1ED9
    { 22, 27, 336, 2, 27, 149, 6308 }, // U+1EDA
    { 18, 22, 256, 1, 22, 99, 6457 }, // U+1EDB
    { 22, 27, 336, 2, 27, 149, 6556 }, // U+1EDC
    { 18, 22, 256, 1, 22, 99, 6705 }, // U+1EDD
    { 22, 29, 336, 2, 29, 160, 6804 }, // U+1EDE
    { 18, 24, 256, 1, 24, 108, 6964 }, // U+1EDF
    { 22, 26, 336, 2, 26, 143, 7072 }, // U+1EE0
    { 18, 21, 256, 1, 21, 95, 7215 }, // U+1EE1
    { 22, 27, 336, 2, 22, 149, 7310 }, // U+1EE2
    { 18, 23, 256, 1, 18, 104, 7459 }, // U+1EE3
    { 18, 26, 320, 2, 21, 117, 7563 }, // U+1EE4
    { 14, 21, 272, 2, 16, 74, 7680 }, // U+1EE5
    { 18, 29, 320, 2, 29, 131, 7754 }, // U+1EE6
    { 14, 24, 272, 2, 24, 84, 7885 }, // U+1EE7
    { 23, 27, 336, 2, 27, 156, 7969 }, // U+1EE8
    { 19, 22, 288, 2, 22, 105, 8125 }, // U+1EE9
    { 23, 27, 336, 2, 27, 156, 8230 }, // U+1EEA
    { 19, 22, 288, 2, 22, 105, 8386 }, // U+1EEB
    { 23, 29, 336, 2, 29, 167, 8491 }, // U+1EEC
    { 19, 24, 288, 2, 24, 114, 8658 }, // U+1EED
    { 23, 26, 336, 2, 26, 150, 8772 }, // U+1EEE
    { 19, 21, 288, 2, 21, 100, 8922 }, // U+1EEF
    { 23, 27, 336, 2, 22, 156, 9022 }, // U+1EF0
    { 19, 23, 288, 2, 18, 110, 9178 }, // U+1EF1
    { 14, 27, 240, 3, 27, 95, 9288 }, // U+1EF2
    { 18, 29, 224, -3, 22, 131, 9383 }, // U+1EF3
    { 14, 26, 240, 3, 21, 91, 9514 }, // U+1EF4
    { 18, 23, 224, -3, 16, 104, 9605 }, // U+1EF5
    { 14, 29, 240, 3, 29, 102, 9709 }, // U+1EF6
    { 18, 31, 224, -3, 24, 140, 9811 }, // U+1EF7
    { 14, 26, 240, 3, 26, 91, 9951 }, // U+1EF8
    { 18, 28, 224, -3, 21, 126, 10042 }, // U+1EF9
    { 1, 1, 240, 0, 1, 1, 0 }, // U+2000
    { 1, 1, 464, 0, 1, 1, 1 }, // U+2001
    { 1, 1, 240, 0, 1, 1, 2 }, // U+2002
    { 1, 1, 464, 0, 1, 1, 3 }, // U+2003
    { 1, 1, 160, 0, 1, 1, 4 }, // U+2004
    { 1, 1, 112, 0, 1, 1, 5 }, // U+2005
    { 1, 1, 80, 0, 1, 1, 6 }, // U+2006
    { 1, 1, 256, 0, 1, 1, 7 }, // U+2007
    { 1, 1, 112, 0, 1, 1, 8 }, // U+2008
    { 1, 1, 80, 0, 1, 1, 9 }, // U+2009
    { 1, 1, 48, 0, 1, 1, 10 }, // U+200A
    { 1, 1, 0, 0, 1, 1, 11 }, // U+200B
    { 1, 1, 0, 0, 1, 1, 12 }, // U+200C
    { 1, 1, 0, 0, 1, 1, 13 }, // U+200D
    { 7, 24, 0, -1, 20, 42, 14 }, // U+200E
    { 7, 24, 0, -6, 20, 42, 56 }, // U+200F
    { 7, 2, 144, 1, 9, 4, 98 }, // U+2010
    { 7, 2, 144, 1, 9, 4, 102 }, // U+2011
    { 13, 2, 256, 2, 11, 7, 106 }, // U+2012
    { 12, 2, 224, 1, 9, 6, 113 }, // U+2013
    { 26, 2, 448, 1, 9, 13, 119 }, // U+2014
    { 26, 2, 448, 1, 9, 13, 132 }, // U+2015
    { 9, 29, 256, 4, 22, 66, 145 }, // U+2016
    { 13, 5, 176, -3, -1, 17, 211 }, // U+2017
    { 5, 7, 80, 2, 21, 9, 228 }, // U+2018
    { 6, 7, 80, 2, 21, 11, 237 }, // U+2019
    { 5, 7, 112, -1, 3, 9, 248 }, // U+201A
    { 3, 7, 80, 3, 21, 6, 257 }, // U+201B
    { 11, 7, 160, 2, 21, 20, 263 }, // U+201C
    { 11, 7, 160, 2, 21, 20, 283 }, // U+201D
    { 11, 7, 192, -1, 3, 20, 303 }, // U+201E
    { 8, 7, 160, 3, 21, 14, 323 }, // U+201F
    { 11, 22, 224, 3, 22, 61, 337 }, // U+2020
    { 13, 22, 224, 1, 22, 72, 398 }, // U+2021
    { 6, 7, 176, 3, 14, 11, 470 }, // U+2022
    { 8, 8, 176, 2, 15, 16, 481 }, // U+2023
    { 4, 4, 240, 4, 4, 4, 497 }, // U+2024
    { 11, 4, 240, 1, 4, 11, 501 }, // U+2025
    { 18, 4, 352, 1, 4, 18, 512 }, // U+2026
    { 4, 4, 112, 2, 10, 4, 530 }, // U+2027
    { 1, 1, 272, 0, 1, 1, 534 }, // U+2028
    { 1, 1, 272, 0, 1, 1, 535 }, // U+2029
    { 7, 21, 0, -1, 17, 37, 536 }, // U+202A
    { 7, 21, 0, -6, 17, 37, 573 }, // U+202B
    { 6, 24, 0, -3, 20, 36, 610 }, // U+202C
    { 6, 24, 0, -3, 20, 36, 646 }, // U+202D
    { 6, 24, 0, -3, 20, 36, 682 }, // U+202E
    { 1, 1, 80, 0, 1, 1, 718 }, // U+202F
    { 29, 21, 528, 2, 21, 153, 719 }, // U+2030
    { 39, 21, 672, 2, 21, 205, 872 }, // U+2031
    { 6, 8, 96, 2, 21, 12, 1077 }, // U+2032
    { 11, 8, 176, 2, 21, 22, 1089 }, // U+2033
    { 16, 8, 256, 2, 21, 32, 1111 }, // U+2034
    { 4, 8, 128, 4, 21, 8, 1143 }, // U+2035
    { 8, 8, 192, 4, 21, 16, 1151 }, // U+2036
    { 13, 8, 272, 4, 21, 26, 1167 }, // U+2037
    { 11, 9, 192, -3, 2, 25, 1193 }, // U+2038
    { 7, 12, 128, 1, 14, 21, 1218 }, // U+2039
    { 7, 12, 128, 0, 14, 21, 1239 }, // U+203A
    { 22, 21, 384, 1, 21, 116, 1260 }, // U+203B
    { 14, 21, 224, 1, 21, 74, 1376 }, // U+203C
    { 11, 21, 208, 2, 21, 58, 1450 }, // U+203D
    { 12, 2, 176, 3, 24, 6, 1508 }, // U+203E
    { 14, 6, 256, -1, -1, 21, 1514 }, // U+203F
    { 15, 6, 256, 2, 23, 23, 1535 }, // U+2040
    { 13, 19, 160, -3, 12, 62, 1558 }, // U+2041
    { 31, 26, 512, 0, 22, 202, 1620 }, // U+2042
    { 7, 2, 128, 1, 9, 4, 1822 }, // U+2043
    { 18, 21, 64, -7, 21, 95, 1826 }, // U+2044
    { 11, 26, 128, 0, 21, 72, 1921 }, // U+2045
    { 11, 26, 128, -2, 21, 72, 1993 }, // U+2046
    { 24, 21, 400, 2, 21, 126, 2065 }, // U+2047
    { 18, 21, 320, 2, 21, 95, 2191 }, // U+2048
    { 20, 21, 320, 1, 21, 105, 2286 }, // U+2049
    { 14, 16, 240, 2, 16, 56, 2391 }, // U+204A
    { 14, 26, 272, 3, 22, 91, 2447 }, // U+204B
    { 14, 15, 304, 2, 16, 53, 2538 }, // U+204C
    { 14, 15, 304, 3, 16, 53, 2591 }, // U+204D
    { 13, 13, 256, 0, 7, 43, 2644 }, // U+204E
    { 6, 20, 112, 1, 16, 30, 2687 }, // U+204F
    { 18, 30, 256, -1, 23, 135, 2717 }, // U+2050
    { 16, 28, 256, 0, 22, 112, 2852 }, // U+2051
    { 11, 21, 176, 0, 21, 58, 2964 }, // U+2052
    { 24, 5, 464, 3, 11, 30, 3022 }, // U+2053
    { 14, 6, 256, -2, -1, 21, 3052 }, // U+2054
    { 15, 15, 272, 1, 15, 57, 3073 }, // U+2055
    { 11, 21, 240, 2, 21, 58, 3130 }, // U+2056
    { 21, 8, 336, 2, 21, 42, 3188 }, // U+2057
    { 20, 21, 384, 2, 21, 105, 3230 }, // U+2058
    { 21, 21, 384, 2, 21, 111, 3335 }, // U+2059
    { 3, 21, 96, 2, 21, 16, 3446 }, // U+205A
    { 15, 22, 304, 2, 22, 83, 3462 }, // U+205B
    { 21, 22, 368, 1, 21, 116, 3545 }, // U+205C
    { 4, 20, 128, 2, 20, 20, 3661 }, // U+205D
    { 3, 21, 128, 3, 21, 16, 3681 }, // U+205E
    { 1, 1, 96, 0, 1, 1, 3697 }, // U+205F
    { 1, 1, 272, 0, 1, 1, 3698 }, // U+2060
    { 1, 1, 272, 0, 1, 1, 3699 }, // U+2061
    { 1, 1, 272, 0, 1, 1, 3700 }, // U+2062
    { 1, 1, 272, 0, 1, 1, 3701 }, // U+2063
    { 1, 1, 272, 0, 1, 1, 3702 }, // U+2064
    { 1, 1, 272, 0, 1, 1, 3703 }, // U+2066
    { 1, 1, 272, 0, 1, 1, 3704 }, // U+2067
    { 1, 1, 272, 0, 1, 1, 3705 }, // U+2068
    { 1, 1, 272, 0, 1, 1, 3706 }, // U+2069
    { 6, 24, 0, -3, 20, 36, 3707 }, // U+206A
    { 6, 24, 0, -3, 20, 36, 3743 }, // U+206B
    { 6, 24, 0, -3, 20, 36, 3779 }, // U+206C
    { 6, 24, 0, -3, 20, 36, 3815 }, // U+206D
    { 6, 24, 0, -3, 20, 36, 3851 }, // U+206E
    { 6, 24, 0, -3, 20, 36, 3887 }, // U+206F
    { 9, 13, 160, 3, 25, 30, 0 }, // U+2070
    { 5, 13, 96, 2, 21, 17, 30 }, // U+2071
    { 9, 13, 160, 2, 25, 30, 47 }, // U+2074
    { 9, 13, 160, 3, 25, 30, 77 }, // U+2075
    { 9, 13, 160, 3, 25, 30, 107 }, // U+2076
    { 9, 13, 160, 3, 25, 30, 137 }, // U+2077
    { 9, 13, 160, 3, 25, 30, 167 }, // U+2078
    { 9, 13, 160, 3, 25, 30, 197 }, // U+2079
    { 8, 8, 160, 3, 22, 16, 227 }, // U+207A
    { 8, 1, 160, 3, 18, 2, 243 }, // U+207B
    { 8, 5, 160, 3, 20, 10, 245 }, // U+207C
    { 7, 16, 80, 3, 26, 28, 255 }, // U+207D
    { 6, 16, 80, 0, 26, 24, 283 }, // U+207E
    { 9, 10, 176, 2, 18, 23, 307 }, // U+207F
    { 8, 13, 160, 0, 9, 26, 330 }, // U+2080
    { 6, 12, 160, 1, 8, 18, 356 }, // U+2081
    { 9, 13, 160, -1, 9, 30, 374 }, // U+2082
    { 9, 13, 160, -1, 9, 30, 404 }, // U+2083
    { 9, 13, 160, -1, 9, 30, 434 }, // U+2084
    { 9, 13, 160, -1, 9, 30, 464 }, // U+2085
    { 9, 13, 160, 0, 9, 30, 494 }, // U+2086
    { 9, 13, 160, 0, 9, 30, 524 }, // U+2087
    { 9, 13, 160, -1, 9, 30, 554 }, // U+2088
    { 9, 13, 160, -1, 9, 30, 584 }, // U+2089
    { 8, 8, 160, 0, 7, 16, 614 }, // U+208A
    { 8, 1, 160, 0, 3, 2, 630 }, // U+208B
    { 8, 5, 160, 0, 5, 10, 632 }, // U+208C
    { 6, 16, 80, 0, 10, 24, 642 }, // U+208D
    { 6, 16, 80, -3, 10, 24, 666 }, // U+208E
    { 10, 10, 176, -1, 7, 25, 690 }, // U+2090
    { 8, 10, 144, -1, 7, 20, 715 }, // U+2091
    { 9, 10, 176, -1, 7, 23, 735 }, // U+2092
    { 10, 10, 144, -2, 7, 25, 758 }, // U+2093
    { 8, 10, 144, -1, 7, 20, 783 }, // U+2094
    { 10, 13, 208, 0, 10, 33, 803 }, // U+2095
    { 10, 13, 160, 0, 10, 33, 836 }, // U+2096
    { 5, 13, 112, 0, 10, 17, 869 }, // U+2097
    { 15, 10, 288, 0, 7, 38, 886 }, // U+2098
    { 9, 10, 176, -1, 7, 23, 924 }, // U+2099
    { 11, 14, 176, -2, 7, 39, 947 }, // U+209A
    { 8, 10, 144, -1, 7, 20, 986 }, // U+209B
    { 6, 12, 96, -1, 9, 18, 1006 }, // U+209C
    { 14, 21, 256, 2, 21, 74, 0 }, // U+20A0
    { 15, 24, 256, 2, 22, 90, 74 }, // U+20A1
    { 15, 21, 256, 2, 21, 79, 164 }, // U+20A2
    { 16, 21, 256, 1, 21, 84, 243 }, // U+20A3
    { 17, 21, 256, 0, 21, 90, 327 }, // U+20A4
    { 23, 22, 400, 1, 19, 127, 417 }, // U+20A5
    { 17, 21, 256, 0, 21, 90, 544 }, // U+20A6
    { 20, 21, 336, 1, 21, 105, 634 }, // U+20A7
    { 22, 21, 368, 1, 21, 116, 739 }, // U+20A8
    { 19, 21, 288, 1, 21, 100, 855 }, // U+20A9
    { 23, 21, 368, 1, 21, 121, 955 }, // U+20AA
    { 19, 27, 272, 0, 22, 129, 1076 }, // U+20AB
    { 17, 21, 256, 1, 21, 90, 1205 }, // U+20AC
    { 18, 21, 256, 1, 21, 95, 1295 }, // U+20AD
    { 16, 21, 240, 1, 21, 84, 1390 }, // U+20AE
    { 26, 28, 448, 1, 21, 182, 1474 }, // U+20AF
    { 17, 28, 256, -1, 21, 119, 1656 }, // U+20B0
    { 16, 21, 256, 1, 21, 84, 1775 }, // U+20B1
    { 17, 24, 320, 2, 22, 102, 1859 }, // U+20B2
    { 19, 21, 256, -2, 21, 100, 1961 }, // U+20B3
    { 16, 21, 240, 0, 21, 84, 2061 }, // U+20B4
    { 16, 24, 272, 2, 22, 96, 2145 }, // U+20B5
    { 16, 19, 272, 1, 19, 76, 2241 }, // U+20B6
    { 19, 23, 304, 0, 21, 110, 2317 }, // U+20B7
    { 15, 21, 224, 2, 21, 79, 2427 }, // U+20B8
    { 14, 21, 256, 3, 21, 74, 2506 }, // U+20B9
    { 16, 21, 256, 0, 21, 84, 2580 }, // U+20BA
    { 17, 21, 304, 2, 21, 90, 2664 }, // U+20BB
    { 20, 21, 352, 0, 21, 105, 2754 }, // U+20BC
    { 18, 21, 272, -1, 21, 95, 2859 }, // U+20BD
    { 18, 24, 272, 0, 24, 108, 2954 }, // U+20BE
    { 15, 27, 256, 1, 24, 102, 3062 }, // U+20BF
    { 7, 2, 144, 1, 9, 4, 0 }, // U+2212
    { 25, 29, 304, -3, 22, 182, 0 }, // U+FB00
    { 20, 29, 272, -3, 22, 145, 182 }, // U+FB01
    { 20, 29, 272, -3, 22, 145, 327 }, // U+FB02
    { 29, 29, 416, -3, 22, 211, 472 }, // U+FB03
    { 30, 29, 416, -3, 22, 218, 683 }, // U+FB04
    { 23, 29, 288, -4, 22, 167, 901 }, // U+FB05
    { 23, 22, 352, 0, 22, 127, 1068 }, // U+FB06
    { 27, 27, 464, 1, 22, 183, 0 }, // U+FFFD
};

static const EpdUnicodeInterval notosans_14_italicIntervals[] = {
    { 0x0, 0x0, 0x0 },
    { 0xD, 0xD, 0x1 },
    { 0x20, 0x7E, 0x2 },
    { 0xA0, 0x17F, 0x61 },
    { 0x1A0, 0x1A1, 0x141 },
    { 0x1AF, 0x1B0, 0x143 },
    { 0x1C4, 0x21F, 0x145 },
    { 0x300, 0x36F, 0x1A1 },
    { 0x400, 0x4FF, 0x211 },
    { 0x1EA0, 0x1EF9, 0x311 },
    { 0x2000, 0x2064, 0x36B },
    { 0x2066, 0x2071, 0x3D0 },
    { 0x2074, 0x208E, 0x3DC },
    { 0x2090, 0x209C, 0x3F7 },
    { 0x20A0, 0x20BF, 0x404 },
    { 0x2212, 0x2212, 0x424 },
    { 0xFB00, 0xFB06, 0x425 },
    { 0xFFFD, 0xFFFD, 0x42C },
};

static const EpdFontGroup notosans_14_italicGroups[] = {
    { 0, 1855, 6997, 97, 0 },
    { 1855, 1753, 8329, 96, 97 },
    { 3608, 2099, 13021, 128, 193 },
    { 5707, 2135, 11485, 96, 321 },
    { 7842, 602, 1517, 112, 417 },
    { 8444, 5517, 25916, 256, 529 },
    { 13961, 1347, 11116, 90, 785 },
    { 15308, 1152, 4382, 111, 875 },
    { 16460, 445, 1265, 42, 986 },
    { 16905, 1068, 3392, 32, 1028 },
    { 17973, 6, 4, 1, 1060 },
    { 17979, 284, 1263, 7, 1061 },
    { 18263, 87, 189, 1, 1068 },
};

static const uint16_t notosans_14_italicKernLeftCodepoints[] = {
    0x0020, 0x0022, 0x0026, 0x0027, 0x0028, 0x002C, 0x002D, 0x002E, 0x0041, 0x0042, 0x0043, 0x0044,
    0x0045, 0x0046, 0x004B, 0x004C, 0x004F, 0x0050, 0x0051, 0x0052, 0x0054, 0x0055, 0x0056, 0x0057,
    0x0058, 0x0059, 0x005A, 0x005B, 0x005F, 0x0061, 0x0062, 0x0063, 0x0065, 0x0066, 0x006B, 0x006F,
    0x0070, 0x0072, 0x0074, 0x0076, 0x0077, 0x0078, 0x0079, 0x007B, 0x00A1, 0x00AB, 0x00BB, 0x00BF,
    0x00C0, 0x00C1, 0x00C2, 0x00C3, 0x00C4, 0x00C5, 0x00C6, 0x00C7, 0x00C8, 0x00C9, 0x00CA, 0x00CB,
    0x00D0, 0x00D2, 0x00D3, 0x00D4, 0x00D5, 0x00D6, 0x00D8, 0x00D9, 0x00DA, 0x00DB, 0x00DC, 0x00DD,
    0x00DE, 0x00E0, 0x00E1, 0x00E2, 0x00E3, 0x00E4, 0x00E5, 0x00E6, 0x00E8, 0x00E9, 0x00EA, 0x00EB,
    0x00EF, 0x00F0, 0x00F2, 0x00F3, 0x00F4, 0x00F5, 0x00F6, 0x00F8, 0x00FD, 0x00FE, 0x00FF, 0x0100,
    0x0101, 0x0102, 0x0103, 0x0104, 0x0105, 0x0106, 0x0108, 0x010A, 0x010C, 0x010E, 0x010F, 0x0110,
    0x0112, 0x0113, 0x0114, 0x0115, 0x0116, 0x0117, 0x0118, 0x0119, 0x011A, 0x011B, 0x0129, 0x012B,
    0x012E, 0x0136, 0x0137, 0x0138, 0x0139, 0x013B, 0x013D, 0x013E, 0x013F, 0x0141, 0x014C, 0x014D,
    0x014E, 0x014F, 0x0150, 0x0151, 0x0152, 0x0153, 0x0155, 0x0157, 0x0159, 0x0162, 0x0163, 0x0164,
    0x0165, 0x0166, 0x0167, 0x0168, 0x016A, 0x016C, 0x016E, 0x0170, 0x0172, 0x0174, 0x0175, 0x0176,
    0x0177, 0x0178, 0x0179, 0x017B, 0x017D, 0x01A0, 0x01A1, 0x01AF, 0x01B0, 0x01D0, 0x01FA, 0x01FB,
    0x01FC, 0x01FD, 0x01FE, 0x01FF, 0x020B, 0x021A, 0x021B, 0x0402, 0x0403, 0x0404, 0x0405, 0x0408,
    0x0409, 0x040A, 0x040B, 0x040C, 0x040E, 0x0410, 0x0411, 0x0412, 0x0413, 0x0414, 0x0416, 0x0417,
    0x041A, 0x041E, 0x0420, 0x0421, 0x0422, 0x0423, 0x0424, 0x0425, 0x0426, 0x0429, 0x042A, 0x042C,
    0x042D, 0x042E, 0x0430, 0x0431, 0x0432, 0x0433, 0x0434, 0x0435, 0x0436, 0x0437, 0x0438, 0x0439,
    0x043A, 0x043B, 0x043C, 0x043D, 0x043E, 0x043F, 0x0440, 0x0441, 0x0442, 0x0443, 0x0444, 0x0445,
    0x0446, 0x0447, 0x0448, 0x0449, 0x044A, 0x044B, 0x044C, 0x044D, 0x044E, 0x044F, 0x0450, 0x0451,
    0x0452, 0x0453, 0x0454, 0x0455, 0x0457, 0x0458, 0x0459, 0x045A, 0x045B, 0x045C, 0x045D, 0x045E,
    0x045F, 0x0460, 0x0461, 0x0462, 0x0463, 0x0464, 0x0466, 0x0467, 0x0468, 0x0469, 0x046E, 0x046F,
    0x0472, 0x0473, 0x0474, 0x0475, 0x0476, 0x0477, 0x0478, 0x0479, 0x047A, 0x047B, 0x047C, 0x047D,
    0x047E, 0x047F, 0x0480, 0x048A, 0x048B, 0x048C, 0x048D, 0x048E, 0x048F, 0x0490, 0x0491, 0x0492,
    0x0493, 0x0495, 0x0496, 0x0497, 0x0498, 0x0499, 0x049A, 0x049B, 0x049C, 0x049D, 0x049E, 0x049F,
    0x04A0, 0x04A1, 0x04A2, 0x04A3, 0x04A4, 0x04A5, 0x04A7, 0x04A9, 0x04AA, 0x04AC, 0x04AD, 0x04AE,
    0x04AF, 0x04B0, 0x04B1, 0x04B2, 0x04B3, 0x04B4, 0x04B5, 0x04B6, 0x04B7, 0x04BB, 0x04BC, 0x04BD,
    0x04BE, 0x04BF, 0x04C1, 0x04C2, 0x04C4, 0x04C5, 0x04C6, 0x04C9, 0x04CA, 0x04CD, 0x04CE, 0x04D0,
    0x04D1, 0x04D2, 0x04D3, 0x04D5, 0x04D7, 0x04D8, 0x04D9, 0x04DA, 0x04DB, 0x04DC, 0x04DD, 0x04DE,
    0x04DF, 0x04E6, 0x04E7, 0x04E8, 0x04E9, 0x04EA, 0x04EB, 0x04EC, 0x04ED, 0x04EE, 0x04EF, 0x04F0,
    0x04F1, 0x04F2, 0x04F3, 0x04F5, 0x04F6, 0x04F7, 0x04F9, 0x04FA, 0x04FB, 0x04FC, 0x04FD, 0x04FE,
    0x04FF, 0x1EA0, 0x1EA1, 0x1EA2, 0x1EA3, 0x1EA4, 0x1EA5, 0x1EA6, 0x1EA7, 0x1EA8, 0x1EA9, 0x1EAA,
    0x1EAB, 0x1EAC, 0x1EAD, 0x1EAE, 0x1EAF, 0x1EB0, 0x1EB1, 0x1EB2, 0x1EB3, 0x1EB4, 0x1EB5, 0x1EB6,
    0x1EB7, 0x1EB8, 0x1EB9, 0x1EBA, 0x1EBB, 0x1EBC, 0x1EBD, 0x1EBE, 0x1EBF, 0x1EC0, 0x1EC1, 0x1EC2,
    0x1EC3, 0x1EC4, 0x1EC5, 0x1EC6, 0x1EC7, 0x1ECC, 0x1ECD, 0x1ECE, 0x1ECF, 0x1ED0, 0x1ED1, 0x1ED2,
    0x1ED3, 0x1ED4, 0x1ED5, 0x1ED6, 0x1ED7, 0x1ED8, 0x1ED9, 0x1EDA, 0x1EDB, 0x1EDC, 0x1EDD, 0x1EDE,
    0x1EDF, 0x1EE0, 0x1EE1, 0x1EE2, 0x1EE3, 0x1EE4, 0x1EE6, 0x1EE8, 0x1EE9, 0x1EEA, 0x1EEB, 0x1EEC,
    0x1EED, 0x1EEE, 0x1EEF, 0x1EF0, 0x1EF1, 0x1EF2, 0x1EF3, 0x1EF4, 0x1EF5, 0x1EF6, 0x1EF7, 0x1EF8,
    0x1EF9, 0x2013, 0x2014, 0x2015, 0x2018, 0x2019, 0x201A, 0x201C, 0x201D, 0x201E, 0x2039, 0x203A,
    0x207D, 0x208D, 0xFB00,
};

static const uint8_t notosans_14_italicKernLeftClassIds[] = {
      1,   2,   3,   2,   4,   5,   6,   5,   7,   8,   9,  10,  11,  12,  13,  14,
     10,  15,  10,  16,  17,  18,  19,  19,  13,  20,  21,   4,  22,  23,  24,  25,
     24,  26,  27,  24,  24,  28,  29,  30,  30,  27,  30,   4,  31,  32,  33,  34,
      7,   7,   7,   7,   7,   7,  11,   9,  11,  11,  11,  11,  10,  10,  10,  10,
     10,  10,  10,  18,  18,  18,  18,  20,  15,  23,  23,  23,  23,  23,  23,  24,
     24,  24,  24,  24,  35,  24,  24,  24,  24,  24,  24,  24,  30,  24,  30,   7,
     23,   7,  23,   7,  23,   9,   9,   9,   9,  10,  36,  10,  11,  24,  11,  24,
     11,  24,  11,  24,  11,  24,  37,  35,  38,  13,  27,  27,  14,  14,  14,  36,
     14,  14,  10,  24,  10,  24,  10,  24,  11,  24,  28,  28,  28,  17,  29,  17,
     39,  17,  29,  18,  18,  18,  18,  18,  18,  19,  30,  20,  30,  20,  21,  21,
     21,  40,  41,  42,  43,  35,   7,  23,  11,  24,  10,  24,  35,  17,  29,  44,
     45,  46,  47,  48,  44,  44,  49,  50,  51,  52,  53,  54,  45,  55,  50,  54,
     50,  56,  57,  46,  45,  51,  58,  50,  55,  55,  44,  44,  56,  56,  59,  60,
     61,  62,  63,  62,  64,  61,  59,  59,  65,  59,  59,  59,  66,  67,  66,  64,
     67,  68,  66,  65,  69,  59,  59,  69,  70,  59,  70,  66,  66,  59,  62,  62,
     71,  62,  64,  72,  73,  74,  70,  70,  67,  65,  59,  75,  59,  51,  76,  77,
     70,  46,  52,  78,  52,  78,  54,  61,  56,  66,  51,  76,  51,  76,  68,  68,
     56,  66,  56,  66,  51,  76,  46,  55,  63,  77,  70,  57,  66,  79,  80,  81,
     82,  83,  84,  85,  54,  61,  84,  85,  50,  64,  50,  64,  50,  64,  55,  63,
     81,  80,  83,  66,  46,  79,  63,  86,  87,  86,  87,  84,  85,  55,  63,  55,
     63,  83,  88,  62,  88,  62,  50,  64,  64,  55,  63,  55,  63,  55,  63,  52,
     23,  52,  23,  62,  62,  56,  66,  56,  66,  50,  64,  54,  61,  56,  66,  56,
     66,  56,  66,  56,  66,  51,  68,  51,  68,  51,  68,  59,  79,  80,  59,  81,
     82,  84,  85,  50,  85,   7,  23,   7,  23,   7,  23,   7,  23,   7,  23,   7,
     23,   7,  23,   7,  23,   7,  23,   7,  23,   7,  23,   7,  23,  11,  24,  11,
     24,  11,  24,  11,  24,  11,  24,  11,  24,  11,  24,  11,  24,  10,  24,  10,
     24,  10,  24,  10,  24,  10,  24,  10,  24,  10,  24,  40,  41,  40,  41,  40,
     41,  40,  41,  40,  41,  18,  18,  42,  43,  42,  43,  42,  43,  42,  43,  42,
     43,  20,  30,  20,  30,  20,  30,  20,  30,   6,   6,   6,   2,   2,   5,   2,
      2,   5,  32,  33,  89,  90,  26,
};

static const uint16_t notosans_14_italicKernRightCodepoints[] = {
    0x0021, 0x0022, 0x0026, 0x0027, 0x0029, 0x002C, 0x002D, 0x002E, 0x003A, 0x003B, 0x003F, 0x0041,
    0x0043, 0x0047, 0x0049, 0x004A, 0x004F, 0x0051, 0x0053, 0x0054, 0x0055, 0x0056, 0x0057, 0x0058,
    0x0059, 0x005A, 0x005D, 0x0061, 0x0063, 0x0064, 0x0065, 0x0066, 0x0067, 0x006A, 0x006D, 0x006E,
    0x006F, 0x0070, 0x0071, 0x0072, 0x0073, 0x0074, 0x0075, 0x0076, 0x0077, 0x0079, 0x007A, 0x007D,
    0x00AB, 0x00BB, 0x00C0, 0x00C1, 0x00C2, 0x00C3, 0x00C4, 0x00C5, 0x00C6, 0x00C7, 0x00D2, 0x00D3,
    0x00D4, 0x00D5, 0x00D6, 0x00D8, 0x00D9, 0x00DA, 0x00DB, 0x00DC, 0x00DD, 0x00DF, 0x00E0, 0x00E1,
    0x00E2, 0x00E3, 0x00E4, 0x00E5, 0x00E6, 0x00E7, 0x00E8, 0x00E9, 0x00EA, 0x00EB, 0x00F1, 0x00F2,
    0x00F3, 0x00F4, 0x00F5, 0x00F6, 0x00F8, 0x00F9, 0x00FA, 0x00FB, 0x00FC, 0x00FD, 0x00FF, 0x0100,
    0x0101, 0x0102, 0x0103, 0x0104, 0x0105, 0x0106, 0x0107, 0x0108, 0x0109, 0x010A, 0x010B, 0x010C,
    0x010D, 0x010F, 0x0111, 0x0113, 0x0115, 0x0117, 0x0119, 0x011B, 0x011C, 0x011D, 0x011E, 0x011F,
    0x0120, 0x0121, 0x0122, 0x0123, 0x0127, 0x0129, 0x0135, 0x0138, 0x0144, 0x0146, 0x0148, 0x014B,
    0x014C, 0x014D, 0x014E, 0x014F, 0x0150, 0x0151, 0x0152, 0x0153, 0x0155, 0x0157, 0x015B, 0x015D,
    0x015F, 0x0161, 0x0162, 0x0163, 0x0164, 0x0165, 0x0166, 0x0167, 0x0168, 0x0169, 0x016A, 0x016B,
    0x016C, 0x016D, 0x016E, 0x016F, 0x0170, 0x0171, 0x0172, 0x0173, 0x0174, 0x0175, 0x0176, 0x0177,
    0x0178, 0x0179, 0x017A, 0x017B, 0x017C, 0x017D, 0x017E, 0x01A0, 0x01A1, 0x01AF, 0x01B0, 0x01FA,
    0x01FB, 0x01FC, 0x01FD, 0x01FE, 0x01FF, 0x0219, 0x021A, 0x021B, 0x0402, 0x0404, 0x0405, 0x0408,
    0x0409, 0x040B, 0x040E, 0x0410, 0x0414, 0x0416, 0x0417, 0x041B, 0x041E, 0x0421, 0x0422, 0x0423,
    0x0424, 0x0425, 0x0427, 0x042A, 0x042D, 0x042F, 0x0430, 0x0431, 0x0432, 0x0433, 0x0434, 0x0435,
    0x0436, 0x0437, 0x0438, 0x0439, 0x043A, 0x043B, 0x043C, 0x043D, 0x043E, 0x043F, 0x0440, 0x0441,
    0x0442, 0x0443, 0x0444, 0x0445, 0x0446, 0x0447, 0x0448, 0x0449, 0x044A, 0x044B, 0x044C, 0x044D,
    0x044E, 0x044F, 0x0450, 0x0451, 0x0452, 0x0453, 0x0454, 0x0455, 0x0457, 0x0458, 0x0459, 0x045A,
    0x045B, 0x045C, 0x045D, 0x045E, 0x045F, 0x0460, 0x0461, 0x0462, 0x0465, 0x0466, 0x0467, 0x0469,
    0x046D, 0x046E, 0x046F, 0x0470, 0x0471, 0x0472, 0x0473, 0x0474, 0x0475, 0x0476, 0x0477, 0x0478,
    0x0479, 0x047A, 0x047B, 0x047C, 0x047D, 0x047E, 0x047F, 0x0480, 0x0481, 0x048B, 0x048C, 0x048D,
    0x048F, 0x0491, 0x0492, 0x0495, 0x0496, 0x0497, 0x0498, 0x0499, 0x049B, 0x049D, 0x049E, 0x049F,
    0x04A0, 0x04A1, 0x04A3, 0x04A5, 0x04A7, 0x04A8, 0x04A9, 0x04AA, 0x04AB, 0x04AC, 0x04AD, 0x04AE,
    0x04AF, 0x04B0, 0x04B1, 0x04B2, 0x04B3, 0x04B4, 0x04B5, 0x04B6, 0x04B7, 0x04B8, 0x04B9, 0x04BB,
    0x04BC, 0x04BD, 0x04BE, 0x04BF, 0x04C1, 0x04C2, 0x04C4, 0x04C5, 0x04C6, 0x04C8, 0x04CA, 0x04CB,
    0x04CC, 0x04CE, 0x04D0, 0x04D1, 0x04D2, 0x04D3, 0x04D4, 0x04D5, 0x04D7, 0x04D8, 0x04D9, 0x04DA,
    0x04DB, 0x04DC, 0x04DD, 0x04DE, 0x04DF, 0x04E3, 0x04E5, 0x04E6, 0x04E7, 0x04E8, 0x04E9, 0x04EA,
    0x04EB, 0x04EC, 0x04ED, 0x04EE, 0x04EF, 0x04F0, 0x04F1, 0x04F2, 0x04F3, 0x04F4, 0x04F5, 0x04F7,
    0x04F9, 0x04FA, 0x04FC, 0x04FD, 0x04FE, 0x04FF, 0x1EA0, 0x1EA1, 0x1EA2, 0x1EA3, 0x1EA4, 0x1EA5,
    0x1EA6, 0x1EA7, 0x1EA8, 0x1EA9, 0x1EAA, 0x1EAB, 0x1EAC, 0x1EAD, 0x1EAE, 0x1EAF, 0x1EB0, 0x1EB1,
    0x1EB2, 0x1EB3, 0x1EB4, 0x1EB5, 0x1EB6, 0x1EB7, 0x1EB9, 0x1EBB, 0x1EBD, 0x1EBF, 0x1EC1, 0x1EC3,
    0x1EC5, 0x1EC7, 0x1ECC, 0x1ECD, 0x1ECE, 0x1ECF, 0x1ED0, 0x1ED1, 0x1ED2, 0x1ED3, 0x1ED4, 0x1ED5,
    0x1ED6, 0x1ED7, 0x1ED8, 0x1ED9, 0x1EDA, 0x1EDB, 0x1EDC, 0x1EDD, 0x1EDE, 0x1EDF, 0x1EE0, 0x1EE1,
    0x1EE2, 0x1EE3, 0x1EE4, 0x1EE5, 0x1EE6, 0x1EE7, 0x1EE8, 0x1EE9, 0x1EEA, 0x1EEB, 0x1EEC, 0x1EED,
    0x1EEE, 0x1EEF, 0x1EF0, 0x1EF1, 0x1EF2, 0x1EF3, 0x1EF4, 0x1EF5, 0x1EF6, 0x1EF7, 0x1EF8, 0x1EF9,
    0x2013, 0x2014, 0x2015, 0x2018, 0x2019, 0x201A, 0x201C, 0x201D, 0x201E, 0x2026, 0x2039, 0x203A,
    0x207E, 0x208E, 0xFB00,
};

static const uint8_t notosans_14_italicKernRightClassIds[] = {
      1,   2,   3,   2,   4,   5,   6,   5,   7,   7,   8,   9,  10,  10,  11,  12,
     10,  10,  13,  14,  15,  16,  16,  17,  18,  19,   4,  20,  21,  21,  21,  22,
     23,  24,  25,  25,  21,  25,  21,  25,  26,  27,  25,  28,  28,  28,  29,   4,
     30,  31,   9,   9,   9,   9,   9,   9,  32,  10,  10,  10,  10,  10,  10,  10,
     15,  15,  15,  15,  18,  24,  21,  20,  20,  20,  20,  20,  20,  21,  21,  21,
     21,  21,  25,  21,  21,  21,  21,  21,  21,  25,  25,  25,  25,  28,  28,   9,
     20,   9,  20,   9,  20,  10,  21,  10,  21,  10,  21,  10,  21,  21,  21,  21,
     21,  21,  21,  21,  10,  23,  10,  23,  10,  23,  10,  23,  33,  34,  24,  25,
     25,  25,  25,  25,  10,  21,  10,  21,  10,  21,  10,  21,  25,  25,  26,  26,
     26,  26,  14,  27,  14,  27,  14,  27,  15,  25,  15,  25,  15,  25,  15,  25,
     15,  25,  15,  25,  16,  28,  18,  28,  18,  19,  29,  19,  29,  19,  29,  10,
     21,  15,  25,   9,  20,  32,  20,  10,  21,  26,  14,  27,  35,  36,  37,  38,
     39,  35,  40,  41,  42,  43,  44,  39,  36,  36,  35,  40,  45,  43,  46,  35,
     44,  47,  48,  49,  48,  50,  51,  48,  52,  50,  53,  53,  54,  55,  54,  54,
     48,  54,  54,  48,  54,  56,  48,  57,  53,  58,  53,  53,  59,  53,  53,  52,
     54,  60,  48,  48,  61,  50,  48,  62,  63,  64,  55,  54,  61,  54,  53,  65,
     53,  66,  67,  68,  69,  41,  70,  69,  69,  44,  50,  46,  69,  71,  72,  66,
     67,  66,  67,  71,  72,  71,  72,  71,  72,  66,  67,  71,  72,  69,  68,  61,
     69,  69,  68,  69,  43,  50,  44,  50,  69,  69,  68,  61,  73,  59,  69,  69,
     69,  71,  72,  71,  72,  35,  69,  74,  75,  74,  75,  43,  52,  73,  59,  46,
     58,  46,  58,  69,  76,  77,  76,  77,  43,  52,  69,  78,  70,  69,  69,  46,
     58,  69,  41,  79,  41,  79,  41,  79,  72,  80,  50,  80,  50,  43,  52,  44,
     50,  69,  69,  71,  72,  71,  72,  71,  72,  44,  52,  40,  56,  40,  56,  40,
     56,  46,  58,  69,  53,  68,  43,  52,  43,  52,   9,  20,   9,  20,   9,  20,
      9,  20,   9,  20,   9,  20,   9,  20,   9,  20,   9,  20,   9,  20,   9,  20,
      9,  20,  21,  21,  21,  21,  21,  21,  21,  21,  10,  21,  10,  21,  10,  21,
     10,  21,  10,  21,  10,  21,  10,  21,  10,  21,  10,  21,  10,  21,  10,  21,
     10,  21,  15,  25,  15,  25,  15,  25,  15,  25,  15,  25,  15,  25,  15,  25,
     18,  28,  18,  28,  18,  28,  18,  28,   6,   6,   6,  81,   2,   5,  81,   2,
      5,   5,  30,  31,  82,  83,  22,
};

static const uint16_t notosans_14_italicKernRowOffsets[] = {
        0,     2,    32,    35,    50,    65,    78,    84,    85,    88,    96,    97,   100,   102,   109,   115,
      116,   132,   134,   146,   160,   163,   164,   165,   168,   169,   171,   172,   177,   179,   182,   185,
      192,   200,   204,   205,   211,   213,   214,   217,   224,   230,   244,   252,   268,   297,   307,   312,
      314,   321,   340,   369,   393,   407,   421,   437,   450,   466,   485,   486,   502,   511,   519,   524,
      532,   542,   558,   567,   579,   597,   614,   623,   628,   636,   638,   650,   652,   659,   671,   695,
      699,   717,   721,   729,   736,   738,   753,   755,   758,   759,   760,
};

static const uint8_t notosans_14_italicKernSparseCols[] = {
     70,  71,   8,  13,  15,  17,  19,  20,  22,  24,  25,  33,  34,  36,  38,  39,
     40,  41,  42,  43,  45,  49,  54,  55,  60,  62,  64,  68,  69,  71,  77,  78,
     13,  15,  17,  11,  21,  23,  34,  37,  38,  41,  42,  43,  44,  55,  60,  62,
     63,  64,   9,  13,  14,  15,  17,  34,  44,  45,  57,  58,  65,  70,  72,  73,
     75,  13,  34,  39,  41,  42,  45,  54,  55,  56,  57,  58,  64,  72,   1,   9,
     11,  13,  15,  17,   4,   2,   9,  29,   4,   8,  13,  15,  16,  17,  18,  36,
     11,   4,   7,   8,   9,  29,   1,   9,  13,  14,  15,  17,  29,   2,   4,   8,
     16,  18,  29,  29,   2,   4,   5,   7,   8,   9,  13,  19,  20,  22,  24,  25,
     27,  28,  29,  30,   4,   8,   2,   4,   7,   8,   9,  19,  20,  22,  24,  25,
     29,  30,   2,   4,   7,   8,   9,  19,  20,  22,  24,  25,  28,  29,  30,  31,
      2,   9,  29,  11,   1,   1,  27,  28,   1,   1,   3,  20,   1,   4,  19,  20,
     22,   1,   3,   1,   4,   7,  11,  13,  17,  13,  15,  17,  34,  39,  45,  72,
     13,  15,  17,  34,  39,  42,  45,  72,  11,  13,  15,  17,   3,   0,   1,   3,
      7,  32,  80,   3,  33,  11,   1,   3,   7,   7,  12,  13,  15,  16,  17,  20,
      1,  21,  25,  26,  27,  80,   1,   4,   7,   8,  10,  12,  13,  15,  16,  17,
     19,  20,  24,  80,   1,   4,   7,  21,  25,  26,  27,  80,   1,   3,   4,  34,
     35,  39,  42,  44,  45,  46,  51,  55,  57,  58,  64,  80,   3,   4,   5,   6,
     30,  34,  35,  38,  40,  41,  43,  44,  46,  47,  49,  50,  51,  52,  53,  54,
     55,  56,  57,  58,  59,  60,  61,  62,  64,  29,  35,  37,  44,  45,  47,  50,
     57,  70,  75,   4,  44,  45,  57,  80,  37,  63,   1,  34,  39,  45,  57,  58,
     80,   3,   4,   5,  29,  35,  37,  41,  44,  45,  47,  50,  52,  55,  57,  58,
     62,  64,  70,  75,   4,   5,   6,  29,  30,  35,  38,  40,  41,  44,  46,  47,
     48,  49,  50,  52,  53,  54,  57,  59,  60,  61,  62,  69,  70,  71,  75,  76,
     77,   1,  34,  35,  37,  38,  39,  44,  45,  47,  48,  50,  52,  54,  55,  57,
     58,  64,  65,  67,  72,  73,  75,  79,  80,   1,  35,  40,  42,  44,  45,  51,
     55,  56,  57,  58,  64,  75,  80,   4,  34,  36,  39,  40,  42,  43,  44,  45,
     46,  51,  57,  65,  73,   3,  34,  35,  37,  38,  40,  41,  42,  44,  45,  54,
     55,  57,  58,  63,  64,   4,  34,  39,  40,  42,  43,  45,  46,  57,  65,  69,
     72,  73,   4,   5,  29,  34,  38,  39,  40,  41,  42,  43,  46,  47,  50,  54,
     69,  77,   3,   4,   6,  34,  36,  38,  39,  40,  41,  42,  43,  45,  46,  54,
     65,  69,  72,  73,  77,  34,   1,   4,  34,  39,  42,  45,  49,  51,  55,  56,
     57,  58,  59,  61,  64,  80,   4,  34,  45,  49,  51,  55,  57,  58,  64,   1,
     34,  45,  47,  50,  55,  57,  64,   1,   4,  34,  42,  56,  34,  45,  47,  50,
     54,  57,  71,  76,   4,   5,  34,  45,  47,  48,  50,  52,  57,  80,   1,   4,
     34,  39,  42,  45,  49,  51,  55,  56,  57,  58,  59,  61,  64,  80,   1,  34,
     42,  45,  55,  57,  58,  64,  80,   4,   5,  34,  38,  40,  42,  47,  50,  54,
     59,  69,  80,   1,   3,  34,  37,  38,  40,  41,  42,  44,  45,  52,  54,  55,
     57,  58,  63,  64,  80,   1,  34,  35,  38,  45,  48,  51,  52,  55,  56,  57,
     58,  64,  66,  74,  76,  80,   1,  34,  37,  55,  57,  58,  63,  64,  80,  34,
     39,  47,  50,  57,   1,   3,  34,  39,  42,  60,  62,  80,  37,  63,   4,   5,
     34,  38,  40,  42,  47,  50,  54,  59,  69,  80,   4,  69,   1,  34,  45,  58,
     65,  72,  73,   1,  55,  57,  58,  59,  64,  66,  68,  71,  74,  76,  78,   4,
      5,  29,  30,  34,  40,  44,  49,  51,  55,  57,  58,  59,  61,  64,  66,  68,
     69,  70,  71,  74,  75,  76,  77,   4,   5,  69,  71,   4,   5,  34,  40,  44,
     49,  51,  57,  60,  61,  68,  69,  70,  71,  72,  75,  76,  77,   4,  66,  69,
     71,   1,  55,  57,  58,  64,  66,  74,  76,  37,  44,  57,  58,  70,  75,  76,
     57,  71,   4,  40,  44,  49,  57,  59,  60,  68,  69,  70,  71,  76,  77,  78,
     79,   4,  69,  34,  65,  73,  81,  82,
};

static const int8_t notosans_14_italicKernSparseValues[] = {
      -9,   -9,  -32,    9,    9,    5,  -19,  -28,  -14,  -14,  -14,   32,    9,   14,  -23,   14,
     -32,  -28,   14,   19,    9,    5,  -14,    9,   19,   19,    9,   -5,  -32,  -28,  -28,   -9,
     -28,  -19,  -28,   42,   19,   19,   14,   51,   -5,   19,    9,   14,   -9,   14,   19,   14,
      42,   14,  -23,  -32,   -9,  -28,  -28,  -28,  -19,  -37,  -28,  -23,  -28,  -23,  -32,  -28,
     -28,  -19,  -19,   -9,   -5,   -9,  -23,   -5,   -5,   -5,   -9,   -9,   -5,  -19,  -32,   -9,
      35,  -23,   -5,  -14,   -9,   -5,   -9,   -9,  -19,   -9,  -14,   -5,   -9,   -5,   -5,   -5,
      28,  -28,    9,   -9,   -9,   -9,  -37,   -9,  -19,   -5,   -9,  -19,  -19,   -9,  -60,  -23,
      -9,   -5,   -5,   -5,   -9,  -28,  -19,    9,  -23,   -9,    5,  -37,  -32,  -32,  -23,  -28,
      -9,  -19,  -28,  -19,   -9,   -5,   -5,  -23,    9,   -5,   -5,   -9,   -9,   -5,   -5,   -5,
     -19,   -9,  -14,  -28,    9,  -14,   -9,  -23,  -23,   -9,  -14,  -19,   -9,  -19,  -19,   -9,
      -9,   -5,   -5,   42,   -5,   -5,   -9,   -5,    9,   28,   19,   -9,   19,  -56,   -9,   -9,
      -5,    9,    9,   19,  -19,    9,   28,   -9,   -5,  -19,   -9,  -19,  -19,   -5,   -9,  -14,
     -28,  -19,  -19,  -28,   -9,   -9,  -28,  -19,   46,  -23,   -5,  -14,   19,   28,   32,   39,
      37,   32,   19,   19,   51,   23,   19,   28,    9,   14,    9,   14,   19,   14,   28,    9,
       9,   19,    9,   19,   23,   28,    9,  -19,   23,   -9,   14,    9,   32,   37,   28,   37,
      -9,    5,   -5,    9,    9,   -5,    9,   23,    9,   23,   23,   23,  -37,   -5,   -9,  -32,
      -5,   -9,   -5,   -5,  -37,   -5,   -5,  -14,  -14,  -28,  -14,  -32,   14,  -28,  -19,   -9,
     -19,    5,   -9,  -28,  -23,  -28,    5,  -16,   -5,  -32,  -14,  -46,  -14,  -14,  -14,  -32,
      -9,  -14,  -23,   -9,  -14,   23,  -14,    9,  -19,   -9,   -5,    9,   -9,   -5,   -5,   -5,
      -9,   -9,   -9,   -5,   -5,   -9,   -7,   -5,   23,   14,  -37,  -32,   -9,  -37,  -14,  -23,
     -23,    9,   -5,  -14,   -9,  -12,    9,    5,  -19,   -9,   -5,   -9,   -5,   -5,  -14,   -5,
       5,   -5,   -9,  -23,  -37,   -9,   -9,  -19,   -9,   -9,  -37,  -37,  -32,  -14,  -14,  -14,
      -9,   -5,  -28,   -5,   -9,  -23,   -9,   -5,   23,   -9,    9,  -19,   -5,   -9,   -9,  -14,
     -23,  -32,  -28,  -19,   14,    9,   -9,  -19,  -42,   -5,   -5,   -5,   -5,    9,  -14,  -28,
     -28,  -14,  -19,   -9,  -23,  -28,  -23,   -9,  -32,   -9,   -5,   -5,   -5,   -5,   -9,   -5,
     -14,   -5,  -14,  -19,  -14,   -9,   -9,   -9,   -9,   -5,   -5,   -5,   -5,   -5,   -5,   -9,
      -5,   -5,   -5,   -5,   -5,   19,   -5,   -5,   56,   14,    7,   14,    5,   -5,  -14,   19,
      14,  -19,   -9,   46,   14,  -19,  -19,  -19,   -9,  -12,   -5,   -9,   -5,   -5,   -5,   -5,
      -5,   -5,  -60,   -5,   -5,   -9,  -23,  -14,  -23,  -23,  -14,   -5,   -5,   -5,   -5,  -19,
     -23,  -28,   -9,  -19,   -5,  -23,   -5,   -9,  -28,   -9,   -7,  -19,   -9,   -9,  -14,   -9,
      -5,   -5,   -9,  -14,   -9,  -14,   -5,   -9,  -51,  -14,   -5,  -14,   -5,   -9,  -19,   -9,
      -9,   -9,   -5,   -5,  -19,   -9,   -9,  -28,   -5,   -5,   -5,  -14,   -9,   -5,  -14,   -5,
     -23,   -5,   -5,   -5,   -9,   -5,   -9,   -5,   -9,   -9,   -5,   -5,  -19,   -5,   -9,   -9,
       5,   -9,   -9,   -9,   -5,   -9,  -14,   -5,   -9,   -5,   -9,   -7,   -5,    5,   -5,   -9,
     -32,  -14,   -5,  -14,   -5,   -9,  -19,   -9,   -9,   -9,   -5,   -5,  -19,   -9,  -14,  -19,
      -5,   -9,  -23,   -9,   -9,  -23,  -19,  -19,   -5,   -9,  -14,   -5,   -5,  -14,  -14,  -23,
      -5,   -9,    9,   -9,   19,  -23,   60,   19,    9,   19,    9,   -9,  -19,   -5,    9,    5,
      -9,   -9,   23,    5,  -14,  -28,  -42,  -14,    5,  -56,   -5,   -7,   -5,  -28,   -2,  -32,
     -32,  -28,   -9,  -14,   -9,  -42,  -14,  -42,   37,  -19,   -9,   -9,    9,  -19,  -19,  -14,
      -9,   -5,   -5,   -9,   19,   14,    9,    9,    5,    9,    5,   19,   37,   14,  -19,   -5,
     -19,  -14,   -5,   -5,  -14,  -14,  -23,   -5,   -9,    9,  -19,   -9,  -19,  -19,  -28,   -9,
     -14,  -23,  -14,  -32,  -14,  -14,  -23,   14,  -14,   -9,   -5,   -9,   -9,   -9,   -9,  -28,
     -19,  -28,  -19,    5,  -23,  -19,   -9,   -9,  -19,  -23,  -19,  -14,  -28,  -19,   -9,  -23,
     -28,   -9,  -32,  -19,  -23,  -32,  -23,  -23,   -9,  -14,   -5,  -23,   -9,    9,  -28,  -14,
      -9,   -9,  -23,    9,  -14,  -14,  -23,   -9,  -19,    9,   -9,  -14,  -19,  -14,   23,  -14,
      -9,  -32,   -9,  -37,  -23,   -9,   -9,   -9,   -9,  102,  -14,  -19,   -9,   -9,  -14,   -9,
      -5,   -5,  -28,  -28,  -14,  -19,  -19,   -9,    9,  -14,  -23,   -9,  -23,  -19,  -19,  -19,
      -5,  -19,   -5,   -9,   -5,   -5,   24,   23,
};

static const EpdLigaturePair notosans_14_italicLigaturePairs[] = {
    { 0x00660066, 0xFB00 }, // f f -> U+FB00
    { 0x00660069, 0xFB01 }, // f i -> U+FB01
    { 0x0066006C, 0xFB02 }, // f l -> U+FB02
    { 0xFB000069, 0xFB03 }, // U+FB00 i -> U+FB03
    { 0xFB00006C, 0xFB04 }, // U+FB00 l -> U+FB04
};

static const EpdFontData notosans_14_italic = {
    notosans_14_italicBitmaps,
    notosans_14_italicGlyphs,
    notosans_14_italicIntervals,
    18,
    40,
    31,
    -9,
    true,
    notosans_14_italicGroups,
    13,
    nullptr,
    nullptr,  // kernLeftClasses: built-in fonts use the split arrays below
    nullptr,  // kernRightClasses
    notosans_14_italicKernLeftCodepoints,
    notosans_14_italicKernLeftClassIds,
    notosans_14_italicKernRightCodepoints,
    notosans_14_italicKernRightClassIds,
    nullptr,  // kernMatrix: built-in fonts use the sparse form below
    notosans_14_italicKernRowOffsets,
    notosans_14_italicKernSparseCols,
    notosans_14_italicKernSparseValues,
    471,
    471,
    90,
    83,
    notosans_14_italicLigaturePairs,
    5,
};
