/**
 * generated by fontconvert.py
 * name: notoserif_10_regular
 * size: 10
 * mode: 2-bit  compressed: true
 * Command used: fontconvert.py notoserif_10_regular 10 ../builtinFonts/source/NotoSerif/NotoSerif-Regular.ttf --2bit --compress --pnum --zopfli
 */
#pragma once
#include "EpdFontData.h"

static const uint8_t notoserif_10_regularBitmaps[19790] = {
    0xA5, 0x97, 0x01, 0x84, 0x65, 0x59, 0x7A, 0xC7, 0x7F, 0xF7, 0x7E, 0xBA, 0x4F, 0xA6, 0x4E, 0x75,
    0x9F, 0xC6, 0x8C, 0x24, 0xB6, 0xAA, 0xEF, 0x60, 0x50, 0x76, 0xEA, 0xD5, 0x2B, 0x54, 0x92, 0x47,
    0xEE, 0xAB, 0x7B, 0x26, 0x8D, 0x20, 0x50, 0x90, 0xC0, 0xC0, 0x90, 0x65, 0x21, 0x2B, 0x6F, 0x6D,
    0x85, 0xC2, 0x9B, 0xA9, 0x93, 0x19, 0x2C, 0x02, 0x15, 0x13, 0x06, 0xA0, 0x04, 0xAC, 0x5D, 0xA4,
    0xF0, 0xF0, 0x62, 0x7B, 0xF2, 0xBE, 0xDA, 0xC6, 0x08, 0xC1, 0xD9, 0xDD, 0x4C, 0x42, 0x82, 0x5C,
    0x99, 0x21, 0x6C, 0x12, 0xB9, 0x91, 0x27, 0xF3, 0x7A, 0xF7, 0xBD, 0xBA, 0x39, 0x75, 0xFB, 0x55,
    0x6F, 0xEB, 0xF4, 0xF4, 0x86, 0xDC, 0xEF, 0xFF, 0xFB, 0x9C, 0x73, 0xEE, 0xF9, 0xBE, 0x77, 0xCE,
    0x77, 0xCF, 0xF5, 0xDC, 0xE9, 0x74, 0x3A, 0x39, 0x3E, 0x3E, 0x1E, 0xED, 0xEF, 0xEF, 0xF3, 0xB5,
    0xC5, 0x94, 0xC9, 0xC5, 0xF5, 0x35, 0x4A, 0x17, 0x70, 0xFE, 0x0E, 0xF1, 0x9C, 0x18, 0x51, 0xED,
    0xB7, 0xCB, 0x5F, 0xFE, 0xBB, 0xBF, 0xCD, 0xDF, 0x0F, 0xF2, 0xC0, 0x8B, 0xF8, 0xAF, 0xBC, 0x7D,
    0x76, 0xDA, 0xCE, 0x37, 0x36, 0xB8, 0xB3, 0xC1, 0xE6, 0x1D, 0xB6, 0x36, 0xE1, 0x0C, 0x22, 0xB6,
    0xA5, 0xFC, 0x28, 0x0C, 0x3E, 0x0C, 0x83, 0x3F, 0x65, 0x78, 0x46, 0x51, 0x93, 0xAF, 0x60, 0xE6,
    0xF9, 0x48, 0x2F, 0x3E, 0xD4, 0xE6, 0x43, 0x9D, 0x7E, 0x14, 0xFA, 0x2B, 0x88, 0xDD, 0x7C, 0x0F,
    0x00, 0x76, 0x4E, 0x64, 0x7B, 0x37, 0x53, 0xCA, 0xFB, 0x12, 0x28, 0xEF, 0x1A, 0x28, 0xDD, 0x5D,
    0x52, 0x6B, 0x8B, 0x34, 0x36, 0x98, 0xF9, 0xED, 0xDD, 0x6F, 0xFE, 0x48, 0xED, 0xE4, 0xB3, 0xCB,
    0x48, 0xF6, 0x48, 0x6B, 0xE4, 0x83, 0xE4, 0x8C, 0x24, 0x77, 0x57, 0xD2, 0xD8, 0x56, 0xFE, 0x03,
    0x65, 0xC0, 0xF7, 0x3D, 0x37, 0x57, 0xD6, 0x06, 0xE4, 0xB2, 0xC1, 0xF8, 0x8E, 0xD4, 0xAE, 0xC9,
    0xFF, 0x25, 0x90, 0x2D, 0x65, 0x6E, 0x3F, 0x16, 0xDD, 0x73, 0x0F, 0x28, 0xE5, 0xEF, 0x29, 0xB3,
    0x2B, 0x4A, 0xDE, 0x4D, 0x54, 0x14, 0xFC, 0x4C, 0x4D, 0xFB, 0xFE, 0x12, 0x60, 0x72, 0x5D, 0x04,
    0x38, 0xCA, 0xD5, 0xD1, 0xA3, 0xE4, 0x84, 0x29, 0x13, 0xE6, 0x9D, 0x4D, 0x98, 0xA6, 0x7E, 0xC9,
    0x36, 0x96, 0x3C, 0x72, 0xEF, 0x88, 0x5D, 0x2C, 0xA2, 0xB9, 0x66, 0x75, 0xD6, 0xF0, 0xD4, 0xB2,
    0x26, 0xAF, 0x45, 0x25, 0x38, 0x06, 0xDC, 0x83, 0x8B, 0x24, 0x3F, 0xFC, 0x7D, 0xFD, 0xCA, 0x95,
    0xBF, 0xFD, 0x98, 0xC3, 0xAF, 0xEB, 0xAB, 0xA3, 0xC0, 0x05, 0xB0, 0xAE, 0x1D, 0x9D, 0x66, 0x6D,
    0xA4, 0xFE, 0x79, 0x17, 0xF8, 0xD5, 0x6E, 0x69, 0x86, 0x3B, 0x1C, 0x03, 0xAF, 0x1D, 0x9D, 0x36,
    0xF0, 0xC6, 0xC3, 0x29, 0xBC, 0xC3, 0x39, 0x11, 0xCD, 0x34, 0x0F, 0xE2, 0x05, 0x43, 0x7A, 0x1C,
    0x6C, 0xB2, 0xC5, 0x0E, 0x07, 0xEC, 0x33, 0xE2, 0x1C, 0x0F, 0x60, 0x56, 0xDC, 0xB7, 0xBE, 0x14,
    0x3D, 0xC9, 0xE3, 0x34, 0xAB, 0x27, 0x59, 0x33, 0xBF, 0xD1, 0xE4, 0x5A, 0x75, 0x1A, 0x4F, 0x77,
    0xD3, 0x9C, 0x34, 0x13, 0xE0, 0x02, 0x99, 0xD3, 0x9B, 0x73, 0x3C, 0x87, 0x97, 0xAA, 0x6A, 0x15,
    0xB0, 0x2B, 0x86, 0x36, 0xA4, 0x0C, 0x03, 0x51, 0x92, 0x4C, 0xC0, 0xC2, 0x36, 0x0C, 0xA0, 0x46,
    0x52, 0x8F, 0x7B, 0xBB, 0x9C, 0xBF, 0xF7, 0xBD, 0xFA, 0xB4, 0xAD, 0x01, 0x7B, 0xC5, 0x9E, 0xD1,
    0x52, 0xE2, 0xAE, 0xC4, 0xF5, 0xFC, 0x6F, 0x90, 0x5F, 0x81, 0x51, 0xF2, 0x9A, 0xAC, 0xB9, 0x97,
    0x35, 0xFB, 0x79, 0x5D, 0x1A, 0x2D, 0xAE, 0x00, 0xB0, 0x01, 0x17, 0xF8, 0xCD, 0xC0, 0xD7, 0x03,
    0x9F, 0x04, 0xF9, 0xED, 0x60, 0x4C, 0xD8, 0x34, 0x61, 0xC7, 0x84, 0x3F, 0x7A, 0xFB, 0xCF, 0x66,
    0xED, 0x12, 0x13, 0x92, 0xB0, 0xCA, 0x6C, 0xE1, 0x5A, 0x4D, 0xDA, 0x24, 0x89, 0x2D, 0xF8, 0x15,
    0x28, 0x56, 0xBC, 0x56, 0x04, 0x24, 0x92, 0x5D, 0x27, 0x4F, 0xFE, 0x20, 0xED, 0xD7, 0xDE, 0x24,
    0x87, 0xFC, 0x0A, 0x27, 0xBA, 0x9B, 0x6B, 0x09, 0x27, 0x30, 0x81, 0xFF, 0xBE, 0x62, 0x65, 0xC3,
    0x5C, 0x74, 0x9E, 0xC7, 0x49, 0x1E, 0x9F, 0xAB, 0x4F, 0xD5, 0x36, 0x49, 0xFB, 0xD4, 0xAF, 0x67,
    0xDD, 0xFA, 0xBB, 0x1D, 0xE2, 0x60, 0x1B, 0x76, 0x61, 0x00, 0xC7, 0xD0, 0x40, 0x4D, 0x1E, 0x01,
    0xF2, 0xD6, 0xBB, 0xDF, 0x8A, 0xF7, 0x69, 0x7A, 0x34, 0xC9, 0xBB, 0xB7, 0xA2, 0xF9, 0x99, 0xCF,
    0x5A, 0x6F, 0x7F, 0x27, 0xF6, 0xB2, 0x79, 0xC9, 0x49, 0xC9, 0xA0, 0xE4, 0x38, 0xDD, 0x32, 0x6D,
    0x00, 0x00, 0xBB, 0x60, 0x58, 0x30, 0xB5, 0xBE, 0x11, 0x7D, 0xA2, 0xB9, 0xC4, 0xB1, 0x8D, 0xC5,
    0x17, 0xCA, 0xD3, 0x22, 0x3B, 0x46, 0x3D, 0xAA, 0x39, 0x00, 0xE5, 0xBB, 0xAF, 0x02, 0xB0, 0xF3,
    0x6E, 0xF9, 0xF3, 0xCE, 0x1B, 0x1F, 0x0F, 0x37, 0x77, 0x6A, 0x00, 0x72, 0x65, 0x8F, 0x7C, 0x4E,
    0xE1, 0x99, 0x42, 0xDF, 0x93, 0xD7, 0xB0, 0x07, 0xA2, 0xE0, 0xA1, 0x3B, 0x76, 0x00, 0x3C, 0x6D,
    0x7B, 0x98, 0x40, 0xE1, 0xC9, 0xE6, 0xD0, 0x07, 0xD1, 0xD4, 0xC9, 0x6E, 0x32, 0x78, 0xA0, 0x2B,
    0xED, 0xD0, 0xFA, 0x13, 0xD1, 0x57, 0x9F, 0x2E, 0xAA, 0x80, 0x29, 0x44, 0xD0, 0x4E, 0x90, 0x05,
    0xA4, 0x26, 0x5F, 0x2F, 0xA3, 0x0D, 0x70, 0xF8, 0xD6, 0x94, 0xAC, 0xE6, 0x2E, 0x26, 0x20, 0xDE,
    0xE5, 0x57, 0xEF, 0x87, 0x5D, 0xF7, 0xE0, 0x52, 0x07, 0x3D, 0x09, 0x7A, 0x5C, 0x1A, 0xAF, 0xA3,
    0x13, 0x9B, 0xE9, 0xC5, 0xC4, 0xE6, 0xE1, 0xE2, 0xD8, 0x89, 0xBF, 0x18, 0xF4, 0x2D, 0xA3, 0xFE,
    0x67, 0x4B, 0x06, 0x19, 0x47, 0xEC, 0x02, 0x38, 0x78, 0x1D, 0xF9, 0xDC, 0x28, 0xFC, 0xE1, 0x63,
    0xC0, 0x78, 0x70, 0x01, 0x0A, 0x85, 0xAF, 0x46, 0xF8, 0xB5, 0x06, 0x46, 0x89, 0x7A, 0x0A, 0x5A,
    0x92, 0xEB, 0x10, 0x69, 0xAF, 0x30, 0x38, 0x36, 0x70, 0xFE, 0x0E, 0x46, 0x7B, 0x89, 0x56, 0xAB,
    0x45, 0xD5, 0x9E, 0x61, 0x2F, 0x1F, 0x22, 0xDA, 0x4B, 0xEC, 0xAD, 0x19, 0x22, 0x9F, 0xCE, 0x91,
    0x7F, 0x4D, 0x74, 0x7D, 0x47, 0xC2, 0xAF, 0xC1, 0xE8, 0x7B, 0x54, 0xED, 0xE7, 0x00, 0xD9, 0xAC,
    0xB6, 0xE1, 0xE1, 0x7D, 0xCA, 0x92, 0x37, 0xC6, 0x30, 0x85, 0xC5, 0x8D, 0xA6, 0x30, 0x86, 0x12,
    0xFA, 0xFC, 0x92, 0x8B, 0xE3, 0xBC, 0xAD, 0x81, 0x2A, 0x79, 0x9B, 0xC2, 0x45, 0x5D, 0x10, 0xED,
    0xAC, 0x16, 0xCD, 0x1B, 0xD1, 0xEC, 0x19, 0xF2, 0x6B, 0xEA, 0x27, 0xF7, 0x5D, 0x58, 0xFF, 0x5C,
    0x62, 0x85, 0xED, 0x96, 0x79, 0x27, 0xF1, 0x4A, 0x02, 0x3A, 0x3E, 0x3D, 0x42, 0x7E, 0x72, 0x7E,
    0xD3, 0x5F, 0x93, 0x27, 0x04, 0xA3, 0x36, 0xC5, 0xB5, 0x89, 0x55, 0x0A, 0x4D, 0x91, 0x29, 0x50,
    0x94, 0xB5, 0xDA, 0x3A, 0xF9, 0x67, 0x65, 0x94, 0x6A, 0x09, 0x00, 0xB3, 0x05, 0x26, 0x56, 0x14,
    0x38, 0x4A, 0x5E, 0x61, 0x0C, 0x4C, 0x81, 0xC5, 0x53, 0xDA, 0x38, 0xA5, 0xF0, 0xE3, 0xEE, 0xBE,
    0xEB, 0xE6, 0xD9, 0x58, 0x90, 0xB5, 0x2B, 0x80, 0x94, 0xA6, 0xB8, 0xB2, 0xF1, 0xF9, 0x8D, 0x25,
    0x3E, 0xFD, 0xBD, 0x46, 0xDA, 0xB6, 0x6B, 0x3F, 0x8F, 0xD1, 0xBC, 0xB9, 0x8E, 0xAB, 0x96, 0x36,
    0x8A, 0xBE, 0xC8, 0x8C, 0x56, 0x4B, 0xD7, 0xE6, 0x73, 0x9A, 0x2F, 0xB7, 0xAC, 0xC9, 0xA3, 0xD1,
    0x43, 0xAA, 0x65, 0xBF, 0xB1, 0xF1, 0xBA, 0xCC, 0x77, 0x11, 0x1D, 0x24, 0xCE, 0x91, 0x1F, 0x28,
    0xF2, 0x89, 0x47, 0xFE, 0x49, 0x91, 0x2F, 0x6A, 0xE4, 0x72, 0x8E, 0xE8, 0xC3, 0x44, 0xC5, 0x93,
    0x52, 0xA7, 0x3D, 0x2F, 0xB3, 0x65, 0xB5, 0x04, 0x1B, 0x41, 0xF4, 0x17, 0x91, 0x25, 0x24, 0x61,
    0x30, 0xEA, 0xE8, 0x4A, 0x5D, 0xE3, 0x16, 0xB6, 0xA1, 0x50, 0x99, 0xF0, 0xA6, 0xCA, 0x98, 0xDF,
    0x50, 0x29, 0xF9, 0x96, 0x4A, 0x8F, 0x1F, 0xAB, 0x38, 0x1E, 0x25, 0x97, 0x7F, 0xA0, 0x62, 0x3E,
    0x78, 0xA0, 0x22, 0x8F, 0x24, 0xB9, 0x7F, 0x48, 0x2E, 0xFB, 0xF7, 0xE4, 0x58, 0xA6, 0x54, 0x4C,
    0x8D, 0x56, 0xF5, 0xA8, 0xBF, 0xA8, 0xD4, 0xAD, 0x6C, 0xCC, 0x6A, 0x69, 0x88, 0xF2, 0x30, 0x31,
    0x4C, 0x14, 0x09, 0x1B, 0xA2, 0x48, 0x8C, 0x92, 0x35, 0x51, 0x98, 0x26, 0x86, 0x89, 0x22, 0xE1,
    0xA2, 0xF1, 0x12, 0xAB, 0x26, 0x8B, 0x00, 0x59, 0x5B, 0x63, 0xC3, 0x98, 0x3D, 0x1C, 0x25, 0xD6,
    0x8F, 0x31, 0x3A, 0x45, 0x74, 0x91, 0x98, 0x23, 0x71, 0x81, 0x74, 0xFD, 0xEB, 0xF1, 0x12, 0x1B,
    0xD2, 0x3C, 0x5C, 0x18, 0x77, 0x71, 0x00, 0xE9, 0xE5, 0xB0, 0x97, 0x53, 0xD1, 0xA1, 0xE8, 0x9E,
    0x68, 0xBF, 0xF3, 0xA9, 0x7D, 0x22, 0x6D, 0xFD, 0xE2, 0x53, 0xF3, 0xFF, 0xFA, 0x41, 0x47, 0xC2,
    0x83, 0x55, 0x90, 0xCF, 0x81, 0x6F, 0xD0, 0xBD, 0x9D, 0xDD, 0xF3, 0x19, 0x26, 0xF6, 0x9E, 0xA1,
    0x44, 0x7E, 0x52, 0x23, 0xFF, 0xA8, 0xC8, 0xA3, 0x1A, 0xD1, 0x9B, 0xE7, 0x78, 0x88, 0xD1, 0xC2,
    0x57, 0x4B, 0x53, 0x03, 0x76, 0x45, 0x69, 0xFD, 0x44, 0x42, 0x93, 0x33, 0x81, 0x31, 0xF4, 0x53,
    0xBE, 0x25, 0xCC, 0x3C, 0x56, 0x11, 0x3D, 0xCF, 0xB5, 0x11, 0x9D, 0x5A, 0xDF, 0x5F, 0x01, 0x9C,
    0xB6, 0x2D, 0x93, 0x3D, 0xEB, 0xCF, 0x7B, 0xE2, 0x8F, 0x7A, 0xB9, 0xA7, 0x07, 0xBF, 0x90, 0x43,
    0x48, 0xF5, 0x60, 0x36, 0xEF, 0x2F, 0x5C, 0x10, 0xB5, 0x3E, 0x0F, 0xFF, 0x17, 0x8C, 0x8A, 0x97,
    0xCF, 0x0B, 0x98, 0x2D, 0x00, 0x68, 0xEB, 0xAA, 0xE9, 0x63, 0x82, 0xC3, 0xE0, 0xBC, 0xC5, 0x74,
    0x6F, 0xF9, 0x16, 0x79, 0xDC, 0x21, 0x6B, 0x0E, 0xA0, 0x19, 0xC1, 0xE4, 0x1C, 0xC6, 0x11, 0x86,
    0x0A, 0xFD, 0x00, 0x85, 0x07, 0x07, 0xB3, 0xE6, 0x36, 0xA7, 0x75, 0xE1, 0x9D, 0x77, 0x24, 0xC2,
    0x06, 0x36, 0x14, 0x29, 0xDE, 0xE8, 0x9B, 0xBA, 0x89, 0xE8, 0xAF, 0xD7, 0xBB, 0x48, 0xDC, 0x6F,
    0x06, 0x64, 0xF5, 0x79, 0x97, 0x2B, 0x4E, 0x46, 0x30, 0xD7, 0x93, 0x73, 0xF8, 0x4B, 0x2D, 0x23,
    0xBC, 0x17, 0x86, 0x0A, 0x95, 0x2F, 0x14, 0xFA, 0xB8, 0x00, 0x05, 0xCE, 0x73, 0xDA, 0x9C, 0xAA,
    0xD3, 0xFB, 0x18, 0xDD, 0x25, 0xAF, 0xF7, 0x61, 0xDE, 0xCD, 0x85, 0x0A, 0x70, 0x40, 0x5F, 0xE1,
    0x5B, 0x11, 0x7E, 0xD8, 0x90, 0x87, 0x29, 0x86, 0x21, 0x05, 0x15, 0x33, 0x4D, 0xFB, 0x59, 0x54,
    0x8D, 0x53, 0xA3, 0xA2, 0x86, 0xBC, 0xDE, 0x80, 0xF9, 0x16, 0x8C, 0x0F, 0x60, 0x38, 0x02, 0x17,
    0xC1, 0x6A, 0x22, 0x3C, 0x87, 0x76, 0x15, 0xE9, 0xB7, 0xCB, 0x21, 0x0F, 0x0F, 0x68, 0x5E, 0x97,
    0x1A, 0xA3, 0x38, 0x4F, 0x1F, 0x4A, 0x58, 0x90, 0x35, 0x48, 0xC4, 0xEA, 0xAD, 0x82, 0x3B, 0x87,
    0x6C, 0x57, 0xED, 0xAA, 0x0D, 0x0B, 0x9A, 0x97, 0xDA, 0x82, 0xEF, 0xFA, 0x33, 0xCE, 0x19, 0xB1,
    0xCF, 0x01, 0x3B, 0x6C, 0xB1, 0xC9, 0x1D, 0x36, 0x30, 0x08, 0xE2, 0xF3, 0x90, 0x29, 0x4A, 0xE4,
    0x9C, 0x7B, 0x55, 0x94, 0x98, 0xBF, 0xD4, 0x4C, 0xFC, 0xEA, 0x19, 0x67, 0xD0, 0x90, 0x4F, 0x90,
    0x5D, 0x36, 0x36, 0xD9, 0xDC, 0x60, 0x57, 0x38, 0xC8, 0xC3, 0x28, 0xD3, 0x23, 0xFC, 0x6B, 0xBF,
    0x7B, 0x54, 0xB5, 0x8B, 0x21, 0x0E, 0xF1, 0xF8, 0xEC, 0x88, 0xFE, 0x5F, 0x51, 0x3A, 0x76, 0xAC,
    0xC7, 0xF8, 0xEC, 0x6D, 0xBF, 0xF7, 0xB6, 0x9F, 0x18, 0xDF, 0x58, 0xDF, 0x38, 0x3F, 0x7D, 0x33,
    0x54, 0x3F, 0x6E, 0x80, 0x19, 0xB8, 0xA7, 0xBA, 0x85, 0x3B, 0x6D, 0x5C, 0x1C, 0xBB, 0x30, 0x74,
    0x7E, 0xCF, 0x71, 0xFF, 0x5A, 0x3E, 0xA9, 0xE7, 0x42, 0xE9, 0xEA, 0xE9, 0xAC, 0x5F, 0x03, 0x1C,
    0xE1, 0xAE, 0x33, 0xFB, 0x13, 0xC3, 0x04, 0x9A, 0xB5, 0xD6, 0x47, 0xFD, 0xD0, 0x78, 0x7B, 0x05,
    0x80, 0x8B, 0xE4, 0x35, 0xD9, 0xB5, 0xB2, 0xB7, 0xEA, 0xE2, 0x71, 0x3D, 0xB4, 0xF5, 0x89, 0xD4,
    0x93, 0xBC, 0x6E, 0xB2, 0xB5, 0x52, 0x3B, 0x8D, 0x0C, 0x37, 0x6A, 0xB7, 0x58, 0xAD, 0x33, 0x5F,
    0x51, 0x76, 0x7F, 0xEF, 0x13, 0xD1, 0x9F, 0x7E, 0x4F, 0x7F, 0xFA, 0xDD, 0xF0, 0x34, 0xF3, 0x9E,
    0x09, 0xEB, 0xCC, 0xC0, 0x2C, 0xC8, 0x23, 0x35, 0x7F, 0xEC, 0x4D, 0xC0, 0x06, 0x4E, 0x57, 0x98,
    0xF0, 0x42, 0x75, 0x77, 0x97, 0x70, 0x74, 0x62, 0xFE, 0x63, 0x79, 0x57, 0xC2, 0xB6, 0x68, 0x4F,
    0x34, 0x79, 0x67, 0xBC, 0xAC, 0xD8, 0x80, 0x3B, 0xE0, 0xDA, 0x60, 0xDB, 0x66, 0xC0, 0x64, 0xC4,
    0xF1, 0x31, 0x17, 0x65, 0x1E, 0xED, 0x95, 0x9F, 0x01, 0xEE, 0x59, 0x6E, 0x41, 0x2A, 0x0F, 0x2E,
    0x4E, 0x49, 0xE5, 0xC0, 0xF9, 0x04, 0x2F, 0x20, 0x8D, 0xCF, 0x9A, 0x2A, 0x18, 0x5C, 0xB8, 0x0D,
    0x40, 0xE5, 0xED, 0xF3, 0x16, 0x4E, 0xE7, 0x79, 0x90, 0x98, 0x07, 0x80, 0x42, 0xE5, 0x4B, 0xCD,
    0xFA, 0x21, 0x33, 0xC0, 0x3D, 0x8F, 0xAC, 0x70, 0xD4, 0x38, 0x09, 0xB8, 0x0D, 0x70, 0xBD, 0xC4,
    0x2C, 0xF1, 0x27, 0xA9, 0x2F, 0x8A, 0xCB, 0x1A, 0x9C, 0x5F, 0x30, 0x6B, 0xFA, 0xCC, 0x70, 0x5F,
    0x6E, 0x7E, 0xD6, 0x90, 0xF9, 0x57, 0xA9, 0xAA, 0xFF, 0x6C, 0xBD, 0x8D, 0x33, 0xA3, 0x36, 0x5C,
    0x17, 0xC0, 0xBF, 0xCC, 0xB9, 0x34, 0xA5, 0x3E, 0x6D, 0xAA, 0xF7, 0x97, 0x64, 0x9E, 0xAA, 0xDF,
    0x60, 0xE3, 0x43, 0x52, 0x20, 0xD6, 0xBF, 0x18, 0x17, 0x86, 0xA4, 0x00, 0xE5, 0x08, 0xD7, 0xF2,
    0xE4, 0xC3, 0x60, 0x92, 0xD5, 0x0D, 0x4D, 0xA7, 0xF5, 0x27, 0x41, 0xCF, 0xE8, 0xFA, 0x11, 0xDF,
    0x62, 0x56, 0xBD, 0xEC, 0x28, 0xBA, 0x7E, 0xED, 0x60, 0x2D, 0x4F, 0xB7, 0x09, 0x8A, 0xC5, 0xEA,
    0x65, 0x67, 0xEC, 0x71, 0x4D, 0x76, 0xA3, 0xBC, 0xA6, 0xBF, 0xE2, 0x16, 0x55, 0x15, 0xED, 0x9F,
    0x47, 0x7B, 0xE9, 0x6D, 0xC0, 0xFA, 0x67, 0x85, 0x0B, 0x9C, 0x2E, 0xD6, 0xA7, 0x7D, 0xD7, 0x52,
    0xDE, 0x66, 0x08, 0x45, 0x24, 0x5F, 0x41, 0x1F, 0x8C, 0x3F, 0x10, 0x5F, 0x5A, 0x8A, 0x15, 0x40,
    0x8E, 0xC1, 0x31, 0x5B, 0xFC, 0xEF, 0xFA, 0x9A, 0x25, 0x00, 0x9C, 0xE6, 0x4B, 0x1C, 0xE5, 0x0B,
    0xB1, 0x37, 0x7F, 0x5B, 0x3F, 0x5C, 0x92, 0xB7, 0xFD, 0x00, 0x00, 0xCC, 0x2E, 0xDB, 0x3E, 0x03,
    0xC7, 0xBE, 0xF3, 0xEF, 0x98, 0x10, 0x45, 0x35, 0xFF, 0x51, 0xC8, 0x3E, 0x83, 0x2F, 0xE0, 0x63,
    0x28, 0x01, 0xA0, 0xD5, 0x8B, 0xA2, 0xDE, 0x63, 0x2E, 0xDE, 0x65, 0x4B, 0xC1, 0xE5, 0x7F, 0x70,
    0x1B, 0xFB, 0x60, 0xFB, 0x15, 0xCC, 0xB7, 0xDD, 0x26, 0xF2, 0xD7, 0x76, 0x8B, 0xFC, 0x6F, 0xCC,
    0xD7, 0xC8, 0xFE, 0x4D, 0x2E, 0x60, 0x9E, 0x37, 0x90, 0xCA, 0x02, 0x70, 0xFA, 0xD9, 0xCA, 0x86,
    0x5A, 0x2E, 0x03, 0xFF, 0x05, 0x63, 0x18, 0xC2, 0x5F, 0x90, 0x7D, 0x5B, 0x25, 0xAF, 0x1D, 0xF3,
    0xF6, 0x93, 0xB6, 0x5B, 0xC3, 0x55, 0x9F, 0x03, 0xC7, 0xC8, 0xFA, 0x73, 0xD1, 0x28, 0x97, 0x9A,
    0xFD, 0x73, 0x9A, 0xEF, 0xF9, 0x3E, 0x1C, 0xC2, 0x6E, 0xA7, 0x03, 0x68, 0x30, 0x91, 0x43, 0x0F,
    0xD0, 0x6F, 0xE3, 0x8E, 0xD1, 0xD7, 0x1D, 0xF4, 0x60, 0x0C, 0x0D, 0x79, 0x8D, 0x51, 0x1C, 0x67,
    0x7B, 0x59, 0xAC, 0xDA, 0xC8, 0x54, 0xD4, 0x04, 0x7B, 0x63, 0xBE, 0x60, 0x89, 0xC3, 0xFA, 0x27,
    0x7D, 0x93, 0x4C, 0x22, 0xDF, 0x39, 0x8B, 0x2F, 0xB8, 0x16, 0x14, 0x3C, 0xFB, 0x1E, 0x49, 0x64,
    0x29, 0xFA, 0xCC, 0x88, 0x2F, 0xF8, 0x0E, 0x40, 0x15, 0xE2, 0x37, 0x6B, 0x3D, 0xAB, 0x82, 0xBF,
    0xC5, 0xFF, 0x00, 0xA5, 0x97, 0x01, 0x84, 0x6C, 0xD7, 0x19, 0xC7, 0x7F, 0xF7, 0x9E, 0x79, 0x39,
    0x79, 0x7B, 0x76, 0xE6, 0x8E, 0x7A, 0x51, 0x74, 0x76, 0x26, 0x08, 0x56, 0x3B, 0xB3, 0x33, 0xDA,
    0x29, 0x43, 0xCE, 0xBE, 0x7B, 0x22, 0x25, 0x2A, 0xD5, 0x0E, 0x14, 0xBC, 0xD2, 0x14, 0x80, 0x92,
    0x29, 0x8B, 0xC5, 0x26, 0x73, 0x22, 0x00, 0xE8, 0x82, 0x16, 0x88, 0x85, 0xA2, 0x89, 0xE8, 0x60,
    0xE8, 0xD0, 0xED, 0xEE, 0xD9, 0x14, 0x01, 0x38, 0x2F, 0x11, 0x00, 0xBD, 0x49, 0x42, 0x79, 0xAA,
    0xBD, 0x74, 0x30, 0x7D, 0x66, 0xF7, 0xF6, 0x5C, 0xEF, 0xED, 0x76, 0xBB, 0xDE, 0x4B, 0xC7, 0x9B,
    0xBD, 0xDF, 0xFF, 0xDB, 0x33, 0xDF, 0xFD, 0xFE, 0xBF, 0xF3, 0xED, 0xDE, 0xC3, 0xDE, 0x65, 0xB6,
    0x78, 0x91, 0x5E, 0x6F, 0x34, 0xDA, 0xDB, 0xDB, 0x9B, 0xCE, 0x66, 0x53, 0x7A, 0xB0, 0x87, 0x2C,
    0x6C, 0xF3, 0x7B, 0x5E, 0x7F, 0xD7, 0xE9, 0x1E, 0xFB, 0x97, 0x11, 0xD6, 0xBB, 0x3D, 0x5A, 0xBF,
    0x72, 0xB2, 0x30, 0xF4, 0x28, 0x03, 0x44, 0x41, 0x4D, 0xBA, 0x76, 0xEC, 0x74, 0x64, 0x34, 0x74,
    0xA0, 0x06, 0xC5, 0x39, 0x12, 0x84, 0x29, 0x43, 0x42, 0x0D, 0xD2, 0x87, 0x93, 0xDF, 0x8D, 0x3D,
    0xF0, 0x86, 0xB1, 0x69, 0x61, 0x1B, 0x92, 0x7E, 0x6C, 0x7A, 0xB1, 0xED, 0xC7, 0xB6, 0x2D, 0x09,
    0x95, 0x37, 0x86, 0x0E, 0x28, 0x3E, 0x3A, 0xEF, 0x32, 0x4D, 0x98, 0x28, 0xE3, 0xC5, 0x99, 0x8B,
    0x3F, 0x35, 0xFC, 0x0D, 0x1E, 0x92, 0x14, 0x19, 0x9A, 0x8D, 0x93, 0xA3, 0x5B, 0x6F, 0x0D, 0xD1,
    0x70, 0x80, 0x2C, 0xDC, 0xA1, 0x7F, 0xF4, 0x65, 0x00, 0xF3, 0x78, 0xED, 0xE3, 0x05, 0xCD, 0x9F,
    0xA3, 0xA5, 0x19, 0xC4, 0x68, 0x68, 0x59, 0x5E, 0x5E, 0x30, 0x3A, 0x65, 0xA4, 0xDC, 0x6E, 0xEC,
    0x5A, 0xF7, 0x9D, 0x7C, 0xE8, 0x18, 0x83, 0x32, 0x08, 0x3B, 0x88, 0xAD, 0x16, 0x26, 0xF9, 0x90,
    0x68, 0xC8, 0x9D, 0x3B, 0x5A, 0x6F, 0x6F, 0x03, 0x30, 0xFE, 0x37, 0xC2, 0x2B, 0x5B, 0x83, 0x6C,
    0xD0, 0x5A, 0xF4, 0x47, 0xA3, 0x76, 0xE3, 0x28, 0x63, 0xF3, 0xBE, 0xA7, 0x7A, 0xA9, 0xF2, 0xF3,
    0x68, 0xF2, 0x7C, 0xA3, 0xBF, 0x33, 0x1B, 0x6C, 0x45, 0x66, 0x22, 0x0F, 0xA5, 0xE3, 0xF4, 0x1C,
    0x80, 0x56, 0xD6, 0x1E, 0x30, 0x68, 0xCE, 0x06, 0x83, 0xC1, 0x7E, 0xF7, 0x43, 0x88, 0x62, 0xA4,
    0x62, 0xAB, 0x83, 0xDE, 0x67, 0x36, 0x47, 0x6B, 0x6A, 0x5B, 0x08, 0x09, 0x11, 0xC0, 0x69, 0xE1,
    0xE1, 0x7A, 0x98, 0x17, 0x86, 0xE3, 0x1C, 0xB8, 0x39, 0x49, 0x91, 0xF5, 0x47, 0x03, 0xDD, 0x38,
    0x1A, 0x34, 0x36, 0xFD, 0xA0, 0x5D, 0xF5, 0x77, 0xF3, 0xAA, 0xD7, 0x59, 0xF5, 0x68, 0xB0, 0xB7,
    0x59, 0xD6, 0xFB, 0x27, 0xAD, 0xC1, 0x16, 0x5C, 0x9F, 0x04, 0x20, 0x2D, 0x16, 0x00, 0x74, 0xDD,
    0x74, 0xE2, 0xFB, 0xBE, 0x3F, 0x99, 0xA4, 0x1E, 0x38, 0xBC, 0xDA, 0xB0, 0x1C, 0x80, 0xEC, 0xDA,
    0xFE, 0x5C, 0x4D, 0xD5, 0x9A, 0x0F, 0xF4, 0x1D, 0xCD, 0x80, 0x49, 0xE4, 0x64, 0xA5, 0xF3, 0xB3,
    0x74, 0x09, 0xCD, 0x50, 0xAB, 0x6B, 0x26, 0x32, 0x43, 0xD7, 0x3B, 0x3D, 0xDD, 0xCD, 0xA0, 0x1C,
    0x70, 0x9B, 0x3A, 0x80, 0x8E, 0xB2, 0x27, 0x44, 0x9C, 0x69, 0x91, 0xA5, 0x1B, 0xF9, 0xCB, 0x8B,
    0xE3, 0x3E, 0x84, 0xD0, 0x90, 0x42, 0x07, 0x54, 0x51, 0x74, 0x97, 0x7B, 0xE9, 0x72, 0x74, 0x15,
    0xDD, 0xE5, 0x48, 0x2D, 0x47, 0xB4, 0x9F, 0x1A, 0xD1, 0xF1, 0xDB, 0x0C, 0x5F, 0xD8, 0x3B, 0xDE,
    0x87, 0x06, 0x2D, 0x23, 0xAC, 0x34, 0x27, 0x40, 0xEC, 0xBA, 0xEE, 0x1B, 0x2E, 0xBE, 0xBA, 0xBE,
    0xB5, 0x50, 0x99, 0x6E, 0x0F, 0xB6, 0xF6, 0x9B, 0x83, 0x2D, 0xDD, 0x4E, 0xE6, 0x30, 0x34, 0xF4,
    0x03, 0x40, 0x93, 0x24, 0xA8, 0x5F, 0x9B, 0xA4, 0x59, 0xAE, 0x7B, 0x23, 0x30, 0x00, 0x20, 0x6D,
    0xE4, 0x18, 0x5B, 0x61, 0xC2, 0x4A, 0x12, 0x52, 0xB5, 0x4C, 0x8D, 0x32, 0xF5, 0xCB, 0x34, 0xD2,
    0x21, 0xF9, 0x63, 0xDE, 0xFC, 0xFC, 0xEC, 0x18, 0xC4, 0xBB, 0x1A, 0xE4, 0x6D, 0x0D, 0xB5, 0xE6,
    0x89, 0xA5, 0x71, 0xEB, 0x2D, 0xC3, 0x00, 0x0D, 0x23, 0x4E, 0x2F, 0x79, 0xB1, 0x61, 0xFC, 0x08,
    0x55, 0xBB, 0x42, 0x0D, 0x28, 0x51, 0x65, 0xFA, 0xF2, 0x1F, 0xC8, 0x77, 0x3E, 0x56, 0xE6, 0xCD,
    0x2F, 0xDF, 0x91, 0x06, 0x89, 0x82, 0x1A, 0x55, 0x68, 0xD0, 0x87, 0x01, 0xDE, 0x30, 0x12, 0xBF,
    0xB1, 0x64, 0xAA, 0xB0, 0x00, 0x34, 0xE7, 0x78, 0x06, 0x3A, 0x72, 0xD4, 0xB5, 0x30, 0x30, 0x29,
    0xC9, 0x59, 0x15, 0xD0, 0x0D, 0xA8, 0x77, 0xFA, 0x9A, 0x9E, 0x1E, 0x1D, 0xD3, 0xCD, 0xEE, 0x1F,
    0x43, 0xF4, 0x17, 0x0D, 0xE2, 0x87, 0x1A, 0x64, 0x39, 0x5F, 0xB5, 0x9C, 0xAF, 0x81, 0x86, 0x3E,
    0xA7, 0x00, 0xCC, 0x60, 0x01, 0x6F, 0x00, 0xD0, 0xA3, 0x8C, 0x09, 0x22, 0xA3, 0x05, 0xBB, 0xA0,
    0x41, 0x47, 0x46, 0x0B, 0xD7, 0x94, 0xEE, 0xB9, 0x0B, 0x98, 0x01, 0x6D, 0x40, 0x01, 0x11, 0x20,
    0x0D, 0x24, 0x16, 0x5A, 0x0E, 0xBE, 0xED, 0xE1, 0xFB, 0x39, 0x8C, 0x82, 0xB2, 0x19, 0x38, 0x4D,
    0xEC, 0x76, 0x11, 0xC5, 0x05, 0x92, 0x84, 0x0D, 0x12, 0x53, 0x45, 0xBA, 0x4E, 0x50, 0xE1, 0xD2,
    0x05, 0xCC, 0x21, 0xF2, 0x20, 0x0C, 0xB0, 0x26, 0xAB, 0xF4, 0x75, 0x3D, 0xEC, 0x4D, 0xC0, 0xD4,
    0xD7, 0x63, 0x01, 0x9C, 0x6C, 0xC2, 0xC7, 0x0B, 0x60, 0xB8, 0x1E, 0xAB, 0x5E, 0x87, 0xE9, 0x14,
    0x46, 0xA3, 0xF5, 0x7F, 0xC6, 0x08, 0xD8, 0xF1, 0xD0, 0x1B, 0x95, 0x2A, 0x19, 0xCF, 0xCE, 0x92,
    0x45, 0x91, 0xC3, 0x3F, 0x99, 0x10, 0xBF, 0x47, 0x0F, 0xD1, 0xE4, 0x45, 0x36, 0x9A, 0xC0, 0x66,
    0x99, 0xB6, 0x5B, 0x3F, 0x85, 0x5E, 0xEB, 0x7D, 0xCB, 0x51, 0x13, 0x08, 0x10, 0x84, 0x6D, 0x82,
    0xA4, 0xC9, 0xF3, 0x35, 0x9A, 0x34, 0x3A, 0xEC, 0xA0, 0x8B, 0xB3, 0xA2, 0x58, 0x02, 0xD1, 0x69,
    0xA6, 0xEC, 0x71, 0x13, 0xAD, 0x79, 0xE9, 0x00, 0x66, 0xB0, 0xB8, 0x8C, 0x19, 0x1C, 0x80, 0x86,
    0x2E, 0xCF, 0x27, 0xFE, 0x20, 0x2E, 0x32, 0xB6, 0xA0, 0x65, 0x10, 0x16, 0x69, 0x38, 0x21, 0xCA,
    0x81, 0x7D, 0xA0, 0x01, 0x00, 0x69, 0x71, 0x8E, 0x72, 0x1D, 0x84, 0xAB, 0x06, 0xDD, 0x0E, 0xE2,
    0x91, 0x3E, 0x1B, 0x22, 0x1E, 0x1C, 0x95, 0xEB, 0x6B, 0x8A, 0x83, 0x04, 0xD2, 0xA9, 0xE0, 0x2B,
    0x40, 0x78, 0x4A, 0x2A, 0x55, 0xD6, 0x67, 0x75, 0x81, 0xB1, 0x85, 0xCF, 0x3D, 0x98, 0xFA, 0x7A,
    0x2C, 0x63, 0x88, 0xBF, 0xC8, 0x88, 0xEE, 0xFB, 0xB5, 0xE7, 0xD2, 0x24, 0x08, 0x83, 0x49, 0x97,
    0xCA, 0x0B, 0xF7, 0xA4, 0x4B, 0xBA, 0x74, 0xC9, 0x8C, 0x4C, 0xD8, 0x88, 0xAF, 0xEF, 0x92, 0x2E,
    0xC9, 0x06, 0xFD, 0x7A, 0xE5, 0xEB, 0xBB, 0xEA, 0xF5, 0x83, 0x83, 0x7E, 0x9F, 0xFF, 0xC3, 0x4A,
    0x8B, 0x0C, 0xE5, 0xDE, 0x46, 0xB8, 0xC4, 0x3E, 0xAE, 0x67, 0x61, 0xF6, 0xFC, 0x9B, 0x9F, 0x45,
    0x79, 0xF7, 0xC1, 0x2B, 0xB9, 0x70, 0x51, 0x50, 0x5C, 0x2A, 0x2B, 0xEF, 0x96, 0x7D, 0x32, 0xF4,
    0xA7, 0xC5, 0x57, 0x50, 0x01, 0xD2, 0x77, 0xE1, 0x17, 0xE7, 0x40, 0x9D, 0xD4, 0x25, 0xE7, 0xCA,
    0x47, 0x99, 0xC8, 0xF1, 0xE2, 0x38, 0x68, 0x37, 0xA8, 0x15, 0xA4, 0xAC, 0x17, 0xC2, 0x7B, 0x11,
    0xE5, 0x5E, 0x30, 0x0B, 0xDA, 0x0D, 0x6A, 0x05, 0x25, 0x5E, 0x1A, 0xE1, 0xD3, 0x3C, 0xF2, 0x5C,
    0x9E, 0xA7, 0x2A, 0x10, 0x85, 0x28, 0xE7, 0xB2, 0x07, 0xEC, 0x90, 0xA0, 0x51, 0xE6, 0x00, 0xE9,
    0x66, 0x08, 0xB7, 0x08, 0x9A, 0x23, 0x7C, 0xF9, 0xBD, 0xFC, 0x5C, 0xD6, 0x35, 0xCA, 0x96, 0x7D,
    0x49, 0xE8, 0x2F, 0x7D, 0xC0, 0xE3, 0x33, 0x65, 0xA1, 0x0A, 0x54, 0x58, 0x9F, 0xD7, 0x02, 0xD2,
    0xAB, 0x73, 0xB5, 0x3E, 0x0F, 0x88, 0xCE, 0x7B, 0x88, 0x56, 0x0E, 0x91, 0x59, 0x9F, 0x67, 0x0C,
    0xD1, 0xE7, 0x19, 0x78, 0x0F, 0xB0, 0x36, 0xEF, 0x45, 0xEC, 0x40, 0xD8, 0x5A, 0x0D, 0x31, 0x23,
    0xCA, 0xCB, 0x1C, 0xD6, 0xA1, 0x12, 0xEA, 0xF0, 0x5C, 0x68, 0xFB, 0xFB, 0x63, 0x7C, 0x8A, 0xE6,
    0x83, 0x80, 0xFF, 0xD8, 0xCD, 0xE2, 0x57, 0xDD, 0x42, 0x06, 0x7C, 0x35, 0xE0, 0x1B, 0x01, 0xDF,
    0x0F, 0xF8, 0xA3, 0x80, 0x77, 0xCA, 0x76, 0xED, 0x23, 0xFC, 0x46, 0xC0, 0x6F, 0x02, 0x68, 0xA0,
    0x09, 0x48, 0x03, 0x18, 0x4E, 0xE7, 0xDD, 0x45, 0x79, 0x00, 0x95, 0x89, 0xED, 0x2A, 0x92, 0x4E,
    0x18, 0xF1, 0x55, 0x0B, 0x4E, 0x17, 0x00, 0xC0, 0x1C, 0xA2, 0x0C, 0x84, 0x01, 0x58, 0x9F, 0x27,
    0x1D, 0x24, 0x19, 0x6C, 0xF7, 0xA1, 0x5E, 0x59, 0x9F, 0x77, 0xE7, 0x0E, 0x68, 0x0D, 0xDB, 0xDB,
    0x00, 0xEB, 0xF3, 0x98, 0x01, 0x19, 0x08, 0x0B, 0x11, 0xA4, 0x8B, 0x34, 0x4F, 0x5C, 0xE8, 0x72,
    0x92, 0x38, 0xDB, 0x80, 0x79, 0x03, 0x0E, 0xFA, 0xB0, 0x3B, 0x82, 0xC4, 0x83, 0x72, 0x41, 0xF6,
    0x86, 0x5C, 0xC9, 0x23, 0x5D, 0xA2, 0x3C, 0xC2, 0x21, 0x8A, 0x43, 0x71, 0x76, 0x2C, 0xDC, 0xAE,
    0x70, 0x3B, 0xC2, 0xB5, 0xCA, 0xEC, 0xB4, 0x38, 0x9B, 0x8B, 0x8B, 0x30, 0x29, 0xD2, 0x95, 0x9D,
    0xBC, 0x79, 0x48, 0xEC, 0xA7, 0x48, 0xAB, 0x91, 0xA6, 0x83, 0x0A, 0x4A, 0x5F, 0x3D, 0x47, 0xBD,
    0x0E, 0xEA, 0x27, 0xA5, 0x0C, 0xEA, 0xB5, 0x0C, 0xF5, 0x4A, 0xA8, 0x99, 0x16, 0xEA, 0x07, 0xD2,
    0xAA, 0x1F, 0x49, 0x9B, 0xFC, 0x58, 0x31, 0x7E, 0xED, 0x1C, 0x80, 0x04, 0x84, 0x05, 0x0F, 0x75,
    0xA2, 0x21, 0xDD, 0x13, 0x74, 0xC2, 0xB6, 0x32, 0x48, 0x13, 0xDD, 0x33, 0x3B, 0xF7, 0xCC, 0x54,
    0x9A, 0x5C, 0x99, 0x3C, 0x31, 0xB3, 0xEF, 0xD8, 0xF4, 0xD3, 0x1C, 0x60, 0x07, 0x06, 0x90, 0x81,
    0x59, 0xD5, 0x12, 0xE7, 0x88, 0x05, 0xB5, 0x2D, 0x2A, 0xD1, 0xAA, 0x96, 0x08, 0x5A, 0x9F, 0x98,
    0x7E, 0x01, 0x95, 0x55, 0x2D, 0x95, 0x0A, 0xCD, 0x26, 0xD5, 0x2A, 0xB0, 0xF2, 0x60, 0x73, 0xD4,
    0x26, 0xB7, 0xAB, 0xC8, 0x5F, 0x12, 0x1D, 0xAD, 0x3C, 0xDB, 0xF0, 0x56, 0xE8, 0x3B, 0xCD, 0x75,
    0x92, 0xED, 0x6F, 0x2B, 0xA7, 0x91, 0xB6, 0x13, 0xDD, 0x7B, 0xF0, 0xE7, 0x9D, 0x7B, 0x0F, 0x7E,
    0x3F, 0x95, 0x96, 0x5C, 0x39, 0xF2, 0xC4, 0x55, 0x66, 0x9D, 0x79, 0x3B, 0xCD, 0xC6, 0x39, 0x00,
    0x43, 0x92, 0x12, 0x6D, 0xF6, 0x25, 0x53, 0xC8, 0x2F, 0x63, 0x0A, 0x07, 0x70, 0x57, 0x1A, 0x75,
    0x01, 0x1E, 0x66, 0xD0, 0x06, 0x8D, 0xC8, 0x49, 0x0C, 0xC2, 0x41, 0x06, 0x75, 0x4A, 0xFB, 0x05,
    0x5A, 0x99, 0x7D, 0xE1, 0xA6, 0xC2, 0x3D, 0xFC, 0xC0, 0x3D, 0x7C, 0xDF, 0x5E, 0xD9, 0x77, 0xA4,
    0x0D, 0xF6, 0x1B, 0xCF, 0x66, 0x45, 0xCB, 0xB5, 0x67, 0xB3, 0xAA, 0xE5, 0xDA, 0x2F, 0x7A, 0x55,
    0xCB, 0x01, 0x1D, 0x24, 0x00, 0xA9, 0x51, 0x37, 0x2F, 0x3B, 0x9E, 0x93, 0xC7, 0x5E, 0x98, 0xA7,
    0xDF, 0x4F, 0x6C, 0xD7, 0xED, 0x4D, 0x4C, 0xFD, 0x69, 0xF7, 0xEB, 0xF5, 0x79, 0x3E, 0x9A, 0x3C,
    0xDD, 0x7F, 0x3B, 0x32, 0xF2, 0xAF, 0xB0, 0x44, 0xBC, 0x07, 0xD2, 0x44, 0xBF, 0x75, 0xAD, 0x3F,
    0x78, 0x2D, 0xB2, 0x69, 0x94, 0xCF, 0xC9, 0x73, 0xCA, 0x98, 0x46, 0xD9, 0x7E, 0xEC, 0x77, 0x2F,
    0x47, 0xA6, 0x0E, 0xD1, 0xF9, 0x4B, 0x88, 0xD7, 0x73, 0xC0, 0x40, 0x64, 0x48, 0xBB, 0x39, 0xCA,
    0x1F, 0xA3, 0xAC, 0x46, 0x99, 0x27, 0x2B, 0xB1, 0xBB, 0x8C, 0xF3, 0xD4, 0xA9, 0x1B, 0x8F, 0xAF,
    0x40, 0x0B, 0x17, 0x36, 0x08, 0xDB, 0xE4, 0xFF, 0xBB, 0x65, 0x47, 0xBA, 0xC7, 0x5B, 0x26, 0xA0,
    0x61, 0x04, 0x66, 0x55, 0x4B, 0x94, 0x23, 0x96, 0xA8, 0x1A, 0x95, 0x68, 0x65, 0x0B, 0x24, 0x9F,
    0xD8, 0x97, 0x4E, 0xA1, 0xB2, 0xAA, 0xE5, 0xD6, 0x2D, 0x92, 0x84, 0x8D, 0x0D, 0x60, 0x55, 0x0B,
    0x43, 0xC8, 0xE1, 0xF0, 0xFA, 0x7F, 0xC1, 0x00, 0x1C, 0x5E, 0xD6, 0x87, 0x3E, 0x29, 0xAC, 0x96,
    0x6E, 0x5F, 0xF9, 0xE9, 0x56, 0x96, 0xF7, 0xF3, 0xFC, 0x28, 0xCF, 0x5D, 0xFE, 0xC7, 0x57, 0xB2,
    0x71, 0xF9, 0x18, 0x5C, 0xF7, 0x82, 0x1E, 0xC4, 0x19, 0x30, 0x01, 0xDA, 0x40, 0x05, 0x00, 0xC6,
    0xF1, 0x92, 0x04, 0xFD, 0x44, 0xA9, 0xCB, 0xBF, 0xB1, 0xF7, 0x97, 0xC4, 0x45, 0xD7, 0x02, 0x37,
    0xDF, 0x6A, 0x9F, 0x8D, 0xD1, 0x05, 0xC6, 0x06, 0xEE, 0xBB, 0x67, 0x67, 0x5C, 0x7F, 0x33, 0x78,
    0x56, 0x86, 0x74, 0x24, 0xD0, 0x80, 0x3A, 0xC0, 0xE9, 0xD9, 0x45, 0x97, 0x7E, 0xC2, 0x48, 0x99,
    0x23, 0xE1, 0xBC, 0x38, 0x73, 0xD1, 0x17, 0x96, 0x7F, 0x19, 0xFE, 0x04, 0x77, 0xA1, 0x5D, 0x06,
    0x7D, 0xC8, 0x91, 0x9E, 0xBB, 0x86, 0x53, 0x48, 0xAE, 0xE2, 0x16, 0xC9, 0x38, 0x4F, 0xFC, 0x41,
    0x38, 0xB2, 0x89, 0xD9, 0x49, 0x68, 0x96, 0x61, 0x42, 0x74, 0x12, 0xAB, 0x93, 0x6C, 0x96, 0x74,
    0xB3, 0xFF, 0x36, 0x07, 0x6F, 0x0E, 0xC6, 0x88, 0x4F, 0x7D, 0xF4, 0x91, 0x83, 0x67, 0xD9, 0xFD,
    0x3F, 0xAD, 0x99, 0x01, 0x84, 0xA4, 0x47, 0xA2, 0xC7, 0x7F, 0xF5, 0x55, 0xCF, 0x7C, 0xD9, 0xA9,
    0xED, 0xAE, 0xC6, 0xF2, 0x12, 0x6F, 0x27, 0xDF, 0x22, 0xD8, 0x97, 0xCC, 0x4C, 0x2F, 0xFA, 0xBD,
    0x37, 0xBC, 0xAF, 0xE7, 0xAB, 0xCD, 0x03, 0x4F, 0xF0, 0x1A, 0x12, 0x08, 0xCF, 0x7B, 0x04, 0x10,
    0xDE, 0x60, 0x3D, 0x8D, 0x7E, 0x3B, 0x45, 0x70, 0x38, 0x58, 0x00, 0xC0, 0x38, 0x77, 0xB0, 0x81,
    0x41, 0x93, 0x39, 0xB7, 0x49, 0xD7, 0x26, 0x88, 0xE3, 0x50, 0xC9, 0xDD, 0x82, 0x43, 0xBE, 0x5C,
    0x72, 0x8E, 0x75, 0xE7, 0x8A, 0xEB, 0x48, 0x27, 0xBA, 0xE7, 0xBB, 0xDA, 0xED, 0x9B, 0xB9, 0x36,
    0x37, 0xB3, 0xDB, 0x33, 0x7D, 0xAA, 0x7E, 0xFD, 0x75, 0xD5, 0xE7, 0xAB, 0xDF, 0xBF, 0xA6, 0xBF,
    0xA9, 0x9E, 0xAF, 0x06, 0x80, 0xE1, 0x08, 0x00, 0x52, 0x03, 0xDA, 0x42, 0xE6, 0xE0, 0x55, 0x0F,
    0xFF, 0x1C, 0x60, 0x37, 0x52, 0x1E, 0x82, 0xCB, 0x49, 0x5C, 0x07, 0x59, 0x1D, 0x91, 0xA2, 0x59,
    0x43, 0x9B, 0x3A, 0xA9, 0xDB, 0x8C, 0x54, 0xAE, 0x18, 0x03, 0xD9, 0x11, 0x80, 0xE8, 0xD2, 0xFA,
    0x88, 0x5C, 0x73, 0x53, 0x19, 0x52, 0x23, 0xDE, 0x36, 0x5B, 0x6F, 0x9B, 0x41, 0x6A, 0x82, 0x32,
    0x41, 0x9B, 0xC3, 0xD7, 0x6C, 0xF1, 0xCB, 0x00, 0x60, 0x9A, 0xB0, 0xBB, 0x0B, 0x85, 0x87, 0x95,
    0xE5, 0xDC, 0x35, 0x41, 0x3D, 0xB6, 0x27, 0xD0, 0x5D, 0x4C, 0xBF, 0x9C, 0x0E, 0xA4, 0x81, 0x06,
    0xB0, 0x0E, 0xE8, 0x2E, 0xA4, 0x61, 0x21, 0x6D, 0x1D, 0xDA, 0x70, 0x07, 0xFE, 0xDF, 0xD0, 0x72,
    0x24, 0x9E, 0xD4, 0xD2, 0x80, 0x1A, 0x62, 0x58, 0x2A, 0xFB, 0xE0, 0x65, 0xF2, 0x9C, 0x57, 0xFA,
    0x70, 0x08, 0xE3, 0xE3, 0x7A, 0x08, 0x7D, 0xC8, 0xA1, 0xC5, 0x0B, 0xDA, 0xF7, 0x93, 0xAA, 0x04,
    0xD8, 0x82, 0x6D, 0x28, 0xC1, 0x40, 0x17, 0xFD, 0x44, 0x6D, 0x7A, 0x29, 0x03, 0x08, 0xC7, 0x75,
    0x00, 0x7D, 0xD8, 0x49, 0x8D, 0x3A, 0x02, 0x20, 0x83, 0xC2, 0xF2, 0xA5, 0xC7, 0x34, 0x2F, 0xAA,
    0x13, 0x01, 0x39, 0x41, 0x35, 0xA8, 0x89, 0x85, 0x75, 0x0D, 0xC8, 0xE0, 0x0A, 0xC0, 0x45, 0x75,
    0xEC, 0x13, 0x8D, 0xEC, 0x03, 0x8B, 0xEA, 0x84, 0xF3, 0x7C, 0x60, 0x29, 0x60, 0xE5, 0xC2, 0xBA,
    0xFA, 0x1A, 0xE9, 0xBB, 0x24, 0x23, 0xE8, 0x2E, 0xAA, 0xC3, 0xEF, 0xC2, 0xFF, 0x39, 0x68, 0x19,
    0x58, 0x81, 0xA2, 0x2A, 0x51, 0xEE, 0x2E, 0xD2, 0x69, 0x2B, 0xDD, 0xD3, 0x52, 0x4A, 0x97, 0x04,
    0xE9, 0xC4, 0x1C, 0xC9, 0x13, 0xCA, 0xD9, 0x79, 0x6D, 0x53, 0x77, 0x97, 0xA2, 0xFA, 0x1A, 0xF4,
    0xE7, 0x8E, 0xE4, 0x2B, 0x8B, 0xF8, 0x0A, 0xC4, 0x97, 0x88, 0xDB, 0x25, 0xD9, 0x77, 0x25, 0x1D,
    0x55, 0xD2, 0x93, 0x25, 0x83, 0xA4, 0x24, 0x88, 0x13, 0x62, 0x7B, 0xD6, 0xDF, 0x59, 0x2B, 0xD1,
    0xE3, 0x29, 0x70, 0xBE, 0xFF, 0x1F, 0x1E, 0x89, 0xD0, 0x7A, 0x7C, 0xFB, 0x39, 0x7E, 0x4F, 0x52,
    0xF2, 0xD6, 0xD7, 0xBC, 0xFF, 0x1D, 0xA2, 0x54, 0xDF, 0x94, 0x3B, 0xFF, 0x55, 0xF6, 0x65, 0x19,
    0x3D, 0x51, 0x37, 0xAB, 0xF1, 0x7D, 0x54, 0x46, 0xE3, 0xB1, 0x10, 0x44, 0x54, 0xCE, 0xD4, 0x53,
    0x94, 0xDB, 0x44, 0xBA, 0x7A, 0xE4, 0x4A, 0x84, 0x19, 0x8F, 0xBA, 0xC8, 0xC7, 0xFB, 0x48, 0xC7,
    0x1C, 0x49, 0x44, 0x92, 0x3A, 0x45, 0x51, 0x55, 0x9C, 0x2C, 0x1A, 0x74, 0xD1, 0x47, 0xE4, 0xCA,
    0xF4, 0xA4, 0x1B, 0x48, 0xF7, 0xFD, 0xFB, 0xEE, 0xFB, 0xFB, 0xF6, 0xE4, 0xC7, 0xBE, 0x95, 0x5A,
    0x75, 0x04, 0x80, 0x31, 0xF0, 0x99, 0x83, 0xA1, 0x85, 0xDA, 0x72, 0xEE, 0x9A, 0xA0, 0xDE, 0x98,
    0x2D, 0x1A, 0x0B, 0xEB, 0xEB, 0x40, 0x06, 0x5C, 0x61, 0xF9, 0xA9, 0x7B, 0x44, 0x80, 0x7B, 0x8B,
    0xCF, 0x7E, 0x39, 0x1D, 0xBB, 0x20, 0x66, 0x27, 0x49, 0x7E, 0x0B, 0x7C, 0xB4, 0x98, 0x76, 0x17,
    0x4A, 0x28, 0xE1, 0x7B, 0x78, 0x15, 0x61, 0x3D, 0x7C, 0x60, 0xA1, 0x60, 0xE9, 0x0F, 0xE0, 0xEA,
    0x1A, 0x69, 0x1F, 0x19, 0x2E, 0xF2, 0x01, 0x68, 0x03, 0x2D, 0x07, 0xBB, 0x07, 0x60, 0x9A, 0x30,
    0x1C, 0x93, 0xFA, 0x82, 0x0C, 0x4D, 0xCE, 0x15, 0xFA, 0xC0, 0x21, 0x30, 0x3E, 0xA1, 0xF2, 0x87,
    0x64, 0xA6, 0x8F, 0x26, 0x8F, 0x64, 0x11, 0xE5, 0x33, 0x44, 0x8C, 0x0D, 0xC0, 0x18, 0x31, 0x45,
    0xBE, 0x41, 0x0D, 0xE8, 0xF6, 0xD2, 0x3F, 0x4E, 0x1A, 0xD2, 0xAE, 0x4B, 0xB7, 0x29, 0x5D, 0x7C,
    0xD5, 0xA9, 0x91, 0x53, 0xD6, 0xA0, 0x0E, 0xBA, 0xB2, 0xAA, 0x0A, 0xDB, 0x0C, 0x76, 0xB9, 0x73,
    0x87, 0x83, 0x3C, 0xF1, 0xEA, 0xC8, 0xC4, 0x08, 0x70, 0x70, 0xF2, 0x1D, 0xB6, 0x74, 0x9C, 0x9A,
    0x20, 0x4D, 0x91, 0x47, 0xD0, 0xBD, 0x54, 0x9C, 0x14, 0xD0, 0x16, 0x56, 0x01, 0x96, 0x8F, 0xC3,
    0x2E, 0x8C, 0xE0, 0xBF, 0x81, 0x4B, 0xC5, 0x59, 0x3E, 0x02, 0xAC, 0x01, 0x1A, 0xA8, 0x03, 0x35,
    0xE0, 0x2A, 0xE4, 0xD0, 0x83, 0xE6, 0xA5, 0x22, 0xC9, 0x12, 0x54, 0x80, 0xF5, 0x0D, 0x68, 0xD6,
    0x28, 0x26, 0xD9, 0x91, 0xF2, 0xA7, 0x97, 0xE9, 0xC8, 0xA3, 0xB7, 0x82, 0xAC, 0xAA, 0x93, 0xF6,
    0x3C, 0xA9, 0x4B, 0xC2, 0x93, 0xEB, 0xD8, 0x01, 0xF6, 0x66, 0xEB, 0x11, 0xC0, 0x10, 0xD0, 0xF3,
    0xAC, 0x44, 0xF6, 0x02, 0xDA, 0x1F, 0xA2, 0x6D, 0x8E, 0x36, 0x11, 0xCE, 0x20, 0xF6, 0x0F, 0x43,
    0x61, 0xE7, 0xB3, 0xFC, 0xE3, 0xA3, 0xB7, 0xBE, 0x79, 0xED, 0xF1, 0xFB, 0xDF, 0x2D, 0x9A, 0xE5,
    0xD8, 0x9D, 0xBD, 0x09, 0xFF, 0x7B, 0x9F, 0x99, 0x3F, 0xF3, 0xE8, 0x9F, 0x8C, 0xA2, 0xBB, 0xFF,
    0x5C, 0x77, 0x8D, 0xBD, 0xFF, 0xF8, 0x7C, 0x42, 0xB3, 0x98, 0x28, 0x2F, 0xDD, 0x59, 0x25, 0x75,
    0xC5, 0xA4, 0x46, 0xF1, 0xDE, 0xFF, 0x4C, 0x69, 0x82, 0xF6, 0xC9, 0xE9, 0x52, 0x66, 0x53, 0x28,
    0x26, 0xF0, 0xEC, 0x31, 0xA0, 0x0A, 0x00, 0x85, 0x51, 0xA7, 0x8B, 0xDD, 0x1B, 0x35, 0x6B, 0xED,
    0xED, 0x2C, 0x08, 0xF3, 0xEC, 0x31, 0x4C, 0x73, 0x7F, 0xB7, 0xF0, 0x2B, 0xE7, 0x8E, 0xF2, 0xEC,
    0xAB, 0x13, 0xD3, 0xA0, 0x81, 0xEE, 0xA6, 0x21, 0x45, 0xDB, 0x55, 0xCE, 0x4F, 0x93, 0x9A, 0x3A,
    0x1B, 0xBC, 0xDC, 0x55, 0xA5, 0xB4, 0xA9, 0x4B, 0xCC, 0xF3, 0xE6, 0x76, 0x7E, 0x9E, 0x2A, 0x28,
    0xDF, 0x32, 0xD2, 0x69, 0x16, 0x25, 0x8D, 0x14, 0x13, 0x0D, 0x44, 0xC8, 0x80, 0x2D, 0xA0, 0x0F,
    0xB2, 0x24, 0x65, 0x5B, 0xDB, 0xFE, 0x2A, 0xAF, 0x00, 0x40, 0xF1, 0xFA, 0x44, 0x99, 0xFC, 0xEC,
    0x6A, 0xF3, 0xBD, 0x51, 0x0E, 0xB3, 0xDA, 0x83, 0x80, 0xB2, 0x22, 0xC8, 0x71, 0xA3, 0x5E, 0x13,
    0xBA, 0x4A, 0x46, 0x84, 0xF3, 0x8B, 0x08, 0x89, 0x4F, 0xDD, 0x0E, 0x31, 0x4A, 0xB9, 0xDD, 0x6E,
    0xD6, 0x20, 0x73, 0xF2, 0xDC, 0xA2, 0x4C, 0x27, 0x06, 0x6E, 0xC5, 0x89, 0x6A, 0x2B, 0x5D, 0x03,
    0xE9, 0xB6, 0x23, 0xFB, 0xC8, 0x8F, 0x1D, 0xF2, 0x53, 0x83, 0xFC, 0xC2, 0x21, 0xBF, 0x2D, 0x91,
    0x0F, 0x47, 0x48, 0xF7, 0x20, 0x52, 0x30, 0xFB, 0x2B, 0x24, 0xF5, 0xC5, 0x44, 0x4C, 0x00, 0x48,
    0x2C, 0xA4, 0x06, 0x14, 0x50, 0x83, 0x21, 0xA0, 0x4F, 0x23, 0xA7, 0x68, 0xCA, 0x78, 0xB4, 0xE8,
    0x35, 0xD0, 0x9B, 0x91, 0x61, 0xE4, 0x87, 0xB1, 0x2D, 0x1D, 0x5A, 0x04, 0xB4, 0x19, 0x33, 0x0C,
    0x2D, 0x00, 0x78, 0x09, 0xD8, 0x00, 0xB6, 0x81, 0x1B, 0x00, 0xB0, 0x77, 0x91, 0x31, 0xFA, 0x40,
    0x00, 0xE1, 0x22, 0x40, 0x31, 0x01, 0xE5, 0x41, 0xBA, 0xE7, 0x21, 0x22, 0x32, 0x92, 0xCE, 0x3E,
    0xCC, 0xAA, 0x82, 0x10, 0x5B, 0xD4, 0x18, 0xA2, 0xCF, 0x2F, 0x66, 0x18, 0x96, 0x72, 0x00, 0xAC,
    0x01, 0xEB, 0xC0, 0x75, 0xE0, 0x1A, 0xCF, 0xF5, 0xC1, 0x1A, 0x9A, 0xAB, 0xD4, 0x28, 0x26, 0x1B,
    0xD1, 0xBC, 0x8D, 0x74, 0xB7, 0x22, 0xCD, 0x0B, 0x99, 0x87, 0x0D, 0x7D, 0x5D, 0xBF, 0xA8, 0x9B,
    0x17, 0x9F, 0xD5, 0xCD, 0x48, 0x87, 0x78, 0x3C, 0x7F, 0x6C, 0xD0, 0x67, 0xD6, 0x18, 0x5C, 0xC7,
    0xD7, 0xB9, 0x1E, 0xC3, 0x30, 0x70, 0xA6, 0xEB, 0x93, 0xC8, 0x1F, 0x22, 0x25, 0x64, 0x0E, 0xFE,
    0xF5, 0x1C, 0xD7, 0x9E, 0xD1, 0x36, 0xFD, 0x6B, 0xF9, 0x71, 0x5A, 0x66, 0xF6, 0xDF, 0xFE, 0xD2,
    0x7A, 0xF2, 0xEB, 0x0C, 0xF9, 0xFC, 0x2D, 0x41, 0xE1, 0xF4, 0x54, 0x79, 0x51, 0xCA, 0x80, 0x97,
    0x0F, 0x22, 0x9D, 0x48, 0x16, 0x51, 0xD6, 0x4B, 0xE9, 0xBD, 0x14, 0xC1, 0x4B, 0x0E, 0x23, 0x9D,
    0x48, 0x16, 0xD1, 0x3E, 0x35, 0xD2, 0x17, 0x41, 0x78, 0x92, 0x12, 0xA4, 0x85, 0x06, 0x50, 0x03,
    0x84, 0xA1, 0x68, 0x05, 0x94, 0x7F, 0x80, 0xB2, 0x39, 0xCA, 0x9C, 0x8D, 0xB6, 0x1D, 0xF6, 0x42,
    0xE1, 0x96, 0x72, 0x03, 0x88, 0x7B, 0x20, 0x5D, 0xC4, 0x40, 0x72, 0x71, 0x3F, 0x00, 0x6B, 0x40,
    0xE3, 0xE4, 0x6E, 0x83, 0x17, 0xEB, 0xA0, 0x7A, 0x20, 0x03, 0x60, 0x58, 0x2A, 0xA3, 0xDF, 0x9F,
    0x7F, 0xCE, 0xBA, 0x70, 0xBE, 0x6D, 0xE0, 0x43, 0x60, 0x13, 0xB8, 0xCA, 0x35, 0xFE, 0x69, 0x52,
    0x39, 0x5F, 0xBC, 0x5E, 0xB2, 0x45, 0x60, 0x33, 0xB2, 0x71, 0x06, 0x1D, 0x42, 0x52, 0xB9, 0xA3,
    0xA7, 0xB9, 0xCB, 0xB9, 0xDC, 0x3B, 0xC7, 0xB9, 0x5D, 0xCC, 0x5D, 0xCE, 0x72, 0xF3, 0x60, 0x2E,
    0xB7, 0x3A, 0xC9, 0x0D, 0x1C, 0xE3, 0x20, 0x89, 0x64, 0x20, 0x4C, 0x8C, 0x1E, 0x93, 0x2B, 0x7B,
    0xC6, 0x52, 0xAD, 0xE3, 0x52, 0x1D, 0x72, 0x38, 0xA9, 0x03, 0xA4, 0x3F, 0x79, 0xCE, 0xAA, 0xCD,
    0x8E, 0xCA, 0xF6, 0xD9, 0x42, 0x93, 0xA3, 0x4C, 0x9F, 0xD4, 0x1D, 0x22, 0xDD, 0x38, 0x32, 0x42,
    0xFA, 0x78, 0x7C, 0xDA, 0x7E, 0xD2, 0x9F, 0xA3, 0xEC, 0x16, 0x1A, 0x6D, 0xFB, 0xB3, 0xEB, 0x01,
    0x40, 0x57, 0x00, 0x74, 0xD1, 0x15, 0xB9, 0x74, 0xBD, 0xC4, 0x0F, 0x44, 0x19, 0x08, 0xB3, 0x1A,
    0xDF, 0xC7, 0x9E, 0xCD, 0xD4, 0x1D, 0x3F, 0x6B, 0x35, 0xC1, 0x7B, 0xD8, 0x73, 0xB0, 0xB2, 0xBC,
    0xBF, 0x26, 0x58, 0x5B, 0x43, 0x4E, 0xA0, 0xBB, 0x70, 0x84, 0x4E, 0x0E, 0xBD, 0x01, 0x7C, 0xE9,
    0xE1, 0xF6, 0xF2, 0x11, 0x92, 0xAF, 0xBC, 0xFC, 0xD4, 0xEA, 0x06, 0xB5, 0xDA, 0xC2, 0x11, 0x00,
    0x44, 0x55, 0x55, 0x3E, 0x8A, 0x13, 0xBF, 0x45, 0x8E, 0xCF, 0xC9, 0xB9, 0xD7, 0x27, 0x87, 0x43,
    0x72, 0x18, 0xD3, 0x79, 0x93, 0x11, 0x3B, 0xF7, 0x19, 0x9F, 0xF4, 0xC5, 0xB3, 0x90, 0x93, 0x73,
    0x23, 0x5E, 0xC1, 0xAD, 0x18, 0x82, 0x83, 0x27, 0xA3, 0x04, 0x00, 0xE8, 0x8A, 0x68, 0x3F, 0xCA,
    0xA6, 0xD1, 0x3F, 0xD1, 0xF4, 0x92, 0x91, 0xB2, 0x03, 0x11, 0x52, 0x1B, 0x88, 0x4F, 0x3E, 0xF1,
    0xE5, 0xBE, 0x09, 0x04, 0x88, 0x7D, 0xC4, 0xB3, 0x63, 0xD8, 0x4C, 0x3F, 0x4C, 0x51, 0x47, 0x6A,
    0x0A, 0x00, 0x48, 0x07, 0xCA, 0x40, 0x1D, 0x68, 0x42, 0x51, 0xDD, 0x43, 0xB9, 0x07, 0xCC, 0x96,
    0xD1, 0xAD, 0x39, 0x72, 0xE4, 0xE3, 0x12, 0xF9, 0x6B, 0x87, 0xFC, 0x24, 0x1E, 0xDD, 0xF1, 0x97,
    0xEF, 0x0E, 0xA9, 0xCB, 0x4C, 0x31, 0x49, 0xCB, 0xF9, 0xAD, 0x24, 0x56, 0x28, 0x0A, 0xAF, 0x7E,
    0xE4, 0xD5, 0x43, 0xA3, 0x2C, 0xCA, 0xCC, 0x57, 0xB4, 0x65, 0x6F, 0xBC, 0x94, 0xEB, 0x8C, 0xE5,
    0x62, 0x21, 0x27, 0xB0, 0x6A, 0xD0, 0x50, 0x87, 0x17, 0x20, 0xB1, 0x0E, 0xBE, 0xB5, 0x50, 0x00,
    0xD7, 0x58, 0x2A, 0xD2, 0xD5, 0x35, 0xD4, 0xC9, 0x53, 0xE8, 0x22, 0x51, 0x3A, 0xD0, 0x03, 0x0F,
    0x06, 0x35, 0x25, 0x57, 0x66, 0x20, 0x6D, 0x48, 0x18, 0x40, 0x1F, 0x5A, 0x31, 0xC8, 0x04, 0x86,
    0x06, 0xE5, 0x90, 0x6E, 0x3F, 0x71, 0x41, 0xBA, 0x43, 0x65, 0x5A, 0x53, 0x00, 0x36, 0xA1, 0x37,
    0xBF, 0x6B, 0xC7, 0x86, 0x22, 0x5F, 0xA5, 0x03, 0x99, 0x27, 0x99, 0x42, 0x0B, 0x52, 0xD3, 0x96,
    0x26, 0x57, 0x64, 0x53, 0x00, 0x11, 0x90, 0x63, 0x1A, 0x75, 0x6A, 0xE2, 0xA2, 0xBA, 0xF9, 0x5D,
    0xBB, 0x45, 0x75, 0x70, 0x31, 0x8B, 0x70, 0x30, 0x82, 0x6D, 0xE8, 0xA1, 0xCA, 0x85, 0x2C, 0xC2,
    0xC1, 0xE0, 0xE4, 0x92, 0xF9, 0x5D, 0x80, 0x8B, 0xA9, 0x4F, 0x6D, 0xDC, 0x2D, 0x38, 0xC1, 0xBD,
    0xAA, 0x62, 0xB0, 0xA5, 0xCC, 0xFE, 0xA6, 0x34, 0xDD, 0xCD, 0xC4, 0xB0, 0x09, 0xCF, 0x65, 0x07,
    0x64, 0x55, 0xC2, 0x75, 0x20, 0x33, 0x20, 0x2D, 0xA4, 0x91, 0x8F, 0x20, 0x21, 0x45, 0x33, 0x1C,
    0x6B, 0x4E, 0x15, 0x93, 0x4E, 0x84, 0x67, 0xC4, 0x36, 0x3D, 0x55, 0x8A, 0x53, 0x37, 0xEC, 0x52,
    0x29, 0x1A, 0xD4, 0x93, 0x17, 0xD3, 0xE6, 0x79, 0xD6, 0x67, 0x8F, 0xAE, 0xAB, 0x09, 0x6C, 0x9D,
    0x3B, 0xFA, 0xA9, 0xF9, 0xEC, 0x8D, 0xE6, 0x47, 0x06, 0x80, 0xF8, 0xA8, 0x08, 0x9F, 0x4C, 0x80,
    0x2E, 0xC3, 0x51, 0x6B, 0xAC, 0xAD, 0x74, 0xCA, 0x24, 0x76, 0x11, 0x52, 0x27, 0x8D, 0xFC, 0x3A,
    0x23, 0x0A, 0x00, 0x00, 0x48, 0x26, 0xB7, 0x90, 0x59, 0x09, 0xC2, 0x00, 0xB0, 0x97, 0x4C, 0xD0,
    0xE4, 0x67, 0xA2, 0x8E, 0x97, 0xFD, 0xCF, 0x26, 0x24, 0x55, 0xCB, 0x02, 0x00, 0x50, 0x4C, 0x00,
    0xFE, 0x3E, 0x79, 0x2A, 0x0F, 0x70, 0xB9, 0x2C, 0xCD, 0x1A, 0xB4, 0xDB, 0x90, 0x05, 0x10, 0x66,
    0xF9, 0x3C, 0xC6, 0x20, 0x4E, 0xF6, 0x3B, 0x2F, 0x99, 0x49, 0x79, 0xB8, 0xB9, 0x0B, 0xED, 0x5B,
    0xB0, 0x7E, 0x00, 0xAB, 0xCB, 0xE7, 0xE2, 0x2E, 0xF0, 0xB9, 0x85, 0x87, 0x0E, 0x7E, 0x67, 0xE0,
    0xA5, 0x4B, 0x66, 0xD3, 0xFF, 0x09, 0x2F, 0x6F, 0xC2, 0x76, 0x1B, 0x9A, 0xCD, 0xE5, 0x73, 0xE5,
    0x7D, 0x18, 0x04, 0xF8, 0xCC, 0xC3, 0xED, 0xCB, 0x65, 0xDA, 0x1B, 0x65, 0x63, 0xED, 0x12, 0xA7,
    0xAC, 0x78, 0x2E, 0xA9, 0x4D, 0x9C, 0x74, 0xD2, 0x26, 0xA3, 0x59, 0x06, 0xD2, 0xBF, 0xF9, 0xC7,
    0xD0, 0x25, 0x32, 0xEC, 0x43, 0xE2, 0x40, 0xDA, 0xC8, 0xAF, 0x80, 0x29, 0xA0, 0x2D, 0x40, 0xCB,
    0x01, 0xDC, 0x39, 0x00, 0x66, 0xDB, 0x9F, 0x61, 0x95, 0xBD, 0x32, 0x33, 0xDA, 0x68, 0x22, 0x76,
    0x0D, 0x65, 0x33, 0x57, 0x27, 0x75, 0xAF, 0xB9, 0xAB, 0x48, 0xF7, 0x2F, 0xE5, 0x06, 0xD2, 0xDF,
    0x0A, 0xDB, 0x88, 0x72, 0x3F, 0xB4, 0x21, 0xF8, 0xC1, 0x2E, 0x8C, 0x5C, 0x6F, 0x1F, 0x7E, 0xEA,
    0x72, 0x0F, 0x77, 0x6D, 0xC7, 0x41, 0x61, 0x32, 0x07, 0xAD, 0xA8, 0x81, 0x0C, 0x6D, 0x80, 0x31,
    0x10, 0x63, 0x43, 0xFA, 0x06, 0x50, 0x13, 0x00, 0x40, 0xE5, 0x0E, 0xB2, 0x72, 0x8B, 0x91, 0x34,
    0x5A, 0x4C, 0x24, 0x3A, 0x79, 0x77, 0x15, 0xF5, 0xEF, 0xEB, 0x57, 0x48, 0x7F, 0xA0, 0xA3, 0xF2,
    0xE7, 0xEA, 0x3A, 0xC9, 0x2F, 0xD2, 0x77, 0x10, 0xBF, 0x97, 0x07, 0x30, 0x4A, 0x02, 0x04, 0x51,
    0x82, 0x72, 0x90, 0x79, 0x68, 0xEF, 0x02, 0x50, 0x8C, 0x8B, 0xA0, 0x5D, 0xEA, 0xA4, 0x4B, 0x49,
    0xCA, 0x35, 0x18, 0x5D, 0x87, 0x7E, 0x1B, 0x3A, 0xBB, 0xA0, 0x3D, 0x28, 0x17, 0xB1, 0xA7, 0x70,
    0x30, 0x1C, 0x43, 0x07, 0x86, 0x88, 0x8F, 0x9D, 0xC0, 0x00, 0xC3, 0x87, 0x47, 0x2D, 0xDA, 0x9A,
    0x5D, 0x65, 0xF6, 0xA5, 0xF3, 0xF2, 0xA1, 0x13, 0xBF, 0xB1, 0xFC, 0xC9, 0xF0, 0x33, 0xD8, 0x81,
    0x8D, 0x58, 0xA1, 0x0D, 0x81, 0xD4, 0xB3, 0x63, 0xA0, 0xD9, 0x84, 0x5E, 0x0F, 0xDA, 0xED, 0xE5,
    0xA3, 0xA4, 0x0E, 0x0D, 0x1B, 0xD0, 0xA4, 0x55, 0x4D, 0x3A, 0x3C, 0x68, 0x13, 0x6E, 0xC8, 0xF2,
    0x69, 0xBF, 0xA1, 0x05, 0x39, 0x8C, 0x11, 0x01, 0xE9, 0x51, 0x6E, 0x25, 0xA3, 0xBE, 0xC3, 0x7A,
    0x51, 0x4D, 0xD1, 0xB0, 0x09, 0x6D, 0x00, 0x88, 0xD7, 0xFA, 0x9B, 0xA9, 0xBB, 0x31, 0xEB, 0xEC,
    0x43, 0x20, 0x99, 0x8D, 0xC1, 0xBD, 0x2D, 0xE1, 0x8B, 0xCA, 0xB3, 0x0E, 0x5B, 0xF0, 0x12, 0x70,
    0x41, 0xD1, 0x1D, 0x38, 0x84, 0x77, 0x16, 0x15, 0x25, 0xD6, 0xF1, 0xAD, 0xA5, 0x80, 0x6B, 0x17,
    0x13, 0xA5, 0x89, 0x49, 0xBE, 0x80, 0x09, 0x5C, 0x5B, 0x48, 0x04, 0x88, 0xCA, 0xC8, 0xF7, 0x9C,
    0xBA, 0x8D, 0x02, 0xFD, 0xEC, 0x6A, 0x18, 0x8E, 0xF9, 0x33, 0xBD, 0x98, 0x01, 0x84, 0x64, 0x57,
    0xBE, 0xC6, 0x7F, 0xE7, 0x9E, 0xEE, 0xB9, 0x49, 0x9F, 0xE9, 0x3E, 0x8D, 0x19, 0x1E, 0x66, 0xFA,
    0x0E, 0x82, 0x92, 0x97, 0xEA, 0x6E, 0xD4, 0xA3, 0xC3, 0xAD, 0xBE, 0x67, 0x3C, 0xC0, 0x43, 0x0A,
    0x49, 0x1E, 0x06, 0x00, 0x78, 0x1E, 0x69, 0x0C, 0xAF, 0x42, 0x67, 0xFA, 0x04, 0x3C, 0x04, 0x06,
    0x76, 0xC1, 0xDA, 0x2D, 0x6B, 0x61, 0x67, 0x96, 0x1D, 0x14, 0x29, 0x4C, 0x52, 0x67, 0x12, 0x04,
    0x0B, 0x27, 0x9B, 0x0D, 0xD8, 0x95, 0xBD, 0x6B, 0xC3, 0x32, 0x96, 0x1C, 0x54, 0xA4, 0x12, 0xD5,
    0x7D, 0xF7, 0x9C, 0xA9, 0x36, 0x65, 0xA6, 0x67, 0x66, 0x7B, 0xA7, 0x67, 0xB7, 0xEE, 0xF9, 0xBE,
    0x73, 0xAA, 0xEE, 0x39, 0xF5, 0x7D, 0xAA, 0xCE, 0xFD, 0xFF, 0xEF, 0xFF, 0x02, 0x00, 0x7D, 0xD1,
    0xD4, 0xFB, 0xCA, 0xEE, 0xB7, 0x36, 0xD1, 0x7B, 0x25, 0x71, 0x44, 0xEE, 0x46, 0x48, 0x37, 0x8D,
    0x98, 0x20, 0x7D, 0xEA, 0xD3, 0xFB, 0xF4, 0x79, 0x3A, 0x1F, 0xE7, 0xA1, 0xE3, 0xAC, 0xB8, 0x0E,
    0x00, 0x00, 0x36, 0xE8, 0x15, 0xBA, 0x59, 0x29, 0xE5, 0x1F, 0xFA, 0x59, 0x3D, 0x14, 0x75, 0x20,
    0xCC, 0x5B, 0x1C, 0xF7, 0x33, 0xDF, 0xCE, 0x9D, 0x3A, 0x82, 0xC5, 0xF4, 0xF1, 0x64, 0xEB, 0x67,
    0xDA, 0xCA, 0x0F, 0x94, 0xC9, 0x7E, 0x12, 0xE1, 0x23, 0xEC, 0xB3, 0x90, 0x3B, 0x69, 0xE4, 0xD7,
    0x05, 0x8C, 0xA7, 0xB0, 0x78, 0x05, 0x60, 0x72, 0x90, 0xCD, 0xF6, 0x34, 0x5D, 0xAF, 0xD9, 0x45,
    0x53, 0x3E, 0x02, 0x95, 0x60, 0xA2, 0xF5, 0xCF, 0x67, 0x64, 0xCD, 0x96, 0x05, 0x00, 0x38, 0x27,
    0x0D, 0x40, 0xF6, 0x15, 0x00, 0xCC, 0x00, 0x60, 0x9D, 0xAA, 0xA9, 0x19, 0x37, 0x41, 0xB9, 0x1B,
    0x0C, 0xB3, 0x20, 0x9D, 0xB6, 0x03, 0xE9, 0xA5, 0x93, 0xEE, 0xA6, 0xB2, 0xB1, 0xAB, 0x29, 0x90,
    0x2E, 0x0B, 0xEC, 0xC6, 0x4E, 0x04, 0xEE, 0xCE, 0xBB, 0x09, 0xA9, 0xCB, 0x6A, 0xD2, 0xB9, 0xDC,
    0xA5, 0xAE, 0xD6, 0x96, 0xB4, 0x6E, 0x8B, 0x0B, 0xE9, 0x5B, 0xBA, 0xB4, 0xF2, 0xF8, 0x9D, 0x23,
    0x76, 0xAA, 0xE6, 0x6B, 0x9A, 0x66, 0x0A, 0x70, 0x7E, 0x85, 0xA4, 0x97, 0xEF, 0x93, 0xF4, 0x64,
    0x20, 0xCD, 0xA4, 0x47, 0x5A, 0x07, 0x24, 0xBD, 0x71, 0x63, 0xD2, 0x77, 0x0E, 0x0A, 0x92, 0x82,
    0xED, 0x92, 0x3A, 0x46, 0xF3, 0x2E, 0x90, 0xCE, 0x49, 0x4F, 0xD2, 0x53, 0x73, 0x3D, 0x0D, 0x0F,
    0xF4, 0x84, 0x4D, 0x7A, 0x77, 0xA5, 0x9D, 0xEB, 0x59, 0xB4, 0x3F, 0x27, 0x21, 0xAB, 0xE5, 0x57,
    0x20, 0x6A, 0x66, 0x24, 0xEE, 0x21, 0xAE, 0xD6, 0x40, 0xF1, 0x7D, 0x5D, 0x35, 0xAE, 0xAB, 0xEA,
    0x8E, 0xB2, 0x7D, 0x59, 0x5F, 0x29, 0x18, 0x66, 0x35, 0x5D, 0x82, 0xA8, 0x19, 0x25, 0x16, 0x21,
    0xB1, 0xF4, 0x0C, 0x93, 0x12, 0x71, 0x8E, 0xC6, 0x75, 0x57, 0xEA, 0xAE, 0x70, 0x7A, 0x7A, 0x78,
    0xD0, 0x38, 0x00, 0xA8, 0x66, 0xE8, 0x23, 0xE5, 0x49, 0x3F, 0x1D, 0xE2, 0x74, 0x24, 0x12, 0xC9,
    0x44, 0xB9, 0x08, 0xB9, 0xD3, 0x22, 0x54, 0x4D, 0x23, 0x02, 0x30, 0xA7, 0x1A, 0xC8, 0x3C, 0x90,
    0x3B, 0xE0, 0x06, 0x40, 0x66, 0xA3, 0x90, 0xF4, 0x49, 0xC8, 0x4A, 0x07, 0x1C, 0x13, 0x85, 0x8B,
    0x24, 0x9F, 0x42, 0x22, 0x91, 0x4C, 0x94, 0xC7, 0xE6, 0xB4, 0x74, 0x51, 0x68, 0xB1, 0x7C, 0x41,
    0xCA, 0x00, 0xEF, 0x31, 0xE6, 0xBA, 0xE6, 0xAE, 0xE6, 0x15, 0x0D, 0xA9, 0xC9, 0xA9, 0xA6, 0xFF,
    0xE4, 0x66, 0xFA, 0xE3, 0xD0, 0x87, 0x79, 0x1B, 0x22, 0x02, 0xDA, 0x56, 0x4E, 0x1F, 0x1E, 0x4C,
    0x95, 0x17, 0xB5, 0x72, 0x32, 0xE0, 0x73, 0x27, 0xEF, 0x92, 0xB8, 0x4B, 0xE2, 0x82, 0xC4, 0xCA,
    0x26, 0x96, 0x3E, 0xB1, 0x08, 0x89, 0x19, 0x25, 0xA6, 0x9B, 0x98, 0x22, 0x31, 0x3A, 0x72, 0x6E,
    0x64, 0xE4, 0x2A, 0x88, 0xC8, 0x00, 0xC7, 0x6C, 0x39, 0xF6, 0x0B, 0x05, 0x80, 0x98, 0x02, 0xB0,
    0x42, 0x52, 0xD7, 0x24, 0xF5, 0x15, 0x92, 0x3A, 0x24, 0x75, 0x48, 0xEA, 0x07, 0x24, 0x75, 0x4D,
    0x52, 0x8F, 0x2C, 0x7D, 0x62, 0x11, 0x12, 0x33, 0x4A, 0x4C, 0x37, 0x31, 0x45, 0x62, 0x74, 0xE4,
    0xA4, 0xAE, 0x49, 0xEA, 0x1A, 0x80, 0x93, 0xDC, 0x06, 0x10, 0x13, 0x12, 0x7B, 0x20, 0xAB, 0x01,
    0x6E, 0x02, 0x80, 0x30, 0x50, 0x6D, 0x05, 0x5D, 0x2B, 0x7F, 0x57, 0xD4, 0xCA, 0x96, 0x91, 0xCC,
    0xB3, 0x28, 0x6D, 0xE0, 0xFA, 0x20, 0x54, 0xF7, 0x6A, 0x40, 0xD4, 0x27, 0xB7, 0xC1, 0x2E, 0xEC,
    0xBD, 0x02, 0xED, 0x1A, 0xB4, 0x03, 0x01, 0xE4, 0x06, 0xB4, 0x85, 0xC2, 0xC1, 0xAB, 0x1E, 0xFE,
    0x23, 0xC0, 0x5E, 0x44, 0x3D, 0x02, 0x57, 0x92, 0xB9, 0x2E, 0xB2, 0x39, 0x22, 0x47, 0xB3, 0x82,
    0x36, 0xAB, 0xE4, 0xAE, 0x1D, 0xD1, 0xB8, 0x6A, 0x7A, 0x7E, 0x85, 0xFC, 0x7F, 0xC9, 0x26, 0xD0,
    0x43, 0xF4, 0xD8, 0xFA, 0x98, 0x52, 0xD3, 0x52, 0x86, 0xDC, 0x88, 0x6B, 0x66, 0xF3, 0x9A, 0x19,
    0xE6, 0x26, 0x28, 0x13, 0xB4, 0x19, 0xFD, 0xBB, 0xAD, 0xBE, 0x08, 0x40, 0xA7, 0x75, 0xF9, 0x8E,
    0xF2, 0xC2, 0x54, 0x33, 0xE5, 0xA5, 0x7B, 0xD2, 0x11, 0xFF, 0xAD, 0xD9, 0x60, 0xBB, 0x5B, 0x6B,
    0xB7, 0x0C, 0x54, 0x46, 0x3D, 0x7E, 0xD8, 0x83, 0x09, 0x6E, 0x00, 0xFF, 0xE7, 0xA0, 0x02, 0x96,
    0x21, 0xC5, 0xD4, 0x14, 0x81, 0x37, 0xE7, 0xC1, 0xCB, 0xFC, 0xA3, 0xB1, 0x78, 0x35, 0x47, 0xFE,
    0x0A, 0x31, 0x85, 0x5E, 0x6A, 0xBA, 0xA1, 0x94, 0x2E, 0xC6, 0xDF, 0x67, 0x45, 0xE4, 0x4E, 0x0B,
    0x2E, 0xDF, 0x01, 0xE5, 0x41, 0x18, 0x62, 0x64, 0x9E, 0x6A, 0x2B, 0xDD, 0xC9, 0x28, 0x7C, 0xBA,
    0xC8, 0x2C, 0xAC, 0x87, 0xEF, 0x2C, 0x54, 0xC0, 0x05, 0x00, 0x88, 0x11, 0x7A, 0x11, 0x95, 0x4F,
    0x13, 0xA1, 0xAB, 0x29, 0x5C, 0x7C, 0x13, 0x2E, 0x5C, 0x80, 0xB2, 0x84, 0x56, 0x0B, 0xE0, 0xCC,
    0xDE, 0x78, 0xCB, 0x44, 0x0D, 0x0F, 0x80, 0xF8, 0xAD, 0x27, 0x8B, 0x80, 0xE7, 0xF4, 0x48, 0x0B,
    0x98, 0x80, 0xF0, 0x11, 0xCC, 0x7D, 0xEE, 0xEC, 0xBC, 0x18, 0x9F, 0x00, 0xD2, 0x81, 0x32, 0x70,
    0x1E, 0xC4, 0x3D, 0x37, 0xF7, 0x6A, 0xCC, 0xF3, 0x79, 0xBD, 0xF2, 0x12, 0xB4, 0x87, 0x0F, 0xFF,
    0x63, 0x92, 0xD7, 0xF2, 0xC5, 0x79, 0x15, 0x9F, 0x7B, 0x18, 0x1B, 0x68, 0x73, 0x76, 0xAF, 0x2D,
    0x60, 0x03, 0xC8, 0x59, 0x78, 0x4D, 0x78, 0x51, 0x5E, 0x03, 0x70, 0x1D, 0xB8, 0x74, 0x76, 0xAF,
    0xC2, 0xB0, 0x35, 0x63, 0xAF, 0x80, 0x07, 0xD9, 0x37, 0xB6, 0x5B, 0xB7, 0xDD, 0xB7, 0xFF, 0xED,
    0x82, 0x74, 0x31, 0x62, 0x94, 0x1A, 0x3D, 0x05, 0xE0, 0x60, 0x02, 0x17, 0x7B, 0xB0, 0xBE, 0x0E,
    0xC3, 0x21, 0xEC, 0xED, 0x01, 0x67, 0x0B, 0x59, 0xCB, 0x6F, 0x51, 0x1C, 0x01, 0x6C, 0x6C, 0xA4,
    0x06, 0xA7, 0x0D, 0x5C, 0xFC, 0xCF, 0x20, 0xE2, 0x17, 0x0B, 0x03, 0xCA, 0xBC, 0x38, 0x33, 0x78,
    0x44, 0x0D, 0xE6, 0xD4, 0x66, 0x00, 0x10, 0xCD, 0x62, 0x0C, 0xE4, 0x4D, 0x7A, 0xFF, 0x0D, 0x77,
    0xC8, 0x7E, 0xCA, 0x36, 0x72, 0x83, 0x2B, 0xAC, 0x6C, 0x00, 0xE7, 0x13, 0xB5, 0x8A, 0xB7, 0x60,
    0xBB, 0xB8, 0x65, 0x19, 0x6C, 0x00, 0xD1, 0x11, 0xD2, 0x6E, 0x40, 0xCE, 0x06, 0x2F, 0xAD, 0x45,
    0xBA, 0xD4, 0x66, 0x93, 0xB2, 0xB9, 0xD7, 0x34, 0x33, 0x00, 0x0E, 0xE6, 0x9D, 0xE8, 0x2D, 0x47,
    0x4B, 0xE3, 0x50, 0xEA, 0xBA, 0xDF, 0x52, 0xAE, 0x24, 0xB7, 0x6D, 0x71, 0xED, 0xFE, 0x47, 0x9B,
    0xD7, 0xEE, 0xFF, 0x72, 0x98, 0x5B, 0x82, 0x72, 0x04, 0xED, 0x96, 0x46, 0xED, 0xC9, 0x6B, 0x55,
    0x7D, 0xB0, 0x70, 0x34, 0x9E, 0x92, 0xFB, 0x8A, 0x02, 0x4D, 0xC9, 0xCB, 0xEC, 0x03, 0x23, 0x60,
    0xFA, 0x10, 0x8D, 0x1F, 0x51, 0x98, 0x7D, 0x0A, 0xCA, 0xAC, 0xF1, 0x69, 0x9E, 0x8A, 0x2C, 0x9A,
    0x43, 0x00, 0xE8, 0xF5, 0xF3, 0x6F, 0x66, 0x6B, 0xD2, 0x5E, 0x96, 0xAE, 0x2D, 0x5D, 0x64, 0x9D,
    0x1B, 0x79, 0xC8, 0x0A, 0xAC, 0x82, 0x6E, 0xAC, 0x6A, 0xC2, 0x0E, 0xC3, 0xBD, 0x57, 0x0F, 0xAF,
    0x2F, 0x0F, 0xCB, 0xCC, 0xAB, 0x23, 0x18, 0x6C, 0xC3, 0xEB, 0x1E, 0xB4, 0x83, 0x65, 0x4E, 0x6F,
    0xE1, 0x78, 0xB3, 0x3E, 0x6E, 0xE1, 0x9C, 0x34, 0xF2, 0x2B, 0x98, 0x41, 0xEF, 0xD4, 0x76, 0xB8,
    0x7E, 0x9D, 0x3B, 0x0F, 0xEC, 0x18, 0x3A, 0x97, 0x60, 0x75, 0x91, 0x21, 0xAA, 0xD9, 0x56, 0x50,
    0x3E, 0x5D, 0x87, 0x6B, 0x48, 0xB7, 0x13, 0x31, 0x40, 0x7E, 0xE2, 0x90, 0x9F, 0x19, 0xE4, 0x1F,
    0x63, 0xFF, 0x5D, 0x8D, 0xBC, 0x37, 0x41, 0xBA, 0xBB, 0x11, 0x55, 0x84, 0xB6, 0xB9, 0xCB, 0x7D,
    0x35, 0x13, 0xB3, 0xEC, 0xAA, 0x83, 0xBF, 0x18, 0xB8, 0x01, 0x5C, 0x80, 0x31, 0xA0, 0x1F, 0x47,
    0xB4, 0xA3, 0xA9, 0x63, 0x6F, 0xD1, 0x2B, 0xA0, 0xDB, 0x11, 0xE3, 0x88, 0x0F, 0x2C, 0x5A, 0x3A,
    0xB4, 0x08, 0x68, 0x33, 0x65, 0x1C, 0xB6, 0x80, 0x33, 0x26, 0xCD, 0xCB, 0x40, 0x07, 0xB8, 0x03,
    0xBC, 0x6B, 0x60, 0xCB, 0x9E, 0x2A, 0x71, 0x0A, 0x8F, 0x34, 0xE4, 0xB1, 0xFD, 0x8E, 0x6C, 0xF6,
    0xD0, 0x06, 0x4B, 0xBC, 0x78, 0x3B, 0x24, 0x3B, 0x70, 0x2A, 0x5F, 0x78, 0xA4, 0x3D, 0xF6, 0x25,
    0x66, 0x64, 0xEF, 0xBB, 0xF4, 0x6B, 0xDF, 0x80, 0x0B, 0xE8, 0x66, 0xAA, 0x9B, 0x70, 0x7E, 0xEE,
    0x7C, 0x15, 0x3A, 0xF0, 0x2D, 0xFC, 0xBA, 0x86, 0x29, 0xEC, 0x43, 0xB7, 0x45, 0x59, 0xB2, 0xBF,
    0x2B, 0x26, 0xAA, 0xF1, 0x40, 0x2E, 0x4D, 0x36, 0xDF, 0x35, 0xEB, 0x00, 0x45, 0x53, 0x6F, 0xDC,
    0x76, 0xFF, 0x26, 0x0D, 0x6B, 0xB0, 0x03, 0x77, 0x10, 0xDF, 0xC3, 0x3B, 0x8E, 0xAC, 0x86, 0xF0,
    0xB0, 0xED, 0x88, 0xBA, 0x1B, 0x9D, 0x1C, 0xC6, 0x4D, 0x33, 0xBF, 0x41, 0x82, 0xC2, 0xC9, 0xA7,
    0x1E, 0xCA, 0x74, 0xFF, 0x75, 0x35, 0x57, 0x12, 0x02, 0x92, 0x10, 0x90, 0xA6, 0xC0, 0x3F, 0xAB,
    0xD8, 0x02, 0xC8, 0x6A, 0x00, 0xB1, 0xE0, 0x17, 0x5B, 0x6C, 0x21, 0x42, 0xD2, 0x87, 0x1C, 0x58,
    0x02, 0x38, 0x7B, 0xA8, 0x40, 0x43, 0x1B, 0x3A, 0xC0, 0xF3, 0x84, 0x8A, 0x6A, 0x56, 0x1C, 0x81,
    0xF2, 0xD9, 0x03, 0x67, 0xE2, 0xC9, 0xFC, 0xE5, 0xDB, 0x89, 0x9B, 0x26, 0x8C, 0xEB, 0xF4, 0x49,
    0x41, 0x62, 0x7D, 0x82, 0x0B, 0x72, 0xC7, 0xA4, 0x4D, 0x35, 0xA3, 0x9A, 0xB0, 0x78, 0x8D, 0xD5,
    0x21, 0xFA, 0xDD, 0x77, 0x8C, 0xF2, 0xB9, 0x53, 0x4E, 0x7A, 0x65, 0x65, 0xAD, 0xCC, 0x03, 0xF8,
    0x08, 0xA7, 0x4C, 0x1E, 0xA1, 0x8D, 0x32, 0x1B, 0xA4, 0xAB, 0x4F, 0x5D, 0x0D, 0xA8, 0x6B, 0x16,
    0x35, 0x05, 0x65, 0x23, 0xCC, 0x1C, 0xDA, 0xC2, 0x78, 0x02, 0x6C, 0x02, 0x1A, 0xC8, 0x2C, 0x60,
    0x00, 0x48, 0xD5, 0x53, 0xAA, 0x9D, 0x64, 0xC0, 0xCB, 0xBB, 0x11, 0xDD, 0x88, 0x22, 0x42, 0x59,
    0x9F, 0xEA, 0xA5, 0x54, 0x2D, 0x49, 0x46, 0x11, 0xDD, 0x88, 0x22, 0x42, 0xFB, 0x54, 0x23, 0xA5,
    0x0A, 0x89, 0x11, 0x50, 0x02, 0x2B, 0x80, 0x48, 0x30, 0xA9, 0xF8, 0x21, 0xD6, 0x3E, 0x28, 0x9B,
    0x22, 0xC2, 0x93, 0x91, 0x36, 0x6C, 0x2C, 0x79, 0x1C, 0x04, 0xC8, 0x1C, 0x9C, 0x63, 0x6E, 0xB2,
    0x33, 0x80, 0xED, 0x3D, 0x78, 0xBD, 0x06, 0xED, 0xE6, 0x48, 0x09, 0x7A, 0xFB, 0x38, 0x41, 0xFB,
    0x3E, 0x22, 0x25, 0xE8, 0xFB, 0x1F, 0x21, 0x7F, 0xF4, 0x0E, 0x6A, 0x9E, 0x9C, 0xED, 0xE5, 0xE3,
    0xE4, 0xCC, 0x26, 0x5C, 0x07, 0x8B, 0x18, 0xA4, 0x2A, 0xE7, 0xE5, 0x78, 0xEE, 0x12, 0xD9, 0x84,
    0xD3, 0xA7, 0xE8, 0x3E, 0x40, 0x00, 0x32, 0x0B, 0x88, 0x17, 0x9C, 0xA2, 0x47, 0x40, 0x0D, 0xD2,
    0x82, 0x78, 0xCE, 0x34, 0x2D, 0x3D, 0xE4, 0x16, 0x56, 0x81, 0xA5, 0x73, 0x88, 0xE6, 0xAF, 0xC7,
    0x11, 0xB8, 0xA2, 0xE4, 0xB6, 0xD9, 0xE7, 0x33, 0x37, 0xCA, 0xFE, 0xD3, 0x4D, 0x73, 0xE9, 0x26,
    0xAB, 0xD2, 0x4F, 0x2F, 0x49, 0x37, 0xEA, 0xC4, 0x08, 0x3C, 0xC8, 0x5D, 0xE9, 0x94, 0xDD, 0xB2,
    0xF3, 0x08, 0xBC, 0xD2, 0xD4, 0x9C, 0x07, 0xD8, 0x84, 0x1D, 0xA8, 0xC1, 0x40, 0xCF, 0xEB, 0xC6,
    0x96, 0xB9, 0xEB, 0x2B, 0x3F, 0xBC, 0x5C, 0x87, 0x4E, 0x08, 0x83, 0x10, 0x5C, 0xF8, 0xF0, 0x6A,
    0x7D, 0x90, 0xF9, 0x18, 0xEA, 0xB6, 0x8E, 0xD8, 0x06, 0xF9, 0x1B, 0x43, 0xF6, 0x85, 0x83, 0x3B,
    0x35, 0xAC, 0xAF, 0x9F, 0xE9, 0x6E, 0xAA, 0x2C, 0x59, 0x8B, 0xE3, 0xFF, 0x02, 0x01, 0x6F, 0xA2,
    0xBE, 0xB1, 0x5A, 0xBA, 0x95, 0xCC, 0x23, 0x3C, 0x6F, 0x7B, 0xF5, 0x63, 0xDF, 0x16, 0xBE, 0xCC,
    0x7C, 0x29, 0xFD, 0xE6, 0x4A, 0xAD, 0x27, 0x33, 0x80, 0x65, 0x03, 0x55, 0x0D, 0x7B, 0xDB, 0xC0,
    0xD9, 0xE4, 0x45, 0x0F, 0x35, 0x63, 0x75, 0x95, 0x25, 0x4E, 0xBB, 0x47, 0xF4, 0x06, 0xE4, 0x1F,
    0x80, 0xF8, 0xC4, 0x81, 0x31, 0x54, 0xCD, 0x21, 0xCA, 0xB5, 0x91, 0x6E, 0x35, 0xE2, 0xE5, 0x08,
    0xE6, 0xF8, 0xB2, 0x87, 0xBC, 0x3F, 0x20, 0x8D, 0x17, 0xC8, 0x22, 0x24, 0xB9, 0x53, 0x71, 0x5D,
    0x43, 0xD9, 0x67, 0x23, 0x5A, 0x51, 0x08, 0x01, 0x17, 0x90, 0x8D, 0xD5, 0x99, 0xDF, 0x20, 0xB4,
    0x09, 0xBB, 0xB7, 0x62, 0x1B, 0x94, 0xD0, 0x86, 0x02, 0xD4, 0xFB, 0x75, 0xD6, 0x58, 0x80, 0x8B,
    0x40, 0x1C, 0x09, 0xE7, 0x01, 0xCE, 0x24, 0x4F, 0x8F, 0x7C, 0xC6, 0xEA, 0x0A, 0x4B, 0x22, 0x8D,
    0xF5, 0x11, 0xA5, 0x32, 0x7D, 0xE9, 0x86, 0xD2, 0xFD, 0x70, 0xDB, 0xFD, 0x70, 0xCB, 0x06, 0x18,
    0xC2, 0x3E, 0x6C, 0xE6, 0x56, 0x1D, 0x01, 0x0C, 0x43, 0xD9, 0x5F, 0xBD, 0x24, 0x96, 0x74, 0x93,
    0x4D, 0x08, 0x4F, 0x3A, 0x44, 0xD0, 0xCD, 0xFE, 0x90, 0x76, 0x89, 0x5A, 0x43, 0x08, 0x00, 0x39,
    0x81, 0xE1, 0x53, 0xDA, 0x88, 0xBC, 0x31, 0xC2, 0x14, 0xA1, 0xD3, 0x5A, 0x5F, 0x7A, 0xF6, 0x03,
    0x86, 0x65, 0x2A, 0x3F, 0xD8, 0x33, 0xEB, 0x4F, 0x7B, 0xC0, 0xA0, 0xDE, 0x00, 0xF9, 0x99, 0x85,
    0x3F, 0x39, 0x58, 0x3F, 0xFB, 0x03, 0x86, 0xFE, 0x84, 0xD7, 0x4A, 0xD6, 0x56, 0x11, 0xE2, 0xD4,
    0x0F, 0x18, 0x2E, 0x02, 0x63, 0x07, 0xBE, 0x06, 0x73, 0x76, 0x0B, 0xF4, 0xC8, 0x0F, 0x59, 0x53,
    0x2C, 0x9D, 0xDA, 0x42, 0xBB, 0x04, 0xBD, 0x06, 0xF2, 0xFF, 0xCD, 0xF1, 0xFE, 0xBC, 0x89, 0x7A,
    0x70, 0x77, 0xDA, 0x8D, 0xD8, 0x64, 0x81, 0x12, 0x79, 0xBF, 0x46, 0xFE, 0xDE, 0x21, 0x3F, 0xAD,
    0xE7, 0x86, 0x1E, 0xCC, 0xDB, 0x25, 0x77, 0x45, 0x4C, 0x6F, 0x79, 0xFD, 0xC8, 0xFF, 0xB8, 0x4C,
    0x55, 0x79, 0xF5, 0x73, 0xAF, 0xEE, 0x19, 0x65, 0x51, 0xE6, 0x91, 0xA6, 0x2D, 0x07, 0x53, 0x16,
    0x9B, 0xD3, 0x01, 0x67, 0xD3, 0xA6, 0x47, 0xCA, 0xBF, 0x39, 0x4B, 0xA7, 0xD3, 0x16, 0x7F, 0x76,
    0x10, 0x02, 0xEC, 0x74, 0x60, 0x69, 0xE9, 0xAC, 0xF5, 0xF3, 0xFC, 0x3A, 0x7F, 0x03, 0xB2, 0x4F,
    0xED, 0xF3, 0xD7, 0xF7, 0xC2, 0x40, 0x11, 0xA0, 0xD3, 0x82, 0xF5, 0x33, 0x7B, 0x3A, 0xF1, 0xFB,
    0x3E, 0x97, 0x27, 0x50, 0x87, 0x94, 0xCA, 0x0C, 0xA5, 0x0D, 0xD9, 0xF1, 0xF5, 0xBD, 0x75, 0x13,
    0x35, 0x83, 0xB1, 0x41, 0xB9, 0x54, 0xE3, 0x64, 0xA9, 0xAC, 0x1F, 0x29, 0xB3, 0x75, 0x08, 0xC0,
    0x00, 0xE1, 0xC9, 0x2C, 0x19, 0xD0, 0x43, 0x7F, 0xCC, 0x6B, 0x8A, 0xF2, 0x1C, 0x5D, 0x28, 0x3C,
    0xD9, 0x21, 0x6C, 0x41, 0x6E, 0x3A, 0xD2, 0x94, 0x8A, 0xE2, 0xC4, 0x92, 0x83, 0xA6, 0x61, 0xB8,
    0xA9, 0xCC, 0xA0, 0x2D, 0x4D, 0xAF, 0x9D, 0x19, 0xDA, 0xF0, 0x77, 0xB1, 0x0B, 0xB2, 0xA9, 0x01,
    0xA0, 0x05, 0x94, 0x40, 0x07, 0xB8, 0x02, 0x19, 0x39, 0x9A, 0xF1, 0x54, 0xF3, 0xD8, 0x61, 0xF2,
    0x19, 0x88, 0x9B, 0xD2, 0x49, 0x93, 0x01, 0xA8, 0x23, 0xF3, 0x9E, 0xF4, 0x43, 0x11, 0xF6, 0x08,
    0x88, 0x80, 0xF4, 0x14, 0x26, 0x3B, 0x42, 0xE4, 0x3E, 0xBD, 0x65, 0x42, 0x6A, 0x81, 0x2C, 0x90,
    0x7B, 0xB6, 0xCC, 0xB9, 0x29, 0x37, 0x0C, 0x80, 0x30, 0xEC, 0x8E, 0x08, 0x9B, 0xD4, 0x1A, 0x34,
    0xB4, 0x61, 0x84, 0x9A, 0xB0, 0xB4, 0x01, 0x1A, 0x94, 0x41, 0x9B, 0xE3, 0xCF, 0xA7, 0x14, 0x96,
    0xAF, 0x81, 0xD6, 0x79, 0x58, 0xBB, 0x0E, 0x32, 0x80, 0x30, 0x00, 0xA4, 0x3B, 0xC4, 0x74, 0x7F,
    0x28, 0x9D, 0x78, 0x04, 0xE9, 0xAE, 0x50, 0x36, 0x4D, 0x1A, 0x9F, 0x40, 0xEE, 0xB2, 0x90, 0xD6,
    0x09, 0x77, 0x13, 0x3E, 0x5C, 0x3C, 0x2D, 0x3D, 0x51, 0x3C, 0x2E, 0x47, 0x1C, 0x04, 0xB4, 0x1F,
    0xA1, 0x6D, 0x89, 0x36, 0x11, 0x9C, 0x44, 0xFA, 0x7C, 0x1C, 0x2A, 0xFB, 0x37, 0x6D, 0x91, 0x43,
    0x94, 0x25, 0x57, 0x18, 0x80, 0xBF, 0xC2, 0xB3, 0x6A, 0xCE, 0xA9, 0x0E, 0x9F, 0x16, 0x8D, 0xCA,
    0x9C, 0x46, 0xCD, 0x49, 0xF5, 0xA4, 0x51, 0xDD, 0xEF, 0x46, 0xDB, 0xB1, 0x56, 0xB1, 0x39, 0x36,
    0xEE, 0x26, 0xD6, 0x78, 0x1D, 0xDB, 0x19, 0xEB, 0xDD, 0x18, 0xAB, 0x5A, 0xC5, 0x18, 0x2D, 0x63,
    0xA3, 0xD3, 0x95, 0xAA, 0x46, 0x7C, 0x8D, 0x9F, 0xDF, 0xBF, 0x0B, 0x9F, 0x22, 0x1A, 0x39, 0x51,
    0xA5, 0x0F, 0x8B, 0x94, 0x2A, 0x7D, 0xDD, 0xD9, 0x67, 0x99, 0x40, 0xCF, 0xAB, 0x4C, 0x1B, 0x05,
    0x1B, 0x68, 0x8C, 0x00, 0xB0, 0x29, 0x0C, 0x00, 0x61, 0xDD, 0x7F, 0x7F, 0x43, 0x25, 0x70, 0x7C,
    0xC7, 0xB6, 0x7D, 0xDF, 0x71, 0xA0, 0x21, 0x67, 0xAB, 0x94, 0x2A, 0x92, 0xA6, 0x47, 0x2E, 0x0E,
    0x2E, 0xD9, 0x3C, 0xA0, 0xB2, 0xE4, 0xEE, 0x13, 0xA5, 0x2A, 0x9D, 0x7D, 0x58, 0x16, 0x5E, 0xB9,
    0xF2, 0x7C, 0x2E, 0xD0, 0xC4, 0xAC, 0xFB, 0xEF, 0x9F, 0xE5, 0xAA, 0xB8, 0xD7, 0xE5, 0xAE, 0xAF,
    0xFD, 0xBE, 0x62, 0x45, 0xD3, 0xA0, 0x14, 0xF5, 0x60, 0xF1, 0xA6, 0x20, 0x2B, 0x12, 0x6C, 0x0A,
    0x8E, 0x3E, 0x2F, 0xAC, 0xA4, 0xB3, 0x78, 0xD7, 0x21, 0xBF, 0x73, 0xB8, 0x5A, 0x28, 0xDF, 0x4F,
    0xDF, 0xA1, 0x5D, 0x8B, 0xBD, 0x2C, 0x13, 0xB7, 0x21, 0x4A, 0x18, 0x12, 0x91, 0x92, 0x25, 0x3A,
    0xB1, 0x20, 0x7B, 0x24, 0x0B, 0xF7, 0x1F, 0xB9, 0x9F, 0xA6, 0x6A, 0x51, 0x8C, 0x77, 0x7F, 0x28,
    0xEF, 0x6C, 0x36, 0xFB, 0x5C, 0xB7, 0xEC, 0x38, 0xE1, 0xFC, 0x30, 0x0E, 0xD1, 0x09, 0xAF, 0xB5,
    0x1B, 0x0A, 0x0C, 0xC3, 0xB8, 0xF9, 0x30, 0x4A, 0xA9, 0x5F, 0x36, 0xD2, 0xBA, 0xBE, 0x6F, 0x32,
    0x83, 0x38, 0x6E, 0x57, 0xF5, 0x48, 0xC7, 0x77, 0x2D, 0x28, 0x90, 0x53, 0xBA, 0x32, 0x54, 0x43,
    0x64, 0xE8, 0x8B, 0xFA, 0x90, 0xA8, 0x29, 0xEE, 0xBF, 0xFF, 0x7E, 0xAE, 0x7B, 0x22, 0x0C, 0x83,
    0x94, 0xD4, 0xA7, 0x98, 0x67, 0xDF, 0xDD, 0xB5, 0xAB, 0x9E, 0xAE, 0x2C, 0xCF, 0x1D, 0xD5, 0xA5,
    0xA1, 0x72, 0x47, 0xCB, 0xCB, 0xEB, 0x69, 0x59, 0x8F, 0xC9, 0x40, 0x96, 0x4D, 0x41, 0xB0, 0x18,
    0xBA, 0xB5, 0x75, 0x5F, 0x88, 0x7D, 0x2D, 0xF3, 0x1A, 0x23, 0x2D, 0xF3, 0xC5, 0x38, 0xBC, 0xF1,
    0x75, 0xEA, 0x93, 0x32, 0x1A, 0x26, 0x8D, 0x5B, 0xB7, 0x8E, 0x60, 0xCD, 0x9F, 0xDF, 0x1C, 0x6D,
    0x99, 0x1F, 0x4B, 0x8C, 0x7D, 0x96, 0xB5, 0xEF, 0x73, 0xD2, 0xC7, 0x02, 0x40, 0x97, 0x18, 0x82,
    0x14, 0x14, 0x21, 0x0F, 0x9D, 0xE0, 0xC1, 0x62, 0x38, 0x0A, 0x0A, 0x5D, 0xFD, 0xCF, 0xA7, 0x05,
    0x56, 0x67, 0x3E, 0xEF, 0x09, 0x2D, 0x48, 0xFD, 0xFA, 0xDC, 0x93, 0x4F, 0x42, 0x18, 0x2A, 0x23,
    0x48, 0x35, 0x47, 0x4F, 0xBF, 0xE2, 0x9C, 0x8F, 0xA7, 0x5C, 0xB0, 0x93, 0x0D, 0x51, 0xDF, 0x09,
    0x9D, 0x8B, 0xBD, 0x72, 0xA1, 0x2F, 0x8E, 0xE5, 0xBA, 0x27, 0x37, 0x33, 0x19, 0xDA, 0x7A, 0xBA,
    0x48, 0xA1, 0x51, 0x12, 0x55, 0x3C, 0x60, 0x32, 0xC8, 0x56, 0xBF, 0xDC, 0x0A, 0x47, 0xB1, 0xBE,
    0x61, 0xCD, 0x47, 0xB2, 0xF7, 0x4D, 0x80, 0x4B, 0x76, 0xED, 0x73, 0x26, 0x89, 0xFC, 0x2B, 0xB7,
    0xC9, 0x2A, 0xDB, 0x37, 0x25, 0x13, 0x60, 0xCA, 0xC6, 0x1B, 0xDB, 0x46, 0x0C, 0x0B, 0xC0, 0x50,
    0xBA, 0x9C, 0x9A, 0x8C, 0xC0, 0x3C, 0x6C, 0x44, 0x84, 0x27, 0x1D, 0x98, 0xD6, 0xB8, 0x1B, 0x48,
    0xD7, 0x7B, 0x7E, 0x2E, 0x2C, 0x06, 0xFC, 0xA8, 0x6D, 0xCC, 0x1D, 0x3D, 0xBC, 0x5C, 0x13, 0x95,
    0x4B, 0x20, 0x63, 0x9D, 0x7E, 0x85, 0x89, 0xD4, 0xD1, 0x05, 0x32, 0xBE, 0x5F, 0x0E, 0x6F, 0xC7,
    0x7B, 0x7C, 0x8F, 0xDF, 0x59, 0xD4, 0xC6, 0x25, 0x9A, 0xC8, 0xC4, 0x6F, 0x9B, 0x72, 0x47, 0x7F,
    0x27, 0xE8, 0xEE, 0x0E, 0x28, 0x7B, 0x6E, 0xA7, 0x39, 0x5E, 0x90, 0x99, 0x56, 0x09, 0xD8, 0xB9,
    0x61, 0xC3, 0x4E, 0x52, 0xFB, 0xF6, 0xA5, 0x18, 0x17, 0x00, 0xBC, 0x2C, 0xB5, 0xFB, 0xA8, 0x5D,
    0x2C, 0xBC, 0x5E, 0xE5, 0x95, 0xF3, 0x7D, 0xD6, 0xF2, 0x7D, 0x97, 0x40, 0x9B, 0xEC, 0x91, 0x6B,
    0x83, 0x2C, 0xD0, 0x18, 0x79, 0xF0, 0xCE, 0x07, 0xEF, 0x1C, 0x3E, 0xC4, 0xFD, 0x61, 0xD6, 0x14,
    0xA0, 0xB9, 0x90, 0xAF, 0x0A, 0x6D, 0x97, 0x1E, 0x86, 0x12, 0x4D, 0x00, 0x10, 0xBB, 0xED, 0x82,
    0xD5, 0x11, 0xF4, 0x80, 0x33, 0x1E, 0xA6, 0x11, 0x61, 0x8F, 0xAB, 0x1A, 0xCF, 0xF8, 0x9C, 0xDC,
    0x8E, 0x3E, 0xDC, 0x3C, 0x59, 0x0D, 0xB4, 0xE6, 0xCF, 0x4C, 0x34, 0xAD, 0x39, 0x2A, 0x4A, 0xB3,
    0x12, 0x5F, 0x7B, 0x50, 0x16, 0xA0, 0x01, 0x80, 0x3E, 0xA1, 0xBB, 0x50, 0x00, 0xD8, 0xCC, 0xE1,
    0x54, 0x5E, 0xE5, 0xBD, 0xB1, 0xF3, 0x5C, 0x1E, 0x43, 0xD2, 0x0E, 0x90, 0xB6, 0xD3, 0xE9, 0x74,
    0x19, 0x9B, 0x6D, 0xBC, 0x22, 0x5E, 0x11, 0x57, 0x01, 0x96, 0x88, 0xA8, 0xCB, 0xBA, 0x3C, 0x2B,
    0x00, 0x93, 0xCB, 0xD8, 0x1C, 0xF5, 0xE9, 0x00, 0x02, 0x95, 0x50, 0xEE, 0x58, 0x6F, 0x0B, 0xC0,
    0xC2, 0xA5, 0x17, 0x2F, 0x92, 0x75, 0xA5, 0xB7, 0x19, 0x2E, 0xB4, 0x99, 0xF6, 0x0E, 0xEE, 0xAD,
    0xF1, 0x58, 0xFC, 0x26, 0xC0, 0x6C, 0xA6, 0xE3, 0x46, 0xDD, 0x03, 0x70, 0x5A, 0x5B, 0x5B, 0x4F,
    0xC3, 0x9E, 0xE5, 0x89, 0xD3, 0x64, 0x41, 0xA4, 0x00, 0x3B, 0x3A, 0x25, 0x49, 0x8A, 0xD6, 0x00,
    0xFE, 0x00, 0xB5, 0x9B, 0x01, 0x88, 0x64, 0xC9, 0x79, 0xDF, 0x7F, 0xEF, 0xD5, 0xEC, 0xD5, 0x6A,
    0x6A, 0x67, 0x6A, 0x81, 0x33, 0xD9, 0x68, 0xE7, 0xE6, 0x1D, 0x70, 0xC0, 0x62, 0x6D, 0x77, 0x6F,
    0xC8, 0x38, 0x19, 0xC8, 0xEB, 0xE9, 0xDA, 0x5B, 0xC8, 0x91, 0x08, 0xAC, 0x81, 0xDC, 0x59, 0x26,
    0x87, 0xA2, 0x05, 0x00, 0x42, 0x88, 0xB5, 0x93, 0xE8, 0x0C, 0x6D, 0xDC, 0x7B, 0xFD, 0x4E, 0x0B,
    0x12, 0x20, 0x50, 0x56, 0x60, 0x19, 0x20, 0x41, 0x9E, 0x60, 0x13, 0xF0, 0xC9, 0xD6, 0x4D, 0xA0,
    0x1D, 0xDA, 0xF2, 0xEC, 0x4E, 0xED, 0xAE, 0x41, 0x40, 0x50, 0xFC, 0xAC, 0xCD, 0x5A, 0x10, 0x03,
    0x7E, 0x92, 0x14, 0xDB, 0x5E, 0x63, 0x54, 0x92, 0xDE, 0xC5, 0x7D, 0x77, 0x33, 0x53, 0xA9, 0x9A,
    0x7E, 0x37, 0x3B, 0x7B, 0xBB, 0xB7, 0x3B, 0xBB, 0x23, 0xF5, 0xD4, 0xFF, 0xDF, 0x5D, 0xAF, 0x5F,
    0xBD, 0xEF, 0x7B, 0x55, 0xAF, 0xBE, 0xAF, 0xA6, 0xBE, 0xAF, 0x59, 0x05, 0x1C, 0x90, 0x03, 0x1F,
    0x01, 0x80, 0x9E, 0xDF, 0x41, 0xDD, 0xF9, 0x15, 0x84, 0x9D, 0x0B, 0xF8, 0x48, 0x00, 0x53, 0xDC,
    0x59, 0x45, 0xF8, 0xAA, 0xA9, 0xD3, 0x20, 0x0D, 0x10, 0x48, 0xAB, 0x43, 0x3B, 0x4F, 0x52, 0x56,
    0xA4, 0xDF, 0x75, 0x60, 0xCC, 0x91, 0xAF, 0x35, 0xF4, 0xDE, 0xFC, 0xDA, 0xE5, 0x57, 0xCD, 0x5A,
    0x57, 0x98, 0x8B, 0xDD, 0xD4, 0xD0, 0x85, 0x29, 0x2E, 0x5D, 0xA5, 0xF7, 0xDF, 0x26, 0x74, 0xC9,
    0x03, 0xDA, 0x07, 0xD0, 0x65, 0x85, 0xB1, 0xF0, 0xB7, 0x4B, 0x84, 0x45, 0x19, 0xE6, 0xA6, 0x3A,
    0x6C, 0xAB, 0x3B, 0xFF, 0x5E, 0xD8, 0x13, 0x7B, 0x85, 0x0F, 0x2B, 0xD2, 0xD2, 0xDB, 0x01, 0x48,
    0xB6, 0x2A, 0x55, 0x6C, 0x2E, 0x92, 0xE7, 0xBC, 0x30, 0x80, 0x31, 0x4C, 0x20, 0xE8, 0x52, 0xC3,
    0x18, 0x06, 0x90, 0x43, 0x87, 0xE3, 0xBA, 0xEC, 0xA7, 0xBE, 0x02, 0x00, 0xB5, 0x43, 0x57, 0x15,
    0x23, 0x61, 0x47, 0x09, 0x23, 0xB8, 0x0C, 0x9D, 0x12, 0xB9, 0x03, 0x43, 0x83, 0xB2, 0x88, 0x72,
    0x3D, 0x2D, 0x5D, 0x6A, 0xC7, 0xB2, 0xE8, 0xEC, 0x00, 0xF4, 0xB6, 0x55, 0x29, 0xEC, 0xC3, 0xFE,
    0xA4, 0xED, 0x6D, 0x2F, 0x2F, 0xE7, 0xF9, 0xC9, 0x93, 0x8F, 0x3B, 0x4B, 0xFB, 0xB4, 0xC6, 0x7D,
    0xF8, 0x5F, 0xE2, 0xD2, 0x4A, 0xDA, 0x15, 0x94, 0xF7, 0x0E, 0xFE, 0xEF, 0xA7, 0x0D, 0xAC, 0x6B,
    0x0E, 0x52, 0x39, 0x25, 0x5F, 0x04, 0x4A, 0x6A, 0xAC, 0x66, 0x10, 0x29, 0x4F, 0x22, 0x89, 0x22,
    0x90, 0x34, 0xE1, 0x98, 0x27, 0x4B, 0xDC, 0x35, 0xBC, 0x2F, 0x98, 0xEA, 0xDE, 0xD9, 0x86, 0xA0,
    0x59, 0x05, 0x41, 0x97, 0xF2, 0xA1, 0x7C, 0xF7, 0x6B, 0x77, 0x0D, 0x91, 0xB7, 0x89, 0x47, 0x3A,
    0x44, 0xD6, 0x53, 0x36, 0x07, 0x18, 0x19, 0xF8, 0x72, 0xBC, 0xA6, 0xFF, 0x01, 0x71, 0xC0, 0x89,
    0x23, 0x4E, 0x1C, 0x72, 0xE2, 0x98, 0x43, 0x17, 0x1A, 0x8A, 0xC3, 0x4E, 0xEF, 0xCD, 0x3A, 0x56,
    0x07, 0x91, 0xF2, 0x07, 0x68, 0x85, 0x2E, 0xC2, 0x97, 0x3D, 0x0B, 0x63, 0xA0, 0x82, 0xB4, 0x80,
    0x84, 0x28, 0xC0, 0xA9, 0x52, 0x15, 0xC2, 0xCE, 0x23, 0xEC, 0x72, 0xC0, 0x3A, 0xE2, 0xA6, 0x45,
    0xFC, 0x39, 0x08, 0x6F, 0x11, 0xB7, 0x2A, 0xC4, 0x8D, 0x1A, 0x61, 0x37, 0x03, 0x7A, 0x01, 0xBA,
    0x90, 0x56, 0x96, 0xBD, 0xED, 0x64, 0x9B, 0x67, 0x81, 0x0C, 0x90, 0x06, 0x12, 0x0B, 0x40, 0xEC,
    0x7E, 0x55, 0x26, 0xB5, 0xB0, 0x38, 0x61, 0xD3, 0x00, 0x15, 0x70, 0x36, 0x60, 0xCD, 0x89, 0x1B,
    0xD6, 0x89, 0x5B, 0xC6, 0x89, 0x6F, 0xE1, 0x44, 0x1D, 0x50, 0x05, 0x58, 0x9C, 0xB4, 0x89, 0x8B,
    0xED, 0x00, 0xA8, 0x72, 0xA8, 0x07, 0x70, 0xA9, 0x02, 0xC0, 0x57, 0xBD, 0xAA, 0x63, 0x94, 0xD1,
    0x66, 0x16, 0xB5, 0x37, 0x57, 0x16, 0x48, 0xAB, 0x25, 0x70, 0xE7, 0x60, 0xBC, 0x0E, 0xB9, 0x85,
    0x4E, 0x80, 0x36, 0xA0, 0x80, 0x79, 0x48, 0x37, 0x41, 0xD4, 0x34, 0xFA, 0x64, 0x3B, 0xAA, 0x14,
    0x51, 0x97, 0xEA, 0xB0, 0x90, 0x41, 0xEF, 0x30, 0xCF, 0x76, 0x90, 0x15, 0x08, 0x0B, 0x69, 0x40,
    0x52, 0x80, 0x32, 0xA0, 0x0B, 0xC8, 0x2C, 0xFC, 0x7C, 0x09, 0xFF, 0xC8, 0xC1, 0x5A, 0x40, 0x35,
    0x06, 0x9B, 0x93, 0xDA, 0xD8, 0xC9, 0xBB, 0x48, 0x34, 0xB3, 0x68, 0x33, 0x87, 0xB4, 0xAD, 0x00,
    0x6F, 0x7B, 0x93, 0x30, 0xD7, 0x50, 0x77, 0x06, 0x84, 0xA9, 0xD6, 0x80, 0x29, 0xEE, 0x5E, 0x45,
    0xFC, 0x59, 0x7C, 0x18, 0xDA, 0x01, 0x59, 0x80, 0x6E, 0xDE, 0xDB, 0x48, 0xBB, 0x49, 0xCF, 0x57,
    0x01, 0x57, 0x43, 0xDB, 0xCD, 0xE6, 0x9C, 0x4E, 0xF3, 0xDE, 0x45, 0xDC, 0xA9, 0x11, 0xBE, 0x6E,
    0xEA, 0x3A, 0xC2, 0x34, 0x40, 0xDA, 0xD7, 0x43, 0xBB, 0x1F, 0x3C, 0xD9, 0x1C, 0x97, 0xDE, 0x4F,
    0x78, 0xFB, 0x55, 0xCB, 0x9A, 0x2C, 0xB8, 0x18, 0xB0, 0xDE, 0xE0, 0x6A, 0x40, 0x19, 0x60, 0x65,
    0x91, 0x04, 0xA4, 0x85, 0x2C, 0x84, 0x91, 0x85, 0x44, 0x16, 0xF3, 0xA8, 0x62, 0x2B, 0xB4, 0x1B,
    0xC3, 0x78, 0x03, 0x96, 0xD7, 0xE1, 0xCC, 0x55, 0x38, 0x75, 0x14, 0x03, 0x97, 0x39, 0xEF, 0xB6,
    0x0A, 0x69, 0xB3, 0xA2, 0x0B, 0xA5, 0x66, 0x09, 0xD6, 0x34, 0x15, 0x9C, 0xD5, 0xA9, 0x85, 0x79,
    0x2D, 0x01, 0xF1, 0x5B, 0xFF, 0x06, 0xE2, 0x24, 0x06, 0x32, 0xAD, 0x2C, 0x74, 0xB5, 0x28, 0x61,
    0x53, 0x27, 0x8E, 0xC4, 0x69, 0x26, 0x88, 0x4A, 0xD3, 0x45, 0x59, 0x6D, 0x3A, 0x66, 0x05, 0xEF,
    0x54, 0x05, 0x48, 0x5F, 0x74, 0x12, 0x97, 0x33, 0x5E, 0x60, 0x4C, 0x2C, 0x8E, 0x4F, 0x16, 0x6C,
    0x15, 0x24, 0xF5, 0xD4, 0x88, 0x9D, 0x21, 0xCF, 0x19, 0xAC, 0x24, 0xB5, 0xF2, 0xC5, 0x4F, 0xE3,
    0x89, 0x5E, 0xD6, 0xD0, 0xCD, 0x40, 0x4D, 0x8E, 0x3C, 0x43, 0x8E, 0x32, 0x5B, 0x95, 0xF7, 0x75,
    0xB0, 0x76, 0x05, 0xEB, 0xCA, 0xEC, 0xA3, 0x3C, 0x00, 0x3B, 0x45, 0x12, 0x20, 0x0A, 0x65, 0xA4,
    0x51, 0xC6, 0xA3, 0x8B, 0x6B, 0x6C, 0xD5, 0x00, 0x3D, 0x87, 0xDA, 0x56, 0x0E, 0x5D, 0x8A, 0x31,
    0x1F, 0xB3, 0x62, 0xC0, 0x3F, 0xB5, 0xA2, 0xCB, 0x3F, 0xB6, 0xA2, 0xCD, 0x6F, 0x5B, 0xA1, 0xB9,
    0x15, 0xE8, 0x7C, 0x20, 0x79, 0xF3, 0x8A, 0x15, 0xE2, 0x96, 0xB0, 0x22, 0xFD, 0xAB, 0x40, 0xC9,
    0x4E, 0x20, 0xB6, 0x85, 0x95, 0x66, 0x2C, 0xCA, 0x5E, 0xB5, 0xD4, 0xD9, 0x0E, 0x93, 0x72, 0x57,
    0x95, 0xF1, 0xD6, 0x93, 0xFB, 0x71, 0xE7, 0x97, 0x9C, 0xF0, 0xBE, 0xA9, 0xDF, 0x8F, 0x38, 0x29,
    0x63, 0x3B, 0x80, 0xC4, 0x57, 0xA8, 0xE2, 0x32, 0x6D, 0x34, 0x39, 0xAA, 0x18, 0x20, 0xED, 0x18,
    0x61, 0xEB, 0x29, 0xCA, 0x80, 0x50, 0x8F, 0x90, 0x36, 0x7E, 0x1F, 0xCF, 0xD3, 0xA6, 0x4B, 0xE3,
    0x96, 0x88, 0x93, 0x5B, 0x05, 0x59, 0x4F, 0x66, 0x14, 0x44, 0x94, 0xBF, 0x13, 0x26, 0xA3, 0xBA,
    0x33, 0x11, 0xB6, 0x2B, 0x6C, 0xF6, 0x7E, 0x69, 0x87, 0xFE, 0x16, 0xBE, 0x3A, 0xA4, 0xD3, 0xAC,
    0x9B, 0xF2, 0x50, 0xA7, 0x39, 0x75, 0xEE, 0x9F, 0x09, 0xCE, 0xBD, 0x1D, 0x9C, 0x7B, 0x3B, 0x35,
    0xB4, 0xE1, 0xB1, 0x58, 0x81, 0xD0, 0xFA, 0xC8, 0xC6, 0x12, 0x80, 0xCE, 0x04, 0x84, 0x25, 0x0D,
    0x7A, 0xE8, 0x0B, 0x37, 0x5D, 0x2E, 0xEC, 0x60, 0x2C, 0xEC, 0x4A, 0x2D, 0x6C, 0x27, 0x20, 0x8B,
    0xEF, 0xA1, 0xDE, 0x8D, 0xC7, 0xB3, 0xF0, 0x7D, 0x3C, 0x0F, 0x61, 0xA7, 0xED, 0x7E, 0xEE, 0x65,
    0x86, 0x6E, 0x68, 0xB5, 0x5D, 0x44, 0xDA, 0xB3, 0xA4, 0x51, 0x6E, 0x5D, 0xC2, 0xEB, 0x16, 0x7A,
    0x80, 0x36, 0x53, 0xF9, 0x9F, 0xAD, 0xE0, 0x4F, 0x1D, 0x69, 0xB1, 0x89, 0xA4, 0x8B, 0xA6, 0xC3,
    0x96, 0xF5, 0xD5, 0x53, 0x1A, 0xEB, 0x2A, 0x8C, 0xE7, 0x6E, 0xD3, 0x13, 0xF3, 0xC0, 0x2C, 0xF0,
    0xCC, 0x56, 0x1D, 0x26, 0x8C, 0x9D, 0x4E, 0x96, 0x0F, 0x42, 0x96, 0xA1, 0x95, 0xF7, 0x96, 0x9F,
    0xBF, 0x60, 0x41, 0x1C, 0x80, 0x0C, 0xE8, 0x85, 0xE7, 0x73, 0xF8, 0x23, 0x5F, 0xAA, 0x52, 0x17,
    0x7B, 0x53, 0x88, 0xF6, 0x91, 0x58, 0x5A, 0x6D, 0xDA, 0xF4, 0x7C, 0x78, 0x95, 0x3F, 0xB3, 0x2B,
    0x57, 0x00, 0x69, 0x64, 0x98, 0xF2, 0x3A, 0x00, 0x17, 0x87, 0xDE, 0x86, 0xA5, 0x03, 0xAC, 0xE5,
    0xA1, 0x12, 0x40, 0x03, 0x7A, 0xBB, 0x90, 0x4B, 0x4B, 0x9E, 0x38, 0x72, 0x0E, 0x20, 0xAD, 0x18,
    0x28, 0x1B, 0x1D, 0x59, 0x6F, 0x9B, 0x2D, 0xA7, 0x4A, 0xB2, 0x42, 0x58, 0xB4, 0xF9, 0x20, 0xF9,
    0x2A, 0x90, 0xDD, 0x8C, 0xD4, 0x8E, 0x94, 0x45, 0xD2, 0x91, 0xB2, 0xE6, 0x98, 0x8C, 0xDF, 0xF6,
    0x7C, 0xE9, 0xC3, 0xD4, 0x01, 0x55, 0x82, 0xB0, 0xF7, 0xA1, 0x71, 0x05, 0x9B, 0x8F, 0xF0, 0x7F,
    0x25, 0x8D, 0xD1, 0x4E, 0x5D, 0xCE, 0xE6, 0x02, 0x5D, 0x68, 0x43, 0x87, 0x57, 0x2E, 0xB1, 0xE5,
    0x21, 0x83, 0x76, 0x28, 0xD1, 0x68, 0x33, 0x5E, 0x49, 0xDC, 0xD4, 0x68, 0xD3, 0x98, 0xDA, 0x67,
    0x42, 0x4D, 0x95, 0xED, 0xC4, 0x21, 0xEC, 0x80, 0x41, 0xE0, 0x9A, 0x6E, 0x60, 0xC7, 0x22, 0xE2,
    0x86, 0x23, 0x0B, 0xCE, 0x37, 0x72, 0x54, 0x43, 0x23, 0x6E, 0x3A, 0x74, 0x73, 0xBC, 0x39, 0xC7,
    0xD6, 0xB4, 0x02, 0xF7, 0xC9, 0x91, 0x36, 0x5C, 0x27, 0x5C, 0x53, 0xDE, 0x93, 0x70, 0xDA, 0x3B,
    0xDE, 0xF9, 0xB4, 0x11, 0x55, 0x54, 0xBA, 0x41, 0xA9, 0x49, 0x9D, 0x86, 0xEB, 0x97, 0xA0, 0xF3,
    0x16, 0x74, 0x35, 0x8C, 0x35, 0x89, 0xD3, 0xC4, 0xF3, 0x94, 0xCD, 0x88, 0xBE, 0x88, 0x97, 0x51,
    0x3F, 0x2C, 0xB4, 0xB0, 0xB3, 0x69, 0x49, 0x52, 0xF2, 0x4B, 0xA5, 0xFA, 0xCB, 0xB2, 0x95, 0x94,
    0x79, 0x5A, 0xE6, 0xA2, 0x5C, 0x99, 0xAD, 0x74, 0xBD, 0x4D, 0xF3, 0x5A, 0x4F, 0xB6, 0x4A, 0xB5,
    0x6B, 0xDA, 0xB0, 0x04, 0xFF, 0xF5, 0x1D, 0xBE, 0xFE, 0x92, 0x9D, 0x24, 0x55, 0x8D, 0x73, 0x34,
    0x65, 0x84, 0xEB, 0x27, 0x55, 0x4B, 0x58, 0xE5, 0xA1, 0xB1, 0x71, 0x56, 0xBD, 0xE1, 0x64, 0xB1,
    0x57, 0x7E, 0xB3, 0x94, 0x3E, 0xF8, 0xF0, 0x5A, 0x16, 0xFD, 0x50, 0xC2, 0xF1, 0x60, 0xC5, 0x20,
    0x76, 0xAE, 0x2A, 0x4A, 0x19, 0x8B, 0x91, 0x05, 0x07, 0x8B, 0xB2, 0xC4, 0x21, 0x03, 0xB4, 0xF7,
    0x24, 0x76, 0x34, 0x45, 0x31, 0x22, 0x8D, 0x30, 0x23, 0x44, 0x04, 0x23, 0x66, 0x03, 0xE6, 0x02,
    0xB6, 0xBC, 0x0F, 0xAC, 0xD9, 0x40, 0xB2, 0x8E, 0xE0, 0x2A, 0x29, 0x3C, 0x8B, 0x08, 0x37, 0x99,
    0x56, 0x2D, 0x5C, 0x8E, 0x5B, 0x79, 0xA5, 0x5E, 0x79, 0x73, 0x3D, 0x87, 0x2E, 0x2C, 0x72, 0x52,
    0xBF, 0xB1, 0x9E, 0xDE, 0xEB, 0xCB, 0xAD, 0x4F, 0x4C, 0xB6, 0xCC, 0xBC, 0x28, 0x97, 0x11, 0x69,
    0xB9, 0x4E, 0x72, 0xF3, 0x4F, 0x2D, 0xFC, 0xD5, 0x77, 0x0C, 0x78, 0x6F, 0x49, 0xBF, 0x7D, 0xBB,
    0x44, 0xDE, 0x0C, 0x46, 0x43, 0xBF, 0x58, 0x4E, 0x68, 0x8B, 0xB2, 0xCB, 0x44, 0x4F, 0xB2, 0x22,
    0x59, 0xA5, 0x73, 0x9D, 0x5C, 0x99, 0x17, 0xA2, 0xD6, 0x26, 0xF9, 0x14, 0x62, 0x07, 0x54, 0x81,
    0xB0, 0x4B, 0xC2, 0xE6, 0xAA, 0x98, 0xBA, 0x0C, 0x80, 0x9E, 0xF3, 0x36, 0x3A, 0x03, 0x59, 0xB4,
    0x02, 0xAE, 0x21, 0x3F, 0xF7, 0xFB, 0xC8, 0x2F, 0x85, 0xCF, 0xE3, 0x80, 0x32, 0x20, 0x1C, 0x8F,
    0xDF, 0xC7, 0xF3, 0x30, 0x27, 0x49, 0xCA, 0xD7, 0xE0, 0x5D, 0x07, 0xC7, 0x9E, 0xA2, 0x3D, 0xD0,
    0xFB, 0xD1, 0x6E, 0xA8, 0x6F, 0x20, 0x0B, 0x8B, 0xBC, 0x62, 0x90, 0x5F, 0x05, 0xE9, 0x03, 0xBE,
    0x58, 0x84, 0x7A, 0x89, 0x7C, 0xC3, 0x11, 0x7C, 0x03, 0x3D, 0xD7, 0x31, 0x80, 0xF2, 0xBB, 0x89,
    0xAD, 0x13, 0xEB, 0x62, 0x29, 0x5C, 0x1A, 0x8A, 0x71, 0xC2, 0x38, 0x89, 0xBB, 0x4E, 0xBD, 0x19,
    0x5B, 0x36, 0x7A, 0x94, 0x78, 0xA3, 0x5C, 0x32, 0x41, 0xD6, 0x62, 0x1C, 0xC4, 0xCB, 0x3E, 0x32,
    0xFF, 0x48, 0xA0, 0xF6, 0x89, 0x40, 0xFA, 0x4C, 0xA4, 0xB5, 0x40, 0xD2, 0xF5, 0x51, 0xA2, 0x0C,
    0x12, 0xBE, 0x7D, 0xCB, 0x9B, 0x7B, 0xB7, 0x10, 0x55, 0x6D, 0xF0, 0x95, 0x5F, 0x41, 0xFA, 0x9D,
    0xA6, 0x3E, 0x85, 0xB2, 0x2B, 0xC4, 0xF3, 0xE2, 0xE0, 0xFD, 0xAD, 0xD5, 0xB8, 0x16, 0xFD, 0x9C,
    0xFC, 0x60, 0x69, 0xD3, 0xD7, 0xB8, 0x66, 0xF0, 0xA6, 0x0E, 0xB5, 0x50, 0x45, 0x17, 0x59, 0xE4,
    0x1F, 0x8A, 0xF0, 0x7D, 0xE8, 0x11, 0x6F, 0x49, 0x0C, 0xBD, 0x4B, 0x13, 0x54, 0xB5, 0x42, 0x9C,
    0x0C, 0xAA, 0xD0, 0x44, 0x97, 0xB5, 0x87, 0x62, 0x0F, 0xD3, 0xE3, 0xD5, 0x65, 0xD4, 0xA5, 0x1A,
    0x65, 0xB8, 0x87, 0x02, 0x7A, 0x0E, 0x78, 0x16, 0x19, 0x54, 0x4B, 0xAB, 0x38, 0x61, 0xA0, 0x29,
    0x34, 0xB6, 0xE1, 0xE0, 0x73, 0x35, 0xF4, 0xF5, 0x5A, 0x7F, 0xE9, 0x62, 0xFF, 0x85, 0x93, 0xFD,
    0x67, 0xE9, 0x73, 0x5F, 0x19, 0x23, 0xBD, 0x01, 0xB6, 0x6E, 0xEC, 0x76, 0x58, 0xD6, 0x9C, 0x53,
    0x66, 0x4D, 0xD8, 0x52, 0x58, 0x9B, 0x7C, 0xAF, 0xE0, 0x27, 0x86, 0x3F, 0x82, 0x15, 0x38, 0x0B,
    0x0B, 0xB0, 0x04, 0x1B, 0x9C, 0x8E, 0xB6, 0x10, 0x80, 0xA1, 0x01, 0x5D, 0x80, 0x6C, 0xA0, 0x0A,
    0x52, 0xBF, 0x8B, 0x7A, 0xE9, 0x25, 0xBB, 0x28, 0x5F, 0xAC, 0xBA, 0xD2, 0xB8, 0xFC, 0x00, 0x62,
    0x3D, 0x93, 0x2F, 0x96, 0xEA, 0x0B, 0x1F, 0x2F, 0x12, 0xBF, 0x03, 0xEA, 0xFE, 0xB6, 0x0C, 0x6B,
    0x68, 0x34, 0xFE, 0xFE, 0x8E, 0x2A, 0x2A, 0x71, 0x23, 0x68, 0x00, 0x03, 0xE8, 0xC2, 0x5B, 0x24,
    0x5F, 0xB0, 0x22, 0xAD, 0x34, 0xB5, 0xFF, 0xA6, 0x6F, 0xC6, 0xF1, 0x10, 0x1D, 0x9E, 0xC7, 0x81,
    0x69, 0x0C, 0x6D, 0x12, 0x40, 0x44, 0x01, 0x30, 0xFC, 0xB6, 0x47, 0x33, 0x0E, 0xE8, 0xEF, 0x43,
    0x15, 0x63, 0x52, 0x3F, 0x01, 0xFA, 0x0D, 0x36, 0x41, 0x78, 0x03, 0x40, 0xEF, 0xC7, 0x3E, 0x9B,
    0xA8, 0x62, 0x20, 0x6C, 0xB8, 0xF4, 0xE3, 0x48, 0x05, 0x2A, 0xA3, 0x5B, 0x9A, 0x3C, 0x5D, 0x5B,
    0x1B, 0xDB, 0x6E, 0x03, 0x0C, 0x00, 0xCE, 0x02, 0x2C, 0x00, 0x1C, 0x9F, 0x0E, 0x29, 0xAC, 0x8D,
    0xE0, 0x62, 0xC0, 0xC9, 0x00, 0xBE, 0xF1, 0x3B, 0xF0, 0x87, 0xAF, 0xC3, 0x48, 0x07, 0x28, 0x13,
    0xDE, 0x0D, 0x75, 0x86, 0x6C, 0xC4, 0xD3, 0x73, 0xC2, 0xA3, 0x0A, 0xC6, 0xC8, 0x82, 0xD7, 0x1A,
    0xBA, 0x6B, 0x02, 0xFD, 0xA6, 0x8B, 0xD5, 0x51, 0xA4, 0x7E, 0xA4, 0xF1, 0x6B, 0x04, 0xE3, 0x38,
    0xA6, 0xE7, 0xAF, 0x34, 0xDD, 0x8C, 0x6A, 0x2C, 0x62, 0x6C, 0x11, 0xCE, 0x0F, 0x67, 0xEF, 0x19,
    0xD1, 0xF1, 0x9E, 0x11, 0x3D, 0x60, 0x7D, 0x9A, 0x95, 0x5F, 0x29, 0x7C, 0x19, 0x78, 0x6A, 0x7D,
    0x96, 0x35, 0x9D, 0x6D, 0x00, 0x38, 0x66, 0xE8, 0xB9, 0xEB, 0x75, 0xB8, 0x7C, 0x34, 0x14, 0x57,
    0xAC, 0x46, 0x7E, 0xA1, 0x08, 0xF4, 0x9F, 0x23, 0xF9, 0x42, 0x9B, 0x50, 0x8D, 0xC7, 0xAC, 0x8E,
    0xDF, 0x2E, 0xA2, 0x6E, 0x54, 0x79, 0x68, 0x31, 0x74, 0xD0, 0xBC, 0xA4, 0xDF, 0xCE, 0xD2, 0xB2,
    0xB5, 0x57, 0xC2, 0x07, 0xE9, 0x4B, 0xF1, 0xFD, 0x52, 0xDE, 0x2C, 0x83, 0x3D, 0x6C, 0x8B, 0x6A,
    0xA2, 0xB7, 0x45, 0x09, 0x0E, 0x96, 0x61, 0xE6, 0xB0, 0x86, 0x37, 0x49, 0xA2, 0x1A, 0xE2, 0x82,
    0x81, 0xC3, 0x36, 0x19, 0x1A, 0xB4, 0xE1, 0xF4, 0x57, 0xE8, 0xDC, 0x45, 0x19, 0xD4, 0xA7, 0x2B,
    0xF5, 0x07, 0x13, 0x15, 0x0D, 0x6D, 0xAE, 0xCC, 0xD9, 0xFB, 0x4A, 0x71, 0x76, 0xE8, 0xCE, 0x42,
    0x28, 0x39, 0xB1, 0x8C, 0x10, 0x25, 0x19, 0xE4, 0xB0, 0x01, 0x86, 0xC3, 0x78, 0xA0, 0x07, 0x67,
    0x7A, 0x6F, 0xE7, 0x61, 0x33, 0x7D, 0x15, 0x1D, 0xC7, 0x81, 0xE5, 0x67, 0xE8, 0x42, 0x56, 0x92,
    0xEE, 0x40, 0x07, 0x64, 0xB1, 0x24, 0x8A, 0x65, 0x45, 0xB6, 0x03, 0x20, 0x8D, 0x2A, 0xD2, 0xA9,
    0xE0, 0x42, 0x15, 0xF2, 0xBE, 0x3F, 0x65, 0x87, 0xF5, 0xD2, 0xDA, 0x60, 0xF4, 0xC2, 0xC5, 0x0F,
    0xFF, 0xFE, 0x51, 0xED, 0x9B, 0x3F, 0xA3, 0xC8, 0x98, 0x00, 0xA0, 0xFC, 0x0E, 0x89, 0x75, 0xF7,
    0x50, 0xBC, 0x7B, 0x35, 0x2D, 0xDE, 0xDE, 0x4C, 0x8D, 0x5B, 0x14, 0xC6, 0x69, 0x89, 0xCB, 0xAE,
    0x27, 0xAE, 0xBB, 0xA9, 0x7D, 0x4D, 0xF3, 0x8A, 0x26, 0xB2, 0x20, 0x4E, 0x5D, 0xE4, 0x3D, 0xBA,
    0x73, 0xF9, 0x65, 0xE4, 0xDD, 0xEB, 0x6F, 0x99, 0x07, 0x27, 0x8B, 0x2A, 0x42, 0x8B, 0xDD, 0xA9,
    0x3D, 0x0A, 0x08, 0x03, 0x13, 0x47, 0x06, 0x69, 0x02, 0x3E, 0x5D, 0x21, 0xFF, 0x60, 0x82, 0xB4,
    0x8D, 0x51, 0x30, 0xAD, 0x07, 0x10, 0x9D, 0xC1, 0xD0, 0x75, 0x2C, 0xA2, 0x8C, 0xC2, 0x60, 0x0E,
    0x00, 0x9E, 0xD8, 0x7F, 0x39, 0x20, 0x67, 0xDA, 0x3E, 0x79, 0x72, 0x7F, 0x99, 0x50, 0xC8, 0x37,
    0xAA, 0xE0, 0x6F, 0xF8, 0x39, 0x9E, 0xD2, 0x24, 0x1F, 0xDA, 0x2C, 0x76, 0xA7, 0x66, 0xB1, 0x63,
    0x60, 0x9E, 0x29, 0x9A, 0x1D, 0xDE, 0x70, 0xAC, 0xCD, 0xF6, 0x5B, 0x36, 0xE3, 0xB2, 0xA8, 0xB4,
    0x79, 0x2E, 0x75, 0xCA, 0xCE, 0xE3, 0x84, 0x9D, 0xA3, 0x16, 0xE5, 0x1C, 0x63, 0x51, 0x2D, 0x30,
    0x50, 0xEE, 0x0C, 0xF9, 0x09, 0xB7, 0x44, 0xF7, 0x54, 0xBD, 0x46, 0xFB, 0xDC, 0xF8, 0x2A, 0xD9,
    0xC5, 0x81, 0x45, 0x97, 0x3D, 0x83, 0xB6, 0x3D, 0x08, 0x4F, 0x3F, 0xC0, 0xCC, 0x35, 0x51, 0xB4,
    0x33, 0x61, 0xB5, 0x7A, 0xB1, 0x9C, 0x17, 0xD6, 0x45, 0xCC, 0xA5, 0x65, 0xBD, 0xC0, 0x8F, 0x26,
    0x4B, 0xFC, 0x24, 0x5F, 0xE3, 0x8F, 0x5A, 0x25, 0x97, 0xB3, 0x82, 0x7C, 0x1E, 0xED, 0x21, 0x99,
    0x00, 0x0E, 0x86, 0xDE, 0xB1, 0x11, 0xAE, 0xBD, 0xEA, 0x9E, 0x87, 0x1A, 0xF0, 0x3B, 0xE0, 0xB4,
    0xC1, 0x49, 0x8B, 0x13, 0x0D, 0x64, 0x81, 0xCB, 0xD0, 0x7E, 0xD2, 0x4C, 0x4A, 0xD5, 0x14, 0x2E,
    0xFD, 0x0D, 0xA7, 0x7F, 0x83, 0xA6, 0x5A, 0xA0, 0xBC, 0x53, 0x66, 0xA0, 0x4C, 0xBE, 0x57, 0xC6,
    0x43, 0x5F, 0x35, 0xAB, 0xE3, 0xC4, 0x5B, 0x55, 0xEA, 0xF3, 0xE1, 0x62, 0x2D, 0x02, 0xE5, 0xAC,
    0x0A, 0x3B, 0x06, 0x61, 0xEB, 0x40, 0x77, 0xDE, 0x79, 0x19, 0xE1, 0x77, 0x7F, 0xB7, 0xA9, 0x46,
    0x6A, 0xBE, 0x1D, 0x44, 0x5A, 0xE1, 0x79, 0x69, 0xF5, 0x97, 0x37, 0x7A, 0xDB, 0xA9, 0xB7, 0x00,
    0x40, 0x62, 0xC2, 0xA3, 0xB4, 0xA9, 0x8A, 0xD1, 0xA2, 0x32, 0x6E, 0x4E, 0x9D, 0xAF, 0x50, 0x9F,
    0x0B, 0xF0, 0x41, 0xFE, 0x8B, 0x15, 0xB1, 0x1E, 0x8E, 0x27, 0xAA, 0xB8, 0xF6, 0xD1, 0xA1, 0xCB,
    0x9A, 0x39, 0xC2, 0xBD, 0x2D, 0xB5, 0x7F, 0x12, 0xB7, 0xD4, 0x2A, 0x58, 0x8F, 0xDB, 0xB2, 0x35,
    0x89, 0xDF, 0x26, 0xFD, 0x4F, 0x5D, 0x84, 0x5E, 0x44, 0x6A, 0xCD, 0x9C, 0xD6, 0xE6, 0x84, 0x96,
    0x36, 0xD7, 0xB2, 0xF4, 0x3A, 0xAB, 0x01, 0xE8, 0x02, 0x43, 0xE0, 0xCF, 0x21, 0xF9, 0x66, 0x41,
    0x7A, 0xC5, 0x22, 0x7C, 0xC9, 0xEC, 0xB2, 0xE3, 0xC4, 0xF2, 0x88, 0x85, 0xE5, 0x3E, 0x61, 0xD7,
    0x98, 0xED, 0x65, 0x1F, 0xAD, 0xC9, 0x3C, 0xA8, 0x92, 0x0E, 0x08, 0xCB, 0x3F, 0x33, 0x91, 0x3F,
    0x6B, 0x23, 0xFF, 0x76, 0x64, 0x6E, 0x56, 0x84, 0x1D, 0x88, 0x3B, 0x0E, 0xE1, 0xBD, 0xAF, 0x11,
    0x56, 0xB6, 0xFA, 0x81, 0x67, 0x5B, 0x79, 0xE0, 0xB9, 0x56, 0x2B, 0xF0, 0x42, 0x2B, 0x0B, 0xBC,
    0xDC, 0xD2, 0x46, 0xDA, 0x7E, 0x4B, 0x17, 0xBD, 0xDD, 0xDD, 0x56, 0xCF, 0x01, 0x30, 0x74, 0x71,
    0x08, 0x8A, 0xCC, 0xA2, 0x4C, 0xB8, 0x13, 0x65, 0xC2, 0xAD, 0xA8, 0x62, 0xDD, 0xA1, 0xA2, 0x1F,
    0x54, 0x2F, 0x7E, 0x29, 0x47, 0x5D, 0x98, 0x6F, 0xA1, 0x5E, 0x9A, 0xCF, 0x50, 0xBF, 0x38, 0xAF,
    0xCD, 0x70, 0xF8, 0x8B, 0x3D, 0x1B, 0x7B, 0x07, 0x79, 0xF7, 0x4D, 0x47, 0x5A, 0xA6, 0x16, 0x9C,
    0x34, 0x90, 0xCF, 0x01, 0x8B, 0xCB, 0x80, 0xAE, 0x01, 0xEF, 0x0B, 0xC4, 0xED, 0x5B, 0x71, 0x7F,
    0x27, 0xE8, 0xA8, 0xAE, 0xDC, 0x70, 0xE8, 0x0B, 0x36, 0x50, 0x1C, 0x90, 0xB6, 0x28, 0x07, 0x4C,
    0xB2, 0xED, 0x8E, 0x01, 0xA2, 0x30, 0x23, 0xAC, 0x22, 0xA9, 0xCE, 0xC2, 0x6B, 0x6B, 0xB0, 0x52,
    0x06, 0xB3, 0x7E, 0x2D, 0xCC, 0x59, 0x8D, 0x56, 0x41, 0x3D, 0x25, 0x6C, 0x57, 0x5F, 0x28, 0x27,
    0xBD, 0x6A, 0xD2, 0xDB, 0xCE, 0xFC, 0xDE, 0x13, 0xF0, 0xE6, 0xD7, 0x6C, 0x34, 0x28, 0x22, 0xB4,
    0x4C, 0xCB, 0x79, 0x84, 0xC5, 0x2D, 0x47, 0xCE, 0x37, 0x10, 0x77, 0x5E, 0xB9, 0x54, 0x12, 0x3B,
    0x64, 0x17, 0x61, 0xE3, 0xF2, 0x45, 0x58, 0x2D, 0x5F, 0xB2, 0x91, 0x2F, 0x04, 0x6E, 0x87, 0xC5,
    0x4E, 0xB8, 0xA2, 0x3C, 0xEF, 0xA4, 0x1D, 0xA8, 0xA2, 0xEE, 0xED, 0xD6, 0x3D, 0xF7, 0x3A, 0x00,
    0xC3, 0x1F, 0xFB, 0x68, 0xDD, 0x5D, 0x6A, 0x95, 0xE9, 0x4B, 0x94, 0x69, 0x2D, 0xA0, 0x0A, 0xFD,
    0x5A, 0xD4, 0xD1, 0x1B, 0x75, 0xFE, 0x7B, 0xB7, 0xAD, 0xBA, 0x70, 0xF3, 0xDB, 0x95, 0x7A, 0xE9,
    0x66, 0xE9, 0xD4, 0x27, 0x5E, 0x2C, 0xC7, 0xC3, 0xD7, 0xF5, 0x64, 0xE5, 0x58, 0x5A, 0x88, 0x2F,
    0x99, 0x64, 0xC2, 0xE9, 0x5D, 0x06, 0xB2, 0x1C, 0x25, 0x6E, 0x2D, 0x71, 0x24, 0x15, 0xC2, 0x92,
    0x21, 0x77, 0x0D, 0xB2, 0x24, 0x71, 0x50, 0x83, 0x8B, 0x1F, 0x4E, 0x97, 0x59, 0x38, 0x13, 0xC6,
    0x98, 0xCB, 0x59, 0x9D, 0xBD, 0x33, 0x02, 0x8E, 0x3F, 0x63, 0xE4, 0xA7, 0x4C, 0x5A, 0x93, 0x7D,
    0x9D, 0x5C, 0x15, 0xA7, 0xA6, 0xFF, 0x1B, 0x7C, 0x86, 0x67, 0xAE, 0x81, 0x2C, 0x9A, 0x3D, 0x1A,
    0x55, 0xC4, 0xF0, 0x04, 0xBC, 0x96, 0x98, 0xEE, 0xA5, 0x72, 0xF6, 0x2B, 0x25, 0xB0, 0xA5, 0xB6,
    0x3B, 0x36, 0x4B, 0x5D, 0x1B, 0x9D, 0x54, 0xAD, 0xFB, 0xA9, 0x1B, 0x29, 0x47, 0x9D, 0x0F, 0x24,
    0x6E, 0x54, 0x63, 0x92, 0x77, 0xDF, 0xAB, 0xE0, 0x99, 0xB7, 0x21, 0xEA, 0xD7, 0x50, 0xEA, 0x80,
    0xA0, 0x11, 0xA4, 0x26, 0xA0, 0xB8, 0x0F, 0xC3, 0xF4, 0x8B, 0x85, 0x0E, 0x0F, 0xA9, 0x4E, 0xDF,
    0x08, 0x28, 0xCA, 0x06, 0x36, 0x42, 0xBD, 0xF8, 0x86, 0x95, 0x9F, 0xBB, 0x62, 0xC4, 0x5F, 0x7E,
    0x15, 0xB6, 0x26, 0x20, 0x8A, 0x07, 0xDA, 0xDF, 0xDB, 0xFD, 0x1A, 0xD0, 0xEC, 0x7E, 0x99, 0xF7,
    0x77, 0xBF, 0xDE, 0x9B, 0x08, 0xBB, 0xD3, 0xF1, 0x65, 0x9D, 0xFC, 0xAB, 0xBD, 0xFA, 0xE0, 0xE0,
    0xEE, 0x57, 0x31, 0x20, 0xB6, 0xA3, 0xF1, 0x95, 0x9E, 0x5C, 0xD8, 0x7E, 0x1A, 0x7A, 0xB7, 0x7A,
    0xEF, 0xAA, 0x7B, 0x67, 0xCB, 0x39, 0x5C, 0xF8, 0x1C, 0x8E, 0xB4, 0xA4, 0x55, 0xBB, 0x00, 0xBE,
    0x4A, 0xEA, 0x0E, 0xA2, 0xD6, 0xA8, 0x66, 0x2F, 0x7B, 0x01, 0x61, 0xCF, 0x90, 0x96, 0x4B, 0x24,
    0xEE, 0x1C, 0xB8, 0x8B, 0x30, 0xBA, 0x0A, 0x03, 0x0B, 0xDD, 0x80, 0x4E, 0x01, 0x19, 0xA0, 0x01,
    0x60, 0xCB, 0x76, 0x4C, 0x87, 0xFF, 0x80, 0x66, 0x1D, 0x6D, 0x2C, 0xF2, 0x0D, 0x8B, 0xB8, 0x59,
    0x90, 0xDE, 0x36, 0x24, 0xDF, 0x07, 0xFE, 0x1F, 0x70, 0x0D, 0xC8, 0x41, 0x7C, 0xD3, 0xC2, 0xF7,
    0x4A, 0x58, 0xDB, 0x00, 0x4E, 0x1E, 0x49, 0xF6, 0x62, 0x0B, 0xD4, 0x27, 0x20, 0xBD, 0x55, 0x80,
    0x31, 0x4F, 0xAC, 0x0B, 0x34, 0xBD, 0x5C, 0x00, 0xE8, 0xA2, 0x06, 0x68, 0x93, 0x03, 0x81, 0x16,
    0x01, 0x06, 0xE8, 0x5E, 0xB5, 0x65, 0xC6, 0xE8, 0x8F, 0x17, 0xCF, 0x31, 0x89, 0x93, 0x71, 0x81,
    0x3A, 0xBE, 0x9D, 0x89, 0xB5, 0xF3, 0xD5, 0x39, 0xC2, 0x77, 0xC6, 0xAD, 0xD1, 0x47, 0x33, 0x2A,
    0x89, 0xED, 0x72, 0x4B, 0x8B, 0x9C, 0xB6, 0x45, 0x9B, 0x11, 0x99, 0x21, 0xF5, 0x25, 0x1A, 0x68,
    0x5C, 0x10, 0xF0, 0x1C, 0xB0, 0xAF, 0x44, 0xE2, 0x00, 0xC8, 0x0A, 0x60, 0x15, 0x40, 0xFB, 0x9E,
    0x1B, 0x16, 0xB9, 0xF8, 0x9F, 0x76, 0x8E, 0x7E, 0x7A, 0x3B, 0x88, 0x1C, 0x25, 0xDF, 0x2B, 0xCF,
    0xE0, 0xF8, 0x51, 0xB5, 0x14, 0xD8, 0xB9, 0xB5, 0xC8, 0xFD, 0x75, 0xC2, 0x48, 0xE6, 0x96, 0x30,
    0x98, 0x41, 0x58, 0x18, 0x4F, 0x6D, 0x50, 0xBB, 0x28, 0x80, 0x46, 0xE0, 0xDC, 0x3D, 0x39, 0x49,
    0x4D, 0x63, 0x82, 0x01, 0xD0, 0x06, 0xB6, 0x6A, 0xD4, 0x5F, 0x7C, 0x9D, 0x8C, 0xE8, 0x2E, 0xA3,
    0x75, 0x49, 0xE3, 0xB3, 0xEE, 0x26, 0xB0, 0x8F, 0x58, 0x8F, 0xC7, 0xE3, 0xF7, 0xD1, 0xC1, 0xAB,
    0xDF, 0xBA, 0x44, 0xE2, 0xEB, 0x69, 0xFB, 0xE6, 0xB5, 0x89, 0xF2, 0xB6, 0xFB, 0x82, 0xEB, 0xD3,
    0x1F, 0x91, 0x3B, 0x9A, 0x12, 0x3E, 0x87, 0x23, 0xED, 0x5F, 0x75, 0xD2, 0x17, 0x0C, 0x1A, 0xBF,
    0x01, 0x41, 0xC5, 0xC0, 0x27, 0x4E, 0x97, 0x40, 0x1F, 0xE0, 0x05, 0x80, 0x8B, 0x00, 0x40, 0xBA,
    0x2B, 0x76, 0xD0, 0xFA, 0x13, 0x2F, 0x85, 0xFB, 0x9F, 0x15, 0x36, 0x87, 0xF0, 0xB0, 0x06, 0x72,
    0x63, 0xA2, 0x46, 0xF7, 0xD1, 0xF4, 0xD8, 0x26, 0x44, 0x15, 0x49, 0xDD, 0x0A, 0x1B, 0xA2, 0xCC,
    0x3E, 0xBF, 0x93, 0x59, 0xE9, 0x3F, 0xBE, 0x0B, 0x00, 0x9C, 0x04, 0xFC, 0x55, 0xD2, 0xCF, 0x6F,
    0x83, 0x06, 0x24, 0xF0, 0x11, 0x1A, 0x6D, 0x9E, 0x25, 0xAB, 0xDF, 0xB3, 0xCB, 0xDD, 0xB2, 0x1A,
    0x9D, 0x34, 0xCE, 0xC1, 0xE8, 0x20, 0x36, 0xC0, 0xF5, 0x13, 0x5C, 0x1E, 0xBC, 0xBA, 0x7E, 0xC7,
    0x1B, 0x00, 0x92, 0x57, 0x56, 0x41, 0xBE, 0x35, 0x86, 0xF4, 0xF8, 0xC9, 0x9F, 0xFE, 0x5A, 0xE2,
    0xDF, 0xBD, 0x59, 0xF0, 0x0B, 0x7F, 0x56, 0x00, 0x4F, 0xBC, 0xAE, 0x78, 0x78, 0xE0, 0xB6, 0x29,
    0x07, 0xF7, 0xA0, 0xD1, 0xA5, 0x49, 0xBC, 0x45, 0x36, 0x05, 0x65, 0xE9, 0x4D, 0x9A, 0x95, 0xB5,
    0x8E, 0x26, 0x7C, 0x04, 0x8E, 0xA6, 0x8C, 0x60, 0x00, 0x2B, 0x33, 0xA8, 0x6D, 0xC8, 0xEF, 0x2F,
    0x00, 0x65, 0x92, 0x5A, 0xF1, 0x1D, 0xC3, 0x16, 0x74, 0x0A, 0xBA, 0xF5, 0xEA, 0xC6, 0xF3, 0xD7,
    0x2A, 0x32, 0x8B, 0x9C, 0xA0, 0xDB, 0x3C, 0x07, 0xA7, 0x00, 0x60, 0x7E, 0xCB, 0x8F, 0x00, 0x90,
    0xDB, 0xBB, 0xFF, 0x1C, 0xC8, 0x97, 0xCE, 0x04, 0x5A, 0x38, 0xC3, 0x0C, 0xC3, 0x1F, 0x7C, 0x79,
    0x8B, 0x7B, 0x2F, 0x31, 0x01, 0x60, 0xF6, 0x53, 0x00, 0xCC, 0x24, 0x34, 0x33, 0xC3, 0x4C, 0xB7,
    0x7C, 0x26, 0x48, 0x09, 0x27, 0x4E, 0xF0, 0xA8, 0x57, 0xA7, 0x20, 0xD2, 0xFF, 0x28, 0x81, 0x5F,
    0xAD, 0x8A, 0xBD, 0xE6, 0xCF, 0xF3, 0xE0, 0xEB, 0x71, 0x97, 0x4E, 0xD6, 0x1B, 0x9D, 0x01, 0x38,
    0x31, 0xCB, 0xC1, 0xD7, 0x12, 0x00, 0xAC, 0x01, 0x80, 0x03, 0xB8, 0x48, 0x05, 0xF0, 0x1A, 0x57,
    0x03, 0xC8, 0x41, 0x56, 0xB0, 0x08, 0xDA, 0xC0, 0x23, 0x34, 0xFE, 0x35, 0x03, 0x2C, 0xD3, 0xB1,
    0x40, 0xCF, 0x26, 0x05, 0x90, 0x5C, 0xE5, 0xC3, 0x5E, 0x29, 0xA0, 0x41, 0x19, 0x18, 0x82, 0xB0,
    0x24, 0x3F, 0x60, 0x94, 0x5A, 0x00, 0x47, 0xB9, 0xAF, 0x0B, 0x94, 0x00, 0x24, 0x05, 0xC0, 0x99,
    0x79, 0x20, 0xCF, 0x00, 0x35, 0x81, 0xFD, 0x10, 0x15, 0x31, 0x46, 0x85, 0xB0, 0xB8, 0x40, 0x69,
    0x24, 0x15, 0xE9, 0x6C, 0xA4, 0xB5, 0x40, 0x37, 0x6C, 0xA0, 0x5B, 0x26, 0xD0, 0xB7, 0x08, 0x54,
    0x47, 0xAA, 0x22, 0xD9, 0x40, 0x31, 0x5E, 0x45, 0xBC, 0x8A, 0x01, 0x44, 0x24, 0x09, 0x30, 0xBB,
    0x6F, 0x7B, 0x66, 0x38, 0xE2, 0x06, 0x5B, 0x09, 0x34, 0xBB, 0x1A, 0xA2, 0x68, 0x22, 0xD0, 0x88,
    0xC6, 0xB3, 0xD3, 0xB9, 0x6B, 0xFE, 0xC1, 0x9D, 0xF8, 0xA1, 0x29, 0x31, 0x36, 0x33, 0x88, 0x71,
    0x9A, 0xA6, 0x74, 0xA5, 0xDD, 0xEC, 0xF9, 0x32, 0xE1, 0xB0, 0x0B, 0xE6, 0x18, 0xF5, 0xB9, 0x11,
    0xC3, 0x1E, 0x7B, 0xCD, 0x3B, 0xE2, 0x46, 0x5B, 0xDC, 0xEA, 0x8A, 0x1B, 0x13, 0x11, 0x83, 0x55,
    0x4B, 0xF7, 0x45, 0x7D, 0xB6, 0xE1, 0x18, 0x5B, 0x3D, 0xA7, 0xCB, 0x81, 0x2E, 0xBA, 0xDA, 0xB4,
    0x35, 0x8B, 0xB1, 0x98, 0x45, 0x7D, 0xBE, 0xA5, 0xAF, 0x0C, 0xF4, 0x77, 0x27, 0xBA, 0xE3, 0x34,
    0x4B, 0x9A, 0x19, 0x0D, 0xDA, 0xB0, 0xE5, 0x80, 0x19, 0x58, 0x80, 0xE5, 0x9E, 0x9F, 0x28, 0x8B,
    0x78, 0x5C, 0x69, 0x04, 0x61, 0x48, 0x0A, 0x44, 0x31, 0xF4, 0x85, 0x32, 0x3C, 0xBC, 0x14, 0x0C,
    0x27, 0xC4, 0x30, 0xB0, 0x3D, 0xBB, 0x17, 0x03, 0x3E, 0xBE, 0x7F, 0x85, 0xA1, 0xFF, 0xB0, 0xCB,
    0x86, 0xAF, 0xAC, 0x3A, 0x6F, 0x95, 0xB1, 0xFB, 0x57, 0x78, 0xF0, 0x82, 0x84, 0x2B, 0x36, 0xB1,
    0xEC, 0xE3, 0x0F, 0xEE, 0xE9, 0xDF, 0xD8, 0x44, 0xD8, 0x8C, 0x26, 0xE0, 0x62, 0x85, 0x9D, 0x72,
    0x6F, 0xBB, 0x09, 0xB3, 0x98, 0x78, 0x5C, 0x23, 0xCA, 0xEE, 0xD4, 0x71, 0xC0, 0x43, 0xE4, 0x2A,
    0x5F, 0xA8, 0xF3, 0x4E, 0x99, 0x91, 0x32, 0x7D, 0x55, 0xE4, 0xC3, 0x49, 0x0E, 0xA1, 0xF4, 0x85,
    0x19, 0x89, 0x1B, 0x55, 0xE2, 0xCD, 0x4A, 0xE2, 0xED, 0xEB, 0xFC, 0x7A, 0xB1, 0x92, 0xFC, 0x90,
    0x93, 0x65, 0x2E, 0x12, 0x38, 0x97, 0xCF, 0x02, 0x2F, 0xE4, 0x27, 0x80, 0x13, 0xF9, 0x19, 0x60,
    0x36, 0x5F, 0x03, 0x32, 0x3F, 0x01, 0x06, 0x79, 0x07, 0xA8, 0x73, 0x6D, 0x48, 0x5D, 0x2E, 0x2D,
    0x22, 0xB4, 0x2A, 0x09, 0x17, 0x4F, 0x1C, 0x19, 0x5D, 0x26, 0xEC, 0x84, 0x6B, 0xF6, 0x2C, 0x80,
    0x8C, 0x4C, 0x12, 0x19, 0x0E, 0xB2, 0x99, 0x01, 0x18, 0x8A, 0x1D, 0x5D, 0xFD, 0x47, 0xEB, 0xCE,
    0x6E, 0xB0, 0xEE, 0xD6, 0x60, 0xC9, 0x95, 0xF0, 0xDC, 0xDF, 0x17, 0x70, 0xFD, 0x5D, 0x47, 0x5A,
    0xB9, 0x01, 0xC2, 0xBA, 0x2E, 0xAA, 0x70, 0x19, 0x19, 0xB5, 0x2E, 0x76, 0xE4, 0xAE, 0x98, 0x00,
    0x2C, 0x03, 0x9C, 0xD9, 0xA7, 0x53, 0xCD, 0x9C, 0x20, 0xC4, 0x2B, 0xB2, 0xA4, 0x6E, 0x31, 0x58,
    0x60, 0x00, 0x7D, 0xA8, 0x91, 0x65, 0xE2, 0xF7, 0x83, 0xD3, 0xDD, 0xFB, 0x82, 0xD3, 0x67, 0x61,
    0x1E, 0x14, 0x7C, 0x06, 0x5E, 0x80, 0xD5, 0x0F, 0x5D, 0xED, 0x2E, 0xEF, 0xEF, 0x84, 0xAF, 0xC3,
    0x12, 0x2C, 0x93, 0xD6, 0x70, 0x35, 0x06, 0x33, 0x4A, 0x55, 0x2E, 0x56, 0xC2, 0x9E, 0x43, 0xD8,
    0xAB, 0x01, 0x71, 0x5D, 0x64, 0x10, 0xDF, 0x04, 0xE1, 0x8B, 0xF0, 0xB9, 0x42, 0x58, 0xD7, 0x44,
    0x68, 0xBA, 0x01, 0x19, 0xD2, 0xEA, 0x22, 0x8C, 0xE2, 0x04, 0x18, 0x00, 0x67, 0x81, 0x05, 0xE0,
    0x04, 0x30, 0x13, 0xCB, 0xD0, 0x0D, 0x51, 0xC5, 0x6D, 0xD4, 0x05, 0x83, 0xFA, 0x97, 0xA0, 0x7E,
    0x2F, 0xE0, 0x87, 0x26, 0xD4, 0x2D, 0x7B, 0xFF, 0x06, 0x1A, 0x87, 0x2E, 0x36, 0xD9, 0x72, 0x9D,
    0xFB, 0xB6, 0x26, 0x1B, 0x98, 0xDE, 0x76, 0xEA, 0x54, 0xA9, 0x47, 0xC2, 0x9E, 0x3A, 0x29, 0xFE,
    0x38, 0xE8, 0xF5, 0xAD, 0xF5, 0x00, 0x8B, 0xF8, 0x13, 0x83, 0xF0, 0x25, 0xE2, 0x7F, 0xD5, 0xA1,
    0x3E, 0x08, 0xE8, 0x22, 0xFE, 0x38, 0xBB, 0x3F, 0x23, 0x85, 0x24, 0xC8, 0xEF, 0x59, 0x55, 0xFC,
    0x77, 0xAB, 0x7E, 0xD9, 0xA2, 0xFE, 0xB5, 0x41, 0xBD, 0x05, 0xCA, 0xC7, 0xCF, 0x15, 0xEA, 0x97,
    0x6B, 0x94, 0xD9, 0x44, 0x17, 0x2B, 0x41, 0xBE, 0xB6, 0xEF, 0xDF, 0xFF, 0xE9, 0xFF, 0x7D, 0x8E,
    0x8F, 0xFD, 0xF5, 0x93, 0xDC, 0x7F, 0xEA, 0xF6, 0x77, 0x5C, 0x7E, 0x03, 0x2E, 0xFD, 0x35, 0x28,
    0x33, 0x13, 0x30, 0x0C, 0x38, 0xD4, 0xBD, 0xC7, 0x39, 0xBB, 0xC9, 0xC6, 0x66, 0xFA, 0x77, 0xAC,
    0xF6, 0xE5, 0x0C, 0xF4, 0x4F, 0x10, 0xE8, 0x54, 0xA4, 0x73, 0x91, 0xD6, 0x69, 0x76, 0x85, 0xFB,
    0xDD, 0x48, 0x59, 0x24, 0x5D, 0x04, 0x12, 0x36, 0x50, 0x5A, 0xC1, 0x26, 0x35, 0xD2, 0x17, 0x43,
    0x00, 0xB3, 0xE5, 0xA5, 0x5B, 0x1F, 0x3D, 0x77, 0x8E, 0xD1, 0x12, 0x8C, 0xD6, 0xE1, 0x1B, 0x16,
    0xAE, 0xD7, 0x30, 0x1A, 0x04, 0xB4, 0x03, 0x34, 0x4C, 0x94, 0x55, 0x3E, 0xAD, 0x8F, 0x10, 0x7F,
    0xF7, 0x40, 0x07, 0x50, 0x80, 0x04, 0x04, 0x90, 0x00, 0x0C, 0xDD, 0x56, 0xD5, 0x6C, 0xE5, 0x4F,
    0x51, 0x64, 0x28, 0xEF, 0xEF, 0xD5, 0x9B, 0x63, 0x43, 0xE7, 0x1D, 0x24, 0x01, 0x6C, 0x00, 0x6B,
    0xC0, 0x39, 0xE0, 0x64, 0xBC, 0x76, 0x15, 0x95, 0xDA, 0x88, 0xD2, 0xD6, 0x22, 0x3D, 0x1F, 0x89,
    0x29, 0x05, 0xCD, 0x88, 0xAA, 0xC5, 0xEA, 0xC3, 0x29, 0x2A, 0x48, 0xBC, 0x33, 0x1A, 0x75, 0x7C,
    0x50, 0x47, 0x06, 0xB1, 0xE2, 0x31, 0xEA, 0xC4, 0xF0, 0xF1, 0x36, 0xA8, 0xF7, 0xD3, 0xB4, 0xEC,
    0x23, 0xD9, 0x57, 0x91, 0x6F, 0x5C, 0x8B, 0x6C, 0x33, 0xD3, 0xD8, 0xB5, 0xE6, 0xAF, 0xA9, 0x95,
    0x22, 0x3C, 0x8D, 0x53, 0x4B, 0x07, 0x91, 0x31, 0x72, 0xAF, 0xB5, 0x32, 0x81, 0xAB, 0x36, 0xD0,
    0x24, 0x55, 0xDC, 0xB3, 0x7B, 0xBE, 0x44, 0x99, 0x36, 0x81, 0x5A, 0x0D, 0x35, 0xD5, 0xCE, 0x6E,
    0xAC, 0x4A, 0x1B, 0x28, 0x2D, 0x03, 0xE1, 0xA2, 0x0B, 0x74, 0x41, 0xF1, 0xD2, 0x01, 0x44, 0x4A,
    0x2A, 0x08, 0x0B, 0x40, 0xD0, 0xB2, 0x00, 0xB9, 0x03, 0x40, 0xE2, 0x2D, 0xAA, 0x30, 0xB4, 0x81,
    0x3C, 0xDD, 0x65, 0xA0, 0xBE, 0x68, 0xC6, 0x5A, 0xDA, 0x49, 0x26, 0x6C, 0x1D, 0x10, 0xDE, 0xCB,
    0x71, 0x78, 0x1F, 0xEC, 0xED, 0xA9, 0x7C, 0xBC, 0x68, 0xCB, 0x3F, 0x41, 0x5F, 0xD9, 0x21, 0xF1,
    0x3B, 0x17, 0xE1, 0x74, 0xC9, 0xCB, 0xA8, 0x6D, 0xBA, 0xD0, 0x57, 0x57, 0x47, 0xDD, 0x0D, 0xD7,
    0xEF, 0xBB, 0x51, 0x1E, 0xCA, 0xA8, 0xDF, 0xEF, 0xE7, 0xA3, 0x56, 0x56, 0x49, 0xFF, 0x37, 0xF0,
    0x6F, 0x0F, 0xBD, 0xBE, 0x3C, 0x1E, 0x3C, 0x62, 0xEA, 0x2B, 0x9E, 0x03, 0x05, 0x12, 0x3A, 0x70,
    0x8A, 0xC7, 0xAC, 0x2F, 0xA5, 0x51, 0x0F, 0x58, 0xAD, 0xD0, 0x59, 0x8C, 0xDA, 0xCA, 0xAC, 0xB7,
    0x84, 0x59, 0x6D, 0xA5, 0x86, 0x16, 0x3C, 0x16, 0x2B, 0x10, 0xC7, 0x8E, 0x34, 0x80, 0x88, 0x75,
    0xE0, 0xE2, 0xBD, 0xFE, 0xDF, 0xDE, 0xE8, 0x2F, 0xAC, 0x87, 0x39, 0xD8, 0xE7, 0x83, 0x65, 0x73,
    0x9A, 0x5A, 0x63, 0x49, 0x2D, 0x89, 0x05, 0x0B, 0xA6, 0x37, 0xE9, 0x39, 0xBD, 0x37, 0xF0, 0x92,
    0xB4, 0x9A, 0x85, 0x7A, 0x01, 0x06, 0x4B, 0xD0, 0x5D, 0x03, 0x5D, 0x82, 0xB2, 0x01, 0xC5, 0x07,
    0x60, 0x61, 0x6B, 0x02, 0x81, 0x6F, 0xF8, 0xE9, 0xF6, 0xA6, 0x36, 0x17, 0x65, 0x11, 0xB7, 0x37,
    0xD3, 0x6F, 0x17, 0xC9, 0xF7, 0xE1, 0xEF, 0xE1, 0x1A, 0xE4, 0x07, 0xCA, 0x20, 0x4A, 0x3F, 0xAC,
    0xB8, 0x30, 0x74, 0x4F, 0x25, 0x4E, 0xF9, 0xEA, 0xA0, 0xB8, 0xFB, 0x72, 0x38, 0xAA, 0xF7, 0x73,
    0x38, 0x0A, 0xE8, 0x01, 0x9A, 0x26, 0x87, 0xA3, 0x6C, 0x72, 0x38, 0xC6, 0x48, 0xBA, 0x64, 0xF4,
    0xD8, 0xB2, 0xCD, 0xDC, 0x6E, 0xE6, 0x75, 0x83, 0x93, 0x4D, 0x58, 0x0B, 0x55, 0xC4, 0x85, 0x41,
    0x01, 0x3F, 0x01, 0x06, 0x40, 0x17, 0x78, 0x8B, 0x18, 0xDD, 0x42, 0xA4, 0x15, 0x9A, 0x9A, 0x10,
    0xE0, 0x6A, 0x82, 0x7D, 0xE2, 0x00, 0x12, 0x86, 0x7E, 0xE2, 0xAB, 0xD1, 0xA0, 0xDF, 0x61, 0x7D,
    0x70, 0x26, 0x63, 0x75, 0x70, 0x2A, 0x83, 0x01, 0x4F, 0x40, 0x9B, 0x81, 0xA4, 0xF7, 0xDE, 0xD1,
    0xE8, 0xC8, 0x06, 0xC0, 0xB9, 0x86, 0x1A, 0x3D, 0x83, 0xA0, 0xEF, 0x7B, 0xB3, 0xE1, 0xD6, 0xC7,
    0xAC, 0xBB, 0x8B, 0x7D, 0x70, 0x3C, 0x86, 0xA6, 0xFB, 0x59, 0x80, 0x2A, 0x00, 0x11, 0x29, 0xDD,
    0x27, 0x18, 0xEE, 0x25, 0xA2, 0xC8, 0x87, 0x27, 0xA2, 0xD8, 0xD3, 0x36, 0xF5, 0xEF, 0x59, 0xFE,
    0xE1, 0xC3, 0x13, 0x51, 0x80, 0x01, 0x8D, 0x7F, 0x6D, 0x30, 0x03, 0xB0, 0xF5, 0x3D, 0x5F, 0x68,
    0x72, 0x0E, 0x42, 0x7D, 0x7E, 0x1B, 0xB1, 0x9B, 0x03, 0x0D, 0x18, 0x80, 0xF0, 0xCD, 0xB5, 0xD2,
    0x83, 0x7E, 0xD6, 0x3C, 0x90, 0x1C, 0xF3, 0x46, 0xC0, 0x95, 0x0B, 0x7B, 0x90, 0xB7, 0x5F, 0x9A,
    0x26, 0xC7, 0x7C, 0x2C, 0xEE, 0xA5, 0x5E, 0xB8, 0x87, 0x46, 0xA7, 0x07, 0xC2, 0x87, 0xC7, 0x03,
    0x4E, 0xF4, 0x51, 0xFF, 0xA5, 0x09, 0x1F, 0x2E, 0xF4, 0xE1, 0xC4, 0xBD, 0xF0, 0xE1, 0xC3, 0x33,
    0x3F, 0x5E, 0x46, 0xFC, 0x85, 0x37, 0xE2, 0x07, 0x2A, 0xDA, 0xCC, 0xF2, 0x83, 0x90, 0x56, 0x54,
    0x21, 0xD7, 0x6D, 0x67, 0x0B, 0xD0, 0x07, 0x71, 0x2C, 0x60, 0xE8, 0xD0, 0x65, 0x90, 0x5D, 0xE4,
    0x68, 0x13, 0xC0, 0x83, 0x88, 0xC7, 0xB7, 0x5C, 0xAF, 0x00, 0x20, 0xF5, 0x05, 0xD9, 0x79, 0x47,
    0x4E, 0x9F, 0x31, 0xF9, 0xF3, 0x35, 0x2D, 0xE7, 0x68, 0xFF, 0x61, 0x40, 0xC7, 0xFB, 0xDD, 0xC4,
    0x01, 0x11, 0x35, 0x30, 0x06, 0xBA, 0xCC, 0x90, 0x7D, 0x79, 0xBC, 0x9F, 0x2D, 0x96, 0x18, 0xE8,
    0x4C, 0x60, 0xD4, 0x66, 0xAD, 0xD2, 0xFC, 0xB8, 0xD4, 0xFC, 0xFA, 0xDD, 0xB7, 0xCC, 0xE9, 0xBB,
    0x6F, 0x92, 0x96, 0x90, 0x54, 0x80, 0x4B, 0xE0, 0xDA, 0x47, 0xA1, 0xD9, 0xD5, 0x3E, 0x92, 0x5C,
    0x11, 0xE5, 0x5E, 0x07, 0x72, 0xE0, 0x0C, 0x70, 0x8A, 0xA7, 0xD2, 0x43, 0xD8, 0x26, 0xCB, 0xB7,
    0xC1, 0x63, 0xD3, 0xAB, 0x61, 0xF5, 0x79, 0x80, 0x6A, 0x19, 0xE0, 0xDD, 0xBA, 0x89, 0x5B, 0xFE,
    0x2C, 0xD3, 0x31, 0x9F, 0x9D, 0x01, 0x72, 0x0D, 0xB4, 0xAF, 0x01, 0xC9, 0xEA, 0xD1, 0x92, 0x41,
    0x1E, 0xBD, 0x9E, 0xAD, 0x43, 0x7D, 0xC8, 0xF4, 0x89, 0x8F, 0x7F, 0x69, 0x38, 0x2F, 0xA9, 0x64,
    0x40, 0x58, 0x3B, 0x4E, 0x5D, 0x83, 0x11, 0x65, 0x52, 0x86, 0x23, 0x2E, 0x83, 0xE1, 0x04, 0x80,
    0xE9, 0x9A, 0x76, 0x0B, 0xF5, 0xC6, 0x77, 0x50, 0x17, 0x40, 0xFD, 0x8B, 0x80, 0xDF, 0x0F, 0xF8,
    0x5B, 0x87, 0x32, 0x83, 0x80, 0xC5, 0x00, 0x8D, 0x2E, 0x34, 0x5B, 0x4E, 0x03, 0x0D, 0xCA, 0xC5,
    0xE9, 0x0E, 0xD4, 0xB0, 0xE4, 0x08, 0xB9, 0x97, 0x93, 0xE6, 0x21, 0x58, 0x6A, 0x8C, 0xAA, 0x03,
    0x9A, 0x9D, 0xFE, 0x5D, 0x12, 0x5B, 0x1F, 0x88, 0x2E, 0x3A, 0xD2, 0x08, 0xE3, 0x10, 0x01, 0x12,
    0xC7, 0x75, 0x6A, 0xA6, 0x89, 0x23, 0x12, 0x98, 0x07, 0xE6, 0x80, 0xB3, 0xC0, 0xB3, 0x3C, 0xD5,
    0x22, 0xF0, 0x60, 0x5F, 0x21, 0x4A, 0x6C, 0x38, 0x52, 0x37, 0x7D, 0x75, 0xE8, 0x45, 0xA0, 0x66,
    0xB8, 0xDF, 0x4F, 0xF3, 0x24, 0xF6, 0x39, 0x92, 0x2A, 0xF6, 0x53, 0x45, 0xD4, 0x89, 0xA0, 0xD4,
    0xC1, 0x75, 0xDD, 0x53, 0x2D, 0x02, 0xBD, 0x01, 0x04, 0x80, 0xA2, 0xB9, 0x73, 0x16, 0x00, 0x66,
    0x78, 0xE2, 0x34, 0x18, 0x68, 0x26, 0x92, 0x30, 0x20, 0x81, 0xE4, 0x88, 0x36, 0xFD, 0x32, 0xF0,
    0x5A, 0x33, 0x9C, 0x17, 0x81, 0x93, 0x3C, 0xB1, 0x4D, 0x17, 0xB6, 0xF1, 0x8D, 0x4C, 0x91, 0x40,
    0xAF, 0x42, 0x4F, 0x94, 0x23, 0xB3, 0x62, 0xB4, 0x9F, 0x9F, 0x9B, 0xF3, 0x59, 0x2B, 0x5A, 0xDC,
    0x6E, 0xF2, 0x73, 0x63, 0xE8, 0x41, 0xC8, 0x2B, 0x17, 0x9A, 0xFC, 0x5C, 0xF1, 0x7F, 0x02, 0x25,
    0x7F, 0xF7, 0x7E, 0x7E, 0x2E, 0x63, 0x69, 0x7B, 0xD5, 0x5A, 0x67, 0x7B, 0xBF, 0xB7, 0x96, 0x01,
    0x96, 0xF6, 0x5D, 0xE5, 0xEA, 0x11, 0xD3, 0x8F, 0x04, 0x80, 0x04, 0x98, 0xBF, 0xB7, 0x13, 0xF4,
    0x38, 0xA3, 0xB4, 0x7A, 0x12, 0x5C, 0x0E, 0xDF, 0xA8, 0xA7, 0xD6, 0x48, 0x7E, 0x20, 0x09, 0xFF,
    0x17, 0x0E, 0x9F, 0x84, 0x3F, 0x73, 0x8C, 0x5C, 0x93, 0x7D, 0x9D, 0x64, 0x95, 0x26, 0x73, 0x43,
    0x73, 0x46, 0x19, 0xA4, 0x49, 0x5E, 0x35, 0xED, 0x57, 0xCD, 0x48, 0x1A, 0xA7, 0x8C, 0xD3, 0x66,
    0xFC, 0xB1, 0xA2, 0x77, 0xDB, 0x01, 0x9C, 0x3C, 0x09, 0xA3, 0x11, 0xAC, 0xAD, 0x01, 0x1C, 0x4D,
    0xFC, 0x0C, 0x8B, 0x8B, 0xCC, 0xCD, 0x01, 0x87, 0x16, 0x2F, 0xBD, 0x77, 0xF0, 0x43, 0x36, 0x48,
    0xBF, 0xCA, 0x39, 0xC4, 0x22, 0xCF, 0x33, 0xBB, 0x08, 0x9C, 0x88, 0x74, 0x26, 0x7B, 0x05, 0xCE,
    0x65, 0x6F, 0x16, 0xAC, 0xC7, 0x6A, 0x90, 0x8B, 0x28, 0x16, 0x41, 0xB2, 0xC8, 0xF1, 0xF9, 0x40,
    0x0B, 0x2D, 0xDA, 0xE4, 0xFE, 0x86, 0xF7, 0xDB, 0xC9, 0xEA, 0xB1, 0x20, 0x72, 0xCB, 0xE5, 0xBA,
    0xEA, 0x9F, 0x51, 0x36, 0x8F, 0x0F, 0x79, 0xF2, 0xEA, 0xDD, 0x6B, 0xED, 0x57, 0xEF, 0xFE, 0xEE,
    0x48, 0x16, 0x38, 0x65, 0x71, 0xDA, 0xCE, 0x8C, 0x5B, 0xF5, 0xD9, 0x5E, 0x35, 0x74, 0x00, 0x89,
    0x59, 0x45, 0x58, 0x47, 0xFA, 0x5E, 0x09, 0x3F, 0xD7, 0xFC, 0x6A, 0xC9, 0xB6, 0x1E, 0x9E, 0xD4,
    0x7F, 0x77, 0xFD, 0x43, 0x92, 0xFA, 0x55, 0x68, 0xE7, 0x39, 0x7E, 0x8C, 0xB3, 0xAA, 0xE9, 0x7C,
    0x56, 0xD1, 0xBB, 0xE4, 0xCA, 0xF4, 0x85, 0x1D, 0x09, 0xFB, 0xEE, 0xD7, 0xEC, 0xBB, 0x6F, 0x16,
    0xFB, 0x8B, 0xFE, 0xB6, 0x2C, 0xD4, 0x2E, 0x40, 0x93, 0xF9, 0x49, 0xFB, 0x93, 0x8E, 0x93, 0x6C,
    0x02, 0x5D, 0x20, 0xDB, 0x87, 0xF7, 0x9E, 0x1A, 0x1D, 0x90, 0x31, 0xA6, 0xC3, 0x80, 0x2E, 0x79,
    0xE0, 0x2C, 0x71, 0x08, 0x5F, 0xD0, 0x78, 0xCD, 0xCE, 0x36, 0x6B, 0x19, 0xA8, 0x66, 0x77, 0x30,
    0x44, 0x3B, 0xDF, 0xFE, 0xA4, 0x75, 0x41, 0xB2, 0x34, 0xB9, 0x46, 0x4F, 0x00, 0x92, 0xF3, 0x06,
    0x71, 0xCB, 0x92, 0x7E, 0xAE, 0xF8, 0xA9, 0x88, 0x0D, 0x63, 0xDD, 0x6A, 0xB1, 0xB0, 0x70, 0x78,
    0x15, 0x9A, 0x67, 0x0D, 0x6A, 0x07, 0x4D, 0x24, 0x0C, 0xF8, 0x99, 0xBA, 0xDF, 0xA0, 0x25, 0x51,
    0x4F, 0x1A, 0x4D, 0x8F, 0x9A, 0x8B, 0x79, 0xDE, 0x84, 0x3E, 0x0C, 0x5D, 0xF8, 0x14, 0x3F, 0xB3,
    0x38, 0x76, 0x0C, 0xAD, 0x99, 0x9D, 0x07, 0x38, 0x64, 0x4E, 0xA7, 0xF6, 0x13, 0xED, 0xDD, 0x89,
    0xA4, 0x44, 0x18, 0xE6, 0x60, 0x09, 0xDE, 0x86, 0xB7, 0x2A, 0x98, 0x3C, 0xB0, 0x59, 0x56, 0x02,
    0x40, 0xE6, 0xAB, 0xC5, 0xAF, 0xD9, 0x53, 0xC2, 0x30, 0x0F, 0xCB, 0xB0, 0x41, 0xF2, 0x0E, 0x5C,
    0xB2, 0xA4, 0x15, 0xB8, 0xFD, 0xB2, 0x9C, 0x54, 0x5D, 0x69, 0xD5, 0x0E, 0x00, 0x74, 0x76, 0x7E,
    0x3A, 0x3F, 0x6D, 0xF2, 0x8E, 0xA7, 0x4A, 0x45, 0x8D, 0xA3, 0xD4, 0x6A, 0xC5, 0x31, 0x3A, 0xBA,
    0x1E, 0xAB, 0xAB, 0xE0, 0x1C, 0xAC, 0xAF, 0x3F, 0x9D, 0x2E, 0xC6, 0x90, 0x7C, 0xB7, 0x82, 0xB2,
    0x7C, 0x64, 0x2C, 0x7A, 0xD2, 0xFC, 0x12, 0x23, 0xBC, 0x3F, 0x32, 0x16, 0xDD, 0x8C, 0xFA, 0xEC,
    0x43, 0xE2, 0xD2, 0x0E, 0xE7, 0x78, 0x30, 0x2E, 0xFD, 0x48, 0xB1, 0xEF, 0xBC, 0xF2, 0x49, 0x1B,
    0xD3, 0xEC, 0x6B, 0xC4, 0x93, 0x84, 0xC0, 0xDF, 0x7E, 0xC5, 0xED, 0x7E, 0xED, 0x61, 0xA2, 0xE2,
    0xDD, 0xFE, 0xC8, 0x41, 0x59, 0x1E, 0x5D, 0xEC, 0xC1, 0xBB, 0x3D, 0xBC, 0x0A, 0xFB, 0x53, 0xEA,
    0x29, 0x92, 0xE0, 0xC3, 0x73, 0x93, 0x65, 0x8D, 0xBF, 0x39, 0x74, 0xA2, 0xE2, 0xBD, 0xE7, 0xF4,
    0xE8, 0xBF, 0x26, 0x21, 0xCA, 0x60, 0x3F, 0x9F, 0x6B, 0x49, 0xB3, 0xA6, 0xCC, 0xBA, 0xB0, 0xA5,
    0xB8, 0xF1, 0x40, 0x3E, 0x57, 0x28, 0xF1, 0xD2, 0xC8, 0x92, 0x15, 0xC3, 0x07, 0x9E, 0xD3, 0xA3,
    0xEB, 0x62, 0x4C, 0x7A, 0xBB, 0x4C, 0x6E, 0xD8, 0xA7, 0x54, 0xA7, 0xDD, 0x85, 0xBC, 0x0F, 0xAE,
    0x02, 0x63, 0x8E, 0xAE, 0x4E, 0x3E, 0x60, 0xE4, 0x08, 0x56, 0x35, 0x79, 0x2A, 0x75, 0x9E, 0x7D,
    0x16, 0xF2, 0x1C, 0xCE, 0x2C, 0x03, 0x70, 0x94, 0xDF, 0xBA, 0x60, 0x4C, 0x30, 0xE8, 0x25, 0x4D,
    0xDF, 0xF0, 0xA4, 0xD9, 0xC1, 0x7B, 0x91, 0xA5, 0x96, 0xB0, 0x73, 0xC2, 0x1E, 0x7F, 0x7C, 0xC0,
    0xEA, 0x32, 0xCC, 0x11, 0xCB, 0x47, 0x60, 0xE6, 0x81, 0x80, 0xCF, 0xC3, 0x22, 0x57, 0xF4, 0x61,
    0x19, 0xCE, 0xC0, 0x29, 0x00, 0x92, 0x04, 0x90, 0xDF, 0xB4, 0xD0, 0xA4, 0xAD, 0xF2, 0xD3, 0xFC,
    0x99, 0xCA, 0xD4, 0x23, 0x2E, 0x2E, 0x42, 0x33, 0x6F, 0xE0, 0x48, 0x39, 0xC4, 0x4F, 0x10, 0x77,
    0xDB, 0x81, 0x39, 0x38, 0x41, 0xF2, 0x7B, 0x24, 0x13, 0xE0, 0x10, 0x61, 0xB8, 0x6D, 0x58, 0x88,
    0x25, 0x1D, 0x93, 0x3A, 0x80, 0x23, 0x6C, 0xDC, 0x55, 0xC0, 0x45, 0x60, 0x1D, 0x66, 0x2B, 0xD0,
    0xF6, 0xF0, 0xE9, 0xE8, 0x82, 0x58, 0x2E, 0xC1, 0xB5, 0x47, 0xA8, 0x70, 0x6C, 0xF8, 0x0A, 0xB3,
    0x5B, 0x77, 0x1F, 0xA7, 0xC2, 0x41, 0x71, 0x1F, 0xF5, 0xBF, 0x73, 0xEC, 0xF5, 0x97, 0x3F, 0x20,
    0xEE, 0xFF, 0x03, 0xAD, 0xD5, 0x01, 0x84, 0x24, 0xE9, 0x15, 0x00, 0xE0, 0xAF, 0xEA, 0xEF, 0x99,
    0xBA, 0x9B, 0xBA, 0xDE, 0x1A, 0x0C, 0x36, 0xEC, 0x4D, 0x1F, 0x16, 0x9B, 0xDC, 0xCC, 0xF4, 0x60,
    0x43, 0x9C, 0xDE, 0x9D, 0x3F, 0x80, 0x00, 0x93, 0x88, 0xC0, 0xC1, 0x21, 0x80, 0x84, 0xC6, 0x92,
    0x21, 0xC3, 0x56, 0x04, 0x09, 0x09, 0x36, 0x17, 0x02, 0x42, 0x46, 0x00, 0x77, 0xC1, 0x60, 0xB0,
    0x1C, 0xB7, 0x75, 0x0E, 0x00, 0xA9, 0xDC, 0x09, 0x10, 0x74, 0x22, 0x20, 0xC1, 0x15, 0xE9, 0xD0,
    0x39, 0xB3, 0xDB, 0xA9, 0xBB, 0x76, 0x23, 0xD6, 0x24, 0xE9, 0xDA, 0x6E, 0x5D, 0x8F, 0xAE, 0xA2,
    0xEA, 0x7D, 0x5E, 0xBD, 0xF7, 0x4A, 0x16, 0x29, 0x4A, 0x06, 0x15, 0x5F, 0xA9, 0xF9, 0x6A, 0xC3,
    0xB8, 0x61, 0xF2, 0x98, 0x6A, 0x24, 0xAD, 0xEE, 0x09, 0xF3, 0x67, 0x32, 0x85, 0x2D, 0x45, 0xEC,
    0xCB, 0xAA, 0xFD, 0x36, 0xE6, 0xD5, 0xD1, 0x0C, 0x6C, 0xA2, 0x88, 0x64, 0x24, 0xC7, 0x86, 0xEF,
    0x1B, 0x15, 0xEE, 0xE4, 0x51, 0x16, 0x93, 0x37, 0xE3, 0xC1, 0x9B, 0xF1, 0x22, 0x8B, 0x4D, 0x1E,
    0x9B, 0x22, 0x3E, 0x7E, 0xBD, 0x3C, 0xFA, 0xB8, 0x81, 0x47, 0xD2, 0x89, 0xA4, 0x66, 0x33, 0xF2,
    0xC6, 0x04, 0x13, 0xB2, 0x8A, 0x0C, 0x58, 0xD1, 0x94, 0x4D, 0x6D, 0xEC, 0x71, 0x4A, 0x4D, 0xB9,
    0xB4, 0x4A, 0x12, 0xC9, 0xA2, 0xE2, 0xE7, 0xEC, 0xD7, 0xBC, 0x75, 0xB8, 0x06, 0x4C, 0xE3, 0x17,
    0x55, 0xF8, 0xA7, 0x1B, 0xAF, 0xEA, 0x25, 0xCB, 0x4A, 0x36, 0x90, 0x23, 0xF9, 0x7D, 0xB9, 0x36,
    0xC9, 0x05, 0x7B, 0xB7, 0xF5, 0x9E, 0x0A, 0x3F, 0x89, 0x89, 0xE8, 0xDB, 0xF2, 0x4F, 0xCA, 0x22,
    0x54, 0x5B, 0x69, 0x2D, 0xA9, 0x7D, 0xA7, 0xCE, 0x7F, 0x55, 0xEF, 0x27, 0xF5, 0x28, 0xAD, 0x47,
    0xA1, 0x3E, 0xD8, 0x9A, 0x14, 0xD3, 0x4B, 0xB0, 0x83, 0xD7, 0x91, 0x51, 0xFC, 0x74, 0x6D, 0x1A,
    0x79, 0x49, 0xED, 0xED, 0xB2, 0x6B, 0x69, 0x7C, 0xF9, 0x26, 0xEF, 0x4E, 0x89, 0x8B, 0xE4, 0xEB,
    0x02, 0x25, 0x89, 0xE2, 0xEF, 0x6E, 0x7E, 0x8F, 0x47, 0xC2, 0xB4, 0xA3, 0xA9, 0x28, 0x19, 0xD6,
    0x3C, 0x38, 0x27, 0x6E, 0x5B, 0xE7, 0x44, 0xA5, 0x8D, 0x30, 0x5B, 0x70, 0xBA, 0x4F, 0x17, 0x24,
    0x13, 0x42, 0xE4, 0xF8, 0x35, 0xDE, 0x68, 0x18, 0x94, 0x2B, 0xD7, 0xCA, 0x4D, 0x1E, 0xE8, 0x3D,
    0xD2, 0xEF, 0xCB, 0x2E, 0x39, 0x5E, 0x5A, 0x06, 0x23, 0xF4, 0xF1, 0xCD, 0xF5, 0x81, 0x36, 0x09,
    0xA5, 0x5E, 0xD9, 0x1D, 0xB4, 0x15, 0x49, 0x2A, 0xD2, 0x72, 0xAD, 0x20, 0x51, 0x7A, 0xCE, 0xA1,
    0x5E, 0xD5, 0xD5, 0xB4, 0xE8, 0xF0, 0xF7, 0xA6, 0xC4, 0xE3, 0x35, 0xBE, 0xB5, 0xAB, 0x0E, 0xFF,
    0xBE, 0x9E, 0xEE, 0xA6, 0xB8, 0xCD, 0x78, 0xCC, 0x51, 0xCD, 0x86, 0xB5, 0x76, 0x78, 0x2F, 0xB9,
    0xE2, 0x74, 0xEE, 0xF0, 0xA3, 0xF9, 0x53, 0x79, 0xB5, 0x2F, 0x54, 0xFD, 0x36, 0x5E, 0x6E, 0xC3,
    0x22, 0xFE, 0x78, 0x2C, 0xFC, 0xED, 0xEC, 0xEA, 0x7C, 0x11, 0x69, 0x1B, 0x41, 0x56, 0xE5, 0xED,
    0x7D, 0x73, 0xE0, 0x26, 0x0E, 0xF0, 0x2A, 0x8E, 0x15, 0xCF, 0x8C, 0xF2, 0x78, 0x12, 0xAA, 0x8B,
    0x50, 0x7D, 0xFA, 0x6E, 0xF5, 0xE9, 0x3B, 0x65, 0xC3, 0x05, 0xA7, 0x1C, 0x64, 0x65, 0xFE, 0x8C,
    0x45, 0xEE, 0x86, 0x9A, 0x2F, 0xE1, 0x87, 0x15, 0x49, 0x45, 0x1E, 0x79, 0x05, 0x3D, 0xAB, 0x9A,
    0xC2, 0xCC, 0xC6, 0x2D, 0x4E, 0x99, 0x50, 0x2E, 0xAD, 0x42, 0xF2, 0xF4, 0xB6, 0x50, 0x34, 0x24,
    0x71, 0x55, 0xC4, 0xE0, 0xA3, 0x78, 0x38, 0x67, 0x67, 0xF9, 0xF4, 0x1B, 0xB8, 0xC1, 0xF0, 0x2E,
    0x3F, 0x28, 0xA9, 0x1E, 0xC1, 0x8A, 0x8C, 0x26, 0x79, 0xFB, 0xF3, 0x4F, 0xE7, 0x2D, 0x92, 0x65,
    0x25, 0x3B, 0x78, 0x15, 0x61, 0x68, 0x6D, 0x92, 0x73, 0xF6, 0xBE, 0xBB, 0xF8, 0x74, 0x4A, 0x44,
    0x3B, 0xC2, 0xBC, 0x2C, 0xD2, 0x7A, 0x57, 0xB3, 0xAF, 0xB9, 0xFF, 0x4E, 0x7B, 0x9C, 0x8D, 0xD8,
    0x67, 0x40, 0xFE, 0xA3, 0x49, 0x3A, 0x2F, 0xC1, 0x36, 0x7E, 0x87, 0x57, 0x18, 0x1E, 0xAE, 0x4D,
    0x23, 0x2F, 0xA9, 0x92, 0x5F, 0x96, 0x5D, 0x4B, 0xE3, 0xE2, 0x35, 0xC9, 0x27, 0x13, 0x49, 0x12,
    0x59, 0x63, 0x79, 0x16, 0x8B, 0x65, 0xE7, 0x54, 0xB2, 0xF8, 0x74, 0x76, 0x32, 0x0D, 0xF1, 0xB0,
    0xE4, 0xCF, 0x35, 0x71, 0x7B, 0xAD, 0x03, 0xFD, 0x1F, 0x9F, 0xCE, 0xCE, 0xC3, 0xBD, 0x19, 0x77,
    0x1B, 0xE3, 0x74, 0x12, 0x22, 0x47, 0x97, 0x79, 0x1D, 0xAA, 0xEB, 0x7E, 0x59, 0x75, 0x74, 0xC9,
    0xB0, 0xDE, 0x9E, 0x24, 0x93, 0x2C, 0x6E, 0xE2, 0x28, 0xE6, 0xCF, 0xFF, 0xCA, 0x87, 0xD3, 0xFF,
    0xF7, 0x84, 0xB4, 0xCC, 0xAA, 0x36, 0x14, 0xE5, 0x26, 0xFF, 0xF5, 0x29, 0x6C, 0x2A, 0x62, 0x06,
    0x92, 0xF9, 0x44, 0x5E, 0x9E, 0x3A, 0x50, 0x18, 0xC9, 0xE3, 0xA9, 0xAC, 0x7A, 0x2C, 0x54, 0xB3,
    0x36, 0xA6, 0x42, 0x3D, 0x13, 0x3E, 0x3F, 0xFF, 0xEC, 0xFA, 0x48, 0x5E, 0x1E, 0x28, 0x14, 0xE5,
    0xA9, 0xF6, 0x3E, 0xE0, 0x65, 0x0C, 0xD0, 0xC7, 0xB1, 0x62, 0x6E, 0x14, 0xAA, 0x93, 0xB4, 0xBE,
    0x48, 0x26, 0x8D, 0x66, 0x71, 0xB4, 0xFF, 0xDB, 0x2B, 0xFB, 0x59, 0xB5, 0xA8, 0x8D, 0x33, 0x1A,
    0xCE, 0x9E, 0x5B, 0x7C, 0xE5, 0xD5, 0xE2, 0x5B, 0xD9, 0x44, 0x98, 0x49, 0xFB, 0xEC, 0x31, 0xE1,
    0xD1, 0xD2, 0x32, 0x89, 0xC5, 0xF6, 0xB9, 0xB3, 0x80, 0x55, 0x67, 0x58, 0x07, 0xE8, 0xDC, 0x59,
    0x9D, 0xFE, 0x4B, 0xDE, 0xD7, 0x4B, 0x96, 0xD5, 0xEC, 0x2C, 0x2C, 0xC2, 0xD0, 0x5A, 0x35, 0x0F,
    0xB8, 0x75, 0x87, 0xF7, 0xA5, 0x1F, 0xC6, 0x2F, 0xB6, 0x50, 0x55, 0x68, 0x76, 0x5D, 0xEC, 0x3B,
    0x19, 0x19, 0x2D, 0x8E, 0xF6, 0x7F, 0x7B, 0x25, 0xFF, 0x7A, 0x73, 0xED, 0x16, 0x5A, 0xAB, 0x48,
    0x56, 0x71, 0xE6, 0xB7, 0x65, 0x3A, 0xEB, 0x56, 0x22, 0x8F, 0x0F, 0xB5, 0x9B, 0x88, 0x24, 0xB2,
    0xE6, 0x32, 0x2D, 0xB6, 0xD1, 0x4B, 0xFB, 0x9C, 0xE9, 0xEC, 0x1A, 0xE0, 0xE8, 0x6A, 0x1B, 0xAD,
    0x75, 0xCA, 0x92, 0x46, 0xB8, 0x94, 0xDF, 0xD0, 0x4B, 0xBA, 0x4F, 0x5C, 0xA8, 0xC9, 0x4A, 0xFA,
    0xE8, 0x39, 0x69, 0x9F, 0x7F, 0xDA, 0xBA, 0xEE, 0x1C, 0x28, 0xC6, 0x9F, 0xE5, 0xED, 0xEC, 0x2A,
    0x18, 0x31, 0x26, 0xEE, 0x3A, 0x1E, 0x14, 0xF3, 0xAD, 0x51, 0xF8, 0xD3, 0x49, 0x3A, 0xF9, 0x5F,
    0x96, 0x06, 0x27, 0xE8, 0x23, 0x59, 0x9D, 0x90, 0x47, 0xA1, 0x62, 0xC2, 0xF6, 0xB2, 0x84, 0xEB,
    0xF7, 0x4E, 0x57, 0xCA, 0x12, 0x7B, 0x67, 0x69, 0x10, 0x92, 0xA7, 0x87, 0xC2, 0xA0, 0x21, 0x89,
    0x2B, 0x43, 0x12, 0x8A, 0x8F, 0xCA, 0xDB, 0x4F, 0xE8, 0x75, 0x21, 0x60, 0x89, 0xD4, 0xCB, 0x77,
    0x2A, 0x58, 0x16, 0x70, 0xD5, 0xA3, 0x4F, 0xA6, 0xC3, 0x59, 0x51, 0x86, 0x2A, 0x8F, 0x69, 0xB9,
    0x4C, 0x64, 0x55, 0x88, 0xE1, 0xAF, 0x03, 0x9E, 0xCC, 0x80, 0xCD, 0x48, 0x5E, 0x92, 0x45, 0xF0,
    0x30, 0xBD, 0x54, 0x18, 0x5D, 0x1B, 0xF9, 0x17, 0xD3, 0xF8, 0x87, 0x4B, 0xE9, 0x7C, 0x58, 0x82,
    0x97, 0x31, 0x44, 0x1F, 0x1B, 0x91, 0x1B, 0x0D, 0xC6, 0xA4, 0x13, 0x42, 0x84, 0x95, 0x8D, 0x0B,
    0x58, 0xE4, 0x5B, 0x15, 0x59, 0x45, 0x1F, 0x2F, 0x79, 0x31, 0xAF, 0x29, 0xC9, 0x95, 0x6D, 0xB7,
    0xB5, 0xFD, 0xA6, 0xB5, 0xFD, 0xAC, 0xCD, 0xFB, 0xEB, 0x36, 0xEA, 0xAE, 0xB6, 0xC5, 0x8E, 0x88,
    0xF4, 0x41, 0x83, 0x69, 0x6B, 0x1A, 0x17, 0xEE, 0xD5, 0x85, 0xFB, 0xCB, 0x99, 0x46, 0xD8, 0x45,
    0x16, 0x11, 0x57, 0x36, 0xA5, 0x13, 0x9C, 0x63, 0x0F, 0xBD, 0x17, 0x34, 0x5D, 0xFF, 0x2E, 0x3B,
    0xD9, 0x3A, 0xBC, 0xCB, 0x17, 0x33, 0xC2, 0xC3, 0x6F, 0xF0, 0xE1, 0x25, 0x8E, 0xD7, 0x62, 0x4B,
    0x2F, 0x0F, 0x85, 0xC1, 0x84, 0x24, 0xBE, 0xB8, 0x89, 0x25, 0x2C, 0xDD, 0xE6, 0x12, 0x1D, 0x3D,
    0xD7, 0xCC, 0xE7, 0x55, 0x9F, 0x01, 0x47, 0xB3, 0xA3, 0xA6, 0xA8, 0xDA, 0xCC, 0x55, 0x26, 0x9D,
    0x6C, 0x31, 0xBD, 0xC5, 0xE9, 0x5D, 0xEE, 0x8D, 0x29, 0x6A, 0xF2, 0x8A, 0xBC, 0x7C, 0x2E, 0x2A,
    0x5A, 0x63, 0xA8, 0x69, 0xF8, 0x1A, 0x3D, 0x78, 0xF2, 0xC1, 0xB3, 0xA1, 0xBB, 0x85, 0x71, 0x1E,
    0xCF, 0x42, 0x55, 0x87, 0x0F, 0xAA, 0xE4, 0x2F, 0xA5, 0x7F, 0x44, 0xEF, 0x71, 0x9F, 0x3D, 0xF6,
    0xB8, 0x4B, 0x23, 0xAB, 0xDD, 0x8F, 0x2B, 0xA4, 0xBE, 0xB6, 0x3C, 0xCB, 0xA5, 0x7F, 0x4B, 0x33,
    0xCB, 0xEA, 0xF1, 0xFD, 0xB8, 0xB8, 0xFD, 0xA0, 0xC1, 0x39, 0xA1, 0x26, 0x20, 0xB1, 0x32, 0x6B,
    0xCE, 0x8F, 0xA3, 0x3C, 0xDA, 0x63, 0xE7, 0x45, 0xEA, 0xA2, 0x67, 0xD1, 0xD2, 0x1F, 0x5F, 0x62,
    0x7B, 0x55, 0x50, 0x98, 0x1D, 0x66, 0x83, 0x5A, 0x12, 0x75, 0xA7, 0xFC, 0x1B, 0x8D, 0x95, 0x3F,
    0x68, 0x23, 0xD9, 0x1D, 0xC7, 0x3F, 0xA3, 0x17, 0x79, 0xD6, 0x1E, 0x49, 0xA3, 0x42, 0x06, 0xEF,
    0xAD, 0xFE, 0xA4, 0xD8, 0x80, 0x6E, 0x23, 0xAF, 0x45, 0x98, 0x42, 0x2C, 0xE3, 0xD5, 0x23, 0xE9,
    0x89, 0x08, 0x59, 0xD2, 0x0A, 0x72, 0x49, 0x20, 0x4D, 0x66, 0x61, 0x20, 0xE2, 0x62, 0xC7, 0x2F,
    0x5C, 0x99, 0x14, 0xEA, 0x2B, 0xA5, 0xBD, 0xCA, 0x21, 0x0A, 0x08, 0xCE, 0xC1, 0xCF, 0x77, 0xC5,
    0x15, 0x81, 0xF0, 0xB2, 0x4D, 0xAA, 0xC0, 0x1C, 0xD7, 0xE5, 0x8A, 0x4C, 0x0E, 0x15, 0x5A, 0xB0,
    0x3D, 0x99, 0xB7, 0x1E, 0xC4, 0xDA, 0xAC, 0x95, 0xFB, 0xFE, 0xFE, 0xBC, 0xF7, 0xFB, 0xFF, 0x83,
    0x87, 0x34, 0x8C, 0xEE, 0x00, 0xFA, 0xDA, 0xC7, 0xE7, 0x99, 0x2E, 0x73, 0x1F, 0x81, 0xE0, 0x89,
    0xFE, 0xB9, 0xFA, 0x11, 0xA3, 0x7B, 0x09, 0x2A, 0x3C, 0x53, 0xEF, 0x4F, 0x1F, 0x8C, 0xB8, 0x97,
    0x76, 0x47, 0x27, 0x29, 0x14, 0xFA, 0xC5, 0x68, 0x98, 0x5D, 0x02, 0xC3, 0xEC, 0x9A, 0x02, 0xF9,
    0x3D, 0x47, 0x0A, 0xBC, 0xD3, 0x33, 0xD6, 0x2F, 0xBF, 0x21, 0x3D, 0xF9, 0x78, 0x9A, 0x33, 0xB6,
    0x3C, 0x01, 0xCA, 0xC1, 0x78, 0x79, 0x79, 0xB4, 0xCF, 0x90, 0x0E, 0x5B, 0x54, 0x18, 0x03, 0x0F,
    0xB1, 0x96, 0x4B, 0x95, 0x18, 0x98, 0x5C, 0x2E, 0x67, 0xC1, 0x0E, 0xE5, 0xAD, 0xA0, 0x3B, 0x8E,
    0x96, 0xF3, 0xCB, 0xB3, 0xA3, 0x70, 0xBF, 0xCD, 0xF0, 0x80, 0x8E, 0xCF, 0x96, 0x4B, 0xA5, 0xCA,
    0x38, 0xC0, 0x56, 0x6D, 0x63, 0x9D, 0x79, 0x61, 0x5E, 0xB9, 0x4D, 0x6C, 0x9D, 0x4C, 0x06, 0x97,
    0x7F, 0x5D, 0xCE, 0x67, 0x51, 0x10, 0xEC, 0xEC, 0x00, 0x09, 0x96, 0x8D, 0xE5, 0xBA, 0xE6, 0x24,
    0x53, 0x75, 0x83, 0x93, 0xE0, 0xA4, 0x38, 0x45, 0x88, 0x82, 0xF5, 0x5B, 0xCC, 0x5B, 0x55, 0x17,
    0xB6, 0x0A, 0x43, 0x91, 0xAF, 0x2C, 0x5B, 0x33, 0xB5, 0xE6, 0xFB, 0xFF, 0x96, 0xCF, 0xBE, 0x52,
    0x45, 0x87, 0x04, 0x24, 0x65, 0x4E, 0x74, 0x66, 0xB2, 0x24, 0x33, 0xE7, 0xFA, 0x3D, 0x24, 0x2B,
    0x32, 0x95, 0x2D, 0x33, 0xB5, 0x42, 0x11, 0x9F, 0x4D, 0x62, 0x57, 0x9E, 0x79, 0x7A, 0xE2, 0xAA,
    0x6E, 0x49, 0x75, 0x8F, 0x5D, 0x7D, 0x14, 0x0A, 0x1D, 0x02, 0x3C, 0x3E, 0x5B, 0xF0, 0x44, 0xFD,
    0x4C, 0x6E, 0x78, 0xB1, 0x3C, 0xBE, 0x3B, 0x65, 0xD3, 0x93, 0xCA, 0x13, 0x73, 0x43, 0x65, 0xEE,
    0xA3, 0x5D, 0x79, 0x33, 0xE3, 0xC3, 0xE9, 0xA6, 0x9C, 0x9B, 0x39, 0xBF, 0xDC, 0xD0, 0xA7, 0x80,
    0xB7, 0xC4, 0x00, 0xAD, 0x9E, 0xA3, 0x81, 0xB0, 0x2D, 0x94, 0x3D, 0x6A, 0x2E, 0xF6, 0xF0, 0x6B,
    0x60, 0xAD, 0x26, 0xD8, 0xD8, 0xE0, 0x5C, 0x9E, 0xC8, 0x56, 0xEF, 0xE5, 0x2B, 0xFD, 0x85, 0xF1,
    0xE6, 0x5F, 0x5E, 0xBC, 0xD2, 0x09, 0xCE, 0x67, 0xFA, 0x4B, 0x9D, 0x22, 0x3E, 0xB2, 0x07, 0xAE,
    0xB0, 0x07, 0x35, 0x61, 0x63, 0x34, 0x4B, 0x9F, 0x5E, 0xFC, 0xC3, 0x30, 0xE0, 0x13, 0xF9, 0x89,
    0xE2, 0x0E, 0x8A, 0xC1, 0xEB, 0xD1, 0xEB, 0xE1, 0xEB, 0xF1, 0xEB, 0x05, 0xD6, 0x2B, 0xAC, 0x97,
    0x18, 0xAA, 0x62, 0x8D, 0xB4, 0x58, 0x24, 0xBF, 0xDD, 0xAC, 0xF2, 0xB5, 0x29, 0x96, 0xF9, 0x5A,
    0x9F, 0xE2, 0x8A, 0xC2, 0x63, 0x17, 0xB2, 0x39, 0xC5, 0x4A, 0x49, 0x52, 0x2C, 0xF5, 0x1B, 0x45,
    0x01, 0xF6, 0xC3, 0x20, 0x1A, 0xE7, 0x3A, 0x0C, 0x83, 0x20, 0x8A, 0xC6, 0x33, 0xEB, 0xC9, 0x31,
    0x08, 0x82, 0x38, 0xB2, 0xF6, 0x14, 0x98, 0x84, 0xBD, 0xCA, 0x36, 0x93, 0x49, 0x18, 0xF6, 0x7A,
    0x95, 0xCA, 0x76, 0x95, 0xFC, 0x1E, 0xE7, 0x39, 0x3D, 0x6B, 0x36, 0xB7, 0xAB, 0x15, 0x60, 0x0B,
    0x9F, 0xB6, 0x1A, 0xE8, 0x68, 0x36, 0xEB, 0x3B, 0xB8, 0xB4, 0x08, 0x59, 0xE4, 0x52, 0x43, 0x00,
    0x23, 0x02, 0xF6, 0xF1, 0xF1, 0x94, 0x4F, 0x8F, 0x3E, 0x80, 0x2B, 0x09, 0x3C, 0x15, 0xB5, 0x4A,
    0x8E, 0x71, 0xA5, 0x2B, 0x1D, 0xD3, 0x82, 0x38, 0x66, 0xDC, 0x36, 0x8F, 0x17, 0x9E, 0x5A, 0xC4,
    0x6D, 0x13, 0x5B, 0xDB, 0xFA, 0x6D, 0xDC, 0xE6, 0xD9, 0xFC, 0xBA, 0x2B, 0xEB, 0x8B, 0x43, 0x4B,
    0xF3, 0x30, 0x0E, 0xE3, 0x5E, 0xDC, 0x8B, 0x7A, 0xFD, 0x5E, 0xBF, 0xD9, 0xDF, 0x83, 0x0F, 0xF6,
    0x56, 0xB9, 0x1F, 0x00, 0xEF, 0x9A, 0xE7, 0xC2, 0x84, 0xA4, 0x7B, 0xF3, 0x94, 0xD3, 0x94, 0x3F,
    0xA5, 0xFC, 0x59, 0xF3, 0x5B, 0x88, 0xB0, 0x3C, 0x06, 0xB0, 0x7A, 0x05, 0xCB, 0xF5, 0xBF, 0xC4,
    0x0A, 0x90, 0xE0, 0xF4, 0xA1, 0xD2, 0x96, 0xCE, 0xBC, 0x94, 0x65, 0x0A, 0x47, 0x02, 0xE0, 0x9C,
    0x5F, 0x4B, 0x7F, 0x54, 0x4E, 0x03, 0x68, 0xDA, 0x1C, 0x4A, 0x0A, 0x01, 0x3B, 0x50, 0x81, 0x2E,
    0xF4, 0x61, 0x06, 0x09, 0xA5, 0x14, 0x31, 0x60, 0xA7, 0x49, 0xA5, 0x46, 0xD7, 0xA5, 0x2F, 0xD4,
    0xCC, 0xD1, 0x10, 0xC1, 0x8D, 0x7A, 0xFA, 0x3D, 0x03, 0x5E, 0x26, 0xA1, 0x74, 0x05, 0x1C, 0xFC,
    0xDA, 0x40, 0xA3, 0x2F, 0x6F, 0xA2, 0x8E, 0xA1, 0x49, 0xFD, 0xC2, 0x69, 0xD6, 0x17, 0x7F, 0xFB,
    0xFD, 0x1F, 0xE6, 0x8F, 0x5E, 0x3B, 0xE7, 0xD3, 0x37, 0xCA, 0x9A, 0xCB, 0x37, 0x01, 0x9B, 0x02,
    0x64, 0x89, 0xA5, 0x17, 0x12, 0x47, 0x21, 0x24, 0x1E, 0x54, 0xA1, 0x07, 0x01, 0x9C, 0x82, 0xA1,
    0xA4, 0xDF, 0xE1, 0xB6, 0xBF, 0xE6, 0xF4, 0x16, 0x65, 0xF2, 0xB6, 0xBD, 0xE2, 0x63, 0x39, 0x34,
    0xC2, 0x94, 0x6E, 0xD1, 0xF0, 0x8E, 0xED, 0x9A, 0x27, 0x53, 0x00, 0x3A, 0x57, 0x4E, 0x66, 0x0E,
    0xBD, 0x1F, 0x98, 0xF9, 0x44, 0x7C, 0xAE, 0xC2, 0x86, 0xB8, 0x90, 0x21, 0x42, 0x13, 0xE2, 0x2A,
    0x26, 0x74, 0x70, 0x52, 0x16, 0x78, 0x0A, 0x43, 0x15, 0x34, 0x95, 0x42, 0x01, 0x38, 0x8A, 0x87,
    0x88, 0x84, 0xE7, 0x94, 0x12, 0x9E, 0x02, 0x50, 0xF4, 0x2C, 0x25, 0x87, 0xDE, 0xF7, 0x93, 0x89,
    0xF8, 0x34, 0xC9, 0x1B, 0x26, 0x88, 0x0B, 0x83, 0xFB, 0x3B, 0x43, 0xC7, 0x31, 0x2C, 0x30, 0x18,
    0xF4, 0x9A, 0xB0, 0x7D, 0x9C, 0xA9, 0x48, 0x44, 0x5A, 0x4A, 0xF2, 0x3E, 0x05, 0x16, 0x9D, 0x2B,
    0x16, 0xA1, 0x27, 0x17, 0x13, 0xA1, 0xE7, 0x75, 0xA1, 0x63, 0xAC, 0x78, 0x2A, 0xA6, 0x43, 0xC4,
    0x82, 0x3E, 0x26, 0x17, 0x8D, 0x15, 0x80, 0x0F, 0x1C, 0xC5, 0x4A, 0x24, 0x2C, 0x4A, 0x06, 0x80,
    0x69, 0x59, 0x65, 0x99, 0xFE, 0xEE, 0x57, 0x1A, 0xA1, 0x10, 0x12, 0x01, 0x2E, 0x78, 0x50, 0x83,
    0x2A, 0x34, 0xB1, 0xDC, 0x83, 0x01, 0x04, 0xF0, 0x6D, 0x86, 0xD9, 0x12, 0xEF, 0x87, 0x57, 0x08,
    0x3F, 0xBB, 0x23, 0xD6, 0xB7, 0x42, 0x54, 0xD9, 0x28, 0x6E, 0x2E, 0x07, 0xBE, 0x62, 0xB7, 0x2C,
    0x71, 0x5E, 0xFC, 0xB8, 0x73, 0xFD, 0x7A, 0xB8, 0x9C, 0xBD, 0xC5, 0xA7, 0x7E, 0x76, 0x85, 0xFD,
    0xDC, 0xC9, 0x83, 0xFF, 0xAC, 0x5C, 0xFF, 0x4A, 0xF8, 0xD7, 0x6F, 0xF8, 0xCA, 0xF5, 0x2F, 0xED,
    0x6C, 0xE0, 0x34, 0x67, 0x79, 0xF8, 0x53, 0xFD, 0xE8, 0x5A, 0x6E, 0xBD, 0xE6, 0xF9, 0x2F, 0x74,
    0x23, 0x52, 0xD6, 0x09, 0x84, 0x47, 0x0D, 0x00, 0xBA, 0xC7, 0x47, 0xFD, 0xAE, 0x07, 0x00, 0x27,
    0x2B, 0x84, 0x79, 0x24, 0x6B, 0x38, 0xA6, 0x0B, 0x11, 0x1B, 0xF0, 0x18, 0xC6, 0x2D, 0x30, 0xAE,
    0xF2, 0x24, 0xE7, 0x2B, 0xD8, 0x3C, 0x6E, 0x43, 0xA8, 0xF7, 0xF8, 0xB0, 0xDF, 0x88, 0x30, 0x68,
    0x47, 0x0B, 0x29, 0xD8, 0xA1, 0x4A, 0x85, 0x2E, 0x81, 0x7C, 0x99, 0xFE, 0x31, 0x01, 0x60, 0xA8,
    0xCC, 0xCB, 0x44, 0x4F, 0x87, 0x4A, 0x96, 0xA1, 0x3C, 0xC2, 0xFE, 0x04, 0xDB, 0x30, 0x8F, 0xA0,
    0x0A, 0x80, 0xA1, 0xFB, 0x4F, 0x5A, 0x7F, 0xC7, 0x5D, 0x92, 0x65, 0xFA, 0x27, 0x4B, 0xD9, 0xFA,
    0x17, 0x83, 0xCF, 0xC1, 0x50, 0xC0, 0x49, 0x2D, 0x33, 0x05, 0x42, 0x38, 0x86, 0x2E, 0x00, 0xD6,
    0x53, 0x84, 0xD8, 0x9F, 0xFC, 0x25, 0x09, 0xE3, 0xFF, 0x9A, 0xE0, 0xF4, 0x95, 0x8E, 0xBE, 0xF8,
    0x4C, 0x8D, 0x2F, 0x3E, 0x62, 0x8D, 0xE7, 0x85, 0x3C, 0x00, 0x80, 0x10, 0x9F, 0x63, 0x0E, 0xE8,
    0x52, 0x03, 0x80, 0xBD, 0x22, 0xFE, 0x94, 0x35, 0x42, 0x3A, 0x1C, 0xE7, 0xD2, 0x60, 0x1B, 0xB0,
    0x03, 0x8A, 0x9C, 0x16, 0x00, 0x74, 0xD9, 0xB6, 0x3D, 0x6C, 0x5E, 0x51, 0x70, 0xDC, 0x05, 0x28,
    0x5E, 0x25, 0xBC, 0x5D, 0xB4, 0xC7, 0x2D, 0x84, 0xD4, 0x8A, 0xE2, 0x36, 0x05, 0xEE, 0x5B, 0x24,
    0x6C, 0xB6, 0xC3, 0x66, 0xA7, 0xDE, 0xFC, 0x16, 0x4D, 0x72, 0x3E, 0xC9, 0xB2, 0x9B, 0x4B, 0xA3,
    0xF9, 0xE0, 0xA8, 0xD9, 0xC9, 0xA3, 0x76, 0xF0, 0x7A, 0xA4, 0xD5, 0xD6, 0x91, 0x4B, 0x48, 0xB7,
    0x90, 0x5D, 0xF9, 0x9E, 0x2C, 0x53, 0xE6, 0x57, 0xD3, 0x8D, 0x9F, 0xE2, 0xE9, 0x28, 0xC7, 0x87,
    0x66, 0x53, 0xCE, 0x50, 0x77, 0xA4, 0x4F, 0x79, 0x03, 0x91, 0x8B, 0xCF, 0x81, 0x1A, 0xEA, 0x4D,
    0x39, 0x3E, 0x7D, 0xFD, 0x1D, 0xB5, 0xB3, 0xA1, 0x4F, 0x83, 0x87, 0xFC, 0xBF, 0x9D, 0xFF, 0x07,
    0xDD, 0x91, 0x81, 0x66, 0x1C, 0x41, 0x1C, 0xC6, 0x7F, 0x9B, 0x4B, 0xBB, 0x75, 0x7B, 0x77, 0x7B,
    0xAA, 0x57, 0x6D, 0xB2, 0xBB, 0x5B, 0xB4, 0x4C, 0xDA, 0xD9, 0xDC, 0x60, 0x31, 0x62, 0xA2, 0xFB,
    0x08, 0x41, 0x01, 0x41, 0x90, 0x23, 0xA1, 0x38, 0x1C, 0x02, 0xB7, 0xDD, 0x47, 0x08, 0xFA, 0x00,
    0x41, 0xA1, 0xC0, 0xE2, 0x50, 0x15, 0xEC, 0x23, 0x2C, 0x14, 0x80, 0x43, 0xA0, 0xC0, 0x62, 0x43,
    0xD5, 0x55, 0x9B, 0x91, 0xF6, 0x08, 0x79, 0x82, 0xFA, 0x7D, 0x33, 0xE3, 0xFB, 0x98, 0x19, 0xBE,
    0x3F, 0x78, 0x8D, 0x34, 0x26, 0xD4, 0x91, 0xC5, 0x84, 0xD2, 0x78, 0x0D, 0x6C, 0x22, 0x81, 0x13,
    0x82, 0x35, 0x39, 0x00, 0x34, 0x9D, 0xA6, 0xDB, 0xF4, 0x1A, 0xD5, 0x7C, 0xFD, 0x39, 0xBA, 0xA6,
    0x71, 0x57, 0xF1, 0xEA, 0xF9, 0xE1, 0x4B, 0x5E, 0x1D, 0xEC, 0x5C, 0x92, 0x0C, 0x43, 0x6D, 0xC6,
    0x2D, 0x80, 0xBB, 0x0A, 0x03, 0xC9, 0xFE, 0xC5, 0xBE, 0x31, 0xA1, 0x09, 0x43, 0xE9, 0xB6, 0xF0,
    0xBB, 0xFD, 0x36, 0xCD, 0x8E, 0xA8, 0x9D, 0xAA, 0x93, 0x75, 0xE8, 0xD2, 0x03, 0xFC, 0x85, 0x91,
    0x46, 0xC6, 0x0B, 0xAF, 0x95, 0x73, 0xFB, 0xBB, 0xDF, 0x62, 0xD3, 0xC6, 0x68, 0x2D, 0x75, 0x92,
    0xCC, 0x1F, 0xBE, 0xC7, 0xA8, 0x34, 0xAE, 0x81, 0xCC, 0x29, 0x9C, 0xE2, 0xCD, 0xF7, 0xA7, 0x1F,
    0xED, 0x09, 0xAF, 0x3F, 0x8F, 0xDE, 0xC1, 0x87, 0x5F, 0x70, 0xBB, 0x7B, 0x24, 0x68, 0x66, 0x94,
    0x16, 0x16, 0x9C, 0x61, 0xF0, 0x71, 0x32, 0xD0, 0x0C, 0xF0, 0x32, 0xB7, 0xE8, 0xFC, 0xC5, 0xCD,
    0x7C, 0x24, 0x07, 0x4C, 0x5A, 0xC2, 0x80, 0xA0, 0xCF, 0x5A, 0xB9, 0x0F, 0x70, 0x7F, 0x23, 0xB0,
    0x51, 0x8D, 0xAB, 0xC7, 0xD5, 0xC6, 0x9A, 0xED, 0x1F, 0x10, 0xB7, 0xDA, 0x3C, 0x31, 0x68, 0x4A,
    0xA7, 0x72, 0x37, 0x93, 0xC3, 0xB7, 0x2B, 0x88, 0x6E, 0xB2, 0xA1, 0xA1, 0x74, 0x97, 0x98, 0x61,
    0xA2, 0xCC, 0x78, 0xF9, 0xBF, 0x35, 0xD7, 0x3D, 0x17, 0x0A, 0xB5, 0x55, 0x2A, 0x35, 0x9D, 0xEE,
    0x9E, 0x81, 0xF5, 0x4A, 0xEF, 0x7D, 0x52, 0xA4, 0xF8, 0x17, 0xD6, 0x6B, 0xA1, 0x02, 0x4B, 0x2A,
    0x06, 0x25, 0x9C, 0x9E, 0x04, 0xCA, 0xBB, 0xB9, 0xFF, 0xA0, 0x7E, 0x94, 0x5E, 0xCE, 0xB7, 0x8B,
    0x17, 0x53, 0xD2, 0xD1, 0x6C, 0x96, 0xA6, 0x2A, 0xAA, 0xE1, 0x18, 0x04, 0x56, 0x3B, 0x57, 0x24,
    0x12, 0xD9, 0x43, 0xFC, 0x53, 0x3E, 0xE0, 0x18, 0x61, 0x39, 0x15, 0x4A, 0x14, 0xE3, 0x4A, 0x2E,
    0x45, 0x9A, 0x47, 0x36, 0xBB, 0x4B, 0xCE, 0xE4, 0x7A, 0x41, 0x18, 0x05, 0x04, 0xBD, 0xFE, 0x9D,
    0x95, 0x0F, 0xFC, 0xFB, 0x27, 0x3D, 0xB9, 0x4A, 0x02, 0xD9, 0x17, 0x03, 0xD9, 0x97, 0xFD, 0xDD,
    0x2F, 0xB7, 0x8F, 0x6C, 0x15, 0xAA, 0x4A, 0x89, 0x33, 0xA7, 0x3E, 0x3A, 0xDF, 0x2B, 0x00, 0x9E,
    0x91, 0x23, 0xD6, 0x44, 0x19, 0xFC, 0x01, 0x6D, 0x95, 0x05, 0x8C, 0x23, 0xC9, 0x01, 0x45, 0x9F,
    0xBB, 0x72, 0xAE, 0x99, 0x6D, 0x7B, 0x2A, 0x8C, 0x1E, 0xFB, 0xC2, 0x64, 0x0A, 0x1F, 0x94, 0xB7,
    0x2B, 0x2C, 0x56, 0x98, 0x99, 0x99, 0x39, 0x3E, 0xB9, 0xC3, 0xCC, 0xCC, 0xCC, 0x74, 0xD0, 0x91,
    0x1C, 0x69, 0xF6, 0x5C, 0x61, 0x4E, 0x3A, 0xCC, 0x49, 0x07, 0x04, 0xC7, 0xA5, 0x64, 0x77, 0xC7,
    0x37, 0x6A, 0x4F, 0xA5, 0xBA, 0x3D, 0xC7, 0xF7, 0xF5, 0xDF, 0x57, 0x81, 0xF1, 0x37, 0x01, 0x44,
    0xDE, 0xA0, 0x84, 0x65, 0xD0, 0x30, 0x68, 0x58, 0x33, 0xFA, 0x8A, 0xD1, 0x2A, 0x4A, 0x07, 0x0A,
    0x54, 0x20, 0xF2, 0x2B, 0x50, 0x1C, 0x40, 0x1A, 0xB0, 0x24, 0xDE, 0xB2, 0x91, 0x72, 0x43, 0xDB,
    0x58, 0x14, 0xF1, 0x37, 0xCB, 0xE1, 0x1D, 0x76, 0xF4, 0x1D, 0x9F, 0x34, 0xBF, 0x13, 0xF3, 0x27,
    0xB2, 0x7C, 0x0F, 0xCB, 0x1F, 0x30, 0xFF, 0x31, 0xA7, 0xFD, 0x8C, 0xE4, 0xAD, 0x1B, 0xEA, 0xFC,
    0xA9, 0xF0, 0x85, 0xB8, 0x0D, 0x62, 0xCC, 0x5A, 0xD5, 0x5B, 0xD2, 0x9D, 0x2E, 0x5A, 0x73, 0x8B,
    0x29, 0xCC, 0xB9, 0xE6, 0xF2, 0xEC, 0x72, 0x39, 0x3C, 0x69, 0x39, 0x60, 0xDE, 0x67, 0xDA, 0x47,
    0xF7, 0x19, 0xF5, 0x37, 0xD4, 0x6A, 0x1A, 0xF9, 0x02, 0x48, 0xFC, 0x52, 0xDA, 0xA9, 0xB0, 0x1D,
    0x61, 0x37, 0x84, 0xE5, 0xC0, 0x3E, 0x5F, 0x0F, 0x92, 0x7D, 0x64, 0x3D, 0x08, 0x99, 0x94, 0x40,
    0xD8, 0x62, 0x4B, 0xDA, 0x7E, 0x64, 0x75, 0xC3, 0x68, 0x18, 0xC0, 0x63, 0x1F, 0xC4, 0x37, 0xBE,
    0x88, 0x34, 0xF8, 0x15, 0x32, 0x45, 0xC2, 0x16, 0x24, 0x7B, 0xA7, 0x7F, 0x6E, 0x96, 0x53, 0xCB,
    0x02, 0x0D, 0x1B, 0xB8, 0xC7, 0x7B, 0x49, 0x92, 0xFF, 0x79, 0x13, 0xE7, 0x0B, 0x69, 0xE3, 0x74,
    0x12, 0xE5, 0xB1, 0xD1, 0x57, 0x8C, 0x9D, 0x2A, 0xCA, 0x10, 0x77, 0x0F, 0x23, 0xF5, 0x1A, 0x1D,
    0x15, 0xB3, 0xDD, 0xE4, 0xD5, 0x25, 0x9B, 0x00, 0x2D, 0x0E, 0x94, 0x98, 0x85, 0x8D, 0x6D, 0x17,
    0x59, 0xB4, 0x91, 0xAE, 0x4D, 0x73, 0xDE, 0xE6, 0x91, 0x47, 0x1E, 0x63, 0xBE, 0xB1, 0xF8, 0xFA,
    0x3B, 0x9B, 0xAA, 0xCD, 0xC2, 0xFB, 0x42, 0x8A, 0x9F, 0xD3, 0x8C, 0x2E, 0xA0, 0xC9, 0x2A, 0x70,
    0x84, 0x98, 0x09, 0x49, 0x3E, 0x60, 0xB6, 0x6F, 0x20, 0x7E, 0xB5, 0x03, 0x99, 0x2E, 0xAB, 0x98,
    0x5E, 0x16, 0xE3, 0x10, 0xF3, 0xD3, 0x91, 0xAF, 0x3A, 0xBE, 0x87, 0xF4, 0xAF, 0x3A, 0x16, 0xA6,
    0xB8, 0x2B, 0x47, 0x6C, 0x43, 0xCC, 0x4A, 0x66, 0x40, 0x5D, 0x60, 0x0A, 0xC8, 0x6F, 0x1F, 0x05,
    0x84, 0xD5, 0x75, 0x4E, 0xB8, 0x5F, 0x95, 0xEA, 0x48, 0x48, 0xAD, 0x55, 0xC8, 0x17, 0x9D, 0x74,
    0x02, 0xE2, 0xBC, 0x7C, 0x02, 0xE2, 0x1F, 0x69, 0x2F, 0x47, 0x7C, 0xD7, 0x8A, 0x12, 0xF1, 0x9D,
    0x82, 0x11, 0xC2, 0x3A, 0x62, 0x23, 0xEC, 0x7C, 0x2C, 0x8D, 0xB4, 0x93, 0x93, 0x14, 0x49, 0xD9,
    0xFB, 0x44, 0xC9, 0x5A, 0xA3, 0xB2, 0x91, 0xF6, 0x96, 0x32, 0x17, 0xB9, 0xB0, 0x81, 0x22, 0x4A,
    0xA3, 0x42, 0x3A, 0x61, 0x1A, 0xEE, 0x90, 0x13, 0xE0, 0xDA, 0x99, 0x84, 0xA3, 0xAD, 0xE9, 0x16,
    0x89, 0x0F, 0x5A, 0xA2, 0x6F, 0x31, 0xE8, 0x80, 0x1E, 0x77, 0x6F, 0x03, 0x83, 0xB1, 0xBA, 0x33,
    0xF4, 0x1E, 0xA7, 0xC6, 0xA0, 0x72, 0xE9, 0x20, 0xB6, 0xA2, 0x00, 0x69, 0x45, 0xCE, 0x83, 0x1F,
    0xCC, 0xFD, 0xF6, 0xBE, 0x62, 0x33, 0xD7, 0x70, 0x99, 0xA3, 0x22, 0xCB, 0x5C, 0x76, 0x79, 0x1E,
    0x17, 0xA0, 0xC2, 0xB9, 0x2C, 0x2A, 0xDC, 0xC2, 0x1B, 0x54, 0x4E, 0x54, 0xF0, 0x90, 0xFF, 0xF0,
    0x95, 0x8B, 0x69, 0x14, 0xF1, 0xB1, 0xE2, 0xF0, 0x63, 0x8A, 0xA9, 0x28, 0xAA, 0xED, 0xC6, 0x81,
    0xC3, 0xF8, 0x65, 0xA2, 0x98, 0x1C, 0x2A, 0xD4, 0x72, 0x05, 0x5C, 0xEF, 0xC1, 0xF7, 0x0B, 0x27,
    0x19, 0xC0, 0xA8, 0xC0, 0x4D, 0x43, 0x23, 0xC2, 0x5E, 0x53, 0xA6, 0xC4, 0xA6, 0xEA, 0x2E, 0xE4,
    0xE8, 0x4B, 0xF4, 0xDE, 0x87, 0x4C, 0x11, 0x96, 0x28, 0x87, 0xA3, 0x1D, 0x46, 0x47, 0x81, 0xA4,
    0x1C, 0xB9, 0x38, 0x57, 0xA9, 0xB0, 0x5B, 0x08, 0x7B, 0x52, 0xE0, 0x93, 0xA1, 0x31, 0xCB, 0x43,
    0xFF, 0xF2, 0x3E, 0xBE, 0xE1, 0xF7, 0x10, 0xBB, 0x05, 0x22, 0xF4, 0x2E, 0xEC, 0x4E, 0x20, 0x09,
    0xA8, 0x54, 0x5A, 0x99, 0x27, 0x65, 0xA3, 0x9C, 0x79, 0x4F, 0x36, 0x8C, 0xCD, 0x27, 0x07, 0xC2,
    0xDC, 0x6F, 0x10, 0x19, 0x06, 0xC0, 0xD0, 0x41, 0x62, 0x88, 0x56, 0xB0, 0x39, 0x3C, 0xFD, 0xD2,
    0xF1, 0xA1, 0x01, 0x50, 0x71, 0x18, 0x84, 0x2F, 0x80, 0xEB, 0x02, 0xF0, 0x38, 0x80, 0x1B, 0xFF,
    0x07, 0x88, 0x1E, 0xFA, 0x16, 0x00, 0x15, 0x59, 0x60, 0x8B, 0x02, 0x18, 0xE0, 0x00, 0xCD, 0xE9,
    0x97, 0xE6, 0xCB, 0xEA, 0xCC, 0x70, 0x10, 0x46, 0x6E, 0x05, 0xAE, 0xF1, 0xEF, 0xFB, 0x1A, 0x8A,
    0xE8, 0x87, 0x22, 0x7D, 0x6A, 0x2E, 0xDF, 0x21, 0xD2, 0x77, 0xBB, 0xAE, 0x92, 0x9C, 0x12, 0x1F,
    0xDD, 0x5A, 0x01, 0x74, 0x00, 0xE8, 0xD7, 0x79, 0x52, 0x9D, 0x2F, 0xE2, 0x72, 0x92, 0x47, 0xD9,
    0xEA, 0xB0, 0xDD, 0xAE, 0xDD, 0xA2, 0xDB, 0x41, 0xDD, 0x02, 0x75, 0x3A, 0x32, 0x47, 0xD8, 0xE8,
    0x9E, 0x85, 0xFC, 0x89, 0x6B, 0x9F, 0x7F, 0xF4, 0x86, 0xD9, 0x74, 0x7C, 0xA2, 0x86, 0x01, 0x27,
    0x6E, 0xF3, 0xBC, 0x0E, 0x27, 0x69, 0x7A, 0x45, 0x28, 0x96, 0x38, 0x54, 0x23, 0xED, 0xB4, 0xBA,
    0x18, 0x4C, 0x75, 0x4A, 0x7E, 0xE3, 0xDC, 0x85, 0x79, 0xE8, 0xEF, 0xAA, 0x53, 0xF2, 0x28, 0xC2,
    0xD7, 0x6D, 0x5F, 0x01, 0x19, 0x48, 0x4A, 0xD6, 0x6A, 0x02, 0x8B, 0x25, 0xF2, 0xCF, 0x09, 0xBD,
    0xA6, 0x42, 0x37, 0x37, 0x99, 0x36, 0x61, 0x1E, 0x58, 0x5E, 0x8A, 0xCF, 0xE7, 0xCD, 0x9E, 0x99,
    0x56, 0xFB, 0x81, 0x5E, 0x20, 0xFE, 0x73, 0x8F, 0x86, 0xAF, 0x3A, 0x05, 0x4E, 0x00, 0x62, 0x40,
    0x19, 0xE8, 0x59, 0xB8, 0x5B, 0xE0, 0x8E, 0x05, 0x9C, 0xEE, 0xF8, 0xF2, 0xDE, 0xFE, 0x67, 0xAF,
    0xF7, 0xBB, 0x6F, 0xDD, 0x2F, 0x4A, 0x35, 0xDE, 0xFB, 0xA3, 0x92, 0x21, 0x87, 0x50, 0xB4, 0x51,
    0x66, 0x1B, 0x65, 0xBD, 0x9D, 0x39, 0x40, 0x7A, 0xA3, 0xA2, 0x7C, 0x1B, 0x77, 0x0D, 0x1C, 0xB8,
    0x67, 0x7C, 0x65, 0xF9, 0xE0, 0xC5, 0x6F, 0xA3, 0x7D, 0xBC, 0x2F, 0x47, 0xA0, 0x2B, 0x3F, 0xAF,
    0x4F, 0xA6, 0x1A, 0x2E, 0xF2, 0x96, 0xB5, 0x5A, 0xF5, 0x2D, 0xF0, 0x6D, 0x3B, 0xDD, 0x96, 0xD6,
    0xAD, 0x5B, 0x4C, 0x5B, 0xCC, 0x5B, 0x2C, 0xD7, 0xAE, 0xC7, 0x61, 0x45, 0xB7, 0x18, 0xB5, 0x36,
    0xD4, 0xDF, 0xEA, 0x5B, 0x60, 0x1B, 0x36, 0x90, 0xF7, 0xB4, 0xF2, 0x35, 0x95, 0xE3, 0xD7, 0xD8,
    0x99, 0xDF, 0xAF, 0xC6, 0x57, 0xEF, 0x5C, 0xBE, 0xCA, 0x53, 0x2B, 0xAA, 0x7E, 0x5B, 0xD1, 0xC7,
    0x69, 0xCC, 0x04, 0x7A, 0x86, 0xF8, 0x3F, 0x34, 0x7C, 0x18, 0xE5, 0x44, 0x0E, 0xB2, 0x53, 0xCE,
    0xCF, 0x3E, 0xF6, 0xA1, 0xD3, 0x9F, 0xFD, 0x91, 0xBC, 0xE7, 0x4D, 0xFB, 0x43, 0x6C, 0xBE, 0x8F,
    0xC4, 0x97, 0xEB, 0xEB, 0x61, 0xE6, 0xCB, 0xE7, 0xE9, 0xCE, 0xF3, 0x74, 0xEB, 0x9A, 0x7A, 0x03,
    0xCD, 0x95, 0x3D, 0x45, 0x78, 0xBB, 0xF0, 0x8E, 0x1D, 0x98, 0xF0, 0xE0, 0xE7, 0xDE, 0xEF, 0xCB,
    0x8B, 0x4F, 0x32, 0x04, 0xCD, 0x33, 0x1D, 0xA7, 0x41, 0xF5, 0x75, 0xA0, 0x52, 0xC4, 0xFA, 0xAB,
    0xCE, 0x26, 0x29, 0xD7, 0x67, 0x05, 0xE2, 0x07, 0x88, 0x8B, 0xE9, 0x59, 0xBE, 0xF0, 0x17, 0xC4,
    0x7F, 0x78, 0xAE, 0x3D, 0x7A, 0x4F, 0xBB, 0x23, 0x6C, 0x5F, 0xD8, 0x4E, 0x48, 0x69, 0x9F, 0xB7,
    0xBE, 0x5D, 0x31, 0x0A, 0xF9, 0xBC, 0x3C, 0xF0, 0x49, 0xC3, 0x61, 0xBF, 0xE2, 0xC6, 0x47, 0x6F,
    0x02, 0x8F, 0x13, 0x29, 0x8F, 0x8B, 0x52, 0x9E, 0xFE, 0xEE, 0x94, 0xD9, 0x2E, 0xFC, 0xB7, 0x8F,
    0x70, 0x10, 0x8D, 0x81, 0x3B, 0x0B, 0xE8, 0x3E, 0x16, 0xE4, 0x8A, 0x4B, 0xD5, 0x3C, 0xE0, 0x26,
    0xF7, 0x23, 0x3A, 0xEF, 0x08, 0xF1, 0x7D, 0x14, 0xDD, 0xA6, 0x4C, 0x07, 0x4D, 0x61, 0x75, 0x33,
    0xAA, 0xC8, 0xAF, 0x8E, 0xC4, 0xBF, 0x53, 0x7E, 0x7B, 0x5E, 0xDF, 0x07, 0x06, 0xB5, 0xC3, 0xE0,
    0x65, 0xB7, 0x3F, 0xAF, 0xB8, 0xC1, 0x6F, 0xAF, 0xEE, 0x91, 0xF3, 0x04, 0x78, 0x2A, 0x0D, 0x9F,
    0xAA, 0x2F, 0x64, 0xFA, 0xA9, 0x83, 0x97, 0x3D, 0x55, 0x9D, 0xFE, 0x54, 0xE5, 0x9E, 0xB0, 0xE9,
    0x20, 0x38, 0x83, 0x93, 0x60, 0x1B, 0x62, 0xC3, 0x57, 0xCE, 0xFD, 0xA2, 0xAF, 0x0B, 0xE6, 0xC7,
    0x24, 0xDE, 0xA8, 0x37, 0x14, 0xB1, 0x71, 0x07, 0xBE, 0xBB, 0x8B, 0x3F, 0x60, 0xE3, 0x8B, 0xD2,
    0x7A, 0x9A, 0xC5, 0x66, 0x5E, 0x3B, 0x53, 0x77, 0x77, 0x55, 0x1F, 0x3F, 0x86, 0xD7, 0xC2, 0x75,
    0x91, 0xE7, 0x59, 0x15, 0x15, 0x83, 0x46, 0xAE, 0xE1, 0x52, 0x4F, 0x60, 0x08, 0xEA, 0x55, 0x9F,
    0x8C, 0x7C, 0x5A, 0x1F, 0x3D, 0x33, 0xF2, 0xF9, 0xFF, 0x01, 0x13, 0x0D, 0x75, 0xD8, 0xFF, 0xFF,
    0x81, 0x68, 0x68, 0x00, 0x00, 0xA5, 0x51, 0x01, 0x66, 0xC4, 0x50, 0x14, 0x1C, 0x79, 0xDA, 0x20,
    0xC8, 0x09, 0xBA, 0xB9, 0xC0, 0x6A, 0xA0, 0x80, 0xB4, 0xD2, 0xEE, 0x75, 0x2A, 0x0A, 0x58, 0xE0,
    0xFF, 0x5E, 0xA0, 0xBD, 0x4E, 0x51, 0xF2, 0x80, 0x02, 0xFA, 0xE9, 0x05, 0x4A, 0x2F, 0xB0, 0x08,
    0x7E, 0x91, 0xBC, 0xBE, 0xB1, 0x6A, 0x81, 0xD5, 0xD5, 0x61, 0x46, 0x92, 0x79, 0x66, 0x8C, 0x00,
    0xC4, 0x70, 0xB7, 0xA0, 0xF8, 0x78, 0xAF, 0x21, 0x8F, 0x4F, 0x67, 0x28, 0xE3, 0x0A, 0xA8, 0xE2,
    0x00, 0x04, 0xB3, 0x89, 0xAF, 0xF8, 0x8B, 0x54, 0xB1, 0x05, 0xC2, 0xB7, 0xED, 0x40, 0x20, 0x64,
    0x14, 0xE9, 0x1A, 0xA2, 0x6B, 0xB7, 0xE9, 0x32, 0x6E, 0xE1, 0xE9, 0x51, 0x32, 0x25, 0x64, 0x4B,
    0xFB, 0x8C, 0xD9, 0x33, 0x6E, 0x20, 0x7A, 0xB9, 0xF7, 0x9C, 0x61, 0x59, 0x9D, 0x96, 0x01, 0x0C,
    0xB7, 0xF6, 0xE9, 0xF3, 0xDE, 0xFA, 0xC9, 0xF7, 0x3D, 0xE3, 0x81, 0x37, 0x00, 0x2A, 0x2A, 0x27,
    0x5A, 0xE6, 0x17, 0x6C, 0x4F, 0x50, 0x36, 0xBC, 0x72, 0xEC, 0x97, 0xC5, 0x43, 0xCB, 0xC4, 0x96,
    0x98, 0xD9, 0x72, 0xB8, 0xA4, 0xB2, 0x25, 0x6F, 0xFF, 0xDF, 0x32, 0x46, 0x88, 0xEE, 0x50, 0xF6,
    0xEE, 0xB9, 0x5F, 0xE3, 0x05, 0xB5, 0x58, 0xAA, 0xF9, 0x7C, 0x8C, 0x7D, 0x87, 0x31, 0xB7, 0x09,
    0xBF, 0x28, 0x67, 0xE0, 0xA2, 0x8C, 0xE8, 0x44, 0x41, 0xDE, 0x8B, 0xD6, 0x63, 0x63, 0xEB, 0x4A,
    0xB4, 0x3B, 0x17, 0xE5, 0x5F, 0x6B, 0x92, 0x68, 0x31, 0xBB, 0xD7, 0x3A, 0xCB, 0x8D, 0x5E, 0xC9,
    0x46, 0xBB, 0xAA, 0x48, 0xCD, 0x0C, 0x83, 0xE3, 0x07, 0x25, 0xC1, 0x01, 0x06, 0x02, 0x30, 0x18,
    0xC7, 0xD1, 0xDF, 0x0C, 0x8B, 0x61, 0x00, 0x21, 0xED, 0x08, 0x5D, 0x20, 0xEB, 0x0C, 0x9D, 0x68,
    0x3B, 0x56, 0x20, 0xB3, 0x93, 0x8C, 0x2E, 0x30, 0x40, 0xEC, 0xAB, 0x7F, 0xE8, 0x3D, 0x38, 0x00,
    0x14, 0x00, 0x35, 0xF0, 0x9A, 0x90, 0xEE, 0x0F, 0xB8, 0x1E, 0xCF, 0x60, 0x25, 0x36, 0xAF, 0x67,
    0x9C, 0x49, 0x9F, 0xF4, 0xBE, 0xC9, 0x2E, 0xDF, 0xAC, 0x29, 0x0B, 0x7A, 0x69, 0x39, 0x6D, 0x75,
    0xAA, 0x04, 0x79, 0x18, 0x84, 0xB1, 0xC0, 0xED, 0x0E, 0x54, 0x80, 0x13, 0x7F, 0x3F,
};

static const EpdGlyph notoserif_10_regularGlyphs[] = {
    { 0, 0, 0, 0, 0, 0, 0 }, // U+0000
    { 0, 0, 87, 0, 0, 0, 0 }, // U+000D
    { 0, 0, 87, 0, 0, 0, 0 }, // U+0020
    { 3, 16, 111, 2, 15, 12, 0 }, // !
    { 7, 6, 136, 1, 15, 11, 12 }, // "
    { 12, 15, 186, 0, 15, 45, 23 }, // #
    { 10, 18, 186, 1, 16, 45, 68 }, // $
    { 18, 17, 299, 0, 16, 77, 113 }, // %
    { 16, 17, 247, 0, 16, 68, 190 }, // &
    { 3, 6, 73, 1, 15, 5, 258 }, // '
    { 6, 19, 115, 1, 16, 29, 263 }, // (
    { 7, 19, 115, 0, 16, 34, 292 }, // )
    { 10, 9, 167, 0, 16, 23, 326 }, // *
    { 10, 10, 186, 1, 12, 25, 349 }, // +
    { 5, 7, 83, 0, 3, 9, 374 }, // ,
    { 6, 3, 103, 0, 7, 5, 383 }, // -
    { 3, 4, 83, 1, 3, 3, 388 }, // .
    { 6, 19, 96, 0, 16, 29, 391 }, // /
    { 10, 17, 193, 1, 16, 43, 420 }, // 0
    { 9, 15, 153, 0, 15, 34, 463 }, // 1
    { 10, 16, 165, 0, 16, 40, 497 }, // 2
    { 10, 17, 170, 0, 16, 43, 537 }, // 3
    { 12, 15, 184, 0, 15, 45, 580 }, // 4
    { 10, 16, 170, 0, 15, 40, 625 }, // 5
    { 10, 17, 183, 1, 16, 43, 665 }, // 6
    { 11, 15, 171, 0, 15, 42, 708 }, // 7
    { 11, 17, 186, 0, 16, 47, 750 }, // 8
    { 10, 17, 183, 1, 16, 43, 797 }, // 9
    { 4, 13, 95, 1, 12, 13, 840 }, // :
    { 4, 16, 95, 1, 12, 16, 853 }, // ;
    { 10, 11, 186, 1, 13, 28, 869 }, // <
    { 10, 7, 186, 1, 11, 18, 897 }, // =
    { 10, 11, 186, 1, 13, 28, 915 }, // >
    { 10, 17, 158, 0, 16, 43, 943 }, // ?
    { 18, 18, 307, 1, 15, 81, 986 }, // @
    { 15, 15, 235, 0, 15, 57, 1067 }, // A
    { 13, 15, 218, 0, 15, 49, 1124 }, // B
    { 12, 17, 205, 1, 16, 51, 1173 }, // C
    { 14, 15, 242, 0, 15, 53, 1224 }, // D
    { 13, 15, 208, 0, 15, 49, 1277 }, // E
    { 12, 15, 197, 0, 15, 45, 1326 }, // F
    { 14, 17, 238, 1, 16, 60, 1371 }, // G
    { 16, 15, 264, 0, 15, 60, 1431 }, // H
    { 7, 15, 122, 0, 15, 27, 1491 }, // I
    { 8, 20, 119, -1, 15, 40, 1518 }, // J
    { 15, 15, 233, 0, 15, 57, 1558 }, // K
    { 13, 15, 208, 0, 15, 49, 1615 }, // L
    { 19, 15, 313, 0, 15, 72, 1664 }, // M
    { 16, 15, 254, 0, 15, 60, 1736 }, // N
    { 14, 17, 247, 1, 16, 60, 1796 }, // O
    { 12, 15, 201, 0, 15, 45, 1856 }, // P
    { 14, 21, 247, 1, 16, 74, 1901 }, // Q
    { 14, 15, 219, 0, 15, 53, 1975 }, // R
    { 10, 17, 181, 1, 16, 43, 2028 }, // S
    { 13, 15, 204, 0, 15, 49, 2071 }, // T
    { 15, 16, 239, 0, 15, 60, 2120 }, // U
    { 15, 15, 225, 0, 15, 57, 2180 }, // V
    { 22, 15, 349, 0, 15, 83, 2237 }, // W
    { 14, 15, 220, 0, 15, 53, 2320 }, // X
    { 15, 15, 208, -1, 15, 57, 2373 }, // Y
    { 12, 15, 197, 0, 15, 45, 2430 }, // Z
    { 5, 19, 120, 2, 16, 24, 2475 }, // [
    { 6, 19, 96, 0, 16, 29, 2499 }, // <backslash>
    { 6, 19, 120, 0, 16, 29, 2528 }, // ]
    { 10, 10, 186, 1, 15, 25, 2557 }, // ^
    { 11, 2, 153, -1, -1, 6, 2582 }, // _
    { 5, 4, 91, 0, 16, 5, 2588 }, // `
    { 10, 13, 188, 1, 12, 33, 2593 }, // a
    { 12, 17, 205, 0, 16, 51, 2626 }, // b
    { 9, 13, 164, 1, 12, 30, 2677 }, // c
    { 12, 17, 205, 1, 16, 51, 2707 }, // d
    { 10, 13, 178, 1, 12, 33, 2758 }, // e
    { 10, 17, 123, 0, 17, 43, 2791 }, // f
    { 11, 17, 179, 0, 12, 47, 2834 }, // g
    { 13, 16, 212, 0, 16, 52, 2881 }, // h
    { 7, 16, 107, 0, 16, 28, 2933 }, // i
    { 6, 21, 100, -1, 16, 32, 2961 }, // j
    { 13, 16, 195, 0, 16, 52, 2993 }, // k
    { 7, 16, 103, 0, 16, 28, 3045 }, // l
    { 20, 12, 315, 0, 12, 60, 3073 }, // m
    { 13, 12, 215, 0, 12, 39, 3133 }, // n
    { 10, 13, 192, 1, 12, 33, 3172 }, // o
    { 12, 17, 205, 0, 12, 51, 3205 }, // p
    { 12, 17, 205, 1, 12, 51, 3256 }, // q
    { 10, 12, 157, 0, 12, 30, 3307 }, // r
    { 9, 13, 150, 0, 12, 30, 3337 }, // s
    { 7, 15, 117, 0, 14, 27, 3367 }, // t
    { 13, 13, 212, 0, 12, 43, 3394 }, // u
    { 12, 12, 193, 0, 12, 36, 3437 }, // v
    { 18, 12, 287, 0, 12, 54, 3473 }, // w
    { 12, 12, 193, 0, 12, 36, 3527 }, // x
    { 12, 17, 188, 0, 12, 51, 3563 }, // y
    { 10, 12, 170, 0, 12, 30, 3614 }, // z
    { 7, 19, 143, 1, 16, 34, 3644 }, // {
    { 2, 21, 186, 5, 16, 11, 3678 }, // |
    { 7, 19, 143, 1, 16, 34, 3689 }, // }
    { 10, 5, 186, 1, 10, 13, 3723 }, // ~
    { 0, 0, 87, 0, 0, 0, 0 }, // U+00A0
    { 3, 16, 111, 2, 12, 12, 0 }, // U+00A1
    { 10, 15, 186, 1, 15, 38, 12 }, // U+00A2
    { 11, 17, 186, 1, 16, 47, 50 }, // U+00A3
    { 10, 10, 186, 1, 12, 25, 97 }, // U+00A4
    { 12, 15, 186, 0, 15, 45, 122 }, // U+00A5
    { 2, 21, 186, 5, 16, 11, 167 }, // U+00A6
    { 10, 19, 181, 1, 16, 48, 178 }, // U+00A7
    { 8, 3, 192, 2, 16, 6, 226 }, // U+00A8
    { 16, 17, 282, 1, 16, 68, 232 }, // U+00A9
    { 8, 8, 127, 0, 15, 16, 300 }, // U+00AA
    { 9, 9, 171, 1, 10, 21, 316 }, // U+00AB
    { 10, 7, 186, 1, 9, 18, 337 }, // U+00AC
    { 6, 3, 103, 0, 7, 5, 355 }, // U+00AD
    { 16, 17, 282, 1, 16, 68, 360 }, // U+00AE
    { 11, 3, 153, -1, 18, 9, 428 }, // U+00AF
    { 7, 8, 133, 1, 16, 14, 437 }, // U+00B0
    { 10, 12, 186, 1, 12, 30, 451 }, // U+00B1
    { 8, 10, 133, 0, 18, 20, 481 }, // U+00B2
    { 8, 11, 133, 0, 18, 22, 501 }, // U+00B3
    { 5, 4, 91, 0, 16, 5, 523 }, // U+00B4
    { 11, 17, 205, 1, 12, 47, 528 }, // U+00B5
    { 12, 19, 206, 0, 16, 57, 575 }, // U+00B6
    { 3, 3, 83, 1, 9, 3, 632 }, // U+00B7
    { 5, 6, 111, 1, 1, 8, 635 }, // U+00B8
    { 7, 10, 133, 0, 18, 18, 643 }, // U+00B9
    { 8, 8, 132, 0, 15, 16, 661 }, // U+00BA
    { 9, 9, 171, 1, 10, 21, 677 }, // U+00BB
    { 18, 16, 280, 0, 16, 72, 698 }, // U+00BC
    { 17, 16, 280, 0, 16, 68, 770 }, // U+00BD
    { 18, 16, 280, 0, 16, 72, 838 }, // U+00BE
    { 10, 16, 158, 0, 12, 40, 910 }, // U+00BF
    { 15, 19, 235, 0, 19, 72, 950 }, // U+00C0
    { 15, 19, 235, 0, 19, 72, 1022 }, // U+00C1
    { 15, 19, 235, 0, 19, 72, 1094 }, // U+00C2
    { 15, 19, 235, 0, 19, 72, 1166 }, // U+00C3
    { 15, 19, 235, 0, 19, 72, 1238 }, // U+00C4
    { 15, 19, 235, 0, 19, 72, 1310 }, // U+00C5
    { 19, 15, 317, 0, 15, 72, 1382 }, // U+00C6
    { 12, 21, 205, 1, 16, 63, 1454 }, // U+00C7
    { 13, 19, 208, 0, 19, 62, 1517 }, // U+00C8
    { 13, 19, 208, 0, 19, 62, 1579 }, // U+00C9
    { 13, 19, 208, 0, 19, 62, 1641 }, // U+00CA
    { 13, 19, 208, 0, 19, 62, 1703 }, // U+00CB
    { 7, 19, 122, 0, 19, 34, 1765 }, // U+00CC
    { 7, 19, 122, 0, 19, 34, 1799 }, // U+00CD
    { 7, 19, 122, 0, 19, 34, 1833 }, // U+00CE
    { 7, 19, 122, 0, 19, 34, 1867 }, // U+00CF
    { 14, 15, 242, 0, 15, 53, 1901 }, // U+00D0
    { 16, 19, 254, 0, 19, 76, 1954 }, // U+00D1
    { 14, 20, 247, 1, 19, 70, 2030 }, // U+00D2
    { 14, 20, 247, 1, 19, 70, 2100 }, // U+00D3
    { 14, 20, 247, 1, 19, 70, 2170 }, // U+00D4
    { 14, 20, 247, 1, 19, 70, 2240 }, // U+00D5
    { 14, 20, 247, 1, 19, 70, 2310 }, // U+00D6
    { 10, 9, 186, 1, 12, 23, 2380 }, // U+00D7
    { 14, 17, 247, 1, 16, 60, 2403 }, // U+00D8
    { 15, 20, 239, 0, 19, 75, 2463 }, // U+00D9
    { 15, 20, 239, 0, 19, 75, 2538 }, // U+00DA
    { 15, 20, 239, 0, 19, 75, 2613 }, // U+00DB
    { 15, 20, 239, 0, 19, 75, 2688 }, // U+00DC
    { 15, 19, 208, -1, 19, 72, 2763 }, // U+00DD
    { 12, 15, 201, 0, 15, 45, 2835 }, // U+00DE
    { 13, 17, 216, 0, 16, 56, 2880 }, // U+00DF
    { 10, 17, 188, 1, 16, 43, 2936 }, // U+00E0
    { 10, 17, 188, 1, 16, 43, 2979 }, // U+00E1
    { 10, 17, 188, 1, 16, 43, 3022 }, // U+00E2
    { 10, 17, 188, 1, 16, 43, 3065 }, // U+00E3
    { 10, 17, 188, 1, 16, 43, 3108 }, // U+00E4
    { 10, 18, 188, 1, 17, 45, 3151 }, // U+00E5
    { 16, 13, 280, 1, 12, 52, 3196 }, // U+00E6
    { 9, 17, 164, 1, 12, 39, 3248 }, // U+00E7
    { 10, 17, 178, 1, 16, 43, 3287 }, // U+00E8
    { 10, 17, 178, 1, 16, 43, 3330 }, // U+00E9
    { 10, 17, 178, 1, 16, 43, 3373 }, // U+00EA
    { 10, 17, 178, 1, 16, 43, 3416 }, // U+00EB
    { 7, 16, 107, 0, 16, 28, 3459 }, // U+00EC
    { 7, 16, 107, 0, 16, 28, 3487 }, // U+00ED
    { 7, 16, 107, 0, 16, 28, 3515 }, // U+00EE
    { 7, 16, 107, 0, 16, 28, 3543 }, // U+00EF
    { 10, 17, 192, 1, 16, 43, 3571 }, // U+00F0
    { 13, 16, 215, 0, 16, 52, 3614 }, // U+00F1
    { 10, 17, 192, 1, 16, 43, 3666 }, // U+00F2
    { 10, 17, 192, 1, 16, 43, 3709 }, // U+00F3
    { 10, 17, 192, 1, 16, 43, 3752 }, // U+00F4
    { 10, 17, 192, 1, 16, 43, 3795 }, // U+00F5
    { 10, 17, 192, 1, 16, 43, 3838 }, // U+00F6
    { 10, 11, 186, 1, 13, 28, 3881 }, // U+00F7
    { 10, 13, 192, 1, 12, 33, 3909 }, // U+00F8
    { 13, 17, 212, 0, 16, 56, 3942 }, // U+00F9
    { 13, 17, 212, 0, 16, 56, 3998 }, // U+00FA
    { 13, 17, 212, 0, 16, 56, 4054 }, // U+00FB
    { 13, 17, 212, 0, 16, 56, 4110 }, // U+00FC
    { 12, 21, 188, 0, 16, 63, 4166 }, // U+00FD
    { 12, 21, 205, 0, 16, 63, 4229 }, // U+00FE
    { 12, 21, 188, 0, 16, 63, 4292 }, // U+00FF
    { 15, 18, 235, 0, 18, 68, 0 }, // U+0100
    { 10, 16, 188, 1, 15, 40, 68 }, // U+0101
    { 15, 19, 235, 0, 19, 72, 108 }, // U+0102
    { 10, 17, 188, 1, 16, 43, 180 }, // U+0103
    { 15, 20, 235, 0, 15, 75, 223 }, // U+0104
    { 10, 17, 188, 1, 12, 43, 298 }, // U+0105
    { 12, 20, 205, 1, 19, 60, 341 }, // U+0106
    { 9, 17, 164, 1, 16, 39, 401 }, // U+0107
    { 12, 20, 205, 1, 19, 60, 440 }, // U+0108
    { 9, 17, 164, 1, 16, 39, 500 }, // U+0109
    { 12, 20, 205, 1, 19, 60, 539 }, // U+010A
    { 9, 17, 164, 1, 16, 39, 599 }, // U+010B
    { 12, 20, 205, 1, 19, 60, 638 }, // U+010C
    { 9, 17, 164, 1, 16, 39, 698 }, // U+010D
    { 14, 19, 242, 0, 19, 67, 737 }, // U+010E
    { 14, 17, 205, 1, 16, 60, 804 }, // U+010F
    { 14, 15, 242, 0, 15, 53, 864 }, // U+0110
    { 12, 17, 205, 1, 16, 51, 917 }, // U+0111
    { 13, 18, 208, 0, 18, 59, 968 }, // U+0112
    { 10, 16, 178, 1, 15, 40, 1027 }, // U+0113
    { 13, 19, 208, 0, 19, 62, 1067 }, // U+0114
    { 10, 17, 178, 1, 16, 43, 1129 }, // U+0115
    { 13, 19, 208, 0, 19, 62, 1172 }, // U+0116
    { 10, 17, 178, 1, 16, 43, 1234 }, // U+0117
    { 13, 20, 208, 0, 15, 65, 1277 }, // U+0118
    { 10, 17, 178, 1, 12, 43, 1342 }, // U+0119
    { 13, 19, 208, 0, 19, 62, 1385 }, // U+011A
    { 10, 17, 178, 1, 16, 43, 1447 }, // U+011B
    { 14, 20, 238, 1, 19, 70, 1490 }, // U+011C
    { 11, 21, 179, 0, 16, 58, 1560 }, // U+011D
    { 14, 20, 238, 1, 19, 70, 1618 }, // U+011E
    { 11, 21, 179, 0, 16, 58, 1688 }, // U+011F
    { 14, 20, 238, 1, 19, 70, 1746 }, // U+0120
    { 11, 21, 179, 0, 16, 58, 1816 }, // U+0121
    { 14, 21, 238, 1, 16, 74, 1874 }, // U+0122
    { 11, 21, 179, 0, 16, 58, 1948 }, // U+0123
    { 16, 19, 264, 0, 19, 76, 2006 }, // U+0124
    { 13, 20, 212, 0, 20, 65, 2082 }, // U+0125
    { 16, 15, 264, 0, 15, 60, 2147 }, // U+0126
    { 13, 16, 212, 0, 16, 52, 2207 }, // U+0127
    { 8, 19, 122, 0, 19, 38, 2259 }, // U+0128
    { 8, 16, 107, -1, 16, 32, 2297 }, // U+0129
    { 7, 18, 122, 0, 18, 32, 2329 }, // U+012A
    { 7, 15, 107, 0, 15, 27, 2361 }, // U+012B
    { 7, 19, 122, 0, 19, 34, 2388 }, // U+012C
    { 7, 16, 107, 0, 16, 28, 2422 }, // U+012D
    { 7, 20, 122, 0, 15, 35, 2450 }, // U+012E
    { 7, 21, 107, 0, 16, 37, 2485 }, // U+012F
    { 7, 19, 122, 0, 19, 34, 2522 }, // U+0130
    { 7, 12, 107, 0, 12, 21, 2556 }, // U+0131
    { 14, 20, 232, 0, 15, 70, 2577 }, // U+0132
    { 11, 21, 207, 0, 16, 58, 2647 }, // U+0133
    { 8, 24, 119, -1, 19, 48, 2705 }, // U+0134
    { 7, 21, 100, -1, 16, 37, 2753 }, // U+0135
    { 15, 20, 233, 0, 15, 75, 2790 }, // U+0136
    { 13, 21, 195, 0, 16, 69, 2865 }, // U+0137
    { 13, 12, 195, 0, 12, 39, 2934 }, // U+0138
    { 13, 19, 208, 0, 19, 62, 2973 }, // U+0139
    { 7, 20, 103, 0, 20, 35, 3035 }, // U+013A
    { 13, 20, 208, 0, 15, 65, 3070 }, // U+013B
    { 7, 21, 103, 0, 16, 37, 3135 }, // U+013C
    { 13, 15, 208, 0, 15, 49, 3172 }, // U+013D
    { 8, 16, 103, 0, 16, 32, 3221 }, // U+013E
    { 13, 15, 208, 0, 15, 49, 3253 }, // U+013F
    { 9, 16, 123, 0, 16, 36, 3302 }, // U+0140
    { 13, 15, 208, 0, 15, 49, 3338 }, // U+0141
    { 7, 16, 108, 0, 16, 28, 3387 }, // U+0142
    { 16, 19, 254, 0, 19, 76, 3415 }, // U+0143
    { 13, 16, 215, 0, 16, 52, 3491 }, // U+0144
    { 16, 20, 254, 0, 15, 80, 3543 }, // U+0145
    { 13, 17, 215, 0, 12, 56, 3623 }, // U+0146
    { 16, 19, 254, 0, 19, 76, 3679 }, // U+0147
    { 13, 16, 215, 0, 16, 52, 3755 }, // U+0148
    { 16, 15, 260, 0, 15, 60, 3807 }, // U+0149
    { 16, 20, 254, 0, 15, 80, 3867 }, // U+014A
    { 12, 17, 212, 0, 12, 51, 3947 }, // U+014B
    { 14, 19, 247, 1, 18, 67, 3998 }, // U+014C
    { 10, 16, 192, 1, 15, 40, 4065 }, // U+014D
    { 14, 20, 247, 1, 19, 70, 4105 }, // U+014E
    { 10, 17, 192, 1, 16, 43, 4175 }, // U+014F
    { 14, 20, 247, 1, 19, 70, 4218 }, // U+0150
    { 10, 17, 192, 1, 16, 43, 4288 }, // U+0151
    { 19, 17, 320, 1, 16, 81, 4331 }, // U+0152
    { 17, 13, 302, 1, 12, 56, 4412 }, // U+0153
    { 14, 19, 219, 0, 19, 67, 4468 }, // U+0154
    { 10, 16, 157, 0, 16, 40, 4535 }, // U+0155
    { 14, 20, 219, 0, 15, 70, 4575 }, // U+0156
    { 10, 17, 157, 0, 12, 43, 4645 }, // U+0157
    { 14, 19, 219, 0, 19, 67, 4688 }, // U+0158
    { 10, 16, 157, 0, 16, 40, 4755 }, // U+0159
    { 10, 20, 181, 1, 19, 50, 4795 }, // U+015A
    { 9, 17, 150, 0, 16, 39, 4845 }, // U+015B
    { 10, 20, 181, 1, 19, 50, 4884 }, // U+015C
    { 9, 17, 150, 0, 16, 39, 4934 }, // U+015D
    { 10, 21, 181, 1, 16, 53, 4973 }, // U+015E
    { 9, 17, 150, 0, 12, 39, 5026 }, // U+015F
    { 10, 20, 181, 1, 19, 50, 5065 }, // U+0160
    { 9, 17, 150, 0, 16, 39, 5115 }, // U+0161
    { 13, 20, 204, 0, 15, 65, 5154 }, // U+0162
    { 7, 19, 117, 0, 14, 34, 5219 }, // U+0163
    { 13, 19, 204, 0, 19, 62, 5253 }, // U+0164
    { 8, 17, 117, 0, 16, 34, 5315 }, // U+0165
    { 13, 15, 204, 0, 15, 49, 5349 }, // U+0166
    { 7, 15, 117, 0, 14, 27, 5398 }, // U+0167
    { 15, 20, 239, 0, 19, 75, 5425 }, // U+0168
    { 13, 17, 212, 0, 16, 56, 5500 }, // U+0169
    { 15, 19, 239, 0, 18, 72, 5556 }, // U+016A
    { 13, 16, 212, 0, 15, 52, 5628 }, // U+016B
    { 15, 20, 239, 0, 19, 75, 5680 }, // U+016C
    { 13, 17, 212, 0, 16, 56, 5755 }, // U+016D
    { 15, 21, 239, 0, 20, 79, 5811 }, // U+016E
    { 13, 18, 212, 0, 17, 59, 5890 }, // U+016F
    { 15, 20, 239, 0, 19, 75, 5949 }, // U+0170
    { 13, 17, 212, 0, 16, 56, 6024 }, // U+0171
    { 15, 20, 242, 0, 15, 75, 6080 }, // U+0172
    { 13, 17, 212, 0, 12, 56, 6155 }, // U+0173
    { 22, 19, 349, 0, 19, 105, 6211 }, // U+0174
    { 18, 16, 287, 0, 16, 72, 6316 }, // U+0175
    { 15, 19, 208, -1, 19, 72, 6388 }, // U+0176
    { 12, 21, 188, 0, 16, 63, 6460 }, // U+0177
    { 15, 19, 208, -1, 19, 72, 6523 }, // U+0178
    { 12, 19, 197, 0, 19, 57, 6595 }, // U+0179
    { 10, 16, 170, 0, 16, 40, 6652 }, // U+017A
    { 12, 19, 197, 0, 19, 57, 6692 }, // U+017B
    { 10, 16, 170, 0, 16, 40, 6749 }, // U+017C
    { 12, 19, 197, 0, 19, 57, 6789 }, // U+017D
    { 10, 16, 170, 0, 16, 40, 6846 }, // U+017E
    { 9, 17, 118, 0, 17, 39, 6886 }, // U+017F
    { 15, 18, 259, 1, 17, 68, 0 }, // U+01A0
    { 12, 15, 202, 1, 14, 45, 68 }, // U+01A1
    { 16, 18, 259, 0, 17, 72, 113 }, // U+01AF
    { 15, 15, 225, 0, 14, 57, 185 }, // U+01B0
    { 27, 19, 440, 0, 19, 129, 242 }, // U+01C4
    { 25, 16, 413, 0, 16, 100, 371 }, // U+01C5
    { 22, 17, 375, 1, 16, 94, 471 }, // U+01C6
    { 20, 20, 327, 0, 15, 100, 565 }, // U+01C7
    { 18, 21, 308, 0, 16, 95, 665 }, // U+01C8
    { 11, 21, 203, 0, 16, 58, 760 }, // U+01C9
    { 23, 20, 373, 0, 15, 115, 818 }, // U+01CA
    { 21, 21, 354, 0, 16, 111, 933 }, // U+01CB
    { 18, 21, 315, 0, 16, 95, 1044 }, // U+01CC
    { 15, 19, 235, 0, 19, 72, 1139 }, // U+01CD
    { 10, 17, 188, 1, 16, 43, 1211 }, // U+01CE
    { 7, 19, 122, 0, 19, 34, 1254 }, // U+01CF
    { 7, 16, 107, 0, 16, 28, 1288 }, // U+01D0
    { 14, 20, 247, 1, 19, 70, 1316 }, // U+01D1
    { 10, 17, 192, 1, 16, 43, 1386 }, // U+01D2
    { 15, 20, 239, 0, 19, 75, 1429 }, // U+01D3
    { 13, 17, 212, 0, 16, 56, 1504 }, // U+01D4
    { 15, 22, 239, 0, 21, 83, 1560 }, // U+01D5
    { 13, 19, 212, 0, 18, 62, 1643 }, // U+01D6
    { 15, 23, 239, 0, 22, 87, 1705 }, // U+01D7
    { 13, 20, 212, 0, 19, 65, 1792 }, // U+01D8
    { 15, 23, 239, 0, 22, 87, 1857 }, // U+01D9
    { 13, 20, 212, 0, 19, 65, 1944 }, // U+01DA
    { 15, 23, 239, 0, 22, 87, 2009 }, // U+01DB
    { 13, 20, 212, 0, 19, 65, 2096 }, // U+01DC
    { 9, 13, 178, 1, 12, 30, 2161 }, // U+01DD
    { 15, 21, 235, 0, 21, 79, 2191 }, // U+01DE
    { 10, 19, 188, 1, 18, 48, 2270 }, // U+01DF
    { 15, 21, 235, 0, 21, 79, 2318 }, // U+01E0
    { 10, 19, 188, 1, 18, 48, 2397 }, // U+01E1
    { 19, 19, 317, 0, 19, 91, 2445 }, // U+01E2
    { 16, 16, 280, 1, 15, 64, 2536 }, // U+01E3
    { 14, 17, 238, 1, 16, 60, 2600 }, // U+01E4
    { 12, 17, 179, 0, 12, 51, 2660 }, // U+01E5
    { 14, 20, 238, 1, 19, 70, 2711 }, // U+01E6
    { 11, 21, 179, 0, 16, 58, 2781 }, // U+01E7
    { 15, 19, 233, 0, 19, 72, 2839 }, // U+01E8
    { 13, 20, 195, 0, 20, 65, 2911 }, // U+01E9
    { 14, 21, 247, 1, 16, 74, 2976 }, // U+01EA
    { 10, 17, 192, 1, 12, 43, 3050 }, // U+01EB
    { 14, 23, 247, 1, 18, 81, 3093 }, // U+01EC
    { 10, 20, 192, 1, 15, 50, 3174 }, // U+01ED
    { 12, 20, 201, 0, 19, 60, 3224 }, // U+01EE
    { 11, 21, 182, 0, 16, 58, 3284 }, // U+01EF
    { 7, 21, 100, -1, 16, 37, 3342 }, // U+01F0
    { 27, 15, 440, 0, 15, 102, 3379 }, // U+01F1
    { 25, 15, 413, 0, 15, 94, 3481 }, // U+01F2
    { 22, 17, 375, 1, 16, 94, 3575 }, // U+01F3
    { 14, 21, 238, 1, 20, 74, 3669 }, // U+01F4
    { 11, 21, 179, 0, 16, 58, 3743 }, // U+01F5
    { 22, 16, 355, 0, 15, 88, 3801 }, // U+01F6
    { 14, 21, 231, 0, 16, 74, 3889 }, // U+01F7
    { 16, 20, 254, 0, 20, 80, 3963 }, // U+01F8
    { 13, 16, 215, 0, 16, 52, 4043 }, // U+01F9
    { 15, 20, 235, 0, 20, 75, 4095 }, // U+01FA
    { 10, 21, 188, 1, 20, 53, 4170 }, // U+01FB
    { 19, 19, 317, 0, 19, 91, 4223 }, // U+01FC
    { 16, 17, 280, 1, 16, 68, 4314 }, // U+01FD
    { 14, 20, 247, 1, 19, 70, 4382 }, // U+01FE
    { 10, 17, 192, 1, 16, 43, 4452 }, // U+01FF
    { 15, 19, 235, 0, 19, 72, 4495 }, // U+0200
    { 11, 17, 188, 0, 16, 47, 4567 }, // U+0201
    { 15, 19, 235, 0, 19, 72, 4614 }, // U+0202
    { 10, 17, 188, 1, 16, 43, 4686 }, // U+0203
    { 13, 19, 208, 0, 19, 62, 4729 }, // U+0204
    { 11, 17, 178, 0, 16, 47, 4791 }, // U+0205
    { 13, 19, 208, 0, 19, 62, 4838 }, // U+0206
    { 10, 17, 178, 1, 16, 43, 4900 }, // U+0207
    { 8, 19, 122, -1, 19, 38, 4943 }, // U+0208
    { 9, 16, 107, -2, 16, 36, 4981 }, // U+0209
    { 7, 19, 122, 0, 19, 34, 5017 }, // U+020A
    { 7, 16, 107, 0, 16, 28, 5051 }, // U+020B
    { 14, 20, 247, 1, 19, 70, 5079 }, // U+020C
    { 10, 17, 192, 1, 16, 43, 5149 }, // U+020D
    { 14, 20, 247, 1, 19, 70, 5192 }, // U+020E
    { 10, 17, 192, 1, 16, 43, 5262 }, // U+020F
    { 14, 19, 219, 0, 19, 67, 5305 }, // U+0210
    { 10, 16, 157, 0, 16, 40, 5372 }, // U+0211
    { 14, 19, 219, 0, 19, 67, 5412 }, // U+0212
    { 10, 16, 157, 0, 16, 40, 5479 }, // U+0213
    { 15, 20, 239, 0, 19, 75, 5519 }, // U+0214
    { 13, 17, 212, 0, 16, 56, 5594 }, // U+0215
    { 15, 20, 239, 0, 19, 75, 5650 }, // U+0216
    { 13, 17, 212, 0, 16, 56, 5725 }, // U+0217
    { 10, 21, 181, 1, 16, 53, 5781 }, // U+0218
    { 9, 17, 150, 0, 12, 39, 5834 }, // U+0219
    { 13, 20, 204, 0, 15, 65, 5873 }, // U+021A
    { 7, 19, 117, 0, 14, 34, 5938 }, // U+021B
    { 11, 20, 202, 1, 16, 55, 5972 }, // U+021C
    { 9, 17, 165, 1, 12, 39, 6027 }, // U+021D
    { 16, 20, 264, 0, 20, 80, 6066 }, // U+021E
    { 13, 20, 212, 0, 20, 65, 6146 }, // U+021F
    { 5, 4, 0, -9, 16, 5, 0 }, // U+0300
    { 5, 4, 0, -7, 16, 5, 5 }, // U+0301
    { 8, 4, 0, -10, 16, 8, 10 }, // U+0302
    { 9, 4, 0, -11, 16, 9, 18 }, // U+0303
    { 8, 3, 0, -4, 15, 6, 27 }, // U+0304
    { 10, 3, 0, -5, 18, 8, 33 }, // U+0305
    { 6, 4, 0, -3, 16, 6, 41 }, // U+0306
    { 4, 3, 0, -2, 16, 3, 47 }, // U+0307
    { 8, 3, 0, -4, 16, 6, 50 }, // U+0308
    { 6, 6, 0, -9, 18, 9, 56 }, // U+0309
    { 6, 5, 0, -3, 17, 8, 65 }, // U+030A
    { 9, 4, 0, -4, 16, 9, 73 }, // U+030B
    { 7, 4, 0, -10, 16, 7, 82 }, // U+030C
    { 2, 4, 0, -1, 16, 2, 89 }, // U+030D
    { 6, 4, 0, -3, 16, 6, 91 }, // U+030E
    { 8, 4, 0, -11, 16, 8, 97 }, // U+030F
    { 6, 6, 0, -3, 18, 9, 105 }, // U+0310
    { 6, 4, 0, -3, 16, 6, 114 }, // U+0311
    { 4, 6, 0, -2, 15, 6, 120 }, // U+0312
    { 4, 7, 0, -2, 15, 7, 126 }, // U+0313
    { 4, 7, 0, -2, 15, 7, 133 }, // U+0314
    { 4, 7, 0, -2, 15, 7, 140 }, // U+0315
    { 6, 4, 0, -3, -1, 6, 147 }, // U+0316
    { 6, 4, 0, -3, -1, 6, 153 }, // U+0317
    { 4, 5, 0, -2, 0, 5, 159 }, // U+0318
    { 4, 5, 0, -2, 0, 5, 164 }, // U+0319
    { 6, 5, 115, 0, 16, 8, 169 }, // U+031A
    { 4, 6, 0, -2, 17, 6, 177 }, // U+031B
    { 4, 5, 0, -2, 0, 5, 183 }, // U+031C
    { 4, 4, 0, -2, -1, 4, 188 }, // U+031D
    { 4, 4, 0, -2, -1, 4, 192 }, // U+031E
    { 4, 5, 0, -2, 0, 5, 196 }, // U+031F
    { 6, 2, 0, -3, -2, 3, 201 }, // U+0320
    { 4, 6, 0, -4, 1, 6, 204 }, // U+0321
    { 4, 6, 0, 0, 1, 6, 210 }, // U+0322
    { 3, 3, 0, -8, -1, 3, 216 }, // U+0323
    { 8, 3, 0, -4, -1, 6, 219 }, // U+0324
    { 6, 5, 0, -3, 0, 8, 225 }, // U+0325
    { 4, 4, 0, -2, -1, 4, 233 }, // U+0326
    { 6, 6, 0, -3, 1, 9, 237 }, // U+0327
    { 6, 5, 0, -3, 0, 8, 246 }, // U+0328
    { 2, 5, 0, -1, 0, 3, 254 }, // U+0329
    { 8, 4, 0, -4, -1, 8, 257 }, // U+032A
    { 8, 3, 0, -4, -1, 6, 265 }, // U+032B
    { 8, 4, 0, -4, -1, 8, 271 }, // U+032C
    { 8, 4, 0, -4, -1, 8, 279 }, // U+032D
    { 6, 4, 0, -3, -1, 6, 287 }, // U+032E
    { 6, 4, 0, -3, -1, 6, 293 }, // U+032F
    { 8, 3, 0, -4, -1, 6, 299 }, // U+0330
    { 8, 2, 0, -4, -1, 4, 305 }, // U+0331
    { 10, 2, 0, -5, -1, 5, 309 }, // U+0332
    { 10, 5, 0, -5, 0, 13, 314 }, // U+0333
    { 8, 4, 0, -4, 8, 8, 327 }, // U+0334
    { 8, 2, 0, -4, 7, 4, 335 }, // U+0335
    { 14, 2, 0, -7, 7, 7, 339 }, // U+0336
    { 8, 6, 0, -4, 9, 12, 346 }, // U+0337
    { 9, 19, 0, -5, 17, 43, 358 }, // U+0338
    { 4, 5, 0, -2, 0, 5, 401 }, // U+0339
    { 8, 4, 0, -4, -1, 8, 406 }, // U+033A
    { 8, 5, 0, -4, 0, 10, 414 }, // U+033B
    { 8, 3, 0, -4, -1, 6, 424 }, // U+033C
    { 5, 4, 0, -2, 16, 5, 430 }, // U+033D
    { 4, 8, 0, -2, 19, 8, 435 }, // U+033E
    { 10, 5, 0, -5, 20, 13, 443 }, // U+033F
    { 5, 4, 0, -3, 16, 5, 456 }, // U+0340
    { 5, 4, 0, -2, 16, 5, 461 }, // U+0341
    { 8, 4, 0, -4, 16, 8, 466 }, // U+0342
    { 4, 5, 0, -2, 17, 5, 474 }, // U+0343
    { 9, 5, 0, -4, 16, 12, 479 }, // U+0344
    { 4, 4, 0, 1, -1, 4, 491 }, // U+0345
    { 8, 4, 0, -4, 16, 8, 495 }, // U+0346
    { 10, 5, 0, -5, 0, 13, 503 }, // U+0347
    { 6, 4, 0, -3, -1, 6, 516 }, // U+0348
    { 4, 4, 0, -2, -1, 4, 522 }, // U+0349
    { 8, 6, 0, -4, 17, 12, 526 }, // U+034A
    { 8, 9, 0, -4, 20, 18, 538 }, // U+034B
    { 8, 7, 0, -4, 19, 14, 556 }, // U+034C
    { 8, 5, 0, -4, 0, 10, 570 }, // U+034D
    { 4, 5, 0, -2, 0, 5, 580 }, // U+034E
    { 16, 15, 0, -8, 15, 60, 585 }, // U+034F
    { 4, 6, 0, -2, 17, 6, 645 }, // U+0350
    { 4, 5, 0, -2, 17, 5, 651 }, // U+0351
    { 6, 6, 0, -3, 18, 9, 656 }, // U+0352
    { 4, 4, 0, -2, -1, 4, 665 }, // U+0353
    { 4, 6, 0, -2, 0, 6, 669 }, // U+0354
    { 4, 6, 0, -2, 0, 6, 675 }, // U+0355
    { 10, 5, 0, -5, 0, 13, 681 }, // U+0356
    { 4, 5, 0, -2, 17, 5, 694 }, // U+0357
    { 3, 3, 0, 2, 16, 3, 699 }, // U+0358
    { 6, 5, 0, -3, 0, 8, 702 }, // U+0359
    { 8, 5, 0, -4, 0, 10, 710 }, // U+035A
    { 4, 5, 0, -2, 17, 5, 720 }, // U+035B
    { 16, 5, 0, -8, 0, 20, 725 }, // U+035C
    { 16, 5, 0, -8, 17, 20, 745 }, // U+035D
    { 14, 2, 0, -7, 14, 7, 765 }, // U+035E
    { 14, 2, 0, -7, -1, 7, 772 }, // U+035F
    { 16, 4, 0, -8, 16, 16, 779 }, // U+0360
    { 16, 5, 0, -8, 18, 20, 795 }, // U+0361
    { 14, 5, 0, -7, 0, 18, 815 }, // U+0362
    { 5, 6, 0, -2, 18, 8, 833 }, // U+0363
    { 5, 6, 0, -2, 18, 8, 841 }, // U+0364
    { 4, 8, 0, -2, 20, 8, 849 }, // U+0365
    { 5, 6, 0, -2, 18, 8, 857 }, // U+0366
    { 6, 6, 0, -3, 18, 9, 865 }, // U+0367
    { 5, 6, 0, -2, 18, 8, 874 }, // U+0368
    { 6, 8, 0, -3, 20, 12, 882 }, // U+0369
    { 6, 8, 0, -3, 20, 12, 894 }, // U+036A
    { 9, 6, 0, -4, 18, 14, 906 }, // U+036B
    { 5, 6, 0, -2, 18, 8, 920 }, // U+036C
    { 4, 7, 0, -2, 19, 7, 928 }, // U+036D
    { 6, 6, 0, -3, 18, 9, 935 }, // U+036E
    { 6, 6, 0, -3, 18, 9, 944 }, // U+036F
    { 13, 20, 209, 0, 20, 65, 0 }, // U+0400
    { 13, 19, 209, 0, 19, 62, 65 }, // U+0401
    { 16, 15, 264, 0, 15, 60, 127 }, // U+0402
    { 12, 19, 188, 0, 19, 57, 187 }, // U+0403
    { 12, 17, 204, 1, 16, 51, 244 }, // U+0404
    { 10, 17, 183, 1, 16, 43, 295 }, // U+0405
    { 7, 15, 124, 0, 15, 27, 338 }, // U+0406
    { 7, 19, 124, 0, 19, 34, 365 }, // U+0407
    { 8, 20, 120, -1, 15, 40, 399 }, // U+0408
    { 20, 16, 321, 0, 15, 80, 439 }, // U+0409
    { 21, 15, 339, 0, 15, 79, 519 }, // U+040A
    { 18, 15, 284, 0, 15, 68, 598 }, // U+040B
    { 15, 19, 235, 0, 19, 72, 666 }, // U+040C
    { 16, 20, 269, 0, 20, 80, 738 }, // U+040D
    { 14, 21, 217, 0, 20, 74, 818 }, // U+040E
    { 16, 19, 262, 0, 15, 76, 892 }, // U+040F
    { 15, 15, 235, 0, 15, 57, 968 }, // U+0410
    { 13, 15, 210, 0, 15, 49, 1025 }, // U+0411
    { 13, 15, 218, 0, 15, 49, 1074 }, // U+0412
    { 12, 15, 188, 0, 15, 45, 1123 }, // U+0413
    { 15, 19, 247, 0, 15, 72, 1168 }, // U+0414
    { 13, 15, 209, 0, 15, 49, 1240 }, // U+0415
    { 22, 15, 327, -1, 15, 83, 1289 }, // U+0416
    { 12, 17, 198, 0, 16, 51, 1372 }, // U+0417
    { 16, 15, 269, 0, 15, 60, 1423 }, // U+0418
    { 16, 20, 269, 0, 20, 80, 1483 }, // U+0419
    { 15, 15, 235, 0, 15, 57, 1563 }, // U+041A
    { 15, 16, 244, 0, 15, 60, 1620 }, // U+041B
    { 20, 15, 318, 0, 15, 75, 1680 }, // U+041C
    { 16, 15, 266, 0, 15, 60, 1755 }, // U+041D
    { 14, 17, 247, 1, 16, 60, 1815 }, // U+041E
    { 16, 15, 262, 0, 15, 60, 1875 }, // U+041F
    { 12, 15, 203, 0, 15, 45, 1935 }, // U+0420
    { 12, 17, 204, 1, 16, 51, 1980 }, // U+0421
    { 13, 15, 208, 0, 15, 49, 2031 }, // U+0422
    { 14, 16, 217, 0, 15, 56, 2080 }, // U+0423
    { 16, 17, 286, 1, 16, 68, 2136 }, // U+0424
    { 14, 15, 221, 0, 15, 53, 2204 }, // U+0425
    { 16, 19, 262, 0, 15, 76, 2257 }, // U+0426
    { 15, 15, 252, 0, 15, 57, 2333 }, // U+0427
    { 22, 15, 358, 0, 15, 83, 2390 }, // U+0428
    { 22, 19, 358, 0, 15, 105, 2473 }, // U+0429
    { 15, 15, 239, 0, 15, 57, 2578 }, // U+042A
    { 19, 15, 305, 0, 15, 72, 2635 }, // U+042B
    { 13, 15, 207, 0, 15, 49, 2707 }, // U+042C
    { 12, 17, 209, 0, 16, 51, 2756 }, // U+042D
    { 21, 17, 340, 0, 16, 90, 2807 }, // U+042E
    { 14, 15, 219, -1, 15, 53, 2897 }, // U+042F
    { 11, 13, 190, 0, 12, 36, 2950 }, // U+0430
    { 11, 18, 194, 1, 17, 50, 2986 }, // U+0431
    { 11, 12, 184, 0, 12, 33, 3036 }, // U+0432
    { 10, 12, 158, 0, 12, 30, 3069 }, // U+0433
    { 13, 16, 206, 0, 12, 52, 3099 }, // U+0434
    { 11, 13, 178, 0, 12, 36, 3151 }, // U+0435
    { 17, 12, 267, 0, 12, 51, 3187 }, // U+0436
    { 10, 13, 158, 0, 12, 33, 3238 }, // U+0437
    { 14, 12, 225, 0, 12, 42, 3271 }, // U+0438
    { 14, 16, 225, 0, 16, 56, 3313 }, // U+0439
    { 13, 12, 197, 0, 12, 39, 3369 }, // U+043A
    { 12, 13, 204, 0, 12, 39, 3408 }, // U+043B
    { 17, 12, 275, 0, 12, 51, 3447 }, // U+043C
    { 14, 12, 223, 0, 12, 42, 3498 }, // U+043D
    { 12, 13, 193, 0, 12, 39, 3540 }, // U+043E
    { 13, 12, 220, 0, 12, 39, 3579 }, // U+043F
    { 13, 17, 212, 0, 12, 56, 3618 }, // U+0440
    { 10, 13, 164, 0, 12, 33, 3674 }, // U+0441
    { 11, 12, 177, 0, 12, 33, 3707 }, // U+0442
    { 12, 18, 190, 0, 12, 54, 3740 }, // U+0443
    { 15, 22, 241, 0, 16, 83, 3794 }, // U+0444
    { 12, 12, 193, 0, 12, 36, 3877 }, // U+0445
    { 14, 16, 220, 0, 12, 56, 3913 }, // U+0446
    { 13, 12, 211, 0, 12, 39, 3969 }, // U+0447
    { 19, 12, 314, 0, 12, 57, 4008 }, // U+0448
    { 19, 16, 314, 0, 12, 76, 4065 }, // U+0449
    { 13, 12, 207, 0, 12, 39, 4141 }, // U+044A
    { 17, 12, 273, 0, 12, 51, 4180 }, // U+044B
    { 11, 12, 179, 0, 12, 33, 4231 }, // U+044C
    { 10, 13, 165, 0, 12, 33, 4264 }, // U+044D
    { 17, 13, 276, 0, 12, 56, 4297 }, // U+044E
    { 12, 12, 190, 0, 12, 36, 4353 }, // U+044F
    { 11, 17, 178, 0, 16, 47, 4389 }, // U+0450
    { 11, 17, 178, 0, 16, 47, 4436 }, // U+0451
    { 12, 21, 201, 0, 16, 63, 4483 }, // U+0452
    { 10, 16, 158, 0, 16, 40, 4546 }, // U+0453
    { 10, 13, 164, 0, 12, 33, 4586 }, // U+0454
    { 9, 13, 151, 0, 12, 30, 4619 }, // U+0455
    { 7, 16, 115, 0, 16, 28, 4649 }, // U+0456
    { 7, 16, 115, 0, 16, 28, 4677 }, // U+0457
    { 5, 21, 108, 0, 16, 27, 4705 }, // U+0458
    { 16, 13, 263, 0, 12, 52, 4732 }, // U+0459
    { 18, 12, 283, 0, 12, 54, 4784 }, // U+045A
    { 13, 16, 220, 0, 16, 52, 4838 }, // U+045B
    { 13, 16, 197, 0, 16, 52, 4890 }, // U+045C
    { 14, 16, 225, 0, 16, 56, 4942 }, // U+045D
    { 12, 22, 190, 0, 16, 66, 4998 }, // U+045E
    { 13, 16, 220, 0, 12, 52, 5064 }, // U+045F
    { 20, 16, 327, 0, 16, 80, 5116 }, // U+0460
    { 16, 12, 271, 0, 12, 48, 5196 }, // U+0461
    { 14, 15, 222, 0, 15, 53, 5244 }, // U+0462
    { 12, 16, 198, 0, 16, 48, 5297 }, // U+0463
    { 19, 17, 304, 0, 16, 81, 5345 }, // U+0464
    { 16, 13, 265, 0, 12, 52, 5426 }, // U+0465
    { 15, 15, 230, 0, 15, 57, 5478 }, // U+0466
    { 13, 12, 196, 0, 12, 39, 5535 }, // U+0467
    { 22, 15, 349, 0, 15, 83, 5574 }, // U+0468
    { 18, 12, 277, 0, 12, 54, 5657 }, // U+0469
    { 17, 15, 262, 0, 15, 64, 5711 }, // U+046A
    { 15, 12, 234, 0, 12, 45, 5775 }, // U+046B
    { 24, 15, 379, 0, 15, 90, 5820 }, // U+046C
    { 20, 12, 315, 0, 12, 60, 5910 }, // U+046D
    { 11, 23, 201, 1, 18, 64, 5970 }, // U+046E
    { 10, 19, 163, 0, 14, 48, 6034 }, // U+046F
    { 18, 15, 276, 0, 15, 68, 6082 }, // U+0470
    { 14, 21, 231, 0, 16, 74, 6150 }, // U+0471
    { 14, 17, 247, 1, 16, 60, 6224 }, // U+0472
    { 10, 13, 192, 1, 12, 33, 6284 }, // U+0473
    { 15, 15, 231, 0, 15, 57, 6317 }, // U+0474
    { 13, 12, 195, 0, 12, 39, 6374 }, // U+0475
    { 15, 19, 231, 0, 19, 72, 6413 }, // U+0476
    { 13, 16, 195, 0, 16, 52, 6485 }, // U+0477
    { 25, 21, 410, 1, 16, 132, 6537 }, // U+0478
    { 21, 17, 348, 1, 12, 90, 6669 }, // U+0479
    { 15, 19, 261, 1, 17, 72, 6759 }, // U+047A
    { 12, 15, 212, 1, 13, 45, 6831 }, // U+047B
    { 19, 23, 327, 1, 22, 110, 6876 }, // U+047C
    { 15, 20, 263, 1, 19, 75, 6986 }, // U+047D
    { 20, 19, 327, 0, 19, 95, 7061 }, // U+047E
    { 16, 15, 271, 0, 15, 60, 7156 }, // U+047F
    { 12, 21, 205, 1, 16, 63, 7216 }, // U+0480
    { 9, 17, 164, 1, 12, 39, 7279 }, // U+0481
    { 11, 15, 203, 1, 14, 42, 7318 }, // U+0482
    { 8, 4, 0, -4, 15, 8, 7360 }, // U+0483
    { 8, 4, 0, -4, 16, 8, 7368 }, // U+0484
    { 4, 5, 0, -2, 17, 5, 7376 }, // U+0485
    { 4, 5, 0, -2, 17, 5, 7381 }, // U+0486
    { 8, 4, 0, -4, 19, 8, 7386 }, // U+0487
    { 26, 24, 0, -13, 18, 156, 7394 }, // U+0488
    { 26, 26, 0, -13, 19, 169, 7550 }, // U+0489
    { 17, 24, 270, 0, 19, 102, 7719 }, // U+048A
    { 14, 21, 225, 0, 16, 74, 7821 }, // U+048B
    { 12, 16, 201, 0, 16, 48, 7895 }, // U+048C
    { 12, 14, 198, 0, 14, 42, 7943 }, // U+048D
    { 12, 15, 201, 0, 15, 45, 7985 }, // U+048E
    { 12, 17, 205, 0, 12, 51, 8030 }, // U+048F
    { 11, 18, 181, 0, 18, 50, 8081 }, // U+0490
    { 9, 14, 148, 0, 14, 32, 8131 }, // U+0491
    { 12, 15, 187, 0, 15, 45, 8163 }, // U+0492
    { 10, 12, 153, 0, 12, 30, 8208 }, // U+0493
    { 14, 21, 219, 0, 15, 74, 8238 }, // U+0494
    { 11, 17, 183, 0, 12, 47, 8312 }, // U+0495
    { 21, 20, 345, 0, 15, 105, 8359 }, // U+0496
    { 19, 17, 307, 0, 12, 81, 8464 }, // U+0497
    { 12, 21, 201, 0, 16, 63, 8545 }, // U+0498
    { 10, 17, 163, 0, 12, 43, 8608 }, // U+0499
    { 15, 20, 247, 0, 15, 75, 8651 }, // U+049A
    { 13, 17, 214, 0, 12, 56, 8726 }, // U+049B
    { 15, 15, 243, 0, 15, 57, 8782 }, // U+049C
    { 14, 12, 215, 0, 12, 42, 8839 }, // U+049D
    { 15, 15, 233, 0, 15, 57, 8881 }, // U+049E
    { 13, 16, 205, 0, 16, 52, 8938 }, // U+049F
    { 17, 15, 262, 0, 15, 64, 8990 }, // U+04A0
    { 15, 12, 236, 0, 12, 45, 9054 }, // U+04A1
    { 16, 20, 264, 0, 15, 80, 9099 }, // U+04A2
    { 14, 17, 229, 0, 12, 60, 9179 }, // U+04A3
    { 18, 15, 293, 0, 15, 68, 9239 }, // U+04A4
    { 16, 12, 260, 0, 12, 48, 9307 }, // U+04A5
    { 22, 21, 351, 0, 15, 116, 9355 }, // U+04A6
    { 18, 17, 296, 0, 12, 77, 9471 }, // U+04A7
    { 14, 17, 247, 1, 16, 60, 9548 }, // U+04A8
    { 12, 13, 208, 1, 12, 39, 9608 }, // U+04A9
    { 12, 21, 205, 1, 16, 63, 9647 }, // U+04AA
    { 9, 17, 164, 1, 12, 39, 9710 }, // U+04AB
    { 13, 20, 204, 0, 15, 65, 9749 }, // U+04AC
    { 11, 17, 182, 0, 12, 47, 9814 }, // U+04AD
    { 15, 15, 208, -1, 15, 57, 9861 }, // U+04AE
    { 12, 17, 193, 0, 12, 51, 9918 }, // U+04AF
    { 15, 15, 208, -1, 15, 57, 9969 }, // U+04B0
    { 12, 17, 193, 0, 12, 51, 10026 }, // U+04B1
    { 15, 20, 236, 0, 15, 75, 10077 }, // U+04B2
    { 13, 17, 204, 0, 12, 56, 10152 }, // U+04B3
    { 18, 20, 298, 0, 15, 90, 10208 }, // U+04B4
    { 17, 17, 272, 0, 12, 73, 10298 }, // U+04B5
    { 16, 20, 252, 0, 15, 80, 10371 }, // U+04B6
    { 13, 17, 213, 0, 12, 56, 10451 }, // U+04B7
    { 15, 15, 252, 0, 15, 57, 10507 }, // U+04B8
    { 13, 12, 211, 0, 12, 39, 10564 }, // U+04B9
    { 16, 15, 252, 0, 15, 60, 10603 }, // U+04BA
    { 13, 16, 212, 0, 16, 52, 10663 }, // U+04BB
    { 16, 17, 269, 0, 16, 68, 10715 }, // U+04BC
    { 13, 13, 213, 0, 12, 43, 10783 }, // U+04BD
    { 16, 21, 269, 0, 16, 84, 10826 }, // U+04BE
    { 13, 17, 213, 0, 12, 56, 10910 }, // U+04BF
    { 7, 15, 122, 0, 15, 27, 10966 }, // U+04C0
    { 22, 19, 327, -1, 19, 105, 10993 }, // U+04C1
    { 17, 16, 267, 0, 16, 68, 11098 }, // U+04C2
    { 14, 21, 231, 0, 15, 74, 11166 }, // U+04C3
    { 13, 17, 204, 0, 12, 56, 11240 }, // U+04C4
    { 15, 20, 243, 0, 15, 75, 11296 }, // U+04C5
    { 13, 17, 204, 0, 12, 56, 11371 }, // U+04C6
    { 16, 20, 261, 0, 15, 80, 11427 }, // U+04C7
    { 14, 17, 226, 0, 12, 60, 11507 }, // U+04C8
    { 17, 20, 264, 0, 15, 85, 11567 }, // U+04C9
    { 14, 17, 223, 0, 12, 60, 11652 }, // U+04CA
    { 15, 20, 252, 0, 15, 75, 11712 }, // U+04CB
    { 13, 17, 213, 0, 12, 56, 11787 }, // U+04CC
    { 20, 20, 313, 0, 15, 100, 11843 }, // U+04CD
    { 17, 17, 275, 0, 12, 73, 11943 }, // U+04CE
    { 7, 15, 122, 0, 15, 27, 12016 }, // U+04CF
    { 15, 19, 235, 0, 19, 72, 12043 }, // U+04D0
    { 10, 17, 188, 1, 16, 43, 12115 }, // U+04D1
    { 15, 19, 235, 0, 19, 72, 12158 }, // U+04D2
    { 10, 17, 188, 1, 16, 43, 12230 }, // U+04D3
    { 19, 15, 317, 0, 15, 72, 12273 }, // U+04D4
    { 16, 13, 280, 1, 12, 52, 12345 }, // U+04D5
    { 13, 19, 208, 0, 19, 62, 12397 }, // U+04D6
    { 10, 17, 178, 1, 16, 43, 12459 }, // U+04D7
    { 13, 17, 230, 1, 16, 56, 12502 }, // U+04D8
    { 9, 13, 178, 1, 12, 30, 12558 }, // U+04D9
    { 13, 20, 230, 1, 19, 65, 12588 }, // U+04DA
    { 9, 17, 178, 1, 16, 39, 12653 }, // U+04DB
    { 22, 19, 327, -1, 19, 105, 12692 }, // U+04DC
    { 17, 16, 267, 0, 16, 68, 12797 }, // U+04DD
    { 12, 20, 198, 0, 19, 60, 12865 }, // U+04DE
    { 10, 17, 158, 0, 16, 43, 12925 }, // U+04DF
    { 12, 16, 201, 0, 15, 48, 12968 }, // U+04E0
    { 11, 17, 182, 0, 12, 47, 13016 }, // U+04E1
    { 16, 18, 269, 0, 18, 72, 13063 }, // U+04E2
    { 14, 15, 225, 0, 15, 53, 13135 }, // U+04E3
    { 16, 19, 269, 0, 19, 76, 13188 }, // U+04E4
    { 14, 16, 225, 0, 16, 56, 13264 }, // U+04E5
    { 14, 20, 247, 1, 19, 70, 13320 }, // U+04E6
    { 10, 17, 192, 1, 16, 43, 13390 }, // U+04E7
    { 14, 17, 247, 1, 16, 60, 13433 }, // U+04E8
    { 10, 13, 192, 1, 12, 33, 13493 }, // U+04E9
    { 14, 20, 247, 1, 19, 70, 13526 }, // U+04EA
    { 10, 17, 192, 1, 16, 43, 13596 }, // U+04EB
    { 12, 20, 209, 0, 19, 60, 13639 }, // U+04EC
    { 10, 17, 165, 0, 16, 43, 13699 }, // U+04ED
    { 14, 19, 217, 0, 18, 67, 13742 }, // U+04EE
    { 12, 20, 188, 0, 15, 60, 13809 }, // U+04EF
    { 14, 20, 217, 0, 19, 70, 13869 }, // U+04F0
    { 12, 21, 188, 0, 16, 63, 13939 }, // U+04F1
    { 14, 20, 217, 0, 19, 70, 14002 }, // U+04F2
    { 12, 21, 188, 0, 16, 63, 14072 }, // U+04F3
    { 15, 19, 252, 0, 19, 72, 14135 }, // U+04F4
    { 13, 16, 211, 0, 16, 52, 14207 }, // U+04F5
    { 12, 20, 187, 0, 15, 60, 14259 }, // U+04F6
    { 10, 17, 153, 0, 12, 43, 14319 }, // U+04F7
    { 19, 19, 305, 0, 19, 91, 14362 }, // U+04F8
    { 17, 16, 273, 0, 16, 68, 14453 }, // U+04F9
    { 12, 20, 187, 0, 15, 60, 14521 }, // U+04FA
    { 10, 17, 153, 0, 12, 43, 14581 }, // U+04FB
    { 14, 20, 220, 0, 15, 70, 14624 }, // U+04FC
    { 12, 17, 193, 0, 12, 51, 14694 }, // U+04FD
    { 14, 15, 220, 0, 15, 53, 14745 }, // U+04FE
    { 12, 12, 193, 0, 12, 36, 14798 }, // U+04FF
    { 15, 19, 235, 0, 15, 72, 0 }, // U+1EA0
    { 10, 16, 188, 1, 12, 40, 72 }, // U+1EA1
    { 15, 21, 235, 0, 21, 79, 112 }, // U+1EA2
    { 10, 19, 188, 1, 18, 48, 191 }, // U+1EA3
    { 15, 21, 235, 0, 21, 79, 239 }, // U+1EA4
    { 11, 18, 188, 1, 17, 50, 318 }, // U+1EA5
    { 15, 21, 235, 0, 21, 79, 368 }, // U+1EA6
    { 11, 18, 188, 0, 17, 50, 447 }, // U+1EA7
    { 15, 22, 235, 0, 22, 83, 497 }, // U+1EA8
    { 10, 19, 188, 1, 18, 48, 580 }, // U+1EA9
    { 15, 22, 235, 0, 22, 83, 628 }, // U+1EAA
    { 10, 20, 188, 1, 19, 50, 711 }, // U+1EAB
    { 15, 23, 235, 0, 19, 87, 761 }, // U+1EAC
    { 10, 20, 188, 1, 16, 50, 848 }, // U+1EAD
    { 15, 22, 235, 0, 22, 83, 898 }, // U+1EAE
    { 10, 19, 188, 1, 18, 48, 981 }, // U+1EAF
    { 15, 22, 235, 0, 22, 83, 1029 }, // U+1EB0
    { 10, 19, 188, 1, 18, 48, 1112 }, // U+1EB1
    { 15, 22, 235, 0, 22, 83, 1160 }, // U+1EB2
    { 10, 20, 188, 1, 19, 50, 1243 }, // U+1EB3
    { 15, 22, 235, 0, 22, 83, 1293 }, // U+1EB4
    { 10, 20, 188, 1, 19, 50, 1376 }, // U+1EB5
    { 15, 23, 235, 0, 19, 87, 1426 }, // U+1EB6
    { 10, 20, 188, 1, 16, 50, 1513 }, // U+1EB7
    { 13, 19, 208, 0, 15, 62, 1563 }, // U+1EB8
    { 10, 16, 178, 1, 12, 40, 1625 }, // U+1EB9
    { 13, 21, 208, 0, 21, 69, 1665 }, // U+1EBA
    { 10, 19, 178, 1, 18, 48, 1734 }, // U+1EBB
    { 13, 19, 208, 0, 19, 62, 1782 }, // U+1EBC
    { 10, 17, 178, 1, 16, 43, 1844 }, // U+1EBD
    { 13, 21, 208, 0, 21, 69, 1887 }, // U+1EBE
    { 11, 18, 178, 1, 17, 50, 1956 }, // U+1EBF
    { 13, 21, 208, 0, 21, 69, 2006 }, // U+1EC0
    { 11, 18, 178, 0, 17, 50, 2075 }, // U+1EC1
    { 13, 22, 208, 0, 22, 72, 2125 }, // U+1EC2
    { 10, 19, 178, 1, 18, 48, 2197 }, // U+1EC3
    { 13, 22, 208, 0, 22, 72, 2245 }, // U+1EC4
    { 10, 20, 178, 1, 19, 50, 2317 }, // U+1EC5
    { 13, 23, 208, 0, 19, 75, 2367 }, // U+1EC6
    { 10, 20, 178, 1, 16, 50, 2442 }, // U+1EC7
    { 7, 21, 122, 0, 21, 37, 2492 }, // U+1EC8
    { 7, 18, 107, 0, 18, 32, 2529 }, // U+1EC9
    { 7, 19, 122, 0, 15, 34, 2561 }, // U+1ECA
    { 7, 20, 107, 0, 16, 35, 2595 }, // U+1ECB
    { 14, 20, 247, 1, 16, 70, 2630 }, // U+1ECC
    { 10, 16, 192, 1, 12, 40, 2700 }, // U+1ECD
    { 14, 22, 247, 1, 21, 77, 2740 }, // U+1ECE
    { 10, 19, 192, 1, 18, 48, 2817 }, // U+1ECF
    { 14, 22, 247, 1, 21, 77, 2865 }, // U+1ED0
    { 11, 18, 192, 1, 17, 50, 2942 }, // U+1ED1
    { 14, 22, 247, 1, 21, 77, 2992 }, // U+1ED2
    { 11, 18, 192, 0, 17, 50, 3069 }, // U+1ED3
    { 14, 23, 247, 1, 22, 81, 3119 }, // U+1ED4
    { 10, 19, 192, 1, 18, 48, 3200 }, // U+1ED5
    { 14, 23, 247, 1, 22, 81, 3248 }, // U+1ED6
    { 10, 20, 192, 1, 19, 50, 3329 }, // U+1ED7
    { 14, 23, 247, 1, 19, 81, 3379 }, // U+1ED8
    { 10, 20, 192, 1, 16, 50, 3460 }, // U+1ED9
    { 15, 20, 259, 1, 19, 75, 3510 }, // U+1EDA
    { 12, 17, 202, 1, 16, 51, 3585 }, // U+1EDB
    { 15, 20, 259, 1, 19, 75, 3636 }, // U+1EDC
    { 12, 17, 202, 1, 16, 51, 3711 }, // U+1EDD
    { 15, 22, 259, 1, 21, 83, 3762 }, // U+1EDE
    { 12, 19, 202, 1, 18, 57, 3845 }, // U+1EDF
    { 15, 20, 259, 1, 19, 75, 3902 }, // U+1EE0
    { 12, 17, 202, 1, 16, 51, 3977 }, // U+1EE1
    { 15, 21, 259, 1, 17, 79, 4028 }, // U+1EE2
    { 12, 18, 202, 1, 14, 54, 4107 }, // U+1EE3
    { 15, 19, 239, 0, 15, 72, 4161 }, // U+1EE4
    { 13, 16, 212, 0, 12, 52, 4233 }, // U+1EE5
    { 15, 22, 239, 0, 21, 83, 4285 }, // U+1EE6
    { 13, 19, 212, 0, 18, 62, 4368 }, // U+1EE7
    { 16, 20, 259, 0, 19, 80, 4430 }, // U+1EE8
    { 15, 17, 225, 0, 16, 64, 4510 }, // U+1EE9
    { 16, 20, 259, 0, 19, 80, 4574 }, // U+1EEA
    { 15, 17, 225, 0, 16, 64, 4654 }, // U+1EEB
    { 16, 22, 259, 0, 21, 88, 4718 }, // U+1EEC
    { 15, 19, 225, 0, 18, 72, 4806 }, // U+1EED
    { 16, 20, 259, 0, 19, 80, 4878 }, // U+1EEE
    { 15, 17, 225, 0, 16, 64, 4958 }, // U+1EEF
    { 16, 21, 259, 0, 17, 84, 5022 }, // U+1EF0
    { 15, 18, 225, 0, 14, 68, 5106 }, // U+1EF1
    { 15, 19, 208, -1, 19, 72, 5174 }, // U+1EF2
    { 12, 21, 188, 0, 16, 63, 5246 }, // U+1EF3
    { 15, 19, 208, -1, 15, 72, 5309 }, // U+1EF4
    { 12, 17, 188, 0, 12, 51, 5381 }, // U+1EF5
    { 15, 21, 208, -1, 21, 79, 5432 }, // U+1EF6
    { 12, 23, 188, 0, 18, 69, 5511 }, // U+1EF7
    { 15, 19, 208, -1, 19, 72, 5580 }, // U+1EF8
    { 12, 21, 188, 0, 16, 63, 5652 }, // U+1EF9
    { 0, 0, 167, 0, 0, 0, 0 }, // U+2000
    { 0, 0, 333, 0, 0, 0, 0 }, // U+2001
    { 0, 0, 167, 0, 0, 0, 0 }, // U+2002
    { 0, 0, 333, 0, 0, 0, 0 }, // U+2003
    { 0, 0, 111, 0, 0, 0, 0 }, // U+2004
    { 0, 0, 83, 0, 0, 0, 0 }, // U+2005
    { 0, 0, 56, 0, 0, 0, 0 }, // U+2006
    { 0, 0, 186, 0, 0, 0, 0 }, // U+2007
    { 0, 0, 83, 0, 0, 0, 0 }, // U+2008
    { 0, 0, 55, 0, 0, 0, 0 }, // U+2009
    { 0, 0, 33, 0, 0, 0, 0 }, // U+200A
    { 0, 0, 0, 0, 0, 0, 0 }, // U+200B
    { 2, 17, 0, -1, 14, 9, 0 }, // U+200C
    { 6, 18, 0, -3, 15, 27, 9 }, // U+200D
    { 6, 18, 0, -1, 15, 27, 36 }, // U+200E
    { 6, 18, 0, -5, 15, 27, 63 }, // U+200F
    { 6, 3, 103, 0, 7, 5, 90 }, // U+2010
    { 6, 3, 103, 0, 7, 5, 95 }, // U+2011
    { 11, 2, 186, 0, 9, 6, 100 }, // U+2012
    { 12, 3, 167, -1, 7, 9, 106 }, // U+2013
    { 22, 3, 333, -1, 7, 17, 115 }, // U+2014
    { 22, 3, 333, -1, 7, 17, 132 }, // U+2015
    { 5, 21, 186, 3, 16, 27, 149 }, // U+2016
    { 10, 5, 137, -1, 0, 13, 176 }, // U+2017
    { 4, 6, 83, 1, 15, 6, 189 }, // U+2018
    { 5, 7, 83, 0, 15, 9, 195 }, // U+2019
    { 5, 7, 83, 0, 3, 9, 204 }, // U+201A
    { 4, 7, 83, 1, 15, 7, 213 }, // U+201B
    { 8, 6, 150, 1, 15, 12, 220 }, // U+201C
    { 9, 7, 150, 0, 15, 16, 232 }, // U+201D
    { 9, 7, 150, 0, 3, 16, 248 }, // U+201E
    { 8, 7, 150, 1, 15, 14, 264 }, // U+201F
    { 9, 19, 149, 0, 16, 43, 278 }, // U+2020
    { 9, 19, 149, 0, 16, 43, 321 }, // U+2021
    { 6, 7, 121, 1, 11, 11, 364 }, // U+2022
    { 7, 7, 167, 2, 11, 13, 375 }, // U+2023
    { 3, 3, 83, 1, 9, 3, 388 }, // U+2024
    { 9, 3, 179, 1, 9, 7, 391 }, // U+2025
    { 16, 4, 286, 1, 3, 16, 398 }, // U+2026
    { 3, 4, 83, 1, 8, 3, 414 }, // U+2027
    { 0, 0, 200, 0, 0, 0, 417 }, // U+2028
    { 0, 0, 200, 0, 0, 0, 417 }, // U+2029
    { 6, 16, 0, -1, 13, 24, 417 }, // U+202A
    { 6, 16, 0, -5, 13, 24, 441 }, // U+202B
    { 6, 18, 0, -3, 15, 27, 465 }, // U+202C
    { 6, 18, 0, -3, 15, 27, 492 }, // U+202D
    { 6, 18, 0, -3, 15, 27, 519 }, // U+202E
    { 0, 0, 55, 0, 0, 0, 546 }, // U+202F
    { 26, 17, 430, 0, 16, 111, 546 }, // U+2030
    { 35, 17, 562, 0, 16, 149, 657 }, // U+2031
    { 4, 6, 63, 0, 15, 6, 806 }, // U+2032
    { 8, 6, 125, 0, 15, 12, 812 }, // U+2033
    { 12, 6, 188, 0, 15, 18, 824 }, // U+2034
    { 4, 6, 63, 0, 15, 6, 842 }, // U+2035
    { 8, 6, 125, 0, 15, 12, 848 }, // U+2036
    { 12, 6, 188, 0, 15, 18, 860 }, // U+2037
    { 7, 6, 133, 1, 1, 11, 878 }, // U+2038
    { 5, 9, 111, 1, 10, 12, 889 }, // U+2039
    { 5, 9, 111, 1, 10, 12, 901 }, // U+203A
    { 15, 15, 273, 1, 15, 57, 913 }, // U+203B
    { 8, 16, 186, 2, 15, 32, 970 }, // U+203C
    { 11, 17, 180, 0, 16, 47, 1002 }, // U+203D
    { 11, 3, 153, -1, 18, 9, 1049 }, // U+203E
    { 16, 5, 0, -8, 0, 20, 1058 }, // U+203F
    { 16, 5, 0, -8, 18, 20, 1078 }, // U+2040
    { 10, 15, 150, 0, 15, 38, 1098 }, // U+2041
    { 19, 16, 333, 1, 16, 76, 1136 }, // U+2042
    { 6, 5, 121, 1, 10, 8, 1212 }, // U+2043
    { 10, 15, 21, -4, 15, 38, 1220 }, // U+2044
    { 5, 19, 120, 2, 16, 24, 1258 }, // U+2045
    { 6, 19, 120, 0, 16, 29, 1282 }, // U+2046
    { 20, 17, 318, 0, 16, 85, 1311 }, // U+2047
    { 14, 17, 256, 0, 16, 60, 1396 }, // U+2048
    { 14, 17, 253, 2, 16, 60, 1456 }, // U+2049
    { 10, 16, 186, 1, 12, 40, 1516 }, // U+204A
    { 13, 19, 206, 0, 16, 62, 1556 }, // U+204B
    { 12, 9, 199, 0, 12, 27, 1618 }, // U+204C
    { 12, 9, 199, 0, 12, 27, 1645 }, // U+204D
    { 10, 9, 167, 0, 12, 23, 1672 }, // U+204E
    { 4, 16, 95, 1, 12, 16, 1695 }, // U+204F
    { 15, 17, 243, 0, 16, 64, 1711 }, // U+2050
    { 10, 18, 167, 0, 16, 45, 1775 }, // U+2051
    { 7, 16, 110, 0, 15, 28, 1820 }, // U+2052
    { 10, 5, 186, 1, 10, 13, 1848 }, // U+2053
    { 16, 5, 0, -8, 0, 20, 1861 }, // U+2054
    { 10, 10, 180, 1, 12, 25, 1881 }, // U+2055
    { 11, 13, 205, 1, 12, 36, 1906 }, // U+2056
    { 14, 6, 231, 0, 15, 21, 1942 }, // U+2057
    { 13, 13, 236, 1, 12, 43, 1963 }, // U+2058
    { 13, 13, 236, 1, 12, 43, 2006 }, // U+2059
    { 4, 17, 96, 1, 16, 17, 2049 }, // U+205A
    { 13, 17, 236, 1, 16, 56, 2066 }, // U+205B
    { 12, 12, 232, 1, 12, 36, 2122 }, // U+205C
    { 4, 17, 96, 1, 16, 17, 2158 }, // U+205D
    { 4, 17, 96, 1, 16, 17, 2175 }, // U+205E
    { 0, 0, 74, 0, 0, 0, 2192 }, // U+205F
    { 0, 0, 200, 0, 0, 0, 2192 }, // U+2060
    { 0, 0, 200, 0, 0, 0, 2192 }, // U+2061
    { 0, 0, 200, 0, 0, 0, 2192 }, // U+2062
    { 0, 0, 200, 0, 0, 0, 2192 }, // U+2063
    { 0, 0, 200, 0, 0, 0, 2192 }, // U+2064
    { 0, 0, 0, 0, 0, 0, 2192 }, // U+2066
    { 0, 0, 0, 0, 0, 0, 2192 }, // U+2067
    { 0, 0, 0, 0, 0, 0, 2192 }, // U+2068
    { 0, 0, 0, 0, 0, 0, 2192 }, // U+2069
    { 6, 18, 0, -3, 15, 27, 2192 }, // U+206A
    { 6, 18, 0, -3, 15, 27, 2219 }, // U+206B
    { 6, 18, 0, -3, 15, 27, 2246 }, // U+206C
    { 6, 18, 0, -3, 15, 27, 2273 }, // U+206D
    { 6, 18, 0, -3, 15, 27, 2300 }, // U+206E
    { 6, 18, 0, -3, 15, 27, 2327 }, // U+206F
    { 8, 11, 133, 0, 18, 22, 0 }, // U+2070
    { 5, 11, 69, 0, 16, 14, 22 }, // U+2071
    { 8, 10, 133, 0, 18, 20, 36 }, // U+2074
    { 8, 10, 133, 0, 17, 20, 56 }, // U+2075
    { 8, 11, 133, 0, 18, 22, 76 }, // U+2076
    { 7, 9, 133, 1, 17, 16, 98 }, // U+2077
    { 8, 11, 133, 0, 18, 22, 114 }, // U+2078
    { 8, 11, 133, 0, 18, 22, 136 }, // U+2079
    { 8, 8, 131, 0, 16, 16, 158 }, // U+207A
    { 8, 2, 131, 0, 13, 4, 174 }, // U+207B
    { 8, 5, 131, 0, 15, 10, 178 }, // U+207C
    { 5, 13, 83, 1, 19, 17, 188 }, // U+207D
    { 5, 13, 83, -1, 19, 17, 205 }, // U+207E
    { 9, 8, 140, 0, 13, 18, 222 }, // U+207F
    { 8, 11, 133, 0, 8, 22, 240 }, // U+2080
    { 7, 10, 133, 0, 8, 18, 262 }, // U+2081
    { 8, 10, 133, 0, 8, 20, 280 }, // U+2082
    { 8, 11, 133, 0, 8, 22, 300 }, // U+2083
    { 8, 10, 133, 0, 8, 20, 322 }, // U+2084
    { 8, 10, 133, 0, 7, 20, 342 }, // U+2085
    { 8, 11, 133, 0, 8, 22, 362 }, // U+2086
    { 7, 9, 133, 1, 7, 16, 384 }, // U+2087
    { 8, 11, 133, 0, 8, 22, 400 }, // U+2088
    { 8, 11, 133, 0, 8, 22, 422 }, // U+2089
    { 8, 8, 131, 0, 6, 16, 444 }, // U+208A
    { 8, 2, 131, 0, 3, 4, 460 }, // U+208B
    { 8, 5, 131, 0, 5, 10, 464 }, // U+208C
    { 5, 13, 83, 1, 9, 17, 474 }, // U+208D
    { 5, 13, 83, -1, 9, 17, 491 }, // U+208E
    { 8, 8, 122, 0, 5, 16, 508 }, // U+2090
    { 7, 8, 116, 0, 5, 14, 524 }, // U+2091
    { 8, 8, 125, 0, 5, 16, 538 }, // U+2092
    { 8, 7, 125, 0, 5, 14, 554 }, // U+2093
    { 7, 8, 116, 0, 5, 14, 568 }, // U+2094
    { 9, 10, 138, 0, 8, 23, 582 }, // U+2095
    { 8, 10, 127, 0, 8, 20, 605 }, // U+2096
    { 5, 10, 67, 0, 8, 13, 625 }, // U+2097
    { 13, 7, 205, 0, 5, 23, 638 }, // U+2098
    { 9, 7, 140, 0, 5, 16, 661 }, // U+2099
    { 8, 10, 133, 0, 5, 20, 677 }, // U+209A
    { 6, 8, 98, 0, 5, 12, 697 }, // U+209B
    { 5, 10, 76, 0, 7, 13, 709 }, // U+209C
    { 14, 16, 221, 0, 16, 56, 0 }, // U+20A0
    { 12, 18, 205, 1, 16, 54, 56 }, // U+20A1
    { 12, 17, 205, 1, 16, 51, 110 }, // U+20A2
    { 11, 15, 186, 0, 15, 42, 161 }, // U+20A3
    { 11, 17, 186, 1, 16, 47, 203 }, // U+20A4
    { 20, 17, 315, 0, 14, 85, 250 }, // U+20A5
    { 14, 15, 221, 0, 15, 53, 335 }, // U+20A6
    { 17, 16, 273, 0, 15, 68, 388 }, // U+20A7
    { 21, 16, 340, 0, 15, 84, 456 }, // U+20A8
    { 23, 15, 349, -1, 15, 87, 540 }, // U+20A9
    { 15, 13, 297, 2, 13, 49, 627 }, // U+20AA
    { 12, 19, 205, 1, 16, 57, 676 }, // U+20AB
    { 12, 17, 186, 0, 16, 51, 733 }, // U+20AC
    { 15, 15, 233, 0, 15, 57, 784 }, // U+20AD
    { 13, 15, 186, 0, 15, 49, 841 }, // U+20AE
    { 21, 22, 333, 0, 17, 116, 890 }, // U+20AF
    { 12, 21, 186, -1, 16, 63, 1006 }, // U+20B0
    { 13, 15, 201, 0, 15, 49, 1069 }, // U+20B1
    { 14, 19, 238, 1, 17, 67, 1118 }, // U+20B2
    { 15, 15, 235, 0, 15, 57, 1185 }, // U+20B3
    { 12, 17, 181, 0, 16, 51, 1242 }, // U+20B4
    { 12, 19, 205, 1, 17, 57, 1293 }, // U+20B5
    { 12, 16, 198, 0, 15, 48, 1350 }, // U+20B6
    { 11, 18, 186, 0, 16, 50, 1398 }, // U+20B7
    { 12, 15, 186, 0, 15, 45, 1448 }, // U+20B8
    { 11, 15, 186, 1, 15, 42, 1493 }, // U+20B9
    { 12, 15, 186, 0, 15, 45, 1535 }, // U+20BA
    { 13, 17, 218, 0, 16, 56, 1580 }, // U+20BB
    { 14, 15, 262, 1, 15, 53, 1636 }, // U+20BC
    { 12, 15, 197, 0, 15, 45, 1689 }, // U+20BD
    { 12, 16, 224, 1, 16, 48, 1734 }, // U+20BE
    { 11, 19, 186, 0, 17, 53, 1782 }, // U+20BF
    { 10, 15, 164, 0, 12, 38, 1835 }, // U+20C0
    { 10, 3, 193, 1, 9, 8, 0 }, // U+2212
    { 17, 17, 236, 0, 17, 73, 0 }, // U+FB00
    { 14, 17, 221, 0, 17, 60, 73 }, // U+FB01
    { 14, 17, 221, 0, 17, 60, 133 }, // U+FB02
    { 21, 17, 334, 0, 17, 90, 193 }, // U+FB03
    { 21, 17, 334, 0, 17, 90, 283 }, // U+FB04
    { 14, 18, 223, 0, 17, 63, 373 }, // U+FB05
    { 16, 18, 263, 0, 17, 72, 436 }, // U+FB06
    { 20, 20, 333, 0, 16, 100, 0 }, // U+FFFD
};

static const EpdUnicodeInterval notoserif_10_regularIntervals[] = {
    { 0x0, 0x0, 0x0 },
    { 0xD, 0xD, 0x1 },
    { 0x20, 0x7E, 0x2 },
    { 0xA0, 0x17F, 0x61 },
    { 0x1A0, 0x1A1, 0x141 },
    { 0x1AF, 0x1B0, 0x143 },
    { 0x1C4, 0x21F, 0x145 },
    { 0x300, 0x36F, 0x1A1 },
    { 0x400, 0x4FF, 0x211 },
    { 0x1EA0, 0x1EF9, 0x311 },
    { 0x2000, 0x2064, 0x36B },
    { 0x2066, 0x2071, 0x3D0 },
    { 0x2074, 0x208E, 0x3DC },
    { 0x2090, 0x209C, 0x3F7 },
    { 0x20A0, 0x20C0, 0x404 },
    { 0x2212, 0x2212, 0x425 },
    { 0xFB00, 0xFB06, 0x426 },
    { 0xFFFD, 0xFFFD, 0x42D },
};

static const EpdFontGroup notoserif_10_regularGroups[] = {
    { 0, 2147, 4210, 97, 0 },
    { 2147, 1806, 4899, 96, 97 },
    { 3953, 2233, 7852, 128, 193 },
    { 6186, 2307, 6914, 96, 321 },
    { 8493, 757, 1091, 112, 417 },
    { 9250, 6081, 16281, 256, 529 },
    { 15331, 1226, 6305, 90, 785 },
    { 16557, 1251, 2739, 111, 875 },
    { 17808, 407, 817, 42, 986 },
    { 18215, 1251, 2015, 33, 1028 },
    { 19466, 11, 9, 1, 1061 },
    { 19477, 228, 569, 7, 1062 },
    { 19705, 85, 100, 1, 1069 },
};

static const uint16_t notoserif_10_regularKernLeftCodepoints[] = {
    0x0022, 0x0026, 0x0027, 0x002A, 0x002C, 0x002E, 0x0040, 0x0041, 0x0042, 0x0044, 0x0045, 0x0046,
    0x0047, 0x004B, 0x004C, 0x004E, 0x004F, 0x0050, 0x0051, 0x0052, 0x0053, 0x0054, 0x0055, 0x0056,
    0x0057, 0x0058, 0x0059, 0x0061, 0x0062, 0x0065, 0x0066, 0x0067, 0x0068, 0x006B, 0x006D, 0x006E,
    0x006F, 0x0070, 0x0072, 0x0073, 0x0076, 0x0077, 0x0079, 0x00A1, 0x00BF, 0x00C0, 0x00C1, 0x00C2,
    0x00C3, 0x00C4, 0x00C5, 0x00C6, 0x00C8, 0x00C9, 0x00CA, 0x00CB, 0x00D0, 0x00D1, 0x00D2, 0x00D3,
    0x00D4, 0x00D5, 0x00D6, 0x00D8, 0x00D9, 0x00DA, 0x00DB, 0x00DC, 0x00DD, 0x00DE, 0x00DF, 0x00E0,
    0x00E1, 0x00E2, 0x00E3, 0x00E4, 0x00E5, 0x00E6, 0x00E8, 0x00E9, 0x00EA, 0x00EB, 0x00F0, 0x00F1,
    0x00F2, 0x00F3, 0x00F4, 0x00F5, 0x00F6, 0x00F8, 0x00FD, 0x00FE, 0x00FF, 0x0100, 0x0102, 0x0104,
    0x010E, 0x010F, 0x0110, 0x0112, 0x0113, 0x0114, 0x0115, 0x0116, 0x0117, 0x0118, 0x0119, 0x011A,
    0x011B, 0x011C, 0x011E, 0x0120, 0x0122, 0x0125, 0x0127, 0x0129, 0x0136, 0x0137, 0x0138, 0x0139,
    0x013B, 0x013E, 0x0141, 0x0143, 0x0144, 0x0145, 0x0146, 0x0147, 0x0148, 0x0149, 0x014B, 0x014C,
    0x014D, 0x014E, 0x014F, 0x0150, 0x0151, 0x0152, 0x0153, 0x0154, 0x0155, 0x0156, 0x0157, 0x0158,
    0x0159, 0x015A, 0x015B, 0x015C, 0x015D, 0x015E, 0x015F, 0x0160, 0x0161, 0x0162, 0x0164, 0x0165,
    0x0166, 0x0168, 0x016A, 0x016C, 0x016E, 0x0170, 0x0172, 0x0174, 0x0175, 0x0176, 0x0177, 0x0178,
    0x01A0, 0x01A1, 0x01AF, 0x01B0, 0x01FA, 0x01FC, 0x01FD, 0x01FE, 0x01FF, 0x0218, 0x0219, 0x021A,
    0x0402, 0x0409, 0x040A, 0x040E, 0x0423, 0x042A, 0x042C, 0x0431, 0x043E, 0x0440, 0x0444, 0x044D,
    0x044E, 0x0457, 0x0460, 0x0462, 0x0465, 0x0466, 0x0468, 0x046A, 0x046C, 0x046E, 0x046F, 0x0472,
    0x0473, 0x0474, 0x0476, 0x0478, 0x0479, 0x047A, 0x047B, 0x047C, 0x047D, 0x047E, 0x0481, 0x048C,
    0x048D, 0x048E, 0x048F, 0x0490, 0x0491, 0x0493, 0x0494, 0x0496, 0x0497, 0x0498, 0x0499, 0x049A,
    0x049B, 0x049C, 0x049D, 0x049E, 0x049F, 0x04A0, 0x04A1, 0x04A3, 0x04A4, 0x04A5, 0x04A6, 0x04A8,
    0x04AB, 0x04AC, 0x04AD, 0x04B2, 0x04B3, 0x04B5, 0x04B7, 0x04BA, 0x04BC, 0x04BD, 0x04BE, 0x04BF,
    0x04C3, 0x04C6, 0x04D0, 0x04D1, 0x04D2, 0x04D3, 0x04D4, 0x04D5, 0x04D6, 0x04D7, 0x04D8, 0x04D9,
    0x04DA, 0x04DB, 0x04E0, 0x04E6, 0x04E7, 0x04E8, 0x04E9, 0x04EA, 0x04EB, 0x04ED, 0x04EE, 0x04EF,
    0x04F0, 0x04F1, 0x04F2, 0x04F3, 0x04F6, 0x04F7, 0x04FB, 0x04FC, 0x04FD, 0x04FE, 0x04FF, 0x1EA0,
    0x1EA1, 0x1EA2, 0x1EA3, 0x1EA4, 0x1EA5, 0x1EA6, 0x1EA7, 0x1EA8, 0x1EA9, 0x1EAA, 0x1EAB, 0x1EAC,
    0x1EAD, 0x1EAE, 0x1EAF, 0x1EB0, 0x1EB1, 0x1EB2, 0x1EB3, 0x1EB4, 0x1EB5, 0x1EB6, 0x1EB7, 0x1EB8,
    0x1EB9, 0x1EBA, 0x1EBB, 0x1EBC, 0x1EBD, 0x1EBE, 0x1EBF, 0x1EC0, 0x1EC1, 0x1EC2, 0x1EC3, 0x1EC4,
    0x1EC5, 0x1EC6, 0x1EC7, 0x1ECC, 0x1ECD, 0x1ECE, 0x1ECF, 0x1ED0, 0x1ED1, 0x1ED2, 0x1ED3, 0x1ED4,
    0x1ED5, 0x1ED6, 0x1ED7, 0x1ED8, 0x1ED9, 0x1EDA, 0x1EDB, 0x1EDC, 0x1EDD, 0x1EDE, 0x1EDF, 0x1EE0,
    0x1EE1, 0x1EE2, 0x1EE3, 0x1EE4, 0x1EE6, 0x1EE8, 0x1EE9, 0x1EEA, 0x1EEB, 0x1EEC, 0x1EED, 0x1EEE,
    0x1EEF, 0x1EF0, 0x1EF1, 0x1EF2, 0x1EF3, 0x1EF4, 0x1EF5, 0x1EF6, 0x1EF7, 0x1EF8, 0x1EF9, 0x2018,
    0x2019, 0x201A, 0x201C, 0x201D, 0x201E, 0x2026, 0x207D, 0x208D, 0xFB00,
};

static const uint8_t notoserif_10_regularKernLeftClassIds[] = {
      1,   2,   1,   3,   4,   4,   5,   6,   7,   8,   9,  10,  11,  12,  13,  14,
      8,   3,   8,  15,  16,  17,  18,  19,  20,  21,  22,  23,  24,  25,  26,  27,
     23,  28,  23,  23,  24,  24,  29,  30,  31,  32,  33,  34,  35,  36,  36,  36,
     36,  36,  36,   9,   9,   9,   9,   9,   8,  14,   8,   8,   8,   8,   8,   8,
     18,  18,  18,  18,  22,   8,  24,  23,  23,  23,  23,  23,  23,  25,  25,  25,
     25,  25,  24,  23,  24,  24,  24,  24,  24,  24,  33,  24,  33,   6,  36,  36,
      8,  37,   8,   9,  25,   9,  25,   9,  25,   9,  25,   9,  25,  11,  11,  11,
     11,  23,  23,  38,  12,  28,  28,  13,  13,  37,  13,  14,  23,  14,  23,  14,
     23,  23,  23,   8,  24,   8,  24,   8,  24,   9,  25,  15,  29,  15,  29,  15,
     29,  16,  30,  16,  30,  16,  30,  16,  30,  17,  17,  39,  17,  18,  18,  18,
     18,  18,  18,  20,  32,  22,  33,  22,  40,  41,  42,  43,   6,   9,  25,   8,
     24,  16,  30,  17,  44,  45,  45,  46,  46,  45,  45,  47,  48,  48,  49,  49,
     49,  50,  51,  52,  53,  54,  54,  55,  55,  56,  24,  51,  48,  57,  57,  33,
     58,  51,  48,  51,  24,  51,  53,  52,  24,  59,  48,  60,  61,  61,  62,  55,
     63,  56,  48,  55,  63,  55,  63,  55,  63,  55,  63,  64,  60,  61,  62,  51,
     53,  60,  61,  65,  63,  64,  64,  62,  51,  48,  51,  48,  62,  64,  54,  23,
     54,  23,  66,  48,  66,  48,  51,  48,  51,  48,  56,  51,  48,  51,  48,  51,
     48,  48,  46,  58,  46,  58,  46,  58,  60,  61,  61,  65,  63,  65,  63,  36,
     23,  36,  23,  36,  23,  36,  23,  36,  23,  36,  23,  36,  23,  36,  23,  36,
     23,  36,  23,  36,  23,  36,  23,   9,  25,   9,  25,   9,  25,   9,  25,   9,
     25,   9,  25,   9,  25,   9,  25,   8,  24,   8,  24,   8,  24,   8,  24,   8,
     24,   8,  24,   8,  24,  40,  41,  40,  41,  40,  41,  40,  41,  40,  41,  18,
     18,  42,  43,  42,  43,  42,  43,  42,  43,  42,  43,  22,  33,  22,  33,  22,
     33,  22,  33,  67,  68,   4,  67,  68,   4,   4,  69,  70,  26,
};

static const uint16_t notoserif_10_regularKernRightCodepoints[] = {
    0x0021, 0x0022, 0x0026, 0x0027, 0x0029, 0x002A, 0x002C, 0x002E, 0x003A, 0x003B, 0x003F, 0x0040,
    0x0041, 0x0042, 0x0043, 0x0044, 0x0045, 0x0046, 0x0047, 0x0048, 0x0049, 0x004A, 0x004B, 0x004C,
    0x004D, 0x004E, 0x004F, 0x0050, 0x0051, 0x0052, 0x0053, 0x0054, 0x0055, 0x0056, 0x0057, 0x0058,
    0x0059, 0x005A, 0x005D, 0x0061, 0x0062, 0x0063, 0x0064, 0x0065, 0x0067, 0x0068, 0x0069, 0x006B,
    0x006C, 0x006D, 0x006E, 0x006F, 0x0070, 0x0071, 0x0072, 0x0073, 0x0074, 0x0075, 0x0076, 0x0077,
    0x0078, 0x0079, 0x007A, 0x007D, 0x00AB, 0x00B7, 0x00BB, 0x00C0, 0x00C1, 0x00C2, 0x00C3, 0x00C4,
    0x00C5, 0x00C6, 0x00C7, 0x00C8, 0x00C9, 0x00CA, 0x00CB, 0x00CC, 0x00CD, 0x00CE, 0x00CF, 0x00D0,
    0x00D1, 0x00D2, 0x00D3, 0x00D4, 0x00D5, 0x00D6, 0x00D8, 0x00D9, 0x00DA, 0x00DB, 0x00DC, 0x00DD,
    0x00DE, 0x00E0, 0x00E1, 0x00E2, 0x00E3, 0x00E4, 0x00E5, 0x00E6, 0x00E7, 0x00E8, 0x00E9, 0x00EA,
    0x00EB, 0x00EC, 0x00ED, 0x00EE, 0x00EF, 0x00F0, 0x00F1, 0x00F2, 0x00F3, 0x00F4, 0x00F5, 0x00F6,
    0x00F8, 0x00F9, 0x00FA, 0x00FB, 0x00FC, 0x00FD, 0x00FE, 0x00FF, 0x0100, 0x0101, 0x0102, 0x0103,
    0x0104, 0x0105, 0x0106, 0x0107, 0x0108, 0x0109, 0x010A, 0x010B, 0x010C, 0x010D, 0x010E, 0x010F,
    0x0110, 0x0111, 0x0112, 0x0113, 0x0114, 0x0115, 0x0116, 0x0117, 0x0118, 0x0119, 0x011A, 0x011B,
    0x011C, 0x011D, 0x011E, 0x011F, 0x0120, 0x0121, 0x0122, 0x0123, 0x0124, 0x0125, 0x0126, 0x0127,
    0x0128, 0x0129, 0x012A, 0x012B, 0x012C, 0x012D, 0x012E, 0x012F, 0x0130, 0x0132, 0x0133, 0x0134,
    0x0136, 0x0137, 0x0138, 0x0139, 0x013A, 0x013B, 0x013C, 0x013D, 0x013E, 0x013F, 0x0140, 0x0141,
    0x0142, 0x0143, 0x0144, 0x0145, 0x0146, 0x0147, 0x0148, 0x014A, 0x014B, 0x014C, 0x014D, 0x014E,
    0x014F, 0x0150, 0x0151, 0x0152, 0x0153, 0x0154, 0x0155, 0x0156, 0x0157, 0x0158, 0x015A, 0x015B,
    0x015C, 0x015D, 0x015E, 0x015F, 0x0160, 0x0161, 0x0162, 0x0163, 0x0164, 0x0165, 0x0166, 0x0167,
    0x0168, 0x0169, 0x016A, 0x016B, 0x016C, 0x016D, 0x016E, 0x016F, 0x0170, 0x0171, 0x0172, 0x0173,
    0x0174, 0x0175, 0x0176, 0x0177, 0x0178, 0x0179, 0x017A, 0x017B, 0x017C, 0x017D, 0x017E, 0x01A0,
    0x01A1, 0x01AF, 0x01B0, 0x01FA, 0x01FB, 0x01FC, 0x01FD, 0x01FE, 0x01FF, 0x0218, 0x0219, 0x021A,
    0x021B, 0x0402, 0x040B, 0x040E, 0x0416, 0x0422, 0x0423, 0x0425, 0x0427, 0x042A, 0x042F, 0x0431,
    0x0436, 0x0443, 0x0445, 0x0447, 0x0451, 0x0456, 0x045E, 0x0460, 0x0462, 0x0466, 0x046A, 0x046E,
    0x0472, 0x0473, 0x0478, 0x0479, 0x047A, 0x047B, 0x047C, 0x047D, 0x047E, 0x0480, 0x0481, 0x0496,
    0x0498, 0x0499, 0x04A0, 0x04A1, 0x04A8, 0x04A9, 0x04AA, 0x04AB, 0x04AC, 0x04AD, 0x04B2, 0x04B4,
    0x04B5, 0x04B6, 0x04B7, 0x04B8, 0x04B9, 0x04C1, 0x04C2, 0x04CB, 0x04CC, 0x04D0, 0x04D2, 0x04D4,
    0x04D5, 0x04D7, 0x04D8, 0x04D9, 0x04DA, 0x04DC, 0x04DD, 0x04E0, 0x04E1, 0x04E6, 0x04E7, 0x04E8,
    0x04E9, 0x04EA, 0x04EB, 0x04EE, 0x04EF, 0x04F0, 0x04F1, 0x04F2, 0x04F3, 0x04F4, 0x04F5, 0x04FC,
    0x04FE, 0x1EA0, 0x1EA1, 0x1EA2, 0x1EA3, 0x1EA4, 0x1EA5, 0x1EA6, 0x1EA7, 0x1EA8, 0x1EA9, 0x1EAA,
    0x1EAB, 0x1EAC, 0x1EAD, 0x1EAE, 0x1EAF, 0x1EB0, 0x1EB1, 0x1EB2, 0x1EB3, 0x1EB4, 0x1EB5, 0x1EB6,
    0x1EB7, 0x1EB8, 0x1EB9, 0x1EBA, 0x1EBB, 0x1EBC, 0x1EBD, 0x1EBE, 0x1EBF, 0x1EC0, 0x1EC1, 0x1EC2,
    0x1EC3, 0x1EC4, 0x1EC5, 0x1EC6, 0x1EC7, 0x1EC9, 0x1ECB, 0x1ECC, 0x1ECD, 0x1ECE, 0x1ECF, 0x1ED0,
    0x1ED1, 0x1ED2, 0x1ED3, 0x1ED4, 0x1ED5, 0x1ED6, 0x1ED7, 0x1ED8, 0x1ED9, 0x1EDA, 0x1EDB, 0x1EDC,
    0x1EDD, 0x1EDE, 0x1EDF, 0x1EE0, 0x1EE1, 0x1EE2, 0x1EE3, 0x1EE4, 0x1EE5, 0x1EE6, 0x1EE7, 0x1EE8,
    0x1EE9, 0x1EEA, 0x1EEB, 0x1EEC, 0x1EED, 0x1EEE, 0x1EEF, 0x1EF0, 0x1EF1, 0x1EF2, 0x1EF3, 0x1EF4,
    0x1EF5, 0x1EF6, 0x1EF7, 0x1EF8, 0x1EF9, 0x2018, 0x2019, 0x201A, 0x201C, 0x201D, 0x201E, 0x2026,
    0x2039, 0x203A, 0x207E, 0x208E,
};

static const uint8_t notoserif_10_regularKernRightClassIds[] = {
      1,   2,   3,   2,   4,   5,   6,   7,   8,   8,   9,  10,  11,  12,  13,  12,
     12,  12,  13,  12,  12,  14,  12,  12,  12,  12,  13,  12,  13,  12,  15,  16,
     17,  18,  19,  20,  21,  22,   4,  23,  24,  25,  25,  25,  26,  24,  27,  24,
     24,  27,  27,  25,  27,  25,  27,  28,  29,  30,  31,  32,  33,  34,  35,   4,
     36,  37,  36,  11,  11,  11,  11,  11,  11,  38,  13,  12,  12,  12,  12,  12,
     12,  12,  12,  12,  12,  13,  13,  13,  13,  13,  13,  17,  17,  17,  17,  21,
     12,  23,  23,  23,  23,  23,  23,  23,  25,  25,  25,  25,  25,  39,  27,  39,
     39,  25,  27,  25,  25,  25,  25,  25,  25,  30,  30,  30,  30,  34,  24,  34,
     11,  23,  11,  23,  11,  23,  13,  25,  13,  25,  13,  25,  13,  25,  12,  25,
     12,  25,  12,  25,  12,  25,  12,  25,  12,  25,  12,  25,  13,  25,  13,  25,
     13,  25,  13,  25,  12,  24,  12,  24,  12,  40,  12,  39,  12,  39,  12,  27,
     12,  12,  27,  14,  12,  24,  27,  12,  24,  12,  24,  12,  24,  12,  24,  12,
     24,  12,  27,  12,  27,  12,  27,  12,  27,  13,  25,  13,  25,  13,  25,  13,
     25,  12,  27,  12,  27,  12,  15,  28,  15,  28,  15,  28,  15,  28,  16,  29,
     16,  29,  16,  29,  17,  30,  17,  30,  17,  30,  17,  30,  17,  30,  17,  30,
     19,  32,  21,  34,  21,  22,  35,  22,  35,  22,  35,  13,  25,  17,  30,  11,
     23,  38,  23,  13,  25,  15,  28,  16,  29,  41,  41,  42,  41,  41,  42,  41,
     43,  41,  44,  45,  46,  47,  46,  48,  49,  50,  47,  51,  16,  52,  53,  54,
     51,  55,  51,  55,  51,  55,  51,  25,  51,  51,  55,  53,  54,  56,  57,  58,
     51,  55,  51,  55,  57,  58,  53,  57,  58,  59,  60,  43,  48,  41,  46,  59,
     60,  52,  52,  38,  61,  55,  51,  61,  51,  41,  46,  54,  35,  51,  55,  51,
     55,  51,  55,  42,  62,  42,  62,  42,  62,  43,  48,  53,  53,  11,  23,  11,
     23,  11,  23,  11,  23,  11,  23,  11,  23,  11,  23,  11,  23,  11,  23,  11,
     23,  11,  23,  11,  23,  12,  25,  12,  25,  12,  25,  12,  25,  12,  25,  12,
     25,  12,  25,  12,  25,  27,  27,  13,  25,  13,  25,  13,  25,  13,  25,  13,
     25,  13,  25,  13,  25,  13,  25,  13,  25,  13,  25,  13,  25,  13,  25,  17,
     30,  17,  30,  17,  30,  17,  30,  17,  30,  17,  30,  17,  30,  21,  34,  21,
     34,  21,  34,  21,  34,  63,   5,   7,  63,   5,   7,   7,  36,  36,  64,  65,
};

static const uint16_t notoserif_10_regularKernRowOffsets[] = {
        0,     5,    10,    16,    32,    34,    50,    64,    77,    80,    89,    95,   101,   113,   114,   125,
      137,   148,   153,   165,   176,   180,   194,   199,   205,   208,   213,   214,   216,   220,   222,   225,
      228,   231,   234,   239,   255,   271,   272,   276,   295,   304,   320,   326,   335,   336,   338,   343,
      346,   350,   352,   359,   365,   366,   384,   398,   407,   421,   423,   427,   441,   445,   452,   456,
      457,   468,   469,   472,   479,   480,   481,
};

static const uint8_t notoserif_10_regularKernSparseCols[] = {
     10,  24,  25,  37,  51,   8,  15,  17,  18,  20,   2,   5,   6,  10,  37,  51,
      8,  12,  15,  16,  17,  18,  20,  30,  31,  33,  50,  56,  57,  58,  59,  61,
     10,  20,   1,   4,   8,  12,  15,  16,  17,  18,  20,  24,  25,  29,  30,  31,
     33,  62,   4,   8,  10,  15,  17,  18,  19,  20,  21,  31,  33,  37,  51,  56,
      5,   6,   8,  10,  15,  17,  18,  19,  20,  37,  51,  52,  56,  17,  18,  20,
      2,   5,   6,   9,  10,  22,  24,  25,  37,   8,  15,  17,  18,  20,  37,  12,
     24,  25,  29,  31,  33,   1,   4,   8,  15,  17,  18,  20,  30,  31,  33,  36,
     62,  35,   4,   8,  12,  15,  16,  17,  18,  20,  30,  31,  33,   8,  10,  15,
     17,  18,  19,  20,  31,  33,  37,  51,  56,   2,   5,   6,   9,  10,  12,  22,
     24,  25,  27,  37,   5,   6,   9,  10,  37,   2,   5,   6,   9,  10,  12,  22,
     24,  25,  27,  37,  51,   5,   6,   9,  10,  12,  22,  24,  25,  27,  34,  37,
     12,  14,  31,  33,   2,   5,   6,   9,  10,  12,  14,  22,  24,  25,  27,  34,
     37,  51,   1,  33,  58,  59,  61,  17,  18,  20,  33,  58,  61,  17,  18,  20,
      1,   3,   4,  38,  39,  18,  24,  25,   4,   5,   6,  22,  20,  58,   5,   6,
     10,   5,   6,  10,   5,   6,  10,  17,  18,  20,   8,  15,  17,  18,  20,   1,
      4,   8,  12,  15,  16,  17,  18,  20,  24,  25,  29,  30,  31,  33,  62,   0,
      1,   3,   4,   8,  11,  13,  15,  16,  17,  18,  19,  20,  21,  23,  62,  39,
      1,   3,   8,  23,   5,   6,   7,   8,  10,  15,  17,  18,  20,  22,  24,  25,
     26,  27,  28,  30,  31,  32,  33,   4,   5,   6,  26,  28,  29,  30,  31,  33,
      5,   6,   7,  10,  12,  22,  24,  25,  26,  27,  28,  29,  30,  31,  33,  34,
      4,   5,   6,  26,  28,  30,   1,   8,  15,  42,  45,  46,  47,  56,  62,  56,
     48,  49,  40,  41,  56,  58,  59,  56,  58,  59,  42,  56,  58,  59,  42,  62,
      5,   6,  37,  51,  52,  56,  58,   1,   4,  56,  58,  59,  62,  58,   1,   4,
      8,  12,  15,  17,  20,  24,  25,  29,  31,  33,  50,  56,  57,  58,  59,  62,
     12,  24,  25,  29,  31,  33,  44,  50,  53,  54,  57,  58,  59,  61,   5,   6,
     31,  33,  37,  51,  52,  57,  58,   5,   6,  12,  22,  24,  25,  27,  37,  50,
     51,  53,  54,  55,  60,   5,   6,   5,   6,  37,  51,   5,   6,  12,  22,  24,
     25,  27,  37,  43,  50,  51,  54,  55,  60,   4,   5,   6,  51,   1,   4,   8,
     15,  56,  58,  61,  24,  25,  54,  60,   3,  12,  24,  25,  29,  31,  33,  50,
     53,  57,  58,  61,  57,  10,  37,  51,  10,  12,  22,  24,  25,  27,  39,  63,
     64,
};

static const int8_t notoserif_10_regularKernSparseValues[] = {
     -27,   -7,  -20,  -40,  -27,  -10,  -10,  -13,  -13,  -10,   -3,  -40,  -40,  -17,  -27,  -17,
     -30,   -7,  -30,   -7,  -37,  -30,  -27,  -23,  -20,  -17,   -7,  -30,  -23,  -27,  -17,  -17,
     -10,   -3,  -27,  -23,  -20,   -7,  -20,   -7,  -27,  -23,  -23,   -7,   -7,   -7,  -20,  -10,
     -17,  -23,   -7,   -7,   -7,   -7,  -13,  -10,   -7,  -13,   -7,   -3,   -7,  -10,   -7,   -7,
      -7,   -7,   -7,   -7,   -7,   -7,   -7,   -7,  -10,  -17,   -7,   -7,   -7,   -7,   -7,   -7,
      -7,  -40,  -40,  -13,  -23,  -13,  -13,  -13,  -37,   -7,   -7,   -7,   -7,   -7,   -7,   -7,
      -7,   -7,   -7,  -10,  -10,  -20,  -27,  -23,  -23,  -17,  -17,  -20,   -7,   -3,  -10,   -7,
     -27,   -3,   -7,   -7,   -7,   -7,   -3,  -10,  -10,  -10,   -3,   -3,   -7,   -7,   -7,   -7,
      -7,   -7,   -7,   -7,   -3,   -7,   -7,   -7,   -7,   -3,  -30,  -30,  -10,  -20,   -7,  -10,
     -17,  -17,   -2,  -27,   -7,   -7,   -3,   -7,  -13,  -10,  -37,  -37,  -17,  -27,   -7,  -20,
     -20,  -20,  -13,  -43,  -27,  -30,  -30,  -17,  -23,   -7,  -23,  -20,  -20,  -17,  -10,  -43,
      -7,   -3,  -10,  -17,   -3,  -27,  -27,  -13,  -23,  -10,   -7,  -20,  -23,  -23,  -20,   -7,
     -30,  -23,  -13,   -7,  -10,   -7,   -7,  -20,  -20,  -23,   -7,  -10,   -7,  -20,  -20,  -20,
      27,   30,   27,   13,   13,   -7,   -7,   -7,   10,  -43,  -43,   -7,  -20,   -7,  -17,  -23,
     -20,  -23,  -23,  -10,  -30,  -30,  -17,  -10,   -7,  -10,   -7,   -7,  -17,  -17,  -17,  -27,
     -23,  -20,   -7,  -20,   -7,  -27,  -23,  -23,   -7,   -7,   -7,  -17,  -10,  -17,  -23,    7,
      17,   27,   13,   37,   17,   20,   17,   23,   27,   23,   23,   33,   13,   30,    3,   20,
       7,   17,    7,   13,   -7,   -7,   -3,    7,  -13,    7,    7,    7,    7,   -7,   -7,   -7,
      -3,   -7,   -3,   -7,   -7,   -7,   -7,    7,   -7,   -7,    7,   10,    7,   10,   10,   10,
      -7,   -7,   -3,  -20,   -7,  -17,  -17,  -17,  -10,  -20,   -3,  -10,   -7,   -7,   -7,  -10,
       7,   -3,   -3,    7,   10,   10,  -13,   -3,   -3,  -13,   -3,  -13,  -10,  -10,  -17,  -10,
     -18,  -10,   -7,   -3,  -10,  -10,   -3,  -10,  -10,   -3,  -10,  -10,  -10,   -3,   -3,   -3,
      -7,   -7,  -17,   -7,   -7,   -7,   -7,  -10,  -17,  -10,  -10,   -7,  -10,  -10,  -27,  -23,
     -20,   -7,  -20,  -27,  -23,   -7,   -7,   -7,  -10,  -17,   -7,  -20,  -13,  -30,  -13,  -23,
      -7,   -7,   -7,   -7,  -10,  -10,   -7,   -7,   -7,   -7,  -10,   -7,   -7,   -7,   -7,   -7,
      -3,   -7,  -10,   -7,   -7,   -7,  -13,  -33,  -33,   -7,  -20,  -20,  -20,  -13,  -43,   -7,
     -33,   -7,  -13,  -10,  -13,  -30,  -30,  -40,  -40,  -27,  -17,  -30,  -30,   -7,  -10,  -10,
     -10,   -3,  -27,   -7,   -7,  -20,  -10,  -10,  -10,   10,  -23,  -23,  -10,  -20,  -23,  -23,
     -23,  -23,  -23,  -10,   -7,   -7,   -7,   -7,    7,   -7,   -7,   -7,   -7,  -10,  -17,   -7,
      -7,  -13,   -7,  -10,   -7,  -23,  -47,  -23,  -33,   -7,  -10,  -13,  -13,  -17,    3,   17,
      17,
};

static const EpdLigaturePair notoserif_10_regularLigaturePairs[] = {
    { 0x00660066, 0xFB00 }, // f f -> U+FB00
    { 0x00660069, 0xFB01 }, // f i -> U+FB01
    { 0x0066006C, 0xFB02 }, // f l -> U+FB02
    { 0xFB000069, 0xFB03 }, // U+FB00 i -> U+FB03
    { 0xFB00006C, 0xFB04 }, // U+FB00 l -> U+FB04
};

static const EpdFontData notoserif_10_regular = {
    notoserif_10_regularBitmaps,
    notoserif_10_regularGlyphs,
    notoserif_10_regularIntervals,
    18,
    28,
    23,
    -7,
    true,
    notoserif_10_regularGroups,
    13,
    nullptr,
    nullptr,  // kernLeftClasses: built-in fonts use the split arrays below
    nullptr,  // kernRightClasses
    notoserif_10_regularKernLeftCodepoints,
    notoserif_10_regularKernLeftClassIds,
    notoserif_10_regularKernRightCodepoints,
    notoserif_10_regularKernRightClassIds,
    nullptr,  // kernMatrix: built-in fonts use the sparse form below
    notoserif_10_regularKernRowOffsets,
    notoserif_10_regularKernSparseCols,
    notoserif_10_regularKernSparseValues,
    381,
    448,
    70,
    65,
    notoserif_10_regularLigaturePairs,
    5,
};
