/**
 * generated by fontconvert.py
 * name: notosans_12_regular
 * size: 12
 * mode: 2-bit  compressed: true
 * Command used: fontconvert.py notosans_12_regular 12 ../builtinFonts/source/NotoSans/NotoSans-Regular.ttf --2bit --compress --pnum --zopfli --mono
 */
#pragma once
#include "EpdFontData.h"

static const uint8_t notosans_12_regularBitmaps[13054] = {
    0xAD, 0x97, 0x5D, 0xAA, 0xEB, 0x3A, 0x0C, 0x85, 0x3F, 0xD0, 0xEB, 0x06, 0x4D, 0xA5, 0x03, 0x10,
    0x68, 0xEA, 0x86, 0x3D, 0x80, 0x4E, 0x65, 0x41, 0x5F, 0x05, 0xBA, 0xB6, 0x93, 0x70, 0xDA, 0xDD,
    0x7B, 0xFE, 0x8F, 0xB4, 0xBE, 0xD5, 0x34, 0x71, 0x1C, 0xC7, 0x72, 0x20, 0x01, 0x6A, 0x85, 0x56,
    0xDC, 0x6E, 0xB7, 0xFD, 0x57, 0xA5, 0x23, 0x6E, 0x2B, 0x09, 0x83, 0xF0, 0x83, 0xDB, 0x44, 0x4E,
    0x76, 0xD7, 0x02, 0x05, 0x8C, 0xC0, 0x36, 0x37, 0xBA, 0x5B, 0x0B, 0x43, 0xF8, 0x66, 0xE0, 0x76,
    0x80, 0x96, 0xAC, 0xC9, 0x3E, 0x2E, 0xC0, 0xA1, 0x16, 0x59, 0x58, 0x0F, 0x1E, 0x42, 0x85, 0x62,
    0x4A, 0x0F, 0x75, 0x8F, 0x2C, 0xD0, 0x92, 0x8B, 0x20, 0x8B, 0xE0, 0x16, 0x08, 0x7D, 0x30, 0x90,
    0xDB, 0x32, 0xE7, 0xB4, 0x8F, 0xC8, 0x71, 0x8B, 0x68, 0x65, 0x69, 0xC8, 0xF5, 0x18, 0x37, 0xEC,
    0x73, 0x99, 0x8D, 0xC0, 0x97, 0xC5, 0x1A, 0x63, 0x30, 0x84, 0x78, 0xC8, 0x44, 0x0E, 0x7A, 0x80,
    0xB5, 0xC0, 0x47, 0x81, 0x13, 0x97, 0x8D, 0x02, 0xFB, 0x14, 0xEC, 0x26, 0x14, 0xE0, 0x77, 0x9C,
    0x34, 0x39, 0x41, 0x4D, 0x91, 0xCB, 0x5C, 0x14, 0x26, 0x92, 0x2C, 0xB2, 0x2B, 0xB1, 0x96, 0x0F,
    0x1D, 0x61, 0xB2, 0xE1, 0x38, 0xB1, 0xB3, 0xD0, 0x53, 0x16, 0xB5, 0xF7, 0x26, 0x8E, 0x0D, 0x93,
    0xF6, 0x3F, 0x5F, 0x39, 0xEC, 0x5B, 0xEA, 0xDA, 0xF2, 0xDD, 0x53, 0x12, 0x08, 0xE2, 0xD4, 0x08,
    0xEB, 0xE8, 0x19, 0x14, 0xF4, 0xBA, 0x65, 0xFF, 0x94, 0x33, 0x08, 0x9E, 0xD5, 0x3B, 0xBE, 0xEC,
    0xCC, 0x88, 0x90, 0x7A, 0x66, 0x55, 0x61, 0x03, 0x9F, 0x62, 0x29, 0x2E, 0x69, 0xC9, 0xA6, 0xC6,
    0x92, 0xF3, 0x72, 0xBC, 0x80, 0x1E, 0xDE, 0x72, 0x2A, 0x88, 0x20, 0x03, 0xAF, 0x37, 0xC5, 0x52,
    0x06, 0xE1, 0x94, 0xB7, 0xAC, 0x07, 0x32, 0xA5, 0x4A, 0x12, 0xDF, 0x4D, 0xEB, 0x91, 0xAD, 0xA2,
    0x20, 0x2E, 0xD5, 0x39, 0x9A, 0x63, 0x9C, 0xB1, 0xFF, 0x5D, 0x9B, 0xBD, 0xC3, 0x7B, 0x74, 0x2B,
    0xBE, 0x9C, 0x65, 0xB2, 0x3E, 0xCA, 0x5C, 0x90, 0xE0, 0x5B, 0x39, 0xA8, 0xBD, 0x92, 0x07, 0x08,
    0x6C, 0xE2, 0x93, 0x8F, 0x49, 0x4C, 0x24, 0x6C, 0x1C, 0x38, 0x22, 0x0E, 0x76, 0x76, 0xF7, 0x58,
    0x80, 0x78, 0x26, 0x5B, 0x53, 0x05, 0x7A, 0x52, 0xF7, 0xD4, 0xC0, 0x04, 0xB5, 0x15, 0x5B, 0x35,
    0x4C, 0xBB, 0x1B, 0xC8, 0xB2, 0xAE, 0xE3, 0x9E, 0x12, 0xE2, 0x50, 0xAB, 0xBB, 0x9A, 0x3C, 0xE7,
    0xF0, 0x92, 0x13, 0xDE, 0x45, 0x8F, 0xDE, 0xF1, 0x5A, 0x8D, 0xAB, 0x54, 0x57, 0x5F, 0xEF, 0xD3,
    0x66, 0x3D, 0xBC, 0x2B, 0x8F, 0x62, 0x5D, 0x45, 0xB1, 0x87, 0x68, 0xEC, 0xAC, 0x63, 0xC6, 0x53,
    0xD5, 0xB2, 0xCB, 0x5A, 0xFB, 0x2C, 0xE5, 0xAE, 0x72, 0x91, 0xC2, 0xA7, 0x6A, 0xF7, 0x90, 0xF7,
    0xBB, 0xF7, 0xEB, 0xA2, 0x30, 0xF9, 0x6A, 0xCF, 0xAD, 0xEA, 0xC6, 0x11, 0x55, 0xF5, 0x91, 0xF9,
    0xC1, 0x11, 0x19, 0x51, 0x12, 0x18, 0x24, 0xA6, 0xCB, 0x28, 0x70, 0x41, 0x83, 0x17, 0x34, 0x58,
    0xEF, 0xE0, 0x8A, 0xDE, 0x71, 0x36, 0x79, 0xF9, 0x49, 0xAC, 0x68, 0x5C, 0x34, 0x08, 0x7C, 0x4F,
    0xFA, 0xCD, 0x04, 0x97, 0xF6, 0x04, 0x9C, 0x97, 0x11, 0x0C, 0x6C, 0x70, 0x84, 0xE9, 0x14, 0xF4,
    0x3E, 0xB7, 0xA1, 0xF6, 0x43, 0x08, 0x72, 0x20, 0x9C, 0xD6, 0x47, 0x58, 0x97, 0x87, 0x73, 0xF3,
    0xDB, 0x32, 0x39, 0x72, 0x05, 0xDA, 0x5B, 0x6B, 0xDF, 0x6C, 0xE2, 0x9F, 0x15, 0x61, 0xBD, 0xF6,
    0x03, 0x0E, 0x60, 0x03, 0x83, 0xFE, 0x2C, 0xF0, 0xD6, 0xFE, 0x8F, 0xEB, 0x1B, 0x11, 0x07, 0x95,
    0x20, 0xDF, 0x98, 0x7C, 0x58, 0xF7, 0x66, 0xFF, 0x03, 0x25, 0xD4, 0xD9, 0x32, 0x04, 0xD9, 0x3D,
    0xE8, 0x2E, 0x8A, 0x9E, 0xF8, 0x17, 0x8A, 0xEB, 0xF8, 0xB9, 0x6F, 0xBC, 0x92, 0x74, 0xD7, 0x64,
    0xF7, 0xC4, 0xBE, 0xCE, 0x30, 0x12, 0xA8, 0x13, 0xFD, 0x80, 0x02, 0x72, 0x31, 0xCE, 0xD9, 0x9A,
    0x7C, 0x19, 0xCF, 0x28, 0x4C, 0x05, 0x17, 0xF5, 0x05, 0x1D, 0x98, 0x5E, 0xC7, 0x33, 0x26, 0x9A,
    0x2A, 0x78, 0xD5, 0x4F, 0xF6, 0xFF, 0xDE, 0x59, 0x97, 0xC8, 0x3D, 0xC7, 0x72, 0x31, 0xBE, 0x7F,
    0xEF, 0xAD, 0x03, 0x36, 0x35, 0xC9, 0xC5, 0x40, 0xDE, 0x2D, 0x26, 0x05, 0x3F, 0xA4, 0xBB, 0x37,
    0x3F, 0x6D, 0x37, 0xD3, 0xF9, 0x7E, 0xA6, 0x5A, 0xD4, 0x2F, 0xA5, 0x4C, 0x3D, 0xAE, 0x4A, 0xE4,
    0xB5, 0x93, 0xB2, 0x41, 0x39, 0x54, 0x4C, 0x0A, 0x7A, 0x71, 0x2E, 0xBE, 0xF2, 0x41, 0xD9, 0xE2,
    0xBA, 0x48, 0x3E, 0xAD, 0x1E, 0x7E, 0x47, 0x57, 0x55, 0xC0, 0x96, 0xB9, 0x7A, 0x4C, 0x7B, 0x9C,
    0x16, 0x92, 0x2E, 0xAB, 0x42, 0xAA, 0xD8, 0x66, 0x43, 0x95, 0xCB, 0x7C, 0x9B, 0xA3, 0xB2, 0xFB,
    0xB2, 0x5E, 0x56, 0xA8, 0xD8, 0xA6, 0x65, 0x54, 0x2F, 0x06, 0xF5, 0x58, 0x88, 0xD2, 0x22, 0x26,
    0x49, 0x95, 0x2F, 0x46, 0x95, 0xA9, 0x8A, 0x45, 0x45, 0x91, 0x13, 0x5F, 0x54, 0x61, 0x13, 0x8A,
    0x2E, 0xBC, 0x7B, 0xE4, 0x30, 0x25, 0x54, 0x9D, 0x4F, 0xD7, 0x89, 0x7F, 0x21, 0x17, 0x75, 0x3D,
    0xAF, 0xC3, 0xE4, 0xC7, 0x92, 0x3D, 0xA4, 0xA2, 0x8A, 0xDC, 0xF2, 0x6B, 0xA3, 0xF6, 0x54, 0x50,
    0xBC, 0x8B, 0x7F, 0x75, 0x75, 0x08, 0x20, 0x01, 0x1F, 0x60, 0xD5, 0x0D, 0xDD, 0x4F, 0x55, 0xDC,
    0xF8, 0xF9, 0x1B, 0x94, 0x5D, 0xCF, 0xDA, 0x73, 0xC5, 0xDF, 0xAB, 0x6E, 0x2D, 0xEF, 0x4A, 0x3E,
    0x02, 0x0A, 0x02, 0x72, 0x6A, 0x60, 0x0D, 0x2D, 0xAC, 0x20, 0xAE, 0xDD, 0x31, 0xA8, 0x6E, 0x65,
    0x8F, 0x6B, 0xB5, 0xE3, 0xF0, 0x37, 0x14, 0xE8, 0x4F, 0x08, 0x6C, 0x24, 0x3E, 0xBC, 0x1B, 0xEB,
    0x42, 0x50, 0x35, 0x09, 0x50, 0x62, 0x72, 0x6C, 0x6C, 0x66, 0x4E, 0x67, 0xA3, 0x04, 0xC5, 0xC1,
    0x55, 0x87, 0xAB, 0x16, 0x3E, 0x36, 0xB5, 0x2D, 0xBE, 0xB9, 0x92, 0xD0, 0xE1, 0x26, 0xBF, 0xBC,
    0x56, 0xCF, 0x0A, 0x1B, 0x36, 0xDD, 0x97, 0xA7, 0xEF, 0xF7, 0xB2, 0xE9, 0x8F, 0xE5, 0x4C, 0xCF,
    0xE5, 0x56, 0xD0, 0x7C, 0xF3, 0xBC, 0x66, 0x54, 0xD4, 0x31, 0xD6, 0xE1, 0x9C, 0x63, 0x54, 0x80,
    0xAE, 0xF5, 0x71, 0x8C, 0x87, 0x5C, 0x08, 0x4A, 0xCF, 0x77, 0x8D, 0x4F, 0x0F, 0x4C, 0x05, 0x55,
    0x6F, 0x47, 0x12, 0xBB, 0x8E, 0x4A, 0x90, 0x4F, 0xFD, 0x39, 0xDF, 0xA5, 0x77, 0x40, 0xBE, 0xBE,
    0x84, 0x7D, 0x77, 0x47, 0x1F, 0xA1, 0x96, 0xF8, 0x79, 0xAE, 0x76, 0xCF, 0x6B, 0xC9, 0xB7, 0x6C,
    0x6C, 0x09, 0x0E, 0x5D, 0x2D, 0xF0, 0x43, 0xEB, 0x70, 0xCF, 0xB4, 0x9F, 0xE7, 0x6E, 0x77, 0x9E,
    0xDD, 0x70, 0x5F, 0xF5, 0x98, 0x72, 0x34, 0x15, 0xC4, 0x94, 0xF0, 0xEE, 0x9A, 0xAA, 0xF3, 0x85,
    0x9C, 0xC0, 0x5B, 0x4E, 0x41, 0x1C, 0xB2, 0xAE, 0xEC, 0xD5, 0xB6, 0x08, 0x51, 0x45, 0x65, 0x97,
    0x57, 0x08, 0x5E, 0x14, 0x3C, 0x5A, 0x4D, 0x15, 0xD7, 0xDB, 0xD2, 0xA5, 0x22, 0xB7, 0xA2, 0x5B,
    0xEA, 0xC1, 0xF5, 0xB1, 0x90, 0x10, 0x50, 0x97, 0x5E, 0xE6, 0xA2, 0x65, 0x2D, 0xF0, 0x17, 0x85,
    0x5B, 0xDF, 0x7D, 0x74, 0xBE, 0xBD, 0x73, 0xC7, 0x56, 0x92, 0xDE, 0x3D, 0xDB, 0x5C, 0x97, 0xB8,
    0xDE, 0xF9, 0xF0, 0xDE, 0xF1, 0x74, 0x09, 0xF3, 0x2E, 0xEB, 0x22, 0x65, 0x6B, 0x32, 0xB9, 0x44,
    0xF7, 0xF2, 0x9F, 0x8A, 0xE0, 0x57, 0x07, 0x83, 0x1F, 0xBA, 0x91, 0xD9, 0xE5, 0x3D, 0x04, 0x2F,
    0xF2, 0x3D, 0x75, 0xA3, 0xEA, 0x98, 0xE4, 0xEF, 0xAB, 0x04, 0xE8, 0x39, 0x4C, 0x36, 0xD8, 0xF1,
    0x4B, 0xCB, 0x01, 0xF1, 0x45, 0x1F, 0x32, 0x1D, 0xC5, 0x50, 0x21, 0xF1, 0x18, 0xB4, 0xA8, 0x42,
    0x89, 0x1C, 0xD9, 0x58, 0x0D, 0x28, 0xBD, 0x07, 0xC9, 0x1A, 0xF9, 0x1A, 0xBB, 0x3D, 0x46, 0x15,
    0x4D, 0x14, 0xC7, 0x1D, 0xFC, 0xBA, 0x91, 0xD7, 0xC2, 0xF9, 0xD9, 0xDD, 0x93, 0x60, 0x2D, 0x7C,
    0x14, 0x49, 0x12, 0xBC, 0xBF, 0xE4, 0xC5, 0xC1, 0x3E, 0xEE, 0x5D, 0xBB, 0x3D, 0xC1, 0x1E, 0xE3,
    0x0F, 0x96, 0x66, 0x75, 0x4B, 0xEF, 0x85, 0xE1, 0xF7, 0xCB, 0xFC, 0x2C, 0x9F, 0x93, 0xF3, 0x68,
    0x0A, 0xBD, 0x25, 0x45, 0xB6, 0xD2, 0xC6, 0xB7, 0xCF, 0x33, 0x61, 0x0D, 0x7E, 0x3E, 0xFC, 0xC7,
    0x87, 0x52, 0x36, 0xC7, 0x47, 0x70, 0xB7, 0x8F, 0xF7, 0xB4, 0xA6, 0x45, 0xFC, 0x40, 0xE7, 0xE3,
    0xDA, 0x71, 0x4E, 0x0E, 0x71, 0x4D, 0xDD, 0x46, 0xD8, 0x98, 0x7C, 0x4E, 0x1E, 0x03, 0x16, 0x3D,
    0x49, 0x36, 0x45, 0x11, 0x41, 0x1F, 0x56, 0x69, 0x77, 0xE4, 0x76, 0x1F, 0xD3, 0x3E, 0xA7, 0xF9,
    0xE7, 0xE7, 0xF0, 0xFB, 0xDC, 0x9C, 0xFB, 0x1F, 0xA7, 0x15, 0x0D, 0x45, 0x6E, 0x5B, 0x39, 0x9C,
    0x38, 0x2E, 0xF2, 0xD0, 0x4B, 0xE7, 0x7B, 0xFB, 0x71, 0x0C, 0xE0, 0xAA, 0xD9, 0x53, 0x15, 0x09,
    0x72, 0xFB, 0x66, 0xD4, 0x6E, 0xB7, 0xD8, 0x83, 0xBC, 0x48, 0x0E, 0xE2, 0xA4, 0x00, 0x41, 0x2F,
    0x98, 0xF4, 0xD3, 0x97, 0x61, 0x40, 0x61, 0xC2, 0x9E, 0xBE, 0x13, 0xBB, 0x35, 0x85, 0xD3, 0xA6,
    0xE7, 0x47, 0xC5, 0xCF, 0xB7, 0x48, 0x7B, 0x4E, 0xD1, 0xA4, 0xBE, 0x1B, 0x34, 0xFE, 0xE5, 0x14,
    0xFA, 0xB5, 0x63, 0xDF, 0x1D, 0x8B, 0x2C, 0xAB, 0xEE, 0x61, 0xF5, 0x1F, 0xBD, 0x98, 0x5B, 0x8A,
    0x23, 0xCF, 0xAF, 0x84, 0x3F, 0xD0, 0xAB, 0x41, 0x5B, 0xA9, 0x05, 0x08, 0xB4, 0x75, 0x81, 0x17,
    0xD0, 0x5B, 0x09, 0xE8, 0x57, 0x81, 0x4E, 0x55, 0xBA, 0x8C, 0x3D, 0x9E, 0x7F, 0x0F, 0x3F, 0xCF,
    0x98, 0x93, 0x19, 0x5F, 0xB4, 0xEB, 0xA2, 0x70, 0x76, 0xD7, 0x35, 0x9B, 0xAD, 0x7B, 0x83, 0x4D,
    0x67, 0xEB, 0xBD, 0x11, 0x10, 0xD8, 0xC8, 0x47, 0x09, 0x01, 0xFD, 0xAB, 0x62, 0x29, 0x6B, 0xF3,
    0x11, 0x53, 0xF7, 0xE5, 0xB6, 0x19, 0xAB, 0x8B, 0x17, 0xCE, 0x43, 0x33, 0xDA, 0xE5, 0xF0, 0xAC,
    0x80, 0x59, 0xAD, 0xD3, 0x73, 0xDA, 0xD1, 0x85, 0x88, 0xBB, 0x1C, 0xF9, 0x74, 0x4F, 0x6E, 0x5C,
    0x1A, 0x53, 0x60, 0xE5, 0xF8, 0x01, 0x56, 0xB9, 0x13, 0xA0, 0x06, 0x09, 0xB2, 0x16, 0x3E, 0x03,
    0xCE, 0xC2, 0x67, 0x1E, 0xCB, 0x27, 0xD2, 0xBD, 0x01, 0xCF, 0x8B, 0x3E, 0x95, 0xA3, 0xF3, 0x57,
    0x00, 0x17, 0x3E, 0x84, 0x2B, 0x38, 0xE5, 0x57, 0xD9, 0x14, 0x5E, 0x98, 0x40, 0x85, 0xE6, 0x28,
    0x41, 0xAD, 0xC6, 0xA7, 0xA0, 0xAD, 0xB1, 0xC2, 0x71, 0x36, 0xAB, 0xB0, 0xA9, 0xDA, 0xDC, 0xD0,
    0x16, 0xB0, 0xE9, 0x6E, 0x71, 0xB7, 0x73, 0xDD, 0xE6, 0x94, 0xC2, 0xA7, 0xE4, 0x84, 0xD5, 0x0A,
    0xA0, 0x69, 0xC8, 0x29, 0x46, 0x9B, 0x08, 0xEB, 0x89, 0xDA, 0xFB, 0x34, 0xB5, 0x99, 0xDA, 0xAF,
    0x4A, 0xAF, 0x70, 0x14, 0x84, 0xE3, 0x56, 0xC7, 0xE8, 0x74, 0x6C, 0x9D, 0xD5, 0xC0, 0x9F, 0x35,
    0x1A, 0xFD, 0x36, 0x46, 0xAC, 0xC2, 0x87, 0xDA, 0xDC, 0x4B, 0x9B, 0x5B, 0x6D, 0xBA, 0x99, 0x57,
    0xC8, 0x87, 0xDD, 0x9C, 0x6D, 0xD9, 0xB1, 0x55, 0x71, 0x98, 0x3B, 0xDF, 0xBF, 0x8D, 0x71, 0xA6,
    0x0E, 0xBC, 0x23, 0x37, 0x97, 0xC9, 0xC2, 0xB3, 0x29, 0x82, 0x67, 0xCD, 0x6A, 0x2F, 0x2B, 0x81,
    0xB9, 0x35, 0x49, 0x04, 0x81, 0xAC, 0x9C, 0x40, 0x4C, 0x1F, 0x7D, 0x4B, 0x1C, 0xF7, 0xF6, 0xC6,
    0x8F, 0x3E, 0x9D, 0xF2, 0x4A, 0x02, 0x21, 0xE2, 0x27, 0xF5, 0xA1, 0x9E, 0xE9, 0xEF, 0xB9, 0x08,
    0x5E, 0x64, 0x33, 0xE5, 0x73, 0xAD, 0x3C, 0x99, 0x17, 0xF2, 0x09, 0xDF, 0xC1, 0xFE, 0x1B, 0xDD,
    0xED, 0x24, 0x56, 0xD4, 0x57, 0x0D, 0x5E, 0x59, 0xDF, 0x65, 0x2F, 0xDD, 0xD5, 0xA1, 0x4B, 0x79,
    0xB9, 0x2E, 0x8A, 0xD4, 0x76, 0xA1, 0xF3, 0x3C, 0x8C, 0x56, 0x32, 0xF5, 0xEE, 0x6E, 0xE7, 0xE1,
    0xDD, 0xB7, 0x5A, 0x11, 0x64, 0x21, 0xBE, 0x0F, 0xBB, 0x96, 0x15, 0x56, 0xCE, 0xDD, 0xE2, 0xB0,
    0xCD, 0x77, 0x53, 0x1E, 0xA3, 0x98, 0xC3, 0xBE, 0xC0, 0x6D, 0xB7, 0x8B, 0x3B, 0xC4, 0xC5, 0x41,
    0x39, 0xB5, 0xEC, 0x3C, 0xFE, 0x87, 0x15, 0x22, 0xCB, 0xEA, 0x76, 0x50, 0xAF, 0xAF, 0xA1, 0x5A,
    0x76, 0xE4, 0x7D, 0x4D, 0xD9, 0xD5, 0xAC, 0xEC, 0x0B, 0x2B, 0xE2, 0x66, 0x0E, 0x22, 0xA0, 0x10,
    0x76, 0xC6, 0x4E, 0xE5, 0x32, 0x61, 0xD5, 0x81, 0x83, 0xDF, 0x2C, 0xA0, 0x11, 0x7E, 0x18, 0x6E,
    0xB5, 0x4C, 0xB8, 0x9B, 0x3A, 0xC2, 0x95, 0x8A, 0x75, 0xA4, 0xE2, 0x30, 0x1D, 0xE5, 0x25, 0xDC,
    0xA6, 0x6F, 0x16, 0x20, 0x74, 0xD8, 0x06, 0xBD, 0xB4, 0x71, 0xB6, 0x0D, 0x74, 0xC8, 0x0A, 0x87,
    0x00, 0x3D, 0xA9, 0xAD, 0x72, 0xE4, 0x0D, 0x09, 0x38, 0x60, 0x05, 0x08, 0x38, 0x3F, 0xBB, 0x1E,
    0x44, 0xDC, 0xE8, 0x04, 0xF9, 0xC2, 0xE4, 0x65, 0x33, 0x8B, 0xB5, 0x04, 0x4A, 0xE8, 0x38, 0xF7,
    0x16, 0xE4, 0x12, 0x0D, 0x26, 0xB0, 0xFA, 0x6C, 0xB6, 0xD7, 0xA3, 0x5E, 0xFE, 0xD9, 0xEC, 0xB1,
    0x62, 0x06, 0xAB, 0xF8, 0x6C, 0xEE, 0x7D, 0x09, 0x3E, 0x9B, 0xFB, 0x5C, 0x9B, 0x02, 0xFF, 0x50,
    0x2E, 0x33, 0x53, 0xA7, 0xDB, 0x77, 0x01, 0x76, 0x3D, 0xDC, 0x6F, 0x6E, 0x87, 0xE7, 0xF2, 0x58,
    0xDE, 0x36, 0x03, 0x5A, 0xBE, 0x2A, 0xED, 0xE6, 0x65, 0x05, 0xCE, 0xC3, 0x73, 0x79, 0xAC, 0xED,
    0xBD, 0x9C, 0x9C, 0xF5, 0xD3, 0xCB, 0x48, 0xA0, 0x4F, 0xF4, 0x07, 0x1A, 0xC8, 0x83, 0x02, 0x9F,
    0x81, 0x03, 0x03, 0x1C, 0xB0, 0x73, 0xAF, 0xAB, 0x20, 0xEF, 0x4F, 0x28, 0x1A, 0x2E, 0x70, 0x7F,
    0xF0, 0x36, 0xBC, 0xE8, 0xCF, 0xEB, 0xF1, 0xC7, 0xB5, 0xF4, 0xF7, 0x21, 0x8D, 0x0D, 0x7E, 0xAD,
    0x40, 0x7F, 0x1D, 0xE2, 0x56, 0xBB, 0x80, 0xBF, 0x4E, 0x68, 0xF2, 0x3C, 0x18, 0xA3, 0x91, 0xF3,
    0x73, 0x4F, 0x8D, 0x68, 0x93, 0x95, 0xF3, 0xDF, 0xF6, 0x36, 0x79, 0x47, 0xC8, 0x21, 0x3B, 0xDB,
    0xEA, 0xE7, 0xEE, 0x9D, 0xAD, 0x56, 0xF0, 0x1F, 0x93, 0x7D, 0x84, 0xCF, 0xE0, 0xE4, 0xFD, 0xB4,
    0x6D, 0x87, 0x38, 0xC9, 0x99, 0x1B, 0xCE, 0x22, 0x4E, 0xFA, 0xB6, 0xAF, 0xD7, 0xAA, 0x1D, 0xC1,
    0x38, 0xF6, 0x35, 0x18, 0x0D, 0x70, 0x78, 0xCF, 0x41, 0xD1, 0xDF, 0x07, 0xA2, 0x75, 0x10, 0x3B,
    0x49, 0xB7, 0x1F, 0x54, 0xB7, 0xA9, 0x9B, 0x83, 0x8E, 0x26, 0x77, 0xFC, 0xA0, 0x1B, 0xDB, 0xA1,
    0xFF, 0xE7, 0xED, 0x74, 0x1A, 0x9F, 0xA9, 0x2C, 0x53, 0x42, 0xF7, 0x79, 0x79, 0x9D, 0xF8, 0x0B,
    0x79, 0xD0, 0xF7, 0x0B, 0xB6, 0x4C, 0x47, 0x2D, 0x33, 0x8F, 0x0B, 0xC2, 0x0A, 0x9C, 0xCF, 0x66,
    0x7B, 0x41, 0x3E, 0x6E, 0xA7, 0x1F, 0xCD, 0x1E, 0xC3, 0x66, 0xB0, 0xEA, 0xCF, 0xE6, 0x76, 0xDC,
    0x80, 0x8F, 0xE6, 0x8A, 0x68, 0x94, 0x56, 0xFE, 0x85, 0x35, 0xE7, 0xF5, 0xEA, 0x15, 0x26, 0xD1,
    0xC5, 0x06, 0x3B, 0xD3, 0xE1, 0x33, 0xBA, 0x7D, 0x99, 0x77, 0xE3, 0x21, 0x22, 0x45, 0xEF, 0xC8,
    0x65, 0xE5, 0x72, 0x6E, 0x04, 0x29, 0x91, 0x23, 0x22, 0x8B, 0x5E, 0x35, 0x33, 0xD5, 0x33, 0x2B,
    0x8C, 0x06, 0xE2, 0xF9, 0xC4, 0x81, 0x06, 0xFD, 0x0D, 0x81, 0x55, 0x9E, 0x27, 0xBA, 0x4D, 0xFF,
    0xFA, 0xFC, 0x75, 0x3E, 0x9B, 0xED, 0x05, 0x59, 0x20, 0x61, 0x15, 0x9F, 0xCD, 0xD6, 0x09, 0xFC,
    0x7F, 0xFC, 0x3D, 0x1E, 0xFB, 0xE1, 0xF8, 0x39, 0x8D, 0xB2, 0x95, 0x20, 0xC8, 0x83, 0x02, 0x3F,
    0xE0, 0x47, 0xFA, 0xAE, 0x69, 0x66, 0xD4, 0xD6, 0x4D, 0x2E, 0xF9, 0xFD, 0x43, 0xCF, 0x68, 0xA6,
    0x1A, 0xEE, 0xC2, 0xA7, 0xC8, 0x11, 0x4D, 0x23, 0xE2, 0x44, 0xC8, 0x0A, 0x39, 0x28, 0x4F, 0xBC,
    0x90, 0x35, 0x62, 0x10, 0x7E, 0x50, 0x8B, 0xDA, 0x99, 0x41, 0xD9, 0x98, 0x40, 0x10, 0xE0, 0x00,
    0x04, 0x3E, 0x72, 0x1A, 0xE2, 0x26, 0x9B, 0xCE, 0x89, 0x20, 0x9A, 0x10, 0xDD, 0x74, 0x4E, 0x7B,
    0x07, 0x26, 0xBC, 0x48, 0x88, 0x37, 0x0B, 0x07, 0x06, 0xBB, 0x96, 0xA3, 0xB7, 0x0A, 0x5D, 0xE1,
    0xA3, 0xB0, 0x7A, 0xAB, 0xCA, 0xAE, 0xB2, 0x6B, 0xC1, 0xDB, 0x83, 0xDC, 0xAB, 0x76, 0x31, 0x30,
    0x6F, 0xD6, 0x36, 0x49, 0xCE, 0x75, 0xCA, 0x6D, 0xAE, 0x82, 0xA6, 0x0F, 0x8B, 0x65, 0x36, 0x33,
    0x9D, 0x87, 0x05, 0x7D, 0x6E, 0xD3, 0x61, 0x6D, 0x5F, 0x5C, 0x72, 0xBE, 0x8E, 0x0C, 0x1B, 0x91,
    0xEC, 0xEE, 0xF5, 0x3F, 0xFE, 0x67, 0xF0, 0x98, 0x5D, 0x8F, 0x6C, 0x74, 0x2E, 0x7F, 0x81, 0x95,
    0x39, 0xFC, 0x7E, 0x50, 0xCF, 0xA8, 0x4E, 0x22, 0xC8, 0xC0, 0x67, 0xB5, 0xA7, 0x28, 0xF3, 0x69,
    0x9B, 0xC6, 0x1E, 0x6F, 0x2C, 0xEF, 0x15, 0xE6, 0xE3, 0xA0, 0xBE, 0x55, 0xB8, 0x0E, 0x8F, 0x80,
    0xB7, 0xAA, 0x1E, 0xAF, 0x22, 0xE0, 0x3F, 0xF7, 0x73, 0x7E, 0x0B, 0xA0, 0x1F, 0xFB, 0xE3, 0xD5,
    0x03, 0xAC, 0x7E, 0xEA, 0x6A, 0x35, 0xFC, 0xF9, 0xFB, 0xD0, 0x05, 0xEB, 0x86, 0x2C, 0x18, 0x61,
    0xDA, 0x21, 0x80, 0x84, 0xF9, 0xC2, 0x67, 0x48, 0xB2, 0x02, 0x5F, 0x34, 0xB6, 0xE3, 0x8B, 0xC0,
    0x49, 0x12, 0x9F, 0xC6, 0x46, 0xB8, 0xB6, 0x1C, 0x85, 0x17, 0x40, 0xF2, 0x3D, 0x1A, 0xBA, 0x89,
    0x5D, 0xFA, 0x59, 0xF6, 0xFC, 0x92, 0xEB, 0xDC, 0x5A, 0x72, 0x4B, 0xAC, 0x26, 0x49, 0x02, 0xA7,
    0xF1, 0x7A, 0x26, 0x7E, 0x1F, 0xC1, 0xAF, 0xF7, 0xBC, 0xF8, 0xC7, 0xAC, 0x04, 0xD6, 0x94, 0x40,
    0x38, 0xF1, 0x4F, 0x59, 0xD6, 0x17, 0x3C, 0x9B, 0x8B, 0xE9, 0xDF, 0x72, 0xEA, 0x06, 0xF0, 0x4F,
    0x39, 0x5C, 0x78, 0xDC, 0x05, 0x61, 0x56, 0x3B, 0x17, 0xE2, 0xBE, 0xC9, 0x1D, 0x9B, 0x39, 0xB3,
    0x87, 0x60, 0x68, 0xFB, 0xAA, 0x76, 0xAF, 0xCE, 0x9D, 0xF0, 0x0A, 0x79, 0x65, 0x39, 0x59, 0xB7,
    0xEC, 0x1C, 0x71, 0x01, 0xBC, 0x7E, 0xBD, 0x98, 0x41, 0xC4, 0x1F, 0x74, 0xDE, 0x87, 0x26, 0x1E,
    0x57, 0xB2, 0xDE, 0x2C, 0x7C, 0x9E, 0x6F, 0xBC, 0x53, 0xB8, 0x97, 0xEC, 0x82, 0x37, 0xBF, 0xCE,
    0x04, 0xFE, 0x72, 0xA2, 0x41, 0x35, 0x4E, 0x2C, 0x72, 0xF9, 0xA2, 0xFA, 0x71, 0xE0, 0xBE, 0xEB,
    0x41, 0x72, 0x23, 0x4E, 0x1A, 0x10, 0xCC, 0x01, 0xA0, 0x17, 0xC5, 0xF3, 0x15, 0x95, 0xC2, 0x4F,
    0x3D, 0x9E, 0xBB, 0x31, 0x23, 0x4D, 0xBD, 0x16, 0xF2, 0x72, 0xDE, 0x7C, 0x7E, 0xA8, 0xFF, 0x07,
    0xAD, 0x99, 0x4B, 0x8E, 0x32, 0x3B, 0x0C, 0x85, 0x3F, 0xC9, 0x53, 0x24, 0x6F, 0x05, 0xE9, 0x4E,
    0x23, 0x79, 0xEB, 0x96, 0x7A, 0x01, 0x6C, 0xE5, 0x48, 0x4C, 0x2D, 0xF9, 0x52, 0x09, 0xA5, 0x1F,
    0xFA, 0x0D, 0x8D, 0xE3, 0xCF, 0x40, 0x55, 0x12, 0x9F, 0xB8, 0x79, 0xA4, 0xAA, 0xE9, 0x66, 0x02,
    0x60, 0x09, 0xAE, 0x7F, 0x8C, 0xB1, 0xA8, 0x00, 0xF9, 0xC4, 0xE4, 0x69, 0xDD, 0x93, 0xF9, 0x0A,
    0x14, 0x50, 0xD7, 0x9E, 0x43, 0x10, 0xDE, 0xBA, 0x38, 0xC0, 0x60, 0x7B, 0x4E, 0xC1, 0x58, 0x6E,
    0x5D, 0xD1, 0x63, 0x30, 0x8A, 0x21, 0xAA, 0xA8, 0xE8, 0xF2, 0x1A, 0xE4, 0x9A, 0x9E, 0x28, 0x70,
    0xBD, 0x54, 0xCE, 0x81, 0xA3, 0x23, 0xEB, 0xA4, 0x79, 0x4C, 0xD4, 0x8B, 0x04, 0x00, 0x03, 0xD0,
    0x0D, 0x0D, 0x1C, 0x1E, 0x50, 0xC2, 0x11, 0x04, 0x89, 0x25, 0x34, 0x1C, 0xA0, 0x00, 0xB1, 0x34,
    0xB2, 0x2C, 0x9A, 0xA9, 0x23, 0x8D, 0x00, 0xEA, 0x8A, 0xBE, 0xA1, 0x80, 0xD8, 0x48, 0xF0, 0x6E,
    0xD8, 0x30, 0xE1, 0x89, 0xC3, 0x00, 0x20, 0xB0, 0x96, 0xA7, 0x02, 0x06, 0xD4, 0x8D, 0x8F, 0xE9,
    0x01, 0xDE, 0xB2, 0x9E, 0xA3, 0x08, 0x41, 0x15, 0x96, 0xFE, 0x5A, 0x51, 0x01, 0x8D, 0xBD, 0xA5,
    0xA3, 0x87, 0x45, 0x4D, 0xE0, 0xB5, 0x82, 0xC6, 0x74, 0x78, 0x48, 0x8D, 0x29, 0xA0, 0x04, 0x21,
    0xF0, 0x7C, 0xA9, 0x22, 0x47, 0xF6, 0x96, 0x34, 0x8C, 0x07, 0x45, 0xE5, 0x00, 0xE9, 0x3A, 0x1B,
    0xD3, 0xBA, 0xF3, 0x42, 0x51, 0x34, 0x85, 0x67, 0x61, 0x2A, 0xD8, 0xA9, 0x77, 0x68, 0x61, 0x5A,
    0x7D, 0x63, 0x8E, 0xED, 0x4E, 0xC0, 0xFD, 0xCA, 0x01, 0x7C, 0x80, 0xC3, 0x70, 0xAC, 0x4F, 0x78,
    0x36, 0x41, 0x30, 0x70, 0xEA, 0x1D, 0x63, 0x31, 0xCF, 0x7B, 0xF7, 0xEA, 0xDF, 0x9A, 0xCF, 0x9D,
    0xD8, 0x3F, 0x6C, 0xE5, 0x30, 0xAE, 0x44, 0xF7, 0xC2, 0x99, 0x8C, 0x2B, 0xB5, 0xFA, 0x7A, 0xCE,
    0xB1, 0x2D, 0xC0, 0x17, 0xD1, 0x9A, 0xE0, 0x70, 0x7C, 0x56, 0x53, 0x5E, 0x1C, 0xE8, 0xD6, 0xC5,
    0x0B, 0xEE, 0xFC, 0xA7, 0xE3, 0x3E, 0xFD, 0xE6, 0xAF, 0x55, 0xC1, 0x18, 0xC4, 0xC0, 0x7B, 0xDA,
    0xCD, 0x5F, 0xCB, 0xBC, 0xCB, 0xBA, 0x0E, 0xE8, 0xC0, 0x4C, 0x5A, 0x3C, 0x9F, 0xF7, 0xF6, 0x4B,
    0xF1, 0x91, 0xEC, 0xD7, 0x59, 0x78, 0x3E, 0xF5, 0x75, 0x46, 0x1E, 0xCB, 0xFB, 0x64, 0x2E, 0x4B,
    0x0C, 0x7C, 0xB9, 0x20, 0x1F, 0x58, 0x29, 0x6B, 0xF8, 0xF2, 0x82, 0x63, 0x98, 0xEC, 0x94, 0xD6,
    0xFC, 0xA9, 0xF2, 0xF7, 0x9F, 0xD2, 0x07, 0xF4, 0xD8, 0xCD, 0xCF, 0x90, 0x9C, 0x69, 0xD1, 0x69,
    0xDD, 0x72, 0x91, 0x5F, 0x7F, 0x75, 0xB4, 0x16, 0x4C, 0x0A, 0x14, 0x1B, 0x89, 0xBC, 0x5B, 0x6C,
    0x04, 0x74, 0xDA, 0x9B, 0x9C, 0x01, 0x30, 0xB0, 0x3E, 0x79, 0x76, 0x4C, 0x45, 0x75, 0xE3, 0x63,
    0x7A, 0x10, 0xDE, 0x6D, 0x7D, 0x02, 0x5F, 0x7E, 0x24, 0xA2, 0xCB, 0x3B, 0x91, 0xDD, 0xFE, 0x94,
    0xBF, 0x54, 0xA6, 0x71, 0x34, 0x64, 0x2D, 0x9A, 0xBF, 0xCA, 0xB4, 0x64, 0x02, 0x2F, 0xAF, 0x64,
    0x00, 0x7F, 0xD5, 0xF7, 0x32, 0x3D, 0xD3, 0x8E, 0x60, 0x79, 0x05, 0xF0, 0x85, 0xC3, 0x98, 0xFE,
    0x47, 0xA9, 0x9E, 0x10, 0x4B, 0x84, 0x65, 0x00, 0x50, 0xA0, 0xEF, 0xE8, 0xEE, 0xC9, 0x4F, 0xFD,
    0x4C, 0xE0, 0x75, 0xFF, 0x9E, 0x07, 0xB0, 0xFC, 0x8C, 0x81, 0x9D, 0x3A, 0xAD, 0x4D, 0x26, 0x16,
    0xF9, 0x33, 0x9E, 0x38, 0xFF, 0x42, 0x5F, 0xAC, 0x66, 0x78, 0x77, 0xC2, 0xBB, 0xFB, 0x1A, 0x12,
    0xFF, 0x55, 0x80, 0x49, 0xB7, 0x26, 0x0E, 0x0B, 0x6F, 0x3C, 0x3A, 0x5D, 0x9E, 0x9E, 0xB6, 0xE0,
    0x7B, 0xE2, 0x2D, 0xCF, 0x4D, 0x0E, 0x80, 0xA8, 0xCD, 0x2D, 0x7F, 0xEB, 0x3E, 0xFB, 0xDF, 0xCE,
    0x00, 0xBF, 0x1D, 0xDB, 0xD5, 0x05, 0xAD, 0x96, 0xF3, 0x75, 0x0B, 0xB5, 0xFA, 0x62, 0x6B, 0xE2,
    0xAF, 0x9A, 0x4C, 0x1E, 0xE5, 0x82, 0xA8, 0x28, 0xCB, 0xAF, 0x9B, 0x57, 0xD4, 0xDE, 0xFB, 0xFB,
    0x39, 0x7F, 0xA3, 0x8C, 0x59, 0x5F, 0xC7, 0x44, 0xC6, 0x00, 0xC6, 0x9D, 0x49, 0xEA, 0x83, 0xA7,
    0x03, 0xBF, 0x5B, 0xE9, 0x9D, 0xAD, 0x1F, 0x71, 0xE7, 0xB7, 0x1E, 0xB3, 0x3F, 0x38, 0x04, 0x0C,
    0xBC, 0xF0, 0x2C, 0x4F, 0x79, 0xB2, 0x9B, 0x2C, 0x7F, 0xE3, 0xEC, 0x8E, 0xA7, 0x35, 0x56, 0x50,
    0x58, 0xE3, 0x9E, 0x03, 0x01, 0xD4, 0xB3, 0x2E, 0x4C, 0x74, 0xD2, 0x60, 0xF2, 0x1A, 0x43, 0x0E,
    0x60, 0xF9, 0x53, 0xEB, 0x6C, 0xF6, 0x4D, 0x60, 0xCD, 0x26, 0xCA, 0x92, 0x72, 0xA8, 0x01, 0x55,
    0xD0, 0x1B, 0x03, 0x2A, 0xA0, 0x3C, 0x29, 0xDB, 0x10, 0x45, 0xB1, 0xC6, 0xF9, 0x46, 0xB2, 0x5B,
    0x00, 0xE3, 0xCA, 0x11, 0xF4, 0xDE, 0x0F, 0x32, 0xAD, 0xAD, 0xAE, 0x0A, 0x89, 0x73, 0xD2, 0xA2,
    0x0A, 0x05, 0xF2, 0x55, 0x4E, 0x89, 0x62, 0x99, 0x60, 0xDF, 0x1A, 0xC8, 0x6A, 0x1B, 0xE8, 0x68,
    0xA0, 0xE2, 0xAC, 0xDB, 0x81, 0xA9, 0x7D, 0xE0, 0x7E, 0x3D, 0x84, 0x78, 0xA2, 0xAC, 0xFB, 0x4F,
    0x7F, 0x06, 0x03, 0x01, 0xA0, 0xDF, 0xB4, 0x27, 0xF3, 0xB0, 0x6C, 0x80, 0xA6, 0x27, 0xFA, 0x68,
    0x50, 0x52, 0x16, 0xBA, 0xBA, 0xE5, 0xEF, 0x13, 0x2C, 0x3B, 0xE7, 0x93, 0xE2, 0x3D, 0x37, 0xFF,
    0x6A, 0x6E, 0xDE, 0xB7, 0xB3, 0xCE, 0x1F, 0x8E, 0x7A, 0x7E, 0xF4, 0xF4, 0x53, 0x7A, 0xE3, 0x22,
    0x92, 0x4E, 0xE2, 0xF6, 0x6C, 0xF7, 0xE6, 0xDC, 0xB5, 0xA3, 0x97, 0x2B, 0x68, 0x4E, 0x77, 0xC7,
    0x3F, 0xBB, 0xB6, 0x2E, 0xA8, 0xDE, 0x48, 0xEA, 0xBC, 0x21, 0x4A, 0x1B, 0xE3, 0x42, 0x50, 0xE5,
    0x1B, 0x59, 0x65, 0xAA, 0x62, 0xA3, 0x46, 0x11, 0x17, 0x7C, 0xA3, 0x0A, 0xBB, 0x40, 0xF1, 0xEE,
    0x8D, 0x14, 0x9C, 0x5B, 0x4D, 0x15, 0xE3, 0xE2, 0xFA, 0xDA, 0x5F, 0x26, 0x60, 0xB7, 0xB5, 0xB8,
    0xC5, 0xE1, 0x11, 0x25, 0x2C, 0x1B, 0xD3, 0x05, 0xC9, 0x67, 0x17, 0xB5, 0xAF, 0xD2, 0xBB, 0xF6,
    0xDC, 0x34, 0xD4, 0x63, 0x05, 0x0B, 0x60, 0xDC, 0x20, 0x06, 0x3A, 0xB7, 0x68, 0x8A, 0x62, 0xA0,
    0xDF, 0xF0, 0x45, 0xE1, 0xEB, 0x76, 0x21, 0x59, 0x65, 0x1B, 0xFB, 0x22, 0xC6, 0x85, 0xD8, 0x17,
    0xB1, 0xB8, 0xDB, 0xBF, 0x99, 0xA0, 0x13, 0x7A, 0x5F, 0x4D, 0xFE, 0xA6, 0xE8, 0x37, 0xEE, 0x85,
    0x8B, 0x2E, 0x26, 0x00, 0x5D, 0x78, 0x77, 0x46, 0xAE, 0x3F, 0x45, 0xC1, 0x10, 0xC4, 0x15, 0x7F,
    0x47, 0x6C, 0xD4, 0x7E, 0x2F, 0x2B, 0x4D, 0xDB, 0x58, 0xBA, 0xB1, 0xD6, 0x64, 0x5A, 0x30, 0x9F,
    0x7B, 0xD6, 0xED, 0x05, 0x71, 0xDE, 0x32, 0x16, 0xF3, 0xBC, 0x77, 0xAD, 0xB1, 0xE9, 0xA0, 0xC3,
    0xCA, 0xE0, 0xF9, 0x5A, 0x7D, 0x1C, 0x17, 0x2D, 0x08, 0xFE, 0xA6, 0x33, 0x7C, 0x65, 0x90, 0xB0,
    0x7C, 0xAD, 0x4E, 0xAA, 0x30, 0x09, 0x7B, 0x4B, 0xDC, 0xFF, 0xA8, 0xB3, 0x2F, 0xE6, 0x5B, 0x88,
    0xF4, 0x24, 0xF0, 0x9C, 0xE3, 0xD0, 0x87, 0xD0, 0x35, 0xC3, 0xED, 0xB1, 0xBD, 0xF3, 0xD8, 0xC2,
    0x9C, 0x60, 0x4E, 0xC5, 0x0C, 0x81, 0x25, 0xD6, 0x8A, 0x99, 0x5F, 0x41, 0x10, 0xB9, 0x54, 0x58,
    0xD6, 0x1E, 0xBB, 0xFF, 0x45, 0x98, 0x33, 0xED, 0x31, 0x08, 0x91, 0xDE, 0xD5, 0x9D, 0xD6, 0x19,
    0x0D, 0x9E, 0x5C, 0xBB, 0x81, 0x98, 0xD6, 0xBD, 0x71, 0xF3, 0xEB, 0x3E, 0xF1, 0xEB, 0xE3, 0xA0,
    0xAC, 0x58, 0x85, 0xBB, 0xDD, 0x09, 0x7C, 0xB2, 0x1B, 0x08, 0xCA, 0x64, 0x09, 0xF8, 0xB9, 0xCF,
    0xE7, 0xA6, 0xD0, 0xFB, 0xF6, 0xA2, 0x6C, 0x5F, 0xEF, 0x3D, 0xBE, 0xCB, 0x0D, 0x50, 0x88, 0x24,
    0x71, 0x84, 0x9D, 0x12, 0x1A, 0xA8, 0xD7, 0x56, 0x42, 0x3E, 0x86, 0xFF, 0x54, 0x89, 0xF7, 0xF7,
    0x71, 0xAD, 0xE5, 0x5D, 0xC1, 0x61, 0x40, 0xC1, 0x80, 0x80, 0x48, 0xAC, 0xA1, 0x85, 0xDD, 0xDE,
    0x17, 0x1C, 0x49, 0x75, 0x2B, 0x3A, 0x57, 0xDD, 0x29, 0xD8, 0x97, 0x17, 0xAD, 0xB0, 0x14, 0x14,
    0x04, 0xB8, 0xB0, 0x06, 0x4F, 0x4C, 0xA0, 0x34, 0x75, 0x67, 0xDC, 0xDF, 0xB0, 0x7D, 0x3A, 0xBB,
    0x15, 0x56, 0xB8, 0x33, 0x2C, 0x1F, 0xC9, 0xFE, 0x64, 0x3A, 0x8E, 0xA0, 0x35, 0x2F, 0x87, 0xC0,
    0xEA, 0x81, 0x8C, 0x08, 0x84, 0x0D, 0x38, 0x6C, 0x59, 0x4D, 0xEF, 0xEF, 0xC7, 0x3E, 0x27, 0x69,
    0x58, 0xBA, 0x63, 0x8F, 0xD7, 0x7F, 0xBF, 0xC2, 0xC6, 0xE1, 0x25, 0xFC, 0x97, 0x40, 0xC2, 0x5B,
    0x42, 0x80, 0xA5, 0xA5, 0x67, 0xB7, 0xE7, 0xC7, 0x66, 0x4D, 0x73, 0x44, 0x04, 0x7E, 0x08, 0xAB,
    0xCF, 0x6F, 0x30, 0xBF, 0x48, 0x1F, 0xB1, 0x0A, 0x67, 0x79, 0xB4, 0xC4, 0x93, 0x6E, 0x3C, 0xBF,
    0x73, 0x6B, 0xF8, 0xB9, 0x40, 0xDE, 0x3D, 0xF9, 0x49, 0xC0, 0x7D, 0x21, 0xA2, 0xA3, 0xEF, 0x0B,
    0x61, 0xED, 0xD8, 0xA9, 0x30, 0x04, 0x40, 0x81, 0x9E, 0x61, 0x60, 0x19, 0x78, 0x7A, 0x37, 0xD6,
    0x85, 0xEB, 0x18, 0xAD, 0xE1, 0xC9, 0x34, 0xFD, 0xB0, 0x7D, 0xAC, 0xE8, 0xF2, 0x1E, 0xD6, 0xC5,
    0xC6, 0x4B, 0x95, 0x74, 0x7A, 0x3F, 0x28, 0x23, 0x0F, 0x58, 0x0E, 0x68, 0x41, 0xE4, 0x4B, 0xE5,
    0x1C, 0x90, 0x33, 0x15, 0x15, 0x0F, 0x89, 0x22, 0x12, 0xA4, 0x45, 0x08, 0xFC, 0xB5, 0xC2, 0x68,
    0xCC, 0xA6, 0x9F, 0x78, 0x58, 0x5B, 0x05, 0xA8, 0xB0, 0x14, 0x66, 0xAF, 0xD5, 0x65, 0x67, 0xF9,
    0x5B, 0xBA, 0x33, 0x0E, 0x8F, 0x89, 0x7A, 0x95, 0x00, 0x38, 0x7E, 0xF6, 0x0F, 0xD2, 0xDF, 0xCA,
    0x98, 0xC3, 0x85, 0xE5, 0xE6, 0xF4, 0x7C, 0xE9, 0x09, 0x10, 0x02, 0xA8, 0x01, 0x58, 0x3A, 0x57,
    0x2B, 0x3C, 0xA9, 0xF1, 0x2F, 0x2A, 0x18, 0x5A, 0xD1, 0xE4, 0x7B, 0x2C, 0x4B, 0x4F, 0x0D, 0x4B,
    0xBB, 0x44, 0xDF, 0x62, 0x38, 0x36, 0x0B, 0x65, 0xE7, 0x2D, 0x72, 0x89, 0xB1, 0x45, 0x2B, 0x68,
    0xFE, 0xC5, 0x98, 0x71, 0x80, 0x80, 0x02, 0xAC, 0x61, 0x1B, 0x0A, 0x8E, 0x98, 0x96, 0x00, 0x83,
    0x62, 0x0C, 0x7A, 0x85, 0x0A, 0x3B, 0x21, 0xB7, 0x53, 0xCA, 0x2F, 0x9D, 0xE5, 0xFE, 0xF6, 0x96,
    0x7E, 0xBA, 0x3C, 0xB5, 0x13, 0xE7, 0x6B, 0x28, 0x1A, 0x8A, 0xB8, 0x86, 0xC8, 0x85, 0x84, 0xE5,
    0x00, 0xE0, 0xAE, 0xC2, 0x38, 0x9E, 0x31, 0xCF, 0x99, 0x0A, 0x24, 0x88, 0x8D, 0x04, 0xDF, 0xE0,
    0x6B, 0x02, 0xE8, 0xC4, 0xDE, 0x84, 0x33, 0xB8, 0x5A, 0x16, 0xCE, 0x98, 0xC4, 0x8C, 0x93, 0x2C,
    0x2C, 0x35, 0xE1, 0x9C, 0xFF, 0x08, 0x16, 0xE3, 0x4A, 0x01, 0x82, 0xDE, 0x00, 0x50, 0x2D, 0xE0,
    0xB5, 0xDA, 0xEF, 0xF7, 0x3E, 0x3D, 0x0D, 0x62, 0x65, 0xD8, 0xCF, 0x7E, 0x79, 0xA0, 0xA7, 0xE1,
    0xC9, 0x80, 0x82, 0x64, 0x59, 0xB7, 0xB0, 0xFC, 0x37, 0x73, 0x61, 0xC2, 0xF6, 0x81, 0x63, 0xBF,
    0x87, 0x71, 0x7D, 0xC1, 0x1F, 0x52, 0x0B, 0x04, 0x3C, 0x96, 0xD7, 0x91, 0x9D, 0x93, 0x86, 0x78,
    0x3E, 0xF5, 0xB0, 0xF4, 0xC0, 0x0A, 0xF4, 0x60, 0xF6, 0x8A, 0x2A, 0xF4, 0x43, 0xFB, 0x1F, 0xCD,
    0x98, 0x51, 0x6E, 0xDC, 0x4C, 0x0E, 0x84, 0x3F, 0x80, 0xAF, 0x06, 0x78, 0x95, 0x39, 0x00, 0x01,
    0x5E, 0x9D, 0x80, 0x0F, 0xE0, 0xAB, 0x10, 0xF0, 0x2B, 0x81, 0xDA, 0xA8, 0x5B, 0xF2, 0x0C, 0xFC,
    0xFF, 0x4E, 0xEC, 0xC4, 0xD9, 0xDD, 0x16, 0xAB, 0x18, 0x2B, 0x9C, 0x56, 0xB5, 0x44, 0x50, 0x6C,
    0x01, 0x34, 0x1A, 0x6B, 0x97, 0x9E, 0x2B, 0xCB, 0x54, 0x09, 0x62, 0x20, 0x68, 0xC8, 0x37, 0xF2,
    0x47, 0x82, 0xBC, 0xD3, 0x0E, 0x0E, 0x18, 0xB2, 0xAC, 0x71, 0xA9, 0x40, 0x02, 0x20, 0x78, 0x62,
    0x4C, 0xDD, 0x5E, 0xAA, 0xC4, 0x09, 0x9C, 0xC1, 0xEB, 0x11, 0xB1, 0x41, 0x92, 0xB8, 0x06, 0x53,
    0x03, 0xD0, 0x03, 0xFD, 0x46, 0xAA, 0x39, 0xA5, 0xF5, 0xD7, 0x28, 0xB0, 0x26, 0xF1, 0xC2, 0x25,
    0x30, 0x0D, 0x00, 0x09, 0x44, 0x13, 0xD3, 0x64, 0x37, 0x49, 0x13, 0x1F, 0x62, 0x18, 0x52, 0x83,
    0x2B, 0x00, 0xB0, 0xDA, 0x9E, 0xE9, 0xED, 0xB3, 0xB6, 0xF7, 0xD3, 0x03, 0x52, 0x91, 0x52, 0x49,
    0xB3, 0xFC, 0x20, 0x38, 0x97, 0x0C, 0xC9, 0x60, 0x0D, 0xB1, 0x45, 0x32, 0xDB, 0x5B, 0x33, 0x30,
    0x58, 0x6D, 0xEF, 0xA7, 0x4F, 0xB6, 0x0F, 0xCE, 0x95, 0x6D, 0x6F, 0x0D, 0x83, 0xB5, 0xD5, 0x0E,
    0xF6, 0xE5, 0x93, 0x04, 0xAE, 0xEB, 0x5E, 0x3A, 0x00, 0x9C, 0x96, 0x0A, 0x7B, 0x5E, 0xAA, 0x10,
    0x83, 0x20, 0xD8, 0x9A, 0x4E, 0x49, 0x0C, 0xB4, 0x6B, 0x4E, 0x61, 0xE7, 0xA5, 0x4E, 0x59, 0x5B,
    0xD5, 0x76, 0xB9, 0xB5, 0xC4, 0x76, 0xBD, 0x95, 0x1C, 0xCE, 0x6B, 0xE9, 0x4F, 0xFC, 0x92, 0x31,
    0x5B, 0xC5, 0x80, 0xD3, 0x0E, 0x38, 0x19, 0xCB, 0x79, 0x2F, 0x67, 0xDB, 0x01, 0xC4, 0x72, 0xA6,
    0x17, 0xA4, 0xF2, 0x12, 0x78, 0x25, 0xC9, 0x99, 0x3E, 0x5B, 0x2E, 0xCC, 0x76, 0xBD, 0x9C, 0xD5,
    0x72, 0x5E, 0xEC, 0x4C, 0x5A, 0x2E, 0x20, 0xCF, 0xF4, 0x95, 0x4C, 0x2A, 0xD3, 0xCB, 0xE1, 0x06,
    0xF2, 0x4F, 0x20, 0xF5, 0xC2, 0x95, 0x45, 0xC0, 0x40, 0x36, 0xE4, 0xE3, 0xDC, 0x3C, 0x20, 0x3E,
    0x0B, 0xA9, 0x17, 0x80, 0x77, 0xF0, 0x01, 0xEF, 0x86, 0xF6, 0x3A, 0x0C, 0x4E, 0xB3, 0xFA, 0x8C,
    0xF1, 0x66, 0x5E, 0x26, 0x6C, 0x18, 0x18, 0x6B, 0x6D, 0xAE, 0x83, 0x5F, 0x37, 0xF7, 0xC1, 0xBD,
    0x39, 0x16, 0xE7, 0xC1, 0xE3, 0x9B, 0xEB, 0xE0, 0x6D, 0x6C, 0x9E, 0x38, 0x38, 0x17, 0xFB, 0xE6,
    0x39, 0xD8, 0x16, 0xF3, 0x83, 0x01, 0x4E, 0x2E, 0x00, 0x2F, 0xC0, 0x04, 0xBC, 0x53, 0x52, 0x2A,
    0x06, 0x5E, 0x37, 0x37, 0x03, 0x4B, 0x49, 0x75, 0x2C, 0xCE, 0x83, 0xC7, 0x37, 0xD7, 0xC1, 0xD6,
    0x07, 0xB3, 0x79, 0xE2, 0xE0, 0x5C, 0xEC, 0x9B, 0xE7, 0x60, 0x5B, 0xCC, 0x0F, 0x06, 0xF8, 0x88,
    0xB5, 0xF9, 0x12, 0xBB, 0xE9, 0x1A, 0x09, 0xBC, 0xAA, 0x69, 0x31, 0xF4, 0x10, 0x27, 0xF5, 0x57,
    0x08, 0x78, 0x47, 0xD6, 0xD7, 0x85, 0x05, 0xED, 0x10, 0x01, 0xDE, 0x97, 0xA4, 0xED, 0xBD, 0xEF,
    0x88, 0xD8, 0x98, 0x84, 0xF6, 0x05, 0x6B, 0x2F, 0x93, 0x16, 0xD6, 0x5F, 0xD0, 0x09, 0x73, 0x46,
    0x46, 0x43, 0x3A, 0x6D, 0xCF, 0x85, 0x20, 0x80, 0x83, 0x5D, 0xED, 0x0C, 0xC4, 0x36, 0xD3, 0xA4,
    0x22, 0x88, 0x21, 0x9A, 0x19, 0x26, 0x35, 0x3E, 0xD1, 0x9E, 0xE1, 0x6D, 0x0D, 0x39, 0x39, 0x56,
    0x1F, 0x1F, 0x3E, 0x39, 0xF7, 0x68, 0xF8, 0x38, 0x72, 0x2F, 0x74, 0xC0, 0xFB, 0x5E, 0x33, 0x35,
    0xB8, 0x54, 0x59, 0xB6, 0xC4, 0xCF, 0x29, 0xFC, 0x84, 0xBF, 0x43, 0x1E, 0x98, 0xEB, 0x56, 0x94,
    0xB5, 0x4B, 0x85, 0x84, 0xD7, 0xCE, 0x1C, 0x54, 0x90, 0x00, 0x2C, 0x6F, 0x6A, 0xBC, 0x86, 0x24,
    0x3F, 0xFD, 0x1A, 0xB2, 0x0A, 0xE8, 0x86, 0x2C, 0x70, 0x00, 0x18, 0xE8, 0xDF, 0x41, 0x60, 0x95,
    0x78, 0xB9, 0x84, 0x69, 0x48, 0x6B, 0x7B, 0x29, 0x04, 0xC3, 0x1E, 0x4D, 0xFC, 0xC4, 0xCE, 0x07,
    0xA2, 0x30, 0x0D, 0x6F, 0xA3, 0x6F, 0xD0, 0x03, 0x75, 0xFB, 0x56, 0x71, 0xAE, 0x72, 0x15, 0x60,
    0x94, 0x3F, 0x97, 0x5B, 0x7D, 0x49, 0x22, 0x0C, 0x58, 0x83, 0xFF, 0x5D, 0x99, 0xBB, 0x9C, 0x11,
    0xD0, 0xBF, 0xA9, 0xD4, 0xFA, 0xAD, 0x74, 0xFF, 0x55, 0xA5, 0xC9, 0xFD, 0x69, 0xFF, 0xA6, 0xD2,
    0x01, 0x02, 0x70, 0x80, 0xFA, 0x7B, 0x8F, 0xBE, 0xB0, 0x82, 0x86, 0xF8, 0x4D, 0xA5, 0x0C, 0xA9,
    0x0A, 0x6B, 0x18, 0x08, 0x48, 0x48, 0xAD, 0x31, 0x44, 0x1C, 0x36, 0xAE, 0x36, 0x15, 0x12, 0x6F,
    0x23, 0x02, 0x26, 0xE0, 0xF6, 0xF4, 0xBD, 0x85, 0x4F, 0xED, 0xEA, 0x2B, 0x95, 0x57, 0x11, 0xFC,
    0x4A, 0xF9, 0x43, 0x62, 0x61, 0x4B, 0xBA, 0xF0, 0x77, 0x24, 0x12, 0x97, 0x7D, 0x49, 0x22, 0x29,
    0xB8, 0x78, 0x0F, 0x49, 0x75, 0xB2, 0xBD, 0x16, 0xB0, 0xD7, 0xED, 0x9B, 0xAD, 0x80, 0x5C, 0x1C,
    0x8B, 0xC7, 0x24, 0xE8, 0xC5, 0x52, 0x81, 0x6D, 0x2E, 0x2B, 0x70, 0xEE, 0x9C, 0x8B, 0x63, 0xFD,
    0xFF, 0x2C, 0xC6, 0xD5, 0x6C, 0x02, 0x60, 0x48, 0x52, 0xCF, 0x2A, 0x37, 0x3D, 0x37, 0xCC, 0x43,
    0xE7, 0x1A, 0x26, 0x69, 0xF2, 0xA0, 0x60, 0x60, 0xEE, 0xDD, 0xAC, 0xBD, 0xF0, 0x94, 0x7A, 0xD1,
    0xF8, 0x98, 0x9A, 0x54, 0x99, 0xD4, 0x5E, 0x54, 0x02, 0x73, 0xA2, 0xDF, 0xA0, 0xDE, 0xE0, 0x84,
    0x34, 0x48, 0x09, 0x9D, 0x45, 0xBB, 0xD4, 0x48, 0x45, 0x80, 0xEB, 0x05, 0x2F, 0xDD, 0x0B, 0xFF,
    0x3B, 0xBC, 0x15, 0xFD, 0x12, 0xA6, 0x17, 0xB8, 0x39, 0xE0, 0xE0, 0xEA, 0x03, 0x37, 0x92, 0xDC,
    0x35, 0xF1, 0xDF, 0xDF, 0xD0, 0x97, 0xD6, 0x7E, 0xAF, 0xF5, 0x63, 0xBD, 0x03, 0xFD, 0x4E, 0x6B,
    0x7B, 0x8D, 0xBD, 0x16, 0x2A, 0x12, 0x80, 0x38, 0xD4, 0x78, 0x29, 0xC9, 0xC0, 0xE7, 0xC1, 0x62,
    0x59, 0x92, 0x2E, 0x2D, 0xC5, 0xBE, 0xED, 0x46, 0xA6, 0xC6, 0x55, 0x5E, 0xB3, 0x1F, 0xFB, 0xC3,
    0x3B, 0x70, 0xCE, 0xB7, 0xDF, 0xAC, 0xA3, 0x19, 0x2B, 0xC6, 0x61, 0x02, 0x66, 0x40, 0x07, 0xCE,
    0xDC, 0x1D, 0x2F, 0xC6, 0x0E, 0xF4, 0x19, 0x9F, 0xD7, 0xED, 0xAA, 0x76, 0xC8, 0xEB, 0x0E, 0x34,
    0x6F, 0xC3, 0xEA, 0x5F, 0x71, 0xB3, 0xF2, 0xB2, 0x4A, 0xAC, 0x06, 0x7B, 0xEE, 0x1F, 0x28, 0xEC,
    0x05, 0x6C, 0xA5, 0x66, 0xEF, 0xF3, 0x15, 0x58, 0x39, 0x3B, 0xD6, 0xFA, 0xBB, 0x7A, 0x81, 0x33,
    0x71, 0x1F, 0xD0, 0x40, 0xFD, 0x76, 0x3F, 0x80, 0x03, 0xF1, 0x80, 0x2C, 0x30, 0x40, 0xB3, 0x01,
    0x7C, 0xAB, 0x76, 0x7B, 0xD0, 0x6E, 0x5B, 0xBB, 0xA9, 0x17, 0x80, 0x6F, 0x5F, 0x87, 0xBF, 0xBD,
    0xA5, 0x02, 0x40, 0x1A, 0x69, 0x60, 0xB0, 0xC6, 0x8B, 0x3C, 0xFF, 0x69, 0x2A, 0xD3, 0x40, 0x2E,
    0xF3, 0x65, 0x59, 0xE4, 0x8A, 0xAF, 0x77, 0x93, 0x00, 0xF9, 0x38, 0x89, 0x43, 0x40, 0x63, 0xB3,
    0x53, 0xA0, 0x21, 0x96, 0xE5, 0xB2, 0x80, 0x28, 0x46, 0xEA, 0x14, 0x9F, 0xEB, 0x26, 0xAF, 0x43,
    0xA5, 0xFF, 0xB3, 0x5D, 0xF7, 0xF6, 0xE7, 0x69, 0x60, 0xAB, 0xF9, 0xEF, 0x6E, 0xB7, 0x81, 0x9F,
    0xB9, 0xBF, 0xBF, 0xDD, 0x86, 0x04, 0x06, 0xF8, 0xFE, 0x9A, 0xF9, 0x98, 0x53, 0x7F, 0x58, 0x33,
    0x07, 0x87, 0x8F, 0x28, 0xEE, 0x24, 0xE9, 0xA4, 0xC1, 0x3F, 0xA4, 0x9A, 0xC1, 0xD4, 0x03, 0xAA,
    0xCE, 0xA6, 0x25, 0x54, 0x8E, 0xF0, 0x1A, 0xEC, 0x5F, 0xE0, 0x07, 0x78, 0xAB, 0xD0, 0xD6, 0xBB,
    0x0A, 0x0B, 0xD4, 0x20, 0x60, 0x3E, 0xC0, 0xA2, 0x04, 0x1C, 0xB0, 0x02, 0x60, 0x60, 0x74, 0xA0,
    0x98, 0xD7, 0x03, 0xCD, 0xF4, 0x81, 0x60, 0x3A, 0x99, 0xF1, 0x03, 0x35, 0x63, 0x3D, 0xC3, 0x81,
    0x89, 0x21, 0x63, 0xF0, 0x03, 0x33, 0xD8, 0x0C, 0x4B, 0x02, 0x0D, 0x01, 0x0E, 0x40, 0xF2, 0xAA,
    0x16, 0x33, 0xBB, 0x0B, 0xF9, 0xD8, 0x20, 0x1F, 0x9F, 0xF8, 0xD5, 0x1F, 0x5D, 0xF8, 0x75, 0xDF,
    0x54, 0xB6, 0x7B, 0x26, 0xE9, 0x1F, 0x3D, 0xD3, 0x40, 0x62, 0x7D, 0x7F, 0xEC, 0xC2, 0x9E, 0xEB,
    0x87, 0xA1, 0x22, 0xBF, 0xDA, 0x3C, 0x91, 0x00, 0xCC, 0xE2, 0x06, 0xB0, 0xFA, 0x9F, 0x34, 0x52,
    0x58, 0x03, 0x5E, 0x97, 0xA4, 0xE0, 0x5B, 0x5B, 0x2A, 0x74, 0x7F, 0x20, 0x0E, 0xC0, 0x0D, 0x4D,
    0xB8, 0xD4, 0xFB, 0x5D, 0xE5, 0x33, 0x78, 0x34, 0x91, 0xCD, 0x64, 0xD3, 0xDE, 0x56, 0xDE, 0xCE,
    0x46, 0x90, 0xDD, 0xA4, 0x9A, 0xC8, 0x62, 0xD6, 0x6F, 0xA4, 0x1A, 0x89, 0x1B, 0x80, 0x3D, 0xCC,
    0x7D, 0x49, 0x77, 0xC7, 0xB4, 0x73, 0x3E, 0x11, 0x81, 0x0E, 0x59, 0x35, 0xEE, 0x35, 0xF9, 0x03,
    0xE1, 0x15, 0xED, 0x95, 0xE5, 0x64, 0x25, 0xAE, 0x21, 0xD5, 0x3C, 0x01, 0xFE, 0xDC, 0x58, 0x37,
    0x74, 0x40, 0x7C, 0xEF, 0x9E, 0x60, 0x92, 0x74, 0xDC, 0xCA, 0xEA, 0x8B, 0xBB, 0x01, 0x03, 0x72,
    0xAE, 0x0B, 0x7E, 0xAB, 0x28, 0x9E, 0x30, 0x95, 0x57, 0x3B, 0xFD, 0x25, 0x51, 0x33, 0x44, 0xE2,
    0x7E, 0xA6, 0xA6, 0xD4, 0x52, 0x0F, 0xBC, 0xB3, 0x9F, 0x9F, 0xDF, 0x33, 0xAC, 0x5B, 0xD2, 0x00,
    0x89, 0xA9, 0xBD, 0x26, 0x89, 0x20, 0x03, 0xD7, 0x1A, 0x6F, 0x6A, 0x12, 0x73, 0x8D, 0x69, 0xB8,
    0x2D, 0xD9, 0x56, 0x4F, 0xF4, 0x6F, 0x5F, 0x7D, 0xAF, 0xDD, 0xAA, 0x9D, 0xDB, 0x97, 0xAE, 0xDE,
    0x43, 0x04, 0xEE, 0x98, 0x15, 0xE0, 0x3A, 0x8C, 0xFE, 0xAC, 0xD9, 0x8A, 0x7F, 0x37, 0x09, 0x7C,
    0x7A, 0x86, 0xCA, 0x09, 0x6F, 0xFB, 0xDC, 0xB7, 0xB1, 0x7B, 0x34, 0xFC, 0x24, 0xF2, 0xB9, 0xB0,
    0x6A, 0xE8, 0x86, 0x88, 0x6F, 0xED, 0x29, 0x33, 0xC1, 0xBD, 0x76, 0xA2, 0xF4, 0x1F, 0xF6, 0x90,
    0x06, 0xE4, 0x40, 0x07, 0x94, 0x7F, 0xAB, 0x4E, 0x9E, 0x00, 0x35, 0x56, 0x8D, 0x71, 0xFB, 0x23,
    0x9D, 0x13, 0x10, 0x0E, 0xEE, 0x57, 0xED, 0x06, 0xE9, 0xC0, 0x7D, 0x6F, 0xB3, 0xE1, 0xA7, 0x0F,
    0xC6, 0x86, 0x2D, 0xE5, 0x71, 0x1F, 0xF4, 0xCF, 0xBD, 0xD0, 0xFB, 0x3A, 0x42, 0x7B, 0xFE, 0xB0,
    0x9B, 0x5F, 0x5D, 0xC9, 0x47, 0xC6, 0x0D, 0x4C, 0x85, 0x5B, 0xF1, 0x44, 0x7F, 0xAB, 0x28, 0x2A,
    0x67, 0xBC, 0x1D, 0xF0, 0x57, 0xBD, 0xBE, 0x8A, 0xA1, 0xDF, 0x1F, 0x57, 0x1A, 0x9C, 0xA9, 0x16,
    0xDF, 0xFA, 0x09, 0x69, 0x82, 0xF0, 0x5D, 0x90, 0xBE, 0xF8, 0xE5, 0xC8, 0x00, 0xF5, 0x39, 0xE5,
    0xD3, 0xB7, 0x8A, 0x7A, 0xAC, 0x53, 0x5F, 0x12, 0x65, 0x6A, 0xD7, 0x24, 0x4F, 0xF1, 0xF8, 0x3D,
    0xAB, 0x30, 0x81, 0x1A, 0x7B, 0x28, 0x4A, 0xF7, 0xAD, 0x4B, 0xB1, 0x47, 0x40, 0x2F, 0x2B, 0x18,
    0x52, 0x9D, 0x56, 0x0D, 0x03, 0x09, 0xDE, 0x98, 0xC0, 0x0B, 0x6B, 0xE8, 0xB2, 0x96, 0x2A, 0x05,
    0xC0, 0xD3, 0xFD, 0x87, 0x56, 0x48, 0xEA, 0x03, 0x38, 0xFC, 0x11, 0x00, 0xA8, 0xFB, 0xDF, 0x4F,
    0x40, 0xC0, 0x2A, 0x3C, 0x25, 0x79, 0xFD, 0xF3, 0x30, 0x21, 0x00, 0x82, 0xA6, 0x29, 0x57, 0x49,
    0xD3, 0x0C, 0xE4, 0x65, 0x83, 0x35, 0x2A, 0x53, 0xDB, 0xB5, 0xB6, 0xCB, 0x12, 0x02, 0x1B, 0xBC,
    0x4D, 0xA8, 0x11, 0x14, 0x2B, 0x5C, 0x75, 0xDB, 0x4B, 0x3F, 0xAD, 0x48, 0x5C, 0xF8, 0xCB, 0x3A,
    0xC9, 0x65, 0xD7, 0xDE, 0xD3, 0x07, 0x15, 0x0D, 0x56, 0x09, 0x73, 0x7D, 0x95, 0xAF, 0x4F, 0x65,
    0x89, 0xA4, 0x85, 0x5F, 0xC5, 0x7D, 0xED, 0xEB, 0x46, 0x60, 0x2F, 0x2A, 0x93, 0xB5, 0x35, 0x1B,
    0xF5, 0x6B, 0xFC, 0x07, 0x75, 0x52, 0xC9, 0xC9, 0x2E, 0x31, 0x0C, 0x13, 0xF8, 0x3A, 0xE0, 0x56,
    0x52, 0x80, 0xC1, 0xAD, 0x0B, 0xA6, 0x80, 0x69, 0x45, 0xF0, 0x5F, 0x0D, 0x7E, 0x49, 0xE6, 0xDB,
    0xE1, 0xC9, 0xCA, 0x86, 0x95, 0x45, 0x26, 0x85, 0x80, 0xC3, 0xE8, 0x4C, 0x04, 0x04, 0x97, 0x2B,
    0x42, 0x9E, 0x27, 0xFF, 0x1A, 0x0C, 0xF4, 0x86, 0x26, 0x69, 0xF2, 0x2C, 0x97, 0x54, 0x19, 0xC1,
    0x76, 0x8F, 0x91, 0xD4, 0x44, 0x32, 0xE9, 0xCE, 0x70, 0x44, 0x80, 0x82, 0x3C, 0xC2, 0x65, 0xD4,
    0x07, 0xAA, 0x10, 0x09, 0x77, 0xD8, 0x49, 0x9B, 0x71, 0x5E, 0xF7, 0x69, 0x60, 0xD6, 0x1C, 0xDC,
    0x8F, 0x88, 0xAA, 0xCC, 0x88, 0xA5, 0x8D, 0x08, 0x5F, 0xF3, 0x50, 0xED, 0xE7, 0x41, 0x2E, 0xDF,
    0x0F, 0xB4, 0x6E, 0x63, 0x37, 0xBB, 0xBA, 0x10, 0x77, 0x98, 0x6E, 0x03, 0x85, 0x21, 0x52, 0xC3,
    0xB1, 0xA2, 0xB5, 0xE2, 0x3D, 0xBF, 0x47, 0x5F, 0xE8, 0xD2, 0x42, 0x67, 0xD5, 0xF2, 0xF2, 0x76,
    0x91, 0x31, 0xB4, 0x8E, 0xBC, 0x60, 0xBC, 0x50, 0x88, 0xA5, 0x3A, 0xB6, 0x76, 0x82, 0x46, 0x5B,
    0xC2, 0xE6, 0xD3, 0xE1, 0xB3, 0x5C, 0xF4, 0x6F, 0x37, 0xC9, 0x5B, 0x85, 0xFE, 0x80, 0xB0, 0x31,
    0x27, 0x8B, 0xEF, 0x02, 0x6B, 0xF3, 0xD9, 0xE1, 0x40, 0x9B, 0x9A, 0x01, 0x40, 0x30, 0x3E, 0xE8,
    0x58, 0x3C, 0x80, 0xD8, 0xD4, 0xE6, 0x77, 0xD2, 0x3F, 0x92, 0xD4, 0x18, 0x22, 0x6D, 0xC5, 0x3E,
    0x56, 0x58, 0xDC, 0x97, 0xEC, 0xA7, 0xDD, 0x8E, 0x1D, 0xAD, 0x41, 0x4F, 0x45, 0x78, 0xE9, 0xE7,
    0x89, 0x85, 0xFC, 0xFA, 0x1B, 0x2F, 0x53, 0xE5, 0xC7, 0x40, 0xA1, 0xFE, 0xD8, 0x27, 0x8D, 0x90,
    0x3A, 0xBB, 0x45, 0x8C, 0x9B, 0x3F, 0xE7, 0x3C, 0xD1, 0x6D, 0x66, 0x88, 0x91, 0x62, 0x36, 0xFF,
    0x2E, 0x18, 0x9E, 0x46, 0x30, 0x92, 0xDC, 0x87, 0xBF, 0xAD, 0xC1, 0xFA, 0x3A, 0x1B, 0x48, 0xEB,
    0x66, 0x1D, 0x23, 0xAB, 0x3B, 0x22, 0x76, 0xB3, 0x72, 0xED, 0x8E, 0x00, 0x06, 0x8F, 0x3F, 0x0C,
    0xA4, 0x13, 0xD0, 0x5D, 0xB3, 0xC0, 0x09, 0x1C, 0xE3, 0xDD, 0x6D, 0xDD, 0x4E, 0x6C, 0x09, 0xC2,
    0x08, 0x7A, 0x63, 0x27, 0xEE, 0xEE, 0x3E, 0xAF, 0x3C, 0x75, 0x14, 0x59, 0x87, 0x2B, 0x4B, 0x6E,
    0x5C, 0x71, 0x76, 0xF4, 0x69, 0xAD, 0x36, 0xB6, 0xEF, 0x67, 0xA6, 0xD3, 0x2E, 0x66, 0x50, 0x43,
    0x54, 0x84, 0x58, 0xE5, 0x48, 0xF6, 0xAE, 0xEA, 0xB2, 0xF2, 0xC4, 0x9A, 0xB3, 0xCD, 0x05, 0xC0,
    0x13, 0x40, 0xB9, 0x30, 0xD9, 0xDD, 0x80, 0x35, 0xF1, 0xDF, 0x44, 0x3F, 0xE0, 0x5D, 0xF0, 0xB0,
    0xEE, 0x12, 0xD0, 0x44, 0x76, 0x61, 0xAE, 0x9A, 0x4E, 0x98, 0x02, 0x40, 0xEC, 0x33, 0x30, 0xC1,
    0xD7, 0x4F, 0xAA, 0x7B, 0x09, 0x83, 0xF3, 0x9C, 0x11, 0x4C, 0x90, 0x4D, 0x42, 0x74, 0x10, 0xDC,
    0x70, 0x8E, 0xA1, 0x31, 0x21, 0x03, 0x6F, 0x4C, 0xED, 0x60, 0x52, 0xE0, 0x8C, 0x01, 0xC7, 0xEC,
    0x46, 0x4E, 0x09, 0x97, 0x52, 0xAB, 0x98, 0x44, 0x83, 0x2F, 0x74, 0x82, 0xDF, 0xA8, 0xDD, 0x8F,
    0x1E, 0x13, 0xA6, 0x75, 0x03, 0x0F, 0x3A, 0x0C, 0x63, 0xAC, 0xD1, 0x31, 0xA8, 0xF1, 0x0F, 0xBC,
    0x98, 0x51, 0x6A, 0xE4, 0xBE, 0xB3, 0x46, 0x0F, 0xD4, 0xEB, 0x40, 0x6D, 0x65, 0x16, 0x50, 0xA0,
    0xAD, 0x17, 0xF4, 0x02, 0x66, 0x2B, 0x05, 0x79, 0x2D, 0xF8, 0xAE, 0x24, 0xDB, 0x89, 0xA7, 0x33,
    0xBF, 0x24, 0x13, 0xE6, 0xFE, 0xAD, 0xEF, 0x1C, 0x62, 0x59, 0x56, 0x1C, 0x6C, 0x97, 0x3A, 0xED,
    0x09, 0x05, 0x01, 0x3F, 0x00, 0xA4, 0x9A, 0x69, 0x78, 0xCA, 0xC7, 0xFD, 0xFE, 0xC8, 0x19, 0xF8,
    0xFE, 0x0C, 0x92, 0x92, 0x2D, 0x02, 0xFE, 0x43, 0x4A, 0x18, 0x6A, 0x08, 0xC6, 0x92, 0x6F, 0xE5,
    0xEF, 0xBA, 0x8E, 0x8E, 0x5E, 0x2A, 0xF0, 0xDC, 0xFB, 0x50, 0xCF, 0x97, 0xF7, 0xF5, 0xE0, 0x4A,
    0xA4, 0xB2, 0x22, 0x3D, 0x61, 0x00, 0x71, 0x43, 0xD2, 0xE6, 0xDE, 0x37, 0x00, 0xCF, 0x49, 0xF1,
    0xD3, 0xA4, 0x62, 0x28, 0x4D, 0xE5, 0xEA, 0xC1, 0x8F, 0x80, 0x86, 0xE9, 0x31, 0x93, 0x98, 0x40,
    0x85, 0x35, 0xC4, 0xD5, 0x1D, 0x49, 0x4B, 0x25, 0x65, 0xBF, 0xDB, 0x32, 0x5F, 0x66, 0x03, 0x18,
    0x5F, 0x68, 0xF4, 0x97, 0x5A, 0x59, 0x29, 0x05, 0x52, 0x73, 0xB9, 0x88, 0x0F, 0x3D, 0x74, 0xB8,
    0x76, 0x4F, 0x6F, 0x8F, 0x6D, 0xBF, 0xDB, 0x72, 0x7A, 0x6C, 0xB7, 0x92, 0xA1, 0x12, 0xD3, 0xD9,
    0x58, 0xC2, 0x57, 0x2C, 0x49, 0xB9, 0xAD, 0xDD, 0xE3, 0xB5, 0x6C, 0xDB, 0xFC, 0x87, 0x6D, 0x59,
    0xCA, 0xE5, 0xE6, 0xDB, 0x8F, 0xD8, 0x5D, 0xF9, 0x47, 0x59, 0x81, 0xE7, 0xE4, 0x9A, 0x07, 0x1A,
    0xCF, 0x09, 0x4D, 0xD0, 0xAB, 0x59, 0x4D, 0x92, 0xF6, 0xC9, 0x00, 0xF5, 0x44, 0xD0, 0xBE, 0xC8,
    0xE3, 0x38, 0x93, 0xDD, 0xC6, 0xC4, 0x17, 0x39, 0x05, 0x0E, 0x58, 0x02, 0x0B, 0x68, 0xA8, 0xC6,
    0x4E, 0x7C, 0x12, 0x27, 0x55, 0x6D, 0x8B, 0xAC, 0x76, 0xAA, 0xC7, 0x24, 0x26, 0x45, 0x69, 0x91,
    0x13, 0x0E, 0x7A, 0x42, 0x39, 0xF4, 0x64, 0x34, 0x58, 0x5D, 0x73, 0x47, 0x40, 0x0F, 0x28, 0x5F,
    0xA4, 0x1D, 0xAD, 0x3C, 0x8F, 0xF1, 0xE3, 0x18, 0x31, 0x26, 0x5E, 0x07, 0x96, 0xE0, 0x8B, 0x19,
    0x4D, 0xFA, 0xBA, 0xC6, 0xEF, 0x23, 0x69, 0x83, 0x03, 0x77, 0x2C, 0xC1, 0xEB, 0x8D, 0x88, 0xE7,
    0x2B, 0xC6, 0xCA, 0xD3, 0xA4, 0xCD, 0xDE, 0x83, 0x1A, 0xD0, 0x71, 0x8E, 0x2E, 0x18, 0x52, 0xCF,
    0xBC, 0xAB, 0x45, 0x33, 0xD5, 0x74, 0x33, 0x1A, 0xBF, 0x32, 0xFA, 0x7A, 0x13, 0x67, 0x90, 0x9A,
    0x46, 0x13, 0x7F, 0xA2, 0x79, 0x3B, 0xEE, 0x8B, 0x6C, 0x6C, 0xE2, 0x27, 0x03, 0xA9, 0x27, 0xF5,
    0xDD, 0x2A, 0x34, 0xA4, 0x53, 0xC1, 0xF8, 0x40, 0xFD, 0xAA, 0xBA, 0x0B, 0xDB, 0xCA, 0x29, 0x5F,
    0x92, 0xA4, 0xDA, 0x2A, 0xE0, 0x59, 0xDF, 0x2B, 0xE4, 0x81, 0x63, 0x35, 0x96, 0xD3, 0xA7, 0x3D,
    0x2D, 0x9D, 0x81, 0x95, 0x13, 0x30, 0xDD, 0x10, 0x6E, 0x05, 0xC3, 0x2D, 0xC1, 0xA5, 0xE9, 0xB1,
    0x7D, 0xF4, 0xB7, 0x53, 0xE7, 0xC8, 0xE3, 0x5C, 0x9F, 0x3E, 0x5B, 0xEE, 0x99, 0xAB, 0xA7, 0xE9,
    0xA1, 0x94, 0xEA, 0xE7, 0x9E, 0xF1, 0x4A, 0x63, 0xE5, 0xC2, 0x55, 0xD0, 0x30, 0xC0, 0x77, 0x46,
    0xD2, 0xD2, 0x4C, 0xFE, 0xBB, 0xB7, 0x27, 0xD8, 0xA8, 0xC1, 0xFF, 0xED, 0x9B, 0xF9, 0xCF, 0xAA,
    0x87, 0xD4, 0x9B, 0x22, 0xFE, 0x06, 0xCB, 0x03, 0x2D, 0xD8, 0x58, 0x4D, 0x79, 0x29, 0xA7, 0x5E,
    0x4E, 0x45, 0x55, 0x5D, 0xEA, 0xA6, 0xAA, 0x63, 0xCB, 0xB2, 0x7A, 0x2C, 0xF9, 0x96, 0x53, 0x6D,
    0xBF, 0x96, 0xB4, 0xD4, 0x53, 0x6C, 0xD5, 0x97, 0xEB, 0xC0, 0xA7, 0xE3, 0x18, 0x02, 0x93, 0x0A,
    0x2F, 0x6B, 0x3C, 0x09, 0x06, 0x33, 0x01, 0x7E, 0x53, 0x4F, 0xE5, 0xD6, 0xD3, 0x81, 0x3D, 0xD8,
    0x21, 0xF0, 0xA2, 0x8F, 0xA9, 0x18, 0x82, 0xA7, 0x2B, 0xF8, 0x36, 0xF7, 0xE2, 0xB2, 0xE3, 0xDB,
    0x71, 0x15, 0x97, 0xEF, 0x7D, 0xF2, 0xE8, 0x83, 0x4F, 0x3F, 0x79, 0xDC, 0xEB, 0xE9, 0xF7, 0xF9,
    0x77, 0xEB, 0x03, 0xD4, 0xA5, 0xA1, 0xC4, 0x24, 0xE1, 0x59, 0x23, 0x07, 0x65, 0x19, 0x53, 0xD5,
    0x14, 0xCF, 0xDA, 0x07, 0xF6, 0x90, 0x3D, 0xD8, 0xA4, 0xDE, 0x13, 0xDC, 0xE6, 0xEB, 0xE9, 0x81,
    0xE5, 0x55, 0x7B, 0xAC, 0x02, 0xAA, 0xCF, 0xBA, 0x9F, 0xE0, 0x27, 0xA3, 0xA0, 0x27, 0x15, 0x58,
    0x5E, 0x55, 0xC6, 0x32, 0xB0, 0x6A, 0xE8, 0x7F, 0xB0, 0x82, 0xED, 0x0D, 0xF0, 0x3B, 0xF5, 0x1F,
    0x69, 0x7C, 0x48, 0x2E, 0x81, 0xBF, 0x4F, 0x4F, 0x5B, 0xFE, 0xFF, 0x59, 0x6B, 0x3B, 0xFD, 0x3F,
    0xF9, 0x5D, 0x7D, 0x18, 0x80, 0x78, 0x6F, 0x35, 0x2C, 0xF8, 0x13, 0xD2, 0xE2, 0x56, 0xEE, 0x36,
    0x7E, 0xFB, 0xF9, 0x5A, 0x66, 0xB3, 0xC1, 0x3E, 0x91, 0xB4, 0x55, 0x6B, 0xB7, 0x97, 0xC6, 0xAB,
    0xFC, 0xF7, 0xDD, 0xDE, 0xE3, 0x96, 0x8E, 0x73, 0xDF, 0xE7, 0x8F, 0x2F, 0xF9, 0xED, 0x13, 0x04,
    0x43, 0x89, 0xD4, 0xFC, 0x44, 0xB7, 0x37, 0xD5, 0x2E, 0xCA, 0xA4, 0x0D, 0xD8, 0x22, 0x0F, 0x7C,
    0x41, 0x22, 0xA4, 0x9E, 0x24, 0x8D, 0x6F, 0x0F, 0x35, 0xAB, 0x89, 0xB6, 0xC2, 0xA7, 0x13, 0xCF,
    0xF6, 0xC4, 0xA6, 0x79, 0xB5, 0xF4, 0xE6, 0xF6, 0xBB, 0x73, 0x79, 0x9F, 0x75, 0xCE, 0x40, 0x33,
    0x5E, 0x67, 0x76, 0x25, 0x48, 0xE9, 0x93, 0x91, 0x9E, 0x03, 0xCF, 0xB8, 0x31, 0x26, 0xAB, 0x99,
    0x94, 0x8C, 0x49, 0x79, 0xDA, 0x62, 0xF5, 0xDE, 0xC6, 0xF7, 0x64, 0x4F, 0x5A, 0x6E, 0xC5, 0xB5,
    0x64, 0x9B, 0x7A, 0xA8, 0x83, 0x68, 0xA2, 0xE8, 0xA6, 0x87, 0xC2, 0x3B, 0x70, 0x81, 0x84, 0x35,
    0x38, 0xB7, 0xAA, 0xA7, 0x62, 0xA8, 0xD1, 0x6D, 0x8D, 0xBB, 0x88, 0x03, 0x16, 0xCE, 0xC0, 0xD5,
    0x98, 0x0A, 0x29, 0xCB, 0xAB, 0xE8, 0x9D, 0x92, 0x52, 0x3A, 0x76, 0x63, 0xA7, 0xA5, 0xB3, 0x93,
    0x3F, 0x37, 0xA4, 0xA4, 0xEC, 0x1D, 0xCF, 0xED, 0x7C, 0xB4, 0x7B, 0x51, 0x10, 0x77, 0x08, 0x4C,
    0xE5, 0x8F, 0x0E, 0x62, 0xA6, 0x19, 0xDA, 0x5B, 0xBF, 0xFD, 0x1F, 0xF8, 0xC3, 0xD5, 0xA6, 0x0E,
    0x9A, 0x72, 0xDA, 0x72, 0xDF, 0x46, 0x9B, 0x82, 0xEA, 0x80, 0xA1, 0xDA, 0x3A, 0x76, 0xAD, 0x7A,
    0xB0, 0x8F, 0xEE, 0xC1, 0x63, 0xAA, 0x9A, 0xA6, 0xED, 0xFC, 0x93, 0x13, 0xAB, 0x9D, 0x74, 0x31,
    0x83, 0x25, 0xD4, 0x8A, 0x1D, 0x7F, 0x2F, 0x45, 0xAF, 0x58, 0x97, 0xC7, 0x4A, 0xEC, 0x54, 0xBC,
    0xE4, 0x8A, 0x58, 0x69, 0xC2, 0x29, 0xB7, 0x34, 0x25, 0x62, 0x6F, 0x5F, 0x3D, 0x71, 0x8F, 0xC9,
    0xF2, 0x19, 0x2A, 0x50, 0xAF, 0x54, 0x50, 0x83, 0xD5, 0x69, 0x59, 0x54, 0xD1, 0x26, 0xA5, 0xA5,
    0x7F, 0xC6, 0x6E, 0x3A, 0x6F, 0xB6, 0xA0, 0x85, 0x6D, 0x5E, 0xD2, 0x17, 0x51, 0xB5, 0x88, 0x83,
    0xAB, 0xF9, 0x22, 0x0F, 0xF8, 0x2D, 0x52, 0xCF, 0x14, 0xF1, 0x14, 0x06, 0x98, 0x0A, 0xCF, 0xDE,
    0x3B, 0x81, 0xD3, 0x07, 0x79, 0x63, 0xF7, 0x8F, 0xFB, 0x73, 0xB6, 0x27, 0xFB, 0x34, 0x04, 0x2F,
    0x2A, 0x59, 0x37, 0xD1, 0x8C, 0xC2, 0x5F, 0x73, 0x2F, 0x15, 0xA5, 0x2C, 0x78, 0x0A, 0x03, 0x53,
    0x79, 0xFE, 0x1C, 0x10, 0xD0, 0x3B, 0x05, 0xB7, 0xA7, 0x08, 0x57, 0x99, 0x4A, 0x6A, 0x82, 0x4F,
    0xD3, 0xAF, 0xEF, 0xCC, 0xD8, 0xDE, 0x64, 0x63, 0x59, 0x1B, 0x5E, 0xF2, 0x8D, 0xC1, 0x41, 0x9C,
    0x34, 0x58, 0x81, 0x72, 0x02, 0x60, 0xF9, 0x1E, 0x6F, 0x4C, 0x4A, 0x7F, 0x79, 0xD4, 0xB0, 0x8C,
    0xB0, 0x1C, 0x6D, 0xE9, 0xCF, 0xAC, 0xFE, 0x61, 0xD9, 0x7E, 0x56, 0x6D, 0x2C, 0xF9, 0x13, 0xBA,
    0xAE, 0x33, 0x0B, 0x7B, 0x29, 0xD0, 0xED, 0xBA, 0x94, 0xB3, 0x6F, 0x92, 0x75, 0x2E, 0x05, 0x41,
    0xEF, 0x91, 0xC1, 0x57, 0x91, 0x94, 0x8B, 0xE7, 0x5F, 0xDC, 0x8C, 0xD7, 0xC4, 0xCE, 0x78, 0xC8,
    0x25, 0x18, 0xF7, 0x14, 0x45, 0xFD, 0xBD, 0x24, 0xE9, 0xD0, 0xF7, 0x27, 0x38, 0x37, 0x00, 0x7F,
    0x92, 0x0A, 0x78, 0x46, 0x4A, 0xCA, 0x8B, 0xDF, 0xDA, 0x51, 0x3A, 0x26, 0x3C, 0xD7, 0x2F, 0xE5,
    0x44, 0x19, 0x65, 0x15, 0xC5, 0x0D, 0xAB, 0xDD, 0x2F, 0xED, 0x71, 0xF7, 0x5C, 0x75, 0x77, 0xA6,
    0x97, 0xAD, 0xA4, 0x19, 0x3C, 0x99, 0xFE, 0x39, 0x12, 0x9B, 0x29, 0xA8, 0xA1, 0x15, 0xD8, 0xB1,
    0xC2, 0x53, 0x42, 0x0D, 0x38, 0x94, 0xA9, 0x28, 0xCF, 0x9E, 0xC2, 0xA9, 0xB1, 0x14, 0x78, 0xAA,
    0x2F, 0x55, 0x5C, 0x3A, 0x8E, 0x3A, 0x63, 0x4A, 0x4D, 0xA1, 0xC2, 0xD5, 0x23, 0x23, 0x38, 0x33,
    0x08, 0x57, 0xA3, 0xB6, 0x0C, 0x9F, 0xD9, 0x9D, 0x4D, 0xBC, 0xAD, 0x4A, 0x0E, 0xF0, 0xF5, 0x82,
    0x6D, 0x8F, 0x9A, 0x81, 0xBF, 0x3B, 0xCB, 0x81, 0x85, 0x94, 0x1B, 0x87, 0x03, 0x6F, 0x7C, 0x28,
    0xBD, 0xFC, 0xAD, 0xF4, 0xF1, 0x31, 0x3C, 0x63, 0x5A, 0xC0, 0xA0, 0x29, 0x4B, 0x80, 0x0F, 0x96,
    0xB7, 0x77, 0x45, 0x45, 0xCA, 0x99, 0xF7, 0x45, 0x85, 0x62, 0x28, 0xDB, 0xCE, 0xCA, 0x24, 0x18,
    0x85, 0x09, 0xAE, 0xB5, 0x26, 0x2D, 0xA5, 0x19, 0xBA, 0x80, 0xBA, 0x6F, 0xD7, 0xF7, 0x95, 0x10,
    0xFF, 0xD9, 0xEC, 0xBC, 0x56, 0xB0, 0xFC, 0xAC, 0x29, 0x85, 0x49, 0x60, 0xE9, 0x4F, 0xEA, 0x25,
    0xF5, 0x14, 0x5A, 0xF2, 0x37, 0xF9, 0xD4, 0x10, 0xAE, 0xEE, 0xA9, 0x2A, 0x02, 0xFE, 0x24, 0x9D,
    0x85, 0xE0, 0x18, 0xD2, 0x4B, 0xF1, 0xAA, 0x2E, 0x86, 0x6A, 0x29, 0xDF, 0xEE, 0x62, 0x6D, 0x1C,
    0x0E, 0x5C, 0xE7, 0x5D, 0xB4, 0xFB, 0x5D, 0xAC, 0x8F, 0xC0, 0x13, 0x87, 0x80, 0x62, 0x6F, 0x3F,
    0x8A, 0xFA, 0xCA, 0xFA, 0xE9, 0x75, 0xFF, 0x0A, 0xFF, 0x2F, 0xD6, 0x67, 0xCB, 0x62, 0xA3, 0x82,
    0xC1, 0xB5, 0x65, 0xE3, 0xFC, 0xAB, 0x55, 0xA1, 0x88, 0x8F, 0x23, 0xF5, 0xD3, 0x62, 0x55, 0x13,
    0xCB, 0xDF, 0x3D, 0x5E, 0xDD, 0xF8, 0xF6, 0xC0, 0x33, 0x4E, 0x2B, 0x9D, 0xC1, 0xCB, 0xB4, 0x1F,
    0xB6, 0x47, 0x0D, 0xFC, 0x91, 0x15, 0xD8, 0x23, 0x7B, 0xFA, 0x17, 0x51, 0xA0, 0xD3, 0x9E, 0x10,
    0xCB, 0x4D, 0x13, 0x71, 0x28, 0x0E, 0xF5, 0x52, 0x8D, 0x25, 0x47, 0x5B, 0x96, 0xFE, 0xF8, 0x65,
    0x69, 0x8F, 0xC7, 0xAF, 0x34, 0xCD, 0xB9, 0x10, 0x0D, 0xB1, 0x54, 0xBC, 0x22, 0xF5, 0xE6, 0xB9,
    0xD0, 0x4E, 0x8A, 0xA2, 0x27, 0x31, 0x19, 0x27, 0x41, 0xBD, 0xFD, 0x9F, 0x62, 0x09, 0x17, 0x52,
    0xBD, 0x7F, 0xAB, 0xA5, 0x45, 0x59, 0xB2, 0xE8, 0x49, 0x6D, 0xA4, 0x05, 0x0D, 0xEA, 0xC6, 0xA5,
    0x66, 0xE0, 0x4D, 0x33, 0x53, 0x53, 0xB6, 0x95, 0xA7, 0xDE, 0xD6, 0x9A, 0xBD, 0x7B, 0xAA, 0x2E,
    0xD1, 0x4B, 0x03, 0xCE, 0xA9, 0x4C, 0x02, 0xCF, 0x42, 0x2A, 0xEB, 0x1F, 0xE5, 0x49, 0x39, 0x9B,
    0x73, 0xA2, 0xDA, 0xFB, 0x9B, 0xDB, 0x25, 0x31, 0x84, 0x15, 0x1C, 0xF2, 0x5E, 0x8A, 0x4B, 0xE1,
    0x97, 0xDA, 0x13, 0xA4, 0xAD, 0xC2, 0x1E, 0x75, 0xCA, 0x1F, 0xD5, 0xB8, 0x55, 0x30, 0xAC, 0x06,
    0x61, 0xE5, 0x87, 0x7A, 0x2A, 0x19, 0xC9, 0x26, 0x0A, 0x6A, 0xD1, 0x98, 0x0E, 0xFC, 0x97, 0xE3,
    0xBE, 0xC9, 0x70, 0x5B, 0x54, 0xFB, 0x1E, 0x51, 0xF0, 0xEA, 0x5E, 0xF6, 0xD8, 0x1E, 0xCB, 0xC3,
    0x97, 0xE3, 0xB0, 0x25, 0x92, 0x74, 0xB8, 0x68, 0xAB, 0x5A, 0xCE, 0x6A, 0xDA, 0xB3, 0x62, 0x9A,
    0xD3, 0x83, 0x1E, 0x94, 0xD3, 0x31, 0x9D, 0xDD, 0xD4, 0xF1, 0xA0, 0x52, 0xBC, 0x6C, 0x25, 0x65,
    0x8F, 0xA5, 0x2C, 0x24, 0x6D, 0x35, 0xE5, 0x11, 0x54, 0x1C, 0x72, 0xAA, 0x97, 0x2A, 0x3C, 0x5F,
    0x2A, 0x2C, 0x5D, 0x12, 0x87, 0x92, 0x81, 0xD5, 0xEB, 0xDD, 0x0C, 0x4B, 0x70, 0x07, 0xAC, 0x01,
    0xA9, 0x30, 0xA9, 0xB1, 0xAC, 0x81, 0x67, 0x39, 0xCE, 0xA9, 0xEB, 0x9B, 0x94, 0x4B, 0x3D, 0x55,
    0x2E, 0x95, 0xA7, 0x95, 0x4D, 0x53, 0x03, 0x22, 0x40, 0xC2, 0xA4, 0xF4, 0xC7, 0xA3, 0x7C, 0x4D,
    0x34, 0x09, 0xCB, 0x58, 0xB4, 0xE5, 0x68, 0x97, 0x94, 0xA7, 0x2D, 0xF1, 0xF3, 0x49, 0xEE, 0x4D,
    0xE3, 0x56, 0xCB, 0x8F, 0x9C, 0x36, 0x9D, 0x8F, 0xD8, 0x76, 0xD3, 0x56, 0xED, 0xD3, 0xB9, 0xEC,
    0xEB, 0xF4, 0xCB, 0x5C, 0xAE, 0x1E, 0x34, 0xD5, 0xB1, 0x5C, 0x43, 0xCA, 0x72, 0x2C, 0xCB, 0xD2,
    0x29, 0xAB, 0xA0, 0xE8, 0x3D, 0x5D, 0x2F, 0x89, 0x72, 0xF7, 0xAC, 0x70, 0x5B, 0xA2, 0xAA, 0x97,
    0xCA, 0xE9, 0x97, 0xA9, 0x70, 0x6B, 0x7B, 0x24, 0xC2, 0x95, 0x52, 0xC7, 0xB5, 0x80, 0x6D, 0xC7,
    0xED, 0xCB, 0xE1, 0x00, 0xBF, 0x65, 0x98, 0x7A, 0x28, 0x1B, 0x6A, 0x47, 0x92, 0x4B, 0x3F, 0xF8,
    0xB9, 0x26, 0x14, 0x88, 0xA1, 0xFA, 0xF1, 0xF6, 0x21, 0xA1, 0x4C, 0x39, 0x73, 0xEC, 0xEE, 0x34,
    0xAA, 0xD7, 0x19, 0x44, 0xFE, 0x5F, 0xF1, 0x56, 0x94, 0xDB, 0xB8, 0x0E, 0x03, 0x07, 0xD0, 0x6F,
    0x00, 0x5E, 0x25, 0x07, 0x10, 0xA0, 0xAB, 0x13, 0xC8, 0x01, 0x7A, 0x15, 0x02, 0xF9, 0x25, 0xC0,
    0x67, 0x0D, 0x2D, 0xC5, 0xEB, 0xD8, 0xDD, 0xA6, 0x4D, 0xDF, 0x2A, 0x9C, 0xD1, 0xA2, 0xB2, 0x65,
    0x6E, 0x22, 0x88, 0x22, 0x49, 0x33, 0x8D, 0x74, 0xC9, 0x13, 0xEE, 0x39, 0xEA, 0x57, 0x4F, 0xBF,
    0x82, 0x43, 0x98, 0xC0, 0x16, 0xF8, 0x82, 0x7A, 0x02, 0xE7, 0x3A, 0x95, 0x62, 0x92, 0x39, 0x91,
    0xD3, 0xB9, 0x10, 0x8E, 0xF4, 0xF3, 0x0B, 0xF3, 0x25, 0x23, 0x66, 0xB6, 0x42, 0x62, 0x6D, 0x06,
    0xC8, 0xF8, 0xFB, 0x8C, 0x07, 0x6A, 0xCE, 0x0F, 0xCE, 0x3F, 0x3D, 0xA8, 0x69, 0x41, 0x78, 0x58,
    0x8B, 0x20, 0x86, 0xB7, 0xBE, 0xF7, 0xA0, 0x18, 0x9F, 0x73, 0x20, 0xB4, 0xCE, 0x7C, 0x85, 0xA0,
    0xE8, 0x4A, 0x2A, 0xBA, 0x31, 0xF4, 0x54, 0x11, 0x56, 0x07, 0x79, 0xA7, 0x6A, 0x83, 0x84, 0xA4,
    0x83, 0x00, 0x7D, 0xF8, 0x3A, 0x5B, 0xAF, 0x8E, 0x16, 0x2D, 0x71, 0xDB, 0x58, 0xB5, 0x0C, 0xCE,
    0x70, 0x51, 0x73, 0x10, 0xB0, 0x2B, 0x80, 0x7A, 0x01, 0xDB, 0x2F, 0xAA, 0xDA, 0x1A, 0x20, 0xA2,
    0xA9, 0x0E, 0x9F, 0xFC, 0x7D, 0xF5, 0x11, 0xBC, 0x5F, 0xD2, 0x2F, 0x68, 0xCA, 0x87, 0x54, 0xEE,
    0x81, 0x1B, 0xD3, 0x65, 0x46, 0x15, 0xDC, 0x33, 0x22, 0x5A, 0xA9, 0x95, 0xB7, 0xEC, 0x04, 0x9E,
    0x9D, 0xB1, 0x53, 0x33, 0x70, 0x43, 0xF3, 0xEC, 0x38, 0xD9, 0x9D, 0x51, 0x1E, 0x44, 0x3E, 0xA8,
    0x8B, 0xCF, 0xF3, 0x44, 0xFD, 0xA3, 0x33, 0x72, 0xC9, 0x2E, 0x34, 0x3B, 0x8C, 0x8B, 0x4B, 0xAC,
    0x76, 0xC4, 0x85, 0x2B, 0xB0, 0x15, 0x2D, 0x5A, 0x21, 0xBD, 0x73, 0xEE, 0x6E, 0x6B, 0x97, 0xBE,
    0x78, 0x76, 0xB4, 0xD9, 0xA3, 0x83, 0xD4, 0x5C, 0x51, 0x3C, 0xF6, 0xF7, 0xAE, 0xAC, 0xB6, 0x14,
    0x18, 0x9D, 0xAC, 0x1D, 0x19, 0x8D, 0x2C, 0x9E, 0xDD, 0xB0, 0x58, 0x9B, 0x6C, 0xC2, 0xED, 0xEE,
    0xE9, 0xDE, 0x39, 0x20, 0xB0, 0x41, 0xBA, 0x50, 0x39, 0x20, 0x49, 0xF2, 0x99, 0x52, 0xA0, 0x29,
    0xE3, 0x54, 0x88, 0x98, 0x06, 0xB1, 0x43, 0x57, 0x83, 0x15, 0x3C, 0xD7, 0xD4, 0x11, 0xA8, 0xDE,
    0xA0, 0x12, 0xC5, 0xA4, 0x88, 0x4A, 0xC4, 0x26, 0xD5, 0x44, 0x7D, 0x4B, 0xE4, 0x5C, 0xB1, 0xF9,
    0x8F, 0x6C, 0xB8, 0x92, 0xF3, 0x42, 0x6D, 0x06, 0xC9, 0x00, 0x24, 0xF4, 0x2A, 0x1C, 0x2B, 0xEA,
    0x64, 0xEB, 0x6C, 0x9D, 0x71, 0xC8, 0xB2, 0xE5, 0x4C, 0x6C, 0x51, 0xDF, 0x4C, 0xC7, 0xF5, 0x0F,
    0x77, 0x86, 0xAE, 0x4E, 0xD8, 0x6A, 0x98, 0x84, 0x9A, 0x52, 0xCD, 0x3A, 0x35, 0xBA, 0x74, 0xBA,
    0x62, 0x6D, 0x9C, 0x20, 0xB4, 0xBB, 0x4B, 0x50, 0x6F, 0xC8, 0x8D, 0x04, 0xAD, 0x93, 0x78, 0x52,
    0x5D, 0xA9, 0x0E, 0x6A, 0x0D, 0x74, 0xE0, 0x22, 0xBC, 0x84, 0x86, 0xAE, 0x6B, 0xFB, 0x72, 0xB9,
    0x60, 0xDB, 0xFE, 0xD7, 0x33, 0x24, 0x5A, 0x78, 0x27, 0x03, 0xAE, 0xD7, 0x2B, 0x66, 0x7B, 0xC3,
    0xE1, 0xF2, 0x91, 0xFC, 0x31, 0x39, 0x3E, 0x6B, 0xA3, 0x9E, 0x27, 0x7F, 0x50, 0xA8, 0x18, 0xAF,
    0x3A, 0x46, 0x53, 0xBA, 0x7E, 0x36, 0x5D, 0xBF, 0x29, 0x75, 0xBA, 0x7E, 0x69, 0xE7, 0xCA, 0x93,
    0xE0, 0x92, 0x4F, 0xD3, 0x0A, 0xF8, 0x6A, 0x0E, 0x4A, 0x47, 0x70, 0x03, 0xBB, 0x56, 0x20, 0x2A,
    0xF5, 0xE0, 0x84, 0xE5, 0x23, 0xF7, 0x28, 0x19, 0x0B, 0x41, 0x90, 0xBE, 0xA2, 0xF2, 0x96, 0xB8,
    0xA9, 0x16, 0x75, 0xBB, 0x5E, 0xEA, 0xA5, 0x5A, 0x4B, 0x17, 0xAB, 0xD8, 0x5C, 0x30, 0x25, 0xB2,
    0x2B, 0x8A, 0x5D, 0xE3, 0x48, 0x68, 0x29, 0x40, 0x51, 0xBD, 0x74, 0xE5, 0xA0, 0xF8, 0xA4, 0x35,
    0xE5, 0xF1, 0xC9, 0x0C, 0xA9, 0x68, 0x57, 0xA8, 0xE0, 0xB3, 0xE6, 0x0B, 0xDA, 0x78, 0x90, 0xEC,
    0x9F, 0xE0, 0x5B, 0x05, 0xC7, 0x88, 0x90, 0x71, 0x79, 0xDE, 0x05, 0x2D, 0xBB, 0xCA, 0xF4, 0x36,
    0xFF, 0xBD, 0x5A, 0x4C, 0x63, 0x07, 0x7E, 0xB3, 0x67, 0x6D, 0x44, 0xDA, 0x9A, 0xE6, 0x23, 0x75,
    0x3C, 0xEB, 0xBC, 0x15, 0x20, 0x77, 0x2C, 0x76, 0x31, 0x2C, 0x40, 0x1B, 0x6A, 0xC8, 0x46, 0xC1,
    0x2B, 0x19, 0x86, 0x69, 0xB9, 0xF2, 0x58, 0x90, 0xDF, 0x5A, 0x36, 0xEF, 0xE2, 0x28, 0x93, 0xA4,
    0x53, 0xAB, 0x63, 0xB1, 0xFB, 0x42, 0xC5, 0x3A, 0xE9, 0x42, 0xD2, 0xA9, 0xCD, 0x95, 0xEF, 0x0B,
    0xDD, 0xAD, 0x93, 0x2E, 0x14, 0x24, 0x9A, 0xD2, 0xF1, 0xB3, 0x74, 0x12, 0x0C, 0x6A, 0xAB, 0x8A,
    0x84, 0xE7, 0xC1, 0x2D, 0x30, 0x5B, 0xFA, 0x51, 0x01, 0x2B, 0x1D, 0x1F, 0x30, 0xE1, 0x49, 0x07,
    0x79, 0x30, 0x4C, 0xDC, 0x55, 0x10, 0x20, 0xCC, 0x73, 0x35, 0xDA, 0xEE, 0x64, 0xA5, 0x33, 0x82,
    0x18, 0x89, 0x86, 0x1D, 0xC2, 0x16, 0x04, 0x1A, 0xAF, 0x2D, 0x1B, 0x70, 0x07, 0xCC, 0xB1, 0x5D,
    0x6E, 0x75, 0xCC, 0x25, 0x38, 0xC1, 0x7A, 0xD8, 0x12, 0xCC, 0xD0, 0x80, 0x12, 0x11, 0x0B, 0xFC,
    0xA8, 0x16, 0xE5, 0x22, 0xDE, 0x9A, 0x8B, 0x47, 0xD8, 0x18, 0xBA, 0xEE, 0xD3, 0xC5, 0x19, 0x5D,
    0xC6, 0x51, 0x74, 0xB9, 0x34, 0x97, 0xE6, 0x25, 0xA3, 0xCB, 0x36, 0x1C, 0x70, 0x4C, 0x01, 0xEA,
    0x94, 0x59, 0x1E, 0xF3, 0x92, 0x40, 0xF2, 0x73, 0x1E, 0x6C, 0x6A, 0x11, 0x5D, 0x80, 0x9D, 0x64,
    0xC8, 0xA9, 0x01, 0x87, 0x22, 0x3C, 0x18, 0x4C, 0xC9, 0x8B, 0x05, 0xD8, 0x49, 0x84, 0x13, 0x7F,
    0x4D, 0x1B, 0x16, 0xAE, 0xD8, 0x59, 0xA1, 0xB3, 0x07, 0x08, 0x59, 0xD1, 0x50, 0x66, 0x84, 0x1F,
    0x86, 0x87, 0xF0, 0x2F, 0x19, 0x89, 0x31, 0x43, 0x8A, 0xDB, 0x23, 0x2A, 0xDF, 0xDD, 0x05, 0x09,
    0x95, 0x80, 0x8F, 0xD2, 0x15, 0xF6, 0x42, 0x7B, 0xB4, 0x16, 0xB9, 0x94, 0x85, 0xAB, 0xF0, 0x39,
    0xC2, 0x65, 0xF1, 0x51, 0xA7, 0x65, 0x2F, 0x1F, 0xFC, 0x4E, 0xA5, 0x62, 0x8C, 0xBA, 0x88, 0xE6,
    0x5D, 0x9C, 0xC1, 0xD7, 0xD9, 0x38, 0xB3, 0x39, 0x19, 0xBD, 0x9D, 0x72, 0x80, 0xAE, 0xDF, 0x22,
    0xF4, 0x18, 0x61, 0xC6, 0x82, 0x28, 0x03, 0xE4, 0xAE, 0x69, 0x6F, 0x50, 0xEF, 0x06, 0x18, 0x3D,
    0xE6, 0xE1, 0x54, 0x36, 0x58, 0x09, 0x87, 0x6D, 0x8E, 0x1A, 0x7B, 0xFA, 0x5E, 0x31, 0x0E, 0xAE,
    0xDC, 0xED, 0x84, 0xE2, 0xC0, 0x15, 0x5F, 0x4F, 0x5F, 0x41, 0xB9, 0x61, 0xD5, 0x71, 0xA4, 0xD5,
    0xF5, 0x07, 0x6D, 0xBB, 0x92, 0x99, 0x3C, 0x70, 0xBB, 0x03, 0x61, 0x09, 0x2E, 0xEC, 0x36, 0x4A,
    0x67, 0x16, 0xC0, 0x56, 0x6F, 0xB6, 0xCD, 0x3D, 0x62, 0x0F, 0x2B, 0x96, 0x96, 0xD2, 0x2A, 0x8C,
    0x7E, 0x7D, 0x28, 0xEE, 0x06, 0xF3, 0x19, 0x8F, 0x0B, 0xC3, 0x3E, 0x23, 0xF0, 0x87, 0x46, 0x77,
    0x5B, 0xA0, 0xF0, 0xA0, 0x06, 0xCF, 0x1A, 0x45, 0x87, 0xE6, 0x35, 0x36, 0x35, 0x5A, 0x90, 0x4B,
    0xEC, 0x43, 0x2D, 0x60, 0xFE, 0xF4, 0xF4, 0x40, 0x1F, 0xBA, 0x31, 0x14, 0xA8, 0x84, 0x85, 0x17,
    0x0D, 0xDF, 0xE5, 0x5F, 0x6F, 0xC6, 0xDF, 0x57, 0xE8, 0x99, 0x75, 0x38, 0x72, 0x5C, 0x3A, 0x34,
    0xF3, 0xB6, 0xE8, 0x38, 0x8F, 0x4E, 0xA3, 0x41, 0xD2, 0xE5, 0x5F, 0xA0, 0x10, 0xC9, 0x90, 0x8E,
    0xF8, 0x82, 0x74, 0x5C, 0x72, 0x0C, 0x9E, 0xD7, 0x6E, 0xE2, 0xF4, 0x6D, 0x84, 0x97, 0x4A, 0x7A,
    0x12, 0x9D, 0x86, 0x33, 0xE4, 0x06, 0x20, 0x26, 0xB9, 0x77, 0x6A, 0x18, 0x97, 0x14, 0x3D, 0x88,
    0x4F, 0x71, 0xD2, 0x0C, 0xD6, 0x54, 0x01, 0x6A, 0x5B, 0xE0, 0x0F, 0x6F, 0xB5, 0xA6, 0x67, 0xCA,
    0x31, 0x5E, 0x93, 0x31, 0x8B, 0x37, 0xD4, 0x1B, 0x45, 0xC7, 0xD1, 0x8E, 0x6E, 0x10, 0xEC, 0x11,
    0x11, 0xC4, 0xC1, 0x98, 0xD9, 0xF1, 0x52, 0xE3, 0x33, 0x26, 0x19, 0x4E, 0x29, 0x22, 0x48, 0xFB,
    0x81, 0x73, 0x32, 0x48, 0xBC, 0xA0, 0xE1, 0x18, 0x57, 0xAC, 0xEC, 0x28, 0x5F, 0xE1, 0x30, 0xF2,
    0x41, 0xA5, 0xAE, 0x93, 0xEB, 0x13, 0x37, 0xF2, 0x73, 0x1D, 0x88, 0xE3, 0xE1, 0x91, 0x29, 0x79,
    0x44, 0x58, 0xEB, 0x01, 0x35, 0xEF, 0x14, 0x6A, 0xA8, 0x62, 0x0B, 0x81, 0xE4, 0x93, 0x2A, 0x69,
    0xCE, 0x3E, 0xCA, 0x90, 0x4A, 0xE9, 0x14, 0xDA, 0x09, 0x99, 0x32, 0xB2, 0x8C, 0x2F, 0xA2, 0x30,
    0xAC, 0x63, 0x70, 0x67, 0xE6, 0xAB, 0x68, 0x5B, 0x20, 0x1B, 0xB4, 0x0E, 0x2F, 0x56, 0x2B, 0xCC,
    0x9B, 0xC6, 0x08, 0x82, 0x04, 0x18, 0x33, 0xCA, 0x29, 0x85, 0x73, 0x5D, 0x51, 0x4B, 0x68, 0x95,
    0x9B, 0x7A, 0x06, 0x25, 0x89, 0x2A, 0xC5, 0x6A, 0xB9, 0x69, 0x2B, 0x41, 0x1F, 0x6F, 0x16, 0x7F,
    0xB4, 0x35, 0x2A, 0xA7, 0x05, 0x6D, 0x63, 0xC4, 0xEC, 0x1C, 0x1C, 0x6F, 0x1D, 0x0A, 0xC8, 0xF6,
    0x00, 0x52, 0xF4, 0x81, 0x36, 0x8F, 0xEE, 0x5F, 0x38, 0xFB, 0x73, 0x53, 0xAB, 0x5B, 0x1B, 0x0B,
    0x5C, 0xF1, 0xF3, 0x62, 0x32, 0x4B, 0xE0, 0x19, 0x7F, 0xCF, 0x5C, 0x37, 0xED, 0x52, 0xFE, 0x10,
    0xDF, 0x95, 0x71, 0x89, 0x0E, 0x9F, 0xDA, 0xD3, 0x93, 0x6D, 0xDB, 0xE2, 0x2F, 0x9C, 0xE1, 0x24,
    0x21, 0x3E, 0x22, 0x2C, 0x0B, 0x76, 0x11, 0x16, 0xA2, 0x1E, 0xE3, 0x55, 0x9D, 0x24, 0x82, 0x78,
    0x87, 0x4E, 0x12, 0x4E, 0xEC, 0x74, 0xFA, 0x5A, 0x71, 0x5C, 0x3B, 0x29, 0x8E, 0xA3, 0x1E, 0xC5,
    0xC7, 0x49, 0x73, 0x8F, 0x86, 0x96, 0x67, 0x9B, 0x93, 0xE4, 0x3C, 0xEE, 0xD4, 0x79, 0x04, 0xFE,
    0xD4, 0xF9, 0xB0, 0xB2, 0xC7, 0x1A, 0x22, 0x24, 0xF3, 0xDE, 0xF7, 0x73, 0x9F, 0x7B, 0x65, 0x00,
    0xE5, 0x94, 0x23, 0x9C, 0x77, 0xBC, 0x48, 0x9B, 0x8D, 0x19, 0x28, 0x87, 0x64, 0x28, 0xFA, 0x19,
    0x7C, 0x41, 0x20, 0xB4, 0x31, 0x64, 0x7B, 0x58, 0x0D, 0xE1, 0x09, 0xD4, 0x3D, 0xCE, 0x8A, 0x1B,
    0x5C, 0x1C, 0x2D, 0x2A, 0xA0, 0xDB, 0xCB, 0x9B, 0x26, 0xCA, 0x13, 0xEC, 0x0C, 0x97, 0x84, 0x2F,
    0x88, 0xCB, 0x46, 0xC7, 0xCB, 0xC0, 0x7E, 0x9E, 0xBA, 0x8A, 0xAD, 0xE2, 0xE1, 0x2D, 0x6A, 0xB1,
    0x8A, 0x14, 0x74, 0x71, 0x00, 0x87, 0x28, 0x9A, 0x36, 0xCA, 0x9A, 0x3A, 0xCA, 0x5F, 0xB1, 0x2F,
    0x9B, 0x11, 0x7A, 0x44, 0x9A, 0x1E, 0x51, 0xB5, 0x73, 0x59, 0xC3, 0x6B, 0x11, 0x6B, 0xA8, 0xB4,
    0xAE, 0x89, 0x17, 0x33, 0x5B, 0xC9, 0xEF, 0x9D, 0x98, 0xD9, 0x68, 0x9D, 0x32, 0x90, 0xF9, 0x20,
    0x9F, 0xA6, 0xA5, 0x29, 0xAE, 0x90, 0x35, 0xEA, 0xA7, 0x1C, 0x6E, 0xB1, 0x06, 0x50, 0x8B, 0xDD,
    0x14, 0x76, 0xD7, 0x3C, 0x6C, 0xC8, 0x82, 0x47, 0xF9, 0x1F, 0x27, 0xB9, 0xA2, 0xA5, 0x11, 0xFA,
    0x4D, 0x8D, 0x44, 0x71, 0x4C, 0xDF, 0x52, 0x55, 0x0F, 0xB7, 0x72, 0x0B, 0x13, 0x9C, 0x7F, 0x9A,
    0x31, 0x38, 0x4B, 0xF5, 0x8C, 0x1C, 0x86, 0xA1, 0x06, 0xDB, 0xFF, 0xF9, 0x36, 0x01, 0x38, 0x41,
    0x52, 0xCC, 0x18, 0xEB, 0x68, 0x3F, 0x2E, 0xCB, 0xFB, 0xD4, 0x37, 0x31, 0x20, 0x46, 0x02, 0x59,
    0x62, 0xEB, 0x98, 0x3E, 0x17, 0xBA, 0x13, 0xE5, 0x51, 0x55, 0xBD, 0xC6, 0x85, 0xAD, 0xF8, 0xDE,
    0x3F, 0x09, 0xF5, 0x47, 0x01, 0x4E, 0x4D, 0xC1, 0x2A, 0x7E, 0x81, 0x95, 0x58, 0x24, 0xC3, 0x97,
    0x49, 0x15, 0xF5, 0x98, 0x7C, 0x92, 0x3D, 0x53, 0x21, 0xE9, 0xA0, 0x50, 0x34, 0x8B, 0x6D, 0x3C,
    0x87, 0x24, 0xA4, 0xF4, 0x17, 0xA9, 0xB3, 0xC9, 0x1E, 0xDB, 0x28, 0x08, 0x21, 0x19, 0xBB, 0xF1,
    0xAD, 0x4F, 0xB6, 0x2D, 0x8C, 0x7D, 0xC3, 0x61, 0xFE, 0xF3, 0xEF, 0x14, 0xB2, 0x95, 0x60, 0x33,
    0xC8, 0x4E, 0x1E, 0xE9, 0x45, 0x75, 0x46, 0x05, 0xA8, 0x18, 0x48, 0x6F, 0x3B, 0xC1, 0x87, 0x76,
    0xDA, 0x47, 0xC6, 0x06, 0x39, 0xBE, 0xED, 0x7C, 0xEC, 0x62, 0x61, 0x3F, 0xB7, 0x4C, 0x6D, 0x45,
    0xC5, 0x1E, 0xCF, 0x7B, 0xAE, 0x8B, 0xB7, 0xA8, 0xB4, 0x48, 0x94, 0xE2, 0x14, 0xDD, 0x4A, 0xF0,
    0xA7, 0x59, 0x58, 0x16, 0xD6, 0xCE, 0xF7, 0xC1, 0x95, 0xAB, 0x7B, 0xB2, 0x3B, 0x17, 0x7B, 0x4D,
    0x2E, 0xBA, 0x70, 0x23, 0x4B, 0xB2, 0x60, 0xE1, 0xF2, 0x41, 0x0E, 0xB2, 0x77, 0x86, 0xF3, 0xDB,
    0x35, 0xC4, 0x49, 0x0E, 0x85, 0x3C, 0xA2, 0x9E, 0x91, 0x24, 0x15, 0x77, 0x7D, 0x50, 0xED, 0x0F,
    0x25, 0xD1, 0xA4, 0x4D, 0x6A, 0xBA, 0x90, 0x68, 0x63, 0x14, 0x65, 0xCE, 0xBB, 0x8F, 0x70, 0x7E,
    0x6D, 0xAB, 0x1C, 0x2F, 0xB2, 0xB5, 0x91, 0x05, 0x7A, 0xDF, 0xEB, 0x70, 0xC2, 0x02, 0x85, 0x47,
    0x8D, 0x6F, 0x85, 0xC4, 0xBA, 0xBB, 0x6E, 0x2A, 0xB5, 0xEB, 0x9F, 0x95, 0xDA, 0x2E, 0xCE, 0xB8,
    0x2E, 0x01, 0xBC, 0x57, 0xA1, 0x1B, 0xCB, 0x26, 0xF0, 0xA2, 0x36, 0x5B, 0x6F, 0x95, 0xE7, 0x62,
    0xE4, 0x2C, 0x92, 0x5C, 0x3A, 0x37, 0x72, 0x25, 0x7B, 0xE1, 0x56, 0x44, 0xE6, 0x9D, 0x25, 0x59,
    0x33, 0xE5, 0xFE, 0xE0, 0x46, 0xAE, 0x1C, 0x77, 0x32, 0x9C, 0x91, 0xDF, 0x5B, 0xA8, 0x94, 0xB8,
    0x3D, 0x82, 0x13, 0x95, 0x54, 0xA6, 0x49, 0xAE, 0xF0, 0x75, 0xCC, 0x16, 0xE2, 0xFA, 0xBB, 0xB4,
    0xF8, 0xE8, 0xFA, 0x96, 0xB0, 0x47, 0x71, 0xB5, 0xFF, 0xE0, 0xFD, 0xEB, 0xF9, 0xEB, 0x35, 0xE0,
    0xE1, 0xDA, 0x79, 0x43, 0x65, 0xB5, 0xAA, 0x04, 0xDB, 0xC6, 0xB5, 0x2B, 0x12, 0x5E, 0x28, 0x34,
    0x99, 0x17, 0x88, 0xED, 0xF2, 0x49, 0xAD, 0x23, 0xD6, 0xD6, 0xEF, 0x59, 0x51, 0x3B, 0x32, 0x76,
    0x56, 0xAC, 0x8C, 0x8C, 0xBF, 0xA3, 0x85, 0x6E, 0x6A, 0x28, 0xDB, 0xBC, 0xD9, 0xD7, 0xC2, 0x4B,
    0x97, 0xA0, 0x86, 0x9E, 0x49, 0xCD, 0xD1, 0xDE, 0xA5, 0xC1, 0xF6, 0x15, 0xF4, 0x17, 0xB4, 0xE1,
    0xFE, 0xBF, 0x51, 0xE8, 0xDF, 0x9E, 0x3B, 0x80, 0xB7, 0x1E, 0x39, 0xA4, 0xE8, 0x9C, 0xF6, 0x7B,
    0xE1, 0xD9, 0x26, 0x58, 0x84, 0xED, 0x85, 0xC0, 0x2C, 0xEF, 0xF5, 0x9C, 0x3F, 0x2B, 0x98, 0xF2,
    0x9F, 0x2C, 0x99, 0xC9, 0x07, 0x6D, 0x9F, 0xD5, 0xD6, 0x67, 0xF1, 0x96, 0x5D, 0x21, 0x64, 0xF1,
    0x2C, 0x66, 0xB5, 0xB9, 0x74, 0x29, 0x75, 0xBE, 0x1E, 0xDF, 0x68, 0xA9, 0x89, 0x77, 0xBE, 0x80,
    0xC9, 0xB8, 0xBD, 0xBE, 0x54, 0x4D, 0x09, 0x9B, 0x2B, 0xFB, 0xBD, 0xAA, 0x8C, 0x95, 0xFD, 0x8A,
    0x36, 0xBB, 0x7D, 0xF9, 0xEF, 0xB5, 0x3D, 0x3B, 0x9C, 0xD6, 0xF6, 0x14, 0x35, 0x62, 0xB6, 0xB6,
    0xAD, 0xF5, 0x99, 0x85, 0x29, 0x3A, 0x70, 0x52, 0xEB, 0xF3, 0xCF, 0x6B, 0x8D, 0x76, 0xDF, 0xCF,
    0xDB, 0xF4, 0xD9, 0x7F, 0x3F, 0xDF, 0xD5, 0x4F, 0x8A, 0x12, 0xA3, 0xBD, 0xEB, 0xBD, 0xB1, 0x2A,
    0x5D, 0xD8, 0x5E, 0xA9, 0xC4, 0x1F, 0xC0, 0xFB, 0xDE, 0x00, 0x2D, 0x61, 0xC4, 0x2F, 0x54, 0x1D,
    0x6F, 0x7F, 0xDD, 0xB7, 0xEA, 0xBC, 0xFB, 0x75, 0xDF, 0xAF, 0x77, 0xB9, 0x1B, 0xCF, 0x2A, 0x22,
    0xD4, 0xE7, 0x9D, 0xBA, 0xA3, 0xAD, 0x73, 0x32, 0xF8, 0xA4, 0x6F, 0xD3, 0x1F, 0xC3, 0x79, 0x05,
    0xB0, 0x7D, 0x17, 0xE2, 0x7B, 0xEF, 0xB9, 0xCE, 0x19, 0xB2, 0x7D, 0xF1, 0xC5, 0x9B, 0x57, 0xD3,
    0xD5, 0xA1, 0x78, 0xAE, 0x69, 0x39, 0xCE, 0x5A, 0x07, 0x02, 0x32, 0x3E, 0xDB, 0xDA, 0xE5, 0xD9,
    0x7E, 0xEF, 0x15, 0xD3, 0x9D, 0x49, 0x61, 0xFB, 0xCE, 0x9B, 0x39, 0x2F, 0x67, 0xDD, 0xAD, 0x0B,
    0x86, 0x34, 0xFD, 0x5A, 0x12, 0xDE, 0xBA, 0x60, 0x88, 0x2C, 0xA2, 0xBF, 0x14, 0x70, 0x2E, 0xBE,
    0xC0, 0x7E, 0x1E, 0x70, 0x6E, 0x1D, 0x70, 0x94, 0x4F, 0x75, 0x94, 0x08, 0xED, 0xF8, 0x44, 0x47,
    0x1E, 0xCD, 0x8F, 0xF4, 0x69, 0x11, 0xC4, 0x81, 0x3E, 0xB4, 0x03, 0xFF, 0x01, 0xBD, 0xD7, 0x51,
    0x8A, 0xFB, 0x38, 0x12, 0x80, 0xF1, 0x1F, 0xE8, 0x35, 0x50, 0x57, 0xF1, 0x01, 0x04, 0xBA, 0x7A,
    0x41, 0xBF, 0x2E, 0xFC, 0xAF, 0x52, 0xD0, 0xAF, 0x82, 0x5A, 0x26, 0x09, 0x21, 0x61, 0xE8, 0x9D,
    0xE9, 0x24, 0x59, 0x5B, 0x9F, 0xE8, 0x36, 0x41, 0xFE, 0x54, 0x72, 0x95, 0x65, 0x23, 0x89, 0x72,
    0x63, 0xCE, 0x0B, 0x7B, 0x51, 0x71, 0x66, 0x54, 0xE4, 0xE8, 0x3E, 0x73, 0xFE, 0x8F, 0x5A, 0xEC,
    0x79, 0xFD, 0x75, 0xB1, 0x00, 0x8C, 0xBC, 0x30, 0x45, 0x57, 0xD8, 0xCC, 0x4B, 0x1B, 0xBD, 0x57,
    0xCF, 0x69, 0x6E, 0xB3, 0xEC, 0x6D, 0xAF, 0xDE, 0xB1, 0x27, 0x60, 0x32, 0x19, 0x88, 0xC2, 0x81,
    0xBA, 0x8E, 0x06, 0xBC, 0xCD, 0xF4, 0xA0, 0x19, 0x69, 0xB0, 0x38, 0xF0, 0x3B, 0xDD, 0x6D, 0x7C,
    0xE5, 0x4D, 0xA1, 0xE2, 0xBD, 0x7A, 0x22, 0xCD, 0x49, 0xBB, 0xDC, 0x46, 0x01, 0x93, 0xE8, 0x12,
    0x36, 0xE6, 0x8D, 0xD1, 0xDB, 0xEA, 0x69, 0x9A, 0xB6, 0xA9, 0x6C, 0xDB, 0xB6, 0x7A, 0x8B, 0x3D,
    0x2D, 0x97, 0x71, 0x3E, 0xE5, 0xBB, 0x89, 0x60, 0xA5, 0xAA, 0x91, 0x13, 0xC2, 0xE8, 0x3D, 0x72,
    0x11, 0xD7, 0xD6, 0x1D, 0xFD, 0x27, 0xC4, 0x12, 0xD3, 0x5A, 0x56, 0x74, 0x8F, 0x0E, 0x22, 0x51,
    0x28, 0xF1, 0xF5, 0x31, 0x47, 0xE6, 0x55, 0x64, 0x4E, 0x7D, 0x8C, 0xAF, 0x0C, 0xF5, 0xBB, 0x55,
    0x5F, 0x83, 0xEF, 0x4D, 0x1E, 0x8C, 0xCF, 0x45, 0x73, 0xD4, 0x11, 0x9D, 0xA7, 0xC1, 0xA4, 0x3D,
    0x63, 0x1A, 0xF5, 0x84, 0xDD, 0x93, 0x49, 0xDE, 0xF7, 0x92, 0xCF, 0xE6, 0xBC, 0x8D, 0xE2, 0x3B,
    0xA8, 0x13, 0x6B, 0x13, 0xF5, 0x5E, 0xF1, 0x48, 0xC1, 0x3C, 0x42, 0x8E, 0x4E, 0xED, 0x77, 0xBA,
    0x13, 0x81, 0xEF, 0x3F, 0x1F, 0x53, 0x1C, 0x49, 0xBD, 0xA0, 0x18, 0x89, 0x62, 0x7C, 0x38, 0x92,
    0x9B, 0x20, 0x9C, 0x0E, 0x43, 0x5D, 0x4D, 0x9F, 0x4E, 0xA5, 0xBA, 0x37, 0xCD, 0xB7, 0xA7, 0xD2,
    0xAA, 0xD3, 0xC0, 0xB3, 0x31, 0xAD, 0x41, 0xC5, 0xD5, 0xAE, 0x3E, 0x9A, 0x4A, 0xE1, 0x88, 0xE7,
    0xC2, 0x09, 0x6C, 0xB6, 0xEE, 0xEA, 0xAE, 0xCD, 0x63, 0xFB, 0x87, 0xEB, 0xF7, 0x23, 0x58, 0x46,
    0x57, 0xE4, 0x5E, 0xE6, 0xB4, 0xA6, 0xE8, 0xF3, 0x71, 0xF3, 0x58, 0x46, 0xF4, 0x1E, 0xBD, 0x01,
    0x8B, 0x45, 0xD2, 0x04, 0xC1, 0xE6, 0xC0, 0xB3, 0x32, 0x07, 0x2B, 0x8D, 0x73, 0x5B, 0x9C, 0xF0,
    0x0B, 0xAB, 0xA8, 0x63, 0x76, 0x1D, 0x91, 0x4F, 0x0B, 0xC4, 0x9E, 0xE7, 0xC7, 0x26, 0x7F, 0x75,
    0x5F, 0x96, 0x7D, 0x8C, 0xCE, 0xF8, 0xE3, 0xE4, 0xF9, 0xBB, 0x13, 0x69, 0x9D, 0xE8, 0xE3, 0xF1,
    0xED, 0xBF, 0x18, 0x5D, 0x22, 0xB7, 0x65, 0x9A, 0xE7, 0x3E, 0x74, 0xF7, 0x99, 0x8D, 0x79, 0x65,
    0x19, 0xA2, 0xB7, 0xD1, 0xDB, 0x66, 0x2E, 0xA3, 0xD3, 0x77, 0x0E, 0x07, 0x56, 0xEF, 0xBF, 0x1A,
    0x0F, 0xED, 0x9F, 0xAE, 0xD7, 0x75, 0x1C, 0xE3, 0x3B, 0x87, 0xFA, 0x65, 0x6C, 0x36, 0x27, 0x4E,
    0xE7, 0x08, 0x89, 0x78, 0x29, 0x42, 0x3F, 0xBE, 0xCB, 0x7F, 0xF1, 0x8C, 0xE4, 0xA9, 0x73, 0x0E,
    0xB6, 0xB1, 0x5F, 0xF5, 0x19, 0x75, 0x8C, 0xAE, 0xDB, 0x1B, 0xFB, 0x09, 0x1F, 0xDB, 0x68, 0xF1,
    0x95, 0x53, 0xF1, 0x96, 0x24, 0x7E, 0xD2, 0xE4, 0x3E, 0xA7, 0x43, 0x94, 0x52, 0x91, 0x81, 0xAE,
    0xAE, 0xF0, 0xF3, 0xB9, 0xAA, 0x6B, 0xEA, 0x1C, 0x39, 0x72, 0x99, 0x60, 0xFE, 0x74, 0xFE, 0xAB,
    0xD1, 0x20, 0x44, 0xEE, 0x42, 0xDD, 0x1F, 0xEC, 0xD2, 0x5B, 0x74, 0xE7, 0xCA, 0x51, 0x8B, 0xBD,
    0x99, 0xC5, 0xBA, 0x12, 0x0F, 0x5C, 0xAF, 0x6F, 0xD7, 0x42, 0x9D, 0xA3, 0xA2, 0x3B, 0x75, 0xC3,
    0x5D, 0x59, 0xCF, 0xC7, 0x3C, 0xB3, 0x4C, 0x61, 0x8B, 0xBC, 0x67, 0x5E, 0xB0, 0xAC, 0x6B, 0x9E,
    0x15, 0x00, 0xEB, 0x4A, 0x24, 0x51, 0x98, 0x7F, 0xFB, 0x90, 0x79, 0x9B, 0xFB, 0x09, 0x2B, 0x91,
    0x57, 0x7F, 0x9C, 0xC0, 0x2B, 0xF3, 0x28, 0x71, 0xF7, 0x75, 0x93, 0xF1, 0x5E, 0x67, 0x91, 0x56,
    0xD0, 0xC5, 0x77, 0x1A, 0x8E, 0x97, 0x7C, 0x17, 0xC6, 0x9F, 0xFB, 0xFD, 0xF8, 0x7B, 0x7D, 0x37,
    0xE6, 0x62, 0xAC, 0xBC, 0xF8, 0xE6, 0x6B, 0xBE, 0x44, 0xA2, 0x90, 0xE2, 0xEB, 0x63, 0xDE, 0x2C,
    0x8C, 0x0B, 0xEB, 0x44, 0xFF, 0xE7, 0x2D, 0xF1, 0xB6, 0xE2, 0xB6, 0x79, 0x13, 0xF9, 0x39, 0xFF,
    0x3D, 0x8D, 0x2E, 0x43, 0xB2, 0xB0, 0xF2, 0x3D, 0xFE, 0x91, 0xAC, 0x47, 0xE7, 0x4F, 0xD6, 0x12,
    0x9D, 0x46, 0x95, 0x30, 0xE1, 0x7D, 0xF5, 0xC5, 0x86, 0xC2, 0x48, 0x04, 0xA0, 0xF4, 0x3E, 0x1B,
    0x7D, 0xE5, 0xCA, 0xD1, 0xB9, 0x68, 0x9B, 0xA9, 0x58, 0xB7, 0x2E, 0x1E, 0xBB, 0x75, 0xD7, 0x6D,
    0xA6, 0xC9, 0xB6, 0x72, 0x94, 0xF3, 0xE4, 0x74, 0x63, 0x14, 0x91, 0x04, 0x26, 0x98, 0x4E, 0xF6,
    0xE8, 0xAA, 0xC8, 0xCE, 0x25, 0xFE, 0xFD, 0x74, 0x36, 0x84, 0xAB, 0x3E, 0xF5, 0x71, 0xFD, 0x51,
    0xD8, 0x58, 0x88, 0x17, 0xF5, 0x07, 0x44, 0xC1, 0xF1, 0xB0, 0x0E, 0xE3, 0xF3, 0xEB, 0x60, 0x62,
    0x25, 0xE3, 0xCA, 0xC2, 0xE9, 0xC5, 0x09, 0xF5, 0x60, 0x74, 0x33, 0x72, 0x7F, 0x7E, 0x29, 0xF6,
    0x49, 0xAC, 0xED, 0x34, 0xEA, 0x15, 0xEB, 0x0F, 0x6B, 0xDE, 0x1F, 0x91, 0xD7, 0xEE, 0x55, 0xDD,
    0xFB, 0x1C, 0xDE, 0xD4, 0x33, 0x4C, 0x23, 0x97, 0xC8, 0xE8, 0x36, 0x7A, 0xDF, 0x59, 0x5E, 0x28,
    0xF3, 0x7F, 0xB4, 0xEB, 0x87, 0x63, 0xCF, 0xC7, 0x1D, 0x23, 0x56, 0xE1, 0x4A, 0x24, 0x01, 0x6F,
    0xD4, 0x3C, 0x68, 0x06, 0xC1, 0xE4, 0x00, 0xBF, 0xD0, 0xDD, 0x18, 0x85, 0x78, 0xA8, 0x78, 0x9B,
    0xBA, 0x75, 0x9D, 0x9B, 0xB6, 0xA9, 0xDF, 0x75, 0xD3, 0x28, 0x4B, 0xA4, 0xE8, 0x76, 0x16, 0x7E,
    0xAC, 0x76, 0x05, 0x16, 0x17, 0xAD, 0xB2, 0xAA, 0x2C, 0x65, 0xFE, 0xC8, 0xB6, 0xAD, 0xDE, 0x6E,
    0xF6, 0xE6, 0x5D, 0xD9, 0xFB, 0xB8, 0x7E, 0x24, 0x0A, 0x1B, 0xA7, 0x17, 0xF5, 0x17, 0xAC, 0x82,
    0x82, 0xFF, 0xEB, 0x3A, 0x1C, 0x68, 0x0C, 0x04, 0x26, 0x8E, 0xD7, 0x26, 0x34, 0x3A, 0x18, 0x7F,
    0x36, 0x43, 0x7D, 0x7E, 0x29, 0xEA, 0xB0, 0xBA, 0x1C, 0x91, 0xAF, 0x58, 0x7F, 0x58, 0xF3, 0xEF,
    0x15, 0x8F, 0x97, 0x75, 0xC1, 0xBE, 0x63, 0x22, 0x30, 0x12, 0x3C, 0x94, 0x0A, 0x21, 0x72, 0x19,
    0x39, 0x8D, 0xCB, 0x14, 0x59, 0x7F, 0x91, 0x44, 0x12, 0x7E, 0x64, 0xD4, 0xE3, 0xF8, 0x80, 0xDC,
    0xC2, 0x3C, 0xB3, 0x6E, 0x7F, 0x45, 0x6E, 0x23, 0xEB, 0x8C, 0xEF, 0xBC, 0x61, 0xB9, 0x30, 0xAF,
    0x6C, 0x14, 0x5D, 0xF4, 0xFB, 0x5C, 0xFF, 0x56, 0xB1, 0xB7, 0xC8, 0xE7, 0x1D, 0x37, 0xB5, 0x6F,
    0x8E, 0x3F, 0x96, 0xF2, 0xB7, 0xF9, 0xFF, 0xB0, 0x05, 0x99, 0x9F, 0x89, 0xF9, 0xE8, 0x30, 0x7A,
    0x0B, 0xF5, 0xDE, 0xE7, 0x65, 0x4F, 0xB1, 0xCA, 0x69, 0xE4, 0x47, 0xBC, 0xFF, 0x0B, 0xA5, 0x96,
    0x51, 0xAA, 0x23, 0x31, 0x0E, 0x45, 0x0F, 0xE8, 0x37, 0xA0, 0xAD, 0x18, 0xFA, 0x57, 0xE0, 0xAD,
    0x0B, 0xB2, 0x80, 0xDE, 0xCA, 0x85, 0xF7, 0x2B, 0xD0, 0x94, 0x5D, 0x95, 0x90, 0xF4, 0xBC, 0xD7,
    0xE9, 0x61, 0xA4, 0x7B, 0x25, 0x95, 0x24, 0xCB, 0x36, 0xA1, 0xA8, 0xF0, 0x26, 0x06, 0xD9, 0x52,
    0x7E, 0xA1, 0xBF, 0xEA, 0x8D, 0x41, 0x6B, 0xE8, 0x26, 0xFE, 0xAA, 0xFD, 0xD0, 0x4B, 0x6A, 0xA3,
    0xBF, 0xB5, 0xF2, 0xFF, 0x55, 0xBB, 0xC5, 0x96, 0x6E, 0x1D, 0x70, 0x9F, 0x11, 0x35, 0x0F, 0x13,
    0x5A, 0x91, 0x54, 0x47, 0xE8, 0xEE, 0x96, 0xEE, 0x4C, 0x27, 0x0E, 0x4C, 0x6A, 0x32, 0x3D, 0x9F,
    0x8F, 0x11, 0x28, 0x98, 0x1E, 0x33, 0x66, 0x85, 0x62, 0xAD, 0x22, 0xE6, 0x86, 0xE3, 0x07, 0x2C,
    0x4D, 0x58, 0x5E, 0x20, 0xE9, 0xCE, 0x03, 0x24, 0x27, 0xEC, 0x27, 0x08, 0x0A, 0xB4, 0x31, 0xA8,
    0xA1, 0x6E, 0x31, 0x40, 0xF0, 0x5E, 0xEA, 0x56, 0xFD, 0x7A, 0x2B, 0xCD, 0xEC, 0x4B, 0x27, 0x89,
    0x68, 0x5A, 0x9D, 0x45, 0xA2, 0xAA, 0xB2, 0x2C, 0xD7, 0xB2, 0x96, 0xB3, 0xFC, 0x62, 0x15, 0xB4,
    0xC4, 0x27, 0x6D, 0xF1, 0x51, 0xFB, 0xA9, 0xCE, 0xDF, 0xB4, 0x95, 0x2C, 0xFD, 0xDC, 0xC7, 0x58,
    0xFA, 0xA9, 0x0F, 0x17, 0x01, 0xCC, 0xDA, 0x6E, 0x04, 0x02, 0x74, 0x23, 0x01, 0xB9, 0x9D, 0xCE,
    0x79, 0x71, 0xB7, 0x98, 0xE9, 0x39, 0x22, 0x5A, 0x53, 0xB3, 0x94, 0x52, 0xB8, 0xBE, 0x72, 0x28,
    0xB0, 0xFB, 0xE9, 0x2C, 0x43, 0x81, 0x9F, 0x2E, 0x6C, 0x27, 0x83, 0xD5, 0x89, 0xF8, 0x52, 0xC8,
    0xC4, 0xCC, 0xA9, 0x6B, 0xF7, 0xE7, 0xFE, 0x50, 0x81, 0x00, 0x90, 0x3F, 0x03, 0xCB, 0x47, 0xC0,
    0x15, 0xF8, 0x23, 0x58, 0x67, 0x91, 0x29, 0xF6, 0x69, 0xCA, 0x6B, 0x96, 0xB4, 0x9E, 0xDC, 0xA5,
    0x0C, 0x79, 0x38, 0x76, 0x7F, 0x0F, 0x0C, 0xB7, 0x2B, 0x73, 0xE3, 0x0A, 0x02, 0xC5, 0x88, 0x70,
    0xC4, 0x9E, 0x33, 0x11, 0x6B, 0xB2, 0x97, 0xA5, 0xE5, 0x6A, 0x0C, 0x06, 0x89, 0xDD, 0x75, 0x4C,
    0x71, 0xE7, 0xE6, 0x44, 0x30, 0x82, 0xD4, 0x4A, 0x1E, 0xD9, 0x95, 0xB6, 0xBC, 0xF9, 0x2A, 0x38,
    0x23, 0x56, 0x69, 0x50, 0x04, 0x8E, 0x63, 0x49, 0xA2, 0x2A, 0x22, 0x70, 0xC7, 0x8D, 0x63, 0x0E,
    0x99, 0x48, 0xB5, 0xB3, 0x81, 0xEF, 0xFC, 0x2A, 0xEC, 0xCA, 0x2A, 0x09, 0x81, 0xB0, 0xC2, 0x6E,
    0xAC, 0x5D, 0x8D, 0xB0, 0x14, 0x49, 0x9A, 0x3C, 0x27, 0x81, 0xCE, 0x0D, 0xD2, 0x44, 0x3E, 0xB6,
    0xB3, 0x34, 0x59, 0xFA, 0xAE, 0x0E, 0x56, 0x76, 0x04, 0x85, 0x1C, 0x59, 0x5A, 0xE2, 0x20, 0x82,
    0x5D, 0xC7, 0x2D, 0xC1, 0x7E, 0x43, 0x2D, 0xDD, 0x66, 0x1C, 0x8F, 0xE3, 0x2C, 0x04, 0x3A, 0x9B,
    0xF7, 0x32, 0x67, 0x58, 0xEE, 0x51, 0x7B, 0x68, 0x39, 0xAF, 0xD0, 0x3B, 0xC6, 0x03, 0xA7, 0xEC,
    0x9E, 0x3C, 0xE0, 0x4D, 0xFF, 0xCE, 0x5F, 0x29, 0x7B, 0xC5, 0x3D, 0xCF, 0x33, 0xA0, 0x0B, 0x97,
    0x24, 0xA6, 0x85, 0xEE, 0xCE, 0xC5, 0x04, 0x09, 0xCB, 0xF3, 0xD6, 0x05, 0x9D, 0x30, 0x13, 0xEF,
    0xF3, 0xEE, 0xAB, 0x96, 0x6C, 0x87, 0x81, 0xC3, 0x0D, 0x62, 0x63, 0x80, 0x1E, 0x03, 0x07, 0x7E,
    0x20, 0x88, 0x1B, 0xE1, 0xC8, 0x00, 0x02, 0xFE, 0xCB, 0x65, 0xEC, 0x52, 0x47, 0x6F, 0xD7, 0xDB,
    0xD1, 0xBC, 0x38, 0xBB, 0x27, 0x80, 0xDF, 0x05, 0x60, 0xE4, 0xB5, 0xB8, 0x4E, 0x17, 0x7F, 0xB8,
    0x19, 0x93, 0x1A, 0xB5, 0x46, 0x2D, 0xCE, 0xB3, 0xB3, 0x81, 0xDF, 0xD8, 0x57, 0x62, 0xBF, 0xD3,
    0xEE, 0xC2, 0xEF, 0xE9, 0x29, 0xA6, 0x89, 0x4C, 0xCC, 0x68, 0xB5, 0xC0, 0x12, 0x9C, 0x93, 0x01,
    0x08, 0xB8, 0xD2, 0x8F, 0x52, 0xBC, 0x94, 0xF2, 0xFB, 0x15, 0x9D, 0x9D, 0xE2, 0x4D, 0x7F, 0xCA,
    0x6D, 0xB5, 0x77, 0xFD, 0x31, 0xE7, 0x4D, 0x17, 0xDD, 0xF7, 0x6E, 0x86, 0x7D, 0xE1, 0x80, 0xF0,
    0xEB, 0xF7, 0xB8, 0x62, 0x13, 0xCE, 0x0A, 0x02, 0x26, 0x08, 0xEA, 0x51, 0x04, 0x12, 0x07, 0xDB,
    0xF6, 0x55, 0x4C, 0xF8, 0xB6, 0xF3, 0x39, 0xA0, 0xA9, 0xEE, 0xAC, 0x61, 0x2A, 0xD8, 0x8C, 0x4D,
    0x3B, 0xE8, 0x19, 0x4C, 0x82, 0xBA, 0xDE, 0x81, 0x64, 0xD8, 0xC1, 0x97, 0x69, 0xF5, 0x60, 0x3D,
    0x07, 0xF1, 0x1C, 0xA4, 0x4D, 0x93, 0xF0, 0x14, 0x13, 0x51, 0x0C, 0x74, 0x31, 0x79, 0x48, 0xBD,
    0x0C, 0xEA, 0x6E, 0x98, 0x10, 0xA0, 0xEB, 0xBE, 0x7E, 0x60, 0x27, 0x6A, 0x27, 0x84, 0x27, 0xDD,
    0x42, 0x5D, 0x07, 0xFB, 0xC1, 0xFC, 0x86, 0x9C, 0x2C, 0x24, 0xFE, 0x89, 0xDE, 0x9D, 0xB3, 0xEF,
    0x4F, 0xF6, 0x3B, 0x9F, 0xF9, 0xD5, 0x67, 0x07, 0xFB, 0xFD, 0x0C, 0xFC, 0x74, 0x86, 0xEE, 0x3A,
    0x28, 0x88, 0x0B, 0x19, 0xD6, 0xD1, 0x87, 0x50, 0xD0, 0xD8, 0x3D, 0xFD, 0x2E, 0x27, 0x47, 0xD5,
    0xE0, 0x94, 0x8A, 0x98, 0xEE, 0xDF, 0xBE, 0x95, 0xFF, 0xA7, 0x7C, 0xF3, 0xF6, 0x7F, 0x3E, 0x19,
    0x00, 0x9F, 0xDB, 0xCA, 0x16, 0xC2, 0xC1, 0x21, 0x1E, 0xD0, 0x46, 0x62, 0x1B, 0x67, 0xF1, 0x06,
    0xB1, 0x3A, 0x53, 0x9E, 0xDE, 0xC2, 0x72, 0x7A, 0xA7, 0xA7, 0xF0, 0xEE, 0xC7, 0x3B, 0x77, 0x03,
    0x6B, 0xE1, 0x38, 0xE3, 0xBC, 0xFD, 0xA2, 0xCE, 0xB1, 0x11, 0xE1, 0x21, 0xEB, 0xA4, 0xE9, 0x2D,
    0x47, 0xEC, 0xA1, 0x88, 0xB8, 0xC5, 0x8D, 0x00, 0x04, 0x05, 0xE2, 0x5D, 0x6A, 0x63, 0xF0, 0x87,
    0x8C, 0xB3, 0x62, 0x77, 0x49, 0x76, 0x3F, 0xBF, 0x45, 0xFB, 0x63, 0xE4, 0x44, 0xDC, 0x6E, 0x8C,
    0xF3, 0x7B, 0xA4, 0x01, 0xE8, 0x9A, 0x03, 0xE2, 0x67, 0x29, 0x30, 0x6D, 0x33, 0x80, 0xE4, 0x5B,
    0x19, 0xCF, 0x51, 0xB5, 0x81, 0xB6, 0x09, 0x40, 0x9F, 0x57, 0xFC, 0x2C, 0x03, 0xC8, 0xE7, 0x09,
    0x14, 0x15, 0xBC, 0x48, 0x54, 0xE1, 0x80, 0x27, 0xF8, 0x8F, 0x03, 0xB2, 0x30, 0x2D, 0xF2, 0x9D,
    0xBC, 0xAD, 0xD7, 0x65, 0x3C, 0x35, 0x2F, 0x83, 0x26, 0xA0, 0xD7, 0x6A, 0x1F, 0xA2, 0x6D, 0xFE,
    0x28, 0x18, 0xBA, 0xBD, 0xAC, 0xFD, 0xA3, 0x5A, 0x25, 0x58, 0xAE, 0x2E, 0xB7, 0xA3, 0x77, 0xF3,
    0x94, 0x96, 0xB3, 0xF4, 0x1F, 0xFE, 0x06, 0x8E, 0xA5, 0x9F, 0xFB, 0x66, 0x3A, 0x9F, 0xF5, 0x86,
    0x33, 0x73, 0xE6, 0xA7, 0x79, 0xCE, 0xAF, 0xD4, 0xE7, 0x99, 0x34, 0xFF, 0x76, 0x8F, 0xFF, 0x00,
    0xDD, 0xD0, 0xCD, 0xA9, 0x1F, 0x31, 0x0C, 0x04, 0xF0, 0x01, 0x5D, 0x0D, 0xD3, 0x8A, 0x21, 0xD7,
    0x01, 0xB5, 0xAE, 0x02, 0x02, 0xAF, 0x95, 0x81, 0xBD, 0x0A, 0x14, 0xEF, 0x66, 0x21, 0x8F, 0x7F,
    0x52, 0x41, 0xF4, 0x93, 0x41, 0x16, 0xF8, 0x93, 0x2D, 0x89, 0x9B, 0x3E, 0x36, 0x75, 0xB0, 0xC3,
    0x06, 0xFC, 0x06, 0x04, 0x34, 0xE2, 0xA4, 0x40, 0x41, 0xC2, 0x16, 0x66, 0x0A, 0xC2, 0xEF, 0x1C,
    0x1B, 0xB7, 0x71, 0x35, 0x04, 0x95, 0xC6, 0x59, 0xD1, 0x84, 0xB0, 0xF1, 0xA3, 0x9B, 0x3B, 0x76,
    0x88, 0x9C, 0xF0, 0xF4, 0xD3, 0x34, 0x1C, 0x15, 0x45, 0x10, 0x3A, 0xD2, 0xD6, 0x2D, 0x7D, 0x57,
    0x25, 0x6B, 0x9A, 0xC5, 0xD6, 0x7B, 0xAB, 0x1C, 0x7E, 0x81, 0x50, 0x76, 0x56, 0x20, 0x30, 0x3D,
    0x1D, 0x78, 0xAB, 0x03, 0x00, 0xA6, 0x29, 0xBB, 0x9E, 0xB0, 0x45, 0x6B, 0x91, 0x8C, 0x20, 0xB9,
    0xE4, 0x69, 0xF3, 0xBB, 0x7F, 0xBF, 0x9A, 0x95, 0x75, 0x55, 0x7C, 0x18, 0xDB, 0xD0, 0xE1, 0x28,
    0x42, 0xF0, 0x7B, 0xEA, 0x4E, 0x10, 0x64, 0xB3, 0xC1, 0xDB, 0x74, 0xFE, 0x1F, 0x9F, 0xC5, 0xDA,
    0x86, 0xA0, 0xEC, 0x52, 0x69, 0x7E, 0x2E, 0xB0, 0x24, 0xAF, 0x5A, 0xD3, 0x05, 0x23, 0x1B, 0x15,
    0x77, 0x87, 0x75, 0xF8, 0xC8, 0x0E, 0x98, 0x5A, 0x54, 0x38, 0x2A, 0xF6, 0x52, 0x33, 0x51, 0x86,
    0x70, 0xAF, 0x59, 0x56, 0x3A, 0xE0, 0xC7, 0xE5, 0x96, 0xF9, 0x0D, 0x1E, 0xB2, 0xAF, 0x1A, 0x0C,
    0xAE, 0xB2, 0x9D, 0xFE, 0x13, 0x97, 0x13, 0x9D, 0x5F, 0x65, 0x46, 0x79, 0xFD, 0x3D, 0x3E, 0x37,
    0x7C, 0xE7, 0x71, 0xD0, 0x9C, 0x76, 0x19, 0xB7, 0x2C, 0xBB, 0xD0, 0x60, 0xC1, 0xD8, 0xE3, 0xC4,
    0x42, 0x56, 0x43, 0xAF, 0x05, 0x1A, 0xF5, 0x0B, 0x95, 0xD3, 0x07, 0x6A, 0xF5, 0x5A, 0x0F, 0x85,
    0xE1, 0x17, 0x44, 0x27, 0xA0, 0xA9, 0x9C, 0x01, 0x6C, 0xD0, 0xD4, 0x05, 0x87, 0xFE, 0x17, 0x4F,
    0x45, 0x10, 0x3A, 0x82, 0x75, 0xB7, 0xB0, 0x1D, 0xE7, 0xB6, 0xAF, 0x10, 0x3D, 0x2B, 0xD2, 0x71,
    0x6F, 0xA6, 0x0C, 0xB1, 0xA0, 0xA1, 0xCE, 0x72, 0x95, 0xEF, 0xA4, 0x9D, 0x38, 0x70, 0x09, 0x87,
    0xA7, 0xC4, 0xD4, 0x74, 0x1F, 0x10, 0x8D, 0x49, 0xE9, 0x1D, 0xC4, 0x5A, 0xAC, 0xF5, 0x62, 0xF4,
    0xAB, 0xA8, 0x51, 0x45, 0x57, 0x32, 0xD6, 0x3B, 0x89, 0xCD, 0x37, 0x93, 0x4E, 0x0E, 0xBE, 0x11,
    0x6D, 0x92, 0xE7, 0xCC, 0x01, 0x8B, 0xA9, 0xF6, 0x68, 0x57, 0x7B, 0xB6, 0xB3, 0xEE, 0x0A, 0xC7,
    0x0F, 0x4C, 0x42, 0xF2, 0xB3, 0xE0, 0xAF, 0xA5, 0x9E, 0xBA, 0x47, 0x89, 0xE7, 0x1A, 0xEE, 0x63,
    0x59, 0x7E, 0x78, 0xF2, 0x55, 0x52, 0xED, 0xFA, 0xEA, 0xA7, 0x61, 0x6A, 0x81, 0x24, 0x49, 0x40,
    0x71, 0x47, 0x42, 0xD8, 0xC1, 0xA7, 0x3E, 0x55, 0x32, 0x65, 0x37, 0x62, 0x35, 0xCD, 0x2A, 0xD6,
    0x44, 0xDF, 0x61, 0x5F, 0xE1, 0xEB, 0x8E, 0x75, 0x07, 0xAF, 0x7B, 0x97, 0x96, 0x80, 0xA7, 0x9F,
    0xEA, 0xF2, 0xDA, 0x96, 0x23, 0xA9, 0x86, 0xBB, 0xB3, 0x3D, 0xB3, 0x1D, 0x38, 0xBA, 0xC4, 0x17,
    0x15, 0x20, 0x01, 0x15, 0x09, 0x65, 0x4F, 0x54, 0x4E, 0x37, 0xF1, 0xDE, 0xE1, 0x12, 0x92, 0x25,
    0xAA, 0x1D, 0xC5, 0x3F, 0x46, 0x51, 0xA0, 0xAC, 0x89, 0x6F, 0x7B, 0xF6, 0x6F, 0x7B, 0x8E, 0xD9,
    0x9F, 0x6A, 0x47, 0x66, 0xF9, 0x91, 0x54, 0x78, 0xA2, 0xB6, 0x9A, 0x68, 0x6A, 0x11, 0x59, 0x81,
    0x67, 0x39, 0x56, 0x3B, 0xA8, 0xB2, 0xFF, 0xDA, 0x8E, 0x43, 0x59, 0x26, 0xD1, 0x56, 0xCE, 0xFA,
    0x16, 0xAF, 0x1D, 0x3E, 0xE1, 0x6B, 0xF1, 0x31, 0xE1, 0x13, 0x92, 0x94, 0x9A, 0xF0, 0xF5, 0xB1,
    0xF0, 0xBD, 0x0E, 0x76, 0x45, 0x61, 0x35, 0x51, 0xF6, 0x44, 0x22, 0xE1, 0xD2, 0x2C, 0x18, 0xEB,
    0xB4, 0x7E, 0x86, 0x11, 0xDB, 0xAA, 0x50, 0x6F, 0x09, 0xCE, 0x20, 0x54, 0x63, 0x7A, 0x5E, 0x8E,
    0xE9, 0xC0, 0x53, 0x04, 0xC1, 0xC2, 0xE9, 0xBF, 0x58, 0x97, 0x20, 0x70, 0x69, 0xD6, 0x07, 0x00,
    0x98, 0x39, 0x07, 0x2E, 0x90, 0xD2, 0xCA, 0xB0, 0x04, 0xE7, 0x21, 0x15, 0x01, 0x03, 0x29, 0xC7,
    0xB3, 0x3C, 0xC1, 0x8A, 0x44, 0x82, 0x10, 0x36, 0x7B, 0x48, 0xCF, 0x0D, 0xCB, 0xB5, 0x35, 0xF6,
    0x2E, 0xEC, 0xC8, 0x0D, 0x24, 0xE5, 0xB0, 0x77, 0x9E, 0xBF, 0xE7, 0x58, 0x5B, 0x6C, 0x9E, 0x76,
    0xFE, 0x95, 0xA4, 0x51, 0x38, 0x9C, 0x6C, 0x8B, 0xAD, 0xB7, 0x84, 0x00, 0x93, 0xE3, 0xC7, 0x02,
    0x2F, 0x08, 0x40, 0xEC, 0x19, 0xCC, 0x81, 0x4B, 0x88, 0xEB, 0x0A, 0x20, 0x69, 0x00, 0x02, 0xB0,
    0xF4, 0x33, 0x73, 0xD2, 0x12, 0xFC, 0x4C, 0xBE, 0xA7, 0xA7, 0x72, 0xA7, 0x7D, 0xD6, 0xC2, 0x9D,
    0x9D, 0x6B, 0x92, 0x9E, 0xF4, 0x0A, 0x2B, 0x29, 0x43, 0xA9, 0x22, 0x04, 0xB0, 0x78, 0xB2, 0xFE,
    0x31, 0x4D, 0x27, 0xB7, 0xFC, 0x33, 0x07, 0x3B, 0x2E, 0x0D, 0x34, 0x46, 0x61, 0xEF, 0x1E, 0xB8,
    0xD6, 0xE6, 0xAC, 0xE5, 0xF4, 0xEB, 0x3C, 0xF7, 0xEF, 0xCE, 0xFD, 0xCE, 0x7A, 0xB9, 0x35, 0x9E,
    0xB1, 0x39, 0x92, 0x6A, 0xFE, 0xDF, 0xFD, 0xF0, 0x59, 0xA6, 0x6B, 0xDD, 0xE4, 0x1F, 0x61, 0x09,
    0xA1, 0xB4, 0x59, 0xFF, 0x33, 0x33, 0x2C, 0xE9, 0x4B, 0xFD, 0x89, 0xEA, 0x94, 0xA3, 0x7A, 0x8B,
    0xF1, 0xCE, 0x72, 0xA9, 0x18, 0x96, 0x0C, 0xFC, 0x56, 0xB0, 0x2E, 0xDD, 0x50, 0x0B, 0x49, 0x6D,
    0x15, 0x58, 0x3A, 0xD3, 0x0F, 0x9F, 0x89, 0xF9, 0x95, 0x5A, 0xA7, 0x6E, 0x58, 0xA6, 0xC2, 0x25,
    0x8C, 0x00, 0xFC, 0xCB, 0xF3, 0xCE, 0x14, 0x26, 0xBE, 0xE6, 0x00, 0x16, 0xDC, 0x6B, 0xA7, 0x4B,
    0x98, 0x74, 0x5F, 0xE3, 0xF4, 0xE9, 0xEF, 0x37, 0x7F, 0xBA, 0xC6, 0x1F, 0xE8, 0x2D, 0xC6, 0x3B,
    0x71, 0x09, 0x86, 0xE5, 0xC0, 0xA9, 0x87, 0x15, 0x92, 0x32, 0xAC, 0xF8, 0x25, 0xA8, 0x82, 0x28,
    0xB8, 0x2E, 0x30, 0xF8, 0x60, 0xC1, 0x78, 0x2E, 0xA0, 0xC0, 0x04, 0xC4, 0x34, 0xCD, 0x34, 0xD5,
    0xAE, 0x38, 0xFC, 0xBF, 0x6E, 0xDE, 0x6E, 0x2B, 0x0E, 0x6B, 0x97, 0xF2, 0xC3, 0x8D, 0x21, 0x29,
    0x07, 0x00, 0xF0, 0xCC, 0x0E, 0xBF, 0x43, 0xAA, 0x5D, 0x14, 0xF4, 0xDD, 0xAF, 0xE9, 0xBD, 0x50,
    0xD2, 0xB0, 0xC0, 0xC1, 0x13, 0xDB, 0x55, 0x50, 0xD0, 0xD3, 0x5F, 0x5E, 0xD8, 0x51, 0x98, 0x20,
    0x12, 0x94, 0xD3, 0x17, 0xDE, 0xD3, 0x5B, 0xBD, 0xD3, 0xBE, 0xFD, 0xF9, 0xC0, 0x32, 0x30, 0xF5,
    0x96, 0x78, 0x02, 0xAB, 0x80, 0x5A, 0x77, 0xAC, 0x89, 0x90, 0x94, 0xE8, 0x3A, 0x9D, 0x75, 0xC5,
    0xEB, 0xF5, 0xC1, 0xEA, 0x5E, 0xC4, 0x71, 0xEC, 0x30, 0x2B, 0x04, 0xD8, 0x04, 0x47, 0x32, 0x6D,
    0x03, 0x31, 0x51, 0xFC, 0x4B, 0x34, 0x20, 0x15, 0xDE, 0x9F, 0xC2, 0xB3, 0x82, 0xA0, 0x3C, 0x17,
    0x65, 0x4F, 0x54, 0x9F, 0xC1, 0xDF, 0xC2, 0xAF, 0x07, 0xE9, 0x19, 0x73, 0x45, 0xA3, 0x2E, 0x79,
    0x8A, 0x94, 0x84, 0x9E, 0x2F, 0x71, 0xFA, 0x67, 0xBE, 0xB0, 0x5E, 0x10, 0x2F, 0x4C, 0xC2, 0x3B,
    0x32, 0xD6, 0xAB, 0xD6, 0x7A, 0x75, 0xAF, 0xD7, 0xAA, 0x53, 0xD4, 0x00, 0x6E, 0xFD, 0xBC, 0x34,
    0xD7, 0x8B, 0xAE, 0x1E, 0xE6, 0xEC, 0x92, 0x90, 0xAA, 0xAD, 0x9A, 0x6E, 0xD6, 0xE4, 0x2E, 0x2B,
    0x09, 0xE9, 0xFE, 0xF1, 0xA9, 0x96, 0x4A, 0xCA, 0x73, 0x5B, 0x02, 0x53, 0x79, 0x66, 0xC0, 0x82,
    0x9E, 0xA2, 0xEE, 0x66, 0x41, 0x80, 0xAB, 0x4C, 0x05, 0x70, 0xBF, 0x37, 0x7F, 0x00, 0xFB, 0x0F,
    0x06, 0x00, 0xAD, 0xCD, 0x01, 0x86, 0x45, 0x31, 0x14, 0x03, 0xD0, 0x90, 0x05, 0x74, 0x43, 0x9F,
    0x6C, 0xFD, 0xF2, 0x37, 0x14, 0x0A, 0x50, 0x32, 0xB7, 0x65, 0xCC, 0x9B, 0x07, 0xE6, 0x8F, 0x27,
    0x72, 0x48, 0xD1, 0x0B, 0x59, 0x66, 0x2A, 0x66, 0xC1, 0x60, 0xF1, 0x4A, 0xA2, 0xD4, 0xCF, 0xFC,
    0x1C, 0xC8, 0x60, 0xDE, 0xC5, 0x13, 0xE0, 0xBB, 0x09, 0xEB, 0xD3, 0x40, 0xB3, 0xCE, 0x5F, 0xB7,
    0xFC, 0xEF, 0x2F, 0xCB, 0x60, 0x2A, 0xD3, 0xBD, 0xCC, 0x96, 0x06, 0xAE, 0x26, 0xCA, 0xFB, 0xBC,
    0xF3, 0x01, 0x21, 0x6B, 0xFA, 0x76, 0xF1, 0xE6, 0xB3, 0x17, 0x47, 0x00, 0xC5, 0x58, 0xF0, 0xEF,
    0x8C, 0xD8, 0xF8, 0x4B, 0x56, 0x57, 0xDE, 0xC5, 0x29, 0xB3, 0x9A, 0x7A, 0x5D, 0x49, 0xA3, 0xCC,
    0x2C, 0xED, 0x69, 0xE0, 0x85, 0xB5, 0xD1, 0x66, 0xB8, 0x61, 0x1A, 0x8C, 0x6A, 0xE8, 0x06, 0x4D,
    0xD1, 0x42, 0x52, 0x63, 0x29, 0xE0, 0xFA, 0x02, 0x14, 0x8C, 0x81, 0x05, 0x00, 0x40, 0x0C, 0xC4,
    0xC2, 0x0F, 0xD0, 0x91, 0xBA, 0x7A, 0x47, 0xEA, 0x00, 0x25, 0xEF, 0x8A, 0xD0, 0x1C, 0x81, 0x47,
    0xAE, 0x26, 0xEC, 0x0D, 0x3D, 0xE0, 0x69, 0x34, 0x19, 0x9A, 0xB7, 0x60, 0x71, 0xD1, 0x23, 0x15,
    0x4E, 0xEB, 0x73, 0xF5, 0xCA, 0x6B, 0xB7, 0xDD, 0xCA, 0x3B, 0x91, 0x82, 0x7A, 0x49, 0xBA, 0xC9,
    0xF7, 0xC0, 0x9B, 0xFE, 0x83, 0x99, 0x0F, 0x92, 0x80, 0xD9, 0x0B, 0x71, 0x03, 0x00,
};

static const EpdGlyph notosans_12_regularGlyphs[] = {
    { 1, 1, 0, 0, 1, 1, 0 }, // U+0000
    { 1, 1, 112, 0, 1, 1, 1 }, // U+000D
    { 1, 1, 112, 0, 1, 1, 2 }, // U+0020
    { 3, 18, 112, 2, 18, 14, 3 }, // !
    { 7, 7, 160, 2, 18, 13, 17 }, // "
    { 15, 18, 256, 1, 18, 68, 30 }, // #
    { 11, 20, 224, 2, 19, 55, 98 }, // $
    { 19, 18, 336, 1, 18, 86, 153 }, // %
    { 17, 18, 288, 1, 18, 77, 239 }, // &
    { 2, 7, 96, 2, 18, 4, 316 }, // '
    { 6, 22, 128, 1, 18, 33, 320 }, // (
    { 6, 22, 128, 1, 18, 33, 353 }, // )
    { 12, 11, 224, 1, 19, 33, 386 }, // *
    { 12, 12, 224, 1, 15, 36, 419 }, // +
    { 4, 6, 112, 1, 3, 6, 455 }, // ,
    { 6, 2, 128, 1, 8, 3, 461 }, // -
    { 3, 3, 112, 2, 3, 3, 464 }, // .
    { 9, 18, 144, 0, 18, 41, 467 }, // /
    { 12, 18, 240, 1, 18, 54, 508 }, // 0
    { 6, 18, 176, 1, 18, 27, 562 }, // 1
    { 12, 18, 224, 1, 18, 54, 589 }, // 2
    { 12, 18, 224, 1, 18, 54, 643 }, // 3
    { 13, 18, 224, 1, 18, 59, 697 }, // 4
    { 11, 18, 224, 2, 18, 50, 756 }, // 5
    { 12, 18, 224, 1, 18, 54, 806 }, // 6
    { 12, 18, 208, 0, 18, 54, 860 }, // 7
    { 12, 18, 240, 1, 18, 54, 914 }, // 8
    { 12, 18, 224, 1, 18, 54, 968 }, // 9
    { 3, 14, 112, 2, 14, 11, 1022 }, // :
    { 4, 17, 112, 1, 14, 17, 1033 }, // ;
    { 12, 12, 224, 1, 15, 36, 1050 }, // <
    { 12, 7, 224, 1, 12, 21, 1086 }, // =
    { 12, 12, 224, 1, 15, 36, 1107 }, // >
    { 10, 18, 176, 0, 18, 45, 1143 }, // ?
    { 20, 20, 352, 1, 18, 100, 1188 }, // @
    { 16, 18, 256, 0, 18, 72, 1288 }, // A
    { 13, 18, 256, 2, 18, 59, 1360 }, // B
    { 13, 18, 256, 2, 18, 59, 1419 }, // C
    { 15, 18, 288, 2, 18, 68, 1478 }, // D
    { 10, 18, 224, 2, 18, 45, 1546 }, // E
    { 10, 18, 208, 2, 18, 45, 1591 }, // F
    { 14, 18, 288, 2, 18, 63, 1636 }, // G
    { 14, 18, 304, 2, 18, 63, 1699 }, // H
    { 6, 18, 128, 1, 18, 27, 1762 }, // I
    { 7, 23, 112, -2, 18, 41, 1789 }, // J
    { 13, 18, 240, 2, 18, 59, 1830 }, // K
    { 10, 18, 208, 2, 18, 45, 1889 }, // L
    { 18, 18, 368, 2, 18, 81, 1934 }, // M
    { 15, 18, 304, 2, 18, 68, 2015 }, // N
    { 16, 18, 320, 2, 18, 72, 2083 }, // O
    { 12, 18, 240, 2, 18, 54, 2155 }, // P
    { 16, 22, 320, 2, 18, 88, 2209 }, // Q
    { 13, 18, 256, 2, 18, 59, 2297 }, // R
    { 12, 18, 224, 1, 18, 54, 2356 }, // S
    { 14, 18, 224, 0, 18, 63, 2410 }, // T
    { 14, 18, 288, 2, 18, 63, 2473 }, // U
    { 15, 18, 240, 0, 18, 68, 2536 }, // V
    { 23, 18, 368, 0, 18, 104, 2604 }, // W
    { 15, 18, 240, 0, 18, 68, 2708 }, // X
    { 14, 18, 224, 0, 18, 63, 2776 }, // Y
    { 12, 18, 224, 1, 18, 54, 2839 }, // Z
    { 6, 22, 128, 2, 18, 33, 2893 }, // [
    { 9, 18, 144, 0, 18, 41, 2926 }, // <backslash>
    { 5, 22, 128, 1, 18, 28, 2967 }, // ]
    { 12, 11, 224, 1, 18, 33, 2995 }, // ^
    { 11, 2, 176, 0, -2, 6, 3028 }, // _
    { 5, 4, 112, 1, 19, 5, 3034 }, // `
    { 11, 14, 224, 1, 14, 39, 3039 }, // a
    { 12, 19, 240, 2, 19, 57, 3078 }, // b
    { 10, 14, 192, 1, 14, 35, 3135 }, // c
    { 12, 19, 240, 1, 19, 57, 3170 }, // d
    { 12, 14, 224, 1, 14, 42, 3227 }, // e
    { 10, 19, 144, 0, 19, 48, 3269 }, // f
    { 12, 20, 240, 1, 14, 60, 3317 }, // g
    { 11, 19, 240, 2, 19, 53, 3377 }, // h
    { 3, 18, 96, 2, 18, 14, 3430 }, // i
    { 6, 24, 96, -1, 18, 36, 3444 }, // j
    { 11, 19, 208, 2, 19, 53, 3480 }, // k
    { 2, 19, 96, 2, 19, 10, 3533 }, // l
    { 19, 14, 368, 2, 14, 67, 3543 }, // m
    { 11, 14, 240, 2, 14, 39, 3610 }, // n
    { 13, 14, 240, 1, 14, 46, 3649 }, // o
    { 12, 20, 240, 2, 14, 60, 3695 }, // p
    { 12, 20, 240, 1, 14, 60, 3755 }, // q
    { 8, 14, 160, 2, 14, 28, 3815 }, // r
    { 10, 14, 192, 1, 14, 35, 3843 }, // s
    { 8, 16, 144, 0, 16, 32, 3878 }, // t
    { 11, 13, 240, 2, 13, 36, 3910 }, // u
    { 13, 13, 208, 0, 13, 43, 3946 }, // v
    { 19, 13, 320, 0, 13, 62, 3989 }, // w
    { 13, 13, 208, 0, 13, 43, 4051 }, // x
    { 13, 19, 208, 0, 13, 62, 4094 }, // y
    { 10, 13, 192, 1, 13, 33, 4156 }, // z
    { 8, 22, 160, 1, 18, 44, 4189 }, // {
    { 2, 25, 224, 6, 19, 13, 4233 }, // |
    { 8, 22, 160, 1, 18, 44, 4246 }, // }
    { 12, 3, 224, 1, 10, 9, 4290 }, // ~
    { 1, 1, 112, 0, 1, 1, 0 }, // U+00A0
    { 3, 19, 112, 2, 14, 15, 1 }, // U+00A1
    { 10, 18, 224, 2, 18, 45, 16 }, // U+00A2
    { 12, 18, 224, 1, 18, 54, 61 }, // U+00A3
    { 12, 11, 224, 1, 14, 33, 115 }, // U+00A4
    { 14, 18, 224, 0, 18, 63, 148 }, // U+00A5
    { 2, 25, 224, 6, 19, 13, 211 }, // U+00A6
    { 10, 19, 208, 1, 19, 48, 224 }, // U+00A7
    { 7, 2, 240, 4, 18, 4, 272 }, // U+00A8
    { 19, 18, 336, 1, 18, 86, 276 }, // U+00A9
    { 7, 8, 144, 1, 18, 14, 362 }, // U+00AA
    { 11, 11, 208, 1, 12, 31, 376 }, // U+00AB
    { 12, 7, 224, 1, 10, 21, 407 }, // U+00AC
    { 6, 2, 128, 1, 8, 3, 428 }, // U+00AD
    { 19, 18, 336, 1, 18, 86, 431 }, // U+00AE
    { 13, 2, 208, 0, 21, 7, 517 }, // U+00AF
    { 8, 8, 176, 1, 18, 16, 524 }, // U+00B0
    { 12, 15, 224, 1, 15, 45, 540 }, // U+00B1
    { 7, 11, 144, 1, 21, 20, 585 }, // U+00B2
    { 8, 11, 144, 0, 21, 22, 605 }, // U+00B3
    { 5, 4, 112, 1, 19, 5, 627 }, // U+00B4
    { 11, 19, 256, 2, 13, 53, 632 }, // U+00B5
    { 13, 22, 256, 1, 19, 72, 685 }, // U+00B6
    { 3, 3, 112, 2, 10, 3, 757 }, // U+00B7
    { 5, 6, 96, 0, 0, 8, 760 }, // U+00B8
    { 5, 11, 144, 1, 21, 14, 768 }, // U+00B9
    { 8, 8, 144, 1, 18, 16, 782 }, // U+00BA
    { 11, 11, 208, 1, 12, 31, 798 }, // U+00BB
    { 17, 18, 304, 1, 18, 77, 829 }, // U+00BC
    { 17, 18, 304, 1, 18, 77, 906 }, // U+00BD
    { 19, 18, 320, 0, 18, 86, 983 }, // U+00BE
    { 10, 19, 176, 1, 14, 48, 1069 }, // U+00BF
    { 16, 23, 256, 0, 23, 92, 1117 }, // U+00C0
    { 16, 23, 256, 0, 23, 92, 1209 }, // U+00C1
    { 16, 23, 256, 0, 23, 92, 1301 }, // U+00C2
    { 16, 22, 256, 0, 22, 88, 1393 }, // U+00C3
    { 16, 22, 256, 0, 22, 88, 1481 }, // U+00C4
    { 16, 22, 256, 0, 22, 88, 1569 }, // U+00C5
    { 21, 18, 352, 0, 18, 95, 1657 }, // U+00C6
    { 13, 24, 256, 2, 18, 78, 1752 }, // U+00C7
    { 10, 23, 224, 2, 23, 58, 1830 }, // U+00C8
    { 10, 23, 224, 2, 23, 58, 1888 }, // U+00C9
    { 10, 23, 224, 2, 23, 58, 1946 }, // U+00CA
    { 10, 22, 224, 2, 22, 55, 2004 }, // U+00CB
    { 6, 23, 128, 1, 23, 35, 2059 }, // U+00CC
    { 7, 23, 128, 1, 23, 41, 2094 }, // U+00CD
    { 8, 23, 128, 0, 23, 46, 2135 }, // U+00CE
    { 7, 22, 128, 1, 22, 39, 2181 }, // U+00CF
    { 16, 18, 288, 1, 18, 72, 2220 }, // U+00D0
    { 15, 22, 304, 2, 22, 83, 2292 }, // U+00D1
    { 16, 23, 320, 2, 23, 92, 2375 }, // U+00D2
    { 16, 23, 320, 2, 23, 92, 2467 }, // U+00D3
    { 16, 23, 320, 2, 23, 92, 2559 }, // U+00D4
    { 16, 22, 320, 2, 22, 88, 2651 }, // U+00D5
    { 16, 22, 320, 2, 22, 88, 2739 }, // U+00D6
    { 11, 11, 224, 2, 14, 31, 2827 }, // U+00D7
    { 16, 20, 320, 2, 19, 80, 2858 }, // U+00D8
    { 14, 23, 288, 2, 23, 81, 2938 }, // U+00D9
    { 14, 23, 288, 2, 23, 81, 3019 }, // U+00DA
    { 14, 23, 288, 2, 23, 81, 3100 }, // U+00DB
    { 14, 22, 288, 2, 22, 77, 3181 }, // U+00DC
    { 14, 23, 224, 0, 23, 81, 3258 }, // U+00DD
    { 12, 18, 240, 2, 18, 54, 3339 }, // U+00DE
    { 13, 19, 256, 2, 19, 62, 3393 }, // U+00DF
    { 11, 19, 224, 1, 19, 53, 3455 }, // U+00E0
    { 11, 19, 224, 1, 19, 53, 3508 }, // U+00E1
    { 11, 19, 224, 1, 19, 53, 3561 }, // U+00E2
    { 11, 18, 224, 1, 18, 50, 3614 }, // U+00E3
    { 11, 18, 224, 1, 18, 50, 3664 }, // U+00E4
    { 11, 20, 224, 1, 20, 55, 3714 }, // U+00E5
    { 19, 14, 352, 1, 14, 67, 3769 }, // U+00E6
    { 10, 20, 192, 1, 14, 50, 3836 }, // U+00E7
    { 12, 19, 224, 1, 19, 57, 3886 }, // U+00E8
    { 12, 19, 224, 1, 19, 57, 3943 }, // U+00E9
    { 12, 19, 224, 1, 19, 57, 4000 }, // U+00EA
    { 12, 18, 224, 1, 18, 54, 4057 }, // U+00EB
    { 5, 19, 96, 0, 19, 24, 4111 }, // U+00EC
    { 5, 19, 96, 2, 19, 24, 4135 }, // U+00ED
    { 8, 19, 96, -1, 19, 38, 4159 }, // U+00EE
    { 7, 18, 96, 0, 18, 32, 4197 }, // U+00EF
    { 13, 19, 240, 1, 19, 62, 4229 }, // U+00F0
    { 11, 18, 240, 2, 18, 50, 4291 }, // U+00F1
    { 13, 19, 240, 1, 19, 62, 4341 }, // U+00F2
    { 13, 19, 240, 1, 19, 62, 4403 }, // U+00F3
    { 13, 19, 240, 1, 19, 62, 4465 }, // U+00F4
    { 13, 18, 240, 1, 18, 59, 4527 }, // U+00F5
    { 13, 18, 240, 1, 18, 59, 4586 }, // U+00F6
    { 12, 12, 224, 1, 15, 36, 4645 }, // U+00F7
    { 13, 15, 240, 1, 14, 49, 4681 }, // U+00F8
    { 11, 19, 240, 2, 19, 53, 4730 }, // U+00F9
    { 11, 19, 240, 2, 19, 53, 4783 }, // U+00FA
    { 11, 19, 240, 2, 19, 53, 4836 }, // U+00FB
    { 11, 18, 240, 2, 18, 50, 4889 }, // U+00FC
    { 13, 25, 208, 0, 19, 82, 4939 }, // U+00FD
    { 12, 25, 240, 2, 19, 75, 5021 }, // U+00FE
    { 13, 24, 208, 0, 18, 78, 5096 }, // U+00FF
    { 16, 21, 256, 0, 21, 84, 0 }, // U+0100
    { 11, 17, 224, 1, 17, 47, 84 }, // U+0101
    { 16, 23, 256, 0, 23, 92, 131 }, // U+0102
    { 11, 19, 224, 1, 19, 53, 223 }, // U+0103
    { 16, 24, 256, 0, 18, 96, 276 }, // U+0104
    { 12, 20, 224, 1, 14, 60, 372 }, // U+0105
    { 13, 23, 256, 2, 23, 75, 432 }, // U+0106
    { 10, 19, 192, 1, 19, 48, 507 }, // U+0107
    { 13, 23, 256, 2, 23, 75, 555 }, // U+0108
    { 10, 19, 192, 1, 19, 48, 630 }, // U+0109
    { 13, 22, 256, 2, 22, 72, 678 }, // U+010A
    { 10, 18, 192, 1, 18, 45, 750 }, // U+010B
    { 13, 23, 256, 2, 23, 75, 795 }, // U+010C
    { 10, 19, 192, 1, 19, 48, 870 }, // U+010D
    { 15, 23, 288, 2, 23, 87, 918 }, // U+010E
    { 16, 19, 240, 1, 19, 76, 1005 }, // U+010F
    { 16, 18, 288, 1, 18, 72, 1081 }, // U+0110
    { 14, 19, 240, 1, 19, 67, 1153 }, // U+0111
    { 10, 21, 224, 2, 21, 53, 1220 }, // U+0112
    { 12, 17, 224, 1, 17, 51, 1273 }, // U+0113
    { 10, 23, 224, 2, 23, 58, 1324 }, // U+0114
    { 12, 19, 224, 1, 19, 57, 1382 }, // U+0115
    { 10, 22, 224, 2, 22, 55, 1439 }, // U+0116
    { 12, 18, 224, 1, 18, 54, 1494 }, // U+0117
    { 10, 24, 224, 2, 18, 60, 1548 }, // U+0118
    { 12, 20, 224, 1, 14, 60, 1608 }, // U+0119
    { 10, 23, 224, 2, 23, 58, 1668 }, // U+011A
    { 12, 19, 224, 1, 19, 57, 1726 }, // U+011B
    { 14, 23, 288, 2, 23, 81, 1783 }, // U+011C
    { 12, 25, 240, 1, 19, 75, 1864 }, // U+011D
    { 14, 23, 288, 2, 23, 81, 1939 }, // U+011E
    { 12, 25, 240, 1, 19, 75, 2020 }, // U+011F
    { 14, 22, 288, 2, 22, 77, 2095 }, // U+0120
    { 12, 24, 240, 1, 18, 72, 2172 }, // U+0121
    { 14, 24, 288, 2, 18, 84, 2244 }, // U+0122
    { 12, 25, 240, 1, 19, 75, 2328 }, // U+0123
    { 14, 23, 304, 2, 23, 81, 2403 }, // U+0124
    { 14, 25, 240, -1, 25, 88, 2484 }, // U+0125
    { 19, 18, 304, 0, 18, 86, 2572 }, // U+0126
    { 13, 19, 240, 0, 19, 62, 2658 }, // U+0127
    { 9, 22, 128, 0, 22, 50, 2720 }, // U+0128
    { 9, 18, 96, -1, 18, 41, 2770 }, // U+0129
    { 7, 21, 128, 1, 21, 37, 2811 }, // U+012A
    { 8, 17, 96, -1, 17, 34, 2848 }, // U+012B
    { 8, 23, 128, 0, 23, 46, 2882 }, // U+012C
    { 8, 19, 96, -1, 19, 38, 2928 }, // U+012D
    { 6, 24, 128, 1, 18, 36, 2966 }, // U+012E
    { 4, 24, 96, 1, 18, 24, 3002 }, // U+012F
    { 6, 22, 128, 1, 22, 33, 3026 }, // U+0130
    { 2, 13, 96, 2, 13, 7, 3059 }, // U+0131
    { 12, 23, 240, 1, 18, 69, 3066 }, // U+0132
    { 9, 24, 208, 2, 18, 54, 3135 }, // U+0133
    { 10, 28, 112, -2, 23, 70, 3189 }, // U+0134
    { 8, 25, 96, -1, 19, 50, 3259 }, // U+0135
    { 13, 24, 240, 2, 18, 78, 3309 }, // U+0136
    { 11, 25, 208, 2, 19, 69, 3387 }, // U+0137
    { 11, 13, 208, 2, 13, 36, 3456 }, // U+0138
    { 10, 23, 208, 2, 23, 58, 3492 }, // U+0139
    { 5, 25, 96, 2, 25, 32, 3550 }, // U+013A
    { 10, 24, 208, 2, 18, 60, 3582 }, // U+013B
    { 3, 25, 96, 2, 19, 19, 3642 }, // U+013C
    { 10, 18, 208, 2, 18, 45, 3661 }, // U+013D
    { 6, 19, 96, 2, 19, 29, 3706 }, // U+013E
    { 10, 18, 208, 2, 18, 45, 3735 }, // U+013F
    { 6, 19, 112, 2, 19, 29, 3780 }, // U+0140
    { 12, 18, 208, 0, 18, 54, 3809 }, // U+0141
    { 7, 19, 96, 0, 19, 34, 3863 }, // U+0142
    { 15, 23, 304, 2, 23, 87, 3897 }, // U+0143
    { 11, 19, 240, 2, 19, 53, 3984 }, // U+0144
    { 15, 24, 304, 2, 18, 90, 4037 }, // U+0145
    { 11, 20, 240, 2, 14, 55, 4127 }, // U+0146
    { 15, 23, 304, 2, 23, 87, 4182 }, // U+0147
    { 11, 19, 240, 2, 19, 53, 4269 }, // U+0148
    { 15, 18, 272, 0, 18, 68, 4322 }, // U+0149
    { 15, 23, 304, 2, 18, 87, 4390 }, // U+014A
    { 11, 20, 240, 2, 14, 55, 4477 }, // U+014B
    { 16, 21, 320, 2, 21, 84, 4532 }, // U+014C
    { 13, 17, 240, 1, 17, 56, 4616 }, // U+014D
    { 16, 23, 320, 2, 23, 92, 4672 }, // U+014E
    { 13, 19, 240, 1, 19, 62, 4764 }, // U+014F
    { 16, 23, 320, 2, 23, 92, 4826 }, // U+0150
    { 13, 19, 240, 1, 19, 62, 4918 }, // U+0151
    { 20, 18, 368, 2, 18, 90, 4980 }, // U+0152
    { 21, 14, 384, 1, 14, 74, 5070 }, // U+0153
    { 13, 23, 256, 2, 23, 75, 5144 }, // U+0154
    { 8, 19, 160, 2, 19, 38, 5219 }, // U+0155
    { 13, 24, 256, 2, 18, 78, 5257 }, // U+0156
    { 8, 20, 160, 2, 14, 40, 5335 }, // U+0157
    { 13, 23, 256, 2, 23, 75, 5375 }, // U+0158
    { 8, 19, 160, 2, 19, 38, 5450 }, // U+0159
    { 12, 23, 224, 1, 23, 69, 5488 }, // U+015A
    { 10, 19, 192, 1, 19, 48, 5557 }, // U+015B
    { 12, 23, 224, 1, 23, 69, 5605 }, // U+015C
    { 10, 19, 192, 1, 19, 48, 5674 }, // U+015D
    { 12, 24, 224, 1, 18, 72, 5722 }, // U+015E
    { 10, 20, 192, 1, 14, 50, 5794 }, // U+015F
    { 12, 23, 224, 1, 23, 69, 5844 }, // U+0160
    { 10, 19, 192, 1, 19, 48, 5913 }, // U+0161
    { 14, 24, 224, 0, 18, 84, 5961 }, // U+0162
    { 8, 22, 144, 0, 16, 44, 6045 }, // U+0163
    { 14, 23, 224, 0, 23, 81, 6089 }, // U+0164
    { 12, 19, 144, 0, 19, 57, 6170 }, // U+0165
    { 14, 18, 224, 0, 18, 63, 6227 }, // U+0166
    { 8, 16, 144, 0, 16, 32, 6290 }, // U+0167
    { 14, 22, 288, 2, 22, 77, 6322 }, // U+0168
    { 11, 18, 240, 2, 18, 50, 6399 }, // U+0169
    { 14, 21, 288, 2, 21, 74, 6449 }, // U+016A
    { 11, 17, 240, 2, 17, 47, 6523 }, // U+016B
    { 14, 23, 288, 2, 23, 81, 6570 }, // U+016C
    { 11, 19, 240, 2, 19, 53, 6651 }, // U+016D
    { 14, 24, 288, 2, 24, 84, 6704 }, // U+016E
    { 11, 20, 240, 2, 20, 55, 6788 }, // U+016F
    { 14, 23, 288, 2, 23, 81, 6843 }, // U+0170
    { 11, 19, 240, 2, 19, 53, 6924 }, // U+0171
    { 14, 24, 288, 2, 18, 84, 6977 }, // U+0172
    { 12, 19, 240, 2, 13, 57, 7061 }, // U+0173
    { 23, 23, 368, 0, 23, 133, 7118 }, // U+0174
    { 19, 19, 320, 0, 19, 91, 7251 }, // U+0175
    { 14, 23, 224, 0, 23, 81, 7342 }, // U+0176
    { 13, 25, 208, 0, 19, 82, 7423 }, // U+0177
    { 14, 22, 224, 0, 22, 77, 7505 }, // U+0178
    { 12, 23, 224, 1, 23, 69, 7582 }, // U+0179
    { 10, 19, 192, 1, 19, 48, 7651 }, // U+017A
    { 12, 22, 224, 1, 22, 66, 7699 }, // U+017B
    { 10, 18, 192, 1, 18, 45, 7765 }, // U+017C
    { 12, 23, 224, 1, 23, 69, 7810 }, // U+017D
    { 10, 19, 192, 1, 19, 48, 7879 }, // U+017E
    { 7, 19, 128, 2, 19, 34, 7927 }, // U+017F
    { 18, 19, 320, 2, 19, 86, 0 }, // U+01A0
    { 15, 15, 240, 1, 15, 57, 86 }, // U+01A1
    { 18, 19, 320, 2, 19, 86, 143 }, // U+01AF
    { 16, 15, 272, 2, 15, 60, 229 }, // U+01B0
    { 29, 23, 512, 2, 23, 167, 289 }, // U+01C4
    { 27, 19, 480, 2, 19, 129, 456 }, // U+01C5
    { 25, 19, 432, 1, 19, 119, 585 }, // U+01C6
    { 16, 23, 320, 2, 18, 92, 704 }, // U+01C7
    { 16, 24, 320, 2, 18, 96, 796 }, // U+01C8
    { 9, 25, 208, 2, 19, 57, 892 }, // U+01C9
    { 22, 23, 416, 2, 18, 127, 949 }, // U+01CA
    { 22, 24, 400, 2, 18, 132, 1076 }, // U+01CB
    { 18, 24, 352, 2, 18, 108, 1208 }, // U+01CC
    { 16, 23, 256, 0, 23, 92, 1316 }, // U+01CD
    { 11, 19, 224, 1, 19, 53, 1408 }, // U+01CE
    { 8, 23, 128, 0, 23, 46, 1461 }, // U+01CF
    { 8, 19, 96, -1, 19, 38, 1507 }, // U+01D0
    { 16, 23, 320, 2, 23, 92, 1545 }, // U+01D1
    { 13, 19, 240, 1, 19, 62, 1637 }, // U+01D2
    { 14, 23, 288, 2, 23, 81, 1699 }, // U+01D3
    { 11, 19, 240, 2, 19, 53, 1780 }, // U+01D4
    { 14, 25, 288, 2, 25, 88, 1833 }, // U+01D5
    { 11, 21, 240, 2, 21, 58, 1921 }, // U+01D6
    { 14, 26, 288, 2, 26, 91, 1979 }, // U+01D7
    { 11, 22, 240, 2, 22, 61, 2070 }, // U+01D8
    { 14, 26, 288, 2, 26, 91, 2131 }, // U+01D9
    { 11, 22, 240, 2, 22, 61, 2222 }, // U+01DA
    { 14, 26, 288, 2, 26, 91, 2283 }, // U+01DB
    { 11, 22, 240, 2, 22, 61, 2374 }, // U+01DC
    { 12, 14, 224, 1, 14, 42, 2435 }, // U+01DD
    { 16, 25, 256, 0, 25, 100, 2477 }, // U+01DE
    { 11, 21, 224, 1, 21, 58, 2577 }, // U+01DF
    { 16, 25, 256, 0, 25, 100, 2635 }, // U+01E0
    { 11, 21, 224, 1, 21, 58, 2735 }, // U+01E1
    { 21, 21, 352, 0, 21, 111, 2793 }, // U+01E2
    { 19, 17, 352, 1, 17, 81, 2904 }, // U+01E3
    { 16, 18, 288, 2, 18, 72, 2985 }, // U+01E4
    { 14, 20, 240, 1, 14, 70, 3057 }, // U+01E5
    { 14, 23, 288, 2, 23, 81, 3127 }, // U+01E6
    { 12, 25, 240, 1, 19, 75, 3208 }, // U+01E7
    { 13, 23, 240, 2, 23, 75, 3283 }, // U+01E8
    { 14, 25, 208, -1, 25, 88, 3358 }, // U+01E9
    { 16, 24, 320, 2, 18, 96, 3446 }, // U+01EA
    { 13, 20, 240, 1, 14, 65, 3542 }, // U+01EB
    { 16, 27, 320, 2, 21, 108, 3607 }, // U+01EC
    { 13, 23, 240, 1, 17, 75, 3715 }, // U+01ED
    { 12, 23, 240, 1, 23, 69, 3790 }, // U+01EE
    { 12, 25, 192, 0, 19, 75, 3859 }, // U+01EF
    { 8, 25, 96, -1, 19, 50, 3934 }, // U+01F0
    { 29, 18, 512, 2, 18, 131, 3984 }, // U+01F1
    { 27, 18, 480, 2, 18, 122, 4115 }, // U+01F2
    { 25, 19, 432, 1, 19, 119, 4237 }, // U+01F3
    { 14, 23, 288, 2, 23, 81, 4356 }, // U+01F4
    { 12, 25, 240, 1, 19, 75, 4437 }, // U+01F5
    { 19, 18, 368, 2, 18, 86, 4512 }, // U+01F6
    { 13, 24, 272, 2, 18, 78, 4598 }, // U+01F7
    { 15, 23, 304, 2, 23, 87, 4676 }, // U+01F8
    { 11, 19, 240, 2, 19, 53, 4763 }, // U+01F9
    { 16, 24, 256, 0, 24, 96, 4816 }, // U+01FA
    { 11, 24, 224, 1, 24, 66, 4912 }, // U+01FB
    { 21, 23, 352, 0, 23, 121, 4978 }, // U+01FC
    { 19, 19, 352, 1, 19, 91, 5099 }, // U+01FD
    { 16, 24, 320, 2, 23, 96, 5190 }, // U+01FE
    { 13, 20, 240, 1, 19, 65, 5286 }, // U+01FF
    { 16, 23, 256, 0, 23, 92, 5351 }, // U+0200
    { 11, 19, 224, 1, 19, 53, 5443 }, // U+0201
    { 16, 23, 256, 0, 23, 92, 5496 }, // U+0202
    { 11, 19, 224, 1, 19, 53, 5588 }, // U+0203
    { 10, 23, 224, 2, 23, 58, 5641 }, // U+0204
    { 12, 19, 224, 1, 19, 57, 5699 }, // U+0205
    { 10, 23, 224, 2, 23, 58, 5756 }, // U+0206
    { 12, 19, 224, 1, 19, 57, 5814 }, // U+0207
    { 9, 23, 128, -1, 23, 52, 5871 }, // U+0208
    { 9, 19, 96, -2, 19, 43, 5923 }, // U+0209
    { 8, 23, 128, 0, 23, 46, 5966 }, // U+020A
    { 8, 19, 96, -1, 19, 38, 6012 }, // U+020B
    { 16, 23, 320, 2, 23, 92, 6050 }, // U+020C
    { 13, 19, 240, 1, 19, 62, 6142 }, // U+020D
    { 16, 23, 320, 2, 23, 92, 6204 }, // U+020E
    { 13, 19, 240, 1, 19, 62, 6296 }, // U+020F
    { 13, 23, 256, 2, 23, 75, 6358 }, // U+0210
    { 10, 19, 160, 0, 19, 48, 6433 }, // U+0211
    { 13, 23, 256, 2, 23, 75, 6481 }, // U+0212
    { 8, 19, 160, 2, 19, 38, 6556 }, // U+0213
    { 14, 23, 288, 2, 23, 81, 6594 }, // U+0214
    { 11, 19, 240, 2, 19, 53, 6675 }, // U+0215
    { 14, 23, 288, 2, 23, 81, 6728 }, // U+0216
    { 11, 19, 240, 2, 19, 53, 6809 }, // U+0217
    { 12, 24, 224, 1, 18, 72, 6862 }, // U+0218
    { 10, 20, 192, 1, 14, 50, 6934 }, // U+0219
    { 14, 24, 224, 0, 18, 84, 6984 }, // U+021A
    { 8, 22, 144, 0, 16, 44, 7068 }, // U+021B
    { 12, 23, 224, 1, 18, 69, 7112 }, // U+021C
    { 10, 20, 192, 1, 14, 50, 7181 }, // U+021D
    { 14, 23, 304, 2, 23, 81, 7231 }, // U+021E
    { 14, 25, 240, -1, 25, 88, 7312 }, // U+021F
    { 5, 4, 0, -12, 19, 5, 0 }, // U+0300
    { 5, 4, 0, -8, 19, 5, 5 }, // U+0301
    { 8, 4, 0, -4, 19, 8, 10 }, // U+0302
    { 9, 3, 0, -12, 18, 7, 18 }, // U+0303
    { 8, 2, 0, -4, 17, 4, 25 }, // U+0304
    { 10, 2, 0, -5, 21, 5, 29 }, // U+0305
    { 8, 4, 0, -4, 19, 8, 34 }, // U+0306
    { 2, 2, 0, -1, 18, 1, 42 }, // U+0307
    { 8, 2, 0, -4, 18, 4, 43 }, // U+0308
    { 4, 6, 0, -9, 21, 6, 47 }, // U+0309
    { 6, 5, 0, -3, 20, 8, 53 }, // U+030A
    { 9, 4, 0, -3, 19, 9, 61 }, // U+030B
    { 8, 4, 0, -4, 19, 8, 70 }, // U+030C
    { 2, 4, 0, -1, 19, 2, 78 }, // U+030D
    { 6, 4, 0, -3, 19, 6, 80 }, // U+030E
    { 9, 4, 0, -13, 19, 9, 86 }, // U+030F
    { 8, 6, 0, -4, 21, 12, 95 }, // U+0310
    { 8, 4, 0, -4, 19, 8, 107 }, // U+0311
    { 4, 6, 0, -2, 18, 6, 115 }, // U+0312
    { 4, 6, 0, -2, 18, 6, 121 }, // U+0313
    { 4, 6, 0, -2, 18, 6, 127 }, // U+0314
    { 4, 6, 0, -2, 18, 6, 133 }, // U+0315
    { 6, 4, 0, -3, -1, 6, 139 }, // U+0316
    { 6, 4, 0, -3, -1, 6, 145 }, // U+0317
    { 4, 4, 0, -2, -1, 4, 151 }, // U+0318
    { 4, 4, 0, -2, -1, 4, 155 }, // U+0319
    { 7, 6, 128, 0, 19, 11, 159 }, // U+031A
    { 6, 5, 0, -3, 19, 8, 170 }, // U+031B
    { 2, 6, 0, -1, 0, 3, 178 }, // U+031C
    { 6, 4, 0, -3, -1, 6, 181 }, // U+031D
    { 6, 4, 0, -3, -1, 6, 187 }, // U+031E
    { 6, 5, 0, -3, -1, 8, 193 }, // U+031F
    { 6, 1, 0, -3, -3, 2, 201 }, // U+0320
    { 4, 7, 0, -4, 1, 7, 203 }, // U+0321
    { 4, 7, 0, 0, 1, 7, 210 }, // U+0322
    { 3, 2, 0, -9, -2, 2, 217 }, // U+0323
    { 8, 2, 0, -4, -2, 4, 219 }, // U+0324
    { 6, 5, 0, -3, -1, 8, 223 }, // U+0325
    { 4, 4, 0, -2, -2, 4, 231 }, // U+0326
    { 5, 6, 0, -2, 0, 8, 235 }, // U+0327
    { 4, 6, 0, -2, 0, 6, 243 }, // U+0328
    { 2, 4, 0, -1, -1, 2, 249 }, // U+0329
    { 8, 4, 0, -4, -1, 8, 251 }, // U+032A
    { 10, 2, 0, -5, -2, 5, 259 }, // U+032B
    { 8, 4, 0, -4, -1, 8, 264 }, // U+032C
    { 8, 4, 0, -4, -1, 8, 272 }, // U+032D
    { 8, 4, 0, -4, -1, 8, 280 }, // U+032E
    { 8, 4, 0, -4, -1, 8, 288 }, // U+032F
    { 10, 3, 0, -5, -2, 8, 296 }, // U+0330
    { 8, 2, 0, -4, -2, 4, 304 }, // U+0331
    { 12, 2, 0, -6, -2, 6, 308 }, // U+0332
    { 10, 5, 0, -5, -1, 13, 314 }, // U+0333
    { 9, 3, 0, -4, 8, 7, 327 }, // U+0334
    { 10, 2, 0, -5, 8, 5, 334 }, // U+0335
    { 18, 2, 0, -9, 8, 9, 339 }, // U+0336
    { 8, 5, 0, -4, 10, 10, 348 }, // U+0337
    { 10, 20, 0, -5, 19, 50, 358 }, // U+0338
    { 2, 6, 0, -1, 0, 3, 408 }, // U+0339
    { 8, 4, 0, -4, -1, 8, 411 }, // U+033A
    { 10, 5, 0, -5, -1, 13, 419 }, // U+033B
    { 10, 2, 0, -5, -2, 5, 432 }, // U+033C
    { 6, 5, 0, -3, 19, 8, 437 }, // U+033D
    { 4, 8, 0, -2, 22, 8, 445 }, // U+033E
    { 10, 5, 0, -5, 24, 13, 453 }, // U+033F
    { 5, 4, 0, -4, 19, 5, 466 }, // U+0340
    { 5, 4, 0, -1, 19, 5, 471 }, // U+0341
    { 10, 3, 0, -5, 18, 8, 476 }, // U+0342
    { 4, 4, 0, -2, 19, 4, 484 }, // U+0343
    { 9, 4, 0, -4, 19, 9, 488 }, // U+0344
    { 4, 4, 0, -1, -2, 4, 497 }, // U+0345
    { 10, 4, 0, -5, 19, 10, 501 }, // U+0346
    { 10, 5, 0, -5, -1, 13, 511 }, // U+0347
    { 6, 4, 0, -3, -1, 6, 524 }, // U+0348
    { 4, 5, 0, -2, -1, 5, 530 }, // U+0349
    { 10, 5, 0, -5, 19, 13, 535 }, // U+034A
    { 10, 9, 0, -5, 23, 23, 548 }, // U+034B
    { 8, 7, 0, -4, 22, 14, 571 }, // U+034C
    { 8, 4, 0, -4, -1, 8, 585 }, // U+034D
    { 4, 5, 0, -2, -1, 5, 593 }, // U+034E
    { 18, 18, 0, -9, 18, 81, 598 }, // U+034F
    { 4, 5, 0, -2, 20, 5, 679 }, // U+0350
    { 3, 6, 0, -1, 21, 5, 684 }, // U+0351
    { 8, 6, 0, -4, 21, 12, 689 }, // U+0352
    { 4, 5, 0, -2, -1, 5, 701 }, // U+0353
    { 4, 5, 0, -2, -1, 5, 706 }, // U+0354
    { 4, 5, 0, -2, -1, 5, 711 }, // U+0355
    { 10, 5, 0, -5, -1, 13, 716 }, // U+0356
    { 3, 6, 0, -1, 21, 5, 729 }, // U+0357
    { 3, 2, 0, 3, 18, 2, 734 }, // U+0358
    { 6, 5, 0, -3, -1, 8, 736 }, // U+0359
    { 10, 5, 0, -5, -1, 13, 744 }, // U+035A
    { 4, 5, 0, -2, 20, 5, 757 }, // U+035B
    { 20, 5, 0, -10, -1, 25, 762 }, // U+035C
    { 20, 5, 0, -10, 19, 25, 787 }, // U+035D
    { 16, 1, 0, -8, 17, 4, 812 }, // U+035E
    { 16, 1, 0, -8, -2, 4, 816 }, // U+035F
    { 20, 3, 0, -10, 18, 15, 820 }, // U+0360
    { 20, 5, 0, -10, 21, 25, 835 }, // U+0361
    { 19, 4, 0, -9, -1, 19, 860 }, // U+0362
    { 5, 6, 0, -2, 21, 8, 879 }, // U+0363
    { 5, 6, 0, -2, 21, 8, 887 }, // U+0364
    { 1, 8, 0, 0, 23, 2, 895 }, // U+0365
    { 6, 6, 0, -3, 21, 9, 897 }, // U+0366
    { 5, 6, 0, -2, 21, 8, 906 }, // U+0367
    { 5, 6, 0, -2, 21, 8, 914 }, // U+0368
    { 6, 8, 0, -3, 23, 12, 922 }, // U+0369
    { 5, 8, 0, -2, 23, 10, 934 }, // U+036A
    { 9, 6, 0, -4, 21, 14, 944 }, // U+036B
    { 3, 6, 0, -1, 21, 5, 958 }, // U+036C
    { 4, 7, 0, -2, 22, 7, 963 }, // U+036D
    { 6, 6, 0, -3, 21, 9, 970 }, // U+036E
    { 6, 6, 0, -3, 21, 9, 979 }, // U+036F
    { 10, 23, 224, 2, 23, 58, 0 }, // U+0400
    { 10, 22, 224, 2, 22, 55, 58 }, // U+0401
    { 17, 18, 288, 0, 18, 77, 113 }, // U+0402
    { 10, 23, 208, 2, 23, 58, 190 }, // U+0403
    { 14, 18, 256, 1, 18, 63, 248 }, // U+0404
    { 12, 18, 224, 1, 18, 54, 311 }, // U+0405
    { 3, 18, 112, 2, 18, 14, 365 }, // U+0406
    { 5, 23, 112, 1, 23, 29, 379 }, // U+0407
    { 7, 23, 112, -2, 18, 41, 408 }, // U+0408
    { 24, 18, 400, 0, 18, 108, 449 }, // U+0409
    { 22, 18, 416, 2, 18, 99, 557 }, // U+040A
    { 17, 18, 288, 0, 18, 77, 656 }, // U+040B
    { 13, 23, 256, 2, 23, 75, 733 }, // U+040C
    { 14, 23, 304, 2, 23, 81, 808 }, // U+040D
    { 15, 23, 240, 0, 23, 87, 889 }, // U+040E
    { 14, 22, 288, 2, 18, 77, 976 }, // U+040F
    { 16, 18, 256, 0, 18, 72, 1053 }, // U+0410
    { 12, 18, 240, 2, 18, 54, 1125 }, // U+0411
    { 13, 18, 256, 2, 18, 59, 1179 }, // U+0412
    { 10, 18, 208, 2, 18, 45, 1238 }, // U+0413
    { 18, 22, 288, 0, 18, 99, 1283 }, // U+0414
    { 10, 18, 224, 2, 18, 45, 1382 }, // U+0415
    { 23, 18, 368, 0, 18, 104, 1427 }, // U+0416
    { 12, 18, 224, 1, 18, 54, 1531 }, // U+0417
    { 14, 18, 304, 2, 18, 63, 1585 }, // U+0418
    { 14, 23, 304, 2, 23, 81, 1648 }, // U+0419
    { 13, 18, 256, 2, 18, 59, 1729 }, // U+041A
    { 15, 18, 272, 0, 18, 68, 1788 }, // U+041B
    { 18, 18, 368, 2, 18, 81, 1856 }, // U+041C
    { 14, 18, 304, 2, 18, 63, 1937 }, // U+041D
    { 17, 18, 304, 1, 18, 77, 2000 }, // U+041E
    { 14, 18, 288, 2, 18, 63, 2077 }, // U+041F
    { 12, 18, 240, 2, 18, 54, 2140 }, // U+0420
    { 14, 18, 256, 1, 18, 63, 2194 }, // U+0421
    { 14, 18, 224, 0, 18, 63, 2257 }, // U+0422
    { 15, 18, 240, 0, 18, 68, 2320 }, // U+0423
    { 18, 18, 320, 1, 18, 81, 2388 }, // U+0424
    { 15, 18, 240, 0, 18, 68, 2469 }, // U+0425
    { 16, 22, 304, 2, 18, 88, 2537 }, // U+0426
    { 12, 18, 272, 2, 18, 54, 2625 }, // U+0427
    { 21, 18, 416, 2, 18, 95, 2679 }, // U+0428
    { 23, 22, 416, 2, 18, 127, 2774 }, // U+0429
    { 16, 18, 272, 0, 18, 72, 2901 }, // U+042A
    { 17, 18, 336, 2, 18, 77, 2973 }, // U+042B
    { 12, 18, 240, 2, 18, 54, 3050 }, // U+042C
    { 14, 18, 256, 1, 18, 63, 3104 }, // U+042D
    { 21, 18, 400, 2, 18, 95, 3167 }, // U+042E
    { 13, 18, 256, 1, 18, 59, 3262 }, // U+042F
    { 11, 14, 224, 1, 14, 39, 3321 }, // U+0430
    { 13, 19, 240, 1, 19, 62, 3360 }, // U+0431
    { 11, 13, 224, 2, 13, 36, 3422 }, // U+0432
    { 8, 13, 176, 2, 13, 26, 3458 }, // U+0433
    { 15, 17, 240, 0, 13, 64, 3484 }, // U+0434
    { 12, 14, 224, 1, 14, 42, 3548 }, // U+0435
    { 19, 13, 304, 0, 13, 62, 3590 }, // U+0436
    { 10, 14, 192, 1, 14, 35, 3652 }, // U+0437
    { 11, 13, 256, 2, 13, 36, 3687 }, // U+0438
    { 11, 19, 256, 2, 19, 53, 3723 }, // U+0439
    { 11, 13, 208, 2, 13, 36, 3776 }, // U+043A
    { 13, 13, 240, 0, 13, 43, 3812 }, // U+043B
    { 15, 13, 304, 2, 13, 49, 3855 }, // U+043C
    { 11, 13, 240, 2, 13, 36, 3904 }, // U+043D
    { 13, 14, 240, 1, 14, 46, 3940 }, // U+043E
    { 11, 13, 240, 2, 13, 36, 3986 }, // U+043F
    { 12, 20, 240, 2, 14, 60, 4022 }, // U+0440
    { 10, 14, 192, 1, 14, 35, 4082 }, // U+0441
    { 11, 13, 192, 0, 13, 36, 4117 }, // U+0442
    { 13, 19, 208, 0, 13, 62, 4153 }, // U+0443
    { 16, 25, 288, 1, 19, 100, 4215 }, // U+0444
    { 13, 13, 208, 0, 13, 43, 4315 }, // U+0445
    { 13, 17, 240, 2, 13, 56, 4358 }, // U+0446
    { 12, 13, 240, 1, 13, 39, 4414 }, // U+0447
    { 18, 13, 352, 2, 13, 59, 4453 }, // U+0448
    { 20, 17, 352, 2, 13, 85, 4512 }, // U+0449
    { 14, 13, 256, 0, 13, 46, 4597 }, // U+044A
    { 15, 13, 304, 2, 13, 49, 4643 }, // U+044B
    { 11, 13, 224, 2, 13, 36, 4692 }, // U+044C
    { 10, 14, 192, 1, 14, 35, 4728 }, // U+044D
    { 17, 14, 320, 2, 14, 60, 4763 }, // U+044E
    { 11, 13, 224, 1, 13, 36, 4823 }, // U+044F
    { 12, 19, 224, 1, 19, 57, 4859 }, // U+0450
    { 12, 18, 224, 1, 18, 54, 4916 }, // U+0451
    { 13, 25, 240, 0, 19, 82, 4970 }, // U+0452
    { 8, 19, 176, 2, 19, 38, 5052 }, // U+0453
    { 10, 14, 192, 1, 14, 35, 5090 }, // U+0454
    { 10, 14, 192, 1, 14, 35, 5125 }, // U+0455
    { 3, 18, 96, 2, 18, 14, 5160 }, // U+0456
    { 5, 18, 96, 1, 18, 23, 5174 }, // U+0457
    { 6, 24, 96, -1, 18, 36, 5197 }, // U+0458
    { 20, 13, 336, 0, 13, 65, 5233 }, // U+0459
    { 19, 13, 352, 2, 13, 62, 5298 }, // U+045A
    { 14, 19, 256, 0, 19, 67, 5360 }, // U+045B
    { 11, 19, 208, 2, 19, 53, 5427 }, // U+045C
    { 11, 19, 256, 2, 19, 53, 5480 }, // U+045D
    { 13, 25, 208, 0, 19, 82, 5533 }, // U+045E
    { 11, 17, 240, 2, 13, 47, 5615 }, // U+045F
    { 21, 18, 368, 1, 18, 95, 5662 }, // U+0460
    { 19, 13, 320, 0, 13, 62, 5757 }, // U+0461
    { 16, 18, 272, 0, 18, 72, 5819 }, // U+0462
    { 15, 16, 256, 0, 16, 60, 5891 }, // U+0463
    { 20, 18, 368, 2, 18, 90, 5951 }, // U+0464
    { 16, 14, 304, 2, 14, 56, 6041 }, // U+0465
    { 17, 18, 272, 0, 18, 77, 6097 }, // U+0466
    { 14, 13, 224, 0, 13, 46, 6174 }, // U+0467
    { 21, 18, 368, 2, 18, 95, 6220 }, // U+0468
    { 17, 13, 320, 2, 13, 56, 6315 }, // U+0469
    { 18, 18, 288, 0, 18, 81, 6371 }, // U+046A
    { 16, 13, 256, 0, 13, 52, 6452 }, // U+046B
    { 22, 18, 400, 2, 18, 99, 6504 }, // U+046C
    { 19, 13, 336, 2, 13, 62, 6603 }, // U+046D
    { 12, 26, 240, 1, 21, 78, 6665 }, // U+046E
    { 11, 22, 192, 0, 17, 61, 6743 }, // U+046F
    { 16, 18, 320, 2, 18, 72, 6804 }, // U+0470
    { 15, 25, 304, 2, 19, 94, 6876 }, // U+0471
    { 16, 18, 320, 2, 18, 72, 6970 }, // U+0472
    { 13, 14, 240, 1, 14, 46, 7042 }, // U+0473
    { 17, 18, 256, 0, 18, 77, 7088 }, // U+0474
    { 13, 14, 208, 0, 14, 46, 7165 }, // U+0475
    { 17, 23, 256, 0, 23, 98, 7211 }, // U+0476
    { 13, 19, 208, 0, 19, 62, 7309 }, // U+0477
    { 28, 24, 496, 2, 18, 168, 7371 }, // U+0478
    { 26, 20, 432, 1, 14, 130, 7539 }, // U+0479
    { 17, 20, 336, 2, 19, 85, 7669 }, // U+047A
    { 14, 16, 256, 1, 15, 56, 7754 }, // U+047B
    { 22, 26, 416, 2, 26, 143, 7810 }, // U+047C
    { 20, 22, 368, 1, 22, 110, 7953 }, // U+047D
    { 21, 22, 368, 1, 22, 116, 8063 }, // U+047E
    { 19, 18, 320, 0, 18, 86, 8179 }, // U+047F
    { 14, 24, 256, 1, 18, 84, 8265 }, // U+0480
    { 10, 20, 192, 1, 14, 50, 8349 }, // U+0481
    { 13, 16, 240, 1, 16, 52, 8399 }, // U+0482
    { 9, 4, 0, -11, 18, 9, 8451 }, // U+0483
    { 9, 3, 0, -11, 18, 7, 8460 }, // U+0484
    { 3, 4, 0, -9, 19, 3, 8467 }, // U+0485
    { 3, 4, 0, -9, 19, 3, 8470 }, // U+0486
    { 10, 3, 0, -5, 22, 8, 8473 }, // U+0487
    { 28, 26, 0, -14, 20, 182, 8481 }, // U+0488
    { 28, 28, 0, -14, 21, 196, 8663 }, // U+0489
    { 17, 28, 320, 2, 23, 119, 8859 }, // U+048A
    { 14, 24, 256, 2, 19, 84, 8978 }, // U+048B
    { 13, 18, 240, 1, 18, 59, 9062 }, // U+048C
    { 14, 19, 240, 0, 19, 67, 9121 }, // U+048D
    { 12, 18, 240, 2, 18, 54, 9188 }, // U+048E
    { 12, 20, 240, 2, 14, 60, 9242 }, // U+048F
    { 11, 22, 208, 2, 22, 61, 9302 }, // U+0490
    { 8, 17, 176, 2, 17, 34, 9363 }, // U+0491
    { 12, 18, 208, 1, 18, 54, 9397 }, // U+0492
    { 10, 13, 176, 0, 13, 33, 9451 }, // U+0493
    { 13, 24, 256, 2, 18, 78, 9484 }, // U+0494
    { 11, 19, 208, 2, 13, 53, 9562 }, // U+0495
    { 22, 23, 368, 0, 18, 127, 9615 }, // U+0496
    { 20, 18, 320, 0, 13, 90, 9742 }, // U+0497
    { 12, 24, 224, 1, 18, 72, 9832 }, // U+0498
    { 10, 20, 192, 1, 14, 50, 9904 }, // U+0499
    { 14, 23, 272, 2, 18, 81, 9954 }, // U+049A
    { 12, 18, 224, 2, 13, 54, 10035 }, // U+049B
    { 13, 18, 256, 2, 18, 59, 10089 }, // U+049C
    { 11, 13, 208, 2, 13, 36, 10148 }, // U+049D
    { 15, 18, 256, 0, 18, 68, 10184 }, // U+049E
    { 13, 19, 208, 0, 19, 62, 10252 }, // U+049F
    { 17, 18, 272, 0, 18, 77, 10314 }, // U+04A0
    { 15, 13, 256, 0, 13, 49, 10391 }, // U+04A1
    { 16, 23, 304, 2, 18, 92, 10440 }, // U+04A2
    { 14, 18, 256, 2, 13, 63, 10532 }, // U+04A3
    { 18, 18, 320, 2, 18, 81, 10595 }, // U+04A4
    { 16, 13, 288, 2, 13, 52, 10676 }, // U+04A5
    { 24, 24, 416, 2, 18, 144, 10728 }, // U+04A6
    { 19, 19, 352, 2, 13, 91, 10872 }, // U+04A7
    { 16, 19, 304, 2, 18, 76, 10963 }, // U+04A8
    { 14, 15, 256, 1, 14, 53, 11039 }, // U+04A9
    { 13, 24, 256, 2, 18, 78, 11092 }, // U+04AA
    { 10, 20, 192, 1, 14, 50, 11170 }, // U+04AB
    { 14, 23, 224, 0, 18, 81, 11220 }, // U+04AC
    { 11, 18, 192, 0, 13, 50, 11301 }, // U+04AD
    { 14, 18, 224, 0, 18, 63, 11351 }, // U+04AE
    { 13, 19, 208, 0, 13, 62, 11414 }, // U+04AF
    { 14, 18, 224, 0, 18, 63, 11476 }, // U+04B0
    { 13, 19, 208, 0, 13, 62, 11539 }, // U+04B1
    { 15, 23, 256, 0, 18, 87, 11601 }, // U+04B2
    { 13, 18, 224, 0, 13, 59, 11688 }, // U+04B3
    { 21, 23, 352, 0, 18, 121, 11747 }, // U+04B4
    { 18, 18, 288, 0, 13, 81, 11868 }, // U+04B5
    { 15, 23, 288, 2, 18, 87, 11949 }, // U+04B6
    { 13, 18, 256, 2, 13, 59, 12036 }, // U+04B7
    { 13, 18, 272, 2, 18, 59, 12095 }, // U+04B8
    { 11, 13, 240, 2, 13, 36, 12154 }, // U+04B9
    { 13, 18, 272, 2, 18, 59, 12190 }, // U+04BA
    { 11, 19, 240, 2, 19, 53, 12249 }, // U+04BB
    { 19, 18, 336, 1, 18, 86, 12302 }, // U+04BC
    { 14, 14, 272, 1, 14, 49, 12388 }, // U+04BD
    { 19, 23, 336, 1, 18, 110, 12437 }, // U+04BE
    { 14, 19, 272, 1, 14, 67, 12547 }, // U+04BF
    { 6, 18, 128, 1, 18, 27, 12614 }, // U+04C0
    { 23, 23, 368, 0, 23, 133, 12641 }, // U+04C1
    { 19, 19, 304, 0, 19, 91, 12774 }, // U+04C2
    { 14, 24, 272, 2, 18, 84, 12865 }, // U+04C3
    { 11, 19, 224, 2, 13, 53, 12949 }, // U+04C4
    { 18, 23, 288, 0, 18, 104, 13002 }, // U+04C5
    { 15, 18, 240, 0, 13, 68, 13106 }, // U+04C6
    { 14, 24, 288, 2, 18, 84, 13174 }, // U+04C7
    { 12, 19, 256, 2, 13, 57, 13258 }, // U+04C8
    { 17, 23, 304, 2, 18, 98, 13315 }, // U+04C9
    { 14, 18, 272, 2, 13, 63, 13413 }, // U+04CA
    { 13, 23, 272, 2, 18, 75, 13476 }, // U+04CB
    { 11, 18, 240, 2, 13, 50, 13551 }, // U+04CC
    { 21, 23, 368, 2, 18, 121, 13601 }, // U+04CD
    { 17, 18, 304, 2, 13, 77, 13722 }, // U+04CE
    { 6, 18, 128, 1, 18, 27, 13799 }, // U+04CF
    { 16, 23, 256, 0, 23, 92, 13826 }, // U+04D0
    { 11, 19, 224, 1, 19, 53, 13918 }, // U+04D1
    { 16, 22, 256, 0, 22, 88, 13971 }, // U+04D2
    { 11, 18, 224, 1, 18, 50, 14059 }, // U+04D3
    { 21, 18, 352, 0, 18, 95, 14109 }, // U+04D4
    { 19, 14, 352, 1, 14, 67, 14204 }, // U+04D5
    { 10, 23, 224, 2, 23, 58, 14271 }, // U+04D6
    { 12, 19, 224, 1, 19, 57, 14329 }, // U+04D7
    { 16, 18, 288, 1, 18, 72, 14386 }, // U+04D8
    { 12, 14, 224, 1, 14, 42, 14458 }, // U+04D9
    { 16, 22, 288, 1, 22, 88, 14500 }, // U+04DA
    { 12, 18, 224, 1, 18, 54, 14588 }, // U+04DB
    { 23, 22, 368, 0, 22, 127, 14642 }, // U+04DC
    { 19, 18, 304, 0, 18, 86, 14769 }, // U+04DD
    { 12, 22, 224, 1, 22, 66, 14855 }, // U+04DE
    { 10, 18, 192, 1, 18, 45, 14921 }, // U+04DF
    { 12, 18, 240, 1, 18, 54, 14966 }, // U+04E0
    { 12, 19, 192, 0, 13, 57, 15020 }, // U+04E1
    { 14, 21, 304, 2, 21, 74, 15077 }, // U+04E2
    { 11, 17, 256, 2, 17, 47, 15151 }, // U+04E3
    { 14, 22, 304, 2, 22, 77, 15198 }, // U+04E4
    { 11, 18, 256, 2, 18, 50, 15275 }, // U+04E5
    { 16, 22, 320, 2, 22, 88, 15325 }, // U+04E6
    { 13, 18, 240, 1, 18, 59, 15413 }, // U+04E7
    { 16, 18, 320, 2, 18, 72, 15472 }, // U+04E8
    { 13, 14, 240, 1, 14, 46, 15544 }, // U+04E9
    { 16, 22, 320, 2, 22, 88, 15590 }, // U+04EA
    { 13, 18, 240, 1, 18, 59, 15678 }, // U+04EB
    { 14, 22, 256, 1, 22, 77, 15737 }, // U+04EC
    { 10, 18, 192, 1, 18, 45, 15814 }, // U+04ED
    { 15, 21, 240, 0, 21, 79, 15859 }, // U+04EE
    { 13, 23, 208, 0, 17, 75, 15938 }, // U+04EF
    { 15, 22, 240, 0, 22, 83, 16013 }, // U+04F0
    { 13, 24, 208, 0, 18, 78, 16096 }, // U+04F1
    { 15, 23, 240, 0, 23, 87, 16174 }, // U+04F2
    { 13, 25, 208, 0, 19, 82, 16261 }, // U+04F3
    { 12, 22, 272, 2, 22, 66, 16343 }, // U+04F4
    { 12, 18, 240, 1, 18, 54, 16409 }, // U+04F5
    { 11, 23, 208, 2, 18, 64, 16463 }, // U+04F6
    { 8, 18, 176, 2, 13, 36, 16527 }, // U+04F7
    { 17, 22, 336, 2, 22, 94, 16563 }, // U+04F8
    { 15, 18, 304, 2, 18, 68, 16657 }, // U+04F9
    { 12, 23, 208, 1, 18, 69, 16725 }, // U+04FA
    { 10, 18, 176, 0, 13, 45, 16794 }, // U+04FB
    { 15, 23, 256, 0, 18, 87, 16839 }, // U+04FC
    { 13, 18, 224, 0, 13, 59, 16926 }, // U+04FD
    { 15, 18, 240, 0, 18, 68, 16985 }, // U+04FE
    { 13, 13, 208, 0, 13, 43, 17053 }, // U+04FF
    { 16, 22, 256, 0, 18, 88, 0 }, // U+1EA0
    { 11, 18, 224, 1, 14, 50, 88 }, // U+1EA1
    { 16, 25, 256, 0, 25, 100, 138 }, // U+1EA2
    { 11, 21, 224, 1, 21, 58, 238 }, // U+1EA3
    { 16, 24, 256, 0, 24, 96, 296 }, // U+1EA4
    { 13, 20, 224, 1, 20, 65, 392 }, // U+1EA5
    { 16, 24, 256, 0, 24, 96, 457 }, // U+1EA6
    { 12, 20, 224, 0, 20, 60, 553 }, // U+1EA7
    { 16, 26, 256, 0, 26, 104, 613 }, // U+1EA8
    { 12, 22, 224, 1, 22, 66, 717 }, // U+1EA9
    { 16, 26, 256, 0, 26, 104, 783 }, // U+1EAA
    { 11, 22, 224, 1, 22, 61, 887 }, // U+1EAB
    { 16, 27, 256, 0, 23, 108, 948 }, // U+1EAC
    { 11, 23, 224, 1, 19, 64, 1056 }, // U+1EAD
    { 16, 25, 256, 0, 25, 100, 1120 }, // U+1EAE
    { 11, 21, 224, 1, 21, 58, 1220 }, // U+1EAF
    { 16, 25, 256, 0, 25, 100, 1278 }, // U+1EB0
    { 11, 21, 224, 1, 21, 58, 1378 }, // U+1EB1
    { 16, 26, 256, 0, 26, 104, 1436 }, // U+1EB2
    { 11, 22, 224, 1, 22, 61, 1540 }, // U+1EB3
    { 16, 26, 256, 0, 26, 104, 1601 }, // U+1EB4
    { 11, 22, 224, 1, 22, 61, 1705 }, // U+1EB5
    { 16, 27, 256, 0, 23, 108, 1766 }, // U+1EB6
    { 11, 23, 224, 1, 19, 64, 1874 }, // U+1EB7
    { 10, 22, 224, 2, 18, 55, 1938 }, // U+1EB8
    { 12, 18, 224, 1, 14, 54, 1993 }, // U+1EB9
    { 10, 25, 224, 2, 25, 63, 2047 }, // U+1EBA
    { 12, 21, 224, 1, 21, 63, 2110 }, // U+1EBB
    { 10, 22, 224, 2, 22, 55, 2173 }, // U+1EBC
    { 12, 18, 224, 1, 18, 54, 2228 }, // U+1EBD
    { 12, 24, 224, 2, 24, 72, 2282 }, // U+1EBE
    { 13, 20, 224, 1, 20, 65, 2354 }, // U+1EBF
    { 11, 24, 224, 1, 24, 66, 2419 }, // U+1EC0
    { 12, 20, 224, 1, 20, 60, 2485 }, // U+1EC1
    { 11, 26, 224, 2, 26, 72, 2545 }, // U+1EC2
    { 12, 22, 224, 1, 22, 66, 2617 }, // U+1EC3
    { 10, 26, 224, 2, 26, 65, 2683 }, // U+1EC4
    { 12, 22, 224, 1, 22, 66, 2748 }, // U+1EC5
    { 10, 27, 224, 2, 23, 68, 2814 }, // U+1EC6
    { 12, 23, 224, 1, 19, 69, 2882 }, // U+1EC7
    { 6, 25, 128, 1, 25, 38, 2951 }, // U+1EC8
    { 5, 21, 96, 1, 21, 27, 2989 }, // U+1EC9
    { 6, 22, 128, 1, 18, 33, 3016 }, // U+1ECA
    { 3, 22, 96, 2, 18, 17, 3049 }, // U+1ECB
    { 16, 22, 320, 2, 18, 88, 3066 }, // U+1ECC
    { 13, 18, 240, 1, 14, 59, 3154 }, // U+1ECD
    { 16, 25, 320, 2, 25, 100, 3213 }, // U+1ECE
    { 13, 21, 240, 1, 21, 69, 3313 }, // U+1ECF
    { 16, 24, 320, 2, 24, 96, 3382 }, // U+1ED0
    { 13, 20, 240, 1, 20, 65, 3478 }, // U+1ED1
    { 16, 24, 320, 2, 24, 96, 3543 }, // U+1ED2
    { 13, 20, 240, 1, 20, 65, 3639 }, // U+1ED3
    { 16, 26, 320, 2, 26, 104, 3704 }, // U+1ED4
    { 13, 22, 240, 1, 22, 72, 3808 }, // U+1ED5
    { 16, 26, 320, 2, 26, 104, 3880 }, // U+1ED6
    { 13, 22, 240, 1, 22, 72, 3984 }, // U+1ED7
    { 16, 27, 320, 2, 23, 108, 4056 }, // U+1ED8
    { 13, 23, 240, 1, 19, 75, 4164 }, // U+1ED9
    { 18, 23, 320, 2, 23, 104, 4239 }, // U+1EDA
    { 15, 19, 240, 1, 19, 72, 4343 }, // U+1EDB
    { 18, 23, 320, 2, 23, 104, 4415 }, // U+1EDC
    { 15, 19, 240, 1, 19, 72, 4519 }, // U+1EDD
    { 18, 25, 320, 2, 25, 113, 4591 }, // U+1EDE
    { 15, 21, 240, 1, 21, 79, 4704 }, // U+1EDF
    { 18, 22, 320, 2, 22, 99, 4783 }, // U+1EE0
    { 15, 18, 240, 1, 18, 68, 4882 }, // U+1EE1
    { 18, 23, 320, 2, 19, 104, 4950 }, // U+1EE2
    { 15, 19, 240, 1, 15, 72, 5054 }, // U+1EE3
    { 14, 22, 288, 2, 18, 77, 5126 }, // U+1EE4
    { 11, 17, 240, 2, 13, 47, 5203 }, // U+1EE5
    { 14, 25, 288, 2, 25, 88, 5250 }, // U+1EE6
    { 11, 21, 240, 2, 21, 58, 5338 }, // U+1EE7
    { 18, 23, 320, 2, 23, 104, 5396 }, // U+1EE8
    { 16, 19, 272, 2, 19, 76, 5500 }, // U+1EE9
    { 18, 23, 320, 2, 23, 104, 5576 }, // U+1EEA
    { 16, 19, 272, 2, 19, 76, 5680 }, // U+1EEB
    { 18, 25, 320, 2, 25, 113, 5756 }, // U+1EEC
    { 16, 21, 272, 2, 21, 84, 5869 }, // U+1EED
    { 18, 22, 320, 2, 22, 99, 5953 }, // U+1EEE
    { 16, 18, 272, 2, 18, 72, 6052 }, // U+1EEF
    { 18, 23, 320, 2, 19, 104, 6124 }, // U+1EF0
    { 16, 19, 272, 2, 15, 76, 6228 }, // U+1EF1
    { 14, 23, 224, 0, 23, 81, 6304 }, // U+1EF2
    { 13, 25, 208, 0, 19, 82, 6385 }, // U+1EF3
    { 14, 22, 224, 0, 18, 77, 6467 }, // U+1EF4
    { 13, 19, 208, 0, 13, 62, 6544 }, // U+1EF5
    { 14, 25, 224, 0, 25, 88, 6606 }, // U+1EF6
    { 13, 27, 208, 0, 21, 88, 6694 }, // U+1EF7
    { 14, 22, 224, 0, 22, 77, 6782 }, // U+1EF8
    { 13, 24, 208, 0, 18, 78, 6859 }, // U+1EF9
    { 1, 1, 208, 0, 1, 1, 0 }, // U+2000
    { 1, 1, 400, 0, 1, 1, 1 }, // U+2001
    { 1, 1, 208, 0, 1, 1, 2 }, // U+2002
    { 1, 1, 400, 0, 1, 1, 3 }, // U+2003
    { 1, 1, 128, 0, 1, 1, 4 }, // U+2004
    { 1, 1, 96, 0, 1, 1, 5 }, // U+2005
    { 1, 1, 64, 0, 1, 1, 6 }, // U+2006
    { 1, 1, 224, 0, 1, 1, 7 }, // U+2007
    { 1, 1, 112, 0, 1, 1, 8 }, // U+2008
    { 1, 1, 64, 0, 1, 1, 9 }, // U+2009
    { 1, 1, 48, 0, 1, 1, 10 }, // U+200A
    { 1, 1, 0, 0, 1, 1, 11 }, // U+200B
    { 1, 1, 0, 0, 1, 1, 12 }, // U+200C
    { 1, 1, 0, 0, 1, 1, 13 }, // U+200D
    { 6, 20, 0, -1, 17, 30, 14 }, // U+200E
    { 6, 20, 0, -5, 17, 30, 44 }, // U+200F
    { 6, 2, 128, 1, 8, 3, 74 }, // U+2010
    { 6, 2, 128, 1, 8, 3, 77 }, // U+2011
    { 12, 2, 224, 1, 10, 6, 80 }, // U+2012
    { 11, 2, 208, 1, 8, 6, 86 }, // U+2013
    { 23, 2, 400, 1, 8, 12, 92 }, // U+2014
    { 23, 2, 400, 1, 8, 12, 104 }, // U+2015
    { 8, 25, 224, 3, 19, 50, 116 }, // U+2016
    { 10, 5, 160, 0, -1, 13, 166 }, // U+2017
    { 4, 6, 64, 0, 18, 6, 179 }, // U+2018
    { 4, 6, 64, 0, 18, 6, 185 }, // U+2019
    { 4, 6, 96, 1, 3, 6, 191 }, // U+201A
    { 4, 6, 64, 0, 18, 6, 197 }, // U+201B
    { 9, 6, 144, 0, 18, 14, 203 }, // U+201C
    { 9, 6, 144, 0, 18, 14, 217 }, // U+201D
    { 8, 6, 160, 1, 3, 12, 231 }, // U+201E
    { 9, 6, 144, 0, 18, 14, 243 }, // U+201F
    { 9, 19, 208, 2, 19, 43, 257 }, // U+2020
    { 10, 19, 208, 1, 19, 48, 300 }, // U+2021
    { 5, 6, 144, 2, 12, 8, 348 }, // U+2022
    { 6, 7, 144, 2, 13, 11, 356 }, // U+2023
    { 3, 3, 208, 5, 3, 3, 367 }, // U+2024
    { 10, 3, 208, 2, 3, 8, 370 }, // U+2025
    { 16, 3, 320, 2, 3, 12, 378 }, // U+2026
    { 3, 3, 112, 2, 8, 3, 390 }, // U+2027
    { 1, 1, 240, 0, 1, 1, 393 }, // U+2028
    { 1, 1, 240, 0, 1, 1, 394 }, // U+2029
    { 6, 18, 0, -1, 15, 27, 395 }, // U+202A
    { 6, 18, 0, -5, 15, 27, 422 }, // U+202B
    { 6, 20, 0, -3, 17, 30, 449 }, // U+202C
    { 6, 20, 0, -3, 17, 30, 479 }, // U+202D
    { 6, 20, 0, -3, 17, 30, 509 }, // U+202E
    { 1, 1, 64, 0, 1, 1, 539 }, // U+202F
    { 27, 18, 464, 1, 18, 122, 540 }, // U+2030
    { 36, 18, 624, 1, 18, 162, 662 }, // U+2031
    { 5, 7, 96, 1, 18, 9, 824 }, // U+2032
    { 10, 7, 160, 1, 18, 18, 833 }, // U+2033
    { 14, 7, 240, 1, 18, 25, 851 }, // U+2034
    { 6, 7, 96, -1, 18, 11, 876 }, // U+2035
    { 10, 7, 176, -1, 18, 18, 887 }, // U+2036
    { 14, 7, 240, -1, 18, 25, 905 }, // U+2037
    { 9, 8, 160, 0, 2, 18, 930 }, // U+2038
    { 6, 11, 128, 1, 12, 17, 948 }, // U+2039
    { 6, 11, 128, 1, 12, 17, 965 }, // U+203A
    { 19, 18, 336, 1, 18, 86, 982 }, // U+203B
    { 9, 18, 192, 2, 18, 41, 1068 }, // U+203C
    { 10, 18, 176, 0, 18, 45, 1109 }, // U+203D
    { 13, 2, 208, 0, 21, 7, 1154 }, // U+203E
    { 14, 5, 240, 1, -1, 18, 1161 }, // U+203F
    { 14, 5, 240, 1, 20, 18, 1179 }, // U+2040
    { 9, 16, 144, 0, 10, 36, 1197 }, // U+2041
    { 28, 23, 448, 0, 19, 161, 1233 }, // U+2042
    { 6, 2, 128, 1, 8, 3, 1394 }, // U+2043
    { 13, 18, 48, -5, 18, 59, 1397 }, // U+2044
    { 5, 22, 128, 2, 18, 28, 1456 }, // U+2045
    { 5, 22, 128, 1, 18, 28, 1484 }, // U+2046
    { 21, 18, 336, 0, 18, 95, 1512 }, // U+2047
    { 15, 18, 272, 0, 18, 68, 1607 }, // U+2048
    { 14, 18, 272, 2, 18, 63, 1675 }, // U+2049
    { 12, 13, 224, 1, 13, 39, 1738 }, // U+204A
    { 13, 22, 256, 2, 19, 72, 1777 }, // U+204B
    { 13, 12, 256, 1, 13, 39, 1849 }, // U+204C
    { 13, 12, 256, 2, 13, 39, 1888 }, // U+204D
    { 12, 11, 224, 1, 6, 33, 1927 }, // U+204E
    { 4, 17, 96, 1, 14, 17, 1960 }, // U+204F
    { 14, 26, 240, 1, 20, 91, 1977 }, // U+2050
    { 12, 24, 224, 1, 19, 72, 2068 }, // U+2051
    { 9, 18, 144, 0, 18, 41, 2140 }, // U+2052
    { 21, 4, 400, 2, 9, 21, 2181 }, // U+2053
    { 14, 6, 240, 1, 0, 21, 2202 }, // U+2054
    { 12, 13, 224, 1, 13, 39, 2223 }, // U+2055
    { 11, 18, 208, 1, 18, 50, 2262 }, // U+2056
    { 18, 7, 304, 1, 18, 32, 2312 }, // U+2057
    { 18, 18, 336, 1, 18, 81, 2344 }, // U+2058
    { 18, 18, 336, 1, 18, 81, 2425 }, // U+2059
    { 3, 18, 96, 1, 18, 14, 2506 }, // U+205A
    { 14, 19, 256, 1, 19, 67, 2520 }, // U+205B
    { 18, 19, 320, 1, 18, 86, 2587 }, // U+205C
    { 3, 17, 112, 2, 17, 13, 2673 }, // U+205D
    { 3, 18, 112, 2, 18, 14, 2686 }, // U+205E
    { 1, 1, 96, 0, 1, 1, 2700 }, // U+205F
    { 1, 1, 240, 0, 1, 1, 2701 }, // U+2060
    { 1, 1, 240, 0, 1, 1, 2702 }, // U+2061
    { 1, 1, 240, 0, 1, 1, 2703 }, // U+2062
    { 1, 1, 240, 0, 1, 1, 2704 }, // U+2063
    { 1, 1, 240, 0, 1, 1, 2705 }, // U+2064
    { 1, 1, 0, 0, 1, 1, 2706 }, // U+2066
    { 1, 1, 0, 0, 1, 1, 2707 }, // U+2067
    { 1, 1, 0, 0, 1, 1, 2708 }, // U+2068
    { 1, 1, 0, 0, 1, 1, 2709 }, // U+2069
    { 6, 20, 0, -3, 17, 30, 2710 }, // U+206A
    { 6, 20, 0, -3, 17, 30, 2740 }, // U+206B
    { 6, 20, 0, -3, 17, 30, 2770 }, // U+206C
    { 6, 20, 0, -3, 17, 30, 2800 }, // U+206D
    { 6, 20, 0, -3, 17, 30, 2830 }, // U+206E
    { 6, 20, 0, -3, 17, 30, 2860 }, // U+206F
    { 8, 11, 144, 0, 21, 22, 0 }, // U+2070
    { 2, 11, 64, 1, 18, 6, 22 }, // U+2071
    { 9, 11, 144, 0, 21, 25, 28 }, // U+2074
    { 7, 11, 144, 1, 21, 20, 53 }, // U+2075
    { 8, 11, 144, 0, 21, 22, 73 }, // U+2076
    { 7, 11, 144, 1, 21, 20, 95 }, // U+2077
    { 7, 11, 144, 1, 21, 20, 115 }, // U+2078
    { 8, 11, 144, 0, 21, 22, 135 }, // U+2079
    { 7, 7, 128, 1, 18, 13, 157 }, // U+207A
    { 7, 2, 128, 1, 16, 4, 170 }, // U+207B
    { 7, 4, 128, 1, 17, 7, 174 }, // U+207C
    { 4, 14, 96, 2, 23, 14, 181 }, // U+207D
    { 4, 14, 96, 0, 23, 14, 195 }, // U+207E
    { 8, 8, 160, 1, 15, 16, 209 }, // U+207F
    { 8, 11, 144, 0, 7, 22, 225 }, // U+2080
    { 5, 11, 144, 1, 7, 14, 247 }, // U+2081
    { 7, 11, 144, 1, 7, 20, 261 }, // U+2082
    { 8, 11, 144, 0, 7, 22, 281 }, // U+2083
    { 9, 11, 144, 0, 7, 25, 303 }, // U+2084
    { 7, 11, 144, 1, 7, 20, 328 }, // U+2085
    { 8, 11, 144, 0, 7, 22, 348 }, // U+2086
    { 7, 11, 144, 1, 7, 20, 370 }, // U+2087
    { 7, 11, 144, 1, 7, 20, 390 }, // U+2088
    { 8, 11, 144, 0, 7, 22, 410 }, // U+2089
    { 7, 7, 128, 1, 5, 13, 432 }, // U+208A
    { 7, 2, 128, 1, 3, 4, 445 }, // U+208B
    { 7, 4, 128, 1, 4, 7, 449 }, // U+208C
    { 4, 14, 96, 2, 9, 14, 456 }, // U+208D
    { 4, 14, 96, 0, 9, 14, 470 }, // U+208E
    { 7, 9, 144, 1, 6, 16, 484 }, // U+2090
    { 7, 9, 144, 1, 6, 16, 500 }, // U+2091
    { 8, 9, 160, 1, 6, 18, 516 }, // U+2092
    { 8, 8, 144, 0, 6, 16, 534 }, // U+2093
    { 7, 9, 144, 1, 6, 16, 550 }, // U+2094
    { 8, 11, 160, 1, 9, 22, 566 }, // U+2095
    { 8, 11, 144, 1, 9, 22, 588 }, // U+2096
    { 2, 11, 64, 1, 9, 6, 610 }, // U+2097
    { 13, 8, 240, 1, 6, 26, 616 }, // U+2098
    { 8, 8, 160, 1, 6, 16, 642 }, // U+2099
    { 8, 12, 160, 1, 6, 24, 658 }, // U+209A
    { 6, 9, 128, 1, 6, 14, 682 }, // U+209B
    { 6, 10, 96, 0, 7, 15, 696 }, // U+209C
    { 12, 18, 224, 1, 18, 54, 0 }, // U+20A0
    { 13, 20, 224, 1, 19, 65, 54 }, // U+20A1
    { 12, 18, 224, 1, 18, 54, 119 }, // U+20A2
    { 12, 18, 224, 1, 18, 54, 173 }, // U+20A3
    { 12, 18, 224, 1, 18, 54, 227 }, // U+20A4
    { 19, 20, 368, 2, 17, 95, 281 }, // U+20A5
    { 14, 18, 224, 0, 18, 63, 376 }, // U+20A6
    { 17, 18, 304, 2, 18, 77, 439 }, // U+20A7
    { 18, 18, 336, 2, 18, 81, 516 }, // U+20A8
    { 17, 18, 272, 0, 18, 77, 597 }, // U+20A9
    { 16, 18, 320, 2, 18, 72, 674 }, // U+20AA
    { 14, 23, 240, 1, 19, 81, 746 }, // U+20AB
    { 13, 18, 224, 1, 18, 59, 827 }, // U+20AC
    { 14, 18, 224, 0, 18, 63, 886 }, // U+20AD
    { 14, 18, 224, 0, 18, 63, 949 }, // U+20AE
    { 22, 24, 384, 1, 18, 132, 1012 }, // U+20AF
    { 13, 24, 224, 0, 18, 78, 1144 }, // U+20B0
    { 14, 18, 224, 0, 18, 63, 1222 }, // U+20B1
    { 14, 21, 288, 2, 19, 74, 1285 }, // U+20B2
    { 15, 18, 240, 0, 18, 68, 1359 }, // U+20B3
    { 14, 18, 224, 0, 18, 63, 1427 }, // U+20B4
    { 13, 21, 256, 2, 19, 69, 1490 }, // U+20B5
    { 14, 17, 256, 1, 17, 60, 1559 }, // U+20B6
    { 16, 20, 288, 1, 18, 80, 1619 }, // U+20B7
    { 13, 18, 224, 0, 18, 59, 1699 }, // U+20B8
    { 10, 18, 224, 2, 18, 45, 1758 }, // U+20B9
    { 14, 18, 224, 0, 18, 63, 1803 }, // U+20BA
    { 19, 18, 320, 0, 18, 86, 1866 }, // U+20BB
    { 18, 18, 320, 1, 18, 81, 1952 }, // U+20BC
    { 14, 18, 240, 0, 18, 63, 2033 }, // U+20BD
    { 16, 19, 304, 2, 19, 76, 2096 }, // U+20BE
    { 11, 22, 224, 2, 20, 61, 2172 }, // U+20BF
    { 10, 18, 192, 1, 14, 45, 2233 }, // U+20C0
    { 12, 2, 224, 1, 10, 6, 0 }, // U+2212
    { 18, 19, 272, 0, 19, 86, 0 }, // U+FB00
    { 13, 19, 240, 0, 19, 62, 86 }, // U+FB01
    { 13, 19, 240, 0, 19, 62, 148 }, // U+FB02
    { 22, 19, 384, 0, 19, 105, 210 }, // U+FB03
    { 22, 19, 384, 0, 19, 105, 315 }, // U+FB04
    { 14, 19, 272, 2, 19, 67, 420 }, // U+FB05
    { 19, 19, 336, 1, 19, 91, 487 }, // U+FB06
    { 23, 23, 400, 1, 19, 133, 0 }, // U+FFFD
};

static const EpdUnicodeInterval notosans_12_regularIntervals[] = {
    { 0x0, 0x0, 0x0 },
    { 0xD, 0xD, 0x1 },
    { 0x20, 0x7E, 0x2 },
    { 0xA0, 0x17F, 0x61 },
    { 0x1A0, 0x1A1, 0x141 },
    { 0x1AF, 0x1B0, 0x143 },
    { 0x1C4, 0x21F, 0x145 },
    { 0x300, 0x36F, 0x1A1 },
    { 0x400, 0x4FF, 0x211 },
    { 0x1EA0, 0x1EF9, 0x311 },
    { 0x2000, 0x2064, 0x36B },
    { 0x2066, 0x2071, 0x3D0 },
    { 0x2074, 0x208E, 0x3DC },
    { 0x2090, 0x209C, 0x3F7 },
    { 0x20A0, 0x20C0, 0x404 },
    { 0x2212, 0x2212, 0x425 },
    { 0xFB00, 0xFB06, 0x426 },
    { 0xFFFD, 0xFFFD, 0x42D },
};

static const EpdFontGroup notosans_12_regularGroups[] = {
    { 0, 1292, 4748, 97, 0 },
    { 1292, 1236, 5700, 96, 97 },
    { 2528, 1519, 8818, 128, 193 },
    { 4047, 1573, 8056, 96, 321 },
    { 5620, 443, 1148, 112, 417 },
    { 6063, 3902, 18816, 256, 529 },
    { 9965, 961, 7513, 90, 785 },
    { 10926, 882, 3341, 111, 875 },
    { 11808, 248, 784, 42, 986 },
    { 12056, 790, 2536, 33, 1028 },
    { 12846, 4, 6, 1, 1061 },
    { 12850, 134, 646, 7, 1062 },
    { 12984, 70, 138, 1, 1069 },
};

static const uint16_t notosans_12_regularKernLeftCodepoints[] = {
    0x0022, 0x0026, 0x0027, 0x0028, 0x002C, 0x002D, 0x002E, 0x003A, 0x0041, 0x0042, 0x0043, 0x0044,
    0x0045, 0x0046, 0x004B, 0x004C, 0x004F, 0x0050, 0x0051, 0x0052, 0x0054, 0x0055, 0x0056, 0x0057,
    0x0058, 0x0059, 0x005A, 0x005B, 0x005F, 0x0061, 0x0062, 0x0063, 0x0065, 0x0066, 0x0068, 0x006D,
    0x006E, 0x006F, 0x0070, 0x0072, 0x0074, 0x0076, 0x0077, 0x0078, 0x0079, 0x007B, 0x00A1, 0x00AB,
    0x00BB, 0x00BF, 0x00C0, 0x00C1, 0x00C2, 0x00C3, 0x00C4, 0x00C5, 0x00C6, 0x00C7, 0x00C8, 0x00C9,
    0x00CA, 0x00CB, 0x00D0, 0x00D2, 0x00D3, 0x00D4, 0x00D5, 0x00D6, 0x00D8, 0x00D9, 0x00DA, 0x00DB,
    0x00DC, 0x00DD, 0x00DE, 0x00E0, 0x00E1, 0x00E2, 0x00E3, 0x00E4, 0x00E5, 0x00E6, 0x00E8, 0x00E9,
    0x00EA, 0x00EB, 0x00EE, 0x00EF, 0x00F0, 0x00F2, 0x00F3, 0x00F4, 0x00F5, 0x00F6, 0x00F8, 0x00FD,
    0x00FE, 0x00FF, 0x0100, 0x0101, 0x0102, 0x0103, 0x0104, 0x0105, 0x0106, 0x0108, 0x010A, 0x010C,
    0x010E, 0x010F, 0x0110, 0x0112, 0x0113, 0x0114, 0x0115, 0x0116, 0x0117, 0x0118, 0x0119, 0x011A,
    0x011B, 0x0125, 0x0129, 0x012B, 0x012E, 0x0136, 0x0138, 0x0139, 0x013B, 0x013D, 0x013E, 0x013F,
    0x0141, 0x0144, 0x0146, 0x0149, 0x014B, 0x014C, 0x014D, 0x014E, 0x014F, 0x0150, 0x0151, 0x0152,
    0x0153, 0x0155, 0x0157, 0x0159, 0x0162, 0x0163, 0x0164, 0x0165, 0x0166, 0x0167, 0x0168, 0x016A,
    0x016C, 0x016E, 0x0170, 0x0172, 0x0174, 0x0175, 0x0176, 0x0177, 0x0178, 0x0179, 0x017B, 0x017D,
    0x01A0, 0x01A1, 0x01AF, 0x01B0, 0x01FA, 0x01FB, 0x01FC, 0x01FD, 0x01FE, 0x020B, 0x021A, 0x021B,
    0x0400, 0x0401, 0x0402, 0x0403, 0x0404, 0x0405, 0x0409, 0x040A, 0x040B, 0x040C, 0x040E, 0x0410,
    0x0411, 0x0412, 0x0413, 0x0414, 0x0415, 0x0416, 0x0417, 0x041A, 0x041E, 0x0420, 0x0421, 0x0422,
    0x0423, 0x0424, 0x0425, 0x0426, 0x0429, 0x042A, 0x042C, 0x042D, 0x042E, 0x0430, 0x0431, 0x0432,
    0x0433, 0x0434, 0x0435, 0x0436, 0x0437, 0x0438, 0x0439, 0x043A, 0x043B, 0x043C, 0x043D, 0x043E,
    0x043F, 0x0440, 0x0441, 0x0442, 0x0443, 0x0444, 0x0445, 0x0446, 0x0447, 0x0448, 0x0449, 0x044A,
    0x044B, 0x044C, 0x044D, 0x044E, 0x044F, 0x0450, 0x0451, 0x0452, 0x0453, 0x0454, 0x0455, 0x0457,
    0x0458, 0x0459, 0x045A, 0x045B, 0x045C, 0x045D, 0x045E, 0x045F, 0x0460, 0x0461, 0x0462, 0x0463,
    0x0464, 0x0465, 0x0466, 0x0467, 0x0468, 0x0469, 0x046E, 0x0471, 0x0472, 0x0473, 0x0474, 0x0475,
    0x0476, 0x0477, 0x0478, 0x0479, 0x047A, 0x047B, 0x047C, 0x047D, 0x047E, 0x047F, 0x0480, 0x048A,
    0x048B, 0x048C, 0x048D, 0x048E, 0x048F, 0x0490, 0x0491, 0x0492, 0x0493, 0x0496, 0x0497, 0x0498,
    0x0499, 0x049A, 0x049B, 0x049C, 0x049D, 0x049E, 0x049F, 0x04A0, 0x04A1, 0x04A2, 0x04A3, 0x04A4,
    0x04A5, 0x04A9, 0x04AA, 0x04AB, 0x04AC, 0x04AD, 0x04AE, 0x04AF, 0x04B0, 0x04B1, 0x04B2, 0x04B3,
    0x04B4, 0x04B5, 0x04B6, 0x04B7, 0x04BC, 0x04BD, 0x04BE, 0x04BF, 0x04C1, 0x04C2, 0x04C5, 0x04C6,
    0x04C9, 0x04CA, 0x04CD, 0x04CE, 0x04D0, 0x04D1, 0x04D2, 0x04D3, 0x04D4, 0x04D5, 0x04D6, 0x04D7,
    0x04D8, 0x04D9, 0x04DA, 0x04DB, 0x04DC, 0x04DD, 0x04DE, 0x04DF, 0x04E3, 0x04E5, 0x04E6, 0x04E7,
    0x04E8, 0x04E9, 0x04EA, 0x04EB, 0x04EC, 0x04ED, 0x04EE, 0x04EF, 0x04F0, 0x04F1, 0x04F2, 0x04F3,
    0x04F5, 0x04F6, 0x04F7, 0x04F9, 0x04FA, 0x04FB, 0x04FC, 0x04FD, 0x04FE, 0x04FF, 0x1EA0, 0x1EA1,
    0x1EA2, 0x1EA3, 0x1EA4, 0x1EA5, 0x1EA6, 0x1EA7, 0x1EA8, 0x1EA9, 0x1EAA, 0x1EAB, 0x1EAC, 0x1EAD,
    0x1EAE, 0x1EAF, 0x1EB0, 0x1EB1, 0x1EB2, 0x1EB3, 0x1EB4, 0x1EB5, 0x1EB6, 0x1EB7, 0x1EB8, 0x1EB9,
    0x1EBA, 0x1EBB, 0x1EBC, 0x1EBD, 0x1EBE, 0x1EBF, 0x1EC0, 0x1EC1, 0x1EC2, 0x1EC3, 0x1EC4, 0x1EC5,
    0x1EC6, 0x1EC7, 0x1ECC, 0x1ECD, 0x1ECE, 0x1ECF, 0x1ED0, 0x1ED1, 0x1ED2, 0x1ED3, 0x1ED4, 0x1ED5,
    0x1ED6, 0x1ED7, 0x1ED8, 0x1ED9, 0x1EDA, 0x1EDB, 0x1EDC, 0x1EDD, 0x1EDE, 0x1EDF, 0x1EE0, 0x1EE1,
    0x1EE2, 0x1EE3, 0x1EE4, 0x1EE6, 0x1EE8, 0x1EE9, 0x1EEA, 0x1EEB, 0x1EEC, 0x1EED, 0x1EEE, 0x1EEF,
    0x1EF0, 0x1EF1, 0x1EF2, 0x1EF3, 0x1EF4, 0x1EF5, 0x1EF6, 0x1EF7, 0x1EF8, 0x1EF9, 0x2013, 0x2014,
    0x2015, 0x2018, 0x2019, 0x201A, 0x201C, 0x201D, 0x201E, 0x2039, 0x203A, 0xFB00,
};

static const uint8_t notosans_12_regularKernLeftClassIds[] = {
      1,   2,   1,   3,   4,   5,   4,   6,   7,   8,   9,  10,  11,  12,   9,  13,
     10,  14,  10,  15,  16,  17,  18,  18,   9,  19,  20,   3,  21,  22,  23,  24,
     23,  25,  22,  22,  22,  23,  23,  26,  24,  27,  27,  28,  27,   3,  29,  30,
     31,  32,   7,   7,   7,   7,   7,   7,  11,   9,  11,  11,  11,  11,  10,  10,
     10,  10,  10,  10,  10,  17,  17,  17,  17,  19,  14,  22,  22,  22,  22,  22,
     22,  23,  23,  23,  23,  23,  33,  33,  23,  23,  23,  23,  23,  23,  23,  27,
     23,  27,   7,  22,   7,  22,  34,  22,   9,   9,   9,   9,  10,  35,  10,  11,
     23,  11,  23,  11,  23,  11,  23,  11,  23,  22,  36,  33,  37,   9,  28,  13,
     13,  13,  35,  13,  13,  22,  22,  22,  22,  10,  23,  10,  23,  10,  23,  11,
     23,  26,  26,  26,  16,  24,  16,  38,  16,  24,  17,  17,  17,  17,  17,  17,
     18,  27,  19,  27,  19,  20,  20,  20,  39,  40,  41,  42,   7,  22,  11,  23,
     10,  33,  16,  24,  43,  43,  44,  45,  46,  47,  48,  48,  44,  49,  50,  51,
     52,  53,  45,  54,  43,  49,  53,  49,  55,  56,  46,  45,  50,  57,  49,  54,
     54,  48,  48,  55,  55,  58,  59,  60,  61,  62,  63,  64,  60,  65,  65,  64,
     65,  65,  65,  63,  65,  63,  66,  61,  67,  63,  64,  62,  65,  65,  62,  68,
     65,  68,  63,  63,  65,  63,  63,  69,  61,  66,  70,  71,  72,  68,  68,  73,
     64,  65,  67,  65,  55,  74,  75,  68,  46,  66,  51,  76,  51,  76,  77,  63,
     55,  63,  50,  74,  50,  74,  67,  67,  55,  63,  55,  63,  55,  74,  46,  54,
     62,  75,  68,  56,  63,  78,  79,  80,  81,  82,  83,  77,  60,  82,  83,  49,
     64,  49,  64,  49,  64,  54,  62,  80,  79,  63,  46,  66,  78,  79,  84,  85,
     84,  85,  82,  83,  54,  62,  54,  62,  86,  87,  86,  87,  49,  64,  54,  62,
     54,  62,  54,  62,  51,  58,  51,  58,  43,  87,  43,  87,  55,  63,  55,  63,
     49,  64,  77,  60,  65,  65,  55,  63,  55,  63,  55,  63,  55,  63,  50,  67,
     50,  67,  50,  67,  65,  78,  79,  65,  80,  81,  82,  83,  49,  83,   7,  22,
      7,  22,   7,  22,   7,  22,   7,  22,   7,  22,   7,  22,   7,  22,   7,  22,
      7,  22,   7,  22,   7,  22,  11,  23,  11,  23,  11,  23,  11,  23,  11,  23,
     11,  23,  11,  23,  11,  23,  10,  23,  10,  23,  10,  23,  10,  23,  10,  23,
     10,  23,  10,  23,  39,  40,  39,  40,  39,  40,  39,  40,  39,  40,  17,  17,
     41,  42,  41,  42,  41,  42,  41,  42,  41,  42,  19,  27,  19,  27,  19,  27,
     19,  27,   5,   5,   5,   1,   1,   4,   1,   1,   4,  30,  31,  25,
};

static const uint16_t notosans_12_regularKernRightCodepoints[] = {
    0x0021, 0x0022, 0x0026, 0x0027, 0x0029, 0x002C, 0x002D, 0x002E, 0x003A, 0x003B, 0x003F, 0x0041,
    0x0043, 0x0047, 0x0049, 0x004A, 0x004F, 0x0051, 0x0054, 0x0055, 0x0056, 0x0057, 0x0058, 0x0059,
    0x005A, 0x005D, 0x0061, 0x0062, 0x0063, 0x0064, 0x0065, 0x0066, 0x0067, 0x0068, 0x006A, 0x006B,
    0x006C, 0x006D, 0x006E, 0x006F, 0x0070, 0x0071, 0x0072, 0x0073, 0x0074, 0x0075, 0x0076, 0x0077,
    0x0078, 0x0079, 0x007A, 0x007D, 0x00AB, 0x00BB, 0x00C0, 0x00C1, 0x00C2, 0x00C3, 0x00C4, 0x00C5,
    0x00C6, 0x00C7, 0x00D2, 0x00D3, 0x00D4, 0x00D5, 0x00D6, 0x00D8, 0x00D9, 0x00DA, 0x00DB, 0x00DC,
    0x00DD, 0x00E0, 0x00E1, 0x00E2, 0x00E3, 0x00E4, 0x00E5, 0x00E6, 0x00E7, 0x00E8, 0x00E9, 0x00EA,
    0x00EB, 0x00F2, 0x00F3, 0x00F4, 0x00F5, 0x00F6, 0x00F8, 0x00F9, 0x00FA, 0x00FB, 0x00FC, 0x00FD,
    0x00FE, 0x00FF, 0x0100, 0x0101, 0x0102, 0x0103, 0x0104, 0x0105, 0x0106, 0x0107, 0x0108, 0x0109,
    0x010A, 0x010B, 0x010C, 0x010D, 0x010F, 0x0111, 0x0113, 0x0115, 0x0117, 0x0119, 0x011B, 0x011C,
    0x011D, 0x011E, 0x011F, 0x0120, 0x0121, 0x0122, 0x0123, 0x0125, 0x0127, 0x0129, 0x0137, 0x0138,
    0x013A, 0x013C, 0x013E, 0x0140, 0x0144, 0x0146, 0x014B, 0x014C, 0x014D, 0x014E, 0x014F, 0x0150,
    0x0151, 0x0152, 0x0153, 0x0155, 0x0157, 0x015B, 0x015F, 0x0162, 0x0163, 0x0164, 0x0165, 0x0166,
    0x0167, 0x0168, 0x0169, 0x016A, 0x016B, 0x016C, 0x016D, 0x016E, 0x016F, 0x0170, 0x0171, 0x0172,
    0x0173, 0x0174, 0x0175, 0x0176, 0x0177, 0x0178, 0x0179, 0x017A, 0x017B, 0x017C, 0x017D, 0x017E,
    0x01A0, 0x01A1, 0x01AF, 0x01B0, 0x01FA, 0x01FB, 0x01FC, 0x01FD, 0x01FE, 0x01FF, 0x0219, 0x021A,
    0x021B, 0x0402, 0x0404, 0x0405, 0x0408, 0x0409, 0x040B, 0x040E, 0x0410, 0x0414, 0x0416, 0x0417,
    0x041B, 0x041E, 0x0421, 0x0422, 0x0423, 0x0424, 0x0425, 0x0427, 0x042A, 0x042D, 0x042F, 0x0430,
    0x0431, 0x0432, 0x0433, 0x0434, 0x0435, 0x0436, 0x0437, 0x0438, 0x0439, 0x043A, 0x043B, 0x043C,
    0x043D, 0x043E, 0x043F, 0x0440, 0x0441, 0x0442, 0x0443, 0x0444, 0x0445, 0x0446, 0x0447, 0x0448,
    0x0449, 0x044A, 0x044B, 0x044C, 0x044D, 0x044E, 0x044F, 0x0450, 0x0451, 0x0452, 0x0453, 0x0454,
    0x0455, 0x0457, 0x0458, 0x0459, 0x045A, 0x045B, 0x045C, 0x045D, 0x045E, 0x045F, 0x0460, 0x0461,
    0x0462, 0x0465, 0x0466, 0x0467, 0x0469, 0x046D, 0x046E, 0x0470, 0x0472, 0x0473, 0x0474, 0x0475,
    0x0476, 0x0477, 0x0478, 0x0479, 0x047A, 0x047B, 0x047C, 0x047D, 0x047E, 0x047F, 0x0480, 0x0481,
    0x048B, 0x048C, 0x048D, 0x048F, 0x0491, 0x0492, 0x0495, 0x0496, 0x0497, 0x0498, 0x0499, 0x049B,
    0x049D, 0x049F, 0x04A0, 0x04A1, 0x04A3, 0x04A5, 0x04A7, 0x04A8, 0x04A9, 0x04AA, 0x04AB, 0x04AC,
    0x04AD, 0x04AE, 0x04AF, 0x04B0, 0x04B1, 0x04B2, 0x04B3, 0x04B4, 0x04B5, 0x04B6, 0x04B7, 0x04B8,
    0x04B9, 0x04BB, 0x04BC, 0x04BD, 0x04BE, 0x04BF, 0x04C1, 0x04C2, 0x04C4, 0x04C5, 0x04C6, 0x04C8,
    0x04CA, 0x04CB, 0x04CC, 0x04CE, 0x04D0, 0x04D1, 0x04D2, 0x04D3, 0x04D4, 0x04D5, 0x04D7, 0x04D8,
    0x04D9, 0x04DA, 0x04DB, 0x04DC, 0x04DD, 0x04DE, 0x04DF, 0x04E3, 0x04E5, 0x04E6, 0x04E7, 0x04E8,
    0x04E9, 0x04EA, 0x04EB, 0x04EC, 0x04ED, 0x04EE, 0x04EF, 0x04F0, 0x04F1, 0x04F2, 0x04F3, 0x04F4,
    0x04F5, 0x04F7, 0x04F9, 0x04FA, 0x04FC, 0x04FD, 0x04FE, 0x04FF, 0x1EA0, 0x1EA1, 0x1EA2, 0x1EA3,
    0x1EA4, 0x1EA5, 0x1EA6, 0x1EA7, 0x1EA8, 0x1EA9, 0x1EAA, 0x1EAB, 0x1EAC, 0x1EAD, 0x1EAE, 0x1EAF,
    0x1EB0, 0x1EB1, 0x1EB2, 0x1EB3, 0x1EB4, 0x1EB5, 0x1EB6, 0x1EB7, 0x1EB9, 0x1EBB, 0x1EBD, 0x1EBF,
    0x1EC1, 0x1EC3, 0x1EC5, 0x1EC7, 0x1ECC, 0x1ECD, 0x1ECE, 0x1ECF, 0x1ED0, 0x1ED1, 0x1ED2, 0x1ED3,
    0x1ED4, 0x1ED5, 0x1ED6, 0x1ED7, 0x1ED8, 0x1ED9, 0x1EDA, 0x1EDB, 0x1EDC, 0x1EDD, 0x1EDE, 0x1EDF,
    0x1EE0, 0x1EE1, 0x1EE2, 0x1EE3, 0x1EE4, 0x1EE5, 0x1EE6, 0x1EE7, 0x1EE8, 0x1EE9, 0x1EEA, 0x1EEB,
    0x1EEC, 0x1EED, 0x1EEE, 0x1EEF, 0x1EF0, 0x1EF1, 0x1EF2, 0x1EF4, 0x1EF5, 0x1EF6, 0x1EF7, 0x1EF8,
    0x1EF9, 0x2013, 0x2014, 0x2015, 0x2018, 0x2019, 0x201A, 0x201C, 0x201D, 0x201E, 0x2026, 0x2039,
    0x203A, 0xFB00, 0xFB01, 0xFB02, 0xFB03, 0xFB04,
};

static const uint8_t notosans_12_regularKernRightClassIds[] = {
      1,   2,   3,   2,   4,   5,   6,   5,   7,   7,   8,   9,  10,  10,  11,  12,
     10,  10,  13,  14,  15,  15,  16,  17,  18,   4,  19,  20,  21,  21,  21,  22,
     23,  20,  24,  20,  20,  25,  25,  21,  25,  21,  25,  26,  22,  25,  27,  27,
     27,  27,  28,   4,  29,  30,   9,   9,   9,   9,   9,   9,  31,  10,  10,  10,
     10,  10,  10,  10,  14,  14,  14,  14,  17,  21,  19,  19,  19,  19,  19,  19,
     21,  21,  21,  21,  21,  21,  21,  21,  21,  21,  21,  25,  25,  25,  25,  27,
     20,  27,   9,  19,   9,  19,   9,  19,  10,  21,  10,  21,  10,  21,  10,  21,
     21,  21,  21,  21,  21,  21,  21,  10,  23,  10,  23,  10,  23,  10,  23,  20,
     32,  33,  20,  25,  20,  20,  20,  20,  25,  25,  25,  10,  21,  10,  21,  10,
     21,  10,  21,  25,  25,  26,  26,  13,  22,  13,  22,  13,  22,  14,  25,  14,
     25,  14,  25,  14,  25,  14,  25,  14,  25,  15,  27,  17,  27,  17,  18,  28,
     18,  28,  18,  28,  10,  21,  14,  25,   9,  19,  31,  19,  10,  21,  26,  13,
     22,  34,  35,  36,  37,  38,  34,  39,  40,  41,  42,  43,  38,  35,  35,  34,
     39,  44,  42,  45,  34,  43,  46,  47,  48,  49,  49,  50,  51,  52,  53,  49,
     49,  49,  54,  49,  49,  51,  49,  49,  51,  55,  56,  51,  52,  49,  57,  49,
     49,  55,  49,  49,  53,  49,  58,  51,  51,  59,  49,  51,  60,  61,  62,  54,
     49,  59,  49,  49,  56,  49,  63,  64,  65,  66,  40,  50,  66,  66,  43,  45,
     63,  47,  67,  64,  67,  64,  63,  47,  63,  47,  63,  47,  63,  64,  63,  47,
     66,  65,  59,  66,  66,  65,  66,  42,  52,  43,  53,  66,  66,  59,  68,  55,
     66,  66,  66,  63,  47,  63,  47,  34,  55,  69,  70,  69,  70,  42,  52,  68,
     55,  45,  57,  45,  57,  66,  71,  72,  71,  72,  42,  52,  66,  73,  50,  66,
     66,  45,  57,  66,  40,  74,  40,  74,  40,  74,  47,  75,  74,  75,  74,  42,
     52,  43,  53,  49,  49,  63,  47,  63,  47,  63,  47,  43,  53,  39,  56,  39,
     56,  39,  56,  45,  57,  66,  49,  65,  42,  52,  42,  52,   9,  19,   9,  19,
      9,  19,   9,  19,   9,  19,   9,  19,   9,  19,   9,  19,   9,  19,   9,  19,
      9,  19,   9,  19,  21,  21,  21,  21,  21,  21,  21,  21,  10,  21,  10,  21,
     10,  21,  10,  21,  10,  21,  10,  21,  10,  21,  10,  21,  10,  21,  10,  21,
     10,  21,  10,  21,  14,  25,  14,  25,  14,  25,  14,  25,  14,  25,  14,  25,
     14,  25,  17,  17,  27,  17,  27,  17,  27,   6,   6,   6,  76,   2,   5,  76,
      2,   5,   5,  29,  30,  22,  22,  22,  22,  22,
};

static const uint16_t notosans_12_regularKernRowOffsets[] = {
        0,    29,    32,    37,    54,    61,    66,    72,    73,    75,    82,    83,    87,    93,   100,   101,
      117,   119,   130,   143,   145,   146,   147,   150,   151,   154,   159,   162,   163,   167,   173,   182,
      186,   187,   193,   200,   202,   203,   208,   214,   217,   227,   230,   231,   244,   269,   275,   277,
      288,   303,   332,   351,   353,   357,   369,   385,   402,   420,   426,   437,   445,   456,   468,   479,
      491,   493,   497,   509,   527,   533,   537,   541,   543,   548,   550,   557,   565,   568,   593,   600,
      616,   619,   624,   626,   638,   640,   643,   646,
};

static const uint8_t notosans_12_regularKernSparseCols[] = {
      8,  12,  14,  16,  18,  20,  22,  24,  25,  30,  32,  33,  37,  38,  39,  40,
     41,  43,  46,  49,  52,  53,  54,  55,  58,  60,  67,  72,  73,  12,  14,  16,
     11,  23,  36,  43,  61,   9,  12,  13,  14,  16,  33,  36,  38,  43,  44,  54,
     56,  62,  66,  67,  68,  70,  12,  33,  38,  41,  51,  54,  67,  33,  41,  43,
     44,  56,   1,   9,  11,  12,  14,  16,   4,   9,  28,   4,   8,  12,  14,  15,
     16,  17,  11,   3,   4,   7,   8,   1,   9,  12,  13,  14,  16,   2,   4,   8,
     15,  17,  28,  30,  28,   2,   4,   5,   7,   8,   9,  12,  18,  20,  22,  24,
     25,  26,  27,  28,  29,   4,   8,   4,   7,   8,   9,  18,  20,  22,  24,  25,
     28,  29,   2,   4,   7,   8,   9,  18,  20,  22,  24,  25,  27,  28,  29,   9,
     28,  11,   1,   1,  26,  27,   1,   1,   3,   4,   1,   4,  18,  20,  22,   1,
      4,   7,  20,  11,  12,  14,  16,  12,  14,  16,  33,  39,  67,  12,  14,  15,
     16,  33,  38,  41,  44,  67,  11,  12,  14,  16,   3,   1,   9,  11,  12,  14,
     16,   0,   1,   3,   7,  19,  31,  75,   3,  32,  11,   0,   1,   3,   7,  75,
      8,  10,  12,  14,  15,  16,  19,  21,  26,   8,   9,  10,  12,  14,  15,  16,
     18,  20,  22,  19,  21,  26,  36,   1,  33,  38,  44,  54,  55,  56,  64,  66,
     67,  68,  69,  75,   1,   4,   5,   6,  29,  33,  34,  37,  39,  40,  43,  46,
     47,  48,  49,  50,  51,  52,  53,  54,  55,  56,  57,  59,  67,  28,  34,  43,
     56,  62,  70,   4,  43,   1,   4,  33,  38,  44,  51,  54,  55,  57,  67,  75,
      1,   5,   6,  28,  34,  43,  44,  46,  47,  50,  54,  55,  56,  62,  70,   1,
      4,   5,   6,  28,  29,  34,  35,  37,  39,  40,  43,  45,  46,  47,  48,  49,
     50,  51,  52,  53,  56,  57,  58,  59,  62,  70,  71,  72,   1,  29,  33,  34,
     36,  38,  43,  44,  50,  54,  55,  56,  64,  66,  67,  68,  70,  74,  75,  51,
     55,   3,  51,  56,  57,   4,  36,  37,  40,  43,  44,  49,  53,  54,  55,  56,
     61,   4,  33,  37,  38,  39,  40,  41,  42,  49,  51,  53,  57,  66,  67,  68,
     72,   4,   5,   6,  28,  29,  37,  38,  39,  40,  41,  43,  46,  49,  50,  53,
     57,  72,   1,   3,   4,   6,  33,  35,  37,  38,  39,  40,  41,  42,  45,  49,
     51,  53,  57,  67,   1,  33,  38,  51,  54,  55,  33,  38,  39,  41,  45,  49,
     51,  54,  55,  56,  57,   3,  33,  38,  41,  45,  51,  54,  55,   1,   4,   5,
     37,  39,  40,  41,  49,  50,  53,  75,   1,   4,  33,  36,  37,  40,  44,  49,
     53,  54,  56,  61,  33,  38,  39,  41,  45,  49,  51,  54,  55,  56,  57,   5,
     33,  34,  38,  43,  44,  46,  50,  56,  57,  71,  75,  33,  58,   1,  33,  50,
     57,   1,   4,  37,  39,  40,  41,  46,  49,  50,  53,  57,  75,   1,   6,  33,
     38,  39,  41,  43,  44,  45,  51,  54,  55,  56,  57,  63,  69,  71,  75,   1,
     33,  36,  54,  55,  61,  33,  38,  45,  57,   1,  33,  58,  60,  36,  61,   1,
     33,  36,  54,  55,   4,  49,   1,  33,  44,  54,  66,  67,  68,   1,  46,  54,
     55,  56,  63,  69,  71,   4,  66,  68,   4,   5,  28,  29,  33,  34,  37,  39,
     40,  43,  46,  49,  51,  52,  54,  55,  56,  62,  63,  65,  69,  70,  71,  72,
     73,   4,   5,  39,  46,  49,  50,  53,   4,   5,  33,  39,  46,  49,  51,  52,
     56,  58,  62,  65,  67,  70,  71,  72,   4,  46,  49,  54,  56,  62,  70,  71,
     46,  56,   4,  39,  46,  49,  56,  58,  62,  65,  71,  72,  73,  74,   4,  49,
     33,  66,  68,   1,  51,  55,
};

static const int8_t notosans_12_regularKernSparseValues[] = {
     -28,    8,    8,    4,  -16,  -24,  -12,  -12,  -12,  -32,   28,    8,  -12,    8,  -28,  -24,
       8,   -4,  -16,  -28,    8,  -20,   12,    8,   12,   12,    8,  -24,   -8,  -24,   -8,  -12,
      36,   16,   40,  -12,   24,  -20,  -28,   -8,  -24,  -24,  -20,   24,   -8,  -16,  -32,  -16,
     -24,  -20,  -24,  -28,  -24,  -24,  -16,  -16,   -8,   -4,   -4,   -8,  -16,  -12,   -4,   -4,
      -4,   -4,  -28,   -8,   20,  -28,  -16,  -24,   -4,   -8,   -8,  -16,   -8,  -12,   -4,   -8,
      -4,   -4,   24,    8,  -24,    8,   -8,  -32,   -8,   -8,   -4,   -8,  -12,   -4,  -52,  -20,
      -8,   -4,   -8,  -12,   -4,   -8,  -24,  -16,    8,  -28,   -8,    8,  -32,  -28,  -28,  -20,
     -24,   -8,  -16,  -24,  -12,   -8,   -4,  -20,    8,  -16,   -4,   -8,   -8,   -4,   -4,   -4,
     -12,   -4,  -12,  -24,    8,  -24,   -8,  -20,  -20,  -20,  -12,  -16,   -8,  -32,  -12,   -4,
      -8,   38,   -4,   -4,   -8,   -4,    8,   24,   16,   -8,   16,  -64,   -8,   -8,   -4,   16,
     -16,    8,   -8,   20,   -8,   -4,  -12,  -12,   -4,  -12,  -12,   -4,   -4,  -24,  -12,   -8,
     -32,  -24,   -8,   -8,   -8,  -16,   40,  -16,  -12,  -16,   20,  -28,   -8,   44,  -28,  -16,
     -24,   20,   20,   36,   36,   12,   28,   28,   20,   52,   20,   28,   44,   48,   44,   28,
      -8,    8,   24,   28,   20,   24,    8,   16,   20,  -12,   -4,    8,   28,   28,   20,   24,
     -12,   -8,   -8,    8,   20,   20,   20,  -28,  -20,   -8,  -12,   -8,   -8,   -8,   -8,  -16,
     -24,  -20,   -8,  -12,    8,  -20,  -16,  -12,  -12,    8,   -8,  -10,  -28,  -10,  -14,  -16,
      -8,  -12,  -16,  -16,   -4,   -4,  -12,   -4,   -8,  -12,  -16,   -8,    4,   -8,   -8,  -12,
      -8,   -8,   -8,   -8,   -4,  -36,   -4,  -24,   -8,  -12,   -8,   -8,   -8,   -8,  -12,  -24,
       8,   -4,   -4,   -8,   -8,  -16,   -4,   -4,   -8,   -8,   -4,   -4,   -8,   -8,  -20,    8,
     -28,   -8,   -4,  -20,   -8,  -16,   -8,  -36,  -48,  -40,  -12,  -12,  -20,  -16,   -4,  -40,
     -24,  -12,   -8,  -20,   -8,  -20,   20,  -12,   -4,   -8,  -12,  -20,  -28,   -4,  -28,   -8,
      20,  -12,  -14,  -24,   -4,  -12,   -8,  -12,   -8,  -16,  -20,  -24,  -20,   -4,  -16,   -4,
      -4,  -10,   -4,   -6,   -4,   12,   36,   12,   16,   -4,  -10,   12,   12,   -4,   12,   -8,
      28,  -16,   -8,   -4,  -16,   -8,   -4,   -8,   -4,   -4,   -6,   -4,   -4,   -4,   -4,   -4,
      -8,  -52,   -4,   -4,   -8,   -4,  -24,   -8,  -20,  -24,   -8,   -4,  -10,  -20,   -4,  -16,
      -4,  -24,   -4,  -12,  -16,   -4,  -14,   -4,  -10,  -12,  -14,  -12,  -16,  -12,   -4,  -10,
      -6,   -6,   -4,   -8,   -4,  -16,  -16,   -8,   -4,   -4,  -24,  -16,   -4,  -12,   -8,   -4,
      -8,   -4,  -12,   -4,   -4,   -4,  -12,   -4,   -4,   -4,   -8,   -4,   -4,   12,  -16,   -8,
      -8,  -12,  -12,   -4,  -16,   -4,  -12,   16,   -4,    8,  -12,   40,    8,   12,   -6,    8,
      10,   -6,  -12,   24,  -16,  -16,   -4,   -8,   -8,   -4,   -8,   -4,  -12,   -4,   -4,   -4,
      -4,   -6,   -4,   -6,   -4,   -8,   -8,   -8,   -4,   -8,   12,  -12,   -2,    8,   -8,   -4,
      -4,    8,  -16,   -8,   -8,  -12,   -4,   -4,  -20,  -12,  -20,  -12,   16,  -32,   -4,  -24,
      -8,   -4,   -4,   -4,  -28,   -8,   -8,  -24,  -18,  -16,   -8,   -8,  -12,   -8,  -12,   -4,
     -16,   32,  -12,  -20,    8,   -8,  -12,   -4,   -8,   12,    8,   12,    4,   12,    8,   -4,
     -16,   16,  -12,  -20,  -16,   -8,  -16,  -16,  -16,   -8,  -12,   -8,  -12,  -28,   -8,  -20,
     -12,  -12,   -8,   -8,   -8,  -16,   -4,   -4,  -24,  -16,  -24,  -12,    8,   -8,  -16,  -28,
     -20,  -14,  -28,  -24,   -8,   -8,  -16,  -16,  -20,   -8,   -8,  -20,  -16,  -20,  -28,  -20,
     -32,  -20,   -8,  -12,   -4,  -16,   -4,  -12,  -20,   -8,    8,  -24,  -16,  -20,   -8,   -8,
     -20,    8,   -8,  -12,    8,   -8,  -12,  -16,  -12,   -8,  -12,   -8,  -20,   -8,  -20,   -8,
      -4,   -4,  -24,  -24,  -20,  -20,  -16,    8,   -8,  -12,  -16,  -16,  -16,   -4,  -16,   -4,
      -8,   -4,   -4,   -4,   -8,   -4,
};

static const EpdLigaturePair notosans_12_regularLigaturePairs[] = {
    { 0x00660066, 0xFB00 }, // f f -> U+FB00
    { 0x00660069, 0xFB01 }, // f i -> U+FB01
    { 0x0066006C, 0xFB02 }, // f l -> U+FB02
    { 0xFB000069, 0xFB03 }, // U+FB00 i -> U+FB03
    { 0xFB00006C, 0xFB04 }, // U+FB00 l -> U+FB04
};

static const EpdFontData notosans_12_regular = {
    notosans_12_regularBitmaps,
    notosans_12_regularGlyphs,
    notosans_12_regularIntervals,
    18,
    34,
    27,
    -8,
    true,
    notosans_12_regularGroups,
    13,
    nullptr,
    nullptr,  // kernLeftClasses: built-in fonts use the split arrays below
    nullptr,  // kernRightClasses
    notosans_12_regularKernLeftCodepoints,
    notosans_12_regularKernLeftClassIds,
    notosans_12_regularKernRightCodepoints,
    notosans_12_regularKernRightClassIds,
    nullptr,  // kernMatrix: built-in fonts use the sparse form below
    notosans_12_regularKernRowOffsets,
    notosans_12_regularKernSparseCols,
    notosans_12_regularKernSparseValues,
    478,
    474,
    87,
    76,
    notosans_12_regularLigaturePairs,
    5,
};
