/**
 * generated by fontconvert.py
 * name: notosans_16_bolditalic
 * size: 16
 * mode: 2-bit  compressed: true
 * Command used: fontconvert.py notosans_16_bolditalic 16 ../builtinFonts/source/NotoSans/NotoSans-BoldItalic.ttf --2bit --compress --pnum --zopfli --mono
 */
#pragma once
#include "EpdFontData.h"

static const uint8_t notosans_16_bolditalicBitmaps[22517] = {
    0x94, 0x96, 0x51, 0x8A, 0xDC, 0xCC, 0x0E, 0x85, 0x0F, 0xE8, 0x35, 0xA0, 0xAD, 0x64, 0x01, 0x01,
    0x6D, 0xBD, 0x60, 0x16, 0x90, 0xAD, 0x08, 0xFA, 0x55, 0xF0, 0xDD, 0x52, 0xB9, 0x6C, 0x7B, 0xA6,
    0x6F, 0x13, 0x7E, 0x47, 0xE7, 0x3B, 0x13, 0x8F, 0x5A, 0xB2, 0xCA, 0xAE, 0x71, 0x4B, 0x52, 0x94,
    0x22, 0x3B, 0x98, 0x31, 0x1E, 0x21, 0xBB, 0xA2, 0x76, 0x78, 0xE9, 0x3A, 0xFC, 0xFA, 0x50, 0x2A,
    0x86, 0x22, 0xE9, 0x18, 0xC4, 0xD7, 0x8C, 0x0A, 0xEB, 0xC0, 0x72, 0x86, 0x84, 0x55, 0x23, 0xA5,
    0xF2, 0x94, 0x6D, 0x0C, 0x59, 0x2E, 0xC4, 0x70, 0x80, 0x1B, 0xBF, 0x63, 0x20, 0xC5, 0xA8, 0x09,
    0x35, 0xAC, 0x04, 0x50, 0x37, 0xFE, 0x4F, 0x11, 0xF9, 0x86, 0xE4, 0x03, 0xA9, 0xED, 0x44, 0x4C,
    0x38, 0x48, 0xC0, 0x30, 0x40, 0x46, 0x21, 0xAF, 0x3F, 0xD6, 0xD0, 0x01, 0xA3, 0x36, 0x04, 0x43,
    0x0A, 0xF2, 0x79, 0xD2, 0xBE, 0x38, 0x30, 0x1A, 0xF8, 0xDF, 0x12, 0xB0, 0x90, 0x8D, 0x21, 0xB5,
    0x14, 0x53, 0xFA, 0x73, 0x21, 0xC6, 0x5A, 0x3E, 0x52, 0x3E, 0x83, 0x6A, 0x0B, 0x6A, 0xAD, 0xDA,
    0x57, 0x09, 0x89, 0xAF, 0x3A, 0x56, 0xE8, 0x34, 0xCF, 0x65, 0x31, 0x24, 0xBC, 0x42, 0x6D, 0x49,
    0x20, 0x78, 0x15, 0x6D, 0x7F, 0x5F, 0x30, 0x02, 0xFF, 0xAA, 0x18, 0x9E, 0xF1, 0x77, 0xE7, 0xE6,
    0x6A, 0x76, 0x58, 0x2E, 0xF3, 0x69, 0x0C, 0x75, 0x16, 0x12, 0xF2, 0x17, 0x52, 0xC9, 0x39, 0xEE,
    0xE8, 0x71, 0x55, 0x76, 0x5C, 0x77, 0x4E, 0x18, 0x4C, 0xFA, 0x9E, 0x7F, 0x31, 0xA3, 0x39, 0x9E,
    0xA4, 0xF9, 0x85, 0x26, 0xA9, 0xC5, 0x5C, 0x54, 0xA4, 0xD1, 0x74, 0x18, 0x8C, 0xA8, 0xC5, 0x8C,
    0x17, 0x9A, 0x4E, 0x4D, 0xFA, 0xA2, 0x91, 0x22, 0xBB, 0x2F, 0x40, 0x2A, 0x80, 0x92, 0xC3, 0xDF,
    0x92, 0x51, 0x8E, 0x22, 0xBB, 0xF1, 0xFA, 0xA7, 0x10, 0x42, 0x12, 0x43, 0x86, 0xE4, 0x35, 0x95,
    0xC7, 0x5D, 0xA5, 0x25, 0x59, 0xB5, 0x1E, 0xBF, 0x6A, 0x8D, 0x5B, 0xFC, 0x94, 0xB6, 0xC6, 0xA1,
    0xF8, 0x21, 0xCF, 0xA5, 0x46, 0x87, 0xD5, 0x19, 0x74, 0xE8, 0x2D, 0x7E, 0x6C, 0x16, 0x3F, 0xEE,
    0x72, 0xC7, 0xBD, 0x99, 0x8E, 0x73, 0x63, 0xF5, 0xB3, 0xBA, 0xF4, 0xDB, 0x52, 0x31, 0xC5, 0x6B,
    0x0A, 0x30, 0x40, 0x41, 0x89, 0xFC, 0xE3, 0xD3, 0xE2, 0x35, 0x95, 0xC8, 0x07, 0x32, 0x21, 0x69,
    0x5D, 0xDF, 0x47, 0xF1, 0x38, 0x3E, 0xE5, 0x18, 0x86, 0x95, 0x97, 0xAF, 0x87, 0x84, 0xC1, 0x0E,
    0xD1, 0x7D, 0x22, 0x49, 0xD6, 0x5D, 0xD7, 0x02, 0x0B, 0x53, 0xD6, 0xF0, 0x6A, 0xE4, 0x44, 0xE4,
    0x7B, 0xC6, 0x42, 0xED, 0xB4, 0x7F, 0x67, 0xDC, 0x85, 0xEE, 0x0C, 0xC9, 0x18, 0x0A, 0x52, 0x50,
    0x06, 0x18, 0x86, 0x97, 0x11, 0xAD, 0xD4, 0x94, 0x41, 0x6B, 0xFC, 0x3F, 0x79, 0xA1, 0xAD, 0x9E,
    0x64, 0x90, 0xC0, 0x88, 0xBD, 0xA8, 0xC6, 0xD9, 0x90, 0x21, 0x9F, 0x8A, 0xE3, 0x53, 0x31, 0x45,
    0xA1, 0x78, 0x21, 0x37, 0xF4, 0x6B, 0xEA, 0x7E, 0xD8, 0x9E, 0x4A, 0x29, 0x7E, 0x88, 0xF1, 0x5D,
    0x8A, 0x92, 0x8C, 0x55, 0x9D, 0x14, 0x8D, 0x48, 0x4A, 0xA1, 0x28, 0xFD, 0x92, 0x3F, 0x17, 0xE8,
    0x31, 0xBE, 0x35, 0x9C, 0x5D, 0x40, 0xA4, 0x64, 0xCF, 0xFF, 0x3D, 0x13, 0xF6, 0x50, 0x68, 0x01,
    0x60, 0xE7, 0x04, 0xC8, 0x80, 0xA1, 0x85, 0xD0, 0xC4, 0x6F, 0xF1, 0x68, 0xB4, 0xE1, 0xB4, 0x4A,
    0x0A, 0x46, 0x23, 0x1B, 0xA5, 0xDD, 0xC0, 0xDE, 0x90, 0x72, 0x7E, 0xFC, 0xC5, 0xDB, 0x1F, 0xD8,
    0x95, 0xEF, 0x2B, 0x6C, 0x44, 0x83, 0x03, 0x92, 0xD5, 0x84, 0x83, 0xD6, 0x0A, 0x8B, 0x2F, 0x64,
    0xAC, 0xCD, 0xB2, 0xF6, 0xCA, 0x44, 0x34, 0x00, 0xC6, 0x0F, 0x3C, 0x1F, 0xA3, 0xC6, 0x73, 0x02,
    0xF2, 0x40, 0x6C, 0x8C, 0x03, 0xDC, 0x69, 0xDA, 0x30, 0x58, 0xC8, 0x46, 0x35, 0x90, 0xC6, 0x87,
    0x51, 0x25, 0x47, 0xA9, 0xA8, 0x0F, 0xF3, 0x3A, 0x43, 0xC6, 0x84, 0xDF, 0x2D, 0x6B, 0x0D, 0xFF,
    0xBE, 0x49, 0x5E, 0xC7, 0x95, 0xD5, 0x05, 0x44, 0xDA, 0x89, 0xF1, 0x40, 0x4D, 0xAC, 0x85, 0x88,
    0x89, 0x6B, 0x2A, 0x67, 0x35, 0x2B, 0xC9, 0x81, 0xFC, 0x8E, 0x11, 0x70, 0x37, 0xE5, 0xF3, 0x63,
    0xF5, 0xB8, 0xAC, 0xB8, 0x32, 0xF8, 0x96, 0xE1, 0x1F, 0x32, 0xB6, 0x39, 0x68, 0x8F, 0xBA, 0x30,
    0xD6, 0x00, 0x71, 0x63, 0x9D, 0x9B, 0x38, 0xF2, 0x6A, 0x3F, 0x06, 0xD7, 0x8A, 0x7B, 0x79, 0x9D,
    0x99, 0xCF, 0xC9, 0xF7, 0xB9, 0x8A, 0xBD, 0x42, 0x0E, 0x29, 0x71, 0x0E, 0x04, 0x69, 0x50, 0xDE,
    0x9A, 0xEC, 0xE4, 0xA5, 0xEF, 0x7B, 0x9E, 0xC8, 0x20, 0x60, 0xEA, 0x55, 0xCE, 0xDF, 0x52, 0x3D,
    0x37, 0x2B, 0x43, 0xC6, 0x00, 0x04, 0x25, 0xC8, 0xA3, 0x3E, 0xC3, 0xCE, 0x10, 0xFA, 0x74, 0xF8,
    0xF8, 0xF6, 0x55, 0x47, 0x3D, 0xC6, 0x19, 0x9E, 0xFA, 0x7C, 0x18, 0x1D, 0xFE, 0x7C, 0x1D, 0x9C,
    0x7D, 0x6C, 0x2A, 0xA6, 0x31, 0x8D, 0x69, 0x35, 0x6D, 0x6C, 0xD3, 0x34, 0x9D, 0xFB, 0xC6, 0xC9,
    0xF3, 0x87, 0x92, 0x60, 0xDF, 0xC8, 0x58, 0xE5, 0x7F, 0x1C, 0x7A, 0x1C, 0x3C, 0x8E, 0x21, 0x29,
    0xA7, 0x68, 0xE5, 0xA3, 0x6E, 0x20, 0xD9, 0xFE, 0x61, 0x2F, 0xF6, 0xB4, 0x34, 0xF8, 0x76, 0x1D,
    0xD3, 0x34, 0xF6, 0x63, 0x10, 0x20, 0x0E, 0x8D, 0x10, 0xE3, 0xF7, 0x94, 0xB6, 0xCE, 0x71, 0x44,
    0xC9, 0x18, 0xAB, 0xE2, 0xF3, 0x2E, 0x3C, 0x8F, 0xD0, 0xFB, 0x0B, 0x59, 0x92, 0x65, 0xD3, 0xA1,
    0x1D, 0xA8, 0x35, 0x38, 0x1C, 0xCF, 0x24, 0xA3, 0x43, 0x9E, 0x86, 0x96, 0x95, 0xE0, 0xAB, 0x3C,
    0x1D, 0xAC, 0x7C, 0x44, 0x5B, 0x0C, 0xC6, 0x61, 0x6A, 0xB3, 0x52, 0x2D, 0xB3, 0xCB, 0x92, 0x36,
    0x4F, 0x1A, 0x3E, 0xC2, 0x2A, 0x8A, 0x69, 0x00, 0x8A, 0x41, 0x52, 0xD3, 0x7C, 0xFE, 0x3B, 0xEF,
    0xAF, 0xD7, 0xF5, 0x5E, 0xAA, 0xEB, 0xC2, 0xE4, 0x87, 0x09, 0x9A, 0x12, 0x79, 0xD1, 0xA8, 0x8B,
    0x7E, 0xF0, 0xD5, 0x8C, 0x83, 0x5F, 0x4D, 0x0E, 0xDA, 0xA4, 0x1D, 0xAC, 0xA6, 0x97, 0x71, 0xCE,
    0x18, 0x30, 0xC9, 0x4D, 0xDB, 0x94, 0x90, 0xD7, 0xC5, 0xFD, 0x90, 0x1F, 0x64, 0x34, 0x15, 0x8C,
    0x7B, 0xBF, 0x66, 0xA3, 0x36, 0x86, 0x1F, 0x30, 0x74, 0x83, 0x34, 0x60, 0xAC, 0x99, 0x26, 0x68,
    0x5C, 0x99, 0x47, 0xED, 0xC8, 0x09, 0xC6, 0x86, 0x4D, 0x00, 0x62, 0x23, 0x1B, 0xD2, 0xF9, 0x54,
    0x81, 0xE2, 0x6C, 0x69, 0x94, 0x77, 0xBE, 0x7E, 0xBF, 0xFF, 0x8D, 0xD9, 0x60, 0xFC, 0x1B, 0x2B,
    0xB9, 0xF4, 0xE7, 0x28, 0xEC, 0x0D, 0x6B, 0x88, 0xFD, 0x0C, 0x37, 0x26, 0xDF, 0xE7, 0x65, 0xC2,
    0x30, 0xF4, 0x06, 0x5F, 0xA8, 0x07, 0x7C, 0xA1, 0x7A, 0xDE, 0x0B, 0x64, 0x64, 0xDC, 0xF3, 0xD6,
    0xD9, 0xA2, 0x8E, 0x96, 0x79, 0x80, 0x8D, 0xB1, 0x70, 0x5F, 0xB9, 0xA1, 0x1B, 0x36, 0x41, 0xC9,
    0x7F, 0xE0, 0xFD, 0x1B, 0xC1, 0x13, 0xEF, 0xD5, 0xFF, 0x73, 0xDF, 0x0D, 0x7F, 0x6B, 0x9E, 0xEF,
    0x7D, 0x3F, 0xDF, 0x99, 0xC7, 0xCB, 0x0F, 0x79, 0x03, 0xC0, 0xC0, 0xCA, 0x18, 0xFA, 0xF5, 0xF1,
    0x1D, 0x42, 0x3A, 0xC5, 0xB8, 0x11, 0x24, 0x43, 0xF1, 0x44, 0x4E, 0x44, 0x69, 0xBF, 0xD4, 0xBC,
    0x61, 0xF7, 0x5B, 0x37, 0xF2, 0x0E, 0xC6, 0x93, 0x3F, 0xC2, 0xD0, 0x93, 0x2B, 0x00, 0xF9, 0x3B,
    0xEB, 0x8E, 0xC8, 0x27, 0xEF, 0xF8, 0xD4, 0x50, 0x41, 0x5D, 0x82, 0xD4, 0xA7, 0x2F, 0x8C, 0xAD,
    0xF8, 0xF7, 0x97, 0x46, 0x27, 0x8F, 0x52, 0x5B, 0x3A, 0x0B, 0x7E, 0x2C, 0x1C, 0xF5, 0xCF, 0xA2,
    0xAD, 0xB7, 0x32, 0x7C, 0x2B, 0x31, 0x48, 0xB1, 0x34, 0x04, 0xE7, 0x2E, 0xCB, 0xF6, 0x73, 0x56,
    0x5B, 0x74, 0x34, 0x19, 0xD5, 0x24, 0x27, 0x6D, 0x15, 0x3F, 0xCA, 0x7A, 0x35, 0x63, 0x91, 0xEC,
    0xE2, 0x8C, 0x49, 0x9E, 0x8C, 0x75, 0xBE, 0x19, 0x19, 0xD5, 0xF4, 0x27, 0x69, 0x7E, 0xBF, 0x77,
    0x43, 0x2B, 0x3E, 0x8F, 0x77, 0x8F, 0xF5, 0xDF, 0x96, 0x1F, 0x92, 0x43, 0xA3, 0x75, 0x2C, 0x25,
    0xA7, 0x31, 0x0D, 0x3A, 0xB6, 0x19, 0xF5, 0x30, 0x7F, 0x95, 0xB5, 0x51, 0x56, 0x28, 0xFE, 0x6E,
    0xCB, 0x36, 0x3C, 0xBD, 0x2D, 0xDA, 0xAC, 0x4E, 0x1B, 0x9E, 0x78, 0x6E, 0x63, 0x44, 0x46, 0x8C,
    0xDB, 0x46, 0x20, 0x74, 0x5B, 0x19, 0xE2, 0xB2, 0x6C, 0xD3, 0xB4, 0x7D, 0xCB, 0x69, 0x1A, 0xE2,
    0x20, 0x27, 0xEB, 0xE2, 0xF0, 0xB2, 0xC5, 0xA3, 0xF3, 0xC5, 0x8C, 0xF4, 0x4D, 0x3F, 0xB8, 0x7E,
    0xE3, 0x57, 0x56, 0xF7, 0xE2, 0xA2, 0x40, 0x31, 0xFE, 0xD7, 0x9B, 0xB9, 0xDE, 0x4E, 0x0E, 0x83,
    0x40, 0xDC, 0x92, 0x0B, 0xA0, 0x95, 0xEB, 0xC0, 0xAD, 0x5B, 0xDA, 0x02, 0xD2, 0x0A, 0xD2, 0xFF,
    0x2B, 0x12, 0x27, 0x0F, 0x13, 0xBC, 0x5C, 0xB2, 0xD1, 0xBD, 0x77, 0xE3, 0x1F, 0xDA, 0x27, 0x8E,
    0x43, 0xC2, 0x40, 0x92, 0x88, 0xFE, 0xE4, 0x79, 0x82, 0x53, 0x5A, 0xC7, 0xA2, 0x5A, 0x66, 0x29,
    0x1B, 0x8B, 0xB3, 0x23, 0x6C, 0x16, 0x2D, 0xF3, 0x13, 0xE9, 0xC1, 0x59, 0xD8, 0xC9, 0x96, 0x94,
    0xA0, 0x35, 0xD7, 0x90, 0x5C, 0x14, 0x21, 0xF8, 0x88, 0x92, 0x3E, 0x1B, 0x36, 0x37, 0x39, 0x40,
    0x9F, 0x72, 0x1E, 0x30, 0xA0, 0x2B, 0xB7, 0xA4, 0x3E, 0x2F, 0x8C, 0xF6, 0x2B, 0xD7, 0xC4, 0x61,
    0xFF, 0x7B, 0x1D, 0xFA, 0xA7, 0x75, 0xD0, 0x9C, 0x4F, 0x93, 0xA0, 0x2F, 0x76, 0x92, 0x42, 0x8E,
    0x5F, 0xE1, 0x5A, 0xA5, 0x48, 0x98, 0xC0, 0xA8, 0x6B, 0xB5, 0x35, 0x3E, 0x8B, 0x8E, 0x85, 0x92,
    0x3F, 0x86, 0xE2, 0x3C, 0x2E, 0xC8, 0xDF, 0xCC, 0xD8, 0x9B, 0x80, 0xD2, 0x39, 0x5C, 0xEE, 0x66,
    0xDC, 0xF4, 0xF7, 0xBA, 0xC9, 0x09, 0x56, 0x2E, 0x14, 0x83, 0x8D, 0x35, 0xA5, 0xEC, 0x37, 0x81,
    0x41, 0xCC, 0x05, 0x6D, 0xCC, 0x85, 0x89, 0xB3, 0xB4, 0x2D, 0x45, 0x65, 0x4B, 0x5C, 0x8F, 0x2D,
    0x30, 0x89, 0xE7, 0x6C, 0xCA, 0x39, 0xDF, 0x82, 0x7F, 0x77, 0x9F, 0x93, 0xEA, 0x26, 0x56, 0x98,
    0xDB, 0x78, 0xC8, 0x4C, 0x0F, 0x49, 0x10, 0x52, 0x6B, 0x70, 0xD7, 0x59, 0x38, 0xE6, 0x12, 0x22,
    0x8A, 0x80, 0x92, 0x7E, 0x7D, 0x12, 0xA8, 0xCF, 0x00, 0xB1, 0x13, 0x43, 0x4F, 0xF8, 0x0C, 0xA0,
    0x88, 0x27, 0x2C, 0xCB, 0x3D, 0x4D, 0xCC, 0x44, 0x0B, 0x60, 0x9E, 0xF4, 0x85, 0x6D, 0xDB, 0x0E,
    0xA7, 0xDB, 0xCA, 0x59, 0x0A, 0x9F, 0xCA, 0xD3, 0xA7, 0x68, 0xD8, 0xB1, 0xAC, 0x9F, 0x16, 0x33,
    0x49, 0xFB, 0x82, 0xE4, 0x87, 0x7D, 0x2D, 0x7B, 0xE8, 0x78, 0x59, 0xD8, 0x63, 0x59, 0x0F, 0xBB,
    0xFE, 0xE5, 0x58, 0xF1, 0x30, 0x26, 0xE3, 0x62, 0xBD, 0x05, 0x2B, 0xB0, 0x86, 0xF9, 0x6E, 0x4B,
    0x7D, 0xB4, 0xD8, 0xB1, 0x6E, 0xCC, 0xA0, 0x78, 0x1B, 0x41, 0x0E, 0xE3, 0x30, 0x08, 0x58, 0x74,
    0x37, 0x96, 0x39, 0x58, 0x1E, 0xC0, 0xC0, 0x1B, 0xFC, 0x87, 0x69, 0x6F, 0xC6, 0x79, 0x72, 0xE2,
    0x33, 0xA1, 0x31, 0x46, 0x37, 0xA3, 0x32, 0xFC, 0xCC, 0xC8, 0xB1, 0x70, 0x2E, 0x61, 0x38, 0x53,
    0x4A, 0x10, 0x64, 0x33, 0x44, 0xC1, 0x98, 0x4C, 0x1F, 0x40, 0x9C, 0x96, 0xA2, 0x23, 0xC4, 0x2D,
    0x83, 0x80, 0x57, 0x8E, 0x6C, 0x73, 0x2B, 0xF0, 0x3B, 0x61, 0x8F, 0x80, 0xAB, 0xA0, 0x56, 0x4E,
    0x05, 0x78, 0x69, 0x70, 0x8D, 0x9F, 0x7F, 0x5F, 0xF0, 0xFE, 0xDD, 0xE9, 0x8B, 0xCE, 0xFA, 0x1E,
    0xB7, 0xED, 0xDF, 0xDD, 0x29, 0x2E, 0xA3, 0xAF, 0x61, 0xD7, 0xEE, 0x31, 0x47, 0xFD, 0xAB, 0x48,
    0x7C, 0xA1, 0x0A, 0xF8, 0x64, 0xBE, 0xDE, 0x4F, 0x95, 0xFD, 0xB4, 0x9E, 0x4F, 0xCE, 0x6D, 0xF2,
    0x4F, 0x9E, 0x27, 0xF3, 0x69, 0x42, 0x3F, 0xB1, 0x5F, 0xBE, 0x07, 0x4B, 0x6C, 0x96, 0xD9, 0x9D,
    0x03, 0x73, 0x38, 0xB4, 0x8D, 0x97, 0xE2, 0x86, 0x0C, 0xE7, 0x27, 0xDA, 0x4C, 0x66, 0xB3, 0xC8,
    0xF3, 0x18, 0x23, 0xF5, 0x11, 0xF7, 0x0B, 0x7B, 0x81, 0xF6, 0xF2, 0xA1, 0xDD, 0x3D, 0xCB, 0xC5,
    0x7E, 0x9E, 0xA5, 0x80, 0x46, 0x2D, 0x9A, 0xE9, 0x62, 0xE3, 0xAD, 0xB1, 0x45, 0xB0, 0x80, 0x13,
    0xAD, 0x7D, 0xE2, 0x1B, 0x34, 0x8A, 0xCB, 0xE5, 0x12, 0x98, 0x74, 0xCE, 0xBC, 0x4E, 0xE8, 0x89,
    0x5A, 0xA6, 0x36, 0x42, 0x4A, 0x37, 0x0F, 0x0D, 0x8E, 0x08, 0xAD, 0x10, 0xF1, 0xDD, 0x31, 0x54,
    0xBC, 0x7D, 0x93, 0x07, 0x69, 0xCD, 0xD7, 0xAB, 0x48, 0xC1, 0x10, 0x2A, 0xE7, 0x87, 0x74, 0xC0,
    0xFD, 0x63, 0xA6, 0x74, 0x1F, 0xF7, 0x2B, 0xA8, 0x37, 0x2B, 0x38, 0x37, 0x98, 0x5A, 0xCB, 0x0A,
    0x7E, 0xAD, 0x45, 0x79, 0x69, 0xF6, 0x73, 0x42, 0x79, 0xAC, 0xF7, 0xBC, 0xE5, 0xF2, 0x70, 0x01,
    0xBE, 0xCE, 0x92, 0x9C, 0xC9, 0x97, 0xFB, 0x94, 0x93, 0xFB, 0xB6, 0xA4, 0x50, 0x36, 0x1D, 0xF1,
    0x31, 0xAF, 0x55, 0xE5, 0x22, 0x21, 0x40, 0xDD, 0xB5, 0xEC, 0x53, 0x26, 0x7E, 0x3E, 0x85, 0x3E,
    0x64, 0xCF, 0x0B, 0x4A, 0x4B, 0x99, 0x58, 0xEF, 0x9F, 0xA1, 0x29, 0x7F, 0x2D, 0x34, 0x0F, 0x84,
    0xE6, 0x65, 0x0A, 0xDA, 0x8B, 0xB2, 0x60, 0x76, 0x6D, 0xED, 0xE7, 0x42, 0x58, 0x6E, 0x42, 0x78,
    0x96, 0x38, 0x4E, 0xD4, 0xE8, 0x25, 0x6A, 0x9F, 0x38, 0x01, 0xBF, 0x7E, 0xDE, 0xC2, 0x95, 0x16,
    0x8F, 0x2A, 0x30, 0xCA, 0x56, 0x8A, 0xDB, 0x5A, 0x3E, 0xF3, 0x3A, 0xF3, 0x56, 0x5E, 0xF6, 0xD9,
    0xF8, 0xF8, 0x7B, 0xF5, 0x97, 0xBE, 0x55, 0xA7, 0x79, 0xCD, 0x61, 0xBF, 0xF1, 0x27, 0xD7, 0xB2,
    0x0D, 0xE3, 0x11, 0x84, 0x6E, 0x40, 0x2E, 0x94, 0x92, 0xDB, 0xBE, 0xF2, 0x8E, 0xC3, 0xC6, 0x16,
    0x3D, 0x5C, 0x61, 0x60, 0xAF, 0xA5, 0xB3, 0xCF, 0x50, 0xFB, 0x09, 0xBF, 0xB9, 0x96, 0xDD, 0xF0,
    0xA7, 0xDD, 0xDC, 0x25, 0x82, 0xF2, 0x70, 0x5B, 0x06, 0xFD, 0xEC, 0x19, 0x0D, 0x6D, 0xC4, 0x1F,
    0x0F, 0x64, 0x35, 0x38, 0xE6, 0xA2, 0x30, 0xE3, 0x47, 0x33, 0x61, 0x3C, 0xF4, 0x19, 0x67, 0x5F,
    0x0D, 0xBC, 0x77, 0xFB, 0xFB, 0xE1, 0x96, 0x4D, 0x69, 0x46, 0x33, 0x20, 0xDE, 0xF3, 0x44, 0xAB,
    0x48, 0x59, 0x09, 0x70, 0xE2, 0xF2, 0xDE, 0xEC, 0xE7, 0xF5, 0x22, 0x3A, 0xA3, 0xC8, 0x50, 0xE5,
    0x96, 0x89, 0x6B, 0x9D, 0x6C, 0x23, 0xFA, 0x1B, 0x4A, 0xBD, 0xF1, 0x63, 0x8D, 0xA2, 0xAE, 0x3F,
    0x5D, 0xCA, 0x65, 0x92, 0xFB, 0x6B, 0x97, 0xE8, 0xEB, 0x95, 0xE4, 0x39, 0xC0, 0x57, 0x3A, 0xEE,
    0xE6, 0x31, 0xE0, 0x5D, 0x11, 0x97, 0xE2, 0x0F, 0x27, 0xD4, 0xA5, 0xED, 0x43, 0xC1, 0x99, 0x39,
    0xAD, 0xAB, 0x18, 0xF2, 0x1A, 0xDB, 0x77, 0xB8, 0x29, 0x13, 0xAA, 0x46, 0xF6, 0xAF, 0x70, 0xAC,
    0x0E, 0x9F, 0xD4, 0x59, 0xAC, 0x9C, 0xF6, 0x3D, 0x6E, 0xF1, 0x7C, 0xE0, 0x64, 0xBB, 0x34, 0xC9,
    0xF6, 0xE6, 0x33, 0xB6, 0xF1, 0x29, 0xD6, 0xB8, 0x7E, 0x1B, 0x7B, 0x11, 0x0B, 0xC6, 0xC2, 0x6E,
    0xB9, 0x2E, 0xF5, 0xB2, 0x20, 0x26, 0x8A, 0x49, 0x31, 0xB8, 0xEE, 0x1C, 0xEC, 0x72, 0xE5, 0xE5,
    0x8D, 0x38, 0x2C, 0xA1, 0x59, 0x1A, 0xEE, 0x4A, 0x85, 0xD9, 0x87, 0x7F, 0xA5, 0x74, 0x9F, 0xC6,
    0x0D, 0xBE, 0x68, 0x0C, 0xA7, 0xEA, 0x2B, 0xCD, 0xF2, 0x79, 0x68, 0x9A, 0x15, 0xC9, 0xD3, 0x42,
    0xF2, 0x19, 0x16, 0xBB, 0xD1, 0xB8, 0x6D, 0xB3, 0xDC, 0x6C, 0xA3, 0x8C, 0x03, 0x24, 0x1A, 0x76,
    0xC5, 0x2C, 0x0E, 0xFB, 0x50, 0x16, 0x05, 0x28, 0x14, 0x40, 0xDE, 0x63, 0xD8, 0x77, 0x1D, 0x36,
    0x05, 0xEF, 0x0F, 0x10, 0xF5, 0x48, 0x07, 0xC5, 0xA3, 0x88, 0xC1, 0x31, 0x82, 0x4F, 0x2C, 0xE2,
    0xAE, 0x51, 0x25, 0x58, 0xFB, 0x14, 0x58, 0x45, 0x12, 0xEB, 0xB8, 0x09, 0x2F, 0x47, 0x30, 0xFC,
    0x06, 0xE7, 0x1B, 0x5B, 0x92, 0xA5, 0x82, 0x26, 0xB9, 0xBB, 0x24, 0xDE, 0x30, 0xBE, 0xCD, 0xA2,
    0xA2, 0xE6, 0x5B, 0x1E, 0xA0, 0x0F, 0x37, 0xCD, 0xEB, 0xFB, 0xF4, 0xCA, 0x4E, 0x79, 0xC2, 0xC3,
    0x5B, 0x47, 0x2B, 0x62, 0x4B, 0x63, 0xAB, 0x32, 0x7B, 0x4B, 0xED, 0x7A, 0x6B, 0x4B, 0x39, 0xA8,
    0xD0, 0x1F, 0x15, 0xBB, 0xC7, 0xE8, 0x29, 0xCF, 0x9F, 0x1F, 0x4D, 0x1A, 0xFD, 0x1A, 0x45, 0xD7,
    0x53, 0x59, 0x70, 0xBE, 0xE6, 0x8C, 0x52, 0xDE, 0xEB, 0x63, 0xB9, 0xE3, 0xC6, 0xC1, 0x14, 0x8C,
    0xFE, 0x94, 0x1B, 0xFC, 0x6B, 0x48, 0x59, 0xFD, 0x0E, 0xA4, 0x93, 0x41, 0x8A, 0x34, 0x49, 0x08,
    0x85, 0x1F, 0xB8, 0x6D, 0xF0, 0x2A, 0x0D, 0xB3, 0x4D, 0xF0, 0xEA, 0x42, 0x1D, 0x60, 0xAE, 0x22,
    0xFC, 0x5B, 0xE1, 0x4D, 0x3C, 0x23, 0xAA, 0xB2, 0xA7, 0xE8, 0x62, 0x16, 0x93, 0xA9, 0x9F, 0x95,
    0xA6, 0x11, 0xF1, 0xB4, 0x48, 0x20, 0x12, 0x51, 0xE0, 0xB6, 0xC4, 0xEB, 0xA2, 0xCC, 0xFA, 0x36,
    0x7F, 0x5A, 0xD4, 0xB6, 0xB7, 0x75, 0x7D, 0x7B, 0x28, 0xC7, 0xB2, 0xE5, 0x4E, 0x66, 0x28, 0x55,
    0x00, 0xE5, 0xF9, 0xC9, 0x0D, 0x24, 0x11, 0xC7, 0x8D, 0xFD, 0xDA, 0xCE, 0x0A, 0x58, 0x64, 0x62,
    0x5E, 0x81, 0x1B, 0xAD, 0x94, 0x00, 0xC0, 0xFB, 0x77, 0x38, 0xD9, 0x37, 0x46, 0xC6, 0x01, 0xF3,
    0xE0, 0x5E, 0x4F, 0x92, 0x29, 0xE0, 0xC6, 0x05, 0x24, 0xE3, 0x4F, 0x91, 0xEC, 0x50, 0x3F, 0xCD,
    0x8C, 0xF4, 0x1A, 0x87, 0x29, 0xCA, 0x73, 0xFA, 0x24, 0x77, 0x9D, 0x3F, 0xEA, 0x0B, 0x48, 0x97,
    0xB8, 0x99, 0x99, 0x69, 0x6A, 0xC6, 0x0D, 0xA6, 0x00, 0xD0, 0x04, 0xEF, 0x85, 0xBF, 0x6B, 0x81,
    0x0B, 0xC1, 0x14, 0xDE, 0x84, 0x17, 0xBE, 0x6F, 0xE1, 0x82, 0x4E, 0x12, 0x12, 0xF9, 0xEA, 0xE3,
    0x06, 0x7F, 0x5E, 0xD0, 0xF5, 0x96, 0x32, 0x36, 0x66, 0xB9, 0xA0, 0x35, 0xBE, 0x80, 0xD7, 0x16,
    0x73, 0x0A, 0x07, 0x47, 0x97, 0xB5, 0x7A, 0x29, 0x6B, 0xF8, 0xA0, 0x6D, 0x5A, 0xAB, 0x85, 0x7D,
    0x20, 0x00, 0xBF, 0x45, 0xC4, 0x41, 0xE9, 0x91, 0xDC, 0x38, 0xDB, 0x5D, 0x96, 0xF4, 0xDA, 0xF6,
    0x6D, 0xAA, 0xEB, 0x59, 0x3C, 0x47, 0xCD, 0xC8, 0xA4, 0x0D, 0x9E, 0x58, 0xEE, 0x08, 0x5A, 0x5D,
    0x20, 0x51, 0x97, 0x95, 0xA1, 0x4B, 0x2F, 0xAE, 0x61, 0x94, 0xE3, 0x49, 0xBF, 0xA9, 0x4C, 0x3E,
    0x79, 0xB5, 0xD7, 0xE2, 0x65, 0x24, 0x3A, 0x40, 0xDA, 0x4A, 0x7B, 0xD9, 0xBA, 0x47, 0x21, 0x61,
    0x3C, 0xE3, 0x84, 0x6A, 0x80, 0x76, 0x23, 0x9D, 0x8C, 0x5C, 0xD6, 0x81, 0xE6, 0x32, 0x5B, 0x56,
    0x41, 0x99, 0x3F, 0x0A, 0x5F, 0xEB, 0x86, 0x23, 0x74, 0x4A, 0xA8, 0x49, 0xA6, 0xD1, 0x08, 0xA7,
    0x37, 0xA2, 0xA3, 0xC1, 0xE2, 0xCE, 0x4F, 0xC5, 0x86, 0xB7, 0x0F, 0x7A, 0x63, 0x34, 0x18, 0x0C,
    0x78, 0xFB, 0xBB, 0x7E, 0x75, 0x32, 0xC7, 0x40, 0xFE, 0xD7, 0xCC, 0x8C, 0x6D, 0x35, 0x1D, 0x2F,
    0x56, 0xA0, 0x4B, 0x4D, 0x5F, 0xC3, 0x10, 0x21, 0x06, 0xBC, 0x8C, 0x3D, 0xAC, 0xC9, 0xF4, 0xC9,
    0x5F, 0x3D, 0xBC, 0x54, 0xDF, 0xB1, 0xF8, 0x98, 0x51, 0xFE, 0xF5, 0x71, 0x66, 0x41, 0xB6, 0x9C,
    0xCB, 0x41, 0x38, 0x2B, 0xD8, 0xF1, 0x68, 0x42, 0xCF, 0x8B, 0x81, 0x0E, 0xB6, 0xB3, 0x8C, 0x09,
    0x2F, 0x7C, 0x72, 0xFE, 0xB8, 0x3E, 0xD5, 0xE8, 0xE2, 0xDB, 0x05, 0x96, 0xB3, 0x9D, 0xB4, 0x24,
    0x30, 0x66, 0xAD, 0x62, 0xA6, 0x51, 0x31, 0xD8, 0x94, 0xD5, 0xAE, 0x34, 0xD2, 0x5E, 0x65, 0x93,
    0x34, 0x0D, 0x51, 0xD6, 0xA1, 0x32, 0x32, 0x91, 0xB0, 0x99, 0x6D, 0xD4, 0x6E, 0x1A, 0xFA, 0xC5,
    0x5C, 0x34, 0xE2, 0x5F, 0x64, 0x1E, 0xB6, 0xE8, 0x37, 0xB1, 0x68, 0x4F, 0x46, 0xDD, 0xE4, 0x93,
    0x4E, 0x32, 0x6F, 0xC6, 0xE2, 0x9F, 0x5E, 0x8C, 0x02, 0xF0, 0x91, 0xCC, 0x77, 0x82, 0x64, 0x9A,
    0xE0, 0x42, 0x90, 0xF6, 0x03, 0xFC, 0x05, 0xF1, 0x0B, 0x5C, 0x30, 0x01, 0x88, 0xFF, 0x87, 0xC8,
    0x28, 0xEA, 0x4E, 0x2F, 0xAF, 0x68, 0x5B, 0x37, 0x5B, 0xCF, 0xF0, 0x19, 0xB8, 0x44, 0x26, 0x17,
    0x23, 0xBF, 0x09, 0xFC, 0x30, 0xEB, 0x63, 0x68, 0xB8, 0xCA, 0x2A, 0xAC, 0x68, 0xD5, 0xDB, 0x7C,
    0xD9, 0x2C, 0x9C, 0xC1, 0xE2, 0x0B, 0xDF, 0x40, 0xDB, 0xF3, 0xA3, 0xA2, 0x71, 0x03, 0xCC, 0x8D,
    0xC4, 0x9C, 0x7A, 0x7F, 0xA4, 0xBD, 0x3F, 0xD2, 0x52, 0xBE, 0x10, 0xAA, 0xF0, 0x75, 0xC3, 0xF4,
    0x55, 0x4B, 0x9D, 0x35, 0xA2, 0x9E, 0x1F, 0x86, 0x64, 0x2E, 0x72, 0x91, 0x88, 0x48, 0x6B, 0x7C,
    0x45, 0x7A, 0x01, 0x9B, 0x5C, 0x51, 0x24, 0xC4, 0xD6, 0x2F, 0x6B, 0x5B, 0xF4, 0x72, 0x5A, 0x6B,
    0x3D, 0x10, 0x60, 0xCF, 0x6B, 0xF5, 0x65, 0x7F, 0x1A, 0x5E, 0xFE, 0x10, 0xC3, 0x7A, 0x36, 0x27,
    0x88, 0x45, 0xEB, 0x43, 0xBD, 0xD2, 0x11, 0x75, 0xF4, 0x9C, 0x5F, 0x5B, 0x11, 0xB6, 0x24, 0x6C,
    0x4D, 0x47, 0xD4, 0x53, 0x15, 0x4E, 0xD8, 0xBA, 0x8E, 0x30, 0x69, 0x72, 0x4E, 0x98, 0x45, 0x5E,
    0xC1, 0x92, 0xB8, 0x6B, 0xB7, 0x80, 0x3B, 0xCC, 0x61, 0xF9, 0x4A, 0x24, 0x7C, 0x27, 0x42, 0x09,
    0x99, 0x2A, 0x8C, 0x4C, 0x2B, 0xF8, 0x0A, 0xB1, 0x83, 0x71, 0xDE, 0x3B, 0xD5, 0xA1, 0xC2, 0xEC,
    0x65, 0x13, 0x30, 0x4D, 0x6A, 0xF7, 0x59, 0xCE, 0x91, 0x7B, 0x02, 0xA2, 0x54, 0xA1, 0x7E, 0x73,
    0x82, 0x74, 0x57, 0xAC, 0xC0, 0x24, 0x1F, 0x6D, 0x0A, 0x1A, 0x65, 0x3A, 0x3C, 0x83, 0xD3, 0x20,
    0xCF, 0xB0, 0x47, 0x8C, 0x95, 0x42, 0x79, 0x72, 0x76, 0xE1, 0xCC, 0x66, 0x02, 0x71, 0xC2, 0x48,
    0xEA, 0xDD, 0xE5, 0x28, 0x61, 0x1D, 0xCF, 0x79, 0xFE, 0x79, 0x4D, 0xB9, 0x5C, 0x6D, 0xF7, 0x94,
    0x19, 0xFF, 0xA9, 0xD6, 0x8C, 0x52, 0x24, 0xE7, 0x75, 0x28, 0x2C, 0xF0, 0xEB, 0x80, 0xB6, 0x52,
    0x0B, 0x68, 0xD0, 0xD6, 0x05, 0xBD, 0x80, 0xDA, 0x8A, 0xA1, 0x5F, 0x05, 0xE7, 0x72, 0x38, 0x2E,
    0xA5, 0x3C, 0x99, 0x29, 0x06, 0x2E, 0x84, 0xFC, 0x45, 0xE5, 0xB3, 0x2B, 0x9D, 0x48, 0x72, 0x1C,
    0x29, 0xB2, 0xD2, 0x74, 0x4E, 0xFD, 0xDC, 0xF2, 0x95, 0x0C, 0x5B, 0xDE, 0x96, 0x0E, 0xEC, 0x1E,
    0x19, 0xE2, 0x24, 0xA9, 0x57, 0x12, 0xF7, 0x0F, 0x66, 0x73, 0xA0, 0x9A, 0x2E, 0xFE, 0x90, 0x21,
    0x7E, 0x93, 0x10, 0x29, 0x67, 0x88, 0x45, 0x7A, 0x0D, 0x50, 0x07, 0x19, 0x2B, 0x37, 0x6A, 0x8E,
    0x45, 0x45, 0xA3, 0xA6, 0xA6, 0x33, 0x45, 0x24, 0xD9, 0xA6, 0xA8, 0x3F, 0x70, 0x58, 0x1E, 0x79,
    0x77, 0xCB, 0x43, 0x77, 0x39, 0x39, 0x10, 0x49, 0xD1, 0xD1, 0x2E, 0x7A, 0x6B, 0xCB, 0x61, 0x14,
    0x0A, 0xAA, 0xD4, 0x03, 0xDD, 0x9F, 0x20, 0x8D, 0x63, 0x79, 0xDC, 0xD9, 0xF2, 0xF2, 0xA4, 0x50,
    0xEE, 0x6D, 0x72, 0x7F, 0x8E, 0xDB, 0xDF, 0xE7, 0x04, 0xDD, 0x99, 0x04, 0x59, 0x7E, 0x10, 0x71,
    0xEC, 0xF7, 0xBB, 0xFB, 0xAC, 0x0E, 0x66, 0xC7, 0x25, 0xE1, 0xAD, 0x13, 0xAF, 0x0E, 0xBA, 0xF3,
    0xD4, 0x78, 0x06, 0x5C, 0x1D, 0xEF, 0x4E, 0xAD, 0x4E, 0xCC, 0xEE, 0x04, 0xA0, 0x95, 0x92, 0x3A,
    0xA3, 0x3B, 0x0A, 0xAC, 0xD2, 0xA4, 0x4B, 0x79, 0xEA, 0x40, 0x1D, 0x9E, 0xB4, 0xEC, 0xD4, 0x88,
    0xD2, 0x5C, 0x03, 0xA4, 0xCA, 0xD5, 0x89, 0xB9, 0x3A, 0x98, 0xE6, 0x6D, 0xBB, 0x86, 0x46, 0x89,
    0x45, 0x69, 0x35, 0x50, 0x3E, 0x29, 0xEE, 0xE1, 0xBD, 0x62, 0x0B, 0xE2, 0xBC, 0xA6, 0xFB, 0x84,
    0xA9, 0xD3, 0xBE, 0x24, 0xD8, 0x89, 0x41, 0x98, 0x86, 0xA6, 0x67, 0x51, 0xCF, 0x3C, 0x5E, 0x40,
    0x35, 0xD2, 0x16, 0x85, 0xE8, 0x53, 0x06, 0xD1, 0x9F, 0x00, 0xA6, 0x80, 0x85, 0x14, 0xB6, 0x95,
    0x67, 0x63, 0xC8, 0x0C, 0xFF, 0x0D, 0xD5, 0x43, 0x9D, 0x67, 0x9C, 0xA5, 0xCB, 0xB6, 0xD9, 0x0A,
    0xFA, 0xEC, 0xBC, 0x83, 0x69, 0x72, 0x2A, 0x60, 0x05, 0x69, 0xAF, 0x48, 0x85, 0xE8, 0x1B, 0x98,
    0xC6, 0x68, 0xC6, 0x30, 0x46, 0xA4, 0xC0, 0x48, 0x76, 0x03, 0xD3, 0x1C, 0x4B, 0x28, 0xD6, 0x44,
    0x7A, 0xBE, 0xD9, 0x54, 0xBD, 0xF1, 0xB4, 0xB1, 0x8E, 0xF5, 0x3A, 0x6F, 0x31, 0xCF, 0x1B, 0x72,
    0xDB, 0x1C, 0x73, 0x89, 0xD2, 0x26, 0xFF, 0x95, 0xBD, 0x9D, 0x3C, 0xC9, 0x29, 0x36, 0x13, 0xDE,
    0xF0, 0x8A, 0x10, 0x82, 0x4E, 0x6D, 0x7C, 0x18, 0xFE, 0x27, 0x27, 0xA6, 0x59, 0x4B, 0x7A, 0xC3,
    0x8C, 0x1C, 0x84, 0x03, 0xB4, 0x0C, 0x4A, 0x7A, 0x6F, 0x60, 0xDA, 0xC8, 0x2F, 0xF3, 0x89, 0xDE,
    0x86, 0x3D, 0x2E, 0x9B, 0xB1, 0x80, 0x11, 0xB0, 0xBE, 0x8F, 0x6A, 0x21, 0x1D, 0xB6, 0xD6, 0x40,
    0xEF, 0x00, 0x40, 0xD4, 0x01, 0x15, 0xAD, 0x40, 0xD0, 0x21, 0xA2, 0x81, 0x19, 0x33, 0x90, 0x01,
    0xA0, 0x05, 0xCF, 0xD7, 0x74, 0x58, 0x19, 0xF3, 0x16, 0x7C, 0x93, 0x2A, 0x66, 0x3D, 0x69, 0x64,
    0xEC, 0xF7, 0xCB, 0x4A, 0xA3, 0xC9, 0x01, 0x83, 0x88, 0x17, 0xAB, 0x99, 0x5E, 0x43, 0x2C, 0x86,
    0x88, 0xE6, 0x8C, 0xE9, 0x8B, 0x2E, 0x16, 0xFF, 0xE2, 0x7D, 0x54, 0xCC, 0x01, 0x34, 0x29, 0x2F,
    0xF2, 0x20, 0xD2, 0xA2, 0x79, 0x3C, 0x40, 0xD6, 0xD4, 0x77, 0x92, 0x2E, 0x6E, 0x86, 0x77, 0x52,
    0x30, 0x34, 0x38, 0xA0, 0xFA, 0x79, 0x5D, 0x41, 0xE6, 0x00, 0xAF, 0x31, 0x59, 0xFD, 0xA4, 0x5E,
    0x84, 0x98, 0x1B, 0xC7, 0xA2, 0x35, 0x5D, 0x2C, 0xC3, 0xA4, 0x6D, 0xA1, 0x4E, 0x17, 0x09, 0x4C,
    0x31, 0x85, 0x7A, 0x73, 0x3D, 0xBF, 0x4F, 0x55, 0x01, 0x8D, 0xE2, 0xEE, 0x96, 0x0F, 0x36, 0xF2,
    0x1E, 0x8B, 0x27, 0xB9, 0xB2, 0x23, 0xC3, 0xCD, 0x2D, 0x77, 0x95, 0x17, 0x11, 0xDC, 0xA5, 0x92,
    0x21, 0x68, 0xF9, 0xF4, 0x79, 0x77, 0xCB, 0xAD, 0xF3, 0xD2, 0x8D, 0xBF, 0x2C, 0x6F, 0x6D, 0x39,
    0x6B, 0xE9, 0xAC, 0xB5, 0x23, 0x5F, 0x9E, 0x4F, 0x13, 0x60, 0x06, 0xC5, 0x48, 0xB6, 0xFC, 0xCD,
    0xFD, 0xFC, 0x3B, 0x8F, 0x73, 0x1B, 0xAC, 0xC1, 0xEB, 0x5E, 0xE3, 0x88, 0xE0, 0xD4, 0x8D, 0xA5,
    0xA6, 0x47, 0x34, 0x9D, 0x34, 0x57, 0xA9, 0x0F, 0x24, 0x28, 0x45, 0x1C, 0x45, 0xFA, 0xA4, 0xFD,
    0x91, 0x24, 0xAC, 0xC9, 0xE2, 0x04, 0x4B, 0xF7, 0x24, 0x92, 0xA4, 0x09, 0xE4, 0x6F, 0x23, 0x6A,
    0x85, 0x45, 0x82, 0x65, 0xE9, 0x5E, 0x4C, 0xFC, 0xA5, 0x48, 0x20, 0x1E, 0x1F, 0x64, 0x57, 0x19,
    0x9B, 0xBF, 0x7D, 0xBD, 0x36, 0xF6, 0x37, 0xC4, 0xB9, 0xB1, 0xBF, 0xC8, 0x8D, 0xC7, 0x77, 0x8E,
    0x97, 0xE5, 0x64, 0xAF, 0x4E, 0x0D, 0xE8, 0x28, 0xDE, 0x03, 0xC0, 0x61, 0xB9, 0xCF, 0xBB, 0x5B,
    0xEE, 0xCA, 0x44, 0xC9, 0x95, 0x11, 0x94, 0x4A, 0xCB, 0xA3, 0x6E, 0x6E, 0x79, 0x0C, 0xFE, 0x80,
    0x97, 0x91, 0xB3, 0xF9, 0xB0, 0xBC, 0xFD, 0x35, 0xDF, 0x53, 0xA8, 0xD3, 0x23, 0x8A, 0x67, 0x17,
    0x28, 0x28, 0x28, 0x30, 0xE6, 0x10, 0xB4, 0x1C, 0xF5, 0x19, 0x2B, 0x17, 0xA1, 0x8B, 0x2B, 0xDF,
    0x1B, 0x42, 0x11, 0x73, 0xE1, 0x2F, 0x99, 0xF8, 0x87, 0xA4, 0xEF, 0xCF, 0xC9, 0x1D, 0xD9, 0xDE,
    0x3A, 0x84, 0x01, 0x9A, 0x83, 0xB6, 0xE9, 0x80, 0x52, 0x95, 0x2E, 0xBC, 0x6B, 0xC9, 0x4A, 0xE4,
    0x49, 0x7A, 0x63, 0xBD, 0x5C, 0xEB, 0x38, 0xC7, 0x93, 0xD5, 0xF0, 0xCF, 0x41, 0x79, 0x3C, 0x71,
    0x15, 0x28, 0x5F, 0x15, 0x47, 0x35, 0x0E, 0x63, 0x03, 0x95, 0x17, 0x34, 0x5A, 0x47, 0xAF, 0xEA,
    0x8F, 0x5F, 0x3C, 0x9E, 0x0D, 0x15, 0xD1, 0x4E, 0x65, 0x95, 0x01, 0x36, 0xE6, 0x6A, 0x06, 0x1B,
    0xB0, 0xB1, 0x98, 0xD3, 0xC1, 0x06, 0x28, 0x35, 0x53, 0x8D, 0x4C, 0xB1, 0xB6, 0x7D, 0x35, 0x43,
    0x0D, 0x40, 0x76, 0x53, 0x7D, 0x84, 0x8E, 0x21, 0xD1, 0xBB, 0x22, 0x4F, 0x31, 0xC2, 0xE1, 0xD3,
    0x00, 0xC6, 0x51, 0x80, 0xE0, 0x08, 0xF5, 0x6C, 0x41, 0x06, 0xC1, 0xEB, 0x60, 0x82, 0xE6, 0xA0,
    0xA1, 0x39, 0x88, 0xEA, 0x4B, 0xDE, 0x2B, 0x7A, 0x9F, 0xB2, 0x90, 0xD8, 0xF2, 0x7A, 0xD8, 0x45,
    0xCA, 0x8F, 0xE5, 0x49, 0x81, 0xBA, 0x23, 0x29, 0x23, 0x2F, 0x51, 0x3E, 0x98, 0x8B, 0x3B, 0x9E,
    0x04, 0xA6, 0x12, 0xF1, 0x2F, 0x83, 0x5D, 0xA3, 0x7C, 0x86, 0x2D, 0x47, 0x9D, 0x82, 0x99, 0xE5,
    0xAF, 0xAB, 0xE6, 0x9C, 0xF2, 0xD1, 0x13, 0x30, 0xBF, 0x5E, 0xA8, 0xAE, 0xE0, 0xC4, 0x45, 0xF7,
    0x9F, 0xC3, 0x9F, 0x48, 0xCA, 0x96, 0xE0, 0x5E, 0x60, 0x79, 0x39, 0x06, 0x4F, 0x5E, 0xD1, 0x83,
    0xB2, 0x33, 0xD8, 0xC0, 0x31, 0x43, 0x46, 0xA8, 0xA1, 0xDB, 0xA3, 0x23, 0xF9, 0xF2, 0x7E, 0xEA,
    0x04, 0x93, 0x22, 0x5A, 0x0C, 0x63, 0x03, 0x98, 0x93, 0xA0, 0xEE, 0x6F, 0x45, 0x60, 0x5A, 0x44,
    0x85, 0xDC, 0xE8, 0xDA, 0x0F, 0xAF, 0xBF, 0xAD, 0x27, 0xFB, 0x77, 0xC6, 0xF1, 0x42, 0x23, 0x8D,
    0x9A, 0xE3, 0xF5, 0x4E, 0x24, 0xFB, 0x1D, 0xAC, 0x23, 0xB5, 0x55, 0xC7, 0xD6, 0xCF, 0x2E, 0xDE,
    0x8B, 0x64, 0x19, 0xF8, 0x0D, 0x25, 0x80, 0x5E, 0xAF, 0x6B, 0x1A, 0x3F, 0x5B, 0xDC, 0x04, 0x66,
    0x57, 0xD7, 0x84, 0x87, 0x45, 0xF9, 0x2A, 0xBF, 0x38, 0xA1, 0x28, 0xBD, 0xCC, 0xDA, 0xEB, 0x5C,
    0xB0, 0x6B, 0x94, 0x9F, 0x5C, 0xBC, 0x2B, 0x10, 0x17, 0x28, 0x97, 0x97, 0x4D, 0x1C, 0xD0, 0x1B,
    0xCC, 0x2B, 0x94, 0xAF, 0xE7, 0x06, 0xF8, 0xED, 0xF1, 0xEE, 0xD9, 0xC5, 0xF6, 0x8D, 0xF9, 0xF6,
    0xCD, 0x2D, 0x73, 0xB0, 0x21, 0x79, 0xC7, 0xBD, 0x68, 0xFD, 0x19, 0xE8, 0xED, 0xDF, 0x4B, 0x24,
    0x14, 0xB1, 0x6D, 0xCA, 0x55, 0x55, 0x57, 0x00, 0x53, 0x89, 0xC4, 0x51, 0x72, 0x3C, 0x1D, 0x3C,
    0xF0, 0x0F, 0x7A, 0xE7, 0x59, 0xAF, 0xE7, 0x57, 0x4C, 0xC4, 0x0F, 0x22, 0x6B, 0xD8, 0xE3, 0xFF,
    0xBA, 0x24, 0x36, 0x07, 0x8D, 0x09, 0x5A, 0xA3, 0x4B, 0xBE, 0xEE, 0x35, 0x07, 0xF1, 0x43, 0xB3,
    0x0C, 0x9D, 0x36, 0xF1, 0x74, 0xC4, 0xFB, 0xDB, 0xFF, 0x52, 0xF6, 0xB4, 0xA0, 0xB5, 0xC9, 0x1B,
    0x1C, 0x04, 0x6D, 0x40, 0xF5, 0xD4, 0x52, 0xD9, 0x2A, 0x79, 0x73, 0x76, 0x7F, 0xD6, 0x7C, 0x33,
    0x82, 0xED, 0x25, 0x9C, 0xF5, 0xCF, 0x40, 0x05, 0x15, 0x8F, 0x5E, 0x7A, 0xB3, 0xE5, 0x6E, 0x88,
    0x69, 0x9D, 0xC9, 0x35, 0x96, 0x2D, 0xDB, 0x91, 0x84, 0x39, 0xF6, 0x9C, 0x41, 0xB1, 0x24, 0x4F,
    0x37, 0xB5, 0x62, 0x2C, 0x20, 0x38, 0x46, 0x47, 0xEA, 0x1D, 0x69, 0xEF, 0xC3, 0x8F, 0xEC, 0xE4,
    0x8D, 0x02, 0xBC, 0x47, 0xCE, 0x8B, 0xFB, 0x21, 0x96, 0x5C, 0xA0, 0xFC, 0x43, 0x35, 0xF3, 0x02,
    0xE5, 0xA3, 0x86, 0xD2, 0x85, 0x95, 0xB5, 0x06, 0xD3, 0x05, 0x26, 0xE8, 0x79, 0x85, 0xF2, 0x3C,
    0x07, 0x32, 0x79, 0xD0, 0x25, 0xCA, 0xDB, 0x9D, 0xD9, 0xBE, 0xDF, 0x6B, 0x78, 0xFB, 0xF4, 0xCE,
    0x3E, 0x76, 0x6D, 0x2C, 0x4E, 0x48, 0x1E, 0x80, 0x5C, 0xE6, 0x3D, 0x61, 0x2E, 0x17, 0x74, 0x22,
    0x08, 0x20, 0xE3, 0xBB, 0x88, 0x89, 0xC4, 0x33, 0x61, 0x60, 0x3C, 0x0E, 0xD0, 0xBC, 0xDA, 0xCC,
    0x0B, 0x89, 0xAB, 0x55, 0x05, 0x78, 0x48, 0xB1, 0xE6, 0xE9, 0xEC, 0x1E, 0xFD, 0xF9, 0xB3, 0xE3,
    0x75, 0xA4, 0x6F, 0x20, 0x89, 0x93, 0x9F, 0x12, 0x47, 0x45, 0x97, 0xB7, 0x02, 0xE1, 0x8C, 0xFE,
    0xE7, 0x1C, 0x3A, 0x09, 0xBB, 0x46, 0xF9, 0x00, 0xA1, 0xC8, 0x57, 0xD4, 0x0D, 0xA3, 0xB4, 0x4B,
    0x94, 0x33, 0xAC, 0xAF, 0x07, 0x7B, 0xFC, 0x10, 0xDF, 0xA5, 0x9B, 0xF3, 0x12, 0xE5, 0x5D, 0x64,
    0x51, 0xA2, 0xF3, 0xA9, 0xC8, 0x62, 0xE3, 0x6D, 0xCD, 0xEF, 0xE4, 0xA9, 0x36, 0x17, 0x89, 0x6C,
    0x7E, 0xC3, 0x0E, 0x16, 0xF9, 0x14, 0x29, 0xD9, 0x21, 0xE6, 0x1B, 0xAD, 0xD9, 0xEB, 0xE6, 0x26,
    0x92, 0x58, 0x34, 0xB2, 0xCD, 0x96, 0xE1, 0xC4, 0xC7, 0x77, 0x2D, 0x3F, 0xC8, 0x7E, 0xBD, 0x56,
    0x02, 0xA6, 0xBF, 0x90, 0x0D, 0xFA, 0x55, 0x63, 0xBF, 0xBC, 0xD3, 0x01, 0x24, 0xF1, 0x7A, 0xD1,
    0x86, 0xF9, 0xCF, 0x6F, 0x72, 0xCC, 0xBE, 0x06, 0x5B, 0xAD, 0x5F, 0xC4, 0x22, 0xED, 0x31, 0xFE,
    0x3B, 0x97, 0xFA, 0x7F, 0xCD, 0x9B, 0x51, 0x6E, 0xE3, 0x3C, 0x0C, 0x84, 0x09, 0xE8, 0xF5, 0x07,
    0x78, 0x95, 0x3D, 0xC0, 0x02, 0xBC, 0x3A, 0x81, 0x1C, 0x20, 0x57, 0x21, 0xD0, 0x57, 0x02, 0xF3,
    0x5B, 0x1A, 0x87, 0xB6, 0xAA, 0x0D, 0xDA, 0x2D, 0xBA, 0xA9, 0xDD, 0xE8, 0xE3, 0x6E, 0xE2, 0x58,
    0xD4, 0x88, 0xB2, 0x29, 0xD9, 0x11, 0x69, 0x80, 0xCF, 0x9C, 0x36, 0x44, 0xB1, 0x21, 0x8B, 0x4A,
    0xBE, 0x75, 0x1A, 0x79, 0xEB, 0x04, 0xD9, 0x36, 0x36, 0x32, 0x3B, 0x35, 0x1B, 0x36, 0x46, 0xA7,
    0x01, 0x1B, 0x71, 0xB0, 0xED, 0x14, 0x81, 0x68, 0x1E, 0xB4, 0xD8, 0xE8, 0x24, 0xBC, 0x53, 0x14,
    0x84, 0x10, 0xC7, 0xA6, 0xD0, 0x10, 0xE0, 0x1E, 0x0D, 0xC0, 0x80, 0x2B, 0xDA, 0x86, 0x14, 0xB8,
    0x0D, 0x84, 0x40, 0x76, 0x34, 0x08, 0x4E, 0xD0, 0x14, 0x0B, 0xDB, 0x00, 0xEC, 0xD0, 0x8E, 0x06,
    0x1D, 0xCD, 0x8E, 0x16, 0x1B, 0xD3, 0xA2, 0x04, 0x62, 0xDD, 0x96, 0x72, 0x6D, 0xB1, 0x5C, 0x43,
    0x34, 0xA8, 0xD8, 0xF0, 0x9D, 0xCE, 0xBD, 0x46, 0xB6, 0x8B, 0x89, 0xD1, 0x8F, 0x37, 0x5A, 0xEC,
    0x9D, 0x46, 0xB2, 0xD3, 0xC8, 0x3C, 0xBA, 0x54, 0xF3, 0x1F, 0x2A, 0x43, 0x17, 0x58, 0xEB, 0x50,
    0xE5, 0x00, 0x9C, 0xA0, 0xC3, 0xF4, 0x86, 0x02, 0xC2, 0xF7, 0x7D, 0x28, 0x6D, 0x6D, 0xC6, 0x7E,
    0x05, 0x2B, 0xC1, 0x86, 0x86, 0xEC, 0x62, 0xB9, 0xFC, 0x52, 0xEC, 0x4D, 0x11, 0x1B, 0x88, 0x07,
    0xE0, 0x1F, 0x23, 0xF8, 0xB5, 0xDF, 0x67, 0xEF, 0x3B, 0x04, 0xE3, 0x23, 0xC5, 0x38, 0x34, 0x85,
    0xA6, 0x6B, 0xDC, 0xD8, 0xBF, 0x86, 0x6C, 0x18, 0x25, 0x14, 0xF2, 0x8B, 0x7B, 0xCE, 0x85, 0xDD,
    0x52, 0xFF, 0x77, 0x03, 0x46, 0x51, 0xC0, 0x39, 0xBE, 0x74, 0x7C, 0x0C, 0x67, 0x9D, 0x2D, 0x47,
    0x30, 0xB7, 0xBC, 0x40, 0xF3, 0xDB, 0x06, 0x45, 0x8C, 0xF0, 0xC5, 0x2D, 0xDB, 0xC6, 0xEF, 0x6E,
    0x7E, 0x85, 0xC4, 0x2E, 0xB6, 0xB4, 0x81, 0x6B, 0xF4, 0x3E, 0xB8, 0x63, 0x7B, 0x34, 0xE2, 0xF7,
    0xF7, 0xF7, 0x3E, 0x35, 0xC5, 0xF8, 0x2E, 0x62, 0x8F, 0x03, 0xC5, 0x15, 0x9A, 0x0F, 0x31, 0x17,
    0xBB, 0x81, 0x8D, 0x1D, 0x81, 0x40, 0x29, 0x66, 0x15, 0xC4, 0xC6, 0xD7, 0x88, 0x90, 0xAE, 0x84,
    0xE8, 0xEC, 0xCB, 0xEA, 0xD5, 0xF1, 0x9E, 0x8B, 0x01, 0x3B, 0xB4, 0x83, 0x51, 0x21, 0x18, 0xBB,
    0xF1, 0x94, 0x69, 0x1C, 0x8B, 0x64, 0x79, 0x50, 0xEA, 0x90, 0xDD, 0x00, 0x88, 0xC1, 0x2C, 0xBA,
    0xA2, 0xB3, 0x41, 0x9E, 0xBD, 0x94, 0xCC, 0x89, 0x4A, 0x66, 0x77, 0xD1, 0x4E, 0x44, 0x6C, 0x34,
    0x3A, 0x8C, 0xA3, 0x2A, 0x56, 0xCB, 0x31, 0x5B, 0xA7, 0xBF, 0xB4, 0xDD, 0xF8, 0x30, 0x90, 0x61,
    0x52, 0xD8, 0x70, 0x9A, 0x63, 0x3F, 0xC0, 0x82, 0xFD, 0x4C, 0xC3, 0x40, 0x68, 0xC3, 0x24, 0xC5,
    0x88, 0x32, 0x72, 0x32, 0x8D, 0x61, 0x3A, 0x9B, 0xBD, 0x07, 0x68, 0x80, 0x93, 0x51, 0xBC, 0x71,
    0xC4, 0xDD, 0x82, 0xC2, 0x0D, 0x80, 0xAD, 0x60, 0x83, 0x08, 0x57, 0x8C, 0xE3, 0x35, 0xC8, 0x19,
    0x00, 0x3A, 0xF2, 0x8C, 0x21, 0x98, 0x26, 0x9B, 0x62, 0x05, 0xC4, 0xD0, 0xCA, 0x00, 0xD4, 0x81,
    0xA3, 0x74, 0x6A, 0xBB, 0x20, 0x45, 0x03, 0x7C, 0x22, 0x05, 0x22, 0x2D, 0x3B, 0x01, 0xF3, 0x5D,
    0x1C, 0x25, 0x87, 0x42, 0x36, 0x04, 0xA2, 0x22, 0x07, 0x29, 0xC7, 0x41, 0x0E, 0xD0, 0x41, 0xA0,
    0x48, 0x3D, 0x28, 0x07, 0xF3, 0x9E, 0xC2, 0x14, 0x65, 0x08, 0x02, 0x3B, 0x9C, 0xA8, 0x88, 0x6E,
    0x90, 0x03, 0x8D, 0x23, 0x42, 0x27, 0xB0, 0x95, 0x4F, 0xC7, 0xC6, 0x9F, 0x8E, 0x5E, 0x39, 0xE0,
    0x9A, 0x08, 0xF2, 0x6C, 0xC1, 0xE8, 0xEB, 0xEE, 0x43, 0x14, 0x6C, 0x24, 0x18, 0x14, 0xF6, 0x06,
    0xB0, 0x8D, 0xC6, 0xE3, 0xC5, 0xBB, 0xA1, 0xF7, 0x4B, 0x2C, 0x35, 0x58, 0xAF, 0xF2, 0x63, 0x38,
    0xF3, 0x40, 0xA6, 0x81, 0xED, 0x18, 0x8F, 0x96, 0x72, 0x01, 0x35, 0x4C, 0xD4, 0xC5, 0xE2, 0xC8,
    0x8D, 0x93, 0xD5, 0xBD, 0x44, 0x17, 0x69, 0x1C, 0xAD, 0x13, 0x9A, 0x5F, 0x41, 0x17, 0xB1, 0xF2,
    0x1F, 0xB5, 0xA7, 0xCA, 0x6B, 0x74, 0xF9, 0xB1, 0x46, 0xA3, 0xFA, 0x64, 0xE0, 0xD0, 0x61, 0x4E,
    0x26, 0xFE, 0x61, 0x44, 0xE4, 0xEA, 0x01, 0x31, 0x79, 0xC0, 0x74, 0x8E, 0x13, 0xAB, 0xCB, 0x8D,
    0xA8, 0x9A, 0x3B, 0x35, 0xCE, 0x9D, 0x98, 0x8A, 0xBF, 0x6A, 0x44, 0x75, 0xF2, 0xF8, 0x1D, 0x18,
    0x32, 0x09, 0xA6, 0xDA, 0xE9, 0x1A, 0x44, 0x3B, 0xF6, 0xAB, 0x4F, 0xCB, 0xFE, 0xCD, 0xFF, 0xFE,
    0x94, 0xFC, 0x80, 0x50, 0x24, 0xFC, 0x80, 0x21, 0xE0, 0x62, 0x67, 0x04, 0xA7, 0x2E, 0xBC, 0x3C,
    0xB9, 0x76, 0xB4, 0x0E, 0x31, 0x6A, 0x90, 0x54, 0x83, 0x17, 0x6E, 0x0B, 0x30, 0x21, 0x5A, 0xE7,
    0x94, 0xFA, 0x6D, 0x33, 0xA7, 0x7B, 0xCD, 0x9C, 0xEC, 0x8C, 0x68, 0x15, 0x0B, 0xBC, 0x4C, 0x67,
    0x65, 0x88, 0x29, 0xB6, 0x4F, 0x28, 0x0D, 0x03, 0x4C, 0xD1, 0x2E, 0xA0, 0x9F, 0xBA, 0xFA, 0x34,
    0x27, 0xAF, 0xB8, 0xBA, 0x92, 0x7E, 0x02, 0x06, 0x61, 0x41, 0x84, 0x59, 0xFE, 0xCF, 0xC7, 0x9F,
    0xFA, 0x3A, 0x82, 0xD5, 0xAF, 0xA3, 0xDF, 0x8F, 0x8A, 0x53, 0x9B, 0x66, 0x21, 0xEA, 0xF4, 0xCF,
    0xEC, 0xF2, 0x78, 0xB3, 0x3E, 0xC1, 0x8F, 0xE8, 0xE7, 0xAB, 0x7E, 0x62, 0xA0, 0x93, 0x35, 0xB1,
    0xE1, 0x1A, 0x11, 0x07, 0xF3, 0x72, 0x0E, 0x1C, 0x87, 0xA9, 0x17, 0x7C, 0xE2, 0xFC, 0x6A, 0x90,
    0x33, 0xC7, 0x8B, 0x1D, 0xB4, 0x30, 0x8F, 0x97, 0xC5, 0x44, 0x8B, 0x0F, 0x2A, 0xA4, 0xFF, 0xC0,
    0x9E, 0x30, 0x6B, 0x98, 0xF3, 0x4A, 0x72, 0x6C, 0xB3, 0xEC, 0x2B, 0x38, 0x4F, 0xCA, 0xE1, 0xDE,
    0x80, 0x0F, 0x28, 0xBC, 0x43, 0x36, 0xE4, 0x04, 0x8B, 0x81, 0x06, 0x39, 0xC1, 0x37, 0xC0, 0x1B,
    0x77, 0x3A, 0x81, 0x8E, 0x97, 0x81, 0x1F, 0xC6, 0x0D, 0x7D, 0x93, 0xD9, 0x50, 0xB0, 0x32, 0x7C,
    0x83, 0xCA, 0x89, 0x62, 0x35, 0xD4, 0xAD, 0x8C, 0xC5, 0x6C, 0xFA, 0xEB, 0xB9, 0x0F, 0x34, 0xF0,
    0x45, 0x24, 0x65, 0x12, 0x40, 0xF8, 0x2E, 0x12, 0x61, 0x67, 0xA5, 0x94, 0x10, 0xE2, 0xCB, 0x22,
    0xB5, 0x6C, 0xD1, 0xC3, 0xD6, 0x59, 0x9D, 0x19, 0x44, 0xF2, 0xFD, 0xC2, 0x53, 0x9E, 0x01, 0x04,
    0x3D, 0x22, 0x34, 0x9F, 0xC0, 0xE2, 0x09, 0xE0, 0x0B, 0xCE, 0xE9, 0x05, 0xC1, 0x29, 0x88, 0x41,
    0xDD, 0x00, 0x87, 0x61, 0xF2, 0xAA, 0x61, 0x2E, 0x9A, 0x6B, 0xB1, 0x38, 0x17, 0x2A, 0x8C, 0xB9,
    0x0C, 0xB5, 0x47, 0x31, 0xE0, 0xDC, 0xDE, 0x2A, 0x40, 0xFC, 0x5D, 0x25, 0xB1, 0x54, 0xA2, 0x88,
    0xFD, 0x50, 0x2C, 0x0A, 0x18, 0xB2, 0xCE, 0x61, 0xD3, 0x2A, 0x44, 0xD6, 0x6B, 0x19, 0x85, 0xF3,
    0x20, 0xAF, 0x59, 0x90, 0xCC, 0xB3, 0xA0, 0x0B, 0xF4, 0x9B, 0x89, 0xB9, 0x39, 0x25, 0xED, 0x6E,
    0x35, 0xF8, 0x37, 0xF7, 0xDB, 0xBF, 0xEF, 0x23, 0x31, 0x91, 0x96, 0xCC, 0xEB, 0xF5, 0x51, 0xC0,
    0x42, 0x09, 0xB9, 0x3A, 0x84, 0x51, 0x41, 0xAC, 0x27, 0xE8, 0xF5, 0x8C, 0x7C, 0xBC, 0xE6, 0x4E,
    0x6E, 0xEC, 0x5B, 0x79, 0xBC, 0x42, 0x10, 0x75, 0x4A, 0xA0, 0xAF, 0xB1, 0x8B, 0x2D, 0xAF, 0x0A,
    0xD1, 0x06, 0xFE, 0x69, 0x3E, 0xFE, 0x2C, 0xF6, 0x3F, 0xC7, 0xFE, 0xC7, 0x2F, 0x9C, 0x4D, 0xC3,
    0x08, 0xB2, 0xDD, 0x97, 0x93, 0xD1, 0xDC, 0x0D, 0x7D, 0x5A, 0x0D, 0xA5, 0xDB, 0x4D, 0x3C, 0x31,
    0xD4, 0x72, 0x35, 0xF4, 0x7F, 0xF2, 0xE1, 0x30, 0x15, 0x75, 0xB5, 0xCA, 0xE4, 0x18, 0x06, 0x88,
    0xC9, 0xF8, 0xE9, 0xBE, 0xC8, 0x38, 0x4F, 0x86, 0xA2, 0x63, 0x3F, 0x4F, 0xEA, 0xD1, 0xCB, 0x3C,
    0xA0, 0xC5, 0x0C, 0xEE, 0xB9, 0x82, 0x9F, 0x2F, 0xE0, 0xE7, 0x2B, 0xD6, 0x41, 0xC7, 0xF5, 0xE0,
    0x02, 0xDF, 0x67, 0xDA, 0xC0, 0xF1, 0xC7, 0xA4, 0x01, 0x8E, 0x25, 0x65, 0x68, 0x58, 0xA1, 0xB9,
    0xC2, 0xF2, 0x93, 0x23, 0x9E, 0x78, 0x72, 0x60, 0x2C, 0xC7, 0x74, 0x4E, 0xF2, 0xA6, 0x19, 0x2F,
    0xF5, 0x66, 0x95, 0x5C, 0xFB, 0x86, 0x30, 0x77, 0xC0, 0x9C, 0x3B, 0x3C, 0xCF, 0x18, 0x0A, 0xDF,
    0x72, 0x32, 0x6B, 0xE5, 0x1A, 0x91, 0x7C, 0x9F, 0xFB, 0xE1, 0x18, 0xCB, 0x6D, 0x90, 0x0B, 0xC9,
    0x96, 0x9D, 0x9C, 0xAD, 0xC2, 0xC7, 0x70, 0x61, 0x26, 0xD3, 0x69, 0x83, 0xA3, 0x77, 0x92, 0xE7,
    0xC8, 0x33, 0x6D, 0xBC, 0xCF, 0xB0, 0x66, 0xC4, 0xEB, 0x99, 0xE8, 0x9C, 0xF3, 0x37, 0x17, 0xBE,
    0xA6, 0x8D, 0x52, 0x19, 0xE9, 0xC7, 0x9D, 0xBD, 0xFC, 0x74, 0xDA, 0x25, 0x96, 0x7B, 0x26, 0xDB,
    0x7A, 0x2D, 0xE3, 0x54, 0xB6, 0xAF, 0xDE, 0xD2, 0x71, 0x7D, 0x7B, 0x5C, 0x5C, 0xEC, 0x40, 0x56,
    0x7E, 0xCE, 0x3C, 0x83, 0x38, 0x22, 0x78, 0x8A, 0x3F, 0x9B, 0xAB, 0x4C, 0x62, 0xAD, 0x3C, 0xBF,
    0xB1, 0x72, 0x4B, 0xC6, 0x18, 0x58, 0xD7, 0x11, 0x52, 0xEB, 0xC9, 0xAF, 0xCA, 0x17, 0xAF, 0x4B,
    0x40, 0x80, 0xC5, 0x7B, 0x19, 0xF5, 0x32, 0x1C, 0x58, 0xAF, 0xF9, 0x87, 0x75, 0x37, 0x7C, 0xDB,
    0x35, 0xF1, 0x05, 0xED, 0xE3, 0x56, 0xC7, 0xCC, 0x93, 0xC4, 0x6B, 0xFE, 0x62, 0xF1, 0xB5, 0xEB,
    0x21, 0x37, 0xAD, 0xA4, 0x87, 0x31, 0x6D, 0x61, 0x41, 0xC0, 0xCD, 0x37, 0x40, 0x36, 0xE4, 0x86,
    0x5B, 0x7C, 0xCB, 0x69, 0xE1, 0xC9, 0xD2, 0x18, 0xC3, 0xED, 0x0D, 0xBD, 0xA2, 0xAA, 0xED, 0xBE,
    0x8B, 0xDC, 0xBE, 0xA7, 0xDE, 0x67, 0xE3, 0xF4, 0xF3, 0x1D, 0xDA, 0x52, 0x53, 0xC1, 0xD2, 0xFF,
    0x24, 0x3E, 0xD5, 0xA1, 0x7F, 0x15, 0x94, 0x1A, 0x9A, 0x36, 0x32, 0x01, 0x96, 0xE6, 0x9F, 0x08,
    0xCA, 0x0F, 0xB2, 0x90, 0x1B, 0x4F, 0xBA, 0x2C, 0x2E, 0x48, 0x51, 0x44, 0xBD, 0x65, 0xBD, 0xBC,
    0x0F, 0x54, 0x20, 0x8D, 0x25, 0x7A, 0x39, 0x85, 0xCE, 0x1A, 0x6F, 0x1B, 0x73, 0xBC, 0xA0, 0x08,
    0x40, 0x00, 0x31, 0x88, 0x71, 0xF7, 0xE5, 0x7B, 0x42, 0xDD, 0xE7, 0x7B, 0x52, 0x16, 0xF5, 0x76,
    0x6D, 0xF4, 0x0A, 0x9D, 0x0D, 0x02, 0x12, 0x0F, 0x66, 0xD1, 0x35, 0x1B, 0x99, 0xE6, 0x1A, 0xC5,
    0xA0, 0x84, 0x9D, 0x4A, 0x8E, 0x4F, 0xB4, 0xF6, 0xB2, 0x68, 0x40, 0x71, 0xB8, 0xED, 0x07, 0xE1,
    0x62, 0x45, 0xFA, 0xC2, 0x53, 0x5E, 0xC3, 0xB2, 0x0E, 0x52, 0x5B, 0x8F, 0x90, 0x0D, 0xDF, 0x3F,
    0xCD, 0xBE, 0xA2, 0x18, 0x73, 0x06, 0x54, 0x0F, 0xC3, 0xC4, 0x41, 0xF3, 0x7F, 0xAB, 0xC9, 0x47,
    0xD7, 0x40, 0x7A, 0xA2, 0xD9, 0x69, 0x7C, 0x16, 0xED, 0xC8, 0x3F, 0x11, 0x97, 0x8E, 0x36, 0x3A,
    0xDE, 0xBF, 0xB9, 0xBB, 0x8D, 0x24, 0x5E, 0x11, 0x6D, 0x53, 0x87, 0x92, 0x4B, 0x26, 0x64, 0xB7,
    0xB0, 0x14, 0x68, 0x00, 0x1B, 0xDF, 0x38, 0x3D, 0x26, 0xC7, 0x64, 0x21, 0x3B, 0x2D, 0x85, 0xB9,
    0xD6, 0x4C, 0xD6, 0xCC, 0xAA, 0x59, 0x63, 0x91, 0xB5, 0xEF, 0x8C, 0x4E, 0x9E, 0xC7, 0xE6, 0xCE,
    0x21, 0xF3, 0xC3, 0xCE, 0x09, 0x72, 0xEA, 0x96, 0xA8, 0xCF, 0xB1, 0x93, 0x1D, 0x72, 0x74, 0x8B,
    0xCD, 0x84, 0x9F, 0xDA, 0x44, 0x41, 0x26, 0x52, 0x16, 0x80, 0xF4, 0x41, 0x46, 0xD8, 0xBF, 0x8D,
    0x7E, 0xE2, 0xE3, 0x39, 0x8C, 0x21, 0x8B, 0x78, 0x1F, 0xF6, 0xDC, 0xB1, 0x81, 0xDF, 0x46, 0xD6,
    0x63, 0x70, 0x69, 0x9D, 0xDE, 0x86, 0xAB, 0x9D, 0x29, 0x74, 0xB1, 0x08, 0xD2, 0x27, 0xB6, 0x9D,
    0x42, 0x4E, 0xDA, 0xF1, 0xC9, 0x0E, 0xFE, 0xA3, 0x1E, 0x2C, 0x18, 0x95, 0xE7, 0x2E, 0xDD, 0x47,
    0x77, 0xE1, 0x39, 0x6D, 0x06, 0x08, 0x45, 0xAB, 0xE5, 0xE3, 0x19, 0xBE, 0x01, 0x54, 0x8E, 0x1A,
    0x72, 0xEE, 0x58, 0x4F, 0xDF, 0x44, 0x47, 0x77, 0x39, 0xEB, 0xDE, 0x8E, 0xA0, 0x51, 0x26, 0x72,
    0x4F, 0xB7, 0xAE, 0x2D, 0xD6, 0x93, 0x5B, 0x3F, 0x2F, 0x92, 0x4D, 0x70, 0xE7, 0x84, 0x2C, 0x1E,
    0x27, 0x58, 0x73, 0xC8, 0xC6, 0x96, 0xD7, 0x96, 0x8D, 0xF9, 0x26, 0x73, 0x4D, 0xBA, 0xDF, 0x86,
    0xFB, 0xEA, 0x26, 0xB5, 0x95, 0x7A, 0x94, 0x8F, 0xD2, 0x91, 0xEF, 0x1E, 0x85, 0x59, 0xB8, 0xDC,
    0x20, 0x30, 0xF2, 0x78, 0x20, 0x86, 0x62, 0x52, 0xCD, 0x92, 0xD3, 0x00, 0x8C, 0x16, 0xD1, 0xDA,
    0xB0, 0xD4, 0x8A, 0x6A, 0x29, 0xAD, 0x33, 0x05, 0x41, 0x65, 0xBC, 0xC3, 0x5A, 0xAC, 0x16, 0xA0,
    0x43, 0xCF, 0x6C, 0x48, 0x2D, 0xF1, 0xAC, 0x36, 0x68, 0x2D, 0x77, 0x0B, 0x94, 0x9E, 0x54, 0x82,
    0x56, 0x1E, 0x56, 0xE1, 0xC6, 0x5B, 0xD2, 0x40, 0xF0, 0xD3, 0xD4, 0x4E, 0x4D, 0xCD, 0x86, 0x68,
    0xB9, 0x4F, 0x22, 0x2D, 0xCA, 0xDC, 0x11, 0xDD, 0x00, 0xD1, 0x25, 0x02, 0x03, 0xAF, 0xC4, 0xAB,
    0xD9, 0x66, 0x28, 0x5C, 0xDC, 0xB8, 0xDF, 0xEE, 0x88, 0x02, 0xC6, 0x74, 0x56, 0xA9, 0x9F, 0xE5,
    0x92, 0x03, 0x68, 0xCC, 0x57, 0xF8, 0x8E, 0x5D, 0x52, 0x17, 0x50, 0x85, 0x81, 0xDD, 0xB3, 0x06,
    0x19, 0xB0, 0x78, 0x00, 0xA1, 0x7B, 0x65, 0x10, 0x3D, 0x46, 0x41, 0x5A, 0xB0, 0x3B, 0xCF, 0xA8,
    0xEF, 0x38, 0x03, 0x94, 0xD8, 0xD7, 0x34, 0x2D, 0x8E, 0xAC, 0x3F, 0xCF, 0x97, 0xF0, 0x68, 0x09,
    0x96, 0x51, 0x4F, 0x38, 0x57, 0x40, 0xFF, 0x66, 0x56, 0xFA, 0x93, 0x6D, 0x5B, 0x6E, 0x42, 0x11,
    0xD5, 0x07, 0x3C, 0x29, 0xD8, 0x9D, 0x85, 0xCB, 0x9F, 0xFF, 0x8D, 0x6F, 0x22, 0x9E, 0xCF, 0x85,
    0xD6, 0x89, 0x73, 0x6D, 0x9A, 0x87, 0x0C, 0xC6, 0x8A, 0x9E, 0x3F, 0xDB, 0x79, 0x81, 0xDE, 0x87,
    0x74, 0x7B, 0x7B, 0x78, 0xA6, 0xE5, 0xD9, 0x14, 0x04, 0x1B, 0xF0, 0x00, 0x47, 0x59, 0x74, 0x88,
    0x10, 0x5F, 0x9C, 0xDB, 0xD6, 0xCD, 0xF6, 0xE9, 0xDB, 0x90, 0x69, 0xA3, 0x5E, 0x94, 0x84, 0x83,
    0xB0, 0xC1, 0x3B, 0xAA, 0x5E, 0x10, 0x75, 0xB4, 0x60, 0x8A, 0x53, 0x32, 0x1F, 0x6F, 0x9E, 0xFD,
    0xF2, 0x8E, 0x90, 0x63, 0xA6, 0x4F, 0x50, 0x07, 0x1E, 0xB1, 0x3A, 0x72, 0x1A, 0x15, 0xDC, 0xA3,
    0x1E, 0xF7, 0x6D, 0x5D, 0xDF, 0x5F, 0x9A, 0xAC, 0xA9, 0x51, 0xA1, 0x51, 0x37, 0xAB, 0x66, 0x19,
    0x82, 0xDF, 0xE1, 0xC0, 0x28, 0xAC, 0x64, 0x79, 0xB4, 0xC4, 0x5C, 0x20, 0xE6, 0x17, 0x68, 0x7E,
    0x3B, 0xDF, 0x10, 0x68, 0xD9, 0x36, 0x7E, 0x73, 0xF3, 0x7F, 0xAE, 0x6D, 0x59, 0xCB, 0x34, 0x3C,
    0x37, 0x11, 0xE7, 0xD8, 0xD7, 0xFC, 0xBE, 0x76, 0xB2, 0x3E, 0xEC, 0xB5, 0x19, 0x8B, 0xA2, 0x17,
    0x56, 0xC4, 0xFB, 0x00, 0x1A, 0xB6, 0x3E, 0x79, 0xF5, 0xE3, 0x61, 0x00, 0xC1, 0xFE, 0xE4, 0xB7,
    0x3D, 0x79, 0xF2, 0x9B, 0x3B, 0x9E, 0x1E, 0xFA, 0x6E, 0x21, 0x5D, 0xA9, 0x8E, 0xA3, 0xDA, 0x8E,
    0xD9, 0x17, 0x79, 0xC0, 0x3B, 0x70, 0x5F, 0x2B, 0x37, 0x8A, 0xB8, 0x43, 0x0A, 0xEB, 0x2A, 0xFE,
    0x80, 0xCF, 0xF8, 0xFA, 0xCA, 0x9C, 0x7A, 0xCD, 0x5B, 0x46, 0xA4, 0x14, 0x90, 0x53, 0x65, 0x62,
    0xA3, 0x5B, 0xB9, 0xE6, 0x89, 0xDA, 0xF2, 0xCF, 0xCB, 0x50, 0xF5, 0x82, 0xF3, 0x65, 0x60, 0x76,
    0xDC, 0x6B, 0x69, 0xE3, 0x85, 0x64, 0x56, 0x53, 0xB2, 0xA7, 0x88, 0xDD, 0xFF, 0x74, 0x52, 0xFE,
    0x39, 0x71, 0xA6, 0x0B, 0xA0, 0x69, 0x08, 0xCC, 0x19, 0xDC, 0x9C, 0x11, 0xA1, 0x0A, 0xF3, 0x3E,
    0xFD, 0xF8, 0xBE, 0xA3, 0x00, 0x5E, 0x85, 0xE3, 0x09, 0x08, 0x7B, 0xC0, 0x0F, 0x3C, 0xBD, 0x65,
    0x65, 0x40, 0xCC, 0x70, 0xF1, 0xBF, 0x6D, 0xF4, 0x74, 0xA3, 0x97, 0x8E, 0x22, 0xF4, 0x28, 0x7E,
    0x5E, 0x76, 0x35, 0x60, 0x14, 0x20, 0xD7, 0x74, 0x00, 0x59, 0xA5, 0x81, 0x23, 0xDC, 0x36, 0x22,
    0x2B, 0xD3, 0x6F, 0x6F, 0x9D, 0xEA, 0xE6, 0x32, 0x6D, 0x4F, 0x9F, 0xDC, 0x39, 0x5E, 0x9A, 0x13,
    0xEB, 0x65, 0x64, 0x14, 0x3F, 0xF7, 0xA8, 0x50, 0xB4, 0x3D, 0x97, 0x9F, 0x53, 0x7F, 0x01, 0xA8,
    0x48, 0xEB, 0x9F, 0xAA, 0x53, 0x53, 0xAC, 0x0F, 0x86, 0xFC, 0x79, 0x8D, 0x60, 0xBD, 0xE3, 0x09,
    0x1F, 0x78, 0xBF, 0x7B, 0xC7, 0xF1, 0x73, 0x80, 0x7B, 0x88, 0x75, 0x68, 0x2A, 0x7D, 0x78, 0xC7,
    0x76, 0x61, 0xA9, 0x94, 0xEF, 0x27, 0xF1, 0x12, 0x81, 0x5A, 0xF2, 0xDA, 0xA2, 0x59, 0x32, 0x19,
    0x27, 0xDE, 0x90, 0x6B, 0xC7, 0x95, 0xD5, 0x2F, 0x8A, 0xAC, 0x1E, 0x5C, 0x69, 0xF0, 0x17, 0xC5,
    0x95, 0x0C, 0x50, 0x24, 0x0A, 0x66, 0xDA, 0xF9, 0x7B, 0xD0, 0x48, 0xC6, 0x7F, 0x5E, 0x5C, 0x48,
    0xD1, 0xE9, 0x8A, 0xAF, 0xFE, 0x40, 0x7B, 0xEB, 0xE0, 0x9E, 0xAF, 0xD2, 0xB5, 0x81, 0x77, 0x6A,
    0xF8, 0xCC, 0xCA, 0xB1, 0xD6, 0xC2, 0x4F, 0xAF, 0xAC, 0x22, 0xDE, 0x38, 0x3F, 0xE3, 0x64, 0x67,
    0x7F, 0x8A, 0xF1, 0x45, 0xA3, 0xF8, 0x7A, 0xE7, 0xFC, 0x27, 0xBF, 0x17, 0x26, 0xE3, 0xA0, 0xC5,
    0x3F, 0x0E, 0x28, 0x93, 0xE5, 0xA7, 0x15, 0x44, 0x5D, 0xB8, 0xA7, 0xDF, 0x32, 0x4B, 0xA3, 0xE5,
    0x74, 0x4A, 0x38, 0xA3, 0xE2, 0x4E, 0x3A, 0xEC, 0x12, 0x85, 0xD6, 0xC5, 0x79, 0x08, 0x73, 0xD8,
    0x46, 0x67, 0xCB, 0xEA, 0x66, 0x93, 0x96, 0x5E, 0x6F, 0x36, 0x68, 0xAD, 0x5B, 0x3C, 0xAC, 0x39,
    0xFC, 0xB0, 0xB7, 0x34, 0x87, 0x0C, 0x7B, 0xEB, 0xF6, 0x1E, 0x76, 0x4B, 0xDA, 0x7B, 0xB7, 0xA0,
    0x35, 0xF8, 0x48, 0xF3, 0xCC, 0xDC, 0xD0, 0x2D, 0x6A, 0x8D, 0x5C, 0x87, 0x4D, 0x36, 0xB8, 0x6C,
    0xD7, 0x87, 0xED, 0x04, 0x7B, 0x89, 0xA6, 0x0B, 0xC7, 0x1B, 0xC1, 0xD4, 0xA9, 0x9B, 0x69, 0xA3,
    0xF7, 0xB1, 0xAB, 0x5E, 0x06, 0xD9, 0x20, 0x65, 0x32, 0xFB, 0x4E, 0xB7, 0x32, 0x16, 0xFD, 0xC0,
    0x65, 0x5C, 0xEC, 0xEE, 0xC9, 0x4C, 0x2D, 0x31, 0x9C, 0xDC, 0x0D, 0xF2, 0x30, 0xBD, 0x9A, 0xC3,
    0x84, 0x2C, 0xBF, 0xF1, 0xC8, 0xF5, 0x37, 0x1E, 0x7B, 0x8F, 0xE4, 0x06, 0x84, 0x39, 0xEF, 0x35,
    0x10, 0x62, 0xC1, 0x29, 0x52, 0x3D, 0x1D, 0x52, 0x6B, 0xCA, 0x44, 0x76, 0x04, 0xF1, 0x85, 0x24,
    0x77, 0xBE, 0x18, 0xC0, 0x36, 0xB6, 0x64, 0x16, 0xD8, 0xDE, 0xA9, 0x08, 0x69, 0xA7, 0x01, 0xAB,
    0x9D, 0xCB, 0xBA, 0xB0, 0x39, 0xBC, 0x78, 0x83, 0x1C, 0xCC, 0xCE, 0x3B, 0x39, 0xFF, 0x92, 0xF5,
    0xA0, 0x14, 0xEB, 0xF6, 0x4D, 0x91, 0xFE, 0xED, 0x3C, 0x02, 0x1F, 0xCE, 0x46, 0x48, 0xB0, 0x92,
    0x13, 0xFE, 0x13, 0xBF, 0x84, 0xC0, 0x15, 0xBA, 0xD3, 0x22, 0xE8, 0xFB, 0x29, 0xCD, 0x7B, 0x00,
    0xA7, 0x49, 0x57, 0x54, 0x08, 0x55, 0xEE, 0xFF, 0xE9, 0xF7, 0xE9, 0x86, 0xAD, 0x13, 0xA6, 0x4F,
    0x2D, 0x42, 0xD9, 0x34, 0x37, 0x26, 0xCE, 0x3B, 0xFB, 0x13, 0x0F, 0xEA, 0xB8, 0x90, 0x65, 0x92,
    0x02, 0xC0, 0x9F, 0xFF, 0xF0, 0xE4, 0x0A, 0xBA, 0xF0, 0x14, 0x3C, 0x43, 0xFD, 0x15, 0xBA, 0x3C,
    0xF9, 0xD5, 0xB7, 0x17, 0xDF, 0xCB, 0xB3, 0x92, 0x12, 0xCD, 0x17, 0xAC, 0x76, 0x1A, 0x61, 0x96,
    0x83, 0x5F, 0xF8, 0x50, 0xB3, 0x26, 0xE0, 0x54, 0x6A, 0x62, 0x8D, 0xA4, 0xF9, 0xC6, 0x78, 0xBC,
    0x44, 0xB6, 0x69, 0x49, 0x91, 0x88, 0xCF, 0x2F, 0xC7, 0x3E, 0x1B, 0xCB, 0xED, 0x4B, 0x0F, 0x32,
    0x3D, 0x7D, 0xA4, 0xF2, 0x7F, 0x94, 0x95, 0x51, 0xAA, 0x2C, 0x37, 0x0C, 0x44, 0x05, 0xFE, 0x0D,
    0x68, 0x2B, 0xD9, 0x81, 0xB6, 0x6E, 0x98, 0x05, 0xDC, 0xAD, 0x08, 0xF2, 0x2B, 0xA8, 0xE0, 0x52,
    0x75, 0xBB, 0xC7, 0xE9, 0x1B, 0x78, 0xE6, 0xE1, 0x73, 0xDE, 0xD0, 0x1E, 0x4B, 0x35, 0xF6, 0x6D,
    0x5B, 0xC3, 0xCB, 0x2C, 0xB0, 0x30, 0x80, 0x8C, 0xB4, 0x00, 0x2A, 0xD2, 0xB0, 0xC6, 0x1C, 0xA8,
    0x00, 0x6C, 0x2C, 0x4B, 0x73, 0x98, 0x61, 0x9A, 0x17, 0x11, 0xF9, 0x02, 0xCC, 0x77, 0x0C, 0xD8,
    0xC6, 0xD7, 0x17, 0xA5, 0xC5, 0x2A, 0xA1, 0x96, 0x59, 0x00, 0x6B, 0x8D, 0x03, 0x30, 0xB3, 0x01,
    0xD4, 0xAA, 0x91, 0x9F, 0xA9, 0xDA, 0xAF, 0xD9, 0x59, 0x31, 0x50, 0xAB, 0x3E, 0xB0, 0x50, 0x60,
    0x7D, 0x3C, 0x56, 0x45, 0xA5, 0xBA, 0xCE, 0x79, 0x76, 0x4D, 0x03, 0xA6, 0x39, 0x7A, 0xCE, 0xCE,
    0x02, 0xC5, 0x02, 0x92, 0xF3, 0xDA, 0x18, 0x65, 0x1A, 0x03, 0x5C, 0xFA, 0x01, 0xD7, 0x0A, 0x3F,
    0x45, 0x20, 0x07, 0xF7, 0x9F, 0x84, 0x12, 0xB5, 0x07, 0xBC, 0x36, 0x92, 0x88, 0x13, 0x91, 0xC2,
    0xFF, 0x27, 0x1B, 0x6B, 0x2B, 0x96, 0x2A, 0x94, 0xA9, 0x64, 0x86, 0x65, 0xD7, 0xC0, 0x7C, 0x60,
    0xB0, 0x24, 0x7C, 0x1A, 0x3F, 0x45, 0x80, 0x9B, 0x41, 0xD9, 0xA4, 0xBE, 0xFA, 0x04, 0xA6, 0xE0,
    0xF5, 0x82, 0x68, 0x80, 0x00, 0x92, 0xF8, 0x59, 0x08, 0xA1, 0x7C, 0x41, 0x03, 0x16, 0x53, 0x1A,
    0x1F, 0xC8, 0xCC, 0x51, 0x5B, 0x73, 0xE7, 0x3D, 0xC9, 0x97, 0x11, 0xE0, 0xA3, 0x2C, 0x1D, 0x50,
    0x18, 0xDC, 0x7F, 0x6B, 0x1D, 0x5A, 0xAC, 0x1A, 0x2C, 0x69, 0x77, 0x95, 0xC6, 0x5F, 0xAC, 0x77,
    0x93, 0x3A, 0xEC, 0x45, 0xD7, 0x2A, 0x6F, 0x45, 0xEA, 0xA7, 0xE5, 0xAA, 0x5B, 0x8D, 0xEA, 0x30,
    0xBF, 0xB4, 0xB8, 0xCA, 0x22, 0x75, 0xC4, 0xA5, 0x5C, 0xD5, 0xA1, 0x5F, 0x1A, 0xAA, 0x8D, 0x45,
    0x73, 0x9A, 0xAA, 0x5C, 0xBA, 0x5B, 0x63, 0x27, 0x54, 0x45, 0x96, 0x5E, 0x9D, 0xC8, 0xA8, 0x50,
    0x20, 0xA3, 0xAE, 0x3C, 0xAC, 0x1F, 0xE7, 0x9C, 0x32, 0x8E, 0x6B, 0x43, 0x65, 0x11, 0x20, 0xBE,
    0x0C, 0x4F, 0xB3, 0x36, 0xB5, 0xA8, 0x44, 0xBC, 0x14, 0xC8, 0xCE, 0x63, 0x3F, 0x40, 0xE3, 0x3F,
    0x25, 0x10, 0xB9, 0xB3, 0xD8, 0xFD, 0xAB, 0xFD, 0x7D, 0xAA, 0x1D, 0x48, 0x35, 0x2F, 0xCB, 0xCB,
    0xCA, 0xDA, 0x78, 0x3C, 0x46, 0x5D, 0x99, 0xC3, 0x4B, 0x82, 0x6C, 0x09, 0x4C, 0x49, 0xA7, 0xCA,
    0x25, 0x5B, 0xBC, 0x22, 0xB5, 0x4D, 0xCB, 0x00, 0x70, 0xCB, 0x0C, 0xFE, 0xA7, 0x8F, 0xC4, 0xF4,
    0xD2, 0x5F, 0xAD, 0x48, 0x4A, 0x51, 0xBA, 0x13, 0x0A, 0x2F, 0x90, 0x9A, 0x67, 0x1F, 0x0E, 0xA3,
    0xE8, 0xA4, 0xF9, 0xD5, 0x39, 0xBF, 0x89, 0x1D, 0xD4, 0x00, 0x40, 0x71, 0x60, 0xE5, 0xF5, 0x4F,
    0xCB, 0xC0, 0x27, 0x29, 0x5C, 0xA1, 0x85, 0x5C, 0x76, 0x22, 0xF2, 0x86, 0xFD, 0xF9, 0xCD, 0x15,
    0x06, 0x4C, 0x88, 0x3C, 0xE1, 0x75, 0x03, 0x60, 0xE9, 0x37, 0xA6, 0xA0, 0x30, 0x05, 0x2C, 0x8C,
    0x81, 0xB9, 0x80, 0x0B, 0x46, 0xD4, 0xF7, 0x85, 0xF6, 0x7C, 0x6E, 0x11, 0x5F, 0x1D, 0x8D, 0x49,
    0x98, 0x35, 0xFE, 0x36, 0xB5, 0xF2, 0x8E, 0xB3, 0x95, 0x77, 0x9C, 0x1D, 0x1D, 0x80, 0xDE, 0x24,
    0x17, 0xA6, 0x70, 0xF4, 0x37, 0x1F, 0x18, 0x0D, 0xC0, 0x9E, 0xA8, 0xFD, 0x44, 0xE4, 0x58, 0x1B,
    0x38, 0xBA, 0x3E, 0x4D, 0xA6, 0x1E, 0x61, 0xAA, 0xEA, 0x98, 0xF4, 0xE4, 0x39, 0x9D, 0x4F, 0x6A,
    0x9A, 0xEF, 0x8F, 0xAB, 0xE4, 0x3D, 0xE9, 0xED, 0x3A, 0xEF, 0x49, 0x9F, 0xF7, 0xF9, 0x64, 0x04,
    0xA5, 0xAC, 0x70, 0x0B, 0x58, 0x60, 0x0B, 0xA3, 0xDA, 0xA2, 0x23, 0x3D, 0x6E, 0xA9, 0x98, 0xBE,
    0x3A, 0x7B, 0x4A, 0xC6, 0x12, 0xDF, 0xE2, 0xB7, 0x54, 0xF0, 0x96, 0xE4, 0x2D, 0x83, 0xA2, 0xAF,
    0xBC, 0x45, 0x57, 0xAE, 0x0B, 0x9C, 0xA7, 0x60, 0x5A, 0x3C, 0x44, 0x77, 0x92, 0x05, 0x72, 0x6C,
    0x41, 0xCB, 0x5F, 0xD7, 0xF9, 0x1B, 0xD8, 0x62, 0x92, 0xFA, 0xEF, 0x3B, 0xC7, 0x53, 0xF9, 0x44,
    0xE7, 0x43, 0x41, 0x4B, 0x2A, 0x9F, 0x31, 0x29, 0x5C, 0xBD, 0x45, 0xBF, 0xC4, 0xB8, 0xE5, 0x97,
    0x7C, 0x98, 0xF4, 0x2D, 0x2E, 0x79, 0xCF, 0xE7, 0x88, 0x5C, 0x72, 0xE6, 0x93, 0x92, 0xC8, 0x1D,
    0xCB, 0x6F, 0xF9, 0x60, 0xBE, 0x8B, 0x52, 0x50, 0x4B, 0xA7, 0xD4, 0xB9, 0xC8, 0x42, 0x86, 0x3C,
    0x38, 0x9B, 0x6E, 0xE7, 0x18, 0xA5, 0xB7, 0x45, 0x01, 0x24, 0x80, 0xF9, 0xA0, 0x63, 0xB2, 0x3B,
    0x87, 0x35, 0xEB, 0x9D, 0x6C, 0x2E, 0x52, 0xB7, 0xE1, 0x85, 0x73, 0x71, 0x32, 0x6F, 0xC3, 0xA2,
    0xBF, 0x51, 0x3D, 0xDB, 0x2B, 0xBD, 0x39, 0x50, 0x07, 0x53, 0x24, 0xFE, 0x6D, 0xD7, 0x6C, 0x73,
    0x63, 0xF7, 0x55, 0x30, 0x1E, 0x89, 0xAF, 0x95, 0xD8, 0xCA, 0x59, 0x40, 0x25, 0xB6, 0x8E, 0x34,
    0x0B, 0x98, 0xAD, 0x20, 0xF5, 0xAB, 0xA5, 0xE7, 0x0A, 0x1E, 0x8B, 0xDA, 0x69, 0xE6, 0xFF, 0x7A,
    0xCE, 0x9C, 0xE9, 0xBD, 0x77, 0x9A, 0xFC, 0xE2, 0xB6, 0xA3, 0x98, 0x00, 0xB6, 0x01, 0x27, 0x4D,
    0x54, 0xEB, 0x6F, 0xD0, 0xFE, 0x54, 0x19, 0x47, 0xD8, 0xE9, 0x83, 0x68, 0x0A, 0x46, 0x53, 0xC9,
    0x8F, 0xA4, 0x91, 0xB7, 0x24, 0xC8, 0xBA, 0x3D, 0x39, 0x92, 0x3A, 0x04, 0xD5, 0xED, 0x12, 0xFD,
    0x34, 0x65, 0x72, 0x0E, 0xEE, 0x26, 0x83, 0x49, 0x12, 0x9E, 0xE4, 0x94, 0xA3, 0x61, 0x3E, 0x07,
    0x03, 0x06, 0x85, 0x5B, 0x3E, 0x0A, 0x8D, 0x0A, 0xEA, 0x04, 0x40, 0xC1, 0x15, 0x32, 0x75, 0x67,
    0x85, 0xE0, 0xCD, 0x41, 0xCD, 0x63, 0x41, 0x59, 0xC9, 0x18, 0x80, 0x11, 0x73, 0x9D, 0xCB, 0xA8,
    0xB0, 0x06, 0x83, 0x06, 0x66, 0xE7, 0x72, 0xD1, 0xB9, 0x61, 0xAC, 0x00, 0x82, 0x3A, 0x27, 0x74,
    0x3C, 0x80, 0xC5, 0x03, 0xC0, 0xCF, 0x60, 0xC8, 0xC9, 0xBB, 0x37, 0xCC, 0x2D, 0x34, 0x50, 0xF6,
    0x10, 0xC4, 0x36, 0x2F, 0x08, 0xF6, 0x53, 0xC7, 0xD7, 0xD3, 0xE2, 0x74, 0x52, 0xDB, 0xDB, 0x99,
    0x16, 0x41, 0xDB, 0xD9, 0x18, 0xB9, 0xC0, 0xC9, 0xAB, 0x80, 0x57, 0x40, 0x49, 0x31, 0xDA, 0xCE,
    0xC3, 0x92, 0x2E, 0x35, 0x59, 0xD2, 0x26, 0x6D, 0x61, 0x12, 0xA4, 0x6F, 0x94, 0xC9, 0xA3, 0xA9,
    0xE4, 0x98, 0x29, 0x99, 0xB1, 0x01, 0xD4, 0xBF, 0x68, 0x1C, 0x8C, 0xF6, 0xED, 0x3F, 0x37, 0x1C,
    0xB5, 0x4A, 0x53, 0x03, 0x84, 0x42, 0xDA, 0x61, 0x76, 0x78, 0x89, 0x95, 0x92, 0x24, 0xAC, 0x10,
    0xDA, 0x0E, 0x83, 0x48, 0xF8, 0xF4, 0x4E, 0x19, 0x0C, 0x09, 0x74, 0xAA, 0xAD, 0x48, 0xB5, 0xED,
    0x4A, 0x3B, 0x65, 0x7A, 0xE4, 0xE9, 0xD0, 0xB1, 0xB1, 0x0F, 0x23, 0x63, 0x63, 0x1F, 0xF0, 0x8D,
    0x7D, 0x30, 0x9E, 0x35, 0x00, 0x5B, 0x2E, 0xD9, 0x93, 0x01, 0x27, 0x2B, 0xCC, 0xD1, 0x2E, 0x88,
    0x73, 0x96, 0x73, 0x5A, 0xCB, 0x5B, 0x45, 0xE7, 0xA5, 0x1F, 0x5E, 0x38, 0x7F, 0x3D, 0x01, 0x46,
    0x6A, 0x4C, 0xC3, 0x2C, 0xA1, 0x43, 0xA9, 0x24, 0x14, 0x47, 0x73, 0xED, 0x19, 0x1A, 0x27, 0xBE,
    0x8B, 0xBF, 0xAA, 0x22, 0x15, 0xF0, 0x05, 0x54, 0x9D, 0xBF, 0xE7, 0x84, 0x88, 0x9C, 0x3E, 0x91,
    0xBF, 0x8E, 0xA7, 0xE8, 0x95, 0x7E, 0xC7, 0x2E, 0x3A, 0xE8, 0x60, 0xF0, 0x3B, 0xBE, 0xA5, 0x76,
    0x29, 0xD1, 0x3A, 0xC1, 0x9A, 0x27, 0xA8, 0xE2, 0xFC, 0x0D, 0x33, 0x79, 0xB7, 0xA7, 0xA9, 0x78,
    0x1C, 0x56, 0x22, 0xD4, 0xFC, 0x7E, 0x8F, 0x24, 0x55, 0x8C, 0xEF, 0xEA, 0xC0, 0x39, 0x81, 0x4A,
    0xAC, 0x2B, 0x2E, 0xF5, 0x4C, 0x15, 0x3F, 0xDB, 0x8B, 0xD9, 0x79, 0xBB, 0xAF, 0x16, 0xA7, 0xFF,
    0xAE, 0x5E, 0x2C, 0xDF, 0x49, 0xC5, 0xA3, 0x9F, 0x01, 0x09, 0xA3, 0xDE, 0x33, 0x1E, 0xA5, 0x17,
    0x37, 0x9E, 0xA4, 0x62, 0xC0, 0x85, 0x01, 0xD4, 0x90, 0xB0, 0xF1, 0xC6, 0xE2, 0x12, 0x4F, 0x01,
    0x04, 0x80, 0x02, 0x30, 0xDC, 0x07, 0x5C, 0x79, 0xA6, 0x2B, 0xDC, 0x10, 0xB3, 0x26, 0xC1, 0x45,
    0x75, 0x86, 0x28, 0xCD, 0xF8, 0x12, 0x5C, 0x7B, 0xD2, 0x22, 0x59, 0x66, 0x0D, 0x7D, 0xD1, 0xF0,
    0x93, 0x21, 0xCD, 0x44, 0x67, 0x1F, 0x29, 0xAE, 0xA6, 0xE4, 0xA9, 0x84, 0x0C, 0x4E, 0x9F, 0x13,
    0x8D, 0x52, 0x97, 0x24, 0x65, 0xDA, 0x3F, 0x1A, 0x67, 0x8A, 0x7F, 0x23, 0xBD, 0xD2, 0xF9, 0x09,
    0x63, 0xEB, 0x59, 0x7A, 0xCD, 0xDF, 0x8E, 0xBD, 0x61, 0x6C, 0x5C, 0x7C, 0x04, 0xA0, 0xC8, 0xCA,
    0x47, 0x5F, 0x1A, 0x86, 0xD9, 0x40, 0x37, 0xEE, 0x33, 0x1D, 0x83, 0xB2, 0xA1, 0xDD, 0x18, 0xB3,
    0x61, 0xD1, 0x0D, 0x9B, 0x06, 0x76, 0x36, 0xA4, 0x1B, 0x2C, 0x7A, 0xB2, 0x27, 0x67, 0x4F, 0xE7,
    0x06, 0xA5, 0x62, 0xBC, 0xC6, 0x06, 0x4D, 0xE1, 0x2C, 0x76, 0x82, 0x89, 0x00, 0x1B, 0x16, 0xB3,
    0xC1, 0xC0, 0x15, 0x5D, 0x74, 0x38, 0x5F, 0x8E, 0x93, 0x05, 0xEE, 0xF0, 0xB4, 0xC1, 0x34, 0x00,
    0x30, 0x24, 0xA1, 0x43, 0x21, 0xA9, 0xE4, 0x39, 0xD1, 0x70, 0x52, 0xAA, 0x8B, 0x22, 0x8C, 0xC6,
    0xE2, 0x85, 0x55, 0x87, 0xB5, 0x34, 0x06, 0x3E, 0x79, 0x4A, 0x6A, 0x00, 0x02, 0xD4, 0x22, 0xA8,
    0x55, 0xA4, 0xE6, 0x6E, 0xF4, 0x51, 0xBA, 0x0D, 0x28, 0x31, 0x00, 0x08, 0x20, 0x55, 0xAB, 0x7E,
    0x53, 0x74, 0x2C, 0x50, 0x60, 0x4D, 0x49, 0x31, 0x08, 0xFF, 0x04, 0xB3, 0x02, 0x8B, 0x52, 0x2D,
    0x91, 0x6A, 0xA7, 0x03, 0x95, 0x53, 0x25, 0x24, 0xC1, 0x20, 0x54, 0x72, 0x24, 0x18, 0x3E, 0x06,
    0x2B, 0xBE, 0x74, 0x3E, 0x4F, 0xD0, 0x72, 0x84, 0x13, 0x4B, 0xDA, 0x50, 0xAE, 0x29, 0x94, 0x96,
    0x98, 0x2A, 0xBF, 0xB1, 0x12, 0xBE, 0x06, 0x89, 0x06, 0x38, 0x97, 0x0F, 0xA0, 0xE0, 0x89, 0xCE,
    0xB3, 0xC0, 0xF2, 0xE3, 0x0D, 0x1D, 0x18, 0x2B, 0xE2, 0x2A, 0x0D, 0xE3, 0x5F, 0xA6, 0xB1, 0xB7,
    0x71, 0x29, 0xE3, 0x28, 0x45, 0xED, 0xB1, 0xE0, 0x1A, 0x11, 0x4E, 0x2A, 0x52, 0x13, 0x2B, 0x0D,
    0x5C, 0xDC, 0x4E, 0x8C, 0x64, 0xA9, 0xAD, 0xD3, 0xB0, 0xA4, 0x24, 0x29, 0xE6, 0x5F, 0x4B, 0xC3,
    0x38, 0xAC, 0xF5, 0xA7, 0x0D, 0xEB, 0x7B, 0x0F, 0x6B, 0x5B, 0x91, 0xF6, 0x58, 0x34, 0x0B, 0x70,
    0xB7, 0xA4, 0xD5, 0x7B, 0x99, 0xE5, 0x9E, 0xB4, 0xDB, 0x8F, 0xCD, 0x50, 0xA2, 0xA8, 0xE0, 0x2E,
    0x53, 0xA7, 0xB2, 0x2C, 0xCA, 0x0B, 0x38, 0xE6, 0x93, 0x56, 0xE4, 0x9E, 0x0C, 0x07, 0xF1, 0x4A,
    0xD6, 0x78, 0x93, 0xF9, 0x28, 0x49, 0x5D, 0x89, 0xE4, 0x1E, 0xB5, 0x38, 0xFB, 0x67, 0x4D, 0x87,
    0xEB, 0x28, 0xE0, 0x89, 0xAF, 0xF5, 0x1C, 0xEB, 0xD0, 0x09, 0x57, 0x98, 0x55, 0xDE, 0x31, 0x55,
    0x5A, 0x99, 0xBA, 0xB2, 0xC4, 0x47, 0xA1, 0xB8, 0xC2, 0x55, 0xA4, 0xC7, 0x30, 0xA6, 0x31, 0xCA,
    0x0F, 0x12, 0x6B, 0xA2, 0xFC, 0x19, 0x6E, 0xE0, 0xF5, 0xAA, 0x02, 0xC2, 0xA5, 0xD1, 0x93, 0x46,
    0xD3, 0xAF, 0x5C, 0xC6, 0x84, 0x8E, 0x5F, 0x5B, 0x22, 0xB0, 0xD6, 0xFE, 0x48, 0x44, 0x03, 0x4E,
    0xD0, 0x40, 0x3D, 0x8E, 0xAE, 0x23, 0xA9, 0xEF, 0xAF, 0x5F, 0xAC, 0xE0, 0xE7, 0x35, 0x14, 0xFF,
    0xC7, 0x63, 0xCB, 0xF6, 0xBD, 0x3F, 0x82, 0xE3, 0xB9, 0xBF, 0xD7, 0xB5, 0x93, 0x65, 0x59, 0xEA,
    0x42, 0x9E, 0x80, 0x96, 0xBB, 0x04, 0xD5, 0x8E, 0x0E, 0xD3, 0x7B, 0x29, 0xE2, 0x4E, 0xAA, 0x8C,
    0xAD, 0x18, 0x4A, 0xF4, 0x07, 0x57, 0x52, 0x09, 0xB6, 0xBA, 0xE3, 0xC5, 0x9F, 0x0C, 0x3E, 0xE5,
    0x9B, 0x8B, 0x6D, 0x61, 0x13, 0xAD, 0x77, 0x8D, 0x3D, 0x9F, 0x26, 0x0E, 0x5C, 0x2F, 0x57, 0x14,
    0x52, 0xC7, 0xE3, 0x8A, 0xED, 0x1F, 0x4F, 0x46, 0xC4, 0xCF, 0xA9, 0xA1, 0x4A, 0x9B, 0x8E, 0x18,
    0xCB, 0xB8, 0xFA, 0xFF, 0x06, 0x7D, 0xCF, 0xD0, 0x5B, 0xC0, 0x4B, 0x2D, 0x74, 0x6B, 0xB0, 0xF5,
    0xDF, 0xB4, 0x2D, 0xDF, 0x99, 0xF4, 0x1F, 0x37, 0xBE, 0xE7, 0xB6, 0x3C, 0x3D, 0x6E, 0x5D, 0xF7,
    0x4F, 0x95, 0xBE, 0x7F, 0x12, 0x49, 0x13, 0xA7, 0x48, 0xDA, 0xC0, 0x48, 0x7A, 0x41, 0x3E, 0xD9,
    0xE3, 0x48, 0xFA, 0x90, 0xAB, 0xB9, 0xE8, 0x78, 0xA9, 0x68, 0x90, 0xD6, 0x59, 0xAE, 0xF0, 0xBE,
    0xC2, 0xAF, 0xAE, 0xB4, 0x14, 0x93, 0xDE, 0xBA, 0xCA, 0x7E, 0x2D, 0x3D, 0x87, 0xD6, 0xD5, 0xEA,
    0x3A, 0x96, 0x2B, 0xFD, 0x9C, 0x57, 0x3E, 0x5E, 0x5F, 0x97, 0xCD, 0x43, 0x5E, 0x07, 0x37, 0x0D,
    0x69, 0x34, 0xCF, 0xEB, 0xE8, 0x54, 0x9A, 0x13, 0x9D, 0x73, 0xEB, 0x32, 0x69, 0x35, 0x8E, 0xB8,
    0x50, 0x73, 0x0D, 0xF4, 0xE2, 0xC1, 0x1E, 0xAC, 0x0E, 0xAD, 0x5E, 0xCE, 0xC7, 0x56, 0xC8, 0x92,
    0xC9, 0x39, 0xF0, 0xE9, 0x9C, 0x02, 0xEE, 0x39, 0xB5, 0x23, 0x51, 0x88, 0x8E, 0x69, 0xC7, 0xA9,
    0xE8, 0xAC, 0x91, 0xB4, 0x07, 0x84, 0x37, 0x3F, 0xC7, 0x27, 0xC9, 0x3F, 0x9A, 0xF7, 0x4D, 0x96,
    0x4F, 0xEF, 0x7D, 0xA7, 0xF1, 0x49, 0x4C, 0xCA, 0x68, 0xA6, 0x6D, 0x8A, 0xDC, 0xDA, 0x6E, 0x46,
    0xEA, 0x9C, 0x54, 0xB2, 0xFE, 0x43, 0xCA, 0x30, 0xE6, 0xAB, 0xCD, 0xBC, 0x9F, 0x79, 0xB3, 0xDC,
    0xA2, 0x49, 0x59, 0x04, 0x2D, 0xB1, 0x25, 0x34, 0x88, 0xD3, 0xB6, 0x32, 0xF7, 0x94, 0x7B, 0x68,
    0x70, 0x2B, 0xF9, 0xA2, 0x54, 0xD7, 0x69, 0xE4, 0xB1, 0x60, 0x86, 0x39, 0xE3, 0xFC, 0xF5, 0x2F,
    0xF5, 0xFD, 0x5D, 0x61, 0xFD, 0x67, 0x06, 0x3D, 0xEF, 0xCD, 0x83, 0xE4, 0xDF, 0x11, 0x4D, 0xFD,
    0x88, 0x53, 0x55, 0x08, 0xB7, 0xA6, 0x40, 0x9A, 0x3A, 0x3E, 0x69, 0xC0, 0xE3, 0xAA, 0xD0, 0xA9,
    0x1E, 0x44, 0x76, 0xF0, 0xB9, 0x07, 0x4D, 0x8B, 0xEC, 0xD4, 0x25, 0xFF, 0x9E, 0x72, 0x88, 0xBF,
    0x27, 0xC6, 0x96, 0x4C, 0xEA, 0x53, 0x6A, 0x44, 0x94, 0xF0, 0xC2, 0x55, 0x7B, 0x7E, 0xA5, 0xD8,
    0xFF, 0x4B, 0x55, 0xA3, 0x8E, 0xEC, 0x04, 0xBE, 0x28, 0x42, 0xA3, 0x4D, 0xF7, 0x52, 0x35, 0xA4,
    0x65, 0x92, 0x6F, 0xF1, 0xB0, 0x1A, 0x50, 0x4A, 0x37, 0xCA, 0x59, 0x2D, 0x56, 0x5F, 0x4E, 0xD9,
    0x38, 0xA7, 0x73, 0x61, 0x2E, 0x96, 0x48, 0xA4, 0x8C, 0xA4, 0x06, 0x1C, 0x6E, 0x9E, 0xC4, 0xD1,
    0xBC, 0x55, 0x82, 0x7D, 0x8F, 0x24, 0xBC, 0x98, 0x6A, 0x05, 0xCE, 0x49, 0xD5, 0x12, 0x70, 0xCE,
    0xD0, 0xFD, 0x7D, 0xAD, 0xDF, 0x2E, 0xF1, 0x70, 0xEC, 0xFA, 0x7D, 0xE3, 0xE4, 0xCB, 0xD0, 0x8B,
    0xF2, 0xDE, 0xB9, 0xFE, 0xA4, 0x54, 0x09, 0x4B, 0xA4, 0xA8, 0xB7, 0x91, 0x48, 0x41, 0xEF, 0x29,
    0x1D, 0x6E, 0xA9, 0xAD, 0x9A, 0xD7, 0xB7, 0xA4, 0xC9, 0x78, 0xBB, 0x31, 0x37, 0x58, 0x7E, 0x50,
    0x3F, 0xE0, 0x62, 0xA8, 0x9F, 0x85, 0x62, 0xF5, 0xA4, 0x84, 0xBD, 0xF2, 0x7B, 0x24, 0x74, 0x28,
    0x0E, 0xE5, 0x82, 0xC9, 0xA0, 0xE8, 0x4F, 0xAA, 0x30, 0x1B, 0x92, 0x5C, 0xA1, 0x39, 0x38, 0x43,
    0x23, 0x25, 0x90, 0x78, 0x5D, 0xB5, 0xE5, 0xD9, 0xD9, 0x2A, 0xAB, 0x95, 0xAE, 0x7E, 0xD8, 0xA1,
    0xFE, 0x0C, 0xB5, 0xD1, 0xD9, 0xA0, 0x83, 0xCF, 0x4A, 0x73, 0x9D, 0x1C, 0xCD, 0x96, 0x20, 0x9F,
    0xF0, 0x09, 0x5F, 0x12, 0xDD, 0x86, 0xB0, 0x60, 0xA1, 0x3B, 0xFE, 0x38, 0xA5, 0xBC, 0xB8, 0x3B,
    0xCB, 0x62, 0x19, 0x25, 0xB4, 0x3B, 0x25, 0x8E, 0xDD, 0x9D, 0x3A, 0xDB, 0xA7, 0xB6, 0x6F, 0x38,
    0x14, 0xFB, 0xEB, 0x92, 0x1F, 0x40, 0x3F, 0xB9, 0xB3, 0xBE, 0x03, 0x5F, 0x3A, 0xFF, 0x91, 0x83,
    0x72, 0x3E, 0x9F, 0x26, 0xE8, 0x41, 0xF4, 0x26, 0xF4, 0x36, 0x4A, 0x68, 0xD0, 0x93, 0x7E, 0xBB,
    0x5E, 0xE8, 0x2F, 0x0A, 0x4C, 0x98, 0x5B, 0xEA, 0xC5, 0x9E, 0xA0, 0x17, 0x1A, 0xA5, 0x6C, 0x92,
    0xFF, 0x83, 0x04, 0x07, 0x79, 0x2B, 0x64, 0xF4, 0x09, 0xC4, 0xDF, 0x7B, 0x39, 0x8A, 0xFD, 0xAF,
    0xA7, 0x22, 0xE6, 0xAD, 0xE6, 0x79, 0x1F, 0x76, 0xCB, 0x43, 0x03, 0xED, 0xA2, 0xA7, 0x5D, 0xE2,
    0x3E, 0xCE, 0x7B, 0xCF, 0xA5, 0xE9, 0x3E, 0xB6, 0x31, 0x47, 0x1D, 0x72, 0xCC, 0xFD, 0xF6, 0xB7,
    0xCE, 0xB8, 0x08, 0xC2, 0x00, 0x73, 0x6B, 0xAB, 0xEE, 0x1B, 0xE8, 0xEB, 0x71, 0x4E, 0x2B, 0xB0,
    0x1C, 0x69, 0xE4, 0x5A, 0xC7, 0x48, 0x63, 0xEA, 0x92, 0x9D, 0x93, 0x2F, 0x5B, 0xE6, 0xBC, 0x1E,
    0xFB, 0xEA, 0xE3, 0x39, 0x05, 0xCC, 0xB4, 0xC1, 0xB9, 0x2E, 0x7C, 0x24, 0x47, 0xF2, 0x85, 0xD5,
    0x76, 0x5E, 0x4A, 0xDA, 0xAD, 0x9F, 0xA2, 0x36, 0xDC, 0x7B, 0x15, 0x09, 0x70, 0x15, 0xA1, 0xBF,
    0xED, 0xF9, 0x24, 0xAB, 0x60, 0x5D, 0x30, 0xA3, 0x2A, 0x7A, 0x5B, 0x83, 0x19, 0xFD, 0x9A, 0x90,
    0xD5, 0x78, 0x80, 0x2B, 0x25, 0xED, 0x7E, 0x87, 0x05, 0x65, 0x59, 0x21, 0x20, 0xE0, 0xD4, 0x24,
    0x11, 0x39, 0x0E, 0x34, 0x78, 0xCE, 0xD9, 0xCB, 0x97, 0x84, 0x31, 0x64, 0x80, 0x67, 0xF5, 0x13,
    0xAE, 0xA5, 0xC0, 0xBF, 0xFB, 0x26, 0xA7, 0x76, 0x7D, 0x17, 0x08, 0xC6, 0x08, 0x12, 0xC7, 0xF8,
    0xFD, 0x8F, 0x5F, 0x92, 0xD9, 0x2C, 0xD2, 0xCD, 0x9F, 0x9F, 0xFE, 0xF8, 0xB8, 0x2F, 0xF1, 0x6A,
    0xA0, 0xE3, 0x55, 0xEA, 0xFA, 0x85, 0xDF, 0xC8, 0xD4, 0xA8, 0x01, 0x66, 0xE7, 0x09, 0xE7, 0x49,
    0xEF, 0x5C, 0x29, 0x57, 0x5D, 0xCA, 0x93, 0x64, 0x70, 0x49, 0xCF, 0x79, 0x61, 0xB5, 0x71, 0x92,
    0x54, 0xAE, 0x8F, 0x60, 0x04, 0x42, 0x3C, 0x45, 0x6D, 0x9C, 0x71, 0xF7, 0x6C, 0xCC, 0xB1, 0xAE,
    0xCD, 0x20, 0xBA, 0x24, 0xDA, 0x92, 0x1B, 0x97, 0xDE, 0xFE, 0x63, 0xC1, 0x26, 0x52, 0x0B, 0xBD,
    0xF1, 0xE2, 0x0D, 0x5A, 0x68, 0xF9, 0x48, 0xD7, 0x7C, 0x0B, 0x1A, 0xBD, 0x2B, 0x37, 0x07, 0x9A,
    0xB0, 0x4E, 0x9D, 0x03, 0xF3, 0x87, 0x0E, 0x76, 0xC8, 0x8A, 0x1E, 0x28, 0x42, 0x49, 0xC0, 0xB3,
    0x46, 0xEA, 0x1D, 0x0E, 0xD4, 0xB9, 0xF5, 0x25, 0x98, 0x67, 0xCD, 0xAB, 0xEC, 0xC4, 0xF8, 0xC5,
    0x89, 0xA3, 0xF1, 0x35, 0xE6, 0x78, 0x10, 0x78, 0xC8, 0x3F, 0xDB, 0x08, 0xBA, 0xD8, 0xF3, 0x26,
    0xF0, 0xF9, 0x92, 0xA0, 0xD5, 0x6F, 0x74, 0x47, 0xF4, 0xA7, 0x36, 0xBB, 0xE3, 0x71, 0xB0, 0x06,
    0xE7, 0x61, 0xE0, 0x64, 0xB1, 0x04, 0x34, 0xBC, 0x31, 0x6D, 0x25, 0x5D, 0xFE, 0xF2, 0x49, 0xCD,
    0x1B, 0x65, 0x6A, 0x8E, 0x73, 0xB5, 0x53, 0x3A, 0x8C, 0xA7, 0x97, 0xCA, 0x9A, 0x19, 0x32, 0xD4,
    0x72, 0x9D, 0xB7, 0xBE, 0x66, 0xBF, 0xC1, 0xD1, 0x45, 0xB0, 0xD5, 0x89, 0x46, 0x22, 0x6F, 0xB9,
    0x2E, 0xC0, 0x94, 0xA2, 0x50, 0xBD, 0xF0, 0x3B, 0x4B, 0x14, 0xFD, 0x46, 0x11, 0xF7, 0x72, 0x79,
    0xEF, 0xA1, 0x29, 0x3A, 0xB4, 0xCF, 0xD0, 0xED, 0xED, 0xC1, 0xFE, 0x5D, 0xEF, 0x81, 0x52, 0x24,
    0xE9, 0x32, 0x02, 0xE5, 0x89, 0x4F, 0x11, 0x50, 0xF6, 0xB1, 0xDB, 0xD4, 0x42, 0x31, 0x5A, 0x39,
    0xCB, 0xE7, 0x2F, 0x4C, 0x08, 0x8F, 0x67, 0x20, 0xAE, 0x4D, 0x67, 0xEE, 0x51, 0xEA, 0xCA, 0xF3,
    0x01, 0x6F, 0xFE, 0xE4, 0xF7, 0x2E, 0x58, 0x58, 0xFB, 0xF9, 0xC5, 0xE0, 0xFF, 0x00, 0xBD, 0x95,
    0x4B, 0xCA, 0x2B, 0x3B, 0x0C, 0x84, 0x3F, 0xD0, 0x34, 0xA0, 0xAD, 0x64, 0x01, 0x86, 0xDA, 0xBA,
    0x20, 0x0B, 0xF8, 0xB7, 0x22, 0x38, 0x53, 0x41, 0xDD, 0xD8, 0xE9, 0x3E, 0xEF, 0x33, 0xBD, 0xAE,
    0x2A, 0xA5, 0xE5, 0x37, 0x2E, 0x77, 0xDA, 0xAD, 0xCE, 0x8E, 0x61, 0xC2, 0x15, 0x26, 0x07, 0x35,
    0x06, 0xDC, 0x84, 0x87, 0xF4, 0xA0, 0x32, 0x46, 0x15, 0x13, 0x9D, 0xFE, 0x6A, 0xD9, 0x25, 0xB9,
    0x26, 0x06, 0x79, 0xBC, 0xD9, 0xBA, 0xE4, 0x4B, 0xBB, 0xE9, 0x35, 0xF2, 0xC8, 0x1D, 0x2E, 0x95,
    0xDB, 0xED, 0x4A, 0x92, 0xD6, 0x6B, 0x76, 0xDB, 0x6B, 0x1E, 0x94, 0xDB, 0xF3, 0x9A, 0x78, 0x43,
    0x2D, 0xA2, 0xB4, 0xC7, 0xE4, 0xA4, 0x25, 0x67, 0x87, 0x35, 0x39, 0x2A, 0xB5, 0x51, 0x0C, 0x93,
    0x8D, 0x71, 0xE9, 0x65, 0xE4, 0x26, 0x8F, 0x8A, 0xEC, 0xAC, 0x2C, 0x6D, 0xB0, 0x61, 0x94, 0xFD,
    0xA6, 0xB3, 0xDE, 0x1C, 0x95, 0xBF, 0x06, 0xBD, 0x86, 0x6C, 0x13, 0x2D, 0x98, 0x2C, 0x04, 0xDE,
    0x9C, 0xA5, 0xC5, 0x59, 0xD7, 0x1D, 0x26, 0xDD, 0xF2, 0x4E, 0xCD, 0x0C, 0x83, 0xF1, 0xDE, 0x5F,
    0x4E, 0xB6, 0x5A, 0xE5, 0x0A, 0x87, 0x7F, 0xE4, 0x2A, 0xE3, 0xAD, 0x03, 0x6D, 0x94, 0xFE, 0xDE,
    0xA7, 0xCE, 0x69, 0x77, 0xB8, 0x72, 0xC8, 0x46, 0x85, 0x81, 0xBD, 0x78, 0xBB, 0xE9, 0xE8, 0xC5,
    0x62, 0x3F, 0x37, 0x8D, 0xDD, 0x76, 0x11, 0x37, 0xB3, 0x48, 0x2E, 0xBA, 0xF8, 0x18, 0x66, 0x34,
    0xB8, 0x31, 0x9C, 0x03, 0x60, 0x18, 0x84, 0x08, 0xD8, 0x4B, 0x95, 0xEC, 0xD9, 0x48, 0x36, 0xA2,
    0xA2, 0x7E, 0x64, 0xB2, 0x8D, 0x0A, 0x17, 0xE6, 0xC3, 0x30, 0x9E, 0xC3, 0xC6, 0x85, 0x5A, 0xF5,
    0x81, 0x4B, 0x96, 0xD3, 0xB4, 0xCA, 0x07, 0x42, 0xD1, 0xCE, 0x8B, 0x4F, 0x6A, 0xBB, 0xE7, 0x9F,
    0xDC, 0xCB, 0x39, 0xC3, 0x31, 0xD9, 0xD9, 0x3A, 0x2E, 0x7B, 0xDC, 0xAE, 0x98, 0x2C, 0xE1, 0x8D,
    0x56, 0x67, 0xFF, 0xEA, 0xDD, 0x30, 0xC8, 0x2E, 0xD9, 0x0C, 0x49, 0x1F, 0x89, 0x7E, 0x44, 0xB5,
    0xF2, 0xD4, 0xE7, 0xAB, 0x71, 0x1D, 0x3F, 0x48, 0x0F, 0xE1, 0x26, 0x5C, 0xE0, 0x39, 0x8A, 0x31,
    0xA7, 0xB5, 0xB2, 0x06, 0x3B, 0xC7, 0x1E, 0xB9, 0xD3, 0xC4, 0x8E, 0x23, 0x5B, 0x68, 0xD0, 0xDF,
    0xAE, 0xB5, 0x3D, 0x76, 0x1F, 0x7A, 0xB6, 0xF2, 0x8C, 0xF6, 0x70, 0x95, 0xFB, 0xAA, 0x5F, 0x83,
    0xEB, 0x1A, 0xCC, 0x1E, 0xAC, 0x3F, 0x5F, 0x87, 0xDF, 0x0A, 0x3C, 0x61, 0x48, 0xE3, 0x09, 0x97,
    0x8C, 0x1B, 0xC1, 0x03, 0x80, 0x68, 0x20, 0xEB, 0x0E, 0x02, 0x30, 0xC0, 0x00, 0x31, 0xFF, 0x47,
    0x0F, 0x96, 0x94, 0xE9, 0xA9, 0x45, 0x6E, 0xB1, 0x65, 0xFB, 0xE8, 0xB6, 0x66, 0x91, 0x3C, 0x2F,
    0x7B, 0xEC, 0x39, 0x8A, 0xFE, 0xB4, 0xAF, 0x8C, 0xDA, 0x76, 0x3D, 0x1E, 0x52, 0x4E, 0x76, 0xF6,
    0xCC, 0xF3, 0xC9, 0x33, 0x3B, 0x11, 0xB9, 0x51, 0x59, 0xFE, 0x18, 0x3D, 0xB2, 0xFB, 0xF7, 0x93,
    0xFD, 0xFE, 0xBA, 0x4C, 0xB8, 0xD2, 0xE4, 0xA0, 0xC2, 0x10, 0x1D, 0x9D, 0xCE, 0x92, 0x5D, 0xBE,
    0x8E, 0x7C, 0xF0, 0x71, 0x5A, 0x08, 0x70, 0x91, 0xB1, 0x4D, 0x79, 0x59, 0xED, 0xAF, 0x51, 0x39,
    0x5B, 0xF5, 0x78, 0x13, 0x95, 0x30, 0x6E, 0x97, 0xEA, 0x5E, 0xAA, 0x89, 0xAD, 0xDA, 0xFA, 0x97,
    0xD1, 0x7A, 0xB5, 0xA2, 0xBF, 0xFF, 0xAB, 0x68, 0x3C, 0xF4, 0x46, 0x34, 0x49, 0x4E, 0xCA, 0x33,
    0x9E, 0x76, 0x47, 0x41, 0x16, 0x3A, 0x4C, 0xA2, 0x53, 0xA7, 0xB5, 0x73, 0x00, 0x86, 0x38, 0xE4,
    0xB9, 0x47, 0x55, 0xDA, 0xAC, 0x4F, 0x0B, 0x67, 0xFF, 0x33, 0xD8, 0x4D, 0x67, 0xC1, 0x8B, 0x8C,
    0x92, 0xDB, 0x1E, 0x45, 0x3D, 0x92, 0x40, 0xE5, 0x4E, 0xC4, 0x62, 0xE1, 0xD2, 0x84, 0x3F, 0xB1,
    0x01, 0xF2, 0x8E, 0x51, 0x3B, 0x7E, 0xFB, 0x22, 0x49, 0x68, 0xAE, 0xF8, 0x84, 0xC7, 0x89, 0xC9,
    0xD5, 0xB3, 0x20, 0xB2, 0x1B, 0xF2, 0x1E, 0xBB, 0xFB, 0xE4, 0xE9, 0xF3, 0xA3, 0x33, 0x0D, 0x74,
    0xC2, 0x67, 0xCE, 0x9F, 0xD7, 0xFA, 0x75, 0x0F, 0x26, 0x3B, 0x5A, 0x35, 0xD4, 0x1F, 0x7F, 0x47,
    0xC7, 0xC6, 0x91, 0x47, 0xAC, 0x59, 0xC2, 0x6C, 0x0E, 0xCF, 0x72, 0xAB, 0x54, 0xEE, 0x67, 0xF3,
    0x8C, 0x76, 0x0D, 0x26, 0x9B, 0x2E, 0x06, 0x55, 0xD4, 0x67, 0xBE, 0x82, 0xCF, 0x6C, 0x3D, 0xC4,
    0xDE, 0xC6, 0x5B, 0x8E, 0x2F, 0x2A, 0xE3, 0xF8, 0x9A, 0x15, 0x6F, 0xA9, 0x4C, 0xF1, 0xD3, 0xE7,
    0xA6, 0x5E, 0x0F, 0x8F, 0x27, 0x6B, 0xF5, 0xA3, 0xF2, 0xDB, 0x20, 0x9B, 0xD6, 0xE7, 0x7A, 0xEE,
    0xDF, 0x9D, 0x67, 0x0F, 0x8B, 0x27, 0x6E, 0x37, 0x1D, 0x35, 0x00, 0x2A, 0x03, 0x18, 0x17, 0xE4,
    0x20, 0x97, 0xDC, 0xA4, 0x6D, 0x03, 0xB6, 0x07, 0x88, 0x93, 0xCC, 0xED, 0xDF, 0x19, 0xA7, 0x86,
    0x30, 0xE9, 0x4E, 0x0F, 0x61, 0xDB, 0x05, 0xF7, 0xB5, 0xBA, 0x13, 0xF7, 0x69, 0xB8, 0xC3, 0xCF,
    0x29, 0x36, 0x44, 0xA7, 0xED, 0x52, 0xCB, 0x3E, 0x0F, 0xB5, 0x73, 0x06, 0xC2, 0xBD, 0x83, 0x87,
    0x6B, 0xA2, 0x9D, 0xEC, 0x34, 0x5D, 0xA4, 0x51, 0x03, 0xC6, 0x00, 0x2A, 0x00, 0x9E, 0x9C, 0xB2,
    0xF0, 0x29, 0xD7, 0xCF, 0xA7, 0x4D, 0xFC, 0xDC, 0xA5, 0x88, 0x57, 0x5A, 0x5A, 0x9A, 0xED, 0xD3,
    0x3C, 0x56, 0xB4, 0x66, 0x96, 0xC7, 0x34, 0xEE, 0xAC, 0x2C, 0x48, 0x12, 0xB1, 0x0E, 0x86, 0x21,
    0x3A, 0x67, 0xE5, 0xCA, 0xD1, 0x1E, 0x93, 0x64, 0x2A, 0xDF, 0xB9, 0xD6, 0x3D, 0xC7, 0x6E, 0x60,
    0x0E, 0xD4, 0x79, 0x7D, 0xD0, 0xE2, 0x8B, 0x34, 0x2B, 0x37, 0x67, 0x6D, 0x6A, 0xC8, 0x45, 0x56,
    0x92, 0x4B, 0xFE, 0xCC, 0x31, 0xAB, 0xDF, 0x78, 0x17, 0x8D, 0xA5, 0x5C, 0xDA, 0x4B, 0xF5, 0x52,
    0xAF, 0xD5, 0x7D, 0x16, 0xFD, 0x79, 0x2F, 0x89, 0xDA, 0xB5, 0x9F, 0x9B, 0xC6, 0x88, 0x56, 0xAF,
    0x9E, 0xD5, 0xF7, 0x37, 0x26, 0x5F, 0x1D, 0x5F, 0x15, 0xBE, 0x5E, 0xC6, 0x1C, 0x24, 0x26, 0xF9,
    0x0F, 0xC4, 0xD4, 0x8B, 0x89, 0x1C, 0x41, 0x0C, 0x04, 0xD0, 0x02, 0x05, 0xA0, 0x54, 0x1C, 0xC0,
    0x81, 0x52, 0x17, 0x38, 0x00, 0xA7, 0x22, 0x38, 0xFE, 0x08, 0xCA, 0x53, 0xB4, 0x76, 0xAE, 0x69,
    0xE6, 0xD6, 0x18, 0x03, 0x5E, 0xA6, 0x5F, 0x19, 0xB3, 0x52, 0xFF, 0x6E, 0x16, 0xC6, 0x04, 0x10,
    0x22, 0xEA, 0xC2, 0x85, 0x89, 0xFB, 0x13, 0x64, 0x81, 0x43, 0xEE, 0x24, 0x60, 0xC4, 0x03, 0x6C,
    0xF8, 0x41, 0xCF, 0x0C, 0x8F, 0x3C, 0x75, 0x07, 0xCA, 0x01, 0xEB, 0x48, 0x78, 0x53, 0x50, 0x2B,
    0x8B, 0xFF, 0xBF, 0x34, 0xC1, 0xBA, 0xC9, 0x2F, 0xCE, 0x62, 0xE6, 0x0D, 0x29, 0x98, 0xA2, 0xEC,
    0xA2, 0x8D, 0x08, 0xE1, 0x1B, 0xDE, 0x8B, 0xB8, 0x08, 0x96, 0xC8, 0xA8, 0x45, 0x43, 0x7D, 0x4A,
    0xAC, 0xDD, 0xCD, 0x6D, 0x45, 0x9E, 0x47, 0xF2, 0x7C, 0x2E, 0xA9, 0x4A, 0x3C, 0x9F, 0x8B, 0xF7,
    0x33, 0xCF, 0xE7, 0x32, 0xBB, 0xDA, 0xD1, 0xC4, 0x73, 0xBC, 0x21, 0xD6, 0x06, 0xDB, 0xCB, 0x98,
    0xF8, 0xE1, 0xF7, 0x1C, 0xE7, 0xC1, 0x1E, 0x3C, 0x74, 0x66, 0xA9, 0xA2, 0xF1, 0x81, 0xB8, 0xAF,
    0xCC, 0x04, 0x54, 0x01, 0x13, 0x31, 0xBB, 0x84, 0x2D, 0x32, 0x66, 0x5B, 0x14, 0x2D, 0xD6, 0x56,
    0x53, 0xAC, 0xD9, 0xA1, 0xB2, 0x04, 0x7C, 0xFB, 0x4F, 0x11, 0x43, 0x8A, 0xC2, 0x79, 0xFB, 0xAA,
    0x9A, 0x6F, 0x30, 0xF7, 0xC7, 0x88, 0xFD, 0xF1, 0xFE, 0x7A, 0xA2, 0xEE, 0xE7, 0xAC, 0xC3, 0x87,
    0x03, 0x8C, 0x34, 0x8D, 0x8E, 0x44, 0xC7, 0x76, 0x97, 0x05, 0x30, 0xCF, 0xA1, 0xEE, 0xE7, 0x80,
    0xF7, 0x31, 0x0A, 0x88, 0x63, 0x9C, 0xAD, 0xDE, 0x77, 0xD0, 0x88, 0x3A, 0xC7, 0x5F, 0x2F, 0x26,
    0x1A, 0xC9, 0x02, 0x35, 0x98, 0x20, 0xE7, 0x98, 0xE1, 0x24, 0x95, 0xF1, 0x7D, 0xB6, 0x92, 0xE9,
    0x4F, 0x69, 0xC4, 0x2B, 0x83, 0x3D, 0xA9, 0xF5, 0xB4, 0xB2, 0xE0, 0x4A, 0x36, 0x94, 0x19, 0xCA,
    0x55, 0xE9, 0xA5, 0x24, 0xA2, 0x94, 0x7D, 0x27, 0x13, 0x44, 0xF4, 0x2F, 0xEA, 0x22, 0x59, 0x54,
    0x52, 0x09, 0x65, 0xB2, 0x95, 0x84, 0x3A, 0x6B, 0x9A, 0xB9, 0x4A, 0xCC, 0x35, 0xBE, 0xCB, 0xD7,
    0x5B, 0xF6, 0x4D, 0x92, 0xEC, 0x49, 0x35, 0x57, 0xB0, 0x27, 0xE7, 0xCF, 0x28, 0x26, 0x8D, 0x6B,
    0x5A, 0x63, 0x4E, 0xE2, 0x31, 0x83, 0x9A, 0x5B, 0x7D, 0x26, 0x6B, 0xA5, 0x50, 0x36, 0xFE, 0xE5,
    0x27, 0xAC, 0xFE, 0xF8, 0x13, 0x16, 0x75, 0x10, 0xB5, 0x60, 0xBE, 0x5E, 0x45, 0x44, 0x43, 0xA6,
    0xA4, 0xB0, 0xC6, 0xFE, 0xC1, 0xF1, 0xB2, 0x18, 0xA5, 0x13, 0xB2, 0x65, 0x14, 0x8C, 0x57, 0x5E,
    0x1A, 0xA5, 0x13, 0xB2, 0x25, 0x4B, 0x13, 0x8D, 0x79, 0xFF, 0xBB, 0x43, 0x56, 0x34, 0xB4, 0xB4,
    0x5D, 0x4A, 0xA3, 0x1A, 0xBF, 0xDC, 0x5F, 0xEF, 0x82, 0xAA, 0xB7, 0x75, 0x72, 0x33, 0xF2, 0x58,
    0x79, 0x82, 0x3D, 0x65, 0x6A, 0x24, 0x5D, 0x62, 0x19, 0x2C, 0x93, 0x79, 0xC9, 0xB8, 0x34, 0x32,
    0xAD, 0xAD, 0xA5, 0x17, 0xB5, 0xCE, 0xE5, 0xCF, 0xCB, 0xA2, 0x5D, 0x7E, 0xCA, 0xF8, 0x6C, 0x6B,
    0x04, 0x97, 0xE5, 0x32, 0x6F, 0xA9, 0x2F, 0x83, 0x3D, 0xC6, 0x65, 0x49, 0x2D, 0x99, 0x2F, 0x41,
    0x6B, 0x49, 0x19, 0x4C, 0xEC, 0x1F, 0x23, 0x74, 0xA1, 0xB2, 0x24, 0xF7, 0xF3, 0xC7, 0xF8, 0x9B,
    0x79, 0x33, 0x4C, 0x91, 0x24, 0xC7, 0xA1, 0xB0, 0xC1, 0x7F, 0x07, 0x74, 0x95, 0x3D, 0xC0, 0x80,
    0xAE, 0x2E, 0xC8, 0x03, 0xE4, 0x55, 0x04, 0xF9, 0x57, 0xF0, 0x36, 0xAD, 0xA7, 0x10, 0xE1, 0x8C,
    0x48, 0x7A, 0x7B, 0xE8, 0xDE, 0xE9, 0xEA, 0xAA, 0xF7, 0x99, 0xAA, 0x9C, 0xB0, 0xED, 0xB0, 0x25,
    0xC9, 0xF6, 0xA8, 0x9D, 0x07, 0x8E, 0x66, 0x21, 0x87, 0x98, 0xFA, 0xA2, 0xE1, 0xA5, 0x72, 0x85,
    0x52, 0x3D, 0xD5, 0x4E, 0xCA, 0x65, 0xDE, 0xAD, 0x01, 0x3C, 0xD5, 0x52, 0xF7, 0x39, 0x40, 0xED,
    0xEF, 0xEF, 0x76, 0xF7, 0xBB, 0x19, 0xFE, 0x34, 0xC9, 0xD4, 0xDB, 0x6F, 0x00, 0xA0, 0xDA, 0xA6,
    0x35, 0x05, 0xC4, 0x97, 0xEA, 0x45, 0x0F, 0xD3, 0x76, 0x74, 0xBB, 0x55, 0xA8, 0xAF, 0xA5, 0x4A,
    0x7D, 0x2C, 0x05, 0x75, 0xBE, 0x75, 0x52, 0x73, 0xF0, 0x85, 0xEA, 0x4B, 0x15, 0x68, 0xC5, 0xD2,
    0x59, 0x3A, 0x46, 0xF6, 0xAE, 0x95, 0xB6, 0x99, 0x8A, 0xD4, 0x3D, 0x0C, 0x68, 0xF9, 0x16, 0x1E,
    0xF9, 0x92, 0x32, 0x41, 0x2D, 0x30, 0x89, 0xF9, 0x16, 0xE7, 0xB3, 0x5B, 0xE6, 0x12, 0xC1, 0x00,
    0x90, 0x12, 0x4B, 0xBC, 0xA7, 0x55, 0x0A, 0xAC, 0xAB, 0x8C, 0x12, 0x13, 0xCA, 0x66, 0x33, 0x68,
    0x4C, 0x4C, 0x80, 0xD8, 0xEA, 0x1D, 0x25, 0x65, 0x3D, 0xF6, 0xCA, 0x81, 0x8F, 0xCA, 0xFF, 0xCD,
    0xD8, 0x67, 0xB4, 0x11, 0x87, 0xDF, 0x83, 0xB3, 0x2D, 0x01, 0x6B, 0xA8, 0xEF, 0x98, 0xC8, 0x2A,
    0x12, 0xB8, 0x41, 0x8E, 0x58, 0x43, 0x22, 0xA1, 0x05, 0x5F, 0x10, 0xFA, 0x11, 0xC2, 0x74, 0x07,
    0xED, 0x39, 0x31, 0x16, 0x68, 0x3F, 0x1B, 0xF8, 0xD7, 0x22, 0xEA, 0x6D, 0x55, 0x4A, 0x1A, 0xAE,
    0x09, 0x7A, 0xBA, 0xA3, 0x50, 0x8D, 0x96, 0xA8, 0x4E, 0xD4, 0xEB, 0x50, 0x03, 0x9F, 0x0C, 0x83,
    0xB1, 0xF0, 0x40, 0x2E, 0xD2, 0xC0, 0x33, 0xB2, 0x00, 0xA0, 0x0B, 0x5C, 0xAD, 0x47, 0x01, 0x5D,
    0x78, 0x41, 0x69, 0x9F, 0x1E, 0x51, 0xF1, 0xE2, 0x64, 0x41, 0xDF, 0x10, 0x54, 0x81, 0xAD, 0x70,
    0x16, 0x26, 0x8C, 0xE1, 0xAD, 0xE0, 0x30, 0x52, 0x55, 0x68, 0xEB, 0x9B, 0xD1, 0x65, 0x87, 0xAC,
    0x30, 0x8A, 0x7F, 0x46, 0x9B, 0xB0, 0x12, 0x41, 0xD9, 0x42, 0x80, 0xF6, 0x70, 0x49, 0xCD, 0xC7,
    0xEB, 0xBC, 0xC5, 0xB0, 0xA1, 0x5C, 0x59, 0xDB, 0xA0, 0xC6, 0x1F, 0xE8, 0x82, 0x56, 0x95, 0x76,
    0xA8, 0x3E, 0xB8, 0x5A, 0x39, 0xD0, 0xFE, 0x67, 0x3B, 0xCF, 0x3F, 0x2F, 0x0C, 0x69, 0x8F, 0xB0,
    0x2B, 0xA8, 0xD5, 0xAC, 0x76, 0x0D, 0x73, 0xD7, 0xD5, 0x5C, 0x2E, 0xB4, 0x5D, 0x77, 0x4F, 0xBB,
    0x75, 0x99, 0x43, 0x8D, 0xD1, 0x8A, 0x48, 0xF5, 0x8A, 0x17, 0xD2, 0xE0, 0x23, 0x1A, 0x28, 0x44,
    0x7E, 0x70, 0x01, 0x0B, 0xF3, 0x0D, 0x79, 0x23, 0x1A, 0xFA, 0xF4, 0x13, 0xA0, 0x2E, 0x8D, 0x19,
    0x6F, 0xF8, 0x82, 0xBD, 0x21, 0x5E, 0x80, 0xA9, 0x43, 0x6D, 0x41, 0x13, 0xA6, 0x18, 0x18, 0x05,
    0x98, 0xC6, 0x3C, 0xC3, 0x33, 0xE6, 0x49, 0x7C, 0xE9, 0x20, 0x75, 0x8B, 0x71, 0x5A, 0x4F, 0xDF,
    0xF4, 0x4A, 0xBB, 0x76, 0x28, 0x71, 0x3F, 0x96, 0xF7, 0x15, 0xF6, 0x77, 0x45, 0xC0, 0x93, 0xC9,
    0x44, 0x2D, 0x7A, 0x8E, 0x97, 0x9E, 0x82, 0x97, 0x09, 0xD3, 0x63, 0x9A, 0xB5, 0x82, 0x6A, 0x9B,
    0xCE, 0xD2, 0xD1, 0x2A, 0xD4, 0xC8, 0x99, 0x1C, 0x43, 0x59, 0x00, 0x60, 0x35, 0x87, 0x66, 0x47,
    0x81, 0xA9, 0xC0, 0x97, 0xC8, 0x67, 0x0B, 0xB5, 0xEC, 0x57, 0x86, 0x5A, 0xDF, 0x63, 0xBB, 0xA1,
    0x71, 0xD9, 0x36, 0x29, 0xB1, 0x4B, 0xCE, 0x71, 0xB8, 0x88, 0x74, 0x7C, 0x14, 0x5B, 0xC2, 0xF5,
    0x26, 0x88, 0x2F, 0x9E, 0xE8, 0xD7, 0x6C, 0x64, 0x5C, 0x1F, 0xF5, 0x0F, 0x36, 0x32, 0x74, 0x4B,
    0xC3, 0x46, 0xCB, 0x8F, 0x1A, 0xDD, 0x32, 0xFF, 0x59, 0x7C, 0xF3, 0xA7, 0x85, 0xFC, 0xD9, 0xAE,
    0x0D, 0xB6, 0x14, 0xB5, 0x4E, 0x6A, 0xBC, 0x3A, 0x10, 0x4E, 0x5B, 0x0C, 0xAE, 0x12, 0x0C, 0x78,
    0x25, 0xC1, 0xB0, 0x0F, 0xC4, 0x19, 0xB9, 0x24, 0xE0, 0x0B, 0xA6, 0x21, 0x2E, 0x6F, 0xA0, 0xD7,
    0x35, 0x5F, 0x4B, 0xAF, 0xCB, 0x6E, 0x43, 0x03, 0x09, 0xCD, 0xC5, 0xC9, 0x98, 0x6B, 0x2C, 0x68,
    0xED, 0x42, 0x78, 0x02, 0x09, 0x76, 0xBB, 0x22, 0x92, 0x8A, 0x47, 0x8E, 0x67, 0xC2, 0x09, 0x23,
    0xC6, 0x09, 0x48, 0x4C, 0x8E, 0x8B, 0x14, 0x22, 0x51, 0x81, 0x0F, 0x12, 0xEC, 0xF7, 0x4D, 0x3C,
    0xC8, 0x17, 0x39, 0xB1, 0xA5, 0x50, 0xF6, 0xFF, 0x4E, 0xA1, 0x60, 0x27, 0x1D, 0xD4, 0x9E, 0x05,
    0xA5, 0xB1, 0x54, 0x4A, 0xF9, 0xDD, 0x12, 0xEA, 0x14, 0xF5, 0x93, 0xD8, 0x5B, 0x50, 0x02, 0x83,
    0x2F, 0x09, 0xBE, 0x42, 0x4A, 0x59, 0x37, 0xBC, 0x7E, 0x62, 0x1D, 0x28, 0x83, 0x8D, 0x66, 0xCA,
    0x0C, 0x52, 0x6E, 0x38, 0x92, 0x29, 0x43, 0xFD, 0x1B, 0x33, 0x9A, 0x25, 0xF3, 0xC9, 0xDF, 0x98,
    0x32, 0xBA, 0xFA, 0x2B, 0x71, 0x1A, 0x43, 0xC4, 0x85, 0x7B, 0xBB, 0x25, 0x7E, 0xC0, 0xAD, 0x9D,
    0xDF, 0xB8, 0xB5, 0xF3, 0x1B, 0xB7, 0x76, 0x7E, 0x27, 0xAA, 0xA1, 0x45, 0xFF, 0xE4, 0xB6, 0xF0,
    0x07, 0xEC, 0x1B, 0xB3, 0xAF, 0x67, 0x71, 0xCA, 0x17, 0x2B, 0x09, 0xBF, 0xEE, 0xBC, 0x8F, 0x94,
    0x76, 0x21, 0x2C, 0xF5, 0x66, 0xD5, 0xFC, 0xF0, 0x1E, 0xC1, 0x3C, 0x76, 0xCB, 0x96, 0xEE, 0x20,
    0x44, 0x3E, 0xF1, 0x0E, 0x39, 0x61, 0xE9, 0x55, 0xB2, 0x82, 0x46, 0xD6, 0x69, 0x0B, 0xE9, 0xC6,
    0xC5, 0x13, 0x7A, 0x60, 0x1E, 0xE0, 0x87, 0xC0, 0xB1, 0x8C, 0x0D, 0x96, 0xE0, 0xAA, 0xFF, 0x39,
    0x17, 0x01, 0x5B, 0x12, 0x97, 0x6C, 0x3F, 0xC6, 0xFF, 0x98, 0xF2, 0x77, 0xBE, 0x21, 0xF5, 0xA8,
    0x25, 0x48, 0xB1, 0x11, 0xF3, 0xE4, 0xF7, 0x2E, 0x72, 0x4D, 0xD6, 0xAF, 0x2E, 0x6E, 0x2E, 0x61,
    0x9E, 0x83, 0xCF, 0x3C, 0x47, 0xC1, 0xB5, 0xCB, 0x0F, 0xF1, 0x17, 0x8B, 0xAC, 0x1B, 0x26, 0xCD,
    0x07, 0x83, 0x06, 0xCE, 0x6B, 0x06, 0x43, 0x15, 0x20, 0x9D, 0x38, 0x31, 0x92, 0x48, 0xCA, 0x46,
    0x3D, 0xE8, 0x12, 0x12, 0x49, 0x27, 0x0F, 0x9F, 0x59, 0xB4, 0xE4, 0x24, 0x4D, 0x6E, 0xB7, 0x61,
    0x95, 0xCD, 0x2A, 0x1F, 0x39, 0x48, 0xC1, 0xD2, 0xFC, 0xC8, 0xA4, 0xA6, 0x81, 0x17, 0x6C, 0x71,
    0x25, 0x6C, 0x57, 0xF0, 0x39, 0xA0, 0xD2, 0xAB, 0xB6, 0xCE, 0xF4, 0x3A, 0x02, 0x61, 0x07, 0xDA,
    0x7F, 0x63, 0x69, 0xBE, 0xE4, 0xED, 0xF1, 0x58, 0x9A, 0x9F, 0xF4, 0x01, 0x28, 0x87, 0x51, 0x52,
    0x38, 0x41, 0x53, 0xCA, 0x44, 0xE5, 0x30, 0xEF, 0x72, 0xEC, 0xD6, 0x78, 0x65, 0xA4, 0xA7, 0xF7,
    0x2B, 0x90, 0xDE, 0x24, 0x53, 0x78, 0xEF, 0x32, 0x79, 0xBD, 0x32, 0x3A, 0xB2, 0xB6, 0xD2, 0x62,
    0x6F, 0x41, 0xAC, 0xB0, 0x02, 0x43, 0x91, 0xD2, 0xEB, 0x34, 0x2B, 0xA7, 0x6C, 0x2D, 0x50, 0xEF,
    0x55, 0xDC, 0x4F, 0xA7, 0xE3, 0x44, 0x67, 0x99, 0x3D, 0x3D, 0x05, 0x87, 0x11, 0xAF, 0x1E, 0xD5,
    0x72, 0xDA, 0x83, 0xCC, 0xEA, 0x51, 0xF7, 0xAD, 0x1F, 0x1F, 0xF9, 0xF8, 0x4E, 0xD2, 0x6D, 0x02,
    0x9E, 0x3F, 0xA1, 0x31, 0xFB, 0xE0, 0x23, 0x87, 0xC0, 0x27, 0x47, 0x31, 0xDD, 0x3C, 0xA2, 0x4F,
    0x4D, 0x0C, 0xAE, 0xA6, 0x40, 0xFE, 0x4C, 0xBE, 0x7B, 0x3B, 0x67, 0xFC, 0x8A, 0x5E, 0xA6, 0xDB,
    0x22, 0xA6, 0x03, 0x44, 0xA8, 0x09, 0x90, 0xC2, 0x70, 0xB8, 0x2C, 0x46, 0x8A, 0xA5, 0x4C, 0xCA,
    0x28, 0x91, 0x94, 0xFD, 0xB5, 0xF4, 0x2C, 0x94, 0xEC, 0x76, 0xCE, 0x7E, 0xC1, 0x84, 0xC4, 0x84,
    0xFA, 0xFA, 0x11, 0xE8, 0x0B, 0x51, 0x96, 0xDA, 0x6A, 0x06, 0xF3, 0xC7, 0x87, 0x69, 0xB0, 0x13,
    0xC2, 0x41, 0x18, 0x47, 0xCA, 0x5E, 0x19, 0xBC, 0x56, 0x21, 0x07, 0x0A, 0x6F, 0x4C, 0xCE, 0xCB,
    0x5C, 0x6C, 0x2C, 0xD0, 0xF1, 0x77, 0xA1, 0x9C, 0x19, 0xE3, 0x2F, 0xBF, 0x2F, 0x84, 0x84, 0x3A,
    0x27, 0x8A, 0x67, 0x41, 0x83, 0x87, 0xA3, 0x02, 0x57, 0x97, 0xEC, 0x9D, 0x1D, 0x85, 0xDC, 0x4C,
    0xF3, 0xDE, 0x50, 0xC8, 0x61, 0x15, 0xB6, 0xD8, 0xC5, 0xE0, 0xDB, 0x61, 0x59, 0xBD, 0x8A, 0x6C,
    0xA5, 0x1C, 0xFD, 0xAC, 0x8C, 0x4B, 0x61, 0x40, 0xFE, 0x0C, 0xA0, 0x16, 0x23, 0x65, 0xB3, 0x90,
    0xA3, 0x65, 0x5F, 0x18, 0x2D, 0xDA, 0xD2, 0x33, 0x0D, 0xCF, 0x25, 0xE2, 0x5C, 0x7B, 0xB9, 0xB8,
    0x96, 0x8C, 0xA1, 0x48, 0x09, 0x2E, 0x8F, 0xFE, 0xFA, 0xAD, 0x95, 0x9B, 0xA0, 0x3F, 0x73, 0x3C,
    0x28, 0x4D, 0x5A, 0x1A, 0x0D, 0x7D, 0x4B, 0x4F, 0x9D, 0x96, 0x0A, 0xD4, 0x2A, 0x3C, 0xDB, 0x4F,
    0x7E, 0xEA, 0x11, 0xBB, 0x99, 0x92, 0xD6, 0xD3, 0x5E, 0xF7, 0xE7, 0x5E, 0x88, 0xB5, 0x66, 0x47,
    0x3B, 0xFB, 0x4D, 0x93, 0x9F, 0x0A, 0x6A, 0x0C, 0xDD, 0x13, 0xF9, 0x91, 0x2B, 0xD4, 0x16, 0xB4,
    0xD1, 0xFB, 0x10, 0x44, 0xC4, 0x0C, 0x02, 0x89, 0xB5, 0x37, 0x2F, 0x0D, 0x7D, 0xBC, 0xE1, 0xA1,
    0xCF, 0x05, 0x40, 0x0A, 0xAB, 0x7F, 0x88, 0x82, 0xBE, 0x61, 0xF0, 0x06, 0x1D, 0xB6, 0x8D, 0x6D,
    0xC4, 0x3B, 0x35, 0xDD, 0x85, 0xB6, 0x75, 0x97, 0xE8, 0xB7, 0x78, 0x15, 0x3E, 0x2E, 0x3B, 0x75,
    0xB6, 0x62, 0x4F, 0xF4, 0xA1, 0x20, 0xAC, 0xE5, 0xBA, 0xF6, 0xDB, 0x00, 0xE4, 0x3B, 0x89, 0x1B,
    0x03, 0x90, 0x5E, 0x02, 0xDA, 0x41, 0x52, 0x8A, 0x29, 0x65, 0x33, 0xAF, 0x29, 0xB0, 0xFF, 0x75,
    0x0E, 0x0E, 0x7D, 0xC0, 0x86, 0x3E, 0x59, 0x67, 0x50, 0xE0, 0x6C, 0xCC, 0xD6, 0xC0, 0x21, 0x5F,
    0xB2, 0x7A, 0x83, 0xEF, 0x63, 0x35, 0xC4, 0x6B, 0x6F, 0xEE, 0xC7, 0x59, 0xFD, 0x66, 0xDC, 0x3C,
    0x97, 0x7D, 0x7C, 0x3F, 0x11, 0xEF, 0x1F, 0x9F, 0xB9, 0xFA, 0xCA, 0x5C, 0x70, 0x90, 0x20, 0x74,
    0x3D, 0x8A, 0x07, 0x5D, 0xC5, 0x13, 0x98, 0x00, 0xB0, 0x60, 0x8A, 0x99, 0x88, 0x85, 0xA1, 0xDE,
    0xC8, 0x03, 0xE8, 0x19, 0x1C, 0xAB, 0x4F, 0x78, 0xA2, 0xE2, 0xED, 0x84, 0x6E, 0xE8, 0xA4, 0xF5,
    0x76, 0x8F, 0xEA, 0xBC, 0x4E, 0xD4, 0x5B, 0x1D, 0xD6, 0xFA, 0xC2, 0x48, 0xED, 0xE3, 0x27, 0x01,
    0xD5, 0x53, 0xED, 0xA4, 0xA3, 0x55, 0xA2, 0xB5, 0x62, 0xF2, 0x4B, 0x9A, 0x8E, 0x68, 0xCF, 0x74,
    0x14, 0x5A, 0x47, 0xEB, 0xDC, 0x34, 0x05, 0x7E, 0xDE, 0xAF, 0xB4, 0x99, 0x2A, 0x90, 0x80, 0x6B,
    0x5A, 0xF4, 0xFA, 0x67, 0xEA, 0xDC, 0xEE, 0xD3, 0xA5, 0xA6, 0xAD, 0xA0, 0x92, 0x8F, 0xB7, 0x9E,
    0x36, 0xE4, 0x26, 0xDA, 0x83, 0x5E, 0x12, 0xCC, 0x7B, 0xF5, 0x73, 0x1F, 0x27, 0xAC, 0xF7, 0x60,
    0x35, 0x7A, 0x9F, 0x36, 0x18, 0x85, 0xB2, 0xFD, 0xD4, 0xE8, 0x41, 0x99, 0xA9, 0x92, 0xAA, 0x88,
    0xD6, 0x3C, 0xDA, 0xAB, 0xB0, 0x32, 0x55, 0x63, 0xF6, 0x86, 0xE3, 0xCD, 0xEA, 0x19, 0x3F, 0x6B,
    0xC1, 0x83, 0x03, 0x08, 0x3C, 0x29, 0xB5, 0x8B, 0x33, 0x3E, 0x25, 0x86, 0xDE, 0xD5, 0xB1, 0x47,
    0x05, 0x7C, 0xA8, 0xE7, 0x02, 0x4D, 0x59, 0x96, 0x0F, 0x3F, 0x3C, 0x00, 0xFB, 0xA7, 0xB3, 0xB9,
    0xEA, 0xFC, 0x44, 0x0E, 0x11, 0x3B, 0x52, 0x49, 0xFD, 0xE8, 0xBC, 0xF7, 0x89, 0x58, 0x98, 0x70,
    0x70, 0x28, 0xE3, 0x37, 0xD6, 0x6E, 0xAC, 0xDD, 0x58, 0x7B, 0xB0, 0xF6, 0x60, 0xED, 0x7E, 0x84,
    0x5B, 0xEB, 0xEB, 0x16, 0x30, 0xCD, 0x59, 0xDE, 0x02, 0xDC, 0xE7, 0xA5, 0xD6, 0xF2, 0xC5, 0xEE,
    0x1B, 0xBC, 0x3F, 0xC2, 0x49, 0x76, 0x77, 0x34, 0xD8, 0x67, 0x82, 0x3B, 0x80, 0x05, 0xCD, 0xC0,
    0x74, 0x21, 0xA4, 0xA1, 0x2E, 0xC4, 0x4C, 0x58, 0x6D, 0xB2, 0x14, 0x34, 0x81, 0xCA, 0x40, 0xEA,
    0x84, 0x23, 0xB6, 0xCB, 0x3E, 0x9F, 0x77, 0x85, 0xC0, 0x8A, 0x14, 0x08, 0x05, 0xA0, 0x3E, 0xF9,
    0x63, 0x64, 0x3E, 0xBA, 0xEC, 0x2F, 0x8F, 0x01, 0xBC, 0x6D, 0xAB, 0x3C, 0xCF, 0x96, 0x57, 0x8F,
    0x68, 0x7A, 0xD1, 0x04, 0xF5, 0xFB, 0xC9, 0xCA, 0x39, 0x15, 0x22, 0x07, 0x10, 0xC7, 0x10, 0x38,
    0x47, 0x1C, 0x0B, 0x60, 0xA7, 0xF1, 0xAA, 0xB8, 0xA5, 0xA0, 0x46, 0x3B, 0xDC, 0x19, 0x78, 0xC2,
    0x12, 0x58, 0xF0, 0xD3, 0x14, 0x72, 0x7A, 0x9E, 0x06, 0x70, 0xFA, 0x2F, 0x59, 0xB5, 0xD5, 0x46,
    0x5D, 0x6F, 0x36, 0xD5, 0xAA, 0xC9, 0x04, 0x68, 0x5F, 0xDC, 0xAE, 0xED, 0x6D, 0x5B, 0xA2, 0xB7,
    0xAF, 0xE8, 0xAB, 0x7B, 0x1D, 0x1E, 0xBB, 0x13, 0xF5, 0x0E, 0xCB, 0x8C, 0xEA, 0x7E, 0xC5, 0xE4,
    0x57, 0x05, 0xEB, 0x62, 0x91, 0xD7, 0x10, 0xF4, 0x85, 0xA4, 0x58, 0xFC, 0xF2, 0x3A, 0xF6, 0xAD,
    0x72, 0x01, 0xA2, 0xC5, 0x37, 0x4F, 0xFD, 0xFC, 0x51, 0xFC, 0x21, 0x29, 0x41, 0x7F, 0x87, 0x93,
    0x7C, 0xB5, 0x6E, 0xF6, 0xB9, 0xED, 0x57, 0x49, 0x42, 0x8B, 0xB5, 0x17, 0x00, 0x4B, 0x15, 0x12,
    0xCC, 0x1E, 0x87, 0x5F, 0x97, 0xDE, 0xDD, 0x05, 0x21, 0xAC, 0xB1, 0x27, 0x75, 0xFD, 0x6C, 0x41,
    0x08, 0x3E, 0x83, 0x10, 0x85, 0xCD, 0x7E, 0x4E, 0xEE, 0x42, 0xFC, 0x87, 0x0B, 0x90, 0x9E, 0xA8,
    0x52, 0x49, 0xF6, 0x6E, 0xF2, 0x49, 0x36, 0x60, 0x74, 0x12, 0xAC, 0x47, 0xB3, 0xF7, 0xA7, 0xAD,
    0x5A, 0x69, 0x2F, 0xFE, 0xE3, 0xAB, 0x8C, 0xD7, 0xD3, 0xAD, 0x11, 0x3A, 0x02, 0x33, 0xBF, 0x87,
    0xFF, 0xCD, 0x27, 0xFD, 0xB3, 0x5B, 0x91, 0xD7, 0x6B, 0x8B, 0xDD, 0xB4, 0x71, 0x7F, 0xE9, 0xF0,
    0x67, 0xEF, 0x2F, 0xDA, 0xC7, 0x63, 0xEC, 0xC8, 0x4D, 0xFB, 0xED, 0x31, 0xB6, 0x6E, 0x48, 0x83,
    0xD3, 0x48, 0x12, 0x9E, 0x48, 0xDB, 0x50, 0xF0, 0xC3, 0x9C, 0xE4, 0x7B, 0xAF, 0xC3, 0xC7, 0xC6,
    0x16, 0x10, 0x82, 0x33, 0xB9, 0x7C, 0x6D, 0x2D, 0x86, 0x6C, 0x4D, 0x07, 0x75, 0xF9, 0xDF, 0x35,
    0x26, 0xC6, 0x1D, 0x00, 0x18, 0x81, 0x21, 0x09, 0x23, 0x56, 0xEB, 0x58, 0xC7, 0xD5, 0x07, 0x56,
    0xA2, 0x92, 0xA0, 0x69, 0x57, 0xD4, 0x61, 0x61, 0xFC, 0xCA, 0xE5, 0x3A, 0x7F, 0x66, 0xB9, 0x96,
    0x23, 0x1B, 0x1A, 0xDB, 0x46, 0x25, 0x87, 0x7A, 0xF4, 0xD7, 0xEF, 0x4C, 0x4F, 0x25, 0x3A, 0x56,
    0x44, 0x8B, 0xFE, 0x9F, 0xB2, 0xEE, 0x19, 0x13, 0xA9, 0x75, 0x24, 0xD6, 0x2A, 0x18, 0xDB, 0xD7,
    0x9F, 0x9C, 0x05, 0xFC, 0xC6, 0xF1, 0xE1, 0xF8, 0xDF, 0xC6, 0xB6, 0x94, 0x4E, 0x90, 0x50, 0x4C,
    0x99, 0xA0, 0x7C, 0x52, 0xE2, 0x86, 0x82, 0xA1, 0x45, 0x36, 0xBD, 0x59, 0x4F, 0x6C, 0xCE, 0xC5,
    0xC7, 0xE2, 0x48, 0xA6, 0x37, 0x78, 0xBE, 0x92, 0xFA, 0x74, 0xD4, 0x36, 0x27, 0x90, 0x34, 0xC0,
    0xCE, 0xE4, 0xC8, 0x65, 0x6D, 0x8B, 0x51, 0xCB, 0x8D, 0x91, 0xA9, 0x5A, 0x2E, 0x99, 0xBB, 0x00,
    0xB5, 0xE3, 0x03, 0xD3, 0x03, 0xFC, 0x6B, 0x21, 0x63, 0xB6, 0x07, 0xF1, 0x7C, 0x05, 0x8C, 0x58,
    0x55, 0x3E, 0x50, 0xA0, 0xA3, 0xE0, 0xAE, 0x57, 0xC3, 0xEE, 0x33, 0x68, 0x26, 0xEA, 0x2D, 0xE3,
    0xE6, 0xA2, 0xE0, 0xF7, 0xA3, 0x83, 0xB8, 0x9E, 0x1A, 0x28, 0x90, 0x72, 0xBE, 0x28, 0x38, 0xA3,
    0x96, 0x5D, 0x5B, 0x5C, 0x6B, 0x08, 0x6C, 0x3B, 0x57, 0x69, 0x20, 0x08, 0x8C, 0xB6, 0x61, 0x13,
    0x0F, 0x62, 0xA0, 0x61, 0x09, 0x58, 0xFE, 0xAD, 0x22, 0xE8, 0x44, 0x2C, 0x28, 0xE8, 0x11, 0x66,
    0x51, 0x01, 0xBF, 0x39, 0x3B, 0x50, 0x18, 0x06, 0x67, 0xE7, 0x7C, 0x93, 0x0B, 0x20, 0x1F, 0x9C,
    0x9C, 0xCD, 0x31, 0xDA, 0x14, 0x0F, 0xF9, 0x46, 0xF6, 0xB6, 0xA9, 0x7E, 0x21, 0xC8, 0x09, 0x9B,
    0x96, 0x44, 0x2D, 0xF8, 0xA2, 0x16, 0x05, 0x74, 0x7A, 0x13, 0xC1, 0x10, 0x9F, 0x27, 0x40, 0xD4,
    0x7C, 0x0F, 0x7F, 0x49, 0x48, 0xD7, 0x29, 0x68, 0xE7, 0x30, 0xB4, 0xB5, 0xBC, 0xC1, 0xA1, 0xAB,
    0x93, 0x96, 0x9F, 0x6A, 0x9D, 0xA9, 0x03, 0x68, 0xE3, 0x3C, 0x10, 0xAD, 0xB3, 0x94, 0x41, 0x56,
    0xAA, 0x2F, 0x55, 0xAA, 0x2D, 0xC5, 0xD2, 0x09, 0xB4, 0x72, 0x64, 0xA9, 0xFA, 0x82, 0x2E, 0x8D,
    0xB7, 0xE2, 0x91, 0xFA, 0x0C, 0x86, 0xEA, 0x6A, 0xB2, 0xD4, 0x73, 0x93, 0x77, 0xDB, 0x18, 0x80,
    0x2D, 0xA5, 0xBD, 0xA2, 0xE8, 0x12, 0xA4, 0xA8, 0x8D, 0x99, 0xC2, 0x93, 0x63, 0xE9, 0x63, 0x86,
    0xB3, 0x65, 0x99, 0xD0, 0x67, 0xCC, 0x78, 0x8B, 0x2C, 0x51, 0xC7, 0x63, 0xC9, 0x0C, 0x18, 0xEA,
    0x6A, 0x14, 0xD2, 0xF6, 0x4B, 0x0D, 0xFA, 0x06, 0x14, 0x56, 0x6B, 0xB3, 0xB2, 0xF9, 0x46, 0x24,
    0x24, 0x4E, 0xAE, 0x96, 0x8E, 0xF8, 0x16, 0xB1, 0x5A, 0x90, 0x47, 0x48, 0x78, 0xBA, 0x26, 0x22,
    0xBB, 0x26, 0x6F, 0xA0, 0xF0, 0x58, 0x78, 0x60, 0x62, 0x06, 0x0A, 0xAB, 0xD5, 0x6F, 0x60, 0x01,
    0xB3, 0x8F, 0xF8, 0xE7, 0x42, 0x1C, 0x10, 0xF0, 0x44, 0xE7, 0x15, 0x89, 0xDC, 0xC8, 0x1C, 0x58,
    0x00, 0x80, 0x86, 0x9E, 0x80, 0xA1, 0xA6, 0xAF, 0x48, 0x3C, 0x13, 0x78, 0x3A, 0xC6, 0x6A, 0xC2,
    0xC2, 0x24, 0x24, 0xDE, 0x30, 0x68, 0x68, 0x05, 0x2B, 0xF4, 0xB4, 0x0D, 0xFE, 0xB2, 0x91, 0x3E,
    0x74, 0x8F, 0x65, 0x60, 0xE5, 0x85, 0x16, 0x10, 0x84, 0x77, 0xAC, 0x95, 0x8D, 0x31, 0xC2, 0xD3,
    0xB4, 0xEA, 0x42, 0xBE, 0xCB, 0x99, 0xD5, 0x8F, 0x19, 0x09, 0xD9, 0xA0, 0x5E, 0xA8, 0xAD, 0xC9,
    0x33, 0xB2, 0x65, 0xFB, 0xA5, 0x27, 0xF1, 0x09, 0x9A, 0x9E, 0xA5, 0xFA, 0xE1, 0xD2, 0x84, 0x4D,
    0x60, 0x0B, 0xA8, 0xFA, 0x5C, 0x15, 0xEB, 0x23, 0x35, 0xC7, 0x13, 0xAD, 0x9A, 0x53, 0x06, 0xA9,
    0xAB, 0x05, 0x00, 0xD0, 0x84, 0x35, 0xD1, 0x99, 0x26, 0xFC, 0x30, 0x90, 0xC7, 0x96, 0xE7, 0x44,
    0xB6, 0x26, 0x09, 0xF1, 0xC5, 0x01, 0x5D, 0x44, 0x37, 0xFB, 0xFE, 0x7F, 0x0D, 0x99, 0xD0, 0xD7,
    0x62, 0x4E, 0x98, 0x35, 0x0E, 0xBD, 0x3E, 0xC8, 0x6D, 0xBB, 0xAC, 0x89, 0x07, 0xC6, 0xC6, 0x67,
    0x74, 0x24, 0x05, 0xC4, 0x81, 0x58, 0xE0, 0x05, 0x3A, 0x36, 0x98, 0x9E, 0x92, 0x7B, 0xE2, 0x6F,
    0xF4, 0x5B, 0x4F, 0xF8, 0x36, 0xA3, 0x62, 0x9B, 0x4A, 0x09, 0x39, 0xCF, 0xA8, 0xD0, 0x05, 0x29,
    0xB8, 0x1A, 0x0E, 0x17, 0x1F, 0x79, 0xF0, 0x21, 0xD8, 0x92, 0x34, 0x94, 0xC3, 0xD1, 0xA3, 0x82,
    0x21, 0x2E, 0x18, 0x7F, 0x5D, 0x6E, 0x3A, 0x2D, 0x01, 0x83, 0xC0, 0x3E, 0x57, 0x4D, 0xD9, 0x9D,
    0x5C, 0x67, 0x83, 0x8C, 0xA4, 0x39, 0xB6, 0xB4, 0xB6, 0x7A, 0x3A, 0xD7, 0xDE, 0xB6, 0x91, 0xF9,
    0xBB, 0xB6, 0x26, 0x75, 0xB5, 0xD3, 0xD6, 0xFB, 0x72, 0x7D, 0x4B, 0xB0, 0x6E, 0xCE, 0xEC, 0xFE,
    0xB4, 0x71, 0xFF, 0xFB, 0x3F, 0x1F, 0xDB, 0x66, 0x40, 0x77, 0xAD, 0xEF, 0xCB, 0xCF, 0x5D, 0x80,
    0xF4, 0xAF, 0x6D, 0xBB, 0xCA, 0xE8, 0x62, 0xB4, 0x00, 0x29, 0xE5, 0x15, 0x24, 0xA5, 0x7D, 0x60,
    0xE1, 0x73, 0x3D, 0x60, 0xE8, 0x11, 0x46, 0x88, 0x37, 0xFA, 0xB3, 0xA3, 0x21, 0x89, 0xF2, 0xE4,
    0xE9, 0xCB, 0x83, 0xE7, 0xE8, 0xA8, 0x2A, 0xDB, 0x9A, 0x47, 0xB5, 0xA5, 0x1A, 0x7E, 0x45, 0x24,
    0xA4, 0xF1, 0x65, 0xC7, 0x78, 0x5E, 0x35, 0x33, 0x92, 0x19, 0xB2, 0xFD, 0x53, 0x2F, 0xF5, 0xA5,
    0xFA, 0xA1, 0xB0, 0x52, 0x4E, 0xF7, 0x4D, 0xF3, 0xDF, 0x84, 0x21, 0x0E, 0x17, 0x18, 0xA9, 0x96,
    0x23, 0xDD, 0x4D, 0x9D, 0x3F, 0xDA, 0x2B, 0xA6, 0x26, 0xB6, 0x3D, 0x6D, 0xBE, 0xF7, 0x34, 0xC8,
    0xB2, 0x94, 0xA7, 0xEC, 0xDB, 0x4D, 0xE1, 0x56, 0x00, 0xB8, 0x55, 0xEE, 0x73, 0xED, 0xFA, 0xE3,
    0x2B, 0x9C, 0x80, 0x5D, 0x4E, 0xB9, 0x53, 0x4E, 0x11, 0xB6, 0x2F, 0x01, 0xCE, 0x52, 0xE6, 0xA9,
    0x76, 0x4C, 0xB6, 0x03, 0xEE, 0xED, 0xFC, 0x3C, 0x39, 0xFA, 0x92, 0xA9, 0xA4, 0x6A, 0x2A, 0xC2,
    0xCE, 0x49, 0x89, 0x52, 0xBF, 0x25, 0x25, 0x76, 0x4D, 0x4A, 0xA8, 0xB1, 0x5F, 0x08, 0xFF, 0x41,
    0x6A, 0x82, 0x71, 0xDA, 0x3A, 0x6B, 0xE9, 0x6E, 0x66, 0xEB, 0x52, 0x1E, 0x18, 0x25, 0xCF, 0x38,
    0x04, 0xDE, 0x52, 0xC6, 0xA5, 0x24, 0xBA, 0x3D, 0x92, 0x2D, 0x9C, 0x91, 0xAB, 0x36, 0x64, 0xA9,
    0xCE, 0x2D, 0x13, 0xFD, 0x03, 0xC7, 0x24, 0x3B, 0xF7, 0x78, 0x8B, 0x58, 0xBA, 0x39, 0x1D, 0x63,
    0x7A, 0xA7, 0xB0, 0xBF, 0x77, 0xD8, 0xFA, 0xE6, 0x62, 0xAF, 0x87, 0xFA, 0x25, 0x7A, 0xBD, 0x03,
    0x38, 0xFE, 0x1E, 0xDA, 0xC5, 0x4C, 0xBE, 0xD9, 0x09, 0x0E, 0x64, 0xAF, 0x19, 0x70, 0x46, 0xB2,
    0x28, 0xA7, 0x22, 0x53, 0x97, 0x6E, 0xF9, 0x28, 0x0B, 0xD5, 0x45, 0x0E, 0xFD, 0x3C, 0x17, 0x19,
    0x8D, 0x56, 0xF1, 0xC1, 0xA2, 0x20, 0x87, 0x38, 0x8B, 0xD1, 0x37, 0x51, 0x94, 0x11, 0xD4, 0x22,
    0x9C, 0xC5, 0x5A, 0x6E, 0xEC, 0x75, 0x5B, 0xEE, 0x09, 0x44, 0x0F, 0x7D, 0x8F, 0x48, 0x6F, 0x15,
    0xDC, 0x14, 0xD5, 0xBB, 0x08, 0xEB, 0xD2, 0xB9, 0x38, 0xBA, 0x18, 0x5D, 0xEC, 0xE1, 0xE9, 0x23,
    0x40, 0xC4, 0x91, 0xCE, 0x02, 0x5B, 0x49, 0x56, 0xDB, 0x27, 0x8C, 0x59, 0x64, 0x5B, 0x6E, 0xF5,
    0xBD, 0xE4, 0xB0, 0x73, 0xC9, 0x56, 0xE9, 0x75, 0xEC, 0x27, 0x48, 0x97, 0x04, 0x39, 0x51, 0xBB,
    0xE4, 0x12, 0x3D, 0x1E, 0xD1, 0xC3, 0xE1, 0x5D, 0xCA, 0x11, 0xAD, 0xB6, 0x4F, 0x5C, 0xFB, 0x2F,
    0x71, 0x1D, 0x08, 0xF8, 0x65, 0x18, 0x80, 0xEB, 0x20, 0xF4, 0x1F, 0x93, 0x33, 0xBE, 0x9B, 0xDE,
    0xE3, 0x38, 0xF1, 0xF1, 0x58, 0xBA, 0x2A, 0xD0, 0xA8, 0x0C, 0xA7, 0x15, 0x54, 0xBB, 0xEA, 0xE5,
    0x3E, 0x7D, 0xDD, 0x34, 0x60, 0xBA, 0x1E, 0x15, 0x7B, 0x79, 0xAA, 0x75, 0xD4, 0x0A, 0xEF, 0x46,
    0x0D, 0xAA, 0x8E, 0x51, 0x83, 0x56, 0x4D, 0xB2, 0x59, 0xF1, 0x7F, 0x6D, 0x40, 0xA9, 0x53, 0x84,
    0x25, 0xD8, 0x26, 0x9A, 0xC7, 0x06, 0xAF, 0xD7, 0xF9, 0x36, 0x2B, 0x7B, 0xCA, 0x89, 0x96, 0xF5,
    0xD9, 0xC9, 0xC7, 0xB2, 0xB6, 0x64, 0x2D, 0xA7, 0xBF, 0xFF, 0x12, 0xEB, 0xA6, 0x9C, 0x29, 0xC5,
    0xBF, 0x8B, 0xFE, 0x69, 0xD3, 0x6A, 0xE3, 0x6F, 0x02, 0xA3, 0x36, 0xAC, 0xED, 0xE0, 0x84, 0xFB,
    0x78, 0xC1, 0x05, 0x7B, 0xDA, 0xAA, 0x07, 0x7D, 0x27, 0x0E, 0x5A, 0x53, 0x9D, 0x84, 0x35, 0x71,
    0xD0, 0x4E, 0xEC, 0x4B, 0x74, 0x1C, 0x7A, 0xC9, 0xB5, 0xAE, 0x5B, 0x00, 0x9C, 0x31, 0xD8, 0xB3,
    0x5C, 0xD4, 0x44, 0x6C, 0x27, 0x70, 0x58, 0x3A, 0xD9, 0xB2, 0xF9, 0xA0, 0xE9, 0x96, 0xD4, 0x31,
    0x89, 0x41, 0xD4, 0x38, 0xFE, 0x35, 0x2E, 0x5F, 0xAC, 0x73, 0x00, 0x56, 0x87, 0x51, 0xBD, 0xD5,
    0x7F, 0xEC, 0xFE, 0x6A, 0xC1, 0x77, 0x30, 0x05, 0xB4, 0xFF, 0x96, 0x77, 0x6D, 0x3B, 0xAE, 0xAC,
    0x3A, 0x10, 0x89, 0xD7, 0x91, 0xFC, 0x2B, 0xFB, 0xF2, 0x3A, 0x12, 0xBF, 0x8E, 0x34, 0x1F, 0x90,
    0x5F, 0xB1, 0x94, 0x57, 0x4B, 0x75, 0xD2, 0xD4, 0xAA, 0x8E, 0x9B, 0xD5, 0x9D, 0x95, 0xCC, 0x7D,
    0xCE, 0xCE, 0xDE, 0x54, 0xB1, 0x6E, 0xD3, 0x40, 0xC0, 0x6D, 0x8C, 0x6D, 0x8E, 0x4F, 0x1C, 0xE5,
    0xF3, 0x09, 0x6D, 0xC5, 0xD9, 0xA9, 0xA0, 0x6F, 0x9C, 0x4B, 0xB4, 0xB3, 0x4B, 0x89, 0x7D, 0x70,
    0xED, 0x3E, 0x37, 0xF5, 0xE7, 0xDB, 0xBF, 0xB2, 0xF1, 0x67, 0x7C, 0x47, 0x31, 0x26, 0x68, 0xF7,
    0x41, 0xE9, 0xF3, 0xD5, 0x96, 0x32, 0x45, 0x87, 0xE0, 0x0F, 0xD1, 0x21, 0x03, 0x9C, 0xF0, 0x50,
    0x74, 0xC8, 0x5F, 0xD9, 0x37, 0x87, 0xB3, 0xFB, 0xA1, 0x38, 0x0F, 0x30, 0xC4, 0x6D, 0x3D, 0x23,
    0xE2, 0xF9, 0xD0, 0x61, 0x12, 0x87, 0xF1, 0xEB, 0x5A, 0x1A, 0xFF, 0x19, 0xE5, 0x08, 0xEE, 0xC8,
    0xFE, 0x40, 0x59, 0x1C, 0x63, 0x39, 0x3D, 0x5F, 0x0A, 0x8C, 0xF2, 0x9F, 0x7B, 0x17, 0xE7, 0x36,
    0xCC, 0xD1, 0xAB, 0x0F, 0x87, 0x4E, 0x9C, 0xB4, 0x3B, 0xE3, 0x1F, 0xD7, 0x33, 0x4A, 0xED, 0xAD,
    0x58, 0x7F, 0xA2, 0xB4, 0xE4, 0x92, 0xEB, 0x43, 0x29, 0xA2, 0x62, 0x3A, 0xFE, 0xEA, 0x5F, 0x85,
    0x1D, 0xAB, 0x00, 0x2D, 0x78, 0xD1, 0x3A, 0x4A, 0x2B, 0x54, 0xEF, 0xE3, 0x52, 0xB3, 0xDE, 0xC6,
    0xCB, 0x6D, 0x61, 0xBA, 0x40, 0xB3, 0x2F, 0x54, 0xF5, 0x2F, 0xB5, 0x2E, 0xF1, 0x37, 0xBD, 0x72,
    0x6A, 0x0F, 0xD5, 0x28, 0x0D, 0x77, 0x3F, 0x6D, 0x0D, 0x61, 0x41, 0x48, 0xED, 0xEA, 0x36, 0x5A,
    0xEC, 0xBF, 0x6A, 0x4F, 0x6C, 0xE5, 0x83, 0x1F, 0x73, 0x32, 0x17, 0x02, 0x7F, 0x74, 0x58, 0xD1,
    0x12, 0xAF, 0xBF, 0xC4, 0x92, 0x97, 0xB7, 0x7C, 0x14, 0xE1, 0xF3, 0x50, 0xEB, 0x5B, 0xBF, 0x6F,
    0xAC, 0x6C, 0xAA, 0xA4, 0x51, 0x7E, 0x96, 0x50, 0x0D, 0xFD, 0x92, 0x15, 0x1B, 0x95, 0xC6, 0x6F,
    0x9A, 0x27, 0x77, 0x5D, 0xBB, 0x70, 0xD7, 0xA3, 0x5D, 0xF2, 0xB8, 0xDF, 0xDF, 0x51, 0xD7, 0x73,
    0xD7, 0xF7, 0x40, 0x5B, 0xD5, 0xD2, 0x50, 0xE3, 0x1E, 0xFF, 0xD4, 0x05, 0xFE, 0xD2, 0xE1, 0x03,
    0xE3, 0x6A, 0xB5, 0xD0, 0xB8, 0x10, 0x5A, 0xA9, 0xAE, 0x4E, 0x39, 0x9F, 0x93, 0x7A, 0xCD, 0xA1,
    0x8D, 0xDC, 0xCA, 0x5C, 0x41, 0xB1, 0x20, 0x51, 0x48, 0x50, 0x06, 0x40, 0xF2, 0x7F, 0x3B, 0xB8,
    0x7C, 0xB8, 0x61, 0x50, 0x03, 0x9F, 0x4E, 0x92, 0xE3, 0x3B, 0x43, 0x3E, 0x45, 0x0C, 0xF7, 0x24,
    0x61, 0xD8, 0xB0, 0x2A, 0x8C, 0x44, 0xEB, 0xA8, 0xC2, 0x6B, 0x48, 0x7D, 0xF9, 0xE9, 0x8E, 0x41,
    0x67, 0xC8, 0xA1, 0x5E, 0x34, 0x44, 0x3A, 0xA9, 0x93, 0x86, 0x74, 0xC2, 0xA0, 0x82, 0x20, 0xF9,
    0x85, 0xB6, 0xDB, 0xFD, 0xC9, 0x31, 0x26, 0x51, 0x1D, 0x24, 0xA1, 0x61, 0x2E, 0x68, 0xAB, 0x7F,
    0x3F, 0xE6, 0xE8, 0xE0, 0x3B, 0x8E, 0x12, 0xF3, 0x39, 0xD3, 0xF4, 0xD7, 0xB3, 0xDB, 0x94, 0x0F,
    0x68, 0x38, 0xA1, 0xB7, 0x18, 0xCB, 0x62, 0xCE, 0x11, 0x30, 0x47, 0x07, 0xFD, 0x02, 0x29, 0xBB,
    0x84, 0x26, 0xD8, 0x0D, 0xAD, 0xD8, 0x26, 0x34, 0x90, 0x57, 0xA3, 0x1A, 0x3E, 0x3B, 0x37, 0x00,
    0x31, 0x45, 0x55, 0xF0, 0x69, 0xE9, 0x88, 0xFB, 0xEA, 0x81, 0x8C, 0xDB, 0x47, 0xDD, 0xC0, 0x52,
    0x1C, 0x4B, 0x71, 0x04, 0xBA, 0xA5, 0xD2, 0x9C, 0x7D, 0x47, 0x37, 0x84, 0x92, 0x35, 0x6C, 0x72,
    0xBB, 0x1C, 0x24, 0x6B, 0x38, 0x5D, 0xA0, 0x2D, 0x60, 0x08, 0x0B, 0x4B, 0xC1, 0x96, 0xEA, 0x6A,
    0x8C, 0xAF, 0xEF, 0x79, 0x81, 0xBF, 0x6E, 0xBB, 0x65, 0x1E, 0x39, 0x86, 0xF2, 0x91, 0x82, 0x42,
    0x50, 0x0B, 0xEA, 0x02, 0x36, 0x1C, 0x51, 0x70, 0x01, 0x43, 0x9F, 0x62, 0x75, 0xCC, 0x79, 0x2C,
    0xC4, 0xDD, 0xCE, 0x52, 0x7B, 0x3A, 0x6E, 0xC1, 0x4E, 0x34, 0x98, 0x13, 0x1A, 0x40, 0xD8, 0x4B,
    0x82, 0x30, 0xE0, 0xED, 0x79, 0x24, 0xF6, 0x1B, 0x34, 0xFB, 0x35, 0x44, 0x05, 0x72, 0xF1, 0xC7,
    0xBD, 0x1C, 0x58, 0x1E, 0xEE, 0x53, 0xF2, 0x3B, 0x13, 0xBC, 0xAA, 0x4F, 0x00, 0x72, 0xC9, 0xBD,
    0x6B, 0x40, 0x76, 0x7E, 0xB9, 0x91, 0xBB, 0xEA, 0xD5, 0xB9, 0x3D, 0xB8, 0x43, 0xDD, 0x39, 0xA7,
    0xE4, 0x1E, 0xEB, 0x38, 0xB2, 0x50, 0xB0, 0x4D, 0xB9, 0xD6, 0x2B, 0xED, 0x14, 0x18, 0x10, 0x5C,
    0xE6, 0x55, 0x76, 0xB8, 0x5C, 0x6C, 0xDF, 0x43, 0xAE, 0x37, 0xC0, 0x47, 0xF1, 0x16, 0x2D, 0x2D,
    0x4B, 0x95, 0xA4, 0x69, 0xF9, 0x53, 0x45, 0x37, 0x8C, 0x52, 0x8C, 0x7B, 0xEE, 0x14, 0xCE, 0x69,
    0xC1, 0xDD, 0x39, 0x2B, 0x14, 0xA3, 0x5C, 0x36, 0xAC, 0xB0, 0xED, 0x3A, 0x76, 0x41, 0x67, 0xD0,
    0xC5, 0xB0, 0xC1, 0x83, 0xEB, 0x0F, 0x16, 0xA3, 0xC2, 0xDC, 0x17, 0x23, 0x8E, 0x57, 0x32, 0x59,
    0xE9, 0x77, 0x54, 0x01, 0x02, 0x14, 0xDA, 0xA7, 0x40, 0x1F, 0x15, 0x63, 0x65, 0x1B, 0x86, 0xC1,
    0xF1, 0x52, 0xA5, 0x37, 0x67, 0x73, 0x46, 0x03, 0x5D, 0x4D, 0x1E, 0x56, 0x16, 0x8C, 0x0A, 0x9C,
    0x95, 0xD9, 0x32, 0x80, 0x7E, 0x47, 0x85, 0x44, 0xE7, 0x1F, 0x2C, 0x64, 0x30, 0x8A, 0x7E, 0x18,
    0xBC, 0xA2, 0x22, 0x8C, 0x07, 0x19, 0xC1, 0xB3, 0x22, 0x14, 0x72, 0x90, 0x9B, 0xB3, 0xAB, 0x98,
    0xB9, 0x8B, 0xB9, 0xA1, 0x03, 0x99, 0xCE, 0xFD, 0xCE, 0xB9, 0x83, 0x7E, 0x61, 0x38, 0x50, 0xC8,
    0xDC, 0x3A, 0xF9, 0x78, 0x47, 0xAE, 0xFD, 0x69, 0x7D, 0xCB, 0x98, 0xB9, 0x88, 0xBF, 0x2E, 0x4F,
    0x08, 0xF5, 0xEE, 0x05, 0x3C, 0x43, 0xDD, 0x9C, 0xBE, 0xBC, 0x57, 0xDC, 0x0C, 0x9F, 0x37, 0x4A,
    0x57, 0x61, 0xD7, 0x25, 0x5C, 0x94, 0x77, 0x63, 0x37, 0xCF, 0x86, 0x52, 0x1F, 0xD0, 0x1B, 0xB4,
    0xA6, 0x3C, 0x1B, 0x3C, 0xC7, 0xD9, 0xE4, 0xD9, 0x50, 0xC8, 0xF4, 0x15, 0x7D, 0xB6, 0x04, 0x59,
    0x24, 0xA4, 0x31, 0x6D, 0x83, 0x37, 0x5D, 0xC7, 0x9B, 0x6F, 0x50, 0x11, 0x6A, 0x9C, 0x78, 0x7D,
    0x81, 0x4D, 0x14, 0x73, 0x72, 0x4B, 0x52, 0x64, 0xCF, 0x99, 0x20, 0x59, 0xD3, 0xE1, 0x9C, 0x4C,
    0x84, 0xD5, 0x42, 0xBB, 0x75, 0xBA, 0x2E, 0x19, 0x2A, 0xCA, 0x94, 0x56, 0xF0, 0xDF, 0x05, 0x5F,
    0x4E, 0xDC, 0x9A, 0xC7, 0x40, 0xBF, 0xE0, 0x89, 0x99, 0x49, 0xF6, 0x47, 0x2C, 0x8E, 0x46, 0x6C,
    0x63, 0x2F, 0x8B, 0x2B, 0xB2, 0xF5, 0xE7, 0xFD, 0xFC, 0x24, 0xC9, 0x47, 0xEB, 0xC4, 0x70, 0x89,
    0x5E, 0x2F, 0x20, 0xF7, 0xAC, 0xE6, 0x5B, 0x1F, 0x2D, 0x3E, 0x8D, 0xC0, 0xB8, 0x8E, 0xF3, 0x80,
    0x53, 0x08, 0x5E, 0xC0, 0xC7, 0x4C, 0x73, 0x83, 0x86, 0x49, 0xA3, 0xE5, 0x64, 0xEC, 0x5E, 0x75,
    0x34, 0x32, 0xCF, 0x8D, 0xB8, 0xDD, 0xD3, 0x69, 0x6E, 0xEC, 0x65, 0x65, 0xD9, 0xCB, 0xC7, 0xB2,
    0xA3, 0x15, 0x5E, 0x35, 0x07, 0xEA, 0x6D, 0xEF, 0x37, 0x29, 0xB6, 0x01, 0x89, 0x06, 0x6E, 0x72,
    0x83, 0x3A, 0x13, 0xCF, 0x94, 0x41, 0x87, 0x38, 0xAC, 0xF1, 0x0B, 0x53, 0xA6, 0x90, 0x17, 0xAC,
    0x29, 0x08, 0x00, 0x0D, 0xC9, 0x82, 0x9D, 0xD3, 0x21, 0x21, 0xE5, 0x23, 0x11, 0x0B, 0xD6, 0x15,
    0x5B, 0xE8, 0x9B, 0x20, 0xBA, 0xE6, 0xDF, 0x68, 0xC9, 0x05, 0x2B, 0x3A, 0xE8, 0xB9, 0x9F, 0x6D,
    0xAF, 0x9B, 0xE3, 0x0D, 0x40, 0x6D, 0x10, 0x9E, 0x88, 0x58, 0x90, 0x5F, 0x9D, 0x1C, 0xBE, 0x89,
    0xB2, 0xC3, 0xD2, 0xAE, 0x7D, 0x57, 0x7E, 0x95, 0xF4, 0x95, 0x09, 0x8F, 0x53, 0xB9, 0xCC, 0x8E,
    0xA9, 0x5B, 0xF4, 0xF4, 0x40, 0x04, 0xBD, 0x87, 0x56, 0x54, 0x4A, 0xA9, 0x84, 0xE8, 0xBB, 0xC8,
    0x06, 0xFC, 0x16, 0x11, 0x66, 0x91, 0x20, 0x47, 0x84, 0xB5, 0x2B, 0x64, 0xC7, 0x66, 0x4E, 0xA4,
    0x40, 0xB7, 0x04, 0x5B, 0x15, 0xB6, 0x4D, 0xA0, 0xA6, 0x8B, 0xD0, 0x27, 0x02, 0x34, 0x78, 0x45,
    0xE7, 0x24, 0x13, 0xF1, 0x5B, 0xA1, 0x12, 0xB8, 0x47, 0x1C, 0x39, 0x51, 0xF3, 0x99, 0x5C, 0xCD,
    0x10, 0xA1, 0x4F, 0x84, 0xAE, 0xB0, 0x85, 0x15, 0x9B, 0x70, 0xFE, 0x52, 0xFA, 0xD6, 0x8F, 0xE8,
    0x8A, 0x1C, 0x25, 0xE1, 0xF6, 0xFB, 0xE7, 0x49, 0xAC, 0x50, 0x7E, 0x26, 0x57, 0x06, 0x80, 0xBE,
    0xC7, 0xBD, 0x64, 0xE6, 0x60, 0x1C, 0xB3, 0xC9, 0x09, 0x55, 0xBE, 0xB3, 0x83, 0x21, 0xEE, 0x0B,
    0x53, 0x03, 0xE5, 0x02, 0x22, 0xB7, 0x43, 0xE6, 0x63, 0x27, 0x9E, 0x12, 0x0E, 0x6A, 0x9E, 0x29,
    0xCD, 0x4A, 0x31, 0xF0, 0x57, 0x10, 0x07, 0x19, 0x4E, 0xC6, 0x9F, 0x93, 0xD5, 0xF5, 0x41, 0xD8,
    0x25, 0xB0, 0xED, 0x0A, 0x8C, 0x40, 0xA6, 0x9A, 0x9C, 0xEF, 0x2C, 0x8E, 0x48, 0x8D, 0x9E, 0xDD,
    0x05, 0xBA, 0x02, 0x2B, 0x82, 0xE4, 0xA4, 0x3E, 0x28, 0x1F, 0xFC, 0x4C, 0x92, 0xA4, 0x22, 0x9E,
    0xD4, 0x7D, 0x43, 0x01, 0x07, 0x79, 0xAC, 0xAF, 0x81, 0x0D, 0xC9, 0x21, 0xA6, 0xE3, 0xB7, 0xFF,
    0x46, 0x7B, 0x5F, 0x12, 0x9E, 0x28, 0xCF, 0x86, 0xAD, 0x79, 0x73, 0xE6, 0x0E, 0xAD, 0x03, 0x22,
    0x1B, 0x64, 0x3A, 0x9D, 0xA9, 0x2B, 0x18, 0xCA, 0xF0, 0x5F, 0x1D, 0x4F, 0xE7, 0xAE, 0xDB, 0x2F,
    0x60, 0x8E, 0x97, 0x01, 0x31, 0xA0, 0xF5, 0x36, 0x60, 0x6C, 0x5C, 0x83, 0xE2, 0x28, 0xE4, 0x7F,
    0xA8, 0xF9, 0xF7, 0xC1, 0x56, 0xE7, 0xE3, 0xE4, 0xCA, 0x25, 0x8A, 0x80, 0x5D, 0x55, 0xAD, 0x21,
    0x3F, 0xEE, 0x41, 0xAB, 0xB3, 0x7E, 0xBD, 0x46, 0x48, 0x18, 0x7B, 0xCB, 0x9F, 0x6F, 0x3C, 0xE2,
    0x52, 0xA9, 0x70, 0x69, 0x88, 0xF7, 0xE7, 0x48, 0x6A, 0x6F, 0xC8, 0x91, 0x04, 0xB0, 0x3F, 0x84,
    0xF6, 0x27, 0xD1, 0xAA, 0x9F, 0x1C, 0x3C, 0x4D, 0x09, 0xEE, 0x3D, 0x78, 0x52, 0x45, 0x0A, 0xE3,
    0xD9, 0x03, 0x63, 0x5E, 0xF7, 0x03, 0x41, 0x6F, 0x45, 0xAD, 0xB5, 0x3E, 0x48, 0xD1, 0xFB, 0xBF,
    0x91, 0x6C, 0x6D, 0x75, 0x43, 0xB6, 0x67, 0x87, 0xA3, 0x4E, 0x11, 0x17, 0x80, 0xB7, 0x3E, 0x1B,
    0xA1, 0x82, 0x29, 0xE9, 0xA4, 0x9B, 0xC8, 0xCD, 0x94, 0x10, 0x0B, 0x38, 0xE1, 0xA1, 0x11, 0x25,
    0xAC, 0xA7, 0xFB, 0xB3, 0x05, 0xEF, 0xA6, 0xEB, 0x81, 0x60, 0xF5, 0x3A, 0x20, 0x14, 0xC2, 0x63,
    0x76, 0x96, 0x9C, 0xF5, 0xA2, 0x86, 0xB2, 0xE1, 0x11, 0x5D, 0x4E, 0xBD, 0xA8, 0xB3, 0xAE, 0xA4,
    0x77, 0x04, 0xB1, 0x0F, 0x2C, 0x2B, 0xEA, 0x45, 0x12, 0x5B, 0x44, 0xC2, 0x23, 0xA5, 0xA0, 0x86,
    0xF2, 0x50, 0xEC, 0xD9, 0x2E, 0xA9, 0xC2, 0x12, 0x2C, 0x04, 0xCD, 0x57, 0xE8, 0x17, 0x98, 0x56,
    0xA2, 0x1E, 0xB6, 0x97, 0xF6, 0x75, 0x6F, 0x21, 0x14, 0x9B, 0x53, 0x58, 0xD9, 0x07, 0xA5, 0xB0,
    0xAA, 0x37, 0x53, 0x58, 0x91, 0x68, 0xE2, 0x88, 0x41, 0xF4, 0xC2, 0xA0, 0xDE, 0x77, 0x33, 0xD0,
    0xF2, 0x80, 0xB8, 0x6F, 0x82, 0x92, 0xB4, 0x0C, 0xC4, 0xBC, 0x01, 0x50, 0x8E, 0xB2, 0x84, 0x3D,
    0x85, 0xF2, 0xBA, 0xBA, 0x5B, 0x41, 0x64, 0xFB, 0xEA, 0x05, 0xDB, 0x40, 0xB8, 0x76, 0x88, 0x7E,
    0xC5, 0x36, 0x23, 0xB5, 0x2C, 0x45, 0x8A, 0x5B, 0xCC, 0x38, 0xEB, 0x98, 0xFC, 0x7F, 0x56, 0x6A,
    0xEF, 0xCB, 0x52, 0xB8, 0xCD, 0xF5, 0x28, 0x5F, 0xDF, 0x81, 0x4E, 0x6C, 0xC0, 0x9D, 0x0A, 0x2B,
    0xB1, 0x01, 0x67, 0x5C, 0x01, 0xC0, 0xCB, 0x14, 0xC1, 0x41, 0xD8, 0x53, 0x6C, 0xB5, 0xEF, 0x59,
    0x40, 0x03, 0x50, 0x80, 0x06, 0xB9, 0x0E, 0x54, 0xC1, 0x6C, 0x82, 0xA5, 0x2C, 0x0A, 0x02, 0xCF,
    0x28, 0x04, 0x47, 0xD6, 0xBA, 0x9C, 0xF5, 0x04, 0x20, 0xC8, 0x7D, 0xE2, 0x7C, 0x7C, 0x58, 0x0A,
    0xC1, 0x2C, 0xEB, 0x8F, 0x05, 0xBE, 0xF4, 0xF0, 0xC3, 0x63, 0x06, 0x09, 0xB6, 0xF3, 0x66, 0x01,
    0x36, 0xCC, 0x6F, 0x26, 0x70, 0x09, 0x13, 0x2A, 0xA6, 0x46, 0xCE, 0x63, 0xC3, 0xFF, 0x05, 0x07,
    0x43, 0xE2, 0x43, 0xC3, 0x59, 0xE1, 0xE5, 0xC2, 0x38, 0xBF, 0x1C, 0x0C, 0x89, 0xD5, 0x0D, 0x34,
    0x0B, 0xC2, 0x14, 0x32, 0xA9, 0x38, 0x5E, 0xAC, 0xC5, 0x02, 0xA7, 0xD3, 0xA5, 0x2C, 0xDC, 0x02,
    0x58, 0xE3, 0x41, 0x7D, 0x74, 0xF2, 0xB9, 0xB1, 0x04, 0x7A, 0xF1, 0x64, 0x83, 0xBE, 0x3B, 0x85,
    0xA1, 0xE1, 0x02, 0x4A, 0x31, 0x3F, 0xC0, 0xE0, 0x2D, 0x6E, 0x0E, 0xC0, 0x80, 0x1D, 0x6F, 0x1A,
    0xF8, 0xB1, 0x46, 0x40, 0xE0, 0x23, 0x73, 0xE2, 0xAA, 0x01, 0x96, 0xC2, 0x72, 0x33, 0xCC, 0x81,
    0x4D, 0x84, 0x39, 0xB0, 0x49, 0x40, 0xA9, 0x22, 0x91, 0x39, 0x47, 0x15, 0x36, 0x0A, 0x57, 0x6E,
    0xF1, 0x5F, 0xD0, 0x49, 0xE3, 0x4D, 0x59, 0x17, 0x1A, 0xF2, 0xA7, 0xA1, 0xA4, 0x64, 0x6F, 0x72,
    0xB4, 0xEE, 0x52, 0xD5, 0x67, 0xC9, 0xB8, 0xFB, 0xF6, 0x47, 0xA9, 0x7D, 0x0E, 0xB0, 0x29, 0x20,
    0x99, 0x24, 0x75, 0x24, 0x8D, 0x9A, 0xFE, 0x4F, 0x6C, 0xCE, 0x05, 0xA9, 0xB9, 0x1B, 0x37, 0xF7,
    0xBE, 0x3A, 0xCF, 0x9A, 0xDC, 0x70, 0xD4, 0x8E, 0x84, 0x4F, 0x17, 0x84, 0x29, 0xFD, 0xAD, 0xFE,
    0x12, 0xD0, 0x7F, 0xD4, 0x98, 0xDC, 0xD0, 0xA8, 0x44, 0x7A, 0xD2, 0x27, 0x0F, 0xA2, 0xFE, 0x52,
    0xBF, 0x22, 0x32, 0x2A, 0xC8, 0x42, 0x05, 0xF0, 0xB7, 0x5E, 0xF5, 0x61, 0x70, 0xFE, 0x28, 0xB0,
    0x70, 0x68, 0x34, 0x46, 0x95, 0x15, 0x6A, 0x2A, 0x69, 0xF3, 0x26, 0xFD, 0x60, 0xFE, 0xFC, 0xDF,
    0xE6, 0xFC, 0x66, 0x80, 0xF0, 0xE0, 0xA1, 0xD2, 0xB3, 0x82, 0x75, 0x87, 0x8E, 0xC9, 0xBF, 0x71,
    0xFA, 0x7C, 0xFF, 0x24, 0x5A, 0xEF, 0x68, 0xA4, 0x8F, 0x81, 0xE8, 0xC2, 0xA8, 0xA0, 0x02, 0x14,
    0x57, 0xB4, 0x2D, 0xA2, 0xCF, 0x38, 0x6B, 0x33, 0x17, 0x1C, 0xE3, 0xC7, 0x33, 0x4B, 0xA1, 0x96,
    0xCE, 0x1D, 0x56, 0xD9, 0xBE, 0xB5, 0xCA, 0xE6, 0xC0, 0x93, 0xE6, 0xB6, 0x7D, 0xFB, 0x97, 0x15,
    0x7E, 0x3F, 0x76, 0xA9, 0x45, 0x11, 0xC9, 0x02, 0x89, 0x88, 0xD1, 0xDF, 0x99, 0xF8, 0x98, 0x2B,
    0xB9, 0x0D, 0xEA, 0x83, 0xEE, 0x0D, 0x0C, 0xDF, 0x37, 0xDA, 0x34, 0x17, 0x71, 0x36, 0xA7, 0xFC,
    0x21, 0x40, 0xDF, 0xF5, 0xE4, 0xB0, 0xC7, 0x3D, 0x39, 0x88, 0xE8, 0x12, 0x81, 0x9B, 0xB8, 0x3F,
    0x0A, 0x1E, 0xA2, 0x4D, 0x26, 0x76, 0xCC, 0x71, 0x12, 0x75, 0x4A, 0xF3, 0xC5, 0xD4, 0x34, 0x63,
    0x66, 0xE5, 0x98, 0xC4, 0x72, 0x94, 0x49, 0x56, 0x13, 0xE1, 0x3E, 0x53, 0x71, 0x7F, 0x2F, 0x53,
    0x71, 0xF3, 0x1B, 0x0F, 0xDC, 0xB5, 0x08, 0x97, 0xAA, 0xF0, 0xA6, 0x48, 0xE8, 0x92, 0x13, 0xEF,
    0x60, 0x30, 0xDE, 0x8F, 0xBB, 0x9E, 0x4D, 0x46, 0x95, 0xE2, 0x17, 0x7D, 0x05, 0x0E, 0xE0, 0x77,
    0x33, 0xB6, 0xEF, 0x0C, 0xA1, 0x50, 0xA2, 0x60, 0x20, 0xFC, 0x1D, 0xC7, 0x0E, 0x5B, 0x63, 0xBB,
    0xCE, 0x48, 0x27, 0x65, 0x56, 0xAB, 0xFE, 0xB5, 0x7B, 0x17, 0xBF, 0x7F, 0xEF, 0xA2, 0x0D, 0x4B,
    0x86, 0x7B, 0x4C, 0x5F, 0x59, 0x97, 0x9F, 0x9C, 0x82, 0x96, 0xE2, 0x38, 0xC3, 0x01, 0x96, 0x16,
    0xC9, 0x97, 0x04, 0xD7, 0x52, 0x81, 0x35, 0x07, 0x90, 0x8A, 0xB1, 0xE8, 0x32, 0x80, 0x2B, 0xEB,
    0x8C, 0x3A, 0x95, 0x8A, 0xD8, 0xB0, 0x9D, 0x29, 0x72, 0x96, 0x1E, 0xF1, 0x36, 0x00, 0xB1, 0x0F,
    0xC6, 0x18, 0xC5, 0x0B, 0xB7, 0xC1, 0x35, 0xC4, 0xF4, 0x57, 0x33, 0x17, 0xD3, 0x77, 0xBE, 0xF5,
    0xCC, 0xBC, 0x17, 0x20, 0x73, 0x0C, 0x61, 0x47, 0xA6, 0x22, 0x0F, 0xE5, 0xE7, 0x88, 0x6D, 0xA0,
    0x82, 0x39, 0xF9, 0xA6, 0xA9, 0xFD, 0x9A, 0x7A, 0xA5, 0x21, 0x13, 0x32, 0x55, 0x3A, 0x47, 0x0D,
    0x3A, 0x87, 0x9D, 0x49, 0x18, 0xB4, 0x74, 0xB7, 0x2D, 0xE4, 0x0B, 0xC1, 0x48, 0xAB, 0x8B, 0x32,
    0x69, 0x38, 0x5C, 0x7B, 0x03, 0x13, 0x9E, 0xA1, 0x2F, 0x04, 0x6A, 0xC4, 0x52, 0x27, 0x48, 0xF5,
    0x86, 0x72, 0x0A, 0xFF, 0x04, 0x8D, 0xD0, 0xBC, 0xC6, 0x82, 0xD7, 0xE8, 0xDA, 0x2A, 0xCD, 0x7A,
    0x47, 0xCF, 0x21, 0xBE, 0xFE, 0xAE, 0xA4, 0xD8, 0xBB, 0x2B, 0x09, 0x8F, 0xDD, 0x95, 0xA4, 0xAE,
    0xB8, 0x39, 0xD5, 0x35, 0x9B, 0x04, 0xE0, 0xFA, 0x31, 0x98, 0x22, 0xC8, 0x01, 0x25, 0x71, 0xAC,
    0xF3, 0xB6, 0x3F, 0xE7, 0x94, 0xBD, 0x02, 0x85, 0x0E, 0x83, 0x18, 0x08, 0x32, 0xB6, 0x73, 0x9A,
    0x85, 0x75, 0x0D, 0x98, 0x70, 0xAC, 0xE4, 0x5E, 0xBF, 0xF7, 0xB0, 0x55, 0x6F, 0x3A, 0xC1, 0x77,
    0xC2, 0xD2, 0xE8, 0xA7, 0x4F, 0x1A, 0x36, 0x45, 0x9C, 0xEB, 0x18, 0x32, 0x57, 0x9A, 0x2A, 0x58,
    0x2B, 0x27, 0x65, 0x5C, 0xD6, 0xFA, 0x58, 0x2B, 0xB1, 0x2E, 0x95, 0xB5, 0xD2, 0x00, 0x8A, 0x77,
    0x56, 0xEA, 0xB5, 0x52, 0x9A, 0xD4, 0x57, 0x19, 0x3E, 0xE7, 0x8A, 0x5A, 0x55, 0xD1, 0xF3, 0xD9,
    0x6F, 0xE9, 0x72, 0x1F, 0xA3, 0xED, 0x55, 0x47, 0x17, 0xAC, 0xC0, 0xAF, 0xEA, 0xE0, 0x48, 0x8A,
    0x06, 0x9C, 0x90, 0xCF, 0x12, 0x78, 0x88, 0x50, 0xD3, 0x21, 0x02, 0x6D, 0x11, 0x83, 0x0C, 0xDE,
    0x38, 0xB8, 0x83, 0xE4, 0xC6, 0x32, 0x48, 0x99, 0x73, 0xD8, 0xAD, 0x71, 0xC8, 0x06, 0x38, 0x14,
    0xFD, 0x6F, 0xA4, 0x0A, 0x7B, 0x41, 0x70, 0x09, 0x13, 0x6A, 0x98, 0x76, 0xA6, 0xC0, 0x03, 0x97,
    0x8C, 0xCE, 0xE7, 0x02, 0xF5, 0xF8, 0x96, 0xA8, 0x63, 0xC3, 0xFD, 0xCE, 0x4F, 0xD7, 0x22, 0xB5,
    0xCD, 0x22, 0x6D, 0xB1, 0x9D, 0x6D, 0x7E, 0x8D, 0xC1, 0x66, 0x12, 0x6C, 0x59, 0x71, 0xF4, 0x5A,
    0x3F, 0x03, 0x9A, 0x4F, 0x3A, 0xC0, 0xBF, 0xEE, 0xA8, 0xE9, 0xBA, 0x1A, 0x96, 0xB3, 0xB6, 0x69,
    0xDB, 0xE0, 0xBF, 0x5F, 0x48, 0x52, 0x26, 0x9B, 0x61, 0x45, 0x06, 0xE3, 0x93, 0xC0, 0x2F, 0x6F,
    0x01, 0x5E, 0xEA, 0xAA, 0x2C, 0xAC, 0xB4, 0x50, 0xD1, 0x6A, 0xE9, 0xC6, 0x37, 0x7F, 0x0A, 0xC0,
    0xAD, 0x53, 0x86, 0xE9, 0xA8, 0xDE, 0xE2, 0x89, 0x6F, 0x1C, 0x96, 0xCA, 0x9F, 0x6D, 0x00, 0x1A,
    0x4E, 0xD7, 0xF7, 0x39, 0xB7, 0xC4, 0x0E, 0x2A, 0x12, 0x1C, 0x14, 0x86, 0xB0, 0xC2, 0x36, 0xF0,
    0x57, 0xF2, 0xB2, 0xFF, 0xB2, 0x2E, 0x32, 0x15, 0x9D, 0x63, 0x4D, 0x45, 0x57, 0x15, 0x94, 0xF0,
    0x9E, 0xDD, 0x2F, 0xE5, 0xB9, 0x92, 0x0B, 0xEC, 0xB0, 0xF2, 0x57, 0x2D, 0xFF, 0x31, 0x63, 0x45,
    0x75, 0x53, 0x17, 0x5B, 0x67, 0x25, 0xC0, 0x8A, 0x79, 0x1B, 0x4C, 0x91, 0xFE, 0x33, 0x8D, 0x15,
    0xF9, 0x1A, 0xE9, 0xD6, 0x19, 0x12, 0xAD, 0xEE, 0x7C, 0x9D, 0xDF, 0xA5, 0x15, 0x1F, 0x33, 0x5D,
    0xE5, 0x49, 0xEB, 0xF0, 0x3D, 0x7D, 0x2D, 0x73, 0xFE, 0x88, 0x15, 0xD8, 0x0F, 0xC9, 0x4D, 0x25,
    0xDF, 0xCF, 0xBB, 0x41, 0x49, 0x50, 0xED, 0x41, 0xF7, 0xA1, 0x17, 0x3B, 0xB8, 0x93, 0x01, 0x7B,
    0x8F, 0xAC, 0xD8, 0x48, 0xFB, 0xE9, 0xB7, 0x74, 0xBA, 0xCA, 0x87, 0xBF, 0x24, 0x89, 0x33, 0x8D,
    0xE9, 0x80, 0xE0, 0xC0, 0x7A, 0x99, 0x5E, 0x11, 0x1A, 0x93, 0x85, 0x90, 0xF3, 0xF1, 0x7E, 0xEB,
    0x1B, 0xE6, 0x64, 0x67, 0x0A, 0xC2, 0xFB, 0x87, 0xBB, 0x28, 0xA3, 0x5A, 0xBB, 0x00, 0x77, 0xA5,
    0x94, 0xB8, 0xAB, 0x43, 0xDE, 0x0B, 0xA4, 0x2E, 0x52, 0xF2, 0x7E, 0xEB, 0xC1, 0xEA, 0xCF, 0x43,
    0x86, 0xB2, 0xF1, 0x6C, 0x35, 0x1B, 0xFD, 0x29, 0xC3, 0x56, 0x7C, 0xD2, 0xAC, 0x59, 0xD7, 0xF2,
    0xD5, 0xE7, 0x38, 0x3E, 0x3D, 0xDA, 0x82, 0x9D, 0xD7, 0x83, 0x2C, 0xF8, 0xD1, 0xB7, 0xBB, 0x81,
    0x0A, 0x68, 0x6F, 0xCC, 0xCF, 0x95, 0x20, 0x0F, 0xDB, 0x41, 0xF6, 0x10, 0xD4, 0xA4, 0xA2, 0x67,
    0xD0, 0x69, 0xEB, 0x1D, 0xD9, 0x43, 0xFE, 0x43, 0x79, 0x52, 0xA4, 0x62, 0xC0, 0x66, 0x94, 0x5A,
    0xF1, 0x0D, 0x47, 0xA3, 0xF6, 0xE7, 0x5F, 0x13, 0xA2, 0x0D, 0xE8, 0xD3, 0xD4, 0xF8, 0xD0, 0x01,
    0xE3, 0xC3, 0xF7, 0xE7, 0xE5, 0xD7, 0xDD, 0x2A, 0xF4, 0x5C, 0x7B, 0x81, 0x79, 0x85, 0xF9, 0xC2,
    0xF9, 0xDB, 0x7B, 0xAF, 0xD4, 0xD5, 0xF3, 0x0D, 0x78, 0xFE, 0xBD, 0x2F, 0xE2, 0x2E, 0xC9, 0x5B,
    0x9C, 0x98, 0x3F, 0x28, 0x55, 0x6D, 0xDB, 0x3B, 0x10, 0xCA, 0x79, 0x6E, 0x88, 0x2F, 0xF3, 0x7B,
    0xA7, 0x9D, 0x88, 0x7E, 0x67, 0x5A, 0xD2, 0xD9, 0x7D, 0xE5, 0xC6, 0xE5, 0x04, 0xAD, 0xAE, 0xAE,
    0x3C, 0x42, 0x73, 0xCA, 0xEC, 0xEF, 0x3C, 0xE6, 0x9C, 0x86, 0x6A, 0x6D, 0x25, 0x86, 0x84, 0xC9,
    0x0F, 0x1A, 0x7F, 0xAA, 0xFA, 0xBA, 0xF3, 0x96, 0x8D, 0x58, 0xFE, 0x42, 0xD4, 0xEF, 0x3E, 0xE7,
    0x0D, 0x6A, 0xB3, 0x06, 0x8B, 0x16, 0x34, 0xB7, 0x9F, 0x33, 0xFF, 0xB3, 0x85, 0x2E, 0xF6, 0x2D,
    0x74, 0x5F, 0x76, 0xE9, 0xA2, 0x15, 0xA5, 0xAC, 0x12, 0xCC, 0xAB, 0xF2, 0xC3, 0xAE, 0xAE, 0xF8,
    0x9C, 0xCB, 0xE2, 0x71, 0x41, 0x24, 0xB8, 0xC7, 0x2D, 0xF9, 0x8E, 0x58, 0x52, 0x3F, 0x88, 0xF9,
    0x45, 0x67, 0xC1, 0x52, 0x9F, 0xA2, 0x89, 0xD3, 0x49, 0x8D, 0x64, 0x22, 0x7D, 0x35, 0x32, 0x79,
    0xD9, 0xD5, 0x65, 0x7F, 0xCC, 0xED, 0x87, 0x54, 0x27, 0xA8, 0x46, 0x4C, 0xB4, 0xB3, 0xB5, 0x29,
    0x5F, 0x7C, 0x9B, 0xC6, 0x47, 0xC7, 0x64, 0x23, 0x76, 0xA6, 0xE0, 0xBC, 0x10, 0x94, 0xDD, 0x04,
    0x45, 0x10, 0x6F, 0x8E, 0xDD, 0x46, 0xA4, 0xF2, 0xFB, 0x09, 0x52, 0x53, 0x19, 0xA2, 0xFE, 0x1B,
    0xF9, 0x21, 0x23, 0xDE, 0xE2, 0x87, 0xBC, 0xFB, 0xF8, 0xE6, 0xD3, 0xCD, 0x42, 0x16, 0x36, 0xDD,
    0x2C, 0x54, 0x41, 0xCC, 0xA2, 0xDB, 0x27, 0xD7, 0x64, 0xCB, 0x37, 0x0B, 0x9D, 0x79, 0xBB, 0x23,
    0xF7, 0x67, 0x54, 0xC5, 0xE9, 0xB2, 0x81, 0xE9, 0x30, 0x5C, 0xD8, 0x0E, 0x72, 0x08, 0xC6, 0xBD,
    0x63, 0xCF, 0x1E, 0xA2, 0x6A, 0xEC, 0x45, 0x1A, 0x7B, 0x9D, 0x7C, 0x60, 0x8F, 0xE6, 0x6B, 0x8C,
    0x9B, 0x3F, 0x7C, 0x8D, 0xF1, 0x43, 0x63, 0x08, 0xC0, 0x37, 0x58, 0x07, 0xEE, 0x8E, 0x61, 0xF2,
    0x4C, 0x91, 0x8D, 0xC3, 0xCB, 0xFF, 0x00, 0xDD, 0x9A, 0x51, 0xAA, 0x23, 0xB9, 0x0E, 0x86, 0x05,
    0x7A, 0x1D, 0xD0, 0x56, 0x7A, 0x01, 0x0D, 0xDA, 0xBA, 0x21, 0xAF, 0x03, 0xD9, 0x8A, 0xE0, 0xBC,
    0x0A, 0xFE, 0xDB, 0xFE, 0xAD, 0x54, 0xE9, 0x56, 0x3A, 0xF4, 0xC0, 0xBD, 0x27, 0x95, 0x1A, 0x53,
    0xF9, 0x44, 0xE7, 0xCC, 0xA4, 0xEC, 0xCF, 0x8A, 0xAD, 0x38, 0x11, 0x11, 0x84, 0x3C, 0xA8, 0xC8,
    0x8D, 0xB6, 0xF8, 0x35, 0xE9, 0x8B, 0xB7, 0x49, 0x2C, 0xEA, 0x2F, 0xEA, 0x62, 0x4E, 0x5A, 0x2A,
    0x7E, 0x31, 0x26, 0x1D, 0x80, 0x08, 0x76, 0x6A, 0x51, 0x04, 0x62, 0xB9, 0xD3, 0x43, 0x04, 0x63,
    0x11, 0x63, 0x52, 0xA4, 0xB7, 0x9C, 0x50, 0x3C, 0x31, 0x27, 0x0D, 0x16, 0x02, 0xDC, 0x43, 0x01,
    0x10, 0xC3, 0xA0, 0xBF, 0x90, 0x82, 0xE1, 0x44, 0x08, 0xA4, 0xA0, 0x10, 0x34, 0x58, 0x8A, 0x87,
    0xFF, 0x02, 0x50, 0xB0, 0x09, 0x85, 0x85, 0xB4, 0x06, 0xDE, 0x73, 0x6C, 0x58, 0xCF, 0xB1, 0x79,
    0x90, 0xD8, 0x29, 0x8D, 0x96, 0x64, 0x90, 0x6D, 0x54, 0x1F, 0x26, 0x1B, 0x29, 0x85, 0x1B, 0x4A,
    0xF8, 0xB2, 0xEB, 0x31, 0x21, 0xBD, 0x7D, 0xAF, 0x6F, 0xDE, 0xB5, 0x8C, 0x79, 0x3A, 0x2D, 0xD5,
    0x64, 0xFB, 0xFA, 0x43, 0xD7, 0xD8, 0x75, 0x56, 0x28, 0x95, 0x15, 0x4A, 0x69, 0x39, 0x2D, 0xA9,
    0x65, 0xB5, 0xB4, 0x96, 0xD7, 0x12, 0x5B, 0x66, 0x4B, 0x6D, 0xB9, 0x2D, 0xB9, 0x82, 0x1E, 0x94,
    0xA1, 0x04, 0x97, 0xDB, 0x0A, 0xE5, 0xF8, 0x11, 0x1E, 0x96, 0x7B, 0x3E, 0x4C, 0x0D, 0x74, 0xCE,
    0xC9, 0x4C, 0x3E, 0xC9, 0x3B, 0x0D, 0x1F, 0xF2, 0xEC, 0x9B, 0xC2, 0x79, 0xCB, 0xC5, 0x21, 0x74,
    0x2E, 0x94, 0x2E, 0x4E, 0xD2, 0xF8, 0x46, 0xF6, 0xAB, 0x91, 0xEE, 0x97, 0xFC, 0x25, 0xBE, 0x68,
    0x64, 0x4D, 0x00, 0x21, 0x92, 0x8B, 0xBE, 0xB4, 0xA0, 0xEC, 0x77, 0xF9, 0x9F, 0x99, 0xC8, 0xFB,
    0x18, 0x34, 0xE6, 0xF3, 0x89, 0xB2, 0x4B, 0xB9, 0x74, 0xFB, 0xB6, 0x44, 0xF6, 0xD1, 0x83, 0xC6,
    0xFE, 0x2F, 0xCF, 0x9F, 0xAF, 0xD2, 0xFA, 0xC7, 0x45, 0xD3, 0x3A, 0xC9, 0xF5, 0x8F, 0x3B, 0x69,
    0xBF, 0xE8, 0xCC, 0x68, 0x64, 0x1C, 0x52, 0x5C, 0xCE, 0x4C, 0x71, 0x11, 0x63, 0x77, 0xF1, 0x15,
    0x1C, 0xEC, 0xE4, 0x68, 0x1B, 0x8E, 0xE7, 0x36, 0x39, 0x4A, 0x5A, 0xF8, 0xE0, 0xCC, 0x7C, 0xEE,
    0xEA, 0xAD, 0x21, 0x4A, 0x61, 0x84, 0x64, 0xEF, 0xA7, 0xE2, 0x84, 0xF4, 0x77, 0x34, 0x89, 0xF3,
    0xAE, 0x96, 0x1E, 0xB3, 0x07, 0x16, 0xD2, 0xDA, 0x85, 0xAB, 0x0E, 0x41, 0x3E, 0xDC, 0x26, 0x98,
    0x74, 0x43, 0xD0, 0xB6, 0xF8, 0xF3, 0x0B, 0x93, 0x1A, 0x0F, 0x9D, 0xDE, 0x98, 0xEC, 0x7F, 0xEB,
    0x64, 0x32, 0x0B, 0x80, 0x1A, 0xC4, 0x87, 0xCF, 0x07, 0x1E, 0xC6, 0x75, 0x88, 0x98, 0xD9, 0x10,
    0x1B, 0x13, 0xC0, 0xA3, 0x6B, 0x08, 0x79, 0x57, 0x56, 0xD7, 0xCA, 0xB6, 0x1B, 0x1D, 0xBB, 0x51,
    0xBD, 0x88, 0x51, 0x70, 0x24, 0x13, 0x36, 0x1F, 0x7A, 0x3F, 0xD3, 0xA8, 0x8C, 0xF6, 0x8E, 0xFA,
    0x29, 0x3D, 0x5F, 0x27, 0xAF, 0x67, 0xD7, 0xC6, 0x56, 0x45, 0x4D, 0xD8, 0x07, 0x24, 0x2D, 0x8D,
    0x02, 0x6D, 0xB7, 0xDB, 0xB7, 0x81, 0x4A, 0xE0, 0xF0, 0x49, 0x60, 0x5F, 0x18, 0x2E, 0xB1, 0xDB,
    0xDD, 0x30, 0xCA, 0x9F, 0xE8, 0xAE, 0x78, 0x88, 0x02, 0xEF, 0x54, 0xAC, 0x51, 0x79, 0x7A, 0x94,
    0xE8, 0x29, 0xFF, 0x92, 0xDD, 0xCE, 0x86, 0x85, 0x58, 0xA0, 0x72, 0xB8, 0x09, 0xFE, 0x8C, 0xDD,
    0xCE, 0x81, 0x58, 0x40, 0x61, 0x14, 0x86, 0x08, 0xA1, 0x90, 0x1D, 0x2A, 0x5A, 0xF7, 0x68, 0xA0,
    0xA7, 0x05, 0x8F, 0x27, 0xFC, 0xF6, 0xD5, 0x5B, 0x73, 0xA9, 0x1B, 0x75, 0x2C, 0x2F, 0x21, 0xE2,
    0x48, 0x91, 0x35, 0x2F, 0x37, 0x88, 0x41, 0xE8, 0xA5, 0x44, 0xF8, 0x17, 0x50, 0x23, 0x5F, 0xAF,
    0xCC, 0x39, 0x6A, 0x37, 0xFF, 0x21, 0x9E, 0x56, 0xE3, 0xB3, 0x09, 0x79, 0x75, 0x73, 0x2D, 0xD4,
    0xCD, 0xB7, 0xAE, 0x3F, 0x20, 0x0F, 0xD4, 0x60, 0x1F, 0x6B, 0x94, 0x9C, 0x2A, 0x11, 0xB1, 0x9D,
    0x3E, 0x4C, 0xE8, 0xAB, 0xD3, 0x87, 0x6F, 0xD6, 0x09, 0x49, 0x51, 0x7C, 0xE5, 0x7A, 0xD2, 0x6E,
    0x13, 0xB5, 0xE7, 0x9F, 0x6C, 0x48, 0x53, 0x43, 0x0C, 0xF7, 0x58, 0x43, 0x72, 0x87, 0x48, 0x6A,
    0xBE, 0xC9, 0x8B, 0x88, 0xEE, 0xA7, 0x16, 0xDC, 0x8D, 0x5F, 0x1C, 0x09, 0x34, 0x49, 0x45, 0x3C,
    0x38, 0x8A, 0xBC, 0x63, 0x51, 0x21, 0x9D, 0x3A, 0xC9, 0x82, 0xFA, 0xC0, 0xB2, 0x55, 0xF4, 0x78,
    0xC1, 0x17, 0x37, 0x9C, 0x6D, 0x2F, 0xDF, 0x10, 0x2E, 0x93, 0x5C, 0x51, 0xF7, 0x8F, 0xA4, 0x60,
    0x96, 0x1D, 0x7D, 0x96, 0x50, 0x1A, 0x5D, 0x4A, 0x97, 0x53, 0xA1, 0xD4, 0x65, 0x75, 0x69, 0xA5,
    0x57, 0x92, 0xF7, 0x8D, 0x1A, 0x62, 0xEB, 0xE1, 0x0F, 0x59, 0x76, 0xAB, 0x9F, 0x46, 0x52, 0x70,
    0xF5, 0x2E, 0x09, 0x4F, 0x5A, 0xA0, 0xDD, 0x92, 0x7B, 0x7A, 0xFA, 0xF9, 0xD8, 0xAA, 0xDE, 0x40,
    0x88, 0x44, 0xFF, 0x58, 0x49, 0x77, 0x6F, 0x4B, 0x44, 0x6F, 0x52, 0x95, 0xF4, 0x51, 0x07, 0x2A,
    0x97, 0x4B, 0xCA, 0xDC, 0x76, 0x34, 0xE3, 0x0B, 0xAD, 0xB4, 0x54, 0x44, 0xAC, 0x7A, 0xC0, 0x47,
    0xBE, 0x53, 0xAE, 0x49, 0xAE, 0x43, 0x11, 0x05, 0xA2, 0x1F, 0x89, 0x78, 0x96, 0x5C, 0x05, 0xEA,
    0x34, 0xE4, 0xC7, 0xF9, 0x2B, 0x22, 0xB4, 0x8A, 0x3D, 0xBB, 0x43, 0x5E, 0x9C, 0x79, 0xBC, 0xD5,
    0x9F, 0x63, 0xD3, 0xE4, 0x43, 0x2C, 0x7D, 0xF4, 0xE3, 0x8E, 0x0F, 0x2F, 0x52, 0x9E, 0x4E, 0x33,
    0x40, 0x75, 0x43, 0xAA, 0x9D, 0x5D, 0xC7, 0xF0, 0x49, 0x64, 0xF5, 0xB3, 0x1E, 0x1E, 0xF5, 0xF6,
    0x7F, 0xE8, 0xCD, 0xED, 0xC1, 0x14, 0x86, 0xF0, 0x61, 0xF9, 0xFC, 0xF0, 0x78, 0x7E, 0x60, 0xF4,
    0x07, 0xC7, 0xCB, 0x97, 0xAA, 0x87, 0x4C, 0xA9, 0x29, 0xB7, 0x14, 0xE5, 0x2C, 0xF8, 0xD8, 0x52,
    0x4B, 0xB1, 0x5F, 0x96, 0xD2, 0x2F, 0x8F, 0x76, 0x0D, 0x41, 0xBB, 0xBE, 0xBD, 0xC3, 0xD5, 0x34,
    0x0E, 0x2F, 0x17, 0x42, 0x7F, 0x06, 0x5E, 0x29, 0x12, 0xB2, 0x5A, 0xEF, 0x2C, 0x46, 0xBF, 0xFA,
    0x08, 0x39, 0xFC, 0xFD, 0x5A, 0xCD, 0xD6, 0xD9, 0x2C, 0x2F, 0xDF, 0xDE, 0x0E, 0xFA, 0x58, 0x75,
    0x73, 0xFB, 0x70, 0x92, 0x3E, 0x39, 0x14, 0xC3, 0x20, 0x93, 0xB9, 0x7D, 0x2C, 0x29, 0x62, 0x71,
    0x48, 0xA7, 0x16, 0x65, 0xA3, 0x2D, 0x26, 0xEF, 0x98, 0xF3, 0xE2, 0xF8, 0xEB, 0x18, 0x14, 0xB5,
    0x6E, 0x1F, 0x53, 0xAC, 0x55, 0x03, 0x4F, 0xB4, 0x41, 0x22, 0x84, 0xFE, 0x14, 0xC0, 0x82, 0x41,
    0xDB, 0x47, 0x98, 0x8E, 0xE9, 0x86, 0x76, 0x08, 0x27, 0xC2, 0xF6, 0x8F, 0x30, 0x31, 0x51, 0xA9,
    0xFB, 0x8F, 0xDE, 0x87, 0x8A, 0xC5, 0x41, 0xAE, 0x6E, 0x15, 0xFB, 0x91, 0x5E, 0x4D, 0x2B, 0xDB,
    0xC7, 0xC9, 0xFE, 0xE7, 0x05, 0xFD, 0xB7, 0xFB, 0xEE, 0xDF, 0x4F, 0x28, 0x6E, 0xC1, 0xFB, 0xFD,
    0x4D, 0x65, 0xF7, 0x68, 0xDF, 0x91, 0x48, 0x6F, 0xD4, 0x59, 0x3E, 0x4B, 0x68, 0x19, 0x2D, 0xA5,
    0x74, 0xBA, 0xAC, 0x30, 0xD0, 0xEA, 0xF1, 0xCB, 0x91, 0x0A, 0xE3, 0x10, 0xF4, 0x11, 0xA4, 0x05,
    0xAB, 0x90, 0x52, 0x82, 0xCB, 0x70, 0x29, 0x2E, 0xC7, 0x25, 0xB9, 0x2C, 0xFF, 0x4F, 0x85, 0x2D,
    0x85, 0x53, 0x76, 0x91, 0xCE, 0xFB, 0xB7, 0x2C, 0x07, 0xEE, 0xEB, 0x40, 0xD1, 0x49, 0xCA, 0x2F,
    0x45, 0xD4, 0x5F, 0xFE, 0xA5, 0x3A, 0xBA, 0x74, 0x92, 0x75, 0x5A, 0x63, 0x24, 0xED, 0x53, 0x3E,
    0xDD, 0x7F, 0x68, 0x22, 0xFF, 0xB9, 0xF0, 0x7D, 0x5B, 0x22, 0x5B, 0x92, 0xED, 0xA0, 0x94, 0xEE,
    0x70, 0x1B, 0xCC, 0xE8, 0x6B, 0x28, 0xFD, 0x73, 0xE1, 0x5B, 0x72, 0xF3, 0xAD, 0x72, 0x87, 0xF1,
    0x06, 0xBE, 0x7D, 0xDE, 0xCB, 0x56, 0xB6, 0xE9, 0x6F, 0xB2, 0x36, 0xA8, 0xF8, 0xAF, 0x4F, 0x55,
    0xCC, 0xDA, 0x58, 0x5F, 0xD4, 0xC6, 0x27, 0x28, 0xDE, 0x25, 0xC6, 0x21, 0x4F, 0x53, 0x20, 0xBD,
    0x5D, 0xB8, 0x6C, 0x68, 0x15, 0x34, 0xB8, 0x3C, 0x1E, 0x2B, 0xE8, 0xB3, 0x2B, 0x0B, 0xF1, 0x5C,
    0x21, 0x18, 0x30, 0x8E, 0xBF, 0xB6, 0xE9, 0x6D, 0xAD, 0xEA, 0x33, 0x28, 0x10, 0x4E, 0x43, 0xE9,
    0x21, 0x98, 0x6D, 0x70, 0x3A, 0x6A, 0x3E, 0xA2, 0x6F, 0x5E, 0x7D, 0x17, 0xEC, 0x01, 0xE3, 0x18,
    0xFE, 0x5F, 0xBB, 0x60, 0x4B, 0xAE, 0xBE, 0x1F, 0x4E, 0xA2, 0x2D, 0x9A, 0xA4, 0x71, 0x24, 0x40,
    0x62, 0xE8, 0x76, 0x54, 0x9E, 0xDF, 0xB0, 0xF3, 0x35, 0xCD, 0x56, 0x21, 0xA5, 0xE9, 0x16, 0x5C,
    0x56, 0x77, 0x79, 0x56, 0x52, 0xC8, 0xD2, 0x6D, 0xE3, 0x4C, 0xDD, 0x8A, 0x0A, 0x63, 0x85, 0x6E,
    0x9F, 0xA1, 0xD7, 0x82, 0x6C, 0x71, 0xC5, 0x5C, 0x47, 0x90, 0x39, 0x79, 0x23, 0xB5, 0xD1, 0x83,
    0x3C, 0x37, 0xEF, 0x87, 0xAF, 0x2E, 0xB6, 0xEE, 0xEB, 0x17, 0x83, 0x0D, 0x1F, 0x97, 0xCD, 0x7B,
    0x1E, 0xC1, 0xAF, 0x33, 0xF8, 0x3A, 0xE6, 0x75, 0x9F, 0x4C, 0xCD, 0x93, 0x74, 0x5F, 0x50, 0xE2,
    0xF3, 0x86, 0xDA, 0xF6, 0xA5, 0xE3, 0xBA, 0x59, 0xED, 0x5C, 0xBB, 0x6C, 0x6D, 0x4F, 0x89, 0xC6,
    0xD1, 0x9E, 0xAF, 0x57, 0xEF, 0x3C, 0x5C, 0x96, 0x9D, 0xFB, 0xE5, 0x8B, 0xD1, 0xB9, 0x5F, 0x18,
    0x9D, 0xED, 0x0A, 0x8E, 0x17, 0x40, 0xEF, 0x3F, 0x4D, 0xBF, 0xE8, 0xF9, 0x13, 0xBD, 0x8C, 0x62,
    0xEC, 0xF0, 0x28, 0x88, 0x87, 0x76, 0x60, 0x10, 0xC7, 0xFF, 0x7C, 0x02, 0x59, 0x27, 0x8E, 0xFC,
    0x7E, 0x6A, 0xC2, 0x7A, 0x01, 0x5D, 0x8B, 0x93, 0x61, 0x43, 0xD6, 0x73, 0x5B, 0x30, 0x8C, 0x8D,
    0xE2, 0x3B, 0x15, 0x64, 0x3F, 0xEE, 0xF8, 0x40, 0xD9, 0xFD, 0xB8, 0xE3, 0x9E, 0xDB, 0x78, 0xA3,
    0x97, 0x5F, 0x6C, 0xDF, 0xEE, 0xDB, 0x73, 0xEF, 0x0E, 0xEF, 0xFB, 0xBA, 0xC2, 0xAB, 0x6A, 0x18,
    0x37, 0x50, 0x61, 0x85, 0x7B, 0x32, 0x20, 0x68, 0xB1, 0xC4, 0x3E, 0x3C, 0xB6, 0x60, 0xB9, 0x87,
    0x60, 0xF0, 0x63, 0xF0, 0x60, 0xF8, 0xD3, 0x12, 0xE3, 0xED, 0x87, 0xA8, 0x25, 0xB7, 0xEC, 0xB6,
    0x5C, 0x36, 0xAC, 0xF0, 0xA2, 0x80, 0xC5, 0xE8, 0x4F, 0x80, 0x8E, 0x6F, 0x2B, 0xDC, 0x93, 0x01,
    0x6B, 0x7A, 0x6B, 0x66, 0xA3, 0x6E, 0x7B, 0x0C, 0x18, 0x15, 0x2C, 0x7F, 0x13, 0x7C, 0x05, 0x30,
    0x3C, 0xA6, 0xFF, 0x3E, 0x83, 0x57, 0xC8, 0x92, 0xEC, 0x3D, 0x1C, 0x4B, 0xBF, 0xBC, 0xEE, 0x3C,
    0x58, 0x2F, 0xB5, 0x44, 0xFE, 0x3B, 0xF8, 0xF8, 0xAC, 0x79, 0x68, 0xA9, 0x8F, 0xD1, 0x82, 0x78,
    0x0F, 0xBA, 0x65, 0x11, 0x43, 0x5C, 0x6E, 0x56, 0xDA, 0xDB, 0x3D, 0x19, 0xEE, 0x2D, 0xDD, 0x8E,
    0x95, 0x2F, 0x3E, 0xED, 0xBD, 0xD2, 0xCA, 0xC5, 0xEC, 0xE5, 0x22, 0xA2, 0xCA, 0xC5, 0xEB, 0xBE,
    0x57, 0xC2, 0x06, 0xFF, 0xE8, 0x33, 0x60, 0x3D, 0x9B, 0xCE, 0x10, 0x9A, 0x9F, 0x34, 0x0F, 0xD7,
    0xB3, 0x7B, 0x68, 0x5E, 0x2E, 0xA3, 0x87, 0xFE, 0x6E, 0x67, 0xFB, 0x3C, 0xE5, 0xBD, 0xF5, 0xA5,
    0xF5, 0x18, 0xB2, 0x86, 0x99, 0xBD, 0x78, 0xEA, 0x3F, 0xE4, 0x6D, 0x23, 0xF4, 0x64, 0xBD, 0xC2,
    0xD5, 0xD8, 0x43, 0x89, 0x3A, 0x39, 0xB2, 0x60, 0xF5, 0xC3, 0x09, 0xD9, 0x7F, 0xC8, 0x47, 0xE4,
    0x44, 0x14, 0x5E, 0x7C, 0x1D, 0xDD, 0x61, 0xD9, 0x71, 0xF8, 0xB1, 0x8B, 0x45, 0xEB, 0x35, 0xD9,
    0x1A, 0x44, 0x5B, 0xF9, 0x66, 0xE4, 0xF1, 0x2C, 0xCF, 0x07, 0xC6, 0xC6, 0x1B, 0x64, 0x67, 0x4E,
    0xDE, 0x49, 0xBA, 0x34, 0x2C, 0x8E, 0x46, 0xD9, 0x79, 0xFC, 0x69, 0x46, 0x8D, 0xAC, 0x28, 0x93,
    0x49, 0x8E, 0xF3, 0xEC, 0xF5, 0x66, 0xA3, 0x7A, 0xDA, 0x31, 0xCE, 0xD5, 0xC6, 0x3C, 0x9E, 0xAF,
    0x83, 0xA2, 0x4E, 0x66, 0xAB, 0xBB, 0x14, 0xC4, 0x28, 0x88, 0xC5, 0xC4, 0x66, 0x81, 0x09, 0x1B,
    0xA7, 0x67, 0xA8, 0x61, 0x2F, 0x02, 0xFE, 0x22, 0x37, 0xB5, 0xFD, 0x33, 0xC6, 0x45, 0xB2, 0x95,
    0x86, 0x6D, 0xCA, 0xF4, 0xFA, 0x3D, 0x46, 0x22, 0x45, 0xC3, 0xE2, 0x23, 0x96, 0x03, 0x97, 0x9F,
    0xFC, 0xBF, 0x73, 0xFB, 0xF5, 0xD4, 0x17, 0xA2, 0x76, 0xF4, 0xAB, 0x08, 0xFE, 0x0F, 0xC5, 0x98,
    0x5B, 0x6A, 0x2C, 0x3D, 0xCF, 0x85, 0x1F, 0xD0, 0x6D, 0x40, 0x53, 0x09, 0xFC, 0xB7, 0x0D, 0x9A,
    0xBA, 0xA0, 0x07, 0x90, 0xA9, 0x08, 0x72, 0x2B, 0x58, 0xFF, 0x2B, 0xDB, 0xDD, 0x74, 0x91, 0xBC,
    0xF9, 0x76, 0xBE, 0xA3, 0xEC, 0xB5, 0x2C, 0x97, 0x0E, 0x96, 0xB5, 0x37, 0x55, 0xA4, 0xB9, 0x4A,
    0x52, 0xDC, 0xA4, 0x7A, 0xAB, 0xF7, 0xCA, 0xE2, 0xCF, 0x86, 0xE1, 0xDC, 0x90, 0xDE, 0xFD, 0xCD,
    0xCD, 0xF9, 0xC3, 0x21, 0xE5, 0x9A, 0x48, 0xBC, 0xEA, 0x21, 0x29, 0x87, 0xD0, 0xA1, 0xBA, 0x42,
    0xFA, 0x61, 0xCD, 0x7F, 0x68, 0x27, 0xFE, 0xA3, 0x33, 0x4E, 0x9D, 0x1C, 0x39, 0x35, 0x25, 0xB2,
    0xB6, 0xF6, 0xF6, 0x8A, 0x8A, 0x54, 0x2A, 0x4D, 0xFE, 0xDC, 0x47, 0x8A, 0xC6, 0x64, 0xBA, 0xF8,
    0x6C, 0x89, 0xD8, 0xC1, 0x56, 0xD6, 0x5E, 0x5E, 0x31, 0xC8, 0x28, 0xE5, 0x72, 0xBA, 0x8B, 0xC1,
    0x23, 0x9D, 0xF7, 0xB1, 0x9F, 0xB4, 0x03, 0x59, 0xD3, 0xB6, 0x0E, 0xE8, 0xF1, 0xB3, 0x6F, 0xFC,
    0xC4, 0xCA, 0x13, 0xA9, 0xEB, 0x0C, 0x5F, 0x13, 0x6F, 0xF0, 0x7A, 0x41, 0x2E, 0x84, 0x7F, 0xD4,
    0xB9, 0x73, 0x0E, 0x08, 0x58, 0x10, 0xD0, 0x1B, 0x76, 0x05, 0x5E, 0x57, 0xC4, 0x01, 0x28, 0x0F,
    0x78, 0xC0, 0x68, 0x33, 0x49, 0x03, 0x97, 0x84, 0x15, 0x0B, 0x7E, 0x45, 0x7A, 0xBE, 0x85, 0x54,
    0x83, 0x2F, 0x75, 0x1C, 0x98, 0xC0, 0x9B, 0x50, 0x86, 0x52, 0x2F, 0x33, 0x66, 0x8E, 0xC9, 0xC0,
    0x12, 0xAF, 0xD1, 0x5D, 0xE9, 0x2A, 0x57, 0x8F, 0xB5, 0x89, 0xE4, 0x06, 0x09, 0x91, 0x2A, 0x95,
    0x52, 0xE9, 0x69, 0xD3, 0x44, 0x69, 0xA3, 0x23, 0xBD, 0x3D, 0xAD, 0x98, 0xA7, 0x6D, 0x52, 0x45,
    0xFB, 0xE1, 0x48, 0x2F, 0xEB, 0x48, 0xED, 0x01, 0x48, 0xC5, 0x6F, 0x86, 0x84, 0xFF, 0x66, 0xE8,
    0x22, 0x96, 0x7F, 0x36, 0x24, 0x29, 0xD9, 0xE3, 0x77, 0x51, 0xD8, 0x1E, 0x7F, 0x1E, 0x05, 0x91,
    0x58, 0x03, 0x98, 0x0A, 0x2F, 0x00, 0x57, 0x1F, 0x2D, 0xD4, 0x44, 0x2E, 0xED, 0xDE, 0x88, 0x11,
    0xDD, 0x7B, 0x07, 0x20, 0x7B, 0xD1, 0xBC, 0x1E, 0xDA, 0x0E, 0x40, 0xDE, 0xC1, 0xD1, 0x4A, 0x21,
    0x42, 0x48, 0x9F, 0x2D, 0xB1, 0xE6, 0xC7, 0xA7, 0x74, 0x97, 0x32, 0xE4, 0xF7, 0x8E, 0xBF, 0x66,
    0x7A, 0xC5, 0x47, 0xCF, 0x4C, 0xD0, 0x6C, 0x6A, 0x15, 0xF7, 0xD4, 0xEA, 0xA1, 0x79, 0x79, 0xE9,
    0xA3, 0x04, 0x13, 0x24, 0x1F, 0x4D, 0xF8, 0xA7, 0xFE, 0x9A, 0xD0, 0xB8, 0xDA, 0xD5, 0xD8, 0x68,
    0xE5, 0xFB, 0x5E, 0xA6, 0x34, 0xBD, 0xDC, 0xF7, 0x72, 0xE5, 0xCB, 0xAD, 0x2F, 0x17, 0xBF, 0xDC,
    0xFD, 0x7A, 0xFD, 0x4B, 0x07, 0x2E, 0x4D, 0xB8, 0xF4, 0xE1, 0xD2, 0x8A, 0x4B, 0x37, 0xA2, 0x1F,
    0x0D, 0xB9, 0xF6, 0xE4, 0xDA, 0x96, 0x4B, 0x67, 0x3E, 0xEA, 0xD9, 0x9C, 0x6B, 0x7F, 0xAE, 0x2D,
    0xBA, 0x74, 0xC9, 0x9F, 0x8D, 0xBA, 0xF6, 0xEA, 0xDA, 0xAE, 0x6B, 0xC7, 0x2E, 0x4D, 0x7B, 0xF4,
    0x4D, 0x89, 0xB0, 0xED, 0x55, 0x44, 0xCE, 0x14, 0x63, 0x5A, 0x46, 0x81, 0x6C, 0x1C, 0x96, 0x8B,
    0xD7, 0x2A, 0x60, 0x1B, 0x63, 0x19, 0xE9, 0xE3, 0xAC, 0xED, 0xBE, 0x03, 0x96, 0xB7, 0xB5, 0xEF,
    0xA0, 0x13, 0x16, 0xB9, 0x1C, 0x03, 0xE2, 0x38, 0xB2, 0x3A, 0x2D, 0xB4, 0x0C, 0xE3, 0x63, 0x65,
    0x4D, 0xCB, 0x74, 0x9E, 0x3E, 0x2C, 0xC7, 0x3A, 0x68, 0x2B, 0xB6, 0x8F, 0x35, 0x42, 0xB6, 0xFD,
    0x86, 0x67, 0xF5, 0x7A, 0xE4, 0xF2, 0xB4, 0xF2, 0x13, 0xB1, 0x63, 0xAC, 0x71, 0x88, 0x35, 0x05,
    0x9F, 0x69, 0xF7, 0xF4, 0xBF, 0xA6, 0x65, 0x58, 0xB6, 0x55, 0x51, 0xBC, 0xB1, 0x7C, 0x0A, 0xA5,
    0x09, 0x17, 0xD1, 0x68, 0x76, 0x44, 0xCD, 0xF4, 0x3E, 0xD3, 0x0A, 0x83, 0xF1, 0xDF, 0x5B, 0xCD,
    0x44, 0xB9, 0xE6, 0x23, 0xBC, 0x4F, 0x78, 0x24, 0x0E, 0x36, 0xD3, 0x9A, 0x37, 0x3C, 0xBD, 0xB9,
    0x11, 0xE5, 0x8D, 0xD2, 0xDB, 0x7A, 0xC7, 0xCF, 0xFE, 0x9C, 0x35, 0x50, 0x82, 0x8F, 0x09, 0x4C,
    0x63, 0x02, 0x69, 0x4C, 0x84, 0x56, 0xCF, 0x5D, 0x44, 0x3D, 0x97, 0x79, 0x58, 0x81, 0x54, 0x9E,
    0x27, 0xE0, 0x84, 0x9F, 0x64, 0x27, 0xF5, 0x79, 0x63, 0x9F, 0x63, 0xA3, 0xAC, 0x51, 0xAE, 0x92,
    0xE2, 0x51, 0x20, 0x58, 0x01, 0x44, 0xBB, 0x76, 0x99, 0x8B, 0x54, 0x31, 0xBE, 0x9B, 0xEA, 0x95,
    0x26, 0x8D, 0x50, 0xBE, 0x50, 0x23, 0x9E, 0x74, 0x0A, 0xB9, 0x8A, 0x97, 0x5D, 0x12, 0x0F, 0x45,
    0x7A, 0x81, 0x8A, 0x90, 0xD0, 0x46, 0x46, 0x2B, 0xFF, 0xAF, 0x23, 0x6D, 0x30, 0x17, 0xFE, 0x14,
    0xAE, 0x41, 0xE3, 0x2A, 0x7C, 0xDF, 0xE8, 0xD1, 0xB7, 0x8B, 0x44, 0x82, 0xAE, 0x20, 0xA4, 0x1E,
    0x48, 0xEA, 0x77, 0xB0, 0x2C, 0x30, 0x6E, 0xE0, 0x04, 0x34, 0x5E, 0x5E, 0x98, 0x96, 0x6B, 0x03,
    0x21, 0x90, 0xE6, 0x61, 0x3B, 0xDC, 0xC6, 0xB1, 0x26, 0x0C, 0x0C, 0x08, 0x98, 0x58, 0x1A, 0xEC,
    0x3C, 0xF6, 0x89, 0x64, 0xA3, 0x81, 0xDA, 0x26, 0x7F, 0x98, 0x0A, 0xBA, 0xA0, 0x0A, 0xAB, 0xC2,
    0xB3, 0x17, 0x82, 0x1B, 0xCD, 0xED, 0xF4, 0x06, 0xBE, 0x57, 0xD2, 0x73, 0x2B, 0x7D, 0x14, 0xD3,
    0xC7, 0x43, 0x91, 0x7A, 0xFB, 0x3E, 0x14, 0xA4, 0x3A, 0xB6, 0xDC, 0x4A, 0x68, 0xAF, 0xE8, 0xE3,
    0xA1, 0xDC, 0x7B, 0x79, 0x10, 0xD6, 0x36, 0x4A, 0xBF, 0x99, 0xAC, 0x47, 0xC1, 0x86, 0xDE, 0xAD,
    0x59, 0x74, 0xB3, 0x62, 0x51, 0xDC, 0x8B, 0x45, 0x52, 0xF9, 0xA2, 0x90, 0xC4, 0xA2, 0x01, 0xAF,
    0x8A, 0xA9, 0x60, 0xC8, 0xD5, 0x2C, 0x8A, 0x6A, 0x16, 0x79, 0x8A, 0x45, 0x96, 0x62, 0x13, 0x9D,
    0xC0, 0x2D, 0xA5, 0x3D, 0x91, 0x5E, 0xAE, 0x1F, 0x39, 0x2C, 0x9E, 0x6C, 0x7D, 0x35, 0x1E, 0xBE,
    0x1A, 0x0F, 0x7F, 0x35, 0x0E, 0xFF, 0x2A, 0xB9, 0x86, 0xCF, 0x6D, 0x5E, 0x51, 0x10, 0x83, 0xBC,
    0x42, 0x03, 0x0E, 0x7A, 0xC1, 0x1E, 0x68, 0x16, 0x7C, 0x50, 0x57, 0x3C, 0x53, 0x29, 0x09, 0x81,
    0x04, 0xE7, 0xAC, 0x24, 0x0E, 0x58, 0xE0, 0x02, 0x1B, 0xF4, 0x13, 0xA6, 0x83, 0x53, 0xE6, 0x9F,
    0xD4, 0xA9, 0x17, 0xA0, 0xC2, 0x44, 0x48, 0x48, 0x25, 0xC9, 0xA5, 0x96, 0x74, 0x97, 0x3A, 0xD0,
    0xBD, 0x5D, 0xEF, 0x28, 0xF3, 0xBC, 0xFA, 0xCE, 0xE2, 0xBD, 0xB4, 0xE8, 0x5D, 0x7B, 0xA1, 0x7E,
    0x7C, 0xAB, 0x5D, 0x33, 0xCF, 0x8B, 0x74, 0xF9, 0xD6, 0x5A, 0x62, 0x16, 0xBE, 0x97, 0x00, 0x3B,
    0xCE, 0xFA, 0xB2, 0xEC, 0xFE, 0xA1, 0x22, 0x3A, 0x24, 0xA2, 0x35, 0x5C, 0xD2, 0x7E, 0x19, 0x0E,
    0x4F, 0x89, 0x2A, 0x86, 0xF3, 0xB0, 0x69, 0x9D, 0xBA, 0x58, 0x8D, 0x76, 0x7D, 0xB8, 0x18, 0x3E,
    0xDF, 0xC3, 0xE1, 0x18, 0xFE, 0xBE, 0x28, 0xAF, 0x53, 0xF9, 0x70, 0x3F, 0x74, 0x86, 0xD7, 0x7E,
    0x96, 0x72, 0x89, 0x53, 0x0E, 0xAA, 0x58, 0x4B, 0x46, 0x6A, 0xA2, 0xDE, 0x4F, 0xF0, 0x59, 0x06,
    0xE2, 0x54, 0x82, 0xEB, 0x34, 0x71, 0x2D, 0x2A, 0x6C, 0x69, 0xB3, 0x78, 0xEF, 0xA5, 0xC0, 0xD7,
    0xF2, 0xBD, 0x78, 0x11, 0x27, 0x79, 0x31, 0x78, 0x2C, 0xCF, 0x4F, 0x3F, 0xBA, 0xCA, 0xCA, 0x7B,
    0xFD, 0x4F, 0xA2, 0xC1, 0x79, 0xFC, 0xD5, 0x64, 0xA7, 0xFF, 0x92, 0x72, 0xA8, 0x87, 0x44, 0xBB,
    0x94, 0xBF, 0x26, 0x1E, 0x54, 0xB4, 0xC3, 0xBF, 0x44, 0x48, 0x4A, 0x1F, 0x8A, 0x4D, 0xED, 0xA9,
    0xDF, 0x50, 0x6C, 0x7A, 0x64, 0x21, 0xA4, 0xFC, 0xB7, 0xDC, 0x32, 0x25, 0xE9, 0x99, 0x05, 0x4E,
    0x7B, 0x17, 0x6E, 0xD6, 0xC4, 0xBD, 0x08, 0x15, 0x92, 0x64, 0xE7, 0x9D, 0x8A, 0xDA, 0xAD, 0x1B,
    0x6F, 0x11, 0x75, 0x5E, 0x96, 0x19, 0x09, 0xEF, 0x98, 0x4C, 0x2E, 0x93, 0x35, 0x5F, 0x44, 0x79,
    0x06, 0xB1, 0x06, 0xB8, 0x12, 0x08, 0xED, 0xF3, 0x02, 0x2C, 0x71, 0xF0, 0xA5, 0xDC, 0x80, 0xE4,
    0x7D, 0xF1, 0xFF, 0x48, 0xD6, 0xC7, 0x98, 0x02, 0x63, 0x7F, 0x8E, 0x09, 0x68, 0xF6, 0x07, 0x19,
    0xD3, 0x2E, 0xBF, 0x19, 0xB1, 0x7E, 0xA5, 0x77, 0x2B, 0x88, 0x21, 0x7D, 0x0E, 0x49, 0xC2, 0x24,
    0x9D, 0xDB, 0xAA, 0x6E, 0xF8, 0x28, 0xF1, 0x39, 0x54, 0xE7, 0xB3, 0x83, 0x21, 0x5E, 0x2F, 0xAC,
    0x07, 0x59, 0xC3, 0x6D, 0x28, 0xEE, 0x43, 0xBA, 0xE6, 0x8C, 0x21, 0xB5, 0x63, 0xDD, 0xE0, 0xAD,
    0x93, 0xD3, 0x32, 0x12, 0x16, 0xF1, 0x0E, 0x91, 0x5E, 0xCA, 0x48, 0xD5, 0xC2, 0x68, 0x97, 0x7F,
    0xF0, 0xCB, 0xDF, 0xDC, 0x91, 0x1B, 0x02, 0xAE, 0x6E, 0xC7, 0x25, 0xD2, 0x4F, 0xA6, 0x81, 0xC6,
    0x39, 0x0A, 0xB0, 0x32, 0xA9, 0x67, 0x0D, 0x49, 0x22, 0xF6, 0x2A, 0xE5, 0x2E, 0x57, 0x34, 0x6C,
    0x97, 0x91, 0x37, 0x38, 0xDF, 0x0F, 0x15, 0x56, 0x34, 0x0E, 0xBE, 0xDB, 0x5D, 0x60, 0xF9, 0x0E,
    0x06, 0x36, 0xBA, 0xD5, 0x3B, 0x6E, 0x55, 0xC4, 0xFD, 0x53, 0xF8, 0xA7, 0x1A, 0xD3, 0xEE, 0x45,
    0xB2, 0x8F, 0x78, 0x12, 0x12, 0xD8, 0x28, 0x2E, 0x15, 0xF1, 0x39, 0x11, 0xF7, 0xEA, 0x95, 0x65,
    0xE7, 0x3B, 0x17, 0xED, 0x07, 0xF6, 0xFE, 0xAB, 0x28, 0xAF, 0x08, 0xBE, 0x13, 0x1B, 0xCB, 0x6B,
    0xBE, 0x55, 0x3D, 0x91, 0xF2, 0x8E, 0x5C, 0x9F, 0xA7, 0x52, 0xB2, 0x76, 0xC2, 0x66, 0x77, 0x6F,
    0x6C, 0x76, 0x5E, 0x78, 0xC5, 0x38, 0x8C, 0xBB, 0x55, 0x24, 0x6B, 0x17, 0xB0, 0x76, 0x7A, 0xF9,
    0xEE, 0xF7, 0x95, 0xBF, 0xD6, 0xFC, 0x7D, 0xFD, 0xA6, 0xAF, 0x1C, 0x00, 0xCD, 0xDF, 0x8A, 0xE5,
    0x70, 0x7C, 0x3D, 0xB7, 0x1E, 0x56, 0x25, 0xF0, 0x77, 0x99, 0xC5, 0x4F, 0xF2, 0xC3, 0x8D, 0x2C,
    0x7F, 0x88, 0x19, 0xEA, 0x9F, 0x6F, 0xA4, 0x7C, 0x0C, 0x7E, 0x90, 0xE0, 0xE1, 0xE5, 0xC0, 0x0D,
    0x30, 0x2D, 0xCA, 0xA7, 0xC6, 0x18, 0x7E, 0x6E, 0xAC, 0xB5, 0x12, 0xD7, 0x85, 0xAC, 0x7F, 0x88,
    0xE9, 0x1F, 0x0F, 0xB2, 0xCB, 0xCB, 0xC4, 0xDA, 0x1B, 0x3F, 0x8B, 0x5E, 0x77, 0x63, 0x3B, 0x4E,
    0xC0, 0x75, 0xD1, 0x92, 0xFC, 0x76, 0xF9, 0x36, 0x80, 0xB2, 0xB6, 0xBA, 0x1E, 0x74, 0x3D, 0xEF,
    0xE1, 0x72, 0x8D, 0x8B, 0xD4, 0xF9, 0x9D, 0x8C, 0x2D, 0x97, 0x67, 0x6F, 0xD7, 0x4E, 0xAF, 0x67,
    0x4E, 0x6C, 0xAD, 0x22, 0xC1, 0x89, 0xAD, 0x97, 0xC1, 0xC5, 0xF2, 0xD8, 0x45, 0x39, 0x3C, 0xE5,
    0xF5, 0x37, 0xAE, 0x5F, 0xFE, 0xDA, 0x75, 0x36, 0xBF, 0x89, 0x8A, 0x8E, 0xF6, 0xF2, 0xB2, 0xFC,
    0xC5, 0x60, 0x78, 0xA2, 0xA2, 0xA5, 0xDF, 0x44, 0xBD, 0xBD, 0x97, 0xDF, 0x6E, 0xBF, 0x39, 0x4D,
    0xA9, 0xFC, 0x7D, 0x37, 0xFE, 0x1F, 0x65, 0x94, 0x51, 0x8A, 0xF3, 0x30, 0x0C, 0x84, 0x07, 0xF4,
    0xFA, 0x83, 0xAE, 0xB2, 0x07, 0x28, 0xCC, 0xD5, 0x05, 0x3D, 0x40, 0xAF, 0x22, 0xE8, 0xEB, 0xC0,
    0xFC, 0xB1, 0xE2, 0xD0, 0xEC, 0x36, 0xFE, 0x52, 0x8C, 0x6A, 0x09, 0x8F, 0x3C, 0x0E, 0x5C, 0x61,
    0xA5, 0xC5, 0xB7, 0xF8, 0x5C, 0x38, 0x6E, 0x64, 0xDB, 0x4D, 0x17, 0x8D, 0x68, 0xE0, 0x27, 0x14,
    0x02, 0x80, 0xE8, 0xEC, 0xAC, 0x35, 0xB8, 0x06, 0xD6, 0x30, 0x10, 0x5E, 0xA4, 0x40, 0xC1, 0x5A,
    0x85, 0x57, 0xD5, 0x66, 0xB6, 0xF7, 0x23, 0xB0, 0x0E, 0xC2, 0xDE, 0x34, 0xB2, 0x90, 0xAE, 0x74,
    0xA7, 0x85, 0xD8, 0xF4, 0x4A, 0x39, 0x28, 0x14, 0x40, 0xED, 0x3D, 0xF6, 0x64, 0xB3, 0xEC, 0x5E,
    0x84, 0x86, 0x76, 0x36, 0xDD, 0x39, 0x8B, 0xD3, 0xE6, 0xB0, 0x4B, 0xE5, 0xCA, 0x59, 0xDC, 0x03,
    0x0D, 0x17, 0xB0, 0x52, 0x66, 0x87, 0xA5, 0x7C, 0x2A, 0xDD, 0xE1, 0x4A, 0x4F, 0xF1, 0x6C, 0x45,
    0xFB, 0x52, 0x1F, 0x0D, 0xCC, 0x0E, 0xE9, 0xB5, 0x98, 0x18, 0x9E, 0xE2, 0xEC, 0x0A, 0x4B, 0x43,
    0xD7, 0x4A, 0x84, 0x85, 0x07, 0x10, 0xFD, 0xC1, 0x2B, 0x5E, 0x5F, 0x91, 0x2D, 0x01, 0xF3, 0xEC,
    0xB9, 0xD1, 0xD1, 0x59, 0x39, 0xDD, 0x7C, 0x40, 0xBF, 0xC6, 0x63, 0xA2, 0x7B, 0x72, 0x1F, 0x7B,
    0x69, 0x4C, 0x2E, 0x21, 0x00, 0x95, 0x2F, 0x2D, 0x69, 0xED, 0xAC, 0x03, 0x11, 0x17, 0xD1, 0x8E,
    0x25, 0x0D, 0x4B, 0xAC, 0x46, 0xBE, 0x59, 0x9B, 0xDB, 0xB1, 0xEB, 0x14, 0x9E, 0xE7, 0xB1, 0x67,
    0x8F, 0x4D, 0x8A, 0xB3, 0x73, 0xB2, 0x7E, 0x0C, 0xDC, 0x08, 0x6D, 0x40, 0x21, 0xEC, 0x79, 0x51,
    0x2E, 0x80, 0xC0, 0x36, 0x06, 0x52, 0x00, 0x0B, 0xB8, 0xA6, 0x36, 0x68, 0xC1, 0x16, 0xA6, 0xF1,
    0x3A, 0x88, 0xEB, 0x8C, 0xC2, 0x75, 0x00, 0x36, 0x72, 0xD1, 0xEC, 0xE9, 0x19, 0x02, 0x00, 0x4E,
    0x97, 0x19, 0x9C, 0x86, 0x4B, 0xF1, 0x5E, 0x07, 0xC8, 0x90, 0xAF, 0xE7, 0xCC, 0x0A, 0x7B, 0xAB,
    0x2C, 0x2C, 0x8C, 0xB1, 0xC9, 0xD4, 0x8C, 0xAF, 0xB2, 0x34, 0x66, 0xFD, 0x76, 0xCC, 0xAB, 0xE8,
    0xA6, 0xA7, 0x1F, 0x58, 0xC5, 0xF9, 0xD2, 0x76, 0xD9, 0x0F, 0xD2, 0xAE, 0x1C, 0x01, 0xDE, 0x02,
    0x05, 0x64, 0xCF, 0xBB, 0x45, 0x7E, 0x85, 0x5D, 0xC0, 0xEE, 0xFB, 0x5B, 0x59, 0xCA, 0x1E, 0xC5,
    0xE3, 0x39, 0xBE, 0xFA, 0x4F, 0xEB, 0x21, 0xE0, 0xEA, 0x0A, 0xEB, 0xC0, 0x84, 0xB7, 0xE7, 0xB4,
    0x9B, 0x54, 0x9E, 0xED, 0x0B, 0xFF, 0x00, 0xF4, 0x87, 0xED, 0xA7, 0xAF, 0xC8, 0xB7, 0xE7, 0xF0,
    0x18, 0xE7, 0xD4, 0xC7, 0x75, 0xDB, 0x77, 0x33, 0x5B, 0x91, 0x44, 0xF4, 0x2D, 0xF4, 0x59, 0xD0,
    0x67, 0x1E, 0x27, 0x00, 0x31, 0xFD, 0x48, 0xCF, 0xAD, 0xC0, 0x75, 0x2D, 0xAF, 0x9B, 0xC9, 0xF7,
    0x79, 0xE7, 0x3B, 0xDF, 0x97, 0x0B, 0x7D, 0x30, 0x12, 0x51, 0x9C, 0x0E, 0xC0, 0x48, 0x77, 0x7A,
    0x3B, 0xD5, 0x90, 0x42, 0x9A, 0x0A, 0x97, 0x11, 0xB3, 0x43, 0x2C, 0xC8, 0x80, 0x04, 0xF0, 0x6A,
    0x75, 0x21, 0xDC, 0x88, 0x77, 0x23, 0x9F, 0x82, 0xA1, 0xD3, 0x1E, 0x95, 0xD9, 0x88, 0x45, 0x8E,
    0xD6, 0x69, 0x78, 0xD9, 0xE0, 0x69, 0xD7, 0xDE, 0xE4, 0xB3, 0x73, 0xBB, 0xE4, 0x76, 0xBB, 0xE3,
    0xA0, 0x35, 0x44, 0x03, 0xF7, 0x37, 0x8B, 0x95, 0xA5, 0x95, 0x88, 0x7C, 0x15, 0x48, 0x80, 0xDE,
    0x2F, 0x0B, 0xCE, 0x82, 0xB2, 0xA1, 0x55, 0x7F, 0xF2, 0x7F, 0x7D, 0x2E, 0x71, 0x0E, 0x63, 0x2A,
    0x10, 0x69, 0x8D, 0x99, 0xDC, 0x59, 0x8E, 0x66, 0x29, 0x9A, 0x50, 0xD6, 0xF9, 0x13, 0xBD, 0x7F,
    0x34, 0xFF, 0xE5, 0xCA, 0x78, 0x75, 0x52, 0x97, 0x31, 0xFE, 0x6E, 0x57, 0xD9, 0xF1, 0xEE, 0x78,
    0x29, 0xEC, 0x6C, 0x66, 0x9D, 0x38, 0x4B, 0xE3, 0x9F, 0x26, 0x8B, 0x80, 0x01, 0x5D, 0xEC, 0xE6,
    0x3F, 0x8B, 0x85, 0x6C, 0xA4, 0xA7, 0xAB, 0xAC, 0xE2, 0xFE, 0xA8, 0x61, 0x49, 0xF0, 0x7A, 0xEE,
    0x12, 0xD8, 0xEC, 0xFF, 0x7D, 0xD7, 0x41, 0x6A, 0xF4, 0xB0, 0xB2, 0x47, 0xF1, 0x3F, 0x68, 0x1A,
    0xA8, 0xAD, 0x7C, 0x0B, 0x68, 0xA8, 0xAD, 0x17, 0xF4, 0x02, 0x7A, 0x2B, 0x05, 0x99, 0x16, 0x9C,
    0x27, 0xC9, 0x85, 0xAD, 0xDB, 0x2F, 0xF7, 0x66, 0xF0, 0x3B, 0x83, 0xB4, 0x63, 0xC7, 0x2D, 0xC9,
    0xB2, 0x0C, 0x49, 0x90, 0x1A, 0x10, 0xB2, 0x85, 0xD7, 0x98, 0xA4, 0x24, 0x8F, 0x09, 0x17, 0x10,
    0x17, 0xEF, 0x0B, 0x89, 0x77, 0x4D, 0x7E, 0x27, 0x0E, 0x2C, 0x4A, 0xB6, 0x90, 0xA5, 0x1A, 0xDF,
    0x50, 0x8B, 0x3C, 0x91, 0xCA, 0x27, 0xF9, 0x92, 0x46, 0x95, 0x46, 0x1F, 0x8C, 0x80, 0x1A, 0x93,
    0x1C, 0x7C, 0x2C, 0x0D, 0x37, 0x59, 0xBD, 0x5C, 0x9E, 0xB5, 0xC8, 0x97, 0xC8, 0x2C, 0xF1, 0xCE,
    0x9C, 0xBC, 0x27, 0x9F, 0xCD, 0x88, 0x89, 0x4D, 0x30, 0xC9, 0xCB, 0x7E, 0x8E, 0x0B, 0x1A, 0x4D,
    0x6A, 0x44, 0x4A, 0xF6, 0x5E, 0x8C, 0x90, 0x24, 0x47, 0xD7, 0xAF, 0x7D, 0xD2, 0x27, 0x2F, 0xCB,
    0x41, 0xE8, 0x9F, 0x21, 0xC9, 0x6A, 0xE2, 0x9B, 0x75, 0xB8, 0xA7, 0x5B, 0x90, 0xEE, 0x41, 0x38,
    0x13, 0x72, 0x11, 0x9A, 0xE8, 0xC0, 0x7F, 0x17, 0xD4, 0xEB, 0xFB, 0x32, 0x04, 0x29, 0x19, 0xB0,
    0xA8, 0x6F, 0x3C, 0xA5, 0x6F, 0x88, 0x05, 0xC4, 0x8D, 0x36, 0x63, 0xF6, 0x00, 0xB8, 0x29, 0xC9,
    0x4A, 0x27, 0x9E, 0x13, 0x69, 0x10, 0x92, 0x3F, 0x7F, 0x81, 0x9A, 0xC4, 0x42, 0x5F, 0x87, 0xC4,
    0x00, 0x64, 0x37, 0xF2, 0xF3, 0xBA, 0xE5, 0x0B, 0x11, 0xDA, 0x1C, 0xC7, 0x03, 0xC4, 0x42, 0x0F,
    0xFB, 0xE7, 0xCA, 0xA8, 0x2B, 0xB9, 0x63, 0xA1, 0x51, 0x56, 0x4E, 0x8C, 0x02, 0x27, 0x07, 0x00,
    0xD5, 0x31, 0x62, 0x32, 0x23, 0x72, 0xA6, 0x44, 0x7C, 0xC7, 0x73, 0x20, 0xCB, 0x1D, 0x9F, 0xB1,
    0x2B, 0xBE, 0x13, 0x3B, 0x04, 0x25, 0x0F, 0xDE, 0x33, 0xDC, 0xF9, 0x7C, 0x56, 0xAE, 0x31, 0x2E,
    0xF9, 0x56, 0x75, 0x5E, 0xA3, 0xAC, 0x84, 0xBC, 0xA9, 0xC9, 0x38, 0xA1, 0x49, 0x55, 0x59, 0x1A,
    0xC0, 0xA2, 0x46, 0xB9, 0xC5, 0xC6, 0x81, 0xDA, 0x00, 0xA4, 0xA5, 0xBB, 0x2E, 0xC2, 0xB9, 0xF0,
    0xA6, 0x1A, 0x59, 0xF5, 0x70, 0x9B, 0x61, 0x17, 0xE8, 0xC4, 0x11, 0x75, 0x3C, 0xA5, 0xB1, 0xC2,
    0x95, 0x5A, 0xE1, 0x3D, 0x53, 0x83, 0x37, 0x75, 0xDD, 0xD7, 0x32, 0x00, 0x72, 0xA6, 0xAE, 0x84,
    0xA5, 0x8C, 0xD4, 0x4A, 0x4A, 0x9E, 0xF2, 0x95, 0xF8, 0x4E, 0xCC, 0x64, 0xB0, 0xC2, 0x19, 0x9B,
    0x78, 0xE9, 0xB8, 0xD0, 0x55, 0xBA, 0xC4, 0x59, 0x82, 0xBC, 0xEA, 0xE9, 0xC4, 0x2E, 0xE4, 0xEA,
    0x2F, 0xC4, 0x40, 0x7C, 0xB0, 0xD9, 0xC1, 0xA7, 0x07, 0x9E, 0x95, 0xB4, 0xCB, 0x6E, 0x8E, 0x5E,
    0x9D, 0x06, 0x29, 0x2B, 0x4F, 0x51, 0x57, 0x8D, 0xAB, 0x63, 0x36, 0x6D, 0xD7, 0xD3, 0x2A, 0xBA,
    0x65, 0x57, 0xA1, 0xBA, 0x79, 0x0D, 0x1B, 0x42, 0x23, 0x85, 0x3C, 0x46, 0x8E, 0x3B, 0xC8, 0x3A,
    0x69, 0xA8, 0x76, 0xC6, 0x8A, 0xBF, 0x46, 0x27, 0x57, 0xCA, 0x56, 0xEA, 0x4E, 0x08, 0x80, 0x52,
    0xC7, 0xDE, 0x59, 0x48, 0xF6, 0xE9, 0x44, 0xD5, 0x13, 0x44, 0x27, 0x9F, 0xD4, 0x9D, 0xB8, 0xE3,
    0x29, 0xD4, 0xF7, 0x77, 0x30, 0x43, 0x8C, 0x5A, 0xC9, 0x19, 0xA0, 0x56, 0x34, 0x3A, 0xD8, 0x8C,
    0x25, 0x96, 0x9D, 0xD1, 0x29, 0x7F, 0x77, 0xCA, 0xE3, 0x3F, 0x63, 0x49, 0xC7, 0x3A, 0x89, 0x3A,
    0xDE, 0x79, 0xA3, 0x51, 0x33, 0x25, 0x5B, 0x01, 0x52, 0x1D, 0x56, 0x42, 0x18, 0x64, 0x4F, 0xF2,
    0xE8, 0xE5, 0xA8, 0xBD, 0x7E, 0x73, 0x2A, 0x2B, 0xB5, 0xC6, 0xD2, 0xF9, 0xA4, 0x04, 0xA4, 0x46,
    0x1B, 0x53, 0x43, 0x3E, 0x2D, 0x79, 0xE8, 0xD4, 0x53, 0x3C, 0x0E, 0x24, 0xAB, 0x2D, 0xDC, 0x0E,
    0x6A, 0x2A, 0xB2, 0xF4, 0xC7, 0x8F, 0x43, 0x9F, 0xF0, 0x58, 0x11, 0x9F, 0x67, 0x50, 0x4E, 0x46,
    0xF6, 0xD2, 0xBB, 0x89, 0xC6, 0x21, 0x6F, 0xE2, 0x5E, 0xEE, 0x4E, 0xAC, 0xA4, 0x13, 0xF4, 0xA3,
    0x71, 0x2E, 0xFE, 0xF7, 0xA3, 0x30, 0xC7, 0xFD, 0x0F, 0x10, 0xB6, 0xF5, 0xDA, 0xE6, 0x92, 0x98,
    0x8E, 0xE9, 0xC0, 0xD0, 0xB2, 0x96, 0x9E, 0x4B, 0x42, 0x82, 0x95, 0x53, 0xC3, 0x43, 0xD7, 0x6C,
    0x90, 0xE7, 0xA9, 0xD5, 0xE9, 0x73, 0xC2, 0x71, 0x3B, 0x80, 0x32, 0x9A, 0x7C, 0xE8, 0x07, 0x0C,
    0x3F, 0x0B, 0x16, 0x25, 0x59, 0x0F, 0xD2, 0x86, 0x4A, 0x19, 0xBF, 0x75, 0xDD, 0x96, 0x1F, 0xE7,
    0x7E, 0x72, 0x65, 0x7F, 0xD6, 0x17, 0xB5, 0xF8, 0x77, 0x3E, 0x32, 0x16, 0xA5, 0x63, 0x75, 0x5B,
    0xAD, 0x2E, 0xAB, 0xAF, 0xEB, 0x50, 0x49, 0xE3, 0x2A, 0x22, 0x67, 0x06, 0xF2, 0xAF, 0x5A, 0xAD,
    0xD6, 0x55, 0x3B, 0x9A, 0x57, 0x3D, 0x8D, 0xD8, 0x75, 0xD2, 0x72, 0x16, 0xCA, 0xF7, 0x20, 0x1E,
    0xB3, 0x83, 0x77, 0xAD, 0x1A, 0x63, 0xD7, 0xB1, 0x55, 0xA8, 0xD5, 0xBE, 0x1F, 0x09, 0xE8, 0x6A,
    0xAE, 0x86, 0xFA, 0x5F, 0xDD, 0x8D, 0xFF, 0x5D, 0xBA, 0x48, 0x67, 0xAD, 0x96, 0x20, 0xF5, 0x37,
    0x6B, 0x97, 0xE5, 0xB7, 0x9E, 0xFF, 0x5F, 0xF6, 0xA1, 0x5B, 0x6A, 0x9B, 0x6D, 0xDF, 0xAB, 0x9F,
    0x6B, 0x02, 0x6E, 0xDD, 0x08, 0x09, 0x9F, 0x0E, 0xD8, 0xD6, 0xD4, 0x3E, 0xE9, 0x29, 0x7F, 0xC7,
    0x94, 0xB1, 0xD4, 0xD0, 0x52, 0x2D, 0x71, 0xEB, 0xAD, 0x1E, 0x73, 0x41, 0x2C, 0xD8, 0x84, 0xD8,
    0xBC, 0xAF, 0xC5, 0xFD, 0x79, 0x28, 0x32, 0x90, 0xE7, 0xE6, 0x79, 0x28, 0x8E, 0x1A, 0xD7, 0x52,
    0x2C, 0x3B, 0xA6, 0x1E, 0xEA, 0x21, 0x93, 0x3A, 0x39, 0xF7, 0xA2, 0xF7, 0xB3, 0xBA, 0x3F, 0x3A,
    0x7A, 0xF8, 0x83, 0xC4, 0x72, 0xC0, 0x6F, 0x4D, 0xDF, 0xF9, 0x23, 0xC3, 0x42, 0xF2, 0x3A, 0xCC,
    0x25, 0x69, 0x1A, 0x22, 0x9C, 0xFA, 0xD3, 0xB2, 0xAD, 0x67, 0x4B, 0x2E, 0xBD, 0xB6, 0x7D, 0xC2,
    0xE5, 0xD8, 0x6A, 0x2A, 0x69, 0xC4, 0x44, 0xB6, 0x55, 0x8F, 0xD4, 0x43, 0x3B, 0xF4, 0xCB, 0xCF,
    0x92, 0xDB, 0x01, 0x50, 0xDB, 0xBC, 0x94, 0xD5, 0x3D, 0x71, 0x0D, 0x20, 0xB7, 0x71, 0x39, 0xD0,
    0x28, 0x5D, 0x5A, 0x3D, 0x7A, 0x6A, 0xD0, 0x12, 0x4B, 0x89, 0x3C, 0xBE, 0xA9, 0x45, 0xCA, 0x72,
    0xF2, 0x23, 0xFF, 0xCF, 0x0D, 0x3B, 0xC7, 0x97, 0x24, 0x03, 0xA9, 0xD7, 0x3C, 0x92, 0x9B, 0xFB,
    0xE3, 0x4D, 0xE9, 0x25, 0xFB, 0x6B, 0xAF, 0x2B, 0xD5, 0xB3, 0xD1, 0xE6, 0xDC, 0x68, 0xF3, 0x9B,
    0x83, 0x77, 0xFE, 0x33, 0x46, 0xC8, 0xCA, 0x42, 0x9E, 0x27, 0x22, 0x5C, 0xFF, 0x85, 0x6A, 0xC8,
    0x89, 0xD7, 0x7F, 0xDB, 0x68, 0x8F, 0x94, 0x64, 0xF1, 0x30, 0x52, 0xF2, 0xB0, 0x5B, 0xC2, 0x43,
    0x03, 0x20, 0xFD, 0x31, 0x2E, 0x07, 0x42, 0x1A, 0x35, 0x2B, 0xFB, 0xF6, 0xFC, 0x62, 0xFE, 0x96,
    0x12, 0x71, 0x3A, 0xA6, 0xF7, 0x52, 0xE6, 0x20, 0x0D, 0xDA, 0x92, 0x8C, 0xB1, 0x2C, 0xE9, 0x4F,
    0xB9, 0x8C, 0x67, 0xD5, 0x84, 0xA5, 0x13, 0xC7, 0xF2, 0x18, 0xA6, 0x7C, 0x79, 0x38, 0xE0, 0xF1,
    0x7B, 0x99, 0xE5, 0x1E, 0x4C, 0x09, 0xA7, 0xE7, 0x1B, 0xB5, 0x8D, 0xBD, 0x55, 0xD1, 0x6D, 0xE4,
    0xF1, 0x2C, 0xC8, 0x2F, 0xCE, 0x47, 0x28, 0xC4, 0x03, 0xC0, 0xF7, 0xCB, 0xC6, 0x37, 0x6C, 0x42,
    0xDF, 0x0C, 0x74, 0x03, 0x71, 0x23, 0xEB, 0x25, 0xB1, 0xB1, 0x7B, 0xF0, 0x1C, 0x87, 0x38, 0xE7,
    0xEB, 0x25, 0xF4, 0x42, 0x71, 0x9C, 0xD6, 0xAA, 0x39, 0x8E, 0x12, 0xD1, 0x7C, 0x7F, 0xA6, 0x07,
    0xB5, 0x4D, 0x7E, 0xEB, 0xDE, 0x16, 0x84, 0xAC, 0x9F, 0x64, 0x2F, 0xFD, 0xE3, 0x93, 0xF7, 0x1B,
    0xF3, 0xBD, 0xFC, 0x49, 0xFA, 0xBD, 0x57, 0xB8, 0x51, 0xF2, 0xB0, 0x12, 0x93, 0x81, 0xBE, 0x56,
    0xB8, 0x9E, 0x7C, 0xA5, 0x1E, 0x9B, 0x4C, 0xDC, 0x27, 0x2F, 0x0B, 0xA9, 0x16, 0x6C, 0xE0, 0x98,
    0x87, 0xD8, 0x42, 0x2F, 0xC9, 0x17, 0xA6, 0x7A, 0xFD, 0x9B, 0x54, 0xB9, 0x60, 0xF1, 0xA1, 0x84,
    0x59, 0x8E, 0xE7, 0x7D, 0x15, 0xFD, 0xE8, 0x07, 0x52, 0xF2, 0x9B, 0xB1, 0x90, 0xAC, 0x74, 0x26,
    0xCF, 0xF8, 0x1F, 0x71, 0x98, 0x1A, 0xFD, 0xD7, 0x7A, 0x7E, 0x01, 0x1A, 0x24, 0xD6, 0x33, 0xA5,
    0xFF, 0xE1, 0x27, 0xB9, 0xE3, 0x39, 0xEA, 0x8C, 0xD5, 0xF1, 0xDE, 0x12, 0x3B, 0x7C, 0xA7, 0xF7,
    0x87, 0xB9, 0x20, 0x16, 0xB9, 0x28, 0xF9, 0x26, 0xED, 0xBE, 0xDB, 0x7D, 0x42, 0x35, 0x7E, 0x8D,
    0xDC, 0x7B, 0x6C, 0x6A, 0x52, 0xE7, 0x20, 0x3B, 0x36, 0x6D, 0xD5, 0x7C, 0x8D, 0x59, 0x49, 0x2F,
    0x5F, 0xD6, 0xEB, 0x91, 0x9A, 0xF8, 0xB3, 0xE0, 0xDB, 0xD6, 0xB7, 0x10, 0x39, 0xFD, 0x8D, 0xD4,
    0xE0, 0xFD, 0x5E, 0xDA, 0x3B, 0x96, 0x23, 0xD4, 0xF3, 0xB6, 0xFE, 0x76, 0xF0, 0x28, 0x62, 0x9B,
    0xF7, 0x74, 0x07, 0xC8, 0xC3, 0x68, 0xFB, 0xA2, 0x72, 0x73, 0xEF, 0x28, 0xFB, 0x4B, 0xD9, 0x44,
    0xA3, 0x66, 0x1C, 0x18, 0x1A, 0x50, 0xDF, 0x77, 0xD6, 0xD2, 0x36, 0xF7, 0x9D, 0xB5, 0x4D, 0xBF,
    0x99, 0xF6, 0xB2, 0x4D, 0x2E, 0xA2, 0x17, 0xD7, 0x77, 0x48, 0xB6, 0xB1, 0xC9, 0xFF, 0x01, 0xFB,
    0xFF, 0xFF, 0x00, 0x18, 0x31, 0x00, 0x11, 0x00, 0xE5, 0xD5, 0x8B, 0xC9, 0xE4, 0x30, 0x0C, 0x04,
    0xE0, 0x01, 0x17, 0xA0, 0x56, 0xAE, 0x03, 0xB5, 0x2E, 0xB8, 0x86, 0x5C, 0x80, 0x60, 0xCE, 0xF1,
    0x38, 0xAB, 0x24, 0xBE, 0xC0, 0xF2, 0xFE, 0xE1, 0xE7, 0xF5, 0x0D, 0x60, 0x88, 0xA5, 0x95, 0xBC,
    0x00, 0x9C, 0x60, 0x02, 0x8D, 0x6C, 0x32, 0x8D, 0x1D, 0x30, 0xA6, 0x4F, 0x13, 0x3E, 0x80, 0xF7,
    0x32, 0x86, 0x24, 0xC9, 0x80, 0x4D, 0xB1, 0x09, 0x46, 0x3B, 0xD8, 0xC5, 0xB4, 0x0D, 0x53, 0xDA,
    0x7F, 0x4D, 0x69, 0xC3, 0x2E, 0xFD, 0xEE, 0x76, 0x2D, 0xC6, 0xA6, 0x3E, 0x3B, 0x24, 0x43, 0xB7,
    0x22, 0x64, 0x82, 0x79, 0xB8, 0x8E, 0xCD, 0x3E, 0x58, 0x9F, 0x6D, 0x30, 0x75, 0xC1, 0x07, 0xC6,
    0xB4, 0xD4, 0x25, 0xE2, 0x40, 0x07, 0xFB, 0x84, 0xEC, 0x23, 0x19, 0x19, 0x8C, 0x07, 0x60, 0xA0,
    0x50, 0xE9, 0x42, 0x85, 0xDF, 0xB0, 0x2C, 0x72, 0x62, 0x4F, 0xBC, 0x2F, 0x54, 0xAF, 0x00, 0x9E,
    0xA8, 0x12, 0x9E, 0xE0, 0x8A, 0x4E, 0xA8, 0xCC, 0xBC, 0x96, 0x69, 0x2A, 0xD3, 0xFB, 0xCB, 0x97,
    0xBE, 0x2C, 0x13, 0x3F, 0xAE, 0x4C, 0x30, 0x3D, 0x34, 0xD7, 0x2A, 0x4F, 0x93, 0x5D, 0xB3, 0xCD,
    0x38, 0x3F, 0x67, 0x35, 0x48, 0x35, 0xE1, 0x9F, 0x19, 0xFF, 0x4C, 0x75, 0x7B, 0x49, 0x2A, 0xB9,
    0x92, 0xE5, 0x3D, 0x5D, 0xCA, 0x6F, 0xB9, 0xD2, 0x39, 0xD8, 0x4A, 0x7E, 0x4F, 0x79, 0x26, 0x1D,
    0x52, 0x3A, 0xEF, 0xA5, 0xC4, 0x5B, 0x1A, 0x9C, 0x49, 0x60, 0x4F, 0xA8, 0x6D, 0xA8, 0x7D, 0xA8,
    0x8D, 0xA8, 0x9D, 0xA8, 0xAD, 0xB8, 0x74, 0xB2, 0xEF, 0x9D, 0xF4, 0xA8, 0x4E, 0xBE, 0x5E, 0xC6,
    0x63, 0x26, 0x92, 0xE4, 0xDF, 0x5F, 0xDF, 0xC9, 0x9C, 0x52, 0xB3, 0xDB, 0x86, 0x7D, 0x68, 0x4B,
    0xCF, 0xB7, 0xA7, 0xAC, 0xCD, 0x03, 0x0C, 0x27, 0x63, 0x73, 0x7B, 0x59, 0x37, 0xDF, 0x5E, 0xD6,
    0xF7, 0x17, 0x96, 0xDA, 0x3D, 0x7B, 0xD8, 0x96, 0xAA, 0x26, 0x24, 0x65, 0x5B, 0x92, 0xB8, 0x9B,
    0x75, 0xEC, 0xAB, 0x3E, 0xD4, 0x45, 0xFA, 0xA9, 0x7E, 0x0F, 0xAA, 0x0F, 0x64, 0x1A, 0x19, 0x47,
    0xF6, 0xA1, 0xD1, 0x64, 0xE2, 0x4F, 0x23, 0x30, 0xC4, 0x94, 0x31, 0x6D, 0xEC, 0xCB, 0xF5, 0x8F,
    0xE3, 0x0C, 0xD5, 0xBD, 0xC4, 0xDD, 0x38, 0xEC, 0x00, 0xDB, 0x90, 0x09, 0x92, 0xB8, 0xEA, 0x54,
    0x1F, 0xFE, 0x01, 0x24, 0xCE, 0x81, 0x09, 0x00, 0x20, 0x08, 0x04, 0xC0, 0x07, 0x07, 0x68, 0x24,
    0x57, 0x77, 0x24, 0x07, 0x78, 0xF8, 0xD4, 0x8F, 0xE2, 0x22, 0xA5, 0x17, 0x40, 0xC0, 0xEB, 0x95,
    0xCD, 0xB6, 0xE2, 0x11, 0x92, 0xCB, 0x52, 0xB9, 0xEC, 0x06, 0xDE, 0x46, 0x34, 0xA0, 0x2D, 0x33,
    0x90, 0x05, 0x24, 0x55, 0xDB, 0x20, 0x8D, 0x44, 0x9C, 0xC2, 0x1B, 0x71, 0x57, 0x71, 0x6C, 0xCD,
    0x79, 0x12, 0x9F, 0xDF, 0x2A, 0x2C, 0x70, 0x12, 0x48, 0x6D, 0xCB, 0xC5, 0x5E, 0x70, 0xA8, 0x3D,
    0xC8, 0x7E, 0xBB, 0xE6, 0xC4, 0x78, 0xEC, 0xAC, 0x35, 0x5A, 0x7F, 0x30, 0x77, 0xC3, 0xFD, 0x81,
    0xF0, 0x17, 0xCC, 0x9F, 0x00,
};

static const EpdGlyph notosans_16_bolditalicGlyphs[] = {
    { 1, 1, 0, 0, 1, 1, 0 }, // U+0000
    { 1, 1, 144, 0, 1, 1, 1 }, // U+000D
    { 1, 1, 144, 0, 1, 1, 2 }, // U+0020
    { 11, 24, 144, 0, 24, 66, 3 }, // !
    { 12, 9, 240, 3, 24, 27, 69 }, // "
    { 20, 24, 336, 1, 24, 120, 96 }, // #
    { 17, 27, 288, 1, 25, 115, 216 }, // $
    { 25, 24, 448, 2, 24, 150, 331 }, // %
    { 22, 24, 368, 1, 24, 132, 481 }, // &
    { 6, 9, 128, 3, 24, 14, 613 }, // '
    { 13, 29, 176, 1, 24, 95, 627 }, // (
    { 12, 29, 176, -2, 24, 87, 722 }, // )
    { 16, 16, 288, 3, 25, 64, 809 }, // *
    { 16, 16, 304, 2, 20, 64, 873 }, // +
    { 8, 8, 144, -2, 4, 16, 937 }, // ,
    { 9, 4, 176, 1, 11, 9, 953 }, // -
    { 6, 5, 144, 0, 5, 8, 962 }, // .
    { 17, 24, 224, -1, 24, 102, 970 }, // /
    { 16, 24, 320, 2, 24, 96, 1072 }, // 0
    { 14, 24, 256, 1, 24, 84, 1168 }, // 1
    { 19, 24, 288, -1, 24, 114, 1252 }, // 2
    { 18, 24, 288, 0, 24, 108, 1366 }, // 3
    { 18, 24, 288, 0, 24, 108, 1474 }, // 4
    { 18, 24, 288, 0, 24, 108, 1582 }, // 5
    { 17, 24, 304, 1, 24, 102, 1690 }, // 6
    { 18, 24, 272, 1, 24, 108, 1792 }, // 7
    { 18, 24, 288, 0, 24, 108, 1900 }, // 8
    { 16, 24, 288, 2, 24, 96, 2008 }, // 9
    { 9, 18, 144, 0, 18, 41, 2104 }, // :
    { 11, 22, 144, -2, 18, 61, 2145 }, // ;
    { 16, 18, 304, 2, 21, 72, 2206 }, // <
    { 16, 10, 304, 2, 17, 40, 2278 }, // =
    { 16, 18, 304, 2, 21, 72, 2318 }, // >
    { 13, 24, 240, 3, 24, 78, 2390 }, // ?
    { 27, 27, 448, 1, 24, 183, 2468 }, // @
    { 21, 24, 336, -2, 24, 126, 2651 }, // A
    { 19, 24, 320, 1, 24, 114, 2777 }, // B
    { 20, 24, 320, 2, 24, 120, 2891 }, // C
    { 20, 24, 352, 1, 24, 120, 3011 }, // D
    { 18, 24, 288, 1, 24, 108, 3131 }, // E
    { 18, 24, 288, 1, 24, 108, 3239 }, // F
    { 20, 24, 368, 2, 24, 120, 3347 }, // G
    { 22, 24, 368, 1, 24, 132, 3467 }, // H
    { 15, 24, 208, -1, 24, 90, 3599 }, // I
    { 16, 31, 176, -5, 24, 124, 3689 }, // J
    { 22, 24, 320, 1, 24, 132, 3813 }, // K
    { 14, 24, 272, 1, 24, 84, 3945 }, // L
    { 28, 24, 464, 1, 24, 168, 4029 }, // M
    { 24, 24, 400, 1, 24, 144, 4197 }, // N
    { 21, 24, 384, 2, 24, 126, 4341 }, // O
    { 19, 24, 320, 1, 24, 114, 4467 }, // P
    { 21, 30, 384, 2, 24, 158, 4581 }, // Q
    { 19, 24, 320, 1, 24, 114, 4739 }, // R
    { 17, 24, 272, 1, 24, 102, 4853 }, // S
    { 17, 24, 288, 3, 24, 102, 4955 }, // T
    { 21, 24, 368, 2, 24, 126, 5057 }, // U
    { 19, 24, 304, 3, 24, 114, 5183 }, // V
    { 30, 24, 480, 3, 24, 180, 5297 }, // W
    { 25, 24, 320, -2, 24, 150, 5477 }, // X
    { 19, 24, 304, 3, 24, 114, 5627 }, // Y
    { 20, 24, 288, -1, 24, 120, 5741 }, // Z
    { 14, 29, 176, -1, 24, 102, 5861 }, // [
    { 7, 24, 224, 4, 24, 42, 5963 }, // <backslash>
    { 14, 29, 176, -2, 24, 102, 6005 }, // ]
    { 16, 16, 288, 1, 24, 64, 6107 }, // ^
    { 14, 2, 208, -3, -3, 7, 6171 }, // _
    { 7, 5, 176, 5, 25, 9, 6178 }, // `
    { 18, 18, 320, 1, 18, 81, 6187 }, // a
    { 17, 25, 320, 1, 25, 107, 6268 }, // b
    { 15, 18, 256, 1, 18, 68, 6375 }, // c
    { 20, 25, 320, 1, 25, 125, 6443 }, // d
    { 17, 18, 288, 1, 18, 77, 6568 }, // e
    { 20, 33, 192, -4, 25, 165, 6645 }, // f
    { 18, 26, 320, 1, 18, 117, 6810 }, // g
    { 17, 25, 320, 1, 25, 107, 6927 }, // h
    { 10, 25, 160, 1, 25, 63, 7034 }, // i
    { 15, 33, 160, -4, 25, 124, 7097 }, // j
    { 19, 25, 304, 1, 25, 119, 7221 }, // k
    { 10, 25, 160, 1, 25, 63, 7340 }, // l
    { 27, 18, 480, 1, 18, 122, 7403 }, // m
    { 17, 18, 320, 1, 18, 77, 7525 }, // n
    { 17, 18, 304, 1, 18, 77, 7602 }, // o
    { 19, 26, 320, -1, 18, 124, 7679 }, // p
    { 18, 26, 320, 1, 18, 117, 7803 }, // q
    { 14, 18, 224, 1, 18, 63, 7920 }, // r
    { 15, 18, 256, 0, 18, 68, 7983 }, // s
    { 12, 22, 224, 2, 22, 66, 8051 }, // t
    { 17, 18, 320, 2, 18, 77, 8117 }, // u
    { 17, 18, 272, 2, 18, 77, 8194 }, // v
    { 26, 18, 416, 2, 18, 117, 8271 }, // w
    { 21, 18, 288, -2, 18, 95, 8388 }, // x
    { 21, 26, 272, -2, 18, 137, 8483 }, // y
    { 17, 18, 240, -1, 18, 77, 8620 }, // z
    { 14, 29, 192, 0, 24, 102, 8697 }, // {
    { 4, 32, 288, 7, 25, 32, 8799 }, // |
    { 14, 29, 192, -2, 24, 102, 8831 }, // }
    { 16, 5, 304, 2, 14, 20, 8933 }, // ~
    { 1, 1, 144, 0, 1, 1, 0 }, // U+00A0
    { 10, 24, 144, -1, 18, 60, 1 }, // U+00A1
    { 14, 24, 288, 3, 24, 84, 61 }, // U+00A2
    { 20, 24, 288, 0, 24, 120, 145 }, // U+00A3
    { 15, 15, 288, 2, 19, 57, 265 }, // U+00A4
    { 20, 24, 288, 1, 24, 120, 322 }, // U+00A5
    { 4, 32, 288, 7, 25, 32, 442 }, // U+00A6
    { 17, 25, 256, 0, 25, 107, 474 }, // U+00A7
    { 10, 5, 288, 7, 25, 13, 581 }, // U+00A8
    { 24, 24, 432, 2, 24, 144, 594 }, // U+00A9
    { 12, 12, 208, 2, 24, 36, 738 }, // U+00AA
    { 18, 16, 304, 1, 17, 72, 774 }, // U+00AB
    { 16, 9, 304, 2, 13, 36, 846 }, // U+00AC
    { 9, 4, 176, 1, 11, 9, 882 }, // U+00AD
    { 24, 24, 432, 2, 24, 144, 891 }, // U+00AE
    { 15, 3, 224, 3, 28, 12, 1035 }, // U+00AF
    { 12, 11, 224, 1, 24, 33, 1047 }, // U+00B0
    { 16, 21, 304, 2, 21, 84, 1080 }, // U+00B1
    { 12, 14, 208, 2, 28, 42, 1164 }, // U+00B2
    { 12, 15, 208, 2, 28, 45, 1206 }, // U+00B3
    { 9, 5, 176, 4, 25, 12, 1251 }, // U+00B4
    { 21, 26, 320, -1, 18, 137, 1263 }, // U+00B5
    { 17, 29, 352, 2, 25, 124, 1400 }, // U+00B6
    { 6, 5, 144, 2, 14, 8, 1524 }, // U+00B7
    { 7, 8, 112, -3, 0, 14, 1532 }, // U+00B8
    { 10, 14, 208, 3, 28, 35, 1546 }, // U+00B9
    { 10, 12, 192, 3, 24, 30, 1581 }, // U+00BA
    { 17, 16, 304, 0, 17, 68, 1611 }, // U+00BB
    { 24, 24, 448, 2, 24, 144, 1679 }, // U+00BC
    { 26, 24, 464, 2, 24, 156, 1823 }, // U+00BD
    { 25, 24, 448, 2, 24, 150, 1979 }, // U+00BE
    { 14, 24, 240, -1, 18, 84, 2129 }, // U+00BF
    { 21, 31, 336, -2, 31, 163, 2213 }, // U+00C0
    { 22, 31, 336, -2, 31, 171, 2376 }, // U+00C1
    { 22, 31, 336, -2, 31, 171, 2547 }, // U+00C2
    { 23, 31, 336, -2, 31, 179, 2718 }, // U+00C3
    { 22, 31, 336, -2, 31, 171, 2897 }, // U+00C4
    { 21, 34, 336, -2, 34, 179, 3068 }, // U+00C5
    { 33, 24, 480, -2, 24, 198, 3247 }, // U+00C6
    { 20, 32, 320, 2, 24, 160, 3445 }, // U+00C7
    { 18, 31, 288, 1, 31, 140, 3605 }, // U+00C8
    { 18, 31, 288, 1, 31, 140, 3745 }, // U+00C9
    { 18, 31, 288, 1, 31, 140, 3885 }, // U+00CA
    { 18, 31, 288, 1, 31, 140, 4025 }, // U+00CB
    { 15, 31, 208, -1, 31, 117, 4165 }, // U+00CC
    { 17, 31, 208, -1, 31, 132, 4282 }, // U+00CD
    { 17, 31, 208, -1, 31, 132, 4414 }, // U+00CE
    { 16, 31, 208, -1, 31, 124, 4546 }, // U+00CF
    { 20, 24, 352, 1, 24, 120, 4670 }, // U+00D0
    { 24, 31, 400, 1, 31, 186, 4790 }, // U+00D1
    { 21, 31, 384, 2, 31, 163, 4976 }, // U+00D2
    { 21, 31, 384, 2, 31, 163, 5139 }, // U+00D3
    { 21, 31, 384, 2, 31, 163, 5302 }, // U+00D4
    { 21, 31, 384, 2, 31, 163, 5465 }, // U+00D5
    { 21, 31, 384, 2, 31, 163, 5628 }, // U+00D6
    { 15, 15, 304, 2, 19, 57, 5791 }, // U+00D7
    { 22, 26, 384, 2, 25, 143, 5848 }, // U+00D8
    { 21, 31, 368, 2, 31, 163, 5991 }, // U+00D9
    { 21, 31, 368, 2, 31, 163, 6154 }, // U+00DA
    { 21, 31, 368, 2, 31, 163, 6317 }, // U+00DB
    { 21, 31, 368, 2, 31, 163, 6480 }, // U+00DC
    { 19, 31, 304, 3, 31, 148, 6643 }, // U+00DD
    { 18, 24, 320, 1, 24, 108, 6791 }, // U+00DE
    { 25, 33, 352, -4, 25, 207, 6899 }, // U+00DF
    { 18, 25, 320, 1, 25, 113, 7106 }, // U+00E0
    { 18, 25, 320, 1, 25, 113, 7219 }, // U+00E1
    { 18, 25, 320, 1, 25, 113, 7332 }, // U+00E2
    { 18, 25, 320, 1, 25, 113, 7445 }, // U+00E3
    { 18, 25, 320, 1, 25, 113, 7558 }, // U+00E4
    { 18, 28, 320, 1, 28, 126, 7671 }, // U+00E5
    { 27, 18, 464, 1, 18, 122, 7797 }, // U+00E6
    { 15, 26, 256, 1, 18, 98, 7919 }, // U+00E7
    { 17, 25, 288, 1, 25, 107, 8017 }, // U+00E8
    { 17, 25, 288, 1, 25, 107, 8124 }, // U+00E9
    { 17, 25, 288, 1, 25, 107, 8231 }, // U+00EA
    { 17, 25, 288, 1, 25, 107, 8338 }, // U+00EB
    { 9, 25, 160, 1, 25, 57, 8445 }, // U+00EC
    { 13, 25, 160, 1, 25, 82, 8502 }, // U+00ED
    { 14, 25, 160, 0, 25, 88, 8584 }, // U+00EE
    { 12, 25, 160, 1, 25, 75, 8672 }, // U+00EF
    { 18, 25, 304, 1, 25, 113, 8747 }, // U+00F0
    { 19, 25, 320, 1, 25, 119, 8860 }, // U+00F1
    { 17, 25, 304, 1, 25, 107, 8979 }, // U+00F2
    { 17, 25, 304, 1, 25, 107, 9086 }, // U+00F3
    { 17, 25, 304, 1, 25, 107, 9193 }, // U+00F4
    { 18, 25, 304, 1, 25, 113, 9300 }, // U+00F5
    { 17, 25, 304, 1, 25, 107, 9413 }, // U+00F6
    { 16, 16, 304, 2, 20, 64, 9520 }, // U+00F7
    { 17, 21, 304, 1, 19, 90, 9584 }, // U+00F8
    { 17, 25, 320, 2, 25, 107, 9674 }, // U+00F9
    { 17, 25, 320, 2, 25, 107, 9781 }, // U+00FA
    { 17, 25, 320, 2, 25, 107, 9888 }, // U+00FB
    { 17, 25, 320, 2, 25, 107, 9995 }, // U+00FC
    { 21, 33, 272, -2, 25, 174, 10102 }, // U+00FD
    { 19, 33, 320, -1, 25, 157, 10276 }, // U+00FE
    { 21, 33, 272, -2, 25, 174, 10433 }, // U+00FF
    { 21, 29, 336, -2, 29, 153, 0 }, // U+0100
    { 18, 23, 320, 1, 23, 104, 153 }, // U+0101
    { 22, 31, 336, -2, 31, 171, 257 }, // U+0102
    { 18, 25, 320, 1, 25, 113, 428 }, // U+0103
    { 21, 32, 336, -2, 24, 168, 541 }, // U+0104
    { 18, 26, 320, 1, 18, 117, 709 }, // U+0105
    { 20, 31, 320, 2, 31, 155, 826 }, // U+0106
    { 16, 25, 256, 1, 25, 100, 981 }, // U+0107
    { 20, 31, 320, 2, 31, 155, 1081 }, // U+0108
    { 16, 25, 256, 1, 25, 100, 1236 }, // U+0109
    { 20, 31, 320, 2, 31, 155, 1336 }, // U+010A
    { 15, 25, 256, 1, 25, 94, 1491 }, // U+010B
    { 20, 31, 320, 2, 31, 155, 1585 }, // U+010C
    { 17, 25, 256, 1, 25, 107, 1740 }, // U+010D
    { 21, 31, 352, 1, 31, 163, 1847 }, // U+010E
    { 26, 25, 352, 1, 25, 163, 2010 }, // U+010F
    { 20, 24, 352, 1, 24, 120, 2173 }, // U+0110
    { 21, 25, 320, 1, 25, 132, 2293 }, // U+0111
    { 18, 29, 288, 1, 29, 131, 2425 }, // U+0112
    { 17, 23, 288, 1, 23, 98, 2556 }, // U+0113
    { 18, 31, 288, 1, 31, 140, 2654 }, // U+0114
    { 17, 25, 288, 1, 25, 107, 2794 }, // U+0115
    { 18, 31, 288, 1, 31, 140, 2901 }, // U+0116
    { 17, 25, 288, 1, 25, 107, 3041 }, // U+0117
    { 18, 32, 288, 1, 24, 144, 3148 }, // U+0118
    { 17, 26, 288, 1, 18, 111, 3292 }, // U+0119
    { 19, 31, 288, 1, 31, 148, 3403 }, // U+011A
    { 18, 25, 288, 1, 25, 113, 3551 }, // U+011B
    { 20, 31, 368, 2, 31, 155, 3664 }, // U+011C
    { 18, 33, 320, 1, 25, 149, 3819 }, // U+011D
    { 20, 31, 368, 2, 31, 155, 3968 }, // U+011E
    { 18, 33, 320, 1, 25, 149, 4123 }, // U+011F
    { 20, 31, 368, 2, 31, 155, 4272 }, // U+0120
    { 18, 33, 320, 1, 25, 149, 4427 }, // U+0121
    { 20, 31, 368, 2, 24, 155, 4576 }, // U+0122
    { 18, 33, 320, 1, 25, 149, 4731 }, // U+0123
    { 22, 31, 368, 1, 31, 171, 4880 }, // U+0124
    { 17, 32, 320, 1, 32, 136, 5051 }, // U+0125
    { 25, 24, 368, 1, 24, 150, 5187 }, // U+0126
    { 17, 25, 320, 1, 25, 107, 5337 }, // U+0127
    { 18, 31, 208, -1, 31, 140, 5444 }, // U+0128
    { 14, 25, 160, 1, 25, 88, 5584 }, // U+0129
    { 16, 29, 208, -1, 29, 116, 5672 }, // U+012A
    { 12, 23, 160, 1, 23, 69, 5788 }, // U+012B
    { 17, 31, 208, -1, 31, 132, 5857 }, // U+012C
    { 13, 25, 160, 1, 25, 82, 5989 }, // U+012D
    { 15, 32, 208, -1, 24, 120, 6071 }, // U+012E
    { 12, 33, 160, -1, 25, 99, 6191 }, // U+012F
    { 15, 31, 208, -1, 31, 117, 6290 }, // U+0130
    { 8, 18, 160, 1, 18, 36, 6407 }, // U+0131
    { 25, 31, 384, -1, 24, 194, 6443 }, // U+0132
    { 20, 33, 320, 1, 25, 165, 6637 }, // U+0133
    { 20, 38, 176, -5, 31, 190, 6802 }, // U+0134
    { 18, 33, 160, -4, 25, 149, 6992 }, // U+0135
    { 22, 31, 320, 1, 24, 171, 7141 }, // U+0136
    { 19, 32, 304, 1, 25, 152, 7312 }, // U+0137
    { 19, 18, 304, 1, 18, 86, 7464 }, // U+0138
    { 15, 31, 272, 1, 31, 117, 7550 }, // U+0139
    { 14, 32, 160, 1, 32, 112, 7667 }, // U+013A
    { 14, 31, 272, 1, 24, 109, 7779 }, // U+013B
    { 12, 32, 160, -1, 25, 96, 7888 }, // U+013C
    { 18, 24, 272, 1, 24, 108, 7984 }, // U+013D
    { 17, 25, 208, 1, 25, 107, 8092 }, // U+013E
    { 16, 24, 272, 1, 24, 96, 8199 }, // U+013F
    { 15, 25, 240, 1, 25, 94, 8295 }, // U+0140
    { 15, 24, 272, 0, 24, 90, 8389 }, // U+0141
    { 12, 25, 176, 0, 25, 75, 8479 }, // U+0142
    { 24, 31, 400, 1, 31, 186, 8554 }, // U+0143
    { 18, 25, 320, 1, 25, 113, 8740 }, // U+0144
    { 24, 31, 400, 1, 24, 186, 8853 }, // U+0145
    { 17, 25, 320, 1, 18, 107, 9039 }, // U+0146
    { 24, 31, 400, 1, 31, 186, 9146 }, // U+0147
    { 19, 25, 320, 1, 25, 119, 9332 }, // U+0148
    { 21, 24, 368, 1, 24, 126, 9451 }, // U+0149
    { 24, 31, 400, 1, 24, 186, 9577 }, // U+014A
    { 17, 26, 320, 1, 18, 111, 9763 }, // U+014B
    { 21, 29, 384, 2, 29, 153, 9874 }, // U+014C
    { 17, 23, 304, 1, 23, 98, 10027 }, // U+014D
    { 21, 31, 384, 2, 31, 163, 10125 }, // U+014E
    { 17, 25, 304, 1, 25, 107, 10288 }, // U+014F
    { 24, 31, 384, 2, 31, 186, 10395 }, // U+0150
    { 21, 25, 304, 1, 25, 132, 10581 }, // U+0151
    { 29, 24, 480, 2, 24, 174, 10713 }, // U+0152
    { 27, 18, 464, 1, 18, 122, 10887 }, // U+0153
    { 19, 31, 320, 1, 31, 148, 11009 }, // U+0154
    { 16, 25, 224, 1, 25, 100, 11157 }, // U+0155
    { 19, 31, 320, 1, 24, 148, 11257 }, // U+0156
    { 16, 25, 224, -1, 18, 100, 11405 }, // U+0157
    { 20, 31, 320, 1, 31, 155, 11505 }, // U+0158
    { 17, 25, 224, 1, 25, 107, 11660 }, // U+0159
    { 17, 31, 272, 1, 31, 132, 11767 }, // U+015A
    { 16, 25, 256, 0, 25, 100, 11899 }, // U+015B
    { 17, 31, 272, 1, 31, 132, 11999 }, // U+015C
    { 16, 25, 256, 0, 25, 100, 12131 }, // U+015D
    { 17, 32, 272, 1, 24, 136, 12231 }, // U+015E
    { 15, 26, 256, 0, 18, 98, 12367 }, // U+015F
    { 19, 31, 272, 1, 31, 148, 12465 }, // U+0160
    { 17, 25, 256, 0, 25, 107, 12613 }, // U+0161
    { 17, 32, 288, 3, 24, 136, 12720 }, // U+0162
    { 12, 30, 224, 2, 22, 90, 12856 }, // U+0163
    { 17, 31, 288, 3, 31, 132, 12946 }, // U+0164
    { 16, 25, 224, 2, 25, 100, 13078 }, // U+0165
    { 18, 24, 288, 2, 24, 108, 13178 }, // U+0166
    { 14, 22, 224, 0, 22, 77, 13286 }, // U+0167
    { 21, 31, 368, 2, 31, 163, 13363 }, // U+0168
    { 17, 25, 320, 2, 25, 107, 13526 }, // U+0169
    { 21, 29, 368, 2, 29, 153, 13633 }, // U+016A
    { 17, 23, 320, 2, 23, 98, 13786 }, // U+016B
    { 21, 31, 368, 2, 31, 163, 13884 }, // U+016C
    { 17, 25, 320, 2, 25, 107, 14047 }, // U+016D
    { 21, 34, 368, 2, 34, 179, 14154 }, // U+016E
    { 17, 28, 320, 2, 28, 119, 14333 }, // U+016F
    { 23, 31, 368, 2, 31, 179, 14452 }, // U+0170
    { 20, 25, 320, 2, 25, 125, 14631 }, // U+0171
    { 21, 32, 368, 2, 24, 168, 14756 }, // U+0172
    { 17, 26, 320, 2, 18, 111, 14924 }, // U+0173
    { 30, 31, 480, 3, 31, 233, 15035 }, // U+0174
    { 26, 25, 416, 2, 25, 163, 15268 }, // U+0175
    { 19, 31, 304, 3, 31, 148, 15431 }, // U+0176
    { 21, 33, 272, -2, 25, 174, 15579 }, // U+0177
    { 19, 31, 304, 3, 31, 148, 15753 }, // U+0178
    { 20, 31, 288, -1, 31, 155, 15901 }, // U+0179
    { 17, 25, 240, -1, 25, 107, 16056 }, // U+017A
    { 20, 31, 288, -1, 31, 155, 16163 }, // U+017B
    { 17, 25, 240, -1, 25, 107, 16318 }, // U+017C
    { 21, 31, 288, -1, 31, 163, 16425 }, // U+017D
    { 19, 25, 240, -1, 25, 119, 16588 }, // U+017E
    { 19, 33, 192, -4, 25, 157, 16707 }, // U+017F
    { 27, 25, 400, 2, 25, 169, 0 }, // U+01A0
    { 23, 21, 336, 1, 21, 121, 169 }, // U+01A1
    { 28, 25, 416, 2, 25, 175, 290 }, // U+01AF
    { 25, 21, 368, 2, 21, 132, 465 }, // U+01B0
    { 41, 31, 640, 1, 31, 318, 597 }, // U+01C4
    { 39, 25, 592, 1, 25, 244, 915 }, // U+01C5
    { 36, 25, 560, 1, 25, 225, 1159 }, // U+01C6
    { 27, 31, 448, 1, 24, 210, 1384 }, // U+01C7
    { 27, 33, 432, 1, 25, 223, 1594 }, // U+01C8
    { 20, 33, 320, 1, 25, 165, 1817 }, // U+01C9
    { 35, 31, 576, 1, 24, 272, 1982 }, // U+01CA
    { 35, 33, 560, 1, 25, 289, 2254 }, // U+01CB
    { 30, 33, 480, 1, 25, 248, 2543 }, // U+01CC
    { 23, 31, 336, -2, 31, 179, 2791 }, // U+01CD
    { 19, 25, 320, 1, 25, 119, 2970 }, // U+01CE
    { 18, 31, 208, -1, 31, 140, 3089 }, // U+01CF
    { 14, 25, 160, 1, 25, 88, 3229 }, // U+01D0
    { 21, 31, 384, 2, 31, 163, 3317 }, // U+01D1
    { 18, 25, 304, 1, 25, 113, 3480 }, // U+01D2
    { 21, 31, 368, 2, 31, 163, 3593 }, // U+01D3
    { 18, 25, 320, 2, 25, 113, 3756 }, // U+01D4
    { 21, 34, 368, 2, 34, 179, 3869 }, // U+01D5
    { 17, 28, 320, 2, 28, 119, 4048 }, // U+01D6
    { 21, 35, 368, 2, 35, 184, 4167 }, // U+01D7
    { 17, 29, 320, 2, 29, 124, 4351 }, // U+01D8
    { 21, 35, 368, 2, 35, 184, 4475 }, // U+01D9
    { 18, 29, 320, 2, 29, 131, 4659 }, // U+01DA
    { 21, 35, 368, 2, 35, 184, 4790 }, // U+01DB
    { 17, 29, 320, 2, 29, 124, 4974 }, // U+01DC
    { 16, 18, 288, 1, 18, 72, 5098 }, // U+01DD
    { 23, 34, 336, -2, 34, 196, 5170 }, // U+01DE
    { 18, 28, 320, 1, 28, 126, 5366 }, // U+01DF
    { 22, 34, 336, -2, 34, 187, 5492 }, // U+01E0
    { 18, 28, 320, 1, 28, 126, 5679 }, // U+01E1
    { 33, 29, 480, -2, 29, 240, 5805 }, // U+01E2
    { 27, 23, 464, 1, 23, 156, 6045 }, // U+01E3
    { 20, 24, 368, 2, 24, 120, 6201 }, // U+01E4
    { 19, 26, 320, 0, 18, 124, 6321 }, // U+01E5
    { 21, 31, 368, 2, 31, 163, 6445 }, // U+01E6
    { 18, 33, 320, 1, 25, 149, 6608 }, // U+01E7
    { 22, 31, 320, 1, 31, 171, 6757 }, // U+01E8
    { 19, 32, 304, 1, 32, 152, 6928 }, // U+01E9
    { 21, 32, 384, 2, 24, 168, 7080 }, // U+01EA
    { 17, 26, 304, 1, 18, 111, 7248 }, // U+01EB
    { 21, 37, 384, 2, 29, 195, 7359 }, // U+01EC
    { 17, 31, 304, 1, 23, 132, 7554 }, // U+01ED
    { 19, 30, 288, 0, 30, 143, 7686 }, // U+01EE
    { 19, 33, 288, -1, 25, 157, 7829 }, // U+01EF
    { 19, 33, 160, -4, 25, 157, 7986 }, // U+01F0
    { 41, 24, 640, 1, 24, 246, 8143 }, // U+01F1
    { 37, 24, 608, 1, 24, 222, 8389 }, // U+01F2
    { 34, 25, 560, 1, 25, 213, 8611 }, // U+01F3
    { 20, 31, 368, 2, 31, 155, 8824 }, // U+01F4
    { 18, 33, 320, 1, 25, 149, 8979 }, // U+01F5
    { 31, 24, 528, 1, 24, 186, 9128 }, // U+01F6
    { 23, 32, 336, -1, 24, 184, 9314 }, // U+01F7
    { 24, 31, 400, 1, 31, 186, 9498 }, // U+01F8
    { 17, 25, 320, 1, 25, 107, 9684 }, // U+01F9
    { 23, 32, 336, -2, 32, 184, 9791 }, // U+01FA
    { 19, 32, 320, 1, 32, 152, 9975 }, // U+01FB
    { 33, 31, 480, -2, 31, 256, 10127 }, // U+01FC
    { 27, 25, 464, 1, 25, 169, 10383 }, // U+01FD
    { 22, 31, 384, 2, 30, 171, 10552 }, // U+01FE
    { 18, 27, 304, 1, 25, 122, 10723 }, // U+01FF
    { 21, 31, 336, -2, 31, 163, 10845 }, // U+0200
    { 18, 25, 320, 1, 25, 113, 11008 }, // U+0201
    { 22, 31, 336, -2, 31, 171, 11121 }, // U+0202
    { 18, 25, 320, 1, 25, 113, 11292 }, // U+0203
    { 18, 31, 288, 1, 31, 140, 11405 }, // U+0204
    { 17, 25, 288, 1, 25, 107, 11545 }, // U+0205
    { 18, 31, 288, 1, 31, 140, 11652 }, // U+0206
    { 17, 25, 288, 1, 25, 107, 11792 }, // U+0207
    { 15, 31, 208, -1, 31, 117, 11899 }, // U+0208
    { 12, 25, 160, -1, 25, 75, 12016 }, // U+0209
    { 17, 31, 208, -1, 31, 132, 12091 }, // U+020A
    { 12, 25, 160, 1, 25, 75, 12223 }, // U+020B
    { 21, 31, 384, 2, 31, 163, 12298 }, // U+020C
    { 17, 25, 304, 1, 25, 107, 12461 }, // U+020D
    { 21, 31, 384, 2, 31, 163, 12568 }, // U+020E
    { 17, 25, 304, 1, 25, 107, 12731 }, // U+020F
    { 19, 31, 320, 1, 31, 148, 12838 }, // U+0210
    { 14, 25, 224, 1, 25, 88, 12986 }, // U+0211
    { 19, 31, 320, 1, 31, 148, 13074 }, // U+0212
    { 15, 25, 224, 1, 25, 94, 13222 }, // U+0213
    { 21, 31, 368, 2, 31, 163, 13316 }, // U+0214
    { 17, 25, 320, 2, 25, 107, 13479 }, // U+0215
    { 21, 31, 368, 2, 31, 163, 13586 }, // U+0216
    { 17, 25, 320, 2, 25, 107, 13749 }, // U+0217
    { 17, 31, 272, 1, 24, 132, 13856 }, // U+0218
    { 15, 25, 256, 0, 18, 94, 13988 }, // U+0219
    { 17, 31, 288, 3, 24, 132, 14082 }, // U+021A
    { 12, 29, 224, 2, 22, 87, 14214 }, // U+021B
    { 22, 30, 336, -1, 24, 165, 14301 }, // U+021C
    { 18, 26, 272, -2, 18, 117, 14466 }, // U+021D
    { 22, 31, 368, 1, 31, 171, 14583 }, // U+021E
    { 17, 32, 320, 1, 32, 136, 14754 }, // U+021F
    { 7, 5, 0, -14, 25, 9, 0 }, // U+0300
    { 9, 5, 0, -8, 25, 12, 9 }, // U+0301
    { 13, 5, 0, -4, 25, 17, 21 }, // U+0302
    { 14, 5, 0, -15, 25, 18, 38 }, // U+0303
    { 11, 3, 0, -3, 23, 9, 56 }, // U+0304
    { 14, 4, 0, -4, 28, 14, 65 }, // U+0305
    { 12, 5, 0, -3, 25, 15, 79 }, // U+0306
    { 6, 5, 0, 0, 25, 8, 94 }, // U+0307
    { 11, 5, 0, -3, 25, 14, 102 }, // U+0308
    { 7, 7, 0, -10, 27, 13, 116 }, // U+0309
    { 8, 8, 0, -1, 28, 16, 129 }, // U+030A
    { 15, 5, 0, -3, 25, 19, 145 }, // U+030B
    { 13, 5, 0, -3, 25, 17, 164 }, // U+030C
    { 6, 9, 0, 0, 25, 14, 181 }, // U+030D
    { 10, 5, 0, -2, 25, 13, 195 }, // U+030E
    { 13, 5, 0, -15, 25, 17, 208 }, // U+030F
    { 12, 8, 0, -3, 28, 24, 225 }, // U+0310
    { 11, 5, 0, -3, 25, 14, 249 }, // U+0311
    { 8, 9, 0, -2, 24, 18, 263 }, // U+0312
    { 8, 9, 0, -2, 24, 18, 281 }, // U+0313
    { 5, 9, 0, 0, 24, 12, 299 }, // U+0314
    { 8, 9, 0, -2, 24, 18, 311 }, // U+0315
    { 6, 5, 0, -6, -2, 8, 329 }, // U+0316
    { 9, 5, 0, -7, -2, 12, 337 }, // U+0317
    { 7, 6, 0, -6, -1, 11, 349 }, // U+0318
    { 6, 6, 0, -6, -1, 9, 360 }, // U+0319
    { 10, 9, 160, 3, 25, 23, 369 }, // U+031A
    { 9, 7, 0, -2, 25, 16, 392 }, // U+031B
    { 5, 8, 0, -2, -1, 10, 408 }, // U+031C
    { 8, 5, 0, -7, -2, 10, 418 }, // U+031D
    { 7, 5, 0, -6, -2, 9, 428 }, // U+031E
    { 7, 7, 0, -6, -1, 13, 437 }, // U+031F
    { 8, 2, 0, -7, -3, 4, 450 }, // U+0320
    { 9, 10, 0, -7, 2, 23, 454 }, // U+0321
    { 8, 10, 0, -4, 2, 20, 477 }, // U+0322
    { 5, 5, 0, -15, -2, 7, 497 }, // U+0323
    { 10, 5, 0, -8, -2, 13, 504 }, // U+0324
    { 8, 8, 0, -7, 0, 16, 517 }, // U+0325
    { 7, 5, 0, 2, -2, 9, 533 }, // U+0326
    { 7, 8, 0, -6, 0, 14, 542 }, // U+0327
    { 7, 8, 0, -6, 0, 14, 556 }, // U+0328
    { 5, 9, 0, -5, -1, 12, 570 }, // U+0329
    { 13, 5, 0, -9, -2, 17, 582 }, // U+032A
    { 13, 4, 0, -9, -2, 13, 599 }, // U+032B
    { 14, 5, 0, -9, -2, 18, 612 }, // U+032C
    { 13, 5, 0, -10, -2, 17, 630 }, // U+032D
    { 12, 5, 0, -8, -2, 15, 647 }, // U+032E
    { 12, 5, 0, -9, -2, 15, 662 }, // U+032F
    { 14, 5, 0, -10, -2, 18, 677 }, // U+0330
    { 11, 3, 0, -8, -3, 9, 695 }, // U+0331
    { 15, 2, 0, -10, -3, 8, 704 }, // U+0332
    { 15, 6, 0, -11, -1, 23, 712 }, // U+0333
    { 14, 5, 0, -7, 12, 18, 735 }, // U+0334
    { 14, 4, 0, -8, 10, 14, 753 }, // U+0335
    { 24, 3, 0, -12, 11, 18, 767 }, // U+0336
    { 12, 9, 0, -6, 14, 27, 785 }, // U+0337
    { 18, 27, 0, -9, 25, 122, 812 }, // U+0338
    { 4, 8, 0, -2, 0, 8, 934 }, // U+0339
    { 13, 5, 0, -9, -2, 17, 942 }, // U+033A
    { 13, 7, 0, -9, -1, 23, 959 }, // U+033B
    { 13, 4, 0, -9, -2, 13, 982 }, // U+033C
    { 8, 7, 0, -1, 26, 14, 995 }, // U+033D
    { 6, 10, 0, 0, 29, 15, 1009 }, // U+033E
    { 15, 6, 0, -4, 32, 23, 1024 }, // U+033F
    { 7, 5, 0, -2, 25, 9, 1047 }, // U+0340
    { 9, 5, 0, 0, 25, 12, 1056 }, // U+0341
    { 14, 5, 0, 5, 25, 18, 1068 }, // U+0342
    { 5, 6, 0, 1, 26, 8, 1086 }, // U+0343
    { 18, 6, 0, -5, 26, 27, 1094 }, // U+0344
    { 6, 6, 0, -4, -2, 9, 1121 }, // U+0345
    { 14, 5, 0, -4, 25, 18, 1130 }, // U+0346
    { 15, 6, 0, -11, -1, 23, 1148 }, // U+0347
    { 10, 5, 0, -8, -1, 13, 1171 }, // U+0348
    { 7, 6, 0, -6, -2, 11, 1184 }, // U+0349
    { 12, 6, 0, -3, 25, 18, 1195 }, // U+034A
    { 12, 13, 0, -3, 31, 39, 1213 }, // U+034B
    { 13, 8, 0, -3, 28, 26, 1252 }, // U+034C
    { 11, 6, 0, -8, -1, 17, 1278 }, // U+034D
    { 6, 7, 0, -5, -1, 11, 1295 }, // U+034E
    { 24, 24, 0, -12, 24, 144, 1306 }, // U+034F
    { 6, 7, 0, 0, 26, 11, 1450 }, // U+0350
    { 5, 8, 0, 4, 28, 10, 1461 }, // U+0351
    { 12, 8, 0, -3, 28, 24, 1471 }, // U+0352
    { 6, 6, 0, -5, -1, 9, 1495 }, // U+0353
    { 6, 7, 0, -5, -1, 11, 1504 }, // U+0354
    { 5, 7, 0, -4, -1, 9, 1515 }, // U+0355
    { 13, 7, 0, -8, -1, 23, 1524 }, // U+0356
    { 5, 8, 0, 3, 27, 10, 1547 }, // U+0357
    { 6, 5, 0, 0, 25, 8, 1557 }, // U+0358
    { 7, 7, 0, -6, -1, 13, 1565 }, // U+0359
    { 13, 7, 0, -9, -1, 23, 1578 }, // U+035A
    { 6, 6, 0, 0, 26, 9, 1601 }, // U+035B
    { 25, 7, 0, -14, -1, 44, 1610 }, // U+035C
    { 25, 7, 0, -10, 26, 44, 1654 }, // U+035D
    { 18, 3, 0, -6, 23, 14, 1698 }, // U+035E
    { 18, 3, 0, -11, -2, 14, 1712 }, // U+035F
    { 26, 5, 0, -10, 25, 33, 1726 }, // U+0360
    { 25, 6, 0, -9, 28, 38, 1759 }, // U+0361
    { 25, 7, 0, -16, -1, 44, 1797 }, // U+0362
    { 8, 8, 0, -1, 28, 16, 1841 }, // U+0363
    { 7, 8, 0, 0, 28, 14, 1857 }, // U+0364
    { 5, 10, 0, 1, 30, 13, 1871 }, // U+0365
    { 8, 8, 0, -1, 28, 16, 1884 }, // U+0366
    { 8, 8, 0, -1, 28, 16, 1900 }, // U+0367
    { 7, 8, 0, 0, 28, 14, 1916 }, // U+0368
    { 9, 10, 0, -1, 30, 23, 1930 }, // U+0369
    { 8, 10, 0, -1, 30, 20, 1953 }, // U+036A
    { 12, 8, 0, -3, 28, 24, 1973 }, // U+036B
    { 7, 8, 0, 0, 28, 14, 1997 }, // U+036C
    { 6, 9, 0, 1, 29, 14, 2011 }, // U+036D
    { 8, 8, 0, 0, 28, 16, 2025 }, // U+036E
    { 10, 8, 0, -2, 28, 20, 2041 }, // U+036F
    { 18, 31, 272, 1, 31, 140, 0 }, // U+0400
    { 18, 31, 272, 1, 31, 140, 140 }, // U+0401
    { 19, 24, 368, 3, 24, 114, 280 }, // U+0402
    { 18, 31, 272, 1, 31, 140, 394 }, // U+0403
    { 19, 24, 320, 2, 24, 114, 534 }, // U+0404
    { 17, 24, 272, 1, 24, 102, 648 }, // U+0405
    { 10, 24, 160, 1, 24, 60, 750 }, // U+0406
    { 13, 31, 160, 1, 31, 101, 810 }, // U+0407
    { 16, 31, 176, -5, 24, 124, 911 }, // U+0408
    { 32, 24, 512, -1, 24, 192, 1035 }, // U+0409
    { 29, 24, 496, 1, 24, 174, 1227 }, // U+040A
    { 19, 24, 384, 3, 24, 114, 1401 }, // U+040B
    { 22, 31, 336, 1, 31, 171, 1515 }, // U+040C
    { 23, 31, 368, 1, 31, 179, 1686 }, // U+040D
    { 23, 31, 320, 0, 31, 179, 1865 }, // U+040E
    { 22, 29, 352, 1, 24, 160, 2044 }, // U+040F
    { 21, 24, 336, -2, 24, 126, 2204 }, // U+0410
    { 18, 24, 320, 1, 24, 108, 2330 }, // U+0411
    { 19, 24, 320, 1, 24, 114, 2438 }, // U+0412
    { 18, 24, 272, 1, 24, 108, 2552 }, // U+0413
    { 27, 29, 384, -3, 24, 196, 2660 }, // U+0414
    { 18, 24, 272, 1, 24, 108, 2856 }, // U+0415
    { 34, 24, 480, -2, 24, 204, 2964 }, // U+0416
    { 18, 24, 304, 1, 24, 108, 3168 }, // U+0417
    { 23, 24, 368, 1, 24, 138, 3276 }, // U+0418
    { 23, 31, 368, 1, 31, 179, 3414 }, // U+0419
    { 22, 24, 336, 1, 24, 132, 3593 }, // U+041A
    { 24, 24, 368, -1, 24, 144, 3725 }, // U+041B
    { 28, 24, 464, 1, 24, 168, 3869 }, // U+041C
    { 22, 24, 368, 1, 24, 132, 4037 }, // U+041D
    { 21, 24, 384, 2, 24, 126, 4169 }, // U+041E
    { 22, 24, 352, 1, 24, 132, 4295 }, // U+041F
    { 19, 24, 304, 1, 24, 114, 4427 }, // U+0420
    { 19, 24, 320, 2, 24, 114, 4541 }, // U+0421
    { 17, 24, 272, 3, 24, 102, 4655 }, // U+0422
    { 23, 24, 320, 0, 24, 138, 4757 }, // U+0423
    { 27, 24, 464, 2, 24, 162, 4895 }, // U+0424
    { 25, 24, 320, -2, 24, 150, 5057 }, // U+0425
    { 22, 29, 368, 1, 24, 160, 5207 }, // U+0426
    { 19, 24, 352, 3, 24, 114, 5367 }, // U+0427
    { 32, 24, 528, 1, 24, 192, 5481 }, // U+0428
    { 32, 29, 528, 1, 24, 232, 5673 }, // U+0429
    { 19, 24, 368, 3, 24, 114, 5905 }, // U+042A
    { 28, 24, 464, 1, 24, 168, 6019 }, // U+042B
    { 18, 24, 320, 1, 24, 108, 6187 }, // U+042C
    { 19, 24, 320, 1, 24, 114, 6295 }, // U+042D
    { 31, 24, 528, 1, 24, 186, 6409 }, // U+042E
    { 23, 24, 320, -2, 24, 138, 6595 }, // U+042F
    { 18, 18, 304, 1, 18, 81, 6733 }, // U+0430
    { 18, 25, 304, 1, 25, 113, 6814 }, // U+0431
    { 17, 18, 288, 1, 18, 77, 6927 }, // U+0432
    { 15, 18, 240, 0, 18, 68, 7004 }, // U+0433
    { 17, 25, 304, 1, 25, 107, 7072 }, // U+0434
    { 16, 18, 272, 1, 18, 72, 7179 }, // U+0435
    { 33, 18, 512, -1, 18, 149, 7251 }, // U+0436
    { 15, 18, 256, 1, 18, 68, 7400 }, // U+0437
    { 17, 18, 320, 2, 18, 77, 7468 }, // U+0438
    { 17, 25, 320, 2, 25, 107, 7545 }, // U+0439
    { 20, 18, 288, 0, 18, 90, 7652 }, // U+043A
    { 21, 18, 320, -1, 18, 95, 7742 }, // U+043B
    { 25, 18, 400, 0, 18, 113, 7837 }, // U+043C
    { 19, 18, 304, 0, 18, 86, 7950 }, // U+043D
    { 17, 18, 304, 1, 18, 77, 8036 }, // U+043E
    { 18, 18, 320, 0, 18, 81, 8113 }, // U+043F
    { 20, 26, 320, -1, 18, 130, 8194 }, // U+0440
    { 15, 18, 240, 1, 18, 68, 8324 }, // U+0441
    { 28, 18, 480, 0, 18, 126, 8392 }, // U+0442
    { 21, 26, 288, -2, 18, 137, 8518 }, // U+0443
    { 22, 33, 400, 1, 25, 182, 8655 }, // U+0444
    { 21, 18, 272, -2, 18, 95, 8837 }, // U+0445
    { 17, 22, 320, 2, 18, 94, 8932 }, // U+0446
    { 17, 18, 304, 2, 18, 77, 9026 }, // U+0447
    { 27, 18, 480, 2, 18, 122, 9103 }, // U+0448
    { 27, 22, 480, 2, 18, 149, 9225 }, // U+0449
    { 19, 18, 336, 1, 18, 86, 9374 }, // U+044A
    { 25, 18, 416, 1, 18, 113, 9460 }, // U+044B
    { 16, 18, 288, 1, 18, 72, 9573 }, // U+044C
    { 14, 18, 256, 1, 18, 63, 9645 }, // U+044D
    { 26, 18, 432, 0, 18, 117, 9708 }, // U+044E
    { 20, 18, 288, -2, 18, 90, 9825 }, // U+044F
    { 16, 25, 272, 1, 25, 100, 9915 }, // U+0450
    { 16, 25, 272, 1, 25, 100, 10015 }, // U+0451
    { 18, 33, 320, 0, 25, 149, 10115 }, // U+0452
    { 16, 25, 240, 0, 25, 100, 10264 }, // U+0453
    { 15, 18, 240, 1, 18, 68, 10364 }, // U+0454
    { 15, 18, 240, 0, 18, 68, 10432 }, // U+0455
    { 11, 25, 160, 0, 25, 69, 10500 }, // U+0456
    { 12, 25, 144, 0, 25, 75, 10569 }, // U+0457
    { 15, 33, 160, -4, 25, 124, 10644 }, // U+0458
    { 28, 18, 448, -1, 18, 126, 10768 }, // U+0459
    { 27, 18, 448, 0, 18, 122, 10894 }, // U+045A
    { 18, 25, 320, 0, 25, 113, 11016 }, // U+045B
    { 20, 25, 288, 0, 25, 125, 11129 }, // U+045C
    { 17, 25, 320, 2, 25, 107, 11254 }, // U+045D
    { 21, 33, 288, -2, 25, 174, 11361 }, // U+045E
    { 17, 25, 320, 2, 18, 107, 11535 }, // U+045F
    { 29, 24, 464, 3, 24, 174, 11642 }, // U+0460
    { 26, 18, 432, 2, 18, 117, 11816 }, // U+0461
    { 17, 24, 336, 2, 24, 102, 11933 }, // U+0462
    { 25, 18, 448, 1, 18, 113, 12035 }, // U+0463
    { 30, 24, 464, 1, 24, 180, 12148 }, // U+0464
    { 24, 18, 400, 1, 18, 108, 12328 }, // U+0465
    { 22, 24, 352, -2, 24, 132, 12436 }, // U+0466
    { 19, 18, 304, -2, 18, 86, 12568 }, // U+0467
    { 28, 24, 480, 1, 24, 168, 12654 }, // U+0468
    { 25, 18, 448, 1, 18, 113, 12822 }, // U+0469
    { 26, 24, 384, -1, 24, 156, 12935 }, // U+046A
    { 22, 18, 304, -2, 18, 99, 13091 }, // U+046B
    { 32, 24, 528, 1, 24, 192, 13190 }, // U+046C
    { 27, 18, 432, 1, 18, 122, 13382 }, // U+046D
    { 20, 36, 320, -1, 29, 180, 13504 }, // U+046E
    { 18, 29, 272, -1, 22, 131, 13684 }, // U+046F
    { 25, 24, 432, 4, 24, 150, 13815 }, // U+0470
    { 23, 33, 432, 2, 25, 190, 13965 }, // U+0471
    { 21, 24, 384, 2, 24, 126, 14155 }, // U+0472
    { 17, 18, 304, 1, 18, 77, 14281 }, // U+0473
    { 21, 24, 336, 3, 24, 126, 14358 }, // U+0474
    { 17, 18, 288, 2, 18, 77, 14484 }, // U+0475
    { 21, 31, 336, 3, 31, 163, 14561 }, // U+0476
    { 17, 25, 288, 2, 25, 107, 14724 }, // U+0477
    { 41, 32, 656, 2, 24, 328, 14831 }, // U+0478
    { 37, 26, 576, 1, 18, 241, 15159 }, // U+0479
    { 22, 28, 400, 2, 26, 154, 15400 }, // U+047A
    { 18, 21, 336, 1, 19, 95, 15554 }, // U+047B
    { 30, 34, 528, 2, 34, 255, 15649 }, // U+047C
    { 26, 29, 464, 1, 29, 189, 15904 }, // U+047D
    { 29, 30, 464, 3, 30, 218, 16093 }, // U+047E
    { 26, 24, 432, 2, 24, 156, 16311 }, // U+047F
    { 20, 32, 320, 2, 24, 160, 16467 }, // U+0480
    { 15, 26, 256, 1, 18, 98, 16627 }, // U+0481
    { 16, 21, 320, 2, 21, 84, 16725 }, // U+0482
    { 13, 6, 0, -13, 24, 20, 16809 }, // U+0483
    { 13, 5, 0, -13, 25, 17, 16829 }, // U+0484
    { 6, 6, 0, -9, 26, 9, 16846 }, // U+0485
    { 6, 6, 0, -9, 26, 9, 16855 }, // U+0486
    { 13, 5, 0, -3, 30, 17, 16864 }, // U+0487
    { 38, 34, 0, -19, 26, 323, 16881 }, // U+0488
    { 36, 36, 0, -18, 27, 324, 17204 }, // U+0489
    { 25, 38, 432, 1, 31, 238, 17528 }, // U+048A
    { 18, 32, 336, 2, 26, 144, 17766 }, // U+048B
    { 17, 24, 304, 1, 24, 102, 17910 }, // U+048C
    { 15, 25, 304, 2, 25, 94, 18012 }, // U+048D
    { 19, 24, 320, 1, 24, 114, 18106 }, // U+048E
    { 19, 26, 320, -1, 18, 124, 18220 }, // U+048F
    { 19, 29, 272, 1, 29, 138, 18344 }, // U+0490
    { 16, 23, 240, 1, 23, 92, 18482 }, // U+0491
    { 18, 24, 272, 1, 24, 108, 18574 }, // U+0492
    { 16, 18, 240, 0, 18, 72, 18682 }, // U+0493
    { 18, 32, 352, 1, 24, 144, 18754 }, // U+0494
    { 15, 26, 304, 1, 18, 98, 18898 }, // U+0495
    { 33, 31, 480, -2, 24, 256, 18996 }, // U+0496
    { 32, 24, 512, 0, 18, 192, 19252 }, // U+0497
    { 18, 32, 304, 1, 24, 144, 19444 }, // U+0498
    { 15, 26, 256, 1, 18, 98, 19588 }, // U+0499
    { 22, 31, 368, 1, 24, 171, 19686 }, // U+049A
    { 19, 24, 320, 1, 18, 114, 19857 }, // U+049B
    { 22, 24, 336, 1, 24, 132, 19971 }, // U+049C
    { 20, 18, 304, 1, 18, 90, 20103 }, // U+049D
    { 22, 24, 320, 1, 24, 132, 20193 }, // U+049E
    { 19, 25, 304, 1, 25, 119, 20325 }, // U+049F
    { 23, 24, 368, 3, 24, 138, 20444 }, // U+04A0
    { 22, 18, 336, 1, 18, 99, 20582 }, // U+04A1
    { 23, 31, 400, 1, 24, 179, 20681 }, // U+04A2
    { 20, 24, 352, 1, 18, 120, 20860 }, // U+04A3
    { 27, 24, 400, 1, 24, 162, 20980 }, // U+04A4
    { 24, 18, 368, 1, 18, 108, 21142 }, // U+04A5
    { 30, 32, 544, 1, 24, 240, 21250 }, // U+04A6
    { 25, 26, 464, 1, 18, 163, 21490 }, // U+04A7
    { 21, 25, 384, 2, 24, 132, 21653 }, // U+04A8
    { 18, 19, 320, 1, 18, 86, 21785 }, // U+04A9
    { 20, 32, 320, 2, 24, 160, 21871 }, // U+04AA
    { 15, 26, 256, 1, 18, 98, 22031 }, // U+04AB
    { 17, 31, 288, 3, 24, 132, 22129 }, // U+04AC
    { 28, 24, 496, 1, 18, 168, 22261 }, // U+04AD
    { 19, 24, 304, 3, 24, 114, 22429 }, // U+04AE
    { 17, 26, 272, 2, 18, 111, 22543 }, // U+04AF
    { 21, 24, 304, 1, 24, 126, 22654 }, // U+04B0
    { 20, 26, 272, -1, 18, 130, 22780 }, // U+04B1
    { 25, 31, 368, -2, 24, 194, 22910 }, // U+04B2
    { 21, 24, 320, -1, 18, 126, 23104 }, // U+04B3
    { 24, 31, 448, 3, 24, 186, 23230 }, // U+04B4
    { 20, 24, 368, 1, 18, 120, 23416 }, // U+04B5
    { 20, 31, 400, 3, 24, 155, 23536 }, // U+04B6
    { 17, 24, 336, 3, 18, 102, 23691 }, // U+04B7
    { 19, 24, 352, 3, 24, 114, 23793 }, // U+04B8
    { 16, 18, 320, 3, 18, 72, 23907 }, // U+04B9
    { 19, 24, 352, 1, 24, 114, 23979 }, // U+04BA
    { 17, 25, 320, 1, 25, 107, 24093 }, // U+04BB
    { 25, 24, 416, 1, 24, 150, 24200 }, // U+04BC
    { 21, 18, 352, 0, 18, 95, 24350 }, // U+04BD
    { 25, 31, 416, 1, 24, 194, 24445 }, // U+04BE
    { 21, 24, 352, 0, 18, 126, 24639 }, // U+04BF
    { 15, 24, 208, -1, 24, 90, 24765 }, // U+04C0
    { 34, 31, 480, -2, 31, 264, 24855 }, // U+04C1
    { 33, 25, 512, -1, 25, 207, 25119 }, // U+04C2
    { 22, 32, 368, 1, 24, 176, 25326 }, // U+04C3
    { 19, 26, 320, 1, 18, 124, 25502 }, // U+04C4
    { 25, 31, 400, -1, 24, 194, 25626 }, // U+04C5
    { 22, 24, 352, -1, 18, 132, 25820 }, // U+04C6
    { 22, 32, 368, 1, 24, 176, 25952 }, // U+04C7
    { 19, 26, 320, 1, 18, 124, 26128 }, // U+04C8
    { 23, 31, 400, 1, 24, 179, 26252 }, // U+04C9
    { 20, 24, 352, 1, 18, 120, 26431 }, // U+04CA
    { 19, 31, 352, 3, 24, 148, 26551 }, // U+04CB
    { 16, 24, 320, 3, 18, 96, 26699 }, // U+04CC
    { 29, 31, 496, 1, 24, 225, 26795 }, // U+04CD
    { 26, 24, 448, 1, 18, 156, 27020 }, // U+04CE
    { 15, 24, 208, -1, 24, 90, 27176 }, // U+04CF
    { 23, 31, 336, -2, 31, 179, 27266 }, // U+04D0
    { 18, 25, 320, 1, 25, 113, 27445 }, // U+04D1
    { 22, 31, 336, -2, 31, 171, 27558 }, // U+04D2
    { 18, 25, 320, 1, 25, 113, 27729 }, // U+04D3
    { 33, 24, 480, -2, 24, 198, 27842 }, // U+04D4
    { 27, 18, 464, 1, 18, 122, 28040 }, // U+04D5
    { 19, 31, 288, 1, 31, 148, 28162 }, // U+04D6
    { 18, 25, 288, 1, 25, 113, 28310 }, // U+04D7
    { 20, 24, 352, 1, 24, 120, 28423 }, // U+04D8
    { 16, 18, 288, 1, 18, 72, 28543 }, // U+04D9
    { 20, 31, 352, 1, 31, 155, 28615 }, // U+04DA
    { 16, 25, 288, 1, 25, 100, 28770 }, // U+04DB
    { 34, 31, 480, -2, 31, 264, 28870 }, // U+04DC
    { 33, 25, 512, -1, 25, 207, 29134 }, // U+04DD
    { 18, 30, 304, 1, 30, 135, 29341 }, // U+04DE
    { 15, 25, 256, 1, 25, 94, 29476 }, // U+04DF
    { 19, 24, 288, 0, 24, 114, 29570 }, // U+04E0
    { 18, 26, 288, -1, 18, 117, 29684 }, // U+04E1
    { 23, 29, 368, 1, 29, 167, 29801 }, // U+04E2
    { 17, 23, 320, 2, 23, 98, 29968 }, // U+04E3
    { 23, 31, 368, 1, 31, 179, 30066 }, // U+04E4
    { 17, 25, 320, 2, 25, 107, 30245 }, // U+04E5
    { 21, 31, 384, 2, 31, 163, 30352 }, // U+04E6
    { 17, 25, 304, 1, 25, 107, 30515 }, // U+04E7
    { 21, 24, 384, 2, 24, 126, 30622 }, // U+04E8
    { 17, 18, 304, 1, 18, 77, 30748 }, // U+04E9
    { 21, 30, 384, 2, 30, 158, 30825 }, // U+04EA
    { 17, 25, 304, 1, 25, 107, 30983 }, // U+04EB
    { 19, 30, 320, 1, 30, 143, 31090 }, // U+04EC
    { 14, 25, 256, 1, 25, 88, 31233 }, // U+04ED
    { 23, 29, 320, 0, 29, 167, 31321 }, // U+04EE
    { 21, 31, 272, -2, 23, 163, 31488 }, // U+04EF
    { 23, 31, 320, 0, 31, 179, 31651 }, // U+04F0
    { 21, 33, 272, -2, 25, 174, 31830 }, // U+04F1
    { 23, 31, 320, 0, 31, 179, 32004 }, // U+04F2
    { 22, 33, 272, -2, 25, 182, 32183 }, // U+04F3
    { 19, 31, 352, 3, 31, 148, 32365 }, // U+04F4
    { 17, 25, 304, 2, 25, 107, 32513 }, // U+04F5
    { 18, 31, 272, 1, 24, 140, 32620 }, // U+04F6
    { 15, 24, 240, 1, 18, 90, 32760 }, // U+04F7
    { 28, 31, 464, 1, 31, 217, 32850 }, // U+04F8
    { 25, 25, 416, 1, 25, 157, 33067 }, // U+04F9
    { 18, 32, 272, 1, 24, 144, 33224 }, // U+04FA
    { 16, 26, 240, 0, 18, 104, 33368 }, // U+04FB
    { 25, 32, 368, -2, 24, 200, 33472 }, // U+04FC
    { 21, 26, 320, -2, 18, 137, 33672 }, // U+04FD
    { 25, 24, 320, -2, 24, 150, 33809 }, // U+04FE
    { 21, 18, 288, -2, 18, 95, 33959 }, // U+04FF
    { 21, 31, 336, -2, 24, 163, 0 }, // U+1EA0
    { 18, 25, 320, 1, 18, 113, 163 }, // U+1EA1
    { 21, 33, 336, -2, 33, 174, 276 }, // U+1EA2
    { 18, 27, 320, 1, 27, 122, 450 }, // U+1EA3
    { 27, 32, 336, -2, 32, 216, 572 }, // U+1EA4
    { 23, 27, 320, 1, 27, 156, 788 }, // U+1EA5
    { 21, 32, 336, -2, 32, 168, 944 }, // U+1EA6
    { 18, 27, 320, 1, 27, 122, 1112 }, // U+1EA7
    { 26, 34, 336, -2, 34, 221, 1234 }, // U+1EA8
    { 21, 29, 320, 1, 29, 153, 1455 }, // U+1EA9
    { 23, 35, 336, -2, 35, 202, 1608 }, // U+1EAA
    { 18, 29, 320, 1, 29, 131, 1810 }, // U+1EAB
    { 22, 38, 336, -2, 31, 209, 1941 }, // U+1EAC
    { 18, 32, 320, 1, 25, 144, 2150 }, // U+1EAD
    { 22, 33, 336, -2, 33, 182, 2294 }, // U+1EAE
    { 18, 28, 320, 1, 28, 126, 2476 }, // U+1EAF
    { 22, 33, 336, -2, 33, 182, 2602 }, // U+1EB0
    { 18, 28, 320, 1, 28, 126, 2784 }, // U+1EB1
    { 22, 35, 336, -2, 35, 193, 2910 }, // U+1EB2
    { 18, 29, 320, 1, 29, 131, 3103 }, // U+1EB3
    { 23, 35, 336, -2, 35, 202, 3234 }, // U+1EB4
    { 18, 29, 320, 1, 29, 131, 3436 }, // U+1EB5
    { 22, 38, 336, -2, 31, 209, 3567 }, // U+1EB6
    { 18, 32, 320, 1, 25, 144, 3776 }, // U+1EB7
    { 18, 31, 288, 1, 24, 140, 3920 }, // U+1EB8
    { 17, 25, 288, 1, 18, 107, 4060 }, // U+1EB9
    { 18, 33, 288, 1, 33, 149, 4167 }, // U+1EBA
    { 17, 27, 288, 1, 27, 115, 4316 }, // U+1EBB
    { 19, 31, 288, 1, 31, 148, 4431 }, // U+1EBC
    { 18, 25, 288, 1, 25, 113, 4579 }, // U+1EBD
    { 23, 32, 288, 1, 32, 184, 4692 }, // U+1EBE
    { 22, 27, 288, 1, 27, 149, 4876 }, // U+1EBF
    { 18, 32, 288, 1, 32, 144, 5025 }, // U+1EC0
    { 17, 27, 288, 1, 27, 115, 5169 }, // U+1EC1
    { 22, 34, 288, 1, 34, 187, 5284 }, // U+1EC2
    { 20, 29, 288, 1, 29, 145, 5471 }, // U+1EC3
    { 19, 35, 288, 1, 35, 167, 5616 }, // U+1EC4
    { 17, 29, 288, 1, 29, 124, 5783 }, // U+1EC5
    { 18, 38, 288, 1, 31, 171, 5907 }, // U+1EC6
    { 17, 32, 288, 1, 25, 136, 6078 }, // U+1EC7
    { 15, 33, 208, -1, 33, 124, 6214 }, // U+1EC8
    { 11, 27, 160, 1, 27, 75, 6338 }, // U+1EC9
    { 15, 31, 208, -1, 24, 117, 6413 }, // U+1ECA
    { 12, 32, 160, -1, 25, 96, 6530 }, // U+1ECB
    { 21, 31, 384, 2, 24, 163, 6626 }, // U+1ECC
    { 17, 25, 304, 1, 18, 107, 6789 }, // U+1ECD
    { 21, 33, 384, 2, 33, 174, 6896 }, // U+1ECE
    { 17, 27, 304, 1, 27, 115, 7070 }, // U+1ECF
    { 25, 32, 384, 2, 32, 200, 7185 }, // U+1ED0
    { 22, 27, 304, 1, 27, 149, 7385 }, // U+1ED1
    { 21, 32, 384, 2, 32, 168, 7534 }, // U+1ED2
    { 17, 27, 304, 1, 27, 115, 7702 }, // U+1ED3
    { 23, 34, 384, 2, 34, 196, 7817 }, // U+1ED4
    { 20, 29, 304, 1, 29, 145, 8013 }, // U+1ED5
    { 21, 35, 384, 2, 35, 184, 8158 }, // U+1ED6
    { 17, 29, 304, 1, 29, 124, 8342 }, // U+1ED7
    { 21, 38, 384, 2, 31, 200, 8466 }, // U+1ED8
    { 17, 32, 304, 1, 25, 136, 8666 }, // U+1ED9
    { 27, 31, 400, 2, 31, 210, 8802 }, // U+1EDA
    { 23, 25, 336, 1, 25, 144, 9012 }, // U+1EDB
    { 27, 31, 400, 2, 31, 210, 9156 }, // U+1EDC
    { 23, 25, 336, 1, 25, 144, 9366 }, // U+1EDD
    { 27, 33, 400, 2, 33, 223, 9510 }, // U+1EDE
    { 23, 27, 352, 1, 27, 156, 9733 }, // U+1EDF
    { 27, 31, 400, 2, 31, 210, 9889 }, // U+1EE0
    { 23, 25, 336, 1, 25, 144, 10099 }, // U+1EE1
    { 27, 32, 400, 2, 25, 216, 10243 }, // U+1EE2
    { 23, 28, 336, 1, 21, 161, 10459 }, // U+1EE3
    { 21, 31, 368, 2, 24, 163, 10620 }, // U+1EE4
    { 17, 25, 320, 2, 18, 107, 10783 }, // U+1EE5
    { 21, 33, 368, 2, 33, 174, 10890 }, // U+1EE6
    { 17, 27, 320, 2, 27, 115, 11064 }, // U+1EE7
    { 28, 31, 416, 2, 31, 217, 11179 }, // U+1EE8
    { 25, 25, 368, 2, 25, 157, 11396 }, // U+1EE9
    { 28, 31, 416, 2, 31, 217, 11553 }, // U+1EEA
    { 25, 25, 368, 2, 25, 157, 11770 }, // U+1EEB
    { 28, 33, 416, 2, 33, 231, 11927 }, // U+1EEC
    { 25, 27, 368, 2, 27, 169, 12158 }, // U+1EED
    { 28, 31, 416, 2, 31, 217, 12327 }, // U+1EEE
    { 25, 25, 368, 2, 25, 157, 12544 }, // U+1EEF
    { 28, 32, 416, 2, 25, 224, 12701 }, // U+1EF0
    { 25, 28, 368, 2, 21, 175, 12925 }, // U+1EF1
    { 19, 31, 304, 3, 31, 148, 13100 }, // U+1EF2
    { 21, 33, 272, -2, 25, 174, 13248 }, // U+1EF3
    { 19, 31, 304, 3, 24, 148, 13422 }, // U+1EF4
    { 21, 26, 272, -2, 18, 137, 13570 }, // U+1EF5
    { 19, 33, 304, 3, 33, 157, 13707 }, // U+1EF6
    { 21, 35, 272, -2, 27, 184, 13864 }, // U+1EF7
    { 19, 31, 304, 3, 31, 148, 14048 }, // U+1EF8
    { 21, 33, 272, -2, 25, 174, 14196 }, // U+1EF9
    { 1, 1, 272, 0, 1, 1, 0 }, // U+2000
    { 1, 1, 528, 0, 1, 1, 1 }, // U+2001
    { 1, 1, 272, 0, 1, 1, 2 }, // U+2002
    { 1, 1, 528, 0, 1, 1, 3 }, // U+2003
    { 1, 1, 176, 0, 1, 1, 4 }, // U+2004
    { 1, 1, 128, 0, 1, 1, 5 }, // U+2005
    { 1, 1, 96, 0, 1, 1, 6 }, // U+2006
    { 1, 1, 288, 0, 1, 1, 7 }, // U+2007
    { 1, 1, 144, 0, 1, 1, 8 }, // U+2008
    { 1, 1, 80, 0, 1, 1, 9 }, // U+2009
    { 1, 1, 48, 0, 1, 1, 10 }, // U+200A
    { 1, 1, 0, 0, 1, 1, 11 }, // U+200B
    { 1, 1, 0, 0, 1, 1, 12 }, // U+200C
    { 1, 1, 0, 0, 1, 1, 13 }, // U+200D
    { 8, 27, 0, -1, 23, 54, 14 }, // U+200E
    { 8, 27, 0, -7, 23, 54, 68 }, // U+200F
    { 9, 4, 176, 1, 11, 9, 122 }, // U+2010
    { 9, 4, 176, 1, 11, 9, 131 }, // U+2011
    { 17, 3, 288, 1, 13, 13, 140 }, // U+2012
    { 14, 4, 256, 1, 11, 14, 153 }, // U+2013
    { 30, 4, 512, 1, 11, 30, 167 }, // U+2014
    { 30, 4, 512, 1, 11, 30, 197 }, // U+2015
    { 12, 32, 288, 3, 25, 96, 227 }, // U+2016
    { 14, 6, 208, -3, -1, 21, 323 }, // U+2017
    { 8, 9, 112, 2, 24, 18, 344 }, // U+2018
    { 8, 9, 112, 2, 24, 18, 362 }, // U+2019
    { 8, 8, 144, -2, 4, 16, 380 }, // U+201A
    { 4, 9, 112, 4, 24, 9, 396 }, // U+201B
    { 15, 9, 224, 2, 24, 34, 405 }, // U+201C
    { 15, 9, 224, 2, 24, 34, 439 }, // U+201D
    { 15, 8, 256, -2, 4, 30, 473 }, // U+201E
    { 12, 9, 224, 3, 24, 27, 503 }, // U+201F
    { 14, 25, 272, 3, 25, 88, 530 }, // U+2020
    { 16, 25, 272, 1, 25, 100, 618 }, // U+2021
    { 9, 10, 192, 2, 17, 23, 718 }, // U+2022
    { 11, 12, 192, 1, 18, 33, 741 }, // U+2023
    { 6, 5, 272, 4, 5, 8, 774 }, // U+2024
    { 16, 5, 304, 0, 5, 20, 782 }, // U+2025
    { 24, 5, 432, 0, 5, 30, 802 }, // U+2026
    { 5, 5, 176, 3, 12, 7, 832 }, // U+2027
    { 1, 1, 320, 0, 1, 1, 839 }, // U+2028
    { 1, 1, 320, 0, 1, 1, 840 }, // U+2029
    { 8, 24, 0, -1, 20, 48, 841 }, // U+202A
    { 8, 24, 0, -7, 20, 48, 889 }, // U+202B
    { 8, 27, 0, -4, 23, 54, 937 }, // U+202C
    { 8, 27, 0, -4, 23, 54, 991 }, // U+202D
    { 8, 27, 0, -4, 23, 54, 1045 }, // U+202E
    { 1, 1, 80, 0, 1, 1, 1099 }, // U+202F
    { 37, 24, 640, 2, 24, 222, 1100 }, // U+2030
    { 49, 24, 832, 2, 24, 294, 1322 }, // U+2031
    { 9, 9, 144, 2, 24, 21, 1616 }, // U+2032
    { 17, 9, 272, 2, 24, 39, 1637 }, // U+2033
    { 25, 9, 400, 2, 24, 57, 1676 }, // U+2034
    { 7, 9, 144, 3, 24, 16, 1733 }, // U+2035
    { 15, 9, 272, 3, 24, 34, 1749 }, // U+2036
    { 23, 9, 400, 3, 24, 52, 1783 }, // U+2037
    { 10, 11, 192, -2, 3, 28, 1835 }, // U+2038
    { 10, 16, 176, 1, 17, 40, 1863 }, // U+2039
    { 10, 16, 176, 0, 17, 40, 1903 }, // U+203A
    { 26, 25, 448, 1, 24, 163, 1943 }, // U+203B
    { 20, 24, 304, 0, 24, 120, 2106 }, // U+203C
    { 13, 24, 240, 3, 24, 78, 2226 }, // U+203D
    { 15, 3, 224, 3, 28, 12, 2304 }, // U+203E
    { 17, 7, 288, -2, -1, 30, 2316 }, // U+203F
    { 16, 7, 288, 3, 26, 28, 2346 }, // U+2040
    { 16, 21, 208, -3, 13, 84, 2374 }, // U+2041
    { 36, 29, 608, 0, 25, 261, 2458 }, // U+2042
    { 9, 4, 176, 1, 11, 9, 2719 }, // U+2043
    { 22, 24, 64, -9, 24, 132, 2728 }, // U+2044
    { 14, 29, 176, -1, 24, 102, 2860 }, // U+2045
    { 14, 29, 176, -2, 24, 102, 2962 }, // U+2046
    { 28, 24, 480, 3, 24, 168, 3064 }, // U+2047
    { 23, 24, 400, 3, 24, 138, 3232 }, // U+2048
    { 26, 24, 400, 0, 24, 156, 3370 }, // U+2049
    { 16, 18, 288, 2, 18, 72, 3526 }, // U+204A
    { 17, 29, 336, 3, 25, 124, 3598 }, // U+204B
    { 17, 17, 336, 2, 18, 73, 3722 }, // U+204C
    { 17, 17, 336, 2, 18, 73, 3795 }, // U+204D
    { 16, 16, 288, -1, 9, 64, 3868 }, // U+204E
    { 8, 22, 144, 1, 18, 44, 3932 }, // U+204F
    { 21, 34, 288, -2, 26, 179, 3976 }, // U+2050
    { 20, 33, 288, -1, 25, 165, 4155 }, // U+2051
    { 14, 24, 224, 0, 24, 84, 4320 }, // U+2052
    { 30, 7, 528, 2, 13, 53, 4404 }, // U+2053
    { 17, 7, 288, -3, -1, 30, 4457 }, // U+2054
    { 17, 17, 304, 1, 17, 73, 4487 }, // U+2055
    { 15, 25, 288, 2, 24, 94, 4560 }, // U+2056
    { 29, 9, 464, 2, 24, 66, 4654 }, // U+2057
    { 24, 25, 448, 2, 24, 150, 4720 }, // U+2058
    { 24, 25, 448, 2, 24, 150, 4870 }, // U+2059
    { 5, 25, 144, 2, 24, 32, 5020 }, // U+205A
    { 20, 27, 384, 2, 26, 135, 5052 }, // U+205B
    { 25, 25, 432, 1, 24, 157, 5187 }, // U+205C
    { 6, 26, 144, 2, 25, 39, 5344 }, // U+205D
    { 6, 25, 144, 2, 24, 38, 5383 }, // U+205E
    { 1, 1, 112, 0, 1, 1, 5421 }, // U+205F
    { 1, 1, 320, 0, 1, 1, 5422 }, // U+2060
    { 1, 1, 320, 0, 1, 1, 5423 }, // U+2061
    { 1, 1, 320, 0, 1, 1, 5424 }, // U+2062
    { 1, 1, 320, 0, 1, 1, 5425 }, // U+2063
    { 1, 1, 320, 0, 1, 1, 5426 }, // U+2064
    { 1, 1, 320, 0, 1, 1, 5427 }, // U+2066
    { 1, 1, 320, 0, 1, 1, 5428 }, // U+2067
    { 1, 1, 320, 0, 1, 1, 5429 }, // U+2068
    { 1, 1, 320, 0, 1, 1, 5430 }, // U+2069
    { 8, 27, 0, -4, 23, 54, 5431 }, // U+206A
    { 8, 27, 0, -4, 23, 54, 5485 }, // U+206B
    { 8, 27, 0, -4, 23, 54, 5539 }, // U+206C
    { 8, 27, 0, -4, 23, 54, 5593 }, // U+206D
    { 8, 27, 0, -4, 23, 54, 5647 }, // U+206E
    { 8, 27, 0, -4, 23, 54, 5701 }, // U+206F
    { 11, 15, 208, 3, 28, 42, 0 }, // U+2070
    { 7, 16, 128, 2, 25, 28, 42 }, // U+2071
    { 12, 14, 208, 2, 28, 42, 70 }, // U+2074
    { 12, 15, 208, 2, 28, 45, 112 }, // U+2075
    { 11, 15, 208, 3, 28, 42, 157 }, // U+2076
    { 12, 14, 208, 3, 28, 42, 199 }, // U+2077
    { 11, 15, 208, 3, 28, 42, 241 }, // U+2078
    { 11, 15, 208, 3, 28, 42, 283 }, // U+2079
    { 9, 10, 192, 4, 25, 23, 325 }, // U+207A
    { 9, 2, 192, 4, 21, 5, 348 }, // U+207B
    { 10, 6, 208, 4, 23, 15, 353 }, // U+207C
    { 8, 18, 112, 4, 29, 36, 368 }, // U+207D
    { 8, 18, 112, 0, 29, 36, 404 }, // U+207E
    { 12, 12, 208, 2, 21, 36, 440 }, // U+207F
    { 12, 15, 208, -1, 10, 45, 476 }, // U+2080
    { 10, 14, 208, 0, 10, 35, 521 }, // U+2081
    { 13, 14, 208, -2, 10, 46, 556 }, // U+2082
    { 11, 15, 208, -1, 10, 42, 602 }, // U+2083
    { 12, 14, 208, -2, 10, 42, 644 }, // U+2084
    { 12, 15, 208, -1, 10, 45, 686 }, // U+2085
    { 12, 15, 208, -1, 10, 45, 731 }, // U+2086
    { 13, 14, 208, -1, 10, 46, 776 }, // U+2087
    { 11, 15, 208, -1, 10, 42, 822 }, // U+2088
    { 12, 15, 208, -1, 10, 45, 864 }, // U+2089
    { 10, 10, 192, 0, 8, 25, 909 }, // U+208A
    { 10, 2, 192, 0, 4, 5, 934 }, // U+208B
    { 10, 6, 208, 0, 6, 15, 939 }, // U+208C
    { 8, 18, 112, 0, 12, 36, 954 }, // U+208D
    { 7, 18, 112, -3, 12, 32, 990 }, // U+208E
    { 12, 11, 208, -1, 8, 33, 1022 }, // U+2090
    { 11, 11, 192, -1, 8, 31, 1055 }, // U+2091
    { 11, 11, 208, -1, 8, 31, 1086 }, // U+2092
    { 14, 11, 176, -3, 8, 39, 1117 }, // U+2093
    { 10, 11, 192, -1, 8, 28, 1156 }, // U+2094
    { 11, 15, 240, 0, 12, 42, 1184 }, // U+2095
    { 13, 15, 208, 0, 12, 49, 1226 }, // U+2096
    { 7, 15, 128, 0, 12, 27, 1275 }, // U+2097
    { 18, 11, 336, 0, 8, 50, 1302 }, // U+2098
    { 11, 11, 208, -1, 8, 31, 1352 }, // U+2099
    { 12, 16, 208, -2, 8, 48, 1383 }, // U+209A
    { 10, 11, 176, -1, 8, 28, 1431 }, // U+209B
    { 8, 13, 144, -1, 10, 26, 1459 }, // U+209C
    { 17, 24, 304, 2, 24, 102, 0 }, // U+20A0
    { 20, 27, 288, 1, 25, 135, 102 }, // U+20A1
    { 19, 24, 304, 1, 24, 114, 237 }, // U+20A2
    { 20, 24, 288, 0, 24, 120, 351 }, // U+20A3
    { 20, 24, 288, 0, 24, 120, 471 }, // U+20A4
    { 27, 26, 480, 1, 22, 176, 591 }, // U+20A5
    { 20, 24, 304, 0, 24, 120, 767 }, // U+20A6
    { 27, 24, 448, 1, 24, 162, 887 }, // U+20A7
    { 30, 24, 480, 0, 24, 180, 1049 }, // U+20A8
    { 25, 24, 384, 1, 24, 150, 1229 }, // U+20A9
    { 28, 24, 464, 1, 24, 168, 1379 }, // U+20AA
    { 22, 30, 320, 0, 25, 165, 1547 }, // U+20AB
    { 19, 24, 288, 1, 24, 114, 1712 }, // U+20AC
    { 21, 24, 304, 1, 24, 126, 1826 }, // U+20AD
    { 19, 24, 288, 1, 24, 114, 1952 }, // U+20AE
    { 31, 32, 528, 1, 24, 248, 2066 }, // U+20AF
    { 21, 32, 304, -2, 24, 168, 2314 }, // U+20B0
    { 20, 24, 304, 0, 24, 120, 2482 }, // U+20B1
    { 21, 27, 368, 2, 25, 142, 2602 }, // U+20B2
    { 23, 24, 320, -2, 24, 138, 2744 }, // U+20B3
    { 19, 24, 304, 0, 24, 114, 2882 }, // U+20B4
    { 20, 28, 320, 2, 25, 140, 2996 }, // U+20B5
    { 22, 22, 352, 1, 22, 121, 3136 }, // U+20B6
    { 24, 27, 368, -1, 24, 162, 3257 }, // U+20B7
    { 19, 24, 272, 1, 24, 114, 3419 }, // U+20B8
    { 17, 24, 288, 2, 24, 102, 3533 }, // U+20B9
    { 18, 24, 288, 0, 24, 108, 3635 }, // U+20BA
    { 20, 24, 336, 2, 24, 120, 3743 }, // U+20BB
    { 25, 24, 432, 0, 24, 150, 3863 }, // U+20BC
    { 20, 24, 304, 0, 24, 120, 4013 }, // U+20BD
    { 21, 27, 320, 0, 27, 142, 4133 }, // U+20BE
    { 17, 30, 288, 1, 27, 128, 4275 }, // U+20BF
    { 9, 4, 176, 1, 11, 9, 0 }, // U+2212
    { 31, 33, 384, -4, 25, 256, 0 }, // U+FB00
    { 27, 33, 352, -4, 25, 223, 256 }, // U+FB01
    { 27, 33, 352, -4, 25, 223, 479 }, // U+FB02
    { 38, 33, 528, -4, 25, 314, 702 }, // U+FB03
    { 38, 33, 528, -4, 25, 314, 1016 }, // U+FB04
    { 30, 33, 400, -4, 25, 248, 1330 }, // U+FB05
    { 30, 25, 464, 0, 25, 188, 1578 }, // U+FB06
    { 31, 30, 528, 1, 25, 233, 0 }, // U+FFFD
};

static const EpdUnicodeInterval notosans_16_bolditalicIntervals[] = {
    { 0x0, 0x0, 0x0 },
    { 0xD, 0xD, 0x1 },
    { 0x20, 0x7E, 0x2 },
    { 0xA0, 0x17F, 0x61 },
    { 0x1A0, 0x1A1, 0x141 },
    { 0x1AF, 0x1B0, 0x143 },
    { 0x1C4, 0x21F, 0x145 },
    { 0x300, 0x36F, 0x1A1 },
    { 0x400, 0x4FF, 0x211 },
    { 0x1EA0, 0x1EF9, 0x311 },
    { 0x2000, 0x2064, 0x36B },
    { 0x2066, 0x2071, 0x3D0 },
    { 0x2074, 0x208E, 0x3DC },
    { 0x2090, 0x209C, 0x3F7 },
    { 0x20A0, 0x20BF, 0x404 },
    { 0x2212, 0x2212, 0x424 },
    { 0xFB00, 0xFB06, 0x425 },
    { 0xFFFD, 0xFFFD, 0x42C },
};

static const EpdFontGroup notosans_16_bolditalicGroups[] = {
    { 0, 2265, 9752, 97, 0 },
    { 2265, 2139, 11725, 96, 97 },
    { 4404, 2641, 18305, 128, 193 },
    { 7045, 2633, 16186, 96, 321 },
    { 9678, 835, 2318, 112, 417 },
    { 10513, 6598, 36629, 256, 529 },
    { 17111, 1687, 15634, 90, 785 },
    { 18798, 1464, 6157, 111, 875 },
    { 20262, 558, 1601, 42, 986 },
    { 20820, 1259, 4685, 32, 1028 },
    { 22079, 9, 12, 1, 1060 },
    { 22088, 331, 1850, 7, 1061 },
    { 22419, 98, 240, 1, 1068 },
};

static const uint16_t notosans_16_bolditalicKernLeftCodepoints[] = {
    0x0020, 0x0022, 0x0026, 0x0027, 0x0028, 0x002C, 0x002D, 0x002E, 0x0041, 0x0042, 0x0043, 0x0044,
    0x0045, 0x0046, 0x004B, 0x004C, 0x004F, 0x0050, 0x0051, 0x0052, 0x0054, 0x0055, 0x0056, 0x0057,
    0x0058, 0x0059, 0x005A, 0x005B, 0x005F, 0x0061, 0x0062, 0x0063, 0x0065, 0x0066, 0x006B, 0x006F,
    0x0070, 0x0072, 0x0074, 0x0076, 0x0077, 0x0078, 0x0079, 0x007B, 0x00A1, 0x00AB, 0x00BB, 0x00BF,
    0x00C0, 0x00C1, 0x00C2, 0x00C3, 0x00C4, 0x00C5, 0x00C6, 0x00C7, 0x00C8, 0x00C9, 0x00CA, 0x00CB,
    0x00D0, 0x00D2, 0x00D3, 0x00D4, 0x00D5, 0x00D6, 0x00D8, 0x00D9, 0x00DA, 0x00DB, 0x00DC, 0x00DD,
    0x00DE, 0x00E0, 0x00E1, 0x00E2, 0x00E3, 0x00E4, 0x00E5, 0x00E6, 0x00E8, 0x00E9, 0x00EA, 0x00EB,
    0x00EF, 0x00F0, 0x00F2, 0x00F3, 0x00F4, 0x00F5, 0x00F6, 0x00F8, 0x00FD, 0x00FE, 0x00FF, 0x0100,
    0x0101, 0x0102, 0x0103, 0x0104, 0x0105, 0x0106, 0x0108, 0x010A, 0x010C, 0x010E, 0x010F, 0x0110,
    0x0112, 0x0113, 0x0114, 0x0115, 0x0116, 0x0117, 0x0118, 0x0119, 0x011A, 0x011B, 0x0129, 0x012B,
    0x012E, 0x0136, 0x0137, 0x0138, 0x0139, 0x013B, 0x013D, 0x013E, 0x013F, 0x0141, 0x014C, 0x014D,
    0x014E, 0x014F, 0x0150, 0x0151, 0x0152, 0x0153, 0x0155, 0x0157, 0x0159, 0x0162, 0x0163, 0x0164,
    0x0165, 0x0166, 0x0167, 0x0168, 0x016A, 0x016C, 0x016E, 0x0170, 0x0172, 0x0174, 0x0175, 0x0176,
    0x0177, 0x0178, 0x0179, 0x017B, 0x017D, 0x01A0, 0x01A1, 0x01AF, 0x01B0, 0x01D0, 0x01FA, 0x01FB,
    0x01FC, 0x01FD, 0x01FE, 0x01FF, 0x020B, 0x021A, 0x021B, 0x0402, 0x0403, 0x0404, 0x0405, 0x0408,
    0x0409, 0x040A, 0x040B, 0x040C, 0x040E, 0x0410, 0x0411, 0x0412, 0x0413, 0x0414, 0x0416, 0x0417,
    0x041A, 0x041E, 0x0420, 0x0421, 0x0422, 0x0423, 0x0424, 0x0425, 0x0426, 0x0429, 0x042A, 0x042C,
    0x042D, 0x042E, 0x0430, 0x0431, 0x0432, 0x0433, 0x0434, 0x0435, 0x0436, 0x0437, 0x0438, 0x0439,
    0x043A, 0x043B, 0x043C, 0x043D, 0x043E, 0x043F, 0x0440, 0x0441, 0x0442, 0x0443, 0x0444, 0x0445,
    0x0446, 0x0447, 0x0448, 0x0449, 0x044A, 0x044B, 0x044C, 0x044D, 0x044E, 0x044F, 0x0450, 0x0451,
    0x0452, 0x0453, 0x0454, 0x0455, 0x0457, 0x0458, 0x0459, 0x045A, 0x045B, 0x045C, 0x045D, 0x045E,
    0x045F, 0x0460, 0x0461, 0x0462, 0x0463, 0x0464, 0x0466, 0x0467, 0x0468, 0x0469, 0x046E, 0x046F,
    0x0472, 0x0473, 0x0474, 0x0475, 0x0476, 0x0477, 0x0478, 0x0479, 0x047A, 0x047B, 0x047C, 0x047D,
    0x047E, 0x047F, 0x0480, 0x048A, 0x048B, 0x048C, 0x048D, 0x048E, 0x048F, 0x0490, 0x0491, 0x0492,
    0x0493, 0x0495, 0x0496, 0x0497, 0x0498, 0x0499, 0x049A, 0x049B, 0x049C, 0x049D, 0x049E, 0x049F,
    0x04A0, 0x04A1, 0x04A2, 0x04A3, 0x04A4, 0x04A5, 0x04A7, 0x04A9, 0x04AA, 0x04AC, 0x04AD, 0x04AE,
    0x04AF, 0x04B0, 0x04B1, 0x04B2, 0x04B3, 0x04B4, 0x04B5, 0x04B6, 0x04B7, 0x04BB, 0x04BC, 0x04BD,
    0x04BE, 0x04BF, 0x04C1, 0x04C2, 0x04C4, 0x04C5, 0x04C6, 0x04C9, 0x04CA, 0x04CD, 0x04CE, 0x04D0,
    0x04D1, 0x04D2, 0x04D3, 0x04D5, 0x04D7, 0x04D8, 0x04D9, 0x04DA, 0x04DB, 0x04DC, 0x04DD, 0x04DE,
    0x04DF, 0x04E6, 0x04E7, 0x04E8, 0x04E9, 0x04EA, 0x04EB, 0x04EC, 0x04ED, 0x04EE, 0x04EF, 0x04F0,
    0x04F1, 0x04F2, 0x04F3, 0x04F5, 0x04F6, 0x04F7, 0x04F9, 0x04FA, 0x04FB, 0x04FC, 0x04FD, 0x04FE,
    0x04FF, 0x1EA0, 0x1EA1, 0x1EA2, 0x1EA3, 0x1EA4, 0x1EA5, 0x1EA6, 0x1EA7, 0x1EA8, 0x1EA9, 0x1EAA,
    0x1EAB, 0x1EAC, 0x1EAD, 0x1EAE, 0x1EAF, 0x1EB0, 0x1EB1, 0x1EB2, 0x1EB3, 0x1EB4, 0x1EB5, 0x1EB6,
    0x1EB7, 0x1EB8, 0x1EB9, 0x1EBA, 0x1EBB, 0x1EBC, 0x1EBD, 0x1EBE, 0x1EBF, 0x1EC0, 0x1EC1, 0x1EC2,
    0x1EC3, 0x1EC4, 0x1EC5, 0x1EC6, 0x1EC7, 0x1ECC, 0x1ECD, 0x1ECE, 0x1ECF, 0x1ED0, 0x1ED1, 0x1ED2,
    0x1ED3, 0x1ED4, 0x1ED5, 0x1ED6, 0x1ED7, 0x1ED8, 0x1ED9, 0x1EDA, 0x1EDB, 0x1EDC, 0x1EDD, 0x1EDE,
    0x1EDF, 0x1EE0, 0x1EE1, 0x1EE2, 0x1EE3, 0x1EE4, 0x1EE6, 0x1EE8, 0x1EE9, 0x1EEA, 0x1EEB, 0x1EEC,
    0x1EED, 0x1EEE, 0x1EEF, 0x1EF0, 0x1EF1, 0x1EF2, 0x1EF3, 0x1EF4, 0x1EF5, 0x1EF6, 0x1EF7, 0x1EF8,
    0x1EF9, 0x2013, 0x2014, 0x2015, 0x2018, 0x2019, 0x201A, 0x201C, 0x201D, 0x201E, 0x2039, 0x203A,
    0x207D, 0x208D, 0xFB00,
};

static const uint8_t notosans_16_bolditalicKernLeftClassIds[] = {
      1,   2,   3,   2,   4,   5,   6,   5,   7,   8,   9,  10,  11,  12,  13,  14,
     10,  15,  10,  16,  17,  18,  19,  19,  13,  20,  21,   4,  22,  23,  24,  25,
     24,  26,  27,  24,  24,  28,  29,  30,  30,  27,  30,   4,  31,  32,  33,  34,
      7,   7,   7,   7,   7,   7,  11,   9,  11,  11,  11,  11,  10,  10,  10,  10,
     10,  10,  10,  18,  18,  18,  18,  20,  15,  23,  23,  23,  23,  23,  23,  24,
     24,  24,  24,  24,  35,  24,  24,  24,  24,  24,  24,  24,  30,  24,  30,   7,
     23,   7,  23,   7,  23,   9,   9,   9,   9,  10,  36,  10,  11,  24,  11,  24,
     11,  24,  11,  24,  11,  24,  37,  35,  38,  13,  27,  27,  14,  14,  14,  36,
     14,  14,  10,  24,  10,  24,  10,  24,  11,  24,  28,  28,  28,  17,  29,  17,
     39,  17,  29,  18,  18,  18,  18,  18,  18,  19,  30,  20,  30,  20,  21,  21,
     21,  40,  41,  42,  43,  35,   7,  23,  11,  24,  10,  24,  35,  17,  29,  44,
     45,  46,  47,  48,  44,  44,  49,  50,  51,  52,  53,  54,  45,  55,  50,  54,
     50,  56,  57,  46,  45,  51,  58,  50,  55,  55,  44,  44,  56,  56,  59,  60,
     61,  62,  63,  62,  64,  61,  59,  59,  65,  59,  59,  59,  66,  67,  66,  64,
     67,  68,  66,  65,  69,  59,  59,  69,  70,  59,  70,  66,  66,  59,  62,  62,
     71,  62,  64,  72,  73,  74,  70,  70,  67,  65,  59,  75,  59,  51,  76,  77,
     70,  46,  52,  78,  52,  78,  54,  61,  56,  66,  51,  76,  51,  76,  68,  68,
     56,  66,  56,  66,  51,  76,  46,  55,  63,  77,  70,  57,  66,  79,  80,  81,
     82,  83,  84,  85,  54,  61,  84,  85,  50,  64,  50,  64,  50,  64,  55,  63,
     81,  80,  83,  66,  46,  79,  63,  86,  87,  86,  87,  84,  85,  55,  63,  55,
     63,  83,  88,  62,  88,  62,  50,  64,  64,  55,  63,  55,  63,  55,  63,  52,
     23,  52,  23,  62,  62,  56,  66,  56,  66,  50,  64,  54,  61,  56,  66,  56,
     66,  56,  66,  56,  66,  51,  68,  51,  68,  51,  68,  59,  79,  80,  59,  81,
     82,  84,  85,  50,  85,   7,  23,   7,  23,   7,  23,   7,  23,   7,  23,   7,
     23,   7,  23,   7,  23,   7,  23,   7,  23,   7,  23,   7,  23,  11,  24,  11,
     24,  11,  24,  11,  24,  11,  24,  11,  24,  11,  24,  11,  24,  10,  24,  10,
     24,  10,  24,  10,  24,  10,  24,  10,  24,  10,  24,  40,  41,  40,  41,  40,
     41,  40,  41,  40,  41,  18,  18,  42,  43,  42,  43,  42,  43,  42,  43,  42,
     43,  20,  30,  20,  30,  20,  30,  20,  30,   6,   6,   6,   2,   2,   5,   2,
      2,   5,  32,  33,  89,  90,  26,
};

static const uint16_t notosans_16_bolditalicKernRightCodepoints[] = {
    0x0021, 0x0022, 0x0026, 0x0027, 0x0029, 0x002C, 0x002D, 0x002E, 0x003A, 0x003B, 0x003F, 0x0041,
    0x0043, 0x0047, 0x0049, 0x004A, 0x004F, 0x0051, 0x0053, 0x0054, 0x0055, 0x0056, 0x0057, 0x0058,
    0x0059, 0x005A, 0x005D, 0x0061, 0x0063, 0x0064, 0x0065, 0x0066, 0x0067, 0x006A, 0x006D, 0x006E,
    0x006F, 0x0070, 0x0071, 0x0072, 0x0073, 0x0074, 0x0075, 0x0076, 0x0077, 0x0079, 0x007A, 0x007D,
    0x00AB, 0x00BB, 0x00C0, 0x00C1, 0x00C2, 0x00C3, 0x00C4, 0x00C5, 0x00C6, 0x00C7, 0x00D2, 0x00D3,
    0x00D4, 0x00D5, 0x00D6, 0x00D8, 0x00D9, 0x00DA, 0x00DB, 0x00DC, 0x00DD, 0x00DF, 0x00E0, 0x00E1,
    0x00E2, 0x00E3, 0x00E4, 0x00E5, 0x00E6, 0x00E7, 0x00E8, 0x00E9, 0x00EA, 0x00EB, 0x00F1, 0x00F2,
    0x00F3, 0x00F4, 0x00F5, 0x00F6, 0x00F8, 0x00F9, 0x00FA, 0x00FB, 0x00FC, 0x00FD, 0x00FF, 0x0100,
    0x0101, 0x0102, 0x0103, 0x0104, 0x0105, 0x0106, 0x0107, 0x0108, 0x0109, 0x010A, 0x010B, 0x010C,
    0x010D, 0x010F, 0x0111, 0x0113, 0x0115, 0x0117, 0x0119, 0x011B, 0x011C, 0x011D, 0x011E, 0x011F,
    0x0120, 0x0121, 0x0122, 0x0123, 0x0127, 0x0129, 0x0135, 0x0138, 0x0144, 0x0146, 0x0148, 0x014B,
    0x014C, 0x014D, 0x014E, 0x014F, 0x0150, 0x0151, 0x0152, 0x0153, 0x0155, 0x0157, 0x015B, 0x015D,
    0x015F, 0x0161, 0x0162, 0x0163, 0x0164, 0x0165, 0x0166, 0x0167, 0x0168, 0x0169, 0x016A, 0x016B,
    0x016C, 0x016D, 0x016E, 0x016F, 0x0170, 0x0171, 0x0172, 0x0173, 0x0174, 0x0175, 0x0176, 0x0177,
    0x0178, 0x0179, 0x017A, 0x017B, 0x017C, 0x017D, 0x017E, 0x01A0, 0x01A1, 0x01AF, 0x01B0, 0x01FA,
    0x01FB, 0x01FC, 0x01FD, 0x01FE, 0x01FF, 0x0219, 0x021A, 0x021B, 0x0402, 0x0404, 0x0405, 0x0408,
    0x0409, 0x040B, 0x040E, 0x0410, 0x0414, 0x0416, 0x0417, 0x041B, 0x041E, 0x0421, 0x0422, 0x0423,
    0x0424, 0x0425, 0x0427, 0x042A, 0x042D, 0x042F, 0x0430, 0x0431, 0x0432, 0x0433, 0x0434, 0x0435,
    0x0436, 0x0437, 0x0438, 0x0439, 0x043A, 0x043B, 0x043C, 0x043D, 0x043E, 0x043F, 0x0440, 0x0441,
    0x0442, 0x0443, 0x0444, 0x0445, 0x0446, 0x0447, 0x0448, 0x0449, 0x044A, 0x044B, 0x044C, 0x044D,
    0x044E, 0x044F, 0x0450, 0x0451, 0x0452, 0x0453, 0x0454, 0x0455, 0x0457, 0x0458, 0x0459, 0x045A,
    0x045B, 0x045C, 0x045D, 0x045E, 0x045F, 0x0460, 0x0461, 0x0462, 0x0465, 0x0466, 0x0467, 0x0469,
    0x046D, 0x046E, 0x046F, 0x0470, 0x0471, 0x0472, 0x0473, 0x0474, 0x0475, 0x0476, 0x0477, 0x0478,
    0x0479, 0x047A, 0x047B, 0x047C, 0x047D, 0x047E, 0x047F, 0x0480, 0x0481, 0x048B, 0x048C, 0x048D,
    0x048F, 0x0491, 0x0492, 0x0495, 0x0496, 0x0497, 0x0498, 0x0499, 0x049B, 0x049D, 0x049E, 0x049F,
    0x04A0, 0x04A1, 0x04A3, 0x04A5, 0x04A7, 0x04A8, 0x04A9, 0x04AA, 0x04AB, 0x04AC, 0x04AD, 0x04AE,
    0x04AF, 0x04B0, 0x04B1, 0x04B2, 0x04B3, 0x04B4, 0x04B5, 0x04B6, 0x04B7, 0x04B8, 0x04B9, 0x04BB,
    0x04BC, 0x04BD, 0x04BE, 0x04BF, 0x04C1, 0x04C2, 0x04C4, 0x04C5, 0x04C6, 0x04C8, 0x04CA, 0x04CB,
    0x04CC, 0x04CE, 0x04D0, 0x04D1, 0x04D2, 0x04D3, 0x04D4, 0x04D5, 0x04D7, 0x04D8, 0x04D9, 0x04DA,
    0x04DB, 0x04DC, 0x04DD, 0x04DE, 0x04DF, 0x04E3, 0x04E5, 0x04E6, 0x04E7, 0x04E8, 0x04E9, 0x04EA,
    0x04EB, 0x04EC, 0x04ED, 0x04EE, 0x04EF, 0x04F0, 0x04F1, 0x04F2, 0x04F3, 0x04F4, 0x04F5, 0x04F7,
    0x04F9, 0x04FA, 0x04FC, 0x04FD, 0x04FE, 0x04FF, 0x1EA0, 0x1EA1, 0x1EA2, 0x1EA3, 0x1EA4, 0x1EA5,
    0x1EA6, 0x1EA7, 0x1EA8, 0x1EA9, 0x1EAA, 0x1EAB, 0x1EAC, 0x1EAD, 0x1EAE, 0x1EAF, 0x1EB0, 0x1EB1,
    0x1EB2, 0x1EB3, 0x1EB4, 0x1EB5, 0x1EB6, 0x1EB7, 0x1EB9, 0x1EBB, 0x1EBD, 0x1EBF, 0x1EC1, 0x1EC3,
    0x1EC5, 0x1EC7, 0x1ECC, 0x1ECD, 0x1ECE, 0x1ECF, 0x1ED0, 0x1ED1, 0x1ED2, 0x1ED3, 0x1ED4, 0x1ED5,
    0x1ED6, 0x1ED7, 0x1ED8, 0x1ED9, 0x1EDA, 0x1EDB, 0x1EDC, 0x1EDD, 0x1EDE, 0x1EDF, 0x1EE0, 0x1EE1,
    0x1EE2, 0x1EE3, 0x1EE4, 0x1EE5, 0x1EE6, 0x1EE7, 0x1EE8, 0x1EE9, 0x1EEA, 0x1EEB, 0x1EEC, 0x1EED,
    0x1EEE, 0x1EEF, 0x1EF0, 0x1EF1, 0x1EF2, 0x1EF3, 0x1EF4, 0x1EF5, 0x1EF6, 0x1EF7, 0x1EF8, 0x1EF9,
    0x2013, 0x2014, 0x2015, 0x2018, 0x2019, 0x201A, 0x201C, 0x201D, 0x201E, 0x2026, 0x2039, 0x203A,
    0x207E, 0x208E, 0xFB00,
};

static const uint8_t notosans_16_bolditalicKernRightClassIds[] = {
      1,   2,   3,   2,   4,   5,   6,   5,   7,   7,   8,   9,  10,  10,  11,  12,
     10,  10,  13,  14,  15,  16,  16,  17,  18,  19,   4,  20,  21,  21,  21,  22,
     23,  24,  25,  25,  21,  25,  21,  25,  26,  27,  25,  28,  28,  28,  29,   4,
     30,  31,   9,   9,   9,   9,   9,   9,  32,  10,  10,  10,  10,  10,  10,  10,
     15,  15,  15,  15,  18,  24,  21,  20,  20,  20,  20,  20,  20,  21,  21,  21,
     21,  21,  25,  21,  21,  21,  21,  21,  21,  25,  25,  25,  25,  28,  28,   9,
     20,   9,  20,   9,  20,  10,  21,  10,  21,  10,  21,  10,  21,  21,  21,  21,
     21,  21,  21,  21,  10,  23,  10,  23,  10,  23,  10,  23,  33,  34,  24,  25,
     25,  25,  25,  25,  10,  21,  10,  21,  10,  21,  10,  21,  25,  25,  26,  26,
     26,  26,  14,  27,  14,  27,  14,  27,  15,  25,  15,  25,  15,  25,  15,  25,
     15,  25,  15,  25,  16,  28,  18,  28,  18,  19,  29,  19,  29,  19,  29,  10,
     21,  15,  25,   9,  20,  32,  20,  10,  21,  26,  14,  27,  35,  36,  37,  38,
     39,  35,  40,  41,  42,  43,  44,  39,  36,  36,  35,  40,  45,  43,  46,  35,
     44,  47,  48,  49,  48,  50,  51,  48,  52,  50,  53,  53,  54,  55,  54,  54,
     48,  54,  54,  48,  54,  56,  48,  57,  53,  58,  53,  53,  59,  53,  53,  52,
     54,  60,  48,  48,  61,  50,  48,  62,  63,  64,  55,  54,  61,  54,  53,  65,
     53,  66,  67,  68,  69,  41,  70,  69,  69,  44,  50,  46,  69,  71,  72,  66,
     67,  66,  67,  71,  72,  71,  72,  71,  72,  66,  67,  71,  72,  69,  68,  61,
     69,  69,  68,  69,  43,  50,  44,  50,  69,  69,  68,  61,  73,  59,  69,  69,
     69,  71,  72,  71,  72,  35,  69,  74,  75,  74,  75,  43,  52,  73,  59,  46,
     58,  46,  58,  69,  76,  77,  76,  77,  43,  52,  69,  78,  70,  69,  69,  46,
     58,  69,  41,  79,  41,  79,  41,  79,  72,  80,  50,  80,  50,  43,  52,  44,
     50,  69,  69,  71,  72,  71,  72,  71,  72,  44,  52,  40,  56,  40,  56,  40,
     56,  46,  58,  69,  53,  68,  43,  52,  43,  52,   9,  20,   9,  20,   9,  20,
      9,  20,   9,  20,   9,  20,   9,  20,   9,  20,   9,  20,   9,  20,   9,  20,
      9,  20,  21,  21,  21,  21,  21,  21,  21,  21,  10,  21,  10,  21,  10,  21,
     10,  21,  10,  21,  10,  21,  10,  21,  10,  21,  10,  21,  10,  21,  10,  21,
     10,  21,  15,  25,  15,  25,  15,  25,  15,  25,  15,  25,  15,  25,  15,  25,
     18,  28,  18,  28,  18,  28,  18,  28,   6,   6,   6,  81,   2,   5,  81,   2,
      5,   5,  30,  31,  82,  83,  22,
};

static const uint16_t notosans_16_bolditalicKernRowOffsets[] = {
        0,     2,    32,    35,    50,    65,    78,    84,    85,    88,    96,    97,   100,   102,   109,   115,
      116,   132,   134,   146,   160,   163,   164,   165,   168,   169,   171,   172,   177,   179,   182,   185,
      192,   200,   204,   205,   211,   213,   214,   219,   226,   232,   246,   254,   270,   299,   309,   314,
      316,   323,   342,   371,   395,   409,   423,   439,   452,   468,   487,   488,   504,   514,   522,   527,
      535,   545,   561,   570,   582,   600,   619,   628,   633,   641,   643,   655,   657,   664,   676,   700,
      704,   722,   726,   734,   741,   743,   758,   760,   763,   764,   765,
};

static const uint8_t notosans_16_bolditalicKernSparseCols[] = {
     70,  71,   8,  13,  15,  17,  19,  20,  22,  24,  25,  33,  34,  36,  38,  39,
     40,  41,  42,  43,  45,  49,  54,  55,  60,  62,  64,  68,  69,  71,  77,  78,
     13,  15,  17,  11,  21,  23,  34,  37,  38,  41,  42,  43,  44,  55,  60,  62,
     63,  64,   9,  13,  14,  15,  17,  34,  44,  45,  57,  58,  65,  70,  72,  73,
     75,  13,  34,  39,  41,  42,  45,  54,  55,  56,  57,  58,  64,  72,   1,   9,
     11,  13,  15,  17,   4,   2,   9,  29,   4,   8,  13,  15,  16,  17,  18,  36,
     11,   4,   7,   8,   9,  29,   1,   9,  13,  14,  15,  17,  29,   2,   4,   8,
     16,  18,  29,  29,   2,   4,   5,   7,   8,   9,  13,  19,  20,  22,  24,  25,
     27,  28,  29,  30,   4,   8,   2,   4,   7,   8,   9,  19,  20,  22,  24,  25,
     29,  30,   2,   4,   7,   8,   9,  19,  20,  22,  24,  25,  28,  29,  30,  31,
      2,   9,  29,  11,   1,   1,  27,  28,   1,   1,   3,  20,   1,   4,  19,  20,
     22,   1,   3,   1,   4,   7,  11,  13,  17,  13,  15,  17,  34,  39,  45,  72,
     13,  15,  17,  34,  39,  42,  45,  72,  11,  13,  15,  17,   3,   0,   1,   3,
      7,  32,  80,   3,  33,  11,   0,   1,   3,   7,  80,   7,  12,  13,  15,  16,
     17,  20,   1,  21,  25,  26,  27,  80,   1,   4,   7,   8,  10,  12,  13,  15,
     16,  17,  19,  20,  24,  80,   1,   4,   7,  21,  25,  26,  27,  80,   1,   3,
      4,  34,  35,  39,  42,  44,  45,  46,  51,  55,  57,  58,  64,  80,   3,   4,
      5,   6,  30,  34,  35,  38,  40,  41,  43,  44,  46,  47,  49,  50,  51,  52,
     53,  54,  55,  56,  57,  58,  59,  60,  61,  62,  64,  29,  35,  37,  44,  45,
     47,  50,  57,  70,  75,   4,  44,  45,  57,  80,  37,  63,   1,  34,  39,  45,
     57,  58,  80,   3,   4,   5,  29,  35,  37,  41,  44,  45,  47,  50,  52,  55,
     57,  58,  62,  64,  70,  75,   4,   5,   6,  29,  30,  35,  38,  40,  41,  44,
     46,  47,  48,  49,  50,  52,  53,  54,  57,  59,  60,  61,  62,  69,  70,  71,
     75,  76,  77,   1,  34,  35,  37,  38,  39,  44,  45,  47,  48,  50,  52,  54,
     55,  57,  58,  64,  65,  67,  72,  73,  75,  79,  80,   1,  35,  40,  42,  44,
     45,  51,  55,  56,  57,  58,  64,  75,  80,   4,  34,  36,  39,  40,  42,  43,
     44,  45,  46,  51,  57,  65,  73,   3,  34,  35,  37,  38,  40,  41,  42,  44,
     45,  54,  55,  57,  58,  63,  64,   4,  34,  39,  40,  42,  43,  45,  46,  57,
     65,  69,  72,  73,   4,   5,  29,  34,  38,  39,  40,  41,  42,  43,  46,  47,
     50,  54,  69,  77,   3,   4,   6,  34,  36,  38,  39,  40,  41,  42,  43,  45,
     46,  54,  65,  69,  72,  73,  77,  34,   1,   4,  34,  39,  42,  45,  49,  51,
     55,  56,  57,  58,  59,  61,  64,  80,   4,  34,  45,  49,  51,  55,  57,  58,
     59,  64,   1,  34,  45,  47,  50,  55,  57,  64,   1,   4,  34,  42,  56,  34,
     45,  47,  50,  54,  57,  71,  76,   4,   5,  34,  45,  47,  48,  50,  52,  57,
     80,   1,   4,  34,  39,  42,  45,  49,  51,  55,  56,  57,  58,  59,  61,  64,
     80,   1,  34,  42,  45,  55,  57,  58,  64,  80,   4,   5,  34,  38,  40,  42,
     47,  50,  54,  59,  69,  80,   1,   3,  34,  37,  38,  40,  41,  42,  44,  45,
     52,  54,  55,  57,  58,  63,  64,  80,   1,  34,  35,  38,  39,  41,  45,  48,
     51,  52,  55,  56,  57,  58,  64,  66,  74,  76,  80,   1,  34,  37,  55,  57,
     58,  63,  64,  80,  34,  39,  47,  50,  57,   1,   3,  34,  39,  42,  60,  62,
     80,  37,  63,   4,   5,  34,  38,  40,  42,  47,  50,  54,  59,  69,  80,   4,
     69,   1,  34,  45,  58,  65,  72,  73,   1,  55,  57,  58,  59,  64,  66,  68,
     71,  74,  76,  78,   4,   5,  29,  30,  34,  40,  44,  49,  51,  55,  57,  58,
     59,  61,  64,  66,  68,  69,  70,  71,  74,  75,  76,  77,   4,   5,  69,  71,
      4,   5,  34,  40,  44,  49,  51,  57,  60,  61,  68,  69,  70,  71,  72,  75,
     76,  77,   4,  66,  69,  71,   1,  55,  57,  58,  64,  66,  74,  76,  37,  44,
     57,  58,  70,  75,  76,  57,  71,   4,  40,  44,  49,  57,  59,  60,  68,  69,
     70,  71,  76,  77,  78,  79,   4,  69,  34,  65,  73,  81,  82,
};

static const int8_t notosans_16_bolditalicKernSparseValues[] = {
     -11,  -11,  -37,   11,   11,    5,  -21,  -32,  -16,  -16,  -16,   34,   11,   16,  -26,   16,
     -37,  -32,   16,   21,   11,    5,  -16,   11,   21,   21,   11,   -5,  -37,  -32,  -32,  -11,
     -32,  -21,  -32,   48,   21,   21,   16,   58,   -5,   21,   11,   16,  -11,   16,   21,   16,
      48,   16,  -26,  -37,  -11,  -32,  -32,  -32,  -21,  -42,  -32,  -26,  -32,  -26,  -37,  -32,
     -32,  -21,  -21,  -11,   -5,  -11,  -26,   -5,   -5,   -5,  -11,  -11,   -5,  -21,  -37,  -11,
      40,  -26,   -5,  -16,  -11,   -5,  -11,  -11,  -21,  -11,  -16,   -5,  -11,   -5,   -5,   -5,
      32,  -32,   11,  -11,  -11,  -11,  -42,  -11,  -21,   -5,  -11,  -21,  -21,  -11,  -69,  -26,
     -11,   -5,   -5,   -5,  -11,  -32,  -21,   11,  -26,  -11,    5,  -42,  -37,  -37,  -26,  -32,
     -11,  -21,  -32,  -21,  -11,   -5,   -5,  -26,   11,   -5,   -5,  -11,  -11,   -5,   -5,   -5,
     -21,  -11,  -16,  -32,   11,  -16,  -11,  -26,  -26,  -11,  -16,  -21,  -11,  -21,  -21,  -11,
     -11,   -5,   -5,   57,   -5,   -5,  -11,   -5,   11,   32,   21,  -11,   21,  -60,  -11,  -11,
      -5,   11,   11,   21,  -21,   11,   32,  -11,   -5,  -21,  -11,  -21,  -21,   -5,  -11,  -16,
     -32,  -21,  -21,  -32,  -11,  -11,  -32,  -21,   53,  -26,   -5,  -16,   21,   32,   40,   46,
      42,   37,   18,   21,   61,   26,   20,   31,   41,   20,   10,   16,   11,   16,   21,   16,
      32,   11,   11,   21,   11,   21,   26,   32,   11,  -21,   26,  -11,   16,   11,   37,   42,
      32,   42,  -11,    5,   -5,   11,   11,   -5,   11,   26,   11,   26,   26,   26,  -42,   -5,
     -11,  -37,   -5,  -11,   -5,   -5,  -42,   -5,   -5,  -16,  -16,  -32,  -16,  -37,   16,  -32,
     -21,  -11,  -21,    5,  -11,  -32,  -26,  -32,    5,  -18,   -5,  -37,  -11,  -50,  -10,  -16,
     -16,  -37,   -7,  -11,  -20,   -7,  -16,   26,  -16,   11,  -15,  -11,   -5,   11,  -11,   -5,
      -5,   -5,  -11,  -11,  -11,   -5,   -5,  -11,   -8,   -5,   26,   16,  -42,  -37,  -11,  -42,
     -16,  -26,  -26,   11,   -5,  -16,  -11,  -13,   11,    5,  -21,  -11,   -5,  -11,   -5,   -5,
     -16,   -5,    5,   -5,  -11,  -26,  -42,  -11,  -11,  -21,  -11,  -11,  -39,  -39,  -37,  -16,
     -16,  -16,  -11,   -5,  -25,   -5,  -11,  -30,  -11,   -5,   30,  -11,   11,  -21,   -5,  -11,
     -11,  -16,  -26,  -37,  -32,  -21,   16,   11,  -14,  -21,  -48,   -5,   -5,   -5,   -5,    7,
     -16,  -32,  -32,  -16,  -21,  -11,  -26,  -32,  -26,  -11,  -37,  -11,   -5,   -5,   -5,   -5,
     -11,   -5,  -16,   -5,  -16,  -21,  -16,  -11,  -11,  -11,  -11,   -5,   -5,   -5,   -5,   -5,
      -5,  -11,   -5,   -5,   -5,   -5,   -5,   21,   -5,   -5,   63,   16,    8,   16,    5,   -5,
     -16,   21,   16,  -21,  -11,   53,   16,  -21,  -21,  -21,  -11,  -13,   -5,  -11,   -5,   -5,
      -5,   -5,   -5,   -5,  -69,   -5,   -5,  -11,  -26,  -16,  -26,  -26,  -16,   -5,   -5,   -5,
      -5,  -21,  -26,  -32,  -11,  -21,   -5,  -26,   -5,  -11,  -29,  -11,   -8,  -21,  -11,  -11,
     -16,  -11,   -5,   -5,  -11,  -16,  -11,  -16,   -5,  -11,  -55,  -16,   -5,  -16,   -5,  -11,
     -21,  -11,  -11,  -11,   -5,   -5,  -21,  -11,  -11,  -32,   -5,   -5,   -5,  -16,  -11,   -5,
       3,  -16,   -5,  -26,   -5,   -5,   -5,  -11,   -5,  -11,   -5,  -11,  -11,   -5,   -5,  -21,
      -5,  -11,  -11,    5,  -11,  -11,  -11,   -5,  -11,  -10,   -5,  -11,   -5,  -11,   -8,   -5,
       5,   -5,  -11,  -37,  -16,   -5,  -16,   -5,  -11,  -21,  -11,  -11,  -11,   -5,   -5,  -21,
     -11,  -16,  -21,   -5,  -11,  -26,  -11,  -11,  -26,  -21,  -21,   -5,   -7,  -16,   -5,   -5,
     -13,  -13,  -26,   -5,  -11,   11,  -11,   21,  -26,   69,   21,   11,   21,   11,  -11,  -21,
      -5,   11,    5,  -11,  -11,   39,    5,  -16,  -32,  -48,  -16,    8,   -6,    3,  -63,   -5,
      -8,   -5,  -32,   -3,  -37,  -37,  -32,  -11,  -16,  -11,  -48,  -16,  -48,   45,  -21,  -11,
     -11,   14,  -21,  -21,  -16,  -11,   -5,   -5,  -11,   21,   16,   14,   11,    5,   20,    5,
      21,   42,   16,  -21,   -5,  -15,  -16,   -5,   -5,  -13,  -13,  -26,   -5,  -11,   11,  -21,
     -11,  -21,  -21,  -32,  -11,  -16,  -26,  -16,  -37,  -16,  -16,  -26,   16,  -16,  -11,   -5,
     -11,  -11,  -11,  -11,  -32,  -21,  -32,  -21,    5,  -26,  -21,  -11,  -11,  -21,  -26,  -21,
     -16,  -32,  -21,  -11,  -26,  -32,  -11,  -37,  -21,  -26,  -37,  -26,  -26,  -11,  -16,   -5,
     -26,  -11,   11,  -32,  -16,  -11,  -11,  -26,   11,  -16,  -16,  -26,  -11,  -21,   11,  -11,
     -16,  -21,  -16,   26,  -16,  -11,  -37,  -11,  -42,  -26,  -11,  -11,  -11,  -11,  116,  -16,
     -21,  -11,  -11,  -16,  -11,   -5,   -5,  -32,  -32,  -16,  -21,  -21,  -11,   11,  -16,  -26,
     -11,  -26,  -21,  -21,  -21,   -5,  -21,   -5,  -11,   -5,   -5,   17,   20,
};

static const EpdLigaturePair notosans_16_bolditalicLigaturePairs[] = {
    { 0x00660066, 0xFB00 }, // f f -> U+FB00
    { 0x00660069, 0xFB01 }, // f i -> U+FB01
    { 0x0066006C, 0xFB02 }, // f l -> U+FB02
    { 0xFB000069, 0xFB03 }, // U+FB00 i -> U+FB03
    { 0xFB00006C, 0xFB04 }, // U+FB00 l -> U+FB04
};

static const EpdFontData notosans_16_bolditalic = {
    notosans_16_bolditalicBitmaps,
    notosans_16_bolditalicGlyphs,
    notosans_16_bolditalicIntervals,
    18,
    45,
    36,
    -10,
    true,
    notosans_16_bolditalicGroups,
    13,
    nullptr,
    nullptr,  // kernLeftClasses: built-in fonts use the split arrays below
    nullptr,  // kernRightClasses
    notosans_16_bolditalicKernLeftCodepoints,
    notosans_16_bolditalicKernLeftClassIds,
    notosans_16_bolditalicKernRightCodepoints,
    notosans_16_bolditalicKernRightClassIds,
    nullptr,  // kernMatrix: built-in fonts use the sparse form below
    notosans_16_bolditalicKernRowOffsets,
    notosans_16_bolditalicKernSparseCols,
    notosans_16_bolditalicKernSparseValues,
    471,
    471,
    90,
    83,
    notosans_16_bolditalicLigaturePairs,
    5,
};
