/**
 * generated by fontconvert.py
 * name: notosans_18_bold
 * size: 18
 * mode: 2-bit  compressed: true
 * Command used: fontconvert.py notosans_18_bold 18 ../builtinFonts/source/NotoSans/NotoSans-Bold.ttf --2bit --compress --pnum --zopfli --mono
 */
#pragma once
#include "EpdFontData.h"

static const uint8_t notosans_18_boldBitmaps[23388] = {
    0xAC, 0x94, 0x51, 0x6A, 0x24, 0x3B, 0x0C, 0x45, 0x2F, 0xF8, 0x37, 0xA0, 0xAD, 0xBC, 0x05, 0x04,
    0xB4, 0x75, 0x41, 0x16, 0x90, 0xAD, 0x08, 0xE6, 0x57, 0x70, 0x5E, 0xC9, 0xC2, 0x74, 0x3A, 0xD5,
    0x81, 0x0C, 0x4C, 0xB5, 0x7D, 0x6E, 0x63, 0x4B, 0xB7, 0x8C, 0xCB, 0x96, 0x24, 0x8A, 0x22, 0xCF,
    0xCF, 0x5F, 0xFE, 0xB4, 0x1F, 0x0B, 0x72, 0xA2, 0x3D, 0x97, 0x6E, 0xF1, 0xD1, 0xFD, 0xFE, 0x93,
    0x10, 0xBA, 0xB8, 0x4A, 0x5A, 0xC3, 0xBA, 0xD3, 0x52, 0x0E, 0x50, 0x77, 0xCA, 0xD2, 0x53, 0xCD,
    0x90, 0x3C, 0xBE, 0x11, 0x80, 0xF8, 0xCA, 0xF3, 0xC2, 0xE1, 0x1A, 0xD6, 0xF0, 0xF6, 0xDA, 0x8B,
    0x52, 0x3E, 0xC1, 0x49, 0x2D, 0x20, 0xBD, 0x01, 0x10, 0x83, 0xCC, 0x25, 0x22, 0x35, 0xA0, 0x1A,
    0x5C, 0x70, 0x4A, 0x32, 0x26, 0x0D, 0xC9, 0x21, 0x66, 0x6A, 0x90, 0x1B, 0x9E, 0xD1, 0x40, 0x49,
    0xF2, 0xE4, 0x2C, 0xDF, 0x61, 0x4A, 0xDD, 0xF0, 0xA6, 0xFD, 0xAC, 0xFD, 0x9A, 0x94, 0x51, 0x12,
    0x21, 0x07, 0x09, 0xC9, 0xFF, 0xA0, 0x45, 0x0F, 0x11, 0xAB, 0x46, 0x6D, 0xAB, 0x87, 0xE5, 0xA8,
    0x1F, 0x8D, 0x99, 0x67, 0xF4, 0x03, 0x95, 0xFC, 0xD2, 0x32, 0xE2, 0xF2, 0xB1, 0x72, 0xD2, 0xC1,
    0x12, 0xCA, 0x28, 0xCF, 0x6B, 0x6A, 0x91, 0x1E, 0x2C, 0xF4, 0x26, 0x3E, 0x5A, 0xA5, 0x26, 0xD2,
    0x62, 0xD4, 0x6A, 0xD4, 0x72, 0xD4, 0x2F, 0x5D, 0xAD, 0xA1, 0xAD, 0x84, 0xF8, 0x2C, 0x89, 0xD9,
    0xA6, 0xB5, 0x35, 0x65, 0x25, 0x19, 0x21, 0xBD, 0x4B, 0xB3, 0xE5, 0x2D, 0xC0, 0xC5, 0x05, 0x3D,
    0x63, 0x47, 0xB4, 0xA5, 0x5E, 0x09, 0xAB, 0x65, 0x71, 0xF2, 0x6A, 0x5C, 0x72, 0x24, 0x16, 0x61,
    0x23, 0x0E, 0x39, 0x52, 0x86, 0x28, 0xA7, 0x25, 0xAD, 0xD7, 0xD6, 0x33, 0x6C, 0x43, 0x48, 0x91,
    0xF2, 0x11, 0xDB, 0x23, 0x1F, 0x70, 0x8E, 0xE6, 0x08, 0x32, 0x60, 0x26, 0x73, 0x51, 0xE7, 0x1A,
    0x3C, 0x1D, 0x7A, 0x4F, 0x11, 0x0B, 0x2D, 0x64, 0xD5, 0xCD, 0x73, 0x9A, 0x88, 0x5B, 0xD3, 0xB4,
    0xFB, 0xD4, 0x23, 0x6B, 0x4C, 0xC6, 0x70, 0x26, 0x1A, 0xF7, 0xF1, 0x93, 0xF6, 0xFB, 0x36, 0x29,
    0xF7, 0xD5, 0xCE, 0xC6, 0xEA, 0xA0, 0xBE, 0xE2, 0xFD, 0x42, 0x7A, 0x96, 0x27, 0xC0, 0x03, 0x25,
    0x43, 0x92, 0x13, 0x8D, 0xD4, 0xFE, 0xF4, 0x8B, 0xF6, 0xA4, 0x6D, 0xAA, 0x93, 0xDF, 0x14, 0xE3,
    0xF2, 0x0B, 0x8C, 0xF3, 0x33, 0x7E, 0x91, 0x66, 0x58, 0x59, 0x9D, 0xBA, 0x44, 0x20, 0xC8, 0xAF,
    0xED, 0xB9, 0x94, 0x75, 0x82, 0x64, 0x25, 0x79, 0xF7, 0x9C, 0x4E, 0xEC, 0xBE, 0x76, 0x57, 0xF7,
    0x13, 0xF6, 0xD7, 0xA1, 0x39, 0x7D, 0xCE, 0xE5, 0x7F, 0x8F, 0x12, 0x53, 0x0D, 0xE6, 0xA4, 0x3B,
    0xEB, 0x42, 0x89, 0xDC, 0x20, 0xE5, 0x1B, 0xF5, 0xF7, 0xF0, 0x0B, 0xF9, 0xB0, 0x32, 0xE6, 0x1E,
    0x10, 0x73, 0x51, 0xA0, 0xCE, 0x8D, 0xBB, 0xB0, 0x48, 0xD9, 0x1C, 0xFA, 0x45, 0x07, 0x93, 0xD0,
    0x99, 0xB3, 0x4B, 0xAB, 0x63, 0xFE, 0x49, 0x7F, 0xD7, 0x29, 0x01, 0x20, 0x3F, 0xB5, 0x2F, 0x9D,
    0x45, 0x5A, 0x8A, 0x5C, 0x7B, 0x53, 0x0F, 0xF2, 0x02, 0x07, 0x8B, 0x90, 0x6C, 0x70, 0x22, 0xCE,
    0xF8, 0xCF, 0x43, 0x40, 0xF1, 0x02, 0xF3, 0x0D, 0xCE, 0x85, 0x16, 0xB3, 0xFD, 0x90, 0x96, 0x8B,
    0x5C, 0xE3, 0x23, 0x7F, 0x06, 0x31, 0x07, 0xDB, 0xA9, 0xF9, 0x73, 0xFE, 0x71, 0x0E, 0xBB, 0x38,
    0xAB, 0x7F, 0x42, 0xF4, 0x04, 0x61, 0xB7, 0xAA, 0x6F, 0x90, 0x3A, 0x0B, 0x3E, 0x18, 0x6B, 0x0E,
    0x56, 0xC3, 0x36, 0xFE, 0x5C, 0xF0, 0x06, 0x1F, 0x8D, 0x45, 0xAC, 0x86, 0x55, 0x23, 0x2F, 0x78,
    0x83, 0x68, 0xBC, 0x78, 0xE6, 0x45, 0x3F, 0xC1, 0x00, 0xF9, 0x2B, 0xA4, 0xF4, 0x1A, 0x90, 0x8D,
    0x7A, 0x04, 0x87, 0xC9, 0xC7, 0xAF, 0x03, 0x5E, 0x23, 0x7A, 0x96, 0x70, 0x02, 0x18, 0x88, 0x71,
    0xE9, 0x54, 0x35, 0xAD, 0xC1, 0x85, 0x35, 0xC8, 0xF9, 0xA0, 0xB2, 0xFA, 0xB6, 0x8C, 0xB5, 0x37,
    0x03, 0xF1, 0x09, 0xD1, 0x48, 0x68, 0x94, 0x78, 0xBE, 0x13, 0x36, 0x98, 0xDB, 0xB1, 0x51, 0x0D,
    0x3E, 0x48, 0x03, 0x72, 0xC1, 0xBC, 0x52, 0x32, 0x52, 0xFC, 0xF0, 0x94, 0x7E, 0x38, 0xA2, 0x8F,
    0x9D, 0x94, 0x64, 0x07, 0x27, 0xF6, 0x76, 0x92, 0x7F, 0x19, 0x7B, 0xCE, 0xE9, 0x73, 0x99, 0x80,
    0x9C, 0xBB, 0x9D, 0x03, 0x6F, 0x9C, 0xB1, 0x73, 0xD5, 0xA7, 0xBA, 0x08, 0x72, 0x0C, 0x8C, 0xF3,
    0x8D, 0xBC, 0x16, 0x49, 0x67, 0x10, 0xF2, 0xE2, 0x81, 0x6C, 0x8C, 0x0B, 0x83, 0xB1, 0x3A, 0x2E,
    0xA1, 0xF5, 0xDD, 0xCA, 0x88, 0xB1, 0x3A, 0x7E, 0x2F, 0x4C, 0x29, 0x6A, 0x51, 0x0E, 0x1B, 0x9F,
    0x65, 0x30, 0x23, 0xA9, 0x25, 0xCF, 0xD7, 0x3B, 0x09, 0x32, 0xA8, 0x46, 0x36, 0xE2, 0x42, 0x75,
    0xE4, 0xA3, 0x70, 0xEB, 0xF6, 0x3C, 0x97, 0x75, 0x2B, 0x2F, 0xC7, 0xF1, 0xFF, 0xAB, 0xB5, 0xB2,
    0x5C, 0x67, 0x5A, 0x1D, 0x68, 0xC9, 0x8F, 0x77, 0x60, 0x2B, 0xDF, 0x0E, 0xBC, 0x75, 0x4B, 0x67,
    0x01, 0xD9, 0x8A, 0xA5, 0xF3, 0x6A, 0xA9, 0xAE, 0x70, 0xC9, 0x4D, 0x93, 0xEE, 0xFC, 0x67, 0xBC,
    0x53, 0x07, 0xAA, 0x48, 0x43, 0x98, 0xB1, 0x31, 0x24, 0x47, 0xCA, 0xED, 0x73, 0xD5, 0x13, 0xDD,
    0xE9, 0x12, 0x33, 0xBA, 0xAB, 0x35, 0x26, 0x00, 0xD7, 0x00, 0xE3, 0x3B, 0xC4, 0xF1, 0x6D, 0xD1,
    0xC0, 0x20, 0x53, 0x0A, 0x8E, 0xFC, 0x24, 0x6E, 0x95, 0xDA, 0xFE, 0xDC, 0x25, 0xF1, 0xAE, 0x96,
    0x40, 0xB6, 0x72, 0x8D, 0xE5, 0x42, 0xBA, 0xB0, 0x0E, 0xEE, 0xB5, 0xF7, 0x96, 0xBE, 0x2E, 0xD8,
    0x6A, 0xCF, 0xFC, 0x9C, 0x25, 0x57, 0x56, 0xBD, 0xB2, 0xB1, 0x86, 0x3A, 0x06, 0xFC, 0xEF, 0x1C,
    0x9F, 0x05, 0x7A, 0x92, 0x5A, 0x94, 0x7F, 0xA2, 0x2C, 0xD1, 0x2F, 0xAB, 0xF5, 0x76, 0xBC, 0xE2,
    0x4E, 0x60, 0x76, 0x62, 0x65, 0x1A, 0x20, 0xBA, 0x4B, 0xF8, 0x15, 0x2C, 0xD0, 0x15, 0xD9, 0x0D,
    0xEC, 0x9D, 0x0A, 0x0B, 0x15, 0xF8, 0x08, 0x01, 0xC2, 0xAA, 0xDE, 0xE0, 0xE6, 0x0C, 0x88, 0xC1,
    0x37, 0x31, 0x02, 0x0E, 0x2F, 0x16, 0x48, 0xB1, 0x7E, 0xCC, 0xC6, 0xF4, 0x52, 0x73, 0xA5, 0xED,
    0x0E, 0x37, 0x76, 0x52, 0xC9, 0x77, 0x6E, 0x9C, 0x64, 0x38, 0x5B, 0xD6, 0x4B, 0xBB, 0x85, 0xBC,
    0xB1, 0x19, 0x1C, 0x34, 0x90, 0x15, 0x40, 0x32, 0x25, 0x93, 0x1A, 0x7C, 0x23, 0x36, 0x7E, 0xA7,
    0x47, 0x6D, 0x74, 0x9A, 0x46, 0x72, 0x2A, 0xA3, 0x48, 0x8B, 0xB2, 0xC8, 0x92, 0xE5, 0xA6, 0x14,
    0x05, 0x75, 0xF1, 0x41, 0x36, 0xA9, 0xCA, 0xD7, 0x2B, 0x41, 0x46, 0x93, 0xC8, 0x20, 0x71, 0x87,
    0xF2, 0x44, 0x82, 0x40, 0x90, 0x7A, 0xCE, 0xF8, 0xDA, 0x11, 0x22, 0xC6, 0x04, 0xAA, 0x8B, 0xB1,
    0xA0, 0x45, 0xB3, 0x32, 0x5D, 0xC1, 0xFA, 0x2D, 0xE5, 0x06, 0x13, 0xDF, 0x83, 0xE1, 0x78, 0x72,
    0xD3, 0xAB, 0x79, 0x2C, 0x61, 0x20, 0xDB, 0x8A, 0x40, 0x6B, 0x13, 0x88, 0x22, 0xAB, 0x35, 0x2E,
    0x7F, 0xE7, 0xAC, 0x15, 0xCB, 0x85, 0x20, 0xC6, 0xA7, 0x31, 0x9F, 0x72, 0x60, 0x9E, 0x95, 0xBF,
    0xCA, 0x00, 0x1E, 0x10, 0x96, 0x2B, 0x44, 0x2B, 0x54, 0xF6, 0x14, 0x97, 0x61, 0x57, 0x30, 0x0A,
    0xB3, 0x10, 0xB4, 0x43, 0x9C, 0x1B, 0xB4, 0x03, 0x65, 0xC3, 0x9C, 0x68, 0x2F, 0x10, 0xC4, 0xD8,
    0xB0, 0xF3, 0xA1, 0xDC, 0x6E, 0x8B, 0xF9, 0x54, 0x6E, 0x14, 0xCA, 0x44, 0x2F, 0xBC, 0x3E, 0x21,
    0x72, 0xEB, 0x81, 0xDC, 0xFC, 0x7D, 0x3A, 0xFA, 0xCF, 0x3E, 0x21, 0xF2, 0xF3, 0xF2, 0xAE, 0xBE,
    0x0D, 0x6B, 0x50, 0xAF, 0xF4, 0x7C, 0x8A, 0x63, 0x9E, 0x38, 0xBC, 0xA4, 0xA6, 0x97, 0x24, 0xBB,
    0x9B, 0x27, 0xB1, 0x21, 0x10, 0xAF, 0x90, 0x76, 0xC2, 0x86, 0x98, 0x38, 0xE0, 0x85, 0x50, 0x84,
    0xA2, 0x4B, 0xEF, 0x9A, 0x50, 0xE3, 0x73, 0x34, 0x7F, 0x84, 0x00, 0x70, 0x87, 0x8C, 0xFD, 0x39,
    0x02, 0xDE, 0xDE, 0x00, 0x8A, 0x7F, 0xF8, 0x8F, 0xBD, 0xB2, 0x23, 0xE4, 0x9C, 0xBF, 0x0C, 0xFC,
    0x5B, 0x9C, 0x01, 0xC8, 0x72, 0x01, 0x38, 0x52, 0x9E, 0x96, 0xC9, 0xE0, 0x62, 0xCC, 0x89, 0x98,
    0xA8, 0x33, 0x10, 0x03, 0x5E, 0x28, 0xC2, 0x41, 0x46, 0x60, 0xE2, 0x3B, 0xA2, 0x90, 0xCB, 0x87,
    0x18, 0x0B, 0x2B, 0x4D, 0x1A, 0xE4, 0xF8, 0x2D, 0xF3, 0xD1, 0xC2, 0x76, 0xB9, 0x4A, 0x1C, 0x20,
    0x52, 0x14, 0x10, 0x29, 0x70, 0xFF, 0x73, 0x00, 0xC0, 0xEF, 0x81, 0x9A, 0x0A, 0xF0, 0x2B, 0x63,
    0x72, 0xEC, 0xFC, 0x08, 0xD1, 0xE2, 0x5C, 0x9C, 0x70, 0xBC, 0xA5, 0x8C, 0x62, 0x2C, 0x0E, 0x38,
    0xDE, 0x21, 0x36, 0x39, 0x0E, 0x76, 0x73, 0x32, 0x8A, 0xAD, 0x39, 0x20, 0xC5, 0xEF, 0xE4, 0xD1,
    0x8C, 0xDC, 0x58, 0x0F, 0x8E, 0x1B, 0x2E, 0x98, 0x8C, 0x3E, 0x85, 0x5A, 0x18, 0x27, 0xCC, 0x42,
    0x4C, 0x7C, 0x14, 0xBE, 0xC1, 0x1B, 0x99, 0x5B, 0xA3, 0xA5, 0x02, 0x61, 0x98, 0x38, 0x0A, 0x15,
    0x6F, 0x07, 0x0A, 0xDE, 0x0B, 0x63, 0xA2, 0xE5, 0x5A, 0xFD, 0xA3, 0x50, 0x4F, 0x28, 0x67, 0x34,
    0xB4, 0x8E, 0x53, 0xD0, 0x28, 0x59, 0xF2, 0x3A, 0x5A, 0x8B, 0x0F, 0xA4, 0x82, 0x9A, 0xCE, 0x30,
    0x9D, 0x8C, 0x67, 0xF5, 0x8D, 0x22, 0xCE, 0xA6, 0x2F, 0x11, 0x7F, 0xB7, 0x67, 0x66, 0x2C, 0x81,
    0xE5, 0xF5, 0xE6, 0x81, 0x75, 0xE9, 0x9A, 0x75, 0x3D, 0xB5, 0xDF, 0x85, 0xEC, 0x7A, 0x3F, 0x08,
    0xD1, 0xF6, 0xDB, 0x2D, 0x30, 0xD6, 0x2E, 0xF6, 0x34, 0x80, 0xF8, 0xC6, 0xEC, 0xFE, 0xBF, 0xEF,
    0x4A, 0x48, 0xEF, 0x38, 0x16, 0x29, 0xD8, 0x34, 0x64, 0x91, 0x75, 0x9A, 0x58, 0x9B, 0x8E, 0xA7,
    0xAD, 0x47, 0x18, 0x72, 0x97, 0x3D, 0x2F, 0x51, 0x5B, 0x57, 0xAD, 0x1C, 0x52, 0x76, 0x8C, 0x81,
    0xC6, 0x5D, 0xB6, 0xD1, 0x75, 0x6E, 0xB8, 0x4A, 0xB8, 0xD8, 0xAD, 0x5E, 0x3F, 0xAC, 0x5E, 0x01,
    0x94, 0x29, 0x2F, 0xC3, 0x98, 0x72, 0x3E, 0x92, 0x19, 0x87, 0xA9, 0x2A, 0xC6, 0x95, 0x8C, 0x8E,
    0xD7, 0x03, 0x04, 0xEE, 0x13, 0x92, 0x83, 0x67, 0x3D, 0x87, 0x08, 0x6D, 0x73, 0xE2, 0xD5, 0xC3,
    0x4C, 0xFE, 0x53, 0x40, 0x5D, 0xFB, 0x1F, 0xC4, 0x40, 0x2C, 0xB5, 0x66, 0x10, 0x9D, 0x98, 0x1C,
    0x8D, 0xDE, 0x49, 0xB7, 0x30, 0x62, 0x47, 0x05, 0x27, 0x2E, 0xAD, 0x31, 0xCB, 0x45, 0xD9, 0xA7,
    0xA5, 0x03, 0x8B, 0x82, 0xE7, 0xD5, 0x93, 0xBC, 0x89, 0x9A, 0x5F, 0xCF, 0x14, 0xB4, 0x62, 0x9A,
    0x46, 0x51, 0xD2, 0xDE, 0x69, 0xB2, 0x22, 0xD0, 0x62, 0x7C, 0x22, 0xAE, 0x85, 0x67, 0x3A, 0xAD,
    0x08, 0x12, 0x2B, 0xD0, 0xDA, 0xB5, 0xBC, 0x18, 0x43, 0x63, 0x0B, 0xA5, 0x8C, 0x53, 0x28, 0xD9,
    0xB8, 0x73, 0xE8, 0x3D, 0x19, 0x25, 0x76, 0x0A, 0x31, 0x8B, 0x2D, 0xF4, 0x06, 0x61, 0xA1, 0xF0,
    0x0E, 0xF1, 0x23, 0xB2, 0x85, 0x78, 0xD6, 0x27, 0xA5, 0x07, 0x2B, 0x64, 0xEF, 0x28, 0xBF, 0x87,
    0xF2, 0x14, 0x1A, 0x34, 0x93, 0x91, 0xE5, 0xF7, 0x50, 0x9C, 0x42, 0x94, 0x10, 0x7A, 0x0D, 0x71,
    0xF0, 0xBC, 0xC6, 0x09, 0x94, 0x79, 0x79, 0xCC, 0x42, 0x84, 0x16, 0xB5, 0x61, 0x39, 0x58, 0x18,
    0x09, 0x96, 0xEC, 0x76, 0x12, 0xE2, 0xD4, 0xED, 0xD6, 0x24, 0xDB, 0x58, 0x44, 0xA7, 0xE4, 0xCF,
    0x49, 0x90, 0x23, 0x6B, 0x16, 0xC4, 0x62, 0xBB, 0x12, 0x63, 0x52, 0xF5, 0xED, 0x92, 0xC6, 0x02,
    0xD6, 0x9A, 0x8B, 0xDE, 0x26, 0x3E, 0x6F, 0xB2, 0xB4, 0xDD, 0xE9, 0x65, 0x25, 0xCB, 0xC6, 0xB1,
    0xE6, 0xB3, 0x68, 0x23, 0xEB, 0xB9, 0xD9, 0x7A, 0x3F, 0xC2, 0xBF, 0x3A, 0x5B, 0x44, 0xDC, 0x1C,
    0x62, 0xEF, 0x87, 0xDB, 0x7B, 0x64, 0xEE, 0x91, 0x7E, 0x89, 0xC4, 0xEB, 0xC7, 0x97, 0x13, 0xF9,
    0x2D, 0x77, 0xCE, 0x96, 0x92, 0x84, 0x7E, 0x24, 0x3D, 0x4F, 0x11, 0xDA, 0xBB, 0x48, 0x7B, 0xFB,
    0x20, 0xB1, 0xDC, 0x26, 0xEE, 0x84, 0x5B, 0x73, 0xE4, 0xF7, 0xDC, 0x96, 0xAD, 0x70, 0x5A, 0x13,
    0xF6, 0x23, 0xFB, 0x10, 0xB1, 0x07, 0xEF, 0xBB, 0x78, 0xCD, 0xAC, 0x50, 0x88, 0xA6, 0x10, 0x7C,
    0x84, 0x58, 0x41, 0x58, 0xF0, 0x22, 0x7B, 0x24, 0x95, 0xD4, 0xF9, 0x09, 0x8A, 0x8C, 0x9E, 0xE7,
    0x33, 0xFD, 0x24, 0x00, 0x05, 0x5E, 0xA0, 0xEB, 0x8E, 0x62, 0xC1, 0x00, 0xE2, 0x7C, 0x65, 0x1D,
    0xF3, 0x23, 0x0D, 0xDE, 0x70, 0x3E, 0x6E, 0x61, 0x62, 0x8B, 0x81, 0x18, 0x9F, 0xB7, 0x27, 0x1C,
    0x71, 0x3E, 0x72, 0x67, 0x56, 0x0F, 0x1E, 0xB9, 0x7F, 0xF1, 0xBA, 0x2A, 0x05, 0x09, 0x9C, 0x2A,
    0xC4, 0x23, 0x7C, 0x01, 0xD7, 0xF2, 0x84, 0xD6, 0x35, 0xC7, 0x99, 0x73, 0x09, 0xD5, 0xBF, 0x4B,
    0x2F, 0x96, 0xCF, 0x41, 0x8A, 0x8A, 0xC1, 0x21, 0xD6, 0x59, 0xF5, 0x3D, 0x7D, 0xAF, 0xE8, 0xCF,
    0x80, 0xE5, 0x48, 0x05, 0x46, 0x0E, 0xE0, 0x91, 0x06, 0x80, 0xF0, 0xFA, 0xB2, 0xE1, 0x16, 0xD8,
    0x72, 0x4B, 0x83, 0x32, 0x03, 0xE6, 0xA7, 0x13, 0x04, 0xA9, 0xD9, 0xC7, 0xB5, 0xD8, 0xB6, 0x3F,
    0x54, 0xC6, 0x16, 0xA7, 0x32, 0x00, 0x5C, 0x60, 0x6F, 0x39, 0xAB, 0x0E, 0xD1, 0x18, 0x00, 0x08,
    0x52, 0x60, 0x00, 0xBB, 0xD8, 0x90, 0x02, 0x24, 0x0D, 0x93, 0x08, 0xAA, 0x41, 0xFA, 0x01, 0x38,
    0x9E, 0x3C, 0xE3, 0xBE, 0xEF, 0xEF, 0x7B, 0xF1, 0x81, 0x44, 0x7E, 0xBA, 0x03, 0xF7, 0x5E, 0x94,
    0xBB, 0x5E, 0xBC, 0x8C, 0xDE, 0x1F, 0xA9, 0x74, 0x76, 0xBE, 0xDB, 0x98, 0x20, 0xFA, 0x59, 0x9B,
    0xC1, 0x0B, 0x90, 0x82, 0xB7, 0xFD, 0xAE, 0x09, 0x8F, 0x6D, 0x0E, 0xFC, 0x0A, 0x98, 0x20, 0xEA,
    0xE3, 0x46, 0x75, 0x19, 0x9F, 0xFD, 0xC8, 0x70, 0xB1, 0x6C, 0x57, 0x5F, 0xF9, 0x58, 0xFE, 0x8E,
    0x43, 0x80, 0x8E, 0x62, 0x31, 0xD9, 0x3D, 0x5F, 0x43, 0x5B, 0x07, 0x2A, 0x74, 0x7A, 0x3D, 0x4A,
    0x59, 0x87, 0x28, 0x0F, 0x10, 0x45, 0x04, 0xB8, 0x1C, 0xAB, 0x24, 0xD3, 0x2F, 0x5D, 0xFF, 0x97,
    0x47, 0x29, 0x8E, 0xF8, 0xF6, 0x47, 0x90, 0x62, 0x14, 0x7C, 0xCA, 0xE5, 0xC0, 0x59, 0xC0, 0x27,
    0xEB, 0xDB, 0x3B, 0xE7, 0x02, 0x38, 0x90, 0x6B, 0x52, 0xCB, 0xD8, 0x38, 0xFE, 0x9D, 0x2C, 0x77,
    0x93, 0x14, 0xBF, 0x3F, 0x49, 0x6F, 0x04, 0x55, 0xD4, 0x8D, 0xAA, 0x6D, 0x6B, 0x19, 0x1F, 0xC1,
    0xBA, 0x8D, 0x15, 0xE4, 0xF3, 0x6D, 0xAC, 0x21, 0x7A, 0xD9, 0xDD, 0x2B, 0x9D, 0xFC, 0x1D, 0xA5,
    0xC3, 0x32, 0xFC, 0xF3, 0x6A, 0xE5, 0x3F, 0x2A, 0xCA, 0x3E, 0x0F, 0x10, 0x0B, 0x68, 0x35, 0xCA,
    0x81, 0xF6, 0x2E, 0x34, 0xCA, 0xBF, 0xE7, 0x85, 0xA3, 0x9B, 0x46, 0x35, 0x13, 0x08, 0x0D, 0x38,
    0xE3, 0xFA, 0x7A, 0xD8, 0x00, 0x0E, 0x26, 0x68, 0x6E, 0xF4, 0xDE, 0xCC, 0x65, 0x64, 0xF5, 0x47,
    0xFF, 0x16, 0x88, 0xFE, 0xF3, 0x5A, 0x7B, 0x9D, 0x9E, 0xEF, 0x03, 0x27, 0xCF, 0xF7, 0x9F, 0xF5,
    0xFE, 0x87, 0x4A, 0x0C, 0xC1, 0x0A, 0xF5, 0xFD, 0xF6, 0x8F, 0x21, 0x04, 0x04, 0xE4, 0x40, 0xE2,
    0x7C, 0x8D, 0x3D, 0x52, 0x91, 0x63, 0x5D, 0xB4, 0xF0, 0x04, 0xA7, 0x91, 0xB6, 0xE1, 0xC9, 0xD5,
    0xCB, 0x23, 0x81, 0xC0, 0x2D, 0x26, 0xF2, 0xE7, 0xA5, 0x1D, 0x89, 0xEF, 0x44, 0x6E, 0x32, 0x17,
    0x2A, 0x72, 0xE1, 0x12, 0xA9, 0x08, 0xE6, 0x69, 0x21, 0x06, 0x5A, 0x51, 0xCD, 0x98, 0x85, 0x8E,
    0x62, 0x23, 0x7B, 0xD9, 0x55, 0xE0, 0xC5, 0xA8, 0xE6, 0x64, 0x2D, 0x06, 0x39, 0xE0, 0x8A, 0xB7,
    0x1C, 0x01, 0x17, 0x3C, 0x9A, 0x63, 0xBC, 0x1F, 0x2C, 0x93, 0x15, 0x10, 0xB1, 0x66, 0xB8, 0x22,
    0x17, 0x8F, 0xC5, 0x42, 0x5E, 0x95, 0x74, 0x9A, 0x94, 0xEC, 0x90, 0xEE, 0xA8, 0xC0, 0x21, 0xF3,
    0x0D, 0x70, 0xE2, 0x5D, 0xAB, 0x07, 0x88, 0x90, 0x4E, 0x03, 0xE2, 0xEA, 0xFC, 0x01, 0xE2, 0x74,
    0x2C, 0x0B, 0x2C, 0xE2, 0xE7, 0x63, 0x64, 0x97, 0x31, 0xDA, 0x47, 0x67, 0xAF, 0xED, 0xBD, 0xF2,
    0xF3, 0x8A, 0x9D, 0xC8, 0x7F, 0x3F, 0x82, 0x4D, 0xC9, 0x13, 0x46, 0xA1, 0x14, 0x02, 0x37, 0xB0,
    0x59, 0x84, 0xF2, 0x91, 0x45, 0xB8, 0xFF, 0xC5, 0xE4, 0xFE, 0x30, 0xBF, 0xDA, 0x5C, 0x0E, 0x68,
    0xBD, 0xE9, 0x57, 0xA7, 0x87, 0xCE, 0xF7, 0x4A, 0x58, 0x6F, 0xE4, 0xA5, 0xE3, 0xBC, 0x03, 0xC7,
    0x1F, 0xFE, 0x9B, 0x1F, 0x41, 0x96, 0xE3, 0x34, 0x7A, 0xE9, 0x5C, 0x59, 0x03, 0x85, 0x00, 0x3A,
    0x9D, 0xBF, 0x4A, 0x6C, 0xE8, 0x3C, 0x43, 0xC0, 0xBF, 0x43, 0xFC, 0x31, 0xB8, 0xFC, 0x01, 0xA0,
    0xDB, 0xBF, 0x30, 0x00, 0x77, 0xD1, 0x94, 0x7F, 0x01, 0xB4, 0x94, 0x51, 0x8A, 0x5B, 0xBB, 0x12,
    0x45, 0x37, 0xD4, 0xAF, 0xA1, 0xA6, 0x92, 0x01, 0x18, 0x6A, 0xEA, 0x05, 0x3D, 0x80, 0x9E, 0x4A,
    0x41, 0xFF, 0x16, 0xAC, 0x27, 0x95, 0x8E, 0xF3, 0xEC, 0x5C, 0xE7, 0x36, 0x81, 0x5C, 0x49, 0xB5,
    0x56, 0x1C, 0x6D, 0x4B, 0x3A, 0x7D, 0x8C, 0xE4, 0x19, 0x45, 0xEF, 0x1E, 0xE5, 0x3A, 0x2D, 0xEA,
    0x5D, 0xE7, 0xD1, 0x27, 0x2F, 0x6B, 0xBD, 0x14, 0x60, 0x80, 0x03, 0x01, 0x1D, 0xE8, 0x4E, 0x4B,
    0xD4, 0x53, 0xE5, 0x53, 0xD5, 0x53, 0xB5, 0x3C, 0x00, 0xBF, 0x4A, 0xBB, 0x9C, 0x7C, 0x59, 0x5F,
    0xBE, 0x0B, 0x52, 0x01, 0x25, 0x2E, 0xA4, 0x51, 0xBE, 0x90, 0xD2, 0x05, 0xFD, 0x03, 0x40, 0xFF,
    0x8A, 0x77, 0xB9, 0x81, 0x6F, 0x44, 0x2F, 0x00, 0xF4, 0x3B, 0xDC, 0xA4, 0x9B, 0xC2, 0x3A, 0x26,
    0x52, 0x01, 0xA4, 0x03, 0xF2, 0xF6, 0x96, 0x97, 0x50, 0xE4, 0x0B, 0xBC, 0x36, 0xDA, 0x5A, 0x0E,
    0xAD, 0x00, 0x04, 0x90, 0xF1, 0xD9, 0x21, 0xDF, 0xEB, 0x51, 0x32, 0x2A, 0x7A, 0x31, 0x87, 0xF2,
    0x9F, 0x63, 0x3E, 0x5E, 0x53, 0x25, 0x91, 0x6C, 0x16, 0x29, 0xC5, 0xD7, 0x90, 0x39, 0xFA, 0xC5,
    0x5E, 0xB4, 0x21, 0x50, 0xAF, 0x14, 0xA9, 0x57, 0x7E, 0x9F, 0x19, 0xEE, 0xFA, 0xB7, 0xAE, 0x97,
    0x46, 0x7E, 0x93, 0x06, 0x39, 0x54, 0x5C, 0x45, 0x6A, 0xD6, 0xD8, 0x15, 0xBD, 0x8A, 0x9C, 0x47,
    0x70, 0xC8, 0xF8, 0xA2, 0x16, 0x0B, 0x79, 0x93, 0xA7, 0xA2, 0x7C, 0xBE, 0xB7, 0xE7, 0xB5, 0xCB,
    0x29, 0x69, 0x97, 0xF7, 0xAE, 0x5C, 0x85, 0xA2, 0x80, 0x5D, 0x19, 0xB4, 0x6E, 0xAB, 0xBF, 0x39,
    0xF5, 0x5D, 0xBB, 0x41, 0x2F, 0x3A, 0xCC, 0x09, 0x6A, 0x0E, 0x81, 0x76, 0x59, 0x2D, 0x45, 0xFA,
    0xFC, 0xD2, 0x96, 0x82, 0xB6, 0x0A, 0xF1, 0xD5, 0xEA, 0xFB, 0x64, 0xBA, 0xAD, 0x47, 0x13, 0xBD,
    0x1F, 0x45, 0xBD, 0x53, 0x3F, 0xEB, 0x7E, 0x7D, 0xEF, 0xAE, 0x51, 0x08, 0xDA, 0xFA, 0xDA, 0xE1,
    0xDA, 0x6F, 0x12, 0x91, 0x42, 0x32, 0x1E, 0x27, 0x7B, 0x9C, 0x53, 0xC1, 0x7C, 0xA8, 0x65, 0x87,
    0x9B, 0x90, 0x70, 0x08, 0x40, 0x33, 0x0C, 0x20, 0x08, 0xEF, 0x90, 0x49, 0x25, 0x79, 0x19, 0x73,
    0x02, 0x52, 0x94, 0x23, 0x3D, 0x7E, 0x75, 0x94, 0x9C, 0xE5, 0x97, 0xC9, 0xE8, 0xCD, 0xF3, 0xFF,
    0x93, 0xD9, 0x8C, 0xD6, 0x63, 0x7A, 0xA2, 0xBE, 0x28, 0x59, 0xAA, 0x04, 0x50, 0xBF, 0x40, 0x92,
    0xFF, 0x1E, 0xF0, 0x32, 0xFE, 0xE4, 0x8D, 0x40, 0xFA, 0xA8, 0xE6, 0x8D, 0x30, 0x6F, 0xA4, 0x77,
    0xEF, 0x67, 0xDD, 0x8F, 0xA2, 0xD4, 0x36, 0x82, 0x1A, 0xCD, 0xB3, 0xAA, 0xFD, 0x52, 0x4D, 0xD2,
    0xEA, 0xE7, 0x2A, 0xB1, 0x80, 0xB5, 0x67, 0x2B, 0xAC, 0x46, 0x9F, 0xDF, 0xBF, 0x91, 0xF7, 0x37,
    0x87, 0x6E, 0x3B, 0x54, 0x13, 0x00, 0xB4, 0x7B, 0x2B, 0x76, 0xE5, 0x2E, 0x14, 0xE2, 0x03, 0x01,
    0x93, 0x39, 0xB7, 0x59, 0xEB, 0x1B, 0x00, 0xD4, 0x3B, 0x7C, 0xFF, 0xDD, 0x69, 0x6F, 0x17, 0xF0,
    0xED, 0x86, 0x0E, 0xE3, 0x66, 0xEC, 0xF0, 0xB9, 0xD8, 0xA2, 0x44, 0x1A, 0xFB, 0x53, 0xF0, 0xFF,
    0x76, 0xF2, 0x01, 0x77, 0x43, 0xDA, 0x79, 0x63, 0x8D, 0x5C, 0x94, 0x23, 0xED, 0x51, 0x62, 0x5A,
    0x43, 0xE9, 0x87, 0x8C, 0x32, 0xD2, 0x51, 0xB4, 0xC8, 0x2B, 0x11, 0xFD, 0xD7, 0x40, 0xD3, 0x46,
    0x03, 0x83, 0xCF, 0x0B, 0x9F, 0x58, 0x93, 0x92, 0x0E, 0xEA, 0x5B, 0x28, 0x00, 0x03, 0xF0, 0x8D,
    0xB8, 0x90, 0xC1, 0x9F, 0x20, 0x7E, 0xC2, 0x37, 0x6C, 0x43, 0xB1, 0x21, 0xFF, 0x5B, 0xF0, 0xA4,
    0x68, 0x9A, 0x8A, 0x32, 0xCD, 0x4D, 0xD5, 0x86, 0x10, 0x40, 0x73, 0x5E, 0x5E, 0x19, 0x15, 0x14,
    0x8B, 0x51, 0xB7, 0x28, 0xFD, 0x7E, 0x18, 0x25, 0xA7, 0x15, 0xA0, 0xD3, 0x23, 0x5F, 0xEB, 0x30,
    0x60, 0x72, 0x22, 0x65, 0xA9, 0xFB, 0x5C, 0x31, 0x2D, 0x71, 0x6E, 0x8E, 0x73, 0x41, 0xA0, 0xE7,
    0x9B, 0x63, 0x33, 0x9E, 0xA6, 0xCF, 0xBF, 0xA9, 0xE0, 0xCA, 0x9C, 0xBC, 0xF3, 0x3C, 0x69, 0xAD,
    0x6B, 0x7D, 0x45, 0x4A, 0x68, 0x67, 0x57, 0x49, 0xBE, 0xDD, 0x52, 0x2C, 0x7B, 0x49, 0x44, 0x2A,
    0x96, 0xEF, 0xDB, 0x29, 0xFD, 0x58, 0x60, 0x59, 0xDB, 0x1A, 0xDB, 0xC3, 0x7D, 0xEC, 0x0F, 0x97,
    0xB1, 0x1D, 0xE9, 0x63, 0x1E, 0x56, 0x6C, 0x7F, 0xA0, 0x46, 0x92, 0xB5, 0x40, 0x73, 0xFC, 0xAF,
    0x71, 0xF9, 0x38, 0xCA, 0x3F, 0xC6, 0x19, 0xB6, 0x8D, 0x80, 0x92, 0x3D, 0xDC, 0xC7, 0xDE, 0x3A,
    0x07, 0xAF, 0xE3, 0x18, 0xFF, 0x37, 0xCF, 0x65, 0x35, 0x2E, 0xC8, 0xE5, 0xF8, 0x80, 0x5A, 0xE6,
    0x61, 0x95, 0xD7, 0x3C, 0x57, 0x2E, 0xCF, 0x6E, 0xDB, 0xBE, 0x1C, 0xDB, 0xAB, 0xAE, 0xEB, 0xD7,
    0x98, 0x05, 0x67, 0x4A, 0x4F, 0x67, 0xBE, 0xAE, 0x29, 0x83, 0x96, 0x3F, 0x5C, 0xC7, 0x71, 0x1C,
    0xE4, 0xE4, 0xE0, 0x2C, 0x03, 0x3D, 0x3B, 0xDD, 0x17, 0x66, 0xB9, 0xED, 0x1A, 0x9F, 0x5D, 0xE7,
    0x68, 0xDB, 0x12, 0xE3, 0x12, 0x3A, 0x7F, 0xEE, 0xD6, 0xE4, 0xFC, 0xE1, 0xF2, 0x56, 0x5A, 0xC7,
    0x36, 0x74, 0x64, 0x8C, 0x49, 0xB6, 0x13, 0x31, 0x1B, 0x60, 0x5F, 0xE3, 0xF6, 0xB1, 0x97, 0x7F,
    0x6C, 0x47, 0x85, 0x8D, 0x93, 0xF1, 0xFF, 0xBA, 0x37, 0xC3, 0xD4, 0xC8, 0x79, 0x18, 0x0C, 0x0B,
    0xF4, 0x77, 0xC1, 0x57, 0xF9, 0x0E, 0x50, 0xD0, 0xD5, 0x05, 0x3D, 0xC0, 0x5C, 0x45, 0xD0, 0xBF,
    0x82, 0xF7, 0x43, 0x7E, 0x15, 0x8F, 0x9B, 0xB6, 0xBB, 0x81, 0x2E, 0x1D, 0x76, 0xB2, 0x93, 0x47,
    0xEE, 0x24, 0xB6, 0x24, 0xDB, 0x63, 0x2B, 0x8E, 0x17, 0x0E, 0x20, 0x3E, 0x6B, 0xB7, 0x79, 0x8E,
    0x96, 0x16, 0x7B, 0x5C, 0x8A, 0x09, 0x5F, 0xE8, 0x48, 0xF2, 0x7C, 0x9C, 0xE3, 0xCC, 0x5C, 0x71,
    0x66, 0xBB, 0x2C, 0x86, 0xED, 0x2B, 0xBA, 0x7E, 0x80, 0x01, 0x62, 0x0A, 0x38, 0x3D, 0x34, 0x5C,
    0x81, 0xEC, 0x2C, 0x5A, 0x79, 0x3A, 0x7F, 0x5B, 0xB5, 0x0C, 0xE9, 0x62, 0xD8, 0x9E, 0xE7, 0xC3,
    0xE0, 0xBB, 0x60, 0x31, 0x78, 0x2F, 0x6E, 0xD4, 0xD0, 0x62, 0xD0, 0xED, 0x76, 0xBC, 0xBD, 0x29,
    0xC1, 0x70, 0xA0, 0x44, 0xF7, 0x1A, 0x86, 0xF7, 0x4B, 0x58, 0x09, 0x86, 0xDF, 0x1F, 0x05, 0x64,
    0x1C, 0x42, 0x64, 0x50, 0x70, 0x34, 0x38, 0x09, 0x41, 0xDC, 0xC7, 0xE7, 0x71, 0x98, 0x4D, 0x37,
    0x83, 0xC2, 0x37, 0xDF, 0x47, 0xCA, 0x93, 0x39, 0x3D, 0xB0, 0xFB, 0x00, 0xC4, 0x32, 0x90, 0x26,
    0xD1, 0x08, 0x7F, 0x2E, 0xA7, 0x4D, 0x86, 0xCF, 0x5E, 0x4E, 0x01, 0xFE, 0xD6, 0x38, 0x0A, 0x3B,
    0x72, 0x8A, 0xA7, 0xEB, 0xDE, 0x15, 0x29, 0x89, 0x68, 0xD2, 0x08, 0xEC, 0x42, 0x73, 0x85, 0x70,
    0x4F, 0xE6, 0x74, 0xFB, 0x35, 0xDE, 0xFB, 0xC0, 0xB6, 0x4D, 0x9D, 0xE2, 0x85, 0xC2, 0xE0, 0xFF,
    0xBA, 0xB7, 0x2C, 0x6E, 0xBA, 0xFD, 0x75, 0x62, 0xAC, 0x44, 0xF6, 0x68, 0x66, 0x2B, 0x11, 0x9D,
    0xC0, 0x4A, 0x38, 0x13, 0xBA, 0x27, 0x00, 0x46, 0x61, 0xE7, 0x44, 0x76, 0xC2, 0xB2, 0xD2, 0x1D,
    0xEE, 0xCE, 0x04, 0xCE, 0x09, 0x3D, 0x27, 0xE8, 0xE6, 0x4A, 0x00, 0x34, 0x61, 0x26, 0xEC, 0x43,
    0xA2, 0xFD, 0x28, 0x21, 0xFF, 0xAD, 0xE7, 0x3B, 0x6A, 0x47, 0x51, 0x8B, 0xA2, 0xC8, 0xB2, 0x6E,
    0xCE, 0x78, 0x06, 0xBA, 0x7A, 0x27, 0xC8, 0xB8, 0x4C, 0xE6, 0xDD, 0x89, 0xA3, 0x6F, 0x69, 0x29,
    0xBF, 0x41, 0xA8, 0x57, 0x48, 0x9B, 0xD4, 0xF6, 0xCF, 0x65, 0xD1, 0x72, 0x9B, 0x52, 0x36, 0x62,
    0x67, 0xB0, 0x7C, 0x85, 0xF7, 0x1F, 0x29, 0x2B, 0x5E, 0xEA, 0x03, 0x9F, 0x1D, 0x21, 0xF2, 0xE9,
    0x09, 0xE4, 0x7E, 0x7E, 0x79, 0x5F, 0x7C, 0x5E, 0x2E, 0xFD, 0x47, 0x48, 0x87, 0xE0, 0xEC, 0xBD,
    0xFE, 0x18, 0x5B, 0x0C, 0xB3, 0x9A, 0x14, 0xF0, 0x01, 0x8B, 0x11, 0x23, 0xCD, 0x15, 0x8F, 0xB0,
    0x45, 0x5D, 0x7C, 0xE4, 0xF6, 0xAF, 0x7F, 0x3A, 0x8F, 0xB0, 0x85, 0x3F, 0x82, 0xBD, 0xCF, 0xF4,
    0x08, 0xD8, 0x47, 0x2F, 0x90, 0x6D, 0x8B, 0x5D, 0x8C, 0x3F, 0xBF, 0x7D, 0xF6, 0xE2, 0xDA, 0x5E,
    0xBE, 0x8C, 0xA3, 0x9F, 0xF4, 0xD3, 0x1C, 0xDE, 0x47, 0x4F, 0x00, 0xFC, 0x38, 0x0D, 0x60, 0xC8,
    0x09, 0xFF, 0xF6, 0x59, 0xE5, 0x18, 0xB0, 0x95, 0x4F, 0x3F, 0x95, 0x36, 0x8A, 0x25, 0xDC, 0x7A,
    0x01, 0xF0, 0x11, 0xF5, 0xF2, 0x52, 0xD1, 0xF7, 0xBE, 0x74, 0x38, 0x0D, 0x7F, 0x4C, 0xBD, 0x74,
    0xC8, 0x53, 0x22, 0x29, 0xD0, 0xC2, 0x29, 0xAA, 0x15, 0xBB, 0xE6, 0x44, 0x5A, 0x18, 0xA6, 0x18,
    0x27, 0x31, 0x0B, 0xD4, 0xDF, 0x88, 0x01, 0xFF, 0x2C, 0xDF, 0x5E, 0x26, 0x92, 0x5F, 0x64, 0x6B,
    0xA7, 0xF0, 0xDD, 0xB2, 0x98, 0x82, 0x2D, 0xF7, 0x22, 0xC6, 0x59, 0xF0, 0x08, 0xDE, 0x6C, 0x5E,
    0x31, 0x9D, 0x14, 0x73, 0xD9, 0x0F, 0xA0, 0x43, 0xBD, 0x8D, 0xB1, 0x31, 0x27, 0x51, 0xBC, 0x4D,
    0xBE, 0xC2, 0x17, 0x1D, 0x71, 0xA7, 0xA5, 0xCE, 0xC6, 0x2C, 0x8E, 0x49, 0xC5, 0xEB, 0xA2, 0xE0,
    0x6D, 0x32, 0x8A, 0x96, 0x93, 0x74, 0x66, 0x52, 0x37, 0xCA, 0x4E, 0xC3, 0xB5, 0xC7, 0x2E, 0xDB,
    0xE3, 0x52, 0xCE, 0x7E, 0x3D, 0xC5, 0x18, 0x03, 0x59, 0x2C, 0x0D, 0xB3, 0x22, 0x53, 0xC1, 0x39,
    0xD0, 0x38, 0x6E, 0x8E, 0x73, 0x10, 0x81, 0x12, 0x2B, 0x88, 0xB8, 0x2E, 0x3A, 0xDF, 0xFB, 0xC2,
    0x5A, 0x43, 0xEB, 0x63, 0xAC, 0xD1, 0xB6, 0xB4, 0x65, 0x6D, 0x67, 0x5B, 0xBD, 0x07, 0x67, 0xF9,
    0xF5, 0x63, 0x57, 0xC8, 0x93, 0x39, 0x7D, 0xFD, 0xB1, 0xEB, 0x89, 0x9C, 0xBE, 0xFE, 0xD8, 0xF5,
    0x44, 0x4E, 0x87, 0x44, 0x3F, 0x61, 0x5D, 0x7B, 0xEC, 0x7A, 0x02, 0xA7, 0x55, 0xE4, 0x57, 0x35,
    0xB5, 0xB1, 0x13, 0x23, 0xB5, 0x72, 0x0F, 0xF4, 0x65, 0x66, 0x60, 0xE3, 0x4B, 0xA7, 0xA6, 0x7B,
    0x74, 0x6E, 0x80, 0x0F, 0x4E, 0xA8, 0xBC, 0x55, 0x0A, 0xCB, 0x9B, 0x87, 0xB3, 0x7E, 0x92, 0x9A,
    0x40, 0xBD, 0x6D, 0x45, 0x7E, 0x52, 0x3F, 0x2B, 0x56, 0x2C, 0x5F, 0x94, 0x62, 0x60, 0xD6, 0xCF,
    0x78, 0x9B, 0x5E, 0x9B, 0x4F, 0x81, 0x16, 0x52, 0x42, 0x73, 0x8A, 0xD1, 0x22, 0xA6, 0x30, 0x2F,
    0x91, 0xF0, 0x59, 0x3F, 0x60, 0xC5, 0x64, 0x0B, 0xD6, 0x4F, 0x7C, 0x59, 0x3F, 0xDA, 0x13, 0x59,
    0xB2, 0x7E, 0xA2, 0x1B, 0x9A, 0x62, 0x1F, 0x11, 0x14, 0x7E, 0x1F, 0x04, 0x6D, 0xF2, 0xDC, 0x47,
    0xF8, 0x30, 0xF0, 0x83, 0x8C, 0x62, 0x39, 0x3D, 0x09, 0xD1, 0x62, 0x02, 0x3E, 0xB6, 0x67, 0x2D,
    0x59, 0x93, 0xB3, 0x4F, 0x37, 0x62, 0x39, 0x33, 0x70, 0xF7, 0xA5, 0x2F, 0xCA, 0xBF, 0xE7, 0x51,
    0x3B, 0x94, 0xEB, 0xD5, 0xB8, 0x25, 0x23, 0xAB, 0x72, 0x0C, 0x32, 0xF2, 0x5F, 0xF3, 0x68, 0x88,
    0xF2, 0xE5, 0xC2, 0xCC, 0xBE, 0xD1, 0xD9, 0x54, 0xFF, 0x60, 0x1B, 0x89, 0xA1, 0x78, 0xEE, 0x7B,
    0x6C, 0x9C, 0x73, 0x3C, 0xC8, 0x20, 0x1F, 0x56, 0x4C, 0x43, 0x65, 0x1B, 0x4D, 0xD7, 0xE3, 0xB3,
    0x7D, 0x39, 0x6F, 0xCB, 0x83, 0x63, 0xD3, 0xAB, 0x4D, 0x2A, 0x27, 0xA9, 0xF1, 0x7B, 0xA4, 0x23,
    0x67, 0x00, 0x5E, 0xC0, 0x84, 0x17, 0x82, 0x08, 0xC1, 0x9F, 0xDE, 0x62, 0x86, 0xF6, 0xCD, 0x2B,
    0xEF, 0xB1, 0x8B, 0x25, 0x7E, 0xF7, 0xDA, 0x72, 0x20, 0x7B, 0xBE, 0xEE, 0x20, 0xD6, 0x3A, 0xD7,
    0x2B, 0x50, 0xAE, 0x1A, 0xDF, 0xB0, 0xED, 0xCC, 0xA2, 0x15, 0x15, 0xC1, 0x4A, 0x65, 0x33, 0x16,
    0x73, 0x23, 0x48, 0xDE, 0xC3, 0xFB, 0xE1, 0x95, 0x77, 0xB2, 0xE7, 0xB0, 0x33, 0x63, 0x12, 0x68,
    0xFA, 0x41, 0x43, 0xD7, 0x1A, 0x2B, 0x71, 0x60, 0x75, 0x04, 0x8B, 0x0F, 0x61, 0xA4, 0x75, 0x4C,
    0x3E, 0xE1, 0x13, 0x5A, 0xD6, 0xEA, 0xA9, 0x02, 0x06, 0xA6, 0x51, 0x08, 0x2B, 0x50, 0x67, 0xC8,
    0x01, 0x5F, 0xD8, 0x2A, 0x97, 0x37, 0x5B, 0x0C, 0xC4, 0x88, 0xED, 0x5D, 0x0E, 0xCD, 0x82, 0x6F,
    0xAF, 0x6D, 0x1E, 0x60, 0x10, 0xED, 0x39, 0xA6, 0x5D, 0xAE, 0x67, 0x2A, 0x94, 0x3B, 0x8B, 0xFC,
    0x21, 0x06, 0xC9, 0x70, 0xE1, 0xDE, 0xAB, 0x56, 0x24, 0xC3, 0x27, 0x1E, 0xD4, 0x64, 0xDC, 0x55,
    0xA0, 0xD8, 0x91, 0x3D, 0x6F, 0x3D, 0xC4, 0xA0, 0x8E, 0x1E, 0x9D, 0x2A, 0xC5, 0xF4, 0x3D, 0x10,
    0x7D, 0x55, 0xF1, 0x18, 0xFB, 0x0C, 0x3E, 0x58, 0x4E, 0x5A, 0xAB, 0x9B, 0x1A, 0x29, 0xA3, 0x94,
    0xA2, 0xB5, 0xA5, 0x58, 0xB6, 0xD6, 0x25, 0x3B, 0x43, 0x2A, 0x28, 0xAD, 0x25, 0x10, 0x94, 0xC1,
    0xCC, 0x4B, 0xFA, 0x21, 0x15, 0x2C, 0x64, 0x4E, 0xCA, 0x01, 0x1E, 0x25, 0xDF, 0xDA, 0x42, 0x2F,
    0x79, 0x6C, 0xFF, 0xE2, 0x50, 0x76, 0xCC, 0x1F, 0xAC, 0x1A, 0x03, 0x4D, 0xFA, 0x25, 0x5D, 0xD4,
    0x45, 0xA4, 0x68, 0xB9, 0x0D, 0xB1, 0x55, 0x94, 0x16, 0xC4, 0x66, 0x39, 0x75, 0xEA, 0xFD, 0xAD,
    0xA2, 0x4D, 0x44, 0xC3, 0xE0, 0x07, 0x52, 0xAE, 0x0F, 0x59, 0xA3, 0x6E, 0x6C, 0x45, 0xDD, 0x9C,
    0x06, 0x8E, 0xA5, 0x16, 0xC7, 0x38, 0x3F, 0x12, 0x00, 0xCE, 0x38, 0x59, 0x6F, 0x59, 0x80, 0x68,
    0x0C, 0x00, 0x84, 0x4C, 0x18, 0x20, 0x17, 0x86, 0xAC, 0x9F, 0x35, 0xE8, 0xC2, 0x90, 0xF5, 0xB3,
    0x06, 0x5D, 0x18, 0x21, 0x7E, 0xD6, 0x20, 0xF6, 0xE1, 0xDE, 0xE5, 0x60, 0xB1, 0x1A, 0x4A, 0xE1,
    0xDF, 0xF9, 0xC8, 0x79, 0x6B, 0x55, 0x1F, 0x88, 0x6F, 0x7D, 0x04, 0x79, 0x5F, 0xC1, 0x4F, 0xB8,
    0x85, 0x05, 0x7C, 0x5F, 0xAA, 0xCE, 0xBF, 0x7E, 0xFE, 0x92, 0x71, 0xDA, 0xB2, 0x79, 0x5E, 0x21,
    0x8C, 0xBF, 0x7E, 0x32, 0xCA, 0x1E, 0x61, 0x2E, 0xD6, 0xE1, 0x93, 0xD0, 0xF9, 0x51, 0x30, 0xA0,
    0x77, 0xDD, 0x8E, 0xB5, 0x2F, 0x83, 0x2B, 0x3F, 0xB8, 0xA5, 0x02, 0xC8, 0xB1, 0x46, 0x43, 0xCB,
    0x6E, 0xEC, 0xC2, 0xF8, 0x12, 0x89, 0x64, 0x88, 0xCA, 0x6C, 0x31, 0xD6, 0x60, 0xC7, 0x59, 0xE2,
    0xE2, 0x54, 0x8B, 0x32, 0x12, 0xAF, 0x80, 0xE3, 0x86, 0x6D, 0xCC, 0x4F, 0xE4, 0x1E, 0x66, 0x7E,
    0x1F, 0x82, 0xEE, 0xD6, 0xC7, 0xDC, 0xB5, 0x8D, 0x7D, 0xF9, 0xFB, 0x1F, 0x52, 0x18, 0x5E, 0x11,
    0x96, 0x5B, 0x79, 0x03, 0x7F, 0x44, 0x55, 0x4E, 0x01, 0xC2, 0xDA, 0x0D, 0x06, 0xB6, 0xF7, 0x1A,
    0x12, 0x2D, 0x8E, 0x8F, 0xFB, 0x67, 0x34, 0xE5, 0x21, 0x06, 0x29, 0x9C, 0xDA, 0x38, 0xB3, 0x70,
    0x79, 0x9A, 0xAF, 0x66, 0x2D, 0x1E, 0x61, 0xD0, 0x70, 0x8D, 0xBA, 0xC6, 0x0B, 0x44, 0x18, 0xEA,
    0xFB, 0xC7, 0x34, 0xD9, 0x8B, 0xBC, 0x88, 0x40, 0x38, 0x0E, 0xFB, 0xC4, 0xFC, 0x93, 0xC7, 0x23,
    0xFA, 0x50, 0x9D, 0x8C, 0xD9, 0xDE, 0x43, 0xF7, 0x06, 0xFB, 0x6A, 0x83, 0xB3, 0xFC, 0xB9, 0x00,
    0x2D, 0x67, 0xDE, 0xA6, 0xCA, 0xD8, 0x9D, 0xB9, 0x95, 0x33, 0x8A, 0x44, 0x4C, 0x8C, 0x82, 0xDD,
    0x40, 0x38, 0x06, 0xF0, 0x96, 0xC4, 0x1A, 0x1C, 0x2C, 0x8D, 0x50, 0x6C, 0xDF, 0x16, 0x38, 0xD6,
    0xA8, 0x97, 0xBE, 0x4F, 0x43, 0x14, 0x9C, 0x42, 0x14, 0x4E, 0x3E, 0xF9, 0x7D, 0x84, 0xA0, 0x91,
    0x03, 0x79, 0x84, 0x84, 0xB7, 0xB2, 0x6F, 0x64, 0xD9, 0x99, 0x17, 0x42, 0x94, 0x9F, 0x35, 0xE8,
    0x42, 0x88, 0xF2, 0xC3, 0x06, 0xFD, 0x77, 0x21, 0x44, 0xF9, 0xD9, 0x26, 0x13, 0xE4, 0x79, 0x59,
    0x30, 0xB7, 0xC5, 0xC1, 0xC2, 0x87, 0xF9, 0x78, 0xED, 0xF5, 0x3D, 0xC8, 0xC7, 0x85, 0x2F, 0xFE,
    0x47, 0x4B, 0xAE, 0x25, 0x39, 0xEF, 0x55, 0x24, 0x5F, 0x7C, 0x2B, 0x72, 0x06, 0x26, 0xB5, 0x99,
    0x64, 0xEB, 0x3C, 0xD3, 0xEF, 0x26, 0x17, 0x5F, 0x66, 0x26, 0x43, 0x6E, 0x8C, 0x49, 0xE6, 0xB9,
    0x04, 0x9A, 0xC7, 0xF5, 0x93, 0xDB, 0x7D, 0x19, 0xE7, 0x86, 0x40, 0xD2, 0x67, 0xCB, 0xAB, 0xE0,
    0x8C, 0x8C, 0xF7, 0x4B, 0x3B, 0x37, 0xA0, 0x74, 0x24, 0xB5, 0x5D, 0x85, 0x0C, 0x19, 0xD3, 0x38,
    0xF3, 0x36, 0xB1, 0x69, 0x1D, 0x2B, 0x3D, 0x41, 0x0B, 0xFD, 0x0F, 0xDD, 0x9C, 0x5B, 0x6A, 0xEC,
    0xBA, 0x12, 0x86, 0x7F, 0xD0, 0xEB, 0x06, 0x4D, 0x65, 0xC1, 0x79, 0xDD, 0x50, 0x53, 0x2F, 0x58,
    0x03, 0xC8, 0x54, 0x0A, 0xF2, 0x5A, 0xF0, 0x1D, 0xAC, 0xB2, 0x65, 0x2B, 0xDD, 0x4D, 0xB2, 0x2E,
    0xB9, 0x6D, 0xB5, 0xF5, 0x95, 0xD2, 0x6D, 0xCB, 0x75, 0xEB, 0x96, 0x2D, 0xDB, 0x51, 0x83, 0x94,
    0xEE, 0x89, 0x9B, 0x62, 0xF8, 0x22, 0x62, 0x13, 0xAC, 0xE2, 0xA9, 0x36, 0xDF, 0x45, 0xDF, 0x44,
    0xA7, 0x33, 0x44, 0x1B, 0x22, 0x87, 0xB0, 0x6C, 0xF8, 0x26, 0x34, 0x44, 0x88, 0x90, 0x98, 0xC2,
    0x36, 0x01, 0xA4, 0xDA, 0xAD, 0x40, 0xFD, 0x10, 0x52, 0x2F, 0xD1, 0x70, 0xCB, 0x97, 0x42, 0x04,
    0x31, 0x44, 0x03, 0xB4, 0x62, 0xB5, 0x2C, 0x46, 0x9F, 0x03, 0x3E, 0xD0, 0xA2, 0x11, 0x6D, 0x28,
    0x73, 0xA2, 0x53, 0x5D, 0x85, 0x6D, 0x80, 0x18, 0x3B, 0x38, 0xE0, 0x13, 0xD1, 0x08, 0x60, 0x87,
    0x81, 0x45, 0x27, 0x7A, 0xA8, 0x87, 0xCC, 0xA5, 0x16, 0x42, 0x9A, 0x6A, 0x40, 0x5E, 0x3C, 0xDA,
    0xD1, 0x7F, 0xC8, 0xF7, 0x65, 0xB6, 0xB7, 0x94, 0x79, 0xD9, 0x3B, 0x60, 0xD4, 0xAA, 0x9F, 0x12,
    0x85, 0xEF, 0xEC, 0xCD, 0xF2, 0xD4, 0xA0, 0x72, 0xB0, 0xED, 0x22, 0x86, 0xE8, 0xBB, 0x60, 0xC8,
    0xB6, 0x08, 0x99, 0x7F, 0xA0, 0x93, 0x47, 0xA6, 0x8B, 0x43, 0xD1, 0x76, 0x82, 0xDC, 0xA1, 0x81,
    0x5A, 0x19, 0x1D, 0x7F, 0x37, 0x7C, 0x50, 0xC3, 0xC9, 0x1B, 0x2D, 0x74, 0x96, 0x1F, 0xF3, 0x2B,
    0x33, 0xB4, 0x17, 0x1B, 0xDB, 0x46, 0x35, 0x72, 0x78, 0xD1, 0xF5, 0xCF, 0xDE, 0xA1, 0xE5, 0x49,
    0x8A, 0xF1, 0x66, 0xCE, 0x6D, 0x27, 0x4B, 0x27, 0x5C, 0x4D, 0x1D, 0x9E, 0x50, 0xED, 0x57, 0x45,
    0x1B, 0x6C, 0x94, 0x55, 0x95, 0x15, 0xD3, 0xA5, 0x2E, 0x35, 0xCA, 0xDA, 0x6B, 0xE9, 0xA4, 0x74,
    0x58, 0x50, 0x91, 0x31, 0x48, 0x59, 0xEA, 0x1F, 0x51, 0x9B, 0xBF, 0x11, 0xA9, 0x26, 0xC3, 0x91,
    0xCD, 0xAE, 0xDA, 0xFC, 0xB2, 0x4D, 0x27, 0x30, 0x7C, 0x8B, 0x4B, 0x3D, 0x2D, 0x24, 0x8B, 0x9E,
    0x12, 0xDE, 0xF8, 0x6E, 0x2E, 0xEE, 0x1C, 0xDF, 0x61, 0x88, 0xFA, 0x8E, 0xF6, 0x6C, 0xC8, 0x42,
    0xF8, 0xA7, 0xB8, 0xB8, 0xC7, 0x6A, 0xCE, 0xCA, 0xE6, 0xDF, 0x2E, 0x8B, 0x5B, 0x65, 0xF2, 0x2D,
    0xF4, 0x49, 0x59, 0x8C, 0x6F, 0x4B, 0xCF, 0xFA, 0xC1, 0xAC, 0x5F, 0xC8, 0xDA, 0x0E, 0x2F, 0xD3,
    0xBE, 0x99, 0x8B, 0x2D, 0x64, 0x3E, 0xD2, 0xB6, 0xF1, 0xC4, 0xAE, 0xAF, 0x11, 0xB5, 0xF5, 0x27,
    0xB8, 0xB8, 0xA1, 0x36, 0x1C, 0x6D, 0x21, 0x59, 0xE2, 0x52, 0x3F, 0x7E, 0x34, 0xA6, 0xB1, 0x97,
    0x02, 0xC4, 0x20, 0x3E, 0x18, 0x83, 0x39, 0x88, 0x88, 0xB1, 0xA7, 0x50, 0x23, 0x26, 0xB5, 0x30,
    0x37, 0xDA, 0x03, 0x52, 0x8C, 0x17, 0x6C, 0x83, 0x7D, 0xF4, 0x0C, 0x0E, 0xC0, 0x65, 0xBF, 0x31,
    0x58, 0xEE, 0x52, 0x45, 0xA5, 0xE7, 0x22, 0xE2, 0x2A, 0xCC, 0xAF, 0xA2, 0x36, 0x38, 0x57, 0x6F,
    0xD0, 0x53, 0x23, 0x8C, 0x59, 0xA1, 0x3B, 0x05, 0xA9, 0x21, 0x42, 0xB6, 0x88, 0xFE, 0x56, 0x51,
    0x1B, 0xE4, 0x10, 0x46, 0x9B, 0x5D, 0xCF, 0xFD, 0xB5, 0x12, 0x22, 0x5B, 0xBD, 0x89, 0x4A, 0x64,
    0x09, 0x76, 0xE1, 0x25, 0x42, 0x1D, 0x35, 0x72, 0x13, 0xDA, 0x85, 0x31, 0x44, 0x7F, 0x21, 0xBC,
    0x92, 0xE9, 0xB1, 0xE8, 0xF8, 0xBD, 0xED, 0x66, 0x9F, 0x73, 0x0F, 0x7D, 0x08, 0x20, 0x16, 0x5D,
    0x34, 0x44, 0x0C, 0x91, 0x9A, 0x6E, 0x5D, 0x08, 0xC4, 0x2D, 0xAF, 0xEB, 0x54, 0x14, 0x2A, 0x08,
    0xE5, 0x13, 0x03, 0x0E, 0x82, 0xC8, 0xDD, 0x81, 0xC4, 0xCE, 0xFE, 0x98, 0xB5, 0x66, 0xD1, 0xF0,
    0xD9, 0x4F, 0x1F, 0xDC, 0x43, 0x4D, 0xD6, 0xBE, 0xF2, 0x5A, 0xB5, 0x17, 0xEE, 0x95, 0x90, 0xEE,
    0x56, 0xC8, 0xA5, 0x86, 0xF4, 0xB0, 0xDE, 0x29, 0xAF, 0x9C, 0xB6, 0xF4, 0x7D, 0x3B, 0xB5, 0x79,
    0x2C, 0x67, 0x88, 0xB0, 0x94, 0xC5, 0xF0, 0xC6, 0x30, 0x1A, 0xE0, 0x06, 0xEB, 0x4F, 0x42, 0xA5,
    0x3B, 0x6A, 0xD1, 0x81, 0x82, 0x06, 0x0C, 0x64, 0x2E, 0xEB, 0xD1, 0xE8, 0x90, 0x0D, 0x52, 0x7B,
    0x9E, 0x7D, 0x86, 0x4B, 0x5E, 0x3F, 0x9B, 0xF8, 0x60, 0xE7, 0xA8, 0x45, 0x1D, 0xA6, 0x1A, 0xA3,
    0x8E, 0x76, 0x8B, 0x4F, 0x71, 0x8E, 0x94, 0x3A, 0x0E, 0x33, 0xF1, 0x0D, 0xC7, 0x9F, 0x4A, 0x7D,
    0x86, 0x73, 0x3E, 0xD4, 0xF8, 0x8A, 0x44, 0x48, 0xE6, 0x97, 0x4A, 0xD5, 0x3A, 0xB5, 0xFA, 0x28,
    0xC3, 0x5D, 0x12, 0x3A, 0x8E, 0x9F, 0x62, 0x45, 0xFE, 0xD8, 0xC3, 0xD3, 0x6A, 0x3D, 0x37, 0x17,
    0xC7, 0x31, 0x80, 0xA5, 0x1A, 0xA5, 0x64, 0x69, 0x7F, 0x29, 0x00, 0x77, 0xF1, 0xCA, 0x78, 0x0F,
    0x79, 0x83, 0x90, 0x5E, 0xC3, 0xA3, 0xBD, 0xF5, 0x90, 0x45, 0x43, 0xB8, 0x78, 0x42, 0xB2, 0xF3,
    0x90, 0xE5, 0x93, 0xBE, 0x82, 0xEA, 0x9C, 0xE7, 0xF3, 0x10, 0xC7, 0x19, 0xFB, 0xF0, 0xE9, 0x8B,
    0xF3, 0x81, 0x7F, 0x36, 0xCC, 0x41, 0x2A, 0x64, 0x83, 0xC7, 0xB1, 0xA1, 0xE3, 0x43, 0x6B, 0x2F,
    0x53, 0xEE, 0x1C, 0x1B, 0xC6, 0x42, 0x88, 0x47, 0xB4, 0x94, 0x6C, 0x25, 0x1B, 0x3B, 0x3E, 0x48,
    0x23, 0x1A, 0xB5, 0xF7, 0x8B, 0x26, 0x0D, 0x98, 0x5F, 0xDF, 0xD8, 0xBD, 0xCB, 0x53, 0xAA, 0xD1,
    0x50, 0x4F, 0xD9, 0xD5, 0xC7, 0x96, 0x3D, 0x1B, 0xF4, 0x1C, 0x43, 0xA3, 0x01, 0x69, 0x3C, 0x91,
    0x64, 0x79, 0x77, 0xA0, 0xBF, 0x0E, 0xAB, 0x2D, 0x0C, 0x31, 0x7A, 0xA9, 0xFE, 0xDA, 0x06, 0x91,
    0xE5, 0xFE, 0x0B, 0x7E, 0x68, 0xAC, 0x67, 0x84, 0x41, 0xC1, 0x37, 0x54, 0xEE, 0xD6, 0x34, 0xD7,
    0x46, 0xE6, 0x24, 0x17, 0x54, 0x08, 0x63, 0x46, 0xEB, 0x3B, 0xC5, 0xA3, 0x2D, 0xA3, 0x8E, 0xDF,
    0x8C, 0x3A, 0x5F, 0x3A, 0x1E, 0x73, 0x8E, 0xA8, 0xF3, 0x92, 0x6D, 0x50, 0xF9, 0xDD, 0xE2, 0x71,
    0x0C, 0x74, 0xBE, 0xA2, 0x6C, 0xF9, 0x06, 0xF1, 0xF8, 0x26, 0x5E, 0x5E, 0x4A, 0xE3, 0xC2, 0xCA,
    0xA7, 0x62, 0x5C, 0xE8, 0x73, 0xDE, 0xEF, 0x40, 0x43, 0x03, 0xDF, 0x20, 0x2A, 0x54, 0x52, 0x15,
    0x19, 0x06, 0xE2, 0xC3, 0x65, 0x21, 0x51, 0xE6, 0x9E, 0xA5, 0x4E, 0x52, 0xFF, 0x88, 0x00, 0xB7,
    0x9C, 0xEB, 0xFC, 0x29, 0xC5, 0xED, 0x94, 0xDF, 0xC5, 0x20, 0x6F, 0xA9, 0xB5, 0x58, 0xBE, 0x99,
    0x51, 0x34, 0x36, 0x42, 0xC8, 0x9E, 0x21, 0x65, 0x14, 0x9F, 0x41, 0x56, 0x4B, 0xAA, 0xBF, 0x0B,
    0x1B, 0x2E, 0x11, 0x7A, 0x29, 0xA9, 0xE2, 0x8F, 0xE4, 0xA3, 0xED, 0x1A, 0xC0, 0x9B, 0xA4, 0x4B,
    0xEF, 0x2D, 0x17, 0x02, 0x71, 0x8F, 0x2F, 0xD6, 0x1C, 0xDB, 0x3E, 0x81, 0x1A, 0x36, 0xEC, 0xE4,
    0x60, 0xB4, 0x7D, 0x71, 0xFD, 0x75, 0x86, 0xB2, 0xA3, 0x34, 0x48, 0x20, 0xB2, 0xE3, 0x29, 0xB4,
    0x97, 0xE5, 0x34, 0xBA, 0x41, 0xCC, 0x53, 0xA4, 0x3F, 0xAD, 0x56, 0x5F, 0xDB, 0x6B, 0xFF, 0x0A,
    0x59, 0xC7, 0xD3, 0x60, 0x54, 0x1A, 0xB1, 0x1C, 0x2F, 0x59, 0xFE, 0xF5, 0x0A, 0xF8, 0xB5, 0xAA,
    0xCA, 0xF2, 0xBE, 0x81, 0x1A, 0x21, 0xE1, 0x7F, 0x5C, 0xDB, 0x79, 0x66, 0xE5, 0x8F, 0xAA, 0x8E,
    0x42, 0xFC, 0xF5, 0x8A, 0x94, 0xE6, 0x3D, 0xAD, 0x7C, 0xEF, 0x0D, 0xCA, 0x17, 0x7B, 0x31, 0x88,
    0xAA, 0xF5, 0xB9, 0x48, 0xC9, 0xE2, 0xCF, 0x2B, 0xA9, 0x0E, 0x7E, 0xED, 0x3F, 0xD5, 0x02, 0xF5,
    0xA0, 0xFE, 0xF6, 0x0E, 0xA5, 0xE7, 0xFB, 0xD9, 0xFF, 0xA1, 0x71, 0x55, 0xCB, 0xD7, 0x4F, 0x68,
    0xDD, 0x72, 0xBC, 0xA2, 0x7B, 0xA5, 0xF8, 0x5B, 0x5F, 0xDD, 0xCD, 0xD1, 0x78, 0x25, 0xDB, 0xDF,
    0x29, 0xD3, 0xD4, 0x65, 0xDA, 0x65, 0xD2, 0xA7, 0xE4, 0x74, 0xBC, 0xF9, 0x05, 0xDE, 0xF3, 0x4A,
    0x03, 0xF5, 0x6C, 0xFB, 0x8C, 0x9F, 0x7F, 0x00, 0x6B, 0x5F, 0xB5, 0xDF, 0x5B, 0x7D, 0xEE, 0x5D,
    0x5F, 0x68, 0x10, 0x17, 0xFA, 0xA0, 0x54, 0xBE, 0x90, 0xA8, 0x1F, 0xD8, 0x0B, 0x5C, 0xB8, 0x49,
    0xFF, 0x6A, 0x96, 0x5A, 0xE5, 0x23, 0x20, 0xDD, 0x41, 0xE3, 0x82, 0x79, 0x55, 0x37, 0x6E, 0xAF,
    0xCB, 0x3D, 0xE5, 0xF0, 0x90, 0xFA, 0xCD, 0x75, 0xB9, 0x2F, 0x06, 0x43, 0x82, 0x9C, 0x88, 0x0D,
    0x5E, 0xF1, 0x2A, 0x82, 0x5A, 0x05, 0xD6, 0x2D, 0x2C, 0x50, 0xCB, 0x77, 0x1C, 0x5C, 0xD6, 0x4A,
    0x88, 0x59, 0xBD, 0x6A, 0x4A, 0xD7, 0xAB, 0x21, 0x83, 0xE7, 0x3C, 0x38, 0x1B, 0x1B, 0x21, 0xA2,
    0xE3, 0x83, 0x12, 0x51, 0x9D, 0xB1, 0xF1, 0x99, 0x18, 0x74, 0x09, 0x76, 0xC6, 0x85, 0x29, 0x91,
    0x86, 0xE6, 0xB6, 0xFD, 0x32, 0xF4, 0x1F, 0xCB, 0x75, 0xE6, 0x1D, 0x4D, 0x4D, 0xDA, 0xCE, 0xD0,
    0x52, 0xF0, 0x1B, 0xBE, 0x38, 0xAF, 0x20, 0xF4, 0xAB, 0xB4, 0xD3, 0xEA, 0x5A, 0xDA, 0xAD, 0xBD,
    0xA7, 0xA5, 0x4F, 0x3B, 0x25, 0xC1, 0x8D, 0xED, 0x59, 0xEB, 0x5F, 0xAD, 0x7E, 0x6C, 0x2F, 0xFE,
    0xF0, 0x1C, 0xA9, 0xDF, 0x3D, 0x47, 0xAA, 0xAD, 0x1E, 0x69, 0xFB, 0x58, 0x67, 0xD0, 0xE4, 0x12,
    0xA9, 0x5F, 0xD4, 0x76, 0xCE, 0x59, 0x74, 0x0E, 0xED, 0x6C, 0xA8, 0xA5, 0xA5, 0x10, 0x1F, 0x0A,
    0xC0, 0xEF, 0xA1, 0xAC, 0xE9, 0x0C, 0x03, 0x5C, 0x9C, 0xEA, 0xBD, 0xC7, 0xF2, 0x65, 0xAC, 0x5E,
    0x13, 0xEA, 0x0C, 0x55, 0x61, 0xDE, 0x5C, 0x63, 0xF9, 0xBB, 0xAF, 0xCA, 0x4C, 0x4B, 0x0B, 0x0B,
    0xF3, 0x4A, 0xC7, 0xD8, 0xE0, 0x84, 0x18, 0xD0, 0x81, 0xFC, 0x38, 0xC3, 0x89, 0xF1, 0xF2, 0xBD,
    0x6A, 0xD4, 0xE7, 0x52, 0xE0, 0x3D, 0xEB, 0xAF, 0xA2, 0xA5, 0x88, 0xCE, 0x2D, 0x14, 0xBF, 0x6B,
    0xFA, 0xAF, 0xAA, 0x5C, 0xAE, 0xC1, 0x2F, 0x55, 0xC4, 0xAF, 0xB9, 0xAA, 0xE1, 0x6F, 0xC4, 0x4F,
    0xAD, 0xC3, 0x7D, 0x6C, 0x90, 0x3A, 0x39, 0x47, 0x7A, 0xAF, 0x56, 0xA1, 0xDF, 0xED, 0x05, 0xB8,
    0x0F, 0x7F, 0x6D, 0x89, 0x46, 0x8E, 0x85, 0x4E, 0x1A, 0xCE, 0x58, 0x0C, 0xFF, 0xDF, 0xE3, 0xAD,
    0xD6, 0x9B, 0xCA, 0x44, 0x3C, 0xBC, 0xA9, 0xAC, 0x0A, 0x94, 0x8E, 0x7E, 0x61, 0x5C, 0x98, 0x83,
    0x6C, 0x7C, 0x1A, 0xFC, 0x89, 0x4F, 0x3A, 0x71, 0xD2, 0xB2, 0x41, 0x18, 0x1B, 0xFB, 0x60, 0xE3,
    0xE7, 0xA4, 0x78, 0x1E, 0x8C, 0x8D, 0x96, 0x83, 0x6C, 0xEC, 0x83, 0xED, 0x42, 0x5D, 0x69, 0x5C,
    0xAF, 0xEA, 0x59, 0x2E, 0x37, 0x95, 0xE5, 0x62, 0x89, 0x48, 0xF1, 0x13, 0x9C, 0x27, 0x08, 0xD8,
    0x91, 0xA4, 0x48, 0x42, 0xF6, 0x97, 0xF0, 0x0D, 0x5C, 0xB6, 0x94, 0xFE, 0x60, 0x60, 0xB6, 0xA2,
    0x7F, 0xA0, 0xEB, 0x74, 0x96, 0x36, 0xC3, 0x58, 0xB8, 0xF9, 0xA1, 0xDF, 0x4F, 0x31, 0xA4, 0xC6,
    0xD8, 0x70, 0xBD, 0xE3, 0xE9, 0xBB, 0x65, 0xF1, 0xEB, 0x97, 0x0F, 0x3F, 0x38, 0x8B, 0x2B, 0x13,
    0x64, 0xAB, 0x88, 0x45, 0xF8, 0x10, 0x78, 0x29, 0xE5, 0x74, 0x46, 0x7B, 0x1E, 0x8A, 0x95, 0x81,
    0x4F, 0xC4, 0xA3, 0x7B, 0x82, 0xFC, 0x9D, 0x04, 0xE8, 0xD5, 0x48, 0xCF, 0x78, 0x57, 0xA4, 0x63,
    0xD2, 0xC9, 0x8D, 0x15, 0x63, 0x1B, 0x71, 0xED, 0x83, 0x6D, 0x8F, 0x6E, 0x4E, 0x2E, 0xD1, 0xED,
    0x0F, 0xA3, 0x3B, 0xD8, 0x2F, 0x6C, 0x48, 0x77, 0x08, 0xC5, 0xBC, 0xD0, 0x37, 0xE6, 0x83, 0xB8,
    0x3F, 0xBD, 0xCB, 0x57, 0xF0, 0x16, 0x33, 0x1D, 0x27, 0x7C, 0x83, 0xDE, 0xF6, 0xA0, 0xC4, 0x0F,
    0x9D, 0x6F, 0xDA, 0x35, 0x39, 0x1A, 0x40, 0xAA, 0x0F, 0x87, 0x8F, 0x44, 0x37, 0x46, 0xB7, 0xFD,
    0xE5, 0xED, 0xDE, 0x0C, 0x11, 0x84, 0xA4, 0x5F, 0x12, 0xB5, 0xDD, 0xDA, 0xD9, 0xBE, 0x87, 0x7D,
    0x7F, 0x9D, 0x33, 0x21, 0xF2, 0xD0, 0xAC, 0xF4, 0x9C, 0x5A, 0x03, 0x0B, 0x5E, 0xB9, 0xE3, 0xA8,
    0xD2, 0x26, 0x6C, 0xB9, 0x70, 0xC3, 0xAB, 0xB0, 0xB4, 0x79, 0xE1, 0x66, 0xF4, 0xB2, 0x5C, 0x56,
    0x0D, 0xA9, 0xBB, 0xCC, 0xA5, 0x7E, 0x7D, 0x50, 0x62, 0x7A, 0x9B, 0xF9, 0xA0, 0xC4, 0x7F, 0xCA,
    0xF7, 0x2D, 0xD4, 0xA3, 0xA5, 0xCC, 0x75, 0x7B, 0x91, 0xF9, 0x53, 0xA2, 0x20, 0x9E, 0xF7, 0xE3,
    0x3F, 0xC6, 0x6E, 0xF7, 0x73, 0x10, 0xAB, 0x71, 0xC9, 0x5C, 0x12, 0xCA, 0xFF, 0x56, 0x14, 0x86,
    0xF7, 0x86, 0xE1, 0xC3, 0xEC, 0x96, 0x3D, 0xD5, 0xC3, 0x42, 0xE6, 0xA6, 0xCF, 0x89, 0x82, 0x5C,
    0xA3, 0x34, 0x46, 0x71, 0xD9, 0xD1, 0x60, 0x6F, 0xB4, 0xA3, 0x51, 0xEE, 0xA5, 0x0C, 0xAE, 0x38,
    0xA1, 0xBD, 0x91, 0x0F, 0x1B, 0xC4, 0xB5, 0x01, 0xBC, 0xDA, 0xA8, 0x95, 0x5F, 0xEF, 0x79, 0xEE,
    0x7D, 0xEA, 0xD3, 0xC1, 0x56, 0x9D, 0xC5, 0x8D, 0x5D, 0xD3, 0xD2, 0x8E, 0xEB, 0x18, 0x2A, 0x0E,
    0x97, 0x1D, 0x89, 0x54, 0x45, 0x36, 0x86, 0x89, 0xCA, 0x22, 0xC3, 0x1B, 0x4E, 0x8C, 0xFD, 0x8E,
    0x46, 0x3F, 0x1B, 0x70, 0x36, 0x02, 0xBF, 0x69, 0xD4, 0xCA, 0xD2, 0xB5, 0x61, 0xA3, 0x51, 0x3D,
    0x0F, 0x73, 0xDA, 0x50, 0x62, 0xEE, 0xFD, 0x6C, 0x08, 0xE8, 0x33, 0x68, 0x90, 0x65, 0xF4, 0xE0,
    0x79, 0x5C, 0xB1, 0x3E, 0xDA, 0xF2, 0xE8, 0x4E, 0xEA, 0x17, 0xF7, 0x53, 0x87, 0x91, 0xEB, 0x5C,
    0xCE, 0x43, 0x36, 0xA2, 0xB6, 0x3A, 0x7B, 0x48, 0xAD, 0x8C, 0xFE, 0x70, 0xAE, 0x28, 0x2E, 0xBD,
    0x71, 0x33, 0x9F, 0x37, 0xAB, 0xAB, 0xEF, 0x61, 0x1D, 0xA1, 0xD2, 0x2C, 0xC8, 0x82, 0x36, 0x06,
    0x6E, 0x87, 0xAA, 0xE7, 0x3C, 0xE5, 0xEF, 0xD4, 0x6F, 0xE0, 0x95, 0x57, 0xE6, 0x37, 0xE7, 0xCC,
    0xE6, 0xA4, 0x79, 0x4F, 0x73, 0xC2, 0x9E, 0x09, 0xE3, 0xA8, 0x95, 0x6B, 0x96, 0xBF, 0x55, 0x67,
    0xE9, 0xC7, 0x7B, 0xB1, 0x57, 0x97, 0xA8, 0xF7, 0x2D, 0xD4, 0x18, 0x2A, 0xD5, 0xCF, 0xB9, 0xED,
    0x29, 0x1A, 0xC5, 0xEF, 0x96, 0x8B, 0xA8, 0x61, 0xD1, 0xB3, 0x27, 0xD1, 0x8E, 0x0B, 0x91, 0x4C,
    0x57, 0xBC, 0x93, 0x97, 0x0D, 0x49, 0xC4, 0xED, 0x1C, 0xAA, 0x2F, 0x23, 0x20, 0xE4, 0x72, 0xD3,
    0x23, 0x08, 0x5A, 0x19, 0x70, 0xE7, 0x71, 0x8C, 0x79, 0x98, 0x99, 0x52, 0x07, 0xDF, 0x87, 0x22,
    0x03, 0xA9, 0xC1, 0xF1, 0x79, 0x9B, 0x10, 0xEE, 0x1B, 0xB2, 0xC6, 0x4B, 0xC3, 0x01, 0x74, 0x20,
    0xAA, 0x97, 0xEA, 0xFB, 0xF8, 0xCA, 0xE6, 0xFC, 0xCA, 0xCE, 0x52, 0x0A, 0xCE, 0x6B, 0xF7, 0x44,
    0x0B, 0xBC, 0xD4, 0x02, 0x89, 0xE1, 0x2E, 0x6A, 0x98, 0xDA, 0x07, 0xEF, 0x72, 0x44, 0x4F, 0x57,
    0xCF, 0x94, 0x25, 0xC7, 0xB6, 0xE5, 0x62, 0xC9, 0xA6, 0xBA, 0x65, 0x88, 0x85, 0x7A, 0x56, 0xFA,
    0xF1, 0x05, 0x5D, 0x44, 0xAA, 0x0D, 0xCB, 0xD0, 0x79, 0x55, 0xA7, 0xE7, 0x3B, 0xBA, 0xE8, 0x6B,
    0xD9, 0xDF, 0x5D, 0x3B, 0x2C, 0xE7, 0x8F, 0xD5, 0x04, 0x27, 0xE2, 0xBD, 0xF2, 0xC5, 0x25, 0xDB,
    0x6D, 0x6C, 0x5B, 0x65, 0xD4, 0x46, 0xEE, 0xD5, 0x65, 0x71, 0xDE, 0x1F, 0xDD, 0x53, 0x82, 0x98,
    0xEE, 0xF0, 0xAF, 0x97, 0x53, 0xAF, 0xFD, 0x32, 0xBD, 0x87, 0x1B, 0x79, 0x54, 0x4A, 0xF1, 0x0F,
    0x83, 0x52, 0x85, 0xFD, 0x4F, 0x5B, 0xEE, 0x7D, 0xEF, 0xC4, 0x75, 0x0E, 0xF3, 0x52, 0xDB, 0xA8,
    0xC3, 0x96, 0xE0, 0x52, 0x1B, 0xD2, 0xDB, 0xAB, 0xFF, 0x68, 0x10, 0x5B, 0xDD, 0x9D, 0x18, 0xD2,
    0x4C, 0x2B, 0x2F, 0x6D, 0x7A, 0x0C, 0xD9, 0xD9, 0xAA, 0xAB, 0xA3, 0x9E, 0xEA, 0xC7, 0x84, 0xD4,
    0x33, 0x15, 0xFF, 0xF2, 0xF9, 0x3A, 0xB8, 0x7F, 0x19, 0x1F, 0x97, 0xB8, 0xB9, 0x21, 0x93, 0xE2,
    0xB0, 0xF0, 0xFA, 0xD1, 0x65, 0x66, 0x86, 0x1B, 0x36, 0xA4, 0x3F, 0xA5, 0xFF, 0x38, 0xF6, 0x52,
    0x54, 0xD1, 0x88, 0xDF, 0x76, 0x5A, 0x07, 0xFC, 0x1E, 0x7E, 0xD7, 0x69, 0xBF, 0x98, 0x6B, 0x80,
    0x5F, 0xEB, 0x9B, 0x72, 0xAD, 0x7B, 0x0B, 0x89, 0x1C, 0x84, 0x50, 0x2B, 0x8D, 0xC3, 0x90, 0x5A,
    0xB4, 0xD4, 0xE3, 0x1B, 0x48, 0x3F, 0x82, 0xB1, 0x91, 0xB0, 0x1C, 0x44, 0x6D, 0x63, 0x82, 0xF7,
    0xF3, 0x84, 0x6C, 0xD7, 0xFC, 0x18, 0x1D, 0xD4, 0x5D, 0x44, 0xF7, 0xF9, 0xAB, 0xAA, 0xEE, 0x03,
    0x3D, 0xD6, 0x63, 0x5E, 0xCB, 0x3F, 0x47, 0x88, 0x1D, 0xD9, 0x49, 0x80, 0x34, 0x78, 0xCA, 0x0E,
    0x3D, 0x1B, 0xD9, 0xB3, 0xD2, 0xF8, 0x96, 0xDF, 0xCB, 0xAD, 0x0D, 0x78, 0x89, 0xCF, 0x70, 0x66,
    0xFD, 0x60, 0x98, 0xF7, 0x8D, 0x53, 0xBD, 0xF5, 0x49, 0xDF, 0x6F, 0xE5, 0xD8, 0xE3, 0xE1, 0x40,
    0x1E, 0x3C, 0x1C, 0xF8, 0xF1, 0x2E, 0xAE, 0x13, 0x83, 0x46, 0x0C, 0xA6, 0xA4, 0xEE, 0x45, 0x1B,
    0x64, 0xBE, 0x5F, 0x14, 0xFE, 0xDD, 0x9C, 0xAE, 0x36, 0xA7, 0x3A, 0x6C, 0xF4, 0xD0, 0x56, 0xCC,
    0x31, 0xBF, 0xA1, 0x4F, 0x89, 0x41, 0xA7, 0xCE, 0xDF, 0x6C, 0x98, 0x37, 0x4F, 0x80, 0x1B, 0x2D,
    0xA5, 0x16, 0x3D, 0xBE, 0x9D, 0xC7, 0xCF, 0xD9, 0x49, 0x7A, 0xAA, 0x67, 0x0F, 0x59, 0x98, 0xCB,
    0xF4, 0x39, 0x2E, 0xFE, 0xBA, 0x2E, 0xCB, 0xE1, 0xB2, 0x38, 0xAF, 0xE1, 0xA1, 0x93, 0x79, 0x69,
    0xF3, 0xCF, 0x60, 0x9E, 0xEC, 0xF9, 0x71, 0x0E, 0x9C, 0xE7, 0x60, 0xBA, 0xFD, 0x97, 0x39, 0x6C,
    0x3C, 0xD1, 0x43, 0xD7, 0x03, 0xD3, 0x3E, 0x5B, 0x46, 0xAA, 0x0A, 0xCF, 0x1C, 0x2D, 0xE1, 0x52,
    0x75, 0x65, 0xA1, 0x7B, 0x65, 0x4E, 0x10, 0xB4, 0xCB, 0x2C, 0x9F, 0xAC, 0x5A, 0x7D, 0x69, 0xA5,
    0xFA, 0xA5, 0x95, 0xEA, 0xB5, 0x9C, 0xAD, 0xE7, 0xAC, 0x8F, 0x64, 0x97, 0x56, 0x75, 0xB1, 0xB4,
    0x7E, 0xB2, 0xEF, 0x14, 0x9F, 0xAD, 0xF1, 0x92, 0x96, 0x96, 0xF8, 0x89, 0x97, 0x3D, 0x36, 0x5A,
    0xF6, 0xCC, 0xA8, 0x6B, 0x2B, 0x2F, 0xAD, 0x0E, 0xC3, 0x2B, 0x39, 0xEA, 0xDA, 0x8A, 0x4B, 0xAB,
    0x3C, 0xD8, 0x6E, 0x5B, 0x97, 0x6B, 0xEA, 0x94, 0x6C, 0xE0, 0x25, 0xCB, 0x85, 0xBD, 0x02, 0x26,
    0xF3, 0xC6, 0x5D, 0x6F, 0x5A, 0xD6, 0xBA, 0x86, 0x3A, 0x96, 0x53, 0x42, 0x6D, 0x0B, 0xB2, 0x92,
    0x6E, 0xD9, 0x11, 0xE6, 0x16, 0x9D, 0x96, 0x9B, 0x6C, 0x43, 0x52, 0x32, 0xC6, 0xF7, 0x3C, 0x7B,
    0xE0, 0xE2, 0xE9, 0x90, 0xD1, 0x9F, 0xA7, 0xD4, 0x26, 0x1B, 0x48, 0x76, 0x48, 0xBC, 0x91, 0xA7,
    0xEC, 0xA7, 0x54, 0x49, 0x89, 0xB8, 0xFF, 0x0F, 0x81, 0xB8, 0xF9, 0x87, 0x40, 0xB3, 0x54, 0x97,
    0xB6, 0xF1, 0xE5, 0x1D, 0xA1, 0xED, 0x58, 0x2E, 0x6F, 0x8E, 0xD5, 0xF2, 0x60, 0x5F, 0x8F, 0x2E,
    0x8A, 0xA7, 0x8B, 0x29, 0x7F, 0xFE, 0x31, 0xAF, 0xC3, 0x2C, 0x95, 0x11, 0x95, 0x49, 0x16, 0x6A,
    0x77, 0x1F, 0xE0, 0x22, 0x2A, 0xFD, 0x2C, 0x27, 0x2B, 0xA7, 0x2F, 0xCB, 0x78, 0x73, 0xAE, 0x30,
    0x7A, 0xDB, 0xC8, 0x1C, 0x4E, 0x8A, 0xB5, 0xAF, 0x0E, 0x3A, 0xD8, 0xB8, 0x1D, 0xDE, 0xE3, 0x86,
    0xE7, 0x33, 0x3C, 0x7D, 0xE3, 0xBF, 0xA5, 0x38, 0x79, 0x61, 0x9C, 0x49, 0xD9, 0xBC, 0xB9, 0xD4,
    0xA3, 0xC7, 0xF2, 0x5C, 0x5F, 0xBD, 0x53, 0xE5, 0x9B, 0x45, 0xAD, 0xCC, 0xB6, 0x57, 0x6F, 0x6A,
    0x7A, 0x50, 0xB2, 0x3C, 0xB9, 0xCE, 0xCA, 0xCE, 0xFE, 0xE6, 0xFB, 0xEB, 0x87, 0xB9, 0x7E, 0xE8,
    0x37, 0x1F, 0xF2, 0xA8, 0xDC, 0xF4, 0xBC, 0xDE, 0x46, 0x3B, 0x8B, 0x01, 0x77, 0xB0, 0x6C, 0xAB,
    0x57, 0xB5, 0xEA, 0xE8, 0xA5, 0x56, 0xFE, 0x02, 0x12, 0xBA, 0x9D, 0x22, 0x18, 0xB0, 0xAF, 0xE8,
    0xBF, 0x1E, 0xB3, 0x83, 0xB9, 0x76, 0xDF, 0xD0, 0x3E, 0xC7, 0x7F, 0xEB, 0xEC, 0x8F, 0xAF, 0xB3,
    0x3F, 0x5F, 0xCF, 0x7F, 0xCB, 0xFF, 0x8A, 0x58, 0x9E, 0x52, 0x30, 0x3E, 0x27, 0xFF, 0xA0, 0x83,
    0x31, 0x4A, 0xFE, 0x4B, 0xE8, 0xAF, 0x2C, 0xFF, 0x07, 0xCC, 0x94, 0x09, 0xAA, 0xC4, 0xB8, 0x0E,
    0x45, 0x2F, 0x68, 0x01, 0x5E, 0xD0, 0xFF, 0xDD, 0xDE, 0xBA, 0xE0, 0x2D, 0xA0, 0xB6, 0x22, 0x78,
    0xCC, 0x08, 0x4E, 0x13, 0x39, 0x16, 0xA9, 0x54, 0x7A, 0x1E, 0x05, 0xE8, 0x9C, 0xCA, 0x68, 0xDD,
    0x14, 0x56, 0xD5, 0x0C, 0x49, 0xFF, 0x97, 0x08, 0x19, 0xE4, 0xC1, 0x09, 0x38, 0x21, 0x80, 0x6F,
    0xDC, 0xA8, 0xF2, 0x41, 0x1E, 0xAA, 0x81, 0x6B, 0x92, 0x9A, 0x68, 0x79, 0x4A, 0x76, 0x21, 0xC5,
    0x10, 0x21, 0xE9, 0xF7, 0xB3, 0xEF, 0xBF, 0x3D, 0xB7, 0xDF, 0x37, 0xDA, 0x01, 0x24, 0x3B, 0x90,
    0x92, 0x0E, 0x86, 0xB4, 0xD6, 0x2F, 0xAD, 0x79, 0x56, 0x19, 0x7E, 0xC3, 0x20, 0x0C, 0x09, 0x18,
    0xEC, 0x47, 0x8C, 0x85, 0x09, 0xD4, 0x7B, 0xEB, 0xD5, 0xC4, 0xC6, 0xE0, 0xF7, 0xA1, 0xEE, 0x9B,
    0xB9, 0x80, 0x91, 0x6B, 0xCD, 0x21, 0xD9, 0xB9, 0x42, 0x40, 0xB5, 0xE0, 0xD0, 0xAE, 0x99, 0x9B,
    0xC4, 0xD1, 0x9B, 0xB1, 0xC8, 0x22, 0xF8, 0x49, 0x2D, 0xE6, 0x49, 0x2D, 0xE6, 0xDF, 0xC4, 0x28,
    0xBE, 0x1F, 0x43, 0xB6, 0x98, 0xE0, 0x35, 0x63, 0xD1, 0x38, 0xC7, 0x03, 0xE2, 0xE0, 0x00, 0xBF,
    0x8D, 0xD9, 0xC0, 0x6B, 0xC6, 0x02, 0x05, 0xF0, 0x2B, 0x52, 0x05, 0x2F, 0xA4, 0xFE, 0x00, 0x42,
    0x5C, 0x90, 0xA3, 0x00, 0x07, 0x26, 0xBC, 0xD6, 0xD7, 0x19, 0x29, 0x19, 0x79, 0xE0, 0x2C, 0xDC,
    0xD8, 0x3E, 0xA3, 0x4F, 0x68, 0xE4, 0x8C, 0xED, 0x06, 0xBE, 0x5D, 0xA0, 0x9B, 0x3F, 0x17, 0x10,
    0x3B, 0xAD, 0x6A, 0x17, 0x8F, 0x8B, 0xE7, 0xC5, 0xD9, 0x1E, 0x95, 0x85, 0x34, 0x10, 0xB1, 0xF2,
    0xD7, 0xCC, 0xBB, 0xAB, 0x9C, 0x68, 0x37, 0x7C, 0x79, 0xB6, 0x57, 0x38, 0x03, 0xB5, 0xBF, 0x7D,
    0xF3, 0xF6, 0xE2, 0xBE, 0xD7, 0xF0, 0xFE, 0x3D, 0xDE, 0x5C, 0xED, 0x33, 0x97, 0x5F, 0xB7, 0x82,
    0x81, 0xB7, 0x83, 0x5B, 0x8D, 0x70, 0x99, 0x2B, 0xF6, 0xBC, 0xDB, 0xE3, 0xE2, 0x6A, 0xC7, 0xB7,
    0xAB, 0xCA, 0x52, 0xFD, 0x5D, 0xF0, 0x19, 0x7B, 0x1F, 0xF8, 0xDE, 0xC1, 0x6A, 0x82, 0xD8, 0x81,
    0x67, 0xE9, 0xDE, 0xA5, 0x00, 0x54, 0xD5, 0xA1, 0xEE, 0x75, 0x0F, 0x20, 0xDE, 0x55, 0xCF, 0x4A,
    0x6E, 0xDD, 0xDB, 0xD5, 0xD6, 0xC1, 0x35, 0xD8, 0x9B, 0x92, 0xD7, 0xAF, 0x63, 0xF8, 0x25, 0xC8,
    0x9B, 0xDA, 0x75, 0x1F, 0xEA, 0xEB, 0xD8, 0x0A, 0xA0, 0xCA, 0xB3, 0x23, 0xEC, 0x04, 0xB7, 0xAA,
    0xD5, 0x4B, 0xFB, 0x8F, 0xE2, 0xC6, 0xB2, 0x19, 0x23, 0x97, 0x8D, 0xDC, 0x67, 0x0D, 0xBC, 0x4D,
    0xCB, 0x44, 0x6E, 0x93, 0xDA, 0x8A, 0x23, 0x05, 0xA4, 0xC1, 0x69, 0x03, 0x5E, 0xCB, 0x26, 0x70,
    0xB7, 0x03, 0x59, 0x81, 0x13, 0x1D, 0xDD, 0xD5, 0xC6, 0xCE, 0xB0, 0x6C, 0xE6, 0x36, 0xE2, 0xC3,
    0x0C, 0x3F, 0xAD, 0xF7, 0xDF, 0xBD, 0xD8, 0xB7, 0x5D, 0x98, 0x38, 0x6C, 0x2D, 0x12, 0x6A, 0x7D,
    0x65, 0xD6, 0x26, 0xD2, 0xCA, 0x56, 0x46, 0xE3, 0x3F, 0x09, 0xC0, 0x7F, 0x19, 0xE7, 0x3E, 0x55,
    0x98, 0x57, 0xC0, 0x89, 0x58, 0xF0, 0x05, 0x15, 0xA2, 0xA0, 0xB1, 0x38, 0x93, 0xF8, 0x39, 0x98,
    0x17, 0xA4, 0x2B, 0x66, 0xFE, 0x73, 0x00, 0xFC, 0x97, 0xF1, 0x39, 0xFB, 0x2F, 0x26, 0x71, 0x0F,
    0x84, 0xD0, 0xD1, 0x0C, 0xBF, 0x36, 0x55, 0xFB, 0x7F, 0x6F, 0x65, 0xEA, 0x4B, 0xFE, 0xF6, 0x26,
    0x3D, 0x34, 0xE3, 0xD2, 0x24, 0xEB, 0xBD, 0x8D, 0x83, 0x32, 0x1C, 0xFC, 0xC1, 0xE2, 0xC1, 0xB2,
    0x8D, 0x6D, 0xAF, 0xB6, 0x2F, 0xFC, 0xC3, 0x9C, 0xF8, 0xB4, 0x99, 0xA7, 0xC5, 0x64, 0xDB, 0x68,
    0x33, 0xBE, 0x3E, 0x4C, 0x7C, 0xB7, 0xC5, 0xB6, 0x99, 0x6D, 0x6C, 0x1B, 0x6D, 0xF6, 0x60, 0x7A,
    0xB2, 0x59, 0xA6, 0xAA, 0x47, 0x1B, 0xDB, 0x26, 0xE8, 0xD3, 0xB2, 0x2D, 0xDA, 0xD4, 0x95, 0x5B,
    0x0C, 0x41, 0x61, 0x74, 0xCE, 0x6D, 0xEB, 0x6C, 0x1C, 0x50, 0xB6, 0x49, 0x90, 0x6D, 0xEC, 0xEB,
    0x5E, 0x6D, 0x95, 0xF3, 0xCD, 0x9C, 0xF8, 0xB4, 0x99, 0xA7, 0xC5, 0x64, 0xDB, 0x68, 0xAB, 0x9C,
    0x6F, 0x26, 0xBE, 0xDB, 0x62, 0xDB, 0xCC, 0x36, 0xB6, 0x8D, 0x36, 0x7B, 0x30, 0x3D, 0xD9, 0x2C,
    0x3B, 0xEB, 0x97, 0x6D, 0xD0, 0xF2, 0x64, 0xD9, 0x16, 0x6D, 0xBE, 0x2D, 0x16, 0x67, 0xEA, 0x99,
    0xB1, 0x38, 0x5C, 0xB7, 0x42, 0xA4, 0x34, 0x83, 0x2F, 0xF0, 0x83, 0x2F, 0x88, 0x83, 0xD0, 0xCC,
    0x83, 0xA9, 0xC5, 0xD0, 0xFC, 0x37, 0xD8, 0x73, 0x3C, 0x92, 0x45, 0x3E, 0xE8, 0x27, 0x0B, 0xE7,
    0xA8, 0x75, 0x97, 0x61, 0xF8, 0x81, 0x17, 0x97, 0xDD, 0x6F, 0x12, 0x1D, 0xEC, 0xBD, 0x26, 0xDE,
    0xE8, 0x2B, 0x79, 0xC7, 0x2B, 0x25, 0xD9, 0xC6, 0x38, 0x30, 0x18, 0x14, 0xAC, 0x90, 0x85, 0x99,
    0x86, 0x1F, 0x50, 0x21, 0x6A, 0x00, 0x1A, 0xF3, 0x00, 0x90, 0xB2, 0x4F, 0xA0, 0xB1, 0x21, 0x8D,
    0x05, 0xC3, 0x67, 0xDE, 0x21, 0x82, 0x28, 0x8C, 0xD4, 0x0C, 0x43, 0xB8, 0x6A, 0xDE, 0x49, 0xD6,
    0x04, 0xF7, 0x49, 0xEB, 0xD8, 0xD8, 0xAF, 0xF0, 0x6A, 0x16, 0x46, 0xD8, 0x8A, 0xB8, 0xDB, 0x80,
    0x30, 0x20, 0x26, 0x10, 0x10, 0xF5, 0xAA, 0xDD, 0xBC, 0x5B, 0x18, 0xF1, 0x53, 0xFB, 0x56, 0x98,
    0x1A, 0x39, 0x0F, 0x43, 0x0D, 0xFE, 0xFB, 0x81, 0xAF, 0xB2, 0x37, 0xD0, 0xD5, 0x05, 0x3D, 0x40,
    0xAF, 0x22, 0x98, 0xBF, 0x82, 0xF7, 0x21, 0xBF, 0x3C, 0xE2, 0x34, 0xD9, 0xD9, 0x61, 0xB7, 0xDD,
    0xB6, 0xC3, 0x9A, 0xFA, 0xC9, 0x93, 0x49, 0x6C, 0x3B, 0xD2, 0xC8, 0x92, 0xE4, 0x02, 0xD8, 0xC0,
    0x00, 0x8B, 0x81, 0x18, 0xF3, 0x5B, 0x9F, 0x26, 0xD2, 0x00, 0xED, 0xA9, 0x20, 0xB7, 0xA4, 0x4F,
    0x76, 0xF9, 0xCF, 0x05, 0x78, 0x9F, 0xF1, 0x45, 0x7E, 0x00, 0x18, 0x1A, 0xC7, 0x78, 0x33, 0x2E,
    0xBC, 0xD7, 0xCC, 0x73, 0xA4, 0xC5, 0xDC, 0x5D, 0x80, 0xE3, 0x4C, 0x2D, 0xDF, 0xBD, 0xAE, 0x82,
    0xDA, 0x1E, 0x14, 0xD4, 0x1F, 0x6D, 0x77, 0xF6, 0x0D, 0x90, 0x11, 0x1C, 0xBB, 0x5B, 0x9F, 0x5D,
    0x71, 0x0B, 0x28, 0x8C, 0x70, 0x14, 0x1C, 0x4C, 0x22, 0xC1, 0x79, 0x9C, 0x6C, 0xCF, 0x1D, 0x3B,
    0xDB, 0x46, 0xE0, 0x78, 0x12, 0x5B, 0xCE, 0x45, 0x33, 0xE3, 0x3C, 0x35, 0xEB, 0x12, 0x08, 0x09,
    0xEA, 0x0D, 0xDB, 0xDE, 0x33, 0xB4, 0x8B, 0xAB, 0x48, 0x09, 0xAA, 0x37, 0x1F, 0x94, 0xAE, 0x97,
    0x39, 0xBE, 0x25, 0x82, 0x30, 0xF0, 0x4B, 0xB0, 0xB4, 0x2C, 0x80, 0x1C, 0x17, 0x06, 0x24, 0x40,
    0x06, 0xD3, 0x18, 0x48, 0xFA, 0x52, 0x32, 0xB7, 0x86, 0xE6, 0x2B, 0x8D, 0xB2, 0x16, 0xE8, 0xB6,
    0xBF, 0x85, 0x51, 0x38, 0xD7, 0x5D, 0x88, 0xD6, 0x0B, 0x53, 0xB6, 0xAF, 0xF7, 0xC2, 0xC5, 0xC3,
    0xF6, 0x36, 0xE2, 0x31, 0x5D, 0xC0, 0x00, 0xC4, 0x1F, 0x43, 0x34, 0x6C, 0x90, 0x03, 0x39, 0x59,
    0x3F, 0x63, 0x0C, 0x33, 0xC2, 0xC0, 0xF8, 0x82, 0xCD, 0xC9, 0x9D, 0x51, 0x5B, 0xD6, 0x98, 0x8A,
    0xDE, 0x7C, 0x62, 0xA8, 0xCD, 0xEB, 0xDF, 0xEA, 0xD5, 0xD7, 0x95, 0x05, 0x96, 0x82, 0x9E, 0xFC,
    0xA1, 0xF7, 0x6A, 0xB5, 0x2C, 0xF8, 0x04, 0x4E, 0x48, 0x9E, 0x11, 0x9B, 0x51, 0x28, 0xA7, 0xC9,
    0x62, 0xA2, 0x3F, 0x15, 0x3F, 0xA4, 0x3F, 0x2D, 0xB5, 0xE4, 0xFA, 0xD4, 0xF3, 0x8B, 0x31, 0x05,
    0xAD, 0xEF, 0x2F, 0x39, 0xB9, 0x17, 0xE4, 0xAA, 0x7B, 0x9E, 0x8B, 0x29, 0xC3, 0xDB, 0x28, 0x26,
    0xD4, 0xD5, 0x71, 0x50, 0x4D, 0x1D, 0x5F, 0x8D, 0x33, 0x4B, 0xEC, 0x67, 0x60, 0x31, 0xE6, 0xE1,
    0x85, 0x23, 0x9E, 0x8C, 0x33, 0xF0, 0xA6, 0xD0, 0x46, 0x48, 0x35, 0x7C, 0x2D, 0xA6, 0x14, 0x30,
    0x56, 0x9E, 0x05, 0x98, 0xE0, 0xD6, 0x06, 0xE2, 0xC7, 0x6A, 0xC2, 0x5A, 0x4E, 0x00, 0x80, 0x13,
    0x68, 0x34, 0x1A, 0xB3, 0x16, 0x1D, 0x61, 0x32, 0x32, 0x5A, 0x07, 0x24, 0x93, 0x6C, 0x5E, 0x13,
    0x95, 0x6C, 0xD4, 0xA4, 0x7D, 0x77, 0x08, 0xF4, 0xA9, 0x65, 0x8F, 0xA7, 0x72, 0x32, 0x1E, 0xDB,
    0xDD, 0xC0, 0x8F, 0x9F, 0xE0, 0x73, 0x3C, 0xC4, 0xB0, 0x96, 0x13, 0xFB, 0x46, 0xA0, 0x4F, 0xFA,
    0xEE, 0x89, 0x19, 0xB6, 0x72, 0x8D, 0x33, 0xDD, 0x41, 0xD7, 0x3E, 0x81, 0x6B, 0xB2, 0x06, 0xEF,
    0x37, 0xCE, 0x45, 0x31, 0xEB, 0xFE, 0xF3, 0xC6, 0x80, 0x1A, 0xA9, 0xD8, 0x30, 0x1B, 0x4B, 0x7E,
    0x0B, 0x6A, 0xC0, 0xD9, 0xE8, 0x6B, 0x03, 0xD4, 0x8B, 0xED, 0x6D, 0x23, 0xB7, 0x86, 0xA5, 0x0C,
    0x28, 0x28, 0xBE, 0xFA, 0xB6, 0xD1, 0x4F, 0x8D, 0xC9, 0xC1, 0x54, 0x03, 0xE0, 0x14, 0x66, 0xC3,
    0x4E, 0x0D, 0xAD, 0x63, 0xB7, 0x9A, 0xAF, 0xE9, 0xA5, 0xE4, 0x0E, 0x32, 0x28, 0x0D, 0x12, 0x1F,
    0xF8, 0x46, 0xA3, 0x47, 0x67, 0xD8, 0x57, 0x69, 0x03, 0xB2, 0x73, 0xA7, 0xBC, 0x31, 0x3B, 0x48,
    0x6D, 0xA3, 0xCA, 0x5D, 0x9D, 0xF2, 0xD9, 0x2E, 0xDA, 0xC1, 0x4E, 0x66, 0x70, 0x2B, 0xC0, 0x52,
    0xF4, 0xB6, 0xB1, 0xDE, 0x8B, 0x76, 0xA4, 0xAC, 0xB4, 0xFF, 0xC4, 0x50, 0xDF, 0xD7, 0x4A, 0x02,
    0x28, 0xE0, 0x0B, 0xA7, 0x4F, 0x58, 0xC4, 0xB9, 0xBC, 0x8B, 0x50, 0x37, 0x42, 0x04, 0x88, 0x9F,
    0x92, 0x66, 0x21, 0x62, 0x39, 0xC7, 0x7D, 0x43, 0x50, 0x84, 0x6E, 0x6D, 0xB4, 0x81, 0x2C, 0xD2,
    0xA1, 0x29, 0xAD, 0x13, 0xAC, 0xAB, 0x92, 0xAB, 0x3E, 0xF3, 0x3F, 0x03, 0xDA, 0x9C, 0x84, 0xDB,
    0x1F, 0x07, 0x13, 0x8E, 0xBB, 0x68, 0x7A, 0x6A, 0xED, 0x67, 0x48, 0x1B, 0x4C, 0xE1, 0xF0, 0x42,
    0x25, 0xE1, 0x00, 0x5F, 0x91, 0xD7, 0x8D, 0x5A, 0x05, 0xD8, 0xD0, 0x0B, 0x15, 0x01, 0xE1, 0xEA,
    0x9D, 0xAA, 0x49, 0xCA, 0x6B, 0xFB, 0xA2, 0x70, 0xF1, 0x16, 0xC5, 0x21, 0x65, 0x6E, 0xD5, 0x29,
    0xB9, 0x43, 0xE6, 0x90, 0x37, 0x83, 0x43, 0x43, 0x13, 0x13, 0x22, 0x84, 0xE2, 0xCD, 0x35, 0x52,
    0xEE, 0xED, 0x88, 0x28, 0x1C, 0xF0, 0x89, 0xE8, 0x88, 0x0E, 0x8D, 0xAE, 0x99, 0x90, 0x0D, 0x6B,
    0x14, 0xEC, 0x45, 0x9E, 0xEF, 0x40, 0x10, 0x96, 0x62, 0xB4, 0x23, 0x06, 0x33, 0x76, 0x46, 0xE9,
    0x7E, 0x45, 0xE2, 0x10, 0x5C, 0xF8, 0x35, 0x58, 0x42, 0xC1, 0x85, 0xD9, 0x0B, 0xFB, 0xA3, 0x18,
    0x20, 0xE7, 0xD2, 0x57, 0xF8, 0xD1, 0xE6, 0x7D, 0x86, 0x30, 0x80, 0xE0, 0x05, 0x64, 0x48, 0x47,
    0x1B, 0x7B, 0x24, 0x22, 0xF8, 0x5B, 0x90, 0x37, 0x20, 0x64, 0x59, 0x12, 0xB7, 0x4C, 0x92, 0x4E,
    0xDC, 0x65, 0x0B, 0x85, 0xCC, 0x46, 0x0F, 0xF8, 0xC4, 0xDD, 0x12, 0x44, 0xE1, 0x0D, 0x31, 0x91,
    0x01, 0x24, 0x62, 0x2C, 0x98, 0x9C, 0x6A, 0xDB, 0x9E, 0x55, 0x3F, 0x7D, 0xA2, 0xFE, 0x56, 0x69,
    0x06, 0x91, 0x29, 0x0A, 0x62, 0x28, 0xDB, 0x1A, 0x23, 0xF7, 0x53, 0x04, 0x7D, 0x4F, 0x39, 0x89,
    0x9C, 0x8A, 0xE5, 0x6F, 0x93, 0x01, 0x27, 0x99, 0x9F, 0xD6, 0x5C, 0xB4, 0xF6, 0xDE, 0x31, 0xE7,
    0x24, 0xEE, 0x28, 0x7D, 0xBE, 0x11, 0x97, 0x3A, 0x5D, 0x49, 0x4E, 0xB2, 0x3D, 0x57, 0x03, 0xAC,
    0x1B, 0x79, 0xAC, 0x03, 0x19, 0xDA, 0x32, 0x7A, 0x47, 0x3C, 0x43, 0xCC, 0x6E, 0x37, 0x9A, 0xE2,
    0x90, 0x2E, 0xF5, 0x03, 0xC1, 0xA4, 0xE3, 0x40, 0x1A, 0xFE, 0x66, 0x28, 0x8F, 0xC3, 0xF5, 0xD4,
    0x4C, 0xC7, 0x0E, 0x08, 0x82, 0x8E, 0x8C, 0xF8, 0x63, 0xD6, 0xFD, 0xD3, 0xF2, 0x6E, 0x3C, 0xC2,
    0x3B, 0x2F, 0x00, 0x4E, 0xA0, 0xF2, 0x45, 0x39, 0xFB, 0xE8, 0x2E, 0x40, 0xB5, 0x7F, 0x02, 0xDE,
    0xA8, 0x44, 0xC5, 0xC6, 0x85, 0x35, 0x90, 0x24, 0x29, 0x98, 0x10, 0x05, 0x29, 0xED, 0xCC, 0xC4,
    0xC5, 0x01, 0xD4, 0x17, 0xBC, 0x2F, 0x4E, 0x68, 0xC8, 0x12, 0x8B, 0xF7, 0x98, 0x6E, 0xE7, 0x5E,
    0x21, 0x3D, 0xA8, 0x4B, 0x5A, 0x41, 0x81, 0x18, 0x55, 0xE0, 0x9C, 0xB8, 0xE6, 0x2C, 0x38, 0x4D,
    0x9C, 0x5F, 0x44, 0x75, 0x51, 0x43, 0xC5, 0x3E, 0x71, 0xD9, 0x21, 0x7E, 0x9D, 0x38, 0xC1, 0x47,
    0x27, 0x4E, 0x96, 0x3A, 0x39, 0xA0, 0xEA, 0xAC, 0xF9, 0x1E, 0x27, 0xCE, 0xFE, 0x9D, 0x38, 0xAB,
    0xBA, 0xF8, 0x5A, 0xBE, 0x37, 0x63, 0x6F, 0xE6, 0xD6, 0xFC, 0x77, 0xB6, 0x8C, 0xE5, 0x1D, 0x5A,
    0x4F, 0x78, 0xB6, 0x4C, 0xBA, 0xF1, 0x98, 0x7E, 0x68, 0x6B, 0xFA, 0xE1, 0x9B, 0xF9, 0x1A, 0xD7,
    0x5A, 0x57, 0xDB, 0xD4, 0x57, 0xF7, 0x35, 0x10, 0x9C, 0xFE, 0x6F, 0x35, 0x10, 0x0F, 0x35, 0x00,
    0xDC, 0x6F, 0xAC, 0x37, 0x3F, 0xDE, 0x90, 0x73, 0xD1, 0xE1, 0x52, 0x19, 0x6C, 0x40, 0x07, 0xC4,
    0xD5, 0x60, 0x66, 0x3F, 0x76, 0x97, 0xC3, 0xA7, 0x77, 0xC5, 0x8D, 0x16, 0xD1, 0xF0, 0x3A, 0x6F,
    0xE0, 0x83, 0x08, 0x2B, 0x2C, 0x86, 0x62, 0x7A, 0x11, 0x53, 0x13, 0x0B, 0xE3, 0x12, 0xE5, 0xF8,
    0x08, 0xED, 0x9E, 0x0B, 0x86, 0xC2, 0x25, 0xE2, 0x0E, 0xC8, 0x8E, 0x28, 0x8C, 0xF5, 0xB7, 0xF1,
    0x1B, 0x28, 0xAB, 0x0D, 0x71, 0x9D, 0xB1, 0x90, 0xA9, 0xA7, 0x02, 0x9C, 0xA3, 0x06, 0xB1, 0x60,
    0x4E, 0x44, 0xE1, 0xEB, 0xC4, 0x17, 0xB8, 0x10, 0x8E, 0xD8, 0xD1, 0xB2, 0xCF, 0x97, 0x57, 0x38,
    0x26, 0x76, 0xBC, 0x40, 0xD8, 0x70, 0x9B, 0x18, 0x85, 0x96, 0x13, 0x77, 0x75, 0x7A, 0x18, 0xB6,
    0xAD, 0x68, 0xD0, 0x56, 0xAB, 0x85, 0x48, 0x04, 0x65, 0xF9, 0xA9, 0x4C, 0x7E, 0xD5, 0x58, 0x5E,
    0xFC, 0x94, 0x91, 0x22, 0x9D, 0xC8, 0x51, 0xDF, 0x05, 0xA4, 0x6C, 0xF4, 0x92, 0x3B, 0xA4, 0xAD,
    0x66, 0x11, 0x1B, 0x0E, 0x41, 0xE3, 0x11, 0x4B, 0x22, 0xC0, 0x36, 0xF2, 0xEA, 0xE7, 0xB8, 0x32,
    0x10, 0x07, 0x72, 0x0E, 0x28, 0xF7, 0x53, 0x40, 0xD9, 0x7F, 0x11, 0x50, 0x06, 0x70, 0x1D, 0x50,
    0xBE, 0x88, 0x24, 0x8F, 0xFB, 0x91, 0xE4, 0x0B, 0x45, 0xA7, 0xF2, 0x43, 0xC2, 0x37, 0x26, 0xDF,
    0x5E, 0x0A, 0x7A, 0x08, 0x5E, 0x77, 0xF3, 0xDC, 0x3F, 0x27, 0xBA, 0x2C, 0xCF, 0x40, 0xD3, 0xDC,
    0xB9, 0xB4, 0xEE, 0x3B, 0xFA, 0x66, 0x5F, 0xD8, 0xBF, 0x78, 0xB3, 0x54, 0xD2, 0xCE, 0xBC, 0x81,
    0xA3, 0x9D, 0x82, 0xD8, 0x68, 0xC1, 0x37, 0x8E, 0x3F, 0x1F, 0x23, 0xCA, 0x88, 0x45, 0x24, 0xFA,
    0x7E, 0xB4, 0x9C, 0xC5, 0x29, 0xF4, 0x49, 0x0F, 0x1B, 0xE2, 0x04, 0x5F, 0xFF, 0x45, 0x5C, 0x00,
    0x8C, 0x0B, 0x30, 0xB8, 0xDC, 0x8B, 0x70, 0xD8, 0xBA, 0xEB, 0x46, 0x7B, 0xCD, 0x27, 0xC1, 0x46,
    0x28, 0xCE, 0x39, 0xC9, 0xD8, 0x48, 0x4C, 0x62, 0x5E, 0x24, 0xE1, 0x33, 0x2E, 0x00, 0x06, 0x04,
    0x52, 0x64, 0xF0, 0x75, 0xFF, 0x2C, 0x2E, 0xD0, 0xB1, 0x49, 0x12, 0xFD, 0xD5, 0x58, 0x02, 0x1C,
    0x7A, 0x03, 0xAB, 0xF7, 0x58, 0xF0, 0x46, 0xD5, 0xF6, 0xBA, 0xED, 0x46, 0xEF, 0x71, 0x75, 0xF8,
    0x5F, 0x6B, 0x36, 0x1D, 0x89, 0x98, 0x30, 0x0A, 0xEC, 0x15, 0x04, 0xC7, 0x00, 0x6E, 0x29, 0x40,
    0x14, 0xB8, 0xA5, 0x11, 0x3A, 0x96, 0xAB, 0x05, 0x0C, 0xBB, 0x75, 0x5F, 0x4F, 0xC4, 0xBD, 0xD0,
    0xD2, 0x0B, 0xF2, 0x2A, 0x18, 0x46, 0x4C, 0x4E, 0x0D, 0x3D, 0x9F, 0x2A, 0x67, 0x87, 0x80, 0xF3,
    0x1C, 0xC1, 0xA8, 0x15, 0x32, 0x97, 0x8C, 0x86, 0xDA, 0xC1, 0xED, 0x18, 0x7B, 0xE1, 0x20, 0x5E,
    0x10, 0x13, 0xDA, 0xF4, 0x02, 0x9C, 0x7C, 0x14, 0x74, 0xF9, 0x08, 0xA3, 0xC0, 0x90, 0x0A, 0xB6,
    0x4C, 0x08, 0x81, 0xA5, 0xEC, 0xCA, 0xD5, 0xB8, 0xCC, 0x9E, 0x6F, 0xB6, 0xA8, 0x2E, 0x95, 0x82,
    0x4D, 0x3C, 0x8C, 0xE1, 0x24, 0x7B, 0x22, 0x2E, 0xC8, 0xF1, 0x56, 0x0F, 0x84, 0xB9, 0xD6, 0x5A,
    0xA9, 0x7F, 0xC2, 0x3E, 0xF6, 0x98, 0x58, 0x48, 0xBB, 0x5F, 0x42, 0x6B, 0xED, 0x0E, 0x00, 0x7E,
    0x82, 0xFB, 0x4F, 0xDC, 0x19, 0xED, 0x3C, 0xDD, 0xE2, 0x2C, 0xFA, 0x69, 0xBA, 0x8C, 0x41, 0x19,
    0xB0, 0x6B, 0x95, 0x98, 0xA6, 0x48, 0xB1, 0x29, 0x4D, 0xA7, 0x87, 0x61, 0x00, 0x4E, 0x70, 0x19,
    0xBD, 0xF2, 0x96, 0x1D, 0x00, 0xA1, 0x19, 0xA4, 0xE4, 0x0D, 0xAD, 0x73, 0x76, 0x59, 0xD5, 0xBC,
    0xC1, 0xDA, 0x2E, 0xB5, 0xB8, 0x2A, 0xD1, 0xDA, 0x65, 0x05, 0x72, 0xAD, 0xBA, 0x7E, 0x59, 0x2F,
    0xCA, 0xC3, 0xC2, 0x75, 0x0E, 0xAF, 0xBA, 0xA1, 0x31, 0xBC, 0x1A, 0x8B, 0xEB, 0x08, 0xE0, 0x04,
    0x12, 0x3E, 0x82, 0xAC, 0xD7, 0xBE, 0xF0, 0xA8, 0xC9, 0xA5, 0x6D, 0x0F, 0x73, 0x0B, 0x80, 0x2F,
    0x60, 0x80, 0xAC, 0x2B, 0xF8, 0xBB, 0x03, 0x7B, 0x36, 0xE0, 0xED, 0xB8, 0xB5, 0x1F, 0x58, 0x54,
    0x9D, 0x91, 0xC7, 0xE8, 0xA5, 0xA5, 0xD0, 0xB0, 0x08, 0x95, 0xBF, 0x7B, 0xDD, 0xE4, 0xC8, 0x80,
    0xA8, 0x8A, 0xD6, 0x23, 0x17, 0x57, 0x9F, 0xD7, 0x59, 0x87, 0x82, 0x90, 0x16, 0x7F, 0x5C, 0xD7,
    0x71, 0x55, 0x1B, 0x25, 0xC2, 0x87, 0xAE, 0xB5, 0x9E, 0x68, 0x2D, 0x3F, 0x32, 0xE6, 0xBA, 0xEC,
    0xC5, 0xED, 0xCE, 0x5E, 0xFC, 0x5C, 0xC9, 0x93, 0x12, 0x34, 0x2E, 0xB5, 0x16, 0xCA, 0x65, 0x72,
    0x91, 0xD6, 0x3E, 0x29, 0x0F, 0xF2, 0xF8, 0x5E, 0xFC, 0x2C, 0x5C, 0x90, 0x63, 0x89, 0x5C, 0x5E,
    0x71, 0xCF, 0x66, 0xDE, 0xA3, 0x0D, 0xFF, 0xFB, 0x5C, 0xA0, 0xBA, 0xA4, 0xDD, 0x44, 0x85, 0xC9,
    0xED, 0x98, 0xFB, 0xF1, 0x49, 0x67, 0x32, 0x83, 0xAC, 0x35, 0x15, 0xC6, 0xC4, 0x1A, 0x62, 0x00,
    0xCC, 0x1A, 0x17, 0x8E, 0x7B, 0xB8, 0x1E, 0x05, 0x51, 0x0F, 0x6D, 0x41, 0x59, 0x48, 0x42, 0xC5,
    0x6D, 0xF7, 0x3F, 0xF5, 0x46, 0x3F, 0x84, 0x48, 0xDE, 0x20, 0xD7, 0x0D, 0xC0, 0xEE, 0x6E, 0x00,
    0xD3, 0xF4, 0xAA, 0x21, 0xF0, 0x5A, 0x00, 0x41, 0x55, 0x85, 0xA0, 0xDF, 0x01, 0x74, 0x14, 0x95,
    0x12, 0x04, 0x08, 0x07, 0x8F, 0xAC, 0xCC, 0xBF, 0xB5, 0xEC, 0xA1, 0x0E, 0xA2, 0x17, 0x4E, 0x56,
    0x19, 0x63, 0x80, 0x44, 0xBB, 0x87, 0x5D, 0x61, 0xDE, 0xBD, 0x87, 0x6C, 0x47, 0x8C, 0x01, 0xE1,
    0xDB, 0xB3, 0x10, 0xB1, 0xF4, 0x86, 0xF3, 0x89, 0x88, 0xF8, 0xE5, 0x06, 0xE2, 0x23, 0xCD, 0x11,
    0x76, 0xE3, 0xF7, 0xAC, 0xD5, 0xD9, 0x9F, 0xE8, 0x6D, 0x53, 0x2C, 0x82, 0x3C, 0x95, 0xFE, 0x36,
    0x9F, 0x01, 0x9B, 0x18, 0xFE, 0xCD, 0x4E, 0x28, 0x3F, 0x2A, 0xA8, 0x75, 0x03, 0xFE, 0x1C, 0xB2,
    0xD9, 0x06, 0xE8, 0xB4, 0x3A, 0xA7, 0x37, 0x8B, 0x19, 0x09, 0x6D, 0x98, 0x03, 0x4B, 0x05, 0x3B,
    0x8D, 0x00, 0x21, 0x0F, 0xF5, 0x8B, 0xC3, 0xDF, 0xE8, 0x15, 0xDF, 0xB7, 0x4E, 0x3F, 0xE1, 0xC0,
    0x37, 0xB7, 0x30, 0x20, 0x57, 0x33, 0x98, 0x31, 0xFB, 0x2D, 0x04, 0x7F, 0xD2, 0x20, 0xA9, 0x9D,
    0xD2, 0x90, 0x5C, 0x16, 0xF7, 0x12, 0x59, 0xAC, 0xD0, 0xF7, 0x1D, 0x82, 0x06, 0xF7, 0x82, 0x2D,
    0xEA, 0x6F, 0x4C, 0x09, 0x37, 0x41, 0xB0, 0x17, 0x95, 0x25, 0x47, 0x2E, 0xD0, 0xA9, 0x79, 0xBE,
    0x24, 0x4E, 0x34, 0x0D, 0x48, 0xFA, 0x43, 0x3D, 0x94, 0xCA, 0xAD, 0xD1, 0x65, 0x79, 0x8F, 0x6A,
    0x6C, 0xBB, 0xF0, 0x96, 0xE8, 0x4C, 0x6F, 0x23, 0xE7, 0x8E, 0xA5, 0x67, 0x81, 0xB0, 0x53, 0x4A,
    0x3D, 0xB6, 0xEA, 0xAC, 0xE4, 0xE1, 0x75, 0xD1, 0x2A, 0xFF, 0x12, 0x2C, 0x05, 0x2E, 0xD8, 0x8F,
    0x1A, 0xA7, 0x00, 0x7B, 0xED, 0x55, 0xA5, 0x18, 0x97, 0xCA, 0xEB, 0x8F, 0x56, 0xFF, 0x51, 0x7D,
    0x54, 0xDD, 0xDE, 0x6F, 0xEC, 0xCC, 0xCA, 0xA5, 0x2E, 0xAF, 0xAE, 0x8D, 0x6D, 0xF7, 0x50, 0xCC,
    0x13, 0xDB, 0x1E, 0xAB, 0xE3, 0x84, 0x68, 0x63, 0x4D, 0xA4, 0xAC, 0xA8, 0xEB, 0xFB, 0x01, 0x0B,
    0x3B, 0x6A, 0x81, 0x64, 0x2E, 0xB1, 0xE4, 0x97, 0x2F, 0x86, 0xD8, 0x4E, 0xD8, 0x17, 0xDC, 0xB3,
    0x9A, 0x3A, 0x9F, 0x51, 0xD8, 0x95, 0xA3, 0x59, 0xBA, 0x6F, 0x85, 0x92, 0x3A, 0x45, 0xF2, 0xBA,
    0x7E, 0xCD, 0x9C, 0x00, 0x21, 0x81, 0xF6, 0x9F, 0xB2, 0x28, 0x02, 0x05, 0xF4, 0x39, 0x0C, 0x0D,
    0x42, 0x42, 0x6E, 0x6F, 0xC4, 0x95, 0x77, 0xB9, 0x02, 0x75, 0x80, 0xA5, 0x83, 0xDD, 0x4C, 0xC2,
    0x26, 0xEC, 0xF2, 0x4A, 0x30, 0xC7, 0xB4, 0x20, 0x0F, 0x18, 0x62, 0xFC, 0xD8, 0x7F, 0xB2, 0xAC,
    0x72, 0xC6, 0xF7, 0xD3, 0xAD, 0xBE, 0x2E, 0xC8, 0xF6, 0x24, 0x23, 0xA0, 0x48, 0xF2, 0xB1, 0x58,
    0x3E, 0x8C, 0x41, 0x34, 0x14, 0x4E, 0x56, 0xDE, 0xC8, 0x4B, 0xE2, 0x8D, 0x11, 0x65, 0x19, 0x8D,
    0x1F, 0x81, 0xFF, 0x03, 0x9D, 0x94, 0x41, 0x6B, 0x05, 0x37, 0x0C, 0x84, 0x3F, 0xD0, 0x35, 0xA0,
    0xBF, 0x12, 0xE8, 0x75, 0x41, 0x7F, 0x5D, 0x90, 0x6B, 0x21, 0x7F, 0x65, 0x20, 0x57, 0xC1, 0xF4,
    0xAD, 0xF7, 0x99, 0xE4, 0xA5, 0xAF, 0x49, 0xDB, 0x19, 0x8D, 0x85, 0x8D, 0x25, 0x7B, 0x57, 0xAB,
    0xF5, 0x50, 0x43, 0x9A, 0x70, 0x53, 0x22, 0x07, 0x4F, 0x58, 0x61, 0x72, 0x28, 0xE1, 0x86, 0x1A,
    0xB0, 0x09, 0xBB, 0x73, 0xAC, 0x52, 0x8E, 0x3B, 0xCC, 0x50, 0xE9, 0x76, 0xD9, 0xB3, 0x14, 0xD6,
    0x50, 0xED, 0x1F, 0x30, 0xC4, 0x98, 0x54, 0xD9, 0xA7, 0x3A, 0x6D, 0xB0, 0xA8, 0xB6, 0x2E, 0x26,
    0x27, 0xAB, 0xAB, 0xDD, 0xD6, 0xA9, 0xEA, 0xEA, 0x04, 0x0F, 0xF6, 0x69, 0xB8, 0x31, 0xD7, 0x0D,
    0xB3, 0x89, 0xA1, 0x8C, 0xDD, 0x93, 0x77, 0xB3, 0xBB, 0x4C, 0x0E, 0xE1, 0x37, 0x77, 0x38, 0x4D,
    0x4E, 0x0D, 0xA5, 0x6A, 0xAA, 0x0D, 0x8E, 0xB9, 0xD2, 0x94, 0x72, 0xD2, 0xA5, 0xB0, 0x85, 0xDD,
    0x94, 0xF1, 0x85, 0xD4, 0x77, 0x93, 0xBB, 0xB4, 0x22, 0x14, 0xCE, 0xC1, 0x61, 0xAA, 0x8B, 0x6A,
    0xB6, 0xA6, 0xDE, 0x54, 0x64, 0xD7, 0x49, 0x9B, 0xFD, 0x7C, 0xE1, 0x21, 0x6D, 0xCA, 0x6E, 0xDB,
    0x32, 0xA1, 0x21, 0x14, 0x8E, 0xC9, 0xC5, 0xD2, 0x49, 0x2B, 0xFD, 0x75, 0x7E, 0xBD, 0x85, 0x5A,
    0xBC, 0xD6, 0x63, 0xC2, 0x4F, 0xF6, 0xEC, 0x3A, 0xF2, 0x50, 0xC7, 0x4E, 0x53, 0x83, 0x85, 0x01,
    0x9D, 0xB4, 0xBC, 0xFC, 0x1A, 0xB0, 0xAC, 0xE5, 0xDD, 0x76, 0x93, 0x4F, 0x2C, 0x7C, 0x19, 0xF7,
    0x5C, 0x3B, 0x5D, 0x43, 0x79, 0x66, 0x5C, 0x19, 0x7D, 0xD1, 0x77, 0x44, 0x7F, 0xE5, 0xE7, 0x8A,
    0x17, 0xE2, 0x81, 0xB6, 0xC7, 0x63, 0xB9, 0x1F, 0xE8, 0x72, 0x39, 0x1D, 0x58, 0x17, 0xAB, 0x9F,
    0x7D, 0x17, 0x3F, 0x14, 0xBF, 0x74, 0x72, 0x25, 0x23, 0x3B, 0xBB, 0x26, 0x8C, 0xB9, 0x0E, 0x14,
    0x1D, 0x93, 0x5D, 0x6D, 0xCC, 0x75, 0x58, 0x8C, 0x37, 0x74, 0x6A, 0x88, 0x07, 0x29, 0x59, 0x5A,
    0x25, 0xB6, 0x3B, 0x7A, 0x70, 0xE3, 0xAE, 0xC9, 0x21, 0x5D, 0x43, 0xD8, 0x02, 0xBB, 0xA1, 0xCC,
    0x3F, 0x36, 0xCE, 0x10, 0x32, 0x29, 0xEF, 0x26, 0xF8, 0xE5, 0x23, 0xF9, 0xB7, 0x8D, 0xA6, 0x87,
    0x61, 0x81, 0x2F, 0xF0, 0x17, 0x84, 0x98, 0xF2, 0x29, 0x8F, 0x6D, 0x4D, 0xBA, 0x07, 0xE3, 0xFF,
    0x00, 0x08, 0x20, 0x01, 0x37, 0x69, 0x51, 0x26, 0x3C, 0x94, 0x1B, 0x0F, 0x94, 0x20, 0x59, 0x30,
    0x30, 0x10, 0x5B, 0x82, 0x3C, 0xD5, 0x50, 0x5B, 0x3F, 0x6C, 0xD3, 0xF7, 0x6D, 0x97, 0x9E, 0x6C,
    0xCB, 0xEF, 0xD9, 0x5C, 0x55, 0x9E, 0xBF, 0x15, 0xD3, 0xF6, 0x83, 0x04, 0x0F, 0xDA, 0xEB, 0xD1,
    0x07, 0x65, 0xF7, 0x59, 0x74, 0x25, 0x4B, 0xC7, 0x61, 0xD7, 0xA4, 0x6A, 0xEC, 0xE3, 0x48, 0x8F,
    0x66, 0x2A, 0xCB, 0xF3, 0xDB, 0x4B, 0x7F, 0xFE, 0xB3, 0xDD, 0x4D, 0x5A, 0xC2, 0xF0, 0xA5, 0x30,
    0xDA, 0x85, 0x11, 0xA6, 0xB0, 0xBC, 0xDA, 0x3F, 0x95, 0xFD, 0x82, 0x25, 0xBF, 0xF9, 0x6D, 0xCE,
    0xC1, 0x37, 0x0B, 0xD7, 0xDB, 0xC4, 0x10, 0x03, 0xEE, 0x8B, 0x35, 0x35, 0x39, 0xBE, 0x43, 0x90,
    0xDF, 0xF5, 0xEB, 0x8D, 0x53, 0xDF, 0x6D, 0x81, 0xBA, 0x13, 0x11, 0x1F, 0xAD, 0xF2, 0xD5, 0x13,
    0x53, 0x6E, 0x1D, 0x06, 0x01, 0x09, 0x54, 0x7F, 0x2A, 0x21, 0x15, 0x2A, 0xBF, 0xCB, 0xF7, 0xBD,
    0x13, 0x7E, 0xBA, 0x2F, 0x14, 0x4A, 0x47, 0x97, 0xDD, 0x47, 0x9A, 0x61, 0x00, 0x5E, 0x73, 0xAE,
    0xB5, 0xDA, 0xB1, 0xFD, 0x4A, 0xF4, 0x41, 0x76, 0xB1, 0xBB, 0xE9, 0x9C, 0x9F, 0xEB, 0x79, 0xAE,
    0xCA, 0x93, 0x5C, 0xB4, 0xC2, 0x9D, 0xBE, 0x3B, 0x71, 0x22, 0x3F, 0xDD, 0xB1, 0x5C, 0x1E, 0x22,
    0xE1, 0x9D, 0x0F, 0x20, 0xFA, 0x34, 0x68, 0x02, 0x78, 0x01, 0x0E, 0x74, 0x9C, 0x6E, 0xC7, 0xE9,
    0x15, 0x78, 0xC9, 0xB5, 0x58, 0xF9, 0x98, 0x93, 0xB5, 0x73, 0xC7, 0xED, 0x2C, 0x3B, 0x67, 0x22,
    0xB8, 0xCE, 0xDB, 0xA7, 0x3F, 0x86, 0x3F, 0x5E, 0xB7, 0x19, 0x4A, 0xA1, 0x94, 0x5B, 0x34, 0x74,
    0xDD, 0x68, 0x86, 0xC1, 0x5D, 0x9D, 0xFD, 0xF9, 0xF3, 0xB8, 0xE6, 0xCE, 0x58, 0xBF, 0xAA, 0xCF,
    0xD7, 0xDA, 0xBC, 0xBE, 0xCE, 0x51, 0x4E, 0xA5, 0xEC, 0xE3, 0x40, 0x25, 0xAF, 0xF8, 0x14, 0x12,
    0xBE, 0xCA, 0x23, 0xD3, 0x88, 0xC2, 0x5D, 0xA4, 0xDC, 0xA1, 0x8F, 0xAE, 0x9B, 0x1C, 0x2D, 0xDD,
    0xD4, 0x0C, 0xA6, 0x3A, 0x6F, 0x34, 0x66, 0xA8, 0xB6, 0x16, 0xBB, 0x88, 0x8E, 0xFE, 0xE3, 0xCF,
    0xDD, 0x21, 0x2F, 0xAF, 0x29, 0x63, 0xBB, 0x55, 0x2D, 0x25, 0x97, 0x0A, 0xD9, 0x56, 0xC9, 0x9D,
    0x1C, 0x1C, 0x51, 0xE3, 0xE1, 0x60, 0xDC, 0x00, 0xA5, 0x12, 0xC0, 0xF5, 0xE4, 0x94, 0x09, 0x9F,
    0x18, 0x58, 0x7E, 0x7F, 0xBA, 0x00, 0x65, 0x37, 0xFC, 0xEF, 0xB8, 0x13, 0xFA, 0x79, 0xC4, 0x06,
    0x42, 0xB9, 0x26, 0xA9, 0xF2, 0x42, 0x6F, 0xEF, 0x2B, 0x0D, 0x03, 0xA4, 0xB5, 0x73, 0xEF, 0xB3,
    0xF6, 0x21, 0xFB, 0x2E, 0xA4, 0x81, 0x32, 0xFB, 0xAE, 0xFB, 0xEE, 0x2C, 0x34, 0x17, 0x06, 0x5F,
    0xD8, 0x5E, 0xBE, 0xD0, 0x2C, 0x98, 0x0B, 0x62, 0xC7, 0xE5, 0x94, 0xC9, 0xB4, 0x3D, 0x39, 0x65,
    0xBF, 0x90, 0x43, 0x99, 0xC9, 0xB6, 0x4F, 0x1B, 0xA8, 0xA0, 0x0C, 0x62, 0x86, 0xB9, 0x63, 0xEF,
    0xEA, 0x9B, 0x69, 0x8D, 0x53, 0x94, 0x09, 0x5D, 0x8B, 0x8F, 0x56, 0x5D, 0xEE, 0x80, 0x9C, 0x9A,
    0x41, 0x88, 0x61, 0x5E, 0x6A, 0x68, 0xF2, 0x6E, 0xF5, 0xDE, 0xF6, 0x3D, 0x9B, 0x1E, 0xA3, 0x66,
    0x9B, 0x07, 0xFB, 0x49, 0x7E, 0xB9, 0xDA, 0xB6, 0x26, 0xFB, 0xA9, 0x3E, 0x64, 0x0D, 0xDA, 0x24,
    0x49, 0x6A, 0x3C, 0xC5, 0x66, 0x0E, 0xBA, 0x4E, 0x3D, 0x92, 0xA3, 0xA8, 0x83, 0xBC, 0xD9, 0x10,
    0xA2, 0x42, 0x99, 0x9D, 0x26, 0x66, 0x99, 0xC9, 0xF7, 0x76, 0xE8, 0x2F, 0xE4, 0x5C, 0x51, 0x8E,
    0xDC, 0xB0, 0x8E, 0x2C, 0x40, 0xBF, 0x01, 0x78, 0x95, 0x1C, 0x20, 0x00, 0xAF, 0x4E, 0x60, 0x7E,
    0x17, 0xE8, 0xAB, 0x10, 0xC8, 0x2F, 0x81, 0x5A, 0x98, 0xA2, 0x68, 0xBB, 0xDB, 0x3D, 0xD3, 0x99,
    0xCC, 0x4B, 0x5E, 0x76, 0x15, 0xA7, 0xAA, 0x32, 0x23, 0x49, 0xB4, 0x64, 0x51, 0xB4, 0x6C, 0x47,
    0x68, 0x18, 0x34, 0x80, 0x0E, 0x68, 0x00, 0x12, 0x00, 0x88, 0x95, 0x78, 0x95, 0x1C, 0xB8, 0xFC,
    0xFB, 0x6A, 0x3E, 0xBF, 0xAE, 0x17, 0x06, 0x93, 0x38, 0xFF, 0x19, 0x3E, 0x1C, 0xC0, 0x1F, 0xB7,
    0xA7, 0x13, 0xF0, 0x1E, 0x41, 0x36, 0xF8, 0x88, 0x84, 0x49, 0x64, 0x4C, 0x62, 0x91, 0xED, 0x84,
    0x41, 0xDF, 0x08, 0x67, 0xD2, 0x13, 0xB1, 0xA9, 0x0B, 0x0C, 0xD2, 0x4E, 0x84, 0xA4, 0xC0, 0x96,
    0x7E, 0xCC, 0xE6, 0x6D, 0x8E, 0x2C, 0xE8, 0x1B, 0x18, 0x30, 0xD2, 0x9E, 0xB8, 0xEF, 0x57, 0xBB,
    0x84, 0x2C, 0xF4, 0x67, 0x20, 0xD3, 0xF7, 0x0D, 0xBA, 0xAB, 0x6C, 0x5A, 0x36, 0x12, 0x85, 0x1C,
    0xCC, 0x13, 0x1A, 0x50, 0x02, 0x75, 0x5E, 0x85, 0xF4, 0x03, 0x92, 0xF4, 0x0B, 0xEC, 0x3C, 0x8D,
    0x1A, 0x07, 0xE4, 0xEA, 0xB0, 0x51, 0xE3, 0x34, 0x12, 0x31, 0x51, 0x13, 0x47, 0xDA, 0x06, 0x2F,
    0x2B, 0xD3, 0x48, 0x5D, 0x00, 0x52, 0x08, 0x3A, 0xBE, 0x3D, 0x9C, 0x5E, 0x64, 0x03, 0xB6, 0xC1,
    0x3C, 0x37, 0xC3, 0x20, 0xBD, 0xFE, 0x3D, 0xC8, 0xF5, 0x7B, 0xD9, 0x60, 0x6C, 0x00, 0x9A, 0x6D,
    0xE0, 0x18, 0x34, 0x7A, 0x0D, 0x09, 0x48, 0xC6, 0x06, 0x0E, 0x49, 0xE3, 0xFC, 0x53, 0x7F, 0xC4,
    0x79, 0x8B, 0x3A, 0x0E, 0x73, 0x4C, 0xF8, 0xC5, 0x47, 0xD1, 0x97, 0x1F, 0x4A, 0x32, 0xF2, 0x70,
    0xD2, 0x0E, 0x53, 0x0B, 0xBF, 0xA0, 0x02, 0xF2, 0xB2, 0xA2, 0xB7, 0xA2, 0xB5, 0x8A, 0x56, 0xDC,
    0x95, 0x4D, 0x95, 0x43, 0xA9, 0xA9, 0xC6, 0x85, 0x02, 0xFD, 0xA8, 0xD6, 0xAC, 0x6E, 0x65, 0xA0,
    0x57, 0x2D, 0x4C, 0x45, 0x1E, 0x14, 0x48, 0x2B, 0x0B, 0x48, 0xA4, 0x72, 0x54, 0x37, 0x44, 0x3B,
    0xB6, 0xFF, 0x84, 0x98, 0xC9, 0x96, 0x60, 0x0B, 0x2B, 0xA6, 0x17, 0x33, 0xAA, 0x54, 0x0B, 0x5D,
    0x42, 0xF8, 0x54, 0x28, 0xCF, 0xA5, 0xC8, 0x5D, 0xF8, 0x12, 0xB6, 0x04, 0x4A, 0x18, 0xBE, 0xCC,
    0x5F, 0xE3, 0x63, 0x7F, 0x6D, 0xED, 0xAF, 0xBF, 0x8A, 0x30, 0x36, 0x80, 0x1C, 0xFD, 0x9A, 0x6F,
    0x48, 0x43, 0xB9, 0xEC, 0x4E, 0x3D, 0x1C, 0x2C, 0xD7, 0x00, 0x21, 0x1A, 0x35, 0x36, 0x3C, 0x1C,
    0xF3, 0x52, 0x12, 0xA2, 0x51, 0x03, 0x20, 0xE9, 0x0F, 0x18, 0xFD, 0xDB, 0xCE, 0x6F, 0x5D, 0xC3,
    0x3A, 0xA2, 0x5B, 0xE9, 0x76, 0xAD, 0x2D, 0x01, 0x3D, 0x31, 0x20, 0x65, 0xF9, 0xC1, 0xDB, 0x4A,
    0x60, 0x3F, 0x19, 0x5E, 0x9C, 0x51, 0x34, 0x8E, 0x44, 0x39, 0xA0, 0x1E, 0x90, 0x13, 0x6F, 0x41,
    0x1F, 0x94, 0x46, 0x89, 0x1D, 0xD5, 0x77, 0xA4, 0x35, 0xFE, 0x24, 0x1A, 0x19, 0x07, 0xF4, 0x03,
    0xDA, 0x01, 0xD1, 0x08, 0x75, 0x30, 0xC7, 0xA5, 0x56, 0xD0, 0x49, 0x24, 0xD1, 0xEB, 0x02, 0x58,
    0x0B, 0x59, 0xE0, 0x2E, 0x95, 0x8F, 0x82, 0x4E, 0x12, 0xB6, 0x87, 0xD1, 0xA6, 0x74, 0x0E, 0x9E,
    0xB4, 0xE6, 0x80, 0x61, 0xF6, 0x7F, 0x37, 0xAB, 0x51, 0xAD, 0x4B, 0x12, 0x25, 0xB2, 0x75, 0x4D,
    0xAA, 0xD6, 0x9B, 0x6C, 0x23, 0xBD, 0x23, 0x1C, 0x88, 0x91, 0x95, 0x2C, 0xF2, 0x49, 0x36, 0x09,
    0x49, 0xBD, 0xBA, 0x6A, 0xFC, 0x65, 0xDC, 0xD2, 0x53, 0xAC, 0xF9, 0xF2, 0x11, 0xD2, 0x8E, 0xD4,
    0xDD, 0x75, 0xA4, 0xDB, 0xEC, 0xCA, 0x22, 0x89, 0x63, 0x10, 0x57, 0x7D, 0xDF, 0x23, 0x61, 0x1B,
    0x21, 0xC9, 0x7B, 0xCC, 0x26, 0xE9, 0x72, 0x5E, 0x18, 0x8F, 0x44, 0xC8, 0xA2, 0xBE, 0x1C, 0x06,
    0x4D, 0xE3, 0x8E, 0x6A, 0x3E, 0x25, 0x91, 0xD7, 0xF0, 0x34, 0x9C, 0x6A, 0xB7, 0x98, 0x60, 0x5D,
    0x22, 0xA6, 0x73, 0x2D, 0x57, 0x2B, 0x67, 0xD0, 0x0D, 0x18, 0xDD, 0xB3, 0xDE, 0x80, 0x15, 0x49,
    0xC5, 0x63, 0x7D, 0xF2, 0xBC, 0xBE, 0xA0, 0x8F, 0xAE, 0xAA, 0xCB, 0x2E, 0x33, 0x3A, 0xDF, 0x15,
    0x28, 0x3B, 0xED, 0xB6, 0xD8, 0x26, 0xFE, 0x6B, 0x22, 0xD6, 0x19, 0x9A, 0xBE, 0xC2, 0xC0, 0xEF,
    0xB0, 0xDC, 0x73, 0xBC, 0xCF, 0xBA, 0xD8, 0x27, 0x73, 0x32, 0x67, 0xB2, 0x0F, 0x39, 0x4F, 0xEE,
    0x75, 0xFE, 0x93, 0x37, 0x66, 0xBA, 0x16, 0x4E, 0x93, 0x52, 0x1D, 0x2E, 0xCD, 0xA5, 0xAB, 0x8E,
    0x83, 0xD2, 0x58, 0x5E, 0x54, 0x36, 0x55, 0x93, 0xB9, 0xD4, 0x5C, 0xB9, 0x34, 0x96, 0x5A, 0x2B,
    0xD6, 0x52, 0x4A, 0x92, 0xD6, 0x0A, 0xE7, 0x9F, 0x6D, 0xE2, 0x58, 0xA2, 0x6B, 0x49, 0xBF, 0xD1,
    0x35, 0xEF, 0xAD, 0xE9, 0x54, 0x06, 0xB0, 0xAD, 0x6A, 0x4B, 0x47, 0xA9, 0xD8, 0xCF, 0xA8, 0x23,
    0x44, 0x62, 0x3F, 0x73, 0x06, 0x56, 0x76, 0x18, 0x20, 0x8F, 0x33, 0xD3, 0xD4, 0x85, 0xFE, 0xFD,
    0xF2, 0xB2, 0x9D, 0x7E, 0x8B, 0x18, 0xE5, 0x8F, 0xAC, 0x15, 0xDB, 0x39, 0xEE, 0x25, 0x34, 0x61,
    0xFA, 0xA2, 0x2D, 0xA7, 0xD3, 0x7B, 0x2A, 0xF6, 0x0D, 0x89, 0x92, 0xF6, 0x2F, 0xAC, 0xE1, 0xB4,
    0x41, 0x40, 0x4D, 0x72, 0xC1, 0x48, 0xAC, 0x40, 0x6F, 0x76, 0xCC, 0x0C, 0x5A, 0xEC, 0x5F, 0x8B,
    0x4D, 0xFE, 0x89, 0x78, 0x90, 0xA4, 0xBD, 0x4F, 0x81, 0xF1, 0x19, 0xD2, 0xD7, 0xC9, 0x8F, 0xC4,
    0x24, 0x2E, 0xB2, 0x13, 0x21, 0x29, 0x26, 0xD5, 0xBC, 0x20, 0xED, 0x91, 0xB9, 0xB1, 0x9F, 0xF9,
    0xE6, 0x18, 0xC9, 0xB1, 0x73, 0xD0, 0xF8, 0x16, 0x90, 0x64, 0xEE, 0xEC, 0x34, 0xFE, 0x24, 0x74,
    0x63, 0x6F, 0x36, 0xB5, 0xC9, 0x4C, 0xD6, 0xC5, 0x4E, 0x24, 0xFF, 0x9C, 0x2C, 0x8B, 0x19, 0x27,
    0x1E, 0xCD, 0x7E, 0xC1, 0x09, 0xC9, 0xFF, 0xB1, 0xA0, 0xEC, 0x8B, 0x82, 0x3E, 0x00, 0x86, 0x3D,
    0xBE, 0x56, 0x92, 0xBD, 0xC1, 0x53, 0x01, 0x95, 0x30, 0x46, 0x92, 0x2D, 0x1F, 0xD9, 0x61, 0x76,
    0x8F, 0x9F, 0x3F, 0x25, 0xBF, 0x22, 0x3B, 0x93, 0x46, 0x93, 0xD0, 0x66, 0x0B, 0x9B, 0x02, 0x37,
    0xA2, 0x96, 0xEF, 0xEC, 0x9B, 0xD3, 0xB6, 0x73, 0xF4, 0xCF, 0xF8, 0x7E, 0x4F, 0xFD, 0x6D, 0x24,
    0xFD, 0x2A, 0x52, 0xF4, 0x8E, 0x14, 0x9F, 0xC1, 0x0C, 0xFE, 0xBC, 0x4B, 0xD8, 0x31, 0x52, 0xF4,
    0xCF, 0xED, 0xFF, 0x8D, 0xCB, 0xFD, 0x3F, 0xEC, 0xFB, 0x7F, 0xDF, 0xAE, 0xF6, 0xFF, 0x26, 0xFA,
    0xCB, 0x18, 0xCF, 0xF6, 0xFF, 0xFC, 0xC3, 0xFD, 0x3F, 0x3E, 0x4B, 0xE9, 0x55, 0xFE, 0x18, 0xB0,
    0xAE, 0xC7, 0x7F, 0xF2, 0x8E, 0xB2, 0x07, 0xE2, 0x19, 0x0F, 0xF6, 0x94, 0xAF, 0x08, 0xA5, 0x66,
    0x7B, 0x26, 0xC8, 0x8C, 0x43, 0x6C, 0x85, 0x53, 0x15, 0xE2, 0x79, 0x2D, 0x4A, 0x2F, 0xB3, 0x16,
    0x57, 0xF9, 0xAE, 0xAF, 0xDA, 0xE9, 0x76, 0x91, 0xEC, 0xBD, 0x17, 0x94, 0x86, 0xF9, 0xC7, 0xE7,
    0x51, 0x4E, 0xA3, 0xEF, 0xF3, 0x7A, 0x29, 0xDA, 0x23, 0xD4, 0x1E, 0x8F, 0x98, 0x54, 0x03, 0xD1,
    0x23, 0x50, 0x74, 0x39, 0x02, 0xE8, 0x1F, 0x56, 0x96, 0xA2, 0x2A, 0x5E, 0x95, 0x15, 0x55, 0x43,
    0x49, 0x7D, 0x51, 0x1C, 0x2F, 0x98, 0xDE, 0x9E, 0xA0, 0x6F, 0x64, 0x1B, 0xA9, 0xE3, 0xBF, 0x91,
    0x32, 0xF9, 0x7B, 0x34, 0xAF, 0xCA, 0x57, 0xA8, 0x96, 0xFC, 0xCF, 0xA1, 0x1F, 0x90, 0x50, 0x9A,
    0x92, 0x5C, 0x28, 0x89, 0x23, 0x11, 0x98, 0xBD, 0x8F, 0x4F, 0x60, 0x6F, 0x14, 0xFE, 0xDB, 0xA2,
    0xD2, 0x4B, 0xA2, 0x4B, 0xE1, 0xFF, 0xA0, 0x5A, 0xC9, 0x5E, 0x55, 0xA8, 0xF4, 0x19, 0x45, 0x32,
    0xC5, 0x3B, 0x84, 0xF1, 0x2E, 0xD1, 0x27, 0xD1, 0x27, 0xC5, 0x24, 0x16, 0x19, 0x06, 0x21, 0x93,
    0x06, 0x7D, 0x23, 0x3C, 0xA3, 0xCA, 0xD2, 0x05, 0xC8, 0x45, 0x38, 0x92, 0x4F, 0x02, 0xAA, 0x69,
    0xFB, 0x6D, 0x26, 0x17, 0x73, 0xB1, 0x15, 0x7B, 0x71, 0xCC, 0xFC, 0x8B, 0xF5, 0x8E, 0x85, 0xD7,
    0xAC, 0xA7, 0x72, 0x64, 0xB3, 0x17, 0xDB, 0xB9, 0x5D, 0x6B, 0xBB, 0x5E, 0x06, 0x12, 0x4F, 0x76,
    0xDE, 0xC6, 0x1E, 0x9F, 0xC9, 0xAB, 0xDB, 0x79, 0x7B, 0x90, 0x56, 0xE1, 0xB5, 0x74, 0x9C, 0x3A,
    0xD1, 0x12, 0x1D, 0xEA, 0xC2, 0xC0, 0x77, 0x80, 0xC7, 0x08, 0xE9, 0x80, 0xA3, 0xD0, 0x06, 0xC9,
    0xE7, 0x38, 0xF3, 0x74, 0xA9, 0x23, 0x2A, 0xB1, 0xB6, 0x42, 0xFA, 0x41, 0x6D, 0xDB, 0xD0, 0xCF,
    0x4A, 0xF7, 0xE0, 0x30, 0x0D, 0xED, 0xED, 0x0F, 0xD6, 0x2E, 0x49, 0x96, 0xAA, 0x82, 0x31, 0xC5,
    0x48, 0x31, 0xF2, 0xB7, 0x29, 0x6C, 0xDF, 0x84, 0x19, 0xB4, 0x77, 0xC4, 0x6C, 0x17, 0x17, 0xC2,
    0x4B, 0x64, 0xE6, 0x16, 0xCF, 0x2B, 0x1C, 0x4B, 0x74, 0xEB, 0x6D, 0x0F, 0xC8, 0x1B, 0xA3, 0x8C,
    0x9F, 0x42, 0xEA, 0x2C, 0x0E, 0x57, 0xBE, 0x32, 0xB0, 0x76, 0x72, 0x35, 0xF1, 0xA1, 0x6F, 0x85,
    0x86, 0x0D, 0xF1, 0x0E, 0x0E, 0x5A, 0x62, 0xD7, 0xB0, 0x6A, 0x1B, 0x8D, 0xD3, 0x3E, 0x83, 0x4E,
    0x8C, 0x0D, 0xE9, 0x59, 0x6A, 0xE2, 0xDE, 0x8A, 0x4E, 0x8C, 0x0D, 0x99, 0x08, 0xAD, 0xC8, 0x2C,
    0x21, 0x1B, 0xF2, 0xE1, 0xF5, 0xD4, 0xFB, 0x00, 0x1D, 0x3E, 0x87, 0x6C, 0xA0, 0x0C, 0x0D, 0x0D,
    0x14, 0xD0, 0x17, 0x68, 0x80, 0xA1, 0x64, 0xC2, 0x2D, 0x84, 0x94, 0x18, 0x8C, 0x11, 0x28, 0xE7,
    0xD1, 0x57, 0x36, 0xE9, 0x63, 0x03, 0x21, 0x8F, 0x2F, 0x3B, 0xA8, 0x27, 0x88, 0x83, 0x6F, 0xA4,
    0xF1, 0x76, 0xDC, 0xC8, 0x0E, 0x56, 0x6B, 0xC2, 0x17, 0x60, 0xDA, 0x47, 0x4C, 0x9B, 0x7D, 0xAC,
    0x3E, 0x9C, 0x83, 0xF3, 0x38, 0x33, 0x6B, 0xB8, 0x3B, 0xC8, 0xAC, 0x7F, 0x92, 0x09, 0x71, 0xCC,
    0xDC, 0xF1, 0xEA, 0x11, 0xC6, 0xE3, 0xDD, 0x54, 0xB5, 0xE8, 0x0F, 0x7F, 0x1D, 0xF8, 0x9D, 0xBF,
    0x75, 0x11, 0x3C, 0x45, 0x1F, 0x1F, 0x22, 0x27, 0xDA, 0x09, 0xFB, 0x68, 0x4F, 0x7B, 0x99, 0x0C,
    0x18, 0x4F, 0x11, 0xB2, 0x66, 0xFA, 0xE8, 0xEB, 0x4A, 0x39, 0x03, 0x76, 0x75, 0x2E, 0x08, 0x92,
    0x7C, 0x00, 0x7B, 0x78, 0xF9, 0xE2, 0xBB, 0x12, 0xC3, 0x95, 0xA4, 0xF7, 0x30, 0x3A, 0x94, 0x84,
    0x46, 0x3F, 0xAE, 0xDF, 0x84, 0xC6, 0x12, 0x19, 0xD2, 0x49, 0x54, 0x6F, 0x49, 0x05, 0xE7, 0xDE,
    0x4F, 0x7F, 0x0E, 0x37, 0x4C, 0x2B, 0x52, 0x27, 0xFD, 0x7D, 0x21, 0xEC, 0xBB, 0x1A, 0x09, 0x3D,
    0xD6, 0xD3, 0x4D, 0x8C, 0x29, 0x0E, 0xAD, 0xB7, 0x61, 0x3A, 0x05, 0xC1, 0xB2, 0xD9, 0x46, 0xFB,
    0x49, 0x25, 0x39, 0x41, 0x50, 0xBB, 0xDA, 0xFD, 0xAE, 0x0F, 0x97, 0xCB, 0xA4, 0x37, 0x64, 0xDB,
    0x2B, 0x5F, 0x43, 0x56, 0x7A, 0xB9, 0xB5, 0xDB, 0x13, 0xAE, 0x60, 0x34, 0x48, 0x83, 0x26, 0xE4,
    0x5C, 0xBB, 0x91, 0x46, 0x21, 0xDF, 0x36, 0xB8, 0x45, 0x41, 0x65, 0xB4, 0x06, 0x2C, 0x88, 0x05,
    0xB5, 0x47, 0x9B, 0x70, 0x23, 0x7A, 0xA6, 0xD5, 0xEC, 0xEE, 0xF4, 0xC7, 0x0C, 0xEA, 0x95, 0x34,
    0x7A, 0x82, 0x5A, 0x81, 0x70, 0xDD, 0x38, 0xEA, 0x6E, 0x88, 0x35, 0x78, 0x41, 0x65, 0x21, 0xAA,
    0xC4, 0x38, 0x4E, 0xFD, 0x76, 0x7A, 0xFC, 0x60, 0x36, 0xD2, 0xC7, 0x3D, 0xDA, 0x6B, 0x58, 0xC7,
    0x2D, 0x91, 0xC4, 0x8E, 0x71, 0xBA, 0x77, 0x81, 0xD0, 0x9B, 0x0C, 0x7A, 0x20, 0x5F, 0x44, 0x75,
    0xDE, 0x8A, 0x62, 0x14, 0x05, 0x9D, 0x6F, 0x45, 0x94, 0x22, 0xA7, 0xD3, 0x16, 0x31, 0x49, 0x69,
    0x8F, 0x24, 0xC4, 0x23, 0x8D, 0xE8, 0xAE, 0x79, 0x01, 0x48, 0x5E, 0xC3, 0x8B, 0x15, 0x2C, 0x5F,
    0xC3, 0xB9, 0x12, 0xD6, 0xA5, 0x33, 0xD8, 0xCB, 0x92, 0x24, 0x70, 0x82, 0x9D, 0xC1, 0x1B, 0x2A,
    0x5F, 0xAD, 0x16, 0xED, 0x6B, 0x6C, 0xD4, 0x35, 0xEC, 0x78, 0xD7, 0xD2, 0x2F, 0x05, 0xD3, 0xC8,
    0xA5, 0x0F, 0xBC, 0xED, 0x01, 0xE3, 0x8D, 0xCE, 0xC0, 0x5D, 0x6B, 0x72, 0x01, 0x7A, 0x84, 0x2C,
    0xC1, 0x8B, 0x65, 0xC9, 0x19, 0xBF, 0xB8, 0xBF, 0x27, 0x0C, 0xA0, 0xBB, 0x44, 0x36, 0x50, 0xFE,
    0x0C, 0x68, 0x3C, 0x2B, 0x66, 0x0D, 0xD7, 0x2F, 0xD4, 0x29, 0xB4, 0xAB, 0x5A, 0xFD, 0x1C, 0xCF,
    0xFB, 0x19, 0x83, 0xC0, 0xD7, 0x41, 0xAD, 0x0D, 0x73, 0x1E, 0xE9, 0x8E, 0x90, 0xBB, 0xE3, 0x9C,
    0x01, 0x34, 0xF5, 0x0D, 0xAB, 0xB8, 0x01, 0x7A, 0x40, 0x21, 0x71, 0xC6, 0xC1, 0x68, 0x04, 0xFD,
    0x01, 0xEF, 0x02, 0x6C, 0xE5, 0xC4, 0x38, 0xA0, 0x27, 0x22, 0xD3, 0xE0, 0xA7, 0x68, 0x3C, 0x6C,
    0xBE, 0x13, 0x92, 0x64, 0x9A, 0x7E, 0xD5, 0x35, 0x06, 0xCB, 0x47, 0x42, 0xE3, 0x8E, 0xEC, 0x1D,
    0xF2, 0x23, 0x55, 0x2D, 0xCA, 0xC1, 0x41, 0xAF, 0x16, 0xAA, 0x3D, 0x90, 0xFB, 0xEE, 0x70, 0x5B,
    0xF6, 0x49, 0xCA, 0x71, 0x73, 0x65, 0x6D, 0xD0, 0x09, 0xEF, 0x46, 0xC9, 0x67, 0x08, 0x4E, 0x2B,
    0xBC, 0x18, 0x0D, 0x21, 0x1B, 0x67, 0x1E, 0xFE, 0x4C, 0x74, 0x7A, 0xD5, 0x23, 0x85, 0xDB, 0xA1,
    0xD1, 0x7E, 0x77, 0xC6, 0x30, 0xF8, 0x8F, 0xE3, 0x96, 0xEC, 0x11, 0x01, 0xE0, 0x39, 0xFE, 0x8A,
    0xB3, 0x69, 0x77, 0x57, 0x20, 0x7B, 0x98, 0x0B, 0xE8, 0x07, 0xC0, 0xB2, 0xF3, 0xAF, 0xF3, 0x4C,
    0xCF, 0xD9, 0xF1, 0x5F, 0x7A, 0x54, 0xB2, 0x77, 0x04, 0x66, 0x7A, 0x4D, 0xF4, 0x24, 0xBF, 0x44,
    0xC8, 0x09, 0x7B, 0x2A, 0x26, 0x46, 0x23, 0x48, 0xC8, 0xF3, 0x83, 0x3C, 0xE4, 0xF7, 0xAE, 0x61,
    0xAD, 0x27, 0xEA, 0xBF, 0x40, 0xA4, 0x4D, 0x8A, 0x49, 0x2C, 0xB2, 0x2D, 0xCB, 0x98, 0x04, 0xFA,
    0x23, 0x8D, 0x49, 0x42, 0xDB, 0x0B, 0x74, 0xF1, 0xD8, 0xAB, 0x7E, 0x6D, 0x7F, 0xC6, 0x1E, 0xEF,
    0x02, 0x85, 0xD9, 0xD8, 0x23, 0xC8, 0xC3, 0xEB, 0x13, 0xD5, 0x01, 0xB1, 0xDF, 0xEA, 0xC7, 0x04,
    0xB1, 0x72, 0x30, 0x87, 0x48, 0x7D, 0x90, 0x0F, 0x00, 0x8C, 0x33, 0x08, 0xF1, 0x03, 0x64, 0x55,
    0x55, 0x60, 0x1B, 0xA4, 0xCD, 0x52, 0x17, 0x3E, 0x89, 0xBA, 0xA7, 0x9D, 0x94, 0xD6, 0x25, 0x55,
    0xEC, 0xB3, 0x93, 0x44, 0x0F, 0xD6, 0x3B, 0xE4, 0xEA, 0x90, 0x2E, 0xB7, 0x48, 0x68, 0x4C, 0x22,
    0xBD, 0xDB, 0x03, 0xB3, 0xF5, 0x79, 0xDE, 0xE8, 0xFB, 0x17, 0x92, 0x1C, 0x1B, 0xA4, 0x57, 0x16,
    0xE2, 0x01, 0x06, 0x63, 0x83, 0x95, 0x19, 0x32, 0x21, 0xFD, 0xAB, 0x10, 0xF4, 0x82, 0xD1, 0x15,
    0x68, 0xC7, 0xF4, 0x63, 0x1F, 0x35, 0x8D, 0xBE, 0x92, 0x13, 0xD4, 0xB0, 0xA7, 0x3F, 0x76, 0xFF,
    0x39, 0x38, 0x62, 0x03, 0x1E, 0x00, 0x81, 0xF8, 0x3B, 0xB6, 0x18, 0x70, 0x42, 0x92, 0x71, 0x85,
    0x77, 0x39, 0xD5, 0x30, 0x78, 0x2B, 0x03, 0x39, 0xD1, 0x16, 0xFA, 0x3C, 0xB0, 0xA1, 0x7D, 0x21,
    0x02, 0x78, 0x82, 0x43, 0x4F, 0x1B, 0x0A, 0x68, 0xEC, 0x3E, 0xA0, 0xAF, 0x17, 0x48, 0xA0, 0x7E,
    0x1A, 0xFA, 0xAF, 0xDF, 0x68, 0x79, 0x16, 0xF8, 0xDA, 0x63, 0xE0, 0x4B, 0xFA, 0x03, 0xD8, 0x55,
    0xE0, 0x0B, 0xB9, 0x0C, 0x7C, 0xCB, 0xB3, 0x86, 0x92, 0x51, 0x73, 0xCD, 0x69, 0x65, 0x48, 0x00,
    0x6B, 0xA0, 0x65, 0x3A, 0x2C, 0x2F, 0xC3, 0x02, 0x90, 0x30, 0x48, 0xE4, 0x6C, 0x5D, 0x65, 0x49,
    0x53, 0x12, 0xDA, 0xDF, 0x98, 0x48, 0xDD, 0x79, 0xBF, 0xFA, 0x47, 0xC5, 0x28, 0x4E, 0xCD, 0x43,
    0xFC, 0xC7, 0xB0, 0x2F, 0xF9, 0xCA, 0x04, 0x62, 0xD0, 0x58, 0x87, 0x43, 0x0C, 0x33, 0x69, 0x7C,
    0xCD, 0x41, 0x67, 0x1D, 0xB6, 0x1D, 0xB1, 0x36, 0xCA, 0xF0, 0xA2, 0xF0, 0x71, 0x21, 0xC8, 0x16,
    0xBE, 0x44, 0x2C, 0x41, 0xF4, 0xD3, 0xE7, 0x29, 0x84, 0xE8, 0x7B, 0xF7, 0x3B, 0x21, 0xC4, 0x5B,
    0x0A, 0x25, 0xFA, 0xE5, 0x88, 0xBA, 0x0A, 0xA2, 0x44, 0xEF, 0x23, 0xC7, 0xFA, 0xCE, 0xE4, 0x37,
    0x38, 0x53, 0x14, 0xD3, 0x8A, 0xBD, 0x39, 0xF3, 0x2D, 0xD6, 0xB8, 0xE4, 0x8A, 0x77, 0xC9, 0x66,
    0x2B, 0xC6, 0x64, 0xFF, 0xD7, 0x9C, 0x4F, 0x2F, 0xB3, 0x0F, 0xDF, 0xD7, 0x05, 0x0E, 0xE9, 0x8F,
    0x6D, 0x1F, 0x8D, 0xC3, 0x9A, 0xB6, 0xC1, 0x60, 0x07, 0x76, 0xFA, 0x57, 0x36, 0xCE, 0x40, 0x93,
    0xBE, 0xD7, 0x4D, 0x23, 0x8F, 0x77, 0x51, 0xE5, 0xC9, 0x3A, 0xFD, 0x9B, 0xF7, 0xD2, 0xDD, 0xFD,
    0x5F, 0x0A, 0xBF, 0xB2, 0x71, 0xF1, 0x9B, 0x8F, 0xE4, 0x35, 0x8E, 0xC2, 0x9E, 0x09, 0x5D, 0x8F,
    0x7F, 0x94, 0x3E, 0xCE, 0x82, 0x29, 0x46, 0x89, 0xB9, 0x95, 0x18, 0x29, 0xDE, 0x98, 0xE1, 0x18,
    0x72, 0x53, 0x50, 0x22, 0x6F, 0x8D, 0x85, 0x53, 0x84, 0x50, 0x23, 0x7B, 0x74, 0x90, 0x7E, 0x10,
    0xC2, 0x40, 0x5D, 0x25, 0x3E, 0xC5, 0xA0, 0x57, 0x6F, 0x97, 0xC8, 0xA8, 0x1C, 0x1A, 0xCD, 0xBE,
    0x73, 0x3C, 0xE7, 0x8C, 0x4C, 0x93, 0xA7, 0x93, 0x4F, 0x26, 0xE8, 0x12, 0x20, 0x41, 0x6B, 0xE6,
    0x20, 0xF3, 0x9C, 0x46, 0xF0, 0x8D, 0x18, 0x94, 0x64, 0xF0, 0xE6, 0xBC, 0xCD, 0x55, 0x54, 0x99,
    0xD6, 0x9B, 0xD2, 0x93, 0x85, 0xDE, 0x2F, 0xF8, 0xD4, 0x46, 0xC2, 0xC5, 0xF7, 0x27, 0x24, 0x69,
    0xD7, 0xF8, 0x90, 0x9F, 0x4C, 0xEC, 0xD5, 0x27, 0xD1, 0x13, 0x73, 0xD5, 0x9B, 0xA8, 0xDC, 0x50,
    0x9E, 0x20, 0x63, 0xE5, 0xEF, 0xB2, 0x96, 0x08, 0xE8, 0x63, 0x8B, 0x8D, 0x2F, 0x5A, 0x78, 0x44,
    0xD2, 0x9E, 0xD9, 0xF9, 0xC4, 0x36, 0x7D, 0x62, 0x5B, 0x20, 0xD3, 0x98, 0x13, 0x52, 0xFA, 0xA3,
    0xBF, 0xBE, 0xCF, 0xC8, 0xF1, 0x6C, 0x76, 0xDD, 0x98, 0x01, 0xF8, 0x74, 0xF4, 0xB5, 0x80, 0x9E,
    0x58, 0x88, 0x23, 0x67, 0x8A, 0xE7, 0xDC, 0xF9, 0x8F, 0xFC, 0x58, 0x6F, 0xB7, 0x37, 0xDB, 0xFF,
    0xB6, 0x31, 0xFD, 0x64, 0x9F, 0x14, 0x8F, 0xE2, 0xEC, 0xA8, 0x8D, 0xF7, 0x75, 0xAF, 0xBC, 0xF0,
    0xE1, 0x2E, 0xCC, 0xC5, 0xAA, 0xC9, 0x9D, 0x7A, 0x21, 0x8E, 0xF7, 0xA8, 0x73, 0xEE, 0xC5, 0xDB,
    0xDE, 0x6A, 0xA1, 0xDB, 0xEB, 0xD6, 0x47, 0x4F, 0x37, 0x34, 0xE9, 0xA2, 0x48, 0xBA, 0x25, 0xF1,
    0x8D, 0x3B, 0x0D, 0x8E, 0x49, 0xB5, 0xE6, 0x25, 0x49, 0x40, 0x37, 0x62, 0xCD, 0xE9, 0xA6, 0x28,
    0x2A, 0x67, 0x90, 0x34, 0xB8, 0x68, 0x70, 0xD4, 0x7C, 0x23, 0x68, 0x52, 0x14, 0x1B, 0x79, 0x92,
    0xBA, 0x16, 0xF9, 0x46, 0x91, 0x24, 0xC1, 0x24, 0xB6, 0x33, 0x2E, 0xEC, 0xD0, 0xBF, 0x30, 0xD4,
    0x01, 0x99, 0xE8, 0xF7, 0x2F, 0xFE, 0x93, 0xE4, 0x11, 0x6D, 0x50, 0x62, 0xE2, 0x96, 0x6D, 0x47,
    0x8D, 0xC9, 0x8D, 0xA4, 0x4B, 0x7B, 0x2F, 0x03, 0xEE, 0x84, 0x4F, 0xC1, 0x16, 0xB7, 0x38, 0x8B,
    0x41, 0x59, 0x62, 0x39, 0xF2, 0x68, 0x01, 0xDA, 0x41, 0xCC, 0xD4, 0xC2, 0xAF, 0x84, 0x57, 0xD7,
    0xD2, 0xC7, 0x2E, 0x06, 0x85, 0x25, 0x66, 0x6F, 0xB6, 0x88, 0x4D, 0xD8, 0x14, 0xD8, 0x84, 0xB6,
    0xF0, 0xCC, 0xB1, 0xB6, 0x71, 0x5B, 0x04, 0x7F, 0xF6, 0xAE, 0x6D, 0xDD, 0x4D, 0x18, 0xC6, 0x1D,
    0x0B, 0x79, 0x62, 0x75, 0xDA, 0x99, 0x75, 0x1A, 0x6D, 0xC5, 0xE4, 0xE2, 0xD8, 0xD9, 0x46, 0xCC,
    0x17, 0xDC, 0x65, 0x67, 0xA7, 0x6D, 0x85, 0xCE, 0x4C, 0x5F, 0xEA, 0xC0, 0xC1, 0xB7, 0x8D, 0x25,
    0xA4, 0xEA, 0xBF, 0xE7, 0x51, 0x0C, 0xB6, 0x5B, 0xEB, 0x40, 0x6E, 0x6D, 0x0A, 0xE8, 0x7A, 0x6F,
    0xC8, 0xEA, 0x9A, 0xB7, 0xF6, 0xCA, 0xC7, 0xCD, 0x30, 0xF6, 0x73, 0xF4, 0x9E, 0xA1, 0x8B, 0x0D,
    0x83, 0x3F, 0xB3, 0xE0, 0xD8, 0xB0, 0x06, 0xBA, 0x5F, 0x1C, 0xD2, 0xC5, 0x01, 0x89, 0xC9, 0xBA,
    0xB1, 0x14, 0xA7, 0x0D, 0x93, 0xB9, 0xF1, 0x68, 0x36, 0x49, 0xF3, 0x8F, 0x38, 0x48, 0xD6, 0xFD,
    0x41, 0x5F, 0xDE, 0x3E, 0x2F, 0x7B, 0x3A, 0x7A, 0x8A, 0xD3, 0x4F, 0x97, 0xFD, 0x28, 0x54, 0xCF,
    0x1E, 0xF7, 0xD9, 0xCF, 0x3A, 0xD1, 0xC5, 0x37, 0xDC, 0x95, 0x04, 0x2D, 0xD1, 0xA5, 0xC6, 0xE9,
    0xA8, 0xC6, 0x9D, 0xEA, 0xCD, 0xC9, 0xFE, 0x8E, 0x69, 0xBF, 0xB6, 0x25, 0xA6, 0x22, 0x74, 0xAA,
    0xFE, 0x56, 0x64, 0xDF, 0x3E, 0xAF, 0xBE, 0xEE, 0x6B, 0xBF, 0x95, 0xB7, 0xE2, 0x49, 0x39, 0x18,
    0xBC, 0xD1, 0x52, 0x39, 0xDF, 0x52, 0x8D, 0x79, 0x91, 0x9C, 0x94, 0x10, 0x34, 0x8D, 0x27, 0x6A,
    0x03, 0x13, 0x3E, 0x51, 0xEB, 0x5D, 0x98, 0x83, 0x32, 0x25, 0xF9, 0xC0, 0xA0, 0x49, 0x73, 0x7F,
    0x78, 0xA4, 0xF5, 0xDD, 0x45, 0x02, 0xF4, 0x67, 0x9F, 0xC1, 0x3D, 0x7B, 0xF3, 0xAC, 0x27, 0x36,
    0x0E, 0xBE, 0x6D, 0xAC, 0xCE, 0x37, 0x4E, 0xB6, 0x64, 0xE3, 0xF5, 0x9F, 0x53, 0x5E, 0x00, 0x23,
    0xC7, 0xA0, 0xDF, 0xDB, 0x99, 0xED, 0x43, 0x18, 0xFB, 0xCE, 0x08, 0xB9, 0x2E, 0x6A, 0xF6, 0xDA,
    0xCC, 0xF5, 0xEA, 0xC1, 0xFE, 0xD2, 0x97, 0x25, 0xA2, 0x51, 0x3A, 0x46, 0x9E, 0x03, 0xD4, 0xB3,
    0xC1, 0x12, 0x67, 0x03, 0x95, 0xD3, 0xBA, 0x06, 0x1C, 0x70, 0x1C, 0xB0, 0x3F, 0x5B, 0x95, 0xB6,
    0xC1, 0xDB, 0x43, 0x77, 0x89, 0x85, 0x91, 0xD8, 0x31, 0x84, 0x97, 0xFD, 0x63, 0xC3, 0x7E, 0x6B,
    0x0C, 0x62, 0x92, 0x57, 0x41, 0x0C, 0x3A, 0x28, 0xF1, 0xBD, 0x3C, 0x74, 0x95, 0x4A, 0xB0, 0x0D,
    0x5C, 0xAC, 0x76, 0x07, 0x1B, 0x66, 0x1E, 0x9B, 0x27, 0x58, 0x50, 0x81, 0x69, 0xE7, 0x8B, 0x05,
    0xB5, 0xBC, 0xCA, 0xAA, 0x0F, 0xD3, 0xFA, 0x58, 0x06, 0x13, 0x87, 0xCD, 0x1E, 0x4E, 0xD0, 0x7D,
    0x13, 0x07, 0x18, 0x60, 0xAF, 0x6E, 0x5F, 0x47, 0x6B, 0xE1, 0x8C, 0x49, 0x1C, 0xEC, 0xD9, 0x5B,
    0x64, 0x23, 0xA9, 0x9D, 0x59, 0xDB, 0x43, 0xFC, 0x1A, 0xC9, 0x67, 0xA8, 0xD6, 0x7D, 0x3B, 0x10,
    0x16, 0xF9, 0x73, 0xD2, 0x8F, 0x89, 0x4D, 0xDE, 0x34, 0x68, 0x4A, 0xA1, 0x6E, 0xD4, 0x57, 0xDA,
    0xE1, 0x2B, 0x1E, 0x6D, 0xFF, 0x8E, 0xDF, 0x21, 0x7C, 0xBF, 0xFB, 0x74, 0xC9, 0x1E, 0x3E, 0x5D,
    0x72, 0xEC, 0x1F, 0x81, 0xDF, 0x7D, 0xFD, 0xED, 0xFB, 0x17, 0xB6, 0xF4, 0x45, 0x99, 0xAE, 0xA9,
    0x73, 0x1E, 0x49, 0x93, 0xBA, 0xCE, 0x6C, 0xC8, 0xEA, 0x53, 0x29, 0x61, 0x0C, 0x72, 0xD9, 0x82,
    0xC3, 0xB9, 0x5B, 0x5B, 0x7D, 0xF9, 0x66, 0xC4, 0xAD, 0xF7, 0xF5, 0x27, 0x08, 0x13, 0x2E, 0x53,
    0x6F, 0x7F, 0x68, 0xD4, 0x85, 0x77, 0xD8, 0x3D, 0x40, 0xBF, 0x19, 0x31, 0xCD, 0xCD, 0x18, 0x6D,
    0x30, 0x34, 0x9A, 0x84, 0x21, 0x49, 0xFF, 0x73, 0xFF, 0x65, 0x0B, 0xFA, 0xCB, 0x96, 0x26, 0xD0,
    0xFA, 0x03, 0x97, 0xC7, 0xEF, 0x5C, 0x5C, 0x92, 0x22, 0x49, 0x42, 0x22, 0x49, 0x93, 0x58, 0xEB,
    0xFD, 0x99, 0xCA, 0xC5, 0xDC, 0xD1, 0x86, 0xD0, 0xA6, 0xBA, 0x51, 0xF1, 0x0D, 0x19, 0x1A, 0x85,
    0x83, 0x21, 0x13, 0x8F, 0x3B, 0x17, 0x85, 0xEF, 0xEF, 0x5C, 0xFC, 0x2C, 0x7C, 0x67, 0xE7, 0x62,
    0x1C, 0x36, 0xBB, 0x29, 0xF9, 0xDB, 0x0A, 0xCF, 0x2B, 0x64, 0x51, 0xD7, 0x8D, 0xC4, 0x65, 0xBA,
    0xFE, 0xE1, 0x38, 0xA7, 0x7F, 0xBB, 0xCB, 0x35, 0xE8, 0x55, 0x55, 0x05, 0xD2, 0xE0, 0x6C, 0xD2,
    0x36, 0x14, 0x57, 0x43, 0xA7, 0xBF, 0x3E, 0x44, 0x00, 0x76, 0x73, 0x06, 0xE9, 0x4B, 0x2B, 0xC9,
    0xA5, 0x49, 0xD2, 0x3A, 0x4B, 0x67, 0x12, 0xBA, 0x30, 0x96, 0x06, 0x96, 0x56, 0xCE, 0x8E, 0x35,
    0x08, 0xE7, 0xA8, 0x8D, 0x3B, 0xAD, 0xC1, 0xD4, 0xBD, 0x4B, 0x75, 0xD2, 0x15, 0x8E, 0x78, 0x7F,
    0xE3, 0x78, 0xD6, 0x56, 0x3A, 0x63, 0xD3, 0xDE, 0xDC, 0xD8, 0xF5, 0x60, 0x56, 0x50, 0x3A, 0xBD,
    0x57, 0xE9, 0x5B, 0x6B, 0xF0, 0x16, 0x65, 0xE7, 0xD4, 0x52, 0x5F, 0xAD, 0xE9, 0x74, 0x0B, 0x1B,
    0xA5, 0x1E, 0x24, 0x4B, 0x77, 0x3F, 0x48, 0x7F, 0x47, 0x59, 0xBA, 0x3F, 0x43, 0x38, 0x76, 0x25,
    0x3A, 0xC9, 0x51, 0xC7, 0xAE, 0x75, 0xD7, 0x37, 0xEE, 0x9A, 0xF4, 0x83, 0xB6, 0x83, 0x46, 0xA7,
    0xFD, 0x96, 0x58, 0x23, 0x2B, 0x22, 0x99, 0x92, 0x5E, 0xEE, 0x10, 0xE8, 0x5D, 0x53, 0x60, 0xBE,
    0x06, 0xE3, 0x83, 0xE8, 0x70, 0xBE, 0x82, 0xC5, 0x92, 0xFD, 0x55, 0xB6, 0x49, 0x4B, 0x6F, 0xA9,
    0x2E, 0xD1, 0x52, 0x5B, 0x86, 0x7A, 0x49, 0x39, 0x4A, 0x7A, 0x87, 0xD5, 0xB4, 0x8D, 0x5B, 0x12,
    0x2C, 0x29, 0x2B, 0x1A, 0xC3, 0x74, 0xDF, 0x29, 0x37, 0x60, 0x87, 0x2C, 0xF4, 0x92, 0x95, 0x8E,
    0xD2, 0x5B, 0xB2, 0xE5, 0x68, 0x29, 0x4A, 0x5B, 0x92, 0xC4, 0x95, 0x8C, 0x96, 0x2B, 0x2B, 0x7B,
    0xD8, 0xDA, 0x8E, 0x36, 0xF2, 0xE1, 0x3F, 0x47, 0x31, 0xA1, 0x51, 0xE8, 0x4A, 0x60, 0x4C, 0xCA,
    0x79, 0x9B, 0xC4, 0x68, 0x2F, 0xF0, 0x6B, 0x14, 0x49, 0x55, 0x4B, 0xB9, 0x6F, 0x25, 0x7E, 0x0C,
    0xBA, 0xE4, 0x06, 0xA5, 0x8F, 0x67, 0x6F, 0x1C, 0x55, 0xD8, 0x16, 0xC7, 0x4B, 0x6F, 0x92, 0x24,
    0xAA, 0xF5, 0xE4, 0xEF, 0xF7, 0xEA, 0x03, 0xD2, 0x31, 0x1E, 0x4D, 0x43, 0xDF, 0xDA, 0x9B, 0xFC,
    0x22, 0xCE, 0xB2, 0x4A, 0xBD, 0xD1, 0xF6, 0xEF, 0x53, 0x3B, 0xE6, 0x16, 0xB2, 0x6D, 0x28, 0xC4,
    0xEE, 0xF4, 0x6B, 0xB0, 0xCA, 0xB2, 0x56, 0x5E, 0x4A, 0x96, 0x8A, 0x7D, 0xD8, 0x89, 0xF7, 0x3E,
    0x2B, 0x92, 0x56, 0xDA, 0x6A, 0x2F, 0x11, 0xC5, 0x9D, 0x84, 0x71, 0xE8, 0x19, 0x5D, 0xBD, 0x53,
    0x4F, 0x7E, 0x0E, 0x8F, 0x0E, 0xEC, 0x07, 0xC4, 0x98, 0x6E, 0xE3, 0x1B, 0xBE, 0xAD, 0xB0, 0x08,
    0x68, 0xD5, 0xC1, 0xD1, 0x54, 0xFC, 0x94, 0xA2, 0x3D, 0x53, 0xBA, 0xAB, 0x28, 0x85, 0x52, 0xF5,
    0xF4, 0x71, 0x05, 0x4F, 0x36, 0xE8, 0xA8, 0xF1, 0xED, 0xAB, 0xF7, 0x7C, 0x8B, 0x5A, 0x2E, 0xCC,
    0xFB, 0x6B, 0xF0, 0x9A, 0x70, 0x18, 0xED, 0xC4, 0xBD, 0x98, 0xB1, 0x31, 0x17, 0x8F, 0x62, 0x48,
    0x72, 0x77, 0x3C, 0xFD, 0xCC, 0xB2, 0xD8, 0x26, 0xF3, 0x72, 0x00, 0x94, 0x36, 0xA6, 0x7D, 0x2E,
    0xB3, 0xAB, 0x6D, 0xFD, 0x1D, 0x33, 0xA2, 0xC3, 0xF8, 0x39, 0xA7, 0x56, 0x4F, 0x95, 0x66, 0xE1,
    0x05, 0x6B, 0x7C, 0xC8, 0x79, 0x4E, 0x1D, 0xF5, 0xF1, 0x8D, 0xA1, 0xD5, 0x3D, 0x52, 0x3C, 0x98,
    0x3F, 0xB3, 0xB2, 0xEF, 0xF2, 0x61, 0xAA, 0x90, 0x6B, 0x8A, 0xB9, 0xA4, 0x18, 0xF8, 0xFE, 0x0D,
    0x8F, 0xE9, 0xFF, 0xE3, 0xA3, 0x90, 0xBE, 0x62, 0x1E, 0x39, 0x04, 0xBE, 0xF1, 0xF7, 0xE2, 0x63,
    0xFA, 0x87, 0x1E, 0xA1, 0x00, 0x3F, 0x70, 0xDE, 0x98, 0xD0, 0x44, 0x6E, 0x38, 0xAA, 0x2D, 0xC3,
    0x30, 0x21, 0x80, 0xCB, 0xFF, 0x17, 0xF4, 0x55, 0xD4, 0x78, 0xC0, 0xD3, 0x96, 0xC5, 0x3C, 0x8F,
    0x5E, 0x12, 0xFA, 0xD2, 0x9C, 0x08, 0xF9, 0x04, 0x0A, 0x7D, 0xBF, 0xB1, 0x82, 0x4E, 0xB8, 0x11,
    0x0C, 0x7C, 0x7B, 0xE7, 0x7D, 0x68, 0x7F, 0xFA, 0x3E, 0x34, 0x7E, 0x40, 0xFB, 0x11, 0xEC, 0x60,
    0x6F, 0x58, 0x40, 0x7F, 0x05, 0x30, 0xCA, 0xA5, 0x24, 0x7C, 0x83, 0x56, 0x58, 0x2D, 0x11, 0xA7,
    0x5D, 0x0F, 0xE1, 0x72, 0x61, 0x9A, 0x97, 0x32, 0xE2, 0x07, 0x02, 0xDF, 0xF9, 0xE6, 0x5B, 0x6C,
    0xEC, 0xBD, 0x9F, 0xD3, 0xCF, 0x4B, 0x83, 0x06, 0x84, 0x38, 0x86, 0x0F, 0xC3, 0xF0, 0xD5, 0xCA,
    0x30, 0x64, 0x9A, 0xBB, 0xF5, 0xE4, 0xFE, 0x0E, 0xCA, 0xBA, 0x00, 0x06, 0x01, 0xD2, 0xFA, 0x85,
    0x9C, 0x10, 0x27, 0x86, 0xAB, 0xD1, 0xE9, 0x04, 0xA1, 0x26, 0xF5, 0x2F, 0x71, 0x31, 0x35, 0x62,
    0x54, 0x40, 0xD9, 0x65, 0x06, 0xBD, 0x96, 0xB7, 0xAA, 0xB4, 0x63, 0x93, 0x96, 0xBE, 0xE4, 0x0F,
    0x1C, 0xE4, 0x77, 0x3C, 0x4F, 0xC2, 0xF6, 0xC7, 0xCA, 0x5E, 0xFF, 0xE7, 0xAB, 0x2E, 0xB2, 0x35,
    0xE3, 0xF0, 0x94, 0xDF, 0xF0, 0x05, 0xA9, 0x2C, 0xC9, 0x85, 0xB1, 0x24, 0x3D, 0xDB, 0x9D, 0x2D,
    0x67, 0xBB, 0xB3, 0x65, 0x87, 0x97, 0x14, 0x7C, 0x41, 0xFA, 0xE2, 0x33, 0x1E, 0xC4, 0x45, 0xAF,
    0xEB, 0x38, 0xF7, 0x7A, 0xEB, 0x2B, 0x19, 0x57, 0x72, 0x78, 0xF1, 0x2E, 0xC5, 0x5A, 0x0E, 0x4F,
    0x29, 0xD6, 0xBF, 0xA5, 0xAD, 0xE2, 0x92, 0xC8, 0xC3, 0x33, 0xCD, 0x0D, 0x64, 0x6F, 0xF5, 0x1B,
    0x1A, 0x7F, 0x35, 0x59, 0x0F, 0xDB, 0x71, 0xE1, 0x26, 0x4B, 0xD2, 0x46, 0x4B, 0x87, 0xA2, 0x8D,
    0xFD, 0xAA, 0x34, 0x12, 0x25, 0xA1, 0xE3, 0xC3, 0x29, 0x07, 0x13, 0xBD, 0x7A, 0xA0, 0xA4, 0x5A,
    0xF6, 0x4A, 0xD4, 0x09, 0x47, 0x75, 0xC1, 0x94, 0xBA, 0xDB, 0xF7, 0x6D, 0x97, 0x78, 0x94, 0xF6,
    0x20, 0x69, 0xA0, 0x17, 0xDB, 0x81, 0x95, 0x5A, 0x4C, 0x1E, 0x63, 0x0D, 0x68, 0x3C, 0x59, 0xE9,
    0xFF, 0xB7, 0xBD, 0x33, 0xCA, 0x71, 0x1C, 0xE7, 0xB5, 0x30, 0x01, 0xBD, 0x0E, 0xA0, 0xAD, 0xF4,
    0x02, 0x0A, 0xD0, 0xD6, 0x05, 0xD4, 0x02, 0x6A, 0x2B, 0x04, 0xF2, 0x4A, 0xE0, 0xDC, 0x1B, 0xF1,
    0x48, 0xA6, 0x15, 0xC5, 0x89, 0x2B, 0x3D, 0xF9, 0xBB, 0x1A, 0x63, 0x74, 0x9D, 0x8F, 0x93, 0xB2,
    0x5D, 0x8A, 0x94, 0x89, 0x25, 0x89, 0xA4, 0x24, 0xF3, 0x5E, 0x85, 0xC4, 0x9E, 0x69, 0x62, 0x26,
    0x8B, 0xED, 0x09, 0x1D, 0x0B, 0x05, 0x91, 0x19, 0xB2, 0x63, 0x31, 0x27, 0x74, 0xC7, 0x0B, 0x6A,
    0xE3, 0x27, 0xF9, 0x05, 0x69, 0x84, 0xED, 0xC9, 0x49, 0x71, 0xA0, 0x46, 0x2A, 0x20, 0x3B, 0xEE,
    0x07, 0x5E, 0xA8, 0x3B, 0xA6, 0x89, 0x19, 0xB2, 0x63, 0xE9, 0xD3, 0x17, 0x57, 0x64, 0x22, 0xA6,
    0x41, 0xC2, 0xF0, 0x55, 0x66, 0x87, 0x7C, 0x3E, 0x3C, 0xB7, 0x6D, 0x40, 0x71, 0x20, 0x22, 0x39,
    0xF2, 0x0E, 0xC5, 0x1A, 0xA0, 0x04, 0xEB, 0xC4, 0xC1, 0x9A, 0x61, 0x85, 0x38, 0x34, 0xC2, 0x7F,
    0x01, 0xC8, 0x06, 0x85, 0x35, 0xAC, 0xF2, 0x75, 0xD4, 0x06, 0x44, 0xA4, 0x8E, 0xC5, 0x83, 0x16,
    0x80, 0x2E, 0x74, 0xF9, 0x48, 0x46, 0xBD, 0xF5, 0x67, 0xC7, 0x50, 0xC6, 0x89, 0xA4, 0xA6, 0x42,
    0x55, 0xB7, 0xF9, 0x3A, 0xCF, 0x01, 0xA8, 0xB3, 0x9F, 0xBB, 0xB1, 0xAC, 0x0B, 0x05, 0x80, 0x95,
    0xF2, 0x9C, 0x13, 0x0A, 0xB8, 0xDA, 0xE4, 0x0B, 0x57, 0xD3, 0xD2, 0x9F, 0x8D, 0xAF, 0xC7, 0x33,
    0xC7, 0x8C, 0xAF, 0x9C, 0x4C, 0x0D, 0xF5, 0x71, 0x15, 0x5C, 0xA5, 0xA0, 0xC9, 0x22, 0x98, 0xD9,
    0x27, 0xA1, 0x2A, 0x85, 0x3D, 0x9D, 0x47, 0x52, 0xF1, 0x5C, 0x40, 0x1B, 0x25, 0xEF, 0x24, 0xB7,
    0x52, 0x81, 0xA5, 0xB2, 0xAB, 0x20, 0xC7, 0xA2, 0xF9, 0x4D, 0x95, 0x69, 0x47, 0xAE, 0x92, 0xEA,
    0x55, 0x1E, 0x27, 0xAC, 0x2A, 0x7A, 0x57, 0x8E, 0x33, 0xB6, 0xBE, 0x4D, 0x44, 0xB2, 0xCD, 0x3F,
    0x00, 0x6E, 0x7F, 0x5E, 0x74, 0x72, 0xCE, 0x00, 0x6C, 0x2D, 0x22, 0x72, 0x57, 0x00, 0x60, 0x25,
    0x3C, 0xE5, 0xB4, 0x24, 0x00, 0xBA, 0x16, 0x11, 0x89, 0xB2, 0x76, 0xB8, 0x7E, 0x3A, 0xFE, 0xEF,
    0xD0, 0x99, 0xEB, 0xC4, 0xB8, 0x23, 0xAE, 0xBE, 0x04, 0x3F, 0x08, 0xD7, 0x0A, 0x95, 0xD2, 0x34,
    0xC5, 0xD9, 0xA0, 0xA7, 0xD2, 0xC6, 0xAD, 0xB3, 0xA3, 0xA5, 0x3E, 0xE6, 0x08, 0xCA, 0xE5, 0x9E,
    0x31, 0xFD, 0xCE, 0x65, 0xDB, 0xA5, 0xAC, 0xE3, 0x5F, 0x4C, 0xA6, 0xF4, 0xC0, 0xC2, 0xD2, 0x67,
    0xAE, 0xBA, 0x77, 0x29, 0x9B, 0x58, 0x93, 0x79, 0xA9, 0xB5, 0xA6, 0xB1, 0xDE, 0x4A, 0xE9, 0x8B,
    0xAE, 0x31, 0x9B, 0x63, 0xCC, 0x91, 0x4F, 0xAB, 0x5E, 0xE1, 0xFF, 0x82, 0x13, 0x35, 0x2D, 0xEB,
    0x09, 0x9B, 0xB9, 0xF6, 0x30, 0x32, 0xC3, 0x34, 0xAB, 0x72, 0xFD, 0x84, 0x5E, 0x1E, 0xB8, 0xE0,
    0x8B, 0x6B, 0x0D, 0xFF, 0x6F, 0x99, 0x5B, 0x00, 0x74, 0x58, 0xC6, 0xDF, 0xD2, 0xE2, 0x15, 0xBB,
    0xBB, 0x64, 0xA4, 0x60, 0x55, 0xE8, 0xAE, 0x04, 0xD0, 0x9D, 0x95, 0x21, 0xA3, 0xF4, 0xD0, 0x0C,
    0xD9, 0x59, 0x02, 0x68, 0x7F, 0xE7, 0x50, 0x68, 0xB7, 0x84, 0x47, 0xF9, 0x4D, 0xD6, 0xA8, 0xD6,
    0x79, 0xB3, 0x05, 0xE3, 0x8B, 0xFE, 0x01, 0xA4, 0x51, 0xAC, 0xBD, 0x31, 0x37, 0x7A, 0x2A, 0x04,
    0x64, 0x66, 0xCF, 0x06, 0x3F, 0x78, 0x5F, 0xAC, 0x36, 0xC0, 0x8D, 0xD4, 0x5F, 0xC9, 0x7E, 0x0E,
    0xAF, 0x82, 0x84, 0x1B, 0x42, 0xDD, 0x48, 0xFD, 0x6F, 0xF5, 0x79, 0x16, 0x63, 0x79, 0x60, 0x3D,
    0xA2, 0xD2, 0xC0, 0x32, 0x9B, 0xF8, 0x91, 0xBF, 0x69, 0xFC, 0x49, 0x79, 0x74, 0x25, 0x85, 0xB1,
    0x48, 0x8D, 0x92, 0xB1, 0x09, 0x8B, 0xFD, 0xB6, 0x14, 0x10, 0xEC, 0xDA, 0x2F, 0x8A, 0x56, 0x58,
    0x0F, 0x94, 0xAC, 0x23, 0x39, 0xF1, 0x3E, 0xCD, 0x5C, 0xC8, 0xD0, 0x6C, 0x73, 0xF2, 0xBB, 0xE1,
    0xAB, 0x58, 0x2C, 0xC2, 0xAB, 0xEF, 0x82, 0xEA, 0xE8, 0x13, 0xD8, 0x7C, 0x91, 0xA7, 0x38, 0x78,
    0xDD, 0xEC, 0xF8, 0xE8, 0xD8, 0xA7, 0x66, 0x07, 0xEA, 0x86, 0xEC, 0x48, 0x8E, 0xBE, 0x18, 0x94,
    0xBE, 0x81, 0x2D, 0xB7, 0x8F, 0x2D, 0xB3, 0xED, 0x16, 0xDB, 0x34, 0xF8, 0x3A, 0x01, 0x32, 0x94,
    0x21, 0xC4, 0xFB, 0x79, 0xFF, 0xA6, 0xBB, 0xFC, 0xBB, 0xED, 0x77, 0xAE, 0xA5, 0xEB, 0xF3, 0xB3,
    0x5D, 0x7C, 0x9A, 0x30, 0x53, 0xAF, 0x87, 0xCC, 0x59, 0xB1, 0xAB, 0xB6, 0x32, 0x83, 0x5A, 0x9B,
    0xB2, 0x72, 0xA9, 0x53, 0xC9, 0xA9, 0x31, 0xEC, 0x39, 0x9C, 0x89, 0xA8, 0x75, 0xDC, 0xD9, 0x5C,
    0x8B, 0x35, 0x8D, 0x39, 0x83, 0xA9, 0x1A, 0x32, 0x57, 0x5D, 0x14, 0x8A, 0xCB, 0x05, 0x15, 0x17,
    0x40, 0x70, 0x81, 0x0D, 0x51, 0x0E, 0xC0, 0x00, 0xE9, 0xC2, 0x41, 0x19, 0x7F, 0xCB, 0xF3, 0xD0,
    0xA4, 0x5E, 0xEF, 0xA2, 0xB8, 0x68, 0x8C, 0x9A, 0xF0, 0x85, 0x3D, 0x36, 0x49, 0x6B, 0xAD, 0xA1,
    0x19, 0xFC, 0xDE, 0x75, 0xBD, 0x1A, 0x5C, 0xC8, 0x1B, 0x9A, 0xC1, 0xA9, 0xFB, 0x59, 0x21, 0xFC,
    0xED, 0x76, 0xBE, 0x8E, 0x3B, 0xF4, 0x7F, 0xE0, 0x73, 0x2C, 0x04, 0x3B, 0xB0, 0xB1, 0xB7, 0x52,
    0x15, 0x2C, 0x07, 0x0A, 0xBA, 0xD0, 0x70, 0x0E, 0xAC, 0xA9, 0x8E, 0x07, 0x22, 0x43, 0xDB, 0x5D,
    0xAD, 0xD7, 0x33, 0x9D, 0x13, 0xBF, 0xB6, 0xE7, 0x3F, 0xF5, 0x0B, 0xAE, 0xB5, 0x9D, 0xC3, 0x76,
    0xD9, 0xAE, 0xCD, 0x70, 0x9D, 0x87, 0x14, 0x74, 0x17, 0xEB, 0x80, 0x06, 0x24, 0x54, 0x44, 0x57,
    0x97, 0x08, 0x28, 0x1F, 0x92, 0x61, 0xA7, 0x05, 0xA2, 0x58, 0x03, 0x34, 0xA2, 0x98, 0x63, 0x77,
    0x26, 0x2F, 0xE7, 0xCD, 0x64, 0xDE, 0x6E, 0x83, 0x58, 0xED, 0xB6, 0x55, 0xCC, 0x81, 0x65, 0x71,
    0xAF, 0x28, 0xD6, 0x00, 0xDD, 0x1C, 0x9E, 0x91, 0x1C, 0x19, 0x31, 0x5B, 0x6A, 0xD1, 0x06, 0x68,
    0x7C, 0x31, 0x13, 0x90, 0x70, 0x5D, 0xBF, 0x59, 0xB1, 0x86, 0x8C, 0x08, 0x7F, 0xF8, 0x8D, 0x0C,
    0x04, 0x26, 0xBF, 0x09, 0x00, 0xB0, 0xC4, 0x77, 0xEF, 0x09, 0x1C, 0xE1, 0xBB, 0xA9, 0x19, 0xE8,
    0xF8, 0xFC, 0xBC, 0x02, 0x58, 0xE9, 0xE3, 0x6B, 0x81, 0x5B, 0x65, 0x51, 0x9E, 0x50, 0xBE, 0xCD,
    0xFA, 0x14, 0x4D, 0xE4, 0x69, 0x02, 0xC0, 0x11, 0x79, 0xDE, 0xBF, 0xC8, 0x0C, 0xE8, 0x23, 0xF0,
    0xCC, 0x00, 0x00, 0x6B, 0xF0, 0x94, 0x17, 0xC0, 0xD5, 0xD4, 0x13, 0x96, 0x4A, 0xFA, 0x4D, 0x16,
    0xA0, 0xC3, 0x42, 0x1D, 0x96, 0x0E, 0xCB, 0x86, 0x85, 0x7E, 0xED, 0x66, 0x65, 0x54, 0x5A, 0x69,
    0x61, 0x09, 0xF4, 0xBC, 0x35, 0xFB, 0x65, 0xF8, 0xEB, 0x93, 0x95, 0x51, 0x49, 0x40, 0x6E, 0x2D,
    0x1B, 0x96, 0xDE, 0xBA, 0x6E, 0xB0, 0x26, 0xF5, 0x19, 0xAA, 0x94, 0x47, 0x84, 0x91, 0xA8, 0xA4,
    0x92, 0x46, 0xA2, 0x51, 0x0B, 0x99, 0x50, 0x77, 0x94, 0xFB, 0x3C, 0x98, 0x2B, 0x4D, 0xBD, 0x0E,
    0x00, 0xC8, 0x9E, 0x46, 0x2A, 0xD9, 0xC0, 0x7E, 0x5C, 0x9F, 0x89, 0xDE, 0xAE, 0x48, 0x8E, 0x0C,
    0xFD, 0xA7, 0x81, 0xE3, 0xC0, 0x3E, 0x16, 0x2D, 0xB0, 0xE1, 0x1D, 0xA4, 0xD2, 0xC3, 0x78, 0x2E,
    0x8E, 0xEA, 0x90, 0x0E, 0x5D, 0xA1, 0x16, 0xC2, 0x04, 0xD5, 0xF1, 0xC9, 0x00, 0x5F, 0x78, 0xCE,
    0x79, 0x9B, 0x7D, 0x54, 0xE1, 0x2C, 0x0E, 0x21, 0xB6, 0xE5, 0x94, 0x34, 0x46, 0x20, 0x57, 0xCD,
    0x5D, 0x5B, 0xC1, 0xBF, 0xAE, 0xCA, 0x19, 0xED, 0xD4, 0x1D, 0xF9, 0x05, 0x5A, 0xE0, 0x21, 0x14,
    0x4D, 0xAB, 0x6B, 0xE9, 0xAA, 0x45, 0xD1, 0xD5, 0x32, 0x20, 0x05, 0x79, 0x37, 0xC1, 0x09, 0x4D,
    0x5B, 0x99, 0x38, 0xD5, 0x70, 0xB8, 0xA5, 0xA3, 0xBB, 0xDE, 0xBD, 0x21, 0xA5, 0x3B, 0xB7, 0x74,
    0xFC, 0x3A, 0xDA, 0xD2, 0x31, 0xD7, 0xE0, 0x98, 0xE1, 0x8A, 0x4D, 0x11, 0xD5, 0xEF, 0x5D, 0xD7,
    0x71, 0xFD, 0xDD, 0xED, 0xE1, 0x1F, 0x3F, 0x0F, 0xFA, 0xA4, 0x98, 0x24, 0x29, 0xA8, 0x58, 0xC5,
    0xF5, 0x9F, 0x1A, 0x11, 0xBE, 0x3F, 0x3D, 0x3D, 0x74, 0x29, 0x22, 0xE5, 0x19, 0xF9, 0xB7, 0x92,
    0x75, 0xA1, 0xCE, 0x22, 0xF2, 0x48, 0x60, 0xB2, 0x0D, 0x0A, 0xB0, 0xDB, 0xF7, 0x24, 0xF5, 0x7F,
    0xE1, 0x45, 0xF6, 0xD2, 0xA9, 0x99, 0xCB, 0x0A, 0x21, 0xF4, 0x6C, 0xF1, 0xB1, 0x79, 0x4D, 0xD7,
    0x51, 0xD2, 0xF9, 0xCE, 0x94, 0xCD, 0x50, 0x99, 0x9C, 0xCE, 0xE8, 0xC2, 0x1A, 0x23, 0xB2, 0x1F,
    0x3A, 0xB2, 0x7E, 0x5F, 0xDF, 0x53, 0xAB, 0xC7, 0x29, 0x88, 0xFF, 0xE4, 0x5A, 0x4D, 0x00, 0x6C,
    0xA1, 0x47, 0xB5, 0xFA, 0xC7, 0xEF, 0x2C, 0x00, 0x8E, 0x8E, 0x09, 0xB6, 0xA5, 0x41, 0xB7, 0xB5,
    0xC7, 0x7C, 0x1E, 0x3E, 0x4A, 0xE6, 0x32, 0xDB, 0x6E, 0x5C, 0xAB, 0xBB, 0x94, 0x6D, 0x3A, 0xA7,
    0x6C, 0x8B, 0xD5, 0x3F, 0xA7, 0x6C, 0x2B, 0x71, 0xFF, 0x24, 0x65, 0xF3, 0x02, 0x99, 0xBB, 0xBB,
    0xF4, 0x36, 0x39, 0xE3, 0xE7, 0xD3, 0x8E, 0x0C, 0x91, 0xC7, 0x06, 0xBF, 0xB1, 0xFE, 0x50, 0xA3,
    0x1D, 0xFA, 0x94, 0xE1, 0xC7, 0xCB, 0x06, 0x00, 0xF0, 0x31, 0x76, 0x48, 0x29, 0x2A, 0xFF, 0x2E,
    0x39, 0x98, 0x58, 0x93, 0x1D, 0xCD, 0xD3, 0xEC, 0x91, 0x8E, 0xBF, 0x13, 0xCC, 0x64, 0x38, 0xF5,
    0x09, 0x89, 0xEC, 0x10, 0x0C, 0x27, 0xD8, 0x43, 0x00, 0x8F, 0x20, 0xF9, 0x3C, 0x7E, 0xCF, 0x46,
    0xB9, 0x05, 0x25, 0xCC, 0x2F, 0x65, 0x47, 0x82, 0xAF, 0xBD, 0x64, 0xBD, 0xF7, 0xB7, 0xEB, 0x3D,
    0x88, 0x9C, 0xC1, 0x99, 0x5D, 0x95, 0x72, 0x5D, 0xAA, 0x75, 0xA5, 0x33, 0x2C, 0x35, 0x37, 0x4D,
    0x4D, 0xA5, 0xF8, 0x57, 0x59, 0xAE, 0x8F, 0x55, 0x24, 0xEA, 0xE3, 0x9C, 0xE6, 0x1F, 0x93, 0x14,
    0xB4, 0xA3, 0x0C, 0xF1, 0xBA, 0xF4, 0x8C, 0xD4, 0x1F, 0x0B, 0x11, 0xCA, 0x77, 0xFB, 0x02, 0x65,
    0x5A, 0xDD, 0x6C, 0xAA, 0x54, 0x9B, 0x56, 0x37, 0x5F, 0x56, 0x39, 0x96, 0xD1, 0xE7, 0xBB, 0x4D,
    0x12, 0xFF, 0x05, 0x9B, 0x1C, 0x0B, 0x5E, 0x16, 0xBA, 0x41, 0xED, 0x07, 0xDD, 0x18, 0x41, 0x96,
    0x18, 0x1F, 0x4C, 0x76, 0x9D, 0x19, 0xF6, 0x33, 0xE2, 0x67, 0xC6, 0x8C, 0x66, 0x8F, 0xC0, 0x41,
    0x1D, 0xF3, 0x91, 0xEC, 0x8B, 0x03, 0xDD, 0xE0, 0xB1, 0x19, 0xA5, 0x1B, 0xB9, 0x1B, 0xE3, 0x2B,
    0x89, 0xC6, 0xE1, 0xF7, 0x32, 0x8B, 0x90, 0x59, 0x1E, 0xAE, 0x29, 0x61, 0x3C, 0x5C, 0xF9, 0x36,
    0x68, 0x84, 0xD5, 0xD2, 0xB4, 0x0D, 0xB9, 0xC3, 0x1B, 0x2F, 0x80, 0x8D, 0x77, 0xFF, 0xE9, 0x53,
    0xED, 0x8C, 0x95, 0xC9, 0x10, 0xD9, 0xD0, 0x8E, 0x8E, 0xE2, 0xC8, 0x8E, 0xF5, 0x37, 0x4D, 0x42,
    0x75, 0xA8, 0xE4, 0xAD, 0x7E, 0x8B, 0x23, 0x8F, 0x62, 0x9A, 0x9C, 0x6F, 0x8E, 0xF4, 0x37, 0x35,
    0x87, 0x64, 0x93, 0x97, 0x8D, 0x13, 0xCD, 0x9A, 0xDE, 0xD7, 0xAC, 0xC5, 0xE4, 0x04, 0x58, 0x90,
    0xCA, 0x92, 0x78, 0xB7, 0x1C, 0xF5, 0xE5, 0x1F, 0x7A, 0x31, 0xEC, 0xEE, 0x2F, 0x22, 0x74, 0x45,
    0x98, 0xAC, 0x42, 0xAB, 0x00, 0x4A, 0x2B, 0xC6, 0x02, 0x46, 0x37, 0xCE, 0xF5, 0xB1, 0xDF, 0x13,
    0xF7, 0xBF, 0x3D, 0x71, 0x19, 0x7F, 0xDA, 0x73, 0x61, 0x70, 0xD4, 0x42, 0x03, 0xDA, 0x2B, 0xB6,
    0x8E, 0xDA, 0x5B, 0x1E, 0x3F, 0x7A, 0x6B, 0x08, 0x3E, 0x48, 0xF7, 0x5B, 0xC2, 0x16, 0xD7, 0xC3,
    0xE5, 0x69, 0xBD, 0xB3, 0x3C, 0x8D, 0xDA, 0xD4, 0xF6, 0x8F, 0x6E, 0x95, 0x72, 0xFB, 0xD0, 0xCE,
    0x78, 0x46, 0x45, 0xA8, 0xBB, 0xB9, 0x3F, 0xDC, 0x6E, 0x46, 0x3B, 0x4A, 0xC1, 0xA6, 0xD3, 0x90,
    0xC5, 0x8E, 0x2B, 0xD6, 0x73, 0x46, 0xBD, 0xFD, 0xDA, 0x30, 0xEF, 0x69, 0x4F, 0x6E, 0x84, 0x9E,
    0x82, 0x88, 0xB8, 0x64, 0xCA, 0xB6, 0x8D, 0x4D, 0x3C, 0x8B, 0x19, 0x70, 0x58, 0x4F, 0x1B, 0xD3,
    0x5D, 0x4A, 0x3A, 0x62, 0x7E, 0x44, 0xDB, 0xB3, 0x3C, 0xA2, 0x3A, 0xB1, 0xE7, 0x67, 0x23, 0x0C,
    0xA8, 0x91, 0x0A, 0x88, 0xD3, 0x9C, 0xAF, 0xFA, 0x25, 0x73, 0x71, 0xED, 0x10, 0xC5, 0x4E, 0xEE,
    0x02, 0x88, 0x3D, 0x62, 0x50, 0xFA, 0x97, 0x83, 0x6D, 0x4F, 0xD0, 0xFD, 0x05, 0xBA, 0x76, 0x2C,
    0x1E, 0x40, 0xBD, 0x45, 0xFA, 0x21, 0x7B, 0xE5, 0x52, 0xA1, 0x67, 0xDC, 0xFD, 0x52, 0xE5, 0x32,
    0xDB, 0x33, 0xB2, 0xDE, 0xBC, 0x22, 0x3F, 0x27, 0x8B, 0x68, 0xA3, 0x5F, 0x4C, 0x52, 0xA7, 0x43,
    0xE8, 0xF3, 0x97, 0xB7, 0xE7, 0xD4, 0x2B, 0x7C, 0xFF, 0x02, 0x2B, 0x50, 0x49, 0x59, 0x73, 0xF4,
    0xC0, 0xD6, 0x2C, 0x9D, 0xEB, 0x6D, 0x45, 0x13, 0xF4, 0x85, 0x55, 0xD4, 0x97, 0x17, 0x68, 0x81,
    0xEA, 0x90, 0x80, 0x69, 0xA9, 0xFF, 0x60, 0x06, 0xAF, 0x10, 0xBD, 0x6D, 0x5F, 0x52, 0xA3, 0xA6,
    0x83, 0xD1, 0x34, 0xA0, 0x87, 0x93, 0xEA, 0xC0, 0xA1, 0xAA, 0x3C, 0xAD, 0xAC, 0x89, 0x33, 0x52,
    0x50, 0x38, 0xF0, 0xCE, 0x61, 0xF4, 0xCD, 0xBE, 0x58, 0x97, 0x8C, 0x85, 0x98, 0x1C, 0xCB, 0xF0,
    0x40, 0x04, 0xEA, 0xCA, 0x40, 0x33, 0x74, 0x36, 0xBE, 0x54, 0x92, 0x1B, 0x16, 0x0C, 0xBB, 0x1A,
    0x9F, 0x26, 0xD9, 0x0D, 0x04, 0x43, 0x69, 0x94, 0x66, 0xE8, 0x66, 0xD4, 0x52, 0x69, 0xC0, 0x8D,
    0x32, 0x0C, 0x85, 0xB8, 0x71, 0xA1, 0x91, 0x87, 0x01, 0x9B, 0x8C, 0x74, 0x35, 0x00, 0xE6, 0xF0,
    0x85, 0xAD, 0x0C, 0xE1, 0x5B, 0xF0, 0xA3, 0xDC, 0x18, 0x18, 0x46, 0x75, 0xA6, 0xFB, 0x46, 0x86,
    0xF0, 0xCB, 0x27, 0xB0, 0x0E, 0x96, 0x46, 0x25, 0xF9, 0xD3, 0xF6, 0x43, 0xBA, 0xD2, 0x3A, 0x53,
    0xE3, 0xA7, 0x25, 0x6B, 0x44, 0x67, 0x6E, 0xAC, 0xC8, 0xEA, 0x84, 0xB3, 0x0C, 0xD6, 0x40, 0xFA,
    0xBC, 0x82, 0xB4, 0x8D, 0xC9, 0xAE, 0x9C, 0xBE, 0x3D, 0xD4, 0x59, 0xEE, 0x10, 0xB5, 0xF3, 0x9D,
    0x23, 0x1E, 0x26, 0x30, 0x1C, 0xA0, 0xF7, 0xD3, 0x7E, 0x3E, 0xB1, 0x84, 0x44, 0x5D, 0xF3, 0x51,
    0x50, 0x89, 0x70, 0x26, 0x76, 0x70, 0x0F, 0xED, 0xD4, 0x91, 0x6D, 0xE7, 0x15, 0xD6, 0x60, 0x0D,
    0x63, 0x15, 0x44, 0x50, 0x17, 0xBD, 0x88, 0x12, 0xB3, 0x50, 0xCC, 0x80, 0xE4, 0x0E, 0x91, 0xEC,
    0xE0, 0x22, 0x50, 0x44, 0x74, 0x48, 0x4D, 0xA0, 0xD4, 0xD0, 0x15, 0x2D, 0xF0, 0x53, 0xF7, 0xEF,
    0x51, 0xC3, 0xE6, 0x89, 0x4D, 0x92, 0x26, 0x68, 0x9A, 0x66, 0xAC, 0x72, 0x8F, 0x64, 0x28, 0x57,
    0x01, 0xC7, 0x56, 0x5D, 0x2A, 0x25, 0x6E, 0x21, 0xC8, 0x93, 0x8B, 0x66, 0x68, 0xD6, 0x1E, 0x99,
    0x99, 0x2C, 0x19, 0x2B, 0x87, 0xE8, 0x2F, 0xF2, 0xF8, 0x9B, 0x5A, 0x41, 0x54, 0x7E, 0x49, 0x42,
    0x42, 0x14, 0x2F, 0x09, 0x8F, 0xB7, 0xB7, 0xC2, 0x18, 0x1F, 0xA7, 0xFB, 0x46, 0x1E, 0x86, 0xF5,
    0x27, 0xE7, 0x30, 0x94, 0x06, 0x86, 0x51, 0xDD, 0x48, 0xD1, 0xE8, 0x93, 0x29, 0xB3, 0x61, 0x6E,
    0x70, 0x70, 0x1B, 0xE3, 0x19, 0x30, 0x1B, 0x69, 0x36, 0xBC, 0xDE, 0x87, 0x01, 0x40, 0xB3, 0xD1,
    0x28, 0x37, 0x06, 0x94, 0x06, 0xA3, 0xFB, 0xB9, 0x33, 0x41, 0x6F, 0x44, 0x54, 0x52, 0x93, 0x26,
    0x80, 0x15, 0xBC, 0xED, 0x89, 0x90, 0x07, 0x79, 0x81, 0x25, 0x38, 0x0B, 0x19, 0x86, 0x71, 0x6C,
    0x1D, 0xB2, 0x92, 0xCC, 0x2A, 0xC1, 0xED, 0x41, 0xE3, 0xA6, 0x3E, 0x17, 0x36, 0x4A, 0x05, 0xFC,
    0x21, 0x93, 0x81, 0x5A, 0x6A, 0x42, 0xD1, 0xEB, 0x4F, 0xB6, 0x02, 0x18, 0x9B, 0xBA, 0xC6, 0x48,
    0x56, 0x2C, 0x8E, 0x7B, 0x11, 0x51, 0xA7, 0x22, 0xAC, 0x16, 0x47, 0x82, 0xA0, 0x52, 0x3E, 0x0F,
    0xBE, 0x41, 0x16, 0x59, 0xDA, 0xB8, 0x3F, 0x88, 0x31, 0xD4, 0xE6, 0xB0, 0xF3, 0x2E, 0xB2, 0x49,
    0xE1, 0x1C, 0x67, 0x0A, 0xC9, 0xE0, 0xA5, 0x09, 0xFB, 0xAD, 0xBA, 0xCD, 0x53, 0xA5, 0xE0, 0xED,
    0xAB, 0x0E, 0xEB, 0xA9, 0x3C, 0x4A, 0x65, 0x3A, 0x82, 0x79, 0x0A, 0x8F, 0x90, 0x0E, 0x25, 0x9E,
    0xCE, 0x6C, 0x57, 0x8B, 0xCE, 0xFF, 0xB7, 0x73, 0xDA, 0xAB, 0xC0, 0x27, 0x41, 0x6D, 0x95, 0xD2,
    0x6E, 0xAC, 0x5F, 0xA7, 0x9E, 0x67, 0x3A, 0x26, 0x7E, 0x14, 0xC6, 0x78, 0x4C, 0xF5, 0x70, 0x6F,
    0x47, 0x95, 0xD2, 0xA4, 0x6F, 0x25, 0x94, 0xA0, 0xA5, 0xD7, 0x7B, 0x4F, 0xBA, 0xC0, 0xAD, 0x95,
    0x95, 0x69, 0xCF, 0x16, 0x58, 0x7D, 0xDD, 0xFE, 0xFC, 0xDA, 0x15, 0x15, 0xF5, 0x67, 0x49, 0x46,
    0x82, 0xCB, 0xE2, 0xD1, 0xF2, 0xCE, 0x56, 0x08, 0x19, 0x10, 0x4A, 0x2D, 0x5B, 0x37, 0x48, 0x67,
    0x8B, 0xBF, 0xE5, 0xF1, 0xDF, 0x4C, 0xEB, 0x53, 0x33, 0xAD, 0xA9, 0x4A, 0x15, 0x19, 0x1F, 0xEC,
    0xB5, 0xA1, 0x34, 0x78, 0xFC, 0x65, 0x33, 0xAD, 0xE1, 0x33, 0x6F, 0x19, 0x2E, 0xF3, 0x67, 0xFE,
    0x4F, 0x8A, 0x2E, 0xAB, 0x52, 0xBD, 0x6D, 0x26, 0x99, 0x8E, 0xB7, 0x05, 0x96, 0x95, 0xAB, 0xB9,
    0x10, 0x1D, 0x49, 0x00, 0x39, 0x2D, 0x9C, 0xF8, 0x12, 0xDF, 0xE8, 0x36, 0x31, 0x8C, 0x51, 0xB3,
    0xB2, 0xAD, 0xD2, 0x49, 0x9E, 0x85, 0x9E, 0x59, 0xE9, 0x66, 0x3F, 0xFC, 0x0C, 0xE8, 0x41, 0x31,
    0x56, 0x5B, 0xBD, 0xA4, 0x58, 0xB2, 0xF8, 0xCE, 0x47, 0xD4, 0xFC, 0x28, 0x8B, 0xCB, 0xA2, 0x40,
    0xFE, 0x0B, 0x9F, 0x3B, 0xB7, 0x39, 0x54, 0xDE, 0x62, 0xD6, 0xEE, 0x85, 0xCE, 0x3B, 0xA7, 0xD8,
    0xD0, 0xD4, 0x34, 0x07, 0x2D, 0x41, 0xE1, 0xFA, 0x65, 0xD0, 0x84, 0x3C, 0x34, 0xDB, 0xA6, 0x45,
    0x37, 0x45, 0x1D, 0x7A, 0x81, 0x0C, 0x85, 0x05, 0xD5, 0xA0, 0x35, 0xA8, 0x0C, 0x65, 0xD5, 0x44,
    0xF9, 0x9F, 0x6C, 0x49, 0x93, 0x6A, 0xAA, 0x3D, 0x29, 0x6A, 0xD1, 0x62, 0x54, 0xBE, 0xC2, 0xE3,
    0x47, 0x55, 0xEC, 0x87, 0x7C, 0x48, 0x82, 0x40, 0xC6, 0x16, 0x0A, 0xFE, 0x9F, 0x3C, 0xDE, 0x5F,
    0xC5, 0xE7, 0x07, 0x99, 0x4F, 0xA4, 0x49, 0xB6, 0x04, 0xBA, 0x38, 0x82, 0xEB, 0x09, 0xD3, 0xA0,
    0x0F, 0x0D, 0xEC, 0xC4, 0x9C, 0x00, 0xAF, 0x2B, 0x0D, 0xF7, 0xD2, 0x24, 0x03, 0x0F, 0xD2, 0x24,
    0xB7, 0x56, 0x90, 0x5D, 0x2B, 0x54, 0x59, 0xB4, 0xC2, 0x3A, 0x9D, 0xF2, 0xE7, 0x3A, 0x9D, 0xF2,
    0x5A, 0xA6, 0x74, 0xCA, 0x02, 0x6F, 0x96, 0xB4, 0x4F, 0xA7, 0xFC, 0x5F, 0xEE, 0xE9, 0x13, 0xB9,
    0xA7, 0x6F, 0x3E, 0xB2, 0xFC, 0x76, 0x3E, 0xFA, 0xC8, 0xFE, 0xFC, 0xDA, 0xE5, 0x17, 0xC7, 0xF1,
    0x47, 0xF6, 0x8D, 0xAD, 0x90, 0xAA, 0x54, 0xF6, 0x19, 0x83, 0xAE, 0x3B, 0x8F, 0x95, 0xEB, 0xF8,
    0xBB, 0x8D, 0x5B, 0xF8, 0x36, 0x8B, 0x66, 0xD8, 0xB5, 0x7D, 0x10, 0x43, 0x40, 0x82, 0x26, 0x6A,
    0x3D, 0x76, 0x18, 0x8F, 0xDB, 0x80, 0x4D, 0x5A, 0x20, 0xBD, 0x03, 0xCD, 0xAF, 0x53, 0x2A, 0xFB,
    0x4B, 0xDD, 0x5B, 0xBD, 0xA6, 0xEA, 0x4F, 0x96, 0xA2, 0xC5, 0x5C, 0x16, 0x0F, 0x9A, 0xF7, 0xED,
    0xFB, 0xCA, 0xB0, 0xAF, 0x35, 0xE2, 0x51, 0x17, 0xD1, 0xB3, 0xD6, 0x50, 0x08, 0x66, 0xA3, 0xD0,
    0xE8, 0x70, 0xBE, 0xC8, 0xFF, 0x6D, 0x0D, 0xA1, 0x93, 0x1E, 0xE3, 0x62, 0x39, 0x70, 0x59, 0xBB,
    0x9F, 0x13, 0x12, 0x30, 0x15, 0x5A, 0x1D, 0xD5, 0xC1, 0x8A, 0xE4, 0xF9, 0xA8, 0x2B, 0xFD, 0xE1,
    0x9B, 0xCD, 0x79, 0xCF, 0x7D, 0x35, 0xA1, 0x30, 0x8D, 0xB1, 0xFE, 0xA6, 0xC6, 0xE4, 0xE8, 0x1D,
    0xB5, 0x54, 0x56, 0x3C, 0x75, 0x3D, 0x5A, 0xFF, 0xB1, 0x3B, 0xF2, 0x7F, 0x21, 0x86, 0x56, 0x14,
    0xBD, 0xC2, 0x13, 0xD3, 0x8C, 0xAE, 0x93, 0xFE, 0x5D, 0x0D, 0x2B, 0xB8, 0x30, 0xFD, 0x40, 0xFF,
    0xA3, 0x59, 0x8B, 0xF6, 0xB7, 0x0D, 0xB1, 0x65, 0xC3, 0xEA, 0x4D, 0xC3, 0xDA, 0x6D, 0xC3, 0xCA,
    0xBA, 0x61, 0xCB, 0x9C, 0xC1, 0x7F, 0x6A, 0xD2, 0x93, 0x0D, 0x7B, 0xD5, 0x8F, 0xE3, 0x86, 0xFD,
    0x68, 0x19, 0x12, 0xC1, 0x25, 0xB2, 0xA1, 0x7C, 0x65, 0x3E, 0x98, 0xC3, 0xE8, 0x9B, 0xAA, 0x41,
    0x21, 0x7D, 0x6F, 0x13, 0x6A, 0xDE, 0x3D, 0xD9, 0xBC, 0xF9, 0xE5, 0x3B, 0xFA, 0x4B, 0x3E, 0xC2,
    0x4A, 0xCA, 0xE1, 0x78, 0xC3, 0x9E, 0x95, 0x02, 0x89, 0x83, 0x6E, 0x6E, 0x78, 0x84, 0xA7, 0x12,
    0xD7, 0xBE, 0x39, 0xC9, 0x1A, 0xB0, 0x16, 0xC9, 0xCF, 0xC9, 0x6F, 0xD9, 0x5D, 0x1A, 0xB6, 0xFB,
    0x91, 0x7C, 0xF0, 0xD3, 0xB2, 0xA8, 0xF7, 0x7D, 0x41, 0x96, 0x14, 0xE7, 0xFA, 0xE8, 0x53, 0x8A,
    0x2F, 0x13, 0xE8, 0x44, 0x67, 0x25, 0x95, 0x34, 0x3F, 0xBF, 0xB3, 0x4C, 0xCC, 0x58, 0xB3, 0xEC,
    0xAE, 0x03, 0x06, 0x95, 0xAC, 0xA4, 0x38, 0xEB, 0x95, 0xA1, 0xCF, 0x1F, 0xC7, 0xA7, 0x0F, 0xD7,
    0x42, 0x39, 0xD7, 0x76, 0x02, 0x40, 0x75, 0x98, 0x03, 0x44, 0x2D, 0x0A, 0x4D, 0x0E, 0x81, 0xDE,
    0x22, 0x39, 0x32, 0x2A, 0x2F, 0x88, 0x97, 0xDB, 0x76, 0xEB, 0x77, 0xE7, 0xDD, 0x83, 0x2E, 0x45,
    0x64, 0x21, 0x9F, 0xF4, 0x2C, 0x19, 0xC2, 0x07, 0xC4, 0xEB, 0x49, 0xFA, 0x5E, 0x09, 0xF9, 0xFD,
    0xC4, 0x3E, 0x69, 0x55, 0x0F, 0xFF, 0x8E, 0xAB, 0x1D, 0x8B, 0x88, 0xCA, 0xD4, 0x30, 0x85, 0x52,
    0x7E, 0x2F, 0xA2, 0x52, 0x6E, 0x22, 0x2A, 0x1D, 0x31, 0xA2, 0xD2, 0x56, 0x11, 0x95, 0x31, 0xB0,
    0xD2, 0xC7, 0x7C, 0x06, 0x0B, 0x3D, 0xDF, 0xFB, 0xF8, 0x85, 0x86, 0x02, 0xDD, 0xA1, 0x3A, 0xFA,
    0x13, 0x13, 0x23, 0xEA, 0x75, 0xCB, 0x49, 0x84, 0x18, 0x58, 0x59, 0xA9, 0x8B, 0x7E, 0x50, 0xA6,
    0x42, 0xFA, 0x39, 0x70, 0xDD, 0x9E, 0xDA, 0x19, 0xB5, 0x67, 0x71, 0xB3, 0xD2, 0x14, 0xC6, 0xAB,
    0x25, 0xAF, 0x35, 0x95, 0x29, 0x66, 0x96, 0x2A, 0xF8, 0xBD, 0xED, 0xC5, 0x55, 0x81, 0x23, 0x9C,
    0x6C, 0x2F, 0xED, 0xFB, 0xDD, 0xB0, 0x80, 0x05, 0x21, 0x33, 0x51, 0x3D, 0x59, 0xE1, 0x5E, 0x86,
    0xBB, 0x7A, 0x54, 0xE1, 0xEC, 0x20, 0xB1, 0x8E, 0x3C, 0x54, 0xF0, 0xFF, 0x00, 0xED, 0x5B, 0x51,
    0x6E, 0xEC, 0x38, 0x0E, 0x2C, 0x80, 0xBF, 0x01, 0x78, 0x95, 0x77, 0x80, 0x00, 0xBC, 0x3A, 0x81,
    0x3E, 0xC0, 0x5C, 0x85, 0x40, 0x7E, 0x09, 0xD4, 0xC2, 0x94, 0x68, 0xC8, 0x71, 0x4F, 0x92, 0xB7,
    0xC1, 0xA6, 0xD3, 0xDD, 0xAB, 0x67, 0x57, 0x25, 0x19, 0xD9, 0x96, 0xAA, 0x42, 0x35, 0xA9, 0x78,
    0x00, 0xA3, 0x03, 0x0B, 0xC5, 0x46, 0x3C, 0xD2, 0x3F, 0x09, 0x40, 0x9A, 0x74, 0x23, 0xA5, 0xB2,
    0x48, 0x8A, 0xB2, 0xC8, 0x52, 0xE8, 0x1B, 0xA1, 0x28, 0xC0, 0x00, 0xB8, 0x93, 0x6D, 0x44, 0x32,
    0x21, 0x67, 0x22, 0xB4, 0x09, 0xD0, 0x41, 0x42, 0xB7, 0x7C, 0x4F, 0x60, 0x30, 0x8A, 0xF0, 0xBE,
    0xFD, 0x29, 0x54, 0xFE, 0x3B, 0x49, 0xF6, 0x2C, 0xB5, 0x1F, 0xE9, 0x05, 0x12, 0xC2, 0x90, 0x79,
    0xD7, 0x06, 0x25, 0x43, 0x48, 0x86, 0x6D, 0x40, 0x46, 0x3D, 0xBA, 0xC1, 0x77, 0x08, 0x61, 0x90,
    0x9C, 0x60, 0xA4, 0x85, 0x32, 0x34, 0xDE, 0x8F, 0x6D, 0x68, 0xB5, 0x42, 0x8F, 0x48, 0x7C, 0x43,
    0x18, 0x27, 0x79, 0x53, 0x71, 0x0C, 0xF2, 0x22, 0x16, 0x09, 0x51, 0x74, 0x16, 0xE1, 0xCE, 0x2D,
    0x8D, 0x39, 0xF2, 0x86, 0xFA, 0x7E, 0x07, 0x3A, 0x20, 0x2D, 0x5B, 0xB7, 0x9F, 0x76, 0xD4, 0x06,
    0x4D, 0xB1, 0xB2, 0x1E, 0xFF, 0x4F, 0x2C, 0xE2, 0x6A, 0xA9, 0x9A, 0xB2, 0x91, 0x06, 0xEC, 0xC1,
    0x2C, 0x6A, 0x05, 0xE8, 0x50, 0x82, 0x80, 0xF1, 0x92, 0x1B, 0x46, 0x0F, 0xBB, 0xE6, 0x7E, 0x9E,
    0xFA, 0xEC, 0xA3, 0x24, 0x07, 0xFA, 0xC4, 0xF2, 0x0A, 0x6D, 0xD6, 0x82, 0x4A, 0x06, 0x84, 0x1B,
    0x5A, 0x21, 0x87, 0x57, 0xEB, 0xE1, 0x0B, 0xD6, 0x7D, 0x48, 0xEE, 0x58, 0xD6, 0xA1, 0xBC, 0x6B,
    0xDF, 0x74, 0x90, 0xA4, 0x72, 0x63, 0x96, 0x09, 0x67, 0xF3, 0xF8, 0x88, 0xE6, 0xCD, 0x21, 0x17,
    0x6A, 0x18, 0x01, 0xC9, 0x0D, 0x01, 0x8E, 0xD0, 0xB2, 0x00, 0x34, 0x35, 0xAB, 0x53, 0x62, 0x69,
    0xDD, 0xC7, 0xC8, 0x2C, 0x64, 0xA3, 0xBA, 0xD2, 0xF1, 0x82, 0x9A, 0xC9, 0x8A, 0xC6, 0xDD, 0x61,
    0x6E, 0x28, 0xE4, 0x65, 0xC3, 0xF5, 0xC0, 0x82, 0xAE, 0x1B, 0x92, 0x8D, 0x20, 0x93, 0x0E, 0xA3,
    0xCF, 0x11, 0xE7, 0xBA, 0x96, 0xC3, 0x9A, 0x96, 0x38, 0xBC, 0xF8, 0xB3, 0x58, 0xD9, 0x8B, 0xA0,
    0x70, 0x88, 0x50, 0xA0, 0xBC, 0xE4, 0x06, 0x01, 0x63, 0xD4, 0xD8, 0x6B, 0xFE, 0x35, 0xFB, 0xDB,
    0xAC, 0x97, 0x1A, 0x32, 0x2C, 0xE1, 0x24, 0x00, 0x08, 0x4D, 0x74, 0x5B, 0x3E, 0xD2, 0x62, 0xB8,
    0x9B, 0x1B, 0xD9, 0x5B, 0x11, 0x41, 0x00, 0x12, 0x50, 0x7F, 0x28, 0xF3, 0x4A, 0x16, 0xA3, 0xFA,
    0x50, 0x26, 0x95, 0x40, 0x8C, 0x04, 0xA6, 0xA5, 0x10, 0x26, 0xA0, 0x9B, 0x0C, 0xE6, 0x04, 0x12,
    0xEA, 0xB7, 0x71, 0x90, 0xAB, 0xDA, 0x64, 0xEC, 0x8A, 0x42, 0xF7, 0xD8, 0xE2, 0xD9, 0x9E, 0x67,
    0xCC, 0x2C, 0x75, 0xC9, 0x5C, 0x3A, 0xFE, 0x38, 0xE3, 0xAF, 0x15, 0xFA, 0x95, 0x19, 0xE8, 0x29,
    0xCB, 0xDC, 0x40, 0x22, 0xAC, 0x08, 0x45, 0xC3, 0x11, 0x90, 0xB9, 0x18, 0x8A, 0x7C, 0xB4, 0x0C,
    0x54, 0xA3, 0x65, 0x20, 0x20, 0x91, 0x3A, 0x04, 0x10, 0x82, 0x00, 0xD9, 0x99, 0x8E, 0xD0, 0x71,
    0x0B, 0x47, 0x4F, 0x69, 0x4C, 0x61, 0xE4, 0xF3, 0x39, 0x65, 0xD1, 0x32, 0x48, 0x1E, 0x9C, 0xCA,
    0x5F, 0xE2, 0x94, 0x4C, 0x8B, 0x58, 0xF4, 0xB2, 0xA4, 0x2D, 0xED, 0x86, 0x7A, 0x47, 0x18, 0x5B,
    0xDC, 0xC7, 0xF7, 0x4D, 0xB8, 0x8B, 0xA2, 0xD8, 0xC3, 0xCC, 0xDA, 0x3C, 0x39, 0x98, 0xA7, 0xF4,
    0x9B, 0x26, 0x2E, 0x46, 0x2E, 0xF9, 0x4B, 0x28, 0x97, 0xC1, 0xCC, 0xAC, 0x24, 0x07, 0xF1, 0x8D,
    0x63, 0x84, 0x45, 0xCA, 0x6C, 0xB7, 0x1F, 0x2D, 0x71, 0x89, 0xAB, 0x89, 0x4B, 0xA9, 0x50, 0x40,
    0x98, 0xC3, 0xC8, 0x29, 0x82, 0x30, 0x6E, 0xE1, 0x60, 0x7F, 0xE6, 0x4A, 0x82, 0x1B, 0x91, 0x3C,
    0xC7, 0x96, 0xD2, 0xF1, 0xFF, 0xC4, 0x65, 0x26, 0xD8, 0x92, 0x30, 0x1F, 0x3A, 0x15, 0x18, 0xC7,
    0x23, 0xF0, 0x0B, 0x12, 0x17, 0xE5, 0xF5, 0xC4, 0x85, 0xD7, 0x5A, 0x00, 0x57, 0x4F, 0x32, 0xD7,
    0xF3, 0xDC, 0x67, 0x39, 0xAF, 0x34, 0x74, 0x13, 0x60, 0x38, 0x97, 0xE3, 0xB4, 0x18, 0xA7, 0xCE,
    0x2B, 0x21, 0xBB, 0x38, 0x46, 0x30, 0x2C, 0x61, 0xC1, 0x80, 0x25, 0x03, 0x9A, 0x24, 0x79, 0x82,
    0x55, 0x3C, 0xC0, 0x72, 0x03, 0x42, 0x42, 0x49, 0x0E, 0x40, 0x81, 0x91, 0x58, 0xDB, 0x0B, 0xCA,
    0xA3, 0x13, 0x80, 0xF3, 0x3F, 0xB2, 0x54, 0x1A, 0x27, 0xE6, 0xA9, 0x9C, 0x03, 0x6E, 0x6F, 0x7F,
    0x56, 0xC8, 0xB6, 0xD4, 0x37, 0x88, 0x5E, 0x2B, 0xB5, 0xE0, 0xB0, 0xD5, 0x87, 0xC4, 0xDA, 0x7E,
    0x4C, 0xDF, 0x57, 0x98, 0xD0, 0x4D, 0x49, 0x1A, 0x99, 0x26, 0x4C, 0x83, 0xF9, 0x4D, 0xB4, 0x52,
    0xA8, 0x83, 0xA1, 0xBE, 0x4F, 0x1A, 0xEA, 0x05, 0x1A, 0x37, 0x11, 0x07, 0xD8, 0x8B, 0xBE, 0x30,
    0x17, 0x26, 0xA1, 0x24, 0xA0, 0x41, 0x87, 0xB9, 0x39, 0x78, 0xDC, 0x97, 0x26, 0xC9, 0xEB, 0x10,
    0xC0, 0x07, 0x40, 0xE6, 0x09, 0x02, 0xF8, 0x0C, 0x48, 0x5E, 0x83, 0xA5, 0xC8, 0x31, 0x87, 0xD2,
    0x09, 0xE8, 0x69, 0xE3, 0x92, 0x23, 0x1B, 0x29, 0xB3, 0x4F, 0xEA, 0x82, 0x24, 0x20, 0xCB, 0xC6,
    0x65, 0x29, 0x8C, 0x92, 0x78, 0x7E, 0x51, 0x22, 0x83, 0x24, 0xAF, 0x62, 0x00, 0x38, 0xA0, 0x25,
    0x5A, 0x6D, 0x28, 0xC9, 0x46, 0x14, 0x0E, 0xC5, 0xE9, 0xE8, 0xD0, 0xE8, 0xFD, 0x3A, 0x1A, 0xF7,
    0x9D, 0x2E, 0xA1, 0x06, 0xA0, 0x63, 0xCF, 0xD5, 0x41, 0xAC, 0x6D, 0xBD, 0xE9, 0x55, 0x04, 0xF0,
    0x29, 0x92, 0x7E, 0xC6, 0x2F, 0x5E, 0xFB, 0xE9, 0x18, 0xE8, 0xED, 0xCC, 0x87, 0x7B, 0x92, 0xD7,
    0x67, 0x07, 0x1B, 0x7D, 0x98, 0x80, 0x2E, 0x7B, 0x92, 0x4C, 0xE9, 0x8D, 0xE1, 0xF1, 0xC5, 0x86,
    0x16, 0x42, 0x92, 0x57, 0xD1, 0x01, 0xAC, 0xD8, 0x26, 0x55, 0x46, 0x63, 0x24, 0x1B, 0xA5, 0xB0,
    0xF3, 0x08, 0x7A, 0x77, 0x95, 0x01, 0x1D, 0x14, 0xAF, 0x77, 0x13, 0x14, 0xE7, 0x5D, 0x44, 0xE1,
    0x85, 0xEF, 0x77, 0x11, 0x09, 0x8E, 0xB8, 0xB8, 0xC5, 0x92, 0x43, 0xBC, 0x0A, 0x99, 0x4A, 0x86,
    0x4E, 0x63, 0xA0, 0x59, 0x57, 0x80, 0x74, 0xA1, 0x85, 0x86, 0xA6, 0x01, 0x79, 0x93, 0x35, 0x5A,
    0x46, 0x52, 0x2C, 0x0E, 0xBB, 0xB2, 0x9B, 0x87, 0x65, 0x37, 0x8F, 0x18, 0xBF, 0x0D, 0x09, 0x8D,
    0x5B, 0x28, 0x69, 0x09, 0x8C, 0xC7, 0xB8, 0xA6, 0x85, 0x85, 0x26, 0x5D, 0x88, 0x6A, 0xBF, 0x2C,
    0x9D, 0xFA, 0x60, 0x33, 0x8D, 0x8E, 0x6E, 0xBF, 0x2F, 0xED, 0xD2, 0x1C, 0x63, 0x57, 0x06, 0x5E,
    0x6A, 0x22, 0x75, 0x8E, 0x0E, 0x3C, 0x66, 0x35, 0x24, 0xBD, 0x4F, 0x23, 0x47, 0xB1, 0x44, 0xFF,
    0xF6, 0x29, 0x73, 0xCC, 0xEB, 0xFD, 0xB5, 0xE4, 0x25, 0x41, 0x56, 0x1F, 0x42, 0x08, 0x5D, 0xF6,
    0x95, 0x2D, 0xBF, 0x75, 0xFC, 0xE4, 0x5C, 0xD6, 0xE2, 0x40, 0x08, 0x68, 0x9D, 0x5E, 0x2C, 0x09,
    0x18, 0x18, 0xF5, 0xCF, 0x6D, 0x86, 0xE0, 0x57, 0xFF, 0x0D, 0x77, 0xE9, 0xE3, 0x3B, 0xF3, 0xF1,
    0x8C, 0xFE, 0x8C, 0x81, 0xF5, 0xF2, 0x4F, 0x46, 0x57, 0x6B, 0xCA, 0x14, 0xB2, 0x9E, 0x6F, 0xDC,
    0x0E, 0xE8, 0xFB, 0x32, 0x8D, 0x45, 0xE3, 0xF6, 0x7F, 0x45, 0xE3, 0xBA, 0xE3, 0xCD, 0xE6, 0x13,
    0xE6, 0xF3, 0x94, 0x24, 0xD9, 0x63, 0x99, 0x23, 0xEB, 0x71, 0xD6, 0xA8, 0xCF, 0x2D, 0xBE, 0xBA,
    0x9F, 0x7D, 0x0A, 0xAD, 0x30, 0x5E, 0x18, 0x65, 0xF8, 0x1E, 0x5A, 0xFC, 0x14, 0x2C, 0x2D, 0x37,
    0x20, 0x98, 0xDA, 0x1F, 0xBB, 0xDE, 0x65, 0x66, 0xE0, 0xEA, 0x3E, 0xF5, 0xB5, 0x8A, 0x06, 0x9A,
    0x38, 0x17, 0xE7, 0x7F, 0x06, 0xC1, 0x56, 0x12, 0x7A, 0xD1, 0x3A, 0x9F, 0x6E, 0xF7, 0x6F, 0xE9,
    0xF7, 0x6B, 0xA8, 0x1F, 0x70, 0x94, 0xFE, 0xE1, 0x9B, 0x12, 0x42, 0x0D, 0x74, 0x6E, 0x07, 0x75,
    0xF0, 0xB1, 0x2C, 0x5A, 0x0B, 0x0E, 0x99, 0x05, 0xC7, 0xDB, 0xB1, 0xE0, 0xC0, 0x5F, 0x15, 0x1C,
    0x81, 0xF2, 0xAA, 0xD7, 0xDB, 0x98, 0xA8, 0xFC, 0x2A, 0x5A, 0xF6, 0x41, 0x30, 0xE7, 0x3D, 0x65,
    0x17, 0xB7, 0x23, 0xCA, 0xFC, 0xF3, 0x37, 0x25, 0xE4, 0xF8, 0x9A, 0x8B, 0xC3, 0x1E, 0xCA, 0xBC,
    0x63, 0x55, 0xA2, 0xB3, 0x2A, 0xF1, 0xB5, 0x2A, 0xE9, 0xC9, 0x6B, 0x7C, 0xAD, 0x2A, 0x71, 0x90,
    0xDA, 0x2F, 0xAA, 0x2C, 0x55, 0x49, 0x7E, 0x15, 0x19, 0x7D, 0xA4, 0x30, 0xE6, 0x3D, 0x95, 0xE4,
    0x2E, 0x35, 0x39, 0x9D, 0xCB, 0x95, 0xDA, 0x9A, 0x3C, 0xBF, 0x29, 0xD1, 0x56, 0x16, 0x3D, 0x6C,
    0x1C, 0x9E, 0x6A, 0x1C, 0xED, 0x1A, 0x27, 0x96, 0x1A, 0x07, 0x4B, 0x8D, 0x73, 0x83, 0xF5, 0xD2,
    0x42, 0x4F, 0x6F, 0x4A, 0xC8, 0xF1, 0x4D, 0x09, 0xA1, 0x2F, 0xA4, 0x8C, 0x8D, 0xEC, 0x72, 0x7A,
    0x53, 0xE2, 0x91, 0xCC, 0xEB, 0xDA, 0x2A, 0xBA, 0xB6, 0xDA, 0x00, 0xAF, 0xE7, 0xDA, 0x8A, 0x5D,
    0x5B, 0x11, 0x1A, 0x37, 0x71, 0xF0, 0xFA, 0x9B, 0x12, 0xBA, 0xBC, 0x29, 0x61, 0x6B, 0xE9, 0xF2,
    0xD4, 0x99, 0xA5, 0xEC, 0x99, 0x8B, 0x31, 0x01, 0x5E, 0x08, 0x21, 0xE8, 0x9A, 0xB0, 0x76, 0xEF,
    0x77, 0x66, 0xA0, 0x50, 0x7A, 0xB1, 0x65, 0x11, 0xDE, 0x65, 0x3B, 0x42, 0x2C, 0x9F, 0x9E, 0x4B,
    0x1A, 0xF0, 0x0A, 0x0C, 0x67, 0x13, 0xBD, 0x7A, 0x33, 0x40, 0x92, 0x6F, 0x74, 0x61, 0x35, 0x1F,
    0x8E, 0xB7, 0xE5, 0xD9, 0x9E, 0xA3, 0x0C, 0x5A, 0x98, 0xC5, 0x31, 0x1E, 0xFE, 0xF7, 0xDC, 0xD7,
    0x9F, 0xEE, 0xDB, 0xCF, 0xD3, 0xFD, 0x6B, 0xEE, 0x49, 0x48, 0x19, 0xBE, 0x71, 0xEC, 0xBF, 0xAE,
    0xEB, 0x1A, 0xCB, 0x58, 0x5C, 0xB6, 0x5C, 0xB5, 0xA1, 0x4F, 0xE7, 0x87, 0x8E, 0x2B, 0x29, 0x43,
    0x08, 0x90, 0x54, 0xF6, 0x53, 0x74, 0x90, 0x6D, 0xE4, 0x33, 0x63, 0x01, 0xA3, 0x49, 0xF9, 0x97,
    0x64, 0x89, 0xED, 0x2C, 0x62, 0xAF, 0x16, 0x0C, 0x40, 0xD6, 0xD5, 0xF6, 0xFC, 0x57, 0x41, 0x06,
    0x0E, 0x4E, 0xEB, 0x64, 0x61, 0xFB, 0xEA, 0x4F, 0x64, 0xB1, 0xB4, 0x99, 0xD9, 0x62, 0xAC, 0x5A,
    0x74, 0x50, 0xC4, 0x5D, 0x58, 0x0C, 0xF1, 0x22, 0x18, 0x9B, 0xFD, 0xC0, 0xB0, 0x23, 0x0B, 0x9B,
    0x31, 0xF8, 0xC9, 0xA2, 0xFB, 0x4F, 0xA1, 0xAE, 0x99, 0x47, 0x13, 0x74, 0x25, 0x39, 0x84, 0x3C,
    0xEE, 0x24, 0xE4, 0x61, 0xD0, 0x31, 0xDF, 0x28, 0xEE, 0x5E, 0x3A, 0xBB, 0xA9, 0x33, 0x07, 0x6B,
    0x3C, 0x93, 0xEF, 0xEA, 0x52, 0xB7, 0x4E, 0xDD, 0xA5, 0xDB, 0x29, 0x8C, 0xA3, 0x47, 0xDE, 0x87,
    0xC5, 0x4F, 0x62, 0xD9, 0xB9, 0xFD, 0x19, 0xA4, 0xFC, 0x98, 0x65, 0xBF, 0xFC, 0x6E, 0xFC, 0x3C,
    0x4D, 0x52, 0xE8, 0xFF, 0x4A, 0x60, 0x41, 0x00, 0x96, 0x3F, 0x88, 0xB1, 0x21, 0xC3, 0xB2, 0x90,
    0x90, 0x0D, 0x73, 0x26, 0xB3, 0x74, 0x19, 0xB6, 0x8E, 0x99, 0x2A, 0xE9, 0x38, 0xB6, 0x97, 0xC2,
    0xE1, 0xF0, 0x09, 0x41, 0x00, 0x25, 0xFE, 0xF7, 0x21, 0xC0, 0x09, 0xA9, 0xCC, 0xF2, 0xD6, 0xC8,
    0x7F, 0x52, 0x49, 0x4D, 0x61, 0x6A, 0x62, 0x69, 0xFE, 0xC1, 0x4B, 0x39, 0x10, 0xA2, 0x30, 0x0A,
    0x73, 0x9B, 0x85, 0xE5, 0xB2, 0xAB, 0x5C, 0xC8, 0x28, 0xF4, 0x42, 0x2C, 0xED, 0x4E, 0x4C, 0x72,
    0x2C, 0x7F, 0x9D, 0xFA, 0xEA, 0xFF, 0xA9, 0xF6, 0x93, 0x5E, 0x31, 0x97, 0x90, 0x58, 0xC2, 0x7D,
    0xDD, 0x9A, 0x5C, 0xB4, 0x5F, 0x13, 0xDD, 0xD6, 0x66, 0xE7, 0x18, 0xCC, 0xC1, 0xA4, 0x4F, 0xC6,
    0xE0, 0x9C, 0xDC, 0xCE, 0xFD, 0x8F, 0x38, 0x8A, 0x8F, 0x3F, 0x23, 0xA4, 0xB8, 0xDC, 0x2A, 0x73,
    0x8A, 0xA7, 0x63, 0xED, 0xD9, 0x12, 0x5A, 0x3A, 0xD8, 0xB8, 0xAA, 0xD0, 0x0B, 0x45, 0x2B, 0xD4,
    0x4A, 0xEC, 0x44, 0x2F, 0x19, 0x8A, 0x58, 0x44, 0xFA, 0x4A, 0x89, 0x22, 0x2F, 0x4A, 0xFC, 0x17,
    0x14, 0xE0, 0x42, 0xA9, 0x45, 0xE4, 0x46, 0x65, 0x2E, 0x50, 0xF6, 0x02, 0xAB, 0xC1, 0x6B, 0x0E,
    0x2B, 0x93, 0x41, 0x3F, 0x5A, 0xAC, 0xF9, 0x44, 0x16, 0xB7, 0xC1, 0x60, 0xAC, 0x13, 0x56, 0x1E,
    0x34, 0x32, 0xBF, 0x0B, 0x8B, 0x65, 0xB7, 0x36, 0x26, 0xE7, 0xE0, 0xB6, 0x54, 0x26, 0xEB, 0xF5,
    0xCD, 0x08, 0xD8, 0x93, 0x45, 0xB7, 0x7F, 0x5E, 0xA7, 0x5C, 0x0B, 0x79, 0xB9, 0x93, 0x90, 0x97,
    0xC0, 0x46, 0x30, 0x36, 0x33, 0x57, 0x1D, 0x52, 0xE9, 0xC5, 0xE0, 0x53, 0xF9, 0xAE, 0xD0, 0x8D,
    0x19, 0x1B, 0x09, 0xF7, 0x8B, 0x00, 0xA8, 0x4F, 0xD2, 0xB8, 0x0B, 0x8B, 0x9F, 0xC4, 0xB2, 0x73,
    0x7B, 0xC1, 0x71, 0x1F, 0xF5, 0xCC, 0xA7, 0x84, 0xE5, 0x4E, 0xFC, 0x5C, 0x9B, 0x17, 0x6A, 0x7E,
    0xB6, 0x41, 0x0E, 0xA5, 0xF7, 0xC2, 0x3F, 0x14, 0xEF, 0xAB, 0x84, 0x2D, 0xD3, 0xDA, 0xC6, 0x00,
    0x6C, 0xC3, 0x1C, 0xFE, 0xEB, 0x44, 0x97, 0x3E, 0x96, 0x1F, 0x56, 0xB7, 0x6C, 0xD4, 0x25, 0xB1,
    0x95, 0x46, 0x00, 0x98, 0x98, 0x1B, 0xDA, 0x77, 0xD1, 0xB8, 0xAC, 0xCD, 0xF4, 0xF3, 0xBC, 0xCE,
    0x45, 0x00, 0x83, 0x31, 0xFF, 0x3E, 0xD1, 0x08, 0x4D, 0x28, 0x97, 0xA3, 0x7E, 0xB8, 0x77, 0x00,
    0xDD, 0x62, 0xC3, 0x99, 0xD7, 0xFB, 0x8E, 0x6F, 0x1B, 0x2A, 0x89, 0x46, 0x99, 0x98, 0x3B, 0x82,
    0xB1, 0xE2, 0x5A, 0x79, 0xF5, 0xC8, 0x5F, 0xC9, 0x9A, 0x4A, 0x2E, 0x18, 0x85, 0xF7, 0xE1, 0xC2,
    0xB1, 0x49, 0xA1, 0xC5, 0xF5, 0x9E, 0x1A, 0xBF, 0xCD, 0x85, 0x3F, 0x80, 0xF2, 0xC2, 0xCD, 0x05,
    0xA1, 0x1B, 0x73, 0xC1, 0x00, 0x61, 0x5C, 0x33, 0xDF, 0x55, 0xBD, 0x4B, 0xE1, 0x5A, 0x6F, 0xEA,
    0xC0, 0x28, 0x74, 0xDC, 0x5B, 0x34, 0xE1, 0xF5, 0x58, 0x64, 0x0F, 0x2C, 0x2A, 0x5C, 0xFB, 0x47,
    0x21, 0xEE, 0x3F, 0xBE, 0x80, 0x84, 0x55, 0x4F, 0x76, 0xF2, 0x33, 0xB1, 0x84, 0x48, 0x98, 0xDF,
    0x97, 0x8F, 0x9D, 0xD2, 0x19, 0x25, 0x01, 0x92, 0xD1, 0x98, 0x4A, 0x87, 0x04, 0x78, 0xFF, 0xAE,
    0xFD, 0x07, 0xCD, 0x59, 0x61, 0x8A, 0x2C, 0x39, 0x08, 0xFE, 0xC0, 0xBF, 0x03, 0x5E, 0xE5, 0x1D,
    0xA0, 0xC1, 0xAB, 0x0B, 0x73, 0x80, 0x77, 0x15, 0xE1, 0xFD, 0x15, 0xBE, 0x9D, 0x0F, 0x2B, 0x53,
    0xD5, 0x61, 0xB6, 0xB7, 0x7B, 0x76, 0x16, 0xD6, 0x44, 0x35, 0x51, 0x8D, 0x31, 0xA9, 0xAA, 0xA1,
    0x07, 0xF7, 0x50, 0xC0, 0x0D, 0x70, 0x90, 0x49, 0xA2, 0x6E, 0xA8, 0x42, 0x25, 0x0A, 0x3F, 0xD0,
    0x2D, 0xE1, 0x0A, 0xAF, 0xE0, 0xC1, 0x74, 0x4B, 0x7B, 0x4F, 0x7C, 0x74, 0xFB, 0x81, 0x4E, 0xD6,
    0xC3, 0xFE, 0x80, 0xE4, 0x4E, 0x7E, 0x0A, 0xD2, 0xEB, 0x7F, 0x89, 0x07, 0xE0, 0x02, 0xBC, 0x80,
    0xD1, 0xDA, 0xDA, 0x3F, 0x5A, 0x74, 0x54, 0x14, 0xCB, 0xE9, 0x33, 0x2E, 0xB5, 0x48, 0xE6, 0xA9,
    0x9D, 0x31, 0xC1, 0x91, 0x5B, 0x1A, 0x53, 0xA3, 0x11, 0xB4, 0x16, 0x1A, 0x5D, 0x28, 0x1F, 0x61,
    0x09, 0xA3, 0x29, 0x6B, 0x8E, 0x6E, 0xF0, 0xD0, 0x0D, 0x56, 0x64, 0x14, 0x3F, 0x70, 0x6C, 0x5C,
    0xC8, 0xE8, 0x3B, 0xFD, 0xB2, 0x49, 0x96, 0xB2, 0x11, 0xCE, 0x1A, 0xD3, 0x4C, 0x6B, 0x4F, 0x0E,
    0x04, 0x11, 0x85, 0x3B, 0x74, 0x61, 0x42, 0x58, 0x9E, 0x37, 0x92, 0xBD, 0xB0, 0x3D, 0x7B, 0x74,
    0x5F, 0xA1, 0xFC, 0x5F, 0x44, 0xF9, 0x6C, 0xC8, 0x0D, 0xAE, 0xBA, 0xDD, 0x87, 0xBF, 0xDF, 0xF7,
    0xAB, 0x65, 0xD8, 0x63, 0xC6, 0xA0, 0x35, 0x82, 0x19, 0x2C, 0x72, 0xEF, 0xA1, 0x9E, 0x46, 0x24,
    0xD0, 0x00, 0x13, 0x2C, 0x90, 0x90, 0x56, 0xD0, 0x64, 0xB2, 0x35, 0x49, 0xA0, 0x20, 0x33, 0x57,
    0x85, 0x5B, 0x2D, 0xB4, 0x64, 0x22, 0xA4, 0x96, 0x99, 0xB1, 0x86, 0x94, 0xB1, 0x42, 0x73, 0x06,
    0xBC, 0xC9, 0x84, 0xB0, 0xD6, 0x6C, 0x3A, 0xD9, 0x77, 0x6C, 0x26, 0xA3, 0x20, 0x26, 0x73, 0xE0,
    0x97, 0x27, 0x67, 0x85, 0xD2, 0x0A, 0x98, 0x77, 0x4F, 0x16, 0xF0, 0x83, 0x7D, 0x62, 0xC2, 0x7E,
    0xB2, 0x73, 0x03, 0xCB, 0x57, 0x1A, 0x99, 0x58, 0xED, 0x3B, 0xDE, 0xB0, 0xD5, 0x5E, 0xF7, 0x56,
    0xDD, 0x3F, 0xC1, 0x38, 0xD7, 0x46, 0xE0, 0x9C, 0x5B, 0x21, 0x08, 0x12, 0x20, 0x46, 0xFE, 0x43,
    0xD8, 0x21, 0x33, 0x99, 0xD6, 0xA7, 0xEC, 0x9F, 0x72, 0xA4, 0xD7, 0x29, 0xC7, 0x55, 0xCE, 0xD3,
    0x9E, 0xA7, 0xFC, 0x4E, 0x34, 0xE0, 0x85, 0xF8, 0x90, 0xDB, 0x99, 0x20, 0xB5, 0x96, 0x77, 0xB0,
    0x8C, 0xCC, 0x20, 0xBD, 0xC8, 0x96, 0xEC, 0xEC, 0x28, 0x99, 0xE9, 0x22, 0xB2, 0x22, 0x69, 0xF4,
    0xF2, 0xC2, 0x1B, 0xF8, 0xBE, 0x64, 0xCC, 0xA3, 0x3E, 0xB2, 0x2D, 0x59, 0x8B, 0xF4, 0x39, 0xEF,
    0x75, 0xCA, 0x8A, 0x65, 0x4B, 0x4E, 0x79, 0x2B, 0xFE, 0x3C, 0x1A, 0xBF, 0xFB, 0x90, 0x81, 0x98,
    0x1C, 0x60, 0x92, 0x59, 0x90, 0xAC, 0xB0, 0xCA, 0x39, 0xFA, 0x5A, 0xCF, 0xBD, 0xA6, 0x67, 0x5D,
    0xA7, 0x08, 0x5B, 0x6D, 0xF7, 0xFA, 0xEE, 0x35, 0xDE, 0xEB, 0xBC, 0xD7, 0x7A, 0xAF, 0xF7, 0x5E,
    0xF3, 0xD3, 0x9F, 0xFB, 0x18, 0x0D, 0x98, 0xF2, 0x04, 0x54, 0x7F, 0x3A, 0x0B, 0xA4, 0x72, 0x5F,
    0x67, 0xB0, 0xEA, 0x8E, 0xCB, 0x39, 0x54, 0x90, 0x38, 0xCE, 0x82, 0xF3, 0x49, 0x60, 0x7E, 0x9E,
    0x47, 0xBB, 0x84, 0x9C, 0x33, 0x99, 0xDA, 0x73, 0x32, 0xA1, 0xDD, 0x8D, 0x6D, 0x1F, 0xF7, 0xFD,
    0xD8, 0xB7, 0x71, 0x14, 0x34, 0x6E, 0x8D, 0xA9, 0x71, 0xE2, 0xBA, 0xDE, 0x9C, 0x17, 0x8D, 0x51,
    0xAA, 0xE5, 0xE5, 0xCC, 0xCA, 0x49, 0x5C, 0xCF, 0xCD, 0xD9, 0x0A, 0xAF, 0xB9, 0x44, 0xCC, 0x7E,
    0x21, 0x55, 0x1A, 0x61, 0x0D, 0xEF, 0xB9, 0x91, 0xEA, 0x84, 0x3A, 0x8E, 0xD7, 0x9B, 0x2C, 0x64,
    0xD6, 0x46, 0xE5, 0x27, 0x3B, 0x6F, 0x44, 0xCA, 0x3C, 0x65, 0x3D, 0x2E, 0xCB, 0x23, 0x1A, 0xF2,
    0x89, 0x32, 0x4A, 0x18, 0xBF, 0xF1, 0x34, 0x42, 0xBE, 0x36, 0xDE, 0xE3, 0xAF, 0x30, 0x3C, 0x02,
    0x49, 0x00, 0x94, 0x5F, 0x29, 0x19, 0x6F, 0x25, 0x36, 0xD9, 0x68, 0x0D, 0x4F, 0x78, 0x31, 0x59,
    0x50, 0xF9, 0x27, 0x0D, 0x45, 0x9B, 0x2A, 0x4E, 0x0A, 0x9C, 0x2D, 0xC8, 0x3A, 0x5D, 0x36, 0x56,
    0xF2, 0x88, 0xF1, 0xF1, 0x49, 0xFE, 0xF0, 0x33, 0x8E, 0xE7, 0xE1, 0xCB, 0x3C, 0x12, 0x59, 0x69,
    0x29, 0xC2, 0x11, 0x43, 0x29, 0x03, 0x42, 0x99, 0x09, 0xED, 0x4F, 0x09, 0xE1, 0xD9, 0x42, 0xF9,
    0x40, 0x8D, 0x33, 0x53, 0x30, 0x88, 0xC6, 0x7C, 0x56, 0xE6, 0x03, 0x30, 0x23, 0x51, 0x27, 0x8C,
    0x69, 0xCC, 0x35, 0x6E, 0x58, 0x5A, 0xCA, 0x83, 0x1A, 0x8D, 0xC1, 0xA9, 0x15, 0x5D, 0x41, 0x3E,
    0xE3, 0x58, 0x02, 0xC0, 0x0D, 0xD0, 0x5A, 0x4C, 0xA4, 0xA7, 0x82, 0x56, 0x8C, 0x61, 0xB4, 0x31,
    0xA3, 0x9D, 0xE0, 0xF8, 0xAE, 0x88, 0x4E, 0x20, 0x5A, 0x5D, 0x22, 0x0B, 0x30, 0xBE, 0x53, 0xC1,
    0x48, 0xA9, 0x72, 0x5D, 0x21, 0x79, 0x09, 0xF3, 0x1C, 0x8D, 0x6E, 0x2C, 0x97, 0xDF, 0x8A, 0x32,
    0x31, 0x25, 0x4E, 0xF6, 0xC2, 0x59, 0x7D, 0x2E, 0x45, 0xF4, 0x91, 0xD9, 0x91, 0xE7, 0x91, 0xF5,
    0xAA, 0xAB, 0xD2, 0x1D, 0x52, 0x7F, 0x43, 0x62, 0x27, 0x78, 0x8A, 0xE0, 0x1E, 0x3C, 0x57, 0x41,
    0xB6, 0x25, 0xCF, 0x8F, 0x39, 0xA0, 0xA2, 0x90, 0x85, 0x20, 0x1B, 0x24, 0x29, 0x89, 0x19, 0xDA,
    0xF0, 0x1B, 0x93, 0x89, 0x93, 0x44, 0x8A, 0xBC, 0x13, 0x88, 0xDF, 0x22, 0x6C, 0x91, 0x12, 0x81,
    0xAA, 0x22, 0x52, 0x57, 0xB2, 0x83, 0xE7, 0xD8, 0xED, 0x64, 0x8C, 0x6D, 0x0E, 0x86, 0xBD, 0x91,
    0x5F, 0xD2, 0x65, 0x41, 0xF4, 0xA6, 0x28, 0xC7, 0x15, 0xD5, 0xDD, 0x6B, 0xD5, 0x7E, 0x52, 0x60,
    0x02, 0x26, 0x71, 0xE8, 0xCC, 0x8C, 0x76, 0x2C, 0xC7, 0x6B, 0x22, 0x4C, 0xB4, 0x89, 0x0C, 0x58,
    0x0D, 0x7A, 0x0E, 0x06, 0x06, 0x7B, 0x70, 0x57, 0x3F, 0x7C, 0x42, 0x84, 0x81, 0x69, 0x33, 0x9A,
    0x2F, 0x06, 0x16, 0x58, 0x3F, 0x2D, 0xFE, 0xB2, 0x46, 0x8D, 0xC8, 0x3F, 0xCD, 0x25, 0x92, 0x8F,
    0x45, 0xF8, 0xB9, 0x5A, 0x30, 0x97, 0x78, 0xEA, 0x41, 0xEF, 0xB5, 0xD8, 0x29, 0x3A, 0xCF, 0x2C,
    0xDB, 0xFA, 0x50, 0xE3, 0x0D, 0xE9, 0x3D, 0xA2, 0x68, 0x0F, 0x79, 0x28, 0xDE, 0xAC, 0xAD, 0x14,
    0xC3, 0x32, 0x5A, 0x79, 0xF3, 0x0F, 0x59, 0x93, 0x21, 0x79, 0x2F, 0x06, 0xC9, 0x1E, 0x11, 0xCE,
    0xC4, 0xBA, 0x4D, 0xCC, 0x45, 0xF9, 0x5B, 0x79, 0x33, 0x4A, 0x62, 0x43, 0x29, 0xD7, 0x7C, 0x60,
    0xE0, 0xCA, 0xDE, 0x47, 0x6C, 0xD1, 0xA9, 0x97, 0x56, 0x57, 0xDE, 0xF8, 0xA0, 0x06, 0x90, 0x75,
    0xED, 0x90, 0xB1, 0xC8, 0x79, 0x57, 0x65, 0x49, 0x11, 0xAE, 0x8D, 0xDA, 0x93, 0x16, 0x63, 0xF6,
    0x9C, 0xC5, 0x69, 0x06, 0x11, 0xE6, 0xD9, 0x81, 0x07, 0xFD, 0x05, 0xCB, 0xD3, 0x78, 0xEF, 0x78,
    0xD0, 0x5F, 0xB1, 0xDC, 0x8D, 0x51, 0x00, 0xFC, 0x7C, 0x8B, 0x08, 0xDB, 0x48, 0x69, 0x49, 0x5F,
    0x47, 0xFC, 0x4E, 0xB2, 0xA3, 0xFC, 0x43, 0x00, 0xFB, 0x0D, 0x60, 0xE6, 0xD4, 0x86, 0x89, 0x7B,
    0xC1, 0x24, 0x44, 0x63, 0xAE, 0xC3, 0xBC, 0x64, 0x8E, 0x87, 0x9A, 0x33, 0x3B, 0x83, 0xE0, 0x69,
    0x72, 0x46, 0x88, 0x3A, 0xAA, 0xBF, 0x0B, 0x8F, 0x60, 0x0E, 0x88, 0x32, 0x9E, 0x04, 0x1E, 0x0B,
    0x2B, 0xA0, 0xC9, 0xF5, 0x97, 0x88, 0xDC, 0xA7, 0x04, 0xEC, 0x79, 0x95, 0x36, 0x49, 0xCE, 0x88,
    0x39, 0x5B, 0x4F, 0xD6, 0x1B, 0xE6, 0x65, 0xBD, 0x31, 0x1B, 0xE6, 0xC3, 0x82, 0x10, 0x63, 0x8B,
    0x19, 0x4B, 0x4C, 0x1B, 0x15, 0x6B, 0x88, 0x49, 0xBD, 0xB3, 0xBF, 0xDF, 0x98, 0x27, 0x62, 0xFC,
    0xC4, 0xD8, 0x3B, 0x1B, 0x77, 0x5B, 0x1B, 0xC2, 0x4D, 0xD3, 0xA0, 0xB0, 0x9D, 0x24, 0x58, 0xB3,
    0x8B, 0xD2, 0xA8, 0x58, 0xDE, 0x26, 0x66, 0xF2, 0x63, 0x41, 0x2C, 0x2E, 0x8C, 0xF5, 0xDC, 0x9E,
    0x8C, 0x98, 0x3D, 0x6D, 0xEC, 0x6B, 0xF0, 0x84, 0x15, 0xD6, 0x77, 0x9D, 0xBD, 0x58, 0x70, 0x4D,
    0x8E, 0xFB, 0xEC, 0x22, 0x8F, 0x37, 0xE2, 0x46, 0xE6, 0x92, 0x0C, 0x31, 0xE2, 0x20, 0x7E, 0xFF,
    0xE9, 0x1A, 0x65, 0x2E, 0xE5, 0xBD, 0x05, 0xAF, 0x16, 0xA3, 0xFC, 0x7C, 0x99, 0x89, 0x30, 0x45,
    0xAA, 0x9D, 0xEC, 0xEF, 0x91, 0xFA, 0x24, 0xD9, 0xCE, 0x46, 0x7B, 0xE2, 0x87, 0x08, 0x9C, 0xA4,
    0xAD, 0x07, 0x93, 0x71, 0x90, 0x0A, 0xBE, 0x42, 0xE2, 0x93, 0x38, 0x57, 0x3C, 0x70, 0xA0, 0x2E,
    0x35, 0x10, 0xD9, 0xF6, 0xC6, 0x27, 0xC9, 0x78, 0xDC, 0xFF, 0x86, 0x77, 0x3D, 0x31, 0xEB, 0x2B,
    0xB9, 0x7D, 0x90, 0x8A, 0xEA, 0xD8, 0x8E, 0xBB, 0xE7, 0x7C, 0x82, 0x29, 0x72, 0x7C, 0x3F, 0xEC,
    0xFC, 0x66, 0xB4, 0xF5, 0x7C, 0x27, 0xA2, 0xCE, 0xDF, 0x28, 0xF0, 0x25, 0x48, 0xA3, 0x76, 0xFE,
    0xFE, 0xF5, 0xF2, 0x9F, 0x19, 0xFF, 0x1B, 0x78, 0xFD, 0x0F, 0xAA, 0xFF, 0xAA, 0xEE, 0x82, 0xFF,
    0x30, 0xBC, 0xC9, 0x6A, 0xFE, 0xB6, 0x6F, 0xB6, 0x37, 0xCB, 0x75, 0x88, 0x65, 0xF3, 0xCE, 0x4B,
    0x80, 0x42, 0xC0, 0x16, 0x36, 0xE0, 0xC2, 0xC2, 0xBD, 0x89, 0xF0, 0x6A, 0x62, 0xE5, 0xFD, 0xD1,
    0xCA, 0x19, 0x15, 0x8C, 0x74, 0x32, 0x7D, 0xDE, 0x99, 0x00, 0xDA, 0x8F, 0xFB, 0x5A, 0xC1, 0x81,
    0xE2, 0x01, 0x49, 0x60, 0xB4, 0xB2, 0x04, 0x59, 0x1A, 0x4B, 0xE6, 0x5C, 0x24, 0xAD, 0xEB, 0x09,
    0xDC, 0x5D, 0xA4, 0xBC, 0x5C, 0x24, 0x48, 0x37, 0xC4, 0xB2, 0x1D, 0xAE, 0x02, 0x79, 0x37, 0xD3,
    0x48, 0x62, 0x72, 0x08, 0xD6, 0xFE, 0xB7, 0xB4, 0xE6, 0x46, 0x2B, 0x3B, 0xC8, 0x23, 0xE5, 0x5B,
    0x8A, 0x72, 0x09, 0x8A, 0xD9, 0x36, 0x64, 0x6D, 0x8B, 0x68, 0x38, 0x8A, 0x87, 0x10, 0x32, 0x62,
    0x9F, 0x64, 0xE6, 0x9E, 0x00, 0xEE, 0x4B, 0xAE, 0xB9, 0xD0, 0xF4, 0x34, 0x30, 0xA7, 0x19, 0xA7,
    0xC1, 0x7A, 0x1A, 0xBC, 0xA7, 0xC1, 0x6B, 0x1A, 0x22, 0xA3, 0xD4, 0x10, 0x39, 0x0D, 0x3C, 0xDA,
    0x29, 0x5C, 0x76, 0xC4, 0xC9, 0xD2, 0x36, 0x3E, 0xF3, 0x63, 0xF7, 0x3A, 0xC4, 0xF1, 0xF0, 0xB0,
    0xC5, 0x99, 0x3B, 0x5F, 0xFA, 0x6F, 0x00, 0x1F, 0xE6, 0x7D, 0xEA, 0xE3, 0x4C, 0x9E, 0x60, 0x7D,
    0x9D, 0xC7, 0x9A, 0x1F, 0xBB, 0x7F, 0x93, 0x8F, 0x3D, 0xC8, 0xE7, 0x75, 0x78, 0x35, 0x6F, 0xC3,
    0xF9, 0x63, 0xB6, 0x27, 0x1E, 0x82, 0x67, 0x9C, 0xAF, 0xFC, 0xB5, 0x52, 0x7D, 0x4D, 0x65, 0xF1,
    0x0C, 0x78, 0x2A, 0x92, 0xAC, 0x59, 0xEC, 0x0B, 0x2D, 0xD1, 0xA8, 0x67, 0xCB, 0xF0, 0x64, 0x3E,
    0x91, 0x77, 0xC6, 0x88, 0xF4, 0x9E, 0x72, 0xC4, 0xE2, 0xDC, 0xF9, 0xA7, 0xDD, 0xEE, 0xBF, 0x73,
    0x0E, 0xD4, 0x3F, 0xF1, 0x7F, 0x8A, 0x63, 0x77, 0x79, 0xF1, 0x6B, 0xEE, 0x3D, 0x79, 0x59, 0xED,
    0xFE, 0xDB, 0x3F, 0x28, 0x4E, 0x88, 0x8A, 0x99, 0xED, 0xCB, 0xE9, 0x6C, 0x37, 0x20, 0x92, 0xEB,
    0x8C, 0x73, 0x7C, 0x58, 0x87, 0x0E, 0xFB, 0x0D, 0x00, 0x76, 0xEB, 0x01, 0xD2, 0x72, 0xB5, 0xEF,
    0xFC, 0x90, 0x7F, 0x0E, 0xBE, 0xE3, 0x4D, 0x46, 0x7B, 0x79, 0x69, 0xF4, 0x72, 0x83, 0xA5, 0x7C,
    0xA3, 0xA3, 0x5F, 0x5F, 0x5B, 0xBE, 0xB7, 0x5B, 0x79, 0x79, 0xF4, 0xEB, 0xEB, 0x33, 0xFF, 0x4D,
    0xD5, 0xFE, 0x02, 0xED, 0x93, 0x4D, 0x6A, 0x2C, 0x3D, 0x0C, 0x00, 0x0B, 0xBC, 0x0D, 0xF8, 0x2A,
    0xDF, 0x01, 0x02, 0xBA, 0xBA, 0x20, 0x07, 0xC8, 0x55, 0x04, 0xD9, 0x0A, 0xEA, 0x6B, 0xE3, 0xEE,
    0x66, 0x92, 0x79, 0x03, 0x6F, 0xF1, 0x96, 0xB1, 0xAA, 0x1A, 0x8F, 0x3D, 0x16, 0xFE, 0x1D, 0x16,
    0x61, 0x2F, 0x51, 0xF1, 0x43, 0x4C, 0x39, 0xBF, 0xB7, 0x77, 0xED, 0x4B, 0x42, 0x99, 0x36, 0x6B,
    0x2C, 0xEF, 0xA0, 0x0D, 0x3E, 0x14, 0x86, 0x30, 0x4F, 0x43, 0xE8, 0xED, 0x28, 0x99, 0xCB, 0x94,
    0x40, 0xD4, 0xBA, 0x04, 0xB9, 0xD4, 0x3A, 0x81, 0x5E, 0xA0, 0xA9, 0x15, 0x36, 0xE3, 0x24, 0x47,
    0xEB, 0x41, 0x69, 0x8E, 0x84, 0xD5, 0x75, 0x38, 0x0F, 0xA3, 0x20, 0xF2, 0x4C, 0x16, 0x8D, 0xBA,
    0xDD, 0x91, 0xA7, 0x84, 0xCB, 0x73, 0x1D, 0x6F, 0xA0, 0xE6, 0xE5, 0x3D, 0x9D, 0xD1, 0xDB, 0x59,
    0xDB, 0x3B, 0x79, 0xEE, 0x6E, 0xCF, 0xEE, 0xE5, 0xBD, 0x97, 0x72, 0x45, 0x7C, 0x1C, 0xDA, 0x4C,
    0x93, 0xB0, 0xF1, 0xF3, 0xEE, 0x49, 0x31, 0xF5, 0xDC, 0xCF, 0xBD, 0x97, 0x77, 0x0E, 0x95, 0x1F,
    0x91, 0x7E, 0x98, 0xA1, 0x44, 0xCB, 0xE3, 0xFC, 0xC2, 0x65, 0x1D, 0x26, 0xB3, 0x80, 0xE6, 0x46,
    0x7B, 0xF3, 0xDC, 0x78, 0x03, 0xAB, 0xDC, 0x3F, 0x47, 0xCD, 0x9A, 0x19, 0x2B, 0x58, 0xE1, 0x19,
    0xB1, 0x23, 0x23, 0x67, 0xCE, 0x1A, 0x45, 0xCB, 0x59, 0x5F, 0xD1, 0x3F, 0xA2, 0x76, 0x9E, 0x99,
    0x81, 0x30, 0x68, 0x5B, 0x35, 0x15, 0x25, 0xFE, 0xC8, 0xBF, 0xB8, 0x8D, 0x44, 0x61, 0x0D, 0x2B,
    0x2C, 0xAD, 0x88, 0x7A, 0x8B, 0xE2, 0x35, 0xD3, 0xDA, 0xEB, 0x8E, 0xE1, 0xDB, 0x90, 0xD1, 0xCC,
    0x83, 0xD5, 0x85, 0x39, 0x5C, 0xBF, 0xC2, 0xBB, 0xB8, 0xFF, 0x1F, 0xFA, 0x3E, 0x04, 0x19, 0x3D,
    0x3C, 0xC8, 0x7D, 0xFB, 0x60, 0x51, 0xA8, 0x6A, 0x6B, 0xF1, 0x1F, 0xBF, 0xEF, 0xE1, 0xF7, 0x3D,
    0x7C, 0x7F, 0x0F, 0xC3, 0x0A, 0x7B, 0x2A, 0x2C, 0x86, 0x86, 0xCA, 0x85, 0x86, 0x31, 0x2B, 0xB0,
    0xF6, 0x09, 0x7E, 0x49, 0x64, 0xB0, 0xBE, 0xEA, 0x16, 0x58, 0x46, 0x0E, 0x42, 0xD9, 0xC9, 0x9A,
    0x7B, 0x8C, 0xAE, 0x31, 0x29, 0xCF, 0xAE, 0xD8, 0x63, 0x1A, 0xCC, 0x83, 0x59, 0xAB, 0x6D, 0x96,
    0x8C, 0x3E, 0x3C, 0xF3, 0x10, 0x87, 0xD6, 0xBE, 0x49, 0xE5, 0xE1, 0x1E, 0xBB, 0x6A, 0xD7, 0x09,
    0x86, 0xF7, 0x4C, 0x96, 0xA9, 0x2E, 0x91, 0x40, 0xAE, 0xD3, 0x2E, 0x30, 0x91, 0xEF, 0x44, 0xB5,
    0xAD, 0xCA, 0x26, 0x5E, 0x00, 0xCF, 0x46, 0x8A, 0x38, 0x1A, 0x67, 0x61, 0x24, 0x2D, 0xE8, 0x32,
    0x77, 0xDB, 0xE8, 0xC3, 0x87, 0xFB, 0xF5, 0x54, 0x3A, 0xEA, 0x9E, 0x82, 0x2A, 0xA6, 0x22, 0xF1,
    0xB7, 0x9F, 0xFE, 0xB6, 0x82, 0x78, 0x45, 0xBF, 0x5C, 0xA8, 0x0B, 0x6D, 0xDB, 0x48, 0xE1, 0x91,
    0x69, 0x86, 0xE5, 0x67, 0x09, 0x26, 0xE1, 0x6A, 0xC1, 0x62, 0x56, 0x8E, 0xD2, 0xD2, 0x5C, 0x8D,
    0xB9, 0x08, 0x53, 0x17, 0x91, 0x3C, 0x33, 0xCD, 0x83, 0x21, 0xFF, 0x03, 0xBD, 0xD7, 0x51, 0x8A,
    0x1B, 0xBB, 0x12, 0x87, 0xF1, 0x3F, 0xE8, 0x75, 0xA0, 0xB6, 0x92, 0x05, 0x0C, 0xD4, 0xD6, 0x05,
    0x5E, 0x80, 0xB7, 0x52, 0xE0, 0xD7, 0x82, 0xEF, 0xAA, 0xD4, 0xEA, 0x6E, 0xBB, 0xED, 0xC9, 0x4D,
    0x38, 0x87, 0xA3, 0xE0, 0xDF, 0x27, 0x22, 0xA5, 0xDD, 0x63, 0x14, 0xDB, 0x23, 0x75, 0x49, 0x90,
    0x6A, 0x10, 0xB2, 0xC2, 0x27, 0xA9, 0xAE, 0x51, 0x2D, 0xFA, 0xC4, 0xE1, 0x9D, 0x10, 0x31, 0xF0,
    0x2C, 0x80, 0xB4, 0xA2, 0x15, 0x9A, 0xC8, 0x43, 0xEF, 0xC0, 0x1B, 0x2D, 0x5C, 0xE5, 0xF7, 0xA1,
    0x93, 0x92, 0x01, 0x5D, 0x3E, 0xA5, 0x6C, 0x70, 0x47, 0xC6, 0xFD, 0xF6, 0x18, 0x5A, 0x9B, 0x4F,
    0xBE, 0xEC, 0xF2, 0x70, 0xEB, 0x62, 0xF9, 0x3D, 0xCD, 0xA5, 0x4A, 0x97, 0x7C, 0x33, 0xA3, 0x64,
    0xF9, 0x2D, 0x19, 0x91, 0x6D, 0x08, 0xA8, 0x4D, 0xB5, 0x69, 0xBB, 0x31, 0xBC, 0x0D, 0x64, 0xAD,
    0xF4, 0xA9, 0xD4, 0xA5, 0x06, 0xB9, 0xED, 0x03, 0xB2, 0x6D, 0x44, 0x4B, 0xA3, 0xEB, 0xCB, 0xA8,
    0xCD, 0xF9, 0x4A, 0x58, 0x77, 0xC2, 0x1E, 0xEC, 0x90, 0x07, 0xB5, 0x9A, 0x8B, 0x3C, 0x60, 0x60,
    0xDC, 0xF3, 0xCB, 0x20, 0x9F, 0x5F, 0x63, 0x2F, 0x1A, 0x84, 0x01, 0xF9, 0x19, 0x49, 0xBF, 0x01,
    0xE2, 0x13, 0x97, 0x7D, 0x40, 0x9C, 0xFC, 0x78, 0xBD, 0xCA, 0x9C, 0xD2, 0xE5, 0x6B, 0xF7, 0xA4,
    0x37, 0xC2, 0x06, 0x5D, 0x5A, 0x68, 0x01, 0xE4, 0x95, 0x63, 0xF5, 0xE7, 0x85, 0xF3, 0x85, 0x05,
    0xC8, 0x4F, 0xA8, 0x06, 0x53, 0xB5, 0x5C, 0x8D, 0xAD, 0x36, 0x8A, 0x48, 0x63, 0x78, 0x07, 0x87,
    0xCE, 0x36, 0x62, 0x35, 0xA9, 0x85, 0xC7, 0x68, 0x0A, 0xE4, 0x49, 0x88, 0x9C, 0x1D, 0xC8, 0x5E,
    0x1A, 0x9F, 0xCB, 0x6B, 0xDB, 0xA5, 0x76, 0xA9, 0x5F, 0x8A, 0x57, 0xDF, 0x7F, 0x88, 0x55, 0x8B,
    0x99, 0x46, 0x6F, 0x79, 0x31, 0x4E, 0x1F, 0x53, 0xF2, 0x34, 0x4B, 0x6A, 0xF4, 0x67, 0x5B, 0xFA,
    0x5C, 0xF5, 0xDB, 0xF2, 0xE3, 0x9E, 0xF6, 0x48, 0x1D, 0x72, 0xAA, 0x77, 0x7D, 0x17, 0x50, 0x0D,
    0x20, 0x56, 0x73, 0x95, 0x97, 0x76, 0xA3, 0xCF, 0xB6, 0xB3, 0x7E, 0x29, 0xCF, 0x35, 0x6E, 0xD0,
    0xE9, 0x60, 0x94, 0xE0, 0x5B, 0x73, 0x35, 0x1A, 0x12, 0xA0, 0xD9, 0xAE, 0xBF, 0x68, 0x5F, 0xA5,
    0x57, 0x75, 0xAD, 0xD3, 0x8F, 0x43, 0x06, 0xFD, 0xF3, 0xCF, 0xB7, 0xDA, 0x7D, 0xD5, 0x90, 0x33,
    0xDB, 0x20, 0xAA, 0xF6, 0xDA, 0xB4, 0x6C, 0xBD, 0xF6, 0x7B, 0x6E, 0xD7, 0xDB, 0x6B, 0xCC, 0xCA,
    0x88, 0xD9, 0x46, 0xCE, 0x0E, 0x3A, 0x37, 0xBA, 0x9C, 0xA0, 0x8F, 0xB6, 0xD9, 0x90, 0x48, 0xBA,
    0x8F, 0x7A, 0x35, 0x25, 0x9B, 0xFD, 0x92, 0x7F, 0x78, 0xDE, 0xC6, 0x1D, 0xFA, 0xD6, 0x94, 0x8F,
    0xF6, 0x96, 0x7B, 0x62, 0xC4, 0x2E, 0xB1, 0x99, 0xB0, 0x30, 0x8A, 0x23, 0x8F, 0x22, 0xED, 0x16,
    0xBE, 0xA7, 0xCD, 0x74, 0x3E, 0x8D, 0x79, 0xCC, 0xBC, 0x8F, 0x68, 0x44, 0x8C, 0xA0, 0x23, 0x88,
    0xF7, 0xA4, 0x7C, 0xC4, 0x47, 0xF2, 0x73, 0x60, 0xEE, 0xEB, 0xD5, 0xBE, 0x9A, 0xCF, 0xED, 0x72,
    0xB6, 0xB6, 0xA3, 0xFD, 0x3F, 0xFA, 0x73, 0xBB, 0x3C, 0xB3, 0xAD, 0x3A, 0x97, 0x3B, 0x8D, 0xD5,
    0xBE, 0x35, 0x55, 0xC3, 0xF3, 0x22, 0x10, 0xEF, 0xBE, 0xEC, 0xF1, 0xB4, 0x54, 0x83, 0xA1, 0xC1,
    0x3D, 0xE5, 0xC0, 0x2E, 0xA8, 0x4C, 0xF9, 0x30, 0x96, 0xF6, 0x93, 0x6B, 0xE7, 0xD2, 0xE9, 0xC7,
    0x75, 0x6C, 0xD7, 0x52, 0x22, 0xCB, 0xB7, 0x61, 0x40, 0xBC, 0x28, 0x39, 0xF3, 0xDE, 0x90, 0x15,
    0x0E, 0x29, 0xB8, 0x0D, 0x42, 0xBA, 0x7C, 0x58, 0x00, 0x5C, 0x31, 0xA4, 0xE2, 0xA7, 0xCF, 0x89,
    0xBE, 0x10, 0x51, 0x70, 0x5B, 0x1F, 0x98, 0x56, 0xB4, 0x42, 0x4E, 0x36, 0xD4, 0x88, 0x69, 0x1F,
    0x1A, 0x2A, 0xB3, 0xF4, 0xCD, 0x28, 0x29, 0x1B, 0x7D, 0xAA, 0xA1, 0x6D, 0x66, 0xE9, 0x21, 0x51,
    0xE3, 0xC5, 0x06, 0x73, 0xF5, 0x4E, 0xD9, 0x96, 0x7D, 0xA8, 0x65, 0x94, 0x9E, 0xA7, 0xC6, 0x69,
    0xA3, 0x4F, 0x83, 0x9F, 0xC6, 0xFE, 0x33, 0xDE, 0xFA, 0xE0, 0x5E, 0x10, 0x85, 0x06, 0x2F, 0x2F,
    0xA1, 0xD7, 0x16, 0xB8, 0x87, 0x01, 0xBD, 0x3D, 0x40, 0xED, 0xDC, 0x62, 0x85, 0x0F, 0x1A, 0x03,
    0x2B, 0xDA, 0xAD, 0x98, 0xAB, 0x27, 0xEA, 0x9A, 0xC3, 0x9F, 0xDE, 0xF8, 0xE8, 0xFB, 0x24, 0xB6,
    0xA5, 0xB5, 0xE6, 0xDB, 0x7D, 0xAC, 0xFD, 0x33, 0x84, 0xAD, 0xDD, 0xD1, 0xD6, 0xA4, 0x1F, 0x13,
    0xCD, 0x49, 0x1B, 0x12, 0xAF, 0x93, 0x5A, 0x7D, 0x9F, 0x18, 0xDD, 0xA8, 0x6D, 0x4E, 0x6C, 0x13,
    0xD8, 0x8E, 0xFA, 0x8D, 0x75, 0xDA, 0x2D, 0x1B, 0xBE, 0xBE, 0x3D, 0xD5, 0x84, 0xB4, 0xA8, 0x49,
    0x23, 0xBC, 0x26, 0x50, 0x93, 0x36, 0x27, 0xDD, 0xD3, 0x38, 0xBE, 0x52, 0xB1, 0x7F, 0x21, 0x86,
    0x94, 0xB8, 0xD3, 0x55, 0x63, 0xE5, 0xE3, 0x64, 0xB5, 0xFD, 0xC1, 0xC4, 0x72, 0xEB, 0x77, 0x61,
    0xC7, 0x7F, 0x04, 0x09, 0xD8, 0x6D, 0x74, 0xFA, 0xFF, 0x51, 0xDC, 0xE6, 0xFE, 0xC7, 0x94, 0x1C,
    0xFA, 0x32, 0xF6, 0x2B, 0xFF, 0xB2, 0xDA, 0xF8, 0xDD, 0x96, 0x21, 0x61, 0xC3, 0x36, 0xCC, 0x21,
    0x6C, 0x6F, 0x0B, 0x94, 0x86, 0xFC, 0x96, 0x9B, 0x8D, 0x8E, 0x62, 0x28, 0xFD, 0x9A, 0xEA, 0xCD,
    0x66, 0x53, 0x96, 0x2A, 0x73, 0x1A, 0xC7, 0xC9, 0x87, 0x3E, 0x8D, 0x43, 0xB1, 0x9F, 0x76, 0x6A,
    0xC4, 0xE6, 0x3A, 0xF3, 0xA7, 0xC7, 0xEA, 0xE9, 0xFA, 0x3F, 0xB2, 0xEE, 0x9F, 0x65, 0x3F, 0x9F,
    0x4B, 0xA5, 0xFE, 0xCC, 0x6A, 0x9E, 0xB2, 0x0E, 0x3E, 0x21, 0x9F, 0x02, 0xF4, 0x06, 0x49, 0x37,
    0x1E, 0xA9, 0xE1, 0x2D, 0x25, 0xA7, 0x95, 0x79, 0x4A, 0xBC, 0x08, 0xF1, 0x93, 0xB5, 0xDF, 0x5F,
    0xA5, 0x34, 0x6E, 0x53, 0x20, 0xDA, 0x54, 0x9B, 0x3E, 0x6D, 0xC0, 0xEB, 0xDD, 0x2E, 0x1D, 0x3D,
    0x85, 0x3D, 0xFD, 0x4C, 0xDB, 0xE3, 0x71, 0xC6, 0x72, 0xC5, 0x52, 0x62, 0x8E, 0x4B, 0xE4, 0xD1,
    0x86, 0x62, 0xA5, 0x37, 0xFA, 0x65, 0x4B, 0x2D, 0x10, 0x33, 0x1E, 0xB2, 0x95, 0x1C, 0xC9, 0x4A,
    0x3D, 0xBC, 0xC2, 0x1E, 0x62, 0xCF, 0x7A, 0xCB, 0xD9, 0x6E, 0x1D, 0xC9, 0x2E, 0x87, 0x24, 0x25,
    0x54, 0xF6, 0x79, 0x5D, 0x5D, 0x7D, 0xFF, 0x52, 0xAA, 0x56, 0x6C, 0x57, 0x13, 0x84, 0x3E, 0xEC,
    0xF9, 0x78, 0x29, 0xD9, 0x30, 0x1D, 0xB5, 0x8F, 0xBF, 0xF9, 0xF5, 0xD7, 0x17, 0xBC, 0x71, 0xFE,
    0x56, 0xBA, 0xF6, 0x9F, 0x1A, 0xB7, 0xFC, 0x92, 0x5D, 0x8F, 0xC7, 0x92, 0xF8, 0x53, 0x3D, 0xDF,
    0xA4, 0x34, 0x6E, 0x9F, 0x7F, 0x43, 0xF5, 0x69, 0x83, 0xF8, 0x74, 0x48, 0x90, 0xC5, 0x8B, 0x0D,
    0x79, 0x59, 0xC3, 0xF9, 0x3C, 0xD6, 0x9E, 0x7F, 0x68, 0xB6, 0x12, 0x0E, 0x6D, 0xBA, 0x3E, 0x15,
    0xA2, 0x10, 0xA4, 0xF6, 0x97, 0x54, 0x7E, 0x66, 0x2E, 0xD9, 0x4C, 0xE8, 0x6B, 0x8B, 0xDE, 0x93,
    0x33, 0x4E, 0xDF, 0x92, 0x15, 0x3B, 0x8E, 0x7E, 0x3C, 0xFD, 0x6D, 0x83, 0xE7, 0xBD, 0x46, 0xF7,
    0x96, 0xD6, 0xE9, 0xDC, 0x21, 0xE8, 0x0F, 0xFC, 0x91, 0x23, 0x61, 0x7D, 0x84, 0x2D, 0x1E, 0x26,
    0x90, 0xC1, 0x63, 0xBD, 0x59, 0x12, 0x6A, 0x0F, 0x40, 0x6A, 0x61, 0xCA, 0x6B, 0xF8, 0x69, 0xE8,
    0x18, 0xBF, 0xFF, 0x28, 0xFF, 0x77, 0x00, 0x88, 0x13, 0x19, 0x5A, 0xAB, 0xFA, 0xB0, 0xAA, 0xE3,
    0xDF, 0xDA, 0xB6, 0xAA, 0x41, 0x16, 0x5D, 0xF2, 0xD4, 0xC2, 0x28, 0xAE, 0x5F, 0xA9, 0x8E, 0x65,
    0xE7, 0xB2, 0x67, 0x5D, 0xF8, 0xB4, 0x4D, 0xB3, 0xE4, 0x70, 0x3D, 0x0B, 0xB1, 0x4D, 0xBF, 0xCA,
    0x5B, 0x4A, 0xF1, 0xB4, 0xA7, 0xC1, 0xB6, 0xBA, 0xA4, 0x6F, 0xF6, 0xED, 0x8D, 0xA9, 0xD4, 0xA1,
    0x3D, 0xE9, 0x39, 0xBC, 0x11, 0x43, 0x96, 0xFD, 0xE5, 0x79, 0xF5, 0x4B, 0x73, 0x18, 0x7D, 0xD6,
    0xEF, 0x31, 0xFB, 0xDD, 0x72, 0xAB, 0xB6, 0xE6, 0x2A, 0x62, 0xD6, 0xA9, 0x11, 0xAB, 0xC8, 0xB6,
    0xF6, 0xB6, 0x2A, 0xD6, 0x86, 0xB9, 0xDF, 0x66, 0xBB, 0x5A, 0xB5, 0xF5, 0x5F, 0xB3, 0xF6, 0xC8,
    0x59, 0x60, 0x36, 0xD7, 0xCD, 0x85, 0xDF, 0x67, 0xF5, 0x35, 0xCF, 0xD5, 0x7E, 0x63, 0x7B, 0x3D,
    0x67, 0xBF, 0x6C, 0xDB, 0xAE, 0xBD, 0x6D, 0x55, 0xBE, 0xDA, 0x56, 0xA7, 0x7F, 0x5F, 0x83, 0x15,
    0x72, 0xF4, 0x78, 0x9F, 0x5D, 0x07, 0x6A, 0x36, 0x47, 0x3B, 0x1D, 0xE4, 0x29, 0xBA, 0xAD, 0x36,
    0xBA, 0xC7, 0x56, 0xAA, 0x3A, 0x3B, 0xF9, 0x5C, 0xE9, 0x2F, 0xDA, 0x8E, 0xBB, 0xC9, 0x29, 0x9B,
    0x7D, 0x1A, 0xAD, 0x26, 0xA5, 0x3E, 0xBB, 0x56, 0x5F, 0x3F, 0x20, 0x54, 0xE4, 0xB4, 0xBF, 0x7F,
    0xD5, 0x11, 0x90, 0xEF, 0xAE, 0xD5, 0x0F, 0x4A, 0x6E, 0xFD, 0x39, 0x54, 0x0C, 0xD0, 0xF1, 0x46,
    0xC7, 0x7E, 0xFF, 0x36, 0x62, 0x15, 0xE4, 0xB8, 0xDD, 0xE9, 0x9E, 0x6E, 0xB7, 0x23, 0x84, 0xDB,
    0xE0, 0xF7, 0x51, 0x8D, 0x15, 0xCF, 0xE7, 0xD8, 0x0A, 0xE5, 0x71, 0x7F, 0xAC, 0x3D, 0xEB, 0x00,
    0xFF, 0x1C, 0xA5, 0xEB, 0x0A, 0x30, 0x89, 0x82, 0x93, 0x4E, 0x58, 0xD1, 0x5E, 0x31, 0x44, 0xF8,
    0x00, 0xB2, 0x88, 0x63, 0x36, 0x17, 0x5E, 0x37, 0x6B, 0x9B, 0x45, 0xB1, 0xAE, 0x07, 0x1B, 0xDA,
    0x89, 0xE2, 0x7A, 0x57, 0x0B, 0xDB, 0x56, 0x6D, 0x7B, 0xA4, 0x43, 0x92, 0xFA, 0x22, 0xA4, 0x97,
    0x47, 0xAF, 0xC7, 0xE5, 0xEF, 0x52, 0xCD, 0x11, 0xBE, 0xFE, 0x7D, 0x03, 0xE4, 0xB5, 0xF2, 0xF3,
    0x1B, 0xF8, 0xFF, 0x00, 0xFB, 0x0F, 0x04, 0x1F, 0xD0, 0x08, 0x00, 0xDD, 0xD2, 0x01, 0x66, 0x04,
    0x51, 0x0C, 0xC6, 0xF1, 0xF0, 0x0E, 0x90, 0xAB, 0xF4, 0x00, 0x25, 0x57, 0x7F, 0xEC, 0x01, 0xF6,
    0x2A, 0xA1, 0x00, 0x8F, 0x7F, 0xF3, 0x92, 0x98, 0xB1, 0x35, 0xAB, 0xA8, 0xDA, 0x2A, 0x3B, 0xF9,
    0x05, 0x99, 0xF1, 0xF2, 0xF6, 0x13, 0x65, 0x89, 0x31, 0xE3, 0x59, 0x03, 0x5C, 0x60, 0x69, 0xB8,
    0xFB, 0x70, 0x0E, 0x3C, 0xBC, 0x87, 0x53, 0x14, 0x91, 0x74, 0x9D, 0xEE, 0x19, 0x03, 0x01, 0x6E,
    0x94, 0xF7, 0x2B, 0x7B, 0xFE, 0x65, 0xEE, 0x3D, 0x2D, 0xB7, 0xAC, 0x1D, 0x6B, 0xC3, 0x5D, 0xDD,
    0xCD, 0x73, 0x2A, 0x77, 0xAC, 0x37, 0x6A, 0x2F, 0x9C, 0xEB, 0x9A, 0xF3, 0xBF, 0x59, 0xF7, 0x69,
    0xF1, 0xEB, 0xD3, 0x5E, 0xCD, 0xBF, 0xF8, 0xB4, 0x9D, 0x21, 0xA4, 0x53, 0xF4, 0xC1, 0xEC, 0x1C,
    0x45, 0xD7, 0x49, 0xBA, 0x1D, 0x59, 0xDA, 0x5D, 0xA7, 0xE9, 0xFD, 0xFC, 0x7F, 0x8E, 0xEE, 0xC8,
    0xD4, 0x60, 0x76, 0xAA, 0xAA, 0xBB, 0x3F, 0xEF, 0xFA, 0xDD, 0x3F, 0xDB, 0xF5, 0x0D, 0xC5, 0xE6,
    0x8F, 0x37, 0x34, 0xBE, 0xB9, 0xA1, 0x67, 0xDF, 0xFB, 0x97, 0x37, 0xE4, 0x19, 0x02, 0xA2, 0x17,
    0x0D, 0x96, 0x88, 0x35, 0xDC, 0x36, 0xF1, 0xE8, 0xC6, 0xBF, 0x02, 0x33, 0x20, 0x19, 0x17, 0xF4,
    0xE4, 0xCF, 0xA1, 0x99, 0x9E, 0xB0, 0x19, 0x0F, 0x48, 0x1E, 0x5F, 0x2C, 0x6A, 0x6F, 0xD3, 0x81,
    0xC6, 0x43, 0x3B, 0xD4, 0x34, 0x4A, 0x39, 0x4B, 0x2B, 0xA9, 0x6D, 0xB4, 0x02, 0x82, 0x85, 0x1A,
    0x02, 0x9E, 0xFA, 0x28, 0xA7, 0xBC, 0x9D, 0x9F, 0x08, 0x69, 0xF1, 0xD4, 0x20, 0x55, 0x7A, 0x08,
    0x56, 0xAA, 0xAD, 0xD0, 0x6A, 0x3A, 0xDB, 0x25, 0xB6, 0x7F, 0x03, 0x08, 0x01, 0xF0, 0x36, 0x46,
    0xC0, 0x20, 0x57, 0xFB, 0x04, 0x2C, 0x8E, 0x81, 0x0D, 0xC0, 0x40, 0x08, 0x02, 0x3F, 0xF9, 0x01,
    0x1C, 0xA9, 0xAB, 0xFF, 0x48, 0x0C, 0x60, 0x42, 0x05, 0x31, 0x35, 0xE5, 0xCD, 0x89, 0x9C, 0xA9,
    0x77, 0x52, 0xC8, 0xFF, 0x76, 0x44, 0x31, 0xE2, 0x63, 0x20, 0x12, 0x8B, 0x90, 0x1D, 0x24, 0xD0,
    0x37, 0x9F, 0xA1, 0x99, 0x17, 0xEC, 0xA2, 0x36, 0x72, 0x71, 0x69, 0x17, 0xF6, 0x95, 0x13, 0x2D,
    0x20, 0x17, 0x89, 0x1E, 0x84, 0x1C, 0x86, 0x42, 0xF8, 0x6A, 0x9A, 0xDC, 0x17, 0xB4, 0x74, 0x32,
    0x15, 0x42, 0x6D, 0xA1, 0x7C, 0x7F, 0x05, 0xEC, 0x2C, 0x44, 0xB7, 0x54, 0x1B, 0x30, 0x11, 0xC5,
    0xC0, 0x09, 0xE1, 0xE3, 0x03, 0x39, 0x8E, 0x20, 0xFC, 0x83, 0x79, 0xF5, 0x0F, 0xFF, 0x07, 0xB8,
    0x4F, 0xD1, 0xFC, 0x0E, 0x56, 0x82, 0x08, 0x1F, 0x78, 0x88, 0x01, 0x00,
};

static const EpdGlyph notosans_18_boldGlyphs[] = {
    { 1, 1, 0, 0, 1, 1, 0 }, // U+0000
    { 1, 1, 160, 0, 1, 1, 1 }, // U+000D
    { 1, 1, 160, 0, 1, 1, 2 }, // U+0020
    { 7, 28, 176, 2, 27, 49, 3 }, // !
    { 14, 10, 288, 2, 27, 35, 52 }, // "
    { 23, 27, 400, 1, 27, 156, 87 }, // #
    { 18, 31, 352, 2, 29, 140, 243 }, // $
    { 32, 28, 544, 1, 28, 224, 383 }, // %
    { 27, 28, 464, 2, 28, 189, 607 }, // &
    { 6, 10, 160, 2, 27, 15, 796 }, // '
    { 10, 33, 208, 2, 27, 83, 811 }, // (
    { 10, 33, 208, 1, 27, 83, 894 }, // )
    { 19, 18, 336, 1, 29, 86, 977 }, // *
    { 18, 19, 352, 2, 23, 86, 1063 }, // +
    { 8, 9, 176, 1, 4, 18, 1149 }, // ,
    { 10, 5, 192, 1, 13, 13, 1167 }, // -
    { 7, 7, 176, 2, 6, 13, 1180 }, // .
    { 16, 27, 256, 0, 27, 108, 1193 }, // /
    { 19, 28, 368, 2, 28, 133, 1301 }, // 0
    { 14, 27, 320, 0, 27, 95, 1434 }, // 1
    { 19, 28, 336, 1, 28, 133, 1529 }, // 2
    { 19, 28, 352, 1, 28, 133, 1662 }, // 3
    { 20, 27, 352, 1, 27, 135, 1795 }, // 4
    { 18, 27, 352, 2, 27, 122, 1930 }, // 5
    { 19, 27, 368, 2, 27, 129, 2052 }, // 6
    { 20, 27, 320, 0, 27, 135, 2181 }, // 7
    { 19, 28, 368, 2, 28, 133, 2316 }, // 8
    { 19, 27, 368, 2, 27, 129, 2449 }, // 9
    { 7, 22, 176, 2, 21, 39, 2578 }, // :
    { 8, 26, 176, 1, 21, 52, 2617 }, // ;
    { 18, 20, 352, 2, 24, 90, 2669 }, // <
    { 18, 11, 352, 2, 19, 50, 2759 }, // =
    { 18, 20, 352, 2, 24, 90, 2809 }, // >
    { 17, 29, 288, 0, 28, 124, 2899 }, // ?
    { 30, 30, 544, 2, 27, 225, 3023 }, // @
    { 26, 27, 416, 0, 27, 176, 3248 }, // A
    { 20, 27, 400, 3, 27, 135, 3424 }, // B
    { 21, 28, 384, 2, 28, 147, 3559 }, // C
    { 23, 27, 448, 3, 27, 156, 3706 }, // D
    { 16, 27, 336, 3, 27, 108, 3862 }, // E
    { 16, 27, 336, 3, 27, 108, 3970 }, // F
    { 22, 28, 448, 2, 28, 154, 4078 }, // G
    { 23, 27, 464, 3, 27, 156, 4232 }, // H
    { 13, 27, 240, 1, 27, 88, 4388 }, // I
    { 12, 35, 208, -3, 27, 105, 4476 }, // J
    { 22, 27, 400, 3, 27, 149, 4581 }, // K
    { 17, 27, 336, 3, 27, 115, 4730 }, // L
    { 29, 27, 576, 3, 27, 196, 4845 }, // M
    { 24, 27, 496, 3, 27, 162, 5041 }, // N
    { 26, 28, 480, 2, 28, 182, 5203 }, // O
    { 19, 27, 384, 3, 27, 129, 5385 }, // P
    { 26, 34, 480, 2, 28, 221, 5514 }, // Q
    { 22, 27, 400, 3, 27, 149, 5735 }, // R
    { 17, 28, 336, 2, 28, 119, 5884 }, // S
    { 20, 27, 352, 1, 27, 135, 6003 }, // T
    { 23, 27, 464, 3, 27, 156, 6138 }, // U
    { 25, 27, 400, 0, 27, 169, 6294 }, // V
    { 37, 27, 592, 0, 27, 250, 6463 }, // W
    { 25, 27, 400, 0, 27, 169, 6713 }, // X
    { 24, 27, 384, 0, 27, 162, 6882 }, // Y
    { 20, 27, 352, 1, 27, 135, 7044 }, // Z
    { 9, 33, 208, 3, 27, 75, 7179 }, // [
    { 16, 27, 256, 0, 27, 108, 7254 }, // <backslash>
    { 9, 33, 208, 1, 27, 75, 7362 }, // ]
    { 20, 17, 352, 1, 27, 85, 7437 }, // ^
    { 16, 3, 256, 0, -3, 12, 7522 }, // _
    { 10, 6, 224, 2, 29, 15, 7534 }, // `
    { 18, 21, 368, 2, 21, 95, 7549 }, // a
    { 19, 29, 384, 3, 29, 138, 7644 }, // b
    { 17, 21, 320, 2, 21, 90, 7782 }, // c
    { 19, 29, 384, 2, 29, 138, 7872 }, // d
    { 19, 21, 368, 2, 21, 100, 8010 }, // e
    { 15, 29, 240, 1, 29, 109, 8110 }, // f
    { 19, 30, 384, 2, 21, 143, 8219 }, // g
    { 19, 29, 400, 3, 29, 138, 8362 }, // h
    { 6, 29, 176, 3, 29, 44, 8500 }, // i
    { 11, 38, 176, -2, 29, 105, 8544 }, // j
    { 21, 29, 384, 3, 29, 153, 8649 }, // k
    { 6, 29, 176, 3, 29, 44, 8802 }, // l
    { 31, 21, 592, 3, 21, 163, 8846 }, // m
    { 19, 21, 400, 3, 21, 100, 9009 }, // n
    { 20, 21, 384, 2, 21, 105, 9109 }, // o
    { 19, 30, 384, 3, 21, 143, 9214 }, // p
    { 19, 30, 384, 2, 21, 143, 9357 }, // q
    { 14, 21, 272, 3, 21, 74, 9500 }, // r
    { 15, 21, 304, 2, 21, 79, 9574 }, // s
    { 14, 25, 256, 1, 25, 88, 9653 }, // t
    { 19, 21, 400, 3, 21, 100, 9741 }, // u
    { 22, 21, 352, 0, 21, 116, 9841 }, // v
    { 32, 21, 528, 0, 21, 168, 9957 }, // w
    { 22, 21, 352, 0, 21, 116, 10125 }, // x
    { 22, 30, 352, 0, 21, 165, 10241 }, // y
    { 17, 21, 304, 1, 21, 90, 10406 }, // z
    { 12, 33, 240, 1, 27, 99, 10496 }, // {
    { 5, 38, 336, 8, 29, 48, 10595 }, // |
    { 12, 33, 240, 2, 27, 99, 10643 }, // }
    { 18, 7, 352, 2, 17, 32, 10742 }, // ~
    { 1, 1, 160, 0, 1, 1, 0 }, // U+00A0
    { 7, 28, 176, 2, 21, 49, 1 }, // U+00A1
    { 16, 28, 352, 3, 28, 112, 50 }, // U+00A2
    { 19, 28, 352, 2, 28, 133, 162 }, // U+00A3
    { 18, 17, 352, 2, 22, 77, 295 }, // U+00A4
    { 22, 27, 352, 0, 27, 149, 372 }, // U+00A5
    { 5, 38, 336, 8, 29, 48, 521 }, // U+00A6
    { 15, 29, 288, 2, 29, 109, 569 }, // U+00A7
    { 13, 5, 368, 5, 29, 17, 678 }, // U+00A8
    { 28, 28, 512, 2, 28, 196, 695 }, // U+00A9
    { 12, 13, 224, 1, 27, 39, 891 }, // U+00AA
    { 21, 17, 368, 1, 19, 90, 930 }, // U+00AB
    { 18, 10, 352, 2, 15, 45, 1020 }, // U+00AC
    { 10, 5, 192, 1, 13, 13, 1065 }, // U+00AD
    { 28, 28, 512, 2, 28, 196, 1078 }, // U+00AE
    { 19, 4, 304, 0, 33, 19, 1274 }, // U+00AF
    { 13, 13, 256, 2, 28, 43, 1293 }, // U+00B0
    { 18, 24, 352, 2, 24, 108, 1336 }, // U+00B1
    { 12, 16, 224, 1, 32, 48, 1444 }, // U+00B2
    { 12, 17, 224, 1, 32, 51, 1492 }, // U+00B3
    { 10, 6, 224, 2, 29, 15, 1543 }, // U+00B4
    { 19, 30, 400, 3, 21, 143, 1558 }, // U+00B5
    { 20, 34, 400, 2, 29, 170, 1701 }, // U+00B6
    { 7, 7, 176, 2, 17, 13, 1871 }, // U+00B7
    { 8, 9, 160, 1, 0, 18, 1884 }, // U+00B8
    { 10, 16, 224, 1, 32, 40, 1902 }, // U+00B9
    { 13, 13, 240, 1, 27, 43, 1942 }, // U+00BA
    { 21, 17, 368, 1, 19, 90, 1985 }, // U+00BB
    { 30, 27, 512, 1, 27, 203, 2075 }, // U+00BC
    { 31, 27, 528, 1, 27, 210, 2278 }, // U+00BD
    { 30, 27, 512, 2, 27, 203, 2488 }, // U+00BE
    { 17, 28, 288, 1, 21, 119, 2691 }, // U+00BF
    { 26, 35, 416, 0, 35, 228, 2810 }, // U+00C0
    { 26, 35, 416, 0, 35, 228, 3038 }, // U+00C1
    { 26, 35, 416, 0, 35, 228, 3266 }, // U+00C2
    { 26, 35, 416, 0, 35, 228, 3494 }, // U+00C3
    { 26, 35, 416, 0, 35, 228, 3722 }, // U+00C4
    { 26, 34, 416, 0, 34, 221, 3950 }, // U+00C5
    { 34, 27, 576, 0, 27, 230, 4171 }, // U+00C6
    { 21, 37, 384, 2, 28, 195, 4401 }, // U+00C7
    { 16, 35, 336, 3, 35, 140, 4596 }, // U+00C8
    { 16, 35, 336, 3, 35, 140, 4736 }, // U+00C9
    { 16, 35, 336, 3, 35, 140, 4876 }, // U+00CA
    { 16, 35, 336, 3, 35, 140, 5016 }, // U+00CB
    { 14, 35, 240, 0, 35, 123, 5156 }, // U+00CC
    { 13, 35, 240, 1, 35, 114, 5279 }, // U+00CD
    { 15, 35, 240, 0, 35, 132, 5393 }, // U+00CE
    { 13, 35, 240, 1, 35, 114, 5525 }, // U+00CF
    { 25, 27, 448, 1, 27, 169, 5639 }, // U+00D0
    { 24, 35, 496, 3, 35, 210, 5808 }, // U+00D1
    { 26, 35, 480, 2, 35, 228, 6018 }, // U+00D2
    { 26, 35, 480, 2, 35, 228, 6246 }, // U+00D3
    { 26, 35, 480, 2, 35, 228, 6474 }, // U+00D4
    { 26, 35, 480, 2, 35, 228, 6702 }, // U+00D5
    { 26, 35, 480, 2, 35, 228, 6930 }, // U+00D6
    { 17, 17, 352, 2, 22, 73, 7158 }, // U+00D7
    { 26, 31, 480, 2, 29, 202, 7231 }, // U+00D8
    { 23, 35, 464, 3, 35, 202, 7433 }, // U+00D9
    { 23, 35, 464, 3, 35, 202, 7635 }, // U+00DA
    { 23, 35, 464, 3, 35, 202, 7837 }, // U+00DB
    { 23, 35, 464, 3, 35, 202, 8039 }, // U+00DC
    { 24, 35, 384, 0, 35, 210, 8241 }, // U+00DD
    { 19, 27, 384, 3, 27, 129, 8451 }, // U+00DE
    { 22, 29, 432, 3, 29, 160, 8580 }, // U+00DF
    { 18, 29, 368, 2, 29, 131, 8740 }, // U+00E0
    { 18, 29, 368, 2, 29, 131, 8871 }, // U+00E1
    { 18, 29, 368, 2, 29, 131, 9002 }, // U+00E2
    { 18, 29, 368, 2, 29, 131, 9133 }, // U+00E3
    { 18, 29, 368, 2, 29, 131, 9264 }, // U+00E4
    { 18, 32, 368, 2, 32, 144, 9395 }, // U+00E5
    { 31, 21, 560, 2, 21, 163, 9539 }, // U+00E6
    { 17, 30, 320, 2, 21, 128, 9702 }, // U+00E7
    { 19, 29, 368, 2, 29, 138, 9830 }, // U+00E8
    { 19, 29, 368, 2, 29, 138, 9968 }, // U+00E9
    { 19, 29, 368, 2, 29, 138, 10106 }, // U+00EA
    { 19, 29, 368, 2, 29, 138, 10244 }, // U+00EB
    { 11, 29, 176, 0, 29, 80, 10382 }, // U+00EC
    { 10, 29, 176, 3, 29, 73, 10462 }, // U+00ED
    { 15, 29, 176, -2, 29, 109, 10535 }, // U+00EE
    { 13, 29, 176, -1, 29, 95, 10644 }, // U+00EF
    { 20, 29, 384, 2, 29, 145, 10739 }, // U+00F0
    { 19, 29, 400, 3, 29, 138, 10884 }, // U+00F1
    { 20, 29, 384, 2, 29, 145, 11022 }, // U+00F2
    { 20, 29, 384, 2, 29, 145, 11167 }, // U+00F3
    { 20, 29, 384, 2, 29, 145, 11312 }, // U+00F4
    { 20, 29, 384, 2, 29, 145, 11457 }, // U+00F5
    { 20, 29, 384, 2, 29, 145, 11602 }, // U+00F6
    { 18, 19, 352, 2, 23, 86, 11747 }, // U+00F7
    { 20, 23, 384, 2, 22, 115, 11833 }, // U+00F8
    { 19, 29, 400, 3, 29, 138, 11948 }, // U+00F9
    { 19, 29, 400, 3, 29, 138, 12086 }, // U+00FA
    { 19, 29, 400, 3, 29, 138, 12224 }, // U+00FB
    { 19, 29, 400, 3, 29, 138, 12362 }, // U+00FC
    { 22, 38, 352, 0, 29, 209, 12500 }, // U+00FD
    { 19, 38, 384, 3, 29, 181, 12709 }, // U+00FE
    { 22, 38, 352, 0, 29, 209, 12890 }, // U+00FF
    { 26, 33, 416, 0, 33, 215, 0 }, // U+0100
    { 18, 27, 368, 2, 27, 122, 215 }, // U+0101
    { 26, 35, 416, 0, 35, 228, 337 }, // U+0102
    { 18, 29, 368, 2, 29, 131, 565 }, // U+0103
    { 26, 36, 416, 0, 27, 234, 696 }, // U+0104
    { 19, 30, 368, 2, 21, 143, 930 }, // U+0105
    { 21, 35, 384, 2, 35, 184, 1073 }, // U+0106
    { 17, 29, 320, 2, 29, 124, 1257 }, // U+0107
    { 21, 35, 384, 2, 35, 184, 1381 }, // U+0108
    { 17, 29, 320, 2, 29, 124, 1565 }, // U+0109
    { 21, 35, 384, 2, 35, 184, 1689 }, // U+010A
    { 17, 29, 320, 2, 29, 124, 1873 }, // U+010B
    { 21, 35, 384, 2, 35, 184, 1997 }, // U+010C
    { 17, 29, 320, 2, 29, 124, 2181 }, // U+010D
    { 23, 35, 448, 3, 35, 202, 2305 }, // U+010E
    { 27, 29, 384, 2, 29, 196, 2507 }, // U+010F
    { 25, 27, 448, 1, 27, 169, 2703 }, // U+0110
    { 22, 29, 400, 2, 29, 160, 2872 }, // U+0111
    { 16, 33, 336, 3, 33, 132, 3032 }, // U+0112
    { 19, 27, 368, 2, 27, 129, 3164 }, // U+0113
    { 16, 35, 336, 3, 35, 140, 3293 }, // U+0114
    { 19, 29, 368, 2, 29, 138, 3433 }, // U+0115
    { 16, 35, 336, 3, 35, 140, 3571 }, // U+0116
    { 19, 29, 368, 2, 29, 138, 3711 }, // U+0117
    { 16, 36, 336, 3, 27, 144, 3849 }, // U+0118
    { 19, 30, 352, 2, 21, 143, 3993 }, // U+0119
    { 17, 35, 336, 3, 35, 149, 4136 }, // U+011A
    { 19, 29, 368, 2, 29, 138, 4285 }, // U+011B
    { 22, 35, 448, 2, 35, 193, 4423 }, // U+011C
    { 19, 38, 384, 2, 29, 181, 4616 }, // U+011D
    { 22, 35, 448, 2, 35, 193, 4797 }, // U+011E
    { 19, 38, 384, 2, 29, 181, 4990 }, // U+011F
    { 22, 35, 448, 2, 35, 193, 5171 }, // U+0120
    { 19, 38, 384, 2, 29, 181, 5364 }, // U+0121
    { 22, 36, 448, 2, 28, 198, 5545 }, // U+0122
    { 19, 38, 384, 2, 29, 181, 5743 }, // U+0123
    { 23, 35, 464, 3, 35, 202, 5924 }, // U+0124
    { 24, 37, 400, -2, 37, 222, 6126 }, // U+0125
    { 29, 27, 464, 0, 27, 196, 6348 }, // U+0126
    { 22, 29, 400, 0, 29, 160, 6544 }, // U+0127
    { 15, 35, 240, -1, 35, 132, 6704 }, // U+0128
    { 16, 29, 176, -2, 29, 116, 6836 }, // U+0129
    { 13, 33, 240, 1, 33, 108, 6952 }, // U+012A
    { 13, 27, 176, -1, 27, 88, 7060 }, // U+012B
    { 15, 35, 240, 0, 35, 132, 7148 }, // U+012C
    { 14, 29, 176, -1, 29, 102, 7280 }, // U+012D
    { 13, 36, 240, 1, 27, 117, 7382 }, // U+012E
    { 7, 38, 176, 2, 29, 67, 7499 }, // U+012F
    { 13, 35, 240, 1, 35, 114, 7566 }, // U+0130
    { 6, 21, 176, 3, 21, 32, 7680 }, // U+0131
    { 23, 35, 432, 1, 27, 202, 7712 }, // U+0132
    { 17, 38, 368, 3, 29, 162, 7914 }, // U+0133
    { 17, 43, 208, -3, 35, 183, 8076 }, // U+0134
    { 15, 38, 176, -2, 29, 143, 8259 }, // U+0135
    { 22, 35, 400, 3, 27, 193, 8402 }, // U+0136
    { 21, 37, 384, 3, 29, 195, 8595 }, // U+0137
    { 21, 21, 384, 3, 21, 111, 8790 }, // U+0138
    { 17, 35, 336, 3, 35, 149, 8901 }, // U+0139
    { 10, 37, 176, 3, 37, 93, 9050 }, // U+013A
    { 17, 35, 336, 3, 27, 149, 9143 }, // U+013B
    { 7, 37, 176, 2, 29, 65, 9292 }, // U+013C
    { 18, 27, 336, 3, 27, 122, 9357 }, // U+013D
    { 14, 29, 176, 3, 29, 102, 9479 }, // U+013E
    { 17, 27, 336, 3, 27, 115, 9581 }, // U+013F
    { 13, 29, 224, 3, 29, 95, 9696 }, // U+0140
    { 20, 27, 336, 0, 27, 135, 9791 }, // U+0141
    { 12, 29, 192, 0, 29, 87, 9926 }, // U+0142
    { 24, 35, 496, 3, 35, 210, 10013 }, // U+0143
    { 19, 29, 400, 3, 29, 138, 10223 }, // U+0144
    { 24, 35, 496, 3, 27, 210, 10361 }, // U+0145
    { 19, 29, 400, 3, 21, 138, 10571 }, // U+0146
    { 24, 35, 496, 3, 35, 210, 10709 }, // U+0147
    { 19, 29, 400, 3, 29, 138, 10919 }, // U+0148
    { 27, 27, 464, 0, 27, 183, 11057 }, // U+0149
    { 24, 35, 496, 3, 27, 210, 11240 }, // U+014A
    { 19, 30, 400, 3, 21, 143, 11450 }, // U+014B
    { 26, 33, 480, 2, 33, 215, 11593 }, // U+014C
    { 20, 27, 384, 2, 27, 135, 11808 }, // U+014D
    { 26, 35, 480, 2, 35, 228, 11943 }, // U+014E
    { 20, 29, 384, 2, 29, 145, 12171 }, // U+014F
    { 26, 35, 480, 2, 35, 228, 12316 }, // U+0150
    { 20, 29, 384, 2, 29, 145, 12544 }, // U+0151
    { 33, 28, 592, 2, 28, 231, 12689 }, // U+0152
    { 34, 21, 592, 2, 21, 179, 12920 }, // U+0153
    { 22, 35, 400, 3, 35, 193, 13099 }, // U+0154
    { 14, 29, 272, 3, 29, 102, 13292 }, // U+0155
    { 22, 35, 400, 3, 27, 193, 13394 }, // U+0156
    { 15, 29, 272, 2, 21, 109, 13587 }, // U+0157
    { 22, 35, 400, 3, 35, 193, 13696 }, // U+0158
    { 16, 29, 272, 2, 29, 116, 13889 }, // U+0159
    { 17, 35, 336, 2, 35, 149, 14005 }, // U+015A
    { 15, 29, 304, 2, 29, 109, 14154 }, // U+015B
    { 17, 35, 336, 2, 35, 149, 14263 }, // U+015C
    { 15, 29, 304, 2, 29, 109, 14412 }, // U+015D
    { 17, 37, 336, 2, 28, 158, 14521 }, // U+015E
    { 15, 30, 304, 2, 21, 113, 14679 }, // U+015F
    { 17, 35, 336, 2, 35, 149, 14792 }, // U+0160
    { 16, 29, 304, 2, 29, 116, 14941 }, // U+0161
    { 20, 36, 352, 1, 27, 180, 15057 }, // U+0162
    { 14, 34, 256, 1, 25, 119, 15237 }, // U+0163
    { 20, 35, 352, 1, 35, 175, 15356 }, // U+0164
    { 21, 29, 256, 1, 29, 153, 15531 }, // U+0165
    { 20, 27, 352, 1, 27, 135, 15684 }, // U+0166
    { 14, 25, 256, 1, 25, 88, 15819 }, // U+0167
    { 23, 35, 464, 3, 35, 202, 15907 }, // U+0168
    { 19, 29, 400, 3, 29, 138, 16109 }, // U+0169
    { 23, 33, 464, 3, 33, 190, 16247 }, // U+016A
    { 19, 27, 400, 3, 27, 129, 16437 }, // U+016B
    { 23, 35, 464, 3, 35, 202, 16566 }, // U+016C
    { 19, 29, 400, 3, 29, 138, 16768 }, // U+016D
    { 23, 38, 464, 3, 38, 219, 16906 }, // U+016E
    { 19, 32, 400, 3, 32, 152, 17125 }, // U+016F
    { 23, 35, 464, 3, 35, 202, 17277 }, // U+0170
    { 19, 29, 400, 3, 29, 138, 17479 }, // U+0171
    { 23, 36, 464, 3, 27, 207, 17617 }, // U+0172
    { 19, 30, 400, 3, 21, 143, 17824 }, // U+0173
    { 37, 35, 592, 0, 35, 324, 17967 }, // U+0174
    { 32, 29, 528, 0, 29, 232, 18291 }, // U+0175
    { 24, 35, 384, 0, 35, 210, 18523 }, // U+0176
    { 22, 38, 352, 0, 29, 209, 18733 }, // U+0177
    { 24, 35, 384, 0, 35, 210, 18942 }, // U+0178
    { 20, 35, 352, 1, 35, 175, 19152 }, // U+0179
    { 17, 29, 304, 1, 29, 124, 19327 }, // U+017A
    { 20, 35, 352, 1, 35, 175, 19451 }, // U+017B
    { 17, 29, 304, 1, 29, 124, 19626 }, // U+017C
    { 20, 35, 352, 1, 35, 175, 19750 }, // U+017D
    { 17, 29, 304, 1, 29, 124, 19925 }, // U+017E
    { 12, 29, 240, 3, 29, 87, 20049 }, // U+017F
    { 30, 29, 496, 2, 29, 218, 0 }, // U+01A0
    { 25, 24, 416, 2, 24, 150, 218 }, // U+01A1
    { 31, 29, 544, 3, 29, 225, 368 }, // U+01AF
    { 27, 24, 464, 3, 24, 162, 593 }, // U+01B0
    { 46, 35, 800, 3, 35, 403, 755 }, // U+01C4
    { 43, 29, 752, 3, 29, 312, 1158 }, // U+01C5
    { 40, 29, 688, 2, 29, 290, 1470 }, // U+01C6
    { 28, 35, 544, 3, 27, 245, 1760 }, // U+01C7
    { 27, 38, 528, 3, 29, 257, 2005 }, // U+01C8
    { 17, 38, 368, 3, 29, 162, 2262 }, // U+01C9
    { 37, 35, 688, 3, 27, 324, 2424 }, // U+01CA
    { 37, 38, 672, 3, 29, 352, 2748 }, // U+01CB
    { 31, 38, 592, 3, 29, 295, 3100 }, // U+01CC
    { 26, 35, 416, 0, 35, 228, 3395 }, // U+01CD
    { 18, 29, 368, 2, 29, 131, 3623 }, // U+01CE
    { 17, 35, 240, -1, 35, 149, 3754 }, // U+01CF
    { 16, 29, 176, -2, 29, 116, 3903 }, // U+01D0
    { 26, 35, 480, 2, 35, 228, 4019 }, // U+01D1
    { 20, 29, 384, 2, 29, 145, 4247 }, // U+01D2
    { 23, 35, 464, 3, 35, 202, 4392 }, // U+01D3
    { 19, 29, 400, 3, 29, 138, 4594 }, // U+01D4
    { 23, 39, 464, 3, 39, 225, 4732 }, // U+01D5
    { 19, 32, 400, 3, 32, 152, 4957 }, // U+01D6
    { 23, 40, 464, 3, 40, 230, 5109 }, // U+01D7
    { 19, 33, 400, 3, 33, 157, 5339 }, // U+01D8
    { 23, 40, 464, 3, 40, 230, 5496 }, // U+01D9
    { 19, 34, 400, 3, 34, 162, 5726 }, // U+01DA
    { 23, 40, 464, 3, 40, 230, 5888 }, // U+01DB
    { 19, 33, 400, 3, 33, 157, 6118 }, // U+01DC
    { 19, 21, 368, 2, 21, 100, 6275 }, // U+01DD
    { 26, 39, 416, 0, 39, 254, 6375 }, // U+01DE
    { 18, 32, 368, 2, 32, 144, 6629 }, // U+01DF
    { 26, 39, 416, 0, 39, 254, 6773 }, // U+01E0
    { 18, 33, 368, 2, 33, 149, 7027 }, // U+01E1
    { 34, 33, 576, 0, 33, 281, 7176 }, // U+01E2
    { 31, 27, 560, 2, 27, 210, 7457 }, // U+01E3
    { 25, 28, 448, 2, 28, 175, 7667 }, // U+01E4
    { 21, 30, 384, 2, 21, 158, 7842 }, // U+01E5
    { 22, 35, 448, 2, 35, 193, 8000 }, // U+01E6
    { 19, 38, 384, 2, 29, 181, 8193 }, // U+01E7
    { 22, 35, 400, 3, 35, 193, 8374 }, // U+01E8
    { 26, 37, 384, -2, 37, 241, 8567 }, // U+01E9
    { 26, 37, 480, 2, 28, 241, 8808 }, // U+01EA
    { 20, 30, 384, 2, 21, 150, 9049 }, // U+01EB
    { 26, 42, 480, 2, 33, 273, 9199 }, // U+01EC
    { 20, 36, 384, 2, 27, 180, 9472 }, // U+01ED
    { 20, 35, 352, 1, 35, 175, 9652 }, // U+01EE
    { 20, 38, 352, 1, 29, 190, 9827 }, // U+01EF
    { 16, 38, 176, -2, 29, 152, 10017 }, // U+01F0
    { 46, 27, 800, 3, 27, 311, 10169 }, // U+01F1
    { 42, 27, 752, 3, 27, 284, 10480 }, // U+01F2
    { 40, 29, 688, 2, 29, 290, 10764 }, // U+01F3
    { 22, 35, 448, 2, 35, 193, 11054 }, // U+01F4
    { 19, 38, 384, 2, 29, 181, 11247 }, // U+01F5
    { 34, 27, 640, 3, 27, 230, 11428 }, // U+01F6
    { 21, 37, 416, 3, 28, 195, 11658 }, // U+01F7
    { 24, 35, 496, 3, 35, 210, 11853 }, // U+01F8
    { 19, 29, 400, 3, 29, 138, 12063 }, // U+01F9
    { 26, 36, 416, 0, 36, 234, 12201 }, // U+01FA
    { 18, 37, 368, 2, 37, 167, 12435 }, // U+01FB
    { 34, 35, 576, 0, 35, 298, 12602 }, // U+01FC
    { 31, 29, 560, 2, 29, 225, 12900 }, // U+01FD
    { 26, 37, 480, 2, 35, 241, 13125 }, // U+01FE
    { 20, 30, 384, 2, 29, 150, 13366 }, // U+01FF
    { 26, 35, 416, 0, 35, 228, 13516 }, // U+0200
    { 19, 29, 368, 1, 29, 138, 13744 }, // U+0201
    { 26, 35, 416, 0, 35, 228, 13882 }, // U+0202
    { 18, 29, 368, 2, 29, 131, 14110 }, // U+0203
    { 18, 35, 336, 1, 35, 158, 14241 }, // U+0204
    { 20, 29, 368, 1, 29, 145, 14399 }, // U+0205
    { 16, 35, 336, 3, 35, 140, 14544 }, // U+0206
    { 19, 29, 368, 2, 29, 138, 14684 }, // U+0207
    { 17, 35, 240, -3, 35, 149, 14822 }, // U+0208
    { 16, 29, 176, -4, 29, 116, 14971 }, // U+0209
    { 15, 35, 240, 0, 35, 132, 15087 }, // U+020A
    { 15, 29, 176, -2, 29, 109, 15219 }, // U+020B
    { 26, 35, 480, 2, 35, 228, 15328 }, // U+020C
    { 20, 29, 384, 2, 29, 145, 15556 }, // U+020D
    { 26, 35, 480, 2, 35, 228, 15701 }, // U+020E
    { 20, 29, 384, 2, 29, 145, 15929 }, // U+020F
    { 23, 35, 400, 2, 35, 202, 16074 }, // U+0210
    { 18, 29, 272, -1, 29, 131, 16276 }, // U+0211
    { 22, 35, 400, 3, 35, 193, 16407 }, // U+0212
    { 15, 29, 272, 2, 29, 109, 16600 }, // U+0213
    { 23, 35, 464, 3, 35, 202, 16709 }, // U+0214
    { 20, 29, 400, 2, 29, 145, 16911 }, // U+0215
    { 23, 35, 464, 3, 35, 202, 17056 }, // U+0216
    { 19, 29, 400, 3, 29, 138, 17258 }, // U+0217
    { 17, 36, 336, 2, 28, 153, 17396 }, // U+0218
    { 15, 29, 304, 2, 21, 109, 17549 }, // U+0219
    { 20, 35, 352, 1, 27, 175, 17658 }, // U+021A
    { 14, 33, 256, 1, 25, 116, 17833 }, // U+021B
    { 21, 35, 384, 1, 28, 184, 17949 }, // U+021C
    { 17, 30, 304, 1, 21, 128, 18133 }, // U+021D
    { 23, 35, 464, 3, 35, 202, 18261 }, // U+021E
    { 24, 37, 400, -2, 37, 222, 18463 }, // U+021F
    { 11, 6, 0, -20, 29, 17, 0 }, // U+0300
    { 11, 6, 0, -14, 29, 17, 17 }, // U+0301
    { 16, 6, 0, -8, 29, 24, 34 }, // U+0302
    { 16, 6, 0, -21, 29, 24, 58 }, // U+0303
    { 12, 4, 0, -6, 27, 12, 82 }, // U+0304
    { 16, 4, 0, -8, 32, 16, 94 }, // U+0305
    { 15, 6, 0, -7, 29, 23, 110 }, // U+0306
    { 6, 6, 0, -3, 29, 9, 133 }, // U+0307
    { 14, 5, 0, -7, 29, 18, 142 }, // U+0308
    { 9, 9, 0, -16, 32, 21, 160 }, // U+0309
    { 9, 9, 0, -5, 32, 21, 181 }, // U+030A
    { 17, 6, 0, -6, 29, 26, 202 }, // U+030B
    { 16, 6, 0, -8, 29, 24, 228 }, // U+030C
    { 4, 6, 0, -2, 29, 6, 252 }, // U+030D
    { 10, 6, 0, -5, 29, 15, 258 }, // U+030E
    { 16, 6, 0, -22, 29, 24, 273 }, // U+030F
    { 14, 9, 0, -7, 32, 32, 297 }, // U+0310
    { 14, 6, 0, -7, 29, 21, 329 }, // U+0311
    { 8, 9, 0, -4, 27, 18, 350 }, // U+0312
    { 8, 9, 0, -4, 27, 18, 368 }, // U+0313
    { 8, 9, 0, -4, 27, 18, 386 }, // U+0314
    { 8, 9, 0, -4, 27, 18, 404 }, // U+0315
    { 11, 6, 0, -6, -2, 17, 422 }, // U+0316
    { 11, 6, 0, -5, -2, 17, 439 }, // U+0317
    { 6, 7, 0, -3, -1, 11, 456 }, // U+0318
    { 6, 7, 0, -3, -1, 11, 467 }, // U+0319
    { 9, 9, 176, 1, 29, 21, 478 }, // U+031A
    { 9, 9, 0, -3, 29, 21, 499 }, // U+031B
    { 4, 8, 0, -2, -1, 8, 520 }, // U+031C
    { 8, 6, 0, -4, -2, 12, 528 }, // U+031D
    { 8, 6, 0, -4, -2, 12, 540 }, // U+031E
    { 8, 8, 0, -4, -1, 16, 552 }, // U+031F
    { 8, 3, 0, -4, -4, 6, 568 }, // U+0320
    { 8, 11, 0, -8, 2, 22, 574 }, // U+0321
    { 8, 11, 0, 0, 2, 22, 596 }, // U+0322
    { 6, 6, 0, -16, -2, 9, 618 }, // U+0323
    { 14, 5, 0, -7, -2, 18, 627 }, // U+0324
    { 9, 9, 0, -5, 0, 21, 645 }, // U+0325
    { 6, 6, 0, -3, -2, 9, 666 }, // U+0326
    { 8, 9, 0, -4, 0, 18, 675 }, // U+0327
    { 8, 10, 0, -4, 1, 20, 693 }, // U+0328
    { 4, 6, 0, -2, -2, 6, 713 }, // U+0329
    { 14, 6, 0, -7, -2, 21, 719 }, // U+032A
    { 14, 5, 0, -7, -2, 18, 740 }, // U+032B
    { 17, 6, 0, -8, -2, 26, 758 }, // U+032C
    { 16, 6, 0, -8, -2, 24, 784 }, // U+032D
    { 14, 6, 0, -7, -2, 21, 808 }, // U+032E
    { 14, 6, 0, -7, -2, 21, 829 }, // U+032F
    { 16, 6, 0, -8, -2, 24, 850 }, // U+0330
    { 12, 4, 0, -6, -3, 12, 874 }, // U+0331
    { 18, 3, 0, -9, -3, 14, 886 }, // U+0332
    { 16, 8, 0, -9, -1, 32, 900 }, // U+0333
    { 15, 6, 0, -7, 14, 23, 932 }, // U+0334
    { 16, 4, 0, -8, 13, 16, 955 }, // U+0335
    { 28, 4, 0, -14, 12, 28, 971 }, // U+0336
    { 14, 10, 0, -7, 16, 35, 999 }, // U+0337
    { 16, 31, 0, -8, 29, 124, 1034 }, // U+0338
    { 4, 8, 0, -2, -1, 8, 1158 }, // U+0339
    { 14, 6, 0, -7, -2, 21, 1166 }, // U+033A
    { 14, 8, 0, -7, -1, 28, 1187 }, // U+033B
    { 14, 5, 0, -7, -2, 18, 1215 }, // U+033C
    { 8, 7, 0, -4, 29, 14, 1233 }, // U+033D
    { 4, 11, 0, -2, 33, 11, 1247 }, // U+033E
    { 16, 8, 0, -9, 36, 32, 1258 }, // U+033F
    { 11, 6, 0, -8, 29, 17, 1290 }, // U+0340
    { 11, 6, 0, -2, 29, 17, 1307 }, // U+0341
    { 15, 6, 0, -7, 29, 23, 1324 }, // U+0342
    { 7, 7, 0, -4, 30, 13, 1347 }, // U+0343
    { 20, 6, 0, -8, 29, 30, 1360 }, // U+0344
    { 7, 7, 0, -2, -2, 13, 1390 }, // U+0345
    { 16, 7, 0, -8, 29, 28, 1403 }, // U+0346
    { 16, 8, 0, -9, -1, 32, 1431 }, // U+0347
    { 10, 6, 0, -5, -2, 15, 1463 }, // U+0348
    { 8, 7, 0, -4, -2, 14, 1478 }, // U+0349
    { 14, 7, 0, -7, 29, 25, 1492 }, // U+034A
    { 14, 15, 0, -7, 36, 53, 1517 }, // U+034B
    { 14, 10, 0, -7, 33, 35, 1570 }, // U+034C
    { 14, 7, 0, -7, -1, 25, 1605 }, // U+034D
    { 7, 8, 0, -3, -1, 14, 1630 }, // U+034E
    { 28, 27, 0, -14, 27, 189, 1644 }, // U+034F
    { 6, 8, 0, -3, 30, 12, 1833 }, // U+0350
    { 5, 9, 0, -2, 31, 12, 1845 }, // U+0351
    { 14, 9, 0, -7, 32, 32, 1857 }, // U+0352
    { 8, 7, 0, -4, -1, 14, 1889 }, // U+0353
    { 6, 7, 0, -3, -2, 11, 1903 }, // U+0354
    { 6, 7, 0, -3, -2, 11, 1914 }, // U+0355
    { 14, 7, 0, -7, -2, 25, 1925 }, // U+0356
    { 5, 9, 0, -2, 32, 12, 1950 }, // U+0357
    { 6, 6, 0, 4, 29, 9, 1962 }, // U+0358
    { 8, 8, 0, -4, -1, 16, 1971 }, // U+0359
    { 14, 8, 0, -7, -1, 28, 1987 }, // U+035A
    { 8, 7, 0, -4, 30, 14, 2015 }, // U+035B
    { 30, 7, 0, -15, -2, 53, 2029 }, // U+035C
    { 30, 7, 0, -15, 29, 53, 2082 }, // U+035D
    { 22, 3, 0, -11, 26, 17, 2135 }, // U+035E
    { 22, 3, 0, -11, -2, 17, 2152 }, // U+035F
    { 30, 6, 0, -15, 29, 45, 2169 }, // U+0360
    { 30, 7, 0, -15, 33, 53, 2214 }, // U+0361
    { 30, 8, 0, -14, -1, 60, 2267 }, // U+0362
    { 8, 9, 0, -4, 32, 18, 2327 }, // U+0363
    { 9, 9, 0, -4, 32, 21, 2345 }, // U+0364
    { 3, 11, 0, -1, 35, 9, 2366 }, // U+0365
    { 9, 9, 0, -4, 32, 21, 2375 }, // U+0366
    { 9, 9, 0, -4, 32, 21, 2396 }, // U+0367
    { 7, 9, 0, -3, 32, 16, 2417 }, // U+0368
    { 9, 12, 0, -4, 35, 27, 2433 }, // U+0369
    { 9, 11, 0, -4, 35, 25, 2460 }, // U+036A
    { 14, 8, 0, -7, 32, 28, 2485 }, // U+036B
    { 6, 8, 0, -2, 32, 12, 2513 }, // U+036C
    { 7, 11, 0, -3, 34, 20, 2525 }, // U+036D
    { 9, 8, 0, -4, 32, 18, 2545 }, // U+036E
    { 10, 8, 0, -5, 32, 20, 2563 }, // U+036F
    { 16, 35, 336, 3, 35, 140, 0 }, // U+0400
    { 16, 36, 336, 3, 36, 144, 140 }, // U+0401
    { 26, 28, 464, 1, 27, 182, 284 }, // U+0402
    { 17, 35, 336, 3, 35, 149, 466 }, // U+0403
    { 21, 28, 400, 2, 28, 147, 615 }, // U+0404
    { 17, 28, 336, 2, 28, 119, 762 }, // U+0405
    { 6, 27, 192, 3, 27, 41, 881 }, // U+0406
    { 11, 35, 208, 1, 35, 97, 922 }, // U+0407
    { 12, 35, 208, -3, 27, 105, 1019 }, // U+0408
    { 38, 27, 624, 0, 27, 257, 1124 }, // U+0409
    { 36, 27, 640, 3, 27, 243, 1381 }, // U+040A
    { 26, 27, 480, 1, 27, 176, 1624 }, // U+040B
    { 23, 35, 416, 3, 35, 202, 1800 }, // U+040C
    { 23, 35, 480, 3, 35, 202, 2002 }, // U+040D
    { 25, 36, 400, 0, 36, 225, 2204 }, // U+040E
    { 23, 33, 464, 3, 27, 190, 2429 }, // U+040F
    { 26, 27, 416, 0, 27, 176, 2619 }, // U+0410
    { 20, 27, 400, 3, 27, 135, 2795 }, // U+0411
    { 20, 27, 400, 3, 27, 135, 2930 }, // U+0412
    { 17, 27, 336, 3, 27, 115, 3065 }, // U+0413
    { 29, 33, 464, 0, 27, 240, 3180 }, // U+0414
    { 16, 27, 336, 3, 27, 108, 3420 }, // U+0415
    { 38, 27, 608, 0, 27, 257, 3528 }, // U+0416
    { 19, 28, 368, 2, 28, 133, 3785 }, // U+0417
    { 23, 27, 480, 3, 27, 156, 3918 }, // U+0418
    { 23, 36, 480, 3, 36, 207, 4074 }, // U+0419
    { 23, 27, 416, 3, 27, 156, 4281 }, // U+041A
    { 25, 27, 448, 0, 27, 169, 4437 }, // U+041B
    { 29, 27, 576, 3, 27, 196, 4606 }, // U+041C
    { 23, 27, 464, 3, 27, 156, 4802 }, // U+041D
    { 26, 28, 480, 2, 28, 182, 4958 }, // U+041E
    { 23, 27, 464, 3, 27, 156, 5140 }, // U+041F
    { 19, 27, 384, 3, 27, 129, 5296 }, // U+0420
    { 21, 28, 400, 2, 28, 147, 5425 }, // U+0421
    { 20, 27, 352, 1, 27, 135, 5572 }, // U+0422
    { 25, 27, 400, 0, 27, 169, 5707 }, // U+0423
    { 30, 29, 544, 2, 28, 218, 5876 }, // U+0424
    { 25, 27, 400, 0, 27, 169, 6094 }, // U+0425
    { 26, 33, 464, 3, 27, 215, 6263 }, // U+0426
    { 21, 27, 432, 3, 27, 142, 6478 }, // U+0427
    { 34, 27, 656, 3, 27, 230, 6620 }, // U+0428
    { 37, 33, 656, 3, 27, 306, 6850 }, // U+0429
    { 26, 27, 464, 1, 27, 176, 7156 }, // U+042A
    { 29, 27, 560, 3, 27, 196, 7332 }, // U+042B
    { 20, 27, 400, 3, 27, 135, 7528 }, // U+042C
    { 21, 28, 400, 2, 28, 147, 7663 }, // U+042D
    { 34, 28, 624, 3, 28, 238, 7810 }, // U+042E
    { 21, 27, 416, 1, 27, 142, 8048 }, // U+042F
    { 19, 21, 368, 1, 21, 100, 8190 }, // U+0430
    { 20, 29, 384, 2, 29, 145, 8290 }, // U+0431
    { 18, 21, 368, 3, 21, 95, 8435 }, // U+0432
    { 14, 21, 288, 3, 21, 74, 8530 }, // U+0433
    { 24, 26, 384, 0, 21, 156, 8604 }, // U+0434
    { 19, 21, 352, 2, 21, 100, 8760 }, // U+0435
    { 33, 21, 528, 0, 21, 174, 8860 }, // U+0436
    { 17, 21, 320, 1, 21, 90, 9034 }, // U+0437
    { 20, 21, 416, 3, 21, 105, 9124 }, // U+0438
    { 20, 29, 416, 3, 29, 145, 9229 }, // U+0439
    { 20, 21, 368, 3, 21, 105, 9374 }, // U+043A
    { 21, 21, 384, 0, 21, 111, 9479 }, // U+043B
    { 26, 21, 512, 3, 21, 137, 9590 }, // U+043C
    { 19, 21, 400, 3, 21, 100, 9727 }, // U+043D
    { 20, 21, 384, 2, 21, 105, 9827 }, // U+043E
    { 19, 21, 400, 3, 21, 100, 9932 }, // U+043F
    { 19, 30, 384, 3, 21, 143, 10032 }, // U+0440
    { 17, 21, 320, 2, 21, 90, 10175 }, // U+0441
    { 19, 21, 304, 0, 21, 100, 10265 }, // U+0442
    { 22, 30, 352, 0, 21, 165, 10365 }, // U+0443
    { 27, 38, 496, 2, 29, 257, 10530 }, // U+0444
    { 22, 21, 352, 0, 21, 116, 10787 }, // U+0445
    { 21, 26, 400, 3, 21, 137, 10903 }, // U+0446
    { 19, 21, 384, 2, 21, 100, 11040 }, // U+0447
    { 30, 21, 576, 3, 21, 158, 11140 }, // U+0448
    { 33, 26, 576, 3, 21, 215, 11298 }, // U+0449
    { 24, 21, 416, 0, 21, 126, 11513 }, // U+044A
    { 26, 21, 512, 3, 21, 137, 11639 }, // U+044B
    { 18, 21, 352, 3, 21, 95, 11776 }, // U+044C
    { 17, 21, 320, 1, 21, 90, 11871 }, // U+044D
    { 28, 21, 512, 3, 21, 147, 11961 }, // U+044E
    { 20, 21, 368, 0, 21, 105, 12108 }, // U+044F
    { 19, 29, 352, 2, 29, 138, 12213 }, // U+0450
    { 19, 28, 352, 2, 28, 133, 12351 }, // U+0451
    { 22, 38, 400, 0, 29, 209, 12484 }, // U+0452
    { 15, 29, 288, 3, 29, 109, 12693 }, // U+0453
    { 17, 21, 320, 2, 21, 90, 12802 }, // U+0454
    { 15, 21, 304, 2, 21, 79, 12892 }, // U+0455
    { 6, 29, 192, 3, 29, 44, 12971 }, // U+0456
    { 10, 29, 176, 1, 29, 73, 13015 }, // U+0457
    { 11, 38, 176, -2, 29, 105, 13088 }, // U+0458
    { 33, 21, 544, 0, 21, 174, 13193 }, // U+0459
    { 31, 21, 560, 3, 21, 163, 13367 }, // U+045A
    { 22, 29, 400, 0, 29, 160, 13530 }, // U+045B
    { 20, 29, 368, 3, 29, 145, 13690 }, // U+045C
    { 20, 29, 416, 3, 29, 145, 13835 }, // U+045D
    { 22, 38, 352, 0, 29, 209, 13980 }, // U+045E
    { 19, 26, 400, 3, 21, 124, 14189 }, // U+045F
    { 34, 27, 576, 1, 27, 230, 14313 }, // U+0460
    { 31, 21, 544, 1, 21, 163, 14543 }, // U+0461
    { 24, 27, 416, 0, 27, 162, 14706 }, // U+0462
    { 24, 25, 400, 0, 25, 150, 14868 }, // U+0463
    { 32, 28, 576, 3, 28, 224, 15018 }, // U+0464
    { 26, 21, 496, 3, 21, 137, 15242 }, // U+0465
    { 28, 27, 448, 0, 27, 189, 15379 }, // U+0466
    { 24, 21, 384, 0, 21, 126, 15568 }, // U+0467
    { 35, 27, 608, 3, 27, 237, 15694 }, // U+0468
    { 31, 21, 544, 3, 21, 163, 15931 }, // U+0469
    { 29, 27, 496, 1, 27, 196, 16094 }, // U+046A
    { 23, 21, 384, 0, 21, 121, 16290 }, // U+046B
    { 37, 27, 656, 3, 27, 250, 16411 }, // U+046C
    { 30, 21, 528, 3, 21, 158, 16661 }, // U+046D
    { 21, 42, 384, 1, 33, 221, 16819 }, // U+046E
    { 19, 35, 336, 1, 26, 167, 17040 }, // U+046F
    { 27, 27, 528, 3, 27, 183, 17207 }, // U+0470
    { 26, 38, 512, 3, 29, 247, 17390 }, // U+0471
    { 26, 28, 480, 2, 28, 182, 17637 }, // U+0472
    { 20, 21, 384, 2, 21, 105, 17819 }, // U+0473
    { 27, 27, 432, 0, 27, 183, 17924 }, // U+0474
    { 23, 21, 368, 0, 21, 121, 18107 }, // U+0475
    { 27, 35, 432, 0, 35, 237, 18228 }, // U+0476
    { 23, 29, 368, 0, 29, 167, 18465 }, // U+0477
    { 48, 37, 800, 2, 28, 444, 18632 }, // U+0478
    { 43, 30, 720, 2, 21, 323, 19076 }, // U+0479
    { 27, 31, 512, 2, 29, 210, 19399 }, // U+047A
    { 22, 25, 416, 2, 23, 138, 19609 }, // U+047B
    { 37, 41, 656, 2, 41, 380, 19747 }, // U+047C
    { 32, 35, 576, 2, 35, 280, 20127 }, // U+047D
    { 34, 34, 576, 1, 34, 289, 20407 }, // U+047E
    { 31, 28, 544, 1, 28, 217, 20696 }, // U+047F
    { 22, 37, 416, 2, 28, 204, 20913 }, // U+0480
    { 17, 30, 320, 2, 21, 128, 21117 }, // U+0481
    { 19, 24, 368, 2, 24, 114, 21245 }, // U+0482
    { 15, 7, 0, -18, 28, 27, 21359 }, // U+0483
    { 14, 6, 0, -17, 29, 21, 21386 }, // U+0484
    { 6, 7, 0, -13, 30, 11, 21407 }, // U+0485
    { 6, 7, 0, -13, 30, 11, 21418 }, // U+0486
    { 14, 6, 0, -7, 35, 21, 21429 }, // U+0487
    { 44, 39, 0, -22, 30, 429, 21450 }, // U+0488
    { 42, 42, 0, -21, 31, 441, 21879 }, // U+0489
    { 31, 44, 560, 3, 36, 341, 22320 }, // U+048A
    { 27, 37, 480, 3, 30, 250, 22661 }, // U+048B
    { 22, 27, 384, 1, 27, 149, 22911 }, // U+048C
    { 22, 29, 368, 0, 29, 160, 23060 }, // U+048D
    { 19, 27, 384, 3, 27, 129, 23220 }, // U+048E
    { 19, 30, 384, 3, 21, 143, 23349 }, // U+048F
    { 18, 33, 352, 3, 33, 149, 23492 }, // U+0490
    { 15, 26, 304, 3, 26, 98, 23641 }, // U+0491
    { 19, 27, 336, 1, 27, 129, 23739 }, // U+0492
    { 18, 21, 304, 0, 21, 95, 23868 }, // U+0493
    { 23, 37, 448, 3, 27, 213, 23963 }, // U+0494
    { 19, 30, 368, 3, 21, 143, 24176 }, // U+0495
    { 38, 35, 624, 0, 27, 333, 24319 }, // U+0496
    { 35, 28, 576, 0, 21, 245, 24652 }, // U+0497
    { 19, 37, 368, 2, 28, 176, 24897 }, // U+0498
    { 17, 30, 320, 1, 21, 128, 25073 }, // U+0499
    { 25, 35, 464, 3, 27, 219, 25201 }, // U+049A
    { 22, 28, 400, 3, 21, 154, 25420 }, // U+049B
    { 22, 27, 400, 3, 27, 149, 25574 }, // U+049C
    { 20, 21, 384, 3, 21, 105, 25723 }, // U+049D
    { 24, 27, 416, 2, 27, 162, 25828 }, // U+049E
    { 24, 29, 384, 0, 29, 174, 25990 }, // U+049F
    { 28, 27, 448, 0, 27, 189, 26164 }, // U+04A0
    { 26, 21, 416, 0, 21, 137, 26353 }, // U+04A1
    { 28, 35, 512, 3, 27, 245, 26490 }, // U+04A2
    { 24, 28, 448, 3, 21, 168, 26735 }, // U+04A3
    { 29, 27, 512, 3, 27, 196, 26903 }, // U+04A4
    { 26, 21, 464, 3, 21, 137, 27099 }, // U+04A5
    { 38, 37, 688, 3, 27, 352, 27236 }, // U+04A6
    { 29, 30, 544, 3, 21, 218, 27588 }, // U+04A7
    { 26, 30, 480, 2, 28, 195, 27806 }, // U+04A8
    { 22, 22, 400, 2, 21, 121, 28001 }, // U+04A9
    { 21, 37, 384, 2, 28, 195, 28122 }, // U+04AA
    { 17, 30, 320, 2, 21, 128, 28317 }, // U+04AB
    { 20, 35, 352, 1, 27, 175, 28445 }, // U+04AC
    { 19, 28, 336, 1, 21, 133, 28620 }, // U+04AD
    { 24, 27, 384, 0, 27, 162, 28753 }, // U+04AE
    { 22, 30, 352, 0, 21, 165, 28915 }, // U+04AF
    { 24, 27, 384, 0, 27, 162, 29080 }, // U+04B0
    { 22, 30, 352, 0, 21, 165, 29242 }, // U+04B1
    { 27, 35, 448, 0, 27, 237, 29407 }, // U+04B2
    { 24, 28, 384, 0, 21, 168, 29644 }, // U+04B3
    { 34, 35, 560, 1, 27, 298, 29812 }, // U+04B4
    { 29, 28, 480, 1, 21, 203, 30110 }, // U+04B5
    { 28, 35, 496, 2, 27, 245, 30313 }, // U+04B6
    { 25, 28, 448, 2, 21, 175, 30558 }, // U+04B7
    { 23, 27, 448, 2, 27, 156, 30733 }, // U+04B8
    { 20, 21, 400, 2, 21, 105, 30889 }, // U+04B9
    { 23, 27, 448, 3, 27, 156, 30994 }, // U+04BA
    { 19, 29, 400, 3, 29, 138, 31150 }, // U+04BB
    { 33, 28, 576, 0, 28, 231, 31288 }, // U+04BC
    { 25, 21, 432, 0, 21, 132, 31519 }, // U+04BD
    { 33, 36, 576, 0, 28, 297, 31651 }, // U+04BE
    { 25, 28, 432, 0, 21, 175, 31948 }, // U+04BF
    { 13, 27, 240, 1, 27, 88, 32123 }, // U+04C0
    { 38, 36, 608, 0, 36, 342, 32211 }, // U+04C1
    { 33, 29, 528, 0, 29, 240, 32553 }, // U+04C2
    { 24, 37, 464, 3, 27, 222, 32793 }, // U+04C3
    { 20, 30, 400, 3, 21, 150, 33015 }, // U+04C4
    { 31, 35, 512, 0, 27, 272, 33165 }, // U+04C5
    { 27, 28, 448, 0, 21, 189, 33437 }, // U+04C6
    { 23, 37, 464, 3, 27, 213, 33626 }, // U+04C7
    { 19, 30, 400, 3, 21, 143, 33839 }, // U+04C8
    { 29, 35, 528, 3, 27, 254, 33982 }, // U+04C9
    { 25, 28, 448, 3, 21, 175, 34236 }, // U+04CA
    { 23, 35, 448, 2, 27, 202, 34411 }, // U+04CB
    { 20, 28, 400, 2, 21, 140, 34613 }, // U+04CC
    { 36, 35, 624, 3, 27, 315, 34753 }, // U+04CD
    { 32, 28, 560, 3, 21, 224, 35068 }, // U+04CE
    { 13, 27, 240, 1, 27, 88, 35292 }, // U+04CF
    { 26, 36, 416, 0, 36, 234, 35380 }, // U+04D0
    { 18, 29, 368, 2, 29, 131, 35614 }, // U+04D1
    { 26, 35, 416, 0, 35, 228, 35745 }, // U+04D2
    { 18, 29, 368, 2, 29, 131, 35973 }, // U+04D3
    { 34, 27, 576, 0, 27, 230, 36104 }, // U+04D4
    { 31, 21, 560, 2, 21, 163, 36334 }, // U+04D5
    { 16, 36, 336, 3, 36, 144, 36497 }, // U+04D6
    { 19, 29, 368, 2, 29, 138, 36641 }, // U+04D7
    { 26, 28, 496, 3, 28, 182, 36779 }, // U+04D8
    { 19, 21, 368, 2, 21, 100, 36961 }, // U+04D9
    { 26, 35, 496, 3, 35, 228, 37061 }, // U+04DA
    { 19, 29, 368, 2, 29, 138, 37289 }, // U+04DB
    { 38, 35, 608, 0, 35, 333, 37427 }, // U+04DC
    { 33, 29, 528, 0, 29, 240, 37760 }, // U+04DD
    { 19, 35, 368, 2, 35, 167, 38000 }, // U+04DE
    { 17, 29, 320, 1, 29, 124, 38167 }, // U+04DF
    { 20, 27, 352, 1, 27, 135, 38291 }, // U+04E0
    { 20, 30, 352, 1, 21, 150, 38426 }, // U+04E1
    { 23, 33, 480, 3, 33, 190, 38576 }, // U+04E2
    { 20, 27, 416, 3, 27, 135, 38766 }, // U+04E3
    { 23, 35, 480, 3, 35, 202, 38901 }, // U+04E4
    { 20, 29, 416, 3, 29, 145, 39103 }, // U+04E5
    { 26, 35, 480, 2, 35, 228, 39248 }, // U+04E6
    { 20, 29, 384, 2, 29, 145, 39476 }, // U+04E7
    { 26, 28, 480, 2, 28, 182, 39621 }, // U+04E8
    { 20, 21, 384, 2, 21, 105, 39803 }, // U+04E9
    { 26, 35, 480, 2, 35, 228, 39908 }, // U+04EA
    { 20, 29, 384, 2, 29, 145, 40136 }, // U+04EB
    { 21, 35, 400, 2, 35, 184, 40281 }, // U+04EC
    { 17, 29, 320, 1, 29, 124, 40465 }, // U+04ED
    { 25, 33, 400, 0, 33, 207, 40589 }, // U+04EE
    { 22, 36, 352, 0, 27, 198, 40796 }, // U+04EF
    { 25, 35, 400, 0, 35, 219, 40994 }, // U+04F0
    { 22, 38, 352, 0, 29, 209, 41213 }, // U+04F1
    { 25, 35, 400, 0, 35, 219, 41422 }, // U+04F2
    { 22, 38, 352, 0, 29, 209, 41641 }, // U+04F3
    { 21, 35, 432, 3, 35, 184, 41850 }, // U+04F4
    { 19, 29, 384, 2, 29, 138, 42034 }, // U+04F5
    { 18, 35, 336, 3, 27, 158, 42172 }, // U+04F6
    { 14, 28, 288, 3, 21, 98, 42330 }, // U+04F7
    { 29, 35, 560, 3, 35, 254, 42428 }, // U+04F8
    { 26, 29, 512, 3, 29, 189, 42682 }, // U+04F9
    { 19, 36, 336, 1, 27, 171, 42871 }, // U+04FA
    { 18, 30, 304, 0, 21, 135, 43042 }, // U+04FB
    { 27, 36, 448, 0, 27, 243, 43177 }, // U+04FC
    { 23, 30, 400, 0, 21, 173, 43420 }, // U+04FD
    { 25, 27, 400, 0, 27, 169, 43593 }, // U+04FE
    { 22, 21, 352, 0, 21, 116, 43762 }, // U+04FF
    { 26, 35, 416, 0, 27, 228, 0 }, // U+1EA0
    { 18, 29, 368, 2, 21, 131, 228 }, // U+1EA1
    { 26, 38, 416, 0, 38, 247, 359 }, // U+1EA2
    { 18, 32, 368, 2, 32, 144, 606 }, // U+1EA3
    { 26, 37, 416, 0, 37, 241, 750 }, // U+1EA4
    { 22, 31, 368, 2, 31, 171, 991 }, // U+1EA5
    { 26, 37, 416, 0, 37, 241, 1162 }, // U+1EA6
    { 21, 31, 368, -1, 31, 163, 1403 }, // U+1EA7
    { 26, 39, 416, 0, 39, 254, 1566 }, // U+1EA8
    { 20, 33, 368, 2, 33, 165, 1820 }, // U+1EA9
    { 26, 40, 416, 0, 40, 260, 1985 }, // U+1EAA
    { 18, 34, 368, 2, 34, 153, 2245 }, // U+1EAB
    { 26, 43, 416, 0, 35, 280, 2398 }, // U+1EAC
    { 18, 37, 368, 2, 29, 167, 2678 }, // U+1EAD
    { 26, 38, 416, 0, 38, 247, 2845 }, // U+1EAE
    { 18, 32, 368, 2, 32, 144, 3092 }, // U+1EAF
    { 26, 38, 416, 0, 38, 247, 3236 }, // U+1EB0
    { 18, 32, 368, 2, 32, 144, 3483 }, // U+1EB1
    { 26, 40, 416, 0, 40, 260, 3627 }, // U+1EB2
    { 18, 33, 368, 2, 33, 149, 3887 }, // U+1EB3
    { 26, 40, 416, 0, 40, 260, 4036 }, // U+1EB4
    { 18, 34, 368, 2, 34, 153, 4296 }, // U+1EB5
    { 26, 43, 416, 0, 35, 280, 4449 }, // U+1EB6
    { 18, 37, 368, 2, 29, 167, 4729 }, // U+1EB7
    { 16, 35, 336, 3, 27, 140, 4896 }, // U+1EB8
    { 19, 29, 368, 2, 21, 138, 5036 }, // U+1EB9
    { 16, 38, 336, 3, 38, 152, 5174 }, // U+1EBA
    { 19, 32, 368, 2, 32, 152, 5326 }, // U+1EBB
    { 16, 35, 336, 3, 35, 140, 5478 }, // U+1EBC
    { 19, 29, 368, 2, 29, 138, 5618 }, // U+1EBD
    { 20, 37, 336, 3, 37, 185, 5756 }, // U+1EBE
    { 22, 31, 368, 2, 31, 171, 5941 }, // U+1EBF
    { 22, 37, 336, -3, 37, 204, 6112 }, // U+1EC0
    { 22, 31, 368, -1, 31, 171, 6316 }, // U+1EC1
    { 18, 39, 336, 3, 39, 176, 6487 }, // U+1EC2
    { 20, 33, 368, 2, 33, 165, 6663 }, // U+1EC3
    { 16, 40, 336, 3, 40, 160, 6828 }, // U+1EC4
    { 19, 34, 368, 2, 34, 162, 6988 }, // U+1EC5
    { 16, 43, 336, 3, 35, 172, 7150 }, // U+1EC6
    { 19, 37, 368, 2, 29, 176, 7322 }, // U+1EC7
    { 13, 38, 240, 1, 38, 124, 7498 }, // U+1EC8
    { 9, 32, 176, 2, 32, 72, 7622 }, // U+1EC9
    { 13, 35, 240, 1, 27, 114, 7694 }, // U+1ECA
    { 6, 37, 176, 3, 29, 56, 7808 }, // U+1ECB
    { 26, 36, 480, 2, 28, 234, 7864 }, // U+1ECC
    { 20, 29, 384, 2, 21, 145, 8098 }, // U+1ECD
    { 26, 38, 480, 2, 38, 247, 8243 }, // U+1ECE
    { 20, 32, 384, 2, 32, 160, 8490 }, // U+1ECF
    { 26, 37, 480, 2, 37, 241, 8650 }, // U+1ED0
    { 22, 31, 384, 2, 31, 171, 8891 }, // U+1ED1
    { 26, 37, 480, 2, 37, 241, 9062 }, // U+1ED2
    { 23, 31, 384, -1, 31, 179, 9303 }, // U+1ED3
    { 26, 39, 480, 2, 39, 254, 9482 }, // U+1ED4
    { 20, 33, 384, 2, 33, 165, 9736 }, // U+1ED5
    { 26, 40, 480, 2, 40, 260, 9901 }, // U+1ED6
    { 20, 34, 384, 2, 34, 170, 10161 }, // U+1ED7
    { 26, 43, 480, 2, 35, 280, 10331 }, // U+1ED8
    { 20, 37, 384, 2, 29, 185, 10611 }, // U+1ED9
    { 30, 35, 496, 2, 35, 263, 10796 }, // U+1EDA
    { 25, 29, 416, 2, 29, 182, 11059 }, // U+1EDB
    { 30, 35, 496, 2, 35, 263, 11241 }, // U+1EDC
    { 25, 29, 416, 2, 29, 182, 11504 }, // U+1EDD
    { 30, 38, 496, 2, 38, 285, 11686 }, // U+1EDE
    { 25, 32, 416, 2, 32, 200, 11971 }, // U+1EDF
    { 30, 35, 496, 2, 35, 263, 12171 }, // U+1EE0
    { 25, 29, 416, 2, 29, 182, 12434 }, // U+1EE1
    { 30, 37, 496, 2, 29, 278, 12616 }, // U+1EE2
    { 25, 32, 416, 2, 24, 200, 12894 }, // U+1EE3
    { 23, 35, 464, 3, 27, 202, 13094 }, // U+1EE4
    { 19, 29, 400, 3, 21, 138, 13296 }, // U+1EE5
    { 23, 38, 464, 3, 38, 219, 13434 }, // U+1EE6
    { 19, 32, 400, 3, 32, 152, 13653 }, // U+1EE7
    { 31, 35, 544, 3, 35, 272, 13805 }, // U+1EE8
    { 27, 29, 464, 3, 29, 196, 14077 }, // U+1EE9
    { 31, 35, 544, 3, 35, 272, 14273 }, // U+1EEA
    { 27, 29, 464, 3, 29, 196, 14545 }, // U+1EEB
    { 31, 38, 544, 3, 38, 295, 14741 }, // U+1EEC
    { 27, 32, 464, 3, 32, 216, 15036 }, // U+1EED
    { 31, 35, 544, 3, 35, 272, 15252 }, // U+1EEE
    { 27, 29, 464, 3, 29, 196, 15524 }, // U+1EEF
    { 31, 37, 544, 3, 29, 287, 15720 }, // U+1EF0
    { 27, 32, 464, 3, 24, 216, 16007 }, // U+1EF1
    { 24, 35, 384, 0, 35, 210, 16223 }, // U+1EF2
    { 22, 38, 352, 0, 29, 209, 16433 }, // U+1EF3
    { 24, 35, 384, 0, 27, 210, 16642 }, // U+1EF4
    { 22, 30, 352, 0, 21, 165, 16852 }, // U+1EF5
    { 24, 38, 384, 0, 38, 228, 17017 }, // U+1EF6
    { 22, 41, 352, 0, 32, 226, 17245 }, // U+1EF7
    { 24, 35, 384, 0, 35, 210, 17471 }, // U+1EF8
    { 22, 38, 352, 0, 29, 209, 17681 }, // U+1EF9
    { 1, 1, 304, 0, 1, 1, 0 }, // U+2000
    { 1, 1, 608, 0, 1, 1, 1 }, // U+2001
    { 1, 1, 304, 0, 1, 1, 2 }, // U+2002
    { 1, 1, 608, 0, 1, 1, 3 }, // U+2003
    { 1, 1, 208, 0, 1, 1, 4 }, // U+2004
    { 1, 1, 160, 0, 1, 1, 5 }, // U+2005
    { 1, 1, 96, 0, 1, 1, 6 }, // U+2006
    { 1, 1, 352, 0, 1, 1, 7 }, // U+2007
    { 1, 1, 176, 0, 1, 1, 8 }, // U+2008
    { 1, 1, 96, 0, 1, 1, 9 }, // U+2009
    { 1, 1, 64, 0, 1, 1, 10 }, // U+200A
    { 1, 1, 0, 0, 1, 1, 11 }, // U+200B
    { 1, 1, 0, 0, 1, 1, 12 }, // U+200C
    { 1, 1, 0, 0, 1, 1, 13 }, // U+200D
    { 9, 31, 0, -1, 26, 70, 14 }, // U+200E
    { 9, 31, 0, -8, 26, 70, 84 }, // U+200F
    { 10, 5, 192, 1, 13, 13, 154 }, // U+2010
    { 10, 5, 192, 1, 13, 13, 167 }, // U+2011
    { 18, 5, 352, 2, 16, 23, 180 }, // U+2012
    { 17, 4, 304, 1, 12, 17, 203 }, // U+2013
    { 36, 4, 608, 1, 12, 36, 220 }, // U+2014
    { 36, 4, 608, 1, 12, 36, 256 }, // U+2015
    { 14, 38, 336, 3, 29, 133, 292 }, // U+2016
    { 16, 8, 256, 0, -1, 32, 425 }, // U+2017
    { 8, 9, 128, 0, 27, 18, 457 }, // U+2018
    { 8, 9, 128, 0, 27, 18, 475 }, // U+2019
    { 7, 9, 176, 1, 5, 16, 493 }, // U+201A
    { 8, 9, 128, 0, 27, 18, 509 }, // U+201B
    { 16, 9, 272, 0, 27, 36, 527 }, // U+201C
    { 16, 9, 272, 0, 27, 36, 563 }, // U+201D
    { 16, 9, 320, 1, 4, 36, 599 }, // U+201E
    { 16, 9, 272, 0, 27, 36, 635 }, // U+201F
    { 15, 29, 320, 2, 29, 109, 671 }, // U+2020
    { 16, 29, 320, 2, 29, 116, 780 }, // U+2021
    { 10, 12, 224, 2, 20, 30, 896 }, // U+2022
    { 12, 14, 224, 2, 21, 42, 926 }, // U+2023
    { 7, 7, 304, 6, 6, 13, 968 }, // U+2024
    { 18, 7, 352, 2, 6, 32, 981 }, // U+2025
    { 28, 7, 512, 2, 6, 49, 1013 }, // U+2026
    { 7, 7, 176, 2, 13, 13, 1062 }, // U+2027
    { 1, 1, 368, 0, 1, 1, 1075 }, // U+2028
    { 1, 1, 368, 0, 1, 1, 1076 }, // U+2029
    { 9, 28, 0, -1, 23, 63, 1077 }, // U+202A
    { 9, 28, 0, -8, 23, 63, 1140 }, // U+202B
    { 8, 31, 0, -4, 26, 62, 1203 }, // U+202C
    { 8, 31, 0, -4, 26, 62, 1265 }, // U+202D
    { 8, 31, 0, -4, 26, 62, 1327 }, // U+202E
    { 1, 1, 96, 0, 1, 1, 1389 }, // U+202F
    { 47, 28, 784, 1, 28, 329, 1390 }, // U+2030
    { 61, 28, 1008, 1, 28, 427, 1719 }, // U+2031
    { 10, 10, 192, 2, 27, 25, 2146 }, // U+2032
    { 18, 10, 320, 2, 27, 45, 2171 }, // U+2033
    { 27, 10, 448, 2, 27, 68, 2216 }, // U+2034
    { 10, 10, 256, 2, 27, 25, 2284 }, // U+2035
    { 18, 10, 384, 2, 27, 45, 2309 }, // U+2036
    { 27, 10, 528, 2, 27, 68, 2354 }, // U+2037
    { 14, 12, 256, 1, 3, 42, 2422 }, // U+2038
    { 11, 17, 224, 1, 19, 47, 2464 }, // U+2039
    { 11, 17, 224, 1, 19, 47, 2511 }, // U+203A
    { 28, 29, 512, 2, 28, 203, 2558 }, // U+203B
    { 17, 28, 352, 2, 27, 119, 2761 }, // U+203C
    { 17, 29, 288, 0, 28, 124, 2880 }, // U+203D
    { 19, 4, 304, 0, 33, 19, 3004 }, // U+203E
    { 21, 8, 368, 1, -1, 42, 3023 }, // U+203F
    { 21, 8, 368, 1, 30, 42, 3065 }, // U+2040
    { 14, 24, 256, 1, 15, 84, 3107 }, // U+2041
    { 42, 35, 688, 0, 29, 368, 3191 }, // U+2042
    { 10, 5, 192, 2, 13, 13, 3559 }, // U+2043
    { 19, 27, 80, -7, 27, 129, 3572 }, // U+2044
    { 9, 33, 208, 3, 27, 75, 3701 }, // U+2045
    { 9, 33, 208, 1, 27, 75, 3776 }, // U+2046
    { 35, 29, 576, 0, 28, 254, 3851 }, // U+2047
    { 27, 29, 464, 0, 28, 196, 4105 }, // U+2048
    { 26, 29, 464, 2, 28, 189, 4301 }, // U+2049
    { 18, 21, 352, 2, 21, 95, 4490 }, // U+204A
    { 19, 34, 400, 3, 29, 162, 4585 }, // U+204B
    { 20, 19, 400, 2, 21, 95, 4747 }, // U+204C
    { 20, 19, 400, 3, 21, 95, 4842 }, // U+204D
    { 19, 18, 336, 1, 10, 86, 4937 }, // U+204E
    { 8, 26, 176, 2, 21, 52, 5023 }, // U+204F
    { 21, 39, 368, 1, 30, 205, 5075 }, // U+2050
    { 19, 37, 336, 1, 29, 176, 5280 }, // U+2051
    { 16, 28, 256, 0, 28, 112, 5456 }, // U+2052
    { 35, 6, 608, 2, 14, 53, 5568 }, // U+2053
    { 21, 8, 368, 1, -1, 42, 5621 }, // U+2054
    { 19, 19, 336, 1, 19, 91, 5663 }, // U+2055
    { 18, 29, 352, 2, 28, 131, 5754 }, // U+2056
    { 34, 10, 576, 2, 27, 85, 5885 }, // U+2057
    { 29, 29, 528, 2, 28, 211, 5970 }, // U+2058
    { 29, 29, 528, 2, 28, 211, 6181 }, // U+2059
    { 7, 28, 176, 2, 28, 49, 6392 }, // U+205A
    { 22, 30, 416, 2, 30, 165, 6441 }, // U+205B
    { 30, 29, 512, 1, 28, 218, 6606 }, // U+205C
    { 7, 30, 176, 2, 29, 53, 6824 }, // U+205D
    { 7, 29, 176, 2, 28, 51, 6877 }, // U+205E
    { 1, 1, 128, 0, 1, 1, 6928 }, // U+205F
    { 1, 1, 368, 0, 1, 1, 6929 }, // U+2060
    { 1, 1, 368, 0, 1, 1, 6930 }, // U+2061
    { 1, 1, 368, 0, 1, 1, 6931 }, // U+2062
    { 1, 1, 368, 0, 1, 1, 6932 }, // U+2063
    { 1, 1, 368, 0, 1, 1, 6933 }, // U+2064
    { 1, 1, 0, 0, 1, 1, 6934 }, // U+2066
    { 1, 1, 0, 0, 1, 1, 6935 }, // U+2067
    { 1, 1, 0, 0, 1, 1, 6936 }, // U+2068
    { 1, 1, 0, 0, 1, 1, 6937 }, // U+2069
    { 8, 31, 0, -4, 26, 62, 6938 }, // U+206A
    { 8, 31, 0, -4, 26, 62, 7000 }, // U+206B
    { 8, 31, 0, -4, 26, 62, 7062 }, // U+206C
    { 8, 31, 0, -4, 26, 62, 7124 }, // U+206D
    { 8, 31, 0, -4, 26, 62, 7186 }, // U+206E
    { 8, 31, 0, -4, 26, 62, 7248 }, // U+206F
    { 13, 17, 224, 1, 32, 56, 0 }, // U+2070
    { 4, 17, 112, 2, 28, 17, 56 }, // U+2071
    { 14, 16, 224, 0, 32, 56, 73 }, // U+2074
    { 11, 17, 224, 2, 32, 47, 129 }, // U+2075
    { 13, 17, 224, 1, 32, 56, 176 }, // U+2076
    { 13, 16, 224, 1, 32, 52, 232 }, // U+2077
    { 13, 17, 224, 1, 32, 56, 284 }, // U+2078
    { 13, 17, 224, 1, 32, 56, 340 }, // U+2079
    { 11, 11, 224, 1, 28, 31, 396 }, // U+207A
    { 11, 3, 224, 1, 24, 9, 427 }, // U+207B
    { 11, 7, 224, 1, 26, 20, 436 }, // U+207C
    { 7, 21, 144, 2, 34, 37, 456 }, // U+207D
    { 7, 21, 144, 0, 34, 37, 493 }, // U+207E
    { 12, 13, 256, 2, 24, 39, 530 }, // U+207F
    { 13, 17, 224, 1, 11, 56, 569 }, // U+2080
    { 10, 16, 224, 1, 11, 40, 625 }, // U+2081
    { 12, 16, 224, 1, 11, 48, 665 }, // U+2082
    { 12, 17, 224, 1, 11, 51, 713 }, // U+2083
    { 14, 16, 224, 0, 11, 56, 764 }, // U+2084
    { 11, 17, 224, 2, 11, 47, 820 }, // U+2085
    { 13, 17, 224, 1, 11, 56, 867 }, // U+2086
    { 13, 16, 224, 1, 11, 52, 923 }, // U+2087
    { 13, 17, 224, 1, 11, 56, 975 }, // U+2088
    { 13, 17, 224, 1, 11, 56, 1031 }, // U+2089
    { 11, 11, 224, 1, 8, 31, 1087 }, // U+208A
    { 11, 3, 224, 1, 4, 9, 1118 }, // U+208B
    { 11, 7, 224, 1, 6, 20, 1127 }, // U+208C
    { 7, 21, 144, 2, 13, 37, 1147 }, // U+208D
    { 7, 21, 144, 0, 13, 37, 1184 }, // U+208E
    { 12, 13, 240, 1, 9, 39, 1221 }, // U+2090
    { 13, 13, 240, 1, 9, 43, 1260 }, // U+2091
    { 13, 13, 240, 1, 9, 43, 1303 }, // U+2092
    { 14, 13, 224, 0, 9, 46, 1346 }, // U+2093
    { 13, 13, 240, 1, 9, 43, 1392 }, // U+2094
    { 12, 18, 256, 2, 14, 54, 1435 }, // U+2095
    { 13, 18, 240, 2, 14, 59, 1489 }, // U+2096
    { 4, 18, 112, 2, 14, 18, 1548 }, // U+2097
    { 20, 13, 384, 2, 9, 65, 1566 }, // U+2098
    { 12, 13, 256, 2, 9, 39, 1631 }, // U+2099
    { 12, 18, 256, 2, 9, 54, 1670 }, // U+209A
    { 10, 13, 192, 1, 9, 33, 1724 }, // U+209B
    { 9, 15, 160, 1, 11, 34, 1757 }, // U+209C
    { 20, 28, 352, 1, 28, 140, 0 }, // U+20A0
    { 21, 31, 368, 1, 29, 163, 140 }, // U+20A1
    { 20, 28, 352, 1, 28, 140, 303 }, // U+20A2
    { 19, 27, 352, 1, 27, 129, 443 }, // U+20A3
    { 19, 28, 352, 2, 28, 133, 572 }, // U+20A4
    { 31, 29, 592, 3, 25, 225, 705 }, // U+20A5
    { 21, 27, 352, 0, 27, 142, 930 }, // U+20A6
    { 29, 27, 544, 3, 27, 196, 1072 }, // U+20A7
    { 31, 27, 560, 3, 27, 210, 1268 }, // U+20A8
    { 28, 27, 448, 0, 27, 189, 1478 }, // U+20A9
    { 29, 27, 560, 3, 27, 196, 1667 }, // U+20AA
    { 22, 35, 400, 2, 29, 193, 1863 }, // U+20AB
    { 20, 27, 352, 1, 27, 135, 2056 }, // U+20AC
    { 22, 27, 352, 0, 27, 149, 2191 }, // U+20AD
    { 20, 27, 352, 1, 27, 135, 2340 }, // U+20AE
    { 36, 37, 608, 1, 28, 333, 2475 }, // U+20AF
    { 21, 37, 368, 0, 28, 195, 2808 }, // U+20B0
    { 22, 27, 352, 0, 27, 149, 3003 }, // U+20B1
    { 22, 32, 448, 2, 29, 176, 3152 }, // U+20B2
    { 25, 27, 400, 0, 27, 169, 3328 }, // U+20B3
    { 21, 28, 352, 0, 28, 147, 3497 }, // U+20B4
    { 21, 32, 384, 2, 29, 168, 3644 }, // U+20B5
    { 24, 25, 416, 1, 25, 150, 3812 }, // U+20B6
    { 25, 31, 448, 1, 28, 194, 3962 }, // U+20B7
    { 20, 27, 352, 1, 27, 135, 4156 }, // U+20B8
    { 18, 27, 352, 2, 27, 122, 4291 }, // U+20B9
    { 21, 27, 352, 0, 27, 142, 4413 }, // U+20BA
    { 30, 28, 496, 0, 28, 210, 4555 }, // U+20BB
    { 29, 27, 528, 2, 27, 196, 4765 }, // U+20BC
    { 22, 27, 368, 0, 27, 149, 4961 }, // U+20BD
    { 26, 29, 480, 2, 29, 189, 5110 }, // U+20BE
    { 18, 35, 352, 3, 31, 158, 5299 }, // U+20BF
    { 16, 28, 320, 2, 21, 112, 5457 }, // U+20C0
    { 18, 4, 352, 2, 15, 18, 0 }, // U+2212
    { 30, 29, 464, 1, 29, 218, 0 }, // U+FB00
    { 22, 29, 416, 1, 29, 160, 218 }, // U+FB01
    { 22, 29, 416, 1, 29, 160, 378 }, // U+FB02
    { 37, 29, 656, 1, 29, 269, 538 }, // U+FB03
    { 37, 29, 656, 1, 29, 269, 807 }, // U+FB04
    { 26, 29, 480, 3, 29, 189, 1076 }, // U+FB05
    { 32, 29, 560, 2, 29, 232, 1265 }, // U+FB06
    { 34, 35, 608, 2, 29, 298, 0 }, // U+FFFD
};

static const EpdUnicodeInterval notosans_18_boldIntervals[] = {
    { 0x0, 0x0, 0x0 },
    { 0xD, 0xD, 0x1 },
    { 0x20, 0x7E, 0x2 },
    { 0xA0, 0x17F, 0x61 },
    { 0x1A0, 0x1A1, 0x141 },
    { 0x1AF, 0x1B0, 0x143 },
    { 0x1C4, 0x21F, 0x145 },
    { 0x300, 0x36F, 0x1A1 },
    { 0x400, 0x4FF, 0x211 },
    { 0x1EA0, 0x1EF9, 0x311 },
    { 0x2000, 0x2064, 0x36B },
    { 0x2066, 0x2071, 0x3D0 },
    { 0x2074, 0x208E, 0x3DC },
    { 0x2090, 0x209C, 0x3F7 },
    { 0x20A0, 0x20C0, 0x404 },
    { 0x2212, 0x2212, 0x425 },
    { 0xFB00, 0xFB06, 0x426 },
    { 0xFFFD, 0xFFFD, 0x42D },
};

static const EpdFontGroup notosans_18_boldGroups[] = {
    { 0, 2297, 11580, 97, 0 },
    { 2297, 2210, 13990, 96, 97 },
    { 4507, 2702, 21657, 128, 193 },
    { 7209, 2811, 19760, 96, 321 },
    { 10020, 824, 2823, 112, 417 },
    { 10844, 6929, 46586, 256, 529 },
    { 17773, 1941, 19047, 90, 785 },
    { 19714, 1553, 7862, 111, 875 },
    { 21267, 425, 2032, 42, 986 },
    { 21692, 1320, 5963, 33, 1028 },
    { 23012, 7, 20, 1, 1061 },
    { 23019, 250, 1595, 7, 1062 },
    { 23269, 119, 315, 1, 1069 },
};

static const uint16_t notosans_18_boldKernLeftCodepoints[] = {
    0x0022, 0x0026, 0x0027, 0x0028, 0x002C, 0x002D, 0x002E, 0x003A, 0x0041, 0x0042, 0x0043, 0x0044,
    0x0045, 0x0046, 0x004B, 0x004C, 0x004F, 0x0050, 0x0051, 0x0052, 0x0054, 0x0055, 0x0056, 0x0057,
    0x0058, 0x0059, 0x005A, 0x005B, 0x005F, 0x0061, 0x0062, 0x0063, 0x0065, 0x0066, 0x0068, 0x006D,
    0x006E, 0x006F, 0x0070, 0x0072, 0x0074, 0x0076, 0x0077, 0x0078, 0x0079, 0x007B, 0x00A1, 0x00AB,
    0x00BB, 0x00BF, 0x00C0, 0x00C1, 0x00C2, 0x00C3, 0x00C4, 0x00C5, 0x00C6, 0x00C7, 0x00C8, 0x00C9,
    0x00CA, 0x00CB, 0x00D0, 0x00D2, 0x00D3, 0x00D4, 0x00D5, 0x00D6, 0x00D8, 0x00D9, 0x00DA, 0x00DB,
    0x00DC, 0x00DD, 0x00DE, 0x00E0, 0x00E1, 0x00E2, 0x00E3, 0x00E4, 0x00E5, 0x00E6, 0x00E8, 0x00E9,
    0x00EA, 0x00EB, 0x00EE, 0x00EF, 0x00F0, 0x00F2, 0x00F3, 0x00F4, 0x00F5, 0x00F6, 0x00F8, 0x00FD,
    0x00FE, 0x00FF, 0x0100, 0x0101, 0x0102, 0x0103, 0x0104, 0x0105, 0x0106, 0x0108, 0x010A, 0x010C,
    0x010E, 0x010F, 0x0110, 0x0112, 0x0113, 0x0114, 0x0115, 0x0116, 0x0117, 0x0118, 0x0119, 0x011A,
    0x011B, 0x0125, 0x0129, 0x012B, 0x012E, 0x0136, 0x0138, 0x0139, 0x013B, 0x013D, 0x013E, 0x013F,
    0x0141, 0x0144, 0x0146, 0x0149, 0x014B, 0x014C, 0x014D, 0x014E, 0x014F, 0x0150, 0x0151, 0x0152,
    0x0153, 0x0155, 0x0157, 0x0159, 0x0162, 0x0163, 0x0164, 0x0165, 0x0166, 0x0167, 0x0168, 0x016A,
    0x016C, 0x016E, 0x0170, 0x0172, 0x0174, 0x0175, 0x0176, 0x0177, 0x0178, 0x0179, 0x017B, 0x017D,
    0x01A0, 0x01A1, 0x01AF, 0x01B0, 0x01FA, 0x01FB, 0x01FC, 0x01FD, 0x01FE, 0x020B, 0x021A, 0x021B,
    0x0400, 0x0401, 0x0402, 0x0403, 0x0404, 0x0405, 0x0409, 0x040A, 0x040B, 0x040C, 0x040E, 0x0410,
    0x0411, 0x0412, 0x0413, 0x0414, 0x0415, 0x0416, 0x0417, 0x041A, 0x041E, 0x0420, 0x0421, 0x0422,
    0x0423, 0x0424, 0x0425, 0x0426, 0x0429, 0x042A, 0x042C, 0x042D, 0x042E, 0x0430, 0x0431, 0x0432,
    0x0433, 0x0434, 0x0435, 0x0436, 0x0437, 0x0438, 0x0439, 0x043A, 0x043B, 0x043C, 0x043D, 0x043E,
    0x043F, 0x0440, 0x0441, 0x0442, 0x0443, 0x0444, 0x0445, 0x0446, 0x0447, 0x0448, 0x0449, 0x044A,
    0x044B, 0x044C, 0x044D, 0x044E, 0x044F, 0x0450, 0x0451, 0x0452, 0x0453, 0x0454, 0x0455, 0x0457,
    0x0458, 0x0459, 0x045A, 0x045B, 0x045C, 0x045D, 0x045E, 0x045F, 0x0460, 0x0461, 0x0462, 0x0463,
    0x0464, 0x0465, 0x0466, 0x0467, 0x0468, 0x0469, 0x046E, 0x0471, 0x0472, 0x0473, 0x0474, 0x0475,
    0x0476, 0x0477, 0x0478, 0x0479, 0x047A, 0x047B, 0x047C, 0x047D, 0x047E, 0x047F, 0x0480, 0x048A,
    0x048B, 0x048C, 0x048D, 0x048E, 0x048F, 0x0490, 0x0491, 0x0492, 0x0493, 0x0496, 0x0497, 0x0498,
    0x0499, 0x049A, 0x049B, 0x049C, 0x049D, 0x049E, 0x049F, 0x04A0, 0x04A1, 0x04A2, 0x04A3, 0x04A4,
    0x04A5, 0x04A9, 0x04AA, 0x04AB, 0x04AC, 0x04AD, 0x04AE, 0x04AF, 0x04B0, 0x04B1, 0x04B2, 0x04B3,
    0x04B4, 0x04B5, 0x04B6, 0x04B7, 0x04BC, 0x04BD, 0x04BE, 0x04BF, 0x04C1, 0x04C2, 0x04C5, 0x04C6,
    0x04C9, 0x04CA, 0x04CD, 0x04CE, 0x04D0, 0x04D1, 0x04D2, 0x04D3, 0x04D4, 0x04D5, 0x04D6, 0x04D7,
    0x04D8, 0x04D9, 0x04DA, 0x04DB, 0x04DC, 0x04DD, 0x04DE, 0x04DF, 0x04E3, 0x04E5, 0x04E6, 0x04E7,
    0x04E8, 0x04E9, 0x04EA, 0x04EB, 0x04EC, 0x04ED, 0x04EE, 0x04EF, 0x04F0, 0x04F1, 0x04F2, 0x04F3,
    0x04F5, 0x04F6, 0x04F7, 0x04F9, 0x04FA, 0x04FB, 0x04FC, 0x04FD, 0x04FE, 0x04FF, 0x1EA0, 0x1EA1,
    0x1EA2, 0x1EA3, 0x1EA4, 0x1EA5, 0x1EA6, 0x1EA7, 0x1EA8, 0x1EA9, 0x1EAA, 0x1EAB, 0x1EAC, 0x1EAD,
    0x1EAE, 0x1EAF, 0x1EB0, 0x1EB1, 0x1EB2, 0x1EB3, 0x1EB4, 0x1EB5, 0x1EB6, 0x1EB7, 0x1EB8, 0x1EB9,
    0x1EBA, 0x1EBB, 0x1EBC, 0x1EBD, 0x1EBE, 0x1EBF, 0x1EC0, 0x1EC1, 0x1EC2, 0x1EC3, 0x1EC4, 0x1EC5,
    0x1EC6, 0x1EC7, 0x1ECC, 0x1ECD, 0x1ECE, 0x1ECF, 0x1ED0, 0x1ED1, 0x1ED2, 0x1ED3, 0x1ED4, 0x1ED5,
    0x1ED6, 0x1ED7, 0x1ED8, 0x1ED9, 0x1EDA, 0x1EDB, 0x1EDC, 0x1EDD, 0x1EDE, 0x1EDF, 0x1EE0, 0x1EE1,
    0x1EE2, 0x1EE3, 0x1EE4, 0x1EE6, 0x1EE8, 0x1EE9, 0x1EEA, 0x1EEB, 0x1EEC, 0x1EED, 0x1EEE, 0x1EEF,
    0x1EF0, 0x1EF1, 0x1EF2, 0x1EF3, 0x1EF4, 0x1EF5, 0x1EF6, 0x1EF7, 0x1EF8, 0x1EF9, 0x2013, 0x2014,
    0x2015, 0x2018, 0x2019, 0x201A, 0x201C, 0x201D, 0x201E, 0x2039, 0x203A, 0xFB00,
};

static const uint8_t notosans_18_boldKernLeftClassIds[] = {
      1,   2,   1,   3,   4,   5,   4,   6,   7,   8,   9,  10,  11,  12,   9,  13,
     10,  14,  10,  15,  16,  17,  18,  18,   9,  19,  20,   3,  21,  22,  23,  24,
     23,  25,  22,  22,  22,  23,  23,  26,  24,  27,  27,  28,  27,   3,  29,  30,
     31,  32,   7,   7,   7,   7,   7,   7,  11,   9,  11,  11,  11,  11,  10,  10,
     10,  10,  10,  10,  10,  17,  17,  17,  17,  19,  14,  22,  22,  22,  22,  22,
     22,  23,  23,  23,  23,  23,  33,  33,  23,  23,  23,  23,  23,  23,  23,  27,
     23,  27,   7,  22,   7,  22,  34,  22,   9,   9,   9,   9,  10,  35,  10,  11,
     23,  11,  23,  11,  23,  11,  23,  11,  23,  22,  36,  33,  37,   9,  28,  13,
     13,  13,  35,  13,  13,  22,  22,  22,  22,  10,  23,  10,  23,  10,  23,  11,
     23,  26,  26,  26,  16,  24,  16,  38,  16,  24,  17,  17,  17,  17,  17,  17,
     18,  27,  19,  27,  19,  20,  20,  20,  39,  40,  41,  42,   7,  22,  11,  23,
     10,  33,  16,  24,  43,  43,  44,  45,  46,  47,  48,  48,  44,  49,  50,  51,
     52,  53,  45,  54,  43,  49,  53,  49,  55,  56,  46,  45,  50,  57,  49,  54,
     54,  48,  48,  55,  55,  58,  59,  60,  61,  62,  63,  64,  60,  65,  65,  64,
     65,  65,  65,  63,  65,  63,  66,  61,  67,  63,  64,  62,  65,  65,  62,  68,
     65,  68,  63,  63,  65,  63,  63,  69,  70,  66,  71,  72,  73,  68,  68,  74,
     64,  65,  67,  65,  55,  75,  76,  68,  46,  66,  51,  77,  51,  77,  78,  63,
     55,  63,  50,  75,  50,  75,  67,  67,  55,  63,  55,  63,  55,  75,  46,  54,
     62,  76,  68,  56,  63,  79,  80,  81,  82,  83,  84,  78,  60,  83,  84,  49,
     64,  49,  64,  49,  64,  54,  62,  81,  80,  63,  46,  66,  79,  80,  85,  86,
     85,  86,  83,  84,  54,  62,  54,  62,  87,  88,  87,  88,  49,  64,  54,  62,
     54,  62,  54,  62,  51,  58,  51,  58,  43,  88,  43,  88,  55,  63,  55,  63,
     49,  64,  78,  60,  65,  65,  55,  63,  55,  63,  55,  63,  55,  63,  50,  67,
     50,  67,  50,  67,  65,  79,  80,  65,  81,  82,  83,  84,  49,  84,   7,  22,
      7,  22,   7,  22,   7,  22,   7,  22,   7,  22,   7,  22,   7,  22,   7,  22,
      7,  22,   7,  22,   7,  22,  11,  23,  11,  23,  11,  23,  11,  23,  11,  23,
     11,  23,  11,  23,  11,  23,  10,  23,  10,  23,  10,  23,  10,  23,  10,  23,
     10,  23,  10,  23,  39,  40,  39,  40,  39,  40,  39,  40,  39,  40,  17,  17,
     41,  42,  41,  42,  41,  42,  41,  42,  41,  42,  19,  27,  19,  27,  19,  27,
     19,  27,   5,   5,   5,   1,   1,   4,   1,   1,   4,  30,  31,  25,
};

static const uint16_t notosans_18_boldKernRightCodepoints[] = {
    0x0021, 0x0022, 0x0026, 0x0027, 0x0029, 0x002C, 0x002D, 0x002E, 0x003A, 0x003B, 0x003F, 0x0041,
    0x0043, 0x0047, 0x0049, 0x004A, 0x004F, 0x0051, 0x0054, 0x0055, 0x0056, 0x0057, 0x0058, 0x0059,
    0x005A, 0x005D, 0x0061, 0x0062, 0x0063, 0x0064, 0x0065, 0x0066, 0x0067, 0x0068, 0x006A, 0x006B,
    0x006C, 0x006D, 0x006E, 0x006F, 0x0070, 0x0071, 0x0072, 0x0073, 0x0074, 0x0075, 0x0076, 0x0077,
    0x0078, 0x0079, 0x007A, 0x007D, 0x00AB, 0x00BB, 0x00C0, 0x00C1, 0x00C2, 0x00C3, 0x00C4, 0x00C5,
    0x00C6, 0x00C7, 0x00D2, 0x00D3, 0x00D4, 0x00D5, 0x00D6, 0x00D8, 0x00D9, 0x00DA, 0x00DB, 0x00DC,
    0x00DD, 0x00E0, 0x00E1, 0x00E2, 0x00E3, 0x00E4, 0x00E5, 0x00E6, 0x00E7, 0x00E8, 0x00E9, 0x00EA,
    0x00EB, 0x00F2, 0x00F3, 0x00F4, 0x00F5, 0x00F6, 0x00F8, 0x00F9, 0x00FA, 0x00FB, 0x00FC, 0x00FD,
    0x00FE, 0x00FF, 0x0100, 0x0101, 0x0102, 0x0103, 0x0104, 0x0105, 0x0106, 0x0107, 0x0108, 0x0109,
    0x010A, 0x010B, 0x010C, 0x010D, 0x010F, 0x0111, 0x0113, 0x0115, 0x0117, 0x0119, 0x011B, 0x011C,
    0x011D, 0x011E, 0x011F, 0x0120, 0x0121, 0x0122, 0x0123, 0x0125, 0x0127, 0x0129, 0x0137, 0x0138,
    0x013A, 0x013C, 0x013E, 0x0140, 0x0144, 0x0146, 0x014B, 0x014C, 0x014D, 0x014E, 0x014F, 0x0150,
    0x0151, 0x0152, 0x0153, 0x0155, 0x0157, 0x015B, 0x015F, 0x0162, 0x0163, 0x0164, 0x0165, 0x0166,
    0x0167, 0x0168, 0x0169, 0x016A, 0x016B, 0x016C, 0x016D, 0x016E, 0x016F, 0x0170, 0x0171, 0x0172,
    0x0173, 0x0174, 0x0175, 0x0176, 0x0177, 0x0178, 0x0179, 0x017A, 0x017B, 0x017C, 0x017D, 0x017E,
    0x01A0, 0x01A1, 0x01AF, 0x01B0, 0x01FA, 0x01FB, 0x01FC, 0x01FD, 0x01FE, 0x01FF, 0x0219, 0x021A,
    0x021B, 0x0402, 0x0404, 0x0405, 0x0408, 0x0409, 0x040B, 0x040E, 0x0410, 0x0414, 0x0416, 0x0417,
    0x041B, 0x041E, 0x0421, 0x0422, 0x0423, 0x0424, 0x0425, 0x0427, 0x042A, 0x042D, 0x042F, 0x0430,
    0x0431, 0x0432, 0x0433, 0x0434, 0x0435, 0x0436, 0x0437, 0x0438, 0x0439, 0x043A, 0x043B, 0x043C,
    0x043D, 0x043E, 0x043F, 0x0440, 0x0441, 0x0442, 0x0443, 0x0444, 0x0445, 0x0446, 0x0447, 0x0448,
    0x0449, 0x044A, 0x044B, 0x044C, 0x044D, 0x044E, 0x044F, 0x0450, 0x0451, 0x0452, 0x0453, 0x0454,
    0x0455, 0x0457, 0x0458, 0x0459, 0x045A, 0x045B, 0x045C, 0x045D, 0x045E, 0x045F, 0x0460, 0x0461,
    0x0462, 0x0465, 0x0466, 0x0467, 0x0469, 0x046D, 0x046E, 0x0470, 0x0472, 0x0473, 0x0474, 0x0475,
    0x0476, 0x0477, 0x0478, 0x0479, 0x047A, 0x047B, 0x047C, 0x047D, 0x047E, 0x047F, 0x0480, 0x0481,
    0x048B, 0x048C, 0x048D, 0x048F, 0x0491, 0x0492, 0x0495, 0x0496, 0x0497, 0x0498, 0x0499, 0x049B,
    0x049D, 0x049F, 0x04A0, 0x04A1, 0x04A3, 0x04A5, 0x04A7, 0x04A8, 0x04A9, 0x04AA, 0x04AB, 0x04AC,
    0x04AD, 0x04AE, 0x04AF, 0x04B0, 0x04B1, 0x04B2, 0x04B3, 0x04B4, 0x04B5, 0x04B6, 0x04B7, 0x04B8,
    0x04B9, 0x04BB, 0x04BC, 0x04BD, 0x04BE, 0x04BF, 0x04C1, 0x04C2, 0x04C4, 0x04C5, 0x04C6, 0x04C8,
    0x04CA, 0x04CB, 0x04CC, 0x04CE, 0x04D0, 0x04D1, 0x04D2, 0x04D3, 0x04D4, 0x04D5, 0x04D7, 0x04D8,
    0x04D9, 0x04DA, 0x04DB, 0x04DC, 0x04DD, 0x04DE, 0x04DF, 0x04E3, 0x04E5, 0x04E6, 0x04E7, 0x04E8,
    0x04E9, 0x04EA, 0x04EB, 0x04EC, 0x04ED, 0x04EE, 0x04EF, 0x04F0, 0x04F1, 0x04F2, 0x04F3, 0x04F4,
    0x04F5, 0x04F7, 0x04F9, 0x04FA, 0x04FC, 0x04FD, 0x04FE, 0x04FF, 0x1EA0, 0x1EA1, 0x1EA2, 0x1EA3,
    0x1EA4, 0x1EA5, 0x1EA6, 0x1EA7, 0x1EA8, 0x1EA9, 0x1EAA, 0x1EAB, 0x1EAC, 0x1EAD, 0x1EAE, 0x1EAF,
    0x1EB0, 0x1EB1, 0x1EB2, 0x1EB3, 0x1EB4, 0x1EB5, 0x1EB6, 0x1EB7, 0x1EB9, 0x1EBB, 0x1EBD, 0x1EBF,
    0x1EC1, 0x1EC3, 0x1EC5, 0x1EC7, 0x1ECC, 0x1ECD, 0x1ECE, 0x1ECF, 0x1ED0, 0x1ED1, 0x1ED2, 0x1ED3,
    0x1ED4, 0x1ED5, 0x1ED6, 0x1ED7, 0x1ED8, 0x1ED9, 0x1EDA, 0x1EDB, 0x1EDC, 0x1EDD, 0x1EDE, 0x1EDF,
    0x1EE0, 0x1EE1, 0x1EE2, 0x1EE3, 0x1EE4, 0x1EE5, 0x1EE6, 0x1EE7, 0x1EE8, 0x1EE9, 0x1EEA, 0x1EEB,
    0x1EEC, 0x1EED, 0x1EEE, 0x1EEF, 0x1EF0, 0x1EF1, 0x1EF2, 0x1EF4, 0x1EF5, 0x1EF6, 0x1EF7, 0x1EF8,
    0x1EF9, 0x2013, 0x2014, 0x2015, 0x2018, 0x2019, 0x201A, 0x201C, 0x201D, 0x201E, 0x2026, 0x2039,
    0x203A, 0xFB00, 0xFB01, 0xFB02, 0xFB03, 0xFB04,
};

static const uint8_t notosans_18_boldKernRightClassIds[] = {
      1,   2,   3,   2,   4,   5,   6,   5,   7,   7,   8,   9,  10,  10,  11,  12,
     10,  10,  13,  14,  15,  15,  16,  17,  18,   4,  19,  20,  21,  21,  21,  22,
     23,  20,  24,  20,  20,  25,  25,  21,  25,  21,  25,  26,  22,  25,  27,  27,
     27,  27,  28,   4,  29,  30,   9,   9,   9,   9,   9,   9,  31,  10,  10,  10,
     10,  10,  10,  10,  14,  14,  14,  14,  17,  21,  19,  19,  19,  19,  19,  19,
     21,  21,  21,  21,  21,  21,  21,  21,  21,  21,  21,  25,  25,  25,  25,  27,
     20,  27,   9,  19,   9,  19,   9,  19,  10,  21,  10,  21,  10,  21,  10,  21,
     21,  21,  21,  21,  21,  21,  21,  10,  23,  10,  23,  10,  23,  10,  23,  20,
     32,  33,  20,  25,  20,  20,  20,  20,  25,  25,  25,  10,  21,  10,  21,  10,
     21,  10,  21,  25,  25,  26,  26,  13,  22,  13,  22,  13,  22,  14,  25,  14,
     25,  14,  25,  14,  25,  14,  25,  14,  25,  15,  27,  17,  27,  17,  18,  28,
     18,  28,  18,  28,  10,  21,  14,  25,   9,  19,  31,  19,  10,  21,  26,  13,
     22,  34,  35,  36,  37,  38,  34,  39,  40,  41,  42,  43,  38,  35,  35,  34,
     39,  44,  42,  45,  34,  43,  46,  47,  48,  49,  49,  50,  51,  52,  53,  49,
     49,  49,  54,  49,  49,  51,  49,  49,  51,  55,  56,  51,  52,  49,  57,  49,
     49,  55,  49,  49,  53,  49,  58,  51,  51,  59,  49,  51,  60,  61,  62,  54,
     49,  59,  49,  49,  56,  49,  63,  64,  65,  66,  40,  50,  66,  66,  43,  45,
     63,  47,  67,  64,  67,  64,  63,  47,  63,  47,  63,  47,  63,  64,  63,  47,
     66,  65,  59,  66,  66,  65,  66,  42,  52,  43,  53,  66,  66,  59,  68,  55,
     66,  66,  66,  63,  47,  63,  47,  34,  55,  69,  70,  69,  70,  42,  52,  68,
     55,  45,  57,  45,  57,  66,  71,  72,  71,  72,  42,  52,  66,  73,  50,  66,
     66,  45,  57,  66,  40,  74,  40,  74,  40,  74,  47,  75,  74,  75,  74,  42,
     52,  43,  53,  49,  49,  63,  47,  63,  47,  63,  47,  43,  53,  39,  56,  39,
     56,  39,  56,  45,  57,  66,  49,  65,  42,  52,  42,  52,   9,  19,   9,  19,
      9,  19,   9,  19,   9,  19,   9,  19,   9,  19,   9,  19,   9,  19,   9,  19,
      9,  19,   9,  19,  21,  21,  21,  21,  21,  21,  21,  21,  10,  21,  10,  21,
     10,  21,  10,  21,  10,  21,  10,  21,  10,  21,  10,  21,  10,  21,  10,  21,
     10,  21,  10,  21,  14,  25,  14,  25,  14,  25,  14,  25,  14,  25,  14,  25,
     14,  25,  17,  17,  27,  17,  27,  17,  27,   6,   6,   6,  76,   2,   5,  76,
      2,   5,   5,  29,  30,  22,  22,  22,  22,  22,
};

static const uint16_t notosans_18_boldKernRowOffsets[] = {
        0,    29,    32,    37,    54,    61,    66,    72,    73,    75,    82,    83,    87,    93,   100,   101,
      117,   119,   130,   143,   145,   146,   147,   150,   151,   154,   159,   162,   163,   167,   173,   182,
      186,   187,   193,   200,   202,   203,   208,   214,   217,   227,   230,   231,   244,   269,   275,   277,
      288,   303,   332,   351,   353,   357,   369,   385,   402,   420,   426,   438,   446,   457,   469,   481,
      493,   495,   499,   511,   529,   535,   549,   553,   557,   559,   564,   566,   573,   581,   584,   609,
      616,   632,   635,   640,   642,   654,   656,   659,   662,
};

static const uint8_t notosans_18_boldKernSparseCols[] = {
      8,  12,  14,  16,  18,  20,  22,  24,  25,  30,  32,  33,  37,  38,  39,  40,
     41,  43,  46,  49,  52,  53,  54,  55,  58,  60,  67,  72,  73,  12,  14,  16,
     11,  23,  36,  43,  61,   9,  12,  13,  14,  16,  33,  36,  38,  43,  44,  54,
     56,  62,  66,  67,  68,  70,  12,  33,  38,  41,  51,  54,  67,  33,  41,  43,
     44,  56,   1,   9,  11,  12,  14,  16,   4,   9,  28,   4,   8,  12,  14,  15,
     16,  17,  11,   3,   4,   7,   8,   1,   9,  12,  13,  14,  16,   2,   4,   8,
     15,  17,  28,  30,  28,   2,   4,   5,   7,   8,   9,  12,  18,  20,  22,  24,
     25,  26,  27,  28,  29,   4,   8,   4,   7,   8,   9,  18,  20,  22,  24,  25,
     28,  29,   2,   4,   7,   8,   9,  18,  20,  22,  24,  25,  27,  28,  29,   9,
     28,  11,   1,   1,  26,  27,   1,   1,   3,   4,   1,   4,  18,  20,  22,   1,
      4,   7,  20,  11,  12,  14,  16,  12,  14,  16,  33,  39,  67,  12,  14,  15,
     16,  33,  38,  41,  44,  67,  11,  12,  14,  16,   3,   1,   9,  11,  12,  14,
     16,   0,   1,   3,   7,  19,  31,  75,   3,  32,  11,   0,   1,   3,   7,  75,
      8,  10,  12,  14,  15,  16,  19,  21,  26,   8,   9,  10,  12,  14,  15,  16,
     18,  20,  22,  19,  21,  26,  36,   1,  33,  38,  44,  54,  55,  56,  64,  66,
     67,  68,  69,  75,   1,   4,   5,   6,  29,  33,  34,  37,  39,  40,  43,  46,
     47,  48,  49,  50,  51,  52,  53,  54,  55,  56,  57,  59,  67,  28,  34,  43,
     56,  62,  70,   4,  43,   1,   4,  33,  38,  44,  51,  54,  55,  57,  67,  75,
      1,   5,   6,  28,  34,  43,  44,  46,  47,  50,  54,  55,  56,  62,  70,   1,
      4,   5,   6,  28,  29,  34,  35,  37,  39,  40,  43,  45,  46,  47,  48,  49,
     50,  51,  52,  53,  56,  57,  58,  59,  62,  70,  71,  72,   1,  29,  33,  34,
     36,  38,  43,  44,  50,  54,  55,  56,  64,  66,  67,  68,  70,  74,  75,  51,
     55,   3,  51,  56,  57,   4,  36,  37,  40,  43,  44,  49,  53,  54,  55,  56,
     61,   4,  33,  37,  38,  39,  40,  41,  42,  49,  51,  53,  57,  66,  67,  68,
     72,   4,   5,   6,  28,  29,  37,  38,  39,  40,  41,  43,  46,  49,  50,  53,
     57,  72,   1,   3,   4,   6,  33,  35,  37,  38,  39,  40,  41,  42,  45,  49,
     51,  53,  57,  67,   1,  33,  38,  51,  54,  55,   1,  33,  38,  39,  41,  45,
     49,  51,  54,  55,  56,  57,   3,  33,  38,  41,  45,  51,  54,  55,   1,   4,
      5,  37,  39,  40,  41,  49,  50,  53,  75,   1,   4,  33,  36,  37,  40,  44,
     49,  53,  54,  56,  61,   1,  33,  38,  39,  41,  45,  49,  51,  54,  55,  56,
     57,   5,  33,  34,  38,  43,  44,  46,  50,  56,  57,  71,  75,  33,  58,   1,
     33,  50,  57,   1,   4,  37,  39,  40,  41,  46,  49,  50,  53,  57,  75,   1,
      6,  33,  38,  39,  41,  43,  44,  45,  51,  54,  55,  56,  57,  63,  69,  71,
     75,   1,  33,  36,  54,  55,  61,   1,   4,   5,  37,  38,  39,  40,  41,  49,
     50,  53,  58,  60,  75,  33,  38,  45,  57,   1,  33,  58,  60,  36,  61,   1,
     33,  36,  54,  55,   4,  49,   1,  33,  44,  54,  66,  67,  68,   1,  46,  54,
     55,  56,  63,  69,  71,   4,  66,  68,   4,   5,  28,  29,  33,  34,  37,  39,
     40,  43,  46,  49,  51,  52,  54,  55,  56,  62,  63,  65,  69,  70,  71,  72,
     73,   4,   5,  39,  46,  49,  50,  53,   4,   5,  33,  39,  46,  49,  51,  52,
     56,  58,  62,  65,  67,  70,  71,  72,   4,  46,  49,  54,  56,  62,  70,  71,
     46,  56,   4,  39,  46,  49,  56,  58,  62,  65,  71,  72,  73,  74,   4,  49,
     33,  66,  68,   1,  51,  55,
};

static const int8_t notosans_18_boldKernSparseValues[] = {
     -43,   12,   12,    6,  -24,  -36,  -18,  -18,  -18,  -49,   43,   12,  -18,   12,  -43,  -36,
      12,   -6,  -24,  -43,   12,  -30,   18,   12,   18,   18,   12,  -36,  -12,  -36,  -12,  -18,
      55,   24,   61,  -18,   36,  -30,  -43,  -12,  -36,  -36,  -30,   36,  -12,  -24,  -49,  -24,
     -36,  -30,  -36,  -43,  -36,  -36,  -24,  -24,  -12,   -6,   -6,  -12,  -24,   -7,   -2,   -2,
      -2,   -2,  -43,  -12,   30,  -43,  -24,  -36,   -6,  -12,  -12,  -24,  -12,  -18,   -6,  -12,
      -6,   -6,   36,   12,  -36,   12,  -12,  -49,  -12,  -12,   -6,  -12,  -18,   -6,  -79,  -30,
     -12,   -6,  -12,  -18,   -6,  -12,  -36,  -24,   12,  -43,  -12,   12,  -49,  -43,  -43,  -30,
     -36,  -12,  -24,  -36,  -18,  -12,   -6,  -30,   12,  -24,   -6,  -12,  -12,   -6,   -6,   -6,
     -18,   -6,  -18,  -36,   12,  -36,  -12,  -30,  -30,  -30,  -18,  -24,  -12,  -49,  -18,   -6,
     -12,   58,   -6,   -6,  -12,   -6,   12,   36,   24,  -12,   24,  -97,  -12,  -12,   -6,   24,
     -24,   12,  -12,   30,  -12,   -6,  -18,  -18,   -6,  -18,  -18,   -6,   -6,  -36,  -18,  -12,
     -49,  -36,  -12,  -12,  -12,  -24,   61,  -24,  -18,  -24,   30,  -43,  -12,   67,  -43,  -24,
     -36,   71,   64,   88,   81,   18,   43,   57,   30,   72,   30,   80,   81,   99,   85,   57,
     -12,   12,   36,   43,   30,   36,   12,   24,   30,  -18,   -6,   12,   43,   43,   30,   36,
     -18,  -12,  -12,   12,   30,   30,   30,  -43,  -30,  -12,  -18,  -12,  -12,  -12,  -12,  -24,
     -36,  -30,  -12,  -18,   12,  -30,  -24,  -18,  -18,   12,  -12,  -15,  -43,  -15,  -21,  -24,
     -12,  -18,  -24,  -24,   -6,   -6,  -18,   -6,   -5,  -18,  -24,  -12,    6,  -12,  -12,  -18,
     -12,  -12,  -12,  -12,   -6,  -55,   -6,  -36,  -12,  -18,  -12,  -12,  -12,  -12,  -18,  -36,
      12,   -6,   -6,  -12,  -12,  -24,   -6,   -6,  -12,  -12,   -6,   -6,  -12,  -12,  -30,   12,
     -43,  -12,   -6,  -30,  -12,  -24,  -12,  -47,  -73,  -64,  -18,  -22,  -30,  -24,   -6,  -57,
     -44,  -18,  -12,  -30,  -12,  -30,   30,  -18,   -6,  -12,  -18,  -30,  -43,   -6,  -43,  -12,
      30,  -11,  -21,  -36,   -6,  -18,  -12,  -18,  -12,  -24,  -30,  -36,  -30,   -6,  -24,   -6,
      -6,   -6,   -6,   -9,   -6,   18,   55,   18,   24,   -6,  -15,   18,   18,   -6,   18,  -12,
      43,  -24,  -12,   -6,  -24,  -12,   -6,  -12,   -6,   -6,   -9,   -6,   -6,   -6,   -6,   -6,
     -12,  -79,   -6,   -6,  -12,   -6,  -36,  -12,  -30,  -36,  -12,   -6,  -15,  -30,   -6,  -24,
      -6,  -36,   -6,   -7,  -24,   -6,  -21,   -6,  -12,  -18,  -21,  -18,  -24,  -18,   -6,  -15,
      -9,   -9,   -6,  -12,   -6,  -24,  -21,  -12,   -6,   -6,   -4,  -36,  -22,   -6,  -18,  -12,
      -6,  -12,   -6,  -18,   -6,   -6,   -2,  -18,   -6,   -6,   -6,  -12,   -6,   -6,   18,  -24,
     -12,  -12,  -18,  -18,   -6,  -24,   -6,  -18,   24,   -6,   12,  -18,   61,   12,   18,   -9,
      12,   15,   -9,  -18,   36,   -4,  -24,  -22,   -6,  -12,  -12,   -6,  -12,   -6,  -18,   -6,
      -6,   -6,   -6,   -9,   -6,   -9,   -6,  -12,  -12,  -12,   -6,  -12,   18,  -18,   -1,   12,
     -12,   -6,   -6,   12,  -24,  -12,  -12,  -18,   -6,   -6,  -30,  -18,  -30,  -18,   24,  -49,
      -6,  -36,  -12,   -6,   -6,   -6,  -43,  -12,  -12,  -36,  -27,  -24,  -12,  -12,  -18,  -12,
     -18,   -6,  -24,   49,  -18,  -30,   12,   18,  -24,  -12,  -12,   15,  -18,  -18,   -6,  -24,
      -6,  -18,   15,   15,   24,  -12,  -18,   -6,  -12,   18,   12,   26,   10,   18,   12,   -6,
     -24,   24,  -18,  -30,  -24,  -12,  -24,  -24,  -24,  -12,  -18,  -12,  -18,  -43,  -12,  -30,
     -18,  -18,  -12,  -12,  -12,  -24,   -6,   -6,  -36,  -24,  -36,  -18,   12,  -12,  -24,  -43,
     -30,  -18,  -43,  -36,  -12,  -12,  -24,  -24,  -30,  -12,  -12,  -30,  -24,  -30,  -43,  -30,
     -49,  -30,  -12,  -18,   -6,  -24,   -6,  -18,  -30,  -12,   12,  -36,  -24,  -30,  -12,  -12,
     -30,   12,  -12,  -18,   12,  -12,  -18,  -24,  -18,  -12,  -18,  -12,  -30,  -12,  -30,  -12,
      -6,   -6,  -36,  -36,  -30,  -30,  -24,   12,  -12,  -18,  -24,  -24,  -24,   -6,  -24,   -6,
     -12,   -6,   -6,   -6,  -12,   -6,
};

static const EpdLigaturePair notosans_18_boldLigaturePairs[] = {
    { 0x00660066, 0xFB00 }, // f f -> U+FB00
    { 0x00660069, 0xFB01 }, // f i -> U+FB01
    { 0x0066006C, 0xFB02 }, // f l -> U+FB02
    { 0xFB000069, 0xFB03 }, // U+FB00 i -> U+FB03
    { 0xFB00006C, 0xFB04 }, // U+FB00 l -> U+FB04
};

static const EpdFontData notosans_18_bold = {
    notosans_18_boldBitmaps,
    notosans_18_boldGlyphs,
    notosans_18_boldIntervals,
    18,
    52,
    41,
    -12,
    true,
    notosans_18_boldGroups,
    13,
    nullptr,
    nullptr,  // kernLeftClasses: built-in fonts use the split arrays below
    nullptr,  // kernRightClasses
    notosans_18_boldKernLeftCodepoints,
    notosans_18_boldKernLeftClassIds,
    notosans_18_boldKernRightCodepoints,
    notosans_18_boldKernRightClassIds,
    nullptr,  // kernMatrix: built-in fonts use the sparse form below
    notosans_18_boldKernRowOffsets,
    notosans_18_boldKernSparseCols,
    notosans_18_boldKernSparseValues,
    478,
    474,
    88,
    76,
    notosans_18_boldLigaturePairs,
    5,
};
